統一編號,公司名稱,公司所在地,代表人,資本額,核准設立日期,核准變更日期,案由或變更事項,營業項目,縣市,清冊,期別
00555089,星辰精選工作室,新北市淡水區新民街316號5樓,楊博亘,240000,,115/03/04,外縣市遷入,F106020 日常用品批發業；F116010 照相器材批發業；F119010 電子材料批發業；F199990 其他批發業；F205040 家具、寢具、廚房器具、裝設品零售業；F206020 日常用品零售業；F213010 電器零售業；F216010 照相器材零售業；F299990 其他零售業；F399040 無店面零售業；F401010 國際貿易業；ZZ99999 除許可業務外，得經營法令非禁止或限制之業務,新北市,變更,11503
00611786,日安國際企業社,新北市土城區青雲路269巷22號4樓,尤志晏,200000,,115/03/27,外縣市遷入,HZ99990 其他金融、保險及不動產業；I102010 一般投資顧問業；E801010 室內裝潢業；J101010 建築物清潔服務業；JZ99050 仲介服務業；F201020 畜產品零售業；F201030 水產品零售業；F206010 五金零售業；F211010 建材零售業；F205040 家具、寢具、廚房器具、裝設品零售業；F201010 農產品零售業；F206020 日常用品零售業；F208040 化粧品零售業；F207030 清潔用品零售業；F203010 食品什貨、飲料零售業；F204110 布疋、衣著、鞋、帽、傘、服飾品零售業；F201050 漁具零售業；F202010 飼料零售業；F399040 無店面零售業；F401010 國際貿易業；ZZ99999 除許可業務外，得經營法令非禁止或限制之業務；JE01010 租賃業,新北市,變更,11503
01092533,新雨出版社,新北市三重區重安街102號8樓115年03月,王膺廷,300000,,115/03/31,負責人變更,J304010 圖書出版業；C701010 印刷業；C703010 印刷品裝訂及加工業；F109070 文教、樂器、育樂用品批發業；F209060 文教、樂器、育樂用品零售業；F399040 無店面零售業；F601010 智慧財產權業；IZ99990 其他工商服務業；F401010 國際貿易業；ZZ99999 除許可業務外，得經營法令非禁止或限制之業務,新北市,變更,11503
01511944,嶸和工程行,新北市林口區文化二路1段250號6樓,詹孟都,200000,,115/03/25,負責人住居所變更,E801020 門窗安裝工程業；E801040 玻璃安裝工程業；E903010 防蝕、防銹工程業；F111090 建材批發業；E801010 室內裝潢業；ZZ99999 除許可業務外，得經營法令非禁止或限制之業務,新北市,變更,11503
01903499,巨佳食品行,新北市樹林區博愛街64號,李雄陽,30000,,115/03/18,其他,F301030 一般百貨業；F203010 食品、飲料零售業；IZ14021 公益彩券經銷業,新北市,變更,11503
02113058,弘亞實業社,新北市五股區水碓路13號8樓,柳金城,200000,,115/03/03,其他,E801020 門窗安裝工程業；E801030 室內輕鋼架工程業,新北市,變更,11503
02120889,良美農產商行,新北市中和區員山路148巷23弄50號7樓,詹雯婷,50000,,115/03/09,轉讓登記,ZZ99999 除許可業務外，得經營法令非禁止或限制之業務；I501010 產品設計業；I599990 其他設計業；F201010 農產品零售業；F201020 畜產品零售業；F201030 水產品零售業,新北市,變更,11503
02174441,富川刀具行,新北市三重區三和路4段390巷39號1樓,鍾鎮宇,48000,,115/03/04,轉讓登記,F106010 五金批發業；F206010 五金零售業,新北市,變更,11503
02189726,皇昌商店,新北市三重區中央南路４８號１樓115年03月,侯雅芳,30000,,115/03/23,繼承登記,F106020 家庭日常用品批發業；F203020 菸酒零售業；F206020 家庭日常用品零售業；F301030 一般百貨業,新北市,變更,11503
02207528,大全省廣告事業社,新北市三重區民生街61巷6弄6號(1樓) 115年03月,林國三,1045000,,115/03/04,所營業務變更,CA02990 其他金屬製品製造業；CC01010 發電﹑輸電﹑配電機械製造業；CC01020 電線及電纜製造業；CC01030 電器及視聽電子產品製造業；CC01040 照明設備製造業；CC01060 有線通信機械器材製造業；CC01070 無線通信機械器材製造業；CC01080 電子零組件製造業；CC01090 電池製造業；CC01110 電腦及其週邊設備製造業；CC01120 資料儲存媒體製造及複製業；CC01990 其他電機及電子機械器材製造業；CD01030 汽車及其零件製造業；CD01040 機車及其零件製造業；CD01050 自行車及其零件製造業；CD01990 其他運輸工具及其零件製造業；CE01010 一般儀器製造業；CE01030 光學儀器製造業；CE01990 其他光學及精密器械製造業；CQ01010 模具製造業；CZ99990 未分類其他工業製品製造業；D101060 再生能源自用發電設備業；E599010 配管工程業；E601010 電器承裝業；E601020 電器安裝業；E603040 消防安全設備安裝工程業；E603050 自動控制設備工程業；E603080 交通號誌安裝工程業；E603090 照明設備安裝工程業；E603100 電焊工程業；E603110 冷作工程業；E604010 機械安裝業；E605010 電腦設備安裝業；E701010 電信工程業；E701020 衛星電視ＫＵ頻道、Ｃ頻道器材安裝業；E701030 電信管制射頻器材裝設工程業；E701040 簡易電信設備安裝業；E801010 室內裝潢業；E801020 門窗安裝工程業；E801040 玻璃安裝工程業；E901010 油漆工程業；E903010 防蝕、防銹工程業；EZ05010 儀器、儀表安裝工程業；EZ06010 交通標示工程業；EZ14010 運動場地用設備工程業；EZ99990 其他工程業；F104110 布疋、衣著、鞋、帽、傘、服飾品批發業；F106010 五金批發業；F106020 日常用品批發業；F106030 模具批發業；F106040 水器材料批發業；F106050 陶瓷玻璃器皿批發業；F106060 寵物食品及其用品批發業；F108040 化粧品批發業；F109070 文教、樂器、育樂用品批發業；F111090 建材批發業；F113010 機械批發業；F113020 電器批發業；F113030 精密儀器批發業；F113050 電腦及事務性機器設備批發業；F113060 度量衡器批發業；F113070 電信器材批發業；F113090 交通標誌器材批發業；F113100 污染防治設備批發業；F113110 電池批發業；F113990 其他機械器具批發業；F114010 汽車批發業；F114020 機車批發業；F114030 汽、機車零件配備批發業；F114040 自行車及其零件批發業；F114990 其他交通運輸工具及其零件批發業；F116010 照相器材批發業；F117010 消防安全設備批發業；F118010 資訊軟體批發業；F119010 電子材料批發業；F120010 耐火材料批發業；F199990 其他批發業；F201990 其他農畜水產品零售業；F202010 飼料零售業；F203010 食品什貨、飲料零售業；F204110 布疋、衣著、鞋、帽、傘、服飾品零售業；F205040 家具、寢具、廚房器具、裝設品零售業；F206010 五金零售業；F206020 日常用品零售業；F206030 模具零售業；F206040 水器材料零售業；F206050 寵物食品及其用品零售業；F209060 文教、樂器、育樂用品零售業；F211010 建材零售業；F213010 電器零售業；F213030 電腦及事務性機器設備零售業；F213040 精密儀器零售業；F213050 度量衡器零售業；F213060 電信器材零售業；F213080 機械器具零售業；F213090 交通標誌器材零售業；F213100 污染防治設備零售業；F213110 電池零售業,新北市,變更,11503
02211038,億安企業社,新北市三重區龍濱路120之1號5樓,林秋豪,48000,,115/03/02,轉讓登記,F111990 其他建材批發業；F211010 建材零售業,新北市,變更,11503
02257054,新藝種苗園,新北市淡水區學府路4之3號4樓,何柏萱,40000,,115/03/09,轉讓登記,F101081 種苗批發業；F101100 花卉批發業；F101990 其他農、畜、水產品批發業；F201061 種苗零售業；F201070 花卉零售業；F201990 其他農畜水產品零售業,新北市,變更,11503
02339268,力宇起重工程行,新北市新店區安忠路57巷26弄62號4樓,周俊吉,230000,,115/03/04,所在地變更,E801010 室內裝潢業；E801020 門窗安裝工程業；E801040 玻璃安裝工程業；EZ02010 起重工程業,新北市,變更,11503
02381429,家億企業社,新北市深坑區文化街38之1號2樓,廖沛妤,248000,,115/03/02,負責人改名,F106010 五金批發業；F106020 日常用品批發業；F107010 漆料、塗料批發業；F107170 工業助劑批發業；F111090 建材批發業；F206010 五金零售業；F206020 日常用品零售業；F207010 漆料、塗料零售業；F207170 工業助劑零售業；F211010 建材零售業；ZZ99999 除許可業務外，得經營法令非禁止或限制之業務,新北市,變更,11503
02383496,榮記筒仔米糕,新北市板橋區四維路153號,張順源,200000,,115/03/27,所在地變更,F501060 餐館業,新北市,變更,11503
02383926,海昇企業社,新北市板橋區大同街35巷13號(1樓),李俊毅,200000,,115/03/26,所在地變更,J101010 建築物清潔服務業；J101990 其他環境衛生及污染防治服務業；ZZ99999 除許可業務外，得經營法令非禁止或限制之業務,新北市,變更,11503
02384707,秉承企業社,新北市三重區安慶街136號115年03月,李浚耀,216000,,115/03/13,所營業務變更,F113010 機械批發業；F213080 機械器具零售業；CB01010 機械設備製造業；IZ99990 其他工商服務業；I199990 其他顧問服務業；ZZ99999 除許可業務外，得經營法令非禁止或限制之業務；IZ12010 人力派遣業,新北市,變更,11503
02409714,安嵐商行,新北市板橋區文聖街61號(1樓),蔡旻丞,100000,,115/03/02,名稱變更,F501060 餐館業；F203010 食品什貨、飲料零售業；F203020 菸酒零售業；F501030 飲料店業；ZZ99999 除許可業務外，得經營法令非禁止或限制之業務,新北市,變更,11503
02414569,于森園藝企業社,新北市八里區龍米路1段386巷6號,林柏諺,230000,,115/03/13,增資變更,A102080 園藝服務業；A102050 作物栽培服務業；I504010 花藝設計業；F201070 花卉零售業；ZZ99999 除許可業務外，得經營法令非禁止或限制之業務；F101100 花卉批發業；F201010 農產品零售業；EZ99990 其他工程業；F207050 肥料零售業；F399040 無店面零售業；I199990 其他顧問服務業；F401010 國際貿易業,新北市,變更,11503
02440692,蘆洲酒條通企業社,新北市蘆洲區長安街55號,余奇姝,180000,,115/03/24,轉讓登記,F203010 食品什貨、飲料零售業；F203020 菸酒零售業,新北市,變更,11503
02450473,良友工程行,新北市樹林區太順街96巷29號4樓,張秀勤,239999,,115/03/02,轉讓登記,E801010 室內裝潢業,新北市,變更,11503
02487921,旭恆企業社,新北市新莊區後港一路94巷1弄4號2樓,蔡毓津,2000000,,115/03/17,增資變更,CA01020 鋼鐵軋延及擠型業；CA01050 鋼材二次加工業；CA01100 鋁材軋延、伸線、擠型業；CA01130 銅材軋延、伸線、擠型業；CA01160 鎂材軋延、伸線、擠型業；CA02010 金屬結構及建築組件製造業；CA02030 螺絲、螺帽、螺絲釘、及鉚釘等製品製造業；CA02050 閥類製造業；CA02060 金屬容器製造業；CA02080 金屬鍛造業；CA02090 金屬線製品製造業；CA02990 其他金屬製品製造業；CB01010 機械設備製造業；CB01990 其他機械製造業；CP01010 手工具製造業；F106010 五金批發業；F106030 模具批發業；F113010 機械批發業；F206010 五金零售業；F206030 模具零售業；F213080 機械器具零售業,新北市,變更,11503
08566562,順正五金行,新北市土城區中央路１段１７２號,楊昭慶,45000,,115/03/06,轉讓登記,F106010 五金批發業；F206010 五金零售業,新北市,變更,11503
08571538,紫雲花藝,新北市板橋區光武街110巷18弄2號3樓115年03月,蘇慧珍,35000,,115/03/02,所在地變更,F101100 花卉批發業；F201070 花卉零售業,新北市,變更,11503
09613016,興記蛋行,新北市新店區新和街94號,吳弦晉,200000,,115/03/10,所在地變更,F201010 農產品零售業；F201020 畜產品零售業；F203010 食品什貨、飲料零售業；F203020 菸酒零售業；F206020 日常用品零售業；F207030 清潔用品零售業,新北市,變更,11503
09620831,寶山金屬工程行,新北市新店區安興路125之11號,陳明宏,200000,,115/03/24,所在地變更,E603100 電焊工程業（赴客戶處現場作業）；E801020 門窗安裝工程業（赴客戶處現場作業）；E801040 玻璃安裝工程業（赴客戶處現場作業）；EZ02010 起重工程業（赴客戶處現場作業）,新北市,變更,11503
09645328,旗峰工程行,新北市三重區永福街179巷32號9樓,朱麗華,200000,,115/03/18,轉讓登記,EZ02010 起重工程業,新北市,變更,11503
09695585,松明工程行,新北市板橋區華興里貴興路106巷13號6樓,廖秋月,380000,,115/03/09,負責人變更,E801010 室內裝潢業；E599010 配管工程業；E901010 油漆工程業；I503010 景觀、室內設計業；EZ02010 起重工程業；EZ06010 交通標示工程業；EZ07010 鑽孔工程業；EZ08010 測量工程業；EZ11010 球場跑道樹脂材料鋪設工程業；E603040 消防安全設備安裝工程業；JE01010 租賃業；F111090 建材批發業,新北市,變更,11503
09905409,文銘實業社,新北市土城區金城路3段116巷11弄4號,王宏文,150000,,115/03/16,所在地變更,J101030 廢棄物清除業,新北市,變更,11503
10033515,旺財小吃店,新北市土城區裕民路200號,蔡承恩,550000,,115/03/04,增資變更,F501060 餐館業,新北市,變更,11503
10501159,元長環保企業社,新北市新莊區萬安街30巷1號5樓,陳燦玟,490000,,115/03/31,轉讓登記,J101080 資源回收業；F106010 五金批發業；F199010 回收物料批發業；F401010 國際貿易業；C805990 其他塑膠製品製造業；C805030 塑膠日用品製造業；C805050 工業用塑膠製品製造業；ZZ99999 除許可業務外，得經營法令非禁止或限制之業務；J101030 廢棄物清除業；J101040 廢棄物處理業,新北市,變更,11503
10530936,圳岸腳停車場,新北市樹林區三俊街159巷4號(2樓),陳心胤,70000,,115/03/17,所在地變更,G202010 停車場經營業,新北市,變更,11503
10540012,舒芬曼工作室,新北市新店區北新路3段130號1樓115年03月,蘇鳳玲,200000,,115/03/13,所營業務變更,F208040 化粧品零售業；F206020 日常用品零售業；JZ99080 美容美髮服務業；ZZ99999 除許可業務外，得經營法令非禁止或限制之業務,新北市,變更,11503
10611091,微微音樂餐廳,新北市永和區永貞路１７７號（１樓）,連美玲,60000,,115/03/19,所營業務變更,F203010 食品什貨、飲料零售業；F203020 菸酒零售業；F501030 飲料店業；F501060 餐館業,新北市,變更,11503
10627018,樟樹正峰商行,新北市汐止區中興路62號(1樓),余奇姝,100000,,115/03/24,轉讓登記,F203010 食品什貨、飲料零售業；F203020 菸酒零售業,新北市,變更,11503
10644831,觀音山地骨露企業社,新北市林口區四維路112號1樓之1,黃尚文,100000,,115/03/25,繼承登記,F203010 食品什貨、飲料零售業,新北市,變更,11503
10650967,志伶美式餐坊,新北市中和區民享街６５號,程建淞,200000,,115/03/12,轉讓登記,F501030 飲料店業；F501060 餐館業,新北市,變更,11503
10659685,毅誠水電行,新北市新店區華潭街1巷51號(1樓),陳巨政,200000,,115/03/13,外縣市遷入,F106010 五金批發業；F206010 五金零售業；F106040 水器材料批發業；F206040 水器材料零售業；F111090 建材批發業；F211010 建材零售業；F113020 電器批發業；F213010 電器零售業；E599010 配管工程業；E601020 電器安裝業；E604010 機械安裝業；E801010 室內裝潢業；E801070 廚具、衛浴設備安裝工程業；E603090 照明設備安裝工程業；F399990 其他綜合零售業；ZZ99999 除許可業務外，得經營法令非禁止或限制之業務,新北市,變更,11503
10685277,峽都商行,新北市三峽區和平街４０號,陳錦蘭,150000,,115/03/31,繼承登記,F501030 飲料店業；F203010 食品什貨、飲料零售業,新北市,變更,11503
10693826,妙豐企業社,新北市淡水區沙崙路181巷6弄10號5樓,蔡素美,200000,,115/03/03,所在地變更,F102170 食品什貨批發業；F108040 化粧品批發業；F109070 文教、樂器、育樂用品批發業；F107030 清潔用品批發業；F209060 文教、樂器、育樂用品零售業；F208040 化粧品零售業；F207030 清潔用品零售業；F201010 農產品零售業；F203010 食品什貨、飲料零售業,新北市,變更,11503
13371150,淡水老街滬尾餅舖,新北市淡水區中正路８５號（１樓）,劉銘桐,120000,,115/03/05,轉讓登記,F203010 食品、飲料零售業,新北市,變更,11503
13695427,阿春美食,新北市烏來區烏來街１０９號（１樓）115年03月,劉俐芳,200000,,115/03/04,轉讓登記,F501030 飲料店業；F501060 餐館業,新北市,變更,11503
13780253,旺泰企業社,新北市泰山區錢厝坑1之4號,李銘森,200000,,115/03/02,所營業務變更,E605010 電腦設備安裝業；F118010 資訊軟體批發業；F218010 資訊軟體零售業；I301010 資訊軟體服務業；I301020 資料處理服務業；I301030 電子資訊供應服務業；JE01010 租賃業；F501030 飲料店業；F111090 建材批發業；F211010 建材零售業；I503010 景觀、室內設計業；EZ99990 其他工程業；EZ02010 起重工程業；F113990 其他機械器具批發業；F114990 其他交通運輸工具及其零件批發業；F213990 其他機械器具零售業；F214990 其他交通運輸工具及其零件零售業；ZZ99999 除許可業務外，得經營法令非禁止或限制之業務,新北市,變更,11503
14265121,木棉美容院,新北市泰山區明志路２段５４號１樓115年03月,蘇孟卉,10000,,115/03/02,轉讓登記,JZ99080 美容美髮服務業；F207030 清潔用品零售業,新北市,變更,11503
14496100,丞鈞企業社,新北市三峽區中山路184巷1弄7號10樓,潘麗容,200000,,115/03/20,所營業務變更,F106010 五金批發業；F114030 汽、機車零件配備批發業；J101030 廢棄物清除業；J101040 廢棄物處理業；J101080 資源回收業；F401010 國際貿易業；F199010 回收物料批發業；A102080 園藝服務業；A101030 特用作物栽培業；A102050 作物栽培服務業；A102020 農產品整理業；A101050 花卉栽培業；A101020 農作物栽培業；A102060 糧商業；A199990 其他農業；F201010 農產品零售業；F201070 花卉零售業；F207050 肥料零售業；F206010 五金零售業；F206020 日常用品零售業；F206040 水器材料零售業；F207040 農藥零售業；F106050 陶瓷玻璃器皿批發業；F206030 模具零售業；F104110 布疋、衣著、鞋、帽、傘、服飾品批發業；F204110 布疋、衣著、鞋、帽、傘、服飾品零售業；F105050 家具、寢具、廚房器具、裝設品批發業；F205040 家具、寢具、廚房器具、裝設品零售業；F106020 日常用品批發業；F108031 醫療器材批發業；F208031 醫療器材零售業；F113070 電信器材批發業；F213060 電信器材零售業；F109070 文教、樂器、育樂用品批發業；F209060 文教、樂器、育樂用品零售業；F399040 無店面零售業；F399990 其他綜合零售業；ZZ99999 除許可業務外，得經營法令非禁止或限制之業務,新北市,變更,11503
14496306,欣五洲彈簧企業社,新北市蘆洲區中山二路196巷11號115年03月,鄧吉釧,200000,,115/03/31,繼承登記,F106010 五金批發業；F199990 其他批發業（彈簧批發）；F206010 五金零售業；F299990 其他零售業（彈簧零售）,新北市,變更,11503
14652495,欣東林汽車材料行,新北市土城區德峯街2巷21號13樓,陳繼鴻,200000,,115/03/30,所在地變更,F114030 汽、機車零件配備批發業；F214030 汽、機車零件配備零售業；F214050 車胎零售業；F214010 汽車零售業；JA01990 其他汽車服務業；F113990 其他機械器具批發業；F114040 自行車及其零件批發業；F114050 車胎批發業；F213010 電器零售業；F213080 機械器具零售業；F213990 其他機械器具零售業；F214040 自行車及其零件零售業；F401010 國際貿易業；JA02030 自行車修理業；ZZ99999 除許可業務外，得經營法令非禁止或限制之業務,新北市,變更,11503
14883778,金治室內設計工作室,新北市板橋區民族路230號,林金杏,200000,,115/03/31,名稱變更,E801010 室內裝潢業；E801030 室內輕鋼架工程業；E801040 玻璃安裝工程業；I503010 景觀設計業,新北市,變更,11503
15545705,世瑋工程行,新北市五股區新城一路49號6樓,葉澤誠,200000,,115/03/19,所在地變更,F211010 建材零售業（現場不堆置）；E599010 配管工程業（赴客戶處現場作業）；E801010 室內裝潢業；E901010 油漆工程業（赴客戶處現場作業）；F206040 水器材料零售業,新北市,變更,11503
17043432,禾豐果菜行,新北市板橋區民生路1段7號14樓之1,王宇承,200000,,115/03/17,所在地變更,F201010 農產品零售業,新北市,變更,11503
17043448,素茵果菜行,新北市板橋區民生路1段7號14樓之1,李素茵,200000,,115/03/18,所在地變更,F201010 農產品零售業（蔬菜水果）；A101020 農作物栽培業；A101030 特用作物栽培業；A101040 食用菌菇類栽培業；A102020 農產品整理業；A102050 作物栽培服務業；F101040 家畜家禽批發業；F101050 水產品批發業；F101130 蔬果批發業；F101990 其他農、畜、水產品批發業；F102170 食品什貨批發業；F201020 畜產品零售業；F201030 水產品零售業；F201990 其他農畜水產品零售業；F221010 食品添加物零售業；F401010 國際貿易業,新北市,變更,11503
17278232,長溢螺絲五金實業社,新北市三重區自強路３段７６巷２３號３樓（現場僅供辦公室使用）115年03月,吳信忠,45000,,115/03/02,轉讓登記,F106010 五金批發業；F113010 機械批發業；F114030 汽、機車零件配備批發業（舊貨除外）；F119010 電子材料批發業；F401010 國際貿易業,新北市,變更,11503
17440657,喜市餐食企業社,新北市土城區中央路２段１１４號,洪文福,200000,,115/03/24,出資額變更,F501060 餐館業；F203010 食品什貨、飲料零售業；F203020 菸酒零售業,新北市,變更,11503
17446527,旺旺雲滇風味麵館,新北市永和區得和路１０８號１樓,申光鳳,200000,,115/03/06,名稱變更,F501060 餐館業,新北市,變更,11503
17634529,僑偉建材行,新北市三重區自強路３段５４號１樓,蔡琳華,200000,,115/03/11,所營業務變更,F111010 木材批發業；F111080 門窗建材批發業；F211010 建材零售業；F106010 五金批發業；F111090 建材批發業；F106040 水器材料批發業；F107010 漆料、塗料批發業；F117010 消防安全設備批發業；F120010 耐火材料批發業；F206010 五金零售業；F207010 漆料、塗料零售業；F206040 水器材料零售業；F217010 消防安全設備零售業；F220010 耐火材料零售業；E801010 室內裝潢業；E801020 門窗安裝工程業；E801030 室內輕鋼架工程業；E801040 玻璃安裝工程業；E801070 廚具、衛浴設備安裝工程業；E901010 油漆工程業；E601020 電器安裝業；E599010 配管工程業；E603040 消防安全設備安裝工程業；E603050 自動控制設備工程業；E603090 照明設備安裝工程業；EZ05010 儀器、儀表安裝工程業；EZ15010 保溫、保冷安裝工程業；EZ07010 鑽孔工程業；E603010 電纜安裝工程業；EZ99990 其他工程業；F399990 其他綜合零售業；ZZ99999 除許可業務外，得經營法令非禁止或限制之業務,新北市,變更,11503
17807248,力慈工程行,新北市泰山區美寧街57巷35弄11號2樓,劉力誠,200000,,115/03/12,轉讓登記,E801010 室內裝潢業；E801020 門窗安裝工程業；E801030 室內輕鋼架工程業；E901010 油漆工程業；E701010 通信工程業,新北市,變更,11503
17823325,利得廣告社,新北市新莊區八德街78巷5號115年03月,沈玉玲,50000,,115/03/10,轉讓登記,I401010 一般廣告服務業,新北市,變更,11503
18065454,信泓工程行,新北市五股區中興路3段1之9號,黃于珊,500000,,115/03/13,所營業務變更,F111090 建材批發業；J101030 廢棄物清除業；J101040 廢棄物處理業；J101990 其他環境衛生及污染防治服務業；JE01010 租賃業；F211010 建材零售業；A102080 園藝服務業；E801010 室內裝潢業；EZ99990 其他工程業；I503010 景觀設計業；IZ12010 人力派遣業；J101010 建築物清潔服務業；J101080 資源回收業；J101120 營建混合物分類處理業；ZZ99999 除許可業務外，得經營法令非禁止或限制之業務,新北市,變更,11503
18076017,東立汽車商行,新北市蘆洲區民族路１７９號,鄭朝宏,100000,,115/03/16,轉讓登記,F114010 汽車批發業（中古車除外）；F114020 機車批發業（中古車除外）；F114030 汽、機車零件配備批發業；F114050 車胎批發業；F401010 國際貿易業,新北市,變更,11503
18412362,深白色工作室,新北市板橋區中山路1段293之1號13樓之1,簡孟頤,200000,,115/03/12,所營業務變更,J305010 有聲出版業；J602010 演藝活動業；F601010 智慧財產權業；I401010 一般廣告服務業；F209060 文教、樂器、育樂用品零售業；F213010 電器零售業,新北市,變更,11503
19432078,政龍油漆工程行,新北市樹林區潭興街17號6樓,徐雪玲,200000,,115/03/03,所在地變更,E901010 油漆工程業；E903010 防蝕、防銹工程業；E801010 室內裝潢業；E603120 噴砂工程業,新北市,變更,11503
19749977,全德汽車商行,新北市永和區成功路2段148號,黃至玄,100000,,115/03/03,所在地變更,JA01010 汽車修理業；JA01990 其他汽車服務業；F114030 汽、機車零件配備批發業；F214030 汽、機車零件配備零售業；ZZ99999 除許可業務外，得經營法令非禁止或限制之業務,新北市,變更,11503
19751467,金德旺興業社,新北市板橋區新海路394巷5號5樓,賴俊宏,200000,,115/03/31,所營業務變更,F109070 文教、樂器、育樂用品批發業；C601030 紙容器製造業；C701010 印刷業；ZZ99999 除許可業務外，得經營法令非禁止或限制之業務,新北市,變更,11503
19874398,瑞豐電料行,新北市板橋區大勇街16號,田銘淵,200000,,115/03/24,所在地變更,F206040 水器材料零售業；F213010 電器零售業,新北市,變更,11503
20026106,咖啡妹飲料店,新北市淡水區竹圍里民族路43號1樓,余依芃,50000,,115/03/12,轉讓登記,F501030 飲料店業,新北市,變更,11503
21545181,泰和珍小吃店,新北市新莊區公園路78號(1樓),秦寶珠,100000,,115/03/09,負責人住居所變更,F501060 餐館業；F501030 飲料店業,新北市,變更,11503
21567184,勝全企業行,新北市五股區成泰路３段７５號１樓115年03月,邱文凱,200000,,115/03/24,轉讓登記,F214030 汽、機車零件配備零售業；F214050 車胎零售業,新北市,變更,11503
21588857,威得美髮造型名店,新北市三重區溪尾街222號,李珮寧,50000,,115/03/24,轉讓登記,JZ99080 美容美髮服務業；F207030 清潔用品零售業；F208040 化粧品零售業,新北市,變更,11503
25547180,琪銘企業社,新北市淡水區新春街65巷61號9樓,高銘甫,200000,,115/03/26,所在地變更,F399010 便利商店業；ZZ99999 除許可業務外，得經營法令非禁止或限制之業務,新北市,變更,11503
25574453,象徵精品店,新北市汐止區新台五路1段77號20樓之3,黃凡恩,2000000,,115/03/17,所在地變更,F104110 布疋、衣著、鞋、帽、傘、服飾品批發業；F110010 鐘錶批發業；F110020 眼鏡批發業；F115010 首飾及貴金屬批發業；F204110 布疋、衣著、鞋、帽、傘、服飾品零售業；F210010 鐘錶零售業；F210020 眼鏡零售業；F215010 首飾及貴金屬零售業；F401010 國際貿易業；F399040 無店面零售業,新北市,變更,11503
25583642,彤格精品店,新北市蘆洲區中華街37號,張純寧,7000000,,115/03/23,增資變更,F204110 布疋、衣著、鞋、帽、傘、服飾品零售業；I502010 服飾設計業,新北市,變更,11503
26187873,概念美髮店,新北市新莊區新泰路295號2樓,郭雅琴,30000,,115/03/09,所營業務變更,F207030 清潔用品零售業；F208040 化粧品零售業；JZ99080 美容美髮服務業,新北市,變更,11503
26199907,阜聯廚具瓦斯器具企業社,新北市永和區仁愛路178號,陳吉安,100000,,115/03/06,所在地變更,F205040 家具、寢具、廚房器具、裝設品零售業；F105050 家具、寢具、廚房器具、裝設品批發業；E801070 廚具、衛浴設備安裝工程業；E603130 燃氣熱水器承裝業,新北市,變更,11503
26507876,仙斯行,新北市板橋區民生路3段251號,嚴可婷,1000000,,115/03/11,負責人住居所變更,F208040 化粧品零售業；F399040 無店面零售業；F401010 國際貿易業；F399990 其他綜合零售業；ZZ99999 除許可業務外，得經營法令非禁止或限制之業務；F203010 食品什貨、飲料零售業,新北市,變更,11503
26519042,威化髮藝店,新北市三重區文化南路8之4號115年03月,張瑋庭,50000,,115/03/26,所在地變更,JZ99080 美容美髮服務業；F207030 清潔用品零售業；F208040 化粧品零售業,新北市,變更,11503
26524734,頂成企業社,新北市泰山區義東街10號10樓,李錦昌,100000,,115/03/02,所在地變更,F105050 家具、寢具、廚房器具、裝設品批發業；F106010 五金批發業；F106020 日常用品批發業；F205040 家具、寢具、廚房器具、裝設品零售業；F206010 五金零售業；F206020 日常用品零售業；CA02990 其他金屬製品製造業；CN01010 家具及裝設品製造業；F401010 國際貿易業；ZZ99999 除許可業務外，得經營法令非禁止或限制之業務,新北市,變更,11503
26524740,老張牛肉麵商行,新北市土城區中央路2段189巷10號(1樓),吳桂蘭,6000,,115/03/02,轉讓登記,F501060 餐館業；F501030 飲料店業,新北市,變更,11503
26539103,創欣企業社,新北市泰山區德安街8號,湯家豪,200000,,115/03/03,轉讓登記,CA02990 其他金屬製品製造業；CN01010 家具及裝設品製造業；CZ99990 未分類其他工業製品製造業；E801070 廚具、衛浴設備安裝工程業；E801010 室內裝潢業；F105050 家具、寢具、廚房器具、裝設品批發業；F106010 五金批發業；F106020 日常用品批發業；F205040 家具、寢具、廚房器具、裝設品零售業；F206010 五金零售業；F206020 日常用品零售業；F401010 國際貿易業；I401010 一般廣告服務業；JB01010 會議及展覽服務業；JZ99090 喜慶綜合服務業；ZZ99999 除許可業務外，得經營法令非禁止或限制之業務,新北市,變更,11503
26543628,汎莎工作室,新北市鶯歌區國慶路58號,雷麗英,50000,,115/03/05,轉讓登記,JZ99080 美容美髮服務業；F208040 化粧品零售業,新北市,變更,11503
26545978,三井日式涮涮鍋,新北市泰山區仁義路13號1樓,章金鸞,200000,,115/03/03,轉讓登記,F501060 餐館業,新北市,變更,11503
26555617,好郁皂天然手作坊,新北市林口區文化二路1段551號12樓之6,彭文郁,10000,,115/03/12,所在地變更,F399040 無店面零售業；F207030 清潔用品零售業；F208040 化粧品零售業；F299990 其他零售業；C802100 化粧品製造業,新北市,變更,11503
26727436,沐司設計,新北市中和區連城路38之3號15樓115年03月,曾暐婷,10000,,115/03/03,所在地變更,F399040 無店面零售業；I599990 其他設計業；I401010 一般廣告服務業；I301030 電子資訊供應服務業；ZZ99999 除許可業務外，得經營法令非禁止或限制之業務,新北市,變更,11503
26752687,飛翎整體造型工作室,新北市蘆洲區信義路319巷10弄17號4樓,李隆偉,200000,,115/03/18,所營業務變更,I502010 服飾設計業；JZ99080 美容美髮服務業；ZZ99999 除許可業務外，得經營法令非禁止或限制之業務,新北市,變更,11503
29254896,富程工程行,新北市中和區中原二街28號18樓,簡瑞卿,200000,,115/03/06,所在地變更,E801010 室內裝潢業；I503010 景觀、室內設計業；E801020 門窗安裝工程業；E801030 室內輕鋼架工程業；E801070 廚具、衛浴設備安裝工程業；E603090 照明設備安裝工程業；E602010 冷凍、通風及空調工程業；E901010 油漆工程業；E201010 景觀工程業；J101010 建築物清潔服務業；E603050 自動控制設備工程業；EZ05010 儀器、儀表安裝工程業；J101090 廢棄物清理業,新北市,變更,11503
29315768,典鑫企業社,新北市板橋區民權路２０２巷１５弄９號,陳淑秋,200000,,115/03/18,轉讓登記,F106010 五金批發業；F106030 模具批發業；F113010 機械批發業；F206010 五金零售業；F206030 模具零售業,新北市,變更,11503
29335883,高藝電腦打字影印店,新北市淡水區北新路１８２巷５弄１１號１樓,張大為,100000,,115/03/24,其他,IZ01010 影印業；IZ02010 打字業,新北市,變更,11503
29343434,立泰設計企業社,新北市新莊區新樹路515之16號(1樓),黃偉波,200000,,115/03/26,名稱變更,I501010 產品設計業；I301010 資訊軟體服務業；F106030 模具批發業,新北市,變更,11503
29366689,阿賢起重行,新北市新店區北宜路2段82之3號3樓,簡文愷,200000,,115/03/23,轉讓登記,JE01010 租賃業（吊車）；EZ02010 起重工程業,新北市,變更,11503
29481442,本田企業社,新北市蘆洲區民權路61巷4弄5號(1樓),林鴻英,220000,,115/03/06,所在地變更,F106010 五金批發業；F106030 模具批發業；F113010 機械批發業；F401010 國際貿易業,新北市,變更,11503
30103926,雲吞王子壹號店,新北市板橋區光武街１號,楊時逢,20000,,115/03/06,轉讓登記,F501060 餐館業,新北市,變更,11503
30266771,品泉鈺家行,新北市三重區元信二街210號6樓,丁嘉儀,200000,,115/03/18,所在地變更,J101010 建築物清潔服務業；F206020 日常用品零售業；F207030 清潔用品零售業；F207190 塑膠膜、袋零售業；F209060 文教、樂器、育樂用品零售業；F501030 飲料店業；F501060 餐館業；F213030 電腦及事務性機器設備零售業,新北市,變更,11503
30278777,永浩溫洲大餛飩店,新北市中和區南華路10號,吳寶琴,150000,,115/03/10,轉讓登記,F501060 餐館業,新北市,變更,11503
30285931,千淇商行,新北市汐止區復興里復興路23號115年03月,詹羽涒,1000000,,115/03/02,負責人改名,F501030 飲料店業；F501050 飲酒店業；F501060 餐館業；ZZ99999 除許可業務外，得經營法令非禁止或限制之業務,新北市,變更,11503
30294713,大東北牛肉麵,新北市板橋區四維路115號1樓,鄭季平,100000,,115/03/04,其他,F501060 餐館業,新北市,變更,11503
30300145,安堂港式麻辣商行,新北市中和區興南路2段34巷16號(1樓),吳明堂,200000,,115/03/31,所在地變更,F501060 餐館業,新北市,變更,11503
30301995,亞帟彈簧床行,新北市三峽區三樹路54號,楊少凱,45000,,115/03/17,所在地變更,F205040 家具、寢具、廚房器具、裝設品零售業；ZZ99999 除許可業務外，得經營法令非禁止或限制之業務,新北市,變更,11503
30367406,鑫磊企業社,新北市蘆洲區永樂街38巷57弄5號3樓,王佳蓉,200000,,115/03/04,所在地變更,E801010 室內裝潢業；EZ99990 其他工程業（赴客戶處現場作業）,新北市,變更,11503
31448429,杰恆企業社,新北市三重區三民街２號,黃廖紅花,500000,,115/03/26,轉讓登記,F104110 布疋、衣著、鞋、帽、傘、服飾品批發業；F107030 清潔用品批發業；F108040 化粧品批發業；F113050 電腦及事務性機器設備批發業；F118010 資訊軟體批發業；F119010 電子材料批發業；F199990 其他批發業（貨櫃及特許業務除外）；F401010 國際貿易業；F204110 布疋、衣著、鞋、帽、傘、服飾品零售業；F207030 清潔用品零售業；F208040 化粧品零售業；F213030 電腦及事務性機器設備零售業；F219010 電子材料零售業；F299990 其他零售業（貨櫃及特許業務除外）,新北市,變更,11503
31488272,禾木果菜行,新北市板橋區民生路1段7號14樓之1,李素茵,100000,,115/03/17,所在地變更,F201010 農產品零售業,新北市,變更,11503
31681564,和穎小吃店,新北市三重區集英路67號(1樓),莊淑瑜,200000,,115/03/19,出資額變更,F501060 餐館業,新北市,變更,11503
31689622,阿香姊蔬果批發行,新北市板橋區長江路2段118巷16號,連秋香,200000,,115/03/16,復業,F201010 農產品零售業,新北市,變更,11503
31714615,明泰工程行,新北市三重區仁愛街697號3樓115年03月,李睿嶸,200000,,115/03/17,轉讓登記,E801010 室內裝潢業；F111090 建材批發業,新北市,變更,11503
31714880,聲意旺影音工作室,新北市板橋區廣和街33之10號19樓,高意雯,1200000,,115/03/27,轉讓登記,J503010 廣播節目製作業；J503020 電視節目製作業；J503030 廣播電視節目發行業；J503040 廣播電視廣告業；I301020 資料處理服務業；I301030 電子資訊供應服務業；J602010 演藝活動業；IZ12010 人力派遣業；JE01010 租賃業；JZ99030 攝影業；F204110 布疋、衣著、鞋、帽、傘、服飾品零售業；F216010 照相器材零售業；ZZ99999 除許可業務外，得經營法令非禁止或限制之業務,新北市,變更,11503
31717900,冠隆木業行,新北市中和區景新街338號12樓115年03月,吳庭宇,200000,,115/03/24,所在地變更,F106070 祭祀用品批發業；JZ99090 喜慶綜合服務業；I503010 景觀、室內設計業；I504010 花藝設計業；JZ99990 未分類其他服務業；F111090 建材批發業；F211010 建材零售業；F106020 日常用品批發業；F115020 礦石批發業；F401010 國際貿易業；F399040 無店面零售業；F199990 其他批發業；F104110 布疋、衣著、鞋、帽、傘、服飾品批發業；F101100 花卉批發業；F399990 其他綜合零售業；J701090 錄影節目帶播映業；ZZ99999 除許可業務外，得經營法令非禁止或限制之業務,新北市,變更,11503
31722565,謬思餐飲,新北市板橋區長江路2段126號115年03月,顏雪琦,200000,,115/03/12,名稱變更,F501060 餐館業；F203010 食品什貨、飲料零售業；F203020 菸酒零售業；F104110 布疋、衣著、鞋、帽、傘、服飾品批發業；F106040 水器材料批發業；F106050 陶瓷玻璃器皿批發業；F106060 寵物食品及其用品批發業；F107030 清潔用品批發業；F108040 化粧品批發業；F109070 文教、樂器、育樂用品批發業；F110010 鐘錶批發業；F110020 眼鏡批發業；F113020 電器批發業；F113060 度量衡器批發業；F113070 電信器材批發業；F113110 電池批發業；F116010 照相器材批發業；F119010 電子材料批發業；F204110 布疋、衣著、鞋、帽、傘、服飾品零售業；F206010 五金零售業；F206020 日常用品零售業；F206040 水器材料零售業；F209060 文教、樂器、育樂用品零售業；F213010 電器零售業；F301020 超級市場業；F399010 便利商店業；F399040 無店面零售業；F401010 國際貿易業；JA02010 電器及電子產品修理業；E605010 電腦設備安裝業；IG03010 能源技術服務業；ZZ99999 除許可業務外，得經營法令非禁止或限制之業務,新北市,變更,11503
31861622,諦盟工程行,新北市淡水區中山北路3段59之1號(1樓),施詠欽,200000,,115/03/10,所在地變更,E801010 室內裝潢業；E801020 門窗安裝工程業；E801040 玻璃安裝工程業；E901010 油漆工程業；EZ02010 起重工程業；IZ06010 理貨包裝業；F205040 家具、寢具、廚房器具、裝設品零售業；F206010 五金零售業；F401010 國際貿易業；F211010 建材零售業；J101010 建築物清潔服務業；J101020 病媒防治業；J101030 廢棄物清除業；J101040 廢棄物處理業；J101080 資源回收業；ZZ99999 除許可業務外，得經營法令非禁止或限制之業務；E599010 配管工程業；E601010 電器承裝業；E601020 電器安裝業；E801030 室內輕鋼架工程業；E801070 廚具、衛浴設備安裝工程業；EZ99990 其他工程業,新北市,變更,11503
33796943,富德食品行,新北市淡水區中正路292號,洪啓倫,5000,,115/03/10,繼承登記,F203010 食品、飲料零售業,新北市,變更,11503
33901375,長嘉雜貨商行,新北市板橋區龍興街73巷11號,江祐安,30000,,115/03/25,所在地變更,F203010 食品、飲料零售業；F206020 家庭日常用品零售業；F301030 一般百貨業,新北市,變更,11503
34059090,泰興捲門行,新北市泰山區明志路１段３２９號,黃綉娟,100000,,115/03/10,轉讓登記,F111080 門窗建材批發業；F211010 建材零售業,新北市,變更,11503
34252497,裕盛磨刀行,新北市中和區員山路581巷31弄8號,黃韋翔,5000,,115/03/04,所在地變更,JA02990 其他修理業；ZZ99999 除許可業務外，得經營法令非禁止或限制之業務,新北市,變更,11503
34518172,一信電器行,新北市樹林區俊英街133巷18號,簡清瑞,45000,,115/03/19,所在地變更,F213010 電器零售業；JA02010 電器修理業（赴客戶現場作業）,新北市,變更,11503
34754724,聚中企業社,新北市三峽區民生街146巷8號6樓之3,鄧沛函,200000,,115/03/05,轉讓登記,F111090 建材批發業；F211010 建材零售業；F401010 國際貿易業；I503010 景觀、室內設計業；F105050 家具、寢具、廚房器具、裝設品批發業；F205040 家具、寢具、廚房器具、裝設品零售業,新北市,變更,11503
34769212,宏陽實業社,新北市汐止區宜興街20巷5號115年03月,鄭吉祥,200000,,115/03/17,所在地變更,I503010 景觀、室內設計業；I501010 產品設計業；F111090 建材批發業；ZZ99999 除許可業務外，得經營法令非禁止或限制之業務,新北市,變更,11503
34770750,早安行動洗衣店,新北市永和區民樂街19號(1樓),顏廷皓,100000,,115/03/26,所在地變更,JA03010 洗衣業,新北市,變更,11503
34772856,米羅精品企業,新北市板橋區重慶路13巷2號2樓,陳秋桂,64000,,115/03/17,門牌整改編(行政公文),F204110 布疋、衣著、鞋、帽、傘、服飾品零售業；F208040 化粧品零售業,新北市,變更,11503
34776614,呷天下自助餐館,新北市三峽區文化路54號1樓,王震燦,60000,,115/03/06,名稱變更,F501060 餐館業；ZZ99999 除許可業務外，得經營法令非禁止或限制之業務,新北市,變更,11503
34780005,擇寧工程行,新北市泰山區泰林路2段442巷11號2樓,錢博鈞,200000,,115/03/09,所營業務變更,J101010 建築物清潔服務業；J101020 病媒防治業；J101050 環境檢測服務業；J101990 其他環境衛生及污染防治服務業；JE01010 租賃業；ZZ99999 除許可業務外，得經營法令非禁止或限制之業務；F111090 建材批發業；F211010 建材零售業；J101030 廢棄物清除業；J101040 廢棄物處理業；J101080 資源回收業,新北市,變更,11503
34781525,大同企業社,新北市汐止區忠三街9巷12號之1,陳錦賢,200000,,115/03/12,外縣市遷入,JA01010 汽車修理業；F214030 汽、機車零件配備零售業；ZZ99999 除許可業務外，得經營法令非禁止或限制之業務,新北市,變更,11503
36008625,幼新企業社,新北市新莊區富國路80號,龔來于,9000,,115/03/26,其他,F109030 運動器材批發業；F111010 木材批發業；F111080 門窗建材批發業；F209020 運動器材零售業；F211010 建材零售業,新北市,變更,11503
36078699,三榮紙器廠,新北市蘆洲區中山二路222巷21弄18號,吳文結,300000,,115/03/17,負責人住居所門牌整改編,C601030 紙容器製造業,新北市,變更,11503
36147324,鼎禾商行,新北市三重區力行路２段９巷３９號１樓,謝詠茵,45000,,115/03/05,復業,F501060 餐館業,新北市,變更,11503
36272981,大鋒水塔容器行,新北市泰山區福泰街24巷14弄10號,陳宗鴻,200000,,115/03/27,名稱變更,F106020 日常用品批發業；F106010 五金批發業；F106040 水器材料批發業；F206010 五金零售業；F206020 日常用品零售業；F206040 水器材料零售業；ZZ99999 除許可業務外，得經營法令非禁止或限制之業務,新北市,變更,11503
36273010,悦芬水果行,新北市三重區中正北路111號1樓115年03月,章菀庭,45000,,115/03/12,名稱變更,F101030 水果批發業；F201010 農產品零售業,新北市,變更,11503
36357263,偉益企業社,新北市蘆洲區民義街６１巷１號,陳信利,1045000,,115/03/13,所營業務變更,CA02030 螺絲、螺帽、螺絲釘、及鉚釘等製品製造業；CA02990 其他金屬製品製造業；CD01030 汽車及其零件製造業；F106010 五金批發業；F114030 汽、機車零件配備批發業；F206010 五金零售業；F214030 汽、機車零件配備零售業；ZZ99999 除許可業務外，得經營法令非禁止或限制之業務,新北市,變更,11503
37075404,清水街阿給,新北市淡水區清水街３０號,林明峰,1000,,115/03/24,名稱變更,F501990 其他餐飲業；F299990 其他零售業；F203010 食品什貨、飲料零售業,新北市,變更,11503
37509491,醫有堂藥局,新北市石門區中山路32之1號1樓,林憲蒲,10000,,115/03/25,轉讓登記,F208050 乙類成藥零售業,新北市,變更,11503
37796780,美雲精密企業社,新北市新莊區西盛街163號5樓,王天霖,7500000,,115/03/26,增資變更,F119010 電子材料批發業；F113020 電器批發業；F113070 電信器材批發業；F113050 電腦及事務性機器設備批發業；F401010 國際貿易業；CC01080 電子零組件製造業；CC01110 電腦及其週邊設備製造業；CC01070 無線通信機械器材製造業；CC01060 有線通信機械器材製造業；CC01030 電器及視聽電子產品製造業；CC01120 資料儲存媒體製造及複製業；CC01990 其他電機及電子機械器材製造業；ZZ99999 除許可業務外，得經營法令非禁止或限制之業務,新北市,變更,11503
37870280,宏新工程行,新北市三重區大仁街48巷26號4樓115年03月,張宏瑋,6700000,,115/03/16,所營業務變更,IZ12010 人力派遣業；E401010 疏濬業；E801010 室內裝潢業；E801030 室內輕鋼架工程業；EZ07010 鑽孔工程業；EZ99990 其他工程業；I503010 景觀設計業；F111090 建材批發業；B601010 土石採取業；E402010 沙石、淤泥海拋業；J101010 建築物清潔服務業；J101030 廢棄物清除業；J101040 廢棄物處理業；J101050 環境檢測服務業；J101060 廢（污）水處理業；J101080 資源回收業；J101090 廢棄物清理業；JE01010 租賃業；ZZ99999 除許可業務外，得經營法令非禁止或限制之業務；F206010 五金零售業；F211010 建材零售業,新北市,變更,11503
37872506,昱承園藝坊,新北市新莊區中信街109號5樓之1,蘇新芳,200000,,115/03/24,其他,A102080 園藝服務業；A101050 花卉栽培業；F101100 花卉批發業；F106050 陶瓷玻璃器皿批發業；F107050 肥料批發業；F201070 花卉零售業；F207050 肥料零售業；F299990 其他零售業；I504010 花藝設計業；ZZ99999 除許可業務外，得經營法令非禁止或限制之業務,新北市,變更,11503
37873815,欣伶企業社,新北市蘆洲區光復路100巷2號7樓,李素伶,100000,,115/03/16,所在地變更,C306010 成衣業；C307010 服飾品製造業；F104110 布疋、衣著、鞋、帽、傘、服飾品批發業；F204110 布疋、衣著、鞋、帽、傘、服飾品零售業；F399040 無店面零售業；F401010 國際貿易業；I502010 服飾設計業；ZZ99999 除許可業務外，得經營法令非禁止或限制之業務,新北市,變更,11503
37876398,郁立成工程行,新北市板橋區金門街262號5樓,蔡金聰,200000,,115/03/31,轉讓登記,E599010 配管工程業；E601010 電器承裝業；E601020 電器安裝業；EZ15010 保溫、保冷安裝工程業；EZ99990 其他工程業；F106010 五金批發業；F111090 建材批發業；F113020 電器批發業；F199990 其他批發業；F206010 五金零售業；F211010 建材零售業；F213010 電器零售業；IZ12010 人力派遣業；JA02990 其他修理業；ZZ99999 除許可業務外，得經營法令非禁止或限制之業務,新北市,變更,11503
37883567,哥哥纏麵食館,新北市鶯歌區國慶街67號115年03月,陳逢羿,240000,,115/03/09,負責人改名,F501060 餐館業,新北市,變更,11503
37888514,冠億通信行,新北市三重區溪尾街172號(1樓),林明松,200000,,115/03/10,名稱變更,F113020 電器批發業；F113050 電腦及事務性機器設備批發業；F113110 電池批發業；F116010 照相器材批發業；F119010 電子材料批發業；F213010 電器零售業；F213030 電腦及事務性機器設備零售業；F113070 電信器材批發業；F213060 電信器材零售業；F213110 電池零售業；F216010 照相器材零售業；F219010 電子材料零售業；ZZ99999 除許可業務外，得經營法令非禁止或限制之業務；F218010 資訊軟體零售業；E701010 電信工程業；E605010 電腦設備安裝業；IE01010 電信業務門號代辦業；F299990 其他零售業；F108031 醫療器材批發業；F208031 醫療器材零售業,新北市,變更,11503
37898317,鑫美專業修洗鞋包坊,新北市新店區中興路2段49號(1樓),簡志安,60000,,115/03/02,所營業務變更,JA02990 其他修理業,新北市,變更,11503
37910086,阿宏小吃店,新北市新店區光明街280號(1樓),古鎮維,100000,,115/03/16,轉讓登記,F501060 餐館業；F501990 其他餐飲業,新北市,變更,11503
37947252,蠔鱻大溪漁港小吃店,新北市蘆洲區中山一路266號,陳穎正,200000,,115/03/27,所營業務變更,F501060 餐館業；F203020 菸酒零售業；F203010 食品什貨、飲料零售業,新北市,變更,11503
38503381,斯莫維爾手烘咖啡店,新北市新莊區新泰路100之3號(1樓),盧昭伶,220000,,115/03/26,所在地變更,F501030 飲料店業；ZZ99999 除許可業務外，得經營法令非禁止或限制之業務,新北市,變更,11503
38579945,東東強戶外用品企業社,新北市汐止區南陽街180巷10號,吳岳庭,50000,,115/03/11,外縣市遷入,F201050 漁具零售業；F399040 無店面零售業；ZZ99999 除許可業務外，得經營法令非禁止或限制之業務；F204110 布疋、衣著、鞋、帽、傘、服飾品零售業；F207010 漆料、塗料零售業；F209060 文教、樂器、育樂用品零售業,新北市,變更,11503
39973419,伍結油漆工程行,新北市土城區中央路2段149巷30弄6號3樓115年03月,廖秀香,200000,,115/03/10,所在地變更,E801010 室內裝潢業；E901010 油漆工程業；F107010 漆料、塗料批發業；F107200 化學原料批發業；F207010 漆料、塗料零售業；F207200 化學原料零售業；ZZ99999 除許可業務外，得經營法令非禁止或限制之業務,新北市,變更,11503
41055817,春盛彈簧床企業社,新北市板橋區民生路３段３１７號２３樓之９,陳秀鶯,200000,,115/03/31,所營業務變更,CA01020 鋼鐵軋延及擠型業；CA01060 鋼線鋼纜製造業；CA02010 金屬結構及建築組件製造業；CA02030 螺絲、螺帽、螺絲釘、及鉚釘等製品製造業；CA02040 彈簧製造業；CA02090 金屬線製品製造業；CA02990 其他金屬製品製造業；CN01010 家具及裝設品製造業；F105050 家具、寢具、廚房器具、裝設品批發業；F106010 五金批發業；ZZ99999 除許可業務外，得經營法令非禁止或限制之業務；F204110 布疋、衣著、鞋、帽、傘、服飾品零售業；F205040 家具、寢具、廚房器具、裝設品零售業；F206010 五金零售業,新北市,變更,11503
41057033,北賽道汽車美容行,新北市新店區中興路一段182號,張琰,100000,,115/03/19,轉讓登記,F214030 汽、機車零件配備零售業；JA01010 汽車修理業；JA01990 其他汽車服務業；JZ99990 未分類其他服務業,新北市,變更,11503
41057189,大眾工程行,新北市中和區中興街115巷16號4樓,林奇龍,1000000,,115/03/18,所營業務變更,E901010 油漆工程業；E801010 室內裝潢業；E801030 室內輕鋼架工程業；E801070 廚具、衛浴設備安裝工程業；F401010 國際貿易業；F107010 漆料、塗料批發業；F111090 建材批發業；F207010 漆料、塗料零售業；F211010 建材零售業；E801020 門窗安裝工程業；ZZ99999 除許可業務外，得經營法令非禁止或限制之業務；F399040 無店面零售業,新北市,變更,11503
41069930,家萓企業社,新北市鶯歌區鶯桃路129巷12弄8號3樓之2 115年03月,吳麗娟,200000,,115/03/06,所在地變更,CH01010 體育用品製造業；C805010 塑膠皮、布、板、管材製造業；C703010 印刷品裝訂及加工業；CP01010 手工具製造業；ZZ99999 除許可業務外，得經營法令非禁止或限制之業務,新北市,變更,11503
41081266,勝富企業社,新北市板橋區新海路413號(1樓) 115年03月,鄭連清,880000,,115/03/11,出資額變更,F399040 無店面零售業；F201010 農產品零售業；F201020 畜產品零售業；F102050 茶葉批發業；F102170 食品什貨批發業；F104110 布疋、衣著、鞋、帽、傘、服飾品批發業；F102180 酒精批發業；F102020 食用油脂批發業；F102040 飲料批發業；F105050 家具、寢具、廚房器具、裝設品批發業；F106010 五金批發業；F106020 日常用品批發業；F106030 模具批發業；F107030 清潔用品批發業；F108040 化粧品批發業；F109070 文教、樂器、育樂用品批發業；F110010 鐘錶批發業；F401010 國際貿易業；F601010 智慧財產權業；F399990 其他綜合零售業；IZ12010 人力派遣業；F201070 花卉零售業；F206060 祭祀用品零售業；F215010 首飾及貴金屬零售業；F215020 礦石零售業；F101100 花卉批發業；F214010 汽車零售業；F214020 機車零售業；F214030 汽、機車零件配備零售業；F214040 自行車及其零件零售業；F214050 車胎零售業；F214060 船舶及其零件零售業；C199040 豆類加工食品製造業；E801010 室內裝潢業；J202010 產業育成業；F203020 菸酒零售業；F501060 餐館業；F501990 其他餐飲業；C108010 糖類製造業；C199020 食用冰製造業；F209060 文教、樂器、育樂用品零售業；F207030 清潔用品零售業；F207200 化學原料零售業；F208040 化粧品零售業；C104010 糖果製造業；C104020 烘焙炊蒸食品製造業；C110010 飲料製造業；JE01010 租賃業；JZ99070 裁縫服務業；JZ99080 美容美髮服務業；JZ99110 瘦身美容業；C103050 罐頭、冷凍、脫水及醃漬食品製造業；H703090 不動產買賣業；H703100 不動產租賃業；H703110 老人住宅業；H703120 自助儲物空間業；I101090 食品顧問業；I103060 管理顧問業；I105010 藝術品諮詢顧問業；I199990 其他顧問服務業；I501010 產品設計業；I502010 服飾設計業；I504010 花藝設計業；I599990 其他設計業；I401010 一般廣告服務業；G799990 其他運輸輔助業；F399010 便利商店業；I503010 景觀、室內設計業；J404010 動畫影片製作業；J404020 提供設備及場地供電影片拍攝業；J404030 電影沖印業；J404040 電影錄音業；J404050 電影特效製作業；J601010 藝文服務業；J602010 演藝活動業；J603010 音樂展演空間業；J701020 遊樂園業；J701040 休閒活動場館業；JZ99050 仲介服務業；JZ99090 喜慶綜合服務業；JZ99030 攝影業；JZ99151 殯葬禮儀服務業；ZZ99999 除許可業務外，得經營法令非禁止或限制之業務,新北市,變更,11503
41083074,鼎新汽車材料行,新北市林口區竹林路1之11號,李良言,1000000,,115/03/13,增資變更,F114030 汽、機車零件配備批發業；F214030 汽、機車零件配備零售業；JA01010 汽車修理業；ZZ99999 除許可業務外，得經營法令非禁止或限制之業務,新北市,變更,11503
41364932,尼哥商行,新北市新店區大豐路15號,倪睍雯,180000,,115/03/03,負責人住居所變更,F203010 食品什貨、飲料零售業；ZZ99999 除許可業務外，得經營法令非禁止或限制之業務,新北市,變更,11503
41369508,特區髮型,新北市板橋區松柏街6號115年03月,高千涵,200000,,115/03/17,轉讓登記,JZ99080 美容美髮服務業,新北市,變更,11503
41375810,淨羽企業社,新北市板橋區大觀路2段150巷31號,王永順,200000,,115/03/10,所在地變更,F107030 清潔用品批發業；F207030 清潔用品零售業；J101010 建築物清潔服務業；J101020 病媒防治業；J101030 廢棄物清除業；J101040 廢棄物處理業；J101090 廢棄物清理業；ZZ99999 除許可業務外，得經營法令非禁止或限制之業務,新北市,變更,11503
41379225,睿嘉食品企業社,新北市中和區連城路89巷5號(1樓),葉梅榮,200000,,115/03/02,復業,F102170 食品什貨批發業；F203010 食品什貨、飲料零售業；F206030 模具零售業；F299990 其他零售業；F399040 無店面零售業；F501030 飲料店業；F501990 其他餐飲業；I101090 食品顧問業；I501010 產品設計業；ZZ99999 除許可業務外，得經營法令非禁止或限制之業務,新北市,變更,11503
41383494,米洛高效美肌館,新北市板橋區中山路1段265巷5號5樓,蔡振宇,200000,,115/03/23,所在地門牌整改編,JZ99080 美容美髮服務業；JZ99110 瘦身美容業；F208040 化粧品零售業；ZZ99999 除許可業務外，得經營法令非禁止或限制之業務,新北市,變更,11503
41386422,中鈦工程行,新北市八里區頂寮二街99號2樓,鄒志鵬,3000000,,115/03/25,增資變更,E903010 防蝕、防銹工程業；E901010 油漆工程業；EZ11010 球場跑道樹脂材料鋪設工程業；E801010 室內裝潢業；E801020 門窗安裝工程業；E801070 廚具、衛浴設備安裝工程業；E601020 電器安裝業；E603040 消防安全設備安裝工程業；I503010 景觀、室內設計業；F105050 家具、寢具、廚房器具、裝設品批發業；F106010 五金批發業；F106040 水器材料批發業；F107010 漆料、塗料批發業；F107170 工業助劑批發業；F111090 建材批發業；F117010 消防安全設備批發業；F401010 國際貿易業；ZZ99999 除許可業務外，得經營法令非禁止或限制之業務,新北市,變更,11503
41388202,年祥實業社,新北市樹林區八德街134號115年03月,王于菲,200000,,115/03/06,轉讓登記,CA02030 螺絲、螺帽、螺絲釘、及鉚釘等製品製造業；F119010 電子材料批發業；F106010 五金批發業,新北市,變更,11503
41388929,童話世界館,新北市中和區安平路57號(1樓),張雅婷,1500000,,115/03/26,所在地變更,F209060 文教、樂器、育樂用品零售業；F501060 餐館業；ZZ99999 除許可業務外，得經營法令非禁止或限制之業務,新北市,變更,11503
41423398,歐風別館傢俱行,新北市新店區安光路30號12樓,游翔,200000,,115/03/17,外縣市遷入,F105050 家具、寢具、廚房器具、裝設品批發業；F205040 家具、寢具、廚房器具、裝設品零售業；F109070 文教、樂器、育樂用品批發業；F399040 無店面零售業,新北市,變更,11503
41477696,常淞餐飲,新北市林口區文化二路1段260巷16號地下一層之4 115年03月,洪愷威,100000,,115/03/17,所在地變更,C103050 罐頭、冷凍、脫水及醃漬食品製造業；F101040 家畜家禽批發業；F101050 水產品批發業；F101130 蔬果批發業；F101990 其他農、畜、水產品批發業；F102040 飲料批發業；F102170 食品什貨批發業；F121010 食品添加物批發業；F201010 農產品零售業；F201020 畜產品零售業；F201030 水產品零售業；F201990 其他農畜水產品零售業；F203010 食品什貨、飲料零售業；F221010 食品添加物零售業；F299990 其他零售業；F399040 無店面零售業；F399990 其他綜合零售業；F401010 國際貿易業；ZZ99999 除許可業務外，得經營法令非禁止或限制之業務；F102180 酒精批發業；F203020 菸酒零售業；F203030 酒精零售業；F501030 飲料店業；F501060 餐館業；F501990 其他餐飲業,新北市,變更,11503
42029486,同洲商行,新北市淡水區後洲路1段171號(1樓),陳芃安,100000,,115/03/04,所在地變更,F399990 其他綜合零售業；F204110 布疋、衣著、鞋、帽、傘、服飾品零售業；F206060 祭祀用品零售業；F399040 無店面零售業；F209060 文教、樂器、育樂用品零售業；F208040 化粧品零售業；F215010 首飾及貴金屬零售業；F203010 食品什貨、飲料零售業；F206010 五金零售業；F206020 日常用品零售業；F207180 爆竹、煙火零售業；F218010 資訊軟體零售業；F213010 電器零售業；F301020 超級市場業；F399010 便利商店業；F207990 其他化學製品零售業；F201070 花卉零售業；F202010 飼料零售業；F206050 寵物食品及其用品零售業；F211010 建材零售業；F216010 照相器材零售業；F299990 其他零售業,新北市,變更,11503
42190474,煌鎰工程行,新北市深坑區雲鄉路190號7樓,王麗華,200000,,115/03/18,轉讓登記,E601010 電器承裝業；E601020 電器安裝業；E603090 照明設備安裝工程業；E801010 室內裝潢業；E801070 廚具、衛浴設備安裝工程業；E599010 配管工程業；F206040 水器材料零售業；F211010 建材零售業；F213010 電器零售業；ZZ99999 除許可業務外，得經營法令非禁止或限制之業務,新北市,變更,11503
42190501,秉禾電腦行,新北市土城區延和路187號7樓之3,許勝琦,1000,,115/03/13,所在地變更,F218010 資訊軟體零售業；F219010 電子材料零售業；E605010 電腦設備安裝業；F213030 電腦及事務性機器設備零售業；F214040 自行車及其零件零售業；F213060 電信器材零售業；I301010 資訊軟體服務業；I301020 資料處理服務業；I301030 電子資訊供應服務業；F209060 文教、樂器、育樂用品零售業,新北市,變更,11503
42227726,連甲車業,新北市永和區中山路1段80號(1樓) 115年03月,陳柏伸,200000,,115/03/20,所營業務變更,JA02020 機車修理業；F401010 國際貿易業,新北市,變更,11503
42228801,平安小吃店,新北市三重區平安街6號1樓,劉武琦,100000,,115/03/03,轉讓登記,F203010 食品什貨、飲料零售業；F203020 菸酒零售業；F501030 飲料店業；F501060 餐館業；ZZ99999 除許可業務外，得經營法令非禁止或限制之業務,新北市,變更,11503
42237175,米豆美式餐坊,新北市板橋區莊敬路245號,程建淞,200000,,115/03/12,轉讓登記,F501060 餐館業；F501030 飲料店業,新北市,變更,11503
42237371,阿樹起重工程行,新北市土城區莊園街210號6樓,陳昱銘,200000,,115/03/31,轉讓登記,EZ02010 起重工程業；E801010 室內裝潢業；E801020 門窗安裝工程業；E801030 室內輕鋼架工程業；E801040 玻璃安裝工程業；E903010 防蝕、防銹工程業；E901010 油漆工程業；F111090 建材批發業；ZZ99999 除許可業務外，得經營法令非禁止或限制之業務,新北市,變更,11503
42238619,誠峻玻璃工程行,新北市平溪區十分街66巷19號,李俊雄,200000,,115/03/05,負責人住居所變更,E801010 室內裝潢業；E801040 玻璃安裝工程業；F106010 五金批發業；F111090 建材批發業；F206010 五金零售業；F211010 建材零售業；F401010 國際貿易業；ZZ99999 除許可業務外，得經營法令非禁止或限制之業務,新北市,變更,11503
42242640,吉曆汽車商行,新北市中和區安樂路46號,吳進益,200000,,115/03/30,所在地變更,F214030 汽、機車零件配備零售業；I401010 一般廣告服務業；IZ12010 人力派遣業；JA01020 汽車拖吊業；G202010 停車場經營業；JE01010 租賃業；ZZ99999 除許可業務外，得經營法令非禁止或限制之業務,新北市,變更,11503
42250916,北大生活五金百貨商行,新北市三峽區國際一街34號(1樓) 115年03月,林婷君,150000,,115/03/18,所營業務變更,F206010 五金零售業；F206020 日常用品零售業；F207030 清潔用品零售業；F208031 醫療器材零售業；F399990 其他綜合零售業；ZZ99999 除許可業務外，得經營法令非禁止或限制之業務；F208050 乙類成藥零售業,新北市,變更,11503
42255709,澤皓工程行,新北市新莊區福壽街136巷24號,林秉澤,240000,,115/03/18,所營業務變更,E901010 油漆工程業；E801020 門窗安裝工程業；E601010 電器承裝業；E601020 電器安裝業；E599010 配管工程業；E801010 室內裝潢業；ZZ99999 除許可業務外，得經營法令非禁止或限制之業務；J101010 建築物清潔服務業,新北市,變更,11503
42257137,信星企業社,新北市新莊區建國一路310號9樓,陳翊庭,500000,,115/03/18,所在地變更,F106020 日常用品批發業；F107030 清潔用品批發業；F108040 化粧品批發業；F113070 電信器材批發業；F113990 其他機械器具批發業；F114030 汽、機車零件配備批發業；F119010 電子材料批發業；F206020 日常用品零售業；F207030 清潔用品零售業；F208040 化粧品零售業；F213010 電器零售業；F213030 電腦及事務性機器設備零售業；F213060 電信器材零售業；F214030 汽、機車零件配備零售業；F399040 無店面零售業；F401010 國際貿易業；I301010 資訊軟體服務業；I501010 產品設計業；F204110 布疋、衣著、鞋、帽、傘、服飾品零售業；F213110 電池零售業；F401021 電信管制射頻器材輸入業；ZZ99999 除許可業務外，得經營法令非禁止或限制之業務,新北市,變更,11503
42277014,金華工程行,新北市蘆洲區民族路314巷11之1號5樓115年03月,魏建華,200000,,115/03/26,所營業務變更,EZ02010 起重工程業；IZ12010 人力派遣業；JE01010 租賃業；ZZ99999 除許可業務外，得經營法令非禁止或限制之業務；J101030 廢棄物清除業；J101040 廢棄物處理業；J101080 資源回收業；J101090 廢棄物清理業；J101110 營建剩餘土石方資源處理業；J101120 營建混合物分類處理業；J101010 建築物清潔服務業；J101070 放射性廢料處理服務業,新北市,變更,11503
42283347,翔躍企業社,新北市八里區商港二路23號5樓,殷如雅,200000,,115/03/20,所營業務變更,F204110 布疋、衣著、鞋、帽、傘、服飾品零售業；F205040 家具、寢具、廚房器具、裝設品零售業；F206010 五金零售業；F206020 日常用品零售業；F207030 清潔用品零售業；F208040 化粧品零售業；F209060 文教、樂器、育樂用品零售業；F213010 電器零售業；F213030 電腦及事務性機器設備零售業；F213040 精密儀器零售業；F299990 其他零售業；JZ99080 美容美髮服務業；JZ99990 未分類其他服務業；ZZ99999 除許可業務外，得經營法令非禁止或限制之業務,新北市,變更,11503
47976255,葉記涼麵店,新北市鶯歌區鶯桃路379之1號,葉建祥,200000,,115/03/26,轉讓登記,F501060 餐館業；ZZ99999 除許可業務外，得經營法令非禁止或限制之業務,新北市,變更,11503
47977043,愛麗絲進口精品服飾,新北市永和區水源街39巷22號,劉芳妤,200000,,115/03/30,轉讓登記,F204110 布疋、衣著、鞋、帽、傘、服飾品零售業；F206020 日常用品零售業,新北市,變更,11503
47980477,誼佳企業社,新北市中和區建一路177號7樓,郭晉嘉,180000,,115/03/18,所在地變更,F107030 清潔用品批發業；F207030 清潔用品零售業；F109070 文教、樂器、育樂用品批發業；F209060 文教、樂器、育樂用品零售業；F119010 電子材料批發業；F219010 電子材料零售業；F118010 資訊軟體批發業；F218010 資訊軟體零售業；F107990 其他化學製品批發業；F207990 其他化學製品零售業；F113050 電腦及事務性機器設備批發業；F213030 電腦及事務性機器設備零售業；F401010 國際貿易業；CH01030 文具製造業；CC01080 電子零組件製造業,新北市,變更,11503
47982290,萬陽滷味,新北市新莊區四維路227號(1樓),林育辰,80000,,115/03/26,轉讓登記,F203010 食品什貨、飲料零售業,新北市,變更,11503
47986107,迪諾小吃館,新北市鶯歌區南雅路45號(1樓),李佳蓉,100000,,115/03/31,繼承登記,F501060 餐館業,新北市,變更,11503
49922805,宏鼎土木包工業,新北市永和區成功路２段８５號（１樓）（現場僅供辦公室使用）,林新澤,1010000,,115/03/23,轉讓登記,E102011 土木包工業,新北市,變更,11503
50618177,固強負載管理工程行,新北市土城區學府路1段98巷9弄8號2樓115年03月,劉邦顯,200000,,115/03/03,外縣市遷入,E601010 電器承裝業；F213010 電器零售業；F118010 資訊軟體批發業；D301010 自來水經營業；F114030 汽、機車零件配備批發業,新北市,變更,11503
50621216,鎮瑄工程行,新北市汐止區新台五路１段147號２樓,詹卉姍,100000,,115/03/12,轉讓登記,IZ12010 人力派遣業；EZ99990 其他工程業；E599010 配管工程業；E601010 電器承裝業；E601020 電器安裝業；E603100 電焊工程業；E801010 室內裝潢業；E801020 門窗安裝工程業；E801030 室內輕鋼架工程業；E801040 玻璃安裝工程業；E901010 油漆工程業；E903010 防蝕、防銹工程業；EZ07010 鑽孔工程業；EZ11010 球場跑道樹脂材料鋪設工程業；F106010 五金批發業；F106040 水器材料批發業；F107010 漆料、塗料批發業；F111090 建材批發業；F120010 耐火材料批發業；ZZ99999 除許可業務外，得經營法令非禁止或限制之業務,新北市,變更,11503
50649262,櫻芙商行,新北市永和區民治街41號(1樓),吳蕎均,200000,,115/03/23,所在地變更,F201010 農產品零售業；F201020 畜產品零售業；F201030 水產品零售業；F201990 其他農畜水產品零售業；F203010 食品什貨、飲料零售業；F203020 菸酒零售業；F204110 布疋、衣著、鞋、帽、傘、服飾品零售業；F206020 日常用品零售業；F299990 其他零售業；F399990 其他綜合零售業,新北市,變更,11503
50650507,家葦企業社,新北市蘆洲區永平街42號(1樓),林妏倩,240000,,115/03/18,所營業務變更,F203010 食品什貨、飲料零售業；F501060 餐館業；ZZ99999 除許可業務外，得經營法令非禁止或限制之業務,新北市,變更,11503
50650838,雷神企業社,新北市土城區福仁街47號115年03月,張杉榮,200000,,115/03/11,轉讓登記,F209060 文教、樂器、育樂用品零售業；J701020 遊樂園業；F214030 汽、機車零件配備零售業；ZZ99999 除許可業務外，得經營法令非禁止或限制之業務,新北市,變更,11503
50666297,家揚工作室,新北市土城區中央路1段268號21樓之2,徐聖硯,200000,,115/03/18,所在地變更,I103060 管理顧問業；I401010 一般廣告服務業；I503010 景觀、室內設計業；I599990 其他設計業；IZ12010 人力派遣業；IZ99990 其他工商服務業；J601010 藝文服務業；J602010 演藝活動業；JB01010 會議及展覽服務業；ZZ99999 除許可業務外，得經營法令非禁止或限制之業務,新北市,變更,11503
50673207,雪莉媽咪企業社,新北市板橋區三民路1段1巷47號,陳思蓉,100000,,115/03/30,所營業務變更,F204110 布疋、衣著、鞋、帽、傘、服飾品零售業；F208040 化粧品零售業；F399040 無店面零售業；F208031 醫療器材零售業；ZZ99999 除許可業務外，得經營法令非禁止或限制之業務；F401010 國際貿易業；F106020 日常用品批發業；F203010 食品什貨、飲料零售業；F206020 日常用品零售業；F209060 文教、樂器、育樂用品零售業,新北市,變更,11503
50680805,拍拍手壁畫彩繪工作室,新北市新店區安民街199號2樓,楊增祥,200000,,115/03/02,繼承登記,E901010 油漆工程業；F601010 智慧財產權業；I105010 藝術品諮詢顧問業；J601010 藝文服務業；F107010 漆料、塗料批發業；F107020 染料、顏料批發業；F207010 漆料、塗料零售業；F207020 染料、顏料零售業,新北市,變更,11503
60004217,富琨企業社,新北市新莊區新北大道4段173號2樓,洪彪榮,200000,,115/03/31,所營業務變更,IZ12010 人力派遣業；JA01990 其他汽車服務業；JE01010 租賃業；ZZ99999 除許可業務外，得經營法令非禁止或限制之業務,新北市,變更,11503
60006355,滿財衛生工程行,新北市林口區公園路203號10樓之1、10樓之2 115年03月,陳冠旭,200000,,115/03/02,名稱變更,J101010 建築物清潔服務業；EZ99990 其他工程業；J101990 其他環境衛生及污染防治服務業；J101060 廢（污）水處理業；F106040 水器材料批發業；F206040 水器材料零售業；F113990 其他機械器具批發業；ZZ99999 除許可業務外，得經營法令非禁止或限制之業務,新北市,變更,11503
60007235,臣安開發工程,新北市鶯歌區中正三路334號115年03月,林佳志,200000,,115/03/24,名稱變更,A102080 園藝服務業；B202010 非金屬礦業；B601010 土石採取業；C901040 預拌混凝土製造業；C901050 水泥及混凝土製品製造業；C901060 耐火材料製造業；C901070 石材製品製造業；C901990 其他非金屬礦物製品製造業；CA01020 鋼鐵軋延及擠型業；CA01050 鋼材二次加工業；CA01060 鋼線鋼纜製造業；CA01990 其他非鐵金屬基本工業；CA02010 金屬結構及建築組件製造業；CA02990 其他金屬製品製造業；CC01040 照明設備製造業；CZ99990 未分類其他工業製品製造業；E401010 疏濬業；E402010 沙石、淤泥海拋業；E599010 配管工程業；E601010 電器承裝業；E601020 電器安裝業；E603040 消防安全設備安裝工程業；E603090 照明設備安裝工程業；E603100 電焊工程業；E603110 冷作工程業；E701010 電信工程業；E801030 室內輕鋼架工程業；E801010 室內裝潢業；E801020 門窗安裝工程業；E801040 玻璃安裝工程業；E801070 廚具、衛浴設備安裝工程業；E901010 油漆工程業；E903010 防蝕、防銹工程業；EZ02010 起重工程業；EZ07010 鑽孔工程業；EZ11010 球場跑道樹脂材料鋪設工程業；EZ14010 運動場地用設備工程業；EZ99990 其他工程業；F101100 花卉批發業；F101990 其他農、畜、水產品批發業；F105050 家具、寢具、廚房器具、裝設品批發業；F106010 五金批發業；F111090 建材批發業；F113010 機械批發業；F113020 電器批發業；F113990 其他機械器具批發業；F114010 汽車批發業；F114990 其他交通運輸工具及其零件批發業；F117010 消防安全設備批發業；F401010 國際貿易業；I503010 景觀設計業；IZ12010 人力派遣業；J101060 廢（污）水處理業；J101090 廢棄物清理業；J101990 其他環境衛生及污染防治服務業；JE01010 租賃業；ZZ99999 除許可業務外，得經營法令非禁止或限制之業務,新北市,變更,11503
60007642,睿洋泥作工程行,新北市瑞芳區大埔路吉慶公園城20號,白書愷,200000,,115/03/26,所在地變更,E599010 配管工程業；E601020 電器安裝業；E801010 室內裝潢業；E801020 門窗安裝工程業；E801030 室內輕鋼架工程業；E801040 玻璃安裝工程業；E801070 廚具、衛浴設備安裝工程業；E901010 油漆工程業；EZ99990 其他工程業；J101030 廢棄物清除業；J101010 建築物清潔服務業；F111090 建材批發業；F211010 建材零售業；ZZ99999 除許可業務外，得經營法令非禁止或限制之業務,新北市,變更,11503
60007880,歐硬選物販賣,新北市永和區秀朗路2段148巷3弄2號,夏御軒,200000,,115/03/03,轉讓登記,F203010 食品什貨、飲料零售業；F209060 文教、樂器、育樂用品零售業；F213010 電器零售業；F213030 電腦及事務性機器設備零售業；F213110 電池零售業,新北市,變更,11503
60008810,慕芸髮型美容店,新北市永和區福和路220號(2樓),王湘君,10000,,115/03/10,轉讓登記,JZ99080 美容美髮服務業,新北市,變更,11503
60009466,夠愛夾中正店,新北市樹林區中正路464號,黃振家,180000,,115/03/31,轉讓登記,F209060 文教、樂器、育樂用品零售業；F203010 食品什貨、飲料零售業,新北市,變更,11503
60013763,汎佟工作室,新北市新店區安興路127之13號8樓,陳婕綾,200000,,115/03/31,增資變更,F399040 無店面零售業,新北市,變更,11503
60015328,新雅企業社,新北市蘆洲區光華路110巷3號4樓115年03月,呂辰紳,200000,,115/03/04,繼承登記,F106010 五金批發業；F106030 模具批發業；F113010 機械批發業；F113030 精密儀器批發業；F119010 電子材料批發業；F206010 五金零售業；F206030 模具零售業；F213040 精密儀器零售業；F213080 機械器具零售業；F219010 電子材料零售業；ZZ99999 除許可業務外，得經營法令非禁止或限制之業務,新北市,變更,11503
60017590,翔旺實業社,新北市中和區中山路3段114巷63號3樓,陳國傑,168000,,115/03/27,所在地變更,F111090 建材批發業；F119010 電子材料批發業；F106010 五金批發業；F117010 消防安全設備批發業；F105050 家具、寢具、廚房器具、裝設品批發業；F107010 漆料、塗料批發業；F199010 回收物料批發業；F399040 無店面零售業；F401010 國際貿易業；E801010 室內裝潢業；E801020 門窗安裝工程業；IZ06010 理貨包裝業；G799990 其他運輸輔助業,新北市,變更,11503
60021588,大尾鮮蝦粉絲煲,新北市淡水區中正路2段22巷18號,唐繹慧,200000,,115/03/24,名稱變更,F501060 餐館業,新北市,變更,11503
60023679,阿嬌越式百貨行,新北市瑞芳區明燈路3段82之4號,武氏嬌,100000,,115/03/02,所在地變更,F203010 食品什貨、飲料零售業；F203020 菸酒零售業；F206020 日常用品零售業；F207030 清潔用品零售業；ZZ99999 除許可業務外，得經營法令非禁止或限制之業務；F201010 農產品零售業；F201020 畜產品零售業；F201030 水產品零售業；F201990 其他農畜水產品零售業,新北市,變更,11503
60023946,網拓智鏈行銷企業社,新北市土城區新洲路100號8樓,何昀潔,200000,,115/03/03,所在地變更,I401010 一般廣告服務業；I501010 產品設計業；I599990 其他設計業；I301010 資訊軟體服務業；I301020 資料處理服務業；F501030 飲料店業；F102040 飲料批發業；F203010 食品什貨、飲料零售業；F221010 食品添加物零售業；F102050 茶葉批發業；F201010 農產品零售業；F201020 畜產品零售業；F201030 水產品零售業；F399040 無店面零售業；F501990 其他餐飲業；J602010 演藝活動業；J601010 藝文服務業；F401010 國際貿易業；ZZ99999 除許可業務外，得經營法令非禁止或限制之業務,新北市,變更,11503
60024451,童妍童羽工作室,新北市土城區學士路57號(1樓) 115年03月,林品妍,200000,,115/03/20,所在地變更,J601010 藝文服務業；J602010 演藝活動業；ZZ99999 除許可業務外，得經營法令非禁止或限制之業務,新北市,變更,11503
60025183,威肯仕企業社,新北市三重區重陽路4段130號12樓115年03月,羅梓寧,200000,,115/03/12,轉讓登記,F206010 五金零售業；F206020 日常用品零售業；F208040 化粧品零售業；F209060 文教、樂器、育樂用品零售業；F205040 家具、寢具、廚房器具、裝設品零售業；F204110 布疋、衣著、鞋、帽、傘、服飾品零售業；F106010 五金批發業；F106020 日常用品批發業；F108040 化粧品批發業；F109070 文教、樂器、育樂用品批發業；F105050 家具、寢具、廚房器具、裝設品批發業；F104110 布疋、衣著、鞋、帽、傘、服飾品批發業；F399040 無店面零售業；F401010 國際貿易業；ZZ99999 除許可業務外，得經營法令非禁止或限制之業務,新北市,變更,11503
60026057,喬婕廣告行銷商行,新北市三重區中央南路32巷1弄10號3樓,樊惠青,500000,,115/03/04,所營業務變更,I301060 網路廣告平臺業；I401010 一般廣告服務業；I401020 廣告傳單分送業；I501010 產品設計業；IZ10010 排版業；IZ01010 影印業；I199990 其他顧問服務業；I103060 管理顧問業；I102010 一般投資顧問業；J304010 圖書出版業；J305010 有聲出版業；J303010 雜誌（期刊）出版業；J401010 電影片製作業；J601010 藝文服務業；J602010 演藝活動業；F203010 食品什貨、飲料零售業；F399040 無店面零售業；F102170 食品什貨批發業；F109070 文教、樂器、育樂用品批發業；J399990 其他出版業；J404010 動畫影片製作業；J604010 聲音錄製及音樂發行業；I301010 資訊軟體服務業；F118010 資訊軟體批發業；F218010 資訊軟體零售業；I301030 電子資訊供應服務業；IZ13010 網路認證服務業；E605010 電腦設備安裝業；F113050 電腦及事務性機器設備批發業；F213030 電腦及事務性機器設備零售業；I599990 其他設計業；JE01010 租賃業；JZ99030 攝影業；JZ99990 未分類其他服務業；I301020 資料處理服務業；IZ12010 人力派遣業；IZ15010 市場研究及民意調查業；IZ99990 其他工商服務業,新北市,變更,11503
60026541,太欣小吃店,新北市鶯歌區鶯桃路2段40號(1樓),黃淑誼,60000,,115/03/04,轉讓登記,F501990 其他餐飲業,新北市,變更,11503
60026768,優鑫食品商行,新北市永和區保平路262號,簡如珮,50000,,115/03/03,轉讓登記,F203010 食品什貨、飲料零售業；ZZ99999 除許可業務外，得經營法令非禁止或限制之業務,新北市,變更,11503
60026789,祥譽工程行,新北市新店區安興路125之10號(1樓) 115年03月,張國祥,200000,,115/03/02,所在地變更,E801010 室內裝潢業；E801020 門窗安裝工程業；E801030 室內輕鋼架工程業；E801040 玻璃安裝工程業；E801070 廚具、衛浴設備安裝工程業；E901010 油漆工程業；E903010 防蝕、防銹工程業；EZ99990 其他工程業,新北市,變更,11503
60028392,艾熒商行,新北市五股區新城五路9號12樓,李彥琦,200000,,115/03/13,所在地變更,F399010 便利商店業；ZZ99999 除許可業務外，得經營法令非禁止或限制之業務,新北市,變更,11503
60031262,勝源起重工程行,新北市中和區自立路141巷22號2樓,袁振軒,200000,,115/03/23,所在地變更,EZ02010 起重工程業；E604010 機械安裝業；F113010 機械批發業；F213080 機械器具零售業；F401010 國際貿易業；JE01010 租賃業；JZ99050 仲介服務業；ZZ99999 除許可業務外，得經營法令非禁止或限制之業務,新北市,變更,11503
60032023,承悦昇車業行,新北市汐止區大同路1段26號(1樓),吳守益,30000,,115/03/25,所營業務變更,F214030 汽、機車零件配備零售業；F214040 自行車及其零件零售業；F214050 車胎零售業；JA02020 機車修理業；JA02030 自行車修理業；F214020 機車零售業,新北市,變更,11503
60032776,范恩國際精品店,新北市汐止區新台五路1段77號20樓之3,黃丕丞,200000,,115/03/23,所在地變更,F204110 布疋、衣著、鞋、帽、傘、服飾品零售業；F399040 無店面零售業；F208040 化粧品零售業；ZZ99999 除許可業務外，得經營法令非禁止或限制之業務,新北市,變更,11503
60033418,白晝夢商號,新北市新莊區中興街14號,陳竑睿,100000,,115/03/30,組織變更,F501030 飲料店業,新北市,變更,11503
60033677,嘉新室內裝潢工程行,新北市樹林區備前街30號,鄭靜鈺,200000,,115/03/26,名稱變更,E599010 配管工程業；E601010 電器承裝業；E601020 電器安裝業；E603010 電纜安裝工程業；E603090 照明設備安裝工程業；E801010 室內裝潢業；E801020 門窗安裝工程業；E801030 室內輕鋼架工程業；E801040 玻璃安裝工程業；E801070 廚具、衛浴設備安裝工程業；E901010 油漆工程業；E903010 防蝕、防銹工程業；F111090 建材批發業；F107010 漆料、塗料批發業；ZZ99999 除許可業務外，得經營法令非禁止或限制之業務,新北市,變更,11503
60034205,蜂格室內裝修工程行,新北市新店區北新路1段79號2樓之3 115年03月,王銘澤,200000,,115/03/06,所在地變更,I503010 景觀、室內設計業；E801030 室內輕鋼架工程業；E801060 室內裝修業（註：名稱應標明「室內裝修」字樣）；E801010 室內裝潢業；ZZ99999 除許可業務外，得經營法令非禁止或限制之業務,新北市,變更,11503
60035099,爽洗智能自助洗衣,新北市三峽區大同路199號,周琇惠,200000,,115/03/27,轉讓登記,JA03010 洗衣業；F207030 清潔用品零售業；ZZ99999 除許可業務外，得經營法令非禁止或限制之業務,新北市,變更,11503
60036668,鑫泰商行,新北市新莊區新泰路2之6號(1樓),陳泰年,100000,,115/03/19,轉讓登記,F209060 文教、樂器、育樂用品零售業；F206020 日常用品零售業；F204110 布疋、衣著、鞋、帽、傘、服飾品零售業；F205040 家具、寢具、廚房器具、裝設品零售業；F399990 其他綜合零售業；ZZ99999 除許可業務外，得經營法令非禁止或限制之業務；F203010 食品什貨、飲料零售業,新北市,變更,11503
60037998,聖益興企業社,新北市蘆洲區民族路２９８巷３７號,林文信,1000000,,115/03/02,增資變更,CC01080 電子零組件製造業；CC01110 電腦及其週邊設備製造業；CA04010 表面處理業；F106010 五金批發業；F113050 電腦及事務性機器設備批發業；F119010 電子材料批發業；F401010 國際貿易業；ZZ99999 除許可業務外，得經營法令非禁止或限制之業務,新北市,變更,11503
60038201,車寶工作室,新北市土城區中央路1段318巷2號(1樓),蘇本彥,100000,,115/03/03,所在地變更,F214020 機車零售業；F214030 汽、機車零件配備零售業；ZZ99999 除許可業務外，得經營法令非禁止或限制之業務,新北市,變更,11503
60039460,一餐一聚餐飲企業社,新北市三重區自強路1段8號,黃聖峰,200000,,115/03/04,所在地變更,F501060 餐館業；F221010 食品添加物零售業；F201030 水產品零售業；F206050 寵物食品及其用品零售業；F399040 無店面零售業；F501990 其他餐飲業,新北市,變更,11503
60040184,達成娃娃機企業社,新北市新莊區銘德街125巷1號3樓115年03月,邱文成,50000,,115/03/17,所營業務變更,JA02010 電器及電子產品修理業；JA02990 其他修理業；F209060 文教、樂器、育樂用品零售業；F109070 文教、樂器、育樂用品批發業,新北市,變更,11503
60042893,榮暘工程行,新北市八里區長坑里小坑13號之2,洪凱琳,200000,,115/03/18,轉讓登記,E599010 配管工程業；E601020 電器安裝業；E603090 照明設備安裝工程業；E603120 噴砂工程業；E801010 室內裝潢業；E801020 門窗安裝工程業；E801030 室內輕鋼架工程業；E801040 玻璃安裝工程業；E801070 廚具、衛浴設備安裝工程業；E901010 油漆工程業；E903010 防蝕、防銹工程業；EZ99990 其他工程業；F105050 家具、寢具、廚房器具、裝設品批發業；F106010 五金批發業；F111090 建材批發業；F205040 家具、寢具、廚房器具、裝設品零售業；F206010 五金零售業；F211010 建材零售業；F401010 國際貿易業；H701010 住宅及大樓開發租售業；I503010 景觀、室內設計業；J101010 建築物清潔服務業；J101090 廢棄物清理業；ZZ99999 除許可業務外，得經營法令非禁止或限制之業務,新北市,變更,11503
60044323,老厝邊中卷麵線,新北市板橋區長安街138巷1弄69號(1樓),杜玉媚,200000,,115/03/20,名稱變更,F501060 餐館業,新北市,變更,11503
60044816,鮮匠子生鮮小舖,新北市樹林區日新街47號,邱宥倢,100000,,115/03/02,轉讓登記,F201010 農產品零售業；F201020 畜產品零售業；F201030 水產品零售業；F201070 花卉零售業；F201990 其他農畜水產品零售業；F203010 食品什貨、飲料零售業；F203030 酒精零售業；F206020 日常用品零售業；F206050 寵物食品及其用品零售業,新北市,變更,11503
60046407,金豪家企業社,新北市板橋區三民路2段204之9號2樓115年03月,高全偉,2200000,,115/03/13,增資變更,F102040 飲料批發業；F102170 食品什貨批發業；F202010 飼料零售業；F203010 食品什貨、飲料零售業；F501060 餐館業；F501990 其他餐飲業；ZZ99999 除許可業務外，得經營法令非禁止或限制之業務,新北市,變更,11503
60046666,三緣商行,新北市三峽區文化路４１號(1樓),曾敏,80000,,115/03/24,轉讓登記,F203010 食品什貨、飲料零售業；F501030 飲料店業；F501060 餐館業；F299990 其他零售業；F501990 其他餐飲業；F399990 其他綜合零售業；ZZ99999 除許可業務外，得經營法令非禁止或限制之業務,新北市,變更,11503
60047237,華陞工程行,新北市新店區北新路1段79號2樓之3 115年03月,欒育華,200000,,115/03/06,所在地變更,E903010 防蝕、防銹工程業；E901010 油漆工程業；E801070 廚具、衛浴設備安裝工程業；E603130 燃氣熱水器承裝業；E601020 電器安裝業；F120010 耐火材料批發業；F220010 耐火材料零售業；F111090 建材批發業；ZZ99999 除許可業務外，得經營法令非禁止或限制之業務,新北市,變更,11503
60048329,芃芃工程行,新北市三重區中華路16號3樓,傅淑婷,200000,,115/03/12,所在地變更,E599010 配管工程業；E601010 電器承裝業；E601020 電器安裝業；E603080 交通號誌安裝工程業；E603090 照明設備安裝工程業；E701010 電信工程業；E701040 簡易電信設備安裝業；E801010 室內裝潢業；E801020 門窗安裝工程業；E801030 室內輕鋼架工程業；E801040 玻璃安裝工程業；E801070 廚具、衛浴設備安裝工程業；E901010 油漆工程業；E903010 防蝕、防銹工程業；EZ06010 交通標示工程業；EZ11010 球場跑道樹脂材料鋪設工程業；EZ14010 運動場地用設備工程業；EZ99990 其他工程業；F106010 五金批發業；F107010 漆料、塗料批發業；F106040 水器材料批發業；F111090 建材批發業；F120010 耐火材料批發業；F206010 五金零售業；F206040 水器材料零售業；F207010 漆料、塗料零售業；F211010 建材零售業；F220010 耐火材料零售業；F401010 國際貿易業；I503010 景觀設計業；I599990 其他設計業；F112040 石油製品批發業；F212050 石油製品零售業；ZZ99999 除許可業務外，得經營法令非禁止或限制之業務,新北市,變更,11503
60050942,清秀冷飲站,新北市汐止區民權街2段102號(1樓) 115年03月,李秀桂,200000,,115/03/03,所在地變更,F203010 食品什貨、飲料零售業；F501030 飲料店業；F206020 日常用品零售業；F207190 塑膠膜、袋零售業；F204110 布疋、衣著、鞋、帽、傘、服飾品零售業；F201010 農產品零售業；F205040 家具、寢具、廚房器具、裝設品零售業；F207030 清潔用品零售業；F208040 化粧品零售業；F209060 文教、樂器、育樂用品零售業；ZZ99999 除許可業務外，得經營法令非禁止或限制之業務,新北市,變更,11503
60052625,蔓緦服裝工作室,新北市新店區安祥路108巷9號5樓,盧育維,100000,,115/03/10,組織變更,F399040 無店面零售業；F204110 布疋、衣著、鞋、帽、傘、服飾品零售業；ZZ99999 除許可業務外，得經營法令非禁止或限制之業務,新北市,變更,11503
60052809,晴天白雲工作室,新北市板橋區懷德街139巷49號8樓之1,陳祐民,50000,,115/03/03,所營業務變更,F203010 食品什貨、飲料零售業；F399040 無店面零售業,新北市,變更,11503
60053820,夾到勇社,新北市新莊區復興路2段59號,習鴻朕,80000,,115/03/06,轉讓登記,F209060 文教、樂器、育樂用品零售業,新北市,變更,11503
60054665,片刻構築空間創意工作室,新北市新店區安興路125之10號,林郁禎,200000,,115/03/06,增資變更,I501010 產品設計業；I503010 景觀、室內設計業；I599990 其他設計業；E801010 室內裝潢業,新北市,變更,11503
60056896,上吉企業社,新北市鶯歌區大湖路642號,張卉錚,200000,,115/03/06,所在地變更,CA01050 鋼材二次加工業；F106010 五金批發業；F113010 機械批發業；F206010 五金零售業；F213040 精密儀器零售業；F213080 機械器具零售業；ZZ99999 除許可業務外，得經營法令非禁止或限制之業務,新北市,變更,11503
60058022,玖棋企業社,新北市三重區重新路2段15之3號(2樓),江祺鴻,200000,,115/03/25,轉讓登記,F102040 飲料批發業；F102170 食品什貨批發業；F203010 食品什貨、飲料零售業；F399040 無店面零售業；H703100 不動產租賃業；JE01010 租賃業；ZZ99999 除許可業務外，得經營法令非禁止或限制之業務,新北市,變更,11503
60058276,湘味粉麵館,新北市板橋區民享街116巷8號之1,凃泓宇,100000,,115/03/23,轉讓登記,F501060 餐館業,新北市,變更,11503
60060456,旭光實業社,新北市中和區中山路2段146號地下一層,廖偉豪,200000,,115/03/19,所在地變更,G799990 其他運輸輔助業；F105050 家具、寢具、廚房器具、裝設品批發業；F205040 家具、寢具、廚房器具、裝設品零售業；F114990 其他交通運輸工具及其零件批發業；F199990 其他批發業；F399040 無店面零售業；J101030 廢棄物清除業；ZZ99999 除許可業務外，得經營法令非禁止或限制之業務,新北市,變更,11503
60060765,抓聖企業社,新北市中和區連城路469巷6號115年03月,黃柏維,20000,,115/03/18,轉讓登記,F203010 食品什貨、飲料零售業；F206020 日常用品零售業；F206010 五金零售業；F207030 清潔用品零售業；F213010 電器零售業；F299990 其他零售業；F204110 布疋、衣著、鞋、帽、傘、服飾品零售業,新北市,變更,11503
60061119,陳主委企業社,新北市中和區員山路327巷6號(1樓),施廷,100000,,115/03/16,轉讓登記,ZZ99999 除許可業務外，得經營法令非禁止或限制之業務；F209060 文教、樂器、育樂用品零售業；F203010 食品什貨、飲料零售業,新北市,變更,11503
60064919,寯瑞玉石商行,新北市鶯歌區鳳七路36號5樓,張連廷,200000,,115/03/27,轉讓登記,F115010 首飾及貴金屬批發業；F115020 礦石批發業；F106050 陶瓷玻璃器皿批發業；F106020 日常用品批發業；F106070 祭祀用品批發業；F199990 其他批發業；F206020 日常用品零售業；F206060 祭祀用品零售業；F215010 首飾及貴金屬零售業；F215020 礦石零售業；F299990 其他零售業；F105050 家具、寢具、廚房器具、裝設品批發業；F205040 家具、寢具、廚房器具、裝設品零售業；F401010 國際貿易業；F399040 無店面零售業；I501010 產品設計業；I599990 其他設計業；F104110 布疋、衣著、鞋、帽、傘、服飾品批發業；F119010 電子材料批發業；H703090 不動產買賣業；H703100 不動產租賃業；ZZ99999 除許可業務外，得經營法令非禁止或限制之業務,新北市,變更,11503
60065277,昱禾豐商行,新北市永和區竹林路39巷14之1號(1樓),林玫芳,200000,,115/03/31,名稱變更,F501990 其他餐飲業；F501030 飲料店業；F501060 餐館業；ZZ99999 除許可業務外，得經營法令非禁止或限制之業務,新北市,變更,11503
60066199,越安工作室,新北市新莊區新莊路391號(1樓),黎佳芳,150000,,115/03/19,轉讓登記,JZ99990 未分類其他服務業,新北市,變更,11503
60069098,銘富啟時工作室,新北市板橋區懷仁街49號115年03月,古育銘,249999,,115/03/27,所營業務變更,F399990 其他綜合零售業；F399040 無店面零售業；F206020 日常用品零售業；F206030 模具零售業；F209060 文教、樂器、育樂用品零售業；F204110 布疋、衣著、鞋、帽、傘、服飾品零售業；I501010 產品設計業；I502010 服飾設計業；I599990 其他設計業；JZ99990 未分類其他服務業；I301020 資料處理服務業；I199990 其他顧問服務業,新北市,變更,11503
60071691,尚和亞寵物館,新北市永和區安樂路248之2號,林正光,200000,,115/03/27,所營業務變更,F106060 寵物食品及其用品批發業；F101120 觀賞魚批發業；F103010 飼料批發業；F206050 寵物食品及其用品零售業；F201090 觀賞魚零售業；F202010 飼料零售業；F299990 其他零售業；F399040 無店面零售業；F401010 國際貿易業；JZ99180 寵物美容服務業；ZZ99999 除許可業務外，得經營法令非禁止或限制之業務；F201081 特定寵物零售業,新北市,變更,11503
60073678,越沐天和美容坊,新北市新莊區新北大道7段642號,陳艷莊,50000,,115/03/20,所營業務變更,JZ99080 美容美髮服務業；JF01020 按摩業,新北市,變更,11503
60073902,鈺瑩企業社,新北市新莊區幸福路886號11樓115年03月,洪小文,100000,,115/03/17,轉讓登記,F104110 布疋、衣著、鞋、帽、傘、服飾品批發業；F105050 家具、寢具、廚房器具、裝設品批發業；F106010 五金批發業；F106020 日常用品批發業；F109070 文教、樂器、育樂用品批發業；F115010 首飾及貴金屬批發業；F204110 布疋、衣著、鞋、帽、傘、服飾品零售業；F205040 家具、寢具、廚房器具、裝設品零售業；F206010 五金零售業；F206020 日常用品零售業；F209060 文教、樂器、育樂用品零售業；F215010 首飾及貴金屬零售業；ZZ99999 除許可業務外，得經營法令非禁止或限制之業務,新北市,變更,11503
60074493,博速工作室,新北市三重區重新路4段95號9樓之2,吳佩蓁,200000,,115/03/26,名稱變更,F219010 電子材料零售業；F113050 電腦及事務性機器設備批發業；F213030 電腦及事務性機器設備零售業；F113070 電信器材批發業；F213060 電信器材零售業；F113020 電器批發業；F213010 電器零售業；F399040 無店面零售業；G903010 電信事業；E605010 電腦設備安裝業；E701010 電信工程業；E701040 簡易電信設備安裝業；I199990 其他顧問服務業；JA02010 電器及電子產品修理業；F218010 資訊軟體零售業；F108040 化粧品批發業；F208040 化粧品零售業；ZZ99999 除許可業務外，得經營法令非禁止或限制之業務,新北市,變更,11503
60074607,維納斯髮妝工作室,新北市板橋區莊敬路148之2號(1樓),鍾雅如,50000,,115/03/11,轉讓登記,JZ99080 美容美髮服務業,新北市,變更,11503
60078955,新生一八三俱樂部,新北市中和區新生街183號,丁世杰,200000,,115/03/10,轉讓登記,F209060 文教、樂器、育樂用品零售業；F206020 日常用品零售業；JE01010 租賃業；J799990 其他休閒服務業；F213990 其他機械器具零售業；JZ99990 未分類其他服務業；F399040 無店面零售業；ZZ99999 除許可業務外，得經營法令非禁止或限制之業務,新北市,變更,11503
60079434,璞隆企業社,新北市土城區中央路2段149巷16號,陳瑋真,1200000,,115/03/18,增資變更,F106010 五金批發業；F107010 漆料、塗料批發業；F111090 建材批發業；F120010 耐火材料批發業；F206010 五金零售業；F207010 漆料、塗料零售業；F211010 建材零售業；F220010 耐火材料零售業；E801010 室內裝潢業；E801030 室內輕鋼架工程業；E801070 廚具、衛浴設備安裝工程業；E901010 油漆工程業；E903010 防蝕、防銹工程業；I503010 景觀、室內設計業；ZZ99999 除許可業務外，得經營法令非禁止或限制之業務,新北市,變更,11503
60082923,源欣企業社,新北市新莊區中港路621號115年03月,陳建文,200000,,115/03/11,轉讓登記,F209060 文教、樂器、育樂用品零售業；F203010 食品什貨、飲料零售業,新北市,變更,11503
60111069,鑫風格企業社,新北市三峽區嘉添里白雞30之7號115年03月,黃茜嬋,200000,,115/03/25,外縣市遷入,A102060 糧商業；CA02990 其他金屬製品製造業；CA04010 表面處理業；E605010 電腦設備安裝業；E701040 簡易電信設備安裝業；F102030 菸酒批發業；F107080 環境用藥批發業；F111090 建材批發業；F113050 電腦及事務性機器設備批發業；F113070 電信器材批發業；F118010 資訊軟體批發業；F119010 電子材料批發業；F201010 農產品零售業；F201020 畜產品零售業；F201030 水產品零售業；F201050 漁具零售業；F201070 花卉零售業；F201090 觀賞魚零售業；F202010 飼料零售業；F203010 食品什貨、飲料零售業；F203020 菸酒零售業；F204110 布疋、衣著、鞋、帽、傘、服飾品零售業；F205040 家具、寢具、廚房器具、裝設品零售業；F206020 日常用品零售業；F206050 寵物食品及其用品零售業；F207030 清潔用品零售業；F207080 環境用藥零售業；F208040 化粧品零售業；F208050 乙類成藥零售業；F209060 文教、樂器、育樂用品零售業；F210010 鐘錶零售業；F210020 眼鏡零售業；F211010 建材零售業；F213030 電腦及事務性機器設備零售業；F213060 電信器材零售業；F214010 汽車零售業；F214020 機車零售業；F214030 汽、機車零件配備零售業；F214040 自行車及其零件零售業；F215010 首飾及貴金屬零售業；F216010 照相器材零售業；F218010 資訊軟體零售業；F219010 電子材料零售業；F299990 其他零售業；F399040 無店面零售業；F399990 其他綜合零售業；F401010 國際貿易業；ZZ99999 除許可業務外，得經營法令非禁止或限制之業務,新北市,變更,11503
60271430,晴湘美學企業,新北市新莊區裕民街55巷11號3樓,吳青妤,30000,,115/03/26,外縣市遷入,JZ99080 美容美髮服務業；ZZ99999 除許可業務外，得經營法令非禁止或限制之業務,新北市,變更,11503
61218096,聖鑫水電工程行,新北市板橋區民權路260巷1弄35號(1樓),丁偉倫,245000,,115/03/19,所在地變更,E599010 配管工程業；E601020 電器安裝業；E603090 照明設備安裝工程業；E605010 電腦設備安裝業；E701040 簡易電信設備安裝業；E801010 室內裝潢業；E801070 廚具、衛浴設備安裝工程業；E603050 自動控制設備工程業；E603010 電纜安裝工程業；E701010 電信工程業；E603040 消防安全設備安裝工程業；F113020 電器批發業；F113050 電腦及事務性機器設備批發業；F113070 電信器材批發業；F119010 電子材料批發業；F213010 電器零售業；F213030 電腦及事務性機器設備零售業；F213060 電信器材零售業；F219010 電子材料零售業；F213990 其他機械器具零售業；F218010 資訊軟體零售業；E801020 門窗安裝工程業；E801030 室內輕鋼架工程業；E801040 玻璃安裝工程業；E901010 油漆工程業；E903010 防蝕、防銹工程業；G903010 電信事業；F105050 家具、寢具、廚房器具、裝設品批發業；F111090 建材批發業；F120010 耐火材料批發業；F205040 家具、寢具、廚房器具、裝設品零售業；F211010 建材零售業；F220010 耐火材料零售業；I503010 景觀、室內設計業；I599990 其他設計業；ZZ99999 除許可業務外，得經營法令非禁止或限制之業務,新北市,變更,11503
61218103,晴宸商行,新北市土城區立德路39號,黃雅茹,150000,,115/03/02,轉讓登記,F501060 餐館業,新北市,變更,11503
61218482,拉拉企業社,新北市汐止區長江街13巷9號4樓115年03月,周蕎妞,200000,,115/03/27,所營業務變更,H201010 一般投資業；I103060 管理顧問業；I199990 其他顧問服務業；JZ99050 仲介服務業；F215010 首飾及貴金屬零售業；ZZ99999 除許可業務外，得經營法令非禁止或限制之業務,新北市,變更,11503
61219383,實在好物選物販賣,新北市土城區清水路68號,邱瀞儀,10000,,115/03/11,名稱變更,F209060 文教、樂器、育樂用品零售業；F399040 無店面零售業；F399990 其他綜合零售業；F203010 食品什貨、飲料零售業,新北市,變更,11503
61219638,涼心企業社,新北市蘆洲區長安街249巷3號,林耕民,200000,,115/03/12,轉讓登記,F209060 文教、樂器、育樂用品零售業；F206020 日常用品零售業；F203010 食品什貨、飲料零售業；F213060 電信器材零售業；ZZ99999 除許可業務外，得經營法令非禁止或限制之業務,新北市,變更,11503
61220348,新永佳汽車企業社,新北市三重區仁愛街528號,莊瑞堂,200000,,115/03/17,所在地變更,F214030 汽、機車零件配備零售業；F214050 車胎零售業；ZZ99999 除許可業務外，得經營法令非禁止或限制之業務,新北市,變更,11503
61221228,緣音工作室,新北市淡水區淡金路2段209號7樓,李名庭,200000,,115/03/31,所在地變更,J604010 聲音錄製及音樂發行業；J602010 演藝活動業；J601010 藝文服務業；J401010 電影片製作業；ZZ99999 除許可業務外，得經營法令非禁止或限制之業務,新北市,變更,11503
61221402,潔而康洗衣店,新北市三峽區學成路278號(1樓),李文淵,100000,,115/03/13,名稱變更,JA03010 洗衣業,新北市,變更,11503
61221584,利來餐飲,新北市新店區大豐路42號,丁博文,100000,,115/03/17,轉讓登記,F501990 其他餐飲業；F203010 食品什貨、飲料零售業；ZZ99999 除許可業務外，得經營法令非禁止或限制之業務,新北市,變更,11503
61222985,楓創企業社,新北市三芝區中正路1段18巷88號5樓,鄭楓如,200000,,115/03/04,名稱變更,E601020 電器安裝業；E601010 電器承裝業；JA02010 電器及電子產品修理業；F213010 電器零售業,新北市,變更,11503
61223128,抓聖企業社永豐分店,新北市土城區永豐路139之1號(1樓) 115年03月,黃柏維,20000,,115/03/18,分支機構經理人變更,F203010 食品什貨、飲料零售業；F206020 日常用品零售業；F206010 五金零售業；F207030 清潔用品零售業；F213010 電器零售業；F299990 其他零售業；F204110 布疋、衣著、鞋、帽、傘、服飾品零售業,新北市,變更,11503
61223252,易揚實業行,新北市樹林區大安路203號,張子揚,1280000,,115/03/16,增資變更,E599010 配管工程業；E603010 電纜安裝工程業；E603090 照明設備安裝工程業；E603100 電焊工程業；E604010 機械安裝業；F106010 五金批發業；F206010 五金零售業；F106040 水器材料批發業；F111090 建材批發業；F113020 電器批發業；J101080 資源回收業；ZZ99999 除許可業務外，得經營法令非禁止或限制之業務,新北市,變更,11503
61223289,神之手商行,新北市中和區民享街99號,龔庭玉,200000,,115/03/09,轉讓登記,F209060 文教、樂器、育樂用品零售業；F203010 食品什貨、飲料零售業；F206020 日常用品零售業,新北市,變更,11503
61224323,釋度心研所,新北市林口區民生路17號,林淑英,200000,,115/03/04,所在地變更,I199990 其他顧問服務業；JZ99990 未分類其他服務業；ZZ99999 除許可業務外，得經營法令非禁止或限制之業務,新北市,變更,11503
61225097,華上品餐館,新北市板橋區中山路1段2號地下1樓72號,蔡昌碩,100000,,115/03/09,轉讓登記,F501060 餐館業,新北市,變更,11503
61225511,原進清潔社,新北市淡水區新市二路2段130號5樓,張紫琁,200000,,115/03/02,轉讓登記,J101010 建築物清潔服務業；J101020 病媒防治業；J101030 廢棄物清除業；J101040 廢棄物處理業；J101060 廢（污）水處理業；J101080 資源回收業；J101090 廢棄物清理業；J101990 其他環境衛生及污染防治服務業；ZZ99999 除許可業務外，得經營法令非禁止或限制之業務；A301030 水產養殖業；A302020 漁業服務業；A399990 其他漁業,新北市,變更,11503
61226672,德德寶工作室,新北市新店區中正路700巷69號2樓,葉邱陞,100000,,115/03/10,轉讓登記,F204110 布疋、衣著、鞋、帽、傘、服飾品零售業；F399040 無店面零售業；ZZ99999 除許可業務外，得經營法令非禁止或限制之業務,新北市,變更,11503
61227659,夾爸梨選物販賣商行,新北市板橋區南雅西路2段239號(1樓),游川禾,80000,,115/03/02,轉讓登記,F209060 文教、樂器、育樂用品零售業,新北市,變更,11503
61229930,我喜歡你企業社,新北市鶯歌區福德四街4號115年03月,黃俊崎,10000,,115/03/27,所營業務變更,ZZ99999 除許可業務外，得經營法令非禁止或限制之業務；I301010 資訊軟體服務業；I301030 電子資訊供應服務業；F218010 資訊軟體零售業；F401010 國際貿易業；F399040 無店面零售業；I301020 資料處理服務業,新北市,變更,11503
61230514,禾茗企業社,新北市新莊區幸福路64巷4弄14號3樓115年03月,蘇杰凱,200000,,115/03/04,所營業務變更,E601010 電器承裝業；E601020 電器安裝業；E599010 配管工程業；E603020 電梯安裝工程業；E603040 消防安全設備安裝工程業；E603050 自動控制設備工程業；E603090 照明設備安裝工程業；E603100 電焊工程業；E604010 機械安裝業；E605010 電腦設備安裝業；E701010 電信工程業；E801010 室內裝潢業；E801020 門窗安裝工程業；E801030 室內輕鋼架工程業；E801040 玻璃安裝工程業；E801070 廚具、衛浴設備安裝工程業；EZ15010 保溫、保冷安裝工程業；F106040 水器材料批發業；F111090 建材批發業；F113010 機械批發業；F113020 電器批發業；F113070 電信器材批發業；F117010 消防安全設備批發業；F119010 電子材料批發業；F206040 水器材料零售業；F211010 建材零售業；F213010 電器零售業；F213060 電信器材零售業；F217010 消防安全設備零售業；F219010 電子材料零售業；F399040 無店面零售業；F401010 國際貿易業；I301010 資訊軟體服務業；IF01010 消防安全設備檢修業；IG03010 能源技術服務業；H701010 住宅及大樓開發租售業；H701020 工業廠房開發租售業；H701050 投資興建公共建設業；H701060 新市鎮、新社區開發業；H701070 區段徵收及市地重劃代辦業；H702010 建築經理業；H703090 不動產買賣業；H703100 不動產租賃業；H701090 都市更新整建維護業；HZ99990 其他金融、保險及不動產業；I102010 一般投資顧問業；I103060 管理顧問業；I199990 其他顧問服務業；I401010 一般廣告服務業；I503010 景觀設計業；IZ12010 人力派遣業；IZ15010 市場研究及民意調查業；IZ99990 其他工商服務業；JZ99050 仲介服務業；ZZ99999 除許可業務外，得經營法令非禁止或限制之業務,新北市,變更,11503
61231160,安冠配送商行,新北市中和區中山路2段582號(1樓),王苡瑄,100000,,115/03/06,組織變更,G799990 其他運輸輔助業；IZ06010 理貨包裝業,新北市,變更,11503
61231372,宇辰水電工程行,新北市板橋區莊敬路229號2樓,陳信全,500000,,115/03/11,增資變更,E601010 電器承裝業；E601020 電器安裝業；E599010 配管工程業,新北市,變更,11503
61233420,盛鼎餐飲坊,新北市中和區民安街36號(1樓),張騰中,100000,,115/03/25,所在地變更,F501990 其他餐飲業；F203010 食品什貨、飲料零售業；F501030 飲料店業,新北市,變更,11503
61233483,捌貳美業工作室,新北市新莊區民安路16之11號(2樓),謝馨慧,100000,,115/03/05,所營業務變更,F208040 化粧品零售業；JZ99080 美容美髮服務業；JZ99990 未分類其他服務業；ZZ99999 除許可業務外，得經營法令非禁止或限制之業務,新北市,變更,11503
61234618,拾序日常商行,新北市三重區集美街194號(1樓),康百湘,10000,,115/03/25,轉讓登記,F203010 食品什貨、飲料零售業；F206020 日常用品零售業；F209060 文教、樂器、育樂用品零售業,新北市,變更,11503
61234928,起柒企業社,新北市泰山區信華二街13號14樓,范淑妮,150000,,115/03/25,所營業務變更,F399040 無店面零售業；F201020 畜產品零售業；F201030 水產品零售業；F203010 食品什貨、飲料零售業；F203020 菸酒零售業；F299990 其他零售業；ZZ99999 除許可業務外，得經營法令非禁止或限制之業務,新北市,變更,11503
61235124,好珈宅商行,新北市新莊區中平路291號9樓,莊家琪,100000,,115/03/17,所在地變更,F203010 食品什貨、飲料零售業；F203020 菸酒零售業；F206020 日常用品零售業；F399040 無店面零售業；ZZ99999 除許可業務外，得經營法令非禁止或限制之業務,新北市,變更,11503
61235362,古霸企業社,新北市板橋區富山街62巷16號5樓,郭警文,200000,,115/03/09,所營業務變更,JE01010 租賃業,新北市,變更,11503
61236094,克洛芙商行,新北市林口區中山路123巷4號4樓115年03月,李咏垠,50000,,115/03/20,所營業務變更,F299990 其他零售業；F399040 無店面零售業；F399990 其他綜合零售業；ZZ99999 除許可業務外，得經營法令非禁止或限制之業務,新北市,變更,11503
61237523,昱芯國際實業社,新北市中和區建八路16號18樓之2,張雅婷,200000,,115/03/06,其他,F401010 國際貿易業；F399040 無店面零售業；F299990 其他零售業；F199990 其他批發業；F102170 食品什貨批發業；F215020 礦石零售業；I599990 其他設計業；I504010 花藝設計業；F501990 其他餐飲業；I101090 食品顧問業；I103060 管理顧問業；C104020 烘焙炊蒸食品製造業；F203010 食品什貨、飲料零售業；F119010 電子材料批發業；F219010 電子材料零售業；ZZ99999 除許可業務外，得經營法令非禁止或限制之業務,新北市,變更,11503
61237967,半島水產商行,新北市板橋區光復街211號13樓,簡思琦,200000,,115/03/06,所在地變更,F101050 水產品批發業；F101990 其他農、畜、水產品批發業；F102170 食品什貨批發業；F199990 其他批發業；F201030 水產品零售業；F201990 其他農畜水產品零售業；F203010 食品什貨、飲料零售業；F399040 無店面零售業；F401010 國際貿易業；ZZ99999 除許可業務外，得經營法令非禁止或限制之業務,新北市,變更,11503
61238001,潤甯企業社,新北市板橋區華江一路210號6樓,林鈺庭,100000,,115/03/25,轉讓登記,F102040 飲料批發業；F102170 食品什貨批發業；F108040 化粧品批發業；F203010 食品什貨、飲料零售業；F208040 化粧品零售業；F399040 無店面零售業；F401010 國際貿易業；JZ99990 未分類其他服務業；ZZ99999 除許可業務外，得經營法令非禁止或限制之業務,新北市,變更,11503
61238163,保健企業社,新北市中和區保健路13號(1樓),黃元鐸,50000,,115/03/05,所營業務變更,F209060 文教、樂器、育樂用品零售業,新北市,變更,11503
61238419,溪山龍韻茶文化企業社,新北市板橋區中山路2段212巷4號地下一層115年03月,陳冠兆,200000,,115/03/05,所營業務變更,F201010 農產品零售業；F203010 食品什貨、飲料零售業；F205040 家具、寢具、廚房器具、裝設品零售業；F299990 其他零售業；F399990 其他綜合零售業；F206020 日常用品零售業；F206040 水器材料零售業；F399040 無店面零售業,新北市,變更,11503
61238430,京谷牛仔屋,新北市板橋區裕民街35號,蔡沛瑾,200000,,115/03/26,轉讓登記,F204110 布疋、衣著、鞋、帽、傘、服飾品零售業；IZ14020 公益彩券經銷業,新北市,變更,11503
61238473,日日療癒企業社,新北市新莊區富貴路502號4樓,鄒佳蓉,150000,,115/03/30,其他,I199990 其他顧問服務業；F299990 其他零售業；F203010 食品什貨、飲料零售業；F199990 其他批發業；I301010 資訊軟體服務業；JZ99990 未分類其他服務業；J202010 產業育成業；I401010 一般廣告服務業,新北市,變更,11503
61239352,大可甜職人工坊,新北市中和區中正路689號7樓之1,王心怡,100000,,115/03/11,所營業務變更,F203010 食品什貨、飲料零售業；F399040 無店面零售業,新北市,變更,11503
61239775,元楥商行,新北市中和區民有街4號,黃文豪,100000,,115/03/18,轉讓登記,F501060 餐館業,新北市,變更,11503
61240301,澄宝寵物美容,新北市板橋區溪崑二街112巷17號(1樓),林怡秀,100000,,115/03/03,所營業務變更,JZ99180 寵物美容服務業；A401031 特定寵物服務業；F206050 寵物食品及其用品零售業；F399040 無店面零售業；ZZ99999 除許可業務外，得經營法令非禁止或限制之業務,新北市,變更,11503
61241152,星鏈娛樂工作室,新北市淡水區中山路95巷10之2號(1樓) 115年03月,張晉豪,50000,,115/03/04,所營業務變更,J401010 電影片製作業；J402010 電影片發行業；J404010 動畫影片製作業；J305010 有聲出版業；J601010 藝文服務業；J602010 演藝活動業；J503010 廣播節目製作業（原:J503011廣播節目製作業）；J503020 電視節目製作業（原:J503021電視節目製作業）；I301010 資訊軟體服務業；I301020 資料處理服務業；I301030 電子資訊供應服務業；I599990 其他設計業；F399040 無店面零售業；I401010 一般廣告服務業；JZ99030 攝影業；JZ99050 仲介服務業；JZ99990 未分類其他服務業；I301050 實境體感應用服務業；I301060 網路廣告平臺業,新北市,變更,11503
61241168,八八八市集企業社,新北市板橋區北門街2號、4號,陳亞廷,100000,,115/03/23,更正,F209060 文教、樂器、育樂用品零售業；F109070 文教、樂器、育樂用品批發業；F401010 國際貿易業；F299990 其他零售業；F399040 無店面零售業；F399990 其他綜合零售業；H703100 不動產租賃業；J601010 藝文服務業；J602010 演藝活動業；J701070 資訊休閒業；J799990 其他休閒服務業；J801030 競技及休閒運動場館業；JB01010 會議及展覽服務業；JE01010 租賃業；JZ99030 攝影業；JZ99050 仲介服務業；JZ99990 未分類其他服務業；I199990 其他顧問服務業；I401010 一般廣告服務業；I501010 產品設計業；IZ12010 人力派遣業；IZ99990 其他工商服務業；ZZ99999 除許可業務外，得經營法令非禁止或限制之業務,新北市,變更,11503
61242005,錦棠商行,新北市板橋區板城路1000號,王錦棠,200000,,115/03/16,所在地變更,F101130 蔬果批發業,新北市,變更,11503
61242096,鎧驣金屬機械企業社,新北市樹林區佳園路3段21巷14號115年03月,王瑞麟,520000,,115/03/17,增資變更,F106010 五金批發業；F206010 五金零售業；F111090 建材批發業；F211010 建材零售業；F106040 水器材料批發業；F206040 水器材料零售業；F199990 其他批發業；F299990 其他零售業；F106030 模具批發業；F206030 模具零售業；F399990 其他綜合零售業；CA01060 鋼線鋼纜製造業；CA01100 鋁材軋延、伸線、擠型業；CA01130 銅材軋延、伸線、擠型業；CA01160 鎂材軋延、伸線、擠型業；CA01990 其他非鐵金屬基本工業；CA02010 金屬結構及建築組件製造業；CA02990 其他金屬製品製造業；F401010 國際貿易業；ZZ99999 除許可業務外，得經營法令非禁止或限制之業務,新北市,變更,11503
61242390,渼仁瑀企業社,新北市土城區學府路2段355號(1樓),方瑀,100000,,115/03/19,所營業務變更,F201010 農產品零售業；F201020 畜產品零售業；F201030 水產品零售業；F201990 其他農畜水產品零售業；F203010 食品什貨、飲料零售業；F203020 菸酒零售業；F203030 酒精零售業；F203040 雪茄零售業；F205040 家具、寢具、廚房器具、裝設品零售業；F206020 日常用品零售業；F221010 食品添加物零售業；F299990 其他零售業；ZZ99999 除許可業務外，得經營法令非禁止或限制之業務；A102060 糧商業；F399040 無店面零售業；F399990 其他綜合零售業；F501990 其他餐飲業；F501030 飲料店業；F501060 餐館業,新北市,變更,11503
61242639,振奮商行,新北市新店區中華路1號(1樓),徐瑋梵,200000,,115/03/10,其他,F501990 其他餐飲業,新北市,變更,11503
61242808,易購買雜貨舖,新北市板橋區三民路2段34號7樓,蕭郁庭,50000,,115/03/16,所在地變更,F399040 無店面零售業；F203010 食品什貨、飲料零售業；F204110 布疋、衣著、鞋、帽、傘、服飾品零售業；F205040 家具、寢具、廚房器具、裝設品零售業；F206010 五金零售業；F206020 日常用品零售業；F207030 清潔用品零售業；F208040 化粧品零售業；F399990 其他綜合零售業；ZZ99999 除許可業務外，得經營法令非禁止或限制之業務,新北市,變更,11503
61242954,新旺果菜行,新北市板橋區板城路1000號,廖芳林,200000,,115/03/18,所在地變更,F101130 蔬果批發業；F201010 農產品零售業,新北市,變更,11503
61243145,點點陳插畫設計工作室,新北市中和區自立路99巷55號18樓,陳柏穎,50000,,115/03/25,所營業務變更,F209060 文教、樂器、育樂用品零售業；I501010 產品設計業；F399040 無店面零售業,新北市,變更,11503
61243216,明煜選品商行,新北市三重區成功路1號6樓之1 115年03月,陳憶樺,100000,,115/03/23,所營業務變更,F399040 無店面零售業；I301020 資料處理服務業；I401010 一般廣告服務業；JZ99990 未分類其他服務業；I301060 網路廣告平臺業；I301030 電子資訊供應服務業；F401010 國際貿易業,新北市,變更,11503
61243308,麗塔國際選品商行,新北市板橋區四川路1段146號(3樓),林怡葶,50000,,115/03/13,所營業務變更,F399040 無店面零售業；F204110 布疋、衣著、鞋、帽、傘、服飾品零售業；F209060 文教、樂器、育樂用品零售業；ZZ99999 除許可業務外，得經營法令非禁止或限制之業務,新北市,變更,11503
61243378,祥運蔬菜行,新北市板橋區板城路1000號,吳東帆,100000,,115/03/26,所在地變更,F201010 農產品零售業,新北市,變更,11503
61243449,俊森工程行,新北市樹林區保安街1段11號11樓之2,賴鴻俊,200000,,115/03/20,名稱變更,F211010 建材零售業；F205040 家具、寢具、廚房器具、裝設品零售業；F206010 五金零售業；F220010 耐火材料零售業；F213010 電器零售業；F207010 漆料、塗料零售業；E601020 電器安裝業；E601010 電器承裝業；E801010 室內裝潢業；E801020 門窗安裝工程業；E801030 室內輕鋼架工程業；E801040 玻璃安裝工程業；E901010 油漆工程業；E801070 廚具、衛浴設備安裝工程業；E599010 配管工程業；I599990 其他設計業；I503010 景觀設計業；ZZ99999 除許可業務外，得經營法令非禁止或限制之業務,新北市,變更,11503
61243567,竹惠蔬果行,新北市板橋區板城路1000號,林俊諺,3000,,115/03/16,所在地變更,F201010 農產品零售業,新北市,變更,11503
61244257,噗尼工作室,新北市板橋區四川路2段123號11樓之5,倪聖貽,100000,,115/03/20,所營業務變更,F203010 食品什貨、飲料零售業；F204110 布疋、衣著、鞋、帽、傘、服飾品零售業；F205040 家具、寢具、廚房器具、裝設品零售業；F206020 日常用品零售業；F207030 清潔用品零售業；F209060 文教、樂器、育樂用品零售業；F399040 無店面零售業；ZZ99999 除許可業務外，得經營法令非禁止或限制之業務,新北市,變更,11503
61244518,歲月晉好工作室,新北市新店區安興路125之3號8樓,黃鈺晉,50000,,115/03/30,所在地變更,J601010 藝文服務業；J602010 演藝活動業；J603010 音樂展演空間業；IZ12010 人力派遣業；ZZ99999 除許可業務外，得經營法令非禁止或限制之業務,新北市,變更,11503
61244545,金雞母室內停車場,新北市淡水區北新路184巷132號地下一層115年03月,鄭美玉,80000,,115/03/11,轉讓登記,G202010 停車場經營業；ZZ99999 除許可業務外，得經營法令非禁止或限制之業務,新北市,變更,11503
61244806,安富國際坊,新北市樹林區中山路3段271號(1樓),邱凡榮,200000,,115/03/24,所營業務變更,F213060 電信器材零售業；F213030 電腦及事務性機器設備零售業；IE01010 電信業務門號代辦業；IZ13010 網路認證服務業；I301010 資訊軟體服務業；IZ99990 其他工商服務業；ZZ99999 除許可業務外，得經營法令非禁止或限制之業務；I103060 管理顧問業；JZ99050 仲介服務業,新北市,變更,11503
61244876,沁雨工作坊,新北市永和區中正路746號11樓之2,顏涔洛,200000,,115/03/31,所營業務變更,JZ99080 美容美髮服務業,新北市,變更,11503
61245220,仕帆食宴工作室,新北市中和區中山路2段332巷13號12樓,王雅麗,200000,,115/03/26,轉讓登記,F102170 食品什貨批發業；F106020 日常用品批發業；F102040 飲料批發業；F203010 食品什貨、飲料零售業；F206020 日常用品零售業；F399990 其他綜合零售業；F399040 無店面零售業；F501060 餐館業；F501990 其他餐飲業；ZZ99999 除許可業務外，得經營法令非禁止或限制之業務,新北市,變更,11503
61245333,尼好文創工作室,新北市板橋區中山路2段89巷1弄6號5樓,王維承,200000,,115/03/23,所營業務變更,F399040 無店面零售業；F204110 布疋、衣著、鞋、帽、傘、服飾品零售業；F209060 文教、樂器、育樂用品零售業；ZZ99999 除許可業務外，得經營法令非禁止或限制之業務,新北市,變更,11503
61245349,實光元布堂,新北市新店區寶慶街5號6樓之1,張馨禹,35000,,115/03/19,減資變更,F215010 首飾及貴金屬零售業；F215020 礦石零售業；F399040 無店面零售業,新北市,變更,11503
61245559,貓和工作坊,新北市永和區民有街98巷4號115年03月,彭羽彤,200000,,115/03/31,所營業務變更,F206020 日常用品零售業；F209060 文教、樂器、育樂用品零售業；F601010 智慧財產權業；I501010 產品設計業；ZZ99999 除許可業務外，得經營法令非禁止或限制之業務；E801010 室內裝潢業；E901010 油漆工程業；E903010 防蝕、防銹工程業；EZ99990 其他工程業；F106010 五金批發業；F107010 漆料、塗料批發業；F107020 染料、顏料批發業；F107030 清潔用品批發業；F111090 建材批發業；F206010 五金零售業；F207010 漆料、塗料零售業；F207020 染料、顏料零售業；F207030 清潔用品零售業；I503010 景觀設計業；I599990 其他設計業；J101010 建築物清潔服務業；ZZ99999 除許可業務外，得經營法令非禁止或限制之業務,新北市,變更,11503
61245832,一隻雞工作室,新北市汐止區工建路98號9樓之1,吳瑞峰,50000,,115/03/27,所營業務變更,I501010 產品設計業；F399040 無店面零售業；F209060 文教、樂器、育樂用品零售業；F299990 其他零售業；ZZ99999 除許可業務外，得經營法令非禁止或限制之業務,新北市,變更,11503
61246115,芯妍美容坊,新北市三峽區復興路165號(1樓),李昀芯,200000,,115/03/26,所營業務變更,F206020 日常用品零售業；F208040 化粧品零售業；F203010 食品什貨、飲料零售業；JZ99080 美容美髮服務業；ZZ99999 除許可業務外，得經營法令非禁止或限制之業務,新北市,變更,11503
61246121,簡單饗食商行,新北市板橋區三民路2段245巷4號,林玉臻,100000,,115/03/31,所營業務變更,F501060 餐館業；F501990 其他餐飲業,新北市,變更,11503
61246396,明旺百貨商行,新北市永和區中正路579號(1樓),廖寶華,100000,,115/03/24,所營業務變更,F204110 布疋、衣著、鞋、帽、傘、服飾品零售業；F215010 首飾及貴金屬零售業,新北市,變更,11503
61246924,極瑞汽車材料行,新北市新莊區民安路152號3樓115年03月,鄭瑞璽,200000,,115/03/30,所營業務變更,F214030 汽、機車零件配備零售業；F206010 五金零售業；F207030 清潔用品零售業；F206030 模具零售業；F399040 無店面零售業；F401010 國際貿易業,新北市,變更,11503
61247162,宜祥工程行,新北市樹林區潭興街31號(1樓),柯秀珠,200000,,115/03/23,所營業務變更,E502010 燃料導管安裝工程業；E599010 配管工程業；E601020 電器安裝業；E603010 電纜安裝工程業；E603040 消防安全設備安裝工程業；E603090 照明設備安裝工程業；E603120 噴砂工程業；E607010 太陽熱能設備安裝工程業；E701010 電信工程業；E701040 簡易電信設備安裝業；E801020 門窗安裝工程業；E801030 室內輕鋼架工程業；E801040 玻璃安裝工程業；E801070 廚具、衛浴設備安裝工程業；E901010 油漆工程業；E903010 防蝕、防銹工程業；EZ99990 其他工程業；EZ06010 交通標示工程業；EZ14010 運動場地用設備工程業；F106010 五金批發業；F111090 建材批發業；F211010 建材零售業；F206010 五金零售業；ZZ99999 除許可業務外，得經營法令非禁止或限制之業務；E801010 室內裝潢業；EZ02010 起重工程業；F106040 水器材料批發業；F107010 漆料、塗料批發業；F120010 耐火材料批發業；F119010 電子材料批發業；J101010 建築物清潔服務業；J101030 廢棄物清除業；G801010 倉儲業；I503010 景觀設計業；F401010 國際貿易業；EZ11010 球場跑道樹脂材料鋪設工程業,新北市,變更,11503
61247206,星聖清潔社,新北市汐止區長江街85號4樓,白玄聖,100000,,115/03/25,所營業務變更,J101010 建築物清潔服務業；J101030 廢棄物清除業；J101090 廢棄物清理業；J101990 其他環境衛生及污染防治服務業；ZZ99999 除許可業務外，得經營法令非禁止或限制之業務,新北市,變更,11503
61248845,沐盛商行,新北市永和區得和路413號(1樓) 115年03月,陳若盈,200000,,115/03/25,名稱變更,F501030 飲料店業；ZZ99999 除許可業務外，得經營法令非禁止或限制之業務,新北市,變更,11503
61308499,傳麒藝術商行,新北市深坑區深坑街16號(1樓),盧玥蓁,200000,,115/03/13,外縣市遷入,F203010 食品什貨、飲料零售業；F203020 菸酒零售業；F205040 家具、寢具、廚房器具、裝設品零售業；F206020 日常用品零售業；F206060 祭祀用品零售業；F209060 文教、樂器、育樂用品零售業；F399990 其他綜合零售業；F601010 智慧財產權業；E801070 廚具、衛浴設備安裝工程業；ZZ99999 除許可業務外，得經營法令非禁止或限制之業務,新北市,變更,11503
66965617,莊大服飾店,新北市新莊區新泰路２１７號,張世昕,200000,,115/03/03,轉讓登記,F204110 布疋、衣著、鞋、帽、傘、服飾品零售業,新北市,變更,11503
72650426,益柔廚房,新北市三峽區學府路36號,陳彥樺,240000,,115/03/20,組織變更,F501060 餐館業,新北市,變更,11503
72650636,軒奕工程行,新北市板橋區文化路1段329號4樓,洪國棟,1000000,,115/03/05,所在地變更,EZ02010 起重工程業；EZ99990 其他工程業；E599010 配管工程業；EZ09010 靜電防護及消除工程業；JE01010 租賃業；JZ99050 仲介服務業；F107010 漆料、塗料批發業；F111090 建材批發業；F112040 石油製品批發業；F207010 漆料、塗料零售業；F211010 建材零售業；F212050 石油製品零售業；ZZ99999 除許可業務外，得經營法令非禁止或限制之業務,新北市,變更,11503
72653752,群禾汽車廠,新北市土城區中央路4段35號,侯皓炫,200000,,115/03/03,所在地變更,JA01010 汽車修理業；F214030 汽、機車零件配備零售業；JA01990 其他汽車服務業；JA01020 汽車拖吊業；ZZ99999 除許可業務外，得經營法令非禁止或限制之業務,新北市,變更,11503
72657618,嫻睿專業美體美容化妝品店,新北市淡水區中山路151之1號,陳嫻睿,10000,,115/03/11,名稱變更,JZ99080 美容美髮服務業；JZ99110 瘦身美容業；F208040 化粧品零售業；F207030 清潔用品零售業；F203010 食品什貨、飲料零售業；F399040 無店面零售業；F209060 文教、樂器、育樂用品零售業；J799990 其他休閒服務業,新北市,變更,11503
72660769,永康美式炸雞店,新北市土城區青雲路56號(1樓) 115年03月,黃詩婷,80000,,115/03/02,所在地變更,F203020 菸酒零售業；F203010 食品什貨、飲料零售業；F501060 餐館業,新北市,變更,11503
72667968,里予手機配件行,新北市樹林區樹德街6號(1樓),史惟均,50000,,115/03/03,其他,F207190 塑膠膜、袋零售業；F207990 其他化學製品零售業；F299990 其他零售業；JZ99990 未分類其他服務業；ZZ99999 除許可業務外，得經營法令非禁止或限制之業務,新北市,變更,11503
72669760,邵正小吃店,新北市樹林區東順街59號,黃妤昕,200000,,115/03/12,轉讓登記,F203010 食品什貨、飲料零售業；F501060 餐館業；ZZ99999 除許可業務外，得經營法令非禁止或限制之業務,新北市,變更,11503
72673933,樂捷企業社,新北市新店區新潭路1段22巷10號,陳銘捷,200000,,115/03/24,所在地變更,F106010 五金批發業；F111090 建材批發業；F113010 機械批發業；F113990 其他機械器具批發業；F211010 建材零售業；F213010 電器零售業；E603100 電焊工程業；E801010 室內裝潢業；E801030 室內輕鋼架工程業；EZ99990 其他工程業；F401010 國際貿易業；ZZ99999 除許可業務外，得經營法令非禁止或限制之業務,新北市,變更,11503
72674258,伖泉工程企業社,新北市土城區延吉街168巷2弄4號5樓,楊浚瑋,200000,,115/03/02,復業,E801020 門窗安裝工程業；E903010 防蝕、防銹工程業；EZ99990 其他工程業；E801010 室內裝潢業；E901010 油漆工程業；F111090 建材批發業；F211010 建材零售業；ZZ99999 除許可業務外，得經營法令非禁止或限制之業務,新北市,變更,11503
72676262,蔬采企業社,新北市蘆洲區和平路116號115年03月,劉亞文,240000,,115/03/06,所在地變更,ZZ99999 除許可業務外，得經營法令非禁止或限制之業務；J101030 廢棄物清除業；J101040 廢棄物處理業；J101080 資源回收業；J101090 廢棄物清理業；F199010 回收物料批發業,新北市,變更,11503
72678629,享初牛餐館,新北市新店區民權路86號,黃詩渝,200000,,115/03/17,復業,F501060 餐館業；F501030 飲料店業；F501990 其他餐飲業；F102030 菸酒批發業；F203020 菸酒零售業；F102040 飲料批發業；F102050 茶葉批發業；F102170 食品什貨批發業；F203010 食品什貨、飲料零售業；F201010 農產品零售業；F201020 畜產品零售業；F399040 無店面零售業；F401010 國際貿易業；I101090 食品顧問業；I401010 一般廣告服務業；I401020 廣告傳單分送業；IZ12010 人力派遣業；JE01010 租賃業；ZZ99999 除許可業務外，得經營法令非禁止或限制之業務,新北市,變更,11503
72681005,麵包兔烘焙坊,新北市板橋區藝文街199號12樓,邱淑惠,100000,,115/03/12,所在地變更,F203010 食品什貨、飲料零售業；ZZ99999 除許可業務外，得經營法令非禁止或限制之業務,新北市,變更,11503
72682573,金協慶鋼鋁工程行,新北市三峽區光明路100之2號5樓,陳柏翰,200000,,115/03/04,所在地變更,CA02010 金屬結構及建築組件製造業；CA02990 其他金屬製品製造業；F106010 五金批發業；F206010 五金零售業；EZ99990 其他工程業；ZZ99999 除許可業務外，得經營法令非禁止或限制之業務,新北市,變更,11503
72683974,皂花緣工作室,新北市新莊區中原路127號10樓之3,陳湘筑,80000,,115/03/18,所營業務變更,C802090 清潔用品製造業；F207030 清潔用品零售業；C802100 化粧品製造業；F208040 化粧品零售業；F399040 無店面零售業；C104020 烘焙炊蒸食品製造業；F203010 食品什貨、飲料零售業,新北市,變更,11503
72688247,德晟興企業社,新北市蘆洲區鷺江街89巷20號9樓,王永齊,200000,,115/03/27,負責人改名,F399010 便利商店業；ZZ99999 除許可業務外，得經營法令非禁止或限制之業務,新北市,變更,11503
72689153,安喵手作工作室,新北市三重區三和路4段117巷24號115年03月,葉乃華,70000,,115/03/09,所營業務變更,F399040 無店面零售業；F203010 食品什貨、飲料零售業；F209060 文教、樂器、育樂用品零售業；F206020 日常用品零售業；ZZ99999 除許可業務外，得經營法令非禁止或限制之業務,新北市,變更,11503
72693614,就是要炭香小吃店,新北市三重區龍門路224號,陳明永,200000,,115/03/31,所營業務變更,F501060 餐館業；ZZ99999 除許可業務外，得經營法令非禁止或限制之業務；F501030 飲料店業；I101090 食品顧問業；I103060 管理顧問業；I301010 資訊軟體服務業；I401010 一般廣告服務業,新北市,變更,11503
72696957,佳財企業社,新北市新莊區青山路1段68號8樓,張進財,240000,,115/03/09,出資額變更,F106010 五金批發業；F111090 建材批發業；F206010 五金零售業；F211010 建材零售業；F401010 國際貿易業；CA01050 鋼材二次加工業；E801010 室內裝潢業；EZ99990 其他工程業；ZZ99999 除許可業務外，得經營法令非禁止或限制之業務,新北市,變更,11503
72857670,果子樹工作室,新北市蘆洲區信義路222巷30號(1樓),林敬恒,1000000,,115/03/03,增資變更,F102170 食品什貨批發業；F203010 食品什貨、飲料零售業；F399040 無店面零售業；C109010 調味品製造業；C103050 罐頭、冷凍、脫水及醃漬食品製造業；C104020 烘焙炊蒸食品製造業；C199010 麵條、粉條類食品製造業；C199020 食用冰製造業；C199030 即食餐食製造業；C199040 豆類加工食品製造業；C199990 未分類其他食品製造業；F121010 食品添加物批發業；F399990 其他綜合零售業；F401010 國際貿易業；J701040 休閒活動場館業；F501060 餐館業；ZZ99999 除許可業務外，得經營法令非禁止或限制之業務,新北市,變更,11503
72858312,丹丹湧湧娃娃舖,新北市永和區文化路85號(1樓) 115年03月,林峰志,50000,,115/03/03,轉讓登記,F209060 文教、樂器、育樂用品零售業,新北市,變更,11503
72860289,千鐿室內裝修工程行,新北市泰山區新北大道5段121號8樓,江建旻,240000,,115/03/11,所在地變更,E801010 室內裝潢業；E801020 門窗安裝工程業；E801030 室內輕鋼架工程業；E801040 玻璃安裝工程業；E801060 室內裝修業；E801070 廚具、衛浴設備安裝工程業；E901010 油漆工程業；EZ99990 其他工程業；I501010 產品設計業；I503010 景觀、室內設計業；I504010 花藝設計業；I599990 其他設計業；E599010 配管工程業；E601010 電器承裝業；E601020 電器安裝業；E603050 自動控制設備工程業；E603090 照明設備安裝工程業；E701040 簡易電信設備安裝業；E903010 防蝕、防銹工程業,新北市,變更,11503
72861323,賀賀工作室,新北市板橋區中山路2段505巷34號4樓,李佳雯,200000,,115/03/17,所營業務變更,I401010 一般廣告服務業；J303010 雜誌（期刊）出版業；J304010 圖書出版業；F501030 飲料店業；F209060 文教、樂器、育樂用品零售業；F399040 無店面零售業；F206050 寵物食品及其用品零售業；JZ99180 寵物美容服務業；JZ99190 寵物生命紀念業；C901990 其他非金屬礦物製品製造業,新北市,變更,11503
72863700,龍吉企業社,新北市泰山區明志路2段248號5樓,蘇舜亨,240000,,115/03/23,所在地變更,J101010 建築物清潔服務業；E603100 電焊工程業；ZZ99999 除許可業務外，得經營法令非禁止或限制之業務,新北市,變更,11503
72865405,宏琳冷飲店,新北市淡水區新市二路3段102號115年03月,陳英安,200000,,115/03/19,所在地變更,F501030 飲料店業；F203010 食品什貨、飲料零售業；F206020 日常用品零售業；F207190 塑膠膜、袋零售業；F201010 農產品零售業；F204110 布疋、衣著、鞋、帽、傘、服飾品零售業；F205040 家具、寢具、廚房器具、裝設品零售業；F207030 清潔用品零售業；F208040 化粧品零售業；F209060 文教、樂器、育樂用品零售業；ZZ99999 除許可業務外，得經營法令非禁止或限制之業務,新北市,變更,11503
72867950,萬閎企業社,新北市汐止區伯爵街96巷19號3樓,蕭芝伶,240000,,115/03/02,轉讓登記,F213040 精密儀器零售業；F213060 電信器材零售業；F213080 機械器具零售業；F219010 電子材料零售業；F399040 無店面零售業；E603050 自動控制設備工程業；E604010 機械安裝業；E605010 電腦設備安裝業；ZZ99999 除許可業務外，得經營法令非禁止或限制之業務,新北市,變更,11503
72868162,饕客棧平價料理小館,新北市三重區福隆路7號,林志偉,200000,,115/03/25,出資額變更,F203010 食品什貨、飲料零售業；F203020 菸酒零售業；F501030 飲料店業；F501060 餐館業；F501990 其他餐飲業；ZZ99999 除許可業務外，得經營法令非禁止或限制之業務,新北市,變更,11503
72870337,法不語線上顧問坊,新北市板橋區重慶路21巷4號3樓,黃俊霖,220000,,115/03/27,所在地門牌整改編,I103060 管理顧問業；I199990 其他顧問服務業；I301030 電子資訊供應服務業,新北市,變更,11503
72876374,佳陵早餐店,新北市林口區文化三路1段575號(1樓),林羽萱,100000,,115/03/04,名稱變更,F501060 餐館業,新北市,變更,11503
72901401,來來按摩會館,新北市三重區重新路3段85號(1、2樓),楊修齊,100000,,115/03/03,轉讓登記,JF01010 傳統整復推拿業；JF01030 腳底按摩業；ZZ99999 除許可業務外，得經營法令非禁止或限制之業務,新北市,變更,11503
72911013,晨食餐飲企業社,新北市三重區重新路4段33號(1樓) 115年03月,吳珮琦,200000,,115/03/25,所營業務變更,F203010 食品什貨、飲料零售業；F501030 飲料店業；F101990 其他農、畜、水產品批發業；F102170 食品什貨批發業；F121010 食品添加物批發業；F201010 農產品零售業；F201990 其他農畜水產品零售業；F299990 其他零售業；F399040 無店面零售業；F399990 其他綜合零售業；F401010 國際貿易業,新北市,變更,11503
72995934,樂皮思商行,新北市三重區六張街215之1號2樓,許馨云,200000,,115/03/31,外縣市遷入,F104110 布疋、衣著、鞋、帽、傘、服飾品批發業；F105050 家具、寢具、廚房器具、裝設品批發業；F108040 化粧品批發業；F109070 文教、樂器、育樂用品批發業；F204110 布疋、衣著、鞋、帽、傘、服飾品零售業；F205040 家具、寢具、廚房器具、裝設品零售業；F208040 化粧品零售業；F209060 文教、樂器、育樂用品零售業；F399990 其他綜合零售業；F401010 國際貿易業；ZZ99999 除許可業務外，得經營法令非禁止或限制之業務,新北市,變更,11503
72998469,老鼎豐食府,新北市永和區永平路145號,劉思明,200000,,115/03/18,轉讓登記,F501060 餐館業；ZZ99999 除許可業務外，得經營法令非禁止或限制之業務,新北市,變更,11503
73909296,藝豐禮品工藝社,新北市中和區連城路89巷30號11樓,陳耀成,1000000,,115/03/24,外縣市遷入,J401010 一般廣告服務業；F299990 其他零售業(獎牌獎盃旗幟)；JZ99990 其他服務業(刻印寫字),新北市,變更,11503
74926940,汏綠企業社,新北市林口區文化北路1段422號2樓,盧素美,200000,,115/03/25,所營業務變更,I504010 花藝設計業；I503010 景觀設計業；I401010 一般廣告服務業；F501030 飲料店業；F501060 餐館業；F201070 花卉零售業；F201010 農產品零售業；F106070 祭祀用品批發業；F105050 家具、寢具、廚房器具、裝設品批發業；F205040 家具、寢具、廚房器具、裝設品零售業；F203010 食品什貨、飲料零售業；F101130 蔬果批發業；F101040 家畜家禽批發業；F214010 汽車零售業；F214030 汽、機車零件配備零售業；JB01010 會議及展覽服務業；ZZ99999 除許可業務外，得經營法令非禁止或限制之業務,新北市,變更,11503
74935737,造峰工程行,新北市樹林區保安街2段337巷11號3樓,許晉富,200000,,115/03/16,所在地變更,E599010 配管工程業,新北市,變更,11503
74947543,金鑫電器行,新北市中和區莊敬路49巷10弄24號3樓115年03月,阮錫漢,240000,,115/03/03,所在地變更,F213010 電器零售業,新北市,變更,11503
76401722,氏麥兒創意工作室,新北市中和區景平路85號11樓,邱雅君,200000,,115/03/10,外縣市遷入,J601010 藝文服務業；J602010 演藝活動業；J401010 電影片製作業；I401010 一般廣告服務業；I501010 產品設計業；I502010 服飾設計業；I199990 其他顧問服務業；JZ99050 仲介服務業；ZZ99999 除許可業務外，得經營法令非禁止或限制之業務,新北市,變更,11503
76876494,勁輪輪胎行,新北市三重區仁義街１６７巷３８弄４號,呂秋進,40000,,115/03/17,轉讓登記,F214050 車胎零售業；F114050 車胎批發業,新北市,變更,11503
77023924,日青商行,新北市三重區五谷王北街45巷53號3樓,許正平,100000,,115/03/05,所在地變更,F399040 無店面零售業；F401010 國際貿易業,新北市,變更,11503
78280463,大有汽車商行,新北市蘆洲區永樂街31巷10號6樓,梁競中,200000,,115/03/24,轉讓登記,JZ99050 仲介服務業,新北市,變更,11503
78284094,長暉水果行,新北市三重區中正北路１１１號,游佩純,20000,,115/03/12,所營業務變更,F101130 蔬果批發業；F201010 農產品零售業,新北市,變更,11503
78294190,利錞工業社,新北市蘆洲區中山二路222巷21弄21號(2樓),王照雄,240000,,115/03/03,轉讓登記,CA02030 螺絲、螺帽、螺絲釘、及鉚釘等製品製造業；CA02990 其他金屬製品製造業；CD01030 汽車及其零件製造業；CD01040 機車及其零件製造業；F106010 五金批發業；F113010 機械批發業；F114030 汽、機車零件配備批發業；F199990 其他批發業；F206010 五金零售業；F213990 其他機械器具零售業；F214030 汽、機車零件配備零售業；F299990 其他零售業；F401010 國際貿易業；ZZ99999 除許可業務外，得經營法令非禁止或限制之業務,新北市,變更,11503
78302163,家發企業社,新北市中和區民安街22巷22號4樓,劉俊麟,200000,,115/03/04,所在地變更,E901010 油漆工程業；F107010 漆料、塗料批發業；F207010 漆料、塗料零售業,新北市,變更,11503
78328298,永隆水果行,新北市三重區中正北路111號(第0010號)分貨場,陳逸峰,150000,,115/03/12,轉讓登記,F101130 蔬果批發業；F201010 農產品零售業,新北市,變更,11503
78870812,久重食品店,新北市三重區過圳街9號1樓,吳欣樺,48000,,115/03/16,繼承登記,F301030 一般百貨業,新北市,變更,11503
80001998,拾石工藝設計工作室,新北市板橋區僑中一街80巷7弄9號4樓115年03月,宋宜芳,100000,,115/03/26,所營業務變更,J601010 藝文服務業；I501010 產品設計業；C901010 陶瓷及陶瓷製品製造業；F109070 文教、樂器、育樂用品批發業；F399040 無店面零售業；F401010 國際貿易業；ZZ99999 除許可業務外，得經營法令非禁止或限制之業務,新北市,變更,11503
80003102,月龍飲飲品店,新北市永和區永和路2段205號(1樓),鄧愛敏,200000,,115/03/02,轉讓登記,F501030 飲料店業,新北市,變更,11503
80003285,毅錕工程行,新北市板橋區四川路2段245巷53之7號,陽光賢,200000,,115/03/30,所在地變更,E599010 配管工程業；E601010 電器承裝業；E603010 電纜安裝工程業；E603020 電梯安裝工程業；E603040 消防安全設備安裝工程業；E603050 自動控制設備工程業；E603090 照明設備安裝工程業；E603100 電焊工程業；E603110 冷作工程業；E603120 噴砂工程業；E801010 室內裝潢業；E801020 門窗安裝工程業；E801030 室內輕鋼架工程業；E901010 油漆工程業；E903010 防蝕、防銹工程業；EZ02010 起重工程業；EZ07010 鑽孔工程業；EZ99990 其他工程業；F106010 五金批發業；F106030 模具批發業；F106040 水器材料批發業；F107010 漆料、塗料批發業；F111090 建材批發業；F117010 消防安全設備批發業；F120010 耐火材料批發業；F399040 無店面零售業；F401010 國際貿易業；ZZ99999 除許可業務外，得經營法令非禁止或限制之業務,新北市,變更,11503
80003905,騰峰工程行,新北市三重區中華路76巷32號2樓之1,謝鋒,200000,,115/03/02,所在地變更,E599010 配管工程業；E603100 電焊工程業；E901010 油漆工程業；E903010 防蝕、防銹工程業；EZ07010 鑽孔工程業；EZ99990 其他工程業；F106010 五金批發業；F111090 建材批發業；IZ12010 人力派遣業；ZZ99999 除許可業務外，得經營法令非禁止或限制之業務,新北市,變更,11503
80004989,顧德利企業社,新北市板橋區裕民街11號115年03月,葉瑞浩,58000,,115/03/13,所在地變更,IZ14020 公益彩券經銷業；F501030 飲料店業；F203010 食品什貨、飲料零售業；ZZ99999 除許可業務外，得經營法令非禁止或限制之業務,新北市,變更,11503
80005679,巨匯企業社,新北市板橋區館前東路13號2樓之1,曾柏豪,1200000,,115/03/06,增資變更,J701030 視聽歌唱業；F501060 餐館業；F501030 飲料店業；F203020 菸酒零售業；F203010 食品什貨、飲料零售業；ZZ99999 除許可業務外，得經營法令非禁止或限制之業務,新北市,變更,11503
80005896,長江十八樓精緻洗頭店,新北市板橋區長江路2段228號,黃進忠,200000,,115/03/11,轉讓登記,JZ99080 美容美髮服務業,新北市,變更,11503
80006558,二一三商行,新北市新莊區中港路213號(1樓),郭俊宏,200000,,115/03/27,轉讓登記,F209060 文教、樂器、育樂用品零售業,新北市,變更,11503
80009289,鼎崧工程行,新北市三重區重新路3段188號2樓,簡令凱,200000,,115/03/27,所在地變更,E801010 室內裝潢業；E901010 油漆工程業；E801070 廚具、衛浴設備安裝工程業；E801020 門窗安裝工程業；E801030 室內輕鋼架工程業；ZZ99999 除許可業務外，得經營法令非禁止或限制之業務,新北市,變更,11503
80009767,展速企業社,新北市三重區頂崁街192巷12號4樓,陳麗玉,200000,,115/03/17,所在地變更,G801010 倉儲業；IZ06010 理貨包裝業；G799990 其他運輸輔助業；IZ99990 其他工商服務業；IZ12010 人力派遣業；ZZ99999 除許可業務外，得經營法令非禁止或限制之業務,新北市,變更,11503
80013381,夾寶遇選物販賣,新北市板橋區三民路2段203之8號(1樓),千如,100000,,115/03/27,轉讓登記,F209060 文教、樂器、育樂用品零售業,新北市,變更,11503
80013592,仁仁小吃店,新北市中和區仁愛街15號,朱世傑,150000,,115/03/18,轉讓登記,F501060 餐館業,新北市,變更,11503
80014240,貝亮工作室,新北市板橋區館前東路116號3樓,曾潔馨,100000,,115/03/06,所在地變更,F204110 布疋、衣著、鞋、帽、傘、服飾品零售業；F206020 日常用品零售業；F399040 無店面零售業；ZZ99999 除許可業務外，得經營法令非禁止或限制之業務,新北市,變更,11503
80015043,樂享起晨商行,新北市汐止區福德一路213巷8號(1樓) 115年03月,蘇俐雯,200000,,115/03/19,負責人變更,F501060 餐館業,新北市,變更,11503
80015254,翃川工程行,新北市三峽區愛國路182號9樓,賴亭宏,240000,,115/03/30,所營業務變更,F106010 五金批發業；F106040 水器材料批發業；F111090 建材批發業；F113030 精密儀器批發業；E599010 配管工程業；E801010 室內裝潢業；E801020 門窗安裝工程業；E801070 廚具、衛浴設備安裝工程業；E603090 照明設備安裝工程業；E603100 電焊工程業；E901010 油漆工程業；E903010 防蝕、防銹工程業；EZ15010 保溫、保冷安裝工程業；ZZ99999 除許可業務外，得經營法令非禁止或限制之業務,新北市,變更,11503
80017675,麵大莊小吃店,新北市新莊區中和街91號,陳姿樺,200000,,115/03/20,轉讓登記,F501060 餐館業,新北市,變更,11503
80019646,貝里莫斯餐廳,新北市土城區延和路9號,陳名杰,200000,,115/03/18,所在地變更,F501060 餐館業；F501990 其他餐飲業；ZZ99999 除許可業務外，得經營法令非禁止或限制之業務,新北市,變更,11503
80019815,雅家商行,新北市板橋區新海路403巷14號(1樓) 115年03月,鄭雅庭,88000,,115/03/24,所在地變更,F203010 食品什貨、飲料零售業；F206020 日常用品零售業；F399040 無店面零售業,新北市,變更,11503
80019842,好室好家室內裝潢企業社,新北市土城區金城路3段28號2樓,徐子昕,500000,,115/03/27,所在地變更,E801010 室內裝潢業；E801020 門窗安裝工程業；E801030 室內輕鋼架工程業；E801040 玻璃安裝工程業；E801070 廚具、衛浴設備安裝工程業；E901010 油漆工程業；E903010 防蝕、防銹工程業；E599010 配管工程業；E601020 電器安裝業；EZ99990 其他工程業；E603040 消防安全設備安裝工程業；E603090 照明設備安裝工程業；F105050 家具、寢具、廚房器具、裝設品批發業；F205040 家具、寢具、廚房器具、裝設品零售業；F111090 建材批發業；F211010 建材零售業；F113020 電器批發業；F213010 電器零售業；F206020 日常用品零售業；F206040 水器材料零售業；F120010 耐火材料批發業；F401010 國際貿易業；I501010 產品設計業；I503010 景觀、室內設計業；I599990 其他設計業；I401010 一般廣告服務業；J101010 建築物清潔服務業；F399040 無店面零售業；F107010 漆料、塗料批發業；F207010 漆料、塗料零售業；ZZ99999 除許可業務外，得經營法令非禁止或限制之業務,新北市,變更,11503
80020550,男塾商行,新北市三重區中正北路15號4樓,黃文,200000,,115/03/20,所在地變更,F203010 食品什貨、飲料零售業；F501030 飲料店業；ZZ99999 除許可業務外，得經營法令非禁止或限制之業務,新北市,變更,11503
80022403,搞玩企業社,新北市鶯歌區大湖路235號,賴威任,150000,,115/03/25,所在地變更,F209060 文教、樂器、育樂用品零售業,新北市,變更,11503
80023249,精品娃娃機,新北市板橋區南雅西路2段207號(1樓)、209號(1樓) 115年03月,劉定坤,200000,,115/03/23,轉讓登記,F209060 文教、樂器、育樂用品零售業,新北市,變更,11503
80023395,雙林食品商行,新北市板橋區萬安街53巷26號7樓,林承儒,200000,,115/03/19,所在地變更,F101040 家畜家禽批發業；F101050 水產品批發業；F101100 花卉批發業；F101130 蔬果批發業；F101990 其他農、畜、水產品批發業；F102020 食用油脂批發業；F102040 飲料批發業；F104110 布疋、衣著、鞋、帽、傘、服飾品批發業；F105050 家具、寢具、廚房器具、裝設品批發業；F106010 五金批發業；F106020 日常用品批發業；F107030 清潔用品批發業；F121010 食品添加物批發業；F201010 農產品零售業；F201020 畜產品零售業；F201030 水產品零售業；F201070 花卉零售業；F201990 其他農畜水產品零售業；F203010 食品什貨、飲料零售業；F204110 布疋、衣著、鞋、帽、傘、服飾品零售業；F205040 家具、寢具、廚房器具、裝設品零售業；F206010 五金零售業；F206020 日常用品零售業；F207030 清潔用品零售業；F221010 食品添加物零售業；F299990 其他零售業；F399040 無店面零售業；F399990 其他綜合零售業；ZZ99999 除許可業務外，得經營法令非禁止或限制之業務,新北市,變更,11503
80027815,慧心工作室,新北市三重區溪尾街227巷4號5樓115年03月,陳筱蓉,200000,,115/03/17,所營業務變更,J304010 圖書出版業；J303010 雜誌（期刊）出版業；IZ04010 翻譯業；J305010 有聲出版業；J601010 藝文服務業；JB01010 會議及展覽服務業；JZ99990 未分類其他服務業；F109070 文教、樂器、育樂用品批發業；F209060 文教、樂器、育樂用品零售業；F399040 無店面零售業；F399990 其他綜合零售業；ZZ99999 除許可業務外，得經營法令非禁止或限制之業務；I199990 其他顧問服務業；I103060 管理顧問業；J202010 產業育成業；J399990 其他出版業,新北市,變更,11503
80923060,全和廚具行,新北市新莊區幸福路５３２號,陳亮淳,200000,,115/03/09,所營業務變更,F206020 日常用品零售業；F213010 電器零售業；F211010 建材零售業；F401010 國際貿易業；E603130 燃氣熱水器承裝業；ZZ99999 除許可業務外，得經營法令非禁止或限制之業務；F205040 家具、寢具、廚房器具、裝設品零售業,新北市,變更,11503
80923961,古典樂器行,新北市板橋區莒光路165巷42號(1樓),游韻白,200000,,115/03/19,負責人住居所變更,F109040 玩具、娛樂用品批發業；F209030 玩具、娛樂用品零售業,新北市,變更,11503
82112123,亦暘車業行,新北市板橋區三民路1段5巷23號(1樓),余德義,100000,,115/03/25,所在地變更,F214020 機車零售業；F214030 汽、機車零件配備零售業；F214050 車胎零售業；J101990 其他環境衛生及污染防治服務業；JA02020 機車修理業,新北市,變更,11503
82114683,食香便當店,新北市林口區文化三路1段333號,徐永富,100000,,115/03/03,負責人變更,F501030 飲料店業；F501060 餐館業；F501990 其他餐飲業；ZZ99999 除許可業務外，得經營法令非禁止或限制之業務,新北市,變更,11503
82120025,安安醫材行,新北市板橋區樂群路200號(1樓),蔡佩伶,10000,,115/03/16,所在地變更,F208031 醫療器材零售業；F203010 食品什貨、飲料零售業；ZZ99999 除許可業務外，得經營法令非禁止或限制之業務,新北市,變更,11503
82123509,順新土木包工業,新北市新店區建國路55號4樓,唐保麟,2000000,,115/03/26,所在地變更,E102011 土木包工業；ZZ99999 除許可業務外，得經營法令非禁止或限制之業務,新北市,變更,11503
82123515,你好妳好美麗工作室,新北市新莊區中安街33號2樓,劉昭伶,100000,,115/03/19,所在地變更,F208040 化粧品零售業；JZ99080 美容美髮服務業；JZ99990 未分類其他服務業；ZZ99999 除許可業務外，得經營法令非禁止或限制之業務,新北市,變更,11503
82127694,很春商行,新北市永和區福和路76巷5弄2號4樓115年03月,廖家興,30000,,115/03/31,所營業務變更,F206050 寵物食品及其用品零售業；F202010 飼料零售業；F399040 無店面零售業；JZ99990 未分類其他服務業；I199990 其他顧問服務業；JB01010 會議及展覽服務業,新北市,變更,11503
82128693,榮哲工程行,新北市八里區中山路1段45號,黃小玲,200000,,115/03/19,組織變更,EZ99990 其他工程業；F111090 建材批發業；F211010 建材零售業；E801010 室內裝潢業；E901010 油漆工程業；E603040 消防安全設備安裝工程業；E603090 照明設備安裝工程業；E603080 交通號誌安裝工程業；EZ06010 交通標示工程業；EZ07010 鑽孔工程業；E401010 疏濬業；E402010 沙石、淤泥海拋業；B601010 土石採取業；G202010 停車場經營業；H703100 不動產租賃業；I103060 管理顧問業；IZ12010 人力派遣業；A102080 園藝服務業；J101010 建築物清潔服務業；J101990 其他環境衛生及污染防治服務業；JE01010 租賃業；ZZ99999 除許可業務外，得經營法令非禁止或限制之業務；J101030 廢棄物清除業,新北市,變更,11503
82128899,易捷貿易商行,新北市板橋區中山路1段293之1號10樓之1,張家華,200000,,115/03/04,所在地變更,F204110 布疋、衣著、鞋、帽、傘、服飾品零售業；F208040 化粧品零售業；F209060 文教、樂器、育樂用品零售業；F213010 電器零售業；F213030 電腦及事務性機器設備零售業；F213060 電信器材零售業；F219010 電子材料零售業；F399040 無店面零售業；F401010 國際貿易業；IZ06010 理貨包裝業；JZ99050 仲介服務業；JZ99990 未分類其他服務業；ZZ99999 除許可業務外，得經營法令非禁止或限制之業務,新北市,變更,11503
82142554,果福商行,新北市板橋區中山路2段465巷23號4樓,沈俊男,200000,,115/03/27,所在地變更,F399010 便利商店業；F399990 其他綜合零售業；F401010 國際貿易業；ZZ99999 除許可業務外，得經營法令非禁止或限制之業務,新北市,變更,11503
82145932,罕多企業社,新北市板橋區實踐路116號(1樓) 115年03月,黃柔芸,100000,,115/03/13,所營業務變更,F501030 飲料店業；F203010 食品什貨、飲料零售業；F501060 餐館業；F501990 其他餐飲業；F209060 文教、樂器、育樂用品零售業；F203020 菸酒零售業,新北市,變更,11503
82147100,牧夏企業社,新北市新莊區公園路28號(1樓),曾建華,100000,,115/03/30,所營業務變更,F203010 食品什貨、飲料零售業；F501030 飲料店業；F501060 餐館業,新北市,變更,11503
82148380,我和你的咖啡店,新北市泰山區領航路807號,楊雅雯,100000,,115/03/16,門牌整改編(行政公文),F203010 食品什貨、飲料零售業；F501030 飲料店業；ZZ99999 除許可業務外，得經營法令非禁止或限制之業務,新北市,變更,11503
82150006,佑誠水電工程行,新北市新店區富貴街6巷5號115年03月,魏紀綸,200000,,115/03/06,所在地變更,E601010 電器承裝業；E601020 電器安裝業；E603090 照明設備安裝工程業；E502010 燃料導管安裝工程業；E599010 配管工程業；E603010 電纜安裝工程業；E603020 電梯安裝工程業；E603040 消防安全設備安裝工程業；E603050 自動控制設備工程業；E603130 燃氣熱水器承裝業；E801010 室內裝潢業；E801070 廚具、衛浴設備安裝工程業；F105050 家具、寢具、廚房器具、裝設品批發業；F106040 水器材料批發業；F106010 五金批發業；F111090 建材批發業；F113020 電器批發業；F119010 電子材料批發業；F205040 家具、寢具、廚房器具、裝設品零售業；F206040 水器材料零售業；F213010 電器零售業；F399040 無店面零售業；F401010 國際貿易業；I503010 景觀、室內設計業；IZ12010 人力派遣業；J101010 建築物清潔服務業；J101090 廢棄物清理業；ZZ99999 除許可業務外，得經營法令非禁止或限制之業務,新北市,變更,11503
82205902,翌鳴數位整合行銷工作室,新北市蘆洲區長安街22巷31弄17號,劉昱麟,200000,,115/03/24,所營業務變更,F399040 無店面零售業；I301010 資訊軟體服務業；I301020 資料處理服務業；I301030 電子資訊供應服務業；F218010 資訊軟體零售業；F299990 其他零售業；F401010 國際貿易業；ZZ99999 除許可業務外，得經營法令非禁止或限制之業務；F104110 布疋、衣著、鞋、帽、傘、服飾品批發業；F204110 布疋、衣著、鞋、帽、傘、服飾品零售業；F105050 家具、寢具、廚房器具、裝設品批發業；F205040 家具、寢具、廚房器具、裝設品零售業；F106020 日常用品批發業；F206020 日常用品零售業；F110020 眼鏡批發業；F210020 眼鏡零售業；F215010 首飾及貴金屬零售業；F115010 首飾及貴金屬批發業；F208040 化粧品零售業；I501010 產品設計業；F207190 塑膠膜、袋零售業,新北市,變更,11503
82289938,早日食作夢想舖,新北市土城區延和路57號(1樓),陳怡君,100000,,115/03/02,轉讓登記,F501060 餐館業；F501030 飲料店業；ZZ99999 除許可業務外，得經營法令非禁止或限制之業務,新北市,變更,11503
82294411,二橋行,新北市鶯歌區尖山路199號,呂雅茹,100000,,115/03/12,轉讓登記,F209060 文教、樂器、育樂用品零售業,新北市,變更,11503
82299963,佰意企業社,新北市新莊區思源路490號5樓之1,劉雅純,200000,,115/03/03,所在地變更,JZ99050 仲介服務業；JZ99990 未分類其他服務業；ZZ99999 除許可業務外，得經營法令非禁止或限制之業務,新北市,變更,11503
82302720,超速西盛選物販賣店,新北市新莊區西盛街422號(1樓),蔡易霖,100000,,115/03/23,轉讓登記,F209060 文教、樂器、育樂用品零售業；ZZ99999 除許可業務外，得經營法令非禁止或限制之業務,新北市,變更,11503
82304305,芳瑩服飾,新北市永和區永和路2段179號(1樓) 115年03月,鄭芳瑩,50000,,115/03/09,所在地變更,F204110 布疋、衣著、鞋、帽、傘、服飾品零售業；F209060 文教、樂器、育樂用品零售業,新北市,變更,11503
82312142,萬福企業社,新北市三重區重陽路1段60巷76號(1樓),高福,200000,,115/03/27,轉讓登記,F401010 國際貿易業；F104110 布疋、衣著、鞋、帽、傘、服飾品批發業；F399040 無店面零售業；F106020 日常用品批發業；F102040 飲料批發業；F102050 茶葉批發業；F102170 食品什貨批發業；F105050 家具、寢具、廚房器具、裝設品批發業；F106010 五金批發業；F106060 寵物食品及其用品批發業；F106070 祭祀用品批發業；F203010 食品什貨、飲料零售業；F204110 布疋、衣著、鞋、帽、傘、服飾品零售業；F205040 家具、寢具、廚房器具、裝設品零售業；F206010 五金零售業；F206020 日常用品零售業；F206050 寵物食品及其用品零售業；F206060 祭祀用品零售業；J802010 運動訓練業；J803020 運動比賽業；ZZ99999 除許可業務外，得經營法令非禁止或限制之業務,新北市,變更,11503
82315226,康泰復興商行,新北市新莊區復興路1段203號,鄭超元,100000,,115/03/23,名稱變更,F501060 餐館業,新北市,變更,11503
82316415,利洲食品行,新北市中和區中山路2段332巷9號8樓,呂詠諴,240000,,115/03/27,所在地變更,F102170 食品什貨批發業；F121010 食品添加物批發業；F201010 農產品零售業；F203010 食品什貨、飲料零售業；F221010 食品添加物零售業；F299990 其他零售業；F399040 無店面零售業；F399990 其他綜合零售業；ZZ99999 除許可業務外，得經營法令非禁止或限制之業務,新北市,變更,11503
82347070,巧園雞肉飯,新北市板橋區懷德街201巷20號11樓,黃琇鳳,50000,,115/03/26,負責人改名,F501060 餐館業,新北市,變更,11503
82363520,一級棒養生館,新北市三重區雙園街126之1號(1樓),吳郁琪,150000,,115/03/03,所營業務變更,JZ99080 美容美髮服務業；F208040 化粧品零售業；JZ99990 未分類其他服務業；ZZ99999 除許可業務外，得經營法令非禁止或限制之業務,新北市,變更,11503
85141380,合薪工程行,新北市中和區和城路1段280號115年03月,何應欽,3200000,,115/03/18,增資變更,E599010 配管工程業；E603100 電焊工程業；E604010 機械安裝業；ZZ99999 除許可業務外，得經營法令非禁止或限制之業務,新北市,變更,11503
85142304,遊域企業社,新北市永和區永和路1段2號12樓之2,陳慶哲,50000,,115/03/05,所營業務變更,F109070 文教、樂器、育樂用品批發業；F209060 文教、樂器、育樂用品零售業；F203010 食品什貨、飲料零售業；IZ12010 人力派遣業；JE01010 租賃業；J601010 藝文服務業；J304010 圖書出版業,新北市,變更,11503
85142310,上禾環保企業社,新北市三芝區中興街2段42巷6號2樓,王軍穎,200000,,115/03/17,所在地變更,J101010 建築物清潔服務業；J101020 病媒防治業；J101030 廢棄物清除業；J101040 廢棄物處理業；J101080 資源回收業；J101090 廢棄物清理業；J101990 其他環境衛生及污染防治服務業；ZZ99999 除許可業務外，得經營法令非禁止或限制之業務,新北市,變更,11503
85149290,進旺工程企業社,新北市三重區三和路4段117巷35號(1樓),王羽傑,200000,,115/03/26,合夥人變更,JA02010 電器及電子產品修理業；E601020 電器安裝業；F113020 電器批發業；F213010 電器零售業；ZZ99999 除許可業務外，得經營法令非禁止或限制之業務；F401010 國際貿易業,新北市,變更,11503
85152365,富宸商號,新北市三重區頂崁街203巷28號(1樓) 115年03月,施承志,200000,,115/03/17,合夥人變更,F101050 水產品批發業；F101040 家畜家禽批發業；F101990 其他農、畜、水產品批發業；F101130 蔬果批發業；F102170 食品什貨批發業；F113020 電器批發業；F113050 電腦及事務性機器設備批發業；F201030 水產品零售業；F201020 畜產品零售業；F201990 其他農畜水產品零售業；F201010 農產品零售業；F203010 食品什貨、飲料零售業；F213010 電器零售業；F213030 電腦及事務性機器設備零售業；F399040 無店面零售業；F401010 國際貿易業；ZZ99999 除許可業務外，得經營法令非禁止或限制之業務,新北市,變更,11503
85152787,獨時尚工作室,新北市中和區中山路2段332巷39號7樓,林伶巧,200000,,115/03/25,所營業務變更,F104110 布疋、衣著、鞋、帽、傘、服飾品批發業；F204110 布疋、衣著、鞋、帽、傘、服飾品零售業；F401010 國際貿易業；I502010 服飾設計業；ZZ99999 除許可業務外，得經營法令非禁止或限制之業務；I401010 一般廣告服務業；I501010 產品設計業；JZ99030 攝影業；J304010 圖書出版業；J305010 有聲出版業；J399990 其他出版業,新北市,變更,11503
85155898,掏寶娃娃屋,新北市三重區溪尾街212號,林怡亞,200000,,115/03/23,轉讓登記,F209060 文教、樂器、育樂用品零售業；I301030 電子資訊供應服務業,新北市,變更,11503
85158282,名倫印刷企業社,新北市板橋區南雅西路1段7巷7號5樓,幸生民,200000,,115/03/09,轉讓登記,C701010 印刷業；C703010 印刷品裝訂及加工業；F109070 文教、樂器、育樂用品批發業,新北市,變更,11503
85162722,好事好食小吃店,新北市永和區永元路１２號,李楷霖,168888,,115/03/25,出資額變更,F501060 餐館業；ZZ99999 除許可業務外，得經營法令非禁止或限制之業務,新北市,變更,11503
85166797,晨希小吃店,新北市汐止區連興街126號(1樓),曾宇希,66000,,115/03/06,負責人改名,F501060 餐館業；ZZ99999 除許可業務外，得經營法令非禁止或限制之業務,新北市,變更,11503
85167542,希琪冰店,新北市板橋區滿平街84巷96號,陳美惠,50000,,115/03/17,所在地變更,F501030 飲料店業,新北市,變更,11503
85170173,晨光廚房,新北市汐止區康寧街141巷43號,吳良玲,3000,,115/03/16,其他,F501060 餐館業,新北市,變更,11503
85174570,昇長工程行,新北市板橋區篤行路2段161巷8號13樓,陳紫涵,200000,,115/03/19,所在地變更,F106010 五金批發業；F111090 建材批發業；E603100 電焊工程業；E903010 防蝕、防銹工程業；IZ12010 人力派遣業；ZZ99999 除許可業務外，得經營法令非禁止或限制之業務,新北市,變更,11503
85177696,旺旺蔬果行,新北市板橋區板城路1000號,陳炘羣,100000,,115/03/17,所在地變更,F201010 農產品零售業,新北市,變更,11503
85179049,鑫佑建材行,新北市樹林區俊英街197號9樓之5 115年03月,陳柏翰,240000,,115/03/16,所營業務變更,F111090 建材批發業；F211010 建材零售業；J101030 廢棄物清除業；J101040 廢棄物處理業；J101990 其他環境衛生及污染防治服務業；ZZ99999 除許可業務外，得經營法令非禁止或限制之業務；C901990 其他非金屬礦物製品製造業；CA01990 其他非鐵金屬基本工業；CA02990 其他金屬製品製造業,新北市,變更,11503
85217867,全聖力企業社,新北市汐止區保長路468號6樓,蘇聖文,150000,,115/03/23,外縣市遷入,F214030 汽、機車零件配備零售業；F399040 無店面零售業；F401010 國際貿易業；ZZ99999 除許可業務外，得經營法令非禁止或限制之業務,新北市,變更,11503
85331184,佳來香養生館,新北市樹林區大安路207號(1樓),張貴生,200000,,115/03/27,轉讓登記,JZ99110 瘦身美容業,新北市,變更,11503
85340276,杏福社,新北市三峽區大同路305巷12號(1樓),林怡婷,200000,,115/03/16,所營業務變更,F203010 食品什貨、飲料零售業；F501030 飲料店業；ZZ99999 除許可業務外，得經營法令非禁止或限制之業務；F104110 布疋、衣著、鞋、帽、傘、服飾品批發業；F204110 布疋、衣著、鞋、帽、傘、服飾品零售業；F209060 文教、樂器、育樂用品零售業；F399040 無店面零售業；F399990 其他綜合零售業；F108040 化粧品批發業；F111090 建材批發業；F211010 建材零售業；E801010 室內裝潢業；EZ05010 儀器、儀表安裝工程業,新北市,變更,11503
85342437,元成企業社,新北市新莊區五工二路94巷5號之1,吳佩穎,200000,,115/03/09,所在地變更,F113010 機械批發業；F213080 機械器具零售業；F401010 國際貿易業；ZZ99999 除許可業務外，得經營法令非禁止或限制之業務,新北市,變更,11503
85342730,芳梅小館,新北市中和區莊敬路23號115年03月,卓柔驊,200000,,115/03/24,轉讓登記,F501990 其他餐飲業,新北市,變更,11503
85347427,燧石宇宙工作室,新北市蘆洲區長樂路237巷20號2樓,嚴文浩,240000,,115/03/04,轉讓登記,J305010 有聲出版業；J401010 電影片製作業；J404010 動畫影片製作業；J503010 廣播節目製作業（原:J503011廣播節目製作業）；J503020 電視節目製作業（原:J503021電視節目製作業）；J503030 廣播電視節目發行業（原:J503031廣播電視節目發行業）；J602010 演藝活動業；JB01010 會議及展覽服務業；JI01010 互動式情境體驗服務業；JZ99030 攝影業；F206020 日常用品零售業；F209060 文教、樂器、育樂用品零售業；F216010 照相器材零售業；F601010 智慧財產權業；I301010 資訊軟體服務業；I401010 一般廣告服務業；IZ12010 人力派遣業；ZZ99999 除許可業務外，得經營法令非禁止或限制之業務,新北市,變更,11503
85405489,眞莎國際企業,新北市三重區河邊北街100巷31號4樓,郭婉婷,100000,,115/03/20,所營業務變更,JZ99080 美容美髮服務業；F208031 醫療器材零售業；F108031 醫療器材批發業,新北市,變更,11503
85425099,三月二三工作室,新北市土城區清水路２７８巷１８號,林柏君,10000,,115/03/06,其他,F203010 食品什貨、飲料零售業；F399040 無店面零售業,新北市,變更,11503
85425627,夾很大企業社,新北市板橋區南雅東路27之3號,陳思允,200000,,115/03/24,合夥人變更,F209060 文教、樂器、育樂用品零售業,新北市,變更,11503
85428814,麵寶寶餐坊,新北市板橋區僑中一街80巷1弄18號,王奕傑,200000,,115/03/05,所在地變更,F501060 餐館業,新北市,變更,11503
85430918,龍蝦厝小吃店,新北市淡水區觀海路35號115年03月,吳俊毅,50000,,115/03/02,所營業務變更,F501060 餐館業；F203020 菸酒零售業；F201030 水產品零售業；F201050 漁具零售業,新北市,變更,11503
85432042,利宇工程行,新北市三重區大同北路148巷4號2樓,楊翔琳,200000,,115/03/24,轉讓登記,E401010 疏濬業；E402010 沙石、淤泥海拋業；E502010 燃料導管安裝工程業；E599010 配管工程業；E601020 電器安裝業；E603010 電纜安裝工程業；E603020 電梯安裝工程業；E603040 消防安全設備安裝工程業；E603050 自動控制設備工程業；E603080 交通號誌安裝工程業；E603090 照明設備安裝工程業；E603100 電焊工程業；E604010 機械安裝業；E605010 電腦設備安裝業；E607010 太陽熱能設備安裝工程業；E801010 室內裝潢業；E801020 門窗安裝工程業；E801030 室內輕鋼架工程業；E801040 玻璃安裝工程業；E801070 廚具、衛浴設備安裝工程業；E901010 油漆工程業；E903010 防蝕、防銹工程業；EZ06010 交通標示工程業；EZ07010 鑽孔工程業；EZ11010 球場跑道樹脂材料鋪設工程業；EZ14010 運動場地用設備工程業；EZ15010 保溫、保冷安裝工程業；EZ99990 其他工程業；F111090 建材批發業；F211010 建材零售業；F401010 國際貿易業；I503010 景觀、室內設計業；IZ12010 人力派遣業；ZZ99999 除許可業務外，得經營法令非禁止或限制之業務,新北市,變更,11503
85433730,嘉紘工程行,新北市三重區福德北路86號2樓,林潮騰,200000,,115/03/02,所在地變更,E801010 室內裝潢業；E903010 防蝕、防銹工程業；F111090 建材批發業；E901010 油漆工程業；J101090 廢棄物清理業；ZZ99999 除許可業務外，得經營法令非禁止或限制之業務,新北市,變更,11503
85435815,小栗子企業社,新北市三重區六張街215之1號2樓115年03月,許馨云,200000,,115/03/31,所在地變更,F204110 布疋、衣著、鞋、帽、傘、服飾品零售業；F209060 文教、樂器、育樂用品零售業；ZZ99999 除許可業務外，得經營法令非禁止或限制之業務,新北市,變更,11503
85440795,三和門窗工藝社,新北市五股區成泰路3段577巷80弄88號,張琦,888888,,115/03/25,增資變更,I501010 產品設計業；I503010 景觀、室內設計業；E801010 室內裝潢業；E801020 門窗安裝工程業；E801040 玻璃安裝工程業；ZZ99999 除許可業務外，得經營法令非禁止或限制之業務,新北市,變更,11503
85442978,無限羽球概念店,新北市板橋區滿平街72號(1樓),徐毓傑,120000,,115/03/24,復業,F209060 文教、樂器、育樂用品零售業；F204110 布疋、衣著、鞋、帽、傘、服飾品零售業；ZZ99999 除許可業務外，得經營法令非禁止或限制之業務,新北市,變更,11503
85443879,桂胖手感烘焙坊,新北市三重區三賢街203號,黃宗辰,200000,,115/03/19,其他,C104020 烘焙炊蒸食品製造業；F102040 飲料批發業；F102170 食品什貨批發業；F203010 食品什貨、飲料零售業；F501030 飲料店業；F401010 國際貿易業；F399040 無店面零售業；ZZ99999 除許可業務外，得經營法令非禁止或限制之業務,新北市,變更,11503
85449043,微熙髮田館,新北市新店區北新路1段261號(1樓),林藝安,1000000,,115/03/09,名稱變更,JZ99080 美容美髮服務業,新北市,變更,11503
87301382,康成工程行,新北市板橋區三民路2段28號9樓,陳可蕙,200000,,115/03/03,轉讓登記,E599010 配管工程業；E601010 電器承裝業；E601020 電器安裝業；E801010 室內裝潢業；E801020 門窗安裝工程業；E801030 室內輕鋼架工程業；E801040 玻璃安裝工程業；EZ99990 其他工程業；ZZ99999 除許可業務外，得經營法令非禁止或限制之業務,新北市,變更,11503
87308370,創鑫工程行,新北市土城區青雲路295巷16弄18號2樓115年03月,林尹凱,1000000,,115/03/03,組織變更,F120010 耐火材料批發業；F220010 耐火材料零售業；E801010 室內裝潢業；E801020 門窗安裝工程業；E801030 室內輕鋼架工程業；E801040 玻璃安裝工程業；E801070 廚具、衛浴設備安裝工程業；E901010 油漆工程業；I503010 景觀、室內設計業；F401010 國際貿易業；ZZ99999 除許可業務外，得經營法令非禁止或限制之業務,新北市,變更,11503
87308483,小瘩文創工作室,新北市淡水區新市三路2段183號25樓,杜婉嫺,150000,,115/03/03,所營業務變更,F204110 布疋、衣著、鞋、帽、傘、服飾品零售業；F206050 寵物食品及其用品零售業；F209060 文教、樂器、育樂用品零售業；F399040 無店面零售業；ZZ99999 除許可業務外，得經營法令非禁止或限制之業務；F401010 國際貿易業,新北市,變更,11503
87309125,禾米食品行,新北市淡水區新春街103之6號,劉于瑄,50000,,115/03/12,所營業務變更,F203010 食品什貨、飲料零售業；F203020 菸酒零售業；F501990 其他餐飲業；F501060 餐館業,新北市,變更,11503
87312352,雨威小吃店,新北市林口區文化一路1段210號,林孟威,200000,,115/03/11,出資額變更,F501060 餐館業,新北市,變更,11503
87316076,千翔自助洗衣坊,新北市土城區中央路4段132號,王欣惠,100000,,115/03/26,繼承登記,JA03010 洗衣業,新北市,變更,11503
87316701,威鋌企業社,新北市永和區中興街10巷5弄3號(1樓),江政鋐,200000,,115/03/18,所營業務變更,F102020 食用油脂批發業；F102170 食品什貨批發業；F107030 清潔用品批發業；F108031 醫療器材批發業；F203010 食品什貨、飲料零售業；F208031 醫療器材零售業；F401010 國際貿易業；IG01010 生物技術服務業；JB01010 會議及展覽服務業；J202010 產業育成業；I103060 管理顧問業；I199990 其他顧問服務業；I401010 一般廣告服務業；JZ99050 仲介服務業；ZZ99999 除許可業務外，得經營法令非禁止或限制之業務；F102050 茶葉批發業；F104110 布疋、衣著、鞋、帽、傘、服飾品批發業；F106060 寵物食品及其用品批發業；F108040 化粧品批發業；F204110 布疋、衣著、鞋、帽、傘、服飾品零售業；F206050 寵物食品及其用品零售業；F208040 化粧品零售業；F399040 無店面零售業,新北市,變更,11503
87318335,勝記烏魚子商行,新北市板橋區文化路1段285巷1弄12號(1樓) 115年03月,吳麗卿,30000,,115/03/17,轉讓登記,F201030 水產品零售業,新北市,變更,11503
87319382,愛幸福文創設計出版社,新北市板橋區中山路1段160之12號3樓,余俐辰,3770000,,115/03/31,增資變更,J601010 藝文服務業；F209060 文教、樂器、育樂用品零售業；F204110 布疋、衣著、鞋、帽、傘、服飾品零售業；I501010 產品設計業；J399990 其他出版業；A101050 花卉栽培業；A102080 園藝服務業；A199990 其他農業；C701010 印刷業；C703010 印刷品裝訂及加工業；CN01010 家具及裝設品製造業；CM01010 箱、包、袋製造業；E801010 室內裝潢業；E801020 門窗安裝工程業；E801070 廚具、衛浴設備安裝工程業；E601020 電器安裝業；E601010 電器承裝業；H703090 不動產買賣業；H703100 不動產租賃業；H701010 住宅及大樓開發租售業；H701020 工業廠房開發租售業；H701050 投資興建公共建設業；I504010 花藝設計業；I105010 藝術品諮詢顧問業；I502010 服飾設計業；E901010 油漆工程業,新北市,變更,11503
87397990,品豪工程行,新北市板橋區文化路1段329號4樓115年03月,黃月嬋,200000,,115/03/05,所在地變更,E599010 配管工程業；EZ02010 起重工程業；EZ09010 靜電防護及消除工程業；EZ99990 其他工程業；F107010 漆料、塗料批發業；F111090 建材批發業；F207010 漆料、塗料零售業；F211010 建材零售業；JE01010 租賃業；JZ99050 仲介服務業；ZZ99999 除許可業務外，得經營法令非禁止或限制之業務；EZ06010 交通標示工程業,新北市,變更,11503
87418968,悟德行銷實業社,新北市萬里區野柳里港西93號4樓,林禹璁,200000,,115/03/05,負責人改名,E603040 消防安全設備安裝工程業；E801010 室內裝潢業；E801030 室內輕鋼架工程業；E901010 油漆工程業；EZ99990 其他工程業；F206010 五金零售業；F206020 日常用品零售業；F207030 清潔用品零售業；F208040 化粧品零售業；F211010 建材零售業；F217010 消防安全設備零售業；F220010 耐火材料零售業；I503010 景觀、室內設計業；IF01010 消防安全設備檢修業；ZZ99999 除許可業務外，得經營法令非禁止或限制之業務,新北市,變更,11503
87461818,泰健康生活會館,新北市樹林區佳園路3段606號(1樓),李荷雙,200000,,115/03/25,名稱變更,JF01020 按摩業；ZZ99999 除許可業務外，得經營法令非禁止或限制之業務,新北市,變更,11503
87462112,拜勒威工作室,新北市蘆洲區復興路105巷5號,林文斌,30000,,115/03/12,所在地變更,F204110 布疋、衣著、鞋、帽、傘、服飾品零售業；F206020 日常用品零售業；F399040 無店面零售業,新北市,變更,11503
87465151,德信澤企業社,新北市新莊區四維路150巷7號3樓115年03月,劉諺澤,1100000,,115/03/04,增資變更,F106020 日常用品批發業；F107030 清潔用品批發業；F206020 日常用品零售業；F207030 清潔用品零售業；F399040 無店面零售業；F401010 國際貿易業；E801010 室內裝潢業；E901010 油漆工程業；H703100 不動產租賃業；I503010 景觀、室內設計業；ZZ99999 除許可業務外，得經營法令非禁止或限制之業務,新北市,變更,11503
87467025,山風嵐工作室,新北市汐止區新台五路1段77號20樓之3,黃丕丞,2000000,,115/03/23,所在地變更,F104110 布疋、衣著、鞋、帽、傘、服飾品批發業；F109070 文教、樂器、育樂用品批發業；F105050 家具、寢具、廚房器具、裝設品批發業；F106020 日常用品批發業；F108040 化粧品批發業；F102170 食品什貨批發業；F204110 布疋、衣著、鞋、帽、傘、服飾品零售業；F209060 文教、樂器、育樂用品零售業；F205040 家具、寢具、廚房器具、裝設品零售業；F206020 日常用品零售業；F208040 化粧品零售業；F203010 食品什貨、飲料零售業；F399040 無店面零售業；F401010 國際貿易業；I501010 產品設計業；I502010 服飾設計業；I599990 其他設計業；ZZ99999 除許可業務外，得經營法令非禁止或限制之業務,新北市,變更,11503
87467186,鮮盈商行,新北市永和區永和路1段39之1號,潘盈甫,80000,,115/03/06,所在地變更,F201030 水產品零售業；F206020 日常用品零售業,新北市,變更,11503
87469059,飴馨食品行,新北市三峽區民生街229號2樓之23,徐崇祐,240000,,115/03/26,所在地變更,F203010 食品什貨、飲料零售業；IZ06010 理貨包裝業；ZZ99999 除許可業務外，得經營法令非禁止或限制之業務,新北市,變更,11503
87470393,耘朵包裝工作室,新北市板橋區縣民大道3段33巷9弄7號,葉絹琦,50000,,115/03/02,所營業務變更,IZ06010 理貨包裝業；C701010 印刷業；E801010 室內裝潢業；EZ99990 其他工程業；ZZ99999 除許可業務外，得經營法令非禁止或限制之業務,新北市,變更,11503
87470555,樂興茶行,新北市林口區文化二路1段269號,陳冠宇,160000,,115/03/12,出資額變更,F501030 飲料店業；ZZ99999 除許可業務外，得經營法令非禁止或限制之業務,新北市,變更,11503
87475257,一起吃飯吧餐館,新北市板橋區新海路10號(1樓),柯長霖,200000,,115/03/11,所在地變更,F501060 餐館業；F203010 食品什貨、飲料零售業,新北市,變更,11503
87477065,固逗企業社,新北市淡水區新民街19巷72號10樓,文鈺婷,10000,,115/03/26,所營業務變更,J802010 運動訓練業；I401010 一般廣告服務業；JZ99990 未分類其他服務業,新北市,變更,11503
87479155,旺梨村坊,新北市三重區自強路3段101號115年03月,林可訢,1500000,,115/03/20,增資變更,F201010 農產品零售業；F501060 餐館業；F399040 無店面零售業；ZZ99999 除許可業務外，得經營法令非禁止或限制之業務,新北市,變更,11503
87479198,洺享商行,新北市永和區福和路247號(1樓),許愛苹,100000,,115/03/24,所在地變更,ZZ99999 除許可業務外，得經營法令非禁止或限制之業務；F203010 食品什貨、飲料零售業；F102040 飲料批發業；F501030 飲料店業,新北市,變更,11503
87483242,方品商行,新北市板橋區四維路335號(1樓),陸荺云,100000,,115/03/17,所在地變更,F501060 餐館業,新北市,變更,11503
87490588,西瓜肉多媒體工作室,新北市新店區北宜路2段421巷2弄11號2樓,吳哲翔,200000,,115/03/17,其他,I401010 一般廣告服務業；I501010 產品設計業；I599990 其他設計業；I301010 資訊軟體服務業；I301020 資料處理服務業；J601010 藝文服務業；J603010 音樂展演空間業；J602010 演藝活動業；JZ99090 喜慶綜合服務業；J503010 廣播節目製作業（原:J503011廣播節目製作業）；J503020 電視節目製作業（原:J503021電視節目製作業）；J401010 電影片製作業；J404020 提供設備及場地供電影片拍攝業；J305010 有聲出版業；J701090 錄影節目帶播映業；J801030 競技及休閒運動場館業；JZ99030 攝影業；F601010 智慧財產權業；ZZ99999 除許可業務外，得經營法令非禁止或限制之業務,新北市,變更,11503
87492755,美好事物企業社,新北市板橋區三民路2段33號14樓,黃桂雲,200000,,115/03/30,所營業務變更,F206020 日常用品零售業；F204110 布疋、衣著、鞋、帽、傘、服飾品零售業；F208040 化粧品零售業；F299990 其他零售業；F399040 無店面零售業；F401010 國際貿易業；ZZ99999 除許可業務外，得經營法令非禁止或限制之業務；F203010 食品什貨、飲料零售業；F209060 文教、樂器、育樂用品零售業；F215010 首飾及貴金屬零售業,新北市,變更,11503
87499526,宜展工程行,新北市泰山區義東街10號10樓115年03月,葉建良,200000,,115/03/02,所在地變更,E599010 配管工程業；E603100 電焊工程業；E901010 油漆工程業；E903010 防蝕、防銹工程業；EZ07010 鑽孔工程業；F106010 五金批發業；F111090 建材批發業；IZ12010 人力派遣業；ZZ99999 除許可業務外，得經營法令非禁止或限制之業務,新北市,變更,11503
87501109,圓稻小吃,新北市中和區圓通路317號,張佳惠,50000,,115/03/23,轉讓登記,F501060 餐館業；F203010 食品什貨、飲料零售業,新北市,變更,11503
87501240,穩冒企業社,新北市林口區文化一路2段232號(3樓),黎彤淋,200000,,115/03/17,轉讓登記,H701010 住宅及大樓開發租售業；H701020 工業廠房開發租售業；H702010 建築經理業；H703090 不動產買賣業；H703100 不動產租賃業；I401010 一般廣告服務業；I401020 廣告傳單分送業；I501010 產品設計業；I503010 景觀、室內設計業；IZ12010 人力派遣業；JE01010 租賃業；JZ99050 仲介服務業；ZZ99999 除許可業務外，得經營法令非禁止或限制之業務,新北市,變更,11503
87503599,驩允國際企業社,新北市三重區永安北路2段33號3樓,白彬,200000,,115/03/31,所在地變更,F114030 汽、機車零件配備批發業；F106010 五金批發業；F114060 船舶及其零件批發業；F206020 日常用品零售業；F214010 汽車零售業；F214020 機車零售業；F214030 汽、機車零件配備零售業；F214050 車胎零售業；F214060 船舶及其零件零售業；F399040 無店面零售業；F401010 國際貿易業；JE01010 租賃業；ZZ99999 除許可業務外，得經營法令非禁止或限制之業務；JA01010 汽車修理業；JA01020 汽車拖吊業；F103010 飼料批發業；F102170 食品什貨批發業；F106060 寵物食品及其用品批發業；F202010 飼料零售業；F203010 食品什貨、飲料零售業；F206050 寵物食品及其用品零售業,新北市,變更,11503
87506792,稼羽企業社,新北市三峽區學成路337號14樓115年03月,邱士豪,100000,,115/03/25,所營業務變更,F204110 布疋、衣著、鞋、帽、傘、服飾品零售業；F399040 無店面零售業；F215010 首飾及貴金屬零售業；F215020 礦石零售業,新北市,變更,11503
87507053,禾村企業社,新北市中和區民德路8巷10號4樓,李健德,200000,,115/03/12,所在地變更,F105050 家具、寢具、廚房器具、裝設品批發業；F206010 五金零售業；F213030 電腦及事務性機器設備零售業；F213010 電器零售業；I199990 其他顧問服務業；I401020 廣告傳單分送業；J101010 建築物清潔服務業；J101080 資源回收業；J101090 廢棄物清理業；JZ99990 未分類其他服務業；ZZ99999 除許可業務外，得經營法令非禁止或限制之業務,新北市,變更,11503
87509812,三予泉商行,新北市新店區北新路1段235號(1樓),王慧珊,100000,,115/03/20,轉讓登記,F501060 餐館業；F203010 食品什貨、飲料零售業；F204110 布疋、衣著、鞋、帽、傘、服飾品零售業；F501030 飲料店業,新北市,變更,11503
87548527,芮芮雞加酒小吃店,新北市淡水區水源街2段98號,陳柏諭,100000,,115/03/18,轉讓登記,F501060 餐館業；ZZ99999 除許可業務外，得經營法令非禁止或限制之業務,新北市,變更,11503
87760273,槶聯機車行,新北市永和區仁愛路232號,蔡智文,45000,,115/03/03,所在地變更,F214020 機車零售業；F214030 汽、機車零件配備零售業；JA02020 機車修理業,新北市,變更,11503
87765158,成家裝潢行,新北市板橋區南雅西路2段145巷12之1號(2樓),蔡秉翰,200000,,115/03/23,轉讓登記,I503010 景觀、室內設計業,新北市,變更,11503
87775640,甜度冰塊複合式茶飲店,新北市永和區永平路１７６號１樓,陳建成,90000,,115/03/17,負責人住居所變更,F203010 食品、飲料零售業；F203020 菸酒零售業；F501030 飲料店業；F501060 餐館業,新北市,變更,11503
87779499,亞太幸福門工程行,新北市新店區安康路1段75之1號115年03月,陳俊旭,200000,,115/03/06,名稱變更,E801010 室內裝潢業；E801020 門窗安裝工程業；E801030 室內輕鋼架工程業；F106010 五金批發業；F105050 家具、寢具、廚房器具、裝設品批發業；F111090 建材批發業；F120010 耐火材料批發業；F205040 家具、寢具、廚房器具、裝設品零售業；F206010 五金零售業；F211010 建材零售業；F220010 耐火材料零售業；F399040 無店面零售業；F401010 國際貿易業；ZZ99999 除許可業務外，得經營法令非禁止或限制之業務,新北市,變更,11503
88145591,一城山平面設計工作室,新北市汐止區新台五路1段93號21樓之6,高士朗,200000,,115/03/30,外縣市遷入,I401010 一般廣告服務業；I301010 資訊軟體服務業；I501010 產品設計業；I301020 資料處理服務業；I599990 其他設計業；F399040 無店面零售業；J601010 藝文服務業；J602010 演藝活動業；J603010 音樂展演空間業；JZ99030 攝影業；F205040 家具、寢具、廚房器具、裝設品零售業；F216010 照相器材零售業；F218010 資訊軟體零售業；F401010 國際貿易業；I503010 景觀、室內設計業；I502010 服飾設計業；F204110 布疋、衣著、鞋、帽、傘、服飾品零售業；F213030 電腦及事務性機器設備零售業；I103060 管理顧問業；ZZ99999 除許可業務外，得經營法令非禁止或限制之業務,新北市,變更,11503
88145728,率威工程行,新北市土城區學士路201號2樓,陳勁瑋,200000,,115/03/06,外縣市遷入,E801030 室內輕鋼架工程業；E801010 室內裝潢業；ZZ99999 除許可業務外，得經營法令非禁止或限制之業務,新北市,變更,11503
88155788,示見工作坊,新北市中和區中山路2段332巷13號12樓,黃美菁,200000,,115/03/05,組織變更,I401010 一般廣告服務業；I501010 產品設計業；I599990 其他設計業；J601010 藝文服務業；J404010 動畫影片製作業；J401010 電影片製作業；J303010 雜誌（期刊）出版業；J304010 圖書出版業；J305010 有聲出版業；JZ99030 攝影業；JB01010 會議及展覽服務業；C701010 印刷業；ZZ99999 除許可業務外，得經營法令非禁止或限制之業務,新北市,變更,11503
88165337,伍捌餐飲顧問企業社,新北市林口區忠孝路625號10樓115年03月,林姿蓉,240000,,115/03/12,外縣市遷入,I199990 其他顧問服務業；I101090 食品顧問業；F501060 餐館業；F501030 飲料店業；ZZ99999 除許可業務外，得經營法令非禁止或限制之業務,新北市,變更,11503
88165343,韓森整合行銷企業社,新北市林口區忠孝路625號10樓,林姿蓉,240000,,115/03/12,外縣市遷入,I199990 其他顧問服務業；I101090 食品顧問業；F501060 餐館業；ZZ99999 除許可業務外，得經營法令非禁止或限制之業務,新北市,變更,11503
88206822,月光號工作室,新北市中和區中山路2段332巷13號12樓,謝博全,30000,,115/03/09,名稱變更,F501060 餐館業；F203010 食品什貨、飲料零售業,新北市,變更,11503
88332172,海防商行,新北市三重區中寮街96號(1樓),范氏翠搬,10000,,115/03/20,外縣市遷入,F203010 食品什貨、飲料零售業；F208040 化粧品零售業,新北市,變更,11503
88360140,玩美傢飾館,新北市新店區安興路85之11號2樓115年03月,張家庭,200000,,115/03/09,所營業務變更,F105050 家具、寢具、廚房器具、裝設品批發業；F111090 建材批發業；I503010 景觀設計業；E801010 室內裝潢業；E901010 油漆工程業；I599990 其他設計業；ZZ99999 除許可業務外，得經營法令非禁止或限制之業務,新北市,變更,11503
88372390,華盛頓新聞通訊社,新北市新店區安祥路147巷1號,林志華,200000,,115/03/26,出資額變更,J301010 報紙業；J302010 通訊稿業；J303010 雜誌（期刊）出版業；J304010 圖書出版業；J305010 有聲出版業；J399010 軟體出版業；J399990 其他出版業；J202010 產業育成業；J503010 廣播節目製作業（原:J503011廣播節目製作業）；J503020 電視節目製作業（原:J503021電視節目製作業）；J503030 廣播電視節目發行業（原:J503031廣播電視節目發行業）；J503040 廣播電視廣告業（原:J503041廣播電視廣告業）；J503050 錄影節目帶業（原:J503051錄影節目帶業）；J601010 藝文服務業；J602010 演藝活動業；J604010 聲音錄製及音樂發行業；JB01010 會議及展覽服務業；JZ99030 攝影業；JZ99050 仲介服務業；I103060 管理顧問業；I199990 其他顧問服務業；I301010 資訊軟體服務業；I301020 資料處理服務業；I301030 電子資訊供應服務業；I401010 一般廣告服務業；I401020 廣告傳單分送業；I501010 產品設計業；IZ01010 影印業；IZ02010 打字業；IZ03010 剪報業；IZ04010 翻譯業；IZ10010 排版業；F109070 文教、樂器、育樂用品批發業；F118010 資訊軟體批發業；F209060 文教、樂器、育樂用品零售業；F218010 資訊軟體零售業；F399040 無店面零售業；F401010 國際貿易業；ZZ99999 除許可業務外，得經營法令非禁止或限制之業務,新北市,變更,11503
88379871,美桂廚房,新北市永和區文化路55號（1樓）115年03月,毛佑文,200000,,115/03/23,所在地變更,F501060 餐館業；ZZ99999 除許可業務外，得經營法令非禁止或限制之業務,新北市,變更,11503
88439569,凱西設計工作室,新北市土城區慶安街45巷5號2樓,曾鈺雯,200000,,115/03/31,外縣市遷入,I501010 產品設計業；I599990 其他設計業；I401010 一般廣告服務業；IZ99990 其他工商服務業；C701010 印刷業；F201070 花卉零售業；I503010 景觀、室內設計業；F111090 建材批發業；F211010 建材零售業；F299990 其他零售業,新北市,變更,11503
90910249,瑞峰當舖,新北市新莊區中正路419號(1樓),陳怡勲,1500000,,115/03/13,復業,H203011 當舖業,新北市,變更,11503
90928590,權威理髮廳,新北市板橋區民族路131之1號1樓,李秀琴,30000,,115/03/20,轉讓登記,JZ99080 美容美髮服務業,新北市,變更,11503
91184724,粉好夾選物販賣商店,新北市中和區景平路１４３號,蘇秀月,100000,,115/03/11,轉讓登記,F209060 文教、樂器、育樂用品零售業,新北市,變更,11503
91185771,意桂花甜品鋪,新北市永和區得和路103號,吳招悌,100000,,115/03/06,所營業務變更,F501030 飲料店業；ZZ99999 除許可業務外，得經營法令非禁止或限制之業務,新北市,變更,11503
91185940,新界線裝潢設計工程行,新北市淡水區中山北路1段149巷27號7樓115年03月,吳秀程,200000,,115/03/02,轉讓登記,E801010 室內裝潢業；E801020 門窗安裝工程業；E801030 室內輕鋼架工程業；E801040 玻璃安裝工程業；E901010 油漆工程業；E903010 防蝕、防銹工程業；F111090 建材批發業；EZ14010 運動場地用設備工程業；E601020 電器安裝業；EZ02010 起重工程業；EZ07010 鑽孔工程業；E801070 廚具、衛浴設備安裝工程業；J101010 建築物清潔服務業；J101030 廢棄物清除業；J101040 廢棄物處理業；J101090 廢棄物清理業；J101990 其他環境衛生及污染防治服務業；ZZ99999 除許可業務外，得經營法令非禁止或限制之業務,新北市,變更,11503
91189903,多佳企業社,新北市泰山區新北大道5段123號4樓115年03月,于曉琳,1700000,,115/03/10,所營業務變更,F106010 五金批發業；F106020 日常用品批發業；F106030 模具批發業；F107200 化學原料批發業；F107990 其他化學製品批發業；F108040 化粧品批發業；F113010 機械批發業；F113020 電器批發業；F113030 精密儀器批發業；F113050 電腦及事務性機器設備批發業；F113060 度量衡器批發業；F113070 電信器材批發業；F113990 其他機械器具批發業；F118010 資訊軟體批發業；F119010 電子材料批發業；F207990 其他化學製品零售業；F213010 電器零售業；F213030 電腦及事務性機器設備零售業；F213040 精密儀器零售業；F213050 度量衡器零售業；F213060 電信器材零售業；F213990 其他機械器具零售業；F218010 資訊軟體零售業；F219010 電子材料零售業；F401010 國際貿易業；F206010 五金零售業；F206020 日常用品零售業；F213080 機械器具零售業；E601010 電器承裝業；E604010 機械安裝業；I301010 資訊軟體服務業；I501010 產品設計業；JA02990 其他修理業；JE01010 租賃業；CB01010 機械設備製造業；F114030 汽、機車零件配備批發業；F199990 其他批發業；F214030 汽、機車零件配備零售業；F299990 其他零售業；I401010 一般廣告服務業；F106050 陶瓷玻璃器皿批發業；F208040 化粧品零售業；C805990 其他塑膠製品製造業；F105050 家具、寢具、廚房器具、裝設品批發業；F111090 建材批發業；F114040 自行車及其零件批發業；F204110 布疋、衣著、鞋、帽、傘、服飾品零售業；F205040 家具、寢具、廚房器具、裝設品零售業；I103060 管理顧問業；I199990 其他顧問服務業；I301030 電子資訊供應服務業；I502010 服飾設計業；I599990 其他設計業；IG02010 研究發展服務業；IG03010 能源技術服務業；J399010 軟體出版業；JZ99030 攝影業；J404010 動畫影片製作業；JZ99990 未分類其他服務業；F399040 無店面零售業；F203010 食品什貨、飲料零售業；F102170 食品什貨批發業；F102040 飲料批發業；F102050 茶葉批發業；ZZ99999 除許可業務外，得經營法令非禁止或限制之業務,新北市,變更,11503
91192870,正隆鐵板燒小吃店,新北市土城區中央路4段256號(1樓),周靖芝,30000,,115/03/12,所在地變更,F501060 餐館業,新北市,變更,11503
91196496,駿議企業社,新北市八里區中山路2段179號5樓,林裕斌,500000,,115/03/10,轉讓登記,F107010 漆料、塗料批發業；JA01010 汽車修理業；F207010 漆料、塗料零售業；F114030 汽、機車零件配備批發業；F214030 汽、機車零件配備零售業；F106010 五金批發業；F206010 五金零售業；F114040 自行車及其零件批發業；F214040 自行車及其零件零售業；F213080 機械器具零售業；JA01990 其他汽車服務業；F114010 汽車批發業；JA02020 機車修理業；F399040 無店面零售業；ZZ99999 除許可業務外，得經營法令非禁止或限制之業務,新北市,變更,11503
91196566,邁墾工程行,新北市新店區北宜路2段102巷1弄2號(1樓) 115年03月,温庭筠,200000,,115/03/19,轉讓登記,EZ99990 其他工程業；I199990 其他顧問服務業；I301010 資訊軟體服務業；I301020 資料處理服務業；I503010 景觀、室內設計業；A102080 園藝服務業；J101030 廢棄物清除業；F106010 五金批發業；F111090 建材批發業；F113030 精密儀器批發業；F113050 電腦及事務性機器設備批發業；F118010 資訊軟體批發業；ZZ99999 除許可業務外，得經營法令非禁止或限制之業務,新北市,變更,11503
91201694,芒果醬工作室,新北市新店區民族路31號(1樓),郭佐治,200000,,115/03/06,所在地變更,J305010 有聲出版業；J304010 圖書出版業；J503010 廣播節目製作業（原:J503011廣播節目製作業）；J503050 錄影節目帶業（原:J503051錄影節目帶業）；J601010 藝文服務業；J602010 演藝活動業；F104110 布疋、衣著、鞋、帽、傘、服飾品批發業；F106020 日常用品批發業；J503020 電視節目製作業（原:J503021電視節目製作業）；J503030 廣播電視節目發行業（原:J503031廣播電視節目發行業）；J503040 廣播電視廣告業（原:J503041廣播電視廣告業）；F109070 文教、樂器、育樂用品批發業；F399040 無店面零售業；I301020 資料處理服務業；I401010 一般廣告服務業；I501010 產品設計業；J603010 音樂展演空間業；F601010 智慧財產權業,新北市,變更,11503
91201723,大裕食堂,新北市新店區中央路200號115年03月,高聖倫,100000,,115/03/23,轉讓登記,F501060 餐館業；F203010 食品什貨、飲料零售業；ZZ99999 除許可業務外，得經營法令非禁止或限制之業務,新北市,變更,11503
91202407,優依帽安全帽專賣店,新北市三重區重新路3段82號(1樓),吳泓寬,1000000,,115/03/05,所營業務變更,F104110 布疋、衣著、鞋、帽、傘、服飾品批發業；F114040 自行車及其零件批發業；F204110 布疋、衣著、鞋、帽、傘、服飾品零售業；F399040 無店面零售業；F213060 電信器材零售業；F113070 電信器材批發業；F109070 文教、樂器、育樂用品批發業；F203010 食品什貨、飲料零售業；F208040 化粧品零售業；F209060 文教、樂器、育樂用品零售業；F219010 電子材料零售業；F218010 資訊軟體零售業；IE01010 電信業務門號代辦業；IZ99990 其他工商服務業；F299990 其他零售業；F401010 國際貿易業；F113050 電腦及事務性機器設備批發業；F213030 電腦及事務性機器設備零售業；F213010 電器零售業；E605010 電腦設備安裝業；F106010 五金批發業；F206010 五金零售業；F211010 建材零售業；F105050 家具、寢具、廚房器具、裝設品批發業；ZZ99999 除許可業務外，得經營法令非禁止或限制之業務,新北市,變更,11503
91203742,凱心美甲,新北市板橋區漢生西路130號(1樓) 115年03月,鄧清草,50000,,115/03/12,名稱變更,JZ99080 美容美髮服務業,新北市,變更,11503
91204566,固德水電工程行,新北市中和區建八路209號14樓,劉佳欣,2000000,,115/03/23,增資變更,E601010 電器承裝業；E599010 配管工程業；E603040 消防安全設備安裝工程業；E603080 交通號誌安裝工程業；E701010 電信工程業；E801010 室內裝潢業；E901010 油漆工程業；EZ06010 交通標示工程業；F106040 水器材料批發業；F106050 陶瓷玻璃器皿批發業；F113020 電器批發業；F117010 消防安全設備批發業；F120010 耐火材料批發業；F113090 交通標誌器材批發業；F113070 電信器材批發業；F206040 水器材料零售業；F213010 電器零售業；F217010 消防安全設備零售業；F220010 耐火材料零售業；F213090 交通標誌器材零售業；F213060 電信器材零售業；F401010 國際貿易業；ZZ99999 除許可業務外，得經營法令非禁止或限制之業務,新北市,變更,11503
91213523,樂菲商行,新北市林口區麗園路2巷15號(1樓),周興樺,220000,,115/03/02,所在地變更,F104110 布疋、衣著、鞋、帽、傘、服飾品批發業；F105050 家具、寢具、廚房器具、裝設品批發業；F106020 日常用品批發業；F204110 布疋、衣著、鞋、帽、傘、服飾品零售業；F205040 家具、寢具、廚房器具、裝設品零售業；F206020 日常用品零售業；ZZ99999 除許可業務外，得經營法令非禁止或限制之業務；F399040 無店面零售業,新北市,變更,11503
91214234,達摩工作室,新北市汐止區大同路1段24號,賴建川,220000,,115/03/19,所在地變更,F208040 化粧品零售業；JZ99990 未分類其他服務業；ZZ99999 除許可業務外，得經營法令非禁止或限制之業務；F299990 其他零售業；F206020 日常用品零售業；F399990 其他綜合零售業,新北市,變更,11503
91218132,裕民娃娃企業社,新北市新莊區裕民街85巷8號(1樓),李政勳,100000,,115/03/13,轉讓登記,F209060 文教、樂器、育樂用品零售業,新北市,變更,11503
91218816,夾肥貓工作室,新北市中和區興南路2段63號115年03月,吳右霆,200000,,115/03/31,轉讓登記,F209060 文教、樂器、育樂用品零售業；F399990 其他綜合零售業；ZZ99999 除許可業務外，得經營法令非禁止或限制之業務,新北市,變更,11503
91219337,立丞室內設計工程行,新北市汐止區樟樹一路135巷10號,李育家,10000000,,115/03/23,所在地變更,E601020 電器安裝業；E801010 室內裝潢業；E801020 門窗安裝工程業；E801070 廚具、衛浴設備安裝工程業；E801040 玻璃安裝工程業；E901010 油漆工程業；EZ99990 其他工程業；I503010 景觀、室內設計業；F209060 文教、樂器、育樂用品零售業；F109070 文教、樂器、育樂用品批發業；ZZ99999 除許可業務外，得經營法令非禁止或限制之業務,新北市,變更,11503
91222023,好鄰居生活百貨商行,新北市三峽區復興路49號,王安琪,50000,,115/03/09,名稱變更,F203010 食品什貨、飲料零售業；F201030 水產品零售業；F201020 畜產品零售業；F201010 農產品零售業；F201990 其他農畜水產品零售業；F206020 日常用品零售業；F204110 布疋、衣著、鞋、帽、傘、服飾品零售業；F205040 家具、寢具、廚房器具、裝設品零售業；F207030 清潔用品零售業；F207190 塑膠膜、袋零售業；F399040 無店面零售業；ZZ99999 除許可業務外，得經營法令非禁止或限制之業務,新北市,變更,11503
91222038,楓玥日式料理,新北市汐止區湖前街43巷9號,陳景閔,100000,,115/03/25,轉讓登記,F501060 餐館業；F203010 食品什貨、飲料零售業；ZZ99999 除許可業務外，得經營法令非禁止或限制之業務,新北市,變更,11503
91224373,張鈞凱工作室,新北市新莊區裕民街85巷13號,江若綺,30000,,115/03/11,轉讓登記,F209060 文教、樂器、育樂用品零售業,新北市,變更,11503
91229948,宇宏商行,新北市中和區福美路249號115年03月,凃芳綾,50000,,115/03/19,轉讓登記,F209060 文教、樂器、育樂用品零售業；F203010 食品什貨、飲料零售業；I301010 資訊軟體服務業,新北市,變更,11503
91230298,微光工作室,新北市泰山區福泰街37巷3號(2樓),施宇謙,1700000,,115/03/17,增資變更,CE01040 鐘錶製造業；CG01010 珠寶及貴金屬製品製造業；CM01010 箱、包、袋製造業；CN01010 家具及裝設品製造業；CO01010 餐具製造業；CP01010 手工具製造業；CQ01010 模具製造業；CZ99990 未分類其他工業製品製造業；F115010 首飾及貴金屬批發業；F115020 礦石批發業；F201010 農產品零售業；F203010 食品什貨、飲料零售業；F204110 布疋、衣著、鞋、帽、傘、服飾品零售業；F205040 家具、寢具、廚房器具、裝設品零售業；F206020 日常用品零售業；F210010 鐘錶零售業；F215010 首飾及貴金屬零售業；F215020 礦石零售業；F299990 其他零售業；F301020 超級市場業；F399040 無店面零售業；F401010 國際貿易業；F501990 其他餐飲業；I199990 其他顧問服務業；I501010 產品設計業；I599990 其他設計業；J601010 藝文服務業；ZZ99999 除許可業務外，得經營法令非禁止或限制之業務,新北市,變更,11503
91230987,名饗燒烤店,新北市中和區中山路2段177號115年03月,曹瑞旻,200000,,115/03/17,復業,F501060 餐館業；F101050 水產品批發業；F101130 蔬果批發業；F102020 食用油脂批發業；F102040 飲料批發業；F102170 食品什貨批發業；F106020 日常用品批發業；F399040 無店面零售業；F399990 其他綜合零售業；F401010 國際貿易業；F501030 飲料店業；F501990 其他餐飲業；G801010 倉儲業；I101090 食品顧問業；I102010 投資顧問業；I103060 管理顧問業；I401010 一般廣告服務業；IZ06010 理貨包裝業；ZZ99999 除許可業務外，得經營法令非禁止或限制之業務,新北市,變更,11503
91232731,洛克醬企業社,新北市永和區秀朗路2段228號,林峰志,100000,,115/03/03,轉讓登記,F209060 文教、樂器、育樂用品零售業；ZZ99999 除許可業務外，得經營法令非禁止或限制之業務,新北市,變更,11503
91235245,哈啦娃娃城,新北市三重區三民街300巷3號,簡幸娟,200000,,115/03/20,轉讓登記,F209060 文教、樂器、育樂用品零售業,新北市,變更,11503
91236223,鑫寶科技工程行,新北市五股區中興路1段1巷21號,劉耀升,200000,,115/03/26,轉讓登記,E603040 消防安全設備安裝工程業；E801010 室內裝潢業；E801020 門窗安裝工程業；E801030 室內輕鋼架工程業；E801040 玻璃安裝工程業；F111090 建材批發業；F217010 消防安全設備零售業；IB01010 建築物公共安全檢查業；IF01010 消防安全設備檢修業；IF04010 非破壞檢測業；ZZ99999 除許可業務外，得經營法令非禁止或限制之業務,新北市,變更,11503
91237813,夢軒工藝坊,新北市雙溪區牡丹里牡丹146號(1樓),吳藝凡,50000,,115/03/31,所營業務變更,F203010 食品什貨、飲料零售業；F205040 家具、寢具、廚房器具、裝設品零售業；JE01010 租賃業；F501060 餐館業；F501030 飲料店業,新北市,變更,11503
91240818,玄染工作室,新北市林口區文化三路1段225巷18號,簡兀凡,50000,,115/03/20,名稱變更,F208040 化粧品零售業；F399040 無店面零售業；C305010 印染整理業；C399990 其他紡織及製品製造業；I501010 產品設計業；F401010 國際貿易業；I502010 服飾設計業；ZZ99999 除許可業務外，得經營法令非禁止或限制之業務,新北市,變更,11503
91241540,鴻紳商行,新北市中和區捷運路8之21號12樓115年03月,鍾子薔,400000,,115/03/16,所在地變更,F209060 文教、樂器、育樂用品零售業；F204110 布疋、衣著、鞋、帽、傘、服飾品零售業；F206010 五金零售業；F206020 日常用品零售業；F206030 模具零售業；F109070 文教、樂器、育樂用品批發業；F104110 布疋、衣著、鞋、帽、傘、服飾品批發業；F106010 五金批發業；F401010 國際貿易業；F106020 日常用品批發業；F106030 模具批發業；ZZ99999 除許可業務外，得經營法令非禁止或限制之業務,新北市,變更,11503
91241653,旺輝企業社,新北市中和區捷運路8之21號12樓115年03月,李璟珩,200000,,115/03/17,所在地變更,F206010 五金零售業；F206020 日常用品零售業；F206040 水器材料零售業；F211010 建材零售業；F213010 電器零售業；F401010 國際貿易業；E599010 配管工程業；E601020 電器安裝業；E603040 消防安全設備安裝工程業；E603090 照明設備安裝工程業；E607010 太陽熱能設備安裝工程業；E801010 室內裝潢業；E801020 門窗安裝工程業；E801030 室內輕鋼架工程業；E801070 廚具、衛浴設備安裝工程業；E901010 油漆工程業；EZ99990 其他工程業；ZZ99999 除許可業務外，得經營法令非禁止或限制之業務,新北市,變更,11503
91241886,湠佶企業社,新北市泰山區明志路3段142巷8號5樓之45 115年03月,張蘭德,200000,,115/03/31,外縣市遷入,F101130 蔬果批發業；F101990 其他農、畜、水產品批發業；F102030 菸酒批發業；F102040 飲料批發業；F102050 茶葉批發業；F102170 食品什貨批發業；F104110 布疋、衣著、鞋、帽、傘、服飾品批發業；F105050 家具、寢具、廚房器具、裝設品批發業；F106010 五金批發業；F106020 日常用品批發業；F106050 陶瓷玻璃器皿批發業；F106060 寵物食品及其用品批發業；F107030 清潔用品批發業；F108040 化粧品批發業；F109070 文教、樂器、育樂用品批發業；F110010 鐘錶批發業；F110020 眼鏡批發業；F113020 電器批發業；F115010 首飾及貴金屬批發業；F115020 礦石批發業；F199990 其他批發業；F201010 農產品零售業；F201030 水產品零售業；F201990 其他農畜水產品零售業；F203010 食品什貨、飲料零售業；F203020 菸酒零售業；F204110 布疋、衣著、鞋、帽、傘、服飾品零售業；F205040 家具、寢具、廚房器具、裝設品零售業；F206010 五金零售業；F206020 日常用品零售業；F206050 寵物食品及其用品零售業；F207030 清潔用品零售業；F208040 化粧品零售業；F209060 文教、樂器、育樂用品零售業；F210010 鐘錶零售業；F210020 眼鏡零售業；F213010 電器零售業；F215010 首飾及貴金屬零售業；F215020 礦石零售業；F299990 其他零售業；F399040 無店面零售業；F399990 其他綜合零售業；F401010 國際貿易業；ZZ99999 除許可業務外，得經營法令非禁止或限制之業務,新北市,變更,11503
91241984,奇星清潔工程行,新北市泰山區明志路3段142巷8號5樓之44,呂奇興,200000,,115/03/18,所在地變更,J101010 建築物清潔服務業；E901010 油漆工程業；E903010 防蝕、防銹工程業；EZ99990 其他工程業；ZZ99999 除許可業務外，得經營法令非禁止或限制之業務,新北市,變更,11503
91243006,龍胤工程行,新北市三重區中華路16號3樓115年03月,陳昱龍,200000,,115/03/26,所在地變更,EZ99990 其他工程業；E801010 室內裝潢業；E901010 油漆工程業；E903010 防蝕、防銹工程業；EZ02010 起重工程業；EZ07010 鑽孔工程業；E599010 配管工程業；E601020 電器安裝業；E603020 電梯安裝工程業；E603040 消防安全設備安裝工程業；E603050 自動控制設備工程業；E603080 交通號誌安裝工程業；E603090 照明設備安裝工程業；E801020 門窗安裝工程業；E801030 室內輕鋼架工程業；E801040 玻璃安裝工程業；E801070 廚具、衛浴設備安裝工程業；EZ06010 交通標示工程業；EZ05010 儀器、儀表安裝工程業；EZ15010 保溫、保冷安裝工程業；E604010 機械安裝業；IZ12010 人力派遣業；F106010 五金批發業；F206010 五金零售業；F106040 水器材料批發業；F206040 水器材料零售業；F107010 漆料、塗料批發業；F207010 漆料、塗料零售業；F107030 清潔用品批發業；F207030 清潔用品零售業；F111090 建材批發業；F211010 建材零售業；J101010 建築物清潔服務業；J101020 病媒防治業；J101030 廢棄物清除業；J101040 廢棄物處理業；J101090 廢棄物清理業；JZ99990 未分類其他服務業；J101060 廢（污）水處理業；J101080 資源回收業；ZZ99999 除許可業務外，得經營法令非禁止或限制之業務,新北市,變更,11503
91249445,恬歆手作烘焙坊,新北市板橋區中山路1段160之12號3樓,余俐辰,2770000,,115/03/31,所營業務變更,C104020 烘焙炊蒸食品製造業；C104010 糖果製造業；F109070 文教、樂器、育樂用品批發業；F203010 食品什貨、飲料零售業；ZZ99999 除許可業務外，得經營法令非禁止或限制之業務；F401010 國際貿易業；H703090 不動產買賣業；F501060 餐館業；F201010 農產品零售業；F203020 菸酒零售業；F214010 汽車零售業；E801010 室內裝潢業；E801020 門窗安裝工程業；E901010 油漆工程業；H703100 不動產租賃業；I504010 花藝設計業；I501010 產品設計業；I502010 服飾設計業；A101050 花卉栽培業；A102080 園藝服務業；C701010 印刷業；C703010 印刷品裝訂及加工業；CN01010 家具及裝設品製造業；CM01010 箱、包、袋製造業；F209060 文教、樂器、育樂用品零售業；F204110 布疋、衣著、鞋、帽、傘、服飾品零售業,新北市,變更,11503
91251758,金揚企業社,新北市板橋區莊敬路58號3樓115年03月,馬煜崴,200000,,115/03/05,轉讓登記,E801010 室內裝潢業；I503010 景觀、室內設計業；E603040 消防安全設備安裝工程業；E599010 配管工程業；E801030 室內輕鋼架工程業；E801020 門窗安裝工程業；E801040 玻璃安裝工程業；E901010 油漆工程業；E903010 防蝕、防銹工程業；E801070 廚具、衛浴設備安裝工程業；F105050 家具、寢具、廚房器具、裝設品批發業；F205040 家具、寢具、廚房器具、裝設品零售業；F211010 建材零售業；F213010 電器零售業；ZZ99999 除許可業務外，得經營法令非禁止或限制之業務,新北市,變更,11503
91306607,輝潤工程行,新北市樹林區樹新路225號2樓,彭凱煌,200000,,115/03/23,所在地變更,E599010 配管工程業；E601010 電器承裝業；E601020 電器安裝業；E603040 消防安全設備安裝工程業；E603050 自動控制設備工程業；E603090 照明設備安裝工程業；E603100 電焊工程業；E603110 冷作工程業；E801010 室內裝潢業；E801020 門窗安裝工程業；E801030 室內輕鋼架工程業；E801040 玻璃安裝工程業；E801070 廚具、衛浴設備安裝工程業；E901010 油漆工程業；E903010 防蝕、防銹工程業；EZ02010 起重工程業；EZ07010 鑽孔工程業；EZ99990 其他工程業；IZ12010 人力派遣業；ZZ99999 除許可業務外，得經營法令非禁止或限制之業務,新北市,變更,11503
91324844,抓狂選物販賣機,新北市三重區力行路2段97號(1樓),柯至駿,100000,,115/03/06,轉讓登記,F209060 文教、樂器、育樂用品零售業,新北市,變更,11503
91401383,上恩工程行,新北市泰山區義東街10號10樓115年03月,簡秀鳳,200000,,115/03/02,所在地變更,E599010 配管工程業；E603100 電焊工程業；F106010 五金批發業；EZ02010 起重工程業；IZ12010 人力派遣業；J101030 廢棄物清除業；J101090 廢棄物清理業；ZZ99999 除許可業務外，得經營法令非禁止或限制之業務,新北市,變更,11503
91402003,馬魁商行,新北市三重區仁政街159號,許馬魁,200000,,115/03/19,出資額變更,ZZ99999 除許可業務外，得經營法令非禁止或限制之業務；IE01010 電信業務門號代辦業；IZ01010 影印業；J701020 遊樂園業；JA01010 汽車修理業；JA01990 其他汽車服務業；C104020 烘焙炊蒸食品製造業；JZ99050 仲介服務業；F102040 飲料批發業；F201070 花卉零售業；F208050 乙類成藥零售業；F210020 眼鏡零售業；F213010 電器零售業；F399990 其他綜合零售業；F501060 餐館業；I301040 第三方支付服務業；A102060 糧商業；I401010 一般廣告服務業；IZ09010 管理系統驗證業；IZ99990 其他工商服務業；JA03010 洗衣業；JZ99030 攝影業；F205040 家具、寢具、廚房器具、裝設品零售業；F207050 肥料零售業；F203020 菸酒零售業；F210010 鐘錶零售業；F212050 石油製品零售業；F214030 汽、機車零件配備零售業；F216010 照相器材零售業；F301010 百貨公司業；F301020 超級市場業；F399010 便利商店業；G202010 停車場經營業；I101090 食品顧問業；F501030 飲料店業；F501990 其他餐飲業；F203010 食品什貨、飲料零售業,新北市,變更,11503
91403782,夾到褲褲工作室,新北市蘆洲區環堤大道134號5樓,劉虹櫻,200000,,115/03/16,組織變更,F401010 國際貿易業；I401010 一般廣告服務業；IZ99990 其他工商服務業；ZZ99999 除許可業務外，得經營法令非禁止或限制之業務,新北市,變更,11503
91412810,莎曼莎女孩工作室,新北市板橋區貴興路106巷11號4樓115年03月,江凌瑤,100000,,115/03/02,轉讓登記,F204110 布疋、衣著、鞋、帽、傘、服飾品零售業；F399040 無店面零售業；ZZ99999 除許可業務外，得經營法令非禁止或限制之業務,新北市,變更,11503
91414916,鑫御琚空間規劃設計室,新北市板橋區松江街43號(1樓),黃政傑,200000,,115/03/09,所在地變更,I503010 景觀、室內設計業；E801010 室內裝潢業；E801020 門窗安裝工程業；E801030 室內輕鋼架工程業；E901010 油漆工程業；EZ99990 其他工程業；E599010 配管工程業；E603100 電焊工程業；E701040 簡易電信設備安裝業；F106010 五金批發業；F206010 五金零售業；F220010 耐火材料零售業；F120010 耐火材料批發業；F105050 家具、寢具、廚房器具、裝設品批發業；F205040 家具、寢具、廚房器具、裝設品零售業；F401010 國際貿易業；J101010 建築物清潔服務業；CA01050 鋼材二次加工業；CA02990 其他金屬製品製造業；ZZ99999 除許可業務外，得經營法令非禁止或限制之業務,新北市,變更,11503
91415302,美光潔洗衣店,新北市五股區自強路135號115年03月,陳薀雅,200000,,115/03/31,轉讓登記,JA03010 洗衣業；F207030 清潔用品零售業；ZZ99999 除許可業務外，得經營法令非禁止或限制之業務,新北市,變更,11503
91416365,上澄興業社,新北市三重區中央南路95巷6號,劉心慈,200000,,115/03/26,負責人改名,E599010 配管工程業；E801010 室內裝潢業；E901010 油漆工程業；E903010 防蝕、防銹工程業；E601020 電器安裝業；E603040 消防安全設備安裝工程業；E603050 自動控制設備工程業；E603090 照明設備安裝工程業；E604010 機械安裝業；E701040 簡易電信設備安裝業；E801070 廚具、衛浴設備安裝工程業；EZ05010 儀器、儀表安裝工程業；EZ07010 鑽孔工程業；EZ99990 其他工程業；F106010 五金批發業；F106040 水器材料批發業；F107010 漆料、塗料批發業；F111090 建材批發業；F113010 機械批發業；F113020 電器批發業；F113030 精密儀器批發業；F113070 電信器材批發業；F117010 消防安全設備批發業；F119010 電子材料批發業；F120010 耐火材料批發業；F401010 國際貿易業；I503010 景觀、室內設計業；I599990 其他設計業；IF01010 消防安全設備檢修業；JA02010 電器及電子產品修理業；JE01010 租賃業；ZZ99999 除許可業務外，得經營法令非禁止或限制之業務,新北市,變更,11503
91416745,芭比寵物精品店,新北市永和區中正路140號(1至4樓),范芯瑜,100000,,115/03/12,轉讓登記,F201090 觀賞魚零售業；F202010 飼料零售業；F206050 寵物食品及其用品零售業；F207030 清潔用品零售業；F207070 動物用藥零售業；F401010 國際貿易業；F399040 無店面零售業；ZZ99999 除許可業務外，得經營法令非禁止或限制之業務,新北市,變更,11503
91416787,李記温州大餛飩,新北市新莊區自立街80號(1樓),李佩姍,30000,,115/03/02,繼承登記,F501060 餐館業；F203010 食品什貨、飲料零售業,新北市,變更,11503
91418666,阿貴越華美食小吃店,新北市新莊區成德街４７號(1樓),陳四妹,200000,,115/03/24,名稱變更,F501060 餐館業,新北市,變更,11503
91421775,日出商行,新北市新莊區成德街1號4樓115年03月,吳嘉芳,50000,,115/03/16,轉讓登記,F205040 家具、寢具、廚房器具、裝設品零售業；F204110 布疋、衣著、鞋、帽、傘、服飾品零售業；F399040 無店面零售業,新北市,變更,11503
91422795,涵崴工程行,新北市永和區永寧街5號5樓,趙宇春,200000,,115/03/03,負責人改名,E801010 室內裝潢業；F111090 建材批發業；F106010 五金批發業；ZZ99999 除許可業務外，得經營法令非禁止或限制之業務,新北市,變更,11503
91423422,倗樂企業社,新北市樹林區名園街45號,謝秉霖,50000,,115/03/11,轉讓登記,F209060 文教、樂器、育樂用品零售業；F210020 眼鏡零售業；F206020 日常用品零售業；F203010 食品什貨、飲料零售業；F208040 化粧品零售業；F204110 布疋、衣著、鞋、帽、傘、服飾品零售業；F213010 電器零售業；F213030 電腦及事務性機器設備零售業；F213110 電池零售業；F210010 鐘錶零售業；ZZ99999 除許可業務外，得經營法令非禁止或限制之業務,新北市,變更,11503
91424029,一發水電行,新北市板橋區信義路243號9樓,周士鑫,50000,,115/03/03,所在地變更,E601010 電器承裝業；E601020 電器安裝業；E603010 電纜安裝工程業；E603080 交通號誌安裝工程業；E603090 照明設備安裝工程業；E603130 燃氣熱水器承裝業；E701040 簡易電信設備安裝業；E801070 廚具、衛浴設備安裝工程業；F206010 五金零售業；F206040 水器材料零售業；F213010 電器零售業；F219010 電子材料零售業；ZZ99999 除許可業務外，得經營法令非禁止或限制之業務,新北市,變更,11503
91424061,啓順水果行,新北市板橋區板城路1000號,侯雅真,200000,,115/03/16,所在地變更,F201010 農產品零售業,新北市,變更,11503
91428398,健嘉鋼鋁企業社,新北市八里區中山路3段103號3樓,盧宥希,200000,,115/03/24,轉讓登記,F111090 建材批發業；F206010 五金零售業；F106010 五金批發業；F211010 建材零售業；E801020 門窗安裝工程業；E801040 玻璃安裝工程業；E801010 室內裝潢業；ZZ99999 除許可業務外，得經營法令非禁止或限制之業務,新北市,變更,11503
91428432,滿座小吃店,新北市中和區莒光路134號,陳禹銨,550000,,115/03/04,增資變更,F501060 餐館業,新北市,變更,11503
91431154,奎申企業社,新北市三重區新北大道1段123號11樓115年03月,黃麒璋,200000,,115/03/09,組織變更,A102080 園藝服務業；EZ99990 其他工程業；IZ12010 人力派遣業；ZZ99999 除許可業務外，得經營法令非禁止或限制之業務,新北市,變更,11503
91437489,邑昇工程行,新北市樹林區光武街32之2號,劉俊邑,2200000,,115/03/26,名稱變更,B202010 非金屬礦業；B601010 土石採取業；E402010 沙石、淤泥海拋業；EZ99990 其他工程業；F111090 建材批發業；F199010 回收物料批發業；F199990 其他批發業；F401010 國際貿易業；J101030 廢棄物清除業；J101040 廢棄物處理業；J101080 資源回收業；J101090 廢棄物清理業；J101990 其他環境衛生及污染防治服務業；J101110 營建剩餘土石方資源處理業(Disposal Industry of ConstructionSurplus Soil)；ZZ99999 除許可業務外，得經營法令非禁止或限制之業務；F102170 食品什貨批發業；F203010 食品什貨、飲料零售業；I103060 管理顧問業；I199990 其他顧問服務業；IZ12010 人力派遣業；I401010 一般廣告服務業,新北市,變更,11503
91437988,醉屋小吃店,新北市新莊區中正路612號,王震傑,200000,,115/03/20,轉讓登記,F501060 餐館業；F501030 飲料店業；F203020 菸酒零售業；ZZ99999 除許可業務外，得經營法令非禁止或限制之業務,新北市,變更,11503
91438396,銘星機車行,新北市新莊區復興路1段143號115年03月,周佩潔,50000,,115/03/27,轉讓登記,JA02020 機車修理業；F214020 機車零售業；F214050 車胎零售業；ZZ99999 除許可業務外，得經營法令非禁止或限制之業務,新北市,變更,11503
91548099,祐宇企業社,新北市五股區成泰路2段91巷25號,蕭文彥,3200000,,115/03/27,增資變更,F203010 食品什貨、飲料零售業；F399990 其他綜合零售業；F204110 布疋、衣著、鞋、帽、傘、服飾品零售業；F206020 日常用品零售業；F207030 清潔用品零售業；F205040 家具、寢具、廚房器具、裝設品零售業；F208040 化粧品零售業；F208031 醫療器材零售業；F213060 電信器材零售業；F209060 文教、樂器、育樂用品零售業；F206010 五金零售業；F206050 寵物食品及其用品零售業；F203020 菸酒零售業；F399040 無店面零售業；F213010 電器零售業；F401010 國際貿易業；ZZ99999 除許可業務外，得經營法令非禁止或限制之業務,新北市,變更,11503
91550186,金樂雅商行,新北市汐止區茄苳路200號5樓,廖美玲,200000,,115/03/05,出資額變更,F399040 無店面零售業,新北市,變更,11503
91625709,春旭裝潢工程行,新北市泰山區泰林路2段320巷4號4樓,楊智成,200000,,115/03/05,外縣市遷入,E801010 室內裝潢業；E801020 門窗安裝工程業；E801070 廚具、衛浴設備安裝工程業；F106010 五金批發業；F111090 建材批發業；F120010 耐火材料批發業；I503010 景觀、室內設計業；J101010 建築物清潔服務業,新北市,變更,11503
91658187,批批工作室,新北市泰山區明志路1段20之15號6樓,詹金得,50000,,115/03/26,所在地變更,F399040 無店面零售業；F204110 布疋、衣著、鞋、帽、傘、服飾品零售業；F205040 家具、寢具、廚房器具、裝設品零售業；F203010 食品什貨、飲料零售業；F206020 日常用品零售業；F399990 其他綜合零售業；ZZ99999 除許可業務外，得經營法令非禁止或限制之業務,新北市,變更,11503
91674692,正元室內裝潢工程行,新北市板橋區民生路1段129號4樓115年03月,鄭琸翰,200000,,115/03/11,負責人改名,E801010 室內裝潢業；E801020 門窗安裝工程業；E801030 室內輕鋼架工程業；E801040 玻璃安裝工程業；E801070 廚具、衛浴設備安裝工程業；E901010 油漆工程業；E903010 防蝕、防銹工程業；F111090 建材批發業；F211010 建材零售業；ZZ99999 除許可業務外，得經營法令非禁止或限制之業務,新北市,變更,11503
91675377,瑞祥食品企業社,新北市永和區成功路1段55號(1樓) 115年03月,李瑞祥,200000,,115/03/30,所在地變更,F102170 食品什貨批發業；F203010 食品什貨、飲料零售業；F102040 飲料批發業；F101040 家畜家禽批發業；F101050 水產品批發業；F199990 其他批發業；F299990 其他零售業；F399040 無店面零售業；F106020 日常用品批發業；F208040 化粧品零售業；F105050 家具、寢具、廚房器具、裝設品批發業；F205040 家具、寢具、廚房器具、裝設品零售業；F109070 文教、樂器、育樂用品批發業；F209060 文教、樂器、育樂用品零售業；F401010 國際貿易業；ZZ99999 除許可業務外，得經營法令非禁止或限制之業務,新北市,變更,11503
91675518,綠食農企業社,新北市淡水區自強路96號115年03月,簡品芸,200000,,115/03/17,所營業務變更,A102080 園藝服務業；A102050 作物栽培服務業；F207050 肥料零售業；F109070 文教、樂器、育樂用品批發業；E903010 防蝕、防銹工程業；EZ99990 其他工程業；F399990 其他綜合零售業；F401010 國際貿易業；I401010 一般廣告服務業；J399010 軟體出版業；J302010 通訊稿業；J303010 雜誌（期刊）出版業；J304010 圖書出版業；J305010 有聲出版業；J399990 其他出版業；J601010 藝文服務業；JB01010 會議及展覽服務業；JZ99030 攝影業；JZ99990 未分類其他服務業；I103060 管理顧問業；I199990 其他顧問服務業；I301010 資訊軟體服務業；I301020 資料處理服務業；I301030 電子資訊供應服務業；I501010 產品設計業；I503010 景觀、室內設計業；I599990 其他設計業；IZ99990 其他工商服務業；JE01010 租賃業；F106020 日常用品批發業；F107990 其他化學製品批發業；F107030 清潔用品批發業；F206020 日常用品零售業；F207990 其他化學製品零售業；F207030 清潔用品零售業；C601040 加工紙製造業；CO01010 餐具製造業；C802090 清潔用品製造業；I102010 投資顧問業；F199990 其他批發業；I401020 廣告傳單分送業；IZ15010 市場研究及民意調查業；J202010 產業育成業；JZ99050 仲介服務業；F299990 其他零售業；F301010 百貨公司業；F399040 無店面零售業；I504010 花藝設計業；IB01010 建築物公共安全檢查業；IC01010 藥品檢驗業；ID01010 度量衡器證明業；IF04010 非破壞檢測業；IG01010 生物技術服務業；IG02010 研究發展服務業；IG03010 能源技術服務業；IZ03010 剪報業；IZ04010 翻譯業；IZ06010 理貨包裝業；IZ07010 公證業；IZ09010 管理系統驗證業；IZ10010 排版業；IZ12010 人力派遣業；IZ13010 網路認證服務業；J301010 報紙業；J701020 遊樂園業；J799990 其他休閒服務業；JA02990 其他修理業；CQ01010 模具製造業；CZ99990 未分類其他工業製品製造業；E801010 室內裝潢業；F102170 食品什貨批發業；F104110 布疋、衣著、鞋、帽、傘、服飾品批發業；F105050 家具、寢具、廚房器具、裝設品批發業；F203010 食品什貨、飲料零售業；F204110 布疋、衣著、鞋、帽、傘、服飾品零售業；F205040 家具、寢具、廚房器具、裝設品零售業；F209060 文教、樂器、育樂用品零售業；J603010 音樂展演空間業；A101020 農作物栽培業；A101030 特用作物栽培業；A101040 食用菌菇類栽培業；A101050 花卉栽培業；A102020 農產品整理業；A102060 糧商業；A199990 其他農業；F101100 花卉批發業；F101130 蔬果批發業；J101010 建築物清潔服務業；J101020 病媒防治業；J101030 廢棄物清除業；J101040 廢棄物處理業；J101050 環境檢測服務業；J101080 資源回收業；J101060 廢（污）水處理業；J101090 廢棄物清理業；E801020 門窗安裝工程業；E801030 室內輕鋼架工程業；E801040 玻璃安裝工程業,新北市,變更,11503
91677918,鼎隆商行,新北市三重區重陽路3段103號(1樓),楊銘忠,100000,,115/03/31,負責人變更,F501060 餐館業；F501990 其他餐飲業,新北市,變更,11503
91681119,萬祥水產,新北市淡水區新市二路3段166號,蔡宇倫,200000,,115/03/05,所在地變更,F101050 水產品批發業；F101130 蔬果批發業；F101990 其他農、畜、水產品批發業；F102170 食品什貨批發業；F201990 其他農畜水產品零售業；F203010 食品什貨、飲料零售業；F201030 水產品零售業；F201010 農產品零售業；F201020 畜產品零售業；F399040 無店面零售業；ZZ99999 除許可業務外，得經營法令非禁止或限制之業務,新北市,變更,11503
91683968,日藏咖啡商行,新北市林口區文化二路1段３４１號,黃政達,100000,,115/03/11,轉讓登記,F501030 飲料店業；F501060 餐館業；F201070 花卉零售業；F399040 無店面零售業,新北市,變更,11503
91689956,弘大韓食堂,新北市中和區仁愛街8號115年03月,王景弘,200000,,115/03/30,其他,F501060 餐館業,新北市,變更,11503
91690905,雙寶企業社,新北市新莊區建安街16巷2號3樓,徐筱瑜,1228000,,115/03/26,所在地變更,F109070 文教、樂器、育樂用品批發業；F107030 清潔用品批發業；F106010 五金批發業；F119010 電子材料批發業；F401010 國際貿易業；ZZ99999 除許可業務外，得經營法令非禁止或限制之業務,新北市,變更,11503
91691329,普洛菲斯設計,新北市蘆洲區光明路28號,陳鐿仁,450000,,115/03/26,所營業務變更,F118010 資訊軟體批發業；F218010 資訊軟體零售業；I301010 資訊軟體服務業；I301020 資料處理服務業；I301030 電子資訊供應服務業；I103060 管理顧問業；I501010 產品設計業；C805050 工業用塑膠製品製造業；CC01110 電腦及其週邊設備製造業；ZZ99999 除許可業務外，得經營法令非禁止或限制之業務,新北市,變更,11503
91693608,况燕商號,新北市三峽區學成路226號(1樓),黃皇嘉,200000,,115/03/05,所在地變更,F501030 飲料店業；F203010 食品什貨、飲料零售業；F501060 餐館業；ZZ99999 除許可業務外，得經營法令非禁止或限制之業務,新北市,變更,11503
91694331,銘力森企業社,新北市淡水區中山北路3段55之2號(1樓) 115年03月,蘇麗燕,240000,,115/03/03,轉讓登記,F203010 食品什貨、飲料零售業；F203020 菸酒零售業；F204110 布疋、衣著、鞋、帽、傘、服飾品零售業；F205040 家具、寢具、廚房器具、裝設品零售業；F206010 五金零售業；F206020 日常用品零售業；F207030 清潔用品零售業；F208040 化粧品零售業；F209060 文教、樂器、育樂用品零售業；F399040 無店面零售業；F401010 國際貿易業；ZZ99999 除許可業務外，得經營法令非禁止或限制之業務,新北市,變更,11503
91696247,上承工程行,新北市新店區裕合街27號,童吉人,1700000,,115/03/04,所營業務變更,E599010 配管工程業；E601010 電器承裝業；E603010 電纜安裝工程業；E603040 消防安全設備安裝工程業；E603050 自動控制設備工程業；E603080 交通號誌安裝工程業；E603090 照明設備安裝工程業；E603100 電焊工程業；E603120 噴砂工程業；E604010 機械安裝業；E607010 太陽熱能設備安裝工程業；E801010 室內裝潢業；E903010 防蝕、防銹工程業；EZ02010 起重工程業；EZ05010 儀器、儀表安裝工程業；EZ07010 鑽孔工程業；EZ11010 球場跑道樹脂材料鋪設工程業；EZ14010 運動場地用設備工程業；EZ09010 靜電防護及消除工程業；EZ99990 其他工程業；ZZ99999 除許可業務外，得經營法令非禁止或限制之業務；IZ12010 人力派遣業；J101010 建築物清潔服務業；J101030 廢棄物清除業；J101040 廢棄物處理業；JE01010 租賃業；I503010 景觀設計業,新北市,變更,11503
91702748,漁勳商行,新北市萬里區龜吼里漁澳79之1號,林承勳,100000,,115/03/25,名稱變更,F201030 水產品零售業；F203010 食品什貨、飲料零售業；F203020 菸酒零售業,新北市,變更,11503
91703633,鋐宇企業社,新北市板橋區大觀路3段36巷68弄7之1號,陳明鋐,577000,,115/03/23,所營業務變更,JA01990 其他汽車服務業；JA02990 其他修理業；JA01010 汽車修理業；C401030 皮革、毛皮整製業；F207010 漆料、塗料零售業；F207020 染料、顏料零售業；F207030 清潔用品零售業；F207990 其他化學製品零售業；F214010 汽車零售業；F214030 汽、機車零件配備零售業；F299990 其他零售業；ZZ99999 除許可業務外，得經營法令非禁止或限制之業務；G799990 其他運輸輔助業,新北市,變更,11503
91705132,三合苑炒飯炒麵,新北市板橋區自由路７號(1樓) 115年03月,王名豪,200000,,115/03/30,名稱變更,F501060 餐館業,新北市,變更,11503
91708216,品睿設計室內裝修,新北市鶯歌區湖山路64巷13號(2樓),呂宜蓁,200000,,115/03/16,名稱變更,I503010 景觀、室內設計業；E801010 室內裝潢業；E901010 油漆工程業；EZ99990 其他工程業；E801040 玻璃安裝工程業；E801030 室內輕鋼架工程業；E801070 廚具、衛浴設備安裝工程業；E801060 室內裝修業（註：名稱應標明「室內裝修」字樣）,新北市,變更,11503
91710938,金恩工程行,新北市板橋區大觀路2段37巷270號115年03月,劉熠熾,200000,,115/03/06,所在地變更,E599010 配管工程業；E603040 消防安全設備安裝工程業；E603080 交通號誌安裝工程業；E603090 照明設備安裝工程業；E801010 室內裝潢業；E801030 室內輕鋼架工程業；E801040 玻璃安裝工程業；E903010 防蝕、防銹工程業；E901010 油漆工程業；EZ07010 鑽孔工程業；F106010 五金批發業；F111090 建材批發業；F113090 交通標誌器材批發業；ZZ99999 除許可業務外，得經營法令非禁止或限制之業務,新北市,變更,11503
91712859,崎昕企業社,新北市土城區金城路1段56號16樓之6 115年03月,張文馨,200000,,115/03/06,所營業務變更,A101020 農作物栽培業；A102080 園藝服務業；A201010 造林業；A299990 其他林業；B601010 土石採取業；E401010 疏濬業；E603090 照明設備安裝工程業；E601010 電器承裝業；E601020 電器安裝業；E607010 太陽熱能設備安裝工程業；E599010 配管工程業；E603050 自動控制設備工程業；E603100 電焊工程業；E604010 機械安裝業；E605010 電腦設備安裝業；E801010 室內裝潢業；E801020 門窗安裝工程業；E801030 室內輕鋼架工程業；E801070 廚具、衛浴設備安裝工程業；E901010 油漆工程業；E903010 防蝕、防銹工程業；E603010 電纜安裝工程業；E603080 交通號誌安裝工程業；E701010 電信工程業；E701040 簡易電信設備安裝業；EZ05010 儀器、儀表安裝工程業；EZ06010 交通標示工程業；EZ07010 鑽孔工程業；EZ14010 運動場地用設備工程業；EZ11010 球場跑道樹脂材料鋪設工程業；EZ99990 其他工程業；EZ02010 起重工程業；EZ09010 靜電防護及消除工程業；EZ15010 保溫、保冷安裝工程業；F101070 漁具批發業；F102170 食品什貨批發業；F104110 布疋、衣著、鞋、帽、傘、服飾品批發業；F105050 家具、寢具、廚房器具、裝設品批發業；F106010 五金批發業；F106050 陶瓷玻璃器皿批發業；F107050 肥料批發業；F108040 化粧品批發業；F109070 文教、樂器、育樂用品批發業；F113010 機械批發業；F113020 電器批發業；F113030 精密儀器批發業；F113050 電腦及事務性機器設備批發業；F114010 汽車批發業；F118010 資訊軟體批發業；F199990 其他批發業；F201070 花卉零售業；F204110 布疋、衣著、鞋、帽、傘、服飾品零售業；F206020 日常用品零售業；F206040 水器材料零售業；F207030 清潔用品零售業；F207020 染料、顏料零售業；F207170 工業助劑零售業；F207190 塑膠膜、袋零售業；F208040 化粧品零售業；F203010 食品什貨、飲料零售業；F209060 文教、樂器、育樂用品零售業；F211010 建材零售業；F213030 電腦及事務性機器設備零售業；F213060 電信器材零售業；F213100 污染防治設備零售業；F214020 機車零售業；F214040 自行車及其零件零售業；F214060 船舶及其零件零售業；F214080 軌道車輛及其零件零售業；F218010 資訊軟體零售業；F219010 電子材料零售業；F220010 耐火材料零售業；F301010 百貨公司業；F301020 超級市場業；F399010 便利商店業；F399040 無店面零售業；F399990 其他綜合零售業；F401010 國際貿易業；F501990 其他餐飲業；F101050 水產品批發業；F102040 飲料批發業；F102180 酒精批發業；F106020 日常用品批發業；F106060 寵物食品及其用品批發業；F106070 祭祀用品批發業；F107010 漆料、塗料批發業；F107020 染料、顏料批發業；F107180 爆竹、煙火批發業；F101100 花卉批發業；F101130 蔬果批發業；F101980 其他動物批發業；F101990 其他農、畜、水產品批發業；F102050 茶葉批發業；F106030 模具批發業；F106040 水器材料批發業；F107030 清潔用品批發業；F107070 動物用藥品批發業；F107080 環境用藥批發業；F107190 塑膠膜、袋批發業,新北市,變更,11503
91714961,天助小吃店,新北市三重區自強路1段193之1號,林睿升,200000,,115/03/02,轉讓登記,F501060 餐館業；ZZ99999 除許可業務外，得經營法令非禁止或限制之業務,新北市,變更,11503
91715238,佳麗時尚美學苑店,新北市新莊區成德街26號,陳眃銨,240000,,115/03/25,名稱變更,F208040 化粧品零售業；F207030 清潔用品零售業；JZ99080 美容美髮服務業；JZ99990 未分類其他服務業,新北市,變更,11503
91722266,錢夫人小吃店,新北市土城區中央路2段224號(1樓),林美珍,100000,,115/03/12,轉讓登記,F501060 餐館業,新北市,變更,11503
91723217,天亮以後早午餐,新北市土城區延平街68號,蘇林慧,100000,,115/03/06,所在地變更,F501060 餐館業,新北市,變更,11503
91725215,彤沁商行,新北市八里區頂罟一路108號3樓,趙子葳,100000,,115/03/04,所在地變更,F203010 食品什貨、飲料零售業；F204110 布疋、衣著、鞋、帽、傘、服飾品零售業；F206020 日常用品零售業；F399040 無店面零售業；ZZ99999 除許可業務外，得經營法令非禁止或限制之業務,新北市,變更,11503
91725664,達海工程行,新北市新莊區中信街176號15樓之6 115年03月,古勇志,240000,,115/03/23,所在地變更,EZ02010 起重工程業；EZ99990 其他工程業；F111090 建材批發業；E599010 配管工程業；EZ07010 鑽孔工程業；ZZ99999 除許可業務外，得經營法令非禁止或限制之業務,新北市,變更,11503
91726782,方士昀健身工作室,新北市林口區忠孝路103號(1樓) 115年03月,白政立,500000,,115/03/19,所在地變更,F399040 無店面零售業；I199990 其他顧問服務業；J799990 其他休閒服務業；J802010 運動訓練業；J803010 運動表演業；J803020 運動比賽業；ZZ99999 除許可業務外，得經營法令非禁止或限制之業務,新北市,變更,11503
91730110,冠翔空調工程行,新北市板橋區中山路1段293之1號10樓之1 115年03月,鄒竣昇,600000,,115/03/11,名稱變更,E599010 配管工程業；E601020 電器安裝業；E603130 燃氣熱水器承裝業；E604010 機械安裝業；E801070 廚具、衛浴設備安裝工程業；EZ99990 其他工程業；F105050 家具、寢具、廚房器具、裝設品批發業；F113020 電器批發業；F113990 其他機械器具批發業；F119010 電子材料批發業；F199010 回收物料批發業；F205040 家具、寢具、廚房器具、裝設品零售業；F206010 五金零售業；F213060 電信器材零售業；F213080 機械器具零售業；F219010 電子材料零售業；F399040 無店面零售業；F399990 其他綜合零售業；F401010 國際貿易業；JA02010 電器及電子產品修理業；JA02990 其他修理業；E502010 燃料導管安裝工程業；E603050 自動控制設備工程業；E603090 照明設備安裝工程業；E603100 電焊工程業；E605010 電腦設備安裝業；E801020 門窗安裝工程業；E801030 室內輕鋼架工程業；E801040 玻璃安裝工程業；E801010 室內裝潢業；E901010 油漆工程業；E903010 防蝕、防銹工程業；EZ05010 儀器、儀表安裝工程業；EZ06010 交通標示工程業；EZ07010 鑽孔工程業；F106010 五金批發業；F111090 建材批發業；F117010 消防安全設備批發業；F211010 建材零售業；F213010 電器零售業；I301010 資訊軟體服務業；I301020 資料處理服務業；ZZ99999 除許可業務外，得經營法令非禁止或限制之業務,新北市,變更,11503
91731315,時光文旅工作室,新北市烏來區忠治8號,楊勝豪,180000,,115/03/23,復業,J602010 演藝活動業；J503010 廣播節目製作業（原:J503011廣播節目製作業）；I105010 藝術品諮詢顧問業；J604010 聲音錄製及音樂發行業；J304010 圖書出版業；J305010 有聲出版業；J399990 其他出版業；J601010 藝文服務業；JZ99030 攝影業；J603010 音樂展演空間業；J404040 電影錄音業；J503040 廣播電視廣告業（原:J503041廣播電視廣告業）；J402010 電影片發行業；J503030 廣播電視節目發行業（原:J503031廣播電視節目發行業）；I501010 產品設計業；I401010 一般廣告服務業；I301060 網路廣告平臺業；IZ99990 其他工商服務業；F501060 餐館業；J903020 登山嚮導業；JB01010 會議及展覽服務業；H202010 創業投資業；F399040 無店面零售業；F206020 日常用品零售業；F203010 食品什貨、飲料零售業；F204110 布疋、衣著、鞋、帽、傘、服飾品零售業；J803010 運動表演業；F201010 農產品零售業；F203020 菸酒零售業；F399990 其他綜合零售業；F501990 其他餐飲業；J202010 產業育成業；JI01010 互動式情境體驗服務業；JZ99990 未分類其他服務業；J799990 其他休閒服務業；ZZ99999 除許可業務外，得經營法令非禁止或限制之業務；F501030 飲料店業；I503010 景觀設計業；I504010 花藝設計業,新北市,變更,11503
91734967,嗷早早午餐,新北市永和區中正路7號115年03月,楊景婷,200000,,115/03/04,更正,F501060 餐館業,新北市,變更,11503
91746817,瑞昌企業社,新北市三峽區中正路2段125之3號,黃瑞富,200000,,115/03/11,所在地變更,F214030 汽、機車零件配備零售業；F114030 汽、機車零件配備批發業；JA01010 汽車修理業；JA02020 機車修理業；JA01040 液化石油氣車改裝業；JA01990 其他汽車服務業；ZZ99999 除許可業務外，得經營法令非禁止或限制之業務,新北市,變更,11503
91748580,百琳企業社,新北市新莊區新樹路365號,李明洲,200000,,115/03/23,所營業務變更,F106010 五金批發業；F401010 國際貿易業；ZZ99999 除許可業務外，得經營法令非禁止或限制之業務；CA01050 鋼材二次加工業；J101030 廢棄物清除業；J101080 資源回收業；J101990 其他環境衛生及污染防治服務業；F199010 回收物料批發業；I503010 景觀、室內設計業；IZ12010 人力派遣業,新北市,變更,11503
91754610,歐洲之星買取商行,新北市汐止區新台五路1段77號20樓之3,黃丕丞,2000000,,115/03/23,所在地變更,F204110 布疋、衣著、鞋、帽、傘、服飾品零售業；F399040 無店面零售業；ZZ99999 除許可業務外，得經營法令非禁止或限制之業務,新北市,變更,11503
91758427,星安煤氣行,新北市三峽區民生街1巷3之11號4樓115年03月,鄭喬菱,240000,,115/03/10,所在地變更,E603130 燃氣熱水器承裝業；F205040 家具、寢具、廚房器具、裝設品零售業；F212050 石油製品零售業,新北市,變更,11503
91761149,馬卡童玩具店,新北市淡水區新民街222巷21號3樓115年03月,蔡孟原,200000,,115/03/27,所營業務變更,F204110 布疋、衣著、鞋、帽、傘、服飾品零售業；F206020 日常用品零售業；F209060 文教、樂器、育樂用品零售業；F399040 無店面零售業；F215010 首飾及貴金屬零售業；F205040 家具、寢具、廚房器具、裝設品零售業；F206010 五金零售業；F299990 其他零售業；ZZ99999 除許可業務外，得經營法令非禁止或限制之業務；B201010 金屬礦業；F203010 食品什貨、飲料零售業；F201010 農產品零售業；F201050 漁具零售業；F202010 飼料零售業；F206050 寵物食品及其用品零售業；F206060 祭祀用品零售業；F207010 漆料、塗料零售業；F206030 模具零售業；F206040 水器材料零售業；F207030 清潔用品零售業；F207020 染料、顏料零售業；F207190 塑膠膜、袋零售業；F208040 化粧品零售業；F210010 鐘錶零售業；F210020 眼鏡零售業；F213010 電器零售業；F213030 電腦及事務性機器設備零售業；F213050 度量衡器零售業；F213060 電信器材零售業；F213040 精密儀器零售業；F213080 機械器具零售業；F213090 交通標誌器材零售業；F213110 電池零售業；F214030 汽、機車零件配備零售業；F214040 自行車及其零件零售業；F215020 礦石零售業；F216010 照相器材零售業；F218010 資訊軟體零售業,新北市,變更,11503
91767832,陳村長外牆工程行,新北市三重區重陽路4段130號12樓115年03月,徐涵嫣,240000,,115/03/23,所在地變更,A102080 園藝服務業；E599010 配管工程業；E601010 電器承裝業；E603040 消防安全設備安裝工程業；E603090 照明設備安裝工程業；E603100 電焊工程業；E604010 機械安裝業；E801010 室內裝潢業；E801020 門窗安裝工程業；E801030 室內輕鋼架工程業；E801040 玻璃安裝工程業；E801070 廚具、衛浴設備安裝工程業；E901010 油漆工程業；E903010 防蝕、防銹工程業；EZ99990 其他工程業；F106010 五金批發業；F106040 水器材料批發業；F107010 漆料、塗料批發業；F107020 染料、顏料批發業；F107030 清潔用品批發業；F107170 工業助劑批發業；F107200 化學原料批發業；F107990 其他化學製品批發業；F111090 建材批發業；F117010 消防安全設備批發業；F120010 耐火材料批發業；F206010 五金零售業；F206040 水器材料零售業；F207010 漆料、塗料零售業；F207020 染料、顏料零售業；F207030 清潔用品零售業；F207170 工業助劑零售業；F207200 化學原料零售業；F207990 其他化學製品零售業；F211010 建材零售業；F213010 電器零售業；F217010 消防安全設備零售業；F220010 耐火材料零售業；F399040 無店面零售業；F401010 國際貿易業；I503010 景觀、室內設計業；IB01010 建築物公共安全檢查業；IZ12010 人力派遣業；J101010 建築物清潔服務業；J101020 病媒防治業；J101030 廢棄物清除業；J101040 廢棄物處理業；J101990 其他環境衛生及污染防治服務業；J202010 產業育成業；JZ99990 未分類其他服務業；JE01010 租賃業；ZZ99999 除許可業務外，得經營法令非禁止或限制之業務,新北市,變更,11503
91767853,明蒂商行,新北市樹林區俊英街108之1號,劉千鈺,200000,,115/03/05,所營業務變更,F208040 化粧品零售業；F207030 清潔用品零售業；F213010 電器零售業；F206020 日常用品零售業；F399040 無店面零售業；F401010 國際貿易業；ZZ99999 除許可業務外，得經營法令非禁止或限制之業務；J101010 建築物清潔服務業；J101020 病媒防治業；J101080 資源回收業；J101030 廢棄物清除業；J101040 廢棄物處理業；J101050 環境檢測服務業；J101060 廢（污）水處理業；J101070 放射性廢料處理服務業；J101990 其他環境衛生及污染防治服務業,新北市,變更,11503
91771723,衣凌衣洗衣店,新北市五股區凌雲路1段101號(1樓),陳薀雅,200000,,115/03/31,轉讓登記,JA03010 洗衣業；F207030 清潔用品零售業；F203010 食品什貨、飲料零售業；ZZ99999 除許可業務外，得經營法令非禁止或限制之業務,新北市,變更,11503
91780455,牧聲企業社,新北市淡水區自強路249號3樓,劉譽杰,200000,,115/03/11,所在地變更,E601020 電器安裝業；E603090 照明設備安裝工程業；F216010 照相器材零售業；I103060 管理顧問業；I401010 一般廣告服務業；IZ12010 人力派遣業；J601010 藝文服務業；J602010 演藝活動業；J603010 音樂展演空間業；JE01010 租賃業；JZ99030 攝影業；JZ99090 喜慶綜合服務業；F209060 文教、樂器、育樂用品零售業；F213040 精密儀器零售業；ZZ99999 除許可業務外，得經營法令非禁止或限制之業務,新北市,變更,11503
91781623,晨城企業社,新北市蘆洲區中正路１８５巷４５弄２５號115年03月,李明達,200000,,115/03/03,名稱變更,F105050 家具、寢具、廚房器具、裝設品批發業；F205040 家具、寢具、廚房器具、裝設品零售業；F106010 五金批發業；F104110 布疋、衣著、鞋、帽、傘、服飾品批發業；F111090 建材批發業；ZZ99999 除許可業務外，得經營法令非禁止或限制之業務,新北市,變更,11503
91783951,珠事鴻運福美叔叔娛樂社,新北市中和區福美路232號(1樓),蕭亦景,200000,,115/03/02,轉讓登記,F209060 文教、樂器、育樂用品零售業；J701020 遊樂園業；F202010 飼料零售業；F201030 水產品零售業；F203010 食品什貨、飲料零售業；F204110 布疋、衣著、鞋、帽、傘、服飾品零售業；F205040 家具、寢具、廚房器具、裝設品零售業；F206010 五金零售業；F206020 日常用品零售業；F207030 清潔用品零售業；F213010 電器零售業；F213060 電信器材零售業；F213110 電池零售業；F215010 首飾及貴金屬零售業；F221010 食品添加物零售業；F401010 國際貿易業；F399040 無店面零售業；F301010 百貨公司業；F301020 超級市場業,新北市,變更,11503
91786866,八角小吃店,新北市新莊區新泰路75號,劉又豪,200000,,115/03/30,轉讓登記,F501060 餐館業,新北市,變更,11503
91787648,立本商行,新北市三重區中華路2巷23號4樓,陳立庭,100000,,115/03/12,所營業務變更,F203010 食品什貨、飲料零售業；F399040 無店面零售業；ZZ99999 除許可業務外，得經營法令非禁止或限制之業務；F207010 漆料、塗料零售業；F207020 染料、顏料零售業；F211010 建材零售業；F206040 水器材料零售業；F208040 化粧品零售業；F208050 乙類成藥零售業；F207030 清潔用品零售業,新北市,變更,11503
91798602,兄弟們要進廠,新北市新莊區雙鳳路46號(1樓),邱品捷,100000,,115/03/02,名稱變更,F201010 農產品零售業；F201020 畜產品零售業；F201030 水產品零售業；F203010 食品什貨、飲料零售業；F203020 菸酒零售業；F206020 日常用品零售業；F208040 化粧品零售業,新北市,變更,11503
91799665,川廣企業社,新北市永和區福和路261號,尤毓翔,200000,,115/03/19,轉讓登記,F501060 餐館業；F203010 食品什貨、飲料零售業；F221010 食品添加物零售業；F501990 其他餐飲業,新北市,變更,11503
91799709,髮舒美容館,新北市新莊區中港路579號115年03月,阮潔媚,168000,,115/03/05,轉讓登記,JZ99080 美容美髮服務業；F208040 化粧品零售業；ZZ99999 除許可業務外，得經營法令非禁止或限制之業務,新北市,變更,11503
91800059,光胤商行,新北市永和區中正路32號(1樓),李彰哲,100000,,115/03/26,轉讓登記,F104110 布疋、衣著、鞋、帽、傘、服飾品批發業；F106020 日常用品批發業；F107030 清潔用品批發業；F204110 布疋、衣著、鞋、帽、傘、服飾品零售業；F206020 日常用品零售業；F207030 清潔用品零售業；F399990 其他綜合零售業；F401010 國際貿易業；I501010 產品設計業；ZZ99999 除許可業務外，得經營法令非禁止或限制之業務,新北市,變更,11503
91804512,群星餐酒館,新北市中和區景新街323之1號(1樓),鍾瑞恩,100000,,115/03/18,復業,F501060 餐館業；F501030 飲料店業；F203020 菸酒零售業；ZZ99999 除許可業務外，得經營法令非禁止或限制之業務,新北市,變更,11503
91805147,百手資訊企業社,新北市板橋區中正路433巷1弄6號(1樓) 115年03月,康智超,200000,,115/03/18,所營業務變更,F113050 電腦及事務性機器設備批發業；F213030 電腦及事務性機器設備零售業；JA02010 電器及電子產品修理業；E605010 電腦設備安裝業；I301010 資訊軟體服務業；F113070 電信器材批發業；F213060 電信器材零售業；F218010 資訊軟體零售業；ZZ99999 除許可業務外，得經營法令非禁止或限制之業務；F399990 其他綜合零售業；F399040 無店面零售業,新北市,變更,11503
91809903,詮昕國際實業社,新北市樹林區三德街30巷16弄19之4號3樓115年03月,朱璟蓉,800000,,115/03/16,增資變更,F106020 日常用品批發業；E605010 電腦設備安裝業；E701040 簡易電信設備安裝業；F109070 文教、樂器、育樂用品批發業；F113050 電腦及事務性機器設備批發業；F113070 電信器材批發業；F118010 資訊軟體批發業；F119010 電子材料批發業；F201010 農產品零售業；F201020 畜產品零售業；F201050 漁具零售業；F201070 花卉零售業；F201090 觀賞魚零售業；F202010 飼料零售業；F203010 食品什貨、飲料零售業；F203020 菸酒零售業；F204110 布疋、衣著、鞋、帽、傘、服飾品零售業；F205040 家具、寢具、廚房器具、裝設品零售業；F206020 日常用品零售業；F206050 寵物食品及其用品零售業；F207030 清潔用品零售業；F208040 化粧品零售業；F208050 乙類成藥零售業；F209060 文教、樂器、育樂用品零售業；F210010 鐘錶零售業；F210020 眼鏡零售業；F213030 電腦及事務性機器設備零售業；F213060 電信器材零售業；F214010 汽車零售業；F214020 機車零售業；F214030 汽、機車零件配備零售業；F214040 自行車及其零件零售業；F216010 照相器材零售業；F218010 資訊軟體零售業；F219010 電子材料零售業；F399040 無店面零售業；F401010 國際貿易業；G799990 其他運輸輔助業；G801010 倉儲業；I103060 管理顧問業；I401010 一般廣告服務業；IZ12010 人力派遣業；JE01010 租賃業；IZ06010 理貨包裝業；JZ99050 仲介服務業；EZ02010 起重工程業；ZZ99999 除許可業務外，得經營法令非禁止或限制之業務,新北市,變更,11503
92335480,奧學堂教育坊,新北市三重區重新路5段609巷2號(地下一層) 115年03月,謝明生,500000,,115/03/23,外縣市遷入,CC01120 資料儲存媒體製造及複製業；F109070 文教、樂器、育樂用品批發業；F113050 電腦及事務性機器設備批發業；F118010 資訊軟體批發業；F209060 文教、樂器、育樂用品零售業；F213030 電腦及事務性機器設備零售業；F218010 資訊軟體零售業；F399040 無店面零售業；F401010 國際貿易業；F601010 智慧財產權業；H701010 住宅及大樓開發租售業；H703100 不動產租賃業；I103060 管理顧問業；I199990 其他顧問服務業；I301010 資訊軟體服務業；I301020 資料處理服務業；I301030 電子資訊供應服務業；I401010 一般廣告服務業；I501010 產品設計業；IG02010 研究發展服務業；IZ01010 影印業；IZ02010 打字業；IZ04010 翻譯業；IZ12010 人力派遣業；IZ13010 網路認證服務業；J202010 產業育成業；J303010 雜誌（期刊）出版業；J304010 圖書出版業；J305010 有聲出版業；J399010 軟體出版業；J402010 電影片發行業；J503050 錄影節目帶業（原:J503051錄影節目帶業）；J601010 藝文服務業；J602010 演藝活動業；JA05010 留、遊學服務業；JB01010 會議及展覽服務業；JE01010 租賃業；JZ99050 仲介服務業；JZ99990 未分類其他服務業；ZZ99999 除許可業務外，得經營法令非禁止或限制之業務,新北市,變更,11503
92525593,魔鏡造型創意工作室,新北市五股區新五路2段283號17樓,楊心瑩,200000,,115/03/17,復業,F401010 國際貿易業；I103060 管理顧問業；F108040 化粧品批發業；F208040 化粧品零售業；F104110 布疋、衣著、鞋、帽、傘、服飾品批發業；F204110 布疋、衣著、鞋、帽、傘、服飾品零售業；I199990 其他顧問服務業；ZZ99999 除許可業務外，得經營法令非禁止或限制之業務,新北市,變更,11503
92553534,駿翼室內裝修工程行,新北市樹林區三德街17巷1號,王俊皓,2200000,,115/03/17,所在地變更,E801060 室內裝修業（註：名稱應標明「室內裝修」字樣）；E599010 配管工程業；E601010 電器承裝業；E601020 電器安裝業；E603010 電纜安裝工程業；E603040 消防安全設備安裝工程業；E603090 照明設備安裝工程業；E801010 室內裝潢業；E801020 門窗安裝工程業；E801030 室內輕鋼架工程業；E801040 玻璃安裝工程業；E801070 廚具、衛浴設備安裝工程業；EZ99990 其他工程業；ZZ99999 除許可業務外，得經營法令非禁止或限制之業務,新北市,變更,11503
92584071,兆璟商行,新北市林口區文化三路2段41巷28號115年03月,賴郁程,80000,,115/03/17,外縣市遷入,F203010 食品什貨、飲料零售業；F501060 餐館業；F501990 其他餐飲業；ZZ99999 除許可業務外，得經營法令非禁止或限制之業務,新北市,變更,11503
92587416,築興工程行,新北市鶯歌區福隆一街46號(1樓),黃書儀,230000,,115/03/26,外縣市遷入,E801010 室內裝潢業；E801030 室內輕鋼架工程業；E801070 廚具、衛浴設備安裝工程業；E901010 油漆工程業；E599010 配管工程業；E603090 照明設備安裝工程業；E801020 門窗安裝工程業；E801040 玻璃安裝工程業；EZ07010 鑽孔工程業；EZ99990 其他工程業；F206010 五金零售業；F206020 日常用品零售業；F206040 水器材料零售業；J101010 建築物清潔服務業；I503010 景觀設計業；F111090 建材批發業；F106010 五金批發業；IZ12010 人力派遣業；ZZ99999 除許可業務外，得經營法令非禁止或限制之業務,新北市,變更,11503
92596941,提米企業社,新北市板橋區漢生東路113巷38號,羅僖釩,100000,,115/03/04,外縣市遷入,F399040 無店面零售業；IZ06010 理貨包裝業；F401010 國際貿易業；F205040 家具、寢具、廚房器具、裝設品零售業；F206020 日常用品零售業；F208040 化粧品零售業；F209060 文教、樂器、育樂用品零售業；G799990 其他運輸輔助業；G801010 倉儲業；F199990 其他批發業；F106010 五金批發業；F106020 日常用品批發業；ZZ99999 除許可業務外，得經營法令非禁止或限制之業務,新北市,變更,11503
92666354,豐群汽車服務企業社,新北市三峽區學府路126號(1樓),劉家源,100000,,115/03/11,外縣市遷入,JA01990 其他汽車服務業,新北市,變更,11503
92699518,三宅輕食,新北市三重區重新路5段609巷14號之11,王宣賀,30000,,115/03/16,出資額變更,F501060 餐館業；F501030 飲料店業；F501990 其他餐飲業,新北市,變更,11503
92704391,一二二八夾發發娃娃機店,新北市新莊區中正路435號(1樓) 115年03月,黃家俊,100000,,115/03/31,轉讓登記,F209060 文教、樂器、育樂用品零售業；ZZ99999 除許可業務外，得經營法令非禁止或限制之業務,新北市,變更,11503
92705933,廣傳冰品,新北市新莊區新樹路315巷22號,吳彥希,240000,,115/03/25,所營業務變更,F201010 農產品零售業；F102040 飲料批發業；F102170 食品什貨批發業；F203010 食品什貨、飲料零售業；F109070 文教、樂器、育樂用品批發業；F209060 文教、樂器、育樂用品零售業；F105050 家具、寢具、廚房器具、裝設品批發業；F205040 家具、寢具、廚房器具、裝設品零售業；F106020 日常用品批發業；F206020 日常用品零售業；F106010 五金批發業；F206010 五金零售業；F107190 塑膠膜、袋批發業；F207190 塑膠膜、袋零售業；F113020 電器批發業；F213010 電器零售業；F399990 其他綜合零售業；F501030 飲料店業；F299990 其他零售業；F113050 電腦及事務性機器設備批發業；F213030 電腦及事務性機器設備零售業；I101090 食品顧問業；I103060 管理顧問業；I301010 資訊軟體服務業；I301020 資料處理服務業；I401010 一般廣告服務業；IZ99990 其他工商服務業；J202010 產業育成業；JZ99990 未分類其他服務業；ZZ99999 除許可業務外，得經營法令非禁止或限制之業務；C110010 飲料製造業；C102010 乳品製造業；C199020 食用冰製造業；C199990 未分類其他食品製造業,新北市,變更,11503
92720245,拾在好物商行,新北市中和區莒光路222之7號,邱瀞儀,200000,,115/03/26,轉讓登記,F209060 文教、樂器、育樂用品零售業；F203010 食品什貨、飲料零售業；F206020 日常用品零售業,新北市,變更,11503
92722118,藝繪工作室,新北市三重區中寮街59之2號,張議,200000,,115/03/09,所在地變更,F207020 染料、顏料零售業；F209060 文教、樂器、育樂用品零售業；F299990 其他零售業；I105010 藝術品諮詢顧問業；ZZ99999 除許可業務外，得經營法令非禁止或限制之業務；F399040 無店面零售業,新北市,變更,11503
92724875,仨個小食企業社,新北市板橋區大同街63號(1樓),彭淑雯,120000,,115/03/02,轉讓登記,F501060 餐館業,新北市,變更,11503
92730996,朝司慕饗咖啡廳,新北市板橋區三民路2段62號115年03月,林昆懋,200000,,115/03/27,轉讓登記,F501030 飲料店業；F501060 餐館業,新北市,變更,11503
92734830,怡安坊商行,新北市土城區慶安街58號(1樓),高嬋娟,80000,,115/03/23,所在地變更,JZ99050 仲介服務業；ZZ99999 除許可業務外，得經營法令非禁止或限制之業務；F204110 布疋、衣著、鞋、帽、傘、服飾品零售業；F206020 日常用品零售業；F213030 電腦及事務性機器設備零售業；F213010 電器零售業；F213040 精密儀器零售業；F213060 電信器材零售業,新北市,變更,11503
92735063,里奧永續顧問,新北市新莊區中原路293號7樓,郭雅媚,200000,,115/03/04,轉讓登記,I103060 管理顧問業；I199990 其他顧問服務業；I301010 資訊軟體服務業；I301030 電子資訊供應服務業；IG03010 能源技術服務業；F399040 無店面零售業；J202010 產業育成業；ZZ99999 除許可業務外，得經營法令非禁止或限制之業務,新北市,變更,11503
92736470,卡洛斯髮廊,新北市板橋區民族路34巷20號2樓,張閎秝,200000,,115/03/09,負責人改名,JZ99080 美容美髮服務業,新北市,變更,11503
92736730,粥日廣東粥,新北市板橋區重慶路97號,丁健祥,100000,,115/03/26,所在地變更,F501060 餐館業；ZZ99999 除許可業務外，得經營法令非禁止或限制之業務,新北市,變更,11503
92736817,尚虹運動彩券行,新北市板橋區四維路323號(1樓),廖子臻,50000,,115/03/25,所在地變更,IZ18021 運動彩券經銷業,新北市,變更,11503
92737365,一六發彩券行,新北市板橋區陽明街48號(1樓),游聖祥,60000,,115/03/25,所在地變更,IZ14020 公益彩券經銷業,新北市,變更,11503
92741240,喜抓抓商行,新北市樹林區中洲街51巷2號,林敬頤,100000,,115/03/19,轉讓登記,F209060 文教、樂器、育樂用品零售業；F206020 日常用品零售業；F204110 布疋、衣著、鞋、帽、傘、服飾品零售業；F205040 家具、寢具、廚房器具、裝設品零售業；F399990 其他綜合零售業；ZZ99999 除許可業務外，得經營法令非禁止或限制之業務,新北市,變更,11503
92742753,梅西運動彩券行,新北市樹林區中華路102號,王均慈,50000,,115/03/04,所在地變更,IZ18021 運動彩券經銷業,新北市,變更,11503
92746414,偉傑發商行,新北市蘆洲區中山二路141號,洪千絢,100000,,115/03/04,轉讓登記,F501060 餐館業；F501990 其他餐飲業；ZZ99999 除許可業務外，得經營法令非禁止或限制之業務,新北市,變更,11503
92748454,一六六運動彩券行,新北市中和區福祥路61號,陳偌緋,20000,,115/03/30,所在地變更,IZ18021 運動彩券經銷業,新北市,變更,11503
92749073,百億鑫彩券商行,新北市板橋區民族路257號(1樓) 115年03月,王浩丞,50000,,115/03/18,復業,IZ14020 公益彩券經銷業,新北市,變更,11503
92751437,果鮮森商行,新北市林口區中山路570號(1樓),曾俊翔,200000,,115/03/23,所營業務變更,F201030 水產品零售業；F201020 畜產品零售業；F201010 農產品零售業；ZZ99999 除許可業務外，得經營法令非禁止或限制之業務；F203010 食品什貨、飲料零售業,新北市,變更,11503
92751653,鉑勝企業社,新北市新店區直潭五街84號(地下層),盧柏瑋,200000,,115/03/19,所在地變更,E599010 配管工程業；E601020 電器安裝業；E603040 消防安全設備安裝工程業；E603050 自動控制設備工程業；E603090 照明設備安裝工程業；E604010 機械安裝業；E605010 電腦設備安裝業；E801010 室內裝潢業；E801020 門窗安裝工程業；E801030 室內輕鋼架工程業；E801040 玻璃安裝工程業；E801070 廚具、衛浴設備安裝工程業；E901010 油漆工程業；E903010 防蝕、防銹工程業；EZ02010 起重工程業；EZ99990 其他工程業；F106010 五金批發業；F111090 建材批發業；F113010 機械批發業；F113030 精密儀器批發業；F113050 電腦及事務性機器設備批發業；F113060 度量衡器批發業；F117010 消防安全設備批發業；F120010 耐火材料批發業；F206010 五金零售業；F211010 建材零售業；F213030 電腦及事務性機器設備零售業；F213040 精密儀器零售業；F213050 度量衡器零售業；F213080 機械器具零售業；F217010 消防安全設備零售業；F220010 耐火材料零售業；I501010 產品設計業；I503010 景觀、室內設計業；I599990 其他設計業；IZ12010 人力派遣業；ZZ99999 除許可業務外，得經營法令非禁止或限制之業務,新北市,變更,11503
92753126,回頭鍋小吃,新北市土城區中央路3段254之2號115年03月,翁祖嚴,100000,,115/03/26,所營業務變更,F501060 餐館業；F203010 食品什貨、飲料零售業；F401010 國際貿易業,新北市,變更,11503
92755285,歐格企業社,新北市林口區仁愛路1段336之4號3樓,王冠宇,200000,,115/03/23,所在地變更,CA04010 表面處理業；F107010 漆料、塗料批發業；F207010 漆料、塗料零售業；ZZ99999 除許可業務外，得經營法令非禁止或限制之業務,新北市,變更,11503
92757381,子皇商行,新北市中和區自立路99巷36弄6號,牟耕萱,200000,,115/03/26,轉讓登記,F204110 布疋、衣著、鞋、帽、傘、服飾品零售業,新北市,變更,11503
92758115,旺福發運動彩券行,新北市三峽區和平街24之1號(1樓),關渝庭,100000,,115/03/18,所在地變更,IZ18021 運動彩券經銷業,新北市,變更,11503
93036138,心世紀企業社,新北市淡水區仁愛街20巷3號3樓,羅惠珠,220000,,115/03/06,所在地變更,F102170 食品什貨批發業；F203010 食品什貨、飲料零售業；ZZ99999 除許可業務外，得經營法令非禁止或限制之業務,新北市,變更,11503
93037066,鑫廣企業社,新北市永和區秀朗路2段169之1號,謝光明,100000,,115/03/26,轉讓登記,F203010 食品什貨、飲料零售業；F209060 文教、樂器、育樂用品零售業；F219010 電子材料零售業；F204110 布疋、衣著、鞋、帽、傘、服飾品零售業；F206020 日常用品零售業,新北市,變更,11503
93038522,安華純天然森林蜜社,新北市中和區成功路133號20樓115年03月,孫彥鼎,100000,,115/03/25,轉讓登記,F399040 無店面零售業,新北市,變更,11503
93142671,翔曜企業社,新北市八里區商港二路23號5樓,林琨翔,200000,,115/03/20,外縣市遷入,F204110 布疋、衣著、鞋、帽、傘、服飾品零售業；F205040 家具、寢具、廚房器具、裝設品零售業；F206010 五金零售業；F206020 日常用品零售業；F207030 清潔用品零售業；F208040 化粧品零售業；F209060 文教、樂器、育樂用品零售業；F213010 電器零售業；F213030 電腦及事務性機器設備零售業；F213040 精密儀器零售業；F203030 酒精零售業；F108031 醫療器材批發業；F299990 其他零售業；F104110 布疋、衣著、鞋、帽、傘、服飾品批發業；F105050 家具、寢具、廚房器具、裝設品批發業；F106010 五金批發業；F106020 日常用品批發業；F107030 清潔用品批發業；F108040 化粧品批發業；F109070 文教、樂器、育樂用品批發業；F113020 電器批發業；F113050 電腦及事務性機器設備批發業；F113030 精密儀器批發業；F102180 酒精批發業；F199990 其他批發業；ZZ99999 除許可業務外，得經營法令非禁止或限制之業務,新北市,變更,11503
93145728,賴讚小舖,新北市樹林區中山路1段189號3樓之1,詹瀛洲,150000,,115/03/30,所在地變更,F208040 化粧品零售業；F203010 食品什貨、飲料零售業；F399040 無店面零售業；ZZ99999 除許可業務外，得經營法令非禁止或限制之業務,新北市,變更,11503
93181060,台灣前輩工作室,新北市新店區安興路109號5樓之6 115年03月,于貞,60000,,115/03/10,外縣市遷入,I401010 一般廣告服務業,新北市,變更,11503
93198421,享瘦體適能工作室,新北市永和區竹林路71號2樓,李心怡,200000,,115/03/17,外縣市遷入,F102040 飲料批發業；F102170 食品什貨批發業；F107030 清潔用品批發業；F108040 化粧品批發業；F104110 布疋、衣著、鞋、帽、傘、服飾品批發業；F109070 文教、樂器、育樂用品批發業；F203010 食品什貨、飲料零售業；F204110 布疋、衣著、鞋、帽、傘、服飾品零售業；F207030 清潔用品零售業；F209060 文教、樂器、育樂用品零售業；F299990 其他零售業；F399040 無店面零售業；F401010 國際貿易業；I101090 食品顧問業；I301010 資訊軟體服務業；I301020 資料處理服務業；I301030 電子資訊供應服務業；I401010 一般廣告服務業；I501010 產品設計業；J202010 產業育成業；J802010 運動訓練業；J803010 運動表演業；J803020 運動比賽業；JZ99050 仲介服務業；ZZ99999 除許可業務外，得經營法令非禁止或限制之業務,新北市,變更,11503
93198822,磊鑫工程行,新北市汐止區康寧街169巷8號6樓,許詠為,200000,,115/03/10,外縣市遷入,E599010 配管工程業；E601020 電器安裝業；E603010 電纜安裝工程業；E603040 消防安全設備安裝工程業；EZ05010 儀器、儀表安裝工程業；E801010 室內裝潢業；E901010 油漆工程業；E603050 自動控制設備工程業；F106040 水器材料批發業；F113020 電器批發業；F117010 消防安全設備批發業；F111090 建材批發業；F211010 建材零售業；F213010 電器零售業；F217010 消防安全設備零售業；I503010 景觀、室內設計業；ZZ99999 除許可業務外，得經營法令非禁止或限制之業務,新北市,變更,11503
93200088,吻鑽服飾企業社,新北市五股區新五路3段13號13樓115年03月,吳梅萱,200000,,115/03/23,外縣市遷入,F204110 布疋、衣著、鞋、帽、傘、服飾品零售業；F208040 化粧品零售業；F399040 無店面零售業；F401010 國際貿易業,新北市,變更,11503
93201235,純茗茶坊,新北市永和區竹林路112之2號(1樓、2樓),姜宗恕,95000,,115/03/24,外縣市遷入,C110010 飲料製造業；C111010 製茶業,新北市,變更,11503
93804799,立勤起重行,新北市土城區金城路2段269號17樓,陳冠維,900000,,115/03/24,增資變更,EZ02010 起重工程業；F106010 五金批發業；G801010 倉儲業；G799990 其他運輸輔助業；EZ99990 其他工程業；ZZ99999 除許可業務外，得經營法令非禁止或限制之業務,新北市,變更,11503
94614121,小野原商店,新北市土城區裕生路83巷11號,陳昱廷,50000,,115/03/02,名稱變更,ZZ99999 除許可業務外，得經營法令非禁止或限制之業務；F204110 布疋、衣著、鞋、帽、傘、服飾品零售業；F206020 日常用品零售業；F209060 文教、樂器、育樂用品零售業；F399040 無店面零售業；F207030 清潔用品零售業；F205040 家具、寢具、廚房器具、裝設品零售業,新北市,變更,11503
94866863,無尾熊早餐店迪布孫烏達邦,新北市新店區中正路519號,,200000,,115/03/26,轉讓登記,F501060 餐館業,新北市,變更,11503
94867011,一六發運動彩券行,新北市板橋區吳鳳路19之5號(1樓),鄞綸宏,50000,,115/03/25,所在地變更,IZ18021 運動彩券經銷業,新北市,變更,11503
94867687,可寓企業社,新北市中和區建八路152巷2號,賴羿云,100000,,115/03/19,所在地變更,F203010 食品什貨、飲料零售業；F501030 飲料店業；ZZ99999 除許可業務外，得經營法令非禁止或限制之業務,新北市,變更,11503
94877833,脊源覺醒健康工作坊,新北市永和區竹林路191巷9號,郭啟霆,200000,,115/03/05,名稱變更,F203010 食品什貨、飲料零售業；F204110 布疋、衣著、鞋、帽、傘、服飾品零售業；F209060 文教、樂器、育樂用品零售業；F401010 國際貿易業；J202010 產業育成業；J802010 運動訓練業；JE01010 租賃業；JZ99990 未分類其他服務業；J601010 藝文服務業；J602010 演藝活動業；J603010 音樂展演空間業；J803010 運動表演業；J803020 運動比賽業；J801030 競技及休閒運動場館業；F207030 清潔用品零售業；ZZ99999 除許可業務外，得經營法令非禁止或限制之業務,新北市,變更,11503
94878663,小桃小青工作室,新北市板橋區裕民街56巷2號115年03月,朱宣臻,150000,,115/03/24,所在地變更,JZ99080 美容美髮服務業,新北市,變更,11503
94879396,木木茶屋,新北市新店區安康路2段153號(1樓),蘇子弦,200000,,115/03/10,轉讓登記,F501030 飲料店業；F203010 食品什貨、飲料零售業；ZZ99999 除許可業務外，得經營法令非禁止或限制之業務,新北市,變更,11503
94879473,瘋搖手店,新北市土城區延平街2號,蕭進泓,100000,,115/03/12,轉讓登記,F209060 文教、樂器、育樂用品零售業,新北市,變更,11503
94883413,祈泉企業社,新北市新莊區化成路363巷51號,曹喆,100000,,115/03/24,所在地變更,ZZ99999 除許可業務外，得經營法令非禁止或限制之業務；F106010 五金批發業；F113020 電器批發業；F206010 五金零售業；F213010 電器零售業；F401010 國際貿易業；E601010 電器承裝業；E601020 電器安裝業；I401010 一般廣告服務業；J202010 產業育成業；JA02010 電器及電子產品修理業；JA02990 其他修理業,新北市,變更,11503
94884953,小木屋鸚鵡商行,新北市蘆洲區光復路77巷5號(1樓),黃彥寧,150000,,115/03/23,增資變更,F201010 農產品零售業；F202010 飼料零售業；F206050 寵物食品及其用品零售業；I301060 網路廣告平臺業；I401010 一般廣告服務業；I501010 產品設計業；IZ99990 其他工商服務業；JZ99030 攝影業；JZ99180 寵物美容服務業；A401020 家畜禽飼育業；A401060 其他動物服務業；J601010 藝文服務業；F399040 無店面零售業；ZZ99999 除許可業務外，得經營法令非禁止或限制之業務,新北市,變更,11503
94885284,政鴻雞企業社,新北市中和區連城路89巷30號地下1層115年03月,張琪政,200000,,115/03/19,所在地變更,ZZ99999 除許可業務外，得經營法令非禁止或限制之業務；F101040 家畜家禽批發業；F101050 水產品批發業；F102030 菸酒批發業；F102170 食品什貨批發業；F101990 其他農、畜、水產品批發業；F201020 畜產品零售業；F201030 水產品零售業；F203020 菸酒零售業；F203010 食品什貨、飲料零售業；F401010 國際貿易業；F399040 無店面零售業；C103050 罐頭、冷凍、脫水及醃漬食品製造業,新北市,變更,11503
94885361,珠福數位科技企業社,新北市林口區佳林路165之5號7樓,古馨怡,200000,,115/03/26,轉讓登記,I301010 資訊軟體服務業；I301020 資料處理服務業；I301030 電子資訊供應服務業；I301040 第三方支付服務業；I301060 網路廣告平臺業；I401010 一般廣告服務業；I102010 一般投資顧問業；F401010 國際貿易業；F399040 無店面零售業；F209060 文教、樂器、育樂用品零售業；F218010 資訊軟體零售業；F214030 汽、機車零件配備零售業；ZZ99999 除許可業務外，得經營法令非禁止或限制之業務；JA01990 其他汽車服務業,新北市,變更,11503
94897351,茗添商行,新北市汐止區新台五路2段238之5號2樓,潘建文,100000,,115/03/23,外縣市遷入,F501060 餐館業；F203010 食品什貨、飲料零售業；F501030 飲料店業；F399040 無店面零售業,新北市,變更,11503
95022460,阡逸工程行,新北市林口區文化三路1段39巷116弄5號5樓,莊靜怡,200000,,115/03/25,外縣市遷入,F111090 建材批發業；E801020 門窗安裝工程業；E801040 玻璃安裝工程業；E901010 油漆工程業；CA02010 金屬結構及建築組件製造業；CA02990 其他金屬製品製造業；EZ99990 其他工程業；ZZ99999 除許可業務外，得經營法令非禁止或限制之業務,新北市,變更,11503
95049778,攏來家早午餐,新北市板橋區金門街356號,潘建德,100000,,115/03/11,所在地變更,F501060 餐館業,新北市,變更,11503
95133493,穎錚咖啡商行,新北市新莊區中原東路127號,王穎緁,200000,,115/03/04,出資額變更,F203010 食品什貨、飲料零售業；F501030 飲料店業；ZZ99999 除許可業務外，得經營法令非禁止或限制之業務,新北市,變更,11503
95133634,展藤工程行,新北市新店區北新路1段79號2樓之3 115年03月,高傳閔,200000,,115/03/06,所在地變更,E801010 室內裝潢業；EZ02010 起重工程業；E901010 油漆工程業；EZ99990 其他工程業；J101030 廢棄物清除業；J101040 廢棄物處理業；J101090 廢棄物清理業；J101010 建築物清潔服務業；F111090 建材批發業；F211010 建材零售業；ZZ99999 除許可業務外，得經營法令非禁止或限制之業務,新北市,變更,11503
95135393,上癮數位工坊,新北市三重區重陽路4段6號4樓,禇惠萍,100000,,115/03/03,所營業務變更,I301010 資訊軟體服務業；I301020 資料處理服務業；I301030 電子資訊供應服務業；I401010 一般廣告服務業；I501010 產品設計業；IZ15010 市場研究及民意調查業；F601010 智慧財產權業；J304010 圖書出版業；J399010 軟體出版業；J601010 藝文服務業；JB01010 會議及展覽服務業；J401010 電影片製作業；J402010 電影片發行業；J404010 動畫影片製作業；J404040 電影錄音業；J404050 電影特效製作業；J503010 廣播節目製作業（原:J503011廣播節目製作業）；J503020 電視節目製作業（原:J503021電視節目製作業）；J503050 錄影節目帶業（原:J503051錄影節目帶業）；J602010 演藝活動業；ZZ99999 除許可業務外，得經營法令非禁止或限制之業務,新北市,變更,11503
95138271,嘉圓寶企業社,新北市汐止區中興路31號6樓之2,陳冬梅,200000,,115/03/18,轉讓登記,CC01020 電線及電纜製造業；CC01080 電子零組件製造業；ZZ99999 除許可業務外，得經營法令非禁止或限制之業務,新北市,變更,11503
95139150,鈔吉耗汁便當店,新北市林口區文化一路1段111號(1樓) 115年03月,林伯洋,240000,,115/03/09,轉讓登記,F501060 餐館業；F501030 飲料店業；F501990 其他餐飲業；F399040 無店面零售業；F399990 其他綜合零售業；ZZ99999 除許可業務外，得經營法令非禁止或限制之業務,新北市,變更,11503
95140419,花心思創新工程行,新北市三重區三和路4段117巷18號(1樓),簡千皓,200000,,115/03/27,名稱變更,E801010 室內裝潢業；E601020 電器安裝業；E603130 燃氣熱水器承裝業；ZZ99999 除許可業務外，得經營法令非禁止或限制之業務；E801070 廚具、衛浴設備安裝工程業；E901010 油漆工程業；EZ99990 其他工程業；A102080 園藝服務業；F201010 農產品零售業；F201070 花卉零售業；F205040 家具、寢具、廚房器具、裝設品零售業；F206010 五金零售業；F206020 日常用品零售業；F206040 水器材料零售業；F213010 電器零售業；F213990 其他機械器具零售業；F219010 電子材料零售業；F299990 其他零售業；F399040 無店面零售業；F399990 其他綜合零售業,新北市,變更,11503
95142486,禧越河粉,新北市中和區仁愛街２６號,王景弘,200000,,115/03/17,其他,F501060 餐館業,新北市,變更,11503
95142599,心言商行,新北市淡水區北新路182巷5弄2號,沈亞慧,100000,,115/03/16,所營業務變更,F501060 餐館業；F501990 其他餐飲業；F501030 飲料店業；F203010 食品什貨、飲料零售業；ZZ99999 除許可業務外，得經營法令非禁止或限制之業務；F209060 文教、樂器、育樂用品零售業；F109070 文教、樂器、育樂用品批發業；F399040 無店面零售業；J802010 運動訓練業；F299990 其他零售業；JZ99990 未分類其他服務業,新北市,變更,11503
95143464,古泰健康養生坊,新北市新店區光明街304號(1樓),李白玉,200000,,115/03/16,所營業務變更,F208040 化粧品零售業；JZ99990 未分類其他服務業；ZZ99999 除許可業務外，得經營法令非禁止或限制之業務,新北市,變更,11503
95144739,狗麻吉寵物美容咖啡廳,新北市汐止區康寧街459巷29號115年03月,李沛琳,200000,,115/03/17,所營業務變更,JZ99180 寵物美容服務業；F501030 飲料店業；F206050 寵物食品及其用品零售業；F207070 動物用藥零售業；F501060 餐館業；F206020 日常用品零售業；F203010 食品什貨、飲料零售業；F203030 酒精零售業；F202010 飼料零售業,新北市,變更,11503
95152358,三利商行,新北市土城區廣明街84號(1樓),曾敏,80000,,115/03/24,轉讓登記,F203010 食品什貨、飲料零售業；F501030 飲料店業；F501060 餐館業；F299990 其他零售業；F501990 其他餐飲業；F399990 其他綜合零售業；ZZ99999 除許可業務外，得經營法令非禁止或限制之業務,新北市,變更,11503
95154145,翌豐勝企業社,新北市板橋區板新路81巷2號3樓,張一琳,100000,,115/03/31,所在地變更,JA02010 電器及電子產品修理業；E604010 機械安裝業；F106040 水器材料批發業；F113020 電器批發業；E601020 電器安裝業；E801010 室內裝潢業；E801070 廚具、衛浴設備安裝工程業；F105050 家具、寢具、廚房器具、裝設品批發業；F113990 其他機械器具批發業；F199990 其他批發業；H702010 建築經理業；I199990 其他顧問服務業；I503010 景觀、室內設計業；JA02990 其他修理業；ZZ99999 除許可業務外，得經營法令非禁止或限制之業務,新北市,變更,11503
95154784,吉美潤商行,新北市三重區元信二街18號11樓之1,吳柏諺,240000,,115/03/02,增資變更,F399040 無店面零售業；F399990 其他綜合零售業；F203010 食品什貨、飲料零售業；F206050 寵物食品及其用品零售業；F206060 祭祀用品零售業；F208040 化粧品零售業,新北市,變更,11503
95156208,萬久工程企業社,新北市土城區中央路1段210號3樓,賴萬添,200000,,115/03/10,所在地變更,E903010 防蝕、防銹工程業；E901010 油漆工程業；E801010 室內裝潢業；EZ99990 其他工程業；ZZ99999 除許可業務外，得經營法令非禁止或限制之業務,新北市,變更,11503
95156538,允憶企業社,新北市板橋區三民路2段37號23樓之1 115年03月,楊芝寧,1500000,,115/03/05,增資變更,I301010 資訊軟體服務業；I301020 資料處理服務業；I301030 電子資訊供應服務業；I401010 一般廣告服務業；I599990 其他設計業；J399010 軟體出版業；ZZ99999 除許可業務外，得經營法令非禁止或限制之業務,新北市,變更,11503
95158249,睿騰農產行,新北市三峽區三樹路66號,吳江啓,2200000,,115/03/19,所營業務變更,A102020 農產品整理業；F201010 農產品零售業；F399040 無店面零售業；F399990 其他綜合零售業；F102170 食品什貨批發業；F203010 食品什貨、飲料零售業；ZZ99999 除許可業務外，得經營法令非禁止或限制之業務；A102060 糧商業；F101040 家畜家禽批發業；F101050 水產品批發業；F101130 蔬果批發業；F101990 其他農、畜、水產品批發業；F102020 食用油脂批發業；F102040 飲料批發業；F102050 茶葉批發業；F201020 畜產品零售業；F201030 水產品零售業；F201990 其他農畜水產品零售業；G801010 倉儲業；I103060 管理顧問業；IZ12010 人力派遣業；JZ99990 未分類其他服務業；IZ99990 其他工商服務業；I199990 其他顧問服務業；I101090 食品顧問業,新北市,變更,11503
95159330,解憂基地選物販賣,新北市板橋區溪崑二街30號(1樓),黃淑貞,30000,,115/03/30,所在地變更,F209060 文教、樂器、育樂用品零售業；F203010 食品什貨、飲料零售業,新北市,變更,11503
95161552,好丸小舖,新北市新莊區中正路829巷73號,陳家輝,168000,,115/03/23,轉讓登記,F209060 文教、樂器、育樂用品零售業；F206020 日常用品零售業；F203010 食品什貨、飲料零售業；ZZ99999 除許可業務外，得經營法令非禁止或限制之業務,新北市,變更,11503
95161672,睿準企業社,新北市淡水區中正路156號,吳庭瑜,200000,,115/03/05,轉讓登記,F203010 食品什貨、飲料零售業；F209060 文教、樂器、育樂用品零售業；F213010 電器零售業；F213030 電腦及事務性機器設備零售業；F213990 其他機械器具零售業；F218010 資訊軟體零售業；F219010 電子材料零售業；I301010 資訊軟體服務業；I301030 電子資訊供應服務業；JE01010 租賃業,新北市,變更,11503
95162026,抓抓看選物販賣商行,新北市中和區國光街177號(1樓) 115年03月,林長維,80000,,115/03/25,轉讓登記,F209060 文教、樂器、育樂用品零售業,新北市,變更,11503
95295428,隆叔雜貨企業社,新北市中和區中正路277之4號18樓,張振隆,248000,,115/03/17,外縣市遷入,F204110 布疋、衣著、鞋、帽、傘、服飾品零售業；F205040 家具、寢具、廚房器具、裝設品零售業；F206020 日常用品零售業；F206030 模具零售業；F206010 五金零售業；F207030 清潔用品零售業；F215010 首飾及貴金屬零售業；F399040 無店面零售業；F399990 其他綜合零售業；F401010 國際貿易業；ZZ99999 除許可業務外，得經營法令非禁止或限制之業務,新北市,變更,11503
95416540,弘浦企業社,新北市板橋區國慶路7號(1樓),丁子芸,200000,,115/03/26,外縣市遷入,F111090 建材批發業；F211010 建材零售業；E601020 電器安裝業；E603040 消防安全設備安裝工程業；F117010 消防安全設備批發業；F217010 消防安全設備零售業；E801010 室內裝潢業；E901010 油漆工程業；ZZ99999 除許可業務外，得經營法令非禁止或限制之業務,新北市,變更,11503
95865840,元詮實業社,新北市樹林區保順街85之1號,劉素妃,200000,,115/03/11,所在地門牌整改編,I501010 產品外觀設計業,新北市,變更,11503
95877418,金茗茶莊,新北市林口區竹林路61號,林曉萍,100000,,115/03/23,所在地變更,F203010 食品什貨、飲料零售業；ZZ99999 除許可業務外，得經營法令非禁止或限制之業務,新北市,變更,11503
95879252,協興防火裝璜工程行,新北市三重區三民街１３７號１樓,李慶榮,5000000,,115/03/12,所營業務變更,E801010 室內裝潢業；E801030 室內輕鋼架工程業；F211010 建材零售業；EZ99990 其他工程業；E903010 防蝕、防銹工程業；E901010 油漆工程業；E599010 配管工程業；F220010 耐火材料零售業；F120010 耐火材料批發業；F107010 漆料、塗料批發業；F111090 建材批發業；J101010 建築物清潔服務業；ZZ99999 除許可業務外，得經營法令非禁止或限制之業務,新北市,變更,11503
99233282,鍋王寶座臭臭鍋店,新北市土城區裕民路３６號１樓,邱季羚,100000,,115/03/09,名稱變更,F501060 餐館業；F203020 菸酒零售業,新北市,變更,11503
99765983,信正企業社,新北市新店區秀山路72號115年03月,徐木盛,200000,,115/03/23,所在地變更,E801010 室內裝潢業；E801020 門窗安裝工程業；E801040 玻璃安裝工程業；F111090 建材批發業,新北市,變更,11503
99816239,大同汽車商行,新北市樹林區大安路1號之111,謝運翔,100000,,115/03/11,所營業務變更,F214010 汽車零售業；F214030 汽、機車零件配備零售業；F214990 其他交通運輸工具及其零件零售業；F214050 車胎零售業；F401010 國際貿易業；F114010 汽車批發業；F114030 汽、機車零件配備批發業；F114050 車胎批發業；F114990 其他交通運輸工具及其零件批發業；JZ99050 仲介服務業；JA01010 汽車修理業；JA01990 其他汽車服務業；JA01020 汽車拖吊業；ZZ99999 除許可業務外，得經營法令非禁止或限制之業務；E604010 機械安裝業；E603080 交通號誌安裝工程業；EZ02010 起重工程業；F101050 水產品批發業；F113010 機械批發業；F201010 農產品零售業；J101990 其他環境衛生及污染防治服務業；J101090 廢棄物清理業；J101030 廢棄物清除業；J101040 廢棄物處理業；JE01010 租賃業；F206010 五金零售業；A102080 園藝服務業,新北市,變更,11503
99824104,宇德車業,新北市淡水區水源街1段8號(1樓、2樓),詹義雄,200000,,115/03/18,所營業務變更,JA02020 機車修理業；F214030 汽、機車零件配備零售業；F214020 機車零售業；F214050 車胎零售業；JE01010 租賃業；ZZ99999 除許可業務外，得經營法令非禁止或限制之業務；J101990 其他環境衛生及污染防治服務業,新北市,變更,11503
99828093,筑康泰企業社,新北市淡水區中正路51號,王志剛,200000,,115/03/17,其他,JZ99080 美容美髮服務業,新北市,變更,11503
