統一編號,公司名稱,公司所在地,代表人,資本額,核准設立日期,核准變更日期,案由或變更事項,營業項目,縣市,清冊,期別
00654855,黃金體驗企業社,新北市中和區中正路9號,王偉婷,240000,115/03/16,,,F203010 食品什貨、飲料零售業,新北市,設立,11503
42216278,靖貿企業社,新北市新莊區立信一街71號9樓,陳建均,5000,115/03/16,,,F209060 文教、樂器、育樂用品零售業,新北市,設立,11503
60197045,大樹長榮藥局,新北市蘆洲區長榮路61、61之1號(1樓),于文豪,10000,115/03/04,,,F208040 化粧品零售業；F208050 乙類成藥零售業；F203010 食品什貨、飲料零售業；F207030 清潔用品零售業；F207070 動物用藥零售業；F206020 日常用品零售業；F206050 寵物食品及其用品零售業；ZZ99999 除許可業務外，得經營法令非禁止或限制之業務,新北市,設立,11503
60219982,裕民藥局,新北市板橋區裕民街145、147號(1樓),周威至,10000,115/03/25,,,F208040 化粧品零售業；F208050 乙類成藥零售業；F203010 食品什貨、飲料零售業；F207030 清潔用品零售業；F207070 動物用藥零售業；F206020 日常用品零售業；F206050 寵物食品及其用品零售業；ZZ99999 除許可業務外，得經營法令非禁止或限制之業務,新北市,設立,11503
60225611,筠臻珠寶工作室,新北市新莊區新北大道7段646號10樓之1,邱筠臻,100000,115/03/19,,,F215010 首飾及貴金屬零售業；F215020 礦石零售業；F299990 其他零售業；F399040 無店面零售業,新北市,設立,11503
60236027,富康活力廣福藥局,新北市中和區中和路91號(1樓),倪至人,200000,115/03/20,,,F206020 日常用品零售業；F207030 清潔用品零售業,新北市,設立,11503
60278686,鼎品麻油雞,新北市板橋區國光路10號,謝聰進,20000,115/03/24,,,F501060 餐館業,新北市,設立,11503
61241673,豪宇職人企業社,新北市樹林區太平路146號2樓,吳挺豪,200000,115/03/02,,,JA02010 電器及電子產品修理業；J101010 建築物清潔服務業；E601020 電器安裝業；ZZ99999 除許可業務外，得經營法令非禁止或限制之業務,新北市,設立,11503
61241688,大仁娃娃屋,新北市三重區仁義街207號,張家榮,100000,115/03/02,,,F209060 文教、樂器、育樂用品零售業；F203010 食品什貨、飲料零售業,新北市,設立,11503
61241809,誠零零伍企業社,新北市板橋區文聖街179號2樓,許家誠,50000,115/03/02,,,F204110 布疋、衣著、鞋、帽、傘、服飾品零售業；ZZ99999 除許可業務外，得經營法令非禁止或限制之業務,新北市,設立,11503
61241821,誠零零參企業社,新北市板橋區文聖街179號2樓,許家誠,50000,115/03/02,,,F204110 布疋、衣著、鞋、帽、傘、服飾品零售業；ZZ99999 除許可業務外，得經營法令非禁止或限制之業務,新北市,設立,11503
61241836,誠零零肆企業社,新北市板橋區文聖街179號2樓,許家誠,50000,115/03/02,,,F204110 布疋、衣著、鞋、帽、傘、服飾品零售業；ZZ99999 除許可業務外，得經營法令非禁止或限制之業務,新北市,設立,11503
61241842,誠零零貳企業社,新北市板橋區文聖街179號2樓,許家誠,50000,115/03/02,,,F204110 布疋、衣著、鞋、帽、傘、服飾品零售業；ZZ99999 除許可業務外，得經營法令非禁止或限制之業務,新北市,設立,11503
61241857,誠零零壹企業社,新北市板橋區文聖街179號2樓,許家誠,50000,115/03/02,,,F204110 布疋、衣著、鞋、帽、傘、服飾品零售業；ZZ99999 除許可業務外，得經營法令非禁止或限制之業務,新北市,設立,11503
61241879,皮卡皮卡工作室,新北市鶯歌區尖山路140巷12弄4號7樓115年03月,許雅婷,100000,115/03/02,,,F399040 無店面零售業,新北市,設立,11503
61241884,珈瑀早餐店,新北市土城區明德路2段203號(1樓),涂瑞奇,200000,115/03/02,,,F203010 食品什貨、飲料零售業；F501030 飲料店業；F501060 餐館業；ZZ99999 除許可業務外，得經營法令非禁止或限制之業務,新北市,設立,11503
61241890,洲際通企業社,新北市汐止區新台五路1段97號28樓之8,劉沛勳,50000,115/03/02,,,G799990 其他運輸輔助業；IZ06010 理貨包裝業；F401010 國際貿易業；ZZ99999 除許可業務外，得經營法令非禁止或限制之業務,新北市,設立,11503
61241907,楊府麵線,新北市蘆洲區中山一路170號,楊清祥,50000,115/03/02,,,F501060 餐館業,新北市,設立,11503
61241913,誠零零陸企業社,新北市板橋區文聖街179號2樓,許家誠,50000,115/03/02,,,F204110 布疋、衣著、鞋、帽、傘、服飾品零售業；ZZ99999 除許可業務外，得經營法令非禁止或限制之業務,新北市,設立,11503
61241929,誠零零柒企業社,新北市板橋區文聖街179號2樓,許家誠,50000,115/03/02,,,F204110 布疋、衣著、鞋、帽、傘、服飾品零售業；ZZ99999 除許可業務外，得經營法令非禁止或限制之業務,新北市,設立,11503
61241934,誠零零捌企業社,新北市板橋區文聖街179號2樓,許家誠,50000,115/03/02,,,F204110 布疋、衣著、鞋、帽、傘、服飾品零售業；ZZ99999 除許可業務外，得經營法令非禁止或限制之業務,新北市,設立,11503
61241940,誠壹零企業社,新北市板橋區文聖街179號2樓,許家誠,50000,115/03/02,,,F204110 布疋、衣著、鞋、帽、傘、服飾品零售業；ZZ99999 除許可業務外，得經營法令非禁止或限制之業務,新北市,設立,11503
61241955,煲棧美食,新北市新莊區瓊林路38號之11(1樓),鄭鈺霖,100000,115/03/02,,,F501060 餐館業；ZZ99999 除許可業務外，得經營法令非禁止或限制之業務；F501990 其他餐飲業,新北市,設立,11503
61241961,采興商行,新北市新莊區中正路576巷56號,余采容,200000,115/03/02,,,J803020 運動比賽業；J803010 運動表演業；J802010 運動訓練業；J801030 競技及休閒運動場館業；F203010 食品什貨、飲料零售業；F209060 文教、樂器、育樂用品零售業；JE01010 租賃業；I503010 景觀設計業；J101010 建築物清潔服務業；J602010 演藝活動業；I103060 管理顧問業；F102170 食品什貨批發業；F104110 布疋、衣著、鞋、帽、傘、服飾品批發業；F109070 文教、樂器、育樂用品批發業；F110010 鐘錶批發業；F204110 布疋、衣著、鞋、帽、傘、服飾品零售業；F206020 日常用品零售業；F208050 乙類成藥零售業；F208040 化粧品零售業；F399040 無店面零售業；F401010 國際貿易業；ZZ99999 除許可業務外，得經營法令非禁止或限制之業務,新北市,設立,11503
61241977,誠零零玖企業社,新北市板橋區文聖街179號2樓,許家誠,50000,115/03/02,,,F204110 布疋、衣著、鞋、帽、傘、服飾品零售業；ZZ99999 除許可業務外，得經營法令非禁止或限制之業務,新北市,設立,11503
61241982,慢縵空間工作室,新北市淡水區中正路254之1號115年03月,李盈君,200000,115/03/02,,,F209060 文教、樂器、育樂用品零售業；F399990 其他綜合零售業；I199990 其他顧問服務業；ZZ99999 除許可業務外，得經營法令非禁止或限制之業務,新北市,設立,11503
61241998,可潔企業社,新北市林口區公園路71號(1樓),張鄴文,50000,115/03/02,,,JA03010 洗衣業；ZZ99999 除許可業務外，得經營法令非禁止或限制之業務,新北市,設立,11503
61242005,錦棠商行,新北市板橋區板城路1000號,王錦棠,200000,115/03/02,,,F101130 蔬果批發業,新北市,設立,11503
61242011,原威工程行,新北市新莊區四維路97巷16號9樓,高楚威,240000,115/03/02,,,EZ15010 保溫、保冷安裝工程業；E801010 室內裝潢業；EZ99990 其他工程業；E603050 自動控制設備工程業；E603090 照明設備安裝工程業；ZZ99999 除許可業務外，得經營法令非禁止或限制之業務,新北市,設立,11503
61242027,詠瞬工程行,新北市中和區民治街128巷11號4樓,謝安順,50000,115/03/02,,,E599010 配管工程業；E601020 電器安裝業；E603090 照明設備安裝工程業；E801010 室內裝潢業；E801020 門窗安裝工程業；E801030 室內輕鋼架工程業；E801040 玻璃安裝工程業；E801070 廚具、衛浴設備安裝工程業；E901010 油漆工程業；F217010 消防安全設備零售業；EZ99990 其他工程業；ZZ99999 除許可業務外，得經營法令非禁止或限制之業務,新北市,設立,11503
61242032,億恩行政企業社,新北市汐止區中興路244號2樓,嘪姿伶,10000,115/03/02,,,IZ02010 打字業,新北市,設立,11503
61242048,麗瑀白企業社,新北市五股區中興路4段48巷8號(1樓),戴麗芬,240000,115/03/02,,,F108040 化粧品批發業；F208040 化粧品零售業；F203010 食品什貨、飲料零售業；F399040 無店面零售業；F401010 國際貿易業；ZZ99999 除許可業務外，得經營法令非禁止或限制之業務,新北市,設立,11503
61242053,營養組能量食坊,新北市汐止區新台五路1段108號(1樓),廖偉翔,10000,115/03/02,,,F102170 食品什貨批發業；F203010 食品什貨、飲料零售業；F399040 無店面零售業；F501060 餐館業；F501990 其他餐飲業；J601010 藝文服務業；ZZ99999 除許可業務外，得經營法令非禁止或限制之業務,新北市,設立,11503
61242069,浚倉工程行,新北市新莊區新樹路771號3樓115年03月,林倉晟,220000,115/03/02,,,E903010 防蝕、防銹工程業；E901010 油漆工程業；E599010 配管工程業；EZ99990 其他工程業；E801010 室內裝潢業；E801020 門窗安裝工程業；E801030 室內輕鋼架工程業；F107010 漆料、塗料批發業；F111090 建材批發業；J101010 建築物清潔服務業；F401010 國際貿易業；ZZ99999 除許可業務外，得經營法令非禁止或限制之業務,新北市,設立,11503
61242075,唯鈺汽車商行,新北市汐止區中興路27巷6弄4號(1樓),黃冠翰,200000,115/03/02,,,F114030 汽、機車零件配備批發業；F214030 汽、機車零件配備零售業；F401010 國際貿易業；JA01990 其他汽車服務業；ZZ99999 除許可業務外，得經營法令非禁止或限制之業務,新北市,設立,11503
61242080,和興風管工程行,新北市新莊區中正路803巷76號9樓,吳銘哲,200000,115/03/02,,,E599010 配管工程業；E601010 電器承裝業；E601020 電器安裝業；E603110 冷作工程業；EZ15010 保溫、保冷安裝工程業；EZ99990 其他工程業；F113020 電器批發業；F106010 五金批發業；F206010 五金零售業；F213010 電器零售業；ZZ99999 除許可業務外，得經營法令非禁止或限制之業務,新北市,設立,11503
61242096,鎧驣金屬機械企業社,新北市樹林區佳園路3段21巷14號,王瑞麟,520000,115/03/02,,,F106010 五金批發業；F206010 五金零售業；F111090 建材批發業；F211010 建材零售業；F106040 水器材料批發業；F206040 水器材料零售業；F199990 其他批發業；F299990 其他零售業；F106030 模具批發業；F206030 模具零售業；F399990 其他綜合零售業；CA01060 鋼線鋼纜製造業；CA01100 鋁材軋延、伸線、擠型業；CA01130 銅材軋延、伸線、擠型業；CA01160 鎂材軋延、伸線、擠型業；CA01990 其他非鐵金屬基本工業；CA02010 金屬結構及建築組件製造業；CA02990 其他金屬製品製造業；F401010 國際貿易業；ZZ99999 除許可業務外，得經營法令非禁止或限制之業務,新北市,設立,11503
61242103,財富自由彩券行,新北市中和區福祥路61號,林育嬿,20000,115/03/02,,,IZ14020 公益彩券經銷業,新北市,設立,11503
61242119,午集食堂,新北市五股區民義路1段5號(1樓) 115年03月,吳玟慧,200000,115/03/02,,,F501060 餐館業,新北市,設立,11503
61242125,玄暘工程行,新北市鶯歌區國光街76號5樓115年03月,蘇哲儀,200000,115/03/02,,,CA04010 表面處理業；CA01050 鋼材二次加工業；E599010 配管工程業；E601010 電器承裝業；E601020 電器安裝業；E603040 消防安全設備安裝工程業；E603050 自動控制設備工程業；E603090 照明設備安裝工程業；E607010 太陽熱能設備安裝工程業；E701040 簡易電信設備安裝業；E801010 室內裝潢業；E801020 門窗安裝工程業；E801030 室內輕鋼架工程業；E801040 玻璃安裝工程業；E801070 廚具、衛浴設備安裝工程業；E901010 油漆工程業；E903010 防蝕、防銹工程業；EZ02010 起重工程業；EZ07010 鑽孔工程業；F105050 家具、寢具、廚房器具、裝設品批發業；F106010 五金批發業；F106020 日常用品批發業；F107030 清潔用品批發業；F111090 建材批發業；F113020 電器批發業；F120010 耐火材料批發業；F205040 家具、寢具、廚房器具、裝設品零售業；F206010 五金零售業；F206020 日常用品零售業；F207010 漆料、塗料零售業；F211010 建材零售業；F213010 電器零售業；F220010 耐火材料零售業；F399040 無店面零售業；F401010 國際貿易業；H701010 住宅及大樓開發租售業；H701020 工業廠房開發租售業；H701050 投資興建公共建設業；H703090 不動產買賣業；H703100 不動產租賃業；I103060 管理顧問業；I199990 其他顧問服務業；I401010 一般廣告服務業；I401020 廣告傳單分送業；I501010 產品設計業；I503010 景觀設計業；I504010 花藝設計業；I599990 其他設計業；ZZ99999 除許可業務外，得經營法令非禁止或限制之業務,新北市,設立,11503
61242130,說嶼創作工作室,新北市樹林區東華街58號2樓,陳力說,200000,115/03/02,,,I301010 資訊軟體服務業；I301020 資料處理服務業；I301030 電子資訊供應服務業；I401010 一般廣告服務業；I501010 產品設計業；I599990 其他設計業；J601010 藝文服務業；F204110 布疋、衣著、鞋、帽、傘、服飾品零售業；F205040 家具、寢具、廚房器具、裝設品零售業；F209060 文教、樂器、育樂用品零售業；F299990 其他零售業；F399040 無店面零售業；F601010 智慧財產權業；ZZ99999 除許可業務外，得經營法令非禁止或限制之業務,新北市,設立,11503
61242146,虹葉凍甲皇后店,新北市樹林區學林路43號,莊惠雯,200000,115/03/02,,,JZ99080 美容美髮服務業；JZ99990 未分類其他服務業；F208040 化粧品零售業,新北市,設立,11503
61242151,大大吉祥商號,新北市板橋區大明街63巷1弄28號2樓,鄧正宏,200000,115/03/02,,,F203010 食品什貨、飲料零售業；F399040 無店面零售業,新北市,設立,11503
61242167,牧方工作室,新北市深坑區萬福路53巷9號(1樓),黃翊翔,100000,115/03/02,,,I301010 資訊軟體服務業,新北市,設立,11503
61242173,毅僑水電工程行,新北市新莊區雙鳳路116巷15弄2號2樓115年03月,柯政廷,200000,115/03/02,,,E599010 配管工程業；E601010 電器承裝業；E601020 電器安裝業；E603010 電纜安裝工程業；E603090 照明設備安裝工程業；E603130 燃氣熱水器承裝業；E801010 室內裝潢業；E801070 廚具、衛浴設備安裝工程業；E901010 油漆工程業；EZ99990 其他工程業；F399040 無店面零售業；ZZ99999 除許可業務外，得經營法令非禁止或限制之業務,新北市,設立,11503
61242188,詠星工程行,新北市五股區工商路99巷24號6樓115年03月,李瑞詠,249000,115/03/02,,,ZZ99999 除許可業務外，得經營法令非禁止或限制之業務；F107010 漆料、塗料批發業；F107020 染料、顏料批發業；F111090 建材批發業；F206010 五金零售業；F207010 漆料、塗料零售業；F207020 染料、顏料零售業；F211010 建材零售業；F299990 其他零售業；F399040 無店面零售業；F401010 國際貿易業；E801010 室內裝潢業；E801020 門窗安裝工程業；E801030 室內輕鋼架工程業；E801040 玻璃安裝工程業；E801070 廚具、衛浴設備安裝工程業；E901010 油漆工程業；E903010 防蝕、防銹工程業；EZ06010 交通標示工程業；EZ99990 其他工程業,新北市,設立,11503
61242194,欣盈工程行,新北市新莊區中華路2段258巷5號3樓,吳冠毅,249000,115/03/02,,,E599010 配管工程業；E903010 防蝕、防銹工程業；EZ99990 其他工程業；E603100 電焊工程業；E901010 油漆工程業；EZ05010 儀器、儀表安裝工程業；EZ07010 鑽孔工程業；EZ15010 保溫、保冷安裝工程業；E801010 室內裝潢業；E801020 門窗安裝工程業；E801030 室內輕鋼架工程業；E801040 玻璃安裝工程業；E603050 自動控制設備工程業；E603090 照明設備安裝工程業；E601020 電器安裝業；E603020 電梯安裝工程業；E502010 燃料導管安裝工程業；EZ02010 起重工程業；F120010 耐火材料批發業；F399040 無店面零售業；E603040 消防安全設備安裝工程業；E604010 機械安裝業；E607010 太陽熱能設備安裝工程業；E701040 簡易電信設備安裝業；E801070 廚具、衛浴設備安裝工程業；EZ06010 交通標示工程業；F206010 五金零售業；F111090 建材批發業；F211010 建材零售業；F220010 耐火材料零售業；IZ12010 人力派遣業；IZ99990 其他工商服務業；J101010 建築物清潔服務業；J101030 廢棄物清除業；J101040 廢棄物處理業；J101080 資源回收業；JZ99050 仲介服務業；ZZ99999 除許可業務外，得經營法令非禁止或限制之業務,新北市,設立,11503
61242201,慧零零伍企業社,新北市板橋區文聖街179號2樓,廖育慧,50000,115/03/02,,,F204110 布疋、衣著、鞋、帽、傘、服飾品零售業；ZZ99999 除許可業務外，得經營法令非禁止或限制之業務,新北市,設立,11503
61242217,慧零零貳企業社,新北市板橋區文聖街179號2樓,廖育慧,50000,115/03/02,,,F204110 布疋、衣著、鞋、帽、傘、服飾品零售業；ZZ99999 除許可業務外，得經營法令非禁止或限制之業務,新北市,設立,11503
61242223,慧壹零企業社,新北市板橋區文聖街179號2樓,廖育慧,50000,115/03/03,,,F204110 布疋、衣著、鞋、帽、傘、服飾品零售業；ZZ99999 除許可業務外，得經營法令非禁止或限制之業務,新北市,設立,11503
61242238,慧零零柒企業社,新北市板橋區文聖街179號2樓,廖育慧,50000,115/03/03,,,F204110 布疋、衣著、鞋、帽、傘、服飾品零售業；ZZ99999 除許可業務外，得經營法令非禁止或限制之業務,新北市,設立,11503
61242259,慧零零捌企業社,新北市板橋區文聖街179號2樓,廖育慧,50000,115/03/03,,,F204110 布疋、衣著、鞋、帽、傘、服飾品零售業；ZZ99999 除許可業務外，得經營法令非禁止或限制之業務,新北市,設立,11503
61242265,慧零零玖企業社,新北市板橋區文聖街179號2樓115年03月,廖育慧,50000,115/03/03,,,F204110 布疋、衣著、鞋、帽、傘、服飾品零售業；ZZ99999 除許可業務外，得經營法令非禁止或限制之業務,新北市,設立,11503
61242271,湘南爬蟲館,新北市三重區重陽路4段54號(1樓),陳品君,240000,115/03/03,,,F201980 其他動物零售業；F202010 飼料零售業；F206050 寵物食品及其用品零售業；F399040 無店面零售業；F401010 國際貿易業；ZZ99999 除許可業務外，得經營法令非禁止或限制之業務,新北市,設立,11503
61242286,慧零零壹企業社,新北市板橋區文聖街179號2樓,廖育慧,50000,115/03/03,,,F204110 布疋、衣著、鞋、帽、傘、服飾品零售業；ZZ99999 除許可業務外，得經營法令非禁止或限制之業務,新北市,設立,11503
61242292,姜姜好企業社,新北市中和區保健路44巷26號3樓,曾丹妹,200000,115/03/03,,,F102170 食品什貨批發業；F104110 布疋、衣著、鞋、帽、傘、服飾品批發業；F106010 五金批發業；F109070 文教、樂器、育樂用品批發業；F203010 食品什貨、飲料零售業；F204110 布疋、衣著、鞋、帽、傘、服飾品零售業；F206010 五金零售業；F209060 文教、樂器、育樂用品零售業；F399040 無店面零售業；JI01010 互動式情境體驗服務業；I301050 實境體感應用服務業；I301060 網路廣告平臺業；I401010 一般廣告服務業；F401010 國際貿易業；ZZ99999 除許可業務外，得經營法令非禁止或限制之業務,新北市,設立,11503
61242309,眾鑫娛樂工作室,新北市板橋區重慶路60之1號3樓,陳碗鑫,200000,115/03/03,,,J602010 演藝活動業；J601010 藝文服務業；I401010 一般廣告服務業；I501010 產品設計業；J503040 廣播電視廣告業（原:J503041廣播電視廣告業）；JI01010 互動式情境體驗服務業；I301050 實境體感應用服務業；I301060 網路廣告平臺業；J305010 有聲出版業；J304010 圖書出版業；JZ99990 未分類其他服務業；F399040 無店面零售業；F399990 其他綜合零售業；ZZ99999 除許可業務外，得經營法令非禁止或限制之業務,新北市,設立,11503
61242315,日藏企業社,新北市蘆洲區三民路26巷2弄1號3樓115年03月,黃苡芯,80000,115/03/03,,,F203010 食品什貨、飲料零售業；F204110 布疋、衣著、鞋、帽、傘、服飾品零售業；F205040 家具、寢具、廚房器具、裝設品零售業；F206010 五金零售業；F206020 日常用品零售業；F207030 清潔用品零售業；F210010 鐘錶零售業；F210020 眼鏡零售業；F215010 首飾及貴金屬零售業；F299990 其他零售業,新北市,設立,11503
61242321,下酒菜宇宙休息站工作室,新北市泰山區忠孝街17巷1號,蔡佳蓉,30000,115/03/03,,,F399040 無店面零售業；F209060 文教、樂器、育樂用品零售業；F206020 日常用品零售業；F206010 五金零售業；I501010 產品設計業；I502010 服飾設計業；I599990 其他設計業；F205040 家具、寢具、廚房器具、裝設品零售業；JB01010 會議及展覽服務業；ZZ99999 除許可業務外，得經營法令非禁止或限制之業務,新北市,設立,11503
61242336,安町食堂,新北市三重區頂崁街200號,莊怡君,200000,115/03/03,,,F501060 餐館業；ZZ99999 除許可業務外，得經營法令非禁止或限制之業務,新北市,設立,11503
61242342,先天快剪,新北市汐止區原興路68號(1樓),毛柳菊,200000,115/03/03,,,JZ99080 美容美髮服務業,新北市,設立,11503
61242357,蒔嶼商行,新北市三重區重新路5段525號,鄭鈺珊,200000,115/03/03,,,F501060 餐館業；F203010 食品什貨、飲料零售業,新北市,設立,11503
61242363,鑫豊行,新北市三重區聯華街141號,粘護寶,200000,115/03/03,,,F212050 石油製品零售業；F112040 石油製品批發業；E603130 燃氣熱水器承裝業；E801070 廚具、衛浴設備安裝工程業；F105050 家具、寢具、廚房器具、裝設品批發業；F205040 家具、寢具、廚房器具、裝設品零售業；F106010 五金批發業；F113020 電器批發業；F206010 五金零售業；ZZ99999 除許可業務外，得經營法令非禁止或限制之業務,新北市,設立,11503
61242379,明心素食店,新北市三重區三和路4段101巷9號,吳育明,200000,115/03/03,,,F501060 餐館業,新北市,設立,11503
61242384,天下企業社,新北市蘆洲區長安街207巷30號4樓115年03月,楊永祥,200000,115/03/03,,,E801020 門窗安裝工程業；E801040 玻璃安裝工程業；E801070 廚具、衛浴設備安裝工程業；E801010 室內裝潢業；E901010 油漆工程業；F205040 家具、寢具、廚房器具、裝設品零售業；F105050 家具、寢具、廚房器具、裝設品批發業；I503010 景觀設計業；ZZ99999 除許可業務外，得經營法令非禁止或限制之業務,新北市,設立,11503
61242390,渼仁瑀企業社,新北市土城區學府路2段355號(1樓),方瑀,100000,115/03/03,,,F201010 農產品零售業；F201020 畜產品零售業；F201030 水產品零售業；F201990 其他農畜水產品零售業；F203010 食品什貨、飲料零售業；F203020 菸酒零售業；F203030 酒精零售業；F203040 雪茄零售業；F205040 家具、寢具、廚房器具、裝設品零售業；F206020 日常用品零售業；F221010 食品添加物零售業；F299990 其他零售業；ZZ99999 除許可業務外，得經營法令非禁止或限制之業務；A102060 糧商業；F399040 無店面零售業；F399990 其他綜合零售業；F501990 其他餐飲業；F501030 飲料店業；F501060 餐館業,新北市,設立,11503
61242407,峻澕工程行,新北市八里區中山路1段65巷1號13樓,莊玉俊,200000,115/03/03,,,E901010 油漆工程業；E801010 室內裝潢業；EZ99990 其他工程業；ZZ99999 除許可業務外，得經營法令非禁止或限制之業務,新北市,設立,11503
61242413,展新室內裝潢行,新北市新莊區民安東路20號4樓,董群恒,200000,115/03/03,,,E801010 室內裝潢業；E599010 配管工程業；E601020 電器安裝業；E603090 照明設備安裝工程業；E801020 門窗安裝工程業；E801030 室內輕鋼架工程業；E801040 玻璃安裝工程業；E801070 廚具、衛浴設備安裝工程業；E901010 油漆工程業；E903010 防蝕、防銹工程業；EZ02010 起重工程業；EZ99990 其他工程業；I503010 景觀、室內設計業；F106010 五金批發業；F106040 水器材料批發業；F107010 漆料、塗料批發業；F111090 建材批發業；F120010 耐火材料批發業；F207010 漆料、塗料零售業；F211010 建材零售業；F220010 耐火材料零售業；ZZ99999 除許可業務外，得經營法令非禁止或限制之業務,新北市,設立,11503
61242429,小鴨茶行,新北市中和區安平路92號115年03月,鄺歆婷,240000,115/03/03,,,F203010 食品什貨、飲料零售業；F204110 布疋、衣著、鞋、帽、傘、服飾品零售業；F209060 文教、樂器、育樂用品零售業；F501030 飲料店業；ZZ99999 除許可業務外，得經營法令非禁止或限制之業務,新北市,設立,11503
61242434,滷途工作室,新北市泰山區明志路3段136號,張心彤,200000,115/03/03,,,F203010 食品什貨、飲料零售業；F501060 餐館業；F102030 菸酒批發業；F102040 飲料批發業；F102170 食品什貨批發業；F203020 菸酒零售業,新北市,設立,11503
61242440,永興燒味小吃店,新北市中和區圓通路261號(1樓),陳永軒,50000,115/03/03,,,F501060 餐館業,新北市,設立,11503
61242455,慕溪企業社,新北市樹林區復興路37號5樓,王季森,200000,115/03/03,,,IZ04010 翻譯業；F206020 日常用品零售業；F209060 文教、樂器、育樂用品零售業；I199990 其他顧問服務業,新北市,設立,11503
61242461,淨心花藝,新北市三重區環河北路3段280號2樓,張淑貞,100000,115/03/03,,,I504010 花藝設計業,新北市,設立,11503
61242477,吳仙豆花,新北市金山區中山路223號(1樓),吳鎧任,100000,115/03/03,,,F501030 飲料店業,新北市,設立,11503
61242482,映光苑影像工作室,新北市新莊區昌平街41巷23號2樓,張略家,200000,115/03/03,,,JZ99030 攝影業；JZ99050 仲介服務業；J503040 廣播電視廣告業（原:J503041廣播電視廣告業）；J503020 電視節目製作業（原:J503021電視節目製作業）,新北市,設立,11503
61242498,凱廷工程行,新北市新莊區後港一路43號3樓,鄭宇廷,248000,115/03/03,,,E599010 配管工程業；E601010 電器承裝業；E601020 電器安裝業；E603010 電纜安裝工程業；E603040 消防安全設備安裝工程業；E603090 照明設備安裝工程業；E607010 太陽熱能設備安裝工程業；E801010 室內裝潢業；E801070 廚具、衛浴設備安裝工程業；EZ99990 其他工程業；F111090 建材批發業；F211010 建材零售業；J101030 廢棄物清除業；J101040 廢棄物處理業；J101090 廢棄物清理業；ZZ99999 除許可業務外，得經營法令非禁止或限制之業務,新北市,設立,11503
61242504,亞帆商行,新北市三重區重新路2段78號15樓,陳澤業,200000,115/03/03,,,F204110 布疋、衣著、鞋、帽、傘、服飾品零售業；F104110 布疋、衣著、鞋、帽、傘、服飾品批發業；F206020 日常用品零售業；F399990 其他綜合零售業；F399040 無店面零售業；F401010 國際貿易業；F399010 便利商店業；ZZ99999 除許可業務外，得經營法令非禁止或限制之業務,新北市,設立,11503
61242510,渘穎髮型美容店,新北市樹林區中山路1段115之4號(2樓) 115年03月,李欣然,10000,115/03/03,,,JZ99080 美容美髮服務業；ZZ99999 除許可業務外，得經營法令非禁止或限制之業務,新北市,設立,11503
61242526,豪盛工程行,新北市板橋區文化路1段188巷7弄41號2樓,張慧如,200000,115/03/03,,,JE01010 租賃業；EZ02010 起重工程業；EZ07010 鑽孔工程業；EZ99990 其他工程業；J101030 廢棄物清除業；J101040 廢棄物處理業；J101060 廢（污）水處理業；J101090 廢棄物清理業；J101110 營建剩餘土石方資源處理業；J101050 環境檢測服務業；E401010 疏濬業；J101080 資源回收業；J101990 其他環境衛生及污染防治服務業；I503010 景觀設計業；IZ12010 人力派遣業；E801010 室內裝潢業；E599010 配管工程業；E601010 電器承裝業；E601020 電器安裝業；E603010 電纜安裝工程業；E603020 電梯安裝工程業；E603040 消防安全設備安裝工程業；E603100 電焊工程業；E901010 油漆工程業；E903010 防蝕、防銹工程業；F106010 五金批發業；F111090 建材批發業；F211010 建材零售業；F401010 國際貿易業；ZZ99999 除許可業務外，得經營法令非禁止或限制之業務,新北市,設立,11503
61242531,吉歆烘焙坊,新北市泰山區明志路1段25號(1樓),邱雅惠,68000,115/03/03,,,F203010 食品什貨、飲料零售業,新北市,設立,11503
61242547,映界工作室,新北市中和區中正路918號3樓,唐淑珍,10000,115/03/03,,,I301010 資訊軟體服務業；I301020 資料處理服務業；I501010 產品設計業；F601010 智慧財產權業；ZZ99999 除許可業務外，得經營法令非禁止或限制之業務,新北市,設立,11503
61242552,早饗早午餐坊,新北市土城區福安街2號,陳秋錦,200000,115/03/03,,,F501060 餐館業,新北市,設立,11503
61242568,禾漾文創社,新北市中和區景平路770號4樓,游弘宇,100000,115/03/03,,,F399040 無店面零售業；ZZ99999 除許可業務外，得經營法令非禁止或限制之業務；JZ99030 攝影業,新北市,設立,11503
61242574,昶味餐飲商行,新北市中和區信義街67號115年03月,郭昶,200000,115/03/03,,,F501060 餐館業；F501990 其他餐飲業,新北市,設立,11503
61242589,說說韓文吧工作室,新北市新莊區昌隆街9號13樓之2,陳郁均,200000,115/03/03,,,I301030 電子資訊供應服務業；J202010 產業育成業；I301010 資訊軟體服務業；I301060 網路廣告平臺業；JZ99990 未分類其他服務業；ZZ99999 除許可業務外，得經營法令非禁止或限制之業務；F399040 無店面零售業；IZ04010 翻譯業；J601010 藝文服務業；JI01010 互動式情境體驗服務業,新北市,設立,11503
61242595,俊來工程行,新北市樹林區太順街32號2樓,許俊敏,200000,115/03/03,,,E801010 室內裝潢業；E801030 室內輕鋼架工程業；F111090 建材批發業；F211010 建材零售業；EZ99990 其他工程業；ZZ99999 除許可業務外，得經營法令非禁止或限制之業務,新北市,設立,11503
61242602,弘億針織企業社,新北市新莊區龍安路266巷22號12樓,詹益雄,200000,115/03/03,,,F104110 布疋、衣著、鞋、帽、傘、服飾品批發業；F204110 布疋、衣著、鞋、帽、傘、服飾品零售業；F401010 國際貿易業；C302010 織布業；C307010 服飾品製造業；ZZ99999 除許可業務外，得經營法令非禁止或限制之業務,新北市,設立,11503
61242618,運霖企業社,新北市淡水區學府路102巷62號2樓,李國彬,200000,115/03/03,,,F399010 便利商店業；ZZ99999 除許可業務外，得經營法令非禁止或限制之業務,新北市,設立,11503
61242624,大貨商行,新北市土城區明德路1段182號,林明政,100000,115/03/03,,,F209060 文教、樂器、育樂用品零售業；F206020 日常用品零售業；F204110 布疋、衣著、鞋、帽、傘、服飾品零售業；F203010 食品什貨、飲料零售業；ZZ99999 除許可業務外，得經營法令非禁止或限制之業務,新北市,設立,11503
61242639,振奮商行,新北市新店區中華路1號(1樓),徐瑋梵,200000,115/03/03,,,F501990 其他餐飲業,新北市,設立,11503
61242645,曜祥銀樓,新北市中和區員山路150之7號,許曜椗,200000,115/03/04,,,F215010 首飾及貴金屬零售業；F115010 首飾及貴金屬批發業；F399040 無店面零售業；ZZ99999 除許可業務外，得經營法令非禁止或限制之業務,新北市,設立,11503
61242650,沐冉工作室,新北市林口區民生路11號,王瑞綺,200000,115/03/04,,,F501030 飲料店業；F203010 食品什貨、飲料零售業；F203020 菸酒零售業；F299990 其他零售業；ZZ99999 除許可業務外，得經營法令非禁止或限制之業務,新北市,設立,11503
61242666,世宏工程行,新北市蘆洲區民族路426巷53號4樓115年03月,李世宏,200000,115/03/04,,,EZ99990 其他工程業；F211010 建材零售業；F111090 建材批發業；JA02990 其他修理業；J101010 建築物清潔服務業；C901070 石材製品製造業；E801010 室內裝潢業；ZZ99999 除許可業務外，得經營法令非禁止或限制之業務,新北市,設立,11503
61242672,眾望企業社,新北市汐止區芳園街18號,林福全,200000,115/03/04,,,I401010 一般廣告服務業；I401020 廣告傳單分送業；I501010 產品設計業；I301010 資訊軟體服務業；I301020 資料處理服務業；F109070 文教、樂器、育樂用品批發業；F118010 資訊軟體批發業；F209060 文教、樂器、育樂用品零售業；F401010 國際貿易業；ZZ99999 除許可業務外，得經營法令非禁止或限制之業務,新北市,設立,11503
61242687,宇嘉科技行,新北市中和區中正路1213號2樓之3,賴文正,10000,115/03/04,,,F201010 農產品零售業；F201020 畜產品零售業；F201030 水產品零售業；F501030 飲料店業；F501990 其他餐飲業；F218010 資訊軟體零售業,新北市,設立,11503
61242693,莫莫美甲,新北市新店區安和路2段93號2樓,呂昕柔,100000,115/03/04,,,JZ99080 美容美髮服務業；F208040 化粧品零售業；ZZ99999 除許可業務外，得經營法令非禁止或限制之業務,新北市,設立,11503
61242700,寵物大亨萌寵館,新北市板橋區介壽街100號(1樓),顧乾櫂,200000,115/03/04,,,F202010 飼料零售業；F206050 寵物食品及其用品零售業；JZ99180 寵物美容服務業；ZZ99999 除許可業務外，得經營法令非禁止或限制之業務；F399040 無店面零售業,新北市,設立,11503
61242716,遠乘工程行,新北市新莊區中港路615巷6號2樓,張遠乘,200000,115/03/04,,,E801010 室內裝潢業；E801020 門窗安裝工程業；E801030 室內輕鋼架工程業；E801040 玻璃安裝工程業；E801070 廚具、衛浴設備安裝工程業；E901010 油漆工程業；E903010 防蝕、防銹工程業；EZ99990 其他工程業；F105050 家具、寢具、廚房器具、裝設品批發業；F111090 建材批發業；F205040 家具、寢具、廚房器具、裝設品零售業；F211010 建材零售業；F401010 國際貿易業；I503010 景觀設計業；C901030 水泥製造業；C901040 預拌混凝土製造業；C901050 水泥及混凝土製品製造業；C901060 耐火材料製造業；ZZ99999 除許可業務外，得經營法令非禁止或限制之業務,新北市,設立,11503
61242722,軒芯企業社,新北市深坑區埔新街16號3樓,楊凱鈞,200000,115/03/04,,,G799990 其他運輸輔助業；IZ12010 人力派遣業；IZ06010 理貨包裝業；JZ99990 未分類其他服務業；ZZ99999 除許可業務外，得經營法令非禁止或限制之業務,新北市,設立,11503
61242737,慧零零陸企業社,新北市板橋區文聖街179號2樓115年03月,廖育慧,50000,115/03/04,,,F204110 布疋、衣著、鞋、帽、傘、服飾品零售業；ZZ99999 除許可業務外，得經營法令非禁止或限制之業務,新北市,設立,11503
61242743,五成商行,新北市五股區成泰路2段87號之2(1樓),曹竣智,50000,115/03/04,,,F203010 食品什貨、飲料零售業；F209060 文教、樂器、育樂用品零售業；F206020 日常用品零售業,新北市,設立,11503
61242758,老阿伯企業社,新北市新莊區福壽街68號(1樓),江宥儒,100000,115/03/04,,,F501990 其他餐飲業,新北市,設立,11503
61242764,裕霖工程行,新北市八里區商港八路106號6樓,黃智霖,200000,115/03/04,,,F111090 建材批發業；F106010 五金批發業；F211010 建材零售業；F213060 電信器材零售業；E801010 室內裝潢業；E801030 室內輕鋼架工程業；E901010 油漆工程業；F105050 家具、寢具、廚房器具、裝設品批發業；F205040 家具、寢具、廚房器具、裝設品零售業；F106040 水器材料批發業；F206040 水器材料零售業；F401010 國際貿易業；E601020 電器安裝業；E801070 廚具、衛浴設備安裝工程業；ZZ99999 除許可業務外，得經營法令非禁止或限制之業務,新北市,設立,11503
61242770,美日欣企業社,新北市五股區新五路3段260號5樓,王雅文,200000,115/03/04,,,F203010 食品什貨、飲料零售業；F102170 食品什貨批發業；F206020 日常用品零售業；F107030 清潔用品批發業；F207030 清潔用品零售業；F106020 日常用品批發業；F108040 化粧品批發業；F208040 化粧品零售業；ZZ99999 除許可業務外，得經營法令非禁止或限制之業務,新北市,設立,11503
61242785,香瓜鬚音樂演藝工作室,新北市林口區文化二路1段230巷22弄1號7樓之1,黃楚陽,200000,115/03/04,,,J602010 演藝活動業；J604010 聲音錄製及音樂發行業；F203010 食品什貨、飲料零售業；ZZ99999 除許可業務外，得經營法令非禁止或限制之業務,新北市,設立,11503
61242791,誠富工程行,新北市樹林區太順街62巷3弄12號2樓,洪明輝,200000,115/03/04,,,EZ99990 其他工程業；F401010 國際貿易業；I503010 景觀設計業；I599990 其他設計業；ZZ99999 除許可業務外，得經營法令非禁止或限制之業務,新北市,設立,11503
61242808,易購買雜貨舖,新北市板橋區三民路2段34號7樓115年03月,蕭郁庭,50000,115/03/04,,,F399040 無店面零售業；F203010 食品什貨、飲料零售業；F204110 布疋、衣著、鞋、帽、傘、服飾品零售業；F205040 家具、寢具、廚房器具、裝設品零售業；F206010 五金零售業；F206020 日常用品零售業；F207030 清潔用品零售業；F208040 化粧品零售業；F399990 其他綜合零售業；ZZ99999 除許可業務外，得經營法令非禁止或限制之業務,新北市,設立,11503
61242814,雲山工作室,新北市石碇區碇坪路1段226號,林冬忠,100000,115/03/04,,,F203010 食品什貨、飲料零售業；F206020 日常用品零售業；F501030 飲料店業；F501060 餐館業；J601010 藝文服務業；ZZ99999 除許可業務外，得經營法令非禁止或限制之業務,新北市,設立,11503
61242820,千歲水煎包,新北市樹林區千歲街16號,楊琇萍,100000,115/03/04,,,F203010 食品什貨、飲料零售業,新北市,設立,11503
61242835,貳壹禧小舖,新北市新莊區建中街90巷3弄8號3樓,鄭茹憶,100000,115/03/04,,,F399040 無店面零售業；F203010 食品什貨、飲料零售業,新北市,設立,11503
61242841,麒安商行,新北市板橋區長安街331巷51號4樓,劉素花,200000,115/03/04,,,F201010 農產品零售業；F201020 畜產品零售業；F201030 水產品零售業；F203010 食品什貨、飲料零售業,新北市,設立,11503
61242856,光織製作工作室,新北市中和區景新街338號12樓,劉嬿筑,200000,115/03/04,,,J601010 藝文服務業；J602010 演藝活動業；JA02010 電器及電子產品修理業；JB01010 會議及展覽服務業；CC01040 照明設備製造業；CC01030 電器及視聽電子產品製造業；E601010 電器承裝業；E601020 電器安裝業；E603090 照明設備安裝工程業；E603050 自動控制設備工程業；F113020 電器批發業；F119010 電子材料批發業；F213010 電器零售業；F219010 電子材料零售業；F399990 其他綜合零售業；F401010 國際貿易業；I401010 一般廣告服務業；I501010 產品設計業；I599990 其他設計業；I503010 景觀設計業；ZZ99999 除許可業務外，得經營法令非禁止或限制之業務,新北市,設立,11503
61242862,富暘輕鋼架工程行,新北市新莊區中華路2段7號5樓,周祥富,240000,115/03/04,,,E599010 配管工程業；E603090 照明設備安裝工程業；E801010 室內裝潢業；E801030 室內輕鋼架工程業；E801040 玻璃安裝工程業；E901010 油漆工程業；EZ99990 其他工程業；F106010 五金批發業；F106040 水器材料批發業；F111090 建材批發業；F120010 耐火材料批發業；IZ12010 人力派遣業；ZZ99999 除許可業務外，得經營法令非禁止或限制之業務,新北市,設立,11503
61242878,速神電子商務,新北市新莊區幸福路528巷2號3樓115年03月,杜青峰,200000,115/03/04,,,F399040 無店面零售業；ZZ99999 除許可業務外，得經營法令非禁止或限制之業務,新北市,設立,11503
61242883,秝丞工程行,新北市永和區中山路1段91巷19號(1樓),黃任斌,100000,115/03/04,,,E801010 室內裝潢業；E801020 門窗安裝工程業；E801030 室內輕鋼架工程業；E801040 玻璃安裝工程業；E801070 廚具、衛浴設備安裝工程業；E901010 油漆工程業；E903010 防蝕、防銹工程業；F105050 家具、寢具、廚房器具、裝設品批發業；F106010 五金批發業；F106020 日常用品批發業；F106040 水器材料批發業；F111090 建材批發業；F205040 家具、寢具、廚房器具、裝設品零售業；F206010 五金零售業；F206020 日常用品零售業；F211010 建材零售業；F220010 耐火材料零售業；F401010 國際貿易業；I503010 景觀設計業,新北市,設立,11503
61242899,彼洛數位工作室,新北市土城區中正路1號2樓之1,林辰澔,50000,115/03/04,,,I301020 資料處理服務業；I301030 電子資訊供應服務業；I301010 資訊軟體服務業；F399040 無店面零售業；ZZ99999 除許可業務外，得經營法令非禁止或限制之業務,新北市,設立,11503
61242906,集客撞球休閒會館,新北市三峽區大同路31號地下1層,秦晨鈞,200000,115/03/04,,,J801030 競技及休閒運動場館業；ZZ99999 除許可業務外，得經營法令非禁止或限制之業務,新北市,設立,11503
61242912,喵喔工作室,新北市土城區青雲路350之3號4樓,黄郁涵,100000,115/03/04,,,I501010 產品設計業；I401010 一般廣告服務業；J601010 藝文服務業；J304010 圖書出版業；F399040 無店面零售業；F209060 文教、樂器、育樂用品零售業；F206020 日常用品零售業；F205040 家具、寢具、廚房器具、裝設品零售業；F299990 其他零售業；ZZ99999 除許可業務外，得經營法令非禁止或限制之業務,新北市,設立,11503
61242928,佳贏企業社,新北市中和區新生街191號3樓,楊荃方,240000,115/03/04,,,G799990 其他運輸輔助業；ZZ99999 除許可業務外，得經營法令非禁止或限制之業務,新北市,設立,11503
61242933,宏虎自動化企業社,新北市永和區安樂路58巷5號4樓115年03月,李宜憲,200000,115/03/04,,,F113020 電器批發業；F113030 精密儀器批發業；F113050 電腦及事務性機器設備批發業；F113070 電信器材批發業；F119010 電子材料批發業；F213010 電器零售業；F213030 電腦及事務性機器設備零售業；F213040 精密儀器零售業；F213060 電信器材零售業；F219010 電子材料零售業；F401010 國際貿易業；ZZ99999 除許可業務外，得經營法令非禁止或限制之業務,新北市,設立,11503
61242949,璿曜廣告企業社,新北市土城區中正路1號2樓之1,程世璿,249000,115/03/04,,,I401010 一般廣告服務業；I501010 產品設計業；IZ01010 影印業；IZ10010 排版業；EZ99990 其他工程業；JZ99090 喜慶綜合服務業；ZZ99999 除許可業務外，得經營法令非禁止或限制之業務；E801010 室內裝潢業,新北市,設立,11503
61242954,新旺果菜行,新北市板橋區板城路1000號,廖芳林,200000,115/03/04,,,F101130 蔬果批發業；F201010 農產品零售業,新北市,設立,11503
61242960,駿倉商行,新北市板橋區僑中一街80巷1弄18號2樓,李建承,200000,115/03/05,,,J101010 建築物清潔服務業；E901010 油漆工程業；F107010 漆料、塗料批發業；F207010 漆料、塗料零售業；ZZ99999 除許可業務外，得經營法令非禁止或限制之業務,新北市,設立,11503
61242976,昌吉商行,新北市新店區安祥路104之4號,陳冠彣,20000,115/03/05,,,F399040 無店面零售業,新北市,設立,11503
61242981,阿兵工作室,新北市板橋區自由路26巷17號,兵思筠,150000,115/03/05,,,JZ99990 未分類其他服務業,新北市,設立,11503
61242997,峯築工程行,新北市三峽區民族街28巷6號115年03月,蔡宗榮,100000,115/03/05,,,EZ99990 其他工程業,新北市,設立,11503
61243004,立瑞順盛水電工程行,新北市三重區中正南路143巷3號2樓115年03月,黃立瑞,200000,115/03/05,,,E502010 燃料導管安裝工程業；E599010 配管工程業；E601010 電器承裝業；E601020 電器安裝業；E603010 電纜安裝工程業；E603020 電梯安裝工程業；E603040 消防安全設備安裝工程業；E603050 自動控制設備工程業；E603090 照明設備安裝工程業；E603100 電焊工程業；E603130 燃氣熱水器承裝業；E604010 機械安裝業；E607010 太陽熱能設備安裝工程業；E801010 室內裝潢業；E801020 門窗安裝工程業；E801030 室內輕鋼架工程業；E801040 玻璃安裝工程業；E801070 廚具、衛浴設備安裝工程業；E901010 油漆工程業；EZ02010 起重工程業；EZ09010 靜電防護及消除工程業；EZ14010 運動場地用設備工程業；EZ99990 其他工程業；F105050 家具、寢具、廚房器具、裝設品批發業；F205040 家具、寢具、廚房器具、裝設品零售業；F106010 五金批發業；F206010 五金零售業；F106020 日常用品批發業；F206020 日常用品零售業；F106040 水器材料批發業；F206040 水器材料零售業；F111090 建材批發業；F211010 建材零售業；F113020 電器批發業；F213010 電器零售業；F117010 消防安全設備批發業；F217010 消防安全設備零售業；F120010 耐火材料批發業；F220010 耐火材料零售業；F399040 無店面零售業；F401010 國際貿易業；I503010 景觀設計業；IF01010 消防安全設備檢修業；IZ12010 人力派遣業；J101010 建築物清潔服務業；J101030 廢棄物清除業；J101040 廢棄物處理業；J101090 廢棄物清理業；JA02010 電器及電子產品修理業；ZZ99999 除許可業務外，得經營法令非禁止或限制之業務,新北市,設立,11503
61243010,優建企業社,新北市泰山區泰林路2段446號4樓,吳進興,200000,115/03/05,,,E599010 配管工程業；E603100 電焊工程業；E901010 油漆工程業；EZ99990 其他工程業；E801010 室內裝潢業；E801070 廚具、衛浴設備安裝工程業；E801030 室內輕鋼架工程業；ZZ99999 除許可業務外，得經營法令非禁止或限制之業務,新北市,設立,11503
61243026,雅食軒餐館,新北市中和區中正路708號(1樓),項楨雅,100000,115/03/05,,,F501060 餐館業；F203010 食品什貨、飲料零售業；ZZ99999 除許可業務外，得經營法令非禁止或限制之業務,新北市,設立,11503
61243031,緣善堂企業社,新北市新莊區福壽街59巷1號3樓,廖宏源,200000,115/03/05,,,F206060 祭祀用品零售業；F201070 花卉零售業；F204110 布疋、衣著、鞋、帽、傘、服飾品零售業；F201010 農產品零售業；F203010 食品什貨、飲料零售業；F206020 日常用品零售業；I103060 管理顧問業；JZ99090 喜慶綜合服務業；F215020 礦石零售業；F401010 國際貿易業；I501010 產品設計業；ZZ99999 除許可業務外，得經營法令非禁止或限制之業務,新北市,設立,11503
61243047,國盛工程行,新北市樹林區東順街90巷3弄16號2樓115年03月,曾國勝,100000,115/03/05,,,E599010 配管工程業；E901010 油漆工程業；E903010 防蝕、防銹工程業；EZ99990 其他工程業；E601020 電器安裝業；E801070 廚具、衛浴設備安裝工程業；EZ15010 保溫、保冷安裝工程業；E801040 玻璃安裝工程業；E801010 室內裝潢業；E801020 門窗安裝工程業；E801030 室內輕鋼架工程業；E603110 冷作工程業；E603090 照明設備安裝工程業；F120010 耐火材料批發業；F113020 電器批發業；F111090 建材批發業；F207010 漆料、塗料零售業；F211010 建材零售業；F220010 耐火材料零售業；ZZ99999 除許可業務外，得經營法令非禁止或限制之業務,新北市,設立,11503
61243052,明祐工程行,新北市蘆洲區永樂街31巷28號6樓,王振民,200000,115/03/05,,,E801020 門窗安裝工程業；E801030 室內輕鋼架工程業；E801040 玻璃安裝工程業；E801070 廚具、衛浴設備安裝工程業；E901010 油漆工程業；E599010 配管工程業；E601010 電器承裝業；E603100 電焊工程業；E603010 電纜安裝工程業；E603110 冷作工程業；E603120 噴砂工程業；E903010 防蝕、防銹工程業；EZ07010 鑽孔工程業；F106010 五金批發業；F111090 建材批發業；F206010 五金零售業；F211010 建材零售業；EZ99990 其他工程業；J101010 建築物清潔服務業；J101990 其他環境衛生及污染防治服務業；E801010 室內裝潢業；ZZ99999 除許可業務外，得經營法令非禁止或限制之業務,新北市,設立,11503
61243068,沐真商行,新北市樹林區中山路1段51號(1樓) 115年03月,簡藝玲,200000,115/03/05,,,F501060 餐館業；F203010 食品什貨、飲料零售業,新北市,設立,11503
61243074,集安企業社,新北市永和區永和路2段57號7樓,莊順安,200000,115/03/05,,,F102170 食品什貨批發業；F104110 布疋、衣著、鞋、帽、傘、服飾品批發業；F105050 家具、寢具、廚房器具、裝設品批發業；F106010 五金批發業；F106020 日常用品批發業；F107030 清潔用品批發業；F108040 化粧品批發業；F109070 文教、樂器、育樂用品批發業；F113050 電腦及事務性機器設備批發業；F113070 電信器材批發業；F115010 首飾及貴金屬批發業；F115020 礦石批發業；F203010 食品什貨、飲料零售業；F204110 布疋、衣著、鞋、帽、傘、服飾品零售業；F205040 家具、寢具、廚房器具、裝設品零售業；F206010 五金零售業；F206020 日常用品零售業；F207030 清潔用品零售業；F208040 化粧品零售業；F209060 文教、樂器、育樂用品零售業；F213030 電腦及事務性機器設備零售業；F213060 電信器材零售業；F215010 首飾及貴金屬零售業；F215020 礦石零售業；F299990 其他零售業；F399040 無店面零售業；F399990 其他綜合零售業；F401010 國際貿易業；I599990 其他設計業；ZZ99999 除許可業務外，得經營法令非禁止或限制之業務,新北市,設立,11503
61243089,乙太水電工程行,新北市新莊區復興路2段117號3樓,游燦章,200000,115/03/05,,,E599010 配管工程業；E601010 電器承裝業；E601020 電器安裝業；E603050 自動控制設備工程業；E603090 照明設備安裝工程業；EZ99990 其他工程業；F106010 五金批發業；F106040 水器材料批發業；F206010 五金零售業；F206040 水器材料零售業；F211010 建材零售業；ZZ99999 除許可業務外，得經營法令非禁止或限制之業務,新北市,設立,11503
61243095,家食心地餐館,新北市新莊區福樂街156巷14弄3號,邱俊銘,200000,115/03/05,,,F501060 餐館業,新北市,設立,11503
61243102,慧零零肆企業社,新北市板橋區文聖街179號2樓,廖育慧,50000,115/03/05,,,F204110 布疋、衣著、鞋、帽、傘、服飾品零售業；ZZ99999 除許可業務外，得經營法令非禁止或限制之業務,新北市,設立,11503
61243118,周暢秋燒肉飯,新北市板橋區中山路2段412巷3號(1樓) 115年03月,蕭林秋杏,200000,115/03/05,,,F501060 餐館業,新北市,設立,11503
61243124,合辰企業社,新北市永和區永貞路79號,顏瑞辰,200000,115/03/05,,,F102170 食品什貨批發業；F104110 布疋、衣著、鞋、帽、傘、服飾品批發業；F105050 家具、寢具、廚房器具、裝設品批發業；F106010 五金批發業；F106020 日常用品批發業；F107030 清潔用品批發業；F108040 化粧品批發業；F109070 文教、樂器、育樂用品批發業；F113050 電腦及事務性機器設備批發業；F113070 電信器材批發業；F115010 首飾及貴金屬批發業；F115020 礦石批發業；F203010 食品什貨、飲料零售業；F204110 布疋、衣著、鞋、帽、傘、服飾品零售業；F205040 家具、寢具、廚房器具、裝設品零售業；F206010 五金零售業；F206020 日常用品零售業；F207030 清潔用品零售業；F208040 化粧品零售業；F209060 文教、樂器、育樂用品零售業；F213030 電腦及事務性機器設備零售業；F213060 電信器材零售業；F215010 首飾及貴金屬零售業；F215020 礦石零售業；F299990 其他零售業；F399040 無店面零售業；F399990 其他綜合零售業；F401010 國際貿易業；I599990 其他設計業；ZZ99999 除許可業務外，得經營法令非禁止或限制之業務,新北市,設立,11503
61243139,金鑽果舖,新北市新店區永安街101號6樓,陳韋嘉,20000,115/03/05,,,F201010 農產品零售業,新北市,設立,11503
61243145,點點陳插畫設計工作室,新北市中和區自立路99巷55號18樓,陳柏穎,50000,115/03/05,,,F209060 文教、樂器、育樂用品零售業；I501010 產品設計業；F399040 無店面零售業,新北市,設立,11503
61243150,沁安美妍館,新北市中和區中原街98號,劉育安,200000,115/03/05,,,JZ99080 美容美髮服務業；F108040 化粧品批發業；F208040 化粧品零售業；F107030 清潔用品批發業；F207030 清潔用品零售業；F106020 日常用品批發業；F206020 日常用品零售業；F102170 食品什貨批發業；F203010 食品什貨、飲料零售業；I103060 管理顧問業；JZ99990 未分類其他服務業；ZZ99999 除許可業務外，得經營法令非禁止或限制之業務,新北市,設立,11503
61243166,白日早午餐,新北市新莊區中港路617號115年03月,張佑瑜,240000,115/03/05,,,F501060 餐館業,新北市,設立,11503
61243172,小何工程行,新北市新莊區中華路2段258巷5號3樓,徐玉南,248000,115/03/05,,,J101010 建築物清潔服務業；J101020 病媒防治業；J101050 環境檢測服務業；J101080 資源回收業；JZ99050 仲介服務業；JZ99990 未分類其他服務業；F206010 五金零售業；F206020 日常用品零售業；IZ99990 其他工商服務業；ZZ99999 除許可業務外，得經營法令非禁止或限制之業務；E801010 室內裝潢業,新北市,設立,11503
61243187,好來旺早午餐坊,新北市中和區德光路14號,廖即瑜,50000,115/03/05,,,F501030 飲料店業；F501060 餐館業,新北市,設立,11503
61243193,慧零零參企業社,新北市板橋區文聖街179號2樓,廖育慧,50000,115/03/05,,,F204110 布疋、衣著、鞋、帽、傘、服飾品零售業；ZZ99999 除許可業務外，得經營法令非禁止或限制之業務,新北市,設立,11503
61243200,觀山小館,新北市三峽區中華路36號、36之1號(1樓),陳瑞瓊,200000,115/03/05,,,F501060 餐館業；F203010 食品什貨、飲料零售業；ZZ99999 除許可業務外，得經營法令非禁止或限制之業務,新北市,設立,11503
61243216,明煜選品商行,新北市三重區成功路1號6樓之1,陳憶樺,100000,115/03/05,,,F399040 無店面零售業；I301020 資料處理服務業；I401010 一般廣告服務業；JZ99990 未分類其他服務業；I301060 網路廣告平臺業；I301030 電子資訊供應服務業；F401010 國際貿易業,新北市,設立,11503
61243222,森貝羽藝文工作室,新北市板橋區金華街78號5樓,宋冠廷,20000,115/03/05,,,J601010 藝文服務業,新北市,設立,11503
61243237,阿布拉居家環境企業社,新北市林口區麗園二街3巷1號7樓之2,游邵博,50000,115/03/05,,,J101010 建築物清潔服務業；ZZ99999 除許可業務外，得經營法令非禁止或限制之業務,新北市,設立,11503
61243243,婷好工作室,新北市新店區檳榔路19巷28號115年03月,陳素娥,200000,115/03/05,,,F102170 食品什貨批發業；F104110 布疋、衣著、鞋、帽、傘、服飾品批發業；F105050 家具、寢具、廚房器具、裝設品批發業；F106020 日常用品批發業；F108040 化粧品批發業；F109070 文教、樂器、育樂用品批發業；F110010 鐘錶批發業；F115010 首飾及貴金屬批發業；F203010 食品什貨、飲料零售業；F204110 布疋、衣著、鞋、帽、傘、服飾品零售業；F205040 家具、寢具、廚房器具、裝設品零售業；F203020 菸酒零售業；F206020 日常用品零售業；F208040 化粧品零售業；F209060 文教、樂器、育樂用品零售業；F210010 鐘錶零售業；F215010 首飾及貴金屬零售業；F399040 無店面零售業；F401010 國際貿易業；ZZ99999 除許可業務外，得經營法令非禁止或限制之業務,新北市,設立,11503
61243258,開弘系統開發工程行,新北市新莊區中央路100號19樓,蘇怡瑋,200000,115/03/05,,,F117010 消防安全設備批發業；F106040 水器材料批發業；F113020 電器批發業；E601010 電器承裝業；E601020 電器安裝業；E603040 消防安全設備安裝工程業；E603050 自動控制設備工程業；ZZ99999 除許可業務外，得經營法令非禁止或限制之業務,新北市,設立,11503
61243264,郁晨商行,新北市土城區三民路61巷15號(1樓),林依璇,200000,115/03/05,,,F299990 其他零售業；F399990 其他綜合零售業；ZZ99999 除許可業務外，得經營法令非禁止或限制之業務,新北市,設立,11503
61243270,元憶企業社,新北市新莊區新崑路143號5樓,賈永竹,200000,115/03/05,,,I301010 資訊軟體服務業；I301020 資料處理服務業；I301030 電子資訊供應服務業；I401010 一般廣告服務業；I599990 其他設計業；J399010 軟體出版業；ZZ99999 除許可業務外，得經營法令非禁止或限制之業務,新北市,設立,11503
61243285,得安工程行,新北市板橋區民權路202巷19弄9號2樓115年03月,黃美華,240000,115/03/05,,,E599010 配管工程業；E601010 電器承裝業；E601020 電器安裝業；E603010 電纜安裝工程業；E603090 照明設備安裝工程業；E801020 門窗安裝工程業；E801070 廚具、衛浴設備安裝工程業；E901010 油漆工程業；EZ99990 其他工程業；F111090 建材批發業；ZZ99999 除許可業務外，得經營法令非禁止或限制之業務,新北市,設立,11503
61243291,宣鋗企業社,新北市汐止區中興路110巷32號2樓,陳曉霈,50000,115/03/05,,,F102170 食品什貨批發業；F104110 布疋、衣著、鞋、帽、傘、服飾品批發業；F105050 家具、寢具、廚房器具、裝設品批發業；F106010 五金批發業；F106020 日常用品批發業；F107030 清潔用品批發業；F106060 寵物食品及其用品批發業；F108040 化粧品批發業；F109070 文教、樂器、育樂用品批發業；F113020 電器批發業；F113070 電信器材批發業；F115010 首飾及貴金屬批發業；F199990 其他批發業；F203010 食品什貨、飲料零售業；F204110 布疋、衣著、鞋、帽、傘、服飾品零售業；F205040 家具、寢具、廚房器具、裝設品零售業；F206010 五金零售業；F206020 日常用品零售業；F206050 寵物食品及其用品零售業；F208040 化粧品零售業；F209060 文教、樂器、育樂用品零售業；F213010 電器零售業；F213060 電信器材零售業；F215010 首飾及貴金屬零售業；F399040 無店面零售業；F399990 其他綜合零售業,新北市,設立,11503
61243308,麗塔國際選品商行,新北市板橋區四川路1段146號(3樓),林怡葶,50000,115/03/05,,,F399040 無店面零售業；F204110 布疋、衣著、鞋、帽、傘、服飾品零售業；F209060 文教、樂器、育樂用品零售業；ZZ99999 除許可業務外，得經營法令非禁止或限制之業務,新北市,設立,11503
61243314,桶好呷企業社,新北市新莊區幸福路677號(1樓),俞婷婷,200000,115/03/05,,,F299990 其他零售業；F501030 飲料店業；F501060 餐館業；F501990 其他餐飲業,新北市,設立,11503
61243320,昇展工作室,新北市新莊區思源路171號10樓,干婉琪,200000,115/03/06,,,H703090 不動產買賣業；H703100 不動產租賃業；I103060 管理顧問業；I401010 一般廣告服務業；H201010 一般投資業；I102010 一般投資顧問業；ZZ99999 除許可業務外，得經營法令非禁止或限制之業務,新北市,設立,11503
61243335,家彤餐飲行,新北市中和區德光路142號115年03月,陳仁佑,200000,115/03/06,,,F203030 酒精零售業；F501030 飲料店業；F501060 餐館業,新北市,設立,11503
61243341,貓之畫廊工作室,新北市新店區新和街53號5樓,林玉茹,200000,115/03/06,,,I501010 產品設計業；I502010 服飾設計業；I599990 其他設計業；J601010 藝文服務業；J602010 演藝活動業；F401010 國際貿易業；F399040 無店面零售業；F204110 布疋、衣著、鞋、帽、傘、服飾品零售業,新北市,設立,11503
61243356,松筋閣企業社,新北市林口區文化二路1段20巷11號(1樓),卓靜怡,200000,115/03/06,,,F207030 清潔用品零售業；F208040 化粧品零售業；JZ99080 美容美髮服務業；JZ99990 未分類其他服務業；ZZ99999 除許可業務外，得經營法令非禁止或限制之業務,新北市,設立,11503
61243362,強尼史類特工作室,新北市五股區工商路99巷22號,陳俊瑋,200000,115/03/06,,,ZZ99999 除許可業務外，得經營法令非禁止或限制之業務；F204110 布疋、衣著、鞋、帽、傘、服飾品零售業；F206020 日常用品零售業；F399040 無店面零售業,新北市,設立,11503
61243378,祥運蔬菜行,新北市板橋區板城路1000號,吳東帆,100000,115/03/06,,,F201010 農產品零售業,新北市,設立,11503
61243383,藤漾小舖,新北市板橋區中正路296號7樓,林仁傑,200000,115/03/06,,,F209060 文教、樂器、育樂用品零售業；F399040 無店面零售業；F204110 布疋、衣著、鞋、帽、傘、服飾品零售業；ZZ99999 除許可業務外，得經營法令非禁止或限制之業務,新北市,設立,11503
61243399,聚寶泉企業社,新北市三重區中華路80號4樓,陳宇淳,200000,115/03/06,,,F203010 食品什貨、飲料零售業；F206020 日常用品零售業；F207030 清潔用品零售業；F206040 水器材料零售業；F210020 眼鏡零售業；F221010 食品添加物零售業；F401010 國際貿易業,新北市,設立,11503
61243406,精美清潔社,新北市新莊區民安路105巷1弄8號5樓115年03月,陳信仲,200000,115/03/06,,,J101010 建築物清潔服務業；J101020 病媒防治業；J101030 廢棄物清除業；J101040 廢棄物處理業；J101090 廢棄物清理業；J101990 其他環境衛生及污染防治服務業；IZ12010 人力派遣業；F107030 清潔用品批發業；F107080 環境用藥批發業；F199010 回收物料批發業；F207030 清潔用品零售業；F207080 環境用藥零售業；ZZ99999 除許可業務外，得經營法令非禁止或限制之業務,新北市,設立,11503
61243412,萬匠室內裝潢工程行,新北市永和區竹林路119巷22弄36號5樓,林冠廷,200000,115/03/06,,,ZZ99999 除許可業務外，得經營法令非禁止或限制之業務；E599010 配管工程業；E601020 電器安裝業；E603090 照明設備安裝工程業；E801010 室內裝潢業；E801020 門窗安裝工程業；E801030 室內輕鋼架工程業；E801040 玻璃安裝工程業；E801070 廚具、衛浴設備安裝工程業；E901010 油漆工程業；I503010 景觀設計業；J101030 廢棄物清除業；F105050 家具、寢具、廚房器具、裝設品批發業；F106010 五金批發業；F106020 日常用品批發業；F111090 建材批發業；F205040 家具、寢具、廚房器具、裝設品零售業；F206010 五金零售業；F206020 日常用品零售業；F211010 建材零售業；J101010 建築物清潔服務業,新北市,設立,11503
61243428,瘋年師漆藝工程行,新北市板橋區中山路1段293之1號13樓之1,張育誠,240000,115/03/06,,,ZZ99999 除許可業務外，得經營法令非禁止或限制之業務；E901010 油漆工程業；E801010 室內裝潢業；E801020 門窗安裝工程業；E801030 室內輕鋼架工程業；EZ99990 其他工程業；I503010 景觀設計業；F111090 建材批發業；F211010 建材零售業；E603050 自動控制設備工程業；E603090 照明設備安裝工程業；E903010 防蝕、防銹工程業,新北市,設立,11503
61243433,圓婷商行,新北市板橋區萬安街124巷1號(1樓) 115年03月,林圓婷,60000,115/03/06,,,F208040 化粧品零售業；F399040 無店面零售業,新北市,設立,11503
61243449,俊森工程行,新北市樹林區保安街1段11號11樓之2,賴鴻俊,200000,115/03/06,,,F211010 建材零售業；F205040 家具、寢具、廚房器具、裝設品零售業；F206010 五金零售業；F220010 耐火材料零售業；F213010 電器零售業；F207010 漆料、塗料零售業；E601020 電器安裝業；E601010 電器承裝業；E801010 室內裝潢業；E801020 門窗安裝工程業；E801030 室內輕鋼架工程業；E801040 玻璃安裝工程業；E901010 油漆工程業；E801070 廚具、衛浴設備安裝工程業；E599010 配管工程業；I599990 其他設計業；I503010 景觀設計業；ZZ99999 除許可業務外，得經營法令非禁止或限制之業務,新北市,設立,11503
61243454,創生水自助洗衣商店,新北市中和區德光路111號(1樓),林麗馨,200000,115/03/06,,,JA03010 洗衣業,新北市,設立,11503
61243460,菊亭軒行,新北市土城區清水路139號,李芳玟,200000,115/03/06,,,F203010 食品什貨、飲料零售業；F206050 寵物食品及其用品零售業；F206020 日常用品零售業；F501990 其他餐飲業；F501060 餐館業,新北市,設立,11503
61243476,辰財工程行,新北市樹林區佳園路2段89號3樓,周柏辰,200000,115/03/06,,,E603100 電焊工程業；E903010 防蝕、防銹工程業；E599010 配管工程業；E801030 室內輕鋼架工程業；E901010 油漆工程業；E801010 室內裝潢業；E601020 電器安裝業；E801070 廚具、衛浴設備安裝工程業；EZ07010 鑽孔工程業；EZ99990 其他工程業；J101030 廢棄物清除業；J101040 廢棄物處理業；F111090 建材批發業；F106010 五金批發業；F107010 漆料、塗料批發業；F120010 耐火材料批發業；F206010 五金零售業；JE01010 租賃業；ZZ99999 除許可業務外，得經營法令非禁止或限制之業務,新北市,設立,11503
61243481,美星企業社,新北市三峽區民生街106之2號3樓,朴美星,50000,115/03/06,,,IZ04010 翻譯業；ZZ99999 除許可業務外，得經營法令非禁止或限制之業務,新北市,設立,11503
61243497,光境工作室,新北市中和區國光街102巷12號(1樓),詹凱婷,200000,115/03/06,,,JZ99080 美容美髮服務業；ZZ99999 除許可業務外，得經營法令非禁止或限制之業務,新北市,設立,11503
61243503,燕燕服飾商行,新北市汐止區新台五路2段150號8樓115年03月,吳美宜,50000,115/03/06,,,F204110 布疋、衣著、鞋、帽、傘、服飾品零售業；F399040 無店面零售業,新北市,設立,11503
61243519,薇漾美學工作室,新北市中和區和平街15號,許雯婕,100000,115/03/06,,,JZ99080 美容美髮服務業,新北市,設立,11503
61243525,快來吃我水煎包,新北市鶯歌區建國路232巷3號(1樓),黃呂全,100000,115/03/06,,,F501990 其他餐飲業,新北市,設立,11503
61243530,晨居水電工程行,新北市淡水區崁頂里崁頂57號之13,張峻耀,200000,115/03/06,,,E599010 配管工程業；E601010 電器承裝業；E601020 電器安裝業；E604010 機械安裝業；E607010 太陽熱能設備安裝工程業；E701010 電信工程業；E801070 廚具、衛浴設備安裝工程業；EZ05010 儀器、儀表安裝工程業；EZ14010 運動場地用設備工程業；EZ15010 保溫、保冷安裝工程業；EZ99990 其他工程業；F113020 電器批發業；F113070 電信器材批發業；F113100 污染防治設備批發業；F117010 消防安全設備批發業；ZZ99999 除許可業務外，得經營法令非禁止或限制之業務,新北市,設立,11503
61243546,簡莘蒂工作室,新北市淡水區興仁路106巷6弄17號(2樓),簡珮如,100000,115/03/06,,,I501010 產品設計業；F209060 文教、樂器、育樂用品零售業；F399040 無店面零售業；ZZ99999 除許可業務外，得經營法令非禁止或限制之業務,新北市,設立,11503
61243551,方舟攝影工作室,新北市永和區豫溪街82之1號,李永生,200000,115/03/06,,,JZ99030 攝影業,新北市,設立,11503
61243567,竹惠蔬果行,新北市板橋區板城路1000號,林俊諺,3000,115/03/06,,,F201010 農產品零售業,新北市,設立,11503
61243573,碧城企業社,新北市樹林區佳園路3段548號2樓,王別玄,10000,115/03/06,,,I199990 其他顧問服務業；F399040 無店面零售業；J399990 其他出版業；I401010 一般廣告服務業；JZ99990 未分類其他服務業；ZZ99999 除許可業務外，得經營法令非禁止或限制之業務,新北市,設立,11503
61243588,炳森商行,新北市永和區保平路2之1號(1樓),林曼雅,50000,115/03/06,,,F501060 餐館業；ZZ99999 除許可業務外，得經營法令非禁止或限制之業務,新北市,設立,11503
61243594,日安豆花,新北市板橋區中正路280號(1樓),莊宜蓓,180000,115/03/06,,,F501030 飲料店業,新北市,設立,11503
61243601,韜域資訊工作坊,新北市中和區景新街64巷7弄17號,徐慎德,50000,115/03/06,,,I301010 資訊軟體服務業；I301020 資料處理服務業；ZZ99999 除許可業務外，得經營法令非禁止或限制之業務,新北市,設立,11503
61243617,宬臻清潔企業社,新北市淡水區淡海路51號115年03月,陳奕臻,200000,115/03/06,,,J101010 建築物清潔服務業；F207030 清潔用品零售業；ZZ99999 除許可業務外，得經營法令非禁止或限制之業務,新北市,設立,11503
61243623,澤鑫地產企業社,新北市林口區中山路573號7樓,鄭淇勻,200000,115/03/06,,,JZ99050 仲介服務業；H701010 住宅及大樓開發租售業；H701020 工業廠房開發租售業；H703090 不動產買賣業；H703100 不動產租賃業；HZ99990 其他金融、保險及不動產業；I102010 一般投資顧問業；I199990 其他顧問服務業；I401010 一般廣告服務業；I401020 廣告傳單分送業；ZZ99999 除許可業務外，得經營法令非禁止或限制之業務,新北市,設立,11503
61243638,豆森創研工作室,新北市三重區中華路16號3樓,邱姿熒,200000,115/03/06,,,F104110 布疋、衣著、鞋、帽、傘、服飾品批發業；F204110 布疋、衣著、鞋、帽、傘、服飾品零售業；F105050 家具、寢具、廚房器具、裝設品批發業；F205040 家具、寢具、廚房器具、裝設品零售業；F106020 日常用品批發業；F206020 日常用品零售業；F106010 五金批發業；F206010 五金零售業；F102170 食品什貨批發業；F203010 食品什貨、飲料零售業；F109070 文教、樂器、育樂用品批發業；F209060 文教、樂器、育樂用品零售業；F108040 化粧品批發業；F208040 化粧品零售業；F299990 其他零售業；F399040 無店面零售業；F399990 其他綜合零售業；I501010 產品設計業；I502010 服飾設計業；I199990 其他顧問服務業；ZZ99999 除許可業務外，得經營法令非禁止或限制之業務,新北市,設立,11503
61243659,毛絨絨星人夢工坊,新北市淡水區中正路2段18號14樓之7,歐昱均,200000,115/03/06,,,F399040 無店面零售業；F209060 文教、樂器、育樂用品零售業；F206020 日常用品零售業；ZZ99999 除許可業務外，得經營法令非禁止或限制之業務,新北市,設立,11503
61243665,交給我科技工作室,新北市新店區永業路109號3樓,吳冠儒,100000,115/03/06,,,ZZ99999 除許可業務外，得經營法令非禁止或限制之業務；I301010 資訊軟體服務業；F601010 智慧財產權業；I401010 一般廣告服務業,新北市,設立,11503
61243671,瀚略企業管理顧問企業社,新北市新店區文記街62號8樓115年03月,張皓復,200000,115/03/06,,,F401010 國際貿易業；F199990 其他批發業；F399990 其他綜合零售業；I103060 管理顧問業；I199990 其他顧問服務業；I301010 資訊軟體服務業；JE01010 租賃業；F113990 其他機械器具批發業；ZZ99999 除許可業務外，得經營法令非禁止或限制之業務,新北市,設立,11503
61243686,兩兩行銷顧問工作室,新北市板橋區三民路2段28號12樓,王婷億,200000,115/03/06,,,I103060 管理顧問業；I199990 其他顧問服務業；I401010 一般廣告服務業；ZZ99999 除許可業務外，得經營法令非禁止或限制之業務,新北市,設立,11503
61243692,築礦企業社,新北市汐止區樟樹二路358號11樓之1,洪韻筑,200000,115/03/06,,,F399040 無店面零售業；F215020 礦石零售業；F206020 日常用品零售業；F399990 其他綜合零售業；F205040 家具、寢具、廚房器具、裝設品零售業；F215010 首飾及貴金屬零售業；ZZ99999 除許可業務外，得經營法令非禁止或限制之業務,新北市,設立,11503
61243709,虎旺工程行,新北市林口區竹林路606巷3號(1樓),洪茂傑,200000,115/03/06,,,E801010 室內裝潢業；E801020 門窗安裝工程業；E801030 室內輕鋼架工程業；E901010 油漆工程業；F111090 建材批發業；F211010 建材零售業；F401010 國際貿易業；I501010 產品設計業；I503010 景觀設計業；ZZ99999 除許可業務外，得經營法令非禁止或限制之業務,新北市,設立,11503
61243715,築美屋多元化工程行,新北市中和區中山路2段332巷13號12樓,李洛璋,200000,115/03/06,,,F105050 家具、寢具、廚房器具、裝設品批發業；F106010 五金批發業；F111090 建材批發業；F106020 日常用品批發業；F205040 家具、寢具、廚房器具、裝設品零售業；F206010 五金零售業；F211010 建材零售業；F206020 日常用品零售業；E801010 室內裝潢業；EZ99990 其他工程業；ZZ99999 除許可業務外，得經營法令非禁止或限制之業務,新北市,設立,11503
61243721,小食貨商行,新北市板橋區莊敬路48之1號(1樓),孔德瑜,230000,115/03/06,,,F201010 農產品零售業；F203010 食品什貨、飲料零售業；F206020 日常用品零售業；F205040 家具、寢具、廚房器具、裝設品零售業；F207030 清潔用品零售業；F208040 化粧品零售業；F399040 無店面零售業,新北市,設立,11503
61243736,祥紘空調工程行,新北市新店區寶興路60巷40號3樓115年03月,唐紳家,200000,115/03/06,,,F213010 電器零售業；F206010 五金零售業；F219010 電子材料零售業；JA02010 電器及電子產品修理業；E599010 配管工程業；E601020 電器安裝業；E603050 自動控制設備工程業；E603090 照明設備安裝工程業；EZ15010 保溫、保冷安裝工程業；ZZ99999 除許可業務外，得經營法令非禁止或限制之業務,新北市,設立,11503
61243742,拓利企業行,新北市三重區中正北路15號5樓,沈鎮鄉,200000,115/03/06,,,E599010 配管工程業；E801070 廚具、衛浴設備安裝工程業；EZ99990 其他工程業；F101050 水產品批發業；F102170 食品什貨批發業；F111090 建材批發業；F113100 污染防治設備批發業；F201030 水產品零售業；F203010 食品什貨、飲料零售業；F211010 建材零售業；F213100 污染防治設備零售業；F399040 無店面零售業；F399990 其他綜合零售業；J101010 建築物清潔服務業；J101030 廢棄物清除業；J101040 廢棄物處理業；J101090 廢棄物清理業；ZZ99999 除許可業務外，得經營法令非禁止或限制之業務,新北市,設立,11503
61243757,新美力美髮院,新北市三峽區民生街134號(1樓),王靜昱,150000,115/03/09,,,JZ99080 美容美髮服務業；F208040 化粧品零售業,新北市,設立,11503
61243763,賴賞企業行,新北市樹林區保安街2段134號(1樓),賴銘震,100000,115/03/09,,,F209060 文教、樂器、育樂用品零售業,新北市,設立,11503
61243779,蛋寶飽商行,新北市中和區廟美街6巷2號,林韋宏,200000,115/03/09,,,F203010 食品什貨、飲料零售業；F501060 餐館業；F501030 飲料店業；F501990 其他餐飲業；ZZ99999 除許可業務外，得經營法令非禁止或限制之業務,新北市,設立,11503
61243784,珀貝整合企業社,新北市新店區文記街62號8樓,林品貝,200000,115/03/09,,,F199990 其他批發業；F113990 其他機械器具批發業；I199990 其他顧問服務業；I103060 管理顧問業；I301010 資訊軟體服務業；F401010 國際貿易業；JE01010 租賃業；ZZ99999 除許可業務外，得經營法令非禁止或限制之業務,新北市,設立,11503
61243790,舒希代購選品社,新北市三重區正義北路244巷8號3樓,吳書綺,100000,115/03/09,,,F399040 無店面零售業；ZZ99999 除許可業務外，得經營法令非禁止或限制之業務,新北市,設立,11503
61243807,元成工程行,新北市樹林區三德街2號4樓115年03月,黎氏祝,100000,115/03/09,,,E601010 電器承裝業；E801010 室內裝潢業；E801030 室內輕鋼架工程業；EZ99990 其他工程業；CA01050 鋼材二次加工業；ZZ99999 除許可業務外，得經營法令非禁止或限制之業務,新北市,設立,11503
61243813,林北餐飲行,新北市三重區環河南路254巷88號(1樓),簡偉哲,50000,115/03/09,,,ZZ99999 除許可業務外，得經營法令非禁止或限制之業務；F102170 食品什貨批發業；F203010 食品什貨、飲料零售業；F101130 蔬果批發業；F102040 飲料批發業；F102050 茶葉批發業；F102180 酒精批發業；F106020 日常用品批發業,新北市,設立,11503
61243829,幸福食堂,新北市蘆洲區中正路81號(1樓),蔡幸娟,200000,115/03/09,,,F203010 食品什貨、飲料零售業；F501060 餐館業；ZZ99999 除許可業務外，得經營法令非禁止或限制之業務,新北市,設立,11503
61243834,佳蓓小吃部,新北市中和區景新街429號,吳國聖,168000,115/03/09,,,F399040 無店面零售業；F501060 餐館業；F501990 其他餐飲業；ZZ99999 除許可業務外，得經營法令非禁止或限制之業務,新北市,設立,11503
61243840,詠吉工程行,新北市中和區中興街202巷45號6樓,張雅玲,200000,115/03/09,,,E801040 玻璃安裝工程業；E801070 廚具、衛浴設備安裝工程業；F106010 五金批發業；E801010 室內裝潢業；ZZ99999 除許可業務外，得經營法令非禁止或限制之業務,新北市,設立,11503
61243855,王牌運動企業社,新北市三重區中正北路560巷57號、57之13號,王帥棠,240000,115/03/09,,,F102170 食品什貨批發業；F102040 飲料批發業；F203010 食品什貨、飲料零售業；F104110 布疋、衣著、鞋、帽、傘、服飾品批發業；F204110 布疋、衣著、鞋、帽、傘、服飾品零售業；F109070 文教、樂器、育樂用品批發業；F209060 文教、樂器、育樂用品零售業；J801030 競技及休閒運動場館業；J802010 運動訓練業；JE01010 租賃業；ZZ99999 除許可業務外，得經營法令非禁止或限制之業務,新北市,設立,11503
61243861,理睿人力資源管理顧問工作室,新北市蘆洲區得勝街22號4樓,陳詩安,100000,115/03/09,,,I103060 管理顧問業,新北市,設立,11503
61243877,厚里小館,新北市三重區六張街90巷1號(1樓),梁欣如,240000,115/03/09,,,F501060 餐館業；F203010 食品什貨、飲料零售業；F299990 其他零售業,新北市,設立,11503
61243882,炎禾堂商行,新北市泰山區明志路3段68號(1樓),鄭文昀,200000,115/03/09,,,F501030 飲料店業；F203010 食品什貨、飲料零售業；F399990 其他綜合零售業；F399040 無店面零售業；ZZ99999 除許可業務外，得經營法令非禁止或限制之業務,新北市,設立,11503
61243898,好韻茶行,新北市林口區文化二路1段248號(1樓) 115年03月,陳瓊韻,150000,115/03/09,,,ZZ99999 除許可業務外，得經營法令非禁止或限制之業務；F501030 飲料店業；F203010 食品什貨、飲料零售業,新北市,設立,11503
61243905,索薇珞行銷顧問企業社,新北市三重區富華街102號115年03月,陳美璇,168888,115/03/09,,,I103060 管理顧問業；I105010 藝術品諮詢顧問業；I199990 其他顧問服務業；I301060 網路廣告平臺業；I401010 一般廣告服務業；I501010 產品設計業；I504010 花藝設計業；I701011 就業服務業；IZ12010 人力派遣業；IZ99990 其他工商服務業；I301010 資訊軟體服務業；I301020 資料處理服務業；I301030 電子資訊供應服務業；I301040 第三方支付服務業；J202010 產業育成業；J303010 雜誌（期刊）出版業；J301010 報紙業；J305010 有聲出版業；J399010 軟體出版業；J399990 其他出版業；J401010 電影片製作業；J402010 電影片發行業；J403010 電影片映演業；J404010 動畫影片製作業；J404020 提供設備及場地供電影片拍攝業；J404050 電影特效製作業；J404040 電影錄音業；J503010 廣播節目製作業（原:J503011廣播節目製作業）；J503020 電視節目製作業（原:J503021電視節目製作業）；J503030 廣播電視節目發行業（原:J503031廣播電視節目發行業）；J503040 廣播電視廣告業（原:J503041廣播電視廣告業）；J503050 錄影節目帶業（原:J503051錄影節目帶業）；J601010 藝文服務業；J602010 演藝活動業；J604010 聲音錄製及音樂發行業；J701120 兒童遊戲場業；J799990 其他休閒服務業；J802010 運動訓練業；J803010 運動表演業；J803020 運動比賽業；J901020 一般旅館業；JE01010 租賃業；JZ99030 攝影業；JZ99050 仲介服務業；JZ99080 美容美髮服務業；JZ99090 喜慶綜合服務業；JZ99990 未分類其他服務業；JB01010 會議及展覽服務業；J603010 音樂展演空間業；F101100 花卉批發業；F102030 菸酒批發業；F102040 飲料批發業；F102050 茶葉批發業；F102170 食品什貨批發業；F102180 酒精批發業；F104110 布疋、衣著、鞋、帽、傘、服飾品批發業；F105050 家具、寢具、廚房器具、裝設品批發業；F106010 五金批發業；F106020 日常用品批發業；F106030 模具批發業；F108040 化粧品批發業；F109070 文教、樂器、育樂用品批發業；F110010 鐘錶批發業；F110020 眼鏡批發業；F115010 首飾及貴金屬批發業；F115020 礦石批發業；F116010 照相器材批發業；F121010 食品添加物批發業；F199990 其他批發業；F201070 花卉零售業；F201090 觀賞魚零售業；F203010 食品什貨、飲料零售業；F203020 菸酒零售業；F203030 酒精零售業；F203040 雪茄零售業；F204110 布疋、衣著、鞋、帽、傘、服飾品零售業；F205040 家具、寢具、廚房器具、裝設品零售業；F206010 五金零售業；F206020 日常用品零售業；F206030 模具零售業；F206050 寵物食品及其用品零售業；F206060 祭祀用品零售業；F207180 爆竹、煙火零售業；F207190 塑膠膜、袋零售業；F208040 化粧品零售業；F209060 文教、樂器、育樂用品零售業；F210010 鐘錶零售業；F210020 眼鏡零售業；F215020 礦石零售業；F215010 首飾及貴金屬零售業；F221010 食品添加物零售業；F299990 其他零售業；F301010 百貨公司業；F301020 超級市場業；F399010 便利商店業；F399040 無店面零售業；F399990 其他綜合零售業；F401010 國際貿易業；F501030 飲料店業；F501060 餐館業；F501990 其他餐飲業；F601010 智慧財產權業,新北市,設立,11503
61243911,樺維商行,新北市汐止區福安街20巷6號3樓,沈郁樺,200000,115/03/09,,,F201010 農產品零售業；F201020 畜產品零售業；F201030 水產品零售業；F201990 其他農畜水產品零售業；F203010 食品什貨、飲料零售業；F206020 日常用品零售業；F207030 清潔用品零售業；F211010 建材零售業；F206010 五金零售業；F399990 其他綜合零售業；ZZ99999 除許可業務外，得經營法令非禁止或限制之業務,新北市,設立,11503
61243927,福藏本舖,新北市林口區仁愛路2段139號(3樓),吳欣芳,30000,115/03/09,,,F203010 食品什貨、飲料零售業；F206020 日常用品零售業；F399040 無店面零售業；ZZ99999 除許可業務外，得經營法令非禁止或限制之業務,新北市,設立,11503
61243932,馬上夾趣企業社,新北市淡水區中正路226號,林德勳,100000,115/03/10,,,F209060 文教、樂器、育樂用品零售業,新北市,設立,11503
61243948,芝柏茶作坊,新北市三重區文化北路98號(1樓),李芝儀,200000,115/03/09,,,F203010 食品什貨、飲料零售業；F501030 飲料店業；F501060 餐館業；F501990 其他餐飲業；ZZ99999 除許可業務外，得經營法令非禁止或限制之業務,新北市,設立,11503
61243953,崇曜企業社,新北市土城區清水路278巷7弄11號,曾孟崇,5000,115/03/09,,,JZ99990 未分類其他服務業；JA02010 電器及電子產品修理業；I199990 其他顧問服務業；F113020 電器批發業；F213010 電器零售業；ZZ99999 除許可業務外，得經營法令非禁止或限制之業務,新北市,設立,11503
61243969,什麼鳥工作室,新北市土城區延平街69巷35號3樓115年03月,張凱翔,200000,115/03/09,,,F399040 無店面零售業；F204110 布疋、衣著、鞋、帽、傘、服飾品零售業；F206020 日常用品零售業；F209060 文教、樂器、育樂用品零售業；I501010 產品設計業；ZZ99999 除許可業務外，得經營法令非禁止或限制之業務,新北市,設立,11503
61243975,友鈦工程行,新北市鶯歌區高職西街12之1號5樓,羅亭亭,200000,115/03/09,,,F106040 水器材料批發業；F105050 家具、寢具、廚房器具、裝設品批發業；F113020 電器批發業；F199990 其他批發業；F205040 家具、寢具、廚房器具、裝設品零售業；F206010 五金零售業；E599010 配管工程業；E601010 電器承裝業；E601020 電器安裝業；E603040 消防安全設備安裝工程業；E603050 自動控制設備工程業；E604010 機械安裝業；E801010 室內裝潢業；E801020 門窗安裝工程業；E801030 室內輕鋼架工程業；E801040 玻璃安裝工程業；E801070 廚具、衛浴設備安裝工程業；E901010 油漆工程業；E903010 防蝕、防銹工程業；EZ99990 其他工程業；ZZ99999 除許可業務外，得經營法令非禁止或限制之業務,新北市,設立,11503
61243980,尋龍記景觀餐飲坊,新北市烏來區溫泉街86巷16號115年03月,羅秋娥,200000,115/03/09,,,F501030 飲料店業；F501060 餐館業；F501990 其他餐飲業；F399040 無店面零售業；F203010 食品什貨、飲料零售業；F203020 菸酒零售業；ZZ99999 除許可業務外，得經營法令非禁止或限制之業務,新北市,設立,11503
61243996,恆宇工程行,新北市板橋區林園街80號(1樓),杜偉成,200000,115/03/09,,,E599010 配管工程業；E601010 電器承裝業；E603010 電纜安裝工程業；E603020 電梯安裝工程業；E603040 消防安全設備安裝工程業；E603050 自動控制設備工程業；E603080 交通號誌安裝工程業；E603090 照明設備安裝工程業；E603100 電焊工程業；E603110 冷作工程業；E603120 噴砂工程業；E604010 機械安裝業；E605010 電腦設備安裝業；E701010 電信工程業；E701020 衛星電視ＫＵ頻道、Ｃ頻道器材安裝業；E701030 電信管制射頻器材裝設工程業；E701040 簡易電信設備安裝業；E801010 室內裝潢業；E801020 門窗安裝工程業；E801030 室內輕鋼架工程業；E801040 玻璃安裝工程業；E801070 廚具、衛浴設備安裝工程業；E901010 油漆工程業；E903010 防蝕、防銹工程業；EZ05010 儀器、儀表安裝工程業；EZ06010 交通標示工程業；F106010 五金批發業；F111090 建材批發業；F113020 電器批發業；F113030 精密儀器批發業；F117010 消防安全設備批發業；F120010 耐火材料批發業；F211010 建材零售業；F401010 國際貿易業；I503010 景觀設計業；ZZ99999 除許可業務外，得經營法令非禁止或限制之業務,新北市,設立,11503
61244003,炸蝦炸炸蝦海老製作所,新北市板橋區長安街331巷108弄4號5樓,謝喆涵,200000,115/03/09,,,F399040 無店面零售業；F209060 文教、樂器、育樂用品零售業；F204110 布疋、衣著、鞋、帽、傘、服飾品零售業；I501010 產品設計業；I599990 其他設計業；ZZ99999 除許可業務外，得經營法令非禁止或限制之業務,新北市,設立,11503
61244019,一品媗商行,新北市土城區明德路2段20號115年03月,鐘文蔚,100000,115/03/09,,,F501060 餐館業；F501030 飲料店業,新北市,設立,11503
61244025,麒洋工程企業社,新北市樹林區東華街3巷39號,鄭子俊,200000,115/03/09,,,E599010 配管工程業；E601020 電器安裝業；E603090 照明設備安裝工程業；E801010 室內裝潢業；E801020 門窗安裝工程業；E801030 室內輕鋼架工程業；E801040 玻璃安裝工程業；E801070 廚具、衛浴設備安裝工程業；E901010 油漆工程業；F106010 五金批發業；F106040 水器材料批發業；F113020 電器批發業；F206010 五金零售業；F206040 水器材料零售業；F213010 電器零售業；F401010 國際貿易業；ZZ99999 除許可業務外，得經營法令非禁止或限制之業務；F199990 其他批發業；F299990 其他零售業；F399040 無店面零售業；I401010 一般廣告服務業,新北市,設立,11503
61244030,吉秝小吃店,新北市蘆洲區中興街75號,蔡承融,50000,115/03/09,,,F501060 餐館業,新北市,設立,11503
61244046,炭吉商行,新北市永和區秀朗路2段142號,卓勤慧,200000,115/03/09,,,F203010 食品什貨、飲料零售業；F399040 無店面零售業；F501030 飲料店業；F501060 餐館業；ZZ99999 除許可業務外，得經營法令非禁止或限制之業務,新北市,設立,11503
61244051,泯佑商行,新北市新莊區建國一路310號9樓,陳泯佑,200000,115/03/09,,,A102020 農產品整理業；F101050 水產品批發業；F101130 蔬果批發業；F101990 其他農、畜、水產品批發業；F102170 食品什貨批發業；F201990 其他農畜水產品零售業；F201010 農產品零售業；F201020 畜產品零售業；F201030 水產品零售業；F203010 食品什貨、飲料零售業；F399040 無店面零售業；F399990 其他綜合零售業；F401010 國際貿易業；IZ06010 理貨包裝業；ZZ99999 除許可業務外，得經營法令非禁止或限制之業務,新北市,設立,11503
61244067,脈動智慧工作室,新北市土城區中正路20巷13號9樓,林鴻勳,240000,115/03/09,,,I301010 資訊軟體服務業；I301020 資料處理服務業；I301030 電子資訊供應服務業；F401010 國際貿易業；ZZ99999 除許可業務外，得經營法令非禁止或限制之業務,新北市,設立,11503
61244073,知本手工麵線糊小吃店,新北市土城區金安街34號(1樓) 115年03月,李澤興,10000,115/03/09,,,F501990 其他餐飲業,新北市,設立,11503
61244088,九月二企業社,新北市中和區景新街295巷13號3樓,儲柏彥,200000,115/03/09,,,F399010 便利商店業；ZZ99999 除許可業務外，得經營法令非禁止或限制之業務,新北市,設立,11503
61244094,炫羽影像工作室,新北市新店區北新路2段262號3樓之3,劉軒宇,200000,115/03/09,,,JZ99030 攝影業；C701010 印刷業；F116010 照相器材批發業；F216010 照相器材零售業；I103060 管理顧問業；I301010 資訊軟體服務業；I301020 資料處理服務業；J305010 有聲出版業；J601010 藝文服務業；J602010 演藝活動業；J603010 音樂展演空間業；JB01010 會議及展覽服務業；I301060 網路廣告平臺業；I401010 一般廣告服務業；JZ99090 喜慶綜合服務業；F119010 電子材料批發業；I501010 產品設計業；I503010 景觀設計業；F113020 電器批發業；JE01010 租賃業；F213010 電器零售業；ZZ99999 除許可業務外，得經營法令非禁止或限制之業務,新北市,設立,11503
61244101,大衛室內塗裝工程行,新北市三重區中正北路15號5樓,許博凱,200000,115/03/09,,,F107010 漆料、塗料批發業；F111090 建材批發業；F120010 耐火材料批發業；F207010 漆料、塗料零售業；F211010 建材零售業；F220010 耐火材料零售業；F401010 國際貿易業；E599010 配管工程業；E603050 自動控制設備工程業；E603090 照明設備安裝工程業；E604010 機械安裝業；E801010 室內裝潢業；E801020 門窗安裝工程業；E801030 室內輕鋼架工程業；E801040 玻璃安裝工程業；E801070 廚具、衛浴設備安裝工程業；E901010 油漆工程業；E903010 防蝕、防銹工程業；EZ99990 其他工程業；ZZ99999 除許可業務外，得經營法令非禁止或限制之業務,新北市,設立,11503
61244117,饗鐺鐺小館,新北市樹林區中山路1段149號115年03月,林芝晰,100000,115/03/09,,,F501060 餐館業；F501990 其他餐飲業,新北市,設立,11503
61244123,瑩瑩美學工作室,新北市中和區中正路277之4號18樓,葉心慈,60000,115/03/09,,,JZ99080 美容美髮服務業；JZ99990 未分類其他服務業；F208040 化粧品零售業；F399990 其他綜合零售業；F399040 無店面零售業；ZZ99999 除許可業務外，得經營法令非禁止或限制之業務,新北市,設立,11503
61244138,知福工作室,新北市中和區中山路2段332巷1號3樓,許庭彰,10000,115/03/09,,,I199990 其他顧問服務業；I301020 資料處理服務業；I301010 資訊軟體服務業；J602010 演藝活動業；I501010 產品設計業；I401010 一般廣告服務業；ZZ99999 除許可業務外，得經營法令非禁止或限制之業務,新北市,設立,11503
61244159,愛玩客娛樂活動團隊工作室,新北市蘆洲區民族路250巷4號3樓115年03月,沈郁勝,200000,115/03/09,,,J799990 其他休閒服務業；JZ99090 喜慶綜合服務業；JZ99990 未分類其他服務業；IZ12010 人力派遣業；F106010 五金批發業；F106020 日常用品批發業；F109070 文教、樂器、育樂用品批發業；F206010 五金零售業；F206020 日常用品零售業；F209060 文教、樂器、育樂用品零售業；F401010 國際貿易業；JA02010 電器及電子產品修理業；JB01010 會議及展覽服務業；JE01010 租賃業；J601010 藝文服務業；J603010 音樂展演空間業；J701090 錄影節目帶播映業；ZZ99999 除許可業務外，得經營法令非禁止或限制之業務,新北市,設立,11503
61244165,好手工具館,新北市三重區重新路4段85巷11號(1樓),李宥綸,200000,115/03/09,,,F106010 五金批發業；F206010 五金零售業；F119010 電子材料批發業；F219010 電子材料零售業；F111090 建材批發業；F211010 建材零售業；F113070 電信器材批發業；F213060 電信器材零售業；F113110 電池批發業；F213110 電池零售業；F106040 水器材料批發業；F206040 水器材料零售業；F120010 耐火材料批發業；F220010 耐火材料零售業；F113020 電器批發業；F213010 電器零售業；F107010 漆料、塗料批發業；F207010 漆料、塗料零售業；F107170 工業助劑批發業；F207170 工業助劑零售業；F199990 其他批發業；F399040 無店面零售業；F401010 國際貿易業；JA02010 電器及電子產品修理業；JA02990 其他修理業；ZZ99999 除許可業務外，得經營法令非禁止或限制之業務,新北市,設立,11503
61244171,源元車業行,新北市淡水區淡金路1段166號115年03月,楊皓元,220000,115/03/10,,,F214020 機車零售業；F214030 汽、機車零件配備零售業；JA02020 機車修理業；JE01010 租賃業；JZ99050 仲介服務業；F204110 布疋、衣著、鞋、帽、傘、服飾品零售業；JZ99990 未分類其他服務業；ZZ99999 除許可業務外，得經營法令非禁止或限制之業務,新北市,設立,11503
61244186,幸福解憂商行,新北市蘆洲區永康街2巷27號6樓115年03月,吳東昇,200000,115/03/10,,,J101010 建築物清潔服務業；E801010 室內裝潢業；I401010 一般廣告服務業；F111090 建材批發業；F211010 建材零售業；F105050 家具、寢具、廚房器具、裝設品批發業；F205040 家具、寢具、廚房器具、裝設品零售業；F399040 無店面零售業；F401010 國際貿易業；I503010 景觀設計業；I599990 其他設計業；J601010 藝文服務業；E599010 配管工程業；E601010 電器承裝業；E601020 電器安裝業；E801020 門窗安裝工程業；E801030 室內輕鋼架工程業；E801040 玻璃安裝工程業；E801070 廚具、衛浴設備安裝工程業；E901010 油漆工程業；EZ99990 其他工程業；IZ12010 人力派遣業；J101030 廢棄物清除業；J101040 廢棄物處理業；J101090 廢棄物清理業；JZ99990 未分類其他服務業；ZZ99999 除許可業務外，得經營法令非禁止或限制之業務,新北市,設立,11503
61244192,波濤出品企業社,新北市板橋區忠孝路147號2樓,李佳珍,200000,115/03/10,,,F106010 五金批發業；F106020 日常用品批發業；F106040 水器材料批發業；F106060 寵物食品及其用品批發業；F115010 首飾及貴金屬批發業；F204110 布疋、衣著、鞋、帽、傘、服飾品零售業；F205040 家具、寢具、廚房器具、裝設品零售業；F206010 五金零售業；F206020 日常用品零售業；F206040 水器材料零售業；F206050 寵物食品及其用品零售業；F209060 文教、樂器、育樂用品零售業；F210010 鐘錶零售業；F210020 眼鏡零售業；F399040 無店面零售業；F215010 首飾及貴金屬零售業；F401010 國際貿易業；CG01010 珠寶及貴金屬製品製造業；CP01010 手工具製造業；H703100 不動產租賃業；I501010 產品設計業；J302010 通訊稿業；J303010 雜誌（期刊）出版業；J304010 圖書出版業；J305010 有聲出版業；J399010 軟體出版業；J601010 藝文服務業；J602010 演藝活動業；J603010 音樂展演空間業；J604010 聲音錄製及音樂發行業；ZZ99999 除許可業務外，得經營法令非禁止或限制之業務,新北市,設立,11503
61244209,大吉選物企業社,新北市新莊區豐年街13號,梁文彥,50000,115/03/11,,,F209060 文教、樂器、育樂用品零售業,新北市,設立,11503
61244215,李好記小吃店,新北市淡水區英專路65之1號(1樓),許心瑜,100000,115/03/10,,,F203010 食品什貨、飲料零售業；F501060 餐館業,新北市,設立,11503
61244221,泰心靜養生會館,新北市汐止區中正路36號,張宸瑋,200000,115/03/10,,,JZ99080 美容美髮服務業；ZZ99999 除許可業務外，得經營法令非禁止或限制之業務,新北市,設立,11503
61244236,富太鈦商行,新北市三重區大同南路11號(1樓) 115年03月,張凱翔,200000,115/03/10,,,F204110 布疋、衣著、鞋、帽、傘、服飾品零售業；F399040 無店面零售業,新北市,設立,11503
61244242,硯程工程行,新北市蘆洲區環堤大道86號8樓115年03月,林同慶,200000,115/03/10,,,E502010 燃料導管安裝工程業；E599010 配管工程業；E601020 電器安裝業；JA02010 電器及電子產品修理業；E603010 電纜安裝工程業；E603020 電梯安裝工程業；E603040 消防安全設備安裝工程業；E603050 自動控制設備工程業；E603080 交通號誌安裝工程業；E603090 照明設備安裝工程業；E603100 電焊工程業；E603130 燃氣熱水器承裝業；E604010 機械安裝業；E607010 太陽熱能設備安裝工程業；E701010 電信工程業；E701040 簡易電信設備安裝業；E801010 室內裝潢業；E801020 門窗安裝工程業；E801030 室內輕鋼架工程業；E801040 玻璃安裝工程業；E801070 廚具、衛浴設備安裝工程業；E901010 油漆工程業；E903010 防蝕、防銹工程業；EZ05010 儀器、儀表安裝工程業；EZ07010 鑽孔工程業；EZ14010 運動場地用設備工程業；EZ15010 保溫、保冷安裝工程業；EZ99990 其他工程業；F206010 五金零售業；F206020 日常用品零售業；F206040 水器材料零售業；F207010 漆料、塗料零售業；F211010 建材零售業；F213010 電器零售業；F213060 電信器材零售業；F213090 交通標誌器材零售業；F219010 電子材料零售業；I503010 景觀設計業；IF01010 消防安全設備檢修業；J101030 廢棄物清除業；J101040 廢棄物處理業；JA02990 其他修理業；JZ99120 一般浴室業；ZZ99999 除許可業務外，得經營法令非禁止或限制之業務,新北市,設立,11503
61244257,噗尼工作室,新北市板橋區四川路2段123號11樓之5,倪聖貽,100000,115/03/10,,,F203010 食品什貨、飲料零售業；F204110 布疋、衣著、鞋、帽、傘、服飾品零售業；F205040 家具、寢具、廚房器具、裝設品零售業；F206020 日常用品零售業；F207030 清潔用品零售業；F209060 文教、樂器、育樂用品零售業；F399040 無店面零售業；ZZ99999 除許可業務外，得經營法令非禁止或限制之業務,新北市,設立,11503
61244263,拾在好商行,新北市三重區忠孝路2段134號,陳韋誌,100000,115/03/10,,,F204110 布疋、衣著、鞋、帽、傘、服飾品零售業；F206020 日常用品零售業；F203010 食品什貨、飲料零售業；F399040 無店面零售業；F106020 日常用品批發業；F401010 國際貿易業；ZZ99999 除許可業務外，得經營法令非禁止或限制之業務,新北市,設立,11503
61244279,賀宇工程行,新北市汐止區新台五路1段95號16樓之1,李賀羽,200000,115/03/10,,,E603080 交通號誌安裝工程業；EZ06010 交通標示工程業；EZ07010 鑽孔工程業；EZ14010 運動場地用設備工程業；EZ99990 其他工程業；F111090 建材批發業；E599010 配管工程業；J101010 建築物清潔服務業；J101030 廢棄物清除業；E603050 自動控制設備工程業；E603090 照明設備安裝工程業；ZZ99999 除許可業務外，得經營法令非禁止或限制之業務,新北市,設立,11503
61244284,沐宸美所工作室,新北市板橋區介壽街40號3樓,黃子玲,100000,115/03/10,,,JZ99080 美容美髮服務業；ZZ99999 除許可業務外，得經營法令非禁止或限制之業務,新北市,設立,11503
61244290,小女孩和花花獅工作室,新北市土城區南天母路170號地下二層,鄭邱方,50000,115/03/10,,,I501010 產品設計業；I599990 其他設計業；J601010 藝文服務業；J303010 雜誌（期刊）出版業；J304010 圖書出版業；J399990 其他出版業,新北市,設立,11503
61244307,均運商號,新北市永和區竹林路69號,鍾秉均,168000,115/03/10,,,F399040 無店面零售業；F501060 餐館業；F501990 其他餐飲業；ZZ99999 除許可業務外，得經營法令非禁止或限制之業務,新北市,設立,11503
61244313,福源娃娃屋商行,新北市五股區西雲路116之6號,張詠翔,70000,115/03/10,,,F203010 食品什貨、飲料零售業；F209060 文教、樂器、育樂用品零售業,新北市,設立,11503
61244329,超級怪怪創意工作室,新北市三峽區大觀路323號12樓,陳俊翰,50000,115/03/10,,,I401010 一般廣告服務業；I501010 產品設計業；J601010 藝文服務業；JZ99990 未分類其他服務業；F299990 其他零售業；F399040 無店面零售業；ZZ99999 除許可業務外，得經營法令非禁止或限制之業務,新北市,設立,11503
61244334,侯家生煎包,新北市汐止區忠孝東路443號115年03月,侯欣妤,10000,115/03/10,,,F501060 餐館業,新北市,設立,11503
61244340,淇順商行,新北市新莊區八德街120號,羅莉瑛,200000,115/03/10,,,F501030 飲料店業；F203010 食品什貨、飲料零售業；F399040 無店面零售業；ZZ99999 除許可業務外，得經營法令非禁止或限制之業務,新北市,設立,11503
61244355,洪翔小吃店,新北市汐止區樟樹二路136巷12號(1樓),洪全宏,168000,115/03/10,,,F399040 無店面零售業；F501060 餐館業；F501990 其他餐飲業；ZZ99999 除許可業務外，得經營法令非禁止或限制之業務,新北市,設立,11503
61244361,板橋新海日光企業社,新北市板橋區新海路26號(1樓),謝忠奕,240000,115/03/10,,,JA03010 洗衣業,新北市,設立,11503
61244377,那智資訊工作室,新北市汐止區大同路3段615號12樓之2,萬立仁,100000,115/03/10,,,I301010 資訊軟體服務業；J399010 軟體出版業,新北市,設立,11503
61244382,中港四一零商行,新北市新莊區中港路410號(1樓),簡伍承,30000,115/03/10,,,F209060 文教、樂器、育樂用品零售業；F203010 食品什貨、飲料零售業；ZZ99999 除許可業務外，得經營法令非禁止或限制之業務,新北市,設立,11503
61244398,車庫重機行,新北市蘆洲區保和街35號(1樓),陳宏龍,218000,115/03/10,,,JA02020 機車修理業；F214020 機車零售業；F214030 汽、機車零件配備零售業；F214050 車胎零售業；F399040 無店面零售業；ZZ99999 除許可業務外，得經營法令非禁止或限制之業務,新北市,設立,11503
61244502,維尼美甲,新北市三重區重陽路1段44巷55號4樓,張韋琳,50000,115/03/10,,,JZ99080 美容美髮服務業,新北市,設立,11503
61244518,歲月晉好工作室,新北市新店區安興路125之3號8樓,黃鈺晉,50000,115/03/10,,,J601010 藝文服務業；J602010 演藝活動業；J603010 音樂展演空間業；IZ12010 人力派遣業；ZZ99999 除許可業務外，得經營法令非禁止或限制之業務,新北市,設立,11503
61244539,詳樺企業社,新北市蘆洲區仁愛街130號2樓,蘇詳皓,200000,115/03/10,,,ZZ99999 除許可業務外，得經營法令非禁止或限制之業務；F102170 食品什貨批發業；F203010 食品什貨、飲料零售業；F401010 國際貿易業；F501060 餐館業；F501030 飲料店業；F204110 布疋、衣著、鞋、帽、傘、服飾品零售業,新北市,設立,11503
61244545,金雞母室內停車場,新北市淡水區北新路184巷132號地下一層,鄭美玉,80000,115/03/10,,,G202010 停車場經營業；ZZ99999 除許可業務外，得經營法令非禁止或限制之業務,新北市,設立,11503
61244550,雜然設計工作室,新北市板橋區重慶路88巷21號(1樓),蔡幀瀅,100000,115/03/10,,,F215010 首飾及貴金屬零售業；F399040 無店面零售業；I501010 產品設計業,新北市,設立,11503
61244566,保持可愛貓貓企業社,新北市板橋區重慶路88巷21號(1樓),周蕊蝶,100000,115/03/10,,,F204110 布疋、衣著、鞋、帽、傘、服飾品零售業；F209060 文教、樂器、育樂用品零售業；F399040 無店面零售業,新北市,設立,11503
61244572,榛美工作室,新北市土城區明德路1段95號(1樓) 115年03月,吳翊榛,100000,115/03/10,,,F203010 食品什貨、飲料零售業；F501030 飲料店業；ZZ99999 除許可業務外，得經營法令非禁止或限制之業務,新北市,設立,11503
61244593,綺思企業社,新北市五股區中興路2段74號之1(1樓),陳昭翰,200000,115/03/11,,,F204110 布疋、衣著、鞋、帽、傘、服飾品零售業；F104110 布疋、衣著、鞋、帽、傘、服飾品批發業；F209060 文教、樂器、育樂用品零售業；F109070 文教、樂器、育樂用品批發業；F399990 其他綜合零售業；F399040 無店面零售業；F401010 國際貿易業；I502010 服飾設計業；ZZ99999 除許可業務外，得經營法令非禁止或限制之業務,新北市,設立,11503
61244600,隆寅企業社,新北市三重區秀江街93號(1樓),李演宸,200000,115/03/11,,,E801010 室內裝潢業；F106040 水器材料批發業；F206040 水器材料零售業；E599010 配管工程業；F106010 五金批發業；F206010 五金零售業；F111090 建材批發業；F211010 建材零售業；E801070 廚具、衛浴設備安裝工程業；E601020 電器安裝業；I503010 景觀設計業；E801020 門窗安裝工程業；E801030 室內輕鋼架工程業；J101010 建築物清潔服務業；IZ12010 人力派遣業；EZ02010 起重工程業；F113020 電器批發業；F213010 電器零售業；E603040 消防安全設備安裝工程業；ZZ99999 除許可業務外，得經營法令非禁止或限制之業務,新北市,設立,11503
61244616,康健巴巴企業社,新北市五股區成泰路1段189巷20號之2 11樓,郭倩伃,100000,115/03/11,,,F203010 食品什貨、飲料零售業；F204110 布疋、衣著、鞋、帽、傘、服飾品零售業；F205040 家具、寢具、廚房器具、裝設品零售業；F206020 日常用品零售業；F399040 無店面零售業；ZZ99999 除許可業務外，得經營法令非禁止或限制之業務,新北市,設立,11503
61244622,宥安企業社,新北市三重區文化北路118巷48號3樓,吳宥朋,200000,115/03/11,,,IZ12010 人力派遣業；G799990 其他運輸輔助業；J101990 其他環境衛生及污染防治服務業；ZZ99999 除許可業務外，得經營法令非禁止或限制之業務,新北市,設立,11503
61244637,口亞心田力工作室,新北市汐止區汐碇路16之1巷5號6樓115年03月,陳匯欣,50000,115/03/11,,,J503050 錄影節目帶業（原:J503051錄影節目帶業）；I401010 一般廣告服務業；ZZ99999 除許可業務外，得經營法令非禁止或限制之業務,新北市,設立,11503
61244643,好時光窗飾行,新北市土城區青雲路183巷1號(1樓),鄭乃瑋,240000,115/03/11,,,F104110 布疋、衣著、鞋、帽、傘、服飾品批發業；F105050 家具、寢具、廚房器具、裝設品批發業；F204110 布疋、衣著、鞋、帽、傘、服飾品零售業；F205040 家具、寢具、廚房器具、裝設品零售業；E801070 廚具、衛浴設備安裝工程業；E801010 室內裝潢業；F401010 國際貿易業；E901010 油漆工程業；F399040 無店面零售業；I503010 景觀設計業；ZZ99999 除許可業務外，得經營法令非禁止或限制之業務,新北市,設立,11503
61244658,森語居室內設計工作室,新北市淡水區鄧公路29巷10號6樓,陳爵瑋,200000,115/03/11,,,E599010 配管工程業；E601020 電器安裝業；E603090 照明設備安裝工程業；E801010 室內裝潢業；E801020 門窗安裝工程業；E801030 室內輕鋼架工程業；E801040 玻璃安裝工程業；E801070 廚具、衛浴設備安裝工程業；E901010 油漆工程業；F104110 布疋、衣著、鞋、帽、傘、服飾品批發業；F105050 家具、寢具、廚房器具、裝設品批發業；F106010 五金批發業；F111090 建材批發業；F113020 電器批發業；F120010 耐火材料批發業；I503010 景觀設計業；ZZ99999 除許可業務外，得經營法令非禁止或限制之業務；I599990 其他設計業,新北市,設立,11503
61244664,鯨藍文創設計工坊,新北市泰山區明志路2段99號115年03月,藍景榆,200000,115/03/11,,,I401010 一般廣告服務業；I301060 網路廣告平臺業；I501010 產品設計業；I502010 服飾設計業；I599990 其他設計業；J399990 其他出版業；J202010 產業育成業；J601010 藝文服務業；JB01010 會議及展覽服務業；I199990 其他顧問服務業；EZ99990 其他工程業；F109070 文教、樂器、育樂用品批發業；F209060 文教、樂器、育樂用品零售業；F104110 布疋、衣著、鞋、帽、傘、服飾品批發業；F204110 布疋、衣著、鞋、帽、傘、服飾品零售業；F399040 無店面零售業；F399990 其他綜合零售業；F401010 國際貿易業；ZZ99999 除許可業務外，得經營法令非禁止或限制之業務,新北市,設立,11503
61244670,海森水電工程行,新北市板橋區華興街61號4樓,蔣幼尊,200000,115/03/11,,,F106010 五金批發業；F105050 家具、寢具、廚房器具、裝設品批發業；F106040 水器材料批發業；F111090 建材批發業；F113010 機械批發業；F113020 電器批發業；F113030 精密儀器批發業；F113050 電腦及事務性機器設備批發業；F113070 電信器材批發業；F119010 電子材料批發業；F117010 消防安全設備批發業；F120010 耐火材料批發業；ZZ99999 除許可業務外，得經營法令非禁止或限制之業務；E601020 電器安裝業,新北市,設立,11503
61244685,職匠空調行,新北市蘆洲區九芎街71巷9弄12號3樓,林鴻志,200000,115/03/11,,,E599010 配管工程業；E601010 電器承裝業；E601020 電器安裝業；E603050 自動控制設備工程業；E607010 太陽熱能設備安裝工程業；EZ15010 保溫、保冷安裝工程業；F113020 電器批發業；F213010 電器零售業；F399040 無店面零售業；ZZ99999 除許可業務外，得經營法令非禁止或限制之業務,新北市,設立,11503
61244691,奧丁重機行,新北市八里區文昌五街7號,曾泓傑,200000,115/03/11,,,F214020 機車零售業；F214030 汽、機車零件配備零售業；F214050 車胎零售業；F213010 電器零售業；F213110 電池零售業；F213040 精密儀器零售業；F219010 電子材料零售業；F213060 電信器材零售業；IZ99990 其他工商服務業；ZZ99999 除許可業務外，得經營法令非禁止或限制之業務,新北市,設立,11503
61244708,初品商行,新北市汐止區福德二路65號(1樓),吳智中,200000,115/03/11,,,F203010 食品什貨、飲料零售業；F203020 菸酒零售業；F203030 酒精零售業；ZZ99999 除許可業務外，得經營法令非禁止或限制之業務,新北市,設立,11503
61244714,頁間插畫設計工作室,新北市中和區中正路675號19樓之2 115年03月,莊孟萍,100000,115/03/11,,,I501010 產品設計業；I599990 其他設計業；J601010 藝文服務業；J304010 圖書出版業；J602010 演藝活動業；F399040 無店面零售業；F206020 日常用品零售業；I401010 一般廣告服務業；JB01010 會議及展覽服務業；F401010 國際貿易業；F209060 文教、樂器、育樂用品零售業；F204110 布疋、衣著、鞋、帽、傘、服飾品零售業；ZZ99999 除許可業務外，得經營法令非禁止或限制之業務,新北市,設立,11503
61244720,滿味香大腸中卷麵線,新北市中和區光華街54號(1樓),張有勝,50000,115/03/11,,,F501060 餐館業,新北市,設立,11503
61244735,築前廣告企業社,新北市淡水區新市五路3段420號9樓,廖浩廷,200000,115/03/11,,,I401010 一般廣告服務業；I401020 廣告傳單分送業；I501010 產品設計業；I503010 景觀設計業；H701010 住宅及大樓開發租售業；H701020 工業廠房開發租售業；H701050 投資興建公共建設業；H701060 新市鎮、新社區開發業；H702010 建築經理業；H703090 不動產買賣業；H703100 不動產租賃業,新北市,設立,11503
61244741,豐湶工程行,新北市新莊區新泰路421號地下一層之7,楊淑娟,200000,115/03/11,,,E599010 配管工程業；E601020 電器安裝業；E801010 室內裝潢業；E801030 室內輕鋼架工程業；E801040 玻璃安裝工程業；E801070 廚具、衛浴設備安裝工程業；E901010 油漆工程業；EZ02010 起重工程業；EZ99990 其他工程業；ZZ99999 除許可業務外，得經營法令非禁止或限制之業務,新北市,設立,11503
61244756,鴻豬便當,新北市樹林區保安街2段89號115年03月,邱紹剛,200000,115/03/11,,,F501060 餐館業,新北市,設立,11503
61244762,金多利珠寶銀樓,新北市板橋區縣民大道3段93巷3號,劉玉惠,200000,115/03/11,,,F104110 布疋、衣著、鞋、帽、傘、服飾品批發業；F105050 家具、寢具、廚房器具、裝設品批發業；F106010 五金批發業；F108040 化粧品批發業；F109070 文教、樂器、育樂用品批發業；F119010 電子材料批發業；F204110 布疋、衣著、鞋、帽、傘、服飾品零售業；F205040 家具、寢具、廚房器具、裝設品零售業；F206010 五金零售業；F208040 化粧品零售業；F111090 建材批發業；F102170 食品什貨批發業；F113020 電器批發業；F114040 自行車及其零件批發業；F101050 水產品批發業；F199990 其他批發業；H701010 住宅及大樓開發租售業；H701020 工業廠房開發租售業；H703090 不動產買賣業；H703100 不動產租賃業；I501010 產品設計業；IZ06010 理貨包裝業；IZ12010 人力派遣業；G202010 停車場經營業；F215020 礦石零售業；F115010 首飾及貴金屬批發業；F115020 礦石批發業；F215010 首飾及貴金屬零售業；F401010 國際貿易業；ZZ99999 除許可業務外，得經營法令非禁止或限制之業務,新北市,設立,11503
61244778,奇熙工作室,新北市樹林區長壽街28巷2弄5號4樓,李姿媗,100000,115/03/11,,,F204110 布疋、衣著、鞋、帽、傘、服飾品零售業；F206020 日常用品零售業；F399040 無店面零售業；ZZ99999 除許可業務外，得經營法令非禁止或限制之業務,新北市,設立,11503
61244783,復興好食堂,新北市蘆洲區復興路118號,蘇淑鈴,150000,115/03/11,,,F501060 餐館業,新北市,設立,11503
61244799,玥達企業社,新北市淡水區義山路1段23號5樓115年03月,盧敏儀,200000,115/03/11,,,F399040 無店面零售業；F401010 國際貿易業；F206010 五金零售業；F206020 日常用品零售業；F215010 首飾及貴金屬零售業；F215020 礦石零售業；IZ06010 理貨包裝業；ZZ99999 除許可業務外，得經營法令非禁止或限制之業務,新北市,設立,11503
61244806,安富國際坊,新北市樹林區中山路3段271號(1樓),邱凡榮,200000,115/03/11,,,F213060 電信器材零售業；F213030 電腦及事務性機器設備零售業；IE01010 電信業務門號代辦業；IZ13010 網路認證服務業；I301010 資訊軟體服務業；IZ99990 其他工商服務業；ZZ99999 除許可業務外，得經營法令非禁止或限制之業務；I103060 管理顧問業；JZ99050 仲介服務業,新北市,設立,11503
61244812,銘富小吃店,新北市三重區中正南路232號,林惠容,200000,115/03/11,,,F501030 飲料店業；F501060 餐館業；F501990 其他餐飲業；F203010 食品什貨、飲料零售業,新北市,設立,11503
61244828,朝饗商行,新北市板橋區大觀路2段3巷14號2樓,林哲漢,200000,115/03/11,,,F501990 其他餐飲業,新北市,設立,11503
61244833,昊沛環保工程行,新北市新莊區明中街12號之21(1樓),顏美靜,200000,115/03/11,,,J101010 建築物清潔服務業；J101020 病媒防治業；J101030 廢棄物清除業；J101040 廢棄物處理業；J101050 環境檢測服務業；J101060 廢（污）水處理業；J101070 放射性廢料處理服務業；J101080 資源回收業；J101090 廢棄物清理業；J101110 營建剩餘土石方資源處理業；J101120 營建混合物分類處理業；J101990 其他環境衛生及污染防治服務業；JE01010 租賃業；JZ99050 仲介服務業；I301020 資料處理服務業；IZ12010 人力派遣業；G799990 其他運輸輔助業；A102080 園藝服務業；E402010 沙石、淤泥海拋業；E801010 室內裝潢業；E901010 油漆工程業；EZ02010 起重工程業；F106010 五金批發業；F111090 建材批發業；F113010 機械批發業；F113100 污染防治設備批發業；F119010 電子材料批發業；F120010 耐火材料批發業；F199010 回收物料批發業；ZZ99999 除許可業務外，得經營法令非禁止或限制之業務,新北市,設立,11503
61244849,驊展工程行,新北市汐止區福德一路2巷1號9樓115年03月,陳奎昇,200000,115/03/11,,,JE01010 租賃業；EZ02010 起重工程業；EZ99990 其他工程業,新北市,設立,11503
61244854,人中月半工作室,新北市三重區集美街161號(1樓),黃裕婷,200000,115/03/11,,,I401010 一般廣告服務業；I501010 產品設計業；I301010 資訊軟體服務業；F399040 無店面零售業；F209060 文教、樂器、育樂用品零售業；ZZ99999 除許可業務外，得經營法令非禁止或限制之業務；F204110 布疋、衣著、鞋、帽、傘、服飾品零售業；F205040 家具、寢具、廚房器具、裝設品零售業；J601010 藝文服務業,新北市,設立,11503
61244860,彩容美睫,新北市新莊區建興街41巷2號(1樓),鄭雅文,100000,115/03/12,,,JZ99080 美容美髮服務業；JZ99990 未分類其他服務業；F208040 化粧品零售業,新北市,設立,11503
61244876,沁雨工作坊,新北市永和區中正路746號11樓之2,顏涔洛,200000,115/03/12,,,JZ99080 美容美髮服務業,新北市,設立,11503
61244881,晨媗小吃店,新北市蘆洲區民族路175號,涂珮晨,50000,115/03/12,,,F501060 餐館業；ZZ99999 除許可業務外，得經營法令非禁止或限制之業務,新北市,設立,11503
61244897,洪記豬肉舖,新北市永和區復興街19巷13弄5號(1樓),洪雅淇,20000,115/03/12,,,F201020 畜產品零售業,新北市,設立,11503
61244904,汐止天天加商行,新北市汐止區康寧街336號(1樓),資澎生,100000,115/03/12,,,F204110 布疋、衣著、鞋、帽、傘、服飾品零售業；F206020 日常用品零售業；F203010 食品什貨、飲料零售業；F399040 無店面零售業；F106020 日常用品批發業；F401010 國際貿易業；ZZ99999 除許可業務外，得經營法令非禁止或限制之業務,新北市,設立,11503
61244910,酥喜小動物日用器物所,新北市板橋區長安街138巷5弄62號(1樓),王曉琪,50000,115/03/12,,,F106060 寵物食品及其用品批發業；F206020 日常用品零售業；F206050 寵物食品及其用品零售業；F299990 其他零售業；F399990 其他綜合零售業；ZZ99999 除許可業務外，得經營法令非禁止或限制之業務,新北市,設立,11503
61244926,晨光生活行,新北市中和區建八路16號18樓之2 115年03月,李奕達,200000,115/03/12,,,F199990 其他批發業；F299990 其他零售業；F399040 無店面零售業；I401010 一般廣告服務業；ZZ99999 除許可業務外，得經營法令非禁止或限制之業務,新北市,設立,11503
61244931,華興空調工程行,新北市土城區中央路4段281之13號14樓,葉華,200000,115/03/12,,,E801010 室內裝潢業；E599010 配管工程業；E901010 油漆工程業；E601020 電器安裝業；E601010 電器承裝業；E603050 自動控制設備工程業；F106010 五金批發業；F206010 五金零售業；F113020 電器批發業；F213010 電器零售業；F106040 水器材料批發業；F206040 水器材料零售業；F401010 國際貿易業；JA02010 電器及電子產品修理業；ZZ99999 除許可業務外，得經營法令非禁止或限制之業務,新北市,設立,11503
61244947,奧合企業社,新北市永和區永利路138號13樓,何曉雯,1000000,115/03/12,,,I103060 管理顧問業；I199990 其他顧問服務業；IG02010 研究發展服務業；IZ99990 其他工商服務業；JB01010 會議及展覽服務業；F401010 國際貿易業；J202010 產業育成業；JZ99990 未分類其他服務業；I401010 一般廣告服務業；ZZ99999 除許可業務外，得經營法令非禁止或限制之業務,新北市,設立,11503
61244952,一德工程行,新北市淡水區學府路136巷70號14樓,張義德,500000,115/03/12,,,E599010 配管工程業；E801010 室內裝潢業；E801020 門窗安裝工程業；E801030 室內輕鋼架工程業；E801040 玻璃安裝工程業；E901010 油漆工程業；E801070 廚具、衛浴設備安裝工程業；E903010 防蝕、防銹工程業；EZ99990 其他工程業；E603090 照明設備安裝工程業；E701040 簡易電信設備安裝業；ZZ99999 除許可業務外，得經營法令非禁止或限制之業務,新北市,設立,11503
61244968,中港二三六商行,新北市新莊區中港路236號,李星達,50000,115/03/16,,,F209060 文教、樂器、育樂用品零售業；F206020 日常用品零售業；F203010 食品什貨、飲料零售業；ZZ99999 除許可業務外，得經營法令非禁止或限制之業務,新北市,設立,11503
61244974,南雅星樂園商行,新北市板橋區南雅南路1段5巷15號115年03月,李星達,50000,115/03/12,,,F209060 文教、樂器、育樂用品零售業；F206020 日常用品零售業；F203010 食品什貨、飲料零售業；ZZ99999 除許可業務外，得經營法令非禁止或限制之業務,新北市,設立,11503
61244989,杰銳科技商行,新北市新莊區明中街16號2樓,蔡煜彬,200000,115/03/12,,,F114030 汽、機車零件配備批發業；F114040 自行車及其零件批發業；F114050 車胎批發業；F114990 其他交通運輸工具及其零件批發業；F399040 無店面零售業；F401010 國際貿易業；JA01010 汽車修理業；JA01990 其他汽車服務業,新北市,設立,11503
61244995,摸摸貓坊,新北市板橋區大觀路3段180巷8號(1樓),李雅蓁,100000,115/03/12,,,A401031 特定寵物服務業；F201081 特定寵物零售業；F206050 寵物食品及其用品零售業；JZ99180 寵物美容服務業,新北市,設立,11503
61245002,阿平快炒,新北市新店區中華路42巷7號,陳君平,100000,115/03/12,,,F501990 其他餐飲業；F501060 餐館業,新北市,設立,11503
61245018,木目工作室,新北市中和區中興街48號(1樓),柯彥丞,200000,115/03/12,,,F206020 日常用品零售業；J799990 其他休閒服務業；JZ99990 未分類其他服務業；J802010 運動訓練業；F209060 文教、樂器、育樂用品零售業；F208040 化粧品零售業；F399040 無店面零售業；F401010 國際貿易業；I199990 其他顧問服務業；ZZ99999 除許可業務外，得經營法令非禁止或限制之業務,新北市,設立,11503
61245024,一盞燈壽司,新北市樹林區復興路68號(1樓),林威逸,200000,115/03/12,,,F501990 其他餐飲業；F501060 餐館業,新北市,設立,11503
61245039,藍子工作室,新北市板橋區廣和街35號15樓,蔡宗原,50000,115/03/12,,,F399040 無店面零售業；F209060 文教、樂器、育樂用品零售業；F206020 日常用品零售業,新北市,設立,11503
61245045,海洋起重工程行,新北市三芝區三民街39巷5號,楊墝壎,200000,115/03/12,,,EZ02010 起重工程業；ZZ99999 除許可業務外，得經營法令非禁止或限制之業務,新北市,設立,11503
61245050,御澤汽車美容工作室,新北市汐止區仁愛路313號115年03月,王漢梃,100000,115/03/12,,,JA01010 汽車修理業；JA01990 其他汽車服務業；ZZ99999 除許可業務外，得經營法令非禁止或限制之業務,新北市,設立,11503
61245066,星合園國際企業社,新北市板橋區大觀路3段160巷25弄9號2樓,吳美萮,150000,115/03/12,,,F101050 水產品批發業；F102040 飲料批發業；F102170 食品什貨批發業；F104110 布疋、衣著、鞋、帽、傘、服飾品批發業；F105050 家具、寢具、廚房器具、裝設品批發業；F106010 五金批發業；F106020 日常用品批發業；F107030 清潔用品批發業；F109070 文教、樂器、育樂用品批發業；F201010 農產品零售業；F201030 水產品零售業；F203010 食品什貨、飲料零售業；F201990 其他農畜水產品零售業；F204110 布疋、衣著、鞋、帽、傘、服飾品零售業；F206010 五金零售業；F205040 家具、寢具、廚房器具、裝設品零售業；F206020 日常用品零售業；F207030 清潔用品零售業；F209060 文教、樂器、育樂用品零售業；F299990 其他零售業；F401010 國際貿易業；ZZ99999 除許可業務外，得經營法令非禁止或限制之業務,新北市,設立,11503
61245072,京典髮型工作室,新北市板橋區國泰街88號(1樓),蕭玉美,100000,115/03/12,,,JZ99080 美容美髮服務業,新北市,設立,11503
61245087,藝之嶼企業社,新北市樹林區三俊街65巷27之1號9樓,李姿昀,400000,115/03/12,,,F109070 文教、樂器、育樂用品批發業；F209060 文教、樂器、育樂用品零售業；J404020 提供設備及場地供電影片拍攝業；J601010 藝文服務業；J602010 演藝活動業；J603010 音樂展演空間業；JB01010 會議及展覽服務業；F206050 寵物食品及其用品零售業；I199990 其他顧問服務業；IZ12010 人力派遣業；F399040 無店面零售業；F401010 國際貿易業；ZZ99999 除許可業務外，得經營法令非禁止或限制之業務,新北市,設立,11503
61245093,小行星娃娃屋,新北市新莊區化成路9號之1,林德,50000,115/03/13,,,F209060 文教、樂器、育樂用品零售業,新北市,設立,11503
61245100,沃巷藝術工作室,新北市新莊區頭前路159號9樓,王怡菱,200000,115/03/12,,,J601010 藝文服務業；I599990 其他設計業,新北市,設立,11503
61245116,隆豐蔬果商行,新北市中和區建八路16號18樓之2 115年03月,陳家億,60000,115/03/12,,,F101130 蔬果批發業；F101990 其他農、畜、水產品批發業；F102170 食品什貨批發業；F201010 農產品零售業；F201020 畜產品零售業；F201030 水產品零售業；F203010 食品什貨、飲料零售業；F399990 其他綜合零售業；ZZ99999 除許可業務外，得經營法令非禁止或限制之業務,新北市,設立,11503
61245122,菁悅美容美髮坊,新北市土城區福祥街7號,余澤梅,200000,115/03/12,,,JZ99080 美容美髮服務業；F208040 化粧品零售業,新北市,設立,11503
61245137,涵吉家工作室,新北市新莊區榮華路2段8號6樓之1,章智涵,50000,115/03/12,,,C104020 烘焙炊蒸食品製造業；C199990 未分類其他食品製造業；F203010 食品什貨、飲料零售業,新北市,設立,11503
61245143,信惠蔬果行,新北市三峽區和平街20號(1樓),潘曉薇,100000,115/03/12,,,F201010 農產品零售業,新北市,設立,11503
61245158,嘎皁嘎屴帝文化工作室,新北市新店區安德街130巷23號4樓,王效忠,150000,115/03/12,,,F501060 餐館業；F299990 其他零售業,新北市,設立,11503
61245164,兆宥便當店,新北市五股區成泰路2段45號(1樓),簡兆佑,100000,115/03/12,,,F501060 餐館業；ZZ99999 除許可業務外，得經營法令非禁止或限制之業務,新北市,設立,11503
61245170,泓威數碼商行,新北市三重區重新路4段63號17樓之6,楊舜傑,500000,115/03/12,,,F105050 家具、寢具、廚房器具、裝設品批發業；F106020 日常用品批發業；F109070 文教、樂器、育樂用品批發業；F113020 電器批發業；F113050 電腦及事務性機器設備批發業；F113060 度量衡器批發業；F113070 電信器材批發業；F118010 資訊軟體批發業；F399040 無店面零售業；F399990 其他綜合零售業；F401010 國際貿易業；I301030 電子資訊供應服務業；I301010 資訊軟體服務業；I301020 資料處理服務業；ZZ99999 除許可業務外，得經營法令非禁止或限制之業務,新北市,設立,11503
61245185,揪斗安家工程行,新北市中和區中山路2段332巷9號8樓,黃彥愷,200000,115/03/12,,,E599010 配管工程業；E601020 電器安裝業；E603010 電纜安裝工程業；E603090 照明設備安裝工程業；E701010 電信工程業；E801070 廚具、衛浴設備安裝工程業；ZZ99999 除許可業務外，得經營法令非禁止或限制之業務,新北市,設立,11503
61245191,沐禧商行,新北市林口區中正路94號,胡佳妤,80000,115/03/12,,,F501060 餐館業,新北市,設立,11503
61245208,鍋妞餐飲商行,新北市淡水區新市三路2段305號,林毓雄,200000,115/03/13,,,F203010 食品什貨、飲料零售業；I103060 管理顧問業；I501010 產品設計業；F501060 餐館業；ZZ99999 除許可業務外，得經營法令非禁止或限制之業務,新北市,設立,11503
61245214,心曜光境工作室,新北市汐止區樟樹一路1巷16號11樓115年03月,賴碧珍,100000,115/03/13,,,JZ99990 未分類其他服務業；I103060 管理顧問業；I199990 其他顧問服務業；IZ99990 其他工商服務業；J601010 藝文服務業；J304010 圖書出版業；J305010 有聲出版業；F399040 無店面零售業；ZZ99999 除許可業務外，得經營法令非禁止或限制之業務,新北市,設立,11503
61245220,仕帆食宴工作室,新北市中和區中山路2段332巷13號12樓,王雅麗,200000,115/03/13,,,F102170 食品什貨批發業；F106020 日常用品批發業；F102040 飲料批發業；F203010 食品什貨、飲料零售業；F206020 日常用品零售業；F399990 其他綜合零售業；F399040 無店面零售業；F501060 餐館業；F501990 其他餐飲業；ZZ99999 除許可業務外，得經營法令非禁止或限制之業務,新北市,設立,11503
61245235,灰階藝術工作室,新北市中和區新生街196號,游文志,240000,115/03/13,,,I301030 電子資訊供應服務業；I301010 資訊軟體服務業；JZ99990 未分類其他服務業；J402010 電影片發行業；F209060 文教、樂器、育樂用品零售業；I401010 一般廣告服務業；F399040 無店面零售業；J602010 演藝活動業；I501010 產品設計業；ZZ99999 除許可業務外，得經營法令非禁止或限制之業務,新北市,設立,11503
61245241,紅紅無界國際企業社,新北市中和區中正路25號8樓之1,詹慶紅,240000,115/03/13,,,I301010 資訊軟體服務業；I401010 一般廣告服務業；JB01010 會議及展覽服務業；JZ99030 攝影業；J601010 藝文服務業；J602010 演藝活動業；I501010 產品設計業；I599990 其他設計業；I103060 管理顧問業；I199990 其他顧問服務業；I301020 資料處理服務業；I301030 電子資訊供應服務業；J404010 動畫影片製作業；JZ99990 未分類其他服務業；F399040 無店面零售業；F399990 其他綜合零售業；IZ15010 市場研究及民意調查業；ZZ99999 除許可業務外，得經營法令非禁止或限制之業務；F299990 其他零售業；J399990 其他出版業；JZ99050 仲介服務業；JZ99090 喜慶綜合服務業；F107010 漆料、塗料批發業；F107020 染料、顏料批發業；F109070 文教、樂器、育樂用品批發業；F119010 電子材料批發業；F401010 國際貿易業,新北市,設立,11503
61245256,森華肉鋪,新北市板橋區金門街421巷5號2樓115年03月,周雅姿,50000,115/03/13,,,F201020 畜產品零售業；ZZ99999 除許可業務外，得經營法令非禁止或限制之業務,新北市,設立,11503
61245262,瑪魯寵物精品店,新北市三重區自強路1段200號,黄楚彥,100000,115/03/13,,,F201090 觀賞魚零售業；F202010 飼料零售業；F204110 布疋、衣著、鞋、帽、傘、服飾品零售業；F206010 五金零售業；F206020 日常用品零售業；F206040 水器材料零售業；F206050 寵物食品及其用品零售業；F207030 清潔用品零售業；F207070 動物用藥零售業；F399990 其他綜合零售業；F401010 國際貿易業；ZZ99999 除許可業務外，得經營法令非禁止或限制之業務,新北市,設立,11503
61245278,自由服飾企業社,新北市汐止區樟樹二路316巷6號(1樓),張子堯,100000,115/03/13,,,F204110 布疋、衣著、鞋、帽、傘、服飾品零售業；F399040 無店面零售業；F401010 國際貿易業；ZZ99999 除許可業務外，得經營法令非禁止或限制之業務,新北市,設立,11503
61245283,奧穎工作室,新北市中和區華安街16巷51號5樓,蔣詠安,50000,115/03/13,,,F204110 布疋、衣著、鞋、帽、傘、服飾品零售業；F399040 無店面零售業；ZZ99999 除許可業務外，得經營法令非禁止或限制之業務,新北市,設立,11503
61245299,榮聚企業社,新北市鶯歌區鳳鳴路267之2號14樓,李儒奕,200000,115/03/13,,,F399010 便利商店業；ZZ99999 除許可業務外，得經營法令非禁止或限制之業務,新北市,設立,11503
61245306,嚴洗攻略坊,新北市中和區景德街26號,黃國勛,200000,115/03/13,,,JA03010 洗衣業,新北市,設立,11503
61245312,安駒清潔企業社,新北市新店區安民街379巷20號4樓,張天倫,100000,115/03/13,,,J101010 建築物清潔服務業；J101990 其他環境衛生及污染防治服務業；F206020 日常用品零售業；F207030 清潔用品零售業,新北市,設立,11503
61245328,橙桔洗衣店,新北市中和區景平路425之1號,李正庸,100000,115/03/13,,,JA03010 洗衣業,新北市,設立,11503
61245333,尼好文創工作室,新北市板橋區中山路2段89巷1弄6號5樓,王維承,200000,115/03/13,,,F399040 無店面零售業；F204110 布疋、衣著、鞋、帽、傘、服飾品零售業；F209060 文教、樂器、育樂用品零售業；ZZ99999 除許可業務外，得經營法令非禁止或限制之業務,新北市,設立,11503
61245349,實光元布堂,新北市新店區寶慶街5號6樓之1,張馨禹,35000,115/03/13,,,F215010 首飾及貴金屬零售業；F215020 礦石零售業；F399040 無店面零售業,新北市,設立,11503
61245354,新雋騰企業社,新北市三重區重陽路4段146號,劉俊宗,20000,115/03/13,,,F401010 國際貿易業；ZZ99999 除許可業務外，得經營法令非禁止或限制之業務；CA01020 鋼鐵軋延及擠型業；CA01070 廢車船解體及廢鋼鐵五金處理業,新北市,設立,11503
61245360,隨心所遇水晶工作室,新北市三重區福裕街41號(2樓) 115年03月,楊詒雯,50000,115/03/13,,,F215010 首飾及貴金屬零售業；F215020 礦石零售業；F399040 無店面零售業,新北市,設立,11503
61245376,鋼電水電工程行,新北市板橋區滿平二街2巷16號5樓115年03月,王立宸,246000,115/03/13,,,E599010 配管工程業；E601010 電器承裝業；E601020 電器安裝業；E603010 電纜安裝工程業；E603040 消防安全設備安裝工程業；E603090 照明設備安裝工程業；E604010 機械安裝業；E605010 電腦設備安裝業；E701040 簡易電信設備安裝業；E801010 室內裝潢業；E801020 門窗安裝工程業；E801030 室內輕鋼架工程業；E801040 玻璃安裝工程業；E801070 廚具、衛浴設備安裝工程業；E901010 油漆工程業；E903010 防蝕、防銹工程業；EZ02010 起重工程業；F106010 五金批發業；F113020 電器批發業；F117010 消防安全設備批發業；F119010 電子材料批發業；F206010 五金零售業；F206040 水器材料零售業；F207010 漆料、塗料零售業；F211010 建材零售業；F213010 電器零售業；F217010 消防安全設備零售業；F219010 電子材料零售業；F220010 耐火材料零售業；IG03010 能源技術服務業；J101010 建築物清潔服務業；JA02010 電器及電子產品修理業,新北市,設立,11503
61245381,呈翌企業社,新北市三重區仁愛街654號4樓,陳柏諭,200000,115/03/13,,,E603040 消防安全設備安裝工程業；F117010 消防安全設備批發業；F217010 消防安全設備零售業；E603090 照明設備安裝工程業；E801010 室內裝潢業；E801020 門窗安裝工程業；E801030 室內輕鋼架工程業；E801040 玻璃安裝工程業；E801070 廚具、衛浴設備安裝工程業；E901010 油漆工程業；EZ99990 其他工程業；F205040 家具、寢具、廚房器具、裝設品零售業；F206010 五金零售業；F211010 建材零售業；JA02990 其他修理業；JE01010 租賃業；IZ12010 人力派遣業；J101010 建築物清潔服務業；F213090 交通標誌器材零售業；F399040 無店面零售業；F114990 其他交通運輸工具及其零件批發業；ZZ99999 除許可業務外，得經營法令非禁止或限制之業務,新北市,設立,11503
61245397,哩咪工作室,新北市淡水區北新路183號23樓115年03月,林溢姳,200000,115/03/13,,,F399040 無店面零售業；F209060 文教、樂器、育樂用品零售業；F204110 布疋、衣著、鞋、帽、傘、服飾品零售業；F205040 家具、寢具、廚房器具、裝設品零售業；F206020 日常用品零售業；F203010 食品什貨、飲料零售業；JZ99030 攝影業；I501010 產品設計業；I599990 其他設計業；ZZ99999 除許可業務外，得經營法令非禁止或限制之業務,新北市,設立,11503
61245404,沐光行雲商行,新北市樹林區中山路1段128號,羅淑君,200000,115/03/13,,,C103050 罐頭、冷凍、脫水及醃漬食品製造業；C104020 烘焙炊蒸食品製造業；F201010 農產品零售業；F201020 畜產品零售業；F201030 水產品零售業；F201070 花卉零售業；F201090 觀賞魚零售業；F202010 飼料零售業；F203010 食品什貨、飲料零售業；F204110 布疋、衣著、鞋、帽、傘、服飾品零售業；F205040 家具、寢具、廚房器具、裝設品零售業；F206010 五金零售業；F206020 日常用品零售業；F206050 寵物食品及其用品零售業；F206060 祭祀用品零售業；F501990 其他餐飲業；F501060 餐館業；F501030 飲料店業；I301010 資訊軟體服務業；I301020 資料處理服務業；I301030 電子資訊供應服務業,新北市,設立,11503
61245410,巨碼企業社,新北市樹林區中山路2段156之3號(1樓),莊俊煊,50000,115/03/13,,,F203010 食品什貨、飲料零售業；F203020 菸酒零售業；F204110 布疋、衣著、鞋、帽、傘、服飾品零售業；F209060 文教、樂器、育樂用品零售業；F215010 首飾及貴金屬零售業；F401010 國際貿易業；F501030 飲料店業；I301020 資料處理服務業；J601010 藝文服務業；J799990 其他休閒服務業；J801030 競技及休閒運動場館業；J803010 運動表演業；J803020 運動比賽業；JE01010 租賃業；ZZ99999 除許可業務外，得經營法令非禁止或限制之業務,新北市,設立,11503
61245426,嗯啊美學工作室,新北市新店區永平街4號115年03月,楊凱恩,200000,115/03/13,,,JZ99080 美容美髮服務業；F208040 化粧品零售業,新北市,設立,11503
61245431,城霖工程行,新北市新莊區後港一路31巷5弄7號2樓,胡雅筑,200000,115/03/13,,,E599010 配管工程業；E601020 電器安裝業；E603040 消防安全設備安裝工程業；E603090 照明設備安裝工程業；E801010 室內裝潢業；E801020 門窗安裝工程業；E801030 室內輕鋼架工程業；E801040 玻璃安裝工程業；E801070 廚具、衛浴設備安裝工程業；E901010 油漆工程業；E903010 防蝕、防銹工程業；EZ99990 其他工程業；IZ12010 人力派遣業；ZZ99999 除許可業務外，得經營法令非禁止或限制之業務,新北市,設立,11503
61245447,宇展工程行,新北市土城區廣興街59巷7號8樓,林柏宇,200000,115/03/13,,,E801010 室內裝潢業；E801020 門窗安裝工程業；E801030 室內輕鋼架工程業；I503010 景觀設計業；E801040 玻璃安裝工程業；E801070 廚具、衛浴設備安裝工程業；E901010 油漆工程業；E903010 防蝕、防銹工程業；E601010 電器承裝業；E601020 電器安裝業；E599010 配管工程業；E603010 電纜安裝工程業；E603090 照明設備安裝工程業；F105050 家具、寢具、廚房器具、裝設品批發業；F205040 家具、寢具、廚房器具、裝設品零售業；F111090 建材批發業；F211010 建材零售業；F120010 耐火材料批發業；F220010 耐火材料零售業；F106040 水器材料批發業；F206040 水器材料零售業；CN01010 家具及裝設品製造業；CA02010 金屬結構及建築組件製造業；E603020 電梯安裝工程業；E603050 自動控制設備工程業；ZZ99999 除許可業務外，得經營法令非禁止或限制之業務,新北市,設立,11503
61245452,龍幸商行,新北市三重區重新路4段184巷25弄2號(1樓),黃俊雄,88888,115/03/13,,,F501030 飲料店業；F501990 其他餐飲業,新北市,設立,11503
61245468,佳城小吃店,新北市土城區中央路1段195之1號115年03月,張銓祐,50000,115/03/13,,,F501060 餐館業；F203010 食品什貨、飲料零售業,新北市,設立,11503
61245474,祥瑤企業社,新北市新店區安興路109號14樓之7,陳緯庠,200000,115/03/13,,,F102050 茶葉批發業；F102040 飲料批發業；F102170 食品什貨批發業；F103010 飼料批發業；F104110 布疋、衣著、鞋、帽、傘、服飾品批發業；F102020 食用油脂批發業；F105050 家具、寢具、廚房器具、裝設品批發業；F106010 五金批發業；F106020 日常用品批發業；F106040 水器材料批發業；F106050 陶瓷玻璃器皿批發業；F106060 寵物食品及其用品批發業；F108040 化粧品批發業；F109070 文教、樂器、育樂用品批發業；F202010 飼料零售業；F203010 食品什貨、飲料零售業；F204110 布疋、衣著、鞋、帽、傘、服飾品零售業；F205040 家具、寢具、廚房器具、裝設品零售業；F206010 五金零售業；F206020 日常用品零售業；F206050 寵物食品及其用品零售業；F207030 清潔用品零售業；F208040 化粧品零售業；F209060 文教、樂器、育樂用品零售業；F399040 無店面零售業；F401010 國際貿易業；F114030 汽、機車零件配備批發業；F119010 電子材料批發業；F113110 電池批發業；J101010 建築物清潔服務業；CC01080 電子零組件製造業；IZ12010 人力派遣業；F215010 首飾及貴金屬零售業；ZZ99999 除許可業務外，得經營法令非禁止或限制之業務,新北市,設立,11503
61245489,銳錡國際企業社,新北市板橋區縣民大道1段64巷31號(1樓),林宜莘,3000,115/03/13,,,F399040 無店面零售業；F399990 其他綜合零售業,新北市,設立,11503
61245495,吉食良行,新北市中和區建一路175號(1樓) 115年03月,吳涔溪,100000,115/03/13,,,F501060 餐館業；F501030 飲料店業,新北市,設立,11503
61245501,富鼎實業社,新北市板橋區中山路1段293之1號13樓之1,丁冠博,200000,115/03/13,,,F101990 其他農、畜、水產品批發業；F101040 家畜家禽批發業；F201020 畜產品零售業；F101050 水產品批發業；F201030 水產品零售業；F102170 食品什貨批發業；F203010 食品什貨、飲料零售業；F401010 國際貿易業；G801010 倉儲業；IZ06010 理貨包裝業；F199990 其他批發業；F299990 其他零售業；F399040 無店面零售業；ZZ99999 除許可業務外，得經營法令非禁止或限制之業務,新北市,設立,11503
61245517,國泰五二平價小吃,新北市板橋區國泰街52號(1樓),張荐毅,10000,115/03/13,,,F501060 餐館業；F501990 其他餐飲業,新北市,設立,11503
61245523,永旺水果行,新北市中和區景新街383巷45號,蔡憲論,50000,115/03/13,,,F201010 農產品零售業,新北市,設立,11503
61245538,景恩商行,新北市中和區景平路257號,萬冠翊,50000,115/03/13,,,F501060 餐館業；F203010 食品什貨、飲料零售業；ZZ99999 除許可業務外，得經營法令非禁止或限制之業務,新北市,設立,11503
61245559,貓和工作坊,新北市永和區民有街98巷4號,彭羽彤,200000,115/03/13,,,F206020 日常用品零售業；F209060 文教、樂器、育樂用品零售業；F601010 智慧財產權業；I501010 產品設計業；ZZ99999 除許可業務外，得經營法令非禁止或限制之業務,新北市,設立,11503
61245565,豐茂蔬果行,新北市板橋區重慶路21巷4號,蕭碧興,200000,115/03/13,,,F101130 蔬果批發業；F101040 家畜家禽批發業；F101990 其他農、畜、水產品批發業；F102020 食用油脂批發業；F101050 水產品批發業；F102170 食品什貨批發業；F104110 布疋、衣著、鞋、帽、傘、服飾品批發業；F106020 日常用品批發業；F121010 食品添加物批發業；F199990 其他批發業；ZZ99999 除許可業務外，得經營法令非禁止或限制之業務,新北市,設立,11503
61245571,手作人工作室,新北市新店區安興路127之6號12樓115年03月,王姿婷,200000,115/03/16,,,F209060 文教、樂器、育樂用品零售業；I599990 其他設計業；I401010 一般廣告服務業；J601010 藝文服務業；F399040 無店面零售業；ZZ99999 除許可業務外，得經營法令非禁止或限制之業務,新北市,設立,11503
61245586,祥多企業社,新北市新店區安興路125之15號7樓,陳緯庠,200000,115/03/16,,,F102050 茶葉批發業；F102040 飲料批發業；F102170 食品什貨批發業；F103010 飼料批發業；F104110 布疋、衣著、鞋、帽、傘、服飾品批發業；F105050 家具、寢具、廚房器具、裝設品批發業；F106010 五金批發業；F106020 日常用品批發業；F106050 陶瓷玻璃器皿批發業；F106060 寵物食品及其用品批發業；F108040 化粧品批發業；F109070 文教、樂器、育樂用品批發業；F110010 鐘錶批發業；F113020 電器批發業；F113050 電腦及事務性機器設備批發業；F113110 電池批發業；F114030 汽、機車零件配備批發業；F114040 自行車及其零件批發業；F115010 首飾及貴金屬批發業；F203010 食品什貨、飲料零售業；F202010 飼料零售業；F204110 布疋、衣著、鞋、帽、傘、服飾品零售業；F205040 家具、寢具、廚房器具、裝設品零售業；F206010 五金零售業；F206020 日常用品零售業；F206050 寵物食品及其用品零售業；F208040 化粧品零售業；F209060 文教、樂器、育樂用品零售業；F213030 電腦及事務性機器設備零售業；F213110 電池零售業；F214030 汽、機車零件配備零售業；F215010 首飾及貴金屬零售業；F399040 無店面零售業；F401010 國際貿易業；IZ12010 人力派遣業；J101010 建築物清潔服務業；CC01030 電器及視聽電子產品製造業；ZZ99999 除許可業務外，得經營法令非禁止或限制之業務,新北市,設立,11503
61245592,一元的企業社,新北市樹林區保安街3段33號,陳裕元,88888,115/03/16,,,F214030 汽、機車零件配備零售業；JA01010 汽車修理業；JA01990 其他汽車服務業；ZZ99999 除許可業務外，得經營法令非禁止或限制之業務,新北市,設立,11503
61245609,鴻澄泥作宅修工程行,新北市土城區學府路1段98巷2弄13號9樓115年03月,林鴻鈞,200000,115/03/16,,,E801010 室內裝潢業；EZ99990 其他工程業；E801020 門窗安裝工程業；E801070 廚具、衛浴設備安裝工程業；E901010 油漆工程業；F111090 建材批發業；ZZ99999 除許可業務外，得經營法令非禁止或限制之業務,新北市,設立,11503
61245621,韋爾智庫工作室,新北市中和區中山路2段366巷10號4樓,夏娓娓,240000,115/03/16,,,I101070 農、林、漁、畜牧顧問業；I101080 工、礦顧問業；I101090 食品顧問業；I101110 紡織顧問業；I102010 一般投資顧問業；I103060 管理顧問業；I105010 藝術品諮詢顧問業；I199990 其他顧問服務業；I301010 資訊軟體服務業；I301020 資料處理服務業；I301060 網路廣告平臺業；I401010 一般廣告服務業；I401020 廣告傳單分送業；I501010 產品設計業；I502010 服飾設計業；I503010 景觀設計業；I504010 花藝設計業；I599990 其他設計業；IZ01010 影印業；IZ02010 打字業；IZ03010 剪報業；IZ04010 翻譯業；IZ06010 理貨包裝業；IZ07010 公證業；IZ09010 管理系統驗證業；IZ10010 排版業；IZ12010 人力派遣業；IZ13010 網路認證服務業；IZ15010 市場研究及民意調查業；IZ99990 其他工商服務業,新北市,設立,11503
61245636,月皇實業社,新北市中和區國光街184巷27弄4號(1樓),阮文皇,200000,115/03/16,,,E599010 配管工程業；E601020 電器安裝業；E603100 電焊工程業；E603110 冷作工程業；EZ15010 保溫、保冷安裝工程業；E901010 油漆工程業；E903010 防蝕、防銹工程業；E801010 室內裝潢業；F106010 五金批發業；F111090 建材批發業；F117010 消防安全設備批發業；F401010 國際貿易業；ZZ99999 除許可業務外，得經營法令非禁止或限制之業務,新北市,設立,11503
61245642,點藝美學工坊,新北市土城區溪頭路14號10樓,熊崇傑,150000,115/03/16,,,JZ99080 美容美髮服務業；ZZ99999 除許可業務外，得經營法令非禁止或限制之業務,新北市,設立,11503
61245657,良鎮咖啡工作坊,新北市板橋區廣和街33之1號14樓115年03月,陳良鎮,100000,115/03/16,,,F203010 食品什貨、飲料零售業；F399040 無店面零售業；ZZ99999 除許可業務外，得經營法令非禁止或限制之業務,新北市,設立,11503
61245663,泉興企業社,新北市鶯歌區鳳鳴路41號8樓,林文章,120000,115/03/16,,,A102050 作物栽培服務業；B102010 石油及天然氣礦業；B601010 土石採取業；C803990 其他石油及煤製品製造業；EZ99990 其他工程業；F111090 建材批發業；F199990 其他批發業；F211010 建材零售業；J101010 建築物清潔服務業；J101030 廢棄物清除業；J101040 廢棄物處理業；J101060 廢（污）水處理業；J101080 資源回收業；J101090 廢棄物清理業；J101110 營建剩餘土石方資源處理業；J101120 營建混合物分類處理業；CA01070 廢車船解體及廢鋼鐵五金處理業；CA02990 其他金屬製品製造業；CB01010 機械設備製造業；CB01990 其他機械製造業；CQ01010 模具製造業；ZZ99999 除許可業務外，得經營法令非禁止或限制之業務,新北市,設立,11503
61245679,歆笛工作室,新北市三峽區中華路137巷8號3樓,蕭秋萍,200000,115/03/16,,,F204110 布疋、衣著、鞋、帽、傘、服飾品零售業；F399040 無店面零售業,新北市,設立,11503
61245684,自在編織手作屋,新北市永和區竹林路179巷42號,盧宏惠,50000,115/03/16,,,F299990 其他零售業；JZ99070 裁縫服務業,新北市,設立,11503
61245690,狗寶寶寵物美容,新北市八里區中華路2段252號(1樓),全成鳯,200000,115/03/16,,,JZ99180 寵物美容服務業,新北市,設立,11503
61245707,煮麵大叔飲食店,新北市土城區中央路4段56之5號,李雅惠,100000,115/03/16,,,F501060 餐館業；F501990 其他餐飲業；F203010 食品什貨、飲料零售業；F203020 菸酒零售業；F399040 無店面零售業；ZZ99999 除許可業務外，得經營法令非禁止或限制之業務,新北市,設立,11503
61245713,越來香小吃店,新北市中和區立人街3號(1樓),周昱汎,200000,115/03/16,,,F203010 食品什貨、飲料零售業；F501060 餐館業；ZZ99999 除許可業務外，得經營法令非禁止或限制之業務,新北市,設立,11503
61245729,美門露比二手書店,新北市林口區中山路590號(1樓) 115年03月,謝士翔,100000,115/03/16,,,F209060 文教、樂器、育樂用品零售業；F399040 無店面零售業；J601010 藝文服務業,新北市,設立,11503
61245734,一大元裝潢行,新北市中和區景平路666號3樓,王郢邧,100000,115/03/11,,,E603120 噴砂工程業；E801010 室內裝潢業；E901010 油漆工程業；E903010 防蝕、防銹工程業；EZ99990 其他工程業；F106010 五金批發業；F107010 漆料、塗料批發業；F107020 染料、顏料批發業；F107030 清潔用品批發業；F111090 建材批發業；F206010 五金零售業；F207010 漆料、塗料零售業；F207020 染料、顏料零售業；F207030 清潔用品零售業；I503010 景觀設計業；I599990 其他設計業；J101010 建築物清潔服務業；ZZ99999 除許可業務外，得經營法令非禁止或限制之業務,新北市,設立,11503
61245740,享家企業社,新北市中和區中山路2段79號,邱仲平,200000,115/03/16,,,JZ99080 美容美髮服務業；ZZ99999 除許可業務外，得經營法令非禁止或限制之業務,新北市,設立,11503
61245755,英肯音樂工作室,新北市三重區永安北路1段3巷23號3樓,黃勝偉,200000,115/03/16,,,J303010 雜誌（期刊）出版業；J304010 圖書出版業；J305010 有聲出版業；J601010 藝文服務業；J602010 演藝活動業；J603010 音樂展演空間業；J604010 聲音錄製及音樂發行業；JB01010 會議及展覽服務業；JE01010 租賃業；I301010 資訊軟體服務業；I501010 產品設計業；I599990 其他設計業；F104110 布疋、衣著、鞋、帽、傘、服飾品批發業；F109070 文教、樂器、育樂用品批發業；F204110 布疋、衣著、鞋、帽、傘、服飾品零售業；F209060 文教、樂器、育樂用品零售業；F401010 國際貿易業；F601010 智慧財產權業；ZZ99999 除許可業務外，得經營法令非禁止或限制之業務,新北市,設立,11503
61245761,小鄭小吃,新北市永和區得和路123號(1樓),鄭兆威,150000,115/03/16,,,F501060 餐館業,新北市,設立,11503
61245777,閎晰商行,新北市汐止區忠孝東路388號,蕭凱綸,150000,115/03/16,,,JA02010 電器及電子產品修理業；F213060 電信器材零售業；F219010 電子材料零售業；ZZ99999 除許可業務外，得經營法令非禁止或限制之業務,新北市,設立,11503
61245782,筠小妞美甲美睫,新北市板橋區國泰街93號,潘竹玲,100000,115/03/16,,,JZ99080 美容美髮服務業,新北市,設立,11503
61245798,紓緹工作室,新北市淡水區商工路159號(1樓) 115年03月,葉慧敏,240000,115/03/16,,,F208040 化粧品零售業；JZ99080 美容美髮服務業,新北市,設立,11503
61245805,喬森工程行,新北市中和區中山路2段332巷1號3樓,吳秉鴻,200000,115/03/16,,,E801010 室內裝潢業；E599010 配管工程業；E801020 門窗安裝工程業；E901010 油漆工程業；F211010 建材零售業；EZ99990 其他工程業；E601010 電器承裝業；E601020 電器安裝業；E603100 電焊工程業；E603130 燃氣熱水器承裝業；E701040 簡易電信設備安裝業；E801030 室內輕鋼架工程業；E801040 玻璃安裝工程業；E801070 廚具、衛浴設備安裝工程業；F206010 五金零售業；J101010 建築物清潔服務業；F401010 國際貿易業；ZZ99999 除許可業務外，得經營法令非禁止或限制之業務,新北市,設立,11503
61245811,迅猛龍電子企業社,新北市永和區永和路2段57號4樓,陳柏璋,200000,115/03/16,,,F213060 電信器材零售業；F219010 電子材料零售業；IE01010 電信業務門號代辦業；F213110 電池零售業；F213030 電腦及事務性機器設備零售業；E701040 簡易電信設備安裝業；ZZ99999 除許可業務外，得經營法令非禁止或限制之業務,新北市,設立,11503
61245827,壹陸壹小吃店,新北市樹林區中華路161號,黃英烈,100000,115/03/16,,,F501060 餐館業；ZZ99999 除許可業務外，得經營法令非禁止或限制之業務,新北市,設立,11503
61245832,一隻雞工作室,新北市汐止區工建路98號9樓之1,吳瑞峰,50000,115/03/16,,,I501010 產品設計業；F399040 無店面零售業；F209060 文教、樂器、育樂用品零售業；F299990 其他零售業；ZZ99999 除許可業務外，得經營法令非禁止或限制之業務,新北市,設立,11503
61245848,只想淨淨工作室,新北市板橋區萬安街67號(2樓),趙庭緯,100000,115/03/16,,,J101010 建築物清潔服務業,新北市,設立,11503
61245853,碁浚工程行,新北市金山區中華路152巷12號5樓115年03月,李泓碁,200000,115/03/16,,,F111090 建材批發業；E402010 沙石、淤泥海拋業；E599010 配管工程業；E801010 室內裝潢業；E801020 門窗安裝工程業；E901010 油漆工程業；E903010 防蝕、防銹工程業；EZ02010 起重工程業；EZ06010 交通標示工程業；EZ07010 鑽孔工程業；E401010 疏濬業；JE01010 租賃業；IZ12010 人力派遣業；ZZ99999 除許可業務外，得經營法令非禁止或限制之業務,新北市,設立,11503
61245869,壹伍企業社,新北市泰山區莊泰路1627號,林郁茹,200000,115/03/16,,,JZ99990 未分類其他服務業；JZ99180 寵物美容服務業；F206050 寵物食品及其用品零售業；I103060 管理顧問業；JE01010 租賃業；I401010 一般廣告服務業；F206020 日常用品零售業；F399040 無店面零售業；JZ99030 攝影業；F203010 食品什貨、飲料零售業,新北市,設立,11503
61245875,浩克音響工作室,新北市永和區中興街79號4樓之1,游竣仁,10000,115/03/16,,,F209060 文教、樂器、育樂用品零售業,新北市,設立,11503
61245880,如織藝術坊,新北市板橋區雙十路2段47巷8弄6號7樓,張芷綺,128000,115/03/16,,,F399040 無店面零售業；F106050 陶瓷玻璃器皿批發業；F401010 國際貿易業；F106020 日常用品批發業；F105050 家具、寢具、廚房器具、裝設品批發業；F115020 礦石批發業；F199990 其他批發業；I105010 藝術品諮詢顧問業；J601010 藝文服務業；JB01010 會議及展覽服務業；ZZ99999 除許可業務外，得經營法令非禁止或限制之業務；F102050 茶葉批發業；F299990 其他零售業；I501010 產品設計業；I301010 資訊軟體服務業,新北市,設立,11503
61245896,金禾雅餐飲商行,新北市蘆洲區民族路84號,楊雅淳,100000,115/03/16,,,F501030 飲料店業；F501060 餐館業；F501990 其他餐飲業；F203020 菸酒零售業,新北市,設立,11503
61245903,上評食品行,新北市板橋區中興路100號(1樓),林秋月,200000,115/03/16,,,F102170 食品什貨批發業；F102020 食用油脂批發業；F203010 食品什貨、飲料零售業；F401010 國際貿易業；ZZ99999 除許可業務外，得經營法令非禁止或限制之業務,新北市,設立,11503
61245919,符冉車業行,新北市樹林區長壽街29之2號(1樓) 115年03月,吳永彰,100000,115/03/16,,,JA02020 機車修理業,新北市,設立,11503
61245925,帶著走工作室,新北市五股區成泰路4段68號11樓,林竣霆,100000,115/03/16,,,F210020 眼鏡零售業；F206020 日常用品零售業；F206010 五金零售業；F206050 寵物食品及其用品零售業；F206030 模具零售業；F203010 食品什貨、飲料零售業；F203030 酒精零售業；F213010 電器零售業；F214030 汽、機車零件配備零售業；F204110 布疋、衣著、鞋、帽、傘、服飾品零售業；F299990 其他零售業；JZ99990 未分類其他服務業；I199990 其他顧問服務業；ZZ99999 除許可業務外，得經營法令非禁止或限制之業務,新北市,設立,11503
61245930,阿笠竹工工作室,新北市淡水區文化路63號4樓,許日竹,200000,115/03/16,,,A299990 其他林業；C501070 竹、藤製品製造業；C307010 服飾品製造業；C501010 製材業；F399040 無店面零售業；F299990 其他零售業；F209060 文教、樂器、育樂用品零售業；F205040 家具、寢具、廚房器具、裝設品零售業；F204110 布疋、衣著、鞋、帽、傘、服飾品零售業；F206020 日常用品零售業；F201010 農產品零售業；I105010 藝術品諮詢顧問業；I501010 產品設計業；I502010 服飾設計業；I599990 其他設計業；J202010 產業育成業；J304010 圖書出版業；J601010 藝文服務業,新北市,設立,11503
61245946,鑫曄工程行,新北市三重區大同南路117巷6號4樓,陳勇曄,235000,115/03/16,,,F213010 電器零售業；E599010 配管工程業；E801010 室內裝潢業；E901010 油漆工程業；EZ15010 保溫、保冷安裝工程業；E601020 電器安裝業；E603090 照明設備安裝工程業；E603100 電焊工程業；EZ99990 其他工程業；F111090 建材批發業；ZZ99999 除許可業務外，得經營法令非禁止或限制之業務,新北市,設立,11503
61245951,青森活商行,新北市土城區延吉街211號(1樓),吳沛芳,50000,115/03/16,,,F201010 農產品零售業；F201020 畜產品零售業；F201030 水產品零售業；ZZ99999 除許可業務外，得經營法令非禁止或限制之業務,新北市,設立,11503
61245967,慕媗商行,新北市土城區延吉街211號(1樓) 115年03月,莊慕樺,50000,115/03/16,,,F203010 食品什貨、飲料零售業；F501060 餐館業；ZZ99999 除許可業務外，得經營法令非禁止或限制之業務,新北市,設立,11503
61245973,松語茶行,新北市永和區永亨路112號(1樓),沈瑀帆,100000,115/03/16,,,F102170 食品什貨批發業；F501030 飲料店業；F203010 食品什貨、飲料零售業；F399040 無店面零售業；F102040 飲料批發業,新北市,設立,11503
61245988,蒔光家居企業社,新北市汐止區大同路1段179號8樓之2,陳雅筠,200000,115/03/16,,,F204110 布疋、衣著、鞋、帽、傘、服飾品零售業；F105050 家具、寢具、廚房器具、裝設品批發業；F205040 家具、寢具、廚房器具、裝設品零售業；ZZ99999 除許可業務外，得經營法令非禁止或限制之業務,新北市,設立,11503
61245994,湳雅達克商行,新北市板橋區南雅南路1段60號之1,林泓儒,200000,115/03/16,,,F203010 食品什貨、飲料零售業；F501030 飲料店業；F501990 其他餐飲業；F501060 餐館業；ZZ99999 除許可業務外，得經營法令非禁止或限制之業務,新北市,設立,11503
61246001,三仁食堂,新北市新莊區中華路2段123號(1樓),林哲煌,200000,115/03/16,,,F501060 餐館業；ZZ99999 除許可業務外，得經營法令非禁止或限制之業務,新北市,設立,11503
61246017,夾雙雙企業社,新北市板橋區雙十路2段47巷12號,林琮程,200000,115/03/16,,,F209060 文教、樂器、育樂用品零售業；F109070 文教、樂器、育樂用品批發業,新北市,設立,11503
61246023,辰工程行,新北市三重區重新路2段21號11樓,劉昆瑋,200000,115/03/16,,,E801010 室內裝潢業；E801020 門窗安裝工程業；E801030 室內輕鋼架工程業；E801040 玻璃安裝工程業；E901010 油漆工程業；E903010 防蝕、防銹工程業；EZ02010 起重工程業；F106010 五金批發業；F111090 建材批發業；F401010 國際貿易業；ZZ99999 除許可業務外，得經營法令非禁止或限制之業務,新北市,設立,11503
61246038,夾到門門商號,新北市蘆洲區環堤大道134號5樓115年03月,劉虹櫻,200000,115/03/16,,,F102170 食品什貨批發業；F104110 布疋、衣著、鞋、帽、傘、服飾品批發業；F203010 食品什貨、飲料零售業；F204110 布疋、衣著、鞋、帽、傘、服飾品零售業；F399040 無店面零售業；F399990 其他綜合零售業；F401010 國際貿易業；ZZ99999 除許可業務外，得經營法令非禁止或限制之業務,新北市,設立,11503
61246059,偉耀企業社,新北市新店區安興路109號14樓之7,陳緯庠,200000,115/03/17,,,IZ12010 人力派遣業；F102040 飲料批發業；F102050 茶葉批發業；F102170 食品什貨批發業；F104110 布疋、衣著、鞋、帽、傘、服飾品批發業；F105050 家具、寢具、廚房器具、裝設品批發業；F106010 五金批發業；F106020 日常用品批發業；F106060 寵物食品及其用品批發業；F108040 化粧品批發業；F109070 文教、樂器、育樂用品批發業；F113050 電腦及事務性機器設備批發業；F113060 度量衡器批發業；F113070 電信器材批發業；F114030 汽、機車零件配備批發業；F114040 自行車及其零件批發業；F202010 飼料零售業；F203010 食品什貨、飲料零售業；F204110 布疋、衣著、鞋、帽、傘、服飾品零售業；F205040 家具、寢具、廚房器具、裝設品零售業；F206010 五金零售業；F206020 日常用品零售業；F206050 寵物食品及其用品零售業；F208040 化粧品零售業；F209060 文教、樂器、育樂用品零售業；F213030 電腦及事務性機器設備零售業；F213110 電池零售業；F214030 汽、機車零件配備零售業；F214040 自行車及其零件零售業；F215010 首飾及貴金屬零售業；F399040 無店面零售業；F401010 國際貿易業；CC01080 電子零組件製造業；ZZ99999 除許可業務外，得經營法令非禁止或限制之業務,新北市,設立,11503
61246065,瑞特科技企業社,新北市新店區安興路109號14樓之7 115年03月,解易,200000,115/03/17,,,F113070 電信器材批發業；F213060 電信器材零售業；F399040 無店面零售業；F206020 日常用品零售業；F104110 布疋、衣著、鞋、帽、傘、服飾品批發業；F204110 布疋、衣著、鞋、帽、傘、服飾品零售業；F203010 食品什貨、飲料零售業；F119010 電子材料批發業；F219010 電子材料零售業；F213010 電器零售業；F113050 電腦及事務性機器設備批發業；F213030 電腦及事務性機器設備零售業；F106010 五金批發業；F206010 五金零售業；F401010 國際貿易業；ZZ99999 除許可業務外，得經營法令非禁止或限制之業務,新北市,設立,11503
61246071,堇銨工程企業社,新北市新莊區中平路183號2樓,黃文斌,200000,115/03/17,,,E603080 交通號誌安裝工程業；EZ06010 交通標示工程業；F113090 交通標誌器材批發業；EZ99990 其他工程業；E901010 油漆工程業；F401010 國際貿易業；F107010 漆料、塗料批發業；ZZ99999 除許可業務外，得經營法令非禁止或限制之業務,新北市,設立,11503
61246086,飛瑪創意行銷工作室,新北市永和區中正路417號8樓,陳郁潔,200000,115/03/17,,,I103060 管理顧問業；I401010 一般廣告服務業；JZ99990 未分類其他服務業；ZZ99999 除許可業務外，得經營法令非禁止或限制之業務,新北市,設立,11503
61246092,豆干阿妹素食批發,新北市中和區員山路77巷11弄6號,尤婉慈,60000,115/03/16,,,F102170 食品什貨批發業；F199990 其他批發業；F203010 食品什貨、飲料零售業；F201010 農產品零售業；F201020 畜產品零售業；F201030 水產品零售業；F201990 其他農畜水產品零售業；F206020 日常用品零售業；F221010 食品添加物零售業；F299990 其他零售業；F399990 其他綜合零售業；F501990 其他餐飲業；F401010 國際貿易業；ZZ99999 除許可業務外，得經營法令非禁止或限制之業務,新北市,設立,11503
61246109,榮勝食品企業社,新北市五股區民義路1段242號,許家榮,200000,115/03/17,,,F101040 家畜家禽批發業；F101990 其他農、畜、水產品批發業；F102170 食品什貨批發業；ZZ99999 除許可業務外，得經營法令非禁止或限制之業務,新北市,設立,11503
61246115,芯妍美容坊,新北市三峽區復興路165號(1樓),李昀芯,200000,115/03/17,,,F206020 日常用品零售業；F208040 化粧品零售業；F203010 食品什貨、飲料零售業；JZ99080 美容美髮服務業；ZZ99999 除許可業務外，得經營法令非禁止或限制之業務,新北市,設立,11503
61246121,簡單饗食商行,新北市板橋區三民路2段245巷4號,林玉臻,100000,115/03/17,,,F501060 餐館業；F501990 其他餐飲業,新北市,設立,11503
61246136,萬閎自助洗衣坊,新北市中和區南山路240之9號,吳秉軒,150000,115/03/17,,,JA03010 洗衣業,新北市,設立,11503
61246142,五口晤月坊,新北市淡水區馬偕街7號,張瑜文,5000,115/03/17,,,ZZ99999 除許可業務外，得經營法令非禁止或限制之業務；F501030 飲料店業；F501060 餐館業,新北市,設立,11503
61246157,鑫殿杜商行,新北市永和區成功路2段128號,杜冠穎,100000,115/03/17,,,F209060 文教、樂器、育樂用品零售業；F203010 食品什貨、飲料零售業,新北市,設立,11503
61246163,源興蛋行,新北市新店區安和路2段221號115年03月,林大為,200000,115/03/17,,,F201010 農產品零售業；F201020 畜產品零售業；F203010 食品什貨、飲料零售業；F203020 菸酒零售業；F206020 日常用品零售業；F207030 清潔用品零售業,新北市,設立,11503
61246179,鳴雀商行,新北市新店區安興路109號14樓之7,陳嘉文,200000,115/03/17,,,F204110 布疋、衣著、鞋、帽、傘、服飾品零售業；F206010 五金零售業；F206020 日常用品零售業；F206050 寵物食品及其用品零售業；F209060 文教、樂器、育樂用品零售業；F213030 電腦及事務性機器設備零售業；F219010 電子材料零售業；F299990 其他零售業；F399040 無店面零售業；ZZ99999 除許可業務外，得經營法令非禁止或限制之業務,新北市,設立,11503
61246184,直走右轉選物販賣,新北市中和區板南路184號(1樓),吳世文,80000,115/03/17,,,F209060 文教、樂器、育樂用品零售業；F203010 食品什貨、飲料零售業,新北市,設立,11503
61246190,好空間企業管理顧問坊,新北市三重區捷運路19巷15之1號,黃昌運,200000,115/03/17,,,H703100 不動產租賃業；I103060 管理顧問業；I199990 其他顧問服務業；IZ99990 其他工商服務業；JE01010 租賃業；JZ99990 未分類其他服務業；ZZ99999 除許可業務外，得經營法令非禁止或限制之業務,新北市,設立,11503
61246207,謝謝你老屋還在小吃店,新北市中和區景平路245之1號,謝金旭,50000,115/03/17,,,F501060 餐館業,新北市,設立,11503
61246213,兔寶早餐店,新北市新莊區西盛街379號,施玉婷,200000,115/03/17,,,F501060 餐館業；ZZ99999 除許可業務外，得經營法令非禁止或限制之業務,新北市,設立,11503
61246229,昇流數位企業社,新北市三峽區二鬮路136巷101號8樓,洪峻敏,200000,115/03/17,,,F199990 其他批發業；F299990 其他零售業；F399040 無店面零售業；I401010 一般廣告服務業；ZZ99999 除許可業務外，得經營法令非禁止或限制之業務,新北市,設立,11503
61246234,益展樓管企業,新北市新店區安祥路106巷311號3樓,羅琇文,200000,115/03/17,,,J101010 建築物清潔服務業；J101030 廢棄物清除業；J101080 資源回收業；J101090 廢棄物清理業；J101990 其他環境衛生及污染防治服務業；F106020 日常用品批發業；F107030 清潔用品批發業；I103060 管理顧問業；I199990 其他顧問服務業；I401020 廣告傳單分送業；IZ12010 人力派遣業；ZZ99999 除許可業務外，得經營法令非禁止或限制之業務,新北市,設立,11503
61246255,喜樂發彩券行,新北市新店區三民路1號115年03月,李明文,50000,115/03/17,,,IZ14020 公益彩券經銷業,新北市,設立,11503
61246261,萬興工程行,新北市新店區中興路2段43號8樓,高佳均,200000,115/03/17,,,E601020 電器安裝業；E801020 門窗安裝工程業；E801040 玻璃安裝工程業；E801070 廚具、衛浴設備安裝工程業；F206040 水器材料零售業；F211010 建材零售業；F213010 電器零售業；J101030 廢棄物清除業；ZZ99999 除許可業務外，得經營法令非禁止或限制之業務,新北市,設立,11503
61246277,鐘樓怪人企業社,新北市樹林區學成路597號,鐘梨月,200000,115/03/17,,,F203010 食品什貨、飲料零售業；F204110 布疋、衣著、鞋、帽、傘、服飾品零售業；F205040 家具、寢具、廚房器具、裝設品零售業；F206010 五金零售業；F206020 日常用品零售業；F206050 寵物食品及其用品零售業；F207030 清潔用品零售業；F209060 文教、樂器、育樂用品零售業；F213010 電器零售業；F215010 首飾及貴金屬零售業；F301010 百貨公司業；F301020 超級市場業；F399010 便利商店業；F501030 飲料店業；ZZ99999 除許可業務外，得經營法令非禁止或限制之業務,新北市,設立,11503
61246282,鳳琳農產行,新北市新店區國校路5號(1樓),詹秀鳳,1688,115/03/17,,,F201010 農產品零售業,新北市,設立,11503
61246298,沐澄商行,新北市中和區莒光路129巷1弄8號3樓,王卉嫆,230000,115/03/17,,,F102040 飲料批發業；F102170 食品什貨批發業；F106020 日常用品批發業；F108040 化粧品批發業；F203010 食品什貨、飲料零售業；F206020 日常用品零售業；F208040 化粧品零售業；F399040 無店面零售業；F401010 國際貿易業；ZZ99999 除許可業務外，得經營法令非禁止或限制之業務,新北市,設立,11503
61246305,華菁企業社,新北市中和區福祥路72號2樓,倪雯青,200000,115/03/17,,,F399010 便利商店業；ZZ99999 除許可業務外，得經營法令非禁止或限制之業務,新北市,設立,11503
61246311,銀鈴美學館,新北市板橋區四維路199號(2樓),廖苓祿,100000,115/03/17,,,JZ99080 美容美髮服務業；F208040 化粧品零售業；F204110 布疋、衣著、鞋、帽、傘、服飾品零售業,新北市,設立,11503
61246327,騰升商行,新北市中和區連城路99巷7號2樓115年03月,張譽騰,200000,115/03/17,,,F203010 食品什貨、飲料零售業；F204110 布疋、衣著、鞋、帽、傘、服飾品零售業；F205040 家具、寢具、廚房器具、裝設品零售業；F206020 日常用品零售業；F209060 文教、樂器、育樂用品零售業；F399040 無店面零售業,新北市,設立,11503
61246332,祥匯企業社,新北市汐止區新台五路1段106號18樓,蔡約瑟,200000,115/03/17,,,E801010 室內裝潢業；E801070 廚具、衛浴設備安裝工程業；EZ05010 儀器、儀表安裝工程業；E801020 門窗安裝工程業；E801030 室內輕鋼架工程業；E801040 玻璃安裝工程業；E901010 油漆工程業；EZ99990 其他工程業,新北市,設立,11503
61246348,約瑟工程行,新北市淡水區新民街152巷6弄18號4樓,蔡約瑟,200000,115/03/17,,,E801010 室內裝潢業；E801070 廚具、衛浴設備安裝工程業；EZ05010 儀器、儀表安裝工程業；E801020 門窗安裝工程業；E801030 室內輕鋼架工程業；E801040 玻璃安裝工程業；E901010 油漆工程業；EZ99990 其他工程業,新北市,設立,11503
61246353,海昕壽司商行,新北市汐止區康寧街629號,洪沛昀,10000,115/03/17,,,F501060 餐館業；ZZ99999 除許可業務外，得經營法令非禁止或限制之業務,新北市,設立,11503
61246375,鴻宸企業社,新北市板橋區大智街71巷13弄10號3樓,劉泰緯,150000,115/03/17,,,CC01010 發電﹑輸電﹑配電機械製造業；CC01070 無線通信機械器材製造業；E603010 電纜安裝工程業；E701010 電信工程業；E701020 衛星電視ＫＵ頻道、Ｃ頻道器材安裝業；E801010 室內裝潢業；F106010 五金批發業；F111090 建材批發業；F113070 電信器材批發業；F118010 資訊軟體批發業；F119010 電子材料批發業；F211010 建材零售業；F213060 電信器材零售業；I301010 資訊軟體服務業；I301020 資料處理服務業；I301030 電子資訊供應服務業；IZ12010 人力派遣業；ZZ99999 除許可業務外，得經營法令非禁止或限制之業務,新北市,設立,11503
61246380,興月商行,新北市樹林區樹新路233號(1樓),許柯翰,100000,115/03/17,,,F501030 飲料店業；F203010 食品什貨、飲料零售業；F206020 日常用品零售業；ZZ99999 除許可業務外，得經營法令非禁止或限制之業務,新北市,設立,11503
61246396,明旺百貨商行,新北市永和區中正路579號(1樓),廖寶華,100000,115/03/17,,,F204110 布疋、衣著、鞋、帽、傘、服飾品零售業；F215010 首飾及貴金屬零售業,新北市,設立,11503
61246403,三千金仁化商行,新北市板橋區仁化街42巷5弄3號(1樓),陳尚賢,200000,115/03/17,,,F203010 食品什貨、飲料零售業；ZZ99999 除許可業務外，得經營法令非禁止或限制之業務,新北市,設立,11503
61246419,金銓麵店,新北市鶯歌區中正三路199號(1樓),黃氏莊,100000,115/03/17,,,F501060 餐館業；ZZ99999 除許可業務外，得經營法令非禁止或限制之業務,新北市,設立,11503
61246425,麥麥冰品店,新北市蘆洲區復興路58號(1樓) 115年03月,麥成謙,100000,115/03/17,,,F203010 食品什貨、飲料零售業；F501030 飲料店業；ZZ99999 除許可業務外，得經營法令非禁止或限制之業務,新北市,設立,11503
61246430,鑫旻企業社,新北市蘆洲區民族路291號(1樓),蔡旻廷,30000,115/03/17,,,F501060 餐館業；ZZ99999 除許可業務外，得經營法令非禁止或限制之業務,新北市,設立,11503
61246446,崇宜工作室,新北市林口區中山路156之1號,楊崇偉,200000,115/03/17,,,F501060 餐館業；ZZ99999 除許可業務外，得經營法令非禁止或限制之業務,新北市,設立,11503
61246451,羽鎧企業社,新北市板橋區中山路1段10號11樓,王怡甯,50000,115/03/17,,,ZZ99999 除許可業務外，得經營法令非禁止或限制之業務；I103060 管理顧問業；I401010 一般廣告服務業；I301030 電子資訊供應服務業；I301020 資料處理服務業；I301010 資訊軟體服務業；F399040 無店面零售業；F206020 日常用品零售業；F203010 食品什貨、飲料零售業；F201020 畜產品零售業；F201030 水產品零售業；F201010 農產品零售業；F201990 其他農畜水產品零售業；F205040 家具、寢具、廚房器具、裝設品零售業；F204110 布疋、衣著、鞋、帽、傘、服飾品零售業；F206050 寵物食品及其用品零售業；F207030 清潔用品零售業；F208040 化粧品零售業；F209060 文教、樂器、育樂用品零售業；F215010 首飾及貴金屬零售業；F299990 其他零售業；F399990 其他綜合零售業；F401010 國際貿易業；F601010 智慧財產權業；J202010 產業育成業；J304010 圖書出版業；J305010 有聲出版業；J399010 軟體出版業；J601010 藝文服務業,新北市,設立,11503
61246467,樂營贏企業社,新北市板橋區民族路178號(1、2樓),王汝茜,200000,115/03/17,,,F209060 文教、樂器、育樂用品零售業；JE01010 租賃業；F203010 食品什貨、飲料零售業；ZZ99999 除許可業務外，得經營法令非禁止或限制之業務,新北市,設立,11503
61246473,天明工作室,新北市新店區民權路153號4樓,林天佑,240000,115/03/17,,,I301010 資訊軟體服務業；ZZ99999 除許可業務外，得經營法令非禁止或限制之業務,新北市,設立,11503
61246488,萬里美之味小吃,新北市萬里區瑪鋉路211號,許童阿月,80000,115/03/17,,,F501060 餐館業；F501990 其他餐飲業；ZZ99999 除許可業務外，得經營法令非禁止或限制之業務,新北市,設立,11503
61246494,好味雲吞撈麵店,新北市中和區興南路2段75號,俞裕華,30000,115/03/17,,,F501060 餐館業；ZZ99999 除許可業務外，得經營法令非禁止或限制之業務,新北市,設立,11503
61246500,潁川商行,新北市中和區圓通路103號(1樓) 115年03月,楊詩潁,50000,115/03/17,,,F203010 食品什貨、飲料零售業；F501060 餐館業；F501990 其他餐飲業；ZZ99999 除許可業務外，得經營法令非禁止或限制之業務,新北市,設立,11503
61246516,森源創曜商行,新北市土城區中央路2段211號13樓,吳承峯,100000,115/03/17,,,I401010 一般廣告服務業；F203010 食品什貨、飲料零售業；F399040 無店面零售業；F204110 布疋、衣著、鞋、帽、傘、服飾品零售業；F199990 其他批發業；I301010 資訊軟體服務業；I103060 管理顧問業；I199990 其他顧問服務業；F401010 國際貿易業；JZ99990 未分類其他服務業；ZZ99999 除許可業務外，得經營法令非禁止或限制之業務；J601010 藝文服務業,新北市,設立,11503
61246522,家育企業社,新北市淡水區中正東路1段21巷10弄12號4樓,莊雅筑,200000,115/03/17,,,E801010 室內裝潢業；E801020 門窗安裝工程業；E801030 室內輕鋼架工程業；F111090 建材批發業；E901010 油漆工程業；ZZ99999 除許可業務外，得經營法令非禁止或限制之業務,新北市,設立,11503
61246537,金居生活館,新北市新莊區中正路352號,蔡佩燕,200000,115/03/17,,,F203010 食品什貨、飲料零售業；F209060 文教、樂器、育樂用品零售業；JE01010 租賃業；ZZ99999 除許可業務外，得經營法令非禁止或限制之業務,新北市,設立,11503
61246543,品蓉生活管理企業社,新北市泰山區義東街10號10樓,謝佳凝,200000,115/03/17,,,JZ99990 未分類其他服務業；IZ99990 其他工商服務業；F399040 無店面零售業；F401010 國際貿易業；J101010 建築物清潔服務業；JZ99180 寵物美容服務業；ZZ99999 除許可業務外，得經營法令非禁止或限制之業務,新北市,設立,11503
61246558,珍享受工作室,新北市三重區中正北路15號4樓115年03月,辜珍妮,200000,115/03/18,,,I301010 資訊軟體服務業；I301020 資料處理服務業；I301030 電子資訊供應服務業；I199990 其他顧問服務業；I401010 一般廣告服務業；F601010 智慧財產權業；J601010 藝文服務業；J602010 演藝活動業；ZZ99999 除許可業務外，得經營法令非禁止或限制之業務,新北市,設立,11503
61246564,泓榮企業社,新北市汐止區弘道街53巷2號,周冠宇,200000,115/03/18,,,E603130 燃氣熱水器承裝業；F113020 電器批發業；F213010 電器零售業；E601010 電器承裝業；E601020 電器安裝業；E599010 配管工程業；E801040 玻璃安裝工程業；E603090 照明設備安裝工程業；E801070 廚具、衛浴設備安裝工程業；JA02010 電器及電子產品修理業；E801010 室內裝潢業；F105050 家具、寢具、廚房器具、裝設品批發業；F205040 家具、寢具、廚房器具、裝設品零售業；F207030 清潔用品零售業；IZ12010 人力派遣業；F401010 國際貿易業；ZZ99999 除許可業務外，得經營法令非禁止或限制之業務,新北市,設立,11503
61246570,禾富行銷企業社,新北市中和區中原二街28號18樓115年03月,吳析廩,200000,115/03/18,,,F401010 國際貿易業；EZ14010 運動場地用設備工程業；F213010 電器零售業；F219010 電子材料零售業；F213030 電腦及事務性機器設備零售業；J802010 運動訓練業；J803020 運動比賽業；EZ11010 球場跑道樹脂材料鋪設工程業；F109070 文教、樂器、育樂用品批發業；F209060 文教、樂器、育樂用品零售業；F204110 布疋、衣著、鞋、帽、傘、服飾品零售業；F205040 家具、寢具、廚房器具、裝設品零售業；F299990 其他零售業；C306010 成衣業；F214010 汽車零售業；F214020 機車零售業；F214030 汽、機車零件配備零售業；I301010 資訊軟體服務業；I301020 資料處理服務業；I301030 電子資訊供應服務業；F113020 電器批發業；F114010 汽車批發業；F114020 機車批發業；F114030 汽、機車零件配備批發業；F399040 無店面零售業；F399990 其他綜合零售業；H201010 一般投資業；HZ99990 其他金融、保險及不動產業；I401010 一般廣告服務業；IZ99990 其他工商服務業；JZ99990 未分類其他服務業；ZZ99999 除許可業務外，得經營法令非禁止或限制之業務,新北市,設立,11503
61246585,東瑜傢俱行,新北市土城區裕民路67巷4弄8號3樓,黃怡鳴,200000,115/03/18,,,F105050 家具、寢具、廚房器具、裝設品批發業；F111090 建材批發業；F205040 家具、寢具、廚房器具、裝設品零售業；F211010 建材零售業；CN01010 家具及裝設品製造業；ZZ99999 除許可業務外，得經營法令非禁止或限制之業務,新北市,設立,11503
61246591,遨鎢餐館,新北市中和區福祥路65號,劉哲宏,200000,115/03/18,,,F501060 餐館業；F203010 食品什貨、飲料零售業；F399040 無店面零售業；ZZ99999 除許可業務外，得經營法令非禁止或限制之業務,新北市,設立,11503
61246608,格林寶盒工作室,新北市中和區興南路1段105巷2號,于仁凌,100000,115/03/18,,,F501060 餐館業,新北市,設立,11503
61246614,逸匠企業社,新北市新店區德正街27巷29弄30號2樓,林逸展,200000,115/03/18,,,E599010 配管工程業；E601010 電器承裝業；E601020 電器安裝業；E603090 照明設備安裝工程業；E801010 室內裝潢業；E801020 門窗安裝工程業；E801030 室內輕鋼架工程業；E801040 玻璃安裝工程業；E801070 廚具、衛浴設備安裝工程業；E901010 油漆工程業；E903010 防蝕、防銹工程業；E603040 消防安全設備安裝工程業；EZ99990 其他工程業；F111090 建材批發業；F211010 建材零售業；F401010 國際貿易業；I501010 產品設計業；IZ12010 人力派遣業；ZZ99999 除許可業務外，得經營法令非禁止或限制之業務,新北市,設立,11503
61246620,羊泥工坊,新北市鶯歌區中山路329巷45號5樓,楊子萱,50000,115/03/18,,,I501010 產品設計業；F106050 陶瓷玻璃器皿批發業；F399040 無店面零售業；C901010 陶瓷及陶瓷製品製造業；F206020 日常用品零售業；CN01010 家具及裝設品製造業；F205040 家具、寢具、廚房器具、裝設品零售業；F501060 餐館業,新北市,設立,11503
61246635,辰沐數位企業社,新北市板橋區三民路2段33號14樓,許彥綸,200000,115/03/18,,,I401010 一般廣告服務業；I301060 網路廣告平臺業；I301030 電子資訊供應服務業；F399040 無店面零售業；F199990 其他批發業；F299990 其他零售業；ZZ99999 除許可業務外，得經營法令非禁止或限制之業務,新北市,設立,11503
61246641,鄭鑫小吃部,新北市板橋區中山路2段505巷7號(1樓) 115年03月,鄭淵仁,180000,115/03/18,,,F501060 餐館業,新北市,設立,11503
61246656,皓升工程行,新北市板橋區翠華街6巷23號,黃皓澤,200000,115/03/18,,,EZ15010 保溫、保冷安裝工程業；E599010 配管工程業；E601020 電器安裝業；E603010 電纜安裝工程業；E603040 消防安全設備安裝工程業；E603050 自動控制設備工程業；E603090 照明設備安裝工程業；E604010 機械安裝業；E605010 電腦設備安裝業；E801010 室內裝潢業；E901010 油漆工程業；EZ07010 鑽孔工程業；EZ99990 其他工程業；F106010 五金批發業；F111090 建材批發業；F206010 五金零售業；F211010 建材零售業；F399040 無店面零售業；F401010 國際貿易業；J101010 建築物清潔服務業；J101030 廢棄物清除業；J101040 廢棄物處理業；I503010 景觀設計業；IZ12010 人力派遣業；IZ99990 其他工商服務業；F107010 漆料、塗料批發業；F107990 其他化學製品批發業；F120010 耐火材料批發業；F220010 耐火材料零售業；C901050 水泥及混凝土製品製造業；ZZ99999 除許可業務外，得經營法令非禁止或限制之業務,新北市,設立,11503
61246662,捷飛整合科技工作室,新北市三芝區淺水灣街14之3號4樓,徐烽原,200000,115/03/18,,,F213110 電池零售業；F399040 無店面零售業；F213010 電器零售業；ZZ99999 除許可業務外，得經營法令非禁止或限制之業務,新北市,設立,11503
61246678,貓師傅企業社,新北市五股區成泰路3段95號(1樓),楊春竹,100000,115/03/18,,,JZ99080 美容美髮服務業；F208040 化粧品零售業,新北市,設立,11503
61246683,福順吉冰品甜品坊,新北市板橋區文化路1段311之24號(1樓) 115年03月,江翊弘,50000,115/03/18,,,F501990 其他餐飲業；F501030 飲料店業,新北市,設立,11503
61246699,創旭水電工程行,新北市三重區河邊北街62巷3號(1樓),李添誠,100000,115/03/18,,,F106010 五金批發業；F106040 水器材料批發業；F106050 陶瓷玻璃器皿批發業；F111090 建材批發業；F113020 電器批發業；F113070 電信器材批發業；F119010 電子材料批發業；F120010 耐火材料批發業；F206010 五金零售業；F206040 水器材料零售業；F211010 建材零售業；F213010 電器零售業；F213060 電信器材零售業；F219010 電子材料零售業；F220010 耐火材料零售業；E599010 配管工程業；E601010 電器承裝業；E601020 電器安裝業；E603090 照明設備安裝工程業；E801010 室內裝潢業；E801030 室內輕鋼架工程業；E801070 廚具、衛浴設備安裝工程業；E901010 油漆工程業；E903010 防蝕、防銹工程業；JA02010 電器及電子產品修理業；ZZ99999 除許可業務外，得經營法令非禁止或限制之業務,新北市,設立,11503
61246706,蔣媽豆花,新北市樹林區龍興街15號(1樓),沈宗正,40000,115/03/18,,,F203010 食品什貨、飲料零售業,新北市,設立,11503
61246712,逸瑄國際企業社,新北市淡水區民族路29巷50號115年03月,陳力瑄,100000,115/03/18,,,F204110 布疋、衣著、鞋、帽、傘、服飾品零售業；F399040 無店面零售業；ZZ99999 除許可業務外，得經營法令非禁止或限制之業務,新北市,設立,11503
61246728,鋼鼎工程行,新北市樹林區啓智街151巷16號,石忠修,200000,115/03/18,,,E901010 油漆工程業；E903010 防蝕、防銹工程業；E801010 室內裝潢業；F207010 漆料、塗料零售業；E601020 電器安裝業；E801020 門窗安裝工程業；E801030 室內輕鋼架工程業；E801040 玻璃安裝工程業；E801070 廚具、衛浴設備安裝工程業；EZ99990 其他工程業；F206010 五金零售業；F207030 清潔用品零售業；F206040 水器材料零售業；F205040 家具、寢具、廚房器具、裝設品零售業；F213010 電器零售業；F401010 國際貿易業；F399040 無店面零售業；I401010 一般廣告服務業；I501010 產品設計業；I503010 景觀設計業；J101010 建築物清潔服務業；J101030 廢棄物清除業；ZZ99999 除許可業務外，得經營法令非禁止或限制之業務,新北市,設立,11503
61246733,美源妍造館,新北市新莊區後港一路96號3樓,李娜藍,100000,115/03/18,,,F204110 布疋、衣著、鞋、帽、傘、服飾品零售業；F208040 化粧品零售業；F215010 首飾及貴金屬零售業；F399040 無店面零售業；ZZ99999 除許可業務外，得經營法令非禁止或限制之業務,新北市,設立,11503
61246749,翠福手作包子饅頭店,新北市永和區成功路2段103號,鄧翠玹,200000,115/03/18,,,F203010 食品什貨、飲料零售業,新北市,設立,11503
61246754,綠洲家居企業社,新北市新莊區新泰路421號地下一層之7 115年03月,李姿儀,200000,115/03/18,,,F104110 布疋、衣著、鞋、帽、傘、服飾品批發業；F105050 家具、寢具、廚房器具、裝設品批發業；F106020 日常用品批發業；F111090 建材批發業；F204110 布疋、衣著、鞋、帽、傘、服飾品零售業；F205040 家具、寢具、廚房器具、裝設品零售業；F206020 日常用品零售業；F211010 建材零售業；F299990 其他零售業；F399040 無店面零售業；F399990 其他綜合零售業；F401010 國際貿易業；ZZ99999 除許可業務外，得經營法令非禁止或限制之業務,新北市,設立,11503
61246760,曜舜工程行,新北市板橋區忠孝路忠義巷19弄23號(3樓),鍾昆樺,200000,115/03/18,,,E801010 室內裝潢業；F106010 五金批發業；F111090 建材批發業；F211010 建材零售業；F206010 五金零售業；F205040 家具、寢具、廚房器具、裝設品零售業；F206020 日常用品零售業；F401010 國際貿易業；ZZ99999 除許可業務外，得經營法令非禁止或限制之業務,新北市,設立,11503
61246776,搓搓館,新北市泰山區明志路2段242號,鄧采蓁,50000,115/03/18,,,J799990 其他休閒服務業；F203010 食品什貨、飲料零售業；F501030 飲料店業；F209060 文教、樂器、育樂用品零售業；ZZ99999 除許可業務外，得經營法令非禁止或限制之業務,新北市,設立,11503
61246781,光嵐工作室,新北市中和區興南路2段142巷10之2號,謝乙彤,100000,115/03/18,,,JZ99080 美容美髮服務業；ZZ99999 除許可業務外，得經營法令非禁止或限制之業務,新北市,設立,11503
61246797,詠晴磁磚工程行,新北市淡水區水源街1段62巷10號4樓,許嘉峰,220000,115/03/18,,,F111090 建材批發業；F211010 建材零售業；F105050 家具、寢具、廚房器具、裝設品批發業；F205040 家具、寢具、廚房器具、裝設品零售業；F401010 國際貿易業；E801010 室內裝潢業；E801070 廚具、衛浴設備安裝工程業；E901010 油漆工程業；EZ99990 其他工程業；E801040 玻璃安裝工程業；ZZ99999 除許可業務外，得經營法令非禁止或限制之業務,新北市,設立,11503
61246804,宏曜行,新北市林口區中正路129號4樓115年03月,鄭至成,200000,115/03/18,,,F107020 染料、顏料批發業；F107170 工業助劑批發業；F107990 其他化學製品批發業；F108040 化粧品批發業；F113010 機械批發業；F113020 電器批發業；F119010 電子材料批發業；F207020 染料、顏料零售業；F207170 工業助劑零售業；F207990 其他化學製品零售業；F208040 化粧品零售業；F213010 電器零售業；F213080 機械器具零售業；F219010 電子材料零售業；F401010 國際貿易業；C802100 化粧品製造業；ZZ99999 除許可業務外，得經營法令非禁止或限制之業務,新北市,設立,11503
61246810,琳食工坊,新北市鶯歌區文化路256巷13弄6號,王澄心,50000,115/03/18,,,C104010 糖果製造業；C104020 烘焙炊蒸食品製造業；C110010 飲料製造業；C199010 麵條、粉條類食品製造業；C199990 未分類其他食品製造業；F102170 食品什貨批發業；F203010 食品什貨、飲料零售業；I101090 食品顧問業；I504010 花藝設計業；I501010 產品設計業,新北市,設立,11503
61246826,享拾商行,新北市中和區中山路3段107號(1樓),王韋翔,200000,115/03/18,,,F501030 飲料店業；ZZ99999 除許可業務外，得經營法令非禁止或限制之業務,新北市,設立,11503
61246831,采妍時尚沙龍美學美容工作室,新北市板橋區新海路370號115年03月,江庭瑋,50000,115/03/18,,,JZ99080 美容美髮服務業,新北市,設立,11503
61246847,聚星慧實業,新北市淡水區濱海路3段148巷15號3樓,鄭麗麗,240000,115/03/18,,,F401010 國際貿易業；F213010 電器零售業；F208040 化粧品零售業；F108040 化粧品批發業；F106020 日常用品批發業；F206020 日常用品零售業；F102170 食品什貨批發業；F206010 五金零售業；F106010 五金批發業；F299990 其他零售業；F102050 茶葉批發業；F203040 雪茄零售業；F204110 布疋、衣著、鞋、帽、傘、服飾品零售業；F104110 布疋、衣著、鞋、帽、傘、服飾品批發業；F105050 家具、寢具、廚房器具、裝設品批發業；F205040 家具、寢具、廚房器具、裝設品零售業；F209060 文教、樂器、育樂用品零售業；F109070 文教、樂器、育樂用品批發業；F215010 首飾及貴金屬零售業；F115010 首飾及貴金屬批發業；F207030 清潔用品零售業；F107030 清潔用品批發業；F199990 其他批發業；F203010 食品什貨、飲料零售業；F201990 其他農畜水產品零售業；F101990 其他農、畜、水產品批發業；F213030 電腦及事務性機器設備零售業；H204010 私募股權投資業；HZ99990 其他金融、保險及不動產業；F113020 電器批發業；F113030 精密儀器批發業；F118010 資訊軟體批發業；F210020 眼鏡零售業；F213040 精密儀器零售業；F213060 電信器材零售業；F213100 污染防治設備零售業；F214040 自行車及其零件零售業；F206060 祭祀用品零售業；ZZ99999 除許可業務外，得經營法令非禁止或限制之業務,新北市,設立,11503
61246852,石虎工程行,新北市三重區仁賢街20號5樓115年03月,何朝慶,200000,115/03/18,,,F113010 機械批發業；F213080 機械器具零售業；J101010 建築物清潔服務業；J101030 廢棄物清除業；J101040 廢棄物處理業；J101090 廢棄物清理業；J101110 營建剩餘土石方資源處理業；J101990 其他環境衛生及污染防治服務業；JE01010 租賃業；ZZ99999 除許可業務外，得經營法令非禁止或限制之業務；EZ02010 起重工程業；EZ99990 其他工程業,新北市,設立,11503
61246868,韓翊企業社,新北市土城區延和路18巷3號,楊芷榆,200000,115/03/18,,,JZ99080 美容美髮服務業；F208040 化粧品零售業；ZZ99999 除許可業務外，得經營法令非禁止或限制之業務,新北市,設立,11503
61246874,永勝外牆工程行,新北市新店區寶興路45巷2弄20號8樓,陳威廸,200000,115/03/18,,,E599010 配管工程業；E601020 電器安裝業；E603040 消防安全設備安裝工程業；E603050 自動控制設備工程業；E603090 照明設備安裝工程業；E603100 電焊工程業；E801010 室內裝潢業；E801020 門窗安裝工程業；E801030 室內輕鋼架工程業；E801040 玻璃安裝工程業；E901010 油漆工程業；E903010 防蝕、防銹工程業；EZ02010 起重工程業；EZ99990 其他工程業；J101010 建築物清潔服務業；J101090 廢棄物清理業；ZZ99999 除許可業務外，得經營法令非禁止或限制之業務,新北市,設立,11503
61246889,阿英鴨肉麵,新北市五股區四維路91號,陳垂玲,240000,115/03/18,,,F501060 餐館業；F501030 飲料店業；F203010 食品什貨、飲料零售業；F399040 無店面零售業,新北市,設立,11503
61246895,民來商號,新北市土城區永寧路57號4樓115年03月,藍文鈺,240000,115/03/18,,,F501990 其他餐飲業；F203010 食品什貨、飲料零售業；F501030 飲料店業；ZZ99999 除許可業務外，得經營法令非禁止或限制之業務,新北市,設立,11503
61246902,金振昌企業社,新北市中和區華新街143巷61號,黃詠笙,200000,115/03/18,,,E599010 配管工程業；E601010 電器承裝業；E601020 電器安裝業；E603010 電纜安裝工程業；E603090 照明設備安裝工程業；F206010 五金零售業；F206020 日常用品零售業；F213010 電器零售業；F204110 布疋、衣著、鞋、帽、傘、服飾品零售業；F211010 建材零售業；F207190 塑膠膜、袋零售業；F205040 家具、寢具、廚房器具、裝設品零售業；F214010 汽車零售業；F214020 機車零售業；F207010 漆料、塗料零售業；F208050 乙類成藥零售業；F106040 水器材料批發業；E603020 電梯安裝工程業；E603040 消防安全設備安裝工程業；E603050 自動控制設備工程業；E603080 交通號誌安裝工程業；E801010 室內裝潢業；E801020 門窗安裝工程業；E801030 室內輕鋼架工程業；E801040 玻璃安裝工程業；E801070 廚具、衛浴設備安裝工程業；E901010 油漆工程業；E903010 防蝕、防銹工程業；EZ02010 起重工程業；EZ06010 交通標示工程業；EZ07010 鑽孔工程業；EZ09010 靜電防護及消除工程業；EZ11010 球場跑道樹脂材料鋪設工程業；EZ14010 運動場地用設備工程業；EZ15010 保溫、保冷安裝工程業；F113010 機械批發業；F107030 清潔用品批發業；J101010 建築物清潔服務業；F207030 清潔用品零售業；J101030 廢棄物清除業；J101090 廢棄物清理業；J101040 廢棄物處理業；J503010 廣播節目製作業（原:J503011廣播節目製作業）；A102080 園藝服務業；IZ12010 人力派遣業,新北市,設立,11503
61246918,柒佳餐坊,新北市蘆洲區長安街172巷16號115年03月,賴佳其,80000,115/03/18,,,F203010 食品什貨、飲料零售業；F501990 其他餐飲業；ZZ99999 除許可業務外，得經營法令非禁止或限制之業務,新北市,設立,11503
61246924,極瑞汽車材料行,新北市新莊區民安路152號3樓,鄭瑞璽,200000,115/03/18,,,F214030 汽、機車零件配備零售業；F206010 五金零售業；F207030 清潔用品零售業；F206030 模具零售業；F399040 無店面零售業；F401010 國際貿易業,新北市,設立,11503
61246939,卡卡車庫商行,新北市汐止區國興街30巷16號17樓,車安潔,100000,115/03/18,,,F106020 日常用品批發業；F109070 文教、樂器、育樂用品批發業；F199990 其他批發業；F206020 日常用品零售業；F209060 文教、樂器、育樂用品零售業；F299990 其他零售業；F399040 無店面零售業；F401010 國際貿易業；ZZ99999 除許可業務外，得經營法令非禁止或限制之業務,新北市,設立,11503
61246945,禾沐堂健康企業社,新北市樹林區保安街2段301號9樓,林秀容,200000,115/03/18,,,F102170 食品什貨批發業；F106020 日常用品批發業；F107030 清潔用品批發業；F108040 化粧品批發業；F203010 食品什貨、飲料零售業；F206020 日常用品零售業；F207030 清潔用品零售業；F208040 化粧品零售業；I103060 管理顧問業；JZ99080 美容美髮服務業；ZZ99999 除許可業務外，得經營法令非禁止或限制之業務,新北市,設立,11503
61246950,力次方訓練工作室,新北市泰山區民生路8號,謝政宏,100000,115/03/18,,,J802010 運動訓練業；J803020 運動比賽業；J803010 運動表演業；I199990 其他顧問服務業；F209060 文教、樂器、育樂用品零售業；JZ99990 未分類其他服務業,新北市,設立,11503
61246966,宸龍餐飲企業社,新北市三重區力行路1段60號,徐子棋,200000,115/03/18,,,F501060 餐館業,新北市,設立,11503
61246972,醇鉦企業社,新北市永和區文化路6號,陳佳慧,200000,115/03/18,,,F501990 其他餐飲業；F501060 餐館業；F203010 食品什貨、飲料零售業；F501030 飲料店業；F399990 其他綜合零售業；F399040 無店面零售業；F208050 乙類成藥零售業；F399010 便利商店業；ZZ99999 除許可業務外，得經營法令非禁止或限制之業務,新北市,設立,11503
61246987,伊朵美學企業社,新北市三重區中央南路95巷8號,周亞思,100000,115/03/19,,,JZ99080 美容美髮服務業；JZ99990 未分類其他服務業；F208040 化粧品零售業；F399040 無店面零售業；ZZ99999 除許可業務外，得經營法令非禁止或限制之業務,新北市,設立,11503
61246993,淨日洗衣坊,新北市中和區景平路139號115年03月,邱鈺翔,50000,115/03/19,,,JA03010 洗衣業,新北市,設立,11503
61247000,金閣苑會館,新北市板橋區長江路1段96號,黃婕語,240000,115/03/19,,,F206060 祭祀用品零售業；F401010 國際貿易業；H703100 不動產租賃業；ZZ99999 除許可業務外，得經營法令非禁止或限制之業務,新北市,設立,11503
61247016,芳華工作室,新北市新店區黎明路61巷4號(1樓),劉振華,100000,115/03/19,,,J399990 其他出版業；J305010 有聲出版業；J304010 圖書出版業；J601010 藝文服務業；J602010 演藝活動業；J604010 聲音錄製及音樂發行業；JZ99990 未分類其他服務業；F399040 無店面零售業；F601010 智慧財產權業,新北市,設立,11503
61247022,泓元企業社,新北市蘆洲區復興路140號4樓,潘泓學,100000,115/03/19,,,E601010 電器承裝業；E601020 電器安裝業；E599010 配管工程業；F113020 電器批發業；F106010 五金批發業；ZZ99999 除許可業務外，得經營法令非禁止或限制之業務,新北市,設立,11503
61247037,昊匠工程行,新北市樹林區潭興街17號6樓,黃政陽,200000,115/03/19,,,E901010 油漆工程業；E903010 防蝕、防銹工程業；E603120 噴砂工程業；E801010 室內裝潢業；EZ99990 其他工程業；IZ12010 人力派遣業；ZZ99999 除許可業務外，得經營法令非禁止或限制之業務,新北市,設立,11503
61247043,車干貿易商行,新北市板橋區板新路101號4樓,劉尚軒,200000,115/03/19,,,F399040 無店面零售業；IZ06010 理貨包裝業；F401010 國際貿易業；F205040 家具、寢具、廚房器具、裝設品零售業；F206020 日常用品零售業；F208040 化粧品零售業；F209060 文教、樂器、育樂用品零售業；G799990 其他運輸輔助業；G801010 倉儲業；F199990 其他批發業；F106010 五金批發業；F106020 日常用品批發業；ZZ99999 除許可業務外，得經營法令非禁止或限制之業務,新北市,設立,11503
61247058,米娜禾商行,新北市深坑區松柏街41號3樓,林姿婷,200000,115/03/19,,,F399040 無店面零售業；F204110 布疋、衣著、鞋、帽、傘、服飾品零售業；ZZ99999 除許可業務外，得經營法令非禁止或限制之業務,新北市,設立,11503
61247064,甯室工作室,新北市蘆洲區民權路38巷5號12樓之1 115年03月,歐芷甯,200000,115/03/19,,,I199990 其他顧問服務業；I301010 資訊軟體服務業；I401010 一般廣告服務業；IZ99990 其他工商服務業；J602010 演藝活動業；J304010 圖書出版業；ZZ99999 除許可業務外，得經營法令非禁止或限制之業務,新北市,設立,11503
61247070,好喔寵物美容,新北市新莊區民安路207巷32弄1號,黃皓慈,150000,115/03/19,,,JZ99180 寵物美容服務業；F206050 寵物食品及其用品零售業；F399040 無店面零售業；F399990 其他綜合零售業；JZ99990 未分類其他服務業,新北市,設立,11503
61247091,家奕小吃店,新北市淡水區淡海路184巷7之1號,劉奕安,10000,115/03/19,,,F203010 食品什貨、飲料零售業,新北市,設立,11503
61247108,四川商行,新北市板橋區四川路1段316號,陳加偉,100000,115/03/19,,,F201010 農產品零售業；F201990 其他農畜水產品零售業；F203010 食品什貨、飲料零售業；F203020 菸酒零售業；ZZ99999 除許可業務外，得經營法令非禁止或限制之業務,新北市,設立,11503
61247114,田日師商行,新北市板橋區自由路51巷11號,董佳緯,100000,115/03/19,,,F501060 餐館業,新北市,設立,11503
61247120,北大烏龍麵小吃店,新北市樹林區大雅路270號(1樓),林武毅,100000,115/03/19,,,F501060 餐館業；ZZ99999 除許可業務外，得經營法令非禁止或限制之業務,新北市,設立,11503
61247135,薇薇樂園選物販賣,新北市三重區力行路2段140號,陳家鉦,50000,115/03/19,,,F209060 文教、樂器、育樂用品零售業；F203010 食品什貨、飲料零售業；F204110 布疋、衣著、鞋、帽、傘、服飾品零售業,新北市,設立,11503
61247141,甜屋商行,新北市中和區新生街3號2樓,林美君,100000,115/03/19,,,F203010 食品什貨、飲料零售業；F399040 無店面零售業；ZZ99999 除許可業務外，得經營法令非禁止或限制之業務,新北市,設立,11503
61247156,貳伍零零俬室商行,新北市三重區重新路1段84號(2樓) 115年03月,張家棟,80000,115/03/19,,,F208040 化粧品零售業；F399040 無店面零售業；I103060 管理顧問業；I401010 一般廣告服務業；J503020 電視節目製作業（原:J503021電視節目製作業）；J602010 演藝活動業；I199990 其他顧問服務業；F401010 國際貿易業；F206020 日常用品零售業；F106020 日常用品批發業；ZZ99999 除許可業務外，得經營法令非禁止或限制之業務,新北市,設立,11503
61247162,宜祥工程行,新北市樹林區潭興街31號(1樓),柯秀珠,200000,115/03/19,,,E502010 燃料導管安裝工程業；E599010 配管工程業；E601020 電器安裝業；E603010 電纜安裝工程業；E603040 消防安全設備安裝工程業；E603090 照明設備安裝工程業；E603120 噴砂工程業；E607010 太陽熱能設備安裝工程業；E701010 電信工程業；E701040 簡易電信設備安裝業；E801020 門窗安裝工程業；E801030 室內輕鋼架工程業；E801040 玻璃安裝工程業；E801070 廚具、衛浴設備安裝工程業；E901010 油漆工程業；E903010 防蝕、防銹工程業；EZ99990 其他工程業；EZ06010 交通標示工程業；EZ14010 運動場地用設備工程業；F106010 五金批發業；F111090 建材批發業；F211010 建材零售業；F206010 五金零售業；ZZ99999 除許可業務外，得經營法令非禁止或限制之業務；E801010 室內裝潢業；EZ02010 起重工程業；F106040 水器材料批發業；F107010 漆料、塗料批發業；F120010 耐火材料批發業；F119010 電子材料批發業；J101010 建築物清潔服務業；J101030 廢棄物清除業；G801010 倉儲業；I503010 景觀設計業；F401010 國際貿易業；EZ11010 球場跑道樹脂材料鋪設工程業,新北市,設立,11503
61247178,億和資訊工作室,新北市永和區安樂路100巷8號,林家和,200000,115/03/19,,,F213030 電腦及事務性機器設備零售業；F218010 資訊軟體零售業；I301020 資料處理服務業；I301010 資訊軟體服務業；I301030 電子資訊供應服務業；ZZ99999 除許可業務外，得經營法令非禁止或限制之業務,新北市,設立,11503
61247183,風合美好商行,新北市泰山區新民路14巷2弄4號,蔡孟延,1000,115/03/19,,,F199990 其他批發業；F299990 其他零售業；F399040 無店面零售業；I401010 一般廣告服務業；ZZ99999 除許可業務外，得經營法令非禁止或限制之業務,新北市,設立,11503
61247199,倍果商行,新北市板橋區互助街10號115年03月,廖薏雅,200000,115/03/19,,,F501060 餐館業；F399040 無店面零售業,新北市,設立,11503
61247206,星聖清潔社,新北市汐止區長江街85號4樓,白玄聖,100000,115/03/19,,,J101010 建築物清潔服務業；J101030 廢棄物清除業；J101090 廢棄物清理業；J101990 其他環境衛生及污染防治服務業；ZZ99999 除許可業務外，得經營法令非禁止或限制之業務,新北市,設立,11503
61247212,沐霖冷氣工程行,新北市新莊區新知三路61號3樓,許江銘,200000,115/03/19,,,E599010 配管工程業；E601010 電器承裝業；E601020 電器安裝業；E603040 消防安全設備安裝工程業；E603050 自動控制設備工程業；EZ15010 保溫、保冷安裝工程業；F106010 五金批發業；F106040 水器材料批發業；F113020 電器批發業；F117010 消防安全設備批發業；F119010 電子材料批發業；F206010 五金零售業；F206040 水器材料零售業；F213010 電器零售業；F219010 電子材料零售業；F399040 無店面零售業；J101030 廢棄物清除業；JA02010 電器及電子產品修理業；JE01010 租賃業；ZZ99999 除許可業務外，得經營法令非禁止或限制之業務,新北市,設立,11503
61247228,衣世代企業社,新北市三重區仁義街170號6樓,王天行,200000,115/03/19,,,F204110 布疋、衣著、鞋、帽、傘、服飾品零售業,新北市,設立,11503
61247233,御風空調實業社,新北市八里區忠四街49號,林柏勳,240000,115/03/19,,,E599010 配管工程業；E601020 電器安裝業；E603040 消防安全設備安裝工程業；E603050 自動控制設備工程業；E801010 室內裝潢業；EZ15010 保溫、保冷安裝工程業；E601010 電器承裝業；F113020 電器批發業；F217010 消防安全設備零售業；CC01010 發電﹑輸電﹑配電機械製造業；F111090 建材批發業；F106010 五金批發業；F106040 水器材料批發業；F213010 電器零售業；JA02010 電器及電子產品修理業；CC01030 電器及視聽電子產品製造業；ZZ99999 除許可業務外，得經營法令非禁止或限制之業務,新北市,設立,11503
61247249,清誠早安早餐店,新北市樹林區文化街53號(1樓),洪偉誠,100000,115/03/24,,,F501060 餐館業,新北市,設立,11503
61247254,咪咪小弟選物販賣,新北市三重區自強路5段11號(1樓),林柏辰,30000,115/03/19,,,F209060 文教、樂器、育樂用品零售業,新北市,設立,11503
61247260,駿禾便當店,新北市永和區中正路90號115年03月,蔣定國,100000,115/03/19,,,F501060 餐館業；ZZ99999 除許可業務外，得經營法令非禁止或限制之業務,新北市,設立,11503
61247276,茂菻水電工程行,新北市中和區新生街226號2樓,黃國輝,200000,115/03/19,,,E599010 配管工程業；E601010 電器承裝業；E601020 電器安裝業；E603040 消防安全設備安裝工程業；E603090 照明設備安裝工程業；E603100 電焊工程業；E603110 冷作工程業；E603120 噴砂工程業；E801010 室內裝潢業；E801020 門窗安裝工程業；E801030 室內輕鋼架工程業；E801040 玻璃安裝工程業；E801070 廚具、衛浴設備安裝工程業；E901010 油漆工程業；E903010 防蝕、防銹工程業；EZ15010 保溫、保冷安裝工程業；EZ99990 其他工程業；F105050 家具、寢具、廚房器具、裝設品批發業；F205040 家具、寢具、廚房器具、裝設品零售業；F111090 建材批發業；F211010 建材零售業；F106010 五金批發業；F206010 五金零售業；F206040 水器材料零售業；F401010 國際貿易業；F399040 無店面零售業；IZ12010 人力派遣業；J101010 建築物清潔服務業；ZZ99999 除許可業務外，得經營法令非禁止或限制之業務,新北市,設立,11503
61247281,湘芸牛肉麵店,新北市蘆洲區中山二路300巷1號,黃湘芸,200000,115/03/19,,,F501060 餐館業；F203010 食品什貨、飲料零售業；F399040 無店面零售業；ZZ99999 除許可業務外，得經營法令非禁止或限制之業務,新北市,設立,11503
61247297,法雅應用空間室內裝修工作室,新北市中和區華福街84巷6號4樓115年03月,莊子黎,200000,115/03/19,,,E801060 室內裝修業（註：名稱應標明「室內裝修」字樣）；E801010 室內裝潢業；E801020 門窗安裝工程業；E801030 室內輕鋼架工程業；E801040 玻璃安裝工程業；E801070 廚具、衛浴設備安裝工程業；E901010 油漆工程業；I503010 景觀設計業；I599990 其他設計業；IZ12010 人力派遣業；F205040 家具、寢具、廚房器具、裝設品零售業；F399040 無店面零售業；F401010 國際貿易業；ZZ99999 除許可業務外，得經營法令非禁止或限制之業務,新北市,設立,11503
61247304,台成企業社,新北市三峽區嘉添里白雞36之2號,廖淑雪,245000,115/03/19,,,CA02030 螺絲、螺帽、螺絲釘、及鉚釘等製品製造業；CA02060 金屬容器製造業；CA02990 其他金屬製品製造業；C901990 其他非金屬礦物製品製造業；CA01990 其他非鐵金屬基本工業；CA02010 金屬結構及建築組件製造業；CA02090 金屬線製品製造業；F199990 其他批發業；F106010 五金批發業；F113990 其他機械器具批發業；F206010 五金零售業；F206030 模具零售業；F213080 機械器具零售業；F213990 其他機械器具零售業；F299990 其他零售業；F401010 國際貿易業；F399040 無店面零售業；ZZ99999 除許可業務外，得經營法令非禁止或限制之業務,新北市,設立,11503
61247310,欣裔企業社,新北市林口區中山路29巷14號5樓,馮麗珊,200000,115/03/19,,,F106020 日常用品批發業；IZ12010 人力派遣業；F102170 食品什貨批發業；F106010 五金批發業；F401010 國際貿易業；ZZ99999 除許可業務外，得經營法令非禁止或限制之業務,新北市,設立,11503
61247326,瑋翔工程行,新北市汐止區中興路236號4樓,林添榮,200000,115/03/19,,,EZ99990 其他工程業；EZ07010 鑽孔工程業；E801020 門窗安裝工程業；E801010 室內裝潢業；E903010 防蝕、防銹工程業；J101030 廢棄物清除業；J101040 廢棄物處理業；ZZ99999 除許可業務外，得經營法令非禁止或限制之業務,新北市,設立,11503
61247331,嘟嘟豆野酵工作室,新北市三峽區白雞44之4號,鄭惟文,200000,115/03/19,,,F501060 餐館業,新北市,設立,11503
61247347,富丞工程行,新北市土城區青雲路411巷12弄7號2樓115年03月,羅翊菖,200000,115/03/19,,,E801010 室內裝潢業；E901010 油漆工程業；E801020 門窗安裝工程業；E801070 廚具、衛浴設備安裝工程業；ZZ99999 除許可業務外，得經營法令非禁止或限制之業務,新北市,設立,11503
61247352,得藝木作工程行,新北市土城區中央路1段249巷10弄7號3樓,簡素絹,200000,115/03/19,,,E599010 配管工程業；E601020 電器安裝業；E801010 室內裝潢業；E801020 門窗安裝工程業；E801030 室內輕鋼架工程業；E801040 玻璃安裝工程業；E801070 廚具、衛浴設備安裝工程業；E901010 油漆工程業；E903010 防蝕、防銹工程業；EZ02010 起重工程業；EZ07010 鑽孔工程業；F105050 家具、寢具、廚房器具、裝設品批發業；F111090 建材批發業；F120010 耐火材料批發業；F205040 家具、寢具、廚房器具、裝設品零售業；F211010 建材零售業；F217010 消防安全設備零售業；F220010 耐火材料零售業；I503010 景觀設計業；J101010 建築物清潔服務業；J101030 廢棄物清除業；ZZ99999 除許可業務外，得經營法令非禁止或限制之業務,新北市,設立,11503
61247368,牡丹園生態農場,新北市汐止區林森街31號115年03月,戴文興,200000,115/03/19,,,A101020 農作物栽培業；A101050 花卉栽培業；A102020 農產品整理業；A102050 作物栽培服務業；A102080 園藝服務業；A199990 其他農業；A201010 造林業；A201040 森林遊樂區經營業；A202010 野生物採取業；A401020 家畜禽飼育業；J799990 其他休閒服務業；JZ99990 未分類其他服務業,新北市,設立,11503
61247374,漫熱影像製作,新北市中和區中山路2段332巷13號12樓,呂國洋,200000,115/03/19,,,JZ99030 攝影業；J401010 電影片製作業；J404010 動畫影片製作業；J404020 提供設備及場地供電影片拍攝業；J402010 電影片發行業；J403010 電影片映演業；J305010 有聲出版業；J503040 廣播電視廣告業（原:J503041廣播電視廣告業）；J601010 藝文服務業；J602010 演藝活動業；JB01010 會議及展覽服務業；I401010 一般廣告服務業；I501010 產品設計業；I599990 其他設計業；F601010 智慧財產權業；F204110 布疋、衣著、鞋、帽、傘、服飾品零售業；F209060 文教、樂器、育樂用品零售業；F106020 日常用品批發業；F206020 日常用品零售業；F399040 無店面零售業；F401010 國際貿易業；C701010 印刷業；C703010 印刷品裝訂及加工業；JE01010 租賃業；ZZ99999 除許可業務外，得經營法令非禁止或限制之業務,新北市,設立,11503
61247389,甜肉商行,新北市板橋區文化路1段270巷1弄1號(1樓),陳瑋焌,200000,115/03/19,,,F501060 餐館業；F501990 其他餐飲業,新北市,設立,11503
61247395,清芳工作坊,新北市林口區林口路116號,阮氏燕,50000,115/03/19,,,JZ99080 美容美髮服務業,新北市,設立,11503
61247402,耀色工作室,新北市永和區福和路42號,施鈞耀,200000,115/03/20,,,JA01010 汽車修理業；JA01990 其他汽車服務業；ZZ99999 除許可業務外，得經營法令非禁止或限制之業務,新北市,設立,11503
61247418,日勝餐廳,新北市板橋區重慶路60之1號3樓115年03月,吳時樹,200000,115/03/20,,,F102040 飲料批發業；F102170 食品什貨批發業；F203010 食品什貨、飲料零售業；F501030 飲料店業；F501060 餐館業；F501990 其他餐飲業；I101090 食品顧問業；I103060 管理顧問業；I401010 一般廣告服務業；JE01010 租賃業；ZZ99999 除許可業務外，得經營法令非禁止或限制之業務,新北市,設立,11503
61247424,睿成工程行,新北市汐止區保一街8巷13號,張鴻文,200000,115/03/20,,,E801040 玻璃安裝工程業；E801020 門窗安裝工程業；E801010 室內裝潢業；E801030 室內輕鋼架工程業；E801070 廚具、衛浴設備安裝工程業；E901010 油漆工程業；EZ99990 其他工程業；E603090 照明設備安裝工程業；F206010 五金零售業；F211010 建材零售業；ZZ99999 除許可業務外，得經營法令非禁止或限制之業務,新北市,設立,11503
61247439,泰酣小吃,新北市板橋區南雅南路1段5巷17號(1樓),黃倉盛,200000,115/03/20,,,F501060 餐館業,新北市,設立,11503
61247445,源沐商行,新北市板橋區民治街115號(1樓),李仁全,150000,115/03/20,,,F501030 飲料店業；ZZ99999 除許可業務外，得經營法令非禁止或限制之業務,新北市,設立,11503
61247450,福爾摩莎影視器材製造所,新北市板橋區三民路2段33號14樓,何寬洋,200000,115/03/20,,,F116010 照相器材批發業；F216010 照相器材零售業；JZ99030 攝影業；J404010 動畫影片製作業；J404020 提供設備及場地供電影片拍攝業；J404030 電影沖印業；J404040 電影錄音業；J404050 電影特效製作業；CE01030 光學儀器製造業；J503050 錄影節目帶業（原:J503051錄影節目帶業）；J503010 廣播節目製作業（原:J503011廣播節目製作業）；J503020 電視節目製作業（原:J503021電視節目製作業）；J503030 廣播電視節目發行業（原:J503031廣播電視節目發行業）；J503040 廣播電視廣告業（原:J503041廣播電視廣告業）；ZZ99999 除許可業務外，得經營法令非禁止或限制之業務,新北市,設立,11503
61247466,光禾作用策略整合工作室,新北市汐止區新台五路1段93號21樓之6 115年03月,黃鐘興,50000,115/03/20,,,I301010 資訊軟體服務業；I301020 資料處理服務業；I301030 電子資訊供應服務業；I199990 其他顧問服務業；F399040 無店面零售業；I401010 一般廣告服務業；F401010 國際貿易業；ZZ99999 除許可業務外，得經營法令非禁止或限制之業務,新北市,設立,11503
61247472,耀星通訊行,新北市三峽區白雞64之2號2樓,閆德宇,200000,115/03/20,,,F106010 五金批發業；F106020 日常用品批發業；F113020 電器批發業；F113050 電腦及事務性機器設備批發業；F113070 電信器材批發業；F113110 電池批發業；F119010 電子材料批發業；F206010 五金零售業；F206020 日常用品零售業；F213030 電腦及事務性機器設備零售業；F213060 電信器材零售業；F213110 電池零售業；F219010 電子材料零售業；F399040 無店面零售業；F401010 國際貿易業；IE01010 電信業務門號代辦業；JA02010 電器及電子產品修理業；ZZ99999 除許可業務外，得經營法令非禁止或限制之業務,新北市,設立,11503
61247487,千姿麗人工作坊,新北市新莊區中正路893巷1號之2(1樓),繆立霞,200000,115/03/20,,,F208040 化粧品零售業；ZZ99999 除許可業務外，得經營法令非禁止或限制之業務,新北市,設立,11503
61247493,剛好六點早餐店,新北市樹林區東華街6號(1樓),葉俐廷,200000,115/03/20,,,F501030 飲料店業；F501060 餐館業,新北市,設立,11503
61247509,覓境商行,新北市板橋區民有街23號,黃孟潔,249000,115/03/20,,,F501060 餐館業；ZZ99999 除許可業務外，得經營法令非禁止或限制之業務；F203010 食品什貨、飲料零售業,新北市,設立,11503
61247515,小事情陶藝空間工作室,新北市新莊區中正路514巷1號(2樓),羅惠珍,100000,115/03/20,,,C901010 陶瓷及陶瓷製品製造業；F299990 其他零售業；I501010 產品設計業；J601010 藝文服務業；JB01010 會議及展覽服務業；ZZ99999 除許可業務外，得經營法令非禁止或限制之業務,新北市,設立,11503
61247521,柒貳零美學工作室,新北市中和區南山路128號(1樓),何文鈺,100000,115/03/20,,,JZ99080 美容美髮服務業；F208040 化粧品零售業；ZZ99999 除許可業務外，得經營法令非禁止或限制之業務,新北市,設立,11503
61247536,捲捲美食坊,新北市鶯歌區尖山路278巷29號8樓,陳思琪,200000,115/03/20,,,F501990 其他餐飲業；F203010 食品什貨、飲料零售業；F399040 無店面零售業,新北市,設立,11503
61247542,澄億專業剪髮店,新北市中和區景平路628號(1樓),鄭婷憶,100000,115/03/20,,,JZ99080 美容美髮服務業,新北市,設立,11503
61247557,真愛加商行,新北市樹林區復興路268號,簡廷諺,100000,115/03/20,,,F204110 布疋、衣著、鞋、帽、傘、服飾品零售業；F206020 日常用品零售業；F203010 食品什貨、飲料零售業；F399040 無店面零售業；F106020 日常用品批發業；F401010 國際貿易業；ZZ99999 除許可業務外，得經營法令非禁止或限制之業務,新北市,設立,11503
61247563,品家娛樂工作室,新北市永和區安樂路242之16號(1、2樓),鐘邦碩,100000,115/03/20,,,J799990 其他休閒服務業；ZZ99999 除許可業務外，得經營法令非禁止或限制之業務,新北市,設立,11503
61247579,金孫炸物俱樂部,新北市三重區三和路2段71之1號(1樓) 115年03月,石麗均,200000,115/03/20,,,F501060 餐館業,新北市,設立,11503
61247584,沐英企業社,新北市新莊區新泰路421號地下一層之7,廖慈馨,100000,115/03/20,,,F199990 其他批發業；F299990 其他零售業；F399040 無店面零售業；I401010 一般廣告服務業；ZZ99999 除許可業務外，得經營法令非禁止或限制之業務,新北市,設立,11503
61247590,帝鼎美容企業社,新北市新莊區民安路98巷13號(1樓),郭瓊茹,200000,115/03/20,,,JZ99080 美容美髮服務業；F108040 化粧品批發業；F208040 化粧品零售業；F102170 食品什貨批發業；F203010 食品什貨、飲料零售業；F104110 布疋、衣著、鞋、帽、傘、服飾品批發業；F204110 布疋、衣著、鞋、帽、傘、服飾品零售業；F205040 家具、寢具、廚房器具、裝設品零售業；F106020 日常用品批發業；F206020 日常用品零售業；F206010 五金零售業；F215020 礦石零售業；F399040 無店面零售業；I501010 產品設計業；I599990 其他設計業；ZZ99999 除許可業務外，得經營法令非禁止或限制之業務,新北市,設立,11503
61247607,玖玖親子樂園,新北市三重區中央北路120之1號,許哲銘,180000,115/03/20,,,F209060 文教、樂器、育樂用品零售業；J701020 遊樂園業；ZZ99999 除許可業務外，得經營法令非禁止或限制之業務,新北市,設立,11503
61247613,村都工程行,新北市汐止區康寧街627號18樓,邱重隆,200000,115/03/20,,,E599010 配管工程業；E601010 電器承裝業；E601020 電器安裝業；E603010 電纜安裝工程業；E603020 電梯安裝工程業；E603040 消防安全設備安裝工程業；E603050 自動控制設備工程業；E603090 照明設備安裝工程業；E603100 電焊工程業；E801010 室內裝潢業；E801020 門窗安裝工程業；E801030 室內輕鋼架工程業；E801040 玻璃安裝工程業；E801070 廚具、衛浴設備安裝工程業；E901010 油漆工程業；E903010 防蝕、防銹工程業；EZ99990 其他工程業；ZZ99999 除許可業務外，得經營法令非禁止或限制之業務,新北市,設立,11503
61247629,勝祈宇小吃店,新北市五股區成泰路3段305號,王詠勝,100000,115/03/20,,,F501060 餐館業；F203010 食品什貨、飲料零售業,新北市,設立,11503
61247634,清萊雞肉咖哩麵,新北市三峽區大同路26號(1樓) 115年03月,鍾金霖,100000,115/03/20,,,F501990 其他餐飲業；F501060 餐館業,新北市,設立,11503
61247640,賢正顧問行,新北市板橋區四川路2段239號5樓之2,陳文賢,200000,115/03/20,,,F114010 汽車批發業；F114030 汽、機車零件配備批發業；F118010 資訊軟體批發業；F213030 電腦及事務性機器設備零售業；F213060 電信器材零售業；F214010 汽車零售業；F214030 汽、機車零件配備零售業；F218010 資訊軟體零售業；F501060 餐館業；F601010 智慧財產權業；HZ99990 其他金融、保險及不動產業；I102010 一般投資顧問業；I103060 管理顧問業；I199990 其他顧問服務業；IE01010 電信業務門號代辦業；IZ09010 管理系統驗證業；IZ13010 網路認證服務業；IZ15010 市場研究及民意調查業；IZ99990 其他工商服務業；JZ99050 仲介服務業；ZZ99999 除許可業務外，得經營法令非禁止或限制之業務,新北市,設立,11503
61247655,極客雷射企業社,新北市中和區民德路362號3樓115年03月,鄭宏基,200000,115/03/20,,,F105050 家具、寢具、廚房器具、裝設品批發業；F106020 日常用品批發業；F102170 食品什貨批發業；F104110 布疋、衣著、鞋、帽、傘、服飾品批發業；F115010 首飾及貴金屬批發業；F118010 資訊軟體批發業；F203010 食品什貨、飲料零售業；F204110 布疋、衣著、鞋、帽、傘、服飾品零售業；F206010 五金零售業；F205040 家具、寢具、廚房器具、裝設品零售業；F206020 日常用品零售業；F206030 模具零售業；F209060 文教、樂器、育樂用品零售業；F211010 建材零售業；F213050 度量衡器零售業；F215010 首飾及貴金屬零售業；F218010 資訊軟體零售業；F401010 國際貿易業；F601010 智慧財產權業；C501040 組合木材製造業；C501060 木質容器製造業；C501990 其他木製品製造業；I103060 管理顧問業；I301030 電子資訊供應服務業；J202010 產業育成業；H202010 創業投資業；I401010 一般廣告服務業；ZZ99999 除許可業務外，得經營法令非禁止或限制之業務,新北市,設立,11503
61247661,大鯨富商行,新北市中和區中山路3段146號3樓之２,翁丞緯,240000,115/03/20,,,F114030 汽、機車零件配備批發業；F214010 汽車零售業；F214030 汽、機車零件配備零售業；F401010 國際貿易業；ZZ99999 除許可業務外，得經營法令非禁止或限制之業務,新北市,設立,11503
61247677,迴力空間工作室,新北市板橋區大觀路3段207號2樓,侯譯鈞,200000,115/03/20,,,J801030 競技及休閒運動場館業,新北市,設立,11503
61247682,樂昇牛排館,新北市中和區大勇街44號,林永琛,100000,115/03/20,,,F203010 食品什貨、飲料零售業；F501030 飲料店業；F501060 餐館業；ZZ99999 除許可業務外，得經營法令非禁止或限制之業務,新北市,設立,11503
61247698,漾影工作室,新北市土城區明德路1段148號,吳柏翰,100000,115/03/20,,,JZ99990 未分類其他服務業；ZZ99999 除許可業務外，得經營法令非禁止或限制之業務,新北市,設立,11503
61247705,維泓水電工程行,新北市三重區頂崁街203巷4號5樓115年03月,許仁維,238000,115/03/20,,,F111090 建材批發業；F113020 電器批發業；F106040 水器材料批發業；F107010 漆料、塗料批發業；F107020 染料、顏料批發業；F107200 化學原料批發業；F107170 工業助劑批發業；F401010 國際貿易業；E801010 室內裝潢業；E901010 油漆工程業；E903010 防蝕、防銹工程業；E599010 配管工程業；E603090 照明設備安裝工程業；E603100 電焊工程業；E603110 冷作工程業；E603120 噴砂工程業；EZ07010 鑽孔工程業；EZ99990 其他工程業；A102080 園藝服務業；I503010 景觀設計業；IZ12010 人力派遣業；JZ99050 仲介服務業；JE01010 租賃業；ZZ99999 除許可業務外，得經營法令非禁止或限制之業務,新北市,設立,11503
61247711,泓晟企業社,新北市新店區玫瑰路57巷17號3樓,陳國新,240000,115/03/20,,,E801010 室內裝潢業；EZ99990 其他工程業；E601010 電器承裝業；E599010 配管工程業；E603040 消防安全設備安裝工程業；E801070 廚具、衛浴設備安裝工程業；E901010 油漆工程業；IZ99990 其他工商服務業；IZ12010 人力派遣業；JZ99990 未分類其他服務業；F399040 無店面零售業；F401010 國際貿易業；F299990 其他零售業；ZZ99999 除許可業務外，得經營法令非禁止或限制之業務,新北市,設立,11503
61247727,億鑫社,新北市新店區安興路109號14樓之7,陳姿璇,200000,115/03/23,,,IZ12010 人力派遣業；JZ99050 仲介服務業；F203010 食品什貨、飲料零售業；F204110 布疋、衣著、鞋、帽、傘、服飾品零售業；F206020 日常用品零售業；F207030 清潔用品零售業；I103060 管理顧問業；ZZ99999 除許可業務外，得經營法令非禁止或限制之業務,新北市,設立,11503
61247732,木匠愛家裝潢企業社,新北市汐止區中興路236號4樓,鄧建方,200000,115/03/20,,,E801010 室內裝潢業；E801020 門窗安裝工程業；E801030 室內輕鋼架工程業；E801040 玻璃安裝工程業；E801070 廚具、衛浴設備安裝工程業；E901010 油漆工程業；E903010 防蝕、防銹工程業；EZ99990 其他工程業；F106010 五金批發業；F206010 五金零售業；F105050 家具、寢具、廚房器具、裝設品批發業；F205040 家具、寢具、廚房器具、裝設品零售業；F211010 建材零售業；F106020 日常用品批發業；F206020 日常用品零售業；ZZ99999 除許可業務外，得經營法令非禁止或限制之業務,新北市,設立,11503
61247748,早師廚商行,新北市板橋區文化路2段182巷3弄34號(1樓) 115年03月,鄭蕙英,200000,115/03/20,,,F501060 餐館業；F203010 食品什貨、飲料零售業；ZZ99999 除許可業務外，得經營法令非禁止或限制之業務,新北市,設立,11503
61247753,繁星工程,新北市樹林區中山路2段160之5號4樓,賴俊吉,200000,115/03/20,,,E801010 室內裝潢業；E801020 門窗安裝工程業；E801030 室內輕鋼架工程業；E801040 玻璃安裝工程業；E801070 廚具、衛浴設備安裝工程業；E901010 油漆工程業；E903010 防蝕、防銹工程業；EZ99990 其他工程業；F106010 五金批發業；F106020 日常用品批發業；F105050 家具、寢具、廚房器具、裝設品批發業；F107030 清潔用品批發業；F206010 五金零售業；F206020 日常用品零售業；F205040 家具、寢具、廚房器具、裝設品零售業；F207030 清潔用品零售業；ZZ99999 除許可業務外，得經營法令非禁止或限制之業務；E601010 電器承裝業；E601020 電器安裝業；E599010 配管工程業；F107010 漆料、塗料批發業；F207010 漆料、塗料零售業,新北市,設立,11503
61247769,冠鈞餐飲館,新北市新店區中正路27號(1樓),歐冠葦,168000,115/03/23,,,F399040 無店面零售業；F501060 餐館業；F501990 其他餐飲業；ZZ99999 除許可業務外，得經營法令非禁止或限制之業務,新北市,設立,11503
61247775,巴逆逆創意工作室,新北市新莊區中央路724號21樓,洪若芸,200000,115/03/20,,,J602010 演藝活動業；F399040 無店面零售業；J503050 錄影節目帶業（原:J503051錄影節目帶業）；J601010 藝文服務業；J604010 聲音錄製及音樂發行業；ZZ99999 除許可業務外，得經營法令非禁止或限制之業務,新北市,設立,11503
61247780,楊老爺蔬果行,新北市泰山區泰林路2段547號(1樓),楊世群,50000,115/03/23,,,F201010 農產品零售業；F203010 食品什貨、飲料零售業；F201990 其他農畜水產品零售業；F399040 無店面零售業；ZZ99999 除許可業務外，得經營法令非禁止或限制之業務,新北市,設立,11503
61247796,家誠空調工程行,新北市中和區中山路2段332巷13號12樓115年03月,陳家容,200000,115/03/23,,,F106010 五金批發業；F206010 五金零售業；F113020 電器批發業；F213010 電器零售業；E599010 配管工程業；E601010 電器承裝業；E601020 電器安裝業；E603050 自動控制設備工程業；E607010 太陽熱能設備安裝工程業；EZ15010 保溫、保冷安裝工程業；F399040 無店面零售業；JA02010 電器及電子產品修理業；ZZ99999 除許可業務外，得經營法令非禁止或限制之業務,新北市,設立,11503
61247803,悠斗商行,新北市新莊區中和街97號(1樓),薛玉涓,200000,115/03/23,,,F203010 食品什貨、飲料零售業,新北市,設立,11503
61247819,明炬食品行,新北市泰山區明志路1段285號(1樓),鍾婉儀,100000,115/03/23,,,F501060 餐館業；F501030 飲料店業；F203010 食品什貨、飲料零售業；ZZ99999 除許可業務外，得經營法令非禁止或限制之業務,新北市,設立,11503
61247825,阿六黑白炒小吃店,新北市新莊區復興路2段60巷2弄2號,傅弘為,200000,115/03/23,,,F501060 餐館業；F203010 食品什貨、飲料零售業；ZZ99999 除許可業務外，得經營法令非禁止或限制之業務,新北市,設立,11503
61247830,磬森商行,新北市板橋區大觀路2段174巷157號(1樓),黃柏磬,20000,115/03/23,,,F203010 食品什貨、飲料零售業,新北市,設立,11503
61247846,視鏡光學眼鏡,新北市板橋區華興街64號,李峰旭,200000,115/03/23,,,F208031 醫療器材零售業；F210020 眼鏡零售業；ZZ99999 除許可業務外，得經營法令非禁止或限制之業務,新北市,設立,11503
61247851,黑域互娛科技企業社,新北市三重區光復路1段85號9樓115年03月,邱世綸,200000,115/03/23,,,F109070 文教、樂器、育樂用品批發業；F113050 電腦及事務性機器設備批發業；F118010 資訊軟體批發業；F209060 文教、樂器、育樂用品零售業；F218010 資訊軟體零售業；F399040 無店面零售業；F401010 國際貿易業；I401010 一般廣告服務業；JZ99050 仲介服務業；ZZ99999 除許可業務外，得經營法令非禁止或限制之業務,新北市,設立,11503
61247867,金穎工程行,新北市三芝區中興街1段30之2號2樓,蔡金銘,200000,115/03/23,,,E599010 配管工程業；E601010 電器承裝業；E601020 電器安裝業；E603040 消防安全設備安裝工程業；E603050 自動控制設備工程業；E603090 照明設備安裝工程業；E604010 機械安裝業；E605010 電腦設備安裝業；E701010 電信工程業；E701040 簡易電信設備安裝業；E801010 室內裝潢業；E801020 門窗安裝工程業；E801030 室內輕鋼架工程業；E801040 玻璃安裝工程業；E801070 廚具、衛浴設備安裝工程業；E901010 油漆工程業；E903010 防蝕、防銹工程業；EZ05010 儀器、儀表安裝工程業；EZ99990 其他工程業；F106010 五金批發業；F113010 機械批發業；F113020 電器批發業；F113070 電信器材批發業；F117010 消防安全設備批發業；F206010 五金零售業；F213010 電器零售業；F213060 電信器材零售業；F213080 機械器具零售業；F217010 消防安全設備零售業；F399040 無店面零售業；F401010 國際貿易業；I503010 景觀設計業；IF01010 消防安全設備檢修業；ZZ99999 除許可業務外，得經營法令非禁止或限制之業務,新北市,設立,11503
61247873,佳味快餐店,新北市鶯歌區中正三路100巷7號(1樓),劉忠憲,30000,115/03/23,,,F501060 餐館業；F501990 其他餐飲業；ZZ99999 除許可業務外，得經營法令非禁止或限制之業務,新北市,設立,11503
61247888,瑜中瑜瑜珈工作室,新北市新店區文記街72號115年03月,何庭逸,200000,115/03/23,,,J802010 運動訓練業；F204110 布疋、衣著、鞋、帽、傘、服飾品零售業；ZZ99999 除許可業務外，得經營法令非禁止或限制之業務,新北市,設立,11503
61247894,良心工程行,新北市新莊區民本街11巷34號2樓,郭長霖,200000,115/03/23,,,F106010 五金批發業；F111090 建材批發業；F399040 無店面零售業；F401010 國際貿易業；E801010 室內裝潢業；E801020 門窗安裝工程業；E801030 室內輕鋼架工程業；E801040 玻璃安裝工程業；E801070 廚具、衛浴設備安裝工程業；E901010 油漆工程業；E903010 防蝕、防銹工程業；EZ02010 起重工程業；EZ07010 鑽孔工程業；EZ99990 其他工程業；ZZ99999 除許可業務外，得經營法令非禁止或限制之業務,新北市,設立,11503
61247901,饗溢食品社,新北市汐止區樟樹二路91號,周瑾怡,100000,115/03/23,,,F203010 食品什貨、飲料零售業；F399040 無店面零售業；ZZ99999 除許可業務外，得經營法令非禁止或限制之業務,新北市,設立,11503
61247917,盛佑企業社,新北市中和區景平路71之2號8樓之1,莊盛安,200000,115/03/23,,,E901010 油漆工程業；E603010 電纜安裝工程業；E603020 電梯安裝工程業；E801040 玻璃安裝工程業；EZ02010 起重工程業；EZ99990 其他工程業；E801010 室內裝潢業；F106010 五金批發業；F401010 國際貿易業；G799990 其他運輸輔助業；ZZ99999 除許可業務外，得經營法令非禁止或限制之業務,新北市,設立,11503
61247923,大台北鋼鋁工程行,新北市板橋區國慶路149巷29弄11號4樓115年03月,余嘉真,200000,115/03/23,,,EZ99990 其他工程業；F111090 建材批發業；E801020 門窗安裝工程業；E903010 防蝕、防銹工程業；EZ07010 鑽孔工程業；F106010 五金批發業；F120010 耐火材料批發業；I503010 景觀設計業；CA01050 鋼材二次加工業；CA01100 鋁材軋延、伸線、擠型業；F401010 國際貿易業；ZZ99999 除許可業務外，得經營法令非禁止或限制之業務,新北市,設立,11503
61247938,華昌企業社,新北市中和區連城路448之1號(2樓),王薏菱,200000,115/03/23,,,F106010 五金批發業；F113010 機械批發業；F113990 其他機械器具批發業；F106020 日常用品批發業；F106040 水器材料批發業；F113020 電器批發業；F113030 精密儀器批發業；F113110 電池批發業；F206020 日常用品零售業；F206010 五金零售業；F213080 機械器具零售業；F213990 其他機械器具零售業；F399040 無店面零售業；ZZ99999 除許可業務外，得經營法令非禁止或限制之業務,新北市,設立,11503
61247959,台亞洗車店,新北市板橋區長江路1段113號(1樓),陳宇文,50000,115/03/23,,,JA01990 其他汽車服務業,新北市,設立,11503
61247965,蘇記柳州螺螄粉,新北市三峽區中華路60號(1樓),蘇麗榮,100000,115/03/23,,,F501060 餐館業,新北市,設立,11503
61247971,富品香深夜早餐,新北市板橋區民生路2段192號,王嘉祥,100000,115/03/23,,,F501060 餐館業,新北市,設立,11503
61247986,巨盟商行,新北市板橋區館前東路13號2樓之1,曾柏豪,200000,115/03/23,,,F501030 飲料店業,新北市,設立,11503
61247992,安宇冷飲店,新北市永和區保平路127號,李靖思,88000,115/03/23,,,F501030 飲料店業；ZZ99999 除許可業務外，得經營法令非禁止或限制之業務,新北市,設立,11503
61248009,劉家瓦力麵店,新北市三重區中央北路105號(1樓),劉凱文,100000,115/03/23,,,F501060 餐館業,新北市,設立,11503
61248015,樂霏豆花店,新北市三重區大同北路10號,蔡佳宏,200000,115/03/23,,,F501030 飲料店業,新北市,設立,11503
61248021,泰瑞工程行,新北市板橋區長安街138巷1弄81號5樓,李建融,200000,115/03/23,,,E599010 配管工程業；E801010 室內裝潢業；E801020 門窗安裝工程業；E801030 室內輕鋼架工程業；E801040 玻璃安裝工程業；E901010 油漆工程業；E903010 防蝕、防銹工程業；EZ02010 起重工程業；EZ07010 鑽孔工程業；EZ99990 其他工程業；ZZ99999 除許可業務外，得經營法令非禁止或限制之業務,新北市,設立,11503
61248036,旺朔農產行,新北市板橋區僑中一街124巷62號之14 115年03月,廖麗玲,50000,115/03/23,,,F101130 蔬果批發業；F201010 農產品零售業,新北市,設立,11503
61248042,品居水電工程行,新北市土城區廣明街41巷2弄18號2樓,何智凱,200000,115/03/23,,,E599010 配管工程業；E601020 電器安裝業；E603090 照明設備安裝工程業；EZ99990 其他工程業；F206010 五金零售業；F206040 水器材料零售業；F205040 家具、寢具、廚房器具、裝設品零售業；F217010 消防安全設備零售業；F401010 國際貿易業；F219010 電子材料零售業；J101030 廢棄物清除業；ZZ99999 除許可業務外，得經營法令非禁止或限制之業務,新北市,設立,11503
61248057,築日設計工作室,新北市三重區中正北路145巷5弄15號(1樓),李承陽,100000,115/03/23,,,I503010 景觀設計業；I599990 其他設計業,新北市,設立,11503
61248063,明秀美容工作坊,新北市新莊區幸福東路130號,周賢明,100000,115/03/23,,,JZ99080 美容美髮服務業；ZZ99999 除許可業務外，得經營法令非禁止或限制之業務,新北市,設立,11503
61248079,幸福海苔飯捲,新北市土城區承天路81之7號5樓,楊喬雯,100000,115/03/23,,,F203010 食品什貨、飲料零售業,新北市,設立,11503
61248084,鮨焚商行,新北市林口區仁愛路2段361號(1樓),黃楚晴,100000,115/03/23,,,F203030 酒精零售業；F203010 食品什貨、飲料零售業；F501060 餐館業；ZZ99999 除許可業務外，得經營法令非禁止或限制之業務,新北市,設立,11503
61248090,沐晨沐光髮廊,新北市土城區裕民路156號2樓,張洪偉,16888,115/03/23,,,JZ99080 美容美髮服務業；F208040 化粧品零售業；F399040 無店面零售業,新北市,設立,11503
61248107,吳宗霖銅鑼銅雕藝術工作室,新北市新店區北宜路1段37號8樓,吳宗栩,100000,115/03/23,,,CA02080 金屬鍛造業；F209060 文教、樂器、育樂用品零售業；J601010 藝文服務業；JB01010 會議及展覽服務業；ZZ99999 除許可業務外，得經營法令非禁止或限制之業務,新北市,設立,11503
61248113,村益鐵工行,新北市八里區商港六路31號2樓,張宏益,200000,115/03/23,,,F106010 五金批發業；F106040 水器材料批發業；F111090 建材批發業；E599010 配管工程業；E801020 門窗安裝工程業；E801030 室內輕鋼架工程業；E601020 電器安裝業；E603090 照明設備安裝工程業；E603100 電焊工程業；E801010 室內裝潢業；E801040 玻璃安裝工程業；E801070 廚具、衛浴設備安裝工程業；E901010 油漆工程業；EZ99990 其他工程業；ZZ99999 除許可業務外，得經營法令非禁止或限制之業務,新北市,設立,11503
61248129,福記蔬果商行,新北市淡水區中正路1段22巷3號(1樓) 115年03月,郭珈銘,50000,115/03/23,,,F201010 農產品零售業；F201990 其他農畜水產品零售業；F203010 食品什貨、飲料零售業；F399040 無店面零售業；ZZ99999 除許可業務外，得經營法令非禁止或限制之業務,新北市,設立,11503
61248134,艾締美學工作室,新北市五股區孝義路10號(1樓),陳彥妤,200000,115/03/23,,,JZ99080 美容美髮服務業；F208040 化粧品零售業；F399040 無店面零售業；ZZ99999 除許可業務外，得經營法令非禁止或限制之業務,新北市,設立,11503
61248140,車上水工作室,新北市土城區仁愛路9巷2號,吳東冠,200000,115/03/23,,,JA01990 其他汽車服務業；I401010 一般廣告服務業,新北市,設立,11503
61248155,睿堂坊,新北市土城區學成路128巷11號,簡沛潔,100000,115/03/23,,,F203010 食品什貨、飲料零售業；F501030 飲料店業,新北市,設立,11503
61248161,羊序羊肉飯,新北市土城區中央路1段233號,趙啓博,50000,115/03/23,,,F501990 其他餐飲業,新北市,設立,11503
61248177,要買衣服嗎工作室,新北市樹林區三德街30巷16弄19之4號3樓,林熠寬,240000,115/03/23,,,F204110 布疋、衣著、鞋、帽、傘、服飾品零售業；F205040 家具、寢具、廚房器具、裝設品零售業；ZZ99999 除許可業務外，得經營法令非禁止或限制之業務；F206020 日常用品零售業；F207030 清潔用品零售業；F208040 化粧品零售業；F209060 文教、樂器、育樂用品零售業；F215010 首飾及貴金屬零售業；F215020 礦石零售業；F399040 無店面零售業；F104110 布疋、衣著、鞋、帽、傘、服飾品批發業；F401010 國際貿易業；I301020 資料處理服務業；I301030 電子資訊供應服務業；I301040 第三方支付服務業；I401010 一般廣告服務業；I502010 服飾設計業；IZ06010 理貨包裝業；F206010 五金零售業；F106010 五金批發業；IZ13010 網路認證服務業；F299990 其他零售業；F199990 其他批發業；IZ99990 其他工商服務業；F105050 家具、寢具、廚房器具、裝設品批發業；F106020 日常用品批發業；F107030 清潔用品批發業；F108040 化粧品批發業；F109070 文教、樂器、育樂用品批發業；F115010 首飾及貴金屬批發業；F115020 礦石批發業；F208050 乙類成藥零售業；F399990 其他綜合零售業,新北市,設立,11503
61248182,咬一口早晨商行,新北市汐止區福德二路52號,鄭伊倫,200000,115/03/23,,,F501060 餐館業,新北市,設立,11503
61248198,昱光汽車美容,新北市板橋區中正路487號11樓,卜元昱,50000,115/03/23,,,JA01990 其他汽車服務業；ZZ99999 除許可業務外，得經營法令非禁止或限制之業務,新北市,設立,11503
61248205,大碗油飯坊,新北市三重區三張街149巷15號5樓115年03月,蔡坤憲,50000,115/03/23,,,F201010 農產品零售業；F203010 食品什貨、飲料零售業；ZZ99999 除許可業務外，得經營法令非禁止或限制之業務,新北市,設立,11503
61248211,橙薰商行,新北市樹林區復興路41號(1樓),柯奕含,150000,115/03/23,,,F501030 飲料店業,新北市,設立,11503
61248227,棠心工作坊,新北市淡水區民族路31巷78號5樓之12,曾容甄,200000,115/03/23,,,F204110 布疋、衣著、鞋、帽、傘、服飾品零售業；F399040 無店面零售業,新北市,設立,11503
61248232,早安你好餐飲店,新北市板橋區國泰街41號(1樓),陳敦輝,120000,115/03/23,,,F501060 餐館業,新北市,設立,11503
61248248,喜久台菜小館,新北市三重區集美街95號(1樓),陳世宗,168000,115/03/23,,,F501060 餐館業；F501030 飲料店業,新北市,設立,11503
61248253,富國美而美店,新北市新莊區富國路22巷1號(1樓),吳秀貞,50000,115/03/23,,,F501060 餐館業,新北市,設立,11503
61248269,蕊姐雞肉飯,新北市汐止區新台五路1段108號,蔡裕蕊,150000,115/03/23,,,F501060 餐館業；F501030 飲料店業；F501990 其他餐飲業；F203010 食品什貨、飲料零售業,新北市,設立,11503
61248275,奧賽社,新北市淡水區自強路383號(1樓),王憶雯,100000,115/03/23,,,F399990 其他綜合零售業；F204110 布疋、衣著、鞋、帽、傘、服飾品零售業；F201070 花卉零售業；F501060 餐館業；F399040 無店面零售業,新北市,設立,11503
61248280,承衡商行,新北市三重區重陽路4段130號12樓,鄒明宏,210000,115/03/23,,,H703090 不動產買賣業；H703100 不動產租賃業；H701010 住宅及大樓開發租售業；H701020 工業廠房開發租售業；H701060 新市鎮、新社區開發業；H201010 一般投資業；I102010 一般投資顧問業；I103060 管理顧問業；I199990 其他顧問服務業；IZ12010 人力派遣業；JE01010 租賃業；JZ99990 未分類其他服務業；J101010 建築物清潔服務業；ZZ99999 除許可業務外，得經營法令非禁止或限制之業務,新北市,設立,11503
61248296,輕鬆忙資訊企業社,新北市板橋區民生路2段16之1號地下一層,張元睿,100000,115/03/23,,,I301010 資訊軟體服務業；I301020 資料處理服務業；I301030 電子資訊供應服務業；I301060 網路廣告平臺業；IE01010 電信業務門號代辦業；IZ12010 人力派遣業；IZ13010 網路認證服務業；J399010 軟體出版業；JZ99990 未分類其他服務業；I103060 管理顧問業；IZ99990 其他工商服務業,新北市,設立,11503
61248303,叁續咖啡,新北市板橋區民有街23號(1樓) 115年03月,張毓珊,200000,115/03/23,,,F501030 飲料店業；C104020 烘焙炊蒸食品製造業；F203010 食品什貨、飲料零售業,新北市,設立,11503
61248319,亦成工程行,新北市中和區中正路551號2樓,邱天鐸,200000,115/03/23,,,E901010 油漆工程業；E599010 配管工程業；E601010 電器承裝業；E601020 電器安裝業；E603040 消防安全設備安裝工程業；E603050 自動控制設備工程業；E603090 照明設備安裝工程業；E604010 機械安裝業；E801010 室內裝潢業；F106040 水器材料批發業；F206040 水器材料零售業；F213010 電器零售業；F217010 消防安全設備零售業；F401010 國際貿易業；J101030 廢棄物清除業；J101040 廢棄物處理業；J101060 廢（污）水處理業；I103060 管理顧問業；IB01010 建築物公共安全檢查業；IF01010 消防安全設備檢修業；CB01010 機械設備製造業；ZZ99999 除許可業務外，得經營法令非禁止或限制之業務,新北市,設立,11503
61248325,庫爾瓦工作室,新北市鶯歌區國華路2號(1樓),張富翔,100000,115/03/23,,,F501030 飲料店業；F203010 食品什貨、飲料零售業；F501060 餐館業；F501990 其他餐飲業；ZZ99999 除許可業務外，得經營法令非禁止或限制之業務；F204110 布疋、衣著、鞋、帽、傘、服飾品零售業；F206020 日常用品零售業；F203020 菸酒零售業；F399040 無店面零售業；F299990 其他零售業,新北市,設立,11503
61248330,益昌工程行,新北市三重區仁義街159巷2號4樓115年03月,謝函軒,100000,115/03/23,,,I401010 一般廣告服務業；C701010 印刷業；E601020 電器安裝業；E603090 照明設備安裝工程業；E603100 電焊工程業；E801020 門窗安裝工程業；E901010 油漆工程業；E903010 防蝕、防銹工程業；EZ02010 起重工程業；EZ99990 其他工程業；EZ06010 交通標示工程業；CA02990 其他金屬製品製造業；F601010 智慧財產權業；ZZ99999 除許可業務外，得經營法令非禁止或限制之業務,新北市,設立,11503
61248346,無懈可擊工程行,新北市淡水區民族路73之2號4樓,邱宇,200000,115/03/23,,,J101010 建築物清潔服務業；J101030 廢棄物清除業；J101040 廢棄物處理業；J101990 其他環境衛生及污染防治服務業；EZ99990 其他工程業；F107030 清潔用品批發業；F107010 漆料、塗料批發業；E901010 油漆工程業；J101020 病媒防治業；E903010 防蝕、防銹工程業；ZZ99999 除許可業務外，得經營法令非禁止或限制之業務,新北市,設立,11503
61248351,初新運動空間工作室,新北市新店區新祥街5號(1樓),林應輝,50000,115/03/24,,,F203010 食品什貨、飲料零售業；F204110 布疋、衣著、鞋、帽、傘、服飾品零售業；F209060 文教、樂器、育樂用品零售業；J801030 競技及休閒運動場館業；J802010 運動訓練業；JZ99990 未分類其他服務業；ZZ99999 除許可業務外，得經營法令非禁止或限制之業務,新北市,設立,11503
61248367,綾禾企業社,新北市中和區中山路2段64巷7弄9號3樓115年03月,陳憶綾,200000,115/03/24,,,F104110 布疋、衣著、鞋、帽、傘、服飾品批發業；F105050 家具、寢具、廚房器具、裝設品批發業；F108040 化粧品批發業；F118010 資訊軟體批發業；F204110 布疋、衣著、鞋、帽、傘、服飾品零售業；F205040 家具、寢具、廚房器具、裝設品零售業；F208040 化粧品零售業；F218010 資訊軟體零售業；F399990 其他綜合零售業；F401010 國際貿易業；E599010 配管工程業；E601010 電器承裝業；E601020 電器安裝業；E603090 照明設備安裝工程業；E801010 室內裝潢業；E801020 門窗安裝工程業；E801030 室內輕鋼架工程業；E801040 玻璃安裝工程業；E801070 廚具、衛浴設備安裝工程業；I103060 管理顧問業；I199990 其他顧問服務業；I301010 資訊軟體服務業；I301020 資料處理服務業；I301030 電子資訊供應服務業；I301060 網路廣告平臺業；I401010 一般廣告服務業；I501010 產品設計業；I599990 其他設計業；IZ99990 其他工商服務業；ZZ99999 除許可業務外，得經營法令非禁止或限制之業務,新北市,設立,11503
61248373,吉鑫工程行,新北市三重區河邊北街144號,徐伊柔,200000,115/03/24,,,E901010 油漆工程業；E801010 室內裝潢業；E903010 防蝕、防銹工程業；E801020 門窗安裝工程業；E801030 室內輕鋼架工程業；E801040 玻璃安裝工程業；E801070 廚具、衛浴設備安裝工程業；EZ05010 儀器、儀表安裝工程業；EZ06010 交通標示工程業；EZ09010 靜電防護及消除工程業；ZZ99999 除許可業務外，得經營法令非禁止或限制之業務,新北市,設立,11503
61248388,浪花計畫企業社,新北市土城區中央路4段58之3號2樓,傅立丞,200000,115/03/24,,,F204110 布疋、衣著、鞋、帽、傘、服飾品零售業；F399040 無店面零售業,新北市,設立,11503
61248394,佳甯國際教育企業社,新北市林口區三民路172號,周惠雯,200000,115/03/24,,,F109070 文教、樂器、育樂用品批發業；F209060 文教、樂器、育樂用品零售業；IZ04010 翻譯業；F601010 智慧財產權業；J303010 雜誌（期刊）出版業；J304010 圖書出版業；J305010 有聲出版業；J399010 軟體出版業；J601010 藝文服務業；J602010 演藝活動業；J603010 音樂展演空間業；JA05010 留、遊學服務業；JB01010 會議及展覽服務業；JI01010 互動式情境體驗服務業；JZ99990 未分類其他服務業；I103060 管理顧問業；I199990 其他顧問服務業；J202010 產業育成業；ZZ99999 除許可業務外，得經營法令非禁止或限制之業務,新北市,設立,11503
61248401,澄思顧問工作室,新北市板橋區大觀路1段38巷156弄143號,阮文祥,100000,115/03/24,,,I103060 管理顧問業；I199990 其他顧問服務業；I301010 資訊軟體服務業；I301020 資料處理服務業；I301060 網路廣告平臺業,新北市,設立,11503
61248417,拜樂微企業社,新北市板橋區文化路1段387巷24號2樓115年03月,簡文慈,100000,115/03/24,,,F399990 其他綜合零售業,新北市,設立,11503
61248423,南灣企業社,新北市永和區保平路93巷1號115年03月,楊飛,100000,115/03/24,,,F203010 食品什貨、飲料零售業；F203020 菸酒零售業；F204110 布疋、衣著、鞋、帽、傘、服飾品零售業；F205040 家具、寢具、廚房器具、裝設品零售業；F206020 日常用品零售業；F208040 化粧品零售業；F209060 文教、樂器、育樂用品零售業；F213030 電腦及事務性機器設備零售業；F102170 食品什貨批發業；F102030 菸酒批發業；F104110 布疋、衣著、鞋、帽、傘、服飾品批發業；F105050 家具、寢具、廚房器具、裝設品批發業；F106020 日常用品批發業；F108040 化粧品批發業；F109070 文教、樂器、育樂用品批發業；F113050 電腦及事務性機器設備批發業；F399040 無店面零售業；F399990 其他綜合零售業；F401010 國際貿易業；F501030 飲料店業；F501060 餐館業；A301040 娛樂漁業；J202010 產業育成業；J303010 雜誌（期刊）出版業；J304010 圖書出版業；J305010 有聲出版業；J503010 廣播節目製作業（原:J503011廣播節目製作業）；J503020 電視節目製作業（原:J503021電視節目製作業）；J503030 廣播電視節目發行業（原:J503031廣播電視節目發行業）；J503040 廣播電視廣告業（原:J503041廣播電視廣告業）；J601010 藝文服務業；J602010 演藝活動業；J701080 水域遊憩活動經營業；J799990 其他休閒服務業；JA05010 留、遊學服務業；JB01010 會議及展覽服務業；JE01010 租賃業；JZ99050 仲介服務業；JZ99990 未分類其他服務業；I103060 管理顧問業；I199990 其他顧問服務業；I301030 電子資訊供應服務業；I501010 產品設計業；I599990 其他設計業；IZ15010 市場研究及民意調查業；IZ99990 其他工商服務業；G302010 小船經營業；H703100 不動產租賃業；HZ99990 其他金融、保險及不動產業；ZZ99999 除許可業務外，得經營法令非禁止或限制之業務,新北市,設立,11503
61248438,言選蚵仔煎食堂,新北市鶯歌區南雅路63號,林建言,200000,115/03/24,,,F501030 飲料店業；F501060 餐館業；ZZ99999 除許可業務外，得經營法令非禁止或限制之業務；F399040 無店面零售業,新北市,設立,11503
61248459,彤沄微妝美學企業社,新北市三重區中正南路2號,劉樺蓁,200000,115/03/24,,,JZ99080 美容美髮服務業；F208040 化粧品零售業,新北市,設立,11503
61248465,慈器禮品工藝社,新北市鶯歌區南昌街9巷2號(1樓),呂家瑋,100000,115/03/24,,,F399990 其他綜合零售業；F399040 無店面零售業；ZZ99999 除許可業務外，得經營法令非禁止或限制之業務,新北市,設立,11503
61248471,昶泰工程行,新北市中和區宜安路149號2樓,張哲豪,240000,115/03/24,,,ZZ99999 除許可業務外，得經營法令非禁止或限制之業務；EZ02010 起重工程業；E801010 室內裝潢業；E801020 門窗安裝工程業；E801030 室內輕鋼架工程業；E801040 玻璃安裝工程業；E801070 廚具、衛浴設備安裝工程業；E901010 油漆工程業；EZ06010 交通標示工程業；EZ07010 鑽孔工程業；EZ99990 其他工程業；E603080 交通號誌安裝工程業,新北市,設立,11503
61248486,森鴻裝潢工程行,新北市土城區中央路1段49號3樓,蔡晟豐,200000,115/03/24,,,E801010 室內裝潢業；E801020 門窗安裝工程業；E801030 室內輕鋼架工程業；E801040 玻璃安裝工程業；E801070 廚具、衛浴設備安裝工程業；E901010 油漆工程業；E903010 防蝕、防銹工程業；E599010 配管工程業；I503010 景觀設計業；E603090 照明設備安裝工程業；F111090 建材批發業；F211010 建材零售業；ZZ99999 除許可業務外，得經營法令非禁止或限制之業務,新北市,設立,11503
61248492,寵愛晶礦商行,新北市中和區民生街10巷14弄18號115年03月,李威儀,200000,115/03/24,,,F215020 礦石零售業；F399040 無店面零售業,新北市,設立,11503
61248508,盛崴工程行,新北市蘆洲區環堤大道18號9樓,葉俊豪,200000,115/03/24,,,E401010 疏濬業；E402010 沙石、淤泥海拋業；E502010 燃料導管安裝工程業；E599010 配管工程業；E601010 電器承裝業；E601020 電器安裝業；E603010 電纜安裝工程業；E603020 電梯安裝工程業；E603040 消防安全設備安裝工程業；E603050 自動控制設備工程業；E603080 交通號誌安裝工程業；E603090 照明設備安裝工程業；E603100 電焊工程業；E603110 冷作工程業；E603120 噴砂工程業；E603130 燃氣熱水器承裝業；E604010 機械安裝業；E605010 電腦設備安裝業；E607010 太陽熱能設備安裝工程業；E801010 室內裝潢業；E801020 門窗安裝工程業；E801030 室內輕鋼架工程業；E801040 玻璃安裝工程業；E801070 廚具、衛浴設備安裝工程業；E901010 油漆工程業；E903010 防蝕、防銹工程業；EZ02010 起重工程業；EZ06010 交通標示工程業；EZ15010 保溫、保冷安裝工程業；EZ99990 其他工程業；I101080 工、礦顧問業；I199990 其他顧問服務業；I503010 景觀設計業；I599990 其他設計業；IZ12010 人力派遣業；J101010 建築物清潔服務業；J101030 廢棄物清除業；J101040 廢棄物處理業；J101080 資源回收業；J101090 廢棄物清理業；J101110 營建剩餘土石方資源處理業；J101120 營建混合物分類處理業；J101990 其他環境衛生及污染防治服務業；JZ99050 仲介服務業；JZ99990 未分類其他服務業；ZZ99999 除許可業務外，得經營法令非禁止或限制之業務,新北市,設立,11503
61248514,喬旺商行,新北市三重區正義南路139號,張飴真,100000,115/03/24,,,F501060 餐館業,新北市,設立,11503
61248520,三點水古道具工作室,新北市新店區北宜路1段158號6樓之2 115年03月,黃尚裕,20000,115/03/24,,,F399040 無店面零售業；ZZ99999 除許可業務外，得經營法令非禁止或限制之業務,新北市,設立,11503
61248535,鑫航國際實業社,新北市新莊區裕民街54巷23號(1樓),黃玟寧,200000,115/03/24,,,G799990 其他運輸輔助業；IZ06010 理貨包裝業；EZ02010 起重工程業；ZZ99999 除許可業務外，得經營法令非禁止或限制之業務,新北市,設立,11503
61248541,燦合企業社,新北市汐止區新台五路1段106號18樓,巫燦章,200000,115/03/24,,,F111090 建材批發業；EZ99990 其他工程業；E801010 室內裝潢業；E901010 油漆工程業,新北市,設立,11503
61248556,拾光藏香工作室,新北市板橋區中山路2段326之2號12樓,江孟,10000,115/03/24,,,F399040 無店面零售業；F299990 其他零售業；I199990 其他顧問服務業；J304010 圖書出版業；J305010 有聲出版業；J601010 藝文服務業；ZZ99999 除許可業務外，得經營法令非禁止或限制之業務,新北市,設立,11503
61248562,詹世商行,新北市板橋區文化路1段421巷17號,詹凱然,168000,115/03/24,,,F203010 食品什貨、飲料零售業；F501060 餐館業；ZZ99999 除許可業務外，得經營法令非禁止或限制之業務,新北市,設立,11503
61248578,良心實業社,新北市新店區安和路2段237號,戴彤芸,245000,115/03/24,,,E604010 機械安裝業；E599010 配管工程業；E603100 電焊工程業；EZ99990 其他工程業；F106010 五金批發業；F111090 建材批發業；F120010 耐火材料批發業；F199990 其他批發業；F206010 五金零售業；E601010 電器承裝業；E601020 電器安裝業；E607010 太陽熱能設備安裝工程業；E801010 室內裝潢業；E801030 室內輕鋼架工程業；E801070 廚具、衛浴設備安裝工程業；E901010 油漆工程業；E903010 防蝕、防銹工程業；EZ02010 起重工程業；EZ07010 鑽孔工程業；ZZ99999 除許可業務外，得經營法令非禁止或限制之業務,新北市,設立,11503
61248583,辰璨美髮工作室,新北市新莊區思源路287巷26號(1樓),顏湘玲,50000,115/03/24,,,JZ99080 美容美髮服務業,新北市,設立,11503
61248599,樂泰美容美甲工作坊,新北市蘆洲區仁愛街57號,黃氏琛,100000,115/03/24,,,F208040 化粧品零售業；F299990 其他零售業；J799990 其他休閒服務業；JZ99080 美容美髮服務業；JZ99990 未分類其他服務業；ZZ99999 除許可業務外，得經營法令非禁止或限制之業務,新北市,設立,11503
61248606,美人魚水晶工坊,新北市土城區海山路22號,黎乃嘉,30000,115/03/24,,,F215020 礦石零售業,新北市,設立,11503
61248612,貞好吃小吃,新北市三芝區三民街61號(1樓) 115年03月,鄭淑貞,60000,115/03/24,,,F501060 餐館業,新北市,設立,11503
61248628,媛媛越南小吃,新北市永和區保平路18巷7號,鄭氏媛,100000,115/03/24,,,F501990 其他餐飲業,新北市,設立,11503
61248633,糖果媽企業社,新北市五股區成泰路4段22巷8號10樓之6,陳薏瑄,50000,115/03/24,,,F204110 布疋、衣著、鞋、帽、傘、服飾品零售業；F399040 無店面零售業；ZZ99999 除許可業務外，得經營法令非禁止或限制之業務,新北市,設立,11503
61248649,幸福廣目視光眼鏡行,新北市新莊區幸福路29號(1樓),鄭清豪,200000,115/03/24,,,F210020 眼鏡零售業；F110020 眼鏡批發業；F208031 醫療器材零售業；ZZ99999 除許可業務外，得經營法令非禁止或限制之業務,新北市,設立,11503
61248654,召富商行,新北市永和區安樂路144巷18號5樓,張芷榕,100000,115/03/24,,,F203010 食品什貨、飲料零售業；C104020 烘焙炊蒸食品製造業；F399040 無店面零售業；ZZ99999 除許可業務外，得經營法令非禁止或限制之業務,新北市,設立,11503
61248660,御裁商行,新北市三重區中正南路5號5樓之1,董起睿,200000,115/03/24,,,F204110 布疋、衣著、鞋、帽、傘、服飾品零售業；F205040 家具、寢具、廚房器具、裝設品零售業；F206020 日常用品零售業；F207030 清潔用品零售業；F209060 文教、樂器、育樂用品零售業；F213010 電器零售業；F213030 電腦及事務性機器設備零售業；F215010 首飾及貴金屬零售業；F104110 布疋、衣著、鞋、帽、傘、服飾品批發業；F399040 無店面零售業；F401010 國際貿易業；ZZ99999 除許可業務外，得經營法令非禁止或限制之業務,新北市,設立,11503
61248676,熊吼睏企業社,新北市蘆洲區中正路221號(1樓) 115年03月,彭崑瑜,100000,115/03/24,,,CN01010 家具及裝設品製造業；CA02040 彈簧製造業；F105050 家具、寢具、廚房器具、裝設品批發業；F205040 家具、寢具、廚房器具、裝設品零售業；F399990 其他綜合零售業；I599990 其他設計業；I501010 產品設計業；J101030 廢棄物清除業；J101040 廢棄物處理業；J101090 廢棄物清理業；JZ99070 裁縫服務業,新北市,設立,11503
61248681,宏安工程行,新北市中和區中山路3段39號19樓,劉品駒,200000,115/03/24,,,E599010 配管工程業；E601020 電器安裝業；E603010 電纜安裝工程業；E603040 消防安全設備安裝工程業；E603090 照明設備安裝工程業；E603100 電焊工程業；E801010 室內裝潢業；E801020 門窗安裝工程業；E801030 室內輕鋼架工程業；E801040 玻璃安裝工程業；E801070 廚具、衛浴設備安裝工程業；E901010 油漆工程業；E903010 防蝕、防銹工程業；EZ02010 起重工程業；EZ99990 其他工程業；F106010 五金批發業；F106030 模具批發業；F107010 漆料、塗料批發業；F107990 其他化學製品批發業；F111090 建材批發業；F113010 機械批發業；F113990 其他機械器具批發業；F207010 漆料、塗料零售業；F207990 其他化學製品零售業；I503010 景觀設計業；IZ12010 人力派遣業；J101010 建築物清潔服務業；J101020 病媒防治業；J101030 廢棄物清除業；J101060 廢（污）水處理業；J101080 資源回收業；J101090 廢棄物清理業；J101990 其他環境衛生及污染防治服務業；ZZ99999 除許可業務外，得經營法令非禁止或限制之業務,新北市,設立,11503
61248697,環泰工程行,新北市新莊區建福路59巷41號2樓,宋彥廣,200000,115/03/24,,,E801010 室內裝潢業；E901010 油漆工程業；E903010 防蝕、防銹工程業；EZ99990 其他工程業；J101010 建築物清潔服務業；E601020 電器安裝業；E599010 配管工程業；E603010 電纜安裝工程業；ZZ99999 除許可業務外，得經營法令非禁止或限制之業務,新北市,設立,11503
61248704,炸遍雞糰企業社,新北市三重區永福街299號之3,陳姿穎,100000,115/03/24,,,F501990 其他餐飲業,新北市,設立,11503
61248710,午杉餐飲商行,新北市中和區景新街462號(1樓),胡宜榛,50000,115/03/24,,,F203010 食品什貨、飲料零售業；F501030 飲料店業；F501060 餐館業；ZZ99999 除許可業務外，得經營法令非禁止或限制之業務,新北市,設立,11503
61248726,鼎辰商行,新北市板橋區重慶路104號115年03月,李豐麟,200000,115/03/25,,,F501060 餐館業；F501030 飲料店業,新北市,設立,11503
61248731,良宥消防工程行,新北市蘆洲區永平街32巷45弄23號3樓,張宥遴,200000,115/03/25,,,E603040 消防安全設備安裝工程業；E599010 配管工程業；E601020 電器安裝業；F117010 消防安全設備批發業；F217010 消防安全設備零售業；F206010 五金零售業；F206040 水器材料零售業；F113020 電器批發業；F106040 水器材料批發業；F106010 五金批發業；F119010 電子材料批發業；IF01010 消防安全設備檢修業；CC01040 照明設備製造業；EZ05010 儀器、儀表安裝工程業；ZZ99999 除許可業務外，得經營法令非禁止或限制之業務,新北市,設立,11503
61248747,妍選企劃事業社,新北市新店區文記街62號8樓,林品妍,200000,115/03/25,,,J101010 建築物清潔服務業；F199990 其他批發業；F399990 其他綜合零售業；F106020 日常用品批發業；F206020 日常用品零售業；F204110 布疋、衣著、鞋、帽、傘、服飾品零售業；F102170 食品什貨批發業；F401010 國際貿易業；F399040 無店面零售業；ZZ99999 除許可業務外，得經營法令非禁止或限制之業務,新北市,設立,11503
61248752,沐辰時尚美學館,新北市新店區玫瑰路16號2樓,林佳勳,100000,115/03/25,,,F208040 化粧品零售業；JZ99080 美容美髮服務業,新北市,設立,11503
61248768,鼎家建材行,新北市汐止區福德一路2巷1號10樓115年03月,陳國偉,200000,115/03/25,,,F106010 五金批發業；F111090 建材批發業；E801010 室內裝潢業；E801020 門窗安裝工程業；E801030 室內輕鋼架工程業；E801040 玻璃安裝工程業；E801070 廚具、衛浴設備安裝工程業；E901010 油漆工程業；E903010 防蝕、防銹工程業；EZ99990 其他工程業；J101030 廢棄物清除業；J101040 廢棄物處理業；J101080 資源回收業；F199010 回收物料批發業；F399040 無店面零售業；ZZ99999 除許可業務外，得經營法令非禁止或限制之業務,新北市,設立,11503
61248774,予好企業社,新北市蘆洲區民族路255巷23號２樓,李硯予,200000,115/03/25,,,F399040 無店面零售業；F399990 其他綜合零售業；F401010 國際貿易業；F205040 家具、寢具、廚房器具、裝設品零售業；F206010 五金零售業；F206020 日常用品零售業；F208040 化粧品零售業；F208050 乙類成藥零售業；F209060 文教、樂器、育樂用品零售業；ZZ99999 除許可業務外，得經營法令非禁止或限制之業務,新北市,設立,11503
61248789,斯微眼鏡行,新北市新莊區中華路1段41號,張晉佳,200000,115/03/25,,,F210020 眼鏡零售業；F110020 眼鏡批發業；F208031 醫療器材零售業；F108031 醫療器材批發業；F213040 精密儀器零售業；F108040 化粧品批發業；F208040 化粧品零售業；F102170 食品什貨批發業；F203010 食品什貨、飲料零售業；F399040 無店面零售業；F401010 國際貿易業；ZZ99999 除許可業務外，得經營法令非禁止或限制之業務,新北市,設立,11503
61248795,銅學涼麵,新北市樹林區鎮前街146號,彭劉珅,100000,115/03/25,,,F501060 餐館業,新北市,設立,11503
61248802,萌一商行,新北市板橋區溪北路12號,吳承遠,100000,115/03/25,,,F204110 布疋、衣著、鞋、帽、傘、服飾品零售業；F203010 食品什貨、飲料零售業；F206020 日常用品零售業；ZZ99999 除許可業務外，得經營法令非禁止或限制之業務,新北市,設立,11503
61248818,誠豐生活館,新北市新店區安泰路60巷134弄26號,葉晏誠,240000,115/03/25,,,F203010 食品什貨、飲料零售業；F205040 家具、寢具、廚房器具、裝設品零售業；F206010 五金零售業；F206020 日常用品零售業；F208040 化粧品零售業；F399040 無店面零售業；F401010 國際貿易業；E801010 室內裝潢業；E601010 電器承裝業；E603090 照明設備安裝工程業；E599010 配管工程業；EZ99990 其他工程業；I199990 其他顧問服務業；IZ12010 人力派遣業；J799990 其他休閒服務業；JZ99990 未分類其他服務業,新北市,設立,11503
61248824,麥克雞工作室,新北市中和區成功路107巷1號3樓115年03月,黃莉晴,200000,115/03/25,,,JZ99080 美容美髮服務業；F399040 無店面零售業；F206050 寵物食品及其用品零售業；ZZ99999 除許可業務外，得經營法令非禁止或限制之業務,新北市,設立,11503
61248839,合達企業社,新北市樹林區中和街22號3樓,曾翊婷,200000,115/03/25,,,F102170 食品什貨批發業；F104110 布疋、衣著、鞋、帽、傘、服飾品批發業；F105050 家具、寢具、廚房器具、裝設品批發業；F106010 五金批發業；F106020 日常用品批發業；F107030 清潔用品批發業；F108040 化粧品批發業；F109070 文教、樂器、育樂用品批發業；F113050 電腦及事務性機器設備批發業；F113070 電信器材批發業；F115010 首飾及貴金屬批發業；F115020 礦石批發業；F203010 食品什貨、飲料零售業；F204110 布疋、衣著、鞋、帽、傘、服飾品零售業；F205040 家具、寢具、廚房器具、裝設品零售業；F206010 五金零售業；F206020 日常用品零售業；F207030 清潔用品零售業；F208040 化粧品零售業；F209060 文教、樂器、育樂用品零售業；F213030 電腦及事務性機器設備零售業；F213060 電信器材零售業；F215010 首飾及貴金屬零售業；F215020 礦石零售業；F299990 其他零售業；F399040 無店面零售業；F399990 其他綜合零售業；F401010 國際貿易業；I599990 其他設計業；ZZ99999 除許可業務外，得經營法令非禁止或限制之業務,新北市,設立,11503
61248850,里拉商行,新北市五股區五福路111號115年03月,詹雯琌,200000,115/03/25,,,F501030 飲料店業；F501060 餐館業,新北市,設立,11503
61248866,匯承企業社,新北市樹林區國凱街48之1號115年03月,楊恩宇,200000,115/03/25,,,F205040 家具、寢具、廚房器具、裝設品零售業；F211010 建材零售業；E801070 廚具、衛浴設備安裝工程業；E605010 電腦設備安裝業；F105050 家具、寢具、廚房器具、裝設品批發業；E599010 配管工程業；EZ99990 其他工程業；F106010 五金批發業；F206010 五金零售業；F106020 日常用品批發業；F206020 日常用品零售業；F106040 水器材料批發業；F206040 水器材料零售業；F107030 清潔用品批發業；F207030 清潔用品零售業；F111090 建材批發業；F113020 電器批發業；F213010 電器零售業；F113050 電腦及事務性機器設備批發業；F213030 電腦及事務性機器設備零售業；F199990 其他批發業；F299990 其他零售業；F401010 國際貿易業；I199990 其他顧問服務業；I501010 產品設計業；ZZ99999 除許可業務外，得經營法令非禁止或限制之業務,新北市,設立,11503
61248872,珮丞商行,新北市土城區延和路108巷2弄1號5樓115年03月,施珮婷,200000,115/03/25,,,F102020 食用油脂批發業；F102030 菸酒批發業；F102040 飲料批發業；F102170 食品什貨批發業；F103010 飼料批發業；F104110 布疋、衣著、鞋、帽、傘、服飾品批發業；F105050 家具、寢具、廚房器具、裝設品批發業；F106020 日常用品批發業；F107030 清潔用品批發業；F107190 塑膠膜、袋批發業；F106060 寵物食品及其用品批發業；F102180 酒精批發業；F102050 茶葉批發業；F101130 蔬果批發業；F109070 文教、樂器、育樂用品批發業；F203010 食品什貨、飲料零售業；F203020 菸酒零售業；F203030 酒精零售業；F204110 布疋、衣著、鞋、帽、傘、服飾品零售業；F206010 五金零售業；F206020 日常用品零售業；F209060 文教、樂器、育樂用品零售業；F299990 其他零售業；F301020 超級市場業；F399010 便利商店業；F399040 無店面零售業；F399990 其他綜合零售業；F401010 國際貿易業；J304010 圖書出版業；I301040 第三方支付服務業；I101090 食品顧問業；I103060 管理顧問業；I301030 電子資訊供應服務業；I301020 資料處理服務業；IZ01010 影印業；F108040 化粧品批發業；F113050 電腦及事務性機器設備批發業；ZZ99999 除許可業務外，得經營法令非禁止或限制之業務,新北市,設立,11503
61248887,築靜製作所,新北市中和區中山路2段332巷13號12樓,張呈禎,200000,115/03/25,,,I501010 產品設計業；I599990 其他設計業；F104110 布疋、衣著、鞋、帽、傘、服飾品批發業；F105050 家具、寢具、廚房器具、裝設品批發業；F204110 布疋、衣著、鞋、帽、傘、服飾品零售業；F205040 家具、寢具、廚房器具、裝設品零售業；C805990 其他塑膠製品製造業；F199990 其他批發業；F399040 無店面零售業；C701010 印刷業；C702010 製版業；IZ10010 排版業；IZ01010 影印業；ZZ99999 除許可業務外，得經營法令非禁止或限制之業務,新北市,設立,11503
61248893,嵐渲工作室,新北市板橋區莒光路52號2樓,邱涵清,200000,115/03/25,,,JZ99080 美容美髮服務業,新北市,設立,11503
61248900,大信消防企業社,新北市板橋區信義路一巷10號,許哲維,200000,115/03/25,,,F217010 消防安全設備零售業；F117010 消防安全設備批發業；IF01010 消防安全設備檢修業；E603040 消防安全設備安裝工程業；E603090 照明設備安裝工程業；E603050 自動控制設備工程業；E599010 配管工程業；E603100 電焊工程業；IB01010 建築物公共安全檢查業；E801010 室內裝潢業；F220010 耐火材料零售業；F120010 耐火材料批發業；E901010 油漆工程業；E903010 防蝕、防銹工程業；F106010 五金批發業；F206010 五金零售業；F401010 國際貿易業；EZ99990 其他工程業；I199990 其他顧問服務業；ZZ99999 除許可業務外，得經營法令非禁止或限制之業務,新北市,設立,11503
61248916,阿舍商行,新北市板橋區四維路159號(1樓),陳軍帆,50000,115/03/25,,,F501060 餐館業；F102040 飲料批發業；F203010 食品什貨、飲料零售業；ZZ99999 除許可業務外，得經營法令非禁止或限制之業務,新北市,設立,11503
61248922,德喜起重工程行,新北市新店區中華路47巷2弄13號(1樓),王雪玲,300000,115/03/25,,,EZ02010 起重工程業；EZ99990 其他工程業；I301020 資料處理服務業；I301010 資訊軟體服務業；I599990 其他設計業；ZZ99999 除許可業務外，得經營法令非禁止或限制之業務,新北市,設立,11503
61248937,智忠堆高機企業社,新北市新莊區化成路579巷3號115年03月,郭智忠,200000,115/03/25,,,EZ02010 起重工程業,新北市,設立,11503
61248943,品鈞工程行,新北市中和區民生街57號4樓,陳福榮,200000,115/03/25,,,E603080 交通號誌安裝工程業；E801010 室內裝潢業；E901010 油漆工程業；EZ06010 交通標示工程業；F107010 漆料、塗料批發業；F111090 建材批發業；F113010 機械批發業；I503010 景觀設計業；J101010 建築物清潔服務業；J101030 廢棄物清除業；J101040 廢棄物處理業；J101060 廢（污）水處理業；J101090 廢棄物清理業；J101990 其他環境衛生及污染防治服務業；JE01010 租賃業；ZZ99999 除許可業務外，得經營法令非禁止或限制之業務,新北市,設立,11503
61248958,立炘工程行,新北市蘆洲區永安南路2段268號,王聖亞,200000,115/03/25,,,E603050 自動控制設備工程業；E603090 照明設備安裝工程業；E801010 室內裝潢業；E599010 配管工程業；E801030 室內輕鋼架工程業；E601020 電器安裝業；EZ05010 儀器、儀表安裝工程業；E601010 電器承裝業；F111090 建材批發業；F211010 建材零售業；F401010 國際貿易業；ZZ99999 除許可業務外，得經營法令非禁止或限制之業務,新北市,設立,11503
61248964,懂吃大吃早午餐,新北市樹林區大成路5號(1樓),李杰弘,100000,115/03/25,,,F501060 餐館業,新北市,設立,11503
61248970,埔館工程行,新北市板橋區太和街6巷20號4樓,吳欣凌,200000,115/03/25,,,E599010 配管工程業；E603010 電纜安裝工程業；E603020 電梯安裝工程業；E603040 消防安全設備安裝工程業；E603080 交通號誌安裝工程業；E603100 電焊工程業；E603110 冷作工程業；E603120 噴砂工程業；E801010 室內裝潢業；E801020 門窗安裝工程業；E801030 室內輕鋼架工程業；E801040 玻璃安裝工程業；E801070 廚具、衛浴設備安裝工程業；E901010 油漆工程業；EZ02010 起重工程業；EZ99990 其他工程業；ZZ99999 除許可業務外，得經營法令非禁止或限制之業務,新北市,設立,11503
61248985,纕寧美學工作室,新北市板橋區光武街2巷3號115年03月,林纕寧,100000,115/03/25,,,JZ99080 美容美髮服務業,新北市,設立,11503
61248991,毅立工程行,新北市中和區中正路1194巷16號2樓115年03月,黃中毅,200000,115/03/26,,,E601020 電器安裝業；E603090 照明設備安裝工程業；E801010 室內裝潢業；E801020 門窗安裝工程業；E801030 室內輕鋼架工程業；E801040 玻璃安裝工程業；E801070 廚具、衛浴設備安裝工程業；E901010 油漆工程業；E903010 防蝕、防銹工程業；EZ99990 其他工程業；F105050 家具、寢具、廚房器具、裝設品批發業；F106010 五金批發業；F106020 日常用品批發業；F106040 水器材料批發業；F107010 漆料、塗料批發業；F107020 染料、顏料批發業；F107030 清潔用品批發業；F111090 建材批發業；F113020 電器批發業；F119010 電子材料批發業；F120010 耐火材料批發業；F205040 家具、寢具、廚房器具、裝設品零售業；F206010 五金零售業；F206020 日常用品零售業；F206040 水器材料零售業；F207010 漆料、塗料零售業；F207020 染料、顏料零售業；F207030 清潔用品零售業；F211010 建材零售業；F213010 電器零售業；F219010 電子材料零售業；F220010 耐火材料零售業；F399040 無店面零售業；F399990 其他綜合零售業；F401010 國際貿易業；I103060 管理顧問業；I199990 其他顧問服務業；I503010 景觀設計業；I599990 其他設計業；IZ99990 其他工商服務業；JE01010 租賃業；JZ99990 未分類其他服務業；JA02990 其他修理業,新北市,設立,11503
61249008,尚尚謙企業社,新北市八里區中山路1段352號10樓,姚均達,30000,115/03/26,,,I301030 電子資訊供應服務業；I301020 資料處理服務業；I301010 資訊軟體服務業；I301060 網路廣告平臺業；F601010 智慧財產權業；F399040 無店面零售業；F219010 電子材料零售業；IZ99990 其他工商服務業；ZZ99999 除許可業務外，得經營法令非禁止或限制之業務,新北市,設立,11503
61249014,光東養茶便當店,新北市板橋區陽明街131號(1樓),吳佩玲,200000,115/03/26,,,F501990 其他餐飲業；F501030 飲料店業,新北市,設立,11503
61249020,心知渡明工作室,新北市林口區公園路203號10樓之1至之2,陳賢寶,200000,115/03/26,,,I103060 管理顧問業；J305010 有聲出版業；JB01010 會議及展覽服務業；I401010 一般廣告服務業；J304010 圖書出版業；J303010 雜誌（期刊）出版業；ZZ99999 除許可業務外，得經營法令非禁止或限制之業務,新北市,設立,11503
61249035,沐沐養生館,新北市蘆洲區三民路605號(1樓),衛誼誠,100000,115/03/26,,,F208040 化粧品零售業；F299990 其他零售業；J799990 其他休閒服務業；JZ99080 美容美髮服務業；JZ99990 未分類其他服務業；ZZ99999 除許可業務外，得經營法令非禁止或限制之業務,新北市,設立,11503
61249041,幸福手作坊,新北市八里區龍米路1段386巷6號,林幸華,200000,115/03/26,,,IZ02010 打字業；IZ04010 翻譯業；C307010 服飾品製造業；IZ99990 其他工商服務業；I599990 其他設計業；I401010 一般廣告服務業；I301020 資料處理服務業；F399040 無店面零售業；J401010 電影片製作業；J404050 電影特效製作業；ZZ99999 除許可業務外，得經營法令非禁止或限制之業務,新北市,設立,11503
61249056,婉柔吉祥選物商行,新北市蘆洲區長安街305號4樓115年03月,張婉柔,168000,115/03/26,,,F204110 布疋、衣著、鞋、帽、傘、服飾品零售業；F206020 日常用品零售業；ZZ99999 除許可業務外，得經營法令非禁止或限制之業務,新北市,設立,11503
61249062,日橙機電企業社,新北市汐止區茄興街1號,陳妤榛,200000,115/03/26,,,E601020 電器安裝業；E601010 電器承裝業；E599010 配管工程業；E801070 廚具、衛浴設備安裝工程業；E603090 照明設備安裝工程業；E901010 油漆工程業；E801010 室內裝潢業；E801020 門窗安裝工程業；E801030 室內輕鋼架工程業；E801040 玻璃安裝工程業；E603040 消防安全設備安裝工程業；E903010 防蝕、防銹工程業；E604010 機械安裝業；EZ02010 起重工程業；EZ07010 鑽孔工程業；EZ99990 其他工程業；F206010 五金零售業；F211010 建材零售業；F401010 國際貿易業；J101010 建築物清潔服務業；J101990 其他環境衛生及污染防治服務業；J101030 廢棄物清除業；J101090 廢棄物清理業；JZ99990 未分類其他服務業；ZZ99999 除許可業務外，得經營法令非禁止或限制之業務,新北市,設立,11503
61249078,鋼築工程行,新北市板橋區大觀路2段174巷102弄36號,侯岳廷,240000,115/03/26,,,ZZ99999 除許可業務外，得經營法令非禁止或限制之業務；E801010 室內裝潢業；E801030 室內輕鋼架工程業；I503010 景觀設計業；I301010 資訊軟體服務業；F111090 建材批發業；F211010 建材零售業；F105050 家具、寢具、廚房器具、裝設品批發業；F205040 家具、寢具、廚房器具、裝設品零售業；F401010 國際貿易業；E801020 門窗安裝工程業；E603090 照明設備安裝工程業；E601010 電器承裝業；E901010 油漆工程業；EZ99990 其他工程業；J101010 建築物清潔服務業；J101090 廢棄物清理業；IZ12010 人力派遣業,新北市,設立,11503
61249083,昌君企業社,新北市三重區自強路3段76巷5號115年03月,陳嘉凡,200000,115/03/26,,,E801030 室內輕鋼架工程業；E801010 室內裝潢業；E901010 油漆工程業；E903010 防蝕、防銹工程業；EZ99990 其他工程業；F111090 建材批發業；I503010 景觀設計業；ZZ99999 除許可業務外，得經營法令非禁止或限制之業務,新北市,設立,11503
61249099,瀚宇工程行,新北市中和區中山路2段332巷13號12樓,陳信宇,200000,115/03/26,,,F106010 五金批發業；F111090 建材批發業；F213010 電器零售業；F213060 電信器材零售業；E801010 室內裝潢業；E801020 門窗安裝工程業；E801030 室內輕鋼架工程業；E801070 廚具、衛浴設備安裝工程業；E901010 油漆工程業；E599010 配管工程業；E601020 電器安裝業；E603010 電纜安裝工程業；E603090 照明設備安裝工程業；E701010 電信工程業；EZ07010 鑽孔工程業；EZ99990 其他工程業；ZZ99999 除許可業務外，得經營法令非禁止或限制之業務,新北市,設立,11503
61249106,鑫燁工程行,新北市中和區新生街114巷25號4樓,蔡金城,200000,115/03/26,,,E901010 油漆工程業；E599010 配管工程業；E801010 室內裝潢業；F107010 漆料、塗料批發業；E801020 門窗安裝工程業；E801030 室內輕鋼架工程業；E801040 玻璃安裝工程業；E801070 廚具、衛浴設備安裝工程業；F105050 家具、寢具、廚房器具、裝設品批發業；F111090 建材批發業；F120010 耐火材料批發業；F205040 家具、寢具、廚房器具、裝設品零售業；F207010 漆料、塗料零售業；F211010 建材零售業；F220010 耐火材料零售業；ZZ99999 除許可業務外，得經營法令非禁止或限制之業務,新北市,設立,11503
61249112,芃鉑工程行,新北市中和區建八路16號18樓之2 115年03月,陳志雄,100000,115/03/26,,,E599010 配管工程業；E601010 電器承裝業；E601020 電器安裝業；E603010 電纜安裝工程業；E603040 消防安全設備安裝工程業；E603050 自動控制設備工程業；E603090 照明設備安裝工程業；E605010 電腦設備安裝業；E701040 簡易電信設備安裝業；E801010 室內裝潢業；E801070 廚具、衛浴設備安裝工程業；E901010 油漆工程業；EZ05010 儀器、儀表安裝工程業；EZ07010 鑽孔工程業；EZ09010 靜電防護及消除工程業；EZ15010 保溫、保冷安裝工程業；EZ99990 其他工程業；ZZ99999 除許可業務外，得經營法令非禁止或限制之業務,新北市,設立,11503
61249128,飛翔空間企業社,新北市板橋區中山路2段367之1號2樓,何啟銓,200000,115/03/26,,,J601010 藝文服務業；J602010 演藝活動業；ZZ99999 除許可業務外，得經營法令非禁止或限制之業務,新北市,設立,11503
61249133,九和鋼鋁門窗工程行,新北市三峽區民權街198號12樓之1,陳錦富,200000,115/03/26,,,E801010 室內裝潢業；E801020 門窗安裝工程業；E801030 室內輕鋼架工程業；E801040 玻璃安裝工程業；F106010 五金批發業；F111090 建材批發業；ZZ99999 除許可業務外，得經營法令非禁止或限制之業務,新北市,設立,11503
61249149,廣志小吃店,新北市永和區中和路409號,吳忠晉,100000,115/03/26,,,F501060 餐館業,新北市,設立,11503
61249160,鑫日晟工程行,新北市蘆洲區得勝街18號115年03月,謝誌緯,200000,115/03/26,,,E801010 室內裝潢業；CA02990 其他金屬製品製造業；E599010 配管工程業；JA02990 其他修理業；E601020 電器安裝業；E603050 自動控制設備工程業；E603090 照明設備安裝工程業；E801020 門窗安裝工程業；E801030 室內輕鋼架工程業；E801070 廚具、衛浴設備安裝工程業；E901010 油漆工程業；EZ99990 其他工程業；F107010 漆料、塗料批發業；F206010 五金零售業；F211010 建材零售業；F111090 建材批發業；F213010 電器零售業；I503010 景觀設計業；J101010 建築物清潔服務業；J101030 廢棄物清除業；J101120 營建混合物分類處理業；J101090 廢棄物清理業；CA01050 鋼材二次加工業；CA02010 金屬結構及建築組件製造業；CA02080 金屬鍛造業；ZZ99999 除許可業務外，得經營法令非禁止或限制之業務,新北市,設立,11503
61249176,宇立裝潢工程行,新北市三峽區民生街1巷27號,陳鄀儀,200000,115/03/26,,,E801010 室內裝潢業；E601020 電器安裝業；E603090 照明設備安裝工程業；E801020 門窗安裝工程業；E801030 室內輕鋼架工程業；E801040 玻璃安裝工程業；E801070 廚具、衛浴設備安裝工程業；E901010 油漆工程業；EZ99990 其他工程業；F205040 家具、寢具、廚房器具、裝設品零售業；F206010 五金零售業；F209060 文教、樂器、育樂用品零售業；F213010 電器零售業；F213030 電腦及事務性機器設備零售業；F401010 國際貿易業；I503010 景觀設計業；ZZ99999 除許可業務外，得經營法令非禁止或限制之業務,新北市,設立,11503
61249181,紙示回春堂,新北市永和區中和路305巷2弄18號3樓,林春喜,50000,115/03/26,,,J601010 藝文服務業；J304010 圖書出版業；F109070 文教、樂器、育樂用品批發業；F209060 文教、樂器、育樂用品零售業；F206010 五金零售業；I501010 產品設計業,新北市,設立,11503
61249197,就要皇冠大使企業社,新北市三重區龍濱路275號,簡伊彗,240000,115/03/26,,,F206020 日常用品零售業；F206040 水器材料零售業；F208040 化粧品零售業；F203010 食品什貨、飲料零售業；ZZ99999 除許可業務外，得經營法令非禁止或限制之業務,新北市,設立,11503
61249204,靚妍指尖美學工作室,新北市新莊區民本街15號,劉瓊玫,200000,115/03/26,,,JZ99080 美容美髮服務業；F208040 化粧品零售業,新北市,設立,11503
61249210,沐沏茶飲,新北市三重區中正北路60之1號(1樓),蔡宗樺,200000,115/03/26,,,F501030 飲料店業；F203010 食品什貨、飲料零售業；F399040 無店面零售業；ZZ99999 除許可業務外，得經營法令非禁止或限制之業務,新北市,設立,11503
61249226,三角鍋燒店,新北市三峽區民生街167號,陳尚甫,200000,115/03/26,,,F501060 餐館業；ZZ99999 除許可業務外，得經營法令非禁止或限制之業務,新北市,設立,11503
61249231,精探工程行,新北市板橋區金門街297巷37號7樓115年03月,裴芳草,200000,115/03/26,,,E599010 配管工程業；EZ07010 鑽孔工程業；EZ99990 其他工程業；ZZ99999 除許可業務外，得經營法令非禁止或限制之業務,新北市,設立,11503
61249247,尚暉企業社,新北市鶯歌區國際二路6巷13號3樓,林冠文,50000,115/03/26,,,A102050 作物栽培服務業；B102010 石油及天然氣礦業；B601010 土石採取業；C803990 其他石油及煤製品製造業；EZ99990 其他工程業；F111090 建材批發業；F199990 其他批發業；F211010 建材零售業；J101010 建築物清潔服務業；J101030 廢棄物清除業；J101040 廢棄物處理業；J101060 廢（污）水處理業；J101080 資源回收業；J101090 廢棄物清理業；J101110 營建剩餘土石方資源處理業；J101120 營建混合物分類處理業；CA01070 廢車船解體及廢鋼鐵五金處理業；CA02990 其他金屬製品製造業；CB01010 機械設備製造業；CB01990 其他機械製造業；CQ01010 模具製造業；ZZ99999 除許可業務外，得經營法令非禁止或限制之業務,新北市,設立,11503
61249252,貝巧企業社,新北市新莊區民安西路95之3號14樓,魏志豪,200000,115/03/26,,,F102170 食品什貨批發業；F113990 其他機械器具批發業；F106020 日常用品批發業；F105050 家具、寢具、廚房器具、裝設品批發業；F104110 布疋、衣著、鞋、帽、傘、服飾品批發業；F107030 清潔用品批發業；F106010 五金批發業；F113010 機械批發業；F113020 電器批發業；F113030 精密儀器批發業；F113050 電腦及事務性機器設備批發業；F113060 度量衡器批發業；F399040 無店面零售業；F401010 國際貿易業；H703090 不動產買賣業；I103060 管理顧問業；ZZ99999 除許可業務外，得經營法令非禁止或限制之業務,新北市,設立,11503
61249268,長祺食品行,新北市蘆洲區民族路76號3樓115年03月,李淑香,200000,115/03/26,,,F102040 飲料批發業；F102050 茶葉批發業；F102170 食品什貨批發業；F106020 日常用品批發業；F201010 農產品零售業；F203010 食品什貨、飲料零售業；F206020 日常用品零售業；F299990 其他零售業；F399040 無店面零售業；F399990 其他綜合零售業；F401010 國際貿易業；ZZ99999 除許可業務外，得經營法令非禁止或限制之業務,新北市,設立,11503
61249274,旭荃企業社,新北市新店區順安街112號,薛仲佑,240000,115/03/26,,,E601020 電器安裝業；E603090 照明設備安裝工程業；E603100 電焊工程業；E801010 室內裝潢業；E801020 門窗安裝工程業；E801030 室內輕鋼架工程業；E801040 玻璃安裝工程業；E901010 油漆工程業；E903010 防蝕、防銹工程業；EZ99990 其他工程業；F111090 建材批發業；F211010 建材零售業；I501010 產品設計業；I503010 景觀設計業；ZZ99999 除許可業務外，得經營法令非禁止或限制之業務,新北市,設立,11503
61249289,翊起商行,新北市板橋區大智街17號,李玲瑜,245000,115/03/26,,,F501030 飲料店業；F501060 餐館業；F203010 食品什貨、飲料零售業；F206020 日常用品零售業；ZZ99999 除許可業務外，得經營法令非禁止或限制之業務,新北市,設立,11503
61249295,十水企業社,新北市板橋區南雅東路29巷8號4樓115年03月,林慈心,100000,115/03/26,,,I102010 一般投資顧問業；I103060 管理顧問業；I301010 資訊軟體服務業；I301020 資料處理服務業；I301030 電子資訊供應服務業；I301040 第三方支付服務業；I301050 實境體感應用服務業；I401010 一般廣告服務業；I501010 產品設計業；I599990 其他設計業；IZ13010 網路認證服務業；IZ99990 其他工商服務業；IZ15010 市場研究及民意調查業；IG02010 研究發展服務業；J399010 軟體出版業；J305010 有聲出版業；J303010 雜誌（期刊）出版業；JI01010 互動式情境體驗服務業；J202010 產業育成業；F401010 國際貿易業；J802010 運動訓練業；J803010 運動表演業；J803020 運動比賽業；J801030 競技及休閒運動場館業；ZZ99999 除許可業務外，得經營法令非禁止或限制之業務,新北市,設立,11503
61249302,宇維企業社,新北市三重區六張街126巷2弄5號(1樓),彭羽薇,200000,115/03/26,,,F102170 食品什貨批發業；F104110 布疋、衣著、鞋、帽、傘、服飾品批發業；F105050 家具、寢具、廚房器具、裝設品批發業；F106010 五金批發業；F106020 日常用品批發業；F107030 清潔用品批發業；F108040 化粧品批發業；F109070 文教、樂器、育樂用品批發業；F113050 電腦及事務性機器設備批發業；F113070 電信器材批發業；F203010 食品什貨、飲料零售業；F204110 布疋、衣著、鞋、帽、傘、服飾品零售業；F205040 家具、寢具、廚房器具、裝設品零售業；F206010 五金零售業；F206020 日常用品零售業；F207030 清潔用品零售業；F208040 化粧品零售業；F209060 文教、樂器、育樂用品零售業；F213030 電腦及事務性機器設備零售業；F213060 電信器材零售業；F299990 其他零售業；F399040 無店面零售業；F399990 其他綜合零售業；F401010 國際貿易業；ZZ99999 除許可業務外，得經營法令非禁止或限制之業務,新北市,設立,11503
61249318,艾宇晞美學工作室,新北市新店區安忠路38號12樓,許雅婷,200000,115/03/26,,,ZZ99999 除許可業務外，得經營法令非禁止或限制之業務；JZ99080 美容美髮服務業；JZ99990 未分類其他服務業；F108040 化粧品批發業,新北市,設立,11503
61249324,韓寶煲中華韓式料理,新北市中和區宜安路153號(1樓),陳加祥,200000,115/03/26,,,F501060 餐館業；ZZ99999 除許可業務外，得經營法令非禁止或限制之業務,新北市,設立,11503
61249339,淼森咖啡工坊,新北市三重區仁愛街747號115年03月,趙子傑,200000,115/03/26,,,F102170 食品什貨批發業；F203010 食品什貨、飲料零售業；F501030 飲料店業；F501060 餐館業；F102040 飲料批發業；F206020 日常用品零售業；ZZ99999 除許可業務外，得經營法令非禁止或限制之業務,新北市,設立,11503
61249345,沁麗榮企業社,新北市新店區永業路81巷3弄3號3樓,張榮法,200000,115/03/26,,,F104110 布疋、衣著、鞋、帽、傘、服飾品批發業；F105050 家具、寢具、廚房器具、裝設品批發業；F106020 日常用品批發業；F107030 清潔用品批發業；F109070 文教、樂器、育樂用品批發業；F110010 鐘錶批發業；F113020 電器批發業；F199990 其他批發業；F299990 其他零售業；F210010 鐘錶零售業；F209060 文教、樂器、育樂用品零售業；F205040 家具、寢具、廚房器具、裝設品零售業；F204110 布疋、衣著、鞋、帽、傘、服飾品零售業；F206020 日常用品零售業；F301010 百貨公司業；F399040 無店面零售業；F399990 其他綜合零售業；F401010 國際貿易業；ZZ99999 除許可業務外，得經營法令非禁止或限制之業務；F119010 電子材料批發業；F219010 電子材料零售業；I301030 電子資訊供應服務業；CC01080 電子零組件製造業,新北市,設立,11503
61249350,福沺食品企業社,新北市板橋區民權路260巷63號(1樓),洪主辰,200000,115/03/26,,,F203010 食品什貨、飲料零售業；F501030 飲料店業；ZZ99999 除許可業務外，得經營法令非禁止或限制之業務,新北市,設立,11503
61249366,美美面面台越美食,新北市板橋區裕民街99號115年03月,林美蘭,50000,115/03/26,,,F501060 餐館業,新北市,設立,11503
61249372,沛森數位實業社,新北市土城區福安街76之2號11樓,陳坤宏,249000,115/03/26,,,F399040 無店面零售業；F401010 國際貿易業；F219010 電子材料零售業；F119010 電子材料批發業；F213010 電器零售業；F113020 電器批發業；F209060 文教、樂器、育樂用品零售業；F109070 文教、樂器、育樂用品批發業；F206020 日常用品零售業；F106020 日常用品批發業；F206010 五金零售業；F106010 五金批發業；F207030 清潔用品零售業；F107030 清潔用品批發業；F204110 布疋、衣著、鞋、帽、傘、服飾品零售業；F104110 布疋、衣著、鞋、帽、傘、服飾品批發業；F205040 家具、寢具、廚房器具、裝設品零售業；F105050 家具、寢具、廚房器具、裝設品批發業；F207190 塑膠膜、袋零售業；F107190 塑膠膜、袋批發業；F203010 食品什貨、飲料零售業；F102170 食品什貨批發業；F208040 化粧品零售業；F108040 化粧品批發業；F206050 寵物食品及其用品零售業；F106060 寵物食品及其用品批發業；ZZ99999 除許可業務外，得經營法令非禁止或限制之業務,新北市,設立,11503
61249387,本味飯屋,新北市板橋區仁化街42巷25號,蔡昀潔,200000,115/03/26,,,F501060 餐館業,新北市,設立,11503
61249393,星布媒體工作室,新北市永和區永和路1段2號12樓之2,張雅涵,100000,115/03/26,,,I199990 其他顧問服務業；I301010 資訊軟體服務業；I301020 資料處理服務業；I301030 電子資訊供應服務業；I401010 一般廣告服務業；F601010 智慧財產權業；J601010 藝文服務業；J602010 演藝活動業；ZZ99999 除許可業務外，得經營法令非禁止或限制之業務,新北市,設立,11503
61249400,曉薇服飾行,新北市中和區中正路736號14樓之3,戴曉薇,200000,115/03/26,,,F204110 布疋、衣著、鞋、帽、傘、服飾品零售業；F206020 日常用品零售業；ZZ99999 除許可業務外，得經營法令非禁止或限制之業務,新北市,設立,11503
61249416,玉遊記企業社,新北市板橋區雙十路3段10巷24號3樓,朱振淦,240000,115/03/26,,,F215010 首飾及貴金屬零售業；F215020 礦石零售業；F299990 其他零售業；F399040 無店面零售業；F399990 其他綜合零售業；ZZ99999 除許可業務外，得經營法令非禁止或限制之業務,新北市,設立,11503
61249422,依鳳美髮工作室,新北市樹林區俊英街103之4號115年03月,武潘飛鳳,100000,115/03/26,,,JZ99080 美容美髮服務業,新北市,設立,11503
61249437,久金宅修工程行,新北市中和區中山路2段332巷1號7樓,陳韻茹,200000,115/03/26,,,E801010 室內裝潢業；E801020 門窗安裝工程業；E801030 室內輕鋼架工程業；E801040 玻璃安裝工程業；E801070 廚具、衛浴設備安裝工程業；E901010 油漆工程業；EZ99990 其他工程業；I501010 產品設計業；I503010 景觀設計業；I504010 花藝設計業；I599990 其他設計業；E599010 配管工程業；E601010 電器承裝業；E601020 電器安裝業；E603050 自動控制設備工程業；E603090 照明設備安裝工程業；E701040 簡易電信設備安裝業；E903010 防蝕、防銹工程業；ZZ99999 除許可業務外，得經營法令非禁止或限制之業務,新北市,設立,11503
61249443,曜創企業社,新北市新莊區中華路2段171號10樓,李承翰,200000,115/03/26,,,F213060 電信器材零售業；F213110 電池零售業；F209060 文教、樂器、育樂用品零售業；F399040 無店面零售業；F399990 其他綜合零售業；IE01010 電信業務門號代辦業；I401010 一般廣告服務業；JA02010 電器及電子產品修理業；ZZ99999 除許可業務外，得經營法令非禁止或限制之業務,新北市,設立,11503
61249458,十八灶咖店,新北市三重區光興街18號,陳保樹,50000,115/03/26,,,F203010 食品什貨、飲料零售業；F203020 菸酒零售業；F501060 餐館業；ZZ99999 除許可業務外，得經營法令非禁止或限制之業務,新北市,設立,11503
61249464,玖群企業社,新北市五股區成泰路1段189巷60號8樓115年03月,高建興,168000,115/03/26,,,I401010 一般廣告服務業；I599990 其他設計業；IZ01010 影印業；IZ02010 打字業；C703010 印刷品裝訂及加工業；ZZ99999 除許可業務外，得經營法令非禁止或限制之業務,新北市,設立,11503
61249470,許願工作室,新北市三重區車路頭街131巷14號,許家禾,200000,115/03/26,,,IZ99990 其他工商服務業；J303010 雜誌（期刊）出版業；J304010 圖書出版業；I301010 資訊軟體服務業；F106020 日常用品批發業；F206020 日常用品零售業；F401010 國際貿易業；I401010 一般廣告服務業；JZ99990 未分類其他服務業；F215020 礦石零售業；F399040 無店面零售業；IG02010 研究發展服務業；I103060 管理顧問業；I199990 其他顧問服務業；ZZ99999 除許可業務外，得經營法令非禁止或限制之業務,新北市,設立,11503
61249485,立立在木企業社,新北市林口區民富街99號2樓之1,宗旻立,200000,115/03/26,,,E801010 室內裝潢業；E901010 油漆工程業；E601020 電器安裝業；E599010 配管工程業；E603090 照明設備安裝工程業；I503010 景觀設計業；I599990 其他設計業；I401010 一般廣告服務業；EZ99990 其他工程業；F205040 家具、寢具、廚房器具、裝設品零售業；F211010 建材零售業；ZZ99999 除許可業務外，得經營法令非禁止或限制之業務,新北市,設立,11503
61249491,詺四軸穿越機個人工作室,新北市永和區保安路94號2樓,湯春桃,30000,115/03/27,,,F218010 資訊軟體零售業；I301010 資訊軟體服務業；JA02010 電器及電子產品修理業,新北市,設立,11503
61249507,早安壹號,新北市林口區自強二街1號,李妍靚,50000,115/03/27,,,F501060 餐館業；F501990 其他餐飲業；F501030 飲料店業；F203010 食品什貨、飲料零售業；F399040 無店面零售業；F399990 其他綜合零售業；ZZ99999 除許可業務外，得經營法令非禁止或限制之業務,新北市,設立,11503
61249513,夾擱萊瓊泰店,新北市新莊區瓊泰路37號(1樓),郭哲維,100000,115/03/27,,,F209060 文教、樂器、育樂用品零售業；F299990 其他零售業；ZZ99999 除許可業務外，得經營法令非禁止或限制之業務,新北市,設立,11503
61249529,家家福炸雞店,新北市鶯歌區中正三路219號,馬淂銓,200000,115/03/27,,,F501990 其他餐飲業；ZZ99999 除許可業務外，得經營法令非禁止或限制之業務,新北市,設立,11503
61249534,卡洛斯運動工作室,新北市板橋區懷德街24號115年03月,汪士堯,200000,115/03/27,,,J802010 運動訓練業；J803010 運動表演業；J202010 產業育成業；I199990 其他顧問服務業；ZZ99999 除許可業務外，得經營法令非禁止或限制之業務,新北市,設立,11503
61249540,聯利工程行,新北市三重區富福街113號3樓,陳韋彥,200000,115/03/27,,,A102050 作物栽培服務業；A102080 園藝服務業；E599010 配管工程業；E601020 電器安裝業；E901010 油漆工程業；EZ02010 起重工程業；EZ07010 鑽孔工程業；EZ99990 其他工程業；F113020 電器批發業；F113990 其他機械器具批發業；IZ12010 人力派遣業；J101030 廢棄物清除業；J101040 廢棄物處理業；J101080 資源回收業；J101090 廢棄物清理業；ZZ99999 除許可業務外，得經營法令非禁止或限制之業務,新北市,設立,11503
61249555,呈果顧問企業社,新北市中和區中山路2段332巷1號7樓,曾士軒,200000,115/03/27,,,JE01010 租賃業；I103060 管理顧問業；I199990 其他顧問服務業；I102010 一般投資顧問業；IZ99990 其他工商服務業；ZZ99999 除許可業務外，得經營法令非禁止或限制之業務,新北市,設立,11503
61249561,永錮企業社,新北市三重區正義北路16巷12號(2樓),黃忠志,200000,115/03/27,,,E603100 電焊工程業；E901010 油漆工程業；E903010 防蝕、防銹工程業；E801040 玻璃安裝工程業；E801020 門窗安裝工程業；E801070 廚具、衛浴設備安裝工程業；EZ07010 鑽孔工程業；EZ99990 其他工程業；ZZ99999 除許可業務外，得經營法令非禁止或限制之業務,新北市,設立,11503
61249577,興仔小吃店,新北市鶯歌區龍七路255號(1樓) 115年03月,王哲興,100000,115/03/27,,,F501060 餐館業,新北市,設立,11503
61249582,豐澤包裝商行,新北市八里區中山路2段466巷27號(1樓),廖志揚,200000,115/03/27,,,F109070 文教、樂器、育樂用品批發業；F209060 文教、樂器、育樂用品零售業；F106020 日常用品批發業；F206020 日常用品零售業；F107190 塑膠膜、袋批發業；F207190 塑膠膜、袋零售業；F107030 清潔用品批發業；F207030 清潔用品零售業；F106010 五金批發業；F206010 五金零售業；F108031 醫療器材批發業；F208031 醫療器材零售業；F102180 酒精批發業；F203030 酒精零售業；F104110 布疋、衣著、鞋、帽、傘、服飾品批發業；F204110 布疋、衣著、鞋、帽、傘、服飾品零售業；F112030 木炭批發業；F212040 木炭零售業；F106050 陶瓷玻璃器皿批發業；F102170 食品什貨批發業；F203010 食品什貨、飲料零售業；F207990 其他化學製品零售業；F401010 國際貿易業；I501010 產品設計業；IZ06010 理貨包裝業；F399040 無店面零售業；F399990 其他綜合零售業；ZZ99999 除許可業務外，得經營法令非禁止或限制之業務,新北市,設立,11503
61249598,展綾家具行,新北市土城區中州路30巷25號4樓115年03月,曾秉瑜,200000,115/03/27,,,E801010 室內裝潢業；I503010 景觀設計業；ZZ99999 除許可業務外，得經營法令非禁止或限制之業務；C401030 皮革、毛皮整製業；C501040 組合木材製造業；C501060 木質容器製造業；C501070 竹、藤製品製造業；C501990 其他木製品製造業；CN01010 家具及裝設品製造業；F105050 家具、寢具、廚房器具、裝設品批發業；F199990 其他批發業；F205040 家具、寢具、廚房器具、裝設品零售業；JB01010 會議及展覽服務業,新北市,設立,11503
61249605,玖城企業社,新北市三重區永安北路2段5巷25號,王勛生,100000,115/03/27,,,F113070 電信器材批發業；F113050 電腦及事務性機器設備批發業；F113030 精密儀器批發業；F113020 電器批發業；F113010 機械批發業；F113110 電池批發業；F117010 消防安全設備批發業；F118010 資訊軟體批發業；F119010 電子材料批發業；F120010 耐火材料批發業；F111090 建材批發業；F106040 水器材料批發業；F105050 家具、寢具、廚房器具、裝設品批發業；E599010 配管工程業；E601010 電器承裝業；E601020 電器安裝業；E603040 消防安全設備安裝工程業；E603090 照明設備安裝工程業；E607010 太陽熱能設備安裝工程業；E701040 簡易電信設備安裝業；E801010 室內裝潢業；E801030 室內輕鋼架工程業；E801070 廚具、衛浴設備安裝工程業；E901010 油漆工程業；EZ99990 其他工程業；E605010 電腦設備安裝業；E603050 自動控制設備工程業；E502010 燃料導管安裝工程業；I599990 其他設計業；I503010 景觀設計業；IZ12010 人力派遣業；IF01010 消防安全設備檢修業；J101010 建築物清潔服務業；JA02010 電器及電子產品修理業；JZ99050 仲介服務業；ZZ99999 除許可業務外，得經營法令非禁止或限制之業務,新北市,設立,11503
61249611,本尼在家工作室,新北市中和區中山路2段332巷13號12樓115年03月,楊明憲,200000,115/03/27,,,F106020 日常用品批發業；F206020 日常用品零售業；F104110 布疋、衣著、鞋、帽、傘、服飾品批發業；F204110 布疋、衣著、鞋、帽、傘、服飾品零售業；F102170 食品什貨批發業；F203010 食品什貨、飲料零售業；I401010 一般廣告服務業；J305010 有聲出版業；J503050 錄影節目帶業（原:J503051錄影節目帶業）；J601010 藝文服務業；J602010 演藝活動業；J603010 音樂展演空間業；JZ99030 攝影業；F399040 無店面零售業；ZZ99999 除許可業務外，得經營法令非禁止或限制之業務,新北市,設立,11503
61249627,辣娜赫工作室,新北市五股區凌雲路1段149巷21號之5,何信玲,30000,115/03/27,,,JZ99080 美容美髮服務業,新北市,設立,11503
61249632,蘇旺小吃店,新北市中和區華新街72號(1樓),蘇志旺,180000,115/03/27,,,F501060 餐館業,新北市,設立,11503
61249648,匠無二工程行,新北市深坑區北深路3段215巷9號,吳孝廉,200000,115/03/27,,,E801010 室內裝潢業；E801030 室內輕鋼架工程業；E801040 玻璃安裝工程業；E801070 廚具、衛浴設備安裝工程業；E901010 油漆工程業；E903010 防蝕、防銹工程業；ZZ99999 除許可業務外，得經營法令非禁止或限制之業務,新北市,設立,11503
61249653,詠棋實業工程行,新北市中和區國光街107巷2弄8號2樓,杜月琴,246000,115/03/27,,,E901010 油漆工程業；E903010 防蝕、防銹工程業；E801010 室內裝潢業；E801020 門窗安裝工程業；E801030 室內輕鋼架工程業；E801040 玻璃安裝工程業；E599010 配管工程業；E603120 噴砂工程業；EZ14010 運動場地用設備工程業；EZ11010 球場跑道樹脂材料鋪設工程業；EZ15010 保溫、保冷安裝工程業；EZ07010 鑽孔工程業；EZ05010 儀器、儀表安裝工程業；EZ99990 其他工程業；F107010 漆料、塗料批發業；F111090 建材批發業；F106010 五金批發業；F107200 化學原料批發業；F107990 其他化學製品批發業；I503010 景觀設計業；J101010 建築物清潔服務業；J101030 廢棄物清除業；J101040 廢棄物處理業；F401010 國際貿易業；ZZ99999 除許可業務外，得經營法令非禁止或限制之業務,新北市,設立,11503
61249669,鮮蔡果食行,新北市林口區文化二路1段230巷22弄8號(1樓),蔡順昌,100000,115/03/27,,,F201010 農產品零售業；F399040 無店面零售業,新北市,設立,11503
61249675,鑫澤男士理髮商行,新北市三峽區國學街20號(1樓),陳韋霖,200000,115/03/27,,,F206010 五金零售業；F206020 日常用品零售業；F207030 清潔用品零售業；F208040 化粧品零售業；I599990 其他設計業；JZ99080 美容美髮服務業；JZ99990 未分類其他服務業；ZZ99999 除許可業務外，得經營法令非禁止或限制之業務,新北市,設立,11503
61249680,向錢走商行,新北市新莊區西盛街173號10樓115年03月,蔡婷如,200000,115/03/26,,,F399010 便利商店業；ZZ99999 除許可業務外，得經營法令非禁止或限制之業務,新北市,設立,11503
61249696,大魔雙和餐飲店,新北市中和區中山路2段311號(1樓),張政洋,200000,115/03/27,,,F203010 食品什貨、飲料零售業；F203020 菸酒零售業；F501060 餐館業；F501030 飲料店業；ZZ99999 除許可業務外，得經營法令非禁止或限制之業務,新北市,設立,11503
61249703,恒瑋商行,新北市林口區文化一路1段55號,劉昌琪,200000,115/03/27,,,F501060 餐館業；F203010 食品什貨、飲料零售業；F399040 無店面零售業；ZZ99999 除許可業務外，得經營法令非禁止或限制之業務,新北市,設立,11503
61249719,清冰影像工作室,新北市新莊區中平路129巷13號(1樓),歐欽濱,100000,115/03/27,,,JZ99030 攝影業；JZ99090 喜慶綜合服務業；J401010 電影片製作業；F399040 無店面零售業；F216010 照相器材零售業；I401010 一般廣告服務業,新北市,設立,11503
61249725,合陶工作室,新北市林口區文化三路2段56號6樓115年03月,簡宇成,100000,115/03/27,,,F399990 其他綜合零售業；J601010 藝文服務業；IZ99990 其他工商服務業,新北市,設立,11503
61249730,迎朋企業社,新北市五股區成洲七路48號8樓,吳聿鈞,245000,115/03/30,,,C306010 成衣業；E599010 配管工程業；E601010 電器承裝業；E601020 電器安裝業；E603010 電纜安裝工程業；E603040 消防安全設備安裝工程業；E603050 自動控制設備工程業；E603080 交通號誌安裝工程業；E603090 照明設備安裝工程業；E604010 機械安裝業；E607010 太陽熱能設備安裝工程業；E701010 電信工程業；E801020 門窗安裝工程業；E901010 油漆工程業；E903010 防蝕、防銹工程業；EZ01011 地下水鑿井業；EZ05010 儀器、儀表安裝工程業；EZ06010 交通標示工程業；EZ07010 鑽孔工程業；EZ15010 保溫、保冷安裝工程業；F106010 五金批發業；F106040 水器材料批發業；F107010 漆料、塗料批發業；F113010 機械批發業；F113020 電器批發業；F113030 精密儀器批發業；F113090 交通標誌器材批發業；F113070 電信器材批發業；F114030 汽、機車零件配備批發業；F117010 消防安全設備批發業；F119010 電子材料批發業；F206010 五金零售業；F206040 水器材料零售業；F207010 漆料、塗料零售業；F213010 電器零售業；F213040 精密儀器零售業；F213060 電信器材零售業；F213080 機械器具零售業；F213090 交通標誌器材零售業；F214030 汽、機車零件配備零售業；F217010 消防安全設備零售業；F401010 國際貿易業；ZZ99999 除許可業務外，得經營法令非禁止或限制之業務,新北市,設立,11503
61249746,家臣工程行,新北市三峽區中園街134號(1樓) 115年03月,劉旭豐,200000,115/03/30,,,E901010 油漆工程業；E903010 防蝕、防銹工程業；EZ99990 其他工程業,新北市,設立,11503
61249751,清真水料理企業社,新北市中和區宜安路26巷7號4樓,邱垣盛,100000,115/03/30,,,F102030 菸酒批發業；F102040 飲料批發業；F102050 茶葉批發業；F102170 食品什貨批發業；F106020 日常用品批發業；ZZ99999 除許可業務外，得經營法令非禁止或限制之業務,新北市,設立,11503
61249767,順昌景觀工程行,新北市淡水區鄧公路30之5號9樓,彭張賢,200000,115/03/30,,,A101050 花卉栽培業；A102080 園藝服務業；EZ02010 起重工程業；F101100 花卉批發業；J101030 廢棄物清除業；J101040 廢棄物處理業；I503010 景觀設計業；IZ12010 人力派遣業,新北市,設立,11503
61249773,超快樂企業社,新北市淡水區民族路29巷12號,王正洋,30000,115/03/30,,,F209060 文教、樂器、育樂用品零售業；F203010 食品什貨、飲料零售業；F218010 資訊軟體零售業；ZZ99999 除許可業務外，得經營法令非禁止或限制之業務,新北市,設立,11503
61249788,洺鑫空調工程行,新北市新莊區新知三路61號3樓,陳柏洺,200000,115/03/30,,,E599010 配管工程業；E601010 電器承裝業；E601020 電器安裝業；E603040 消防安全設備安裝工程業；E603050 自動控制設備工程業；EZ15010 保溫、保冷安裝工程業；F106010 五金批發業；F106040 水器材料批發業；F113020 電器批發業；F117010 消防安全設備批發業；F119010 電子材料批發業；F206010 五金零售業；F206040 水器材料零售業；F213010 電器零售業；F219010 電子材料零售業；F399040 無店面零售業；J101030 廢棄物清除業；JA02010 電器及電子產品修理業；JE01010 租賃業；ZZ99999 除許可業務外，得經營法令非禁止或限制之業務,新北市,設立,11503
61249794,聚豚坊,新北市三峽區插角里插角115號,劉秉睿,100000,115/03/30,,,F201020 畜產品零售業；ZZ99999 除許可業務外，得經營法令非禁止或限制之業務,新北市,設立,11503
61249801,朔映創意工作室,新北市永和區成功路2段52號(1樓) 115年03月,蘇鴻如,50000,115/03/30,,,IZ04010 翻譯業；I599990 其他設計業；JB01010 會議及展覽服務業；F399040 無店面零售業；F206020 日常用品零售業；F203010 食品什貨、飲料零售業；JZ99030 攝影業；ZZ99999 除許可業務外，得經營法令非禁止或限制之業務,新北市,設立,11503
61249817,森煌工程行,新北市石門區中央路28之1號2樓,朱文原,200000,115/03/30,,,E401010 疏濬業；E402010 沙石、淤泥海拋業；E502010 燃料導管安裝工程業；E599010 配管工程業；E603010 電纜安裝工程業；E603040 消防安全設備安裝工程業；E603050 自動控制設備工程業；E603080 交通號誌安裝工程業；E603090 照明設備安裝工程業；E604010 機械安裝業；E607010 太陽熱能設備安裝工程業；E701040 簡易電信設備安裝業；E801010 室內裝潢業；E801020 門窗安裝工程業；E801030 室內輕鋼架工程業；E801040 玻璃安裝工程業；E801070 廚具、衛浴設備安裝工程業；E901010 油漆工程業；E903010 防蝕、防銹工程業；EZ02010 起重工程業；EZ05010 儀器、儀表安裝工程業；EZ06010 交通標示工程業；EZ07010 鑽孔工程業；EZ09010 靜電防護及消除工程業；EZ11010 球場跑道樹脂材料鋪設工程業；EZ99990 其他工程業；F106010 五金批發業；F107010 漆料、塗料批發業；F111090 建材批發業；I503010 景觀設計業；IB01010 建築物公共安全檢查業；IZ12010 人力派遣業；J101010 建築物清潔服務業；JE01010 租賃業；JZ99050 仲介服務業；ZZ99999 除許可業務外，得經營法令非禁止或限制之業務,新北市,設立,11503
61249823,花現幸福工作室,新北市三重區三和路2段173巷3號(3樓),王惠秋,60000,115/03/30,,,J601010 藝文服務業；I599990 其他設計業；F203010 食品什貨、飲料零售業；F209060 文教、樂器、育樂用品零售業；F399040 無店面零售業；ZZ99999 除許可業務外，得經營法令非禁止或限制之業務,新北市,設立,11503
61249838,水姑娘金旺小吃店,新北市樹林區俊英街8號(1樓),魏碧芬,50000,115/03/30,,,F501060 餐館業；ZZ99999 除許可業務外，得經營法令非禁止或限制之業務,新北市,設立,11503
61249859,古坊茶坊,新北市土城區延和路78號115年03月,張瑋庭,50000,115/03/30,,,F501030 飲料店業；F203010 食品什貨、飲料零售業；ZZ99999 除許可業務外，得經營法令非禁止或限制之業務,新北市,設立,11503
61249865,博涵商行,新北市泰山區泰林路2段537巷3號3樓,許博涵,200000,115/03/30,,,F121010 食品添加物批發業；F201010 農產品零售業；F201020 畜產品零售業；F203010 食品什貨、飲料零售業；F204110 布疋、衣著、鞋、帽、傘、服飾品零售業；F205040 家具、寢具、廚房器具、裝設品零售業；F206020 日常用品零售業；F208050 乙類成藥零售業；F208040 化粧品零售業；ZZ99999 除許可業務外，得經營法令非禁止或限制之業務,新北市,設立,11503
61249871,晴序穩定工作室,新北市樹林區復興路197號4樓,廖安妤,150000,115/03/30,,,JZ99080 美容美髮服務業,新北市,設立,11503
61249886,兜兜代行屋,新北市三重區溪尾街328之14號4樓,林淑娟,100000,115/03/30,,,F401010 國際貿易業；F399040 無店面零售業；F204110 布疋、衣著、鞋、帽、傘、服飾品零售業；F206020 日常用品零售業；F208040 化粧品零售業；F209060 文教、樂器、育樂用品零售業；F211010 建材零售業；JZ99080 美容美髮服務業；ZZ99999 除許可業務外，得經營法令非禁止或限制之業務；F203010 食品什貨、飲料零售業；F207010 漆料、塗料零售業；I501010 產品設計業；I599990 其他設計業,新北市,設立,11503
61249892,永動創意工作室,新北市中和區中正路356號16樓,周恆生,10000,115/03/30,,,I301010 資訊軟體服務業；J399010 軟體出版業；J601010 藝文服務業,新北市,設立,11503
61249909,費莉絲美學館,新北市新莊區中平路270巷7弄27號,黃筱靜,80000,115/03/30,,,JZ99080 美容美髮服務業,新北市,設立,11503
61249915,楓江商行,新北市泰山區楓江路17號(1樓),董振宇,100000,115/03/30,,,F209060 文教、樂器、育樂用品零售業；F203010 食品什貨、飲料零售業,新北市,設立,11503
61249921,膜法師汽車美容,新北市鶯歌區信義街89號(1樓),詹智凱,50000,115/03/30,,,JA01990 其他汽車服務業,新北市,設立,11503
61249936,薇虹工作室,新北市三重區秀江街128號(1樓),陳虹妘,100000,115/03/30,,,F501060 餐館業；F501030 飲料店業；F399040 無店面零售業,新北市,設立,11503
61249942,五福明鹹粥,新北市淡水區中山路95巷18號,蔡寶玉,50000,115/03/30,,,F501060 餐館業,新北市,設立,11503
61249957,翔寶工程行,新北市板橋區南雅西路2段123巷10號3樓115年03月,洪嘉瑋,200000,115/03/30,,,E801010 室內裝潢業；E801030 室內輕鋼架工程業；EZ99990 其他工程業；F111090 建材批發業；F120010 耐火材料批發業；F211010 建材零售業；F220010 耐火材料零售業；ZZ99999 除許可業務外，得經營法令非禁止或限制之業務,新北市,設立,11503
61249963,湧展車業行,新北市五股區成泰路3段221巷13弄9號5樓,許瑞湧,100000,115/03/30,,,JA01020 汽車拖吊業；F214020 機車零售業；F214030 汽、機車零件配備零售業；F214050 車胎零售業；F212050 石油製品零售業；F213110 電池零售業,新北市,設立,11503
61249979,躲喵喵數位行銷工作室,新北市新莊區中平路429號28樓,李婉竹,240000,115/03/30,,,F203010 食品什貨、飲料零售業；F204110 布疋、衣著、鞋、帽、傘、服飾品零售業；F206020 日常用品零售業；F213010 電器零售業；F399040 無店面零售業；I401010 一般廣告服務業；ZZ99999 除許可業務外，得經營法令非禁止或限制之業務,新北市,設立,11503
61249984,宏勁國際企業社,新北市汐止區茄興街20巷1弄15號2樓,張適成,200000,115/03/30,,,F111090 建材批發業；F107010 漆料、塗料批發業；F106010 五金批發業；ZZ99999 除許可業務外，得經營法令非禁止或限制之業務,新北市,設立,11503
61249990,子晴工作室,新北市汐止區樟樹二路251巷9號(1樓),夏河隆,50000,115/03/30,,,JZ99080 美容美髮服務業,新北市,設立,11503
61250004,王慕橙企業,新北市土城區中央路4段165巷5號2樓,王郁萱,200000,115/03/30,,,F399040 無店面零售業；F204110 布疋、衣著、鞋、帽、傘、服飾品零售業,新北市,設立,11503
61250010,禪作工作室,新北市新店區新烏路1段11巷1弄18號5樓,杜振隆,200000,115/03/30,,,E599010 配管工程業；E601010 電器承裝業；E601020 電器安裝業；E603090 照明設備安裝工程業；E801010 室內裝潢業；E801020 門窗安裝工程業；E801030 室內輕鋼架工程業；E801040 玻璃安裝工程業；E801070 廚具、衛浴設備安裝工程業；E901010 油漆工程業；E903010 防蝕、防銹工程業；EZ99990 其他工程業；F111090 建材批發業；F211010 建材零售業；F401010 國際貿易業；I501010 產品設計業；IZ12010 人力派遣業；ZZ99999 除許可業務外，得經營法令非禁止或限制之業務,新北市,設立,11503
61250026,燒燒食堂,新北市三重區龍門路127號(1樓),吳念慈,100000,115/03/30,,,F501060 餐館業；ZZ99999 除許可業務外，得經營法令非禁止或限制之業務,新北市,設立,11503
61250031,豐盛雞腿便當,新北市新莊區中誠街179號115年03月,徐振欽,100000,115/03/30,,,F501060 餐館業；F501030 飲料店業；F501990 其他餐飲業；ZZ99999 除許可業務外，得經營法令非禁止或限制之業務,新北市,設立,11503
61250047,鼎賀企業社,新北市新莊區後港一路30號,許佑任,200000,115/03/30,,,F501030 飲料店業；F203010 食品什貨、飲料零售業；F102040 飲料批發業；F102050 茶葉批發業；F102170 食品什貨批發業；F399040 無店面零售業；ZZ99999 除許可業務外，得經營法令非禁止或限制之業務,新北市,設立,11503
61250052,永順利通運行,新北市汐止區大同路3段398號2樓之1,賴契翰,2000000,115/03/30,,,G799990 其他運輸輔助業；IZ06010 理貨包裝業；EZ02010 起重工程業；ZZ99999 除許可業務外，得經營法令非禁止或限制之業務,新北市,設立,11503
61250068,鈞宸國際企業社,新北市三重區中正北路176巷8號,林宸廷,200000,115/03/30,,,F399040 無店面零售業；F401010 國際貿易業；I301010 資訊軟體服務業；I301020 資料處理服務業；I301030 電子資訊供應服務業；I301050 實境體感應用服務業；J799990 其他休閒服務業；JZ99990 未分類其他服務業,新北市,設立,11503
61250074,昕睿企業社,新北市新莊區新知三路61號3樓,張銘榮,200000,115/03/30,,,E599010 配管工程業；E603010 電纜安裝工程業；E603050 自動控制設備工程業；E604010 機械安裝業；E605010 電腦設備安裝業；E701010 電信工程業；E701020 衛星電視ＫＵ頻道、Ｃ頻道器材安裝業；E701030 電信管制射頻器材裝設工程業；EZ05010 儀器、儀表安裝工程業；F113010 機械批發業；F113030 精密儀器批發業；F113050 電腦及事務性機器設備批發業；F113070 電信器材批發業；F113110 電池批發業；F113990 其他機械器具批發業；F118010 資訊軟體批發業；F119010 電子材料批發業；F213030 電腦及事務性機器設備零售業；F213060 電信器材零售業；F213080 機械器具零售業；F213110 電池零售業；F218010 資訊軟體零售業；F219010 電子材料零售業；F401010 國際貿易業；I501010 產品設計業；IG03010 能源技術服務業；J502020 社區共同天線電視設備業；JA02010 電器及電子產品修理業；ZZ99999 除許可業務外，得經營法令非禁止或限制之業務,新北市,設立,11503
61250089,樂饗食品行,新北市板橋區永豐街125號115年03月,辛偉宏,150000,115/03/30,,,F203010 食品什貨、飲料零售業；F399040 無店面零售業；F501060 餐館業,新北市,設立,11503
61250095,承昕珠寶金飾企業社,新北市樹林區俊興街197號（2樓）,朱家慧,200000,115/03/30,,,F215010 首飾及貴金屬零售業；F215020 礦石零售業；F205040 家具、寢具、廚房器具、裝設品零售業；F299990 其他零售業；F399040 無店面零售業；I105010 藝術品諮詢顧問業；I501010 產品設計業；ZZ99999 除許可業務外，得經營法令非禁止或限制之業務,新北市,設立,11503
61250102,泳泉造型工作室,新北市永和區環河西路1段87號(1樓),李姵葳,150000,115/03/30,,,JZ99080 美容美髮服務業；F208040 化粧品零售業,新北市,設立,11503
61250118,火星原商行,新北市中和區廟美街6巷2號,曾國耕,100000,115/03/31,,,F209060 文教、樂器、育樂用品零售業；F206020 日常用品零售業；F109070 文教、樂器、育樂用品批發業；F107030 清潔用品批發業,新北市,設立,11503
61250124,斌士大使企業社,新北市三重區自強路3段42巷7號4樓,何宏斌,240000,115/03/31,,,F203010 食品什貨、飲料零售業；F206020 日常用品零售業；F206040 水器材料零售業；F208040 化粧品零售業；ZZ99999 除許可業務外，得經營法令非禁止或限制之業務,新北市,設立,11503
61250139,吸貓吃狗餐車,新北市樹林區中山路2段110之6號(1樓),張暢濬,200000,115/03/31,,,F203010 食品什貨、飲料零售業；F399990 其他綜合零售業；ZZ99999 除許可業務外，得經營法令非禁止或限制之業務,新北市,設立,11503
61250145,艾莉絲工作室,新北市新莊區富貴路502號7樓,張瑜倩,100000,115/03/31,,,I401010 一般廣告服務業；I301030 電子資訊供應服務業；ZZ99999 除許可業務外，得經營法令非禁止或限制之業務,新北市,設立,11503
61250150,安黎寮泰式廚房,新北市中和區中正路718號,陳安黎,50000,115/03/31,,,F501030 飲料店業；F501060 餐館業；F501990 其他餐飲業；ZZ99999 除許可業務外，得經營法令非禁止或限制之業務,新北市,設立,11503
61250166,拾光選物商行,新北市五股區芳洲二路32號2樓,姚佳妮,50000,115/03/31,,,F399040 無店面零售業,新北市,設立,11503
61250172,晶源藏水晶商行,新北市汐止區大同路2段238號10樓,張雅淇,100000,115/03/31,,,F399040 無店面零售業；F215020 礦石零售業,新北市,設立,11503
61250187,嘟嚕影像工作室,新北市板橋區忠孝路48巷9弄3號(1樓) 115年03月,張育誠,100000,115/03/31,,,F216010 照相器材零售業；I105010 藝術品諮詢顧問業；I301020 資料處理服務業；I301060 網路廣告平臺業；I401010 一般廣告服務業；J304010 圖書出版業；J303010 雜誌（期刊）出版業；J601010 藝文服務業；J503010 廣播節目製作業（原:J503011廣播節目製作業）；J604010 聲音錄製及音樂發行業；J602010 演藝活動業；JZ99030 攝影業；ZZ99999 除許可業務外，得經營法令非禁止或限制之業務；JB01010 會議及展覽服務業,新北市,設立,11503
61250193,業盛交易行,新北市板橋區重慶路60之1號3樓,尹斯玄,100000,115/03/31,,,F104110 布疋、衣著、鞋、帽、傘、服飾品批發業；F109070 文教、樂器、育樂用品批發業；F110010 鐘錶批發業；F115010 首飾及貴金屬批發業；F199990 其他批發業；F204110 布疋、衣著、鞋、帽、傘、服飾品零售業；F209060 文教、樂器、育樂用品零售業；F210010 鐘錶零售業；F215010 首飾及貴金屬零售業；F299990 其他零售業；F401010 國際貿易業；JA02040 鐘錶修理業；ZZ99999 除許可業務外，得經營法令非禁止或限制之業務,新北市,設立,11503
61250200,米屋珈琲館,新北市土城區學府路1段73號,施雯宜,248600,115/03/31,,,F501060 餐館業；F501030 飲料店業；F203010 食品什貨、飲料零售業；ZZ99999 除許可業務外，得經營法令非禁止或限制之業務；F204110 布疋、衣著、鞋、帽、傘、服飾品零售業；F205040 家具、寢具、廚房器具、裝設品零售業；F206020 日常用品零售業；F209060 文教、樂器、育樂用品零售業；F203030 酒精零售業；F206050 寵物食品及其用品零售業；F301010 百貨公司業；JZ99180 寵物美容服務業,新北市,設立,11503
61250216,淳潔商行,新北市板橋區中正路399巷13弄12號3樓,廖健淳,200000,115/03/31,,,F399010 便利商店業；ZZ99999 除許可業務外，得經營法令非禁止或限制之業務,新北市,設立,11503
61250222,國濤工作室,新北市三重區重陽路4段130號12樓,陳國濤,200000,115/03/31,,,I401010 一般廣告服務業；I501010 產品設計業；J303010 雜誌（期刊）出版業；J304010 圖書出版業；J305010 有聲出版業；F401010 國際貿易業；F601010 智慧財產權業；I301020 資料處理服務業；I301030 電子資訊供應服務業；ZZ99999 除許可業務外，得經營法令非禁止或限制之業務,新北市,設立,11503
61250237,沐光寶毛孩企業社,新北市淡水區中正路2段16之1號,張馨云,10000,115/03/31,,,JZ99180 寵物美容服務業；F206050 寵物食品及其用品零售業；JZ99990 未分類其他服務業；ZZ99999 除許可業務外，得經營法令非禁止或限制之業務,新北市,設立,11503
61250243,連世誠工作室,新北市三重區重陽路4段130號12樓115年03月,連世誠,200000,115/03/31,,,I401010 一般廣告服務業；I501010 產品設計業；J303010 雜誌（期刊）出版業；J304010 圖書出版業；J305010 有聲出版業；F401010 國際貿易業；F601010 智慧財產權業；I301020 資料處理服務業；I301030 電子資訊供應服務業；ZZ99999 除許可業務外，得經營法令非禁止或限制之業務,新北市,設立,11503
61250258,旺博數位工作室,新北市土城區新洲路100號8樓,黃效新,240000,115/03/31,,,F109070 文教、樂器、育樂用品批發業；F209060 文教、樂器、育樂用品零售業；F218010 資訊軟體零售業；F118010 資訊軟體批發業；I301010 資訊軟體服務業；I301020 資料處理服務業；I401010 一般廣告服務業；I301030 電子資訊供應服務業；F399040 無店面零售業；F401010 國際貿易業；ZZ99999 除許可業務外，得經營法令非禁止或限制之業務,新北市,設立,11503
61250264,美果鮮果行,新北市三峽區長泰街57之1號(1樓),莊蕙如,200000,115/03/31,,,F201010 農產品零售業；ZZ99999 除許可業務外，得經營法令非禁止或限制之業務,新北市,設立,11503
61250270,源鑫輪業行,新北市淡水區中正路2段16之1號,蔡宗憲,100000,115/03/31,,,F114050 車胎批發業；F114030 汽、機車零件配備批發業；JZ99990 未分類其他服務業；ZZ99999 除許可業務外，得經營法令非禁止或限制之業務,新北市,設立,11503
61250285,傑伊商務企業社,新北市深坑區北深路3段238之8號5樓115年03月,趙芷儀,100000,115/03/31,,,I301010 資訊軟體服務業；I301030 電子資訊供應服務業；I301020 資料處理服務業；IG02010 研究發展服務業；I301060 網路廣告平臺業；I103060 管理顧問業；I199990 其他顧問服務業；IZ99990 其他工商服務業；F399040 無店面零售業；F401010 國際貿易業；F118010 資訊軟體批發業；F218010 資訊軟體零售業；ZZ99999 除許可業務外，得經營法令非禁止或限制之業務,新北市,設立,11503
61250291,旭淏工程行,新北市三重區重新路2段42號5樓之10 115年03月,蘇貴美,1000000,115/03/31,,,E599010 配管工程業；E601020 電器安裝業；E801010 室內裝潢業；E801020 門窗安裝工程業；E801030 室內輕鋼架工程業；E801040 玻璃安裝工程業；E801070 廚具、衛浴設備安裝工程業；E901010 油漆工程業；E903010 防蝕、防銹工程業；EZ07010 鑽孔工程業；EZ99990 其他工程業；F105050 家具、寢具、廚房器具、裝設品批發業；F111090 建材批發業；F113020 電器批發業；F205040 家具、寢具、廚房器具、裝設品零售業；F206010 五金零售業；F211010 建材零售業；F213010 電器零售業；I503010 景觀設計業；J101010 建築物清潔服務業；J101030 廢棄物清除業；J101040 廢棄物處理業；A102080 園藝服務業；E601010 電器承裝業；E603010 電纜安裝工程業；E603020 電梯安裝工程業；E603040 消防安全設備安裝工程業；E603050 自動控制設備工程業；E603080 交通號誌安裝工程業；E603090 照明設備安裝工程業；E603100 電焊工程業；E603110 冷作工程業；E603120 噴砂工程業；E604010 機械安裝業；E605010 電腦設備安裝業；EZ02010 起重工程業；F101100 花卉批發業；F106010 五金批發業；F106020 日常用品批發業；F106040 水器材料批發業；F106050 陶瓷玻璃器皿批發業；F107010 漆料、塗料批發業；F113010 機械批發業；F113030 精密儀器批發業；F113070 電信器材批發業；F113990 其他機械器具批發業；F115020 礦石批發業；F117010 消防安全設備批發業；F118010 資訊軟體批發業；F119010 電子材料批發業；F120010 耐火材料批發業；F201070 花卉零售業；F206020 日常用品零售業；F206040 水器材料零售業；F207010 漆料、塗料零售業；F207030 清潔用品零售業；F213060 電信器材零售業；F213080 機械器具零售業；F213990 其他機械器具零售業；F218010 資訊軟體零售業；F219010 電子材料零售業；F220010 耐火材料零售業；F401010 國際貿易業；H701010 住宅及大樓開發租售業；H703090 不動產買賣業；H703100 不動產租賃業；I102010 一般投資顧問業；I103060 管理顧問業；I105010 藝術品諮詢顧問業；I401010 一般廣告服務業；I501010 產品設計業；I504010 花藝設計業；I599990 其他設計業；IZ12010 人力派遣業；IZ99990 其他工商服務業；JB01010 會議及展覽服務業；JE01010 租賃業,新北市,設立,11503
61250308,秋菊小吃店,新北市板橋區宏國路6號(1樓),劉宣妤,100000,115/03/31,,,F501060 餐館業；F501990 其他餐飲業；F501030 飲料店業；F399040 無店面零售業,新北市,設立,11503
61250314,馨香美顏館,新北市汐止區和平街12號,王惠香,200000,115/03/31,,,JZ99080 美容美髮服務業；ZZ99999 除許可業務外，得經營法令非禁止或限制之業務,新北市,設立,11503
61250320,鴻韻國際實業,新北市新店區永安街61巷6號(1樓),儲方,5000,115/03/31,,,I103060 管理顧問業；J301010 報紙業；J303010 雜誌（期刊）出版業；J304010 圖書出版業；F109070 文教、樂器、育樂用品批發業；F401010 國際貿易業；F203010 食品什貨、飲料零售業；C104020 烘焙炊蒸食品製造業,新北市,設立,11503
61250335,鋐茂車業行,新北市蘆洲區中興街53號(1樓) 115年03月,曾錫宏,200000,115/03/31,,,J101990 其他環境衛生及污染防治服務業；F214020 機車零售業；F214030 汽、機車零件配備零售業；JA02020 機車修理業,新北市,設立,11503
61250341,佩拉國際皮膚管理工作室,新北市淡水區新春街85巷23號,施品瑄,200000,115/03/31,,,JZ99080 美容美髮服務業；F208040 化粧品零售業；J401010 電影片製作業；I401010 一般廣告服務業；F206020 日常用品零售業；F204110 布疋、衣著、鞋、帽、傘、服飾品零售業；ZZ99999 除許可業務外，得經營法令非禁止或限制之業務,新北市,設立,11503
61250356,加幫工業社,新北市樹林區千歲街53之7號5樓,黃銘先,50000,115/03/31,,,CA02010 金屬結構及建築組件製造業；CA02990 其他金屬製品製造業；E801020 門窗安裝工程業；E801030 室內輕鋼架工程業；E801040 玻璃安裝工程業；ZZ99999 除許可業務外，得經營法令非禁止或限制之業務,新北市,設立,11503
61250362,昌昕工程行,新北市五股區成泰路1段32巷35號2樓之1,林秀花,200000,115/03/31,,,E801010 室內裝潢業；E801020 門窗安裝工程業；E801030 室內輕鋼架工程業；E801040 玻璃安裝工程業；E801070 廚具、衛浴設備安裝工程業；E901010 油漆工程業；F105050 家具、寢具、廚房器具、裝設品批發業；F205040 家具、寢具、廚房器具、裝設品零售業；F111090 建材批發業；F211010 建材零售業；F120010 耐火材料批發業；F220010 耐火材料零售業；ZZ99999 除許可業務外，得經營法令非禁止或限制之業務,新北市,設立,11503
61250378,瑞庭企業社,新北市三重區仁愛街139號(1樓),林胡揚,20000,115/03/31,,,F106010 五金批發業；F106020 日常用品批發業；F206010 五金零售業；F206020 日常用品零售業；F399040 無店面零售業；F401010 國際貿易業；ZZ99999 除許可業務外，得經營法令非禁止或限制之業務,新北市,設立,11503
61250383,榮益工程行,新北市土城區新洲路100號8樓115年03月,曹忠榮,200000,115/03/31,,,E801010 室內裝潢業；E601020 電器安裝業；E901010 油漆工程業；E801040 玻璃安裝工程業；E801020 門窗安裝工程業；E801030 室內輕鋼架工程業；E801070 廚具、衛浴設備安裝工程業；F205040 家具、寢具、廚房器具、裝設品零售業；F105050 家具、寢具、廚房器具、裝設品批發業；ZZ99999 除許可業務外，得經營法令非禁止或限制之業務,新北市,設立,11503
61250399,嘉丞水電工程行,新北市中和區中山路2段332巷13號12樓,彭嘉煥,200000,115/03/31,,,F105050 家具、寢具、廚房器具、裝設品批發業；F117010 消防安全設備批發業；F106040 水器材料批發業；F113070 電信器材批發業；F106010 五金批發業；F111090 建材批發業；F113020 電器批發業；F205040 家具、寢具、廚房器具、裝設品零售業；F217010 消防安全設備零售業；F206040 水器材料零售業；F213060 電信器材零售業；F206010 五金零售業；F211010 建材零售業；F213010 電器零售業；F299990 其他零售業；F401010 國際貿易業；E599010 配管工程業；EZ99990 其他工程業；E601020 電器安裝業；E701040 簡易電信設備安裝業；E603090 照明設備安裝工程業；E603040 消防安全設備安裝工程業；E801070 廚具、衛浴設備安裝工程業；ZZ99999 除許可業務外，得經營法令非禁止或限制之業務,新北市,設立,11503
61250406,宏達木箱行,新北市板橋區重慶路89巷13號,柯森義,200000,115/03/31,,,F199990 其他批發業；F299990 其他零售業；ZZ99999 除許可業務外，得經營法令非禁止或限制之業務,新北市,設立,11503
61250412,三來貓旅館,新北市樹林區學成路607號(1樓),王志恒,100000,115/03/31,,,A401031 特定寵物服務業；F206050 寵物食品及其用品零售業,新北市,設立,11503
61250428,華傑工程行,新北市土城區清水路234巷15弄1號5樓115年03月,蘇瑞華,200000,115/03/31,,,E801010 室內裝潢業；E801020 門窗安裝工程業；E801040 玻璃安裝工程業；E801070 廚具、衛浴設備安裝工程業；E901010 油漆工程業；E601010 電器承裝業；E603090 照明設備安裝工程業；E599010 配管工程業；EZ99990 其他工程業；F211010 建材零售業；ZZ99999 除許可業務外，得經營法令非禁止或限制之業務,新北市,設立,11503
61250433,集富水電工程行,新北市樹林區信義街15號,許集偉,200000,115/03/31,,,F106010 五金批發業；F111090 建材批發業；F106040 水器材料批發業；F119010 電子材料批發業；F113070 電信器材批發業；F105050 家具、寢具、廚房器具、裝設品批發業；F206010 五金零售業；F211010 建材零售業；F206040 水器材料零售業；F219010 電子材料零售業；F213060 電信器材零售業；F205040 家具、寢具、廚房器具、裝設品零售業；E601010 電器承裝業；E601020 電器安裝業；E603090 照明設備安裝工程業；E801070 廚具、衛浴設備安裝工程業；E603040 消防安全設備安裝工程業；ZZ99999 除許可業務外，得經營法令非禁止或限制之業務,新北市,設立,11503
61250449,呷呷烤串店,新北市新莊區民安東路8號（1樓）,蘇漢文,100000,115/03/31,,,F501060 餐館業,新北市,設立,11503
61250454,芸芷企業社,新北市土城區學士路21號6樓之1,林芷柔,200000,115/03/31,,,F401010 國際貿易業；F399040 無店面零售業；I199990 其他顧問服務業；JE01010 租賃業,新北市,設立,11503
61250460,越見越難忘小吃店,新北市中和區連城路250號,丁金釧,249999,115/03/31,,,F501060 餐館業,新北市,設立,11503
61250481,龍貞工程行,新北市三重區龍濱路194號3樓,莊美貞,200000,115/03/31,,,EZ02010 起重工程業；EZ07010 鑽孔工程業；E599010 配管工程業；E801010 室內裝潢業；E901010 油漆工程業；E903010 防蝕、防銹工程業；EZ99990 其他工程業；ZZ99999 除許可業務外，得經營法令非禁止或限制之業務,新北市,設立,11503
61338212,三六九牛肉麵商行,新北市蘆洲區光華路48號之3,宋依春,50000,115/03/25,,,F501060 餐館業,新北市,設立,11503
61356647,沐星美學館,新北市板橋區莊敬路159號,吳俞吟,100000,115/03/10,,,JZ99080 美容美髮服務業；ZZ99999 除許可業務外，得經營法令非禁止或限制之業務,新北市,設立,11503
61366716,宜嵐蔬果行,新北市板橋區板城路1000號,李梓丞,200000,115/03/09,,,F201010 農產品零售業；ZZ99999 除許可業務外，得經營法令非禁止或限制之業務,新北市,設立,11503
61372983,江媽媽手作餅乾,新北市樹林區中山路2段48號3樓,吳俊立,30000,115/03/03,,,F399040 無店面零售業,新北市,設立,11503
61373771,花田早午餐,新北市新莊區中榮街62號(1樓) 115年03月,鄭堯允,200000,115/03/06,,,F501990 其他餐飲業；C104020 烘焙炊蒸食品製造業；C110010 飲料製造業；F203010 食品什貨、飲料零售業；F399990 其他綜合零售業；ZZ99999 除許可業務外，得經營法令非禁止或限制之業務,新北市,設立,11503
61386403,胖滷商行,新北市三重區新北大道路2段85號,李柏翰,200000,115/03/26,,,F203010 食品什貨、飲料零售業；F501060 餐館業；F501990 其他餐飲業；ZZ99999 除許可業務外，得經營法令非禁止或限制之業務,新北市,設立,11503
61387260,夾樂樂企業社,新北市中和區景平路552號,王文奎,168000,115/03/09,,,F209060 文教、樂器、育樂用品零售業；F203010 食品什貨、飲料零售業,新北市,設立,11503
61387629,蒜香無骨炸雞店,新北市汐止區樟樹一路129巷4號,黃嘉豪,100000,115/03/16,,,F501030 飲料店業；F203010 食品什貨、飲料零售業；ZZ99999 除許可業務外，得經營法令非禁止或限制之業務,新北市,設立,11503
61389350,老地方企業社,新北市三重區重陽路2段5號,李宗達,245000,115/03/04,,,J799990 其他休閒服務業；JE01010 租賃業；J803020 運動比賽業；F203010 食品什貨、飲料零售業；F203020 菸酒零售業；F209060 文教、樂器、育樂用品零售業；F299990 其他零售業；ZZ99999 除許可業務外，得經營法令非禁止或限制之業務,新北市,設立,11503
61394059,米頌貝個人工作室,新北市板橋區文化路1段47號,李逸群,200000,115/03/31,,,JZ99080 美容美髮服務業；F208040 化粧品零售業,新北市,設立,11503
72751402,蘇菲精品傢飾,新北市土城區學成路97巷1號2樓,陳羽潔,200000,115/03/13,,,F204110 布疋、衣著、鞋、帽、傘、服飾品零售業；F206020 日常用品零售業；F208040 化粧品零售業；F213010 電器零售業；F399040 無店面零售業；F401010 國際貿易業；F213060 電信器材零售業；F205040 家具、寢具、廚房器具、裝設品零售業；F206010 五金零售業,新北市,設立,11503
87434643,三多企業社,新北市樹林區光榮街18之3號3樓,李政鋒,880000,115/03/13,,,E601020 電器安裝業；F213010 電器零售業；JA02010 電器及電子產品修理業,新北市,設立,11503
87532715,明翠藥局,新北市板橋區四維路146、148號(1樓)、2樓,林婕妤,10000,115/03/04,,,F208040 化粧品零售業；F208050 乙類成藥零售業；F203010 食品什貨、飲料零售業；F207030 清潔用品零售業；F207070 動物用藥零售業；F206020 日常用品零售業；F206050 寵物食品及其用品零售業；ZZ99999 除許可業務外，得經營法令非禁止或限制之業務,新北市,設立,11503
87551487,鴨公王紅面薑母鴨,新北市新莊區中原路102號,章家豪,150000,115/03/05,,,F501060 餐館業,新北市,設立,11503
87564997,仁美藥局,新北市三重區慈愛街51號(1樓)、2樓115年03月,朱俐潔,10000,115/03/05,,,F208040 化粧品零售業；F208050 乙類成藥零售業；F203010 食品什貨、飲料零售業；F207030 清潔用品零售業；F207070 動物用藥零售業；F206020 日常用品零售業；F206050 寵物食品及其用品零售業；ZZ99999 除許可業務外，得經營法令非禁止或限制之業務,新北市,設立,11503
88914466,宵度商店,新北市永和區秀朗路1段160號,吳宗樺,100000,115/03/18,,,F101040 家畜家禽批發業；F101050 水產品批發業；F101130 蔬果批發業；F101990 其他農、畜、水產品批發業；F102020 食用油脂批發業；F102040 飲料批發業；F102170 食品什貨批發業；F201010 農產品零售業；F201020 畜產品零售業；F201030 水產品零售業；F201990 其他農畜水產品零售業；F203010 食品什貨、飲料零售業,新北市,設立,11503
91393166,大有藥局,新北市三重區中正北路213號(1樓)、2樓及215號(1樓)、2樓,楊昇頤,10000,115/03/19,,,F208040 化粧品零售業；F208050 乙類成藥零售業；F203010 食品什貨、飲料零售業；F207030 清潔用品零售業；F207070 動物用藥零售業；F206020 日常用品零售業；F206050 寵物食品及其用品零售業；ZZ99999 除許可業務外，得經營法令非禁止或限制之業務,新北市,設立,11503
91606610,小蠻牛牛排,新北市新莊區福壽街57號,陳信達,100000,115/03/30,,,F501060 餐館業,新北市,設立,11503
91635170,大樹幸福藥局,新北市新莊區幸福路672號(1樓),周大鈞,10000,115/03/04,,,F208040 化粧品零售業；F208050 乙類成藥零售業；F203010 食品什貨、飲料零售業；F207030 清潔用品零售業；F207070 動物用藥零售業；F206020 日常用品零售業；F206050 寵物食品及其用品零售業；ZZ99999 除許可業務外，得經營法令非禁止或限制之業務,新北市,設立,11503
92615665,樂夏雲朵小舖,新北市板橋區大觀路1段28巷75號之1,洪幼曦,20000,115/03/16,,,F399040 無店面零售業；F208031 醫療器材零售業；F210020 眼鏡零售業,新北市,設立,11503
93030606,莊敬藥局,新北市板橋區莊敬路163號(1樓),張珮翎,10000,115/03/10,,,F208040 化粧品零售業；F208050 乙類成藥零售業；F203010 食品什貨、飲料零售業；F207030 清潔用品零售業；F207070 動物用藥零售業；F206020 日常用品零售業；F206050 寵物食品及其用品零售業；ZZ99999 除許可業務外，得經營法令非禁止或限制之業務,新北市,設立,11503
93033358,重慶藥局,新北市板橋區國慶路127號(1樓) 115年03月,黃俊元,10000,115/03/09,,,F208040 化粧品零售業；F208050 乙類成藥零售業；F203010 食品什貨、飲料零售業；F207030 清潔用品零售業；F207070 動物用藥零售業；F206020 日常用品零售業；F206050 寵物食品及其用品零售業；ZZ99999 除許可業務外，得經營法令非禁止或限制之業務,新北市,設立,11503
95037739,將晴企業社,新北市新莊區四維路212巷4弄6號(1樓),詹世偉,200000,115/03/31,,,F501060 餐館業；F203010 食品什貨、飲料零售業；ZZ99999 除許可業務外，得經營法令非禁止或限制之業務,新北市,設立,11503
95076795,重陽藥局,新北市三重區重陽路4段36、38號(1樓),鄭哲易,10000,115/03/04,,,F208040 化粧品零售業；F208050 乙類成藥零售業；F203010 食品什貨、飲料零售業；F207030 清潔用品零售業；F207070 動物用藥零售業；F206020 日常用品零售業；F206050 寵物食品及其用品零售業；ZZ99999 除許可業務外，得經營法令非禁止或限制之業務,新北市,設立,11503
95164278,光榮藥局,新北市新莊區民安東路10號(1樓)、2樓,謝炘翰,10000,115/03/26,,,F208040 化粧品零售業；F208050 乙類成藥零售業；F203010 食品什貨、飲料零售業；F207030 清潔用品零售業；F207070 動物用藥零售業；F206020 日常用品零售業；F206050 寵物食品及其用品零售業；ZZ99999 除許可業務外，得經營法令非禁止或限制之業務,新北市,設立,11503
95167535,玩家選物販賣店,新北市板橋區松柏街83號(1樓),林崇皓,8000,115/03/24,,,F209060 文教、樂器、育樂用品零售業,新北市,設立,11503
