統一編號,公司名稱,公司所在地,代表人,資本額,核准設立日期,核准變更日期,案由或變更事項,營業項目,縣市,清冊,期別
20289938,韋成機車行,新北市淡水區北新路141巷3號,白炳煥,50000,115/09/02,,,JA02020 機車修理業,新北市,設立,11509
26112901,鱻宴生猛活海鮮小吃店,新北市新莊區中港路331號,王文旗,100000,115/09/03,,,F501060 餐館業,新北市,設立,11509
26128663,荷富小吃,新北市五股區成泰路2段102號,洪瑄筠,200000,115/09/14,,,F501030 飲料店業；F501990 其他餐飲業；F102170 食品什貨批發業；F203010 食品什貨、飲料零售業；F399990 其他綜合零售業；ZZ99999 除許可業務外，得經營法令非禁止或限制之業務,新北市,設立,11509
31480449,鼎利工程行,新北市鶯歌區永和街182號(1樓),陳梅子,200000,115/09/23,,,EZ99990 其他工程業；F211010 建材零售業；E801010 室內裝潢業；ZZ99999 除許可業務外，得經營法令非禁止或限制之業務,新北市,設立,11509
31502464,十八個孩子民宿,新北市三芝區芝柏路97號,黃瑞齡,1000,115/09/04,,,J905010 民宿；F501060 餐館業；F501030 飲料店業；F203010 食品什貨、飲料零售業,新北市,設立,11509
31533776,金仙進億盒餐店,新北市淡水區北新路141巷1號,彭進億,50000,115/09/16,,,F501060 餐館業,新北市,設立,11509
34370023,泰和汽車修配廠,新北市中和區景新街160巷4號,鄭朝順,40000,115/09/18,,,F114030 汽、機車零件配備批發業；F214030 汽、機車零件配備零售業；JA01010 汽車修理業；ZZ99999 除許可業務外，得經營法令非禁止或限制之業務,新北市,設立,11509
41134382,北園米其林麵館,新北市林口區文化三路1段555巷5號(1樓),武雅君,200000,115/09/17,,,F501060 餐館業,新北市,設立,11509
50572019,頤景企業社,新北市泰山區台麗街4號(1樓),王義文,100000,115/09/09,,,C306010 成衣業；C307010 服飾品製造業；F104110 布疋、衣著、鞋、帽、傘、服飾品批發業；F399040 無店面零售業；F401010 國際貿易業；I502010 服飾設計業；JZ99070 裁縫服務業；ZZ99999 除許可業務外，得經營法令非禁止或限制之業務,新北市,設立,11509
61286241,邦保夾自助選物販賣,新北市林口區中山路65號115年09月,游秉哲,100000,115/09/01,,,F209060 文教、樂器、育樂用品零售業,新北市,設立,11509
61286256,來財商鋪,新北市淡水區新興街70號,葉讚賢,200000,115/09/01,,,ZZ99999 除許可業務外，得經營法令非禁止或限制之業務；F209060 文教、樂器、育樂用品零售業；F299990 其他零售業；F206010 五金零售業；F206020 日常用品零售業；F401010 國際貿易業；F109070 文教、樂器、育樂用品批發業；F113050 電腦及事務性機器設備批發業；F113070 電信器材批發業；F118010 資訊軟體批發業；F119010 電子材料批發業；F206030 模具零售業；F206050 寵物食品及其用品零售業；F213010 電器零售業；F213030 電腦及事務性機器設備零售業；F213080 機械器具零售業；F213090 交通標誌器材零售業；F213060 電信器材零售業；F218010 資訊軟體零售業；F219010 電子材料零售業；F601010 智慧財產權業,新北市,設立,11509
61286447,西盛必取選物販賣店,新北市新莊區西盛街332號（1樓）,吳奇陽,100000,115/09/01,,,F209060 文教、樂器、育樂用品零售業,新北市,設立,11509
61286452,海橙商行,新北市樹林區保安街2段70號,錢家玉,200000,115/09/01,,,F501060 餐館業；ZZ99999 除許可業務外，得經營法令非禁止或限制之業務,新北市,設立,11509
61286468,跳石出張所,新北市金山區濆水7之2號,郭麗惠,200000,115/09/01,,,F501060 餐館業,新北市,設立,11509
61286474,朝汐餐飲,新北市新莊區民安路207巷29號,馮浩軒,100000,115/09/01,,,F501030 飲料店業；F501060 餐館業；ZZ99999 除許可業務外，得經營法令非禁止或限制之業務,新北市,設立,11509
61286489,一塊派商行,新北市板橋區大智街71巷2號3樓,陳鎧筑,50000,115/09/01,,,ZZ99999 除許可業務外，得經營法令非禁止或限制之業務；F399040 無店面零售業；F204110 布疋、衣著、鞋、帽、傘、服飾品零售業；F209060 文教、樂器、育樂用品零售業；F299990 其他零售業,新北市,設立,11509
61286495,蘊光商行,新北市新莊區富貴路502號6樓,鄭筱蓉,100000,115/09/01,,,F108040 化粧品批發業；F208040 化粧品零售業；JZ99080 美容美髮服務業；ZZ99999 除許可業務外，得經營法令非禁止或限制之業務；IZ99990 其他工商服務業,新北市,設立,11509
61286501,艾妮可工作室,新北市永和區永和路2段166號11樓之1,張珞瀅,50000,115/09/01,,,J602010 演藝活動業；J601010 藝文服務業；I401010 一般廣告服務業；F204110 布疋、衣著、鞋、帽、傘、服飾品零售業；F399040 無店面零售業；ZZ99999 除許可業務外，得經營法令非禁止或限制之業務,新北市,設立,11509
61286517,品研美學企業社,新北市三重區河邊北街140號115年09月,陳薏婷,50000,115/09/01,,,ZZ99999 除許可業務外，得經營法令非禁止或限制之業務；F208040 化粧品零售業；F108040 化粧品批發業；F399040 無店面零售業,新北市,設立,11509
61286523,大千企業社,新北市淡水區義山路2段259號(1樓),林姿馨,30000,115/09/02,,,F209060 文教、樂器、育樂用品零售業；F203010 食品什貨、飲料零售業；F206010 五金零售業,新北市,設立,11509
61286538,美洲豹運動娛樂工作室,新北市泰山區明志路1段320之1號10樓,劉冠駿,100000,115/09/01,,,F204110 布疋、衣著、鞋、帽、傘、服飾品零售業；F209060 文教、樂器、育樂用品零售業；F399040 無店面零售業；J802010 運動訓練業；J803010 運動表演業；J601010 藝文服務業；F401010 國際貿易業；J602010 演藝活動業；I401010 一般廣告服務業；IZ12010 人力派遣業；ZZ99999 除許可業務外，得經營法令非禁止或限制之業務,新北市,設立,11509
61286559,金瑛清潔社,新北市泰山區明志路3段427號5樓,黃瑛,249000,115/09/01,,,J101010 建築物清潔服務業；J101020 病媒防治業；J101050 環境檢測服務業；J101080 資源回收業；J101090 廢棄物清理業；JZ99050 仲介服務業；JZ99990 未分類其他服務業；IZ12010 人力派遣業；IZ99990 其他工商服務業；F206010 五金零售業；F206020 日常用品零售業；F211010 建材零售業；E801010 室內裝潢業；E901010 油漆工程業；EZ99990 其他工程業；ZZ99999 除許可業務外，得經營法令非禁止或限制之業務,新北市,設立,11509
61286565,讀享工作室,新北市板橋區公館街27號(1樓),徐晨祐,100000,115/09/01,,,F203010 食品什貨、飲料零售業；F501030 飲料店業；JZ99990 未分類其他服務業；ZZ99999 除許可業務外，得經營法令非禁止或限制之業務,新北市,設立,11509
61286571,超人蛋餅早餐店,新北市中和區景新街467巷18號,洪立軒,120000,115/09/01,,,F501060 餐館業；ZZ99999 除許可業務外，得經營法令非禁止或限制之業務,新北市,設立,11509
61286586,浤城工作室,新北市土城區學府路1段98巷23號,陳乾坤,200000,115/09/01,,,JA03010 洗衣業,新北市,設立,11509
61286592,忠孝營養三明治,新北市汐止區忠孝東路398號115年09月,呂佳容,240000,115/09/01,,,F203010 食品什貨、飲料零售業；ZZ99999 除許可業務外，得經營法令非禁止或限制之業務,新北市,設立,11509
61286609,富利達資產顧問企業社,新北市樹林區中山路3段271號(1樓),顏傳穎,240000,115/09/01,,,H703090 不動產買賣業；H703100 不動產租賃業；I102010 一般投資顧問業；I103060 管理顧問業；I199990 其他顧問服務業；I401010 一般廣告服務業；IZ99990 其他工商服務業；JD01010 工商徵信服務業；JE01010 租賃業；JZ99050 仲介服務業；JZ99990 未分類其他服務業；ZZ99999 除許可業務外，得經營法令非禁止或限制之業務,新北市,設立,11509
61286615,歐嗨呦早午餐坊,新北市林口區文化一路2段54號115年09月,吳禹靜,30000,115/09/01,,,F501060 餐館業,新北市,設立,11509
61286621,超前部署電力企業社,新北市中和區中正路277之4號18樓115年09月,吳春江,248000,115/09/01,,,C805050 工業用塑膠製品製造業；C805070 強化塑膠製品製造業；CA01030 鋼鐵鑄造業；CA01050 鋼材二次加工業；CA02010 金屬結構及建築組件製造業；CB01010 機械設備製造業；CB01020 事務機器製造業；CB01030 污染防治設備製造業；CC01010 發電﹑輸電﹑配電機械製造業；CC01030 電器及視聽電子產品製造業；CC01060 有線通信機械器材製造業；CC01070 無線通信機械器材製造業；CC01080 電子零組件製造業；CC01110 電腦及其週邊設備製造業；CD01010 船舶及其零件製造業；CD01020 軌道車輛及其零件製造業；CD01030 汽車及其零件製造業；CD01040 機車及其零件製造業；CD01060 航空器及其零件製造業；CE01010 一般儀器製造業；CE01030 光學儀器製造業；E401010 疏濬業；E402010 沙石、淤泥海拋業；E502010 燃料導管安裝工程業；E599010 配管工程業；E601020 電器安裝業；E603010 電纜安裝工程業；E603040 消防安全設備安裝工程業；E603050 自動控制設備工程業；E603080 交通號誌安裝工程業；E603090 照明設備安裝工程業；E603100 電焊工程業；E604010 機械安裝業；E605010 電腦設備安裝業；E801010 室內裝潢業；E801020 門窗安裝工程業；E801030 室內輕鋼架工程業；E801040 玻璃安裝工程業；E801070 廚具、衛浴設備安裝工程業；E901010 油漆工程業；E903010 防蝕、防銹工程業；EZ02010 起重工程業；EZ05010 儀器、儀表安裝工程業；EZ06010 交通標示工程業；EZ07010 鑽孔工程業；EZ09010 靜電防護及消除工程業；EZ11010 球場跑道樹脂材料鋪設工程業；EZ14010 運動場地用設備工程業；EZ15010 保溫、保冷安裝工程業；EZ99990 其他工程業；F106010 五金批發業；F106030 模具批發業；F113070 電信器材批發業；F113100 污染防治設備批發業；F114080 軌道車輛及其零件批發業；F117010 消防安全設備批發業；F119010 電子材料批發業；F206010 五金零售業；F206030 模具零售業；F206040 水器材料零售業；F213040 精密儀器零售業；F213060 電信器材零售業；F218010 資訊軟體零售業；F401010 國際貿易業；I503010 景觀設計業；IG01010 生物技術服務業；IG03010 能源技術服務業；IZ12010 人力派遣業；J101010 建築物清潔服務業；J101030 廢棄物清除業；J101040 廢棄物處理業；J101050 環境檢測服務業；J101080 資源回收業；J101090 廢棄物清理業；J101110 營建剩餘土石方資源處理業；J101120 營建混合物分類處理業；J101990 其他環境衛生及污染防治服務業；JE01010 租賃業；JZ99050 仲介服務業；ZZ99999 除許可業務外，得經營法令非禁止或限制之業務,新北市,設立,11509
61286636,滿腹商行,新北市淡水區北新路182巷5弄49號,張凱翔,10000,115/09/01,,,F203010 食品什貨、飲料零售業；F501060 餐館業；F501990 其他餐飲業；F501030 飲料店業；F221010 食品添加物零售業；F203020 菸酒零售業；ZZ99999 除許可業務外，得經營法令非禁止或限制之業務,新北市,設立,11509
61286642,心流之境工作室,新北市三峽區國際一街33之2號4樓115年09月,林玫怡,200000,115/09/01,,,J202010 產業育成業；J601010 藝文服務業；J799990 其他休閒服務業；F209060 文教、樂器、育樂用品零售業；JZ99990 未分類其他服務業；ZZ99999 除許可業務外，得經營法令非禁止或限制之業務,新北市,設立,11509
61286657,維拓企業社,新北市淡水區新春街85巷25弄31號4樓,李欣諺,240000,115/09/01,,,CC01080 電子零組件製造業；F119010 電子材料批發業；F219010 電子材料零售業；CA02010 金屬結構及建築組件製造業；CA02990 其他金屬製品製造業；F106010 五金批發業；F206010 五金零售業；C701010 印刷業；I501010 產品設計業；I502010 服飾設計業；C805050 工業用塑膠製品製造業；CH01040 玩具製造業；F109070 文教、樂器、育樂用品批發業；F209060 文教、樂器、育樂用品零售業；F401010 國際貿易業；F399040 無店面零售業；ZZ99999 除許可業務外，得經營法令非禁止或限制之業務；J602010 演藝活動業；I401010 一般廣告服務業,新北市,設立,11509
61286663,禾家涮涮鍋,新北市中和區興南路1段153號,蔡倍榕,200000,115/09/01,,,F501060 餐館業；F501030 飲料店業；F203010 食品什貨、飲料零售業；ZZ99999 除許可業務外，得經營法令非禁止或限制之業務,新北市,設立,11509
61286679,源穎工程行,新北市中和區景新街496巷27弄2號115年09月,黃振源,200000,115/09/01,,,E801010 室內裝潢業；I503010 景觀設計業；E901010 油漆工程業；E801020 門窗安裝工程業；E801030 室內輕鋼架工程業；E801070 廚具、衛浴設備安裝工程業；F111090 建材批發業；F211010 建材零售業；F401010 國際貿易業；ZZ99999 除許可業務外，得經營法令非禁止或限制之業務,新北市,設立,11509
61286684,奇芽室內空間工程工作室,新北市林口區南勢街232號5樓,何宗祐,200000,115/09/01,,,E801010 室內裝潢業；E801020 門窗安裝工程業；E103091 庭園、景觀工程專業營造業；E801040 玻璃安裝工程業；E801070 廚具、衛浴設備安裝工程業；E901010 油漆工程業；EZ99990 其他工程業；E801030 室內輕鋼架工程業；E599010 配管工程業；E601020 電器安裝業；E601010 電器承裝業；F107010 漆料、塗料批發業；F207010 漆料、塗料零售業；F211010 建材零售業；E603090 照明設備安裝工程業；E603100 電焊工程業；I503010 景觀設計業；I504010 花藝設計業；I599990 其他設計業；ZZ99999 除許可業務外，得經營法令非禁止或限制之業務,新北市,設立,11509
61286690,俊燕小吃,新北市新店區安民街368號(1樓),葉俊賢,200000,115/09/01,,,F501060 餐館業,新北市,設立,11509
61286707,育見咖啡工作室,新北市新莊區中央路572號,范揚禎,240000,115/09/01,,,F203010 食品什貨、飲料零售業；F501030 飲料店業；ZZ99999 除許可業務外，得經營法令非禁止或限制之業務,新北市,設立,11509
61286713,盼塗匠藝工程行,新北市新莊區民安西路382號地下一樓之23,張邦泓,190000,115/09/01,,,F107010 漆料、塗料批發業；F207010 漆料、塗料零售業；E901010 油漆工程業；ZZ99999 除許可業務外，得經營法令非禁止或限制之業務,新北市,設立,11509
61286729,立辰工程行,新北市新莊區幸福路817巷8號4樓115年09月,張興立,200000,115/09/01,,,F111090 建材批發業；F106010 五金批發業；E599010 配管工程業；E801010 室內裝潢業；E601020 電器安裝業；E603090 照明設備安裝工程業；E801020 門窗安裝工程業；E801030 室內輕鋼架工程業；E801040 玻璃安裝工程業；E801070 廚具、衛浴設備安裝工程業；E901010 油漆工程業；E903010 防蝕、防銹工程業；EZ07010 鑽孔工程業；EZ99990 其他工程業；J101080 資源回收業；F199010 回收物料批發業；J101010 建築物清潔服務業；J101030 廢棄物清除業；J101090 廢棄物清理業；ZZ99999 除許可業務外，得經營法令非禁止或限制之業務,新北市,設立,11509
61286734,惠興企業社,新北市新莊區新北大道4段173號2樓,林淑惠,200000,115/09/01,,,JA01990 其他汽車服務業；JE01010 租賃業；F102170 食品什貨批發業；F106020 日常用品批發業；F108040 化粧品批發業；F203010 食品什貨、飲料零售業；F206020 日常用品零售業；F208040 化粧品零售業；ZZ99999 除許可業務外，得經營法令非禁止或限制之業務,新北市,設立,11509
61286740,源豐釣具商行,新北市板橋區民生路3段186號20樓之6,魏彥倫,200000,115/09/01,,,F202010 飼料零售業；F206010 五金零售業；F206020 日常用品零售業；F201050 漁具零售業；F399040 無店面零售業；F401010 國際貿易業；ZZ99999 除許可業務外，得經營法令非禁止或限制之業務,新北市,設立,11509
61286755,明美食品商行,新北市五股區成泰路1段189巷14號之3(1樓),李美玲,220000,115/09/01,,,F102170 食品什貨批發業；F203010 食品什貨、飲料零售業；F501990 其他餐飲業；ZZ99999 除許可業務外，得經營法令非禁止或限制之業務,新北市,設立,11509
61286761,陳食小館,新北市五股區明德路14號,許雲惠,200000,115/09/01,,,F203010 食品什貨、飲料零售業；F501030 飲料店業；F501060 餐館業；ZZ99999 除許可業務外，得經營法令非禁止或限制之業務,新北市,設立,11509
61286777,築川工程行,新北市汐止區南昌街45號3樓115年09月,張家嘉,200000,115/09/01,,,E801010 室內裝潢業；EZ99990 其他工程業；E801020 門窗安裝工程業；E801030 室內輕鋼架工程業；E801070 廚具、衛浴設備安裝工程業；E901010 油漆工程業；E599010 配管工程業；E601020 電器安裝業；IZ12010 人力派遣業；I503010 景觀設計業；F111090 建材批發業；F211010 建材零售業；F106010 五金批發業；F206010 五金零售業；J101040 廢棄物處理業；E607010 太陽熱能設備安裝工程業；F205040 家具、寢具、廚房器具、裝設品零售業；F399040 無店面零售業；ZZ99999 除許可業務外，得經營法令非禁止或限制之業務,新北市,設立,11509
61286782,東楊風管工程行,新北市泰山區全興路18巷27號2樓,詹豪,240000,115/09/01,,,F111090 建材批發業；F211010 建材零售業；F106010 五金批發業；F206010 五金零售業；E599010 配管工程業；F113010 機械批發業；F113020 電器批發業；F113990 其他機械器具批發業；F213010 電器零售業；F213080 機械器具零售業；F213990 其他機械器具零售業；ZZ99999 除許可業務外，得經營法令非禁止或限制之業務,新北市,設立,11509
61286798,吉時通工作室,新北市中和區忠孝街60巷2弄5號,彭勝基,100000,115/09/01,,,JZ99990 未分類其他服務業；E599010 配管工程業；E603090 照明設備安裝工程業；J101010 建築物清潔服務業；E601020 電器安裝業,新北市,設立,11509
61286805,安樂歡商行,新北市淡水區新民街322巷1弄7號,游潔恩,200000,115/09/01,,,F399010 便利商店業；ZZ99999 除許可業務外，得經營法令非禁止或限制之業務,新北市,設立,11509
61286811,彗辰水電裝潢工程行,新北市三重區仁德里重新路2段128巷33號3樓,徐孝賢,200000,115/09/02,,,E599010 配管工程業；E601020 電器安裝業；E603090 照明設備安裝工程業；E603010 電纜安裝工程業；E603050 自動控制設備工程業；E801070 廚具、衛浴設備安裝工程業；E801010 室內裝潢業；EZ99990 其他工程業；F106040 水器材料批發業；F206040 水器材料零售業；F113020 電器批發業；F213010 電器零售業；ZZ99999 除許可業務外，得經營法令非禁止或限制之業務,新北市,設立,11509
61286827,板林工程行,新北市樹林區千歲街45號4樓,劉少倫,100000,115/09/02,,,E901010 油漆工程業；ZZ99999 除許可業務外，得經營法令非禁止或限制之業務,新北市,設立,11509
61286832,裕熙美髮店,新北市土城區埤林里裕民路111號（1樓）,江少維,10000,115/09/02,,,JZ99080 美容美髮服務業；ZZ99999 除許可業務外，得經營法令非禁止或限制之業務,新北市,設立,11509
61286848,剛剛好烘焙坊,新北市三重區幸福里自強路1段207號（1樓）,尤志成,200000,115/09/02,,,C104020 烘焙炊蒸食品製造業；F201010 農產品零售業；F203010 食品什貨、飲料零售業；F399040 無店面零售業；ZZ99999 除許可業務外，得經營法令非禁止或限制之業務,新北市,設立,11509
61286853,閃亮亮工作室,新北市三芝區淡金路1段4之1號,陳思辰,100000,115/09/02,,,F399040 無店面零售業；J602010 演藝活動業；ZZ99999 除許可業務外，得經營法令非禁止或限制之業務,新北市,設立,11509
61286869,采恩工作室,新北市板橋區光武街181號(1樓) 115年09月,鄭采恩,50000,115/09/02,,,JZ99080 美容美髮服務業,新北市,設立,11509
61286875,誠品工程行,新北市鶯歌區光明街15巷10號(2樓),黃卉敏,200000,115/09/02,,,E599010 配管工程業；E601010 電器承裝業；E601020 電器安裝業；E603040 消防安全設備安裝工程業；E801010 室內裝潢業；EZ99990 其他工程業；E701040 簡易電信設備安裝業；E901010 油漆工程業；F106010 五金批發業；F111090 建材批發業；F117010 消防安全設備批發業；F120010 耐火材料批發業；F206010 五金零售業；F211010 建材零售業；F217010 消防安全設備零售業；F220010 耐火材料零售業；F399040 無店面零售業；F401010 國際貿易業；ZZ99999 除許可業務外，得經營法令非禁止或限制之業務,新北市,設立,11509
61286880,富豐企業,新北市淡水區沙崙路1段126巷102號12樓,梁羽柔,13000,115/09/02,,,J202010 產業育成業,新北市,設立,11509
61286896,京陽企業社,新北市淡水區英專路19號(1樓),許智瑋,200000,115/09/02,,,F501030 飲料店業；F203010 食品什貨、飲料零售業；F102040 飲料批發業；F102050 茶葉批發業；F102170 食品什貨批發業；F399040 無店面零售業；ZZ99999 除許可業務外，得經營法令非禁止或限制之業務,新北市,設立,11509
61286903,睿富商行,新北市板橋區新翠里互助街104號(1樓),傅惠文,100000,115/09/02,,,F204110 布疋、衣著、鞋、帽、傘、服飾品零售業；F206020 日常用品零售業；F203010 食品什貨、飲料零售業；F399040 無店面零售業；F106020 日常用品批發業；F399990 其他綜合零售業；F401010 國際貿易業；ZZ99999 除許可業務外，得經營法令非禁止或限制之業務,新北市,設立,11509
61286919,欽品建材行,新北市蘆洲區中山一路16１號3樓,張豐欽,200000,115/09/02,,,F105050 家具、寢具、廚房器具、裝設品批發業；F106050 陶瓷玻璃器皿批發業；F111090 建材批發業；F113020 電器批發業；F205040 家具、寢具、廚房器具、裝設品零售業；F211010 建材零售業；F213010 電器零售業；F399040 無店面零售業；F401010 國際貿易業；ZZ99999 除許可業務外，得經營法令非禁止或限制之業務,新北市,設立,11509
61286925,禾安運動工作室,新北市三重區三和路4段203巷195號115年09月,廖柏璁,50000,115/09/02,,,F209060 文教、樂器、育樂用品零售業；J802010 運動訓練業,新北市,設立,11509
61286930,偉傑工程行,新北市新莊區五工一路80巷12號6樓,康明傑,200000,115/09/02,,,E901010 油漆工程業；EZ99990 其他工程業；F107010 漆料、塗料批發業；F207010 漆料、塗料零售業；ZZ99999 除許可業務外，得經營法令非禁止或限制之業務,新北市,設立,11509
61286946,順陸建材行,新北市蘆洲區信義路5之1號,陳昆宏,200000,115/09/02,,,F111090 建材批發業；F211010 建材零售業；F107010 漆料、塗料批發業；F207010 漆料、塗料零售業；F401010 國際貿易業；ZZ99999 除許可業務外，得經營法令非禁止或限制之業務,新北市,設立,11509
61286951,招財貓餐飲商行,新北市淡水區新春街125巷128號(1樓),江承澤,210000,115/09/02,,,F501060 餐館業；F206020 日常用品零售業；F203010 食品什貨、飲料零售業；F501030 飲料店業；ZZ99999 除許可業務外，得經營法令非禁止或限制之業務,新北市,設立,11509
61286967,譹也商行,新北市新莊區建福路70號(1樓),陳詩勻,200000,115/09/02,,,F501030 飲料店業；F501060 餐館業；F501990 其他餐飲業；F206020 日常用品零售業,新北市,設立,11509
61286973,瑞睿商行,新北市瑞芳區民生街15號(1樓),王莉凱,200000,115/09/02,,,F102040 飲料批發業；F102170 食品什貨批發業；F203010 食品什貨、飲料零售業,新北市,設立,11509
61286988,仁仁愛快剪,新北市汐止區仁愛路26號(1樓),陳福州,240000,115/09/02,,,JZ99080 美容美髮服務業,新北市,設立,11509
61286994,姐妹越炸行,新北市板橋區信義路7號,趙家億,150000,115/09/02,,,F102170 食品什貨批發業；F203010 食品什貨、飲料零售業；F399040 無店面零售業；F501030 飲料店業；F501990 其他餐飲業；ZZ99999 除許可業務外，得經營法令非禁止或限制之業務,新北市,設立,11509
61287001,禾暮美學工作室,新北市蘆洲區光華路132巷5號115年09月,陳旻昀,80000,115/09/02,,,JZ99080 美容美髮服務業；F208040 化粧品零售業；F399040 無店面零售業；J202010 產業育成業；ZZ99999 除許可業務外，得經營法令非禁止或限制之業務,新北市,設立,11509
61287017,金星通訊企業社,新北市板橋區陽明街29號之1,林信宏,200000,115/09/02,,,IE01010 電信業務門號代辦業；F113070 電信器材批發業；F213060 電信器材零售業；F113050 電腦及事務性機器設備批發業；F113110 電池批發業；F109070 文教、樂器、育樂用品批發業；F106020 日常用品批發業；F204110 布疋、衣著、鞋、帽、傘、服飾品零售業；F213030 電腦及事務性機器設備零售業；F213110 電池零售業；F218010 資訊軟體零售業；F219010 電子材料零售業；F209060 文教、樂器、育樂用品零售業；F210010 鐘錶零售業；F213010 電器零售業；F299990 其他零售業；F399040 無店面零售業；F399990 其他綜合零售業；F401010 國際貿易業；ZZ99999 除許可業務外，得經營法令非禁止或限制之業務,新北市,設立,11509
61287023,向玹工程行,新北市新店區屈尺里新烏路2段341號2樓,王德隆,200000,115/09/02,,,E801010 室內裝潢業；E801020 門窗安裝工程業；E801070 廚具、衛浴設備安裝工程業；E901010 油漆工程業；E903010 防蝕、防銹工程業；EZ02010 起重工程業；EZ07010 鑽孔工程業；EZ99990 其他工程業；F111090 建材批發業；F199990 其他批發業；F211010 建材零售業；ZZ99999 除許可業務外，得經營法令非禁止或限制之業務,新北市,設立,11509
61287038,毛孩帶路工作室,新北市板橋區四川路1段67號11樓之3 115年09月,沈瑄,200000,115/09/02,,,F206050 寵物食品及其用品零售業；ZZ99999 除許可業務外，得經營法令非禁止或限制之業務,新北市,設立,11509
61287059,為森工程行,新北市淡水區中山北路1段275巷16號2樓115年09月,鄭凱蔚,200000,115/09/02,,,HZ99990 其他金融、保險及不動產業；I102010 一般投資顧問業；I103060 管理顧問業；I199990 其他顧問服務業；IZ12010 人力派遣業；IZ99990 其他工商服務業；JE01010 租賃業；JZ99990 未分類其他服務業；E603040 消防安全設備安裝工程業；E603050 自動控制設備工程業；E603080 交通號誌安裝工程業；E603090 照明設備安裝工程業；E605010 電腦設備安裝業；E801070 廚具、衛浴設備安裝工程業；E901010 油漆工程業；EZ06010 交通標示工程業；EZ99990 其他工程業；F106010 五金批發業；F113020 電器批發業；F113030 精密儀器批發業；F113070 電信器材批發業；F117010 消防安全設備批發業；F119010 電子材料批發業；F206010 五金零售業；F217010 消防安全設備零售業；CA01010 鋼鐵冶鍊業；CA01030 鋼鐵鑄造業；CA01050 鋼材二次加工業；CA02010 金屬結構及建築組件製造業；CA02080 金屬鍛造業；CA02090 金屬線製品製造業；CA02990 其他金屬製品製造業；E601020 電器安裝業；E603020 電梯安裝工程業；E603100 電焊工程業；E701010 電信工程業；E801010 室內裝潢業；E801020 門窗安裝工程業；E801030 室內輕鋼架工程業；E801040 玻璃安裝工程業；E903010 防蝕、防銹工程業；F105050 家具、寢具、廚房器具、裝設品批發業；F106020 日常用品批發業；F107010 漆料、塗料批發業；F111090 建材批發業；F205040 家具、寢具、廚房器具、裝設品零售業；F206020 日常用品零售業；F207010 漆料、塗料零售業；F211010 建材零售業；F401010 國際貿易業；F601010 智慧財產權業；I401010 一般廣告服務業；I501010 產品設計業；I503010 景觀設計業；I599990 其他設計業；ZZ99999 除許可業務外，得經營法令非禁止或限制之業務,新北市,設立,11509
61287065,班作傳興工程行,新北市新莊區成功街33號2樓,林俊宏,200000,115/09/02,,,E801020 門窗安裝工程業；E801010 室內裝潢業；E801030 室內輕鋼架工程業；E801040 玻璃安裝工程業；E801070 廚具、衛浴設備安裝工程業；E901010 油漆工程業；ZZ99999 除許可業務外，得經營法令非禁止或限制之業務,新北市,設立,11509
61287071,得茗茶商行,新北市新莊區富國路182號(1樓),屠翊瑋,200000,115/09/02,,,F501030 飲料店業；F501990 其他餐飲業,新北市,設立,11509
61287086,坤鼎精密企業社,新北市樹林區三俊街65巷40弄1號,吳坤樹,200000,115/09/02,,,C805050 工業用塑膠製品製造業；CA02030 螺絲、螺帽、螺絲釘、及鉚釘等製品製造業；CB01010 機械設備製造業；CB01020 事務機器製造業；CC01080 電子零組件製造業；CC01110 電腦及其週邊設備製造業；CD01030 汽車及其零件製造業；CD01040 機車及其零件製造業；CQ01010 模具製造業；F106010 五金批發業；F106030 模具批發業；F113010 機械批發業；F113050 電腦及事務性機器設備批發業；F114030 汽、機車零件配備批發業；F119010 電子材料批發業；F401010 國際貿易業；ZZ99999 除許可業務外，得經營法令非禁止或限制之業務,新北市,設立,11509
61287092,誠欣工程行,新北市土城區青和街71號2樓,康育誠,100000,115/09/02,,,E801010 室內裝潢業；E901010 油漆工程業；ZZ99999 除許可業務外，得經營法令非禁止或限制之業務,新北市,設立,11509
61287109,飛萬來彩券行,新北市蘆洲區中山一路214號115年09月,蔡福生,100000,115/09/02,,,IZ14020 公益彩券經銷業,新北市,設立,11509
61287115,虹翔裝潢行,新北市中和區中正路736號14樓之3,賴建文,200000,115/09/02,,,E599010 配管工程業；E601010 電器承裝業；E601020 電器安裝業；E603090 照明設備安裝工程業；E801010 室內裝潢業；E801020 門窗安裝工程業；E801030 室內輕鋼架工程業；E801040 玻璃安裝工程業；E801070 廚具、衛浴設備安裝工程業；E901010 油漆工程業；E903010 防蝕、防銹工程業；EZ99990 其他工程業；F207010 漆料、塗料零售業；F211010 建材零售業；ZZ99999 除許可業務外，得經營法令非禁止或限制之業務,新北市,設立,11509
61287121,穗生藝術廣告企業社,新北市汐止區崇德里忠孝東路400號3樓115年09月,林笙展,200000,115/09/02,,,C701010 印刷業；C805070 強化塑膠製品製造業；CH01040 玩具製造業；E801010 室內裝潢業；E901010 油漆工程業；F109070 文教、樂器、育樂用品批發業；F209060 文教、樂器、育樂用品零售業；F399040 無店面零售業；F401010 國際貿易業；I401010 一般廣告服務業；I501010 產品設計業；IZ01010 影印業；ZZ99999 除許可業務外，得經營法令非禁止或限制之業務,新北市,設立,11509
61287136,均耀商行,新北市新店區民權路42巷59弄1之1號,林柏均,200000,115/09/02,,,F399010 便利商店業；F203010 食品什貨、飲料零售業；F203020 菸酒零售業；F203030 酒精零售業；F204110 布疋、衣著、鞋、帽、傘、服飾品零售業；F206020 日常用品零售業；F206050 寵物食品及其用品零售業；F207030 清潔用品零售業；F209060 文教、樂器、育樂用品零售業；F299990 其他零售業；F501030 飲料店業；F501060 餐館業；F501990 其他餐飲業；IZ01010 影印業；IZ99990 其他工商服務業；IZ06010 理貨包裝業；I401010 一般廣告服務業；F102030 菸酒批發業；F102040 飲料批發業；F102170 食品什貨批發業；F106020 日常用品批發業；F399990 其他綜合零售業；F399040 無店面零售業；ZZ99999 除許可業務外，得經營法令非禁止或限制之業務,新北市,設立,11509
61287142,弄堂里香小吃店,新北市新店區建國路213號,高紳紘,200000,115/09/02,,,F501060 餐館業；ZZ99999 除許可業務外，得經營法令非禁止或限制之業務,新北市,設立,11509
61287157,文憑工廠,新北市蘆洲區長安街23巷1號13樓,張榮哲,50000,115/09/02,,,ZZ99999 除許可業務外，得經營法令非禁止或限制之業務；F399040 無店面零售業；J304010 圖書出版業,新北市,設立,11509
61287163,小倆口小吃部,新北市板橋區重慶路153號,黃淑敏,10000,115/09/03,,,F203020 菸酒零售業；F501060 餐館業；F501030 飲料店業,新北市,設立,11509
61287179,蝴蝶騎士工作室,新北市新莊區中正路530號之5,林育澤,30000,115/09/03,,,ZZ99999 除許可業務外，得經營法令非禁止或限制之業務；F399040 無店面零售業；F215010 首飾及貴金屬零售業；F204110 布疋、衣著、鞋、帽、傘、服飾品零售業,新北市,設立,11509
61287184,民順企業社,新北市三峽區永館里文化路41號,林民泰,200000,115/09/03,,,F203010 食品什貨、飲料零售業；F501030 飲料店業；F501060 餐館業；F299990 其他零售業；F501990 其他餐飲業；F399990 其他綜合零售業；ZZ99999 除許可業務外，得經營法令非禁止或限制之業務,新北市,設立,11509
61287190,浩新工程行,新北市板橋區區文化路2段182巷17號2樓115年09月,曾浩倫,200000,115/09/03,,,E599010 配管工程業；E603010 電纜安裝工程業；E901010 油漆工程業；EZ99990 其他工程業；IZ12010 人力派遣業；ZZ99999 除許可業務外，得經營法令非禁止或限制之業務,新北市,設立,11509
61287207,老煮宗企業社,新北市中和區連城路239號(1樓),林芷榆,150000,115/09/03,,,F501990 其他餐飲業,新北市,設立,11509
61287213,木醬美甲,新北市新莊區中和街161號(2樓),郭宥萱,50000,115/09/03,,,JZ99990 未分類其他服務業；ZZ99999 除許可業務外，得經營法令非禁止或限制之業務；JZ99080 美容美髮服務業,新北市,設立,11509
61287229,喵的爪工作室,新北市五股區五福路75號2樓,姜亞圻,30000,115/09/03,,,JZ99080 美容美髮服務業,新北市,設立,11509
61287234,新北市佳奈斯貿易商行,新北市林口區民富街95號10樓,葉爾佳,50000,115/09/03,,,F401010 國際貿易業；F205040 家具、寢具、廚房器具、裝設品零售業；F105050 家具、寢具、廚房器具、裝設品批發業；F206010 五金零售業；ZZ99999 除許可業務外，得經營法令非禁止或限制之業務,新北市,設立,11509
61287240,鶯歌窯燒臭豆腐,新北市鶯歌區中正一路91號,葉春香,150000,115/09/03,,,F501060 餐館業,新北市,設立,11509
61287255,瑞盛實業社,新北市瑞芳區明燈路3段74號2樓,胡翔勛,200000,115/09/03,,,F209060 文教、樂器、育樂用品零售業；F399040 無店面零售業；F401010 國際貿易業；F399990 其他綜合零售業；ZZ99999 除許可業務外，得經營法令非禁止或限制之業務,新北市,設立,11509
61287261,映姿工作室,新北市板橋區雙十路3段10巷1弄21號,丁春月,100000,115/09/03,,,J802010 運動訓練業,新北市,設立,11509
61287277,貓不吃沙拉食研坊,新北市板橋區四川路2段99巷4弄5號,李翊寧,240000,115/09/03,,,F501060 餐館業,新北市,設立,11509
61287282,王沐企業社,新北市新莊區豐年街124巷29號,王沐,50000,115/09/03,,,JZ99990 未分類其他服務業；I599990 其他設計業；I502010 服飾設計業；F204110 布疋、衣著、鞋、帽、傘、服飾品零售業；F399040 無店面零售業；F209060 文教、樂器、育樂用品零售業；ZZ99999 除許可業務外，得經營法令非禁止或限制之業務,新北市,設立,11509
61287298,澳多美咖啡,新北市永和區民有街24巷1弄13號,謝鎮宇,100000,115/09/03,,,F501030 飲料店業；ZZ99999 除許可業務外，得經營法令非禁止或限制之業務,新北市,設立,11509
61287311,張飛德工作室,新北市汐止區東勢街216巷2弄1號(1樓),張庭傑,100000,115/09/03,,,F399040 無店面零售業；F209060 文教、樂器、育樂用品零售業,新北市,設立,11509
61287327,千百合企業社,新北市中和區圓通路56號5樓之7,陳蕾,245000,115/09/03,,,C306010 成衣業；F104110 布疋、衣著、鞋、帽、傘、服飾品批發業；F204110 布疋、衣著、鞋、帽、傘、服飾品零售業；F109070 文教、樂器、育樂用品批發業；F209060 文教、樂器、育樂用品零售業；ZZ99999 除許可業務外，得經營法令非禁止或限制之業務,新北市,設立,11509
61287332,顏妍概念美學館,新北市土城區青雲路330號（1樓）115年09月,謝偲暄,100000,115/09/03,,,JZ99080 美容美髮服務業；F208040 化粧品零售業；ZZ99999 除許可業務外，得經營法令非禁止或限制之業務；F203010 食品什貨、飲料零售業,新北市,設立,11509
61287348,再來一口甜點商行,新北市汐止區新台五路1段95號16樓之1,陳玉鈴,100000,115/09/03,,,F102170 食品什貨批發業；F399040 無店面零售業；F501990 其他餐飲業；F301020 超級市場業；C104020 烘焙炊蒸食品製造業；C201020 寵物食品製造業；F106060 寵物食品及其用品批發業；F206050 寵物食品及其用品零售業；F221010 食品添加物零售業；F121010 食品添加物批發業；C114010 食品添加物製造業；C199990 未分類其他食品製造業；CM01010 箱、包、袋製造業；C307010 服飾品製造業；ZZ99999 除許可業務外，得經營法令非禁止或限制之業務,新北市,設立,11509
61287353,邁卡屋企業社,新北市土城區裕民路92巷24弄5號3樓,戴延璋,200000,115/09/03,,,F214030 汽、機車零件配備零售業；F114030 汽、機車零件配備批發業；F204110 布疋、衣著、鞋、帽、傘、服飾品零售業；F206010 五金零售業；F206020 日常用品零售業；F213010 電器零售業；F399040 無店面零售業；F401010 國際貿易業；I103060 管理顧問業；ZZ99999 除許可業務外，得經營法令非禁止或限制之業務,新北市,設立,11509
61287369,實在蔬果行,新北市三重區永福街211巷6號4樓,邱睿紘,30000,115/09/03,,,F201010 農產品零售業,新北市,設立,11509
61287375,晨宇商行,新北市板橋區信義路２６巷１弄７號,趙晨宇,100000,115/09/03,,,F201020 畜產品零售業；ZZ99999 除許可業務外，得經營法令非禁止或限制之業務,新北市,設立,11509
61287380,友盛工程行,新北市中和區中山路2段332巷1號3樓,陳建友,200000,115/09/03,,,F111090 建材批發業；F211010 建材零售業；E801010 室內裝潢業；EZ99990 其他工程業；E801020 門窗安裝工程業；E801030 室內輕鋼架工程業；E801040 玻璃安裝工程業；E801070 廚具、衛浴設備安裝工程業；I503010 景觀設計業；ZZ99999 除許可業務外，得經營法令非禁止或限制之業務,新北市,設立,11509
61287396,享盒食光商行,新北市新店區安康路3段207巷9號4樓,張妤安,150000,115/09/03,,,F106060 寵物食品及其用品批發業；F501990 其他餐飲業；F501060 餐館業,新北市,設立,11509
61287403,安泰穗咖啡商行,新北市三重區龍門路69號(1樓) 115年09月,陳俊安,200000,115/09/03,,,F501030 飲料店業；F203010 食品什貨、飲料零售業；F501060 餐館業；ZZ99999 除許可業務外，得經營法令非禁止或限制之業務,新北市,設立,11509
61287419,飛宇商行,新北市三重區重新路2段78號15樓,陳寬宏,200000,115/09/03,,,F204110 布疋、衣著、鞋、帽、傘、服飾品零售業；F209060 文教、樂器、育樂用品零售業；F399040 無店面零售業；F401010 國際貿易業；F215010 首飾及貴金屬零售業；F299990 其他零售業；ZZ99999 除許可業務外，得經營法令非禁止或限制之業務,新北市,設立,11509
61287425,珊序工作室,新北市新莊區瓊泰路15號(2樓),蔡易珊,200000,115/09/03,,,F401010 國際貿易業；F601010 智慧財產權業；J401010 電影片製作業；J404020 提供設備及場地供電影片拍攝業；J404040 電影錄音業；J602010 演藝活動業；JZ99030 攝影業；J601010 藝文服務業；ZZ99999 除許可業務外，得經營法令非禁止或限制之業務,新北市,設立,11509
61287430,果日子企業社,新北市新店區碧安街2號(1樓),唐家榆,100000,115/09/03,,,F399040 無店面零售業；F201010 農產品零售業；F299990 其他零售業；F206020 日常用品零售業,新北市,設立,11509
61287446,禮選國際商行,新北市永和區水源街40號2樓,林佳儀,200000,115/09/03,,,F206050 寵物食品及其用品零售業；F399040 無店面零售業,新北市,設立,11509
61287451,睿令數位工作室,新北市新莊區中平路429號28樓,李崇瑋,50000,115/09/03,,,I301010 資訊軟體服務業；I301020 資料處理服務業；I301030 電子資訊供應服務業；I103060 管理顧問業；I199990 其他顧問服務業；IG02010 研究發展服務業；IZ15010 市場研究及民意調查業；I401010 一般廣告服務業；I501010 產品設計業；I503010 景觀設計業；I599990 其他設計業；IZ04010 翻譯業；IZ10010 排版業；IZ99990 其他工商服務業；F399040 無店面零售業；F401010 國際貿易業；F601010 智慧財產權業；J303010 雜誌（期刊）出版業；J304010 圖書出版業；J305010 有聲出版業；J399010 軟體出版業；J399990 其他出版業；J601010 藝文服務業；JB01010 會議及展覽服務業；ZZ99999 除許可業務外，得經營法令非禁止或限制之業務,新北市,設立,11509
61287467,歸飲食店,新北市淡水區公明街26之1號(1樓) 115年09月,張佑吉,100000,115/09/03,,,F501060 餐館業,新北市,設立,11509
61287473,有間板燒,新北市新莊區民安路207巷4號,李婉莉,200000,115/09/04,,,F501060 餐館業,新北市,設立,11509
61287488,造福工作室,新北市八里區龍形五街15號(1樓),林昀萱,240000,115/09/04,,,F501030 飲料店業；F501060 餐館業；F203010 食品什貨、飲料零售業；F399040 無店面零售業；F399990 其他綜合零售業,新北市,設立,11509
61287494,花路行,新北市板橋區五權街24號(1樓) 115年09月,張鈺羣,200000,115/09/04,,,I401010 一般廣告服務業；I501010 產品設計業；I502010 服飾設計業；I503010 景觀設計業；I504010 花藝設計業；I599990 其他設計業；J601010 藝文服務業；J602010 演藝活動業；J603010 音樂展演空間業；I301010 資訊軟體服務業；I301020 資料處理服務業；I301030 電子資訊供應服務業；C104020 烘焙炊蒸食品製造業；F501030 飲料店業；F501060 餐館業；F501990 其他餐飲業；F206060 祭祀用品零售業；F106070 祭祀用品批發業；F203010 食品什貨、飲料零售業；F102170 食品什貨批發業；JZ99090 喜慶綜合服務業；H703100 不動產租賃業；F209060 文教、樂器、育樂用品零售業；F109070 文教、樂器、育樂用品批發業；F204110 布疋、衣著、鞋、帽、傘、服飾品零售業；F205040 家具、寢具、廚房器具、裝設品零售業；F206010 五金零售業；F206020 日常用品零售業；F206050 寵物食品及其用品零售業；F207030 清潔用品零售業；F208050 乙類成藥零售業；F208040 化粧品零售業；F210010 鐘錶零售業；F210020 眼鏡零售業；F399040 無店面零售業；F401010 國際貿易業；F299990 其他零售業；JZ99030 攝影業；JZ99990 未分類其他服務業；ZZ99999 除許可業務外，得經營法令非禁止或限制之業務,新北市,設立,11509
61287500,仩勝蔬果行,新北市中和區永和路128巷28號5樓,連仩勝,249000,115/09/04,,,F201010 農產品零售業；F101130 蔬果批發業；F201030 水產品零售業；F203010 食品什貨、飲料零售業；ZZ99999 除許可業務外，得經營法令非禁止或限制之業務,新北市,設立,11509
61287516,佳裕水電廚具工程行,新北市三峽區民生街106之3號2樓,許傑翔,200000,115/09/04,,,E603130 燃氣熱水器承裝業；E601020 電器安裝業；E599010 配管工程業；E603010 電纜安裝工程業；E603050 自動控制設備工程業；F205040 家具、寢具、廚房器具、裝設品零售業；F213010 電器零售業；F219010 電子材料零售業；JA02010 電器及電子產品修理業；F206010 五金零售業；E801070 廚具、衛浴設備安裝工程業；E801010 室內裝潢業；EZ99990 其他工程業；ZZ99999 除許可業務外，得經營法令非禁止或限制之業務,新北市,設立,11509
61287522,聖佑實業社,新北市蘆洲區民族路227巷6號5樓,江建輝,200000,115/09/04,,,C803990 其他石油及煤製品製造業；F112040 石油製品批發業；F212050 石油製品零售業；F401010 國際貿易業；E604010 機械安裝業；F113010 機械批發業；F213080 機械器具零售業；JA02990 其他修理業；E603050 自動控制設備工程業；F106010 五金批發業；F206010 五金零售業；ZZ99999 除許可業務外，得經營法令非禁止或限制之業務,新北市,設立,11509
61287537,永全汽車材料行,新北市板橋區干城路161號5樓之1,張阿永,200000,115/09/04,,,F113110 電池批發業；F114030 汽、機車零件配備批發業；F114990 其他交通運輸工具及其零件批發業；F214030 汽、機車零件配備零售業；F214050 車胎零售業；F214990 其他交通運輸工具及其零件零售業；F399040 無店面零售業；F401010 國際貿易業；JA01010 汽車修理業；JA01990 其他汽車服務業；JA02010 電器及電子產品修理業；JA02990 其他修理業；ZZ99999 除許可業務外，得經營法令非禁止或限制之業務,新北市,設立,11509
61287543,以信企業社,新北市樹林區中華路355號14樓115年09月,陳佳萱,200000,115/09/04,,,F399010 便利商店業；ZZ99999 除許可業務外，得經營法令非禁止或限制之業務,新北市,設立,11509
61287558,浩陽企業社,新北市新店區民權路153號4樓,方浩穎,200000,115/09/04,,,E801030 室內輕鋼架工程業；E901010 油漆工程業；E801010 室內裝潢業；E801020 門窗安裝工程業；E903010 防蝕、防銹工程業；EZ99990 其他工程業；F107010 漆料、塗料批發業；IZ12010 人力派遣業；ZZ99999 除許可業務外，得經營法令非禁止或限制之業務,新北市,設立,11509
61287564,乙樂串烤店,新北市新店區安民街127號,蔡政勳,150000,115/09/04,,,F501060 餐館業；ZZ99999 除許可業務外，得經營法令非禁止或限制之業務,新北市,設立,11509
61287570,沐晴商行,新北市新莊區西盛街258巷15號,高思婷,100000,115/09/04,,,JA03010 洗衣業,新北市,設立,11509
61287585,舟渡企業社,新北市板橋區中山路1段1號23樓,于豪靈,200000,115/09/04,,,I103060 管理顧問業；ZZ99999 除許可業務外，得經營法令非禁止或限制之業務,新北市,設立,11509
61287591,全利家具行,新北市三重區文化南路45號,李金同,200000,115/09/04,,,F105050 家具、寢具、廚房器具、裝設品批發業；F205040 家具、寢具、廚房器具、裝設品零售業；F399040 無店面零售業；ZZ99999 除許可業務外，得經營法令非禁止或限制之業務,新北市,設立,11509
61287608,唯舒萊烘焙坊,新北市板橋區幸福路32巷5弄7號2樓,陳駿良,50000,115/09/04,,,F203010 食品什貨、飲料零售業；F399040 無店面零售業；C104010 糖果製造業；C104020 烘焙炊蒸食品製造業,新北市,設立,11509
61287614,穗蒔小吃店,新北市板橋區永豐街17號(1樓),林重筌,150000,115/09/04,,,F501060 餐館業,新北市,設立,11509
61287620,瞧瞧陶藝工作室,新北市鶯歌區同慶里陶瓷街18號115年09月,唐瑄晴,200000,115/09/04,,,F104110 布疋、衣著、鞋、帽、傘、服飾品批發業；F105050 家具、寢具、廚房器具、裝設品批發業；F106050 陶瓷玻璃器皿批發業；F106020 日常用品批發業；F199990 其他批發業；F204110 布疋、衣著、鞋、帽、傘、服飾品零售業；F205040 家具、寢具、廚房器具、裝設品零售業；F206020 日常用品零售業；F299990 其他零售業；F399040 無店面零售業；F399990 其他綜合零售業；F401010 國際貿易業；J601010 藝文服務業；J602010 演藝活動業；JZ99990 未分類其他服務業；J399990 其他出版業；I105010 藝術品諮詢顧問業；I199990 其他顧問服務業；I301060 網路廣告平臺業；I401010 一般廣告服務業；I501010 產品設計業；I599990 其他設計業；IZ01010 影印業；IZ99990 其他工商服務業；ZZ99999 除許可業務外，得經營法令非禁止或限制之業務,新北市,設立,11509
61287635,勇轉未來企業社,新北市板橋區僑中二街10巷8號3樓,游嘉榮,200000,115/09/04,,,CA02990 其他金屬製品製造業；CM01010 箱、包、袋製造業；F204110 布疋、衣著、鞋、帽、傘、服飾品零售業；F206010 五金零售業；F206020 日常用品零售業；F209060 文教、樂器、育樂用品零售業；F299990 其他零售業；F399040 無店面零售業；I599990 其他設計業；F401010 國際貿易業；ZZ99999 除許可業務外，得經營法令非禁止或限制之業務,新北市,設立,11509
61287641,良工巧藝工程行,新北市板橋區國光路173巷12號4樓,吳佩臻,240000,115/09/04,,,E801010 室內裝潢業；E901010 油漆工程業；J101030 廢棄物清除業；J101040 廢棄物處理業；J101010 建築物清潔服務業；I503010 景觀設計業；E801030 室內輕鋼架工程業；ZZ99999 除許可業務外，得經營法令非禁止或限制之業務,新北市,設立,11509
61287656,神助我也工作室,新北市板橋區文化路2段225巷64號,沈義傑,200000,115/09/04,,,JZ99080 美容美髮服務業,新北市,設立,11509
61287662,愛藝術推廣企業社,新北市汐止區湖蓮里湖前街110巷97弄13之2號4樓,沈愛妮,100000,115/09/07,,,J601010 藝文服務業；J602010 演藝活動業；J603010 音樂展演空間業；J604010 聲音錄製及音樂發行業；I502010 服飾設計業；J803010 運動表演業；J802010 運動訓練業；I105010 藝術品諮詢顧問業；F104110 布疋、衣著、鞋、帽、傘、服飾品批發業；F109070 文教、樂器、育樂用品批發業；F204110 布疋、衣著、鞋、帽、傘、服飾品零售業；J701040 休閒活動場館業；ZZ99999 除許可業務外，得經營法令非禁止或限制之業務；J799990 其他休閒服務業,新北市,設立,11509
61287678,沐芸工作室,新北市三重區仁義街232號5樓,簡誌廷,50000,115/09/07,,,C802090 清潔用品製造業；C802100 化粧品製造業；F107030 清潔用品批發業；F108040 化粧品批發業；F207030 清潔用品零售業；F208040 化粧品零售業；F399040 無店面零售業；F399990 其他綜合零售業；ZZ99999 除許可業務外，得經營法令非禁止或限制之業務,新北市,設立,11509
61287683,輕奢指藝美甲工作室,新北市板橋區南雅東路8號10樓之10,余虹嫺,50000,115/09/07,,,JZ99080 美容美髮服務業,新北市,設立,11509
61287699,明昇清潔社,新北市新莊區銘德街16號2樓115年09月,石木火,50000,115/09/07,,,J101010 建築物清潔服務業；ZZ99999 除許可業務外，得經營法令非禁止或限制之業務,新北市,設立,11509
61287706,好會剪影像工作室,新北市林口區文化三路1段555巷13號7樓,曾令偉,20000,115/09/07,,,JZ99030 攝影業；J401010 電影片製作業；I401010 一般廣告服務業；J404010 動畫影片製作業；ZZ99999 除許可業務外，得經營法令非禁止或限制之業務,新北市,設立,11509
61287712,莉莉安時尚選物企業社,新北市林口區中山路568號(1樓),潘雅婷,200000,115/09/07,,,F204110 布疋、衣著、鞋、帽、傘、服飾品零售業；F205040 家具、寢具、廚房器具、裝設品零售業；F206020 日常用品零售業；F208040 化粧品零售業；F299990 其他零售業；F399040 無店面零售業；F401010 國際貿易業；ZZ99999 除許可業務外，得經營法令非禁止或限制之業務,新北市,設立,11509
61287728,才三十企業社,新北市板橋區民生路3段263巷4弄11號,陳京亨,240000,115/09/07,,,F203010 食品什貨、飲料零售業；F206020 日常用品零售業；F299990 其他零售業；F501030 飲料店業；F501060 餐館業；F204110 布疋、衣著、鞋、帽、傘、服飾品零售業；F399040 無店面零售業；I401010 一般廣告服務業,新北市,設立,11509
61287733,泰麗新健康館,新北市板橋區實踐路106號（1樓）,徐變,200000,115/09/07,,,JZ99080 美容美髮服務業；F208040 化粧品零售業；ZZ99999 除許可業務外，得經營法令非禁止或限制之業務,新北市,設立,11509
61287749,回味無窮便當店,新北市淡水區中興里水源街1段85之1號(1樓),李裕偉,50000,115/09/07,,,F501060 餐館業；F501990 其他餐飲業；F203010 食品什貨、飲料零售業；ZZ99999 除許可業務外，得經營法令非禁止或限制之業務,新北市,設立,11509
61287754,億韋企業社,新北市三峽區中正路1段108巷7弄15號14樓之3,唐億樺,200000,115/09/07,,,IF04010 非破壞檢測業；CB01010 機械設備製造業；CC01010 發電﹑輸電﹑配電機械製造業；CC01080 電子零組件製造業；CE01010 一般儀器製造業；E601020 電器安裝業；E604010 機械安裝業；F119010 電子材料批發業；F213010 電器零售業；F219010 電子材料零售業；JA02010 電器及電子產品修理業,新北市,設立,11509
61287760,摩飯商行,新北市新莊區成功街71號(1樓),蘇晉華,100000,115/09/07,,,F501060 餐館業,新北市,設立,11509
61287776,粉想見你風味美食,新北市板橋區大仁街116號(1樓) 115年09月,阮氏草,100000,115/09/07,,,F501060 餐館業；F501990 其他餐飲業,新北市,設立,11509
61287781,和諺鋼鋁工程行,新北市樹林區啓智街157號3樓,葉倍諺,240000,115/09/07,,,E801020 門窗安裝工程業；E801030 室內輕鋼架工程業；E801040 玻璃安裝工程業；E801010 室內裝潢業；E901010 油漆工程業；E599010 配管工程業；E603090 照明設備安裝工程業；E903010 防蝕、防銹工程業；EZ99990 其他工程業；F111090 建材批發業；F211010 建材零售業；F120010 耐火材料批發業；F220010 耐火材料零售業；ZZ99999 除許可業務外，得經營法令非禁止或限制之業務,新北市,設立,11509
61287797,玖玖沐寵物商行,新北市新店區安興路109號3樓之6,邱品蓁,100000,115/09/07,,,F202010 飼料零售業；F399040 無店面零售業；F399990 其他綜合零售業；F401010 國際貿易業；F106020 日常用品批發業；F206020 日常用品零售業；F107030 清潔用品批發業；F207030 清潔用品零售業；F102040 飲料批發業；F203010 食品什貨、飲料零售業；F103010 飼料批發業；ZZ99999 除許可業務外，得經營法令非禁止或限制之業務；F201010 農產品零售業；F206050 寵物食品及其用品零售業,新北市,設立,11509
61287804,創悅企業社,新北市樹林區樹德街38巷8號3樓,周志仁,200000,115/09/07,,,H703100 不動產租賃業；ZZ99999 除許可業務外，得經營法令非禁止或限制之業務,新北市,設立,11509
61287810,奎紳企業社,新北市三重區朝陽街45巷12號,劉宸宏,100000,115/09/07,,,F203010 食品什貨、飲料零售業；F501060 餐館業；ZZ99999 除許可業務外，得經營法令非禁止或限制之業務,新北市,設立,11509
61287826,昌泰商行,新北市土城區中央路1段193號,黃鈺婷,50000,115/09/07,,,F501060 餐館業；F501030 飲料店業；F501990 其他餐飲業；F203010 食品什貨、飲料零售業,新北市,設立,11509
61287831,剛之丸娛樂商行,新北市永和區秀朗路1段166號,李孟剛,200000,115/09/07,,,F209060 文教、樂器、育樂用品零售業,新北市,設立,11509
61287847,好食在小吃店,新北市萬里區瑪鋉路45號(1樓),郭淑嬋,200000,115/09/07,,,F501060 餐館業；F501990 其他餐飲業,新北市,設立,11509
61287852,羽彤食光屋,新北市林口區民權路12巷5號115年09月,余梓豪,50000,115/09/07,,,F501060 餐館業；ZZ99999 除許可業務外，得經營法令非禁止或限制之業務,新北市,設立,11509
61287868,八田草商行,新北市新店區檳榔路32號,黃坤財,100000,115/09/07,,,F213110 電池零售業；F113110 電池批發業；F206010 五金零售業；F106010 五金批發業；F219010 電子材料零售業；F119010 電子材料批發業；F204110 布疋、衣著、鞋、帽、傘、服飾品零售業；F104110 布疋、衣著、鞋、帽、傘、服飾品批發業；ZZ99999 除許可業務外，得經營法令非禁止或限制之業務,新北市,設立,11509
61287874,御彩堂美容館,新北市板橋區莊敬路253號,趙祥倫,20000,115/09/07,,,JZ99080 美容美髮服務業,新北市,設立,11509
61287889,墩屋設計,新北市泰山區信華五街67號13樓,林聖惇,50000,115/09/07,,,I401010 一般廣告服務業；I501010 產品設計業；I503010 景觀設計業；I599990 其他設計業；J601010 藝文服務業；I105010 藝術品諮詢顧問業；JB01010 會議及展覽服務業；J304010 圖書出版業；F109070 文教、樂器、育樂用品批發業；F209060 文教、樂器、育樂用品零售業；F601010 智慧財產權業；J404010 動畫影片製作業；J404050 電影特效製作業；J401010 電影片製作業；J404040 電影錄音業；J503020 電視節目製作業；J503010 廣播節目製作業；J602010 演藝活動業；J603010 音樂展演空間業；J604010 聲音錄製及音樂發行業；JI01010 互動式情境體驗服務業；I301050 實境體感應用服務業；I301060 網路廣告平臺業；ZZ99999 除許可業務外，得經營法令非禁止或限制之業務,新北市,設立,11509
61287895,青雲數位商行,新北市板橋區三民路2段37號23樓之1 115年09月,吳承翰,30000,115/09/07,,,F401010 國際貿易業；F399040 無店面零售業；ZZ99999 除許可業務外，得經營法令非禁止或限制之業務,新北市,設立,11509
61287902,佳靖油漆工程行,新北市三重區仁政街78號（1樓）,葉原銘,200000,115/09/07,,,E901010 油漆工程業；E903010 防蝕、防銹工程業；F107010 漆料、塗料批發業；F207010 漆料、塗料零售業；I503010 景觀設計業；A102080 園藝服務業；I504010 花藝設計業；E801010 室內裝潢業；E599010 配管工程業；E601020 電器安裝業；E601010 電器承裝業；F111090 建材批發業；F211010 建材零售業；ZZ99999 除許可業務外，得經營法令非禁止或限制之業務,新北市,設立,11509
61287918,京城選物販賣,新北市板橋區四川路2段132號,謝宗翰,80000,115/09/08,,,F203010 食品什貨、飲料零售業；F209060 文教、樂器、育樂用品零售業,新北市,設立,11509
61287924,神話水晶珠寶商行,新北市五股區水碓一路1號3樓,蔡旺哲,240000,115/09/08,,,F115020 礦石批發業；F115010 首飾及貴金屬批發業；F105050 家具、寢具、廚房器具、裝設品批發業；F106010 五金批發業；F106020 日常用品批發業；F215020 礦石零售業；F215010 首飾及貴金屬零售業；F205040 家具、寢具、廚房器具、裝設品零售業；F206010 五金零售業；F206020 日常用品零售業；F399040 無店面零售業；ZZ99999 除許可業務外，得經營法令非禁止或限制之業務,新北市,設立,11509
61287939,成祥油漆工程行,新北市三重區安樂街22號4樓115年09月,翁家蕾,200000,115/09/08,,,E901010 油漆工程業；E801010 室內裝潢業；EZ99990 其他工程業；F107010 漆料、塗料批發業；F106010 五金批發業；F401010 國際貿易業；ZZ99999 除許可業務外，得經營法令非禁止或限制之業務,新北市,設立,11509
61287945,鑫霆水電工程行,新北市新莊區福營路476號3樓,邱敦銘,200000,115/09/08,,,E601010 電器承裝業；E601020 電器安裝業；F113020 電器批發業；F213010 電器零售業；JA02010 電器及電子產品修理業；F106010 五金批發業；F111090 建材批發業；F120010 耐火材料批發業；F106040 水器材料批發業；F105050 家具、寢具、廚房器具、裝設品批發業；F107010 漆料、塗料批發業；F117010 消防安全設備批發業；F199010 回收物料批發業；E599010 配管工程業；E603040 消防安全設備安裝工程業；IF01010 消防安全設備檢修業；E603090 照明設備安裝工程業；E607010 太陽熱能設備安裝工程業；E801010 室內裝潢業；E801020 門窗安裝工程業；E801030 室內輕鋼架工程業；E801040 玻璃安裝工程業；E801070 廚具、衛浴設備安裝工程業；E901010 油漆工程業；E903010 防蝕、防銹工程業；EZ02010 起重工程業；EZ07010 鑽孔工程業；EZ99990 其他工程業；IB01010 建築物公共安全檢查業；I501010 產品設計業；I503010 景觀設計業；I504010 花藝設計業；J101010 建築物清潔服務業；J101120 營建混合物分類處理業；IG03010 能源技術服務業；ZZ99999 除許可業務外，得經營法令非禁止或限制之業務,新北市,設立,11509
61287950,大衛品牌設計工作室,新北市新店區民族路49號9樓之2,周于智,50000,115/09/08,,,I599990 其他設計業；I401010 一般廣告服務業,新北市,設立,11509
61287966,皮克啾運動休閒工作室,新北市中和區景新街41巷3號,林家弘,200000,115/09/08,,,J802010 運動訓練業；J202010 產業育成業；JE01010 租賃業；F209060 文教、樂器、育樂用品零售業；ZZ99999 除許可業務外，得經營法令非禁止或限制之業務,新北市,設立,11509
61287972,蓮讚咖啡工作坊,新北市雙溪區牡丹里五分3號,連簡贊,50000,115/09/08,,,F399040 無店面零售業；F203010 食品什貨、飲料零售業,新北市,設立,11509
61287987,桓氏餐飲商行,新北市三重區重陽路3段182號,蔡承桓,200000,115/09/08,,,F501060 餐館業,新北市,設立,11509
61287993,天意之愛工作室,新北市中和區中山路2段332巷1號7樓115年09月,陳怡璇,100000,115/09/08,,,F215010 首飾及貴金屬零售業；F215020 礦石零售業,新北市,設立,11509
61288000,恩宇漁產行,新北市中和區中山路2段238號2樓,林恩澤,200000,115/09/08,,,F201030 水產品零售業；ZZ99999 除許可業務外，得經營法令非禁止或限制之業務,新北市,設立,11509
61288016,宓蒔餐飲店,新北市三重區文化北路224巷10號(1樓),周靳雩,190000,115/09/09,,,F501060 餐館業；F501030 飲料店業；ZZ99999 除許可業務外，得經營法令非禁止或限制之業務,新北市,設立,11509
61288022,日日順商號,新北市汐止區新台五路1段114號21樓,蘇怡安,200000,115/09/08,,,F501030 飲料店業；F201030 水產品零售業；F203010 食品什貨、飲料零售業；F204110 布疋、衣著、鞋、帽、傘、服飾品零售業；F206020 日常用品零售業；F208040 化粧品零售業,新北市,設立,11509
61288037,秋月軒商行,新北市中和區大勇街31巷15號,陳宥里,100000,115/09/08,,,F201010 農產品零售業；F203010 食品什貨、飲料零售業；F206020 日常用品零售業；F399040 無店面零售業；F501060 餐館業,新北市,設立,11509
61288043,大川工程企業社,新北市三重區中央北路66號4樓之1 115年09月,程華,200000,115/09/08,,,EZ99990 其他工程業；E502010 燃料導管安裝工程業；E599010 配管工程業；E601010 電器承裝業；E601020 電器安裝業；E603010 電纜安裝工程業；E603100 電焊工程業；E603110 冷作工程業；E603120 噴砂工程業；E603130 燃氣熱水器承裝業；E604010 機械安裝業；E605010 電腦設備安裝業；E801010 室內裝潢業；E801020 門窗安裝工程業；E801030 室內輕鋼架工程業；E801040 玻璃安裝工程業；E801070 廚具、衛浴設備安裝工程業；E901010 油漆工程業；E903010 防蝕、防銹工程業；EZ05010 儀器、儀表安裝工程業；EZ07010 鑽孔工程業；EZ15010 保溫、保冷安裝工程業；F401010 國際貿易業；F211010 建材零售業；F206010 五金零售業；F207010 漆料、塗料零售業；F220010 耐火材料零售業；A102080 園藝服務業；I503010 景觀設計業；ZZ99999 除許可業務外，得經營法令非禁止或限制之業務,新北市,設立,11509
61288058,瑞金電子商務企業社,新北市土城區中央路2段119號(2樓) 115年09月,李湘茗,200000,115/09/08,,,F104110 布疋、衣著、鞋、帽、傘、服飾品批發業；F105050 家具、寢具、廚房器具、裝設品批發業；F106010 五金批發業；F106020 日常用品批發業；F106050 陶瓷玻璃器皿批發業；F106060 寵物食品及其用品批發業；F107030 清潔用品批發業；F107190 塑膠膜、袋批發業；F108040 化粧品批發業；F109070 文教、樂器、育樂用品批發業；F113020 電器批發業；F119010 電子材料批發業；F199990 其他批發業；F204110 布疋、衣著、鞋、帽、傘、服飾品零售業；F205040 家具、寢具、廚房器具、裝設品零售業；F206010 五金零售業；F206020 日常用品零售業；F206050 寵物食品及其用品零售業；F207030 清潔用品零售業；F207190 塑膠膜、袋零售業；F208040 化粧品零售業；F209060 文教、樂器、育樂用品零售業；F213010 電器零售業；F219010 電子材料零售業；F299990 其他零售業；F399040 無店面零售業；F399990 其他綜合零售業；F401010 國際貿易業；ZZ99999 除許可業務外，得經營法令非禁止或限制之業務,新北市,設立,11509
61288064,瑞銀電子商務企業社,新北市土城區中央路2段119號(2樓),李盈寬,200000,115/09/08,,,F104110 布疋、衣著、鞋、帽、傘、服飾品批發業；F105050 家具、寢具、廚房器具、裝設品批發業；F106010 五金批發業；F106020 日常用品批發業；F106050 陶瓷玻璃器皿批發業；F106060 寵物食品及其用品批發業；F107030 清潔用品批發業；F107190 塑膠膜、袋批發業；F108040 化粧品批發業；F109070 文教、樂器、育樂用品批發業；F113020 電器批發業；F119010 電子材料批發業；F199990 其他批發業；F204110 布疋、衣著、鞋、帽、傘、服飾品零售業；F205040 家具、寢具、廚房器具、裝設品零售業；F206010 五金零售業；F206020 日常用品零售業；F206050 寵物食品及其用品零售業；F207030 清潔用品零售業；F207190 塑膠膜、袋零售業；F208040 化粧品零售業；F209060 文教、樂器、育樂用品零售業；F213010 電器零售業；F219010 電子材料零售業；F299990 其他零售業；F399040 無店面零售業；F399990 其他綜合零售業；F401010 國際貿易業；ZZ99999 除許可業務外，得經營法令非禁止或限制之業務,新北市,設立,11509
61288070,希悠精緻蔬果商行,新北市中和區大勇街31巷5號3樓115年09月,林柏佑,200000,115/09/08,,,F101040 家畜家禽批發業；F101050 水產品批發業；F101130 蔬果批發業；F101990 其他農、畜、水產品批發業；F102170 食品什貨批發業；F201010 農產品零售業；F201020 畜產品零售業；F201030 水產品零售業；F201990 其他農畜水產品零售業；ZZ99999 除許可業務外，得經營法令非禁止或限制之業務,新北市,設立,11509
61288085,夕口夕口視覺工作室,新北市板橋區宏國路23號13樓115年09月,歐峻名,200000,115/09/08,,,JZ99030 攝影業；J302010 通訊稿業；J303010 雜誌（期刊）出版業；J304010 圖書出版業；J305010 有聲出版業；J399990 其他出版業；J401010 電影片製作業；J402010 電影片發行業；J403010 電影片映演業；J404010 動畫影片製作業；J404020 提供設備及場地供電影片拍攝業；J404030 電影沖印業；J404040 電影錄音業；J404050 電影特效製作業；J503010 廣播節目製作業；J503020 電視節目製作業；J503030 廣播電視節目發行業；J503040 廣播電視廣告業；J503050 錄影節目帶業；J601010 藝文服務業；J604010 聲音錄製及音樂發行業；J399010 軟體出版業；J602010 演藝活動業；J701090 錄影節目帶播映業；JE01010 租賃業；F601010 智慧財產權業；F399040 無店面零售業；F299990 其他零售業；F216010 照相器材零售業；F204110 布疋、衣著、鞋、帽、傘、服飾品零售業；F205040 家具、寢具、廚房器具、裝設品零售業；I301060 網路廣告平臺業；I401010 一般廣告服務業；IZ01010 影印業；IZ04010 翻譯業；IZ10010 排版業；I599990 其他設計業；I501010 產品設計業；I503010 景觀設計業；JZ99990 未分類其他服務業；JB01010 會議及展覽服務業；ZZ99999 除許可業務外，得經營法令非禁止或限制之業務；IZ02010 打字業,新北市,設立,11509
61288091,三源興工程企業社,新北市淡水區淡金路1段549號3樓,林志源,200000,115/09/08,,,E801010 室內裝潢業；E801020 門窗安裝工程業；E801030 室內輕鋼架工程業；E801040 玻璃安裝工程業；E801070 廚具、衛浴設備安裝工程業；E901010 油漆工程業；E903010 防蝕、防銹工程業；I401010 一般廣告服務業；I501010 產品設計業；I503010 景觀設計業；I504010 花藝設計業；F111090 建材批發業；F211010 建材零售業；J202010 產業育成業；ZZ99999 除許可業務外，得經營法令非禁止或限制之業務,新北市,設立,11509
61288108,宇沐禾企業社,新北市林口區民富街99號2樓之1,黃翔宇,100000,115/09/08,,,F102170 食品什貨批發業；F203010 食品什貨、飲料零售業；F102040 飲料批發業；C110010 飲料製造業；C199990 未分類其他食品製造業；F399040 無店面零售業；I101090 食品顧問業；IG01010 生物技術服務業；F199990 其他批發業；F401010 國際貿易業；F221010 食品添加物零售業；F121010 食品添加物批發業；C114010 食品添加物製造業；ZZ99999 除許可業務外，得經營法令非禁止或限制之業務,新北市,設立,11509
61288114,久合企業社,新北市鶯歌區大湖路642號,林杰,200000,115/09/08,,,CA02010 金屬結構及建築組件製造業；CA02990 其他金屬製品製造業；ZZ99999 除許可業務外，得經營法令非禁止或限制之業務,新北市,設立,11509
61288120,洛芙米企業社,新北市八里區中山路2段466巷17號4樓,王心慧,200000,115/09/08,,,I301010 資訊軟體服務業；JZ99090 喜慶綜合服務業；JB01010 會議及展覽服務業,新北市,設立,11509
61288135,第一義諦企業社,新北市林口區文化二路1段230巷22弄5號(1樓),楊甯心,80000,115/09/08,,,F203010 食品什貨、飲料零售業；F501030 飲料店業；JZ99160 刻印業,新北市,設立,11509
61288141,室尊城企業社,新北市新莊區中正路427號(1樓、2樓、3樓、4樓),林諄憲,200000,115/09/08,,,JE01010 租賃業；F203010 食品什貨、飲料零售業；F209060 文教、樂器、育樂用品零售業,新北市,設立,11509
61288156,序野工作室,新北市淡水區新民街222巷21號7樓115年09月,劉孋寬,50000,115/09/08,,,I103060 管理顧問業；I199990 其他顧問服務業；I501010 產品設計業；I599990 其他設計業；F399040 無店面零售業；F399990 其他綜合零售業；F601010 智慧財產權業；J399990 其他出版業；J601010 藝文服務業；ZZ99999 除許可業務外，得經營法令非禁止或限制之業務,新北市,設立,11509
61288162,倍多芬飲食店,新北市三重區重陽路4段21號(1樓),李進盛,80000,115/09/09,,,F501060 餐館業；F501030 飲料店業；F203020 菸酒零售業；JE01010 租賃業；ZZ99999 除許可業務外，得經營法令非禁止或限制之業務,新北市,設立,11509
61288178,誠欣自助洗衣店,新北市中和區復興路302號(1樓),林玟慧,100000,115/09/09,,,JA03010 洗衣業；F207030 清潔用品零售業；ZZ99999 除許可業務外，得經營法令非禁止或限制之業務,新北市,設立,11509
61288183,黃帝小吃,新北市中和區信義街32號(1樓),袁維君,220000,115/09/09,,,F501060 餐館業；F203010 食品什貨、飲料零售業；ZZ99999 除許可業務外，得經營法令非禁止或限制之業務；F501990 其他餐飲業；F102170 食品什貨批發業,新北市,設立,11509
61288199,蔡味廚房,新北市板橋區觀光街57巷12號(1樓),蔡穎政,240000,115/09/09,,,F501060 餐館業；ZZ99999 除許可業務外，得經營法令非禁止或限制之業務,新北市,設立,11509
61288206,昱呈鮮果行,新北市淡水區樹興里糞箕湖131巷1號,郭恩呈,200000,115/09/09,,,F201010 農產品零售業；F201020 畜產品零售業；F201030 水產品零售業；ZZ99999 除許可業務外，得經營法令非禁止或限制之業務,新北市,設立,11509
61288212,墨名廣告工作室,新北市汐止區明峰街132號5樓之1,張維華,200000,115/09/09,,,I401010 一般廣告服務業；I503010 景觀設計業；I599990 其他設計業；JB01010 會議及展覽服務業；JE01010 租賃業；JZ99990 未分類其他服務業,新北市,設立,11509
61288228,鴻佂工程行,新北市三芝區中正路2段20號8樓,汪韋佂,200000,115/09/09,,,F106010 五金批發業；F113020 電器批發業；F113050 電腦及事務性機器設備批發業；F106040 水器材料批發業；F111090 建材批發業；E502010 燃料導管安裝工程業；E603040 消防安全設備安裝工程業；E801070 廚具、衛浴設備安裝工程業；E599010 配管工程業；E601010 電器承裝業；E601020 電器安裝業；ZZ99999 除許可業務外，得經營法令非禁止或限制之業務,新北市,設立,11509
61288233,蔣大姐海南雞飯,新北市中和區連城路245號(1樓),蔣菊潤,150000,115/09/09,,,F501060 餐館業,新北市,設立,11509
61288249,貳玖空間工作室,新北市鶯歌區育智路69之1號2樓,鄭宇涵,50000,115/09/09,,,ZZ99999 除許可業務外，得經營法令非禁止或限制之業務；I599990 其他設計業；I501010 產品設計業；J601010 藝文服務業；F211010 建材零售業；F399040 無店面零售業,新北市,設立,11509
61288254,小春美學工作室,新北市蘆洲區中華街13號5樓,黃詩萍,30000,115/09/09,,,JZ99080 美容美髮服務業；ZZ99999 除許可業務外，得經營法令非禁止或限制之業務,新北市,設立,11509
61288260,茶馬古道包子舖,新北市永和區中山路1段126號115年09月,王之華,200000,115/09/09,,,F203010 食品什貨、飲料零售業,新北市,設立,11509
61288276,茉莉饅頭商行,新北市泰山區仁德路137號,林麗輝,100000,115/09/09,,,F501060 餐館業,新北市,設立,11509
61288281,沐妍工作室,新北市中和區保健路48巷3號,潘玉萍,70000,115/09/09,,,JZ99080 美容美髮服務業,新北市,設立,11509
61288297,宥心生活館,新北市三重區長壽西街113號,顏金紅,100000,115/09/09,,,JZ99080 美容美髮服務業,新北市,設立,11509
61288304,蒂凡內美容店,新北市新店區新烏路3段23號(2樓),張錦枝,10000,115/09/09,,,JZ99080 美容美髮服務業；F208040 化粧品零售業,新北市,設立,11509
61288310,愉快早餐店,新北市三重區慈愛街３號,林友亭,200000,115/09/09,,,F501060 餐館業,新北市,設立,11509
61288326,快樂蟲拜工作室,新北市新店區中正路247巷6弄6號4樓,俞豪,100000,115/09/09,,,F399040 無店面零售業；F201070 花卉零售業；F201980 其他動物零售業；F202010 飼料零售業；F206050 寵物食品及其用品零售業；F209060 文教、樂器、育樂用品零售業；F299990 其他零售業；J799990 其他休閒服務業；ZZ99999 除許可業務外，得經營法令非禁止或限制之業務,新北市,設立,11509
61288331,芝芝小舖,新北市蘆洲區民族路526號4樓,周陳毅,10000,115/09/09,,,F399040 無店面零售業；F204110 布疋、衣著、鞋、帽、傘、服飾品零售業,新北市,設立,11509
61288347,慕可商行,新北市永和區永利路25號5樓,屠愛齡,200000,115/09/09,,,F204110 布疋、衣著、鞋、帽、傘、服飾品零售業；F215010 首飾及貴金屬零售業；ZZ99999 除許可業務外，得經營法令非禁止或限制之業務,新北市,設立,11509
61288352,正岳企業社,新北市樹林區大安路516號5樓115年09月,李宏善,1000000,115/09/09,,,F106010 五金批發業；F107030 清潔用品批發業；F111090 建材批發業；F206010 五金零售業；F207030 清潔用品零售業；F211010 建材零售業；J101010 建築物清潔服務業；J101030 廢棄物清除業；EZ99990 其他工程業；ZZ99999 除許可業務外，得經營法令非禁止或限制之業務；IZ12010 人力派遣業,新北市,設立,11509
61288368,奕泰工程行,新北市新店區安祥路118號7樓,湯詠鈞,200000,115/09/09,,,E599010 配管工程業；E601010 電器承裝業；E601020 電器安裝業；E603050 自動控制設備工程業；E603110 冷作工程業；E801010 室內裝潢業；EZ07010 鑽孔工程業；EZ15010 保溫、保冷安裝工程業；EZ99990 其他工程業；F106010 五金批發業；F113020 電器批發業；F206010 五金零售業；F219010 電子材料零售業；JA02010 電器及電子產品修理業；JA02990 其他修理業；ZZ99999 除許可業務外，得經營法令非禁止或限制之業務,新北市,設立,11509
61288374,沐以選品工作室,新北市汐止區忠孝東路424號9樓之1,吳沁恩,200000,115/09/09,,,F104110 布疋、衣著、鞋、帽、傘、服飾品批發業；F204110 布疋、衣著、鞋、帽、傘、服飾品零售業；F399040 無店面零售業；F399990 其他綜合零售業；I501010 產品設計業；I502010 服飾設計業；JE01010 租賃業；ZZ99999 除許可業務外，得經營法令非禁止或限制之業務,新北市,設立,11509
61288389,漾木製作所,新北市中和區建八路175號9樓115年09月,葉冠筠,150000,115/09/09,,,E801010 室內裝潢業；E801020 門窗安裝工程業；E801030 室內輕鋼架工程業；E801040 玻璃安裝工程業；E801070 廚具、衛浴設備安裝工程業；E901010 油漆工程業；EZ99990 其他工程業；F105050 家具、寢具、廚房器具、裝設品批發業；F111090 建材批發業；F113020 電器批發業；F120010 耐火材料批發業；F205040 家具、寢具、廚房器具、裝設品零售業；F211010 建材零售業；F220010 耐火材料零售業；I199990 其他顧問服務業；I501010 產品設計業；I503010 景觀設計業；I599990 其他設計業；F399040 無店面零售業；JB01010 會議及展覽服務業；ZZ99999 除許可業務外，得經營法令非禁止或限制之業務,新北市,設立,11509
61288395,宏宸資產企業社,新北市板橋區光復街211號13樓,陳宏輝,200000,115/09/09,,,IZ12010 人力派遣業；JZ99050 仲介服務業；H703090 不動產買賣業；H703100 不動產租賃業；H701010 住宅及大樓開發租售業；E801010 室內裝潢業；F111090 建材批發業；F211010 建材零售業；ZZ99999 除許可業務外，得經營法令非禁止或限制之業務,新北市,設立,11509
61288402,純緒工作室,新北市板橋區介壽街84巷34號(1樓),張為凱,100000,115/09/09,,,A401031 特定寵物服務業；F201081 特定寵物零售業；F206050 寵物食品及其用品零售業；JZ99180 寵物美容服務業,新北市,設立,11509
61288418,福圓花企業社,新北市板橋區仁化街104號(1樓),潘慧娟,100000,115/09/09,,,JZ99080 美容美髮服務業；ZZ99999 除許可業務外，得經營法令非禁止或限制之業務,新北市,設立,11509
61288424,我的家藝術畫廊,新北市汐止區中興路109號3樓,徐琬婷,100000,115/09/09,,,J601010 藝文服務業,新北市,設立,11509
61288439,快門鍵影像工作室,新北市新莊區富貴路502號7樓,張順和,100000,115/09/09,,,JZ99030 攝影業；J503010 廣播節目製作業；J503020 電視節目製作業；I401010 一般廣告服務業；ZZ99999 除許可業務外，得經營法令非禁止或限制之業務,新北市,設立,11509
61288445,佛美壹號,新北市中和區員山路148巷14號,白宇寧,200000,115/09/09,,,JZ99080 美容美髮服務業,新北市,設立,11509
61288450,和欣輪業社,新北市永和區中正路653號(1樓),吳孟鴻,300000,115/09/09,,,F214020 機車零售業；F214030 汽、機車零件配備零售業；JA02020 機車修理業；J101050 環境檢測服務業；IZ99990 其他工商服務業；F214050 車胎零售業,新北市,設立,11509
61288466,振為企業社,新北市板橋區館前西路160巷3號115年09月,邱柏雁,200000,115/09/09,,,E801010 室內裝潢業；E801020 門窗安裝工程業；E801030 室內輕鋼架工程業；E801040 玻璃安裝工程業；E901010 油漆工程業；E903010 防蝕、防銹工程業；I503010 景觀設計業；I504010 花藝設計業；F106010 五金批發業；F111090 建材批發業；F206010 五金零售業；F211010 建材零售業；ZZ99999 除許可業務外，得經營法令非禁止或限制之業務,新北市,設立,11509
61288472,發揚工程行,新北市新莊區富貴路500號4樓,楊國鼎,200000,115/09/10,,,E801010 室內裝潢業；E801020 門窗安裝工程業；E801030 室內輕鋼架工程業；E801070 廚具、衛浴設備安裝工程業；E901010 油漆工程業；E903010 防蝕、防銹工程業；E599010 配管工程業；ZZ99999 除許可業務外，得經營法令非禁止或限制之業務,新北市,設立,11509
61288487,語荷工程行,新北市中和區中山路3段110號8樓,劉憲忠,100000,115/09/10,,,E801010 室內裝潢業；E801020 門窗安裝工程業；E801030 室內輕鋼架工程業；E801040 玻璃安裝工程業；E801070 廚具、衛浴設備安裝工程業；E901010 油漆工程業；EZ07010 鑽孔工程業；EZ99990 其他工程業；F111090 建材批發業；F211010 建材零售業；F106010 五金批發業；F206010 五金零售業；F205040 家具、寢具、廚房器具、裝設品零售業；I503010 景觀設計業；F401010 國際貿易業；ZZ99999 除許可業務外，得經營法令非禁止或限制之業務,新北市,設立,11509
61288493,雲騏創意咖啡坊,新北市新莊區昌平街46號,陳珮騏,100000,115/09/10,,,F501030 飲料店業,新北市,設立,11509
61288509,故事選品企業社,新北市蘆洲區中山二路16之1號,張玉玲,80000,115/09/10,,,F204110 布疋、衣著、鞋、帽、傘、服飾品零售業；F206020 日常用品零售業；F401010 國際貿易業；F399040 無店面零售業,新北市,設立,11509
61288515,上浤商行,新北市新莊區新泰路277巷48號5樓,陳麗秋,100000,115/09/10,,,F214020 機車零售業；F214030 汽、機車零件配備零售業；F214050 車胎零售業；JA02020 機車修理業；F399040 無店面零售業；ZZ99999 除許可業務外，得經營法令非禁止或限制之業務,新北市,設立,11509
61288521,迫力工程行,新北市樹林區鎮前街62號5樓之1 115年09月,陳紹賓,200000,115/09/10,,,E801010 室內裝潢業；E801020 門窗安裝工程業；E801030 室內輕鋼架工程業；E801040 玻璃安裝工程業；E801070 廚具、衛浴設備安裝工程業；E901010 油漆工程業；E903010 防蝕、防銹工程業；F104110 布疋、衣著、鞋、帽、傘、服飾品批發業；F111090 建材批發業；F205040 家具、寢具、廚房器具、裝設品零售業；F211010 建材零售業；F401010 國際貿易業；F399040 無店面零售業；ZZ99999 除許可業務外，得經營法令非禁止或限制之業務；F105050 家具、寢具、廚房器具、裝設品批發業,新北市,設立,11509
61288536,霖居商行,新北市三重區民生東街30號,陳順賓,200000,115/09/10,,,F107030 清潔用品批發業；F107990 其他化學製品批發業；F106020 日常用品批發業；F207030 清潔用品零售業；F206020 日常用品零售業；F399040 無店面零售業；F401010 國際貿易業；F113990 其他機械器具批發業；I301010 資訊軟體服務業；I301030 電子資訊供應服務業；F399990 其他綜合零售業；ZZ99999 除許可業務外，得經營法令非禁止或限制之業務,新北市,設立,11509
61288542,桶一天下企業社,新北市新莊區民安西路359號,連偉傑,200000,115/09/10,,,F501030 飲料店業；F501060 餐館業,新北市,設立,11509
61288557,心寓所商行,新北市汐止區南興路105號6樓,潘志昇,100000,115/09/10,,,F215010 首飾及貴金屬零售業；F115020 礦石批發業；F399040 無店面零售業；ZZ99999 除許可業務外，得經營法令非禁止或限制之業務；F115010 首飾及貴金屬批發業,新北市,設立,11509
61288563,春序商行,新北市板橋區中山路1段206巷39號,林慧音,200000,115/09/10,,,F501030 飲料店業；F501990 其他餐飲業；C104010 糖果製造業；C111010 製茶業；C110010 飲料製造業；C113020 酒類半成品製造業；C199030 即食餐食製造業；F102040 飲料批發業；F102170 食品什貨批發業；F102180 酒精批發業；F203010 食品什貨、飲料零售業；F203020 菸酒零售業；F203030 酒精零售業；F399040 無店面零售業；F399990 其他綜合零售業；F501060 餐館業；I103060 管理顧問業；I199990 其他顧問服務業；ZZ99999 除許可業務外，得經營法令非禁止或限制之業務,新北市,設立,11509
61288579,茉洛蒂皮拉提斯工作室,新北市永和區安樂路248之6號(1樓),范憶雯,240000,115/09/10,,,J802010 運動訓練業,新北市,設立,11509
61288584,青舍農產企業社,新北市蘆洲區中正路185巷31弄3號5樓,李其璋,200000,115/09/10,,,F101130 蔬果批發業；F201010 農產品零售業；ZZ99999 除許可業務外，得經營法令非禁止或限制之業務,新北市,設立,11509
61288590,初禾鍋餐飲企業社,新北市林口區中山路196號(1樓) 115年09月,董庭羽,100000,115/09/10,,,F501060 餐館業；ZZ99999 除許可業務外，得經營法令非禁止或限制之業務,新北市,設立,11509
61288607,知所設計工作室,新北市板橋區南雅東路29巷8號4樓,呂明泰,200000,115/09/10,,,I401010 一般廣告服務業；I501010 產品設計業；I301010 資訊軟體服務業；I301020 資料處理服務業；I301030 電子資訊供應服務業；JZ99030 攝影業；J305010 有聲出版業；I502010 服飾設計業；ZZ99999 除許可業務外，得經營法令非禁止或限制之業務,新北市,設立,11509
61288613,俊潔食品行,新北市板橋區陽明街65號,陳應俊,200000,115/09/10,,,F501060 餐館業,新北市,設立,11509
61288629,麻上好工作室,新北市板橋區漢生西路79巷2號(1樓),方柏森,100000,115/09/10,,,F501060 餐館業,新北市,設立,11509
61288634,鴻鴻小吃店,新北市板橋區僑中一街124巷18弄1號,劉威鴻,50000,115/09/10,,,F203010 食品什貨、飲料零售業；F501060 餐館業,新北市,設立,11509
61288640,乾鋒水電工程行,新北市新店區中正路135號3樓,簡德鋒,100000,115/09/10,,,E599010 配管工程業；E601010 電器承裝業；E601020 電器安裝業；E603040 消防安全設備安裝工程業；E603090 照明設備安裝工程業；E801010 室內裝潢業；E801070 廚具、衛浴設備安裝工程業,新北市,設立,11509
61288655,游雞涼菜王企業社,新北市蘆洲區民族路446之5號,游凱鈞,60000,115/09/10,,,F203010 食品什貨、飲料零售業,新北市,設立,11509
61288661,起源小吃店,新北市新莊區中正路516號之42(1樓),常雁晴,200000,115/09/10,,,F203020 菸酒零售業；F501030 飲料店業；F501060 餐館業；ZZ99999 除許可業務外，得經營法令非禁止或限制之業務,新北市,設立,11509
61288677,順美清潔企業社,新北市林口區中正路238號,朱順美,200000,115/09/10,,,J101010 建築物清潔服務業；J101030 廢棄物清除業；J101090 廢棄物清理業；J101040 廢棄物處理業；IZ12010 人力派遣業；J101020 病媒防治業；F107080 環境用藥批發業；F203030 酒精零售業；F205040 家具、寢具、廚房器具、裝設品零售業；F207010 漆料、塗料零售業；F207080 環境用藥零售業；F399040 無店面零售業；JZ99050 仲介服務業；F107030 清潔用品批發業；F107010 漆料、塗料批發業；ZZ99999 除許可業務外，得經營法令非禁止或限制之業務,新北市,設立,11509
61288682,永式運動企業社,新北市八里區龍米路2段73號9樓115年09月,詹順隆,80000,115/09/10,,,J802010 運動訓練業,新北市,設立,11509
61288698,沁安商行,新北市八里區龍米路1段388之12號4樓,朱湘菱,200000,115/09/10,,,F204110 布疋、衣著、鞋、帽、傘、服飾品零售業；F203010 食品什貨、飲料零售業；F203020 菸酒零售業；F205040 家具、寢具、廚房器具、裝設品零售業；F206020 日常用品零售業；F207030 清潔用品零售業；F208040 化粧品零售業；F209060 文教、樂器、育樂用品零售業；F221010 食品添加物零售業；F104110 布疋、衣著、鞋、帽、傘、服飾品批發業；F102170 食品什貨批發業；F102030 菸酒批發業；F102040 飲料批發業；F106020 日常用品批發業；F107030 清潔用品批發業；F108040 化粧品批發業；F109070 文教、樂器、育樂用品批發業；F121010 食品添加物批發業；F399990 其他綜合零售業；F208050 乙類成藥零售業；F107190 塑膠膜、袋批發業；I401010 一般廣告服務業；IZ06010 理貨包裝業；F106060 寵物食品及其用品批發業；F115010 首飾及貴金屬批發業；I501010 產品設計業；I101090 食品顧問業；F399040 無店面零售業；F401010 國際貿易業；ZZ99999 除許可業務外，得經營法令非禁止或限制之業務,新北市,設立,11509
61288705,勝騰小吃店,新北市三重區三民街285號(1樓),葉祐均,200000,115/09/10,,,F203010 食品什貨、飲料零售業；F501060 餐館業；F399040 無店面零售業；ZZ99999 除許可業務外，得經營法令非禁止或限制之業務,新北市,設立,11509
61288711,牛羊鼎餐飲會館,新北市汐止區明峰街297巷1號115年09月,石凌合,200000,115/09/10,,,F501060 餐館業,新北市,設立,11509
61288727,儒鑫企業社,新北市永和區永平路7號,蔡岳儒,200000,115/09/11,,,F118010 資訊軟體批發業；F218010 資訊軟體零售業；F299990 其他零售業；F399040 無店面零售業；F401010 國際貿易業；F501060 餐館業；I301010 資訊軟體服務業；I301020 資料處理服務業；I301030 電子資訊供應服務業；I103060 管理顧問業；I199990 其他顧問服務業；IZ99990 其他工商服務業；J801030 競技及休閒運動場館業；J802010 運動訓練業；F203010 食品什貨、飲料零售業；F204110 布疋、衣著、鞋、帽、傘、服飾品零售業；F206020 日常用品零售業；ZZ99999 除許可業務外，得經營法令非禁止或限制之業務,新北市,設立,11509
61288732,爪霸子選物販賣,新北市板橋區金門街120號,周奕辰,100000,115/09/11,,,F209060 文教、樂器、育樂用品零售業,新北市,設立,11509
61288748,驛站便當,新北市板橋區中山路2段282號(1樓),羅澤浩,50000,115/09/11,,,F501060 餐館業；F501990 其他餐飲業；ZZ99999 除許可業務外，得經營法令非禁止或限制之業務,新北市,設立,11509
61288753,德露兒企業社,新北市新店區安興路125之15號7樓,蔡孟宏,240000,115/09/11,,,F399040 無店面零售業；F401010 國際貿易業,新北市,設立,11509
61288769,嘉駿商行,新北市五股區西雲路31號4樓,游玉明,240000,115/09/11,,,F399010 便利商店業；IZ12010 人力派遣業；ZZ99999 除許可業務外，得經營法令非禁止或限制之業務,新北市,設立,11509
61288775,顏維勳行善麵店,新北市板橋區民治街52巷5弄6號（1樓）,顏維勳,240000,115/09/11,,,F501060 餐館業；F501030 飲料店業,新北市,設立,11509
61288780,得和馬蔥餅店,新北市永和區得和路361號,李帛勳,200000,115/09/11,,,F501990 其他餐飲業,新北市,設立,11509
61288796,邑得工程行,新北市土城區大安路16巷8號5樓115年09月,沙芷琳,200000,115/09/11,,,E901010 油漆工程業；E801010 室內裝潢業；E903010 防蝕、防銹工程業；F107010 漆料、塗料批發業；F207010 漆料、塗料零售業；F111090 建材批發業；F211010 建材零售業；I503010 景觀設計業；ZZ99999 除許可業務外，得經營法令非禁止或限制之業務,新北市,設立,11509
61288803,安禾工程行,新北市林口區文化二路1段456號,李碩豪,200000,115/09/11,,,E801010 室內裝潢業；E801020 門窗安裝工程業；E801030 室內輕鋼架工程業；E801070 廚具、衛浴設備安裝工程業；E901010 油漆工程業；F111090 建材批發業；F106010 五金批發業；F106040 水器材料批發業；F401010 國際貿易業；ZZ99999 除許可業務外，得經營法令非禁止或限制之業務,新北市,設立,11509
61288819,永楹企業社,新北市土城區大安路16巷8號5樓,張佩珊,200000,115/09/11,,,E801020 門窗安裝工程業；E801040 玻璃安裝工程業；EZ99990 其他工程業；F111090 建材批發業；ZZ99999 除許可業務外，得經營法令非禁止或限制之業務,新北市,設立,11509
61288825,美天羊肉,新北市林口區林口路214號,戴瑋德,100000,115/09/11,,,F501060 餐館業；ZZ99999 除許可業務外，得經營法令非禁止或限制之業務,新北市,設立,11509
61288830,食壹皓商號,新北市三峽區紫微路1號,鄭廷恩,200000,115/09/11,,,F501060 餐館業,新北市,設立,11509
61288846,美秀商行,新北市五股區芳洲一路69號7樓,潘美秀,100000,115/09/11,,,F203010 食品什貨、飲料零售業；F206010 五金零售業；F206020 日常用品零售業；F206040 水器材料零售業；F207030 清潔用品零售業；F208040 化粧品零售業；F209060 文教、樂器、育樂用品零售業；F213010 電器零售業；F299990 其他零售業；F399040 無店面零售業；ZZ99999 除許可業務外，得經營法令非禁止或限制之業務,新北市,設立,11509
61288851,花澗堂生活商號,新北市鶯歌區陶瓷街18號,陳品蓁,200000,115/09/11,,,F203010 食品什貨、飲料零售業；F215020 礦石零售業；F215010 首飾及貴金屬零售業；F201070 花卉零售業；F205040 家具、寢具、廚房器具、裝設品零售業；F399040 無店面零售業；F206020 日常用品零售業,新北市,設立,11509
61288867,炒將炒飯製研所,新北市新店區安和路2段203號(1樓),李皓,100000,115/09/11,,,F501060 餐館業,新北市,設立,11509
61288873,生命樹清潔企業社,新北市板橋區國慶路124號3樓,何映汝,200000,115/09/11,,,J101010 建築物清潔服務業；ZZ99999 除許可業務外，得經營法令非禁止或限制之業務,新北市,設立,11509
61288888,家喬工程行,新北市新莊區福壽街56巷4號4樓115年09月,連家賢,200000,115/09/11,,,E901010 油漆工程業；F106010 五金批發業；F107010 漆料、塗料批發業；F111090 建材批發業；F206010 五金零售業；F207010 漆料、塗料零售業；F211010 建材零售業；ZZ99999 除許可業務外，得經營法令非禁止或限制之業務,新北市,設立,11509
61288894,家源實業社,新北市三重區重陽路3段5巷8弄30號2樓,吳家源,200000,115/09/11,,,F106030 模具批發業；F206030 模具零售業；F106010 五金批發業；ZZ99999 除許可業務外，得經營法令非禁止或限制之業務,新北市,設立,11509
61288901,專糬創意工作室,新北市土城區中央路4段68巷13號10樓115年09月,簡愛樺,100000,115/09/11,,,J404010 動畫影片製作業；I401010 一般廣告服務業；F104110 布疋、衣著、鞋、帽、傘、服飾品批發業；F204110 布疋、衣著、鞋、帽、傘、服飾品零售業；F109070 文教、樂器、育樂用品批發業；F209060 文教、樂器、育樂用品零售業；F108040 化粧品批發業；F208040 化粧品零售業；F118010 資訊軟體批發業；F218010 資訊軟體零售業；F102040 飲料批發業；F102170 食品什貨批發業；F203010 食品什貨、飲料零售業；F199990 其他批發業；F299990 其他零售業；F399040 無店面零售業；F401010 國際貿易業；JZ99030 攝影業；J303010 雜誌（期刊）出版業；J304010 圖書出版業；J399990 其他出版業；J305010 有聲出版業；I501010 產品設計業；I599990 其他設計業；IZ10010 排版業；J503020 電視節目製作業；J503040 廣播電視廣告業；JB01010 會議及展覽服務業；J601010 藝文服務業；J602010 演藝活動業；IZ99990 其他工商服務業；JE01010 租賃業；J401010 電影片製作業；J404050 電影特效製作業；J404030 電影沖印業；J503010 廣播節目製作業；J503030 廣播電視節目發行業；J503050 錄影節目帶業；J404040 電影錄音業；F601010 智慧財產權業；I301010 資訊軟體服務業；I301020 資料處理服務業；I301030 電子資訊供應服務業；I103060 管理顧問業；ZZ99999 除許可業務外，得經營法令非禁止或限制之業務,新北市,設立,11509
61288917,承竣工程行,新北市八里區中山路1段306巷28號6樓,張貝珍,240000,115/09/11,,,E502010 燃料導管安裝工程業；E599010 配管工程業；E601010 電器承裝業；E601020 電器安裝業；E603010 電纜安裝工程業；E603040 消防安全設備安裝工程業；E603050 自動控制設備工程業；E603100 電焊工程業；E604010 機械安裝業；E801010 室內裝潢業；E901010 油漆工程業；E903010 防蝕、防銹工程業；EZ02010 起重工程業；EZ99990 其他工程業；F106010 五金批發業；F111090 建材批發業；J101030 廢棄物清除業；A102080 園藝服務業；ZZ99999 除許可業務外，得經營法令非禁止或限制之業務,新北市,設立,11509
61288923,卓匠企業社,新北市土城區福安街102巷5弄13號4樓,何健豪,200000,115/09/11,,,F214030 汽、機車零件配備零售業；JA01990 其他汽車服務業；ZZ99999 除許可業務外，得經營法令非禁止或限制之業務,新北市,設立,11509
61288938,樹懶慢洗工作室,新北市新莊區福營路350號,林詠潔,180000,115/09/11,,,F208040 化粧品零售業；JZ99080 美容美髮服務業；ZZ99999 除許可業務外，得經營法令非禁止或限制之業務,新北市,設立,11509
61288959,恒新烘焙坊,新北市林口區文化三路2段41巷36號,李叔恒,200000,115/09/11,,,C104020 烘焙炊蒸食品製造業,新北市,設立,11509
61288965,菁選精品商行,新北市淡水區新春街146之9號6樓,郭士菁,50000,115/09/14,,,F399040 無店面零售業；F204110 布疋、衣著、鞋、帽、傘、服飾品零售業,新北市,設立,11509
61288971,嗚啦啦拼圖工藝坊,新北市淡水區民權路111號3樓115年09月,郭瑾蔚,250000,115/09/14,,,F109070 文教、樂器、育樂用品批發業；F209060 文教、樂器、育樂用品零售業；F401010 國際貿易業；F399040 無店面零售業,新北市,設立,11509
61288986,杰晟實業社,新北市中和區秀福里秀朗路3段58之3號3樓115年09月,連晏晟,1000000,115/09/14,,,F106010 五金批發業；F401010 國際貿易業；F106020 日常用品批發業；F106050 陶瓷玻璃器皿批發業；F104110 布疋、衣著、鞋、帽、傘、服飾品批發業；F107030 清潔用品批發業；F105050 家具、寢具、廚房器具、裝設品批發業；F109070 文教、樂器、育樂用品批發業；F113020 電器批發業；F111090 建材批發業；F199990 其他批發業；F205040 家具、寢具、廚房器具、裝設品零售業；F108040 化粧品批發業；F206010 五金零售業；F206020 日常用品零售業；F207030 清潔用品零售業；F209060 文教、樂器、育樂用品零售業；F213030 電腦及事務性機器設備零售業；F399040 無店面零售業；I401010 一般廣告服務業；I501010 產品設計業；I599990 其他設計業；I102010 一般投資顧問業；F215010 首飾及貴金屬零售業；F113110 電池批發業；JE01010 租賃業；F115020 礦石批發業；F215020 礦石零售業；F106030 模具批發業；F106040 水器材料批發業；F106060 寵物食品及其用品批發業；F106070 祭祀用品批發業；F107010 漆料、塗料批發業；F107020 染料、顏料批發業；F107190 塑膠膜、袋批發業；F110010 鐘錶批發業；F113010 機械批發業；F110020 眼鏡批發業；F113030 精密儀器批發業；F113050 電腦及事務性機器設備批發業；F113060 度量衡器批發業；F113070 電信器材批發業；F113090 交通標誌器材批發業；F113990 其他機械器具批發業；F114030 汽、機車零件配備批發業；F114040 自行車及其零件批發業；F118010 資訊軟體批發業；F119010 電子材料批發業；F201050 漁具零售業；F204110 布疋、衣著、鞋、帽、傘、服飾品零售業；F206030 模具零售業；F206060 祭祀用品零售業；F207190 塑膠膜、袋零售業；F208040 化粧品零售業；F210010 鐘錶零售業；F210020 眼鏡零售業；F213010 電器零售業；F213040 精密儀器零售業；F213050 度量衡器零售業；F213060 電信器材零售業；F213080 機械器具零售業；F213990 其他機械器具零售業；F214030 汽、機車零件配備零售業；F214040 自行車及其零件零售業；F218010 資訊軟體零售業；F299990 其他零售業；F399990 其他綜合零售業；I502010 服飾設計業；ZZ99999 除許可業務外，得經營法令非禁止或限制之業務；EZ99990 其他工程業；E901010 油漆工程業；E801030 室內輕鋼架工程業；E801010 室內裝潢業,新北市,設立,11509
61288992,永葆工程行,新北市中和區民利街162號2樓115年09月,陳農竣,200000,115/09/14,,,E901010 油漆工程業；E903010 防蝕、防銹工程業；E599010 配管工程業；E601010 電器承裝業；E601020 電器安裝業；E603010 電纜安裝工程業；E603090 照明設備安裝工程業；E801010 室內裝潢業；E801030 室內輕鋼架工程業；E801070 廚具、衛浴設備安裝工程業；F106040 水器材料批發業；F106010 五金批發業；F107010 漆料、塗料批發業；F111090 建材批發業；F399040 無店面零售業；ZZ99999 除許可業務外，得經營法令非禁止或限制之業務,新北市,設立,11509
61289009,首成企業社,新北市汐止區新台五路1段93號21樓之6,陳亦淞,200000,115/09/14,,,E599010 配管工程業；E601010 電器承裝業；E601020 電器安裝業；E603040 消防安全設備安裝工程業；E603050 自動控制設備工程業；E603090 照明設備安裝工程業；E603130 燃氣熱水器承裝業；E701040 簡易電信設備安裝業；E801070 廚具、衛浴設備安裝工程業；F205040 家具、寢具、廚房器具、裝設品零售業；F206010 五金零售業；F206040 水器材料零售業；F213010 電器零售業；E603100 電焊工程業；E605010 電腦設備安裝業；F106010 五金批發業；F106040 水器材料批發業；F111090 建材批發業；F113020 電器批發業；F211010 建材零售業；ZZ99999 除許可業務外，得經營法令非禁止或限制之業務,新北市,設立,11509
61289015,貝兒丰采美學工作室,新北市板橋區民生路2段200號,林姿欣,100000,115/09/14,,,JZ99080 美容美髮服務業；ZZ99999 除許可業務外，得經營法令非禁止或限制之業務,新北市,設立,11509
61289021,柒三工作室,新北市林口區文明街138巷43號11樓,劉謹維,50000,115/09/14,,,F399040 無店面零售業,新北市,設立,11509
61289036,沐良食光寵物工作室,新北市三重區重安街137號5樓,邱淇瑋,100000,115/09/14,,,F106060 寵物食品及其用品批發業；F206050 寵物食品及其用品零售業；C201020 寵物食品製造業；F202010 飼料零售業；F102170 食品什貨批發業；A401060 其他動物服務業；F399040 無店面零售業；F401010 國際貿易業；ZZ99999 除許可業務外，得經營法令非禁止或限制之業務,新北市,設立,11509
61289042,一碗烘焙坊,新北市新莊區福樂街71巷11號2樓,邱羿瑄,100000,115/09/14,,,F399040 無店面零售業；ZZ99999 除許可業務外，得經營法令非禁止或限制之業務,新北市,設立,11509
61289057,禾榮企業社,新北市中和區連城路521之2號5樓115年09月,張巧宜,200000,115/09/14,,,F106010 五金批發業；F111090 建材批發業；F206010 五金零售業；F211010 建材零售業；F401010 國際貿易業；CA01050 鋼材二次加工業；E801010 室內裝潢業；E801030 室內輕鋼架工程業；E801040 玻璃安裝工程業；EZ99990 其他工程業；ZZ99999 除許可業務外，得經營法令非禁止或限制之業務,新北市,設立,11509
61289063,詠竣企業社,新北市樹林區佳園路1段149號2樓115年09月,陳佳良,100000,115/09/14,,,E601010 電器承裝業；E601020 電器安裝業；E603010 電纜安裝工程業；E603040 消防安全設備安裝工程業；E603050 自動控制設備工程業；E701040 簡易電信設備安裝業；CC01010 發電﹑輸電﹑配電機械製造業；CC01990 其他電機及電子機械器材製造業；F401010 國際貿易業；CB01010 機械設備製造業；CB01990 其他機械製造業；CC01030 電器及視聽電子產品製造業；CC01040 照明設備製造業；CC01060 有線通信機械器材製造業；CC01080 電子零組件製造業；CC01090 電池製造業；CC01110 電腦及其週邊設備製造業；E502010 燃料導管安裝工程業；E599010 配管工程業；E603130 燃氣熱水器承裝業；E604010 機械安裝業；E605010 電腦設備安裝業；E701010 電信工程業；E701020 衛星電視ＫＵ頻道、Ｃ頻道器材安裝業；E701030 電信管制射頻器材裝設工程業；E801010 室內裝潢業；E801020 門窗安裝工程業；E801030 室內輕鋼架工程業；E801040 玻璃安裝工程業；E801070 廚具、衛浴設備安裝工程業；E901010 油漆工程業；EZ99990 其他工程業；EZ15010 保溫、保冷安裝工程業；F106010 五金批發業；F113010 機械批發業；F113020 電器批發業；F113030 精密儀器批發業；F113050 電腦及事務性機器設備批發業；F113070 電信器材批發業；F113100 污染防治設備批發業；F113110 電池批發業；F113990 其他機械器具批發業；F117010 消防安全設備批發業；F118010 資訊軟體批發業；F119010 電子材料批發業；F120010 耐火材料批發業；F199990 其他批發業；F206010 五金零售業；F213010 電器零售業；F213030 電腦及事務性機器設備零售業；F213040 精密儀器零售業；F213060 電信器材零售業；F213080 機械器具零售業；F213100 污染防治設備零售業；F213110 電池零售業；F213990 其他機械器具零售業；F217010 消防安全設備零售業；F218010 資訊軟體零售業；F219010 電子材料零售業；F220010 耐火材料零售業；F299990 其他零售業；I301020 資料處理服務業；I301010 資訊軟體服務業；I301030 電子資訊供應服務業；I401010 一般廣告服務業；I501010 產品設計業；I503010 景觀設計業；IF04010 非破壞檢測業；IG03010 能源技術服務業；IZ12010 人力派遣業；IZ99990 其他工商服務業；ZZ99999 除許可業務外，得經營法令非禁止或限制之業務,新北市,設立,11509
61289079,永鉅汽車行,新北市蘆洲區永安南路2段298號(1樓),李子揚,200000,115/09/14,,,F214050 車胎零售業；F214030 汽、機車零件配備零售業；F114030 汽、機車零件配備批發業；JA01010 汽車修理業；F214010 汽車零售業,新北市,設立,11509
61289084,九米商行,新北市中和區員山路396號7樓,杜允睿,100000,115/09/14,,,F201020 畜產品零售業；F203010 食品什貨、飲料零售業；F399040 無店面零售業；I401010 一般廣告服務業；I501010 產品設計業；I599990 其他設計業；F209060 文教、樂器、育樂用品零售業；ZZ99999 除許可業務外，得經營法令非禁止或限制之業務；I103060 管理顧問業,新北市,設立,11509
61289090,阿吉的家貓咪旅館,新北市新莊區新興街26號(1樓),游雅鈞,50000,115/09/14,,,A401031 特定寵物服務業；JZ99180 寵物美容服務業；F206050 寵物食品及其用品零售業,新北市,設立,11509
61289107,鑫昇企業社,新北市新莊區新北大道7段322號12樓,吳政勳,200000,115/09/14,,,E801010 室內裝潢業；ZZ99999 除許可業務外，得經營法令非禁止或限制之業務,新北市,設立,11509
61289113,八加一酒友社,新北市三峽區二鬮路136巷24弄19號115年09月,劉淑玲,200000,115/09/14,,,F102030 菸酒批發業；F102040 飲料批發業；F102170 食品什貨批發業；F203010 食品什貨、飲料零售業；F203020 菸酒零售業；F399040 無店面零售業；F401010 國際貿易業,新北市,設立,11509
61289129,鈺錦企業社,新北市三重區中央北路90巷2號,江穎,200000,115/09/14,,,F106010 五金批發業；F106030 模具批發業；E603050 自動控制設備工程業；F206010 五金零售業；F206020 日常用品零售業；F213010 電器零售業；F213030 電腦及事務性機器設備零售業；F213040 精密儀器零售業；F213080 機械器具零售業；CA02990 其他金屬製品製造業；CQ01010 模具製造業；CA02030 螺絲、螺帽、螺絲釘、及鉚釘等製品製造業；C805030 塑膠日用品製造業；C805050 工業用塑膠製品製造業；IZ12010 人力派遣業；H703100 不動產租賃業；E801010 室內裝潢業；I503010 景觀設計業；F102030 菸酒批發業；F203020 菸酒零售業；JE01010 租賃業；JZ99050 仲介服務業；F401010 國際貿易業；G302010 小船經營業；G702010 船舶勞務承攬業；G799990 其他運輸輔助業；F112040 石油製品批發業；ZZ99999 除許可業務外，得經營法令非禁止或限制之業務,新北市,設立,11509
61289134,藝安水電工程行,新北市新店區北宜路1段197號,謝承堉,200000,115/09/14,,,E599010 配管工程業；E603010 電纜安裝工程業；E603020 電梯安裝工程業；E603040 消防安全設備安裝工程業；E603050 自動控制設備工程業；E603080 交通號誌安裝工程業；E603100 電焊工程業；E603090 照明設備安裝工程業；E801010 室內裝潢業；EZ07010 鑽孔工程業；ZZ99999 除許可業務外，得經營法令非禁止或限制之業務,新北市,設立,11509
61289140,金緣寶企業社,新北市樹林區工興街14巷13號115年09月,曾冠庭,200000,115/09/14,,,F102040 飲料批發業；F102170 食品什貨批發業；F106020 日常用品批發業；F203010 食品什貨、飲料零售業；F203020 菸酒零售業；F206020 日常用品零售業；F207030 清潔用品零售業；F209060 文教、樂器、育樂用品零售業；F399010 便利商店業；IZ12010 人力派遣業；F399990 其他綜合零售業；ZZ99999 除許可業務外，得經營法令非禁止或限制之業務,新北市,設立,11509
61289155,豪澤工程行,新北市新莊區後港二路24號3樓,許芳菁,240000,115/09/14,,,F106010 五金批發業；F106040 水器材料批發業；F111090 建材批發業；F113020 電器批發業；EZ99990 其他工程業；E601020 電器安裝業；E599010 配管工程業；E801020 門窗安裝工程業；F401010 國際貿易業；ZZ99999 除許可業務外，得經營法令非禁止或限制之業務,新北市,設立,11509
61289161,湘甜小日子工作室,新北市鶯歌區尖山路140巷12弄6號,曾湘凌,50000,115/09/14,,,C104020 烘焙炊蒸食品製造業,新北市,設立,11509
61289177,禾口未燒臘,新北市永和區得和路373巷31弄1號,汪子惟,100000,115/09/14,,,C199030 即食餐食製造業；C104020 烘焙炊蒸食品製造業；F501060 餐館業；ZZ99999 除許可業務外，得經營法令非禁止或限制之業務,新北市,設立,11509
61289182,福庫髮廊,新北市新莊區中央路572號,張孟勻,200000,115/09/14,,,JZ99080 美容美髮服務業,新北市,設立,11509
61289198,羅匠水電工作室,新北市鶯歌區尖山路174巷35弄54號,羅丞翰,100000,115/09/14,,,JA02010 電器及電子產品修理業,新北市,設立,11509
61289205,欣恆園藝工作室,新北市板橋區福德街2巷3號4樓,江峰全,20000,115/09/14,,,A102080 園藝服務業；F201070 花卉零售業；ZZ99999 除許可業務外，得經營法令非禁止或限制之業務,新北市,設立,11509
61289211,彤漾行銷整合工作室,新北市五股區成泰路1段237號之17 6樓,徐彤雅,100000,115/09/14,,,I401010 一般廣告服務業；J602010 演藝活動業；JB01010 會議及展覽服務業；J601010 藝文服務業；I501010 產品設計業；I103060 管理顧問業；I199990 其他顧問服務業；JE01010 租賃業；F399040 無店面零售業；F299990 其他零售業；F401010 國際貿易業；F101050 水產品批發業；F203010 食品什貨、飲料零售業；F201030 水產品零售業；F205040 家具、寢具、廚房器具、裝設品零售業；F204110 布疋、衣著、鞋、帽、傘、服飾品零售業；F208040 化粧品零售業；F209060 文教、樂器、育樂用品零售業；F206020 日常用品零售業,新北市,設立,11509
61289227,雷姆利亞工作室,新北市新莊區五工一路100號115年09月,莊紫晴,239000,115/09/14,,,J601010 藝文服務業；J602010 演藝活動業；JB01010 會議及展覽服務業；J603010 音樂展演空間業；I401010 一般廣告服務業；IZ99990 其他工商服務業；F209060 文教、樂器、育樂用品零售業；ZZ99999 除許可業務外，得經營法令非禁止或限制之業務,新北市,設立,11509
61289232,永毅工程行,新北市板橋區中山路2段62號6樓之2,呂泓毅,248000,115/09/14,,,E599010 配管工程業；E603120 噴砂工程業；E603040 消防安全設備安裝工程業；E801010 室內裝潢業；E801020 門窗安裝工程業；E801040 玻璃安裝工程業；EZ99990 其他工程業；F106010 五金批發業；F111090 建材批發業；F117010 消防安全設備批發業；F120010 耐火材料批發業；F401010 國際貿易業；ZZ99999 除許可業務外，得經營法令非禁止或限制之業務,新北市,設立,11509
61289248,祥恩花苑,新北市中和區中山路2段332巷39號12樓,洪浩翔,50000,115/09/14,,,I501010 產品設計業；I503010 景觀設計業；I504010 花藝設計業；F101100 花卉批發業；F102030 菸酒批發業；F102040 飲料批發業；F102050 茶葉批發業；F102170 食品什貨批發業；F104110 布疋、衣著、鞋、帽、傘、服飾品批發業；F106070 祭祀用品批發業；F201070 花卉零售業；F203010 食品什貨、飲料零售業；F203020 菸酒零售業；F204110 布疋、衣著、鞋、帽、傘、服飾品零售業；F206060 祭祀用品零售業；ZZ99999 除許可業務外，得經營法令非禁止或限制之業務,新北市,設立,11509
61289253,直接科技行,新北市蘆洲區中華街109號2樓,李易達,100000,115/09/14,,,I301010 資訊軟體服務業；I301020 資料處理服務業；I301030 電子資訊供應服務業；I199990 其他顧問服務業；I501010 產品設計業；I599990 其他設計業；F113050 電腦及事務性機器設備批發業；F118010 資訊軟體批發業；F119010 電子材料批發業；E603050 自動控制設備工程業；E605010 電腦設備安裝業；EZ05010 儀器、儀表安裝工程業；ZZ99999 除許可業務外，得經營法令非禁止或限制之業務,新北市,設立,11509
61289269,民和盛商行,新北市中和區中山路3段82號(1、2樓),馬新芬,200000,115/09/15,,,F501060 餐館業；F203020 菸酒零售業；F203010 食品什貨、飲料零售業,新北市,設立,11509
61289275,雩伈小館,新北市石門區崁子脚58之8號(1樓) 115年09月,張雩伈,150000,115/09/15,,,F501060 餐館業,新北市,設立,11509
61289280,白金企業社,新北市土城區學海街11號,蔡揚名,200000,115/09/15,,,F203010 食品什貨、飲料零售業；F204110 布疋、衣著、鞋、帽、傘、服飾品零售業；F209060 文教、樂器、育樂用品零售業；F501030 飲料店業；J801030 競技及休閒運動場館業；J802010 運動訓練業；ZZ99999 除許可業務外，得經營法令非禁止或限制之業務,新北市,設立,11509
61289296,簡米企業社,新北市板橋區仁化街140號,曹顏麗珠,200000,115/09/15,,,F209060 文教、樂器、育樂用品零售業；ZZ99999 除許可業務外，得經營法令非禁止或限制之業務,新北市,設立,11509
61289303,惠惜真好吃小吃店,新北市鶯歌區尖山埔路145號(1樓),翁詹麗玫,200000,115/09/15,,,F501060 餐館業,新北市,設立,11509
61289319,百衣百順潔淨坊,新北市淡水區新興街121巷17號(1樓),盧珮寧,50000,115/09/15,,,JA03010 洗衣業；F206020 日常用品零售業；ZZ99999 除許可業務外，得經營法令非禁止或限制之業務,新北市,設立,11509
61289325,安可還在工作室,新北市三芝區楓林路2號,梁可詩,200000,115/09/15,,,C901010 陶瓷及陶瓷製品製造業；F205040 家具、寢具、廚房器具、裝設品零售業；F209060 文教、樂器、育樂用品零售業；I105010 藝術品諮詢顧問業；J601010 藝文服務業；ZZ99999 除許可業務外，得經營法令非禁止或限制之業務,新北市,設立,11509
61289330,捷境清潔企業社,新北市蘆洲區環堤大道60之11號5樓,王詩捷,200000,115/09/15,,,J101010 建築物清潔服務業；J101020 病媒防治業；J101990 其他環境衛生及污染防治服務業,新北市,設立,11509
61289346,欣緯清潔企業社,新北市蘆洲區環堤大道60之11號5樓,程卉囷,200000,115/09/15,,,J101010 建築物清潔服務業；J101020 病媒防治業；J101990 其他環境衛生及污染防治服務業,新北市,設立,11509
61289351,美好人生工作室,新北市樹林區復興路373巷2號2樓之2,魏瓊玉,50000,115/09/15,,,I599990 其他設計業；F204110 布疋、衣著、鞋、帽、傘、服飾品零售業；F399040 無店面零售業；ZZ99999 除許可業務外，得經營法令非禁止或限制之業務；JZ99990 未分類其他服務業,新北市,設立,11509
61289367,轟酷工作室,新北市淡水區大忠街113巷29號11樓之２115年09月,辜敬閎,100000,115/09/15,,,J401010 電影片製作業；I301030 電子資訊供應服務業；I401010 一般廣告服務業；F399040 無店面零售業；I103060 管理顧問業；I199990 其他顧問服務業；I501010 產品設計業；I599990 其他設計業；F401010 國際貿易業；ZZ99999 除許可業務外，得經營法令非禁止或限制之業務,新北市,設立,11509
61289373,凱勝工程行,新北市三重區和平街18號115年09月,林怡婷,200000,115/09/15,,,F105050 家具、寢具、廚房器具、裝設品批發業；F106010 五金批發業；F106040 水器材料批發業；F107010 漆料、塗料批發業；F111090 建材批發業；F113020 電器批發業；F117010 消防安全設備批發業；F120010 耐火材料批發業；F199990 其他批發業；F205040 家具、寢具、廚房器具、裝設品零售業；F206010 五金零售業；F206040 水器材料零售業；F207010 漆料、塗料零售業；F211010 建材零售業；F213010 電器零售業；F217010 消防安全設備零售業；F220010 耐火材料零售業；F299990 其他零售業；F399040 無店面零售業；E502010 燃料導管安裝工程業；E599010 配管工程業；E601020 電器安裝業；E603010 電纜安裝工程業；E603020 電梯安裝工程業；E603040 消防安全設備安裝工程業；E603050 自動控制設備工程業；E603080 交通號誌安裝工程業；E603090 照明設備安裝工程業；E603100 電焊工程業；E604010 機械安裝業；E605010 電腦設備安裝業；E607010 太陽熱能設備安裝工程業；E701010 電信工程業；E701040 簡易電信設備安裝業；E801010 室內裝潢業；E801020 門窗安裝工程業；E801030 室內輕鋼架工程業；E801040 玻璃安裝工程業；E801070 廚具、衛浴設備安裝工程業；E901010 油漆工程業；E903010 防蝕、防銹工程業；EZ05010 儀器、儀表安裝工程業；EZ99990 其他工程業；I599990 其他設計業；IZ12010 人力派遣業；IZ99990 其他工商服務業；JE01010 租賃業；JZ99050 仲介服務業；JZ99990 未分類其他服務業；ZZ99999 除許可業務外，得經營法令非禁止或限制之業務,新北市,設立,11509
61289388,淨源企業社,新北市中和區景平路307號(1樓),洪峻源,240000,115/09/15,,,J101010 建築物清潔服務業；J101020 病媒防治業；J101030 廢棄物清除業；J101080 資源回收業；J101090 廢棄物清理業；F207030 清潔用品零售業；ZZ99999 除許可業務外，得經營法令非禁止或限制之業務,新北市,設立,11509
61289394,妤婕商行,新北市五股區新城八路377號6樓,謝妤婕,100000,115/09/15,,,JZ99080 美容美髮服務業；F208040 化粧品零售業；F399040 無店面零售業,新北市,設立,11509
61289401,蒔昀商行,新北市新店區安興路127之3號(1樓),鍾繕宇,100000,115/09/15,,,F501060 餐館業；F399040 無店面零售業,新北市,設立,11509
61289417,偉士夢企業社,新北市三重區仁愛街269巷8號,洪宇辰,200000,115/09/15,,,F214010 汽車零售業；F214020 機車零售業；F214030 汽、機車零件配備零售業；F114010 汽車批發業；F114020 機車批發業；F114030 汽、機車零件配備批發業；F214050 車胎零售業；F114990 其他交通運輸工具及其零件批發業；F214990 其他交通運輸工具及其零件零售業；F114050 車胎批發業；JA01010 汽車修理業；JA02020 機車修理業；JA01020 汽車拖吊業；JA01990 其他汽車服務業；F401010 國際貿易業；F399040 無店面零售業；ZZ99999 除許可業務外，得經營法令非禁止或限制之業務,新北市,設立,11509
61289423,簡恩空調企業社,新北市中和區連勝街35巷10號2樓115年09月,簡童恩,200000,115/09/15,,,F106010 五金批發業；F106020 日常用品批發業；F113020 電器批發業；F113050 電腦及事務性機器設備批發業；F119010 電子材料批發業；F199010 回收物料批發業；F206010 五金零售業；F206020 日常用品零售業；F213010 電器零售業；F213030 電腦及事務性機器設備零售業；F219010 電子材料零售業；F399040 無店面零售業；F401010 國際貿易業；E599010 配管工程業；E601010 電器承裝業；E601020 電器安裝業；E603010 電纜安裝工程業；E603040 消防安全設備安裝工程業；E604010 機械安裝業；E801010 室內裝潢業；ZZ99999 除許可業務外，得經營法令非禁止或限制之業務,新北市,設立,11509
61289438,露比文創工作室,新北市淡水區新春街99號7樓,鄭家揚,200000,115/09/15,,,C306010 成衣業；C307010 服飾品製造業；F204110 布疋、衣著、鞋、帽、傘、服飾品零售業；F206020 日常用品零售業；I501010 產品設計業；I599990 其他設計業；F209060 文教、樂器、育樂用品零售業；F399040 無店面零售業；ZZ99999 除許可業務外，得經營法令非禁止或限制之業務,新北市,設立,11509
61289459,展銓科技企業社,新北市中和區中山路2段332巷1號7樓,蔡鎮任,240000,115/09/15,,,E599010 配管工程業；E603050 自動控制設備工程業；E701040 簡易電信設備安裝業；F113070 電信器材批發業；F213040 精密儀器零售業；F213060 電信器材零售業；F399040 無店面零售業；I199990 其他顧問服務業；I301010 資訊軟體服務業；I301030 電子資訊供應服務業；IG01010 生物技術服務業；EZ05010 儀器、儀表安裝工程業；ZZ99999 除許可業務外，得經營法令非禁止或限制之業務,新北市,設立,11509
61289465,采祥商行,新北市板橋區僑中二街88巷21號(1樓) 115年09月,謝禾諺,50000,115/09/15,,,F399040 無店面零售業；F399990 其他綜合零售業；F206020 日常用品零售業；F207030 清潔用品零售業；F205040 家具、寢具、廚房器具、裝設品零售業；F299990 其他零售業；F213010 電器零售業；F203010 食品什貨、飲料零售業,新北市,設立,11509
61289471,臻耀企業社,新北市新店區安興路105號5樓之2,陳俊傑,200000,115/09/15,,,F102040 飲料批發業；F102050 茶葉批發業；F102020 食用油脂批發業；F104110 布疋、衣著、鞋、帽、傘、服飾品批發業；F102170 食品什貨批發業；F105050 家具、寢具、廚房器具、裝設品批發業；F106020 日常用品批發業；F106010 五金批發業；F106040 水器材料批發業；F106050 陶瓷玻璃器皿批發業；F106060 寵物食品及其用品批發業；F107010 漆料、塗料批發業；F107020 染料、顏料批發業；F107030 清潔用品批發業；F108040 化粧品批發業；F110010 鐘錶批發業；F109070 文教、樂器、育樂用品批發業；F110020 眼鏡批發業；F111090 建材批發業；F201010 農產品零售業；F203010 食品什貨、飲料零售業；F204110 布疋、衣著、鞋、帽、傘、服飾品零售業；F205040 家具、寢具、廚房器具、裝設品零售業；F206010 五金零售業；F206020 日常用品零售業；F206030 模具零售業；F206040 水器材料零售業；F206050 寵物食品及其用品零售業；F206060 祭祀用品零售業；F207020 染料、顏料零售業；F207030 清潔用品零售業；F208040 化粧品零售業；F209060 文教、樂器、育樂用品零售業；F211010 建材零售業；F213050 度量衡器零售業；F213030 電腦及事務性機器設備零售業；J101010 建築物清潔服務業；ZZ99999 除許可業務外，得經營法令非禁止或限制之業務,新北市,設立,11509
61289486,立璞工作室,新北市中和區光華街9號(1樓),黃乙真,100000,115/09/15,,,I401010 一般廣告服務業；I103060 管理顧問業；I199990 其他顧問服務業；ZZ99999 除許可業務外，得經營法令非禁止或限制之業務,新北市,設立,11509
61289492,八方來財企業社,新北市泰山區明志路3段434號(1樓) 115年09月,鄭聰海,200000,115/09/16,,,J404020 提供設備及場地供電影片拍攝業；J601010 藝文服務業；J602010 演藝活動業；J799990 其他休閒服務業；J801030 競技及休閒運動場館業；JE01010 租賃業；F203010 食品什貨、飲料零售業；ZZ99999 除許可業務外，得經營法令非禁止或限制之業務,新北市,設立,11509
61289508,樂思琪商行,新北市板橋區國慶路184號,李德愛,100000,115/09/16,,,F102020 食用油脂批發業；F102040 飲料批發業；F102170 食品什貨批發業；F106010 五金批發業；F106020 日常用品批發業；F121010 食品添加物批發業；F199990 其他批發業；F203010 食品什貨、飲料零售業；F206020 日常用品零售業；F299990 其他零售業；F399040 無店面零售業；F399990 其他綜合零售業；F401010 國際貿易業；F501030 飲料店業；F501060 餐館業；F501990 其他餐飲業,新北市,設立,11509
61289514,派特行銷工作室,新北市蘆洲區水湳街73之3號7樓,林書丞,200000,115/09/16,,,F104110 布疋、衣著、鞋、帽、傘、服飾品批發業；F106020 日常用品批發業；F109070 文教、樂器、育樂用品批發業；F204110 布疋、衣著、鞋、帽、傘、服飾品零售業；F206020 日常用品零售業；F209060 文教、樂器、育樂用品零售業；I401010 一般廣告服務業；I501010 產品設計業；I502010 服飾設計業；I599990 其他設計業；F399040 無店面零售業；F401010 國際貿易業；ZZ99999 除許可業務外，得經營法令非禁止或限制之業務,新北市,設立,11509
61289520,牧后製作工作室,新北市淡水區自強路128巷9號8樓115年09月,陳牧雲,200000,115/09/16,,,F109070 文教、樂器、育樂用品批發業；F204110 布疋、衣著、鞋、帽、傘、服飾品零售業；F601010 智慧財產權業；I199990 其他顧問服務業；I401010 一般廣告服務業；I501010 產品設計業；I599990 其他設計業；J202010 產業育成業；J303010 雜誌（期刊）出版業；J304010 圖書出版業；J305010 有聲出版業；J401010 電影片製作業；J404040 電影錄音業；J503020 電視節目製作業；J601010 藝文服務業；J602010 演藝活動業；J603010 音樂展演空間業；J604010 聲音錄製及音樂發行業；JB01010 會議及展覽服務業；ZZ99999 除許可業務外，得經營法令非禁止或限制之業務,新北市,設立,11509
61289535,小樹創印工作坊,新北市鶯歌區鶯桃路365巷16號(2樓),林樹德,100000,115/09/16,,,C805990 其他塑膠製品製造業；C805030 塑膠日用品製造業；F206020 日常用品零售業；F299990 其他零售業；F399040 無店面零售業；I599990 其他設計業；I501010 產品設計業；ZZ99999 除許可業務外，得經營法令非禁止或限制之業務,新北市,設立,11509
61289541,捷宇影像工作室,新北市永和區福和路151號9樓,邵卉婕,100000,115/09/16,,,JZ99030 攝影業；J803020 運動比賽業；J803010 運動表演業；J799990 其他休閒服務業；JZ99990 未分類其他服務業；J404010 動畫影片製作業,新北市,設立,11509
61289556,朝香日和實業社,新北市土城區安和里延和路146巷2號5樓115年09月,林冠廷,100000,115/09/16,,,C199040 豆類加工食品製造業；F203010 食品什貨、飲料零售業；F399040 無店面零售業；F399990 其他綜合零售業；F102170 食品什貨批發業；F121010 食品添加物批發業；C199020 食用冰製造業；F501030 飲料店業；C199010 麵條、粉條類食品製造業；C109010 調味品製造業；C199030 即食餐食製造業；F501060 餐館業；C104020 烘焙炊蒸食品製造業；ZZ99999 除許可業務外，得經營法令非禁止或限制之業務,新北市,設立,11509
61289562,彥霖工程行,新北市汐止區新台五路1段93號21樓之6,劉彥霖,200000,115/09/16,,,F113100 污染防治設備批發業；F213100 污染防治設備零售業；F401010 國際貿易業；E601020 電器安裝業；E603010 電纜安裝工程業；E603020 電梯安裝工程業；E603040 消防安全設備安裝工程業；E603050 自動控制設備工程業；E603080 交通號誌安裝工程業；E603090 照明設備安裝工程業；E603100 電焊工程業；E603110 冷作工程業；E603120 噴砂工程業；E604010 機械安裝業；E605010 電腦設備安裝業；E701010 電信工程業；E801010 室內裝潢業；E901010 油漆工程業；EZ05010 儀器、儀表安裝工程業；I301010 資訊軟體服務業；IG03010 能源技術服務業；IZ12010 人力派遣業；JE01010 租賃業；ZZ99999 除許可業務外，得經營法令非禁止或限制之業務,新北市,設立,11509
61289578,喀拉動漫商行,新北市三重區慈愛里仁愛街696號4樓,吳澄霖,150000,115/09/16,,,F209060 文教、樂器、育樂用品零售業；F399040 無店面零售業；F401010 國際貿易業,新北市,設立,11509
61289583,李滿盆外燴料理總舖,新北市新店區安祥路129號,李滿盆,150000,115/09/16,,,F501990 其他餐飲業；F501060 餐館業,新北市,設立,11509
61289599,祈願生命禮儀社,新北市三重區過田里重新路4段43號7樓,張鈞崴,200000,115/09/16,,,F101100 花卉批發業；F106070 祭祀用品批發業；F199990 其他批發業；F201070 花卉零售業；F206060 祭祀用品零售業；F299990 其他零售業；F399990 其他綜合零售業；F401010 國際貿易業；I103060 管理顧問業；I401010 一般廣告服務業；IZ12010 人力派遣業；JZ99050 仲介服務業；JZ99090 喜慶綜合服務業；JZ99151 殯葬禮儀服務業；ZZ99999 除許可業務外，得經營法令非禁止或限制之業務,新北市,設立,11509
61289606,吃得好商行,新北市中和區連城路262號(1樓),莊承穎,150000,115/09/16,,,ZZ99999 除許可業務外，得經營法令非禁止或限制之業務；F501030 飲料店業；F501060 餐館業,新北市,設立,11509
61289612,翊珍香滷味,新北市汐止區樟樹一路121之1號115年09月,蔡翊廉,240000,115/09/16,,,C199990 未分類其他食品製造業；F203010 食品什貨、飲料零售業；F501990 其他餐飲業,新北市,設立,11509
61289628,福德水果行,新北市汐止區福德一路260號(1樓),段春梅,100000,115/09/16,,,F201010 農產品零售業,新北市,設立,11509
61289633,食君輕食店,新北市板橋區莒光路116號(1樓),劉姸君,200000,115/09/16,,,F501060 餐館業；F203010 食品什貨、飲料零售業,新北市,設立,11509
61289649,大繁勝餐飲店,新北市三重區自強路1段191號,古春香,3000000,115/09/16,,,F501060 餐館業；F203010 食品什貨、飲料零售業；F501990 其他餐飲業；ZZ99999 除許可業務外，得經營法令非禁止或限制之業務,新北市,設立,11509
61289654,天菜蒙古烤肉,新北市板橋區南雅東路40號（1樓）,梁世璋,50000,115/09/16,,,F501060 餐館業,新北市,設立,11509
61289660,澄光廊早午餐,新北市板橋區貴興路117號(1樓),周佳諭,150000,115/09/16,,,F501060 餐館業,新北市,設立,11509
61289676,拾光唯流商行,新北市五股區芳洲二路67號(1樓),劉怡君,100000,115/09/16,,,F501060 餐館業,新北市,設立,11509
61289681,沐川商行,新北市板橋區金門街372巷34號7樓,陳瀅筑,100000,115/09/16,,,F101990 其他農、畜、水產品批發業,新北市,設立,11509
61289697,興曜技研工坊,新北市新莊區中港路136號(1樓),楊晏綾,200000,115/09/16,,,F214040 自行車及其零件零售業；F399040 無店面零售業；JA02030 自行車修理業；F214050 車胎零售業,新北市,設立,11509
61289704,九邑小吃店,新北市汐止區建成路164號115年09月,翁子庭,100000,115/09/16,,,F203010 食品什貨、飲料零售業；F501060 餐館業；ZZ99999 除許可業務外，得經營法令非禁止或限制之業務,新北市,設立,11509
61289710,拾柒零售商行企業社,新北市新莊區瓊林路42巷18號3樓115年09月,吳旻樺,200000,115/09/16,,,F102040 飲料批發業；F102050 茶葉批發業；F102170 食品什貨批發業；F103010 飼料批發業；F104110 布疋、衣著、鞋、帽、傘、服飾品批發業；F105050 家具、寢具、廚房器具、裝設品批發業；F106010 五金批發業；F106020 日常用品批發業；F106040 水器材料批發業；F106050 陶瓷玻璃器皿批發業；F106060 寵物食品及其用品批發業；F107010 漆料、塗料批發業；F107020 染料、顏料批發業；F107030 清潔用品批發業；F108040 化粧品批發業；F109070 文教、樂器、育樂用品批發業；F113010 機械批發業；F113020 電器批發業；F113050 電腦及事務性機器設備批發業；F114030 汽、機車零件配備批發業；F115010 首飾及貴金屬批發業；F119010 電子材料批發業；F199990 其他批發業；F201010 農產品零售業；F201030 水產品零售業；F203010 食品什貨、飲料零售業；F204110 布疋、衣著、鞋、帽、傘、服飾品零售業；F205040 家具、寢具、廚房器具、裝設品零售業；F206010 五金零售業；F206020 日常用品零售業；F206040 水器材料零售業；F206050 寵物食品及其用品零售業；F207030 清潔用品零售業；F208040 化粧品零售業；F209060 文教、樂器、育樂用品零售業；F213010 電器零售業；F213030 電腦及事務性機器設備零售業；F214030 汽、機車零件配備零售業；F214990 其他交通運輸工具及其零件零售業；F219010 電子材料零售業；F299990 其他零售業；F399040 無店面零售業；F399990 其他綜合零售業；F401010 國際貿易業；ZZ99999 除許可業務外，得經營法令非禁止或限制之業務,新北市,設立,11509
61289726,力創工程行,新北市三峽區復興路459巷7號14樓,王裕慧,200000,115/09/16,,,E599010 配管工程業；E603040 消防安全設備安裝工程業；E603100 電焊工程業；E603110 冷作工程業；E603120 噴砂工程業；E801010 室內裝潢業；E901010 油漆工程業；E903010 防蝕、防銹工程業；EZ02010 起重工程業；EZ07010 鑽孔工程業；EZ99990 其他工程業；IZ12010 人力派遣業；ZZ99999 除許可業務外，得經營法令非禁止或限制之業務,新北市,設立,11509
61289731,御膳煌商行,新北市新莊區豐盛一街16號15樓,俞婷婷,200000,115/09/16,,,F203010 食品什貨、飲料零售業；F399040 無店面零售業,新北市,設立,11509
61289747,大清清潔企業社,新北市中和區中山路2段332巷1號7樓,胡春燕,200000,115/09/16,,,J101010 建築物清潔服務業；J101030 廢棄物清除業,新北市,設立,11509
61289768,一顆小宇宙商行,新北市土城區清水路237號,林郁倖,200000,115/09/16,,,F209060 文教、樂器、育樂用品零售業；F109070 文教、樂器、育樂用品批發業；F399040 無店面零售業；F401010 國際貿易業；ZZ99999 除許可業務外，得經營法令非禁止或限制之業務,新北市,設立,11509
61289774,一起包吐司企業社,新北市中和區自立路54號,陳英傑,50000,115/09/16,,,F501060 餐館業；F203010 食品什貨、飲料零售業；ZZ99999 除許可業務外，得經營法令非禁止或限制之業務,新北市,設立,11509
61289789,旭玖汽車美容,新北市汐止區伯爵街55巷5號,何金德,200000,115/09/16,,,JA01990 其他汽車服務業；ZZ99999 除許可業務外，得經營法令非禁止或限制之業務,新北市,設立,11509
61289795,豪恩美容健康會館,新北市中和區景平路140號,施淮迅,100000,115/09/16,,,JZ99990 未分類其他服務業；F208040 化粧品零售業；JZ99080 美容美髮服務業；ZZ99999 除許可業務外，得經營法令非禁止或限制之業務,新北市,設立,11509
61289802,鮮饌企業社,新北市土城區青雲路295巷16弄26號3樓115年09月,張晏誠,200000,115/09/16,,,F101040 家畜家禽批發業；F101050 水產品批發業；F101130 蔬果批發業；F102030 菸酒批發業；F102040 飲料批發業；F102170 食品什貨批發業；F201010 農產品零售業；F201020 畜產品零售業；F201030 水產品零售業；F203010 食品什貨、飲料零售業；F203020 菸酒零售業；F399040 無店面零售業；ZZ99999 除許可業務外，得經營法令非禁止或限制之業務,新北市,設立,11509
61289818,踹漾運動工作室,新北市汐止區茄苳路88巷22號5樓,楊志祥,30000,115/09/16,,,J802010 運動訓練業；J803010 運動表演業；J803020 運動比賽業；F209060 文教、樂器、育樂用品零售業；F399040 無店面零售業；I401010 一般廣告服務業；IZ12010 人力派遣業；ZZ99999 除許可業務外，得經營法令非禁止或限制之業務,新北市,設立,11509
61289824,彤理心聊浴工作室,新北市永和區自由街47號2樓,林彤恩,70000,115/09/17,,,JF01010 傳統整復推拿業,新北市,設立,11509
61289839,燒哦串燒,新北市新店區寶強路57之1號,劉品佑,10000,115/09/16,,,F501060 餐館業；ZZ99999 除許可業務外，得經營法令非禁止或限制之業務,新北市,設立,11509
61289845,崴震油漆工程行,新北市三重區五華街13巷18號5樓,楊堉琦,1000,115/09/17,,,E901010 油漆工程業,新北市,設立,11509
61289850,沐森企業社,新北市蘆洲區長興路148號,胡凱淋,100000,115/09/17,,,JZ99080 美容美髮服務業；F208040 化粧品零售業；F399040 無店面零售業；F299990 其他零售業,新北市,設立,11509
61289866,溫心美容護膚工坊,新北市三重區元信二街１１８號,林書誠,88000,115/09/17,,,JZ99080 美容美髮服務業,新北市,設立,11509
61289872,宸雅商行,新北市新莊區幸福路583號2樓,顏千雅,200000,115/09/17,,,F208040 化粧品零售業；F203010 食品什貨、飲料零售業；JZ99080 美容美髮服務業；ZZ99999 除許可業務外，得經營法令非禁止或限制之業務,新北市,設立,11509
61289887,選松柏早午餐店,新北市板橋區松柏街33巷24號,賴冠宇,200000,115/09/17,,,F501060 餐館業；F501030 飲料店業,新北市,設立,11509
61289893,皓銘企業社,新北市新莊區昌盛街35巷3弄7號,梁皓荃,200000,115/09/17,,,EZ02010 起重工程業；IZ06010 理貨包裝業；IZ12010 人力派遣業；G799990 其他運輸輔助業；ZZ99999 除許可業務外，得經營法令非禁止或限制之業務,新北市,設立,11509
61289900,亨隆企業社,新北市蘆洲區長安街23巷21號4樓之1,陳翠雲,200000,115/09/17,,,F106010 五金批發業；F206010 五金零售業；CA02030 螺絲、螺帽、螺絲釘、及鉚釘等製品製造業；F401010 國際貿易業；ZZ99999 除許可業務外，得經營法令非禁止或限制之業務,新北市,設立,11509
61289916,扉與花工作坊,新北市土城區廣明街63巷20號,李璧如,50000,115/09/17,,,F208040 化粧品零售業；F399040 無店面零售業；F207030 清潔用品零售業,新北市,設立,11509
61289922,樂客炒米粉,新北市蘆洲區中正路315號,沈承頡,200000,115/09/17,,,F501060 餐館業；ZZ99999 除許可業務外，得經營法令非禁止或限制之業務,新北市,設立,11509
61289937,艾風風工作室,新北市汐止區建成路154號10樓之1,李佩紋,200000,115/09/17,,,I199990 其他顧問服務業；I401010 一般廣告服務業；F401010 國際貿易業；J401010 電影片製作業；ZZ99999 除許可業務外，得經營法令非禁止或限制之業務,新北市,設立,11509
61289943,囍漾國際美學髮廊,新北市板橋區大華街104號(1樓) 115年09月,黃筱蕙,200000,115/09/17,,,JZ99080 美容美髮服務業；ZZ99999 除許可業務外，得經營法令非禁止或限制之業務,新北市,設立,11509
61289958,氨心翎工作室,新北市板橋區縣民大道3段217號2樓,游子,100000,115/09/17,,,I401010 一般廣告服務業；I301010 資訊軟體服務業；I301020 資料處理服務業；I301030 電子資訊供應服務業；IZ99990 其他工商服務業；JZ99990 未分類其他服務業；ZZ99999 除許可業務外，得經營法令非禁止或限制之業務,新北市,設立,11509
61289964,海御汽車商行,新北市新店區安興路１２５之１０號,林弘毅,200000,115/09/17,,,F214010 汽車零售業；F214030 汽、機車零件配備零售業；F214050 車胎零售業；F214990 其他交通運輸工具及其零件零售業；F219010 電子材料零售業；F401010 國際貿易業；ZZ99999 除許可業務外，得經營法令非禁止或限制之業務,新北市,設立,11509
61289970,欸取欸恩欸企業社,新北市新莊區四維路150巷5號4樓,金雯馨,50000,115/09/17,,,ZZ99999 除許可業務外，得經營法令非禁止或限制之業務；F204110 布疋、衣著、鞋、帽、傘、服飾品零售業；F206020 日常用品零售業；F299990 其他零售業；F399040 無店面零售業；F399990 其他綜合零售業,新北市,設立,11509
61289985,俊程商行,新北市五股區凌雲路1段158巷24號之1 6樓,王俊程,100000,115/09/17,,,F203010 食品什貨、飲料零售業；F206010 五金零售業；F206020 日常用品零售業；F206040 水器材料零售業；F207030 清潔用品零售業；F208040 化粧品零售業；F209060 文教、樂器、育樂用品零售業；F213010 電器零售業；F299990 其他零售業；F399040 無店面零售業；ZZ99999 除許可業務外，得經營法令非禁止或限制之業務,新北市,設立,11509
61289991,八田拉麵,新北市五股區凌雲路1段85號（1樓）,孫品志,30000,115/09/17,,,F501060 餐館業,新北市,設立,11509
61290006,阿燕食品商行,新北市淡水區清水街36號(1樓),陳張燕,50000,115/09/17,,,F203010 食品什貨、飲料零售業,新北市,設立,11509
61290012,晴晴蔥抓餅,新北市五股區凌雲路1段85號（1樓）,翁偉哲,30000,115/09/17,,,F501060 餐館業,新北市,設立,11509
61290028,宏禧水電工程行,新北市板橋區縣民大道3段270巷30號,賴琳惠,200000,115/09/17,,,E603090 照明設備安裝工程業；E801010 室內裝潢業；E801070 廚具、衛浴設備安裝工程業；EZ99990 其他工程業；E599010 配管工程業；E601010 電器承裝業；E901010 油漆工程業,新北市,設立,11509
61290033,綝家商行,新北市汐止區原興路60巷7號,方建家,10000,115/09/17,,,F501060 餐館業；F203010 食品什貨、飲料零售業；ZZ99999 除許可業務外，得經營法令非禁止或限制之業務,新北市,設立,11509
61290049,冰綺尼商行,新北市中和區中和路115號115年09月,蔡冰雁,100000,115/09/17,,,F203010 食品什貨、飲料零售業；F501030 飲料店業,新北市,設立,11509
61290054,老厝邊麵食,新北市蘆洲區信義路305號,林明儀,200000,115/09/17,,,F203010 食品什貨、飲料零售業,新北市,設立,11509
61290060,一日山丘食光商行,新北市中和區自強路48號,邱建穎,200000,115/09/17,,,F501060 餐館業；F501030 飲料店業；ZZ99999 除許可業務外，得經營法令非禁止或限制之業務,新北市,設立,11509
61290076,凱晟空調工程行,新北市三峽區民生街106之3號2樓,賴韋霖,240000,115/09/17,,,E599010 配管工程業；E601020 電器安裝業；E603040 消防安全設備安裝工程業；E801010 室內裝潢業；F106010 五金批發業；F111090 建材批發業；F113020 電器批發業；F117010 消防安全設備批發業；F120010 耐火材料批發業；F206010 五金零售業；F211010 建材零售業；F217010 消防安全設備零售業；F220010 耐火材料零售業；F401010 國際貿易業；ZZ99999 除許可業務外，得經營法令非禁止或限制之業務,新北市,設立,11509
61290081,林家小站,新北市新莊區天祥街59號,陳姿婷,240000,115/09/17,,,F501060 餐館業,新北市,設立,11509
61290097,小波雞肉飯,新北市鶯歌區鶯桃路297之5號,凌健鴻,800000,115/09/17,,,F501060 餐館業；F501030 飲料店業；F203010 食品什貨、飲料零售業；F203020 菸酒零售業,新北市,設立,11509
61290104,泓毅工程行,新北市板橋區長江路1段106巷13弄14號2樓,蔡伊婷,200000,115/09/17,,,E599010 配管工程業；E603120 噴砂工程業；E801010 室內裝潢業；E801020 門窗安裝工程業；E801040 玻璃安裝工程業；EZ99990 其他工程業；F106010 五金批發業；F111090 建材批發業；F117010 消防安全設備批發業；F120010 耐火材料批發業；E603040 消防安全設備安裝工程業；ZZ99999 除許可業務外，得經營法令非禁止或限制之業務,新北市,設立,11509
61290110,小宇微電企業社,新北市八里區商港三路293號3樓115年09月,朱佳翔,200000,115/09/17,,,F214020 機車零售業；F399040 無店面零售業；F401010 國際貿易業；JA02020 機車修理業；ZZ99999 除許可業務外，得經營法令非禁止或限制之業務,新北市,設立,11509
61290126,承達工程行,新北市三重區三民街272巷13號,黃聖翔,200000,115/09/17,,,E599010 配管工程業；E601010 電器承裝業；E601020 電器安裝業；E801010 室內裝潢業；E801020 門窗安裝工程業；E801030 室內輕鋼架工程業；E801040 玻璃安裝工程業；E801070 廚具、衛浴設備安裝工程業；E901010 油漆工程業；E903010 防蝕、防銹工程業；IZ12010 人力派遣業；ZZ99999 除許可業務外，得經營法令非禁止或限制之業務,新北市,設立,11509
61290131,夏商洲商行,新北市永和區永和路2段57號7樓,劉雨潔,100000,115/09/17,,,F108040 化粧品批發業；F208040 化粧品零售業；F207030 清潔用品零售業；F399040 無店面零售業；ZZ99999 除許可業務外，得經營法令非禁止或限制之業務；JZ99080 美容美髮服務業,新北市,設立,11509
61290147,妞創造美學工作室,新北市新店區安民街141號,吳怡婷,100000,115/09/17,,,JZ99990 未分類其他服務業；JZ99080 美容美髮服務業；F208040 化粧品零售業；F399040 無店面零售業；ZZ99999 除許可業務外，得經營法令非禁止或限制之業務,新北市,設立,11509
61290152,沐之心語芳療工作室,新北市板橋區懷德街139巷20弄64號7樓,陳鈺文,100000,115/09/17,,,F108040 化粧品批發業；F208040 化粧品零售業；F399040 無店面零售業；F401010 國際貿易業；J799990 其他休閒服務業；JZ99990 未分類其他服務業；ZZ99999 除許可業務外，得經營法令非禁止或限制之業務；G799990 其他運輸輔助業,新北市,設立,11509
61290168,敏匠室內裝修企業社,新北市新店區達觀路14巷3號14樓之7 115年09月,瞿秋敏,200000,115/09/18,,,E801060 室內裝修業（註：名稱應標明「室內裝修」字樣）；E801010 室內裝潢業；E801070 廚具、衛浴設備安裝工程業；E599010 配管工程業；E601020 電器安裝業；E801020 門窗安裝工程業；E901010 油漆工程業；EZ99990 其他工程業；ZZ99999 除許可業務外，得經營法令非禁止或限制之業務,新北市,設立,11509
61290174,煜崴企業社,新北市永和區和平街78號(1樓),張煜霖,200000,115/09/18,,,IZ06010 理貨包裝業；G799990 其他運輸輔助業；F106010 五金批發業；F206010 五金零售業；F106020 日常用品批發業；F206020 日常用品零售業；F107030 清潔用品批發業；F207030 清潔用品零售業；F108040 化粧品批發業；F208040 化粧品零售業；F203010 食品什貨、飲料零售業；F399040 無店面零售業；F399990 其他綜合零售業；F401010 國際貿易業；I199990 其他顧問服務業；I301020 資料處理服務業；I301030 電子資訊供應服務業；I401010 一般廣告服務業；IZ12010 人力派遣業；ZZ99999 除許可業務外，得經營法令非禁止或限制之業務,新北市,設立,11509
61290189,華展軟體工作室,新北市淡水區英專路79巷13號,何家華,200000,115/09/18,,,I301010 資訊軟體服務業；I301020 資料處理服務業；I103060 管理顧問業；ZZ99999 除許可業務外，得經營法令非禁止或限制之業務；F399040 無店面零售業；F218010 資訊軟體零售業,新北市,設立,11509
61290195,沐禹美學美容工作室,新北市三重區重新路1段84號(三樓),黃禹媗,100000,115/09/18,,,F208040 化粧品零售業；JZ99080 美容美髮服務業；F399040 無店面零售業；ZZ99999 除許可業務外，得經營法令非禁止或限制之業務,新北市,設立,11509
61290202,張丹尼斯商行,新北市淡水區濱海路3段148巷31號3樓,張哲綸,100000,115/09/18,,,I401010 一般廣告服務業；JZ99990 未分類其他服務業；F399040 無店面零售業,新北市,設立,11509
61290218,恆序設計社,新北市三重區重新路2段78號15樓,江亦佳,200000,115/09/18,,,ZZ99999 除許可業務外，得經營法令非禁止或限制之業務；CH01040 玩具製造業；F109070 文教、樂器、育樂用品批發業；F104110 布疋、衣著、鞋、帽、傘、服飾品批發業；F199990 其他批發業；F204110 布疋、衣著、鞋、帽、傘、服飾品零售業；F209060 文教、樂器、育樂用品零售業；F299990 其他零售業；I401010 一般廣告服務業；I501010 產品設計業；I599990 其他設計業；J404010 動畫影片製作業；F399040 無店面零售業,新北市,設立,11509
61290224,秉泰小吃,新北市三重區仁愛街397巷118號(1樓) 115年09月,李秉承,200000,115/09/18,,,F501060 餐館業,新北市,設立,11509
61290239,傑優管理顧問工作室,新北市淡水區原德路1號地下層,洪維倫,200000,115/09/18,,,I103060 管理顧問業；I199990 其他顧問服務業；I301010 資訊軟體服務業；I301020 資料處理服務業；I401010 一般廣告服務業；I501010 產品設計業；I599990 其他設計業；IZ12010 人力派遣業；J202010 產業育成業；J303010 雜誌（期刊）出版業；J304010 圖書出版業；J305010 有聲出版業；J399990 其他出版業；J601010 藝文服務業；JZ99050 仲介服務業；JB01010 會議及展覽服務業；F201070 花卉零售業；F203010 食品什貨、飲料零售業；F206020 日常用品零售業；F109070 文教、樂器、育樂用品批發業；F204110 布疋、衣著、鞋、帽、傘、服飾品零售業；F399040 無店面零售業；F401010 國際貿易業；ZZ99999 除許可業務外，得經營法令非禁止或限制之業務；F209060 文教、樂器、育樂用品零售業,新北市,設立,11509
61290245,豐穗寵物美容,新北市林口區民生路8號(1樓),連鈺湘,100000,115/09/18,,,JZ99180 寵物美容服務業；F206050 寵物食品及其用品零售業；ZZ99999 除許可業務外，得經營法令非禁止或限制之業務,新北市,設立,11509
61290250,無垢清潔企業社,新北市板橋區中山路1段293之1號10樓之1,田重光,200000,115/09/18,,,J101010 建築物清潔服務業；J101030 廢棄物清除業；J101090 廢棄物清理業；J101080 資源回收業；F107030 清潔用品批發業；F207030 清潔用品零售業；F106010 五金批發業；F206010 五金零售業；F106020 日常用品批發業；F206020 日常用品零售業；F107190 塑膠膜、袋批發業；F207190 塑膠膜、袋零售業；F111090 建材批發業；F211010 建材零售業；F399040 無店面零售業；IZ12010 人力派遣業；ZZ99999 除許可業務外，得經營法令非禁止或限制之業務,新北市,設立,11509
61290266,吉域貓舍,新北市板橋區華江五路86號(1樓) 115年09月,陳依琦,200000,115/09/18,,,F101111 特定寵物批發業；F201081 特定寵物零售業；JZ99180 寵物美容服務業；F206050 寵物食品及其用品零售業；ZZ99999 除許可業務外，得經營法令非禁止或限制之業務,新北市,設立,11509
61290272,真武工程行,新北市新店區安興路127之3號,陳秀如,200000,115/09/18,,,B601010 土石採取業；F113010 機械批發業；J101040 廢棄物處理業；J101030 廢棄物清除業；J101080 資源回收業；J101090 廢棄物清理業；F111090 建材批發業；F401010 國際貿易業；JE01010 租賃業；I103060 管理顧問業；EZ02010 起重工程業；IZ12010 人力派遣業；ZZ99999 除許可業務外，得經營法令非禁止或限制之業務,新北市,設立,11509
61290287,盛鎰企業社,新北市新店區中華路60巷34號,鍾芷榆,200000,115/09/18,,,E603100 電焊工程業；G799990 其他運輸輔助業；J101990 其他環境衛生及污染防治服務業；E604010 機械安裝業；IZ12010 人力派遣業；JE01010 租賃業；J101010 建築物清潔服務業；A102080 園藝服務業；E401010 疏濬業；EZ02010 起重工程業；EZ99990 其他工程業；ZZ99999 除許可業務外，得經營法令非禁止或限制之業務,新北市,設立,11509
61290293,英科小吃店,新北市樹林區味王街46巷8號,阮氏茶媚,60000,115/09/18,,,F501060 餐館業,新北市,設立,11509
61290300,鼎源油漆工程行,新北市板橋區中山路1段10號11樓,吳淑惠,200000,115/09/18,,,E901010 油漆工程業；E801010 室內裝潢業；E903010 防蝕、防銹工程業；EZ99990 其他工程業；F107010 漆料、塗料批發業；F207010 漆料、塗料零售業；ZZ99999 除許可業務外，得經營法令非禁止或限制之業務,新北市,設立,11509
61290316,有影米粉行,新北市林口區中正路177號(1樓),鄭雅文,150000,115/09/18,,,F501060 餐館業,新北市,設立,11509
61290322,向日葵陽光餐坊,新北市淡水區北新路182巷65號,蔡憶茹,100000,115/09/18,,,F501990 其他餐飲業,新北市,設立,11509
61290337,耀成陶瓷企業社,新北市鶯歌區鶯桃路296巷38弄9號,王鳴鳳,100000,115/09/18,,,F115020 礦石批發業；F120010 耐火材料批發業；F199990 其他批發業；F401010 國際貿易業；ZZ99999 除許可業務外，得經營法令非禁止或限制之業務,新北市,設立,11509
61290343,想像力服飾,新北市板橋區新興路６４號,蕭靜慈,100000,115/09/18,,,F204110 布疋、衣著、鞋、帽、傘、服飾品零售業,新北市,設立,11509
61290358,京讚水電工程行,新北市新莊區中正路871巷22號115年09月,吳志中,150000,115/09/18,,,E601010 電器承裝業；E601020 電器安裝業；E599010 配管工程業；E603010 電纜安裝工程業,新北市,設立,11509
61290364,潤澤影像工作室,新北市板橋區文化路1段329號4樓,林穹憲,200000,115/09/18,,,F116010 照相器材批發業；F216010 照相器材零售業；F105050 家具、寢具、廚房器具、裝設品批發業；F205040 家具、寢具、廚房器具、裝設品零售業；F106020 日常用品批發業；F206020 日常用品零售業；I401010 一般廣告服務業；I501010 產品設計業；J401010 電影片製作業；J402010 電影片發行業；J403010 電影片映演業；J404010 動畫影片製作業；J404020 提供設備及場地供電影片拍攝業；J404030 電影沖印業；J404040 電影錄音業；J404050 電影特效製作業；J601010 藝文服務業；J602010 演藝活動業；J603010 音樂展演空間業；J701090 錄影節目帶播映業；JZ99030 攝影業；JE01010 租賃業；ZZ99999 除許可業務外，得經營法令非禁止或限制之業務,新北市,設立,11509
61290370,海羿汽車企業社,新北市板橋區縣民大道3段165號,林玉梅,240000,115/09/18,,,F106010 五金批發業；F113010 機械批發業；F114010 汽車批發業；F114030 汽、機車零件配備批發業；F115010 首飾及貴金屬批發業；F206010 五金零售業；F213080 機械器具零售業；F214010 汽車零售業；F214030 汽、機車零件配備零售業；F215010 首飾及貴金屬零售業；F399040 無店面零售業；F401010 國際貿易業；JA01010 汽車修理業；JA01020 汽車拖吊業；JA01990 其他汽車服務業；JD01010 工商徵信服務業；JZ99050 仲介服務業；ZZ99999 除許可業務外，得經營法令非禁止或限制之業務,新北市,設立,11509
61290385,沐光淼語工作室,新北市永和區中和路343號8樓之2 115年09月,鍾怜儀,50000,115/09/18,,,J601010 藝文服務業；J602010 演藝活動業；J603010 音樂展演空間業；IZ12010 人力派遣業；ZZ99999 除許可業務外，得經營法令非禁止或限制之業務,新北市,設立,11509
61290391,華宸石材企業社,新北市板橋區中山路1段10號11樓,顏呈龍,200000,115/09/18,,,E801010 室內裝潢業；E599010 配管工程業；E601010 電器承裝業；E604010 機械安裝業；E801020 門窗安裝工程業；E801030 室內輕鋼架工程業；E801040 玻璃安裝工程業；E801070 廚具、衛浴設備安裝工程業；E901010 油漆工程業；EZ99990 其他工程業；F105050 家具、寢具、廚房器具、裝設品批發業；F106010 五金批發業；F106020 日常用品批發業；F106030 模具批發業；F111090 建材批發業；F113010 機械批發業；F115020 礦石批發業；F199010 回收物料批發業；F205040 家具、寢具、廚房器具、裝設品零售業；F206010 五金零售業；F206020 日常用品零售業；F206030 模具零售業；F207030 清潔用品零售業；F207080 環境用藥零售業；F211010 建材零售業；F214990 其他交通運輸工具及其零件零售業；F215020 礦石零售業；I101080 工、礦顧問業；I103060 管理顧問業；I503010 景觀設計業；IZ12010 人力派遣業；J101010 建築物清潔服務業；J101030 廢棄物清除業；J101040 廢棄物處理業；J101080 資源回收業；J101090 廢棄物清理業；C901070 石材製品製造業；CN01010 家具及裝設品製造業；ZZ99999 除許可業務外，得經營法令非禁止或限制之業務,新北市,設立,11509
61290408,九萬商行,新北市板橋區宏國路31號,陳曼妮,5000,115/09/18,,,F501060 餐館業；ZZ99999 除許可業務外，得經營法令非禁止或限制之業務,新北市,設立,11509
61290414,章檜個人網路工作室,新北市石碇區碇坪路1段51號(4樓) 115年09月,張英傑,20000,115/09/18,,,I103060 管理顧問業；I301020 資料處理服務業；I301030 電子資訊供應服務業；I301050 實境體感應用服務業；I301060 網路廣告平臺業；I401010 一般廣告服務業；I401020 廣告傳單分送業；I599990 其他設計業,新北市,設立,11509
61290420,誠信農機行,新北市三峽區紫微路39號,陳靜媺,100000,115/09/21,,,JZ99990 未分類其他服務業；F213080 機械器具零售業；F206010 五金零售業；F299990 其他零售業；ZZ99999 除許可業務外，得經營法令非禁止或限制之業務,新北市,設立,11509
61290435,食嚥嗜餐館,新北市新莊區豐盛一街28號,游謹瑜,200000,115/09/21,,,F501060 餐館業；ZZ99999 除許可業務外，得經營法令非禁止或限制之業務,新北市,設立,11509
61290441,叡琍企業社,新北市三重區自強路1段280號(1樓)、2樓115年09月,張琍敏,200000,115/09/21,,,F118010 資訊軟體批發業；F218010 資訊軟體零售業；F299990 其他零售業；F399040 無店面零售業；F401010 國際貿易業；F501060 餐館業；F203010 食品什貨、飲料零售業；F204110 布疋、衣著、鞋、帽、傘、服飾品零售業；F206020 日常用品零售業；I301010 資訊軟體服務業；I301020 資料處理服務業；I301030 電子資訊供應服務業；I103060 管理顧問業；I199990 其他顧問服務業；IZ99990 其他工商服務業；J801030 競技及休閒運動場館業；J802010 運動訓練業；ZZ99999 除許可業務外，得經營法令非禁止或限制之業務,新北市,設立,11509
61290456,壹貳零壹工作室,新北市土城區學成路108巷13弄1號,梁安妮,50000,115/09/21,,,F102170 食品什貨批發業；F104110 布疋、衣著、鞋、帽、傘、服飾品批發業；F105050 家具、寢具、廚房器具、裝設品批發業；F106010 五金批發業；F106020 日常用品批發業；F107030 清潔用品批發業；F108040 化粧品批發業；F115010 首飾及貴金屬批發業；F199990 其他批發業；F203010 食品什貨、飲料零售業；F204110 布疋、衣著、鞋、帽、傘、服飾品零售業；F205040 家具、寢具、廚房器具、裝設品零售業；F206010 五金零售業；F206020 日常用品零售業；F207030 清潔用品零售業；F208040 化粧品零售業；F213010 電器零售業；F215010 首飾及貴金屬零售業；F299990 其他零售業；F399040 無店面零售業；F399990 其他綜合零售業；F401010 國際貿易業；I103060 管理顧問業；I401010 一般廣告服務業；F109070 文教、樂器、育樂用品批發業；F209060 文教、樂器、育樂用品零售業；ZZ99999 除許可業務外，得經營法令非禁止或限制之業務,新北市,設立,11509
61290462,含氧設計工作室,新北市永和區保平路220號2樓,李浩誠,100000,115/09/21,,,I301010 資訊軟體服務業；I501010 產品設計業；I599990 其他設計業；I301020 資料處理服務業；I301030 電子資訊供應服務業；I401010 一般廣告服務業；F399040 無店面零售業；I199990 其他顧問服務業；IZ10010 排版業；J399010 軟體出版業；ZZ99999 除許可業務外，得經營法令非禁止或限制之業務,新北市,設立,11509
61290478,樂興禾麵舖,新北市板橋區貴興路119巷6號115年09月,吳思萱,100000,115/09/21,,,F501060 餐館業；ZZ99999 除許可業務外，得經營法令非禁止或限制之業務,新北市,設立,11509
61290483,桑汎商行,新北市蘆洲區中山二路146巷3弄18號2樓,林亞萱,100000,115/09/21,,,F399040 無店面零售業；F399990 其他綜合零售業；F401010 國際貿易業；F299990 其他零售業；F206020 日常用品零售業；F209060 文教、樂器、育樂用品零售業；F204110 布疋、衣著、鞋、帽、傘、服飾品零售業；F205040 家具、寢具、廚房器具、裝設品零售業；F206010 五金零售業；F207030 清潔用品零售業；F206050 寵物食品及其用品零售業；F106020 日常用品批發業；F109070 文教、樂器、育樂用品批發業；F104110 布疋、衣著、鞋、帽、傘、服飾品批發業；F105050 家具、寢具、廚房器具、裝設品批發業；F106050 陶瓷玻璃器皿批發業；F106010 五金批發業；F106060 寵物食品及其用品批發業；F199990 其他批發業；ZZ99999 除許可業務外，得經營法令非禁止或限制之業務,新北市,設立,11509
61290499,嘉奈髮廊,新北市板橋區民生路3段50號,洪嘉吟,20000,115/09/21,,,JZ99080 美容美髮服務業,新北市,設立,11509
61290505,齊身拾光工作室,新北市中和區連勝街9之7號5樓之1,周育齊,50000,115/09/21,,,J802010 運動訓練業；J803010 運動表演業；J799990 其他休閒服務業；F399040 無店面零售業；F204110 布疋、衣著、鞋、帽、傘、服飾品零售業；F209060 文教、樂器、育樂用品零售業；ZZ99999 除許可業務外，得經營法令非禁止或限制之業務,新北市,設立,11509
61290511,鼎薪工程行,新北市淡水區屯山里番社前7之3號115年09月,楊慶隆,150000,115/09/21,,,E901010 油漆工程業；E801040 玻璃安裝工程業；E801030 室內輕鋼架工程業；E801010 室內裝潢業；E801070 廚具、衛浴設備安裝工程業；E903010 防蝕、防銹工程業；EZ99990 其他工程業,新北市,設立,11509
61290527,羊卓工作室,新北市土城區學士路24巷6號2樓,曾玉酉,200000,115/09/21,,,I401010 一般廣告服務業；I103060 管理顧問業；I199990 其他顧問服務業；I501010 產品設計業；I599990 其他設計業；J401010 電影片製作業；J402010 電影片發行業；J403010 電影片映演業；J404010 動畫影片製作業；J404020 提供設備及場地供電影片拍攝業；J404050 電影特效製作業；J503010 廣播節目製作業；J503020 電視節目製作業；J503030 廣播電視節目發行業；J503040 廣播電視廣告業；J601010 藝文服務業；J602010 演藝活動業；J603010 音樂展演空間業；J604010 聲音錄製及音樂發行業；JB01010 會議及展覽服務業；I301030 電子資訊供應服務業；I301060 網路廣告平臺業；JE01010 租賃業；JZ99030 攝影業；JZ99050 仲介服務業；ZZ99999 除許可業務外，得經營法令非禁止或限制之業務,新北市,設立,11509
61290532,至序工程行,新北市中和區華福街57巷21號,鄧育賢,240000,115/09/21,,,E599010 配管工程業；E601010 電器承裝業；E603040 消防安全設備安裝工程業；E801070 廚具、衛浴設備安裝工程業；E601020 電器安裝業；E603100 電焊工程業；E603130 燃氣熱水器承裝業；E701010 電信工程業；EZ09010 靜電防護及消除工程業；F111090 建材批發業；F113020 電器批發業；F117010 消防安全設備批發業；ZZ99999 除許可業務外，得經營法令非禁止或限制之業務,新北市,設立,11509
61290548,嘉亦宣餐飲,新北市汐止區福德一路131號(1樓),簡雅宣,200000,115/09/21,,,F501060 餐館業；F399040 無店面零售業,新北市,設立,11509
61290553,合心源早午餐,新北市淡水區北新路182巷5弄6號,呂天佑,100000,115/09/21,,,F501060 餐館業,新北市,設立,11509
61290569,凱巨工程行,新北市三峽區民生街106之3號2樓115年09月,趙浩志,200000,115/09/21,,,B601010 土石採取業；F111090 建材批發業；F211010 建材零售業；F401010 國際貿易業；EZ99990 其他工程業；ZZ99999 除許可業務外，得經營法令非禁止或限制之業務,新北市,設立,11509
61290575,晨想早午餐,新北市板橋區永豐街127號,張宜祺,100000,115/09/21,,,F501060 餐館業,新北市,設立,11509
61290580,蒔溫空間美學企業社,新北市三重區重新路4段242號,張馨文,150000,115/09/21,,,F105050 家具、寢具、廚房器具、裝設品批發業；F111090 建材批發業；F205040 家具、寢具、廚房器具、裝設品零售業；F401010 國際貿易業；F399990 其他綜合零售業；I503010 景觀設計業；F206010 五金零售業；F204110 布疋、衣著、鞋、帽、傘、服飾品零售業；F104110 布疋、衣著、鞋、帽、傘、服飾品批發業；F106020 日常用品批發業；F106010 五金批發業；ZZ99999 除許可業務外，得經營法令非禁止或限制之業務；E801010 室內裝潢業,新北市,設立,11509
61290596,葉記起重工程行,新北市新莊區新泰路347巷8弄14號4樓,葉維祥,100000,115/09/21,,,EZ02010 起重工程業；F111090 建材批發業；F113010 機械批發業；ZZ99999 除許可業務外，得經營法令非禁止或限制之業務,新北市,設立,11509
61290603,合亮金屬企業社,新北市八里區商港二路17號,張家豪,200000,115/09/21,,,CA04010 表面處理業；CA03010 熱處理業；CA01070 廢車船解體及廢鋼鐵五金處理業；F106010 五金批發業；F206010 五金零售業；F214080 軌道車輛及其零件零售業；F113010 機械批發業；F213080 機械器具零售業；F401010 國際貿易業；ZZ99999 除許可業務外，得經營法令非禁止或限制之業務；F214030 汽、機車零件配備零售業,新北市,設立,11509
61290619,阿憲鵝肉,新北市淡水區新生街64號(1樓),盧玫惠,100000,115/09/21,,,F501990 其他餐飲業；F501060 餐館業,新北市,設立,11509
61290625,得意早餐店,新北市三重區仁美街86號,郭久媚,50000,115/09/21,,,F501060 餐館業,新北市,設立,11509
61290630,金之屋店,新北市板橋區莒光路38號2樓,詹素貞,100000,115/09/21,,,F501030 飲料店業,新北市,設立,11509
61290646,云嵐花坊,新北市板橋區光正街65號115年09月,陳采忻,100000,115/09/21,,,I504010 花藝設計業；F201070 花卉零售業；F206020 日常用品零售業；F205040 家具、寢具、廚房器具、裝設品零售業；F204110 布疋、衣著、鞋、帽、傘、服飾品零售業；F299990 其他零售業；F399040 無店面零售業；F401010 國際貿易業；J202010 產業育成業；ZZ99999 除許可業務外，得經營法令非禁止或限制之業務,新北市,設立,11509
61290651,一展機電工程行,新北市土城區新洲路100號8樓,吳展源,200000,115/09/21,,,E603010 電纜安裝工程業；E599010 配管工程業；E603090 照明設備安裝工程業；E801070 廚具、衛浴設備安裝工程業；E601020 電器安裝業；E801020 門窗安裝工程業；E901010 油漆工程業；E801040 玻璃安裝工程業；E801030 室內輕鋼架工程業；E903010 防蝕、防銹工程業；E801010 室內裝潢業；JA02010 電器及電子產品修理業；F106040 水器材料批發業；F105050 家具、寢具、廚房器具、裝設品批發業；F106010 五金批發業；F113020 電器批發業；F107010 漆料、塗料批發業；F111090 建材批發業；F205040 家具、寢具、廚房器具、裝設品零售業；F206010 五金零售業；F206040 水器材料零售業；F113010 機械批發業；CA02990 其他金屬製品製造業；ZZ99999 除許可業務外，得經營法令非禁止或限制之業務,新北市,設立,11509
61290667,廖媽媽姊妹花工坊,新北市土城區中央路1段211巷6弄6號,廖林秀美,100000,115/09/21,,,F203010 食品什貨、飲料零售業；F399040 無店面零售業；F203020 菸酒零售業；F206020 日常用品零售業；ZZ99999 除許可業務外，得經營法令非禁止或限制之業務,新北市,設立,11509
61290673,毓捷科技工作室,新北市三峽區龍學里大觀路307號14樓,張毓華,100000,115/09/24,,,I301010 資訊軟體服務業；I301020 資料處理服務業；I301030 電子資訊供應服務業；F118010 資訊軟體批發業；F213010 電器零售業；F213030 電腦及事務性機器設備零售業,新北市,設立,11509
61290688,羽樂設計工作室,新北市三重區過圳街7巷4號4樓之4,蔡育誌,100000,115/09/23,,,I599990 其他設計業；I501010 產品設計業；I401010 一般廣告服務業；ZZ99999 除許可業務外，得經營法令非禁止或限制之業務,新北市,設立,11509
61290694,旺達影像工作室,新北市永和區保平路268巷28號,蔡儀明,30000,115/09/23,,,ZZ99999 除許可業務外，得經營法令非禁止或限制之業務；JZ99030 攝影業,新北市,設立,11509
61290701,奕洋企業社,新北市泰山區明志路3段146號6樓115年09月,孫繹翔,200000,115/09/23,,,F399010 便利商店業；ZZ99999 除許可業務外，得經營法令非禁止或限制之業務,新北市,設立,11509
61290717,昊榮企業社,新北市三重區重陽路4段130號12樓,徐元青,100000,115/09/23,,,IZ12010 人力派遣業；IZ16010 餐具清洗業；J101010 建築物清潔服務業；J101020 病媒防治業；J101030 廢棄物清除業；J101080 資源回收業；J101090 廢棄物清理業；J101990 其他環境衛生及污染防治服務業；ZZ99999 除許可業務外，得經營法令非禁止或限制之業務,新北市,設立,11509
61290723,豆公公工程行,新北市板橋區貴興路112號9樓,林瑞祥,200000,115/09/23,,,F107030 清潔用品批發業；F207030 清潔用品零售業；F107190 塑膠膜、袋批發業；F207190 塑膠膜、袋零售業；F111090 建材批發業；F211010 建材零售業；E599010 配管工程業；E801020 門窗安裝工程業；E801010 室內裝潢業；E901010 油漆工程業；E903010 防蝕、防銹工程業；EZ99990 其他工程業；IZ12010 人力派遣業；J101010 建築物清潔服務業；ZZ99999 除許可業務外，得經營法令非禁止或限制之業務,新北市,設立,11509
61290738,小豬夯香腸商行,新北市樹林區博愛街161號,藍羽,100000,115/09/23,,,F501990 其他餐飲業；ZZ99999 除許可業務外，得經營法令非禁止或限制之業務,新北市,設立,11509
61290759,緯翔企業社,新北市蘆洲區中正路243巷7弄16號,林和緯,200000,115/09/23,,,E599010 配管工程業；E601010 電器承裝業；E601020 電器安裝業；E604010 機械安裝業；E603050 自動控制設備工程業；EZ15010 保溫、保冷安裝工程業；EZ99990 其他工程業；I599990 其他設計業；F113020 電器批發業；F113050 電腦及事務性機器設備批發業；F119010 電子材料批發業；F213010 電器零售業；F213030 電腦及事務性機器設備零售業；F219010 電子材料零售業；JA02010 電器及電子產品修理業；JA02990 其他修理業；ZZ99999 除許可業務外，得經營法令非禁止或限制之業務,新北市,設立,11509
61290765,雨町商行,新北市土城區學府路1段24巷12號6樓115年09月,焦婉容,100000,115/09/24,,,F399040 無店面零售業；ZZ99999 除許可業務外，得經營法令非禁止或限制之業務；F204110 布疋、衣著、鞋、帽、傘、服飾品零售業；F206020 日常用品零售業；F208040 化粧品零售業；F209060 文教、樂器、育樂用品零售業；F299990 其他零售業；F401010 國際貿易業,新北市,設立,11509
61290771,大勢資訊企業社,新北市板橋區雙十路2段47巷53號12樓,廖基盛,150000,115/09/24,,,I103060 管理顧問業；I199990 其他顧問服務業；I301010 資訊軟體服務業；I301020 資料處理服務業；I301030 電子資訊供應服務業；I401010 一般廣告服務業；ZZ99999 除許可業務外，得經營法令非禁止或限制之業務,新北市,設立,11509
61290786,饗享牛排館,新北市新莊區民安路236號(1樓),游順富,200000,115/09/23,,,F501060 餐館業；ZZ99999 除許可業務外，得經營法令非禁止或限制之業務,新北市,設立,11509
61290792,鈞耀工程行,新北市三重區重新路4段63號18樓,洪楷鈞,200000,115/09/23,,,E801010 室內裝潢業；E801020 門窗安裝工程業；E801030 室內輕鋼架工程業；E801040 玻璃安裝工程業；E801070 廚具、衛浴設備安裝工程業；E901010 油漆工程業；F111090 建材批發業；F211010 建材零售業；ZZ99999 除許可業務外，得經營法令非禁止或限制之業務,新北市,設立,11509
61290809,好緯芷商行,新北市新店區光明街139號,劉家緯,38000,115/09/24,,,F203010 食品什貨、飲料零售業；ZZ99999 除許可業務外，得經營法令非禁止或限制之業務；C104020 烘焙炊蒸食品製造業,新北市,設立,11509
61290815,藍寶電腦工作室,新北市淡水區原德路1號地下層,沈譽倫,10000,115/09/23,,,I301010 資訊軟體服務業；I301020 資料處理服務業；I301030 電子資訊供應服務業；I301060 網路廣告平臺業；I401010 一般廣告服務業；J305010 有聲出版業；J399010 軟體出版業；J503010 廣播節目製作業；J503020 電視節目製作業；J503030 廣播電視節目發行業；J503040 廣播電視廣告業；J601010 藝文服務業；JZ99990 未分類其他服務業；F399040 無店面零售業；F401010 國際貿易業；ZZ99999 除許可業務外，得經營法令非禁止或限制之業務,新北市,設立,11509
61290821,盈佳糧行,新北市汐止區樟樹一路119巷11號,張姵汝,20000,115/09/23,,,F203010 食品什貨、飲料零售業,新北市,設立,11509
61290836,覺醒商行,新北市新莊區中港一街75號115年09月,周坤村,200000,115/09/23,,,F113050 電腦及事務性機器設備批發業；F118010 資訊軟體批發業；F213030 電腦及事務性機器設備零售業；I301010 資訊軟體服務業；I301020 資料處理服務業；I301030 電子資訊供應服務業；J399010 軟體出版業；J399990 其他出版業；JE01010 租賃業；F601010 智慧財產權業；ZZ99999 除許可業務外，得經營法令非禁止或限制之業務,新北市,設立,11509
61290842,卓越越式洗髪美甲店,新北市板橋區民生路3段160號,何侑潤,200000,115/09/23,,,JZ99080 美容美髮服務業；F208040 化粧品零售業；ZZ99999 除許可業務外，得經營法令非禁止或限制之業務,新北市,設立,11509
61290857,家鄉味控肉飯刈包,新北市鶯歌區建國路108號(2樓)(鶯歌公有零售市場),周雅惠,50000,115/09/23,,,F501990 其他餐飲業；ZZ99999 除許可業務外，得經營法令非禁止或限制之業務,新北市,設立,11509
61290863,浪漫革命工作室,新北市板橋區大觀路2段174巷173弄3號,李軒宇,100000,115/09/23,,,JZ99030 攝影業；J601010 藝文服務業；J602010 演藝活動業；J404010 動畫影片製作業；J401010 電影片製作業；J404050 電影特效製作業；J503020 電視節目製作業；I401010 一般廣告服務業；J503040 廣播電視廣告業；F116010 照相器材批發業；F216010 照相器材零售業；F601010 智慧財產權業；JE01010 租賃業；I599990 其他設計業；ZZ99999 除許可業務外，得經營法令非禁止或限制之業務,新北市,設立,11509
61290879,愷文蔬食坊,新北市板橋區莒光路165巷16號,許愷彣,200000,115/09/23,,,F501060 餐館業,新北市,設立,11509
61290884,承業工程行,新北市新莊區民安路290巷2弄8號(1樓),周申鑫,200000,115/09/23,,,E801010 室內裝潢業；E801030 室內輕鋼架工程業；ZZ99999 除許可業務外，得經營法令非禁止或限制之業務,新北市,設立,11509
61290890,尹倫美甲工作室,新北市中和區興南路2段3巷13號,李金明,160000,115/09/23,,,JZ99080 美容美髮服務業；F208040 化粧品零售業；F204110 布疋、衣著、鞋、帽、傘、服飾品零售業,新北市,設立,11509
61290907,日月山水點心坊,新北市永和區永平路259號(1樓),吳健玄,100000,115/09/23,,,F203010 食品什貨、飲料零售業；F399040 無店面零售業；ZZ99999 除許可業務外，得經營法令非禁止或限制之業務,新北市,設立,11509
61290913,喝起來商行,新北市板橋區四川路2段123號7樓之9,沈湘雯,500000,115/09/23,,,F203010 食品什貨、飲料零售業；F501030 飲料店業；ZZ99999 除許可業務外，得經營法令非禁止或限制之業務,新北市,設立,11509
61290929,衡匠五金行,新北市三重區龍門路255號4樓,蕭政偉,230000,115/09/23,,,F106010 五金批發業；F113010 機械批發業；F113030 精密儀器批發業；F113050 電腦及事務性機器設備批發業；F113060 度量衡器批發業；F399040 無店面零售業；F399990 其他綜合零售業,新北市,設立,11509
61290934,捌陸串燒店,新北市泰山區新生路1號(1樓) 115年09月,曾俊翔,100000,115/09/23,,,F501030 飲料店業；F203010 食品什貨、飲料零售業；F203030 酒精零售業；F501060 餐館業；ZZ99999 除許可業務外，得經營法令非禁止或限制之業務,新北市,設立,11509
61290940,鼎真企業社,新北市三重區重陽路4段146號,吳文祥,20000,115/09/23,,,E801010 室內裝潢業；E801030 室內輕鋼架工程業；F106010 五金批發業；F199010 回收物料批發業；F206010 五金零售業；F203010 食品什貨、飲料零售業；F205040 家具、寢具、廚房器具、裝設品零售業；F206020 日常用品零售業；J101030 廢棄物清除業；J101080 資源回收業；J101090 廢棄物清理業；ZZ99999 除許可業務外，得經營法令非禁止或限制之業務,新北市,設立,11509
61290955,杜永忻國際顧問商行,新北市中和區中山路2段146號地下一層,杜永忻,300000,115/09/23,,,F102040 飲料批發業；F102170 食品什貨批發業；F104110 布疋、衣著、鞋、帽、傘、服飾品批發業；F106010 五金批發業；F106020 日常用品批發業；F108040 化粧品批發業；F113010 機械批發業；F113020 電器批發業；F113030 精密儀器批發業；F113050 電腦及事務性機器設備批發業；F113990 其他機械器具批發業；F114040 自行車及其零件批發業；F119010 電子材料批發業；F203010 食品什貨、飲料零售業；F206020 日常用品零售業；F207030 清潔用品零售業；F213010 電器零售業；F213030 電腦及事務性機器設備零售業；F213040 精密儀器零售業；F213080 機械器具零售業；F213990 其他機械器具零售業；F214030 汽、機車零件配備零售業；F214040 自行車及其零件零售業；F219010 電子材料零售業；F399040 無店面零售業；F401010 國際貿易業；I103060 管理顧問業；I199990 其他顧問服務業；I501010 產品設計業；IZ04010 翻譯業；J399010 軟體出版業；ZZ99999 除許可業務外，得經營法令非禁止或限制之業務,新北市,設立,11509
61290961,享賀夾商行,新北市板橋區民治街52巷5弄3號,吳欣蓓,100000,115/09/23,,,F209060 文教、樂器、育樂用品零售業；F203010 食品什貨、飲料零售業,新北市,設立,11509
61290977,諫義里商店,新北市土城區永豐路238號,林婉婷,200000,115/09/23,,,F203010 食品什貨、飲料零售業；F203020 菸酒零售業,新北市,設立,11509
61290982,桃鶯白企業社,新北市鶯歌區鶯桃路585號115年09月,徐宏正,200000,115/09/23,,,F209060 文教、樂器、育樂用品零售業,新北市,設立,11509
61290998,金元百運動彩券行,新北市新莊區福壽街100號(1樓),林邘廷,50000,115/09/23,,,IZ18021 運動彩券經銷業,新北市,設立,11509
61291005,醉愛小吃店,新北市三芝區中興街1段５３號,葉麗美,100000,115/09/23,,,F501060 餐館業；F203010 食品什貨、飲料零售業,新北市,設立,11509
61291011,珍緣小吃店,新北市淡水區新民街180巷7弄37號(1樓),林紀東,100000,115/09/23,,,F501060 餐館業；F203010 食品什貨、飲料零售業,新北市,設立,11509
61291027,雅群企業社,新北市三重區中正北路560巷95號,江王紅蕉,200000,115/09/23,,,J901020 一般旅館業；F203010 食品什貨、飲料零售業,新北市,設立,11509
61291032,林口未來向陽小吃,新北市林口區文化二路1段569號(1樓),林武毅,100000,115/09/23,,,F203010 食品什貨、飲料零售業；F501060 餐館業；ZZ99999 除許可業務外，得經營法令非禁止或限制之業務,新北市,設立,11509
61291048,秉益工程行,新北市鶯歌區鶯桃路472巷11號(1樓) 115年09月,羅冠婷,248000,115/09/23,,,F106010 五金批發業；F111090 建材批發業；F113030 精密儀器批發業；E599010 配管工程業；E603100 電焊工程業；E603110 冷作工程業；E901010 油漆工程業；E903010 防蝕、防銹工程業；EZ15010 保溫、保冷安裝工程業；IZ12010 人力派遣業；CA01050 鋼材二次加工業；CA02010 金屬結構及建築組件製造業；EZ02010 起重工程業；ZZ99999 除許可業務外，得經營法令非禁止或限制之業務,新北市,設立,11509
61291053,帝緯工程行,新北市三重區中華路20巷2之1號5樓,趙祐霆,200000,115/09/23,,,E603090 照明設備安裝工程業；E603100 電焊工程業；E603110 冷作工程業；E603120 噴砂工程業；E701010 電信工程業；E701040 簡易電信設備安裝業；E801010 室內裝潢業；E801020 門窗安裝工程業；E801030 室內輕鋼架工程業；E801040 玻璃安裝工程業；E801070 廚具、衛浴設備安裝工程業；E901010 油漆工程業；E903010 防蝕、防銹工程業；EZ02010 起重工程業；EZ99990 其他工程業；F105050 家具、寢具、廚房器具、裝設品批發業；F106010 五金批發業；F106020 日常用品批發業；F111090 建材批發業；F113020 電器批發業；F119010 電子材料批發業；F120010 耐火材料批發業；F205040 家具、寢具、廚房器具、裝設品零售業；F206010 五金零售業；F206020 日常用品零售業；F211010 建材零售業；F213010 電器零售業；F219010 電子材料零售業；F220010 耐火材料零售業；I503010 景觀設計業；ZZ99999 除許可業務外，得經營法令非禁止或限制之業務,新北市,設立,11509
61291069,電視晚餐工作室,新北市新店區北宜路2段145號7樓,林均瑋,50000,115/09/23,,,F399040 無店面零售業；F205040 家具、寢具、廚房器具、裝設品零售業；F206020 日常用品零售業；F399990 其他綜合零售業,新北市,設立,11509
61291075,頂堅工程行,新北市中和區中山路2段332巷9號8樓,林俊宏,200000,115/09/23,,,E599010 配管工程業；E601020 電器安裝業；E603040 消防安全設備安裝工程業；E603090 照明設備安裝工程業；ZZ99999 除許可業務外，得經營法令非禁止或限制之業務,新北市,設立,11509
61291080,假日時光商行,新北市新店區文記街52號,張舒涵,180000,115/09/23,,,F501060 餐館業,新北市,設立,11509
61291096,澡花芝寵物美容,新北市板橋區華江三路132號115年09月,楊文華,200000,115/09/23,,,JZ99180 寵物美容服務業；F206050 寵物食品及其用品零售業；F207070 動物用藥零售業,新北市,設立,11509
61291103,群啟企業社,新北市板橋區國泰街112號,孫承志,200000,115/09/23,,,F104110 布疋、衣著、鞋、帽、傘、服飾品批發業；F105050 家具、寢具、廚房器具、裝設品批發業；F106010 五金批發業；F107030 清潔用品批發業；F109070 文教、樂器、育樂用品批發業；F113020 電器批發業；F113050 電腦及事務性機器設備批發業；F203010 食品什貨、飲料零售業；F204110 布疋、衣著、鞋、帽、傘、服飾品零售業；F205040 家具、寢具、廚房器具、裝設品零售業；F206010 五金零售業；F206020 日常用品零售業；F206050 寵物食品及其用品零售業；F207030 清潔用品零售業；F209060 文教、樂器、育樂用品零售業；F208040 化粧品零售業；F213010 電器零售業；F213030 電腦及事務性機器設備零售業；F401010 國際貿易業；F399040 無店面零售業；F114030 汽、機車零件配備批發業；F114040 自行車及其零件批發業；F108040 化粧品批發業；F106060 寵物食品及其用品批發業；F102040 飲料批發業；ZZ99999 除許可業務外，得經營法令非禁止或限制之業務；F106020 日常用品批發業,新北市,設立,11509
61291119,玟儀工作室,新北市三峽區學成路327號2樓之13,李玟儀,200000,115/09/23,,,I199990 其他顧問服務業；F204110 布疋、衣著、鞋、帽、傘、服飾品零售業；F205040 家具、寢具、廚房器具、裝設品零售業；F206010 五金零售業；F206020 日常用品零售業；F209060 文教、樂器、育樂用品零售業；F218010 資訊軟體零售業；F399040 無店面零售業；ZZ99999 除許可業務外，得經營法令非禁止或限制之業務,新北市,設立,11509
61291125,憶如小吃店,新北市汐止區樟樹一路34號,曾憶如,200000,115/09/23,,,F203010 食品什貨、飲料零售業；F501060 餐館業；ZZ99999 除許可業務外，得經營法令非禁止或限制之業務,新北市,設立,11509
61291130,回初沐香工作室,新北市樹林區三俊街294號7樓,李致慧,200000,115/09/23,,,F108040 化粧品批發業；F208040 化粧品零售業；F206020 日常用品零售業；F204110 布疋、衣著、鞋、帽、傘、服飾品零售業；F399040 無店面零售業,新北市,設立,11509
61291146,十串碳烤店,新北市林口區中山路143號之1 115年09月,陳豐田,100000,115/09/23,,,F501060 餐館業；F501030 飲料店業；F203020 菸酒零售業；ZZ99999 除許可業務外，得經營法令非禁止或限制之業務,新北市,設立,11509
61291151,吉契數位工作室,新北市板橋區新海路135巷5號10樓,羅際勤,100000,115/09/23,,,I301010 資訊軟體服務業；I301020 資料處理服務業；I301030 電子資訊供應服務業；I401010 一般廣告服務業；J399010 軟體出版業,新北市,設立,11509
61291167,餃幸社,新北市瑞芳區三爪子坑路69巷26號3樓,周奕涵,60000,115/09/23,,,F203010 食品什貨、飲料零售業；F399040 無店面零售業,新北市,設立,11509
61291173,全會通企業社,新北市土城區中華路1段18號(1樓),王天福,200000,115/09/23,,,F214040 自行車及其零件零售業；F114040 自行車及其零件批發業；F214030 汽、機車零件配備零售業；F114030 汽、機車零件配備批發業；F214020 機車零售業；F114020 機車批發業；F214050 車胎零售業；F114050 車胎批發業；F114990 其他交通運輸工具及其零件批發業；F399040 無店面零售業；ZZ99999 除許可業務外，得經營法令非禁止或限制之業務,新北市,設立,11509
61291188,玧陞商行,新北市板橋區中山路2段553巷4弄12號3樓115年09月,周宥儒,200000,115/09/24,,,F501060 餐館業；ZZ99999 除許可業務外，得經營法令非禁止或限制之業務,新北市,設立,11509
61291194,格圓國際商行,新北市蘆洲區光華路46巷21弄12號（1樓）,李騰憲,200000,115/09/24,,,F203010 食品什貨、飲料零售業；F204110 布疋、衣著、鞋、帽、傘、服飾品零售業；F207030 清潔用品零售業；F208040 化粧品零售業；F210020 眼鏡零售業；F399040 無店面零售業；F206020 日常用品零售業；F209060 文教、樂器、育樂用品零售業；F299990 其他零售業；F401010 國際貿易業；ZZ99999 除許可業務外，得經營法令非禁止或限制之業務；C103050 罐頭、冷凍、脫水及醃漬食品製造業；F102170 食品什貨批發業；F102040 飲料批發業；F501030 飲料店業；F208050 乙類成藥零售業；IG01010 生物技術服務業；F108040 化粧品批發業；F107030 清潔用品批發業；F106020 日常用品批發業；F104110 布疋、衣著、鞋、帽、傘、服飾品批發業；J401010 電影片製作業；F105050 家具、寢具、廚房器具、裝設品批發業；F102050 茶葉批發業；F106010 五金批發業；F399990 其他綜合零售業；IZ13010 網路認證服務業；H201010 一般投資業；J601010 藝文服務業；J602010 演藝活動業；F205040 家具、寢具、廚房器具、裝設品零售業；C306010 成衣業；C307010 服飾品製造業；C402030 皮革、毛皮製品製造業；CJ01010 製帽業；CK01010 製鞋業；CM01010 箱、包、袋製造業；CN01010 家具及裝設品製造業,新北市,設立,11509
61291201,鸚為愛工作室,新北市三重區中正南路61號115年09月,江明峰,200000,115/09/24,,,F203010 食品什貨、飲料零售業；F103010 飼料批發業；F209060 文教、樂器、育樂用品零售業；F109070 文教、樂器、育樂用品批發業；F401010 國際貿易業；F206050 寵物食品及其用品零售業；F201980 其他動物零售業；F299990 其他零售業；ZZ99999 除許可業務外，得經營法令非禁止或限制之業務,新北市,設立,11509
61291217,昇鴻企業社,新北市蘆洲區長安街339號2樓,陳美藝,200000,115/09/24,,,J101080 資源回收業；J101030 廢棄物清除業；F199010 回收物料批發業；F106010 五金批發業；F206010 五金零售業；F199990 其他批發業；F299990 其他零售業；ZZ99999 除許可業務外，得經營法令非禁止或限制之業務,新北市,設立,11509
61291223,順裕工程行,新北市三峽區愛國路16巷7號2樓,陳明裕,240000,115/09/24,,,E599010 配管工程業；E601020 電器安裝業；E801010 室內裝潢業；EZ99990 其他工程業；ZZ99999 除許可業務外，得經營法令非禁止或限制之業務,新北市,設立,11509
61291238,安騰工程行,新北市樹林區大安路317號,林安榆,100000,115/09/24,,,E599010 配管工程業；E801010 室內裝潢業；EZ99990 其他工程業；E601010 電器承裝業；E601020 電器安裝業；E603010 電纜安裝工程業；E603040 消防安全設備安裝工程業；E603090 照明設備安裝工程業；E603100 電焊工程業；E604010 機械安裝業；E701010 電信工程業；ZZ99999 除許可業務外，得經營法令非禁止或限制之業務,新北市,設立,11509
61291259,菠蘿奶奶烘焙坊,新北市中和區建八路6之1號(1樓),葉雨柔,200000,115/09/24,,,F203010 食品什貨、飲料零售業,新北市,設立,11509
61291265,峰蜜工作室,新北市板橋區篤行路3段52號6樓,林伶璟,200000,115/09/24,,,C306010 成衣業；F104110 布疋、衣著、鞋、帽、傘、服飾品批發業；F106020 日常用品批發業；F115010 首飾及貴金屬批發業；F204110 布疋、衣著、鞋、帽、傘、服飾品零售業；F206010 五金零售業；F206020 日常用品零售業；F208040 化粧品零售業；F218010 資訊軟體零售業；F399040 無店面零售業；F401010 國際貿易業；I301010 資訊軟體服務業；I401010 一般廣告服務業；IZ06010 理貨包裝業；ZZ99999 除許可業務外，得經營法令非禁止或限制之業務；I301030 電子資訊供應服務業,新北市,設立,11509
61291271,真傳滷味,新北市淡水區北新路51號（1樓）115年09月,陳宇政,5000,115/09/24,,,F501060 餐館業,新北市,設立,11509
61291286,啊鹿的蛋糕甜點屋,新北市板橋區民權路286號,彭建誠,100000,115/09/24,,,F203010 食品什貨、飲料零售業；F206020 日常用品零售業；F501030 飲料店業；C104020 烘焙炊蒸食品製造業；F501990 其他餐飲業；ZZ99999 除許可業務外，得經營法令非禁止或限制之業務,新北市,設立,11509
61291292,歐德國際車業,新北市樹林區佳園路2段63號,曾順平,240000,115/09/24,,,F106010 五金批發業；F106020 日常用品批發業；F112040 石油製品批發業；F113070 電信器材批發業；F113110 電池批發業；F114010 汽車批發業；F114020 機車批發業；F114030 汽、機車零件配備批發業；F114040 自行車及其零件批發業；F114050 車胎批發業；F114990 其他交通運輸工具及其零件批發業；F206010 五金零售業；F206020 日常用品零售業；F212050 石油製品零售業；F213010 電器零售業；F213060 電信器材零售業；F213110 電池零售業；F214010 汽車零售業；F214030 汽、機車零件配備零售業；F214050 車胎零售業；F399040 無店面零售業；F401010 國際貿易業；IZ99990 其他工商服務業；JA01010 汽車修理業；JA01020 汽車拖吊業；JA01990 其他汽車服務業；JZ99050 仲介服務業；ZZ99999 除許可業務外，得經營法令非禁止或限制之業務,新北市,設立,11509
61291309,吉富環保清潔企業社,新北市淡水區原德路1號地下層115年09月,吳文呈,50000,115/09/24,,,J101010 建築物清潔服務業；J101030 廢棄物清除業；J101040 廢棄物處理業；J101060 廢（污）水處理業；J101080 資源回收業；J101090 廢棄物清理業,新北市,設立,11509
61291315,源寶齋企業社,新北市土城區學府路2段102號,楊鋤源,200000,115/09/24,,,J601010 藝文服務業；F109070 文教、樂器、育樂用品批發業；F209060 文教、樂器、育樂用品零售業；F215020 礦石零售業；F215010 首飾及貴金屬零售業；F399010 便利商店業；I105010 藝術品諮詢顧問業；I501010 產品設計業；J304010 圖書出版業；JZ99160 刻印業；F104110 布疋、衣著、鞋、帽、傘、服飾品批發業；F105050 家具、寢具、廚房器具、裝設品批發業；F399040 無店面零售業；F204110 布疋、衣著、鞋、帽、傘、服飾品零售業；F205040 家具、寢具、廚房器具、裝設品零售業；ZZ99999 除許可業務外，得經營法令非禁止或限制之業務,新北市,設立,11509
61291321,好人家餐飲,新北市淡水區新春街103之7號,王佳聖,100000,115/09/24,,,F501060 餐館業；F203010 食品什貨、飲料零售業；F203020 菸酒零售業；F201030 水產品零售業；F201010 農產品零售業,新北市,設立,11509
61291336,鴻淇工程行,新北市板橋區文化路1段329號4樓,李優慧,100000,115/09/24,,,E599010 配管工程業；E603040 消防安全設備安裝工程業；EZ15010 保溫、保冷安裝工程業；F117010 消防安全設備批發業；F217010 消防安全設備零售業；CA02990 其他金屬製品製造業；F113010 機械批發業；F206010 五金零售業；F106010 五金批發業；F106040 水器材料批發業；F113020 電器批發業；F120010 耐火材料批發業；F220010 耐火材料零售業；F401010 國際貿易業；ZZ99999 除許可業務外，得經營法令非禁止或限制之業務,新北市,設立,11509
61291342,鑫綸企業社,新北市深坑區埔新街49號3樓,陳丁瑋,100000,115/09/24,,,F102170 食品什貨批發業；F106020 日常用品批發業；F107030 清潔用品批發業；F108040 化粧品批發業；F203010 食品什貨、飲料零售業；F206020 日常用品零售業；F207030 清潔用品零售業；F208040 化粧品零售業；F399040 無店面零售業；F401010 國際貿易業；ZZ99999 除許可業務外，得經營法令非禁止或限制之業務,新北市,設立,11509
61291357,明晰教練工作室,新北市林口區文化二路1段551號12樓之6,彭郁婷,100000,115/09/24,,,I103060 管理顧問業；I199990 其他顧問服務業,新北市,設立,11509
61291363,貓芳鄰工作室,新北市板橋區縣民大道3段91號(1樓) 115年09月,陳佑誠,50000,115/09/24,,,A401031 特定寵物服務業,新北市,設立,11509
61291379,光展玻璃工程行,新北市板橋區雙十路2段36號3樓,黃至嘉,200000,115/09/24,,,E801010 室內裝潢業；E801020 門窗安裝工程業；E801040 玻璃安裝工程業；E801070 廚具、衛浴設備安裝工程業；EZ99990 其他工程業；F105050 家具、寢具、廚房器具、裝設品批發業；F106010 五金批發業；F106050 陶瓷玻璃器皿批發業；F107200 化學原料批發業；F107990 其他化學製品批發業；F111090 建材批發業；F205040 家具、寢具、廚房器具、裝設品零售業；F206010 五金零售業；F207200 化學原料零售業；F207990 其他化學製品零售業；F211010 建材零售業；F401010 國際貿易業；C805010 塑膠皮、布、板、管材製造業；C901010 陶瓷及陶瓷製品製造業；C901020 玻璃及玻璃製品製造業；ZZ99999 除許可業務外，得經營法令非禁止或限制之業務,新北市,設立,11509
61291384,來吃碗麵館,新北市深坑區埔新街83號,李文翔,200000,115/09/24,,,F501060 餐館業,新北市,設立,11509
61291390,瑞發空調工程行,新北市新莊區新泰路361巷17號115年09月,宋宜芯,240000,115/09/24,,,E599010 配管工程業；E601010 電器承裝業；E601020 電器安裝業；E603010 電纜安裝工程業；E603040 消防安全設備安裝工程業；E603050 自動控制設備工程業；E603090 照明設備安裝工程業；E603110 冷作工程業；E605010 電腦設備安裝業；E801010 室內裝潢業；E801070 廚具、衛浴設備安裝工程業；E901010 油漆工程業；EZ15010 保溫、保冷安裝工程業；F105050 家具、寢具、廚房器具、裝設品批發業；F106010 五金批發業；F106040 水器材料批發業；F107010 漆料、塗料批發業；F113020 電器批發業；F117010 消防安全設備批發業；F118010 資訊軟體批發業；F119010 電子材料批發業；F218010 資訊軟體零售業；F401010 國際貿易業；I501010 產品設計業；I503010 景觀設計業；ZZ99999 除許可業務外，得經營法令非禁止或限制之業務,新北市,設立,11509
61291407,沐動工作室,新北市新莊區榮華路2段107號(1樓),柯貞亦,168888,115/09/24,,,JZ99030 攝影業；JB01010 會議及展覽服務業；J802010 運動訓練業；J602010 演藝活動業；JE01010 租賃業；J601010 藝文服務業；I401010 一般廣告服務業；J404020 提供設備及場地供電影片拍攝業；ZZ99999 除許可業務外，得經營法令非禁止或限制之業務,新北市,設立,11509
61291413,綠頭鴨工作室,新北市新莊區自信街29號10樓,簡淑華,10000,115/09/24,,,F399040 無店面零售業；ZZ99999 除許可業務外，得經營法令非禁止或限制之業務,新北市,設立,11509
61291429,誠信金資產管理企業社,新北市新莊區富貴路500號4樓,張棋翔,200000,115/09/24,,,I103060 管理顧問業；I401010 一般廣告服務業；I199990 其他顧問服務業；IZ15010 市場研究及民意調查業；JZ99050 仲介服務業；HZ99990 其他金融、保險及不動產業；ZZ99999 除許可業務外，得經營法令非禁止或限制之業務,新北市,設立,11509
61291434,秘密花園香氛工坊,新北市五股區成泰路3段193巷2號5樓,蘇俊豪,20000,115/09/24,,,C802100 化粧品製造業；C802090 清潔用品製造業；F207030 清潔用品零售業；F208040 化粧品零售業；F399040 無店面零售業,新北市,設立,11509
61291440,青嶺企業社,新北市樹林區中山路1段44號(1樓),陳奕志,200000,115/09/24,,,F501030 飲料店業,新北市,設立,11509
61291455,星期五晚上商行,新北市三重區重新路1段84號(3樓),藍若帆,10000,115/09/24,,,F399040 無店面零售業,新北市,設立,11509
61291461,偶然商行,新北市永和區永和路2段206號,王小恬,100000,115/09/29,,,F204110 布疋、衣著、鞋、帽、傘、服飾品零售業；F206020 日常用品零售業；F205040 家具、寢具、廚房器具、裝設品零售業；F399040 無店面零售業；ZZ99999 除許可業務外，得經營法令非禁止或限制之業務,新北市,設立,11509
61291482,開心麵館,新北市板橋區重慶路290巷22弄16號(1樓),曲曦陽,160000,115/09/29,,,F501060 餐館業；F401010 國際貿易業；ZZ99999 除許可業務外，得經營法令非禁止或限制之業務,新北市,設立,11509
61291498,文方小吃店,新北市土城區學府路1段147號,張秀玲,200000,115/09/29,,,F501030 飲料店業；F501060 餐館業,新北市,設立,11509
61291504,好時光蔬果,新北市三峽區大同路98號(1樓),江翎菲,20000,115/09/29,,,F201010 農產品零售業；F201020 畜產品零售業；F201030 水產品零售業,新北市,設立,11509
61291510,愛麗絲精品小物商行,新北市中和區圓通路162巷2弄3號115年09月,林昱均,100000,115/09/29,,,F209060 文教、樂器、育樂用品零售業；F399040 無店面零售業,新北市,設立,11509
61291526,北海阿宏的家企業社,新北市淡水區沙崙路137號4樓,林慶宏,200000,115/09/29,,,F104110 布疋、衣著、鞋、帽、傘、服飾品批發業；F109070 文教、樂器、育樂用品批發業；J601010 藝文服務業；J602010 演藝活動業；F108040 化粧品批發業；J603010 音樂展演空間業；JB01010 會議及展覽服務業；JZ99030 攝影業；J799990 其他休閒服務業；JZ99090 喜慶綜合服務業；I401010 一般廣告服務業；F399040 無店面零售業；F199990 其他批發業；F115010 首飾及貴金屬批發業；F115020 礦石批發業；JZ99990 未分類其他服務業；F401010 國際貿易業；ZZ99999 除許可業務外，得經營法令非禁止或限制之業務,新北市,設立,11509
61291547,姞美商行,新北市土城區明德路1段29巷10號11樓之1,錢憶玲,100000,115/09/29,,,F399040 無店面零售業；F204110 布疋、衣著、鞋、帽、傘、服飾品零售業,新北市,設立,11509
61291552,承曜餐飲社,新北市淡水區中正路2段6號,楊承霈,100000,115/09/29,,,F501060 餐館業；F501030 飲料店業；F501990 其他餐飲業；F203010 食品什貨、飲料零售業,新北市,設立,11509
61291568,安安全球貿易商行,新北市中和區中山路2段332巷1號7樓,陸逸安,100000,115/09/29,,,F399040 無店面零售業；F401010 國際貿易業；F203010 食品什貨、飲料零售業；F102170 食品什貨批發業；F102040 飲料批發業；F202010 飼料零售業；F206020 日常用品零售業；F399990 其他綜合零售業；ZZ99999 除許可業務外，得經營法令非禁止或限制之業務,新北市,設立,11509
61291574,橘貓欸店,新北市三重區自強路2段68號,李哲宇,50000,115/09/29,,,F209060 文教、樂器、育樂用品零售業,新北市,設立,11509
61291589,吉香餐飲,新北市蘆洲區民族路294號（1樓）115年09月,呂銘傑,150000,115/09/29,,,F501060 餐館業；F501030 飲料店業,新北市,設立,11509
61291595,柏源工程行,新北市三重區重新路2段78號15樓,張瀚云,200000,115/09/29,,,E599010 配管工程業；E603100 電焊工程業；E801020 門窗安裝工程業；E801030 室內輕鋼架工程業；E801070 廚具、衛浴設備安裝工程業；E901010 油漆工程業；E903010 防蝕、防銹工程業；EZ07010 鑽孔工程業；EZ99990 其他工程業；F106010 五金批發業；F111090 建材批發業；F206010 五金零售業；F211010 建材零售業；F401010 國際貿易業；ZZ99999 除許可業務外，得經營法令非禁止或限制之業務,新北市,設立,11509
61291602,巧巧美容坊,新北市鶯歌區育才街32號,蘇佳琳,20000,115/09/29,,,JZ99080 美容美髮服務業；JZ99990 未分類其他服務業,新北市,設立,11509
61291618,星佳町造型坊,新北市土城區金城路3段73巷5號,廖千琇,100000,115/09/29,,,JZ99080 美容美髮服務業,新北市,設立,11509
61291624,日日恬工作室,新北市新店區文化路30巷7號4樓,鄭宇恬,240000,115/09/29,,,J503010 廣播節目製作業；J503020 電視節目製作業；J503030 廣播電視節目發行業；J503040 廣播電視廣告業；J503050 錄影節目帶業；ZZ99999 除許可業務外，得經營法令非禁止或限制之業務,新北市,設立,11509
61291639,每好小吃店,新北市永和區永利路91號(1樓),王彥人,100000,115/09/29,,,F501060 餐館業,新北市,設立,11509
61291645,小光頭工作室,新北市新店區中正路106號3樓,劉育瑄,50000,115/09/29,,,JZ99080 美容美髮服務業；JZ99990 未分類其他服務業；ZZ99999 除許可業務外，得經營法令非禁止或限制之業務,新北市,設立,11509
61291650,月步文化生活工作室,新北市新莊區中平路114號7樓,黃子銘,240000,115/09/29,,,F399040 無店面零售業；F209060 文教、樂器、育樂用品零售業；F215010 首飾及貴金屬零售業；F206020 日常用品零售業；F204110 布疋、衣著、鞋、帽、傘、服飾品零售業；F203010 食品什貨、飲料零售業；J601010 藝文服務業；F213010 電器零售業；F206010 五金零售業；F213030 電腦及事務性機器設備零售業；ZZ99999 除許可業務外，得經營法令非禁止或限制之業務,新北市,設立,11509
61291666,富來蔬果行,新北市板橋區重慶路155巷29號,魏君耀,8000,115/09/29,,,F201010 農產品零售業,新北市,設立,11509
61291672,忻然點心商行,新北市中和區連城路347巷4弄2號115年09月,張慈,100000,115/09/29,,,F203010 食品什貨、飲料零售業；F501060 餐館業；F206020 日常用品零售業；F209060 文教、樂器、育樂用品零售業,新北市,設立,11509
61291687,城鴻企業社,新北市新莊區西盛街369巷7號7樓,陳氏翠紅,200000,115/09/29,,,E801010 室內裝潢業；E901010 油漆工程業；F111090 建材批發業；ZZ99999 除許可業務外，得經營法令非禁止或限制之業務,新北市,設立,11509
61291693,稻豐香小吃店,新北市樹林區中山路1段156號(1樓),黃仕杰,168000,115/09/29,,,F399040 無店面零售業；F501060 餐館業；F501990 其他餐飲業；ZZ99999 除許可業務外，得經營法令非禁止或限制之業務,新北市,設立,11509
61291700,艾普諾瓦工作室,新北市汐止區新台五路1段95號16樓之1,張維倫,200000,115/09/29,,,J202010 產業育成業；I301010 資訊軟體服務業；I301030 電子資訊供應服務業；I301020 資料處理服務業；J399990 其他出版業；F399040 無店面零售業；F209060 文教、樂器、育樂用品零售業；I599990 其他設計業；ZZ99999 除許可業務外，得經營法令非禁止或限制之業務,新北市,設立,11509
61291716,日熹早餐,新北市鶯歌區福隆二街27號,林翊資,50000,115/09/29,,,F501060 餐館業；F501030 飲料店業,新北市,設立,11509
61291722,小玲南北貨商行,新北市汐止區中正路250號,高玉玲,100000,115/09/30,,,F201010 農產品零售業；F203010 食品什貨、飲料零售業；F203020 菸酒零售業；F206020 日常用品零售業；ZZ99999 除許可業務外，得經營法令非禁止或限制之業務,新北市,設立,11509
61291737,森漢工程行,新北市五股區御成路148號4樓,陳思漢,240000,115/09/30,,,E801010 室內裝潢業；E801020 門窗安裝工程業；E801030 室內輕鋼架工程業；E801040 玻璃安裝工程業；E901010 油漆工程業；E903010 防蝕、防銹工程業；EZ99990 其他工程業；I503010 景觀設計業；I599990 其他設計業；F106010 五金批發業；F206010 五金零售業；F111090 建材批發業；F211010 建材零售業；ZZ99999 除許可業務外，得經營法令非禁止或限制之業務,新北市,設立,11509
61291743,星田商行,新北市永和區文化路80號（1樓）,黃瑞怡,200000,115/09/30,,,F501030 飲料店業,新北市,設立,11509
61291758,木蘇企業社,新北市蘆洲區永安南路2段76號2樓115年09月,廖淑婷,200000,115/09/30,,,I199990 其他顧問服務業；F399040 無店面零售業；F206050 寵物食品及其用品零售業；ZZ99999 除許可業務外，得經營法令非禁止或限制之業務,新北市,設立,11509
61291764,宅食光商行,新北市淡水區中正路2段393號(1樓),陳治樺,100000,115/09/30,,,F201990 其他農畜水產品零售業；F201010 農產品零售業；F201020 畜產品零售業；F201030 水產品零售業；F203010 食品什貨、飲料零售業；F203020 菸酒零售業；F206050 寵物食品及其用品零售業；F206020 日常用品零售業；F205040 家具、寢具、廚房器具、裝設品零售業；F204110 布疋、衣著、鞋、帽、傘、服飾品零售業；F207030 清潔用品零售業；F299990 其他零售業；F399040 無店面零售業；F399990 其他綜合零售業；F501030 飲料店業；F501060 餐館業；F501990 其他餐飲業；ZZ99999 除許可業務外，得經營法令非禁止或限制之業務,新北市,設立,11509
61291770,三一四企業社,新北市三重區重新路5段511號16樓115年09月,鄭梓辰,200000,115/09/30,,,F399010 便利商店業；IZ06010 理貨包裝業；IZ12010 人力派遣業；IZ99990 其他工商服務業；F399040 無店面零售業；ZZ99999 除許可業務外，得經營法令非禁止或限制之業務,新北市,設立,11509
61291785,傑承工程行,新北市林口區文化二路1段565號3樓之2,趙紹傑,600000,115/09/30,,,E599010 配管工程業；E601010 電器承裝業；E601020 電器安裝業；E603040 消防安全設備安裝工程業；E603090 照明設備安裝工程業；E801010 室內裝潢業；E801020 門窗安裝工程業；E801030 室內輕鋼架工程業；E801040 玻璃安裝工程業；E801070 廚具、衛浴設備安裝工程業；E901010 油漆工程業；E903010 防蝕、防銹工程業；EZ99990 其他工程業；F105050 家具、寢具、廚房器具、裝設品批發業；F106040 水器材料批發業；F107010 漆料、塗料批發業；F111090 建材批發業；F113020 電器批發業；F117010 消防安全設備批發業；F120010 耐火材料批發業；F205040 家具、寢具、廚房器具、裝設品零售業；F206040 水器材料零售業；F207010 漆料、塗料零售業；F211010 建材零售業；F213010 電器零售業；F217010 消防安全設備零售業；F220010 耐火材料零售業；ZZ99999 除許可業務外，得經營法令非禁止或限制之業務,新北市,設立,11509
61291791,晴和居家修繕工程行,新北市中和區中山路2段332巷1號7樓,江家和,200000,115/09/30,,,F206010 五金零售業；F206020 日常用品零售業；F207010 漆料、塗料零售業；F211010 建材零售業；F401010 國際貿易業；F107010 漆料、塗料批發業；F107030 清潔用品批發業；F111090 建材批發業；F207030 清潔用品零售業；E901010 油漆工程業；E903010 防蝕、防銹工程業；E599010 配管工程業；E601010 電器承裝業；EZ99990 其他工程業；ZZ99999 除許可業務外，得經營法令非禁止或限制之業務,新北市,設立,11509
61291808,翊鍋鍋燒麵店,新北市新店區中正路550巷2號(1樓),廖志翊,50000,115/09/30,,,F501060 餐館業,新北市,設立,11509
61291814,拾星商行,新北市新莊區中正路26號(1樓) 115年09月,林彥儀,230000,115/09/30,,,F399040 無店面零售業；F401010 國際貿易業；ZZ99999 除許可業務外，得經營法令非禁止或限制之業務,新北市,設立,11509
61291820,慕鴻商行,新北市汐止區中正路153號,游証珽,200000,115/09/30,,,F201010 農產品零售業；F201020 畜產品零售業；F201030 水產品零售業；F203010 食品什貨、飲料零售業；F399040 無店面零售業；ZZ99999 除許可業務外，得經營法令非禁止或限制之業務,新北市,設立,11509
61291835,始壹運動工作室,新北市板橋區文化路1段32巷1號(1樓),謝閔昕,200000,115/09/30,,,J802010 運動訓練業；J801030 競技及休閒運動場館業；J799990 其他休閒服務業；F204110 布疋、衣著、鞋、帽、傘、服飾品零售業；ZZ99999 除許可業務外，得經營法令非禁止或限制之業務,新北市,設立,11509
61291841,興越法式麵包,新北市林口區中正路367號,張信興,200000,115/09/30,,,F203010 食品什貨、飲料零售業,新北市,設立,11509
61291856,泰易利商行,新北市板橋區大華街居安巷5號,劉慧盈,100000,115/09/30,,,F206020 日常用品零售業；F209060 文教、樂器、育樂用品零售業；F399040 無店面零售業；F399990 其他綜合零售業；F206060 祭祀用品零售業,新北市,設立,11509
61291862,泓芠國際物流企業社,新北市新店區安祥路69巷54弄8號4樓,林雨璇,150000,115/09/30,,,F101050 水產品批發業；F102170 食品什貨批發業；IZ12010 人力派遣業；EZ02010 起重工程業；J101010 建築物清潔服務業；J101030 廢棄物清除業；J101040 廢棄物處理業；J101080 資源回收業；J101090 廢棄物清理業；JE01010 租賃業；F401010 國際貿易業；JZ99990 未分類其他服務業；IZ99990 其他工商服務業；JA02990 其他修理業；G799990 其他運輸輔助業；ZZ99999 除許可業務外，得經營法令非禁止或限制之業務,新北市,設立,11509
61291878,永平商行,新北市永和區保生路62號,詹宇晶,200000,115/09/30,,,F209060 文教、樂器、育樂用品零售業；F204110 布疋、衣著、鞋、帽、傘、服飾品零售業；F206020 日常用品零售業；F203010 食品什貨、飲料零售業；F399040 無店面零售業；ZZ99999 除許可業務外，得經營法令非禁止或限制之業務,新北市,設立,11509
61291883,上辰工程行,新北市土城區延平街28號115年09月,王永哉,200000,115/09/30,,,EZ02010 起重工程業；F113010 機械批發業；F113990 其他機械器具批發業；JA02990 其他修理業,新北市,設立,11509
61291899,玥昕傳媒工作室,新北市新店區安興路125之15號7樓,程于芯,240000,115/09/30,,,F399040 無店面零售業；J305010 有聲出版業；I301060 網路廣告平臺業；I401010 一般廣告服務業；J303010 雜誌（期刊）出版業；J304010 圖書出版業；J399990 其他出版業；J604010 聲音錄製及音樂發行業；I401020 廣告傳單分送業；J503010 廣播節目製作業；J503020 電視節目製作業；J503030 廣播電視節目發行業；J503040 廣播電視廣告業；J601010 藝文服務業；J602010 演藝活動業；J399010 軟體出版業；I301010 資訊軟體服務業；I301020 資料處理服務業；I301030 電子資訊供應服務業；F401010 國際貿易業；F204110 布疋、衣著、鞋、帽、傘、服飾品零售業；F215010 首飾及貴金屬零售業；ZZ99999 除許可業務外，得經營法令非禁止或限制之業務,新北市,設立,11509
61291906,禾奕工作室,新北市萬里區野柳里港東112之1號2樓,林品蓁,30000,115/09/30,,,F203010 食品什貨、飲料零售業；F399990 其他綜合零售業；F399040 無店面零售業,新北市,設立,11509
61291912,鈞驊商行,新北市林口區民富街99號2樓之1,陳鴻耀,240000,115/09/30,,,H201010 一般投資業,新北市,設立,11509
61291928,野樂屋商行,新北市新莊區中華路2段175號(1樓),吳怡樺,200000,115/09/30,,,ZZ99999 除許可業務外，得經營法令非禁止或限制之業務；F206050 寵物食品及其用品零售業；JZ99180 寵物美容服務業；F206020 日常用品零售業,新北市,設立,11509
61291933,嘉盛汽車材料行,新北市蘆洲區民族路314巷9號4樓,郭文斌,200000,115/09/30,,,F114030 汽、機車零件配備批發業；F214030 汽、機車零件配備零售業；F114050 車胎批發業；F214050 車胎零售業；F106010 五金批發業；F206010 五金零售業；F114990 其他交通運輸工具及其零件批發業；ZZ99999 除許可業務外，得經營法令非禁止或限制之業務,新北市,設立,11509
61291949,沐日禾商行,新北市樹林區八德街1156號,鄒宥珊,200000,115/09/30,,,F501060 餐館業；ZZ99999 除許可業務外，得經營法令非禁止或限制之業務,新北市,設立,11509
61291954,江家飯館,新北市淡水區義山路1段401巷26號(1樓) 115年09月,江宛玲,100000,115/09/30,,,F203010 食品什貨、飲料零售業；F501060 餐館業,新北市,設立,11509
61291960,耳邊工作室,新北市中和區連城路380號4樓,耿怡文,50000,115/09/30,,,F205040 家具、寢具、廚房器具、裝設品零售業；F206020 日常用品零售業；F299990 其他零售業；F399040 無店面零售業；I501010 產品設計業；I504010 花藝設計業；I599990 其他設計業；I401010 一般廣告服務業；J601010 藝文服務業；ZZ99999 除許可業務外，得經營法令非禁止或限制之業務,新北市,設立,11509
61291976,狣選汪社,新北市中和區和平街68號9樓之2,陳葦庭,80000,115/09/30,,,F206050 寵物食品及其用品零售業；F401010 國際貿易業；F299990 其他零售業；F399040 無店面零售業；F106060 寵物食品及其用品批發業；ZZ99999 除許可業務外，得經營法令非禁止或限制之業務,新北市,設立,11509
61291981,金好麵包,新北市永和區中正路403號,鄭紅金,150000,115/09/30,,,F203010 食品什貨、飲料零售業；ZZ99999 除許可業務外，得經營法令非禁止或限制之業務,新北市,設立,11509
61291997,初綻工作室,新北市八里區華峰三街27號4樓,蔡依吉,200000,115/09/30,,,F399040 無店面零售業；F203010 食品什貨、飲料零售業；F204110 布疋、衣著、鞋、帽、傘、服飾品零售業；F205040 家具、寢具、廚房器具、裝設品零售業；F208040 化粧品零售業；F215010 首飾及貴金屬零售業；F401010 國際貿易業；F213010 電器零售業；ZZ99999 除許可業務外，得經營法令非禁止或限制之業務；I401010 一般廣告服務業；I501010 產品設計業；I502010 服飾設計業；J304010 圖書出版業；JB01010 會議及展覽服務業；JZ99070 裁縫服務業；I199990 其他顧問服務業；J601010 藝文服務業；J799990 其他休閒服務業；JZ99990 未分類其他服務業,新北市,設立,11509
61473053,屋底下的工作室,新北市中和區德光路133號10樓,邱俊諺,1,115/09/24,,,I401010 一般廣告服務業；J602010 演藝活動業；J401010 電影片製作業；ZZ99999 除許可業務外，得經營法令非禁止或限制之業務,新北市,設立,11509
61482503,心幸小吃店,新北市板橋區民族路143號(1樓),潘碧幸,70000,115/09/14,,,F501060 餐館業,新北市,設立,11509
61491947,承祥藥局,新北市永和區成功路2段181號(1樓) 115年09月,許書瑋,100000,115/09/08,,,F203010 食品什貨、飲料零售業；F206020 日常用品零售業；F208040 化粧品零售業；F208050 乙類成藥零售業；F207030 清潔用品零售業；F299990 其他零售業；ZZ99999 除許可業務外，得經營法令非禁止或限制之業務,新北市,設立,11509
61494162,豐昇水起商行,新北市三峽區民權街21號,呂庭淳,100000,115/09/02,,,F501030 飲料店業,新北市,設立,11509
61494178,好鄰舍餐飲,新北市林口區文林六街11號(1樓),江元凱,1000,115/09/24,,,F501060 餐館業；F501030 飲料店業；F203010 食品什貨、飲料零售業；ZZ99999 除許可業務外，得經營法令非禁止或限制之業務,新北市,設立,11509
61499384,友豪小炒店,新北市五股區成泰路1段187號,吳世興,50000,115/09/02,,,F501060 餐館業,新北市,設立,11509
61501430,伍門巴柔格鬥館,新北市三重區福德北路12之2號(1樓),伍拓方,50000,115/09/11,,,F204110 布疋、衣著、鞋、帽、傘、服飾品零售業；F209060 文教、樂器、育樂用品零售業；J802010 運動訓練業；J803010 運動表演業；J803020 運動比賽業,新北市,設立,11509
61504871,精臣標籤機企業社,新北市板橋區中正路415號3樓,歐陽淑華,240000,115/09/16,,,ZZ99999 除許可業務外，得經營法令非禁止或限制之業務；F106020 日常用品批發業；F109070 文教、樂器、育樂用品批發業；F113020 電器批發業；F113030 精密儀器批發業；F113050 電腦及事務性機器設備批發業；F119010 電子材料批發業；F209060 文教、樂器、育樂用品零售業；F213030 電腦及事務性機器設備零售業；F213040 精密儀器零售業；F219010 電子材料零售業；F401010 國際貿易業；JE01010 租賃業；E605010 電腦設備安裝業,新北市,設立,11509
66963483,特吉商行,新北市瑞芳區逢甲路260號3樓,廖銘奇,50000,115/09/17,,,F102020 食用油脂批發業；F102040 飲料批發業；F102170 食品什貨批發業；IZ06010 理貨包裝業；F109070 文教、樂器、育樂用品批發業,新北市,設立,11509
72775729,七一巷口羊咩咩小吃店,新北市三重區五華街71巷4號,曾秀蓁,70000,115/09/23,,,F501060 餐館業；F501990 其他餐飲業；F203010 食品什貨、飲料零售業,新北市,設立,11509
82205430,樂福足體養生館,新北市三重區三賢街187號,陳志翰,150000,115/09/04,,,JF01020 按摩業；JF01030 腳底按摩業；JF01040 經絡調理業,新北市,設立,11509
92560444,樂曦選品商行,新北市汐止區福安里仁愛路151巷48號18樓115年09月,陳富民,100000,115/09/18,,,F108040 化粧品批發業；F208040 化粧品零售業；F106020 日常用品批發業；F206020 日常用品零售業；F104110 布疋、衣著、鞋、帽、傘、服飾品批發業；F204110 布疋、衣著、鞋、帽、傘、服飾品零售業；F105050 家具、寢具、廚房器具、裝設品批發業；F205040 家具、寢具、廚房器具、裝設品零售業；F399040 無店面零售業；F401010 國際貿易業；ZZ99999 除許可業務外，得經營法令非禁止或限制之業務,新北市,設立,11509
92660470,花枝遊戲親子食玩店,新北市新店區安興路127之3號(1樓),黃存聖,80000,115/09/30,,,F203010 食品什貨、飲料零售業；F204110 布疋、衣著、鞋、帽、傘、服飾品零售業；F205040 家具、寢具、廚房器具、裝設品零售業；F206010 五金零售業；F206020 日常用品零售業；F209060 文教、樂器、育樂用品零售業；F213010 電器零售業；F213060 電信器材零售業；F299990 其他零售業；ZZ99999 除許可業務外，得經營法令非禁止或限制之業務,新北市,設立,11509
95097285,禮臨金紙舖,新北市八里區中山路2段346之1號,郭禮瑋,100000,115/09/03,,,F206060 祭祀用品零售業,新北市,設立,11509
