統一編號,公司名稱,公司所在地,代表人,資本額,核准設立日期,核准變更日期,案由或變更事項,營業項目,縣市,清冊,期別
00719323,瑞發興業,新北市三重區雙園街1巷11號,吳芝楹,200000,115/07/24,,,C103050 罐頭、冷凍、脫水及醃漬食品製造業；F101040 家畜家禽批發業；F201020 畜產品零售業；F102170 食品什貨批發業；F203010 食品什貨、飲料零售業；F399040 無店面零售業；ZZ99999 除許可業務外，得經營法令非禁止或限制之業務,新北市,設立,11507
39993153,台灣味夯蕃薯企業社,新北市三重區三和路3段4號(1樓),呂紹丘,200000,115/07/09,,,C104020 烘焙炊蒸食品製造業；F102170 食品什貨批發業；F203010 食品什貨、飲料零售業；F501030 飲料店業；F401010 國際貿易業；ZZ99999 除許可業務外，得經營法令非禁止或限制之業務,新北市,設立,11507
42224283,承億機車行,新北市深坑區北深路2段84號,魏士涵,200000,115/07/08,,,JA02020 機車修理業；F214030 汽、機車零件配備零售業,新北市,設立,11507
60181199,跳跳虎企業社,新北市板橋區中正路280號,楊建忠,60000,115/07/15,,,F209060 文教、樂器、育樂用品零售業；F208040 化粧品零售業,新北市,設立,11507
60200132,美緣美甲美容工作室,新北市板橋區館前西路217號,黎碧民,100000,115/07/13,,,JZ99080 美容美髮服務業,新北市,設立,11507
60203686,小吳小吃店,新北市板橋區館前西路148號,吳素幸,10000,115/07/29,,,F501060 餐館業,新北市,設立,11507
60204778,佳百宏企業社,新北市中和區忠孝街96號,鄭明杰,200000,115/07/29,,,F206010 五金零售業；F206020 日常用品零售業；F299990 其他零售業；F399040 無店面零售業；ZZ99999 除許可業務外，得經營法令非禁止或限制之業務,新北市,設立,11507
60233387,莯藍工作室,新北市新莊區中平路26巷70號3樓,黃宣穎,200000,115/07/27,,,F104110 布疋、衣著、鞋、帽、傘、服飾品批發業；F108040 化粧品批發業；F107030 清潔用品批發業；F106020 日常用品批發業；F109070 文教、樂器、育樂用品批發業；F102170 食品什貨批發業；F199990 其他批發業；F204110 布疋、衣著、鞋、帽、傘、服飾品零售業；F208040 化粧品零售業；F207030 清潔用品零售業；F206020 日常用品零售業；F209060 文教、樂器、育樂用品零售業；F203010 食品什貨、飲料零售業；F299990 其他零售業；F399040 無店面零售業；F401010 國際貿易業；JZ99990 未分類其他服務業；ZZ99999 除許可業務外，得經營法令非禁止或限制之業務,新北市,設立,11507
60240795,艾米工作室,新北市新莊區新知三路89號10樓,陳怡如,200000,115/07/24,,,F399040 無店面零售業,新北市,設立,11507
60289522,毓庭小吃店,新北市板橋區建國街78號,張毓庭,80000,115/07/14,,,F501060 餐館業,新北市,設立,11507
60289831,錦記專業涼麵,新北市板橋區中正路216巷6號(1樓) 115年07月,郭怡雯,30000,115/07/06,,,F501060 餐館業,新北市,設立,11507
61272318,龍享實業商行,新北市八里區商港二路33號(1樓),張羿蓁,200000,115/07/01,,,F203010 食品什貨、飲料零售業；F203030 酒精零售業；F206010 五金零售業；F206020 日常用品零售業；F501060 餐館業；F501990 其他餐飲業,新北市,設立,11507
61272324,天羿運動彩券行,新北市汐止區新台五路1段226號(1樓),周思吟,100000,115/07/01,,,IZ18021 運動彩券經銷業,新北市,設立,11507
61272339,芬享好物商行,新北市五股區新五路2段622號4樓,陳淑芬,50000,115/07/01,,,F399040 無店面零售業,新北市,設立,11507
61272345,厚華茶行,新北市新莊區中華路2段5號,郭厚廷,200000,115/07/01,,,ZZ99999 除許可業務外，得經營法令非禁止或限制之業務；F203010 食品什貨、飲料零售業；F501030 飲料店業,新北市,設立,11507
61272350,凱駿工程行,新北市中和區建八路125巷1號(1樓),施凱文,1000000,115/07/01,,,F401010 國際貿易業；E599010 配管工程業；E603090 照明設備安裝工程業；E801070 廚具、衛浴設備安裝工程業；F113020 電器批發業；F111090 建材批發業；F119010 電子材料批發業；F106040 水器材料批發業；F213010 電器零售業；F219010 電子材料零售業；IF01010 消防安全設備檢修業；F117010 消防安全設備批發業；F217010 消防安全設備零售業；E603040 消防安全設備安裝工程業,新北市,設立,11507
61272366,英弘工程行,新北市土城區仁愛路28之1號4樓,陳弘,200000,115/07/01,,,E801010 室內裝潢業；E801030 室內輕鋼架工程業；E901010 油漆工程業；E903010 防蝕、防銹工程業；J101010 建築物清潔服務業；J101030 廢棄物清除業；J101060 廢（污）水處理業；I503010 景觀設計業；EZ99990 其他工程業；ZZ99999 除許可業務外，得經營法令非禁止或限制之業務,新北市,設立,11507
61272372,洪黃之力企業社,新北市永和區永和路2段306號(1樓),黃建儒,200000,115/07/01,,,F209060 文教、樂器、育樂用品零售業；F203010 食品什貨、飲料零售業；J799990 其他休閒服務業；JE01010 租賃業,新北市,設立,11507
61272387,錦雲孤挺園藝,新北市樹林區東和街84號,黃茂森,200000,115/07/01,,,A101050 花卉栽培業；A102080 園藝服務業；F101100 花卉批發業；F201070 花卉零售業,新北市,設立,11507
61272393,一品嘉商行,新北市板橋區文化路1段311之2號,江雨婕,200000,115/07/01,,,F501030 飲料店業；F501060 餐館業,新北市,設立,11507
61272400,一級棒蔬果行,新北市土城區廣明街65號(1樓) 115年07月,陳軒彰,200000,115/07/01,,,F201010 農產品零售業,新北市,設立,11507
61272416,此此室內裝修設計所,新北市三峽區正義街27巷17之3號,黃慧媛,100000,115/07/01,,,E801010 室內裝潢業；E801060 室內裝修業（註：名稱應標明「室內裝修」字樣）；E801020 門窗安裝工程業；E801030 室內輕鋼架工程業；E801040 玻璃安裝工程業；E801070 廚具、衛浴設備安裝工程業；E901010 油漆工程業；EZ99990 其他工程業；I401010 一般廣告服務業；I503010 景觀設計業；I599990 其他設計業；F206010 五金零售業；F399040 無店面零售業；F401010 國際貿易業；I105010 藝術品諮詢顧問業；ZZ99999 除許可業務外，得經營法令非禁止或限制之業務,新北市,設立,11507
61272422,凱澄風格行銷工作室,新北市淡水區民族路31之8號12樓之3,劉凱菱,100000,115/07/01,,,I401010 一般廣告服務業；J503010 廣播節目製作業（原:J503011廣播節目製作業）；F399040 無店面零售業；I301010 資訊軟體服務業；F401010 國際貿易業；I401020 廣告傳單分送業；JB01010 會議及展覽服務業；F601010 智慧財產權業,新北市,設立,11507
61272437,俐伶服飾,新北市三重區中央北路34號,林俐伶,200000,115/07/01,,,F204110 布疋、衣著、鞋、帽、傘、服飾品零售業；F399040 無店面零售業,新北市,設立,11507
61272443,光芒耀美容美髮屋,新北市汐止區建成路172號(1樓),高錦茹,200000,115/07/01,,,JZ99080 美容美髮服務業；ZZ99999 除許可業務外，得經營法令非禁止或限制之業務,新北市,設立,11507
61272458,三禹設計工作室,新北市新莊區幸福路830號9樓115年07月,吳白玉,50000,115/07/01,,,ZZ99999 除許可業務外，得經營法令非禁止或限制之業務；I301010 資訊軟體服務業；I401010 一般廣告服務業；I501010 產品設計業；I502010 服飾設計業；I503010 景觀設計業；I599990 其他設計業；IZ01010 影印業；IZ10010 排版業；C701010 印刷業；F206050 寵物食品及其用品零售業；F299990 其他零售業；F399040 無店面零售業,新北市,設立,11507
61272464,玖桃廣告企業社,新北市汐止區康寧街751巷23號8樓之1,潘儀庭,200000,115/07/01,,,F203010 食品什貨、飲料零售業；F201010 農產品零售業；F102050 茶葉批發業；F105050 家具、寢具、廚房器具、裝設品批發業；F106010 五金批發業；F111090 建材批發業；F113020 電器批發業；F205040 家具、寢具、廚房器具、裝設品零售業；F206010 五金零售業；F206030 模具零售業；F207190 塑膠膜、袋零售業；F209060 文教、樂器、育樂用品零售業；F211010 建材零售業；F213010 電器零售業；F109070 文教、樂器、育樂用品批發業；E601010 電器承裝業；E601020 電器安裝業；E701010 電信工程業；E801010 室內裝潢業；E801020 門窗安裝工程業；E801070 廚具、衛浴設備安裝工程業；I199990 其他顧問服務業；I401010 一般廣告服務業；I501010 產品設計業；I503010 景觀設計業；J101010 建築物清潔服務業；A101020 農作物栽培業；A102080 園藝服務業；ZZ99999 除許可業務外，得經營法令非禁止或限制之業務；F401010 國際貿易業,新北市,設立,11507
61272470,壹次方企業社,新北市中和區連勝街173號,陳信ㄧ,200000,115/07/01,,,ZZ99999 除許可業務外，得經營法令非禁止或限制之業務；F203010 食品什貨、飲料零售業；F206020 日常用品零售業；F207030 清潔用品零售業；F209060 文教、樂器、育樂用品零售業,新北市,設立,11507
61272485,鉅銘起重工程行,新北市新莊區鳳山街18號7樓,劉永銘,150000,115/07/01,,,EZ02010 起重工程業；G799990 其他運輸輔助業；F106010 五金批發業；F113990 其他機械器具批發業；F114010 汽車批發業；F114030 汽、機車零件配備批發業；F214010 汽車零售業；F214030 汽、機車零件配備零售業；ZZ99999 除許可業務外，得經營法令非禁止或限制之業務,新北市,設立,11507
61272491,騰耀家居行,新北市土城區金城路3段313之2號115年07月,尹聖伍,200000,115/07/01,,,CN01010 家具及裝設品製造業；F105050 家具、寢具、廚房器具、裝設品批發業；F205040 家具、寢具、廚房器具、裝設品零售業；F401010 國際貿易業；ZZ99999 除許可業務外，得經營法令非禁止或限制之業務,新北市,設立,11507
61272507,幸福企業社,新北市汐止區新台五路1段95號16樓之1,李建韋,200000,115/07/01,,,F204110 布疋、衣著、鞋、帽、傘、服飾品零售業；F399040 無店面零售業；JI01010 互動式情境體驗服務業；J601010 藝文服務業；J602010 演藝活動業；ZZ99999 除許可業務外，得經營法令非禁止或限制之業務,新北市,設立,11507
61272513,一條薯工作室,新北市中和區中山路2段332巷9號8樓,林君柔,200000,115/07/01,,,F106020 日常用品批發業；F109070 文教、樂器、育樂用品批發業；F104110 布疋、衣著、鞋、帽、傘、服飾品批發業；F206020 日常用品零售業；F209060 文教、樂器、育樂用品零售業；F204110 布疋、衣著、鞋、帽、傘、服飾品零售業；F299990 其他零售業；F399990 其他綜合零售業；F399040 無店面零售業；J601010 藝文服務業；I599990 其他設計業；I501010 產品設計業；J304010 圖書出版業；F601010 智慧財產權業；ZZ99999 除許可業務外，得經營法令非禁止或限制之業務,新北市,設立,11507
61272529,日常企業社,新北市板橋區民生路3段36號,黃錦秀,100000,115/07/01,,,F204110 布疋、衣著、鞋、帽、傘、服飾品零售業；F208040 化粧品零售業；F206020 日常用品零售業；F203010 食品什貨、飲料零售業；F207030 清潔用品零售業；F205040 家具、寢具、廚房器具、裝設品零售業；F209060 文教、樂器、育樂用品零售業；F206050 寵物食品及其用品零售業；F104110 布疋、衣著、鞋、帽、傘、服飾品批發業；F108040 化粧品批發業；F106020 日常用品批發業；F102170 食品什貨批發業；F107030 清潔用品批發業；F105050 家具、寢具、廚房器具、裝設品批發業；F109070 文教、樂器、育樂用品批發業；F106060 寵物食品及其用品批發業；F399040 無店面零售業；ZZ99999 除許可業務外，得經營法令非禁止或限制之業務,新北市,設立,11507
61272534,諾汀瑟比斯企業社,新北市淡水區學府路51巷1弄3號4樓115年07月,余嘉文,50000,115/07/01,,,F204110 布疋、衣著、鞋、帽、傘、服飾品零售業；F399040 無店面零售業；F208040 化粧品零售業；F206020 日常用品零售業；F209060 文教、樂器、育樂用品零售業；ZZ99999 除許可業務外，得經營法令非禁止或限制之業務,新北市,設立,11507
61272540,捷暘國際貿易,新北市樹林區東豐街9之1號6樓,楊傑安,240000,115/07/01,,,F214010 汽車零售業；F214020 機車零售業；F214030 汽、機車零件配備零售業；F214050 車胎零售業；F401010 國際貿易業；F114010 汽車批發業；F114020 機車批發業；F114030 汽、機車零件配備批發業；F114050 車胎批發業；F399040 無店面零售業；F106010 五金批發業；F206010 五金零售業；ZZ99999 除許可業務外，得經營法令非禁止或限制之業務,新北市,設立,11507
61272555,昱翔越式料理店,新北市板橋區合宜一路141號,羅明桂,120000,115/07/01,,,F501060 餐館業；F203010 食品什貨、飲料零售業,新北市,設立,11507
61272561,貳伍壹號早午餐店,新北市汐止區福德一路251號,賴亮揚,200000,115/07/01,,,F501060 餐館業；F501030 飲料店業；F203010 食品什貨、飲料零售業；ZZ99999 除許可業務外，得經營法令非禁止或限制之業務,新北市,設立,11507
61272577,焱霆冷氣工程行,新北市中和區中正路302號10樓,鄭偉佑,200000,115/07/01,,,E801010 室內裝潢業；F111090 建材批發業；E601020 電器安裝業；F106010 五金批發業；E901010 油漆工程業；E603040 消防安全設備安裝工程業；E603090 照明設備安裝工程業；E603100 電焊工程業；E801020 門窗安裝工程業；E801030 室內輕鋼架工程業；E801040 玻璃安裝工程業；E801070 廚具、衛浴設備安裝工程業；E903010 防蝕、防銹工程業；EZ99990 其他工程業；F105050 家具、寢具、廚房器具、裝設品批發業；I501010 產品設計業；I503010 景觀設計業；ZZ99999 除許可業務外，得經營法令非禁止或限制之業務,新北市,設立,11507
61272582,鑫盛飯館,新北市汐止區福德一路167號(1樓),杜玉鳳,200000,115/07/01,,,F501060 餐館業,新北市,設立,11507
61272598,力苑時尚設計坊,新北市三重區自強路1段18號8樓115年07月,楊雅茜,2500000,115/07/01,,,F399040 無店面零售業；F204110 布疋、衣著、鞋、帽、傘、服飾品零售業；I502010 服飾設計業,新北市,設立,11507
61272605,睿陞機械企業社,新北市樹林區佳園路2段48號5樓,黃金榮,200000,115/07/01,,,F106010 五金批發業；F206010 五金零售業；F113010 機械批發業；F213080 機械器具零售業；JA02990 其他修理業；CE01010 一般儀器製造業；CC01010 發電﹑輸電﹑配電機械製造業；CB01990 其他機械製造業；CB01010 機械設備製造業；CA02990 其他金屬製品製造業；CA02080 金屬鍛造業；CA02030 螺絲、螺帽、螺絲釘、及鉚釘等製品製造業；F401010 國際貿易業；ZZ99999 除許可業務外，得經營法令非禁止或限制之業務,新北市,設立,11507
61272611,思緒寄放所商行,新北市板橋區仁愛路48號(1樓),康羽嫺,50000,115/07/01,,,F501060 餐館業；F501030 飲料店業；F203020 菸酒零售業；F203030 酒精零售業；F501990 其他餐飲業；F203010 食品什貨、飲料零售業；F399040 無店面零售業；I401010 一般廣告服務業；JZ99090 喜慶綜合服務業；J602010 演藝活動業；J601010 藝文服務業；F102170 食品什貨批發業；F102040 飲料批發業,新北市,設立,11507
61272627,吃飯糰行,新北市板橋區中正路280號(1樓),張倍銘,50000,115/07/01,,,F501060 餐館業；F501990 其他餐飲業；F501030 飲料店業,新北市,設立,11507
61272632,佳呈水電工程,新北市板橋區文化路2段225巷60弄41號(1樓),沈孟玉,180000,115/07/01,,,E601010 電器承裝業；E599010 配管工程業,新北市,設立,11507
61272648,哲瀚桌遊社,新北市新莊區中正路434號(1樓),吳陳瀚,100000,115/07/03,,,F203010 食品什貨、飲料零售業；F209060 文教、樂器、育樂用品零售業；JE01010 租賃業；ZZ99999 除許可業務外，得經營法令非禁止或限制之業務,新北市,設立,11507
61272653,予禾美學工作室,新北市新店區安興路125之15號7樓,余若菡,50000,115/07/01,,,JZ99080 美容美髮服務業；JZ99990 未分類其他服務業,新北市,設立,11507
61272669,銳光車燈工作室,新北市新店區安和路2段59號(1樓),項松筠,50000,115/07/01,,,JA01010 汽車修理業；JA01990 其他汽車服務業；JA02990 其他修理業；F214030 汽、機車零件配備零售業；ZZ99999 除許可業務外，得經營法令非禁止或限制之業務,新北市,設立,11507
61272675,木花椛店,新北市三重區三陽路162號115年07月,楊子萱,80000,115/07/01,,,A102080 園藝服務業；F101100 花卉批發業；F201070 花卉零售業；ZZ99999 除許可業務外，得經營法令非禁止或限制之業務,新北市,設立,11507
61272680,安心學企業社,新北市新莊區中央路242號3樓,林水成,100000,115/07/01,,,E603090 照明設備安裝工程業；E601010 電器承裝業；E601020 電器安裝業；E599010 配管工程業；E801020 門窗安裝工程業；E801030 室內輕鋼架工程業；E801040 玻璃安裝工程業；E801010 室內裝潢業；E801070 廚具、衛浴設備安裝工程業；E901010 油漆工程業；EZ02010 起重工程業；EZ07010 鑽孔工程業；EZ99990 其他工程業；F111090 建材批發業；ZZ99999 除許可業務外，得經營法令非禁止或限制之業務,新北市,設立,11507
61272696,金誠企業社,新北市泰山區福興里明志路1段263巷3號,黃韋誠,250000,115/07/01,,,I103060 管理顧問業；I401020 廣告傳單分送業；I501010 產品設計業；I599990 其他設計業；IZ12010 人力派遣業；IZ99990 其他工商服務業；I401010 一般廣告服務業；I301020 資料處理服務業；JB01010 會議及展覽服務業；J401010 電影片製作業；J402010 電影片發行業；J503040 廣播電視廣告業（原:J503041廣播電視廣告業）；J503010 廣播節目製作業（原:J503011廣播節目製作業）；J503020 電視節目製作業（原:J503021電視節目製作業）；J503030 廣播電視節目發行業（原:J503031廣播電視節目發行業）；J701090 錄影節目帶播映業；ZZ99999 除許可業務外，得經營法令非禁止或限制之業務,新北市,設立,11507
61272703,八氏商行,新北市板橋區中山路2段90巷19號6樓,江育琮,100000,115/07/01,,,F501060 餐館業；F203010 食品什貨、飲料零售業；F399040 無店面零售業,新北市,設立,11507
61272719,阿豬媽手作甜室,新北市新莊區中泰街40號3樓,黃立瑜,50000,115/07/01,,,C199990 未分類其他食品製造業,新北市,設立,11507
61272725,黑眼圈工作室,新北市三重區元富二街92號20樓,張智凱,200000,115/07/01,,,J601010 藝文服務業；J602010 演藝活動業；J603010 音樂展演空間業；J503040 廣播電視廣告業；JB01010 會議及展覽服務業；JE01010 租賃業；IZ12010 人力派遣業；ZZ99999 除許可業務外，得經營法令非禁止或限制之業務,新北市,設立,11507
61272730,獵人果業商行,新北市泰山區明志路3段341巷1弄10號4樓115年07月,王健霖,200000,115/07/01,,,F399040 無店面零售業；F201010 農產品零售業；F203010 食品什貨、飲料零售業；ZZ99999 除許可業務外，得經營法令非禁止或限制之業務,新北市,設立,11507
61272746,才淞國際商行,新北市三重區重陽路1段60巷88號3樓,黃榆庭,200000,115/07/01,,,F102170 食品什貨批發業；F106020 日常用品批發業；F106050 陶瓷玻璃器皿批發業；F108040 化粧品批發業；F109070 文教、樂器、育樂用品批發業；F204110 布疋、衣著、鞋、帽、傘、服飾品零售業；F215010 首飾及貴金屬零售業；F399040 無店面零售業；F399990 其他綜合零售業；F401010 國際貿易業；JE01010 租賃業；H703100 不動產租賃業；ZZ99999 除許可業務外，得經營法令非禁止或限制之業務,新北市,設立,11507
61272751,超便宜網購社,新北市中和區中山路3段118之24號4樓115年07月,徐欣榮,200000,115/07/01,,,F201010 農產品零售業；F201020 畜產品零售業；F201030 水產品零售業；F203010 食品什貨、飲料零售業；F205040 家具、寢具、廚房器具、裝設品零售業；F204110 布疋、衣著、鞋、帽、傘、服飾品零售業；F206020 日常用品零售業；F206010 五金零售業；F207030 清潔用品零售業；F208040 化粧品零售業；F299990 其他零售業；F399040 無店面零售業；F209060 文教、樂器、育樂用品零售業,新北市,設立,11507
61272767,智能先生科技企業社,新北市板橋區華江一路111號15樓之1 115年07月,詹竣亦,50000,115/07/01,,,E603050 自動控制設備工程業；E601020 電器安裝業；E605010 電腦設備安裝業；EZ05010 儀器、儀表安裝工程業；I301010 資訊軟體服務業；I503010 景觀設計業；I401010 一般廣告服務業；J401010 電影片製作業；JB01010 會議及展覽服務業；F113020 電器批發業；F213010 電器零售業；F113070 電信器材批發業；F213060 電信器材零售業；F113050 電腦及事務性機器設備批發業；F213030 電腦及事務性機器設備零售業；F119010 電子材料批發業；F219010 電子材料零售業；F113110 電池批發業；F213110 電池零售業；F105050 家具、寢具、廚房器具、裝設品批發業；F205040 家具、寢具、廚房器具、裝設品零售業；F106010 五金批發業；F206010 五金零售業；F113010 機械批發業；F213080 機械器具零售業；F106020 日常用品批發業；F206020 日常用品零售業；F199990 其他批發業；F299990 其他零售業；JA02010 電器及電子產品修理業；JE01010 租賃業；F399040 無店面零售業；F401010 國際貿易業；F399990 其他綜合零售業；ZZ99999 除許可業務外，得經營法令非禁止或限制之業務,新北市,設立,11507
61272773,君彤企業社,新北市三重區光復路1段85號9樓115年07月,林品毅,248000,115/07/01,,,F102050 茶葉批發業；F102170 食品什貨批發業；F104110 布疋、衣著、鞋、帽、傘、服飾品批發業；F105050 家具、寢具、廚房器具、裝設品批發業；F106010 五金批發業；F106020 日常用品批發業；F106030 模具批發業；F106050 陶瓷玻璃器皿批發業；F107030 清潔用品批發業；F108040 化粧品批發業；F109070 文教、樂器、育樂用品批發業；F113010 機械批發業；F113020 電器批發業；F113990 其他機械器具批發業；F203010 食品什貨、飲料零售業；F203020 菸酒零售業；F204110 布疋、衣著、鞋、帽、傘、服飾品零售業；F205040 家具、寢具、廚房器具、裝設品零售業；F206010 五金零售業；F206020 日常用品零售業；F206030 模具零售業；F207030 清潔用品零售業；F208040 化粧品零售業；F209060 文教、樂器、育樂用品零售業；F213080 機械器具零售業；F213990 其他機械器具零售業；F215010 首飾及貴金屬零售業；F299990 其他零售業；F399040 無店面零售業；F399990 其他綜合零售業；F401010 國際貿易業；C601030 紙容器製造業；C601040 加工紙製造業；C701010 印刷業；C703010 印刷品裝訂及加工業；C802090 清潔用品製造業；C802100 化粧品製造業；C805030 塑膠日用品製造業；CA01100 鋁材軋延、伸線、擠型業；CA02010 金屬結構及建築組件製造業；CK01010 製鞋業；CQ01010 模具製造業；CZ99990 未分類其他工業製品製造業；I101090 食品顧問業；I103060 管理顧問業；I199990 其他顧問服務業；I301010 資訊軟體服務業；I301020 資料處理服務業；I401010 一般廣告服務業；I501010 產品設計業；IZ01010 影印業；ZZ99999 除許可業務外，得經營法令非禁止或限制之業務,新北市,設立,11507
61272788,鼎軒小吃店,新北市三重區博愛里頂崁街226號,姚淳盛,100000,115/07/01,,,F501060 餐館業；ZZ99999 除許可業務外，得經營法令非禁止或限制之業務,新北市,設立,11507
61272794,喬韻養生會館,新北市板橋區裕民街119號,黃昱維,50000,115/07/02,,,JZ99080 美容美髮服務業；F208040 化粧品零售業；ZZ99999 除許可業務外，得經營法令非禁止或限制之業務,新北市,設立,11507
61272801,哈娜時尚商行,新北市林口區文化二路1段266號地下一層之8,黃友澄,100000,115/07/02,,,F204110 布疋、衣著、鞋、帽、傘、服飾品零售業；F399040 無店面零售業；ZZ99999 除許可業務外，得經營法令非禁止或限制之業務,新北市,設立,11507
61272817,田鈺小吃店,新北市板橋區中正路427號,楊娮詅,200000,115/07/02,,,F501060 餐館業,新北市,設立,11507
61272823,比麗內爾工作室,新北市汐止區忠二街24號,施勻婷,100000,115/07/02,,,F108040 化粧品批發業；F106020 日常用品批發業；I401010 一般廣告服務業；F208040 化粧品零售業；F206020 日常用品零售業；F104110 布疋、衣著、鞋、帽、傘、服飾品批發業；F105050 家具、寢具、廚房器具、裝設品批發業；F119010 電子材料批發業；F205040 家具、寢具、廚房器具、裝設品零售業；F213010 電器零售業；F204110 布疋、衣著、鞋、帽、傘、服飾品零售業；F219010 電子材料零售業；I501010 產品設計業；ZZ99999 除許可業務外，得經營法令非禁止或限制之業務,新北市,設立,11507
61272838,芮星媒體工作室,新北市土城區延安街8號6樓,吳兆芸,100000,115/07/02,,,I301030 電子資訊供應服務業；I301010 資訊軟體服務業；J601010 藝文服務業；J602010 演藝活動業,新北市,設立,11507
61272859,歪優恩工作室,新北市永和區福和路164號4樓,陳昀妘,100000,115/07/02,,,ZZ99999 除許可業務外，得經營法令非禁止或限制之業務；I401010 一般廣告服務業；J602010 演藝活動業；F399040 無店面零售業；F401010 國際貿易業；J303010 雜誌（期刊）出版業；J304010 圖書出版業；J399990 其他出版業；I501010 產品設計業；I599990 其他設計業；J401010 電影片製作業；J404010 動畫影片製作業；J503040 廣播電視廣告業；J601010 藝文服務業；JB01010 會議及展覽服務業；F601010 智慧財產權業；I103060 管理顧問業；JZ99050 仲介服務業,新北市,設立,11507
61272865,錡記小吃店,新北市新莊區福樂街84號115年07月,祁子瑜,200000,115/07/02,,,F501060 餐館業,新北市,設立,11507
61272871,品宇企業社,新北市新莊區立信一街28號2樓,鄭楚宣,3000,115/07/02,,,J602010 演藝活動業；J601010 藝文服務業；JZ99030 攝影業；I401010 一般廣告服務業；ZZ99999 除許可業務外，得經營法令非禁止或限制之業務,新北市,設立,11507
61272886,艾克髮藝工作室,新北市汐止區福德三路18號,鄧淑文,200000,115/07/02,,,JZ99080 美容美髮服務業,新北市,設立,11507
61272892,億百餐飲社,新北市板橋區板新路1號,徐浩文,200000,115/07/02,,,F501060 餐館業,新北市,設立,11507
61272909,泰山之星餐飲顧問,新北市泰山區明志路3段193號(1樓),易孜侃,200000,115/07/02,,,I103060 管理顧問業；F203020 菸酒零售業；F501030 飲料店業；JZ99990 未分類其他服務業；IZ12010 人力派遣業；F501060 餐館業；F203010 食品什貨、飲料零售業；ZZ99999 除許可業務外，得經營法令非禁止或限制之業務；JZ99080 美容美髮服務業；F208040 化粧品零售業；F108040 化粧品批發業,新北市,設立,11507
61272915,麥桃烤雞店,新北市鶯歌區鶯桃路648號,葉思顯,200000,115/07/02,,,F203010 食品什貨、飲料零售業,新北市,設立,11507
61272921,展驁工程行,新北市新店區松林路33之1號,盛敬祐,200000,115/07/02,,,E599010 配管工程業；ZZ99999 除許可業務外，得經營法令非禁止或限制之業務,新北市,設立,11507
61272936,錦瑞工業社,新北市新莊區中正路853之1號3樓,洪清武,200000,115/07/02,,,CB01990 其他機械製造業；CQ01010 模具製造業；F106010 五金批發業；F113010 機械批發業；F113990 其他機械器具批發業；F213080 機械器具零售業；ZZ99999 除許可業務外，得經營法令非禁止或限制之業務,新北市,設立,11507
61272942,柔心清潔企業社,新北市林口區麗園二街3巷6號6樓之2,段玉孝,200000,115/07/02,,,F106020 日常用品批發業；F107030 清潔用品批發業；F107080 環境用藥批發業；F199990 其他批發業；F206020 日常用品零售業；F207030 清潔用品零售業；J101010 建築物清潔服務業；J101020 病媒防治業；J101030 廢棄物清除業；J101040 廢棄物處理業；J101090 廢棄物清理業；J101990 其他環境衛生及污染防治服務業；IZ12010 人力派遣業,新北市,設立,11507
61272957,首位周邊代購商行,新北市淡水區新市三路1段282號5樓115年07月,徐維君,200000,115/07/02,,,JZ99990 未分類其他服務業；F401010 國際貿易業；ZZ99999 除許可業務外，得經營法令非禁止或限制之業務,新北市,設立,11507
61272963,沐誠企業社,新北市新莊區中平路152巷47弄12號2樓,吳慧芳,200000,115/07/02,,,F399010 便利商店業；F301020 超級市場業；ZZ99999 除許可業務外，得經營法令非禁止或限制之業務；I103060 管理顧問業,新北市,設立,11507
61272979,梅林創藝工作室,新北市新店區安興路125之15號7樓,徐婉庭,200000,115/07/02,,,J602010 演藝活動業；J601010 藝文服務業；JZ99050 仲介服務業；JZ99990 未分類其他服務業；JB01010 會議及展覽服務業；F399040 無店面零售業；F208040 化粧品零售業；F206020 日常用品零售業；F108040 化粧品批發業；F106020 日常用品批發業；F102170 食品什貨批發業；F203010 食品什貨、飲料零售業；F205040 家具、寢具、廚房器具、裝設品零售業；F215010 首飾及貴金屬零售業；F299990 其他零售業；F207030 清潔用品零售業；I401010 一般廣告服務業；I103060 管理顧問業；I199990 其他顧問服務業；F401010 國際貿易業；ZZ99999 除許可業務外，得經營法令非禁止或限制之業務,新北市,設立,11507
61272984,瑪祖商行,新北市新莊區中正路877號,陳藍,50000,115/07/02,,,F203010 食品什貨、飲料零售業,新北市,設立,11507
61272990,摩可沙龍美學館,新北市板橋區仁化街118號(1樓),欒慎卿,150000,115/07/02,,,JZ99080 美容美髮服務業,新北市,設立,11507
61273007,日青日青商行,新北市三峽區復興路311號115年07月,卓琬溱,500000,115/07/02,,,F204110 布疋、衣著、鞋、帽、傘、服飾品零售業；F206020 日常用品零售業；F399040 無店面零售業；JZ99080 美容美髮服務業；F208040 化粧品零售業；I401010 一般廣告服務業；ZZ99999 除許可業務外，得經營法令非禁止或限制之業務,新北市,設立,11507
61273013,辛芝緁展業社,新北市淡水區中山北路2段189巷138號6樓,辛菱蔆,100000,115/07/02,,,E401010 疏濬業；E402010 沙石、淤泥海拋業；E599010 配管工程業；E601010 電器承裝業；E601020 電器安裝業；E603010 電纜安裝工程業；E603040 消防安全設備安裝工程業；E603050 自動控制設備工程業；E603080 交通號誌安裝工程業；E603090 照明設備安裝工程業；E604010 機械安裝業；E605010 電腦設備安裝業；E701020 衛星電視ＫＵ頻道、Ｃ頻道器材安裝業；E701030 電信管制射頻器材裝設工程業；E701040 簡易電信設備安裝業；E801010 室內裝潢業；E801020 門窗安裝工程業；E801030 室內輕鋼架工程業；E801040 玻璃安裝工程業；E801070 廚具、衛浴設備安裝工程業；E901010 油漆工程業；E903010 防蝕、防銹工程業；EZ02010 起重工程業；EZ05010 儀器、儀表安裝工程業；EZ06010 交通標示工程業；EZ07010 鑽孔工程業；EZ09010 靜電防護及消除工程業；EZ11010 球場跑道樹脂材料鋪設工程業；EZ13010 核子工程業；EZ14010 運動場地用設備工程業；EZ15010 保溫、保冷安裝工程業；EZ99990 其他工程業；JZ99990 未分類其他服務業；JZ99180 寵物美容服務業；A102050 作物栽培服務業；IZ12010 人力派遣業；JA05010 留、遊學服務業,新北市,設立,11507
61273029,品川地板工程行,新北市新莊區福樂街118巷1弄8號,江玉弘,100000,115/07/02,,,E801010 室內裝潢業；F111090 建材批發業；F211010 建材零售業；E599010 配管工程業；ZZ99999 除許可業務外，得經營法令非禁止或限制之業務,新北市,設立,11507
61273034,儀全美容企業社,新北市汐止區大同路2段538號(2樓),鍾賢珍,50000,115/07/02,,,JZ99080 美容美髮服務業；ZZ99999 除許可業務外，得經營法令非禁止或限制之業務,新北市,設立,11507
61273040,小豬舍肉舖,新北市樹林區保安街1段20巷1號(1樓),蔡竣傑,100000,115/07/02,,,F201010 農產品零售業；F201020 畜產品零售業；F203010 食品什貨、飲料零售業,新北市,設立,11507
61273055,櫻川車體美研,新北市新店區建國路182號115年07月,張仁翰,200000,115/07/02,,,JA01990 其他汽車服務業；ZZ99999 除許可業務外，得經營法令非禁止或限制之業務,新北市,設立,11507
61273061,傑倫科技企業社,新北市汐止區新台五路1段93號21樓之6,廖翊傑,500000,115/07/02,,,I301010 資訊軟體服務業；J399010 軟體出版業；I301020 資料處理服務業；I301030 電子資訊供應服務業；I103060 管理顧問業；I199990 其他顧問服務業；F118010 資訊軟體批發業；F218010 資訊軟體零售業；F399040 無店面零售業；F401010 國際貿易業；IZ99990 其他工商服務業；ZZ99999 除許可業務外，得經營法令非禁止或限制之業務,新北市,設立,11507
61273077,薇芯生活美學工作室,新北市中和區景新街467巷38弄10號(1樓),范雅婷,200000,115/07/02,,,F201010 農產品零售業；F101130 蔬果批發業；F101100 花卉批發業；F201070 花卉零售業；F399040 無店面零售業；F399990 其他綜合零售業；F299990 其他零售業；I504010 花藝設計業；I503010 景觀設計業；I599990 其他設計業；I501010 產品設計業；JZ99990 未分類其他服務業；J601010 藝文服務業；ZZ99999 除許可業務外，得經營法令非禁止或限制之業務,新北市,設立,11507
61273082,豬咖豬腳飯,新北市五股區成泰路2段18號,劉明才,100000,115/07/02,,,F501060 餐館業；F203010 食品什貨、飲料零售業,新北市,設立,11507
61273098,泓鈦廚衛商行,新北市三重區福德北路69號(1樓),陳瑞泓,200000,115/07/02,,,F105050 家具、寢具、廚房器具、裝設品批發業；F205040 家具、寢具、廚房器具、裝設品零售業；F106040 水器材料批發業；F113020 電器批發業；F118010 資訊軟體批發業；F401010 國際貿易業；E801070 廚具、衛浴設備安裝工程業；E601020 電器安裝業；E801010 室內裝潢業；ZZ99999 除許可業務外，得經營法令非禁止或限制之業務,新北市,設立,11507
61273105,捌花舒療工作室,新北市汐止區連興街148巷1號,李佳瑜,100000,115/07/02,,,JZ99080 美容美髮服務業,新北市,設立,11507
61273111,聚嬌生技企業社,新北市三重區長壽西街157號,劉乙媗,200000,115/07/02,,,F104110 布疋、衣著、鞋、帽、傘、服飾品批發業；F108040 化粧品批發業；F204110 布疋、衣著、鞋、帽、傘、服飾品零售業；F208040 化粧品零售業；ZZ99999 除許可業務外，得經營法令非禁止或限制之業務,新北市,設立,11507
61273127,美麗花企業社,新北市中和區新生街114巷13號115年07月,阮氏祝,100000,115/07/02,,,JZ99080 美容美髮服務業；ZZ99999 除許可業務外，得經營法令非禁止或限制之業務,新北市,設立,11507
61273132,漫蒔商行,新北市鶯歌區鳳鳴里龍七路245號,蘇志成,100000,115/07/02,,,F501060 餐館業；F501030 飲料店業；F501990 其他餐飲業；F203010 食品什貨、飲料零售業；F203020 菸酒零售業；ZZ99999 除許可業務外，得經營法令非禁止或限制之業務,新北市,設立,11507
61273148,艾凡斯選物商行,新北市中和區景平路87號,李逸萍,100000,115/07/03,,,F209060 文教、樂器、育樂用品零售業,新北市,設立,11507
61273153,極英商行,新北市板橋區文化路1段311之21號,司喆允,240000,115/07/03,,,F501990 其他餐飲業,新北市,設立,11507
61273169,芝苑茶記,新北市板橋區北門街54號(1樓),許芝榕,200000,115/07/03,,,F501030 飲料店業；F203010 食品什貨、飲料零售業；F206020 日常用品零售業；F399040 無店面零售業；ZZ99999 除許可業務外，得經營法令非禁止或限制之業務,新北市,設立,11507
61273175,漢克廚房商行,新北市新莊區民安西路350號(1樓) 115年07月,邱煒嘉,100000,115/07/03,,,F501060 餐館業；F501990 其他餐飲業；F203010 食品什貨、飲料零售業；ZZ99999 除許可業務外，得經營法令非禁止或限制之業務,新北市,設立,11507
61273180,哆哆工程行,新北市新店區安興路125之11號,張綸,200000,115/07/03,,,E599010 配管工程業；E601010 電器承裝業；E601020 電器安裝業；E603010 電纜安裝工程業；E603020 電梯安裝工程業；E603040 消防安全設備安裝工程業；E603050 自動控制設備工程業；E603090 照明設備安裝工程業；E603110 冷作工程業；E605010 電腦設備安裝業；E701010 電信工程業；E801010 室內裝潢業；E801020 門窗安裝工程業；E801030 室內輕鋼架工程業；E801040 玻璃安裝工程業；E801070 廚具、衛浴設備安裝工程業；E901010 油漆工程業；E903010 防蝕、防銹工程業；EZ99990 其他工程業；F105050 家具、寢具、廚房器具、裝設品批發業；F106040 水器材料批發業；F111090 建材批發業；F113020 電器批發業；F117010 消防安全設備批發業；F205040 家具、寢具、廚房器具、裝設品零售業；F206040 水器材料零售業；F211010 建材零售業；F213010 電器零售業；F217010 消防安全設備零售業；I503010 景觀設計業；IZ12010 人力派遣業；J101010 建築物清潔服務業；J101030 廢棄物清除業；J101040 廢棄物處理業；J101090 廢棄物清理業；JE01010 租賃業；ZZ99999 除許可業務外，得經營法令非禁止或限制之業務,新北市,設立,11507
61273196,春玉企業社,新北市新莊區西盛街394號,陳春玉,200000,115/07/03,,,F206010 五金零售業；F206020 日常用品零售業；C701010 印刷業；F203010 食品什貨、飲料零售業；JZ99160 刻印業；JZ99170 鎖匙業；F213010 電器零售業；ZZ99999 除許可業務外，得經營法令非禁止或限制之業務,新北市,設立,11507
61273203,豐冠企業社,新北市土城區承天路8巷13號(3樓) 115年07月,易媄雅,200000,115/07/03,,,CB01010 機械設備製造業；CC01110 電腦及其週邊設備製造業；CD01030 汽車及其零件製造業；CA02030 螺絲、螺帽、螺絲釘、及鉚釘等製品製造業；CC01080 電子零組件製造業；F401010 國際貿易業,新北市,設立,11507
61273219,嵩豪工程行,新北市汐止區汐萬路2段228巷31弄135號5樓,韓幸枝,200000,115/07/03,,,C501010 製材業；EZ02010 起重工程業；F199010 回收物料批發業；G799990 其他運輸輔助業；J101010 建築物清潔服務業；J101030 廢棄物清除業；J101040 廢棄物處理業；J101090 廢棄物清理業；J101080 資源回收業；J101990 其他環境衛生及污染防治服務業；ZZ99999 除許可業務外，得經營法令非禁止或限制之業務,新北市,設立,11507
61273225,大金食堂,新北市八里區商港七路3號,鄭志瑋,80000,115/07/03,,,F501990 其他餐飲業；ZZ99999 除許可業務外，得經營法令非禁止或限制之業務,新北市,設立,11507
61273230,成功呷雞肉飯,新北市蘆洲區復興路52號(1樓),王偉霖,100000,115/07/03,,,F501060 餐館業；F203010 食品什貨、飲料零售業；ZZ99999 除許可業務外，得經營法令非禁止或限制之業務,新北市,設立,11507
61273246,雪千尋寵物館,新北市林口區文化三路1段617巷53號(1樓),關馥潁,200000,115/07/03,,,JZ99180 寵物美容服務業；F206050 寵物食品及其用品零售業；F206020 日常用品零售業；ZZ99999 除許可業務外，得經營法令非禁止或限制之業務,新北市,設立,11507
61273251,定成禮儀社,新北市板橋區館前東路26號3樓之2,林定凱,200000,115/07/03,,,F206060 祭祀用品零售業；JZ99151 殯葬禮儀服務業；F201070 花卉零售業；F204110 布疋、衣著、鞋、帽、傘、服飾品零售業；F201010 農產品零售業；F203010 食品什貨、飲料零售業；F206020 日常用品零售業；I103060 管理顧問業；JZ99090 喜慶綜合服務業；F215020 礦石零售業；F401010 國際貿易業；I501010 產品設計業；ZZ99999 除許可業務外，得經營法令非禁止或限制之業務,新北市,設立,11507
61273267,憶甜研所工作室,新北市永和區仁愛路224巷1號4樓115年07月,江芸菲,200000,115/07/03,,,F399040 無店面零售業；F203010 食品什貨、飲料零售業；F299990 其他零售業；F399990 其他綜合零售業；F501990 其他餐飲業；ZZ99999 除許可業務外，得經營法令非禁止或限制之業務,新北市,設立,11507
61273273,全盈企業社,新北市蘆洲區民權路82巷3號3樓,李文龍,200000,115/07/03,,,F106010 五金批發業；F106030 模具批發業；F106040 水器材料批發業；F107010 漆料、塗料批發業；F107030 清潔用品批發業；F111090 建材批發業；E502010 燃料導管安裝工程業；E599010 配管工程業；E601010 電器承裝業；E601020 電器安裝業；E603010 電纜安裝工程業；E603020 電梯安裝工程業；E603040 消防安全設備安裝工程業；E603050 自動控制設備工程業；E603090 照明設備安裝工程業；E604010 機械安裝業；E801010 室內裝潢業；E801020 門窗安裝工程業；E801030 室內輕鋼架工程業；E801040 玻璃安裝工程業；E801070 廚具、衛浴設備安裝工程業；E901010 油漆工程業；E903010 防蝕、防銹工程業；EZ02010 起重工程業；EZ07010 鑽孔工程業；EZ99990 其他工程業；CA01050 鋼材二次加工業；CA04010 表面處理業；G799990 其他運輸輔助業；IZ06010 理貨包裝業；IZ12010 人力派遣業；J101010 建築物清潔服務業；J101020 病媒防治業；J101080 資源回收業；J101090 廢棄物清理業；F399040 無店面零售業；F401010 國際貿易業；ZZ99999 除許可業務外，得經營法令非禁止或限制之業務,新北市,設立,11507
61273288,豐泉商行,新北市板橋區介壽街26號115年07月,許景翔,100000,115/07/03,,,F501030 飲料店業；F501060 餐館業；F203010 食品什貨、飲料零售業,新北市,設立,11507
61273294,士琪重機企業社,新北市新莊區建國一路310號9樓,李士平,200000,115/07/03,,,F113010 機械批發業；F114030 汽、機車零件配備批發業；F111090 建材批發業；F213080 機械器具零售業；F401010 國際貿易業；E604010 機械安裝業；EZ02010 起重工程業；JA02990 其他修理業；JE01010 租賃業；JA01010 汽車修理業；ZZ99999 除許可業務外，得經營法令非禁止或限制之業務,新北市,設立,11507
61273301,鑫淨企業社,新北市新莊區萬安街47巷13號2樓,鄭光佑,200000,115/07/03,,,J101010 建築物清潔服務業；J101030 廢棄物清除業；J101040 廢棄物處理業；J101080 資源回收業；J101090 廢棄物清理業；E801010 室內裝潢業,新北市,設立,11507
61273317,阿芝小吃堂,新北市汐止區福德一路156號,阮氏芳芝,60000,115/07/03,,,F501060 餐館業；ZZ99999 除許可業務外，得經營法令非禁止或限制之業務,新北市,設立,11507
61273323,尚品無刺虱目魚,新北市樹林區中華路225號,林廷諭,50000,115/07/03,,,F501060 餐館業,新北市,設立,11507
61273338,正禾空間企業社,新北市林口區民生路12號,張劭維,100000,115/07/03,,,F203010 食品什貨、飲料零售業；F206020 日常用品零售業；F209060 文教、樂器、育樂用品零售業；F401010 國際貿易業；J799990 其他休閒服務業；H703100 不動產租賃業；J304010 圖書出版業；F399040 無店面零售業；ZZ99999 除許可業務外，得經營法令非禁止或限制之業務,新北市,設立,11507
61273359,禾登企業社,新北市新莊區化成路371巷7號,高羽希,30000,115/07/03,,,F106010 五金批發業；F107030 清潔用品批發業；F112040 石油製品批發業；F401010 國際貿易業；F214050 車胎零售業；F214030 汽、機車零件配備零售業；F219010 電子材料零售業；F213010 電器零售業；F213110 電池零售業；F113020 電器批發業；F113110 電池批發業；F114030 汽、機車零件配備批發業；F114050 車胎批發業；F119010 電子材料批發業；JA01990 其他汽車服務業；ZZ99999 除許可業務外，得經營法令非禁止或限制之業務,新北市,設立,11507
61273365,聚樂工坊企業社,新北市中和區新生街39巷2號115年07月,劉若芸,50000,115/07/06,,,F209060 文教、樂器、育樂用品零售業,新北市,設立,11507
61273371,月亮工作室,新北市新莊區龍安路470號6樓,呂晶鈴,200000,115/07/03,,,F204110 布疋、衣著、鞋、帽、傘、服飾品零售業；F299990 其他零售業；F399040 無店面零售業；F215010 首飾及貴金屬零售業；F215020 礦石零售業；I401010 一般廣告服務業；I599990 其他設計業；I199990 其他顧問服務業；J601010 藝文服務業；JZ99990 未分類其他服務業；ZZ99999 除許可業務外，得經營法令非禁止或限制之業務,新北市,設立,11507
61273386,呷覓餐飲商行,新北市板橋區陽明街23巷6弄15號(1樓),林雅婷,30000,115/07/03,,,F501060 餐館業,新北市,設立,11507
61273392,秋好食串燒餐酒館,新北市新莊區中正路433號(1樓)、2樓,陳姵妤,180000,115/07/06,,,F501060 餐館業；F203010 食品什貨、飲料零售業,新北市,設立,11507
61273409,惟曜體能工作室,新北市中和區中山路2段332巷1號7樓,王致惟,200000,115/07/03,,,J802010 運動訓練業；ZZ99999 除許可業務外，得經營法令非禁止或限制之業務,新北市,設立,11507
61273415,曼答工作室,新北市新莊區瓊林路瓊英巷8弄10號2樓,廖錦秀,20000,115/07/03,,,I199990 其他顧問服務業；I401010 一般廣告服務業；JZ99990 未分類其他服務業；ZZ99999 除許可業務外，得經營法令非禁止或限制之業務,新北市,設立,11507
61273421,翱雅企業社,新北市三重區元富二街18號20樓,張雅涵,100000,115/07/04,,,F399040 無店面零售業；F401010 國際貿易業；F209060 文教、樂器、育樂用品零售業；F204110 布疋、衣著、鞋、帽、傘、服飾品零售業；F208040 化粧品零售業；F399990 其他綜合零售業；ZZ99999 除許可業務外，得經營法令非禁止或限制之業務,新北市,設立,11507
61273436,潔瑪美學設計工作室,新北市永和區保平路282號5樓115年07月,黃瑜文,100000,115/07/04,,,F399040 無店面零售業；F401010 國際貿易業；F104110 布疋、衣著、鞋、帽、傘、服飾品批發業；F204110 布疋、衣著、鞋、帽、傘、服飾品零售業；F115010 首飾及貴金屬批發業；F215010 首飾及貴金屬零售業；F106020 日常用品批發業；F206020 日常用品零售業；I501010 產品設計業；I599990 其他設計業；I401010 一般廣告服務業；F399990 其他綜合零售業,新北市,設立,11507
61273442,諾克工程行,新北市新店區民權路153號4樓,陳彥瑋,200000,115/07/06,,,E801010 室內裝潢業；E801070 廚具、衛浴設備安裝工程業；E801030 室內輕鋼架工程業；E599010 配管工程業；E601020 電器安裝業；E603040 消防安全設備安裝工程業；E603050 自動控制設備工程業；E603090 照明設備安裝工程業；E605010 電腦設備安裝業；EZ99990 其他工程業；F106010 五金批發業；F106040 水器材料批發業；F111090 建材批發業；F119010 電子材料批發業；J101010 建築物清潔服務業；ZZ99999 除許可業務外，得經營法令非禁止或限制之業務,新北市,設立,11507
61273457,築日子工程行,新北市土城區褔祥街45巷8號3樓,林慧萍,200000,115/07/06,,,E801020 門窗安裝工程業；E801030 室內輕鋼架工程業；E801070 廚具、衛浴設備安裝工程業；E901010 油漆工程業；F105050 家具、寢具、廚房器具、裝設品批發業；F107010 漆料、塗料批發業；F107030 清潔用品批發業；F113020 電器批發業；F205040 家具、寢具、廚房器具、裝設品零售業；F206010 五金零售業；F207010 漆料、塗料零售業；F207030 清潔用品零售業；F213060 電信器材零售業；J101010 建築物清潔服務業,新北市,設立,11507
61273463,叮醬娛樂工作室,新北市淡水區新春街85巷9號2樓,陳凱婷,10000,115/07/06,,,F399040 無店面零售業；F401010 國際貿易業；I301060 網路廣告平臺業；I401010 一般廣告服務業；J601010 藝文服務業；J602010 演藝活動業；J603010 音樂展演空間業；J803010 運動表演業；ZZ99999 除許可業務外，得經營法令非禁止或限制之業務,新北市,設立,11507
61273479,阿饅包娛樂工作室,新北市淡水區新春街85巷9號2樓115年07月,陳昕瑤,10000,115/07/06,,,F399040 無店面零售業；F401010 國際貿易業；I301060 網路廣告平臺業；I401010 一般廣告服務業；J601010 藝文服務業；J602010 演藝活動業；J603010 音樂展演空間業；J803010 運動表演業；ZZ99999 除許可業務外，得經營法令非禁止或限制之業務,新北市,設立,11507
61273484,拾光指南工作室,新北市中和區景平路431巷78號10樓,董蘭馨,200000,115/07/06,,,I401010 一般廣告服務業；F106020 日常用品批發業；F206020 日常用品零售業；F104110 布疋、衣著、鞋、帽、傘、服飾品批發業；F204110 布疋、衣著、鞋、帽、傘、服飾品零售業；F105050 家具、寢具、廚房器具、裝設品批發業；F205040 家具、寢具、廚房器具、裝設品零售業；F113050 電腦及事務性機器設備批發業；F213030 電腦及事務性機器設備零售業；F113020 電器批發業；F213010 電器零售業；F109070 文教、樂器、育樂用品批發業；F209060 文教、樂器、育樂用品零售業；F101050 水產品批發業；F201030 水產品零售業；F201010 農產品零售業；F102170 食品什貨批發業；F102040 飲料批發業；F203010 食品什貨、飲料零售業；F399040 無店面零售業；F401010 國際貿易業；J399990 其他出版業；I501010 產品設計業；I599990 其他設計業；J404010 動畫影片製作業；J601010 藝文服務業；J602010 演藝活動業；IZ06010 理貨包裝業；F601010 智慧財產權業；JB01010 會議及展覽服務業；I301010 資訊軟體服務業；I301020 資料處理服務業；I301030 電子資訊供應服務業；IZ99990 其他工商服務業；ZZ99999 除許可業務外，得經營法令非禁止或限制之業務,新北市,設立,11507
61273490,澡糖手作甜點工作室,新北市新店區中興路1段197巷3號,李紀心彤,50000,115/07/06,,,F203010 食品什貨、飲料零售業；F221010 食品添加物零售業；F399040 無店面零售業,新北市,設立,11507
61273506,恩典空間室內裝修,新北市淡水區崁頂三路119號11樓115年07月,余佩璇,100000,115/07/06,,,E801060 室內裝修業（註：名稱應標明「室內裝修」字樣）；E901010 油漆工程業；E801070 廚具、衛浴設備安裝工程業；E801040 玻璃安裝工程業；E801030 室內輕鋼架工程業；E801020 門窗安裝工程業；E801010 室內裝潢業；ZZ99999 除許可業務外，得經營法令非禁止或限制之業務,新北市,設立,11507
61273512,齊妧企業社,新北市新莊區富貴路127號11樓,葉玟妤,50000,115/07/06,,,F203010 食品什貨、飲料零售業；F204110 布疋、衣著、鞋、帽、傘、服飾品零售業；F206020 日常用品零售業；F208040 化粧品零售業；F299990 其他零售業；F399040 無店面零售業；F399990 其他綜合零售業；ZZ99999 除許可業務外，得經營法令非禁止或限制之業務,新北市,設立,11507
61273528,水源涼麵,新北市淡水區水源街1段93號,王恒茂,100000,115/07/06,,,F501060 餐館業；F501030 飲料店業；F203010 食品什貨、飲料零售業,新北市,設立,11507
61273533,勝也大龍蝦工程行,新北市新莊區後港一路130巷11號,鄭博壬,200000,115/07/06,,,E801010 室內裝潢業；EZ99990 其他工程業；EZ07010 鑽孔工程業；ZZ99999 除許可業務外，得經營法令非禁止或限制之業務,新北市,設立,11507
61273549,蓁大顆餛飩商行,新北市三重區文化南路47巷61號4樓,黃保協,100000,115/07/06,,,F203010 食品什貨、飲料零售業；F399040 無店面零售業；F102170 食品什貨批發業；C199990 未分類其他食品製造業,新北市,設立,11507
61273554,小尾狐桌球館,新北市中和區中山路3段112號2樓,陳采妮,200000,115/07/06,,,J801030 競技及休閒運動場館業；J802010 運動訓練業；J803010 運動表演業；J803020 運動比賽業；F204110 布疋、衣著、鞋、帽、傘、服飾品零售業；ZZ99999 除許可業務外，得經營法令非禁止或限制之業務,新北市,設立,11507
61273560,慕光美養工作室,新北市土城區裕民路92巷22弄2號2樓,陳婷秀,100000,115/07/06,,,JZ99080 美容美髮服務業；F208040 化粧品零售業,新北市,設立,11507
61273576,舜安堂商行,新北市中和區自立路16之1號5樓,謝舜安,99000,115/07/06,,,F203010 食品什貨、飲料零售業；F399040 無店面零售業,新北市,設立,11507
61273581,新興新企業社,新北市三重區新興路18號(1樓),徐聖崴,200000,115/07/07,,,F209060 文教、樂器、育樂用品零售業；F203010 食品什貨、飲料零售業,新北市,設立,11507
61273597,貝一商行,新北市蘆洲區中山一路161號3樓,朱柳枝,200000,115/07/06,,,F104110 布疋、衣著、鞋、帽、傘、服飾品批發業；F105050 家具、寢具、廚房器具、裝設品批發業；F115010 首飾及貴金屬批發業；F204110 布疋、衣著、鞋、帽、傘、服飾品零售業；F215010 首飾及貴金屬零售業；F399040 無店面零售業；I199990 其他顧問服務業；I401010 一般廣告服務業；JZ99990 未分類其他服務業；ZZ99999 除許可業務外，得經營法令非禁止或限制之業務,新北市,設立,11507
61273604,緯盛塗裝油漆工程行,新北市汐止區大同路3段609號7樓之4,林宗緯,248000,115/07/06,,,E901010 油漆工程業；E903010 防蝕、防銹工程業；EZ99990 其他工程業；F107010 漆料、塗料批發業；F207010 漆料、塗料零售業；ZZ99999 除許可業務外，得經營法令非禁止或限制之業務,新北市,設立,11507
61273610,余多和拾館,新北市淡水區崁頂三路85號(1樓) 115年07月,顏鱗霽,50000,115/07/06,,,F501060 餐館業；F203010 食品什貨、飲料零售業；ZZ99999 除許可業務外，得經營法令非禁止或限制之業務,新北市,設立,11507
61273626,楚燿工程行,新北市中和區圓通路305巷16之6號2樓,周知楚,200000,115/07/06,,,J101030 廢棄物清除業；J101040 廢棄物處理業；F111090 建材批發業；F211010 建材零售業；E801010 室內裝潢業；I503010 景觀設計業；EZ99990 其他工程業；J101090 廢棄物清理業；J101010 建築物清潔服務業；IZ12010 人力派遣業；ZZ99999 除許可業務外，得經營法令非禁止或限制之業務,新北市,設立,11507
61273631,煦諾工作室,新北市板橋區華江一路111號15樓之1,陳韋倩,200000,115/07/06,,,F199990 其他批發業；F206020 日常用品零售業；F299990 其他零售業；F399040 無店面零售業；I401010 一般廣告服務業；ZZ99999 除許可業務外，得經營法令非禁止或限制之業務,新北市,設立,11507
61273647,初欣娛樂工作室,新北市鶯歌區文化路136巷52弄1號6樓,陳雲欣,50000,115/07/06,,,I401010 一般廣告服務業；J601010 藝文服務業；J602010 演藝活動業；JZ99030 攝影業；F399040 無店面零售業；ZZ99999 除許可業務外，得經營法令非禁止或限制之業務,新北市,設立,11507
61273652,赫理茵植萃製研社,新北市汐止區大同路3段609號13樓之8,邱瑜鈞,200000,115/07/06,,,JZ99080 美容美髮服務業；F208040 化粧品零售業；F203010 食品什貨、飲料零售業；F206020 日常用品零售業；F299990 其他零售業,新北市,設立,11507
61273668,曦銘工藝坊,新北市新莊區民安西172巷2弄3號115年07月,趙汶浚,200000,115/07/07,,,E801010 室內裝潢業；F111090 建材批發業；F211010 建材零售業；E801020 門窗安裝工程業；E801040 玻璃安裝工程業；E801070 廚具、衛浴設備安裝工程業；F399040 無店面零售業；E801030 室內輕鋼架工程業；EZ99990 其他工程業；ZZ99999 除許可業務外，得經營法令非禁止或限制之業務,新北市,設立,11507
61273674,誒誒企業社,新北市蘆洲區長安街172巷17號,張瑀恩,200000,115/07/06,,,I401010 一般廣告服務業；I301030 電子資訊供應服務業；J601010 藝文服務業；JB01010 會議及展覽服務業；I103060 管理顧問業；F111090 建材批發業；F211010 建材零售業；F105050 家具、寢具、廚房器具、裝設品批發業；F205040 家具、寢具、廚房器具、裝設品零售業；I503010 景觀設計業；E801010 室內裝潢業；F399040 無店面零售業；F106020 日常用品批發業；F206020 日常用品零售業；F102170 食品什貨批發業；F203010 食品什貨、飲料零售業；ZZ99999 除許可業務外，得經營法令非禁止或限制之業務,新北市,設立,11507
61273689,昇曜商行,新北市新店區中正路508號3樓,吳春美,200000,115/07/06,,,F111090 建材批發業；F211010 建材零售業；E801010 室內裝潢業；E801070 廚具、衛浴設備安裝工程業；E603040 消防安全設備安裝工程業；F117010 消防安全設備批發業；F217010 消防安全設備零售業；G202010 停車場經營業；JZ99080 美容美髮服務業；F108040 化粧品批發業；F208040 化粧品零售業；F501060 餐館業；F203010 食品什貨、飲料零售業；F106020 日常用品批發業；F206020 日常用品零售業；F399040 無店面零售業；F401010 國際貿易業；I103060 管理顧問業；I401010 一般廣告服務業；I501010 產品設計業；JZ99050 仲介服務業；JE01010 租賃業；IZ12010 人力派遣業；JB01010 會議及展覽服務業；E801020 門窗安裝工程業；ZZ99999 除許可業務外，得經營法令非禁止或限制之業務,新北市,設立,11507
61273695,七寶媽商行,新北市三重區三和路4段181巷78號(1樓) 115年07月,李惠娟,200000,115/07/06,,,F399010 便利商店業,新北市,設立,11507
61273702,叡和工程行,新北市土城區中央路4段125巷2弄39號,吳怡和,248000,115/07/06,,,E801010 室內裝潢業；E801070 廚具、衛浴設備安裝工程業；E901010 油漆工程業；E903010 防蝕、防銹工程業；EZ99990 其他工程業；F105050 家具、寢具、廚房器具、裝設品批發業；F106010 五金批發業；F111090 建材批發業；J101010 建築物清潔服務業；J101080 資源回收業；J101090 廢棄物清理業；ZZ99999 除許可業務外，得經營法令非禁止或限制之業務,新北市,設立,11507
61273718,峻灝工程行,新北市中和區中原二街28號18樓,陳福海,240000,115/07/06,,,ZZ99999 除許可業務外，得經營法令非禁止或限制之業務；E801010 室內裝潢業；E801030 室內輕鋼架工程業；E801020 門窗安裝工程業；E603090 照明設備安裝工程業；E601010 電器承裝業；E901010 油漆工程業；EZ99990 其他工程業；IZ12010 人力派遣業；J101010 建築物清潔服務業；J101090 廢棄物清理業,新北市,設立,11507
61273724,瑞泓冷氣工程行,新北市新莊區新泰路361巷17號(1樓),司馨茹,222222,115/07/06,,,E599010 配管工程業；E601010 電器承裝業；E601020 電器安裝業；E603010 電纜安裝工程業；E603040 消防安全設備安裝工程業；E603050 自動控制設備工程業；E603090 照明設備安裝工程業；E603110 冷作工程業；E801010 室內裝潢業；E801070 廚具、衛浴設備安裝工程業；E901010 油漆工程業；EZ15010 保溫、保冷安裝工程業；F105050 家具、寢具、廚房器具、裝設品批發業；F106010 五金批發業；F106040 水器材料批發業；F113020 電器批發業；F119010 電子材料批發業；I501010 產品設計業；F401010 國際貿易業；ZZ99999 除許可業務外，得經營法令非禁止或限制之業務,新北市,設立,11507
61273739,昕境工作室,新北市汐止區福德一路119之1號115年07月,陳昕霈,200000,115/07/06,,,JZ99080 美容美髮服務業,新北市,設立,11507
61273745,聖欣企業社,新北市新莊區民安西路212巷3弄6號4樓,王詠聖,248000,115/07/06,,,E801010 室內裝潢業；E801020 門窗安裝工程業；E801030 室內輕鋼架工程業；E801040 玻璃安裝工程業；E801070 廚具、衛浴設備安裝工程業；E901010 油漆工程業；EZ05010 儀器、儀表安裝工程業；EZ15010 保溫、保冷安裝工程業；EZ99990 其他工程業；E502010 燃料導管安裝工程業；E599010 配管工程業；E601020 電器安裝業；E603040 消防安全設備安裝工程業；E603090 照明設備安裝工程業；E603130 燃氣熱水器承裝業；E604010 機械安裝業；E701040 簡易電信設備安裝業；F104110 布疋、衣著、鞋、帽、傘、服飾品批發業；F204110 布疋、衣著、鞋、帽、傘、服飾品零售業；F105050 家具、寢具、廚房器具、裝設品批發業；F205040 家具、寢具、廚房器具、裝設品零售業；F106020 日常用品批發業；F206020 日常用品零售業；F106010 五金批發業；F206010 五金零售業；F107010 漆料、塗料批發業；F207010 漆料、塗料零售業；F111090 建材批發業；F211010 建材零售業；F401010 國際貿易業；I503010 景觀設計業；I599990 其他設計業；J101010 建築物清潔服務業；J101090 廢棄物清理業；J101080 資源回收業；JA02990 其他修理業；JZ99050 仲介服務業；ZZ99999 除許可業務外，得經營法令非禁止或限制之業務,新北市,設立,11507
61273750,全室油漆工程行,新北市三重區中正北路361號9樓之1,蕭正光,200000,115/07/06,,,E901010 油漆工程業；E903010 防蝕、防銹工程業；F207010 漆料、塗料零售業；E801010 室內裝潢業；ZZ99999 除許可業務外，得經營法令非禁止或限制之業務,新北市,設立,11507
61273766,沐妍美學工作室,新北市鶯歌區鳳福路161號,楊欣穎,200000,115/07/06,,,JZ99080 美容美髮服務業；F206020 日常用品零售業；ZZ99999 除許可業務外，得經營法令非禁止或限制之業務,新北市,設立,11507
61273772,陳昆廣個人小貨車貨運行,新北市中和區員山路82巷10弄1號3樓,陳昆廣,200000,115/07/06,,,G101061 汽車貨運業,新北市,設立,11507
61273787,榮禾家小吃店,新北市永和區永貞路416號115年07月,張雅茹,100000,115/07/07,,,F203010 食品什貨、飲料零售業；F501060 餐館業,新北市,設立,11507
61273793,汶大企業社,新北市新店區北新路2段122號12樓之1,徐元杰,200000,115/07/07,,,I101090 食品顧問業；I103060 管理顧問業；I102010 一般投資顧問業；ZZ99999 除許可業務外，得經營法令非禁止或限制之業務,新北市,設立,11507
61273800,金澄社,新北市泰山區貴子路15巷3弄14號(1樓),林家如,200000,115/07/07,,,F208040 化粧品零售業；F207030 清潔用品零售業；F206020 日常用品零售業；F399040 無店面零售業；ZZ99999 除許可業務外，得經營法令非禁止或限制之業務,新北市,設立,11507
61273816,蕙鑫小吃店,新北市中和區員山路449號1樓,何蕙芳,100000,115/07/07,,,F501060 餐館業；ZZ99999 除許可業務外，得經營法令非禁止或限制之業務,新北市,設立,11507
61273822,芳晶健康男女舒體館,新北市中和區民樂路70號,劉永駿,200000,115/07/07,,,JZ99080 美容美髮服務業；ZZ99999 除許可業務外，得經營法令非禁止或限制之業務,新北市,設立,11507
61273837,優多力工作室,新北市板橋區觀光街2號(1樓),梁耀中,200000,115/07/09,,,JF01010 傳統整復推拿業；JF01020 按摩業；JF01030 腳底按摩業；JF01040 經絡調理業,新北市,設立,11507
61273843,尊鼎餐飲商行,新北市中和區立德街113號,蕭塏峯,200000,115/07/07,,,F203010 食品什貨、飲料零售業；F501060 餐館業；ZZ99999 除許可業務外，得經營法令非禁止或限制之業務,新北市,設立,11507
61273858,元暄汽車材料行,新北市林口區中山路789號(1樓),向媮暄,200000,115/07/07,,,F114030 汽、機車零件配備批發業；F114990 其他交通運輸工具及其零件批發業；F107030 清潔用品批發業；F214030 汽、機車零件配備零售業；F214990 其他交通運輸工具及其零件零售業；F207030 清潔用品零售業；F399040 無店面零售業；F401010 國際貿易業；ZZ99999 除許可業務外，得經營法令非禁止或限制之業務,新北市,設立,11507
61273864,雪倫國際美業企業社,新北市汐止區福德一路202之2號,陳姿吟,200000,115/07/07,,,JZ99080 美容美髮服務業,新北市,設立,11507
61273870,茹鉉髮廊,新北市中和區景平路672號2樓,陳書麟,20000,115/07/07,,,JZ99080 美容美髮服務業,新北市,設立,11507
61273885,銀川食品商行,新北市鶯歌區中正二路53號115年07月,吳昇曄,5000,115/07/07,,,F102170 食品什貨批發業；F501060 餐館業,新北市,設立,11507
61273891,梓拾製作所,新北市新店區北新路2段171巷9號2樓,賴詠潔,100000,115/07/07,,,C306010 成衣業；C307010 服飾品製造業；C401030 皮革、毛皮整製業；C402030 皮革、毛皮製品製造業；CM01010 箱、包、袋製造業；F104110 布疋、衣著、鞋、帽、傘、服飾品批發業；F105050 家具、寢具、廚房器具、裝設品批發業；F106010 五金批發業；F106020 日常用品批發業；F109070 文教、樂器、育樂用品批發業；F115010 首飾及貴金屬批發業；F199990 其他批發業；F204110 布疋、衣著、鞋、帽、傘、服飾品零售業；F205040 家具、寢具、廚房器具、裝設品零售業；F206010 五金零售業；F206020 日常用品零售業；F209060 文教、樂器、育樂用品零售業；F215010 首飾及貴金屬零售業；F299990 其他零售業；F399040 無店面零售業；F399990 其他綜合零售業；F401010 國際貿易業；F601010 智慧財產權業；I102010 一般投資顧問業；I105010 藝術品諮詢顧問業；I301040 第三方支付服務業；I401010 一般廣告服務業；I501010 產品設計業；I502010 服飾設計業；IZ12010 人力派遣業；J202010 產業育成業；J601010 藝文服務業；JB01010 會議及展覽服務業；JZ99050 仲介服務業；JZ99070 裁縫服務業；ZZ99999 除許可業務外，得經營法令非禁止或限制之業務,新北市,設立,11507
61273908,胡記企業社,新北市淡水區義山路2段263號(1樓),胡豐麟,200000,115/07/07,,,F102170 食品什貨批發業；F501990 其他餐飲業；F501030 飲料店業；F399990 其他綜合零售業,新北市,設立,11507
61273914,拾月山商行,新北市永和區安樂路272巷4號(1樓) 115年07月,林姵妤,700000,115/07/07,,,F501990 其他餐飲業；F501030 飲料店業；F501060 餐館業；F203010 食品什貨、飲料零售業；F201070 花卉零售業；F215020 礦石零售業,新北市,設立,11507
61273920,親親健康工作室,新北市新店區民權路153號4樓,徐維偵,240000,115/07/07,,,F102170 食品什貨批發業；F106020 日常用品批發業；F106060 寵物食品及其用品批發業；F107030 清潔用品批發業；F108040 化粧品批發業；F115010 首飾及貴金屬批發業；F199990 其他批發業；F201980 其他動物零售業；F203010 食品什貨、飲料零售業；F204110 布疋、衣著、鞋、帽、傘、服飾品零售業；F205040 家具、寢具、廚房器具、裝設品零售業；F206020 日常用品零售業；F206050 寵物食品及其用品零售業；F207030 清潔用品零售業；F208040 化粧品零售業；F209060 文教、樂器、育樂用品零售業；F215010 首飾及貴金屬零售業；F299990 其他零售業；F399040 無店面零售業；F399990 其他綜合零售業；F401010 國際貿易業,新北市,設立,11507
61273935,槃石健身工作室,新北市八里區中山路1段268巷53號6樓,方楷傑,10000,115/07/07,,,J802010 運動訓練業；J803010 運動表演業；J803020 運動比賽業；I199990 其他顧問服務業；ZZ99999 除許可業務外，得經營法令非禁止或限制之業務,新北市,設立,11507
61273941,自由路商行,新北市中和區景平路431巷33號12樓,陳筠心,200000,115/07/07,,,F203010 食品什貨、飲料零售業；F204110 布疋、衣著、鞋、帽、傘、服飾品零售業；F205040 家具、寢具、廚房器具、裝設品零售業；F206020 日常用品零售業；F206050 寵物食品及其用品零售業；F208040 化粧品零售業；F299990 其他零售業；F399040 無店面零售業；F399990 其他綜合零售業；F501060 餐館業；F501990 其他餐飲業；ZZ99999 除許可業務外，得經營法令非禁止或限制之業務,新北市,設立,11507
61273956,智毓企業社,新北市土城區青雲路451巷二弄13號五樓115年07月,許冬智,200000,115/07/07,,,F399010 便利商店業；ZZ99999 除許可業務外，得經營法令非禁止或限制之業務,新北市,設立,11507
61273962,鑫龍國際企業社,新北市樹林區中正路680號(1樓) 115年07月,鍾文得,200000,115/07/07,,,F106020 日常用品批發業；F206020 日常用品零售業；F107030 清潔用品批發業；F102170 食品什貨批發業；F203010 食品什貨、飲料零售業；F104110 布疋、衣著、鞋、帽、傘、服飾品批發業；F204110 布疋、衣著、鞋、帽、傘、服飾品零售業；F105050 家具、寢具、廚房器具、裝設品批發業；F205040 家具、寢具、廚房器具、裝設品零售業；F102040 飲料批發業；F109070 文教、樂器、育樂用品批發業；F209060 文教、樂器、育樂用品零售業；F108040 化粧品批發業；F208040 化粧品零售業；F501060 餐館業；C701010 印刷業；I401010 一般廣告服務業；I501010 產品設計業；I503010 景觀設計業；E801010 室內裝潢業；E801020 門窗安裝工程業；E801030 室內輕鋼架工程業；E801040 玻璃安裝工程業；E801070 廚具、衛浴設備安裝工程業；E901010 油漆工程業；E903010 防蝕、防銹工程業；EZ02010 起重工程業；EZ99990 其他工程業；F111090 建材批發業；F120010 耐火材料批發業；IZ10010 排版業；F401010 國際貿易業；F399040 無店面零售業；ZZ99999 除許可業務外，得經營法令非禁止或限制之業務,新北市,設立,11507
61273978,全方位行,新北市新店區建國路230號2樓,陳光輝,248000,115/07/07,,,J304010 圖書出版業；F113050 電腦及事務性機器設備批發業；J101010 建築物清潔服務業；J802010 運動訓練業；EZ14010 運動場地用設備工程業；J903020 登山嚮導業；J399990 其他出版業；F401010 國際貿易業；J803020 運動比賽業；EZ99990 其他工程業；J803010 運動表演業；F113090 交通標誌器材批發業；F113070 電信器材批發業；F109070 文教、樂器、育樂用品批發業；F106020 日常用品批發業；F102170 食品什貨批發業；A102080 園藝服務業；I501010 產品設計業；IZ06010 理貨包裝業；ZZ99999 除許可業務外，得經營法令非禁止或限制之業務,新北市,設立,11507
61273983,天香熱炒,新北市板橋區長江路1段188號,林俊義,88000,115/07/07,,,F203010 食品什貨、飲料零售業；F501050 飲酒店業；F501060 餐館業；F501990 其他餐飲業；ZZ99999 除許可業務外，得經營法令非禁止或限制之業務,新北市,設立,11507
61273999,萵恩美學工作室,新北市土城區裕民路92巷22弄2號2樓,陳映璇,100000,115/07/07,,,JZ99080 美容美髮服務業；F208040 化粧品零售業；ZZ99999 除許可業務外，得經營法令非禁止或限制之業務,新北市,設立,11507
61274006,靖瑞小吃店,新北市新莊區中平路82巷18號,黃靖芳,50000,115/07/07,,,F501060 餐館業,新北市,設立,11507
61274012,森野市集商行,新北市板橋區萬安街53巷41號,吳易真,200000,115/07/07,,,F201010 農產品零售業；F201020 畜產品零售業；F201030 水產品零售業；F201990 其他農畜水產品零售業；F203010 食品什貨、飲料零售業；F399010 便利商店業；F399040 無店面零售業；F206020 日常用品零售業；F299990 其他零售業；ZZ99999 除許可業務外，得經營法令非禁止或限制之業務,新北市,設立,11507
61274028,爾福宮文化號,新北市土城區中央路4段12之8號9樓,田宸睿,30000,115/07/07,,,J601010 藝文服務業；I501010 產品設計業；I599990 其他設計業,新北市,設立,11507
61274033,虹味坊,新北市中和區連城路23巷6號(1樓) 115年07月,陳智堯,60000,115/07/07,,,F501060 餐館業；F203010 食品什貨、飲料零售業；ZZ99999 除許可業務外，得經營法令非禁止或限制之業務,新北市,設立,11507
61274049,錦銅商號,新北市瑞芳區祈堂路155號,趙麗芳,100000,115/07/07,,,J601010 藝文服務業；J602010 演藝活動業；J604010 聲音錄製及音樂發行業；J603010 音樂展演空間業；JZ99090 喜慶綜合服務業；F215010 首飾及貴金屬零售業；F501060 餐館業；F501990 其他餐飲業；J799990 其他休閒服務業；J903020 登山嚮導業；JB01010 會議及展覽服務業；F205040 家具、寢具、廚房器具、裝設品零售業,新北市,設立,11507
61274054,澔樂創意工作室,新北市中和區中正路700號5樓之1,郭文御,200000,115/07/07,,,JZ99030 攝影業；JE01010 租賃業；J601010 藝文服務業；J602010 演藝活動業；J802010 運動訓練業；JZ99090 喜慶綜合服務業；I401010 一般廣告服務業；IZ12010 人力派遣業；F399040 無店面零售業；ZZ99999 除許可業務外，得經營法令非禁止或限制之業務,新北市,設立,11507
61274060,善食食品,新北市新莊區中平路183號2樓,黃郁善,200000,115/07/07,,,F399040 無店面零售業；F203010 食品什貨、飲料零售業；ZZ99999 除許可業務外，得經營法令非禁止或限制之業務；F102170 食品什貨批發業；F401010 國際貿易業,新北市,設立,11507
61274076,佑蔚冷氣工程行,新北市淡水區學府路102巷8號,袁國莊,220000,115/07/07,,,F113020 電器批發業；F113050 電腦及事務性機器設備批發業；F113070 電信器材批發業；F113110 電池批發業；F213010 電器零售業；F213030 電腦及事務性機器設備零售業；F213060 電信器材零售業；F213110 電池零售業；E599010 配管工程業；E601020 電器安裝業；E603050 自動控制設備工程業；EZ05010 儀器、儀表安裝工程業；EZ15010 保溫、保冷安裝工程業；JA02010 電器及電子產品修理業；ZZ99999 除許可業務外，得經營法令非禁止或限制之業務,新北市,設立,11507
61274081,沫里美學企業社,新北市淡水區英專路128號,王涵,200000,115/07/07,,,JZ99080 美容美髮服務業；J202010 產業育成業；F204110 布疋、衣著、鞋、帽、傘、服飾品零售業；F208040 化粧品零售業；F399040 無店面零售業；I504010 花藝設計業,新北市,設立,11507
61274097,福興港式燒臘便當,新北市泰山區明志路1段66號115年07月,廖孟琪,100000,115/07/08,,,F501060 餐館業；ZZ99999 除許可業務外，得經營法令非禁止或限制之業務,新北市,設立,11507
61274104,永泰麵店,新北市新莊區化成路746巷3弄13號(1樓),吳泱虹,188888,115/07/07,,,C199010 麵條、粉條類食品製造業；F203010 食品什貨、飲料零售業,新北市,設立,11507
61274110,栢藝策劃貿易行,新北市新莊區五權一路1號8樓之1,葉益瑋,200000,115/07/07,,,F104110 布疋、衣著、鞋、帽、傘、服飾品批發業；F204110 布疋、衣著、鞋、帽、傘、服飾品零售業；JE01010 租賃業；I502010 服飾設計業；I501010 產品設計業；I504010 花藝設計業；JZ99030 攝影業；JZ99090 喜慶綜合服務業；JZ99080 美容美髮服務業；F115010 首飾及貴金屬批發業；F215010 首飾及貴金屬零售業；F215020 礦石零售業；I401010 一般廣告服務業；F401010 國際貿易業；ZZ99999 除許可業務外，得經營法令非禁止或限制之業務,新北市,設立,11507
61274126,嶼光製氣藝術工作坊,新北市三重區長興街99號2樓,林俊學,200000,115/07/07,,,J602010 演藝活動業；JZ99090 喜慶綜合服務業；I199990 其他顧問服務業；F209060 文教、樂器、育樂用品零售業；F109070 文教、樂器、育樂用品批發業；F204110 布疋、衣著、鞋、帽、傘、服飾品零售業；ZZ99999 除許可業務外，得經營法令非禁止或限制之業務；J601010 藝文服務業,新北市,設立,11507
61274131,民享早餐店,新北市中和區民享街67號,何影,150000,115/07/07,,,F501060 餐館業,新北市,設立,11507
61274147,艾莉美企業社,新北市中和區員山路507號(2樓),阮怡瑧,200000,115/07/07,,,F106020 日常用品批發業；F107030 清潔用品批發業；F108040 化粧品批發業；F109070 文教、樂器、育樂用品批發業；F206020 日常用品零售業；F207030 清潔用品零售業；F208040 化粧品零售業；F209060 文教、樂器、育樂用品零售業；F401010 國際貿易業；F399990 其他綜合零售業；ZZ99999 除許可業務外，得經營法令非禁止或限制之業務,新北市,設立,11507
61274152,睿城工程行,新北市蘆洲區永康街77號4樓115年07月,黃睿城,200000,115/07/08,,,E801010 室內裝潢業；F111090 建材批發業；F120010 耐火材料批發業；F211010 建材零售業；F220010 耐火材料零售業；I503010 景觀設計業；ZZ99999 除許可業務外，得經營法令非禁止或限制之業務,新北市,設立,11507
61274168,幼遇見你企業工作室,新北市泰山區泰林路2段542巷3弄4號2樓,周祖而,200000,115/07/08,,,J601010 藝文服務業；J602010 演藝活動業；JB01010 會議及展覽服務業；J503010 廣播節目製作業；F204110 布疋、衣著、鞋、帽、傘、服飾品零售業；F205040 家具、寢具、廚房器具、裝設品零售業；F206020 日常用品零售業；F208040 化粧品零售業；F209060 文教、樂器、育樂用品零售業；F210020 眼鏡零售業；F210010 鐘錶零售業；F215010 首飾及貴金屬零售業；F399040 無店面零售業；F399990 其他綜合零售業；F601010 智慧財產權業；ZZ99999 除許可業務外，得經營法令非禁止或限制之業務,新北市,設立,11507
61274174,緗禾美學造型工作坊,新北市鶯歌區鶯桃路618號,黃琇蓮,100000,115/07/08,,,JZ99080 美容美髮服務業,新北市,設立,11507
61274189,老屋控肉,新北市蘆洲區中山二路236號,李奕辰,20000,115/07/08,,,F203010 食品什貨、飲料零售業；F399040 無店面零售業；ZZ99999 除許可業務外，得經營法令非禁止或限制之業務,新北市,設立,11507
61274195,創懿髮藝工作室,新北市板橋區民權路238號(1樓),方聲豪,100000,115/07/08,,,JZ99080 美容美髮服務業；ZZ99999 除許可業務外，得經營法令非禁止或限制之業務,新北市,設立,11507
61274202,港墨美店,新北市樹林區樹德街93號(1樓),陳錦強,190000,115/07/08,,,JZ99080 美容美髮服務業,新北市,設立,11507
61274218,正力通訊行,新北市新店區安興路109號5樓之6,劉承凱,200000,115/07/08,,,IE01010 電信業務門號代辦業；F113070 電信器材批發業；F213060 電信器材零售業；F119010 電子材料批發業；F219010 電子材料零售業；F118010 資訊軟體批發業；F218010 資訊軟體零售業；F113020 電器批發業；F213010 電器零售業；F113050 電腦及事務性機器設備批發業；F213030 電腦及事務性機器設備零售業；I301010 資訊軟體服務業；F399040 無店面零售業；F401010 國際貿易業；ZZ99999 除許可業務外，得經營法令非禁止或限制之業務,新北市,設立,11507
61274224,黑鍋飯所小吃店,新北市板橋區中山路2段318巷16號,尤韋傑,100000,115/07/08,,,F501060 餐館業；F501030 飲料店業,新北市,設立,11507
61274239,彰誼水電工程行,新北市板橋區信義路1巷26弄24號2樓,林文,200000,115/07/08,,,E603090 照明設備安裝工程業；E601010 電器承裝業；E599010 配管工程業；E603010 電纜安裝工程業,新北市,設立,11507
61274245,雲朵運彩行,新北市蘆洲區長興路23號,雲暐婷,50000,115/07/08,,,IZ18021 運動彩券經銷業,新北市,設立,11507
61274250,緩步甜室商行,新北市三峽區中山路12號4樓115年07月,施淳薰,50000,115/07/08,,,F203010 食品什貨、飲料零售業；F399040 無店面零售業,新北市,設立,11507
61274272,餃點工坊,新北市鶯歌區鶯桃路136號(1樓),陳柏叡,150000,115/07/08,,,F501060 餐館業,新北市,設立,11507
61274287,童飽食堂,新北市五股區成泰路3段223號,童雲柯,50000,115/07/08,,,F501060 餐館業；F501990 其他餐飲業,新北市,設立,11507
61274293,心嵐小吃店,新北市淡水區中山北路二段6號,黃一心,200000,115/07/08,,,F203010 食品什貨、飲料零售業；F501060 餐館業；F399040 無店面零售業；ZZ99999 除許可業務外，得經營法令非禁止或限制之業務,新北市,設立,11507
61274300,盛洋商行,新北市板橋區中正路220號一樓,蔡逸家,200000,115/07/08,,,I103060 管理顧問業；I101090 食品顧問業；I199990 其他顧問服務業；IZ12010 人力派遣業；IZ99990 其他工商服務業；J202010 產業育成業；F501060 餐館業；F501990 其他餐飲業；ZZ99999 除許可業務外，得經營法令非禁止或限制之業務,新北市,設立,11507
61274316,吉祥包子饅頭商行,新北市泰山區明志路一段519號1樓,王博鋐,100000,115/07/08,,,F203010 食品什貨、飲料零售業,新北市,設立,11507
61274322,迅福商業社,新北市新店區中正路413號,翁梓育,200000,115/07/08,,,F501060 餐館業；F501990 其他餐飲業；F203010 食品什貨、飲料零售業,新北市,設立,11507
61274337,正官清潤生技社,新北市蘆洲區信義路222巷51號2樓,李登發,80000,115/07/08,,,F203010 食品什貨、飲料零售業；F201010 農產品零售業；IG01010 生物技術服務業；ZZ99999 除許可業務外，得經營法令非禁止或限制之業務,新北市,設立,11507
61274343,紀意整合行銷企業社,新北市五股區西雲路89號4樓115年07月,謝秀雯,240000,115/07/08,,,I103060 管理顧問業；I199990 其他顧問服務業；I301010 資訊軟體服務業；I301020 資料處理服務業；I401010 一般廣告服務業；I501010 產品設計業；IZ12010 人力派遣業；IZ99990 其他工商服務業；J303010 雜誌（期刊）出版業；J601010 藝文服務業；J602010 演藝活動業；J503040 廣播電視廣告業；ZZ99999 除許可業務外，得經營法令非禁止或限制之業務,新北市,設立,11507
61274358,展洋企業社,新北市汐止區新台五路1段95號16樓之1,張博任,200000,115/07/08,,,CC01040 照明設備製造業；E601020 電器安裝業；E603090 照明設備安裝工程業；E801010 室內裝潢業；EZ99990 其他工程業；F106010 五金批發業；F106030 模具批發業；F111090 建材批發業；F113020 電器批發業；F206010 五金零售業；F206020 日常用品零售業；F211010 建材零售業；F213010 電器零售業；F399040 無店面零售業；F401010 國際貿易業；I501010 產品設計業；I503010 景觀設計業；ZZ99999 除許可業務外，得經營法令非禁止或限制之業務,新北市,設立,11507
61274364,樂寶企業社,新北市新莊區中港路60號(1樓),杜洋誠,249000,115/07/08,,,EZ02010 起重工程業；JA01990 其他汽車服務業；IZ06010 理貨包裝業；IZ12010 人力派遣業；IZ99990 其他工商服務業；ZZ99999 除許可業務外，得經營法令非禁止或限制之業務,新北市,設立,11507
61274370,堯鑫工程行,新北市三峽區大同路270巷35弄6號2樓之1,黃遠儒,200000,115/07/08,,,E599010 配管工程業；E603010 電纜安裝工程業；E603090 照明設備安裝工程業；E801010 室內裝潢業；E801070 廚具、衛浴設備安裝工程業；ZZ99999 除許可業務外，得經營法令非禁止或限制之業務,新北市,設立,11507
61274385,貝拉拉企業社,新北市汐止區長江街101之5號3樓,石德鳴,200000,115/07/08,,,F203010 食品什貨、飲料零售業；F204110 布疋、衣著、鞋、帽、傘、服飾品零售業；F299990 其他零售業；F399040 無店面零售業；F399990 其他綜合零售業；F501060 餐館業；F501990 其他餐飲業；ZZ99999 除許可業務外，得經營法令非禁止或限制之業務,新北市,設立,11507
61274391,靖怡小吃店,新北市新莊區富國路129號(1樓),劉委政,200000,115/07/08,,,F501060 餐館業；ZZ99999 除許可業務外，得經營法令非禁止或限制之業務,新北市,設立,11507
61274408,劉記燒雞店,新北市板橋區南雅西路2段124號115年07月,劉瑞揚,50000,115/07/08,,,F501060 餐館業,新北市,設立,11507
61274414,睿誠企業社,新北市樹林區工興街14巷9號3樓115年07月,黃品杰,200000,115/07/08,,,F399040 無店面零售業；F401010 國際貿易業；F102170 食品什貨批發業；F104110 布疋、衣著、鞋、帽、傘、服飾品批發業；F105050 家具、寢具、廚房器具、裝設品批發業；F106010 五金批發業；F106020 日常用品批發業；F106040 水器材料批發業；F106050 陶瓷玻璃器皿批發業；F106060 寵物食品及其用品批發業；F107010 漆料、塗料批發業；F107030 清潔用品批發業；F108040 化粧品批發業；F109070 文教、樂器、育樂用品批發業；F110010 鐘錶批發業；F110020 眼鏡批發業；F111090 建材批發業；F113010 機械批發業；F113020 電器批發業；F113050 電腦及事務性機器設備批發業；F114030 汽、機車零件配備批發業；F114040 自行車及其零件批發業；F115010 首飾及貴金屬批發業；F115020 礦石批發業；F203010 食品什貨、飲料零售業；F204110 布疋、衣著、鞋、帽、傘、服飾品零售業；F205040 家具、寢具、廚房器具、裝設品零售業；F206010 五金零售業；F206020 日常用品零售業；F206040 水器材料零售業；F206050 寵物食品及其用品零售業；F207010 漆料、塗料零售業；F207030 清潔用品零售業；F207190 塑膠膜、袋零售業；F208040 化粧品零售業；F209060 文教、樂器、育樂用品零售業；F210010 鐘錶零售業；F210020 眼鏡零售業；F211010 建材零售業；F213010 電器零售業；F213030 電腦及事務性機器設備零售業；F213110 電池零售業；F214030 汽、機車零件配備零售業；F214040 自行車及其零件零售業；F215010 首飾及貴金屬零售業；F215020 礦石零售業；F216010 照相器材零售業；F218010 資訊軟體零售業；F219010 電子材料零售業；I301010 資訊軟體服務業；I301020 資料處理服務業；I301030 電子資訊供應服務業；I401010 一般廣告服務業；I501010 產品設計業；IZ06010 理貨包裝業；JE01010 租賃業；ZZ99999 除許可業務外，得經營法令非禁止或限制之業務,新北市,設立,11507
61274420,天金企業社,新北市鶯歌區中正一路234號(1樓),成巧如,200000,115/07/08,,,E599010 配管工程業；E801010 室內裝潢業；E801020 門窗安裝工程業；E901010 油漆工程業；E801070 廚具、衛浴設備安裝工程業；E903010 防蝕、防銹工程業；E801030 室內輕鋼架工程業；E601020 電器安裝業；E601010 電器承裝業；J101010 建築物清潔服務業；A102080 園藝服務業；EZ99990 其他工程業；IZ12010 人力派遣業；F106010 五金批發業；F106040 水器材料批發業；F206010 五金零售業；F206040 水器材料零售業；F113020 電器批發業；F213010 電器零售業；ZZ99999 除許可業務外，得經營法令非禁止或限制之業務,新北市,設立,11507
61274435,財星耀工作室,新北市永和區永和路2段57號7樓,陳禹潔,200000,115/07/08,,,F104110 布疋、衣著、鞋、帽、傘、服飾品批發業；F399040 無店面零售業；I105010 藝術品諮詢顧問業；I301030 電子資訊供應服務業；I501010 產品設計業；IZ12010 人力派遣業；J601010 藝文服務業；J602010 演藝活動業；J603010 音樂展演空間業；JB01010 會議及展覽服務業；ZZ99999 除許可業務外，得經營法令非禁止或限制之業務,新北市,設立,11507
61274456,雙和茶坊,新北市中和區圓通路250號,游正仁,200000,115/07/09,,,ZZ99999 除許可業務外，得經營法令非禁止或限制之業務；F203010 食品什貨、飲料零售業；F501030 飲料店業,新北市,設立,11507
61274462,小判工作室,新北市汐止區莊敬街2號(1樓),詹世新,150000,115/07/09,,,J802010 運動訓練業；J801030 競技及休閒運動場館業；ZZ99999 除許可業務外，得經營法令非禁止或限制之業務,新北市,設立,11507
61274478,永濬商行,新北市汐止區樟樹二路339巷18號115年07月,楊雅筑,100000,115/07/09,,,F501060 餐館業；F501030 飲料店業；F203010 食品什貨、飲料零售業；ZZ99999 除許可業務外，得經營法令非禁止或限制之業務,新北市,設立,11507
61274483,晨境窗飾工作室,新北市土城區福仁街26號4樓,李雯瀅,249900,115/07/09,,,CN01010 家具及裝設品製造業；E601010 電器承裝業；E601020 電器安裝業；E801010 室內裝潢業；E801020 門窗安裝工程業；E801030 室內輕鋼架工程業；E801040 玻璃安裝工程業；F104110 布疋、衣著、鞋、帽、傘、服飾品批發業；F204110 布疋、衣著、鞋、帽、傘、服飾品零售業；F205040 家具、寢具、廚房器具、裝設品零售業；F211010 建材零售業；F105050 家具、寢具、廚房器具、裝設品批發業；F399040 無店面零售業；F401010 國際貿易業；F111090 建材批發業；F120010 耐火材料批發業；I501010 產品設計業；C501040 組合木材製造業；F106010 五金批發業；F106020 日常用品批發業；F206020 日常用品零售業；F203010 食品什貨、飲料零售業；F399990 其他綜合零售業；E599010 配管工程業；E801070 廚具、衛浴設備安裝工程業；E901010 油漆工程業；E903010 防蝕、防銹工程業；EZ02010 起重工程業；EZ99990 其他工程業；ZZ99999 除許可業務外，得經營法令非禁止或限制之業務,新北市,設立,11507
61274499,御廚焢肉飯,新北市中和區連城路469巷17號,吳志成,200000,115/07/09,,,F501060 餐館業；F501990 其他餐飲業；F501030 飲料店業；F203010 食品什貨、飲料零售業；ZZ99999 除許可業務外，得經營法令非禁止或限制之業務,新北市,設立,11507
61274505,方立工程行,新北市泰山區德安街20巷4號(1樓) 115年07月,李文洲,200000,115/07/09,,,E599010 配管工程業；E601020 電器安裝業；E603090 照明設備安裝工程業；E801070 廚具、衛浴設備安裝工程業；F205040 家具、寢具、廚房器具、裝設品零售業；F206010 五金零售業；F206040 水器材料零售業；F213010 電器零售業；E801010 室內裝潢業；EZ99990 其他工程業,新北市,設立,11507
61274511,羅夫身心整合工作室,新北市中和區南華路79號4樓,蔡承恩,200000,115/07/09,,,J802010 運動訓練業；I199990 其他顧問服務業；F209060 文教、樂器、育樂用品零售業；F109070 文教、樂器、育樂用品批發業；J305010 有聲出版業；J304010 圖書出版業；ZZ99999 除許可業務外，得經營法令非禁止或限制之業務,新北市,設立,11507
61274527,娃娃的美好商行,新北市板橋區中正路31號4樓,傅素芬,100000,115/07/09,,,F399040 無店面零售業,新北市,設立,11507
61274532,桂霏美髮沙龍,新北市新店區央北二路395號,李妍晞,100000,115/07/09,,,JZ99080 美容美髮服務業,新北市,設立,11507
61274548,洋郁食品行,新北市板橋區文化路1段435巷31弄11號(1樓),王淯涵,200000,115/07/09,,,F501030 飲料店業；F501060 餐館業；F501990 其他餐飲業；F203010 食品什貨、飲料零售業,新北市,設立,11507
61274553,永洋裝潢工程行,新北市中和區中正路488號7樓,蘇采祥,200000,115/07/09,,,E801010 室內裝潢業；E801020 門窗安裝工程業；E801030 室內輕鋼架工程業；E901010 油漆工程業；E603090 照明設備安裝工程業；EZ99990 其他工程業；F105050 家具、寢具、廚房器具、裝設品批發業；F111090 建材批發業；F211010 建材零售業；F106040 水器材料批發業；F206040 水器材料零售業；I503010 景觀設計業；I599990 其他設計業；ZZ99999 除許可業務外，得經營法令非禁止或限制之業務,新北市,設立,11507
61274569,聚寶豐企業社,新北市永和區永和路1段18巷2號6樓之4,黃業芳,200000,115/07/09,,,F399010 便利商店業；ZZ99999 除許可業務外，得經營法令非禁止或限制之業務,新北市,設立,11507
61274575,初一食品商行,新北市板橋區中正路131號(1樓),黃玉晴,100000,115/07/09,,,F501060 餐館業；F203010 食品什貨、飲料零售業；F399040 無店面零售業,新北市,設立,11507
61274580,欽益工程行,新北市永和區永和路1段18巷2號5樓之3,馮凱護,200000,115/07/09,,,E599010 配管工程業；F211010 建材零售業；EZ02010 起重工程業；EZ99990 其他工程業；JE01010 租賃業；F113010 機械批發業；F213080 機械器具零售業；ZZ99999 除許可業務外，得經營法令非禁止或限制之業務,新北市,設立,11507
61274596,巴黎女孩美學工作室,新北市永和區永和路1段204號(1樓) 115年07月,林家慧,10000,115/07/09,,,JZ99080 美容美髮服務業；ZZ99999 除許可業務外，得經營法令非禁止或限制之業務,新北市,設立,11507
61274603,歐卡福商行,新北市中和區中正路211巷32弄14號2樓,蔡宜家,200000,115/07/09,,,F209060 文教、樂器、育樂用品零售業；F109070 文教、樂器、育樂用品批發業；F206020 日常用品零售業；F204110 布疋、衣著、鞋、帽、傘、服飾品零售業；F104110 布疋、衣著、鞋、帽、傘、服飾品批發業；J305010 有聲出版業；J503040 廣播電視廣告業；J601010 藝文服務業；I501010 產品設計業；F401010 國際貿易業；F601010 智慧財產權業；F399040 無店面零售業；ZZ99999 除許可業務外，得經營法令非禁止或限制之業務,新北市,設立,11507
61274619,漫蒔運動藝術工作室,新北市新莊區麗水街62號,馬惠香,150000,115/07/09,,,J802010 運動訓練業；J801030 競技及休閒運動場館業；F204110 布疋、衣著、鞋、帽、傘、服飾品零售業；F209060 文教、樂器、育樂用品零售業；F399040 無店面零售業；H703100 不動產租賃業；ZZ99999 除許可業務外，得經營法令非禁止或限制之業務,新北市,設立,11507
61274625,紳億工程行,新北市土城區仁愛路8之2號7樓,楊晃權,200000,115/07/09,,,F111090 建材批發業；E599010 配管工程業；E603040 消防安全設備安裝工程業；E801010 室內裝潢業；EZ15010 保溫、保冷安裝工程業；EZ99990 其他工程業；E603090 照明設備安裝工程業；J101010 建築物清潔服務業；IZ12010 人力派遣業；ZZ99999 除許可業務外，得經營法令非禁止或限制之業務,新北市,設立,11507
61274630,歐沛企業社,新北市板橋區文化路1段321號（2樓）,劉永滕,200000,115/07/09,,,F501030 飲料店業；F501060 餐館業；F501990 其他餐飲業；F203010 食品什貨、飲料零售業,新北市,設立,11507
61274646,臻綺光禾企業社,新北市土城區青雲路39巷4號4樓,林琪臻,50000,115/07/09,,,F399040 無店面零售業；I103060 管理顧問業；I301010 資訊軟體服務業；I301030 電子資訊供應服務業；ZZ99999 除許可業務外，得經營法令非禁止或限制之業務,新北市,設立,11507
61274651,阿章肉圓,新北市林口區文化二路1段28號(1樓),陳美麗,50000,115/07/09,,,F501060 餐館業,新北市,設立,11507
61274667,晨悅工作室,新北市板橋區華江一路111號15樓之1,洪維志,240000,115/07/09,,,I401010 一般廣告服務業；ZZ99999 除許可業務外，得經營法令非禁止或限制之業務；IZ99990 其他工商服務業；I501010 產品設計業；I599990 其他設計業；I199990 其他顧問服務業,新北市,設立,11507
61274673,忠成水果行,新北市新店區竹林路30巷12號5樓115年07月,高梅花,200000,115/07/09,,,F201010 農產品零售業,新北市,設立,11507
61274688,奇異果電腦大販店,新北市新莊區思源路490號(2樓),黃得時,200000,115/07/09,,,E605010 電腦設備安裝業；F113050 電腦及事務性機器設備批發業；F213030 電腦及事務性機器設備零售業；F399040 無店面零售業；I301010 資訊軟體服務業；I301020 資料處理服務業；I301030 電子資訊供應服務業；I501010 產品設計業；I599990 其他設計業；JA02010 電器及電子產品修理業；JA02990 其他修理業；ZZ99999 除許可業務外，得經營法令非禁止或限制之業務,新北市,設立,11507
61274694,炒霸炒飯,新北市新莊區中正路新建巷27號,楊典錡,5000,115/07/09,,,F501060 餐館業,新北市,設立,11507
61274701,坤鼎工程行,新北市土城區新洲路100號8樓,林政明,200000,115/07/09,,,E599010 配管工程業；E903010 防蝕、防銹工程業；EZ05010 儀器、儀表安裝工程業；EZ07010 鑽孔工程業；J101030 廢棄物清除業；E801010 室內裝潢業；ZZ99999 除許可業務外，得經營法令非禁止或限制之業務；CA02990 其他金屬製品製造業,新北市,設立,11507
61274717,紺目媒體製作工作室,新北市蘆洲區九芎街90巷19號(1樓),李芷萱,200000,115/07/09,,,J601010 藝文服務業；J602010 演藝活動業；I401010 一般廣告服務業；J401010 電影片製作業；J604010 聲音錄製及音樂發行業；JB01010 會議及展覽服務業；JE01010 租賃業；JZ99030 攝影業；F601010 智慧財產權業；F401010 國際貿易業；IZ12010 人力派遣業；JZ99050 仲介服務業；ZZ99999 除許可業務外，得經營法令非禁止或限制之業務,新北市,設立,11507
61274723,西貢草舖企業社,新北市新店區安興路125之15號7樓,阮氏夜草,30000,115/07/09,,,F203010 食品什貨、飲料零售業；F201010 農產品零售業；F399040 無店面零售業；F299990 其他零售業；F401010 國際貿易業,新北市,設立,11507
61274738,森柴商行,新北市新莊區新樹路449巷8弄4號(1樓),蘇大政,50000,115/07/09,,,F501060 餐館業；ZZ99999 除許可業務外，得經營法令非禁止或限制之業務,新北市,設立,11507
61274759,麻荖工作室,新北市鶯歌區福安街32巷10弄23號,陳冠霖,1000,115/07/09,,,JZ99990 未分類其他服務業；F399040 無店面零售業,新北市,設立,11507
61274765,凱琪網創工作室,新北市土城區青雲路39巷4號4樓115年07月,胡凱綺,50000,115/07/09,,,F399040 無店面零售業；I103060 管理顧問業；I301010 資訊軟體服務業；I301030 電子資訊供應服務業；ZZ99999 除許可業務外，得經營法令非禁止或限制之業務,新北市,設立,11507
61274771,吳董商行,新北市永和區永和路1段18巷2號6樓之4,董雅玲,200000,115/07/09,,,F399010 便利商店業；F301020 超級市場業；ZZ99999 除許可業務外，得經營法令非禁止或限制之業務,新北市,設立,11507
61274786,珺騰車業,新北市土城區永寧路20號3樓,黎彥騰,1000000,115/07/09,,,F214010 汽車零售業；F214030 汽、機車零件配備零售業；F214050 車胎零售業；F399040 無店面零售業；F401010 國際貿易業；JA01010 汽車修理業；JA01990 其他汽車服務業；ZZ99999 除許可業務外，得經營法令非禁止或限制之業務,新北市,設立,11507
61274792,燁視界工作室,新北市板橋區三民路2段33號14樓,李冠燁,200000,115/07/09,,,I301010 資訊軟體服務業；I301060 網路廣告平臺業；I401010 一般廣告服務業；F399040 無店面零售業；ZZ99999 除許可業務外，得經營法令非禁止或限制之業務,新北市,設立,11507
61274809,九五福利企業社,新北市三重區重新路2段78號15樓115年07月,戚世穎,200000,115/07/09,,,F203010 食品什貨、飲料零售業；F102170 食品什貨批發業；F501030 飲料店業；F501060 餐館業；C199990 未分類其他食品製造業；F104110 布疋、衣著、鞋、帽、傘、服飾品批發業；F204110 布疋、衣著、鞋、帽、傘、服飾品零售業；I502010 服飾設計業；I501010 產品設計業；J401010 電影片製作業；J404010 動畫影片製作業；JZ99030 攝影業；I401010 一般廣告服務業；I103060 管理顧問業；IZ99990 其他工商服務業；JB01010 會議及展覽服務業；J601010 藝文服務業；F399040 無店面零售業；F401010 國際貿易業；ZZ99999 除許可業務外，得經營法令非禁止或限制之業務,新北市,設立,11507
61274815,旭宸企業社,新北市中和區立業路1號,黃耀德,248000,115/07/09,,,CA01020 鋼鐵軋延及擠型業；CA01030 鋼鐵鑄造業；CA01050 鋼材二次加工業；CA01070 廢車船解體及廢鋼鐵五金處理業；CA01100 鋁材軋延、伸線、擠型業；CA01130 銅材軋延、伸線、擠型業；CA01160 鎂材軋延、伸線、擠型業；CA01990 其他非鐵金屬基本工業；E401010 疏濬業；E402010 沙石、淤泥海拋業；E599010 配管工程業；E603100 電焊工程業；E604010 機械安裝業；E801010 室內裝潢業；E801020 門窗安裝工程業；E801030 室內輕鋼架工程業；E801040 玻璃安裝工程業；E901010 油漆工程業；EZ02010 起重工程業；EZ07010 鑽孔工程業；EZ99990 其他工程業；F101100 花卉批發業；F199010 回收物料批發業；F401010 國際貿易業；J101030 廢棄物清除業；J101040 廢棄物處理業；J101080 資源回收業；J101090 廢棄物清理業；ZZ99999 除許可業務外，得經營法令非禁止或限制之業務,新北市,設立,11507
61274821,禾偵商行,新北市三峽區中園街1號8樓,洪睿廷,100000,115/07/13,,,F399040 無店面零售業；F106010 五金批發業；F106020 日常用品批發業；F106050 陶瓷玻璃器皿批發業；F206010 五金零售業；F206020 日常用品零售業；F399990 其他綜合零售業；ZZ99999 除許可業務外，得經營法令非禁止或限制之業務,新北市,設立,11507
61274836,諾荺美學工作室,新北市永和區永和路1段204號(1樓),林諾荺,10000,115/07/13,,,JZ99080 美容美髮服務業；ZZ99999 除許可業務外，得經營法令非禁止或限制之業務,新北市,設立,11507
61274842,幸福豬窩工作室,新北市汐止區新台五路2段202號22樓,劉楊,30000,115/07/13,,,J602010 演藝活動業；ZZ99999 除許可業務外，得經營法令非禁止或限制之業務,新北市,設立,11507
61274857,微光髮語工作室,新北市泰山區明志路3段56號,林晏筠,100000,115/07/13,,,JZ99080 美容美髮服務業,新北市,設立,11507
61274863,蓋好食商行,新北市中和區水源路34巷1號（1樓）,李曉娟,50000,115/07/13,,,F203010 食品什貨、飲料零售業；F501990 其他餐飲業；ZZ99999 除許可業務外，得經營法令非禁止或限制之業務,新北市,設立,11507
61274879,潤色商行,新北市林口區八德路360號115年07月,薛玗馨,100000,115/07/13,,,JZ99080 美容美髮服務業；F208040 化粧品零售業,新北市,設立,11507
61274884,固執選品工作室,新北市泰山區仁愛路65號12樓,王蕾,200000,115/07/13,,,F399040 無店面零售業；F401010 國際貿易業；F204110 布疋、衣著、鞋、帽、傘、服飾品零售業；ZZ99999 除許可業務外，得經營法令非禁止或限制之業務,新北市,設立,11507
61274890,億時勳瑄商行,新北市板橋區裕民街59號,吳昱勲,200000,115/07/13,,,F203010 食品什貨、飲料零售業,新北市,設立,11507
61274907,仁愛洗衣店,新北市三重區仁愛街510號,蕭政利,200000,115/07/13,,,JA03010 洗衣業,新北市,設立,11507
61274913,海沁生活美學,新北市淡水區新市一路1段99巷21號(1樓),袁玉華,100000,115/07/13,,,JZ99080 美容美髮服務業；F204110 布疋、衣著、鞋、帽、傘、服飾品零售業；ZZ99999 除許可業務外，得經營法令非禁止或限制之業務,新北市,設立,11507
61274929,草帽茶豆商行,新北市板橋區板新路149號(1樓),陳家和,200000,115/07/13,,,F102040 飲料批發業；F102050 茶葉批發業；F102170 食品什貨批發業；F106010 五金批發業；F106020 日常用品批發業；F106040 水器材料批發業；F107050 肥料批發業；F113020 電器批發業；F201010 農產品零售業；F203010 食品什貨、飲料零售業；F206020 日常用品零售業；F207050 肥料零售業；F399040 無店面零售業；F501030 飲料店業；F501990 其他餐飲業,新北市,設立,11507
61274934,福鼎防災企業社,新北市板橋區莊敬路259號四樓,李秉樺,1000000,115/07/13,,,IB01010 建築物公共安全檢查業；IF01010 消防安全設備檢修業；E603040 消防安全設備安裝工程業；F120010 耐火材料批發業；EZ99990 其他工程業,新北市,設立,11507
61274940,諾強健體學館,新北市新店區北新路2段75號及77號3樓,陳囿任,200000,115/07/13,,,J802010 運動訓練業,新北市,設立,11507
61274955,豐達工程行,新北市新莊區中華路2段7號5樓115年07月,吳浩宇,200000,115/07/13,,,E599010 配管工程業；E601020 電器安裝業；E603090 照明設備安裝工程業；E801010 室內裝潢業；E801070 廚具、衛浴設備安裝工程業；E901010 油漆工程業；E903010 防蝕、防銹工程業；EZ99990 其他工程業；F106010 五金批發業；F106020 日常用品批發業；F206010 五金零售業；ZZ99999 除許可業務外，得經營法令非禁止或限制之業務,新北市,設立,11507
61274961,霆婕工程企業社,新北市三重區重新路1段84號(2樓),李彩婕,200000,115/07/13,,,E801010 室內裝潢業；E601020 電器安裝業；E603040 消防安全設備安裝工程業；E604010 機械安裝業；E801020 門窗安裝工程業；E801030 室內輕鋼架工程業；E801040 玻璃安裝工程業；E801070 廚具、衛浴設備安裝工程業；E901010 油漆工程業；E903010 防蝕、防銹工程業；EZ07010 鑽孔工程業；EZ99990 其他工程業；F106010 五金批發業；F107010 漆料、塗料批發業；F107030 清潔用品批發業；F111090 建材批發業；F206010 五金零售業；F206040 水器材料零售業；F207010 漆料、塗料零售業；F207030 清潔用品零售業；F211010 建材零售業；F399040 無店面零售業；F401010 國際貿易業；IF04010 非破壞檢測業；IZ12010 人力派遣業；J101010 建築物清潔服務業；JA02990 其他修理業；ZZ99999 除許可業務外，得經營法令非禁止或限制之業務,新北市,設立,11507
61274977,日和選品商行,新北市萬里區新墾丁路185號,陳佩欣,50000,115/07/13,,,F299990 其他零售業；F206020 日常用品零售業；F203010 食品什貨、飲料零售業,新北市,設立,11507
61274982,珍燒串串商行,新北市汐止區建成路59巷25號115年07月,林珈渝,200000,115/07/13,,,F501060 餐館業；F501030 飲料店業；F203010 食品什貨、飲料零售業；F203020 菸酒零售業；ZZ99999 除許可業務外，得經營法令非禁止或限制之業務,新北市,設立,11507
61274998,原德商行,新北市汐止區大同路3段196之7號3樓115年07月,陳志雄,200000,115/07/13,,,F102040 飲料批發業；F102050 茶葉批發業；F102170 食品什貨批發業；F103010 飼料批發業；F104110 布疋、衣著、鞋、帽、傘、服飾品批發業；F105050 家具、寢具、廚房器具、裝設品批發業；F106010 五金批發業；F106020 日常用品批發業；F106040 水器材料批發業；F106050 陶瓷玻璃器皿批發業；F106060 寵物食品及其用品批發業；F107010 漆料、塗料批發業；F107030 清潔用品批發業；F107190 塑膠膜、袋批發業；F107200 化學原料批發業；F107990 其他化學製品批發業；F108040 化粧品批發業；F111090 建材批發業；F113010 機械批發業；F113020 電器批發業；F113030 精密儀器批發業；F113050 電腦及事務性機器設備批發業；F113060 度量衡器批發業；F113070 電信器材批發業；F113110 電池批發業；F114030 汽、機車零件配備批發業；F114040 自行車及其零件批發業；F115010 首飾及貴金屬批發業；F116010 照相器材批發業；F118010 資訊軟體批發業；F119010 電子材料批發業；F199990 其他批發業；F202010 飼料零售業；F204110 布疋、衣著、鞋、帽、傘、服飾品零售業；F205040 家具、寢具、廚房器具、裝設品零售業；F206010 五金零售業；F206020 日常用品零售業；F206040 水器材料零售業；F206050 寵物食品及其用品零售業；F207010 漆料、塗料零售業；F207190 塑膠膜、袋零售業；F211010 建材零售業；F213010 電器零售業；F213030 電腦及事務性機器設備零售業；F213040 精密儀器零售業；F213050 度量衡器零售業；F213060 電信器材零售業；F213080 機械器具零售業；F213090 交通標誌器材零售業；F213100 污染防治設備零售業；F213110 電池零售業；F213990 其他機械器具零售業；F214030 汽、機車零件配備零售業；F214040 自行車及其零件零售業；F214990 其他交通運輸工具及其零件零售業；F215010 首飾及貴金屬零售業；F215020 礦石零售業；F218010 資訊軟體零售業；F219010 電子材料零售業；F299990 其他零售業；F301010 百貨公司業；F399010 便利商店業；F301020 超級市場業；F399040 無店面零售業；F399990 其他綜合零售業；F401010 國際貿易業；F601010 智慧財產權業；F101050 水產品批發業；F101130 蔬果批發業；J305010 有聲出版業；J701090 錄影節目帶播映業；JZ99030 攝影業；J401010 電影片製作業；G801010 倉儲業；ZZ99999 除許可業務外，得經營法令非禁止或限制之業務,新北市,設立,11507
61275005,河漢工程行,新北市三重區長元里三和路2段21巷33號5樓115年07月,楊文元,200000,115/07/13,,,E502010 燃料導管安裝工程業；E599010 配管工程業；E601010 電器承裝業；E601020 電器安裝業；E603090 照明設備安裝工程業；E603010 電纜安裝工程業；E603020 電梯安裝工程業；E603040 消防安全設備安裝工程業；E603050 自動控制設備工程業；E603130 燃氣熱水器承裝業；E801010 室內裝潢業；E801070 廚具、衛浴設備安裝工程業；F205040 家具、寢具、廚房器具、裝設品零售業；F206040 水器材料零售業；F213010 電器零售業；F399040 無店面零售業；IZ12010 人力派遣業；ZZ99999 除許可業務外，得經營法令非禁止或限制之業務,新北市,設立,11507
61275011,鼎天工程行,新北市新店區寶元路1段36號(1樓),王書亭,200000,115/07/13,,,E801010 室內裝潢業；E801020 門窗安裝工程業；E801030 室內輕鋼架工程業；E599010 配管工程業；E603040 消防安全設備安裝工程業；E901010 油漆工程業；E903010 防蝕、防銹工程業；EZ02010 起重工程業；EZ99990 其他工程業；F120010 耐火材料批發業；F111090 建材批發業；F401010 國際貿易業；ZZ99999 除許可業務外，得經營法令非禁止或限制之業務,新北市,設立,11507
61275027,緩緩商行,新北市板橋區民權路202巷5弄1號,許佩華,100000,115/07/13,,,F501030 飲料店業；F501060 餐館業,新北市,設立,11507
61275032,犬太寵物澡堂,新北市中和區景新街383巷74號(1樓),陳昇源,150000,115/07/13,,,JZ99990 未分類其他服務業；F206050 寵物食品及其用品零售業；F202010 飼料零售業；F201081 特定寵物零售業；A401031 特定寵物服務業；ZZ99999 除許可業務外，得經營法令非禁止或限制之業務,新北市,設立,11507
61275048,騫騫企業社,新北市汐止區工建路156號18樓115年07月,葉明華,200000,115/07/13,,,F399010 便利商店業；F301020 超級市場業；ZZ99999 除許可業務外，得經營法令非禁止或限制之業務,新北市,設立,11507
61275053,士峻工程行,新北市中和區中山路2段332巷1號7樓,張峻恩,200000,115/07/13,,,EZ99990 其他工程業；E502010 燃料導管安裝工程業；E599010 配管工程業；E601010 電器承裝業；E601020 電器安裝業；E603010 電纜安裝工程業；E603020 電梯安裝工程業；E603040 消防安全設備安裝工程業；E603100 電焊工程業；E603110 冷作工程業；E603120 噴砂工程業；E603130 燃氣熱水器承裝業；E604010 機械安裝業；E605010 電腦設備安裝業；E801010 室內裝潢業；E801020 門窗安裝工程業；E801030 室內輕鋼架工程業；E801040 玻璃安裝工程業；E801070 廚具、衛浴設備安裝工程業；E901010 油漆工程業；E903010 防蝕、防銹工程業；EZ05010 儀器、儀表安裝工程業；EZ07010 鑽孔工程業；EZ15010 保溫、保冷安裝工程業；F117010 消防安全設備批發業；F401010 國際貿易業；F211010 建材零售業；F206010 五金零售業；F207010 漆料、塗料零售業；F217010 消防安全設備零售業；F220010 耐火材料零售業；A102080 園藝服務業；I503010 景觀設計業；IF01010 消防安全設備檢修業；ZZ99999 除許可業務外，得經營法令非禁止或限制之業務,新北市,設立,11507
61275069,森間良品商行,新北市淡水區中正東路2段69之9號7樓,葉霈儒,80000,115/07/13,,,F203010 食品什貨、飲料零售業；F399040 無店面零售業；F401010 國際貿易業；ZZ99999 除許可業務外，得經營法令非禁止或限制之業務,新北市,設立,11507
61275075,暖心園企業社,新北市土城區金城路2段242巷32號10樓,郭梅鈴,200000,115/07/13,,,JZ99080 美容美髮服務業,新北市,設立,11507
61275080,廣勵蔬果行,新北市三重區永安北路2段123號,王文賓,100000,115/07/13,,,F201010 農產品零售業,新北市,設立,11507
61275096,與樂親子空間工作室,新北市林口區文化三路2段38之3號（1樓）115年07月,劉俊佑,50000,115/07/13,,,J799990 其他休閒服務業；F299990 其他零售業,新北市,設立,11507
61275103,勝乙水電工程行,新北市林口區寶林路32號(1樓),侯嘉妮,200000,115/07/13,,,E599010 配管工程業；E601010 電器承裝業；E601020 電器安裝業；E603090 照明設備安裝工程業；F206010 五金零售業；F213010 電器零售業；E801070 廚具、衛浴設備安裝工程業；E901010 油漆工程業；EZ05010 儀器、儀表安裝工程業；E801010 室內裝潢業；E701040 簡易電信設備安裝業；EZ99990 其他工程業,新北市,設立,11507
61275119,潔淨汽車建築隔熱紙企業社,新北市鶯歌區鶯桃路417號(1樓),陳彥瑋,150000,115/07/14,,,F214030 汽、機車零件配備零售業；F114030 汽、機車零件配備批發業；JA01990 其他汽車服務業；F107990 其他化學製品批發業；F207990 其他化學製品零售業；F107190 塑膠膜、袋批發業；F207190 塑膠膜、袋零售業；EZ99990 其他工程業；F299990 其他零售業；ZZ99999 除許可業務外，得經營法令非禁止或限制之業務,新北市,設立,11507
61275125,辰實企業社,新北市新莊區新樹路629之11號14樓,沈詠實,200000,115/07/14,,,F104110 布疋、衣著、鞋、帽、傘、服飾品批發業；F105050 家具、寢具、廚房器具、裝設品批發業；F109070 文教、樂器、育樂用品批發業；F113010 機械批發業；F113990 其他機械器具批發業；F119010 電子材料批發業；F204110 布疋、衣著、鞋、帽、傘、服飾品零售業；F205040 家具、寢具、廚房器具、裝設品零售業；F209060 文教、樂器、育樂用品零售業；F213080 機械器具零售業；F219010 電子材料零售業；F401010 國際貿易業；I501010 產品設計業；I599990 其他設計業；ZZ99999 除許可業務外，得經營法令非禁止或限制之業務,新北市,設立,11507
61275130,小顏工作室,新北市新莊區思源路230巷1號7樓,顏毓庭,100000,115/07/14,,,J601010 藝文服務業,新北市,設立,11507
61275146,相合文化工作室,新北市三重區三張街17號4樓,黃詩斐,50000,115/07/14,,,J601010 藝文服務業；J602010 演藝活動業；JB01010 會議及展覽服務業；I103060 管理顧問業；IZ99990 其他工商服務業；J304010 圖書出版業；F206020 日常用品零售業；F399040 無店面零售業；F401010 國際貿易業；ZZ99999 除許可業務外，得經營法令非禁止或限制之業務,新北市,設立,11507
61275151,又一村牛肉麵,新北市樹林區保安二街85號115年07月,鐘錦昌,100000,115/07/14,,,F501060 餐館業,新北市,設立,11507
61275167,一行文化工作室,新北市中和區南工路48號7樓,吳嘉瑄,200000,115/07/14,,,F109070 文教、樂器、育樂用品批發業；I599990 其他設計業；J303010 雜誌（期刊）出版業；J304010 圖書出版業；J305010 有聲出版業；J601010 藝文服務業；JI01010 互動式情境體驗服務業；ZZ99999 除許可業務外，得經營法令非禁止或限制之業務,新北市,設立,11507
61275173,活力思體健工作室,新北市中和區中正路5號,曾筠惠,100000,115/07/14,,,J802010 運動訓練業,新北市,設立,11507
61275188,文安小吃店,新北市永和區得和路408號(1樓),張秀玲,200000,115/07/14,,,F501060 餐館業；F501990 其他餐飲業,新北市,設立,11507
61275194,越美芳華企業社,新北市土城區福安街56號,范芳瑜,200000,115/07/14,,,F106020 日常用品批發業；F206020 日常用品零售業；F108040 化粧品批發業；F208040 化粧品零售業；JZ99080 美容美髮服務業；ZZ99999 除許可業務外，得經營法令非禁止或限制之業務,新北市,設立,11507
61275201,禾甜創意料理坊,新北市三峽區大學路151號,陳鴻文,150000,115/07/14,,,F501060 餐館業,新北市,設立,11507
61275217,沐霖企業社,新北市蘆洲區復興路32號(1樓),倪舜哲,200000,115/07/14,,,F501030 飲料店業；F203010 食品什貨、飲料零售業；F102170 食品什貨批發業；F121010 食品添加物批發業；F221010 食品添加物零售業；F399040 無店面零售業；I101090 食品顧問業；I103060 管理顧問業；I199990 其他顧問服務業；ZZ99999 除許可業務外，得經營法令非禁止或限制之業務,新北市,設立,11507
61275223,明正燒臘,新北市三重區集美街191號(1樓) 115年07月,劉正武,50000,115/07/14,,,F501060 餐館業,新北市,設立,11507
61275238,小叔嚴選商行,新北市三重區中正南路240號,許書銘,200000,115/07/14,,,F501990 其他餐飲業；F501060 餐館業；F501030 飲料店業；F399990 其他綜合零售業；F399040 無店面零售業；F203010 食品什貨、飲料零售業；F209060 文教、樂器、育樂用品零售業；F206020 日常用品零售業；F206010 五金零售業；F206050 寵物食品及其用品零售業；F401010 國際貿易業；F201010 農產品零售業；F204110 布疋、衣著、鞋、帽、傘、服飾品零售業；F207030 清潔用品零售業；F205040 家具、寢具、廚房器具、裝設品零售業；F208040 化粧品零售業；F213010 電器零售業；F213060 電信器材零售業；F203020 菸酒零售業；F203040 雪茄零售業；ZZ99999 除許可業務外，得經營法令非禁止或限制之業務,新北市,設立,11507
61275259,古早味老味道店,新北市中和區華新街76號(1樓),吳亞林,240000,115/07/14,,,F501060 餐館業；F501030 飲料店業；F399040 無店面零售業,新北市,設立,11507
61275265,滋味亭商行,新北市板橋區莊敬路218號(1樓),賴紀瑋,50000,115/07/14,,,F399040 無店面零售業；F501060 餐館業；F501990 其他餐飲業；F501030 飲料店業,新北市,設立,11507
61275271,京厚家小吃店,新北市板橋區陽明街29號之1,何培恕,100000,115/07/14,,,F501060 餐館業；ZZ99999 除許可業務外，得經營法令非禁止或限制之業務,新北市,設立,11507
61275286,連影車業,新北市蘆洲區中山一路161號3樓115年07月,連奕翔,200000,115/07/14,,,JA01010 汽車修理業；JA01020 汽車拖吊業；JA01990 其他汽車服務業；F114010 汽車批發業；F114030 汽、機車零件配備批發業；F114050 車胎批發業；F214010 汽車零售業；F214030 汽、機車零件配備零售業；F214050 車胎零售業,新北市,設立,11507
61275292,兆宏工程行,新北市三峽區民生街106之2號3樓,鄭家駒,240000,115/07/14,,,F111090 建材批發業；J101010 建築物清潔服務業；J101030 廢棄物清除業；J101040 廢棄物處理業；J101080 資源回收業；J101090 廢棄物清理業；I503010 景觀設計業；E801010 室內裝潢業；E901010 油漆工程業；E801040 玻璃安裝工程業；E801030 室內輕鋼架工程業；E599010 配管工程業；E801020 門窗安裝工程業；ZZ99999 除許可業務外，得經營法令非禁止或限制之業務,新北市,設立,11507
61275309,沐心企業社,新北市蘆洲區信義路54巷7號4樓,陳惠萍,80000,115/07/14,,,IZ12010 人力派遣業；I103060 管理顧問業；JZ99050 仲介服務業,新北市,設立,11507
61275315,武筋行傳統整復推拿,新北市新莊區建興街63號,何依齡,50000,115/07/15,,,JF01010 傳統整復推拿業；JF01040 經絡調理業；ZZ99999 除許可業務外，得經營法令非禁止或限制之業務,新北市,設立,11507
61275321,利澄行,新北市三重區力行路1段171號(1樓),林芸嬅,200000,115/07/14,,,F206050 寵物食品及其用品零售業；F202010 飼料零售業；F203010 食品什貨、飲料零售業；F204110 布疋、衣著、鞋、帽、傘、服飾品零售業；F206020 日常用品零售業；F207030 清潔用品零售業；F207070 動物用藥零售業；F209060 文教、樂器、育樂用品零售業；F299990 其他零售業；F399040 無店面零售業；F401010 國際貿易業；F201081 特定寵物零售業；A401060 其他動物服務業；A401031 特定寵物服務業；JZ99180 寵物美容服務業；ZZ99999 除許可業務外，得經營法令非禁止或限制之業務,新北市,設立,11507
61275336,瑩瑜手工刻製印石印章工作室,新北市中和區中板路7之1號5樓,余玟陵,100000,115/07/14,,,CZ99990 未分類其他工業製品製造業；F399040 無店面零售業；F299990 其他零售業；ZZ99999 除許可業務外，得經營法令非禁止或限制之業務,新北市,設立,11507
61275342,一樂涼麵,新北市板橋區南雅西路2段175巷6號3樓115年07月,張艾文,245000,115/07/14,,,ZZ99999 除許可業務外，得經營法令非禁止或限制之業務；F101050 水產品批發業；F102040 飲料批發業；F201030 水產品零售業；F201010 農產品零售業；F201020 畜產品零售業；F203010 食品什貨、飲料零售業；F207190 塑膠膜、袋零售業；F501030 飲料店業,新北市,設立,11507
61275357,安沶工作室,新北市新莊區化成路63巷26弄56號(1樓),林玳安,200000,115/07/14,,,F102170 食品什貨批發業；F203010 食品什貨、飲料零售業；F106020 日常用品批發業；F206020 日常用品零售業；F104110 布疋、衣著、鞋、帽、傘、服飾品批發業；F204110 布疋、衣著、鞋、帽、傘、服飾品零售業；F109070 文教、樂器、育樂用品批發業；F209060 文教、樂器、育樂用品零售業；F399040 無店面零售業；F399990 其他綜合零售業；ZZ99999 除許可業務外，得經營法令非禁止或限制之業務,新北市,設立,11507
61275363,安盈商行,新北市三重區重新路4段95號6樓之2,陳昱安,100000,115/07/14,,,F399040 無店面零售業；F215010 首飾及貴金屬零售業；F215020 礦石零售業；ZZ99999 除許可業務外，得經營法令非禁止或限制之業務,新北市,設立,11507
61275379,甄灝買商行,新北市中和區南山路53號(1樓),白慧菁,100000,115/07/14,,,F204110 布疋、衣著、鞋、帽、傘、服飾品零售業；F206020 日常用品零售業；F203010 食品什貨、飲料零售業；F399040 無店面零售業；F106020 日常用品批發業；F401010 國際貿易業；ZZ99999 除許可業務外，得經營法令非禁止或限制之業務,新北市,設立,11507
61275384,布魯斯運動企業社,新北市中和區和平街25之1號,陳孝一,225000,115/07/14,,,J802010 運動訓練業；J803010 運動表演業；J803020 運動比賽業；J799990 其他休閒服務業；JE01010 租賃業；F203010 食品什貨、飲料零售業；F204110 布疋、衣著、鞋、帽、傘、服飾品零售業；F209060 文教、樂器、育樂用品零售業；F399990 其他綜合零售業；I103060 管理顧問業；I199990 其他顧問服務業；I301010 資訊軟體服務業；I301020 資料處理服務業；I301030 電子資訊供應服務業；I401010 一般廣告服務業；ZZ99999 除許可業務外，得經營法令非禁止或限制之業務,新北市,設立,11507
61275390,柏安工作室,新北市林口區東林街17之1號(1樓),楊柏以,100000,115/07/14,,,J601010 藝文服務業；I501010 產品設計業；F105050 家具、寢具、廚房器具、裝設品批發業；F205040 家具、寢具、廚房器具、裝設品零售業；F399040 無店面零售業；CA01050 鋼材二次加工業；CA02990 其他金屬製品製造業；CQ01010 模具製造業；CA04010 表面處理業；ZZ99999 除許可業務外，得經營法令非禁止或限制之業務,新北市,設立,11507
61275407,諾克斯企業社,新北市淡水區水源街2段110號115年07月,黃晨賓,50000,115/07/15,,,ZZ99999 除許可業務外，得經營法令非禁止或限制之業務；F501060 餐館業；F203010 食品什貨、飲料零售業,新北市,設立,11507
61275413,愛琳美容洗髮館,新北市中和區中山路2段145號(1樓),朱氏金鳳,200000,115/07/15,,,JZ99080 美容美髮服務業；ZZ99999 除許可業務外，得經營法令非禁止或限制之業務,新北市,設立,11507
61275429,七八九牛肉麵專門店,新北市三重區正義南路41號(1樓),王世雄,200000,115/07/15,,,F501060 餐館業；ZZ99999 除許可業務外，得經營法令非禁止或限制之業務,新北市,設立,11507
61275434,鼎禾豐商號,新北市汐止區中興路8號,王泰元,200000,115/07/15,,,F501060 餐館業,新北市,設立,11507
61275440,皮皮蝦玩具行,新北市汐止區樟樹一路129巷5號2樓,余柏鋐,100000,115/07/15,,,F209060 文教、樂器、育樂用品零售業；F399040 無店面零售業；F299990 其他零售業；ZZ99999 除許可業務外，得經營法令非禁止或限制之業務,新北市,設立,11507
61275455,頂好窗簾企業社,新北市新莊區新泰路460巷11號5樓,蔡承祐,100000,115/07/15,,,F204110 布疋、衣著、鞋、帽、傘、服飾品零售業；F205040 家具、寢具、廚房器具、裝設品零售業；ZZ99999 除許可業務外，得經營法令非禁止或限制之業務,新北市,設立,11507
61275461,佰面開抓寶樂園,新北市板橋區萬板路316號(1樓),蔡英農,190000,115/07/15,,,F204110 布疋、衣著、鞋、帽、傘、服飾品零售業；F209060 文教、樂器、育樂用品零售業；F213080 機械器具零售業；ZZ99999 除許可業務外，得經營法令非禁止或限制之業務,新北市,設立,11507
61275477,竣貿洗衣店,新北市汐止區樟樹二路299號,張竣貿,100000,115/07/15,,,JA03010 洗衣業,新北市,設立,11507
61275482,杰誠意農機資材行,新北市板橋區長江路2段118巷15號3樓,劉有真,230000,115/07/15,,,A102050 作物栽培服務業；E599010 配管工程業；E603090 照明設備安裝工程業；F106040 水器材料批發業；F104110 布疋、衣著、鞋、帽、傘、服飾品批發業；F106010 五金批發業；F106020 日常用品批發業；F107190 塑膠膜、袋批發業；F113030 精密儀器批發業；F113010 機械批發業；F113990 其他機械器具批發業；F109070 文教、樂器、育樂用品批發業；F401010 國際貿易業；ZZ99999 除許可業務外，得經營法令非禁止或限制之業務,新北市,設立,11507
61275498,唐記麵餃館,新北市林口區文化二路1段38號,唐健桔,100000,115/07/15,,,F501060 餐館業；F501990 其他餐飲業；F501030 飲料店業；ZZ99999 除許可業務外，得經營法令非禁止或限制之業務,新北市,設立,11507
61275504,悅活誌企業社,新北市汐止區湖前街110巷97弄1之1號17樓,張淯翔,10000,115/07/15,,,I401010 一般廣告服務業；J303010 雜誌（期刊）出版業；J305010 有聲出版業；J503040 廣播電視廣告業；J602010 演藝活動業；ZZ99999 除許可業務外，得經營法令非禁止或限制之業務,新北市,設立,11507
61275510,出呼義料店,新北市三重區仁愛街465號115年07月,徐婉瑄,80000,115/07/15,,,F501060 餐館業,新北市,設立,11507
61275526,有于商行,新北市板橋區中山路1段206巷111號3樓,羅于湞,10000,115/07/15,,,ZZ99999 除許可業務外，得經營法令非禁止或限制之業務；F199990 其他批發業；F299990 其他零售業；F399040 無店面零售業；I401010 一般廣告服務業,新北市,設立,11507
61275531,心絲健康管理顧問工作室,新北市板橋區中山路1段293之1號10樓之1,王翊訫,200000,115/07/15,,,IZ12010 人力派遣業；I103060 管理顧問業；I199990 其他顧問服務業；I401010 一般廣告服務業；I401020 廣告傳單分送業；JZ99050 仲介服務業；ZZ99999 除許可業務外，得經營法令非禁止或限制之業務,新北市,設立,11507
61275547,初七商行,新北市土城區中華路1段67號3樓,劉曉琳,50000,115/07/15,,,F501060 餐館業；C104020 烘焙炊蒸食品製造業；F501030 飲料店業；ZZ99999 除許可業務外，得經營法令非禁止或限制之業務,新北市,設立,11507
61275552,花妮妮英短貓舍,新北市三重區仁愛街141巷24號,楊昆樺,200000,115/07/15,,,A401031 特定寵物服務業；F201081 特定寵物零售業；F206050 寵物食品及其用品零售業,新北市,設立,11507
61275568,好食昉商行,新北市永和區福和路301號(1樓),劉瀞文,150000,115/07/15,,,F203010 食品什貨、飲料零售業；F501060 餐館業；F399040 無店面零售業；F203030 酒精零售業；F201010 農產品零售業；F399990 其他綜合零售業；ZZ99999 除許可業務外，得經營法令非禁止或限制之業務,新北市,設立,11507
61275574,江春蘭飲食店,新北市三芝區智成街19號,江春蘭,200000,115/07/15,,,F203010 食品什貨、飲料零售業,新北市,設立,11507
61275589,沿線設計工作室,新北市板橋區館前西路156之3號7樓,苗嘉欣,30000,115/07/15,,,F209060 文教、樂器、育樂用品零售業；F399040 無店面零售業；F109070 文教、樂器、育樂用品批發業；I501010 產品設計業；ZZ99999 除許可業務外，得經營法令非禁止或限制之業務,新北市,設立,11507
61275595,重慶炭烤燒餅,新北市板橋區重慶路326號,陳冠宇,100000,115/07/15,,,F203010 食品什貨、飲料零售業；F501990 其他餐飲業；ZZ99999 除許可業務外，得經營法令非禁止或限制之業務,新北市,設立,11507
61275602,越潮國際餐飲,新北市樹林區俊英街123巷8號(1樓),周黃玉,200000,115/07/15,,,F501060 餐館業；F203010 食品什貨、飲料零售業,新北市,設立,11507
61275618,揪好吃海鮮專賣店,新北市板橋區縣民大道3段103巷15號（1樓）115年07月,張嘉宥,10000,115/07/15,,,F201030 水產品零售業；F203010 食品什貨、飲料零售業；ZZ99999 除許可業務外，得經營法令非禁止或限制之業務,新北市,設立,11507
61275624,微子工作室,新北市中和區中山路2段369號5樓,游子葳,200000,115/07/15,,,I401010 一般廣告服務業；J602010 演藝活動業；F104110 布疋、衣著、鞋、帽、傘、服飾品批發業；F204110 布疋、衣著、鞋、帽、傘、服飾品零售業；F109070 文教、樂器、育樂用品批發業；F209060 文教、樂器、育樂用品零售業；F399040 無店面零售業；F401010 國際貿易業；J399990 其他出版業；I501010 產品設計業；I599990 其他設計業；J404010 動畫影片製作業；JZ99030 攝影業；IZ10010 排版業；F601010 智慧財產權業；J601010 藝文服務業；JB01010 會議及展覽服務業；I301010 資訊軟體服務業；I301020 資料處理服務業；I301030 電子資訊供應服務業；IZ99990 其他工商服務業；ZZ99999 除許可業務外，得經營法令非禁止或限制之業務,新北市,設立,11507
61275639,和昌輪胎行,新北市新店區安成街25號3樓,張進財,50000,115/07/15,,,F114050 車胎批發業；F214050 車胎零售業,新北市,設立,11507
61275645,蓉記南洋雞肉飯,新北市中和區連城路347巷4弄7號,阮秋蓉,5000,115/07/15,,,F501060 餐館業；F501990 其他餐飲業；F203010 食品什貨、飲料零售業,新北市,設立,11507
61275650,禾晨髮藝,新北市汐止區福德一路213巷5號（1樓）,何佳哲,200000,115/07/15,,,JZ99080 美容美髮服務業,新北市,設立,11507
61275666,采津撞球休閒會館,新北市三峽區光明路16號地下1層之1,洪富翔,50000,115/07/15,,,J801030 競技及休閒運動場館業；F209060 文教、樂器、育樂用品零售業；F206020 日常用品零售業；F203020 菸酒零售業；F203010 食品什貨、飲料零售業；ZZ99999 除許可業務外，得經營法令非禁止或限制之業務,新北市,設立,11507
61275672,恆益工程行,新北市三重區清和里福德南路41號2樓,李崇霖,2000000,115/07/15,,,EZ99990 其他工程業；ZZ99999 除許可業務外，得經營法令非禁止或限制之業務,新北市,設立,11507
61275687,芙肉依兒花藝工作室,新北市五股區成泰路3段221巷30號7樓115年07月,李旻潔,150000,115/07/15,,,F201070 花卉零售業；F399040 無店面零售業；ZZ99999 除許可業務外，得經營法令非禁止或限制之業務,新北市,設立,11507
61275693,順宇商行,新北市中和區平河里建八路16號18樓之2,潘冠宇,200000,115/07/15,,,JA01020 汽車拖吊業；JA01010 汽車修理業；JA01990 其他汽車服務業；JA02020 機車修理業；JE01010 租賃業；F114010 汽車批發業；F114020 機車批發業；F114030 汽、機車零件配備批發業；F114990 其他交通運輸工具及其零件批發業；F214010 汽車零售業；F214020 機車零售業；F214030 汽、機車零件配備零售業；F401010 國際貿易業；G799990 其他運輸輔助業；CD01030 汽車及其零件製造業；CD01040 機車及其零件製造業；CD01990 其他運輸工具及其零件製造業；EZ02010 起重工程業；ZZ99999 除許可業務外，得經營法令非禁止或限制之業務,新北市,設立,11507
61275700,承洋油漆企業社,新北市板橋區大觀路2段1巷46號2樓,韓承宇,200000,115/07/15,,,E901010 油漆工程業；E903010 防蝕、防銹工程業；E801010 室內裝潢業,新北市,設立,11507
61275716,尚辰宵夜店,新北市永和區秀朗路1段100號,施又瑄,200000,115/07/15,,,F501060 餐館業,新北市,設立,11507
61275722,寶鑫吉團購商行,新北市林口區西林里中正路256號(1樓),張培菁,100000,115/07/15,,,F204110 布疋、衣著、鞋、帽、傘、服飾品零售業；F206020 日常用品零售業；F203010 食品什貨、飲料零售業；F399040 無店面零售業；F106020 日常用品批發業；F401010 國際貿易業；ZZ99999 除許可業務外，得經營法令非禁止或限制之業務,新北市,設立,11507
61275737,安晟食品行,新北市三重區錦田里中正北路2號11樓之3,周昱賢,200000,115/07/15,,,F101040 家畜家禽批發業；F201020 畜產品零售業；ZZ99999 除許可業務外，得經營法令非禁止或限制之業務,新北市,設立,11507
61275743,張母是運動工作室,新北市汐止區伯爵街2巷17號,張震暉,200000,115/07/15,,,J802010 運動訓練業；J803010 運動表演業；J202010 產業育成業；I199990 其他顧問服務業；ZZ99999 除許可業務外，得經營法令非禁止或限制之業務,新北市,設立,11507
61275758,御坤車業行,新北市樹林區三俊街199巷51號115年07月,高崇閔,200000,115/07/15,,,F114030 汽、機車零件配備批發業；F114050 車胎批發業；F214010 汽車零售業；F214030 汽、機車零件配備零售業；F214050 車胎零售業；F401010 國際貿易業；JA01010 汽車修理業；ZZ99999 除許可業務外，得經營法令非禁止或限制之業務,新北市,設立,11507
61275764,曜境美業共享工作室,新北市板橋區文化路2段182巷3弄50號5樓,董慧紋,100000,115/07/16,,,JZ99080 美容美髮服務業；F208040 化粧品零售業；F108040 化粧品批發業；F206020 日常用品零售業；F106020 日常用品批發業；I199990 其他顧問服務業；I401010 一般廣告服務業；JE01010 租賃業；F399040 無店面零售業；F199990 其他批發業；F299990 其他零售業；F399990 其他綜合零售業；F401010 國際貿易業；F102170 食品什貨批發業；I103060 管理顧問業；ZZ99999 除許可業務外，得經營法令非禁止或限制之業務,新北市,設立,11507
61275770,衡樑蔬果行,新北市新店區成功路105號,李家樑,30000,115/07/16,,,F201010 農產品零售業,新北市,設立,11507
61275785,良基工程行,新北市板橋區中山路1段10號11樓115年07月,李懿倢,200000,115/07/16,,,F106010 五金批發業；F111090 建材批發業；F113090 交通標誌器材批發業；F206010 五金零售業；F211010 建材零售業；F213090 交通標誌器材零售業；E599010 配管工程業；E601010 電器承裝業；E601020 電器安裝業；E603040 消防安全設備安裝工程業；E603080 交通號誌安裝工程業；E603090 照明設備安裝工程業；E603100 電焊工程業；E603110 冷作工程業；E603120 噴砂工程業；E801010 室內裝潢業；E801020 門窗安裝工程業；E801030 室內輕鋼架工程業；E801040 玻璃安裝工程業；E801070 廚具、衛浴設備安裝工程業；E901010 油漆工程業；E903010 防蝕、防銹工程業；EZ02010 起重工程業；EZ05010 儀器、儀表安裝工程業；EZ06010 交通標示工程業；EZ07010 鑽孔工程業；EZ99990 其他工程業；I503010 景觀設計業；IZ12010 人力派遣業；J101030 廢棄物清除業；J101040 廢棄物處理業；J101110 營建剩餘土石方資源處理業；ZZ99999 除許可業務外，得經營法令非禁止或限制之業務,新北市,設立,11507
61275791,哈窩工作室,新北市中和區建和里連城路263巷2之1號（1樓）,陳怡仙,100000,115/07/16,,,F201010 農產品零售業；F201020 畜產品零售業；F201030 水產品零售業；F201061 種苗零售業；F201070 花卉零售業；F201990 其他農畜水產品零售業；F202010 飼料零售業；F203010 食品什貨、飲料零售業；F204110 布疋、衣著、鞋、帽、傘、服飾品零售業；F205040 家具、寢具、廚房器具、裝設品零售業；F206010 五金零售業；F206020 日常用品零售業；F206050 寵物食品及其用品零售業；F207020 染料、顏料零售業；F207010 漆料、塗料零售業；F207030 清潔用品零售業；F207190 塑膠膜、袋零售業；F208040 化粧品零售業；F209060 文教、樂器、育樂用品零售業；F210020 眼鏡零售業；F213010 電器零售業；F213030 電腦及事務性機器設備零售業；F215010 首飾及貴金屬零售業；F218010 資訊軟體零售業；F221010 食品添加物零售業；F299990 其他零售業；F399040 無店面零售業；F399990 其他綜合零售業；F501060 餐館業；F501990 其他餐飲業；F501030 飲料店業,新北市,設立,11507
61275808,山貳伍日式料理,新北市五股區成泰路1段241巷7弄3號,陳啓智,50000,115/07/16,,,F501060 餐館業；F201030 水產品零售業；F203020 菸酒零售業；F203010 食品什貨、飲料零售業；F201010 農產品零售業；F299990 其他零售業；F399990 其他綜合零售業；F201990 其他農畜水產品零售業；F501990 其他餐飲業；ZZ99999 除許可業務外，得經營法令非禁止或限制之業務,新北市,設立,11507
61275814,日暖甜坊商行,新北市三重區大智街180號,葉子誠,100000,115/07/16,,,F203010 食品什貨、飲料零售業；F501030 飲料店業；ZZ99999 除許可業務外，得經營法令非禁止或限制之業務,新北市,設立,11507
61275820,聚柴時尚美學坊,新北市新莊區八德街95巷3弄3號2樓,林嘉怡,200000,115/07/16,,,JZ99080 美容美髮服務業；ZZ99999 除許可業務外，得經營法令非禁止或限制之業務,新北市,設立,11507
61275835,饗元早午餐,新北市新莊區民樂街97號(1樓) 115年07月,李元,70000,115/07/16,,,F203010 食品什貨、飲料零售業；F501030 飲料店業；F501060 餐館業；ZZ99999 除許可業務外，得經營法令非禁止或限制之業務,新北市,設立,11507
61275841,桓曜商行,新北市板橋區文化路2段285號21樓,張桓誌,100000,115/07/16,,,I401010 一般廣告服務業；I301020 資料處理服務業；I301030 電子資訊供應服務業；F399040 無店面零售業；JZ99990 未分類其他服務業,新北市,設立,11507
61275856,音芙美妍館,新北市新莊區思源路496號2樓,潘霜霜,100000,115/07/16,,,JZ99080 美容美髮服務業,新北市,設立,11507
61275862,德聯蔘藥行,新北市林口區中正路252號（1樓）,陳煌璧,200000,115/07/16,,,F203010 食品什貨、飲料零售業；F206020 日常用品零售業；F221010 食品添加物零售業；F208011 中藥零售業,新北市,設立,11507
61275878,形舟影像工作室,新北市萬里區港西80號,林嘉慧,50000,115/07/16,,,J503010 廣播節目製作業；I401010 一般廣告服務業；F401010 國際貿易業；JZ99030 攝影業；J404010 動畫影片製作業；J503040 廣播電視廣告業；I599990 其他設計業；J601010 藝文服務業；J799990 其他休閒服務業；C701010 印刷業；ZZ99999 除許可業務外，得經營法令非禁止或限制之業務,新北市,設立,11507
61275883,白柒油漆工程,新北市新莊區中平路183號2樓,黃立瑋,200000,115/07/16,,,E901010 油漆工程業；E801010 室內裝潢業；E801020 門窗安裝工程業；E801030 室內輕鋼架工程業；E801070 廚具、衛浴設備安裝工程業；I503010 景觀設計業；ZZ99999 除許可業務外，得經營法令非禁止或限制之業務,新北市,設立,11507
61275899,瑞錫運動工作室,新北市泰山區全興里福興二街68號（1樓）,伍瑞翔,249000,115/07/16,,,J802010 運動訓練業,新北市,設立,11507
61275906,好食雞商行,新北市三重區中正南路98號,廖于瑢,150000,115/07/16,,,F203010 食品什貨、飲料零售業；F501990 其他餐飲業；F501060 餐館業；F203020 菸酒零售業；ZZ99999 除許可業務外，得經營法令非禁止或限制之業務,新北市,設立,11507
61275912,帛皊企業社,新北市土城區中央路4段67巷38號4樓,簡穎瑄,100000,115/07/16,,,F204110 布疋、衣著、鞋、帽、傘、服飾品零售業；F399040 無店面零售業,新北市,設立,11507
61275928,廣茂企業社,新北市鶯歌區鶯桃路471號(1樓) 115年07月,俞霈淇,100000,115/07/16,,,F205040 家具、寢具、廚房器具、裝設品零售業,新北市,設立,11507
61275933,嘉蓓斯企業社,新北市板橋區國光路31巷15號,傅嘉蕾,50000,115/07/16,,,F104110 布疋、衣著、鞋、帽、傘、服飾品批發業；F102170 食品什貨批發業；F105050 家具、寢具、廚房器具、裝設品批發業；F106020 日常用品批發業；F106050 陶瓷玻璃器皿批發業；F108040 化粧品批發業；F109070 文教、樂器、育樂用品批發業；F215010 首飾及貴金屬零售業；F399040 無店面零售業；F399990 其他綜合零售業；F401010 國際貿易業；F601010 智慧財產權業；I103060 管理顧問業；I199990 其他顧問服務業；I401010 一般廣告服務業；I501010 產品設計業；I599990 其他設計業；J202010 產業育成業；J601010 藝文服務業；J603010 音樂展演空間業；J304010 圖書出版業；JZ99990 未分類其他服務業；ZZ99999 除許可業務外，得經營法令非禁止或限制之業務,新北市,設立,11507
61275949,洗寶貝寵物沙龍,新北市板橋區華江一路206號(1樓),張裕卿,100000,115/07/16,,,F206050 寵物食品及其用品零售業；JZ99180 寵物美容服務業,新北市,設立,11507
61275954,光輝工作室,新北市新莊區中正路829巷69號(1樓),阮伯輝,200000,115/07/16,,,JZ99080 美容美髮服務業；JZ99990 未分類其他服務業；ZZ99999 除許可業務外，得經營法令非禁止或限制之業務,新北市,設立,11507
61275960,清東客製化工作室,新北市三重區重陽路4段130號12樓115年07月,曾文科,200000,115/07/16,,,C701010 印刷業；F206020 日常用品零售業；F206030 模具零售業；F209060 文教、樂器、育樂用品零售業；F299990 其他零售業；F399040 無店面零售業；F399990 其他綜合零售業；F401010 國際貿易業；I401010 一般廣告服務業；I501010 產品設計業；I599990 其他設計業；ZZ99999 除許可業務外，得經營法令非禁止或限制之業務,新北市,設立,11507
61275976,洛嘉企業社,新北市淡水區英專路79巷13號,黎潤碧,200000,115/07/16,,,F106020 日常用品批發業；F206020 日常用品零售業；F109070 文教、樂器、育樂用品批發業；F209060 文教、樂器、育樂用品零售業；F113020 電器批發業；F213010 電器零售業；F102170 食品什貨批發業；F203010 食品什貨、飲料零售業；F102040 飲料批發業；F104110 布疋、衣著、鞋、帽、傘、服飾品批發業；F204110 布疋、衣著、鞋、帽、傘、服飾品零售業；F107030 清潔用品批發業；F207030 清潔用品零售業；F116010 照相器材批發業；F216010 照相器材零售業；F299990 其他零售業；I103060 管理顧問業；F401010 國際貿易業；IZ12010 人力派遣業；I401010 一般廣告服務業；JE01010 租賃業；ZZ99999 除許可業務外，得經營法令非禁止或限制之業務,新北市,設立,11507
61275981,糖憲宗黑糖粉圓店,新北市泰山區仁武街88號（1樓）,吳翊平,200000,115/07/16,,,F203010 食品什貨、飲料零售業,新北市,設立,11507
61275997,走吧實驗工作室,新北市土城區中央路1段262巷19號4樓,周翃暐,100000,115/07/16,,,F203010 食品什貨、飲料零售業；F206020 日常用品零售業；F204110 布疋、衣著、鞋、帽、傘、服飾品零售業；F399990 其他綜合零售業；F399040 無店面零售業；ZZ99999 除許可業務外，得經營法令非禁止或限制之業務,新北市,設立,11507
61276004,吳記八八鮮果行,新北市泰山區仁武街88號（1樓）,吳翊平,50000,115/07/16,,,F201010 農產品零售業,新北市,設立,11507
61276010,冠譯機車,新北市中和區連城路403巷1號,黃冠譯,200000,115/07/16,,,JA02020 機車修理業,新北市,設立,11507
61276026,皮炎派對工作室,新北市三芝區淡金路2段47之1號5樓,江姿瑩,100000,115/07/16,,,F399040 無店面零售業；ZZ99999 除許可業務外，得經營法令非禁止或限制之業務,新北市,設立,11507
61276031,色藝傢飾,新北市永和區民有街75巷10弄17號(1樓),鍾育霖,200000,115/07/16,,,E801010 室內裝潢業；F205040 家具、寢具、廚房器具、裝設品零售業；J101010 建築物清潔服務業；E901010 油漆工程業；ZZ99999 除許可業務外，得經營法令非禁止或限制之業務,新北市,設立,11507
61276047,建均水電工程行,新北市中和區中山路2段332巷1號7樓115年07月,林均軒,100000,115/07/16,,,E801070 廚具、衛浴設備安裝工程業；E603090 照明設備安裝工程業；E601020 電器安裝業；E599010 配管工程業；ZZ99999 除許可業務外，得經營法令非禁止或限制之業務,新北市,設立,11507
61276052,擠哺企業社,新北市三重區自強路1段312巷11號(1樓),林緯,100000,115/07/16,,,A401031 特定寵物服務業；F101111 特定寵物批發業；F201081 特定寵物零售業；JZ99180 寵物美容服務業；F206050 寵物食品及其用品零售業；ZZ99999 除許可業務外，得經營法令非禁止或限制之業務,新北市,設立,11507
61276068,溫放樂工作室,新北市中和區南山路127巷27弄29號(1樓),龔玟寧,100000,115/07/16,,,F204110 布疋、衣著、鞋、帽、傘、服飾品零售業；F206020 日常用品零售業；F399040 無店面零售業；I199990 其他顧問服務業,新北市,設立,11507
61276074,鈞淳工作室,新北市板橋區仁化街64巷22號2樓,張桂鳳,200000,115/07/16,,,F108040 化粧品批發業；F208040 化粧品零售業；I199990 其他顧問服務業；JZ99080 美容美髮服務業；ZZ99999 除許可業務外，得經營法令非禁止或限制之業務,新北市,設立,11507
61276089,金禾咖哩,新北市汐止區大同路2段312巷16弄4號(1樓),范振洋,200000,115/07/16,,,F501060 餐館業；F501030 飲料店業；F203010 食品什貨、飲料零售業；F399040 無店面零售業,新北市,設立,11507
61276095,銓福曜商行,新北市三重區福隆路36號(1樓),廖俊陞,250000,115/07/17,,,F501030 飲料店業；F203010 食品什貨、飲料零售業；ZZ99999 除許可業務外，得經營法令非禁止或限制之業務,新北市,設立,11507
61276102,大豐運動企業行,新北市三重區重新路4段10之1號(1樓),楊益璋,200000,115/07/17,,,J802010 運動訓練業,新北市,設立,11507
61276118,群聿工程行,新北市新莊區五權一路1號8樓之1,姚曼瑛,200000,115/07/17,,,EZ99990 其他工程業；E599010 配管工程業；E903010 防蝕、防銹工程業；ZZ99999 除許可業務外，得經營法令非禁止或限制之業務,新北市,設立,11507
61276124,木子設計工作室,新北市三重區仁愛街697號3樓,李家欣,200000,115/07/17,,,I501010 產品設計業；I503010 景觀設計業；I599990 其他設計業；I105010 藝術品諮詢顧問業；I199990 其他顧問服務業；JZ99990 未分類其他服務業；ZZ99999 除許可業務外，得經營法令非禁止或限制之業務,新北市,設立,11507
61276139,進益糧食品行,新北市土城區裕生路34號,何娟,100000,115/07/17,,,F203010 食品什貨、飲料零售業；F201010 農產品零售業,新北市,設立,11507
61276145,以馬內利企業社,新北市八里區中山路2段323巷12號（1樓）,陳彥烽,100000,115/07/17,,,JZ99080 美容美髮服務業；F208040 化粧品零售業；F108040 化粧品批發業；JZ99990 未分類其他服務業；I401010 一般廣告服務業；F399040 無店面零售業,新北市,設立,11507
61276150,熊村莊創藝工坊,新北市中和區福和里中山路2段131巷5弄18號（1樓）115年07月,李權益,200000,115/07/21,,,ZZ99999 除許可業務外，得經營法令非禁止或限制之業務；J602010 演藝活動業；I401010 一般廣告服務業；F209060 文教、樂器、育樂用品零售業；F399040 無店面零售業,新北市,設立,11507
61276166,米與燒肉丼飯美食館,新北市蘆洲區水河里仁愛街34號（1樓）,王譽鈞,200000,115/07/17,,,F501060 餐館業；F501990 其他餐飲業；F501030 飲料店業；F399040 無店面零售業,新北市,設立,11507
61276172,喵堡商號,新北市板橋區民生路3段64號,范庭豪,200000,115/07/17,,,F501060 餐館業；F501990 其他餐飲業；ZZ99999 除許可業務外，得經營法令非禁止或限制之業務,新北市,設立,11507
61276187,昌隆小吃店,新北市三重區重陽路3段5巷23號,楊昌憲,200000,115/07/17,,,F203010 食品什貨、飲料零售業；F501060 餐館業；ZZ99999 除許可業務外，得經營法令非禁止或限制之業務,新北市,設立,11507
61276193,富鼎小吃店,新北市板橋區中正路202號(1樓),賴俊頴,200000,115/07/17,,,F203010 食品什貨、飲料零售業；F501060 餐館業；ZZ99999 除許可業務外，得經營法令非禁止或限制之業務,新北市,設立,11507
61276200,權興企業社,新北市新莊區新莊路427號,廖金龍,200000,115/07/17,,,F213030 電腦及事務性機器設備零售業；F218010 資訊軟體零售業；I301010 資訊軟體服務業；I301020 資料處理服務業；I301030 電子資訊供應服務業；ZZ99999 除許可業務外，得經營法令非禁止或限制之業務,新北市,設立,11507
61276216,不快樂地瓜球企業社,新北市中和區中正路266號12樓,高添強,200000,115/07/17,,,F104110 布疋、衣著、鞋、帽、傘、服飾品批發業；F105050 家具、寢具、廚房器具、裝設品批發業；F106020 日常用品批發業；F106050 陶瓷玻璃器皿批發業；F109070 文教、樂器、育樂用品批發業；F115020 礦石批發業；F199990 其他批發業；F399040 無店面零售業；I501010 產品設計業；I599990 其他設計業；ZZ99999 除許可業務外，得經營法令非禁止或限制之業務,新北市,設立,11507
61276222,新合懋企業社,新北市樹林區樹新路17號3樓之3,高聖恆,200000,115/07/17,,,E603020 電梯安裝工程業；E901010 油漆工程業；E801010 室內裝潢業；F113010 機械批發業；F111090 建材批發業；ZZ99999 除許可業務外，得經營法令非禁止或限制之業務,新北市,設立,11507
61276237,辛發商行,新北市樹林區鎮前街335號(1樓) 115年07月,陳忠志,80000,115/07/17,,,F201010 農產品零售業；ZZ99999 除許可業務外，得經營法令非禁止或限制之業務,新北市,設立,11507
61276243,公主小吃,新北市樹林區中正路706號,陳希珊,200000,115/07/17,,,F203010 食品什貨、飲料零售業；F203020 菸酒零售業；F204110 布疋、衣著、鞋、帽、傘、服飾品零售業；F206050 寵物食品及其用品零售業；F299990 其他零售業；F399010 便利商店業；F399040 無店面零售業；F401010 國際貿易業；F501060 餐館業；F102170 食品什貨批發業；F102030 菸酒批發業；F104110 布疋、衣著、鞋、帽、傘、服飾品批發業；F106020 日常用品批發業；F106060 寵物食品及其用品批發業；ZZ99999 除許可業務外，得經營法令非禁止或限制之業務,新北市,設立,11507
61276258,曉居空間攝影,新北市三重區重新路4段7號5樓,徐偉峰,100000,115/07/17,,,I401010 一般廣告服務業；I501010 產品設計業；J601010 藝文服務業；JE01010 租賃業；JZ99030 攝影業；JZ99990 未分類其他服務業；ZZ99999 除許可業務外，得經營法令非禁止或限制之業務,新北市,設立,11507
61276264,莫卡莫卡早餐,新北市蘆洲區長安街164號(1樓),潘羿智,50000,115/07/17,,,F501060 餐館業,新北市,設立,11507
61276270,奇遇咖啡,新北市板橋區信義路10號(1樓),唐几于,1000,115/07/17,,,F203010 食品什貨、飲料零售業,新北市,設立,11507
61276285,巧瑩企業社,新北市永和區保安路252巷5號4樓,盧嘉琪,10000,115/07/17,,,F399040 無店面零售業,新北市,設立,11507
61276291,金沙企業社,新北市中和區中原街120號15樓,吳松茂,200000,115/07/17,,,F213030 電腦及事務性機器設備零售業；F213060 電信器材零售業；F399040 無店面零售業；ZZ99999 除許可業務外，得經營法令非禁止或限制之業務,新北市,設立,11507
61276308,呂比爾企業社,新北市林口區中山路677號12樓115年07月,呂政隆,20000,115/07/17,,,G202010 停車場經營業；E801010 室內裝潢業；H701010 住宅及大樓開發租售業；H701020 工業廠房開發租售業；H701050 投資興建公共建設業；H701060 新市鎮、新社區開發業；H701070 區段徵收及市地重劃代辦業；H701090 都市更新整建維護業；H702010 建築經理業；H703090 不動產買賣業；H703100 不動產租賃業；H703110 老人住宅業；E603040 消防安全設備安裝工程業；E603050 自動控制設備工程業；E603090 照明設備安裝工程業；E801020 門窗安裝工程業；E801030 室內輕鋼架工程業；ZZ99999 除許可業務外，得經營法令非禁止或限制之業務,新北市,設立,11507
61276314,廣源馮媽媽小吃,新北市三峽區大學路151號,馮詩芸,200000,115/07/17,,,F501060 餐館業；F501030 飲料店業；F501990 其他餐飲業；F203010 食品什貨、飲料零售業；ZZ99999 除許可業務外，得經營法令非禁止或限制之業務,新北市,設立,11507
61276320,大尾平價小吃,新北市蘆洲區信義路291號(1樓),吳家麟,100000,115/07/17,,,F501060 餐館業,新北市,設立,11507
61276335,吉歹碳飲料店,新北市蘆洲區中正路263巷2號,梁友成,100000,115/07/17,,,F501030 飲料店業,新北市,設立,11507
61276341,好運來顧問工作室,新北市新店區檳榔路96巷2號5樓,張卉伶,200000,115/07/17,,,I401010 一般廣告服務業；I105010 藝術品諮詢顧問業；I103060 管理顧問業；I599990 其他設計業；J601010 藝文服務業；J602010 演藝活動業；JB01010 會議及展覽服務業；J202010 產業育成業；F399040 無店面零售業；F401010 國際貿易業；I101090 食品顧問業；I199990 其他顧問服務業；I501010 產品設計業；IZ15010 市場研究及民意調查業；F106020 日常用品批發業；F113020 電器批發業；F118010 資訊軟體批發業；F199990 其他批發業；F206020 日常用品零售業；ZZ99999 除許可業務外，得經營法令非禁止或限制之業務,新北市,設立,11507
61276356,引力影像工作室,新北市中和區中原里中正路918號3樓,林志穎,100000,115/07/17,,,I401010 一般廣告服務業；J503010 廣播節目製作業（原:J503011廣播節目製作業）；J503020 電視節目製作業（原:J503021電視節目製作業）；J503040 廣播電視廣告業（原:J503041廣播電視廣告業）；I501010 產品設計業；ZZ99999 除許可業務外，得經營法令非禁止或限制之業務,新北市,設立,11507
61276362,誠砡工程行,新北市林口區文化二路1段62號14樓之1 115年07月,連宣情,200000,115/07/17,,,E801010 室內裝潢業；E801020 門窗安裝工程業；E801030 室內輕鋼架工程業；E801040 玻璃安裝工程業；E801070 廚具、衛浴設備安裝工程業；E901010 油漆工程業；E903010 防蝕、防銹工程業；A102080 園藝服務業；E603090 照明設備安裝工程業；F206010 五金零售業；F211010 建材零售業；I503010 景觀設計業；J101010 建築物清潔服務業；EZ99990 其他工程業；ZZ99999 除許可業務外，得經營法令非禁止或限制之業務,新北市,設立,11507
61276378,雲陞企業社,新北市新莊區中港路432巷11號8樓,楊麗雲,200000,115/07/17,,,EZ02010 起重工程業；G799990 其他運輸輔助業；ZZ99999 除許可業務外，得經營法令非禁止或限制之業務,新北市,設立,11507
61276383,創自夆企業社,新北市汐止區中興路95號7樓之3,李本貴,200000,115/07/17,,,IZ12010 人力派遣業；IZ06010 理貨包裝業；IZ99990 其他工商服務業；JZ99990 未分類其他服務業；F104110 布疋、衣著、鞋、帽、傘、服飾品批發業；F106020 日常用品批發業；F106010 五金批發業；F109070 文教、樂器、育樂用品批發業；F204110 布疋、衣著、鞋、帽、傘、服飾品零售業；F206010 五金零售業；F206020 日常用品零售業；F209060 文教、樂器、育樂用品零售業；F399040 無店面零售業；F401010 國際貿易業；G799990 其他運輸輔助業；ZZ99999 除許可業務外，得經營法令非禁止或限制之業務,新北市,設立,11507
61276399,我要吃你豆腐工作室,新北市新店區安興路125之5號4樓,潘瑀彤,60000,115/07/17,,,F209060 文教、樂器、育樂用品零售業；F109070 文教、樂器、育樂用品批發業；F204110 布疋、衣著、鞋、帽、傘、服飾品零售業；F206020 日常用品零售業；F106020 日常用品批發業；F401010 國際貿易業；F601010 智慧財產權業；I401010 一般廣告服務業；I501010 產品設計業；I103060 管理顧問業；J601010 藝文服務業；J602010 演藝活動業；JB01010 會議及展覽服務業；J304010 圖書出版業；J305010 有聲出版業；J303010 雜誌（期刊）出版業；JZ99030 攝影業；ZZ99999 除許可業務外，得經營法令非禁止或限制之業務,新北市,設立,11507
61276406,御盛國際坊,新北市鶯歌區鳳福路213號,吳金龍,240000,115/07/17,,,F213060 電信器材零售業；F213030 電腦及事務性機器設備零售業；I103060 管理顧問業；IE01010 電信業務門號代辦業；IZ13010 網路認證服務業；IZ99990 其他工商服務業；I301010 資訊軟體服務業；I301020 資料處理服務業；JZ99050 仲介服務業；ZZ99999 除許可業務外，得經營法令非禁止或限制之業務,新北市,設立,11507
61276412,熊熊吐司早餐店,新北市新莊區西盛街139號(1樓) 115年07月,顏婉羽,100000,115/07/17,,,F501060 餐館業,新北市,設立,11507
61276428,霧予時光工作室,新北市三重區三陽路160號(1樓),凌岱慈,200000,115/07/17,,,JZ99990 未分類其他服務業；F208040 化粧品零售業；ZZ99999 除許可業務外，得經營法令非禁止或限制之業務,新北市,設立,11507
61276433,姚穆豆漿,新北市板橋區互助街27號,姚炤旭,180000,115/07/17,,,F501060 餐館業,新北市,設立,11507
61276449,好玫店,新北市淡水區濱海路1段306巷60弄70號7樓,亞倫,200000,115/07/17,,,F203010 食品什貨、飲料零售業；F208040 化粧品零售業；F206020 日常用品零售業；F399040 無店面零售業；F399990 其他綜合零售業；F204110 布疋、衣著、鞋、帽、傘、服飾品零售業；F201010 農產品零售業；F205040 家具、寢具、廚房器具、裝設品零售業；ZZ99999 除許可業務外，得經營法令非禁止或限制之業務；F206010 五金零售業,新北市,設立,11507
61276454,板樹東東明日常經絡調理養生館,新北市板橋區溪北路100號(1樓),蘇紅玲,240000,115/07/22,,,JF01040 經絡調理業,新北市,設立,11507
61276460,荃記燒臘,新北市中和區仁愛街16號,馬展恩,50000,115/07/20,,,F501060 餐館業,新北市,設立,11507
61276476,凌芬工作室,新北市深坑區深南路212號4樓,蔡凌芬,10000,115/07/20,,,ZZ99999 除許可業務外，得經營法令非禁止或限制之業務；J202010 產業育成業；I199990 其他顧問服務業,新北市,設立,11507
61276481,放亖商行,新北市板橋區松柏街15巷2號,吳正隆,200000,115/07/20,,,F203020 菸酒零售業；F203010 食品什貨、飲料零售業；F501060 餐館業；ZZ99999 除許可業務外，得經營法令非禁止或限制之業務,新北市,設立,11507
61276497,六姐妹泰式小吃店,新北市新莊區頭前路21號,李莉月,300000,115/07/20,,,F501060 餐館業；F203010 食品什貨、飲料零售業；F204110 布疋、衣著、鞋、帽、傘、服飾品零售業；F215010 首飾及貴金屬零售業；ZZ99999 除許可業務外，得經營法令非禁止或限制之業務,新北市,設立,11507
61276503,福聚商行,新北市五股區五福路57號(1樓),廖靜玉,100000,115/07/20,,,F203010 食品什貨、飲料零售業；F399040 無店面零售業；ZZ99999 除許可業務外，得經營法令非禁止或限制之業務,新北市,設立,11507
61276519,喜田美甲店,新北市新莊區八德街60號2樓,廖浣喬,200000,115/07/20,,,JZ99080 美容美髮服務業；ZZ99999 除許可業務外，得經營法令非禁止或限制之業務,新北市,設立,11507
61276525,程發工程行,新北市中和區莒光路49號,蘇昭誠,50000,115/07/20,,,E601020 電器安裝業；E603010 電纜安裝工程業；E603040 消防安全設備安裝工程業；E801010 室內裝潢業；E901010 油漆工程業；ZZ99999 除許可業務外，得經營法令非禁止或限制之業務,新北市,設立,11507
61276530,宏達鋁門窗行,新北市中和區圓通路335巷33弄41號5樓115年07月,沈棕毅,200000,115/07/20,,,E801020 門窗安裝工程業；E801010 室內裝潢業；E801030 室內輕鋼架工程業；E801040 玻璃安裝工程業；ZZ99999 除許可業務外，得經營法令非禁止或限制之業務,新北市,設立,11507
61276546,玥悦工程行,新北市八里區中山路2段500巷10號15樓之1,李毓紫,200000,115/07/20,,,F111090 建材批發業；F211010 建材零售業；F115020 礦石批發業；F105050 家具、寢具、廚房器具、裝設品批發業；EZ99990 其他工程業；E801010 室內裝潢業；C901070 石材製品製造業；C901060 耐火材料製造業；F401010 國際貿易業；E801070 廚具、衛浴設備安裝工程業；ZZ99999 除許可業務外，得經營法令非禁止或限制之業務,新北市,設立,11507
61276551,玖久創藝坊,新北市蘆洲區民族路384巷1號(1樓),王譽蓁,200000,115/07/20,,,F201070 花卉零售業；F215010 首飾及貴金屬零售業；F215020 礦石零售業；F399040 無店面零售業；I504010 花藝設計業；I501010 產品設計業,新北市,設立,11507
61276567,日常食所,新北市三峽區大同路122號,陳怡彤,30000,115/07/20,,,F501030 飲料店業；F501060 餐館業；F501990 其他餐飲業,新北市,設立,11507
61276573,利宸蔬果起重行,新北市三重區仁義街284號(1樓),蘇利宸,200000,115/07/20,,,F201010 農產品零售業；F101130 蔬果批發業；F213080 機械器具零售業；F213990 其他機械器具零售業；EZ02010 起重工程業；F106020 日常用品批發業；F206020 日常用品零售業；ZZ99999 除許可業務外，得經營法令非禁止或限制之業務,新北市,設立,11507
61276588,禾軒便當店,新北市中和區景安路141號,許燕其,200000,115/07/20,,,F501060 餐館業；F501990 其他餐飲業,新北市,設立,11507
61276594,晟輝國際企業社,新北市蘆洲區永安北路2段70號5樓,張國輝,200000,115/07/20,,,IZ06010 理貨包裝業；C703010 印刷品裝訂及加工業；F106010 五金批發業；F106020 日常用品批發業；F109070 文教、樂器、育樂用品批發業；F107190 塑膠膜、袋批發業；F107990 其他化學製品批發業；F199990 其他批發業；F401010 國際貿易業；ZZ99999 除許可業務外，得經營法令非禁止或限制之業務,新北市,設立,11507
61276601,永豐商行,新北市樹林區太元街35號115年07月,王政智,100000,115/07/20,,,F201020 畜產品零售業；F201030 水產品零售業,新北市,設立,11507
61276617,鼎衡水電工程行,新北市土城區延和路129之1號3樓,王圻鎧,200000,115/07/20,,,E599010 配管工程業；E601020 電器安裝業；E603010 電纜安裝工程業；E603040 消防安全設備安裝工程業；E603050 自動控制設備工程業；E603080 交通號誌安裝工程業；E603090 照明設備安裝工程業；E603130 燃氣熱水器承裝業；E604010 機械安裝業；E605010 電腦設備安裝業；E701010 電信工程業；E701040 簡易電信設備安裝業；E801010 室內裝潢業；E801070 廚具、衛浴設備安裝工程業；EZ02010 起重工程業；EZ05010 儀器、儀表安裝工程業；EZ07010 鑽孔工程業；EZ99990 其他工程業；F106010 五金批發業；F106040 水器材料批發業；F111090 建材批發業；F113020 電器批發業；F113070 電信器材批發業；F117010 消防安全設備批發業；ZZ99999 除許可業務外，得經營法令非禁止或限制之業務,新北市,設立,11507
61276623,沐豐行,新北市永和區中興街94號,洪永豐,100000,115/07/20,,,F501060 餐館業；F203010 食品什貨、飲料零售業；ZZ99999 除許可業務外，得經營法令非禁止或限制之業務,新北市,設立,11507
61276638,景禾餐飲,新北市永和區福和路166號(1樓),錢國庭,100000,115/07/20,,,F501060 餐館業；ZZ99999 除許可業務外，得經營法令非禁止或限制之業務,新北市,設立,11507
61276659,啦啦柴早午餐,新北市三重區忠孝路1段68號,許詔硯,100000,115/07/20,,,F501060 餐館業,新北市,設立,11507
61276665,魚你日常食堂,新北市板橋區板新路2號,陳廷奎,200000,115/07/20,,,F203010 食品什貨、飲料零售業；F501060 餐館業；F501990 其他餐飲業；ZZ99999 除許可業務外，得經營法令非禁止或限制之業務,新北市,設立,11507
61276671,王舞記企業社,新北市三重區文化北路61號(1樓),陳秀子,200000,115/07/20,,,F102170 食品什貨批發業；F203010 食品什貨、飲料零售業；F399040 無店面零售業；F401010 國際貿易業；F501030 飲料店業；F501060 餐館業；F501990 其他餐飲業；ZZ99999 除許可業務外，得經營法令非禁止或限制之業務,新北市,設立,11507
61276686,禾禾工作室,新北市蘆洲區長興路298巷2號11樓,王立穎,50000,115/07/20,,,F399040 無店面零售業；ZZ99999 除許可業務外，得經營法令非禁止或限制之業務,新北市,設立,11507
61276692,泰晶媄時尚會館,新北市板橋區忠孝路159號115年07月,楊金峯,100000,115/07/20,,,JZ99080 美容美髮服務業；JZ99990 未分類其他服務業；ZZ99999 除許可業務外，得經營法令非禁止或限制之業務,新北市,設立,11507
61276709,今宏展工程行,新北市中和區明禮街36之2號7樓,洪國瑜,200000,115/07/20,,,E801010 室內裝潢業；F211010 建材零售業；F207010 漆料、塗料零售業；F107010 漆料、塗料批發業；E901010 油漆工程業；F111090 建材批發業；E903010 防蝕、防銹工程業；EZ99990 其他工程業；ZZ99999 除許可業務外，得經營法令非禁止或限制之業務,新北市,設立,11507
61276715,傑承企業社,新北市三峽區長泰街66號4樓,潘政傑,200000,115/07/20,,,F105050 家具、寢具、廚房器具、裝設品批發業；F106010 五金批發業；F111090 建材批發業；F117010 消防安全設備批發業；F120010 耐火材料批發業；F205040 家具、寢具、廚房器具、裝設品零售業；F206010 五金零售業；F211010 建材零售業；F217010 消防安全設備零售業；F220010 耐火材料零售業；F401010 國際貿易業；I503010 景觀設計業；E801010 室內裝潢業；E801020 門窗安裝工程業；E801030 室內輕鋼架工程業；E801040 玻璃安裝工程業；E801070 廚具、衛浴設備安裝工程業；E901010 油漆工程業；EZ99990 其他工程業；F113020 電器批發業；ZZ99999 除許可業務外，得經營法令非禁止或限制之業務,新北市,設立,11507
61276721,志民油漆工程行,新北市林口區公園路149號3樓,張志民,200000,115/07/20,,,F107010 漆料、塗料批發業；F107020 染料、顏料批發業；F207010 漆料、塗料零售業；F207020 染料、顏料零售業；E901010 油漆工程業；ZZ99999 除許可業務外，得經營法令非禁止或限制之業務；E801010 室內裝潢業；E801020 門窗安裝工程業；E801030 室內輕鋼架工程業；E801040 玻璃安裝工程業；E801070 廚具、衛浴設備安裝工程業,新北市,設立,11507
61276736,東瀛工程行,新北市中和區中山路2段2巷95弄5號3樓115年07月,許哲瑋,240000,115/07/20,,,EZ02010 起重工程業；E801010 室內裝潢業；E901010 油漆工程業；E801030 室內輕鋼架工程業；EZ99990 其他工程業；JE01010 租賃業；F401010 國際貿易業；F399040 無店面零售業；IZ12010 人力派遣業；ZZ99999 除許可業務外，得經營法令非禁止或限制之業務,新北市,設立,11507
61276742,川頁治漏工程行,新北市土城區中央路4段62之3號(1樓),游順然,50000,115/07/20,,,E901010 油漆工程業；EZ99990 其他工程業；E801070 廚具、衛浴設備安裝工程業,新北市,設立,11507
61276757,岳鋒水電工程行,新北市蘆洲區光華路150巷13弄1號(1樓),廖家緯,200000,115/07/20,,,E601020 電器安裝業；E801010 室內裝潢業；EZ99990 其他工程業；ZZ99999 除許可業務外，得經營法令非禁止或限制之業務,新北市,設立,11507
61276763,無相健康管理工作室,新北市土城區學士路207號7樓,許閏翔,200000,115/07/21,,,J802010 運動訓練業；J803010 運動表演業；J202010 產業育成業；I199990 其他顧問服務業；J803020 運動比賽業；ZZ99999 除許可業務外，得經營法令非禁止或限制之業務,新北市,設立,11507
61276779,幾路企業社,新北市新莊區中港路417巷2號2樓,王蔭,100000,115/07/21,,,F399040 無店面零售業；ZZ99999 除許可業務外，得經營法令非禁止或限制之業務,新北市,設立,11507
61276784,煊綜創意工作室,新北市新店區松林路6之6號,許恁綜,50000,115/07/21,,,ZZ99999 除許可業務外，得經營法令非禁止或限制之業務；F399040 無店面零售業；I501010 產品設計業；I599990 其他設計業；F204110 布疋、衣著、鞋、帽、傘、服飾品零售業；J304010 圖書出版業；J601010 藝文服務業；JZ99990 未分類其他服務業,新北市,設立,11507
61276790,宏林工程行,新北市鶯歌區大湖路460巷2弄6號3樓115年07月,陳明利,200000,115/07/21,,,E599010 配管工程業；E601020 電器安裝業；E603010 電纜安裝工程業；E603090 照明設備安裝工程業；E603100 電焊工程業；E604010 機械安裝業；E801070 廚具、衛浴設備安裝工程業；E901010 油漆工程業；F111090 建材批發業；F106010 五金批發業；F211010 建材零售業；F206010 五金零售業；ZZ99999 除許可業務外，得經營法令非禁止或限制之業務,新北市,設立,11507
61276807,霖達企業社,新北市板橋區和平路安樂巷52弄1號4樓,葉霖妘,200000,115/07/21,,,F104110 布疋、衣著、鞋、帽、傘、服飾品批發業；F105050 家具、寢具、廚房器具、裝設品批發業；F106010 五金批發業；F106020 日常用品批發業；F107030 清潔用品批發業；F109070 文教、樂器、育樂用品批發業；F113020 電器批發業；F113050 電腦及事務性機器設備批發業；F203010 食品什貨、飲料零售業；F204110 布疋、衣著、鞋、帽、傘、服飾品零售業；F205040 家具、寢具、廚房器具、裝設品零售業；F206010 五金零售業；F206020 日常用品零售業；F206050 寵物食品及其用品零售業；F207030 清潔用品零售業；F209060 文教、樂器、育樂用品零售業；F208040 化粧品零售業；F213010 電器零售業；F213030 電腦及事務性機器設備零售業；F401010 國際貿易業；F399040 無店面零售業；F114030 汽、機車零件配備批發業；F114040 自行車及其零件批發業；F108040 化粧品批發業；F106060 寵物食品及其用品批發業；F102040 飲料批發業；ZZ99999 除許可業務外，得經營法令非禁止或限制之業務,新北市,設立,11507
61276813,凡是要洗企業社,新北市五股區成泰路1段6號115年07月,卜翊凡,100000,115/07/21,,,JA03010 洗衣業；F206020 日常用品零售業；F207030 清潔用品零售業；F213990 其他機械器具零售業；ZZ99999 除許可業務外，得經營法令非禁止或限制之業務,新北市,設立,11507
61276829,轅寶商行,新北市蘆洲區鷺江街64號3樓115年07月,劉中洲,200000,115/07/21,,,F104110 布疋、衣著、鞋、帽、傘、服飾品批發業；F105050 家具、寢具、廚房器具、裝設品批發業；F106010 五金批發業；F213010 電器零售業；F113020 電器批發業；F205040 家具、寢具、廚房器具、裝設品零售業；F204110 布疋、衣著、鞋、帽、傘、服飾品零售業；F206010 五金零售業；F206020 日常用品零售業；F106020 日常用品批發業；F106040 水器材料批發業；F206040 水器材料零售業；F107030 清潔用品批發業；F207030 清潔用品零售業；F107190 塑膠膜、袋批發業；F207190 塑膠膜、袋零售業；F207200 化學原料零售業；F207990 其他化學製品零售業；F107200 化學原料批發業；F107990 其他化學製品批發業；F108040 化粧品批發業；F208040 化粧品零售業；F109070 文教、樂器、育樂用品批發業；F209060 文教、樂器、育樂用品零售業；F213080 機械器具零售業；F213990 其他機械器具零售業；F213040 精密儀器零售業；F113030 精密儀器批發業；F113990 其他機械器具批發業；F399040 無店面零售業；F401010 國際貿易業；C301010 紡紗業；C302010 織布業；C303010 不織布業；C305010 印染整理業；C306010 成衣業；IZ06010 理貨包裝業；F203010 食品什貨、飲料零售業；F102040 飲料批發業；F102170 食品什貨批發業；F106060 寵物食品及其用品批發業；F121010 食品添加物批發業；F206050 寵物食品及其用品零售業；F221010 食品添加物零售業；F101040 家畜家禽批發業；F101050 水產品批發業；F101130 蔬果批發業；F101990 其他農、畜、水產品批發業；F102020 食用油脂批發業；F201010 農產品零售業；F201020 畜產品零售業；F201030 水產品零售業；F201990 其他農畜水產品零售業；F202010 飼料零售業；F299990 其他零售業；F399010 便利商店業；F399990 其他綜合零售業,新北市,設立,11507
61276834,紐光影像工作室,新北市三重區三和路4段111之34號10樓,王怡,30000,115/07/21,,,JZ99030 攝影業；JE01010 租賃業；J404020 提供設備及場地供電影片拍攝業；JB01010 會議及展覽服務業；I401010 一般廣告服務業；I599990 其他設計業；ZZ99999 除許可業務外，得經營法令非禁止或限制之業務,新北市,設立,11507
61276840,舜騰機車行,新北市板橋區仁化街189號(1樓),謝舜宇,200000,115/07/21,,,F214020 機車零售業；F214030 汽、機車零件配備零售業；F214050 車胎零售業；IZ99990 其他工商服務業；J101050 環境檢測服務業；JA02020 機車修理業；ZZ99999 除許可業務外，得經營法令非禁止或限制之業務,新北市,設立,11507
61276855,沐越越式洗髮,新北市板橋區中山路2段380號(1樓),阮氏花,30000,115/07/21,,,JZ99080 美容美髮服務業；F208040 化粧品零售業；ZZ99999 除許可業務外，得經營法令非禁止或限制之業務,新北市,設立,11507
61276861,鼎閎油漆工程行,新北市板橋區長江路1段371號2樓,陳建發,200000,115/07/21,,,E901010 油漆工程業；E801010 室內裝潢業；ZZ99999 除許可業務外，得經營法令非禁止或限制之業務,新北市,設立,11507
61276877,悠悠健身工作室,新北市永和區中正路417號8樓,劉芳吟,10000,115/07/21,,,J802010 運動訓練業；J803010 運動表演業；J803020 運動比賽業；I199990 其他顧問服務業；ZZ99999 除許可業務外，得經營法令非禁止或限制之業務,新北市,設立,11507
61276882,安心同行資源企業社,新北市新店區永業路81巷46號3樓,井寶琳,100000,115/07/21,,,JZ99990 未分類其他服務業；IZ99990 其他工商服務業；I199990 其他顧問服務業；ZZ99999 除許可業務外，得經營法令非禁止或限制之業務,新北市,設立,11507
61276898,立樺農產行,新北市板橋區南雅東路100巷11號(1樓),王立樺,200000,115/07/21,,,F101040 家畜家禽批發業；F201020 畜產品零售業；ZZ99999 除許可業務外，得經營法令非禁止或限制之業務,新北市,設立,11507
61276905,鳯揚企業社,新北市板橋區德興街31號,林柏良,200000,115/07/21,,,F501990 其他餐飲業,新北市,設立,11507
61276911,億菖企業社,新北市蘆洲區成功路9號3樓115年07月,黃珮芸,240000,115/07/21,,,H703090 不動產買賣業；H703100 不動產租賃業；I103060 管理顧問業；F401010 國際貿易業；ZZ99999 除許可業務外，得經營法令非禁止或限制之業務,新北市,設立,11507
61276927,天宥企業社,新北市五股區新五路3段260號5樓,李秋琴,200000,115/07/21,,,F102170 食品什貨批發業；F203010 食品什貨、飲料零售業；F107030 清潔用品批發業；F207030 清潔用品零售業；F106020 日常用品批發業；F206020 日常用品零售業；F108040 化粧品批發業；F208040 化粧品零售業；ZZ99999 除許可業務外，得經營法令非禁止或限制之業務,新北市,設立,11507
61276932,日禾屋,新北市土城區中央路4段52巷16號,劉芳如,100000,115/07/21,,,F501060 餐館業；F501990 其他餐飲業,新北市,設立,11507
61276948,樂琦企業社,新北市三重區仁愛街357巷7號2樓,陳琦婷,200000,115/07/21,,,ZZ99999 除許可業務外，得經營法令非禁止或限制之業務；F399040 無店面零售業；F108040 化粧品批發業；F208040 化粧品零售業；F104110 布疋、衣著、鞋、帽、傘、服飾品批發業；F204110 布疋、衣著、鞋、帽、傘、服飾品零售業,新北市,設立,11507
61276953,長興裝潢工程行,新北市土城區學成路68號4樓,柏有原,200000,115/07/21,,,E599010 配管工程業；E601020 電器安裝業；E603040 消防安全設備安裝工程業；E603090 照明設備安裝工程業；E801010 室內裝潢業；E801020 門窗安裝工程業；E801030 室內輕鋼架工程業；E801040 玻璃安裝工程業；E801070 廚具、衛浴設備安裝工程業；E901010 油漆工程業；E903010 防蝕、防銹工程業；EZ11010 球場跑道樹脂材料鋪設工程業；EZ99990 其他工程業；F106010 五金批發業；F111090 建材批發業；F206010 五金零售業；F211010 建材零售業；I199990 其他顧問服務業；I503010 景觀設計業；I599990 其他設計業；IZ12010 人力派遣業；J101010 建築物清潔服務業；J101030 廢棄物清除業；ZZ99999 除許可業務外，得經營法令非禁止或限制之業務,新北市,設立,11507
61276969,樂樂彩券行,新北市永和區永平路160號,陳以誠,10000,115/07/21,,,IZ14020 公益彩券經銷業,新北市,設立,11507
61276975,你好美學工作室,新北市板橋區重慶路13巷1號3樓115年07月,蔡怡玟,30000,115/07/21,,,JZ99080 美容美髮服務業；IZ99990 其他工商服務業；F208040 化粧品零售業,新北市,設立,11507
61276980,拾果樂鮮果行,新北市板橋區裕民街96號,蔡宇倫,200000,115/07/21,,,F101130 蔬果批發業；F101990 其他農、畜、水產品批發業；F102040 飲料批發業；F102170 食品什貨批發業；F201010 農產品零售業；F201990 其他農畜水產品零售業；F203010 食品什貨、飲料零售業；F399040 無店面零售業；F399990 其他綜合零售業；F401010 國際貿易業；ZZ99999 除許可業務外，得經營法令非禁止或限制之業務,新北市,設立,11507
61276996,你來啦精緻早午餐,新北市淡水區新民街180巷2號,林漢威,50000,115/07/21,,,F501060 餐館業；F501030 飲料店業；ZZ99999 除許可業務外，得經營法令非禁止或限制之業務；F399040 無店面零售業,新北市,設立,11507
61277003,飯研所小吃店,新北市汐止區大同路2段472號(1樓),莊嘉瑜,100000,115/07/21,,,F501060 餐館業,新北市,設立,11507
61277019,常展企業社,新北市新莊區後港二路1號2樓,蔡緁展,100000,115/07/21,,,F101130 蔬果批發業；F201010 農產品零售業；ZZ99999 除許可業務外，得經營法令非禁止或限制之業務,新北市,設立,11507
61277025,揚嘉檳榔,新北市板橋區新海路407號,楊嘉瑜,100000,115/07/21,,,F201990 其他農畜水產品零售業；F203010 食品什貨、飲料零售業,新北市,設立,11507
61277030,陞金商行,新北市新店區華中街49號,李寶蓮,200000,115/07/21,,,F206020 日常用品零售業；F207030 清潔用品零售業；F206010 五金零售業；F204110 布疋、衣著、鞋、帽、傘、服飾品零售業；F205040 家具、寢具、廚房器具、裝設品零售業；F399990 其他綜合零售業；ZZ99999 除許可業務外，得經營法令非禁止或限制之業務,新北市,設立,11507
61277046,過好日子工作室,新北市三重區捷運路19巷15之1號,王麗雅,200000,115/07/21,,,F106020 日常用品批發業；F203010 食品什貨、飲料零售業；F204110 布疋、衣著、鞋、帽、傘、服飾品零售業；F206020 日常用品零售業；F399040 無店面零售業；F401010 國際貿易業；I199990 其他顧問服務業；I401010 一般廣告服務業；I599990 其他設計業；IZ99990 其他工商服務業；J503020 電視節目製作業；J503050 錄影節目帶業；J601010 藝文服務業；J602010 演藝活動業；J802010 運動訓練業；JZ99030 攝影業；ZZ99999 除許可業務外，得經營法令非禁止或限制之業務,新北市,設立,11507
61277051,金舒洗自助洗衣,新北市板橋區華江九路35號115年07月,林協岏,80000,115/07/21,,,JA03010 洗衣業,新北市,設立,11507
61277067,老港口咖啡甜品工作室,新北市三重區同安街88號13樓,蒲少峰,20000,115/07/21,,,F501990 其他餐飲業；F501030 飲料店業；F501060 餐館業；F399990 其他綜合零售業；F399040 無店面零售業；F299990 其他零售業；F221010 食品添加物零售業；F213990 其他機械器具零售業；F209060 文教、樂器、育樂用品零售業；F206020 日常用品零售業；F206010 五金零售業；F205040 家具、寢具、廚房器具、裝設品零售業；F204110 布疋、衣著、鞋、帽、傘、服飾品零售業；F203030 酒精零售業；F203020 菸酒零售業；F203010 食品什貨、飲料零售業；ZZ99999 除許可業務外，得經營法令非禁止或限制之業務；J701090 錄影節目帶播映業；J603010 音樂展演空間業；J602010 演藝活動業；J601010 藝文服務業；I101090 食品顧問業；C199030 即食餐食製造業；C110010 飲料製造業；F199990 其他批發業；F102170 食品什貨批發業；F213030 電腦及事務性機器設備零售業,新北市,設立,11507
61277073,回鍋超值風味小火鍋,新北市新店區中正路501號(1樓),丁益邦,200000,115/07/21,,,F203010 食品什貨、飲料零售業；F501030 飲料店業；F501060 餐館業；F501990 其他餐飲業；ZZ99999 除許可業務外，得經營法令非禁止或限制之業務,新北市,設立,11507
61277088,众協商行,新北市新莊區五工一路100號,陳林佑,240000,115/07/21,,,F206010 五金零售業；ZZ99999 除許可業務外，得經營法令非禁止或限制之業務,新北市,設立,11507
61277094,啟翔花藝坊,新北市新店區安興路125之15號7樓,羅家興,200000,115/07/21,,,F201010 農產品零售業；A102080 園藝服務業；F201070 花卉零售業；ZZ99999 除許可業務外，得經營法令非禁止或限制之業務,新北市,設立,11507
61277101,美仁養身饅頭舖,新北市深坑區北深路2段185號115年07月,陳懿甄,100000,115/07/21,,,F203010 食品什貨、飲料零售業,新北市,設立,11507
61277117,境石工作室,新北市新店區安興路127之6號12樓,劉曼如,100000,115/07/21,,,J101010 建築物清潔服務業；EZ99990 其他工程業；JA02990 其他修理業；E801010 室內裝潢業；E901010 油漆工程業；I503010 景觀設計業；IZ99990 其他工商服務業；F399040 無店面零售業；F111090 建材批發業；F211010 建材零售業；J404050 電影特效製作業；J503040 廣播電視廣告業；J404010 動畫影片製作業；J401010 電影片製作業；I301010 資訊軟體服務業；F401010 國際貿易業；ZZ99999 除許可業務外，得經營法令非禁止或限制之業務,新北市,設立,11507
61277123,鼎辰工程行,新北市中和區宜安路112號6樓,洪秉辰,200000,115/07/22,,,F211010 建材零售業；F206040 水器材料零售業；F213010 電器零售業；F219010 電子材料零售業；F111090 建材批發業；F106040 水器材料批發業；F113020 電器批發業；F119010 電子材料批發業；E801010 室內裝潢業；E901010 油漆工程業；EZ99990 其他工程業；ZZ99999 除許可業務外，得經營法令非禁止或限制之業務；F217010 消防安全設備零售業,新北市,設立,11507
61277138,夾到飽店,新北市土城區青雲路207號,劉亮亮,50000,115/07/23,,,F209060 文教、樂器、育樂用品零售業,新北市,設立,11507
61277159,旭沛智能洗商行,新北市永和區永貞路70巷12號,申旭民,10000,115/07/21,,,JA01990 其他汽車服務業；F207030 清潔用品零售業；JZ99990 未分類其他服務業；ZZ99999 除許可業務外，得經營法令非禁止或限制之業務,新北市,設立,11507
61277165,鑫辰企業社,新北市中和區景新街338號12樓115年07月,林俊廷,100000,115/07/21,,,F114030 汽、機車零件配備批發業；F114050 車胎批發業；JA02020 機車修理業；JA02990 其他修理業；F114020 機車批發業；F113990 其他機械器具批發業；F214050 車胎零售業；F214030 汽、機車零件配備零售業；JA02030 自行車修理業；IZ12010 人力派遣業；IZ99990 其他工商服務業；ZZ99999 除許可業務外，得經營法令非禁止或限制之業務,新北市,設立,11507
61277171,開皇車業,新北市中和區福美路255號(1樓),薛惠玲,200000,115/07/21,,,JA02020 機車修理業；F214020 機車零售業；F214030 汽、機車零件配備零售業；F214050 車胎零售業；JA01990 其他汽車服務業；J101990 其他環境衛生及污染防治服務業；ZZ99999 除許可業務外，得經營法令非禁止或限制之業務,新北市,設立,11507
61277186,正禾味餐坊,新北市三峽區大仁路2號,廖英州,200000,115/07/21,,,F501060 餐館業,新北市,設立,11507
61277192,安德烈林攝影工作室,新北市鶯歌區國華路39號,林志諺,100000,115/07/21,,,JZ99030 攝影業；J401010 電影片製作業；J402010 電影片發行業；F206020 日常用品零售業；J304010 圖書出版業；J303010 雜誌（期刊）出版業；I301010 資訊軟體服務業；J302010 通訊稿業；F399040 無店面零售業；I401010 一般廣告服務業；J601010 藝文服務業；I199990 其他顧問服務業；I301030 電子資訊供應服務業；F209060 文教、樂器、育樂用品零售業；F109070 文教、樂器、育樂用品批發業；J602010 演藝活動業,新北市,設立,11507
61277209,囍居藝術設計,新北市樹林區大安路345號5樓,鄭志豪,200000,115/07/21,,,I503010 景觀設計業；E801010 室內裝潢業；E599010 配管工程業；E601010 電器承裝業；E601020 電器安裝業；E603010 電纜安裝工程業；E603040 消防安全設備安裝工程業；E603050 自動控制設備工程業；E603090 照明設備安裝工程業；E603130 燃氣熱水器承裝業；E801070 廚具、衛浴設備安裝工程業；ZZ99999 除許可業務外，得經營法令非禁止或限制之業務,新北市,設立,11507
61277215,拾研商行,新北市板橋區三民路2段28號9樓,蘇乃瑜,100000,115/07/21,,,F199990 其他批發業；F299990 其他零售業；F399040 無店面零售業；I401010 一般廣告服務業；ZZ99999 除許可業務外，得經營法令非禁止或限制之業務,新北市,設立,11507
61277221,哲明學苑,新北市樹林區桃子腳路110號10樓115年07月,莊明勳,10000,115/07/21,,,I103060 管理顧問業；I199990 其他顧問服務業；J202010 產業育成業；F209060 文教、樂器、育樂用品零售業；ZZ99999 除許可業務外，得經營法令非禁止或限制之業務,新北市,設立,11507
61277236,阿巴農產行,新北市中和區國光街6巷12號4樓,黃懷萱,200000,115/07/21,,,A101020 農作物栽培業；A101030 特用作物栽培業；A101040 食用菌菇類栽培業；A101050 花卉栽培業；A102020 農產品整理業；A102050 作物栽培服務業；A102060 糧商業；A102070 菸草整理業；A102080 園藝服務業；A199990 其他農業；F101040 家畜家禽批發業；F101130 蔬果批發業；F101990 其他農、畜、水產品批發業；F102170 食品什貨批發業；F201010 農產品零售業；F201990 其他農畜水產品零售業；F203010 食品什貨、飲料零售業；ZZ99999 除許可業務外，得經營法令非禁止或限制之業務,新北市,設立,11507
61277242,豪帥手機配件行,新北市土城區裕民路38號,郭品妤,200000,115/07/21,,,F207190 塑膠膜、袋零售業；F213060 電信器材零售業；F299990 其他零售業；JZ99990 未分類其他服務業；ZZ99999 除許可業務外，得經營法令非禁止或限制之業務,新北市,設立,11507
61277257,烈創科技企業社,新北市林口區公園路3號9樓,黃凡烈,200000,115/07/21,,,I103060 管理顧問業；I199990 其他顧問服務業；IZ99990 其他工商服務業；I301010 資訊軟體服務業；I301030 電子資訊供應服務業；ZZ99999 除許可業務外，得經營法令非禁止或限制之業務,新北市,設立,11507
61277263,海鑫渡船頭店,新北市八里區渡船頭街21巷10號(1樓),郭順昌,100000,115/07/22,,,F209060 文教、樂器、育樂用品零售業,新北市,設立,11507
61277279,恩宇企業社,新北市汐止區忠孝東路522號5樓,陳冠宇,200000,115/07/21,,,G799990 其他運輸輔助業；G801010 倉儲業；IZ06010 理貨包裝業；IZ99990 其他工商服務業；JZ99990 未分類其他服務業；ZZ99999 除許可業務外，得經營法令非禁止或限制之業務,新北市,設立,11507
61277284,協作赤肉羮,新北市三峽區橫溪路136號(1樓) 115年07月,蕭文豪,100000,115/07/21,,,F203010 食品什貨、飲料零售業；F501990 其他餐飲業；ZZ99999 除許可業務外，得經營法令非禁止或限制之業務,新北市,設立,11507
61277290,慕寓室內裝修工程行,新北市中和區民治街17巷4號2樓115年07月,郭韋辰,200000,115/07/21,,,F106010 五金批發業；F106040 水器材料批發業；F107010 漆料、塗料批發業；F111090 建材批發業；F117010 消防安全設備批發業；F120010 耐火材料批發業；F199990 其他批發業；F206010 五金零售業；F206040 水器材料零售業；F207010 漆料、塗料零售業；F211010 建材零售業；F217010 消防安全設備零售業；F220010 耐火材料零售業；F299990 其他零售業；F399040 無店面零售業；E502010 燃料導管安裝工程業；E599010 配管工程業；E601020 電器安裝業；E603010 電纜安裝工程業；E603020 電梯安裝工程業；E603040 消防安全設備安裝工程業；E603080 交通號誌安裝工程業；E603090 照明設備安裝工程業；E603100 電焊工程業；E701010 電信工程業；E701040 簡易電信設備安裝業；E801010 室內裝潢業；E801020 門窗安裝工程業；E801030 室內輕鋼架工程業；E801040 玻璃安裝工程業；E801060 室內裝修業（註：名稱應標明「室內裝修」字樣）；E801070 廚具、衛浴設備安裝工程業；E901010 油漆工程業；E903010 防蝕、防銹工程業；EZ05010 儀器、儀表安裝工程業；EZ06010 交通標示工程業；EZ99990 其他工程業；I503010 景觀設計業；I599990 其他設計業；IZ12010 人力派遣業；JZ99050 仲介服務業；JZ99990 未分類其他服務業；ZZ99999 除許可業務外，得經營法令非禁止或限制之業務,新北市,設立,11507
61277307,悠可所工作室,新北市新莊區福壽街14巷9號9樓,楊棠鈞,200000,115/07/22,,,F399040 無店面零售業；F104110 布疋、衣著、鞋、帽、傘、服飾品批發業；F401010 國際貿易業；F102170 食品什貨批發業；F105050 家具、寢具、廚房器具、裝設品批發業；F106020 日常用品批發業；F106050 陶瓷玻璃器皿批發業；F110020 眼鏡批發業；F204110 布疋、衣著、鞋、帽、傘、服飾品零售業；ZZ99999 除許可業務外，得經營法令非禁止或限制之業務,新北市,設立,11507
61277313,沐橘橘工作室,新北市新莊區天祥街81巷13號2樓,陳宏奕,200000,115/07/22,,,F399040 無店面零售業；F206020 日常用品零售業；F209060 文教、樂器、育樂用品零售業；F299990 其他零售業；F399990 其他綜合零售業；F203010 食品什貨、飲料零售業；F204110 布疋、衣著、鞋、帽、傘、服飾品零售業；F208040 化粧品零售業；F213010 電器零售業；F401010 國際貿易業；ZZ99999 除許可業務外，得經營法令非禁止或限制之業務,新北市,設立,11507
61277329,岩築工程行,新北市新莊區新北大道4段175號3樓,郭婷雅,240000,115/07/22,,,EZ99990 其他工程業；E801010 室內裝潢業；J101030 廢棄物清除業；J101040 廢棄物處理業；E901010 油漆工程業；J101010 建築物清潔服務業；F111090 建材批發業；F211010 建材零售業；F106010 五金批發業；F206010 五金零售業；E801020 門窗安裝工程業；E801030 室內輕鋼架工程業；E801040 玻璃安裝工程業；E801070 廚具、衛浴設備安裝工程業；E903010 防蝕、防銹工程業；I501010 產品設計業；I503010 景觀設計業；I401010 一般廣告服務業；F401010 國際貿易業；ZZ99999 除許可業務外，得經營法令非禁止或限制之業務,新北市,設立,11507
61277334,金珠緣養生館,新北市八里區華峰一街48號,黎氏貝,200000,115/07/22,,,JZ99080 美容美髮服務業,新北市,設立,11507
61277340,硯丘工作室,新北市樹林區佳園路2段89號2樓,陳慶煌,100000,115/07/22,,,I301010 資訊軟體服務業；I301020 資料處理服務業；I301030 電子資訊供應服務業；ZZ99999 除許可業務外，得經營法令非禁止或限制之業務,新北市,設立,11507
61277355,魚寶自助洗衣坊,新北市瑞芳區魚坑路191號(1樓) 115年07月,吳佳融,50000,115/07/22,,,JA03010 洗衣業,新北市,設立,11507
61277361,霓鎂工作室,新北市中和區景平路588巷24號2樓,紀盈如,200000,115/07/22,,,JZ99080 美容美髮服務業,新北市,設立,11507
61277377,法托人工智慧工作室,新北市中和區中山路2段301之19號,洛阿明,50000,115/07/22,,,I301010 資訊軟體服務業；I301020 資料處理服務業；I301030 電子資訊供應服務業；I199990 其他顧問服務業；J399010 軟體出版業,新北市,設立,11507
61277382,哈娜時尚髮藝沙龍,新北市蘆洲區永樂街26巷8號(1樓),陳怡甄,10000,115/07/22,,,JZ99080 美容美髮服務業,新北市,設立,11507
61277398,鑫福麵舖,新北市汐止區水源路1段260號,顏勳豪,200000,115/07/22,,,F501060 餐館業；F203010 食品什貨、飲料零售業；F203020 菸酒零售業；F399040 無店面零售業；ZZ99999 除許可業務外，得經營法令非禁止或限制之業務,新北市,設立,11507
61277405,菲比拾光美甲工作室,新北市板橋區松柏街15巷17號,張雅筑,30000,115/07/22,,,F208040 化粧品零售業；F399040 無店面零售業；JZ99080 美容美髮服務業,新北市,設立,11507
61277411,致緯國際智權顧問工作室,新北市板橋區大觀路2段154號(1樓),吳致緯,200000,115/07/22,,,I103060 管理顧問業；I199990 其他顧問服務業；ZZ99999 除許可業務外，得經營法令非禁止或限制之業務；IG01010 生物技術服務業；IG02010 研究發展服務業；F601010 智慧財產權業,新北市,設立,11507
61277427,譓心的店,新北市板橋區介壽街34號(1樓),黃譓心,100000,115/07/22,,,F501060 餐館業；ZZ99999 除許可業務外，得經營法令非禁止或限制之業務,新北市,設立,11507
61277432,柴境商行,新北市三峽區三樹路66號（1樓）,徐龍翊,50000,115/07/22,,,F106060 寵物食品及其用品批發業；F206050 寵物食品及其用品零售業；F102170 食品什貨批發業；F203010 食品什貨、飲料零售業；F501060 餐館業；F501030 飲料店業；ZZ99999 除許可業務外，得經營法令非禁止或限制之業務,新北市,設立,11507
61277448,珍美晶玲企業社,新北市永和區中正路417號8樓,黃惠玲,200000,115/07/22,,,F399040 無店面零售業；F215010 首飾及貴金屬零售業；F215020 礦石零售業；F204110 布疋、衣著、鞋、帽、傘、服飾品零售業；F206010 五金零售業；F206020 日常用品零售業；F209060 文教、樂器、育樂用品零售業；F401010 國際貿易業；J601010 藝文服務業；I105010 藝術品諮詢顧問業；I599990 其他設計業；ZZ99999 除許可業務外，得經營法令非禁止或限制之業務,新北市,設立,11507
61277453,一零貳一餐飲,新北市新莊區化成路814巷21弄2號,陳駿逸,200000,115/07/22,,,G801010 倉儲業；F203010 食品什貨、飲料零售業,新北市,設立,11507
61277469,軒豪隔熱應材商行,新北市汐止區大同路2段432號(1樓) 115年07月,楊宜峰,200000,115/07/22,,,F214030 汽、機車零件配備零售業；JA01990 其他汽車服務業；F114030 汽、機車零件配備批發業；ZZ99999 除許可業務外，得經營法令非禁止或限制之業務,新北市,設立,11507
61277475,星蔚工作室,新北市新店區竹林路72巷1號3樓,陳妍伃,100000,115/07/22,,,F109070 文教、樂器、育樂用品批發業；F209060 文教、樂器、育樂用品零售業；F104110 布疋、衣著、鞋、帽、傘、服飾品批發業；F204110 布疋、衣著、鞋、帽、傘、服飾品零售業；F106020 日常用品批發業；F206020 日常用品零售業；F399990 其他綜合零售業；F401010 國際貿易業；F399040 無店面零售業；I301010 資訊軟體服務業；I301020 資料處理服務業；I301030 電子資訊供應服務業；I401010 一般廣告服務業；JE01010 租賃業,新北市,設立,11507
61277480,雲舒優品企業社,新北市板橋區大智街68號,陳駿杰,200000,115/07/22,,,F401010 國際貿易業；F215010 首飾及貴金屬零售業；F215020 礦石零售業；F115010 首飾及貴金屬批發業；F115020 礦石批發業；F399040 無店面零售業；ZZ99999 除許可業務外，得經營法令非禁止或限制之業務,新北市,設立,11507
61277496,妍妍美容店,新北市中和區景安路145號(1樓) 115年07月,丁筱芸,200000,115/07/22,,,JZ99080 美容美髮服務業；ZZ99999 除許可業務外，得經營法令非禁止或限制之業務,新北市,設立,11507
61277502,初映企業社,新北市板橋區重慶里國慶路167巷5號（1樓）,戴子潔,60000,115/07/22,,,F104110 布疋、衣著、鞋、帽、傘、服飾品批發業；F105050 家具、寢具、廚房器具、裝設品批發業；F106010 五金批發業；F106020 日常用品批發業；F106050 陶瓷玻璃器皿批發業；F107030 清潔用品批發業；F108040 化粧品批發業；F113050 電腦及事務性機器設備批發業；F113070 電信器材批發業；F113110 電池批發業；F119010 電子材料批發業；F203010 食品什貨、飲料零售業；F102040 飲料批發業；F102170 食品什貨批發業；F204110 布疋、衣著、鞋、帽、傘、服飾品零售業；F205040 家具、寢具、廚房器具、裝設品零售業；F206010 五金零售業；F206020 日常用品零售業；F207030 清潔用品零售業；F208040 化粧品零售業；F209060 文教、樂器、育樂用品零售業；F213030 電腦及事務性機器設備零售業；F213110 電池零售業；F219010 電子材料零售業；F399040 無店面零售業；F299990 其他零售業；F401010 國際貿易業；F399990 其他綜合零售業；F213060 電信器材零售業；F109070 文教、樂器、育樂用品批發業；F113020 電器批發業；F213010 電器零售業；F199990 其他批發業,新北市,設立,11507
61277518,嗨玩娃娃屋,新北市新莊區豐年街6號,劉冬華,100000,115/07/23,,,F209060 文教、樂器、育樂用品零售業；F299990 其他零售業；ZZ99999 除許可業務外，得經營法令非禁止或限制之業務,新北市,設立,11507
61277524,承勳食府,新北市淡水區學府路156號115年07月,林世展,168000,115/07/22,,,F203010 食品什貨、飲料零售業；F501060 餐館業；F501990 其他餐飲業；ZZ99999 除許可業務外，得經營法令非禁止或限制之業務,新北市,設立,11507
61277539,匠益工程行,新北市樹林區柑園街2段384巷7號,郭宏益,245000,115/07/22,,,ZZ99999 除許可業務外，得經營法令非禁止或限制之業務；E603100 電焊工程業；E603110 冷作工程業；E603120 噴砂工程業；E603050 自動控制設備工程業；E603040 消防安全設備安裝工程業；E603080 交通號誌安裝工程業；E801020 門窗安裝工程業；E801030 室內輕鋼架工程業；E801040 玻璃安裝工程業；E901010 油漆工程業；E903010 防蝕、防銹工程業；E801070 廚具、衛浴設備安裝工程業；EZ02010 起重工程業；EZ05010 儀器、儀表安裝工程業；EZ99990 其他工程業；F220010 耐火材料零售業；F211010 建材零售業；F399040 無店面零售業；F401010 國際貿易業,新北市,設立,11507
61277545,上霖工程行,新北市蘆洲區信義路280巷12號4樓,許建霖,200000,115/07/22,,,E599010 配管工程業；E601010 電器承裝業；E603040 消防安全設備安裝工程業；E603090 照明設備安裝工程業；E701040 簡易電信設備安裝業；E801010 室內裝潢業；E801030 室內輕鋼架工程業；E903010 防蝕、防銹工程業；E801070 廚具、衛浴設備安裝工程業；E901010 油漆工程業；F107010 漆料、塗料批發業；F401010 國際貿易業；F213010 電器零售業；F206040 水器材料零售業；ZZ99999 除許可業務外，得經營法令非禁止或限制之業務,新北市,設立,11507
61277550,車路頭肉圓店,新北市三重區車路頭街48號,劉松明,50000,115/07/22,,,F501060 餐館業,新北市,設立,11507
61277566,傑東企業社,新北市鶯歌區鶯桃路2段30號(1樓) 115年07月,鄭元傑,200000,115/07/22,,,F113050 電腦及事務性機器設備批發業；F213030 電腦及事務性機器設備零售業；F113070 電信器材批發業；F213060 電信器材零售業；IE01010 電信業務門號代辦業；E701040 簡易電信設備安裝業；JA02010 電器及電子產品修理業；JA02990 其他修理業；IZ99990 其他工商服務業；ZZ99999 除許可業務外，得經營法令非禁止或限制之業務,新北市,設立,11507
61277572,木生花工作室,新北市三重區重陽路4段130號12樓,王安孍,200000,115/07/22,,,I401010 一般廣告服務業；J602010 演藝活動業；J601010 藝文服務業；I301030 電子資訊供應服務業；I301060 網路廣告平臺業；J304010 圖書出版業；J305010 有聲出版業；J399990 其他出版業；F601010 智慧財產權業；F399040 無店面零售業；F209060 文教、樂器、育樂用品零售業；F215010 首飾及貴金屬零售業；F215020 礦石零售業；I501010 產品設計業；I599990 其他設計業；IZ99990 其他工商服務業；JZ99990 未分類其他服務業；ZZ99999 除許可業務外，得經營法令非禁止或限制之業務,新北市,設立,11507
61277587,堯喨商行,新北市新莊區中央路568號11樓,陳堯喨,200000,115/07/22,,,F399040 無店面零售業,新北市,設立,11507
61277593,預設之外工作室,新北市永和區中山路1段322號4樓,温柔,200000,115/07/22,,,I401010 一般廣告服務業；J602010 演藝活動業；F399040 無店面零售業；ZZ99999 除許可業務外，得經營法令非禁止或限制之業務,新北市,設立,11507
61277600,御珠園商行,新北市新莊區中港路531巷10號6樓,張裕瓚,200000,115/07/22,,,F104110 布疋、衣著、鞋、帽、傘、服飾品批發業；F109070 文教、樂器、育樂用品批發業；F204110 布疋、衣著、鞋、帽、傘、服飾品零售業；F209060 文教、樂器、育樂用品零售業；F199990 其他批發業；F299990 其他零售業；J799990 其他休閒服務業；JZ99990 未分類其他服務業；ZZ99999 除許可業務外，得經營法令非禁止或限制之業務,新北市,設立,11507
61277616,尼所謂設計工作室,新北市中和區秀峰街97號115年07月,范嘉珍,200000,115/07/22,,,JB01010 會議及展覽服務業；ZZ99999 除許可業務外，得經營法令非禁止或限制之業務；J601010 藝文服務業；JI01010 互動式情境體驗服務業；JZ99990 未分類其他服務業,新北市,設立,11507
61277622,金輝矽利康工程行,新北市三重區重陽路1段60巷88號3樓,黃金輝,200000,115/07/22,,,E801010 室內裝潢業；E801020 門窗安裝工程業；E801030 室內輕鋼架工程業；E801040 玻璃安裝工程業；EZ99990 其他工程業；E903010 防蝕、防銹工程業；E901010 油漆工程業；E801070 廚具、衛浴設備安裝工程業；F106010 五金批發業；F111090 建材批發業；I503010 景觀設計業；F107010 漆料、塗料批發業；J101030 廢棄物清除業；ZZ99999 除許可業務外，得經營法令非禁止或限制之業務,新北市,設立,11507
61277637,瘋狂方程式模型車專賣店,新北市新店區民權路153號4樓,譚盛文,240000,115/07/22,,,F109070 文教、樂器、育樂用品批發業；F209060 文教、樂器、育樂用品零售業；F401010 國際貿易業,新北市,設立,11507
61277643,周大師商行,新北市三重區仁愛街125巷81號(1樓),方柏仁,100000,115/07/22,,,I401010 一般廣告服務業；JZ99990 未分類其他服務業；ZZ99999 除許可業務外，得經營法令非禁止或限制之業務；F399040 無店面零售業；I199990 其他顧問服務業,新北市,設立,11507
61277658,蟹滿客小吃店,新北市萬里區龜吼里漁澳16之6號,方弈元,50000,115/07/22,,,F501060 餐館業；ZZ99999 除許可業務外，得經營法令非禁止或限制之業務,新北市,設立,11507
61277664,和品屋小吃店,新北市新莊區中正路514巷11號(1樓),卓品岑,200000,115/07/22,,,F501060 餐館業,新北市,設立,11507
61277670,新北市路卡商行,新北市淡水區北新路69巷42之1號18樓115年07月,賴根汎,240000,115/07/22,,,F399040 無店面零售業；F106010 五金批發業；F206010 五金零售業；F109070 文教、樂器、育樂用品批發業；F209060 文教、樂器、育樂用品零售業；F104110 布疋、衣著、鞋、帽、傘、服飾品批發業；F204110 布疋、衣著、鞋、帽、傘、服飾品零售業；F199990 其他批發業；F299990 其他零售業；F401010 國際貿易業；F102170 食品什貨批發業；F203010 食品什貨、飲料零售業；ZZ99999 除許可業務外，得經營法令非禁止或限制之業務,新北市,設立,11507
61277685,張晃維電影工作室,新北市汐止區樟樹二路297號3樓,張晃維,248000,115/07/22,,,J401010 電影片製作業；J503020 電視節目製作業；I401010 一般廣告服務業；J404010 動畫影片製作業；J404050 電影特效製作業；J503010 廣播節目製作業；JZ99030 攝影業；F601010 智慧財產權業；I301010 資訊軟體服務業；I301030 電子資訊供應服務業；J305010 有聲出版業；ZZ99999 除許可業務外，得經營法令非禁止或限制之業務,新北市,設立,11507
61277691,双財商行,新北市林口區麗園二街2號,劉玟伶,50000,115/07/23,,,F501060 餐館業；F203010 食品什貨、飲料零售業；F201020 畜產品零售業；ZZ99999 除許可業務外，得經營法令非禁止或限制之業務,新北市,設立,11507
61277708,富利旺企業社,新北市新店區安德街148巷11弄4號3樓,黃姿鈴,200000,115/07/23,,,F399010 便利商店業；ZZ99999 除許可業務外，得經營法令非禁止或限制之業務,新北市,設立,11507
61277714,安禾餐飲,新北市土城區中央路2段61巷26號(1樓),陳述安,100000,115/07/23,,,F501060 餐館業,新北市,設立,11507
61277720,您會發商行,新北市中和區景新街338號12樓,汪鈺峰,200000,115/07/23,,,F201010 農產品零售業；F201030 水產品零售業；F201020 畜產品零售業；F203010 食品什貨、飲料零售業；F101050 水產品批發業；F101130 蔬果批發業；F102170 食品什貨批發業；F101040 家畜家禽批發業；F401010 國際貿易業；IZ06010 理貨包裝業；IZ99990 其他工商服務業；G799990 其他運輸輔助業；I501010 產品設計業；IZ12010 人力派遣業；JA01990 其他汽車服務業；JE01010 租賃業；JZ99050 仲介服務業；ZZ99999 除許可業務外，得經營法令非禁止或限制之業務,新北市,設立,11507
61277735,粉特喜工作室,新北市板橋區四川路1段23號9樓,吳容瑋,200000,115/07/23,,,J401010 電影片製作業；J601010 藝文服務業；J602010 演藝活動業；F203010 食品什貨、飲料零售業；F206020 日常用品零售業；F399040 無店面零售業；I301060 網路廣告平臺業；ZZ99999 除許可業務外，得經營法令非禁止或限制之業務,新北市,設立,11507
61277741,日日鍋燒專賣店,新北市新莊區新豐街８號115年07月,林柔薰,100000,115/07/23,,,F501060 餐館業,新北市,設立,11507
61277756,榆禾工作室,新北市板橋區介壽街53號3樓,陳桐安,100000,115/07/23,,,I301030 電子資訊供應服務業；I301060 網路廣告平臺業；I401010 一般廣告服務業；J602010 演藝活動業；JZ99990 未分類其他服務業,新北市,設立,11507
61277762,揉時光手作蛋餅,新北市板橋區新海路59號,陳怡如,150000,115/07/23,,,F501990 其他餐飲業,新北市,設立,11507
61277778,小猴聲活館,新北市蘆洲區中山一路120巷17號5樓,彭心盈,100000,115/07/23,,,F219010 電子材料零售業；F204110 布疋、衣著、鞋、帽、傘、服飾品零售業；F209060 文教、樂器、育樂用品零售業；F213010 電器零售業；F399040 無店面零售業,新北市,設立,11507
61277783,歐美家實業企業社,新北市三重區三和路1段41之1號5樓,歐宇倢,100000,115/07/23,,,J101010 建築物清潔服務業；J101990 其他環境衛生及污染防治服務業；F107030 清潔用品批發業；F207030 清潔用品零售業；F113020 電器批發業；F213010 電器零售業；ZZ99999 除許可業務外，得經營法令非禁止或限制之業務,新北市,設立,11507
61277799,沅尚工程行,新北市鶯歌區鳳鳴里龍三路53號5樓,陳書銘,200000,115/07/23,,,E901010 油漆工程業；EZ99990 其他工程業；E801010 室內裝潢業；E599010 配管工程業；E603010 電纜安裝工程業；E603090 照明設備安裝工程業；E603100 電焊工程業；E603110 冷作工程業；E603120 噴砂工程業；E801020 門窗安裝工程業；E801030 室內輕鋼架工程業；E801040 玻璃安裝工程業；E801070 廚具、衛浴設備安裝工程業；E903010 防蝕、防銹工程業；E603040 消防安全設備安裝工程業；EZ02010 起重工程業；E604010 機械安裝業；F111090 建材批發業；F113010 機械批發業；F106010 五金批發業；F199010 回收物料批發業；F206010 五金零售業；F213990 其他機械器具零售業；ZZ99999 除許可業務外，得經營法令非禁止或限制之業務,新北市,設立,11507
61277806,承豐商行,新北市板橋區永豐街1號(1樓),黃清怡,30000,115/07/23,,,F203010 食品什貨、飲料零售業；F501990 其他餐飲業；ZZ99999 除許可業務外，得經營法令非禁止或限制之業務,新北市,設立,11507
61277812,阿溥商號,新北市三重區三和路3段146號(1樓) 115年07月,林昱溥,200000,115/07/23,,,F203010 食品什貨、飲料零售業；F501990 其他餐飲業；ZZ99999 除許可業務外，得經營法令非禁止或限制之業務,新北市,設立,11507
61277828,萬福工程行,新北市板橋區互助街61號3樓,陳永全,200000,115/07/23,,,F111090 建材批發業；F106010 五金批發業；E601020 電器安裝業；E603100 電焊工程業；E801030 室內輕鋼架工程業；E901010 油漆工程業；EZ02010 起重工程業；E801020 門窗安裝工程業；F401010 國際貿易業；ZZ99999 除許可業務外，得經營法令非禁止或限制之業務,新北市,設立,11507
61277833,大智大企業社,新北市三重區大智街63號(1樓),徐聖崴,200000,115/07/24,,,F209060 文教、樂器、育樂用品零售業；F203010 食品什貨、飲料零售業,新北市,設立,11507
61277849,梅鴨力藝術坊,新北市新店區雙城路2巷6號,麥庭瑋,249900,115/07/23,,,C901010 陶瓷及陶瓷製品製造業；JB01010 會議及展覽服務業；I501010 產品設計業；F206020 日常用品零售業；J601010 藝文服務業；F203010 食品什貨、飲料零售業；C802990 其他化學製品製造業；J101080 資源回收業；F203020 菸酒零售業,新北市,設立,11507
61277854,怡盛企業社,新北市板橋區中山路1段10號11樓,陳怡廷,200000,115/07/23,,,F108040 化粧品批發業；F208040 化粧品零售業；JZ99080 美容美髮服務業；F106010 五金批發業；F107030 清潔用品批發業；F207030 清潔用品零售業；ZZ99999 除許可業務外，得經營法令非禁止或限制之業務,新北市,設立,11507
61277860,好口味便當商號,新北市中和區中山路3段162號115年07月,蔡依庭,180000,115/07/23,,,F203010 食品什貨、飲料零售業；F206020 日常用品零售業；ZZ99999 除許可業務外，得經營法令非禁止或限制之業務,新北市,設立,11507
61277876,銀杏映像工作室,新北市新莊區天祥街91巷5號5樓,林効賢,200000,115/07/23,,,F116010 照相器材批發業；F216010 照相器材零售業；F206010 五金零售業；F206020 日常用品零售業；F209060 文教、樂器、育樂用品零售業；F109070 文教、樂器、育樂用品批發業；I401010 一般廣告服務業；I501010 產品設計業；I599990 其他設計業；J401010 電影片製作業；J601010 藝文服務業；JB01010 會議及展覽服務業；JZ99030 攝影業；JE01010 租賃業；J304010 圖書出版業；J305010 有聲出版業；J303010 雜誌（期刊）出版業；J399990 其他出版業；J604010 聲音錄製及音樂發行業；F399040 無店面零售業；F601010 智慧財產權業；ZZ99999 除許可業務外，得經營法令非禁止或限制之業務,新北市,設立,11507
61277881,滴滴美甲工作室,新北市新莊區民安西路78巷6號,吳芷伶,200000,115/07/23,,,JZ99080 美容美髮服務業；F208040 化粧品零售業；ZZ99999 除許可業務外，得經營法令非禁止或限制之業務,新北市,設立,11507
61277897,艾立方髮廊,新北市新莊區中原路183巷9號（1樓）,項羽蝶,100000,115/07/23,,,JZ99080 美容美髮服務業,新北市,設立,11507
61277904,沅祐工程行,新北市板橋區光復街52巷7號4樓,吳加琪,200000,115/07/23,,,E599010 配管工程業；E601010 電器承裝業；E601020 電器安裝業；E603090 照明設備安裝工程業；EZ99990 其他工程業；J101010 建築物清潔服務業；J101030 廢棄物清除業；J101090 廢棄物清理業；ZZ99999 除許可業務外，得經營法令非禁止或限制之業務,新北市,設立,11507
61277910,趨勢男髮店,新北市板橋區文化路1段435巷7號(2樓),李怡萱,200000,115/07/23,,,JZ99080 美容美髮服務業；ZZ99999 除許可業務外，得經營法令非禁止或限制之業務,新北市,設立,11507
61277926,春夏秋冬季節美食會館,新北市林口區仁愛路1段252號,陳士傳,120000,115/07/23,,,F501060 餐館業；F501030 飲料店業；F203010 食品什貨、飲料零售業；F206020 日常用品零售業；J799990 其他休閒服務業,新北市,設立,11507
61277931,妙榮素食坊,新北市板橋區大明街20巷27號115年07月,沈勝榮,1000,115/07/23,,,F203010 食品什貨、飲料零售業,新北市,設立,11507
61277947,羽甯商行,新北市樹林區保安街2段111號5樓,陳欣尉,100000,115/07/23,,,F203010 食品什貨、飲料零售業；F204110 布疋、衣著、鞋、帽、傘、服飾品零售業；F205040 家具、寢具、廚房器具、裝設品零售業；F206010 五金零售業；F206020 日常用品零售業；F206050 寵物食品及其用品零售業；F207030 清潔用品零售業；F207190 塑膠膜、袋零售業；F208040 化粧品零售業；F209060 文教、樂器、育樂用品零售業；F210020 眼鏡零售業；F213060 電信器材零售業；F215010 首飾及貴金屬零售業；F219010 電子材料零售業；F299990 其他零售業；F399040 無店面零售業；F399990 其他綜合零售業；F401010 國際貿易業,新北市,設立,11507
61277952,洪記正港味便當店,新北市新莊區中原路１８７之１號,秦家偉,200000,115/07/23,,,F203010 食品什貨、飲料零售業,新北市,設立,11507
61277968,瓦可思工作室,新北市三重區成功一街22之2號,顏辰潔,200000,115/07/23,,,F104110 布疋、衣著、鞋、帽、傘、服飾品批發業；F199990 其他批發業；F204110 布疋、衣著、鞋、帽、傘、服飾品零售業；F299990 其他零售業；F399040 無店面零售業；F206020 日常用品零售業；F209060 文教、樂器、育樂用品零售業；ZZ99999 除許可業務外，得經營法令非禁止或限制之業務,新北市,設立,11507
61277974,福家牛肉麵,新北市樹林區保安街1段102號(1樓),阮英皇,50000,115/07/23,,,F501060 餐館業,新北市,設立,11507
61277989,粹茶企業社,新北市中和區中正路732之2號(1樓) 115年07月,江宜盈,200000,115/07/24,,,G801010 倉儲業；F102040 飲料批發業；F102170 食品什貨批發業；F104110 布疋、衣著、鞋、帽、傘、服飾品批發業；F106020 日常用品批發業；F108040 化粧品批發業；F199990 其他批發業；F203010 食品什貨、飲料零售業；F206020 日常用品零售業；F208040 化粧品零售業；F299990 其他零售業；F399040 無店面零售業；F401010 國際貿易業；F501030 飲料店業；F501060 餐館業；F501990 其他餐飲業；I103060 管理顧問業；I401010 一般廣告服務業；ZZ99999 除許可業務外，得經營法令非禁止或限制之業務,新北市,設立,11507
61277995,食吾滿商行,新北市新店區車子路14號,楊庭緯,100000,115/07/24,,,F501060 餐館業；F501990 其他餐飲業；F399990 其他綜合零售業；F106060 寵物食品及其用品批發業；I199990 其他顧問服務業；ZZ99999 除許可業務外，得經營法令非禁止或限制之業務,新北市,設立,11507
61278002,微雨拾藝工作室,新北市樹林區佳園路3段101巷62弄12號,陳嘉蔚,100000,115/07/24,,,F104110 布疋、衣著、鞋、帽、傘、服飾品批發業；F106020 日常用品批發業；F204110 布疋、衣著、鞋、帽、傘、服飾品零售業；F206020 日常用品零售業；F399040 無店面零售業；I599990 其他設計業；I501010 產品設計業,新北市,設立,11507
61278018,明明兄弟商行,新北市中和區德光路138號10樓,余明坡,10000,115/07/24,,,F206020 日常用品零售業；F209060 文教、樂器、育樂用品零售業,新北市,設立,11507
61278024,萬霖實業社,新北市樹林區民和街12號(1樓),林明賢,200000,115/07/24,,,CA01050 鋼材二次加工業；CA02010 金屬結構及建築組件製造業；CA02990 其他金屬製品製造業；EZ99990 其他工程業；ZZ99999 除許可業務外，得經營法令非禁止或限制之業務,新北市,設立,11507
61278039,文明早午餐,新北市林口區文化北路1段411號之,黃燕熙,0,115/07/24,,,F203010 食品什貨、飲料零售業；F501060 餐館業,新北市,設立,11507
61278045,香草食品行,新北市蘆洲區中山一路108巷3號（1樓）,蔡盧鋐,100000,115/07/24,,,F501060 餐館業,新北市,設立,11507
61278050,時間交換所商行,新北市板橋區成都街49巷3號6樓,文心怡,230000,115/07/24,,,F401010 國際貿易業；F399040 無店面零售業；F399990 其他綜合零售業；IZ99990 其他工商服務業；JZ99990 未分類其他服務業；ZZ99999 除許可業務外，得經營法令非禁止或限制之業務,新北市,設立,11507
61278066,廷諾商務行銷顧問工作室,新北市板橋區文化路2段285號21樓,杜廷諾,200000,115/07/24,,,I103060 管理顧問業；I401010 一般廣告服務業；I199990 其他顧問服務業；I301020 資料處理服務業；IZ99990 其他工商服務業；JB01010 會議及展覽服務業；I301010 資訊軟體服務業,新北市,設立,11507
61278072,宇劼志檳榔攤,新北市新店區永安街68巷11號3樓,康朝偉,200000,115/07/24,,,F201990 其他農畜水產品零售業；F203020 菸酒零售業；F203010 食品什貨、飲料零售業；F208050 乙類成藥零售業；F101990 其他農、畜、水產品批發業,新北市,設立,11507
61278087,享脆食品,新北市淡水區公明街23號115年07月,曾鈺龍,200000,115/07/24,,,F203010 食品什貨、飲料零售業,新北市,設立,11507
61278093,與我發果工作室,新北市三重區福德北路86號2樓,邱鈺媗,200000,115/07/24,,,F399040 無店面零售業；F401010 國際貿易業；I103060 管理顧問業；I199990 其他顧問服務業；I301010 資訊軟體服務業；I401010 一般廣告服務業；J601010 藝文服務業；JZ99050 仲介服務業；JZ99990 未分類其他服務業；ZZ99999 除許可業務外，得經營法令非禁止或限制之業務,新北市,設立,11507
61278100,輝豪水電工程行,新北市三峽區二鬮路136巷119號7樓,許義輝,240000,115/07/24,,,E801010 室內裝潢業；E603090 照明設備安裝工程業；E801070 廚具、衛浴設備安裝工程業；E599010 配管工程業；E601020 電器安裝業；EZ99990 其他工程業,新北市,設立,11507
61278116,水源小吃店,新北市汐止區水源路1段27號(1樓),林政鴻,240000,115/07/24,,,F501060 餐館業,新北市,設立,11507
61278122,彼拉動工作室,新北市中和區中安街200之1號,劉靖富,50000,115/07/24,,,ZZ99999 除許可業務外，得經營法令非禁止或限制之業務；J802010 運動訓練業,新北市,設立,11507
61278137,滿芬飽餐館,新北市中和區立德街51號(1樓),林泓耀,50000,115/07/24,,,F501990 其他餐飲業；F501060 餐館業；F203010 食品什貨、飲料零售業；ZZ99999 除許可業務外，得經營法令非禁止或限制之業務,新北市,設立,11507
61278143,米歐貓舍,新北市板橋區合宜路13號(1樓),黎國文,200000,115/07/24,,,JZ99180 寵物美容服務業；F206050 寵物食品及其用品零售業；F202010 飼料零售業；F201081 特定寵物零售業；ZZ99999 除許可業務外，得經營法令非禁止或限制之業務,新北市,設立,11507
61278158,芯云商行,新北市淡水區坪頂路298號11樓,江俊緯,200000,115/07/24,,,F202010 飼料零售業；F206050 寵物食品及其用品零售業；F399040 無店面零售業；ZZ99999 除許可業務外，得經營法令非禁止或限制之業務,新北市,設立,11507
61278164,美秀電子鎖,新北市三重區河邊北街106號(1樓),張皓哲,150000,115/07/24,,,JZ99170 鎖匙業；F206010 五金零售業；ZZ99999 除許可業務外，得經營法令非禁止或限制之業務,新北市,設立,11507
61278170,玉禾實業社,新北市新店區民權路153號4樓,陳玉蟬,200000,115/07/24,,,F108040 化粧品批發業；F208040 化粧品零售業；JZ99080 美容美髮服務業；F107030 清潔用品批發業；F106010 五金批發業；F207030 清潔用品零售業；F106020 日常用品批發業；F206020 日常用品零售業；ZZ99999 除許可業務外，得經營法令非禁止或限制之業務,新北市,設立,11507
61278185,彬哥商行,新北市板橋區三民路2段37號23樓之1 115年07月,呂凡茵,100000,115/07/24,,,F299990 其他零售業；F399040 無店面零售業；JZ99990 未分類其他服務業；ZZ99999 除許可業務外，得經營法令非禁止或限制之業務,新北市,設立,11507
61278191,鎜晟商行,新北市三重區重新路3段1號(1樓),潘彥呈,200000,115/07/24,,,F203010 食品什貨、飲料零售業；ZZ99999 除許可業務外，得經營法令非禁止或限制之業務,新北市,設立,11507
61278208,樹蛙景觀植藝工作室,新北市淡水區民權路23號22樓之16,王昶驊,200000,115/07/24,,,A102080 園藝服務業；I504010 花藝設計業,新北市,設立,11507
61278214,赫石企業社,新北市淡水區新市三路2段251號2樓,邱怡貞,100000,115/07/24,,,F209060 文教、樂器、育樂用品零售業；J701120 兒童遊戲場業；J802010 運動訓練業；JZ99990 未分類其他服務業；ZZ99999 除許可業務外，得經營法令非禁止或限制之業務,新北市,設立,11507
61278220,珍吉利小吃店,新北市三峽區民權街18號,徐美娟,200000,115/07/24,,,F501060 餐館業,新北市,設立,11507
61278235,衣遊曼谷服飾店,新北市蘆洲區長安街267巷22號(1樓),何芝芸,168000,115/07/24,,,F204110 布疋、衣著、鞋、帽、傘、服飾品零售業；F206020 日常用品零售業；F207030 清潔用品零售業,新北市,設立,11507
61278241,金豪娃娃屋,新北市板橋區大仁街49號,王晉爵,200000,115/07/24,,,F206010 五金零售業；F204110 布疋、衣著、鞋、帽、傘、服飾品零售業,新北市,設立,11507
61278256,春億小吃店,新北市中和區中山路3段58號,紀乃倫,200000,115/07/24,,,F501060 餐館業；ZZ99999 除許可業務外，得經營法令非禁止或限制之業務,新北市,設立,11507
61278262,璟翔車藝商行,新北市淡水區中正東路2段88巷37之21號(1樓),王景充,80000,115/07/27,,,ZZ99999 除許可業務外，得經營法令非禁止或限制之業務；F106020 日常用品批發業；F107190 塑膠膜、袋批發業；F114030 汽、機車零件配備批發業；F207190 塑膠膜、袋零售業；F213090 交通標誌器材零售業；F399040 無店面零售業；F401010 國際貿易業；I401010 一般廣告服務業；I599990 其他設計業；JA01010 汽車修理業；JA01020 汽車拖吊業；JA01990 其他汽車服務業；IZ06010 理貨包裝業；JZ99990 未分類其他服務業,新北市,設立,11507
61278278,曦禾美學工作室,新北市三重區朝陽街45巷10號(1樓),董宇軒,80000,115/07/27,,,ZZ99999 除許可業務外，得經營法令非禁止或限制之業務；JZ99080 美容美髮服務業；JZ99030 攝影業；JZ99990 未分類其他服務業；J202010 產業育成業；F108040 化粧品批發業；F199990 其他批發業；F207020 染料、顏料零售業；F208040 化粧品零售業；F299990 其他零售業；F399040 無店面零售業；I199990 其他顧問服務業,新北市,設立,11507
61278283,新工工程行,新北市板橋區新生街53巷1弄1號3樓115年07月,陳國新,200000,115/07/27,,,E801010 室內裝潢業；E901010 油漆工程業；EZ99990 其他工程業；ZZ99999 除許可業務外，得經營法令非禁止或限制之業務,新北市,設立,11507
61278299,智昀企業社,新北市新店區安祥路73巷65號2樓,許芷葳,240000,115/07/27,,,ZZ99999 除許可業務外，得經營法令非禁止或限制之業務；C501040 組合木材製造業；C501990 其他木製品製造業；C501060 木質容器製造業,新北市,設立,11507
61278306,麵麵雞道館,新北市蘆洲區中正路185巷49號(1樓),陳冠伃,100000,115/07/27,,,F501030 飲料店業；F501060 餐館業；ZZ99999 除許可業務外，得經營法令非禁止或限制之業務,新北市,設立,11507
61278312,旻承企業社,新北市板橋區中山路1段293之1號7樓之1,何旻憲,200000,115/07/27,,,IF04010 非破壞檢測業；J101010 建築物清潔服務業；J101030 廢棄物清除業；J101990 其他環境衛生及污染防治服務業；IB01010 建築物公共安全檢查業；IF01010 消防安全設備檢修業；E599010 配管工程業；E901010 油漆工程業；E801010 室內裝潢業；E801020 門窗安裝工程業；E801030 室內輕鋼架工程業；E801040 玻璃安裝工程業；EZ07010 鑽孔工程業；E603100 電焊工程業；E601010 電器承裝業；E601020 電器安裝業；E903010 防蝕、防銹工程業；EZ02010 起重工程業；F401010 國際貿易業；F111090 建材批發業；F211010 建材零售業；F106010 五金批發業；F206010 五金零售業；IZ12010 人力派遣業；I199990 其他顧問服務業；ZZ99999 除許可業務外，得經營法令非禁止或限制之業務,新北市,設立,11507
61278328,勝恩商行,新北市中和區中山路3段118之24號4樓,温旻萱,200000,115/07/27,,,F399990 其他綜合零售業；F209060 文教、樂器、育樂用品零售業；F401010 國際貿易業；F204110 布疋、衣著、鞋、帽、傘、服飾品零售業；F399040 無店面零售業；F203010 食品什貨、飲料零售業；F205040 家具、寢具、廚房器具、裝設品零售業；F206020 日常用品零售業；F207030 清潔用品零售業；F213010 電器零售業；F213060 電信器材零售業；ZZ99999 除許可業務外，得經營法令非禁止或限制之業務,新北市,設立,11507
61278333,歡樂親子樂園,新北市板橋區南雅東路27之2號115年07月,呂達彥,180000,115/07/27,,,F209060 文教、樂器、育樂用品零售業；J701020 遊樂園業；J701120 兒童遊戲場業；ZZ99999 除許可業務外，得經營法令非禁止或限制之業務,新北市,設立,11507
61278349,寂光生活工作室,新北市五股區登林路96號2樓之3,陳俐穎,100000,115/07/27,,,JZ99080 美容美髮服務業,新北市,設立,11507
61278354,順傑安全帽,新北市新莊區思源路173號4樓115年07月,洪聖傑,200000,115/07/27,,,F214030 汽、機車零件配備零售業；F204110 布疋、衣著、鞋、帽、傘、服飾品零售業；F213060 電信器材零售業；F213010 電器零售業；F219010 電子材料零售業；F206010 五金零售業；F206020 日常用品零售業；F207030 清潔用品零售業；F207990 其他化學製品零售業；F209060 文教、樂器、育樂用品零售業；F210020 眼鏡零售業；F213080 機械器具零售業；F213110 電池零售業；F213990 其他機械器具零售業；F214990 其他交通運輸工具及其零件零售業；F299990 其他零售業；F114030 汽、機車零件配備批發業；F104110 布疋、衣著、鞋、帽、傘、服飾品批發業；F113070 電信器材批發業；F113020 電器批發業；F119010 電子材料批發業；F106010 五金批發業；F106020 日常用品批發業；F107030 清潔用品批發業；F107990 其他化學製品批發業；F109070 文教、樂器、育樂用品批發業；F110020 眼鏡批發業；F113110 電池批發業；F113990 其他機械器具批發業；F114990 其他交通運輸工具及其零件批發業；F199990 其他批發業；F399040 無店面零售業；F399990 其他綜合零售業；ZZ99999 除許可業務外，得經營法令非禁止或限制之業務,新北市,設立,11507
61278360,辰翔鋒企業社,新北市三重區新北大道1段206巷9號(1樓),蕭元祥,200000,115/07/27,,,E601020 電器安裝業；E801020 門窗安裝工程業；E901010 油漆工程業；E603100 電焊工程業；E599010 配管工程業；EZ99990 其他工程業；E603010 電纜安裝工程業；E601010 電器承裝業；E603090 照明設備安裝工程業；E604010 機械安裝業；E701010 電信工程業；E801040 玻璃安裝工程業；E801010 室內裝潢業；E801030 室內輕鋼架工程業；E801070 廚具、衛浴設備安裝工程業；E603040 消防安全設備安裝工程業；E903010 防蝕、防銹工程業；EZ05010 儀器、儀表安裝工程業；EZ07010 鑽孔工程業；EZ15010 保溫、保冷安裝工程業；E605010 電腦設備安裝業；E607010 太陽熱能設備安裝工程業；E701020 衛星電視ＫＵ頻道、Ｃ頻道器材安裝業；E701040 簡易電信設備安裝業；F106010 五金批發業；F106040 水器材料批發業；F113020 電器批發業；F113990 其他機械器具批發業；F117010 消防安全設備批發業；F111090 建材批發業；J101010 建築物清潔服務業；J101030 廢棄物清除業；J101090 廢棄物清理業；ZZ99999 除許可業務外，得經營法令非禁止或限制之業務,新北市,設立,11507
61278376,金隆蒜味肉羹小吃店,新北市金山區金包里街80號,李國隆,200000,115/07/27,,,F501060 餐館業,新北市,設立,11507
61278381,沐妘好居商行,新北市新莊區建中街48巷8弄11號,洪緁妘,100000,115/07/27,,,I199990 其他顧問服務業；I503010 景觀設計業；I301010 資訊軟體服務業；I301020 資料處理服務業；F205040 家具、寢具、廚房器具、裝設品零售業；F299990 其他零售業；I401010 一般廣告服務業；ZZ99999 除許可業務外，得經營法令非禁止或限制之業務,新北市,設立,11507
61278397,永澄蔬果行,新北市淡水區紅樹林路68號7樓,張鈜珺,240000,115/07/27,,,F101130 蔬果批發業；F101990 其他農、畜、水產品批發業；F201010 農產品零售業；F201990 其他農畜水產品零售業；ZZ99999 除許可業務外，得經營法令非禁止或限制之業務,新北市,設立,11507
61278404,豐婆小食堂,新北市鶯歌區中正一路121號115年07月,李唯嘉,80000,115/07/27,,,F501060 餐館業；F399040 無店面零售業,新北市,設立,11507
61278410,跡碩車行,新北市中和區景平路203號,張元碩,200000,115/07/28,,,JA02020 機車修理業；F214020 機車零售業；F214030 汽、機車零件配備零售業,新北市,設立,11507
61278426,來佳烏醋麵,新北市三重區自強路1段224號(1樓),陳柯翰,160000,115/07/27,,,F501060 餐館業；F501030 飲料店業；F501990 其他餐飲業,新北市,設立,11507
61278431,南洋冰室,新北市淡水區北新路184巷120號地下層,魏人鳴,100000,115/07/27,,,F501060 餐館業；F501990 其他餐飲業；F299990 其他零售業；F501030 飲料店業；F203010 食品什貨、飲料零售業；F102170 食品什貨批發業；F102040 飲料批發業；F101130 蔬果批發業；F203020 菸酒零售業；F399010 便利商店業；F205040 家具、寢具、廚房器具、裝設品零售業；J799990 其他休閒服務業,新北市,設立,11507
61278447,三重正義藥局,新北市三重區正義北路207號(1、2樓)及209號(1、2樓),陳家慶,10000,115/07/27,,,F208040 化粧品零售業；F208050 乙類成藥零售業；F203010 食品什貨、飲料零售業；F203020 菸酒零售業；F206020 日常用品零售業；F206050 寵物食品及其用品零售業；F207030 清潔用品零售業；F207070 動物用藥零售業；F299990 其他零售業；ZZ99999 除許可業務外，得經營法令非禁止或限制之業務,新北市,設立,11507
61278452,宏旭工程行,新北市泰山區福德街36號2樓115年07月,陳奕丞,200000,115/07/27,,,E801010 室內裝潢業；I503010 景觀設計業；F105050 家具、寢具、廚房器具、裝設品批發業；F106010 五金批發業；F106020 日常用品批發業；F107010 漆料、塗料批發業；F111090 建材批發業；F113020 電器批發業；F205040 家具、寢具、廚房器具、裝設品零售業；F206010 五金零售業；F206020 日常用品零售業；F207010 漆料、塗料零售業；F401010 國際貿易業；E601020 電器安裝業；F213010 電器零售業；E599010 配管工程業；E603010 電纜安裝工程業；E603050 自動控制設備工程業；E603090 照明設備安裝工程業；E801020 門窗安裝工程業；E801030 室內輕鋼架工程業；E901010 油漆工程業；ZZ99999 除許可業務外，得經營法令非禁止或限制之業務,新北市,設立,11507
61278468,豪程企業社,新北市三重區後竹圍街173之1號(1樓),鍾文豪,200000,115/07/27,,,I301010 資訊軟體服務業,新北市,設立,11507
61278474,金宿息寵物旅館,新北市林口區竹林路582巷3號(1樓),李書諭,200000,115/07/27,,,A401031 特定寵物服務業；F206050 寵物食品及其用品零售業；F106060 寵物食品及其用品批發業；F202010 飼料零售業,新北市,設立,11507
61278489,臥龍音樂工作室,新北市新店區百忍街10巷16號4樓,龍奇弘,100000,115/07/27,,,J604010 聲音錄製及音樂發行業；J601010 藝文服務業；J602010 演藝活動業；J305010 有聲出版業；ZZ99999 除許可業務外，得經營法令非禁止或限制之業務,新北市,設立,11507
61278495,芝林企業社,新北市淡水區水源街2段92巷7號7樓之2,林家莉,249000,115/07/27,,,F399040 無店面零售業；F399990 其他綜合零售業；I103060 管理顧問業；I199990 其他顧問服務業；JZ99990 未分類其他服務業；F401010 國際貿易業；ZZ99999 除許可業務外，得經營法令非禁止或限制之業務,新北市,設立,11507
61278501,路口照相館,新北市新莊區中正路516號之37(2樓),莊士弘,200000,115/07/27,,,JZ99030 攝影業；F116010 照相器材批發業；F209060 文教、樂器、育樂用品零售業；F216010 照相器材零售業；ZZ99999 除許可業務外，得經營法令非禁止或限制之業務,新北市,設立,11507
61278517,凌雲九六娃娃屋,新北市五股區凌雲路1段96號,曹世龍,50000,115/07/27,,,F209060 文教、樂器、育樂用品零售業；F203010 食品什貨、飲料零售業,新北市,設立,11507
61278523,錦祥工程行,新北市中和區景平路431巷21號11樓,林錦秀,200000,115/07/27,,,EZ99990 其他工程業；E901010 油漆工程業；E903010 防蝕、防銹工程業；E801010 室內裝潢業；F106010 五金批發業；F111090 建材批發業；F399040 無店面零售業；F401010 國際貿易業；ZZ99999 除許可業務外，得經營法令非禁止或限制之業務,新北市,設立,11507
61278538,英旺商行,新北市板橋區成都街3號2樓,廖英凱,200000,115/07/27,,,F111090 建材批發業；F211010 建材零售業；F106030 模具批發業；F106010 五金批發業；F206030 模具零售業；F206010 五金零售業；EZ99990 其他工程業；E801010 室內裝潢業；ZZ99999 除許可業務外，得經營法令非禁止或限制之業務,新北市,設立,11507
61278559,喬希企業社,新北市中和區大智街42巷5號5樓115年07月,葉晉希,5000,115/07/27,,,F399040 無店面零售業；F204110 布疋、衣著、鞋、帽、傘、服飾品零售業；F399990 其他綜合零售業；I401010 一般廣告服務業,新北市,設立,11507
61278565,玄染工作室,新北市林口區文化三路2段57號16樓,簡兀凡,50000,115/07/27,,,F208040 化粧品零售業；F399040 無店面零售業；C305010 印染整理業；C399990 其他紡織及製品製造業；I501010 產品設計業；F401010 國際貿易業；I502010 服飾設計業；ZZ99999 除許可業務外，得經營法令非禁止或限制之業務,新北市,設立,11507
61278571,金芝美容工作室,新北市三重區力行路2段99號,林俊宏,200000,115/07/27,,,JZ99080 美容美髮服務業,新北市,設立,11507
61278586,牛爬山小吃店,新北市板橋區重慶路290巷22弄16號(1樓),陳慈淵,100000,115/07/27,,,F501060 餐館業,新北市,設立,11507
61278592,洛雅越式洗頭館,新北市中和區中原街114號(1樓),吳艷媚,200000,115/07/27,,,JZ99080 美容美髮服務業；ZZ99999 除許可業務外，得經營法令非禁止或限制之業務,新北市,設立,11507
61278609,源德室裝工程行,新北市板橋區廣和街116號(1樓),凌智巍,200000,115/07/27,,,E599010 配管工程業；E601020 電器安裝業；E801010 室內裝潢業；E801020 門窗安裝工程業；E801030 室內輕鋼架工程業；E901010 油漆工程業；F106010 五金批發業；F107030 清潔用品批發業；F111090 建材批發業；F206010 五金零售業；F207010 漆料、塗料零售業；IZ12010 人力派遣業；ZZ99999 除許可業務外，得經營法令非禁止或限制之業務,新北市,設立,11507
61278615,造豐金彩券行,新北市土城區學府路1段52號(1樓),杜卓靖庭,50000,115/07/27,,,IZ14020 公益彩券經銷業,新北市,設立,11507
61278621,晤依髮妝造型沙龍,新北市土城區中央路2段292之1號4樓,陳紫妤,50000,115/07/27,,,JZ99080 美容美髮服務業；F208040 化粧品零售業,新北市,設立,11507
61278636,新茗製茶坊,新北市淡水區中正路175號,張珈興,150000,115/07/27,,,F501030 飲料店業,新北市,設立,11507
61278642,侑霖企業社,新北市板橋區中正路250巷42號3樓,林志樺,200000,115/07/27,,,F399040 無店面零售業,新北市,設立,11507
61278657,好好買選品店,新北市新店區青潭里北宜路2段39號11樓,黃湘寧,50000,115/07/28,,,F204110 布疋、衣著、鞋、帽、傘、服飾品零售業；F205040 家具、寢具、廚房器具、裝設品零售業；F206020 日常用品零售業；F399040 無店面零售業,新北市,設立,11507
61278663,糖澤甜品舖,新北市淡水區義山路1段401巷20號(1樓) 115年07月,陳力綸,50000,115/07/28,,,F203010 食品什貨、飲料零售業；F299990 其他零售業；F399990 其他綜合零售業；F501030 飲料店業；F501060 餐館業；F501990 其他餐飲業,新北市,設立,11507
61278679,航電家工程行,新北市中和區中興街266巷5號,郭宇倫,200000,115/07/28,,,E599010 配管工程業；E401010 疏濬業；E901010 油漆工程業；EZ07010 鑽孔工程業；E903010 防蝕、防銹工程業；EZ99990 其他工程業；E603050 自動控制設備工程業；E701010 電信工程業；E801010 室內裝潢業；F111090 建材批發業；F211010 建材零售業；JE01010 租賃業；ZZ99999 除許可業務外，得經營法令非禁止或限制之業務,新北市,設立,11507
61278684,晨秋企業社,新北市板橋區民有街51號2樓,陳雅芝,200000,115/07/28,,,A102080 園藝服務業；J101010 建築物清潔服務業；J101020 病媒防治業；J101030 廢棄物清除業；J101040 廢棄物處理業；F219010 電子材料零售業；F401010 國際貿易業；F102170 食品什貨批發業；F203010 食品什貨、飲料零售業；F501060 餐館業；F501030 飲料店業；E801030 室內輕鋼架工程業；E801010 室內裝潢業；E801020 門窗安裝工程業；E901010 油漆工程業；EZ02010 起重工程業；EZ07010 鑽孔工程業；EZ99990 其他工程業；F106010 五金批發業；F206010 五金零售業；ZZ99999 除許可業務外，得經營法令非禁止或限制之業務,新北市,設立,11507
61278690,瀛沐森商行,新北市樹林區太平路150巷1號3樓,吳俊皚,200000,115/07/28,,,F501030 飲料店業；F501060 餐館業；F203030 酒精零售業；I504010 花藝設計業；F201010 農產品零售業；F203010 食品什貨、飲料零售業；F204110 布疋、衣著、鞋、帽、傘、服飾品零售業,新北市,設立,11507
61278707,金永新水電行,新北市淡水區英專路79巷13號(1樓) 115年07月,李世翔,200000,115/07/28,,,E801010 室內裝潢業；E601010 電器承裝業；E601020 電器安裝業；E502010 燃料導管安裝工程業；E603090 照明設備安裝工程業；E599010 配管工程業；E801070 廚具、衛浴設備安裝工程業；ZZ99999 除許可業務外，得經營法令非禁止或限制之業務,新北市,設立,11507
61278713,拼好小吃店,新北市三重區中正南路67號(1樓),黃金生,100000,115/07/28,,,F102170 食品什貨批發業；F203010 食品什貨、飲料零售業；F101040 家畜家禽批發業；F201020 畜產品零售業；F399040 無店面零售業,新北市,設立,11507
61278729,客來喜企業社,新北市中和區連勝街143號,高君睿,100000,115/07/28,,,JA03010 洗衣業；F209060 文教、樂器、育樂用品零售業；F203010 食品什貨、飲料零售業；ZZ99999 除許可業務外，得經營法令非禁止或限制之業務,新北市,設立,11507
61278734,棧亭餐飲企業社,新北市三重區雙園街126號(1樓),盧明鴻,200000,115/07/28,,,F203010 食品什貨、飲料零售業；F203020 菸酒零售業；F501030 飲料店業；F501060 餐館業,新北市,設立,11507
61278740,華奕工程行,新北市板橋區三民路1段1巷44號3樓,董玉麟,240000,115/07/28,,,E599010 配管工程業；E603040 消防安全設備安裝工程業；EZ99990 其他工程業；IG03010 能源技術服務業；ZZ99999 除許可業務外，得經營法令非禁止或限制之業務,新北市,設立,11507
61278755,層次感精剪工作室,新北市林口區公園路177號之2,宋憶靜,50000,115/07/28,,,JZ99080 美容美髮服務業,新北市,設立,11507
61278761,人間漂亮美學社,新北市土城區裕民路114巷31之1號,林佳姸,50000,115/07/28,,,JZ99080 美容美髮服務業,新北市,設立,11507
61278777,菘猛工程行,新北市板橋區三民路2段37號23樓之１,李貫豪,240000,115/07/28,,,F111090 建材批發業；EZ99990 其他工程業；E603100 電焊工程業；E801010 室內裝潢業；E901010 油漆工程業；F106010 五金批發業；J101010 建築物清潔服務業；EZ02010 起重工程業；ZZ99999 除許可業務外，得經營法令非禁止或限制之業務,新北市,設立,11507
61278782,呷霸味小吃店,新北市林口區林口路131號(1樓),陳珮雯,50000,115/07/28,,,F501060 餐館業；F399040 無店面零售業,新北市,設立,11507
61278798,朋伴餐桌早午餐,新北市三芝區中興街2段42巷10號(1樓),王昱哲,240000,115/07/28,,,F501060 餐館業；F501030 飲料店業；F501990 其他餐飲業；F205040 家具、寢具、廚房器具、裝設品零售業；F206020 日常用品零售業,新北市,設立,11507
61278805,鴻陽商行,新北市三重區重新路5段481、483號115年07月,陳漢陽,200000,115/07/28,,,J801030 競技及休閒運動場館業；F203010 食品什貨、飲料零售業；F204110 布疋、衣著、鞋、帽、傘、服飾品零售業；F205040 家具、寢具、廚房器具、裝設品零售業；F206020 日常用品零售業；F209060 文教、樂器、育樂用品零售業；F501060 餐館業；F501030 飲料店業；J603010 音樂展演空間業；J803010 運動表演業；JE01010 租賃業；ZZ99999 除許可業務外，得經營法令非禁止或限制之業務,新北市,設立,11507
61278811,布斯卡選物店,新北市永和區中正路417號8樓,陳怡均,240000,115/07/28,,,F113020 電器批發業；F213010 電器零售業；F113070 電信器材批發業；F213060 電信器材零售業；F113050 電腦及事務性機器設備批發業；F213030 電腦及事務性機器設備零售業；F113110 電池批發業；F213110 電池零售業；F116010 照相器材批發業；F216010 照相器材零售業；F109070 文教、樂器、育樂用品批發業；F209060 文教、樂器、育樂用品零售業；F104110 布疋、衣著、鞋、帽、傘、服飾品批發業；F204110 布疋、衣著、鞋、帽、傘、服飾品零售業；F106020 日常用品批發業；F206020 日常用品零售業；F108040 化粧品批發業；F208040 化粧品零售業；F102170 食品什貨批發業；F203010 食品什貨、飲料零售業；F118010 資訊軟體批發業；F110010 鐘錶批發業；F210010 鐘錶零售業；F213040 精密儀器零售業；F401010 國際貿易業；F299990 其他零售業；F399040 無店面零售業；ZZ99999 除許可業務外，得經營法令非禁止或限制之業務,新北市,設立,11507
61278827,覓狐娛樂工作室,新北市板橋區四川路2段245巷19弄3號4樓,潘尚祈,100000,115/07/28,,,J604010 聲音錄製及音樂發行業；J799990 其他休閒服務業,新北市,設立,11507
61278832,好龍企業社,新北市新店區松林路16巷4號,王祥德,100000,115/07/28,,,ZZ99999 除許可業務外，得經營法令非禁止或限制之業務；F401010 國際貿易業；F209060 文教、樂器、育樂用品零售業；F399040 無店面零售業；F204110 布疋、衣著、鞋、帽、傘、服飾品零售業；F206020 日常用品零售業,新北市,設立,11507
61278848,吾吉商行,新北市三重區三民街307號(1樓),王姿云,200000,115/07/28,,,F501060 餐館業；ZZ99999 除許可業務外，得經營法令非禁止或限制之業務,新北市,設立,11507
61278853,朕圓造物工作室,新北市汐止區大同路2段312巷7號3樓115年07月,張朕愷,100000,115/07/28,,,I501010 產品設計業；F205040 家具、寢具、廚房器具、裝設品零售業；F105050 家具、寢具、廚房器具、裝設品批發業；F399040 無店面零售業；F401010 國際貿易業；I599990 其他設計業；CN01010 家具及裝設品製造業；F206010 五金零售業；F213010 電器零售業,新北市,設立,11507
61278869,于盛工程行,新北市板橋區三民路2段33號14樓,于新中,200000,115/07/28,,,EZ07010 鑽孔工程業；EZ02010 起重工程業；EZ99990 其他工程業；E604010 機械安裝業；E401010 疏濬業；J101090 廢棄物清理業；ZZ99999 除許可業務外，得經營法令非禁止或限制之業務,新北市,設立,11507
61278875,拾七美甲工作室,新北市三重區過圳街31巷23號(1樓),李柔德,100000,115/07/28,,,JZ99080 美容美髮服務業；ZZ99999 除許可業務外，得經營法令非禁止或限制之業務,新北市,設立,11507
61278880,喬琋趣玩數位工作室,新北市淡水區新市二路3段36巷16號6樓,方稚超,60000,115/07/28,,,I301010 資訊軟體服務業；I301030 電子資訊供應服務業；ZZ99999 除許可業務外，得經營法令非禁止或限制之業務,新北市,設立,11507
61278896,海泱美學藝術工作室,新北市永和區秀朗路1段192巷2弄2之1號(1樓),黃伊琳,100000,115/07/28,,,J601010 藝文服務業；F209060 文教、樂器、育樂用品零售業；F399040 無店面零售業；JB01010 會議及展覽服務業；JZ99990 未分類其他服務業,新北市,設立,11507
61278903,范氏紅工作室,新北市板橋區四川路2段78號,范氏紅,100000,115/07/29,,,JZ99080 美容美髮服務業；ZZ99999 除許可業務外，得經營法令非禁止或限制之業務,新北市,設立,11507
61278919,晴維工程行,新北市土城區學府路1段25號12樓之1 115年07月,陳星瑜,200000,115/07/29,,,E801010 室內裝潢業；I503010 景觀設計業；E801070 廚具、衛浴設備安裝工程業；E901010 油漆工程業；E801020 門窗安裝工程業；E801040 玻璃安裝工程業；E601020 電器安裝業；F105050 家具、寢具、廚房器具、裝設品批發業；F106010 五金批發業；F107010 漆料、塗料批發業；I401010 一般廣告服務業；F111090 建材批發業；F401010 國際貿易業；ZZ99999 除許可業務外，得經營法令非禁止或限制之業務,新北市,設立,11507
61278925,麒麗技術企業社,新北市汐止區宜興街40巷18號2樓,許丘蓉,240000,115/07/29,,,E603050 自動控制設備工程業；I301010 資訊軟體服務業；E605010 電腦設備安裝業；JA02990 其他修理業；F113010 機械批發業；F213080 機械器具零售業；F113030 精密儀器批發業；F213040 精密儀器零售業；F113050 電腦及事務性機器設備批發業；F213030 電腦及事務性機器設備零售業；F118010 資訊軟體批發業；F218010 資訊軟體零售業；F119010 電子材料批發業；F219010 電子材料零售業；F113070 電信器材批發業；F213060 電信器材零售業；F206010 五金零售業；F213110 電池零售業；F399990 其他綜合零售業；EZ05010 儀器、儀表安裝工程業；EZ99990 其他工程業；I301020 資料處理服務業；I301030 電子資訊供應服務業；F113060 度量衡器批發業；F213050 度量衡器零售業；F401010 國際貿易業；F399040 無店面零售業；ZZ99999 除許可業務外，得經營法令非禁止或限制之業務,新北市,設立,11507
61278930,倪好健身工作室,新北市新店區新生里力行路7巷2號3樓,倪詩涵,200000,115/07/29,,,J802010 運動訓練業；J803010 運動表演業；J202010 產業育成業；I199990 其他顧問服務業；J803020 運動比賽業；ZZ99999 除許可業務外，得經營法令非禁止或限制之業務,新北市,設立,11507
61278946,聚寶盆工作室,新北市三芝區埔頭里中興街1段53號4樓,周倪漁,200000,115/07/29,,,J802010 運動訓練業；J803010 運動表演業；J202010 產業育成業；I199990 其他顧問服務業；J803020 運動比賽業；ZZ99999 除許可業務外，得經營法令非禁止或限制之業務,新北市,設立,11507
61278951,長盛金屬工程行,新北市深坑區埔新街61巷15號6樓,高振幃,200000,115/07/29,,,E801030 室內輕鋼架工程業；E801010 室內裝潢業；E801020 門窗安裝工程業；E801040 玻璃安裝工程業；E801070 廚具、衛浴設備安裝工程業；F401010 國際貿易業；F111090 建材批發業；J101090 廢棄物清理業；ZZ99999 除許可業務外，得經營法令非禁止或限制之業務,新北市,設立,11507
61278967,采源商行,新北市淡水區英專路67號115年07月,陳柏瑋,200000,115/07/29,,,F501030 飲料店業,新北市,設立,11507
61278973,壹伍陸藝術工作室,新北市永和區永和路1段18巷2號10樓之6,劉欣婷,200000,115/07/29,,,J601010 藝文服務業；JB01010 會議及展覽服務業；I103060 管理顧問業；I105010 藝術品諮詢顧問業；I199990 其他顧問服務業；I301010 資訊軟體服務業；I301020 資料處理服務業；I301030 電子資訊供應服務業；I599990 其他設計業；I501010 產品設計業；J202010 產業育成業；F401010 國際貿易業；F105050 家具、寢具、廚房器具、裝設品批發業；F205040 家具、寢具、廚房器具、裝設品零售業；ZZ99999 除許可業務外，得經營法令非禁止或限制之業務；F109070 文教、樂器、育樂用品批發業；F209060 文教、樂器、育樂用品零售業；F399040 無店面零售業,新北市,設立,11507
61278988,媚可曼妮內衣店,新北市新莊區民安路188巷5號1樓之13,尹永明,200000,115/07/29,,,F104110 布疋、衣著、鞋、帽、傘、服飾品批發業；F204110 布疋、衣著、鞋、帽、傘、服飾品零售業；F205040 家具、寢具、廚房器具、裝設品零售業；F399040 無店面零售業；F401010 國際貿易業；ZZ99999 除許可業務外，得經營法令非禁止或限制之業務,新北市,設立,11507
61278994,又又興盛商行,新北市土城區中央路4段52巷2號7樓,饒啟民,240000,115/07/29,,,F102170 食品什貨批發業；F106020 日常用品批發業；F108040 化粧品批發業；F112040 石油製品批發業；F114030 汽、機車零件配備批發業；F203010 食品什貨、飲料零售業；F206020 日常用品零售業；F208040 化粧品零售業；F212050 石油製品零售業；F214030 汽、機車零件配備零售業；F399040 無店面零售業；I301010 資訊軟體服務業；IZ13010 網路認證服務業；ZZ99999 除許可業務外，得經營法令非禁止或限制之業務,新北市,設立,11507
61279001,博泰工程行,新北市永和區得和路373巷6弄19號4樓,鄭博元,88000,115/07/29,,,E801070 廚具、衛浴設備安裝工程業；ZZ99999 除許可業務外，得經營法令非禁止或限制之業務,新北市,設立,11507
61279017,壹零壹柒買買工作室,新北市蘆洲區長樂路140號8樓115年07月,沈怡君,100000,115/07/29,,,F104110 布疋、衣著、鞋、帽、傘、服飾品批發業；F108040 化粧品批發業；F109070 文教、樂器、育樂用品批發業；F204110 布疋、衣著、鞋、帽、傘、服飾品零售業；F208040 化粧品零售業；F209060 文教、樂器、育樂用品零售業；F215010 首飾及貴金屬零售業；F399040 無店面零售業；F401010 國際貿易業；ZZ99999 除許可業務外，得經營法令非禁止或限制之業務,新北市,設立,11507
61279023,裕鑫車業,新北市中和區圓通路142號(1樓),李文凱,200000,115/07/29,,,F214030 汽、機車零件配備零售業；F214050 車胎零售業；JA02020 機車修理業；F214020 機車零售業；J101990 其他環境衛生及污染防治服務業,新北市,設立,11507
61279038,延和概念店,新北市土城區延和路63號,鄭瑞祺,200000,115/07/29,,,F501060 餐館業；F501030 飲料店業；F399040 無店面零售業,新北市,設立,11507
61279059,墨爾商行,新北市板橋區文化路1段188巷7弄31號,黃芃,200000,115/07/29,,,F104110 布疋、衣著、鞋、帽、傘、服飾品批發業；F105050 家具、寢具、廚房器具、裝設品批發業；F206020 日常用品零售業；F208040 化粧品零售業；F399040 無店面零售業；I501010 產品設計業；JZ99990 未分類其他服務業；ZZ99999 除許可業務外，得經營法令非禁止或限制之業務,新北市,設立,11507
61279065,英達漁具行,新北市新店區安光路49號11樓,莊佳琳,200000,115/07/29,,,F101070 漁具批發業；F201050 漁具零售業；F106010 五金批發業；F206010 五金零售業；F109070 文教、樂器、育樂用品批發業；F209060 文教、樂器、育樂用品零售業；F399040 無店面零售業,新北市,設立,11507
61279071,鈞陞資產管理企業社,新北市林口區仁愛路1段285巷17號,盧少鈞,240000,115/07/29,,,H201010 一般投資業；H701010 住宅及大樓開發租售業；H701020 工業廠房開發租售業；H702010 建築經理業；H703090 不動產買賣業；H703100 不動產租賃業；HZ99990 其他金融、保險及不動產業；I401010 一般廣告服務業；I401020 廣告傳單分送業；JZ99050 仲介服務業；ZZ99999 除許可業務外，得經營法令非禁止或限制之業務；G202010 停車場經營業,新北市,設立,11507
61279086,鴻耀水電工程行,新北市新莊區中原里新北大道4段173號2樓,羅義瑋,200000,115/07/29,,,E801010 室內裝潢業；E801070 廚具、衛浴設備安裝工程業；E601020 電器安裝業；E604010 機械安裝業；E599010 配管工程業；J101010 建築物清潔服務業；ZZ99999 除許可業務外，得經營法令非禁止或限制之業務,新北市,設立,11507
61279092,禾漫良食企業社,新北市汐止區新台五路2段142號115年07月,管敏岑,230000,115/07/29,,,F501060 餐館業；F501990 其他餐飲業,新北市,設立,11507
61279109,螢之選工作坊,新北市板橋區海山路31號4樓,溫巧琳,100000,115/07/29,,,F203010 食品什貨、飲料零售業；F203020 菸酒零售業；F204110 布疋、衣著、鞋、帽、傘、服飾品零售業；F205040 家具、寢具、廚房器具、裝設品零售業；F206010 五金零售業；F206020 日常用品零售業；F206050 寵物食品及其用品零售業；F207020 染料、顏料零售業；F207030 清潔用品零售業；F209060 文教、樂器、育樂用品零售業；F215010 首飾及貴金屬零售業；F299990 其他零售業；F401010 國際貿易業；F399040 無店面零售業；F399990 其他綜合零售業；F213030 電腦及事務性機器設備零售業；F213010 電器零售業；F208040 化粧品零售業,新北市,設立,11507
61279115,煦安澄商行,新北市中和區景平路240巷2弄25號,陳姸姸,10000,115/07/29,,,JA03010 洗衣業；JZ99990 未分類其他服務業；JA02990 其他修理業；F207030 清潔用品零售業；F206020 日常用品零售業；F204110 布疋、衣著、鞋、帽、傘、服飾品零售業；F399040 無店面零售業；ZZ99999 除許可業務外，得經營法令非禁止或限制之業務,新北市,設立,11507
61279121,萬汰企業社,新北市中和區景平路71之2號8樓之1,丁承潛,200000,115/07/29,,,F104110 布疋、衣著、鞋、帽、傘、服飾品批發業；F105050 家具、寢具、廚房器具、裝設品批發業；F106010 五金批發業；F106020 日常用品批發業；F106040 水器材料批發業；F106050 陶瓷玻璃器皿批發業；F204110 布疋、衣著、鞋、帽、傘、服飾品零售業；F205040 家具、寢具、廚房器具、裝設品零售業；F206010 五金零售業；F206020 日常用品零售業；F206040 水器材料零售業；F107030 清潔用品批發業；F207030 清潔用品零售業；E599010 配管工程業；E601020 電器安裝業；E801010 室內裝潢業；E801070 廚具、衛浴設備安裝工程業；CA01070 廢車船解體及廢鋼鐵五金處理業；ZZ99999 除許可業務外，得經營法令非禁止或限制之業務,新北市,設立,11507
61279136,建祥蔬果行,新北市永和區國中路100號115年07月,陳建宏,240000,115/07/29,,,F201010 農產品零售業；ZZ99999 除許可業務外，得經營法令非禁止或限制之業務,新北市,設立,11507
61279142,昭璿商行,新北市板橋區重慶路159號(1樓),林昭卉,240000,115/07/29,,,F501030 飲料店業；F501060 餐館業；F399040 無店面零售業；F203010 食品什貨、飲料零售業；F501990 其他餐飲業；ZZ99999 除許可業務外，得經營法令非禁止或限制之業務,新北市,設立,11507
61279157,冠亨德工程行,新北市雙溪區魚行里新店2號,陳事亨,200000,115/07/30,,,E801010 室內裝潢業；E801020 門窗安裝工程業；E801030 室內輕鋼架工程業；E801040 玻璃安裝工程業；E801070 廚具、衛浴設備安裝工程業；E901010 油漆工程業；E903010 防蝕、防銹工程業；EZ02010 起重工程業；EZ07010 鑽孔工程業；EZ99990 其他工程業；EZ15010 保溫、保冷安裝工程業；E599010 配管工程業；E601010 電器承裝業；E601020 電器安裝業；E604010 機械安裝業；F111090 建材批發業；A102080 園藝服務業；JE01010 租賃業；ZZ99999 除許可業務外，得經營法令非禁止或限制之業務,新北市,設立,11507
61279163,路十二企業社,新北市樹林區潭興街143巷14號3樓,廖鋐瑄,200000,115/07/30,,,F209060 文教、樂器、育樂用品零售業；ZZ99999 除許可業務外，得經營法令非禁止或限制之業務,新北市,設立,11507
61279179,貝貝料理廚房,新北市土城區延和路177巷11弄17號4樓,徐澤淵,10000,115/07/30,,,ZZ99999 除許可業務外，得經營法令非禁止或限制之業務；F501060 餐館業；F501990 其他餐飲業；F399040 無店面零售業；F102170 食品什貨批發業；I101090 食品顧問業；F208040 化粧品零售業；F209060 文教、樂器、育樂用品零售業；I301020 資料處理服務業,新北市,設立,11507
61279184,怡怡小物商行,新北市林口區南勢里文化三路1段370號18樓,張明華,200000,115/07/30,,,F204110 布疋、衣著、鞋、帽、傘、服飾品零售業；F205040 家具、寢具、廚房器具、裝設品零售業；F399040 無店面零售業；ZZ99999 除許可業務外，得經營法令非禁止或限制之業務,新北市,設立,11507
61279190,小老闆食品商行,新北市三重區中正南路124號(1樓),林瑋珊,100000,115/07/30,,,F501060 餐館業；ZZ99999 除許可業務外，得經營法令非禁止或限制之業務,新北市,設立,11507
61279207,芯日常小舖,新北市中和區中山路2段369號5樓,林郁芯,10000,115/07/30,,,F399040 無店面零售業；ZZ99999 除許可業務外，得經營法令非禁止或限制之業務,新北市,設立,11507
61279213,鬆鬆頭頭皮養護工作室,新北市汐止區福德一路123號,張珍燕,120000,115/07/30,,,JZ99080 美容美髮服務業；ZZ99999 除許可業務外，得經營法令非禁止或限制之業務,新北市,設立,11507
61279229,榮和抓抓族商行,新北市新莊區新莊路279號115年07月,葉冠毅,100000,115/07/30,,,F209060 文教、樂器、育樂用品零售業；F299990 其他零售業；ZZ99999 除許可業務外，得經營法令非禁止或限制之業務,新北市,設立,11507
61279234,淺草屋餐飲店,新北市三重區中正南路116號(1樓),何道明,200000,115/07/30,,,F501060 餐館業；F203010 食品什貨、飲料零售業；F501030 飲料店業；F399040 無店面零售業；ZZ99999 除許可業務外，得經營法令非禁止或限制之業務,新北市,設立,11507
61279240,金玉堂早午餐,新北市土城區學府路1段164巷6弄1號,葉曜榮,150000,115/07/30,,,F501060 餐館業；F399040 無店面零售業,新北市,設立,11507
61279255,威捷工程行,新北市板橋區大觀路2段142號3樓,張立頴,200000,115/07/30,,,E599010 配管工程業；E603100 電焊工程業；E801010 室內裝潢業；E801020 門窗安裝工程業；E801030 室內輕鋼架工程業；E901010 油漆工程業；E903010 防蝕、防銹工程業；EZ02010 起重工程業；EZ07010 鑽孔工程業；EZ99990 其他工程業；F106010 五金批發業；F111090 建材批發業；F120010 耐火材料批發業；F206010 五金零售業；F211010 建材零售業；F220010 耐火材料零售業；F399040 無店面零售業；F401010 國際貿易業；IZ12010 人力派遣業；ZZ99999 除許可業務外，得經營法令非禁止或限制之業務,新北市,設立,11507
61279261,橙奕商行,新北市樹林區鎮前街130號(1樓),溫勝翔,200000,115/07/30,,,F203010 食品什貨、飲料零售業；F501030 飲料店業；F501990 其他餐飲業；ZZ99999 除許可業務外，得經營法令非禁止或限制之業務,新北市,設立,11507
61279277,藝大吃早餐,新北市板橋區大觀路1段59號(1樓) 115年07月,吳孟芳,200000,115/07/30,,,F501060 餐館業,新北市,設立,11507
61279282,曜勲創藝工作室,新北市板橋區中山路2段367之1號2樓,蔡宗勲,200000,115/07/30,,,I103060 管理顧問業；I301010 資訊軟體服務業；I301020 資料處理服務業；I301030 電子資訊供應服務業；I301060 網路廣告平臺業；I401010 一般廣告服務業；I599990 其他設計業；J401010 電影片製作業；J404010 動畫影片製作業；J503010 廣播節目製作業；J503020 電視節目製作業；J503040 廣播電視廣告業；J601010 藝文服務業；J602010 演藝活動業；F203010 食品什貨、飲料零售業；F204110 布疋、衣著、鞋、帽、傘、服飾品零售業；F206020 日常用品零售業；F208040 化粧品零售業；F209060 文教、樂器、育樂用品零售業；F399040 無店面零售業；F399990 其他綜合零售業；F401010 國際貿易業；F601010 智慧財產權業；ZZ99999 除許可業務外，得經營法令非禁止或限制之業務,新北市,設立,11507
61279298,駿松企業社,新北市汐止區福德一路108號2樓之5 115年07月,羅松駿,200000,115/07/30,,,F106010 五金批發業；F111090 建材批發業；E801010 室內裝潢業；E801030 室內輕鋼架工程業；IZ12010 人力派遣業；E701010 電信工程業；E701040 簡易電信設備安裝業；F213030 電腦及事務性機器設備零售業；F218010 資訊軟體零售業；I301010 資訊軟體服務業；I301030 電子資訊供應服務業；I401010 一般廣告服務業；I103060 管理顧問業；I501010 產品設計業；I599990 其他設計業；J304010 圖書出版業；J503050 錄影節目帶業；J399990 其他出版業；C703010 印刷品裝訂及加工業；ZZ99999 除許可業務外，得經營法令非禁止或限制之業務,新北市,設立,11507
61279305,路易斯科技清洗行,新北市板橋區民族路219巷7號4樓,王文樺,100000,115/07/30,,,J101010 建築物清潔服務業；J101030 廢棄物清除業；J202010 產業育成業；JA02990 其他修理業；JZ99990 未分類其他服務業；F107030 清潔用品批發業；F401010 國際貿易業；F207030 清潔用品零售業；F106020 日常用品批發業；F206020 日常用品零售業；F107990 其他化學製品批發業；F207990 其他化學製品零售業,新北市,設立,11507
61279311,默默糖癮工作室,新北市三重區重新路4段97號9樓之2,鄭凱文,50000,115/07/30,,,F102170 食品什貨批發業；F399040 無店面零售業；F203010 食品什貨、飲料零售業；F209060 文教、樂器、育樂用品零售業；I599990 其他設計業；ZZ99999 除許可業務外，得經營法令非禁止或限制之業務,新北市,設立,11507
61279327,霖羽企業社,新北市三峽區永安街188號6樓之2,陳柏銘,10000,115/07/30,,,I301010 資訊軟體服務業；I301020 資料處理服務業；I301030 電子資訊供應服務業；I401010 一般廣告服務業；IZ13010 網路認證服務業；F206020 日常用品零售業；F209060 文教、樂器、育樂用品零售業；F213030 電腦及事務性機器設備零售業；F218010 資訊軟體零售業；F399040 無店面零售業；F204110 布疋、衣著、鞋、帽、傘、服飾品零售業；F205040 家具、寢具、廚房器具、裝設品零售業；F206010 五金零售業；F206050 寵物食品及其用品零售業；F207030 清潔用品零售業；F208040 化粧品零售業；F213010 電器零售業；F213110 電池零售業；F299990 其他零售業；ZZ99999 除許可業務外，得經營法令非禁止或限制之業務；F203010 食品什貨、飲料零售業；J701030 視聽歌唱業,新北市,設立,11507
61279332,金豆晨光小吃店,新北市新莊區中平路292巷1弄15號,洪若婷,40000,115/07/30,,,F501060 餐館業；F501030 飲料店業；ZZ99999 除許可業務外，得經營法令非禁止或限制之業務,新北市,設立,11507
61279348,歐虧吧樂園,新北市淡水區英專路120號地下層,梁睿祺,50000,115/07/30,,,F209060 文教、樂器、育樂用品零售業；F203010 食品什貨、飲料零售業；ZZ99999 除許可業務外，得經營法令非禁止或限制之業務,新北市,設立,11507
61279353,沐日衣森自助洗衣店,新北市土城區青和街546號,徐文祥,100000,115/07/30,,,JA03010 洗衣業,新北市,設立,11507
61279369,華勝小吃,新北市三重區碧華街303號115年07月,李華勝,200000,115/07/30,,,F501060 餐館業,新北市,設立,11507
61279375,莉麥安捏工作室,新北市新莊區福德二街1號3樓,鄭雪卿,100000,115/07/30,,,F204110 布疋、衣著、鞋、帽、傘、服飾品零售業；F205040 家具、寢具、廚房器具、裝設品零售業；F206020 日常用品零售業；F209060 文教、樂器、育樂用品零售業；F399040 無店面零售業；ZZ99999 除許可業務外，得經營法令非禁止或限制之業務,新北市,設立,11507
61279380,宏徽企業社,新北市八里區龍形一街13號,李明明,200000,115/07/30,,,CA02990 其他金屬製品製造業；E603100 電焊工程業；E801010 室內裝潢業；F106010 五金批發業；F206010 五金零售業；F401010 國際貿易業；I501010 產品設計業；I503010 景觀設計業；ZZ99999 除許可業務外，得經營法令非禁止或限制之業務,新北市,設立,11507
61279396,協直金屬企業社,新北市樹林區育德街75號,田承祐,200000,115/07/30,,,E801020 門窗安裝工程業；E801030 室內輕鋼架工程業；E603100 電焊工程業；E801010 室內裝潢業；CA02010 金屬結構及建築組件製造業；CA02990 其他金屬製品製造業；CA01050 鋼材二次加工業；F206010 五金零售業；F211010 建材零售業；EZ99990 其他工程業；ZZ99999 除許可業務外，得經營法令非禁止或限制之業務,新北市,設立,11507
61279403,快樂貓坊,新北市新莊區公園一路37號(1樓),吳雅妮,200000,115/07/30,,,A401031 特定寵物服務業；F206050 寵物食品及其用品零售業；F202010 飼料零售業；F201081 特定寵物零售業；ZZ99999 除許可業務外，得經營法令非禁止或限制之業務,新北市,設立,11507
61279419,重建折翼工作室,新北市新莊區中央路722號18樓,翁靖涵,200000,115/07/30,,,J801030 競技及休閒運動場館業；J601010 藝文服務業,新北市,設立,11507
61279425,日升桌球館,新北市樹林區學勤路392號,林瑩昇,200000,115/07/30,,,J801030 競技及休閒運動場館業,新北市,設立,11507
61279430,武越天餐館,新北市板橋區莒光路86號(1樓),邱于真,140000,115/07/30,,,F501060 餐館業；F501990 其他餐飲業,新北市,設立,11507
61279446,咩味時刻工作室,新北市三峽區金圳里圳頭21號,邱順群,200000,115/07/30,,,A401040 畜牧服務業；F201010 農產品零售業；F203010 食品什貨、飲料零售業；F399040 無店面零售業；F299990 其他零售業；ZZ99999 除許可業務外，得經營法令非禁止或限制之業務,新北市,設立,11507
61279467,來好小吃商行,新北市林口區民族路96號115年07月,張涵茵,200000,115/07/30,,,F501060 餐館業；F501990 其他餐飲業；F203010 食品什貨、飲料零售業；F203020 菸酒零售業；F501030 飲料店業；F399040 無店面零售業；ZZ99999 除許可業務外，得經營法令非禁止或限制之業務,新北市,設立,11507
61279473,金雁商行,新北市八里區訊埔路18號,陳鈺淇,50000,115/07/30,,,F101040 家畜家禽批發業；F101130 蔬果批發業；F101990 其他農、畜、水產品批發業；F102020 食用油脂批發業；F102040 飲料批發業；F102170 食品什貨批發業；F201010 農產品零售業；F201020 畜產品零售業；F201030 水產品零售業；F199990 其他批發業；F203010 食品什貨、飲料零售業；F299990 其他零售業；F399040 無店面零售業；F399990 其他綜合零售業；F501030 飲料店業；F501060 餐館業；F501990 其他餐飲業；F201990 其他農畜水產品零售業；F105050 家具、寢具、廚房器具、裝設品批發業；F205040 家具、寢具、廚房器具、裝設品零售業；F221010 食品添加物零售業；F121010 食品添加物批發業,新北市,設立,11507
61279488,遠豐食業,新北市新莊區龍安路261號(1樓),蔡子昱,80000,115/07/30,,,F501060 餐館業,新北市,設立,11507
61279494,洪翻天工作室,新北市新店區安祥路69巷21號,洪宣羽,50000,115/07/30,,,F399040 無店面零售業；ZZ99999 除許可業務外，得經營法令非禁止或限制之業務,新北市,設立,11507
61279500,溫水胡工作室,新北市汐止區民族二街30巷16之1號,胡嘉紋,200000,115/07/30,,,F399040 無店面零售業；F209060 文教、樂器、育樂用品零售業；ZZ99999 除許可業務外，得經營法令非禁止或限制之業務,新北市,設立,11507
61279516,喬運萬事通企業社,新北市中和區中山路2段332巷1號7樓,巫振弘,248000,115/07/30,,,JE01010 租賃業；G799990 其他運輸輔助業；IZ12010 人力派遣業；J101010 建築物清潔服務業；IZ06010 理貨包裝業；JZ99990 未分類其他服務業；ZZ99999 除許可業務外，得經營法令非禁止或限制之業務,新北市,設立,11507
61279522,土申工坊,新北市新店區花園七路1段33號,李豪,60000,115/07/30,,,F399040 無店面零售業；J601010 藝文服務業；ZZ99999 除許可業務外，得經營法令非禁止或限制之業務,新北市,設立,11507
61279537,晨沐商行,新北市淡水區北新路40號115年07月,王竣威,100000,115/07/30,,,F204110 布疋、衣著、鞋、帽、傘、服飾品零售業；F206020 日常用品零售業；F203010 食品什貨、飲料零售業；F399040 無店面零售業；F106020 日常用品批發業；F401010 國際貿易業；ZZ99999 除許可業務外，得經營法令非禁止或限制之業務,新北市,設立,11507
61279543,藍騎士數位工作室,新北市永和區永和路1段2號12樓之2,葉柔儀,150000,115/07/30,,,I301010 資訊軟體服務業；I301020 資料處理服務業；I103060 管理顧問業；IZ99990 其他工商服務業；I401010 一般廣告服務業；I301030 電子資訊供應服務業；I301060 網路廣告平臺業；J503010 廣播節目製作業；I501010 產品設計業；J399010 軟體出版業；J399990 其他出版業；J401010 電影片製作業；I599990 其他設計業；ZZ99999 除許可業務外，得經營法令非禁止或限制之業務,新北市,設立,11507
61279558,鼎康企業社,新北市樹林區千歲街92巷7弄35號3樓115年07月,謝詩惟,200000,115/07/31,,,ZZ99999 除許可業務外，得經營法令非禁止或限制之業務；EZ02010 起重工程業；E801010 室內裝潢業；E599010 配管工程業；EZ99990 其他工程業；F102170 食品什貨批發業；F105050 家具、寢具、廚房器具、裝設品批發業；F104110 布疋、衣著、鞋、帽、傘、服飾品批發業；F106010 五金批發業；F106020 日常用品批發業；F109070 文教、樂器、育樂用品批發業；F111090 建材批發業；F108040 化粧品批發業；F204110 布疋、衣著、鞋、帽、傘、服飾品零售業；F203010 食品什貨、飲料零售業；F206010 五金零售業；F205040 家具、寢具、廚房器具、裝設品零售業；F206020 日常用品零售業；F207030 清潔用品零售業；F107030 清潔用品批發業；F208040 化粧品零售業；F209060 文教、樂器、育樂用品零售業；F399040 無店面零售業；F401010 國際貿易業；J601010 藝文服務業；J602010 演藝活動業；JZ99030 攝影業；JZ99050 仲介服務業；I101090 食品顧問業；I103060 管理顧問業；IZ12010 人力派遣業,新北市,設立,11507
61279564,美倫企業社,新北市樹林區大安路301號3樓,賴美倫,200000,115/07/31,,,H701010 住宅及大樓開發租售業；H701020 工業廠房開發租售業；H701050 投資興建公共建設業；H701060 新市鎮、新社區開發業；H701070 區段徵收及市地重劃代辦業；H701090 都市更新整建維護業；H703090 不動產買賣業；H703100 不動產租賃業；JZ99050 仲介服務業；ZZ99999 除許可業務外，得經營法令非禁止或限制之業務,新北市,設立,11507
61279570,六立光製麵,新北市新莊區化成路293巷16號(1樓),劉德光,200000,115/07/31,,,F102170 食品什貨批發業；ZZ99999 除許可業務外，得經營法令非禁止或限制之業務,新北市,設立,11507
61279585,許諾工作室,新北市中和區中山路2段332巷1號7樓,許昀嫻,80000,115/07/31,,,J602010 演藝活動業；I401010 一般廣告服務業；J601010 藝文服務業；F399040 無店面零售業；ZZ99999 除許可業務外，得經營法令非禁止或限制之業務,新北市,設立,11507
61279591,庫嫂愛食夜宵店,新北市五股區工商路80號(1樓),王亭薇,150000,115/07/31,,,F501060 餐館業；ZZ99999 除許可業務外，得經營法令非禁止或限制之業務,新北市,設立,11507
61279608,傳承如金食堂,新北市板橋區中山路1段105號(1樓),段登傑,200000,115/07/31,,,F501060 餐館業；ZZ99999 除許可業務外，得經營法令非禁止或限制之業務,新北市,設立,11507
61279614,芹苴越式料理店,新北市板橋區四川路2段96號(1樓),段氏美緣,200000,115/07/31,,,F501060 餐館業；F501030 飲料店業；F501990 其他餐飲業,新北市,設立,11507
61279620,爬爬購兩棲爬蟲館,新北市板橋區漢生東路147號,李奕賢,100000,115/07/31,,,F201980 其他動物零售業；F206050 寵物食品及其用品零售業；F399040 無店面零售業；ZZ99999 除許可業務外，得經營法令非禁止或限制之業務,新北市,設立,11507
61279635,原本美容院,新北市三重區自強路3段110巷5號(1樓),周宥辰,200000,115/07/31,,,JZ99080 美容美髮服務業,新北市,設立,11507
61279641,春禾工作室,新北市中和區員山路143巷48號3樓,呂庚鴻,200000,115/07/31,,,F209060 文教、樂器、育樂用品零售業；F299990 其他零售業；J601010 藝文服務業；JZ99990 未分類其他服務業；ZZ99999 除許可業務外，得經營法令非禁止或限制之業務,新北市,設立,11507
61279656,瀚捷工程行,新北市三重區重新路2段78號15樓115年07月,許智捷,100000,115/07/31,,,E801010 室內裝潢業；E901010 油漆工程業；F401010 國際貿易業；F111090 建材批發業；ZZ99999 除許可業務外，得經營法令非禁止或限制之業務,新北市,設立,11507
61279662,吉星良品商行,新北市中和區中興里中興街170號3樓,郭姿吟,100000,115/07/31,,,F399040 無店面零售業；F401010 國際貿易業；F215010 首飾及貴金屬零售業；F215020 礦石零售業；F208040 化粧品零售業；F206020 日常用品零售業；F206050 寵物食品及其用品零售業；F115010 首飾及貴金屬批發業；F115020 礦石批發業；F108040 化粧品批發業；F106020 日常用品批發業；F106060 寵物食品及其用品批發業；F199990 其他批發業；F106050 陶瓷玻璃器皿批發業,新北市,設立,11507
61279678,沐禾芯美學工作室,新北市土城區中央路2段191號9樓之1,黃瑞葶,50000,115/07/31,,,JZ99080 美容美髮服務業,新北市,設立,11507
61279683,新矞商行,新北市土城區明德路2段72號,周欣頴,50000,115/07/31,,,F501060 餐館業,新北市,設立,11507
61279699,連昇企業社,新北市五股區中興路1段94號(1樓) 115年07月,林德森,200000,115/07/31,,,F106010 五金批發業；F113010 機械批發業；F113020 電器批發業；F113030 精密儀器批發業；F113070 電信器材批發業；F113100 污染防治設備批發業；F113990 其他機械器具批發業；F117010 消防安全設備批發業；F119010 電子材料批發業；F120010 耐火材料批發業；F206010 五金零售業；F213010 電器零售業；F213040 精密儀器零售業；F213060 電信器材零售業；F213080 機械器具零售業；F213100 污染防治設備零售業；F213990 其他機械器具零售業；F217010 消防安全設備零售業；F219010 電子材料零售業；F220010 耐火材料零售業；E502010 燃料導管安裝工程業；E599010 配管工程業；E601020 電器安裝業；E603100 電焊工程業；E604010 機械安裝業；E901010 油漆工程業；E903010 防蝕、防銹工程業；EZ09010 靜電防護及消除工程業；EZ15010 保溫、保冷安裝工程業；ZZ99999 除許可業務外，得經營法令非禁止或限制之業務,新北市,設立,11507
61279706,凱升工程行,新北市八里區頂寮三街32號4樓,林賢,200000,115/07/31,,,E604010 機械安裝業；E601010 電器承裝業；E601020 電器安裝業；E603010 電纜安裝工程業；E603050 自動控制設備工程業；E801010 室內裝潢業；E801020 門窗安裝工程業；E801030 室內輕鋼架工程業；E801040 玻璃安裝工程業；E801070 廚具、衛浴設備安裝工程業；E901010 油漆工程業；E903010 防蝕、防銹工程業；EZ99990 其他工程業；F111090 建材批發業；F211010 建材零售業；ZZ99999 除許可業務外，得經營法令非禁止或限制之業務,新北市,設立,11507
61279712,丰裕工程,新北市淡水區新民街1段161號4樓,邱琮傑,100000,115/07/31,,,E801010 室內裝潢業,新北市,設立,11507
61279728,睿修企業社,新北市新店區小城里僑信路108巷19號,余柏翰,50000,115/07/31,,,E801010 室內裝潢業；E801030 室內輕鋼架工程業；EZ99990 其他工程業；ZZ99999 除許可業務外，得經營法令非禁止或限制之業務,新北市,設立,11507
61279733,鴻憬車坊,新北市中和區永和路59號,陳治宇,168000,115/07/31,,,JA01010 汽車修理業；JA01990 其他汽車服務業；F214030 汽、機車零件配備零售業；F401010 國際貿易業；ZZ99999 除許可業務外，得經營法令非禁止或限制之業務,新北市,設立,11507
61279749,謙辰商行,新北市八里區頂罟一路120號(１樓、2樓),黃瑞祥,200000,115/07/31,,,F203010 食品什貨、飲料零售業；F501030 飲料店業；ZZ99999 除許可業務外，得經營法令非禁止或限制之業務,新北市,設立,11507
61279754,麥斯甜點,新北市淡水區油車里沙崙路216巷17號12樓,史衣甯,100000,115/07/31,,,F203010 食品什貨、飲料零售業；F399040 無店面零售業,新北市,設立,11507
61279760,屹拓工程行,新北市汐止區茄苳路224巷3弄20號3樓115年07月,鄭志聰,200000,115/07/31,,,E502010 燃料導管安裝工程業；E599010 配管工程業；E601020 電器安裝業；E603010 電纜安裝工程業；E603050 自動控制設備工程業；E801070 廚具、衛浴設備安裝工程業；EZ07010 鑽孔工程業；EZ99990 其他工程業；F205040 家具、寢具、廚房器具、裝設品零售業；F206010 五金零售業；F206040 水器材料零售業；ZZ99999 除許可業務外，得經營法令非禁止或限制之業務,新北市,設立,11507
61279776,里包恩企業社,新北市新莊區後港一路115號5樓,李懷恩,240000,115/07/31,,,F102170 食品什貨批發業；F106020 日常用品批發業；F108040 化粧品批發業；F113070 電信器材批發業；F113110 電池批發業；F119010 電子材料批發業；F203010 食品什貨、飲料零售業；F206020 日常用品零售業；F208040 化粧品零售業；F213060 電信器材零售業；F213110 電池零售業；F219010 電子材料零售業；F399040 無店面零售業；F401010 國際貿易業；G799990 其他運輸輔助業；IZ12010 人力派遣業；JA01990 其他汽車服務業；JA02010 電器及電子產品修理業；JE01010 租賃業；ZZ99999 除許可業務外，得經營法令非禁止或限制之業務,新北市,設立,11507
61279781,汩沐實業,新北市三峽區國光街380號4樓115年07月,洪均尚,200000,115/07/31,,,C802100 化粧品製造業；F108040 化粧品批發業；F208040 化粧品零售業；C802990 其他化學製品製造業；F107990 其他化學製品批發業；F207990 其他化學製品零售業；F107030 清潔用品批發業；F207030 清潔用品零售業；F106020 日常用品批發業；F206020 日常用品零售業；F104110 布疋、衣著、鞋、帽、傘、服飾品批發業；F204110 布疋、衣著、鞋、帽、傘、服飾品零售業；F401010 國際貿易業；F199990 其他批發業；F299990 其他零售業；J503010 廣播節目製作業；J503020 電視節目製作業；J503030 廣播電視節目發行業；I301010 資訊軟體服務業；I301030 電子資訊供應服務業；I599990 其他設計業；I501010 產品設計業；I103060 管理顧問業；ZZ99999 除許可業務外，得經營法令非禁止或限制之業務；F501060 餐館業；F203010 食品什貨、飲料零售業；F501030 飲料店業；F501990 其他餐飲業,新北市,設立,11507
61279797,龍聚鑫企業社,新北市板橋區館前東路8號(1樓),陳柏榮,200000,115/07/31,,,F209060 文教、樂器、育樂用品零售業；JE01010 租賃業；J799990 其他休閒服務業；F203010 食品什貨、飲料零售業；ZZ99999 除許可業務外，得經營法令非禁止或限制之業務,新北市,設立,11507
61279804,沐怡美容會館,新北市板橋區三民路1段86號(1樓),王志鴻,100000,115/07/31,,,F208040 化粧品零售業；F203010 食品什貨、飲料零售業；JZ99080 美容美髮服務業；JZ99990 未分類其他服務業；ZZ99999 除許可業務外，得經營法令非禁止或限制之業務,新北市,設立,11507
61279810,三重來碗粥商行,新北市三重區文化北路20之1號(1樓),謝祥弘,150000,115/07/31,,,F501060 餐館業；F203010 食品什貨、飲料零售業,新北市,設立,11507
61279826,易碗香食堂,新北市蘆洲區中興街51號(1樓),鄭易智,80000,115/07/31,,,F501060 餐館業,新北市,設立,11507
61279831,早成成早午餐店,新北市中和區景平路159巷58號(1樓),楊升湧,200000,115/07/31,,,F501060 餐館業,新北市,設立,11507
61279847,勝泉企業社,新北市板橋區信義路243號9樓,許茱媞,200000,115/07/31,,,E599010 配管工程業；E603040 消防安全設備安裝工程業；E603100 電焊工程業；E604010 機械安裝業,新北市,設立,11507
61279852,一芯甜品舖,新北市三峽區大學路111號,柯淑萍,80000,115/07/31,,,F501030 飲料店業,新北市,設立,11507
61279868,新橙果早午餐,新北市中和區新生街186巷1弄2號,陳芳怡,100000,115/07/31,,,F501060 餐館業,新北市,設立,11507
61279874,洸澤水電工程行,新北市板橋區華江一路111號15樓之1,李旻澤,200000,115/07/31,,,E599010 配管工程業；E601020 電器安裝業；E603010 電纜安裝工程業；E603040 消防安全設備安裝工程業；E603090 照明設備安裝工程業；E801010 室內裝潢業；E801020 門窗安裝工程業；E801030 室內輕鋼架工程業；E801040 玻璃安裝工程業；E801070 廚具、衛浴設備安裝工程業；E901010 油漆工程業；EZ07010 鑽孔工程業；EZ99990 其他工程業；F105050 家具、寢具、廚房器具、裝設品批發業；F106010 五金批發業；F106040 水器材料批發業；F111090 建材批發業；F113020 電器批發業；I503010 景觀設計業；ZZ99999 除許可業務外，得經營法令非禁止或限制之業務,新北市,設立,11507
61279889,偉林工程行,新北市三重區重安街39號（1樓）115年07月,林柏緯,200000,115/07/31,,,E801010 室內裝潢業,新北市,設立,11507
61279895,珈隆行,新北市汐止區長江街39巷9號(1樓),潘明隆,200000,115/07/31,,,F102170 食品什貨批發業；F105050 家具、寢具、廚房器具、裝設品批發業；F106010 五金批發業；F107030 清潔用品批發業；F203010 食品什貨、飲料零售業；F205040 家具、寢具、廚房器具、裝設品零售業；F206020 日常用品零售業；F206040 水器材料零售業；F207030 清潔用品零售業；F213080 機械器具零售業；F299990 其他零售業；F401010 國際貿易業；C199020 食用冰製造業；JA02990 其他修理業；JE01010 租賃業；ZZ99999 除許可業務外，得經營法令非禁止或限制之業務,新北市,設立,11507
61279902,森樸工程行,新北市八里區忠孝路313號8樓,黃胤融,240000,115/07/31,,,E801010 室內裝潢業；E801020 門窗安裝工程業；E801030 室內輕鋼架工程業；E801040 玻璃安裝工程業；E801070 廚具、衛浴設備安裝工程業；E599010 配管工程業；E901010 油漆工程業；E603090 照明設備安裝工程業；F205040 家具、寢具、廚房器具、裝設品零售業；F206010 五金零售業；F211010 建材零售業；F399040 無店面零售業；F401010 國際貿易業；I401010 一般廣告服務業；I503010 景觀設計業；J101010 建築物清潔服務業；EZ99990 其他工程業；ZZ99999 除許可業務外，得經營法令非禁止或限制之業務,新北市,設立,11507
61279918,品信裝潢工程行,新北市新店區安興路125之11號(1樓),張佳燁,200000,115/07/31,,,E801010 室內裝潢業；E801020 門窗安裝工程業；E801030 室內輕鋼架工程業；E801070 廚具、衛浴設備安裝工程業；F105050 家具、寢具、廚房器具、裝設品批發業；F106010 五金批發業；F106040 水器材料批發業；F111090 建材批發業；F205040 家具、寢具、廚房器具、裝設品零售業,新北市,設立,11507
61373385,歐老爹企業社,新北市板橋區莒光路40巷7弄12號(1樓),古建力,50000,115/07/07,,,F203010 食品什貨、飲料零售業,新北市,設立,11507
61394179,晶魚選品工作室,新北市新莊區福壽街14巷1號(1樓),林原樺,100000,115/07/23,,,F399040 無店面零售業,新北市,設立,11507
61396599,蔡家涼麵,新北市汐止區大同路2段513號（1樓）115年07月,蔡佳芸,200000,115/07/30,,,F501060 餐館業,新北市,設立,11507
61429141,鼎鈦隆工程行,新北市樹林區大安路534號3樓,林春海,200000,115/07/02,,,CA01050 鋼材二次加工業；E603100 電焊工程業；E801010 室內裝潢業；EZ99990 其他工程業；CA04010 表面處理業；E603110 冷作工程業；E599010 配管工程業；F106010 五金批發業；F106020 日常用品批發業；F111090 建材批發業；F206010 五金零售業；F211010 建材零售業；F401010 國際貿易業；ZZ99999 除許可業務外，得經營法令非禁止或限制之業務,新北市,設立,11507
61453107,晴采工作室,新北市樹林區大慶街168號4樓,林珮伶,50000,115/07/01,,,I301010 資訊軟體服務業；JZ99050 仲介服務業；F206020 日常用品零售業；J601010 藝文服務業,新北市,設立,11507
61454696,小豬豬工作室,新北市三重區環河北路3段500號17樓115年07月,黃煒中,100000,115/07/27,,,F109070 文教、樂器、育樂用品批發業；F209060 文教、樂器、育樂用品零售業；I401010 一般廣告服務業；F399040 無店面零售業；F401010 國際貿易業；J303010 雜誌（期刊）出版業；J304010 圖書出版業；J305010 有聲出版業；J399010 軟體出版業；I501010 產品設計業；J601010 藝文服務業；J602010 演藝活動業；JZ99030 攝影業；J503010 廣播節目製作業；J503020 電視節目製作業；J404010 動畫影片製作業；J404020 提供設備及場地供電影片拍攝業；J503040 廣播電視廣告業；J503030 廣播電視節目發行業；J503050 錄影節目帶業；F601010 智慧財產權業；JB01010 會議及展覽服務業；JE01010 租賃業；J202010 產業育成業；JZ99050 仲介服務業；IZ99990 其他工商服務業；I301010 資訊軟體服務業；I301020 資料處理服務業；I301030 電子資訊供應服務業；I103060 管理顧問業；I199990 其他顧問服務業；ZZ99999 除許可業務外，得經營法令非禁止或限制之業務,新北市,設立,11507
61455082,食憶商行,新北市新店區北宜路2段277號之1,高瑞妤,100000,115/07/02,,,F203010 食品什貨、飲料零售業；F501030 飲料店業,新北市,設立,11507
61465722,棠芯棠保商行,新北市新莊區瓊泰路149號(1樓),孫文彬,300000,115/07/20,,,F501060 餐館業；F399040 無店面零售業；F501990 其他餐飲業；F203010 食品什貨、飲料零售業,新北市,設立,11507
61466551,正騰和炸雞,新北市樹林區千歲街34號,邱信章,100000,115/07/24,,,F501990 其他餐飲業,新北市,設立,11507
61466686,貝伊髮型工作室,新北市新店區光華街20巷14號(1樓),黃秀美,200000,115/07/06,,,JZ99080 美容美髮服務業,新北市,設立,11507
61467242,天安工作室,新北市汐止區樟樹二路339巷12號3樓之3,陳玠安,100000,115/07/13,,,J601010 藝文服務業；ZZ99999 除許可業務外，得經營法令非禁止或限制之業務,新北市,設立,11507
61476663,慕慕杉人創意工作室,新北市林口區信義路172號12樓,柯怡如,10000,115/07/21,,,I301030 電子資訊供應服務業,新北市,設立,11507
61480408,愛而發工作室,新北市新店區車子路144號,徐愛華,200000,115/07/08,,,F203010 食品什貨、飲料零售業；F399040 無店面零售業；F501060 餐館業；ZZ99999 除許可業務外，得經營法令非禁止或限制之業務,新北市,設立,11507
61480435,戰讚小吃店,新北市蘆洲區長安街108巷5弄12號(1樓),盧秀華,80000,115/07/23,,,F501990 其他餐飲業；F399040 無店面零售業,新北市,設立,11507
61481960,安村鍋燒,新北市中和區華順街133號,劉宇翔,50000,115/07/14,,,F501030 飲料店業；F501060 餐館業,新北市,設立,11507
61492220,達爾文長安藥局,新北市板橋區長安街138巷1弄114號(1樓),陳銘達,240000,115/07/30,,,F203010 食品什貨、飲料零售業；F203030 酒精零售業；F206010 五金零售業；F206020 日常用品零售業；F207030 清潔用品零售業；F208040 化粧品零售業；F208050 乙類成藥零售業,新北市,設立,11507
85201268,祺立複合式餐飲坊,新北市新莊區四維路119巷15號,高適惟,180000,115/07/01,,,F501060 餐館業；F501030 飲料店業；F203010 食品什貨、飲料零售業；F399040 無店面零售業；ZZ99999 除許可業務外，得經營法令非禁止或限制之業務,新北市,設立,11507
91600453,豪重商行,新北市三峽區愛國路32之8號,余偲瑋,100000,115/07/22,,,F209060 文教、樂器、育樂用品零售業,新北市,設立,11507
92491088,陽峰工作室,新北市新莊區民安西路38巷38號(1樓) 115年07月,翁國峰,100000,115/07/29,,,ZZ99999 除許可業務外，得經營法令非禁止或限制之業務；F203010 食品什貨、飲料零售業；F501060 餐館業；F501030 飲料店業；F399040 無店面零售業；C104010 糖果製造業；C104020 烘焙炊蒸食品製造業；F106020 日常用品批發業；F206020 日常用品零售業；F299990 其他零售業；F601010 智慧財產權業；I101090 食品顧問業；I199990 其他顧問服務業,新北市,設立,11507
92643450,麗蓉美容美甲工坊,新北市新莊區四維路161巷2號,阮麗蓉,30000,115/07/28,,,JZ99080 美容美髮服務業,新北市,設立,11507
93091363,旭早手作蛋餅,新北市新莊區復興路2段120號,廖文偉,200000,115/07/16,,,F501990 其他餐飲業,新北市,設立,11507
95073734,紘毅企業社,新北市鶯歌區大湖路142巷7號(1樓),余洳萱,100000,115/07/31,,,F106010 五金批發業；F111090 建材批發業；F114030 汽、機車零件配備批發業；E801010 室內裝潢業；E801020 門窗安裝工程業；E801040 玻璃安裝工程業；CA01050 鋼材二次加工業；CA02010 金屬結構及建築組件製造業；JA01010 汽車修理業；ZZ99999 除許可業務外，得經營法令非禁止或限制之業務,新北市,設立,11507
95094793,鮮鍋閣小吃店,新北市板橋區僑中一街102巷3弄2號,王小萍,200000,115/07/15,,,F501060 餐館業,新北市,設立,11507
