市場別,公司代號,公司名稱,公司簡稱,統一編號,產業別,住址,董事長,總經理,總機電話,成立日期,上市櫃日期,實收資本額,網址,名下投資公司數,名下其他公司數
上市,1101,臺灣水泥股份有限公司,台泥,11913502,水泥工業,臺北市中山區中山北路二段113號,張安平,程耀輝,(02)2531-7099,1950/12/29,1962/02/09,77231817420,https://www.tccgroupholdings.com/tw/,1,10
上市,1102,亞洲水泥股份有限公司,亞泥,03244509,水泥工業,台北市大安區敦化南路2段207號30、31樓,徐旭東,李坤炎,02-2733-8000,1957/03/21,1962/06/08,35465628810,www.acc.com.tw,6,20
上市,1103,嘉新水泥股份有限公司,嘉泥,11892801,水泥工業,臺北市中山區中山北路二段96號,張剛綸,王立心,(02)2551-5211,1954/12/13,1969/11/14,8328745530,www.chcgroup.com.tw,0,4
上市,1104,環球水泥股份有限公司,環泥,07568009,水泥工業,臺北市中山區中央里南京東路二段125號10樓,侯博義,侯智元,02-25077801,1960/03/21,1971/02/01,6866818160,www.ucctw.com,4,6
上市,1108,幸福水泥股份有限公司,幸福,40601248,水泥工業,宜蘭縣南澳鄉東岳村蘇花路三段101號,陳韻如,陳明賢,25092188,1974/05/07,1990/06/06,4047380490,www.luckygrp.com.tw,11,104
上市,1109,信大水泥股份有限公司,信大,03279507,水泥工業,臺北市中正區寶慶路37號7樓,楊智雄,楊大寬,(02)23816731,1964/03/15,1991/12/05,3411588680,www.hsingta.com.tw,1,13
上市,1110,東南水泥股份有限公司,東泥,83078600,水泥工業,高雄市前金區五福三路21號4樓之1,陳敏斷,吳炎輝,07-2711121,1956/12/28,1994/10/22,5720007970,www.southeastcement.com.tw,5,9
上市,1201,味全食品工業股份有限公司,味全,11347802,食品工業,臺北市中山區松江路125號,徐文芳,滕以勇,(02)25065020,1953/09/22,1962/02/09,5060629140,https://www.weichuan.com.tw,0,4
上市,1203,味王股份有限公司,味王,07067309,食品工業,臺北市中山區聚盛里中山北路二段79號5樓,陳清福,陳恭平,(02)25717271,1959/07/04,1964/08/24,2400000000,https://www.vewong.com/,2,20
上市,1210,大成長城企業股份有限公司,大成,73008303,食品工業,台南市永康區蔦松二街三號,韓家宇,韓芳豪,06-2531111,1960/12/28,1978/05/20,8947672220,http://www.dachan.com,3,12
上市,1213,大西洋飲料股份有限公司,大飲,35012903,食品工業,桃園市平鎮區南勢里2鄰南東路410號,蘇芸樂,洪松輝,(02)2982-0061,1965/07/24,1981/04/10,566226270,http://applesidra.com.tw,0,0
上市,1215,台灣卜蜂企業股份有限公司,卜蜂,36514783,食品工業,臺北市中山區朱園里松江路87號17樓,鄭武樾,許瑞通,02-25077071,1977/08/22,1987/07/27,2947900980,http://www.cptwn.com.tw,0,0
上市,1216,統一企業股份有限公司,統一,73251209,食品工業,臺南市永康區中正路301號,羅智先,郭慶峰,(06)253-2121,1967/08/25,1987/12/28,56820154210,https://www.uni-president.com.tw,5,17
上市,1217,愛之味股份有限公司,愛之味,65534366,食品工業,嘉義縣民雄鄉工業二路11號,陳冠翰,陳冠豪,05-2211521-4,1971/06/26,1989/10/28,4945133360,www.agv.com.tw,1,14
上市,1218,泰山企業股份有限公司,泰山,59661701,食品工業,彰化縣田中鎮興工路6號,劉偉龍,蔡國樑,04-8742211,1950/10/26,1989/11/11,4999990380,www.taisun.com.tw,1,2
上市,1219,福壽實業股份有限公司,福壽,56192402,食品工業,台中市沙鹿區沙田路45號,洪堯昆,趙文強,04-26362111,1955/02/07,1990/12/01,3412383640,www.fwusow.com.tw,2,2
上市,1220,台榮產業股份有限公司,台榮,03543210,食品工業,台北市中山區南京東路二段206號6樓,倍安利投資有限公司,陳英凱,(02)2506-9521,1969/03/13,1991/11/20,1770779440,http://www.tairoun.com.tw/,0,0
上市,1225,福懋油脂股份有限公司,福懋油,22102298,食品工業,台中市大肚區沙田路一段453號,晉懋投資股份有限公司(代表人吳星澄),張志賓,25073121,1986/04/18,1993/09/27,2422683060,WWW.FOPCO.COM.TW,0,0
上市,1227,佳格食品股份有限公司,佳格,22102473,食品工業,台北市內湖區瑞光路610號10樓,曹德風,邱子權,2709-2323,1986/06/06,1994/04/09,9150895910,https://www.sfworldwide.com/,2,8
上市,1229,聯華實業控股股份有限公司,聯華,11996904,食品工業,臺北市南港區南港路一段209號10樓,苗豐強,林信宏,(02)2786-1188,1955/07/20,1976/07/19,18318798810,https://www.lhicholdings.com/,2,4
上市,1231,聯華食品工業股份有限公司,聯華食,07569627,食品工業,臺北市大同區迪化街1段148號,李開源,扶兆民,(02)25534546,1970/07/07,1995/11/02,3282999220,www.lianhwa.com.tw,0,3
上市,1232,大統益股份有限公司,大統益,20927014,食品工業,台南市官田區二鎮里工業西路32號,羅智先,陳昭良,06-698-4500,1982/05/24,1996/02/09,1599749150,https://www.ttet.com.tw,5,17
上市,1233,天仁茶業股份有限公司,天仁,18559415,食品工業,臺北市大安區忠孝東路四段107號6樓,李建德,陳中智,02-27765580,1975/12/11,1999/01/20,905919480,http://www.tenren.com.tw/,4,41
上市,1234,黑松股份有限公司,黑松,20651901,食品工業,台北市大安區信義路四段296號3樓,張斌堂,張智鈞,(02)2706-2191,1969/12/13,1999/03/12,4018710940,www.heysong.com.tw,2,4
上市,1235,興泰實業股份有限公司,興泰,85617982,食品工業,高雄市仁武區高楠公路10號,美安生化科技股份有限公司(代表人楊淑樺),藍志仁,07-3425301-5,1972/11/15,2000/09/11,1885778360,www.goldenbrand.com.tw,0,0
上市,1236,宏亞食品股份有限公司,宏亞,34106066,食品工業,新北市新店區北新路一段86號20樓之6,張云綺,張云綺,(02)29180786,1976/06/14,2001/09/17,866740080,https://www.hunya.com.tw,1,2
上市,1256,鮮活控股股份有限公司,鮮活果汁-KY,37759808,食品工業,"Suite 102, Cannon Place, P.O. Box 712, North Sound Rd.",黃國晃,黃薰毅,512-57515501,2010/01/12,2016/03/17,357813780,https://www.sunjuice.com/,0,2
上市,1301,台灣塑膠工業股份有限公司,台塑,75708007,塑膠工業,高雄市仁武區水管路100號,郭文筆,林勝冠,(02)2712-2211,1954/11/05,1964/07/27,63657407810,http://www.fpc.com.tw,0,6
上市,1303,南亞塑膠工業股份有限公司,南亞,75370905,塑膠工業,台北市內湖區南京東路六段380號(A1)7樓,吳嘉昭,鄒明仁,(02)27122211,1958/08/22,1967/11/15,79308215890,http://www.npc.com.tw,1,4
上市,1304,台灣聚合化學品股份有限公司,台聚,11917107,塑膠工業,台北市內湖區基湖路37號12樓,吳亦圭,吳培基,02-87516888,1965/05/26,1972/05/20,11887635000,www.usife.com.tw,7,12
上市,1305,華夏海灣塑膠股份有限公司,華夏,11686106,塑膠工業,台北市內湖區基湖路37號12樓,吳亦圭,胡吉宏,(02)8751-6888,1964/04/29,1973/03/05,5810504940,https://www.cgpc.com.tw,7,12
上市,1307,三芳化學工業股份有限公司,三芳,83387850,塑膠工業,高雄市三民區通化街120號,林孟經,林至逸,(07)3712111,1973/06/16,1985/11/23,3978181260,https://www.sanfang.com/zh/,1,3
上市,1308,亞洲聚合股份有限公司,亞聚,20747385,塑膠工業,高雄市林園區工業一路3號,吳亦圭,吳培基,(02)8751-6888,1977/01/25,1986/06/20,5937439190,https://www.apc.com.tw/,7,12
上市,1309,台達化學工業股份有限公司,台達化,11893409,塑膠工業,台北市內湖區基湖路37號12樓,吳亦圭,吳培基,(02)8751-6888,1960/04/06,1986/06/27,3975868480,http://www.ttc.com.tw,7,12
上市,1310,台灣苯乙烯工業股份有限公司,台苯,20844865,塑膠工業,台北市中正區羅斯福路一段六號八樓之一,林文淵,仲崇國,02-23966007,1979/11/16,1987/08/06,5278697640,http://www.smct.com.tw/,1,8
上市,1312,國喬石油化學股份有限公司,國喬,04212250,塑膠工業,高雄市大社區興工路4號,邱德馨,曾嘉雄,(02)2175-4567,1973/09/25,1988/12/21,15266203280,http://www.gppc.com.tw,2,2
上市,1313,聯成化學科技股份有限公司,聯成,04748660,塑膠工業,台北市南港區南港路一段209號A棟9樓,苗豐強,畢淑蒨,(02)26517889,1976/08/14,1989/03/27,13308461070,http://www.upc.com.tw,2,4
上市,1314,中國石油化學工業開發(股)公司,中石化,03084741,塑膠工業,高雄市大社區經建路1號,葛樹人,陳穎俊(代理),07-3513521,1969/07/08,1991/07/12,37848501300,www.cpdc.com.tw,1,4
上市,1315,達新工業股份有限公司,達新,51059101,塑膠工業,台中市西屯區工業區35路51號,吳子聰,陳以千,04-23595511,1966/10/24,1992/05/09,990990000,www.tahhsin.com.tw,0,1
上市,1316,上曜建設開發股份有限公司,上曜,73654033,建材營造,台南市安平區永華路二段248號20樓之6,張祐銘,曾鵬光,(06)2988318,1979/12/11,1992/10/15,4016461500,www.sunyad.com.tw,4,24
上市,1319,東陽實業廠股份有限公司,東陽,68326665,汽車工業,臺南市安南區安和路2段98號,吳永茂,吳永祥,06-3560511,1967/10/30,1994/12/12,5914770680,WWW.TYG.COM.TW,1,7
上市,1321,大洋塑膠工業股份有限公司,大洋,15024509,塑膠工業,臺北市萬華區莒光路310號5、6樓,陳欽明,陳欽明,(02)23062131,1965/06/07,1999/01/26,2272282680,www.opc.com.tw,2,5
上市,1323,永裕塑膠工業股份有限公司,永裕,68192103,塑膠工業,台南市仁德區勝利路88號,王威程,王威程,06-2793711,1973/04/02,2000/09/11,912745540,www.yonyu.com.tw,6,15
上市,1324,地球綜合工業股份有限公司,地球,07147916,塑膠工業,台北市中山區南京東路3段61號7樓,鈞鼎投資股份有限公司(代表人張德照),黃林慶,(02)2506-6666,1964/12/08,2000/09/11,751218820,https://www.globetape.com,0,0
上市,1325,恒大股份有限公司,恆大,11455800,塑膠工業,臺北市中山區林森北路372號10樓,黃美慧,黃美慧,(02)25119161,1962/10/14,2000/09/11,852811980,www.uk.com.tw,1,13
上市,1326,台灣化學纖維股份有限公司,台化,58650902,塑膠工業,彰化縣彰化市中庄里中山路三段359號,洪福源,呂文進,(02)27122211,1965/03/05,1984/12/20,58611862910,http://www.fcfc.com.tw,0,5
上市,1337,亞洲塑膠再生資源控股有限公司,再生-KY,26068617,塑膠工業,高雄市苓雅區四維四路190號12樓之2,丁金山,丁金礦,(07)2696099,2010/01/08,2011/08/17,2689547290,http://asia-recycle.com,0,1
上市,1338,廣華控股有限公司,廣華-KY,26594386,汽車工業,廣東省東莞市厚街鎮橋頭第三工業區,余澤民,黃建中,0769-89278888,2009/12/08,2012/12/19,838400000,https://www.hiroca.co/,0,1
上市,1339,昭輝實業股份有限公司,昭輝,22078327,汽車工業,彰化縣鹿港鎮興業路8號,禾翰投資股份有限公司,林睿澤,(04)7810781,1986/03/07,2012/04/24,741238750,http://www.yccco.com.tw,0,0
上市,1340,勝悅新材料有限公司,勝悅-KY,37722768,塑膠工業,中國福建省晉江市青陽蓮嶼工業區,莊國清,莊輝煌,8659582889862,2012/06/14,2014/01/14,1529228550,www.vnm.com.tw,0,0
上市,1341,富林塑膠工業(開曼)控股(股)公司,富林-KY,82716171,塑膠工業,越南海防市陽京郡海城坊范文同路第9里程,王源林,王源林(暫代),(07)535-2366,2016/11/30,2018/12/24,528506340,http://www.fulinvn.com,0,0
上市,1342,八貫企業股份有限公司,八貫,12386676,其他,宜蘭縣冬山鄉德興四路6號,劉宗熹,劉宗熹,03-9109568,1982/06/17,2020/11/24,785009020,http://www.cathayconsolidated.com,1,3
上市,1402,遠東新世紀股份有限公司,遠東新,03522600,紡織纖維,台北市大安區敦化南路二段207號36樓,徐旭東,"吳高山,鄭澄宇,范欽智,李源珍",02-27338000,1954/01/13,1967/04/14,53528752270,www.fenc.com,6,20
上市,1409,新光合成纖維股份有限公司,新纖,07435515,紡織纖維,臺北市中山區中山北路2段44號14、17樓,吳東昇,歐金達,25071259,1967/04/25,1973/08/31,16184092860,https://www.shinkong.com.tw/,9,24
上市,1410,南洋染整股份有限公司,南染,35286207,紡織纖維,桃園市蘆竹區南山路三段二三三號,何 鈞,何承榮,02-25940361,1964/12/22,1973/10/18,620000000,www.nydf.com.tw,0,0
上市,1413,宏洲纖維工業股份有限公司,宏洲,07220710,紡織纖維,台北市內湖區瑞光路607號7樓,詹正田,蕭尚祐,2657-5859,1968/07/30,1975/12/23,1321124540,http://www.hungchou.com.tw/,3,4
上市,1414,東和紡織股份有限公司,東和,73141105,紡織纖維,臺南市麻豆區小埤里工業路227號,蔡淑櫻,張嘉亨,(02)27001840,1959/09/11,1976/02/02,1980000000,www.tungho.com.tw,2,4
上市,1416,廣豐實業股份有限公司,廣豐,43434316,其他,台北市大安區敦化南路2段97號28樓,賀錫敬,劉家丞,02-27048111,1968/06/28,1976/04/20,1853421680,www.kfic.com.tw,8,10
上市,1417,嘉裕股份有限公司,嘉裕,11825825,紡織纖維,臺北市大安區仁愛路4段25號7樓,陳陞,陳冠伸,27113171,1969/12/12,1976/12/28,1899418400,https://www.carnival.com.tw/index.php?lang=tw,4,13
上市,1418,東華龍股份有限公司,東華,11083148,紡織纖維,臺北市中正區新生南路一段56號9樓,林壯儒,林壯燁,(02)23967768,1970/03/02,1977/02/14,568343090,www.tonghwa.com.tw,1,1
上市,1419,新光紡織股份有限公司,新紡,07435901,紡織纖維,台北市中山區中山北路二段44號15樓,吳昕恩,張淑娣,(02)25071258,1955/06/06,1977/03/14,3000412800,http://www.sktextile.com.tw,2,6
上市,1423,利華羊毛工業股份有限公司,利華,11311608,紡織纖維,臺北市大安區忠孝東路4段310號12樓,應柔爾,洪志成,02-27811161,1964/07/23,1979/04/02,996480000,www.reward.com.tw,2,3
上市,1432,大魯閣實業股份有限公司,大魯閣,04690983,運動休閒,台中市東區復興路4段186號8樓,林曼麗,王盈之,0436089988,1973/07/18,1982/07/26,1080000000,https://www.taroko.com.tw/,6,12
上市,1434,福懋興業股份有限公司,福懋,14001199,紡織纖維,雲林縣斗六市榴中里石榴路317號,王文淵,李敏章,(05)5573966,1973/04/19,1985/12/24,16846646370,https://www.ftc.com.tw,4,6
上市,1435,中福國際(股)公司,中福,03101946,其他,新北市中和區景平路666號2樓,陳建,陸榮木,(02)82422881,1971/01/15,1987/12/28,1397800800,www.chungfutex.com.tw,24,299
上市,1436,華友聯開發股份有限公司,華友聯,07510318,建材營造,高雄市鳳山區文龍路85號11樓,陸炤廷,陸炤廷,(07)780-1381,1967/01/31,1988/04/11,1941517950,www.huakai.com.tw,5,13
上市,1437,勤益投資控股股份有限公司,勤益控,35535607,其他,台北市大安區忠孝東路4段320號9樓,顧立楷,顧立楷,(02)2741-5000,1961/02/23,1988/11/10,2018712840,http://www.gtm.com.tw,2,5
上市,1438,三地開發地產股份有限公司,三地開發,03561011,建材營造,高雄市苓雅區中正二路175號16樓之3,鍾育霖,莊峻宇,(07)2259599,1955/10/11,1988/12/15,1112057590,http://www.sandirealestate.com.tw/,10,37
上市,1439,雋揚國際股份有限公司,雋揚,11113403,建材營造,臺北市南港區經貿一路170號11樓,侯嘉騏,侯嘉騏,(02)27566777,1964/10/01,1989/05/22,920000000,https://www.ascentglobal.com.tw/,11,16
上市,1440,臺南紡織股份有限公司,南紡,68919301,紡織纖維,臺南市東區裕農路511號,侯博明,江俊謀,(06)2376161,1955/03/21,1989/10/03,16568158570,https://www.tainanspin.com.tw/,3,5
上市,1441,大東紡織股份有限公司,大東,51037304,紡織纖維,台北市松山區南京東路三段346號3樓,陳修忠,陳建州,(02)27522244,1958/03/15,1989/10/27,617443870,www.tahtong.com.tw,0,1
上市,1442,名軒開發股份有限公司,名軒,04615057,建材營造,新北市新莊區中華路三段218號8樓,吳泓瑩,吳勝利,82922288,1974/07/18,1989/11/16,3662113580,https://www.advancetek.com.tw,0,4
上市,1443,立益物流開發股份有限公司,立益物流,04287483,其他,台北市大同區西寧北路70號6樓,蘇東榮,蘇慶源,(02)25557680,1972/11/25,1990/04/21,1353430110,www.lily.com.tw,1,1
上市,1444,力麗企業股份有限公司,力麗,07663290,紡織纖維,臺北市中山區松江路162號11樓,郭紹儀,陳漢卿,(02)2100-2888,1979/01/15,1990/08/08,9955950590,https://www.lealeagroup.com.tw/,1,7
上市,1445,大宇紡織股份有限公司,大宇,07015014,紡織纖維,臺北市大同區西寧北路62之5號7樓,陳曜銘,楊任凱,2552-3977,1969/09/12,1991/02/05,1306660340,www.universal-tex.com,4,9
上市,1446,宏和精密紡織股份有限公司,宏和,73641170,紡織纖維,台南市永康區中山南路473號,黃大功,何天明,06-2333133,1978/06/09,1991/10/15,1377095130,www.hongho.com.tw,1,1
上市,1447,力鵬企業股份有限公司,力鵬,33955322,紡織纖維,臺北市中山區松江路162號6樓,郭紹儀,童敏雄,(02)2100-2888,1975/08/20,1992/01/28,9100712420,http://www.lipeng.com.tw,1,7
上市,1449,佳和實業股份有限公司,佳和,72055019,紡織纖維,台南市新市區三舍里復興路533號,翁偉翔,翁偉翔,(06)7029961,1972/12/12,1992/05/06,1271145720,www.chgtex.com,4,9
上市,1451,年興紡織股份有限公司,年興,22266307,紡織纖維,台北市內湖區內湖路一段306號13樓,陳威翰,蔡樹軒,(02)26568888,1986/10/13,1992/12/21,1980000000,https://www.nhjeans.com/,1,14
上市,1452,宏益纖維工業股份有限公司,宏益,43121481,紡織纖維,臺北市大同區塔城街66號6樓,施淑賢,王慶榮,02-25521191,1968/08/23,1992/12/28,1326414000,http://www.hongyilon.com.tw,0,0
上市,1453,大將開發股份有限公司,大將,07617901,建材營造,台北市大安區敦化南路二段71號6樓,葉義雄,林靜怡,27069999,1978/04/15,1993/04/19,1132430480,www.tajiang.com.tw,6,8
上市,1454,台灣富綢纖維股份有限公司,台富,04301794,紡織纖維,臺北市大同區西寧北路70-1號8樓,莊燿銘,莊燿銘,02-25568282,1973/06/01,1993/05/07,1298338480,http://www.ttfco.com,1,1
上市,1455,集盛實業股份有限公司,集盛,43295237,紡織纖維,桃園市龜山區新嶺里東萬壽路60號,蘇百煌,葉必祿,02-25557151,1969/08/18,1993/10/07,5316883800,www.zigsheng.com,1,3
上市,1456,怡華實業股份有限公司,怡華,33144175,建材營造,台北市內湖區內湖路一段392號12樓之1,黃士豪,黃士豪,02-87978780,1968/08/02,1993/12/09,937200000,http://www.ihwa.com.tw,2,24
上市,1457,宜進實業股份有限公司,宜進,07669338,紡織纖維,台北市內湖區瑞光路607號7樓,詹正田,翁茂誠(原名:林鏡地),(02)26575859,1981/03/24,1994/10/20,3167300220,www.yijinn.com.tw,3,4
上市,1459,聯發紡織纖維股份有限公司,聯發,33653494,紡織纖維,臺北市大同區玉泉里環河北路1段73號5樓之5,葉清澤,王豐岳,(02)2552-1255,1972/12/11,1994/10/26,2689716800,www.lanfa.com.tw,6,6
上市,1460,宏遠興業股份有限公司,宏遠,22817999,紡織纖維,台南市山上區明和里256號,席家宜,暫缺,(06)5782561,1988/02/08,1995/04/28,6946434840,https://www.everest.com.tw/tw,1,3
上市,1463,強盛新投資控股股份有限公司,強盛新,07715023,紡織纖維,桃園市大園區大工路一二六號,成漢傑,張士志,(02)8181-3800,1983/10/19,1996/12/05,1732683810,www.csgroup.com.tw,2,2
上市,1464,得力實業股份有限公司,得力,73686632,紡織纖維,台南市新市區三舍里005鄰復興路820號,葉家銘,游逸能,06-5992866,1982/07/10,1997/01/18,4255757330,www.delicacy.com.tw,4,15
上市,1465,偉全實業股份有限公司,偉全,33700601,紡織纖維,臺北市大同區西寧北路62之5號6樓,陳建柱,陳建柱,02-25522174,1972/11/27,1997/09/08,1036072670,http://www.wisher.com.tw,1,2
上市,1466,聚隆纖維股份有限公司,聚隆,22976047,紡織纖維,彰化縣埔鹽鄉永樂村番金路94號,周文東,周文東,886-4-8652321,1988/07/22,1998/04/04,1111573200,http://www.acelon.com.tw,1,2
上市,1467,南緯實業股份有限公司,南緯,69559487,紡織纖維,台北市中山區林森北路426號2樓,林瑞岳,林宗頤,02-25215155,1978/08/18,1998/12/21,2336246670,WWW.TEXRAY.COM,1,9
上市,1468,昶和纖維興業股份有限公司,昶和,36123364,紡織纖維,桃園市蘆竹區南崁路一段277號,陳明澤,陳明澤,(02)2741-9299,1982/04/10,1999/01/21,1604052440,www.chang-ho.com.tw,1,8
上市,1470,大統新創股份有限公司,大統新創,22267777,紡織纖維,臺北市大同區塔城街64號4樓,葉柏亮,葉柏亮,02-25503266,1986/12/09,1999/05/21,857670000,www.evertex.tw,1,2
上市,1471,首利實業股份有限公司,首利,07699023,電子零組件,新北市五股區五權七路18號3樓,鄭傑,鄭翔,(02)2299-1907,1982/10/21,2000/03/06,1504145360,www.soly-tech.com,15,81
上市,1472,三洋實業股份有限公司,三洋實業,07029919,建材營造,高雄市大社區嘉保路360號,蔣玉蓮,徐正哲,07-3560666,1968/10/07,2000/09/11,524880820,triocean.com.tw,2,5
上市,1473,台南企業股份有限公司,台南,68919702,紡織纖維,台南市歸仁區中山路三段320號,楊青&#23791;,蘇炯忠,06-2307911,1961/08/26,2000/09/11,1461535340,https://www.tai-nan.com/,0,0
上市,1474,弘裕企業股份有限公司,弘裕,58003997,紡織纖維,彰化縣伸港鄉全興工業區工西一路60號,葉博宇,郭正沛,04-7994888,1970/09/04,2000/10/31,1298969690,http://www.textile-hy.com.tw,0,1
上市,1475,台灣業旺股份有限公司,業旺,23912057,紡織纖維,台北市中正區北平東路36號8樓,陳坤木,陳坤松,03-2756558,1990/11/02,2000/10/27,660167490,http://www.big-sunshine.com.tw,3,8
上市,1476,儒鴻企業股份有限公司,儒鴻,35884479,紡織纖維,新北市新莊區中央路738號,王樹文,洪瑞廷,(02)2299-6000,1977/11/28,2001/04/18,2743671110,http://www.eclat.com.tw,1,1
上市,1477,聚陽實業股份有限公司,聚陽,23609668,紡織纖維,臺北市信義區忠孝東路四段550號8樓,周理平,周心鵬,23455588,1990/01/10,2003/01/21,2466937130,www.makalot.com.tw,1,1
上市,1503,士林電機廠股份有限公司,士電,11039306,電機機械,台北市士林區中山北路六段88號16樓,許育瑞,郭約瑟、程相智,02-2834-2662,1955/11/03,1969/12/15,5209722230,www.seec.com.tw,5,14
上市,1504,東元電機股份有限公司,東元,11332202,電機機械,臺北市南港區三重路19-9號5樓,利明&#29486;,高飛鳶,2655-3333,1956/06/12,1973/11/05,23764406840,http://www.teco.com.tw,0,0
上市,1506,正道工業股份有限公司,正道,68193807,電機機械,台南市仁德區大甲里中正西路1015號,謝麗雲,鄭平山,06-266 4101,1965/03/13,1980/08/11,3003885010,http://www.rightway.com.tw,0,10
上市,1512,瑞利企業股份有限公司,瑞利,85330636,汽車工業,高雄市仁武區高楠公路廿二號,吳明燦,林維輝,07-3438301,1970/06/18,1994/01/28,981834980,http://www.juili.com.tw,1,3
上市,1513,中興電工機械股份有限公司,中興電,33029464,電機機械,新北市中和區中正路801號3樓,江馥年,郭慧娟,(03)3284170,1956/05/01,1994/03/08,5031125150,WWW.CHEM.COM.TW,0,10
上市,1514,亞力電機股份有限公司,亞力,03213392,電機機械,台北市南港區三重路19-11號12樓,慧德實業有限公司代表人宋和業,鄭朝彬,(02)2655-3456,1968/09/25,1994/03/26,2785706420,www.allis.com.tw,0,0
上市,1515,力山工業股份有限公司,力山,55759180,電機機械,台中市大里區仁化路261號,王冠祥,羅政洲,04-24914141,1973/04/30,1995/02/04,1814735000,http://www.rexon.net,1,2
上市,1516,川飛能源股份有限公司,川飛,22071751,其他,台北市信義區光復南路495號6樓之5,蔡焜煌,蔡焜煌,02-27200095,1986/02/20,1995/04/01,300081950,www.falconpower.tw,4,5
上市,1517,利奇機械工業股份有限公司,利奇,59008318,電機機械,彰化縣彰化市石牌里石牌路一段112號,林育新,林宜賢,04-7382121,1973/05/16,1995/11/14,2200000070,https://www.leechi.com.tw/,2,6
上市,1519,華城電機股份有限公司,華城,33284077,電機機械,桃園市中壢區吉林路10號,許邦福,許逸德/許逸晟(執行長),02-27047001,1969/08/26,1997/04/16,3474689290,www.fortune.com.tw,4,6
上市,1521,大億交通工業製造股份有限公司,大億,69408876,汽車工業,台南市南區新信路11號,吳俊億,莊智清,06-2615151,1976/01/28,1997/10/06,762300000,www.tayih-ind.com.tw,3,7
上市,1522,堤維西交通工業股份有限公司,堤維西,22269487,汽車工業,臺南市南區新樂路72之2號,吳國禎,蘇彥碩,06-2658781,1986/09/09,1997/10/06,3428978810,www.tyc.com.tw,2,10
上市,1524,耿鼎企業股份有限公司,耿鼎,22081250,汽車工業,桃園市蘆竹區內溪路48號,李茂源,李茂源,03-3244011,1986/03/13,1998/10/30,1653103970,www.gordon.com.tw,1,4
上市,1525,江申工業股份有限公司,江申,35129100,汽車工業,桃園市楊梅區新江路100號,熊東台,曾火冏誌,03-4783121,1963/05/30,1999/05/15,734001350,https://www.kian-shen.com/,0,1
上市,1526,日馳企業股份有限公司,日馳,11099726,電機機械,桃園市蘆竹區海山中街51號,徐予霖,蘇偉倫,(03)3543900,1972/05/26,2000/03/27,600000000,www.sunrace.com,1,1
上市,1527,鑽全實業股份有限公司,鑽全,20982120,電機機械,台中市工業區36路24號,賴伯彥先生,賴伯峰先生,(04)23598877,1983/07/02,2000/06/21,1385706400,www.basso.com.tw,0,0
上市,1528,恩德科技股份有限公司,恩德,11551634,電機機械,臺北市士林區中山北路五段478號6樓,廖文嘉,李明哲,(02)28376866,1972/07/21,2000/09/11,1913310000,http://www.anderson.com.tw,5,10
上市,1529,樂事綠能科技股份有限公司,樂事綠能,34211074,電機機械,台南市北區成功路114號7樓之1,陳介仁,陳連聰,(02)2559-1021,1978/05/24,2000/09/11,2028498270,http://www.luxe.com.tw,2,5
上市,1530,亞崴機電股份有限公司,亞崴,22224692,電機機械,新竹縣新埔鎮文山里關埔路水車頭段629號,楊丞鈞,楊尚儒,03-5885191,1986/07/16,2000/09/11,1031076470,www.awea.com,2,3
上市,1531,高林股份有限公司,高林股,29538509,電機機械,台北市松山區105敦化北路167號8樓,林陳雅子,林培嘉,(02)27130232,1965/10/05,2000/09/11,1821080800,WWW.SIRUBA.COM,2,2
上市,1532,勤美股份有限公司,勤美,03474311,電機機械,臺北市大安區仁愛路4段85號4樓,林廷芳,林靖誼/麥聖偉,02-27112831,1972/09/09,2000/09/11,4226042710,www.cmp.com.tw,3,21
上市,1533,車王電子股份有限公司,車王電,04827138,汽車工業,台中市大雅區中清路4段85號,蔡裕慶,蔡裕慶,04-25683366,1982/07/19,2001/04/06,985474860,http://www.more.com.tw,1,3
上市,1535,中宇環保工程股份有限公司,中宇,84252401,電機機械,高雄市前鎮區成功二路88號8樓,謝英斌,余政典,07-3336138,1993/03/15,2001/09/17,1237425520,www.ecotek.com.tw,0,0
上市,1536,和大工業股份有限公司,和大,52264848,汽車工業,台中市大里區仁化路115號,沈千慈,陳俊智,04-25692299,1973/01/16,2001/09/17,2789595130,www.hota.com.tw,0,1
上市,1537,廣隆光電科技股份有限公司,廣隆,23556563,電機機械,南投縣南投市永豐里南崗三路244號,李瑞勳,楊瑞祥,049-2254777,1990/01/25,2002/01/22,820627940,www.klb.com.tw,0,0
上市,1538,正峰工業股份有限公司,正峰,44947686,電機機械,桃園市中壢區民族路六段576巷39弄28號,潘素敏,鮑依欣,(03)490-4111,1976/04/24,2002/08/26,323000000,www.jennfeng.com,1,2
上市,1539,巨庭機械股份有限公司,巨庭,52646207,電機機械,台中市太平區永豐路78號,莊佳玲,張永和,(04)2270-0258,1981/08/17,2002/10/29,653700000,www.geetech.com.tw,1,3
上市,1540,喬福機械工業股份有限公司,喬福,52903090,電機機械,台中市神岡區中山路1056號,林聖明,詹正淦,(04)25624721,1984/08/08,2002/08/26,854736120,www.johnford.com.tw,0,0
上市,1541,錩泰工業股份有限公司,錩泰,23248433,電機機械,台中市后里區南村路41號,張經金,張經金,04-25580669,1989/04/21,2003/03/19,788000000,www.toty.com.tw,0,1
上市,1558,伸興工業股份有限公司,伸興,55754185,電機機械,台中市太平區永成路78號,林志誠,劉棟樑,(04)22785177,1975/01/03,2014/12/23,645356310,www.zenghsing.com.tw/,9,36
上市,1560,中國砂輪企業股份有限公司,中砂,03089008,電機機械,新北市鶯歌區中山路64號,林伯全,李偉彰,02-26791931,1964/07/08,2005/01/31,1502894560,www.kinik.com.tw,2,4
上市,1563,巧新科技工業股份有限公司,巧新,84980915,汽車工業,雲林縣斗六市虎溪里雲科路三段80號,黃聰榮,黃聰榮,05-5512288,1994/06/24,2024/05/13,1692061050,www.superalloy.tw,2,5
上市,1568,倉佑實業股份有限公司,倉佑,66654986,汽車工業,嘉義縣民雄鄉福樂村中山路18號,蘇祈澤,蘇祈祜,05-2200888,1985/01/16,2014/05/14,1030865590,www.tsangyow.com.tw,1,1
上市,1582,信錦企業股份有限公司,信錦,35966577,電子零組件,新北市中和區建康路168號9樓,陳秋郎,陳秋郎,02-66215888,1979/07/07,2009/12/17,1442686040,www.syncmold.com.tw,2,5
上市,1583,程泰機械股份有限公司,程泰,52353530,電機機械,台中市西屯區協和里工業區五路十三號,楊舒涵,陳深祥,(04)2463-6000,1975/09/28,2008/01/24,1094003720,http://www.goodwaycnc.com/,1,8
上市,1587,吉茂精密股份有限公司,吉茂,24157564,汽車工業,彰化縣芳苑鄉後寮村工區路28號,劉彥狄,劉彥狄,(04)896-7892,1984/08/22,2018/04/16,800556720,www.cryomaxcooling.com,2,2
上市,1589,永冠能源科技集團有限公司,永冠-KY,41048746,電機機械,台北市內湖區新湖一路93號4樓,張賢銘,李熔,(02)2791-7198,2008/01/22,2012/04/27,1531359410,http://www.ygget.com/index/tw.aspx,1,4
上市,1590,亞德客國際集團,亞德客-KY,53666460,電機機械,台北市中山區民生東路三段10號9樓,王世忠,李懷文,(02)27197538,2009/09/16,2010/12/13,1999999980,http://www.airtac.com/,0,11
上市,1597,直得科技股份有限公司,直得,16755427,電機機械,臺南市新市區大利一路3號,陳麗芬,許明哲,(06)505-5858,1998/10/19,2020/12/23,892618040,http://www.chieftek.com/,16,56
上市,1598,岱宇國際股份有限公司,岱宇,23751545,運動休閒,臺北市中山區朱園里松江路111號12樓,林佑穎,陳明男,(02)25152288,1990/06/02,2016/09/20,1791420920,http://www.dyaco.com,1,6
上市,1603,中華電線電纜股份有限公司,華電,35882520,電器電纜,台北市中山區中山北路三段58號4樓,陳亮吟,陳鶴原,2599-3456,1961/02/23,1968/06/03,1916880000,www.cwco.com.tw,1,2
上市,1604,聲寶股份有限公司,聲寶,03607500,電器電纜,桃園市龜山區大華里頂湖26-3號,君瑜投資有限公司,彭俊彥,03-3975151,1962/09/11,1970/12/14,3842000000,www.sampo.com.tw,0,0
上市,1605,華新麗華股份有限公司,華新,35412204,電器電纜,台北市信義區松智路1號25樓,焦佑倫,王錫欽,(02)8726-2211,1966/12/02,1972/11/03,44313329480,https://www.walsin.com,1,2
上市,1608,華榮電線電纜股份有限公司,華榮,79460007,電器電纜,高雄市前金區中正四路170號,王宏仁,黃華志,07-2814161,1956/12/08,1988/07/11,6327735060,http://www.hegroup.com.tw,2,19
上市,1609,大亞電線電纜股份有限公司,大亞,68035907,電器電纜,台南市關廟區中山路二段249號,沈尚弘,沈尚宜,06-5953131,1962/11/07,1988/12/12,7852619440,www.taya.com.tw,5,22
上市,1611,中國電器股份有限公司,中電,03086001,電器電纜,臺北市內湖區湖元里行善路124號2樓,廖銘輝,吳一麟,(02)27191188,1955/02/01,1990/01/16,3227357420,http://www.chinaelectric.com.tw,0,1
上市,1612,宏泰電工股份有限公司,宏泰,43125162,電器電纜,桃園市觀音區樹林里國建一路2號,久疆投資股份有限公司,黎文斌,(02)27011000,1968/08/08,1993/05/08,3160800630,www.hong-tai.com.tw,0,0
上市,1614,台灣三洋電機股份有限公司,三洋電,03564501,電器電纜,台北市中山區松江路266號10F,李文峰,李文琳,(02)25210251,1963/02/13,1997/09/18,2691134060,https://sanlux.com.tw/,0,2
上市,1615,大山電線電纜股份有限公司,大山,64829434,電器電纜,雲林縣斗六市雲林路三段369號,蘇文彬,蘇文彬,05-5222331,1974/04/15,2000/03/30,1986303390,http://www.dahsan.com.tw,4,10
上市,1616,億泰電線電纜股份有限公司,億泰,22819700,電器電纜,台北市中正區仁愛路二段九十一巷一號一樓,王銀河,張程浩(代理),02-2321-8855,1988/03/21,2000/09/11,1941485150,http://www.evertop.com,0,1
上市,1617,榮星電線工業股份有限公司,榮星,73341336,電器電纜,台南市仁德區中正路三段231號,王東澤,邱守基,06-2705211,1971/07/17,2000/09/11,1695147000,http://www.jswire.com.tw,0,1
上市,1618,合機電線電纜股份有限公司,合機,23206102,電器電纜,台北市中山區復興南路一段36之9號3樓,李新政,郭晉勳,02-23956603,1989/03/01,2000/09/11,1926917470,WWW.HOLD-KEY.COM.TW,0,1
上市,1623,大東電業廠股份有限公司,大東電,18523000,電器電纜,桃園市楊梅區梅獅路二段349巷3號,林志明,楊博文,03-4818138,1962/07/16,2026/01/22,660000000,http://tewc.com.tw/,8,132
上市,1626,艾美特(開曼)國際有限公司,艾美特-KY,34995738,電器電纜,台南市新忠路11號,史瑞斌,史瑞斌,8675527655988,2004/03/11,2013/03/21,1498217210,www.airmate-china.com,0,5
上市,1702,南僑投資控股股份有限公司,南僑,07305506,食品工業,臺北市大同區延平北路4段100號,陳正文,李勘文,(02)6619-3000,1950/06/30,1973/05/30,2941329620,https://www.namchow.com.tw/,0,15
上市,1707,葡萄王生技股份有限公司,葡萄王,11880517,生技醫療,桃園市平鎮區金陵路二段402號,曾盛麟,曾盛麟,03-4572121,1971/04/01,1982/12/20,1481373730,http://www.grapeking.com.tw,1,2
上市,1708,東南實業股份有限公司,東鹼,11384405,化學工業,臺北市大安區敦化南路二段99號23樓,陳榮元,劉志勇,27047272,1957/03/02,1986/06/16,2490016510,www.sesoda.com.tw,0,4
上市,1709,和益化學工業股份有限公司,和益,04312878,化學工業,台北市萬華區柳州街80號7樓,黃勝材,李宏德,02-25071234,1973/06/21,1986/07/03,4770162720,http://www.fucc.com.tw,1,2
上市,1710,東聯化學股份有限公司,東聯,14057995,化學工業,臺北市松山區復興北路101號13樓,徐旭東,蔡錫津,02-27193333,1975/12/22,1987/10/21,8857030290,http://www.oucc.com.tw,6,20
上市,1711,臺灣永光化學工業股份有限公司,永光,15458455,化學工業,臺北市大安區義安里敦化南路二段77號5~6樓,陳建信,陳偉望,(02)27066006,1972/09/07,1988/12/27,5477522260,https://www.ecic.com/,1,2
上市,1712,興農股份有限公司,興農,51911712,化學工業,臺中市大肚區南榮路101號1樓,劉雲松,李乾&#29641;,04-26933841,1963/11/20,1989/12/14,4204925850,www.sinon.com.tw,1,7
上市,1713,國泰化工廠股份有限公司,國化,03375001,化學工業,臺北市大安區忠孝東路4段320號12樓,應柔爾,洪志成,(02)27811161,1962/12/11,1990/01/31,1509517000,www.ccwi.com.tw,2,3
上市,1714,和桐化學股份有限公司,和桐,12526607,化學工業,高雄市仁武區竹後里竹工二巷1號,張立秋,陳怡如,89769268,1980/08/01,1991/08/30,9918248080,www.htgroup.com.tw,1,7
上市,1717,長興材料工業股份有限公司,長興,75339004,化學工業,高雄市三民區建工路578號,高國倫,廖恒寧,07-3838181,1964/12/03,1994/03/31,11842454830,https://www.eternal-group.com/Home,0,2
上市,1718,中國人造纖維股份有限公司,中纖,07066907,化學工業,高雄市大社區經建路8號,王貴賢,王皆誼,02-23937111,1955/05/11,1963/12/02,16859057450,www.cmfc.com.tw,9,17
上市,1720,生達化學製藥股份有限公司,生達,71122503,生技醫療,台南市新營區土庫里土庫6-20號,范滋庭,范滋庭,(06)636-1516,1967/06/30,1995/12/12,1965656980,http://www.standard.com.tw,1,6
上市,1721,國慶科技股份有限公司,國慶科技,55738290,化學工業,台中市西區中興街229號5樓,黃亭棣,張俊彬,(04)23215616,1974/12/31,1996/05/16,1848840920,http://www.sunko.com.tw,1,1
上市,1722,台灣肥料股份有限公司,台肥,03795101,化學工業,台北市南港區經貿一路170號17樓,張滄郎,陳右欣,25422231,1946/05/01,1998/03/24,9800000000,www.taifer.com.tw,0,0
上市,1723,中鋼碳素化學股份有限公司,中碳,23221384,化學工業,高雄市前鎮區成功二路88號25樓,黃建智,曾文良,(07)3383515,1989/02/03,1998/11/27,2369044800,www.cscc.com.tw,4,31
上市,1725,元禎企業股份有限公司,元禎,12132033,化學工業,臺北市松山區民生東路四段54號3樓之3,許元禎,姚永康,(02)27172222,1977/07/20,2000/09/11,1818299780,http://www.yuanjen.com/,6,8
上市,1726,永記造漆工業股份有限公司,永記,75137605,化學工業,高雄市小港區沿海三路26、28號,張德仁,張豐利,07-8713181,1957/05/29,2000/09/11,1620000000,www.rainbowpaint.com.tw,3,4
上市,1727,臺灣中華化學工業股份有限公司,中華化,03558206,化學工業,桃園市觀音區樹林里工業五路15號,干文元,干凱恩,03-4761266,1956/10/30,2000/09/11,1280195590,www.chciw.com.tw,0,0
上市,1730,花仙子企業股份有限公司,花仙子,07708830,化學工業,台北市大同區承德路三段230號13樓,蔡心心,王佳郁,2592-2860,1983/05/24,2001/09/17,632338510,WWW.FARCENT.COM.TW,2,2
上市,1731,美吾華股份有限公司,美吾華,14089976,生技醫療,臺北市松山區復興北路167號5樓,李成家,賴育儒,02-2713-6621,1976/10/01,2001/09/17,1329152440,http://www.maywufa.com.tw,4,5
上市,1732,毛寶股份有限公司,毛寶,34245356,化學工業,新竹縣湖口鄉實踐路19號,吳瑞華,陳逸弘,(02)8976-2277,1978/12/06,2001/09/17,424439570,www.maobao.com.tw,1,6
上市,1733,五鼎生物技術股份有限公司,五鼎,16130182,生技醫療,新竹科學園區新竹市力行五路7號,沈燕士,沈燕士,03-5641952,1997/12/02,2001/09/17,999501920,www.apexbio.com.tw,0,0
上市,1734,杏輝藥品工業股份有限公司,杏輝,42042734,生技醫療,宜蘭縣冬山鄉中山村中山路八十四號,李易達,白友烺,(03)958-1101,1977/07/02,2002/08/26,2016085810,www.sinphar.com,7,12
上市,1735,日勝化工股份有限公司,日勝化,23263551,化學工業,南投縣南投市工業南二路7號,何文杰,黃長澤,049-2255357,1989/05/15,2002/08/26,993880000,www.twemc.com,0,2
上市,1736,喬山健康科技股份有限公司,喬山,52347361,運動休閒,台中市大雅區東大路二段999號,羅崑泉,羅光廷,04-25667100,1975/10/07,2003/01/09,3033946170,https://www.johnsonhealthtech.com/tw/zht,1,1
上市,1737,臺鹽實業股份有限公司,臺鹽,89397503,食品工業,台南市南區健康路一段297號,丁彥哲,李杰翰,06-2160688,1995/07/01,2003/11/18,2000000000,https://www.tybio.com.tw/,0,0
上市,1752,南光化學製藥股份有限公司,南光,69275313,生技醫療,台南市新化區中山路1001號,陳立賢,陳本松、陳本忠,06-5984121,1973/08/20,2022/01/19,1009884720,http://www.nangkuang.com.tw,1,6
上市,1760,寶齡富錦生技股份有限公司,寶齡富錦,04742997,生技醫療,台北市南港區園區街3號16F(F棟),張立秋,江宗明,02-26558218,1976/01/07,2018/01/23,857390130,http://www.pbf.com.tw,1,7
上市,1762,中化合成生技股份有限公司,中化生,03088704,生技醫療,新北市樹林區東興街一號,王謝怡貞,蕭文郁,86843318,1964/05/19,2010/12/20,769180000,www.ccsb.com.tw,1,6
上市,1773,勝一化工股份有限公司,勝一,75970680,化學工業,高雄市永安區永工一路5號,孫靜源,孫啟發,07-6219171,1979/01/04,2009/02/27,3000000000,http://www.shinychem.com.tw/,3,8
上市,1776,展宇科技材料股份有限公司,展宇,47061800,化學工業,新竹縣湖口鄉鳳凰村光復路71號,劉漢瀛,趙偉君,03-5978899,1976/04/24,2016/05/09,601069520,https://www.headway.com.tw,1,1
上市,1783,和康生物科技股份有限公司,和康生,16749811,生技醫療,桃園市龜山區科技一路88號,林詠翔,陳敬亭,03-3287222,1998/12/03,2013/12/20,896981150,www.mbi.com.tw,4,25
上市,1786,科妍生物科技股份有限公司,科妍,13159100,生技醫療,高雄市前鎮區南一路1號,韓開程,韓台賢,07-8232258,2001/11/12,2013/11/12,748276410,www.scivision.com.tw,0,1
上市,1789,台灣神隆股份有限公司,神隆,16130161,生技醫療,臺南市善化區南科八路1號,羅智先,盧麗安,06-5052888,1997/11/11,2011/09/29,7907392220,https://www.scinopharm.com/tw,5,17
上市,1795,美時化學製藥股份有限公司,美時,11456110,生技醫療,臺北市信義區松仁路277號17樓,Vilhelm Robert Wessman,Petar Antonov Vazharov,02-27005908,1966/06/30,2019/12/16,2701547570,http://www.lotuspharm.com.tw,0,0
上市,1802,台灣玻璃工業股份有限公司,台玻,11914002,玻璃陶瓷,台北市松山區南京東路三段261號台玻大樓11樓,林伯豐,林伯實,(02)2713-0333,1964/08/25,1973/07/20,29080608000,www.taiwanglass.com,2,2
上市,1805,寶徠建設股份有限公司,寶徠,12179563,建材營造,台北市內湖區新湖一路303號4樓,林瑞山,林瑞山,02-27915688,1978/06/30,1989/10/20,1349704550,https://blgroup.com.tw/,2,11
上市,1806,冠軍建材股份有限公司,冠軍,49701774,玻璃陶瓷,苗栗縣竹南鎮大埔里竹篙厝200-7號,林榮德,林祐宇,037-583775,1972/11/24,1992/09/29,3904038700,http://group.champion.com.tw,2,15
上市,1808,潤隆建設股份有限公司,潤隆,34149369,建材營造,台北市中山區樂群二路267號8樓,邱秉澤,林暐鈞,02-8501-5696,1977/01/10,1994/10/26,7144253930,www.runlong.com.tw,0,0
上市,1809,中國製釉股份有限公司,中釉,47056834,玻璃陶瓷,新竹縣竹東鎮中興路四段一三六號,蔡憲龍,蔡松祐,(03)582-4128,1974/12/06,1996/04/30,1670419370,www.china-glaze.com.tw,0,0
上市,1810,和成欣業股份有限公司,和成,03228304,玻璃陶瓷,台北市內湖區行善路398號1樓,邱立堅,陳世傑,(02)27925511,1963/04/15,1991/10/14,3023037190,www.hcg.com.tw,2,5
上市,1817,凱撒衛浴股份有限公司,凱撒衛,22746550,玻璃陶瓷,新北市三重區興德路111-8號7樓,蕭俊祥,陳威志,02-8512-3712,1988/01/26,2013/10/24,726000000,http://www.caesar.com.tw/,0,2
上市,1903,士林紙業股份有限公司,士紙,11038101,造紙工業,台北市士林區福德路31號,臺實貿易股份有限公司,闕啟文,(02)28811111,1959/09/08,1963/12/09,2600391210,www.shihlin.com.tw,0,0
上市,1904,正隆股份有限公司,正隆,33085508,造紙工業,新北市板橋區民生路一段1號,鄭人銘,張清標,02-22225131,1959/02/04,1971/09/10,11082745220,www.clc.com.tw,0,0
上市,1905,中華紙漿股份有限公司,華紙,94025264,造紙工業,花蓮縣吉安鄉光華村光華街100號,黃鯤雄,陳瑞和,(02)2396-2998,1968/07/05,1975/02/07,11028353160,http://www.chp.com.tw,0,0
上市,1906,寶隆國際股份有限公司,寶隆,12030606,造紙工業,雲林縣斗六市十三北路25號,李殷佳,田哲森,02-5581-1777,1965/05/20,1976/04/26,1510000000,www.baolongintl.com,1,2
上市,1907,永豐餘投資控股股份有限公司,永豐餘,85066002,造紙工業,高雄市大樹區久堂里久堂路14號,葉惠青,駱秉正,02-23968020,1950/02/20,1977/02/22,16603714950,www.yfy.com,0,4
上市,1909,榮成紙業股份有限公司,榮成,34202841,造紙工業,彰化縣二林鎮廣興里廣興巷1-1號,鄭瑛彬,吳國禎,02-5581-1777,1978/03/18,1985/11/19,13276857270,https://www.longchenpaper.com,4,5
上市,2002,中國鋼鐵股份有限公司,中鋼,30414175,鋼鐵工業,高雄市小港區中鋼路1號,黃建智,陳守道,07-8021111,1971/12/03,1974/12/26,157731289960,http://www.csc.com.tw,4,31
上市,2006,東和鋼鐵企業股份有限公司,東和鋼鐵,75280209,鋼鐵工業,臺北市中山區長安東路1段9號6樓,侯傑騰,黃炳樺,(02)2551-1100,1962/05/30,1988/07/13,7302138180,www.tunghosteel.com,2,10
上市,2007,燁興企業股份有限公司,燁興,75992214,鋼鐵工業,高雄市岡山區白米里寶米路369號,吳林茂,黃傳祥,(07)6111111,1978/07/18,1988/10/04,5306516130,http://www.yheco.com.tw,0,0
上市,2008,高興昌鋼鐵股份有限公司,高興昌,75466009,鋼鐵工業,高雄市鼓山區中華一路318號,呂泰榮,勝呂榮峰,07-5556111,1966/01/15,1988/12/28,1908522930,www.khc.com.tw,0,0
上市,2009,第一伸銅科技股份有限公司,第一銅,82001528,鋼鐵工業,高雄市前金區中正四路170號4樓,王宏仁,洪茂陽,07-2814161,1969/07/28,1989/10/20,3596221650,http://www.fcht.com.tw,2,19
上市,2010,春源鋼鐵工業股份有限公司,春源,11529802,鋼鐵工業,新北市三重區光復路一段61巷20號13樓,蔡錫儀,洪士民,(02)2501-8111,1966/01/07,1989/12/22,6476553900,http://www.cysco.com.tw/,0,1
上市,2012,春雨工廠股份有限公司,春雨,88187108,鋼鐵工業,高雄市岡山區大寶街100號(總部地址:高雄市岡山區新樂街169號),翁重鈞,吳居諺,07-6214121,1965/03/27,1991/10/17,3021627000,www.chunyu.com.tw,1,3
上市,2013,中國鋼鐵結構股份有限公司,中鋼構,85800192,鋼鐵工業,高雄市燕巢區中興路500號,陳瑞騰,黃源章,07-6168688,1978/02/24,1992/01/21,2000000000,www.cssc.com.tw,0,1
上市,2014,中鴻鋼鐵股份有限公司,中鴻,07838854,鋼鐵工業,高雄市橋頭區芋寮里芋寮路317號,朱敏,王輔良,07-6117171,1983/09/29,1992/02/20,14355444460,http://www.chsteel.com.tw,1,23
上市,2015,豐興鋼鐵股份有限公司,豐興,55389357,鋼鐵工業,台中市后里區甲后路一段998號,林大鈞,林永源,(04)25565101,1969/01/07,1992/05/25,5815994240,www.fenghsin.com.tw,5,22
上市,2017,官田鋼鐵股份有限公司,官田鋼,72065240,鋼鐵工業,台南市南區新建路47號4樓,汪振澤,謝政成,06-2643888,1973/07/28,1992/11/02,4468746910,www.quintain.com.tw,1,1
上市,2020,美亞鋼管廠股份有限公司,美亞,44680700,鋼鐵工業,台北市中山區民權東路3段二之1號12樓,黃春發,蕭敏志,(02)2509-1199,1959/09/29,1993/04/27,2670313200,http://www.mayer.com.tw,2,9
上市,2022,聚亨企業股份有限公司,聚亨,79841479,鋼鐵工業,高雄市岡山區新樂街79-1號,黃文松,呂艷娟,07-6212191,1980/12/03,1995/03/27,3371681380,www.tycons.com.tw,1,8
上市,2023,燁輝企業股份有限公司,燁輝,75947936,鋼鐵工業,高雄市橋頭區芋寮路369號,林義守,張振武,(07)611-7181,1978/04/14,1995/07/28,18212402140,http://www.yiehphui.com.tw,7,8
上市,2024,志聯工業股份有限公司,志聯,43633504,鋼鐵工業,桃園市新屋區中興路480號,潘仲良,林信安(代理),(03)4772797,1973/09/03,1995/12/30,975000000,http://www.chihlien.com.tw,2,2
上市,2025,千興不銹鋼(股)公司,千興,70005915,鋼鐵工業,台南市麻豆區工業路222號,魏福全,邱麗雲,(06)5703271,1972/05/08,1996/02/08,1726605360,www.csssc.com.tw,0,0
上市,2027,大成不銹鋼工業股份有限公司,大成鋼,22318348,鋼鐵工業,台南市仁德區新田二街125號,謝麗雲,謝榮坤,06-2701756,1986/11/27,1996/10/24,25842606150,www.tachen.com.tw,0,10
上市,2028,威致鋼鐵工業股份有限公司,威致,69771636,鋼鐵工業,台南市官田區南部里南部123號,郭素惠,郭素惠,06-5790213,1982/10/27,1996/12/13,3257148000,www.weichih.com.tw,5,9
上市,2029,盛餘股份有限公司,盛餘,79837539,鋼鐵工業,高雄市小港區中林路11號,樽宮浩一,洪世強,(07)871-9000,1973/05/19,1997/01/11,3211800000,www.shengyusteel.com,0,1
上市,2030,彰源企業股份有限公司,彰源,60330130,鋼鐵工業,雲林縣斗六市工業區工業路122號,張炳耀,張炳耀,886-5-5571668,1984/10/05,1998/12/24,2805260270,www.froch.com,1,2
上市,2031,新光鋼鐵股份有限公司,新光鋼,35836625,鋼鐵工業,新北市三重區重新路4段97號25樓,粟明德,曾明山,02-2978-8888,1967/01/01,2000/09/11,3211463410,www.hkssteel.com.tw,4,7
上市,2032,新鋼工業股份有限公司,新鋼,34008635,鋼鐵工業,新北市新莊區大安路8號,蔡政廷,成主賜,02-22020152,1971/07/10,2000/09/11,1305215450,www.sinkang.com.tw,0,4
上市,2033,佳大世界股份有限公司,佳大,72072615,鋼鐵工業,台南市永康區永運五路2號,吳大和,陳正平,(06)253-3117,1973/04/23,2000/09/11,1200000000,https://www.ctworld.com.tw/,0,1
上市,2034,允強實業股份有限公司,允強,59068700,鋼鐵工業,彰化縣溪州鄉舊眉村中山路四段二七０號,張金鈺,張金鈺,04-889-9666,1973/01/31,2001/09/17,5289955890,http://www.ycinox.com,2,2
上市,2038,海光企業股份有限公司,海光,75470524,鋼鐵工業,高雄市小港區沿海二路12號,黃韋翰,黃燦明,(07)8021011,1969/03/21,2008/12/30,1941343030,www.haikwang.com.tw,2,5
上市,2049,上銀科技股份有限公司,上銀,23503047,電機機械,台中市南屯區文山里精科路7號,卓文恒,蔡惠卿,04-23594510,1989/10/11,2009/06/26,3537922400,http://www.hiwin.tw,2,4
上市,2059,川湖科技股份有限公司,川湖,22274989,電子零組件,高雄市路竹區順安路275巷136號,林聰吉,林淑珍,(07)9599688,1986/09/22,2008/06/25,952970720,http://www.kingslide.com,0,1
上市,2062,橋椿金屬股份有限公司,橋椿,59353423,居家生活,中部科學園區臺中市大雅區科雅路11號,楊慶祺,楊慶祺,04-22582062,1984/07/09,2007/11/16,1999941520,http://www.sunspring.com.tw,1,2
上市,2069,運錩鋼鐵股份有限公司,運錩,22533297,鋼鐵工業,高雄市前金區中正四路235號13樓之1,顏德和,顏德和,(07)969-5858,1987/07/24,2016/03/22,1663868360,www.yuenchang.com.tw,1,1
上市,2072,世紀能源設備股份有限公司,世紀風電,69651695,綠能環保,新北市八里區下罟里5鄰中山路3段388之5號,賴文祥,余俊緯,02-89798698,2017/05/15,2026/03/26,1920000000,www.cwptw.com,0,5
上市,2101,南港輪胎股份有限公司,南港,11520909,橡膠工業,台北市大安區仁愛路三段136號6樓608室,郭林諒,林君穎,27071000,1959/02/25,1963/11/01,7339349040,https://www.nankang-tyre.com/,1,4
上市,2102,泰豐輪胎股份有限公司,泰豐,44721408,橡膠工業,桃園市中壢區環北路398號2樓之2,郭林諒,鍾政諺,03-4522156,1955/11/23,1979/07/16,4733292070,https://federalcorporation.com.tw,1,4
上市,2103,台橡股份有限公司,台橡,03553737,橡膠工業,高雄市大社區興工路2號,殷琪,蔡偉強,07-3513811,1973/11/22,1982/09/25,8257099780,www.tsrc.com.tw,0,0
上市,2104,國際中橡投資控股股份有限公司,國際中橡,04382114,橡膠工業,臺北市中山區中山北路二段113號8樓,辜公怡,李超儒,02-2531-6556,1973/06/15,1986/07/15,9847336250,http://www.csrcgroup.com,4,8
上市,2105,正新橡膠工業股份有限公司,正新,59504506,橡膠工業,彰化縣大村鄉黃厝村美港路215號,羅才仁,羅元隆,(04)8525151,1969/12/19,1987/12/07,32414155360,WWW.CST.COM.TW,0,2
上市,2106,建大工業股份有限公司,建大,59619900,橡膠工業,彰化縣員林市中山路一段一四六號,楊&#21843;仁,林建良,04-8345171,1962/03/30,1990/12/20,9548900000,http://www.kendatire.com,0,0
上市,2107,厚生股份有限公司,厚生,03283306,橡膠工業,臺北市中正區漢口街一段82號8樓,徐正材,徐正己,(02)23700988,1963/01/22,1992/03/03,3035934000,www.frg.com.tw,1,3
上市,2108,南帝化學工業股份有限公司,南帝,12209807,橡膠工業,高雄市林園區工業一路九號,楊東源,許建祝,(07)6413621,1979/01/10,1992/10/27,4924166590,www.nantex.com.tw,1,1
上市,2109,華豐橡膠工業股份有限公司,華豐,59760104,橡膠工業,彰化縣大村鄉村上村中山路二段300號,沈國榮,湯生敏文,(04)852-0121,1959/05/27,2000/05/08,2793491340,www.duro.com.tw,3,9
上市,2114,鑫永銓股份有限公司,鑫永銓,51704734,橡膠工業,南投縣南投市福興里南崗三路294號,張惠寬,林季佑,049-2263888,1969/08/22,2010/12/29,779917070,www.hyc-king.com,0,3
上市,2115,六暉控股股份有限公司,六暉-KY,38773146,汽車工業,"The Grand Pavilion Commercial Centre, Oleander Way, 802 West",吳金鹿,許秀華,04-8748122,2009/10/19,2013/12/25,1043731630,http://www.luhai.com.tw,2,2
上市,2201,裕隆汽車製造股份有限公司,裕隆,03489200,汽車工業,苗栗縣三義鄉西湖村伯公坑39號之1,嚴陳莉蓮,許國興,037-871801,1953/09/10,1976/07/08,10700012510,www.yulon-motor.com.tw,11,15
上市,2204,中華汽車工業股份有限公司,中華,03098415,汽車工業,臺北市大安區敦化南路2段2號11樓,嚴陳莉蓮,曾鑫城,02-23250000,1969/06/13,1991/03/12,5536203420,WWW.CHINA-MOTOR.COM.TW,11,15
上市,2206,三陽工業股份有限公司,三陽工業,24004006,汽車工業,新竹縣湖口鄉鳳山村中華路3號,吳清源,吳清源,(03)5981911,1961/08/29,1996/07/29,7736756040,www.sanyang.com.tw,3,11
上市,2207,和泰汽車股份有限公司,和泰車,03251108,汽車工業,台北市中山區松江路121號8~14樓,黃南光,蘇純興,02-2506-2121,1955/04/25,1997/02/25,5571027680,www.hotaimotor.com.tw,0,1
上市,2208,台灣國際造船股份有限公司,台船,04695235,航運業,高雄市小港區中鋼路3號,陳政宏,蔡坤宗,07-8059888,1973/11/07,2008/12/22,12745394490,http://www.csbcnet.com.tw,5,45
上市,2211,長榮鋼鐵股份有限公司,長榮鋼,81188829,鋼鐵工業,台北市中山區長安東路2段100號11樓,林耿立,劉邦恩,02-25135858,1973/01/29,2021/04/12,4170914630,http://www.evergreennet.com,0,3
上市,2227,裕隆日產汽車股份有限公司,裕日車,80032530,汽車工業,苗栗縣三義鄉西湖村伯公坑三十九號之二,嚴陳莉蓮,姚振祥,(037)875881,2003/10/22,2004/12/21,3000000000,www.nissan.com.tw,11,15
上市,2228,劍麟股份有限公司,劍麟,04359789,汽車工業,新北市汐止區新台五路1段98號19樓,黃正怡,黃正忠,(02)2696-2818,1977/04/27,2013/11/25,797796920,https://www.irf.biz/,3,3
上市,2231,為升電裝工業股份有限公司,為升,23219346,汽車工業,彰化縣福興鄉番婆村彰鹿路六段546巷6號,黃淑媛,尤山泉,(04)778-2010,1989/01/09,2010/11/19,1359318700,http://www.cubelec.com,1,17
上市,2233,宇隆科技股份有限公司,宇隆,22702791,汽車工業,台中市梧棲區經二路27號,林志誠,蔡銘東,04-26575790,1987/12/29,2019/09/17,602888890,http://www.turvo.com.tw/,9,36
上市,2236,百達精密工業股份有限公司,百達-KY,42299452,汽車工業,臺北市松山區敦化北路205號3樓,黃亮茳,黃泓杰,(02)2750-0076,2011/06/29,2015/06/03,631309350,www.patec-intl.com,0,0
上市,2237,華德動能科技股份有限公司,華德動能-創,27579308,汽車工業,桃園市大園區五青路291巷33號,蔡裕慶,蔡裕慶,03-381-1863,2005/04/07,2026/08/10,1288859010,www.racev.com,1,3
上市,2239,開曼英利工業股份有限公司,英利-KY,47423487,汽車工業,彰化縣彰化市中山路二段349號8樓,林上煒,林上琦,04-7284956,2015/01/16,2016/01/27,1177125930,www.engley.com.tw,0,0
上市,2241,艾姆勒科技股份有限公司,艾姆勒,53418357,汽車工業,新北市林口區文化三路二段455號10樓,林啟聖,石志鴻,2602-6787#100,2011/06/24,2020/08/26,1046023060,www.amulaire.com,0,0
上市,2243,宏旭控股股份有限公司,宏旭-KY,55996613,汽車工業,新北市林口區文化一路一段86號(2樓),林維源,陳廣瑞(代理),0901102243,2015/03/24,2017/09/27,773735960,http://www.horngshiue.com,0,6
上市,2247,汎德永業汽車股份有限公司,汎德永業,20838245,汽車工業,台北市內湖區行愛路100號6樓,唐慕蓮,杜黃旭,02-37666689,1979/11/07,2020/10/12,807109260,http://www.pgum.com.tw,0,3
上市,2248,華勝汽車電子股份有限公司,華勝-KY,73676873,汽車工業,台北市中山區南京東路二段150號7樓729室,陳鏗勝,陳鏗勝,02-25061953,2017/04/10,2025/03/13,476000000,http://hs-elan.tw/,2,2
上市,2250,第一化成控股(開曼)股份有限公司,IKKA-KY,91165085,汽車工業,新竹縣關西鎮深坑子3-1號,胡湘麒,小原正美,035870928,2016/03/31,2021/05/31,363882260,www.ikka.com.tw,5,20
上市,2254,巨鎧精密工業股份有限公司,巨鎧精密-創,54297090,汽車工業,臺南市安南區科技二路50號,吳柏樺,王傳漢,(06)384-0179,2013/09/14,2023/10/20,639076800,https://www.coplus.com.tw/zh-hant,2,9
上市,2258,鴻華先進科技股份有限公司,鴻華先進-創,83167722,汽車工業,新北市新店區寶高路26號7樓,李秉彥,陳清亞,02-5590-6168,2020/11/06,2023/11/20,17512673000,https://www.foxtronev.com,0,4
上市,2301,光寶科技股份有限公司,光寶科,23357403,電腦及週邊設備,台北市內湖區瑞光路392號22樓,宋明峰,邱森彬,(02)8798-2888,1989/03/17,1995/11/17,23161077630,http://www.liteon.com/,0,2
上市,2302,麗正國際科技股份有限公司,麗正,04982433,半導體,新北市土城區中山路71號,林文騰,林文騰,02-28801122,1976/01/23,1985/01/15,1663028810,www.rectron.com.tw,1,2
上市,2303,聯華電子股份有限公司,聯電,47217677,半導體,新竹科學園區新竹市力行二路3號,洪嘉聰,"執行長 王石, 總經理暨營運長 徐明志",03-5782258,1980/05/22,1985/07/16,125700938990,WWW.UMC.COM,3,12
上市,2305,全友電腦股份有限公司,全友,47226140,電腦及週邊設備,新竹市科學園區工業東三路六號,吳金來,謝靜慧,(03)5772155,1980/10/23,1988/10/21,2056608270,https://microtek.com/tw/,0,1
上市,2308,台達電子工業股份有限公司,台達電,34051920,電子零組件,台北市內湖區瑞光路186號,鄭平,張訓海,(02)87972088,1975/08/20,1988/12/19,25975433290,https://www.deltaww.com/zh-TW/index,2,10
上市,2312,金寶電子工業股份有限公司,金寶,04370927,其他電子,臺北市松山區南京東路五段99號10樓,許介立,陳威昌,(02)26622660,1973/04/24,1989/11/07,15057812110,www.kinpo.com.tw,0,12
上市,2313,華通電腦股份有限公司,華通,04401392,電子零組件,桃園市蘆竹區新莊里大新路814巷91號,江培琨,吳柏毅,(03)3231111,1973/08/30,1990/07/24,12338205890,www.compeq.com.tw,0,0
上市,2314,台揚科技股份有限公司,台揚,47255762,通信網路,新竹科學園區新竹市創新二路1號,謝其嘉,吳永欽,03-5773335,1983/03/31,1990/08/08,1085964220,https://www.mtigroup.com/zh-tw,0,0
上市,2316,楠梓電子股份有限公司,楠梓電,76026851,電子零組件,高雄市楠梓區開發路37號,徐漢忠,陳志康,07-3612116,1978/05/02,1991/02/05,1827405360,www.wus.com.tw,2,2
上市,2317,鴻海精密工業股份有限公司,鴻海,04541302,其他電子,新北市土城區自由街2號,劉揚偉,劉揚偉,(02)2268-3466,1974/02/20,1991/06/18,140757464970,https://www.honhai.com/zh-tw,0,0
上市,2321,東訊股份有限公司,東訊,47224065,通信網路,新竹科學園區新竹市研發二路23號,吳素秋,田瑛睿,(03)5775141,1980/09/25,1991/11/08,165550600,http://www.tecom.com.tw,2,6
上市,2323,中環股份有限公司,中環,12205020,光電,台北市中山區民權西路53號15樓,翁明顯,關山孝行,02-25989890,1978/12/02,1992/02/17,9804134950,http://www.cmcnet.com.tw,0,0
上市,2324,仁寶電腦工業股份有限公司,仁寶,21222725,電腦及週邊設備,台北市內湖區瑞光路581號及581之1號,陳瑞聰,Anthony Peter Bonadero,(02)87978588,1984/06/01,1992/02/18,44071466250,www.compal.com,4,15
上市,2327,國巨股份有限公司,國巨*,22636630,電子零組件,新北市新店區寶橋路233-1號3樓,陳泰銘,王淡如,(02)6629-9999,1987/09/09,1993/10/22,5146826720,WWW.YAGEO.COM,2,13
上市,2328,廣宇科技股份有限公司,廣宇,03546618,電子零組件,新北市中和區碧河里建八路200號6樓,李光曜,蔡明峰,(02)2211-3066,1971/05/19,1993/11/09,5183462820,www.panpi.com.tw,0,3
上市,2329,華泰電子股份有限公司,華泰,89004161,半導體,高雄市楠梓區中三街9號,董&#24742;明,涂家榮,(07)361-3131,1971/06/12,1994/04/20,6589483330,www.ose.com.tw,0,0
上市,2330,台灣積體電路製造股份有限公司,台積電,22099131,半導體,新竹科學園區新竹市力行六路8號,魏哲家,總裁: 魏哲家,03-5636688,1987/02/21,1994/09/05,259323700670,https://www.tsmc.com,0,0
上市,2331,精英電腦股份有限公司,精英,22449566,電腦及週邊設備,臺北市中山區中山北路3段22-1號9樓,張榮華,翁育斌,(02)2162-1177,1987/05/06,1994/09/21,5574029680,http://www.ecs.com.tw,7,35
上市,2332,友訊科技股份有限公司,友訊,22099189,通信網路,台北市內湖區新湖三路289號,郭金河,張家瑞,02-66000123,1987/06/20,1994/10/17,6021631730,https://company.dlink.com/zh-hant,2,4
上市,2337,旺宏電子股份有限公司,旺宏,22099548,半導體,新竹科學園區新竹市力行路16號,吳敏求,盧志遠,03-5786688,1989/12/09,1995/03/15,19818566380,http://www.macronix.com,2,3
上市,2338,台灣光罩股份有限公司,光罩,22099408,半導體,新竹科學園區新竹縣寶山鄉創新一路11號,&#20931;俊光,陳立惇,(03)563-4370,1988/10/21,1995/04/17,3668491830,http://www.tmcnet.com.tw,0,0
上市,2340,台亞半導體股份有限公司,台亞,47255947,半導體,新竹科學園區新竹市力行五路1號,李國光,陳裕國,(03)5638951,1983/12/21,1995/05/02,4386228460,https://www.tascsemi.com/,3,7
上市,2342,台灣茂矽電子股份有限公司,茂矽,22099110,半導體,新竹市科學園區研新一路一號,吳憲忠,盧建志,(03)578-3344,1987/01/08,1995/09/19,1573352440,http://www.mosel.com.tw,0,3
上市,2344,華邦電子股份有限公司,華邦電,22099218,半導體,台中市大雅區中部科學園區科雅一路8號,焦佑鈞,陳沛銘,(04)25218168,1987/09/29,1995/10/18,45000001930,WWW.WINBOND.COM,2,2
上市,2345,智邦科技股份有限公司,智邦,22099287,通信網路,新竹縣竹北市北興里智慧一路1號,黃國修,李訓德,(03)5770270,1988/02/09,1995/11/15,5611178970,http://www.accton.com,1,6
上市,2347,聯強國際股份有限公司,聯強,23060541,電子通路,臺北市南港區市民大道八段205號27樓,苗豐強,杜書伍,2506-3320,1988/09/12,1995/12/13,16679469680,http://www.synnex-grp.com/,2,4
上市,2348,海悅國際開發股份有限公司,海悅,22624873,其他,台北市松山區敦化北路260號7樓,黃希文,王俊傑,02-87122888,1987/08/12,1996/01/05,1894855960,www.hiyes-group.com.tw,3,9
上市,2349,錸德科技股份有限公司,錸德,23218873,光電,新竹縣湖口鄉光復北路42號,葉垂景,王鼎章,03-5985696,1988/12/29,1996/04/23,6936796630,http://www.ritek.com.tw,2,8
上市,2351,順德工業股份有限公司,順德,58506816,半導體,彰化縣彰化市大竹里彰南路2段260號,陳朝雄,陳維德,04-7383991,1967/10/17,1996/04/25,1937340610,www.sdi.com.tw,0,1
上市,2352,佳世達科技股份有限公司,佳世達,12490306,電腦及週邊設備,桃園市龜山區山鶯路157號,陳其宏,柯淑芬,03-3598800,1984/04/21,1996/07/22,15805065050,Qisda.com.tw,0,4
上市,2353,宏碁股份有限公司,宏碁,20828393,電腦及週邊設備,台北市松山區復興北路369號7樓之5,陳俊聖,簡慧祥,(02)27195000,1979/07/18,1996/09/18,30478538280,http://www.acer.com,6,11
上市,2354,鴻準精密工業股份有限公司,鴻準,23707801,其他電子,新北市土城區中山路3-2號,陳國寶,潘彥仁,22680970,1990/04/26,1996/10/08,14144851920,www.foxconntech.com.tw,0,6
上市,2355,敬鵬工業股份有限公司,敬鵬,43816068,電子零組件,桃園市蘆竹區內厝里內厝街46號,曾劉玉枝,楊其荺,03-3222226,1979/09/26,1996/10/14,3974954200,https://www.chinpoon.com,0,0
上市,2356,英業達股份有限公司,英業達,04322046,電腦及週邊設備,臺北市士林區後港街66號,葉力誠,蔡枝安,28810721,1975/06/09,1996/11/13,35874750660,https://www.inventec.com/,3,5
上市,2357,華碩電腦股份有限公司,華碩,23638777,電腦及週邊設備,台北市北投區立德路15號,施崇棠,許先越/胡書賓,(02)28943447,1990/04/02,1996/11/14,7427602800,https://www.asus.com,2,2
上市,2359,所羅門股份有限公司,所羅門,23640801,其他電子,台北市內湖區行忠路四十二號6樓,陳政隆,陳政隆,(02)8791-8989,1990/05/07,1996/12/19,1714710520,www.solomon.com.tw,4,18
上市,2360,致茂電子股份有限公司,致茂,09461025,其他電子,桃園市龜山區文茂路88號,黃欽明,曾一士,(03)327-9999,1984/11/08,1996/12/21,4252457420,http://www.chromaate.com,2,8
上市,2362,藍天電腦股份有限公司,藍天,09424319,電腦及週邊設備,新北市新莊區思源路555號35樓,許崑泰,蔡明賢,(02)22789696,1983/10/04,1997/04/02,6222630000,www.clevo.com.tw,6,20
上市,2363,矽統科技股份有限公司,矽統,22099202,半導體,新竹市東區建功里公道五路二段180號,洪嘉聰,戎樂天,(03)5166000,1987/08/26,1997/08/01,5149881610,www.sis.com,3,12
上市,2364,倫飛電腦實業股份有限公司,倫飛,79883646,電腦及週邊設備,臺北市內湖區瑞光路550號9樓,高育仁,高思復,(02)55899999,1984/02/27,1997/08/11,576285750,https://www.twinhead.com.tw/,3,5
上市,2365,昆盈企業股份有限公司,昆盈,05141520,電腦及週邊設備,新北市三重區重新路五段492號1-8樓,卓世坤,李百祥,(02)29956645,1983/11/03,1997/11/03,2215284960,www.geniusnet.com,2,5
上市,2367,燿華電子股份有限公司,燿華,05637971,電子零組件,新北市土城區中山路4巷3號,張元銘,叢守璞,(02)22685071,1984/12/31,1997/12/13,7062531750,https://www.pcbut.com.tw,0,2
上市,2368,金像電子(股)公司,金像電,30955404,電子零組件,桃園市中壢區西園路113號,楊承澤,楊承澤,(03)4612541,1981/09/05,1998/03/09,5229329730,http://www.gce.com.tw/,1,2
上市,2369,菱生精密工業股份有限公司,菱生,55625676,半導體,台中市潭子區南二路五之一號,葉樹泉,許日明,04-25335120,1973/04/23,1998/04/10,3801023440,https://www.lingsen.com.tw,1,4
上市,2371,大同股份有限公司,大同,11026506,電機機械,臺北市中山區集英里21鄰中山北路3段22號,張榮華,張松鑌,02-25925252,1950/04/11,1962/02/09,21508348510,https://www.tatung.com,7,35
上市,2373,震旦行股份有限公司,震旦行,03568400,其他電子,臺北市信義區信義路五段2號15樓,馬志賢,游炎林,(02)2345-8088,1963/07/19,1991/08/01,2362025180,www.aurora.com.tw,0,1
上市,2374,佳能企業股份有限公司,佳能,11394902,光電,新北市新莊區中環路三段200號18樓,章孝祺,章孝祺,(02)8522-9788,1965/05/21,1995/01/16,3379921330,www.abilitycorp.com.tw,1,5
上市,2375,凱美電機股份有限公司,凱美,34230543,電子零組件,新北市汐止區新台五路一段81號13樓,呂紹萍,劉文亮,(02)26981010,1978/09/11,1998/08/29,1086753340,http://jamicon.teapo.com,0,0
上市,2376,技嘉科技股份有限公司,技嘉,22044755,電腦及週邊設備,新北市新店區寶強路六號,葉培城,李宜泰/林英宇,89124000,1986/04/30,1998/09/24,6698888860,http://www.gigabyte.com,6,10
上市,2377,微星科技股份有限公司,微星,22178368,電腦及週邊設備,新北市中和區立德街69號,徐祥,黃金請,(02)32345599,1986/08/04,1998/10/31,8448561990,http://tw.msi.com/,2,23
上市,2379,瑞昱半導體股份有限公司,瑞昱,22671299,半導體,新竹科學園區新竹縣創新二路2號,邱順建,顏光裕,03-5780211,1987/10/21,1998/10/26,5155126410,www.realtek.com,0,1
上市,2380,虹光精密工業股份有限公司,虹光,22099759,電腦及週邊設備,新竹科學園區新竹縣寶山鄉研新一路20號,盛少瀾,盛少瀾,03-5782388,1991/04/24,1998/12/03,600000000,www.avision.com.tw,1,1
上市,2382,廣達電腦股份有限公司,廣達,22822281,電腦及週邊設備,桃園市龜山區文化里文化二路188號,林百里,梁次震,03-3272345,1988/05/09,1999/01/08,41076274320,www.quantatw.com,3,5
上市,2383,台光電子材料股份有限公司,台光電,86521351,電子零組件,桃園市觀音區觀音工業區大同一路18號,董定宇,董定宇,(03)4837937,1992/03/24,1998/11/27,3583211140,http://www.emctw.com,0,0
上市,2385,群光電子股份有限公司,群光,20954200,電子零組件,新北市三重區光復路二段69號,許崑泰,呂進宗,02-66266788,1983/02/22,1999/01/05,7657211880,https://www.chicony.com,6,20
上市,2387,精元電腦股份有限公司,精元,86244265,電腦及週邊設備,台中市大雅區昌平路四段475號,蔡火爐,羅逸,04-25686983,1991/07/22,1999/01/25,1952510510,www.sunrex.com.tw,1,2
上市,2388,威盛電子股份有限公司,威盛,86870786,半導體,新北市新店區中正路535號8樓,陳文琦,陳文琦,8862-22185452,1992/09/21,1999/03/05,5559559410,http://www.via.com.tw,2,15
上市,2390,云辰電子開發股份有限公司,云辰,34412092,其他電子,新北市土城區中華路一段50號3樓,張姿玲,呂麗筑,(02)2260-6868,1980/04/16,1999/06/15,1926194420,https://www.everspring.com,0,3
上市,2392,正崴精密工業股份有限公司,正崴,22223510,電子零組件,新北市土城區中山路18號,郭台強,郭台強,2269-9888,1986/07/14,1999/09/20,5123269400,www.foxlink.com,2,17
上市,2393,億光電子工業股份有限公司,億光,34516147,光電,新北市樹林區中華路6之8號,葉寅夫,葉寅夫,02-26856688,1983/05/28,1999/11/04,4433930860,www.everlight.com,2,4
上市,2395,研華股份有限公司,研華,05155853,電腦及週邊設備,台北市內湖區瑞光路26巷20弄1號,劉克振,陳清熙、蔡淑妍、張家豪,(02)7732-3399,1981/09/07,1999/12/13,8690460080,www.advantech.com,1,1
上市,2397,友通資訊股份有限公司,友通,30950652,電腦及週邊設備,新北市汐止區新台五路一 段97號10樓,陳其宏,田芝穎,(02)2697-2986,1981/07/14,2000/01/15,1144888570,WWW.DFI.COM,0,4
上市,2399,映泰股份有限公司,映泰,23826200,電腦及週邊設備,新北市新店區民權路108-2號2樓,王明義,王明正,22180150,1990/08/29,1999/12/16,1781000000,https://www.biostar.com.tw/app/tw/,1,10
上市,2401,凌陽科技股份有限公司,凌陽,23821182,半導體,新竹科學園區新竹縣創新一路19號1樓,黃洲杰,黃洲杰,03-5786005,1990/08/03,2000/01/27,5919949190,www.sunplus.com,3,6
上市,2402,毅嘉科技股份有限公司,毅嘉,23588039,電子零組件,桃園市龜山區華亞二路268號,黃秋永,曾恭勝,03-3973345,1989/11/07,2000/01/14,3075365330,www.ichia.com,2,3
上市,2404,漢唐集成股份有限公司,漢唐,20938096,其他電子,新北市中和區橋和路13號13樓,李惠文,賴志明,(02)2917-4060,1982/09/13,2000/03/14,1905866980,http://www.uisco.com.tw,2,3
上市,2405,輔信科技股份有限公司,輔信,20980880,電腦及週邊設備,台北市內湖區瑞光路76巷30號,余麗娜,鄭瑋勳,8792-6168,1983/06/10,2000/03/17,3434273030,www.shuttle.com,2,4
上市,2406,國碩科技工業股份有限公司,國碩,97178376,光電,新竹縣湖口鄉工業一路3號,陳繼明,鍾高原,03-5985510,1997/03/26,2000/04/29,3509056890,http://www.gigastorage.com.tw/index.aspx,0,20
上市,2408,南亞科技股份有限公司,南亞科,89390656,半導體,新北市泰山區大科里南林路98號,鄒明仁,李培瑛,(02)2904-5858,1995/03/04,2000/08/17,34502058940,https://www.nanya.com,0,0
上市,2409,友達光電股份有限公司,友達,84149738,光電,新竹市科學園區力行二路一號,彭又又浪,張博儀,03-5008800,1996/08/12,2000/09/08,75470989720,www.auo.com,0,0
上市,2412,中華電信股份有限公司,中華電,96979933,通信網路,臺北市中正區信義路1段21之3號,簡志誠,林榮賜,(02)23941845,1996/06/15,2000/10/27,77574465450,https://www.cht.com.tw,0,2
上市,2413,環隆科技股份有限公司,環科,52878846,電子零組件,台中市工業區27路3號,歐仁傑,歐仁傑,04-23590096,1984/02/18,2000/09/11,1273592000,http://www.umec.com.tw,3,4
上市,2414,精技電腦股份有限公司,精技,12215548,電子通路,台北市內湖區新湖二路236號3樓,葉佳紋,李盈芳,(02)27962345,1979/03/05,2000/09/11,1617358460,https://www.unitech.com.tw/,1,8
上市,2415,錩新科技股份有限公司,錩新,44913118,電子零組件,台北市中山區遼寧街179號20樓,丁廣欽,蕭伊宏,02-23898686,1972/02/22,2000/09/11,1000000000,www.cxtechnology.com,2,11
上市,2417,圓剛科技股份有限公司,圓剛,23611974,電腦及週邊設備,新北市中和區建一路135號,郭重松,郭重松,02-22263630,1990/01/17,2000/09/11,1572188640,www.avermedia.com,0,0
上市,2419,仲琦科技股份有限公司,仲琦,22029190,通信網路,新竹科學園區新竹市力行一路1-8號,黃原福,周暘智,03-5786658,1986/03/24,2000/09/11,3213172290,http://www.hitrontech.com,0,3
上市,2420,新巨企業股份有限公司,新巨,20970807,電子零組件,新北市五股區五權路48號4樓,高銘傳,鄭秋怡,(02)29188512,1983/04/25,2000/09/11,1526486880,www.zippy.com.tw/tw,0,2
上市,2421,建準電機工業股份有限公司,建準,81448796,電子零組件,高雄市前鎮區新衙路296巷30號,洪慶昇,洪慶昇,07-8135888,1980/10/25,2000/09/11,2869436690,www.sunon.com,2,3
上市,2423,固緯電子實業股份有限公司,固緯,04735004,其他電子,新北市土城區中興路7之1號,林錦章,張朝明,(02)22680389,1975/09/17,2000/09/11,1450472890,www.gwinstek.com,0,8
上市,2424,隴華電子股份有限公司,隴華,04926876,通信網路,台北市松山區八德路三段32號15樓,陸醒華,王雅萱,(02)2578-7775,1973/01/24,2000/09/11,595850000,https://www.lhsat.com/,0,7
上市,2425,承啟科技股份有限公司,承啟,22332192,電腦及週邊設備,新北市新店區民權路48-3號3樓,高樹榮,高樹榮,(02)2913-8833,1986/11/17,2000/09/11,964988310,www.chaintech.com.tw,3,4
上市,2426,鼎元光電科技股份有限公司,鼎元,22434156,光電,新竹科學園區苗栗縣竹南鎮科中路15號,蘇&#23791;正,李榮寰,(037)582997,1987/04/04,2000/09/11,3006222520,www.tyntek.com.tw,0,0
上市,2427,三商電腦股份有限公司,三商電,31275691,資訊服務,臺北市信義區信義路五段150巷2號4樓之3,陳翔中,陳翔中,02-27225333,1976/12/09,2000/09/11,1979995730,www.mds.com.tw,0,1
上市,2428,興勤電子工業股份有限公司,興勤,83639504,電子零組件,高雄市三民區民族一路373巷21號,隋台中,隋台中,07-5577660,1979/07/16,2000/09/11,1281127260,www.thinking.com.tw,1,3
上市,2429,銘旺科技股份有限公司,銘旺科,12206203,光電,桃園市中壢區高鐵站前西路一段286號3樓之1,周維昆,潘進興,(03)4336666,1978/11/30,2000/09/11,861000000,https://www.abonmax.com.tw,3,23
上市,2430,燦坤實業股份有限公司,燦坤,69568009,電子通路,台北市內湖區堤頂大道一段331號3樓,林技典,NA,02-27953988,1978/11/02,2000/09/11,1168000000,http://www.tk3c.com.tw/,2,3
上市,2431,聯昌電子企業股份有限公司,聯昌,35568331,電子零組件,台北市內湖區南京東路六段501號11樓,陳恆偉,林春連,8792-1666,1968/12/23,2000/09/11,807144360,https://www.lienchang.com.tw/,1,2
上市,2432,倚天酷碁股份有限公司,倚天酷碁-創,22089345,電腦及週邊設備,台北市松山區復興北路369號7樓之5,陳俊聖,鍾逸鈞,(02)26960296,1986/03/27,2023/05/31,618600000,http://www.acergadget.com,6,11
上市,2433,互盛股份有限公司,互盛電,12516241,其他電子,臺北市信義區信義路5段2號7樓,廖慶章,陳國盈,23458009,1984/08/30,2000/09/11,1444960110,http://www.eosasc.com.tw,1,1
上市,2434,統懋半導體股份有限公司,統懋,22404266,半導體,台南市新市區中山路76號,翁淑貞,唐永渝,06-5991621,1987/03/09,2000/09/11,370000000,http://www.mospec.com.tw/,1,4
上市,2436,偉詮電子股份有限公司,偉詮電,22099499,半導體,新竹科學園區新竹縣寶山鄉工業東九路24號2樓,林錫銘,林登信,(03)5780241,1989/07/05,2000/09/11,2041775610,www.weltrend.com.tw,3,7
上市,2438,翔耀實業股份有限公司,翔耀,12364770,光電,臺北市松山區南京東路四段1號3樓,林以山,高玉強,(02)7746-3839,1982/01/14,2000/09/11,711956410,www.enlightcorp.com.tw,2,6
上市,2439,美律實業股份有限公司,美律,52375605,通信網路,台中市南屯區寶山里工業區23路22號,廖耕彬,黃朝豊,04-23590811,1975/12/24,2000/09/11,2486413140,https://www.merry.com.tw/,1,1
上市,2440,太空梭高傳真資訊科技(股)公司,太空梭,01887370,電子零組件,新竹縣竹北市環科一路23號9樓之2,王玄輝,王建成,03-5935588,1985/10/16,2000/11/10,1391172710,www.spaces.com.tw,0,0
上市,2441,超豐電子股份有限公司,超豐,05126366,半導體,苗栗縣竹南鎮公義路136號,謝永達,紀有章,037-638568,1983/03/07,2000/10/26,5688459210,www.greatek.com.tw,1,2
上市,2442,新美齊股份有限公司,新美齊,22006274,建材營造,台北市內湖區瑞光路2號7樓,林傳捷,無,(02)5582-8168,1986/01/11,2000/11/22,3252320210,http://www.jean.com.tw,3,9
上市,2444,兆勁科技股份有限公司,兆勁,89549446,通信網路,新竹科學園區苗栗縣竹南鎮科研路50-8號2樓,紀政孝,紀政孝,037-580777,1995/06/12,2000/12/08,1065695730,http://www.abocom.com.tw,1,5
上市,2449,京元電子股份有限公司,京元電子,22507241,半導體,新竹市東區埔頂里公道五路二段81號,謝其俊,張高薰,(03)575-1888,1987/05/28,2001/05/09,12838823180,www.kyec.com.tw,0,0
上市,2450,神腦國際企業股份有限公司,神腦,12228473,通信網路,新北市新店區中正路531號2樓,余政憲,林保雍,02-22183588,1979/05/18,2001/05/24,2582526570,http://www.senao.com.tw,1,5
上市,2451,創見資訊股份有限公司,創見,23446187,半導體,台北市內湖區行忠路70號,束崇萬,張宗凱,02-27928000,1989/08/30,2001/05/03,4313456750,http://www.transcend-info.com,0,0
上市,2453,凌群電腦股份有限公司,凌群,04967550,資訊服務,臺北市萬華區峨眉街115號6樓,劉瑞復,劉瑞隆,(02)2191-6066,1975/07/17,2001/05/22,1000000000,https://www.syscom.com.tw,0,0
上市,2454,聯發科技股份有限公司,聯發科,84149961,半導體,新竹科學園區新竹市篤行一路1號,蔡明介,陳冠州,(03)5670766,1997/05/28,2001/07/23,16049526130,http://www.mediatek.com,0,0
上市,2455,全新光電科技股份有限公司,全新,97170472,通信網路,桃園市平鎮區工業一路16號,陳建良,黃朝興,03-4192969,1996/11/26,2002/01/24,1869834430,http://www.vpec.com.tw,8,89
上市,2457,飛宏科技股份有限公司,飛宏,30435973,電子零組件,桃園市龜山區復興三路568號,林中民,林冠宏,(03)3277288,1972/12/12,2001/09/17,4247724160,www.phihongtech.com,1,2
上市,2458,義隆電子股份有限公司,義隆,84149224,半導體,新竹科學園區新竹縣創新一路12號,葉儀皓,葉儀皓,03-5639977,1994/05/05,2001/09/17,3038803920,http://www.emc.com.tw/,0,0
上市,2459,敦吉科技股份有限公司,敦吉,20863763,其他電子,臺北市內湖區西康里內湖路一段120巷8號,鍾元凱,鍾元凱,02-87976688,1980/08/07,2001/09/17,1055956150,www.audix.com,0,2
上市,2460,建通精密工業股份有限公司,建通,84433564,電子零組件,高雄市路竹區大同路513巷138號,蘇敦禮,林育民,(07)6963037,1993/07/16,2001/09/17,1692000000,http://www.gem.com.tw,0,0
上市,2461,光群雷射科技股份有限公司,光群雷,22099322,其他電子,新竹科學園區新竹市力行六路1號,郭維武,陳宥霖,03-5770316,1988/04/29,2001/09/17,1918879630,www.klasergroup.com,0,1
上市,2462,台灣良得電子股份有限公司,良得電,04877657,電子零組件,新北市深坑區北深路3段272號1樓,陳志銘,周志宙,(02)2662-5600,1978/08/15,2001/09/17,1507844820,https://www.linetek.com.tw/zh-TW,6,66
上市,2464,盟立自動化股份有限公司,盟立,22099478,其他電子,新竹市科學園區研發二路3號,林世東,林世東,(03)5783280,1989/02/02,2001/09/17,2166804340,http://www.mirle.com.tw,1,3
上市,2465,麗臺科技股份有限公司,麗臺,22325002,電腦及週邊設備,新北市中和區建一路166號18樓,梁見發,梁傳杰,02-82265800,1986/10/24,2001/09/19,939460310,http://www.leadtek.com.tw,3,10
上市,2466,冠西電子企業股份有限公司,冠西電,34348590,光電,新北市中和區連城路258號11樓,謝淑娟,黃琮善,(02)8226-9893,1981/05/25,2001/09/17,1734586970,www.cosmo-inc.com,2,13
上市,2467,志聖工業股份有限公司,志聖,07618057,電子零組件,新北市林口區工二工業區工八路2-1號,梁茂生,梁又文,02-26010700,1978/04/18,2001/09/17,1568553480,www.csun.com.tw,1,1
上市,2468,華經資訊企業股份有限公司,華經,12115702,資訊服務,台北市內湖區行愛路78巷25號6樓,袁興文,唐宇華、楊正寧,27935566,1977/04/11,2001/09/17,699612490,http://www.fis.com.tw,0,0
上市,2471,資通電腦股份有限公司,資通,20873360,資訊服務,臺北市中山區中山北路2段111號3樓,余宏揚,林青龍,(02)25221351,1980/12/03,2001/09/17,472538900,www.ares.com.tw,1,1
上市,2472,立隆電子工業股份有限公司,立隆電,52358985,電子零組件,台中市大里區國光路一段147號,吳志銘,吳志銘,(04)24181856,1976/02/12,2001/09/17,1647351370,www.lelon.com.tw,2,9
上市,2474,可成科技股份有限公司,可成,69905810,其他電子,台南市永康區仁愛街398號,洪水樹,洪天賜,06-2539000,1984/11/23,2001/09/17,5388210680,www.catcher-group.com,3,4
上市,2476,鉅祥企業股份有限公司,鉅祥,04403568,電子零組件,桃園市新屋區九斗里8鄰九洲路1號,林於晃,林映碩,(03)4775141,1975/02/01,2001/09/17,2190704540,www.gs.com.tw,1,1
上市,2477,美隆工業股份有限公司,美隆電,33750329,其他電子,桃園市桃園區幸福路99號,吳堂誌,暫缺,03-3261611,1973/01/15,2001/09/17,1585732440,www.meiloon.com.tw/,0,2
上市,2478,大毅科技股份有限公司,大毅,23534301,電子零組件,桃園市蘆竹區山鼻里5鄰南山路三段17巷4號1樓,江財寶,江財寶,03-3246169,1989/12/28,2001/09/17,1447313390,http://www.tai.com.tw,4,6
上市,2480,敦陽科技股份有限公司,敦陽科,84218848,資訊服務,新竹市北區東大路二段83號12樓之1,梁修宗,梁修宗,03-5425566,1993/03/24,2001/09/17,1063602910,https://www.sti.com.tw/,1,1
上市,2481,強茂股份有限公司,強茂,22145016,半導體,高雄市岡山區岡山北路24號,方敏清,方敏清,07-6213121,1986/05/20,2001/09/17,3821149270,www.panjit.com.tw,0,1
上市,2482,連宇股份有限公司,連宇,38430938,其他電子,新北市土城區自強街15巷1號1樓,羅鋇,曾鈺琳,2268-7075,1983/10/06,2001/09/19,778827110,https://uicpaymentsinc.com/,2,4
上市,2483,百容電子股份有限公司,百容,52753108,電子零組件,台中市南屯區工業區25路20號,廖本林,廖本林,04-23598668,1981/12/08,2001/09/17,1078898070,http://www.ece.com.tw,1,2
上市,2484,希華晶體科技股份有限公司,希華,22771229,電子零組件,臺中市潭子區中山路3段111巷1-1號,曾穎堂,曾榮孟,04-25347909,1988/01/26,2001/09/17,1594210220,http://www.siward.com,0,0
上市,2485,兆赫電子股份有限公司,兆赫,12320400,通信網路,新北市中和區員山路512號7樓,黃啟瑞,林慶輝,(02)2225-1929,1981/03/18,2001/09/17,3176890370,http://www.zinwell.com.tw,0,4
上市,2486,一詮精密工業股份有限公司,一詮,35866232,光電,新北市新莊區新知八路28號11樓,周萬順,周孟賢,2299-0001,1977/08/18,2001/09/19,2404825100,www.i-chiun.com.tw,2,3
上市,2488,漢平電子工業股份有限公司,漢平,68889236,其他電子,台南市仁德區中正路三段256號,劉深鏗,劉深鏗,(06)2791717,1969/04/01,2001/09/17,799994330,www.hanpin.com.tw,1,1
上市,2489,瑞軒科技股份有限公司,瑞軒,84929896,光電,新北市中和區連城路268號17樓,吳春發,吳旭軒,(02)8228-0505,1994/08/11,2001/09/17,6100000000,www.amtran.com.tw,5,9
上市,2491,吉祥全球實業股份有限公司,吉祥全,89380545,光電,新北市新店區中正路54巷6號,陳碧華,羅光偉,(02)8911-2000,1995/04/14,2001/09/19,820080000,www.focl.com.tw,2,16
上市,2492,華新科技股份有限公司,華新科,19004316,電子零組件,臺北市信義區松智路1號24樓,焦佑衡,曾明燦,(03)475-8711,1970/07/29,2001/09/17,4852047740,www.passivecomponent.com,0,1
上市,2493,揚博科技股份有限公司,揚博,30929883,電子零組件,台北市信義區松德路171號17樓,蘇勝義,蘇勝義,(02)2726-2220,1980/11/01,2002/01/23,1267966290,http://www.ampoc.com.tw,2,4
上市,2495,普安科技股份有限公司,普安,84166074,電腦及週邊設備,新北市中和區中山路三段102號8樓,羅仕東,羅仕東,2226-0126,1993/01/19,2002/03/25,2735515380,www.infortrend.com,0,3
上市,2496,卓越成功股份有限公司,卓越,22099786,其他,台北市中正區忠孝西路一段50號22樓之11,曾淑鈴,曾淑鈴,(02)2389-9200,1991/06/15,2002/03/08,200554620,https://www.chenliedu2496.com/tw/,0,6
上市,2497,怡利電子工業股份有限公司,怡利電,59334664,汽車工業,彰化縣伸港鄉溪底村工東一路37號,陳錫勳,陳錫勳,04-7977277,1983/06/22,2002/02/04,1308876760,HTTP://www.e-lead.com.tw,1,4
上市,2498,宏達國際電子股份有限公司,宏達電,16003518,通信網路,桃園市桃園區興華路21巷1號,王雪紅,王雪紅,(03)375-3252,1997/05/15,2002/03/26,8360970860,http://www.htc.com,1,9
上市,2501,國泰建設股份有限公司,國建,03374306,建材營造,臺北市大安區敦化南路2段218號2樓,張清櫆,郭文鎧,0223779968,1964/12/01,1967/10/28,11595610590,www.cathay-red.com.tw,1,3
上市,2504,國產建材實業股份有限公司,國產,24060203,建材營造,台北市內湖區新湖一路8號7樓,徐蘭英,徐蘭英,87928088,1954/11/30,1978/03/14,11800000000,www.gdc.com.tw,1,4
上市,2505,國揚實業股份有限公司,國揚,11603817,建材營造,台北市南港區經貿一路170號11樓之8,侯西峰,彭邵齡,25000808,1972/06/02,1979/11/14,3800000000,www.kycc.com.tw,0,1
上市,2506,太平洋建設股份有限公司,太設,11099009,建材營造,台北市信義區光復南路495號,柳逸義,陳清暉,02-27225051,1967/06/14,1980/02/02,3870000000,www.pacific-group.com.tw,0,0
上市,2509,全坤建設開發股份有限公司,全坤建,04921056,建材營造,台北市內湖區新湖二路329號6樓,李勇毅,江清峰,02-87918888,1973/01/27,1988/05/20,2245505300,www.gtg.com.tw,2,3
上市,2511,太子建設開發股份有限公司,太子,72058206,建材營造,臺南市東區中華東路1段398號8樓,羅智先,林宏俊,(06)282-1155,1973/09/22,1991/04/24,16233261470,https://www.prince.com.tw,5,17
上市,2514,龍邦國際興業股份有限公司,龍邦,22817273,其他,台北市中正區忠孝西路一段50號9樓,劉偉龍,劉偉龍,(02)23756595,1988/01/22,1992/09/26,3947292780,http://www.longbon.com.tw,1,2
上市,2515,中華工程股份有限公司,中工,75094900,建材營造,台北市松山區東興路12號6樓,鄭斯聰,馮敦承,02-87876687,1950/09/01,1993/03/02,16884600790,www.bes.com.tw,2,3
上市,2516,新亞建設開發股份有限公司,新建,11762504,建材營造,臺北市松山區八德路四段760號15-16樓,鄒宏基,賴調燦,(02)2528-8008,1967/12/04,1993/05/25,2262784570,http://www.newasia.com.tw/,1,1
上市,2520,冠德建設股份有限公司,冠德,30900892,建材營造,台北市松山區民權東路三段169號10樓,馬志綱,張勝安,(02)2378-6789,1979/11/23,1993/10/27,6094871100,http://www.kindom.com.tw,0,3
上市,2524,京城建設股份有限公司,京城,06667446,建材營造,高雄市左營區博愛二路150號16樓,蔡天贊,蔡天贊,07-5586368,1985/09/13,1994/10/18,3661845960,http://www.kingtown.com.tw/,0,1
上市,2527,宏璟建設股份有限公司,宏璟,22344508,建材營造,臺北市信義區基隆路1段420號10樓,簡文祥,周家佩,2691-5899,1986/12/19,1995/03/06,2703060000,http://www.asehcc.com.tw,1,5
上市,2528,皇普建設股份有限公司,皇普,81271967,建材營造,桃園市中壢區領航南路三段307號17樓,蘇永平,蘇永平,03-2171111,1985/01/17,1995/03/10,4359964670,http://crowell.com.tw,3,3
上市,2530,大華建設股份有限公司,華建,11059409,建材營造,台北市內湖區成功路五段460號16樓,吳裕國,吳裕國,022632-8877,1960/12/28,1995/10/12,8412557310,www.delpha.com.tw,2,4
上市,2534,宏盛建設股份有限公司,宏盛,22221180,建材營造,台北市松山區敦化北路168號14樓,林新欽,郭力維(代理),2719-9999,1986/07/09,1996/02/12,4742279700,http://www.hsc.com.tw,0,0
上市,2535,達欣工程股份有限公司,達欣工,18997007,建材營造,台北市大安區敦化南路二段92號9樓,王人正,代理總經理 潘明官,(02)27062929,1967/02/13,1996/03/11,2707939670,www.dacin.com.tw,2,2
上市,2536,宏普建設股份有限公司,宏普,23113054,建材營造,台北市大安區敦化南路二段19號9樓,游武龍,游武龍,(02)2755-2662,1988/10/05,1996/03/14,3328086520,www.hong-pu.com.tw,0,0
上市,2537,聯上開發股份有限公司,聯上發,22659295,建材營造,台北市信義區忠孝東路五段68號36樓,蘇永義,李志明,27229898,1987/08/19,1996/09/06,3005577950,www.5v.com.tw,1,3
上市,2538,基泰建設股份有限公司,基泰,12251662,建材營造,台北市中正區衡陽路五十一號十樓,楊儲明,馮先勉,23830666,1979/11/07,1996/11/01,4450254950,www.keetai.com.tw,0,0
上市,2539,櫻花建設股份有限公司,櫻花建,22491640,建材營造,台中市西區臺灣大道二段239號4樓,陳世英,沈淑貞,(04)36005800,1987/05/02,1997/07/16,14555851490,www.sakurad.com.tw,1,9
上市,2540,愛山林建設開發股份有限公司,愛山林,22190686,建材營造,台北市中山區龍江路128號2樓,祝文宇,祝藝,(02)8773-6688,1986/09/06,1989/12/26,9448739650,https://www.isanlin.com/,5,5
上市,2542,興富發建設股份有限公司,興富發,12305479,建材營造,台北市中山區樂群二路267號10樓,王嶠奇,范華軍,(02)2755-5899,1980/01/23,1999/05/03,21530835390,http://www.highwealth.com.tw/,0,3
上市,2543,皇昌營造股份有限公司,皇昌,34342717,建材營造,台北市內湖區潭美街539號23樓,江程金,黃重雷,2792-2988,1981/02/16,1999/10/15,5285419610,www.hcgc.com.tw,3,4
上市,2545,皇翔建設股份有限公司,皇翔,86379024,建材營造,臺北市中正區博愛路38號8樓,廖年吉,廖宇祥,23882898,1991/12/06,2000/09/11,3797348080,www.hhe.com.tw,2,4
上市,2546,根基營造股份有限公司,根基,43876760,建材營造,台北市松山區民權東路三段169號9樓,袁藹維,陳俊明,(02)2378-6789,1982/04/13,2000/09/11,1461870970,http://www.kedge.com.tw,0,0
上市,2547,日勝生活科技股份有限公司,日勝生,12373243,建材營造,台北市大同區市民大道一段209號14樓,林榮顯,劉垚凱,(02)7733-8888,1982/03/26,2000/12/22,10350946490,https://www.radium.com.tw,7,16
上市,2548,華固建設股份有限公司,華固,23358846,建材營造,臺北市信義區中興里2鄰信義路4段456號7樓,鍾榮昌,洪嘉昇,2758-2828,1989/04/06,2002/08/26,3357046310,https://www.huaku.com.tw,0,0
上市,2597,潤弘精密工程事業股份有限公司,潤弘,66394146,建材營造,台北市中山區八德路二段308號10樓,李志宏,莫惟瀚,02-81619999,1975/11/03,2010/03/26,3107160000,https://www.rtc.com.tw,2,36
上市,2601,益航股份有限公司,益航,03353007,航運業,臺北市大安區復興南路2段237號14樓,郭人豪,莊仟萬,27069911,1963/10/08,1965/11/04,6903790110,www.firsteam.com.tw,5,16
上市,2603,長榮海運股份有限公司,長榮,11337775,航運業,台北市中山區民生東路二段166號,張衍義,吳光輝,(02)2505-7766,1968/09/25,1987/09/21,21650429960,www.evergreen-marine.com,0,0
上市,2605,新興航運股份有限公司,新興,11812103,航運業,台北市大安區復興南路一段368號14樓,許積皋,許積皋,02-27037055,1968/02/27,1989/12/08,5853532970,http://www.snc.com.tw/,0,0
上市,2606,裕民航運股份有限公司,裕民,47067419,航運業,臺北市大安區敦化南路二段207號2樓,徐旭東,王書吉,(02)27338000,1968/08/29,1990/12/08,8450557120,http://www.uming.com.tw,6,20
上市,2607,長榮國際儲運股份有限公司,榮運,04406559,航運業,桃園市桃園區經國路899號,邱顯育,林振芳,03-3252060,1973/10/05,1990/12/14,5335705470,www.evergreen-eitc.com.tw,0,1
上市,2608,嘉里大榮物流股份有限公司,嘉里大榮,51015548,航運業,台北市中正區新生南路一段50號14樓,沈宗桂,財務暨行政總處：阮慧雯,02-33226888,1959/12/21,1990/12/20,4670004980,http://www.kerrytj.com,3,10
上市,2609,陽明海運股份有限公司,陽明,04200199,航運業,基隆市七堵區明德一路271號,蔡豐明,李明輝,02-2455-9988,1972/12/29,1992/04/20,34921042700,http://www.yangming.com/,0,1
上市,2610,中華航空股份有限公司,華航,11145904,航運業,桃園市大園區航站南路一號,高星潢,陳漢銘,(03)399-8888,1959/09/07,1993/02/26,61449885580,http://www.china-airlines.com,0,2
上市,2611,志信國際股份有限公司,志信,33853232,航運業,台北市大安區市民大道三段206號6樓,黃春發,陳秀奇,(02)2509-0036,1973/11/15,1993/10/28,1890022720,www.tsgroup.com.tw,2,9
上市,2612,中國航運股份有限公司,中航,43778070,航運業,臺北市中正區濟南路一段15號9樓,彭士孝,戴聖堅,(02)23963282,1978/01/31,1994/10/20,1974845930,http://www.cmt.tw,4,5
上市,2613,中國貨櫃運輸股份有限公司,中櫃,39014517,航運業,新北市汐止區大同路三段二七五號,林宏年,黃國樑,(02)86482211,1969/11/27,1995/01/20,1484234580,http://www.cctcorp.com.tw,1,9
上市,2614,東森國際股份有限公司,東森,04964250,其他,臺北市大安區復興南路一段368號8樓,廖尚文,周惠英,2755-7565,1975/05/14,1995/09/23,3272649460,http://www.emic.com.tw,2,7
上市,2615,萬海航運股份有限公司,萬海,11395000,航運業,臺北市中山區中吉里002鄰松江路136號10樓,久福花園股份有限公司,謝福隆,02-25677961,1965/02/24,1996/05/16,28061462930,http://tw.wanhai.com/,0,0
上市,2616,山隆通運股份有限公司,山隆,33983853,油電燃氣,新北市板橋區民生路一段1-2號1樓,鄭人豪,俞蘭輝,(02)29599611,1976/04/06,1997/11/08,1372818270,www.slc.com.tw,2,20
上市,2617,台灣航業股份有限公司,台航,03564713,航運業,臺北市中正區濟南路二段29號,魏健宏,陳建州(代理),02-23941769,1946/07/01,1998/06/24,4172944870,http://www.taiwanline.com.tw,0,0
上市,2618,長榮航空股份有限公司,長榮航,23225229,航運業,桃園市蘆竹區新南路一段376號,林寶水,孫嘉明,03-3515151,1989/04/07,2001/09/17,54004443350,www.evaair.com,1,1
上市,2630,亞洲航空股份有限公司,亞航,11381701,航運業,台南市仁德區仁愛里機場路1050號,李偉賢,李偉賢,06-2681911,1955/01/19,2018/02/22,2094382040,http://www.airasia.com.tw,0,0
上市,2633,台灣高速鐵路股份有限公司,台灣高鐵,16446274,航運業,臺北市南港區經貿二路66號13~15樓,史哲,陳惠裕,02-8789-2000,1998/05/11,2016/10/27,56282930580,www.thsrc.com.tw,0,0
上市,2634,漢翔航空工業股份有限公司,漢翔,97160544,航運業,台中市西屯區漢翔路1號,曹進平,莊秀美,04-27020001,1996/07/01,2014/08/25,9418671010,www.aidc.com.tw,0,0
上市,2636,台驊國際控股股份有限公司,台驊控股,22358734,航運業,台北市信義區忠孝東路四段 563 號 12樓,張立秋,顏益財,27532093,1987/02/04,2016/12/22,1418352300,www.t3ex-group.com,1,7
上市,2637,慧洋海運股份有限公司,慧洋-KY,25637751,航運業,"Windward 3,Regatta Office Park,PO Box 1350,Grand Cayman KY1",藍俊昇,藍俊昇,02-27552637,2008/10/21,2010/12/01,7464091990,www.wisdomlines.com.tw,2,8
上市,2642,台灣宅配通股份有限公司,宅配通,70624227,航運業,新北市三重區神農街426號,邱純枝,徐慶懿,02-66165500,1999/09/10,2013/12/12,954670000,http://www.e-can.com.tw,0,0
上市,2645,長榮航太科技股份有限公司,長榮航太,16097775,航運業,桃園市大園區航站南路6號,黃南宏,謝新文,03-3519500,1997/11/10,2023/03/14,3745709620,https://www.egat.com.tw/,0,0
上市,2646,星宇航空股份有限公司,星宇航空,51712072,航運業,臺北市信義區忠孝東路四段525號11樓,張國煒,翟健華,02-27911000,2018/05/02,2024/10/25,30087350000,https://www.starlux-airlines.com/,2,3
上市,2701,萬華企業股份有限公司,萬企,15415013,觀光餐旅,臺北市萬華區峨嵋街52號,蔡茂昌,吳雅珍,(02)2375-3211,1958/02/26,1965/03/22,4499678380,www.wanhwa.com.tw,0,2
上市,2702,華園飯店股份有限公司,華園,75560601,觀光餐旅,高雄市苓雅區四維三路6號23樓B室,陳增東,陳增東,07-2410123,1959/07/29,1965/02/14,1566132490,www.hotelhg.com.tw,0,0
上市,2704,國賓大飯店股份有限公司,國賓,11636802,觀光餐旅,臺北市中山區中山北路2段65巷9號2樓,許育瑞,許家堯,(02)2551-1111,1962/12/01,1982/11/10,3669233430,www.ambassador-hotels.com,5,14
上市,2705,六福開發股份有限公司,六福,11081274,觀光餐旅,新竹縣關西鎮仁安里拱子溝六十號,莊豐如,賴振融,03-547-5665,1968/01/27,1988/12/24,1913128300,http://www.leofoo.com.tw,1,5
上市,2706,第一華僑大飯店股份有限公司,第一店,11587957,觀光餐旅,臺北市中山區南京東路二段63號,顧安生,徐小華,25418234,1968/09/27,1991/06/25,4999983460,twfirsthotel.com.tw,0,0
上市,2707,晶華國際酒店股份有限公司,晶華,04268726,觀光餐旅,臺北市中山區中山北路二段39巷3號1至20樓,潘思亮,吳偉正,(02)2523-8000,1976/07/07,1998/03/09,1274032380,https://www.silkshotelgroup.com/tw/,4,8
上市,2712,遠雄悅來大飯店股份有限公司,遠雄來,23986016,觀光餐旅,花蓮縣壽豐鄉鹽寮村山嶺18號,武祥生,沈建劭,(03)8123900,1991/01/15,2013/12/03,1050000000,https://www.farglory-hotel.com.tw,1,5
上市,2722,夏都國際開發股份有限公司,夏都,89434676,觀光餐旅,屏東縣恆春鎮網紗里環城北路218巷15號,陳協同,王慶祺,08-8862377,1995/09/27,2012/03/14,1431696960,www.chateau-hotels.com.tw,1,2
上市,2723,開曼美食達人股份有限公司,美食-KY,39682101,觀光餐旅,台中市南屯區工業23路35號,吳政學,吳政學,(04)3503-9090,2008/09/26,2010/11/22,1800000000,http://www.85cafe.com,0,2
上市,2727,王品餐飲股份有限公司,王品,84630426,觀光餐旅,臺中市西區臺灣大道二段218號29樓,平恆投資有限公司,陳正輝,04-23221868,1993/12/07,2012/03/06,829401090,http://www.wowprime.com,0,0
上市,2731,雄獅旅行社股份有限公司,雄獅,04655091,觀光餐旅,台北市內湖區石潭路151號9樓,王文傑,黃信川,8793-9000,1977/06/09,2013/09/24,932777390,http://www.liontravel.com,13,30
上市,2739,寒舍餐旅管理顧問股份有限公司,寒舍,70471881,觀光餐旅,台北市中正區忠孝東路一段12號,蔡伯翰,蔡伯翰,(02)2321-5511,2000/01/17,2016/05/19,915260000,http://www.mhh-group.com,3,6
上市,2748,雲品國際酒店股份有限公司,雲品,54023418,觀光餐旅,台北市中山區中山北路二段96號8樓,盛治仁,丁原偉,(02)2998-6788,2012/11/22,2016/11/23,1057787400,http://www.fdc-i.com/,0,0
上市,2753,八方雲集國際股份有限公司,八方雲集,70472679,觀光餐旅,新北市淡水區中正東路二段27號18樓,林欣怡,林欣怡,02-88098898,2000/01/19,2021/09/09,666447960,https://www.8way.com.tw/,4,53
上市,2762,世界健身股份有限公司,世界健身-KY,94497159,運動休閒,台中市西屯區市政路402號36樓,柯約翰,柯約翰,04-36008020,2013/11/21,2024/01/24,1125000000,https://investor.worldgymtaiwan.com/,0,4
上市,2801,彰化商業銀行股份有限公司,彰銀,51811609,金融保險,臺中市中區自由路2段38號,胡光華,簡志光,02-25362951,1950/07/01,1962/02/15,120601974090,www.bankchb.com,0,0
上市,2812,台中商業銀行股份有限公司,台中銀,51816908,金融保險,臺中市西區民權路87號,李瑞倉,董益源,04-22236021,1953/08/26,1984/05/15,64250748580,http://www.tcbbank.com.tw,0,0
上市,2816,旺旺友聯產物保險股份有限公司,旺旺保,03110001,金融保險,臺北市大安區建安里忠孝東路四段219號12樓,洪吉雄,劉自明,2776-5567,1963/02/19,1992/05/05,2236080000,http://www.wwunion.com/,0,0
上市,2820,中華票券金融股份有限公司,華票,12198359,金融保險,台北市內湖區堤頂大道二段99號4樓,張政權,魏政祥,(02)2799-1177,1978/12/01,1994/10/26,13429600000,http://www.cbf.com.tw,0,1
上市,2832,台灣產物保險股份有限公司,台產,03557115,金融保險,臺北市中正區館前路49號8~9樓,李泰宏,林榮泰,(02)23821666,1948/03/12,1997/09/30,2535402800,https://www.tfmi.com.tw,0,4
上市,2834,臺灣中小企業銀行股份有限公司,臺企銀,03793407,金融保險,臺北市大同區玉泉里9鄰塔城街30號,李嘉祥,李國忠,(02)25597171,1950/09/23,1998/01/03,103983261790,http://www.tbb.com.tw,1,6
上市,2836,高雄銀行股份有限公司,高雄銀,79854797,金融保險,高雄市左營區博愛二路168號,徐翠梅,張榮泰,(07)557-0535,1982/01/13,1998/05/18,18983161530,www.bok.com.tw/,0,0
上市,2838,聯邦商業銀行股份有限公司,聯邦銀,86380802,金融保險,台北市松山區民生東路三段109號1、2樓,林鴻聯,許維文,(02)2718-0001,1991/12/31,1998/06/29,48078289610,www.ubot.com.tw,0,0
上市,2845,遠東國際商業銀行股份有限公司,遠東銀,86517096,金融保險,臺北市大安區敦化南路二段205、207、209號1樓,周添財,林建忠,(02)2378-6868,1992/01/11,1998/11/27,48652847310,http://www.feib.com.tw,0,1
上市,2849,安泰商業銀行股份有限公司,安泰銀,86928561,金融保險,臺北市信義區信義路五段7號16樓、40樓及41樓,俞宇琦,徐世偉,81012277,1992/06/03,1999/09/27,19576093490,https://www.entiebank.com.tw,0,0
上市,2850,新光產物保險股份有限公司,新產,03458403,金融保險,臺北市松山區民權東路3段171號3樓,吳昕紘,蔡世賢,(02)2507-5335,1963/04/26,2000/05/22,3159633000,www.skinsurance.com.tw,0,0
上市,2851,中央再保險股份有限公司,中再保,11081991,金融保險,臺北市中山區南京東路二段53號11、12樓,鍾志宏,林育德,02-25115211,1968/06/12,2000/07/06,8003887500,https://www.centralre.com,0,7
上市,2852,第一產物保險股份有限公司,第一保,03359109,金融保險,台北市中正區忠孝東路一段五十四號,李正漢,陳信坤,23913271,1962/09/04,2000/11/28,3011637840,http://www.firstins.com.tw,0,0
上市,2855,統一綜合證券股份有限公司,統一證,23218183,金融保險,臺北市松山區新聚里東興路8號1~7樓、11樓、12樓及地下1樓,林寬成,楊凱智,2747-8266,1988/12/17,2002/09/16,16014144780,https://www.pscnet.com.tw/,1,1
上市,2880,華南金融控股股份有限公司,華南金,70826764,金融保險,台北市信義區松仁路123號,陳芬蘭,蕭玉美,23713111,2001/12/19,2001/12/19,140561347390,www.hnfhc.com.tw,0,5
上市,2881,富邦金融控股股份有限公司,富邦金,03374805,金融保險,臺北市中山區遼寧街179號15樓、16樓,蔡明興,韓蔚廷,6636-6636,2001/12/19,2001/12/19,156073549520,www.fubon.com,0,2
上市,2882,國泰金融控股股份有限公司,國泰金,70827406,金融保險,臺北市大安區仁愛路四段296號,蔡宏圖,李長庚,27087698,2001/12/31,2001/12/31,162025101280,www.cathayholdings.com,0,0
上市,2883,凱基金融控股股份有限公司,凱基金,70827383,金融保險,台北市松山區敦化北路135號8、12、13及18樓,王銘陽,楊文鈞,02-27638800,2001/12/28,2001/12/28,185567548490,www.kgi.com,0,1
上市,2884,玉山金融控股股份有限公司,玉山金,70796305,金融保險,臺北市松山區民生東路三段117號14樓及115號1樓,黃男州,陳茂欽,(02)2175-1313,2002/01/28,2002/01/28,177235104710,https://www.esunfhc.com,0,1
上市,2885,元大金融控股股份有限公司,元大金,70796749,金融保險,臺北市大安區仁愛路三段157號6樓、8樓、10樓、13樓、16樓至20樓,翁健,黃維誠,02-27811999,2002/02/04,2002/02/04,138643959440,http://www.yuanta.com,2,17
上市,2886,兆豐金融控股股份有限公司,兆豐金,70796754,金融保險,臺北市中正區忠孝東路二段123號14至17樓、20樓至21樓,董瑞斌,張傳章,2357-8888,2002/02/04,2002/02/04,148333782820,www.megaholdings.com.tw,0,1
上市,2887,台新新光金融控股股份有限公司,台新新光金,80328055,金融保險,台北市大安區仁愛路4段118號12、13、15、16、21、22及23樓,吳東亮,林維俊,02-23268888,2002/02/18,2002/02/18,296061505490,https://www.tsholdings.com.tw/,0,2
上市,2889,國票金融控股股份有限公司,國票金,80330257,金融保險,臺北市中山區樂群三路126、128、130、132號17樓及128號7樓、9樓,張兆順,吳瑛,(02)77520088,2002/03/26,2002/03/26,36659021860,www.ibf.com.tw,0,1
上市,2890,永豐金融控股股份有限公司,永豐金,80333183,金融保險,台北市中山區八德路2段306號3樓、5至13樓及308號6樓之1、6樓之2,陳思寬,朱士廷,(02)8161-8935,2002/05/09,2002/05/09,147921687210,https://www.sinopac.com/index.html,1,1
上市,2891,中國信託金融控股股份有限公司,中信金,80333992,金融保險,臺北市南港區經貿二路168號27樓、29樓,顏文隆,高麗雪,(02)3327-7777,2002/05/17,2002/05/17,201759228060,https://www.ctbcholding.com,0,0
上市,2892,第一金融控股股份有限公司,第一金,80351999,金融保險,臺北市中正區重慶南路一段30號,邱月琴,方螢基,23111111,2003/01/02,2003/01/02,143794686500,www.firstholding.com.tw,0,2
上市,2897,王道商業銀行股份有限公司,王道銀行,70745361,金融保險,臺北市內湖區堤頂大道二段99號,駱怡君,李芳遠,(02)87527000,1999/07/27,2017/05/05,30553578780,www.o-bank.com,2,3
上市,2901,欣欣大眾市場股份有限公司,欣欣,11364230,貿易百貨,臺北市中山區林森北路247號及新生北路2段28巷1號地下1號、1之1號、1號2樓,李文英,周國健,25212211,1971/04/15,1976/05/07,730432830,www.shinshinltd.com.tw,0,2
上市,2903,遠東百貨股份有限公司,遠百,03521905,貿易百貨,新北市板橋區新站路16號18樓,徐旭東,徐雪芳,(02)77278168,1967/08/31,1978/10/11,14169405890,https://www.feds.com.tw,6,20
上市,2904,匯僑股份有限公司,匯僑,12195466,其他,臺北市松山區民生東路三段131號5樓,廖述群,葉唐榮,27174347,1978/10/11,1983/01/05,778344320,http://www.pocs.com.tw,1,8
上市,2905,三商投資控股股份有限公司,三商,11052709,貿易百貨,臺北市中山區建國北路二段145號地下1樓及1~18樓,陳翔立,陳翔立,25031111,1965/02/19,1988/09/19,11103717030,http://www.mercuries.com.tw,1,3
上市,2906,高林實業股份有限公司,高林,11547230,貿易百貨,新北市汐止區新台五路一段95號21樓之8,李忠良,李界羲,02-27125311,1969/05/05,1989/12/26,2091166480,www.collins.com.tw,3,17
上市,2908,特力股份有限公司,特力,20795246,貿易百貨,台北市內湖區新湖三路23號6樓,李麗秋,李麗秋董事長代理總經理,(02)8791-5888,1978/08/10,1993/02/18,5098875580,www.testritegroup.com,0,12
上市,2910,統領百貨股份有限公司,統領,20937863,貿易百貨,台北市大安區忠孝東路四段197號10樓之6,蘇建義,翁華利,02-27522222,1982/08/18,1996/12/30,1754030000,www.tonlin.com.tw,1,2
上市,2911,麗嬰房股份有限公司,麗嬰房,04377371,貿易百貨,台北市內湖區陽光街321巷60號,林柏蒼,陳仁沛,87976699,1973/06/18,1997/01/18,1051259990,http://www.enphants.com/c/index.php,1,8
上市,2912,統一超商股份有限公司,統一超,22555003,貿易百貨,臺北市松山區東興路8號8樓,羅智先,黃瑞典,(02)27478711,1987/06/10,1997/08/22,10396222550,http://www.7-11.com.tw,5,17
上市,2913,台灣農林股份有限公司,農林,07525207,貿易百貨,新竹縣湖口鄉中華路3號,吳清源,吳清源,(03)659-1188,1950/06/15,1962/02/09,7900000000,http://www.ttch.com.tw,3,11
上市,2915,潤泰全球股份有限公司,潤泰全,14053007,貿易百貨,臺北市中山區八德路二段308號13樓之1,徐盛育,徐志漳,81617999,1976/01/14,1977/07/20,11043187720,w8.ruentex.com.tw/,0,1
上市,2923,鼎固控股有限公司,鼎固-KY,31896684,建材營造,臺北市信義區基隆路一段420號10樓(臺北聯絡處),張洪本,張能耀,8621-64332999,2007/12/05,2012/12/07,17402969820,https://www.sinohorizon.tw/,5,6
上市,2929,淘帝國際控股有限公司,淘帝-KY,54381224,貿易百貨,台北市內湖區新湖一路97號2樓,周志鴻,莊凌鋒,(02)27938077,2012/10/03,2013/12/30,1094938380,http://www.topbi.com.tw,2,15
上市,2939,永邑國際集團股份有限公司,永邑-KY,72768516,貿易百貨,新北市中和區建八路216號13樓,陳柏融,王碩偉,(02)2929-5373,2015/05/28,2018/01/11,455486650,www.vitafoss.com,1,15
上市,2945,三商家購股份有限公司,三商家購,54164937,貿易百貨,台北市中山區民權東路三段４號地下一層,陳翔玢,邱光隆,02-2506-1166,2013/02/07,2021/11/30,675000000,https://www.simplemartretail.com/,1,8
上市,3002,歐格電子股份有限公司,歐格,31306250,電腦及週邊設備,台北市內湖區內湖路一段88號5樓,李廣浩,李廣浩,(02)2799-1199,1983/08/01,2002/01/23,1020000000,http://www.ahoku.com.tw,0,0
上市,3003,健和興端子股份有限公司,健和興,59276051,電子零組件,彰化縣線西鄉彰濱東三路8號,鄭克彬,鄭傑元,(04)7580001,1978/02/10,2002/02/19,1556548900,http://www.ksterminals.com.tw,2,2
上市,3004,豐達科技股份有限公司,豐達科,16095404,鋼鐵工業,桃園市平鎮區太平東路5號,蔡豐賜,林威村,03-450-8868,1997/10/14,2002/02/25,643831550,http://www.nafco.com.tw,0,0
上市,3005,神基控股股份有限公司,神基,22099532,電腦及週邊設備,臺北市南港區南港路一段209號5樓,黃明漢,黃明漢,02-27857888,1989/10/05,2002/02/25,6245701500,https://www.getacgroup.com,1,3
上市,3006,晶豪科技股份有限公司,晶豪科,16130280,半導體,新竹科學園區新竹市工業東四路23號,張明鑒,張明鑒,03-5781-970,1998/06/02,2002/03/04,2981278410,www.esmt.com.tw,3,5
上市,3008,大立光電股份有限公司,大立光,22480876,光電,台中市南屯區精科路11號,林恩平,黃有執,04-36002345,1987/04/17,2002/03/11,1307981970,www.largan.com.tw,1,6
上市,3010,華立企業股份有限公司,華立,75514419,電子通路,高雄市前金區中正四路235號10樓,張尊賢,張尊賢,07-2164311,1968/10/01,2002/07/22,2594368170,http://www.wahlee.com,0,2
上市,3011,今皓實業股份有限公司,今皓,20950226,電子零組件,新北市新店區中興路二段192號7樓,石浩吉,林盟傑,2918-9189,1983/01/11,2002/07/22,1295658510,www.jh.com.tw,2,5
上市,3013,晟銘電子科技股份有限公司,晟銘電,04777186,電腦及週邊設備,台北市內湖區民權東路六段27號2~6F,林木和,羅志吉,02-2797-3999,1976/06/17,2002/09/16,2051389300,http://www.uneec.com/,0,1
上市,3014,聯陽半導體股份有限公司,聯陽,84149717,半導體,新竹科學園區新竹縣寶山鄉創新一路13號,胡鈞陽,董明憲,(03)5798658,1996/05/29,2002/10/29,1659541240,www.ite.com.tw,1,1
上市,3015,全漢企業股份有限公司,全漢,84239055,電子零組件,桃園市桃園區建國東路22號,鄭雅仁,鄭雅仁,(03)3759888,1993/04/15,2002/10/16,1872619500,https://www.fsp-group.com,3,6
上市,3016,嘉晶電子股份有限公司,嘉晶,16130388,半導體,新竹科學園區新竹市東區篤行一路10號,徐建華,&#28201;錦祥,03-5632255,1998/11/09,2002/12/24,2903569030,www.epi.episil.com,2,4
上市,3017,奇鋐科技股份有限公司,奇鋐,86427715,電腦及週邊設備,高雄市前鎮區新生路248之27號,沈慶行,沈慶行,07-8157612,1991/12/17,2002/09/27,3926701070,https://www.avc.co,1,2
上市,3018,隆銘綠能科技工程股份有限公司,隆銘綠能,96924451,其他電子,臺北市中山區明水路602號3樓,許鑒隆,許鑒隆,(02)8501-5778,1996/01/05,2002/08/26,753777150,www.lmgte.com.tw,0,6
上市,3019,亞洲光學股份有限公司,亞光,55921894,光電,台中市潭子區南二路22-3號,賴以仁,林泰朗,(04)2533-5175,1980/10/09,2002/08/26,2792439010,www.asia-optical.com,1,3
上市,3021,鴻名企業股份有限公司,鴻名,84274833,電子零組件,臺北市信義區東興路59號6樓,張允騰,林嘉祥,(02)8768-2688,1993/05/25,2002/08/26,946830000,www.welltend.com.tw,0,2
上市,3022,威強電工業電腦股份有限公司,威強電,97445303,電腦及週邊設備,新北市汐止區中興路29號,劉文義,江重良,(02)2690-2098,1997/04/17,2002/08/26,1765977900,www.ieiworld.com/,1,3
上市,3023,信邦電子股份有限公司,信邦,23542766,電子零組件,苗栗縣苗栗市國華路582號,王紹新,梁偉銘,037-330099,1989/12/06,2002/08/26,2400690140,www.sinbon.com,0,2
上市,3024,憶聲電子股份有限公司,憶聲,44955117,光電,桃園市中壢區中園路198號,彭君平,彭亭玉,03-4515494,1976/07/21,2002/08/26,2771574960,WWW.ACTION.COM.TW,0,1
上市,3025,星通資訊股份有限公司,星通,22099863,通信網路,新竹科學園區新竹市新安路8號7樓,葉茂林,葉茂林,03-5787696,1991/12/03,2002/08/26,567364400,www.looptelecom.com,0,3
上市,3026,禾伸堂企業股份有限公司,禾伸堂,20891326,電子零組件,台北市內湖區環山路二段六十二號一樓,唐錦榮,唐錦榮,(02)2627-0383,1981/06/01,2002/08/26,1658903180,http://www.holystone.com.tw,2,3
上市,3027,盛達電業股份有限公司,盛達,33659498,通信網路,新北市新店區中興路2段192號8樓,陳振乾,無,02-29145665,1973/03/26,2002/08/26,1291602990,http://www.billion.com,1,16
上市,3028,增你強股份有限公司,增你強,12401698,電子通路,台北市內湖區新湖二路250巷8號,陳信義,周俊光/周俊賢,(02)2792-8788,1982/10/06,2002/08/26,2372411930,www.zenitron.com.tw,2,17
上市,3029,零壹科技股份有限公司,零壹,30922431,資訊服務,台北市內湖區內湖路一段360巷8號10樓,林嘉&#21234;,陳鍵忠,26565656,1980/06/27,2002/08/26,1670052120,www.zerone.com.tw,0,0
上市,3030,德律科技股份有限公司,德律,23292535,其他電子,台北市士林區德行西路45號7樓,陳玠源,陳玠源,(02)2832-8918,1989/04/10,2002/10/29,2362160000,http://www.tri.com.tw,0,0
上市,3031,佰鴻工業股份有限公司,佰鴻,34452164,光電,新北市板橋區和平路19~25號3樓,廖宗仁,廖宗仁,(02)29591090,1981/06/01,2002/08/26,1732032240,www.brtled.com,1,3
上市,3032,偉訓科技股份有限公司,偉訓,69577160,電子零組件,台南市安南區安和路二段54巷225號,王駿東,李家慶,06-3560606,1979/02/16,2002/08/26,1132856260,http://www.hec-group.com.tw,0,3
上市,3033,威健實業股份有限公司,威健,04648938,電子通路,台北市內湖區內湖路一段308號11樓,胡秋江,紀廷芳,26590202,1977/01/20,2002/08/26,5165594480,www.weikeng.com.tw,1,2
上市,3034,聯詠科技股份有限公司,聯詠,84149955,半導體,新竹科學園區新竹縣寶山鄉創新一路13號2樓,何泰舜,王守仁,(03)567-0889,1997/05/28,2002/08/26,6085114690,www.novatek.com.tw,0,0
上市,3035,智原科技股份有限公司,智原,84149060,半導體,新竹科學園區新竹市力行三路5號,洪嘉聰,王國雍,03-5787888,1993/06/10,2002/08/26,2605503130,www.faraday-tech.com,3,12
上市,3036,文曄科技股份有限公司,文曄,84498860,電子通路,新北市中和區中正路738號14樓,鄭文宗,鄭文宗,(02)8226-9088,1993/12/23,2002/08/26,12705627010,http://www.wtmec.com,1,9
上市,3037,欣興電子股份有限公司,欣興,23535435,電子零組件,桃園市龜山區山鶯路179號,簡山傑,馬光華、蘭庭,03-3500386,1990/01/25,2002/08/26,16412915960,www.unimicron.com,0,0
上市,3038,全台晶像股份有限公司,全台,89261652,光電,高雄市前鎮區中一路5號,曾瑞銘,游政中,07-8124832,1994/09/23,2002/08/26,1574076030,https://www.edtc.com/edtcweb/,3,4
上市,3040,遠見科技股份有限公司,遠見,22050221,其他,新北市板橋區文化路二段287號35樓,黃宇鋒,舒偉仁,2257-8866,1986/05/15,2002/08/26,662245380,https://www.gv.com.tw/,1,3
上市,3041,揚智科技股份有限公司,揚智,84149054,半導體,台北市內湖區內湖路一段246號6樓,&#20931;俊光,洪元忠,(02)8752-2000,1993/06/10,2002/08/26,1420966470,www.alitech.com,0,0
上市,3042,台灣晶技股份有限公司,晶技,21204867,電子零組件,桃園市平鎮區工業六路4號,林萬興,郭雅屏,(03)469-8121,1983/12/28,2002/08/26,3429929710,www.txccorp.com,0,2
上市,3043,科風股份有限公司,科風,22485794,其他電子,新北市中和區連城路246號9樓,科飛投資股份有限公司,楊淑艷,22258552,1987/04/24,2002/08/26,389756340,https://www.upspowercom.com/TW/,0,0
上市,3044,健鼎科技股份有限公司,健鼎,86379707,電子零組件,桃園市平鎮區平鎮工業區工業五路21號,王景春,黃樂仁,03-419-5678,1991/12/16,2002/08/26,5256058980,www.tripod-tech.com,0,0
上市,3045,台灣大哥大股份有限公司,台灣大,97176270,通信網路,台北市信義區菸廠路88號12樓,蔡明忠,林之晨,(02)6638-6888,1997/02/25,2002/08/26,37234310150,www.taiwanmobile.com,12,26
上市,3046,建碁股份有限公司,建碁,97306457,電腦及週邊設備,臺北市松山區民福里復興北路369號7樓之5,簡慧祥,王博修,0277101195,1996/12/21,2002/08/26,784480130,www.aopen.com,0,2
上市,3047,訊舟科技股份有限公司,訊舟,22164580,通信網路,台北市內湖區新湖一路278號,潘良榮,任冠生,(02)7739-6888,1986/06/28,2002/08/26,2247616080,www.edimax.com,0,0
上市,3048,益登科技股份有限公司,益登,97099302,電子通路,台北市內湖區基湖路10巷50號8樓,曾禹旖,于俊潔,(02)2657-8811,1996/07/11,2002/10/01,2698297940,https://www.edomtech.com,0,0
上市,3049,精金科技股份有限公司,精金,70750217,光電,臺南市善化區北園一路7號,馬維欣,馬維欣,06-5053959,1999/09/18,2002/09/27,8020105290,https://www.hannstouch.com/tw,6,6
上市,3050,鈺德科技股份有限公司,鈺德,84785413,光電,桃園市龜山區華亞二路222號,楊慰芬,羅宜富,03-3961111,1994/05/19,2002/10/29,1549844500,http://www.utechmedia.com.tw,4,10
上市,3051,力特光電科技股份有限公司,力特,16439169,光電,桃園市平鎮區平東路659巷37號,趙寄蓉,趙輝生,03-4606677,1998/03/03,2002/10/28,1670000000,http://www.optimax.com.tw,1,2
上市,3052,夆典科技開發股份有限公司,夆典,20730758,建材營造,新北市中和區新民街112號4樓,郭國華,郭國華,2223-4099,1976/08/09,1995/11/25,2332457710,www.apexgrp.com.tw,2,3
上市,3054,立萬利創新股份有限公司,立萬利,86143822,電子通路,臺北市內湖區潭美街537號9樓,陳立青,陳立青,02-82213985,1991/06/14,2002/11/18,806510410,https://www.liwanli.com.tw,2,3
上市,3055,蔚華科技股份有限公司,蔚華科,22729784,電子通路,新竹市東區水源街95號,秦家騏,楊燿州,03-5738099,1987/12/11,2002/12/12,1149749180,www.spirox.com.tw,2,5
上市,3056,富華創新股份有限公司,富華新,16264908,建材營造,臺中市北屯區太原路三段1315號,吳錫坤,侯怡佳董事長室主任祕書(代理),04-2302-6018,1997/11/10,2003/03/03,4805550510,https://www.fuhua-inno.com.tw/,1,1
上市,3057,喬鼎資訊股份有限公司,喬鼎,22099738,電腦及週邊設備,新竹科學園區新竹市東區工業東四路21號5樓,李志恩,李志恩,(03)578-2395,1991/02/27,2002/12/18,678646290,https://www.promise.com,0,1
上市,3058,立德電子股份有限公司,立德,38019280,電子零組件,新北市新店區寶橋路235巷138號8樓,包忠詒,蔣永歡(暫代),(02)8195-3058,1970/03/04,2002/12/09,2017227790,www.lei.com.tw,0,0
上市,3059,華晶科技股份有限公司,華晶科,97307625,光電,新竹市科學園區力行路12號,夏汝文,林&#14871;昇,03-5784567,1996/12/24,2002/12/24,3076680250,www.altek.com.tw,1,5
上市,3060,銘異科技股份有限公司,銘異,30897480,電腦及週邊設備,桃園市龜山區萬壽路1段492-1號10樓之1,謝錦興,謝錦興,(02)82001008,1979/10/03,2003/04/21,1375631900,http://www.minaik.com.tw,0,3
上市,3062,建漢科技股份有限公司,建漢,16594892,通信網路,新竹科學園區新竹縣寶山鄉園區三路99號,李廣益,歐陽若,03-5777777,1998/06/10,2003/07/28,3300818180,www.cybertan.com.tw,1,2
上市,3090,日電貿股份有限公司,日電貿,84116878,電子零組件,新北市新店區中正路四維巷一弄四號一樓,鄭文宗,于耀國,(02)2219-0505,1993/01/04,2007/12/31,2875671500,https://www.ndb.com.tw,1,9
上市,3092,鴻碩精密電工股份有限公司,鴻碩,86318408,電子零組件,台北市內湖區行愛路169號,張利榮,魯憶萱,2792-8558,1991/12/12,2021/05/13,1066492500,http://www.hotron-ind.com/,6,8
上市,3094,聯傑國際股份有限公司,聯傑,84149759,半導體,新竹科學園區新竹市力行六路6號,郝挺,林有亮,03-5798797,1996/08/16,2007/08/06,831170890,http://www.davicom.com.tw,1,2
上市,3130,一零四資訊科技股份有限公司,一零四,84598349,數位雲端,新北市新店區寶中路119-1號10樓,楊基寬,黃于純,(02)2912-6104,1993/10/30,2006/02/17,331907000,https://corp.104.com.tw/,2,2
上市,3135,凌航科技股份有限公司,凌航,16561718,半導體,新北市中和區中原街101號10樓,曾珍,曾珍,02-77318808,1998/07/30,2025/08/06,971589560,www.goldkey.com.tw,1,4
上市,3138,耀登科技股份有限公司,耀登,23573774,通信網路,桃園市八德區和平路1125巷27號,張玉斌,張玉斌,03-3631901,1990/02/10,2020/12/11,563923140,www.auden.com.tw,2,5
上市,3149,正達國際光電股份有限公司,正達,97049373,光電,苗栗縣銅鑼鄉中平村29鄰中興路99號,許庭禎,洪敏男,037-236988,1996/06/27,2011/11/23,2262336040,www.gtoc.com.tw,4,11
上市,3150,鈺寶科技股份有限公司,鈺寶-創,16372688,半導體,新竹市東區公道五路二段101號10樓之1,蔡玲君,黃良駿,03-5169188,1998/01/23,2024/06/27,443770010,https://www.syncomm.com.tw/tw,2,3
上市,3164,景岳生物科技股份有限公司,景岳,12715847,生技醫療,臺南市善化區南科七路8號,陳根德,陳昱瑾,06-5052151,2000/12/06,2010/03/22,860103640,www.genmont.com.tw,0,2
上市,3167,大量科技股份有限公司,大量,43938484,電機機械,桃園市八德區瑞豐里豐田路68號,王作京,游善溥,03-3686368,1980/12/26,2013/10/21,895134910,https://www.taliang.com,1,4
上市,3168,眾福科技股份有限公司,眾福科,16274722,光電,新北市汐止區新台五路一段93號30樓,黃漢州,俞思平,02-26976808,1997/11/22,2024/03/26,750996490,https://www.dataimagecorp.com/tw,1,2
上市,3189,景碩科技股份有限公司,景碩,70785139,半導體,桃園市新屋區中華路1245號,廖賜政,陳河旭,(03)4871919,2000/09/11,2004/11/01,5269103600,www.kinsus.com.tw,0,0
上市,3209,全科科技股份有限公司,全科,86027892,電子通路,台北市內湖區瑞光路360號9樓,吳堉文,謝宏昌,02-26275859,1991/04/15,2008/11/26,2471607480,http://www.alltek.com,0,3
上市,3229,晟鈦股份有限公司,晟鈦,22570840,電子零組件,新北市新莊區瓊林南路305巷2號,莊明理,劉文禎,22052032,1987/07/28,2009/12/31,642630000,http://www.cheer-time.com.tw/,1,2
上市,3231,緯創資通股份有限公司,緯創,12868358,電腦及週邊設備,新竹縣竹北市智慧路1號,林憲銘,林建勳,(02)6616-9999,2001/05/30,2003/08/19,31800522500,www.wistron.com,1,2
上市,3257,虹冠電子工業股份有限公司,虹冠電,16130417,半導體,新竹科學園區新竹市園區二路11號5樓,方敏宗,林保偉,03-5679979,1998/12/30,2011/03/21,798235900,http://www.championmicro.com.tw,2,4
上市,3266,昇陽建設企業股份有限公司,昇陽,84141187,建材營造,台北市大安區忠孝東路四段289號12樓,麥寬成,魏岱霖,02-27771355,1993/03/17,2014/12/24,3523143090,http://www.sunty.com.tw,0,3
上市,3296,勝德國際研發股份有限公司,勝德,12702977,電子零組件,新北市中和區中山路二段407號10樓,周義雄,周義雄,82215588,2000/11/14,2007/12/31,967244500,www.power-tech.com.tw,1,5
上市,3305,昇貿科技股份有限公司,昇貿,04789211,其他電子,桃園市觀音區大潭北路665號,李三蓮,李弘偉,(03)416-0177,1978/04/24,2008/07/10,1433739740,http://www.shenmao.com,3,6
上市,3308,聯德電子股份有限公司,聯德,22749711,電子零組件,桃園市龜山區科技一路69號,陳銘智,陳銘智,(03)3286800,1988/02/02,2008/03/12,600000000,www.bestec.com.tw,3,10
上市,3311,閎暉實業股份有限公司,閎暉,12956063,通信網路,新北市淡水區奎柔山路73號,焦佑衡,徐幼珍,(02)2623-2666,2001/10/26,2004/03/08,1000000000,www.silitech.com,0,1
上市,3312,弘憶國際股份有限公司,弘憶股,89613636,電子通路,台北市內湖區行忠路57號2樓,葉佳紋,劉彥輝,2659-9838,1995/10/06,2010/12/29,1826268150,http://www.gmitec.com,1,8
上市,3321,同泰電子科技股份有限公司,同泰,23983947,電子零組件,台中市大甲區東二街28號,簡山傑,曾山一,(03)-2150198,1990/11/19,2015/12/15,861137690,https://www.uniflex.com.tw,0,0
上市,3338,泰碩電子股份有限公司,泰碩,89858152,電子零組件,臺北市內湖區瑞光路302號3樓,彭朋煌,劉克平,(02)26562658,1994/09/23,2013/12/13,879081410,http://www.taisol.com,0,1
上市,3346,麗清科技股份有限公司,麗清,16992625,汽車工業,新北市中和區中原街97號5樓,劉美秀,劉美秀,(02)22226112,1999/08/27,2016/12/19,1212283520,www.lastertech.com,1,13
上市,3356,奇偶科技股份有限公司,奇偶,16302558,光電,台北市內湖區內湖路一段246號9樓,王有傳,李建邦,02-8797-8377,1998/02/03,2005/03/28,685504220,https://www.geovision.com.tw,0,0
上市,3376,新日興股份有限公司,新日興,35424073,電子零組件,新北市樹林區俊英街一七四號,呂勝男,阮朝宗,02-26813316,1968/06/28,2007/12/31,1957802150,https://www.szs-group.com/,1,1
上市,3380,明泰科技股份有限公司,明泰,12800392,通信網路,新竹科學園區新竹市力行七路8號,李良相,簡銘霖,03-5636666,2003/09/04,2004/12/20,5417184600,www.alphanetworks.com,0,2
上市,3406,玉晶光電股份有限公司,玉晶光,23572557,光電,台中市大雅區中部科學工業園區科雅東路一號,陳天慶,郭英理,04-25667115,1990/02/08,2005/12/20,1127430630,https://www.gseo.com/tw,1,3
上市,3413,京鼎精密科技股份有限公司,京鼎,12858252,半導體,新竹科學園區苗栗縣竹南鎮科中路16號,陳偉銘,邱耀銓,037-580088,2001/04/26,2015/07/28,1109244100,http://www.foxsemicon.com.tw/,0,10
上市,3416,融程電訊股份有限公司,融程電,96930209,電腦及週邊設備,新北市三重區中興南街18號,呂谷清,林筠卿,02-85110288,1996/01/23,2015/01/23,804961290,www.winmate.com.tw,0,3
上市,3419,譁裕實業股份有限公司,譁裕,47250470,通信網路,新竹市東區豐功里公道五路2段326號,林承煒,段淳中,03-5714225,1981/11/18,2008/01/21,1204804170,https://www.whayu.com,1,10
上市,3432,台端興業股份有限公司,台端,22928881,電子零組件,新北市中和區中正路880號13樓,陳帝生,林樂賢,32349988,1988/05/24,2010/12/30,422300000,https://www.taitwun.com/,0,3
上市,3437,榮創能源科技股份有限公司,榮創,70634323,光電,新竹縣湖口鄉新竹工業區工業五路13號,方榮熙,方榮熙,03-5976988,1999/10/02,2014/07/09,1445480000,www.aot.com.tw,1,3
上市,3443,創意電子股份有限公司,創意,16299879,半導體,新竹科學園區新竹市力行六路10號,張麗絲,戴尚義,03-5646600,1998/01/22,2006/11/03,1340119110,www.guc-asic.com,0,0
上市,3447,展達通訊股份有限公司,展達,16045290,通信網路,新北市三重區光復路二段69號22樓,呂進宗,李培然,02-66260168,1997/10/17,2022/12/15,774491200,www.xavi.com.tw,0,1
上市,3450,聯鈞光電股份有限公司,聯鈞,12624467,半導體,新北市中和區橋安街35號10樓,鄭祝良,宋天增,(02)8245-6186,2000/09/27,2006/04/12,1456813820,http://www.elaser.com.tw,0,1
上市,3481,群創光電股份有限公司,群創,12800225,光電,新竹科學園區苗栗縣竹南鎮科學路160號,洪進揚,楊弘文,037-586000,2003/01/14,2006/10/24,79891973370,http://www.innolux.com,2,2
上市,3494,誠研科技股份有限公司,誠研,70801588,電腦及週邊設備,新北市新店區北新路三段207-2號7樓,光風投資有限公司代表人：黃茯,黃冠智,(02)2912-6268,2001/02/09,2007/12/13,948000000,www.hiti.com,0,0
上市,3501,維熹科技股份有限公司,維熹,80272361,電子零組件,台北市內湖區新湖三路196號,吳瑞雄,吳瑞雄,27911119,2002/09/03,2007/09/20,1182579270,www.wellshin.com.tw,1,3
上市,3504,揚明光學股份有限公司,揚明光,12800061,光電,新竹科學園區新竹市新安路7號,林惠姿,張雅容/林威嶧,(03)6206789,2002/02/18,2007/01/26,1140597850,www.youngoptics.com,0,4
上市,3515,華擎科技股份有限公司,華擎,80333613,電腦及週邊設備,臺北市北投區中央南路二段37號2樓,童旭田,許隆倫,(02)2896-5588,2002/05/10,2007/11/08,1235208890,http://www.asrock.com.tw,0,0
上市,3518,柏騰科技股份有限公司,柏騰,89732154,其他電子,桃園市蘆竹區南山路一段108巷2號,黃逸駿,游秀屏,(03)212-8833,1995/10/20,2007/11/28,1024672300,www.pttech.com.tw,1,1
上市,3528,安馳科技股份有限公司,安馳,12676056,電子通路,新北市汐止區新台五路一段75號21樓,吳偉國,陳發勇,26982526,2000/12/26,2016/05/18,666392160,https://www.macnica.com/apac/anstek/zh_tw/,0,1
上市,3530,晶相光電股份有限公司,晶相光,27298412,半導體,新竹科學園區新竹市力行一路10-2號4樓,何新平,陳俊伯,03-5678986,2004/05/24,2018/07/16,774759000,www.soinc.com.tw,0,0
上市,3532,台塑勝高科技股份有限公司,台勝科,89406518,半導體,台北市內湖區南京東路六段380號 (台塑企業內湖大樓A1棟8樓),郭文筆,高橋和也,02-27122211,1995/11/21,2007/12/10,3878483000,www.fstech.com.tw,0,6
上市,3533,嘉澤端子工業股份有限公司,嘉澤,22244141,電子零組件,基隆市安樂區武訓街15號,朱德祥,何德佑,02 24331110,1986/08/23,2007/12/10,1125346910,https://www.lotes.cc/,1,5
上市,3535,晶彩科技股份有限公司,晶彩科,70720798,光電,新竹縣竹北市環北路二段197號,陳永華,陳永華,(03)5545988,2000/03/10,2008/01/31,790523560,http://www.favite.com,0,16
上市,3543,州巧科技股份有限公司,州巧,70526133,光電,新竹縣湖口鄉鳳凰村光復路42號,李樹裔,徐文茂,(03)5981919,2000/06/09,2020/04/15,1462631500,http://www.jochu.com/,1,2
上市,3545,敦泰電子股份有限公司,敦泰,28069900,半導體,新竹縣竹北市環科一路23號11樓之1,胡正大,胡正大,03-6561660,2006/01/03,2007/07/03,2224113500,http://www.focaltech-electronics.com,0,1
上市,3550,聯穎科技股份有限公司,聯穎,22488639,電子零組件,新北市中和區建八路16號4樓,何鈞銜,蘇俊雄,8226-5658,1987/04/30,2010/11/10,1075500000,http://www.copartner.com.tw,0,0
上市,3557,嘉威生活股份有限公司,嘉威,27717512,居家生活,臺北市大安區信義路4段296號14樓之4,黃清森,吳世偉,02-77335368,2005/04/21,2008/02/27,843154350,www.jiaweils.com,1,5
上市,3563,牧德科技股份有限公司,牧德,16522758,光電,新竹科學園區新竹市工業東二路2之3號,汪光夏,陳復生,(03)5638599,1998/06/09,2019/04/02,639608580,www.machvision.com.tw,0,1
上市,3576,聯合再生能源股份有限公司,聯合再生,27763753,光電,新竹科學園區新竹市力行三路7號,洪傳獻,張為策(執行長),(03)578-0011,2005/08/26,2009/01/12,16277953750,http://www.urecorp.com,0,0
上市,3583,辛耘企業股份有限公司,辛耘,30901647,半導體,台北市內湖區瑞光路208號11樓,謝宏亮,李宏益,02-8751-2323,1979/10/17,2013/03/12,838586440,www.scientech.com.tw/zh-hant,0,2
上市,3588,通嘉科技股份有限公司,通嘉,80254357,半導體,新竹縣竹北市台元二街1號4F-1,高育坤,邱垂華,03-5543588,2002/09/18,2009/08/14,619911820,https://www.leadtrend.com.tw,0,0
上市,3591,艾笛森光電股份有限公司,艾笛森,12907747,光電,新北市中和區橋和路17號17樓,吳建榮,吳建榮,02-82276996,2001/10/04,2010/11/12,1303868350,https://www.edison-opto.com.tw/,2,10
上市,3592,瑞鼎科技股份有限公司,瑞鼎,80532726,半導體,新竹科學園區新竹市力行路23號2樓,黃裕國,溫志堅,03-6661818,2003/10/23,2022/01/07,758552260,www.rad-ic.com,1,1
上市,3593,力銘科技股份有限公司,力銘,80617029,電子零組件,高雄市前鎮區一心二路128號8樓之一,孫正強,孫正強(代理),07-3433776,2003/12/22,2009/03/16,608254490,http://www.logah.com,13,25
上市,3596,智易科技股份有限公司,智易,12800294,通信網路,新竹市東區光復路二段8號8樓,陳瑞聰,曾釗鵬,(03)5727000,2003/05/09,2009/03/11,2203543210,www.arcadyan.com,4,15
上市,3605,宏致電子股份有限公司,宏致,97257738,電子零組件,桃園市中壢區過嶺路二段530-6號,袁万丁,黃添富,(03)4632808,1996/11/07,2009/03/26,1752703390,www.acesconn.com,1,5
上市,3607,谷崧精密工業股份有限公司,谷崧,23414349,電子零組件,桃園市中壢區中正路1274巷48號,洪煥青,張文桐,03-4252153,1989/06/14,2009/10/28,1216622390,www.coxongroup.com,0,0
上市,3617,碩天科技股份有限公司,碩天,97474067,其他電子,台北市內湖區金莊路26號11樓,何&#28627;洵,何&#28627;洵,(02)8792-9510,1997/06/27,2009/12/23,947620490,www.cyberpower.com/tw/zh/investor,0,0
上市,3622,洋華光電股份有限公司,洋華,80260061,光電,桃園市觀音區觀音工業區經建一路31號,白志強,許益川,03-4833665,2002/07/30,2009/03/25,1513276000,www.yfo.com.tw,0,2
上市,3645,達邁科技股份有限公司,達邁,70776899,電子零組件,新竹縣新埔鎮文德路三段127號,吳聲昌,黃貞英,03-5896088,2000/06/22,2011/10/05,1367542070,www.taimide.com.tw,0,2
上市,3652,精聯電子股份有限公司,精聯,28913512,電腦及週邊設備,新北市新店區寶橋路235巷136號5樓,葉佳紋,徐志達,(02)89121122,2008/01/15,2022/09/21,750975000,http://www.ute.com/,1,8
上市,3653,健策精密工業股份有限公司,健策,22415854,電子零組件,桃園市龜山區文化里19鄰科技一路40號,趙宗信,林錦隆,03-2115678,1987/03/28,2009/11/18,1472038780,https://www.jentech.com.tw/zh,1,1
上市,3661,世芯電子股份有限公司,世芯-KY,31659649,半導體,114 台北市內湖區文湖街12號9樓,沈翔霖,沈翔霖,02-27992318,2003/02/27,2014/10/28,863051140,www.alchip.com,0,2
上市,3665,貿聯控股(BizLink Holding Inc.),貿聯-KY,26644007,其他電子,23553新北市中和區建一路186號3樓,梁華哲,鄧劍華,02-82261000,2000/06/01,2011/04/21,1995784050,http://www.bizlinktech.com,1,1
上市,3669,圓展科技股份有限公司,圓展,28428722,通信網路,新北市土城區大安路157號8樓,郭重松,郭昱廷,22698535,2008/01/07,2011/08/25,929199500,www.aver.com,0,0
上市,3673,"TPK Holding Co., Ltd.",TPK-KY,31805657,光電,台北市內湖區民權東路六段13之18號(訴訟及非訟代理人聯絡處),江朝瑞,謝立群,02-6619-1199,2005/11/21,2010/10/29,4066637590,http://www.tpk.com,2,6
上市,3679,新至陞科技股份有限公司,新至陞,36011776,電子零組件,新北市新莊區化成路11巷36號,陳標福,蔡建勝,(02)2998-3578,1980/06/27,2011/10/05,630222290,www.nishoku.com.tw,2,2
上市,3686,達能科技股份有限公司,達能,28823511,半導體,新竹市東區慈雲路118號19樓之8,方震銘,方震銘,(03)6686361,2007/11/09,2010/07/20,764951180,http://www.danentech.com,0,1
上市,3694,海華科技股份有限公司,海華,27667787,通信網路,新北市新店區寶中路94號8樓,程建中,鄭光志,02-55995599,2005/04/13,2011/05/03,1548907080,www.azurewave.com,3,4
上市,3701,大眾全球投資控股股份有限公司,大眾控,27242184,電腦及週邊設備,台北市內湖區陽光街300號1至9樓,簡民智,簡民智,(02)8751-8751,2004/08/30,2004/08/30,2366688830,http://www.ficg.com.tw/,0,2
上市,3702,大聯大控股股份有限公司,大聯大,27928328,電子通路,臺北市南港區經貿二路189號22樓,黃偉祥,張蓉崗,2191-0068,2005/11/09,2005/11/09,17513743070,www.WPGholdings.com,1,4
上市,3703,欣陸投資控股股份有限公司,欣陸,28993629,建材營造,臺北市大安區敦化南路二段九十五號,殷琪,張方欣,02-37012000,2010/04/08,2010/04/08,8232159800,http://www.continental-holdings.com,0,0
上市,3704,合勤投資控股股份有限公司,合勤控,28999503,通信網路,新竹市公道五路二段363號3樓,朱順一,朱順一(執行長),03-5788838,2010/08/16,2010/08/16,4154449700,http://www.zyxelgroup.com,1,3
上市,3705,永信國際投資控股股份有限公司,永信,53004906,生技醫療,台北市松山區民權東路三段181號12樓,李芳信,簡志維,02-25450185,2011/01/03,2011/01/03,2664229830,www.yungshingroup.com,0,1
上市,3706,神達控股股份有限公司,神達,53677966,電腦及週邊設備,桃園市龜山區文化二路202號,苗豐強,何繼武,(03)328-9000,2013/09/12,2013/09/12,13272124680,www.mitac.com,2,4
上市,3708,上緯國際控股股份有限公司,上緯投控,43238308,綠能環保,南投縣南投市東閔路588號,蔡朝陽,蔡孝德,049-2255420,2016/08/31,2016/08/31,898428720,http://www.swancor.com/tw/,3,4
上市,3711,日月光投資控股股份有限公司,日月光投控,29187308,半導體,高雄市楠梓區經三路26號,張虔生,張洪本,07-3617131,2018/04/30,2018/04/30,44705722820,www.aseglobal.com,0,5
上市,3712,永崴投資控股股份有限公司,永崴投控,24813370,電腦及週邊設備,新北市土城區中央路四段49號,郭台強,劉素芳,22699866,2018/10/01,2018/10/01,2462421460,www.fit-holding.com,2,17
上市,3714,富采控股股份有限公司,富采,83202930,光電,苗栗縣竹南鎮科義街1號1樓,彭&#21452;浪,彭&#21452;浪,03-5679000,2021/01/06,2021/01/06,4000000000,http://www.ennostar.com,0,0
上市,3715,定穎投資控股股份有限公司,定穎投控,90302792,電子零組件,桃園市蘆竹區民權路50號6樓,黃銘宏,劉國瑾,03-3493300,2022/08/25,2022/08/25,2835745840,https://www.dynaholding.com,1,3
上市,3716,中化控股股份有限公司,中化控股,00227087,生技醫療,台北市中正區襄陽路二十三號二樓,王謝怡貞,王厚凱(執行長),02-23124200,2024/09/02,2024/09/02,1505792110,https://www.cenra.com/,1,6
上市,3717,聯嘉光電投資控股股份有限公司,聯嘉投控,60654582,汽車工業,台北市信義區松仁路89號2樓,黃國欣,黃昉鈺,(037)539000,2025/08/15,2025/08/15,2078454450,www.eoi.com.tw,4,10
上市,4104,佳醫健康事業股份有限公司,佳醫,22854522,生技醫療,新北市中和區中正路880號17樓,傅輝東,張明正,02-22251888,1988/03/15,2007/12/31,1883674560,www.excelsiormedical.com.tw,2,3
上市,4106,雃博股份有限公司,雃博,23632773,生技醫療,新北市土城區沛陂里民生街9號,雅勝 代表人:李永川,李文德,(02)22685568,1990/03/17,2004/11/08,1009115570,https://tw.wellell.com/zh-tw,0,0
上市,4108,懷特生技新藥股份有限公司,懷特,16766281,生技醫療,臺北市松山區復興北路167號5樓之1,李伊俐,李伊伶,02-25453697,1998/11/24,2008/07/16,1986188790,www.phytohealth.com.tw,0,1
上市,4119,旭富製藥科技股份有限公司,旭富,22662545,生技醫療,桃園市蘆竹區濱海里13鄰海湖北路309巷61號,翁維駿,周文智,03-3543133,1987/09/18,2004/01/07,1195086340,www.sci-pharmtech.com.tw,3,7
上市,4133,亞諾法生技股份有限公司,亞諾法,12974421,生技醫療,台北市內湖區洲子街108號9樓,黃韋伯,紀姵如,(02)8751-1888,2002/01/04,2009/12/28,605535940,http://www.abnova.com,0,0
上市,4137,麗豐股份有限公司,麗豐-KY,38488868,生技醫療,台北市信義區松仁路107號10樓,趙承佑,趙承佑,886227238666,2012/07/03,2013/11/27,824923500,http://www.chlitinaholding.com/,0,1
上市,4142,國光生物科技股份有限公司,國光生,33259508,生技醫療,臺中市潭子區潭興路一段3號,詹啟賢,詹啟賢,(04)25381220,1965/12/22,2012/05/03,4295077500,http://www.adimmune.com.tw/,0,0
上市,4148,全宇生技控股有限公司,全宇生技-KY,42527358,生技醫療,台北市松山區復興北路181號7樓之4(訴訟及非訟代理人聯絡處),彭士豪,彭士豪,(02)2712-0685,2010/03/26,2017/06/08,672357010,www.allcosmos.com,0,1
上市,4155,訊映光電股份有限公司,訊映,27453928,生技醫療,新竹市公道五路二段91號,賴家德,賴家德,03-5160258,2004/09/27,2017/12/05,1251869980,http://www.okbiotech.com,2,4
上市,4164,承業生醫投資控股股份有限公司,承業醫,24483414,生技醫療,台北市內湖區行愛路88號,李典穎,李明倫,02-66081999,2009/11/27,2012/10/24,1953109890,www.chcg.com,1,6
上市,4169,泰宗生物科技股份有限公司,泰宗,16307131,生技醫療,新北市汐止區新台五路一段97號24樓之8,徐煥清,王雅俊,02-26972628,1998/02/20,2026/04/08,664316120,http://www.tcmbio.com/,0,0
上市,4178,永笙生技股份有限公司,永笙-KY,60085392,生技醫療,"PO Box 309,Ugland House,Grand Cayman KY1-1104",王嘉宗,路孔明,(02)2601-3013,2013/06/26,2026/04/30,2158669810,https://stemcytebio.com/,0,0
上市,4190,佐登妮絲集團股份有限公司,佐登-KY,47423851,生技醫療,"Oleander Way, 802 West Bay Road, P.O.Box 32052, Grand Cayman",陳正雄,陳佳琦,04-22922999,2010/06/21,2015/10/21,612629570,https://www.jourdeness.com,2,41
上市,4195,基龍米克斯生物科技股份有限公司,基米-創,12953452,生技醫療,新北市汐止區新台五路一段100號14樓,周孟賢,江俊奇,2696-1658,2001/10/16,2026/05/11,800000570,www.genomics.com.tw,1,4
上市,4306,炎洲股份有限公司,炎洲,35894259,塑膠工業,臺北市內湖區行善路397號7樓,李書緯,李其政,02-81706199,1978/03/07,2008/01/21,6767572160,https://www.ycgroup.tw/,0,3
上市,4414,如興股份有限公司,如興,49744324,紡織纖維,台北市松山區復興北路57號13樓之4,紀宗明,James Ian Harrison,02-27513111,1977/11/23,2004/09/06,2637957730,http://www.roohsing.com.tw,1,2
上市,4426,利勤實業股份有限公司,利勤,16229261,紡織纖維,雲林縣斗六市斗工十二路5號,洪文耀,待補,05-5571010,1997/09/26,2011/12/16,1726771980,http://www.li-cheng.com.tw,0,1
上市,4438,廣越企業股份有限公司,廣越,89620361,紡織纖維,台北市內湖區瑞光路607號6樓,吳朝筆,唐湘梅,(02)2798-9169,1995/10/30,2016/10/18,1134254550,http://www.qve.com.tw,2,3
上市,4439,冠星集團控股有限公司,冠星-KY,76545523,紡織纖維,臺北市中山區南京東路2段178號7樓(台灣分公司),興茂集團控股有限公司(代表人:林錦茂),林經偉,02-25079938,2013/05/21,2019/12/05,382148430,http://www.tstco.com.hk,0,0
上市,4440,宜新實業股份有限公司,宜新實業,54332940,紡織纖維,臺北市內湖區瑞光路268號11樓,詹正田,翁茂誠,02-26576158,2013/06/21,2021/10/25,675980000,http://www.yishin-textile.com.tw,3,4
上市,4441,振大環球股份有限公司,振大環球,86010365,紡織纖維,台北市松山區復興北路73 號4 樓,許公任,李炤賢,02-2721-7588,1991/02/21,2025/09/09,681755780,https://www.greatg.com.tw,3,3
上市,4526,東台精機股份有限公司,東台,88120872,電機機械,高雄市路竹區路科三路三號,嚴瑞雄,嚴瑞雄,07-9761588,1969/01/09,2003/09/15,2548264610,http://www.tongtai.com.tw/,0,5
上市,4532,瑞智精密股份有限公司,瑞智,23603284,電機機械,桃園市觀音區成功路二段943號,陳盛沺,馮明法,(03)4837201,1989/12/19,2003/08/04,4948951050,www.rechi.com,1,2
上市,4536,拓凱實業股份有限公司,拓凱,52590175,運動休閒,中部科學園區臺中市后里區廣福里星科路18號,沈文振,沈貝倪,04-23591229,1980/07/11,2013/10/09,908200000,http://www.topkey.com.tw,0,2
上市,4540,全球傳動科技股份有限公司,全球傳動,29168533,電機機械,新北市樹林區三多路123號,李清崑,李進勝,(02)2689-2689,2010/07/09,2018/08/15,1151867240,www.tbimotion.com.tw,0,1
上市,4545,銘鈺精密工業股份有限公司,銘鈺,12738623,電子零組件,桃園市觀音區國瑞路2號,謝錦興,方光義,(03)438-9966,2001/01/18,2016/01/06,770000000,https://www.mapi.com.tw,0,3
上市,4551,智伸科技股份有限公司,智伸科,22363342,汽車工業,新北市汐止區新台五路一段102號16樓,六方精機股份有限公司,林慈青,(02)2696-2060,1987/02/18,2015/08/10,1152224980,http://www.global.com.tw,0,0
上市,4552,力達控股有限公司,力達-KY,51016510,電機機械,台北市大安區忠孝東路四段270號17樓,吳建能,陳乙平,(02)2732-8616,2012/05/11,2016/07/20,1160000000,www.lidaholdings.com,0,0
上市,4555,台灣氣立股份有限公司,氣立,22301178,電機機械,新北市泰山區貴鳳街21 號,游平政,游博勳,(02)29041235,1986/11/19,2015/10/27,699876530,https://www.chelic.com/,1,1
上市,4557,永新控股股份有限公司,永新-KY,42323896,汽車工業,嘉義市吳鳳北路381號5樓,紀經得,許耀仁,05-2788687,2011/02/14,2015/10/12,479718400,www.yusin.com,0,0
上市,4560,強信機械科技股份有限公司,強信-KY,50721361,電機機械,桃園市龜山區建國東路89號,綦秉信,綦秉信,(03)3198016,2014/10/31,2017/05/26,680972400,https://www.strongh.tw,0,0
上市,4562,穎漢科技股份有限公司,穎漢,28919500,電機機械,台南市安南區科技一路50號,胡炳昆,胡峻嘉,(06)3843188,2008/01/24,2017/08/21,875460000,http://www.ylm.com.tw,3,5
上市,4564,元翎精密工業股份有限公司,元翎,23019109,電機機械,雲林縣虎尾鎮科虎三路18號,王德鑫,王德鑫,05-6361867,1988/07/11,2019/03/07,2327883030,https://www.twmosa.com/tw,0,1
上市,4566,時碩工業股份有限公司,時碩工業,24262159,電機機械,新北市汐止區新台五路一段94號15樓,劉祖英,黃亞興,(02)2696-3988,2008/11/07,2018/02/05,1103810020,https://www.globaltekww.com,0,1
上市,4569,六方科技股份有限公司,六方科-KY,93107034,汽車工業,臺北市信義區基隆路2段189號4樓之2,盧經緯,葛仲林,02-2732-1635,2020/01/20,2023/07/31,306000000,www.sixxontech.com,1,1
上市,4571,鈞興機電國際股份有限公司,鈞興-KY,85282254,電機機械,台北市大安區信義路三段106號4樓之3,國興環球有限公司(代表人：高國興),杜春輝,02-27034571,2014/04/30,2019/09/17,530171150,http://www.khgears.com/ft/index.php,0,0
上市,4572,駐龍精密機械股份有限公司,駐龍,23830154,電機機械,高雄市仁武區仁發一路1號,王昆生,陳玄益,07-3101000,1990/08/08,2019/09/10,400186790,http://www.drewloong.com.tw,1,2
上市,4576,大銀微系統股份有限公司,大銀微系統,97413843,電機機械,台中市南屯區春社里精科中路6號,卓秀瑜,絲國一,04-23550110,1997/04/01,2019/09/04,1198018480,http://www.hiwinmikro.tw,0,0
上市,4581,World Known MFG(Cayman)Limited,光隆精密-KY,87027821,汽車工業,台中市大雅區雅潭路三段470號,呂皇甫,黃雨亭,886-425677958,2015/11/19,2020/03/09,338990000,www.wkgroup.com,0,1
上市,4582,聚恆科技股份有限公司,聚恆-創,16452612,綠能環保,臺南市永康區永科環路168號,周恒豪,周曉艷,06-2022202,1998/04/16,2026/05/22,754800000,https://www.hengs.com,0,15
上市,4583,台灣精銳科技股份有限公司,台灣精銳,70647919,電機機械,台中市西屯區科園三路 10 號,張重興,張重興(代理),04-24650219,1999/10/26,2022/05/09,801713510,https://www.apexdyna.com,2,4
上市,4585,達明機器人股份有限公司,達明,42643271,其他電子,桃園市龜山區華亞二路58-2號5樓,何世池,陳尚昊,03-3288350,2015/09/18,2025/09/26,1046090000,www.tm-robot.com,0,0
上市,4588,玖鼎電力資訊股份有限公司,玖鼎電力,27736932,其他電子,新竹科學園區新竹縣寶山鄉工業東九路3-2號4樓,陳展鵠,曾文良,03-5631359,2005/06/15,2024/01/29,429850000,www.archmeter.com,1,1
上市,4590,富田電機股份有限公司,富田-創,22802861,電機機械,苗栗縣銅鑼鄉銅科六路6號,張金鋒,張金鋒,037-980799,1988/04/01,2026/01/29,548384000,https://www.fukuta-motor.com.tw/,0,0
上市,4720,德淵企業股份有限公司,德淵,04465521,化學工業,新北市五股區五權六路9號,蕭向志,蕭向志,02-22992121,1976/06/28,2015/06/24,1145160370,http://www.texyear.com,1,2
上市,4722,國精化學股份有限公司,國精化,75975242,化學工業,高雄市永安區維新里永工五路2號,蔡志翔,王海城,(07)6236199,1978/11/25,2012/08/15,1037650730,www.qualipoly.com.tw,0,0
上市,4736,泰博科技股份有限公司,泰博,16584326,生技醫療,新北市五股區五工二路127號6樓,陳朝旺,陳朝旺,02-66258188,1998/05/11,2023/12/22,953744690,http://www.taidoc.com.tw,1,6
上市,4737,華廣生技股份有限公司,華廣,80310225,生技醫療,台中市南區大慶街二段100號,黃椿木,黃椿木,04-23692388,2003/04/14,2010/12/23,773280530,www.bionime.com,0,0
上市,4739,康普材料科技股份有限公司,康普,86757124,化學工業,新竹縣湖口鄉文化路11號,何基丞,何柏樟,(03)598-3101,1992/06/16,2017/09/08,1246513130,http://www.coremaxcorp.com,2,3
上市,4746,台耀化學股份有限公司,台耀,96922622,生技醫療,桃園市蘆竹區坑口里和平街36號,程正禹,程正禹,03-3240895,1995/12/29,2011/03/01,1202559630,www.formosalab.com,0,1
上市,4755,三福化工股份有限公司,三福化,80170651,化學工業,臺北市中山區中山北路二段21號5樓,巫信弘,蘇天寶,02-25426789,2003/03/17,2013/11/27,1007060000,www.sfchem.com.tw,0,3
上市,4763,濟南大自然新材料股份有限公司,材料*-KY,42328858,化學工業,台北市信義區光復南路419巷18號6樓,王克璋,王克璋,02-27205045,2014/09/25,2015/11/09,989146670,www.acetekgroup.com,0,1
上市,4764,雙鍵化工股份有限公司,雙鍵,84754072,化學工業,新北市中和區中正路959號4樓,蔡茂德,陳仲平,(02)8228-1168,1994/02/17,2018/01/04,855420620,http://www.dbc.com.tw/,0,1
上市,4766,南寶樹脂化學工廠股份有限公司,南寶,74229304,化學工業,台南市西港區中山路519號,黃映霖,黃映霖,(06)796-5888,1963/10/02,2018/11/28,1205707800,http://www.nanpao.com.tw,3,7
上市,4770,上品綜合工業股份有限公司,上品,36075449,化學工業,彰化縣線西鄉線工南二路20號,侯嘉生,侯嘉生,04-7582827,1981/10/19,2021/12/22,799760000,https://www.alliedsupreme.com,0,0
上市,4771,望隼科技股份有限公司,望隼,53764125,生技醫療,苗栗縣竹南鎮公義里友義路66號3樓,黃修權,石安,(037)582900,2012/05/10,2024/03/18,587087000,https://www.vizionfocus.com/,0,0
上市,4807,日成控股股份有限公司,日成-KY,42485651,貿易百貨,"The Grand Pavilion Commercial Centre, Oleander Way, 802 West",帕查拉蓬 拍奔順通(Phacharapon ),林如茵,(02)2501-1225,2014/10/06,2017/06/26,489960320,http://www.regaljewelrygroup.com,0,0
上市,4904,遠傳電信股份有限公司,遠傳,97179430,通信網路,臺北市內湖區瑞光路468號5樓,徐旭東,井琪,(02)7723-5000,1997/04/11,2005/08/24,36077053570,www.fareastone.com.tw,6,20
上市,4906,正文科技股份有限公司,正文,22960571,通信網路,新竹縣湖口鄉新竹工業區中華路15-1號,陳鴻文,李榮昌,03-5985535,1988/06/29,2003/06/30,4517062320,www.gemteks.com,8,42
上市,4912,聯德控股股份有限公司,聯德控股-KY,26595630,電子零組件,台北市南港區園區街3號12樓之3,徐&#21843;峰,余 火甘 木發,02-8684-1618,2009/09/29,2015/05/21,669930990,http://www.lemtech.com,0,0
上市,4915,致伸科技股份有限公司,致伸,28006928,電子零組件,台北市內湖區瑞光路669號,潘永中,潘永中,(02)2798-9008,2006/03/20,2012/10/05,4718808240,www.primax.com.tw,0,2
上市,4916,事欣科技股份有限公司,事欣科,13000192,電腦及週邊設備,桃園市中壢區領航南路三段188號15樓,廖文嘉,嚴聰前,034575535,2001/12/27,2013/11/21,1240825390,Http://www.parpro.com,5,10
上市,4919,新唐科技股份有限公司,新唐,28112646,半導體,新竹科學園區新竹市研新三路4號,蘇源茂,楊欣龍,(03)5770066,2008/04/09,2010/09/27,4197652680,www.nuvoton.com,0,0
上市,4927,泰鼎國際股份有限公司,泰鼎-KY,54384828,電子零組件,台北市松山區敦化北路205號5樓503室,王樹木,王樹木,(02)27170032,2009/10/28,2015/09/08,2649379880,http://www.apex-intl.com.tw,0,2
上市,4930,燦星網通股份有限公司,燦星網,28986660,電器電纜,台北市內湖區堤頂大道一段333號6樓,林技典,NA,(02)27956898,2009/11/11,2010/06/21,800000000,http://www.starcomgistic.com,2,3
上市,4934,太極能源科技股份有限公司,太極,28675574,光電,桃園市中壢區自強一路5號,謝明凱,陳怡光,03-455-5807,2007/05/14,2011/08/16,2250000000,http//www.tainergy.com,1,8
上市,4935,茂林光電科技(開曼)股份有限公司,茂林-KY,26797925,光電,桃園市中壢區民權路三段1149號,李滿祥,蔡宗霖,03-4262828,2000/07/28,2011/07/28,1288640910,http://www.glthome.com.tw/,0,2
上市,4938,和碩聯合科技股份有限公司,和碩,28689155,電腦及週邊設備,台北市北投區立功街76號5樓,童子賢,鄭光志/鄧國彥,02-81439001,2007/06/27,2010/06/24,26757087030,www.pegatroncorp.com,5,12
上市,4942,嘉彰股份有限公司,嘉彰,22164527,光電,桃園市蘆竹區南山路二段205巷45號,宋貴修,陳之軒,03-3228175,1985/09/09,2011/06/27,1423676130,http://www.chiachang.com,1,1
上市,4943,開曼康而富控股股份有限公司,康控-KY,26320984,電子零組件,23674新北市土城區承天路35號2樓,呂朝勝,李國基,(02)22689558,2009/09/01,2016/11/11,1266943530,www.concraft.com.tw,2,3
上市,4949,有成精密股份有限公司,有成精密,80581850,光電,新竹市東區公道五路二段180號4樓,陳思銘,陳思銘,03-5688699,2003/11/05,2024/05/09,677515430,http://www.wwpt.com.tw/,1,8
上市,4952,凌通科技股份有限公司,凌通,80741441,半導體,新竹市科學園區工業東四路19號,黃洲杰,賈懿行,03-6662118,2004/03/30,2011/11/01,1088158160,http://www.generalplus.com,3,6
上市,4956,光鋐科技股份有限公司,光鋐,28334226,光電,台南市新市區看西路7號,許明森,許明森,06-5050101,2006/06/12,2011/10/24,1004082360,www.epileds.com.tw,3,5
上市,4958,臻鼎科技控股股份有限公司,臻鼎-KY,26392564,電子零組件,桃園市大園區三石里三和路28巷6號,沈慶芳,簡禎富,(03)383-5678,2006/06/05,2011/12/26,11175342130,https://www.zdtco.com,0,1
上市,4960,誠美材料科技股份有限公司,誠美材,27790294,光電,臺南市善化區南關里木柵港西路13號,宋妍儀,尚待董事會委任,(06)5889988,2005/05/17,2011/10/24,5717053880,www.cmmt.com.tw,0,1
上市,4961,天鈺科技股份有限公司,天鈺,84149499,半導體,新竹科學園區新竹市篤行路6-8號3樓,林永杰,邱淑慧,03-5788618,1995/07/04,2018/10/17,1212536030,https://www.fitipower.com,3,4
上市,4967,十銓科技股份有限公司,十銓,97418375,半導體,新北市中和區建一路166號3樓,夏澹寧,陳慶文,(02)82265000,1997/04/09,2019/01/14,985663940,WWW.TEAMGROUPINC.COM,0,1
上市,4968,立積電子股份有限公司,立積,80661880,半導體,臺北市內湖區堤頂大道二段407巷20弄1號3樓,馬代駿,王是琦,(02)8751-1358,2004/01/07,2015/11/13,922098980,https://www.richwave.com.tw,0,0
上市,4976,佳凌科技股份有限公司,佳凌,70848492,光電,台中市潭子區建國路24號,劉嘉彬,蕭智勇、曾建雄、柯卉蓁,04-25353658,2002/12/26,2012/11/20,1412180000,http://www.calin.com.tw,0,1
上市,4977,眾達科技股份有限公司,眾達-KY,31922986,通信網路,"4F.,Harbour Place,103 S Church St.,PO Box 10240,Grand Cayman",陳靖仁,莊敏男,(02)27006650,2007/10/16,2013/11/20,909898410,www.pcltech.com,1,8
上市,4989,李長榮科技股份有限公司,榮科,97173920,電子零組件,台北市松山區八德路四段83號5樓,陳銘樹,劉家和,2763-1611,1997/01/16,2018/06/28,1727765000,https://lcyt.lcycic.com/,0,1
上市,4994,傳奇網路遊戲股份有限公司,傳奇,12975809,資訊服務,台北市信義區市民大道六段288號7樓,張峰旗,張峰旗,02-77186620,2002/01/09,2013/12/25,663834000,www.x-legend.tw,1,4
上市,4999,鑫禾科技股份有限公司,鑫禾,13012009,電子零組件,新北市汐止區康寧街169巷27之1號,蘇丁鴻,蘇丁鴻,(02)2692-6960,2002/01/18,2013/06/03,744172000,www.sinher.com.tw,0,1
上市,5007,三星科技股份有限公司,三星,68040606,鋼鐵工業,台南市歸仁區南興里中山路三段355-6號1F,柯吉源,陳信志,(06)2306611,1965/07/02,2011/09/16,2949401540,www.sanshing.com.tw,4,6
上市,5203,訊連科技股份有限公司,訊連,23829868,資訊服務,新北市新店區民權路100號15樓,黃肇雄,古媄君;林昭宏,86671298,1990/08/08,2004/09/27,773425500,www.cyberlink.com,0,1
上市,5215,科嘉(開曼)股份有限公司,科嘉-KY,31618486,電腦及週邊設備,新北市中和區連城路168號8樓,林志峰,何和和,(02)2243-6177,2009/08/17,2011/12/26,643375000,http://www.koja.com.tw,3,20
上市,5222,全訊科技股份有限公司,全訊,16130296,半導體,臺南市新市區大順七路90號,張全生,張全生、吳昌崙、張景學,06-5051601,1998/06/17,2021/10/25,1001084650,http://www.transcominc.com.tw/Chinese/index.php,0,0
上市,5225,東科控股股份有限公司,東科-KY,37750975,其他電子,"P.O.Box 32052, Grand Cayman KY1-1208, Cayman Islands",東科聲學股份有限公司,陳海龍,(02)8911-3535,2011/02/01,2012/11/05,791364990,https://eastech.com,0,0
上市,5234,達興材料股份有限公司,達興材料,28357108,光電,臺中市西屯區科園一路15號,林正一,莊鋒域,04-24608889,2006/07/12,2012/07/16,1027159110,https://www.daxinmat.com/,0,2
上市,5236,凌陽創新科技股份有限公司,凌陽創新,28112364,半導體,新竹科學園區新竹市東區力行一路1號3樓之A2,黃洲杰,蔡建忠,03-5632822,2006/12/14,2026/07/16,600040380,http://www.sunplusit.com,3,6
上市,5243,乙盛精密工業股份有限公司,乙盛-KY,01895435,光電,新北市土城區中央路四段2號12樓之3,蔡嘉祥,蔡嘉祥,02-2267-3272,2008/06/17,2013/11/25,1685289150,www.eson.tw,1,7
上市,5244,弘凱光電股份有限公司,弘凱,27877550,光電,桃園市桃園區汴洲里春日路1492之1號7樓,黃建中,曾智宏,(03)357-9118,2005/08/24,2022/01/19,682418990,www.brightek.com,5,41
上市,5258,虹堡科技股份有限公司,虹堡,84188062,電腦及週邊設備,新北市新店區北新路3段207-5號6樓,辛華熙,林鴻鈞,(02)8913-1771,1993/04/20,2016/12/30,1103648940,http://www.castlestech.com,2,3
上市,5269,祥碩科技股份有限公司,祥碩,80688184,半導體,新北市新店區民權路115號6樓,許先越,林哲偉,(02)22196088,2004/03/24,2012/12/12,741563590,https://www.asmedia.com.tw/zh-Hant,0,0
上市,5283,禾聯碩股份有限公司,禾聯碩,80333058,電器電纜,桃園市龜山區文禾路289號9樓,蔡柏毅,洪堯鴻,(03)396-1188,2002/05/06,2019/05/24,876005100,www.heran.com.tw,4,16
上市,5284,經寶精密控股股份有限公司,jpp-KY,41173259,其他,台北市中山區松江路152號11樓1112室,鍾國松,藺以權,02-25415566,2012/05/17,2017/03/09,551426830,https://www.jppholding.com,0,1
上市,5285,界霖科技股份有限公司,界霖,12636560,半導體,高雄市楠梓區中央路58號,蔡上元,蔡上民,(07)3658828,2000/10/18,2014/02/25,1020409260,http://www.jihlin.com.tw,1,2
上市,5288,開曼商豐祥控股股份有限公司,豐祥-KY,38582821,電機機械,新北市新莊區新樹路315巷10號,游明輝,吳聰武,02-2208-0152,2011/07/18,2014/09/25,698847220,www.eurocharm.com.tw,1,4
上市,5292,華懋科技股份有限公司,華懋,23492169,綠能環保,桃園市中壢區中山路88號17樓,鄭石治,林國源,(03)4272889,1989/09/21,2023/11/21,463188000,https://www.dtech.com.tw,0,1
上市,5306,桂盟國際股份有限公司,桂盟,22099483,運動休閒,台南市永康區中華路425號8F-5,吳盈進,吳瑞章,(06)3037111,1989/04/20,2022/03/08,1260007720,www.kmc-international.com,4,10
上市,5388,中磊電子股份有限公司,中磊,86690573,通信網路,台北市南港區園區街3-1號8樓,王煒,林斌,02-2655-3988,1992/07/29,2007/12/03,3043425420,www.sercomm.com,3,17
上市,5434,崇越科技股份有限公司,崇越,23621614,電子通路,臺北市內湖區洲子街176號6樓,曾海華,李正榮,02-8797-8020,1990/02/17,2003/08/25,1940079830,www.topco-global.com,0,1
上市,5469,瀚宇博德股份有限公司,瀚宇博,23225071,電子零組件,桃園市觀音區樹林里工業四路9號,焦佑衡,陶正國,(03)4838500,1989/03/22,2003/08/25,4861660000,http://tw.hannstarboard.com/,0,1
上市,5471,松翰科技股份有限公司,松翰,97063584,半導體,新竹縣竹北市台元街36號10樓之1,鮑世嘉,柯福順,03-5600888,1996/07/13,2003/08/25,1678770620,www.sonix.com.tw,0,1
上市,5484,慧友電子股份有限公司,慧友,89639615,光電,新北市新店區寶橋路235巷133號7樓之一,莊永順,施皓榮,(02)2662-2338,1995/07/18,2003/08/25,668010000,www.EverFocus.com,3,7
上市,5515,建國工程股份有限公司,建國,46298200,建材營造,臺北市大安區敦化南路二段67號20樓,吳昌修,甘茂盛,02-27849730,1960/11/21,2003/10/06,2016000840,http://www.ckgroup.com.tw,0,0
上市,5519,隆大營建事業股份有限公司,隆大,85898033,建材營造,高雄市前鎮區民權二路380號18樓之1,陳武聰,洪茂源,07-3367041,1982/04/30,2014/02/10,2301570390,www.longda.com.tw,0,0
上市,5521,工信工程股份有限公司,工信,03028404,建材營造,臺北市大安區市民大道四段102號8樓,潘瑩娟,丁承之,(02)27514188,1947/02/01,2012/12/18,4922801550,http://www.kseco.com.tw,0,0
上市,5522,遠雄建設事業股份有限公司,遠雄,04673318,建材營造,台北市信義區基隆路一段200號16樓,趙文嘉,王耀堂,2723-9999,1978/08/09,2007/08/06,7815962410,http://www.farglory-land.com.tw/,0,0
上市,5525,順天建設股份有限公司,順天,22764965,建材營造,臺中市西屯區文心路二段201號3樓,柯興樹,林丙申,04-22595777,1987/11/28,2004/11/26,3181053780,www.sweeten.com.tw,0,0
上市,5531,鄉林建設事業股份有限公司,鄉林,23641822,建材營造,台中市西區台灣大道二段408號,賴正鎰,方偉民,04-23227777,1990/05/29,2005/01/31,10775892450,http://www.shininggroup.com,0,0
上市,5533,皇鼎建設開發股份有限公司,皇鼎,23988653,建材營造,臺北市大安區敦化南路1段294號3樓,劉信雄,曹羅方,27025887,1991/04/20,2008/04/30,2852449440,www.founding.com.tw,0,0
上市,5534,長虹建設股份有限公司,長虹,04633597,建材營造,臺北市中正區北平東路30號11樓,李文造,李耀中,02-2396-3280,1975/12/04,2004/05/24,3153259600,http://www.chonghong.com.tw,0,0
上市,5538,開曼東明控股股份有限公司,東明-KY,02769941,鋼鐵工業,高雄市岡山區中山北路140號15樓(訴訟及非訟代理人聯絡處),蔡清東,蔡弘泉,07-6235538,2009/11/30,2013/12/16,2012033330,www.tonggroup.com.tw,0,0
上市,5546,永固集團股份有限公司,永固-KY,77211448,建材營造,台北市松山區復興北路99號15樓,簡國釧,林皇智,(02)27157546,2016/05/27,2020/05/20,823534020,http://www.yg1999.com/tw/,0,0
上市,5607,遠雄自貿港投資控股股份有限公司,遠雄港,86121030,航運業,台北市信義區基隆路1段200號23樓之1,葉鈞耀,賴嘉玲,03-3992888,1991/06/24,2004/12/02,3705529130,http://www.ftz.com.tw,0,0
上市,5608,四維航業股份有限公司,四維航,12551801,航運業,臺北市松山區復興北路167號16樓,藍心琪,藍心琪,02-87121888,1985/03/11,2003/08/25,3892761380,www.swnav.com.tw,0,0
上市,5706,鳳凰國際旅行社股份有限公司,鳳凰,11322915,觀光餐旅,臺北市中山區長安東路1段25號4樓,張巍耀,卞傑民,25370000,1957/04/30,2011/10/21,837679200,travel.com.tw,0,0
上市,5871,中租控股股份有限公司,中租-KY,26389569,其他,台北市內湖區瑞光路362號(訴訟及非訟代理人聯絡處),陳鳳龍,陳鳳龍,02-87526388,2009/12/24,2011/12/13,18956495840,http://www.chaileaseholding.com/,0,0
上市,5876,上海商業儲蓄銀行股份有限公司,上海商銀,03036306,金融保險,台北市中山區民權東路一段2號,李慶言,郭進一,02-25817111,1954/09/09,2018/10/19,49102191710,www.scsb.com.tw,0,0
上市,5880,合作金庫金融控股股份有限公司,合庫金,53021433,金融保險,"臺北市松山區長安東路二段225號17樓,19樓",林衍茂,蘇佐政,(02)2173-8888,2011/12/01,2011/12/01,160729603370,www.tcfhc.com.tw,0,0
上市,5906,台南生活(開曼)股份有限公司,台南-KY,36855058,貿易百貨,台南市東區東門路二段297號1樓,楊青&#23791;,陳慧姝,(06)2006277,1999/02/08,2011/10/24,375284830,www.tainancayman.com,0,0
上市,5907,Grand Ocean RetailGroupLimited,大洋-KY,53013068,貿易百貨,台北市大安區復興南路二段237號14樓(訴訟及非訴訟代理人聯絡處),LEE ENG LEONG,黃清海,(02)2707-8833,2006/08/23,2012/06/06,1955310000,http://www.grandocean.com.tw/,0,0
上市,6005,群益金鼎證券股份有限公司,群益證,22956035,金融保險,臺北市松山區民生東路3段156號14樓之3,周秀真,楊杰斌,8789-8888,1988/06/21,2005/11/21,24552970580,WWW.CAPITAL.COM.TW,0,0
上市,6024,群益期貨股份有限公司,群益期,97176335,金融保險,台北市大安區敦化南路2段97號地下1樓,賈中道,毛振華,2700-2888,1997/02/26,2017/10/16,2666834030,https://www.capitalfutures.com.tw/zh-tw,0,0
上市,6108,競國實業股份有限公司,競國,36084833,電子零組件,新北市樹林區俊英街84巷6號,曹月霞,賴進財,(02)2683-2626,1981/12/08,2008/12/30,1081460180,www.apcb.com.tw,0,0
上市,6112,邁達特數位股份有限公司,邁達特,16428796,資訊服務,臺北市內湖區內湖路一段516號10樓,曾文興,施建成,(02)87978260,1998/04/16,2003/08/04,1883573360,https://www.metaage.com.tw/,0,0
上市,6115,鎰勝工業股份有限公司,鎰勝,22304288,電子零組件,桃園市龜山區大華里頂湖路50號,黃子成,方義雄,03-3282391,1986/11/25,2004/07/19,1876621540,www.isheng.com.tw,0,0
上市,6116,瀚宇彩晶股份有限公司,彩晶,16450500,光電,台北市內湖區行善路168巷15號4樓,焦佑麒,焦佑麒(暫代),02-55550077,1998/06/18,2004/09/06,28586548510,www.hannstar.com,0,0
上市,6117,迎廣科技股份有限公司,迎廣,09497109,電腦及週邊設備,桃園市龜山區南上路350巷57號,賴文賢,黃國輝,(03)3229898,1985/12/11,2003/08/25,925867490,https://www.in-win.com/,0,0
上市,6120,達運精密工業股份有限公司,達運,23504361,光電,新竹縣湖口鄉光復北路20-1號,蔡國新,黃勝凱,03-5668000,1989/10/13,2006/09/13,5989996020,www.darwinprecisions.com,0,0
上市,6128,上福全球科技股份有限公司,上福,56625344,電腦及週邊設備,台中市梧棲區自強路50號,王國印,王瑞麒,04-26393103,1978/07/12,2003/06/16,1275887400,www.gpi.com.tw,0,0
上市,6133,金橋科技股份有限公司,金橋,04865462,電子零組件,新北市深坑區北深路三段270巷6號3樓,林麥升,蔣德山,(02)2662-7300,1976/11/26,2003/08/15,1170062940,www.gbe.com.tw,0,0
上市,6136,富爾特科技股份有限公司,富爾特,86616791,通信網路,新北市新店區寶強路6-3號5樓,吳長青,鄭正川,(02)8912-4300,1992/04/13,2003/08/25,1155364120,www.fullerton.com.tw,0,0
上市,6139,亞翔工程股份有限公司,亞翔,12204275,其他電子,新北市汐止區大同路一段175號14樓,姚祖驤,蔣曉麟,26919099,1978/12/07,2003/08/25,2355757240,www.lkeng.com.tw,0,0
上市,6141,柏承科技股份有限公司,柏承,23750095,電子零組件,台北市大安區基隆路二段112號12樓,李齊良,洪宗義,(03)354-3961,1990/05/20,2003/10/22,1133540050,https://www.plotech.com,0,0
上市,6142,友勁科技股份有限公司,友勁,22099744,通信網路,台北市內湖區新湖三路275號2F,吳宗哲,鄭吉智,02-773-63000,1991/03/11,2003/08/04,3042066950,www.cameo.com.tw,0,0
上市,6152,百一電子股份有限公司,百一,89549585,通信網路,桃園市中壢區自強一路3號,許錦輝,許錦輝(董事長兼任),03-4615000,1995/06/12,2009/12/08,1677384630,www.pesi.com.tw,0,0
上市,6153,嘉聯益科技股份有限公司,嘉聯益,86980046,電子零組件,新北市樹林區博愛街248號,賴偉珍,張家豪,02-86868868,1992/11/03,2008/01/21,6361776940,www.careergroups.com,0,0
上市,6155,鈞寶電子工業股份有限公司,鈞寶,22306130,電子零組件,桃園市平鎮區南豐路269號,楊正利,蔡裕江,03-4698855,1986/11/29,2006/08/18,880239880,www.kingcore.com.tw,0,0
上市,6164,華興電子工業股份有限公司,華興,34168978,光電,新北市新店區中正路542-5號5樓,劉守雄,劉守雄,(02)22186891,1977/09/06,2008/10/21,800000000,www.ledtech.com,0,0
上市,6165,浪凡網路科技股份有限公司,浪凡,04386575,數位雲端,臺北市士林區中山北路五段506號4樓,王亦衡,王亦衡,(02)2731-0868,1973/04/18,2003/08/04,777526230,www.langinc.com.tw,0,0
上市,6166,凌華科技股份有限公司,凌華,89593343,電腦及週邊設備,桃園市龜山區華亞一路66號,劉鈞,黃怡暾,(03)216-5088,1995/08/07,2004/11/08,2177792570,www.adlinktech.com,0,0
上市,6168,宏齊科技股份有限公司,宏齊,89358419,光電,新竹市中華路五段522巷18號,汪秉龍,汪秉龍,03-5399889,1995/03/21,2003/08/25,2057618010,www.harvatek.com,0,0
上市,6176,瑞儀光電股份有限公司,瑞儀,22101208,光電,高雄市前鎮區中六路一號,王昱超,王昱超,07-8216151,1995/07/24,2007/05/15,3487704470,www.radiant.com.tw,0,0
上市,6177,達麗建設事業股份有限公司,達麗,04477420,建材營造,台北市中山區建國北路一段96號10樓,謝志長,李堯芳,02-25061966,1977/10/04,2013/08/01,4718914260,http://www.da-li.com.tw,0,0
上市,6183,關貿網路股份有限公司,關貿,97162640,資訊服務,台北市南港區三重路19-13號6樓,張陸生,高國峰,02-26551188,1996/08/06,2011/12/01,1500000000,http://www.trade-van.com/,0,0
上市,6184,大豐有線電視股份有限公司,大豐電,96974228,其他,新北市土城區中華路二段207號5樓,張銘志,陳宣任,(02)8253-8888,1996/03/11,2005/02/15,1582306570,http://www.dafeng.tv,0,0
上市,6189,豐藝電子股份有限公司,豐藝,22151585,電子通路,臺北市內湖區環山路一段32號4樓,陳澄芳,杜懷琪,02-26590303,1986/05/26,2004/05/24,2638260170,https://www.promate.com.tw/,0,0
上市,6191,精成科技股份有限公司,精成科,81069921,電子零組件,新北市新店區民權路48-3號4樓,焦佑衡,陶正國/楊建輝,(02)2910-8800,1973/02/23,2007/10/19,4993030000,www.gbm.com.tw,0,1
上市,6192,巨路國際股份有限公司,巨路,14033663,其他電子,台北市南港區園區街3之1號12樓,林建國,周行,(02)27883656,1975/08/16,2004/09/27,961557700,http://www.elumax.com,0,0
上市,6196,帆宣系統科技股份有限公司,帆宣,23145632,其他電子,台北市南港區園區街3-2號6樓,高新明,林育業,(02)2655-8899,1988/12/27,2004/05/24,2203295290,https://www.micb2b.com,0,0
上市,6197,佳必琪國際股份有限公司,佳必琪,86701804,電子零組件,新北市中和區建一路176號9樓,張舒眉,張偉三,02-82271658,1992/05/07,2004/11/08,1234391280,www.jpcco.com,0,0
上市,6201,亞弘電科技股份有限公司,亞弘電,73710056,其他電子,台南市安定區中沙里沙崙35號,黃晉益,許瑞&#23791;,06-5932201,1981/11/25,2004/09/27,892000000,WWW.YAHORNG.COM,0,0
上市,6202,盛群半導體股份有限公司,盛群,16130330,半導體,新竹科學園區新竹市研新二路3號,吳啟勇,蔡榮宗,(03)5631999,1998/10/01,2004/09/27,2303882000,www.holtek.com.tw,0,0
上市,6205,詮欣股份有限公司,詮欣,22115625,電子零組件,新北市汐止區大同路三段188號7樓,吳連溪,吳連溪,02-86471251,1986/04/24,2008/01/21,822359070,http://www.coxoc.com.tw,0,0
上市,6206,飛捷科技股份有限公司,飛捷,21230513,電腦及週邊設備,台北市內湖區行愛路168號,林大成,徐嘉宏,87914988,1984/08/13,2004/08/03,1430623240,http://www.flytech.com,0,0
上市,6209,今國光學工業股份有限公司,今國光,56654500,光電,台中市梧棲區向上路九段562巷91號,陳慶棋,陳義方,04-26595985,1980/06/19,2004/11/08,1804627020,www.kinko-optical.com,0,0
上市,6213,聯茂電子股份有限公司,聯茂,97179403,電子零組件,新竹縣新埔鎮內立里大魯閣路17號,陳進財,蔡馨(日彗),03-5887888,1997/04/10,2008/01/21,3635972180,www.iteqcorp.com,0,0
上市,6214,精誠資訊股份有限公司,精誠,97311466,資訊服務,台北市內湖區瑞光路318號,林隆奮,林隆奮,(02)77201888,1997/01/07,2010/12/30,2722430660,www.systex.com,0,0
上市,6215,和椿科技股份有限公司,和椿,12304443,其他電子,台北市內湖區洲子街60號1樓,張以昇,朱鋑隆,8752-3311,1980/11/18,2007/12/31,827896930,http://www.aurotek.com,0,0
上市,6216,居易科技股份有限公司,居易,16242320,通信網路,新竹縣湖口鄉新竹工業區復興路26號,馬鴻方,鄭明德,03-5972727,1997/10/14,2004/09/27,972961370,www.draytek.com,0,0
上市,6224,聚鼎科技股份有限公司,聚鼎,16433242,電子零組件,新竹科學園區新竹市工業東四路24-1號,朱復華,朱復華,03-5643931,1997/12/18,2009/09/17,856453610,www.pttc.com.tw,0,0
上市,6225,天瀚科技股份有限公司,天瀚,16253228,光電,新竹科學園區新竹市東區科研路8號9樓之5,鄭又晉,葉綾蓮,02-27771215,1997/10/27,2004/09/27,278000000,www.aiptek.com.tw,0,0
上市,6226,光鼎電子股份有限公司,光鼎,22601800,光電,新北市中和區建康路8號11樓,馬景鵬,馬景鵬,02-22253733,1987/09/23,2008/11/10,1155347890,https://www.para.com.tw,0,0
上市,6230,尼得科超眾科技股份有限公司,尼得科超眾,34005476,電腦及週邊設備,新北市三重區中興北街184-3號,澄川洋平,無,02-29952666,1973/12/14,2010/09/16,863433960,www.ccic.com.tw,0,0
上市,6235,華孚科技股份有限公司,華孚,35383165,電腦及週邊設備,台北市南港區南港路一段209號6樓,蔡豐賜,甘錦添,02-2652-2088,1954/01/23,2004/08/23,1999063060,www.waffer.com.tw,0,0
上市,6239,力成科技股份有限公司,力成,16082267,半導體,新竹縣湖口鄉新竹工業區大同路10號,蔡篤恭,執行長：謝永達,03-5980300,1997/05/15,2004/11/08,7591466340,https://www.pti.com.tw/,0,0
上市,6243,迅杰科技股份有限公司,迅杰,16505809,半導體,新竹科學園區新竹市力行路21號4樓,羅時豪,許舒茵,03-6662888,1998/05/20,2009/12/17,452688410,www.ene.com.tw,0,0
上市,6257,矽格股份有限公司,矽格,23218022,半導體,新竹縣竹東鎮北興路1段436號,黃興陽,葉燦鍊,03-5959213,1988/12/15,2003/08/25,4839123250,www.sigurd.com.tw,0,0
上市,6269,台郡科技股份有限公司,台郡,16347324,電子零組件,高雄市大寮區和發產業園區上發五路1號,鄭明智,David Cheng,(07)787-1008,1997/12/19,2003/09/23,3238314810,https://www.flexium.com.tw,0,0
上市,6271,同欣電子工業股份有限公司,同欣電,04226986,半導體,桃園市八德區和平路1125巷88號,陳泰銘,呂紹萍,03-3625000,1974/08/11,2007/11/16,2090580240,www.theil.com,2,13
上市,6272,驊陞科技股份有限公司,驊陞,23610975,電子零組件,新北市汐止區大同路1段237號15樓之1,陳宏欽,陳正煌,02-26471896,1990/01/13,2025/12/22,817639480,www.wieson.com,0,0
上市,6277,宏正自動科技股份有限公司,宏正,12403422,電腦及週邊設備,新北市汐止區大同路二段125號3樓,陳尚仲,陳尚仲,02-86926789,1979/07/06,2003/10/30,1194711660,http://www.aten.com/tw/zh/,0,0
上市,6278,台灣表面黏著科技股份有限公司,台表科,23722471,光電,桃園市桃園區大樹里桃鶯路437號,伍開雲,伍允中,03-2189988,1990/03/24,2010/08/24,2923983530,www.tsmt.com.tw,0,0
上市,6281,全國電子股份有限公司,全國電,22006252,電子通路,新北市五股區五工六路55號,林政&#21234;,林政&#21234;,(02)22989922,1986/01/11,2005/12/08,991729450,www.elifemall.com.tw,0,0
上市,6282,康舒科技股份有限公司,康舒,12341051,電子零組件,臺北市北投區中央南路2段18號,許介立,許介立,(02)2621-7672,1981/07/29,2003/09/08,8561007050,http://www.acbel.com,0,12
上市,6283,淳安電子股份有限公司,淳安,89827686,其他電子,台北市內湖區新湖二路146巷19號2樓,秦榮華,秦榮華,02-27965628,1996/01/12,2008/01/21,1475813430,www.soe-ele.com,0,0
上市,6285,啟碁科技股份有限公司,啟碁,97331723,通信網路,新竹科學園區新竹縣寶山鄉園區二路20號,謝宏波,高健榮,03-6667799,1996/12/07,2003/09/22,4834413590,www.wnc.com.tw,0,0
上市,6405,悅城科技股份有限公司,悅城,27340208,光電,桃園市中壢區北園路18號,陳春夏,吳德宏,(03)4335831,2004/07/13,2013/11/28,658000000,www.onano-nm.com,0,0
上市,6409,旭隼科技股份有限公司,旭隼,28865032,其他電子,臺北市內湖區新湖一路406號,謝卓明,謝卓明,02-27918296,2008/05/01,2014/03/31,882535660,https://voltronicpower.com/zh-TW,0,0
上市,6412,群光電能科技股份有限公司,群電,24284436,電子零組件,新北市三重區光復路二段 69 號30樓,呂進宗,曾國華,02-66260678,2008/12/24,2013/11/08,4007691260,https://www.chiconypower.com/,0,1
上市,6414,樺漢科技股份有限公司,樺漢,70380046,電腦及週邊設備,新北市中和區建康路10號3至6樓,朱復銓,蔡能吉,02-5590-8050,1999/07/12,2014/03/28,1513150370,https://www.ennoconn.com/tw/,0,0
上市,6415,矽力杰股份有限公司,矽力*-KY,02906023,半導體,新北市中和區板南路653號10樓,陳偉,游步東及謝兵,02-22215266,2008/02/07,2013/12/12,973632132,https://www.silergy.com/zh,0,0
上市,6416,瑞祺電通股份有限公司,瑞祺電通,28488592,通信網路,新北市新莊區建國一路308號12樓,朱復銓,洪德富,02-77275788,2007/04/19,2018/04/16,733484600,www.cas-well.com,0,0
上市,6426,統新光訊股份有限公司,統新,13111161,通信網路,台南市新市區南科三路7號4樓,李英坤,魏敬易,(06)5053700,2003/08/01,2021/03/24,385090000,http://www.nextapogee.com.tw,0,0
上市,6431,光麗生技控股股份有限公司,光麗-KY,41181265,生技醫療,臺北市中山區南京東路3段1號5樓,"TEC INNOVATION CO.,LTD. 代表人：王嘉瑋",王嘉瑋,02-25178779,2012/07/04,2014/12/04,973988350,http://www.kl-holdings.com/,0,0
上市,6438,迅得機械股份有限公司,迅得,70753397,其他電子,桃園市中壢區新生路3段255巷99號,王年清,.,03-4356870,1999/10/28,2021/01/19,822063250,www.saa-symtek.com,0,0
上市,6442,光紅建聖股份有限公司,光聖,97119975,通信網路,新北市淡水區中正東路二段27-8號13樓,"CHEN, STEVE",張英華,(02)2808-6333,1996/09/04,2015/07/14,818175520,www.ezconn.com,0,0
上市,6443,元晶太陽能科技股份有限公司,元晶,28997300,光電,新北市新店區北新路3段225號8樓,偉任投資股份有限公司,余承曄,(02)2912-2199,2010/06/24,2015/10/01,5386914660,www.tsecpv.com,0,0
上市,6446,藥華醫藥股份有限公司,藥華藥,70557655,生技醫療,台北市南港區園區街3號13樓,詹青柳,黃正谷,02-26557688,2000/05/09,2024/01/25,4224346360,http://www.PharmaEssentia.com,0,0
上市,6449,鈺邦科技股份有限公司,鈺邦,28064644,電子零組件,苗栗縣竹南鎮科東三路2、6號4樓,鄭敦仁,林瀚淵,037-777588,2005/12/23,2014/12/09,918780140,http://www.apaq.com.tw/,0,0
上市,6451,訊芯科技控股股份有限公司,訊芯-KY,38649225,半導體,台北市信義區光復南路495號11樓之5,蔣尚義,徐文一,02-22688368,2008/01/08,2015/01/26,1177371930,http://www.shunsintech.com/,0,0
上市,6456,GIS Holding Limited,GIS-KY,41420316,光電,苗栗縣竹南鎮科中路12號8樓(訴訟及非訟代理人聯絡處),周賢穎,徐同炤,037-777939,2011/01/04,2015/06/12,3379398000,https://www.gis-touch.com,0,0
上市,6464,台灣數位光訊科技股份有限公司,台數科,28371951,其他,台中市西屯區文心路二段201號6樓之6,廖紫岑,羅文龍,04-37050000,2006/08/02,2015/12/16,1339327930,www.topmso.com.tw,0,0
上市,6472,保瑞藥業股份有限公司,保瑞,28684877,生技醫療,台北市內湖區瑞光路26巷36弄2號6樓,盛保熙,盛保熙,(02)27901555,2007/06/12,2023/12/19,1280191220,https://bora-corp.com/,0,0
上市,6477,安集科技股份有限公司,安集,28580346,光電,台南市安南區科技五路19號,黃國棟,黃國棟,06-5105988,2007/02/13,2016/06/21,1237871960,http://www.anjitek.com,0,0
上市,6491,晶碩光學股份有限公司,晶碩,25021158,生技醫療,桃園市龜山區興業街5號2樓之1,郭明棟,楊德勝,03-3298808,2009/08/26,2019/10/07,780000000,http://www.pegavision.com,0,0
上市,6504,南六企業股份有限公司,南六,75989858,其他,高雄市燕巢區角宿里四林路699號,黃清山,黃世鐘,07-6116616,1978/12/01,2013/05/07,726000000,https://www.nanliugroup.com/,0,0
上市,6505,台塑石化股份有限公司,台塑化,86522210,油電燃氣,台北市內湖區南京東路六段380號(A2棟)4樓,曹明,林克彥,(02)2712-2211,1992/04/06,2003/12/26,95259596520,WWW.FPCC.COM.TW,0,0
上市,6515,穎崴科技股份有限公司,穎崴,13145774,半導體,高雄市楠梓區創意南路68號,王嘉煌,王嘉煌,07-3610999,2001/04/10,2021/01/20,364447820,https://www.winwayglobal.com/,0,0
上市,6525,捷敏股份有限公司,捷敏-KY,49791260,半導體,新北市中和區橋安街35號10樓,鄭祝良,湯彥鏘,02-2248-0680,1998/04/17,2016/04/12,1290473840,www.gemservices.com,0,1
上市,6526,達發科技股份有限公司,達發,12883169,半導體,新竹縣竹北市台元二街12號14樓之1,謝清江,謝清江,(03)6128800,2001/08/14,2023/10/19,1675055540,http://www.airoha.com,0,0
上市,6531,愛普科技股份有限公司,愛普*,53503847,半導體,新竹縣竹北市台元一街一號10樓之一,陳文良,洪志勳,03-560-1558,2011/08/04,2016/05/31,815745410,www.apmemory.com,0,0
上市,6533,晶心科技股份有限公司,晶心科,27638046,半導體,新竹科學園區新竹市力行一路1號3樓A1-4,林志明,蘇泓萌,03-5726533,2005/03/14,2017/03/14,506509110,http://www.andestech.com,8,132
上市,6534,正瀚生技股份有限公司,正瀚-創,54313303,生技醫療,南投縣南投市內興里文獻路89號,吳正邦,楊俊逸,049-7009198,2013/11/29,2023/12/21,1028000000,www.chbio.com.tw,0,0
上市,6541,泰福生技股份有限公司,泰福-KY,24797816,生技醫療,新竹縣竹北市生醫路二段12-2號6樓,盛保熙,Stephen Lam,03-6583899,2013/05/08,2017/10/26,2652163670,www.tanvex.com,0,0
上市,6550,北極星藥業集團股份有限公司,北極星藥業-KY,24792045,生技醫療,臺北市內湖區瑞光路298號7樓,陳賢哲,陳賢哲(暫代),02-2656-2727,2006/02/09,2022/06/06,8947926880,www.polarispharma.com,0,0
上市,6552,易華電子股份有限公司,易華電,76025826,半導體,高雄市楠梓區新開發路8號,&#28201;文郁,黃梅雪,07-9620668,1973/10/06,2017/01/10,830000000,http://www.jmct.com.tw,0,0
上市,6558,興能高科技股份有限公司,興能高,97430131,其他電子,新竹科學園區新竹市展業一路9號6樓之1、之3,陳國鍾,謝祥豪,(03)5643700,1997/03/10,2018/12/05,937888750,www.synst.com.tw,0,0
上市,6573,虹揚發展科技股份有限公司,虹揚-KY,53016234,半導體,新北市新店區北新路三段207-5號4樓,高桂珍,方欣怡,8913-1399,2009/12/11,2017/09/26,804993450,https://www.hygroup.com.tw,0,0
上市,6579,研揚科技股份有限公司,研揚,53113073,電腦及週邊設備,新北市新店區寶橋路235巷135號5樓,莊永順,林建宏,(02)8919-1234,2010/12/01,2017/08/21,1694512210,http://www.aaeon.com,3,7
上市,6581,台灣鋼聯股份有限公司,鋼聯,89528054,綠能環保,彰化縣伸港鄉彰濱工業區線工北一路36號,林才翔,謝宗霖,(04)7586136,1995/05/24,2018/01/30,1112708870,https://www.tsutw.com.tw/,0,0
上市,6582,申豐特用應材股份有限公司,申豐,85841102,橡膠工業,屏東縣枋寮鄉太源村中山路三段55號,黃鯤雄,曾建稄,072693345,1979/07/17,2017/06/14,1061741410,http://www.shinfoong.com.tw,0,0
上市,6585,鼎基先進材料股份有限公司,鼎基,81486019,其他,高雄市小港區北林路8-1號,林勳臺,林庚賢,07-8070166,1981/03/06,2022/05/20,721335870,http://www.dingzing.com,0,0
上市,6589,台康生技股份有限公司,台康生技,54150737,生技醫療,新北市汐止區康寧街169巷101號,劉理成,劉理成,(02)7708-0123,2012/12/21,2025/07/21,3020681690,http://www.eirgenix.com,0,0
上市,6591,動力科技股份有限公司,動力-KY,42461124,電腦及週邊設備,新北市中和區建一路166號9樓、9樓之一,許文昉,許文昉,02-8226-3300,2013/11/28,2017/12/28,411224650,http://www.sun-max.com.tw,0,0
上市,6592,和潤企業股份有限公司,和潤企業,16844548,其他,台北市內湖區瑞光路605號10樓,陳建州,林彥良,02-2502-4567,1999/05/25,2019/12/09,7418450080,https://www.hfcfinance.com.tw/,0,0
上市,6598,Applied BioCode Corporation,ABC-KY,42545659,生技醫療,台北市內湖區行忠路28巷1號6樓,李家榮,何重人,02-87916833,2016/04/15,2020/06/09,1028190610,www.ApBioCode.com/tw,0,0
上市,6605,帝寶工業股份有限公司,帝寶,59347422,汽車工業,彰化縣鹿港鎮頭南里南勢巷20-3號,謝&#32137;氣,許 (余又) 銘,(04)772-2311,1980/04/25,2004/03/17,1658163970,www.depoautolamp.com,0,0
上市,6606,建德工業股份有限公司,建德工業,35309102,電機機械,雲林縣斗六市斗工九路17號,李金旆,黃盈璇,05-5575356,1966/03/16,2023/03/24,1103037830,www.kentind.com,0,0
上市,6614,資拓宏宇國際股份有限公司,資拓宏宇,28859051,數位雲端,新北市板橋區縣民大道二段7號6樓,吳麗秀,王芝和,(02)8969-1969,2008/04/10,2025/11/25,806605210,https://www.iisigroup.com,0,0
上市,6625,必應創造股份有限公司,必應,54663862,其他,臺北市內湖區新湖一路370號3樓,周佑洋,周佑洋,27940259,2014/01/02,2018/02/07,579724880,http://www.bin-live.com/,0,0
上市,6641,基士德科技股份有限公司,基士德-KY,82703128,綠能環保,"高雄市鼓山區民利街15,17,19號(台灣分公司)",謝宏炅,陳世賢,(07)5528802,2013/10/03,2018/09/21,365000000,https://www.gsd.net.tw/,0,0
上市,6645,金萬林企業股份有限公司,金萬林-創,27348877,生技醫療,新北市汐止區新台五路一段97號30樓,陳惠娥,楊文明,(02)26976888,2004/08/06,2023/12/21,608640500,www.kimforest.com,0,0
上市,6655,科定企業股份有限公司,科定,80214519,其他,新北市新莊區福慧路268號15樓,曹憲章,曹憲章,02-22963999,2002/07/22,2018/11/28,805718170,http://www.twkd.com,0,0
上市,6657,華安醫學股份有限公司,華安,53726093,生技醫療,臺北市內湖區瑞光路583巷21號6樓之3,陳翰民,江銘燦,(02)2627-0835,2012/08/28,2023/06/12,888080000,http://www.energenesis-biomedical.com,0,0
上市,6658,聯策科技股份有限公司,聯策,13079649,其他電子,桃園市中壢區新生路三段255巷168號,林文彬,陳識翔,03-3690966,2002/04/29,2023/11/02,383700000,http://www.synpower.com.tw,0,0
上市,6666,羅麗芬控股股份有限公司,羅麗芬-KY,82230260,生技醫療,新北市中和區圓通路301號生醫科技大樓15樓,嘉黛國際有限公司(代表人:羅麗芬),饒煥文,(02)87713126,2016/09/21,2018/11/19,473880000,www.luolihfen.com/,0,0
上市,6668,中揚光電股份有限公司,中揚光,54258218,光電,台中市南屯區工業區二十二路21號,李榮洲,李榮洲(暫代),04-23595993,2013/06/04,2018/12/12,1071160870,http://www.jmo-corp.com,0,0
上市,6669,緯穎科技服務股份有限公司,緯穎,53687704,電腦及週邊設備,新北市汐止區新台五路一段90號8樓,洪麗&#23511;,林威遠,(02)6615-8888,2012/03/03,2019/03/27,1858407910,https://www.wiwynn.com,0,0
上市,6670,復盛應用科技股份有限公司,復盛應用,53091900,運動休閒,台北市中山區南京東路二段172號3樓,江慶生,江慶生,03-3635370,2010/09/14,2018/12/18,1393869730,https://www.fusheng-precision.com/,0,0
上市,6671,三能集團控股股份有限公司,三能-KY,82517356,居家生活,臺中市大里區工業八路58號,張瑞榮,蕭凱峰,(04)2492-5850,2015/04/29,2018/12/11,607500000,https://www.sannenggroup.com/,0,0
上市,6672,騰輝電子國際集團股份有限公司,騰輝電子-KY,72952251,電子零組件,桃園市平鎮區湧豐里工業五路10號,Alpha Victor Limited代表人：王有慈,鍾健人,8651268091810,2012/10/16,2019/04/17,816202120,www.ventec-group.com,0,0
上市,6674,鋐寶科技股份有限公司,鋐寶科技,24456541,通信網路,新竹縣竹北市台元一街1號13樓之一,彭聖華,王昱賀,(03)5600066,2009/08/19,2018/11/28,682224590,http://www.icbn.com.tw/,0,0
上市,6689,伊雲谷數位科技股份有限公司,伊雲谷,54359763,數位雲端,新北市三重區三和路四段111之32號7樓,蔡佳宏,林儀(執行長),(02)2280-1777,2013/09/13,2022/09/13,680000000,http://www.ecloudvalley.com,0,0
上市,6691,洋基工程股份有限公司,洋基工程,30921756,其他電子,新北市林口區文化二路一段266號18樓之3,劉士源,林鴻忠,02-26001350,1980/07/25,2022/01/03,1335469300,www.yankey.com.tw/,0,0
上市,6695,芯鼎科技股份有限公司,芯鼎,28112890,半導體,新竹科學園區新竹縣寶山鄉創新一路19-1號,羅森洲,許英偉,03-5641600,2009/12/23,2022/11/04,1069476500,http://www.icatchtek.com/,0,0
上市,6698,旭暉應用材料股份有限公司,旭暉應材,28722767,其他電子,台南市安南區工業一路36號,趙勤孝,王宜凡,06-6016388,2007/05/25,2019/11/25,663897530,www.fine-mat.com,0,0
上市,6706,惠特科技股份有限公司,惠特,70697332,光電,臺中市西屯區協和里工業區九路8號,鎧叡投資有限公司 代表人：賴允晉,徐秋田,04-23502319,2000/01/25,2019/12/19,785494330,http://www.fittech.com.tw/,0,0
上市,6715,嘉基科技股份有限公司,嘉基,53431627,電子零組件,新北市中和區建一路166號12樓,朱德祥,羅偉仁,(02)8226-5880,2011/08/22,2019/12/12,682740260,www.lintestech.com,1,5
上市,6719,力智電子股份有限公司,力智,27983551,半導體,新竹縣竹北市台元一街5號9樓,許先越,黃學偉,03-5601666,2005/12/23,2022/01/13,1055169890,www.upi-semi.com,0,0
上市,6722,輝創電子股份有限公司,輝創,20947969,其他電子,新北市中和區中正路959號5樓,江義行,江世豐,(02)8226-7999,1982/12/16,2026/01/16,884000000,www.whetron.com,0,0
上市,6742,澤米科技股份有限公司,澤米,80137437,光電,苗栗縣竹南鎮和興路330號,何昆年(全珩投資股份有限公司代表人),李振瑞,(037)586-396,2003/02/14,2023/12/05,712679480,www.vactronics.com.tw,0,0
上市,6743,安普新股份有限公司,安普新,16540496,其他電子,台北市南港區三重路19-3號3樓,黃常青,黃常青,02-26552798,1998/07/02,2020/12/14,1500000000,http://www.ampacscorp.com/,0,0
上市,6753,龍德造船工業股份有限公司,龍德造船,40607762,航運業,宜蘭縣冬山鄉大興村德興五路15號,黃守真,黃守龍,(03)9901166,1976/05/06,2023/03/10,1172540810,www.lungteh.com,0,0
上市,6754,匯僑室內裝修設計股份有限公司,匯僑設計,24775812,居家生活,台北市松山區南京東路四段75號12樓,王秀卿,楊信力,(02)2545-6011,2014/12/09,2020/08/25,660000000,https://www.richhonour.com,0,0
上市,6756,威鋒電子股份有限公司,威鋒電子,29125676,半導體,新北市新店區中正路529-1號7樓,陳文琦,林志峰,8862-22181838,2008/07/07,2020/12/24,699900000,https://www.via-labs.com,2,15
上市,6757,台灣虎航股份有限公司,台灣虎航,54381049,航運業,台北市松山區敦化北路405巷123弄3號,黃世惠,邱彰信,02-7735-6988,2014/04/21,2023/08/15,4595300000,https://www.tigerairtw.com,0,0
上市,6768,志強國際企業股份有限公司,志強-KY,88173202,運動休閒,台中市西屯區市政北五路266號3樓,陳維家,馬世正,(04)22585388,2017/03/28,2021/04/22,2000950610,http://www.sportsgear.com.tw/,0,0
上市,6770,力晶積成電子製造股份有限公司,力積電,28112667,半導體,新竹科學園區新竹市力行一路18號,謝再居,朱憲國,03-5795000,2008/04/17,2021/12/06,47120808560,www.powerchip.com,0,0
上市,6771,平和環保科技股份有限公司,平和環保-創,28371018,綠能環保,高雄市岡山區本工路6號,吳明陽,黃弘傑,07-6233690,2006/08/01,2024/05/17,311795000,http://www.pinghounion.com.tw,0,0
上市,6776,展碁國際股份有限公司,展碁國際,20773257,電子通路,台北市南港區南港路三段9號10-12樓,林佳璋,林佳璋,(02)23716000,1977/12/22,2021/03/31,915814300,www.weblink.com.tw,0,0
上市,6781,"AES Holding Co., Ltd.",AES-KY,87546197,電子零組件,新竹縣湖口鄉湖口村八德路二段656號5樓,宋福祥,宋維哲,(03)5695916,2020/01/09,2021/03/22,854187800,http://www.advancedenergysolution.com.tw/,0,0
上市,6782,視陽光學股份有限公司,視陽,16693062,生技醫療,桃園市龜山區興業街1號,李重儀,李重儀,03-3596868,1998/11/09,2022/11/28,630000000,www.viscovision.com.tw,0,0
上市,6789,采鈺科技股份有限公司,采鈺,80601119,半導體,新竹科學園區新竹市篤行一路12號,關欣,關欣,03-6668788,2003/12/01,2022/06/30,3182991190,http://www.viseratech.com,0,0
上市,6790,永豐餘消費品實業股份有限公司,永豐實,22327037,造紙工業,臺北市中正區重慶南路2段51號16樓,何奕達,陳亭蓁,02-21921022,1986/10/29,2021/09/29,2671290210,https://www.yfycpg.com/,0,0
上市,6792,詠業科技股份有限公司,詠業,22864367,通信網路,新竹縣關西鎮大同里水坑41號,蘇開建,張鳴助,03-4072728,1988/04/08,2021/12/08,478753250,https://www.unictron.com/,0,0
上市,6794,向榮生醫科技股份有限公司,向榮生技,50753953,生技醫療,臺北市內湖區民權東路6段13之20號5樓,蔡意文,洪懿珮,(02)2792-2699,2018/03/28,2024/05/21,636370000,https://www.unicocell.com,0,0
上市,6796,晉弘科技股份有限公司,晉弘,28113005,生技醫療,新竹科學園區新竹市東區工業東四路24-2號3樓,鄭竹明,鄭竹明,03-5798860,2010/08/05,2022/06/01,402339700,https://www.miis.com.tw,0,0
上市,6799,來頡科技股份有限公司,來頡,53089904,半導體,臺北市內湖區瑞光路358巷38弄36號9樓,愛普科技(股)公司 代表人:林郁昕,吳仁猛,02-2656-0961,2010/09/07,2022/05/12,436521930,www.m3tekic.com,0,0
上市,6805,富世達股份有限公司,富世達,12871564,電子零組件,新北市新莊區五權二路24號8樓之4,黃祖模,徐安賜,02-22996388,2001/06/11,2023/11/09,685538960,www.fositek.com,0,0
上市,6807,峰源集團股份有限公司,峰源-KY,91616069,居家生活,"The Grand Pavilion Commercial Centre, Oleander Way, 802 West",蔡文達,蔡文達,02-2773-8877,2019/07/12,2022/04/25,540000000,www.fy-grp.com,0,0
上市,6830,汎銓科技股份有限公司,汎銓,27853425,其他電子,新竹市埔頂路27號1樓,柳紀綸,柳紀綸,03-666-3298,2005/07/27,2022/08/31,544136150,www.msscorps.com,0,0
上市,6831,邁&#33834;科技股份有限公司,邁科,80294132,電腦及週邊設備,新北市中和區中正路788號11樓,趙元山,林俊宏,(02)8226-8518,2002/11/08,2025/11/25,675000000,www.microloops.com,0,0
上市,6834,天二科技股份有限公司,天二科技,83360971,電子零組件,高雄市前鎮區南四路3號,廖震益,黃弘傑,07-8116611,1970/02/16,2022/09/01,884710820,http://www.everohms.com,0,0
上市,6835,圓裕企業股份有限公司,圓裕,34417836,電子零組件,新北市新店區民權路130巷4號4樓,張志中,杜淑敏,(02)22184523,1980/06/23,2022/11/10,661722970,http://www.cmi.com.tw,0,0
上市,6838,台新藥股份有限公司,台新藥,53273211,生技醫療,臺北市松山區復興北路57號8樓之6,程正禹,許力克,(02)27557659,2010/12/06,2024/08/13,1509771000,www.formosapharma.com,0,1
上市,6854,PlayNitride Inc.,錼創科技-KY創,91663750,半導體,苗栗縣竹南鎮科中路13號8樓,李允立,李允立,(037)586610,2014/02/25,2022/08/18,1176786220,https://www.playnitride.com/,0,0
上市,6861,睿生光電股份有限公司,睿生光電,69764396,生技醫療,臺南市新市區環西路一段3號E室,潘泰吉,李志聖,(06)700-7238,2019/04/02,2023/03/27,415992500,http://www.innocare-x.com,0,0
上市,6862,三集瑞科技國際集團股份有限公司,三集瑞-KY,91363753,電子零組件,新北市中和區連城路268號14樓之9,林伙利,林伙利,0282279268,2021/07/13,2024/10/23,500000000,www.trio.com.tw,0,0
上市,6863,Arizon RFID Technology,永道-KY,91908050,通信網路,"P.O. Box 32052, Grand Cayman KY1-1208, Cayman Islands.",何奕達,林秉毅,02-23224824,2021/10/21,2023/03/21,748880000,https://www.arizonrfid.com/zh_TW,0,0
上市,6869,雲豹能源科技股份有限公司,雲豹能源,42852207,綠能環保,台北市內湖區基湖路1號4樓之1,廖福生,趙書閔,(02)2657-0355,2016/02/15,2023/03/14,1378300410,http://www.jv-holding.com/,0,0
上市,6873,泓德能源科技股份有限公司,泓德能源,45877096,綠能環保,臺北市士林區德行西路35號5樓,謝源一,周仕昌,(02)28328057,2016/05/16,2024/09/26,1426490990,https://www.hdrenewables.com/,0,0
上市,6885,全福生物科技股份有限公司,全福生技,54346233,生技醫療,台北市內湖區瑞光路358巷30弄1號8樓,林&#32675;,徐文祺,02-26598586,2013/07/31,2024/12/16,1330610000,https://www.brimbiotech.com/,0,0
上市,6887,寶綠特資源再生工程股份有限公司,寶綠特-KY,00339082,綠能環保,台南市柳營區工六路2號,歐晢文,林俊華,(06)6233306,2013/04/08,2025/03/10,742055120,https://bo-re-tech.group/,0,0
上市,6890,來億興業股份有限公司,來億-KY,80047713,運動休閒,臺中市大雅區雅潭路四段370巷13號,鐘德禮,林昌永,(04)25688746,2021/06/16,2024/06/12,2502966500,http://laiyih.com/,0,0
上市,6901,鑽石生技投資股份有限公司,鑽石投資,53663724,其他,台北市中正區忠孝西路一段66號35樓,楊泮池,路孔明,02-27031338,2013/01/09,2023/09/19,8533600000,http://www.diamondbiofund.com,0,0
上市,6902,走著瞧股份有限公司,GOGOLOOK,53755364,數位雲端,臺北市大安區敦化南路2段319號6樓,鄭勝丰,郭建甫,02-2365-8099,2012/04/12,2023/07/13,355299480,www.gogolook.com,0,0
上市,6906,現觀科技股份有限公司,現觀科,85017777,數位雲端,台北市中山區中山北路二段42號2樓,邱大剛,邱大剛,(02)8369-1018,2019/09/12,2024/01/15,335374000,www.ghtinc.com,0,0
上市,6908,宏碁遊戲股份有限公司,宏碁遊戲-創,83178333,電子通路,新北市汐止區新台五路一段84號15樓,陳俊聖,徐挺洋,(02)26960068,2020/07/31,2026/03/25,371800000,https:// www.acergaming.com,6,11
上市,6909,創控科技股份有限公司,創控,24496001,半導體,新北市中和區中正路866-8號17樓,王禮鵬,王禮鵬,02-2223-0707,2010/01/15,2025/05/21,674879000,https://www.tricorntech.com/,0,0
上市,6914,阜爾運通股份有限公司,阜爾運通,12681939,其他,新北市土城區三民路2號7樓之8,楊文杰,潘壕新,02-2248-8958,2001/01/19,2024/05/03,794712000,www.pss-group.com,0,0
上市,6916,華凌光電股份有限公司,華凌,16527682,光電,台中市大雅區秀山里科雅路43號2樓,廖育斌,廖育斌,04-25689987,1998/06/16,2023/12/05,675000000,https://www.winstar.com.tw,0,0
上市,6918,愛派司生技股份有限公司,愛派司,24461404,生技醫療,新北市中和區橋和路21號3樓,李泗銘,羅翔煒,02-2249-9222,2009/09/04,2025/06/10,345710000,https://www.aplusbio.com/,0,0
上市,6919,康霈生技股份有限公司,康霈*,53942917,生技醫療,新北市汐止區新台五路一段99號32樓之9,徐坴暉,凌玉芳,02-2697-1355,2012/10/22,2024/10/02,778600430,www.caliwaybiopharma.com,0,0
上市,6921,嘉雨思科技股份有限公司,嘉雨思-創,83494520,半導體,新北市中和區連城路268號5樓之2,朱德祥,高妙斌,(02)8227-8678,2020/01/02,2025/12/23,322619410,https://www.leraintech.com,1,5
上市,6923,中台資源科技股份有限公司,中台,12862116,綠能環保,桃園市觀音區大潭里環科路328號,鄭光傑,張&#21843;達,02-23975801,2001/05/09,2024/09/25,904390000,https://www.chinalab.com.tw/index.html,0,0
上市,6924,榮惠集團(開曼)股份有限公司,榮惠-KY創,00532122,電子零組件,台北市內湖區瑞光路102號3樓,劉世璘,許銘哲,02-27918859,2015/10/12,2024/12/03,206240000,https://www.ei-kei.com,0,0
上市,6928,攸泰科技股份有限公司,攸泰科技,53347451,電腦及週邊設備,台北市內湖區陽光街 300 號 4 樓,簡民智,謝彥鵬,(02)8751-6008,2011/06/10,2024/05/16,860000000,https://www.ubiqconn.com,0,2
上市,6931,青松健康股份有限公司,青松健康,28659672,生技醫療,台中市大里區中投西路三段217號,陳謀,周孟賢,04-2406-0333,2007/05/07,2025/01/15,661521600,https://www.qingsong.com.tw/,0,0
上市,6933,艾瑪斯科技控股股份有限公司,AMAX-KY,92778956,電腦及週邊設備,"Suite102,Cannon Place,North Sound Rd.,George Town,Cayman",倪小菁,倪小菁,(02)77519856,2022/01/04,2023/11/08,424863500,https://www.amax.tw/,0,0
上市,6934,心誠鎂行動醫電股份有限公司,心誠鎂,24754176,生技醫療,台北市大安區敦化南路二段319號10樓,鄭傑升,鄭傑升,02-27326596,2014/10/06,2026/02/02,361303040,www.hcmed-inno.com,0,0
上市,6936,永鴻國際生技股份有限公司,永鴻生技,53703063,生技醫療,新竹縣新豐鄉中崙村中崙290-3號,鍾威凱,鍾威凱,03-6216688,2012/05/09,2025/04/28,728040000,https://www.vetnostrum.com/,0,0
上市,6937,天虹科技股份有限公司,天虹,80211920,半導體,新竹縣竹北市嘉政一街1號6樓,黃見駱,黃見駱,03-6673055,2002/07/17,2023/12/12,676552630,http://www.skytech.com.tw,0,0
上市,6944,兆聯實業股份有限公司,兆聯實業,27585625,綠能環保,桃園市桃園區桃鶯路439-3號,林國清,周志銘,03-3620101,2004/12/29,2025/05/28,996942860,http://www.megaunion-tw.com/,0,0
上市,6947,台鎔科技材料股份有限公司,台鎔科技,53831525,綠能環保,桃園市觀音區環科路216號,陳麗麗,張德鈞、林學堅、陳國進,03-4736611,2012/04/12,2026/07/23,1061263340,www.tech-zone.com.tw,0,0
上市,6949,沛爾生技醫藥股份有限公司,沛爾生醫*-創,59229683,生技醫療,臺北市內湖區新湖二路87號4樓,林成龍,林成龍,(02)8791-1789,2017/03/30,2024/03/08,655800500,https://www.pellbmt.com,0,0
上市,6951,青新環境工程股份有限公司,青新-創,16952840,綠能環保,雲林縣莿桐鄉延平路58-1號,張芳正,張財榮,05-5529255,1999/07/02,2024/06/18,520000000,https://www.chin-hsin.com.tw/,0,0
上市,6952,大武山牧場科技股份有限公司,大武山,28554142,其他,屏東縣新埤鄉萬隆村平山路68-30號,林鳳春,魏尚將,08-7871888,2007/01/04,2024/06/13,683450000,https://www.dawushan.com.tw/,0,0
上市,6955,邦睿生技股份有限公司,邦睿生技-創,42686138,生技醫療,台中市大里區工業九路118號4樓,徐振騰,徐振騰,(04)2491-2385,2016/01/12,2024/12/06,303809600,https://www.bonraybio.com,0,0
上市,6957,裕慶金屬股份有限公司,裕慶-KY,54965803,其他,南投縣南投市永豐里成功三路 122 號,廖昭宜,廖昭宜,049-2257598,2018/06/15,2024/06/25,555603140,https://www.hzfixtures.com/,0,0
上市,6958,日盛台駿國際租賃股份有限公司,日盛台駿,20896434,其他,台北市中山區松江路68號7樓,朱志威,楊恢禹,02-25219898,1981/08/10,2024/08/20,4614538280,http://www.inftfinance.com,0,0
上市,6962,ITH Corporation,奕力-KY,95168979,半導體,新竹縣竹北市台元二街1號10樓之1,梁公偉,陳泰元,03-5600099,2019/01/10,2024/11/26,4923965650,http://www.ilitekholding.com/,0,0
上市,6965,中傑投資控股股份有限公司,中傑-KY,00533086,運動休閒,台中市大雅區中清路四段628號,劉安哲,劉佑軒,(04)25661116,2018/12/20,2025/03/07,1563360000,http://www.chungjye.com,0,0
上市,6969,成信實業股份有限公司,成信實業*-創,85031237,綠能環保,台南市柳營區環園東路一段23號,陳鵬,謝雅敏,06-6233293,2019/10/30,2024/09/09,709197208,https://www.transcene.com.tw,0,0
上市,6988,威力暘電子股份有限公司,威力暘-創,28950255,汽車工業,新竹縣竹北市台元二街12號11樓之8,劉一郎,劉一郎,03-5601601,2008/03/26,2024/10/23,476000000,https://www.wellysun.com.tw/,0,0
上市,6994,富威電力股份有限公司,富威電力,82921412,綠能環保,新北市土城區中央路四段49號,郝遐鵬,郝遐鵬,(02)2269-9888,2019/06/28,2025/01/15,741620710,https://www.fwp.com.tw,0,0
上市,7610,聯友金屬科技股份有限公司,聯友金屬-創,50802223,綠能環保,屏東縣枋寮鄉太源村中山路三段103號,吳永中,吳永中,08-8661018,2018/05/29,2025/09/09,583054560,www.lianyoucorp.com,0,0
上市,7631,聚賢研發股份有限公司,聚賢研發-創,59075364,其他電子,新竹市東區林森路231號9樓,曾國強,鄭惠芸,03-5336381,2018/01/23,2025/03/13,201420000,https://www.geniideas.com.tw/,0,0
上市,7689,大鵬科技股份有限公司,大鵬科CLMX,21245121,通信網路,台北市內湖區新湖二路258號,張再發,張再發,02-27940001,1984/12/06,2026/07/28,585072500,https://www.climax.com.tw/,0,0
上市,7705,三商餐飲股份有限公司,三商餐飲,97301707,觀光餐旅,台北市中山區建國北路二段145號5樓,陳翔玢,陳翔玢,(02)2503-8111,1996/12/07,2024/11/26,660673040,https://www.mfb.com.tw/,1,8
上市,7711,永擎電子股份有限公司,永擎,54161333,電腦及週邊設備,台北市北投區中央南路二段37號4樓,許隆倫,沙韋旭,(02)5559-9600,2013/01/29,2025/11/19,717004450,https://www.asrockrack.com,0,0
上市,7721,微程式資訊股份有限公司,微程式,89798198,數位雲端,台中市西屯區市政路402號6樓之2,吳騰彥,吳騰彥,04-23692699,1995/12/04,2025/07/29,553700000,https://www.program.com.tw/,0,0
上市,7722,連加網路商業股份有限公司,LINEPAY,24941093,數位雲端,臺北市南港區經貿二路121號18樓,丁雄注,丁雄注,02-35187600,2015/03/03,2024/12/05,714000000,https://pay.line.me/portal/tw/main,0,0
上市,7730,暉盛科技股份有限公司,暉盛-創,79979184,半導體,臺南市安南區科技五路100號,宋俊毅,許嘉元,(06)291-5500,2002/06/11,2025/11/04,367967310,www.nemstek.com.tw,0,0
上市,7732,金興精密工業股份有限公司,金興精密,23230525,汽車工業,桃園市平鎮區工業一路3號,施春景,施春景,03-4195988,1989/03/28,2025/01/14,646800000,https://www.kingshing.com,0,0
上市,7736,虎山實業股份有限公司,虎山,34556891,汽車工業,新北市瑞芳區頂坪路瑞芳工業區3號,陳映志,陳映志,(02)2496-5566,1983/01/10,2025/03/18,760000000,http://www.huhandle.com/,0,0
上市,7740,熙特爾新能源股份有限公司,熙特爾-創,55118186,綠能環保,臺北市松山區南京東路5段89號12樓,林聖澤,陳伯勳,02-86655650,2017/09/13,2025/06/16,600000000,https://www.seetel-energy.com,0,0
上市,7749,意騰科技股份有限公司,意騰-KY,60204448,半導體,新竹縣竹北市復興三路二段168號11樓之3,顏志展,顏志展,03-6029928,2016/05/27,2025/06/13,464857280,http://www.intelli-go.com,0,0
上市,7750,新代科技股份有限公司,新代,89660813,電機機械,新竹科學園區新竹市研發二路25號,蔡尤鏗,蔡尤鏗,03-6663553,1995/08/03,2025/09/17,718430000,https://www.syntecclub.com,0,0
上市,7760,享溫馨企業股份有限公司,享溫馨,29004693,觀光餐旅,高雄市苓雅區建國一路175之15號,李東和,李奇霖,(07)224-2999,2008/10/02,2026/04/28,660480000,https://www.sws.com.tw/,0,0
上市,7765,中華資安國際股份有限公司,中華資安,55765649,數位雲端,台北市中正區杭州南路一段26號8樓,黃志雄,洪進福,(02)2343-1628,2017/12/14,2025/09/08,406810000,https://www.chtsecurity.com/,0,0
上市,7768,頌勝科技材料股份有限公司,頌勝科技,22231552,半導體,臺中市西屯區協和里工業區十四路2號,朱明癸,施文昌,04-23550168,1986/07/25,2026/05/07,700650000,https://www.pvichem.com.tw/,0,0
上市,7769,鴻勁精密股份有限公司,鴻勁,54884366,半導體,臺中市大雅區中清路三段758巷11號,謝旼達,翁德奎,04-25608752,2015/04/23,2025/11/27,1799300000,https://www.honprec.com/,0,0
上市,7780,大研生醫國際股份有限公司,大研生醫*,50784323,食品工業,臺北市大安區羅斯福路三段37號12樓,林東慶,林東慶,02-23651380,2018/06/20,2025/09/09,810024170,https://www.daikenshop.com,0,0
上市,7786,東方風能科技股份有限公司,東方風能,82964333,綠能環保,臺中市西屯區市政路386號23樓之1,陳柏霖,陳柏霖,(04)2254-6965,2019/07/29,2025/11/18,1759539440,https://www.dfo.com.tw/,0,0
上市,7788,松川精密股份有限公司,松川精密,33923363,電子零組件,新北市樹林區中華路377號,王傳世,吳頌仁,02-86845332,1974/07/20,2025/10/16,797459930,https://www.songchuan.com/sc/,0,0
上市,7791,皇家可口股份有限公司,皇家可口,22265497,食品工業,台北市大同區重慶北路3段338號4樓,周明芬,高長慶,02-25351084,1986/08/28,2025/10/28,800000000,https://luckyroyal.com.tw/,0,0
上市,7795,長廣精機股份有限公司,長廣,90078176,電子零組件,高雄市大寮區裕民街30號,廖恒寧,岩田和敏,(07)7879007,2022/10/21,2026/01/16,788285000,https://www.eternal-epm.com,0,0
上市,7799,禾榮科技股份有限公司,禾榮科,56914371,生技醫療,新竹科學園區新竹縣竹北市生醫五路66之2號,許金榮,沈孝廉,03-5619366,2017/08/08,2025/09/15,1582450000,https://www.heron-neutron.com/,0,0
上市,7803,雲象科技股份有限公司,雲象科技-創,83470105,生技醫療,台北市南港區忠孝東路7段508號15樓、15樓之1,葉肇元,葉肇元,02-27856892,2020/02/06,2026/05/20,944128880,https://www.aetherai.com/,0,0
上市,7812,稜研科技股份有限公司,稜研科技*-創,24749879,通信網路,新北市板橋區遠東路3號3樓,蔚維科技股份有限公司(代表人-張書維),張書維,02-82269168,2014/09/22,2026/09/22,1750325594,https://www.tmytek.com/,0,0
上市,7818,溢泰實業股份有限公司,溢泰實業,90765596,綠能環保,屏東縣屏東市環東街3號,林于鈞,林于鈞,08-7524736,1981/06/13,2026/05/18,1649460000,https://www.kemflogroup.com,0,0
上市,7821,神達數位股份有限公司,神數,69704320,汽車工業,新竹科學園區新竹縣寶山鄉研發二路1號4樓,何繼武,張樂&#32675;,(03)577-9968,2017/09/01,2026/04/20,1219133000,https://www.mitacmdt.com,0,0
上市,7822,倍利科技股份有限公司,倍利科,54807093,半導體,新竹科學園區新竹市力行三路7號5樓,林坤禧,黃建中,03-6233089,2014/04/25,2026/03/30,455607630,https://www.v5.com.tw/,0,0
上市,7823,奧義賽博科技股份有限公司,奧義賽博-KY創,61334996,數位雲端,新北市板橋區遠東路1號6樓,吳明蔚,吳明蔚,02-7739-0077,2017/08/24,2026/02/05,334908900,www.cycraft.com,0,0
上市,7827,英屬開曼群島商漢康生技(股)公司,漢康-KY創,60206993,生技醫療,"Zephyr House,122 Mary St, Grand Cayman KY1-9014, Cayman Is.",劉世高,劉世高,02-27921366,2020/11/11,2026/05/29,1408164080,https://www.hanchorbio.com,0,0
上市,7835,永悅健康股份有限公司,永悅健康-創,54317103,數位雲端,新北市新店區北新路三段213號15樓,陳俊嘉,陳俊嘉,02-29125566,2013/12/18,2026/07/24,465443670,https://www.h2u.io/,0,0
上市,7855,和運租車股份有限公司,和運租車,70364778,其他,台北市中山區松江路121號15樓,劉源森,謝富來,02-2502-5686,1999/05/24,2026/08/11,1925279280,https://www.hotaileasing.com.tw,0,0
上市,8011,台通光電股份有限公司,台通,12362365,通信網路,新北市新莊區福慧路219號9樓,李慶煌,李宜娟,(02)2299-1066,1981/12/21,2011/09/19,1659218910,www.ttcc.com.tw,0,0
上市,8016,矽創電子股份有限公司,矽創,86735240,半導體,新竹縣竹北市台元一街5號11樓之1,毛穎文,劉孟煌,03-5526500,1992/07/09,2003/12/25,1201368760,http://www.sitronix.com.tw,0,0
上市,8021,尖點科技股份有限公司,尖點,96912835,其他電子,新北市樹林區佳園路三段203號,林序庭,林若萍,(02)26805868,1996/04/12,2008/01/21,1450424670,http://www.topoint.tw/,0,0
上市,8028,昇陽國際半導體股份有限公司,昇陽半導體,84149884,半導體,新竹科學園區新竹市力行路6號,梁明成,蔡幸川,03-5641888,1997/03/03,2018/07/10,1835502600,www.psi.com.tw,0,0
上市,8033,雷虎科技股份有限公司,雷虎,52541175,其他,臺中市西屯區協和里工業區六路7號,陳冠如,蘇聖傑,04-23591616,1979/10/02,2007/06/21,1646297750,www.thundertiger.com,0,0
上市,8039,台虹科技股份有限公司,台虹,16198345,電子零組件,高雄市前鎮區環區三路一號,陳永恒,江宗翰,07-8139225,1997/08/16,2009/12/17,2638039940,www.taiflex.com.tw,0,0
上市,8045,達運光電股份有限公司,達運光電,86880449,通信網路,新北市五股區新北產業園區五工六路41號,陳碧霜,戴國源,22990666,1992/10/15,2024/12/11,950418150,www.twoway.com.tw,0,0
上市,8046,南亞電路板股份有限公司,南電,16096804,電子零組件,桃園市蘆竹區南崁路一段338號,鄒明仁,呂連瑞,03-3223751,1997/10/28,2006/04/07,6461654870,https://www.nanyapcb.com.tw/nypcb/Chinese/index,0,0
上市,8070,長華電材股份有限公司,長華*,23307811,電子通路,高雄市楠梓區東七街16號6樓,洪全成,黃俊&#21234;,07-3622663,1989/05/13,2007/12/31,725648455,www.cwei.com.tw,0,0
上市,8072,陞泰科技股份有限公司,陞泰,97092770,電子通路,台北市南港區三重路19-11號E棟10樓,陳世忠,陳純平,2655-3866,1996/06/26,2005/08/19,800000000,www.avtechgroup.com.tw,0,0
上市,8081,致新科技股份有限公司,致新,84149723,半導體,新竹市科學園區工業東三路2號,吳錦川,謝其昌、楊人仰,03-5788833,1996/07/03,2008/12/30,861720720,http://www.gmt.com.tw,0,0
上市,8101,華冠通訊股份有限公司,華冠,70747852,通信網路,台北市內湖區瑞光路258巷2號7樓,李森田,何文魁,02-26587718,1999/08/24,2004/07/01,521662160,www.arimacomm.com.tw,0,0
上市,8103,瀚荃股份有限公司,瀚荃,23632274,電子零組件,新北市淡水區中正東路一段3巷9號9樓,楊超群,執行長:楊奕康,26201000,1990/03/16,2009/09/29,784366710,www.cvilux-group.com,0,0
上市,8104,錸寶科技股份有限公司,錸寶,70766576,光電,新竹縣湖口鄉新竹工業區光復北路12號,葉垂景,陳康,03-5989999,2000/03/13,2019/01/17,1040581920,http://www.ritdisplay.com,2,8
上市,8105,凌巨科技股份有限公司,凌巨,16432742,光電,苗栗縣頭份市蘆竹里4鄰工業路15號,向富棋,濮家銓,(037)611611,1997/12/15,2006/12/27,4415448510,www.giantplus.com,0,0
上市,8110,華東科技股份有限公司,華東,22101116,半導體,高雄市前鎮區北一路18號,焦佑衡,于鴻祺,07-8111330,1995/04/06,2007/10/31,5177398760,www.walton.com.tw,0,1
上市,8112,至上電子股份有限公司,至上,22368959,電子通路,台北市內湖區港墘路189號7樓,葛均,葛均,02-26578809,1987/03/05,2007/12/31,5952930580,https://www.supreme.com.tw/,0,0
上市,8114,振樺電子股份有限公司,振樺電,12514341,電腦及週邊設備,新北市土城區大同街23號,郭劍成,陳茂強,02-2268-5577,1984/08/11,2012/11/26,1076409190,https://www.posiflex.com/tw/,0,0
上市,8131,福懋科技股份有限公司,福懋科,23826736,半導體,雲林縣斗六市榴中里河南街329號,蘇林慶,張憲正,05-5574888,1990/09/11,2007/11/29,4422222230,https://www.fatc.com.tw/,0,0
上市,8150,南茂科技股份有限公司,南茂,16130042,半導體,新竹科學園區新竹縣研發一路1號,鄭世杰,鄭世杰,03-5770055,1997/07/28,2014/04/11,7045231260,www.chipmos.com,0,0
上市,8162,微矽電子股份有限公司,微矽電子-創,22579547,半導體,新竹縣竹東鎮沿河街395號,張秉堂,張秉堂,037-587222,1987/08/11,2024/03/07,687020000,www.msec.com.tw,0,0
上市,8163,達方電子股份有限公司,達方,16081507,電腦及週邊設備,桃園市龜山區山鶯路167-1號,蘇開建,蔡耀坤,03-2508800,1997/05/08,2007/11/28,2800000010,WWW.DARFON.COM.TW,0,0
上市,8201,無敵科技股份有限公司,無敵,23163259,其他電子,台北市北投區北投路二段13號4樓之1,楊人捷,李圍正,02-77265111,1989/02/17,2007/10/29,623662750,http://www.besta.com.tw,0,0
上市,8210,勤誠興業股份有限公司,勤誠,05143647,電腦及週邊設備,新北市新莊區中原路558號18樓,陳美琪,陳亞男,(02)8226-5500,1983/12/05,2011/12/01,1256191460,www.chenbro.com,0,0
上市,8213,志超科技股份有限公司,志超,70801378,電子零組件,桃園市平鎮區工業二路１２號,李明熹,李明熹,03-4698860,1998/04/21,2009/12/25,2712424880,https://tpt-pcb.com.tw/,0,0
上市,8215,明基材料股份有限公司,明基材,16549778,光電,桃園市龜山區建國東路29號,陳建志,劉家瑞,(03)3748800,1998/07/16,2010/11/12,3206745140,www.benqmaterials.com,0,0
上市,8222,寶一科技股份有限公司,寶一,04431804,電機機械,台南市新營區新工路13巷1號,曾國浩,曾國浩,06-6535001,1974/10/05,2015/01/27,685735000,www.aerowin.com,0,0
上市,8249,菱光科技股份有限公司,菱光,16596646,電子零組件,台北市內湖區南京東路六段501號9樓,黃育仁,魏耀明,(02)89121289,1998/06/15,2005/05/17,1378245000,www.csi-sensor.com.tw,0,0
上市,8261,富鼎先進電子股份有限公司,富鼎,16550923,半導體,新竹縣竹北市台元一街5號12樓之1及12樓之2,陳泰銘,張嘉帥,26971299,1998/07/17,2009/12/11,1188783930,https://www.a-power.com.tw,2,13
上市,8271,宇瞻科技股份有限公司,宇瞻,97444368,半導體,新北市土城區大安里忠承路32號1樓,陳益世,執行長:張家騉,(02)22678000,1997/04/16,2010/12/29,1296142660,www.apacer.com,0,0
上市,8341,日友環保科技股份有限公司,日友,89922041,綠能環保,雲林縣元長鄉元東路1之20號,張芳正,張芳正,05-7885788,1994/11/29,2015/03/23,1300000000,http://www.sunnyfriend.com.tw/,0,0
上市,8367,建新國際股份有限公司,建新國際,23250583,航運業,台中市梧棲區臺灣大道十段一號,陳彥銘,柯勝鐘,0426399666,1989/04/25,2018/09/12,921720310,www.chienshing.com.tw,0,0
上市,8374,羅昇企業股份有限公司,羅昇,12486062,電機機械,新北市新莊區中原路558號12樓,曾文興,李長堅,02-2995-8400,1984/03/31,2008/12/25,1122504870,www.acepillar.com,0,0
上市,8404,百和興業股份有限公司(開曼),百和興業-KY,26829193,其他,"P.O.BOX 32052, Grand Cayman KY1-1208, Cayman Islands.",鄭國火因,鄭新隆,04-7561340,2006/11/06,2011/05/18,4199338840,http://www.kypaiho.com/,0,0
上市,8411,福貞控股股份有限公司,福貞-KY,10913602,其他,"The Grand Pavilion Commercial Centre, Oleander Way, 802 West",李榮福,莊素貞,0937-841198,2009/08/26,2011/11/01,2211391670,www.kingcanholdings.com,0,0
上市,8422,可寧衛股份有限公司,可寧衛*,16908140,綠能環保,高雄市岡山區中山南路308號1樓,楊慶祥,楊永發,07-6228422,1999/05/04,2011/10/05,1358762544,http://www.cleanaway.tw,0,0
上市,8429,金麗集團控股有限公司,金麗-KY,36986397,貿易百貨,高雄市三民區博愛一路189號11樓(台灣辦事處),庄春龍,陳泓霖,07-3223642,2010/12/15,2012/12/20,1857471510,www.jinligroup.com.tw,0,0
上市,8438,昶昕實業股份有限公司,昶昕,23509611,綠能環保,桃園市大園區北港里大工路19號,陳國金,陳彥亨,033860601,1989/10/23,2022/03/11,699430000,https://www.persee.com.tw,0,0
上市,8442,威宏控股股份有限公司,威宏-KY,50684485,其他,"P. O. Box 31119 Grand Pavilion, Hibiscus Way, 802 West Bay R",洪維謙,許新居,(02)2298-2927,2009/11/27,2016/11/08,701697640,http://www.ww-holding.com.tw/,0,0
上市,8443,阿瘦實業股份有限公司,阿瘦,80511709,貿易百貨,臺北市中山區中吉里松江路168號6樓,羅榮岳,羅榮岳,(02)6618-9999,2003/08/25,2014/09/15,668000000,www.asogroup.com.tw,0,0
上市,8454,富邦媒體科技股份有限公司,富邦媒,27365925,數位雲端,台北市內湖區洲子街96號4樓,蔡明忠,谷元宏,(02)2162-6688,2004/09/27,2014/12/19,2649752750,https://corp.momo.com.tw/,12,26
上市,8462,柏文健康事業股份有限公司,柏文,27693238,運動休閒,高雄市左營區博愛四路238號8樓,陳尚義,林洵賢,07-3488000,2005/10/04,2019/03/15,803866160,www.powerwindhealth.com.tw,0,0
上市,8463,潤泰精密材料股份有限公司,潤泰材,86871981,其他,臺北市中山區八德路二段308號10樓,莫惟瀚,林依潔,81619989,1992/09/23,2015/07/13,1500000000,http://www.rtm.com.tw,0,0
上市,8464,億豐綜合工業股份有限公司,億豐,28696894,居家生活,臺中市西屯區市政北七路98號26樓之1,粘耿豪,粘肇紘,(04)3600-0999,2007/07/26,2015/12/22,2930202000,http://www.nienmade.com.tw/,0,0
上市,8466,美吉吉國際股份有限公司,美吉吉-KY,50640945,其他,"The Grand Pavilion Commercial Centre, Oleander Way, 802 West",陳本源,吳建輝,0222684666,2010/10/08,2016/11/01,794456280,www.mjig.com,0,0
上市,8467,波力環球企業股份有限公司,波力-KY,47442040,運動休閒,"PO Box 309, Ugland House, Grand Cayman, KY1-1104, Cayman Isl",洪文誕,洪進山,(04)2537-6022,2013/07/10,2015/12/15,483735750,http://bonnyworldwide.com/,0,0
上市,8473,山林水環境工程股份有限公司,山林水,27329077,綠能環保,臺北市中山區吉林路99號3樓,郭又綺,吳人傑,02-2100-2195,2004/06/10,2016/09/08,1823069220,www.mfw.com.tw,0,0
上市,8476,台境企業股份有限公司,台境*,80369745,綠能環保,高雄市苓雅區中正二路175號30樓之1,郭人豪,林睿達,(07)222-9115,2003/12/23,2023/10/31,831131790,www.tesc.com.tw,5,16
上市,8478,東哥企業股份有限公司,東哥遊艇,85798816,運動休閒,高雄市前鎮區金福路1號,闕慶承,曾雄威,07-8314126,1978/01/23,2017/12/11,939722760,https://oceanalexander.com/zh-hans/,0,0
上市,8481,政伸企業股份有限公司,政伸,22396792,其他,台中市西屯區工業區十二路六號,洪招儀,李煜培,04-23593687,1987/02/23,2017/02/24,666018660,http://www.transart.com.tw/,0,0
上市,8482,商億全球控股有限公司,商億-KY,82172064,居家生活,"P.O.Box 31119 Grand pavilion,Hibiscus Way,802 West Bay Road,",謝智通,謝淑韞,02-77111060,2014/09/30,2018/08/15,1074440000,http://www.shaneglobal.com.tw,0,0
上市,8487,愛爾達科技股份有限公司,愛爾達-創,70542247,數位雲端,台北市中正區中華路一段41號4樓,陳怡君,陳怡君,02-23411100,2000/03/28,2024/03/26,265350000,www.elta.com.tw,0,0
上市,8488,吉源控股股份有限公司,吉源-KY,47848647,其他,"P. O. Box 31119 Grand Pavilion, Hibiscus Way, 802 West Bay R",林漢清,陳金龍,06-289-5658,2014/03/27,2016/12/13,735000000,http://www.jypkg.com,0,0
上市,8499,鼎炫投資控股股份有限公司,鼎炫-KY,72780928,其他電子,新北市五股區五權七路20號1樓,傅青炫,傅秀月,0222265102,2013/11/08,2017/11/24,411655570,http://topbright.taiwanscale.com,0,0
上市,8926,台灣汽電共生股份有限公司,台汽電,86685142,油電燃氣,臺北市內湖區瑞光路392號6樓,王振勇,陳意通,8798-2000,1992/05/07,2003/08/25,8302820000,www.cogen.com.tw,0,0
上市,8940,新天地國際實業股份有限公司,新天地,84435578,觀光餐旅,台中市東區旱溪東路1段456號,歐宗憲,歐政宏,(04)22475222,1993/07/19,2009/05/15,674910320,www.newpalace.com.tw,0,0
上市,8996,高力熱處理工業股份有限公司,高力,35319185,電機機械,桃園市中壢區吉林北路5-2號,吳誌雄,吳俊英,03-4527005-9,1970/10/11,2014/02/14,935015370,https://www.kaori.com.tw/,0,0
上市,9103,美德向邦醫療國際股份有限公司,美德醫療-DR,00000000,存託憑證,台北市信義區松高路9號11樓,楊克誠,楊威遠,02-27392222,1997/11/26,2002/12/13,827042000,www.medtecs.com,0,0
上市,910322,康師傅控股有限公司,康師傅-DR,00000000,存託憑證,中國上海閔行區吳中路1688號A棟,魏宏名,魏宏名,86-2131753698,1994/01/12,2009/12/16,916513457,http://www.masterkong.com.cn/,0,0
上市,9105,泰金寶科技股份有限公司,泰金寶-DR,00000000,存託憑證,新北市深坑區北深路三段147號,許介立,鄒孔訓,02-7705-8001,1989/12/02,2003/09/22,9383139832,http://www.calcomp.co.th,0,12
上市,910861,神州數碼控股有限公司,神州-DR,00000000,存託憑證,香港灣仔告士打道77-79 號富通大廈31樓,郭為,郭為,852 3416 8000,2001/01/25,2010/11/24,644726418,www.dcholdings.com,0,0
上市,9110,越南製造加工出口控股有限公司,越南控-DR,00000000,存託憑證,越南同奈省邊和市三協坊第五區,葉蕙棻,吳睿蕎,(852)25621692,2005/06/20,2009/12/03,38168000,www.vmeph.com,0,0
上市,911608,明輝環球企業有限公司,明輝-DR,26264842,存託憑證,"8 Penjuru Lane,Singapore 609189",林翔寬,-,(65)6291-4444,2004/04/23,2010/10/20,526896000,http://www.bhglobal.com.sg/,0,0
上市,911622,聚亨企業集團(泰國)大眾有限公司,泰聚亨-DR,26064801,存託憑證,"99 Moo1, Tumbon Nikompattana, Amphur Nikompattana, Rayong TH",黃文松,黃炳綸,+66-38-636800,1996/09/09,2011/09/29,3714761903,www.tycons.com,1,8
上市,911868,同方友友控股有限公司,同方友友-DR,00000000,存託憑證,香港干諾道西118號34樓3405 室,張曉明,連琛瑋,(852)27862329,2006/10/06,2009/12/22,209446542,http://www.neo-neon.com/,0,0
上市,912000,晨訊科技集團有限公司,晨訊科-DR,00000000,存託憑證,香港觀塘鴻圖道31號鴻貿中心12樓1206室,王祖同,朱琪,(852)23686824,2004/10/27,2011/04/25,1063575000,http://www.sim.com,0,0
上市,9136,巨騰國際控股有限公司,巨騰-DR,00000000,存託憑證,香港康樂廣場1號怡和大廈33樓3311-3312室,鄭立育,N/A,852-28400115,2004/07/12,2009/05/25,440764000,http://www.juteng.com.hk/,0,0
上市,9802,鈺齊國際股份有限公司,鈺齊-KY,39737838,運動休閒,臺灣雲林縣斗六市雲科路三段76號(訴訟及非訴訟代理人聯絡處),林文智,廖芳祝,(886)55514619,2009/11/24,2012/10/18,2009916730,http://www.fulgentsun.com,0,0
上市,9902,台火開發股份有限公司,台火,03562308,其他,台北市中正區延平南路七十五號二、三樓,李俊永,陳文正,(02)2311-8531,1950/01/14,1964/07/14,980496000,http://www.tidehold.com,0,0
上市,9904,寶成工業股份有限公司,寶成,58711014,運動休閒,台中市西屯區台灣大道四段600號,吳邦治,盧金柱,04-24615678,1969/09/04,1990/01/19,29467872130,www.pouchen.com,0,0
上市,9905,大華金屬工業股份有限公司,大華,04403363,其他,臺北市中山區松江路293之805號,姜佳君,姜明德,(02)25030340,1973/11/26,1990/08/08,3050000000,https://www.greatchina.com.tw,0,0
上市,9906,欣巴巴事業股份有限公司,欣巴巴,33428716,建材營造,高雄市前鎮區民權二路6號27樓,張宏圖,黃湘允,07-5378899,1967/01/16,1990/12/15,903763580,http://www.hsinbaba.com.tw,0,0
上市,9907,統一實業股份有限公司,統一實,73252657,其他,台南市永康區蔦松里中正北路837號,羅智先,徐金成；張祐信,06-2531131,1969/04/14,1991/01/29,15791453420,https://www.tonyi.com.tw,5,17
上市,9908,大台北區瓦斯股份有限公司,大台北,11072304,油電燃氣,臺北市松山區光復北路11巷35號1、2、4、5、13樓,吳東進,鄭嘉耘,2768-4999,1964/10/24,1991/02/06,5163580000,www.taipeigas.com.tw,0,0
上市,9910,豐泰企業股份有限公司,豐泰,63400932,運動休閒,雲林縣斗六市科工八路52號,王建弘,陳昭吉,05-5379100,1971/07/29,1992/02/18,9874828310,www.fengtay.com,0,0
上市,9911,台灣櫻花股份有限公司,櫻花,23113940,居家生活,台中市大雅區雅潭路4段436號,張永杰,李惠恂,(04)2566-6106,1988/10/20,1992/07/16,2223322870,www.sakura.com.tw,0,0
上市,9912,偉聯科技股份有限公司,偉聯,20792640,電腦及週邊設備,台北市南港區園區街3之1號五樓之1,皮華中,趙欣媛,02-26558080,1978/05/18,1992/08/08,537925690,http://www.agneovo.com/,0,0
上市,9914,美利達工業股份有限公司,美利達,59052361,運動休閒,彰化縣大村鄉美港村美港路116號,曾崧柱,曾崧柱,(04)8526171,1972/09/29,1992/09/30,2989838000,https://www.merida-bikes.com/zh-tw/,0,0
上市,9917,中興保全科技股份有限公司,中保科,12148598,其他,台北市南港區經貿二路135號13樓,林建涵,林建涵,25575050,1977/11/08,1993/12/08,4737569480,WWW.SECOM.COM.TW,0,0
上市,9918,欣欣天然氣股份有限公司,欣天然,33665843,油電燃氣,新北市中和區新民街29號8樓,陳何家,柳惠千,29217811,1971/05/01,1994/04/26,1805374530,http://www.shinshingas.com.tw,0,0
上市,9919,康那香企業股份有限公司,康那香,74231126,其他,台南市佳里區民安里同安寮77-1號,戴華銘,戴秀玲,(02)2345-9909,1971/12/10,1994/11/04,1953627500,https://www.knh.com.tw/homepage.html,0,0
上市,9921,巨大機械工業股份有限公司,巨大,56054251,運動休閒,台中市西屯區東大路一段997&999號,劉湧昌,劉素娟,(04)-24609099,1972/10/27,1994/12/29,3920653950,https://www.giantgroup-cycling.com/,0,0
上市,9924,台灣福興工業股份有限公司,福興,75706009,居家生活,高雄市岡山區本洲里育才路88號,林瑞章,陳建昆,07-6225151,1957/11/23,1995/03/15,1507617360,www.fuhsing.com.tw,0,0
上市,9925,台灣新光保全股份有限公司,新保,12261768,其他,台北市內湖區行愛路128號,吳昕東,洪國超,02-77199888,1980/01/21,1995/12/09,3874896050,www.sks.com.tw,0,0
上市,9926,新海瓦斯股份有限公司,新海,35433242,油電燃氣,新北市三重區力行路一段52號(通訊地址),林坤正,伍啟豪,(02)2982-1131,1966/06/11,1998/04/08,1795040750,https://www.shinhaigas.com.tw/,0,0
上市,9927,泰銘實業股份有限公司,泰銘,79875202,其他,高雄市大寮區莒光三街六號,陳豊明,李茂生,(07)787-2278,1983/02/19,1999/03/12,1200000000,www.tmicl.com.tw,0,0
上市,9928,中國電視事業股份有限公司,中視,18556774,其他,台北市南港區重陽路118號,盧秀芳,盧秀芳,(02)2783-8308,1968/10/24,1999/08/09,707245830,www.ctv.com.tw,0,0
上市,9929,秋雨創新股份有限公司,秋雨,69439272,其他,台北市信義區市民大道六段288號9樓,陳慧遊,陳鴻璸,(02)87681999,1976/10/01,1999/06/28,1012800000,http://www.choiceprintgroup.com,0,0
上市,9930,中聯資源股份有限公司,中聯資源,86119908,綠能環保,高雄市前鎮區成功二路88號22樓,周文賢,吳一民,(07)336-8377,1991/05/25,1999/11/22,2485403680,www.chc.com.tw,0,0
上市,9931,欣高石油氣股份有限公司,欣高,79882718,油電燃氣,高雄市苓雅區民權一路12號,莊雯苑,林照川,07-5315701,1983/12/15,2000/03/21,1203693030,http://www.hkgas.com.tw,0,0
上市,9933,中鼎工程股份有限公司,中鼎,20817282,其他,臺北市士林區中山北路6段89號,楊宗興,李銘賢,(02)2833-9999,1979/04/06,1993/05/28,9444370340,www.ctci.com,0,0
上市,9934,成霖企業股份有限公司,成霖,30899261,居家生活,台中市潭子區建國路22號,歐陽玄,歐陽玄,04-25349676,1979/10/29,2000/09/11,4110169620,https://tw.globeunion.com/,0,0
上市,9935,慶豐富實業股份有限公司,慶豐富,59198197,居家生活,彰化縣福興鄉沿海路四段三七三號,許閔琁,許竣然,04-7801967,1977/03/09,2000/09/11,1778389260,http://www.chingfeng.com,0,0
上市,9937,全國加油站股份有限公司,全國,22958907,油電燃氣,臺北市文山區羅斯福路六段140號4樓,王瑞瑜,蔡佳璋,(02)2935-6500,1988/08/08,2000/09/11,3090430000,http://www.npcgas.com.tw,0,0
上市,9938,台灣百和工業股份有限公司,百和,09468343,其他,彰化縣和美鎮好修里和港路575號,鄭誠禕,鄭誠禕,04-7565307,1985/01/14,2001/01/12,2979639020,https://www.paiho.com,0,0
上市,9939,宏全國際股份有限公司,宏全,58176511,其他,台中市西屯區工業區2路6號,鄭雅文,曹宏宇,04-23590088,1969/07/15,2001/03/02,2957864750,www.honchuan.com,0,0
上市,9940,信義房屋股份有限公司,信義,22354940,其他,台北市信義區信義路五段一００號,周耕宇,陳麗心,27557666,1987/01/21,2001/09/17,7368465000,WWW.SINYI.COM.TW,0,0
上市,9941,裕融企業股份有限公司,裕融,23528130,其他,臺北市大安區敦化南路二段2號15樓,嚴陳莉蓮,闕源龍,2702-5055,1990/04/12,2001/09/17,6756363460,http://www.tac.com.tw,11,15
上市,9942,茂順密封元件科技股份有限公司,茂順,61904541,其他,南投縣南投市永豐里工業路336號,石正復,石銘耀,(049)2255-011,1976/08/04,2002/01/28,831613200,www.nak.com.tw,0,0
上市,9943,好樂迪股份有限公司,好樂迪,84256265,觀光餐旅,台北市信義區忠孝東路5段293號4樓,林佳霖,李天行,(02)2769-5567,1993/04/10,2002/08/26,1251715100,www.holiday.com.tw,0,0
上市,9944,新麗企業股份有限公司,新麗,33375909,其他,桃園市八德區聯華街41號,簡瑞瑞,吳東曜,(03)365-9903,1962/09/14,2002/08/26,1059081000,www.shinih.com,0,0
上市,9945,潤泰創新國際股份有限公司,潤泰新,12139612,其他,臺北市中山區八德路二段308號11樓之1,簡滄圳,盧玉璜,81619888,1977/09/12,1992/04/30,28442250860,www.rt-develop.com.tw,0,0
上市,9946,三發地產股份有限公司,三發地產,84466749,建材營造,台北市松山區八德路3段30號12樓,鍾鼎晟,楊題銓,02-2570-9988,1993/09/20,2013/09/17,3265541500,https://www.sanfar.com.tw,0,0
上市,9955,佳龍科技工程股份有限公司,佳龍,97211972,綠能環保,桃園市觀音區大潭里一鄰環科路323號,吳界欣,楊明曄,(03)473-6566,1996/09/25,2008/01/21,1044246290,www.sdti.com.tw,0,0
上市,9958,世紀鋼鐵結構股份有限公司,世紀鋼,22649001,鋼鐵工業,桃園市觀音區中山路一段1119號,賴文祥,李建安,03-4730201,1987/10/09,2008/03/12,2668966650,www.century.com.tw,0,5
上櫃,1240,茂生農經股份有限公司,茂生農經,18795706,農業科技,臺北市中正區和平西路1段30號2樓,吳清德,吳清德,02-23671162,1967/02/18,2018/08/08,464439920,https://www.morn-sun.com.tw/,0,0
上櫃,1259,安心食品服務股份有限公司,安心,23928945,觀光餐旅,臺北市南港區經貿2路66號16樓之3,黃茂雄,謝靜慧,(02)2567-5001,1990/11/23,2011/12/15,323895000,http://www.mos.com.tw,0,0
上櫃,1264,德麥食品股份有限公司,德麥,23420497,食品工業,新北市五股區五權五路31號,林雪嬌,吳文欽,(02)2298-1347,1989/06/29,2015/04/09,370523670,http://www.tehmag.com.tw,0,0
上櫃,1268,漢來美食股份有限公司,漢來美食,80352343,觀光餐旅,高雄市前金區成功一路266號21樓之1,林淑婷,林淑婷,(07)213-5788,2003/01/09,2017/09/27,422237300,www.hilai-foods.com,0,0
上櫃,1294,漢田生技股份有限公司,漢田生技,28814153,食品工業,彰化縣溪湖鎮工業路１０１號,李雨霖,王國華,04-8811181,2007/10/22,2024/09/26,366258750,https://www.htbios.com/,0,0
上櫃,1295,生合生物科技股份有限公司,生合,70402724,食品工業,高雄市路竹區北嶺六路82號,楊連傳,楊三連(執行長),07-6955680,2000/06/01,2025/05/27,375998000,http://www.synbiotech.com,0,0
上櫃,1336,台翰精密科技股份有限公司,台翰,22589593,電子零組件,桃園市龜山區民生北路1段558號1樓,蔡鎮隆,蔡鎮隆,03-3112025,1987/08/28,2007/11/02,776144190,www.thpt.com.tw,0,0
上櫃,1565,精華光學股份有限公司,精華,22195654,生技醫療,新北市汐止區大同路一段276之2號4、5樓,陳明賢,周育然,(02)8691-6000,1986/09/24,2004/03/30,504165160,http://www.stshine.com.tw,0,0
上櫃,1569,濱川企業股份有限公司,濱川,76404919,電腦及週邊設備,高雄市大寮區大寮里大發工業區興業路2號,蕭欽銘,蕭欽群,07-7871521,1983/03/30,2005/07/29,1442474410,https://www.hamagawa.com.tw/,0,0
上櫃,1570,力肯實業股份有限公司,力肯,36253534,電機機械,新北市八里區博物館路81號1、2、3、4樓,陳立白,林昭陽,(02)2619-5619,1983/12/23,2005/06/30,515008390,www.depoan.com,0,0
上櫃,1580,新麥企業股份有限公司,新麥,12461082,電機機械,新北市五股區五權六路23號,謝順和,謝順和,02-22981148,1983/09/27,2007/12/10,493392420,www.sinmag.com.tw,0,0
上櫃,1584,精剛精密科技股份有限公司,精剛,80334042,其他,臺南市柳營區工一路15號,王炯棻,薄慧雲,06-6235143,2002/05/15,2007/11/28,2324705330,http://www.s-tech.com.tw,0,0
上櫃,1586,和勤精機股份有限公司,和勤,86985605,電機機械,彰化縣伸港鄉興工路40號,林輝政,謝章典,04-7980339,1992/11/09,2012/01/09,1295004670,http://www.cftc.tw,0,0
上櫃,1591,英屬開曼群島商駿吉控股(股)公司,駿吉-KY,53650116,電機機械,臺北市松山區南京東路五段3號7樓,胡德立,胡德立,02-77097667,2009/11/19,2012/03/23,380480470,http://inmaxholding.com/,0,0
上櫃,1593,祺驊股份有限公司,祺驊,97432341,運動休閒,新竹縣湖口鄉德興路231號,李佳蓉,李佳蓉,03-6992860,1997/03/15,2012/06/13,397847720,https://chihua.com.tw,0,0
上櫃,1595,川寶科技股份有限公司,川寶,16860440,半導體,桃園市蘆竹區內厝里長興路3段277巷33號,張鴻明,曾偉倫,03-3249948,1999/02/19,2011/10/04,575548960,http://www.cbtech.com.tw/,0,0
上櫃,1599,宏佳騰動力科技股份有限公司,宏佳騰,80621419,電機機械,臺南市山上區南洲里南洲41號,鍾杰霖,鍾杰霖,06-5783988,2003/12/25,2012/12/25,730287640,www.aeontek-motor.com,0,0
上櫃,1742,台灣蠟品股份有限公司,台蠟,22625269,化學工業,桃園市大園區中山南路二段610號3樓,陳霆瑞,陳霆瑞,02-8797-8678,1987/08/13,2004/05/14,926713000,http://www.wax.com.tw/,0,0
上櫃,1777,生泰合成工業股份有限公司,生泰,72197621,生技醫療,臺南市新營區開元路168號,蕭振明,洪俊誠,06-6362121~3,1982/11/09,2005/10/19,445917130,https://www.syn-tech.com.tw,0,0
上櫃,1780,立弘生化科技股份有限公司,立弘,12971536,食品工業,臺北市大安區敦化南路2段71號13樓,楊正利,楊斌,27030209,2001/12/25,2026/06/17,1090751730,www.altratene.com/tw,0,0
上櫃,1781,合世生醫科技股份有限公司,合世,97304042,生技醫療,新北市中和區建一路186號9樓,楊國和,李紹弘,82271300,1996/12/16,2004/12/24,474076050,www.healthandlife.com.tw,0,0
上櫃,1784,訊聯生物科技股份有限公司,訊聯,70836411,生技醫療,臺北市內湖區新湖一路36巷28號1樓,蔡政憲,康清原,(02)27951777,2000/08/17,2007/07/26,531211910,http://www.BionetCorp.com,0,0
上櫃,1785,光洋應用材料科技股份有限公司,光洋科,43787872,其他電子,臺南市安南區工業三路1號,鄭憲松,&#40644;&#21843;峰,06-5110123,1978/08/29,2005/01/31,5959507430,http://www.solartech.com.tw/tw/index.html,0,0
上櫃,1788,杏昌生技股份有限公司,杏昌,23161816,生技醫療,新北市三重區重新路5段609巷2號8樓之2,李忠良,陳國師,6626-1166,1989/02/13,2009/07/20,445209710,www.hiclearance.com.tw,3,17
上櫃,1796,金穎生物科技股份有限公司,金穎生技,16962158,食品工業,臺南市新營區新工路33號,張曉莉,金晉德,06-5109001,1999/07/17,2018/01/22,414597930,http://www.geneferm.com,0,0
上櫃,1799,易威生醫科技股份有限公司,易威,16570131,生技醫療,新竹科學園區新竹市東區研發二路10號1樓,林翰飛,李艾平,(03)666-9596,1998/08/10,2008/11/10,2487758940,http://www.easywellbio.com,0,0
上櫃,1813,寶利徠光學科技股份有限公司,寶利徠,84449952,生技醫療,桃園市大園區新南里18鄰長發路406號,宋一新,倪鏡如,03-3853934,1993/09/22,2009/08/04,466355100,http://www.gialens.com.tw,0,0
上櫃,1815,富喬工業股份有限公司,富喬,16834268,電子零組件,雲林縣斗六市斗工十六路8號,張元賓,張晉碩,02-27357658,1999/01/14,2006/01/23,5854594870,http://www.ffg.com.tw,0,0
上櫃,2035,唐榮鐵工廠股份有限公司,唐榮公司,75460005,鋼鐵工業,高雄市小港區沿海二路4號,趙健在,陳政雄,07-8022811,1940/05/01,2006/07/07,3500000000,http://www.tangeng.com.tw,0,0
上櫃,2061,風青實業股份有限公司,風青,89260422,電器電纜,高雄市苓雅區新光路38號30樓之4,陳信宇,陳信宇,07-2693339,1994/09/10,2010/12/09,573780520,http://www.fcm.com.tw,0,0
上櫃,2063,世鎧精密股份有限公司,世鎧精密,86637206,鋼鐵工業,高雄市岡山區本工一路1號,杜泰源,林上安,07-6225669,1992/04/28,2010/09/07,481014530,www.shehkai.com.tw,0,0
上櫃,2064,晉椿工業股份有限公司,晉椿,30826319,鋼鐵工業,彰化縣鹿港鎮鹿工路24號,陳譽,蕭良賢,04-7810000,1971/05/10,2014/12/26,693300000,http://www.camelliametal.com,0,0
上櫃,2065,世豐螺絲股份有限公司,世豐,31213886,鋼鐵工業,高雄市橋頭區復興西路810號,杜泰源,陳駿彥,07-6116116,1973/08/09,2017/04/21,635167070,https://www.shehfung.com/index.php?lang=cht,0,0
上櫃,2066,世德工業股份有限公司,世德,22546808,電機機械,高雄市大寮區華西路20號,陳光裕,陳光裕,07-7889168,1988/01/29,2013/09/24,444495270,www.sumeeko.com,0,0
上櫃,2067,嘉鋼精密工業股份有限公司,嘉鋼,66402912,電機機械,嘉義縣民雄鄉北斗村成功二街21號,曹恆健,陳龍芳,(05)2211411,1974/04/11,2014/05/26,338581770,http://www.cysteel.com.tw/,0,0
上櫃,2070,精湛光學科技股份有限公司,精湛,89855649,電機機械,高雄市湖內區忠孝街110巷58號,吳俊男,許宏安,07-6937937,1994/09/21,2018/12/17,417828000,http://www.ccm3s.com/,0,0
上櫃,2073,雄順金屬股份有限公司,雄順,24512261,鋼鐵工業,高雄市路竹區順安路393號,陳恆毅,郭穎謙,07-6960166,2010/04/21,2023/06/21,275000000,www.ssmc.com.tw,0,0
上櫃,2221,大甲永和機械工業股份有限公司,大甲,56615319,其他,臺中市大甲區日南里幼獅路69號,黃士峰,鍾志清,04-26815496,1977/08/19,2007/08/01,423250000,http://www.yhmco.com.tw/,0,0
上櫃,2230,泰茂實業股份有限公司,泰茂,86070187,居家生活,臺南市官田區二鎮里實踐街10號,呂萬賢,呂萬傑,06-6991235,1991/02/06,2013/04/18,680296050,http://www.ctico.com.tw/,0,0
上櫃,2235,謚源實業股份有限公司,謚源,22479934,電機機械,桃園市龜山區大華里頂湖路24號,吳碣石,吳碣石,(03)3973868,1987/04/16,2014/12/15,358780000,www.tiy-motor.com,0,0
上櫃,2596,綠意開發股份有限公司,綠意,12860948,建材營造,臺北市松山區市民大道5段69號2樓,許燈城,許燈城,(02)8787-8096,2001/05/04,2009/06/01,1000000000,www.realycorp.com.tw,0,0
上櫃,2640,台灣大車隊股份有限公司,大車隊,27767961,數位雲端,臺北市中山區長安東路2段162號2樓,林村田,楊榮輝,02-25160966,2005/09/09,2012/11/07,592649560,www.taiwantaxi.com.tw,0,0
上櫃,2641,正德海運股份有限公司,正德,16467798,航運業,高雄市苓雅區海邊路31號3樓,蔡秉叡,張寶安,07-9697988,1998/09/29,2014/10/09,3303337440,www.franbo.com.tw,0,0
上櫃,2643,捷迅股份有限公司,捷迅,12479610,航運業,臺北市內湖區瑞光路34號4樓,顧城明,孫鋼銀,(02)8792-9897,1984/02/13,2016/03/04,350000000,http://www.soonest.com,0,0
上櫃,2718,全心投資控股股份有限公司,全心投控,12198180,建材營造,臺北市松山區八德路三段30號7樓,楊顯玲,劉潔芝,02-2570-8800,1977/04/08,2011/03/29,875760000,www.allmindholdings.com.tw,0,0
上櫃,2719,台鋼燦星國際旅行社股份有限公司,燦星旅,80355209,觀光餐旅,臺南市南區健康路二段545號1樓,侯佑霖,羅俊英,(02)8183-3888,2003/02/24,2012/02/24,691825000,www.startravel.com.tw,0,0
上櫃,2724,藝舍國際創新股份有限公司,藝舍-KY,28982799,其他,臺北市中山區南京東路3段131號1樓、地下1樓、10、11、12、13樓,賴運興,李宗錦,(02)2999-5968,2002/01/15,2012/05/29,596563450,https://www.aagd.com.tw/,0,0
上櫃,2726,雅茗天地股份有限公司,雅茗-KY,38634004,觀光餐旅,"Oleander Way, 802 West Bay Road, P.O. Box 32052, Grand Cayman KY1-1208, CaymanCayman Island",吳伯超,江錫毅,(02)2790-0689,2009/12/22,2014/12/24,376898170,http://www.yummy-town.tw/,0,0
上櫃,2729,瓦城泰統股份有限公司,瓦城,70843031,觀光餐旅,新北市中和區建一路176號7樓之1,徐承義,徐承義,(02)8227-1280,2000/09/08,2012/09/17,430407830,http://www.ttfb.com,0,0
上櫃,2732,六角國際事業股份有限公司,六角,80671769,觀光餐旅,新竹縣竹北市高鐵九路98號,王耀輝,王耀輝,(03)550-7750,2004/02/16,2015/01/20,465185700,http://www.lakaffagroup.com/,0,0
上櫃,2734,易飛網國際旅行社股份有限公司,易飛網,70464468,觀光餐旅,臺北市中正區衡陽路51號2樓之1,周昀生,周昀生,(02)7725-0800,1999/12/22,2013/12/26,572597600,https://www.ezfly.com/,0,0
上櫃,2736,富野大飯店股份有限公司,富野,29129201,觀光餐旅,臺東縣臺東市復興路38號6樓,劉清郎,史墨威,089-350678,2008/07/11,2016/01/06,799722300,http://www.hoyaresort.com.tw,0,0
上櫃,2740,華軒地產股份有限公司,華軒,28581041,觀光餐旅,新北市林口區公園路159號,陳銘鴻,陳朝泉,(02)2313-1260,2007/02/13,2015/12/24,167620160,http://www.mr-onion.com,0,0
上櫃,2743,山富國際旅行社股份有限公司,山富,22888987,觀光餐旅,臺北市中山區南京東路2段85、87號4樓,陳國森,陳宣融,02-25612999,1988/05/25,2020/03/09,468152100,https://www.travel4u.com.tw/,0,0
上櫃,2745,五福旅行社股份有限公司,五福,22835878,觀光餐旅,高雄市三民區博愛一路28號2樓、3樓,許順富,王哲彥,07-3231166,1988/08/22,2018/04/16,338085260,www.lifetour.com.tw,0,0
上櫃,2751,王座國際餐飲股份有限公司,王座,42756204,觀光餐旅,臺北市信義區基隆路2段51號4樓之2,王耀輝,林子恒,02-23773088,2015/12/14,2024/09/10,198112500,www.kingza.com.tw,0,0
上櫃,2752,豆府股份有限公司,豆府,28841757,觀光餐旅,臺北市中山區民權東路2段42號4樓,吳柏勳,吳孟哲,(02)2581-3818,2008/01/23,2019/09/25,266938610,https://www.tofuglobal.com/tw/home.html,0,0
上櫃,2754,亞洲藏壽司股份有限公司,亞洲藏壽司,54669129,觀光餐旅,臺北市中山區中山北路3段32號6樓及6樓之1,藪內薰,藪內薰,(02)8978-8558,2014/01/21,2020/09/17,469070000,http://investor.kurasushi.tw/,0,0
上櫃,2755,揚秦國際企業股份有限公司,揚秦,42591908,觀光餐旅,桃園市中壢區合江路16號,卓靖倫,林麗玲,033412298,2015/08/21,2020/12/16,467924910,http://www.youngqin.com.tw,0,0
上櫃,2756,聯發國際餐飲事業股份有限公司,聯發國際,80676602,觀光餐旅,新北市汐止區新台五路1段95號18樓之7,鄭凱隆,陳聖中,(02)2654-8585,2004/02/26,2022/01/14,245975840,http://www.1992lianfa.com/,0,0
上櫃,2916,滿心企業股份有限公司,滿心,12498877,居家生活,新北市五股區五權六路18號,李俊良,後藤憲二,02-22997755,1984/06/16,2005/03/10,646268780,www.munsin.com.tw,0,0
上櫃,2924,開曼群島宏太股份有限公司,宏太-KY,26335810,居家生活,"10F., No. 46, Sec. 2, Zhongshan N. Rd., Zhongshan Dist., Taipei City104,TaiwanTaipei",黃愛玲,張芷婷,(02)2547-5805,2009/02/06,2011/12/02,520359340,http://www.ggalactica.com,0,0
上櫃,2926,誠品生活股份有限公司,誠品生活,27952966,文化創意,臺北市信義區松德路196號地下1層,吳旻潔,吳旻潔,(02)6638-5168,2005/09/26,2013/01/30,473896500,http://www.eslitespectrum.com.tw,0,0
上櫃,2937,集雅社股份有限公司,集雅社,89266170,居家生活,高雄市苓雅區中正一路265號1樓,盧乾三,謝舒閔,07-7273128,1994/10/26,2017/06/08,478961730,www.gseven.com.tw,0,0
上櫃,2938,床的世界股份有限公司,床的世界,80646713,居家生活,臺北市內湖區舊宗路1段88號,陳三傑,陳三傑,02-66266688,2004/02/09,2026/09/16,201400000,www.beddingworld.com.tw,0,0
上櫃,2941,米斯特國際企業股份有限公司,米斯特,53167020,居家生活,臺中市西屯區市政北二路236號22樓之1,林瑞豪,林瑞達,0422549396,2010/10/12,2024/03/20,153900000,www.life8.com.tw,0,0
上櫃,2947,振宇五金股份有限公司,振宇五金,29092696,居家生活,臺中市西屯區港尾里環中路二段27號,曾善,洪國展,04-24261580,2008/05/14,2021/10/06,236423660,www.ald.com.tw,0,0
上櫃,2948,寶陞國際股份有限公司,寶陞,52330474,居家生活,臺北市信義區忠孝東路5段508號16樓,黃楷倫,黃楷倫,02-27261668,2016/10/03,2023/12/12,320000000,https://www.bausen.com/,0,0
上櫃,2949,欣新網股份有限公司,欣新網,54357012,數位雲端,臺北市中山區南京東路3段70號4樓,陳德仁,黃懷恩,(02)8768-3830,2013/09/05,2023/12/15,306411000,https://www.hhgalaxy.com.tw/,0,0
上櫃,3064,泰偉電子股份有限公司,泰偉,70613972,文化創意,臺中市西屯區市政北二路282號22樓之6,林國泰,林佑翔,(02)85110555,2000/08/02,2004/06/09,130114510,www.astrocorp.com.tw,0,0
上櫃,3066,李洲科技股份有限公司,李洲,04541794,光電,新北市汐止區新台五路一段97號27樓,李明順,李明順(代行),(02)27066258,1974/05/24,2004/12/02,830706120,http://www.oasistek.com,0,0
上櫃,3067,全域股份有限公司,全域,04934334,居家生活,新北市三重區興德路96號3樓,姚天齊,鄒景文,(02)2659-2166,1973/11/22,2003/10/21,200000000,www.twphonic.com,0,0
上櫃,3071,協禧電機股份有限公司,協禧,90724033,電腦及週邊設備,高雄市苓雅區新光路38號35樓之1,黃瑞益,黃瑞益,(07)2695166,1978/07/19,2004/12/30,1100000000,http://www.adda.com.tw,0,0
上櫃,3073,天方能源科技股份有限公司,天方能源,86298705,綠能環保,臺北市中山區吉林路99號3樓,甘正智,甘正智,02-2502-2285,1991/10/22,2007/10/08,395110280,https://www.tpenergy.com.tw,0,0
上櫃,3078,僑威科技股份有限公司,僑威,84573516,電子零組件,桃園市桃園區幸福路208號13樓,潘君威,楊琇華,03-2220268,1993/10/05,2005/01/31,2273910640,www.cwt.com.tw,0,0
上櫃,3081,聯亞光電工業股份有限公司,聯亞,16022634,通信網路,臺南市善化區南科九路12號,張景溢,羅淇生,(06)5058999,1997/06/02,2015/07/22,1018690040,https://www.lmoc.com.tw/,0,0
上櫃,3083,中華網龍股份有限公司,網龍,70541704,文化創意,臺北市南港區南港路3段47巷2號4樓,王俊博,呂學森,02-2652-2689,2000/03/28,2003/12/02,864868580,www.chinesegamer.net,0,0
上櫃,3085,台鋼新零售股份有限公司,新零售,89836340,數位雲端,臺北市內湖區新湖一路128巷15號6樓,李雲琴,吳李祺,(02)25596189,1994/09/01,2004/03/01,535815700,http://www.newretail.com.tw/,0,0
上櫃,3086,華義國際數位娛樂股份有限公司,華義*,84453385,文化創意,臺北市內湖區行愛路141巷39號6樓,施書凱,施書凱,55590070,1993/08/12,2004/03/29,272710510,www.wayi.net,0,0
上櫃,3088,艾訊股份有限公司,艾訊,23718011,電腦及週邊設備,新北市汐止區南興路55號8樓,楊裕德,"吳偉熊, 范奇文",(02)8646-2111,1990/05/11,2005/04/28,1130111970,http://www.axiomtek.com.tw,0,0
上櫃,3093,台灣港建股份有限公司,港建*,04655310,其他電子,桃園市蘆竹區長興里南崁路二段66號5樓之4,王藝橋,廖豐瑩,03-3529333,1977/06/14,2005/06/17,362888940,www.tkk.com.tw,0,0
上櫃,3095,及成企業股份有限公司,及成,33724081,通信網路,新北市中和區建二路111號,張正寬,張翠雲,(02)2222-6638,1973/03/23,2005/05/26,161800000,http://www.chicheng.com.tw,0,0
上櫃,3105,穩懋半導體股份有限公司,穩懋,70752257,半導體,桃園市龜山區文化里科技七路69號,陳進財,陳國樺,03-397-5999,1999/10/16,2011/12/13,4239403840,www.winfoundry.com,0,0
上櫃,3114,好德科技股份有限公司,好德,20799897,電子零組件,臺北市松山區敦化南路1段25號6樓,陳國鴻,莊昆霖,02-25708818,1978/09/23,2004/03/25,677225840,https://www.howteh.com.tw,0,0
上櫃,3115,富育榮綱股份有限公司,富榮綱,86825235,電子零組件,臺北市士林區承德路4段172號7樓,承育企業管理顧問有限公司-代表人陳銘寬,羅&#26187;仁,(02)28816777,1992/08/13,2005/04/08,721976150,https://www.tscl.com.tw,0,0
上櫃,3118,進階生物科技股份有限公司,進階,23348952,生技醫療,新北市汐止區康寧街169巷80號,邱春龍,葉家賢,02-26959935,1989/12/07,2008/05/21,324528600,www.level.com.tw,0,0
上櫃,3122,笙泉科技股份有限公司,笙泉,16945166,半導體,新竹縣竹北市台元一街8號7樓之1,鍾富瑋,鍾富瑋,03-5601501,1999/06/21,2015/01/26,407719180,www.megawin.com.tw,0,0
上櫃,3128,昇銳智慧科技股份有限公司,昇銳,22601576,光電,桃園市八德區長興路673號,江添貴,蕭哲彥,03-3653121,1987/09/23,2006/09/04,501565380,www.hisharp.com,0,0
上櫃,3131,弘塑科技股份有限公司,弘塑,84355899,半導體,新竹市香山區中華路六段89號,張鴻泰,鍾時俊,03-5183030,1993/05/07,2011/01/17,292589270,https://www.gptc.com.tw/,0,0
上櫃,3141,晶宏半導體股份有限公司,晶宏,70392248,半導體,臺北市內湖區內湖路一段308號12樓,徐豫東,徐豫東,02-87978947,1999/08/14,2014/03/14,754607280,http://www.ultrachip.com,0,0
上櫃,3147,大綜電腦系統股份有限公司,大綜,86059612,資訊服務,高雄市三民區九如一路502號20樓之1,李志忠,李志忠,07-3458011,1991/10/14,2018/05/29,436868310,https://www.jetwell.com.tw,0,0
上櫃,3152,璟德電子工業股份有限公司,璟德,16443570,通信網路,新竹縣湖口鄉新竹工業區漢陽路165號,雙德投資股份有限公司-代表人郭建文,郭建文,(03)5987008,1998/04/15,2008/03/24,390162000,http://www.acxc.com.tw,0,0
上櫃,3158,嘉實資訊股份有限公司,嘉實,16795856,資訊服務,新北市新店區民權路95號12樓之2,徐文伯,李政霖,29108899,1999/03/25,2025/11/17,306659250,https://www.sysjust.com.tw/,0,0
上櫃,3162,精確實業股份有限公司,精確,86406401,電機機械,桃園市新屋區社子里2鄰中興路938號,胡白莎,胡白莎,03-4777561,1991/11/25,2005/10/03,1541531620,www.al-alloy.com.tw,0,0
上櫃,3163,波若威科技股份有限公司,波若威,16586555,通信網路,新竹科學園區新竹縣寶山鄉工業東九路30號3樓,鄭萬來,黃裕文,035630099,1998/05/18,2012/12/03,946353700,http://www.browave.com,0,0
上櫃,3169,亞信電子股份有限公司,亞信,84149435,半導體,新竹科學園區新竹市新安路8號4樓,王春旗,范振鋒,03-5799500,1995/05/12,2009/11/24,633069810,https://www.asix.com.tw,0,0
上櫃,3171,炎洲流通股份有限公司,炎洲流通,23945965,居家生活,臺北市內湖區行善路397號5樓,李其政,江文容,(02)81706199,1990/12/03,2004/09/17,331181580,https://www.ycdist.com/,0,0
上櫃,3176,基亞生物科技股份有限公司,基亞,70760897,生技醫療,臺北市南港區園區街3號14樓,張世忠,張世忠,[02]7722-5200,1999/12/31,2011/11/23,1393067550,https://www.medigen.com.tw,0,0
上櫃,3178,公準精密工業股份有限公司,公準,75940820,半導體,高雄市仁武區八德二路168號,蘇友欣,蘇虹音,07-3597177,1978/03/27,2018/11/19,450500000,www.gongin.com.tw,0,0
上櫃,3188,鑫龍騰開發股份有限公司,鑫龍騰,12667444,建材營造,高雄市鼓山區龍水里明誠四路33號,黃學藤,黃勁嘉,(07)555-7880,2000/11/24,2004/03/17,1890877670,https://www.gltd.com.tw/,0,0
上櫃,3191,雲嘉南科技股份有限公司,雲嘉南,86105242,電子零組件,臺北市萬華區西園路1段150號3樓之1,陳國訓,楊本泉,02-23123081,1991/04/13,2005/04/12,435973810,http://www.holdjinn.com.tw,0,0
上櫃,3205,佰研生化科技股份有限公司,佰研,16313696,生技醫療,臺南市東區中華東路2段77號10樓之2,楊清宗,楊朝崴,06-267-7618,1998/03/16,2005/09/12,675456310,http://www.naturalbiokey.com,0,0
上櫃,3206,志豐電子股份有限公司,志豐,31109687,電子零組件,新北市淡水區八勢里中正東路二段69之11號9樓,張演堂,張演堂,02-2809-5651,1979/07/24,2007/02/08,589166210,www.kingstate.com.tw,0,0
上櫃,3207,耀勝電子股份有限公司,耀勝,86534980,電子零組件,桃園市大溪區瑞興里大鶯路309之28號,蘇浩熙,沈德清,03-3895755,1992/01/13,2004/11/04,664221240,www.top-nation.com,0,0
上櫃,3211,順達科技股份有限公司,順達,16596982,電腦及週邊設備,桃園市龜山區樂善里文禾路188號13樓,鍾聰明,張崇興,(03)396-3399,1998/07/15,2004/11/08,1543870210,www.dynapack.com.tw,0,0
上櫃,3213,茂訊電腦股份有限公司,茂訊,23631726,電腦及週邊設備,新北市深坑區北深路三段250號7樓,沈頤同,沈頤同,(02)2662-6074,1990/03/15,2004/10/01,586855470,http://www.crete.com.tw/,0,0
上櫃,3217,優群科技股份有限公司,優群,22575850,電子零組件,新竹市香山區牛埔南路15之3號,王朝樑,劉興義,03-5302747,1987/08/05,2004/04/30,901042030,argosytw.com,0,0
上櫃,3218,大學光學科技股份有限公司,大學光,84926791,生技醫療,臺北市南港區三重里園區街3之1號4樓,歐淑芳,盧政宏,02-26558000,1994/08/03,2004/11/29,847248990,www.uvb.com.tw/,0,0
上櫃,3219,倚強科技股份有限公司,倚強科,86865138,其他電子,臺北市內湖區瑞光路607號9樓,吳聲皜,吳聲皜,(02)2658-2068,1992/09/04,2004/03/19,717808800,https://www.aether-tek.com/,0,0
上櫃,3221,台灣嘉碩科技股份有限公司,台嘉碩,16264983,通信網路,桃園市平鎮區湧豐里工業二路3號,黃鈺同,李昆鴻,03-469-0038,1997/11/10,2006/02/22,1049892100,http://www.taisaw.com,0,0
上櫃,3224,三顧股份有限公司,三顧,16657495,電子通路,新北市汐止區新台五路1段75號14樓之3,陳宗基,唐洪德,(02)2698-3466,1998/09/17,2004/06/03,781726480,WWW.METATECH.COM.TW,0,0
上櫃,3226,龍鋒科技股份有限公司,龍鋒,22193115,電機機械,臺南市永康區中山北路818號,林崇鎰,林崇鎰,(06)233-6618,1986/09/13,2004/06/16,644305730,www.lfa.com.tw,0,0
上櫃,3227,原相科技股份有限公司,原相,16633261,半導體,新竹科學園區新竹縣創新一路5號5樓,黃森煌,黃森煌,03-5795317,1998/07/13,2006/05/04,1519128420,http://www.pixart.com,0,0
上櫃,3228,金麗科技股份有限公司,金麗科,16200855,半導體,新竹科學園區新竹市力行路2-1號6樓之1,易建男,易建男,03-6662866,1997/08/20,2005/03/02,719374950,https://www.rdc.com.tw/,0,0
上櫃,3230,錦明實業股份有限公司,錦明,22490277,光電,桃園市蘆竹區南崁里經國路896號16樓,蔡翔峰,簡豪廷,03-3573689,1987/05/01,2006/09/25,860109000,http://www.jmg.com.tw,0,0
上櫃,3232,昱捷股份有限公司,昱捷,22731120,電子通路,新北市汐止區新台五路1段93號25樓之6,蔡棟國,蔡棟國,8797-5025,1987/12/14,2004/11/01,465678650,http://www.sentronic.com.tw,0,0
上櫃,3234,光環科技股份有限公司,光環,16211142,通信網路,新竹科學園區新竹市展業一路21號,陳立惇,朱美彥,03-5780080,1997/09/01,2011/03/24,1114746920,http://www.truelight.com.tw,0,0
上櫃,3236,千如電機工業股份有限公司,千如,45011782,電子零組件,桃園市楊梅區中山里環東路298巷98號,徐錫愷,范良芳,03-4788188,1979/05/25,2004/12/02,1050006130,www.atec-group.com,0,0
上櫃,3252,海灣國際開發(股)公司,海灣,84919932,觀光餐旅,臺中市西區大和路22號3樓,劉至誠,劉至誠,04-23026088,1994/07/19,2004/09/23,501957540,www.haiwan.tw,0,0
上櫃,3259,鑫創科技股份有限公司,鑫創,16766959,半導體,新竹縣竹北市台元街22號5樓之1,曹洪彰,曹洪彰,03-5526568,1998/11/26,2007/12/24,729659340,www.3system.com.tw,0,0
上櫃,3260,威剛科技股份有限公司,威剛,12861019,半導體,臺北市內湖區潭美街539號25樓,陳立白,陳玲娟,02-8228-0886,2001/05/04,2004/10/08,3364634180,www.adata.com,0,0
上櫃,3264,欣銓科技股份有限公司,欣銓,70751779,半導體,新竹縣湖口鄉勝利村工業三路3號,盧志遠,王進明,03-5976688,1999/10/11,2005/01/05,4901700760,www.ardentec.com,0,0
上櫃,3265,台星科股份有限公司,台星科,70552666,半導體,新竹縣芎林鄉華龍村6鄰鹿寮坑176-5號,黃興陽,翁志立,03-5936565,2000/04/26,2005/08/02,1362616590,https://www.winstek.com.tw/html/home/index-tw.html,0,0
上櫃,3268,海德威電子工業股份有限公司,海德威,86105539,半導體,臺中市西屯區台灣大道四段925號14樓之6,黃 (方方土) 芳,游賜傑,(04)2355-0011,1991/04/13,2005/01/27,347207960,www.higherway.com.tw,0,0
上櫃,3272,東碩資訊股份有限公司,東碩,84126144,電腦及週邊設備,新北市新店區寶橋路235巷131號3樓之4,曹賜正,曹賜正(暫代),89191200,1993/02/04,2014/08/26,611767890,www.goodway.com.tw,0,0
上櫃,3276,宇環科技股份有限公司,宇環,70684527,電子零組件,桃園市平鎮區湧豐里工業二路12號,李明熹,李明熹,03-4698860,1999/12/29,2005/01/12,697126660,http://www.tht-pcb.com.tw,0,0
上櫃,3284,太普高精密影像股份有限公司,太普高,16469727,其他,高雄市大寮區莒光二街20號,呂金發,侯景文,07-7877690,1998/10/21,2005/03/22,1084824730,https://www.ctptop.com.tw/,0,0
上櫃,3285,微端科技股份有限公司,微端,89649873,其他電子,新北市汐止區康寧街169巷31號12樓,陳曉華,魯景岱,(02)2692-3889,1995/07/27,2012/07/23,427353240,www.microtips.com.tw,0,0
上櫃,3287,廣寰科技股份有限公司,廣寰科,70360251,電腦及週邊設備,新北市中和區建二路113號6樓,王忠傑,黃智宏,(02)8228-6088,1999/05/10,2008/01/28,439704830,www.kworld.com.tw,0,0
上櫃,3288,點晶科技股份有限公司,點晶,97334073,電子零組件,新竹科學園區新竹市展業一路9號4樓之3,金際遠,金際遠,03-5645656,1996/12/27,2005/04/15,163800000,www.siti.com.tw,0,0
上櫃,3289,宜特科技股份有限公司,宜特,89845410,其他電子,新竹市埔頂路22號1樓,余維斌,余維斌,(03)5799909,1994/03/09,2004/12/28,867463710,www.istgroup.com,0,0
上櫃,3290,東浦精密光電股份有限公司,東浦,89347602,電子零組件,桃園市蘆竹區長興路二段58號,戴建樟,戴建樟,(03)3249666,1995/03/08,2005/05/19,902150340,www.donpon.com,0,0
上櫃,3293,鈊象電子股份有限公司,鈊象,23519738,文化創意,新北市五股區五工路130號,李柯柱,江順成,(02)22995048,1989/11/10,2006/07/12,2818015600,www.igs.com.tw,0,0
上櫃,3294,英濟股份有限公司,英濟,86362776,電子零組件,新北市中和區建八路16號17樓之4,徐文麟,姜同會,(02)8226-5118,1991/10/15,2007/04/27,1320159190,www.megaforce.com.tw,0,0
上櫃,3297,杭特電子股份有限公司,杭特,23133690,光電,基隆市七堵區工建路15號,鄭子釗,李新榮,(02)8692-7999,1988/11/28,2005/06/07,360494450,www.hunt.com.tw,0,0
上櫃,3303,岱稜科技股份有限公司,岱稜,23842911,其他電子,臺南市麻豆區麻柚路383號,蔡國龍,李顯昌,06-5703853,1990/08/29,2007/05/28,947906070,https://www.univacco.com.tw/,0,0
上櫃,3306,鼎天國際股份有限公司,鼎天,16433708,通信網路,桃園市龜山區公西里文化二路40號8樓,達啟投資股份有限公司:指派代表馬惠群,蕭明昌,(03)396-0001,1997/12/23,2005/07/05,506077020,www.royaltek.com/tw/,0,0
上櫃,3310,佳穎精密企業股份有限公司,佳穎,22948084,電子零組件,桃園市大園區和平西路2段110號,林坡圳,蔡東&#21234;,03-3858181,1988/06/20,2008/06/27,749484020,www.chialin.com.tw,0,0
上櫃,3313,斐成開發科技股份有限公司,斐成,84341994,建材營造,臺南市安平區永華路二段248號11樓之2,張祐銘,李東洪,06-2995586,1993/12/02,2006/05/29,2211338310,www.fce.com.tw,4,24
上櫃,3317,尼克森微電子股份有限公司,尼克森,16752651,半導體,新北市汐止區工建路368號12樓,楊惠強,楊惠強,(02)26426789,1998/10/08,2007/08/09,900000000,www.niko-sem.com,0,0
上櫃,3322,建舜電子製造股份有限公司,建舜電,34145259,電子零組件,新北市汐止區新台五路一段79號19樓,黃欽雄,黃欽基,26984882,1977/03/22,2009/05/20,1375821570,http://www.jem.com.tw,0,0
上櫃,3323,加百裕工業股份有限公司,加百裕,16271936,電腦及週邊設備,桃園市龍潭區烏林里39鄰工五路128號,李益仁,林才富,03-4899054,1997/11/20,2007/06/25,995933850,http://www.celxpert.com.tw,0,0
上櫃,3324,雙鴻科技股份有限公司,雙鴻,16619628,其他電子,新北市新莊區五權三路6號3樓,林育申,陳志偉,02-89901653,1998/08/24,2005/05/13,930768370,http://www.auras.com.tw,0,0
上櫃,3325,旭品科技股份有限公司,旭品,96958986,電腦及週邊設備,新北市三重區興德路98號11樓,蕭奕彰,洪廷宏,2999-8658,1996/04/26,2005/08/15,1101686100,https://www.casing.com.tw,0,0
上櫃,3332,幸康電子股份有限公司,幸康,86009297,電子零組件,臺北市大安區信義路4段306號14樓,周世軒,顏雲曉,27086210,1991/02/13,2008/01/24,481042460,http://www.cincon.com.tw,0,0
上櫃,3339,泰谷光電科技股份有限公司,泰谷,70774610,光電,南投縣南投市自強三路18號,蔡兆全,黃國師,049-2261626,2000/05/31,2006/06/27,665683000,www.tekcore.com.tw,0,0
上櫃,3349,寶德科技股份有限公司,寶德,97483122,電腦及週邊設備,新北市新店區寶高路30之1號3樓、30之2號3樓,盧賀隆,盧賀隆,02-82271093,1997/04/23,2022/03/23,478216480,www.dexin.com.tw,0,0
上櫃,3354,律勝科技股份有限公司,律勝,97330127,電子零組件,臺南市善化區南科九路8號,黃堂傑,黃堂傑,(06)5050662,1996/12/05,2005/12/08,701124260,www.microcosm.com.tw,0,0
上櫃,3357,西北臺慶科技股份有限公司,臺慶科,86978512,電子零組件,桃園市楊梅區幼四路1號,謝明諺,謝明良,(03)464-1148,1992/11/02,2021/04/27,1163857390,http://www.tai-tech.com.tw,0,0
上櫃,3360,尚立股份有限公司,尚立,09473845,電子通路,臺北市內湖區洲子街76號6樓,簡剛民,簡剛民,(02)87973566,1985/04/06,2006/06/06,764022440,www.sunnic.com,0,0
上櫃,3362,先進光電科技股份有限公司,先進光,22301825,光電,中部科學園區臺中市西屯區科園一路14號,高維亞,高維亞,04-25659888,1986/11/19,2005/09/06,1474454750,www.aoet.com.tw,0,0
上櫃,3363,上詮光纖通信股份有限公司,上詮,84149462,通信網路,新竹科學園區新竹市展業二路18號,林松福,胡頂達,03-5770099,1995/06/14,2011/02/25,1136405670,www.foci.com.tw,0,0
上櫃,3372,台灣典範半導體股份有限公司,典範,22101544,半導體,高雄市前鎮區南二路1號,束崇萬,曾忠鶴,07-8158800,1998/07/14,2005/12/16,2353240000,http://www.ticp.com.tw,0,0
上櫃,3373,熱映光電股份有限公司,熱映,70590078,其他電子,新竹科學園區新竹縣工業東九路3號1樓,周至元,黃幼謙,03-6111666,2000/06/28,2007/12/13,476187820,Http://www.radiantek.com.tw,0,0
上櫃,3374,精材科技股份有限公司,精材,16741846,半導體,桃園市中壢區吉林路23號9樓,陳家湘,陳家湘,(03)433-1818,1998/09/11,2015/03/30,2713643160,www.xintec.com.tw,0,0
上櫃,3379,彬台科技股份有限公司,彬台,05087498,電機機械,臺北市內湖區瑞光路208號5樓,洪健峰,洪健峰,(02)8751-1222,1981/04/07,2011/10/20,380417480,www.taibeco.com,0,0
上櫃,3388,崇越電通股份有限公司,崇越電,84752200,電子零組件,臺北市大安區市民大道四段102號14樓,潘振成,執行長王財孟,02-27517878,1994/02/05,2006/02/22,815998250,HTTP://WWW.TOPCOCORP.COM,0,0
上櫃,3390,旭軟電子科技股份有限公司,旭軟,16674213,電子零組件,桃園市龜山區南上路522號,林永寶,蘇政仁,03-2220998,1998/10/12,2006/02/22,793296590,http://www.sunflex.com.tw,0,0
上櫃,3402,漢科系統科技股份有限公司,漢科,23830295,其他電子,新竹市牛埔里3鄰東華路14號8樓之1,溫永宏,謝清泉,03-5228823,1990/08/08,2007/01/09,730476920,www.wholetech.com.tw,0,0
上櫃,3430,奇鈦科技股份有限公司,奇鈦科,16297788,化學工業,臺北市大安區忠孝東路4段285號9樓之3,龍筱芬,龍筱芬,27006678,1998/01/13,2022/09/08,337160850,www.chitec.com,0,0
上櫃,3434,哲固資訊科技股份有限公司,哲固,84354060,光電,桃園市蘆竹區大興路20巷21弄11號3樓,簡豊輝,簡豊輝,03-3135577,1993/05/05,2008/01/28,357547400,http://www.acula.com,0,0
上櫃,3438,台灣類比科技股份有限公司,類比科,16795912,半導體,新竹縣竹北市台元二街1號7樓之1,吳錦川,林登財,03-6209588,1999/03/25,2006/07/19,471658150,http://www.aat-ic.com,0,0
上櫃,3441,聯一光電股份有限公司,聯一光電,52888437,光電,南投縣草屯鎮稻香路6之4號,陳忠政,陳忠禮,049-2323825,1984/03/27,2010/10/04,400399200,www.t-unique.com,0,0
上櫃,3444,利機企業股份有限公司,利機,84355650,電子通路,臺中市西屯區臺灣大道四段767號5樓之5,張濬暉,黃道景,(04)23588966,1993/05/07,2008/09/26,449968770,www.niching.com.tw,0,0
上櫃,3455,由田新技股份有限公司,由田,86710418,光電,新北市中和區連城路268號10樓之1,鄒嘉駿,張文杰,02-8226-2088,1992/05/23,2007/12/27,598507500,http://www.utechzone.com.tw,0,0
上櫃,3465,進泰電子科技股份有限公司,進泰電子,84232790,其他電子,高雄市新興區民權一路251號19樓之1,邢家蓁,邢家蓁,07-229-1788,1993/04/09,2008/01/28,423298620,https://www.naeaudio.com,0,0
上櫃,3466,德晉科技股份有限公司,德晉,12375925,通信網路,新北市三重區興德路123之1號8樓,湯棋同,劉佳峰,02-85123068,1982/03/23,2006/05/17,778920730,https://www.skardin.com/zh/%e9%a6%96%e9%a0%81/,0,0
上櫃,3467,台灣精材股份有限公司,台灣精材,16218308,半導體,新竹縣湖口鄉長安村長春路56號,賀士郡,王元星,03-5696800,1997/09/11,2025/03/25,315565690,https://www.forcera.com.tw,0,0
上櫃,3479,安勤科技股份有限公司,安勤,70604376,電腦及週邊設備,新北市中和區連城路228號7樓,劉琍綺,張嘉哲,(02)82262345,2000/07/19,2010/06/08,726301640,www.avalue.com,0,0
上櫃,3483,力致科技股份有限公司,力致,16266820,電腦及週邊設備,新竹縣竹北市泰和里新泰路31號2樓,饒振奇,王維鵬,03-5512035,1997/11/13,2006/12/18,990492570,http://www.forcecon.com,0,0
上櫃,3484,崧騰企業股份有限公司,崧騰,86834614,電子零組件,桃園市桃園區經國路888號7樓之2、7樓之3,曾文政,張茂強,03-3162168,1992/08/22,2007/11/09,788281890,www.solteam.com.tw,0,0
上櫃,3485,敘(余+卜+又)豐企業股份有限公司,敘豐,84995500,電子零組件,桃園市八德區茄苳路760巷16號,周政均,杜松穎,(03)3646445,1994/07/13,2026/05/06,385008500,https://www.efm.com.tw/,0,0
上櫃,3489,森寶開發股份有限公司,森寶,86140894,建材營造,桃園市蘆竹區南崁里民權路50號,謝建國,陳秀錦,(03)326-7897,1991/06/08,2007/09/29,904521550,http://www.sunbrothers.com.tw,5,12
上櫃,3490,單井工業股份有限公司,單井,23393652,光電,新北市土城區中山路77號,王祥亨,游孟哲,02-22686191,1989/07/20,2007/10/15,550064350,www.singlewell.com.tw,0,0
上櫃,3491,昇達科技股份有限公司,昇達科,16999508,通信網路,基隆市七堵區六堵里工建路1號,陳淑敏,吳東義,(02)2452-5533,1999/09/07,2008/01/03,688051250,www.umt-tw.com,0,0
上櫃,3492,長盛科技股份有限公司,長盛,84846066,電子零組件,新北市淡水區中正東路2段69號10樓,尚元良,葉文麒,(02)88091060,1994/04/26,2015/05/18,355316000,http://www.actt.co,0,0
上櫃,3498,陽程科技股份有限公司,陽程,36049822,其他電子,桃園市大園區溪海里8鄰聖德北路68號,黃秋逢,黃秋逢,03-3852628,1981/04/07,2007/09/11,612730080,www.usuntek.com,0,0
上櫃,3499,環天世通科技股份有限公司,環天科,70498381,通信網路,新北市中和區建一路186號16樓,鄭世揚,陳文賢,(02)82263799,2000/05/01,2006/10/19,549705960,www.globalsat.com.tw,0,0
上櫃,3508,位速科技股份有限公司,位速,12894840,其他電子,桃園市楊梅區高青路26號,廖世文,廖世文,03-4965000,2001/09/04,2007/10/17,1088667370,www.waystech.net,0,0
上櫃,3511,矽瑪科技股份有限公司,矽瑪,80611545,電子零組件,桃園市桃園區瑞慶里中正路1351號14樓、1353號14樓,黃漢州,胡若堯,(03)301-0008,2003/12/15,2009/02/16,799729450,www.simulatechnology.com,1,2
上櫃,3512,皇龍開發股份有限公司,皇龍,86746561,建材營造,臺北市信義區松德路171號16樓之2,陳文宏,魏文珍,(02)2727-0100,1992/06/08,2007/07/25,1130723720,www.hldc.com.tw,0,0
上櫃,3516,亞帝歐光電股份有限公司,亞帝歐,86410720,光電,桃園市八德區白鷺里廣福路858號,廖書尉,曾國瑞,033768380,1991/11/29,2007/11/29,595608740,www.adotek.com.tw,0,0
上櫃,3520,華盈電子股份有限公司,華盈,22071540,電子零組件,新北市三重區重新路5段609巷18號6樓,廖振仲,林名宏,02-29996166,1986/02/21,2007/10/12,838467780,www.jve-tech.com,0,0
上櫃,3521,台鋼建設事業股份有限公司,台鋼建設,22023793,建材營造,高雄市三民區九如一路502號25樓之3,林郁昌,蔡振財,02-82272556,1986/03/07,2007/08/07,1857655520,http://www.datavan.com.tw/,0,0
上櫃,3522,御嵿國際股份有限公司,御嵿,12947467,觀光餐旅,新北市新莊區中華路3段216號13樓,孫正強,蕭勝原,2226-6277,2001/09/26,2007/10/15,1040962090,www.toplusglobal.com,13,25
上櫃,3523,迎輝科技股份有限公司,迎輝,16366341,光電,臺南市安南區本田路二段391號,唐以&#38563;,溫哲毅,(06)3841313,1998/01/15,2007/11/16,642578680,https://www.efun.com.tw/,0,0
上櫃,3526,凡甲科技股份有限公司,凡甲,16691156,電子零組件,新北市中和區中山路3段102號3樓、3樓之1、3樓之2、3樓之3、3樓之4,游萬益,張一偉,02 22251688,1998/11/06,2007/11/02,668394770,https://www.alltopconnector.com,0,0
上櫃,3527,聚積科技股份有限公司,聚積,16948543,半導體,新竹市東區埔頂里13鄰埔頂路18號3樓之五、之六,楊立昌,林益勝,03-5790068,1999/06/25,2007/10/29,444451250,https://www.mblock.com.tw/zh-tw,0,0
上櫃,3529,力旺電子股份有限公司,力旺,70784292,半導體,新竹科學園區新竹市園區二路47號305室,徐清祥,待委任,03-5601168,2000/09/02,2011/01/24,746864920,https://www.ememory.com.tw,0,0
上櫃,3531,先益電子工業股份有限公司,先益,52543363,光電,臺中市南屯區工業區工業二十四路22號,王惠民,黃功龍,04-23590111,1979/10/11,2008/04/08,611750110,www.shianyih.com.tw,0,0
上櫃,3537,堡達實業股份有限公司,堡達,22625795,電子零組件,臺北市中山區中山北路二段129號10樓,陳家裕,李茂洋,02-25219090,1987/08/14,2010/01/25,562429790,www.podak.com.tw,0,0
上櫃,3540,曜越科技股份有限公司,曜越,70669172,電腦及週邊設備,臺北市內湖區堤頂大道2段185號5樓,林培熙,林培熙,02-8797-5788,1999/11/30,2007/12/12,844585480,www.thermaltake.com,0,0
上櫃,3541,西柏科技股份有限公司,西柏,23975263,其他電子,新北市中和區建康路130號4樓之10、4樓之11,蔡正義,方均正,02-22269586,1991/01/23,2009/12/22,563491420,http://www.cypress.com.tw,0,0
上櫃,3546,宇峻奧汀科技股份有限公司,宇峻,89521257,文化創意,臺北市中正區羅斯福路2段102號14樓,劉信,劉信,02-82269989,1995/05/19,2008/04/18,613486900,https://www.uj.com.tw/,0,0
上櫃,3548,兆利科技工業股份有限公司,兆利,27393491,電子零組件,新北市新莊區五工五路13號,張台沅,張台沅,02-22982666,2004/07/07,2008/03/27,682441750,https://www.jarlly.com,0,0
上櫃,3551,世禾科技股份有限公司,世禾,16044341,綠能環保,新竹縣湖口鄉仁政路18號,陳學聖,陳學哲,035981100,1997/06/23,2008/04/15,622748900,www.sht.com.tw,0,0
上櫃,3552,同致電子企業股份有限公司,同致,55900791,其他電子,桃園市蘆竹區南青路1156巷9號,陳聖儒,陳聖儒,(03)322-2901,1979/12/07,2009/01/07,979183340,www.tungthih.com.tw,0,0
上櫃,3555,博士旺創新股份有限公司,博士旺,80551862,半導體,臺北市內湖區潭美街533號10樓,周康記,黃啟誠,02-8227-2928,2003/09/25,2011/11/08,399987970,https://www.i-baas.com/,0,0
上櫃,3556,禾瑞亞科技股份有限公司,禾瑞亞,80342958,半導體,臺北市內湖區瑞光路302號11樓,唐錦榮,唐錦榮,(02)8751-5191,2002/09/12,2008/04/15,637028440,https://www.eeti.com,2,3
上櫃,3558,神準科技股份有限公司,神準,28496495,通信網路,新北市新店區中正路529號3樓,蔡文河,林伯彰,03-3289289,2006/10/12,2013/12/30,590608810,https://www.senaonetworks.com/,0,0
上櫃,3564,其陽科技股份有限公司,其陽,12658515,通信網路,新北市汐止區新台五路一段97號32樓,曾文興,林章安,(02)26976866,2000/10/24,2013/12/03,591231000,www.aewin.com,0,0
上櫃,3567,逸昌科技股份有限公司,逸昌,12613567,半導體,新竹縣竹北市新泰路35號4樓、4樓之1,郭嘯華,吳建忠,03-5544308,2000/09/07,2010/11/22,339540000,www.etrendtech.tw,0,0
上櫃,3570,大塚資訊科技股份有限公司,大塚,16088678,資訊服務,新北市板橋區縣民大道2段68號6樓,鶴見裕信,郭一龍,(02)8964-6668,1997/08/04,2008/10/23,170970000,www.oitc.com.tw,0,0
上櫃,3577,泓格科技股份有限公司,泓格,84517297,電腦及週邊設備,新竹縣湖口鄉鳳山村光復北路111號,葉&#24316;&#24312;,鄭樹發,03-5973366,1993/08/06,2009/01/06,639656530,https://www.icpdas.com/index_tw.php,0,0
上櫃,3580,友威科技股份有限公司,友威科,80072814,其他電子,桃園市蘆竹區長興里厚生路51號6樓,李原吉,劉品均,(03)2126201,2002/11/04,2010/07/09,394706570,www.uvat.com,0,0
上櫃,3581,博磊科技股份有限公司,博磊,16889100,半導體,新竹縣新豐鄉精工路53號,李篤誠,陳啟華,03-5599999,1999/04/09,2015/01/20,510060000,www.zenvoce.com,0,0
上櫃,3587,閎康科技股份有限公司,閎康,79959286,其他電子,新竹縣竹北市竹仁里12鄰台元街26-2號,謝詠芬,施韋,03-6116678,2002/05/14,2009/08/18,693699880,http://www.ma-tek.com,0,0
上櫃,3594,磐儀科技股份有限公司,磐儀,84469443,電腦及週邊設備,新北市中和區中正路700號10樓,李明,連啟瑞,02-82269396,1993/10/19,2013/05/07,959483580,www.arbor-technology.com,0,0
上櫃,3597,映興電子股份有限公司,映興,22306125,電子零組件,臺中市南屯區工業區19路10號1、2樓,賴柄源,賴柄源,04-23581581,1986/11/29,2020/03/09,392364400,http://www.avertronics.com,0,0
上櫃,3609,三一東林科技股份有限公司,三一東林,13073151,電子零組件,臺中市南屯區永定里永春東七路517號3樓,陳睿謙,林華軍,04-23863609,2002/04/22,2011/01/11,384193870,http://www.31hep.com,0,0
上櫃,3611,鼎翰科技股份有限公司,鼎翰,28624652,電腦及週邊設備,新北市新店區民權路95號9樓,王興磊,陳明義,02-22186789,2007/03/19,2008/11/26,475546340,http://www.tscprinters.com,0,0
上櫃,3615,安可光電股份有限公司,安可,28812887,光電,新竹縣湖口鄉光復北路10號,葉垂景,姜明君,03-5986336,2007/09/28,2009/04/15,684669760,www.aimcore.com.tw,2,8
上櫃,3623,富晶通科技股份有限公司,富晶通,70791435,光電,桃園市龜山區華亞三路50號6樓之1,翁明顯,蔡輔原,03-397-8800,2000/11/27,2010/04/28,291859460,https://www.transtouch.com.tw/,0,0
上櫃,3624,光頡科技股份有限公司,光頡,16130084,電子零組件,新竹縣湖口鄉新竹工業區光復北路70號,蔡高明,胡傳斌,035972931,1997/10/01,2011/03/16,1173408420,http://www.viking.com.tw,0,0
上櫃,3625,西勝國際股份有限公司,西勝,96969724,電腦及週邊設備,新北市新莊區富貴路568號13樓,黃宗偉,黃宗偉,(02)29016600,1996/05/23,2009/10/28,581000000,www.c-techone.com,0,0
上櫃,3628,盈正豫順電子股份有限公司,盈正,16444732,其他電子,新北市新店區寶高路7巷3號1樓,許文,黃敏洲,02-29176857,1998/04/27,2010/09/09,450000000,www.ablerex.com.tw,0,0
上櫃,3629,地心引力股份有限公司,地心引力,12898395,文化創意,臺北市信義區信義路5段150巷2號8樓之3,馬震偉,陳斐娟,02-27470958,2001/09/11,2010/05/27,329547820,www.gravitytw.com,0,0
上櫃,3630,新鉅科技股份有限公司,新鉅科,70748276,光電,臺中市外埔區六分里水頭一路100巷77、79號,鄭勝全,張乃文,04-23696889,1999/08/30,2010/04/26,2041918480,http://www.newmax.com.tw,0,0
上櫃,3631,晟楠科技股份有限公司,晟楠,15979384,電子零組件,桃園市龜山區萬壽路一段161號18樓之1,魏素珠,魏素珠,(02)8209-2883,1984/04/10,2010/12/20,818209090,http://www.chernan.com,0,0
上櫃,3632,研勤科技股份有限公司,研勤,12894047,通信網路,臺北市內湖區港墘路200號4樓,簡良益,陳俊福,02-87510123,2001/09/10,2011/01/11,220000000,http://www.papagoinc.com,0,0
上櫃,3646,艾恩特精密工業股份有限公司,艾恩特,16870474,電子零組件,臺北市內湖區堤頂大道2段301號5樓,陳明仁,陳揚,(02)87510777,1999/03/11,2012/03/27,392973710,http://www.ant-precision.com.tw,0,0
上櫃,3663,鑫科材料科技股份有限公司,鑫科,16827203,其他電子,高雄市岡山區中山北路140號8樓之4,李建輝,葉長生,07-6955125,2000/03/29,2012/11/20,1084940740,www.e-ttmc.com.tw,0,0
上櫃,3664,安瑞科技股份有限公司,安瑞-KY,28984305,通信網路,臺北市內湖區內湖路1段246號5樓,連建欽,黃建喬,1-4082408797,2008/12/19,2010/06/24,759453770,www.arraynetworks.com.tw,0,0
上櫃,3666,光耀科技股份有限公司,光耀,27397031,光電,新竹科學園區新竹市力行六路1號3樓,黃宗元,何秉海,03-5776686,2004/07/13,2014/12/04,1389498500,www.optivtech.com,0,0
上櫃,3672,康聯訊科技股份有限公司,康聯訊,16744506,通信網路,新北市汐止區新台五路1段79號18樓之6,陳友信,楊維平,02-26989661,1998/10/06,2015/04/20,407903750,https://www.ctsystem.com/en/,0,0
上櫃,3675,德微科技股份有限公司,德微,89672698,半導體,新北市深坑區北深路3段155巷17號6樓,張恩傑,朱鴻鈞,(02)2662-0011,1995/08/16,2012/06/29,530579230,www.eris.com.tw,0,0
上櫃,3680,家登精密工業股份有限公司,家登,16406379,半導體,新北市土城區中央路4段2號9樓之5,邱銘乾,林添瑞,02-2268-9141,1998/03/20,2011/08/31,962116900,http://www.gudeng.com,0,0
上櫃,3684,榮昌科技股份有限公司,榮昌,89549184,通信網路,新北市新店區寶橋路233之2號8樓,陳家榮,洪健文,(02)2917-7353,1995/06/12,2014/03/28,303047370,http://www.grand-tek.com,0,0
上櫃,3685,元創精密車業股份有限公司,元創精密,52811070,電機機械,臺中市西屯區朝富路213號4樓之7,江凱量,張明弘,04-22585821,1983/09/27,2010/12/08,795740000,Http://www.tradetools.com.tw,0,0
上櫃,3687,茂為歐買尬數位科技股份有限公司,歐買尬,70444999,數位雲端,臺北市南港區成功路1段50號3樓,羅士博,羅士博,02-26550051,1999/10/18,2011/01/11,301240590,http://www.macrowell.com.tw/,0,0
上櫃,3689,湧德電子股份有限公司,湧德,27642463,電子零組件,桃園市蘆竹區內溪路68巷13號2樓,陳旻徹,石育展,03-3242000,2005/03/18,2012/10/18,893909910,https://www.ude-corp.com,0,0
上櫃,3691,碩禾電子材料股份有限公司,碩禾,80433079,光電,新竹縣湖口鄉中華路122之18號,陳繼明,黃文瑞,03-5981886,2003/07/11,2010/11/18,918834200,www.gigasolar.com.tw,0,20
上櫃,3693,營邦企業股份有限公司,營邦,96994977,電腦及週邊設備,桃園市蘆竹區新莊里大興路20巷19弄9號,梁順營,梁順營,(03)313-8386,1996/05/03,2013/11/27,429906940,www.aicipc.com,0,0
上櫃,3707,漢磊科技股份有限公司,漢磊,54389725,半導體,新竹科學園區新竹縣寶山鄉創新一路18號1樓,徐建華,劉燦文,035779245,2014/10/01,2014/10/01,4004843530,https://www.episil.com,2,4
上櫃,3709,鑫聯大投資控股股份有限公司,鑫聯大投控,51512503,電腦及週邊設備,臺北市南港區經貿二路189號22樓,黃偉祥,張文忠,02-2316-2888,2017/09/01,2017/09/01,1455694500,www.TrigoldHoldings.com,1,4
上櫃,3710,連展投資控股股份有限公司,連展投控,51608205,電子零組件,新北市新店區寶興路45巷9弄2號3樓,林肇聰,陳鴻儀,(02)2917-5598,2017/12/29,2017/12/29,1770867870,www.acon-holding.com,0,0
上櫃,3713,新晶投資控股股份有限公司,新晶投控,83423700,綠能環保,新竹縣竹北市復興二路193號3樓之1,資三德,資三德,03-6581956,2020/02/27,2020/02/27,880993800,www.hsinjing-holding.com.tw,0,0
上櫃,3718,中光電投資控股股份有限公司,中光電投控,62067997,光電,新北市新店區民權路153號4樓,張威儀,何新斌&#160;,03-5772000,2026/09/03,2026/09/03,3909811100,www.coreintelligence.com.tw,0,0
上櫃,4102,永日化學工業股份有限公司,永日,56620559,生技醫療,臺中市大甲區日南里幼獅路59、61號,林青煌,李育儒,04-26818866,1978/06/08,2001/03/20,423734430,http://www.yungzip.com,0,0
上櫃,4105,台灣東洋藥品工業股份有限公司,東洋,11821341,生技醫療,臺北市南港區園區街3-1號3樓,林全,侯靜蘭,26525999,1960/07/22,2001/09/27,2486499590,www.tty.com.tw,0,0
上櫃,4107,邦特生物科技股份有限公司,邦特,86306206,生技醫療,臺北市中山區長安東路1段23號5樓之6,李明忠,林進隆,(02)25710269,1991/11/13,2002/03/04,692983360,https://www.bioteq.com.tw/zh-tw,0,0
上櫃,4109,加捷生醫股份有限公司,加捷生醫,89415241,生技醫療,高雄市三民區寶民里九如一路61號3樓,謝汶芳,曾茗絹,07-9761598,1995/05/06,2002/08/08,1187366810,https://www.jiajiebio.com,0,0
上櫃,4111,濟生醫藥生技股份有限公司,濟生,47154259,生技醫療,新竹縣湖口鄉勝利村實踐路3號,蘇東茂,蘇東茂,(03)5983811,1962/10/06,1999/03/06,598321350,www.cscp.com.tw,0,0
上櫃,4113,聯上實業股份有限公司,聯上,16126477,建材營造,高雄市左營區富國路185號17樓之2,蘇永義,蘇永義,07-5575242,1998/02/11,2003/07/22,2311381370,http://kh.vvvvv.com.tw,1,3
上櫃,4114,健喬信元醫藥生技股份有限公司,健喬,43199950,生技醫療,新竹縣湖口鄉工業一路6號,林智暉,林智暉,(02)8797-7100,1970/08/25,2003/05/12,5504296880,http://www.synmosa.com.tw,0,0
上櫃,4116,明基三豐醫療器材股份有限公司,明基醫,23285106,生技醫療,臺北市內湖區洲子街46號7樓,陳其宏,祝爾安,(02)87975533,1989/03/21,2015/12/16,445660000,www.BenQMedicalTech.com,0,4
上櫃,4120,友華生技醫藥股份有限公司,友華,12397982,生技醫療,臺北市北投區承德路六段128號13樓,蔡正弘,蔡孟霖,27554881,1982/06/16,2003/11/05,867471190,www.oep.com.tw,0,0
上櫃,4121,優盛醫學科技股份有限公司,優盛,23123644,生技醫療,臺北市內湖區港墘路189號12樓,劉志平,張淑娟,(02)26597888,1988/11/02,2003/07/25,831110450,www.rossmax.com,0,0
上櫃,4123,晟德大藥廠股份有限公司,晟德,18606304,生技醫療,臺北市南港區園區街3之2號7樓,王素琦,許瑞寶,26558680,1959/11/04,2003/10/07,8074563410,www.centerlab.com.tw,0,0
上櫃,4126,太平洋醫材股份有限公司,太醫,20765714,生技醫療,新竹科學園區苗栗縣銅鑼鄉九湖村銅科二路8號,鍾安婷,江孟洸,02-28955050,1977/08/06,2004/02/09,726000000,http://www.pahsco.com.tw,0,0
上櫃,4127,天良生物科技企業股份有限公司,天良,85086859,生技醫療,新北市汐止區大同路1段147號9樓,許曜廷,沈錫聰,02-26483099,1971/04/22,2005/07/29,457600000,www.tlb.com.tw,0,0
上櫃,4128,中天生物科技股份有限公司,中天,70555349,生技醫療,臺北市南港區三重里園區街3號18樓之1,陳振文,陳振文,02-26558558,2000/05/03,2006/06/09,5881705970,http://twmicrobio.com/,0,0
上櫃,4129,聯合骨科器材股份有限公司,聯合,22099982,生技醫療,新竹科學園區新竹市園區二路57號1樓,林延生,林德堅,(03)577-3351,1993/03/05,2004/09/29,964376500,https://tw.unitedorthopedic.com/,0,0
上櫃,4131,浩泰精準股份有限公司,浩泰,16680539,生技醫療,臺南市東區龍山里林森路1段395號9樓之8,周鼎茂,紀文勝,037-585585,1998/10/22,2004/04/09,398570000,www.neocore.com.tw,0,0
上櫃,4138,曜亞國際股份有限公司,曜亞,80527809,生技醫療,新北市中和區中正路880號14樓,傅輝東,陳柏源,(02)2221-7733,2003/10/09,2010/12/29,399300000,http://www.dmttw.com.tw/,2,3
上櫃,4139,馬光保健控股股份有限公司,馬光-KY,28993894,生技醫療,高雄市鼓山區明誠三路693號4樓,福苓興業有限公司代表人:巫雲光,于倩,(07)555-0864,2009/07/14,2011/04/29,450099110,https://mk-healthcare.com/,0,0
上櫃,4147,中裕新藥股份有限公司,中裕,28707338,生技醫療,臺北市內湖區瑞光路607號3樓,陳明村,張金明,(02)26580058,2007/09/05,2015/11/23,2732024250,https://www.taimedbiologics.com,0,0
上櫃,4153,鈺緯科技開發股份有限公司,鈺緯,89376900,生技醫療,新北市中和區中山路二段351號9樓,黃漢州,劉淑琪,(02)22268631,1995/04/11,2013/05/23,586681970,http://www.diva.com.tw/,1,2
上櫃,4154,樂威科股份有限公司,樂威科-KY,26330076,其他,"3F., No. 43, Dongxing Rd., Xinyi Dist., Taipei City 110403 , Taiwan (R.O.C.)Taiwan Taipei 110403",傅俊超,李庚燕,02-23252295,2010/08/09,2011/12/28,383900000,https://www.raku-tec.com.tw/,0,0
上櫃,4157,太景醫藥研發控股股份有限公司,太景*-KY,31982484,生技醫療,"Box 309, Ugland HouseGrand Cayman, KY1-1104, Cayman Islands",黃國龍,張俐雯,0281777020,2005/09/15,2014/01/17,20766551,http://www.taigenbiotech.com/,0,0
上櫃,4160,訊聯基因數位股份有限公司,訊聯基因,24268870,生技醫療,臺北市內湖區新湖一路36巷28號6樓,張漢東,康清原,(02)2795-1777,2008/11/21,2012/09/17,266903340,www.GGA.Asia,0,0
上櫃,4161,聿新生物科技股份有限公司,聿新科,16930971,生技醫療,苗栗縣竹南鎮公館里中華南路188號,楊金昌,涂耀仁,037-626699,1999/06/01,2013/06/26,597982040,http://www.bioptik.com.tw,0,0
上櫃,4162,智擎生技製藥股份有限公司,智擎,80264691,生技醫療,臺北市中山區民生東路3段10號11樓,許璋瑤,王宏仁,02-25158228,2002/08/12,2012/09/18,1436776400,https://www.pharmaengine.com,0,0
上櫃,4163,鐿鈦科技股份有限公司,鐿鈦,27473348,生技醫療,臺中市南屯區文山里精科路9號,鍾兆塤,林俊男,04-23595336,2004/10/21,2012/11/15,506751430,www.intai.com.tw,0,0
上櫃,4166,友霖生技醫藥股份有限公司,友霖,28924399,生技醫療,中部科學園區雲林縣虎尾鎮科虎一路8號,蔡正弘,黃春桐,(02)2325-7621,2008/02/01,2025/08/21,2430350890,https://academy.oppharma.com/,0,0
上櫃,4167,松瑞製藥股份有限公司,松瑞藥,80642673,生技醫療,臺南市新市區南科六路1號,漢友財務管理顧問股份有限公司代表人李香雲,陳志芳,06-5051200,2004/01/30,2015/09/08,3315543070,https://www.saviorlifetec.com.tw/,0,0
上櫃,4168,台灣醣聯生技醫藥股份有限公司,醣聯,12683520,生技醫療,新北市汐止區新台五路一段97號8樓,張東玄,楊玫君,(02)2697-4168,2001/02/01,2012/12/18,1125213180,http://www.glyconex.com.tw/,0,0
上櫃,4171,瑞基海洋生物科技股份有限公司,瑞基,27489806,農業科技,中部科學園區臺中市西屯區科園二路19號,劉正忠,鍾德豫,04-24639869,2004/11/12,2014/08/14,580574690,www.genereach.com,0,0
上櫃,4173,久裕企業股份有限公司,久裕,05071926,生技醫療,新北市中和區中原里中正路880號14樓之5,張明正,洪文銓,(02)8227-7999,1980/06/02,2013/10/31,745743550,http://www.arich.com.tw,0,0
上櫃,4174,台灣浩鼎生技股份有限公司,浩鼎,13110677,生技醫療,臺北市南港區忠孝東路七段508號6樓,梁賡義,陳雅琪,(02)2655-8799,2002/04/29,2015/03/23,1315796870,https://www.obipharma.com,0,0
上櫃,4175,杏一醫療用品股份有限公司,杏一,86649006,生技醫療,桃園市龜山區復興一路361號5樓,陳麗如,蔡德忠,(03)3970761,1992/05/07,2014/04/23,423233070,http://www.medfirst.com.tw/,0,0
上櫃,4183,福永生物科技股份有限公司,福永生技,80064027,生技醫療,新竹科學園區新竹縣寶山鄉研發三路8號,郭鳳琳,卓振輝,03-6686868,2002/10/22,2017/03/09,238000000,https://www.epsbio.com.tw/,0,0
上櫃,4188,安克生醫股份有限公司,安克,24316471,生技醫療,臺北市松山區復興北路167號5樓,李伊俐,李伊俐,02-27136227,2008/12/26,2015/03/24,633329000,https://www.amcad.com.tw/,0,1
上櫃,4192,杏國新藥股份有限公司,杏國,29118865,生技醫療,宜蘭縣冬山鄉中山村中山路84號,陳至孝,王惠弘,(02)2764-0826,2008/06/26,2014/10/28,351645000,http://www.syncorebio.com,0,0
上櫃,4198,欣大健康投資控股股份有限公司,欣大健康,54154754,生技醫療,臺北市內湖區新湖一路85號7樓,李沛霖,林國棟,(02)8792-2699,2013/01/07,2014/12/23,241080000,www.swissray.com,0,0
上櫃,4205,中華食品實業股份有限公司,中華食,76316325,食品工業,高雄市大樹區龍目路110之6號,陳冠呈,柯碧蘭,07-6515511,1980/05/08,1999/01/31,976492280,http://www.herngyih.com.tw/,0,0
上櫃,4207,環泰企業股份有限公司,環泰,12529007,食品工業,桃園市蘆竹區南崁路265號5樓,康智量,康智量,03-2125889,1984/07/25,2000/01/21,1886111080,www.fructose.com.tw,0,0
上櫃,4303,信立化學工業股份有限公司,信立,72104709,塑膠工業,臺南市學甲區興業路99號,張祐銘,李山龍,06-7835100,1973/06/22,1999/03/10,1324474440,http://www.hsinli.com.tw,4,24
上櫃,4304,勝昱科技股份有限公司,勝昱,12413104,塑膠工業,臺北市松山區健康路152號3樓,陳郭耀鴻,待補,26571371,1982/12/03,2000/01/27,610380650,www.sunvic.com.tw,0,0
上櫃,4305,世坤塑膠股份有限公司,世坤,22281617,塑膠工業,臺南市麻豆區麻口里麻工三路125號、127號,林璋賦,陳俊成,(06)5701211,1986/10/07,2000/09/28,550140000,https://www.shihkuen.com/zh-TW,0,0
上櫃,4401,東隆興業股份有限公司,東隆興,18770509,紡織纖維,新北市板橋區三民路二段31號19樓,游志成,游榮利,(02)2961-2112,1961/08/14,1996/05/09,1226920120,http://www.tloong.com.tw,0,0
上櫃,4402,郡都開發股份有限公司,郡都開發,56349214,紡織纖維,高雄市前金區中正四路151號9樓之1,唐承,唐銘,07-2167569,1970/04/03,1997/07/23,679918300,http://j-d.com.tw/home,0,0
上櫃,4406,新昕纖維股份有限公司,新昕纖,07652202,紡織纖維,臺北市大同區長安西路289號10樓之4,莊育霖,莊晉嘉,2552-5757,1980/04/29,1999/01/14,519120000,www.hsinsin.com.tw,0,0
上櫃,4413,飛寶企業股份有限公司,飛寶企業,22676914,紡織纖維,新北市三重區新北大道2段252號8樓,蔡煌瑯,韓佳芳,(02)25637238,1987/10/30,1999/07/29,313146890,www.estga.com,0,0
上櫃,4416,三圓建設股份有限公司,三圓,07648290,建材營造,臺北市中山區南京東路2段96號8樓,王雅萱,白昌明,(02)2563-9136,1979/12/30,2000/05/06,735862130,https://www.sumwon.com.tw,0,0
上櫃,4417,金洲海洋科技股份有限公司,金洲,91871595,紡織纖維,屏東縣新園鄉興安路12號,陳加仁,陳加仁,(07)535-2939,1973/12/24,2000/11/07,839713990,https://www.king-net.com.tw,0,0
上櫃,4419,皇家國際美食股份有限公司,皇家美食,86124493,觀光餐旅,臺南市安平區永華路二段248號15樓之6,侯佑霖,謝瑞&#29641;,06-2539588,1991/09/07,2001/06/26,1691631330,www.tsgkh.com.tw/,0,0
上櫃,4420,光明絲織廠股份有限公司,光明,29576307,紡織纖維,臺北市內湖區瑞光路607號7樓,詹正田,李業振,(02)2657-5859,1966/06/22,2002/04/18,404550000,www.kwangming.com,3,4
上櫃,4430,耀億工業股份有限公司,耀億,59021804,其他,彰化縣和美鎮四張里彰美路六段334號,王昭仁,王贊景,04-7556111,1973/11/23,2011/06/09,562736090,http://www.yaoi.com.tw/,0,0
上櫃,4432,銘旺實業股份有限公司,銘旺實,22069170,紡織纖維,新北市五股區興珍里中興路一段6號9樓之5,陳盈璇,呂清裕,(02)8976-9056,1986/02/15,2012/11/26,505890000,http://www.haksport.com/,0,0
上櫃,4433,興采實業股份有限公司,興采,23282425,紡織纖維,新北市新莊區五權二路10號1樓,陳國欽,黃松筠,02-85127888,1989/03/14,2014/11/03,612997740,www.singtex.com,0,0
上櫃,4442,開曼群島商竣邦國際股份有限公司,竣邦-KY,92791352,紡織纖維,"14F.-4, No. 186, Jian 1st Rd., Zhonghe Dist.,New Taipei City, Taiwan",高振芳,蕭志偉,02-8227-2008,2021/07/27,2023/11/29,328836490,https://www.jb-group.com.tw,0,0
上櫃,4502,健信科技工業股份有限公司,健信,55878947,電機機械,彰化縣線西鄉塭仔村彰濱東一路3號,吳明燦,吳明燦,04-7582899,1978/06/20,1995/12/12,574696860,www.rostawheels.com.tw,1,3
上櫃,4503,金雨企業股份有限公司,金雨,59260902,電機機械,彰化縣彰化市延和里埔內街411巷101號,卓政懋,卓政輿,04-7115298,1980/06/21,1996/12/19,783133260,www.alona.com.tw,0,0
上櫃,4506,崇友實業(股)公司,崇友,04416894,電機機械,臺北市中山區南京東路2段88號13樓,唐伯龍,游本立,02-2551-1166,1974/05/30,1997/12/06,1770120000,http://www.gfc.com.tw,0,0
上櫃,4510,高鋒工業股份有限公司,高鋒,55857746,電機機械,中部科學園區臺中市大雅區科雅路16號,林炎輝,陳振中,04-25662116,1979/02/03,1998/02/24,1089777240,www.kafo.com.tw,0,0
上櫃,4513,福裕事業股份有限公司,福裕,55848584,電機機械,彰化縣伸港鄉興工路34號,林聰麟,董上裕,(04)799-1126,1978/04/13,1998/03/25,1437619210,www.chevaliertw.com,0,0
上櫃,4523,永彰科技股份有限公司,永彰,22522361,電機機械,桃園市中壢區領航南路三段319號15樓,顏明宏,林柏青,03-498-2821,1987/05/04,1999/11/22,649490000,www.everbrite.com.tw,0,0
上櫃,4527,(方方土)霖冷凍機械股份有限公司,方方土霖,22551554,電機機械,高雄市梓官區赤崁北路300號,曾仲國,曾仲國,07-6192345,1988/04/05,2000/09/28,685371330,www.kuenling.com.tw,0,0
上櫃,4528,江興鍛壓工業股份有限公司,江興鍛,52604255,電機機械,臺中市西屯區協和南巷3-1號,江木山,江立夫,04-23592000,1980/09/05,2001/02/12,841656950,http://www.ch-forging.com.tw,0,0
上櫃,4529,淳紳股份有限公司,淳紳,22662904,其他,臺北市大安區光復南路630號4樓,沈瑋,藍靜嫻(代理),02-27037300,1987/11/03,2001/05/04,845490960,www.eptech.tw,0,0
上櫃,4530,天意能創股份有限公司,天意能創,36243760,觀光餐旅,臺北市中山區長安東路2段112號12樓之4,陳冠瑋,李靜綺,02-26068111,1984/09/12,2001/04/30,357949590,www.honyigroup.com,0,0
上櫃,4533,協易機械工業股份有限公司,協易機,36096704,電機機械,桃園市龜山區南上路446號,郭雅慧,李丞偉,(03)3525466,1982/03/02,2002/04/26,1784341100,https://www.seyi.com,0,0
上櫃,4534,慶騰精密科技股份有限公司,慶騰,84189908,電機機械,苗栗縣頭份市蘆竹里中華路487巷20號,王瑞甫,王興威,(037)626123,1993/02/23,2003/03/31,867889480,www.trinity-ptc.com,0,0
上櫃,4535,至興精機股份有限公司,至興,22794503,電機機械,彰化縣伸港鄉溪底村工八路3號,吳崇儀,吳宗明,04-7990118,1988/03/17,2003/04/16,756617400,www.fineblanking.com.tw,0,0
上櫃,4538,大詠城機械股份有限公司,大詠城,60256758,電機機械,彰化縣鹿港鎮鹿工南六路23號1樓、2樓,謝順民,謝宜軒,04-7813033,1980/01/10,2019/01/15,594696040,www.wsmc.com.tw,0,0
上櫃,4541,晟田科技工業股份有限公司,晟田,86263092,其他,高雄市路竹區北嶺二路11號,謝永昌,黃寶文,07-6955331,1991/08/15,2014/07/22,676470680,www.maicl.com,0,0
上櫃,4542,科嶠工業股份有限公司,科嶠,70730016,電子零組件,桃園市龜山區明興街308號,吳明致,林豐正,(03)359-1777,2000/03/27,2014/08/25,352542580,http://www.asianeotech.com,0,0
上櫃,4543,萬在工業股份有限公司,萬在,22212598,電機機械,臺南市關廟區中山路2段260號,萬正乾,萬正乾,06-5952614,1984/05/07,2016/03/15,627609150,http://www.manzai.com.tw,0,0
上櫃,4549,桓達科技股份有限公司,桓達,80132123,電機機械,新北市土城區自強街16號,吳定國,吳定國,(02)22696789,2003/01/30,2014/11/27,570024450,http://www.fine-tek.com,0,0
上櫃,4550,長佳機電工程股份有限公司,長佳,84271478,電機機械,臺北市內湖區基湖路10巷1號8樓,王才翔,吳陽明,02-66066789,1993/05/17,2015/03/18,378387830,http://www.changjia.com.tw,0,0
上櫃,4554,橙的電子股份有限公司,橙的,27601913,其他電子,中部科學園區臺中市大雅區科雅路29號5樓,許欽堯,許欽堯,04-2560-2766,2005/01/20,2016/08/05,302765840,www.orange-electronic.com,0,0
上櫃,4556,旭然國際股份有限公司,旭然,01517102,其他,雲林縣斗六市科加六路15號,何宜臻,何宜瑾,(05)551-2322,1985/11/05,2015/12/22,423028400,https://www.filtrafine.com.tw,0,0
上櫃,4558,寶緯工業股份有限公司,寶緯,23209895,電機機械,彰化縣永靖鄉中山路3段220巷3號1樓,詹&#21234;霖,詹&#21234;國,04-8886999,1989/03/09,2022/03/17,500000000,http://www.alformer.com.tw,0,0
上櫃,4561,健椿工業股份有限公司,健椿,59362767,電機機械,彰化縣線西鄉彰濱東七路16號,世大茂投資股份有限公司,葉冠妗,04-7910271,1983/12/14,2018/06/11,585216190,www.kenturn.com.tw,0,0
上櫃,4563,百德機械股份有限公司,百德,86195222,電機機械,臺中市大甲區工六路3號,謝瑞木,謝天昕,04-26821277,1991/05/23,2018/07/12,549500000,www.quaser.com,0,0
上櫃,4568,科際精密股份有限公司,科際精密,54705928,電機機械,新北市中和區建康路6號5樓、8號5樓,張智,張智,02-2226-6860,2014/03/19,2018/10/03,320451250,https://www.koge.com/?nclang=T,0,0
上櫃,4577,達航科技股份有限公司,達航科技,86078580,其他電子,臺中市大甲區日南里工一路21號,葉勝發,葉勝發,04-26810607,1991/02/25,2022/06/14,491379980,www.ofunatech.com,0,0
上櫃,4580,捷流閥業股份有限公司,捷流閥業,15877936,電機機械,新北市土城區中山路9號,楊大中,錢佩玲,02-22698000,1980/06/27,2020/01/06,468031090,www.valuevalves.com,0,0
上櫃,4584,君帆工業股份有限公司,君帆,69777435,電機機械,臺南市永康區王行里永科環路118號,胡進財,胡正杰,06-2334879,1983/04/27,2022/10/05,300024000,https://jfc.co.com/zh-hant,0,0
上櫃,4609,唐鋒實業股份有限公司,唐鋒,34097236,居家生活,桃園市中壢區南園路2之20號,李振吉,周文洪,03-4529888,1976/07/12,2000/05/19,479468200,www.airlux.com.tw,0,0
上櫃,4702,中美聯合實業股份有限公司,中美實,11121403,居家生活,臺北市大安區敦化南路2段76號12樓,王宣懿,廖椿沄,27038496,1964/01/09,1995/04/21,723332000,http://www.aicgroup.com.tw,0,0
上櫃,4706,大恭化學工業股份有限公司,大恭,11051504,化學工業,臺北市南港區八德路四段778號7樓,鄧加惠,張榮華,(02)-27859081,1966/04/20,1998/04/17,790300930,www.tkc.com.tw,0,0
上櫃,4707,磐亞股份有限公司,磐亞,05712099,化學工業,臺北市中正區新生南路一段50號11樓,王貴賢,王皆誼,2351-1212,1982/04/06,1998/05/20,4138081510,http://www.pacc.com.tw,9,17
上櫃,4711,永純化學工業股份有限公司,永純,35108702,化學工業,桃園市蘆竹區坑口里海山路681號,林誠謙,林誠謙,(02)25620950,1965/07/31,1999/02/24,610560000,www.yschem.com.tw,0,0
上櫃,4714,永捷創新科技股份有限公司,永捷,86123874,化學工業,臺南市安定區安加里安定258之26號,張祐銘,蕭世能,06-5920381,1991/08/29,2000/03/27,2218381880,http://www.u-best-inno.com/,4,24
上櫃,4716,大立高分子工業股份有限公司,大立,85004174,化學工業,高雄市永安區維新里永工二路18號,成大職業帆船(股)公司代表人：洪玉升,楊文忠,07-2257200,1970/07/21,2000/03/27,944271910,www.daily-polymer.com,0,0
上櫃,4721,美琪瑪國際股份有限公司,美琪瑪,86688957,化學工業,桃園市觀音區大同一路15號,嚴隆財,嚴文志,03-4833788,1992/06/30,2001/03/09,749863040,www.mechema.com,0,0
上櫃,4726,永昕生物醫藥股份有限公司,永昕,12905993,生技醫療,新竹科學園區新竹縣竹北市生醫二路66號7樓,陳佩君,陳佩君,03-6670880,2001/09/28,2013/12/25,2070418000,https://www.mycenax.com,0,0
上櫃,4728,雙美生物科技股份有限公司,雙美,12744147,生技醫療,臺南市新市區環東路1段31巷10號1樓,林齊國,林明毅,06-5053288,2001/02/06,2012/01/10,544630000,http://www.sunmaxbiotech.com,0,0
上櫃,4729,熒茂光學股份有限公司,熒茂,27800048,光電,高雄市路竹區路科三路7號,方敏宗,林盈杉,(07)6955699,2005/05/26,2009/02/24,792267410,http://www.mildex.com.tw,2,4
上櫃,4735,豪展醫療科技股份有限公司,豪展,96965874,生技醫療,新北市三重區光復路1段78號9樓,莊明輝,楊朝欽,(02)85121568,1996/05/14,2011/08/16,415687580,http://www.avita.com.tw,0,0
上櫃,4741,泓瀚科技股份有限公司,泓瀚,80627878,化學工業,新竹市大湖路173之2號,呂(木宜)境,呂(木宜)境,03-5181666,2004/01/02,2017/09/26,348120790,http://www.jetbest.com,0,0
上櫃,4743,合一生技股份有限公司,合一,29108260,生技醫療,臺北市中正區忠孝西路1段66號35樓,郭憲壽,王月汝,02-27031098,2008/06/02,2011/09/23,4805334860,http://www.onenessbio.com,0,0
上櫃,4744,皇將科技股份有限公司,皇將,80234971,生技醫療,臺中市大里區仁化里工業九路190號,林益裕,林益裕,(04)2496-3666,2002/08/19,2018/07/12,569484500,https://www.cvctechnologies.com.tw/,0,0
上櫃,4745,合富醫療控股股份有限公司,合富-KY,09906168,生技醫療,"Suite 102, Cannon Place, North Sound Rd., George Town,P.O. Box 712,Grand Cayman, KY1-9006, Cayman Islands",王瓊芝,李惇,(02)2325-2008,2005/11/04,2013/01/30,662205470,www.cowealthholding.com,0,0
上櫃,4747,強生化學製藥廠股份有限公司,強生*,35348007,生技醫療,新北市三重區三和路4段77號、79號,黃柏熊,蘇浩熙,(02)2989-4756,1966/12/15,2013/12/25,454610320,https://www.jcpjohnson.com.tw/,0,0
上櫃,4749,新應材股份有限公司,新應材,80551069,半導體,桃園市龍潭區三和里新和路455號,詹文雄,郭光埌,03-4072100,2003/09/25,2025/01/17,947328650,http://www.aemc.com.tw,0,0
上櫃,4754,國碳科技股份有限公司,國碳科,16446422,化學工業,桃園市蘆竹區濱海里中圳街176號,賀東光,林東和,03-3542168,1998/05/11,2016/09/28,302832150,http://www.incatech.com.tw/,0,0
上櫃,4760,勤凱科技股份有限公司,勤凱科技,28732006,其他電子,高雄市大寮區大有三街32號,曾聰乙,曾聰乙,07-7873287,2007/06/08,2019/03/21,327782890,http://www.ampletec.com.tw/,0,0
上櫃,4767,誠泰工業科技股份有限公司,誠泰科技,88744414,化學工業,高雄市路竹區路科三路1號,王勝義,蘇忠仁,(07)695-5222,1983/06/13,2018/10/29,314150000,http://www.chetay.com.tw,0,0
上櫃,4768,晶呈科技股份有限公司,晶呈科技,53278617,化學工業,苗栗縣竹南鎮大埔里公義路462巷58號,陳亞理,陳亞理,(037)585-218,2010/12/16,2022/04/13,482002880,http://www.ingenteccorp.com,0,0
上櫃,4772,台灣特品化學股份有限公司,台特化,54224077,化學工業,彰化縣線西鄉寓埔村彰濱西三路1號,徐秀蘭,張雄飛,(04)791-1072,2013/03/27,2024/09/20,1476815520,https://www.tscs.com.tw,0,0
上櫃,4804,大略國際控股有限公司,大略-KY,41244424,觀光餐旅,"11 F., No. 101, Sec. 2, Nanjing E. Rd., Zhongshan Dist., Taipei CityTaiwan (R.O.C.)",蔡輝明,張瀠方,02-27011052,2011/08/05,2015/12/04,719919200,https://dalue.co/,0,0
上櫃,4806,桂田文創娛樂股份有限公司,桂田文創,70557661,文化創意,臺北市內湖區新明路298巷6號4樓,謝汶芳,謝汶芳,07-398-3337,2000/05/09,2016/03/09,699241070,https://www.ktcce.com.tw/,0,0
上櫃,4903,聯合光纖通信股份有限公司,聯光通,21223267,通信網路,新竹科學園區新竹市研新四路12號,林郁昌,營運總經理賴浩民,03-5779211,1986/04/02,2001/05/14,1053437140,www.ufoc.com.tw,0,0
上櫃,4905,台聯電訊股份有限公司,台聯電,23882531,生技醫療,臺北市內湖區瑞光路108號3樓,華盛國際投資股份有限公司,黃仲康,02-26583000,1990/08/03,2001/12/07,292600440,www.tainet.com.tw,0,0
上櫃,4907,富宇地產股份有限公司,富宇,22099391,建材營造,臺中市西屯區潮洋里市政北二路238號16樓之3,張世欣,鍾堯明,(04)2258-5357,1988/08/26,2002/03/04,1181457780,www.fuyu-property.com.tw,0,0
上櫃,4908,前鼎光電股份有限公司,前鼎,16634613,通信網路,新竹縣湖口鄉鳳山村自強路3號,葉政彥,李昌祐,(03)5986799,1998/07/20,2002/02/27,782169070,www.apacoe.com.tw,0,0
上櫃,4909,新復興微波通訊股份有限公司,新復興,45163295,通信網路,桃園市新屋區望間里10鄰15間45號,張永輝,張永輝,03-4722191,1984/11/30,2002/11/28,933568640,www.nee.com.tw,0,0
上櫃,4911,德英生物科技股份有限公司,德英,80225425,生技醫療,臺南市安南區媽祖宮里科技五路92號,郭國華,郭國華,06-3840890,2002/08/06,2011/03/21,688171330,www.geherbs.com.tw,2,3
上櫃,4923,力士科技股份有限公司,力士,28733011,半導體,新北市新莊區思源路555號(24樓),鍾明道,鍾明道,02-8976-9223,2007/06/11,2022/03/14,369403600,http://www.force-mos.com,0,0
上櫃,4924,欣厚科技股份有限公司,欣厚-KY,53025260,綠能環保,臺北市中山區長安東路一段16號7樓之2,劉鳳君,顧小美,02-2567-7111,2009/10/16,2011/10/18,371644090,http://www.hsihou.com/,0,0
上櫃,4931,新盛力科技股份有限公司,新盛力,70848850,電腦及週邊設備,高雄市前鎮區西十五街1號,張中秋,張中秋,(07)8411501,2004/07/26,2019/09/17,655657610,https://www.stl-tech.com,0,0
上櫃,4933,友輝光電股份有限公司,友輝,80660088,光電,桃園市大溪區新光東路80號,吳昕杰,辛隆賓,03-3074830,2003/12/31,2011/07/29,826626750,WWW.UBRIGHT.COM.TW,0,0
上櫃,4939,亞洲電材股份有限公司,亞電,80494173,電子零組件,新竹縣竹北市環科一路3號6樓之7,李建輝,李建輝,03-6569308,2003/07/07,2011/09/19,982008680,http://www.aemg.com.tw/,0,0
上櫃,4946,紅心辣椒娛樂科技股份有限公司,辣椒,28222209,文化創意,臺北市內湖區瑞光路583巷31號3樓,鄧潤澤,蕭雅馨,02-8751-1699,2006/09/21,2011/06/10,88528160,http://www.wasabii.com.tw/,0,0
上櫃,4950,金耘國際股份有限公司,金耘國際,24302624,鋼鐵工業,臺南市柳營區工二路10號,王炯棻,黃建中,06-6520031,2008/10/24,2012/04/27,577291070,www.gwinic.com,0,0
上櫃,4951,精拓科技股份有限公司,精拓科,80333472,半導體,新竹縣竹北市台元二街10號7樓之1,黃德燻,黃德燻,(03)5600168,2002/05/10,2022/11/03,341487130,http://www.fintek.com.tw,0,0
上櫃,4953,緯致科技股份有限公司,緯致,86714857,資訊服務,新北市汐止區新台五路一段93號32樓,蕭清志,蕭清志,02-77458888,1992/06/01,2014/01/08,743263860,https://www.wits.com/tw/,0,0
上櫃,4966,譜瑞科技股份有限公司,譜瑞-KY,28422591,半導體,臺北市內湖區瑞光路335號14樓,趙捷,曲明,02-2627-9109,2005/11/15,2011/09/13,789577880,http://www.paradetech.com,0,0
上櫃,4971,英特磊科技股份有限公司,IET-KY,39954594,半導體,"PO Box 309, Ugland House, Grand Cayman, KY1-1104, Cayman IslandsCayman Islands",高永中,Kevin Vargason,+1-9722340068,2011/04/26,2013/07/24,471857430,www.intelliepi.com.tw,0,0
上櫃,4972,湯石照明科技股份有限公司,湯石照明,86831927,光電,新北市樹林區樹東里博愛街236號4樓,湯士權,洪家政,02-86857855,1992/08/20,2013/06/17,568885870,http://www.tonslight.com/,0,0
上櫃,4973,廣穎電通股份有限公司,廣穎電通,80161908,半導體,臺北市內湖區洲子街106號7樓,陳慧民,陳慧民,02-8797-8833,2003/02/18,2012/06/19,652928430,www.silicon-power.com,0,0
上櫃,4974,亞泰影像科技股份有限公司,亞泰,80640083,電子零組件,新北市中和區中原里中正路880號2樓、2樓之1、2樓之2、2樓之3,賴以仁,賴以仁/吳淑品,(02)8228-6401,2004/01/20,2011/11/29,725001040,www.atii.com.tw,1,3
上櫃,4979,華星光通科技股份有限公司,華星光,12927477,通信網路,桃園市中壢區合江路6號,簡惠敏,蘇昭陽(代理),(03)452-5188,2001/11/15,2011/12/12,1428020270,www.luxnetcorp.com.tw,0,0
上櫃,4991,環宇通訊半導體控股股份有限公司,環宇-KY,38612141,半導體,"23155 Kashiwa CourtTorrance, California, USA",黃大倫,安寶信( 總執行長暨總裁),02-87986922,2010/11/30,2014/09/15,1213633720,http://gcsincorp.com,0,0
上櫃,4995,晶達光電股份有限公司,晶達,70783202,光電,新北市新店區寶橋路235巷131號6樓之1,李英珍,金仲仁,(02)8919-1858,2000/08/18,2012/05/09,425920360,www.litemax.com.tw,0,0
上櫃,5009,榮剛材料科技股份有限公司,榮剛,84252697,鋼鐵工業,臺南市新營區新中路35號1樓,王炯棻,康永昌,06-6520031,1993/03/19,1998/10/17,6024711970,www.gmtc.com.tw,0,0
上櫃,5011,久陽精密股份有限公司,久陽,07926511,鋼鐵工業,高雄市三民區九如一路502號25樓之3,黃俊義,吳柏成,07-3966999,1984/11/21,1999/05/06,1006739220,www.ofco.com.tw,0,0
上櫃,5013,強新工業股份有限公司,強新,84703335,鋼鐵工業,臺南市佳里區海澄里萊芉寮12之19號,吳孟縈,方聰偉,06-7263311,1993/11/25,2000/05/08,1334160000,www.newbest.com.tw,0,0
上櫃,5014,建錩實業股份有限公司,建錩,43912787,鋼鐵工業,桃園市大園區田心里大觀路178號,李慶柏,李慶柏,(03)385-6985,1983/07/28,2001/02/15,1832650540,www.chainchon.com,0,0
上櫃,5015,華祺工業股份有限公司,華祺,12494555,鋼鐵工業,桃園市中壢區內定里松江北路29號,葉明彥,張順立,03-4511493,1984/05/22,2000/12/15,606391890,https://www.rodex.com.tw/,0,0
上櫃,5016,松和工業股份有限公司,松和,85611896,鋼鐵工業,南投縣南投市永豐里南崗三路61號,林廷芳,李金南,049-2253551,1972/09/15,2001/03/05,496220760,http://www.songho.com,3,21
上櫃,5201,凱衛資訊股份有限公司,凱衛,21261212,資訊服務,臺北市松山區光復北路11巷35號5樓,王崇旭,馮國書,(02)2528-1335,1985/05/22,2000/10/12,386746000,WWW.KWAY.COM.TW,0,0
上櫃,5202,力新國際科技股份有限公司,力新,22645531,資訊服務,臺北市內湖區新湖一路128巷15號6樓,李雲琴,鍾宇軒,(02)7721-0111,1987/09/30,2000/10/18,890940000,www.newsoft.com.tw,0,0
上櫃,5205,中茂能資系統整合科技(股)公司,中茂,23533366,綠能環保,高雄市苓雅區中正二路175號20樓之3,李建賢,詹益國,(02)2658-7118,1989/12/13,2001/05/14,142000000,http://www.twget.com.tw/,0,0
上櫃,5206,坤悅開發股份有限公司,坤悅,04738240,建材營造,臺中市西屯區市政路402號19樓之2,陳丕岳,陳丕岳,(04)2258-8809,1975/10/06,2001/10/08,1800933750,www.kunyue.com.tw,0,0
上櫃,5209,新鼎系統股份有限公司,新鼎,22619999,其他,臺北市北投區福善路16號11樓,鍾士偉,謝仁興,(02)2785-3839,1987/08/03,2002/02/25,285672240,www.asi.ctci.com,0,0
上櫃,5210,寶碩財務科技股份有限公司,寶碩,23131763,資訊服務,臺北市松山區八德路二段358號6樓之1,許榮唐,和珮筠,02-8791-9799,1988/11/23,2002/04/25,821777790,http://www.apex.com.tw,0,0
上櫃,5211,蒙恬科技股份有限公司,蒙恬,86287778,資訊服務,新竹市立功里光復路2段2巷47號7樓,蔡義泰,洪成安,03-5722691,1991/09/24,2002/12/23,320247270,http://www.penpower.com.tw,0,0
上櫃,5212,凌網科技股份有限公司,凌網,16541333,資訊服務,新竹縣竹北市台元一街8號5樓之6,賴洋助,賴洋助,03-5601296,1998/07/03,2003/03/24,346330000,www.hyweb.com.tw,0,0
上櫃,5213,亞昕國際開發股份有限公司,亞昕,89961389,建材營造,新北市新莊區思源路555號30樓,姚政岳,余世浩,02-8522-9722,1995/01/16,2003/04/24,7213343260,www.yeashin.com.tw,0,0
上櫃,5220,萬達光電科技股份有限公司,萬達光電,80082329,光電,宜蘭縣蘇澳鎮頂平路22號,黃素真,范志明,03-9908282,2002/11/18,2018/04/26,396670000,www.higgstec.com.tw,0,0
上櫃,5223,安力國際股份有限公司,安力-KY,53000726,電腦及週邊設備,新北市新莊區富貴路558號3樓,許振焜,許振焜,(02)8522-7056,2010/06/23,2018/07/02,445497810,www.anli-group.com,0,0
上櫃,5227,蓋曼群島商立凱電能科技(股)公司,立凱-KY,31604336,電子零組件,"No. 236, Huannan Road,Guanyin District, Taoyuan City",張聖時,朱瑞陽,03-364-6655,2007/11/16,2013/12/09,960000000,www.aleees.com,0,0
上櫃,5228,鈺鎧科技股份有限公司,鈺鎧,86667046,電子零組件,臺中市南屯區精科東路15號,黃其集,黃其集,04-23592860,1992/05/21,2022/05/20,380562530,http://www.maxecho.com.tw,0,0
上櫃,5230,雷笛克光學股份有限公司,雷笛克光學,28951775,光電,新北市中和區中原里板南路655號15樓,唐德龍,唐德龍,02-82276126,2008/03/27,2012/06/05,563038310,www.ledlink-optics.com,0,0
上櫃,5245,智晶光電股份有限公司,智晶,28023412,光電,新竹科學園區苗栗縣竹南鎮科北二路8號,王鴻鈞,葉文欽,(037)587168,2005/11/03,2015/05/25,451271410,http://www.wisechip.com.tw/,0,0
上櫃,5251,天鉞電子股份有限公司,天鉞電,86710851,光電,新北市中和區中正路700號3樓之3,汪攘夷,徐宛瑜,02-82278582,1992/05/23,2012/11/26,337333770,www.secufirst.com.tw,0,0
上櫃,5263,智崴資訊科技股份有限公司,智崴,13158496,文化創意,高雄市前鎮區復興四路9號,歐陽志宏,歐陽志宏,07-5372869,2001/10/30,2012/12/18,789368910,https://www.brogent.com/,0,0
上櫃,5272,笙科電子股份有限公司,笙科,27952369,半導體,新竹縣竹北市台元街18號10樓之1、之2,曾三田,林芳利,(03)5601717,2005/09/23,2013/05/30,552761180,www.amiccom.com.tw,0,0
上櫃,5274,信驊科技股份有限公司,信驊,27490748,半導體,新竹市東區光復里公道五路三段1號4樓之1,林鴻明,林鴻明,03-5751185,2004/11/15,2013/04/30,415829530,https://www.aspeedtech.com,0,0
上櫃,5276,達輝股份有限公司,達輝-KY,38547064,其他,"3F, No.27 ,Alley 16, Lane 337, Sec.1,Ta-Tung Rd.,New Taipei City 22161, Taiwan",徐鉦鑑,徐盟傑,02-2649-7298,2011/12/01,2014/06/12,395000000,www.da-hui.com.tw,0,0
上櫃,5278,尚凡國際創新科技股份有限公司,尚凡*,80283629,數位雲端,臺北市大安區羅斯福路3段37號5樓,舒雨凡,林志銘,02-23650103,2002/10/07,2013/06/04,300000000,www.i-part.com.tw,0,0
上櫃,5287,數字科技股份有限公司,數字,28466605,數位雲端,新北市三重區重新路五段609巷12號10樓,廖世芳,吳聰賢,(02)2999-5691,2007/01/23,2014/01/20,603100500,http://www.addcn.com,0,0
上櫃,5289,宜鼎國際股份有限公司,宜鼎,27565769,電腦及週邊設備,新北市汐止區大同路1段237號5樓,簡川勝,簡川勝,02-77033000,2005/03/16,2013/11/27,982899310,www.innodisk.com,0,0
上櫃,5291,邑昇實業股份有限公司,邑昇,84808400,電子零組件,桃園市龜山區山鶯路中華巷2號,簡榮坤,李上治,03-3596066,1994/03/22,2014/12/23,418906060,http://www.eiso.com.tw,0,0
上櫃,5299,杰力科技股份有限公司,杰力,28935446,半導體,新竹縣竹北市竹北里台元街22號4樓之1,李啟隆,吳嘉連,03-5600689,2008/03/03,2018/01/23,508889810,http://www.excelliancemos.com,0,0
上櫃,5301,寶得利國際股份有限公司,寶得利,30866141,觀光餐旅,臺北市信義區基隆路2段51號6樓,黃武琦,梁哲華,02-8921-1333,1978/10/06,1990/06/25,539288460,http://www.cjwtaiwan.com/,0,0
上櫃,5302,太欣半導體股份有限公司,太欣,47255828,半導體,新竹科學園區新竹市東區科技路5號5樓,王國肇,陳金國,2659-0055,1983/06/08,1991/01/17,1598883490,www.stk.com.tw,0,0
上櫃,5309,系統電子工業股份有限公司,系統電,20768310,電子零組件,臺北市內湖區堤頂大道一段1號6樓,李益仁,謝東富,(02)2790-0088,1977/10/14,1996/03/18,2309674510,www.sysgration.com,0,0
上櫃,5310,天剛資訊股份有限公司,天剛,23534251,資訊服務,臺北市大同區承德路2段81號8樓之2,張申曄,張申曄,(02)7737-0927,1989/12/28,1996/04/09,289435170,www.cgs.com.tw,0,0
上櫃,5312,寶島光學科技股份有限公司,寶島科,23530966,生技醫療,新北市汐止區新台五路一段97號16樓,蔡國洲,蔡宜珊,26972886,1989/11/09,1996/05/25,600598980,www.formosa-optical.com.tw,0,0
上櫃,5314,世紀民生科技股份有限公司,世紀*,22099815,其他,臺南市安平區永華路2段248號8樓之6,張祐銘,張碩文,06-2988158,1991/07/29,1996/09/16,146000000,www.myson.com.tw,4,24
上櫃,5315,光聯科技股份有限公司,光聯,22100405,光電,臺中市潭子區(潭子科技產業園區)建國路12號,陳江源,葉建文,04-25314277,1990/06/26,1996/11/02,1063518320,www.urt.com.tw,0,0
上櫃,5321,美而快國際股份有限公司,美而快,44043132,數位雲端,臺北市南港區重陽路203巷29號9樓,廖承豪,王志仁,(02)2651-8257,1983/07/05,1996/12/30,595431490,https://www.unitedrecommend.com/,0,0
上櫃,5324,士林開發股份有限公司,士開,05147030,建材營造,臺北市士林區中山北路六段90號8樓,許玉山,林信成,(02)2834-8392,1984/01/23,1997/01/30,2263790900,www.sldc.com.tw,0,0
上櫃,5328,華容股份有限公司,華容,76409479,電子零組件,高雄市大寮區民貴街60巷5號1樓,瑞軒科技股份有限公司-代表人吳春發,許志彰,(07)7015333,1983/04/20,1997/08/28,1727107240,http://www.hjc.com.tw,0,0
上櫃,5340,建榮工業材料股份有限公司,建榮,86691377,電子零組件,桃園市楊梅區瑞原里民豐路277號,吉田浩一,石丸久幸,03-4754728,1992/08/12,1998/01/20,1948939640,http://www.baotek.com.tw,0,0
上櫃,5344,立衛科技股份有限公司,立衛,22099316,半導體,新竹科學園區新竹市力行五路9號,沈炳輝,許文景,03-5770345,1988/04/01,1998/03/23,794474600,www.vate.com.tw,0,0
上櫃,5345,馥鴻建設股份有限公司,馥鴻,23827860,其他,臺北市中山區南京東路3段65號7樓,王昭卿,王昭卿,02-77016887,1990/10/19,1998/03/23,377950000,www.full-home.com.tw,0,0
上櫃,5347,世界先進積體電路股份有限公司,世界,84149358,半導體,新竹科學園區新竹縣園區三路123號,方略,尉濟時,03-5770355,1994/12/05,1998/03/25,18785021920,www.vis.com.tw,0,0
上櫃,5348,正能量智能股份有限公司,正能量智能,22099673,運動休閒,新竹科學園區苗栗縣竹南鎮科中路31號3樓,胡湘麒,蕭世芳,037-585920,1990/12/03,1998/04/29,147759170,https://www.emtgroup.com.tw/,5,20
上櫃,5351,鈺創科技股份有限公司,鈺創,22099694,半導體,新竹科學園區新竹市科技五路6號,盧超群,鄧茂松,(03)5782345,1991/02/01,1998/05/15,3286367810,https://www.etron.com,0,0
上櫃,5353,台林電通股份有限公司,台林,12278439,通信網路,桃園市蘆竹區內厝里榮安路10號,陳俊廷,陳俊廷,03-3222201,1980/04/10,1998/05/18,765000000,www.tailyn.com.tw,0,0
上櫃,5355,佳總興業股份有限公司,佳總,23063420,電子零組件,桃園市桃園區興邦路39之4號,曾繼立,缺額待補,03-3667382,1988/09/19,1998/06/23,775000000,www.gia-tzoong.com.tw,0,0
上櫃,5356,協益電子股份有限公司,協益,35229109,電腦及週邊設備,臺北市中正區館前路49號3樓,林欽淼,王化立,(02)7725-5356,1969/01/08,1998/07/20,1030400000,http://www.sirtec.com.tw,0,0
上櫃,5364,力麗觀光開發股份有限公司,力麗店,23615486,觀光餐旅,臺北市中山區松江路162號3樓,楊竫如,葉家豪(職務代理),(02)21002128,1990/01/24,1998/12/07,638499400,www.lealeahotel.com,0,0
上櫃,5381,光譜電工股份有限公司,光譜,86332422,電機機械,桃園市觀音區榮工南路8號,&#20931;俊光,謝炳輝,03-483-6852,1991/09/06,1999/03/19,2076905620,https://spe-group.com.tw,0,0
上櫃,5386,青雲國際科技股份有限公司,青雲,21224842,電腦及週邊設備,新北市中和區中正路716號6樓,柯聰源,邱陳振 (代理總經理),02-82273277,1984/06/26,1999/05/13,541213220,http://www.albatron.com.tw,0,0
上櫃,5392,能率創新股份有限公司,能率,84901089,光電,臺北市松山區復興北路101號10樓,董俊仁,胡湘麒,(02)25472089,1994/12/29,1999/06/14,1800933880,www.avy.com.tw,0,0
上櫃,5398,慕康生技醫藥股份有限公司,慕康生醫,04669623,其他,新北市汐止區大同路1段239號16樓之1,林憲宏,陳正林,2641-5398,1978/06/22,1999/10/11,494654600,http://www.mediera.com.tw,0,0
上櫃,5403,中菲電腦股份有限公司,中菲,12358067,資訊服務,臺北市內湖區行愛路151號8樓,莊斯威,張樹義,81705168,1981/11/21,1999/10/15,781207220,http://www.ddsc.com.tw,0,0
上櫃,5410,國眾電腦股份有限公司,國眾,01517124,資訊服務,臺北市內湖區陽光街298號3樓,王超群,&#28201;健良,(02)2799-6789,1985/09/13,1999/11/26,933686230,www.leosys.com,0,0
上櫃,5425,台灣半導體股份有限公司,台半,34286449,半導體,新北市新店區北新路三段205號11樓,王秀亭,王興磊,89131588,1979/01/18,2000/02/21,2634854860,www.taiwansemi.com,0,0
上櫃,5426,振發實業股份有限公司,振發,35320697,電腦及週邊設備,新北市三重區光復路2段25號,蔡宗勳,蔡宗勳,2995-1436,1972/07/17,2000/02/09,1438000000,www.chengfwa.com.tw,0,0
上櫃,5432,新門科技股份有限公司,新門,23746488,綠能環保,臺北市內湖區行忠路42號6樓,陳政隆,陳政隆,(02)77210240,1990/05/21,2000/03/21,206878040,https://www.solomon-es.com.tw,4,18
上櫃,5438,東友科技股份有限公司,東友,16091527,電腦及週邊設備,臺北市內湖區南京東路6段503號12樓,黃育仁,邱耀德,(03)4733112,1997/09/08,2000/06/17,1125365650,http://www.tecoimage.com.tw/,0,0
上櫃,5439,高技企業股份有限公司,高技,22773079,電子零組件,桃園市桃園區興邦路43巷3號,張景山,李泰輝,03-3767800,1988/01/29,2000/06/26,929757520,http://www.fht.com.tw,0,0
上櫃,5443,均豪精密工業股份有限公司,均豪,33838628,半導體,新竹科學園區新竹縣寶山鄉創新一路5-1號4樓,陳政興,執行長：梁又文,03-5639999,1978/12/22,1998/02/09,1647466440,https://www.gpmcorp.com.tw/index.php,0,0
上櫃,5450,南良國際股份有限公司,南良,23438530,其他,臺北市內湖區陽光街349號6樓,蕭登波,王凌霜,(02)2659-1588,1989/08/11,2000/08/22,1224032390,www.namliong-global.com,0,0
上櫃,5452,佶優科技股份有限公司,佶優,86266274,其他電子,新北市土城區自強街8號,馬康華,林日旺,02-2269-6669,1991/08/20,2000/10/02,1487636690,www.unicgroup.com,0,0
上櫃,5455,昇益開發股份有限公司,昇益,86233176,建材營造,新竹市東區公道五路二段417號11樓,陳文熾,陳文熾,03-5753189,1991/07/06,2000/10/19,655018130,www.signality.com.tw,0,0
上櫃,5457,宣德科技股份有限公司,宣德,23866949,電子零組件,桃園市龜山區民生北路1段568號,蔡鎮隆,蔡鎮隆,03-2120088,1990/10/16,2000/09/29,1962370000,www.speedtech.com.tw,0,0
上櫃,5460,同協電子股份有限公司,同協,33701355,電子零組件,新北市新莊區民安路429巷1號,劉定泮,盧光輝(代理),(02)22022241,1972/12/14,2000/09/28,587781300,www.mustang-group.com,0,0
上櫃,5464,霖宏科技股份有限公司,霖宏,89396770,電子零組件,嘉義縣民雄鄉福樂村中山路6號,張枋霖,張枋霖,05-2216696,1995/06/21,2000/11/08,710714900,www.lhtech.com.tw,0,0
上櫃,5465,富驊企業股份有限公司,富驊,36270626,電腦及週邊設備,臺南市安南區安和路二段54巷225號,王駿東,王駿東,(06)356-0606,1984/07/23,2000/11/08,1476826290,http://lfe-ww.com/zh-hant/,0,3
上櫃,5468,凱鈺科技股份有限公司,凱鈺,84149245,半導體,新竹科學園區新竹市東區科技五路6號1樓,胡炳南,胡炳昆,03-5787720,1994/07/21,2001/01/17,589229090,www.tmtech.com.tw,0,0
上櫃,5474,聰泰科技開發股份有限公司,聰泰,23902678,電腦及週邊設備,臺北市中正區忠孝東路2段88號18樓,趙希政,林宏沛,(02)23921233,1990/10/01,2001/03/20,397569440,https://www.yuan.com.tw,0,0
上櫃,5475,德宏工業股份有限公司,德宏,97178087,電子零組件,桃園市楊梅區楊湖路2段718號,劉暉麟,劉志浩,03-4726448,1997/03/21,2001/01/16,1271270170,http://www.glotechgf.com,0,0
上櫃,5478,智冠科技股份有限公司,智冠,81231585,文化創意,高雄市三民區民壯路61號2樓,王思淳,李殷獎,(07)815-0988,1983/07/15,2001/03/29,1560743320,www.soft-world.com,0,0
上櫃,5481,新華泰富股份有限公司,新華,23790625,其他,臺北市中山區長春路328號8樓之1,黃泰,林宗翰,02-25452588,1990/06/18,2001/04/27,714028910,http://www.sinotact.com/,0,0
上櫃,5483,中美矽晶製品股份有限公司,中美晶,47238650,半導體,新竹科學園區新竹市工業東二路8號4樓,徐秀蘭,陳振乾,03-577-2233,1981/01/21,2001/03/02,6412216510,http://www.saswafer.com,0,0
上櫃,5487,通泰積體電路股份有限公司,通泰,22321575,半導體,新北市中和區建一路166號6樓,福豐盛投資股份有限公司,郭榮邦,02-82265916,1986/10/14,2001/02/20,242225160,www.tontek.com.tw,0,0
上櫃,5488,松普科技股份有限公司,松普,43900488,電子零組件,桃園市龜山區大華里頂湖五街3號,駱國呈,駱秀勇,03-3285480,1983/05/21,2001/03/12,915861240,http://www.sunfpu.com.tw,0,0
上櫃,5489,彩富電子股份有限公司,彩富,86157450,其他電子,臺北市內湖區洲子街116號9樓,陳春生,張建湘,(02)2659-8898,1991/07/16,2001/03/12,1027064410,http://www.dynacolor.com.tw,0,0
上櫃,5490,同亨科技股份有限公司,同亨,84149929,電腦及週邊設備,新竹科學園區新竹縣工業東九路30號4樓,張永銘,胡鉉宗,03-5772738,1997/04/08,2001/05/14,961522010,https://www.xac.com.tw,0,0
上櫃,5493,三聯科技股份有限公司,三聯,03051501,其他電子,臺北市大安區復興南路1段390號5樓之3,林大鈞,林家慶,02-27081730,1967/02/20,2001/05/03,436892550,https://www.sanlien.com.tw,5,22
上櫃,5498,凱崴電子股份有限公司,凱崴,97326828,電子零組件,桃園市桃園區興邦路32號,周邦基,初從維,(03)366-0667,1997/02/27,2001/03/29,1935485450,www.key-ware.com.tw,0,0
上櫃,5508,永信建設開發股份有限公司,永信建,22417810,建材營造,高雄市新興區六合路183號12樓,陳俊銘,陳俊銘,07-2229460,1987/04/02,1998/05/13,2174281330,www.ys-construction.com.tw,0,0
上櫃,5511,德昌營造股份有限公司,德昌,22132814,建材營造,臺中市北區五常里五權路401之1號,黃政勇,陳豐中,(04)22013611,1986/05/20,1998/12/09,1360000000,www.tccon.com.tw,0,0
上櫃,5512,力麒建設股份有限公司,力麒,86690644,建材營造,臺北市中山區吉林路99號8樓,郭濟綱,郭濟綱,(02)21002288,1992/07/30,1998/12/04,7663124940,www.rhd.com.tw,0,0
上櫃,5514,三豐建設股份有限公司,三豐,22817225,建材營造,臺北市中山區長安東路二段173號7樓,東台開發股份有限公司代表人:洪敏夫,藍麗華,02-27720267,1988/01/21,1998/12/29,2361182800,www.sunfon.com.tw,0,0
上櫃,5516,雙喜營造股份有限公司,雙喜,47254476,建材營造,新竹市民族路186號,邱宏章,邱宏章,03-5348168,1982/01/14,1999/03/23,515452230,http://www.sunsea.com.tw/,0,0
上櫃,5520,力泰建設企業股份有限公司,力泰,66410981,建材營造,臺北市士林區延平北路7段7號,吳良材,吳良材,(02)2810-3001,1976/05/06,1999/10/27,599752450,https://www.lihtai.com,0,0
上櫃,5523,豐謙建設股份有限公司,豐謙,66629349,建材營造,臺中市西區忠誠里臺灣大道2段501號25樓之1,袁玉麒,劉瑞麟,04-23262593,1984/04/30,1999/12/27,1550014640,http://www.fong-chien.com.tw/,0,0
上櫃,5529,鉅陞國際開發股份有限公司,鉅陞,58250510,建材營造,臺北市中山區松江路72號9樓,褚學忠,褚學忠,04-23289666,1970/11/09,1996/01/12,1057693500,https://mega-international.com.tw,0,0
上櫃,5530,龍巖股份有限公司,龍巖,22415496,其他,臺北市中山區民權東路二段166號1樓,KELLY LEE,王群中,02-66159999,1987/03/27,2000/10/04,4200841990,www.lyls.com.tw,0,0
上櫃,5536,聖暉工程科技股份有限公司,聖暉*,52524653,其他電子,臺中市西屯區文心路二段201號19樓之1,梁進利,賴銘崑&王俊盛,04-22615288,1979/02/19,2010/11/10,620404650,http://www.acter.com.tw,0,0
上櫃,5543,桓鼎股份有限公司,桓鼎-KY,47532886,建材營造,"13 F., No. 880, Zhongzheng Rd., Zhonghe Dist.New Taipei City 235015, Taiwan (R.O.C.)",莊宏偉,楊志文,(02)2508-0656,2009/11/10,2016/05/09,467035930,www.buima.com.tw,0,0
上櫃,5547,久舜營造股份有限公司,久舜,84548046,建材營造,臺北市內湖區新湖二路257號2樓,林世貞,蔡長榮,02-27965218,1993/09/06,2026/02/03,510000000,http://www.jioushun.com.tw,0,0
上櫃,5548,安倉營造股份有限公司,安倉,04267141,建材營造,臺北市中山區松江路223號6樓,張立雍,劉治群,02-25039966,1975/11/17,2024/03/18,637230650,http://www.ancang.com/,0,0
上櫃,5601,臺聯貨櫃通運股份有限公司,台聯櫃,00701122,航運業,基隆市七堵區堵南里8鄰三合街2號,簡東捷,許哲雄,(02)24515151,1973/07/16,1994/11/24,648000000,www.tactc.com.tw/,0,0
上櫃,5603,陸海股份有限公司,陸海,04927158,航運業,臺北市松山區復興北路99號13樓,何英津,何英津,02-86926001,1973/06/21,1997/01/25,1048766070,www.sea-land.com.tw,0,0
上櫃,5604,中連誠企業股份有限公司,中連,51125209,其他,臺中市西屯區工業區一路7號,蘇南州,江瑞萌,04-23598181,1954/08/09,1997/05/22,1087829680,www.cltc.com.tw,0,0
上櫃,5609,中菲行國際物流股份有限公司,中菲行,01176152,航運業,臺北市內湖區民權東路六段160號11樓,錢文君,施振昇,(02)27963660,1985/08/02,2001/10/15,1428840000,http://www.dimerco.com,0,0
上櫃,5701,劍湖山世界股份有限公司,劍湖山,22265047,觀光餐旅,雲林縣古坑鄉永光村大湖口67號,尤義賢,曾慶欑,05-5825789,1986/08/07,1998/03/12,1430000000,http://www.janfusun.com.tw,0,0
上櫃,5703,亞都麗緻大飯店股份有限公司,亞都麗緻,12144501,觀光餐旅,臺北市中山區民權東路二段41號,周永裕,徐宜寧,0225971234,1977/05/25,1999/06/15,702395940,http://taipei.landishotelsresorts.com/chinese-trad,0,0
上櫃,5704,知本老爺大酒店股份有限公司,老爺知,23637974,觀光餐旅,臺東縣卑南鄉溫泉村龍泉路113巷23號,廖年祈,劉祖寧,089510666,1992/11/29,1999/12/21,588616580,http://www.hotelroyal.com.tw/chihpen/,0,0
上櫃,5864,致和證券股份有限公司,致和證,23530683,金融保險,臺南市北區西門路3段10號,王文促,潘嬅蓁,06-2219777,1989/11/04,2018/04/02,5044900840,www.wintan.com.tw,0,0
上櫃,5878,台名保險經紀人股份有限公司,台名,80287239,金融保險,臺北市中正區館前路49號11樓,陳昭鋒,黃俊憲,(02)5558-5988,2002/10/18,2014/10/28,250243030,http://www.tabc.com.tw,0,0
上櫃,5902,德記洋行股份有限公司,德記,22358925,居家生活,臺南市永康區中正路301號,黃瑞典,陳盈璇副總經理代行總經理職務,(06)253-6789,1987/02/05,1998/02/07,945000000,http://www.tait.com.tw,0,0
上櫃,5903,全家便利商店股份有限公司,全家,23060248,居家生活,臺北市中山區中山北路2段61號7樓,葉榮廷,薛東都,(02)2523-9588,1988/08/18,2002/02/25,2232200000,www.family.com.tw,0,0
上櫃,5904,寶雅國際股份有限公司,寶雅*,97151664,居家生活,臺南市中西區普濟里民族路三段74號地下層,陳建造,陳宗成,06-2411000,1997/03/12,2002/09/06,1064438260,www.poya.com.tw,0,0
上櫃,5905,南仁湖育樂股份有限公司,南仁湖,23524280,觀光餐旅,高雄市苓雅區光華一路206號21樓之2,鄭宜芳,何曉光,07-2247799,1989/11/21,2003/06/17,2816232350,http://www.nanrenhu.com.tw/,0,0
上櫃,6015,宏遠證券股份有限公司,宏遠證,03027502,金融保險,臺北市大安區信義路4段236號3至5樓及7樓,姜克勤,林禎民,27008899,1961/12/08,1996/07/25,4036140820,http://www.honsec.com.tw,0,0
上櫃,6016,康和綜合證券股份有限公司,康和證,23824511,金融保險,臺北市信義區基隆路1段176號地下1樓、9樓部分、10樓部分、14樓部分、15樓,鄭大宇,陳志豪,87871888,1990/07/25,1996/12/04,7724199460,https://www.concords.com.tw,0,0
上櫃,6020,大展證券股份有限公司,大展證,22955802,金融保險,臺北市大同區承德路1段17號17樓,李玉萍,林嘉俊,25551234,1988/06/17,2003/01/23,2523531540,www.tachan.com.tw,0,0
上櫃,6021,美好證券股份有限公司,美好證,22957098,金融保險,臺北市中山區中央里民生東路二段174、176號4樓,黃谷涵,莊達修,25084888,1988/07/07,2003/04/21,3120059740,www.goodfinance.com,0,0
上櫃,6023,元大期貨股份有限公司,元大期貨,97179282,金融保險,臺北市中山區南京東路2段77號2樓(部分)、3樓、4樓、5樓,林添富,高毅瑞,2717-6000,1997/04/09,2007/11/28,4479727320,http://www.yuantafutures.com.tw/,0,0
上櫃,6026,福邦證券股份有限公司,福邦證,23471214,金融保險,臺北市中正區忠孝西路一段6號5、6、7樓,黃炳鈞,陳松正,23836888,1989/09/05,2016/01/27,3961618410,www.gfortune.com.tw,0,0
上櫃,6028,公勝保險經紀人股份有限公司,公勝保經,84200994,金融保險,高雄市左營區大順一路93號4樓之4,蔡聖威,陳德成,(07)556-1471,1993/03/06,2026/03/30,250000000,http://www.goldennet.com.tw/,0,0
上櫃,6101,寬魚國際股份有限公司,寬魚國際,23466893,文化創意,臺北市大安區復興南路2段268號12樓,邱漢中,邱漢中,(02)87322999,1989/10/26,2001/03/29,1166018500,https://www.kwans.com.tw,0,0
上櫃,6103,合邦電子股份有限公司,合邦,84149569,半導體,新竹科學園區新竹市東區園區二路11號8樓,柯拔希,林逸洲,(03)579-5222,1996/01/22,2001/05/07,136048910,http://www.avid.com.tw,0,0
上櫃,6104,創惟科技股份有限公司,創惟,97435451,半導體,新北市新店區北新路三段205號13樓,王國肇,王國肇,(02)8913-1888,1997/04/02,2001/05/22,911271070,www.genesyslogic.com,0,0
上櫃,6109,亞元科技股份有限公司,亞元,23727428,通信網路,新北市新店區寶福里寶橋路235巷135號2樓,莊永順,戴憲明,02-23770282,1990/04/06,2001/07/26,878254140,www.atechoem.com,3,7
上櫃,6111,光聚晶電聯合股份有限公司,光聚晶電,16612907,文化創意,臺北市大安區敦化南路二段11巷8號7樓,&#20931;俊光,陳瑤恬,02-27226266,1998/08/03,2001/08/08,1085110510,https://starfusion.com.tw/tw/,0,0
上櫃,6113,亞矽科技股份有限公司,亞矽,22033899,電子通路,臺北市內湖區洲子街58號7樓,蔡伯宜,蔡伯宜,(02)87525858,1986/04/04,2001/08/10,525494550,https://www.asec.com.tw,0,0
上櫃,6114,久威國際股份有限公司,久威,43880075,電子零組件,臺北市內湖區陽光街365巷39號3樓,湯慧芳,湯慧芳,(02)26577675,1982/07/01,2001/09/27,439119370,http://www.juic.com.tw,0,0
上櫃,6118,建達國際股份有限公司,建達,89621848,電子通路,新北市新店區中正路531號5樓,王雪紅,陳文康,(02)22191600,1995/11/01,2001/10/25,908895730,https://www.xander.com.tw,1,9
上櫃,6121,新普科技股份有限公司,新普,86620351,電腦及週邊設備,新竹縣湖口鄉湖口村八德路2段471號,宋福祥,宋福祥,03-5695920,1992/04/16,2001/11/27,1849705190,www.simplo.com.tw,0,0
上櫃,6122,擎邦國際科技工程股份有限公司,擎邦,05114306,電機機械,臺北市內湖區瑞光路210號5樓,洪健峰,張明燦,8751-0858,1982/08/21,2000/07/14,780916320,www.kpec.com.tw,0,0
上櫃,6123,上奇科技股份有限公司,上奇,86162989,資訊服務,臺北市內湖區瑞光路76巷33號3樓,許承強,魏茂發,02-87923001,1991/07/27,2002/01/23,620894300,www.grandtech.com,0,0
上櫃,6124,業強科技股份有限公司,業強,84900878,電子零組件,臺北市南港區三重路19-13號7樓,王台光,王台光,(02)2655-1166,1994/12/23,2002/03/19,1824799450,https://cht.yctc.com.tw,0,0
上櫃,6125,廣運機械工程股份有限公司,廣運,04757891,電機機械,新北市瑞芳區頂坪路瑞芳工業區69號1樓,謝明凱,柯智鈞,(02)2786-3797,1976/07/12,2002/01/23,2590111500,http://www.kenmec.com,1,8
上櫃,6126,信音企業股份有限公司,信音,47122187,電子零組件,新竹縣湖口鄉中正村中正路2段209號,甘信男,楊政綱,(03)5992862,1976/08/25,2002/01/18,1300507540,www.singatron.com.tw,0,0
上櫃,6127,九豪精密陶瓷股份有限公司,九豪,86412635,電子零組件,桃園市平鎮區建安里平東路一段160號,陳清金,陳雋廷,(03)450-7531,1991/12/02,2002/01/10,1080797510,www.leatec.com,0,0
上櫃,6129,普誠科技股份有限公司,普誠,22050539,半導體,新北市新店區寶福里寶橋路233之1號2樓,姜長安,李國維,02-66296288,1986/05/15,2001/12/25,1605741200,http://www.princeton.com.tw,0,0
上櫃,6130,上亞科技股份有限公司,上亞科技,84659035,生技醫療,臺北市內湖區行愛路77巷63號6樓,蔡文杰,蔡中和,02-27132100,1994/01/07,2002/03/26,493000000,https://www.singbao.com/,0,0
上櫃,6134,萬旭電業股份有限公司,萬旭,22522622,電子零組件,新北市五股區新北產業園區五工六路72號3樓,張程欽,張程欽,(02)2298-8066,1987/06/04,2002/01/08,818821170,www.wanshih.com.tw,0,0
上櫃,6138,茂達電子股份有限公司,茂達,16252902,半導體,新竹科學園區新竹市篤行一路6號,陳泰銘,盛 剛,(03)564-2000,1997/10/24,2002/01/18,756335000,https://www.anpec.com.tw,2,13
上櫃,6140,訊達電腦股份有限公司,訊達電腦,30990747,資訊服務,臺北市中山區建國北路2段147號2樓,一智投資股份有限公司,蘇文宗,02-2501-5568,1982/11/08,2002/02/04,548977600,www.dimension.com.tw,0,0
上櫃,6143,振曜科技股份有限公司,振曜,16084080,通信網路,新竹縣竹北市博愛街945號,宗緒福,呂信勇,(03)5535565,1997/06/06,2002/01/28,860588970,www.netronixinc.com,0,0
上櫃,6144,得利影視股份有限公司,得利影,89398566,文化創意,臺北市中山區民權西路53號10樓,吳昭弘,楊愛麗,25962866,1995/07/19,2002/01/23,382737010,www.deltamac.com.tw,0,0
上櫃,6146,耕興股份有限公司,耕興,97491093,其他電子,新北市汐止區新台五路一段106號6樓,黃文亮,黃文亮,(02)26962468,1997/05/01,2002/01/23,1018671990,www.sporton.com.tw,0,0
上櫃,6147,頎邦科技股份有限公司,頎邦,16130009,半導體,新竹科學園區新竹市力行五路3號,吳非艱,施政宏,(03)567-8788,1997/07/02,2002/01/31,7445775390,www.chipbond.com.tw,0,0
上櫃,6148,驊宏資通股份有限公司,驊宏資,86468118,資訊服務,臺北市中正區北平東路30號5樓,皮卡比熊股份有限公司,廖文鐸,(02)2356-3996,1991/12/27,2002/02/01,466037570,www.azion.com.tw,0,0
上櫃,6150,撼訊科技股份有限公司,撼訊,16238655,電腦及週邊設備,新北市汐止區新台五路1段79號7樓之7,張茂松,陳劍威,86983000,1997/10/08,2002/03/11,483459850,www.tul.com.tw,0,0
上櫃,6151,晉倫科技股份有限公司,晉倫,12390496,其他電子,桃園市大園區南港里長發路248號,鐘春重,陳原振,(03)386-8820,1982/07/15,2002/02/25,552573000,www.ginar.com.tw,0,0
上櫃,6154,順發電腦股份有限公司,順發,89743949,電子通路,高雄市三民區建國二路2號,吳錦昌,黃柏峰,(07)2366221,1995/12/21,2002/02/18,800800000,http://www.sunfar.com.tw,0,0
上櫃,6156,松上電子股份有限公司,松上,22944019,電子零組件,新北市土城區忠承路117號4樓,包仁志,陳添富,02-22686867,1988/06/13,2002/02/19,1078750100,www.song-shang.com.tw,0,0
上櫃,6158,禾昌興業股份有限公司,禾昌,22006020,電子零組件,桃園市桃園區興華路9，9-1號,陳可宣,陳可宣,03-3766666,1986/01/11,2002/02/19,550287880,www.p-two.com,0,0
上櫃,6160,欣技資訊股份有限公司,欣技,23058518,電腦及週邊設備,臺北市大安區敦化南路二段333號12樓,廖宜彥,廖宜彥,02-86471166,1988/10/12,2002/03/01,684891200,http://www.cipherlab.com.tw,0,0
上櫃,6161,捷波資訊股份有限公司,捷波,22178466,電腦及週邊設備,新北市新店區北新路三段207號9樓,莊永順,林建宏,(02)8913-2711,1986/08/04,2002/03/01,562374770,https://jetwayipc.com/,3,7
上櫃,6163,華電聯網股份有限公司,華電網,84778623,資訊服務,新北市汐止區新台五路1段108號11樓,陳國章,陳國章,(02)26967155,1994/05/04,2002/03/19,1488387470,www.hwacom.com,0,0
上櫃,6167,久正光電股份有限公司,久正,22100566,光電,臺中市西屯區工業區六路8號,王世岳,王世岳,04-23558168,1991/09/02,2002/03/26,1430800000,www.powertip.com.tw,0,0
上櫃,6169,昱泉國際股份有限公司,昱泉,23296194,文化創意,臺中市西屯區臺灣大道二段633號11樓之5,洪英超,洪英超,04-2253-2568,1989/04/18,2002/03/22,233949600,www.interserv.com.tw/,0,0
上櫃,6170,統振股份有限公司,統振,12135600,通信網路,臺北市內湖區安美街181號1樓及6樓,陳威宇,何明哲,(02)27965959,1977/08/19,2002/04/16,972600380,WWW.WELLDONE.COM.TW,0,0
上櫃,6171,大城地產股份有限公司,大城地產,89596101,建材營造,臺中市西屯區台灣大道四段839號6樓,賴源釗,廖祐(人雋),(04)23580031,1995/08/14,2002/04/22,1000000000,www.aries-net.com.tw,0,0
上櫃,6173,信昌電子陶瓷股份有限公司,信昌電,23641338,電子零組件,桃園市楊梅區高獅路566-1號,焦佑衡,陳淳學,(03)475-3355,1990/05/21,2002/04/19,1609280000,www.pdc.com.tw/,0,1
上櫃,6174,安碁科技股份有限公司,安碁,22100469,電子零組件,臺中市潭子區潭秀里建國路11之3號,林逸倫,李靜怡,04-25335978,1990/12/01,2002/05/02,500000000,www.aker.com.tw,0,0
上櫃,6175,立敦科技股份有限公司,立敦,84607396,電子零組件,苗栗縣銅鑼鄉中平村中隆二路9號,吳志銘,李東榮,(037)222899,1993/11/09,2002/06/10,1501218120,http://www.liton.com.tw,2,9
上櫃,6179,亞通利大能源股份有限公司,亞通,89491275,其他,新北市汐止區新台五路一段96號22樓,呂元瑞,龔誠山,02-86961585,1995/04/22,2002/05/17,1773246500,www.ateenergy.com.tw,0,0
上櫃,6180,遊戲橘子數位科技股份有限公司,橘子,89550029,文化創意,臺北市內湖區瑞湖街111號,劉柏園,劉柏園,(02)26588866,1995/06/12,2002/05/21,1754935730,http://www.gamania.com,0,0
上櫃,6182,合晶科技股份有限公司,合晶,16138282,半導體,新竹科學園區桃園市龍潭區龍園一路100號,焦平海,張憲元,(03)4815001,1997/07/24,2002/05/16,6253056620,Http://www.waferworks.com,0,0
上櫃,6185,幃翔精密股份有限公司,幃翔,22906009,電子零組件,新北市土城區自強街11巷1號3樓,陳文鏗,陳文鏗,(02)22672346,1988/04/26,2002/08/09,1498675310,https://www.plastronconn.com/zh_TW,0,0
上櫃,6186,新潤興業股份有限公司,新潤,16318881,建材營造,臺北市松山區民生東路三段109號7樓,郭長庚,郭長庚,25450899,1998/03/30,2002/08/02,1949075980,http://www.shinruenn.com,0,0
上櫃,6187,萬潤科技股份有限公司,萬潤,97015768,半導體,高雄市路竹區路科10路1號,盧鏡來,歐承恩,(07)607-1828,1996/05/24,2002/09/27,982627390,www.allring-tech.com.tw,0,0
上櫃,6188,廣明光電股份有限公司,廣明,16836218,電腦及週邊設備,桃園市龜山區華亞二路58之2號6樓,何世池,張嘉峰,03-3288090,1999/02/10,2002/08/27,2783589100,www.qsitw.com,0,0
上櫃,6190,萬泰科技股份有限公司,萬泰科,04674153,通信網路,桃園市中壢區復興里北園路17號,張銘烈,謝明遠,03-452-7777,1978/06/19,1998/02/04,1865224410,http://www.wontex.com,0,0
上櫃,6194,育富電子股份有限公司,育富,45082694,電子零組件,桃園市桃園區同安里六鄰新埔六街101號24樓,劉永幹,周志恒,03-3460289,1983/02/21,2002/12/05,480000000,www.yufo.com.tw,0,0
上櫃,6195,詩肯股份有限公司,詩肯,89403884,居家生活,桃園市龜山區頂湖一街69號,林福勤,謝秀珠,(03)318-0555,1995/10/09,2002/10/21,501929420,https://ir.scanteak.com.tw/,0,0
上櫃,6198,瑞築建設股份有限公司,瑞築,16759177,建材營造,臺北市內湖區行善路467號7樓,陳朝城,郭嘉棟,(02)87523988,1998/10/29,2002/12/26,1714003500,http://www.richcircle.com.tw,0,0
上櫃,6199,天品聯合企業股份有限公司,天品,84228281,其他,新北市中和區板南路657號8樓,李振寬,李娜亞,(03)2756356,1993/04/03,2016/10/07,617600180,www.datafab.com,0,0
上櫃,6203,海韻電子工業股份有限公司,海韻電,04329168,電子零組件,臺北市內湖區內湖路1段360巷17號8樓,張昀琦,孫崇熙,02-26590338,1975/09/19,2002/12/26,824013700,www.seasonic.com,0,0
上櫃,6204,台灣艾華電子工業股份有限公司,艾華,43408984,電子零組件,桃園市桃園區明德里中正路1221、1223號9樓,陳碩璨,黃國義,(03)357-7799,1970/02/14,2002/11/13,231020800,www.taiwanalpha.com,0,0
上櫃,6207,雷科股份有限公司,雷科,22837088,電子零組件,高雄市前鎮區新生路２４８之３９號,鄭再興,黃萌義,07-8159877,1988/09/06,2002/12/23,930664840,www.lasertek.com.tw,0,0
上櫃,6208,日揚科技股份有限公司,日揚,16101031,半導體,臺南市新市區活水路8號,馬堅勇,吳昇憲,(06)246-0296,1997/05/29,2002/12/23,944623430,http://www.htcvacuum.com/,0,0
上櫃,6210,慶生電子股份有限公司,慶生,45190379,電子零組件,桃園市中壢區松江北路24號,王興榮,朱陳永慶,(03)4529556,1984/10/05,2003/02/14,350480000,WWW.KINTECH.COM.TW,0,0
上櫃,6212,理銘開發股份有限公司,理銘,07611076,建材營造,新竹市東區公道五路二段419號7樓,曾森縣,曾森縣,(03)6886188,1977/11/08,2002/12/26,1020000000,http://www.met.com.tw,0,0
上櫃,6217,中國探針股份有限公司,中探針,22059031,電子零組件,新北市板橋區和平路24巷8號4樓,陳志&#23791;,馮明欽,02-29612525,1986/01/22,2003/01/09,1172100180,https://www.ccpcontactprobes.com/,0,0
上櫃,6218,豪勉科技股份有限公司,豪勉,12223097,通信網路,臺北市大同區建泰里承德路一段70號3樓,彭以豪,蘇惠婉,(02)2559-6163,1979/04/26,2003/01/14,642620000,www.hauman.com.tw,0,0
上櫃,6219,富旺國際開發股份有限公司,富旺,97447647,建材營造,臺中市西區大隆路20號4樓之5,林宗毅,林祐任,04-23273030,1997/04/23,2003/02/26,1249670900,https://www.fwgroup.com.tw/,0,0
上櫃,6220,岳豐科技股份有限公司,岳豐,45911735,電子零組件,桃園市新屋區中山東路2段130巷12之9號,葉春榮,林森褔,03-4778846,1983/09/03,2003/01/09,1464626400,www.cables.com.tw,0,0
上櫃,6221,晉泰科技股份有限公司,晉泰,84981323,資訊服務,新竹市光復路2段289號7樓,昇鋒投資股份有限公司(代表人:楊淑樺),楊倉富,03-5163089,1994/06/24,2003/01/06,1686012060,https://www.genesis.com.tw/,0,0
上櫃,6222,立軒開發建設股份有限公司,立軒,22182927,光電,新北市林口區文化一路1段258號8樓,陳銘鴻,李雪華,26918000,1986/08/15,2003/01/09,956888780,www.sotac.com.tw/web/index/index.jsp?lang=tw,0,0
上櫃,6223,旺矽科技股份有限公司,旺矽,89647050,半導體,新竹縣竹北市中和街155號1-3樓,葛長林,郭遠明,03-5551771,1995/07/25,2003/01/06,979813090,www.mpi.com.tw,0,0
上櫃,6227,茂綸股份有限公司,茂綸,20811962,電子通路,新北市新店區北新路三段207-2號14樓,吳偉國,莊文杰,(02)8913-2200,1979/02/08,2003/01/14,761117860,https://www.macnica.com/apac/galaxy/zh_tw/,0,1
上櫃,6228,全譜科技股份有限公司,全譜,84560006,電腦及週邊設備,新北市汐止區大同路1段239號7樓,高偉超,曾治元,86921800,1993/09/20,2003/01/21,290000000,www.scanace.com,0,0
上櫃,6229,研通科技股份有限公司,研通,86491265,半導體,新北市汐止區新台五路1段99號31樓之12,許劍郎,黃正華,(02)26971318,1992/03/02,2003/01/14,403607000,www.vtac.com.tw,0,0
上櫃,6231,系微股份有限公司,系微,16627697,資訊服務,臺北市中山區建國北路2段120號16樓,王志高,王彥棋,66083688,1998/09/18,2003/01/23,456521860,www.insyde.com,0,0
上櫃,6233,旺玖科技股份有限公司,旺玖,16177572,半導體,臺北市南港區南港路3段48號7樓,張景棠,張景棠,02-26546363,1997/11/13,2003/02/20,809718960,www.prolific.com.tw,0,0
上櫃,6234,高僑自動化科技股份有限公司,高僑,23712277,光電,臺中市大甲區日南里工七路1號,李義隆,陳蓬萊,04-26822168,1990/05/02,2003/03/12,1003863980,http://www.teraauto.com.tw/,0,0
上櫃,6236,中湛股份有限公司,中湛,16094290,數位雲端,臺中市南屯區公益路二段51號10樓,林岳鋒,林岳鋒,04-23281939,1997/10/02,2003/03/31,416540390,www.neithcorp.com,0,0
上櫃,6237,驊訊電子企業股份有限公司,驊訊,86315535,半導體,臺北市大安區市民大道四段100號6樓,鄭期成,李建榮,02-87731100,1991/12/05,2003/04/21,796453710,http://www.cmedia.com.tw,0,0
上櫃,6240,松崗國際興業股份有限公司,松崗,97446128,資訊服務,臺北市中正區忠孝西路1段50號11樓,湯順甄,湯順甄,02-23830383,1997/04/19,2003/05/30,228673700,https://www.sunggang.com.tw/,0,0
上櫃,6241,鑫永洋科技股份有限公司,鑫永洋,86504769,通信網路,臺南市安南區科技五路168號1樓,郭金河,謝景惠,06-5058031,1992/03/28,2003/04/08,455336700,www.amigo.com.tw,2,4
上櫃,6242,立康生醫事業股份有限公司,立康,12549828,生技醫療,臺南市永康區王行里環工路29號,鄭育修,鄭育修,(06)2015859,1985/04/16,2003/04/23,318065000,http://likangbio.com,0,0
上櫃,6244,茂迪股份有限公司,茂迪,20889546,光電,新北市深坑區北深路三段248號6樓,曾永輝,王丁召/林煥順,(06)5050789,1981/06/03,2003/05/15,3870418750,www.motech.com.tw,0,0
上櫃,6245,立端科技股份有限公司,立端,22327466,通信網路,新北市汐止區大同路二段173號7樓,周逸文,周孟賢,02-86926060,1986/10/30,2003/05/19,1466083030,www.lannerinc.com,0,0
上櫃,6246,臺龍電子股份有限公司,臺龍,12386388,光電,新北市新莊區思源路332巷7號3樓,許采彤,舒逸豪,(02)22772828,1982/11/13,2003/06/18,378514150,www.tai-lon.com,0,0
上櫃,6248,沛波鋼鐵股份有限公司,沛波,38432767,鋼鐵工業,彰化縣鹿港鎮經建十一路3號,顏慶利,黃霈櫻,04-7530578,1984/05/16,2003/09/03,999561490,www.tmpco.com.tw,0,0
上櫃,6259,百徽股份有限公司,百徽,84497335,電子零組件,臺北市內湖區瑞湖街199號3樓,張傑民,李代祥,02)8792-7788,1993/12/20,2003/09/17,280561460,http://www.bullwill.com.tw,0,0
上櫃,6261,久元電子股份有限公司,久元,86244737,半導體,新竹市埔頂里埔頂路99巷17弄13號,汪秉龍,蕭維唐,03-6669968,1991/07/22,2004/03/29,1284979890,www.ytec.com.tw,0,0
上櫃,6263,普萊德科技股份有限公司,普萊德,84117341,通信網路,新北市新店區民權路96號10樓,陳清港,陳清港,2219-9518,1993/01/05,2003/09/17,625009640,www.planet.com.tw,0,0
上櫃,6264,富裔實業股份有限公司,富裔,97477509,建材營造,臺北市信義區松仁路277號18樓,祝文定,祝文定,(02)28834707,1997/07/02,2004/02/24,1363552910,www.kingland.com.tw,0,0
上櫃,6265,方土昶股份有限公司,方土昶,16436439,電子通路,新北市新店區寶中路92號10樓,張政文,張政文,(02)2916-1997,1998/01/22,2003/10/24,1181721510,http://www.kc-uppertech.com/,0,0
上櫃,6266,泰詠電子股份有限公司,泰詠,23576977,電子零組件,新竹市牛埔東路480號,崔世和,王政豐,03-5386139,1990/02/15,2004/04/29,1538716410,http://www.topunion.com.tw,0,0
上櫃,6270,倍微科技股份有限公司,倍微,86882278,電子通路,新北市汐止區新台五路一段75號5樓、5樓之1、之2、之3、之4、之6、之7,傅江松,傅江松,02-26980098,1992/10/20,2003/09/17,721457590,http://www.pct.com.tw,0,0
上櫃,6274,台燿科技股份有限公司,台燿,04226091,電子零組件,新竹縣竹北市泰和里博愛街803號,辛忠衡,陳正益,03-5551103,1974/05/22,2003/12/18,2994600930,www.tuc.com.tw,0,0
上櫃,6275,元山科技工業股份有限公司,元山,22264722,電子零組件,高雄市仁武區文武里仁發六路6號,陳冠宏,劉賢文,(07)3713588,1987/03/10,2004/12/23,803445670,www.ystech.com.tw,0,0
上櫃,6276,安鈦克科技股份有限公司,安鈦克,34235759,電腦及週邊設備,臺北市內湖區洲子街107號8樓,李益昌,李知達,02-2799-0022,1978/10/21,2003/10/30,220430000,http://www.antec.com,0,0
上櫃,6279,胡連精密股份有限公司,胡連,20759430,電子零組件,新北市汐止區福德一路342巷1號,張子雄,胡盛清,(02)26940551,1977/07/09,2003/11/26,1190157360,https://www.hulane.com.tw/,0,0
上櫃,6284,佳邦科技股份有限公司,佳邦,16599215,電子零組件,苗栗縣竹南鎮公義里科義街11號,焦佑衡,陳培真,037 585 555,1998/06/23,2004/06/29,1489803410,www.inpaq.com.tw,0,1
上櫃,6290,良維科技股份有限公司,良維,11298247,電子零組件,臺北市中山區長安東路1段36號10樓,李淳正,李淳正,02-25433567,1972/09/05,2005/06/03,1696524100,http://www.longwell.com,0,0
上櫃,6291,沛亨半導體股份有限公司,沛亨,86541238,半導體,新竹科學園區新竹市力行一路1號1樓A2-A013,黃子瑋,陳銘俊,03-5535565,1992/01/20,2004/01/28,420000000,www.analog.com.tw,0,0
上櫃,6292,迅德興業股份有限公司,迅德,22133530,電子零組件,桃園市龜山區民生北路一段38之1號,陳嘉雄,蕭春桂,03-3554556,1986/05/19,2003/11/26,466007120,www.axis.com.tw,0,0
上櫃,6294,智基科技開發股份有限公司,智基,97306837,文化創意,臺南市北區成功路114號10樓之1,邱仕榮,宋彩蓮,06-2258899,1996/12/21,2004/01/13,260471060,http://www.tekom.com.tw/,0,0
上櫃,6411,晶焱科技股份有限公司,晶焱,28081989,半導體,新北市中和區建八路2號18樓,李俊昌,姜信欽,(02)82278989,2006/01/20,2014/03/11,995080310,www.amazingIC.com,0,0
上櫃,6417,韋僑科技股份有限公司,韋僑,16877131,通信網路,臺中市大里區健民里仁化工二路99號,曾穎堂,江鴻佑,04-24925298,1999/03/23,2015/10/08,422740000,www.sag.com.tw,0,0
上櫃,6418,詠昇電子股份有限公司,詠昇,22774892,電子零組件,桃園市中壢區中福路2段10巷2號,張祐銘,林孝勳,03-4527666,1988/02/03,2019/02/18,345220000,https://www.yselec.com.tw,4,24
上櫃,6419,京晨科技股份有限公司,京晨科,28212547,光電,新北市中和區建八路16號18樓之2,楊文彬,楊文彬,(037)-776168,2006/08/17,2014/12/29,131591700,http://www.nuuo.com,0,0
上櫃,6423,億而得微電子股份有限公司,億而得,12894399,半導體,新竹縣竹北市竹北里台元二街12號11樓之2,黃文謙,黃文謙,03-5526035,2001/09/04,2026/01/22,310160000,www.ymc.com.tw,0,0
上櫃,6425,易發精機股份有限公司,易發,22994919,電機機械,桃園市中壢區自強四路3之2號2樓,羅文進,林福明,03-4514199,1988/08/22,2019/01/18,513823170,https://www.efctw.com,0,0
上櫃,6432,今展科技股份有限公司,今展科,12688172,電子零組件,新北市三重區重新路5段646號14樓,王琴賢,王琴賢,02-29998313,2001/02/20,2015/05/20,387840670,www.arlitech.com.tw,0,0
上櫃,6435,大中積體電路股份有限公司,大中,28112723,半導體,新竹科學園區新竹市篤行一路6號5樓,陳泰銘,薛添福,(03)563-5818,2008/08/14,2016/01/07,374613000,www.sinopowersemi.com,2,13
上櫃,6441,廣錠科技股份有限公司,廣錠,53562649,電腦及週邊設備,新北市汐止區新台五路1段93號24樓,廖良彬,廖良彬,77535888,2011/12/13,2017/09/27,533184290,https://www.ibasesolution.com.tw,0,0
上櫃,6461,益得生物科技股份有限公司,益得,53104031,生技醫療,新竹縣湖口鄉光復路20號,林智暉,Manish Chawla,02-77218877,2010/10/28,2018/03/28,1103245270,http://www.intechbiopharm.com,0,0
上櫃,6462,神盾股份有限公司,神盾,28835517,半導體,臺北市內湖區瑞光路360號2樓之1,羅森洲,羅森洲,(02)26589768,2007/12/26,2015/12/23,912507540,http://www.egistec.com,0,0
上櫃,6465,威潤科技股份有限公司,威潤,24497254,通信網路,臺北市內湖區潭美街539號6樓,吳佳蓉,吳佳蓉,02-2797-5852,2010/01/19,2015/11/20,590736850,http://www.atrack.com.tw,0,0
上櫃,6469,大樹醫藥股份有限公司,大樹,12803476,生技醫療,桃園市桃園區復興路186號18樓,鄭明龍,鄭明龍,03-4333123,2001/05/15,2016/03/30,1590851520,http://www.greattree.com.tw,0,0
上櫃,6470,宇智網通股份有限公司,宇智,27375986,通信網路,新竹市金山八街1號3樓,宋明峰,江鴻翔,03-5797969,2004/06/15,2015/11/03,376941000,http://www.u-media.com.tw,0,2
上櫃,6474,華豫寧股份有限公司,華豫寧,84094369,電子通路,臺中市北區進化北路238號4樓之8,連智民,黃炳順,04-24622560,1992/12/23,2025/11/25,525261990,http:// www.wfe.com.tw,0,0
上櫃,6482,弘煜科技事業股份有限公司,弘煜科,25064206,文化創意,臺中市西區臺灣大道二段186號15樓之2,洪而立,洪而立,04-2322-2886,2009/11/05,2016/06/13,286344630,www.fy.com.tw,0,0
上櫃,6485,點序科技股份有限公司,點序,28927852,半導體,新竹縣竹北市環科一路31號8樓之1,劉坤旺,顏文鴻、陳孟豪,03-5736032,2008/02/13,2015/11/17,473664930,www.asolid-tek.com,0,0
上櫃,6486,互動國際數位股份有限公司,互動,80192260,通信網路,新北市五股區五工五路38之1號,劉美蘭,鄭元森,(02)2298-3456,2003/05/14,2016/09/13,508932860,http://www.idtech.com.tw/,0,0
上櫃,6488,環球晶圓股份有限公司,環球晶,28113286,半導體,新竹科學園區新竹市工業東二路8號,徐秀蘭,Mark England,03-5772255,2011/10/18,2015/09/25,4781137250,http://www.sas-globalwafers.com,0,0
上櫃,6492,生華生物科技股份有限公司,生華科,54021973,生技醫療,新北市新店區北新路3段225號10樓,胡定吾,黃品諺,(02)89119856,2012/11/16,2017/04/24,1149036200,http://www.senhwabio.com,0,0
上櫃,6494,九齊科技股份有限公司,九齊,28509490,半導體,新竹市水利路81號7樓之1,陳建隆,陳建隆,03-5169077,2006/10/30,2016/05/09,315596900,www.nyquest.com.tw,0,0
上櫃,6496,科懋生物科技股份有限公司,科懋,23024594,生技醫療,臺北市南港區忠孝東路7段508號5樓,陳澤民,陳澤民,(02)2655-7568,1988/07/21,2016/01/07,472902200,http://www.excelsiorgroup.com.tw,0,0
上櫃,6498,久禾光電股份有限公司,久禾光,80579685,光電,臺中市西屯區工業區六路8號3樓,王世岳,鄭錫勳,04-2355-0816,2003/11/03,2025/05/20,474758920,https://ptic.com.tw/,0,0
上櫃,6499,益安生醫股份有限公司,益安,54150856,生技醫療,臺北市士林區後港街116號7樓,張有德,張有德,02-28816686,2012/12/22,2016/07/27,969448930,www.medeonbiodesign.com,0,0
上櫃,6506,雙邦實業股份有限公司,雙邦,23531297,紡織纖維,南投縣南投市福興里永興路3號,張崇棠,許瑜娟,049-2257450,1989/11/17,2011/05/03,823608260,http://www.shuang-bang.com,0,0
上櫃,6508,惠光股份有限公司,惠光,69546202,農業科技,臺南市麻豆區麻佳路一段259號,陳冠華,陳冠華,06-5702181,1965/12/17,2004/03/22,865388640,http://www.huikwang.com/index.php?c=index,0,0
上櫃,6509,聚和國際股份有限公司,聚和,04243562,化學工業,高雄市大寮區潮寮里華東路28號,郭聰田,郭聰田,07-7887600,1975/02/07,2004/04/12,1970805530,www.hopax.com,0,0
上櫃,6510,中華精測科技股份有限公司,精測,27879121,半導體,桃園市平鎮區湧豐里工業三路15號,洪維國,黃水可,(03)4691234,2005/08/26,2016/03/24,329291380,https://www.chpt.com,0,0
上櫃,6512,啟發電子股份有限公司,啟發電,28133327,其他電子,新竹縣竹北市復興一街251號5樓之1,張鈺欽,張鈺欽,03-6681958,2006/03/28,2016/03/25,252600000,http://www.gomax-electronics.com.tw/,0,0
上櫃,6516,勤崴國際科技股份有限公司,勤崴國際,28835663,資訊服務,臺北市中正區羅斯福路二段100號4樓,柯應鴻,黃晟中,(02)2363-5445,2007/12/26,2019/05/06,563369350,www.kingwaytek.com,0,0
上櫃,6517,保勝光學股份有限公司,保勝光學,55174031,光電,臺中市潭子區建國路14號,方幼玲,陳宇征,04-25320168,1970/07/30,2022/12/15,305790530,http://www.baso.com.tw,0,0
上櫃,6523,達爾膚生醫科技股份有限公司,達爾膚,80167706,生技醫療,臺北市中山區南京東路3段70號13樓,吳奕叡,吳奕叡,(02)2517-9888,2003/03/10,2016/06/16,450476250,http://www.drwu.com,0,0
上櫃,6527,明達醫學科技股份有限公司,明達醫,25057697,生技醫療,桃園市桃園區中信里中山路956巷116號,李重儀,莊仲平,(03)3607711,2009/10/26,2019/12/25,254585500,http://www.crystalvue.com.tw,0,0
上櫃,6530,創威光電股份有限公司,創威,13067290,通信網路,新北市新店區寶中路119號6樓,陳文宗,陳文宗,(02)89111840,2002/04/15,2018/01/23,337500000,www.axcen.com.tw,0,0
上櫃,6532,瑞耘科技股份有限公司,瑞耘,16394917,半導體,新竹縣湖口鄉新竹工業區大同路19號,呂學恒,呂學恒,03-5976789,1998/03/05,2016/09/26,374451470,http://www.calitech.com.tw,0,0
上櫃,6535,順天醫藥生技股份有限公司,順藥,12663974,生技醫療,臺北市南港區園區街3-2號4樓,王素琦,葉聖文,02-2655-7918,2000/11/13,2016/09/26,1678408250,www.lumosa.com.tw,0,0
上櫃,6538,倉和股份有限公司,倉和,84819223,電子零組件,桃園市龜山區萬壽路1段492之16號3樓,陳柑富,林經洲,(03)3295666,1994/04/01,2016/10/21,372704930,http://www.bch.com.tw,0,0
上櫃,6542,隆中網絡股份有限公司,隆中,53114404,文化創意,臺中市北區健行路360號2樓之3,顧剛維,顧剛維,04-22360500,2010/12/06,2016/09/08,420006300,https://www.gamesparcs.com/,0,0
上櫃,6546,正基科技股份有限公司,正基,12673109,通信網路,新竹縣竹北市環科一路23號6樓之2,陳明哲,魏瀅洳,03-6009666,2000/12/14,2022/05/24,668484490,http://www.ampak.com.tw,0,0
上櫃,6547,高端疫苗生物製劑股份有限公司,高端疫苗,53943057,生技醫療,新竹科學園區新竹縣竹北市生醫三路68號,張銘政,李思賢,03-6684866,2012/10/12,2018/04/17,3289436440,http://www.medigenvac.com,0,0
上櫃,6548,長華科技股份有限公司,長科*,70849957,半導體,高雄市楠梓區開發路24號,陳志宏,洪全成,07-9628202,2009/12/24,2016/09/13,380185880,www.cwtcglobal.com,0,0
上櫃,6556,勝品電通股份有限公司,勝品,53184695,光電,桃園市桃園區大誠路10號,李宏銘,林貞宏,03-3628528,2010/10/07,2017/10/31,287500000,www.topviewcorp.com,0,0
上櫃,6560,欣普羅光電股份有限公司,欣普羅,70643081,光電,新北市新莊區思源路23號6樓,陳義文,陳義文,02-89944718,1999/10/05,2017/01/24,334747150,http://www.appropho.com,0,0
上櫃,6561,是方電訊股份有限公司,是方,86000036,通信網路,臺北市內湖區陽光街250號1樓,邵泓嘉,劉耀元,(02)2657-6688,1991/01/19,2018/06/05,779583700,www.chief.com.tw,0,0
上櫃,6568,宏觀微電子股份有限公司,宏觀,28514260,半導體,新竹縣竹北市成功十二街28號8樓,Cheng David(鄭揚),陳俊傑,(03)5506258,2006/11/06,2016/12/28,307962000,http://www.rafaelmicro.com,0,0
上櫃,6569,醫揚科技股份有限公司,醫揚,29135647,生技醫療,新北市新店區寶橋路235巷135號4樓,莊永順,莊富鈞,(02)8919-2188,2010/02/02,2016/12/21,428207450,http://www.onyx-healthcare.com/,3,7
上櫃,6570,維田科技股份有限公司,維田,27271130,電腦及週邊設備,新北市中和區建一路186號15樓之1,李傳德,劉則瑩,(02)8226-2881,2004/04/21,2017/12/11,371191700,https://www.aplex.com/,0,0
上櫃,6574,霈方國際股份有限公司,霈方,80281973,生技醫療,臺北市大安區忠孝東路4段310號6樓,呂慶盛,呂慶盛,02-2775-5566,2002/10/02,2017/09/04,219900000,www.mikobeaute.com,0,0
上櫃,6576,逸達生物科技股份有限公司,逸達,54165507,生技醫療,臺北市南港區三重路19-3號9樓之2,簡銘達,簡銘達,(02)77500188,2013/02/08,2018/06/29,1575405410,www.foreseepharma.com,0,0
上櫃,6577,勁豐電子股份有限公司,勁豐,70565509,電腦及週邊設備,臺北市內湖區西康里環山路一段30號1樓,杜懷琪,陳冠宇,02-26590606,2000/05/29,2017/03/21,600601450,https://www.promate.com/cht/,0,0
上櫃,6578,達邦蛋白生技股份有限公司,達邦蛋白,13000453,農業科技,臺南市安南區工業三路52號,陳威辰,陳威辰,(06)384-0771,2001/12/28,2018/09/18,719419010,www.dabombprotein.com,0,0
上櫃,6584,南俊國際股份有限公司,南俊國際,36268804,電子零組件,桃園市桃園區幸福路202號6樓,李金蘭,吳仁山,03-3642777,1984/06/19,2023/05/18,713798100,http://www.repon.com.tw/,0,0
上櫃,6588,東典光電科技股份有限公司,東典光電,70507419,通信網路,宜蘭縣五結鄉利工一路二段70號,孫正強,蘇立群,03-9908671,2000/05/15,2020/07/01,347008250,www.east-tender.com,13,25
上櫃,6590,普鴻資訊股份有限公司,普鴻,70584647,資訊服務,臺北市松山區光復南路1號9樓之2,林群國,林群國,23452366,2000/07/22,2018/12/24,286956030,www.provision.com.tw,0,0
上櫃,6593,台灣銘板股份有限公司,台灣銘板,20675832,資訊服務,桃園市龜山區華亞一路36號,許嘉濬,印文正,03-3270567,1970/12/04,2017/11/03,318566090,www.tnp.com.tw,0,0
上櫃,6596,寬宏藝術經紀股份有限公司,寬宏藝術,27530185,文化創意,臺北市中山區樂群二路267號6樓,林建寰,林建寰,(02)2532-6677,2004/11/05,2018/01/04,380000000,http://www.khaminc.com.tw,0,0
上櫃,6597,立誠光電股份有限公司,立誠,53125710,電子零組件,桃園市蘆竹區南山路三段17巷5號6樓,周萬順,李忠義,03-324-5050,2011/01/14,2025/05/08,300422500,www.ecocera.com.tw,2,3
上櫃,6603,富強鑫精密工業股份有限公司,富強鑫,86122164,電機機械,臺南市關廟區埤頭里保東路269號,王伯壎,王俊賢,06-5950688,1991/07/17,2004/04/05,1674429460,www.fcs.com.tw,0,0
上櫃,6609,台灣瀧澤科技股份有限公司,瀧澤科,44549792,電機機械,桃園市平鎮區宋屋里九鄰延平路3段505號,松田哲,林振詠,03-4643166,1971/07/24,2003/09/23,724562460,www.takisawa.com.tw,0,0
上櫃,6612,應用奈米醫材科技股份有限公司,奈米醫材,28113167,生技醫療,新竹科學園區新竹縣竹北市縣竹北市生醫路二段16號4樓,樂亦宏,陳秉淳,03-6579530,2011/07/14,2018/07/18,522660430,www.icaresmedicus.com,0,0
上櫃,6613,朋億股份有限公司,朋億*,16034271,其他電子,新竹縣竹北市嘉豐南路二段76號10樓之1,梁進利,馬蔚,(03)6676868,1997/06/13,2017/12/28,389007425,www.novatech.com.tw,0,0
上櫃,6615,慧智基因股份有限公司,慧智,53710986,生技醫療,臺北市中正區重慶南路1段66之1號4樓之2,蘇怡寧,洪加政,(02)2382 6615,2012/06/15,2018/01/22,215934000,http://www.sofivagenomics.com.tw,0,0
上櫃,6616,特昇國際股份有限公司,特昇-KY,72488249,居家生活,"PTD4093,Kaw Perindustrian Prt Jamil,Prt Jawa,84150Muar JohorJohor, Malaysia",黃凱斌,黃凱傑,+60-6-9873999,2016/06/14,2018/01/10,354284730,https://www.techcential-international.com/,0,0
上櫃,6617,共信醫藥科技控股股份有限公司,共信-KY,42486336,生技醫療,"3F, No. 80, Sec. 1, Jianguo North Road, Zongshan Dist.Taipei , Taiwan",吳崇漢,林懋元,02-2503-5282,2014/03/27,2024/06/18,1275061000,www.gongwinbiopharm.com,0,0
上櫃,6620,漢達生技醫藥股份有限公司,漢達,24546157,生技醫療,臺南市新市區南科三路23號3樓之1、3樓之2,劉芳宇,陳俊良,065057508,2014/05/08,2025/12/23,1659819000,http://www.handapharma.com.tw,0,0
上櫃,6624,萬年清環境工程股份有限公司,萬年清,16863495,綠能環保,臺中市西屯區龍富路五段261號,張祐銘,何家慶,04-22550168,1999/02/26,2019/05/28,225794820,http://www.ever-clear.com.tw/,4,24
上櫃,6629,泰金投資控股股份有限公司,泰金-KY,76347621,居家生活,"13F., No.152, Songjiang Rd.,Zhongshan Dist., Taipei CityTaipei, Taiwan",許偵容,許文誌,02-25149960,2016/02/03,2019/06/06,383795630,www.thai-kin.com,0,0
上櫃,6637,醫影股份有限公司,醫影,86700973,生技醫療,臺北市信義區忠孝東路5段510號19樓之2,謝穗徽,謝穗徽,02-27279535,1992/05/07,2024/06/18,268100000,http://www.mic-tw.com,0,0
上櫃,6640,均華精密工業股份有限公司,均華,53186146,半導體,新北市土城區民生街2之1號,梁又文,石敦智,22682216,2010/10/15,2018/10/23,289115000,https://www.gmmcorp.com.tw/,0,0
上櫃,6642,富致科技股份有限公司,富致,70670235,電子零組件,新北市五股區五工一路111號,陳繼聖,陳繼聖,02-89902113,1999/12/02,2019/09/23,373996620,www.fuzetec.com,0,0
上櫃,6643,&#20870;星科技股份有限公司,M31,53621915,半導體,新竹縣竹北市竹北里台元二街8號9樓,陳慧玲,張原熏,(03)560-1866,2011/10/21,2019/01/23,426201600,https://www.m31tech.com,0,0
上櫃,6649,台灣生醫材料股份有限公司,台生材,54008079,生技醫療,新竹科學園區新竹縣竹北市生醫路一段188號1樓,宗緒福,馬茂&#23791;,03-6683088,2012/11/12,2019/06/05,420000000,www.twbm.com.tw,0,0
上櫃,6651,全宇昕科技股份有限公司,全宇昕,13063718,半導體,新北市中和區中正路716號15樓之7,李徐華,李徐華,(02)82273827,2002/04/10,2021/02/01,346015410,http://www.cystekec.com,0,0
上櫃,6654,天正國際精密機械股份有限公司,天正國際,53900846,其他電子,高雄市仁武區仁發六路2號,萬文財,陳博鈞,(07)371-3213,2012/12/26,2018/10/23,409627200,http://www.tz-int-ltd.com,0,0
上櫃,6661,威健股份有限公司,威健生技,80158777,生技醫療,臺北市南港區園區街3號12樓,陳貴弘,林怡杏,(02)66160001,2003/01/30,2021/01/27,233042480,http：//www.welgene.com.tw,0,0
上櫃,6662,樂斯科生物科技股份有限公司,樂斯科,12862410,生技醫療,臺北市南港區重陽路316號2樓,陳永豪,陳永豪,02-26518669,2001/05/10,2019/03/26,256124000,www.biolasco.com.tw,0,0
上櫃,6664,群翊工業股份有限公司,群翊,23555277,電子零組件,桃園市楊梅區和平路188號,陳安順,李榮坤,03-4853536,1990/01/24,2018/09/12,611513070,http://www.gpline.com.tw/,0,0
上櫃,6667,信紘科技股份有限公司,信紘科,89728356,其他電子,苗栗縣竹南鎮公義里友義路66號,簡士堡,龔楚喬,037-580791,1995/10/17,2018/11/13,492788780,http://www.trusval.com.tw,0,0
上櫃,6679,鈺太科技股份有限公司,鈺太,27979753,半導體,新竹科學園區新竹市篤行路6-1號5樓,邱景宏,邱景宏,035777509,2005/12/12,2019/05/09,549753350,www.zilltek.com,0,0
上櫃,6680,鑫創電子股份有限公司,鑫創電子,24332747,電腦及週邊設備,新北市中和區中原街95號8樓,許育瑞,許育瑞,(02)82280101,2009/03/20,2019/09/16,250714270,http://www.sintrones.com/,5,14
上櫃,6683,雍智科技股份有限公司,雍智科技,28398895,半導體,新竹縣竹北市環科一路33號九樓之二,李職民,劉安炫,03-5509980,2006/09/11,2019/04/23,275526610,https://www.ksmt.com.tw,0,0
上櫃,6684,安格科技股份有限公司,安格,53172585,半導體,新竹縣竹北市隘口里高鐵二路55號,羅森洲,藍世旻,03-6675345,2010/10/21,2021/08/11,445594960,www.algoltek.com.tw,0,0
上櫃,6690,安碁資訊股份有限公司,安碁資訊,70565450,數位雲端,臺北市南港區南港路3段9號13樓,施宣輝,吳乙南,02-8979-6286,2000/05/29,2019/10/30,299997200,www.acercsi.com/,0,0
上櫃,6692,進金生能源服務股份有限公司,進能服,24758118,綠能環保,臺北市內湖區新湖二路257號6樓,陳加屏,厲國欽,02-87912886,2014/10/16,2024/02/02,588438900,http://www.acmepointes.com,0,0
上櫃,6693,廣閎科技股份有限公司,廣閎科,28870892,半導體,新竹縣竹北市台元二街8號8樓之3,林明璋,林明璋,03-5525766,2007/11/01,2022/03/01,457200000,http://www.inergy.com.tw/,0,0
上櫃,6697,東捷資訊服務股份有限公司,東捷資訊,23929058,資訊服務,臺北市南港區三重路19之8號5樓,高尚偉,王智&#32675;,26552525,1990/12/01,2019/12/26,273233640,http://www.itts.com.tw,0,0
上櫃,6703,軒郁國際股份有限公司,軒郁,24347235,生技醫療,臺北市松山區民生東路三段109號5樓,胡蕙郁,楊尚軒,02-8712-1319,2009/05/18,2020/10/20,362572100,https://www.shinybrands.com/,0,0
上櫃,6708,天擎積體電路股份有限公司,天擎,12748729,半導體,新竹科學園區新竹市力行一路1號3樓C5室,呂惠平,呂惠平,035775799,2001/02/15,2022/12/29,290087790,www.mars-semi.com.tw,0,0
上櫃,6712,長聖國際生技股份有限公司,長聖,60274720,生技醫療,中部科學園區臺中市大雅區科雅路30號4樓,劉銖淇,黃文良,04-23252888,2016/12/06,2021/01/08,1004888610,www.ever-supreme.com.tw,0,0
上櫃,6716,應廣科技股份有限公司,應廣,27619977,半導體,新竹市東區公道五路三段1號6樓之6,唐燦弼,唐燦弼,03-5728688,2005/02/17,2020/03/27,302418140,http://www.padauk.com.tw,0,0
上櫃,6720,久昌科技股份有限公司,久昌,53502805,半導體,新竹科學園區新竹市東區篤行路6-1號2樓,葉錦祥,葉錦祥,(03)5752568,2011/08/02,2024/12/04,302257410,www.major-power.com.tw,0,0
上櫃,6721,信實保全股份有限公司,信實,24210110,其他,新竹縣竹北市和平街201號2樓之3,楊文榮,楊文榮,03-5535778,2008/07/31,2022/04/29,245000000,http://www.sincere-group.com.tw,0,0
上櫃,6725,台灣矽科宏晟科技股份有限公司,矽科宏晟,54803147,其他電子,新竹縣竹北市竹北里台元一街5號13樓之2,郭錦松,待補,03-5532720,2014/04/15,2025/12/30,371300000,www.cicahuntek.com.tw,0,0
上櫃,6727,亞泰金屬工業股份有限公司,亞泰金屬,04393941,電子零組件,桃園市楊梅區民富路2段199巷16號,鄒貴銓,黃源財,(03)4727111,1973/10/29,2020/12/01,268841770,www.asiametalinc.com,0,0
上櫃,6728,上洋產業股份有限公司,上洋,12978735,居家生活,新北市五股區五權六路39號,吳明富,吳國華,(02)22984567,2002/01/17,2020/12/25,301200000,http://www.upyoung.com.tw,0,0
上櫃,6730,常廣股份有限公司,常廣,80722654,生技醫療,臺中市大甲區日南里工一路29號,陳政宏,陳正雄,04-26820790,2004/03/09,2025/12/10,362981510,http://www.lagis.com.tw,5,45
上櫃,6732,昇佳電子股份有限公司,昇佳電子,25079572,半導體,新竹縣竹北市台元二街6號11樓,李盛樞,楊祝原,03-5601000,2009/12/01,2020/06/08,489126180,http://www.sensortek.com.tw,0,0
上櫃,6733,博晟生醫股份有限公司,博晟生醫,42404010,生技醫療,臺北市南港區園區街3-2號4樓,陳德禮,陳德禮,02-26558366,2016/07/07,2021/01/28,1343160260,https://www.biogend.com.tw/,0,0
上櫃,6735,美達科技股份有限公司,美達科技,13115906,其他電子,新北市中和區連城路268號15樓,陳林杰,陳林杰,02-82273822,2002/05/10,2022/04/29,461822920,http://www.amidatec.com/,0,0
上櫃,6739,竹陞科技股份有限公司,竹陞科技,56712683,其他電子,新竹縣竹北市保泰六路1號1樓,方泰又,方泰又,03-5541777,2017/07/25,2024/09/02,233925000,https://www.gutc.com.tw,0,0
上櫃,6741,"91APP, Inc.",91APP*-KY,88176897,數位雲端,"6F., No. 5, Ln. 768, Sec. 4, Bade Rd., Nangang Dist.Taipei City 115 , Taiwan (R.O.C.)",何英圻,楊明芳,02-26538091,2013/07/08,2021/05/25,602889985,https://www.91app.com,0,0
上櫃,6751,智聯服務股份有限公司,智聯服務,57604000,資訊服務,新竹縣竹北市環科一路33號6樓之3,施宣輝,韓政達,03-533-9141,2017/09/13,2020/12/25,222000000,https://www.acer-ast.com/,0,0
上櫃,6752,叡揚資訊股份有限公司,叡揚,22425662,資訊服務,臺北市中山區德惠街9號5樓,張培鏞,陳世安,02-25867890,1987/03/16,2020/12/10,382584710,https://www.gss.com.tw,0,0
上櫃,6761,穩得實業股份有限公司,穩得,05052033,電子零組件,新北市新店區寶橋路188號6樓及6樓之1,高治宏,詹博翔,(02)2917-5770,1979/06/27,2021/11/08,349558670,https://www.wendell.com.tw/zh/,0,0
上櫃,6762,達亞國際股份有限公司,達亞,27491562,生技醫療,桃園市蘆竹區南山路一段200號,許雅雯,許雅雯,(03) 311-6588,2004/11/16,2020/12/18,369302880,https://www.deltaasia.com.tw/,0,0
上櫃,6763,綠界科技股份有限公司,綠界科技*,97025978,數位雲端,臺北市南港區成功路1段58號5樓,林雪慧,林雪慧,02-26550557,1996/06/04,2022/03/15,184039130,https://www.ecpay.com.tw/,0,0
上櫃,6767,台灣微創醫療器材股份有限公司,台微醫,25098389,生技醫療,新竹科學園區新竹縣竹北市生醫路2段26號1樓,梁晃千,李家茂,03-6107168,2009/12/29,2021/01/25,391836300,https://www.wiltrom.com.tw/,0,0
上櫃,6785,昱展新藥生技股份有限公司,昱展新藥,52310651,生技醫療,中部科學園區臺中市大雅區科雅路32號5樓,林東和,文永順,04-24637115,2016/09/23,2024/01/24,668000000,www.alarpharm.com,0,0
上櫃,6788,華景電通股份有限公司,華景電,12613876,半導體,苗栗縣竹南鎮科義街41號,陳榮華,古震維,(037)580-708,2000/09/07,2021/09/29,387396830,www.brillian.com.tw,0,0
上櫃,6791,虎門科技股份有限公司,虎門科技,30921876,資訊服務,新北市板橋區縣民大道2段68號11樓,林麗俐,楊涪嵐,(02)2956-7575,1980/07/31,2022/11/14,208470000,https://www.cadmen.com/,0,0
上櫃,6803,崑鼎綠能環保股份有限公司,崑鼎,70758512,綠能環保,臺北市士林區中山北路六段89號10樓,廖俊吉吉,刁秀華,(02)2162-1688,1999/12/13,2010/05/27,727943850,http://www.ecove.com,0,0
上櫃,6804,明係事業股份有限公司,明係,05839152,運動休閒,彰化縣大村鄉大橋村中山路三段1號,江永平,黃慶忠,048535898,1985/12/30,2022/03/31,475000000,www.axman.com.tw,0,0
上櫃,6811,宏碁資訊服務股份有限公司,宏碁資訊,53739409,數位雲端,臺北市南港區南港路3段9號18樓,陳俊聖,周幸蓉,(02)27841000,2012/02/22,2022/08/09,414490000,https://www.aceraeb.com/,6,11
上櫃,6821,聯寶電子股份有限公司,聯寶,23065258,電子零組件,新北市新店區寶橋路235巷125號5樓之2,譚明珠,譚偉傑,02-8919-1380,1988/09/22,2023/05/22,359131930,www.linkcom.com.tw,0,0
上櫃,6823,濾能股份有限公司,濾能,54795527,半導體,桃園市楊梅區中山里中山北路一段199巷98號2樓,黃銘文,黃銘文,03-4856365,2014/03/24,2022/06/30,332339200,https://www.greenfiltec.com/,0,0
上櫃,6829,千附精密股份有限公司,千附精密,83599094,半導體,中部科學園區臺中市后里區后里里后科南路28號,張瓊如,賴明村,04-2558-8638,2020/07/20,2022/03/11,591690000,https://www.cfprec.com.tw/,0,0
上櫃,6840,東研信超股份有限公司,東研信超,22652384,其他電子,臺北市內湖區舊宗路2段171巷18號4樓,吳仲超,吳仲超,(02)2657-3299,1987/10/19,2023/03/24,307672840,www.btl.com.tw,0,0
上櫃,6841,長佳智能股份有限公司,長佳智能,50824681,生技醫療,臺中市北屯區經貿路一段360號8樓,陳明豐,李友錚,04-2321-3838,2018/06/28,2023/03/01,952230000,https://www.everfortuneai.com.tw/,0,0
上櫃,6843,進典工業股份有限公司,進典,35924015,電機機械,桃園市楊梅區青年路6之1號,范義鑫,范義鑫,03-4965066,1978/08/12,2022/11/21,333040000,www.jdv.com.tw,0,0
上櫃,6844,諾貝兒寶貝股份有限公司,諾貝兒,16115725,生技醫療,高雄市三民區大昌二路87號,楊宏培,許耀鴻,07-7356888,1997/10/08,2024/03/08,374284400,https://www.norbelbaby.com.tw,0,0
上櫃,6846,綠茵生技股份有限公司,綠茵,54059626,食品工業,中部科學園區臺中市大雅區科雅路43號5樓,吳嘉峰,徐榜奎,04-22382867,2012/07/18,2023/05/15,270660390,http://greenynbio.com,0,0
上櫃,6855,數泓科技股份有限公司,數泓科,28345862,其他電子,臺中市潭子區潭秀里北環路15-1號,游祥鎮,李明華,(04)25320382,2006/06/26,2022/10/06,232497160,http://www.eclatorq.com,0,0
上櫃,6856,鑫傳國際多媒體科技股份有限公司,鑫傳,16089901,文化創意,臺中市大里區國光路一段68號,廖紫岑,王盛春,04-37050011,1997/08/20,2023/10/27,282000000,https://st-media.com.tw,0,0
上櫃,6859,伯特光電股份有限公司,伯特光,70848654,光電,臺中市潭子區潭秀里潭富路一段87巷35號,陳柏輯,陳柏輯,(04)2535-8876,2003/11/12,2022/11/28,415886000,https://www.best-opto.com,0,0
上櫃,6865,偉康科技股份有限公司,偉康科技,16590299,數位雲端,臺北市松山區南京東路5段161號4樓,連泓鈞,陳怡良,(02)77015899,1998/05/28,2023/01/11,158406450,https://www.webcomm.com.tw/,0,0
上櫃,6870,騰雲科技服務股份有限公司,騰雲,45900358,數位雲端,新北市汐止區新台五路1段99號35樓,梁基文,梁基文,(02)26973968,2016/03/29,2023/09/14,283175500,https://www.turn2cloud.com,0,0
上櫃,6872,浩宇生醫股份有限公司,浩宇生醫,24731239,生技醫療,臺北市南港區忠孝東路七段508號16樓,龍震宇,龍震宇,02-25860560,2015/03/12,2025/03/07,707505110,https://navifus.com/,0,0
上櫃,6874,倍力資訊股份有限公司,倍力,70435529,資訊服務,臺北市松山區南京東路4段16號12樓,許金隆,許金隆,(02)2731-6868,1999/09/10,2022/12/14,220000000,https://www.mpinfo.com.tw/,0,0
上櫃,6875,國邑藥品科技股份有限公司,國邑*,70516563,生技醫療,臺北市南港區忠孝東路七段508號11樓,王建治,甘霈,(02)27827561,2000/05/25,2024/03/26,645914020,https://www.pharmosa.com.tw,0,0
上櫃,6877,鏵友益科技股份有限公司,鏵友益,24664196,其他電子,高雄市路竹區北嶺里北嶺六路88號,杜泰源,營運長:曹如德 ; 總經理:朱俊龍,07-6955722,2014/10/02,2023/06/16,471671220,https://www.hyetech.com.tw/,0,0
上櫃,6881,潤德室內裝修設計工程(股)公司,潤德,86306655,其他,臺北市中山區八德路2段308號11樓之1,盧玉璜,許茲榮,02-81619800,1991/11/14,2024/05/21,150000000,https://rd.ruentex.com.tw,0,0
上櫃,6884,海柏特股份有限公司,海柏特,50872352,資訊服務,新北市汐止區新台五路1段82號7樓,侯知遠,林俊男,(02)26960660,2018/09/14,2025/12/17,183900000,https://www.hsnservice.com,0,0
上櫃,6894,衛司特科技股份有限公司,衛司特,12739475,綠能環保,臺中市西屯區何成里大墩19街186號12樓之1,林世民,林世民,04-2328-3939,2001/01/19,2023/11/29,238000000,http://www.recotech.com.tw,0,0
上櫃,6895,宏碩系統股份有限公司,宏碩系統,80112843,半導體,苗栗縣頭份市中正路598巷31號,酈唯誠,陳漢穎,037-685793,2002/12/31,2023/08/22,341000000,https://www.wavepower.com.tw,0,0
上櫃,6899,創為精密材料股份有限公司,創為精密,70515157,光電,基隆市安樂區武訓街84號,趙書華,林昇耀,02-2430-2666,2000/05/24,2024/04/08,423984910,https://www.amtouch.com.tw,0,0
上櫃,6903,巨漢系統科技股份有限公司,巨漢,23473992,其他電子,新竹市東區東園里中華路一段324號8樓,廖俊茂,羅瑞鴻,(03)5326677,1989/10/13,2024/06/12,666760000,https://www.jiuhan.com.tw/,0,0
上櫃,6904,伯鑫工具股份有限公司,伯鑫,55982771,其他,臺中市神岡區北庄里中山路893巷9之2號,復盛應用科技股份有限公司 代表人：江慶生,吳傳福,(04)2562-7786,1984/04/24,2023/12/05,185000000,https://www.proxene.com.tw/,0,0
上櫃,6907,雅特力科技(開曼)股份有限公司,雅特力-KY,61215582,半導體,"5F., No.1, Jinshan 8th St., East Dist.Hsinchu City,Taiwan",王國雍,王國雍,03-5778788,2016/03/15,2026/01/29,625625000,https://www.arterychip.com/tw/,0,0
上櫃,6910,德鴻科技股份有限公司,德鴻,86870646,數位雲端,臺北市大同區重慶北路2段243號13樓,林宏興,史習聖,(02)6611-0777,1992/09/19,2025/12/11,305210000,https://www.grandsys.com.tw,0,0
上櫃,6913,鴻呈實業股份有限公司,鴻呈,89238750,電子零組件,新北市中和區中正路880號7樓,簡忠正,林星宏,(02)3234-3038,1994/08/13,2024/10/01,438488630,https://www.vso-corp.com,0,0
上櫃,6922,宸曜科技股份有限公司,宸曜,29169532,電腦及週邊設備,新北市中和區建八路198號11樓,高明和,高明和,(02)2223-6182,2010/07/14,2023/11/09,271553850,https://www.neousys-tech.com/,0,0
上櫃,6925,意藍資訊股份有限公司,意藍,28477069,數位雲端,臺北市中正區杭州北路26號12樓,陳甫彥,楊立偉,2755-1533,2007/03/12,2025/05/28,200003000,www.eland.com.tw,0,0
上櫃,6929,佑全藥品股份有限公司,佑全,70741647,生技醫療,臺中市西屯區臺灣大道四段925號20樓之1,劉志平,文德蘭,04-23582999,2000/04/13,2024/03/28,450900000,http://www.yourchance.com.tw/,0,0
上櫃,6945,圓祥生技股份有限公司,圓祥生技,54326052,生技醫療,臺北市南港區忠孝東路7段508號11樓之2,陳志全,何正宏,02-26532886,2013/05/27,2026/06/05,975311600,www.apbioinc.com,0,0
上櫃,6953,家碩科技股份有限公司,家碩,47086838,半導體,新北市土城區中央路4段2號9樓,邱銘乾,詹印豐,03-550-6279,2016/07/18,2024/05/13,300146000,https://www.gdauto.com.tw,0,0
上櫃,6961,旅天下聯合國際旅行社(股)公司,旅天下,24943536,觀光餐旅,臺北市中山區民生東路3段10號6樓,李嘉寅,嚴揆生,(02)7701-0660,2015/03/10,2026/01/22,268340000,https://www.gounitravel.com,0,0
上櫃,6967,汎瑋材料科技股份有限公司,汎瑋材料,86575187,電子零組件,臺中市西屯區協和里工業區38路185之2號,李家旺,李輝祥,04-23592471,1992/03/03,2024/09/25,304044770,https://www.trans-sun.com.tw/,0,0
上櫃,6968,萬達寵物事業股份有限公司,萬達寵物,53416750,居家生活,臺北市中山區長安東路1段23號4樓之3,陳樂維,李俊廣,(02)2542-8800,2011/06/20,2024/08/14,504362790,https://www.wonderpet.asia/,0,0
上櫃,6971,惠民實業股份有限公司,惠民實業,97418116,綠能環保,臺北市松山區民生東路3段135號5樓,吳萬益,葉正吉/楊仁彰,02-27656655,1997/04/08,2025/10/02,386680000,https://www.huimin.com.tw,0,0
上櫃,6982,大井泵浦工業股份有限公司,大井泵浦,04481037,電機機械,新北市三芝區大片頭83之14號,黃景豐,黃錦雲,2768-0189,1978/04/11,2024/12/18,407523810,https://www.walruspump.com,0,0
上櫃,6983,華洋精機股份有限公司,華洋精機,54063852,其他電子,臺南市新化區中正路686巷56號,邱見泰,蕭賢德,(06)2532626,2012/10/09,2026/05/25,180200000,https://www.hua-yang.com.tw,0,0
上櫃,6986,和迅生命科學股份有限公司,和迅,50924393,生技醫療,桃園市桃園區汴洲里春日路1490號6樓及1490之3號6樓,黃濟鴻,黃濟鴻,03-3175088,2019/06/12,2026/06/26,521340000,https://www.hexunbio.com/,0,0
上櫃,6996,力領科技股份有限公司,力領科技,25086406,半導體,新竹縣竹北市台元一街5號6樓之9,毛穎文,郭文源,03-5601180,2009/12/11,2024/12/10,420903330,https://www.forcelead.com.tw/zh/index-zh/,0,0
上櫃,6997,博弘雲端科技股份有限公司,博弘,28497918,數位雲端,臺北市中山區樂群二路267號5樓之8,井琪,陳仲儒,02-8501-5055,2006/10/13,2024/12/16,221005000,https://www.nextlink.cloud/,0,0
上櫃,7402,邑錡股份有限公司,邑錡,80538664,光電,臺北市內湖區瑞光路588號9樓,陳世哲,陳世哲,02-87510306,2003/11/06,2015/12/29,352806460,www.brinno.com,0,0
上櫃,7547,碩網資訊股份有限公司,碩網,70364799,數位雲端,新北市新店區北新路1段86號20樓,黎少倫,邱仁鈿,(02)2912-2100,1999/05/24,2025/07/29,339630000,https://www.intumit.tw/,0,0
上櫃,7556,意德士科技股份有限公司,意德士科技,70381684,半導體,臺北市中山區民生東路2段170號4樓,闕聖哲,李順富,(02)25063000,1999/07/15,2020/10/30,290808690,www.yeedex.com.tw,0,0
上櫃,7584,樂意傳播股份有限公司,樂意,53773813,文化創意,新北市新店區北新路3段205之3號9樓,梁敏永,梁敏永,(02)8913-1363,2012/06/13,2024/07/25,164628080,www.mangot5.com,0,0
上櫃,7642,昶瑞機電股份有限公司,昶瑞機電,53607701,電機機械,臺中市龍井區忠和里台西南路272號,蔡翔如,楊偉成,04-26380989,2011/09/23,2025/05/22,301942580,www.champ-ray.com,0,0
上櫃,7703,銳澤實業股份有限公司,銳澤,28881286,其他電子,新竹縣竹北市嘉豐南路二段76號9樓之1,梁進利,曾建程,(03)5500958,2007/11/20,2024/11/13,347450000,https://www.rayzher.com.tw/,0,0
上櫃,7704,明遠精密科技股份有限公司,明遠精密,53156804,半導體,新竹縣竹北市中和街191巷31號,寇崇善,焦元煜,03-6565510,2010/09/21,2024/12/16,337698040,https://www.finesse-tech.com/,0,0
上櫃,7708,全家國際餐飲股份有限公司,全家餐飲,53089762,觀光餐旅,臺北市中山區中山北路2段61號3樓,吳勝福,辛紫綾,(02)2523-5775,2010/09/06,2024/11/15,255000000,http://www.familygourmet.com.tw/,0,0
上櫃,7709,榮田精機股份有限公司,榮田,22503723,電機機械,高雄市湖內區中山路二段6號,陳松田,陳政鈞,(07)975-9888,1987/05/21,2025/02/25,391027400,https://www.honorseiki.com,0,0
上櫃,7712,博盛半導體股份有限公司,博盛半導體,54808255,半導體,新竹縣竹北市中興里高鐵二路32號六樓之3,孟祥集,孟祥集,(03)668-2068,2014/04/30,2024/12/26,325618730,http://www.potens-semi.com,0,0
上櫃,7713,威力德生醫股份有限公司,威力德生醫,70424425,生技醫療,高雄市三民區同盟三路858號4樓、5樓,周國忠,陳泓仁,(07)380-0773,2003/04/28,2025/02/24,454788430,https://www.weleader.com.tw,0,0
上櫃,7714,創泓科技股份有限公司,創泓科技,53120898,數位雲端,臺北市內湖區洲子街77號10樓,黃健寧,朱陳儀珍,02-26583077,2010/12/29,2025/01/15,210000000,www.uniforce.com.tw,0,0
上櫃,7715,裕山環境工程股份有限公司,裕山,84339006,綠能環保,高雄市三民區民族一路80號30樓之2,劉原宏,張育祺,07-3985500,1993/11/09,2025/01/15,327565000,http://www.yseec.com,0,0
上櫃,7716,昱臺國際股份有限公司,昱臺國際,84938207,航運業,臺北市中山區南京東路3段28號4樓,劉枋,林興芳,02-25166856,1994/09/01,2025/10/28,225000000,https://www.iti-international.com/,0,0
上櫃,7717,英屬開曼群島商萊德光電(股)公司,萊德光電-KY,93676577,通信網路,新北市中和區中正路872號15樓之1,環隆科技股份有限公司 代表人：歐仁傑,沈培生,(02)2222-8699,2014/08/08,2025/11/17,248315180,http://www.lightel-ky.com,0,0
上櫃,7718,友鋮股份有限公司,友鋮,12906711,電機機械,臺南市東區東門路1段358號9樓之4,張宏誠,張宏誠,(06)236-0687,2001/10/02,2025/03/18,463564840,https://www.spec.com.tw/,0,0
上櫃,7723,築間餐飲事業股份有限公司,築間,83293333,觀光餐旅,臺中市西屯區臺灣大道三段789號14樓之2,林楷傑,周秀花,04-24228966,2020/12/15,2025/04/30,496195500,https://www.jhujian.com.tw/,0,0
上櫃,7728,光焱科技股份有限公司,光焱科技,24362164,其他電子,高雄市路竹區路科五路96號1樓A區,柯歷亞,廖華賢,07-6955669,2009/03/02,2025/03/06,139926210,https://enlitechnology.com/zh-hant/,0,0
上櫃,7734,印能科技股份有限公司,印能科技,28800030,半導體,新竹市香山區海山里大湖路173號,洪誌宏,洪誌宏,03-5375068,2007/09/27,2025/02/26,280000000,http://www.ableprint.com.tw,0,0
上櫃,7738,東聯互動股份有限公司,東聯互動,65279409,數位雲端,新北市土城區中央路4段51號7樓之1,吳侑勳,吳侑勳,02-22425511,2016/08/26,2025/10/16,273557990,https://www.eui.money,0,0
上櫃,7743,金利食安科技股份有限公司,金利食安,53414676,食品工業,屏東縣屏東市前進里5鄰園西街15號,廖日興,殷豪,08-7562188,2011/06/09,2025/05/20,364833380,http://www.kfs-foodtech.com/,0,0
上櫃,7744,崴寶精密科技股份有限公司,崴寶,90290162,電子零組件,臺中市西屯區市政北七路186號11樓之9,姚旭初,姚旭初,04-2254-9456,2022/06/30,2025/11/27,320767100,https://wnbtech.com/zh/,0,0
上櫃,7747,昕奇雲端科技股份有限公司,昕奇雲端,55639539,數位雲端,臺北市內湖區瑞光路76巷33號2樓,許承強,許承強,02-87923677,2017/10/11,2025/07/11,301686000,https://www.grandtechcloud.com,0,0
上櫃,7751,竑騰科技股份有限公司,竑騰,89999982,半導體,高雄市楠梓區經六路61號,王獻儀,徐嘉新,07-3631000,1994/12/27,2025/08/26,268886000,https://www.hta.com.tw/,0,0
上櫃,7753,星亞視覺股份有限公司,星亞,90542250,光電,新竹科學園區新竹市力行五路1號8樓,戴呈易,李柏龍,03-5638966,2021/09/16,2025/08/11,250000000,https://www.savc-vision.com/,0,0
上櫃,7757,金色三麥餐飲股份有限公司,金色三麥,24692475,觀光餐旅,新北市三重區新北大道2段260號,葉冠廷,葉淑芬,02-7716-6666,2014/09/01,2025/10/20,241000000,www.sunmaigroup.com,0,0
上櫃,7767,仁大資訊股份有限公司,仁大資訊,16890535,資訊服務,新北市新莊區新北大道3段216號3樓,林士茵,陳宏明,(02)2298-2958,1999/04/12,2025/12/10,301000000,https://www.hpicorp.com.tw,0,0
上櫃,7770,君曜科技股份有限公司,君曜,53175112,半導體,新竹市東區光復路二段2巷49之1號2樓,林澤琦,林秉琦,035790045,2010/10/28,2025/12/10,300620530,www.zeitecsemi.com,0,0
上櫃,7772,耀穎光電股份有限公司,耀穎,80516134,半導體,桃園市蘆竹區大新路812號,鄭偉民,郭晉辰,(03)323-8118,2003/09/05,2026/05/08,264986000,http://www.moe.com.tw,0,0
上櫃,7777,能率亞洲資本股份有限公司,能率亞洲,54398718,其他,臺北市松山區南京東路3段248號6樓之2,謝發達,游智元,02-27403628,2015/03/10,2025/12/22,1866062500,https://www.abicoasia.com.tw/,0,0
上櫃,7782,光速火箭股份有限公司,光速火箭,65279724,居家生活,新北市新莊區富貴路568號6樓,陳冠愷,李冠霆,02-8522-8955,2016/08/26,2025/10/28,232130000,https://www.speeding-rocket.com,0,0
上櫃,7792,安葆國際實業股份有限公司,安葆,84751639,其他電子,新北市新店區北新路3段207之5號5樓,陳志復,陳志復,(02)29108118,1994/02/04,2026/01/28,466620000,https://www.ampower.com.tw/,0,0
上櫃,7794,宏碁智新股份有限公司,宏碁智新,52380564,居家生活,臺北市松山區復興北路369號7樓之5,侯知遠,高國書,02-89797900,2016/10/24,2026/04/20,280000000,https://www.acerpure.com/tw,0,0
上櫃,7805,威聯通科技股份有限公司,威聯通,80682695,數位雲端,新北市汐止區中興路22號2樓,張明智,劉文義,(02)26412000,2004/03/11,2025/12/22,397501220,https://www.qnap.com,0,0
上櫃,7810,捷創科技股份有限公司,捷創科技,27295674,半導體,新竹市東區關新里關新路27號6樓之1,林益民,林益民,03-5638886,2004/05/20,2025/12/23,202500000,https://www.jtron-tech.com,0,0
上櫃,7811,民盛應用企業股份有限公司,民盛,83063590,運動休閒,臺北市內湖區瑞光路168號6樓,許廷儀,張端揆,02-8797-8668,2020/08/06,2026/03/25,333770000,www.minson.com.tw,0,0
上櫃,7814,海昌生化科技股份有限公司,海昌生技,28540318,生技醫療,臺中市西屯區工業區38路210號7樓之5,蔡國田,何信裕,04-23503535,2006/12/14,2026/07/16,450000000,https://www.biohorien.com,0,0
上櫃,7819,精誠金融科技股份有限公司,精誠金融,70560595,資訊服務,臺北市信義區市民大道6段288號5樓之6,楊世忠,黃華勇,02-2357-7711,2000/05/16,2026/05/27,252635000,https://www.systexfintech.com/,0,0
上櫃,7820,立盈環保科技股份有限公司,立盈,54662717,綠能環保,桃園市平鎮區湧豐里工業二路7號,陳俊琦,陳俊琦,(03)4192890,2013/12/30,2026/04/27,377680960,https://www.lept.com.tw,0,0
上櫃,7825,和亞智慧科技股份有限公司,和亞智慧,24972898,其他電子,臺北市內湖區洲子街67號10樓,石文機,陳志忠,(02)7711-2766,2015/06/01,2026/09/10,231145000,https://www.newsmart.com.tw/,0,0
上櫃,7828,創新服務股份有限公司,創新服務,27472283,半導體,新竹縣竹北市環北路一段283號2樓,吳智孟,吳智孟,04-2680-1023,2004/10/20,2026/04/22,404939110,https://www.inno-stars.com/,0,0
上櫃,7839,達人網科技股份有限公司,達人網,90378737,數位雲端,臺北市信義區信義路5段150巷2號20樓之1,李倫家,李倫家,(02)2720-0449,2022/06/06,2026/06/15,150960250,https://www.pro360.com.tw/,0,0
上櫃,7842,天能綠電股份有限公司,天能綠電,83213541,綠能環保,臺北市內湖區基湖路1號2樓,廖福生,唐亞聖,02-2656-0608,2021/01/29,2026/05/11,182500000,https://greenet.com.tw/,0,0
上櫃,7856,漢民測試系統股份有限公司,漢測,27440348,半導體,新竹市東區埔頂里埔頂路18號9樓之2,林冬青,王子建,(03)583-5688,2004/09/08,2026/09/22,330000000,https://www.hermes-testing.com.tw/,0,0
上櫃,8024,佑華微電子股份有限公司,佑華,86806602,半導體,新竹市光復路2段295號9樓之1,林振興,翁啟培,03-5736660,1992/07/28,2006/09/25,451601000,https://www.ealpha.com.tw,0,0
上櫃,8027,鈦昇科技股份有限公司,鈦昇,22101002,電機機械,高雄市燕巢區橫山路61號,王明慶,陳坤山,(07)6156600,1994/10/28,2015/06/09,1097505960,www.enr.com.tw,0,0
上櫃,8032,光菱電子股份有限公司,光菱,22626725,電子通路,新北市汐止區新台五路一段79號9樓之7,廖順榮,陳建龍,(02)26981143,1987/08/15,2003/10/02,518103000,www.koryo.com.tw,0,0
上櫃,8034,榮群電訊股份有限公司,榮群,86001464,通信網路,新竹科學園區新竹縣寶山鄉工業東九路5號3樓,王慶橖,王慶橖,03-5788693,1992/04/20,2004/05/06,565863530,www.opnet.com.tw,0,0
上櫃,8038,長園科技實業股份有限公司,長園科,16207745,電子零組件,中部科學園區臺中市西屯區科雅東路9號,張李琇玉,張惇育,04-25658768,1997/08/28,2013/11/21,622781900,www.caec.com.tw,0,0
上櫃,8040,九暘電子股份有限公司,九暘,16069953,半導體,新竹市光復路2段2巷47號10樓之1,謝清江,潘建華,03-5750275,1997/07/19,2007/04/30,964138740,www.icplus.com.tw,0,0
上櫃,8042,臺灣金山電子工業股份有限公司,金山電,03550210,電子零組件,新北市三重區光復路1段68巷11弄1號2樓,江士勳,江慶信,(02)29950535,1970/03/20,2004/03/22,1314799540,www.chinsan.com,0,0
上櫃,8043,蜜望實企業股份有限公司,蜜望實,23310983,電子零組件,臺北市內湖區內湖路一段316號8樓,林訓民,許弘志,(02)87511779,1989/05/20,2003/10/24,799071700,WWW.THREEHHH.COM.TW,0,0
上櫃,8044,網路家庭國際資訊股份有限公司,網家,16606102,數位雲端,臺北市大安區敦化南路2段105號12樓,詹宏志,張瑜珊,27000898,1998/07/14,2005/01/24,2047680650,www.pchome.com.tw,0,0
上櫃,8047,星雲電腦股份有限公司,星雲,23360202,其他電子,新北市汐止區褔德二路236號4樓之1,張祐銘,許曜廷,02 26946687,1989/04/20,2004/02/09,346130110,http://www.gccworld.com,4,24
上櫃,8048,德勝科技股份有限公司,德勝,05094603,通信網路,臺北市南港區南港路3段50巷21號5樓,林坤銘,楊育哲,02-27853961,1981/07/14,2009/09/08,594369240,www.rubytech.com.tw,0,0
上櫃,8049,晶采光電科技股份有限公司,晶采,16440433,光電,新北市汐止區新台五路1段116號4樓,陳志湧,劉棟錚,(02)2696-7269,1998/03/17,2004/02/02,1182798080,www.ampire.com.tw,0,0
上櫃,8050,廣積科技股份有限公司,廣積,70479315,電腦及週邊設備,臺北市南港區園區街3號15樓之1,陳友南,李家富,26557588,2000/02/15,2003/10/24,2052048910,www.ibase.com.tw,0,0
上櫃,8054,安國國際科技股份有限公司,安國,70455720,半導體,臺北市南港區三重路66號9樓之1,李宜平,遺缺待補,(02)2653-5000,1999/11/23,2004/11/08,1087325660,www.alcormicro.com,0,0
上櫃,8059,凱碩科技股份有限公司,凱碩,16631735,通信網路,臺北市松山區南京東路5段99號10樓,章瑛,章瑛(代理),02-2267-3858,1998/06/26,2010/03/16,1164663000,http://www.castlenet.com.tw,0,0
上櫃,8064,東捷科技股份有限公司,東捷,16491312,光電,臺南市新市區南科六路9號,梁又文,嚴璐,(06)5051188,1998/05/01,2006/09/25,1848178360,www.contrel.com.tw,0,0
上櫃,8066,來思達國際企業股份有限公司,來思達,84149821,居家生活,臺北市內湖區新湖一路86號3樓,謝采琁,謝孟霖,(02)87925189,1996/12/19,2004/12/24,366423040,www.lifestyle-global.com,0,0
上櫃,8067,志旭國際股份有限公司,志旭,23286631,電子通路,新北市三重區新北大道2段260號14樓,陳昱志,陳昱旭,02-29953666,1989/03/24,2004/04/23,207000000,http://www.gish.com.tw,0,0
上櫃,8068,全達國際股份有限公司,全達,16003714,電子通路,臺北市內湖區內湖路一段360巷15號8樓之1,&#20931;俊榮,王凱元,02-22186500,1997/05/15,2004/03/25,807659490,http://www.chander.com.tw/,0,0
上櫃,8069,元太科技工業股份有限公司,元太,22099890,光電,新竹科學園區新竹市力行一路3號,李政昊,洪集茂,03-5643200,1992/06/16,2004/03/30,11546783800,www.eink.com,0,0
上櫃,8071,能率網通股份有限公司,能率網通,84415355,電子零組件,新北市汐止區康寧街169巷27號13樓之1,胡湘麒,洪再發,02-26923636,1993/06/29,2003/12/29,600842830,www.fstdisc.com.tw,5,20
上櫃,8074,鉅橡企業股份有限公司,鉅橡,96865657,電子零組件,臺南市佳里區海澄里萊芊寮12-27號,莊煌星,莊煌星,06-7266335,1996/02/01,2004/01/27,869744660,https://www.aurona.com.tw/,0,0
上櫃,8076,伍豐科技股份有限公司,伍豐,89961466,電腦及週邊設備,新北市汐止區新台五路一段75號10樓,徐明哲,彭禾夆,(02)26981446,1995/01/17,2003/12/15,2922135920,https://www.fecpos.com/tw/,0,0
上櫃,8077,洛碁實業股份有限公司,洛碁,89211393,觀光餐旅,臺北市中山區南京東路2段69號3樓,謝憲治,崔潔民,02-2562-0018,1994/07/22,2004/12/06,219456690,http://www.greenworldhotels.com/,0,0
上櫃,8080,泰霖事業股份有限公司,泰霖,84492351,建材營造,臺北市中山區植福路308號3樓,劉東嶽,林鴻彰,(02)8502-6858,1993/12/06,2004/05/10,671638210,http://www.terralink.com.tw/,0,0
上櫃,8083,瑞穎股份有限公司,瑞穎,16264415,電機機械,新北市新莊區五權三路8號,陳柏峰,陳柏津,89904567,1997/11/10,2004/09/23,351331930,www.prohawk.com.tw,0,0
上櫃,8084,巨虹電子股份有限公司,巨虹,84630087,電子通路,新北市中和區連城路258號9樓之1,唐嘉君,唐嘉君,82271166,1993/12/06,2004/03/08,695141490,www.chiphope.com,0,0
上櫃,8085,福華電子股份有限公司,福華,11825450,其他電子,臺北市中山區中山北路三段22號,宋成璽,賴宏杰(代理),(02)26730411,1970/08/31,2004/03/01,1399830600,http://www.fwd.com.tw,0,0
上櫃,8086,宏捷科技股份有限公司,宏捷科,16130423,半導體,臺南市新市區大利一路6號,徐秀蘭,黃國鈞,06-5050999,1998/12/30,2009/06/01,1965161230,http://www.awsc.com.tw,0,0
上櫃,8087,麗升能源科技股份有限公司,麗升能源,16203494,綠能環保,臺北市信義區松高路1號10樓之1,林麗珍,林麗珍,02-27099889,1997/08/22,2004/02/25,386460420,www.leadsun-green.com,0,0
上櫃,8088,品安科技股份有限公司,品安,84750054,半導體,臺北市內湖區成功路五段460號9樓,謝吳沛,謝吳沛,02-2631-8809,1994/02/01,2004/02/27,609217499,www.panram.com.tw,0,0
上櫃,8089,康全電訊股份有限公司,康全電訊,23727877,通信網路,新北市三重區重新路五段609巷10號3樓之1,潘良榮,洪榮隆,29998261,1990/04/07,2020/09/23,659987180,www.comtrend.com,0,0
上櫃,8091,翔名科技股份有限公司,翔名,86436593,半導體,新竹市香山區牛埔南路221號,吳宗豐,陳基川,(03)5384900,1991/12/27,2004/06/24,569436510,http://www.feedback.com.tw,0,0
上櫃,8092,建暐精密科技股份有限公司,建暐,76470282,其他電子,高雄市鳳山區鎮北里鎮北北巷20之16號,李聰林,賴秀華,07-7313911,1984/06/14,2004/02/02,571723250,http://www.chienwei.com,0,0
上櫃,8093,保銳科技股份有限公司,保銳,23725553,電子零組件,新北市新店區民權路50號9樓,呂禮正,呂禮正,02-2915-1988,1990/04/02,2004/12/31,565675670,www.enermax.com,0,0
上櫃,8096,擎亞電子股份有限公司,擎亞,16099112,電子通路,臺北市南港區園區街3之2號13樓,李熙俊,申東洙,2655-7699,1997/11/21,2004/07/15,1493430660,www.coasiaelec.com,0,0
上櫃,8097,常珵科技股份有限公司,常珵,22206879,通信網路,新北市樹林區博愛街236號(1樓),林銜錄,楊健明,02 86857300,1986/06/17,2004/03/01,603024680,www.atwtechnology.com,0,0
上櫃,8099,大同世界科技股份有限公司,大世科,70771557,資訊服務,臺北市中山區中山北路3段22號,張榮華,劉盈秀,(02)25915266,2000/05/05,2004/03/29,1000728000,https://www.etatung.com,7,35
上櫃,8102,傑霖科技股份有限公司,傑霖科技,86976198,半導體,新北市中和區建一路179號8樓,梁春林,梁春林,(02)82215466,1992/10/29,2025/12/22,233583500,Http://www.jeilin.com.tw,0,0
上櫃,8107,大億金茂股份有限公司,大億金茂,16359284,電機機械,臺南市南區新樂路39號,莊智清,陳俊宏,06-2650688,1998/01/05,2005/11/15,750000000,www.kenmos.com,0,0
上櫃,8109,博大科技股份有限公司,博大,86757291,電子零組件,臺中市南屯區工業區22路36號,廖本崇,廖本崇,(04)23590668,1992/06/16,2005/03/22,821612360,www.pduke.com,0,0
上櫃,8111,立碁電子工業股份有限公司,立碁,23378792,光電,新北市樹林區博愛街238號,童義興,童義興,02-77036000,1989/06/27,2004/02/09,1091022230,http://www.ligitek.com,0,0
上櫃,8121,越峰電子材料股份有限公司,越峰,86124395,電子零組件,臺北市內湖區基湖路39號8樓,吳亦圭,吳文豪,02-2650-3337,1991/09/05,2005/02/17,2129937430,https://www.acme-ferrite.com.tw,7,12
上櫃,8147,正淩精密工業股份有限公司,正淩,22324051,電子零組件,新北市汐止區康寧街169巷1號5樓,徐季麟,賴琦憲,02-66162000,1986/10/21,2013/04/30,418171660,www.nextrongroup.com,0,0
上櫃,8155,博智電子股份有限公司,博智,89495531,電子零組件,桃園市龍潭區烏林里工二路128號,張永青,洪輝龍,03-4992500,1995/04/26,2012/12/18,623677000,www.accl.com.tw,0,0
上櫃,8171,天宇工業股份有限公司,天宇,38426929,綠能環保,新北市新店區民權路130巷8號5樓,馬震偉,劉奇威,02-2218-7688,1983/10/01,2011/12/19,1128533260,http：//www.feii.com.tw,0,0
上櫃,8176,智捷科技股份有限公司,智捷,84149408,通信網路,新竹科學園區新竹市新安路8號5樓,凡恩科技股份有限公司,吳佳芳,03-5777364,1995/03/10,2013/06/25,598000000,www.zcom.com.tw,0,0
上櫃,8182,加高電子股份有限公司,加高,75914885,電子零組件,高雄市大寮區大發工業區華東路39號,楊景晴,楊景晴,07-7871555,1976/11/22,2006/05/25,1070412150,http://www.hele.com.tw,0,0
上櫃,8183,台灣精星科技股份有限公司,精星,23984925,其他電子,新竹縣湖口鄉鳳凰村實踐路12號,焦佑衡,劉貞佑,03-5979999,1990/12/15,2005/03/30,1212510680,http://www.psaitc.com,0,1
上櫃,8227,巨有科技股份有限公司,巨有科技,86169913,半導體,臺北市內湖區內湖路1段88號8樓,賴志賢,賴志賢,2658-2233,1991/08/15,2022/12/20,395430000,www.pgc.com.tw,0,0
上櫃,8234,新漢股份有限公司,新漢,86891972,電腦及週邊設備,新北市中和區中正路920號9樓,林茂昌,楊建興,(02)8226-7786,1992/11/14,2007/06/07,1412264720,www.nexcom.com.tw,0,0
上櫃,8240,華宏新技股份有限公司,華宏,83428825,光電,高雄市前金區中正四路235號11樓之6及之7,張尊賢,林志明,07-9717777,1973/08/09,2005/06/23,1000044140,https://www.wahhong.com,0,2
上櫃,8255,朋程科技股份有限公司,朋程,16748101,電機機械,桃園市蘆竹區南崁路2段22號1樓,姚宕梁,吳憲忠,03-3115555,1998/11/17,2006/04/25,1019610410,www.actron.com.tw,0,0
上櫃,8272,全景軟體股份有限公司,全景軟體,16325089,資訊服務,新竹科學園區新竹縣寶山鄉園區二路48號2樓,楊瑞明,楊文和,03-5630688,1998/04/14,2024/10/23,189977550,http://www.changingtec.com,0,0
上櫃,8277,商丞科技股份有限公司,商丞,84783772,半導體,臺北市內湖區瑞光路513巷22弄5號3樓之6,林進財,林進財,(02)87971108,1994/05/16,2004/12/27,395000000,https://www.unifosa.com.tw,0,0
上櫃,8279,生展生物科技股份有限公司,生展,16130471,生技醫療,臺南市新營區開元路154號A棟,陳威仁,陳威仁,(06)6323588,1999/04/28,2016/09/26,271008510,http://www.syngen.com.tw,0,0
上櫃,8284,三竹資訊股份有限公司,三竹,86136982,資訊服務,臺北市中山區新生北路2段39號11樓,邱宏哲,邱宏哲,02-25639999,1991/05/30,2020/05/18,473030000,https://www.mitake.com.tw/,0,0
上櫃,8289,泰藝電子股份有限公司,泰藝,70540563,電子零組件,新北市樹林區樹潭街5號,宋勝泰,宋佳欣,2686-1287,2000/03/23,2008/04/24,683337650,www.taitien.com.tw,0,0
上櫃,8291,尚茂電子材料股份有限公司,尚茂,16431363,電子零組件,桃園市大園區濱海路二段208號,佐佐木Beji,佐佐木Beji,03-386-4289,1997/12/03,2011/11/29,174784500,www.shinemore.com.tw,0,0
上櫃,8299,群聯電子股份有限公司,群聯,12649951,半導體,新竹縣竹北市中興里復興一街251號10樓之6,顏暐駩,馬中迅,037-586896,2000/11/08,2004/12/06,2211652470,www.phison.com,0,0
上櫃,8342,益張實業股份有限公司,益張,22492367,其他,彰化縣埤頭鄉崙腳村興工路4號,陳新約,邱明鶴,(04)8926130,1987/05/04,2017/11/23,335366920,www.ijang.com.tw,0,0
上櫃,8349,恒耀國際股份有限公司,恒耀國際,69916350,鋼鐵工業,臺南市東區長榮路一段203號3樓,吳榮彬,吳健序,06-2081997,1985/04/10,2006/03/10,2188213910,www.qst.com.tw,0,0
上櫃,8354,冠好科技股份有限公司,冠好,86779099,其他,南投縣南投市成功三路239號,楊淇筠,李永坤,049-2257852,1992/07/02,2004/04/15,785322630,http://www.koanhao.com,0,0
上櫃,8358,金居開發股份有限公司,金居,16447610,電子零組件,臺北市內湖區瑞光路392號18樓,李思賢,李思賢,02-6615-8899,1998/05/22,2010/09/27,2525880000,http://www.co-tech.com,0,0
上櫃,8383,千附實業股份有限公司,千附,12378253,半導體,新竹市關東路187巷9之1號,張瓊如,張瓊如,03-3220022,1982/04/28,2004/09/10,1137604820,WWW.CHENFULL.COM.TW,0,0
上櫃,8390,金益鼎企業股份有限公司,金益鼎,97419282,綠能環保,新竹市香山區南港里西濱路六段599號,莊清旗,莊瑞元,(03)5182368,1997/04/10,2008/05/21,961161280,www.jyd.com.tw,0,0
上櫃,8401,白紗科技印刷股份有限公司,白紗科,70730281,其他,臺中市太平區祥順路一段116號,林衍束,陳俊傑,04-36083888,2000/03/27,2010/03/29,706690580,www.bsbs.com.tw,0,0
上櫃,8403,盛弘醫藥股份有限公司,盛弘,80563852,生技醫療,桃園市桃園區經國路168號19樓,楊弘仁,劉慶文,03-3469595,2003/11/04,2011/03/01,1376403430,www.share-hope.com,0,0
上櫃,8409,商之器科技股份有限公司,商之器,22743619,生技醫療,臺北市內湖區內湖路1段516號5樓,盤龍,盤龍,(02)8751-4567,1988/01/19,2013/11/25,320000000,https://www.ebmtech.com/tw,0,0
上櫃,8410,森田印刷廠股份有限公司,森田,68682185,電腦及週邊設備,臺南市安南區科技五路85號,黃樟山,黃展隆,(06)3842811,1972/09/08,2011/02/23,365892000,http://www.sentien.com.tw/,0,0
上櫃,8415,大成國際鋼鐵股份有限公司,大國鋼,28754606,鋼鐵工業,臺南市仁德區義林路122號B棟,謝麗雲,謝榮坤,06-2701756,2007/07/12,2016/09/07,10315000000,www.brighton-best.com.tw/,0,10
上櫃,8416,實威國際股份有限公司,實威,27746072,資訊服務,臺北市內湖區行愛路78巷28號5樓之7,李建興,許泰源,02-2795-1618,2005/07/07,2012/09/19,282107100,WWW.SWTC.COM,0,0
上櫃,8421,旭源包裝科技股份有限公司,旭源,27476083,其他,新竹縣新埔鎮巨埔里3鄰新龍路98巷33弄10號,黃南源,莊雅萍,03-5982727,2004/10/26,2012/11/23,548171400,www.xuyuanpack.com,0,0
上櫃,8423,保綠資源股份有限公司,保綠-KY,53003483,綠能環保,桃園市新屋區永安里永福路800號,陳東興,李雲山,603-3176 2602,2009/11/03,2012/03/14,417140300,www.pgr.com.tw,0,0
上櫃,8424,惠普股份有限公司,惠普,12371385,建材營造,臺北市內湖區新湖一路8號5樓,國產建材實業股份有限公司代表人吳志仁,倪勇,(02)2553-3099,1981/11/30,2012/12/18,360543680,http://www.wellpool.com.tw,0,0
上櫃,8426,紅木集團有限公司,紅木-KY,53003863,其他,臺北市大安區敦化南路一段205號10樓之7,蘇聰明,蘇俐月,(02)2778-9121,2010/08/20,2011/12/13,502425000,https://www.redwoodgroup.co/,0,0
上櫃,8431,匯鑽科技股份有限公司,匯鑽科,29061764,其他電子,臺北市內湖區新湖一路151號7樓,花鐳哲,從缺,02-27926918,2008/09/24,2015/03/30,487783310,https://superiortec.com/,0,0
上櫃,8432,東生華製藥股份有限公司,東生華,53093421,生技醫療,臺北市南港區園區街3之1號3樓之1,林全,楊思源,02-2655-8525,2010/09/01,2012/04/30,383981400,http://www.tshbiopharm.com,0,0
上櫃,8433,弘帆股份有限公司,弘帆,12547173,居家生活,臺北市內湖區內湖路1段360巷17號5樓,普世開發(股)公司代表人朱鵬飛,朱鵬飛,(02)87972000,1985/03/28,2012/12/19,545060980,http://www.bonfame.com/,0,0
上櫃,8435,台灣鉅邁股份有限公司,鉅邁,12137902,其他,新北市汐止區新台五路1段77號5樓之4,林樂萍,曾元起,02-26988112,1977/09/01,2012/12/28,352004500,https://www.zimmite.com,0,0
上櫃,8436,大江生醫股份有限公司,大江,12292039,生技醫療,臺北市內湖區港墘路187號8樓,林詠翔,林詠翔,(02)8797-7811,1980/08/22,2013/09/12,1177288300,www.tci-bio.com,4,25
上櫃,8437,大地幼教股份有限公司,大地-KY,41421434,其他,"Rm. 217, 11F., No. 51, Hengyang Rd., Zhongzheng Dist.,Taipei City 100504 , Taiwan (R.O.C.)",程釱坤,程釱坤,02-23826998#9,2008/05/22,2015/05/06,470140700,http://www.edudadi.com/,0,0
上櫃,8440,綠電再生股份有限公司,綠電,16636181,綠能環保,桃園市楊梅區頭湖里泰圳路313巷128號,陳正林,陳建潤,02-2381-8000,1998/08/05,2018/03/28,502552990,www.eer.com.tw,0,0
上櫃,8444,綠河股份有限公司,綠河-KY,54387326,其他,臺北市中正區新生南路一段50號6樓606室,謝榮輝,黃登士,6674328955,2011/01/14,2015/10/27,1251048450,www.greenriverholding.com,0,0
上櫃,8446,華研國際音樂股份有限公司,華研,16842491,文化創意,臺北市中山區建國北路二段135號15樓,呂燕清,何燕玲,02-25121919,1999/05/01,2013/12/19,529144050,http://www.him.com.tw,0,0
上櫃,8450,霹靂國際多媒體股份有限公司,霹靂,97053241,文化創意,新北市汐止區新台五路1段95號32樓,黃文章,黃亮勛,(02)8978-0555,1996/07/02,2014/10/07,513099470,http://www.pili.com.tw/,0,0
上櫃,8455,蓋曼群島商日本大拓股份有限公司,大拓-KY,54385657,其他電子,臺北市松山區敦化北路170號14樓,佐佐木Beji,奧山一寸法師,886-227133220,2014/01/07,2016/01/08,252190560,www.daito-me.com.tw,0,0
上櫃,8472,納維康生技股份有限公司,納維康,25145643,數位雲端,新北市新店區北新路2段262號2樓之6,吳進昌,施凱文,02-2711-8177,2010/07/12,2016/01/11,177358000,http://www.gomaji.com/,0,0
上櫃,8477,創業家數位股份有限公司,創業家,53761823,數位雲端,臺南市仁德區仁義里中山路6號4樓,李月春,蔡忠佑,06-2796896,2012/05/03,2016/10/31,841706160,https://www.xxtechec.com/,0,0
上櫃,8489,三貝德數位文創股份有限公司,三貝德,28443147,其他,新北市三重區重新路5段609巷2號5樓,余明珊,欽憶弘,02-6635-5288,2006/10/30,2017/04/27,599489600,www.samebest.com.tw,0,0
上櫃,8905,裕國冷凍冷藏股份有限公司,裕國,23641978,其他,臺中市西屯區協和里工業區二路3號,楊育偉,楊盛昌,04-23591313,1990/05/30,1996/01/31,1194400000,www.eaglegroup.com.tw,0,0
上櫃,8906,花王企業股份有限公司,花王,33742362,其他,新北市土城區中山路65號,謝宗翰,謝宗翰,03-3908833,1968/07/31,1996/04/23,440373700,http://www.forward-net.com.tw,0,0
上櫃,8908,欣雄天然氣股份有限公司,欣雄,07861475,油電燃氣,高雄市鳳山區國泰路一段99號,朱文煌,王定中,(07)7416101,1986/04/16,1997/02/14,3153327420,www.shng.com.tw,0,0
上櫃,8916,光隆實業股份有限公司,光隆,33111800,其他,臺北市大安區敦化南路二段105號16樓,詹賀博,詹賀博,02-27092550,1966/03/04,1999/04/20,1488411510,http://www.klf-group.com/,0,0
上櫃,8917,欣泰石油氣股份有限公司,欣泰,22000004,油電燃氣,新北市土城區員仁里中華路二段221號,莊鴻文,簡世峰,(02)80753600,1986/01/06,1999/05/06,1626524590,http://www.htgas.com.tw/,0,0
上櫃,8921,沈氏藝術印刷股份有限公司,沈氏,15820097,其他,新北市土城區中央路1段365巷7號3樓,陳正剛,方世調,(02)2270-8198,1977/12/15,2000/03/21,465921590,www.shen.com.tw,0,0
上櫃,8923,時報文化出版企業股份有限公司,時報,01405937,文化創意,臺北市萬華區和平西路3段240號1至7樓,趙政岷,趙政岷,(02)23066600,1985/11/05,1999/12/27,303758000,www.readingtimes.com.tw,0,0
上櫃,8924,大田精密工業股份有限公司,大田,23060009,運動休閒,屏東縣內埔鄉豐田村建富路8號,李孔文,許戎民,08-7783855,1988/07/18,2000/02/09,838000000,www.o-ta.com.tw,0,0
上櫃,8927,北基國際股份有限公司,北基,23218091,油電燃氣,新北市板橋區新海路137號,鍾育霖,廖順慶,(02)2259-6969,1988/12/16,2000/11/02,4190683670,http://www.nspco.com.tw,10,37
上櫃,8928,鉅明股份有限公司,鉅明,85634075,運動休閒,高雄市大寮區和業八路8號,林進能,蔡昌均,07-7875510,1973/06/25,2001/02/02,508540150,www.dynamic.com.tw,0,0
上櫃,8929,富堡工業股份有限公司,富堡,30851864,其他,臺北市中正區忠孝東路2段130號2樓之3,林煥強,林峻樟,03-352-9862,1977/08/29,2000/11/30,505808620,http://www.fuburg.com,0,0
上櫃,8930,青鋼應用材料股份有限公司,青鋼,69797158,鋼鐵工業,臺南市官田區二鎮里工業路9號,陳元籐,陳元籐,(06)6986623,1982/08/06,2000/12/06,818094060,www.ckm.com.tw,0,0
上櫃,8931,大園汽電共生股份有限公司,大汽電,84526079,油電燃氣,桃園市大園區潮音北路276號,吳進忠,張世陽,(03)386-8066,1993/08/14,2001/05/10,1222548620,http://www.tycc.com.tw,0,0
上櫃,8932,智通科創股份有限公司,智通*,35892013,數位雲端,臺北市內湖區洲子街196號7樓,鍾富瑋,蔡焜煌,(02)2627-1828,1978/02/18,2001/03/29,894908210,https://wiselink.tw/,0,0
上櫃,8933,愛地雅工業股份有限公司,愛地雅,97506791,運動休閒,臺中市梧棲區草湳里港埠路一段497號,張元賓,陳敬旺,04-26393242,1980/09/16,2001/03/28,3267243050,www.idealbike.com.tw,0,0
上櫃,8935,邦泰複合材料股份有限公司,邦泰,52784171,其他,臺中市潭子區豐興路二段龍興巷23號之6,沈國榮,莊柏年,04-25384121,1982/12/21,2002/03/26,1134950000,www.pontex.com,3,9
上櫃,8936,國統國際股份有限公司,國統,91888619,其他,屏東縣新園鄉新園村媽祖路400號,洪雅滿,洪雅滿,07-5573755,1978/07/15,2002/09/09,2480781570,http://www.kti.com.tw,0,0
上櫃,8937,合騏工業股份有限公司,合騏*,66338721,其他,嘉義縣義竹鄉義竹工業區義工二路2號,謝菁菁,王惠明,05-3426621,1975/10/09,2002/10/29,1104200680,www.hercheemoto.com.tw,0,0
上櫃,8938,明安國際企業股份有限公司,明安,22532826,運動休閒,高雄市小港區中林路26號,鄭錫潛,周益男,07-8721410,1987/07/20,2002/12/02,1569864900,www.adgroup.com.tw,0,0
上櫃,8941,關中股份有限公司,關中,14062738,居家生活,臺北市內湖區瑞光路298號9樓,洪文照,林士超,02-26591119,1976/03/26,2003/01/20,349720710,www.grandhall.com.tw,0,0
上櫃,8942,森鉅科技材料股份有限公司,森鉅,89845559,其他,臺南市仁德區仁義里中山路10巷16號,鄭憲得,鄭憲松,06-2703868,1994/09/09,2003/05/16,1988422550,http://xxentria-tech.com/,0,0
上櫃,9949,琉園股份有限公司,琉園,84767175,文化創意,新北市永和區成功路1段80號22樓,周康記,林婉菁,(02)77055168,1994/04/07,2003/11/21,448607630,http://www.tittot.com,0,0
上櫃,9950,萬國通路股份有限公司,萬國通,73644351,塑膠工業,臺南市歸仁區中正南路二段1號,謝明振,謝奇諺,06-2303952,1979/04/25,2004/02/17,1677160000,https://tw.eminent.com,0,0
上櫃,9951,皇田工業股份有限公司,皇田,73707377,電機機械,臺南市永康區王行里16鄰永科五路6號,周幼珊,周幼珊,(06)2331088,1983/07/25,2003/12/18,733000000,https://www.macauto-group.com/zh-hant/,0,0
上櫃,9960,邁達康網路事業股份有限公司,邁達康,16824183,運動休閒,高雄市苓雅區海邊路29號2樓,張祐銘,黃瓊瑤,07-5369536,2000/02/14,2004/12/06,335925000,www.golfshop.com.tw,4,24
上櫃,9962,有益鋼鐵股份有限公司,有益,96862363,鋼鐵工業,高雄市永安區永工十路2號,劉憲同,張睿芯,07-6225616,1996/01/29,2006/07/10,902202600,http://www.yeouyih.com.tw,0,0
興櫃,1260,富味鄉食品股份有限公司,富味鄉,12467902,食品工業,臺北市大安區市民大道4段102號11樓,陳昶宏,陳昶宏,(02)2750-5667,1983/11/08,2012/11/26,1020981820,www.flavor.com.tw,0,0
興櫃,1269,乾杯股份有限公司,乾杯,70443909,觀光餐旅,臺北市中正區忠孝東路2段88號11樓,平出莊司,平出莊司,(02)3322-2627,1999/10/13,2016/08/29,208824820,www.kanpai.com.tw,0,0
興櫃,1271,晨暉生物科技股份有限公司,晨暉生技,28708250,生技醫療,新北市汐止區樟樹里工建路356號1樓,盛保熙,執行長：陳培志,(02)2792-9568,2007/09/10,2021/01/18,770890660,www.sunway.cc,0,0
興櫃,1293,利統股份有限公司,利統,89955491,食品工業,新北市汐止區康寧街169巷31之1號13樓之1,張天鴻,林燕,(02)2694-0885,1994/12/28,2021/10/29,170941120,http://www.lytone.com,0,0
興櫃,1343,旭東環保科技股份有限公司,旭東環保,89323361,綠能環保,屏東縣屏東市大洲里10鄰環東街2號,董基旭,董基旭,(08)7530968,1995/02/10,2021/03/25,405138740,https://www.srise.com.tw/,0,0
興櫃,1480,東盟開發實業股份有限公司,東盟開發,88121697,鋼鐵工業,臺南市學甲區秀昌里5鄰一秀155號,劉子敬,劉子敬,02-26961255,1968/10/17,2023/10/27,4160852170,www.tungmung.com.tw,0,0
興櫃,1594,日高工程實業股份有限公司,日高,04938839,電機機械,高雄市小港區其美街19巷4號,陳鴻文,周賢昌,07-2858631,1974/04/02,2010/10/13,332200000,http://www.jukao.com.tw/,8,42
興櫃,2071,震南鐵線股份有限公司,震南鐵,86540792,鋼鐵工業,高雄市路竹區後鄉里順安路275巷202號,黃錦榮,余金珠,(07)697-5852,1992/01/20,2019/09/23,690460000,https://www.chen-nan.com.tw,0,0
興櫃,2245,詠勝昌股份有限公司,詠勝昌*,16696080,電機機械,臺南市仁德區中正路3段209號,吳書杰,吳明星,(06)2702277,1998/11/13,2016/12/15,178200000,www.nwwmfg.com.tw,0,0
興櫃,2249,湧盛電機股份有限公司,湧盛,70849653,電機機械,高雄市前鎮區中四路6號(3樓),林麗玉,萬芸榮,07-8228183,2008/08/25,2019/12/19,281596900,https://www.young-shine.com.tw/,0,0
興櫃,2252,為昇科科技股份有限公司,為昇科,45127518,其他電子,新竹縣竹北市台元街38號6樓之7,黃淑媛,洪元通,(03)560-0289,2016/07/22,2021/08/23,1066175000,https://www.cubtek.com/,1,17
興櫃,2255,凱銳光電股份有限公司,凱銳光電,27420770,其他電子,臺北市內湖區陽光街300號7樓之2,林傳凱,林傳凱,(02)5582-1818,2004/08/11,2021/11/30,609325000,https://www.jet-opto.com.tw,0,0
興櫃,2256,歐特明電子股份有限公司,歐特明,54101167,其他電子,新竹科學園區新竹市科研路8號9樓之2,吳錫慶,吳錫慶,03-6667968,2012/12/12,2021/12/08,425240000,https://www.otobrite.com/,0,0
興櫃,2644,中信造船股份有限公司,中信造船,82050180,航運業,高雄市旗津區中洲三路108巷92號,韓碧祥,韓育霖,07-5719000,1973/12/22,2022/10/11,829516960,https://www.jongshyn.com/,0,0
興櫃,2733,維格餅家股份有限公司,維格餅家,80490319,觀光餐旅,新北市五股區成泰路1段87之1號(6樓),余佩佩,余佩佩,02-2291-9122,2003/06/26,2012/12/24,245984000,https://www.vigorkobo.com/,0,0
興櫃,2741,人杰老四川餐飲管理顧問(股)公司,老四川,28836494,觀光餐旅,高雄市左營區文學路597號,陳淑萍,陳淑萍,07-3416222,2007/12/28,2014/10/28,225882810,http://www.oldsichuan.com.tw,0,0
興櫃,2758,路易莎職人咖啡股份有限公司,路易莎咖啡,54857699,觀光餐旅,新北市新莊區富貴路558號2樓,驊穎有限公司,黃銘賢,02-8978-1628,2015/07/22,2021/09/17,204861210,https://www.louisacoffee.co/,0,0
興櫃,2760,巨宇翔股份有限公司,巨宇翔,82766468,觀光餐旅,臺中市西屯區惠中路一段88號21樓之2,許維翔,許維翔,(04)22530011,2018/10/05,2022/12/26,130000000,https://www.dingtea.com/,0,0
興櫃,2761,橘焱胡同國際股份有限公司,橘焱胡同,53352952,觀光餐旅,新北市新店區中正路四維巷2弄5號2樓,吳念忠,楊哲瑋,(02)2218-9868,2011/06/28,2022/04/13,173366260,https://gyen.com.tw,0,0
興櫃,2940,歐都納股份有限公司,歐都納,59112564,運動休閒,彰化縣埤頭鄉大湖村彰水路二段400號,程鯤,吳雪敏,04-23583456,1975/03/27,2025/05/05,251842690,http://www.atunas.com.tw/,0,0
興櫃,2942,京站實業股份有限公司,京站,28710621,居家生活,臺北市大同區承德路一段1號,林怡均,王大政,(02)2182-8888,2007/09/20,2018/03/31,600000000,http://www.qsquare.com.tw/,0,0
興櫃,3097,拍檔科技股份有限公司,拍檔,23622986,電腦及週邊設備,新北市中和區建八路206號2樓,陳其宏,王保鋅,29188500,1990/02/21,2002/08/02,750856050,partnertechcorp.com,0,4
興櫃,3117,年程科技股份有限公司,年程,89379218,電子零組件,桃園市楊梅區高山里高獅路820之1號,薛維進,薛志豪,(03)4962286,1995/04/13,2012/08/31,228000000,www.tecstar.com.tw,0,0
興櫃,3184,微邦科技股份有限公司,微邦,97454724,生技醫療,桃園市八德區茄苳里1鄰茄苳路756號,李欣,劉天來,(03)376-7555,1997/05/12,2013/04/18,630744770,https://microbasetech.com/,0,0
興櫃,3194,圓方科技股份有限公司,圓方科技,89839297,資訊服務,臺北市內湖區民權東路6段15巷16號5樓,戎偉章,林彥廷,(02)2793-9628,1994/09/03,2026/07/30,139150000,www.hypernet.com.tw,0,0
興櫃,3473,智通聯網科技股份有限公司,智通聯網,16843870,通信網路,新竹科學園區新竹市展業一路9號5樓之3,李怡德,李怡德,03-5638889,1999/05/14,2025/08/11,225114750,www.fiberlogic.com,0,0
興櫃,3585,聯致科技股份有限公司,聯致,16742182,電子零組件,桃園市蘆竹區南山路二段498之2號,李長明,陳福龍,03-3246000,1998/09/15,2007/10/25,1116786240,http://www.amcorp.com.tw,0,0
興櫃,3595,山太士股份有限公司,山太士,89716605,光電,新竹縣竹北市泰和里沿河街28巷158號,吳學宗,張師誠,03-5550999,1995/10/03,2007/11/16,406959380,http://www.amctape.com,0,0
興櫃,3603,建祥國際股份有限公司,建祥國際,80337786,電子通路,新北市新莊區五權一路3號之4,陳銘銓,陳銘銓,02-22983377,2002/07/04,2008/01/09,248442640,http://www.uc-gn.com,0,0
興櫃,3633,云光科技股份有限公司,云光,16177616,光電,新竹縣竹北市新泰路35號5樓之１,許家滂,許家滂,03-5545488,1997/11/13,2008/08/06,340236430,http://www.epoch-optic.com/,0,0
興櫃,3644,凌嘉科技股份有限公司,凌嘉科,70626771,半導體,中部科學園區臺中市西屯區林厝里科園一路16號,梁瑞芳,梁瑞芳,(04)24608771,1999/09/15,2026/06/15,833000000,https:// www.lincotec.com,0,0
興櫃,3678,聯享光電股份有限公司,聯享,12767387,光電,新竹縣竹北市環北路3段199號,賴俊光,賴俊光,03-6561668,2001/03/19,2009/10/22,264220000,www.ushine.com.tw,0,0
興櫃,4115,善德生化科技股份有限公司,善德生技,16549813,生技醫療,雲林縣褒忠鄉中民村中正路16號,胡智凱,胡智凱,(05)6976985,1998/07/16,2022/08/31,600000000,http://www.sunder.com.tw,0,0
興櫃,4117,普生股份有限公司,普生,47299918,生技醫療,新竹科學園區新竹縣寶山鄉創新一路6號,林宗慶,林孟德,(03)5779221,1984/06/11,2002/07/04,708243700,www.gbc.com.tw,0,0
興櫃,4170,鑫品生醫科技股份有限公司,鑫品生醫,27545820,生技醫療,新北市汐止區新台五路1段97號6樓之11,張所鑄,歐明昌,02-2697-1100,2004/12/23,2023/12/28,437713700,www.vectorite.com.tw,0,0
興櫃,4172,因華生技製藥股份有限公司,因華,27964549,生技醫療,臺北市內湖區瑞光路478巷20號9樓、22號9樓,林智暉,郝為華,02-87977607,2005/10/27,2012/09/13,1195755000,www.innopharmax.com.tw,0,0
興櫃,4186,台灣尖端先進生技醫藥(股)公司,尖端醫,70774029,生技醫療,臺北市大安區復興南路二段363號5樓,蘇文龍,蘇文龍,(02)2692-6222,2000/05/25,2012/11/27,900000000,http://www.biotest.com.tw,0,0
興櫃,4194,禾伸堂生技股份有限公司,禾生技,12681706,生技醫療,臺北市內湖區內湖路1段88號4樓,唐錦榮,楊晴華,0287975966,2001/01/18,2013/12/13,1459744000,www.hshc.com.tw,2,3
興櫃,4197,暐世生物科技股份有限公司,暐世,28031449,生技醫療,新竹市香山區內湖里中華路六段335號,戴鏗碩,戴鏗碩,(03)518-1918,2005/11/15,2013/10/24,301809250,http://www.visgeneer.com.tw,0,0
興櫃,4431,敏成健康科技股份有限公司,敏成健康,23883150,其他,桃園市桃園區武陵里民生路107號19樓,楊弘仁,陳蓬萱,03-3330567,1990/08/06,2011/08/30,365355140,https://www.mytrex-health.com/,0,0
興櫃,4537,旭東機械工業股份有限公司,旭東,56690647,光電,中部科學園區臺中市后里區后科南路30號,莊添財,黃棨杉,04-25561000,1983/05/17,2012/05/03,788400000,http://www.wisepioneer.com.tw,0,0
興櫃,4544,春日機械工業股份有限公司,春日,85721346,電機機械,高雄市岡山區大寶街50號,翁重鈞,陳信孝,07-6212196,1974/03/11,2012/12/24,602900480,www.chunzu.com.tw,1,3
興櫃,4553,盛復工業股份有限公司,盛復,52757548,電機機械,臺中市南屯區工業區20路7號,廖述源,廖乾宏,(04)23592768,1983/12/27,2014/09/16,330200000,http://www.alfot.com,0,0
興櫃,4559,久裕興業科技股份有限公司,久裕興,55942764,運動休閒,臺中市大雅區西寶里昌平路四段462巷9號,陳世偉,陳松君,(04)2566-8888,1981/10/14,2014/12/08,600000000,http://www.joy-tech.com.tw,0,0
興櫃,4565,宏偉電機工業股份有限公司,宏偉,35945095,電機機械,新北市五股區五權五路33號,黃埮城,陳顯堂,(02)22993348,1979/02/05,2016/10/05,617400000,http://www.volbin.com,0,0
興櫃,4570,傑生工業股份有限公司,傑生,80012106,電機機械,屏東縣里港鄉中和村中和路3-35號,莊耀輝,莊耀輝,08-7733899,2003/03/17,2024/03/14,440000000,www.jason-auto.com.tw,0,0
興櫃,4573,高明鐵企業股份有限公司,高明鐵,89338287,電機機械,彰化縣埔心鄉瑤鳳路一段357號,陳志鑫,陳志鑫,04-8282825,1995/02/25,2018/07/26,456965800,https://www.gmtglobalinc.com,0,0
興櫃,4575,銓寶工業股份有限公司,銓寶,97532545,電機機械,臺中市烏日區榮泉里中山路三段688之1號,睿蓁投資股份有限公司代表人：楊仁耀,楊仁耀,04-23388289,1981/11/20,2018/11/19,386685000,https://www.chumpower.com,0,0
興櫃,4587,寶元數控股份有限公司,寶元數控,28420209,電機機械,臺中市西屯區臺灣大道二段633號6樓之1、2、3、5、6、7,郭倫毓,郭倫毓,04-23106859,2007/08/29,2022/07/27,330000000,https://www.LNC.com.tw/,0,0
興櫃,4589,碩陽電機股份有限公司,碩陽電機,13055739,電機機械,桃園市中壢區內定里內定20街76巷72號,林明昌,林明昌,03-4623456,2002/04/01,2023/04/27,260390500,https://www.motiontech-mtm.com/,0,0
興櫃,4724,宣捷幹細胞生技股份有限公司,宣捷幹細胞,12685908,生技醫療,新北市五股區五權路7巷2號7樓,宣昶有,蔡建芳,02-89787777,2001/02/13,2023/06/16,959764060,http://www.meribank.com.tw,0,0
興櫃,4732,彥臣生技藥品股份有限公司,彥臣,12676817,生技醫療,臺北市松山區八德路3段36號6樓,黃中洋,董事長暫代,(02)2570-6300,2000/12/29,2007/12/25,496435000,https://www.naturewiseppls.com/,0,0
興櫃,4738,大同精密化學股份有限公司,大同精化,12306385,化學工業,臺北市中山區中山北路三段22號,吳永從,吳永從,(03)4830321,1980/03/18,2009/09/09,775960000,http://www.twtfc.com,0,0
興櫃,4765,磐采股份有限公司,磐采,16705686,化學工業,桃園市龜山區樂善里文明路72之1號,李忠訓,沈文昌,03-327-0177,1998/12/01,2016/12/05,321334940,http://www.pancolourink.com,0,0
興櫃,4925,智微科技股份有限公司,智微,12901841,半導體,新竹科學園區新竹市科研路8號5樓之3,劉立國,吳振禧,886-3-5797389,2001/09/21,2010/10/28,710658500,www.jmicron.com,0,0
興櫃,4980,佐臻股份有限公司,佐臻,97430202,電子零組件,新北市汐止區大同路1段239號17樓之1,梁文隆,王獻章,(02)2649-0055,1997/03/10,2010/11/16,452041090,http://www.jorjin.com,0,0
興櫃,5240,建騰創達科技股份有限公司,建騰,80503736,光電,臺北市內湖區堤頂大道2段407巷20弄1號7樓,朱伯倫,郭泰成,(02)2656-2588,2003/08/01,2011/06/22,265816850,http://www.acti.com,0,0
興櫃,5246,勵威電子股份有限公司,勵威,80086182,半導體,新竹市香山區浸水街16號,林育業,賴志豪,(03)530-2300,2002/11/22,2022/11/03,449738420,http://www.probeleader.com.tw,0,0
興櫃,5248,景傳光電股份有限公司,景傳,16834289,光電,新北市新店區民權路42巷59弄3號5樓,翁世豪,程士哲,29189820,1999/01/15,2011/09/06,245000000,www.pixon.com.tw,0,0
興櫃,5254,欣訊科技股份有限公司,欣訊科技,86731791,電子零組件,新北市汐止區大同路2段171號10樓、10樓之1，2，3、173號10樓、175號10樓、10樓之1,鄭心樑,薛國斌,02-86926267,1992/07/02,2019/01/08,226067860,http://www.cenlink.com.tw,0,0
興櫃,5262,立達國際電子股份有限公司,立達,25104761,半導體,臺北市內湖區湖元里新湖二路166號4樓,王立民,劉煥廷,02-26582588,2010/02/11,2013/10/21,526985820,www.gigastone.com,0,0
興櫃,5267,龍翩真空科技股份有限公司,龍翩,27390847,光電,臺中市梧棲區大通路2號,楊吉祥,陳景龍,(04)26595018,2004/07/05,2012/02/24,253000000,http://www.lp-vacuum.com,0,0
興櫃,5271,紘通企業股份有限公司,紘通,16576851,電子零組件,新北市五股區中興路1段8號3樓之7之8,李東興,林毅志,89769168,1998/08/18,2012/03/06,425261690,http://www.hometom.com.tw,0,0
興櫃,5297,廣化科技股份有限公司,廣化,16436867,半導體,新竹縣新豐鄉松林村康樂路一段169之2號3樓,張維仲,黃文鼎,(03)5577668,1998/02/04,2017/02/21,376524900,www.sss-tech.com.tw,0,0
興櫃,5859,遠雄人壽保險事業股份有限公司,遠壽,84703052,金融保險,臺北市信義區松高路1號28樓,孟嘉仁,趙學欣,27583099,1993/11/19,2015/04/16,14502775000,www.fglife.com.tw,0,0
興櫃,5863,瑞興商業銀行股份有限公司,瑞興銀,28417921,金融保險,臺北市大同區延平北路2段133號及135巷2號,郭釧溥,陳瑞璋,(02)25575151,2007/07/01,2007/12/03,3266061650,https://www.taipeistarbank.com.tw,0,0
興櫃,6027,德信綜合證券(股)公司,德信,23470432,金融保險,臺北市中正區幸市里5鄰新生南路一段50號3樓,何家瑜,張清榮,(02)23939988,1989/08/24,2015/11/02,1635060840,http://www.rsc.com.tw,0,0
興櫃,6035,悠遊卡股份有限公司,悠遊卡,70765909,金融保險,臺北市南港區園區街3之1號13樓,林志盈,陳國君,02-2652-9988,2000/03/06,2023/01/03,713630000,https://www.easycard.com.tw,0,0
興櫃,6407,相互股份有限公司,相互,23810592,電子零組件,新北市新莊區化成路195巷25號,陳旭東,陳旭東,02-22763210,1990/07/19,2013/03/29,751305000,http://www.mutualtek.com.tw,0,0
興櫃,6428,台灣淘米科技股份有限公司,台灣淘米,24482647,文化創意,臺北市中山區松江路237號6樓之1,王俊博,黃信凱,2516-1331,2009/11/13,2013/09/11,176824560,http://www.61.com.tw/investor_relations/,0,0
興櫃,6434,達輝光電股份有限公司,達輝光電,28230046,光電,新竹科學園區苗栗縣竹南鎮科北二路3號,吳昕杰,王武敬,037-587-500,2006/10/19,2013/11/12,4636020000,www.tacbright.com,0,0
興櫃,6467,泰合生技藥品股份有限公司,泰合,25144594,生技醫療,臺北市內湖區瑞光路550號3樓,李世仁,李世仁,02-26598515,2010/07/07,2024/12/30,524086150,www.tahopharma.com,0,0
興櫃,6473,美賣科技股份有限公司,美賣*,29150415,數位雲端,臺北市中山區民生東路3段51號12樓,宇福投資股份有限公司,暫缺,02-29126473,2010/04/20,2014/12/08,300000000,www.meimaii.com,0,0
興櫃,6483,原創生醫股份有限公司,原創生醫,29184891,生技醫療,臺南市新市區南科二路9號2樓之1,林柏裕,王朝暉,(06)5055433,2011/12/05,2024/03/29,668080000,http://www.i-obm.com,0,0
興櫃,6493,雷虎生技股份有限公司,雷虎生,53835304,生技醫療,臺中市西屯區協和里工業區六路7號2樓,陳冠如,蘇聖傑,0423595958,2012/04/19,2015/01/08,300500000,www.ttbio.com,0,0
興櫃,6518,康科特股份有限公司,康科特,25029519,生技醫療,新北市板橋區文化路1段266號12樓,劉靜怡,林家弘,02-22545079,2009/09/10,2015/05/13,333333340,http://www.concordmed.com.tw,0,0
興櫃,6536,碩豐數位科技股份有限公司,碩豐,24231494,資訊服務,新北市汐止區新台五路1段75號11樓,徐明哲,曹友維,(02)2698-2786,2008/09/09,2015/06/18,123052000,https://www.sofone.ai/,0,0
興櫃,6539,麗彤生醫科技股份有限公司,麗彤,53350764,生技醫療,臺北市信義區松智路1號5樓,張麗綺,陳美秀,0227911826,2011/06/21,2015/10/15,243494150,http://www.dvbiomed.com,0,0
興櫃,6543,普惠醫工股份有限公司,普惠醫工,23243578,生技醫療,彰化縣北斗鎮大新里新工一路100號,許國基,陳宏仁,04-8887998,1989/04/17,2019/03/27,635303410,http://www.perfectmedical.com.tw,0,0
興櫃,6549,景凱生物科技股份有限公司,景凱,53394159,生技醫療,新竹科學園區新竹縣竹北市生醫路二段6-1號3樓之4,石英珠,袁鴻昌,03-6587721,2011/05/02,2015/10/21,801220000,http://taiwanj.com,0,0
興櫃,6555,榮炭科技股份有限公司,榮炭,24489613,電子零組件,新北市汐止區大同路一段237號6樓,林忠正,胡旭添,02-26903311,2009/12/21,2016/01/25,1192298000,www.lttech.com.tw,0,0
興櫃,6559,研晶光電股份有限公司,研晶,27797183,光電,新北市土城區永豐路173之8號2樓,魏志宏,魏志宏,02-82628886,2005/05/24,2015/12/15,231886470,www.hplighting.com.tw,0,0
興櫃,6563,映智科技股份有限公司,映智,53495662,半導體,新竹縣竹北市莊敬五街200號,黃文權,黃文權,03-5506818,2011/07/20,2025/03/10,297428000,www.imagematch.com.tw,0,0
興櫃,6564,安特羅生物科技股份有限公司,安特羅,54665910,生技醫療,臺北市大安區敦化南路2段76號18樓之2,留忠正,張哲瑋,02-27001216,2014/01/10,2018/09/18,721340000,www.enimmune.com.tw,0,0
興櫃,6565,物聯智慧股份有限公司,物聯,29045478,數位雲端,臺北市南港區興中路12巷21號5樓,郭啟銘,郭啟銘,(02)2653-5111,2008/07/17,2017/01/18,271438700,http://www.throughtek.com.tw,0,0
興櫃,6572,博錸生技股份有限公司,博錸,24489199,生技醫療,臺北市內湖區陽光街351號6樓之1,曹汀,曹汀,26275878,2009/12/17,2016/02/26,1036495100,www.plexbio.com/tw/,0,0
興櫃,6580,台睿生物科技股份有限公司,台睿,53529570,生技醫療,臺北市南港區三重路66號6樓之1,林&#32675;,簡督憲,(02)2653-5007,2011/08/22,2017/06/20,1121199080,https://www.trx.com.tw/,0,0
興櫃,6583,友松娛樂股份有限公司,友松,12654975,文化創意,臺北市大同區重慶北路2段153號,丁曉菁,陳財裕,(02)7707-3599,2000/10/12,2016/08/05,159470000,http://www.yoosonn.com.tw/,0,0
興櫃,6586,醣基生醫股份有限公司,醣基,54170142,生技醫療,臺北市南港區研究院路一段130巷99號7樓,陳肇隆,吳宗益,02-26558059,2013/03/08,2017/09/27,2140105000,www.chopharma.com,0,0
興櫃,6595,光禹國際數位娛樂開發(股)公司,光禹國際,54320971,文化創意,臺北市松山區寶清街29號6樓,字維新,謝宗耀,(02)27488066,2013/05/10,2019/01/11,498578880,juliensgroup.com/,0,0
興櫃,6599,普達系統股份有限公司,普達系統,29069127,電腦及週邊設備,臺北市內湖區行愛路77巷59號5樓,翁宗斌,胡木鎮,(02)77214688,2009/06/15,2017/12/25,210000000,http://www.poindus.com,0,0
興櫃,6604,儒億科技股份有限公司,儒億,86928788,電機機械,臺南市安南區塩田里工業三路25號,吳國禎,林俊桂,06-3845888,1993/01/19,2025/10/28,437310390,www.juoku.com.tw,2,10
興櫃,6610,安成生物科技股份有限公司,安成生技,25147136,生技醫療,臺北市內湖區港墘路221巷41號8樓,吳怡君,蔡承恩,02-26571788,2010/07/16,2016/12/27,2235793950,www.twibiotech.com,0,0
興櫃,6618,永虹先進材料股份有限公司,永虹先進,53536761,化學工業,南投縣草屯鎮上林里太平路一段223巷99號、101號,吳家幸,吳家幸,(049)2315001,2011/09/16,2017/09/15,1048160000,http://www.uht.com.tw,0,0
興櫃,6621,華宇藥品股份有限公司,華宇藥,70680851,生技醫療,臺北市中山區中山北路2段115巷43號8樓,鄭明聰,戴國明,(02)2658-2577,1999/12/23,2017/08/18,355010000,https://www.uni-pharma.com.tw/,0,0
興櫃,6622,百聿數碼創意股份有限公司,百聿數碼,24777847,文化創意,臺北市內湖區瑞光路478巷18弄34號3樓,富德亞投資有限公司,陳志炫,02-87976799,2014/12/16,2017/05/22,353009500,www.bossdom.com,0,0
興櫃,6634,欣耀生醫股份有限公司,欣耀,54727599,生技醫療,臺北市南港區研究院路一段130巷99號C棟,朱凱民,朱凱民,02-27885365,2014/06/18,2017/06/29,712889300,www.sinewpharma.com,0,0
興櫃,6638,沅聖科技股份有限公司,沅聖,80456781,電腦及週邊設備,新北市中和區建一路166號16樓、16樓之1、16樓之2、16樓之3,陳信宇,陳信宇,02-2223-6556,2003/08/06,2017/06/28,300000000,http://www.goldtek.com/,0,0
興櫃,6639,源大環能股份有限公司,源大環能,29120948,油電燃氣,桃園市蘆竹區經國路908號4樓,彭鴻俊,林燿輝,03-4755800,2008/06/30,2018/10/31,576450090,http://www.ggec.com.tw,0,0
興櫃,6648,斯其大科技股份有限公司,斯其大,16790212,其他電子,臺北市信義區基隆路2段51號6樓之5,陳俊吉,陳俊吉董事長暫代,02-77181928,1999/03/04,2017/09/04,575000000,https://www.das.com.tw,0,0
興櫃,6650,帝圖科技文化股份有限公司,帝圖,24327189,文化創意,臺北市大安區復興南路1段303號7樓,劉熙海,劉熙海,2658-1788,2009/02/26,2017/09/15,310900630,https://about.artemperor.tw,0,0
興櫃,6659,天明製藥股份有限公司,天明製藥,81002274,生技醫療,新北市新莊區福基里新北大道2段217號13樓,詹詠寧,王伯綸,02-85218883,1970/09/25,2025/12/22,858830090,http://www.timing-pharmacy.com,0,0
興櫃,6665,康聯生醫科技股份有限公司,康聯生醫,24291669,生技醫療,臺北市中正區忠孝東路1段54號5樓,黃英士,鄒雅裕,02-55696199,2009/01/10,2017/11/23,453501330,https://www.healthconn.com,0,0
興櫃,6673,和詮科技股份有限公司,和詮,70849491,光電,高雄市前鎮區新生路248-20號1樓,鄭再興,莊鈺谷,07-8156666,2007/08/31,2018/03/07,264886000,www.iftc.com.tw,0,0
興櫃,6676,祥翊製藥股份有限公司,祥翊,27559859,生技醫療,新竹科學園區桃園市龍潭區龍園一路255號,吳永連,吳永連,03-4809168,2005/02/03,2022/01/19,1696790000,http://www.sunnypharmtech.com/,0,0
興櫃,6677,瑩碩生技醫藥股份有限公司,瑩碩生技,80207616,生技醫療,臺北市中山區南京東路二段206號8樓之3,王建治,顏麟權,02-25042121,2003/04/10,2018/06/27,560389500,http://www.anxo.com.tw,0,0
興櫃,6682,華旭先進股份有限公司,華旭先進,24804181,光電,臺中市西屯區協和里工業區十路8號,黃文瑞,曾世覺,04-23586649,2015/12/23,2018/05/11,1521059020,http://www.huahsu.com/,0,0
興櫃,6696,仁新醫藥股份有限公司,仁新*,43814765,生技醫療,臺北市信義區忠孝東路5段68號36樓,林雨新,王正琪,02-87805008,2016/05/12,2018/10/08,835060000,http://www.linbioscience.com/tw/,0,0
興櫃,6704,國璽幹細胞應用技術股份有限公司,國璽幹細胞,80689276,生技醫療,新竹科學園區新竹縣竹北市生醫三路2號,莊明熙,邱淳芬,(03)658-5959,2004/03/26,2023/04/26,1059493160,http://www.gwoxi.com.tw,0,0
興櫃,6705,振躍精密滑軌股份有限公司,振躍精密,97214507,電機機械,新北市土城區中央路3段222之1號,陳萬來,施惠珠,22677700,1996/09/11,2018/10/31,180046880,www.martas.com.tw,0,0
興櫃,6707,富基電通股份有限公司,富基電通,27525541,電子通路,臺北市南港區南港路3段48號10樓,楊連芳,楊連芳,02-2788-8099,2004/10/22,2022/07/21,590026640,https://www.afastor.com.tw/,0,0
興櫃,6709,昱厚生技股份有限公司,昱厚生技,28403068,生技醫療,臺北市內湖區內湖路一段308號6樓,黃一旭,徐悠深,27970073,2006/09/19,2018/11/29,693800000,www.advagene.com.tw,0,0
興櫃,6723,傑智環境科技股份有限公司,傑智環境,28139878,綠能環保,桃園市龍潭區中豐路461巷180號10樓,張豐堂,張豐堂,03-4892860,2006/04/04,2018/12/26,300390000,https://www.jgok.net,0,0
興櫃,6729,機光科技股份有限公司,機光科技,12846708,光電,新竹科學園區新竹市研發二路17號2樓,顏豐文,顏豐文,03-666-3188,2001/08/02,2019/07/04,276612780,www.lumtec.com.tw,0,0
興櫃,6734,安盛生科股份有限公司,安盛生,53927676,生技醫療,臺北市內湖區基湖路35巷2弄9號6樓,陳彥宇,陳彥宇,87511335,2012/08/30,2019/06/28,406231640,www.ixensor.com,0,0
興櫃,6737,秀育企業股份有限公司,秀育,59244777,電腦及週邊設備,新北市汐止區新台五路一段97號18樓之11,梁徽彬,吳川仕,02-2697-2311,1978/12/23,2019/12/30,600504000,https://www.solidyear.com.tw/,0,0
興櫃,6738,鼎恒數位科技股份有限公司,鼎恒,54510058,資訊服務,臺北市信義區東興路43號1樓,簡士評,王淑玲,02-6605-8128,2013/07/26,2019/08/23,371138990,www.mayohr.com,0,0
興櫃,6744,豐技生物科技股份有限公司,豐技生技,86704393,生技醫療,臺北市中正區紹興北街5號5樓之1,張宏名,張宏名,02-23519800,1992/05/12,2019/09/25,154000000,http://www.fcbiotech.com.tw,0,0
興櫃,6748,亞果生醫股份有限公司,亞果生醫,54562029,生技醫療,高雄市路竹區路科二路57號2樓、57號3樓,謝達仁,謝達仁,07-6955569,2014/06/26,2021/07/27,712181980,www.acrobiomedical.com,0,0
興櫃,6750,泰創工程股份有限公司,泰創工程,84417537,其他電子,新北市中和區建康路158號10樓,陳萬富,陳萬富,02-7731-5788,1993/06/30,2019/11/11,447070000,http://www.tech-top-eng.com,0,0
興櫃,6755,連鋐科技股份有限公司,連鋐科技,28031594,電子零組件,桃園市龜山區萬壽路一段492之1號5樓之2,陳嘉輝,陳嘉輝,02-8200-5506,2005/11/15,2019/12/05,398231050,http://www.lianhong.com.tw,0,0
興櫃,6758,冠亞生技股份有限公司,冠亞,12873063,生技醫療,新北市永和區成功路1段80號20樓,林延生,薛好娟,02-2926-7088,2001/06/15,2020/01/02,134710400,http://www.aspine.com.tw,0,0
興櫃,6775,穎台科技股份有限公司,穎台科技,42821900,光電,桃園市平鎮區湧豐里工業五路12號,王志鴻,王志鴻,03-2623311,2015/11/12,2020/05/29,1095000000,http://www.entire.com.tw,0,0
興櫃,6780,學習王科技股份有限公司,學習王,53582103,文化創意,新北市板橋區文化路2段285號7樓,張鎮麟,李東諭,02-22545789,2012/01/06,2020/07/23,164697230,https://www.study123.com.tw/,0,0
興櫃,6784,天凱科技股份有限公司,天凱科技,28104929,通信網路,新竹縣竹北市自強南路8號21樓之2,紀忠孝,劉明湘,03-5502626,2006/03/03,2020/11/18,190770000,www.tsky.com.tw,0,0
興櫃,6786,芯測科技股份有限公司,芯測,25089282,半導體,新竹縣竹北市台元一街6號七樓之5,陳冠豪,賴俊澤,(03)560-1667,2009/12/16,2020/08/19,308379800,http://www.istart-tek.com/,0,0
興櫃,6787,晶瑞光電股份有限公司,晶瑞光,16858612,光電,新竹縣竹東鎮雞林里大明路256號,鄒政興,鄒政興,03-5958589,1999/02/11,2021/04/16,810070000,https://krt.kingraytech.com,0,0
興櫃,6793,天力離岸風電科技股份有限公司,天力離岸,24490436,其他,臺中市龍井區環港路235號,吳坤達,吳坤達,04-37007799,2009/12/23,2020/10/30,756000000,https://www.tien-li.com/,0,0
興櫃,6797,台灣圓點奈米技術股份有限公司,圓點奈米,27312189,生技醫療,桃園市龜山區樂善里文禾路188號6樓,章季芸,簡建興,03-316-7568,2004/04/22,2020/11/05,307321770,https://www.tanbead.com,0,0
興櫃,6798,展逸國際企業股份有限公司,展逸,50858268,運動休閒,臺北市信義區東興路51號11樓,張憲銘,張憲銘,02-87681866,2018/08/06,2023/04/27,195724300,http://www.fltmkt.com.tw/,0,0
興櫃,6808,三鼎生物科技股份有限公司,三鼎生技,24782320,生技醫療,新北市汐止區新台五路一段99號21樓之1,歐耿良,歐耿良,02-2697-1270,2014/12/26,2020/12/25,778400000,www.3dglobalbiotech.com.tw,0,0
興櫃,6810,新穎生醫股份有限公司,新穎生醫,24613916,生技醫療,新竹縣竹北市台元街18號6樓之1,曾錙翎,曾錙翎,(03)560-1816,2014/06/25,2021/08/30,494485000,https://www.bpmbiotech.com/,0,0
興櫃,6812,梭特科技股份有限公司,梭特,53058971,光電,新竹縣竹北市竹北里12鄰台元二街6號七樓,盧彥豪,盧彥豪,03-5166006,2010/06/17,2021/02/04,305852870,https://www.saultech.com.tw/,0,0
興櫃,6814,路迦生醫股份有限公司,路迦生醫,54318905,生技醫療,新北市板橋區忠孝路14號(1樓)及16號(1樓),唐稚超,劉朝安,02-29500027,2013/12/26,2020/12/31,418743710,https://www.lukas-biomedical.com/,0,0
興櫃,6815,晶鑽生醫股份有限公司,晶鑽生醫,24771301,生技醫療,新北市汐止區新台五路1段95號14樓,謝佳憲,賴柏如,02-2755-3320,2014/11/26,2021/01/29,397056490,https://www.diamond-biotechnology.cc/,0,0
興櫃,6816,捷智商訊科技股份有限公司,捷智商訊,70556945,資訊服務,臺北市松山區光復南路1號2樓之1,林群國,林明杰,02-27480010,2000/05/06,2021/01/18,121800000,www.metaedge.com.tw,0,0
興櫃,6817,溫士頓醫藥股份有限公司,溫士頓,72082135,生技醫療,臺南市永康區鹽洲里仁愛街117號,蔡森田,王又正,06-2533124,1975/07/09,2021/02/24,184170000,https://www.winston.com.tw/,0,0
興櫃,6818,連騰科技股份有限公司,連騰,68566876,通信網路,新北市新店區北新路3段225號5樓,陳鴻儀,蕭富仁,(02)8913-1939,2017/12/08,2021/01/21,255030000,http://www.awan-ant.com/zh-tw,0,0
興櫃,6819,眾智光電科技股份有限公司,眾智,23734841,半導體,新竹科學園區新竹縣寶山鄉工業東九路25號1 . 2樓,吳岱錡,吳岱錡,03-5785177,1990/04/23,2021/02/05,409737330,www.orisystech.com,0,0
興櫃,6820,連訊通信股份有限公司,連訊,68566480,通信網路,新北市新店區寶興路45巷9弄4號5樓,陳鴻儀,王志民,(02)2917-7668,2017/12/08,2021/03/22,222530000,http://www.aconoptics.com,0,0
興櫃,6825,和暢科技股份有限公司,和暢科技,24776663,電腦及週邊設備,新北市汐止區新台五路1段99號26樓之12,周邦基,蘇文彬,02-2697-2000,2014/12/11,2021/04/29,393385430,https://www.qbictechnology.com,0,0
興櫃,6826,和淞科技股份有限公司,和淞,97097825,其他電子,新竹縣湖口鄉光復南路33號,應柔爾,周志賢,03-5973168,1996/07/09,2021/06/17,855400000,www.jtpc.com.tw,2,3
興櫃,6827,巨生生醫股份有限公司,巨生醫,24765568,生技醫療,新竹科學園區新竹縣竹北市生醫五路66號10樓之1,蔣為峰,許源宏,03-591-0360,2014/11/07,2021/10/19,792935030,http://www.megaprobio.com,0,0
興櫃,6832,金鼎聯合科技纖維股份有限公司,金鼎科,12854740,其他,臺中市后里區泉州路2之9號,林瑞岳,蕭金沐,04-25581201,2001/04/17,2021/09/29,264106550,http://www.kingsmetalfiber.com,1,9
興櫃,6833,太康精密股份有限公司,太康精密,12979018,電子零組件,新北市汐止區新台五路1段79號5樓之2,葉辛池,張賴弘,02-26983890,2002/01/18,2021/06/01,579770000,https://www.t-conn.com/tw,0,0
興櫃,6839,開陽能源股份有限公司,開陽能源,50850147,綠能環保,新北市新莊區中正路651之3號8樓,蔡孟庭,黃正賢,02-66266660,2018/09/12,2021/10/25,820197840,http://www.powermaster.com.tw,0,0
興櫃,6842,瑞宇國際股份有限公司,瑞宇,27729833,半導體,臺北市內湖區瑞光路76巷61號5樓,陳慧銘,蕭豐格,02-27918139,2005/05/24,2021/09/30,242802500,https://www.nexora-tech.com.tw/,0,0
興櫃,6847,普瑞博生技股份有限公司,普瑞博,42770331,生技醫療,新竹科學園區新竹縣工業東九路11號2樓,陳彥文,鍾政&#23791;,03-6687199,2016/01/27,2021/11/05,142300000,https://puriblood.com,0,0
興櫃,6848,拉法生醫股份有限公司,拉法醫,28089461,生技醫療,新北市中和區橋和路15號15樓,卓明偉,卓明偉,(02)89121200,2006/02/07,2021/10/25,142731600,https://www.rbcbioscience.com/,0,0
興櫃,6849,奇鼎科技股份有限公司,奇鼎科技,80130119,其他電子,新竹縣湖口鄉鳳工二街86號,鄭智文,鄭智文,03-5986999,2003/01/28,2024/11/22,419182620,https://www.chd-tech.com.tw/,0,0
興櫃,6850,光鼎生物科技股份有限公司,光鼎生技,27352652,生技醫療,新北市新店區民權路108之3號4樓,蔡守冠,蔡守冠,02-2218-8726,2004/08/16,2021/11/10,330886600,https://www.bioptic.com.tw,0,0
興櫃,6857,宏碁智醫股份有限公司,宏碁智醫,69442662,生技醫療,新北市汐止區新台五路1段86號7樓,連加恩,許凱程,02-26960366,2018/04/25,2021/10/27,152260000,https://www.acer-medical.com/,0,0
興櫃,6858,愛比科技股份有限公司,愛比科技,28685046,電腦及週邊設備,臺北市內湖區南京東路6段348號,洪裕鈞,李信宜,(02)5550-8686,2007/06/13,2022/01/11,272204750,https://www.ipevo.com.tw,0,0
興櫃,6864,元樟生物科技股份有限公司,元樟生技,42814751,生技醫療,高雄市苓雅區四維三路6號7樓之2,蔡宜儒,張毅偉,07-2237578,2018/04/02,2021/12/29,378747500,https://www.ams-bioteq.com/,0,0
興櫃,6867,坦德科技股份有限公司,坦德科技,54127531,光電,雲林縣斗六市榴南里斗工九路8號,江凱量,李昭霈,05-5575555,2013/02/08,2022/06/23,245000000,http://www.tdtech.com.tw/,0,0
興櫃,6868,采威國際資訊股份有限公司,采威國際,70598966,資訊服務,臺中市西屯區漢翔東路33號及33號2至6樓,蕭哲君,蕭哲君,04-23265200,2000/07/11,2022/01/13,250433500,https://www.iscom.com.tw,0,0
興櫃,6876,朗齊生物醫學股份有限公司,朗齊生醫*,54823306,生技醫療,新竹科學園區新竹縣竹北市生醫路2段2號2樓A214室,王繼賢,陳丘紘,04-23205691,2015/09/24,2024/01/18,1189416337,www.launxp.com,0,0
興櫃,6878,歐付寶電子支付股份有限公司,歐付寶,53538851,金融保險,臺北市南港區成功路一段58號3樓,林秀芳,林秀芳,02-26550057,2011/09/23,2022/03/17,726408000,https://www.opay.tw,0,0
興櫃,6879,大江基因醫學股份有限公司,大江基因,53357669,生技醫療,臺北市內湖區港墘路185號10樓之1,林詠翔,陳敬亭,02-26581218,2011/07/13,2022/01/25,264585200,https://www.tci-gene.com/,4,25
興櫃,6882,甲尚股份有限公司,甲尚,84465158,資訊服務,新北市新店區寶橋路235巷126號2樓,王宏洋,陳久正,02-89121028,1993/09/15,2022/04/26,231990650,http://www.reallusion.com.tw,0,0
興櫃,6886,遠東生物科技股份有限公司,遠東生技,23625631,食品工業,臺北市南港區園區街3號13樓,闕壯群,闕俊瑋,02-26558198,1990/02/28,2023/04/27,349910000,http://www.febico.com.tw,0,0
興櫃,6891,樂迦再生科技股份有限公司,樂迦再生,83168829,生技醫療,新北市汐止區新台五路1段97號19樓之12,邱俊榮,張裕享,02-2697-2560,2020/10/15,2022/04/28,2006422500,http://www.locus-cell.com/,0,0
興櫃,6892,台寶生醫股份有限公司,台寶生醫,24571303,生技醫療,新竹科學園區新竹縣竹北市生醫二路66號4樓,郭旭崧,楊鈞堯,02-26956382,2014/07/25,2022/05/13,940152280,http://www.twbio-thera.com,0,0
興櫃,6898,程曦資訊整合股份有限公司,程曦資訊,84459043,資訊服務,臺北市大同區重慶北路1段1-1號10樓,黃士軍,黃士軍,(02)7706-6188,1993/08/27,2022/05/26,290161130,https://www.chainsea.com.tw/,0,0
興櫃,6911,群運環保股份有限公司,群運,86957571,其他,臺南市安南區安明路4段100號,李天佑,蔡文鐽,06-2965599,1992/10/07,2022/10/20,220000000,https://www.chyunn.com,0,0
興櫃,6912,益鈞環保科技股份有限公司,益鈞環科*,82890369,綠能環保,桃園市蘆竹區油管路二段761號,秦嘉鴻,秦錫鈞,03-3541700,2019/06/12,2022/10/19,165000000,http://www.yichungt.com,0,0
興櫃,6915,美強光學股份有限公司,美強光,27935968,電子零組件,新竹縣湖口鄉鳳山村中華路13之1號,高志誠,葉柏良,03-5984820,2006/03/13,2022/11/03,353000000,www.igiantopt.com,0,0
興櫃,6917,竟天生物科技股份有限公司,竟天,29046271,生技醫療,新竹科學園區新竹縣竹北市生醫路二段22號6樓,王藹君,王藹君,03-6581866,2008/07/21,2023/01/12,552720000,http://www.androspharma.com,0,0
興櫃,6920,恆勁科技股份有限公司,恆勁科技,54350720,半導體,新竹縣湖口鄉新興路458-17號,莊遠平,莊遠平,(03)598-5778,2013/08/14,2023/01/10,2072190190,http://www.ppt.com.tw,0,0
興櫃,6926,聖安生醫股份有限公司,聖安生醫,90841519,生技醫療,臺中市西區臺灣大道二段573號10樓,黃秋錦,江宏哲,04-23272888,2021/04/06,2022/11/25,498000000,https://www.shineon-bio.com,0,0
興櫃,6927,聯合聚晶股份有限公司,聯合聚晶,70443794,半導體,臺北市內湖區瑞光路188巷51號3樓,陳俊賢,蘇群能,02-7712-0204,1999/10/13,2023/05/26,382361250,https://www.ist4u.com,0,0
興櫃,6932,水星生醫股份有限公司,水星生醫*,82959747,生技醫療,新北市中和區中正路780號,林玉龍,梁耀仁,02-8221-2020,2019/07/16,2022/12/23,108149026,https://merdury.com,0,0
興櫃,6935,王子製藥股份有限公司,王子製藥,35048803,食品工業,中部科學園區雲林縣虎尾鎮墾地里科雲南路168號,李&#21843;達,余昌憲,05-632-6910,1962/07/31,2023/03/29,374100000,https://www.prince-pharm.com.tw,0,0
興櫃,6938,藍新資訊股份有限公司,藍新資訊,24540267,資訊服務,臺北市內湖區行忠路42號2樓,郭廷群,楊璦如,(02)2795-6660,2014/04/23,2024/01/23,125700000,http://www.newebinfo.com.tw,0,0
興櫃,6939,啟弘生物科技股份有限公司,啟弘生技,52209120,生技醫療,新北市汐止區康寧街169巷103號(3樓),阮大同,阮大同,(02) 26947888,2016/05/10,2023/05/15,353841610,https://www.tfbsbio.com/,0,0
興櫃,6940,格斯科技股份有限公司,格斯科技*,24837296,電子零組件,桃園市中壢區東園路79號,沈國榮,張忠傑,(03)451-2688,2015/02/11,2023/05/12,801282375,https://gustech.com,3,9
興櫃,6946,三地能源股份有限公司,三地能源,80716230,綠能環保,高雄市苓雅區中正二路175號15樓之3,鍾炳利,鍾炳利,(07)225-1500,2004/03/03,2024/10/07,3238000000,https://www.santienergy.com,0,0
興櫃,6950,科科科技股份有限公司,科科科技-KY,93166645,數位雲端,"16 F., No. 16, Kunyang St.Nangang Dist., Taipei City, Taiwan",王&#29486;堂,王&#29486;堂,02-2655-7557,2022/11/23,2026/08/31,1729258670,www.kkcompany.com,0,0
興櫃,6959,兆捷科技國際股份有限公司,兆捷科技,55878637,化學工業,新竹科學園區苗栗縣銅鑼鄉九湖村銅科九路4號,高&#21843;全,顧大成,(037)983458,2016/08/29,2023/07/13,391674000,https://www.iemtw.com/tw,0,0
興櫃,6963,品元實業股份有限公司,品元,80657892,食品工業,新北市淡水區中正東路2段27之8號28樓,曾仁佑,曾仁佑,02-2808-3280,2003/12/26,2023/06/28,172497230,https://www.texturemaker.com.tw/,0,0
興櫃,6972,博瑞達應用材料股份有限公司,博瑞達應材,12936216,化學工業,臺北市南港區南港路3段9之1號10樓,林佳璋,Gordon Christopher Bell,(02)27955338,2001/08/07,2024/11/29,229346860,http://www.protrade.org/zh_tw/,0,0
興櫃,6973,永立榮生醫股份有限公司,永立榮,54867417,生技醫療,新竹科學園區新竹縣竹北市生醫路二段150號2樓之1,簡奉任,黃效民,02-2697-5599,2015/09/04,2023/07/20,408030000,https://www.u-neuron.com/,0,0
興櫃,6976,英屬開曼群島商育世博(股)公司,育世博-KY,82983710,生技醫療,臺北市南港區忠孝東路七段508號12樓,蕭世嘉,蕭世嘉,02-2697-6100,2017/02/15,2023/08/08,5828671100,https://www.acepodia.com,0,0
興櫃,6977,聯純科技股份有限公司,聯純,16364857,綠能環保,臺中市西屯區協和里工業區12路9號1樓,許銘喬,許銘喬,04-23503937,1998/01/13,2023/09/25,167938000,http://www.upt.com.tw/,0,0
興櫃,6979,勝釩科技股份有限公司,勝釩,53078272,光電,高雄市仁武區高楠公路30號,黃閔晨,黃閔晨,07-3420171,2010/07/26,2024/05/27,120000000,http://www.vft.com.tw,0,0
興櫃,6980,鐳洋科技股份有限公司,鐳洋科技,54833711,通信網路,新北市汐止區新台五路1段75號17樓,王奕翔,王奕翔,02-8698-1068,2015/04/17,2023/08/10,300000000,https://www.rapidtek.net/tw,0,0
興櫃,6984,交流資服股份有限公司,ACpay,83711478,數位雲端,臺北市內湖區安康路20號4樓之7,陳彥甫,許文謙,02-25078851,2020/07/13,2023/10/20,192393730,http://www.acpay.com.tw,0,0
興櫃,6987,寶晶能源股份有限公司,寶晶能源*,50791838,綠能環保,臺北市內湖區行善路463號8樓,蔡佳&#26187;,蔡佳&#26187;,(02)2796-1122,2018/07/10,2024/08/26,3777745225,https://www.inaenergy.com.tw,0,0
興櫃,6990,華鉬實業股份有限公司,華鉬,16803770,綠能環保,彰化縣鹿港鎮工業西一路19號,王大介,王大介,(04)7811937,1999/05/14,2023/09/08,641719480,https://www.plummonix.com/zh-tw,0,0
興櫃,6992,萬勝發科技股份有限公司,萬勝發科技,54511514,半導體,新竹縣竹北市高鐵二路32號20樓之3,張家祥,葛雲湘,(03)668-4588,2013/08/01,2026/07/22,256990000,https://www.fortuneadvanced.com,0,0
興櫃,6995,野獸國股份有限公司,野獸國,29133182,其他,新北市板橋區三民路1段210號12樓,楊詠喨,楊詠喨,02-8953-2388,2010/01/20,2025/01/21,270000000,https://beast-kingdom.com,0,0
興櫃,6999,瀚醫生技股份有限公司,瀚醫生技,24465838,生技醫療,新北市汐止區新台五路1段99號15樓、15樓之1、15樓之11、15樓之12,陳昌慧,陳昌慧,(02)26971328,2009/09/22,2024/07/31,231158330,https://www.hanbiomedical.com/,0,0
興櫃,7415,元澄半導體科技股份有限公司,元澄半導體,82947638,半導體,高雄市苓雅區海邊路29號21樓之2,蕭文雄,王亦倢,07-269-2857,2020/12/09,2026/06/17,300000000,https://best-oeic.com,0,0
興櫃,7418,香繼光股份有限公司,香繼光,24435384,觀光餐旅,臺中市太平區新光路62之1號2樓,黃宏偉,黃智雄,04-23958081,2009/07/02,2026/06/26,275543070,https://tw.group.jgssg.com.tw/,0,0
興櫃,7419,達勝科技股份有限公司,達勝,27449349,電子零組件,桃園市平鎮區湧豐里工業二路2之6號,孫德崢,孫德崢,03-4195560,2004/09/21,2019/09/25,400000000,http://www.mortech.com.tw,0,0
興櫃,7422,鴻林堂生物科技股份有限公司,鴻林堂,28113666,生技醫療,新竹科學園區新竹縣寶山鄉工業東九路15號3樓,李冠林,李冠林,03-5799292,2014/02/25,2026/07/24,232720000,https://tw.smobio.com,0,0
興櫃,7427,華上生技醫藥股份有限公司,華上生醫,54179426,生技醫療,臺北市南港區忠孝東路7段508號16樓之5,陳嘉南,陳嘉南,02-27851399,2013/04/03,2021/07/08,540262350,http://www.gntbm.com.tw,0,0
興櫃,7443,凡事康流體科技股份有限公司,凡事康,70401437,其他,屏東縣屏東市前進里經建路21號,賴炎村,賴炎村,08-7558557,2000/05/19,2016/02/15,220000000,http://www.fluxtek.com,0,0
興櫃,7455,樺緯物聯股份有限公司,樺緯物聯,80503525,電腦及週邊設備,新北市汐止區新台五路1段81號16樓之1,朱復銓,陳信宇,02-86984245,2003/07/31,2025/01/10,255000000,https://www.dexatek.com/,0,0
興櫃,7507,環拓科技股份有限公司,環拓科技,27695279,綠能環保,屏東縣枋寮鄉東海村永翔路25號,袁連惟,吳俊耀,08-8663546,2005/10/26,2020/03/20,1020999740,www.enrestec.com.tw,0,0
興櫃,7516,清淨海生技股份有限公司,清淨海,28646868,其他,桃園市平鎮區關爺東路43號,羅允俊,羅允俊,(03)468-8698,2007/04/18,2018/12/24,193089280,www.seamild.com.tw,0,0
興櫃,7530,鋒魁科技股份有限公司,鋒魁科技,28772230,半導體,苗栗縣竹南鎮友義路232號,張育銓,張育銓,(037)586993,2007/08/07,2021/11/24,465000000,www.forward-tek.com.tw,0,0
興櫃,7551,知識科技股份有限公司,知識科技,27880210,數位雲端,臺南市中西區青年路137巷16號,任正偉,任正偉,06-2283100,2005/08/29,2019/12/12,121000000,www.flashaim.com,0,0
興櫃,7558,群利科技股份有限公司,群利科技,24467961,其他,臺北市內湖區洲子街75號7樓,王聖(敏心),王聖(敏心),02-26579888,2009/10/01,2021/05/03,186207570,http://www.brytonsport.com,0,0
興櫃,7561,光晟生物科技股份有限公司,光晟生技,27219254,生技醫療,臺南市善化區大利二路1號,許庭源,陳韻茹,06-5052755,2005/03/02,2020/07/06,300852620,http://www.bio-ray.com.tw,0,0
興櫃,7562,博來科技股份有限公司,博來科技,23744186,電腦及週邊設備,新北市中和區立德街77號3樓,蔣永慶,蔣永慶,02-2228-1055,1990/05/15,2023/08/30,232280100,https://www.lex.com.tw/,0,0
興櫃,7566,亞果遊艇開發股份有限公司,亞果遊艇,54636681,觀光餐旅,臺南市安平區國平里新港路2段777號,侯佑霖,王昱茗,06-2983699,2014/07/16,2020/07/01,1597726470,https://www.argoyc.com/,0,0
興櫃,7578,利百景股份有限公司,利百景,24527031,其他,臺南市柳營區工一路28號,鍾政祐,鍾政祐,06-6235353,2010/11/01,2022/06/01,600733710,www.revivegen.com.tw,0,0
興櫃,7583,國際海洋股份有限公司,國際海洋,54503373,綠能環保,臺北市松山區南京東路5段89號9樓,蔡明格,蔡明格,02-2222-8936,2013/07/04,2023/09/26,245748120,https://www.iog-tw.com/,0,0
興櫃,7590,怡和國際股份有限公司,怡和國際,24455135,其他,高雄市新興區中正三路55號26樓之2,朱文煌,簡福添,07-2255365,2009/08/13,2022/03/02,1250681090,http://www.yihoinc.com.tw/,0,0
興櫃,7595,世基生物醫學股份有限公司,世基生醫,27953682,生技醫療,新北市新莊區建國一路302號7樓,蔡詩辰,徐英洲,(02)2798-5885,2005/09/28,2020/12/22,504650000,www.pharmigene.com.tw,0,0
興櫃,7607,通用幹細胞股份有限公司,通用幹細胞*,42893208,生技醫療,臺中市太平區太平二一街10巷18號,蘇鴻麟,蔡吳鑫,04-22766193,2018/03/22,2023/05/25,270172143,https://www.dgsc.com.tw/,0,0
興櫃,7669,碩正科技股份有限公司,碩正科技,28660220,半導體,桃園市蘆竹區南工路72號,楊允斌,楊允斌,(03)222-9398,2007/05/07,2025/11/27,220000000,https://sites.google.com/view/suregiant,0,0
興櫃,7686,捷立康生物科技股份有限公司,捷立康,91046700,生技醫療,臺北市內湖區洲子街57號6樓,曾昱嘉,曾昱嘉,0226588099,2021/07/29,2026/08/31,501100000,https://www.a-top.tw/,0,0
興櫃,7702,前端離岸風電設備製造（股）公司,前端風電,25066268,綠能環保,新北市三重區重新路四段97號17樓,粟明德,黃俊傑,02-2970-1281,2009/11/10,2023/10/17,660000000,www.apexwp.com.tw,4,7
興櫃,7706,宏碁創達股份有限公司,宏碁創達,83561392,其他,新竹縣竹北市環科一路33號6樓之2,林弘道,陳惠雯,03-6567588,2019/11/20,2023/12/25,100000000,https://www.acer-asm.com/,0,0
興櫃,7707,益芯科技股份有限公司,益芯科,12933631,半導體,新竹科學園區新竹縣寶山鄉園區二路42號2樓,陳仲羲,鄭榮文,(03)563-4866,2001/07/26,2023/12/05,457000000,https://www.cmsc.com.tw,0,0
興櫃,7710,東擎科技股份有限公司,東擎科技,50789586,電腦及週邊設備,臺北市北投區立功街79巷9號7樓,李俊瑩,曾瑛俊,(02)5588-2688,2018/07/04,2025/10/28,639055800,https://www.asrockind.com/zh-tw/,0,0
興櫃,7719,碳基科技股份有限公司,碳基,28585980,其他,臺中市西屯區工業區三十五路18號,陳文宏,陳文宏 暫代,04-23593393,2007/03/01,2023/11/23,360000000,www.uaver.com,0,0
興櫃,7724,諾亞克科技股份有限公司,諾亞克,53766524,生技醫療,臺北市松山區民生東路3段129號12樓,JONE JENGHORNG CHEN,鍾劍鋒,02-2378-0968,2012/05/18,2024/08/15,353808310,https://www.u-ark.com.tw/,0,0
興櫃,7725,列特博生技股份有限公司,列特博,82901149,生技醫療,臺北市士林區承德路4段150號3樓之1,戴子煌,戴極昇,(02)2889-1136,2019/06/12,2023/12/22,483266330,http://www.labturbo.com.tw/,0,0
興櫃,7726,暄達醫學科技股份有限公司,暄達,53853674,生技醫療,桃園市龜山區科技一路77號,鄭瑋勳,王智緯,03-3287882,2012/05/23,2024/02/27,203040000,https://www.carilexmedical.com/,0,0
興櫃,7729,仲恩生醫科技股份有限公司,仲恩生醫,28833362,生技醫療,臺北市內湖區瑞光路607號4樓,王玲美,柯景懷,(02)2627-9216,2007/12/18,2024/03/11,806822410,http://www.steminent.com,0,0
興櫃,7731,火星生技股份有限公司,火星生技*,90723344,食品工業,新北市中和區板南路655號13樓,董澤平,楊硯超,(02)8245-5250,2021/05/13,2024/02/05,130495143,https://marxbiotech.com/,0,0
興櫃,7735,台灣智慧雲端服務股份有限公司,台智雲,91120763,資訊服務,新北市淡水區中正東路2段177號,謝明傑,吳漢章,02-28987447,2021/02/26,2026/05/29,433310000,https://www.twcloud.ai,0,0
興櫃,7737,凱鈿行動科技股份有限公司,凱鈿,24373514,數位雲端,臺南市永康區中華路1-4號5樓,蘇柏州,蘇柏州,(06)313-1660,2009/03/20,2025/02/05,297587850,https://www.kdan.com/,0,0
興櫃,7742,天弘化學股份有限公司,天弘化,47104168,化學工業,新竹縣湖口鄉實踐路18號,何基丞,黃朝輝,03-5985750,1975/07/09,2024/07/04,663750000,https://www.uranuschemicals.com.tw/,2,3
興櫃,7745,紅陽科技股份有限公司,紅陽,70828783,數位雲端,臺北市大安區敦化南路2段65號13樓,呂寶麟,張鈞昊,(02)2502-1869,2000/07/26,2026/01/05,179500000,https://www.sunpay.com.tw,0,0
興櫃,7748,鑫囍創業股份有限公司,鑫囍創業,90602257,其他,臺北市信義區松德路171號20樓之１,邱奕榮,黃偉豪,02-27221766,2021/12/30,2024/12/05,145000000,https://jollifycreative.com/,0,0
興櫃,7752,世紀樺欣風能股份有限公司,世紀樺欣,83575425,綠能環保,桃園市觀音區金湖里中山路1段1119號,賴文祥,林明政,03-4730201,2020/02/26,2024/06/19,2000000000,http://www.chwetw.com/tw/,0,5
興櫃,7754,安基生技新藥股份有限公司,安基生技,24777699,生技醫療,臺北市南港區忠孝東路7段508號16樓之6,黃文英,黃文英,(02)2365-5677,2014/12/15,2024/06/25,1011305390,http://www.ajpharm.com,0,0
興櫃,7756,多那之國際股份有限公司,多那之,59248513,觀光餐旅,高雄市三民區康平街268號,王建仁,林育芳,(07) 311-0778,2017/05/05,2024/08/01,212830000,https://www.donutes.com.tw/tw,0,0
興櫃,7758,睿騰能源股份有限公司,睿騰能源,69578512,電子零組件,新竹縣竹北市竹北里台元街18號5樓之10,黃靖容,宋自強,035601982,2017/01/11,2025/05/08,161000000,https://www.keelgoal.com.tw/,0,0
興櫃,7759,視航生物醫學股份有限公司,視航生醫,85009024,生技醫療,臺北市南港區三重路66號3樓之5,卓夙航,卓夙航,02-27114597,2019/08/30,2025/03/10,703421590,https://www.sunhawkvision.com/,0,0
興櫃,7761,三大未來科技股份有限公司,三大未來,53594157,綠能環保,屏東縣佳冬鄉佳冬村永發街1號、1-1號,林沛毅,林沛毅,08-8660888,2012/04/30,2024/08/16,289000000,https://www.powerwin.com.tw/news_list.html,0,0
興櫃,7762,吉晟生技股份有限公司,吉晟生,53541504,生技醫療,新北市新莊區後港一路141號1樓至2樓;143號1樓至2樓,楊朝堂,林亮光,02-2908-7790,2011/10/03,2024/07/25,580913340,https://www.petpharmbio.com,0,0
興櫃,7763,崇舜股份有限公司,崇舜,16038360,化學工業,臺中市西屯區工業區33路14號,鍾文清,陳南超,(04)2350-2588,1997/06/18,2024/09/26,600143490,https://www.johnson-fine.com/,0,0
興櫃,7764,聖州企業股份有限公司,聖州,07992639,其他,臺北市大安區嘉興街319號1樓,楊明舜,楊明舜,02-27327219,1985/08/26,2024/08/28,600000000,https://shop.3dmats.com/,0,0
興櫃,7771,綠基企業股份有限公司,綠基,53411100,光電,新北市中和區中正路922號13樓,林茂昌,楊星耀,0282267786,2011/05/20,2026/03/27,200127270,www.greenbase.com.tw,0,0
興櫃,7773,富禾生醫股份有限公司,富禾生醫,54151258,生技醫療,新北市三重區重新路5段609巷10號10樓,趙毅,李建謀,02-2995-3838,2012/12/24,2024/09/26,399112090,www.fhb.com.tw,0,0
興櫃,7776,奧孟亞股份有限公司,奧孟亞,66262721,生技醫療,臺北市南港區園區街3之2號4樓,李淑惠,史格瑞,02-26558988,2016/11/01,2024/10/25,491015200,http://anyabiopharm.com/tw/,0,0
興櫃,7779,鍇睿國際數位股份有限公司,鍇睿國際,89140546,運動休閒,臺北市中正區北平東路30之1號11樓,顏宥騫,顏宥騫,02-23952180,2022/12/30,2024/10/03,161050000,https://www.carry.live/,0,0
興櫃,7781,昕力資訊股份有限公司,昕力資*,27714944,數位雲端,臺北市內湖區瑞光路437號3樓,姚勝富,葉怡蘭,02-26580508,2005/04/15,2024/10/23,324840430,https://www.tpisoftware.com/,0,0
興櫃,7783,佳運重機械工程股份有限公司,佳運,54547597,綠能環保,新竹縣竹北市環科一路21號9樓之2,張林桂,簡忠榮,035591177,2013/12/09,2024/10/25,624448000,https://www.giant-project.com/zh-tw,0,0
興櫃,7784,安邦生技股份有限公司,安邦生技*,82833776,生技醫療,臺北市南港區研究院路一段130巷99號C棟5樓,徐祖安,薛博仁,02-89798616,2019/04/03,2026/05/05,1145133597,https://anbogen.com/,0,0
興櫃,7785,北祥科技服務股份有限公司,北祥科服,20939790,數位雲端,臺北市內湖區文湖街18號2樓,陳欽祥,薛淑菁,02 2658 1910,1982/10/05,2025/06/26,333393690,https://www.pershing.com.tw/,0,0
興櫃,7789,開展餐飲股份有限公司,開展,54676971,觀光餐旅,臺北市大安區敦化南路2段77號17樓,邱泰翰,邱泰翰,(02)2742-5579,2014/02/24,2024/11/20,211836290,https://www.casualrestaurants.com/,0,0
興櫃,7790,思必瑞特生技股份有限公司,思必瑞特,83234460,生技醫療,新北市汐止區新台五路1段93號19樓之12,林道隆,林道隆,(02)2697-2122,2020/12/18,2024/12/27,185846680,https://www.sslab.com/,0,0
興櫃,7796,擷發科技股份有限公司,擷發科,83698313,半導體,新竹市東區慈雲路118號6樓之2,楊健盟,楊健盟,03-5795588,2020/06/09,2024/12/09,229630000,https://www.micro-ip.com/tw/,0,0
興櫃,7797,饗樂餐飲實業股份有限公司,Q Burger,54714095,觀光餐旅,新北市三重區中興北街238號,鄭瑞賓,鄭瑞賓,(02)89913667,2014/04/21,2025/01/06,222450000,https://www.qburger.com.tw/,0,0
興櫃,7798,將捷股份有限公司,將捷,86691968,建材營造,臺北市中山區松江路126號17樓,林嵩烈,林莉婷,2536-2666,1992/08/19,2025/10/21,3541264000,https://www.fabulousgroup.com.tw/,0,0
興櫃,7801,華芸科技股份有限公司,華芸科技,53545157,資訊服務,臺北市北投區大業路136號3樓,施崇棠,蘇世勇,02-77370888,2011/10/13,2024/11/25,183000000,https://www.asustor.com/,2,2
興櫃,7806,精華生醫股份有限公司,精華生醫,85120765,食品工業,高雄市永安區維新路光明7巷5號1樓,陳俊宏,陳俊宏,07-6196181,2019/11/28,2024/12/12,292530000,https://www.gin-hwa.com/,0,0
興櫃,7808,訊聯細胞智藥股份有限公司,訊聯智藥,90272474,生技醫療,臺北市內湖區新湖一路36巷28號1樓,蔡政憲,李黛苹,(02)27951777,2022/06/15,2024/12/12,700000000,https://www.bionettx.com/,0,0
興櫃,7813,宇辰系統科技股份有限公司,宇辰系統,53161763,其他電子,新竹市東美路91巷5號4樓,何瑞祥,何瑞祥,03-5632228,2010/10/01,2025/01/16,191959000,https://www.yuchens.com/,0,0
興櫃,7815,新特系統股份有限公司,新特,54782327,半導體,新竹縣竹北市台元一街5號6樓之5,陳儒宏,李宗潤,03-5601515,2014/02/06,2025/01/15,329756310,http://www.sync-tech.com.tw/,0,0
興櫃,7816,來穎科技股份有限公司,來穎,85092114,電子零組件,新竹縣湖口鄉光復北路17號,葉垂景,羅慶忠,03-5970328,2019/08/27,2025/01/15,292782110,http://www.ritwin.com.tw,2,8
興櫃,7824,智寶國際開發股份有限公司,智寶,50792528,其他,臺北市松山區復興北路191號10樓,許利瑋,鄧橋,(02)2321-1600,2015/10/05,2025/09/18,313371450,https://nadaholdings.com/,0,0
興櫃,7826,極風雲創股份有限公司,極風雲創,50784718,數位雲端,臺北市信義區松德路159號12樓,張紘綱,莊淑菁,02-89798887,2018/06/21,2025/04/15,120000000,https://www.twister5.com.tw/,0,0
興櫃,7829,英屬開曼群島商思捷優達(股)公司,思捷優達-KY,00597243,生技醫療,"17 F., No.3, Park St., Nangang Dist.,Taipei City 115603,Taiwan (R.O.C)",林東和,曾宇鳳,(02)2655-7266,2019/06/21,2025/06/03,993881600,https://dasherneuroscience.com,0,0
興櫃,7831,捷博股份有限公司,捷博,83561007,居家生活,新竹市香山區中華路四段569號,彭仕邦,彭仕邦,(03)550-9455,2019/11/19,2025/04/30,134012280,https://www.jesper.com.tw/,0,0
興櫃,7832,智新生技股份有限公司,智新生技*,94072060,生技醫療,臺北市南港區忠孝東路7段508號14樓之6,黃先龍,宋佩怡,(02)2655-8825,2023/06/02,2025/05/08,580000000,https://www.intelli-gene.com,0,0
興櫃,7833,綠岩能源股份有限公司,綠岩能源,85097878,綠能環保,新竹市東區慈雲路118號13樓之8,葉孟恒,賴明弘,03-5500136,2019/09/17,2025/05/22,430110240,https://greenrock.com.tw/,0,0
興櫃,7836,智生活科技股份有限公司,智生活,54307560,其他,臺中市北區太原北路130號10樓之1,林子皓,胡至仁,(04)22974508,2013/11/01,2025/07/30,495000000,https://www.smartdaily.com.tw/,0,0
興櫃,7837,啟新生物科技股份有限公司,啟新生,36545934,生技醫療,新北市新莊區五工五路21號3樓,蔡岳廷,蔡岳廷,(02)22981823,1979/02/16,2025/05/28,228002540,https://www.cmp-micro.com/,0,0
興櫃,7840,祥圃實業股份有限公司,祥圃,12483749,農業科技,臺北市中山區松江路146號8樓之2,吳季衡,吳季衡,02-2560-3566,1984/03/14,2025/06/18,340000000,https://www.nicegarden.com.tw/,0,0
興櫃,7841,經貿聯網科技股份有限公司,經貿聯網,70543978,資訊服務,臺北市內湖區陽光街321巷56號3樓,扈端華,扈端華,02-7720-3699,2000/04/01,2025/06/11,242004320,https://www.cybersoft.tw/,0,0
興櫃,7843,英柏得科技股份有限公司,英柏得,54269123,半導體,新竹市東區金山里金山八街1號7樓,林傳生,林傳生,03-5798928,2013/06/25,2025/07/17,334400000,http://www.embestor.com,0,0
興櫃,7846,德揚科技股份有限公司,德揚,27661171,綠能環保,新竹縣湖口鄉光復南路55號,倪惠敏,范綱鈞,03-5973337,2005/04/07,2025/06/26,344116520,https://www.htcsolar.com/,0,0
興櫃,7847,豊漁股份有限公司,豊漁,90323071,觀光餐旅,新北市三重區光復路2段88巷22弄8號,朱雨延理,黃永凱,02-87738897,2022/06/21,2025/06/26,290000000,www.chu-yu.com.tw,0,0
興櫃,7848,騏億鑫科技股份有限公司,騏億鑫,54560958,其他電子,臺南市麻豆區新生南路161號1樓,洪國庭,洪國庭,(04)25670993,2014/06/11,2025/07/29,333760000,https://www.chiyihsin.com/,0,0
興櫃,7849,旭誼工程股份有限公司,旭誼,53789759,其他電子,新竹縣竹北市鹿場里自強南路８號１０樓之３,鄧在國,葉尚錞,035508638,2012/01/11,2025/08/01,118923420,https://www.spte.com.tw/,0,0
興櫃,7850,寶泰生醫股份有限公司,寶泰生醫,50997769,生技醫療,臺北市信義區松智路1號3樓,宋豪麟,宋豪麟,(02)27276289,2019/04/02,2025/08/04,976587500,https://www.protectvac.com,0,0
興櫃,7851,英屬開曼群島商慧康生活科技(股),慧康生技*-KY,54375530,生技醫療,臺北市內湖區瑞光路478巷18弄32號4樓,鄧居義,鄧居義,(02)8797-6661,2013/06/27,2025/11/19,338455725,https://www.health2sync.com/tw,0,0
興櫃,7853,政美應用股份有限公司,政美應用,89339624,半導體,新竹縣竹北市竹北里12鄰台元一街8號4樓之9,蔡政道,蔡政道,03-5601788,1995/02/28,2025/09/30,482470000,https://www.cmi-tw.com,0,0
興櫃,7854,佐茂股份有限公司,佐茂,16451445,電腦及週邊設備,高雄市前鎮區擴建路1之26號10樓,葉秋枝,吳建銘,(07)8157868,1998/03/31,2025/10/30,403000000,http://www.jms.com.tw,0,0
興櫃,7857,合水先進環境技術股份有限公司,合水先進,54275455,綠能環保,臺北市信義區信義路5段2號4樓,潘書鴻,王志明,(02)2758-1455,2013/06/06,2025/08/28,534875990,https://www.aswater.com.tw,0,0
興櫃,7858,芝普企業股份有限公司,芝普,23290121,化學工業,桃園市八德區豐成街22號,林士堯,趙文義,03-3653300,1989/04/03,2025/09/26,222370070,https://www.echemsemi.com/,0,0
興櫃,7860,得生製藥股份有限公司,得生製藥,22684196,生技醫療,臺南市永康區王行里環工路42號,許海上,許海上,(06)2311-636,1987/11/18,2025/09/09,320000000,http://www.tehseng.com/,0,0
興櫃,7861,貝爾威勒電子股份有限公司,貝爾威勒,28756169,電子零組件,桃園市桃園區中正路1071號9樓之1,徐瑞瑛,徐瑞瑛,886-3-3587777,2007/07/16,2025/11/12,646000000,www.bellwether-corp.com,0,0
興櫃,7862,聚泰環保材料科技股份有限公司,聚泰,53493329,紡織纖維,彰化縣二水鄉南通路1段20巷50號,周紹華,周紹華,04-8796000,2011/07/15,2025/10/22,400000000,https://www.acegreen.com.tw,0,0
興櫃,7863,中科國際物流股份有限公司,中科物流,29182232,航運業,中部科學園區臺中市大雅區科雅西路29號,陳銀海,金旭東,0425653288,2006/06/23,2025/09/30,300000000,https://www.ctspl.com.tw/Home/Index,0,0
興櫃,7865,金聯成資源科技股份有限公司,金聯成,28302688,綠能環保,高雄市小港區茂大街3號,陳福松,陳俊銘,078066025,2007/02/06,2025/10/02,251240000,http://www.jlc-ycle.com/,0,0
興櫃,7866,丹立電子股份有限公司,丹立,53411967,半導體,新北市中和區中正路716號9樓之8,詹鈞傑,葉偉超,(02)82273195,2011/05/26,2025/10/16,431712130,https://www.dli-memory.com/,0,0
興櫃,7867,特力屋股份有限公司,特力屋,89390488,居家生活,臺北市內湖區新湖三路23號5樓,何湯雄,張&#26658;青,02-8791-6668,1995/03/01,2025/10/16,960000000,www.trplus.com.tw,0,0
興櫃,7868,聖育科技股份有限公司,聖育,28226795,資訊服務,臺北市內湖區安康路20號3樓,許恆壽,許恆壽,(02)2797-8833,2006/10/05,2025/10/21,222396460,https://www.inforcom.com.tw/,0,0
興櫃,7869,宏于電機股份有限公司,宏于電機,22418992,電機機械,新北市樹林區武林街2之3號,詹家榮,詹家榮,02-2681-8008,1987/04/03,2025/12/22,272410000,https://www.horngyu.com,0,0
興櫃,7870,聯剛科技股份有限公司,聯剛科技,16608116,其他電子,新北市汐止區南陽街258號10樓,莊瑞松,莊士逸,(02)27263239,1998/07/21,2025/11/21,184000000,https://www.accordance.com.tw,0,0
興櫃,7871,安立璽榮醫藥股份有限公司,安立璽榮-KY,00651344,生技醫療,"16F-3 No.508, Sec.7, ZhongXiao E. Rd., Nangang Dist.,Taipei City 115011,Taiwan (R.O.C)",陳泓愷,陳泓愷,(02)27827700,2017/01/13,2026/01/13,1342781940,https://elixiron.com,0,0
興櫃,7872,登豐微電子股份有限公司,登豐,28899700,半導體,新北市汐止區工建路366號6樓,王源銘,王源銘,26499168,2007/12/20,2025/12/22,300000000,http://www.gstekic.com,0,0
興櫃,7873,瑞峰半導體股份有限公司,瑞峰,45079229,半導體,新竹縣湖口鄉新竹工業區光復北路12號5樓,戴國瑞,戴國瑞,03-5971111,2016/04/14,2026/05/29,1498520000,www.rayteksemi.com/,0,0
興櫃,7875,安圖斯科技股份有限公司,安圖斯,52296721,電腦及週邊設備,新北市汐止區新台五路1段88號6樓,侯知遠,李占傑,(02)26960289,2016/09/20,2025/11/21,200000000,www.altoscomputing.com,0,0
興櫃,7876,鼎晉生技股份有限公司,鼎晉生技,82943056,生技醫療,新竹科學園區新竹縣竹北市生醫五路66號11樓之6、7,蔣永芳,周珮芬,(02)2786-1217,2020/12/10,2025/11/24,1072617500,https://www.obigenpharma.com/,0,0
興櫃,7877,海利普電子科技股份有限公司,海利普,28128534,綠能環保,臺北市內湖區瑞光路34號7樓,謝宇霖,郭明潔,02-2791-5585,2006/03/22,2025/11/27,388566850,https://www.teinco.com.tw/,0,0
興櫃,7878,藥祇生醫股份有限公司,藥祇,83379922,生技醫療,新北市汐止區新台五路1段93號22樓及22之1,楊文欽,吳月禎,(02)2793-8665,2021/01/25,2025/11/27,561365800,https://www.pharmasaga.com,0,0
興櫃,7879,益材科技股份有限公司,益材科技,28190213,電機機械,嘉義縣朴子市馬稠後園區十七路123號,翁冠群,翁冠群,(05)362-8508,2006/06/08,2026/01/23,400000000,https://www.amsys.com.tw,0,0
興櫃,7880,聖凰科技股份有限公司,聖凰,27658788,半導體,新竹市東區埔頂里慈雲路118號11樓之1,周傳華,周傳華,(04)2565-3499,2005/04/04,2025/11/26,265000000,www.spti.com.tw,0,0
興櫃,7881,科明儀器股份有限公司,科明,54275531,生技醫療,新北市中和區中和路366號13樓之1,江勁賢,江勁賢,02-89213889,2013/06/07,2025/11/26,270000000,https://www.eyecaretech.com.tw,0,0
興櫃,7882,倍利生技創業投資股份有限公司,倍利創投,54367623,其他,臺北市中正區忠孝西路1段6號14樓,黃顯華,許哲雄,(02)8979-5678,2013/10/15,2025/12/09,2052822290,https://www.beileybiofund.com/,0,0
興櫃,7883,饗賓餐旅事業股份有限公司,饗賓,79955280,觀光餐旅,桃園市大園區五青路150巷12號,陳毅航,陳毅航,(03)3810288,2002/05/08,2026/01/23,609760000,http://www.feastogether.com,0,0
興櫃,7885,宏羚股份有限公司,宏羚,04822794,其他電子,新北市五股區五工二路114號6樓,章孝祺,林朝碧,02-2299-9889,1982/03/02,2026/01/16,292000000,https://www.honlynn.com.tw,1,5
興櫃,7886,科建國際實業股份有限公司,科建,27966188,半導體,臺中市南屯區精科中二路22號5樓,劉元周,溫知錡,(04)2350-6886,2005/11/02,2026/01/19,249780000,https://www.kojem.com.tw/,0,0
興櫃,7887,宇川精密材料科技股份有限公司,宇川精材,53322851,半導體,新竹縣竹北市文興路1段358號2樓,郭文哲,郭文哲/陳建榮,(06)505-0135,2011/03/23,2026/01/13,817200000,https://www.ppmiglobal.com/,0,0
興櫃,7888,麗寶新藥生物科技股份有限公司,麗寶新藥,66459999,生技醫療,臺北市大同區南京西路36號9樓之1,杜德成,劉朝瀚,(02)25591799,2017/01/26,2025/12/23,752350000,https://libopharma.com/,0,0
興櫃,7889,騰勢股份有限公司,騰勢,54506580,食品工業,新北市新莊區新北大道3段218號16樓,張智翔,張智翔,02-7753-8610,2013/07/16,2026/01/13,207812710,https://tsagroup.com.tw/,0,0
興櫃,7890,明曜科技股份有限公司,明曜科技,13098982,綠能環保,新北市三重區中興北街89號,王孝揚,王孝揚,(02)8512-1588,2002/03/29,2026/01/20,208000000,https://etica.tw/,0,0
興櫃,7891,博研醫藥開發股份有限公司,博研醫藥,53063165,生技醫療,臺北市信義區基隆路1段333號12樓,吳逸之,吳逸之,(02)2711-1327,2010/06/24,2026/01/14,194300000,https://www.boyentherapeutics.com,0,0
興櫃,7892,元鈦科技股份有限公司,元鈦科,90573794,電腦及週邊設備,新北市汐止區康寧街169巷8之11號6樓,陳茂欽,朱佳建,02-2692-5999,2022/02/24,2026/01/16,468980000,https://www.mg-cooling.com/,0,0
興櫃,7893,睿信電子股份有限公司,睿信,42761142,電子零組件,苗栗縣公館鄉大東路7號,陳其忠,陳其忠,(037)370129,2015/12/28,2026/01/15,407994000,https://www.radbonlink.com/,0,0
興櫃,7894,瀚軒股份有限公司,瀚軒,22615380,半導體,桃園市中壢區忠義里中華路二段209號,林斯穎,陳文冠,03-4611902,1987/07/24,2026/06/26,240000000,https://www.hpc.com.tw/,0,0
興櫃,7895,元進莊企業股份有限公司,元進莊,27638186,農業科技,雲林縣元長鄉龍岩村龍岩158號,吳政憲,吳鋐源,05-7883803,2005/03/14,2026/01/22,387900000,https://yjc.yjcfood.com/,0,0
興櫃,7896,喬越實業股份有限公司,喬越,89441374,電子零組件,新北市三重區興德路100號16樓,楊天祥,楊天祥,(02)8512-2222,1995/03/23,2026/01/16,279002070,www.silmore.com.tw,0,0
興櫃,7897,禾迅綠電股份有限公司,禾迅綠電,53789131,綠能環保,新竹縣湖口鄉自強路18號1樓,黃文瑞,汪采樺,035981886,2012/01/10,2026/01/27,1336169240,https://wholesun.com.tw,0,0
興櫃,7898,乾瞻科技股份有限公司,乾瞻,85061999,半導體,新竹縣竹北市台元二街1號五樓之5,羅森洲,羅時豪,(03)5601689,2019/09/09,2026/05/27,300387180,https://www.inpsy.com,0,0
興櫃,7899,景美科技股份有限公司,景美,28327652,半導體,新北市土城區三民路2號6樓之7,陳吉良,羅麗文,02-22671886,2006/06/02,2026/02/25,229035000,https://www.cmat-tek.com.tw,0,0
興櫃,7901,大大寬頻股份有限公司,大大寬頻,79960093,通信網路,新北市土城區中華路2段207號3樓之1,張銘志,劉登榮,(02)8253-8866,2002/05/15,2026/01/21,600000000,https://www.dadabroadband.com/,0,0
興櫃,7902,宇越生醫科技股份有限公司,宇越生醫*,83304134,生技醫療,新北市汐止區新台五路1段97號33樓之1,秦嘉鴻,龐德玲,02-2697-2200,2020/12/08,2026/01/22,200605000,http://www.uwell.com.tw/,0,0
興櫃,7904,任開數位媒體行銷股份有限公司,任開數位,29170101,數位雲端,臺北市大安區和平東路1段6號11樓,李鐘培,蔡耀仁,(02)2393-6321,2010/07/16,2026/01/23,150000000,https://www.citiesocial.com/,0,0
興櫃,7907,錸恩帕斯科技股份有限公司,錸恩帕斯,25076250,其他電子,臺南市永康區王行里永科環路50號2樓,陳俊尹,陳俊尹,06-2031585,2009/11/26,2026/04/22,393929700,https://www.lpst.com.tw,0,0
興櫃,7909,鈺祥企業股份有限公司,鈺祥,22466564,半導體,新北市中和區中正路866之7號17樓,莊士杰,莊士杰,(02)22257858,1987/06/16,2026/03/25,705926500,https://www.yesiang.com/,0,0
興櫃,7911,阿波羅電力股份有限公司,阿波羅電力,91066655,綠能環保,臺中市西屯區朝富路213號28樓之6,王惠民,吳俊儀,(04)2254-6688,2021/05/14,2026/04/28,400000000,https://re100.com.tw,0,0
興櫃,7912,新聿科技股份有限公司,新聿科,29143652,電子零組件,新北市土城區中央路4段51號6樓之6,&#20931;俊宏,蔡志遠,02-2269-6636,2010/03/23,2026/04/22,221900000,www.zenithtek.com.tw,0,0
興櫃,7913,通寶半導體設計股份有限公司,通寶半導體,45023008,半導體,臺北市內湖區基湖路39號2樓,沈軾榮,沈軾榮,02-77557688,2016/07/20,2026/05/15,451387000,www.qbitsemi.com,0,0
興櫃,7914,碩明綠能股份有限公司,碩明綠能,85057051,綠能環保,臺南市安平區華平路672巷2號,杜鎧兆,林江清,06-2970518,2019/09/05,2026/08/26,528480620,https://www.solming.com/,0,0
興櫃,7915,廌家科技股份有限公司,廌家,90121440,通信網路,桃園市桃園區瑞慶里中正路1351號13樓,游素冠,林建州,03-3129008,2022/09/28,2026/04/28,401000000,www.u-leam.com,0,0
興櫃,7917,源傑科技股份有限公司,源傑科技,53042084,通信網路,新竹科學園區新竹市篤行路6-3號3樓,鄭祝良,蔡高&#23791;,(03)621-3966,2010/05/14,2026/07/29,669026590,https://www.centera-photonics.com/tw,0,1
興櫃,7918,創鉅先進材料股份有限公司,創鉅材料,60772130,半導體,臺南市安南區工業三路3號,鄭憲松,鍾怡歡,06-3840199,2025/03/14,2026/05/11,431000000,https://www.xalloy.com.tw/,0,0
興櫃,7919,禾蒼科技股份有限公司,禾蒼,53430681,光電,新北市汐止區新台五路1段75號12樓之4至12樓之5,周恒德,周恒德,(02)86981198,2011/08/17,2026/05/14,127000000,https://www.altasec.com,0,0
興櫃,7920,瀚陽生物科技股份有限公司,瀚陽*,24467478,生技醫療,臺北市內湖區瑞湖街88號5樓,林舜孝,林陽生,(02)2790-2895,2009/09/29,2026/05/20,1187974836,https://www.2t-pharma.com,0,0
興櫃,7921,台普威能源股份有限公司,台普威,85044789,綠能環保,臺北市內湖區基湖路1號6樓,廖福生,馮浩翔,02-2797-1686,2019/11/29,2026/05/27,408070000,https://www.rechargepower.com.tw/,0,0
興櫃,7922,源點科技股份有限公司,源點*,85051710,綠能環保,臺南市歸仁區武東里高發二路360號,陶百群,陶百群,(06)602-0889,2019/09/12,2026/05/22,934760324,https://www.evoasis.com.tw/,0,0
興櫃,7924,TLC BioSciences Corp.,TLC-KY,00718247,生技醫療,"2F, No, Park Street, NangangTaipei, Taiwan",洪基隆,葉志鴻,02-2655-7377,2021/06/29,2026/06/26,1335606870,https://www.tlcbio.com,0,0
興櫃,7925,健生實業股份有限公司,健生,58406008,電機機械,彰化縣福興鄉彰鹿路6段501號,莊勝吉,"執行長 莊淑芬, 總經理 莊勝發",04-7772121,1965/07/22,2026/08/03,656000000,http://www.kensean.com.tw/,0,0
興櫃,7926,中華立鼎光電股份有限公司,中華立鼎,54921910,光電,桃園市中壢區忠義里自強七路6號,涂元光,林嘉堅,03-4353888,2016/07/28,2026/06/17,150018000,https://www.clpt.com.tw,0,0
興櫃,7927,連距電機股份有限公司,連距電機,13008808,電機機械,桃園市新屋區清華里清華一街190號,陳明文,林瑞仁,(03)4770977,2002/01/11,2026/06/17,447000000,https://tw.linkage.com.tw,0,0
興櫃,7928,合聖科技股份有限公司,合聖科技*,85064996,通信網路,新竹縣竹北市中興里復興三路二段168號19樓之2,伍茂仁,伍茂仁,(03)6027416,2019/09/23,2026/06/26,635291764,https://www.authenxinc.com,0,0
興櫃,7929,碩通散熱股份有限公司,碩通,96002575,電腦及週邊設備,新竹縣湖口鄉鳳山村自強路18號,黃文瑞,李國忠,03-5981198,2024/07/31,2026/06/26,215000000,http://certone.com.tw,0,0
興櫃,7930,威世波股份有限公司,威世波,27764562,通信網路,新北市汐止區南興路51號,陳曉昇,陳曉昇,02-26987208,2005/08/30,2026/07/16,337545000,http://www.wavesplitter.com,0,0
興櫃,7931,續升綠能股份有限公司,續升綠能,56609007,綠能環保,臺北市中正區杭州南路1段19號11樓,陳振乾,陳蓓怡,(02)6605-8189,2017/04/14,2026/06/29,246405500,http://www.sas-sge.com/,1,16
興櫃,7932,昱鐳應材股份有限公司,昱鐳應材,12660131,電子零組件,桃園市中壢區安東路5號5樓,詹文雄,葉雨鑫,03-4268958,2000/10/30,2026/08/28,500000000,www.eray-tech.com,0,0
興櫃,7933,威旭數據科技股份有限公司,威旭,90656422,其他,臺北市中山區南京東路3段63號8樓,張希寧,張希寧,02-25021980,2021/12/08,2026/07/23,235632060,https://www.weblisher.com.tw/,0,0
興櫃,7934,鋒霈環境科技股份有限公司,鋒霈環境科技,28324177,綠能環保,新竹縣竹北市台元二街10號10樓之8,盧宗隆,盧宗隆,(03)6586583,2006/05/29,2026/09/10,260294000,https://www.retech.com.tw/,0,0
興櫃,7935,安富科技股份有限公司,安富,28125678,通信網路,臺北市內湖區瑞光路258巷31號5樓,蔡高忠,王金翔,02-8752-3983,2006/03/20,2026/07/22,369998000,https://www.nforetek.com.tw/,0,0
興櫃,7936,寰聖國際實業股份有限公司,寰聖,53637254,電子零組件,中部科學園區臺中市西屯區林厝里科雅東路9號,孫正強,孫正強,04-25658158,2011/11/24,2026/07/21,360380000,http://www.grenergy.com.tw/,13,25
興櫃,7939,技宸股份有限公司,技宸,68670152,電腦及週邊設備,新北市新店區北新路3段207之1號地下2層,李宜泰,莊再華,(02)89131312,2017/12/14,2026/07/27,195800000,https://www.gigaipc.com/,0,0
興櫃,7942,東佑達自動化科技股份有限公司,東佑達,70740963,電機機械,臺南市安南區新吉三路55號,林宗德,林宗德,(06)202-1347,2000/04/12,2026/08/06,317684150,https://www.toyorobot.com,0,0
興櫃,7943,鴻璟科技股份有限公司,鴻璟科技,80597662,數位雲端,新竹科學園區新竹市力行一路1號1樓C6,呂炳標,呂炳標,(03)578-9399,2003/11/26,2026/08/10,306508370,https://www.lionic.com/zh-tw/,0,0
興櫃,7944,睿禾金碳股份有限公司,睿禾金碳,85130911,綠能環保,臺北市大安區信義路3段153號5樓,陳坤宏,徐聰平,02-27089980,2019/09/03,2026/08/19,307631260,https://www.greenharvest.com.tw,0,0
興櫃,7945,廣盛科技股份有限公司,廣盛科技,27345816,電腦及週邊設備,臺北市內湖區瑞湖街103號4樓,陳志鵬,陳志鵬,02-7720-2118,2004/07/28,2026/08/20,115433750,https://www.qsan.com,0,0
興櫃,7947,補丁科技股份有限公司,補丁科,28086387,半導體,新竹市東區東美路89號9樓之1,丁達剛,李曉雯,03-5160296,2006/01/26,2026/09/16,603631580,https://www.piecemakers.com.tw/,0,0
興櫃,8058,耐特科技材料股份有限公司,耐特,22911832,其他電子,彰化縣埤頭鄉彰水路4段468巷6號,陳&#21234;森,陳宇涵,04-8926225,1988/05/03,2025/07/15,688000000,https://www.nytex.com.tw,0,0
興櫃,8098,慶康科技股份有限公司,慶康科技,84149168,半導體,臺南市新市區環東路1段320號,杜家慶,杜家慶,(06)5053050,1994/01/07,2023/10/31,132351750,www.duratek.com.tw,0,0
興櫃,8119,公信電子股份有限公司,公信,20972349,電腦及週邊設備,新北市汐止區新台五路一段75號3樓之2,吳惠瑜,吳惠瑜,02-2698-7068,1983/05/05,2017/07/04,636615990,http://www.clientron.com,0,0
興櫃,8298,威睿科技股份有限公司,威睿,70573368,資訊服務,臺北市內湖區內湖路1段360巷15號5樓,繆德澤,繆德澤,2657-1088,2000/06/20,2018/03/28,256320150,www.genie-networks.com,0,0
興櫃,8329,臺灣電視事業股份有限公司,台視,20685000,文化創意,臺北市松山區八德路3段10號,黃崧,周法勛,(02)27758888,1962/05/11,2007/09/06,2805781150,WWW.TTV.COM.TW,0,0
興櫃,8345,超秦企業股份有限公司,超秦,02634682,農業科技,桃園市桃園區永安路1061號,卓靖倫,陳建利,03-341-1111,1985/10/23,2025/06/18,600080000,https://www.qinchicken.com/,0,0
興櫃,8359,錢櫃企業股份有限公司,錢櫃,22327867,觀光餐旅,臺北市信義區忠孝東路五段293號5樓,練台生,周章仲,(02)2769-6006,1986/11/03,2012/05/03,1365000000,https://www.cashboxparty.com/,0,0
興櫃,8458,影一製作所股份有限公司,影一,28701117,文化創意,臺北市松山區南京東路4段152號10樓,周哲毅,李鐘培,02-7730-2556,2007/08/09,2014/10/27,358500000,www.1production.com.tw,0,0
興櫃,8999,台灣積層工業股份有限公司,台灣積層,35875366,其他,桃園市中壢區新北園路11號,陳界中,施黃清,03-4626789,1977/11/02,2025/01/10,360000000,www.twn-lami.com.tw,0,0
興櫃,9957,燁聯鋼鐵股份有限公司,燁聯,23218395,鋼鐵工業,高雄市岡山區興隆街600號,林義守,陳瑞德,07-6232255,1988/12/21,2003/01/03,32204136000,www.yusco.com.tw,7,8
