統編,名稱,英文名稱,地址,代表人,電話,傳真,原始登記日期,核發日期,進口,出口
00182173,尚格環球有限公司,Shange Limited Company,新北市新莊區博愛路7巷8號,許O華,0911840169,,2026/09/29,2026/09/29,Y,Y
15860105,美化家用有限公司,"Beauty Household Co., Ltd",新北市永和區保平路151巷6弄3號,江O淇,02-29154168,,2026/09/29,2026/09/29,Y,Y
24936177,采世文創有限公司,"BRILLIANT PICTURES CO., LTD.",新北市新店區寶中路92號9樓,薛O妮,02-82193113,,2026/09/29,2026/09/29,Y,Y
29169998,大樣六角室內裝修有限公司,"SIX FORWARD INTERNATIONAL CO., LTD.",新北市中和區安平路118號(1樓),林O烊,0229452000,,2026/09/29,2026/09/29,Y,Y
60527685,超探吉國際有限公司,"SuperReach International CO., LTD.",新北市中和區中正路716號12樓之4,陳O杰,,,2026/09/29,2026/09/29,Y,Y
61243638,豆森創研工作室,DOUSEN CREATIVE STUDIO,新北市三重區中華路16號3樓,邱O熒,,,2026/09/29,2026/09/29,Y,Y
61291292,歐德國際車業,Oude International Automotive Co.,新北市樹林區佳園路2段63號,曾O平,,,2026/09/29,2026/09/29,Y,Y
61983252,藍通智能有限公司,"BlueComm CO., LTD.",新北市新莊區五權一路12巷9弄22號,廖O萍,,,2026/09/29,2026/09/29,Y,Y
61983648,聯宇電材股份有限公司,"Lenoo Electronics Materials CO., LTD.",新北市土城區永豐路187號,張O財,,,2026/09/29,2026/09/29,Y,Y
62049507,逸界有限公司,"Yiverse CO., LTD.",新北市板橋區文化路1段329號4樓,林O逸,0966165550,,2026/09/29,2026/09/29,Y,Y
62049513,又菁茶業有限公司,"Yujing Tea CO., LTD.",新北市泰山區辭修路36巷7弄3號3樓,洪O粲,,,2026/09/29,2026/09/29,Y,Y
62076068,萬凡有限公司,ONE FINE DAY LTD.,新北市新店區北新路2段252號3樓,徐O,,,2026/09/29,2026/09/29,Y,Y
62109048,志明與尼莫有限公司,"Zhiming & Nemo CO., LTD.",新北市中和區景平路268號22樓之6,林O祥,0988190396,,2026/09/29,2026/09/29,Y,Y
62109764,千千歲歲有限公司,CHITOSE Company Limited,新北市土城區延安街35巷12號5樓,林O德,,,2026/09/29,2026/09/29,Y,Y
62177925,璐米達有限公司,"LUMATE CO., LTD.",新北市中和區中山路2段255號8樓之1,曾O坤,02-2242-2688,,2026/09/29,2026/09/29,Y,Y
93492634,熊班長娛樂有限公司,"NLOUO CO., LTD.",新北市新莊區頭前路142號5樓,鍾O羽,,,2026/09/29,2026/09/29,Y,Y
93787193,統包先生室內裝修股份有限公司,"TURNKEY INTERIOR RENOVATION CO., LTD.",新北市五股區新五路2段341號（1樓）,陳O昇,02-22852225,,2026/09/29,2026/09/29,Y,Y
94240572,引都國際有限公司,"Mimol Beauty CO., LTD.",新北市板橋區介壽街33號2樓,陳O天,0981-716-899,,2026/09/29,2026/09/29,Y,Y
50765297,王寵數位生技股份有限公司,"Wang Choice Digital Biotech CO., LTD.",新北市新莊區五工五路5號6樓,黃O睿,02-8990-1381#157,02-8990-1383,2026/09/24,2026/09/24,Y,Y
61278988,媚可曼妮內衣店,MECO MANI LINGERIE STORE,新北市新莊區民安路188巷5號1樓之13,尹O明,02-27926489,,2026/09/24,2026/09/24,Y,Y
61983318,怡康美得國際有限公司,"ICONMED CO., LTD.",新北市林口區文化二路1段266號13樓之3,鄭O菁,(02)2609-2366,,2026/09/24,2026/09/24,Y,Y
61983696,顥宇科技有限公司,"HAOYU TECHNOLOGY CO., LTD.",新北市樹林區三龍街118巷11號(2樓),陳O宏,,,2026/09/24,2026/09/24,Y,Y
61983719,兆溢生醫科技有限公司,"Zhao Yi Biomedical Technology Co., Ltd.",新北市三重區重新路5段609巷14號7樓,李O樺,,,2026/09/24,2026/09/24,Y,Y
62049751,芮曦股份有限公司,"PAI CO., LTD.",新北市中和區橋安街1號3樓,百O絲,02-2248-8087#11,,2026/09/24,2026/09/24,Y,Y
62177474,騰匯國際運通有限公司,"Tenghui Global Logistics CO., LTD.",新北市板橋區漢生東路268之1號14樓,吳O紋,,,2026/09/24,2026/09/24,Y,Y
85067305,隆彥事業有限公司,"LONGYAN ENTERPRISE CO., LTD.",新北市八里區商港路42號2樓,陳O彥,,,2026/09/24,2026/09/24,Y,Y
93377753,佰碩科技有限公司,"Baishuo Technology Co., Ltd.",新北市板橋區國泰街46巷5號4樓,馬O俊,,,2026/09/24,2026/09/24,Y,Y
29164017,藝視創意影像有限公司,Artvision LTD.,新北市新莊區思源路177巷52號1樓,李O慈,,,2026/09/23,2026/09/23,Y,Y
60388776,友福悠健康科技股份有限公司,"DEH WELL HEALTH TECHNOLOGY CO., LTD.",新北市新店區北新路1段293號4樓之5,莊O光,,,2026/09/23,2026/09/23,Y,Y
61926226,英屬維京群島商光揚科技有限公司台灣分公司,Atmax Technology Limited Taiwan Branch(BRITISH VIRGIN ISLANDS),新北市淡水區中正東路2段27之5號21樓,"杜O淵Tu,Wei-Yuan",,,2026/09/23,2026/09/23,Y,Y
61982789,瀚洋資本股份有限公司,"Vast Ocean Capital Co., Ltd.",新北市八里區龍米路1段306號15樓之3,林O瑋,,,2026/09/23,2026/09/23,Y,Y
61982887,晶茂國際貿易有限公司,"Glowmore International Trading CO., LTD.",新北市板橋區翠華街6巷99號(1樓),張O,,,2026/09/23,2026/09/23,Y,Y
61982893,寶林安資本股份有限公司,"Brilliant Capital Co., Ltd.",新北市八里區龍米路1段306號15樓之3,林O瑋,,,2026/09/23,2026/09/23,Y,Y
61983226,峰岳資本股份有限公司,"Apex Trust Capital Co., Ltd.",新北市八里區龍米路1段306號15樓之3,林O瑋,,,2026/09/23,2026/09/23,Y,Y
62110039,典贊雅科技有限公司,"DIZAYA TECHNOLOGY CO., LTD.",新北市深坑區文化街39巷33號3樓,陳O宇,,,2026/09/23,2026/09/23,Y,Y
62178115,萬達全球有限公司,"WANDA GLOBAL CO., LTD.",新北市新莊區中平路183號2樓,高O哲,0903888676,,2026/09/23,2026/09/23,Y,Y
62179971,怡恩生活有限公司,Eon Living Company Limited,新北市中和區中山路2段332巷13號12樓,林O青,,,2026/09/23,2026/09/23,Y,Y
66400196,有形國際事業有限公司,"YOU SHING International Business Co., Ltd.",新北市淡水區後洲路1段62號5樓,史O煒,0226259282,,2026/09/23,2026/09/23,Y,Y
80008991,批歪娛樂工作室,PY Entertainment STUDIO,新北市中和區連城路75巷2之18號2樓,郭O儀,0958573775,,2026/09/23,2026/09/23,Y,Y
83039065,晴晏創意整合有限公司,"SSunny Creative Integration CO., LTD.",新北市板橋區文化路2段285號21樓,黃O翎,0903029447,,2026/09/23,2026/09/23,Y,Y
90045767,柯萊國際家具有限公司,"Collei Furniture CO., LTD.",新北市汐止區大同路2段171號11樓之3,吳O澤,02-85025303#16,02-85025305,2026/09/23,2026/09/23,Y,Y
93572123,達奕投資有限公司,Darene Investment Ltd.,新北市新店區中央路155號7樓之2,何O維,,,2026/09/23,2026/09/23,Y,Y
62084124,時緒製所有限公司,CISHU Creative Studio LTD.,新北市土城區福仁街55號2樓,沈O霆,0970678082,,2026/09/22,2026/09/24,Y,Y
00232595,土星烏日股份有限公司,"SACURN WURI CO., LTD.",新北市中和區板南路655號17樓,賴O郁,02-22217000,,2026/09/22,2026/09/22,Y,Y
52653086,三冠榮新實業有限公司,"THREE CROWNS CO., LTD.",新北市中和區和城路1段525號,蘇O楷,0965662777,,2026/09/22,2026/09/22,Y,Y
60625882,池硯有限公司,"Chiyan Co.,Ltd Company Limited",新北市中和區景安路220巷2弄3號,李OO,0916765541,,2026/09/22,2026/09/22,Y,Y
60636939,海爾詩國際有限公司,HAIERCI Healthy Care LTD.,新北市汐止區新台五路一段93號21樓之6,呂O志,,,2026/09/22,2026/09/22,Y,Y
60657125,健守有限公司,"Jianshou CO., LTD.",新北市永和區中和路499號8樓之13,陳O臻,0902279826,,2026/09/22,2026/09/22,Y,Y
61982916,拓森系統有限公司,"Tosson Engineering Solutions Co., LTD.",新北市汐止區康寧街169巷8之11號3樓,林O正,02-27915017,,2026/09/22,2026/09/22,Y,Y
61983247,大江尚赫有限公司,"DAJIANG SHANGHE CO., LTD.",新北市新店區禾豐二路54號2樓,江O穎,0981379744,,2026/09/22,2026/09/22,Y,Y
62050412,宏媜投資股份有限公司,"Hung Chen Investment Co., Ltd.",新北市板橋區民治街30號(1樓),商O宏,,,2026/09/22,2026/09/22,Y,Y
62084010,銘喆科技股份有限公司,"MITCHELLMZ TECHNOLOGY CO., LTD.",新北市金山區中山路279巷5號,陳O福,0983324098,02-24081429,2026/09/22,2026/09/22,Y,Y
62177707,銳拓國際有限公司,"Raytor International CO., LTD.",新北市三芝區樂全街96號9樓,謝O錚,0988054160,,2026/09/22,2026/09/22,Y,Y
62178728,証宇科技有限公司,Lucin technology INC.,新北市林口區文化二路1段399號10樓,方O堯,02-26027170,,2026/09/22,2026/09/22,Y,Y
62179655,藏箱子有限公司,Hidden Box Company Limited,新北市汐止區福德二路79號2樓,陳O澤,0958008168,,2026/09/22,2026/09/22,Y,Y
62251059,正弘科技有限公司,"Zenhold Technology CO., LTD.",新北市中和區明禮街19號,李O延,02-22423527,02-22421773,2026/09/22,2026/09/22,Y,Y
69440685,宇恆自動化科技有限公司,"Eternity CO., LTD.",新北市板橋區民權路202巷17弄50號(1樓),謝O誠,,,2026/09/22,2026/09/22,Y,Y
90039049,福來創新發展有限公司,"FLIP CO., LTD.",新北市新莊區化成路371巷13號,張O銘,,,2026/09/22,2026/09/22,Y,Y
90170693,昀瑞科技股份有限公司,"Lynsteva Technology CO., LTD.",新北市新莊區化成路11巷58弄4號,李O青,02-29151988,,2026/09/22,2026/09/22,Y,Y
23792068,愷晟興業有限公司,"Kai Cheng Industrial Co., Ltd.",新北市淡水區淡金路3段230號(1樓),梁O庭,,,2026/09/21,2026/09/21,Y,Y
53707194,橡果時尚國際有限公司,"Hsiang go Fashion International CO., LTD.",新北市五股區民義里民義路1段79-5號,林O鈴,,,2026/09/21,2026/09/21,Y,Y
60716911,玖貳陸有限公司,"STUDIO 926 CO., LTD.",新北市中和區景新街338號12樓,陳O惠,0930595664,,2026/09/21,2026/09/21,Y,Y
61982535,安創貿易有限公司,Entron Trading LTD.,新北市板橋區懷德街101號(1樓),藍O榮,,,2026/09/21,2026/09/21,Y,Y
61982562,丞恩電子股份有限公司,"CEXUR ELECTRONICS CO., LTD.",新北市新莊區思源路601號6樓,黃O翰,,,2026/09/21,2026/09/21,Y,Y
62050258,裕丞聚鑫有限公司,"Yucheng Juxin CO., LTD.",新北市樹林區保安二街64巷5弄13號3樓,蘇O茵,,,2026/09/21,2026/09/21,Y,Y
62133455,儀象有限公司,"Yixiang CO., LTD.",新北市新莊區新樹路777號4樓,洪O琳,,,2026/09/21,2026/09/21,Y,Y
62134102,宸樺電子股份有限公司,"Chenhua-elec Co., Ltd.",新北市汐止區大同路3段222號之5,朱O宥,,,2026/09/21,2026/09/21,Y,Y
80007873,費昆希工作室,Fei Kun Xi STUDIO,新北市中和區中山路2段332巷9號8樓,李O華,0922382009,,2026/09/21,2026/09/21,Y,Y
90301132,即刻設計室內裝修有限公司,"NOW Design CO., LTD.",新北市中和區復興路38號2樓,李O全,02-29405714,,2026/09/21,2026/09/21,Y,Y
95438256,栗錸水工有限公司,Lienrai Water LTD.,新北市林口區文化二路1段374號11樓之1,張O駿,,,2026/09/21,2026/09/21,Y,Y
54059055,康策食品科技有限公司,"Conceptual Food Tech CO., LTD.",新北市新店區僑愛五路3號(1樓),謝O如,,,2026/09/18,2026/09/18,Y,Y
61282603,時代阡越企業社,SHI DAI QIAN YUE CO.,新北市中和區員山路486巷4弄5號2樓,史O豪,,,2026/09/18,2026/09/18,Y,Y
61289970,欸取欸恩欸企業社,HANA Co.,新北市新莊區四維路150巷5號4樓,金O馨,0970360550,,2026/09/18,2026/09/18,Y,Y
61982628,永合貿易有限公司,"EVERUNION TRADING CO., LTD.",新北市三重區集成路39號,范O豪,,,2026/09/18,2026/09/18,Y,Y
62049990,人因科技股份有限公司,"ERGOTECH TECHNOLOGY CO., LTD.",新北市中和區中正路866之2號16樓,陳O麟,02-22262366,02-22262112,2026/09/18,2026/09/18,Y,Y
62050308,鳳天國際貿易有限公司,"FON TIENG INTL TRADING CO., LTD.",新北市八里區忠孝路379號2樓,郭O元,,,2026/09/18,2026/09/18,Y,Y
62147866,君欣美研有限公司,"Junshine Beauty CO., LTD.",新北市新莊區新泰路100之5號2樓,林O君,02-29903866,,2026/09/18,2026/09/18,Y,Y
62191187,慧宸國際有限公司,"Sharp Path International CO., LTD.",新北市中和區中山路3段35號4樓之2,洪O源,,,2026/09/18,2026/09/18,Y,Y
85439495,喵哥生活企業社,Miaowbro Trading Company,新北市中和區忠孝街124巷3號11樓之1,林O猜,02-77292059,,2026/09/18,2026/09/18,Y,Y
96196501,比比嚴選國際有限公司,"BBSHOP CO., LTD.",新北市新莊區富貴路492號6樓,戴O宸,,,2026/09/18,2026/09/18,Y,Y
60573131,中錸鋼鋁股份有限公司,"ZHONG LAI STEEL ALUMINUM CO., LTD.",新北市新莊區榮華路2段121號6樓,邱O清,02-85213193,,2026/09/17,2026/09/17,Y,Y
62049963,偉創力數能基建有限公司,Flex Data Center Solutions (Taiwan) Limited,新北市五股區中興路1段6號5樓,黃O高FelixOoiThengKau,,,2026/09/17,2026/09/17,Y,Y
62102312,樺品國際貿易有限公司,"HUAPIN International Trading CO., LTD.",新北市汐止區樟樹二路280之2號2樓,陳O樺,,,2026/09/17,2026/09/17,Y,Y
62178760,本質國際有限公司,"Essence International CO., LTD.",新北市中和區中正路700號5樓之1,羅O芳,,,2026/09/17,2026/09/17,Y,Y
67121849,升詺鑨自動化有限公司,"SHENG MING LONG AUTOMATION CO., LTD.",新北市板橋區四川路1段23號9樓之1,陳O錡,0911289981,02-26183446,2026/09/17,2026/09/17,Y,Y
82990563,炬興廚具實業有限公司,"Juxing CO., LTD.",新北市新莊區中原路335號3樓,朱O萍,,,2026/09/17,2026/09/17,Y,Y
91416745,芭比寵物精品店,BARBIE PET Boutique,新北市永和區中正路140號(1至4樓),范O瑜,02-2948-9995,,2026/09/17,2026/09/17,Y,Y
93795150,爽動有限公司,"GETSPORTS CO., LTD.",新北市新莊區中正路514巷53弄1號,周O吟,02-29013539,,2026/09/17,2026/09/17,Y,Y
95156050,瑤瑤馬手作藝品坊,YOYOMA HANDMADE ART WORKSHOP,新北市三峽區大勇路13號(1樓),盧O娟,0912241349,,2026/09/17,2026/09/17,Y,Y
95494720,萌如玩具有限公司,Maroon Toys LTD.,新北市新店區橘園一路4之1號,林O廷,,,2026/09/17,2026/09/17,Y,Y
60619994,雲艦科技有限公司,"Cloud Fleet Technology CO., LTD.",新北市三重區車路頭街31巷1號(1樓),翁O雯,,,2026/09/16,2026/09/25,Y,Y
22785764,金品股份有限公司,TAIWAN PREMIUM MATERIALS CORP.,新北市新莊區五工五路23號,林O漳,02-22990011,02-22990123,2026/09/16,2026/09/16,Y,Y
42730958,朕億實業有限公司,"CHEN YI INDUSTRY ., LTD.",新北市林口區文化三路1段394巷37號7樓,莊O賢,,,2026/09/16,2026/09/16,Y,Y
60506838,聖亞納國際有限公司,"SANYANA INTERNATIONAL CO., LTD.",新北市中和區華新街109巷11弄3之1號2樓,姜O陽,,,2026/09/16,2026/09/16,Y,Y
60690996,愛瑞股份有限公司,"AIRUI CO., LTD.",新北市中和區景平路666號3樓,洪O陽,,,2026/09/16,2026/09/16,Y,Y
61280289,注福商行,Zhufu Trading Firm,新北市淡水區北新路184巷142弄11號,黃O宗,0916-889223,,2026/09/16,2026/09/16,Y,Y
61285860,汎興工作室,Astra Studio,新北市板橋區中山路1段10號11樓,陳O馨,0928-555-424,,2026/09/16,2026/09/16,Y,Y
61287425,珊序工作室,Shan Xu Studio,新北市新莊區瓊泰路15號(2樓),蔡O珊,0903903128,,2026/09/16,2026/09/16,Y,Y
61287797,玖玖沐寵物商行,CHOUCHOU TRADING CO.,新北市新店區安興路109號3樓之6,邱O蓁,,,2026/09/16,2026/09/16,Y,Y
61504871,精臣標籤機企業社,Seishin Hioki Enterprise Co.,新北市板橋區中正路415號3樓,歐O淑華,,,2026/09/16,2026/09/16,Y,Y
62083716,東澤文創有限公司,"DONGZE CULTURE & CREATIVITY CO., LTD.",新北市新莊區中央路562號2樓,蔣O哲,,,2026/09/16,2026/09/16,Y,Y
62083814,永聖精密股份有限公司,"Yong Sheng Precision CO., LTD.",新北市新店區北新路1段10號16樓,廖O容,02-29116960,02-29102267,2026/09/16,2026/09/16,Y,Y
62083960,沅禾境國際有限公司,"YUANHEJING INTERNATIONAL CO., LTD.",新北市泰山區泰林路2段164巷12號3樓,鄧O璇,,,2026/09/16,2026/09/16,Y,Y
62148823,晶鮮農業生技有限公司,"Jing Xian Agricultural Biotech Co., Ltd.",新北市中和區建康路130號4樓之12,趙O佑,0975161358,,2026/09/16,2026/09/16,Y,Y
62149864,翊森科技有限公司,"Essen Technology CO., LTD.",新北市汐止區新台五路1段97號27樓之7,杜O翰,,,2026/09/16,2026/09/16,Y,Y
62167736,潮悟國際股份有限公司,"CHAOWU International CO., LTD.",新北市汐止區新台五路1段129號2樓,廖O維,,,2026/09/16,2026/09/16,Y,Y
62178706,兩隻金魚生活有限公司,Kingyo Lifestyle LTD.,新北市三重區重新路2段21號12樓,鍾O屏,,,2026/09/16,2026/09/16,Y,Y
62217010,盛豐國際餐飲股份有限公司,Sheng Feng International Dining Corporation,新北市汐止區新台五路1段95號18樓之7,鄭O隆,2654-8585,,2026/09/16,2026/09/16,Y,Y
69622622,鑫鼎順有限公司,"Sindison CO., LTD.",新北市中和區中山路2段332巷1號7樓,陳O駒,0905357932,,2026/09/16,2026/09/16,Y,Y
72863069,丞翔塑膠廠,CHENG-XIANG PLASTIC FACTORY,新北市樹林區東山里東興街2之3號,劉O偉,,,2026/09/16,2026/09/16,Y,Y
87486135,藝凡潔企業社,YOONA CHU GLOBAL COMPANY,新北市淡水區新民街1段31之1號8樓,朱O蓁,0926070677,,2026/09/16,2026/09/16,Y,Y
91714028,淡江室內裝修工程行,Danjiang Interior Decoration Works,新北市三重區長安街84號(1樓),吳O榮,02-89728169,,2026/09/16,2026/09/16,Y,Y
93795911,翠雲有限公司,"Zion CO,LTD",新北市中和區中山路2段327巷11弄2號,王O人,02-29470675,02-22462018,2026/09/16,2026/09/16,Y,Y
52347411,宇珅活動有限公司,"YUSHEN CO., LTD.",新北市中和區建八路217號11樓,林O珅,,,2026/09/15,2026/09/15,Y,Y
53216964,淶恩有限公司,"LAI EN CO., LTD.",新北市蘆洲區中山二路300巷6號4樓,葉O愚,02-27116161,,2026/09/15,2026/09/15,Y,Y
54054306,銘隆實業有限公司,"MING LONG INTERNATIONAL CO., LTD.",新北市汐止區南陽街90巷9號2樓,江O霖,,,2026/09/15,2026/09/15,Y,Y
60055910,六選品商行,ROKU MONO CO.,新北市泰山區泰林路2段183號3樓,莊O惠,0930043007,,2026/09/15,2026/09/15,Y,Y
60081635,源澄堂,Yuan Cheng Tang Studio,新北市淡水區原德路1號地下層,林O湲,0983818778,,2026/09/15,2026/09/15,Y,Y
60353143,醫策科技股份有限公司,Cohesion Med Corporation,新北市新店區復興路43號10樓,應O逡,02-86671395#7231,,2026/09/15,2026/09/15,Y,Y
60376737,寵擊生技股份有限公司,"Pet Impact Biotech CO., LTD.",新北市三重區集英路6號,江O雯,,,2026/09/15,2026/09/15,Y,Y
62049817,愷和工業有限公司,"KAIHO INDUSTRIAL CO., LTD.",新北市樹林區俊德街52號(2樓),徐O波,02-22040022,,2026/09/15,2026/09/15,Y,Y
62050362,御晶防火科技有限公司,Yujing PyroShield Technologies LTD.,新北市樹林區東豐街65之1號5樓,賴O淵,02-86861270,,2026/09/15,2026/09/15,Y,Y
62078811,鋒樂控股股份有限公司,FRONT JOY HOLDINGS LIMITED,新北市新店區北新路3段207之5號15樓,蘇O瀅,02-89132180,,2026/09/15,2026/09/15,Y,Y
62177426,谷奇有限公司,Good Qi LTD.,新北市新莊區後港一路177號6樓之6,許O甄,0935701666,,2026/09/15,2026/09/15,Y,Y
54757805,瑞紳產品開發有限公司,"Fenka Product Development CO., LTD.",新北市新莊區新樹路244巷43號(1樓),林O恩,0919390675,,2026/09/14,2026/09/21,Y,Y
62177684,品琦貿易有限公司,"PIN-CHI TRADING CO., LTD",新北市三重區重新路4段93巷11之2號（1樓）,官O玲,0960778333,,2026/09/14,2026/09/16,Y,Y
36108259,廣銓工業儀器有限公司,"KON CHAN INSTRUMENT CO., LTD.",新北市板橋區大觀路二段二二巷一○號一樓,許O騰,02-22755481,,2026/09/14,2026/09/14,Y,Y
60467390,澄欣設計有限公司,Clarity Design Limited,新北市三重區大同北路221巷60弄4號(1樓),李O婷,0988030267,,2026/09/14,2026/09/14,Y,Y
60506041,昂星科技有限公司,"ARMS Technology CO., LTD.",新北市中和區中山路2段332巷3號5樓,莊O民,02-82456688,02-82456655,2026/09/14,2026/09/14,Y,Y
61261781,堅果帝國工作室,Nuts Empire Studio,新北市板橋區大同街8巷46號5樓,陳O霖,0958992010,,2026/09/14,2026/09/14,Y,Y
61288986,杰晟實業社,Jason Trading Co.,新北市中和區秀福里秀朗路3段58之3號3樓,連O晟,,,2026/09/14,2026/09/14,Y,Y
62054640,寶揚應用材料股份有限公司,"BYON Materials CO., LTD.",新北市新莊區民安路420巷32號,王O揚,,,2026/09/14,2026/09/14,Y,Y
62055140,湶富科技股份有限公司,"CHANFU Tech CO., LTD.",新北市土城區中央路3段76巷49弄8號,劉O敏,,,2026/09/14,2026/09/14,Y,Y
62084285,艾洛凱仕國際有限公司,"AEROCASE INTERNATIONAL CO., LTD.",新北市三峽區學成路335號3樓之10,陳O驊,02-86722811,,2026/09/14,2026/09/14,Y,Y
62148936,職達街網路科技有限公司,"INDUSTREET TECHNOLOGY CO., LTD.",新北市中和區中山路2段33號10樓之2,王O漢,02-25223268,,2026/09/14,2026/09/14,Y,Y
62149359,海馬船舶企業有限公司,"Haima Shipbuilding Enterprises Co., Ltd.",新北市五股區工商路132號,林O鋕,,,2026/09/14,2026/09/14,Y,Y
34623147,信曄實業有限公司,"XIN YE INDUSTRIAL CO., LTD.",新北市中和區連城路230號2樓,蔡O富,02-22289996,,2026/09/11,2026/09/11,Y,Y
61277670,新北市路卡商行,LUCA INTERNATIONAL CO.,新北市淡水區北新路69巷42之1號18樓,賴O汎,,,2026/09/11,2026/09/11,Y,Y
61288753,德露兒企業社,DELUR ENTERPRISE CO.,新北市新店區安興路125之15號7樓,蔡O宏,,,2026/09/11,2026/09/11,Y,Y
62049485,潤峰有限公司,"Lefone CO., LTD.",新北市新莊區新樹路268巷7之5號,蔣O璋,,,2026/09/11,2026/09/11,Y,Y
62049611,台灣希恩流體科技有限公司,"CEJN Taiwan Co., Ltd.",新北市新莊區福慧路216號17樓,POainitoFabio,02-85212882,,2026/09/11,2026/09/11,Y,Y
62049632,源聚娛樂有限公司,YUANJU Entertainment LTD.,新北市三重區重新路4段176號4樓之2,陳O,0933751645,,2026/09/11,2026/09/11,Y,Y
62116688,海禾國際有限公司,Leisure Global Taiwan Limited,新北市新莊區福前街500之12號3樓,蔣O晏,04-22269666,,2026/09/10,2026/09/10,Y,Y
62148393,澤恪智程股份有限公司,"Zeker International Co., Ltd.",新北市中和區中正路716號10樓之1,吳O彤,02-27206099,02-87863315,2026/09/10,2026/09/10,Y,Y
62149793,鈞禾臻藏國際有限公司,"JH Master International Co., Ltd.",新北市三重區重新路2段78號15樓,楊O鈞,,,2026/09/10,2026/09/10,Y,Y
62153016,敦樂有限公司,"DUNLER TW CO., LTD.",新北市新店區中央二街5巷4號3樓,王O萱,0952711860,,2026/09/10,2026/09/10,Y,Y
62178804,龍澤有限公司,"LONGZE CO., LTD.",新北市林口區麗園一街7號13樓之1,吳O毅,02-89522662,,2026/09/10,2026/09/10,Y,Y
62178847,美龍成國際貿易有限公司,"Meilongcheng global trade and services CO., LTD.",新北市瑞芳區三爪子坑路29巷34號,江O蘭,,,2026/09/10,2026/09/10,Y,Y
91067319,饗廷國際有限公司,Xiangting International Co. Ltd.,新北市汐止區福德二路215號3樓之3,林O賢,,,2026/09/10,2026/09/10,Y,Y
16677387,甌陽實業有限公司,"OUYANG CO., LTD.",新北市板橋區裕民街46巷3號,陳O融,03-3541668,,2026/09/09,2026/09/09,Y,Y
60063741,澤龍企業社,ze long CO.,新北市中和區錦和路170號7樓,高O穗,0903013637,,2026/09/09,2026/09/09,Y,Y
60643621,姐姐雲朵女孩有限公司,JJ LTD.,新北市樹林區樹新路17號3樓之3,林O盛,0976632065,,2026/09/09,2026/09/09,Y,Y
62084193,天路尋航有限公司,We Wayfinders INC.,新北市新莊區富貴路500號4樓,陳O安,,,2026/09/09,2026/09/09,Y,Y
62167784,納科索科技有限公司,"Nexor Technology CO., LTD.",新北市新店區民權路153號4樓,林O薇,,,2026/09/09,2026/09/09,Y,Y
62177452,利恩整合有限公司,Li N Yu Capital Co.,新北市新店區寶橋路235巷16弄4號5樓,林O萱,0952268920,,2026/09/09,2026/09/09,Y,Y
62177903,趙熹國際股份有限公司,"Chao Xi global CO., LTD.",新北市板橋區中山路1段293之1號12樓之2,林O君,,,2026/09/09,2026/09/09,Y,Y
62178163,伊晁實業有限公司,"E-TRILLION INDUSTRIAL CO., LTD.",新北市汐止區八連路1段528號,張O華,(02)2646-7380,,2026/09/09,2026/09/09,Y,Y
62201018,福爾摩斯奧冠有限公司,ALLGRAND POWER SOURCE DEVELOPMENT LIMITED,新北市中和區中山路2段332巷9號8樓,姚O群,,,2026/09/09,2026/09/09,Y,Y
80028770,宸光工作室,CHENGUANG Studio,新北市三重區長興街特2之2號3樓,吳O婷,,,2026/09/09,2026/09/09,Y,Y
90028346,喆夏有限公司,"ZHE XIA CO., LTD.",新北市新店區中正路700巷74號16樓,王O絜,02-2377-1500,,2026/09/09,2026/09/09,Y,Y
91436209,花藝夢工坊,Dream Floral Co.,新北市新店區明德路75巷2號(1樓),王O文,0972776207,,2026/09/09,2026/09/09,Y,Y
96789032,瑞室設計股份有限公司,"RACE DESIGN CO., LTD.",新北市永和區林森路90之1號12樓,高O宏,,,2026/09/09,2026/09/09,Y,Y
00197859,聯丞科技百貨有限公司,"Link Tech Co.,Ltd.",新北市蘆洲區中正路243巷7弄40號(1樓),劉O英,,,2026/09/08,2026/09/08,Y,Y
26745650,成河實業社,Chenghe Industrial Company,新北市板橋區萬安街27巷6號,施O明,,,2026/09/08,2026/09/08,Y,Y
50980599,雨樂國際股份有限公司,"HelloCheers International Co., Ltd.",新北市林口區八德路260號15樓,曾O倫,0921959689,02-26003128,2026/09/08,2026/09/08,Y,Y
61280078,匯智創研企業社,HUI ZHI CHUANG YAN ENTERPRISE FIRM,新北市淡水區中正東路2段77號15樓之2,謝O昕,02-28098856,,2026/09/08,2026/09/08,Y,Y
61284665,雨巫工作室,You Studio,新北市樹林區中正路763號,林O渝,0905300591,,2026/09/08,2026/09/08,Y,Y
62061190,坤旺有限公司,K-Win Global LTD.,新北市土城區新洲路100號8樓,黃O鋒,03-3299313,,2026/09/08,2026/09/08,Y,Y
62084089,天羅創意股份有限公司,"Skycross Creative co., Ltd.",新北市林口區文化三路2段41巷35號8樓之1,羅O成,,,2026/09/08,2026/09/08,Y,Y
62084150,酩熊國際股份有限公司,"Orsobrio International CO., LTD.",新北市汐止區大同路1段185號3樓,王O威,0952964166,,2026/09/08,2026/09/08,Y,Y
62084172,禹睿企業有限公司,"Novatrax International Co., Ltd.",新北市汐止區伯爵街53巷27號6樓,何O諭,,,2026/09/08,2026/09/08,Y,Y
62177191,欲乘風科技股份有限公司,"Windrise Technology CO., LTD.",新北市五股區新五路3段248號16樓,莊O豐,,,2026/09/08,2026/09/08,Y,Y
62180793,勒凡國際有限公司,"LEVANE INTERNATIONAL CO., LTD.",新北市瑞芳區明燈路1段153號(1樓),賴O明,,,2026/09/08,2026/09/08,Y,Y
90828488,馨翔國際開發有限公司,"J&A INTERNATIONAL CO., LTD.",新北市汐止區樟樹二路278號7樓,曾O博,,,2026/09/08,2026/09/08,Y,Y
91411734,安欣商行,ANXIN Company,新北市中和區員山路506之4號6樓,宋O貞,,,2026/09/08,2026/09/08,Y,Y
94017356,上鈦有限公司,"Shang Tai CO., LTD.",新北市三重區仁愛街377巷53號,施O叡,,,2026/09/08,2026/09/08,Y,Y
47085887,若林創意股份有限公司,"RUNNII TECH CO., LTD.",新北市新莊區中華路1段63巷14號8樓,葉O為,0963820553,,2026/09/07,2026/09/07,Y,Y
50792338,獅王實業有限公司,"Lion King Industrial CO., LTD.",新北市新店區廣興路7之1號5樓,陳O蕙,,,2026/09/07,2026/09/07,Y,Y
54057514,睿誠管理顧問股份有限公司,"WiseCollab CO., LTD.",新北市新莊區中華路2段55號5樓,郭O寧,,,2026/09/07,2026/09/07,Y,Y
60395663,火花莉莉有限公司,Fofa Lili Limited,新北市新店區寶橋路27之1號3樓之3,江O慈,,,2026/09/07,2026/09/07,Y,Y
60657384,航聖國際貿易股份有限公司,Hangsheng Company Limited,新北市中和區立德街156號4樓,顏O益,0229952399,,2026/09/07,2026/09/07,Y,Y
60674525,直立製作設計有限公司,Upright Production & Design Limited Company,新北市三峽區中正路2段406號(1樓),鄭O芝,,,2026/09/07,2026/09/07,Y,Y
62075639,台灣諾萊居國際建材有限公司,"TAIWAN NOLABEL INTERNATIONAL BUILDING MATERIALS CO., LTD.",新北市永和區環河西路1段87之1號,周O綸,0981680745,,2026/09/07,2026/09/07,Y,Y
62178585,東武科技股份有限公司,"Tong Wu Technology Co., Ltd.",新北市三重區三和路4段111之32號8樓,紀O仁,02-22806655,,2026/09/07,2026/09/07,Y,Y
90096293,婕迅有限公司,"Jiexun CO,LTD.",新北市板橋區中正路216巷120號,黃O榆,,,2026/09/07,2026/09/07,Y,Y
90302060,欣的橘有限公司,"Synergy CO., LTD.",新北市中和區捷運路16之2號14樓,戴O欣,,,2026/09/07,2026/09/07,Y,Y
95446621,美商愛達福樂檢驗技術有限公司台灣分公司,IDFL LABORATORY AND INSTITUTE INC. Taiwan Branch(UNITED STATES),新北市新莊區新北大道2段312號8樓,譚O佩TANHSIN-PEI,02-85228790 #226,,2026/09/07,2026/09/07,Y,Y
61287234,新北市佳奈斯貿易商行,Janice Trading Co.,新北市林口區民富街95號10樓,葉O佳,,,2026/09/05,2026/09/07,Y,Y
37915239,芳斯葛瑞精品館,Funsecret Co.,新北市三重區中正北路110號8樓,劉O哲,02-29861519,,2026/09/04,2026/09/04,Y,Y
54060102,昱上有限公司,Yu Shang LTD.,新北市板橋區中山路1段293之1號12樓之2,呂O展,,,2026/09/04,2026/09/04,Y,Y
60378849,興銳智能股份有限公司,Synrises Intelligent solutions Ltd. Company Limited,新北市淡水區民權路25號19樓之17,黃O芳,0963389186,,2026/09/04,2026/09/04,Y,Y
60717051,懶惰蟲行銷有限公司,"Keeplazy Co., Ltd.",新北市永和區中正路417號8樓,簡O庭,,,2026/09/04,2026/09/04,Y,Y
62075618,勝騰貿易有限公司,"Sheng Teng Trading CO., LTD.",新北市林口區文化二路1段230巷15號3樓,呂O達,,,2026/09/04,2026/09/04,Y,Y
62148274,煜晨有限公司,"YuCheng CO., LTD.",新北市新店區北新路2段252號3樓,王O翊,0988755464,,2026/09/04,2026/09/04,Y,Y
62148302,梨里國際有限公司,"LILEE CO., LTD.",新北市板橋區四川路1段23號3樓之2,賴O珍,,,2026/09/04,2026/09/04,Y,Y
62178121,沃元有限公司,"Wo Yuan CO., LTD.",新北市新莊區新莊路751巷79號,許O珮,02-22011043,,2026/09/04,2026/09/04,Y,Y
62180772,哈魯資訊有限公司,"Halu Information CO., LTD.",新北市土城區永安街84之1號,江O育,,,2026/09/04,2026/09/04,Y,Y
83006439,好漆藝研室內裝修設計有限公司,"PAINTGOOD STUDIO CO., LTD.",新北市土城區明德路2段60號8樓之2,王O仲,,,2026/09/04,2026/09/04,Y,Y
89394766,太電國際貿易股份有限公司,"PACIFIC ELECTRIC INTERNATIONAL CO., LTD.",新北市三重區重新路5段609巷10之11號,苑O唐,02-66356526,,2026/09/04,2026/09/04,Y,Y
90307163,垣昊工程有限公司,"YUANHAO ENGINEERING CO., LTD.",新北市板橋區中山路1段10號9樓,吳O昇,03-4903299,03-4902969,2026/09/04,2026/09/04,Y,Y
42720086,宸寧工程有限公司,"Chenning Engineering CO., LTD.",新北市三重區頂崁街162號4樓,劉O章,02-29898078,,2026/09/03,2026/09/03,Y,Y
50669415,花現臻品工作坊,Jen Flower House Boutique,新北市板橋區華江一路588號3樓,蔡O臻,0925618082,,2026/09/03,2026/09/03,Y,Y
54835056,博森國際有限公司,"Person International CO., LTD.",新北市鶯歌區中正一路276號,陳O宏,,,2026/09/03,2026/09/03,Y,Y
61283758,昕玥商行,XIN YUE CO.,新北市中和區中山路2段332巷1號7樓,李O霞LuanPici,,,2026/09/03,2026/09/03,Y,Y
62148669,品勁結構有限公司,"PIN JIN STRUCTURE CO., LTD.",新北市土城區青和街202號6樓,簡O鴻,0914017002,,2026/09/03,2026/09/03,Y,Y
62149098,滿格綠能有限公司,"Greenbar-Powper CO., LTD.",新北市新店區德正街27巷29弄91號2樓,曾O成,,,2026/09/03,2026/09/03,Y,Y
62177609,安曐工程有限公司,"An Sing Engineering CO., LTD.",新北市瑞芳區明燈路1段201巷4號之1,白O豪,,,2026/09/03,2026/09/03,Y,Y
62178234,鼎曜澄科技股份有限公司,"DING YAO CHENG TECHNOLOGY CO., LTD.",新北市樹林區中山路1段356巷6號,梁O宸,,,2026/09/03,2026/09/03,Y,Y
90206849,高積科技有限公司,"Gao Ji Technology CO., LTD.",新北市三重區仁愛街366巷43號,蔡O彰,03-3110959,,2026/09/03,2026/09/03,Y,Y
90298312,台深有限公司,"taishen CO., LTD.",新北市新莊區富貴路492號6樓,許O情,,,2026/09/03,2026/09/03,Y,Y
12816900,永瀚營造有限公司,"Yonghan Construction Co., Ltd CO., LTD.",新北市三重區水漾路1段136號2樓,張O瑋,02-85217208,02-85216708,2026/09/02,2026/09/03,Y,Y
24770865,捷星數位設計有限公司,"JET-STAR CREATIVE DESIGN CO., LTD.",新北市板橋區漢生東路45號2樓,徐O凡,02-82522324,,2026/09/02,2026/09/02,Y,Y
60348368,伯爵奶茶行銷有限公司,"Earl Grey Milk Tea Marketing CO., LTD.",新北市土城區中華路1段36號7樓之1,張O,,,2026/09/02,2026/09/02,Y,Y
62134193,奇拾有限公司,"Everyday Galerie CO., LTD.",新北市新莊區榮華路2段171號(1樓),顏O慈,0921076286,,2026/09/02,2026/09/02,Y,Y
62148387,修文電商有限公司,"Shiu-Wen E-Commerce CO., LTD.",新北市樹林區八德街269號,韓O宏,,,2026/09/02,2026/09/02,Y,Y
62149576,益實光電股份有限公司,Elka Optronics LTD.,新北市汐止區大同路2段129號8樓,丁O詳,02-86926600#315,,2026/09/02,2026/09/02,Y,Y
62149772,大硯生活有限公司,"WinStone Living CO., LTD.",新北市中和區華新街118號(2樓),蘇O之,,,2026/09/02,2026/09/02,Y,Y
62177782,璟晟貿易有限公司,"JINGSHENG TRADING CO., LTD.",新北市三重區秀江街45號4樓,林O陽,,,2026/09/02,2026/09/02,Y,Y
82918802,補丁空間有限公司,"Patch Energy Engineering Services CO., LTD.",新北市板橋區建國街115號(1樓),李O琪,02-25955773,,2026/09/02,2026/09/02,Y,Y
85176676,勤一居家工程行,QINYI HOME ENGINERRING COMPANY,新北市三重區仁愛街377巷47號4樓,黃O翔,02-82828565,,2026/09/02,2026/09/02,Y,Y
96818135,鎧儷渤有限公司,CALIBRE LTD.,新北市中和區中山路2段332巷9號8樓,徐O琳,,,2026/09/02,2026/09/02,Y,Y
97277690,隨意有限公司,"As You Will, LTD.",新北市新店區民權路147號5樓,王O玫,,,2026/09/02,2026/09/02,Y,Y
54951483,遠杰人力仲介有限公司,"YUAN JIE MANPOWER CO., LTD.",新北市板橋區文化路2段182巷3弄89號5樓,鄧O琪,02-25527050,,2026/09/01,2026/09/01,Y,Y
60057121,銘洋科技企業社,VEYON CO.,新北市樹林區東豐街49巷16號(1樓),張O銘,0958290889,,2026/09/01,2026/09/01,Y,Y
61246570,禾富行銷企業社,HefuMarketing Enterprise Firm,新北市中和區中原二街28號18樓,吳O廩,,,2026/09/01,2026/09/01,Y,Y
61284314,澄木商行,CHENGMU TRADING Company,新北市鶯歌區建國路129號6樓,黃O慧,,,2026/09/01,2026/09/01,Y,Y
62061987,一起玩運動館股份有限公司,"Have fun together Sports Center CO., LTD.",新北市土城區中華路1段16巷8號,葉O中,02-82732017,,2026/09/01,2026/09/01,Y,Y
62108596,韋琪爾國際貿易有限公司,"Weicher lnternational Trading CO., LTD.",新北市樹林區名園街22巷8號3樓,林O才,0937035338,,2026/09/01,2026/09/01,Y,Y
62148921,翰威科技股份有限公司,HANWIN TECHNOLOGY INC.,新北市淡水區行忠路258號(2樓),吳O雄,02-26260429,02-26202368,2026/09/01,2026/09/01,Y,Y
62149506,舜益科技有限公司,"SHUNYI TECH CO., LTD.",新北市五股區中興路1段46巷14號(2樓),李O丞,02-29852834,,2026/09/01,2026/09/01,Y,Y
53348281,富琳管理顧問有限公司,Fullness Management Consulting LIMITED COMPANY,新北市土城區裕華街22號2樓,王O,,,2026/08/31,2026/08/31,Y,Y
54835149,易陞國際有限公司,"YISHENG INTERNATIONAL CO., LTD.",新北市新莊區中華路2段9號6樓,林O陞,,,2026/08/31,2026/08/31,Y,Y
54838238,龍悸有限公司,"Dragon Skill CO., LTD.",新北市土城區中央路3段126巷1弄10號(1樓),駱O慶,,,2026/08/31,2026/08/31,Y,Y
60005953,嘉鑫空間規劃工作室,Jiaxin Space Planning Studio,新北市土城區延吉街213號5樓,黃O豪,0913200591,,2026/08/31,2026/08/31,Y,Y
60382251,日現有限公司,"SUN Cash CO., LTD.",新北市板橋區民權路180號,黃O郎,0282620222,,2026/08/31,2026/08/31,Y,Y
60417250,棚柑有限公司,Peng Gan LTD.,新北市中和區連城路89巷30號地下一層,蘇O瑋,,,2026/08/31,2026/08/31,Y,Y
60517912,金栗嗨電影製作有限公司,Hi Golden Poliz LTD.,新北市泰山區民生路17巷62號4樓,鄭O璿,,,2026/08/31,2026/08/31,Y,Y
61259531,蔥潛潛水工作室,Tsung Diving Co.,新北市新莊區中華路2段270號11樓,謝O璁,0936083858,,2026/08/31,2026/08/31,Y,Y
62120493,三閣科技有限公司,"Sange CO., LTD.",新北市汐止區忠孝東路326號,賴O曜,0971266326,,2026/08/31,2026/08/31,Y,Y
62133764,安心家服科技有限公司,"Anxin Home Service Technology CO., LTD.",新北市永和區成功路1段15號,涂O浩,02-29266999,,2026/08/31,2026/08/31,Y,Y
62148648,強呈實業有限公司,Strong Enterprise LTD.,新北市三重區光復路1段61巷27號5樓之4,劉O宜,,,2026/08/31,2026/08/31,Y,Y
62167659,共建科技股份有限公司,"T-CREATE Technology CO., LTD.",新北市中和區建八路2號7樓,許O茹,0932064881,,2026/08/31,2026/08/31,Y,Y
62167996,思庫數據股份有限公司,"Square Data CO., LTD.",新北市永和區永和路1段228號3樓之2,許O志,0963425776,,2026/08/31,2026/08/31,Y,Y
62177538,台灣聖德科光通信科技股份有限公司,"Santec Taiwan Co., Ltd.",新北市中和區建八路212號10樓,"陳O璋(CHAN,KokCheungPeter)",,,2026/08/31,2026/08/31,Y,Y
62216390,尹旺騰實業有限公司,"IWANTONE Co., Ltd",新北市板橋區館前東路26號10樓之1,楊O堯,,,2026/08/31,2026/08/31,Y,Y
82848433,徠森有限公司,"LAI SEN CO., LTD.",新北市板橋區四川路1段23號11樓之1,林O國,03-3237201,,2026/08/31,2026/08/31,Y,Y
85102598,嘉陞餐飲有限公司,"Jia Sheng Catering CO., LTD.",新北市五股區五權八路39號,金O朔KIMISAAC,,,2026/08/31,2026/08/31,Y,Y
89159100,甲又夠夠有限公司,GoGo LTD.,新北市樹林區太平路116號2樓,陳O翔,02-25779760,,2026/08/31,2026/08/31,Y,Y
93638173,汶玲有限公司,"Wenling CO., LTD.",新北市中和區莒光路120巷11號2樓,汪O玲,,,2026/08/31,2026/08/31,Y,Y
00048866,藏磚建材有限公司,Zang Tiles Building Materials LTD.,新北市新莊區後港二路40巷10號3樓,徐O軒,,,2026/08/28,2026/08/28,Y,Y
41068138,相信印象傳媒企業社,Believe Impression Media Co.,新北市泰山區仁愛路61號9樓,劉O銓,,,2026/08/28,2026/08/28,Y,Y
60602683,聚金國際有限公司,"Poly Gold International CO., LTD.",新北市板橋區懷德街127巷23弄20號3樓,林O男,,,2026/08/28,2026/08/28,Y,Y
61281750,紘耀企業社,Hong Yaow Co.,新北市新店區安興路109號14樓之7,陳O豪,,,2026/08/28,2026/08/28,Y,Y
62076412,卉汎生技國際有限公司,"VFAN Biotech International CO., LTD.",新北市板橋區館前東路26號3樓之2,游O閔,03-2811058,,2026/08/28,2026/08/28,Y,Y
62177256,全碩國際科技有限公司,"QST INTERNATIONAL TECHNOLOGY CO., LTD.",新北市汐止區新台五路1段97號20樓之10,王O璇,,,2026/08/28,2026/08/28,Y,Y
96831382,腹黑創意有限公司,Mischief Creative LTD.,新北市土城區清水路221號11樓,林O翰,,,2026/08/28,2026/08/28,Y,Y
62149409,日論企業股份有限公司,Edisoned Industrial CORP.,新北市五股區五工三路111號,吳O亮,02-22982758,,2026/08/27,2026/09/30,Y,Y
61285593,豪滿企業社,HAO MAN COMPANY,新北市三重區集賢路41號11樓,賴O豪,,,2026/08/27,2026/09/01,Y,Y
24713942,富侑食品有限公司,"FU YOU FOOD CO., LTD.",新北市樹林區民權街5巷19弄20號,林O龍,02-29673339,,2026/08/27,2026/08/27,Y,Y
31704530,子華商行,Zihua Company,新北市新店區寶興路40號1樓,張O音,0983333572,,2026/08/27,2026/08/27,Y,Y
53285862,郬揚廣告有限公司,"Cingyang Advertising CO., LTD.",新北市三芝區中正路一段18巷94號,翁O梅,,,2026/08/27,2026/08/27,Y,Y
62060869,楚楚動人有限公司,"True chu CO., LTD.",新北市新店區玫瑰路66巷12號,彭O燕,0905013552,,2026/08/27,2026/08/27,Y,Y
62076320,尹川有限公司,"INSEN CO., LTD.",新北市三重區溪尾街28號2樓,賴O辰,,,2026/08/27,2026/08/27,Y,Y
62109666,哪都通有限公司,"Nadoton Co., Ltd.",新北市三重區仁興街40號3樓,陳O翔,0931059866,,2026/08/27,2026/08/27,Y,Y
62134861,欣富山股份有限公司,"XIN FU SHAN CO., LTD.",新北市新莊區中華路3段218號19樓,楊O弘,,,2026/08/27,2026/08/27,Y,Y
62148838,晟麗再生股份有限公司,"CYNREGEN CO., LTD.",新北市新店區中正路558號5樓,陳O逸,049-2258061,02-86672199,2026/08/27,2026/08/27,Y,Y
62149870,新日歐電子股份有限公司,"NJEE CO., LTD.",新北市新店區寶橋路235巷123號7樓之1,彭O雪,02-89191498,,2026/08/27,2026/08/27,Y,Y
62177018,世木日有限公司,"SHIMOKI CO,LTD.",新北市中和區景平路180號31樓之7,黃O銘,0933797419,,2026/08/27,2026/08/27,Y,Y
62177045,同新盛科技有限公司,"Tongxinsheng Technology CO., LTD.",新北市永和區永和路2段147號12樓之8,王O輝,32333012,29264977,2026/08/27,2026/08/27,Y,Y
83109499,安心國際娛樂有限公司,"AN SHIN INTERNATIONAL CO., LTD.",新北市淡水區文化路59巷3號,陳O樺,,,2026/08/27,2026/08/27,Y,Y
90029247,岩宸機械有限公司,"Yen Chen Machinery CO., LTD.",新北市永和區成功路2段56號2樓之1,林O強,,,2026/08/27,2026/08/27,Y,Y
91008044,鴻銓國際有限公司,"Hung Chuan International Co., Ltd.",新北市新店區華城六街138號,朱O全,,,2026/08/27,2026/08/27,Y,Y
93688314,迴光企業有限公司,"Skylight enterprise CO., LTD.",新北市新店區北新路2段262號3樓之3,王O蘋,0975507297,,2026/08/27,2026/08/27,Y,Y
93796708,皓漢宇有限公司,"Haohan CO., LTD.",新北市新莊區中港路531巷82號6樓,王O強,,,2026/08/27,2026/08/27,Y,Y
60603894,沐芮有限公司,"MUREE Co., Ltd.",新北市三重區中正北路15號5樓,侯O宣,,,2026/08/26,2026/09/10,Y,Y
27606972,清峰興業股份有限公司,"Chin Feng Industrial CO., LTD.",新北市新店區北新路1段157號2樓,闕O琳,02-29117676,02-29112525,2026/08/26,2026/08/27,Y,Y
94235959,誠恩興業股份有限公司,"CHENXING CO., LTD.",新北市泰山區信義街8之2號,林O娟,02-2297-8268,,2026/08/26,2026/08/27,Y,Y
16645983,翰洋開發股份有限公司,"Hanyang Development CO., LTD.",新北市永和區環河東路4段164號17樓,陳O鳳,0222313666#777,02-22317017,2026/08/26,2026/08/26,Y,Y
40898804,年特工作室,NET DIGITAL STUDIO,新北市永和區永貞路400號4樓,陳O生,0922-224391,,2026/08/26,2026/08/26,Y,Y
60045081,信貿工程企業社,Sinmao Engineering Firm,新北市樹林區東順街90巷3弄17號2樓,信O民,02-26689062,02-26689063,2026/08/26,2026/08/26,Y,Y
60377412,本處設計有限公司,"Inner Design CO., LTD.",新北市三重區集美街161號(1樓),張O寧,,,2026/08/26,2026/08/26,Y,Y
61259552,桔作坊,Great Work Studio,新北市新店區安興路125之15號7樓,宋O加,0911497779,,2026/08/26,2026/08/26,Y,Y
61284341,櫻和工作室,Sakura Wa Studio,新北市板橋區信義路196號4樓,黃O玲,0965123621,,2026/08/26,2026/08/26,Y,Y
61285279,境信食品機械行,CHING HSIN FOOD MACHINERY CO.,新北市板橋區三民路1段1巷27號,戴O賢,,,2026/08/26,2026/08/26,Y,Y
62068089,正品實業有限公司,"CHAMPION INDUSTRIAL CO., LTD.",新北市中和區景德街37號4樓,黃O凱,02-22920200,,2026/08/26,2026/08/26,Y,Y
62076193,禾築空間創研有限公司,"HE ZHU SPACE CREATIVE RESEARCH CO., LTD.",新北市板橋區漢生東路193巷45弄9號,曹O卿,,,2026/08/26,2026/08/26,Y,Y
62076362,澤蘭聯合有限公司,"ZELAND GROUP CO., LTD.",新北市板橋區金門街372巷33號2樓,林O琦,,,2026/08/26,2026/08/26,Y,Y
62076975,泊白國際有限公司,"Maison Blanc International CO., LTD.",新北市新店區寶興路45巷5號5樓,曾O叡,,,2026/08/26,2026/08/26,Y,Y
62077159,炭息有限公司,Pilo.r Ltd.,新北市汐止區大同路1段111巷18號4樓,劉O函,,,2026/08/26,2026/08/26,Y,Y
62148513,富利全鋁家居有限公司,"Fuli All-Aluminum Home Furnishings CO., LTD.",新北市三重區永福街46巷15弄22號,王O達,0913961960,,2026/08/26,2026/08/26,Y,Y
62149180,毛仔厝有限公司,"Yesterday Corner CO., LTD.",新北市新店區北宜路2段30巷5弄26號10樓,紀O寬,,,2026/08/26,2026/08/26,Y,Y
62149288,木棉花娛樂股份有限公司,"MUSE ENTERTAINMENT STUDIO CO., LTD.",新北市新莊區思源路555號(17樓),康O木,,,2026/08/26,2026/08/26,Y,Y
62149560,逸翊科技有限公司,"ALYVES Technology Co., Ltd.",新北市林口區四維路245巷49號,余O愷,,,2026/08/26,2026/08/26,Y,Y
62167927,印泰材料股份有限公司,"INTACT MATERIALS CO., LTD.",新北市中和區建康路158號10樓,陳O富,,,2026/08/26,2026/08/26,Y,Y
62168340,鋐潤貿易有限公司,"HONG RUN TRADING CO., LTD.",新北市板橋區漢生東路193巷45弄9號,曹O卿,,,2026/08/26,2026/08/26,Y,Y
62177002,艾叔地產科技股份有限公司,"AI-Powered Global Property CO., LTD.",新北市新莊區中港路48巷11號之1二樓,蘇O緯,0931686767,,2026/08/26,2026/08/26,Y,Y
62179661,嘆吉瓜拉股份有限公司,"Taiji Bala CO., LTD.",新北市淡水區北新路182巷62號5樓,陳O棻,0977359916,,2026/08/26,2026/08/26,Y,Y
90576618,大地民意研究股份有限公司,"DADI Opinion Research CO., LTD.",新北市板橋區文化路2段366號4樓,許O麟,02-55788199,,2026/08/26,2026/08/26,Y,Y
90674435,杏發企業有限公司,"Sing fa Enterprise.,LTD",新北市五股區五工二路116巷16號,蔡O霖,02-22962688,,2026/08/26,2026/08/26,Y,Y
91113502,名緯實業有限公司,"Bingwell CO., LTD.",新北市淡水區中正東路2段29號,紀O豪,02-28095266,,2026/08/26,2026/08/26,Y,Y
93491403,景泰鑫投資有限公司,Nead INC.,新北市八里區中山路2段310號3樓,賴O安,,,2026/08/26,2026/08/26,N,N
96807453,安根創新股份有限公司,"aigenvalue CO., LTD.",新北市新莊區新北大道4段171號3樓,高O祺,,,2026/08/26,2026/08/26,Y,Y
13022169,菖鎧企業有限公司,"Chang Kai Enterprise CO., LTD.",新北市蘆洲區永平街32巷33弄15號1樓,吳O素玉,02-22833540,02-22854625,2026/08/25,2026/08/25,Y,Y
61218856,吉冉數位工作室,Junlando Studio,新北市三重區中正北路15號5樓,林O秀,,,2026/08/25,2026/08/25,Y,Y
62060967,樂凱美學股份有限公司,"Lokai Casa CO., LTD.",新北市新莊區中原路516號3樓之5,簡O凱,,,2026/08/25,2026/08/25,Y,Y
62149549,諾維塔有限公司,"Novita CO., LTD.",新北市中和區中正路736號14樓之3,鄭O文,,,2026/08/25,2026/08/25,Y,Y
62167742,泰興瓏實業有限公司,"Taixing Long Industrial CO., LTD.",新北市新莊區新北大道3段31號12樓,簡O棠,,,2026/08/25,2026/08/25,Y,Y
83268496,引潮國際股份有限公司,"Ontide.tw CO., LTD.",新北市三重區重陽路1段44巷10之1號,洪O暄,0928328492,,2026/08/25,2026/08/25,Y,Y
90414298,華采股份有限公司,"Hua Cai CO., LTD.",新北市三重區五谷王北街161號(1樓),陳O志,02-29885320,02-29885321,2026/08/25,2026/08/25,Y,Y
53745021,思格數位媒體有限公司,"SIGO DIGITAL MEDIA CO., LTD.",新北市林口區文化三路1段622號9樓,翁O誠,,,2026/08/24,2026/09/16,Y,Y
12859885,創登開發有限公司,"Bulb Of Quiz Development CO., LTD.",新北市林口區園路203號10樓之1至之2,林O傑,+886926010088,,2026/08/24,2026/08/27,Y,Y
61284481,思線工作室,Sisian Select Studio,新北市三重區永興里福德南路28號（1樓）,蔡O綿,02-27116505,02-27720296,2026/08/24,2026/08/26,Y,Y
47091826,首昱國際股份有限公司,"SHOUYU INTERNATIONAL CO., LTD.",新北市泰山區貴陽街72巷18號,詹O政,,,2026/08/24,2026/08/24,Y,Y
60328139,亞妮運動行銷有限公司,"Yany Sports Marketing CO., LTD.",新北市板橋區莒光路15巷19號(1樓),鄭O傑,0908140800,,2026/08/24,2026/08/24,Y,Y
60370810,安永健有限公司,NUHealth LTD.,新北市板橋區四川路1段136號2樓,胡O香,,,2026/08/24,2026/08/24,Y,Y
60388473,台緬國際工業有限公司,"Tai-Myan Industry CO., LTD.",新北市中和區忠孝街35號2樓,李O榮,,,2026/08/24,2026/08/24,Y,Y
61272422,凱澄風格行銷工作室,Kai Cheng Marketing Studio,新北市淡水區民族路31之8號12樓之3,劉O菱,,,2026/08/24,2026/08/24,Y,Y
61284454,新電企業社,Xindian International Co.,新北市八里區龍米路1段245號5樓,周O隆,0937463007,,2026/08/24,2026/08/24,Y,Y
62109379,展合勝業有限公司,Apex Alliance Corp,新北市五股區成泰路1段189巷9弄1號,高O棠,,,2026/08/24,2026/08/24,Y,Y
62109390,沐禾生活有限公司,"MUHE Living CO., LTD.",新北市林口區仁愛路2段502號12樓之6,河O星,,,2026/08/24,2026/08/24,Y,Y
62109954,鑫科設計有限公司,"Prosper Tech & Design CO., LTD.",新北市新莊區富貴路502號7樓,金O霖,0975383227,,2026/08/24,2026/08/24,Y,Y
62134638,歐玫有限公司,"OMECHKA TRADING CO., LTD.",新北市蘆洲區和平路67之1號4樓,林O州,0988250220,,2026/08/24,2026/08/24,Y,Y
62148014,我們的國際有限公司,OURS Corporation Limited Company,新北市中和區中山路2段616巷2號2樓,張O瑋,,,2026/08/24,2026/08/24,Y,Y
62148318,鋐木有限公司,"Hong Mu CO., LTD.",新北市新莊區建興街65號,張O祥,,,2026/08/24,2026/08/24,Y,Y
62148653,沐布國際有限公司,"Mubu International CO., LTD.",新北市汐止區福德二路331號,劉O丞,02-26941431,,2026/08/24,2026/08/24,Y,Y
62148865,睿星工程有限公司,"Nova Stellarth Engineering Co., Ltd.",新北市新莊區榮華路2段123號10樓,莊O智,,,2026/08/24,2026/08/24,Y,Y
62179439,同欣科技有限公司,"ACCOMPANY TECHNOLOGY CO., LTD.",新北市樹林區潭興街107巷2弄18號,沈O信,,,2026/08/24,2026/08/24,Y,Y
66385527,華和科技有限公司,"HUA HE TECHNOLOGY CO., LTD.",新北市樹林區忠愛街2之1號(1樓),邱O華,02-26763530,,2026/08/24,2026/08/24,Y,Y
82907967,承越科技股份有限公司,"Chengyue Technology CO., LTD.",新北市新莊區民安西路118號,吳O先,0963-496-806,,2026/08/24,2026/08/24,Y,Y
83070446,台灣通測儀器有限公司,"Taiwan Tongce Instruments CO., LTD.",新北市中和區中正路736號8樓之8,周O峰,02-82269178,,2026/08/24,2026/08/24,Y,Y
85331585,璇米企業社,XuanMi COMPANY,新北市永和區秀朗路1段142號(2樓),陳O哲,0923800918,,2026/08/24,2026/08/24,Y,Y
90028084,禾運科技有限公司,"Her Yun Technology Co., Ltd.",新北市泰山區新北大道6段389號,張O娟,02-29016989,02-29035330,2026/08/24,2026/08/24,Y,Y
90169318,鉑斯特國際有限公司,"Boost International CO., LTD.",新北市鶯歌區大湖路211號2樓,陳O宏,0920390811,,2026/08/24,2026/08/24,Y,Y
93757748,慕媞美學有限公司,"MULTI BEAUTY CO., LTD.",新北市板橋區板新路81巷2號3樓,張O雯,,,2026/08/24,2026/08/24,Y,Y
94045536,松岳室內裝潢有限公司,"Song Yue Interior Decoration CO., LTD.",新北市林口區文化北路1段418號,虞O鴻,,,2026/08/24,2026/08/24,Y,Y
94157784,銓旺交通號誌有限公司,"Quan Wang Traffic Engineering CO., LTD.",新北市瑞芳區大寮路瑞芳工業區158號,張O宏,02-24960168,,2026/08/24,2026/08/24,Y,Y
72660780,松久手機工作坊,Matsuhisa Mobile Phone Workshop,新北市汐止區水源路1段194號,黃O松,0911923977,,2026/08/21,2026/09/22,Y,Y
61258701,左右手洋行,L&R Antiques Studio,新北市新店區安民街376號,邱O呈,0955172700,,2026/08/21,2026/08/21,Y,Y
61282006,妍學企業社,YAN ACADEMY Firm,新北市樹林區千歲街61巷30弄8號6樓,劉O均,,,2026/08/21,2026/08/21,Y,Y
61284320,台灣成哥工程行,Cheng Waterproofing & Leak Repair Engineering Company,新北市新店區安興路125之10號(1樓),鄭O成,0916685985,,2026/08/21,2026/08/21,Y,Y
62109080,高報步商橋顧問有限公司,GoBlue TradeBridge Company Limited,新北市新店區安興路125之2號6樓,白O蓮,0983290128,,2026/08/21,2026/08/21,Y,Y
62134692,奇遇有限公司,"Qiyu Co., Ltd.",新北市中和區員山路466巷10號之1,賴O均,,,2026/08/21,2026/08/21,Y,Y
62148719,銓衡科技股份有限公司,"CHUAN HENG TECH CO., LTD.",新北市泰山區明志路1段110號8樓之5,江O,02-29009898,,2026/08/21,2026/08/21,Y,Y
62148817,亦廷不動產經紀有限公司,YI TING REAL ESTATE CO. LTD,新北市新店區中央路125號,陳O凡,,,2026/08/21,2026/08/21,Y,Y
62149225,森利科技有限公司,"Soonlink Technology CO., LTD.",新北市三重區重新路2段78號7樓,張O豊,,,2026/08/21,2026/08/21,Y,Y
90175971,鴻薈生技有限公司,"HonWhere BIO CO., LTD.",新北市土城區日和街9號31樓,蘇O慧,,,2026/08/21,2026/08/21,Y,Y
90197378,亨利漢克有限公司,"MAISON TAILOR CO., LTD.",新北市新店區德正街27巷29弄23號4樓,謝O文,,,2026/08/21,2026/08/21,Y,Y
96651450,鉌興國際車業有限公司,"Hexing lnternational Motorcars CO., LTD.",新北市三重區重新路4段97號3樓之1,謝O雯,0926773080,,2026/08/21,2026/08/21,Y,Y
83623756,益創生醫股份有限公司,"Mnovation Medical, INC.",新北市新店區寶高路30號2樓,陳O宜,,,2026/08/20,2026/09/16,Y,Y
82983991,毅鐌科技有限公司,"YTS GAME CO., LTD.",新北市板橋區中山路1段10號9樓,高O哲,,,2026/08/20,2026/09/10,Y,Y
62116694,鉑碩科技有限公司,Boomtek Technology Limited,新北市淡水區沙崙路30號4樓之5,白O文,0919703059,,2026/08/20,2026/09/04,Y,Y
24419194,日悅豐企業有限公司,"Rih Yueh Feng Enterprise CO., LTD.",新北市三重區新北大道一段97號(1樓),賴O聰,0928295450,,2026/08/20,2026/08/20,Y,Y
34154290,信大砂輪企業社,SHIN DAH GRIND WHEEL Company,新北市鶯歌區鶯桃路9?0巷22號?0樓,陳O元,02-26793960,02-26798457,2026/08/20,2026/08/20,Y,Y
60500525,曜盛國際有限公司,"YaoSheng Global Co., Ltd.",新北市板橋區中山路1段1號23樓,林O慶,,,2026/08/20,2026/08/20,Y,Y
61281843,耀茗企業社,Yao Ming Co.,新北市新店區安興路125之15號7樓,陳O豪,,,2026/08/20,2026/08/20,Y,Y
61281864,茂荻企業社,Mao Reed Co.,新北市新店區安興路125之15號7樓,陳O豪,,,2026/08/20,2026/08/20,Y,Y
61284102,飛亭企業社,Feiting Enterprise Co.,新北市三重區雙園街46號(2樓),賴O羽,0988403063,,2026/08/20,2026/08/20,Y,Y
62061966,華仁丰生技有限公司,"Hua Ren Fong Biotechnology CO., LTD.",新北市新莊區民安路435號,林O華,,,2026/08/20,2026/08/20,Y,Y
87498890,羽楓商行,YUFONG FOOD PACKAGING Co.,新北市板橋區重慶路269巷49號(1樓),高O溢,02-89646767,02-89533777,2026/08/20,2026/08/20,Y,Y
90610995,一琴植物養生事業有限公司,Ichimiko CORP.,新北市三重區中正南路233號11樓之3,黃O庭,,,2026/08/20,2026/08/20,Y,Y
91433879,敏景實業社,Min Jing Workshop,新北市淡水區學府路199號地下層,林O靜,0975716879,,2026/08/20,2026/08/20,Y,Y
00128474,樂斯威工程顧問有限公司,LSW Engineers Company Limited,新北市板橋區中山路1段156號6樓,AOAMJEREMYBAGBY,02-2221-0255,,2026/08/19,2026/09/03,Y,Y
62148372,辰銓科技有限公司,"CenQ Technology Co., Ltd",新北市林口區後湖57號(1樓),張O梁,,,2026/08/19,2026/09/03,Y,Y
66539240,紘裕國際企業有限公司,"AK YULINK CO., LTD.",新北市中和區連城路263巷27弄6號(1樓),宋O弘,(02)2240-6835,(02)2240-6883,2026/08/19,2026/08/20,Y,Y
62076172,戴亞隆有限公司,Dialon LTD.,新北市板橋區新海路431巷30號3樓,童O豪,0917000052,,2026/08/19,2026/08/19,Y,Y
62109286,如思有限公司,"Rusight CO., LTD.",新北市永和區竹林路29號地下一層,陳O妤,0958-702435,,2026/08/19,2026/08/19,Y,Y
62120395,劦驣有限公司,"ThreePower International CO., LTD.",新北市淡水區中正東路2段125號2樓,王O琛,,,2026/08/19,2026/08/19,Y,Y
62148540,和諧山川科技有限公司,"Harmony Shanchuan Technology CO., LTD.",新北市新莊區中華路2段7號7樓,高O文,,,2026/08/19,2026/08/19,Y,Y
62148611,東籬景觀有限公司,"DONG LI LANDSCAPE CO.,LTD",新北市汐止區新台五路1段140號（1樓）,王O華,,,2026/08/19,2026/08/19,Y,Y
62109862,專屬品牌有限公司,bespoke & brands Co.,新北市中和區中正路918號3樓,吳O添,0422547227,,2026/08/18,2026/09/09,Y,Y
29155426,金品螺絲股份有限公司,"GINPIN SCREW CO., LTD.",新北市三重區中興北街160巷1號,張O卿,85111178,,2026/08/18,2026/08/18,Y,Y
54017892,永益開發建設有限公司,"Yung Yi CO., LTD.",新北市三峽區愛國路1之1號,陳O勳,02-8671-7736,,2026/08/18,2026/08/18,Y,Y
54717311,快樂國際搬家貨運有限公司,"HAPPY MOVE CO., LTD.",新北市三重區環河南路254巷3號(1樓),吳O昇,,,2026/08/18,2026/08/18,Y,Y
60352691,福氣寵物有限公司,"HOK-KHi CO., LTD.",新北市永和區民權路53號6樓,簡O萱,,,2026/08/18,2026/08/18,Y,Y
60508049,湛曦國際有限公司,"AuroraRise international CO., LTD.",新北市淡水區新市五路2段75號2樓,王O倪,,,2026/08/18,2026/08/18,Y,Y
60684452,小茶杯有限公司,"Little Tea Cup CO., LTD.",新北市板橋區文化路2段285號21樓,林O霆,0935952735,,2026/08/18,2026/08/18,Y,Y
61276399,我要吃你豆腐工作室,To.Fu STUDIO,新北市新店區安興路125之5號4樓,潘O彤,,,2026/08/18,2026/08/18,Y,Y
61279781,汩沐實業,ELANOR Co.,新北市三峽區國光街380號4樓,洪O尚,,,2026/08/18,2026/08/18,Y,Y
61281647,五木戶外企業社,WUMU Co.,新北市汐止區山光里樟樹一路185號11樓,黃O如,,,2026/08/18,2026/08/18,Y,Y
62075906,力侑科技有限公司,"Connexistech CO., LTD.",新北市板橋區成都街97號,劉O政,,,2026/08/18,2026/08/18,Y,Y
62076551,晴光沐居有限公司,Sunny Glow Home LTD.,新北市板橋區華江一路111號15樓之1,盧O潔,,,2026/08/18,2026/08/18,Y,Y
62147887,嶼霖國際有限公司,"EverSpring Global CO., LTD.",新北市新莊區中正路706之8號14樓,王O餘,,,2026/08/18,2026/08/18,Y,Y
62148099,星嶼有限公司,"Asterra CO., LTD.",新北市三重區中正北路15號5樓,溫O逸,0910202303,,2026/08/18,2026/08/18,Y,Y
90510383,傳智創業顧問有限公司,"Chuanzhi Entrepreneurship Consultan CO., LTD.",新北市新店區安興路125之2號6樓,李O璋,02-22642903,,2026/08/18,2026/08/18,Y,Y
96755477,上亦蒝機械有限公司,SHANG YI YUAN CO.,新北市三峽區建安109號,王O順,,,2026/08/18,2026/08/18,Y,Y
62108738,沐升有限公司,"MU RISE CO., LTD.",新北市板橋區重慶路99號(地下層),范O平,0985962141,,2026/08/17,2026/08/21,Y,Y
02330999,麥策創新有限公司,"Mai Strategy Innovation Co., Ltd.",新北市中和區中正路866之8號14樓,洪O源,,,2026/08/17,2026/08/17,N,N
41384584,雙生工作室,DUAL STUDIO,新北市三重區重新路3段42之2號5樓,黃O聰,0921781210,,2026/08/17,2026/08/17,Y,Y
61269806,銘海鑫商行,Ming Hai Xin Co.,新北市中和區中山路2段332巷1號7樓,黃O涵,,,2026/08/17,2026/08/17,Y,Y
61282765,史丹菲莉絲企業社,stan&phyllis Co.,新北市淡水區新市一路1段220號16樓,林O昌,,,2026/08/17,2026/08/17,Y,Y
62076406,紘坤實業有限公司,"Hong Kun Industrial CO., LTD.",新北市樹林區日新街92巷6號3樓,鄭O紘,,,2026/08/17,2026/08/17,Y,Y
62077313,振呈科技實業有限公司,POROS CONTROLS AUTOMATION LTD.,新北市汐止區大同路3段188號9樓,林O筠,02-26980321,,2026/08/17,2026/08/17,Y,Y
62108569,銅音器樂有限公司,"Brass Tone Atelier CO., LTD.",新北市永和區復興街19巷17號(1樓),廖O奎,02-2776-9118,,2026/08/17,2026/08/17,Y,Y
62110235,達永鑫國際有限公司,"Da Yong Xin International CO., LTD.",新北市三重區三張街114號3樓,余O秋,0939415559,,2026/08/17,2026/08/17,Y,Y
62199688,格書遊戲有限公司,Kaku CORP.,新北市板橋區重慶路60之1號3樓,鈴O悠斗,0901077408,,2026/08/17,2026/08/17,Y,Y
66560496,克倫科技有限公司,"KRON TECHNOLOGY CO., LTD.",新北市新店區安民街73號3樓,曾O瑜,02-22126677,,2026/08/17,2026/08/17,Y,Y
83037073,泓道國際股份有限公司,"SUNSETSHOWER CO., LTD.",新北市汐止區大同路1段183號2樓之1,楊O軒,02-26431234,,2026/08/17,2026/08/17,Y,Y
83377699,沃恩有限公司,Warm&Love LTD.,新北市汐止區新台五路1段79號7樓,林O寬,,,2026/08/17,2026/08/17,Y,Y
85424726,生活家企業社,LIFEARTIST STUDIO,新北市泰山區泰林路2段488號10樓,郭O偉,0955219002,,2026/08/17,2026/08/17,Y,Y
93655947,竑誠資訊科技有限公司,"HCITECH CO., LTD.",新北市樹林區三俊街73巷22號,蔡O慧,02-26891228,,2026/08/17,2026/08/17,Y,Y
91673899,歐卡御企業社,OKAYU Restaurant,新北市板橋區貴興路97號,宜O年,,,2026/08/16,2026/08/21,Y,Y
24733314,航鉅工業有限公司,"HANG GIANT INDUSTRIAL CO., LTD.",新北市新莊區新樹路257巷3號(2樓),田O綸,,,2026/08/14,2026/08/14,Y,Y
60779653,傑太環境工程顧問有限公司,Jet Environmental Engineering Ltd.,新北市土城區金城路2段245巷40號(1樓),李O憲,,,2026/08/14,2026/08/14,Y,Y
61269101,寶和國際企業社,Takara International Co.,新北市永和區永和路2段57號7樓,陳O芳,,,2026/08/14,2026/08/14,Y,Y
62076927,慢慢更好有限公司,"Slowly getting better CO., LTD.",新北市新店區大同街40號5樓,陳O秀,,,2026/08/14,2026/08/14,Y,Y
62077263,澳華環球置業通尼有限公司,"Award Global Property Tongni Co., Ltd.",新北市中和區立業路101號(1樓),LOMSERENO,,,2026/08/14,2026/08/14,Y,Y
62108619,見山視覺整合股份有限公司,"JIANSHAN Visual CO., LTD.",新北市泰山區明志路3段74巷5號2樓,李O緯,,,2026/08/14,2026/08/14,Y,Y
62108701,橙心實業有限公司,"Orange Heart Co., Ltd.",新北市板橋區華江一路111號15樓之1,黃O堂,,,2026/08/14,2026/08/14,Y,Y
62135051,煥鑫材料科技有限公司,"Huankin Material Technology CO., LTD.",新北市新店區安興路109號14樓之7,呂O良,0910389171,,2026/08/14,2026/08/14,Y,Y
83377733,彩雲科技有限公司,Color Cloud Technology co. Ltd,新北市三重區秀江街102號4樓,周O宏,02-29778883,,2026/08/14,2026/08/14,Y,Y
85027775,傑盛工程股份有限公司,"Jiesheng Engineering CO., LTD.",新北市板橋區長江路2段47號2樓,吳O綺,,,2026/08/14,2026/08/14,Y,Y
94030885,富雅企業有限公司,Euthenia Enterprise Limited,新北市林口區富貴路67號,林O儒,02-26030285,,2026/08/14,2026/08/14,Y,Y
93618991,極致國際有限公司,Extreme International Limited Company,新北市土城區福祥街26號,李O霖,0930333298,,2026/08/13,2026/08/20,Y,Y
28973932,英屬蓋曼群島商佳醫股份有限公司台灣分公司,"ASIA BEST HEALTHCARE CO., LTD. Taiwan Branch(CAYMAN ISLANDS)",新北市中和區中正路880號17樓之5,"謝O賢HEIEH,CHENG-HSIEN",,,2026/08/13,2026/08/13,Y,Y
62076139,豐竹實業有限公司,"FENG ZHU INDUSTRIAL CO., LTD.",新北市三峽區民生街106之3號2樓,陳O涓,0975893753,,2026/08/13,2026/08/13,Y,Y
62076476,韓屋生活有限公司,"HAN HOUSE CO., LTD.",新北市板橋區沙崙街29之6號,莊O喬,0955334314,,2026/08/13,2026/08/13,Y,Y
62077340,昱禾科技有限公司,"Nexora Systems CO., LTD.",新北市林口區文化二路1段266號地下一層之8,馮O翔,,,2026/08/13,2026/08/13,Y,Y
62167969,圓融貿易有限公司,"Yuanrong Trading CO., LTD.",新北市三重區長壽街131號5樓,李O賢,02-89761305,,2026/08/13,2026/08/13,Y,Y
62068356,憶存有限公司,MEMOSTOR CORPORATION,新北市新莊區思源路601號7樓,黃O楓,02-85213288,,2026/08/12,2026/08/12,Y,Y
62076460,理幸國際貿易有限公司,"RICO International Trading Co., Ltd.",新北市新莊區中平路429號28樓,吳O蔚,,,2026/08/12,2026/08/12,Y,Y
62076638,浩酌國際貿易有限公司,"Koshaku International Trading Co., Ltd.",新北市新莊區新北大道4段171號3樓,周O元,,,2026/08/12,2026/08/12,Y,Y
62076659,鴻冠翔興業有限公司,"HGX GLOBAL CO., LTD.",新北市八里區埤頭二街86號（1樓）,陳O鴻,,,2026/08/12,2026/08/12,Y,Y
62076855,百睿思有限公司,"byris co., LTD.",新北市中和區景平路666號3樓,王O慶,,,2026/08/12,2026/08/12,Y,Y
62077209,綺源國際有限公司,"Qiyuan International Co., LTD.",新北市新店區北新路3段205之2號9樓,許O綺,,,2026/08/12,2026/08/12,Y,Y
62134975,動域科技股份有限公司,"DONGYU CO., LTD.",新北市三峽區大德路33號(1樓),葉O均,,,2026/08/12,2026/08/12,Y,Y
62154802,鉑瑞投資股份有限公司,"Platinum Elite Investment Co., Ltd",新北市三峽區學府路126號(1樓）,吳O棋,,,2026/08/12,2026/08/12,Y,Y
66254898,品容企管顧問有限公司,"Pinrong Consulting CO., LTD.",新北市板橋區中正路379巷3弄34號(1樓),劉O鳴,02-29680735,,2026/08/12,2026/08/12,Y,Y
96801253,正昇輪業有限公司,UP UP COMPANY,新北市五股區成泰路1段171巷22號2樓,花O蓮,02-26006216,,2026/08/12,2026/08/12,Y,Y
98644337,歐洲坊網購服務有限公司,Europe Place Shop Online Services Limited,新北市三重區重陽路1段44巷72號(1樓),蔡O湮,02-89823888,,2026/08/12,2026/08/12,Y,Y
16565566,信富晟運輸企業有限公司,Hsin Fu Chen Transportation Enterprise LTD.,新北市三峽區添福25之1號,孫O晟,,,2026/08/11,2026/08/11,Y,Y
52457872,中晟投資股份有限公司,"ZHONG CHENG INVESTMENT CO., LTD.",新北市新莊區中原路558號25樓,李O安,02-85215567,02-85213817,2026/08/11,2026/08/11,Y,Y
54736871,今鴻實業有限公司,"Jin Hong Ya Industrial CO., LTD.",新北市新店區新和街116巷2號13樓,陳O茹,,,2026/08/11,2026/08/11,Y,Y
60450757,坤鼎基有限公司,"kundingji lndustrial CO., LTD.",新北市新莊區後港一路28巷3弄8號3樓,鄒O鵬,02-26762387,,2026/08/11,2026/08/11,Y,Y
61281822,昀禾國際企業社,YUNHE INTERNATIONAL Co.,新北市板橋區中山路1段10號9樓,陳O綺,,,2026/08/11,2026/08/11,Y,Y
62076187,源億進有限公司,"Yuan Yi Jin CO., LTD.",新北市新店區中興路2段192號6樓,蔡O鴻,,,2026/08/11,2026/08/11,Y,Y
62077019,星維亞有限公司,"Starever CO., LTD.",新北市新店區安興路125之15號7樓,陶O丹,,,2026/08/11,2026/08/11,Y,Y
62100519,全程綠能有限公司,"FullGreen Energy CO., LTD.",新北市新店區復興路18號(1樓),游O泰,02-2913-0919,02-2913-0929,2026/08/11,2026/08/11,Y,Y
62109292,恆旭化學有限公司,"EVERRISE CHEMICAL CO., LTD.",新北市中和區中和路102號6樓之15,陳O萱,,,2026/08/11,2026/08/11,Y,Y
62167715,格洛曼森貿易有限公司,"GLOW MANSION TW CO., LTD.",新北市板橋區四川路2段239號8樓之2,金O浩,,,2026/08/11,2026/08/11,Y,Y
83077258,伍感國際有限公司,"5 Senses International CO., LTD.",新北市淡水區北新路182巷35號5樓,姜O晏,0968-577622,,2026/08/11,2026/08/11,Y,Y
90035846,協和傢俱有限公司,"HSIEH-HO Furniture, CO., LTD.",新北市新莊區中原路89號,劉O宏,07-6529669,07-6529633,2026/08/11,2026/08/11,Y,Y
95471515,力耀鷹架工業有限公司,"Li-yao Scaffolding Industrial co., Ltd.",新北市新店區環河路19巷18號3樓之1,謝O凱,,,2026/08/11,2026/08/11,Y,Y
62134573,玖源茶業有限公司,"JIUYUAN TEA CO., LTD.",新北市土城區水源街26之2號(1樓),詹O池,,,2026/08/10,2026/08/19,Y,Y
95497579,敖翔有限公司,"Ao Xiang CO., LTD.",新北市三重區重新路5段646號11樓,毛O哲,02-85124771,,2026/08/10,2026/08/12,Y,Y
00134335,勁威機械有限公司,"GEN-WAY MACHINERY CO., LTD.",新北市林口區文林五街28巷5號4樓,韋O恒,03-3974951,03-3974951,2026/08/10,2026/08/10,Y,Y
23271763,和久塑膠有限公司,"HE JIU PLASTIC CO., LTD.",新北市樹林區中正路657巷12號,呂O真,02-26890489,02-26894585,2026/08/10,2026/08/10,Y,Y
24348678,波音事業有限公司,"Point Enterprise Co., Ltd.",新北市蘆洲區和平路92號(2樓),林O瑋,02-29756261,02-29756271,2026/08/10,2026/08/10,Y,Y
60312679,明森生技有限公司,"MIN SEN BIOTECH CO., LTD.",新北市汐止區汐萬路2段98巷6號2樓,李O承,0927356396,,2026/08/10,2026/08/10,Y,Y
60731096,金狐狸有限公司,"KINFOX CO., LTD.",新北市林口區文化北路1段422號,楊O浩,,,2026/08/10,2026/08/10,Y,Y
61277117,境石工作室,Jynstone Studio,新北市新店區安興路127之6號12樓,劉O如,0930614612,,2026/08/10,2026/08/10,Y,Y
62061071,匯兔集國際貿易有限公司,"HUI TU JI INTERNATIONAL TRADING CO., LTD.",新北市新莊區民本街11巷29弄2號5樓,聶O榆,0909584749,,2026/08/10,2026/08/10,Y,Y
62062212,福燕恩禾股份有限公司,"FYEH HOLDING CO., LTD.",新北市板橋區北門街36號,陳O豪,,,2026/08/10,2026/08/10,Y,Y
62075602,狗言有限公司,Pup Speech LTD.,新北市板橋區重慶路60之1號3樓,胡O程,,,2026/08/10,2026/08/10,Y,Y
62154205,口袋兔子有限公司,Pocket Rabbit Corporation,新北市板橋區中山路1段1號13樓之26,楊O暉,,,2026/08/10,2026/08/10,Y,Y
68056199,山興宏業有限公司,"Shanxing Hongye CO., LTD.",新北市樹林區三福街127巷24號,李O儀,02-26897038,,2026/08/10,2026/08/10,Y,Y
62180695,沛彤投資有限公司,"Paton lnvestment CO., LTD.",新北市板橋區民生路2段170號(1樓),史O卉,66370023#12,,2026/08/07,2026/08/20,Y,Y
43880764,享家空間設計室內裝修有限公司,"Enjoy Interior Design & Decoration CO., LTD.",新北市板橋區廣和街56號5樓,潘O瑋,0988565696,,2026/08/07,2026/08/07,Y,Y
60456128,光梓整合行銷有限公司,"Brightnex Integrated Marketing CO., LTD.",新北市板橋區中山路1段10號9樓,黃O瑋,02-27787111#29,,2026/08/07,2026/08/07,Y,Y
61238184,達蔚研卓美妝工作坊,TA WEI SKIN CARE INGREDIENTS & BEAUTY RESEARCH WORKSHOP,新北市板橋區成都街3號2樓,余O玉,,,2026/08/07,2026/08/07,Y,Y
61476734,保證責任新北市崇順果菜運銷合作社,NEW TAIPEI CITY CHONGSHUN FRUIT & VEGETABLE MARKETING COOPERATIVE,新北市三重區福和街12號2樓,王O崇,02-29715554,,2026/08/07,2026/08/07,Y,Y
62076004,靚澄國際有限公司,"Lumiere International CO., LTD.",新北市中和區景平路290號21樓之2,盧OO,,,2026/08/07,2026/08/07,Y,Y
62076010,新邦發展有限公司,"Xin Bang Development CO., LTD.",新北市新莊區天祥街107巷22號4樓,劉O強,0960252386,,2026/08/07,2026/08/07,Y,Y
62076118,辰安數位有限公司,"Senaako CO., LTD.",新北市板橋區中山路1段293之1號13樓之1,陳O晨,,,2026/08/07,2026/08/07,Y,Y
62101257,光穎智控科技有限公司,"Guangying Intelligent Control Technology CO.,LTD.",新北市板橋區干城路160號5樓,朱O光,,,2026/08/07,2026/08/07,Y,Y
62109737,良億有限公司,"LIANG YI CO., LTD.",新北市三峽區民權街156號,易O皇,0973350141,,2026/08/07,2026/08/07,Y,Y
62109906,麗采國際精品有限公司,"Li Cai International CO., LTD.",新北市林口區惠民街38巷32號(1樓),張O萱,02-26005658,,2026/08/07,2026/08/07,Y,Y
62120260,優覓有限公司,"YOMI ENTERPRISE CO., LTD.",新北市樹林區學勤路224號2樓,王O鈞,0955236779,,2026/08/07,2026/08/07,Y,Y
62134285,境述策略有限公司,"CONTEXA ADVISORY CO., LTD.",新北市三峽區學勤路168之1號17樓,謝O儀,0988566310,,2026/08/07,2026/08/07,Y,Y
62167980,元天莊家有限公司,"YuanTianC Global Co., Ltd.",新北市汐止區新台五路1段95號16樓之1,莊O亦,,,2026/08/07,2026/08/07,Y,Y
62258356,快行科技有限公司,"Kuai Xing Technology CO., LTD.",新北市蘆洲區中正路119號5樓,林O儀,,,2026/08/07,2026/08/07,Y,Y
89195083,名豐投資有限公司,"Bingfun investments CO., LTD.",新北市淡水區中正東路2段29之3號5樓,紀O豪,,,2026/08/07,2026/08/07,Y,Y
90385511,沐橋室內設計有限公司,"MUJO Interior Design CO., LTD.",新北市板橋區南雅西路2段6號3樓,歐O宏,,,2026/08/07,2026/08/07,Y,Y
90464873,承躍能源股份有限公司,"CHENGYO ENERGY CO., LTD.",新北市中和區中正路716號13樓之9,蘇O宏,02-82273190,02-82273191,2026/08/07,2026/08/07,Y,Y
91426151,森日商行,Senri Trading Co.,新北市林口區竹林路606巷5號,陳O枝,0933959368,,2026/08/07,2026/08/07,Y,Y
93539342,思微合成生技股份有限公司,"SCIWIN Laboratories CO., LTD.",新北市新莊區五權一路11號4樓之2,鍾O紋,,,2026/08/07,2026/08/07,Y,Y
60004770,海豐實業,HIGHFAN INDUSTRIES,新北市新莊區中信街99巷3號5樓,曾O珠,0922133608,,2026/08/06,2026/08/13,Y,Y
00186608,宇音留言文創股份有限公司,"R.A.I.N Music CO., LTD.",新北市永和區保生路22巷19弄21號24樓,葉O宇,,,2026/08/06,2026/08/06,Y,Y
24421380,周冠衛浴設備有限公司,"chou guan sanitary equipment CO., LTD.",新北市三峽區民族街18號2樓,周O均,02-26805606,02-26806681,2026/08/06,2026/08/06,Y,Y
29133970,旺暘工程有限公司,"WANG YANG ENGINEERING CO., LTD.",新北市鶯歌區德昌街1號2樓,黃O騰,02-8671-2584,02-8671-4005,2026/08/06,2026/08/06,Y,Y
60370332,弘川實業股份有限公司,"HONGCHUAN CO., LTD.",新北市板橋區莒光路165巷10號,陳O運,,,2026/08/06,2026/08/06,Y,Y
62075384,泓樂文化傳媒有限公司,Hong Le Media LTD.,新北市新店區安興路125之10號(1樓),汪O寧,0928700393,,2026/08/06,2026/08/06,Y,Y
62075981,賽普特有限公司,"Scepter CO., LTD.",新北市三重區重新路4段63號18樓,劉O良,02-22887263,,2026/08/06,2026/08/06,Y,Y
62075997,蒔沐國際美學有限公司,"SIMU BEAUTY INTERNATIONAL CO., LTD.",新北市新莊區信華六街6號,吳O玉,,,2026/08/06,2026/08/06,Y,Y
62076052,承芸科技顧問有限公司,"Chenyun Technology Consultant CO., LTD.",新北市中和區南山路320巷10弄19號2樓,柯O邑,0931290602,,2026/08/06,2026/08/06,Y,Y
62076243,品華工程有限公司,"Pin Hwa CO., LTD.",新北市五股區五福路105號13樓,彭O安,,,2026/08/06,2026/08/06,Y,Y
62101778,洪太國際生醫股份有限公司,HUNTAI biomedical Inc.,新北市中和區立德街73號5樓,洪O傑,02-2246-4648,,2026/08/06,2026/08/06,Y,Y
62109455,唯敘生活有限公司,"OUE CO., LTD.",新北市新莊區五權一路1號8樓之1,廖O玹,,,2026/08/06,2026/08/06,Y,Y
62167840,綠璽煥髮股份有限公司,"RegalGreen Vitality Scalp Management CO., LTD.",新北市五股區新城一路302號,曾O豪,02-25410228,,2026/08/06,2026/08/06,Y,Y
62168165,翰章科技有限公司,Handyang Technology LTD.,新北市新店區北新路2段262號3樓之3,楊O華,,,2026/08/06,2026/08/06,Y,Y
93492487,三豆實業有限公司,"THE THIRD BEAN OF FOOD CO., LTD.",新北市樹林區學府路212號14樓,羅O伶,02-22674567#18,,2026/08/06,2026/08/06,Y,Y
54778668,澄錡科技整合有限公司,"CQME International CO., LTD.",新北市林口區中北一街87號7樓,張O淵,02-26013885,,2026/08/05,2026/09/01,Y,Y
39952744,就是愛玩玩具概念館,iplaytoys Boutique,新北市三芝區中山路2段19號,張O喻,0926085591,,2026/08/05,2026/08/05,Y,Y
41093919,牧崗聯合商行,MUKANG UNITED Co.,新北市三重區三民街300巷7號,洪O鎮,0911779293,,2026/08/05,2026/08/05,Y,Y
60388277,奧米有限公司,"AuMi CO., LTD.",新北市汐止區茄苳路250巷7號,莊O瑜,02-86919293,02-27838663,2026/08/05,2026/08/05,Y,Y
61276074,鈞淳工作室,JC makeup STUDIO,新北市板橋區仁化街64巷22號2樓,張O鳳,0922892998,,2026/08/05,2026/08/05,Y,Y
62075862,璟珩國際顧問有限公司,"JING HENG International Advisory Co., Ltd.",新北市新店區中興路2段43號13樓,王O國,,,2026/08/05,2026/08/05,Y,Y
91212496,閃星演藝工作室,Shining Star Entertainment Studio,新北市土城區學府路1段126巷30號3樓,金O豐,0282623117,,2026/08/05,2026/08/05,Y,Y
91550067,星漾藝術美學企業社,XING YANG ART AESTHETICS Studio,新北市板橋區館前東路72號3樓,柯O羽,,,2026/08/05,2026/08/05,Y,Y
29038146,才將科技股份有限公司,"CJ Technology Co., Ltd.",新北市林口區文化一路1段200號6樓,謝O純,02-77301066#202,,2026/08/04,2026/08/04,Y,Y
50973056,宏霖塑膠有限公司,"Honglin Plastics CO., LTD.",新北市板橋區文聖街29號2樓,林O良,0905723593,,2026/08/04,2026/08/04,Y,Y
61278328,勝恩商行,SHOON TRADING Store,新北市中和區中山路3段118之24號4樓,温O萱,02-22498287,,2026/08/04,2026/08/04,Y,Y
62067238,美商騰瀚股份有限公司台灣分公司,Tenstorrent USA INC. TAIWAN BRANCH,新北市新莊區中平路429號28樓,"AOexanderWinston,Munn",,,2026/08/04,2026/08/04,Y,Y
62109075,鈞臨科技有限公司,"Junlin Technology CO., LTD.",新北市樹林區田尾街195號,沈O鈞,0926036944,,2026/08/04,2026/08/04,Y,Y
62134742,睿域策略有限公司,Sphere Strategy LTD.,新北市汐止區新台五路1段95號16樓之1,蔡O璋,0919624222,,2026/08/04,2026/08/04,Y,Y
90170595,總智庫行創有限公司,Wisdom Marketing LTD.,新北市汐止區新台五路1段79號8樓之12,黃O達,02-26983983#15,,2026/08/04,2026/08/04,Y,Y
93014198,甲霸製造所,JS Star world Company,新北市三重區中華路109號(3樓),黃O屏,0989966730,,2026/08/04,2026/08/04,Y,Y
62259539,實矩科技股份有限公司,Reality Matrix AI INC.,新北市中和區景新街338號12樓,朱O雯,02-86682200,,2026/08/03,2026/08/04,Y,Y
41370532,漾子企業社,YANGZI ENTERPRISE Co.,新北市樹林區中華路37巷10號(2樓),莊O國,02-86862976,,2026/08/03,2026/08/03,Y,Y
60334174,至昕科技股份有限公司,"Meinu Tech CO., LTD.",新北市新莊區中正路145號之21六樓,彭O科,,,2026/08/03,2026/08/03,Y,Y
60370543,捷思達科技有限公司,"JSD Tech International Co., Ltd.",新北市五股區成泰路4段78號4樓,黃O勝,,,2026/08/03,2026/08/03,Y,Y
61245777,閎晰商行,Hongxi Trading Company,新北市汐止區忠孝東路388號,蕭O綸,0981194967,,2026/08/03,2026/08/03,Y,Y
62075413,祈甯整合行銷有限公司,Kirin Intergrated Marketing Ltd.,新北市土城區金城路2段246號10樓,許O,02-77292596,,2026/08/03,2026/08/03,Y,Y
62120613,阿爾斯有限公司,"ARZS TW CO., LTD.",新北市蘆洲區中山一路97巷15號(1樓),陳O銘,0984515999,,2026/08/03,2026/08/03,Y,Y
62167671,布拉漾有限公司,BULAYAN LTD.,新北市板橋區合宜路199號(1樓),葉O僑,,,2026/08/03,2026/08/03,Y,Y
62168046,音波國際娛樂有限公司,"ONNPA International Entertainment CO., LTD.",新北市板橋區中山路1段10號11樓,陳O騏,,,2026/08/03,2026/08/03,Y,Y
62168307,珺鈦科技股份有限公司,"Genotek Co., Ltd.",新北市土城區忠承路107號6樓,張O玲,,,2026/08/03,2026/08/03,Y,Y
62168405,捷福貿易有限公司,"Jie Fu Trading Co., Ltd.",新北市汐止區水源路2段72巷28弄5號,林O捷,0966-020030,,2026/08/03,2026/08/03,Y,Y
62180371,至誠合科技股份有限公司,"TOPREACH TECH CO., LTD.",新北市泰山區新北大道6段403號3樓,王O斌,,,2026/08/03,2026/08/03,Y,Y
62201468,禾稀國際有限公司,HERSHE Company Limited,新北市板橋區重慶路60之1號3樓,鍾O廷,0982760587,,2026/08/03,2026/08/03,Y,Y
91718431,清源久美設計製作所,CHINYUAN KUMI STUDIO,新北市板橋區莊敬路25巷1之1號16樓,程O祥,,,2026/08/03,2026/08/03,Y,Y
60418912,路維亞企業有限公司,"Luvealove Co., Ltd.",新北市林口區文化二路1段390號5樓,王O茹,,,2026/08/02,2026/08/02,Y,Y
60378067,創睿智能科技股份有限公司,Dexmart Robotics Inc.,新北市中和區板南路492號3樓之5,莊O涵,,,2026/07/31,2026/09/25,Y,Y
60313353,昱廷生技有限公司,"Envision Medtech CO., LTD.",新北市板橋區光華街13巷2號5樓,李O蓉,,,2026/07/31,2026/07/31,Y,Y
60729943,依極美有限公司,"YIJIMEI Co., Ltd.",新北市蘆洲區民族路117號（1樓）,李O漩,,,2026/07/31,2026/07/31,Y,Y
61239402,禹昌電子商行,Yuchang Electronics Trading Company,新北市板橋區南雅南路1段40號10樓之3,陳O丞,0962072332,,2026/07/31,2026/07/31,Y,Y
61268829,超威科技企業社,UltraPower Tech Co.,新北市板橋區文化路1段33號(1樓),陳O勳,,,2026/07/31,2026/07/31,Y,Y
61278973,壹伍陸藝術工作室,156 FINE ARTS STUDIO,新北市永和區永和路1段18巷2號10樓之6,劉O婷,0912883919,,2026/07/31,2026/07/31,Y,Y
62110137,瀚頻超音波科技股份有限公司,"HANPIN ULTRASONIC TECHNOLOGY CO., LTD.",新北市樹林區中華路379巷78弄17號,顏O霖,02-86866612,02-86866613,2026/07/31,2026/07/31,Y,Y
62126216,宇倫智能科技有限公司,"Yulun lntelligence CO., LTD.",新北市板橋區大觀路3段59巷52號之1,鍾O倫,,,2026/07/31,2026/07/31,Y,Y
62133618,寰宇購有限公司,"HUANYUGO CO., LTD.",新北市新店區中正路154巷14號3樓,劉O宗,,,2026/07/31,2026/07/31,Y,Y
62155942,水元素貿易有限公司,"ELEMENTAL CRAFTS TRADING CO., LTD.",新北市板橋區館前東路26號3樓之2,張O麟,0916956697,,2026/07/31,2026/07/31,Y,Y
62167567,佐元國際有限公司,"ZONE International CO., LTD.",新北市中和區華順街30巷20號,蕭O仁,02-29402018,02-29514662,2026/07/31,2026/07/31,Y,Y
62167721,君晨達進出口有限公司,Junchenda Import and Export LTD.,新北市中和區秀朗路3段10巷37弄12號3樓,林O帆,,,2026/07/31,2026/07/31,Y,Y
62168025,智高國際股份有限公司,SmartPro International Company Limited,新北市三重區重陽路1段1號5樓之8,陳O雯,02-87716986,,2026/07/31,2026/07/31,Y,Y
62168377,禾楓商務有限公司,Star CYL Consulting Ltd.,新北市新莊區思源路173號4樓,林O諭,,,2026/07/31,2026/07/31,Y,Y
62199982,恆盛科技有限公司,Flourise Technology LTD.,新北市林口區文化三路2段115巷139號,羅O堃,0933916078,,2026/07/31,2026/07/31,Y,Y
94884953,小木屋鸚鵡商行,Parrot Little Cabin Trading Co.,新北市蘆洲區光復路77巷5號(1樓),黃O寧,,,2026/07/31,2026/07/31,Y,Y
95458386,奶油貓資訊有限公司,"ButterCat Co., Ltd.",新北市板橋區中山路2段505巷19弄6號,廖O賢,,,2026/07/31,2026/07/31,Y,Y
60233387,莯藍工作室,MULAN CREATIVE STUDIO,新北市新莊區中平路26巷70號3樓,黃O穎,,,2026/07/30,2026/07/30,Y,Y
60426770,飛宏貿易有限公司,"Feihong Trading CO., LTD.",新北市土城區中央路2段394巷12號(1樓),楊O毅,,,2026/07/30,2026/07/30,Y,Y
60434119,鼎鑫盛汽車有限公司,"ding xin sheng auto CO., LTD.",新北市三重區頂崁街105號,吳O緯,,,2026/07/30,2026/07/30,Y,Y
62068638,昊曜科技有限公司,Sole Global Technology Limited,新北市中和區興南路2段142巷17弄31號4樓,葉O駿,0919920788,,2026/07/30,2026/07/30,Y,Y
62069117,澄澈管理顧問有限公司,"Claritas Consulting CO., LTD.",新北市新莊區新北大道4段171號2樓,劉O梅,,,2026/07/30,2026/07/30,Y,Y
62101691,伊敘創意有限公司,"Haven & Tales Creative CO., LTD.",新北市淡水區中山北路2段177號,陳O薇,0917872857,,2026/07/30,2026/07/30,Y,Y
62133933,潤泓智能科技有限公司,"RHI Technology CO., LTD.",新北市汐止區新台五路1段79號15樓之9,魏O菁,,,2026/07/30,2026/07/30,Y,Y
62135003,盈碩精密工業有限公司,"YING SHUO PRECISION INDUSTRY CO., LTD.",新北市新莊區中央路576號15樓,王O潔,02-2995-3209,,2026/07/30,2026/07/30,Y,Y
62135138,勝禾田國際汽車有限公司,Wincar LTD.,新北市新店區安忠路15號(1樓),陳O綺,（02）22112211,,2026/07/30,2026/07/30,Y,Y
62167861,群屹有限公司,"CK innov-solutions CO., LTD.",新北市鶯歌區育智路75號4樓,羅O惠,,,2026/07/30,2026/07/30,Y,Y
82986054,袋鼠食坊有限公司,ROOS PIZZA BAR LLC.,新北市鶯歌區中山路329巷6弄7號,KOMISARCHIKYIGAL,0970697087,,2026/07/30,2026/07/30,Y,Y
89770163,格宇有限公司,"GE YU CO.,Ltd",新北市鶯歌區國中街181號6樓,王O蕙,02-86874538,02-86874539,2026/07/30,2026/07/30,Y,Y
90570017,良丞開發工程有限公司,"Liang-Cheng Development & Engineering CO., LTD.",新北市三重區集賢路23號2樓,吳O霖,,,2026/07/30,2026/07/30,Y,Y
41173461,海馬企業社,Haima Enterprises Firm,新北市五股區工商路132號,林O鋕,02-22917713,,2026/07/29,2026/07/29,Y,Y
60347810,其曜科技股份有限公司,"Arivor Technologies CO., LTD.",新北市汐止區新台五路1段97號33樓之10,曾O興,02-26976870,02-26976966,2026/07/29,2026/07/29,Y,Y
60451117,植泉心生技有限公司,"ATREE BIOTECH CO., LTD.",新北市泰山區新北大道6段317號(2樓),張O偉,,,2026/07/29,2026/07/29,Y,Y
61277637,瘋狂方程式模型車專賣店,Formula Maniac Co.,新北市新店區民權路153號4樓,譚O文,,,2026/07/29,2026/07/29,Y,Y
61278565,玄染工作室,Sevenfold Dyes Studio,新北市林口區文化三路2段57號16樓,簡O凡,,,2026/07/29,2026/07/29,Y,Y
62061059,告白沒有限公司,"Confession Unlimited CO., LTD.",新北市新店區民權路153號4樓,陳O先,,,2026/07/29,2026/07/29,Y,Y
62061558,羽禮國際有限公司,"Yuli International CO., LTD.",新北市蘆洲區集賢路214號（1樓）,陳O華,,,2026/07/29,2026/07/29,Y,Y
62100927,睿博數位股份有限公司,"Ripple Community Platform CO,LTD.",新北市新店區碧潭路77巷1號12樓之1,吳O清,0952012389,,2026/07/29,2026/07/29,Y,Y
62109384,躍翔商業有限公司,ALTURA TAIWAN LTD.,新北市汐止區新台五路2段238號14樓,趙O徽,,,2026/07/29,2026/07/29,Y,Y
62109461,積福有限公司,"JI FU INTERNATIONAL CO., LTD.",新北市淡水區仁愛街20巷3號3樓,陳O宇,02-85211265,,2026/07/29,2026/07/29,Y,Y
62109976,精譜健康生技股份有限公司,"Precision Spectrum Health Biotech CO.,LTD.",新北市三重區重新路5段609巷12號之8,黃O信,02-29997202,,2026/07/29,2026/07/29,Y,Y
62133878,維塏有限公司,"wei kai CO., LTD.",新北市新店區安祥路106巷200弄20號,林O嵐,0928581802,,2026/07/29,2026/07/29,Y,Y
62155366,辰揚國際貿易有限公司,"SHIN YOU INTERNATIONAL TRADE CO., LTD.",新北市新莊區新泰路381巷16號,陳O娟,,,2026/07/29,2026/07/29,Y,Y
62167412,鋐瀚國際醫療儀器有限公司,"H&H Global MediTech CO., LTD.",新北市五股區新城一路63號6樓,偕O銣,,,2026/07/29,2026/07/29,Y,Y
66265121,賓利不銹鋼有限公司,"BIN LI CO., LTD.",新北市板橋區民族路247巷5弄38號,王O寬,02-29655436,,2026/07/29,2026/07/29,Y,Y
00151663,台灣大國際禮儀有限公司,Taiwan Da International Etiquette Co.,新北市板橋區新海路450號2樓,廖O頡,,,2026/07/28,2026/07/28,Y,Y
29137080,九頤企業有限公司,"JIU YI INTERNATIONAL ENTERPRISE CO., LTD.",新北市土城區學府路1段99巷8號,陳O蓁,02-22638699,02-22638698,2026/07/28,2026/07/28,Y,Y
53708503,宜浩資源回收有限公司,"Ye Hao Resource Recycling CO., LTD.",新北市新店區新明街26巷21號(1樓),林O峰,02-26626818,02-82826167,2026/07/28,2026/07/28,Y,Y
61274603,歐卡福商行,All Cardlorful Studio,新北市中和區中正路211巷32弄14號2樓,蔡O家,,,2026/07/28,2026/07/28,Y,Y
61274667,晨悅工作室,CHENYUE STUDIO,新北市板橋區華江一路111號15樓之1,洪O志,0953776787,,2026/07/28,2026/07/28,Y,Y
62101046,森永有限公司,"SEN YONG CO., LTD.",新北市鶯歌區文化路242號(1樓),周O遠,,,2026/07/28,2026/07/28,Y,Y
62101088,雲世娛樂經紀有限公司,"Yunshi entertainment CO., LTD.",新北市三重區介壽路87號,葉O萱,0975656688,,2026/07/28,2026/07/28,Y,Y
62109568,寶豐興精密精工股份有限公司,connecX AI Cooling Inc.,新北市板橋區漢生東路240號24樓,鄒O忠,0911233333,,2026/07/28,2026/07/28,Y,Y
62109624,威晰資訊有限公司,"Lumars Insight Co., Ltd.",新北市土城區明德路1段4號8樓,鍾O勳,,,2026/07/28,2026/07/28,Y,Y
62109693,錦鈊科技有限公司,"Jin Lux Technology CO., LTD.",新北市中和區中正路918號3樓,鍾O文,0936712313,,2026/07/28,2026/07/28,Y,Y
62110024,科多爾有限公司,KELDOR Limited Company,新北市板橋區三民路2段33號14樓,彭O中,0936712313,,2026/07/28,2026/07/28,Y,Y
62110143,英博科技有限公司,"IMBO Technology Co., Ltd.",新北市三重區光復路2段69號11樓,劉O杰,,,2026/07/28,2026/07/28,Y,Y
62133722,牧川科技有限公司,Mustream LTD.,新北市中和區中山路2段332巷1號7樓,江O頤,,,2026/07/28,2026/07/28,Y,Y
62134314,光米星曜有限公司,"Lightseed CO., LTD.",新北市中和區建八路2號15樓之8,蘇O宇,,,2026/07/28,2026/07/28,Y,Y
62167428,建玥有限公司,"Jianyue Co., Ltd.",新北市新莊區富貴路502號7樓,呂O榛,02-85211978,,2026/07/28,2026/07/28,Y,Y
80245533,技鼎精密工業股份有限公司,"JI-DING Precision Industry CO., LTD.",新北市新莊區中正路514巷105弄22號（1樓）,胡O國,,,2026/07/28,2026/07/28,Y,Y
87302256,大和童藝文工作室,YAMADO TUNG ARTIST STUDIO,新北市永和區福和路263巷24號5樓,鍾O霖,0917591665,,2026/07/28,2026/07/28,Y,Y
89159517,淞洋生技股份有限公司,"Top Young Biotechnology CO,LTD",新北市樹林區中正路639號19樓,陳O如,0977214678,02-,2026/07/28,2026/07/28,Y,Y
00124287,中一檢驗科技股份有限公司,"Chung Yi Testing Technology CO., LTD.",新北市板橋區縣民大道3段262之1號3樓,莊O統,02-29610989#9,,2026/07/27,2026/07/27,Y,Y
00173619,聖寵國際有限公司,SUPREME GRACE LTD.,新北市三峽區三樹路251號(1樓),林O妤,0918802590,,2026/07/27,2026/07/27,Y,Y
24245455,榔頭旺汽車企業有限公司,"Lang Tou Wang Auto Enterprise CO., LTD.",新北市新莊區建國一路310號9樓,洪O旺,,,2026/07/27,2026/07/27,Y,Y
53125057,宏康事業有限公司,"Houng Kang Business CO., LTD.",新北市新莊區五工三路94巷17號(1樓),葉O琪,02-22995779,02-22995587,2026/07/27,2026/07/27,Y,Y
54050224,唯勝舞台硬體工程有限公司,Wei-Sheng STAGE INC.,新北市五股區新五路2段235號,陳O昌,,,2026/07/27,2026/07/27,Y,Y
60064734,晶鑫商行,JING XIN Studio,新北市三重區重新路2段78號15樓,陳O緯,,,2026/07/27,2026/07/27,Y,Y
60389212,常程資訊有限公司,"CC Information CO., LTD.",新北市板橋區大同街35巷1號,洪O媚,,,2026/07/27,2026/07/27,Y,Y
61221228,緣音工作室,ENON Sole Proprietorship,新北市淡水區淡金路2段209號7樓,李O庭,02-26295687,,2026/07/27,2026/07/27,Y,Y
62055232,諾研生醫股份有限公司,"Norien Biotech CO., LTD.",新北市板橋區重慶路60之1號3樓,楊O倫,0939666600,,2026/07/27,2026/07/27,Y,Y
62100476,台灣天創龍匯管理諮詢有限公司,"Taiwan Teamsum Management Consulting Co., Ltd.",新北市新店區竹林路30巷23號3樓,陳O任,,,2026/07/27,2026/07/27,Y,Y
62101735,綋碩企業有限公司,"Hong Shuo Surface Technology Co., Ltd.",新北市土城區千歲路34號,羅O微,02-22696122,,2026/07/27,2026/07/27,Y,Y
62109363,德信石業有限公司,"Dexin Stone Industry CO., LTD.",新北市樹林區佳園路1段75巷210號(2樓),吳O華,0986661682,,2026/07/27,2026/07/27,Y,Y
62109413,筌芯國際有限公司,Newstart Inspection LTD.,新北市中和區中正路1211號14樓之3,陳O建,0910076656,,2026/07/27,2026/07/27,Y,Y
62109547,曜質有限公司,"Auriex CO., LTD.",新北市中和區民安街53之10號14樓,張O欽,,,2026/07/27,2026/07/27,Y,Y
62109700,京永陶瓷企業有限公司,"Jingyong Ceramics Enterprise CO., LTD.",新北市鶯歌區西湖街2之6號9樓,許O語,,,2026/07/27,2026/07/27,Y,Y
62109928,耀富國際有限公司,"YaoFu International Co., Ltd.",新北市三重區福德北路86號2樓,簡O富,,,2026/07/27,2026/07/27,Y,Y
62135019,里人傳愛文化有限公司,Leeren Love Culture Ltd.,新北市新莊區思源路500號,鄭O賓,,,2026/07/27,2026/07/27,Y,Y
62160234,大維企業管理顧問有限公司,Dimensions Business Consulting Limited Company,新北市永和區中山路1段153號3樓,黃O云,,,2026/07/27,2026/07/27,Y,Y
60750240,伊卡利有限公司,"IKALI CO., LTD.",新北市鶯歌區中正一路234號1樓,王O其,,,2026/07/24,2026/07/29,Y,Y
00018130,福美國際有限公司,"FU MEI INTERNATIONAL CO., LTD.",新北市淡水區原德路1號(地下層),涂O豪,,,2026/07/24,2026/07/24,Y,Y
36135426,安成機械科技社,An-Cheng Machinery Factory,新北市新莊區中平路182號3樓,許O堆,02-22838225,02-22829642,2026/07/24,2026/07/24,Y,Y
60748977,寵寵香企業有限公司,"PURPLE-PET CO., LTD.",新北市五股區新城八路316號10樓,陳O全,,,2026/07/24,2026/07/24,Y,Y
62067461,薩摩亞商元圖投資有限公司台灣分公司,"Terra Holdings CO., LTD. Taiwan Branch(SAMOA)",新北市新店區北新路1段12號18樓,"張O榛CHANG,YI-CHEN",,,2026/07/24,2026/07/24,Y,Y
62068763,森特克有限公司,Suntek Company Limited,新北市中和區景平路398號2樓之1,戴O錡,,,2026/07/24,2026/07/24,Y,Y
62100898,齡揚健康有限公司,"Living Young Health CO., LTD.",新北市板橋區漢生東路346號(1樓),楊O彬,0956626582,,2026/07/24,2026/07/24,Y,Y
62101382,禾村系統家具設計有限公司,Hetsun System Furniture Design Company Limited,新北市板橋區板新路103號6樓,楊O瑩,0978199093,,2026/07/24,2026/07/24,Y,Y
62109167,愛絲麗珠寶有限公司,"Ashley Jewelry Co., Ltd.",新北市新莊區成功街71號,莊O智,,,2026/07/24,2026/07/24,Y,Y
62109259,傑世達企業有限公司,"JSL Enterprise CO., LTD.",新北市汐止區新興路84巷4號,廖O萱,02-26423553,,2026/07/24,2026/07/24,Y,Y
62134948,知路室內裝修有限公司,"Studio CHIH CO., LTD.",新北市板橋區介壽街84巷3號,遲O,0975207070,,2026/07/24,2026/07/24,Y,Y
83037284,騰田設計有限公司,Teng Tian Design LTD.,新北市新莊區西盛街395巷22弄2號,蔡O丞,02-22070199,,2026/07/24,2026/07/24,Y,Y
83144910,婕明設計國際有限公司,"Gemini Design International CO., LTD.",新北市三重區碧華街148巷23號6樓,李O旭,02-28576170,,2026/07/24,2026/07/24,Y,Y
84504743,立屹彩藝印刷有限公司,"Li Yi Colour Printing CO., LTD.",新北市中和區立德街148巷18號3樓,何O煌,,,2026/07/24,2026/07/24,Y,Y
93037256,沐汐工作室,Breath Select Co.,新北市林口區仁愛路1段272巷32號3樓,黃O璟,0932261233,,2026/07/24,2026/07/24,Y,Y
94880627,宇宙傳媒興業社,Cosmos Media Studio,新北市新莊區豐盛一街16號15樓,邱O凱,02-22048141,,2026/07/24,2026/07/24,Y,Y
80311033,侑捷科技工程有限公司,"Unijet Technology Engineering CO., LTD.",新北市鶯歌區建國路512巷2弄12號1樓,鍾O合,,,2026/07/23,2026/08/27,Y,Y
60056782,曜嶽金屬工程行,YAOYUE WORKSHOP,新北市汐止區新台五路1段175號8樓,王O宏,,,2026/07/23,2026/07/23,Y,Y
60313396,締紳國際貿易有限公司,DISHEN Company Limited,新北市三重區溪尾街108巷46弄16號（1樓）,左O定,0222870058,,2026/07/23,2026/07/23,Y,Y
62101051,易寰宇股份有限公司,"EZ World CO., LTD.",新北市板橋區莒光路16巷4號,盧O華,0937425123,,2026/07/23,2026/07/23,Y,Y
62133357,歐米茄國際有限公司,"Omega International CO., LTD.",新北市土城區中央路2段191號13樓之3,陳O全,02-89231931,,2026/07/23,2026/07/23,Y,Y
62258567,初光有限公司,First Light Trading LTD.,新北市中和區中正路918號3樓,施O惠,04-22549202,,2026/07/23,2026/07/23,Y,Y
72675910,藍圖整合行銷企業社,Dream Land Integrated Marketing Co.,新北市三重區三和路1段39巷11號2樓,廖O榮,0955640662,,2026/07/23,2026/07/23,Y,Y
85103317,艾迪奧空間設計有限公司,"IDeal Space Design CO., LTD.",新北市板橋區中正路399巷10號5樓,林O廷,,,2026/07/23,2026/07/23,Y,Y
62109188,美瑛有限公司,"MEI YING CO., LTD.",新北市三重區仁愛街377巷53號(1樓),馬O瑛,,,2026/07/22,2026/09/22,Y,Y
42311884,老昭和商行,Old Shouwa Company,新北市新莊區五權二路20號6樓之8,劉O儒,0935986501,,2026/07/22,2026/08/15,Y,Y
60334081,泰安材料有限公司,"TAIAN MATERIAL CO., LTD.",新北市新店區中正路四維巷4號5樓,王O安,02-86676601,,2026/07/22,2026/07/23,Y,Y
24731076,丹赫室內設計有限公司,"Danhe Design CO., LTD.",新北市淡水區崁頂三路183號7樓,張O明,0938045521,,2026/07/22,2026/07/22,Y,Y
27562995,銳隼實業有限公司,"Ray Drun Industrial CO., LTD.",新北市樹林區三俊街5之5號,劉O芝,02-86881128,02-86883776,2026/07/22,2026/07/22,Y,Y
50865205,御龍建設股份有限公司,"YuLong Construction CO., LTD.",新北市新莊區新北大道3段157號7樓,黃O恆,05-6329548#12,,2026/07/22,2026/07/22,Y,Y
60078646,二妹妹裕商行,2Meimei Trading Co.,新北市三重區重新路5段609巷12號9樓之10,鄭O心,0919341632,,2026/07/22,2026/07/22,Y,Y
61249295,十水企業社,RIVERFLOW STUDIO,新北市板橋區南雅東路29巷8號4樓,林O心,,,2026/07/22,2026/07/22,Y,Y
62100497,歐陸特鞋業有限公司,"Eurotech Shoes CO., LTD.",新北市三重區萬全街17號1樓,蔡O清,,,2026/07/22,2026/07/22,Y,Y
62101405,安邁新能源股份有限公司,"Amaxst Renewable Energy CO., LTD.",新北市林口區文化二路1段577號10樓之2,廖O勳,,,2026/07/22,2026/07/22,Y,Y
62109011,星星的家有限公司,"Star Haven Co., Ltd.",新北市汐止區大同路2段298號7樓,黃O昵,,,2026/07/22,2026/07/22,Y,Y
62119019,彼得香氣有限公司,"Baaroma CO., LTD.",新北市中和區中正路918號3樓,周O靜,04-22547227,,2026/07/22,2026/07/22,Y,Y
62134665,遊鶴科技有限公司,"Wandering Crane Technology Co., Ltd.",新北市三峽區橫溪路99巷53號(1樓),李O軒,,,2026/07/22,2026/07/22,Y,Y
62135025,泰昇豐有限公司,"Thai Origin CO., LTD.",新北市中和區中山路2段332巷1號7樓,陳O彤,,,2026/07/22,2026/07/22,Y,Y
62155725,智新永續科技股份有限公司,MAI TECHNOLOGY COMPANY LIMITED,新北市汐止區新台五路1段95號16樓之7,黃O彰,,,2026/07/22,2026/07/22,Y,Y
62191406,世力國際股份有限公司,"SHERLINK International Co., Ltd.",新北市林口區民生路29號,林O璇,,,2026/07/22,2026/07/22,Y,Y
62218165,艾蒂娛樂有限公司,"Eddie Entertainment CO., LTD.",新北市中和區福祥路66之1號7樓,紀O伶,,,2026/07/22,2026/07/22,Y,Y
90698470,大戲法有限公司,Daxien Magic Company,新北市泰山區民權街66巷20號(1樓),鄒O勳,0975003267,,2026/07/22,2026/07/22,Y,Y
92729750,龍宮工作室,LUNG KUNG Co.,新北市鶯歌區朝陽街22號(2樓),黃O砆,0905-705-059,,2026/07/22,2026/07/22,Y,Y
99161344,瑞銓興業社,Ruichuan Co.,新北市樹林區東豐街49巷22弄32號,陳O燦,0266090661,,2026/07/22,2026/07/22,Y,Y
53723933,耀昭有限公司,"YC CO., LTD.",新北市新莊區昌平街4號,?O珮鈞,0926850585,,2026/07/21,2026/09/03,Y,Y
61274147,艾莉美企業社,Ai li mei Company,新北市中和區員山路507號(2樓),阮O瑧,0966521199,,2026/07/21,2026/07/22,Y,Y
00027460,大麥克國際開發有限公司,"MEGA MIKE INTERNATIONAL DEVELOPMENT CO., LTD.",新北市板橋區雙十路3段70巷13號（1樓）,吳O敏,037-268455,,2026/07/21,2026/07/21,Y,Y
25070328,承新國際管理顧問股份有限公司,Inheritance Create Management Consultents CORP.,新北市中和區立德街98巷93號,李O新,02-22254066,,2026/07/21,2026/07/21,Y,Y
42739352,夏加瑅有限公司,"HSIA CHIA TI CO., LTD.",新北市蘆洲區國道路2段1巷50號(1樓),許O維,02-29820989,02-29820589,2026/07/21,2026/07/21,Y,Y
50847235,就是變漂亮有限公司,"Blossom Beauty CO., LTD.",新北市板橋區文化路1段421巷6號,陳O進,0961211039,,2026/07/21,2026/07/21,Y,Y
60012259,霏炫企業社,FEIFEIKIDS Boutique,新北市板橋區英士路58巷10號,鍾O明,0919766736,,2026/07/21,2026/07/21,Y,Y
60707342,和峯實業有限公司,"Hefeng Industry CO., LTD.",新北市新莊區民安西路392之3號9樓,陳O峰,,,2026/07/21,2026/07/21,Y,Y
60708124,愛雪國際有限公司,"ISKISB CO., LTD.",新北市三重區光明路4號4樓,楊O銘,,,2026/07/21,2026/07/21,Y,Y
61275146,相合文化工作室,Symbioculture Studio,新北市三重區三張街17號4樓,黃O斐,,,2026/07/21,2026/07/21,Y,Y
61275624,微子工作室,Weizi Studio,新北市中和區中山路2段369號5樓,游O葳,,,2026/07/21,2026/07/21,Y,Y
62061305,霖禾生技有限公司,"Heelin International CO., LTD.",新北市板橋區華江一路111號15樓之1,胡O霖,,,2026/07/21,2026/07/21,Y,Y
62100460,好運來貿易有限公司,"Good Fortune Trading Co., Ltd.",新北市板橋區南雅南路2段4巷10號2樓,黃O菱,,,2026/07/21,2026/07/21,Y,Y
62108809,承美科技有限公司,"Liquid Amber Technologies CO., LTD.",新北市汐止區新台五路1段99號16樓之9,傅O祥,,,2026/07/21,2026/07/21,Y,Y
62133510,湛然文創股份有限公司,"Zhanran Cultural and Creative CO., LTD.",新北市蘆洲區長安街79號2樓,何O榮,,,2026/07/21,2026/07/21,Y,Y
62133841,金盈沅國際貿易有限公司,"JIN YING YUAN INTERNATIONAL TRADING CO., LTD.",新北市中和區景新街446號5樓,李O凱,02-22475855,,2026/07/21,2026/07/21,Y,Y
62135159,光派科技股份有限公司,"Prismatic and Intelligent Diffusion Tech CO., LTD.",新北市汐止區新台五路1段95號16樓之1,尤O勝,,,2026/07/21,2026/07/21,Y,Y
62180338,苯元投資有限公司,"Ben Yuan Investment Holding CO., LTD.",新北市三重區正義北路256巷2號2樓,蘇O正,,,2026/07/21,2026/07/21,Y,Y
62258433,精兌實業有限公司,"JING DUI INDUSTRIAL CO., LTD.",新北市永和區林森路44巷6弄10號5樓,葉O瑋,09528588599,,2026/07/21,2026/07/21,Y,Y
62258807,金陽科技有限公司,"SUN Max Technology CO., LTD.",新北市三重區興德路100號5樓,沈O寅,02-85113611,,2026/07/21,2026/07/21,Y,Y
66514389,凱洋國際有限公司,"kaiyang international CO., LTD.",新北市土城區廣興街59巷6號,吳O凱,,,2026/07/21,2026/07/21,Y,Y
85443076,大不同代工企業社,Unique Enterprise Co.,新北市板橋區龍泉街82巷6號4樓,劉O君,02-82571236,,2026/07/21,2026/07/21,Y,Y
97525642,晴嶽社有限公司,"Sunny Mount CO., LTD.",新北市中和區大勇街31巷15號,蘇O曼．詹波,02-29412101,,2026/07/21,2026/07/21,Y,Y
53193300,三佳紙器有限公司,"San Chia Paper CO., LTD.",新北市新莊區化成路11巷58弄6號,詹O珠,03-3860516,,2026/07/20,2026/07/20,Y,Y
82892155,佑羲人力顧問有限公司,"YOSHI MANPOWER CONSULTING CO., LTD.",新北市中和區中正路736號7樓之1,巫O諭,02-89423246,,2026/07/17,2026/09/12,Y,Y
60313092,諾有限公司,"NOLL STHLM CO., LTD.",新北市板橋區縣民大道3段205巷1號2樓,陳O榆,02-22513139,,2026/07/17,2026/07/17,Y,Y
60507301,漢棠生技有限公司,"Han Tang Biotechnology Co., Ltd.",新北市板橋區板新路101號4樓,張O鍇,,,2026/07/17,2026/07/17,Y,Y
61220282,兜莉有料工作室,Dolly have something Studio,新北市中和區中正路736號14樓之3,吳O萱,02-27691207*26,,2026/07/17,2026/07/17,Y,Y
62068383,大亞國貿有限公司,"DA YA TEA TRADING CO., LTD.",新北市三重區中央北路55巷4號,代O婭,,,2026/07/17,2026/07/17,Y,Y
62100428,矩躍科技有限公司,MatrixLeap LTD.,新北市板橋區華江一路111號15樓之1,吳O翰,,,2026/07/17,2026/07/17,Y,Y
62101480,泰發金屬有限公司,"TaiFa Metal Co., Ltd.",新北市汐止區大同路3段262之1號(1樓),曾O賓,,,2026/07/17,2026/07/17,Y,Y
62101974,昀林國際有限公司,"Yunlin E-Commerce CO., LTD.",新北市汐止區莊敬街131巷5號5樓,林O,0965145152,,2026/07/17,2026/07/17,Y,Y
62134216,綠櫥國際企業有限公司,"Green Cabinet International Enterprise CO., LTD.",新北市三重區重新路1段84號(2樓),林O欽,0927759822,,2026/07/17,2026/07/17,Y,Y
62134335,漾知顧問有限公司,"Yang Zhi Consulting CO., LTD.",新北市三重區錦通街9號4樓,林O暖,,,2026/07/17,2026/07/17,Y,Y
62134546,睿源量測有限公司,"Radix Precision Co., Ltd.",新北市新莊區新樹路260之13號,郭O茹,,,2026/07/17,2026/07/17,Y,Y
62134567,寶弘精密工業股份有限公司,conXnec Cooling Inc.,新北市新店區環河路40號2樓之1,鄒O忠,0911290148,,2026/07/17,2026/07/17,Y,Y
62134659,紐維思科技股份有限公司,Nuvaxs Technology INC.,新北市汐止區茄苳路84號,楊O惠,0910-385-238,,2026/07/17,2026/07/17,Y,Y
62157596,香港商亞盛基石有限公司台灣分公司,"GrowthAxis Asia Limited Taiwan Branch(TAIWAN,REPUBLIC OF CHINA)",新北市板橋區中山路1段1號23樓,"盧O偉LO,KaWai",0909591330,,2026/07/17,2026/07/17,Y,Y
95427791,鷹投資本股份有限公司,"Eagle Investment Capital CO., LTD.",新北市新店區北宜路1段121號14樓,黃O世,,,2026/07/17,2026/07/17,Y,Y
90648795,偉銓企業有限公司,"Wei Chuan Enterprise CO., LTD.",新北市汐止區汐萬路2段337號,董O玥,,,2026/07/16,2026/07/25,Y,Y
62134166,識酒有限公司,"Something About Wine CO., LTD.",新北市板橋區中山路1段293之1號13樓之1,歐O豪,,,2026/07/16,2026/07/21,Y,Y
53104026,昕虹設計印刷有限公司,"XINHONG DESIGN PRINTING CO., LTD.",新北市中和區立德街26巷5弄11號(1樓),黃O雄,02-22555511,,2026/07/16,2026/07/16,Y,Y
53437170,妙華國際有限公司,Miaohua International Limited Company,新北市汐止區伯爵街47巷16號,王O淋,0926192619,,2026/07/16,2026/07/16,Y,Y
60381942,曜衡科技有限公司,"YaoHen Technology CO., LTD.",新北市永和區竹林路99號（1樓）,黃O達,0963072905,,2026/07/16,2026/07/16,Y,Y
61252930,裝忙做音樂工作室,Busy Sound Production Studio,新北市三重區成功路108巷12號4樓之1,張O恩,0966000755,,2026/07/16,2026/07/16,Y,Y
62062509,起司屋國際貿易有限公司,"CISIHWU INTERNATIONAL TRADE CO., LTD.",新北市三重區忠孝路3段15巷36號,陳O受,02-29601994,,2026/07/16,2026/07/16,Y,Y
62062634,頂威國際貿易有限公司,"DING WEI INTERNATIONAL TRADING CO., LTD.",新北市三重區龍濱路168號5樓,劉O成,,,2026/07/16,2026/07/16,Y,Y
62068601,小品文創有限公司,"Xiaoping CO., LTD.",新北市三重區洛陽街52號,陳O諭,02-29898029,,2026/07/16,2026/07/16,Y,Y
62101708,辰琦環動科技有限公司,"Chenqi TX & EFE Tech CO., LTD.",新北市新店區民權路108號10樓,葉O琦,,,2026/07/16,2026/07/16,Y,Y
62133547,拌伴食穗有限公司,"Taste Spike CO., LTD.",新北市三重區溪尾街39號5樓,姜O翰,,,2026/07/16,2026/07/16,Y,Y
62134187,瑋固國際有限公司,"VEGO International Co., Ltd.",新北市五股區四維路30巷34弄13號,張O瑋,,,2026/07/16,2026/07/16,Y,Y
62249836,志野國際有限公司,"Shino International CO., LTD.",新北市三峽區民生街106之2號3樓,李O志,0928819599,,2026/07/16,2026/07/16,Y,Y
94115693,芮希股份有限公司,"RAYSHI CO., LTD.",新北市蘆洲區民權路96巷1弄2號,吳O芮,0978706835,,2026/07/16,2026/07/16,Y,Y
62133814,睿客行銷有限公司,"Rayco Marketing CO., LTD.",新北市新店區北新路1段12號16樓,鄭O光,0986080190,,2026/07/15,2026/08/24,Y,Y
62154704,定力股份有限公司,"DINGLI WISDOM CO., LTD.",新北市土城區明德路2段58號4樓之1,曾O珍,02-22741333,,2026/07/15,2026/08/04,Y,Y
17434923,普賢寺,Taiwan San-Hsia Pu-Hsien Temple,新北市三峽區頭寮坑路13號,許O彥,,,2026/07/15,2026/07/17,Y,Y
91747409,晟元工程行,CHENG WUAN ENGINEERING Co.,新北市板橋區新海路431巷25號,程O英,,,2026/07/15,2026/07/16,Y,Y
60325055,衝擊力行銷有限公司,"IMPACT MARKETING CO., LTD.",新北市板橋區三民路2段33號14樓,許O煜,0980129208,,2026/07/15,2026/07/15,Y,Y
60333421,舍然大喜寵物食品有限公司,Taki Pets Limited,新北市中和區錦和路173號2樓,陳O諭,0928964228,,2026/07/15,2026/07/15,Y,Y
60379100,針準科技股份有限公司,"AIMTRA TECH CO., LTD.",新北市土城區明德路一段33號8樓,吳O蓉,0936076519,,2026/07/15,2026/07/15,Y,Y
60474879,群茂生物科技有限公司,"Qunmao Biotechnology Co., Ltd.",新北市樹林區保安街2段337巷33號11樓,曾O芸,,,2026/07/15,2026/07/15,Y,Y
61271388,湄恭賀企業社,MKR Ornamental Fish Trading Co.,新北市新店區碧安街26號3樓,張O真,0908558398,,2026/07/15,2026/07/15,Y,Y
61274884,固執選品工作室,Coupleku Studio,新北市泰山區仁愛路65號12樓,王O,,,2026/07/15,2026/07/15,Y,Y
62069003,裕睿科技股份有限公司,"Yu Rui Technology CO., LTD.",新北市三重區重陽路3段5巷20號(2樓),羅O賓,02-89850157,,2026/07/15,2026/07/15,Y,Y
62101329,琳琳柒有限公司,"007 Co., Ltd.",新北市汐止區大同路2段298號7樓,張O芸,,,2026/07/15,2026/07/15,Y,Y
62101860,心元生醫股份有限公司,Corign Corporation LTD.,新北市中和區中山路2段116巷5弄5號4樓,陳O羽,,,2026/07/15,2026/07/15,Y,Y
62102039,鑫詩珠寶有限公司,"Xin Shi Jewelry CO., LTD.",新北市板橋區三民路1段140號,温O婷,0989993718,,2026/07/15,2026/07/15,Y,Y
62133336,聲音無限有限公司,"Voice Infinity Co., Ltd.",新北市新莊區新莊路152巷13號(1樓),呂O臻,,,2026/07/15,2026/07/15,Y,Y
62180908,卓朗文化有限公司,Blazepath Press Ltd.,新北市板橋區館前東路26號3樓之2,卓O雯,,,2026/07/15,2026/07/15,Y,Y
62200094,廣熯科技股份有限公司,Coolify INC.,新北市汐止區新台五路1段93號24樓之2,廖O彬,02-26971868,,2026/07/15,2026/07/15,Y,Y
27800390,鈺翔電線有限公司,"Yu Xiang Wire CO., LTD.",新北市鶯歌區中山路166巷10號,陳O南,86773180,,2026/07/14,2026/07/14,Y,Y
60388419,元智芯科技有限公司,"Guan-ti-sim Technology CO., LTD.",新北市新店區永業路81巷3弄15號2樓,黃O元,0978880801,,2026/07/14,2026/07/14,Y,Y
60459526,璞貝品味生活股份有限公司,"Pubei Bespoke CO., LTD.",新北市新店區中央路155號17樓之9,紀O兒,0976372134,,2026/07/14,2026/07/14,Y,Y
61252093,增旺企業社,Earned Energy Co.,新北市永和區中正路417號8樓,呂O阿里,,,2026/07/14,2026/07/14,Y,Y
61265371,陸月禾實商行,Lu Yuehe Shi Company,新北市新莊區中平路35號(1樓),陳O傑,0901025519,,2026/07/14,2026/07/14,Y,Y
62054825,沁聽音響有限公司,"Scint Audio CO., LTD.",新北市新店區華城三路58號（1樓）,張O蓉,0982380302,,2026/07/14,2026/07/14,Y,Y
62102185,食創顧問有限公司,"FoodStartup Consulting Co., Ltd.",新北市中和區連城路99巷7號2樓,陳O彥,,,2026/07/14,2026/07/14,Y,Y
62133363,深海肌秘有限公司,"Deep Sea Jimi CO., LTD.",新北市樹林區鎮前街433號9樓,王O儀,0930662059,,2026/07/14,2026/07/14,Y,Y
62133498,光所國際有限公司,"HikariField International CO., LTD.",新北市永和區中和路343號8樓之2,劉O怡,,,2026/07/14,2026/07/14,Y,Y
91791811,次郎食堂,JIRO SHOKUDO SHOP,新北市汐止區福德一路150號,梁O虹,,,2026/07/14,2026/07/14,Y,Y
93570151,福山科技有限公司,"Fushan Technology Co., Ltd.",新北市新莊區中平路152巷26號5樓,洪O睿,0988-128611,,2026/07/14,2026/07/14,Y,Y
28841813,華翊國際有限公司,"Huayi International CO., LTD.",新北市板橋區華江一路588號2樓,華O瑩,0932776058,,2026/07/13,2026/08/18,Y,Y
53900607,黑角設計有限公司,"BLACK JOKER CO., LTD.",新北市板橋區文昌街24巷5號(1樓),黃O帝,02-22752899,,2026/07/13,2026/07/13,Y,Y
54880489,先晨科技有限公司,Easyedge tech Limited Company,新北市三重區力行路2段130巷10號4樓,蘇O束滿,,,2026/07/13,2026/07/13,Y,Y
60379039,璐熹思有限公司,"LUXIS CO., LTD.",新北市板橋區中山路1段293之1號10樓之1,鄭O熹,0909112651,,2026/07/13,2026/07/13,Y,Y
60379538,橋翼有限公司,EpNex LLC.,新北市三重區重新路2段46之8號3樓,蘇O喬,0908073612,,2026/07/13,2026/07/13,Y,Y
60473013,靈感盒子創意有限公司,Inspire Box Company Limited,新北市新莊區五權一路12巷9弄1號2樓,陳O馨,02-7730-0860#9732,,2026/07/13,2026/07/13,Y,Y
62061369,沛芙娛樂有限公司,"Peifu Entertainment Co., Ltd.",新北市林口區文化二路1段266號地下一層之8,許O涵,0903221668,,2026/07/13,2026/07/13,Y,Y
62100551,燦璿有限公司,"ALBRIGHT CO., LTD.",新北市板橋區中山路1段10號9樓,陳O潔,0905591760,,2026/07/13,2026/07/13,Y,Y
62101550,舜佳有限公司,SHUN CHIA Co. Ltd,新北市樹林區龍興街46巷20號2樓,杜O燕,,,2026/07/13,2026/07/13,Y,Y
62119257,台灣福神製造有限公司,"Taiwan TwinBabies CO., LTD.",新北市板橋區三民路2段33號14樓,丁O綺,,,2026/07/13,2026/07/13,Y,Y
62133321,承捷國際股份有限公司,"ACPI TECHNOLOGY CO., LTD.",新北市中和區建一路150號13樓之4,呂O妮,,,2026/07/13,2026/07/13,Y,Y
62133384,綢兒子文化創意有限公司,Char Char Studio Limited,新北市中和區民安街25巷21號,盧O男,02-27225255,,2026/07/13,2026/07/13,Y,Y
62155730,零度肌序生醫有限公司,"Zero-degree muscle sequence CO., LTD.",新北市中和區中山路2段332巷1號7樓,洪O勲,0902142568,,2026/07/13,2026/07/13,Y,Y
62200030,沃特先進有限公司,"Walter Advance Tech CO., LTD.",新北市板橋區中山路2段153號13樓,林O宇,,,2026/07/13,2026/07/13,Y,Y
69533311,紅寶石休閒有限公司,"Ruby Leisure CO., LTD.",新北市板橋區華江一路216號13樓,賴O財,,,2026/07/13,2026/07/13,Y,Y
83109364,四季人造花有限公司,"Seasons Flower CO., LTD.",新北市鶯歌區大湖路211號2樓,陳O宏,0920390811,,2026/07/13,2026/07/13,Y,Y
89164687,暢德環能股份有限公司,"Chander Environmental & Energy CO., Ltd.",新北市林口區竹林路53巷22號5樓,陳O仁,0910-269376,,2026/07/13,2026/07/13,Y,Y
91419216,以恩音樂工作室,Yien Music Studio,新北市林口區南勢街278號4樓之3,吳O恩,,,2026/07/13,2026/07/13,Y,Y
95139356,心悅茶行,XINYUE TEA Co.,新北市鶯歌區福安街32巷46號(1樓),陳O成,,,2026/07/13,2026/07/13,Y,Y
62258026,華軒橙舍股份有限公司,"HUA XUAN C-DESIGN CO., LTD.",新北市三重區光復路2段69號16樓,柯O斌,,,2026/07/10,2026/07/10,Y,Y
42906246,臺醫壹號創業投資有限合夥,Taiwan Medical Biotech Fund Limited Partnership,新北市新店區北新路3段225號1樓,新O資本股份有限公司,,,2026/07/09,2026/07/09,Y,Y
60370311,放開心文化有限公司,"Fun-Heart Culture CO., LTD.",新北市蘆洲區民族路447號,楊O玲,0936-455821,,2026/07/09,2026/07/09,Y,Y
61271373,林江商行,T C F CARBON FIBER FIRM,新北市鶯歌區中湖街309巷6弄3號,林O欣,02-26707545,,2026/07/09,2026/07/09,Y,Y
62061311,承暉展創股份有限公司,"INFOTRENDS VISIONCRAFT CO., LTD.",新北市新店區寶中路94號5樓,簡O英,02-29135255,,2026/07/09,2026/07/09,Y,Y
62061868,日億視聽顧問有限公司,HPCL Consultation LTD.,新北市新店區中正路四維巷6號3樓,陳O晉,,,2026/07/09,2026/07/09,Y,Y
62102050,匯錄取智能教育有限公司,"Im Admitted Edu Tech Co., Ltd.",新北市林口區文化二路1段390號5樓,林O淳,,,2026/07/09,2026/07/09,Y,Y
62249821,松億有限公司,"Songyi Co., Ltd.",新北市三峽區中正路1段225號,黃O君,02-26689065,02-26687039,2026/07/09,2026/07/09,Y,Y
83146797,福鷺社會企業股份有限公司,"Fu Lu Social Enterprise CO., LTD.",新北市蘆洲區中正路241號5樓,張O智,,,2026/07/09,2026/07/09,Y,Y
90572583,春文文創有限公司,"CHUN WEN CULTURAL & CREATIVE CO., LTD.",新北市汐止區樟樹一路1巷8號7樓,李O庭,0987724518,,2026/07/09,2026/07/09,Y,Y
93654497,十拾股份有限公司,"Ten Ten Co., Ltd.",新北市永和區中和路499號4樓之18,曾O筠,,,2026/07/09,2026/07/09,Y,Y
93933219,寒悅有限公司,"Elisa's wonderland CO., LTD.",新北市土城區中央路3段126巷3弄5號,柯O寒,02-22640222,,2026/07/09,2026/07/09,Y,Y
94095438,綠燈有限公司,Green Signal LTD.,新北市板橋區民生路1段33號20樓之3,丁O聖,0981071278,,2026/07/09,2026/07/09,Y,Y
95480417,優藍達國際有限公司,"YOLANDA INTERNATIONAL CO., LTD.",新北市新店區安興路127之6號12樓,闕O汝,,,2026/07/09,2026/07/09,Y,Y
83385749,良昇生技股份有限公司,"LIFESHINE BIOTECH CO., LTD.",新北市中和區景新街338號12樓,周O君,02-22467799,,2026/07/08,2026/09/24,Y,Y
22927166,冠珩有限公司,"Kuan Heng CO., LTD.",新北市樹林區俊英街116巷41弄25號,廖O珠,02-22814706,02-22818706,2026/07/08,2026/07/08,Y,Y
54272295,瑪利國際股份有限公司,Anady International CORP.,新北市三峽區民生街229號2樓之12,蘇O安,02-26736872,02-26736872,2026/07/08,2026/07/08,Y,Y
60055382,逸昇企業社,Wenxiang international import & export enterprise Co.,新北市中和區南山路320巷3號,程O祥,,,2026/07/08,2026/07/08,Y,Y
61254780,開心購企業社,Happy Go Company,新北市板橋區民生路2段235號(1樓),吳O蓁,,,2026/07/08,2026/07/08,Y,Y
61273962,鑫龍國際企業社,Primo International Enterprise Co.,新北市樹林區中正路680號(1樓),鍾O得,02-26880113,,2026/07/08,2026/07/08,Y,Y
62068742,沄鈿國際有限公司,"YUNDIAN INTERNATIONAL CO., LTD.",新北市三重區重新路2段21號11樓,王O鈞,0976912780,,2026/07/08,2026/07/08,Y,Y
62100829,寧飛國際股份有限公司,"NINGFEINT CO., LTD.",新北市中和區中正路716號10樓之1,劉O婷,0953080631,,2026/07/08,2026/07/08,Y,Y
62101593,凱益貿易有限公司,"Kaiyi Trading Co., Ltd.",新北市汐止區樟樹一路2巷57號3樓,林O凱,0906-387171,,2026/07/08,2026/07/08,Y,Y
62101616,參伍自行車工程有限公司,"35 Engineering Co., Ltd.",新北市三重區中正北路193巷35弄21號,KOMAROVIVAN,02-25210720,,2026/07/08,2026/07/08,Y,Y
62120347,旭曜印刷有限公司,"XU YAO PRINTING CO., LTD.",新北市中和區連城路258號16樓之7,賴O峰,02-2228-1589,02-8228-1189,2026/07/08,2026/07/08,Y,Y
80587854,巧昱服飾設計有限公司,"Chiao-Yu Apparel Design CO., LTD.",新北市新莊區新莊路633號1樓,李O婷,02-2998-1380,,2026/07/08,2026/07/08,Y,Y
82138685,健勝實業社,jiansheng168168 Co.,新北市中和區中正路701號7樓,黃O萍,,,2026/07/08,2026/07/08,Y,Y
89117496,益暄資訊科技有限公司,"YI XUAN INFORMATION TECHNOLOGY CO., LTD.",新北市蘆洲區永安北路2段8巷10號6樓,林O禾,,,2026/07/08,2026/07/08,Y,Y
90568912,政興工業有限公司,Chenghsing Industrial Ltd.,新北市板橋區南雅南路2段104號14樓,吳O文,,,2026/07/08,2026/07/08,Y,Y
90569383,樓格影像製作有限公司,"Log Studio Co., Ltd.",新北市新店區北新路2段97巷2號5樓,朱O祥,0970332902,,2026/07/08,2026/07/08,Y,Y
93684886,新願資本股份有限公司,"Wish Capital CO., LTD.",新北市汐止區建成路56巷69弄1號11樓之5,李O芳,,,2026/07/08,2026/07/08,Y,Y
62068927,悠利飾股份有限公司,"TAIWAN UNISCE CO., LTD.",新北市林口區民生路46號,李O琪,02-27667706,02-26011693,2026/07/07,2026/07/07,Y,Y
62101355,風創技術有限公司,WindNovate Technology LTD.,新北市三重區福德北路12號3樓,吳O達,02-27127955,,2026/07/07,2026/07/07,Y,Y
62101475,智拓產業諮詢有限公司,InnoVision Consulting limited company,新北市八里區商港七路15號16樓,李O祥,,,2026/07/07,2026/07/07,Y,Y
62155909,霓星娛樂有限公司,"Neon Star Entertainment CO., LTD.",新北市板橋區館前東路26號3樓之2,黃O達,,,2026/07/07,2026/07/07,Y,Y
62180294,湛原生技有限公司,"GEM ONE BIOTECH CO., LTD.",新北市永和區得和路104巷16號（1樓）,戴O祐,02-29499482,,2026/07/07,2026/07/07,Y,Y
80025231,夾叻浮商行,LEFU TRADING CO.,新北市樹林區名園街15號,葉O財,,,2026/07/07,2026/07/07,Y,Y
00140879,汎洲興業有限公司,"Panworks CO,LTD.",新北市中和區華新街109巷38號7樓之1,易O鈞,02-86606101,,2026/07/06,2026/07/06,Y,Y
00178184,玖漾國際行銷有限公司,"Pixelholic Marketing CO., LTD.",新北市汐止區弘道街8巷1弄10號,蔡O仲,0905973771,,2026/07/06,2026/07/06,Y,Y
60346811,雪村莊園股份有限公司,"Purple Sky Winery U.S.A. CO., LTD.",新北市新莊區建安街16巷2號3樓,芶O生,,,2026/07/06,2026/07/06,Y,Y
60352876,東濨東濨有限公司,Dontzu Limited Company,新北市新莊區中正路742巷2弄4號4樓,朱O霖,,,2026/07/06,2026/07/06,Y,Y
60548696,回饋圈圈股份有限公司,Giftback Global CORP.,新北市汐止區新台五路1段95號22樓之12,林O平,,,2026/07/06,2026/07/06,Y,Y
62057098,新加坡商霍夫曼施洛福有限公司台灣分公司,"Hoffman Schroff Pte Ltd, Taiwan Branch(Singapore)",新北市林口區文化三路2段455號12樓,劉O敏LIEWSHIAUMIN,,,2026/07/06,2026/07/06,Y,Y
62068665,台灣瑞泰晶創科技有限公司,"RUISTAR SEMICONDUCTOR CO., LTD.",新北市中和區連城路268號13樓之2,嚴O雄,,,2026/07/06,2026/07/06,Y,Y
62100378,越順有限公司,"YUE SHUN CO., LTD.",新北市永和區仁愛路54號,高O苹,,,2026/07/06,2026/07/06,Y,Y
62100813,昇璣科學有限公司,Gasen SciTek LTD.,新北市深坑區北深路3段159之1號9樓,朱O伶,,,2026/07/06,2026/07/06,Y,Y
62101003,曜金天際影像製作有限公司,"Sky World International Video Production CO., LTD.",新北市新莊區豐盛一街16號15樓,張O質,,,2026/07/06,2026/07/06,Y,Y
62126623,霖鴻茶有限公司,"LIN HUNG CHA CO., LTD.",新北市永和區秀朗路2段117號,林O劭,0978128533,,2026/07/06,2026/07/06,Y,Y
62179682,璟誠有限公司,CHING CHENG LTD.,新北市蘆洲區中正路243巷7弄16號4樓,鄭O璟,0937981814,,2026/07/06,2026/07/06,Y,Y
62179965,睿沛有限公司,Arispe Company Limited,新北市板橋區仁化街186號4樓,王O富,,,2026/07/06,2026/07/06,Y,Y
80218326,昱統科技有限公司,"Yi-Tong Technology CO., LTD.",新北市樹林區忠愛街10號3樓,邱O炎,02-26761205,,2026/07/06,2026/07/06,Y,Y
83076820,智聯設計股份有限公司,"Smart IoT CO., LTD.",新北市新店區安民街291號4樓,朱O宜,,,2026/07/06,2026/07/06,Y,Y
89194943,宸驍文化傳媒有限公司,"Chenxiao Culture Media CO., LTD.",新北市三重區明志街91號,李O瑋,,,2026/07/06,2026/07/06,Y,Y
91772201,巨邦商貿行,JUBANG Company,新北市淡水區大忠街41巷12號7樓,黃O娟,,,2026/07/06,2026/07/06,Y,Y
91776918,虹安企業社,Hungan Co.,新北市土城區學府路2段276號18樓,王O安,,,2026/07/06,2026/07/06,Y,Y
95141923,樂麥商貿行,LEMAI Company,新北市三重區光復路1段112巷13號,鄭O中,,,2026/07/06,2026/07/06,Y,Y
16760408,彩意企業有限公司,"Caiyi Enterprise Co., Ltd.",新北市新店區富貴街23巷2號,許O櫻,02-22145786,,2026/07/04,2026/07/04,Y,Y
28813627,永煬實業有限公司,"Yong Yang Industrial CO., LTD.",新北市中和區景平路763號7樓之2,羅O鳳,02-22456528,,2026/07/03,2026/07/03,Y,Y
36251753,富盟針織企業有限公司,Fullmon LTD.,新北市新店區新坡一街18巷4弄23號3樓,詹O超,,,2026/07/03,2026/07/03,Y,Y
41400959,多茄米拉創意甜點,Dolce Vita Dessert Shop,新北市三重區永福街72巷1號,陳O傑,,,2026/07/03,2026/07/03,Y,Y
60067444,堇力影像工作室,Kochinchen Image Studio,新北市永和區成功路2段191巷1號6樓之6,陳O勤,,,2026/07/03,2026/07/03,Y,Y
61265858,時雨商行,Shiyu Trading COMPANY,新北市新莊區五工一路87巷9號,陳O豪,0976171269,,2026/07/03,2026/07/03,Y,Y
61272730,獵人果業商行,Hunter Fruit Commercial Firm,新北市泰山區明志路3段341巷1弄10號4樓,王O霖,,,2026/07/03,2026/07/03,Y,Y
62061699,貓日和有限公司,"Meowday CO., LTD.",新北市板橋區中正路326巷4弄5號4樓,陳O君,,,2026/07/03,2026/07/03,Y,Y
62062064,維耀國際有限公司,"WEI YAO INTERNATIONAL CO., LTD.",新北市新店區永平街16巷8號(1樓),詹O維,,,2026/07/03,2026/07/03,Y,Y
62068996,艾立結構有限公司,"AILI Structural CO., LTD.",新北市三重區頂崁街210巷48弄19號5樓,孔O祥,02-29813688,,2026/07/03,2026/07/03,Y,Y
62100222,樂聚蔬果國際有限公司,"Joyfull CO., LTD.",新北市板橋區縣民大道3段134號,李O駿,,,2026/07/03,2026/07/03,Y,Y
62100503,娜維亞國際有限公司,NAVIA INTERNATIONAL LTD.,新北市新莊區思源路171號10樓,陳O庭,,,2026/07/03,2026/07/03,Y,Y
62100638,研準精密量測有限公司,"AccuraLab Precision Metrology CO., LTD.",新北市汐止區新台五路1段171號25樓,賴O甫,,,2026/07/03,2026/07/03,Y,Y
80648276,國弘系統科技有限公司,"KUO HUNG SYSTEM TECHNOLOGIES CO., LTD.",新北市新店區中興路1段274號,王O杰,02-29178553,,2026/07/03,2026/07/03,Y,Y
82973781,寶鉑國際有限公司,blancpo LTD.,新北市土城區中華路1段36號7樓之1,蔡O宬,,,2026/07/03,2026/07/03,Y,Y
89197385,宜皓國際有限公司,"HEAP HAUS International Co., Ltd.",新北市中和區成功路8號,江O立,03-3010957,03-3010853,2026/07/03,2026/07/03,Y,Y
91415133,元體信號藝術工作室,Yuan Ti Signal Art Studio,新北市永和區仁愛路309號3樓之6,陳O元,0975551613,,2026/07/03,2026/07/03,Y,Y
95460854,摩比智慧科技股份有限公司,"MobiWebX Smart Technologies CO., LTD.",新北市蘆洲區集賢路238之6號8樓,曾O誠,02-82850124,,2026/07/03,2026/07/03,Y,Y
60388945,迪威裝潢有限公司,"DIWAY CO., LTD.",新北市中和區中正路736號14樓之3,陳O豪,02-27960036,,2026/07/02,2026/08/01,Y,Y
60056185,我的迷你馬場商行,MY MINI HORSE FARM CO.,新北市新店區禾豐二路54號2樓,江O穎,0981379744,,2026/07/02,2026/07/02,Y,Y
60418429,穩基機械有限公司,"WEN JI MACHINERY CO., LTD.",新北市三重區集賢路23號2樓,吳O霖,,,2026/07/02,2026/07/02,Y,Y
60707379,洛宇有限公司,"Ryutou CO.,LTD.",新北市永和區大新街43號,王O宇,0939633215,,2026/07/02,2026/07/02,Y,Y
62126412,樂科包裝股份有限公司,"Lecopak CO., LTD.",新北市中和區建八路2號7樓,孫O涵,02-8226-7368,,2026/07/02,2026/07/02,Y,Y
83503963,樂樂企業有限公司,"Lele Enterprise Co., Ltd.",新北市永和區仁愛路248之1號20樓,吳O集,0952903588,,2026/07/02,2026/07/02,Y,Y
94136769,文鉑予有限公司,"Wenboyu CO., LTD.",新北市新店區北新路2段262號3樓之3,羅O廷,0908-601933,,2026/07/02,2026/07/02,Y,Y
00121161,王冠綠能股份有限公司,"Vertex Renewables CO., LTD.",新北市永和區中和路499號4樓之18,王O翊,0953506786,,2026/07/01,2026/07/31,Y,Y
00145987,禾家網絡有限公司,"He Jia Network CO., LTD.",新北市板橋區文化路2段285號21樓,趙O毅,,,2026/07/01,2026/07/01,Y,Y
60311550,鈺祥電氣技術顧問股份有限公司,YuXiang Electric Technology Consultants INCORPORATED,新北市中和區景平路268號13樓之1,江O堂,,,2026/07/01,2026/07/01,Y,Y
62060988,澳德亞太地產有限公司,"Aode Asia Pacific Real Estate Co., Ltd.",新北市中和區立業路101號（1樓）,LOMSERENO,,,2026/07/01,2026/07/01,Y,Y
62061255,亞馬遜石英礦業股份有限公司,"Amazon Quartz Mining CO., LTD.",新北市板橋區文化路2段285號21樓,林O宇,,,2026/07/01,2026/07/01,Y,Y
62068166,立衡製程分析有限公司,"PAT Analytics Co., Ltd.",新北市板橋區文化路2段285號21樓,王O茜,,,2026/07/01,2026/07/01,Y,Y
62068855,十一月影像製作有限公司,"Nove Film Production CO., LTD.",新北市新莊區中正路新生巷7弄4號3樓,吳O儒,09-21820494,,2026/07/01,2026/07/01,Y,Y
62087699,宸御智慧科技有限公司,"AEGISMIND CO., LTD.",新北市板橋區三民路2段28號9樓,呂O榆,0907095128,,2026/07/01,2026/07/01,Y,Y
62199836,百藝國際室內裝修有限公司,"Bai Yi International Interior Design & Decoration CO., LTD.",新北市淡水區中正路2段22巷14號23樓,林O展,02-28053919,,2026/07/01,2026/07/01,Y,Y
66983517,玖仁堂茶行,JIURENTANG Co.,新北市土城區中央路2段298號6樓,詹O池,,,2026/07/01,2026/07/01,N,N
83614790,舒易麗全球有限公司,SHU YI LI GLOBAL LTD.,新北市新莊區中正路80之1號5樓,陳O宏,,,2026/07/01,2026/07/01,Y,Y
62068807,新曜供應鏈有限公司,"Xinyao Supply Chain CO., LTD.",新北市新莊區華興街10號3樓,林O齡,,,2026/06/30,2026/07/01,Y,Y
05412810,秋吉有限公司,CHO JI COMPANY LIMITED.,新北市中和區國光街215巷3之3號4樓,尤O勝,,,2026/06/30,2026/06/30,Y,Y
27426726,暻竑實業有限公司,"JIN HONG Ent., CO.,LTD.",新北市瑞芳區逢甲路260號8樓,李O琴,0932235943,,2026/06/30,2026/06/30,Y,Y
61266012,禾壹企業社,Heyee Co.,新北市五股區御成路22號3樓,薛O婷,,,2026/06/30,2026/06/30,Y,Y
62061760,杰市股份有限公司,"JS BioCare CO., LTD.",新北市汐止區新台五路1段77號13樓之7,劉O駿,,,2026/06/30,2026/06/30,Y,Y
62061781,芯研生技股份有限公司,"CoreDerm Research & Innovation CO., LTD.",新北市林口區文化三路2段76號2樓,劉O杰,02-29913585,,2026/06/30,2026/06/30,Y,Y
62062135,奧睿科技股份有限公司,"Aurix Technology CO., LTD.",新北市三重區中正北路15號5樓,林O慧,,,2026/06/30,2026/06/30,Y,Y
62180196,駿霖鮮果股份有限公司,"Chun Lin CO., LTD.",新北市中和區員山路611巷3號,郭O霖,,,2026/06/30,2026/06/30,Y,Y
89171174,宏成國際有限公司,"HungCheng CO., LTD.",新北市淡水區水源街2段177巷104號6樓,鄭O宏,,,2026/06/30,2026/06/30,Y,Y
92730095,耐家家具行,NAIJIA FURNITURE Store,新北市汐止區福德一路187號7樓,余O渝,0926531340,,2026/06/30,2026/06/30,Y,Y
93788720,宇岑開發國際有限公司,JSTCMOTOR INTERNATIONAL LTD.,新北市樹林區俊興街210巷3號（1樓）,劉O岑,,,2026/06/30,2026/06/30,Y,Y
61268927,妡睞匯口筆譯工作室,Thynkosphere Language Consulting Firm,新北市永和區秀安街2號2樓,郭O君,,,2026/06/29,2026/06/30,Y,Y
00222273,先鏡國際有限公司,"ADVANCE LENS INTERNATIONAL CO., LTD.",新北市新莊區五工路84號7樓,宋O華,0903595753,,2026/06/29,2026/06/29,Y,Y
24695894,先進聯合系統工程有限公司,"Vanguard United Systems Engineering Co., Ltd.",新北市汐止區新台五路1段77號之4（1樓）,廖O如,,,2026/06/29,2026/06/29,Y,Y
27670761,生活家應用科技有限公司,"Live House CO., LTD.",新北市土城區慶祥街50號,陳O升,,,2026/06/29,2026/06/29,Y,Y
54271654,時印設計有限公司,"Siing Design CO., LTD.",新北市新店區中正路560巷8號,吳O凡,02-29251998,02-29251778,2026/06/29,2026/06/29,Y,Y
60004862,智慧光耀商行,Smart Light Glory Firm,新北市新莊區雙鳳路73巷18號,張O卿,,,2026/06/29,2026/06/29,Y,Y
60004883,智慧光銘商行,Smart Light Ming Firm,新北市新莊區雙鳳路73巷18號,張O真,,,2026/06/29,2026/06/29,Y,Y
60334126,曜杉科技股份有限公司,"Yao Shan Technology CO., LTD.",新北市鶯歌區鶯桃路91巷31弄16號,許O素如,,,2026/06/29,2026/06/29,Y,Y
61270727,玖發腰包行,Jiufa Waist Bag Shop,新北市中和區中正路736號14樓之3,曹O發,02-29633053,,2026/06/29,2026/06/29,Y,Y
62061086,建鼎研磨材料有限公司,"Jian Ding sandpaper CO., LTD.",新北市土城區延吉街391號4樓,衛O貞,,,2026/06/29,2026/06/29,Y,Y
62061852,克里莎貿易有限公司,"CHRILISA INTERNATIONAL CO., LTD.",新北市新莊區新莊路543巷7弄13號4樓,歐O夫,,,2026/06/29,2026/06/29,Y,Y
62061895,力創智能有限公司,"FitMonster AI CO., LTD.",新北市中和區建八路2號7樓,羅O如,0938778637,,2026/06/29,2026/06/29,Y,Y
62068193,昕詮有限公司,"HSIN CHUAN MOTOR CO., LTD.",新北市淡水區新民街222巷19號3樓,許O禎,02-26264337,,2026/06/29,2026/06/29,Y,Y
62068519,吉彼創新科技股份有限公司,GB-NEX INC.,新北市新莊區中正路力行巷11弄13號（1樓）,侯O青,02-29014477,02-29012555,2026/06/29,2026/06/29,Y,Y
62155149,晏嘉國際有限公司,"YAN JIA INTERNATIONAL CO., LTD.",新北市板橋區中山路2段60巷39弄25號5樓,陳O仲,037-236689,,2026/06/29,2026/06/29,Y,Y
62180317,悟空有限公司,Goku Microelectronics Company Limited,新北市中和區連城路456巷2弄5號(1樓),劉O霓,02-22260268,,2026/06/29,2026/06/29,Y,Y
62180484,品繹顧問有限公司,"Pinyi Consulting Co., Ltd.",新北市永和區秀朗路2段227號9樓之2,曾O瑄,,,2026/06/29,2026/06/29,Y,Y
62180870,牧匠國際有限公司,"PastureCraft International CO., LTD.",新北市樹林區中山路1段122號12樓,夏O星,0910948610,,2026/06/29,2026/06/29,Y,Y
89158778,鋐匯貿易有限公司,"Honghui Trading CO., LTD.",新北市蘆洲區九芎街153巷10號3樓,連O惠,,,2026/06/29,2026/06/29,Y,Y
90385863,日增國際有限公司,"Rizeng International CO., LTD.",新北市中和區南山路81巷25號5樓,王O涵,02-27119801,,2026/06/29,2026/06/29,Y,Y
90463810,新必治水有限公司,"Protons Taiwan Enterprise CO., LTD.",新北市淡水區新春街101號,王O翰,02-27015536,,2026/06/29,2026/06/29,Y,Y
94019093,奉旨討食有限公司,"Feng zhi tao shi CO., LTD.",新北市三重區三民街72號,厲O杰,0918150097,,2026/06/29,2026/06/29,Y,Y
62068150,沁岳國際貿易有限公司,"Qinyue International Trade CO., LTD.",新北市三峽區復興路155號12樓之3,陳O宏,,,2026/06/27,2026/06/27,Y,Y
62126715,潤煜科技有限公司,"Run-Yu Technology CO., LTD.",新北市三重區重新路五段609巷12號之2,張O郁,0971882831,,2026/06/27,2026/06/27,Y,Y
62216130,你好藝術社有限公司,"Hello Art Studio CO., LTD.",新北市新店區如意街73號6樓,史O凡,02-29277149,02-22463737,2026/06/27,2026/06/27,Y,Y
62257899,章魚腦有限公司,"Octomind CO., LTD.",新北市三重區中寮街57巷17號2樓,黃O媛,0926100481,,2026/06/27,2026/06/27,Y,Y
42708724,金峰貿易有限公司,"JIN FENG TRADING CO., LTD.",新北市新莊區中正路649之3號2樓,黃O茂,02-29030918#18,02-29030098,2026/06/26,2026/06/26,Y,Y
60313473,韻築有限公司,"M&H CO., LTD.",新北市中和區中山路3段136巷81號3樓,洪O茹,,,2026/06/26,2026/06/26,Y,Y
60616928,靈文創有限公司,"Rei Creative CO., LTD.",新北市中和區橋安街6號5樓,吳O茱,0970763153,,2026/06/26,2026/06/26,Y,Y
61234217,肚肚圓滾滾商號,MEATFISH Co.,新北市樹林區育英街142號3樓,鄭O婷,0966627662,,2026/06/26,2026/06/26,Y,Y
61268449,芸蔚工藝工作室,SCUTE COLLECTION Craft Studio,新北市五股區中興路1段95巷26號(2樓),江O融,0229837838,,2026/06/26,2026/06/26,Y,Y
62061993,和勤國際開發有限公司,UNISON International Limited,新北市三重區重新路5段646號7樓之1,蘇O翰,02-29998787,,2026/06/26,2026/06/26,Y,Y
62062091,集晟有限公司,"JI SHENG CO., LTD.",新北市汐止區民族三街38號5樓,陳O銘,02-26472056,,2026/06/26,2026/06/26,Y,Y
62062515,努沙國際有限公司,NUSA EXPRESS LTD.,新北市林口區自強一街55號（1樓）,楊O忠,,,2026/06/26,2026/06/26,Y,Y
62154633,先覺創物有限公司,"CREFORE CO., LTD.",新北市新莊區五工五路9號6樓,王O平,02-28483940#21,02-28488471,2026/06/26,2026/06/26,Y,Y
62180323,豐順電子有限公司,"Feng Shun Electronics Co., Ltd.",新北市新莊區福慧路197號2樓,張O涵,0933962069,,2026/06/26,2026/06/26,Y,Y
91207579,紀德商行,JIDE TRADING Co.,新北市中和區明義街8號(1樓),王O婷,,,2026/06/26,2026/06/26,Y,Y
97339387,德榮昌電機企業有限公司,"De Rong Chang ELECTRIC CO., LTD.",新北市新莊區民安路413號,謝O能,02-29019501,02-29013250,2026/06/26,2026/06/26,Y,Y
00194516,好洞悉有限公司,"HowDungXi CO., LTD.",新北市林口區文化三路1段247號14樓,林O柔,,,2026/06/25,2026/06/25,Y,Y
47077937,佶弘有限公司,"JI HONG WIRE EDM CO., LTD.",新北市樹林區三俊街65巷18弄26號(1樓),簡O全,02-26765991,02-26765276,2026/06/25,2026/06/25,Y,Y
62061810,花路芯悅整合行銷有限公司,Petal & Path Group Ltd.,新北市板橋區莊敬路58號3樓,孫O花,0932329253,,2026/06/25,2026/06/25,Y,Y
62062070,銳隼電通數位有限公司,"Falcom Telecom CO., LTD.",新北市汐止區新台五路1段79號3樓之6,莊O淳,02-77143969,,2026/06/25,2026/06/25,Y,Y
62062108,千引數據有限公司,"Zexus CO., LTD.",新北市八里區龍米路2段88之1號6樓,邱O億,,,2026/06/25,2026/06/25,Y,Y
62154319,華昆國際有限公司,"Kunova INTL CO., LTD.",新北市新莊區思源路412號2樓,蔡O憲,,,2026/06/25,2026/06/25,Y,Y
62180647,祿可行銷有限公司,"LUKE MARKETING CO., LTD.",新北市板橋區縣民大道3段31號,郭O林,02-22502521,,2026/06/25,2026/06/25,Y,Y
84874148,萬進企業有限公司,"WAN CHIN RUBBER CO., LTD.",新北市汐止區福德一路392巷41弄12號,黃O強,02-2692-2010,,2026/06/25,2026/06/25,Y,Y
91230092,智慧照明工作室,WEI Smart Lighting Studio,新北市新莊區民安路188巷8弄5號7樓之20,張O偉,,,2026/06/25,2026/06/25,Y,Y
00079902,卡酷卡有限公司,"Kakuka Co., Ltd",新北市新莊區民安西路120號(2樓),陳O賢,0978620488,,2026/06/24,2026/06/24,Y,Y
00157625,上永商務實業有限公司,SYSU LTD.,新北市三峽區學成路313號3樓之3,姜O瑋,0912598622,,2026/06/24,2026/06/24,Y,Y
60406710,濬焱有限公司,"Jun Yan CO., LTD.",新北市瑞芳區魚坑路66號(1樓),張O承,,,2026/06/24,2026/06/24,Y,Y
60617546,合力麥子園股份有限公司,"Holy Malt CO., LTD.",新北市鶯歌區建國路423號,張O任,02-86775972,,2026/06/24,2026/06/24,Y,Y
60707785,艾菲汀有限公司,"Effetin Co., Ltd",新北市新莊區民安西路120號(2樓),卡O卡有限公司,0978620488,,2026/06/24,2026/06/24,Y,Y
61259820,聰欽企業社,PROPEI Company,新北市五股區國道路3段2巷13號,陳O欽,,,2026/06/24,2026/06/24,Y,Y
61268118,瑞恆晶源商行,Rui Heng Crystal Energy Studio,新北市三重區重陽路4段130號12樓,何O婷,,,2026/06/24,2026/06/24,Y,Y
61270901,朝曦工作室,Mermaid Select Studio,新北市五股區蓬萊路6巷8號4樓,陳O怡,,,2026/06/24,2026/06/24,Y,Y
62061516,喬遠貿易股份有限公司,"Qiaoyuan Trading CO., LTD.",新北市汐止區福德二路390號13樓,陳O榕,,,2026/06/24,2026/06/24,Y,Y
62061804,銳豐事業有限公司,"RayFeng Enterprise CO., LTD.",新北市三峽區學成路327號2樓之13,李O葵,,,2026/06/24,2026/06/24,Y,Y
62180098,荃能消防企業有限公司,"Chuan Neng Fire Protection Enterprise CO., LTD.",新北市中和區廣福路6號4樓,陳O恩,,,2026/06/24,2026/06/24,Y,Y
62180386,曜泩股份有限公司,APEX RESOURCE INC.,新北市板橋區四川路1段253號,呂O芹,,,2026/06/24,2026/06/24,Y,Y
62180668,駿益精工有限公司,"JUNYI PRECISION MACHINERY CO., LTD.",新北市樹林區三俊街65巷31號(1樓),柯O賢,02-77518339,,2026/06/24,2026/06/24,Y,Y
80024633,藝境娛樂工作室,Art Realm Entertainment STUDIO,新北市新店區安康路3段207巷26弄8號3樓,林O民,,,2026/06/24,2026/06/24,Y,Y
89817245,巨石電腦有限公司,"Greatstone computer CO., LTD.",新北市板橋區國光路51號12樓,柏O園,02-29650845,,2026/06/24,2026/06/24,Y,Y
95452067,賺醬飽股份有限公司,"FUPO CO., LTD.",新北市中和區中原街120號9樓,徐O晴,,,2026/06/24,2026/06/24,Y,Y
62061092,英澤智能有限公司,"YINGZE INTELLIGENCE CO., LTD.",新北市淡水區新市二路3段172巷28號11樓,趙O義,,,2026/06/23,2026/08/12,Y,Y
62088304,荺喬樂實業有限公司,Enjole Enterprise Co.,新北市蘆洲區永康街30號,方O茹,098788854,,2026/06/23,2026/07/03,Y,Y
16663807,西南廣告企業有限公司,"Southwest Advertising Enterprise CO., LTD.",新北市土城區延吉街137巷2弄1號,藍O成,02-8252-2107,,2026/06/23,2026/06/23,Y,Y
42730296,翰璜室內裝修設計有限公司,"Han Hao Interior Decoration Design CO., LTD.",新北市板橋區南雅西路2段7巷13號4樓,林O如,,,2026/06/23,2026/06/23,Y,Y
50849769,初原國際餐飲有限公司,"CHUYUAN INTERNATIONAL FOOD & BEVERAGE CO., LTD.",新北市三峽區中正路1段99號(1樓),陳O群,02-26736222,,2026/06/23,2026/06/23,Y,Y
61270162,立人居貼工程行,TOP.interiorfilm Co.,新北市板橋區四川路1段23號9樓,陳O亨,0976112226,,2026/06/23,2026/06/23,Y,Y
62060919,聯盛環球有限公司,"LS Global CO., LTD.",新北市三重區中正北路146號4樓,李O桂,036585880,,2026/06/23,2026/06/23,Y,Y
62061403,安森爾股份有限公司,"Ansoner Co., Ltd.",新北市永和區中正路417號8樓,謝O諺,0902471058,,2026/06/23,2026/06/23,Y,Y
62127051,羅夫創研有限公司,"Rove Lab CO., LTD.",新北市中和區中正路998號3樓,陳O陸,,,2026/06/23,2026/06/23,Y,Y
62178924,元躍實業有限公司,"Yuan Yue Industrial Co., Ltd.",新北市中和區中正路716號10樓之1,王O寶,0905011967,,2026/06/23,2026/06/23,Y,Y
62180739,筠亨國際股份有限公司,YUNHENG INTERNATIONAL CORP.,新北市蘆洲區民生街131巷8號(1樓),陳O伯,02-2706-9977 #32,,2026/06/23,2026/06/23,Y,Y
62258784,貳杉杉林有限公司,"TSLin CO., LTD.",新北市板橋區重慶路60之1號3樓,林O豪,0939560528,,2026/06/23,2026/06/23,Y,Y
83038538,李好有限公司,Lee Amazing Co. Ltd.,新北市蘆洲區忠孝路33巷6號4樓,李O茹,,,2026/06/23,2026/06/23,Y,Y
84296371,元山眼鏡有限公司,Grand Optical Company,新北市三重區龍門路26之2號(1樓),吳O雲,02-23670977,,2026/06/23,2026/06/23,Y,Y
87479985,低蛋白超市,Low protein supermarket Company,新北市汐止區芳園街74號4樓,何O苙,0922713905,,2026/06/23,2026/06/23,Y,Y
90675309,玧誠有限公司,"WINCHARGE CO., LTD.",新北市淡水區新市一路3段22號8樓,吳O勳,02-26202720,,2026/06/23,2026/06/23,Y,Y
62126763,娜日森活有限公司,Mum & Glow LTD.,新北市汐止區東勢街216巷22弄6之6號18樓,楊O閔,0953-525601,,2026/06/22,2026/08/22,Y,Y
83387161,留白計畫股份有限公司,"BLANKPLAN CO., LTD.",新北市林口區文化三路1段447巷108號,王O翔,04-23755002,,2026/06/22,2026/07/24,Y,Y
61269159,禾晟境商行,HeChenJing Co.,新北市中和區中山路2段332巷1號7樓,陳O凱,,,2026/06/22,2026/06/27,Y,Y
42735623,富瑞哲車業有限公司,"FOR RICH J VEHICLE CO., LTD.",新北市新店區溪園路417號,李O誠,0953113387,,2026/06/22,2026/06/22,Y,Y
60633193,允昊國際車業有限公司,"Yun Hao International Motor CO., LTD.",新北市樹林區俊英街197號14樓之5,高O華,0985137054,,2026/06/22,2026/06/22,Y,Y
61266527,唯鈞娛樂工作室,Wei Chun Ent. Studio,新北市新莊區中原路353號4樓,曾O鈞,,,2026/06/22,2026/06/22,Y,Y
62060903,金曜生技有限公司,Aurelia Precision Medicine Ltd.,新北市三峽區中山路257巷14號,程O芬,0963-478122,,2026/06/22,2026/06/22,Y,Y
62061115,三綺管理顧問有限公司,3CC SOLUTIONS LTD.,新北市樹林區學府路340號9樓,陳O豪,,,2026/06/22,2026/06/22,Y,Y
62179249,日岳有限公司,"SunPeak Trading CO., LTD.",新北市三重區中正北路46號4樓,梁O貞,02-29898029,,2026/06/22,2026/06/22,Y,Y
62180490,曜特國際貿易有限公司,"Yaote International Trading CO., LTD.",新北市鶯歌區鶯桃路182巷96弄28號4樓,蕭O昌,,,2026/06/22,2026/06/22,Y,Y
87503325,吉鑫實業社,Jixin Industrial Cooperative Shop,新北市永和區中和路389巷47號3樓,劉O娟,0930238936,,2026/06/22,2026/06/22,Y,Y
89124530,環島跳島體育文創股份有限公司,"Run & Reel Taiwan Creative CO., LTD.",新北市新店區安興路5號地下二層之47,呂O麟,02-29134003,,2026/06/22,2026/06/22,Y,Y
60312116,入厝全屋定制股份有限公司,"HOMECOMING INDUSTRIES CO., LTD.",新北市新莊區福慧路17號6樓,曹O壽,02-22963885,,2026/06/18,2026/07/10,Y,Y
55996613,英屬開曼群島商宏旭控股股份有限公司台灣分公司,"HORNG SHIUE HOLDING CO., LTD. Taiwan Branch(CAYMAN ISLANDS)",新北市林口區文化一路一段86號(2樓),林O源LinWei-Yuan,0901102243,,2026/06/18,2026/06/18,Y,Y
62087683,鑫鉅國際開發有限公司,"NOVA TECH INTERNATIONAL DEVELOPMENT CO., LTD.",新北市三重區龍濱路245號2樓,陳O伍,,,2026/06/18,2026/06/18,Y,Y
93684534,葛林時尚有限公司,GLORIA FASHION CO. LTD.,新北市板橋區宏國路77巷2弄8號(1樓),林O傑,0933305539,,2026/06/18,2026/06/18,Y,Y
42734693,泉菁有限公司,Cyuan Jing LTD.,新北市新莊區思源路173號4樓,陳O琳,0980186391,,2026/06/17,2026/06/17,Y,Y
54701893,甫曉科技股份有限公司,Fushow Technology INC.,新北市永和區永和路1段69號3樓,林O隆,02-23612965,,2026/06/17,2026/06/17,Y,Y
60312811,富程建材有限公司,"FU CHENG BUILDING MATERIALS CO., LTD.",新北市中和區中山路2段33號10樓之2,曾O莉,,,2026/06/17,2026/06/17,Y,Y
60698456,惜安國際有限公司,Zian International Company Limited,新北市蘆洲區復興路87巷38號5樓,夏O聰,,,2026/06/17,2026/06/17,Y,Y
61218666,東帝電競電腦企業社,Dongdi Esports Computer Firm,新北市淡水區民權路177巷8號(1樓),楊O瀚,02-28280388,,2026/06/17,2026/06/17,Y,Y
62126813,日崇股份有限公司,"SunSublime Co., Ltd.",新北市五股區中興路1段12號8樓,林O德,,,2026/06/17,2026/06/17,Y,Y
62158080,香港商南圖有限公司台灣分公司,KIDS KINGDOM LIMITED TAIWAN BRANCH(HONG KONG),新北市新莊區思源路171號10樓,馬O立MAYUEH-LI,,,2026/06/17,2026/06/17,Y,Y
62179493,三良有限公司,TriHarmony International LTD.,新北市新店區中央路155號7樓之2,吳O謙,02-8913-7707,,2026/06/17,2026/06/17,Y,Y
62180007,瑞立系統整合有限公司,"Trayger CO., LTD.",新北市新莊區思源路419巷3號4樓,彭O偉,,,2026/06/17,2026/06/17,Y,Y
62180604,上盈有限公司,"Shang ying Co., Ltd.",新北市板橋區文新路24號,劉O玲,,,2026/06/17,2026/06/17,Y,Y
62257552,振罡電子有限公司,"LCN Electronics Co., Ltd.",新北市汐止區大同路3段196之5號8樓,趙O廷,,,2026/06/17,2026/06/17,Y,Y
62259051,逢瑩工程有限公司,"Fengying Engineering CO., LTD.",新北市三芝區中正路2段29號3樓,曾O成,02-26361195,,2026/06/17,2026/06/17,Y,Y
82302622,定錨財經資訊工作室,Invest Anchors Co.,新北市土城區學府路2段27號12樓,趙O偉,,,2026/06/17,2026/06/17,Y,Y
84665677,文獎企業有限公司,"WEN CHIANG ENTERPRISE CO., LTD.",新北市土城區青山路28巷6號1樓,洪O蟬,02-22661780,,2026/06/17,2026/06/17,Y,Y
91771028,葵壹商行,KUEI YI Firm,新北市板橋區民生路1段28之8號19樓,劉O懿,,,2026/06/17,2026/06/17,Y,Y
94172498,逢成海事工程有限公司,"Fengcheng Marine Engineering CO., LTD.",新北市三芝區中正路1段19巷10號,曾O成,02-26369541,,2026/06/17,2026/06/17,Y,Y
95159367,家佳嬰富企業社,Jiajia Yingfu Enterprise Co.,新北市中和區民生街39號,鄭O玲,,,2026/06/17,2026/06/17,Y,Y
60749912,創億媒有限公司,"Unlimedia CO., LTD.",新北市三重區仁愛街394號,楊O豪,,,2026/06/16,2026/06/16,Y,Y
61268314,薩德工程行,Stunning THAAD Co.,新北市三重區捷運路19巷15之1號,賴O霖,0932996234,,2026/06/16,2026/06/16,Y,Y
62055134,慕光之間股份有限公司,"MU Light International CO., LTD.",新北市新店區北新路1段10號16樓,張O瑜,,,2026/06/16,2026/06/16,Y,Y
62126790,潛域科技股份有限公司,"IRINYX CO., LTD.",新北市板橋區四川路1段136號2樓,吳O南,0918810111,,2026/06/16,2026/06/16,Y,Y
62127094,明翡有限公司,"MINGFEI CO., LTD.",新北市新莊區中平路429號28樓,林O雯,,,2026/06/16,2026/06/16,Y,Y
62155154,御騏科技興業有限公司,"U-Chi Tech Co., Ltd.",新北市蘆洲區中正路243巷3號4樓,鐘O雄,,,2026/06/16,2026/06/16,Y,Y
62155197,羅樂國際食品有限公司,"Lole International Food CO., LTD.",新北市板橋區新海路72巷37號,馬O絜,0981050757,,2026/06/16,2026/06/16,Y,Y
62156013,光場量子股份有限公司,Spectron INC.,新北市淡水區新民街1段7號6樓,李O儒,0983360150,,2026/06/16,2026/06/16,Y,Y
62250657,亞頓生活事業有限公司,"ATUN Lifestyle CO., LTD.",新北市汐止區中興路86號8樓之2,許O莉,,,2026/06/16,2026/06/16,Y,Y
62258320,台灣龍耀環控有限公司,"Taiwan Dragonova Eco-Control CO., LTD.",新北市中和區景平路201號,鄭O慧,,,2026/06/16,2026/06/16,Y,Y
66409106,沛緯有限公司,"Peiwei Co., Ltd.",新北市板橋區和平路24巷2號3樓,蘇O涵,,,2026/06/16,2026/06/16,Y,Y
72677207,谷哥科技通訊社,gufixes Co.,新北市三峽區復興路46之1號,高O谷,02-86712289,,2026/06/16,2026/06/16,Y,Y
90798463,愛自由有限公司,"LOVEJOYFREE CO., LTD.",新北市板橋區長江路1段156巷9弄8號4樓,莊O惠,,,2026/06/16,2026/06/16,Y,Y
95141070,湧恆企業行,YONG HENG IMPORT & EXPORT CO.,新北市蘆洲區鷺江街59號4樓之1,李O勳,02-82811238,,2026/06/16,2026/06/16,Y,Y
95486860,超藝聯國際行銷有限公司,"Chaoyi Lian International Marketing CO., LTD.",新北市三重區重新路4段101之3號2樓,辜O豪,02-29776000,,2026/06/16,2026/06/16,Y,Y
95493102,動眼整合行銷有限公司,"Surpreyes Integrated Marketing CO., LTD.",新北市樹林區三龍街94巷24號,許O燕,02-26899802,,2026/06/16,2026/06/16,Y,Y
53223775,展絃科技有限公司,"Jan Shian Technology CO., LTD.",新北市樹林區東豐街49巷35號(1樓),黃O皇,02-22060650,02-22060671,2026/06/15,2026/08/12,Y,Y
62249646,宸逸全屋定制股份有限公司,"CHEN-YI WHOLE HOUSE CUSTOMIZATION CO., LTD.",新北市新莊區瓊林南路42巷24號,吳O安,,,2026/06/15,2026/08/01,Y,Y
00054070,晶焰數位科技有限公司,"Wowflame Digital Technology CO., LTD.",新北市新莊區中華路2段276號,陳O瑄,02-29925984,,2026/06/15,2026/06/15,Y,Y
30167364,喜恩精品商行,Xi En Firm,新北市板橋區大勇街1巷3之2號（現場僅供辦公室使用）,蔣O欣,,,2026/06/15,2026/06/15,Y,Y
37914908,林坤毅娛樂表演工作室,WOOMAGIC STUDIO,新北市鶯歌區國中街168號5樓,林O毅,02-86772321,,2026/06/15,2026/06/15,Y,Y
50995312,念祖生命禮儀有限公司,"NIEN TSU CO., LTD.",新北市汐止區茄興街20巷1弄11號2樓,詹O富,,,2026/06/15,2026/06/15,Y,Y
60528045,弘泰發精密股份有限公司,"HTF CO., LTD.",新北市樹林區柑園街1段110號,邱O泰,02-26802199,,2026/06/15,2026/06/15,Y,Y
61266836,涼品製作工作室,RYO Prodution Studio,新北市新莊區思源路420號3樓,劉O瑜,,,2026/06/15,2026/06/15,Y,Y
62126150,六兩五錢重股份有限公司,"Six Taels Five Coins CO., LTD.",新北市新店區北新路1段293號18樓之1,莊O存,,,2026/06/15,2026/06/15,Y,Y
62126200,北辰智算有限公司,North Star AI INC.,新北市淡水區沙崙路242號6樓,任O瑋,,,2026/06/15,2026/06/15,Y,Y
62127101,聯盛系統科技有限公司,Unisystem Technology Corp.,新北市淡水區中正東路2段27之1號16樓,葉O吟,02-77308448,,2026/06/15,2026/06/15,Y,Y
62155703,卡里貿易有限公司,CALI TRADING LTD.,新北市板橋區文化路2段285號21樓,賴O玫,,,2026/06/15,2026/06/15,Y,Y
62155871,藍澤科技有限公司,Blue Lake Systems LTD.,新北市新店區安民街67號4樓之1,ROISBACKATOOMUKALORVO,,,2026/06/15,2026/06/15,Y,Y
62155915,芮盟國際股份有限公司,"RAY ALLIANCE International CO., LTD.",新北市三重區重新路5段609巷16號4樓之3,蘇O逞,,,2026/06/15,2026/06/15,Y,Y
62179402,亞沛空間整合股份有限公司,"APayLink Space Integration CO., LTD.",新北市中和區中和路366號4樓,郭O汝,,,2026/06/15,2026/06/15,Y,Y
62179846,英聯技細胞醫學科技股份有限公司,"ElixCell Therapeutics CO., LTD.",新北市中和區中正路866之7號10樓,張O偉,02-82218898,,2026/06/15,2026/06/15,Y,Y
62179917,翔輝嘉安企業有限公司,"Xianghui Jia'an Enterprise CO,LTD",新北市蘆洲區信義路280巷17號（1樓）,楊O進,0932-131781,,2026/06/15,2026/06/15,Y,Y
89199264,豆豆泡泡有限公司,Bubble & Pea LTD.,新北市汐止區新台五路1段95號20樓之6,施O辰,0905522362,,2026/06/15,2026/06/15,Y,Y
90422451,星銓科技有限公司,"STAR TALENT TECHNOLOGY CO., LTD.",新北市中和區錦和路117號,陳O齊,,,2026/06/15,2026/06/15,Y,Y
87469712,昀聲音樂工作室,winsound music Studio,新北市新莊區復興路2段51巷11號,呂O佐,,,2026/06/12,2026/08/11,Y,Y
60788750,何物股份有限公司,"HOWU CO., LTD.",新北市新莊區中平路429號28樓,黃O晉,,,2026/06/12,2026/07/27,Y,Y
26728293,集利撞球用品社,Gili Billiard Boutique,新北市板橋區光武街36巷17號,林O培,0222531619,0222531895,2026/06/12,2026/06/12,Y,Y
61241202,泰發實業社,LFG116 Tarding Company,新北市新莊區中興街12號5樓,劉O榕,02-22503606,,2026/06/12,2026/06/12,Y,Y
61267292,廣嘉企業社,Guangjia Co.,新北市中和區福祥路9號17樓,陳O希,,,2026/06/12,2026/06/12,Y,Y
61267547,百好企業社,BAIHAO FIRM,新北市鶯歌區中正一路234號(1樓),陳O銘,,,2026/06/12,2026/06/12,Y,Y
61268139,迷你福企業社,Minifuu Co.,新北市中和區中山路1段332巷1號3樓,沈O翎,0955065273,,2026/06/12,2026/06/12,Y,Y
62154818,河馬智能科技有限公司,"Hipo Intelligent Technology Co., Ltd.",新北市三重區忠孝路1段21巷5弄7號,官O凱,0902101680,,2026/06/12,2026/06/12,Y,Y
62179199,有為國際科技有限公司,Kandotech Ltd,新北市汐止區新台五路1段97號27樓之7,鄭O哲,,,2026/06/12,2026/06/12,Y,Y
62203748,恩瑞禾國際貿易有限公司,"Arcus Nexus CO., LTD.",新北市新莊區泰順街69號(1樓),鄭O仁,02-25111010,02-25371446,2026/06/11,2026/09/01,Y,Y
16546359,逸侃股份有限公司,"EASECOME PLASTIC CO., LTD.",新北市三重區中正北路508巷13號,謝O英,02-22856631,,2026/06/11,2026/06/11,Y,Y
29167041,甲豐營造有限公司,Jia Fong Company Limited,新北市板橋區陽明街279巷1弄2號4樓,何O呈,,,2026/06/11,2026/06/11,Y,Y
60311566,蝴蝶蝴蝶哪裡跑有限公司,"RUN BUTTERFLY RUN CO., LTD.",新北市新店區三民路117巷5弄15號4樓,王O鈺,,,2026/06/11,2026/06/11,Y,Y
60657265,佐科電貿有限公司,"ZOKO Electro Trading CO., LTD.",新北市中和區中正路277之4號18樓,張O愷,0983630185,,2026/06/11,2026/06/11,Y,Y
62120212,森果食品有限公司,"Senguo Foods CO., LTD.",新北市新店區建安街33巷27號(1樓),陳O綱,0933681019,,2026/06/11,2026/06/11,Y,Y
62126840,富畇有限公司,Furion Company Limited,新北市中和區景新街337之7號16樓,侯OO,0958395737,,2026/06/11,2026/06/11,Y,Y
62126882,金源國際聯合有限公司,"Aurumstream Global CO., LTD.",新北市蘆洲區水湳街36之1號3樓,丁O原,,,2026/06/11,2026/06/11,Y,Y
62154155,錦澤電子有限公司,"JINZE ELECTRONICS CO., LTD.",新北市三重區中正北路15號5樓,蔡O謙,02-29898029,,2026/06/11,2026/06/11,Y,Y
62178874,盞薰藝術有限公司,"Zhan Xun Art Co., Ltd.",新北市汐止區新台五路1段95號20樓之6,潘O勛,,,2026/06/11,2026/06/11,Y,Y
62178895,愛索科技有限公司,"Aisol Technology CO., LTD.",新北市新莊區思源路171號10樓,施O珠,0974069060,,2026/06/11,2026/06/11,Y,Y
62178939,碩鈞國際貿易有限公司,Ayers International Trading Limited,新北市中和區安樂路217巷20弄16號4樓,任O安,,,2026/06/11,2026/06/11,Y,Y
62179016,聚晶先進有限公司,"ADVANCED DIA-COOLING TECHNOLOGY, LTD.",新北市新莊區新北大道3段3號9樓,陳O蓉,02-85229817#20,02-85229829,2026/06/11,2026/06/11,Y,Y
62179058,泠映文化事業有限公司,"Ringing Culture Media CO., LTD.",新北市雙溪區東榮街23號,王O鈴,,,2026/06/11,2026/06/11,Y,Y
62200088,木與鯨發明有限公司,Mumu Company,新北市新莊區新北大道4段175號3樓,劉O瑜,,,2026/06/11,2026/06/11,Y,Y
62201066,泓榮投資有限公司,VASTRONG INVESTMENT LIMITED,新北市新莊區思源路422號3樓,陳O豪,0975531991,,2026/06/11,2026/06/11,Y,Y
97535655,無限創意坊有限公司,"Infinite Creativity Studio CO., LTD.",新北市新莊區瓊泰路188號14樓之6,林O伃,,,2026/06/11,2026/06/11,Y,Y
62062058,匯源通實業有限公司,"Honto Industrial Co.,Ltd",新北市新莊區富貴路502號7樓,高O浩,,,2026/06/10,2026/09/10,Y,Y
62126911,宸新國際有限公司,"Green Nova International CO., LTD.",新北市三重區光復路1段83巷6號6樓,簡O蕾,,,2026/06/10,2026/08/15,Y,Y
00180040,紫雲綠科技有限公司,"CLOUDVIO TECHNOLOGIES CO., LTD.",新北市板橋區雙十路2段79號6樓之2,周O慶,02-22580800,,2026/06/10,2026/06/10,Y,Y
54547652,零點零零有限公司,"Midnight Reset Co., Ltd",新北市三重區平安街16號(1樓),陳O潔,02-29817750,,2026/06/10,2026/06/10,Y,Y
54695935,豪韻國際貿易有限公司,"Haoyun International Trade CO.,LTD",新北市新店區民族路48巷8號6樓,黃O媖,,,2026/06/10,2026/06/10,Y,Y
60037646,莉納早餐專門店,Lina Breakfast COMPANY,新北市新莊區龍安路459號(1樓),錢O佳,0958262373,,2026/06/10,2026/06/10,Y,Y
60312220,艾科智界科技有限公司,"AI-TECH.AVENUE CO., LTD.",新北市板橋區板新路107號8樓,劉O漢,0912111203,,2026/06/10,2026/06/10,Y,Y
60371368,昱宏有限公司,"Yu Hong CO., LTD.",新北市三重區新生街85號2樓,吳O霖,,,2026/06/10,2026/06/10,Y,Y
60706955,駒達特有限公司,"G Doctor CO., LTD.",新北市中和區中正路988巷2號,黃O維,,,2026/06/10,2026/06/10,Y,Y
62055296,棲點數位有限公司,"Seed Media Co., Ltd.",新北市汐止區新台五路1段99號4樓,章O,,,2026/06/10,2026/06/10,Y,Y
62126335,黃第萬萬歲股份有限公司,"Huangdi Wanwansui CO., LTD.",新北市中和區中安街32號,蔡O建,,,2026/06/10,2026/06/10,Y,Y
62154198,麗城企業有限公司,"Beautiful City Enterprise Co., Ltd",新北市鶯歌區尖山路240巷21弄25之1號2樓,郭O春霞,0938225138,,2026/06/10,2026/06/10,Y,Y
62155773,益芳科技股份有限公司,"Y-FANG TECHNOLOGY CO., LTD.",新北市新莊區福德二街49號,葉O榕,02-85229588,,2026/06/10,2026/06/10,Y,Y
62178987,磐拓實業股份有限公司,PanTuo INC.,新北市三重區三民街227巷10號2樓,賴O綸,02-29957317,02-29957822,2026/06/10,2026/06/10,Y,Y
62179281,葛大國際有限公司,"QureshiDa International CO., LTD.",新北市蘆洲區信義路279號3樓,葛O希,,,2026/06/10,2026/06/10,N,N
62199651,初象創意有限公司,FirstForm creative INC.,新北市新莊區思源路420號3樓,林O明,0966356563,,2026/06/10,2026/06/10,Y,Y
96837484,亼光工作室有限公司,"A-light CO., LTD.",新北市永和區中山路1段128巷6弄6號,李O均,,,2026/06/10,2026/06/10,Y,Y
96858810,碞懋室內裝修設計有限公司,Yanmao Company,新北市深坑區北深路2段139號,陳O龍,,,2026/06/10,2026/06/10,Y,Y
00138888,勝瓏有限公司,"Sheng Lung CO.,LTD.",新北市五股區民義路1段157號之15五樓,陳O華,,,2026/06/09,2026/06/09,Y,Y
25127477,惠品工程股份有限公司,"HUEI PIN ENGINEERING CO., LTD.",新北市板橋區四川路2段123號6樓之8,王O傑,,,2026/06/09,2026/06/09,Y,Y
60053602,金杉柴窯陶藝工作室,Jinshan Woodfire Studio,新北市萬里區大鵬里萬里加投3號,王O長,0977325418,,2026/06/09,2026/06/09,Y,Y
60474792,陳廣和堂茶葉有限公司,"CGHT TEA CO,LTD",新北市蘆洲區中央路149號(1樓),陳O同,02-82861066,,2026/06/09,2026/06/09,Y,Y
61255937,言合文創工作室,YANHE Creative Studio,新北市蘆洲區和平路139號,李O真,,,2026/06/09,2026/06/09,Y,Y
61265647,和風資本國際企業社,Japan Capital International Co.,新北市永和區永和路1段228號3樓之2,曾O信,,,2026/06/09,2026/06/09,Y,Y
62120249,漩律科技股份有限公司,"Spirallex CO., LTD.",新北市中和區連城路89巷30號地下一層,林O竺,0905-560-537,,2026/06/09,2026/06/09,Y,Y
62120466,金永豐投資有限公司,King Yongfeng Investment LTD.,新北市板橋區重慶路60之1號3樓,連O豐,0932123890,,2026/06/09,2026/06/09,Y,Y
62225905,亞志博資訊有限公司,Azbo Solutions LTD.,新北市汐止區新台五路1段77號11樓之1,侯O雋,,,2026/06/09,2026/06/09,Y,Y
62249863,恆聲娛樂股份有限公司,"Eternal Sound Entertainment CO., LTD.",新北市板橋區重慶路71號(1樓)、71號2樓、71號地下一層、73號(1樓),王O育,,,2026/06/09,2026/06/09,Y,Y
62258270,庇蔭創造有限公司,"BobeeCreate CO., LTD.",新北市三重區重陽路4段130號12樓,林O達,,,2026/06/09,2026/06/09,Y,Y
70659858,弘泰玻璃工程有限公司,"HONGTAI Glass CO., LTD.",新北市三重區民生街56號,黃O華,,,2026/06/09,2026/06/09,Y,Y
83467565,揪創意有限公司,"Joy Creative CO., LTD.",新北市板橋區長江路2段278之1號2樓,黃O惠,02-25863132,,2026/06/09,2026/06/09,Y,Y
90096131,秀藝新媒體有限公司,"SHOW ART NEW MEDIA CO., LTD.",新北市中和區中山路2段332巷17號2樓,許O浚,,,2026/06/09,2026/06/09,Y,Y
94211788,多點行銷有限公司,"Duodian Marketing CO., LTD.",新北市淡水區淡海路205號2樓,許O威,,,2026/06/09,2026/06/09,Y,Y
85017299,初米股份有限公司,"ChuMi CO., LTD.",新北市三重區光復路1段82之3號8樓,時O益,02-89761788,,2026/06/08,2026/07/16,Y,Y
00033224,壹玖玖捌有限公司,"1998 Tea of Taiwan CO., LTD",新北市蘆洲區長安街246巷8弄4號6樓,陳O瑜,0933126243,,2026/06/08,2026/06/08,Y,Y
37896113,厚品機械企業社,Houpin Machinery Enterprise Co.,新北市新莊區思源路311號4樓,高O華,,,2026/06/08,2026/06/08,Y,Y
60418526,風順水吉投資股份有限公司,Feng Shun Shui Ji Capital Ltd.,新北市新莊區中港路422號,賴O晟,,,2026/06/08,2026/06/08,Y,Y
61258940,錦漾商行,Golden Ripple International Co.,新北市蘆洲區永樂街67號10樓,羅O彤,0934-025150,,2026/06/08,2026/06/08,Y,Y
61263535,陞和姍科技商號,Sheng & Shan Tech Firm,新北市汐止區水源路1段291巷13弄13號5樓,陳O陞,0939378771,,2026/06/08,2026/06/08,Y,Y
62087706,品清有限公司,"Pinqing CO., LTD.",新北市永和區保平路268巷45號5樓,洪O梅,,,2026/06/08,2026/06/08,Y,Y
62120022,智齊先進股份有限公司,"Gitek Advance Co., Ltd.",新北市新莊區富貴路500號7樓,王O齊,,,2026/06/08,2026/06/08,Y,Y
62120183,鍾實投資有限公司,Longfaith Investment LTD.,新北市板橋區重慶路60之1號3樓,陳O傑,0910008646,,2026/06/08,2026/06/08,Y,Y
62249759,爽爽做工具人有限公司,Daniel Tsung LTD.,新北市中和區中山路2段332巷1號7樓,宗O宇,,,2026/06/08,2026/06/08,Y,Y
62257568,霍卡科技有限公司,"Hocatech CO., LTD.",新北市新莊區民安西路180號,楊O宇,0952580708,,2026/06/08,2026/06/08,Y,Y
62259518,永力智控股份有限公司,"YORIK AUTOMATION TECHNOLOGY CO., LTD.",新北市中和區橋和路19號4樓,李O法,,,2026/06/08,2026/06/08,Y,Y
93635990,億特精密有限公司,"YI TE PRECISION CO., LTD.",新北市板橋區館前西路275號16樓之3,留O雄,,,2026/06/08,2026/06/08,Y,Y
94180357,果菲國際有限公司,"Guofei International CO., LTD.",新北市中和區景安路220巷2弄3號,姚O堉,,,2026/06/08,2026/06/08,Y,Y
60554520,材將科技股份有限公司,"Cian Jiant TechSyc Co., Ltd.",新北市林口區文化一路1段200號7樓,謝O其,02-77296832#202,,2026/06/05,2026/07/25,Y,Y
20980235,鴻良興業有限公司,"HONG LIANG CO., LTD.",新北市深坑區北深路3段155巷27號4樓,王O涵,02-26627313,,2026/06/05,2026/06/05,Y,Y
22916647,正泰興業有限公司,"Cheng-Tai Enterprise CO., LTD.",新北市新莊區四維路五號1樓,莊O量,,,2026/06/05,2026/06/05,Y,Y
60569615,日提所國際行銷有限公司,"Daily Point Co., Ltd.",新北市永和區仁愛路309號3樓,陳O瑩,,,2026/06/05,2026/06/05,Y,Y
62155751,金福儷國際有限公司,"KlM FU Ll INTERNATlONAL CO., LTD.",新北市鶯歌區德昌街197巷17號（1樓）,鍾O運,02-26788117,,2026/06/05,2026/06/05,Y,Y
90708385,木語室內裝修工程有限公司,"Muyu Interior Decoration Engineering CO., LTD.",新北市板橋區三民路2段28號12樓,徐O陞,02-26689062,02-26689063,2026/06/05,2026/06/05,Y,Y
94127348,敬承實業有限公司,"JING CHENG CO., LTD.",新北市樹林區俊德街47號,程O良,02-26879098,,2026/06/05,2026/06/05,Y,Y
94180286,創祥科技有限公司,"Chuangxiang Technology CO., LTD.",新北市汐止區忠孝東路498號,黃O凱,02-26957425,,2026/06/05,2026/06/05,Y,Y
96819280,豐橙芸有限公司,"Feng Cheng Yun CO., LTD.",新北市中和區中山路2段340巷31號(2樓),楊O昌,0911249955,,2026/06/05,2026/06/05,Y,Y
62054901,核鈊科技股份有限公司,"Corex Technology Co., Ltd.",新北市五股區五權五路20號6樓,陳O華,,,2026/06/04,2026/09/19,Y,Y
24996250,興立電能源股份有限公司,"Vireo Power CO., LTD.",新北市八里區厦竹圍22號5樓,施O吉,02-80069009,,2026/06/04,2026/09/01,Y,Y
62054971,億金技術股份有限公司,"EZ ProCoat Tech. CO., LTD.",新北市泰山區南泰路1之1號,簡O億,,,2026/06/04,2026/08/13,Y,Y
00100089,雲界數位創新股份有限公司,"eCloudEdge Digital Innovation CO., LTD.",新北市三重區三和路4段103號6樓,彭O翔,02-77293536,,2026/06/04,2026/06/04,Y,Y
00181076,雋軒有限公司,"JunXuan Co., LTD.",新北市中和區中正路736號14樓之3,林O凱,0953671598,,2026/06/04,2026/06/04,Y,Y
20484931,東寶企業社,Dong Bao Company,新北市新莊區化成路83巷28號之1(1樓),章O恕,02-29029608,,2026/06/04,2026/06/04,Y,Y
27447721,冉色斯動畫股份有限公司,"Xanthus Animation Studio CO., LTD.",新北市中和區建康路2號7樓,姚O超,02-77516095,,2026/06/04,2026/06/04,Y,Y
60603156,卡卡國際有限公司,KAKA INTERNATIONAL LIMITED,新北市板橋區萬安街100號(1樓),蔡O泳,0983309348,,2026/06/04,2026/06/04,Y,Y
60781124,啟業國際智慧產權有限公司,"Qiye International Intellectual Property CO., LTD.",新北市永和區中和路343號11樓之2,潘O,,,2026/06/04,2026/06/04,Y,Y
61263541,兆麒企業社,ZQ Shop,新北市新莊區天祥街96號,謝O珉,,,2026/06/04,2026/06/04,Y,Y
62120732,華鴻科技股份有限公司,"topStor Technology CO., LTD.",新北市蘆洲區三民路362號20樓之1,蘇O華,,,2026/06/04,2026/06/04,Y,Y
62154991,懋聖有限公司,"Savor Coffee CO., Ltd.",新北市永和區秀朗路2段125號,邱O懋,0910306260,,2026/06/04,2026/06/04,Y,Y
62155014,沐茶企業有限公司,"Mu Tea Enterprise Co., Ltd.",新北市新店區民權路116號,徐O洋,0905212027,,2026/06/04,2026/06/04,Y,Y
62155106,東瑞儀器有限公司,"EAST RAY INSTRUMENTS CO., LTD.",新北市汐止區新台五路1段93號21樓之6,范O芬,02-24930086,,2026/06/04,2026/06/04,Y,Y
62218046,宜科國際有限公司,"Yike International CO., LTD.",新北市汐止區龍安路28巷6號3樓之1,謝O桂,0226490147,,2026/06/04,2026/06/04,Y,Y
90391035,準龍貿易有限公司,"AIMEASURE CO., LTD.",新北市板橋區中山路1段293之1號10樓之1,黃O錞,0933806664,02-26898923,2026/06/04,2026/06/04,Y,Y
91017141,東旭九翔娛樂事業有限公司,ESNF Entertainment Limited,新北市新莊區中華路2段7號10樓,李O磊,,,2026/06/04,2026/06/04,Y,Y
62054830,億勢科技有限公司,SimTrend Corporation,新北市板橋區溪崑二街92巷8號,黃O達,0926074580,,2026/06/03,2026/06/09,Y,Y
24690292,佳晉投資股份有限公司,"Chia Chin Investment Co., Ltd.",新北市永和區中和路343號17樓,黃O,02-89231286,,2026/06/03,2026/06/03,Y,Y
35426208,仙杜拉時尚晶礦企業社,sandra fashionable crystal ore Company,新北市三重區大同南路62之1號,黃O庭,02-29723794,02-29766706,2026/06/03,2026/06/03,Y,Y
60370451,淞民企業有限公司,"Song Min Enterprise CO., LTD.",新北市樹林區佳園路3段181巷110弄39之1號,劉O文,02-2713-5966,,2026/06/03,2026/06/03,Y,Y
61238375,卡佐選品商行,CAZO STUDIO,新北市三重區中寮街29號(1樓),陳O靖,0925362202,,2026/06/03,2026/06/03,Y,Y
62055090,呈鋒有限公司,"CHAN FAN INDUSTRIAL CO., LTD.",新北市八里區賢一街8號,張O道,02-26100247,02-26105893,2026/06/03,2026/06/03,Y,Y
62055155,得倍克汽車科技有限公司,"Durbycour Automotive Technology Co., Ltd.",新北市土城區中央路三段238之7號4樓,邱O健,,,2026/06/03,2026/06/03,Y,Y
62119587,慕佳有限公司,"MUJIA BEAUTY CO., LTD.",新北市中和區中正路918號3樓,蔡O渝,,,2026/06/03,2026/06/03,Y,Y
62155056,台灣易力克科技有限公司,ELIK TAIWAN LIMITED,新北市八里區龍形一街31號,黃O,,,2026/06/03,2026/06/03,Y,Y
62155350,霍得有限公司,"HowardGet , CO., Ltd",新北市板橋區中山路1段10號9樓,林O煌,0913-999-916,,2026/06/03,2026/06/03,Y,Y
62155400,創定科技有限公司,"Tronity CO., LTD.",新北市三重區重新路5段609巷14號10樓之14,蕭O墉,02-29998060,,2026/06/03,2026/06/03,Y,Y
62155507,達勝化工材料有限公司,"D.S Chemical CO., LTD.",新北市板橋區互助街51巷9號4樓,張O惠,02-29646155,,2026/06/03,2026/06/03,Y,Y
62156029,璞睿資本有限公司,"Purei Capital CO., LTD.",新北市中和區福美路312巷2號2樓,林O紘,,,2026/06/03,2026/06/03,Y,Y
62225525,美商博森集團股份有限公司台灣分公司,"Bossen Group, Inc. , Taiwan Branch(UNITED STATES)",新北市三重區重新路5段609巷8號7樓之4,林O芬Hsiu-FenLin,,,2026/06/03,2026/06/03,Y,Y
62258692,華益電子材料有限公司,"Huayi Electronic Materials CO,LTD",新北市泰山區美寧街76號,林O凱,02-22973396,,2026/06/03,2026/06/03,Y,Y
80003567,鑫淇企業社,Xin Qi Store,新北市土城區中華路1段36號7樓之1,鄭O宇,,,2026/06/03,2026/06/03,Y,Y
92687230,鑫海商行,Xinhai Store,新北市土城區中華路1段36號7樓之1,譚O,,,2026/06/03,2026/06/03,Y,Y
83005966,莉迪亞國際貿易有限公司,"Lydia International Trading CO., LTD.",新北市板橋區大觀路2段83號,張O瑜,,,2026/06/02,2026/06/18,Y,Y
00134594,探照者有限公司,"XPLORER CO., LTD.",新北市土城區中央路2段276之1號6樓,蘇O婷,,,2026/06/02,2026/06/02,Y,Y
16653842,晉安室內裝潢設計有限公司,JIN AN INTERIOR DESIGN LIMITED COOPERATION,新北市中和區南工路60號,葉O辰,02-22431551,,2026/06/02,2026/06/02,Y,Y
25141111,復麗傢飾有限公司,"FULI HOME DECOR CO., LTD.",新北市中和區立業路63號3樓,温O一,02-22403636,02-22423737,2026/06/02,2026/06/02,Y,Y
60347614,沐欣廣告有限公司,"Muxin Nova CO., LTD.",新北市三重區永福街197巷29號5樓,李O倫,0927303622,,2026/06/02,2026/06/02,Y,Y
61245880,如織藝術坊,Luchi Workshop,新北市板橋區雙十路2段47巷8弄6號7樓,張O綺,02-22525696,,2026/06/02,2026/06/02,Y,Y
61257766,漫易購企業社,MenEGo Co.,新北市深坑區文化街52號7樓,劉O英,,,2026/06/02,2026/06/02,Y,Y
62154079,艾恩實業有限公司,Int Leather Co.,新北市汐止區大同路1段217號5樓之1,蕭O源,0965435937,,2026/06/02,2026/06/02,Y,Y
62216785,武藤生技有限公司,"MUTOH CO., LTD.",新北市板橋區重慶路60之1號3樓,黃O容,0978357529,,2026/06/02,2026/06/02,Y,Y
62226361,弘曹顧問有限公司,Th consultant service LTD.,新北市板橋區重慶路60之1號3樓,洪O淵,,,2026/06/02,2026/06/02,Y,Y
94072189,起源空間包膜有限公司,"ORIGIN SPACE REFORM CO., LTD.",新北市三重區重新路5段609巷12號9樓之8,陳O翔,02-27077179,,2026/06/02,2026/06/02,Y,Y
62120894,層層文化有限公司,"Layers Culture CO., LTD.",新北市三重區水漾路2段37之5號,"孫O侖,蘇延仁",,,2026/06/01,2026/07/29,Y,Y
62258481,臻宇燕國際有限公司,"Treasure Wave Cubilose CO., LTD.",新北市中和區中山路2段296號5樓之3,邱O袀,0972327212,,2026/06/01,2026/06/25,Y,Y
30293799,銘德實業社,MID Enterprise Store,新北市三重區富華街189號2樓,孫O德,02-29811106,,2026/06/01,2026/06/01,Y,Y
31696068,世俊工程行,Shih Jiun Engineering Company,新北市土城區青雲路65巷2號4樓,楊O欣,,,2026/06/01,2026/06/01,Y,Y
50850842,誠義水科技有限公司,"CHENGYI WATER TECHNOLOGY CO., LTD.",新北市板橋區萬板路510巷2號5樓,楊O清,2228-9535,2258-8358,2026/06/01,2026/06/01,Y,Y
60434770,真傳承資產管理股份有限公司,BRIGHT TALENT LIMITED,新北市新莊區中正路243號7樓,鄭O政,,,2026/06/01,2026/06/01,Y,Y
60473610,振盈電子股份有限公司,"Zhenying Electronics CO., LTD.",新北市中和區建八路208號16樓,黃O屏,,,2026/06/01,2026/06/01,Y,Y
60554578,陞浩有限公司,"Shenghao CO., LTD.",新北市八里區文昌六街36號5樓,林O柔,,,2026/06/01,2026/06/01,Y,Y
61246826,享拾商行,Enjoy Collect SHOP,新北市中和區中山路3段107號(1樓),王O翔,,,2026/06/01,2026/06/01,Y,Y
62154839,台皓科技股份有限公司,TYKO TECH INC.,新北市新店區寶中路86號6樓,李O銘,02-22988862,,2026/06/01,2026/06/01,Y,Y
62154916,寰宇互娛傳媒有限公司,"Huanyu Interactive Entertainment Media Co., Ltd.",新北市淡水區中正東路2段177號(2樓),江O霏,0963557907,,2026/06/01,2026/06/01,Y,Y
62155865,編碼科技有限公司,CodeLab Limited,新北市永和區中和路499之11號,SOVAKLUKAS,02-25221020,,2026/06/01,2026/06/01,Y,Y
62258588,曜寰國際有限公司,"Sky World International CO., LTD.",新北市板橋區館前東路26號3樓之2,朱O文,,,2026/06/01,2026/06/01,Y,Y
69208602,兆弘木箱包裝有限公司,"ZHAO HONG WOODEN BOX PACKING CO., LTD.",新北市中和區宜安路26巷1之2號,呂O如,,,2026/06/01,2026/06/01,Y,Y
82500209,星羽電子商務企業社,Xing Yu E-Commerce Co.,新北市新莊區民安西路173巷2弄1號2樓,郭O羽,,,2026/06/01,2026/06/01,Y,Y
90476370,索飛有限公司,"SOFEI CO., LTD.",新北市中和區南華路20號10樓之2,邱O輝,02-29938745,,2026/06/01,2026/06/01,Y,Y
92725754,亞運電動車業,YAYUN POWER-DRIVEN CO.,新北市三重區三和路4段20巷36號,游O翰,,,2026/06/01,2026/06/01,Y,Y
97517447,勁鐵股份有限公司,"J-Power CO., LTD.",新北市淡水區民權路25號19樓之8,許O麒,,,2026/06/01,2026/06/01,Y,Y
54839980,聯點有限公司,LINK POINT INC.,新北市土城區中央路2段159號11樓之2,林O婷,0988631306,,2026/05/30,2026/05/30,Y,Y
62119783,弦墨有限公司,"SINMO CO., LTD.",新北市中和區中正路736號14樓之3,張O仁,,,2026/05/30,2026/05/30,Y,Y
62154845,詞元有限公司,"Token CO., LTD.",新北市三芝區淺水灣街14之18號,朱O宏,02-26368820,,2026/05/30,2026/05/30,Y,Y
61264598,光菲金禾商行,Glow Nail Supply Shop,新北市中和區中正路736號14樓之3,陳O菲,,,2026/05/29,2026/06/16,Y,Y
00227410,鈔愛文化企業有限公司,"CHAO AI Trading CO., LTD.",新北市中和區圓通路369巷53之3號,徐O苡,02-22422911,,2026/05/29,2026/05/29,Y,Y
60377638,以太四象有限公司,"Aether Four Studio CO., LTD.",新北市五股區工商路73號（2樓）,王O昀,0960039288,,2026/05/29,2026/05/29,Y,Y
60783376,曜展文化事業有限公司,"Yao Zhan Cultural Enterprise Co., Ltd.",新北市新莊區富貴路492號6樓,張O樂,,,2026/05/29,2026/05/29,Y,Y
61224702,潤智設計工作室,R-Zillion Studio,新北市三重區中央南路95巷34號5樓,陳O于,0915567845,,2026/05/29,2026/05/29,Y,Y
61264653,柴韻人文茶器工坊,Formosa Woodfire Studio,新北市林口區文化二路1段20巷33號7樓,林O興,0935345253,,2026/05/29,2026/05/29,Y,Y
62119046,鉑晶生活國際有限公司,"PtCrysta Living International CO., LTD.",新北市土城區青山路2巷7號六樓,黃O修,0902305829,,2026/05/29,2026/05/29,Y,Y
62119094,思桂諾有限公司,Square Root Ftl Ltd.,新北市新店區中央六街119號,瞿O柔,,,2026/05/29,2026/05/29,Y,Y
62119876,佳合實業股份有限公司,Primeunion Corporation,新北市新莊區中央路218號28樓,郭O揚,02 85219288,,2026/05/29,2026/05/29,Y,Y
62154937,瓏鴻實業有限公司,"Lhong Industrial CO., LTD.",新北市汐止區茄苳路208之2號5樓,林O樑,,,2026/05/29,2026/05/29,Y,Y
62225601,新加坡商恩華特私人有限公司台灣分公司,"ENVAC SINGAPORE PTE. LTD., Taiwan Branch",新北市汐止區大同路1段337巷15弄2號2樓,VObhorAgarwal,,,2026/05/29,2026/05/29,Y,Y
90201252,築士設計有限公司,Scholar Design Studio LTD.,新北市中和區自立路29巷1號,劉O銘,02-29470605,02-86680173,2026/05/29,2026/05/29,Y,Y
60378475,崗綱好資訊有限公司,JustRight AI LTD.,新北市永和區中和路345號12樓之3,陳O青,0930898701,,2026/05/28,2026/07/01,Y,Y
16648996,冠宇印刷股份有限公司,"CROWN COLOR PRINTING CO., LTD.",新北市中和區中原里橋安街41號5樓,徐O榮,0222428877,0222429911,2026/05/28,2026/05/28,Y,Y
23053154,宏全資訊股份有限公司,"Hong Chuan Information Co., Ltd.",新北市三重區正義北路198號(3樓),蘇O得,02-29716507,02-29716506,2026/05/28,2026/05/28,Y,Y
53716433,玄金科技工程有限公司,XUAN GIN TECHNOLOGY ENGINEERING LTD.,新北市汐止區汐萬路2段98巷10號5樓,林O成,04-25690931,,2026/05/28,2026/05/28,Y,Y
60377399,小肚銀河有限公司,"Dubbie Galaxy CO., LTD.",新北市汐止區新台五路一段95號16樓之1,高O舜,,,2026/05/28,2026/05/28,Y,Y
60616835,良辰創業投資有限公司,"GoldenHour Holding CO., LTD.",新北市板橋區仁化街42巷22號5樓,林O辰,0926011655,,2026/05/28,2026/05/28,Y,Y
61237615,矢光工作室,Shiguang Studio,新北市蘆洲區中正路243巷10號3樓,葉O撒,0980326047,,2026/05/28,2026/05/28,Y,Y
61263388,鈤昌重機械企業社,JIH CHANG HEAVY MACHINERY Co.,新北市新店區安忠路63巷4號3樓,謝O春,,02-86666161,2026/05/28,2026/05/28,Y,Y
62119952,銳鑫精密工業有限公司,"Rui Xin Precision Industry CO., LTD.",新北市五股區凌雲路1段149巷21號(1樓),陳O如,,,2026/05/28,2026/05/28,Y,Y
62154958,銘源智聯科技有限公司,"Ming Yuan SmartTech CO., LTD.",新北市新店區如意街8號地下一層之6,陳O賢,,,2026/05/28,2026/05/28,Y,Y
62155083,維穎餐飲顧問股份有限公司,"Wei Ying Catering Consultant Co., Ltd.",新北市蘆洲區永安南路2段104號7樓,温O智,0927980747,,2026/05/28,2026/05/28,Y,Y
62199955,文文宇宙有限公司,boondesigns INC.,新北市板橋區民生路1段33號12樓之2,文O如,,,2026/05/28,2026/05/28,Y,Y
62251240,金采優實業有限公司,"JENCAIOR CO., LTD.",新北市中和區景新街285巷25號4樓,姜O真,0911343008,,2026/05/28,2026/05/28,Y,Y
66644664,凱武文化股份有限公司,"Kaival Nexus Co., Ltd.",新北市土城區永豐路195巷7弄25之1號,陳O伃,02-22610412#23,02-22641635,2026/05/28,2026/05/28,Y,Y
90111983,沐慕室內裝修設計有限公司,"IMMERSE DESIGN STUDIO CO., LTD.",新北市新店區寶興路45巷2弄70號3樓,董O豪,02-77505057,,2026/05/28,2026/05/28,Y,Y
91766664,釩順機械開發企業社,Fan Shun Machinery Development Co.,新北市三重區中興北街170巷15號(1樓),李O莎,0918977353,,2026/05/28,2026/05/28,Y,Y
95456319,珀爾歐有限公司,"Properrl CO., LTD.",新北市板橋區莊敬路56號19樓,簡O均,0909235199,,2026/05/28,2026/05/28,Y,Y
62216791,述碼方舟設計有限公司,"STORYCODE DESIGN CO., LTD.",新北市泰山區信華五街122號10樓,王O愚,02-2291-0010,,2026/05/27,2026/09/09,Y,Y
00130915,谷倉科技有限公司,"Gucang Technology CO., LTD.",新北市新店區三民路75巷5弄7號4樓,谷O豪,0919313033,,2026/05/27,2026/05/27,Y,Y
29156213,山林工程有限公司,SHAN LIN ENGINEERING Limited Company,新北市三重區五華街71巷110號4樓,藍O輔,,,2026/05/27,2026/05/27,Y,Y
42727670,盛麗開發建設股份有限公司,"Shengli Development and Construction CO., LTD.",新北市永和區中正路417號7樓之1,曾O勇,02-32335877,,2026/05/27,2026/05/27,Y,Y
60313430,磁聚力科技有限公司,"Magnetic Force Technology CO., LTD.",新北市中和區中原二街119號21樓,葉O麟,02-22218989,,2026/05/27,2026/05/27,Y,Y
62118861,鴻鑫科有限公司,HonHsin Technology LTD.,新北市永和區民生路47巷12弄7號3樓,劉O英機,,,2026/05/27,2026/05/27,Y,Y
62120796,聯順電通股份有限公司,LIANSHUN INNOVATION CORPORATION,新北市新莊區五權一路11之3號(1樓),王O諒,,,2026/05/27,2026/05/27,Y,Y
62154021,盛海建材有限公司,"SHENGHAI BUILDING MATERIALS CO., LTD.",新北市八里區中山路2段371號,蓋O安,02-26100245,,2026/05/27,2026/05/27,Y,Y
62154752,源鴻電業有限公司,"GENKO ELECTRICITY CO., LTD.",新北市中和區中山路3段102號9樓之6,黃O子,,,2026/05/27,2026/05/27,Y,Y
62154943,德騏企業有限公司,"DECHY CO., LTD.",新北市中和區中山路3段102號9樓之6,沙O德,,,2026/05/27,2026/05/27,Y,Y
62155181,久弘國際貿易有限公司,Joinhope International Trade Ltd.,新北市蘆洲區中興街30號4樓,王O權,,,2026/05/27,2026/05/27,Y,Y
80035993,統好興業有限公司,"Meat-ok CO., LTD.",新北市中和區中正路818號,駱O州,,,2026/05/27,2026/05/27,Y,Y
90229408,大展應材有限公司,"ED TECHNOLOGY CO., LTD.",新北市新莊區立信三街35巷14號9樓,黃O展,03-5535571,03-5510483,2026/05/27,2026/05/27,Y,Y
93538076,耶誕紅生技股份有限公司,CHRISTMAS RED BIOTECHNOLOGY LTD.,新北市汐止區大同路1段239號12樓之5,張O芳,,,2026/05/27,2026/05/27,Y,Y
60378405,升紘有限公司,"Shengghongg CO., LTD.",新北市中和區景平路666號3樓,歐O維,0972-241-378,,2026/05/26,2026/08/15,Y,Y
53433961,緒晟科技股份有限公司,"XUSHENG TECHNOLOGY CO., LTD.",新北市樹林區新興街1巷13號6樓,楊O葟,0226808022,,2026/05/26,2026/05/26,Y,Y
60034269,耕貿企業社,Gengmau Co.,新北市林口區中華路501號6樓,蘇O齊,02-26019005,02-26019006,2026/05/26,2026/05/26,Y,Y
60062264,內有鱷貓工作室,Catlygator Studio,新北市新店區中正路560巷6號(1樓),關O庭,0958491837,,2026/05/26,2026/05/26,Y,Y
60324817,安康斯創有限公司,ICANSTron INC.,新北市林口區文化三路2段115巷139號,宋O安,0972993261,,2026/05/26,2026/05/26,Y,Y
61260609,彩結根生工作室,Caijie Gensheng Studio,新北市中和區中興街158巷3號5樓,鄭O淇,,,2026/05/26,2026/05/26,Y,Y
62119833,京兆鐿科技有限公司,"JZY TECHNOLOGY CO., LTD.",新北市林口區忠福路135號,楊O笎,02-6609-0088,,2026/05/26,2026/05/26,Y,Y
62154583,禎星貿易有限公司,"J-Star Trading CO., LTD.",新北市鶯歌區國中街88號12樓之6,秦O,0936336863,,2026/05/26,2026/05/26,Y,Y
62154681,璞源科技有限公司,Fluvena Technology Ltd.,新北市新店區安興路109號5樓之6,李O橋,,,2026/05/26,2026/05/26,Y,Y
62217594,有一說一有限公司,"Candor CO., LTD.",新北市泰山區新北大道5段119號4樓,李O,0968893589,,2026/05/26,2026/05/26,Y,Y
62257878,阿拉丁服務有限公司,"Aladdin Service Co.,Ltd.",新北市新莊區新北大道4段171號3樓,風O空兒,,,2026/05/26,2026/05/26,Y,Y
84448291,台欣建設股份有限公司,"Tai Shin Development CO., LTD.",新北市新莊區復興路3段19號5樓,陳O武,,,2026/05/26,2026/05/26,Y,Y
84747170,建豐國際資產管理股份有限公司,"J.F.Assets Management CO., LTD.",新北市新莊區復興路3段19號5樓,陳O武,,,2026/05/26,2026/05/26,Y,Y
91120530,欣曄建設股份有限公司,"Shin Yeh Development CO., LTD.",新北市新莊區復興路3段19號5樓,陳O武,,,2026/05/26,2026/05/26,Y,Y
93539841,詠濟貿易股份有限公司,"YONGJI TRADING CO., LTD.",新北市三重區光復路1段83巷4號9樓,莊O勳,,,2026/05/26,2026/05/26,Y,Y
94174165,日薇媒體有限公司,"lolos CO., LTD.",新北市土城區德峯街2巷8號,江O譽,,,2026/05/26,2026/05/26,Y,Y
62120867,鉑楷森科技有限公司,Aurelia Kaison Tech LTD.,新北市林口區文化二路1段226之1號(2樓),許O甯,0958000040,,2026/05/25,2026/06/16,Y,Y
00153677,水盾永續有限公司,"AquaGuard Solutions CO., LTD.",新北市板橋區民生路1段129號4樓,尤O蓉,0928220628,,2026/05/25,2026/05/25,Y,Y
22332030,全億彩色製版有限公司,"Chuan Yi Color Plate Making Co., Ltd.",新北市新莊區頭前路101號,蘇O萌,02-22332030,,2026/05/25,2026/05/25,Y,Y
37906371,大和工程行,DA HE FROZEN AIR CONDITIONING Co.,新北市三重區中正北路364號5樓,丁O偉,0938509892,,2026/05/25,2026/05/25,Y,Y
60311968,匯鋒國際貿易有限公司,"Nexbridge International Trading CO., LTD.",新北市林口區民族路63號(2樓),盧O振,03-2121556#24,03-2121585,2026/05/25,2026/05/25,Y,Y
62120557,灃依有限公司,"Fengyi CO., LTD.",新北市板橋區新海路431巷30號3樓,何O揚,0919386381,,2026/05/25,2026/05/25,Y,Y
62226340,墨曦有限公司,"Murci CO., LTD.",新北市永和區秀朗路1段150巷2號(1樓),周O,,,2026/05/25,2026/05/25,Y,Y
62258665,加福文創有限公司,"KAFUR DESIGN CO., LTD.",新北市林口區信義路291號,鄭O,,,2026/05/25,2026/05/25,Y,Y
60324703,弋攻新創股份有限公司,"Yi Gong Innovation Co., Ltd.",新北市板橋區貴興路84號14樓,邱O恭,02-29631113,,2026/05/23,2026/05/23,Y,Y
22205219,呈翔工業股份有限公司,Cheng Shiang Indnstrial Company Limited,新北市樹林區太順街105之1號,葉O輝,,,2026/05/22,2026/05/22,Y,Y
26189979,宥源汽車材料行,Youyuan HANG,新北市新店區安泰路60巷90弄9號,李O民,,,2026/05/22,2026/05/22,Y,Y
29143490,春凱開發有限公司,"Chunkai Development CO., LTD.",新北市蘆洲區光榮路85號19樓、87號19樓、87號19樓之1,粘O婷,,,2026/05/22,2026/05/22,Y,Y
31845031,銳博聲音樂工作室,Rebel Sound Studio,新北市板橋區成都街61號地下室,姜O傑,,,2026/05/22,2026/05/22,Y,Y
50988620,鉅宸國際有限公司,"Ju Chen Intermational CO., LTD.",新北市三重區力行路1段137號2樓,簡O傑,02-29848986,02-29857001,2026/05/22,2026/05/22,Y,Y
60333647,慶餘年有限公司,"Ching Yu Nien CO., LTD.",新北市中和區南山路237號6樓,吳O凌,0912-282-750,,2026/05/22,2026/05/22,Y,Y
60353615,時尚之森有限公司,Fashion no Mori Limited,新北市板橋區樂群路48號,黃O謙,,,2026/05/22,2026/05/22,Y,Y
60395262,陽明山鳥巢股份有限公司,"Nest CO., LTD.",新北市新店區寶橋路235巷1弄2號3樓,陳O銘,,,2026/05/22,2026/05/22,Y,Y
60601811,威梁國際有限公司,"Wei Liang International CO., LTD.",新北市中和區景平路241巷84弄14號(1樓),岳O,0921072080,,2026/05/22,2026/05/22,Y,Y
62120748,昇達精工國際有限公司,"Sandar Precision International CO., LTD.",新北市鶯歌區鶯桃路365巷30號,藍O婷,,,2026/05/22,2026/05/22,Y,Y
62199809,勇垣股份有限公司,"YONYAN Co., Ltd.",新北市新店區青山路168巷22號3樓,洪O育,,,2026/05/22,2026/05/22,Y,Y
94877524,豐邑協力行,FENG YI TRADING FIRM,新北市汐止區建成路57巷102號10樓,邱O蔆,,,2026/05/22,2026/05/22,Y,Y
62120590,燿豐國際有限公司,Amber International Company Limited,新北市淡水區淡金路6號17樓之1,呂O賢,0979-682-938,,2026/05/21,2026/08/20,Y,Y
61259645,神禾興國際貿易企業社,SHX International Trading Company,新北市三重區力行路2段174號(1樓),蔡O螢,0910006613,,2026/05/21,2026/05/22,Y,Y
60434693,超藝術文化有限公司,"HYPER ARTE CO., LTD.",新北市新店區寶橋路235巷167號7樓,李O毅,02-87921358,,2026/05/21,2026/05/21,Y,Y
60649580,火星智慧股份有限公司,"MARX Intelligence CO.,LTD.",新北市中和區板南路655號13樓,楊O超,,,2026/05/21,2026/05/21,Y,Y
61226666,貿望商行,Maowang Trading Company,新北市中和區景平路666號3樓,王O才,0930-853-592,,2026/05/21,2026/05/21,Y,Y
61229684,元炁銀幣社,YUAN CHI Collectible silver Coin Co.,新北市板橋區忠孝路190巷18號4樓,林O臻,886952760650,,2026/05/21,2026/05/21,Y,Y
61260811,錦泓文創工坊,Jinhong Artifact Workshop,新北市板橋區民族路221號,姜O暘,,,2026/05/21,2026/05/21,Y,Y
62119708,錡內斯科技有限公司,"KeeNex Technology CO., LTD.",新北市汐止區康寧街169巷8之6號4樓、8之7號4樓,八O伊織,,,2026/05/21,2026/05/21,Y,Y
62120233,長宇冠實業有限公司,"Chang Yu Guan Printing CO., LTD.",新北市土城區新洲路100號8樓,周O福,,,2026/05/21,2026/05/21,Y,Y
62120677,壁虎紳仕股份有限公司,"Proper Lizard CO., LTD.",新北市中和區員山路152之1號5樓,朱O儀,,,2026/05/21,2026/05/21,Y,Y
62200382,品耀國際有限公司,"Pin Yao International CO., LTD.",新北市土城區金城路3段83號2樓,黃O騰,,,2026/05/21,2026/05/21,Y,Y
62257862,金泰國際開發有限公司,"Jintai International Development CO., LTD.",新北市樹林區豐林街64號,江O樺,02-26811666,,2026/05/21,2026/05/21,Y,Y
62258378,金霸國際企業有限公司,"Kingba International Enterprises CO., LTD.",新北市樹林區豐林街64號,江O興,02-26811666,,2026/05/21,2026/05/21,Y,Y
89121978,宥宥有限公司,YUUYUU LTD.,新北市淡水區沙崙路1段126巷32號2樓,蘇O媚,,,2026/05/21,2026/05/21,Y,Y
94030941,禾邑娛樂有限公司,"Hoyi Entertainment CO., LTD.",新北市汐止區樟樹一路213號7樓之2,王O偉,02-26951007,,2026/05/21,2026/05/21,Y,Y
96812527,安行智控有限公司,Advance Safety Corporation,新北市中和區立德街98巷74號(1樓),李O興,02-66039044,,2026/05/21,2026/05/21,Y,Y
60506464,鍏斯金國際有限公司,"YUAN JIN GOLD INTERNATIONAL CO., LTD.",新北市三重區車路頭街37巷15號,李O彤,0905426925,,2026/05/20,2026/05/22,Y,Y
41409038,工匠創意空間實業社,Artisan Creative Space Co.,新北市三峽區大德路290之1號8樓,顏O璁,,,2026/05/20,2026/05/20,Y,Y
62118840,珩白股份有限公司,"HENG BAI CO., LTD.",新北市永和區永和路1段178號,白O安,,,2026/05/20,2026/05/20,Y,Y
62120310,銳柯有限公司,"RAC Precision CO., LTD.",新北市三重區忠孝路2段38巷22號(1樓),鄭O香,02-29800237,,2026/05/20,2026/05/20,Y,Y
62199821,格林威爾科技股份有限公司,"Greenwell Tech CO., LTD.",新北市新店區北新路2段97巷10弄13號6樓,王O儒,,,2026/05/20,2026/05/20,Y,Y
62216814,歐克飾板股份有限公司,"Oak Decor Board CO., LTD.",新北市林口區後湖11之52號,何O勲,02-22922285,,2026/05/20,2026/05/20,Y,Y
90215919,瀚宇創意文化有限公司,"Grandview Creative CO., LTD.",新北市林口區中北二街67號,顏O棠,02-26087377,,2026/05/20,2026/05/20,Y,Y
91705512,水果甜了商行,Fruit Sweet Store,新北市新莊區公園路37號(1樓),張O庭,,,2026/05/20,2026/05/20,N,N
62119355,欣致貿易股份有限公司,"FUSYUMAO CO., LTD",新北市土城區學成路91巷5號,陳O舷,,,2026/05/19,2026/07/21,Y,Y
62258927,國普科技股份有限公司,"Coolpro Technology CO., LTD.",新北市三重區下竹圍街42號4樓之1,王O民,,,2026/05/19,2026/05/23,Y,Y
42736637,建維電工程有限公司,"JIAN WEI DIAN Engineering CO., LTD.",新北市新店區北宜路2段199號,林O華,0958-106-062,,2026/05/19,2026/05/19,Y,Y
53216789,陞曜國際企業有限公司,"SUM YAO International Enterprise CO., LTD.",新北市汐止區建成路37巷6號9樓之1,高O宇,02-8693-2883,02-8693-2993,2026/05/19,2026/05/19,Y,Y
60056679,廣兆貿易企業社,GUANG ZHAO TRADING FIRM,新北市新莊區榮華路2段91號17樓,林O名,,,2026/05/19,2026/05/19,Y,Y
60473914,崴碩鑄品有限公司,Global Metals Casting CORP.,新北市中和區中正路738號7樓之6,陳O暐,02-82262566,,2026/05/19,2026/05/19,Y,Y
60474701,定銓工程有限公司,"Dingquan Engineering CO., LTD.",新北市板橋區中山路2段318巷30弄33號3樓,吳O諒,0922627199,,2026/05/19,2026/05/19,Y,Y
60749976,安成興業股份有限公司,Amchen Corporation,新北市新莊區新北大道3段3號15樓,嚴O錡,0277391868,,2026/05/19,2026/05/19,Y,Y
61260087,唯系實業,SYLIA Co.,新北市樹林區俊英街123巷29號,游O姍,,,2026/05/19,2026/05/19,Y,Y
61260299,丹牛玩子酷工作室,IMDANNEW STUDIO,新北市中和區民德路54號8樓,王O魁,,,2026/05/19,2026/05/19,Y,Y
62119405,雄英貿易有限公司,"SHUNGYING TRADING CO., LTD.",新北市新店區五峯路87號3樓,王O英,0920358608,02-29141385,2026/05/19,2026/05/19,Y,Y
62119572,和禮國際股份有限公司,"HOLI International Co., Ltd.",新北市新店區安興路109號5樓之6,張O菁,,,2026/05/19,2026/05/19,Y,Y
62198533,升嘉智能有限公司,"shen chia intelligent CO., LTD.",新北市土城區延吉里峯廷街15號2樓,簡O盈,(03)3610139,(03)361-0626,2026/05/19,2026/05/19,Y,Y
62199580,百思特有限公司,BEISTER COMPANY LIMITED,新北市板橋區大觀路2段37巷282號之4,陳O臻,0929372772,,2026/05/19,2026/05/19,Y,Y
62200215,福嶺有限公司,"fuling CO., LTD.",新北市泰山區明志路1段320之2號10樓,李O美,0932125328,,2026/05/19,2026/05/19,Y,Y
62217004,道成電機股份有限公司,"DAOCHENG MOTOR CO., LTD.",新北市板橋區忠孝路174巷57號,邱O城,02-26068763,,2026/05/19,2026/05/19,Y,Y
62225927,鉑元永續科技有限公司,"BoYuan Sustainable Technology CO., LTD.",新北市三重區車路頭街44巷23號4樓,蔡O伯,,,2026/05/19,2026/05/19,Y,Y
62226290,瑞紳科技有限公司,"Ruishen Semicon CO., LTD.",新北市板橋區中山路1段10號9樓,吳O蕎,0989057590,,2026/05/19,2026/05/19,Y,Y
62234828,正久電機廠有限公司台北分公司,"MASAHISA MOTOR. CO., LTD. Taipei Branch",新北市三重區中正北路428巷19號、21號,李O寰,0987195915,,2026/05/19,2026/05/19,Y,Y
62258172,鈦洋有限公司,Tai Yang international Logistic Ltd,新北市新莊區思源路420號3樓,謝O霈,,,2026/05/19,2026/05/19,Y,Y
83052735,星河生技有限公司,"GALAXY BIOTECH CO., LTD.",新北市中和區圓通路299巷6號4樓,曾O堯,0912-531-212,,2026/05/19,2026/05/19,Y,Y
85083451,佳錩工程有限公司,"Jia-Chang Engineering CO,LTD",新北市林口區文化二路1段118號2樓之2,莊O旻,0913751880,,2026/05/19,2026/05/19,Y,Y
87501776,柏式工程行,Po Construction Firm,新北市樹林區樹德街120巷7號4樓,林O宏,0912955015,,2026/05/19,2026/05/19,Y,Y
62119658,豐德欣股份有限公司,STAURA GROUP CORP.,新北市泰山區明志路2段32巷2弄8號(1樓),廖O德,,,2026/05/18,2026/08/28,Y,Y
24724357,仲鑫有限公司,"Chong Hsih CO., LTD",新北市中和區立德街98巷60號(1樓),吳O旭,0937676980,,2026/05/18,2026/08/14,Y,Y
62200587,浪海數位有限公司,"Riyar Digital CO., LTD.",新北市土城區興城路60號2樓,石O霖,,,2026/05/18,2026/07/22,Y,Y
00167588,赫恩有限公司,"Herne CO., LTD.",新北市淡水區新市三路2段269號29樓,張O碩,,,2026/05/18,2026/05/18,N,N
29091943,傑佛瑞人工智慧顧問有限公司,WISEPAR DIGITAL LTD.,新北市新莊區建中街41巷2號11樓,徐O倪,02-77306516,,2026/05/18,2026/05/18,Y,Y
35564807,宏昌磚廠股份有限公司,"Hung Chang Capital Co., Ltd.",新北市林口區文化三路2段81號13樓,劉O廷,02-26082773,02-26082772,2026/05/18,2026/05/18,Y,Y
62119030,精鍊科技股份有限公司,"Jlian Technology CO., LTD.",新北市樹林區太平路269號,張O傑,02-86860666,,2026/05/18,2026/05/18,Y,Y
62200952,鍇泫有限公司,KAI XUAN LTD.,新北市中和區中原二街28號18樓,曹O愷,0926628931,,2026/05/18,2026/05/18,Y,Y
62217428,兆和貿易有限公司,TRILLION UP TRADING COMPANY,新北市板橋區中山路1段10號11樓,楊O傑,02-82528668,02-82529168,2026/05/18,2026/05/18,Y,Y
62217659,羊夏萊音娛樂製作有限公司,"SOUND SUPPORT ENTERTAINMENT CO., LTD.",新北市板橋區新海路10號2樓,楊O宏,0917636557,,2026/05/18,2026/05/18,Y,Y
62258412,鼎勝材料有限公司,"DCX Trading CO., LTD.",新北市中和區莊敬路49巷17號3樓,詹O涵,,,2026/05/18,2026/05/18,Y,Y
69697382,尚洋汽車有限公司,"Shangyang Automobile Co., Ltd.",新北市淡水區新市三路2段365號29樓,湯O聲,0927-205812,,2026/05/18,2026/05/18,Y,Y
84952919,通益交通工程器材有限公司,"Tongyi Traffic Engineering Equipment CO., LTD.",新北市汐止區南陽街121巷22號,紀O爵,02-2694-7855,02-26948204,2026/05/18,2026/05/18,Y,Y
91120898,小生活室內裝修有限公司,"Minimal Life Interior Design CO., LTD.",新北市新莊區西盛街323巷8號11樓,黃O茹,0958508695,,2026/05/18,2026/05/18,Y,Y
96809109,棠陽國際開發有限公司,"TANG YANG INTERNATIONAL DEVELOPMENT CO., LTD.",新北市三重區三信路55號（1樓）,謝O文,,,2026/05/18,2026/05/18,Y,Y
82975465,群特有限公司,"Trender Medical CO., LTD.",新北市中和區中正路957號12樓,李O英,02-77091883,,2026/05/17,2026/05/17,Y,Y
62195439,源野生活國際有限公司,"Outdoor Integration Life International CO., LTD.",新北市淡水區淡海路150巷7號(1樓),盧O村,,,2026/05/15,2026/05/23,Y,Y
60370558,澤凱生醫有限公司,"Zekai Biomedical CO., LTD.",新北市樹林區中華路379巷19弄1號5樓,宋O惶,,,2026/05/15,2026/05/15,Y,Y
62118877,銘德興業有限公司,"Mingde Xingye CO., LTD.",新北市三重區重新路2段46之8號3樓,李O山,0906993427,,2026/05/15,2026/05/15,Y,Y
62242539,香港商時騰科技有限公司台灣分公司,V & V TECHNOLOGY LIMITED TAIWAN BRANCH(HONG KONG),新北市新店區寶橋路235巷3號6樓,陳O豪CHANKAHO,,,2026/05/15,2026/05/15,Y,Y
62258813,碧藍海有限公司,"Grand Blue CO., LTD.",新北市板橋區民生路1段33號12樓之2,星O聰美,,,2026/05/15,2026/05/15,Y,Y
82956235,進嘉開發股份有限公司,"JINJIA CO., LTD.",新北市中和區中正路501號3樓,張O鈞,,,2026/05/15,2026/05/15,Y,Y
85339019,小全積木小小賣場,XIAO QUAN BUILDING BLOCKS Co.,新北市蘆洲區國道路2段106號9樓,施O全,,,2026/05/15,2026/05/15,Y,Y
96799361,卓潤資產管理股份有限公司,"Zhuorun Asset Management CO., LTD.",新北市汐止區新台五路2段238巷43號10樓,陳O中,,,2026/05/15,2026/05/15,Y,Y
90691482,重拓科技企業有限公司,"Right Development CO., LTD.",新北市中和區南山路127巷18弄6號5樓,,02-8943-3339,,2026/05/14,2026/09/24,Y,Y
00209200,哈啦國際股份有限公司,Hala Chicken International Ltd,新北市板橋區民族路35號(1樓),蔣O倫,,,2026/05/14,2026/05/14,Y,Y
53711985,安傑有限公司,"An-Jie Co., Ltd.",新北市板橋區國慶路182巷4號5樓,陳O珊,02-22680096,,2026/05/14,2026/05/14,Y,Y
54519451,智電工程有限公司,"SMART SYSTEMS ENGINEERING CO., LTD.",新北市新莊區中正路659之1號4樓,林O瑞,02-24529388,,2026/05/14,2026/05/14,Y,Y
54871897,出去走走股份有限公司,"EASYCAMP CO., LTD.",新北市板橋區莒光路17號3樓,張O源,02-22527966,02-22526247,2026/05/14,2026/05/14,Y,Y
61235671,羽菲工作室,everfaye Studio,新北市中和區連城路347巷6弄38號5樓,劉O玄,,,2026/05/14,2026/05/14,Y,Y
62118855,五層有限公司,"Five Story CO., LTD.",新北市板橋區館前東路26號3樓之2,吳O星,,,2026/05/14,2026/05/14,Y,Y
62191383,恩德斯特科技有限公司,"XANDEST CO., LTD.",新北市板橋區文化路2段182巷17號2樓,張O銘,02-22522900,,2026/05/14,2026/05/14,Y,Y
62200566,技算力科技股份有限公司,"Gigatoken Co., Ltd.",新北市新店區寶強路6號7樓,李O泰,02-8912-6699,,2026/05/14,2026/05/14,Y,Y
62200708,一器美學顧問有限公司,"Inch Aesthetics Co., Ltd.",新北市三重區中正北路394巷7弄8號4樓,謝O穎,,,2026/05/14,2026/05/14,Y,Y
62201072,永恩商貿有限公司,ternal Grace PTE LTD.,新北市土城區金信街145號6樓,陳O幼,,,2026/05/14,2026/05/14,Y,Y
62250684,澄城國際有限公司,The Cheng Cheng International LTD.,新北市泰山區明志路3段81號4樓,闕O,,,2026/05/14,2026/05/14,Y,Y
62259307,整全賦能系統股份有限公司,"HolisticX Systems Co., Ltd.",新北市汐止區康寧街169巷25號4樓之1,吳O三,26927459,,2026/05/14,2026/05/14,Y,Y
69394900,禮忠食品股份有限公司,"Lizon Foods CO., LTD.",新北市新莊區新樹路527巷34號,郭O志,,,2026/05/14,2026/05/14,Y,Y
93637929,密瑪數位科技有限公司,MI MA Technology LTD.,新北市中和區中興街136號10樓,王O麓,,,2026/05/14,2026/05/14,Y,Y
62199940,艾特研新科技有限公司,"Advanced Technology, Metrology & Compliance LTD.",新北市林口區文化三路2段115巷139號,李O埕,0939720698,,2026/05/13,2026/06/12,Y,Y
45907280,晨崴科技有限公司,"Chen Wei Technology CO., LTD.",新北市板橋區四維路259巷78之3號,陳O宇,,,2026/05/13,2026/05/13,Y,Y
50841350,旗盛包裝事業有限公司,"CHI SHENG PACKAGING CO., LTD.",新北市三重區車路頭街117巷13號5樓,陳O群,02-29828879,02-29829045,2026/05/13,2026/05/13,Y,Y
60371178,科納斯智慧股份有限公司,"Kenaz Wisdom CO., LTD.",新北市新莊區思源路171號10樓,王O智,0981881888,,2026/05/13,2026/05/13,Y,Y
60730272,弎叉科技股份有限公司,"TRITONFUSION CO,LTD",新北市板橋區板城路303號之1,邱O邦,,,2026/05/13,2026/05/13,Y,Y
62199815,福興食品有限公司,"FuXing Food Co., Ltd.",新北市蘆洲區永安北路2段70號,黃O煌,0931-555559,,2026/05/13,2026/05/13,Y,Y
62200165,恆銘有限公司,"Heng Ming CO., LTD.",新北市土城區金城路2段248之2號4樓,林O芳,02-22666583,,2026/05/13,2026/05/13,Y,Y
62250381,智禦國際股份有限公司,"Vantikon CO., LTD.",新北市新莊區青山路1段50號13樓,周O然,0919921906,,2026/05/13,2026/05/13,Y,Y
62257791,金永晶科技有限公司,"Ever Module Technology CO., LTD.",新北市中和區中正路736號14樓之3,莊O晶晶,02-22477586,,2026/05/13,2026/05/13,Y,Y
90300823,艸隹見有限公司,"CAO ZHUI JIAN Co., Ltd.",新北市新莊區新北大道4段187號4樓之1,陳O金,02-22700687,,2026/05/13,2026/05/13,Y,Y
95149333,滿滿生活體驗工作室,Abundant-House Studio,新北市土城區南天母路171巷15號3樓,許O如,,,2026/05/13,2026/05/13,Y,Y
60025347,富榯陸公分工作室,Minus Sixteencm Co.,新北市中和區中正路277之4號18樓,張O晴,0983630185,,2026/05/12,2026/05/13,Y,Y
60427095,袋財塑膠有限公司,"Money Come CO., LTD.",新北市新莊區化成路389巷31號之2,吳O衡,,,2026/05/12,2026/05/12,Y,Y
62201143,恩福源有限公司,"Blessing Life CO., LTD.",新北市三重區重陽路3段5巷20號（2樓）,劉O霖,,,2026/05/12,2026/05/12,Y,Y
62201283,東門興記行銷有限公司,"Dongmen Xingji Marketing CO., LTD.",新北市新莊區新樹路527巷20號,郭O學,,,2026/05/12,2026/05/12,Y,Y
62218117,芯勝國際有限公司,"Everstone International CO., LTD.",新北市中和區中正路957號12樓,廖O勝,,,2026/05/12,2026/05/12,Y,Y
62226355,台溫電控有限公司,"Taiwen electric control CO., LTD.",新北市樹林區中山路2段151巷15弄32號(1樓),王O卿,0955682086,,2026/05/12,2026/05/12,Y,Y
62258898,科照有限公司,Kezhao Tech LTD.,新北市汐止區大同路2段153號,甘O梅,,,2026/05/12,2026/05/12,Y,Y
62259377,達米安良品有限公司,Damie Meow LTD.,新北市新莊區中原路183巷7號(1樓),蘇O恆,,,2026/05/12,2026/05/12,Y,Y
90322663,新哈林運動股份有限公司,"New Halin CO., LTD.",新北市汐止區大同路1段239號16樓之1,吳O燦,02-29298334 #133,,2026/05/12,2026/05/12,Y,Y
29045759,高雅研有限公司,"P-TEC., LTD.",新北市淡水區崁頂57之3號,赤O雅彥,0988805920,,2026/05/11,2026/05/11,Y,Y
60353707,沐豐養生有限公司,"Mu Feng Health - Wellness CO., LTD.",新北市板橋區漢生東路125巷3號,劉O婕,02-22464626,,2026/05/11,2026/05/11,Y,Y
62190672,惠胜科技股份有限公司,"HUISHENG CO., LTD.",新北市汐止區新台五路1段79號14樓,余O敏,02-2698-9730,,2026/05/11,2026/05/11,Y,Y
62199673,小八韓選有限公司,"HN KOLLECT CO., LTD.",新北市永和區保福路2段39號1樓,張O涵,0911481824,,2026/05/11,2026/05/11,Y,Y
62218094,華寓國際有限公司,"Huayu International CO., LTD.",新北市三重區和平街42號2樓,鐘O華,,,2026/05/11,2026/05/11,Y,Y
62259192,沐林鮮物集有限公司,"Mulin CO., LTD.",新北市八里區中山路2段391號(1樓),林O濰,,,2026/05/11,2026/05/11,Y,Y
62259221,頌伊國際貿易股份有限公司,"SONIE International Trading CO., LTD.",新北市永和區環河東路1段42號10樓,胡O慶,,,2026/05/11,2026/05/11,Y,Y
90307311,元禾汽車國際有限公司,"Yuanhecar CO., LTD.",新北市中和區中原東街86號11樓,陳O豪,0909888053,,2026/05/11,2026/05/11,Y,Y
62259088,楚門空間建材有限公司,"Truman Space Building Materials CO., LTD.",新北市新莊區化成路540號之1七樓之3,趙O翔,,,2026/05/08,2026/08/29,Y,Y
94039719,鉑風企業管理顧問有限公司,"Bo Fong Management Consulting CO., LTD.",新北市蘆洲區中山一路161號3樓,張O皓,,,2026/05/08,2026/08/01,Y,Y
00130921,摩根兄弟股份有限公司,"MORGAN'S BROTHERS CO., LTD.",新北市永和區永和路1段158號4樓之2,李O翔,02-89212158,,2026/05/08,2026/07/20,Y,Y
00122181,捌捌壹陸有限公司,EEOS Company Limited,新北市中和區華新街109巷24號6樓之1,段O勇,0976627827,,2026/05/08,2026/05/08,Y,Y
60452137,曜炎創意娛樂有限公司,"Yaoyan Creative Entertainment CO., LTD.",新北市新莊區中正路657之1號3樓,曾O霖,0912805919,,2026/05/08,2026/05/08,Y,Y
61258809,富晟企業社,Fruition Company,新北市三重區光復路1段47號6樓之6,廖O富,0933816707,,2026/05/08,2026/05/08,Y,Y
62199717,力挺國際有限公司,"LIT TEAM CO., LTD.",新北市淡水區濱海路2段185號10樓,林O婷,,,2026/05/08,2026/05/08,Y,Y
62250468,勇嘉有限公司,"Yongjia CO., LTD.",新北市板橋區中山路2段29號,許O銘,66043210,,2026/05/08,2026/05/08,Y,Y
62251023,真人股份有限公司,"HUMAN INTERFACE CO., LTD.",新北市汐止區長青路213巷4號,拾O佾,0963670766,,2026/05/08,2026/05/08,Y,Y
62258476,宇拓資訊整合有限公司,UniTop Technology Integration Limited,新北市汐止區新台五路1段95號20樓之6,潘O竹,02-86921679,,2026/05/08,2026/05/08,Y,Y
93509403,皙馬國際有限公司,"XI MA INTERNATIONAL CO., LTD.",新北市林口區民族路81號,游O瑂,02-77161727,,2026/05/08,2026/05/08,Y,Y
30309645,福利戶外用品店,F.L.E.A.MARKET STORE,新北市汐止區福德二路219號(1樓),周O民,,,2026/05/07,2026/05/07,Y,Y
60027865,新北樂東國際企業社,Radon Linkou International Enterprise Co.,新北市林口區文化二路1段68巷12之6號(1樓),楊O學,02-66042867,,2026/05/07,2026/05/07,Y,Y
61257610,星朵橙商行,Starbloom Co.,新北市新莊區後港一路101號(1樓),翁O媛,,,2026/05/07,2026/05/07,Y,Y
61258890,金澤峻商貿企業社,Kin Crest Buusiness Company,新北市土城區龍山一街23號3樓,沈O安,02-82861748,,2026/05/07,2026/05/07,Y,Y
62191291,有銘有媛食藝有限公司,"Ming & Yuan Culinary Arts CO., LTD.",新北市鶯歌區鳳三路66號,謝O龍,0917279770,,2026/05/07,2026/05/07,Y,Y
62200691,台北跨文化策略顧問解決方案有限公司,Anchored Strategy & Solutions LTD.,新北市三重區重陽路1段86號13樓,陳O鴻,,,2026/05/07,2026/05/07,Y,Y
62217433,探索邊界有限公司,EdgeQuest AI Ltd.,新北市汐止區福德三路367號13樓,黃O傑,,,2026/05/07,2026/05/07,Y,Y
62249391,奕成財創有限公司,"YICHENG FINANCIAL SOLUTIONS CO., LTD.",新北市新莊區中華路1段63巷14號8樓,葉O為,0963820553,,2026/05/07,2026/05/07,Y,Y
62249569,箴貞好食品有限公司,"JJH CO., LTD.",新北市鶯歌區國中街2之3號2樓,陳O煌,,,2026/05/07,2026/05/07,Y,Y
62257981,元閣投資有限公司,"Crown Investment CO., LTD.",新北市新店區北新路1段12號18樓,張O榛,,,2026/05/07,2026/05/07,Y,Y
62258258,輝研生技股份有限公司,"VIORY BIOTECH CO., LTD.",新北市中和區橋和路15號5樓,黃O儀,,,2026/05/07,2026/05/07,Y,Y
62259427,德沐森有限公司,"Demusen CO., LTD.",新北市五股區新五路3段262號17樓,祁O柔,0905002890,,2026/05/07,2026/05/07,Y,Y
90676102,傳朔建設股份有限公司,"Chuan Shuo Development CO., LTD.",新北市三峽區大觀路8號10樓,楊O水,0976176560,,2026/05/07,2026/05/07,Y,Y
13115244,欣煜營造有限公司,"Xinyu Construction CO., LTD.",新北市三峽區民生街152之8號5樓,吳O成,02-26748866,02-26719966,2026/05/06,2026/05/06,Y,Y
29131889,特易聯合科技服務股份有限公司,"Te Yi United Technology Service CO., LTD.",新北市新莊區中正路649之2號6樓,曾O豪,02-2903-0881,,2026/05/06,2026/05/06,Y,Y
60334322,辰悅智研顧問股份有限公司,"Zenith Hydro Consultants CO., LTD.",新北市土城區延吉街137巷6號,江O政,,,2026/05/06,2026/05/06,Y,Y
60574259,拾月拾日有限公司,"TenTen CO., LTD.",新北市新店區新烏路三段92號,陳O竹,,,2026/05/06,2026/05/06,Y,Y
61255731,多矅企業社,Duo Yao Co.,新北市新店區安興路109號14樓之7,陳O庠,,,2026/05/06,2026/05/06,Y,Y
62200989,駿衡科技有限公司,"Jun Equilibria Technology CO., LTD.",新北市新店區中央路155號23樓,王O媗,0289136222,02-89136222,2026/05/06,2026/05/06,Y,Y
62225948,庭洋光電科技有限公司,"Ting Yang Photonics Technology CO., LTD.",新北市板橋區四川路2段245巷22號5樓,李O熙,02-89673483,,2026/05/06,2026/05/06,Y,Y
62258882,耀金有限公司,"Yaojin CO., LTD.",新北市中和區中山路2段523巷1弄7號4樓,游O熙,,,2026/05/06,2026/05/06,Y,Y
62259046,艾締雅全球貿易有限公司,"Alydia Global Trading CO., LTD.",新北市新莊區富貴路500號4樓,林O增,,,2026/05/06,2026/05/06,Y,Y
85149854,百姓娛樂工作室,Baixing Entertainment Studio,新北市樹林區東興街37號(2樓),邱O翔,0912812413,,2026/05/06,2026/05/06,Y,Y
60510642,蓉傳有限公司,RungComm Co. Ltd.,新北市新店區北新路1段2之20號9樓,蘇O蓉,,,2026/05/05,2026/08/05,Y,Y
62249358,臻睿國際有限公司,Chen Rui International CO. LTD.,新北市永和區永和路2段57號7樓,闕O睿,,,2026/05/05,2026/05/20,Y,Y
00017630,友準有限公司,Yu Zhun LTD.,新北市中和區中原街90號22樓,張O凱,0938110479,,2026/05/05,2026/05/05,Y,Y
60055257,嗚呼森水舖,Wu Hu Sen Shui Firm Company,新北市深坑區北深路1段278巷30弄11號,陳O,0965403794,,2026/05/05,2026/05/05,Y,Y
60311881,昇衡國際有限公司,"Sheng Heng International CO., LTD.",新北市中和區中正路736號14樓之3,游O瑞,0983635725,,2026/05/05,2026/05/05,Y,Y
60312018,裕森投資控股有限公司,Yu Sen Investment Holding Co.Ltd.,新北市永和區中正路195號7樓,黃O鐘,,,2026/05/05,2026/05/05,Y,Y
60378616,昊智未來科技有限公司,HaoAI Future Technologies Inc.,新北市永和區中山路1段129號3樓之1,崔O豪,,,2026/05/05,2026/05/05,Y,Y
62191010,品之味國際有限公司,"MSC International Co., Ltd.",新北市板橋區文化路2段476號,詹O秋,02-22582575,,2026/05/05,2026/05/05,Y,Y
62200735,奇嵩科技有限公司,"QISONG CO., LTD.",新北市蘆洲區中正路185巷23弄1號,許O玲,,,2026/05/05,2026/05/05,Y,Y
62225882,和蒲半導體材料有限公司,"Hepu Semiconductor Materials CO., LTD.",新北市中和區圓通路297巷9弄20號2樓,林O鶴,,,2026/05/05,2026/05/05,Y,Y
62226566,永馥特好國際股份有限公司,"YUNG FU TE HA CO., LTD.",新北市林口區文化三路2段10之1號,馬O人,,,2026/05/05,2026/05/05,Y,Y
62249717,鑫匯電子有限公司,"Xinhui Electronics Co., Ltd",新北市永和區中山路1段129號3樓之1,黃O傑,,,2026/05/05,2026/05/05,Y,Y
62258497,睿宸技術有限公司,"RAY C-TEC CO., LTD.",新北市三重區中正北路15號4樓,司O嘉萍,,,2026/05/05,2026/05/05,Y,Y
95134850,好醫文創工作室,Creative Med Studio,新北市中和區新生街186巷1弄14號4樓,謝O磐,02-29640619,,2026/05/05,2026/05/05,Y,Y
23806696,興娣機械股份有限公司,"Xingdi Machinery Co., Ltd.",新北市樹林區中洲街2之2號,詹O興,02-26807061,,2026/05/04,2026/05/04,Y,Y
30156129,祥伸工程行,Xiang Shen Engineering Company,新北市樹林區中洲街6號,林O麗,02-26807061,02-26806232,2026/05/04,2026/05/04,Y,Y
54027189,億豐數位科技有限公司,"Yifeng Digital Technology Co.,Ltd.",新北市中和區立業路63號5樓,林O州,02-22259549,02-22252116,2026/05/04,2026/05/04,Y,Y
61227638,丰躍企業社,FENG YUE Enterprise Co.,新北市蘆洲區長安街194巷12號(1樓),蔡O倫,,,2026/05/04,2026/05/04,Y,Y
62226405,昌茂電子有限公司,"CHANCE MOST ELECTRONICS CO., LTD.",新北市汐止區南陽街90巷22號,呂O霖,02-26946434,02-26949370,2026/05/04,2026/05/04,Y,Y
62258551,宇商實業有限公司,"YEU SUN Industrial CO., LTD.",新北市三重區自強路1段312巷1號(1樓),江O武,02-29826605,02-29850901,2026/05/04,2026/05/04,Y,Y
62258617,郁中國際企業有限公司,"Yuzon International CO., LTD.",新北市新店區安興路125之2號6樓,李O璇,,,2026/05/04,2026/05/04,Y,Y
62258742,雙星創意娛樂有限公司,"Twin Stars Creative Co., Ltd.",新北市中和區中山路2段332巷1號7樓,鄭O筠,,,2026/05/04,2026/05/04,Y,Y
90746867,樹禧生活有限公司,"Zooxi Life CO., LTD.",新北市瑞芳區明燈路2段58號(1樓),魏O哲,,,2026/05/04,2026/05/04,Y,Y
91434743,益樂天企業社,Yi Le Tian Co.,新北市三重區三和路4段109之13號5樓,曾O輝,0970043678,,2026/05/04,2026/05/04,Y,Y
95490251,凱瑞數位科技有限公司,"Kyrie Digital Technology CO., LTD.",新北市土城區學享街32號2樓,丁O予,0976260759,,2026/05/04,2026/05/04,Y,Y
60378587,道達有限公司,"DAODA CO., LTD.",新北市汐止區汐萬路1段401號,陳O惠,02-26416859,,2026/04/30,2026/09/18,Y,Y
96825902,咖哈美爾有限公司,"HUNG patisserie Co., Ltd.",新北市蘆洲區國道路2段1巷52號7樓,趙O,04-22548057,,2026/04/30,2026/07/25,Y,Y
60312039,晉勝國際有限公司,"Jinsheng International CO., LTD.",新北市土城區學府路2段43號6樓,曾O航,04-22547227,,2026/04/30,2026/04/30,Y,Y
60379328,精信科技有限公司,"JinXin-TEK CO., LTD.",新北市中和區中正路716號7樓之5,陳O軒,06-205-8086#17,06-205-7407,2026/04/30,2026/04/30,Y,Y
62226496,鑫望科技股份有限公司,"Xinwang Technology CO., LTD.",新北市中和區秀朗路3段177號(1樓),鄭O菁,02-86683237,,2026/04/30,2026/04/30,Y,Y
62250777,晟義不動產開發有限公司,"Cheng Yi Real Estate Development Co., Ltd.",新北市林口區文化三路1段71號2樓,邱O庭,,,2026/04/30,2026/04/30,Y,Y
62251298,赫貝絲髮業有限公司,Hebeshair Company Limited,新北市板橋區漢生東路7之1號,林O姿,,,2026/04/30,2026/04/30,Y,Y
91242891,安格爾斯企業社,HEYTECH Company,新北市林口區文化三路1段547號(1樓),黃O通,0938621155,,2026/04/30,2026/04/30,Y,Y
92704673,藍鯨生醫商行,WHALE BIOMEDICAL FIRM,新北市土城區明德路1段93巷6號2樓之1,張O榮,0980977978,,2026/04/30,2026/04/30,Y,Y
96766782,富立方材料股份有限公司,"FULL CUBE MATERIAL CO., LTD.",新北市板橋區中山路2段62號10樓之7,劉O吟,0911379711,,2026/04/29,2026/05/05,Y,Y
12837216,宏宇智能營造股份有限公司,"Macro Field Intelligent Construction CO., LTD.",新北市三重區三和路4段103號7樓,林O宏,0222867899,0222869566,2026/04/29,2026/04/29,Y,Y
24802206,香港商美思設計工程有限公司台灣分公司,"MUSE DESIGN AND CONSTRUCTION CO., LTD. Taiwan Branch(HONG KONG)",新北市中和區中山路2段332巷13號12樓,楊O超YEUNGYUNGCHIU,02-25158222,,2026/04/29,2026/04/29,N,N
50895593,靜宇國際有限公司,"Jing-Yeu International CO., LTD.",新北市新莊區五權一路1號8樓之2,李O宇,02-7730-3599,,2026/04/29,2026/04/29,Y,Y
60313488,世承餐飲股份有限公司,Legacy F&B Group Ltd.,新北市汐止區長青路191巷2之1號5樓,鹽O美那,0955568528,,2026/04/29,2026/04/29,Y,Y
60334168,安序實業有限公司,"Anxu Industrial CO., LTD.",新北市土城區青仁路366號6樓,許O水,02-26010330,02-26010331,2026/04/29,2026/04/29,Y,Y
60348450,橋域有限公司,Bridge Realm Company Limited,新北市樹林區三俊街273號(1樓),王O尊,0905369686,,2026/04/29,2026/04/29,Y,Y
61252410,金利實業社,JinLi Company,新北市新莊區四維路97巷16號(1樓),林O妤,,,2026/04/29,2026/04/29,Y,Y
62201426,映河有限公司,"Ying He CO., LTD.",新北市泰山區仁愛路130號,劉O陽,02-29007188,,2026/04/29,2026/04/29,Y,Y
62250002,碩紳有限公司,"Stablecore Automation Technology CO., LTD.",新北市新莊區新樹路609之9號14樓,陳O偉,02-22075186,,2026/04/29,2026/04/29,Y,Y
62257808,涵蘊生物科技有限公司,"Hanyun Biotechnology CO., LTD.",新北市板橋區華江一路592號（1樓）,張O岑,0912204845,,2026/04/29,2026/04/29,Y,Y
90467506,愷晏國際有限公司,"KAIYEN INTERNATIONAL CO,LTD.",新北市汐止區新台五路1段90號5樓,游O翔,02-27925168,02-27911919,2026/04/29,2026/04/29,Y,Y
62226263,和騰科技股份有限公司,UNILEAP Technology INC.,新北市中和區建八路198號8樓,鄭O志,,,2026/04/28,2026/08/26,Y,Y
99996422,楚騰科技有限公司,ChuTeng LTD.,新北市林口區文化一路1段200號5樓,蔡O瑞,,,2026/04/28,2026/08/26,Y,Y
90305691,易特購貿易有限公司,Yili Trading Ltd.,新北市林口區公園路203號10樓之1至之2,吳O蘋,,,2026/04/28,2026/05/19,Y,Y
24410335,家樂福廣告有限公司,"Joyful Home Advertising CO., LTD.",新北市三重區集賢路129號,張O隆,02-28577777,02-28573882,2026/04/28,2026/04/28,Y,Y
54852553,信皇科技有限公司,"Xin Huang Tech. CO., LTD.",新北市樹林區東豐街49巷8弄1號(1樓),蔡O茹,02-86865638,02-86851678,2026/04/28,2026/04/28,Y,Y
60376743,邑將有限公司,"E-Jiang CO., LTD.",新北市汐止區新台五路2段174號36樓,李O賢,,,2026/04/28,2026/04/28,Y,Y
60387798,鑫澤鑫有限公司,"Gold River Gold CO., LTD.",新北市淡水區新市三路2段273號21樓,劉O琪,0975388801,,2026/04/28,2026/04/28,Y,Y
61255471,泰彬隆企業社,TAI BIN LONG CO.,新北市板橋區漢生東路303號(1樓),郭O彬,,,2026/04/28,2026/04/28,Y,Y
61256491,諾米媒體工作室,Nuomi Media Studio,新北市中和區景新街338號12樓,陳O蓉,,,2026/04/28,2026/04/28,Y,Y
62200854,千登科技有限公司,"Qiandeng Technology CO., LTD.",新北市汐止區新台五路1段95號16樓之1,彭O安,,,2026/04/28,2026/04/28,Y,Y
62201495,芬歐匯川台灣有限公司,"UPM Taiwan CO., LTD.",新北市五股區五工三路114號,GONWENNIE,,,2026/04/28,2026/04/28,Y,Y
62216568,金華國際有限公司,"CHIN HUA INTERNATION CO., LTD.",新北市中和區中正路918號3樓,葉O琪,,,2026/04/28,2026/04/28,Y,Y
62226046,匯運科技有限公司,ALLIED CHANCE TECH LIMITED,新北市新店區民權路108號10樓,楊O煌,,,2026/04/28,2026/04/28,Y,Y
62226088,騰予國際有限公司,"Virar CO.,LTD.",新北市林口區隆林街127號,吳O雯,0915500090,,2026/04/28,2026/04/28,Y,Y
85126199,瑞凡德斯生醫有限公司,Reventis Biomedical LTD.,新北市中和區中正路866之3號17樓,黃O穎,,,2026/04/28,2026/04/28,Y,Y
90632864,杰伊股份有限公司,"JE Trading CO., LTD.",新北市新莊區中原路516號3樓之5,簡O凱,02-85220902,,2026/04/28,2026/04/28,Y,Y
62250214,富萊音科技有限公司,TWFllying Technology Company Limited,新北市三重區長安街100之2號,莊O安,0983-537-711,,2026/04/27,2026/08/07,Y,Y
00228255,昱鼎有限公司,"YU DIN CO., LTD.",新北市永和區民族街27巷17號5樓,曹O銘,02-86681571,,2026/04/27,2026/05/05,Y,Y
13787869,生活居創意工作坊,LumiLife Company,新北市永和區中興街10巷18號5樓,高O玲,,,2026/04/27,2026/04/27,Y,Y
16855880,泓景廣告工程有限公司,"Hong-Jing Advertising CO., LTD.",新北市三重區永福街94號,曾O蘭,02-22805620,0-22805630,2026/04/27,2026/04/27,Y,Y
60079949,販子玩具小舖,Smallshop club Co.,新北市樹林區學林路157號,楊O姍,,,2026/04/27,2026/04/27,Y,Y
60474370,瑞妡有限公司,"iDREAMING NET CO., LTD.",新北市五股區水碓九路67號4樓,施O青,,,2026/04/27,2026/04/27,Y,Y
60500551,涵北國際貿易有限公司,"HAN-BEI INTERNATIONAL TRADING CO., LTD.",新北市深坑區北深路1段32之34號(1樓),何O馨,0937191954,,2026/04/27,2026/04/27,Y,Y
62200637,真鋐企業有限公司,"Gin Hope CO., LTD.",新北市永和區中山路1段273號15樓,張O文,02-27037969,,2026/04/27,2026/04/27,Y,Y
62201360,瀚洋國際管理顧問有限公司,"HY Global Education Advisory CO., LTD.",新北市中和區中山路2段33號10樓之5,傅O絢,02-25531866,,2026/04/27,2026/04/27,Y,Y
62217291,勝唯貿易股份有限公司,"SemEvo Trading CO., LTD.",新北市新莊區五權一路1號8樓之2,林O平,02-22989589,02-22989996,2026/04/27,2026/04/27,Y,Y
62226030,悠越實業股份有限公司,"ULTRA COATING CO., LTD.",新北市板橋區重慶路60之1號3樓,陳O翔,037-680015,,2026/04/27,2026/04/27,Y,Y
62226123,次郎投資有限公司,"Jiro Investment CO., LTD.",新北市五股區更洲路23號,OOGKIAOCHUAOCASEY,02-85218186,,2026/04/27,2026/04/27,Y,Y
85348045,鑫鑫烘焙屋,XINXINBAKERY House,新北市蘆洲區中山二路46巷15號(1樓),丁O傑,02-22839641,,2026/04/27,2026/04/27,Y,Y
93668611,廣傳科技有限公司,"Onebit Technology CO., LTD.",新北市林口區忠孝路292號10樓,楊O騏,,,2026/04/27,2026/04/27,Y,Y
24460340,群通智能科技有限公司,"Quntong Intelligent Technology CO., LTD.",新北市土城區千歲路31號5樓,黃O良,02-27057716#521,0227031995,2026/04/24,2026/09/18,Y,Y
60527411,株本食品有限公司,"CHUBUN INTERNATIONAL CO., LTD.",新北市新莊區化成路389巷1號,徐O佑,02-85212838,,2026/04/24,2026/04/24,Y,Y
61254439,法瑞莎生技企業社,Farasha Biotech Company,新北市板橋區信義路243號9樓,賴O穎,,,2026/04/24,2026/04/24,Y,Y
62200833,曜鈺投資有限公司,Yao Yu Investment Limited Company,新北市中和區中正路736號14樓之3,蕭O如,0920673633,,2026/04/24,2026/04/24,Y,Y
66569356,萊室美系統櫥櫃有限公司,"Luxmay Furniture System Material CO., LTD.",新北市林口區菁埔39之1號,林O輝,02-26032838,,2026/04/24,2026/04/24,Y,Y
82992648,合構建築有限公司,"HOPE TO BUILDING CO., LTD.",新北市樹林區福興街25號,林O德,,,2026/04/24,2026/04/24,Y,Y
83169600,元泉生機有限公司,"Vital Spring Organic CO., LTD.",新北市土城區中央路2段384號,陳O辰,02-82601562,,2026/04/24,2026/04/24,Y,Y
90170048,潤晟系統整合有限公司,"Runsheng System Integration CO., LTD.",新北市新店區北新路3段82號5樓之1,賈O洋,02-89110581,02-22781331,2026/04/24,2026/04/24,Y,Y
91396163,奈比工作室,Kewpii Studio,新北市新莊區建福路59巷20號4樓,羅O,,,2026/04/24,2026/04/24,Y,Y
25044005,美紳技術服務有限公司,"Meso Technology services CO., LTD.",新北市板橋區和平里廣和街53號8樓,施O清,02-29536280,02-2964-8655,2026/04/23,2026/04/23,Y,Y
60776797,澄鑫國際有限公司,"Chengxin International CO., LTD.",新北市新莊區新北大道2段217號8樓,陳O如,02-29958508,,2026/04/23,2026/04/23,Y,Y
60782496,錩融國際有限公司,"Chang rong juno CO., LTD.",新北市三重區重新路2段46之8號3樓,葉O融,,,2026/04/23,2026/04/23,Y,Y
61250285,傑伊商務企業社,JAYTECH STUDIO,新北市深坑區北深路3段238之8號5樓,趙O儀,0955117971,,2026/04/23,2026/04/23,Y,Y
61253558,芙熙商行,Cozy vibe Trading Co.,新北市新店區安祥路109巷90弄72號(3樓),李O芸,0953-599033,,2026/04/23,2026/04/23,Y,Y
61255248,鉑創企業社,PLATINUM Co.,新北市瑞芳區大埔路103巷32之5號,楊O金,,,2026/04/23,2026/04/23,Y,Y
62201278,汎啟國際有限公司,"FCHI International CO., LTD.",新北市新莊區新樹路269巷14號(1樓),莊O為,,,2026/04/23,2026/04/23,Y,Y
62201452,墨克數位科技股份有限公司,Merkle Digital Limited,新北市土城區立德路39號7樓,黃O翰,,,2026/04/23,2026/04/23,Y,Y
89284917,巨驥開發有限公司,"Ju-Ji Development CO., LTD.",新北市板橋區信義路211號,陳O吉,,,2026/04/23,2026/04/23,Y,Y
90839350,韓鑫服飾有限公司,TASTEFUL STUDIO LIMITED COMPANY,新北市蘆洲區長安街131巷10號,陳O良,02-22873516,,2026/04/23,2026/04/23,Y,Y
93582847,大學問菁英國際教育有限公司,DXW Education International Limited Company,新北市中和區復興路287號5樓,張O強,,,2026/04/23,2026/04/23,Y,Y
93718529,百里環保股份有限公司,"Baili Environmental Protection CO., LTD.",新北市新莊區民安西路252巷37號,大O環保股份有限公司,02-22150606,,2026/04/23,2026/04/23,Y,Y
62199239,昱啟煥股份有限公司,"Yu-Chi.H CO., LTD.",新北市汐止區新台五路1段95號16樓之1,潘O潔,0910282401,,2026/04/22,2026/08/12,Y,Y
09933355,名美內衣行,MingMei Store,新北市新莊區五工二路94巷15號1樓,何O瑜,02-22999916,,2026/04/22,2026/04/22,Y,Y
26553934,尹培袞時尚工作室,Sean Yin Fashion Studio,新北市樹林區學勤路544號10樓,林O培袞,02-35019851,,2026/04/22,2026/04/22,Y,Y
28110020,楊益工業有限公司,"Yang Yi Industrial CO., LTD.",新北市新莊區民安路449號1樓,楊O利,02-22036458,,2026/04/22,2026/04/22,Y,Y
60324675,絲必潔科技股份有限公司,"SPARKLEAN LAUNDRY CO., LTD.",新北市樹林區環漢路5段316號,林O憲,02-89705656,,2026/04/22,2026/04/22,Y,Y
61254830,陽朔企業社,Yangshuo tw Enterprise Co.,新北市新店區安興路109號14樓之7,陳O庠,,,2026/04/22,2026/04/22,Y,Y
62201328,竣特科技有限公司,JUNTE TECHNOLOGY LTD.,新北市中和區員山路132巷14號4樓,許O瑋,,,2026/04/22,2026/04/22,Y,Y
62217948,順豐農林水產有限公司,"SUN FLOWER SEAFOOD CO., LTD.",新北市永和區保生路1號2樓,李O陽,02-86606899,02-89215888,2026/04/22,2026/04/22,Y,Y
62218003,鼎順豐農林水產有限公司,"SUN & MARINE SEAFOOD CO., LTD.",新北市永和區保生路1號2樓,李O陽,02-86606899,02-89215888,2026/04/22,2026/04/22,Y,Y
69265336,振躍工程有限公司,"Zhen Yue Engineering CO., LTD.",新北市八里區龍米路1段40號,陳O富,0226093282,0226095387,2026/04/22,2026/04/22,Y,Y
85067678,凱森室內裝修設計有限公司,"K.Z STUDIO CO., LTD.",新北市三重區大同北路184巷10號5樓,陸O華,0921174137,,2026/04/22,2026/04/22,Y,Y
90112076,丹繹室內裝修顧問有限公司,"DANYI INTERIOR DECORATION CONSULTANTS CO., LTD.",新北市汐止區民族五街40號2樓,林O惠,0938-383477,,2026/04/22,2026/04/22,Y,Y
62250621,耶洛餐飲股份有限公司,Yellowstone F&B CORP. LTD.,新北市板橋區三民路2段37號21樓,黃O修,,,2026/04/21,2026/08/21,Y,Y
62249694,立德基業整合行銷有限公司,"Leader Foundation Integrated Marketing Co., Ltd.",新北市三重區重陽路4段130號12樓,張O源,,,2026/04/21,2026/06/24,Y,Y
90673597,倍麗實業有限公司,"Beryl CO., LTD.",新北市鶯歌區文化路233號,林O蔚,02-7752-9968,02-7736-2156,2026/04/21,2026/05/20,Y,Y
62201087,宜億國際有限公司,BILLIONTEC INTERNATIONAL INC.,新北市新莊區中原東路99號3樓,張O源,,,2026/04/21,2026/04/22,Y,Y
24454635,映暉有限公司,"Ying Huei Co., Ltd.",新北市蘆洲區長安街207巷2號1樓,張O焜,,,2026/04/21,2026/04/21,Y,Y
37207600,翰星交通企業股份有限公司,"Han Xing Transportation Enterprise CO., LTD.",新北市蘆洲區國道路二段109號7樓,蔡O翰,02-22981288,,2026/04/21,2026/04/21,Y,Y
60324990,珀金化學有限公司,"Perkin Chemical Co., Ltd.",新北市林口區文化三路1段191巷18號10樓,陳O寰,0937763757,,2026/04/21,2026/04/21,Y,Y
61246059,偉耀企業社,Wei Yao World Co.,新北市新店區安興路109號14樓之7,陳O庠,,,2026/04/21,2026/04/21,Y,Y
62216835,謹智有限公司,"Jinzhi CO., LTD.",新北市新莊區民安西路24巷18弄3號,張O斐,0972961906,,2026/04/21,2026/04/21,Y,Y
82117632,均琪企業社,Jun Chi Trading Co.,新北市五股區西雲路283號4樓,白O琪,,,2026/04/21,2026/04/21,Y,Y
90646065,禾鑫企業有限公司,"Hexin Enterprise CO., LTD.",新北市板橋區雙十路2段209號23樓,林O宥,02-26537467,,2026/04/21,2026/04/21,Y,Y
90675764,達瑞生技股份有限公司,"Tara BioTech CO., LTD.",新北市汐止區新台五路1段97號14樓之7,賴O君,0963559689,,2026/04/21,2026/04/21,Y,Y
67231901,三域有限公司,"Sanyu CO., LTD.",新北市三峽區中華路62號3樓,陳O彥,0981123828,,2026/04/20,2026/04/24,Y,Y
22920950,柏翔技研企業有限公司,"BOXIANG INFORMATION TECHNOLOGY CO., LTD.",新北市蘆洲區和平路106號,吳O元,0282827906,0282827509,2026/04/20,2026/04/20,Y,Y
23253358,瞬明實業有限公司,"SUNMING CO., LTD.",新北市樹林區民權街5巷19弄15號1樓,楊O得,02-26688559,02-26688155,2026/04/20,2026/04/20,Y,Y
60325246,浩業國際企業有限公司,"Haoye Global CO., LTD.",新北市板橋區中山路1段293之1號13樓之1,黃O,0965594054,,2026/04/20,2026/04/20,Y,Y
62190814,筠馥森國際股份有限公司,"JFS INTERNATIONAL CO.,LTD",新北市新莊區思源路601號12樓,李O齊,,,2026/04/20,2026/04/20,Y,Y
62216321,威典運動科技有限公司,"WEIDIAN SPORTS TECHNOLOGY CO., LTD.",新北市板橋區長安街7巷16號(1樓),王O中癸,0976525082,,2026/04/20,2026/04/20,Y,Y
62249884,星協精密有限公司,"HSING HSIEH PRECISION CO., LTD.",新北市新莊區民安路420巷25號,王O偉,02-22041158,,2026/04/20,2026/04/20,Y,Y
83005868,嘉淞紙品有限公司,"Jia Song Paper Products CO., LTD.",新北市中和區新民街6號,連O鴻,,,2026/04/20,2026/04/20,Y,Y
91398937,龍峰帷幕工程行,Longfeng Engineering Works,新北市三重區中正南路8巷12號4樓,魏O宜,0981116389,,2026/04/20,2026/04/20,Y,Y
94250466,食時可樂策展有限公司,Food Season Curation Ltd.,新北市汐止區保一街115號2樓,蘇O穎,,,2026/04/20,2026/04/20,Y,Y
62249575,巔楓科技股份有限公司,MAPLE SUMMIT TECHNOLOGIES TAIPEI LTD.,新北市中和區連城路99巷7號2樓,,,,2026/04/18,2026/09/25,Y,Y
60382007,有好行銷整合生技有限公司,"YOU HAO MARKETING INTEGRATION BIOTECH CO., LTD.",新北市中和區立人街29號,黃O陽,02-86681111,,2026/04/18,2026/04/18,Y,Y
62249913,植光股份有限公司,"ZhiGuang Co., Ltd.",新北市中和區連城路99巷7號2樓,洪O建,,,2026/04/18,2026/04/18,Y,Y
61253163,利迪亞商行,Lydia Global Company,新北市新莊區瓊泰路75號,黃O瑄,0286725142,,2026/04/17,2026/07/03,Y,Y
28507583,向紘五金有限公司,"XIANG HONG HARDWARE CO., LTD.",新北市中和區自立路14之4號,黃O妤,02-86663569,02-8666-4017,2026/04/17,2026/04/17,Y,Y
60072973,沐序工作室,MUXU Studio,新北市汐止區新台五路1段97號27樓之7,莊O寧,,,2026/04/17,2026/04/17,Y,Y
60334364,科思國際生技有限公司,KS Biotechnologies INC.,新北市汐止區新台五路1段106號18樓,吳O君,0935815757,,2026/04/17,2026/04/17,Y,Y
62216461,夸克創意股份有限公司,"QoooQ CO., LTD.",新北市三重區捷運路39號2樓,安O和秀(KazuhideYasuda),,,2026/04/17,2026/04/17,Y,Y
62217980,黑洞娛樂有限公司,"Black Hole Entertainment CO., LTD.",新北市新莊區豐盛一街16號15樓,許O紘,0903350483,,2026/04/17,2026/04/17,Y,Y
82360256,山彩翔工作室,Shan Caixiang Studio Co.,新北市石門區崁子脚90號之3,許O翔,0970217838,,2026/04/17,2026/04/17,Y,Y
93379231,貳島設計有限公司,"iiisland CO., LTD.",新北市新莊區瓊林南路138號(1樓),林O軒,,,2026/04/17,2026/04/17,Y,Y
60527382,穎築國際精品有限公司,"Yingzhu Culture CO., LTD.",新北市樹林區佳園路3段189號,徐O謙,0909-610312,,2026/04/16,2026/05/23,Y,Y
62217026,宸萃有限公司,"Arbor Source Solutions Co., Ltd.",新北市中和區中正路755之1號（1樓）,黃O楷,0901069069,,2026/04/16,2026/05/08,Y,Y
62217102,釉爍資訊科技有限公司,Yushuo Information Technology Ltd.,新北市板橋區東門街30之2號5樓之1,陳O銘,,,2026/04/16,2026/04/20,Y,Y
62250729,蘭洋翎國際貿易有限公司,"LANYL International CO., LTD.",新北市永和區永元路17巷1弄6號(1樓),王O翔,0928980206,,2026/04/16,2026/04/17,Y,Y
50846637,美帝有限公司,MELODY LIMITED,新北市林口區文化二路1段266號22樓之2,魏O涵,,,2026/04/16,2026/04/16,Y,Y
53213501,此刻識別設計室內裝修有限公司,"MomentLand CO., LTD.",新北市泰山區仁義路175號14樓,趙O誼,02-85211555,02-85213938,2026/04/16,2026/04/16,Y,Y
60074156,萊伊斯企業,Andes Raices Co.,新北市新店區民權路108號地下層,魏O綺,,,2026/04/16,2026/04/16,Y,Y
61253868,準時好購工作室,OnTime Select Studio,新北市汐止區新台五路1段196號14樓,吳O榛,,,2026/04/16,2026/04/16,Y,Y
62190862,三神通商顧問股份有限公司,"SANJIN TRADE CONSULTANT CO., LTD.",新北市板橋區南雅南路1段8號10樓之19,吳O駿夫,,,2026/04/16,2026/04/16,Y,Y
62250170,必富果股份有限公司,Be Fruitful Limited Company,新北市三重區重新路5段609巷8號9樓之3,沈O玲,02-22783667#8121,,2026/04/16,2026/04/16,Y,Y
83201411,芮櫟智能健康事業有限公司,"RayLex Intelligent Healthtech CO., LTD.",新北市土城區中央路4段32號,張O鈞,,,2026/04/16,2026/04/16,Y,Y
89133051,朋睿國際策略管理顧問股份有限公司,"PENG RAY INTERNATIONAL STRATEGY AND CONSULTING CO., LTD.",新北市中和區復興路48號2樓,姚O祥,,,2026/04/16,2026/04/16,Y,Y
62195450,塔潘印度餐廳有限公司,TREPAN INDIA RESTAURANT LTD.,新北市板橋區四川路1段349號(1樓),TOEPANSINGH,,,2026/04/15,2026/06/19,Y,Y
41087331,安泰鑫汽車商行,ANTAIXIN CO.,新北市淡水區沙崙路1段120號14樓,賴O安,02-26209035,,2026/04/15,2026/04/15,Y,Y
60311989,被神眷顧的股份有限公司,Kami Bless Corporation,新北市新店區寶元路2段29號(1樓),賈O傑,02-2910-1236,,2026/04/15,2026/04/15,Y,Y
60347229,航展國際有限公司,"FLYING CO., LtD.",新北市板橋區文化路2段323號5樓,鄧O琦,02-7728-8340,,2026/04/15,2026/04/15,Y,Y
60371326,和宙廣利有限公司,"Hezhou Guangli Co., Ltd.",新北市板橋區文化路1段329號4樓,盧O伊,0970594134,,2026/04/15,2026/04/15,Y,Y
60434716,富萬騰國際有限公司,"FUWANTENG INTERNATIONAL CO., LTD.",新北市板橋區中山路1段293之1號10樓之1,蘇O駿,0914013959,,2026/04/15,2026/04/15,Y,Y
60604710,齊力企業有限公司,"Chi Li Enterprise CO., LTD.",新北市三重區三和路4段203巷84號(1樓),林O珺,02-85215789,,2026/04/15,2026/04/15,Y,Y
60650761,信達國際印刷有限公司,"XINDA INTERNATIONAL PRINTING CO., LTD.",新北市板橋區中山路二段505巷43號5樓,林O助,02-22402324,,2026/04/15,2026/04/15,Y,Y
60749595,昀瑧有限公司,"Cerise.acc CO., LTD.",新北市泰山區明志路1段352巷6號(1樓),陳O宗,,,2026/04/15,2026/04/15,Y,Y
61251904,宸家立業貿易行,Grand Legacy Company,新北市中和區德光路136號8樓,王O寧,,,2026/04/15,2026/04/15,Y,Y
61253071,星辰生活館,Stellar living Store,新北市板橋區陽明街279巷35號5樓之2,陸O翰,0902216262,,2026/04/15,2026/04/15,Y,Y
62216336,善欣國際有限公司,"Shanxin International CO., LTD.",新北市板橋區館前東路116號3樓,連O寶,,,2026/04/15,2026/04/15,Y,Y
62249370,鈞沃有限公司,Geneworld LTD.,新北市板橋區文化路2段250號5樓,陳O淨,,,2026/04/15,2026/04/15,Y,Y
91404874,恒展企業社,HENGZHAN COMPANY,新北市三重區自強路2段84巷5號4樓,廖O琪,,,2026/04/15,2026/04/15,Y,Y
94191495,合發資訊有限公司,"Hefeng Information CO., LTD.",新北市新莊區永樂街47號,葉O元,0911737150,,2026/04/15,2026/04/15,Y,Y
93755093,智網系統股份有限公司,"Smart Grid System CO., LTD.",新北市板橋區三民路2段38號10樓之1,李O惠,0922447445,,2026/04/14,2026/08/07,Y,Y
00083737,曜衡工程有限公司,"YAOHENG ENVIRONMENTAL ENGINEERING CO., LTD.",新北市汐止區新台五路1段77號15樓,林O銘,,,2026/04/14,2026/04/14,Y,Y
36259586,旼進五金有限公司,"MIN JIN CO., LTD.",新北市三重區忠孝路2段38巷22號,鄭O香,02-29800237,,2026/04/14,2026/04/14,Y,Y
54711246,大勇機械搬運有限公司,"Valiant Machinery Moving CO., LTD.",新北市中和區忠孝街81號,陳O仲,02-89434989,,2026/04/14,2026/04/14,Y,Y
60450497,創先科技有限公司,FORE TECH LIMITED COMPANY,新北市三重區重新路5段609巷6號6樓之5,劉O駿,02-89111370,02-89110480,2026/04/14,2026/04/14,Y,Y
60748809,羽盛聯喜製衣股份有限公司,"YUSHENG LIANXI MAKE CO., LTD.",新北市五股區中興路2段20號4樓,彭O銓,0282839923,,2026/04/14,2026/04/14,Y,Y
61218878,上上商行,LiLunShang Company,新北市板橋區館前西路166號2樓,巫O濰,0312169938,,2026/04/14,2026/04/14,Y,Y
62216146,霖沐美學股份有限公司,"Minmu CO., LTD.",新北市蘆洲區和平路195號4樓,熊O霖,,,2026/04/14,2026/04/14,Y,Y
62216716,十一聲學有限公司,"Eleven Acoustics CO., LTD.",新北市新店區錦秀路11巷68號,肖O,0971115801,,2026/04/14,2026/04/14,Y,Y
62216899,薇海國際有限公司,"Breeze Ocean International CO., LTD.",新北市淡水區民權路223號14樓之7,羅O田,0930-789787,,2026/04/14,2026/04/14,Y,Y
62217095,蜜觀科技有限公司,"Honeytea Ai CO., LTD.",新北市板橋區合宜路213號,卜O琪,,,2026/04/14,2026/04/14,Y,Y
62217784,碧誠有限公司,"Bi Cheng CO., LTD.",新北市樹林區保安街1段11號5樓之3,侯O憶,0935703266,,2026/04/14,2026/04/14,Y,Y
62249337,璵嶼珞岱有限公司,"NOVA ISLE NEXUS CO., LTD.",新北市新莊區中華路2段7號6樓,趙O伶,0958015353,,2026/04/14,2026/04/14,Y,Y
62249462,凱祿普綠色能源工程有限公司,"Carope Green Energy Engineering CO., LTD.",新北市新莊區新北大道4段177號3樓,王O傑,,,2026/04/14,2026/04/14,Y,Y
69299949,大將之森有限公司,TA CHIANG CHIH SEN LTD.,新北市新莊區思源路422號3樓,姜O孝,02-23618300,,2026/04/14,2026/04/14,Y,Y
82300574,昱捷企業社,YU JIE COMPANY,新北市三峽區中園街126之21號(1樓),黃O容,,,2026/04/14,2026/04/14,Y,Y
83037117,鉅元展業有限公司,"JU YUAN DEVELOPMENT CO., LTD.",新北市板橋區莒光路15巷19號5樓,林O安,,,2026/04/14,2026/04/14,Y,Y
91097088,秝京有限公司,"Lijing CO., LTD.",新北市中和區中原二街28號18樓,胡O榛,0989703314,,2026/04/14,2026/04/14,Y,Y
91184219,魚游製作工作室,YUYO CREATIVE STUDIO,新北市新莊區幸福路790號7樓,林O伃,,,2026/04/14,2026/04/14,Y,Y
91440766,德沅行,De Yuan Company,新北市蘆洲區三民路171巷6號,熊OO,,,2026/04/14,2026/04/14,Y,Y
54693177,佳訊電機工程有限公司,"Good News Electrical Engineering Co., Ltd.",新北市新店區仁愛里中正路170號(1樓),廖O仲,02-27094207,,2026/04/13,2026/08/03,Y,Y
62254366,凱盟國際貿易有限公司,Tai trading Co.,新北市永和區中和路343號4樓之2,MOOUEHKAMELMOHAMED,02-25236378,,2026/04/13,2026/07/01,Y,Y
62249499,余韻有限公司,YOIN CORP.,新北市汐止區新台五路1段143巷2弄4號,,,,2026/04/13,2026/05/29,N,N
69317593,典垣有限公司,"Dianyuan CO., LTD.",新北市蘆洲區光華路46巷4號3樓,林O員,02-82854381,,2026/04/13,2026/04/16,Y,Y
54784057,鋐鑫工程有限公司,"Hong Xin Engineering CO., LTD.",新北市鶯歌區國中街110號,吳O宗,02-26785729,02-26785787,2026/04/13,2026/04/13,Y,Y
60324788,芯昀生技有限公司,"Corevia Biotech CO., LTD.",新北市中和區景平路658號13樓,周O寬,0932049029,,2026/04/13,2026/04/13,Y,Y
60348297,躍準科技有限公司,"ClearForge Technology CO., LTD.",新北市林口區文化一路1段190巷7弄4號3樓之2,林O毅,0952012024,,2026/04/13,2026/04/13,Y,Y
60427052,惠眾科技有限公司,"Mutual Benefit Technology Co., Ltd.",新北市三重區河邊北街160巷18號2樓,馮O星,0955812293,,2026/04/13,2026/04/13,Y,Y
60434883,宇宙黃太陽有限公司,Yellow Sun LTD.,新北市深坑區松柏街51巷1號2樓,劉O渲,,,2026/04/13,2026/04/13,Y,Y
60650853,出雲智控股份有限公司,"Izumo Smart System CO., LTD.",新北市三重區重新路五段525號7樓,郭O賢,,,2026/04/13,2026/04/13,Y,Y
62216286,綠行探索國際股份有限公司,"VeloVerde Discover International CO., LTD.",新北市板橋區華江九路13號3樓,張O偉,,,2026/04/13,2026/04/13,Y,Y
62217601,金智美木雕藝品有限公司,"Jin Zhimei Wood Carving Art CO., LTD.",新北市汐止區新台五路1段129號2樓,王O美,,,2026/04/13,2026/04/13,Y,Y
62217996,印拓國際有限公司,"Intek International CO., LTD.",新北市樹林區復興路112之2號9樓,傅O廉,02-26830688,,2026/04/13,2026/04/13,Y,Y
85429378,汶心企業社,Wen Xin Enterprise Co.,新北市板橋區漢生西路156巷3號(1樓),謝O君,0917833985,,2026/04/13,2026/04/13,Y,Y
94250965,南泰電子有限公司,"NAN TAI ELECTRONICS CO., LTD.",新北市新莊區新北大道7段421號21樓,張O容,0936712882,,2026/04/13,2026/04/13,Y,Y
95470591,雲勁科技股份有限公司,"YunJin Technology CO,LTD",新北市汐止區中興路236號4樓,林O雲,0911838079,,2026/04/13,2026/04/13,Y,Y
42699886,王記餐飲有限公司,"WANG JI FOOD CO., LTD.",新北市永和區永和路2段139號1樓,蘇O韻,0956130555,,2026/04/12,2026/04/12,Y,Y
62216434,銤海爾有限公司,"Mihaier Global Co., Ltd.",新北市土城區裕民路233巷9號7樓,徐O菁,02-22624785,,2026/04/11,2026/04/11,Y,Y
60334300,卓安智護股份有限公司,Chovant Solutions Inc.,新北市汐止區新台五路1段79號6樓之5,卓O霖,02-26917977,,2026/04/10,2026/05/25,Y,Y
00112000,榕馥生技有限公司,"Jung Fu Biotech CO., LTD.",新北市中和區廣福路53巷8之1號2樓,陳O蓉,0934315525,,2026/04/10,2026/04/10,Y,Y
28871718,北興隆食品股份有限公司,VERDANZIA ENTERPRISE CORP.,新北市新莊區五權二路22號3樓之10,陳O豪,02-25683290,02-25682957,2026/04/10,2026/04/10,Y,Y
50663236,好成基企業社,HCJ Enterprise Firm,新北市三重區中興北街136巷18弄10號,陳O良,02-22999618#29,,2026/04/10,2026/04/10,Y,Y
60388712,聚寶盈實業有限公司,JUBAOYING Limited Company,新北市板橋區萬安街53巷17號,陳O輝,0965808097,,2026/04/10,2026/04/10,Y,Y
61252729,貓序雅集商行,Le Catelier Boutique,新北市板橋區大仁街60巷2號,余O蘋,,,2026/04/10,2026/04/10,Y,Y
62216194,禾聿珠寶銀樓有限公司,"HEYU CO., LTD.",新北市蘆洲區民族路106號,陳O安,0921084209,,2026/04/10,2026/04/10,Y,Y
62217270,一級有限公司,Yu Chi Limited,新北市新店區中央路155號7樓之2,蔣O秸,0911770669,,2026/04/10,2026/04/10,Y,Y
72868199,百家開發企業社,100 Company,新北市蘆洲區中山一路282號6樓,李O天,,,2026/04/10,2026/04/10,Y,Y
80209071,尚縈工程有限公司,"Shang Ying Engineering Co.,Ltd.",新北市鶯歌區鶯桃路四五五巷二弄六之二號（三樓）,吳O昌,02-26703837,02-26703831,2026/04/10,2026/04/10,Y,Y
83466952,好啊設計有限公司,HOAH.DESIGN Limited Company,新北市板橋區文化路1段188巷6弄12號(1樓),謝O原,0976398618,,2026/04/10,2026/04/10,Y,Y
47067207,健橙國際有限公司,"Jian Cheng International (Taiwan) CO., LTD.",新北市土城區延和路18巷8號9樓,蔡O芳,,,2026/04/09,2026/04/09,Y,Y
60334049,慕暄設計有限公司,"MS. design CO., Ltd.",新北市板橋區漢生東路23巷18號(1樓),施O樊,0912872003,,2026/04/09,2026/04/09,Y,Y
60334293,沐城新材料有限公司,"SMLTC CO., LTD.",新北市三重區三和路4段155巷6號,顏O城,,,2026/04/09,2026/04/09,Y,Y
60500623,恆域科技數位有限公司,"OmniTek Sphere Digital Technologies CO., LTD.",新北市中和區中山路2段332巷43號12樓,姜O偉,02-22480108,,2026/04/09,2026/04/09,Y,Y
62216547,星樂雲有限公司,Le Star Limited Company,新北市板橋區懷德街235巷3號5樓,吳O蓉,0970124578,,2026/04/09,2026/04/09,Y,Y
62216639,台日體操顧問有限公司,TJ Gymnastics Consulting LTD.,新北市中和區橋和路306號10樓,山O健,0930660349,,2026/04/09,2026/04/09,Y,Y
90233141,頂晨國際有限公司,"XMOMENT SPORTS International CO., LTD.",新北市汐止區東勢街201巷129弄42號4樓,莊O儒,0912285829,,2026/04/09,2026/04/09,Y,Y
90708364,尚匯科技有限公司,SUNWAVE MECHATRONICS CORP.,新北市中和區安樂路143巷1號,莊O平,0286688908,,2026/04/09,2026/04/09,Y,Y
62216976,芮平國際有限公司,"RUI PING INTERNATIONAL CO., LTD.",新北市三重區中正北路530巷5之1號3樓,張O瑋,,,2026/04/08,2026/09/25,Y,Y
17265861,全盛禮品旗幟社,kingking Shop,新北市板橋區中山路2段416巷1弄10號(1樓),陳O伶,02-29565511,02-29534971,2026/04/08,2026/04/08,Y,Y
50858730,大鑫餐廚設備有限公司,"DAXIN CO., LTD.",新北市蘆洲區永樂街38巷19弄61號（1樓）,游O翔,02-22856877,,2026/04/08,2026/04/08,Y,Y
60553901,峻悅自動化股份有限公司,"JunYue Automation CO., LTD.",新北市汐止區忠孝東路506之1號23樓,盧O煌,0916-054556,,2026/04/08,2026/04/08,Y,Y
60697203,戌昶國際車業有限公司,"Xu Chang Auto Group CO., LTD.",新北市樹林區文化街5巷1號4樓,潘O任,0960755450,,2026/04/08,2026/04/08,Y,Y
60780791,恒裕通科技有限公司,"HANG YUE TONG TECHNOLOGY CO., LTD.",新北市三峽區民權街235號3樓,林O伃,0970533135,,2026/04/08,2026/04/08,Y,Y
62216758,力傅科技有限公司,"LeoFu Tech CO., LTD.",新北市新莊區天祥街81巷11號4樓,楊O萍,02-29010950,,2026/04/08,2026/04/08,Y,Y
62217686,台灣惠康科技有限公司,"TAIWAN HICON TECH CO., LTD.",新北市八里區觀海大道249號4樓,陳O蘭,,,2026/04/08,2026/04/08,Y,Y
83107909,永晉事業有限公司,"Yong Jin Business CO., LTD.",新北市中和區中山路3段110號6樓之2,蘇O,,,2026/04/08,2026/04/08,Y,Y
94143585,翊華實業有限公司,"Yihua Industrial CO., LTD.",新北市新莊區中華路2段7號10樓,林O熙,02-27867677,,2026/04/08,2026/04/08,Y,Y
61249268,長祺食品行,Chang Qi Food Store,新北市蘆洲區民族路76號3樓,李O香,02-22824115,,2026/04/07,2026/04/13,Y,Y
27720452,聯晴有限公司,"LINKSUN TRADING CO., LTD.",新北市汐止區明峰街10號(1樓),陳O亮,,,2026/04/07,2026/04/07,Y,Y
60371000,瑋威股份有限公司,"WinWin Linear Motion CO., LTD.",新北市板橋區中山路一段293之1號13樓之1,許O偉,,,2026/04/07,2026/04/07,Y,Y
60371563,澔冰文創有限公司,"Hao bin CO., LTD.",新北市板橋區三民路2段28號11樓,林O澔,,,2026/04/07,2026/04/07,Y,Y
61247450,福爾摩莎影視器材製造所,Formosa Equipment Factory,新北市板橋區三民路2段33號14樓,何O洋,0903676551,,2026/04/07,2026/04/07,Y,Y
62190624,康心生醫有限公司,"Kangxin Biomedical Co., Ltd.",新北市新店區安德街116巷36號5樓,江O恩,0962023301,,2026/04/07,2026/04/07,Y,Y
62191270,奕希防水實業有限公司,"YX WATERPROOFING INDUSTRIAL CO., LTD.",新北市三峽區中華路38之6號11樓,邱O香,0976788666,,2026/04/07,2026/04/07,Y,Y
62217068,聿丞科技股份有限公司,"You-iChange Technology CO., LTD.",新北市新店區寶興路45巷8弄10號2樓,楊O斌,,,2026/04/07,2026/04/07,Y,Y
70608726,曜騰有限公司,"YAOTENG TRADING CO., LTD.",新北市三重區仁福街24號1樓,蕭O惠,02-29747134,02-29758826,2026/04/07,2026/04/07,Y,Y
82129145,珠珠商行,Zhuzhu Trading Company,新北市新店區光明街104號,王O平,,,2026/04/07,2026/04/07,Y,Y
83503443,聯富有限公司,"LINFUL TRADING CO., LTD.",新北市汐止區南陽街105號,賴O森,,,2026/04/07,2026/04/07,Y,Y
83728745,宏宇設計文創有限公司,Hung Yu Creative Industry LTD.,新北市三重區慈愛街129號,陳O宇,,,2026/04/07,2026/04/07,Y,Y
85424660,浩宇創意工作室,HY Creative Studio,新北市蘆洲區長興路37號7樓,范O瑄,02-28477887,,2026/04/07,2026/04/07,Y,Y
60569559,雲長旅居有限公司,"Yunchang Travel Living CO., LTD.",新北市三重區新北大道1段129號4樓,王O穎,0986053513,,2026/04/05,2026/04/05,Y,Y
61248134,艾締美學工作室,Add Studio,新北市五股區孝義路10號(1樓),陳O妤,,,2026/04/05,2026/04/05,Y,Y
60371281,碩維股份有限公司,"SUREWIN CO., LTD.",新北市汐止區新台五路1段106號11樓,陳O章,(02)2696-7155#4432,,2026/04/04,2026/06/02,Y,Y
60782138,凌科整合科技有限公司,"Linko Integration Technology CO., LTD.",新北市八里區中華路2段398號14樓,李O宏,0921016718,,2026/04/04,2026/04/04,Y,Y
61229523,恒構企業社,Heng Gou CO.,新北市三重區重新路2段78號15樓,宋O緯,,,2026/04/04,2026/04/04,Y,Y
62190650,迪鈞有限公司,"Dijon CO., LTD.",新北市三重區仁政街158巷1號2樓,鄭O升,,,2026/04/04,2026/04/04,Y,Y
62216498,鼎瑞五金有限公司,"Dingrui Hardware Co., Ltd.",新北市八里區龍米路1段366號（1樓）,簡O男,0960-984978,,2026/04/04,2026/04/04,Y,Y
62216883,則源科技有限公司,ZeYuan Tech Ltd.,新北市新莊區建興街63號2樓,曾OO,,,2026/04/04,2026/04/04,Y,Y
62216954,欣啟貿易有限公司,QUEEN ENTERPRISES CORP.,新北市蘆洲區國道路2段65號2樓,王O羽,0939519591,,2026/04/04,2026/04/04,Y,Y
34584658,紳源實業有限公司,"SHEN YUAN INDUSTRIES CO., LTD.",新北市板橋區莒光路二八巷11號1樓,陳O婷,22516049,,2026/04/02,2026/04/02,Y,Y
53775615,齊軒金屬工程有限公司,"Chishan Metal Engineering CO., LTD.",新北市汐止區新台五路1段99號22樓之6,滕O蓬,,,2026/04/02,2026/04/02,Y,Y
90056102,奧雅科技股份有限公司,"Aoya Technology CO., LTD.",新北市林口區文化二路2段115號24樓之2,曹O凱,02-27948990,,2026/04/01,2026/09/19,Y,Y
93378303,德金自動化股份有限公司,D-KING AUTO INC.,新北市林口區文化二路1段266號地下一層之8,葉O花,,,2026/04/01,2026/08/28,Y,Y
60311860,台灣派客電子商務有限公司,"CHEN HUI CO., LTD.",新北市板橋區中山路1段10號11樓,曾O凱,0920759987,,2026/04/01,2026/08/15,Y,Y
60015967,魯班傢俱行,Luban Furniture Company,新北市汐止區樟樹一路113號5樓,黃O,,,2026/04/01,2026/07/03,Y,Y
24489655,采瑨包裝材料有限公司,"Tsai-jin packaging Design CO., LTD.",新北市新店區安民街65巷17號4樓,王O茹,02-22117666,02-22118555,2026/04/01,2026/04/01,Y,Y
53415507,宸宏科技有限公司,chain hong technology INC.,新北市五股區五工二路106巷1號(2樓),呂O吉,,,2026/04/01,2026/04/01,Y,Y
60324865,美鑫實業有限公司,Masterfortunes Enterprise LTD.,新北市汐止區汐萬路1段343巷13弄7號2樓,黃O鑫,,,2026/04/01,2026/04/01,Y,Y
60325626,勝豐企業有限公司,"SUN-FULL CO., LTD.",新北市蘆洲區得勝街83號7樓,陳O承,,,2026/04/01,2026/04/01,Y,Y
60348389,妮妮發大財有限公司,Pokedoo LTD.,新北市永和區永貞路386巷2號,邱O言,0970688888,,2026/04/01,2026/04/01,Y,Y
60394812,鼻要有限公司,"NOSE CARE CO., LTD.",新北市板橋區中山路1段10號9樓,黃O,0968017352,,2026/04/01,2026/04/01,Y,Y
60458929,禾農實業有限公司,"HENO AGRICULTURE CO., LTD.",新北市新莊區中央路198號17樓,廖O輝,02-85218009,,2026/04/01,2026/04/01,Y,Y
60522577,瀾璟有限公司,"LAN JING CO., LTD.",新北市板橋區中山路1段10號9樓,陳O旻,0987117724,,2026/04/01,2026/04/01,Y,Y
62190758,泰匯國際有限公司,"Thai Exchange International CO., LTD.",新北市板橋區南雅南路1段3巷6號,范O智,0977303143,,2026/04/01,2026/04/01,Y,Y
62190791,珊葵國際有限公司,"SHAN KUI INTERNATIONAL CO., LTD.",新北市三重區仁政街86巷7號（1樓）,林O為,0920900003,,2026/04/01,2026/04/01,Y,Y
62190981,承境室內裝修有限公司,"Chengjing Interior Decoration CO., LTD.",新北市中和區和平路222號,李O廷,,,2026/04/01,2026/04/01,Y,Y
62191074,歐樂莎娛樂有限公司,"OLASOR ENTERTAINMENT CO., LTD.",新北市新店區寶慶街12號4樓之3,羅O廷,0932382301,,2026/04/01,2026/04/01,Y,Y
62191124,質安儀器有限公司,"ZHI AN INSTRUMENT CO., LTD.",新北市鶯歌區德昌街140巷29號(1樓),魏O財,,,2026/04/01,2026/04/01,Y,Y
62191237,高騰馳業股份有限公司,"Apex Ventures Co., Ltd.",新北市新莊區中正路50號,駱O鳳,,,2026/04/01,2026/04/01,Y,Y
80001998,拾石工藝設計工作室,Jestone Craftart Design Studio,新北市板橋區僑中一街80巷7弄9號4樓,宋O芳,02-89698458,,2026/04/01,2026/04/01,Y,Y
90674391,壹加壹健康管理顧問有限公司,"Oneplusone wellness CO., LTD.",新北市永和區永貞路79號,鄭O君,0958172252,,2026/04/01,2026/04/01,Y,Y
93571594,湧順國際貿易有限公司,"Yong Shun International Trading CO., LTD.",新北市蘆洲區長安街46巷1弄3號,游O宸,02-28487171,,2026/04/01,2026/04/01,Y,Y
60506669,恩沃力克股份有限公司,"Envolix CO., LTD.",新北市泰山區明志路3段350之1號,王O鈐,,,2026/03/31,2026/07/28,Y,Y
62216259,永溢科技有限公司,"YUNG YI TECHNOLOGY PTE CO., LTD.",新北市三重區永福街111巷40弄6號3樓,陳O富,02-22801805,,2026/03/31,2026/05/19,Y,Y
60033682,鉅昇企業社,JU SHENG ENTERPRISE CO.,新北市泰山區明志路2段254巷16弄15號(1樓),曾O玉,02-22581967,,2026/03/31,2026/04/01,Y,Y
00007416,彩繹國際有限公司,"PICK FUN CO., LTD.",新北市汐止區新台五路1段93號21樓之6,趙O育,0984200617,,2026/03/31,2026/03/31,Y,Y
60311480,準備好現象有限公司,"Ready Phenomenon CO., LTD.",新北市淡水區沙崙路1段126巷125號16樓,陳O宇,,,2026/03/31,2026/03/31,Y,Y
60311756,嘉呈儀器有限公司,"Jia Cheng Instruments CO., LTD.",新北市樹林區中山路1段186號4樓,高O淮,02-26810300,,2026/03/31,2026/03/31,Y,Y
60312164,有維有餘有限公司,Always Creative LTD.,新北市新店區國校路25號4樓,張O維,,,2026/03/31,2026/03/31,Y,Y
60325479,璞研生技有限公司,"Pu Yan Biotechnology CO., LTD.",新北市新莊區中平路82巷10號3樓,李O峰,,,2026/03/31,2026/03/31,Y,Y
60333935,凱紳國際股份有限公司,"Kansen International Co., Ltd.",新北市新店區青山路168巷22號3樓,簡O倫,,,2026/03/31,2026/03/31,Y,Y
60347086,域托有限公司,YOUTOPIA LIMITED COMPANY,新北市新店區安興路109號14樓之7,幸O庭,,,2026/03/31,2026/03/31,Y,Y
60370656,會有感行銷有限公司,"Hui You Gan Marketing CO., LTD.",新北市中和區中正路918號3樓,陳O琴,,,2026/03/31,2026/03/31,Y,Y
60376764,拾相影像有限公司,"Pic Picture CO., LTD.",新北市林口區忠孝一路23號10樓,吳O叡,0988616746,,2026/03/31,2026/03/31,Y,Y
60425603,渲沐有限公司,"Hsuan Mu CO., LTD.",新北市三重區三光街30巷9號,邱O悦,,,2026/03/31,2026/03/31,Y,Y
72919660,睿羚創意企業社,Ruiling Creative Enterprise Co.,新北市淡水區濱海路1段306巷18之1號8樓,謝O羚,03-397-4990,,2026/03/31,2026/03/31,Y,Y
76427048,漂漂地球工作室,Piotopia Studio,新北市蘆洲區永樂街26巷8號4樓,李O瑜,,,2026/03/31,2026/03/31,Y,Y
92600311,永旺國際貿易有限公司,"Yong Wang International Trading CO., LTD.",新北市中和區中正路992號5樓,劉O成,02-22475899,,2026/03/31,2026/03/31,Y,Y
92753126,回頭鍋小吃,HUI TOU GUO XIAO CHI SHOP,新北市土城區中央路3段254之2號,翁O嚴,,,2026/03/31,2026/03/31,Y,Y
60033016,布布醬潮玩社,Bubugiang Hang,新北市汐止區民族二街30巷16之1號(1樓),游O玲,0912693875,,2026/03/30,2026/03/30,Y,Y
60312951,瑞豐智建顧問股份有限公司,"REFLO Smart Green Building Consulting Co., Ltd.",新北市新店區安興路109號5樓之6,賴O豐,,,2026/03/30,2026/03/30,Y,Y
60312994,百金晟國際有限公司,"Platinum Aura International Co., Ltd.",新北市汐止區民族二街22號4樓,陳O宗,,,2026/03/30,2026/03/30,Y,Y
60333392,啟拓股份有限公司,"Chituo CO., LTD.",新北市中和區建八路218號9樓,張O成,,,2026/03/30,2026/03/30,Y,Y
60334097,亞律豐股份有限公司,Anifarm biosolutions INC.,新北市新莊區榮華路2段125號9樓,徐O光,,,2026/03/30,2026/03/30,Y,Y
60417527,共嶼行銷設計有限公司,"Quenasis Studio CO., LTD.",新北市瑞芳區祈堂路108號（1樓）,李O璇,,,2026/03/30,2026/03/30,Y,Y
60474033,沃嶺國際媒體有限公司,"WOLIN GLOBAL AI TECHNOLOGY CO., LTD.",新北市土城區新洲路100號8樓,劉O賢,,,2026/03/30,2026/03/30,Y,Y
61223181,夜色的畫廊商行,Crossex Shop,新北市蘆洲區中興街13號2樓,劉O宏,0952128177,,2026/03/30,2026/03/30,Y,Y
61241293,宥尼國際企業社,YUNI INTERNATIONAL ENTERPRISE FIRM,新北市新店區民權路108號地下1層,宋O尼,0967195214,,2026/03/30,2026/03/30,Y,Y
61246924,極瑞汽車材料行,Jirui Automotive Materials Hang,新北市新莊區民安路152號3樓,鄭O璽,,,2026/03/30,2026/03/30,N,N
62190743,艾準科技有限公司,"Aizen Technology CO., LTD.",新北市三重區新北大道2段260號8樓之1,謝O宏,,,2026/03/30,2026/03/30,Y,Y
62190841,鋐芯科技有限公司,"Hong Xin Tech CO., LTD.",新北市新莊區五權一路1號之1,蔡O培,0902460375,,2026/03/30,2026/03/30,Y,Y
82767564,玖盛資源整合有限公司,"JIU SHENG RESOURCE INTEGRATION CO., LTD.",新北市林口區信義路315號,楊O夫,0952690913,,2026/03/30,2026/03/30,Y,Y
96658897,沐光燈飾有限公司,"MU GUANG LIGHTING CO., LTD.",新北市蘆洲區九芎街167巷33號4樓,黃O輝,0903352626,,2026/03/30,2026/03/30,Y,Y
93620758,品全有限公司,PIN QUAN LTD.,新北市土城區金安街38號,李O,,,2026/03/28,2026/03/28,Y,Y
60643734,六感整合創意行銷有限公司,"Quester Six Studio CO., LTD.",新北市新店區安民街148巷6號(1樓),黃O婷,0984457071,,2026/03/27,2026/08/26,Y,Y
94157813,瀚墨生有限公司,"Han Mo Sheng CO., LTD.",新北市板橋區民有街46號2樓,謝O瀚,02-29538923,,2026/03/27,2026/07/18,Y,Y
60348439,旭創優選股份有限公司,"Bestchoice CO., LTD.",新北市永和區中和路419號11樓,蔡O玲,02-89233588,,2026/03/27,2026/03/30,Y,Y
16649545,碩茂鋼鐵股份有限公司,"Shuo Mao Steel CO., LTD.",新北市板橋區板城路329號之1,施O安,02-29682011,02-29672884,2026/03/27,2026/03/27,Y,Y
60333745,銳盛國際開發有限公司,"Rui Sheng International Development Co., Ltd.",新北市新莊區思源路555號(15樓),黃O琪,,,2026/03/27,2026/03/27,Y,Y
60334239,上億國際興業有限公司,"Shang Yi International CO., LTD.",新北市三峽區中園街86巷2號5樓,王O琪,02-86741810,,2026/03/27,2026/03/27,Y,Y
60348374,鴻泰智能科技有限公司,KAIZENOW COMPANY LIMITED,新北市永和區豫溪街191巷7弄21號,許O弘,0952970911,,2026/03/27,2026/03/27,Y,Y
60521486,新加坡商力喜頓有限公司台灣分公司,DESTON PTE LTD. TAIWAN BRANCH(SINGAPORE),新北市八里區龍米路一段366號(1樓),張O雅CHANGCHUYA,02-66347999,,2026/03/27,2026/03/27,Y,Y
61233006,小閣樓美學工作室,Attic Beauty Studio,新北市新店區民權路77號5樓,鄒O甄,0934160807,,2026/03/27,2026/03/27,Y,Y
61249302,宇維企業社,Yuwei Co.,新北市三重區六張街126巷2弄5號(1樓),彭O薇,0903036345,,2026/03/27,2026/03/27,Y,Y
82956214,新興實業有限公司,"Sin Sing lndustrial CO., LTD.",新北市五股區五權路8號,許O妃,0222988316,0222988317,2026/03/27,2026/03/27,Y,Y
90038864,非魚國際有限公司,"Feyon International CO., LTD.",新北市新店區中正路529-1號9樓,熊O傑,0222181686#316,,2026/03/27,2026/03/27,Y,Y
90660214,趣皮數位有限公司,"Chip Mobile Maintence CO., LTD.",新北市中和區景新街467巷20弄74號(1樓),張O,,,2026/03/27,2026/03/27,Y,Y
24699076,開曄生技有限公司,"Open Ya CO., LTD.",新北市林口區文化二路1段260巷10號8樓,楊O泥,02-26082800,02-26091253,2026/03/26,2026/03/26,Y,Y
27784321,騏建家企業有限公司,Qi Jianjia Enterprise Co. Ltd.,新北市中和區中板路15巷13號3樓,詹O雄,02-22213777,02-22256705,2026/03/26,2026/03/26,Y,Y
28495799,瞬輝精密工業有限公司,"SHENHAY PRECISION INDUSTRY CO., LTD.",新北市新莊區化成路113巷44號(2樓),吳O霖,02-29971336,02-29971869,2026/03/26,2026/03/26,Y,Y
60333415,寰宇江河資本顧問有限公司,Universe River Capital Consult LTD.,新北市板橋區重慶路60之1號3樓,劉O湧,,,2026/03/26,2026/03/26,Y,Y
60333864,四方守科技貿易有限公司,"Lokapala Technology Trading CO., LTD.",新北市板橋區板新路101號4樓,鐵O・蕭特,,,2026/03/26,2026/03/26,Y,Y
60333885,茁越科技有限公司,"Surpass Technology CO., LTD.",新北市板橋區陽明街29巷17號4樓,曾O儒,0960-424-234,,2026/03/26,2026/03/26,Y,Y
61240323,博翰企業社,Bohan Education Consulting Co.,新北市新莊區新北大道4段175號3樓,竺O道,,,2026/03/26,2026/03/26,Y,Y
61245170,泓威數碼商行,NexWave Living Company,新北市三重區重新路4段63號17樓之6,楊O傑,02-66090186,02-22262112,2026/03/26,2026/03/26,Y,Y
90058278,佐伊精品有限公司,"Zoe Luxury CO., LTD.",新北市板橋區華江八路102號2樓,陳O霞,,,2026/03/26,2026/03/26,Y,Y
91240818,玄染工作室,Sevenfold Dyes Studio,新北市林口區文化三路1段225巷18號,簡O凡,,,2026/03/26,2026/03/26,N,N
60602564,盛禾室內裝修有限公司,Sentir Interior design INC.,新北市新店區北新路1段12號16樓,陳O寧,,,2026/03/25,2026/03/26,Y,Y
83115767,丞翊電力工程技術股份有限公司,"Cheng Yi Electric Power Engineering Technology CO., LTD.",新北市鶯歌區育德街20號,陳O財,02-26022967,02-26022167,2026/03/25,2026/03/26,Y,Y
60311828,躍瑩國際有限公司,"Jump Intacare International Co., Ltd.",新北市汐止區新台五路1段93號21樓之6,陳O君,02-26490700,,2026/03/25,2026/03/25,Y,Y
60312690,蔚海貿易有限公司,WeiHai Ocean Trading LTD.,新北市板橋區信義路175號,龔O傑,,,2026/03/25,2026/03/25,Y,Y
60313121,曜煇實業有限公司,"Aurora Industrial CO., LTD.",新北市新莊區中央路724號21樓,洪O芸,,,2026/03/25,2026/03/25,Y,Y
60313500,榛富煜有限公司,"Zhen Fu Yu Co.,Ltd.",新北市汐止區樟樹一路109號4樓,黃O泰,02-22852177,02-22881942,2026/03/25,2026/03/25,Y,Y
60324773,億騰科技有限公司,"ETERN TECHNOLOGY CO., LTD.",新北市中和區中正路700號5樓之1,周O廉,0920888960,0222216663,2026/03/25,2026/03/25,Y,Y
60325251,一槓一有限公司,"Ares Collect Co., Ltd.",新北市三重區洛陽街45巷35號,林O懿,0922878697,,2026/03/25,2026/03/25,Y,Y
60333386,八杉鈴有限公司,"Eight Trigrams Zero CO., LTD.",新北市新莊區新泰路100之5號(1樓),吳O宜,,,2026/03/25,2026/03/25,Y,Y
60333490,艾森達科技股份有限公司,"Ascenta Technology CO., LTD.",新北市汐止區新台五路1段81號4樓之4,李O宏,0910051172,,2026/03/25,2026/03/25,Y,Y
60333506,曜芯電子有限公司,"Zionics Electronics Co., Ltd.",新北市新店區寶安街66號(1樓),曾O麗華,,,2026/03/25,2026/03/25,Y,Y
60333581,拓鼎科技有限公司,"Topding Technology CO.,LTD",新北市三重區中正南路82號8樓,黃O和,0966580387,,2026/03/25,2026/03/25,Y,Y
60468567,陪思盟友有限公司,"P&S Allies CO., LTD.",新北市三重區昌隆街35號(1樓),陳O平,02-29841236,,2026/03/25,2026/03/25,Y,Y
60569158,愛拉卡特有限公司,"AILAKATTE CO., LTD.",新北市新店區富貴街6巷10號5樓,周O傑,,,2026/03/25,2026/03/25,Y,Y
60572822,有藝思有限公司,"Respoon Studio CO., LTD.",新北市永和區秀朗路1段150巷2號(1樓),李O蓉,,,2026/03/25,2026/03/25,Y,Y
90111533,野野有限公司,YEAH YEAH LTD.,新北市板橋區龍泉街90巷24號6樓,王O碩,,,2026/03/25,2026/03/25,Y,Y
60324859,湁拾刻有限公司,TenTimesLab.TW LTD.,新北市新店區民權路108號地下一層,高O,,,2026/03/24,2026/04/28,Y,Y
95539206,塞席爾商奈特斯頓投資有限公司台灣分公司,Knight Stone Investment Corporation Taiwan Branch(REPUBLIC OF SEYCHELLES),新北市中和區中正路872號7樓,"饒O恆JAO,TZU-HENG",,,2026/03/24,2026/04/18,Y,Y
50979880,綻野自然探索有限公司,Zhanyewildblossom Limited Company,新北市泰山區明志路2段136巷21弄3號3樓,楊O崟,,,2026/03/24,2026/03/24,Y,Y
60082830,窩的家工作室,MY HOME STUDIO,新北市淡水區中山北路1段188之6號3樓,林O奕,,,2026/03/24,2026/03/24,Y,Y
60313348,英尼艾克有限公司,INGENAC LTD.,新北市淡水區中正東路1段135號3樓之3,黃O瑋,,,2026/03/24,2026/03/24,Y,Y
60313451,長橙有限公司,"EverOren CO., LTD.",新北市汐止區康寧街141巷55之2號13樓,顏O偉,0927905306,,2026/03/24,2026/03/24,Y,Y
60325772,永瀚國際有限公司,Yung Han International Co.,新北市鶯歌區中正二路155之1號,許O基,0955356068,,2026/03/24,2026/03/24,Y,Y
60333549,藍海系統工程有限公司,"Sea Cyan Water Treatment and Chemical CO., Ltd",新北市樹林區中正路678號,邱O典,,,2026/03/24,2026/03/24,Y,Y
60382718,心鋅瑞有限公司,"XINXINRUI CO., LTD.",新北市新莊區自治街5號(1樓),林O心,,,2026/03/24,2026/03/24,Y,Y
60549225,科睿思股份有限公司,"Ctrlix CO., LTD.",新北市土城區延壽路77巷5之1號2樓,劉O興,02-22669602,,2026/03/24,2026/03/24,Y,Y
61236313,有料國際企業社,stockfulltw Studio,新北市永和區永貞路79號,陳O明,02-29256137,,2026/03/24,2026/03/24,Y,Y
68779483,賓州科訊股份有限公司,"Pa.tech info CO., LTD.",新北市樹林區八德街652號9樓,尤O墉,02-82602664,02-82601930,2026/03/24,2026/03/24,Y,Y
70665346,包嘉國際企業有限公司,"Baojia International Enterprise CO., LTD.",新北市中和區立業路93號,錢O義,0222252988,,2026/03/24,2026/03/24,Y,Y
90201632,創博商業有限公司,"chuangbo CO., LTD.",新北市新莊區民本街33巷9號3樓,許O谷,0928510276,,2026/03/24,2026/03/24,Y,Y
97532377,邑欣活動行銷有限公司,"Yixin Event Marketing CO., LTD.",新北市板橋區中山路1段10號11樓,陳O琴,0985159854,,2026/03/24,2026/03/24,Y,Y
60404728,宥春國際食品有限公司,"YOUSPRING INTERNATION CO,LTD.",新北市新莊區中正路274號（1樓）,許O婷,0909-527855,,2026/03/23,2026/07/24,Y,Y
42227726,連甲車業,Jeffmotor Company,新北市永和區中山路1段80號(1樓),陳O伸,0229286550,,2026/03/23,2026/03/23,Y,Y
60311587,森揚供應鏈有限公司,"Sen Yang Supply Chain CO., LTD.",新北市新莊區華興街10號3樓,陳O婷,,,2026/03/23,2026/03/23,Y,Y
60312523,禾展康復醫療器材有限公司,"Welllink P&O Group CO., LTD.",新北市三重區雙園街57巷35號,鄭O展,,,2026/03/23,2026/03/23,Y,Y
60312919,盛欣國際有限公司,"Sheng Xin International CO., LTD.",新北市新店區寶橋路68號6樓,吳O欣,,,2026/03/23,2026/03/23,Y,Y
60313086,基腸鏴鏴有限公司,"KB road CO., LTD.",新北市板橋區互助街39巷8號2樓,吳O樺,,,2026/03/23,2026/03/23,Y,Y
60313179,詮欣智能健康股份有限公司,"Traceez Intelligent Health Technology CO., LTD.",新北市新莊區瓊林南路127號,王O樂,,,2026/03/23,2026/03/23,Y,Y
60347924,夢舟國際有限公司,"MENGZHOU INTERNATIONAL CO., LTD.",新北市土城區中央路2段119號,呂O嘉,0919420779,,2026/03/23,2026/03/23,Y,Y
60394860,惜惜股份有限公司,D+ Co.,新北市八里區龍米路1段170號,陳O諠,,,2026/03/23,2026/03/23,Y,Y
60468617,雲帙圖穎有限公司,CelestiCodex LTD.,新北市三重區仁化街182號,黃O誠,02-66090080,,2026/03/23,2026/03/23,Y,Y
60603228,越南芝馨有限公司,"Vietnam Zhixin CO., LTD.",新北市板橋區民享街158巷12號(1樓),馮O儀,,,2026/03/23,2026/03/23,N,N
60674638,森富和雅有限公司,"SFHY CO., LTD.",新北市永和區永和路1段18巷5弄3號(1樓),張O芝,0901340190,,2026/03/23,2026/03/23,Y,Y
80001569,小明愛心企業社,HEARTMIND Store,新北市板橋區西門街18之2號2樓,吳O明,0983550790,,2026/03/23,2026/03/23,Y,Y
82864658,台灣威比國際有限公司,"TAIWAN WELLBE INTERNATIONAL CO., LTD.",新北市樹林區大安路538號,陳O全,02-26815588,02-26868827,2026/03/23,2026/03/23,Y,Y
60348509,育羲企業有限公司,YUXI ENTERPRISE Co.,新北市淡水區新春街65巷18號7樓,謝O民,02-26298668,,2026/03/20,2026/03/23,Y,Y
60312093,綻薪資訊有限公司,Zenovo Ltd,新北市新莊區中華路2段300號4樓,康O揚,,,2026/03/20,2026/03/20,Y,Y
60325689,遡燦有限公司,"So can CO., LTD.",新北市鶯歌區鶯桃路67巷8號,陳O蓉,0978320554,,2026/03/20,2026/03/20,Y,Y
60347543,橡木瑩語有限公司,"OakMurmur Co., Ltd.",新北市永和區永和路2段74號3樓之1,林O瑩,0902283892,,2026/03/20,2026/03/20,Y,Y
60690715,尚苙有限公司,"Shanli CO., LTD.",新北市土城區明德路1段41號14樓,陳O菁,,,2026/03/20,2026/03/20,Y,Y
61238142,好旅商行,goodtrip Firm,新北市八里區龍米路1段97號,蔡O誼,0916742780,0229942223,2026/03/20,2026/03/20,Y,Y
61238987,木禾工作室,MUHE Partners Co.,新北市中和區安平路36巷11號3樓,羅O婷,0938382455,,2026/03/20,2026/03/20,Y,Y
61245474,祥瑤企業社,Siang Yao Co.,新北市新店區安興路109號14樓之7,陳O庠,,,2026/03/20,2026/03/20,Y,Y
61245586,祥多企業社,Xiang Duo Co.,新北市新店區安興路125之15號7樓,陳O庠,,,2026/03/20,2026/03/20,Y,Y
93668458,洺格設計有限公司,MINGGE INTERIOR DESIGN LTD.,新北市新店區百忍街45號,梁O嘉,,,2026/03/20,2026/03/20,Y,Y
60416647,維域智慧有限公司,PQBAI LTD.,新北市三重區重新路1段108號3樓,曾O維,02-28948909,,2026/03/19,2026/08/04,Y,Y
60474836,森曜醫材科技股份有限公司,"Sen Yao Medical Technology CO., LTD.",新北市土城區學府路1段20巷17號3樓,洪O志,0222988826,,2026/03/19,2026/07/17,Y,Y
53715167,康禾設計有限公司,"CONGHE DESIGN CO., LTD.",新北市板橋區大同街35巷62號（1樓）,謝O縈,02-82595858#11,,2026/03/19,2026/05/25,Y,Y
82973699,晴晴室內裝修工程股份有限公司,"Qing Interior Design & Engineering Co., Ltd.",新北市板橋區合宜路11號(1樓),簡O琳,,,2026/03/19,2026/04/01,Y,Y
00176003,厚穎室內裝修工程有限公司,"Houying Interior Construction CO., LTD.",新北市新莊區富貴路153號,阮O宸,0980501468,,2026/03/19,2026/03/19,Y,Y
60312663,鎧斯科技有限公司,Cascade Technology Company Limited,新北市中和區中正路901號10樓之3,李O哲,0935227126,,2026/03/19,2026/03/19,Y,Y
60312684,台力風機國際有限公司,"Taili Fan International CO., LTD.",新北市中和區中正路700號5樓之1,林O倩,0970040571,,2026/03/19,2026/03/19,Y,Y
60324582,添億貿易有限公司,"Godzillion Trading CO., LTD.",新北市新店區寶興路45巷8弄7號2樓,林O正,02-2910-2345,02-2911-6811,2026/03/19,2026/03/19,Y,Y
60325695,娜汀莎蘭有限公司,"Nadine Salembier Co., Ltd.",新北市新店區安祥路106巷54號2樓,曾O華,0931038070,,2026/03/19,2026/03/19,Y,Y
60347558,艾客網絡股份有限公司,Arc Matrix INC.,新北市汐止區新台五路1段99號12樓之10,楊O皓,0921556693,,2026/03/19,2026/03/19,Y,Y
60434666,浤泰海事科技投資股份有限公司,"Martian abyss technology CO., LTD.",新北市三重區重新路2段46之8號3樓,許O淵,,,2026/03/19,2026/03/19,Y,Y
61242271,湘南爬蟲館,Shonan Reptile Co.,新北市三重區重陽路4段54號(1樓),陳O君,,,2026/03/19,2026/03/19,N,N
61246620,羊泥工坊,SHEEP CRAFT STUDIO,新北市鶯歌區中山路329巷45號5樓,楊O萱,0968802793,,2026/03/19,2026/03/19,Y,Y
92736014,尚彩科技實業社,Hi power Co.,新北市中和區中山路2段136巷32號,劉O瑩,,,2026/03/19,2026/03/19,Y,Y
97054889,美福營造有限公司,"Blessed Builder CO., LTD.",新北市深坑區翠谷街37巷7號(1樓),黃O業,02-29110580,,2026/03/19,2026/03/19,Y,Y
60731080,星核動力科技有限公司,StarCorePower LTD.,新北市汐止區新台五路1段97號27樓之7,廖O杰,02-25782789,,2026/03/18,2026/08/18,Y,Y
60312495,鋐勝貿易股份有限公司,"HIGHSOAR TRADING CO., LTD.",新北市樹林區中山路1段189號3樓之1,鄭O元,0937-016987,,2026/03/18,2026/05/16,Y,Y
60312328,合友實業有限公司,"UNIFRIEND STATIONERY CO., LTD.",新北市三重區碧華街148巷41號（1樓）,賈O屏,02-2857-8909,02-2857-8986,2026/03/18,2026/03/20,Y,Y
54702204,日盛倉儲物流有限公司,"Zishen Warehousing & Logistics CO., LTD.",新北市新莊區五權一路72號(1樓),林O豪,02-22981212,,2026/03/18,2026/03/18,Y,Y
60311952,超愛憲有限公司,"CHAO AI SIAN CO., LTD.",新北市新莊區新崑路129號15樓,廖O宏,,,2026/03/18,2026/03/18,Y,Y
60312354,金茶敘有限公司,"DAE Tea CO., LTD.",新北市板橋區公園街62號9樓,金O勳,02-29528817,,2026/03/18,2026/03/18,Y,Y
60312431,和諧國際事業有限公司,"Maha International Co., Ltd.",新北市汐止區建成路57巷98號12樓,陳O泉,0911829458,,2026/03/18,2026/03/18,Y,Y
60325512,程盈有限公司,Cochon Company,新北市永和區民生路65號4樓,張O傑,0983216468,,2026/03/18,2026/03/18,Y,Y
60500356,格隆精密零部件有限公司,"Golong Precision Parts CO., LTD.",新北市林口區民富街99號2樓之1,傅O平,,,2026/03/18,2026/03/18,Y,Y
60506226,千懿國際企業股份有限公司,"QIAN YI INTERNATIONAL CO., LTD.",新北市汐止區新台五路1段93號28樓之8,黃O惠,02-26972233#28,02-26972526,2026/03/18,2026/03/18,Y,Y
60716341,洛芙瀾科技有限公司,"Luofulan Technology CO., LTD.",新北市板橋區華江一路111號7樓,吳O民,02-27118111,,2026/03/18,2026/03/18,Y,Y
61233104,珍珠商號,Tseng Pearl Aura Co.,新北市三重區中正北路15號5樓,曾O貽,,,2026/03/18,2026/03/18,Y,Y
83224792,藝筆有限公司,"Yibi CO., LTD.",新北市中和區泰和街38巷13號3樓,王O玲,0922775434,,2026/03/18,2026/03/18,Y,Y
90796768,宏業工程有限公司,"HONGYE ENGINEERING CO., LTD.",新北市三重區河邊北街52號9樓之1,林O盛,0903909031,,2026/03/18,2026/03/18,Y,Y
95430037,惜佑工程有限公司,"See You Engineering co., Ltd.",新北市深坑區文化街66號2樓,鍾O青,,,2026/03/18,2026/03/18,Y,Y
60325528,濬玉有限公司,"Junyu Kitchen Design CO., LTD.",新北市三重區興德路10號,吳O威,,,2026/03/17,2026/05/20,Y,Y
41058342,上手遙控模型商行,SHANG SHOW RADIO CONTROL MODELS Store,新北市三重區龍濱路76號(1樓),鍾O樺,02-29766411,,2026/03/17,2026/03/17,Y,Y
53208850,宇澤國際貿易有限公司,"Yu Ze International Trading CO., LTD.",新北市樹林區博愛街73號7樓,王O宇,02-26833902,,2026/03/17,2026/03/17,Y,Y
60311600,天綬國際股份有限公司,"Tian Shou International CO., LTD.",新北市新店區竹林路61巷9號5樓,潘O煌,0222177611,,2026/03/17,2026/03/17,Y,Y
60312002,艾薇思國際藝術文化有限公司,"Ivy International Arts & Culture Co., Ltd.",新北市三重區重新路4段162號2樓之1,邱O潔,0229736616,,2026/03/17,2026/03/17,Y,Y
60312072,金展高空車租賃有限公司,"Jinzhan Aerial Vehicle Rental CO., LTD.",新北市鶯歌區高職東街3巷7號5樓之2,洪O懃,,,2026/03/17,2026/03/17,Y,Y
60324534,澳美新創有限公司,"ALL MAGIC GLOBAL CO., LTD.",新北市三重區重新路5段609巷14號7樓之13,吳O華,,,2026/03/17,2026/03/17,Y,Y
60324942,東潮股份有限公司,"JIC GLOBAL TW CO., LTD.",新北市中和區橋安街1號3樓,洪O婷,02-22488087#11,,2026/03/17,2026/03/17,Y,Y
60325409,力升科技有限公司,"Lison Controls CO., LTD.",新北市淡水區大義街29巷42號7樓,張O榕,02-26221199,,2026/03/17,2026/03/17,Y,Y
60325870,法芮國際有限公司,"Fafary CO., LTD.",新北市汐止區新台五路1段93號29樓之2,王O慈,,,2026/03/17,2026/03/17,Y,Y
83572412,誠實俊汽車有限公司,"Honest Chun Trade CO., LTD.",新北市五股區西雲路261號6樓,何O儒,,,2026/03/17,2026/03/17,Y,Y
90018396,翝展電線電纜有限公司,"HONG JANG INTL ELECTRICAL WIRE & CABLE CO., LTD.",新北市泰山區泰林路2段93巷7號2樓,王O愚,02-26195088,02-26191815,2026/03/17,2026/03/17,Y,Y
90208157,富克仕國際有限公司,"Focus International CO., LTD.",新北市汐止區新台五路1段97號27樓之7,林O清,,,2026/03/17,2026/03/17,Y,Y
90380451,小學同學股份有限公司,"ClassConnect CO., LTD.",新北市中和區景平路241巷24號（1樓）,林O卿,,,2026/03/17,2026/03/17,Y,Y
91757932,澤郎商行,ZE LANG TRADING Firm,新北市淡水區新市一路3段147之1號(1樓),陳O廉,,,2026/03/17,2026/03/17,Y,Y
93761855,艾維科有限公司,"EVC medical CO., LTD.",新北市新莊區昌智路52號4樓,傅O燁,,,2026/03/17,2026/03/17,Y,Y
96763878,譽淵國際有限公司,"YUYUAN INTERNATIONAL CO., LTD.",新北市新莊區自立街214巷9弄2號,陳O豪,,,2026/03/16,2026/08/05,Y,Y
00194327,坤旻有限公司,Kunmin Limited Company,新北市中和區中正路736號9樓之7,李O翰,,,2026/03/16,2026/03/16,Y,Y
22782605,詠堂電機有限公司,"Yongtang Motor CO,LTD.",新北市三重區重新路4段200號,陳O成,02-2976-8933,02-2976-3938,2026/03/16,2026/03/16,Y,Y
26522573,益碩科技企業社,Yi Shuo Technology FIRM,新北市鶯歌區尖山路156巷17號7樓,李O琳,02-26790309,,2026/03/16,2026/03/16,Y,Y
60324627,炬森文創有限公司,"Jusen Creative CO., LTD.",新北市中和區橋和路160巷41號12樓,張O,,,2026/03/16,2026/03/16,Y,Y
60325604,源榮設計整合顧問有限公司,"YVANRHONG CO., LTD.",新北市蘆洲區民族路263巷10號6樓,李O廷,,,2026/03/16,2026/03/16,Y,Y
60347500,皜翰文創有限公司,"HAO HAN WEN CHUANG CO.,LTD",新北市三重區成功路52號3樓,陳O威,0958173037,,2026/03/16,2026/03/16,Y,Y
60370115,沛達康國際股份有限公司,"PETCOM INTERNATIONAL CO., LTD.",新北市中和區中正路880號8樓之6,吳O衛,02-25620636,02-25620646,2026/03/16,2026/03/16,Y,Y
60371424,漢曜系統科技有限公司,"Hanyao Technology CO., LTD.",新北市三重區溪尾街98之2號3樓,李O宇,,,2026/03/16,2026/03/16,Y,Y
60377932,馬克豆豆有限公司,Markdo Limited Company,新北市中和區連城路428巷11號,陳O瑜,0981297170,,2026/03/16,2026/03/16,Y,Y
60699862,均力有限公司,"Junli CO., LTD.",新北市三峽區民生街106之2號3樓,管O浩,,,2026/03/16,2026/03/16,Y,Y
61244947,奧合企業社,Okholink Co.,新北市永和區永利路138號13樓,何O雯,,,2026/03/16,2026/03/16,Y,Y
82959036,成閎企業有限公司,"Create Home Enterprise Co., Ltd.",新北市三重區重新路4段144巷6號,黃O閎,,,2026/03/16,2026/03/16,Y,Y
90441393,聚選國際有限公司,JUSELECTION INTERNATIONAL LTD.,新北市汐止區建成路57巷64號14樓,黃O祐,0922083338,,2026/03/16,2026/03/16,Y,Y
90691336,睿創實業有限公司,"Ruichuang lndustrial CO., LTD.",新北市鶯歌區高職西街116號6樓,陳O喬,27830109,,2026/03/16,2026/03/16,Y,Y
93757389,火熱科技股份有限公司,"CYBERHEATDIGITAL CO., LTD.",新北市新店區安興路5號地下一層之20,曾O泉,,,2026/03/16,2026/03/16,Y,Y
93763397,萬和開發工程有限公司,"Wan Ho Development&Engineerung CO., LTD.",新北市鶯歌區高職東街3巷7號5樓之2,洪O懃,,,2026/03/16,2026/03/16,Y,Y
96813700,與盛有限公司,"yoseng CO., LTD.",新北市中和區中山路3段64號5樓,周O芬,,,2026/03/16,2026/03/16,Y,Y
60311475,熠芯國際音樂有限公司,"RadiantCore International Co., Ltd.",新北市林口區文化三路1段191巷18號10樓,陳O均,,,2026/03/14,2026/03/17,Y,Y
90307017,駿燿紙業有限公司,"Jun Yao Paper CO., LTD.",新北市中和區民享街4號,陳O奕,0222432576,0222430087,2026/03/13,2026/09/19,Y,Y
90673301,翊豐製冰有限公司,"Yifeng Ice Making CO., LTD.",新北市樹林區忠愛街11號,徐O晴,,,2026/03/13,2026/06/19,Y,Y
60602847,保諾中化生技股份有限公司,"BioDuro-Cenra Biotech CO., LTD.",新北市樹林區東興街1號,蘇O民(ArminSPURA),02-8684-3318,02-8684-3202,2026/03/13,2026/05/07,Y,Y
60371515,絕配國際開發有限公司,"JP International Development CO., LTD.",新北市三峽區白雞68之265號,彭O玲,09-19818157,,2026/03/13,2026/03/16,Y,Y
54723849,維鴻科技有限公司,"Wei Hung Technology CO., LTD.",新北市板橋區長江路2段280之13號5樓,徐O鴻,,,2026/03/13,2026/03/13,Y,Y
60069506,恭喜發財電子商務企業社,Congratulations on your fortune Company,新北市板橋區華江一路111號15樓之1,于O玲,0935064709,,2026/03/13,2026/03/13,Y,Y
60081522,沐楓企業社,Mufeng Company,新北市板橋區中山路1段1號23樓,石O安,0935064709,,2026/03/13,2026/03/13,Y,Y
60311735,曜承科技股份有限公司,"NOVARE TECHNOLOGIES CO., LTD.",新北市淡水區民權路177巷49號2樓,陳O煌,,,2026/03/13,2026/03/13,Y,Y
60324936,台灣亞安頂材有限公司,"YAAN Materials CO., LTD.",新北市中和區中正路880號3樓之5,伍O群,,,2026/03/13,2026/03/13,Y,Y
60325864,律政有限公司,"LYU JHENG CO.,LTD",新北市新莊區五工二路50巷11號,吳O烽,,,2026/03/13,2026/03/13,Y,Y
60371162,穎德資訊貿易股份有限公司,"YINGDE Informational & Trade CO., LTD.",新北市三重區光復路1段88之5號5樓,宋O穎,,,2026/03/13,2026/03/13,Y,Y
60691524,三猩人有限公司,"TriApe Industries CO., LTD.",新北市新莊區中平路8巷24號4樓,史O卉,,,2026/03/13,2026/03/13,Y,Y
77804293,富祐電機五金行,FuYou Electric Hardware Store,新北市三重區重新路4段93巷11之2號1樓,官O德,03-3810607,03-3815836,2026/03/13,2026/03/13,Y,Y
92738414,賽福企業社,Cefur Company,新北市土城區員福街12號2樓,呂O欽,0935064709,,2026/03/13,2026/03/13,Y,Y
92742108,鼎旭企業社,Dingxu Company,新北市土城區員福街12號2樓,王O備,0935064709,,2026/03/13,2026/03/13,Y,Y
92899059,泰成不銹鋼工程行,Taifair International Co.,新北市汐止區福德一路421巷10號1樓,高O明,02-26956621,,2026/03/13,2026/03/13,Y,Y
93036307,鑫晨企業社,Xinchen Company,新北市土城區員福街18巷5號11樓,呂O群,0935064709,,2026/03/13,2026/03/13,Y,Y
60069490,念東企業社,Nian Dong Company,新北市板橋區華江一路111號15樓之1,石O全,0935064709,,2026/03/12,2026/03/12,Y,Y
60325576,星期八的音樂經紀事業有限公司,Super A Team Music Management Inc.,新北市新店區禾豐二路86號,黃O華,,,2026/03/12,2026/03/12,Y,Y
60325702,朗訊科技股份有限公司,Lucent Technologies INC.,新北市板橋區華江一路610號9樓,劉O祥,0908296760,,2026/03/12,2026/03/12,Y,Y
60325908,寰宇國際標準有限公司,"GLOBAL STANDARD SERVICE CO., LTD.",新北市中和區建一路179號7樓,黃O庭,,,2026/03/12,2026/03/12,Y,Y
60370662,思沃德科技有限公司,"SWD Logic Co., Ltd.",新北市三重區力行路1段38巷5弄8號5樓,盧O明嬌,,,2026/03/12,2026/03/12,Y,Y
60569571,信創股份有限公司,"TIMED CO., LTD.",新北市新莊區五工路97巷2號(2樓),陳O卿,,,2026/03/12,2026/03/12,Y,Y
61241414,鉅石貿易商行,Jushi Trading Firm,新北市蘆洲區信義路292巷15號2樓,張O凱,0970-571666,,2026/03/12,2026/03/12,Y,Y
60348206,序鑫科技股份有限公司,"AKENEX TECHNOLOGY CO., LTD.",新北市新店區環河路42之2號,,02-22111318,,2026/03/11,2026/06/16,N,N
60324801,捷寅有限公司,"J-Win CO., LTD.",新北市土城區中央路二段119號,林O暉,02-66093776,,2026/03/11,2026/04/27,Y,Y
96800304,永泓明有限公司,"The pureguard CO., LTD.",新北市淡水區自強路8號3樓之7,紀O瓅,0226281785,,2026/03/11,2026/03/12,Y,Y
00244277,泓澤天然國際有限公司,"Hongze Natural CO., LTD.",新北市林口區文化三路1段63號1樓,蘇O潔,0972464131,,2026/03/11,2026/03/11,Y,Y
60325148,立達國際有限公司,"Leader international chemical CO., LTD.",新北市林口區文化三路1段245號16樓,陳O揚,0925-332509,,2026/03/11,2026/03/11,Y,Y
60370071,盈興國際貿易有限公司,"YingZing Global Trading CO., LTD.",新北市板橋區三民路二段28號11樓,高O尊,,,2026/03/11,2026/03/11,Y,Y
60378720,金興銀樓有限公司,"JING SING JEWELRY CO., LTD.",新北市永和區民治街88號,陳O中,02-29417456,,2026/03/11,2026/03/11,Y,Y
60426027,慧鴻新材料科技股份有限公司,"Huihong New Materials Technology Co., Ltd.",新北市板橋區三民路2段40號5樓之6,林O誠,02-27414723,,2026/03/11,2026/03/11,Y,Y
60632384,宇燿應材股份有限公司,"YUYAO APPLIED MATERIALS CO., LTD.",新北市永和區福和路139號5樓,劉O善,02-29214649,,2026/03/11,2026/03/11,Y,Y
60632791,夢寐攝影有限公司,"Dream Photography CO., LTD.",新北市板橋區三民路2段37號23樓之1,余O碩,,,2026/03/11,2026/03/11,Y,Y
61244377,那智資訊工作室,NCI Co.,新北市汐止區大同路3段615號12樓之2,萬O仁,0935752872,,2026/03/11,2026/03/11,Y,Y
83288520,豐呈科技工程有限公司,"Feng Cheng Technology Engineering CO., LTD.",新北市林口區文化二路1段266號地下一層之8,張O峰,,,2026/03/11,2026/03/11,Y,Y
83488007,品品有限公司,PinPin Limited Company,新北市永和區中和路343號8樓之2,陳O環,0911318138,,2026/03/11,2026/03/11,Y,Y
97528535,榮盈投資有限公司,Long Win Investments LTD.,新北市五股區西雲路203巷8號,沈O榮,,,2026/03/11,2026/03/11,Y,Y
60347184,禾裕紙業有限公司,"He Yu Paper Industry CO., LTD.",新北市新莊區五權一路1號八樓之2,吳O安,,,2026/03/10,2026/07/01,Y,Y
60325196,環宏跨境供應鏈有限公司,"Huan-Hong Supply Chain Management Co., Ltd.",新北市林口區公園路203號10樓之1至之2,洪O瑩,,,2026/03/10,2026/03/10,Y,Y
60325301,逸羚有限公司,YILING LTD.,新北市新店區安興路109號14樓之7,蔡O柔,0935917226,,2026/03/10,2026/03/10,Y,Y
60325317,澄埕國際有限公司,"The Brightest CO., LTD.",新北市林口區八德路20巷8號,劉O宜,02-85223100,,2026/03/10,2026/03/10,Y,Y
60325392,貝生國際有限公司,Bey Sheng International LTD.,新北市三重區中正北路530巷1號2樓,林O宇,,,2026/03/10,2026/03/10,Y,Y
60352849,松麟國際有限公司,"SL International Co., Ltd.",新北市三重區興德路123之10號4樓,盧O民,,,2026/03/10,2026/03/10,N,N
60370369,映美精防禦有限公司,"Imaging Defense CO., LTD.",新北市汐止區中興路43之6號3樓,賽O爾,02-23941818#165,,2026/03/10,2026/03/10,Y,Y
60370516,瑞麒管理顧問股份有限公司,"Richie Management Consulting CO., LTD.",新北市中和區中和路312號12樓之2,孟O良,0932069845,,2026/03/10,2026/03/10,Y,Y
60370733,沐曜有限公司,MUYAO LTD.,新北市中和區景安路55號(2樓),游O翔,02-22463158,,2026/03/10,2026/03/10,Y,Y
60387805,冠曜國際貿易有限公司,"GUANYAO INTERNATIONAL TRADE CO., LTD.",新北市三重區成功路143之1號8樓,李O諺,,,2026/03/10,2026/03/10,Y,Y
60404375,智憶融合科技股份有限公司,AI Memory Fusion INC.,新北市淡水區中正東路2段21號11樓,李O均,,,2026/03/10,2026/03/10,Y,Y
83107458,伽新國際工程有限公司,"Jia Xin International Engineering CO., LTD.",新北市中和區圓通路162巷37弄7號4樓,江O鋐,,,2026/03/10,2026/03/10,Y,Y
96835198,菁冠國際有限公司,"Essence good international CO., LTD.",新北市板橋區文化路2段285號21樓,吳O緯,,,2026/03/10,2026/03/10,Y,Y
69321392,耶洛投資股份有限公司,Yellowstone Investment CORP. LTD.,新北市板橋區三民路2段37號21樓,黃O修,,,2026/03/09,2026/08/21,Y,Y
60324751,銳星科技有限公司,"RedStar Technology CO., LTD.",新北市板橋區民生路3段229號,廖O銳,0,,2026/03/09,2026/04/22,Y,Y
50996451,未來領袖教育股份有限公司,"Future Leader Education CO., LTD.",新北市林口區文化二路1段561之5號(1樓),呂O鋒,,,2026/03/09,2026/03/09,Y,Y
60067367,嶼馨花研企業社,Thing flowers Store,新北市新莊區中正路347巷15號,林O泉,0901327057,,2026/03/09,2026/03/09,Y,Y
60324794,古博益整合行銷有限公司,"GOODBOY WORKS Co., Ltd.",新北市三重區同安街88號13樓,曾O華,,,2026/03/09,2026/03/09,Y,Y
60324909,李裕國際貿易有限公司,LY International Trading Private Limited,新北市新莊區建國一路316號3樓,李O潔,,,2026/03/09,2026/03/09,Y,Y
60325132,浩室共創有限公司,"Haus Co., Ltd.",新北市土城區裕民路152號2樓,何O宇,,,2026/03/09,2026/03/09,Y,Y
60353376,翊杉國際有限公司,"Yishan International CO., LTD.",新北市蘆洲區民族路327巷3號,高O志,0979-391-095,,2026/03/09,2026/03/09,Y,Y
60353410,宏倡有限公司,"Hongchang CO., LTD.",新北市蘆洲區民族路327巷3號,陳O宏,0966-283-505,,2026/03/09,2026/03/09,Y,Y
60395734,御潤凈有限公司,"YU RUN PURE CO., LTD.",新北市土城區中央路2段119號,王O莉,,,2026/03/09,2026/03/09,Y,Y
60404369,炘智科技有限公司,NEOWISE TECHNOLOGY LTD.,新北市新店區永平街18號3樓,白O貴,02-31517027,,2026/03/09,2026/03/09,Y,Y
60474168,里歐海爾管理顧問有限公司,"Neohire CO., LTD.",新北市中和區中正路918號3樓,張O銘,,,2026/03/09,2026/03/09,Y,Y
91066091,家禾精密工業股份有限公司,"CHIA HE PRECISION INDUSTRY Co.,Ltd.",新北市五股區四維路30巷22號,呂O慶,,,2026/03/09,2026/03/09,Y,Y
91695015,彥宏商行,Mobile phone health room Co.,新北市三重區忠孝路2段85號(1樓),陳O宏,,,2026/03/09,2026/03/09,Y,Y
83561772,通台實業股份有限公司,"Tontop Industrial CO., LTD.",新北市中和區中正路700號6樓之3,王O國,,,2026/03/06,2026/09/05,Y,Y
60335434,輝宏科技有限公司,"HUIHOM TECHNOLOGY CO., LTD.",新北市永和區福和路57巷14弄10號(1樓),陳O輝,,,2026/03/06,2026/07/21,Y,Y
24711992,霸廚師有限公司,"BAR CHEF CO., LTD.",新北市板橋區民治街61巷4號2樓,蔡O泰,0928105625,,2026/03/06,2026/03/06,Y,Y
60324648,石祚勇者有限公司,"Source Zero Co., Ltd.",新北市新莊區後港一路173號10樓之7,何O石,,,2026/03/06,2026/03/06,Y,Y
60347966,坎維綠股份有限公司,Canver Corporation,新北市板橋區東門街30之2號5樓之1,張O歐,,,2026/03/06,2026/03/06,Y,Y
60370190,逢佳實業有限公司,"Fengjia Industrial Co., Ltd.",新北市新莊區五權一路7號7樓之1,徐O娟,0933-736232,,2026/03/06,2026/03/06,Y,Y
60370950,懿宣國際有限公司,"Uixuan International CO., LTD.",新北市板橋區四川路1段23號9樓之2,盧O竹,,,2026/03/06,2026/03/06,Y,Y
96836915,瑞麟精密有限公司,"Rayling Precision CO., LTD.",新北市樹林區東順街57巷35號,朱O吉,02-86866078,02-86866079,2026/03/06,2026/03/06,Y,Y
60660971,深格國際有限公司,"J-ONE INTERNATIONAL CO., LTD.",新北市板橋區重慶路269巷85號8樓之1,蔡O宇,,,2026/03/05,2026/04/10,Y,Y
60303313,鐳辰國際有限公司,REGAL INTERNATIONAL LTD,新北市土城區水源街93巷1號14樓,胡O基,,,2026/03/05,2026/03/19,Y,Y
23966497,添立塑膠有限公司,"Ten Li Plastic CO., LTD.",新北市新莊區新樹路302巷11號,粘O金秀,22052747,,2026/03/05,2026/03/05,Y,Y
28405328,晨風國際有限公司,"Chen Feng Internation CO., LTD.",新北市土城區自強街11巷3號5樓之1,黃O周,02-22671508,02-22671509,2026/03/05,2026/03/05,Y,Y
60347831,恆序科技有限公司,"STALOGIX CO., LTD.",新北市林口區文化三路2段115巷139號,劉O儒,02-86018260,,2026/03/05,2026/03/05,Y,Y
60348058,禾興國際有限公司,"Hexing International CO., LTD.",新北市汐止區康寧街169巷8之7號5樓,林O瑋,0226956050,,2026/03/05,2026/03/05,Y,Y
60354537,旅拓國際有限公司,"Lutu International CO., LTD.",新北市板橋區雙十路2段79號4樓,黃O軒,,,2026/03/05,2026/03/05,Y,Y
60382180,瑞佑聲光有限公司,"Rayo CO., LTD.",新北市新店區民權路108號地下一層,王O瑞,02-22199010,,2026/03/05,2026/03/05,Y,Y
60417759,佳德坊企業有限公司,"DF Metal Enterprise CO., LTD.",新北市八里區忠孝路205號(1樓),李O玉,02-26107600,,2026/03/05,2026/03/05,Y,Y
61241408,吾鑽行,WUZAN Company,新北市新店區檳榔路19巷16號4樓,劉O祖,,,2026/03/05,2026/03/05,Y,Y
61242933,宏虎自動化企業社,Hong Hu Automation Company,新北市永和區安樂路58巷5號4樓,李O憲,,,2026/03/05,2026/03/05,Y,Y
80300850,璟豐隆營造有限公司,"Jing Feng Long Construction CO., LTD.",新北市中和區景平路169巷8號5樓,謝O芳,02-82213233,,2026/03/05,2026/03/05,Y,Y
93618922,凱櫪國際貿易有限公司,"Kaili International Trading CO., LTD.",新北市新莊區新北大道4段173號3樓,邱O盛,,,2026/03/05,2026/03/05,Y,Y
62155008,槃生國際股份有限公司,"Pansheng International CO., LTD.",新北市鶯歌區尖山埔路165巷3弄5號,陳O芳,0987321997,,2026/03/04,2026/05/26,Y,Y
60346930,聚亨泰國際有限公司,"GRAND HARVEST INTERNATIONAL CO., LTD.",新北市新莊區幸福東路116號,呂O忠,,,2026/03/04,2026/03/13,Y,Y
42733060,廣權科技有限公司,"GUANG QUAN TECHNOLOGY CO., LTD.",新北市三重區中興北街160巷23號,林O逢,02-29885017,,2026/03/04,2026/03/04,Y,Y
50996847,順盛機電工程有限公司,"Shun Sheng Electrical & Mechanical Engineering CO., LTD.",新北市石門區阿里荖5之6號2樓,楊O吉,0935065760,,2026/03/04,2026/03/04,Y,Y
60382533,紫色魔力股份有限公司,Purple Power Company,新北市三重區水漾路2段176號,李O洛,,,2026/03/04,2026/03/04,Y,Y
60581651,安勃有限公司,Anbo LTD.,新北市中和區立德街162號2樓,徐O洲,02-32342020#201,,2026/03/04,2026/03/04,Y,Y
61231416,竹泰貿易行,JHU TAI TRADING COMPANY,新北市板橋區國慶路3號7樓之4,吳O霆,,,2026/03/04,2026/03/04,Y,Y
61242321,下酒菜宇宙休息站工作室,DRUNKFOODSSS WORKSHOP,新北市泰山區忠孝街17巷1號,蔡O蓉,,,2026/03/04,2026/03/04,Y,Y
95139460,禾勝小吃店,Ho Sheng Store,新北市新店區中興路3段223號(1樓),陳O宏,,,2026/03/04,2026/03/04,Y,Y
96648842,林園開發投資股份有限公司,"Linyuan Development & Investment CO., LTD.",新北市中和區中正路637巷18弄7號(1樓),林O華,02-29473939,,2026/03/04,2026/03/04,Y,Y
60377742,立百捷有限公司,"LI BAI JIE CO., LTD.",新北市八里區仁愛路124號,趙O淳,,,2026/03/03,2026/09/17,Y,Y
60418666,良淳幸福股份有限公司,"LitePure CO., LTD.",新北市新莊區幸福東路139號(1樓),曾O淳,02-27530589#28,,2026/03/03,2026/08/27,Y,Y
00188015,紅點食品有限公司,Reddot Meat Industry INC.,新北市林口區文化三路2段281之1號,蔡O誠,02-26022030,,2026/03/03,2026/08/11,Y,Y
54715643,承豊沅鑫團隊有限公司,CHENG LI YUAN HSIN LTD.,新北市板橋區長江路1段351號(1樓),許O昌,,,2026/03/03,2026/03/03,Y,Y
55637265,奕橦動畫科技股份有限公司,"Yitong Collective CO., LTD.",新北市新莊區中信街176號16樓之8,黃O芸,02-87735780,,2026/03/03,2026/03/03,Y,Y
61221395,膜司特建材包膜企業社,Most Building Materials Wrap Co.,新北市板橋區三民路2段33號14樓,裴O捷,0910760266,,2026/03/03,2026/03/03,Y,Y
61242096,鎧驣金屬機械企業社,KAITENG Metal Machinery Company,新北市樹林區佳園路3段21巷14號,王O麟,,,2026/03/03,2026/03/03,Y,Y
87308483,小瘩文創工作室,DA. STUDIO,新北市淡水區新市三路2段183號25樓,杜O嫺,0971088097,,2026/03/03,2026/03/03,Y,Y
90707604,銀魚國際實業有限公司,"Silverfish International Industry CO., LTD.",新北市汐止區伯爵街98巷18號3樓,林O倫,0920954587,,2026/03/03,2026/03/03,Y,Y
91088068,愛馬有限公司,"Aima International Co., Ltd.",新北市永和區中正路83號3樓,洪O姝,,,2026/03/03,2026/03/03,Y,Y
60347348,魁鼎科技有限公司,"Kui Ding Catering Management CO., LTD.",新北市板橋區永豐街33號3樓,顏O陽,,,2026/03/02,2026/09/23,Y,Y
60371579,麻吉麻鼓有限公司,Good Machi LTD.,新北市新莊區幸福東路102號,廖O魁,0915120005,,2026/03/02,2026/08/26,Y,Y
94158073,邁坤國際有限公司,"maxkun Int'l CO., LTD.",新北市土城區中央路4段68巷11號地下一層,張O坤,0900-479-045,,2026/03/02,2026/05/18,Y,Y
60347749,福明股份有限公司,"FU MING CO., LTD.",新北市中和區秀朗路3段70巷6號2樓,侯O軒,,,2026/03/02,2026/03/02,Y,Y
60348276,昕漾貿易股份有限公司,"Blessed Aroma CO., LTD.",新北市汐止區新台五路2段158號,沈O蘭,0925045882,,2026/03/02,2026/03/02,Y,Y
60377969,億鑫禮品國際貿易有限公司,"Yixin Gifts International Trading CO., LTD.",新北市泰山區泰林路2段488之2號,鄭O芳,02-29845731,,2026/03/02,2026/03/02,Y,Y
60382843,晟宇康科技股份有限公司,"PhotonAxis Technology CO., LTD.",新北市汐止區南陽街252號6樓,張O雄,,,2026/03/02,2026/03/02,Y,Y
82978110,昱暘科技有限公司,Yu Yang Technology LTD.,新北市板橋區文化路1段329號4樓,連O豐,02-27328596,,2026/03/02,2026/03/02,Y,Y
85095034,員利工程有限公司,"Lumina Yuanli CO., LTD.",新北市三重區文化北路39巷5號,葉O志,,,2026/03/02,2026/03/02,Y,Y
60636467,蘊澤行銷顧問有限公司,YUN ZE MARKETING AND CONSULTING LTD.,新北市板橋區四川路2段134號3樓,陳O而,0972-353-974,,2026/02/26,2026/05/18,Y,Y
83610680,焱鑫工程股份有限公司,"yanxin CO., LTD.",新北市汐止區福德二路355號(1樓),黃O琦,,,2026/02/26,2026/05/08,Y,Y
60378600,優臂有限公司,"URARM CO., LTD.",新北市林口區文化二路1段390號5樓,沈O浩,02-26086525,,2026/02/26,2026/03/30,Y,Y
00204541,創世管理顧問有限公司,"Genesis Management Service CO., LTD",新北市淡水區沙崙路2段795號19樓,藍O群,02-28201335,,2026/02/26,2026/02/26,Y,Y
60347683,雲爍數位科技股份有限公司,"eCloudXD Digital Technology Co., Ltd.",新北市三重區三和路4段111之32號7樓,林O,02-22801777,,2026/02/26,2026/02/26,Y,Y
60347776,台灣威科偉業半導體有限公司,"Taiwan Wegowin Semiconductor CO., LTD.",新北市新店區文記街96號(1樓),粘O柔,,,2026/02/26,2026/02/26,Y,Y
60347950,沛新國際股份有限公司,"Prime Nova International Co., Ltd.",新北市三重區重新路5段646號13樓,邱O琳,,,2026/02/26,2026/02/26,Y,Y
60348162,至珵包裝有限公司,ZHICHENG PACKAGE LTD.,新北市新莊區民安西路415巷13號(1樓),鄭O群,02-28230627,,2026/02/26,2026/02/26,Y,Y
60370797,速域國際貿易有限公司,"Velocity International Trading CO., LTD.",新北市中和區景安路79巷51號2樓,林O辰,0923933981,,2026/02/26,2026/02/26,Y,Y
60377519,樺圓精機股份有限公司,"Hua Yuan Precision Machinery Co., Ltd.",新北市土城區中華路1段70巷18號,莊O郁,02-22616884,,2026/02/26,2026/02/26,Y,Y
60379066,清睿企業有限公司,"QingRui Enterprises CO., LTD.",新北市新店區中正路四維巷8弄7號5樓,鍾O晏,03-5955628,,2026/02/26,2026/02/26,Y,Y
60563339,和暉科技股份有限公司,"HEHUI Technology CO., LTD.",新北市新莊區中正路653之2號6樓,陳O玲,02-29031609,,2026/02/26,2026/02/26,Y,Y
60676137,豚友文創設計股份有限公司,"Tunyou Cultural & Creative Design CO., LTD.",新北市汐止區新台五路1段81號19樓,陳O霖,0936609598,,2026/02/26,2026/02/26,Y,Y
61235790,超品好物商行,Super Good Products Store,新北市土城區中央路1段156巷6號2樓,陳O慈,0900082329,,2026/02/26,2026/02/26,Y,Y
61239640,二優日本代購商行,ERYOU JAPAN SHOPPING AGENT STORE,新北市新莊區龍安路1之1號3樓,楊O汶,02-29088866,,2026/02/26,2026/02/26,Y,Y
61240816,愛手原身心工作室,"Lovehand, Primal Body Magic Studio",新北市新店區安興路127之13號8樓,葛O恩,0962058818,,2026/02/26,2026/02/26,Y,Y
92773116,毛絨絨工作室,Fluffy Studio Company,新北市永和區永和路1段20號8樓,謝O辰,0903-829-526,,2026/02/25,2026/05/18,Y,Y
42738092,帝沛顧問有限公司,"DI PEI CONSULTING CO., LTD.",新北市鶯歌區尖山路272號5樓,黃O翔,02-2677-2773,02-2677-7023,2026/02/25,2026/03/10,Y,Y
53228309,豪達科技有限公司,"Wanda Technology CO., LTD.",新北市新店區錦秀路52巷37號(1樓),楊O容,02-22142078,04-24069305,2026/02/25,2026/02/25,Y,Y
60347522,美的冒泡有限公司,Beauty Bubble LTD.,新北市林口區東湖路82號,黃O芬,,,2026/02/25,2026/02/25,Y,Y
60347760,睿樂國際有限公司,"RILO International CO., LTD.",新北市板橋區華江三路136號,張O,0989-356-731,,2026/02/25,2026/02/25,Y,Y
60348022,絲可創新股份有限公司,"SIC Innovation Co., Ltd.",新北市泰山區新北大道5段121號8樓,陳O錚,,,2026/02/25,2026/02/25,Y,Y
60348070,金湯匙安心生活有限公司,"Golden Spoon Care & Living CO., LTD.",新北市汐止區東勢街201巷106弄23號,李O皇,,,2026/02/25,2026/02/25,Y,Y
60352741,合健企業有限公司,"He Jian Enterprise CO., LTD.",新北市樹林區佳園路3段181巷110弄39之1號,林O達,02 86848379,02 86717282,2026/02/25,2026/02/25,Y,Y
90040171,宸品電梯有限公司,"Chen Pin Elevator CO., LTD.",新北市三重區捷運路11號16樓之2,黃O根,,,2026/02/25,2026/02/25,Y,Y
90073643,明順修繕工程有限公司,"Mingshun Repair Engineering CO., LTD.",新北市新店區檳榔路29巷1弄14號2樓,呂O雄,,,2026/02/25,2026/02/25,Y,Y
91687205,鈺彤企業社,SAKURA CHIAO ENTERPRISE Co.,新北市泰山區忠孝街41巷4號4樓,邱O蕎,,,2026/02/25,2026/02/25,Y,Y
96776851,聯騰國際投資有限公司,"LT International Capital Co., Ltd.",新北市板橋區三民路2段33號14樓,張O豪,02-26313399#129,,2026/02/25,2026/02/25,Y,Y
93654118,弘盈科技股份有限公司,"HONG YING TECHNOLOGY CO., LTD.",新北市土城區中央路4段51號7樓之6,梁O玉,,,2026/02/24,2026/07/02,Y,Y
60364583,新加坡商優達網路股份有限公司台灣分公司,UGUARD NETWORKS TECHNOLOGY PTE. LTD. TAIWAN BRANCH(SINGAPORE),新北市中和區中正路738號7樓之4,顏O峰,02-82261068#816,,2026/02/24,2026/06/25,Y,Y
00044171,阿布思生活股份有限公司,"Albus Lifestyle Co., Ltd.",新北市三重區新北大道1段123號11樓,馮O怡,02 25170717,,2026/02/24,2026/02/24,Y,Y
00137608,西希有限公司,"XIVEX TECHNOLOGY CO., LTD.",新北市新店區央北一路168號2樓,范O,,,2026/02/24,2026/02/24,Y,Y
00233757,自然連結有限公司,Natural Link Company Limited,新北市新店區安興路127之3號(1樓),陳O浩,0988182949,,2026/02/24,2026/02/24,Y,Y
60347353,雲鼎吉有限公司,"Cloud Crown Co., Ltd.",新北市板橋區宏國路19號2樓,連O雲,0938-115-318,,2026/02/24,2026/02/24,Y,Y
60378159,佳凱樂健管有限公司,Nuheal Wellness Management LTD.,新北市新店區中正路566號6樓,李O霖,,,2026/02/24,2026/02/24,N,N
60395404,菁竑有限公司,"Apex Broad CO., LTD.",新北市三重區中正北路174之5號5樓,陳O菁,,,2026/02/24,2026/02/24,Y,Y
91244639,紐特賀藝行,Nutrieat Co.,新北市林口區文化一路1段223號,施O昱,0983072474,,2026/02/24,2026/02/24,Y,Y
91771168,美達車業,MEI DA CAR Firm,新北市土城區學士路197號3樓,楊O彥,0952066422,,2026/02/24,2026/02/24,Y,Y
60354353,澤膳股份有限公司,"Zeshan CO., LTD.",新北市林口區中山路506號,鄭O云,,,2026/02/23,2026/05/09,Y,Y
60377784,亮昇國際股份有限公司,"LUMINIS INTERNATIONAL CO., LTD.",新北市中和區建八路2號9樓之1,林O運,04-24634817,,2026/02/23,2026/04/14,Y,Y
19523632,冠亞行,ABM CO.,新北市板橋區重慶路155巷35號,陳O偉,02-82617799,,2026/02/23,2026/02/23,Y,Y
60054882,叡興企業社,Rui Xin Studio,新北市板橋區三民路2段33號14樓,呂O叡,,,2026/02/23,2026/02/23,Y,Y
60346592,貝里歐台灣股份有限公司,BRIOLF TAIWAN CO. LTD.,新北市林口區民生路66號,OOorencJuherAdroer,,,2026/02/23,2026/02/23,Y,Y
60347017,五喆空間創意有限公司,VZ Company,新北市新店區合作路32號3樓,蕭O錚,0910934133,,2026/02/23,2026/02/23,Y,Y
60347332,幸美管顧有限公司,"SMMC CO., LIMITED",新北市中和區立德街125號6樓,趙O偉,,,2026/02/23,2026/02/23,Y,Y
60347396,台灣迪聖蒂諾股份有限公司,DISANTINO TAIWAN INC.,新北市三重區重新路5段646號7樓之2,蘇O翰,02-29959188,,2026/02/23,2026/02/23,Y,Y
60377530,黑沐爾有限公司,"HEIMUR CO., LTD.",新北市新莊區中義街28號,林O丞,0933121737,,2026/02/23,2026/02/23,Y,Y
60395592,華源生醫股份有限公司,"I Health Biosolution CO., LTD.",新北市汐止區新台五路1段93號24樓之7,廖O彬,,,2026/02/23,2026/02/23,Y,Y
60716530,善谷石有限公司,"SHAN GU SHI CO., LTD.",新北市三重區龍門路247號,吳O瑋,,,2026/02/23,2026/02/23,Y,Y
61231555,五體工作室,Wuti Studio,新北市新莊區富貴路125號20樓之3,黃O君,0930356236,,2026/02/23,2026/02/23,Y,Y
61232858,台灣棒球工坊,Taiwan Baseball Workshop,新北市樹林區學勤路410號11樓,謝O軒,0926143514,,2026/02/23,2026/02/23,Y,Y
61236307,佮桂農產行,Guilin Agricultural Products Store,新北市三峽區中山路257巷33號2樓,黃O鈴,0987553580,,2026/02/23,2026/02/23,Y,Y
61240718,雲萃庭藝術工作室,Cloud Gathering Arts Studio,新北市中和區民安街25巷13弄1號2樓,吳O庭,0925988655,,2026/02/23,2026/02/23,Y,Y
66386130,五八八創意行銷有限公司,588 Innovation Ltd,新北市汐止區新台五路1段183號3樓,陳O雯,0936528819,,2026/02/23,2026/02/23,Y,Y
72780075,優娜商行,Bjour Co.,新北市新店區中興路2段127號6樓,胡O瑀,,,2026/02/23,2026/02/23,N,N
82849171,天勢國際有限公司,"TIAN SHI INTERNATIONAL CO,LTD.",新北市永和區中和路451號8樓,廖O萱,02-89212866,,2026/02/23,2026/02/23,Y,Y
90747227,創意種籽有限公司,Creative Seeds Company Limited,新北市永和區永和路2段233號5樓,張O武,0986143178,,2026/02/23,2026/02/23,Y,Y
93045489,振航貿易工作室,Zhenhang Studio,新北市永和區得和路374巷1弄6號(1樓),林O儒,0912202232,,2026/02/23,2026/02/23,Y,Y
60382576,大高國際有限公司,Peak Win Limited Company,新北市板橋區中山路一段293之1號13樓之1,林O豪,,,2026/02/13,2026/06/10,Y,Y
54868008,新豐精密工業股份有限公司,"HSIN FENG PRECISION INDUSTRY CO., LTD.",新北市土城區亞洲路58巷5弄15號,楊O逸,02-29647239,,2026/02/13,2026/02/13,Y,Y
60354754,八瑞有限公司,"Baaa Rae CO., LTD.",新北市新店區安興路109號14樓之7,楊O維,0987726172,,2026/02/13,2026/02/13,Y,Y
60378329,瓦倫特有限公司,"WALENT CO., LTD.",新北市板橋區中山路1段293之1號10樓之1,許O良,0986667133,,2026/02/13,2026/02/13,Y,Y
60387925,丞信實業股份有限公司,"Innovative Solution CO., LTD.",新北市蘆洲區中央路155號3樓,周O美惠,,,2026/02/13,2026/02/13,Y,Y
60507273,奧盛商有限公司,Aosheng Global Holdings LTD.,新北市板橋區華江一路111號15樓之1,邱O嘉,,,2026/02/13,2026/02/13,Y,Y
60603563,極光創視有限公司,"AURORA VISION CO., LTD.",新北市五股區工商路82號8樓之5,洪O琇,,,2026/02/13,2026/02/13,Y,Y
82113299,億旺便利商店,Yiwang Convenience Store,新北市八里區中華路2段486號,張O瓊,02-86303220,02-86304204,2026/02/13,2026/02/13,Y,Y
92698074,浠綺網路企業社,Xiqi Network Co.,新北市林口區竹林路606巷36號(1樓),連O旻,,,2026/02/13,2026/02/13,Y,Y
93669484,天顏生技有限公司,"Celestial BioScience CO., LTD.",新北市板橋區華江一路111號15樓之1,邱O嘉,,,2026/02/13,2026/02/13,Y,Y
94883981,萬事鑫貿易商行,Wan Shixin Trading COMPANY,新北市新莊區雙鳳路90巷4弄4號3樓,莊O穎,02-29087826,,2026/02/13,2026/02/13,Y,Y
60475624,台灣泰碩品牌有限公司,"TYESO Brand (Taiwan) CO., LTD.",新北市汐止區大同路1段181號4樓之2,孫O華,0916884571,,2026/02/12,2026/06/24,Y,Y
60755673,雨櫻娛樂有限公司,RAIN SAKURA STUDIO ENTERTAINMENT LTD,新北市三重區新北大道1段129號4樓,,,,2026/02/12,2026/04/14,N,N
60377356,鑫月有限公司,"xin yue CO., LTD.",新北市中和區中正路918號3樓,朱O偉,,,2026/02/12,2026/04/10,Y,Y
60346538,鹿力文化育樂有限公司,"Lu power CO., LTD.",新北市板橋區南雅西路1段124巷31號4樓,王O聆,0925660913,,2026/02/12,2026/02/12,Y,Y
60346734,茉栗手作有限公司,"MOLY HANDMADE CO., LTD.",新北市新店區長春路191巷25號,黃O莉,,,2026/02/12,2026/02/12,Y,Y
60346832,偉剛精密有限公司,Win Gun Precision LLC.,新北市五股區五權七路50號,魏O勝,(02)22994886,,2026/02/12,2026/02/12,Y,Y
60389249,囍莓企業有限公司,"X-May CO., LTD.",新北市永和區中山路1段170號11樓,林O涵,,,2026/02/12,2026/02/12,Y,Y
60404396,六伊股份有限公司,"6E Co., Ltd.",新北市汐止區南興路109號,吳O瑋,,,2026/02/12,2026/02/12,Y,Y
60404500,珺婕科技有限公司,"JUN-CHIEH Technology CO.,LTD.",新北市新莊區民安西路165號13樓,陳O婷,02-82527500,,2026/02/12,2026/02/12,Y,Y
60563886,玖曄科技股份有限公司,"Foreversun Energy CO., LTD.",新北市汐止區新台五路1段77號4樓之8,詹O鈞,02-26983538,02-26983530,2026/02/12,2026/02/12,Y,Y
61237299,里諾選品商號,Lille Nord Studio,新北市新莊區後港一路28巷4弄2號4樓,李O儒,,,2026/02/12,2026/02/12,Y,Y
60382317,浦菲絲股份有限公司,"Proofix CO., LTD.",新北市三重區中正北路560巷47號6樓之1,傅O宇,,,2026/02/11,2026/08/20,Y,Y
29122571,優卓生物科技有限公司,"UZ BIOTECH CO., LTD.",新北市淡水區北新路69巷2之1號,李O娟,,,2026/02/11,2026/02/11,Y,Y
50847782,愛玩子有限公司,"iWanzi CO., LTD.",新北市板橋區雙十路2段10號4樓,林O福,02-77293700,,2026/02/11,2026/02/11,Y,Y
60081229,安馳企業社,Anchi Company,新北市淡水區濱海路一段306巷9弄53號10樓,林O俐,,,2026/02/11,2026/02/11,Y,Y
60346489,東方本味股份有限公司,"Oriental Essence CO., LTD.",新北市深坑區北深路3段155巷33號8樓,陳O吟,02-26620096,,2026/02/11,2026/02/11,Y,Y
60346740,擎泰實業有限公司,"Qingtai Industrial CO., LTD",新北市蘆洲區民族路336巷25弄3號,劉O欣,0938179932,,2026/02/11,2026/02/11,Y,Y
60371108,蔚森國際有限公司,Wessens LTD.,新北市板橋區四川路1段23號9樓之2,裴O新,,,2026/02/11,2026/02/11,Y,Y
60371206,旅夢國際股份有限公司,"Travel Dream International Co., Ltd.",新北市中和區中正路716號3樓之5,郎O儒,,,2026/02/11,2026/02/11,Y,Y
60371472,吉大山有限公司,"Jidasam CO., LTD.",新北市鶯歌區國中街71號5樓,葉O奇,,,2026/02/11,2026/02/11,Y,Y
60382457,流寓有限公司,Liuyu LTD.,新北市永和區中山路1段157號4樓,楊O均,,,2026/02/11,2026/02/11,Y,Y
60382581,友信環保能源科技有限公司,"Youxin Environmental Energy Technology CO., LTD.",新北市中和區新民街112號5樓之5,許O德,02-23897550,,2026/02/11,2026/02/11,Y,Y
60382668,銡策數位有限公司,"Jecision Digital CO., LTD.",新北市新店區北新路2段262號3樓之3,陳O甫,,,2026/02/11,2026/02/11,Y,Y
60382739,越行紀行銷有限公司,"Beyond Path Marketing Co., Ltd.",新北市新店區二十張路16巷1弄8號3樓,張O畯,,,2026/02/11,2026/02/11,Y,Y
60382837,暮映設計有限公司,"Afterglow CO., LTD.",新北市中和區民安街25巷16號,陳O齊,02-27077179,,2026/02/11,2026/02/11,Y,Y
60387777,東協智能精製有限公司,"ASEAN Intelligent Precision Manufacturing CO., LTD.",新北市中和區中山路2段296號7樓之5,邱O袀,0972327212,,2026/02/11,2026/02/11,Y,Y
60417131,棋淩科技股份有限公司,"GeroX Technology Co., Ltd.",新北市汐止區新台五路1段93號21樓之6,游O輝,02-26485855#759,02-26485055,2026/02/11,2026/02/11,Y,Y
60418286,佑吉國際有限公司,ORJI INTERNATIONAL LTD.,新北市永和區民樂街59巷26弄16號(1樓),陳O樺,0925616161,02-29470868,2026/02/11,2026/02/11,Y,Y
60657976,伊尚沐衛國際有限公司,"ISHO CO., LTD.",新北市三重區重新路5段609巷10號10樓之2,戴O奇,02-29990039,02-29959033,2026/02/11,2026/02/11,Y,Y
61227975,奇藝漫遊工作室,71myo Studio,新北市三芝區樂全街16號4樓,黃O瑋,,,2026/02/11,2026/02/11,Y,Y
61230654,潮鳴國際行,Chaoming International Hang,新北市新莊區新樹路771號3樓,李O龍,0976 825 082,,2026/02/11,2026/02/11,Y,Y
61240040,沁雙生香氛工坊,DIDYMAI Atelier STUDIO,新北市板橋區中山路1段293之1號12樓之2,石O儒,,,2026/02/11,2026/02/11,Y,Y
72689766,帝築傢飾設計商行,Dizhu Company,新北市土城區青雲路503號3樓,李O軒,,,2026/02/11,2026/02/11,Y,Y
83287472,歐妮有限公司,"ONI CO., LTD.",新北市淡水區濱海路2段202巷72號10樓,張O璇,,,2026/02/11,2026/02/11,Y,Y
83688238,曠野影像行銷有限公司,"OpenView Studio CO., LTD.",新北市淡水區北新路119巷15號8樓,周O謙,,,2026/02/11,2026/02/11,Y,Y
41359826,社團法人台灣新希望社區關懷協會,Taiwan New Hope Community Care Association,新北市蘆洲區中正路241號3樓,陳O蕙,02-82832858,,2026/02/10,2026/02/10,Y,Y
60382203,溫達電子有限公司,"WENDA ELECTRONICS CO., LTD.",新北市三重區重新路5段609巷14號10樓之14,楊O仁,,,2026/02/10,2026/02/10,Y,Y
90343793,千締國際有限公司,Qiandi International Co.,新北市林口區工二區工七路6號(2樓),黃O榛,02-22043095,,2026/02/10,2026/02/10,Y,Y
97611267,集思國際有限公司,"GISI INTERNATIONAL CO., LTD.",新北市中和區中正路868之6號6樓,,02-89511181,,2026/02/09,2026/06/06,N,N
60431823,鈦岐股份有限公司,"Taiqi CO., LTD.",新北市新莊區中平路429號28樓,李O叡,,,2026/02/09,2026/05/09,Y,Y
60377671,十分安全科技有限公司,"SAFE TEN TECHNOLOGY CO,LTD",新北市土城區延平街42號(1樓),駱O春,02-25501880,,2026/02/09,2026/02/09,Y,Y
60378480,茂開來財有限公司,CPBEAR MARKETING LTD.,新北市林口區民富街99號2樓之1,沈O乙,,,2026/02/09,2026/02/09,Y,Y
60600600,馬來西亞商和資旺果品有限公司台灣分公司,HEXAMAX FRUITS SDN. BHD. TAIWAN BRANCH(MALAYSIA),新北市土城區中央路一段118巷1弄18號4樓,蔡O芳TSAIPEIFANG,,,2026/02/09,2026/02/09,Y,Y
60674383,和躍生醫有限公司,LEAP BIOMEDICAL LIMITED COMPANY,新北市板橋區文化路2段285號21樓,李O岳,0979-800954,,2026/02/09,2026/02/09,Y,Y
96836204,沐恆室內裝修設計有限公司,"mining interior design CO., LTD.",新北市三重區永福街149號(1樓),林O澂,02-22876152,,2026/02/09,2026/02/09,Y,Y
60528431,鼎洰能源科技有限公司,"Ding Ju Energy Technology CO., LTD.",新北市板橋區長安街138巷1弄81號5樓,邱O謙,,,2026/02/07,2026/02/07,Y,Y
21712808,財團法人新北市基督教更新傳道會附設更新書房,Christian Renewal Ministries,新北市樹林區三興里工興街14巷5號2樓,杜O華,0902275033,,2026/02/06,2026/02/06,Y,Y
27421877,鼎鑫科技工業股份有限公司,"DING HSING TECHNOLOGY INDUSTRIAL CO., LTD.",新北市樹林區三俊街194號,張O忠,0226922589,,2026/02/06,2026/02/06,Y,Y
60379381,林美室內裝修有限公司,"LIN MEI Interior Decoration Co., Ltd.",新北市三重區重新路2段21號11樓,林O智,0935569708,,2026/02/06,2026/02/06,Y,Y
90357085,士宸實業有限公司,"SHIH CHEN PACKAGING & PRINTING CO., LTD.",新北市板橋區中正路41號3樓,張O瑋,02-89697168,02-29670485,2026/02/06,2026/02/06,Y,Y
97342257,泰祐實業有限公司,"TYEO ADVERTISING CO., LTD.",新北市樹林區三俊街65巷40弄12號,毛O平,02-86881299,02-86881366,2026/02/06,2026/02/06,Y,Y
60378019,台門實業有限公司,"Taiman Industrial Co., Ltd.",新北市新莊區幸福東路137號,王O容,,,2026/02/05,2026/09/22,Y,Y
60377341,羽林軍娛樂股份有限公司,"PiliWingsEntertainment CO., LTD.",新北市蘆洲區集賢路222之5號3樓,,02-82280081,,2026/02/05,2026/09/11,Y,Y
27312569,耀山興業有限公司,"Yaoshan Industrial CO., LTD.",新北市汐止區汐萬路2段228巷18弄24號5樓,蘇O榮,,,2026/02/05,2026/02/05,Y,Y
28162482,大業印刷事業有限公司,"Daye Printing CO., LTD.",新北市中和區中正路542號(1樓),林O發,02-82287676,,2026/02/05,2026/02/05,Y,Y
28539543,震穎實業有限公司,guanron LTD.,新北市板橋區篤行路2段151巷2號,郭O美,02-26875576,02-86873667,2026/02/05,2026/02/05,Y,Y
60371070,艾克斯瑞科技有限公司,X-Ray Technology Company Limited,新北市八里區商港二路17之1號3樓,陳O玲,,,2026/02/05,2026/02/05,Y,Y
60371297,築良工程有限公司,"ZhuLiang Engineering Co., Ltd.",新北市永和區環河西路1段95巷8號,賴O儒,,,2026/02/05,2026/02/05,Y,Y
60371418,禾釉科技有限公司,"HoyoCera Technology CO., LTD.",新北市三重區中正北路15號5樓,葉O華,,,2026/02/05,2026/02/05,Y,Y
60684170,榆與悅有限公司,"ELM & JOY CO., LTD.",新北市新店區安興路125之10號,岳O娟,,,2026/02/05,2026/02/05,Y,Y
61233575,力得工作室,Leader Workshop,新北市板橋區文化路1段188巷39之2號13樓,李O萍,,,2026/02/05,2026/02/05,Y,Y
61237523,昱芯國際實業社,Yuxin International Company,新北市中和區建八路16號18樓之2,張O婷,,,2026/02/05,2026/02/05,Y,Y
83629843,金山工程有限公司,"Jinshan Engineering CO., LTD.",新北市新店區明德路69巷22號,周O林,02-29160729,,2026/02/05,2026/02/05,Y,Y
91751917,老翔真商行,LAU SHIANG JEN SHOP,新北市三峽區大德路127號3樓之1,顏O霖,0958283781,,2026/02/05,2026/02/05,Y,Y
60301379,勝捷股份有限公司,Sun Jet Company Limited,新北市深坑區北深路3段137號(1樓),徐O妶,,,2026/02/04,2026/08/20,Y,Y
60371450,大非洲國際貿易有限公司,BIG AFRICA INTERNATIONAL LTD.,新北市板橋區萬板路170號2樓,吳O嘉,,,2026/02/04,2026/07/15,Y,Y
94203984,好書多教育科技有限公司,DoSue EduTech CORP.,新北市中和區景平路308號2樓之1,陶O中,0920012588,,2026/02/04,2026/03/21,Y,Y
90442219,純良社書店有限公司,purebookstw LTD.,新北市新店區中興路1段166號6樓,陳O豪,0939039546,,2026/02/04,2026/02/05,Y,Y
54699236,鴻奇文化事業有限公司,"HONGQI CULTURE CO., LTD.",新北市新店區玫瑰路47巷3號8樓,梁O得,02-22101197,,2026/02/04,2026/02/04,Y,Y
54700183,翔安小客車租賃有限公司,"XIANGAN PASSENGER CAR RENTAL CO., LTD.",新北市板橋區藝文街177號11樓,黃O忠,02-22029500,,2026/02/04,2026/02/04,Y,Y
60370924,協泰智能股份有限公司,Synctec Automation Inc.,新北市五股區五工六路18號(2樓),李O滿,,,2026/02/04,2026/02/04,Y,Y
60378046,八月企業有限公司,"AUGUST CO., LTD.",新北市汐止區新台五路1段75號18樓之7,江O安,,,2026/02/04,2026/02/04,Y,Y
60394524,富晶實業股份有限公司,PyroCrystal solutions LTD.,新北市土城區金城路1段28號8樓,陳O嘉,02-25172897,,2026/02/04,2026/02/04,Y,Y
60395072,昇翌電子有限公司,Shengyi Technology LTD.,新北市汐止區福德二路215號4樓之1,李O凱,,,2026/02/04,2026/02/04,Y,Y
61236496,依綵姿商行,YI.CI Studio,新北市蘆洲區永平街32巷11弄36號2樓,吳O慈,0933765577,,2026/02/04,2026/02/04,Y,Y
61236778,價擊者科技企業社,Price breaker Pro Company,新北市板橋區四川路1段143號10樓,何O傑,0981092688,,2026/02/04,2026/02/04,Y,Y
93572340,兆禧股份有限公司,Zhaoxi Company Limited,新北市汐止區新台五路2段210號12樓,朱O華,0931338898,,2026/02/04,2026/02/04,Y,Y
95448655,合品租賃有限公司,"Hopping Car Rental CO., LTD.",新北市三重區中央南路95巷3號(1樓),邱O清,,,2026/02/04,2026/02/04,Y,Y
96775614,盛世安全顧問有限公司,"Shengshi Security Consulting CO., LTD.",新北市新莊區福壽街56巷2號(1樓),謝O龍,,,2026/02/04,2026/02/04,Y,Y
97005620,野荷塘室內裝修企業有限公司,"Wild Lotus Interior Design CO., LTD.",新北市土城區延和路250巷1號,徐O光,,,2026/02/04,2026/02/04,Y,Y
60370564,泉盛資訊顧問有限公司,"QuanSheng Information Consulting CO., LTD.",新北市泰山區新北大道5段121號6樓,朱O川,,,2026/02/03,2026/04/09,Y,Y
60379045,八八八卡牌有限公司,"888 Card Market CO., LTD.",新北市板橋區北門街18號(1樓),周O輝,,,2026/02/03,2026/03/21,Y,Y
24275921,永騰行銷有限公司,"EverRise Global Trading CO., LTD.",新北市新莊區中平路292巷1弄7號2樓,賴O于,02-29988278,,2026/02/03,2026/02/03,Y,Y
54292320,邑富室內裝修設計工程有限公司,ifdesign Limited,新北市新莊區五權一路12巷25弄14號,楊O龍,02-2810-1518,,2026/02/03,2026/02/03,Y,Y
60370902,埃迪亞資訊股份有限公司,"Aditya Infotech Taiwan Co., Ltd.",新北市板橋區遠東路1號3樓,SOarmaMonika,,,2026/02/03,2026/02/03,Y,Y
60378088,一零三三網路資訊有限公司,1033 Network Information LTD.,新北市林口區忠孝路308巷23號13樓,劉O倫,0910929712,,2026/02/03,2026/02/03,Y,Y
60378502,上采元素碳有限公司,GLORY ELEMENT CARBON COMPANY LTD.,新北市汐止區湖前街110巷97弄24號地下一層之4,連O泰,0939711000,,2026/02/03,2026/02/03,Y,Y
60395100,瑞卡達國際貿易有限公司,Regatta International INCORPORATION,新北市三重區福和街17號,吳O芳,02-89722003,,2026/02/03,2026/02/03,Y,Y
61236572,尾巴日和商行,Tail Biyori Hang,新北市金山區中華路366號之1   7樓,簡O瑋,,,2026/02/03,2026/02/03,Y,Y
61237208,倪好影音商行,NIHAO MEDIA Company,新北市新莊區瓊泰路15號(2樓),謝O安,0286725142,,2026/02/02,2026/09/08,Y,Y
60378186,能量企業有限公司,"Energy Enterprises CO., LTD.",新北市淡水區新民街222巷21號7樓,劉O瑾,,,2026/02/02,2026/08/25,Y,Y
60367792,星茂科技材料有限公司,"Starry Advanced Materials CO., LTD.",新北市汐止區康寧街169巷8之10號5樓,劉O財,,,2026/02/02,2026/07/24,Y,Y
60388451,木子艾野有限公司,"Arbormooz CO., LTD.",新北市新店區央北二路108號6樓,李O岑,,,2026/02/02,2026/02/06,Y,Y
24734094,圓寵有限公司,CirclePet LTD.,新北市五股區中興路1段137號2樓,王O維,02-29815584,,2026/02/02,2026/02/02,Y,Y
54041984,墨方斯同股份有限公司,"MoreFunSTone Design & Solutions CO., LTD.",新北市中和區景平路431巷19號4樓之1,張O娟,,,2026/02/02,2026/02/02,Y,Y
60083232,三七九打抗工作室,Hui379 Studio,新北市中和區圓通路367巷18號2樓,袁O輝,0985777309,,2026/02/02,2026/02/02,Y,Y
60370614,六星科技有限公司,"Six Star Technology CO., LTD.",新北市林口區文化二路1段266號10樓之5,吳O英,,,2026/02/02,2026/02/02,Y,Y
60376841,曼曼生活有限公司,"MONMON LIFE CO., LTD.",新北市板橋區三民路2段33號14樓,洪O足,02-66095288,,2026/02/02,2026/02/02,Y,Y
60378192,放空間室內裝修設計有限公司,"Fang Space Interior Design Co., Ltd",新北市板橋區南雅西路2段123巷16號,林O璇,,,2026/02/02,2026/02/02,Y,Y
60394279,原始應用技術中心有限公司,RAW Origin ltd,新北市三峽區民生街106之2號3樓,胡O尹,02-26730300,,2026/02/02,2026/02/02,Y,Y
60395431,羋亞可企業有限公司,"Mi Yako Enterprise CO., LTD.",新北市新莊區復興路3段41號,羅O成,,,2026/02/02,2026/02/02,Y,Y
60580647,凱聖昕有限公司,Ksicxin Co.,新北市鶯歌區中山路329巷16弄2號(2樓),王O凱,02-26774434,02-26794431,2026/02/02,2026/02/02,Y,Y
61227095,聚匯卓越企業社,JUHUI CLOTHING Company,新北市三重區秀江街45號5樓,王O,02-22891817,,2026/02/02,2026/02/02,Y,Y
90776117,東申空調工程股份有限公司,"DONG SHEN AIR CONDICTIONING ENGINEERING CO., LTD.",新北市永和區民權路53號9樓,周O浩,0229279779,,2026/02/02,2026/02/02,Y,Y
93948156,旭昇五金有限公司,Xu-Sheng Hardware LTD.,新北市板橋區瑞安街1號4樓,邱O勛,0921623793,,2026/02/02,2026/02/02,Y,Y
60378398,達途生物科技有限公司,Doctor's Tool BioSci&Tech LTD.,新北市汐止區大同路一段126號10樓,游O遠,,,2026/01/30,2026/06/26,Y,Y
83108549,伊頡企業有限公司,"FOX-EJ CO., LTD.",新北市汐止區大同路1段237號8樓之5,蔡O,,,2026/01/30,2026/06/23,Y,Y
24612509,國瀅工程企業有限公司,KUO YING Engineering CORP. LTD.,新北市新店區永平街16巷8號(1樓),古O豪,,,2026/01/30,2026/01/30,Y,Y
54287184,瑞豐生活科技股份有限公司,"Bereket Herbal Living CO., LTD.",新北市新店區北新路1段89號4樓之1,林O暉,02-89112588,,2026/01/30,2026/01/30,Y,Y
60650426,伊朵設計有限公司,I Do Style LTD.,新北市三重區三和路4段103號9樓,楊O,02-23910200#31,,2026/01/30,2026/01/30,Y,Y
60697040,綠創永續投資開發顧問股份有限公司,NOVATERRA SUSTAINABLE INVESTMENT DEVELOPING & CONSULTING LTD.,新北市汐止區新台五路1段93號21樓之6,李O雄,02 26972786,,2026/01/30,2026/01/30,Y,Y
90229836,致承精密工業有限公司,"ZHICHENG PRECISION INDUSTRY CO., LTD.",新北市新莊區新樹路497巷13弄20號(1樓),李O誠,02-22049136,02-22049137,2026/01/30,2026/01/30,Y,Y
60378138,禾盈商貿有限公司,"Heying Trading CO., LTD.",新北市淡水區淡金路二段371號14樓,馮O瑜,0921-818855,,2026/01/29,2026/02/03,Y,Y
46630001,建穎創新材料有限公司,"Jian Ying Creative Material CO., LTD.",新北市三重區環河北路3段528號2樓,陳O廷,02-28579280,,2026/01/29,2026/01/29,Y,Y
60378355,同泰實業有限公司,"VANTAGE INDUSTRIAL CO., LTD.",新北市中和區圓通路417之29號3樓,李O馨,0907319398,,2026/01/29,2026/01/29,Y,Y
60500047,好事可可有限公司,Good Cacao Limited Company,新北市新店區安興路77號,白O豪,0286661811#18,,2026/01/29,2026/01/29,Y,Y
60636950,聯寬科技股份有限公司,YottaWave Technology INC.,新北市新店區寶中路94號10樓之1,洪O義,02-55995599#5846,02-66289666,2026/01/29,2026/01/29,Y,Y
61237191,層欣商行,ACTIVIST CO.,新北市中和區中山路2段332巷13號12樓,顏O儀,,,2026/01/29,2026/01/29,Y,Y
90708076,廣生食品有限公司,"Kuang Sheng Foods CO., LTD.",新北市土城區亞洲路32巷9號、11號,郭O瑋,02-22687533,,2026/01/29,2026/01/29,Y,Y
60467201,千詡有限公司,KYL Family LTD.,新北市板橋區文化路2段285號21樓,黃O君,0922930059,,2026/01/28,2026/07/31,Y,Y
90013821,愛講話股份有限公司,"AIJANGHUA WORLDWIDE CO., LTD",新北市中和區興南路2段142巷31弄34號（1樓）,邱O昆,,,2026/01/28,2026/02/09,Y,Y
50854875,鉅烽石材有限公司,"JU FENG STONE CO., LTD.",新北市八里區中華路2段280號5樓,李O民,,,2026/01/28,2026/01/28,Y,Y
60377686,辰星電商有限公司,"Mercury E-com Co., Ltd.",新北市五股區成泰路3段328之1號(1樓),鄭O綸,,,2026/01/28,2026/01/28,Y,Y
60379523,心雨有限公司,"GREEKY YOGURT CO., LTD.",新北市新莊區思源路192巷52號,林O語,,,2026/01/28,2026/01/28,Y,Y
60388017,韋安貿易有限公司,"Well On International Trading CO., LTD.",新北市三重區中正北路165巷12之1號,徐O晉,02-89828161,,2026/01/28,2026/01/28,Y,Y
60388430,天目科技股份有限公司,TMVC Company Limited,新北市中和區板南路671號8樓,成O宏,0958629144,,2026/01/28,2026/01/28,Y,Y
60393834,誠晰顧問有限公司,Free Inflow Detect Limited Company,新北市新店區北新路一段12號16樓,黃O英,02-86675150,,2026/01/28,2026/01/28,Y,Y
60394566,程曜有限公司,"LUMIXER LIGHTING CO., LTD.",新北市中和區景平路666號3樓,張O,,,2026/01/28,2026/01/28,Y,Y
60459455,暘茂股份有限公司,Solaris Healthcare Co. Ltd.,新北市中和區中和路59號3樓之2,陳O文,,,2026/01/28,2026/01/28,Y,Y
60473999,銀河閃耀實業有限公司,"Galaxory CO., LTD.",新北市汐止區東勢街216巷22弄6之1號16樓,李O黛,0953422228,,2026/01/28,2026/01/28,Y,Y
60506725,茉莉首爾有限公司,"MULLY SEOUL CO., LTD.",新北市中和區中山路2段146號地下一層,苑O有限公司,,,2026/01/28,2026/01/28,Y,Y
66805838,復裕國際有限公司,"FUYU CO,LTD",新北市土城區南天母路20之1號7樓,林O文,02-66175999,,2026/01/28,2026/01/28,Y,Y
70525773,明耀水電材料有限公司,"MING YAO CO., LTD.",新北市土城區金城路3段81號1樓,許O卿,02-22748890,02-22748892,2026/01/28,2026/01/28,Y,Y
82974374,思格科技檢測有限公司,"Scrupulous Quality Testing CO., LTD.",新北市板橋區四川路一段23號11樓之1,歐O美,,,2026/01/28,2026/01/28,Y,Y
92555717,生活學苑企業社,Lifestyle Academy Studio,新北市板橋區四川路1段363號(1樓),蔡O庭,0900221865,,2026/01/28,2026/01/28,Y,Y
93684957,天貴有限公司,"TIAN GUI CO., LTD.",新北市三重區中興北街188巷3號(1樓),簡O同,,,2026/01/28,2026/01/28,Y,Y
96621153,杰韻國際有限公司,"Karasonic International CO., LTD.",新北市三重區重新路5段609巷8號7樓之5,陶O,02-29990938,,2026/01/28,2026/01/28,Y,Y
60354656,睿索科技有限公司,"Reso Technology CO., LTD.",新北市新店區北宜路2段28號(1樓),陳O杰,,,2026/01/27,2026/08/27,Y,Y
60366718,長河前瞻生醫股份有限公司,"River Young Biocell CO., LTD.",新北市汐止區新台五路1段93號10樓之8,王O雅,,,2026/01/27,2026/08/12,Y,Y
60366436,東盛企業有限公司,"The One Chemical International CO., LTD.",新北市板橋區四川路1段131號2樓,李O梅,,,2026/01/27,2026/04/01,Y,Y
50754714,幣盛數位企業有限公司,"Beisheng AI Technologies CO., LTD.",新北市中和區中正路509號（1樓）,高O偉,,,2026/01/27,2026/03/10,Y,Y
93711363,紅磚影像製作有限公司,Bricks Production Limited Company,新北市新店區北新路1段271巷45號,張O欣,,,2026/01/27,2026/03/05,Y,Y
00194945,斑點設計有限公司,"BANDIAN LIVING CO., LTD.",新北市汐止區新台五路1段93號21樓之6,鄒O芸,02-27943585,,2026/01/27,2026/01/27,Y,Y
53208654,世寰環保有限公司,SHI FAN eco LTD.,新北市汐止區龍安路36號2樓之4,湯O宇,02-86981224,,2026/01/27,2026/01/27,Y,Y
53224140,信鈦科技有限公司,"XINTAI TECH CO., LTD.",新北市中和區中和路378巷14弄3號(1樓),趙O玲,,,2026/01/27,2026/01/27,Y,Y
60042471,森語文創工作室,Sen Yu Creative Studio,新北市中和區景新街338號12樓,黃O婷,0906343924,,2026/01/27,2026/01/27,Y,Y
60364205,香港商添能科技有限公司台灣分公司,COC TECHNOLOGY Company Limited Taiwan Branch(HONG KONG),新北市中和區建八路2號13樓之8,陳O宏CHENJUINHUNG,,,2026/01/27,2026/01/27,Y,Y
60395755,雅擇生技股份有限公司,"Ezer Kenegdo Biosolutions Co., Ltd.",新北市汐止區新台五路1段95號22樓之12,廖O呈,0922-070818,,2026/01/27,2026/01/27,Y,Y
60779773,宇都國際有限公司,"Yudo International CO., LTD.",新北市中和區中山路2段332巷3號6樓,梁O豪,,,2026/01/27,2026/01/27,Y,Y
61233239,翰宸國際商行,Hanchen International Trading Co.,新北市新店區民權路153號4樓,謝O翰,,,2026/01/27,2026/01/27,Y,Y
65532070,俊曜工程有限公司,"JunYao Engineering CO., LTD.",新北市五股區中興路3段45巷5-8號,蔡O坤,,,2026/01/27,2026/01/27,Y,Y
80026908,乖乖富企業社,Good Boy Rich Company,新北市板橋區中山路1段10號9樓,潘O詠,,,2026/01/27,2026/01/27,Y,Y
90583300,萬益工程有限公司,"Wanyi Engineering CO., LTD.",新北市汐止區長江街99之3號,周O欣,,,2026/01/27,2026/01/27,Y,Y
91735353,沙沙福音企業社,Sasa Gospel Company,新北市板橋區文化路2段285號21樓,劉O帆,,,2026/01/27,2026/01/27,Y,Y
42697629,國寶資產企業有限公司,"Guobao Assets Management CO., LTD.",新北市土城區清水路55號,沈O堡,,,2026/01/26,2026/02/26,Y,Y
53925240,蒙太奇國際創意媒體有限公司,"Montage International Creative Media CO., LTD.",新北市五股區御史路45巷10號(2樓),藍O瑾,,,2026/01/26,2026/02/02,Y,Y
60395501,嘉琳整合行銷有限公司,"JL integrated event Co., Ltd.",新北市中和區中正路880號16樓之2,高O琳,,,2026/01/26,2026/01/28,Y,Y
60354115,澤廣泰科技有限公司,"ZEGOTA Technology CO., LTD.",新北市中和區中正路716號10樓之1,張O昭,02-75516190,02-82273805,2026/01/26,2026/01/26,Y,Y
60393927,崇匯有限公司,Symphonyway Limited,新北市新店區安民街148巷6號,周O宇,0900626915,,2026/01/26,2026/01/26,Y,Y
60394910,本氣大志股份有限公司,"Honki Taishi Co., Ltd.",新北市三重區溪尾街51之1號(2樓),李O洲,02-89882988,,2026/01/26,2026/01/26,Y,Y
60394947,煜澤國際有限公司,"Vu Essence Co., Ltd.",新北市林口區麗園二街12巷1號5樓之1,李O玲,,,2026/01/26,2026/01/26,Y,Y
60395381,宣力竣有限公司,"Kingledge Co., Ltd.",新北市林口區文化三路2段211巷71號10樓,柯O升,,,2026/01/26,2026/01/26,Y,Y
60395565,三兄弟麝香貓咖啡有限公司,Three Brothers Kopi Luwak Limited,新北市新莊區化成路205號之39(1樓),施O銘,,,2026/01/26,2026/01/26,Y,Y
93671518,正茂資本有限公司,HUNTER CAPITAL LIMITED,新北市板橋區文化路1段329號4樓,蕭O文,,,2026/01/23,2026/07/01,Y,Y
60394101,拓維雲智資訊有限公司,"SaaSPodium Information CO., LTD.",新北市新店區德正街17巷2號2樓,葉O良,02-27960787,,2026/01/23,2026/01/28,Y,Y
60474081,葒莉有限公司,"HONGLI-TEK CO., LTD.",新北市汐止區仁愛路95號,謝O雅,,,2026/01/23,2026/01/26,Y,Y
60038429,百上品商行,BestUp Tranding Co.,新北市新莊區昌平街59巷2號8樓,楊O全,0958278363,,2026/01/23,2026/01/23,Y,Y
60353734,淮智顧問有限公司,"Ethos Marine Consulting Co., Ltd.",新北市中和區連城路99巷7號2樓,LOIJIONWENERVIN,,,2026/01/23,2026/01/23,Y,Y
60387875,翔睿科技有限公司,"ARCTEK CO., LTD.",新北市板橋區中山路1段10號9樓,范O瑜,,,2026/01/23,2026/01/23,Y,Y
60395087,新元智有限公司,"XYZ CO., LTD.",新北市新莊區天祥街47巷21號,林O元,02-22581967,,2026/01/23,2026/01/23,Y,Y
60395170,芯耀半導體技術有限公司,"Chipbright Semiconductor Technology CO., LTD.",新北市板橋區中正路147號,黃O崑,0,,2026/01/23,2026/01/23,Y,Y
60395312,格瑞資本有限公司,"Gram Capital CO., LTD.",新北市蘆洲區民權路68巷2號2樓,李O航,02-22836548,,2026/01/23,2026/01/23,Y,Y
60395474,台灣因特美莫有限公司,"Intimimo ( Taiwan ) CO., LTD.",新北市蘆洲區長安街79號2樓,葉O辰,,,2026/01/23,2026/01/23,Y,Y
60417821,愷樂生醫有限公司,"Cash Biomedical CO., LTD.",新北市中和區景平路268號8樓之5,游O愷,0963339098,,2026/01/23,2026/01/23,Y,Y
60527664,慧影科技股份有限公司,Aivid Technologies Inc.,新北市汐止區新台五路1段100號12樓,陳O章,,,2026/01/23,2026/01/23,Y,Y
60548669,艾科達有限公司,"Aikeda CO., LTD.",新北市汐止區新台五路1段95號22樓之12,方O娟,,,2026/01/23,2026/01/23,Y,Y
82806996,雅元實業股份有限公司,"ALPHA ONE CO., LTD.",新北市林口區文化北路1段255號,謝O柏,02-26023629,02-26022139,2026/01/23,2026/01/23,Y,Y
83530096,元辰開發服務有限公司,"Yuanchen Development Service CO., LTD.",新北市新店區如意街8號地下一層之15,林O淳,0966803868,,2026/01/23,2026/01/23,Y,Y
89994831,全員有限公司,All Employees Limited Company,新北市三峽區民生街1巷1之29號,張O皇,02-22995221,,2026/01/23,2026/01/23,Y,Y
90228750,衡興室內裝修有限公司,Heng Xing Interior Decoration LTD.,新北市板橋區縣民大道三段33巷6弄5號,柯O騰,,,2026/01/23,2026/01/23,Y,Y
60353468,啟蒙科技有限公司,Enlightenment intelligence Ltd.,新北市三重區中正北路145巷6弄19號5樓,唐O萱,,,2026/01/22,2026/03/16,Y,Y
93637414,銘峰資本股份有限公司,"Ming Feng catering CO., LTD.",新北市板橋區福德街41號(1樓),謝O文,,,2026/01/22,2026/03/12,Y,Y
00158547,德珞斯國際有限公司,Delux International LTD.,新北市板橋區華江一路111號15樓,陳O凡,02-22520700,,2026/01/22,2026/01/22,Y,Y
25011996,富昱聯合工商有限公司,"Fuyu CO., LTD.",新北市新莊區景德路409之2號6樓,劉O琪,,,2026/01/22,2026/01/22,Y,Y
50850596,居樂房屋仲介有限公司,"JULE CO., LTD.",新北市三重區三和路4段152號,呂O,02-22288822,,2026/01/22,2026/01/22,Y,Y
60395164,盛世興投資有限公司,"EraRise Capital CO., LTD.",新北市汐止區康寧街159號3樓,湛OO,02-87925096,,2026/01/22,2026/01/22,Y,Y
60395185,立洋工程實業有限公司,"Lian Yang Engineering CO., LTD.",新北市中和區忠孝街26巷16號,廖O陵,0930868596,,2026/01/22,2026/01/22,Y,Y
60750179,天天有食有限公司,Daily Pet Life Ltd.,新北市樹林區學成路528之3號4樓,何O慧,,,2026/01/22,2026/01/22,Y,Y
60779577,元豪精密工業有限公司,"YUAN HAO PRECISION CO., LTD.",新北市泰山區仁義路209號5樓,簡O賢,0913128249,,2026/01/22,2026/01/22,Y,Y
66542723,藝眾活動整合行銷有限公司,"E.J Integrated Marketin CO., LTD.",新北市石門區五爪崙8號之3,李O豐,02-28059338,,2026/01/22,2026/01/22,Y,Y
94105962,樂極限商業有限公司,"Le Extreme Business Co., Ltd.",新北市八里區龍米路2段29號12樓,林O玹,,,2026/01/22,2026/01/22,Y,Y
60061743,萊洛生活百貨鋪,Lailuo Department Company,新北市板橋區合宜路15號16樓之3,董O民,0921199033,,2026/01/21,2026/01/21,Y,Y
60379002,奕宇設計有限公司,"YI YU INTERNATIONAL DESIGN CO., LTD.",新北市板橋區中山路2段255巷9號,林O宇,02-29551640,,2026/01/21,2026/01/21,Y,Y
60379571,遠和管理顧問有限公司,AlignPath Consulting LTD.,新北市新店區中央四街1號6樓,蔡O遠,,,2026/01/21,2026/01/21,Y,Y
60394209,熾合有限公司,"Ignis CO., LTD.",新北市淡水區沙崙路2段807號13樓,楊O宇,,,2026/01/21,2026/01/21,Y,Y
60394897,圓芯電子有限公司,"RIDEX Electronics CO., LTD.",新北市中和區景新街221之1號2樓,王O惠,,,2026/01/21,2026/01/21,Y,Y
60707201,弘牧科技有限公司,HoMu Tech Corporation,新北市板橋區仁化街48號4樓,崔O賢,,,2026/01/21,2026/01/21,Y,Y
61234841,辰太企業社,CHEN TAI Co.,新北市土城區延吉街56巷2弄1號4樓,許O平,,,2026/01/21,2026/01/21,N,N
80020572,亞米帕工作室,Tayhamigo Co.,新北市中和區中正路918號3樓,吳O葦,0954030535,,2026/01/21,2026/01/21,Y,Y
82605463,溫居生活工作室,WEN-G LIFE WORKSHOP,新北市新店區中央路179號,卓O翔,0966729736,,2026/01/21,2026/01/21,Y,Y
82891965,維城工程有限公司,"WEI CITY ENGINEERING CO., LTD.",新北市土城區中央路2段191號15樓之1,張O維,,,2026/01/21,2026/01/21,Y,Y
89126798,宏馳國際有限公司,HONG CHIH HARBOUR SERVICE LTD.,新北市板橋區僑中一街124巷18弄34號2樓,陳O儀,04-26356077,,2026/01/21,2026/01/21,Y,Y
23366085,全益紙品有限公司,"Quan Yi Paper Products CO., LTD.",新北市泰山區泰林路二段一六四巷一六號一樓,戴O貴女,02-26022697,,2026/01/20,2026/01/20,Y,Y
42728502,達宏實業有限公司,"Dahong Enterprise CO., LTD.",新北市三重區光復路1段88之1號4樓,張O瀚,,,2026/01/20,2026/01/20,Y,Y
60393877,著衣好印文創整合有限公司,"JOY PRINT CULTURAL INTEGRATION CO., LTD.",新北市永和區得和路54號,楊O宏,0988335684,,2026/01/20,2026/01/20,Y,Y
60394572,大函貿易有限公司,"Daikan Trading Co.,Ltd.",新北市新莊區化成路348號(1樓),林O恒,02-29902102,,2026/01/20,2026/01/20,Y,Y
60518089,電筒王有限公司,"Wii CO., LTD.",新北市新莊區新知三路61號3樓,黃O璧,0925335520,,2026/01/20,2026/01/20,Y,Y
60671442,無名工程有限公司,"Wuming Engineering CO., LTD.",新北市蘆洲區中山一路161號3樓,吳O哲,,,2026/01/20,2026/01/20,Y,Y
61226053,貝拉拉金屬線材料小舖,Belala Studio,新北市永和區中正路455號6樓之5,李O岑,0939647735,,2026/01/20,2026/01/20,Y,Y
61233836,日敘商行,Ri Xu Trading Co.,新北市樹林區大安路546號4樓,李O,0976552699,,2026/01/20,2026/01/20,Y,Y
61234574,核準貴金屬檢測工作室,Core-Verify Lab,新北市蘆洲區永安北路2段76巷10弄2號5樓,吳O勻,,,2026/01/20,2026/01/20,Y,Y
64902700,量勝環保科技有限公司,"Lian San Environmental Technology CO., LTD.",新北市新莊區五權一路1號8樓之1,譚O惠,02-29818833,02-29848833,2026/01/20,2026/01/20,Y,Y
94055724,高途教育科技股份有限公司,"GAOTU EDUCATION TECHNOLOGY CO., LTD.",新北市新店區中華路70巷8號4樓,劉O廷,0933909001,,2026/01/20,2026/01/20,Y,Y
60715531,台灣無道袍柔術有限公司,Taiwan NoGi Jiu Jitsu Academy INC.,新北市中和區建八路217號11樓,,,,2026/01/19,2026/02/11,N,N
00195846,璟垣生物醫學股份有限公司,"Ching Yuan Biomedical CO., LTD.",新北市三重區光復路1段85號9樓,曾O慈,02-22953995,,2026/01/19,2026/01/19,Y,Y
53210357,裕傢室內裝修有限公司,"Yujia Interior Decoration CO., LTD.",新北市新莊區五工三路62巷28號,盧O瑋,,,2026/01/19,2026/01/19,Y,Y
54876915,精立企業有限公司,"Jingli Enterprise CO., LTD.",新北市蘆洲區成功路87巷8號（1樓）,張O鴻,,,2026/01/19,2026/01/19,Y,Y
60376758,永岳企業有限公司,"Everpeak Co., Ltd.",新北市深坑區北深路3段155巷19號5樓,何O衡,,,2026/01/19,2026/01/19,Y,Y
60378947,鎧馳國際貿易有限公司,"Obiagwu FlowX International Trading CO., LTD.",新北市林口區中山路248號3樓之1,竇OO,,,2026/01/19,2026/01/19,Y,Y
60379122,曦璐國際有限公司,"CIELUX INTERNATIONAL CO., LTD.",新北市中和區中山路3段136巷49號10樓,鍾O婕,,,2026/01/19,2026/01/19,Y,Y
60379208,塔朵芙有限公司,"Tartufo CO., LTD.",新北市中和區秀朗路三段177號7樓之3,劉O苓,,,2026/01/19,2026/01/19,Y,Y
60379489,小刺魏有限公司,"Little Stitch Wei Co., Ltd.",新北市新店區安德街60巷5之3號2樓,魏O嫻,,,2026/01/19,2026/01/19,Y,Y
60387988,邊境國際有限公司,"infinita int. Co., LTD.",新北市五股區中興路1段21號,葉O芳,02-29031122,,2026/01/19,2026/01/19,Y,Y
60393911,幸福力有限公司,"Happiness Power CO., LTD.",新北市樹林區文化街47號(1樓),晉O韻,,,2026/01/19,2026/01/19,Y,Y
60404591,佳隼有限公司,"Chia Zhun CO., LTD.",新北市樹林區千歲街76號,黃O中,0933069041,,2026/01/19,2026/01/19,Y,Y
60417499,樂安創意有限公司,Love Ambition Crative Design Company,新北市板橋區中山路1段10號11樓,羅O珊,,,2026/01/19,2026/01/19,Y,Y
60729850,鎂洲科技有限公司,"Mezo-Tech CO., LTD.",新北市蘆洲區永安北路2段62巷1號,羅O華,02-82815028,,2026/01/19,2026/01/19,Y,Y
84097443,凱盛建材企業有限公司,"Kai Sheng Building Materials CO., LTD.",新北市林口區林口路196巷18號,曾O凱,,,2026/01/19,2026/01/19,Y,Y
90464851,成宜國際股份有限公司,"CHENGYI INTERNATIONAL CO., LTD.",新北市板橋區民生路1段46號,陳O昌,0911272713,,2026/01/19,2026/01/19,Y,Y
93041929,山腳日式小鋪,Fumoto Trade House,新北市三重區溪尾街358、360號,邱O恩,0976315061,,2026/01/19,2026/01/19,Y,Y
93732873,玖零創意有限公司,"90 Design CO., LTD.",新北市林口區南勢街151號5樓,曾O軒,,,2026/01/19,2026/01/19,Y,Y
85338659,潔柔開發企業社,JieRou Co.,新北市板橋區四川路2段237號7樓之1,朱O麟,,,2026/01/16,2026/06/17,Y,Y
60376949,北苑藏品有限公司,BYAN Collectibles Ltd.,新北市中和區中山路2段296號7樓之5,簡O熾,0287511996,,2026/01/16,2026/01/20,Y,Y
55871135,安寶角鋼有限公司,AMBO IRON LTD.,新北市林口區三民路182號11樓之1,凌O,0982099361,,2026/01/16,2026/01/16,Y,Y
60354678,光視之間影像製作股份有限公司,"EYE WITNESS STUDIOS Co., Ltd.",新北市新店區安興路21之1號16樓,黃O英,,,2026/01/16,2026/01/16,Y,Y
60376960,尼渥馥御國際有限公司,"Nivor Fuyu International CO., LTD.",新北市永和區民權路53號8樓,鄭O昀,,,2026/01/16,2026/01/16,Y,Y
60378643,雅仕納國際有限公司,"YOSHINA INTERNATIONAL CO.,LTD",新北市汐止區連峰街1巷8號2樓,于O中,02-26423366,,2026/01/16,2026/01/16,Y,Y
60379452,依璐絲有限公司,"Elux Jewelry CO., LTD.",新北市板橋區縣民大道3段132號,彭O禎,,,2026/01/16,2026/01/16,Y,Y
60379636,海釣族國際貿易有限公司,"Hai Diao Zu International Trading CO., LTD.",新北市板橋區莊敬路125巷3弄1號,蔡O林,02-22509999,,2026/01/16,2026/01/16,Y,Y
60393784,咪得好聽有限公司,"MiMixGood Audio Production CO., LTD.",新北市板橋區民生路1段33號5樓之6,林O倫,0920508966,,2026/01/16,2026/01/16,Y,Y
60473674,瑞塔米顧問有限公司,Ritamy Consulting Corporation,新北市淡水區新市五路3段252號20樓,黃O鈞,0910043377,,2026/01/16,2026/01/16,Y,Y
60507359,儷綺科技有限公司,"Lichy Technology CO., LTD.",新北市中和區中正路918號3樓,嚴O俞,0953601565,,2026/01/16,2026/01/16,Y,Y
61230280,御隱工作室,Royal Recessive Firm,新北市板橋區中山路1段1號23樓,陳O欣,02-22568828,,2026/01/16,2026/01/16,Y,Y
76601989,台灣流體傳動工業同業公會,TAIWAN FLUID POWER ASSOCIATION,新北市汐止區新台五路一段97號25樓之5,黃O仁,02-26972677,,2026/01/16,2026/01/16,Y,Y
91768380,拎捌舞柒企業社,LING BA WU CHI Company,新北市三重區新北大道1段123號11樓,高O玉,,,2026/01/16,2026/01/16,Y,Y
94210486,喬淯科技股份有限公司,"QIAO YU CO., LTD.",新北市永和區中正路316號16樓之1,林O敏,0919399438,,2026/01/16,2026/01/16,Y,Y
98249027,昶碩企業有限公司,"Sunridge Enterprise Co., Ltd.",新北市汐止區建成路56巷69弄1號11樓之5,顏O茹,,,2026/01/16,2026/01/16,Y,Y
24732700,優妮斯開發有限公司,"EUNICE Development CO., LTD.",新北市板橋區合宜路9號,簡O琳,02-89699222,02-89699333,2026/01/15,2026/01/15,Y,Y
50852406,睿竑置業股份有限公司,"Ruihong Real Estate CO,LTD",新北市新莊區和興街35之8號,陳O帆,0931200070,,2026/01/15,2026/01/15,Y,Y
50996092,澄瀚實業有限公司,"O PASS CO., LTD.",新北市新莊區中正路力行巷1弄5之1號,詹O林,0932244189,,2026/01/15,2026/01/15,Y,Y
50996966,上傑資訊有限公司,"Sunjet Information CO., LTD.",新北市板橋區光華街24巷4號3樓,賴O如,,,2026/01/15,2026/01/15,Y,Y
60072093,宏米企業社,Homey Company,新北市板橋區三民路2段33號14樓,盧O宏,,,2026/01/15,2026/01/15,Y,Y
60378708,日曜國際人力資源有限公司,"SUNYO INTERNATIONAL HUMAN RESOURES CO., LTD.",新北市新莊區瓊林南路118之49號,許O瑄,,,2026/01/15,2026/01/15,Y,Y
60379018,吉霓思股份有限公司,"Diniz CO., LTD.",新北市蘆洲區中山一路161號3樓,李O芬,,,2026/01/15,2026/01/15,Y,Y
60379501,千選優有限公司,"Qianxuanyou CO., LTD.",新北市板橋區館前東路116號3樓,林O逵,02-22953849,,2026/01/15,2026/01/15,Y,Y
60388086,鈊空間國際有限公司,"Little World Zone CO., LTD.",新北市土城區裕生路104巷15號(1樓),曹O芯,02-6637-0023,,2026/01/15,2026/01/15,Y,Y
60466809,歐芯科技有限公司,"OUXIN TECH CO., LTD.",新北市中和區圓通路158巷8號4樓,歐O詮,0906701997,,2026/01/15,2026/01/15,Y,Y
89496659,巨皓工程有限公司,"Ju Hao Engineering Co., Ltd",新北市蘆洲區永樂街38巷57弄9號9樓,黃O棟,,,2026/01/15,2026/01/15,Y,Y
90232683,梅禾國際有限公司,"SPRBIO International CO,LTD",新北市新店區三民路75巷9弄1號2樓,江O梅,02-29150663,,2026/01/15,2026/01/15,Y,Y
91188242,維黎工作室,WEISHENG TRENTE SEPT Co.,新北市新莊區思源路46號,王O琪,0928276793,02-22593173,2026/01/15,2026/01/15,Y,Y
96830270,亞特智能有限公司,"Actom Technology CO., LTD.",新北市新莊區思源路112巷12號,陳O縉,,,2026/01/15,2026/01/15,Y,Y
60379191,艾而德有限公司,Alder Ltd.,新北市汐止區中興路168號4樓之4,,,,2026/01/14,2026/01/23,N,N
54281718,易達興有限公司,"ED Xing CO., LTD.",新北市五股區五工五路20號(3樓),游O平,02-22994886,,2026/01/14,2026/01/14,Y,Y
60353489,天承國際股份有限公司,"Tiancheng International CO., LTD.",新北市新莊區豐年街55號之4,廖O承,,,2026/01/14,2026/01/14,Y,Y
60353946,昌達有限公司,CHEN I CHANG Company,新北市三重區重新路3段31之5號,陳O昌,89852922,,2026/01/14,2026/01/14,Y,Y
60378910,歐蘿國際開發有限公司,"OLO INTERNATIONAL DEVELOPMENT CO.,LTD.",新北市新莊區永樂街225號,吳O嬅,02-29882020,,2026/01/14,2026/01/14,Y,Y
61228643,創元工作室,CY COLLECTION STUDIO,新北市板橋區信義路1巷26弄35號5樓,張O元,0978031780,,2026/01/14,2026/01/14,Y,Y
66650406,意展科技有限公司,Zenith Advance Technology Corp,新北市板橋區重慶路35巷4之2號,羅O梅,0910695954,,2026/01/14,2026/01/14,Y,Y
91681856,茶玉珍商行,Cha yu Zhen Co.,新北市中和區中原東街85號11樓,顧O玲,0983910778,,2026/01/14,2026/01/14,Y,Y
94878848,嚐一嚐餐飲,changyichang Restaurant,新北市深坑區北深路2段178號,白O翰,,,2026/01/14,2026/01/14,Y,Y
60508012,全球食品服務有限公司,"Global Food Services CO., LTD.",新北市中和區建八路16號18樓之2,JOELONGCHUNKWANG,,,2026/01/13,2026/08/29,Y,Y
90392148,食尚佳企業有限公司,"ShiShangJia Trading CO., LTD.",新北市中和區立德街98巷60號,鄭O文,0988722068,,2026/01/13,2026/07/23,Y,Y
60352637,沛勝國際有限公司,"Paywin CO., LTD.",新北市新莊區中原路516號5樓之3,簡O婕,,,2026/01/13,2026/01/13,Y,Y
60353158,聯裕科技有限公司,"United Rich Technology CO., LTD.",新北市新莊區新北大道4段175號7樓,蘇O圓,033292299,033197376,2026/01/13,2026/01/13,Y,Y
60353559,軒語科技有限公司,Energy Ever Technology LTD.,新北市板橋區四川路1段136號2樓,黃O琪,,,2026/01/13,2026/01/13,Y,Y
60354500,䨻能科技有限公司,"Boonergy Technology CO., LTD.",新北市三峽區復興路56號4樓,林O雄,0905-671-110,,2026/01/13,2026/01/13,Y,Y
60378778,安潔利卡有限公司,"Angelo Chen CO., LTD.",新北市深坑區風格街8號3樓,陳O輝,,,2026/01/13,2026/01/13,Y,Y
60389064,全相療癒有限公司,Wholesome LTD.,新北市永和區永和路1段72巷21號6樓,黃O昌,,,2026/01/13,2026/01/13,Y,Y
60389233,安捷精密科技股份有限公司,"SignalX Safety Technology CO., LTD.",新北市林口區民有街152號9樓,姜O淵,0966495899,,2026/01/13,2026/01/13,Y,Y
60404656,釀日子有限公司,"JOUR DE VIN CO., LTD.",新北市三重區仁愛街749號,宋O盧,0928572520,02-28576379,2026/01/13,2026/01/13,Y,Y
60527051,大境國際興業有限公司,Infinite Frontier International Ltd.,新北市新店區安興路109號14樓之7,張O婷,,,2026/01/13,2026/01/13,Y,Y
82984823,赤橙咖啡有限公司,"Chi-Cheng Coffee CO., LTD.",新北市板橋區信義路163巷4號8樓,林O廷,02-22216716,,2026/01/13,2026/01/13,Y,Y
90748979,昶鑫五金有限公司,"Chang Shin Hardware CO., LTD.",新北市淡水區淡金路3段308巷2弄5號,曾O哲,0938384765,02-26250569,2026/01/13,2026/01/13,Y,Y
91696268,珮巨商行,PEI JU COMPANY,新北市三重區後竹圍街282號2樓,林O均,0975620723,,2026/01/13,2026/01/13,N,N
94226136,菡星有限公司,"HanXing CO., LTD.",新北市新莊區新泰路259號（1樓）,陳O雪吟,,,2026/01/13,2026/01/13,Y,Y
50849402,華愛同心國際有限公司,"One in Love International CO., LTD.",新北市三重區重陽路4段130號12樓,蕭O棠,02-89882859,02-29801228,2026/01/12,2026/07/08,Y,Y
60034681,思慧企業社,si hue Co.,新北市新店區永安街83巷17弄7號2樓,高O婷,0937880583,,2026/01/12,2026/01/12,Y,Y
60378854,大洋食遞有限公司,"Auswan Trade Co., Ltd.",新北市板橋區金門街376號12樓,沈O鴻,,,2026/01/12,2026/01/12,Y,Y
61232436,階階梯製作工作室,JJT Production STUDIO,新北市新莊區新北大道3段49號14樓,潘O堯,,,2026/01/12,2026/01/12,Y,Y
70451219,興鴻旭工程有限公司,"Xinghongxu Engineering CO., LTD.",新北市新店區安興路5號地下1層之32,李O貴,02-86662805,02-86662806,2026/01/12,2026/01/12,Y,Y
90491409,丰科有限公司,"Fun Tech CO., LTD.",新北市中和區中原二街28號18樓,羅O文,,,2026/01/12,2026/01/12,Y,Y
93676577,英屬開曼群島商萊德光電股份有限公司台灣分公司,Lightel Corporation Taiwan Branch(Cayman Islands),新北市中和區中正路872號15樓之1,歐O傑OUJEN-CHIEH,02-22228699,,2026/01/12,2026/01/12,Y,Y
60681336,垣沅有限公司,"Yuanyuan CO., LTD.",新北市新店區安忠路57巷7弄3號(1樓),盧O宖,,,2026/01/09,2026/08/11,Y,Y
60354683,浩鈞貿易有限公司,"Grand Apex Trading CO., LTD.",新北市永和區竹林路119巷17號(1樓),李O銘,0928821806,,2026/01/09,2026/03/20,Y,Y
00144875,行波國際企業有限公司,"Cimple Creative International Enterprise CO., LTD.",新北市永和區仁愛路309號5樓之5,楊O,02-89235889,,2026/01/09,2026/01/09,Y,Y
12985089,承瓏工程有限公司,"Chenglong Engineering CO., LTD.",新北市永和區秀朗路1段108巷2號1樓,施O宏,0227298701,,2026/01/09,2026/01/09,Y,Y
60353586,金模傳播娛樂有限公司,"J.C.E CO., LTD.",新北市新莊區新泰路421號地下一層之7,簡O成,,,2026/01/09,2026/01/09,Y,Y
90454170,倡銓工程規劃有限公司,"Chang Chuan Engineering Planning CO., LTD.",新北市新莊區新北大道四段177號3樓,許O玄,02-29901663,,2026/01/09,2026/01/09,Y,Y
60352427,昶鑫創造有限公司,"Chang Xin Creation CO., LTD.",新北市新店區安康路3段207巷13號(1樓),林O宇,,,2026/01/08,2026/01/08,Y,Y
60353185,幸福買取精品有限公司,"HAPPY BUYING BOUTIQUE CO., LTD.",新北市板橋區文化路1段163號(2樓),蘇O文,,,2026/01/08,2026/01/08,Y,Y
60353930,錡翋苙小姐有限公司,"KIRAKIRA CO., LTD.",新北市林口區文化三路一段335號12樓,李O,,,2026/01/08,2026/01/08,Y,Y
60684489,火狐資訊股份有限公司,"FoxInfo CO., LTD.",新北市新店區溪園路353號7樓,杜O謙,,,2026/01/08,2026/01/08,Y,Y
60354558,曜森寵物有限公司,YUBOBS CAT FANCIERS LTD.,新北市永和區中正路549號（1樓、2樓）,趙O佑,0976062642,,2026/01/07,2026/09/09,Y,Y
60353832,捷斯洛國際企業有限公司,"Jethro International Co., Ltd.",新北市三重區三和路2段204號（1樓）,朱O瑄,,,2026/01/07,2026/01/07,Y,Y
60354375,誠蓮國際工程有限公司,"Chenglian International Engineering Co., Ltd.",新北市樹林區俊英街121巷17號4樓,王O蓮,,,2026/01/07,2026/01/07,Y,Y
60354516,杰德企業股份有限公司,JD Enterprises Taiwan INC.,新北市淡水區淡金路6號17樓之2,李O民,,,2026/01/07,2026/01/07,Y,Y
60354570,崴星企業有限公司,"WinStar Co., Ltd.",新北市中和區中山路3段37巷12號14樓,李O詔,0920-472206,,2026/01/07,2026/01/07,Y,Y
60388564,城翊資訊有限公司,"ChenYi Info CO., LTD.",新北市土城區永安街43號,吳O璟,,,2026/01/07,2026/01/07,Y,Y
60434223,七日好光有限公司,"7Shines Solutions CO., LTD.",新北市新店區二十張路42之6號2樓,蔡O隆,0909143847,,2026/01/07,2026/01/07,Y,Y
60554697,竤泰國際有限公司,"Hong Tai CO., LTD.",新北市泰山區應化街5號,李O霓,02-29038100,,2026/01/07,2026/01/07,Y,Y
61228904,中信環保能源科技企業社,Zhongxin Environmental Protection & Energy Co.,新北市永和區福和路262號,許O德,,,2026/01/07,2026/01/07,Y,Y
89115482,一柒藝術製作有限公司,Together Production LTD.,新北市中和區保健路106巷22弄9號3樓,陳O璇,02-29432474,,2026/01/07,2026/01/07,Y,Y
91191056,久久純正映像行,99 Proof Co.,新北市貢寮區美灔山街45號,李O熙,,,2026/01/07,2026/01/07,Y,Y
93044524,鸚味創意設計工作室,Inway Creative Design Studio,新北市中和區中原東街86號11樓,陳O君,,,2026/01/07,2026/01/07,Y,Y
93489700,七點鐘品牌整合有限公司,"Seven Creative CO., LTD.",新北市林口區中北二街32號(1樓),黃O琦,02-66048177,,2026/01/07,2026/01/07,Y,Y
35991935,瑛奇塑膠有限公司,Yingqi Plastics CORP.,新北市新莊區新樹路69-37號,蕭O澤,,,2026/01/06,2026/01/21,Y,Y
60352171,大與有限公司,"Da U CO., LTD.",新北市汐止區康寧街169巷23之1號,王O真,,,2026/01/06,2026/01/06,Y,Y
60353312,妍選有限公司,"Quick Sale CO., LTD.",新北市新莊區新北大道4段175號3樓,洪O丹,,,2026/01/06,2026/01/06,Y,Y
60353663,竺誠國際有限公司,"ZC Performance CO., LTD.",新北市板橋區莒光路133巷11號(1樓),李O澤,,,2026/01/06,2026/01/06,Y,Y
60388924,希織科技有限公司,LuminaLoom Technologies LTD.,新北市新店區德正街17巷3號3樓,王O傑,,,2026/01/06,2026/01/06,Y,Y
60474012,史大科技有限公司,"Shida Technology CO., LTD.",新北市中和區中山路2段296號5樓之3,謝O妤,,,2026/01/06,2026/01/06,Y,Y
90444808,兒童拍拍有限公司,Kids Pi Pi LTD.,新北市板橋區公館街88號,黃O敏,02-33433998,,2026/01/06,2026/01/06,Y,Y
90445399,法芮可有限公司,"FREECO CO., LTD.",新北市汐止區福德一路141巷11號(1樓),林O研,0920033849,,2026/01/06,2026/01/06,Y,Y
94158192,富邦先進材料股份有限公司,"ForeBond Adv. Material CO., LTD.",新北市新店區寶橋路235巷3號5樓,李O興,065051179 #172,,2026/01/06,2026/01/06,Y,Y
95147476,竺承購物企業社,ZHU CHENG SHOPPING CO.,新北市三重區永福街179巷1號,葉O琪,0976282562,,2026/01/06,2026/01/06,Y,Y
60389395,鉅霖科技有限公司,"JURELAN TECHNOLOGY CO., LTD.",新北市板橋區四川路1段23號3樓之2,,,,2026/01/05,2026/07/04,N,N
60418125,創信科有限公司,TRUSTEK LTD.,新北市樹林區三俊街81巷30號(1樓),黃O芩,,,2026/01/05,2026/05/07,Y,Y
60353495,右賀企業有限公司,"YOHO HYDRAULICS CO., LTD.",新北市新莊區化成路211巷10號,陳O義,02-29903011,02-29903022,2026/01/05,2026/01/23,Y,Y
60353093,橘事吉勢有限公司,Citrus Rise LTD.,新北市板橋區華江一路111號15樓之1,郭O書,,,2026/01/05,2026/01/05,N,N
60353571,伊圖文創有限公司,ETUNI LTD.,新北市新莊區新北大道4段173號3樓,李O東,0906-317257,,2026/01/05,2026/01/05,Y,Y
60353805,辰瑋食品有限公司,CHEN WEI FOOD LTD.,新北市中和區中山路2段332巷9號8樓,林O明,,,2026/01/05,2026/01/05,Y,Y
60417097,明天藝術家貿易有限公司,Tomorrow Artist Trading LTD.,新北市樹林區大安路551號3樓之5,蘇O暉,,,2026/01/05,2026/01/05,Y,Y
60468074,宏橙有限公司,"Hongcheng CO., LTD.",新北市淡水區原德路1號地下層,謝O澤,,,2026/01/05,2026/01/05,Y,Y
60473772,鍋心餐飲股份有限公司,"GUO XIN CO., LTD.",新北市新莊區建國一路1號,黃O達,0972982370,,2026/01/05,2026/01/05,Y,Y
66307229,好旅文創有限公司,GoodTrip Creative LTD.,新北市汐止區建成路160巷16號14樓,辛O芸,02-26480066,,2026/01/05,2026/01/05,Y,Y
96800803,正旭開發實業股份有限公司,"ZHENG XU CONSTRUCTION ENTERPRISE CO., LTD.",新北市林口區文化北路1段60巷39號,陳O宏,04-37031510,,2026/01/05,2026/01/05,Y,Y
60353565,崴得科技有限公司,VStar Tech Inc.,新北市中和區中山路3段37巷12號14樓,李O琛,0958258016,,2026/01/02,2026/01/23,Y,Y
60353066,鈦波羅包裝有限公司,"TAIPOLO PACKAGING CO., LTD.",新北市中和區中山路3段39號19樓,陳O旭,02-26683400,,2026/01/02,2026/01/13,Y,Y
00167341,天相家有限公司,"Tianxiangjia CO., LTD.",新北市新莊區昌盛街33號(1樓),曹OO,02-89927289,,2026/01/02,2026/01/02,Y,Y
09420186,昶達股份有限公司,"CHA-DA CONSTRUCTION CO., LTD.",新北市林口區南勢三街21號4樓之1,陳O君,02-77308160#21,02-77309650,2026/01/02,2026/01/02,Y,Y
60007609,錠潤塗技空間美學企業社,Dingrun Coating Technology Enterprise company,新北市中和區環中路120號5樓,汪O清,0966160898,,2026/01/02,2026/01/02,Y,Y
60035696,廣弘企業社,Arttron International Enterprise Co.,新北市土城區金城路3段149巷10號2樓,簡O娟,,,2026/01/02,2026/01/02,Y,Y
60353100,禮物本物股份有限公司,"GiftPaw Origins Co., Ltd",新北市蘆洲區復興路230號,王O雯,,,2026/01/02,2026/01/02,Y,Y
60458809,新格珠寶藝品有限公司,"Goldcoast Jewelry CO., LTD.",新北市永和區福和路389號8樓之2,高O緯,,,2026/01/02,2026/01/02,Y,Y
60474863,尉升有限公司,"Wellson CO., LTD.",新北市中和區中正路716號7樓之5,李O璇,0918455277,,2026/01/02,2026/01/02,Y,Y
60507787,富鐽晟有限公司,"Fudasheng Co., Ltd",新北市樹林區中山路1段60號4樓,游O民,0926161622,,2026/01/02,2026/01/02,Y,Y
80133100,金侑春企業有限公司,"JIN YOU CHUN ENTERPRISE CO., LTD.",新北市樹林區俊興街211巷7弄1之2號,杜O明,,,2026/01/02,2026/01/02,Y,Y
95453241,招福國際有限公司,"Zhaofu International CO., LTD.",新北市五股區御史路45巷9號(2樓),葉O良,02-82950999,02-22935222,2026/01/02,2026/01/02,Y,Y
96772686,程允有限公司,"Cheng Yun CO., LTD.",新北市三重區重新路4段159號4樓,陳O萍,02-29958413,02-29993475,2026/01/02,2026/01/02,Y,Y
54728133,東冀有限公司,"Dong Gi CO., LTD.",新北市樹林區三龍街196號(1樓),蔡O樺,0928006443,,2025/12/31,2025/12/31,Y,Y
60352714,新鑫全球有限公司,"AUXA INTL. CO., LTD.",新北市土城區明德路2段8號13樓,官O雨,,,2025/12/31,2025/12/31,Y,Y
60352783,宜珊汽車材料有限公司,"Yishan Automotive Materials Co., Ltd.",新北市鶯歌區鳳五路118號3樓,林O詮,,,2025/12/31,2025/12/31,Y,Y
60352860,萬事達國際食品有限公司,"WAN SHIH DA FOOD CO., LTD.",新北市樹林區俊安街24巷6號(1樓),萬O元,02-26880990,,2025/12/31,2025/12/31,Y,Y
60352952,宸鑫電子有限公司,"Chen Xin Electronics CO., LTD.",新北市板橋區銘傳街78號4樓,王O翔,02-29996735,,2025/12/31,2025/12/31,Y,Y
60388282,吉福金屬股份有限公司,"Jifu Metal Co., Ltd.",新北市新莊區化成路389巷1號,曾O源,,,2025/12/31,2025/12/31,Y,Y
60389022,艾榴槤有限公司,i-Durian LTD.,新北市新店區安興路117號2樓之6,張O德,02-85113022,,2025/12/31,2025/12/31,Y,Y
60389368,暖思創意股份有限公司,"RUNS DESIGN CO., LTD.",新北市三重區中正北路193巷21弄6號,葉O儒,0912-089-580,,2025/12/31,2025/12/31,Y,Y
60389450,模騰科技有限公司,"MOTONTEK Co., Ltd.",新北市新店區中興路1段255號,蘇O燕,,,2025/12/31,2025/12/31,Y,Y
60473750,象前有限公司,"Elephantsgogo CO., LTD.",新北市永和區永和路1段156號11樓之1,匡O蓁,,,2025/12/31,2025/12/31,Y,Y
60506730,無心地有限公司,Cindy Wu LTD.,新北市新莊區立信一街31號6樓,吳O嫻,,,2025/12/31,2025/12/31,Y,Y
90062738,艾咪婚禮有限公司,AMY WEDDING CO LTD,新北市板橋區雙十路3段20號2樓,蔡O宏,02-22513730,02-22513740,2025/12/31,2025/12/31,Y,Y
61227692,麥果電信,MaiGo Telecom Co.,新北市板橋區中山路2段248號,林O彬,02-89541198,,2025/12/30,2026/01/20,Y,Y
00096542,沛恩工業有限公司,Payne Industrial LTD.,新北市三重區溪尾街108巷46弄32號（1樓）,黃O中,02-82876270,02-82876272,2025/12/30,2025/12/30,Y,Y
60352799,宥丞科技有限公司,"Yu-Cheng Technology CO., LTD.",新北市新店區安興路109號14樓之7,陳O丞,0968390995,,2025/12/30,2025/12/30,Y,Y
60387679,鴻昇高空作業有限公司,"HONG SHENG UPPER AIR CO., LTD.",新北市鶯歌區尖山路217號9樓,洪O璘,,,2025/12/30,2025/12/30,Y,Y
60388369,詮能國際有限公司,"Quaneng International CO., LTD.",新北市板橋區三民路2段33號14樓,李O勳,04-22547227,,2025/12/30,2025/12/30,Y,Y
60389466,品崴國際商貿有限公司,"Pinwei International Trade CO., LTD.",新北市汐止區樟樹二路14號(2樓),王O淳,02-29928820,,2025/12/30,2025/12/30,Y,Y
60458842,佳美門業股份有限公司,"JIA MEI DOORS INDUSTRY CO., LTD.",新北市板橋區漢生西路58巷6號2樓,莊O華,,,2025/12/30,2025/12/30,Y,Y
60473359,樂茉練形股份有限公司,"Lemo Fitness Co., Ltd.",新北市新莊區裕民街126號,張O桓,,,2025/12/30,2025/12/30,Y,Y
60474202,銓安先進實業股份有限公司,"Quan An Advanced Solutions CO., LTD.",新北市新店區安興路109號14樓之7,黃O駿,,,2025/12/30,2025/12/30,Y,Y
60506680,沃特克斯股份有限公司,"VORTEX ECO CO., LTD.",新北市汐止區新台五路1段102號6樓,金O忠,02-26968268,,2025/12/30,2025/12/30,Y,Y
60506773,車邁樂國際有限公司,"Carmile Global CO., LTD.",新北市淡水區水源街1段28巷7號,張O婕,,,2025/12/30,2025/12/30,Y,Y
60756125,戴維醫療器材有限公司,TaiMedTeCh Vision Company,新北市中和區中山路3段110號3樓之4,戴O漢,02-22220232,,2025/12/30,2025/12/30,Y,Y
83256843,宇陽興業股份有限公司,"Yu Yang Industrial CO., LTD.",新北市新店區北新路1段89號6樓之2,彭O碩,,,2025/12/30,2025/12/30,Y,Y
91091417,無境設計事業有限公司,"VP Interior Design CO., LTD.",新北市板橋區香社一路48號,陳O逸,02-89699039,,2025/12/30,2025/12/30,Y,Y
34770371,廣昇機車行,Guang Sheng Motorcycle Shop,新北市新莊區化成路209號(1樓),謝O耀,,,2025/12/29,2025/12/29,Y,Y
50788952,好孕行生醫股份有限公司,iPreg INC.,新北市汐止區新台五路1段77號4樓之3,鍾O晏,02-87713721#15,,2025/12/29,2025/12/29,Y,Y
60387729,森堡有限公司,Simple Date Limited Company,新北市板橋區三民路2段33號14樓,蔡O霖,,,2025/12/29,2025/12/29,Y,Y
60388558,科睿加股份有限公司,"Core Plus CO., LTD.",新北市汐止區康寧街518號5樓,陳O勳,0900626915,,2025/12/29,2025/12/29,Y,Y
60389037,大全鈕釦輔料有限公司,"DAI TOAN Button Garment Accessories CO., LTD.",新北市蘆洲區國道路2段110號13樓,陳O鈴,02-29815139,,2025/12/29,2025/12/29,Y,Y
60507533,滬尾暮色有限公司,"HWMS CO., LTD.",新北市淡水區中山北路1段198巷15號（1樓）,邱O庭,0963939913,,2025/12/29,2025/12/29,Y,Y
60595233,天韻租賃有限公司,"Sky Rhythm Leasing CO., LTD.",新北市板橋區中山路1段293之1號12樓之2,洪O瑜,0900626915,,2025/12/29,2025/12/29,Y,Y
90029794,半畝川有限公司,River Yard Limited,新北市五股區成泰路三段577巷80弄97號,陳O仁,,,2025/12/29,2025/12/29,Y,Y
90035037,西湖企業有限公司,"WEST LAKE ENTERPRISE CO., LTD.",新北市鶯歌區文化路136巷56號4樓,陳O方,02-26793424,02-86776528,2025/12/29,2025/12/29,Y,Y
91438298,艾尚宇宙實業社,ISCIM FIRM,新北市淡水區崁頂三路145號3樓,黃O龍,02-26217176,,2025/12/29,2025/12/29,Y,Y
95456556,傳仕科技股份有限公司,TrenChant Technology INC.,新北市中和區建一路176號5樓之3,曾O美,,,2025/12/29,2025/12/29,Y,Y
60507169,曜川貿易股份有限公司,"Yochuan Trading CO., LTD.",新北市五股區民義路1段287巷2號,簡O霽,02-2979-1768,02-29791798,2025/12/26,2026/01/24,Y,Y
60507288,智制科技有限公司,"Byte To Bite Co., Ltd.",新北市蘆洲區正和街71號12樓之1,陳O宇,0909317310,,2025/12/26,2026/01/06,Y,Y
34152238,大益農機行,Dayi Agricultural Machinery Co.,新北市鶯歌區尖山路40號1樓,黃O淵,02-26791277,02-26707748,2025/12/26,2025/12/26,Y,Y
54705976,慶易文化有限公司,Qingyi Culture LTD.,新北市新莊區中信街178號24樓之5,王O為,,,2025/12/26,2025/12/26,Y,Y
60035957,加購來企業社,BUYMORE INTERNATIONAL Co.,新北市三重區溪尾街287號3樓,鄭O皓,0952465871,,2025/12/26,2025/12/26,Y,Y
60079716,涅芙美學社,Neve Buaety Studio,新北市新莊區福壽街184巷24號3樓,林O涵,0966506308,,2025/12/26,2025/12/26,Y,Y
60388425,秝亞有限公司,Liya Musa LTD.,新北市中和區中原六街58號,吳O珊,0975250158,,2025/12/26,2025/12/26,Y,Y
60749119,鑫智鑫股份有限公司,"Xinzhixin CO., LTD.",新北市樹林區三俊街72號(1樓),賴O仁,0937092886,02-26893089,2025/12/26,2025/12/26,Y,Y
91751352,漢特企業社,Hante Enterprise Co.,新北市汐止區福德一路176巷8號6樓,林O卉,,,2025/12/24,2026/06/10,Y,Y
60603114,島宇實業有限公司,"Islanverse CO., LTD.",新北市三重區重新路1段84號(3樓),陳O諺,0900626915,,2025/12/24,2026/05/18,Y,Y
83208890,銓盛系統櫥櫃有限公司,CSN CONCEPT LTD.,新北市八里區中山路1段120號,方O毅,0222926715,,2025/12/24,2026/01/16,Y,Y
60387811,喬治盈國際運動用品有限公司,AQUAX WATER SPORTS LTD.,新北市中和區中山路2段332巷79號8樓,周O民,,,2025/12/24,2025/12/24,Y,Y
60426764,東路室內裝修有限公司,"East Road Interior Decoration CO., LTD.",新北市永和區得和路221巷12號,張O軒,0981362684,,2025/12/24,2025/12/24,Y,Y
60451881,璨曜珠寶有限公司,"ZAYN JEWELRY CO., LTD.",新北市新店區中興路2段213號6樓之1,廖O雨,02-89133108,,2025/12/24,2025/12/24,Y,Y
60497649,鋒允有限公司,Fame Win International Ltd.,新北市林口區文化二路1段238號3樓,梁O豪,,,2025/12/24,2025/12/24,Y,Y
60507105,聖晉有限公司,"Shengjin CO., LTD.",新北市板橋區莒光路51巷5號4樓,歐O明,,,2025/12/24,2025/12/24,Y,Y
60507772,興東華國際貿易有限公司,"NDH Global Trading CO., LTD.",新北市板橋區三民路2段37號23樓之1,蔡O華,,,2025/12/24,2025/12/24,Y,Y
61228405,東升立露營車坊,Dongsheng Camping Vehicle SHOP,新北市三重區重陽路1段60巷34號6樓,朱O翝,02-29856137,,2025/12/24,2025/12/24,Y,Y
61228480,鴻維商行,Hongwei Trading Company,新北市新莊區化成路746巷3弄19號,何O穎,02-29941177,,2025/12/24,2025/12/24,Y,Y
82973591,鋐諠實業有限公司,"XONG XUAN INDUSTRIAL CO., LTD.",新北市新莊區五權一路1號8樓之1,朱O汝,,,2025/12/24,2025/12/24,Y,Y
83171710,恆續科技股份有限公司,"Infini-Tech Solutions Co., Ltd.",新北市三重區光復路2段80號8樓之1,黃O鴻,02-2228-8258,02-2228-8638,2025/12/24,2025/12/24,Y,Y
93671545,宗榮蛋品有限公司,"ZongrongEgg CO., LTD.",新北市新店區中正路501之11號(1樓),黃O銘,,,2025/12/24,2025/12/24,Y,Y
97425377,得華企業有限公司,"DEHUA ENTERPRISE CO,LTD",新北市五股區民義路1段289號之1,俞O華,0913575615,,2025/12/24,2025/12/24,Y,Y
54294967,中威娛樂有限公司,"Zhongwei Entertainment CO., LTD.",新北市汐止區忠孝東路426之1號13樓,俞O菁,02-27966798,02-27968338,2025/12/23,2026/04/29,Y,Y
50679687,心上心企業社,Xin Shang Xin Co.,新北市樹林區備前街38號(1樓),陳O岳,02-26811356,,2025/12/23,2026/03/30,Y,Y
45074391,知謙通業有限公司,K&M POWER WAY CORP.,新北市新店區安忠路57巷9弄2號5樓,張O菁,02-27116505,02-24377417,2025/12/23,2025/12/23,Y,Y
60388327,吉點數位創意有限公司,"Pointra Studio CO., LTD.",新北市中和區中山路2段332巷13號12樓,彭O桂,,,2025/12/23,2025/12/23,Y,Y
60549196,永鯨科技有限公司,WHALIFE Limited Company,新北市三重區中興北街162號,張O瑞,,,2025/12/23,2025/12/23,Y,Y
61227601,嘟嘟水晶星球企業社,DODO CRYSTAL PLANET Studio,新北市中和區廣福路56巷2弄21號3樓,謝O樑,,,2025/12/23,2025/12/23,Y,Y
72654226,五十五巷慢工房,Alley55 Studio,新北市板橋區廣和街37號14樓,張O芳,02-89511913,,2025/12/23,2025/12/23,Y,Y
91085463,升旌國際展業有限公司,CENSING INTERNATIONAL LTD.,新北市新莊區瓊泰路94巷20號(2樓),郭O真,,,2025/12/23,2025/12/23,Y,Y
60507689,睿光國際有限公司,"AURA Empire International CO., LTD.",新北市三重區成功路50巷3號3樓,,0975070362,,2025/12/22,2026/07/24,N,N
30170966,群益電子企業社,CHUN YI ELECTRONICS Co.,新北市板橋區四川路2段47巷4弄5之2號,陳O文,03-3811922,,2025/12/22,2025/12/22,Y,Y
34217350,吉信化工有限公司,"JEI SHING CHEMISTRY CO., LTD.",新北市樹林區工興街20號,蔡O忠,02-26897157,02-26887119,2025/12/22,2025/12/22,Y,Y
50968309,藝事公關行銷有限公司,"IS MARKETING CO., LTD.",新北市永和區福和路368號4樓之6,王O鈞,02-25565050,,2025/12/22,2025/12/22,Y,Y
54011460,傑策興業有限公司,JACOB BAG Limited,新北市汐止區大同路2段184巷2號12樓之7,詹O淇,,,2025/12/22,2025/12/22,Y,Y
54714840,永荃企業有限公司,"Yong Quan Enterprise CO., LTD.",新北市新莊區四維路131巷14號5樓,張O鑫,0939968428,,2025/12/22,2025/12/22,Y,Y
60352502,尚雲資訊有限公司,TOP CLOUD LTD.,新北市三峽區學成路309號4樓,文O傑,,,2025/12/22,2025/12/22,Y,Y
60387782,好柿花生有限公司,Good One LTD.,新北市土城區員林街71巷1號2樓,林O儂,,,2025/12/22,2025/12/22,Y,Y
60388001,泓時貿易股份有限公司,"Taiwafers CO., LTD.",新北市三重區長安街94號4樓,林O君,,,2025/12/22,2025/12/22,Y,Y
60507549,利盛行實業有限公司,"Li Sheng Hang Industrial CO., LTD.",新北市新莊區五權二路20號7樓之9,黃O皓,,,2025/12/22,2025/12/22,Y,Y
61223611,栖熙企業社,CK Studio,新北市板橋區光正街18巷2號,陳O穎,0910339913,,2025/12/22,2025/12/22,Y,Y
90176747,永莘環境科技有限公司,"YongShen Co.,Ltd",新北市中和區四維街27之1號9樓,蔡O勲,0,,2025/12/22,2025/12/22,Y,Y
90229765,吉米美術有限公司,"GIMI ART CO., LTD.",新北市永和區水源街39巷1號,葉O,,,2025/12/22,2025/12/22,Y,Y
94137057,賜季寧生技有限公司,Geneen Life Science LTD.,新北市三峽區復興路110巷2弄4號3樓,李O璋,,,2025/12/22,2025/12/22,Y,Y
60352221,艾璐股份有限公司,"iLoop CO., LTD.",新北市新莊區福慧路210號12樓,,,,2025/12/19,2026/08/29,N,N
24705204,華騏工程有限公司,"Hua Chi Engineering CO., LTD.",新北市金山區五湖里南勢30號,蔡O桐,034596466,,2025/12/19,2025/12/19,Y,Y
54017838,力揚金屬有限公司,Li Yang Metal LTD.,新北市三重區大勇街82巷26弄28號,張O生,02-29824161,02-29824943,2025/12/19,2025/12/19,Y,Y
60387621,宥信材料科技有限公司,"You Xin material tech. CO., LTD.",新北市泰山區民權街91號2樓,陳O中,,,2025/12/19,2025/12/19,Y,Y
60387684,特聯國際有限公司,"Tere International CO., LTD.",新北市板橋區中山路1段293之1號13樓之1,連O琦,0958784215,,2025/12/19,2025/12/19,Y,Y
60387713,精秀有限公司,"G-SHOW CO., LTD.",新北市汐止區大同路3段202號2樓之2,吳O耿,0935236943,,2025/12/19,2025/12/19,Y,Y
60473626,宏華方略有限公司,"Vast Strategy CO., LTD.",新北市永和區環河西路1段107號2樓,林O宏,,,2025/12/19,2025/12/19,Y,Y
60473962,鉅淵有限公司,"Juyuan Holdings Co.,Ltd.",新北市蘆洲區中山一路161號3樓,顏O爵,,,2025/12/19,2025/12/19,Y,Y
60507219,喬安健康管理顧問有限公司,"Qiao an health management CO., LTD.",新北市板橋區文化路2段182巷3弄89號5樓,鄧O琪,,,2025/12/19,2025/12/19,Y,Y
60602516,新鉑國際股份有限公司,"NeoPGM International CO., LTD.",新北市三峽區學成路313號3樓之3,楊O凱,02-89723777,,2025/12/19,2025/12/19,Y,Y
61227573,樂鋆國際貿易,ReYun International Co.,新北市汐止區中興路160號16樓之6,陳O妤,,,2025/12/19,2025/12/19,Y,Y
87477585,波波莉寵物生活用品,Bobopet Shop,新北市三重區頂崁街210巷28弄23號,陳O安,02-82863319,,2025/12/19,2025/12/19,Y,Y
90175959,聯鑫電子有限公司,"Lianxin Electronics CO., LTD.",新北市中和區建一路7號8樓,楊O瑞,,,2025/12/19,2025/12/19,Y,Y
60474625,綠食匯股份有限公司,"Green Eats CO., LTD.",新北市汐止區新台五路1段99號10樓之10,郭O瑞,02-26971890,,2025/12/18,2026/07/23,Y,Y
60506865,沐曜實業有限公司,"Muyo Industrial CO., LTD.",新北市汐止區新台五路1段77號10樓之7,許O筌,(02)8698-2009,,2025/12/18,2026/07/15,Y,Y
25084316,璞十茶創有限公司,"Pushi Tea Creative CO., LTD.",新北市板橋區龍泉街54巷7弄4號,鄭O忠,0910363612,,2025/12/18,2026/03/04,Y,Y
60657547,廣鑫傳工程有限公司,"Guang xin chuan CO., LTD.",新北市新莊區中義街45號2樓,陳O衡,02-29980579,,2025/12/18,2026/01/28,Y,Y
24738057,可奕昌有限公司,"KE YI CHANG CO., LTD.",新北市土城區中央路2段191號15樓之1,蕭O宏,0928357772,,2025/12/18,2025/12/18,Y,Y
28218492,冠騏機械工程有限公司,"Guanqi Mechanical Engineering CO., LTD.",新北市土城區中央路3段238之7號4樓,鐘O邦,02-82733812,02-82733812,2025/12/18,2025/12/18,N,N
60070911,沛緹企業社,PATI TRADING Restaurant,新北市三重區重新路1段100號,王O文,,,2025/12/18,2025/12/18,Y,Y
60352242,大雅仕國際有限公司,"TAYASE INTERNATIONAL CO., LTD",新北市汐止區合順街54巷1號,張O廷,0226423366,,2025/12/18,2025/12/18,Y,Y
60352334,六角帕克有限公司,"HEXPAQ CO., LTD.",新北市永和區信義路18號18樓之2,彭O文,0909455290,,2025/12/18,2025/12/18,Y,Y
60427166,台灣龍淨科技股份有限公司,"Taiwan LongKing Technology CO., LTD.",新北市三重區光復路2段69號18樓,陳O銘,02-29958886,,2025/12/18,2025/12/18,Y,Y
60473533,杉序有限公司,"Shanxu CO., LTD.",新北市林口區文明街128號(1樓),黃O苓,,,2025/12/18,2025/12/18,Y,Y
60506008,日盛昌食品科技有限公司,RI Sheng Chang Shi Pin Ltd,新北市新店區安興路109號14樓之7,蔡O勝,0901035689,,2025/12/18,2025/12/18,Y,Y
60507386,未來健身有限公司,"Core X fitness CO., LTD.",新北市新莊區思源路192巷52號,劉O甄,,,2025/12/18,2025/12/18,Y,Y
60507528,智研領航顧問有限公司,"IntelliNav Consulting CO., LTD.",新北市新店區央北二路299號3樓,潘O傑,0933638084,,2025/12/18,2025/12/18,Y,Y
60602184,振源精密有限公司,"Zhenyuan Precision CO., LTD.",新北市汐止區保長路51巷1號,黃O豪,,,2025/12/18,2025/12/18,Y,Y
93038678,依樂企業社,Yile Enterprise Co.,新北市樹林區大安路347號3樓,陳O馨,,,2025/12/18,2025/12/18,Y,Y
93606290,奧蘿菈美材有限公司,"AURORA Beauty Supply CO., LTD.",新北市新莊區新北大道4段185號7樓之3,曾O善,0285213720,,2025/12/18,2025/12/18,Y,Y
60435476,昕宸創意股份有限公司,"TINTA CO., LTD.",新北市三重區中央南路14巷3號2樓,,,,2025/12/17,2026/08/21,N,N
80291395,中國味文化藝術有限公司,"Chinawave arts CO., LTD.",新北市中和區秀士里景德街131號,王O瑞,,,2025/12/17,2025/12/22,Y,Y
60426407,杰峰裕國貿有限公司,JFY international trade LTD.,新北市中和區建八路177號9樓,楊O菁,0920-303-573,,2025/12/17,2025/12/17,Y,Y
60473463,安穩建材有限公司,"Anwen Building Material CO., LTD.",新北市新店區安興路109號5樓之6,吳O洲,0966-433-783,,2025/12/17,2025/12/17,Y,Y
83054585,偉成石材有限公司,"WEI CHENG MARBLE CO., LTD.",新北市林口區中山路538號11樓,魏O珊,03-3556355,,2025/12/17,2025/12/17,Y,Y
60506582,憶嘉有限公司,Dahua Advanced Technology LTD.,新北市新店區中央路153號17樓之25,袁O,,,2025/12/16,2026/04/30,Y,Y
60500291,冠芯能源有限公司,"Gauxin Energy Co., Ltd.",新北市新莊區中正路651之1號5樓,黃O穎,,,2025/12/16,2026/03/10,Y,Y
87462767,食氏行號,Shi Life Co.,新北市汐止區樟樹一路129巷2號(1樓),陳O蘋,02-27887891,,2025/12/16,2025/12/17,Y,Y
27452532,粨鴻科技有限公司,LEADEXPO SOLUTION INC.,新北市新莊區四維路141巷1號,黃O琳,02-22010656,,2025/12/16,2025/12/16,Y,Y
54028933,瑞和企業有限公司,"Rui He Enterprise CO., LTD.",新北市新莊區中正路352之1號,黃O瑋,02-29940785,,2025/12/16,2025/12/16,Y,Y
60467672,宇航人有限公司,"YOUHERO CO., LIMITED",新北市三重區雙園街1巷11號,蘇O筑,,,2025/12/16,2025/12/16,Y,Y
60474028,馥采國際有限公司,"FUCAI INTERNATIONAL CO., LTD.",新北市林口區文化二路1段390號5樓,吳O璇,0921184618,,2025/12/16,2025/12/16,N,N
60506437,洛夕爾創新有限公司,"Rock Hill Innovation CO., LTD.",新北市中和區中山路2段332巷7號5樓,陳O君,02-22452580,,2025/12/16,2025/12/16,Y,Y
60506746,薇莉娜國際有限公司,VELINA nail LTD.,新北市中和區興南路1段11號,粘O莉,,,2025/12/16,2025/12/16,Y,Y
60506984,積創智慧股份有限公司,WiSDON INC.,新北市中和區連城路261之4號4樓,龍O誠,,,2025/12/16,2025/12/16,Y,Y
60573694,日月圓國際有限公司,"Sun and Moon International CO., LTD.",新北市五股區四維路63號,陳O明,0939023755,,2025/12/16,2025/12/16,Y,Y
95472562,隼哲國際有限公司,JCIL LTD.,新北市淡水區博愛街14號,陳O穎,0965155681,,2025/12/16,2025/12/16,Y,Y
53095716,漢記股份有限公司,"HAN WAY CO., LTD.",新北市土城區中央路1段319號,楊O漢,02-22645568#602,02-22645868,2025/12/15,2025/12/15,Y,Y
60467167,綠植寶生物科技有限公司,"Green Power CO., LTD.",新北市中和區建康路7號7樓,秦O君,0919309499,,2025/12/15,2025/12/15,Y,Y
60473251,托塔股份有限公司,TOTA CORP.,新北市汐止區康寧街169巷1號1樓,李O穎,,,2025/12/15,2025/12/15,Y,Y
60473843,同池科技有限公司,"TONTOUCH TECHNOLOGY CO., LTD.",新北市五股區五權五路27號4樓,鄭O棋,02-77140068,,2025/12/15,2025/12/15,Y,Y
60473935,杰凱生物科技有限公司,"DeepSense Biotech CO., LTD.",新北市林口區公園路203號10樓之1至之2,李O翎,0983767142,,2025/12/15,2025/12/15,Y,Y
60499822,鈴宏有限公司,"Ling Hung Audio Co. , Ltd.",新北市樹林區武林街2之1號(2樓),李O宏,0986298618,,2025/12/15,2025/12/15,Y,Y
60506963,惟富顧問有限公司,"VC Plus Consulting Co., Ltd.",新北市三重區溪尾街222號(1樓）,李O億,,,2025/12/15,2025/12/15,Y,Y
60650093,歐若拉化學應用股份有限公司,Aurora Technology Corporation LTD.,新北市新店區寶中路76號,謝O倫,,,2025/12/15,2025/12/15,Y,Y
61226357,光和企業社,KOWA Co.,新北市五股區五權五路17號(3樓),洪O玲,,,2025/12/15,2025/12/15,Y,Y
91033944,鋐彩有限公司,"ARZS CO., LTD.",新北市蘆洲區中山一路97巷15號(1樓),陳O宏,0978067363,,2025/12/15,2025/12/15,Y,Y
53785281,芳彬建設有限公司,FANG-BIN CONSTRUCTION CO LTD.,新北市林口區文化三路1段339號5樓,湯O方,,,2025/12/14,2025/12/14,Y,Y
94059833,辰傑股份有限公司,"CHEN JIE CO., LTD.",新北市三重區大仁街26號(1樓),林O正,,,2025/12/12,2026/01/21,Y,Y
00061059,沙林有限公司,Abu Salem Corporation,新北市新店區安和路2段197號,EOADOOHAOEDSALEOABDELKARIO,,,2025/12/12,2025/12/12,Y,Y
00130083,迎富資本有限公司,Welcoming Wealth LTD.,新北市五股區新五路3段236號,高O榮,,,2025/12/12,2025/12/12,Y,Y
49918083,福品天然水晶藝品社,Fupin Crystal Art Company,新北市新莊區中平路380號,李O誼,02-89918191,02-29975231,2025/12/12,2025/12/12,Y,Y
54862813,福磅精密測控設備有限公司,"Full Pound Precision Measurement & Scale Weighing Equipment Co., Ltd.",新北市新莊區中平路84號,王O鄉,,,2025/12/12,2025/12/12,Y,Y
60425884,詳昇有限公司,Bonte Technology LTD.,新北市八里區中山路2段447巷21號6樓,連O豪,,,2025/12/12,2025/12/12,Y,Y
60435124,美妍國際行銷有限公司,"Meyen Media CO., LTD.",新北市板橋區四川路1段23號9樓之2,陳O妍,0937376134,,2025/12/12,2025/12/12,Y,Y
60468497,光塑材料股份有限公司,light Plastic Materials CORP.,新北市三峽區民生街106之3號2樓,常O霖,02-26721510,,2025/12/12,2025/12/12,Y,Y
60507055,新聯貿易有限公司,Nextrade LTD.,新北市新店區環河路34號27樓,周O彥,,,2025/12/12,2025/12/12,Y,Y
60568989,晨趣購物有限公司,"AMJOY Commerce CO., LTD.",新北市三峽區和平街70號2樓,簡O先,0910210191,,2025/12/12,2025/12/12,Y,Y
60603000,富興好時股份有限公司,"Fusing Fine Foods CO., LTD.",新北市板橋區文化路2段263巷20號,石O方,02-22555545,,2025/12/12,2025/12/12,Y,Y
60675670,宏泰家居有限公司,HONGTAI HOME FURNTSHING LTD.,新北市樹林區大安路551號3樓之5,劉O清,,,2025/12/12,2025/12/12,Y,Y
83378584,超皇投資股份有限公司,"Chao Huang Investment CO., LTD.",新北市汐止區樟樹二路69號8樓,黃O育,,,2025/12/12,2025/12/12,Y,Y
93763024,尼諾思智慧科技股份有限公司,"NinoX AI CO., LTD.",新北市土城區中央路4段303號7樓,游O樑,0932045914,,2025/12/12,2025/12/12,Y,Y
93781162,享曜生活科技有限公司,"Xiangyao Lifestyle Technology Co., Ltd.",新北市三重區富福街104號3樓,莊O茹,0920015051,,2025/12/12,2025/12/12,Y,Y
60474266,永鑫佳有限公司,"EVER PRIME PROS CO., LTD.",新北市板橋區中山路1段10號11樓,詹O豪,0931285820,02-81927457,2025/12/11,2026/04/10,Y,Y
60451545,京饌餐旅事業股份有限公司,"Jing Zhuan Food and Hospitality CO., LTD.",新北市金山區中正路145號(1樓),林O均,02-28098010,,2025/12/11,2026/02/06,Y,Y
60500383,匯聚國際創新有限公司,"Yunity International CO., LTD.",新北市板橋區華江一路111號7樓之5,張O仁,,,2025/12/11,2026/02/05,Y,Y
60434899,埃洛希姆科技有限公司,"Elohim LCM CO., LTD.",新北市樹林區學勤路655號10樓,劉O緯,02-26685260,,2025/12/11,2025/12/26,Y,Y
60473169,聖妮可國際貿易有限公司,"SANICO International Trading CO., LTD.",新北市新店區安忠路155巷11號3樓,沈O美,0911688642,,2025/12/11,2025/12/11,Y,Y
66391751,翰埜企業有限公司,"Han Ye CO., LTD.",新北市永和區永和路1段40號6樓,方O玲,02-2367-3239,,2025/12/11,2025/12/11,Y,Y
78322674,財團法人新北市三重區先嗇宮,CENSIR A JURIDICAL PERSON OF TAIPEI COUNTY OF TAIWAN TEMPLE,新北市三重區五谷王北街77號,李O龍,,,2025/12/11,2025/12/11,Y,Y
83369585,穩彰投資有限公司,"Wenzhang Investment CO., LTD.",新北市淡水區學府路136巷57號14樓之16,陳O彰,02-29694161,02-29697363,2025/12/11,2025/12/11,Y,Y
90627588,瑩駿有限公司,YING CHUN NEW CO. LTD,新北市林口區忠福路141號,關OO,0928627313,,2025/12/11,2025/12/11,Y,Y
60450216,姿娜國際有限公司,ZINA INTERNATIONAL LIMITED,新北市新莊區萬安街5號,吳O龍,,,2025/12/10,2026/05/22,Y,Y
24246497,速派股份有限公司,"supex CO., LTD.",新北市中和區景安路85號6樓之8,于O威,0972629976,,2025/12/10,2025/12/10,Y,Y
24728810,彤生活美學設計有限公司,"Tong Aesthetic Design CO., LTD.",新北市淡水區新市一路1段50號16樓,陳O昀,,,2025/12/10,2025/12/10,Y,Y
27798177,嚐鱻食品有限公司,"TASTE-FRESH CO., LTD.",新北市板橋區和平路14巷28號,高O欽,02-2952-2222#307,,2025/12/10,2025/12/10,Y,Y
60054898,鴻億達企業社,Hong Yi Da Studio,新北市板橋區三民路2段33號14樓,洪O翊,,,2025/12/10,2025/12/10,Y,Y
60426666,啟帆食品有限公司,"NEW VOYAGE FOODS CO., LTD.",新北市新店區安興路109號14樓之7,文O凱,,,2025/12/10,2025/12/10,Y,Y
60452072,樂飛生活美居企業有限公司,"LAFEY CO., LTD.",新北市三重區興德路131巷26號,劉O慧,0960313669,,2025/12/10,2025/12/10,Y,Y
60467531,炬棠國際事業有限公司,"JUTANG Global Enterprises CO., LTD.",新北市中和區圓通路369巷38弄19號3樓,林O歆,0960100525,,2025/12/10,2025/12/10,Y,Y
60474890,欣爵文創股份有限公司,"Noble Joy Spirits CO., LTD.",新北市板橋區大同街41號8樓,胡O偉,,,2025/12/10,2025/12/10,Y,Y
60506247,欣佳盛有限公司,"Xinjiasheng CO., LTD.",新北市三峽區民生街106之3號2樓,吳O蓉,02-26702841,,2025/12/10,2025/12/10,Y,Y
60506513,綠潁有限公司,GW1 EcoTech LTD.,新北市中和區泰和街36號,吳O齡,0972895628,,2025/12/10,2025/12/10,Y,Y
61222079,菈選工作室,ACHATS22 STUDIO,新北市三重區中正南路248號10樓之3,游O倫,0979450822,,2025/12/10,2025/12/10,Y,Y
61224528,淳森商行,Chunsen Firm,新北市三重區三陽路32號3樓,劉O德,,,2025/12/10,2025/12/10,Y,Y
90104955,柚子豐收股份有限公司,"YOUZI CO., LTD.",新北市汐止區茄苳路271號,林O倫,,,2025/12/10,2025/12/10,Y,Y
60468525,一睦德股份有限公司,"SOPHIE CO., LTD.",新北市中和區立德街148巷22號5樓,羅O菁,0938708989,,2025/12/09,2026/07/21,Y,Y
33695889,俊元興業股份有限公司,Jyun Yuan Company Limited,新北市新莊區中正路544之8號,袁O鋒,02-29023186#13,,2025/12/09,2025/12/09,Y,Y
60474723,林晏有限公司,"LINYEN CO., LTD.",新北市蘆洲區光華路186巷39號5樓,林O睿,,,2025/12/09,2025/12/09,Y,Y
60506078,鉦禾實業有限公司,"JENG HAI Industrial CO., LTD.",新北市中和區民享街73號2樓,廖O堯,0981064788,,2025/12/09,2025/12/09,Y,Y
60706836,縱顯科技有限公司,"Verticalsolu CO., LTD.",新北市三重區碧華街351號,張O銘,0963130159,,2025/12/09,2025/12/09,Y,Y
61224392,優唯藝術企業社,YouV Art Co.,新北市汐止區新台五路1段97號28樓之11,劉O翰,0987193707,,2025/12/09,2025/12/09,Y,Y
83258618,和愛投資股份有限公司,He-Ai Investment Holding Company Limited,新北市中和區和平街2巷4弄10號3樓,吳O珍,02-29409516,,2025/12/09,2025/12/09,Y,Y
83593747,早晨光有限公司,"Chen kuang CO., LTD.",新北市中和區中和路390號12樓之3,黃O郁,0223657766,,2025/12/09,2025/12/09,Y,Y
87317286,慢慢爬森活館,SlowTortoise Store,新北市永和區豫溪街72號(1樓),邱O蓉,,,2025/12/09,2025/12/09,Y,Y
50987707,采樸國際開發有限公司,"Chai Pu CO., LTD.",新北市中和區華新街109巷42號1樓之2,張O銘,0925390009,,2025/12/08,2026/09/15,Y,Y
60474385,艾瑞昂科技有限公司,"AUREON Tech Co., Ltd.",新北市五股區成泰路1段189巷18號之1 17樓,許O臻,,,2025/12/08,2026/02/26,Y,Y
60469849,扇港先進台灣股份有限公司,"SENKO Advanced Components (Taiwan) Co., Ltd.",新北市中和區建八路218號9樓,大O良介,,,2025/12/08,2026/01/13,Y,Y
00162991,禾欽木業有限公司,"Heqin Wood Industry CO., LTD.",新北市中和區中山路2段332巷59號4樓,陳O舟,02-26019346,02-26017579,2025/12/08,2025/12/08,Y,Y
60418862,泉泓包裝有限公司,"Chuan Hong Packaging CO., LTD.",新北市淡水區頂田竂路160號,呂O儀,02-26228928,02-26268928,2025/12/08,2025/12/08,Y,Y
60450659,鶴立國際貿易有限公司,"Herli International Trading CO., LTD.",新北市淡水區中正路11巷1號,張O瑋,,,2025/12/08,2025/12/08,Y,Y
60473702,慵懶艾拉芙餐飲有限公司,"Ai La Fu Lazy Pasta CO., LTD.",新北市新莊區中和街194號(1樓),林O勛,,,2025/12/08,2025/12/08,Y,Y
60473920,安杰裝飾顧問有限公司,"Antony Decoration Consulting CO., LTD.",新北市中和區南華路31號9樓之2,范O杰,0910168287,,2025/12/08,2025/12/08,Y,Y
61221923,囿昇行,YouSheng Company,新北市汐止區大同路2段452號(1樓),楊O偉,,,2025/12/08,2025/12/08,Y,Y
72656483,峻深汽車商行,Junshen Auto CO.,新北市新莊區化成路359號(1樓),許O碩,,,2025/12/08,2025/12/08,Y,Y
89164379,星行有限公司,"POLARIS CO., LTD.",新北市樹林區鎮前街273之1號,徐O珍,0972959825,,2025/12/06,2025/12/06,Y,Y
60527989,咖衣研製有限公司,wearcafelabs Company,新北市新莊區中華路2段7號10樓,安O𨺓,02-29547663,,2025/12/05,2026/06/03,Y,Y
54058990,崴程科技有限公司,"Wei Cheng Technology CO., LTD.",新北市中和區橋和路115號10樓,劉O傑,02-82451803#11,,2025/12/05,2025/12/05,Y,Y
60268049,六味御品麵線,Six-Flavor Imperial Noodles Store,新北市永和區成功路2段199之2號(1樓),朱O森,0970838630,,2025/12/05,2025/12/05,N,N
60467384,勵友環保股份有限公司,"Enviro Li CO., LTD.",新北市五股區新城一路308號(1樓),何O惠,,,2025/12/05,2025/12/05,Y,Y
60473132,康樂國際實業有限公司,"Kang Le International Industrial CO., LTD.",新北市中和區民生街85巷1弄3號3樓,王O平,,,2025/12/05,2025/12/05,Y,Y
60473652,桓匯科技有限公司,"Mectra Technology CO., LTD.",新北市汐止區新台五路1段95號20樓之6,官O俊,,,2025/12/05,2025/12/05,Y,Y
66615936,眾星股份有限公司,"Zhongxing CO., LTD.",新北市蘆洲區中山一路197巷6弄14號,林O德,02-27230999,,2025/12/05,2025/12/05,Y,Y
90263242,家璽國際有限公司,JIA SHI Internation Limited Company,新北市永和區竹林路39巷6弄5號3樓,張O芯,0906861181,,2025/12/05,2025/12/05,Y,Y
93611717,金錢豹科技有限公司,JIN QIAN BAO Technology Company,新北市蘆洲區中山一路161號3樓,陳O鈴,0975718967,,2025/12/05,2025/12/05,Y,Y
60426547,仰登有限公司,"Yang Deng CO., LTD.",新北市八里區頂罟一路108號3樓,黃O祥,,,2025/12/04,2026/02/26,Y,Y
14655922,采倫企業社,CHAE YUEH Boutique,新北市新莊區中榮街92號3樓（現場僅供辦公室使用）,陳O融,02-27797178,,2025/12/04,2025/12/04,Y,Y
22031914,紹福企業有限公司,Shau Fu Limited Company,新北市蘆洲區中正路185巷23弄11號1樓,陳O珠,02-22889765,,2025/12/04,2025/12/04,Y,Y
27918476,緯宸有限公司,"Weichen CO., LTD.",新北市板橋區海山路15號1樓,魏O英,02-89535715,,2025/12/04,2025/12/04,Y,Y
54055311,騏平有限公司,Qiping Company Limited,新北市三重區三和路4段181巷181號,王O佳,,,2025/12/04,2025/12/04,Y,Y
60019696,嚕米小舖,LU MI Shop,新北市板橋區華江一路160號2樓,張O瑋,02-66236889,,2025/12/04,2025/12/04,Y,Y
60427139,價序有限公司,"Jiasyu CO., LTD.",新北市板橋區三民路2段33號14樓,董O慶,04-22549202,,2025/12/04,2025/12/04,Y,Y
60450150,立宸健康管理顧問股份有限公司,"LICHEN WELLNESS & HEALTH MANAGEMENT CO., LTD.",新北市三重區環河北路3段168號12樓,趙O禎,0988073177,,2025/12/04,2025/12/04,Y,Y
60472979,橡壹寵物國際股份有限公司,Acorn One International Inc.,新北市土城區學府路1段24巷2號3樓,黃O唯,,,2025/12/04,2025/12/04,Y,Y
60473288,下一頁童話有限公司,"Next Page Storyworks CO., LTD.",新北市三峽區學成路313號2樓之2,楊O昀,,,2025/12/04,2025/12/04,Y,Y
60500567,沐頌國際有限公司,"MUSONG INTERNATIONAL CO., LTD.",新北市新莊區新北大道2段217號10樓,李O芯,02-85225289#153,,2025/12/04,2025/12/04,Y,Y
61219428,繁星號,Stars Company,新北市新店區安忠路10巷5號3樓,許O雲,0925721233,,2025/12/04,2025/12/04,Y,Y
68072579,誠記有限公司,"RealCorex CO., LTD.",新北市三重區中正南路250巷11號23樓,林O惠,0922074322,,2025/12/04,2025/12/04,Y,Y
83520392,席樂企業有限公司,KW NEW MATERIALS LIMITED,新北市五股區西雲路287號5樓,許O豪,,,2025/12/04,2025/12/04,Y,Y
60685086,駿龍光電有限公司,Dragon Electronics Technology LTD.,新北市中和區新生街30巷19號,王O吉,0282282578,,2025/12/03,2026/08/21,Y,Y
28164616,富盛農經科技股份有限公司,"Fusheng Agro-Economic Technology Co., Ltd.",新北市永和區永貞路287巷1號1樓,曾O發,02-29206667,,2025/12/03,2025/12/03,Y,Y
60426309,和洋國際企業股份有限公司,"HOYA INTERNATIONAL ENTERPRISE CO., LTD.",新北市林口區文化北路2段550巷30弄15號(1樓),吳O穎,,,2025/12/03,2025/12/03,Y,Y
60434552,睿思科學有限公司,Advanced Science LLC.,新北市中和區員山路504號4樓,許O傑,,,2025/12/03,2025/12/03,Y,Y
60459510,毛屁救星行銷有限公司,"proudpets marketing Co.,Ltd.",新北市三重區環河南路30號4樓,陳O羽,0915368768,,2025/12/03,2025/12/03,Y,Y
60473180,伺伯可國際貿易有限公司,"Spark International Trading CO., LTD.",新北市淡水區民族路188號4樓,陳O翰,0955875772,,2025/12/03,2025/12/03,Y,Y
60473196,潤鋒國際貿易有限公司,"RunFun International Trading CO., LTD.",新北市中和區景新街338號12樓,葉O恩,0989777797,,2025/12/03,2025/12/03,Y,Y
60499816,嵐萃有限公司,Ververa LTD.,新北市土城區莊園街126號2樓,蘇O,,,2025/12/03,2025/12/03,Y,Y
60500519,品寶科技股份有限公司,"PING PRO TECHNOLOGY CO., LTD.",新北市汐止區康寧街169巷8號2樓,鄭O達,,,2025/12/03,2025/12/03,Y,Y
60500736,勝城家股份有限公司,"S.C.G CO., LTD.",新北市新莊區中正路659之2號7樓,廖O勝,,,2025/12/03,2025/12/03,Y,Y
83743318,晟煒企業有限公司,"Shengwei Enterprise CO., LTD.",新北市八里區中山路3段396號,王O驊,,,2025/12/03,2025/12/03,Y,Y
94191811,瀧厚企業有限公司,"Long-hou Enterprise CO., LTD.",新北市新莊區中正路831號之9(2樓),洪O璋,,,2025/12/03,2025/12/03,Y,Y
60500671,韓立有限公司,"HANSDE CO., LTD.",新北市中和區中山路2段356號10樓,薛O彬,0952979121,,2025/12/02,2026/03/30,Y,Y
41057189,大眾工程行,Dazhong Construction Company,新北市中和區中興街115巷16號4樓,林O龍,02-22456161,,2025/12/02,2026/03/20,Y,Y
60040987,康師實業社,Keks Camera International Co.,新北市林口區仁愛二路37號16樓,潘O廉,,,2025/12/02,2025/12/30,Y,Y
27442486,正豐圖文製版有限公司,"Cheng Feng Pringting & Design CO., LTD.",新北市三峽區國慶路182號4樓,陳O民,02-22500080,,2025/12/02,2025/12/02,Y,Y
36055041,偉凱機電工程有限公司,"WEI KAI MECHANICAL & ELECTRICAL ENGINEERING CO., LTD.",新北市新莊區化成路314巷4號,林O宗,,,2025/12/02,2025/12/02,Y,Y
42731915,禾漾生技有限公司,"HoYoung Biotech CO., LTD.",新北市淡水區水源街1段109號,洪O緯,,,2025/12/02,2025/12/02,Y,Y
60458961,萬益智慧科技有限公司,"Wanyi Intelligence Technology CO., LTD.",新北市三重區興德路92號11樓,林O春,02-22789288,,2025/12/02,2025/12/02,Y,Y
60468258,靜靜礦礦有限公司,ZZMINE LTD.,新北市中和區中正路736號14樓之3,黃O柔,,,2025/12/02,2025/12/02,Y,Y
60500285,台灣拾萃空間設計有限公司,"studio extract co.,ltd.",新北市深坑區北深路3段246之2號4樓,劉O年,,,2025/12/02,2025/12/02,Y,Y
60603846,帝苑國際事業股份有限公司,"Monarch International Co., Ltd.",新北市八里區龍米路1段366號(1樓),張O雅,02-26193256,,2025/12/02,2025/12/02,Y,Y
61221418,新妍商行,Universe Store,新北市三重區博愛里頂崁街206巷1弄3號2樓,張O鈴,0907381310,,2025/12/02,2025/12/02,Y,Y
61223437,玖特企業社,Jaunter Scientific CO.,新北市新店區溪園路341號2樓,李O剛,02-89819090,,2025/12/02,2025/12/02,Y,Y
80612328,愛維爾蛋糕有限公司,"LOVE-WELL CAKE CO., LTD.",新北市土城區中央路3段126巷21號4樓,吳O豪,02-32349888,02-22266669,2025/12/02,2025/12/02,Y,Y
90547375,珹策國際商務有限公司,"CGR-NYT International Business Services CO., LTD.",新北市板橋區中山路1段10號11樓,陳O媚,,,2025/12/02,2025/12/02,Y,Y
91085597,恆毅力國際有限公司,"Heng Yili Global Marketing CO., LTD.",新北市新莊區明中街51巷3號（1樓）,楊O冀,0961-012-019,,2025/12/02,2025/12/02,Y,Y
91430824,多隆商行,Duo Long Company,新北市永和區永和路2段57號7樓,楊O賢,02-25010760,,2025/12/02,2025/12/02,Y,Y
97597455,何拉斯宇有限公司,Ahorasweet LTD.,新北市板橋區實踐路70號4樓,何O振,02-29629696,,2025/12/02,2025/12/02,Y,Y
60467265,錦益貿易有限公司,"Everperity Trading CO., LTD.",新北市新店區中正路441號3樓,,,,2025/12/01,2026/06/19,N,N
60435567,艾笛有限公司,AIDIC LTD.,新北市汐止區樟樹二路290之3號3樓,于O天,02-26429339,,2025/12/01,2026/01/06,Y,Y
00248098,鍵深坊有限公司,DeepCoding LTD.,新北市林口區民族路100號13樓,林O祖,,,2025/12/01,2025/12/01,Y,Y
60426321,矽美科有限公司,"Xi M K CO., LTD.",新北市中和區中和路356號8樓,潘O呈,0970-881-252,,2025/12/01,2025/12/01,Y,Y
60450790,昌億盛有限公司,CYS Global Co.,新北市板橋區中山路1段293之1號12樓之2,黃O正,0900626915,,2025/12/01,2025/12/01,Y,Y
60466934,廣昀玻璃有限公司,"Guang Yun Glass CO., LTD.",新北市汐止區福德一路392巷42弄3號(1樓),鄭O坤,02-86931392,,2025/12/01,2025/12/01,Y,Y
60467589,大邁寰宇科技有限公司,Betavision Technology Taiwan Limited,新北市汐止區建成路37巷6號10樓,羅O恩,0921056892,,2025/12/01,2025/12/01,Y,Y
60468314,淳揮實業有限公司,"Chun Hui Industrial CO., LTD.",新北市汐止區福德一路342巷1弄28號,周O潔,02-26943301,,2025/12/01,2025/12/01,Y,Y
60468736,青色柚子餐飲顧問有限公司,"Green Pomelo Consulting Co., Ltd.",新北市中和區忠孝街126之1號13樓之6,杜O祐,,,2025/12/01,2025/12/01,Y,Y
60472915,淨和生技有限公司,Jingher COMPANY LIMITED,新北市林口區八德路352號,林O珍,,,2025/12/01,2025/12/01,Y,Y
60500004,寶嘟有限公司,"Baodu CO., LTD.",新北市中和區景平路180號25樓之8,顏O姈,02-29461018,02-29460518,2025/12/01,2025/12/01,Y,Y
60500118,牧引有限公司,MUY-IN LLC.,新北市新莊區萬安街127巷15號2樓,蘇O蘋,0911568883,02-22025481,2025/12/01,2025/12/01,Y,Y
60500399,因酷體驗基地台灣有限公司,Incubase Arena TW Co.,新北市板橋區華江一路111號7樓之5,李O統,,,2025/12/01,2025/12/01,Y,Y
60783045,安福事業有限公司,"AF Techs CO., LTD.",新北市樹林區三龍街106巷6號,安O烈,,,2025/12/01,2025/12/01,Y,Y
85286385,善之賈商行,kingcart automotive accessories Workshop,新北市新店區安祥路69巷23號,陳O傑,,,2025/12/01,2025/12/01,Y,Y
91041043,勝翔蛋品科技有限公司,"Shengxiang Egg Products Technology CO., LTD.",新北市樹林區三俊街65巷3號(1樓),鄭O智,02-26885718,,2025/12/01,2025/12/01,Y,Y
91096258,瓏螢有限公司,SK TAIWAN LTD.,新北市新莊區民安路188巷5號6樓之42,橋O繪理菜,,,2025/12/01,2025/12/01,Y,Y
60418223,鉅研有限公司,Juyan LTD.,新北市板橋區南雅南路2段122之7號3樓,劉O日,,,2025/11/28,2025/11/28,Y,Y
60434173,宏富泰國際有限公司,Wang Foo Tai International Limited,新北市林口區中山路560號2樓之6,劉O振,,,2025/11/28,2025/11/28,Y,Y
60499843,陸明貿易有限公司,"Lu Ming Trading Co., Ltd.",新北市五股區凌雲路2段31號,沈O安,,,2025/11/28,2025/11/28,Y,Y
60500200,費爾根國際有限公司,Falgon Global LTD.,新北市淡水區北新路192之2號,陳O起,0931277210,,2025/11/28,2025/11/28,Y,Y
60528376,群潤資本有限公司,"Cohoria Capital CO., LTD.",新北市新店區碧潭路77巷1號12樓之1,吳O清,0952012389,,2025/11/28,2025/11/28,Y,Y
60604373,瑞達優生態科技股份有限公司,"JW ECO-TECHNOLOGY CO., LTD.",新北市樹林區俊英街123巷23號,陳O文,02-86887068,,2025/11/28,2025/11/28,Y,Y
61222795,財豐服飾商行,Caifeng clothing Store,新北市雙溪區牡丹里下坑30號(1樓),蘇O玲,0933026328,,2025/11/28,2025/11/28,N,N
90063027,大台北高空工程有限公司,"Taipei High-Altitude Engineering CO., LTD.",新北市板橋區中山路1段293之1號10樓之1,陳O臣,0934283579,,2025/11/28,2025/11/28,Y,Y
60425667,享曜企業有限公司,"ENJOYA INTERNATIONAL CO., LTD.",新北市永和區保生路2號17樓之1,邱O月,02-89213519,,2025/11/27,2026/08/19,Y,Y
60580576,靜嶺股份有限公司,"Coolvance CO., LTD.",新北市汐止區新台五路1段97號14樓之11,林O崇,,,2025/11/27,2026/07/23,Y,Y
97613315,方婕企業股份有限公司,"FANGJIE ENTERPRISE CO., LTD.",新北市淡水區後洲子1之3號1樓,陳O蒨,0979057168,,2025/11/27,2026/05/30,Y,Y
60426595,逸橙行銷股份有限公司,Transcend Strategy CORP.,新北市三重區重新路1段84號(2樓),蔡O伃,0900626915,,2025/11/27,2025/12/05,Y,Y
60499983,金耀國際貿易有限公司,"Golden Radiance International Trading Co., Ltd.",新北市新店區二十張路16巷1弄8號3樓,張O芳,0979728760,,2025/11/27,2025/12/04,N,N
00225546,沐軒國際租賃股份有限公司,Ascend Global Leasing CORP.,新北市中和區景新街338號12樓,陳O語,0900626915,,2025/11/27,2025/11/27,Y,Y
02293832,明德塑膠廠,Mingde Precision Plastics Studio,新北市汐止區汐萬路1段151巷2號1樓,潘O榮,02-26941179,02-269440039,2025/11/27,2025/11/27,Y,Y
60425505,默客商業有限公司,MK Commercial LTD.,新北市三重區集英路35號6樓,丁O婷,,,2025/11/27,2025/11/27,Y,Y
60435118,海森商流股份有限公司,"Haisen Commerce Integration Platform CO., LTD.",新北市土城區青雲路70號,廖O珍,,,2025/11/27,2025/11/27,Y,Y
60466955,是超有限公司,"Chao Lin Co., Ltd.",新北市三重區重新路3段130號10樓之2,林O超,,,2025/11/27,2025/11/27,Y,Y
60467618,一七零九有限公司,"YI CHI LING CO., LTD.",新北市永和區永亨路106號,丁O緹,,,2025/11/27,2025/11/27,Y,Y
60527566,賀兆生有限公司,"luckylucky CO., LTD.",新北市永和區中正路417號8樓,陳O妃,0908717088,,2025/11/27,2025/11/27,Y,Y
61218384,迷你鼠寶工作室,HAMSTER PLANET Co.,新北市板橋區民權路223號,李O儒,02-2275-2638,,2025/11/27,2025/11/27,Y,Y
82124346,郡勵汽車美研,JLCB906 Studio,新北市中和區中正路906號,洪O辰,02-88828209,,2025/11/27,2025/11/27,Y,Y
82851936,其實有限公司,INFACT Co.,新北市新莊區新崑路117號14樓,錢O凱,02-22786088,,2025/11/27,2025/11/27,Y,Y
90023172,均世投資有限公司,"Junshi Enterprise CO., LTD.",新北市板橋區忠孝路190巷19號4樓,林O良,,,2025/11/27,2025/11/27,Y,Y
90369569,英創尼克斯科技有限公司,"Intronix Solution CO., LTD.",新北市板橋區篤行路3段79之1號6樓,邱O麟,,,2025/11/27,2025/11/27,Y,Y
90498037,北盛交通有限公司,Beisheng transportation Company Limited,新北市板橋區忠孝路87號(3樓),江O德,04-24523448,,2025/11/27,2025/11/27,Y,Y
90672957,聲活美學國際有限公司,"Master Acoustics Co., Ltd.",新北市中和區圓通路369巷187號4樓,陳O遠,0925885889,,2025/11/27,2025/11/27,Y,Y
24693690,潔客幫股份有限公司,"Jackercleaning CO., LTD.",新北市新莊區五權一路1號8樓之2,鄭O杰,,,2025/11/26,2025/11/26,Y,Y
52723007,澄一國際行銷有限公司,"CHANCE IN MARKETING CO., LTD.",新北市板橋區中山路1段283巷2弄4號1樓,陳O羽,0933210598,,2025/11/26,2025/11/26,Y,Y
54662322,寶勝光生醫科技股份有限公司,"Baosheng Guangsheng Biomedical Technology CO., LTD.",新北市中和區中山路3段146號11樓之2,林O彥,,,2025/11/26,2025/11/26,Y,Y
60417961,昕磊先進股份有限公司,"C&L Advanced CO., LTD.",新北市板橋區中正路250巷100號4樓,周O穎,0955557047,,2025/11/26,2025/11/26,Y,Y
60418624,威爸有限公司,Weiba Company,新北市板橋區華江八路36號9樓,鄭O聰,,,2025/11/26,2025/11/26,Y,Y
60436355,宏匯環三股份有限公司,"Hon Hui Huan San Co., LTD.",新北市新莊區昌平里思源路555號37樓,許O泰,,,2025/11/26,2025/11/26,Y,Y
60467650,璧麟國際有限公司,Billion International LTD.,新北市新莊區五工三路70巷26號(1樓),林O斐,,,2025/11/26,2025/11/26,Y,Y
60467770,芯翌科技有限公司,"SHINYI Technology CO., LTD.",新北市中和區橋和路120號5樓之5,傅O偉,,,2025/11/26,2025/11/26,Y,Y
60468601,能鏈科技有限公司,"Bunx Technology CO., LTD.",新北市新莊區中華路2段11號8樓,宋O雯,,,2025/11/26,2025/11/26,Y,Y
60528690,艾琳有限公司,Eileen Company,新北市板橋區華江八路36號9樓,施O伶,,,2025/11/26,2025/11/26,Y,Y
60547958,一味棧有限公司,One Taste House LTD.,新北市中和區中和路356號8樓,鄭O寶,,,2025/11/26,2025/11/26,Y,Y
60603091,健僑實業有限公司,"Milxon Technology CO., LTD.",新北市新店區民權路108號地下一層,蘇O仁,0935-081-589,,2025/11/26,2025/11/26,Y,Y
60632455,洧新有限公司,"Great New CO., LTD.",新北市新店區達觀路14巷1號11樓之3,陳O麗,02-86666487,,2025/11/26,2025/11/26,Y,Y
82117112,鑫文科技企業社,Shin Wen Technology Company,新北市新莊區民安西路172巷6弄5號,林O佑,0912088804,,2025/11/26,2025/11/26,Y,Y
91033965,世豐資訊科技有限公司,"ShiFeng CO., LTD.",新北市板橋區萬板路312巷6號,張O瑄,,,2025/11/26,2025/11/26,Y,Y
93795243,鑫文科技有限公司,"Xinwen Technology CO., LTD.",新北市新店區安興路127之6號12樓,林O佑,0917799928,,2025/11/26,2025/11/26,Y,Y
00128122,梅爾凱新材料科技有限公司,"Meirke New Materials Technology CO., LTD.",新北市林口區忠福路337巷25號(1樓),廖O安,0938862711,,2025/11/25,2026/06/18,Y,Y
93509234,拾光玩藏股份有限公司,Shiguang Collectibles Co.,新北市新店區中華路47巷2弄3號,鄭O廷,,,2025/11/25,2025/12/19,Y,Y
54286713,全國期刊共同行銷有限公司,"Nationwide Publications Joint Promotion CO., LTD.",新北市板橋區信義路54巷42號(1樓),陳O慈,,,2025/11/25,2025/11/25,Y,Y
60418069,正光勝科技顧問有限公司,"SEIKOS TEC CO., LTD.",新北市三重區福德南路10號2樓之7,楊O勝,0918903050,,2025/11/25,2025/11/25,Y,Y
60433857,良諾生醫科研股份有限公司,Relano Biomedical Co. Ltd.,新北市汐止區新台五路1段95號14樓之7,黃O穎,,,2025/11/25,2025/11/25,Y,Y
60433955,栖桃投資有限公司,"Peche Investment CO., LTD.",新北市板橋區華江一路111號15樓之1,毛O婷,,,2025/11/25,2025/11/25,Y,Y
60459167,神援服務有限公司,"Soteria Support CO., LTD.",新北市新莊區五權一路1號之1,葉O慈,0909992213,,2025/11/25,2025/11/25,Y,Y
60459292,永棟金投資有限公司,"Eternal James Chin CO., LTD.",新北市板橋區華江一路111號15樓之1,金O均,,,2025/11/25,2025/11/25,Y,Y
60466884,二次元行銷有限公司,"Second Dimension Marketing CO., LTD.",新北市新莊區中正路829巷22弄9號,蔡O,0931224359,,2025/11/25,2025/11/25,Y,Y
60467906,永誠發科技股份有限公司,"Omni Nexus Tech CO., LTD.",新北市中和區中正路911號,徐O惠,,,2025/11/25,2025/11/25,Y,Y
60468031,效律光電有限公司,COLOUR PARK INC.,新北市新莊區新莊路140號（1樓）,楊O昌,,,2025/11/25,2025/11/25,Y,Y
61221276,金祥商行,Jin Xiang Trading Co.,新北市板橋區中山路2段505巷42號3樓,葉O綾,0988-782-533,,2025/11/25,2025/11/25,Y,Y
72858571,大山琳企業社,Da Shan Lin Enterprise Co.,新北市泰山區泰林路2段522巷14號13樓,李O玲,0916850869,,2025/11/25,2025/11/25,Y,Y
82891509,鴻翔國際工程有限公司,"Hongsoar CO., LTD.",新北市新莊區樹新路206號5樓,黃O怡,0955160027,,2025/11/25,2025/11/25,Y,Y
83379900,帶筆談室有限公司,DB3D VISUAL STUDIO LTD.,新北市汐止區伯爵街41巷25號,夏O渝,0915109419,,2025/11/25,2025/11/25,Y,Y
91763815,淨礦如何工作室,Sofarsogood Workshop,新北市新店區安興路17之2號17樓,董O妤,,,2025/11/25,2025/11/25,Y,Y
95470451,恩愛有限公司,"NI Commerce CO., LTD.",新北市板橋區信義路54巷42號(1樓),陳O煌,,,2025/11/25,2025/11/25,Y,Y
96789265,媚記有限公司,"MayKey Commerce CO., LTD.",新北市板橋區信義路54巷42號(1樓),范O媚,,,2025/11/25,2025/11/25,Y,Y
96805413,坤誠科技股份有限公司,"Coolsun Technology CO., LTD.",新北市汐止區大同路3段369巷19號,張O智,02-86472368,,2025/11/25,2025/11/25,Y,Y
60467835,羽人運動有限公司,YUREN SPORTS LTD.,新北市永和區成功路2段56號2樓之1,,,,2025/11/24,2026/09/18,Y,Y
83308188,苙誠國際有限公司,"CHEN AN Fire Protection Technology CO., LTD.",新北市泰山區明志路3段153號7樓之1,劉O岑,02-22970799,,2025/11/24,2026/08/13,Y,Y
93717417,秝誠有限公司,"LC Precision Manufacturing Co., Ltd.",新北市樹林區佳園路1段80巷42號,許O誠,,,2025/11/24,2026/04/15,Y,Y
83768936,強豪投資股份有限公司,CHIANG HAO INVESTMENT LTD.,新北市三重區中興北街248之1號,林O豪,02-85110338,,2025/11/24,2026/01/07,Y,Y
00017759,福盈材料應用有限公司,FU YING APPLIED MATERIALS LTD.,新北市汐止區新台五路1段75號14樓,王O朝,0939-021872,,2025/11/24,2026/01/03,Y,Y
16358314,祥合汽車有限公司,"Xiang Ho auto materials CO., LTD.",新北市淡水區水源街1段62巷1之2號,林O明,02-86319385,02-86319386,2025/11/24,2025/11/24,Y,Y
24932019,台研國際科技股份有限公司,TaiYan International Technology CORP. LTD.,新北市土城區新洲路98號4樓,劉O民,02-27420277,02-27420322,2025/11/24,2025/11/24,Y,Y
60070567,鈺品企業社,YP Footwear Shop,新北市新店區復興路18號,陳O霖,02-2913-0919,,2025/11/24,2025/11/24,Y,Y
60417343,華曜商貿有限公司,"Splendor Commerce CO., LTD.",新北市三重區中央南路95巷3號(1樓),詹O昊,0900626915,,2025/11/24,2025/11/24,Y,Y
60425792,逸家定全屋定制股份有限公司,"YJD Custom Homes CO., LTD.",新北市三重區三和路4段163巷86號3樓,林O卉,02-22808600,,2025/11/24,2025/11/24,Y,Y
60450503,橙映娛樂國際有限公司,IN.ENTERTAINMENT LTD.,新北市板橋區莊敬路229號2樓,林O苓,,,2025/11/24,2025/11/24,Y,Y
60450638,華幼文化事業股份有限公司,"Hug You Culture Publishing CO., LTD.",新北市土城區復興街11號,呂O庭,,,2025/11/24,2025/11/24,Y,Y
60467856,泰耀科技股份有限公司,"Luminatech CO., LTD.",新北市淡水區新市一路3段180號13樓,陳O謙,02-26236829,,2025/11/24,2025/11/24,Y,Y
60740927,藝能彩印有限公司,"Yineng Color Printing CO., LTD.",新北市林口區文化二路1段232號2樓之3,廖O廷,0922868949,,2025/11/24,2025/11/24,Y,Y
91202315,心星工作室,Heart Star Studio,新北市三重區自強路3段43巷13號(1樓),吳O伊,0939680723,,2025/11/24,2025/11/24,Y,Y
94173948,艾普洛有限公司,"APR CO., LTD.",新北市中和區景安路177巷11號3樓,李O翰,02-22466008,,2025/11/24,2025/11/24,Y,Y
95135984,森雯商行,SENWEN HANG,新北市新店區自立街15號3樓,林O淑芬,,,2025/11/24,2025/11/24,Y,Y
93764163,品辰工程有限公司,"Pin chen CO., LTD.",新北市板橋區莊敬路48之2號2樓,周O英書,0937527607,,2025/11/21,2026/08/25,Y,Y
60466815,恆誠股份有限公司,"HENGCHENG CO., LTD.",新北市汐止區大同路3段196之8號8樓,廖O榮,0965-415595,,2025/11/21,2026/07/03,Y,Y
53763815,向柏國際股份有限公司,"Cypress Modern Reserve International CO., LTD.",新北市三重區文化北路131巷21號4樓之3,邱O中,02-89728862,,2025/11/21,2025/11/21,Y,Y
60060441,禾宇企業社,Heyu Co.,新北市五股區新城六路165號12樓,洪O雅,0988527522,,2025/11/21,2025/11/21,Y,Y
60433688,漢本三代有限公司,Hanben Limited Company,新北市泰山區仁義路222號（1樓）,陳O竹,0930-168033,,2025/11/21,2025/11/21,Y,Y
60435551,百企智能機械自動化股份有限公司,"Baiqi Intelligent Machinery Automation CO., LTD.",新北市樹林區三俊街65巷54號,廖O智,,,2025/11/21,2025/11/21,Y,Y
60450320,鑽精品有限公司,"Diamond Elite International CO., LTD.",新北市三重區福德北路12號3樓,李O融,0900626915,,2025/11/21,2025/11/21,Y,Y
60450335,歐布有限公司,"Orb Digital CO., LTD.",新北市三重區福德南路41號2樓,韋O,0900602915,,2025/11/21,2025/11/21,Y,Y
60517933,諾亞體育有限公司,NOYA SPORTS LTD.,新北市板橋區四川路1段136號2樓,童O佐,,,2025/11/21,2025/11/21,Y,Y
60528241,煥新生技有限公司,"Refresh Biotech CO., LTD.",新北市永和區安樂路194巷5號3樓,舒O慧,,,2025/11/21,2025/11/21,Y,Y
61221091,亞德立達企業社,AnD LEADER COMPANY,新北市新店區百忍街11號(1樓),廖O漢,,,2025/11/21,2025/11/21,Y,Y
83379275,所以國際有限公司,DAKARA Co.,新北市中和區保建路65之1號(1樓),賴O蓉,02-22786088,,2025/11/21,2025/11/21,Y,Y
85440795,三和門窗工藝社,Twdoor Works,新北市五股區成泰路3段577巷80弄88號,張O,,,2025/11/21,2025/11/21,Y,Y
93509924,勝德貿易顧問有限公司,"S&D Trade Consultant CO., LTD.",新北市新店區二十張路105巷36號,楊O勝,02-22190789,,2025/11/21,2025/11/21,Y,Y
93533570,璟泓智慧實業有限公司,"Lumina Source Smart Industries CO., LTD.",新北市三重區福德北路86號2樓,黃O棉,02-77097337,,2025/11/21,2025/11/21,Y,Y
96764150,名穎有限公司,"Mingying CO., LTD.",新北市新莊區中華路2段7號10樓,林O興,0978831557,,2025/11/21,2025/11/21,Y,Y
60467547,牧薪有限公司,MUSIN FEEDTECH Ltd.,新北市汐止區中正路51號,許O淳,02-26416217,,2025/11/20,2026/07/24,Y,Y
60415648,藍光國際有限公司,"Indo Cargo Tw CO., LTD.",新北市新莊區新樹路751號,張O唐,02-26873623,,2025/11/20,2026/04/30,Y,Y
60467309,裕昌建材有限公司,"Yu Chang Building Materials CO., LTD.",新北市新莊區銘德街140號,林O達,,,2025/11/20,2026/02/03,Y,Y
00169381,澔升企業有限公司,Hao Sheng Enterprise Ltd.,新北市中和區新生街114巷29號2樓,倪O澔,02-2363-2129#204,,2025/11/20,2025/11/20,Y,Y
60459125,阿商迪有限公司,"Asante CO., LTD.",新北市板橋區中山路1段293之1號12樓之2,林O慶,0900626915,,2025/11/20,2025/11/20,Y,Y
60527995,順財工業股份有限公司,"SBLTW INDUSTRY CO., LTD.",新北市樹林區柑園街1段110號,江O珅,0988121919,,2025/11/20,2025/11/20,Y,Y
87502971,仙瑪工作室,Xianma Studio,新北市中和區員山路226巷22弄6號4樓,劉O伶,09-25101601,,2025/11/20,2025/11/20,Y,Y
89158658,時多室內裝修設計有限公司,"Much Time Interior Decoration CO., LTD.",新北市中和區連城路23巷36號,何O恩,0939676550,,2025/11/20,2025/11/20,Y,Y
94109685,奧達整合行銷股份有限公司,"ODOS GLOBAL HOLDINGS CO., LTD.",新北市新莊區新北大道4段177號3樓,汪O鋒,0912-419110,,2025/11/20,2025/11/20,Y,Y
60435460,宏實精工股份有限公司,"Hong Shi CO., LTD.",新北市新莊區化成路352巷2號（1樓）,戴O偉,,,2025/11/19,2026/07/24,Y,Y
60062383,鉑潤國際商行,Platinum Luxe International Company,新北市新莊區思源路287巷1弄18號,陳O志,0963072905,,2025/11/19,2025/12/18,Y,Y
28571199,好家貨企業有限公司,"HOMESGOODS Enterprises CO., LTD.",新北市三重區溪尾街10之1號,王O欣,,,2025/11/19,2025/11/19,Y,Y
60012899,沐森空間藝創工程行,Muson Space Creative Engineering Studio,新北市鶯歌區中山路138巷3號之11,鄭O姝,,,2025/11/19,2025/11/19,Y,Y
60426477,赫赫國際建材有限公司,"Hehe International Building Materials Co., Ltd.",新北市三重區重新路5段673號(1樓),陳O鈴,,,2025/11/19,2025/11/19,Y,Y
60451236,沐峰企業有限公司,"Mufeng Enterprise Co., Ltd.",新北市新莊區中港路238巷3弄24號,鄭O峰,,,2025/11/19,2025/11/19,Y,Y
60527377,合川所股份有限公司,JMJ CORP.,新北市三重區重新路1段84號(2樓),陳O倫,0900626915,,2025/11/19,2025/11/19,Y,Y
61219932,杰立國際企業社,JAY LI INTERNATIONAL Co.,新北市泰山區仁愛路93號7樓,顏O明,0922888714,,2025/11/19,2025/11/19,Y,Y
66528763,軒譽有限公司,"Shuan Yu CO., LTD.",新北市新店區安興路127之13號8樓,陳O民,0939-313538,,2025/11/19,2025/11/19,Y,Y
91217669,大道藝術工作室,Da Dao Art Studio,新北市新莊區中央路728號24樓,宋O翠,,,2025/11/19,2025/11/19,Y,Y
96752823,平靜科技有限公司,"Peagine Technology CO., LTD.",新北市板橋區府中路114號,呂O揚,,,2025/11/19,2025/11/19,Y,Y
60499718,摯懋台灣有限公司,Champ Honest TW LTD.,新北市新莊區新樹路771號3樓,方O成,0972223363,,2025/11/18,2026/09/04,Y,Y
60466694,鋁耀科技有限公司,"ALUMAX TECHNOIOGIES CO., LTD.",新北市三重區中正北路411巷28號13樓,李O鎮,02-29880718,,2025/11/18,2025/12/16,Y,Y
22386909,寶路營造股份有限公司,"PRO CONSTRUCTION CO., LTD",新北市淡水區新市一路一段2號,趙O超,02-87925833,02-87923381,2025/11/18,2025/11/18,Y,Y
28568363,鑫明設計有限公司,M-star design LTD.,新北市樹林區三俊街65巷11弄19號,謝O明,0958781675,,2025/11/18,2025/11/18,Y,Y
60426146,宏宇源有限公司,"Hong Yu Yuan CO., LTD.",新北市泰山區明志路1段19巷6弄16號(1樓),鄒O秦,03-3612609,03-3612611,2025/11/18,2025/11/18,Y,Y
60433842,永旭森材料股份有限公司,"EverForest Material CO., LTD.",新北市淡水區下圭柔山76之9號,葉O樺,02-26259919,,2025/11/18,2025/11/18,Y,Y
60434639,巨立速模有限公司,GLSM LTD.,新北市樹林區俊安街24巷10弄6號,葉O慶,0921099078,,2025/11/18,2025/11/18,Y,Y
60458575,瑞瀚科技股份有限公司,"Ruihan Technology CO., LTD.",新北市五股區芳洲二路156號10樓,孫O宜,0905292119,,2025/11/18,2025/11/18,Y,Y
60459103,橡實生活有限公司,ACORN INC.,新北市汐止區新台五路1段125號10樓,陳O昀,,,2025/11/18,2025/11/18,Y,Y
92739568,泰澄企業社,Taicheng Company,新北市樹林區三俊街159巷12號,林O皓,02-2862-9668,,2025/11/18,2025/11/18,Y,Y
94877720,明華科技企業社,Minghua Technology Co.,新北市泰山區仁愛路39巷2號7樓,楊O生,02-89903970,,2025/11/18,2025/11/18,Y,Y
60435356,愉快仲間有限公司,"Yukai Partners CO., LTD.",新北市板橋區民生路2段168號2樓,陳O穎,02-22592147,,2025/11/17,2026/02/03,Y,Y
60427314,凱太健康事業有限公司,"Kai Tai Health Co., Ltd.",新北市汐止區連興街30號17樓,楊O中,,,2025/11/17,2025/11/18,Y,Y
00033913,彬彩室內裝修科技有限公司,"Bincai lnterior Decoration Technology CO., LTD.",新北市蘆洲區永安南路2段356號2樓,許O幸,0926165977,,2025/11/17,2025/11/17,Y,Y
00072464,全網域國際有限公司,Whole Territory International LTD.,新北市土城區中華路1段36號7樓之1,曾O偉,02-22628068,,2025/11/17,2025/11/17,Y,Y
60433792,輝源新有限公司,HUIYUANXIN Enterprise INC.,新北市新莊區中華路2段11號8樓,徐O翊,0910668266,,2025/11/17,2025/11/17,Y,Y
60434011,寵膩有限公司,"CHUMMY CO., LTD.",新北市三峽區大同路5巷42號,傅O美,02-86766942,02-86764444,2025/11/17,2025/11/17,Y,Y
60434997,念新文化事業有限公司,"Nianxin International Culture CO., LTD.",新北市汐止區新台五路1段99號22樓之9,孫O鳳,,,2025/11/17,2025/11/17,Y,Y
60528713,宜朋有限公司,"IE PERNG CO., LTD.",新北市中和區成功路38號,江O彥,02-29402792,,2025/11/17,2025/11/17,Y,Y
60741117,海芯國際資創有限公司,"HIGCORE Int'l Information & Innovation CO., LTD.",新北市鶯歌區鶯桃路658巷16號(1樓),海O德管理顧問股份有限公司,,,2025/11/17,2025/11/17,Y,Y
80014797,千娜紡織企業社,Qianna Textile Co.,新北市五股區五工路147號2樓,張O閔,,,2025/11/17,2025/11/17,Y,Y
89573536,辰達工程有限公司,Chenda Company,新北市板橋區長安街188號,吳O輝,02-29537089,02-29533085,2025/11/17,2025/11/17,Y,Y
90323277,鴻成工程有限公司,"HUNG SHING ENGINEERING CO., LTD.",新北市汐止區大同路1段185號13樓,卓O賢,02-25502552,,2025/11/17,2025/11/17,Y,Y
60458462,沛森科技有限公司,Payson Tech LTD.,新北市新店區北新路3段207之3號7樓,陳O旭,02-86639590,,2025/11/15,2026/02/12,Y,Y
60418758,信安汽車多媒體有限公司,"SINAN AutoTech Trading CO., LTD.",新北市板橋區民生路3段175號,蔡O霞,(02)22593173,,2025/11/14,2026/08/05,Y,Y
28782785,尚億源有限公司,"Sunyiyuan CO., LTD.",新北市土城區亞洲路11巷1弄29號,王O尚,02-23631931,,2025/11/14,2025/12/13,Y,Y
24996218,台北港科技股份有限公司,"Sunwise Technology CO., LTD.",新北市八里區厦竹圍22號5樓,施O吉,02-80069009#2215,,2025/11/14,2025/11/14,Y,Y
54317589,陽森資訊有限公司,"YoungSaas CO., LTD.",新北市土城區永豐路195巷26號,姜O航,02-29653715,,2025/11/14,2025/11/14,Y,Y
60433667,久盟台灣電子科技有限公司,"JIUMENG ELECTRONICS Technology CO., LTD.",新北市汐止區大同路3段196之5號6樓,季O斌,02-86473086,,2025/11/14,2025/11/14,Y,Y
60434820,泰克頓有限公司,TEKTON LLC,新北市汐止區新台五路1段93號21樓之6,貝O蒙（REMONFRAGEHERANYABESKHAROUN）,,,2025/11/14,2025/11/14,Y,Y
60434981,台灣信凱電子有限公司,"Taiwan Xinkai Electronic Technology CO., LTD.",新北市新店區中正路700巷36號13樓,陳O坤,,,2025/11/14,2025/11/14,Y,Y
60435052,進協和國際有限公司,Synercon International LTD.,新北市蘆洲區九芎街5巷6號,陳O嬌,02-82859599,02-82851525,2025/11/14,2025/11/14,Y,Y
60782257,晶鑫物業管理顧問有限公司,Chome property LTD.,新北市新莊區中正路66號10樓,許O財,0909-432964,,2025/11/14,2025/11/14,Y,Y
66252028,圓悅企業有限公司,"Circle Joy CO., LTD.",新北市深坑區北深路3段155巷1號10樓,聶O,0226648168,0226648608,2025/11/14,2025/11/14,Y,Y
82990304,奈特米科技股份有限公司,"NetMet Technology CO., LTD.",新北市永和區保生路1號12樓之5,姜O航,0229653715,,2025/11/14,2025/11/14,Y,Y
94029515,誠新量測股份有限公司,"Insight Test Labs CO., LTD.",新北市新店區寶元路1段85巷21號,高O華,0987539582,,2025/11/14,2025/11/14,Y,Y
60481105,日智家電股份有限公司,"NichiTech Appliance CO., LTD.",新北市新莊區新北大道3段7號19樓之6,顧O豪,02-27081800,02-27076118,2025/11/13,2026/02/04,Y,Y
54128187,安承管理顧問有限公司,"Ancheng Management Consulting CO., LTD.",新北市新店區寶橋路85巷50號16樓,吳O霖,03-5771390,03-5771603,2025/11/13,2025/11/13,Y,Y
60434259,暮嶼室內設計有限公司,"MOUE DESIGN CO., LTD.",新北市中和區明義街40巷4號,賴O恩,09-29624438,,2025/11/13,2025/11/13,Y,Y
60459413,泳馨股份有限公司,Ever Grace Motors co Ltd.,新北市板橋區中山路1段1號23樓,孔O隼,,,2025/11/13,2025/11/13,Y,Y
60548627,予承管理顧問有限公司,"Promisecore Consulting CO., LTD.",新北市新店區安興路127之13號8樓,陳O平,,,2025/11/13,2025/11/13,Y,Y
83227221,億斯特國際有限公司,EST INTERNATIONAL GROUP LTD.,新北市淡水區民權路27號（4樓）,陳O豪,02-28096867,,2025/11/13,2025/11/13,Y,Y
85028818,鐿全精密有限公司,"YI QUAN PRECISION CO., LTD.",新北市新莊區民安東路143號(1樓),顏O聖,02-22021625,,2025/11/13,2025/11/13,Y,Y
90574111,昌宇門業有限公司,"CHAHG YU DOOR INDUSTRIAL CO., LTD.",新北市樹林區樹潭街9之3號,林O昌,(02)2686-7008,(02)2686-7011,2025/11/13,2025/11/13,Y,Y
91080278,香港商驚奇學習有限公司台灣分公司,AmazingTalker Limited Taiwan Branch(HONG KONG),新北市新莊區思源路601號16樓,"趙O平Chao,Chieh-Ping",02-85218020#886,,2025/11/13,2025/11/13,Y,Y
93555406,鴻發設計有限公司,Hongfa design corp.,新北市三重區成功路104巷18號,朱O琦,,,2025/11/12,2026/09/25,Y,Y
60143962,典旺商行,Mundovia CO.,新北市板橋區萬安街53巷17號,黃O涵,,,2025/11/12,2026/08/11,Y,Y
60459201,瓦吉思有限公司,WaJIS Limited Company,新北市永和區永和路2段57號4樓,黃O,,,2025/11/12,2026/07/14,Y,Y
94209426,豪昇金股份有限公司,"AurumCraft Trading CO., LTD.",新北市板橋區民生路2段234巷24弄3號2樓,馮O豪,,,2025/11/12,2026/03/24,Y,Y
24732223,美慶電子有限公司,"Meiqing Electronics CO., LTD.",新北市板橋區中山路1段293之1號13樓之1,黃O豪,,,2025/11/12,2025/12/12,N,N
00112135,祥藝室內裝修有限公司,SY INTERIOR DESIGN LTD.,新北市淡水區中山北路1段212巷34號12樓,王O傑,0934171762,,2025/11/12,2025/11/12,Y,Y
50998970,恩賜方股份有限公司,"N Squared Incorporated CO., LTD.",新北市新店區自立街107號23樓,陳O睿,,,2025/11/12,2025/11/12,Y,Y
60425456,榮泰行國際貿易有限公司,"Rongtaihang International Trade CO., LTD.",新北市永和區成功路2段56號2樓之1,黃O晴,,,2025/11/12,2025/11/12,Y,Y
60427068,朗月資產股份有限公司,"Silvery Moon Asset Management CO., LTD.",新北市五股區成洲五路40號14樓,于O錕,,,2025/11/12,2025/11/12,Y,Y
60433884,飛思空間設計有限公司,"Soulace Interior Studio CO., LTD.",新北市板橋區松柏街25號3樓,陳O彤,0955589898,,2025/11/12,2025/11/12,Y,Y
60459005,愛森科技有限公司,"ESCENT CO., LTD.",新北市汐止區福德二路156巷46號15樓,鄭O升,0910198938,,2025/11/12,2025/11/12,Y,Y
60459053,馬克維康國際有限公司,"Markwell International CO., LTD.",新北市土城區金城路3段60巷23號10樓,林O正,,,2025/11/12,2025/11/12,Y,Y
60617243,濰笑實業有限公司,"WEI SMILE INDUSTRIAL CO,LTD",新北市板橋區中山路2段62號6樓之2,陳O維,02-77289729,,2025/11/12,2025/11/12,Y,Y
60730300,鴻森事業有限公司,"HONG SEN CO., LTD.",新北市泰山區泰林路2段292巷9號,范O閎,02-29098899,,2025/11/12,2025/11/12,Y,Y
90306185,高昱電子科技有限公司,"GAOYU ELECTRONIC TECHNOLOGY CO., LTD.",新北市泰山區義東街16號7樓,萬O森,,,2025/11/12,2025/11/12,Y,Y
90369218,永寶天然股份有限公司,"EVER TREASURE CO., LTD.",新北市新店區北新路1段2之20號9樓,林O昭,02-7741-6588#219,,2025/11/12,2025/11/12,Y,Y
91706104,大茹企業社,Da Ru Company,新北市三重區光明路110巷4號,葉O茹,0918580967,,2025/11/12,2025/11/12,Y,Y
02451629,優豆創意設計工作室,Yodo Creative Studio,新北市樹林區博愛街63號8樓,曾O聖,02-26750075,,2025/11/11,2026/08/13,Y,Y
60425694,世宇事業有限公司,"NOVA UNIVERSE INTERNATION CO., LTD.",新北市林口區中正路300號3樓,鄭O哲,02-26006577,,2025/11/11,2026/06/05,Y,Y
00056099,艾圈歐娛樂有限公司,"A.Q.O. Entertainment Co., Ltd.",新北市永和區永和路1段190號9樓,,,,2025/11/11,2026/03/28,N,N
50988993,新板頂贏國際事業股份有限公司,"New Taipei Teamwin International Enterptise CO., LTD.",新北市板橋區文化路1段257號(1樓),吳O暉,02-22570111,,2025/11/11,2025/11/11,Y,Y
60077793,燭赫手作坊,Zuher Studio,新北市板橋區幸福路19號(1樓),周O瑪,,,2025/11/11,2025/11/11,Y,Y
60458505,星雲文化傳播有限公司,Aether Media Limited,新北市板橋區中山路2段62號6樓之2,劉O舒,,,2025/11/11,2025/11/11,Y,Y
60459096,藤林實業有限公司,"Turnlink CO., LTD.",新北市新莊區瓊林南路42巷24號(1樓),張O偉,,,2025/11/11,2025/11/11,Y,Y
61218342,金一好仕生活工作室,KINICHI HAUS CO.,新北市新莊區民安西路470之21號4樓,詹O宗,0968031113,,2025/11/11,2025/11/11,Y,Y
92722742,菳祥行,CHIN-HSIANG CO.,新北市淡水區沙崙路1段27號19樓,葉O綾,0988-782-533,,2025/11/11,2025/11/11,Y,Y
60425532,艮杯澤金有限公司,"Knbeyax Resources CO., LTD.",新北市板橋區板新路101號4樓,,0,,2025/11/10,2026/04/02,N,N
27453379,宥勝工業股份有限公司,yosheng INC.,新北市樹林區大安路351號5樓之2,葉O霆,02-26686538,,2025/11/10,2025/11/10,Y,Y
60528592,貫昱科技股份有限公司,"Guanyu Technology CO., LTD.",新北市新莊區福樂街118巷25號(1樓),鄭O彣,,,2025/11/10,2025/11/10,Y,Y
60554633,海王神域有限公司,POSEIDON REALM Limited,新北市萬里區忠三街37號2樓,王O匡,,,2025/11/10,2025/11/10,Y,Y
60633216,三容科技實業有限公司,"Sanrong Technology Industry CO., LTD.",新北市中和區中正路866號11樓,高O隆,0926666186,,2025/11/09,2025/11/21,Y,Y
90019064,碩尹有限公司,"Shuoyin CO., LTD.",新北市板橋區光正街9巷2弄5號,巫O尹,,,2025/11/09,2025/11/09,Y,Y
94159777,奧蘭多創新有限公司,BRAVO STUDY LTD.,新北市板橋區文化路1段141號3樓之2,黃O齊,,,2025/11/09,2025/11/09,Y,Y
24706180,歐格興業有限公司,"OUGE CO., LTD.",新北市林口區民富街99號2樓之1,莊O武,02-22926012,02-22951830,2025/11/07,2026/01/21,Y,Y
60482575,加拿大商唯豐投資有限公司台灣分公司,"Vestfy Trading Ltd., Taiwan Branch(Canada)",新北市新店區民權路108號地下一層,陳O齊ChenWeiQi,,,2025/11/07,2026/01/07,Y,Y
60083438,素眠家居商行,SOOVE Lifestyle CO.,新北市三重區力行路2段136巷33弄14號2樓,林O潤,0906933639,,2025/11/07,2025/11/07,Y,Y
60425580,放勁來有限公司,"Funkgelic CO., LTD.",新北市中和區景新街383巷56號,游O祺,0901-137237,,2025/11/07,2025/11/07,Y,Y
60458391,騰雲生醫股份有限公司,"Cloudridge Biomedical CO., LTD.",新北市淡水區中正東路2段27之8號8樓,許O豪,0913089272,,2025/11/07,2025/11/07,Y,Y
60458619,花耀人生國際有限公司,"HANAZOKU INTERNATIONAL CO., LTD.",新北市三重區中正北路394巷2弄16號,陳O樺,0920774295,,2025/11/07,2025/11/07,Y,Y
60527741,霓霖美學創意有限公司,"Nilin Aesthetics & Creative Co.,Ltd",新北市樹林區東榮街19號,吳O霖,,,2025/11/07,2025/11/07,Y,Y
60602924,黑曜龍有限公司,"Obsidragon CO., LTD.",新北市新莊區富貴路492號6樓,楊O蓉,,,2025/11/07,2025/11/07,Y,Y
00141589,優尚生活電器有限公司,"YouShangLife CO., LTD.",新北市淡水區水梘頭19之3號,林O威,0919039861,,2025/11/06,2025/11/06,Y,Y
60082178,燦亮工程企業,Brilliant Engineering Co.,新北市新店區民權路153號4樓,吳O盈,,,2025/11/06,2025/11/06,Y,Y
60426912,寅利有限公司,"IN LEAD CO., LTD.",新北市三重區大智街89號20樓之6,徐O澤,02-29813338,,2025/11/06,2025/11/06,Y,Y
60458759,富比麥國際有限公司,"Fubimax international CO., LTD.",新北市三峽區學勤路192之2號6樓,張O寰,0988273127,,2025/11/06,2025/11/06,Y,Y
60458765,開元機電股份有限公司,"Genesis Electrical Engineering CO., LTD.",新北市土城區金城路1段28號8樓,翁O鈴,,,2025/11/06,2025/11/06,Y,Y
70840695,睿泰機械有限公司,Raytai Machinery Co. Ltd.,新北市鶯歌區鶯桃路206巷38弄21號,陳O倫,,,2025/11/06,2025/11/06,Y,Y
83472440,羽雲工程有限公司,"Yu Yun Engineering CO., LTD.",新北市蘆洲區中山一路161號3樓,陳O勳,0983380519,,2025/11/06,2025/11/06,Y,Y
84486864,大考數研科技股份有限公司,"DaKao EduTech CO., LTD.",新北市板橋區中山路1段293之1號13樓,陳O源,02-29555178,,2025/11/06,2025/11/06,Y,Y
91217984,靖然是這樣工作室,Hedshots media Studio,新北市三峽區三樹路98巷156弄27號(1樓),劉O萱,,,2025/11/06,2025/11/06,Y,Y
60426096,艾貝希國際有限公司,"The Empathy International CO., LTD.",新北市新店區北新路2段262號3樓之3,,,,2025/11/05,2026/09/03,Y,Y
87112410,秝榛國際商業社,LI-JEN International Co.,新北市汐止區水源路2段125巷12弄10號(1樓),葉O宏,,,2025/11/05,2025/11/12,Y,Y
47119845,益立福生物科技有限公司,"EasyFoot Technology Co., Ltd.",新北市三重區貴陽街37號,林O賢,0972173531,,2025/11/05,2025/11/05,Y,Y
60083275,東熙貿易商行,Dongxi Building Materials Company,新北市汐止區樟樹一路1巷8號7樓,王O萱,0976512512,,2025/11/05,2025/11/05,Y,Y
60425553,一本集成有限公司,"Yipon Integration Co., Ltd",新北市汐止區新台五路1段93號21樓之6,陳O廷,,,2025/11/05,2025/11/05,Y,Y
60426384,睿迪士科技有限公司,"Radius Technology CO., LTD.",新北市三峽區民權街197號,趙O勇,,,2025/11/05,2025/11/05,Y,Y
60451989,亞升數位有限公司,"Ason Digital Co., Ltd.",新北市淡水區新春街35之1號3樓,丘O華,0911645658,,2025/11/05,2025/11/05,Y,Y
60458701,雙恒有限公司,"DINQ ENTERPRISE CO., LTD.",新北市板橋區長江路1段156巷4號4樓,林O君,,,2025/11/05,2025/11/05,Y,Y
60749997,南玄國際有限公司,"Nan Xuan International CO., LTD.",新北市樹林區三德街28之3號(1樓),黎O玄,0987326553,,2025/11/05,2025/11/05,Y,Y
87471528,豐和實業社,Feng He Industrial Co.,新北市板橋區中山路1段1號18樓之26,蔡O絹,,,2025/11/05,2025/11/05,Y,Y
94182524,台灣泓冠光電有限公司,"Taiwan Hoivway CO., LTD.",新北市中和區景新街347號11樓之3,羅O忠,,,2025/11/05,2025/11/05,Y,Y
60594234,群巢數位行銷有限公司,"HIVE Marketing Lab CO., LTD.",新北市新莊區中原路333號3樓,許O麟,0980760349,,2025/11/04,2026/09/18,Y,Y
60527432,瑞禾科技有限公司,"RAYHO TECHNOLOGY CO., LTD.",新北市五股區五權五路27號6樓,張O瑋,,,2025/11/04,2026/04/15,Y,Y
28802261,寰延有限公司,"Huangyang CO., LTD.",新北市新店區寶中路92號5樓之2,蘇O捷,02-29120382,,2025/11/04,2026/03/24,Y,Y
60427362,峻浩實業有限公司,INVEST WISDOM Company Limited,新北市三重區重新路五段609巷6號4樓之1,金O輝,2995-1860,,2025/11/04,2026/02/14,Y,Y
90104815,築利家股份有限公司,"Julijia CO., LTD.",新北市中和區安和路15號,呂O婷,0917507841,,2025/11/04,2025/11/28,Y,Y
00126715,瑟路舜實業股份有限公司,"Solution Platform lndustrial CO., LTD.",新北市板橋區三民路2段40號5樓之6,李O霖,02-27414819,02-27417651,2025/11/04,2025/11/04,Y,Y
23368443,裕勝室內裝修有限公司,"YuSheng-deco CO., LTD.",新北市三重區長安街84號1樓,吳O翰,02-89728168,02-29737902,2025/11/04,2025/11/04,Y,Y
29161481,仁耀有限公司,"REN YAO CO., LTD.",新北市新店區安祥路109巷1弄23號,陳O哲,,,2025/11/04,2025/11/04,Y,Y
60082917,璐比智慧商行,Rubix Intelligent Studio,新北市中和區忠孝里忠孝街19巷56號4樓,李O修,0970736573,,2025/11/04,2025/11/04,N,N
60425771,賽創爾機器人競技有限公司,"GTA Robotics X STR CO., LTD.",新北市板橋區漢生東路299巷21號,陳O妤,,,2025/11/04,2025/11/04,Y,Y
91787632,瑞泰鋼鐵工程行,RuiTai Steel Engineering Store,新北市泰山區同義街47巷14號(1樓),郭O弘,0963525883,,2025/11/04,2025/11/04,Y,Y
97981578,中華殯葬禮儀協會,Chunghwa Funeral Ceremony Association,新北市深坑區北深路三段280號2樓,吳O芬,02-2664-6906,,2025/11/04,2025/11/04,Y,Y
60078408,念念顧問工作室,PENSEES WORKSHOP,新北市淡水區淡金路77巷16號5樓,陸O玲,,,2025/11/03,2026/07/28,Y,Y
60425673,果雅教育有限公司,"GOYA EDUCATION CO., LTD.",新北市林口區文化一路二段188號五樓,張O玲,,,2025/11/03,2026/03/20,Y,Y
13095211,易泰氏資訊科技服務有限公司,Meetingreat Inc.,新北市永和區民權路53號8樓,石O娟,02-86685689,02-86685681,2025/11/03,2025/11/03,Y,Y
24230158,華盈科技有限公司,"Huaying Technology CO., LTD.",新北市永和區保平路214巷12弄3號3樓,胡O翔,02-32333601#11,02-89234823,2025/11/03,2025/11/03,Y,Y
24725911,蜻蜓設計行銷有限公司,Dragonfly Design Marketing Ltd,新北市新莊區豐年街28巷27號3樓,林O晴,0229652957,0229651550,2025/11/03,2025/11/03,Y,Y
60426722,台印顧問服務有限公司,"ITC Services CO., LTD.",新北市林口區公園路203號10樓之1至之2,勞O雄,02-85227744,,2025/11/03,2025/11/03,Y,Y
60426737,威旺光電股份有限公司,Wewan Optoelectronics INC.,新北市樹林區東豐街65之1號5樓,林O瑯,02-86861270,02-86861272,2025/11/03,2025/11/03,Y,Y
60452024,鑫科智能有限公司,SHINCOIM LTD.,新北市新店區中央七街61巷20號3樓,王O華,,,2025/11/03,2025/11/03,Y,Y
60601896,翁家國際有限公司,"Weng Jia International CO., LTD.",新北市淡水區原德路1號地下層,翁OO,,,2025/11/03,2025/11/03,Y,Y
60632785,有鈦科技股份有限公司,"UTILE TECH CO., LTD.",新北市新店區央北二路392號,郭O希,,,2025/11/03,2025/11/03,Y,Y
60716953,德盈科技有限公司,"Deying Technology CO., LTD.",新北市永和區民權路53號8樓,葉O德,(02)8668-6300,(02)8668-6388,2025/11/03,2025/11/03,Y,Y
83006775,喜樂生醫顧問股份有限公司,"Joyful Biotech Medical consulting CO., LTD.",新北市板橋區板新路101號4樓,郭O婷,02-77093190,,2025/11/03,2025/11/03,Y,Y
83169550,永承數位媒體有限公司,"Yong Cheng Digital Media CO., LTD.",新北市三重區福德南路24巷6之1號,林O龍,,,2025/11/03,2025/11/03,Y,Y
87313275,利泰模具企業社,Litai Mold Entetprise Company,新北市樹林區三俊街221號,林O富,02-26762993,,2025/11/03,2025/11/03,Y,Y
90193154,龍晶系統工程有限公司,"Longjing System Engineering CO., LTD.",新北市中和區中原二街28號18樓,黃O輝,,,2025/11/03,2025/11/03,Y,Y
97503485,品樺科技有限公司,"Pin Hua technology, Ltd",新北市板橋區大觀路3段220巷16號6樓,洪O軒,,,2025/11/03,2025/11/03,Y,Y
94060178,昇豐能源科技股份有限公司,"Shengfeng Energy Technology CO., LTD.",新北市林口區信義路277號9樓,黃O城,,,2025/11/01,2025/11/01,Y,Y
26542000,上尹興業社,SUN YIN BEAUTY INDUSTRY Company,新北市中和區中山路3段114巷70號,呂O萍,02-22239289,,2025/10/31,2025/10/31,Y,Y
28548753,佳禾鑫有限公司,Verdin LTD.,新北市新莊區福營路227巷41號,簡O羚,,,2025/10/31,2025/10/31,Y,Y
34780912,盛益企業社,Sheng Yi Enterprise Co.,新北市淡水區沙崙路122號12樓,卓O盛,,,2025/10/31,2025/10/31,Y,Y
54867063,歐川國際有限公司,"Ouchuan lntermational Co., Ltd.",新北市林口區文化二路1段66號7樓之3,王O雄,0912084825,,2025/10/31,2025/10/31,Y,Y
60081902,力方貿易企業社,LiveOn Co.,新北市土城區忠義路21號2樓,蕭O欽,0965219078,,2025/10/31,2025/10/31,Y,Y
60425934,領盈精密科技有限公司,"Lingying Precision Technology CO., LTD",新北市新莊區五權一路11號4樓之4,張O然,0933213562,,2025/10/31,2025/10/31,Y,Y
60426173,維臻國際貿易股份有限公司,"Vitazenne International Trading Co., Ltd.",新北市中和區景平路666號3樓,黃O杰,,,2025/10/31,2025/10/31,Y,Y
90452010,旭昇塑膠有限公司,SYU SHENG PLASTICS IND. LTD.,新北市新莊區化成路389巷31號(1樓),陳O儒,0222286242,,2025/10/31,2025/10/31,Y,Y
91428714,知恩商行,Grace Trading Company,新北市林口區文化二路1段22號,劉O吟,02-26009938,,2025/10/31,2025/10/31,Y,Y
60425821,營收駭客股份有限公司,"Ubridge Co., Ltd.",新北市新莊區新北大道4段177號3樓,鄭O豪,,,2025/10/30,2026/05/14,Y,Y
54655899,常穎國際運動有限公司,"EVERWIN INTERNATIONAL SPORT CO., LTD.",新北市板橋區中山路1段1號23樓,黃O銘,02-8751-2028,02-8751-2028,2025/10/30,2026/01/22,Y,Y
27865013,理研興業有限公司,"LeyenTech Enterprise CO.,LTD.",新北市土城區慶祥街1巷13號,王O祖,(02)2267-1200,(02)2267-1208,2025/10/30,2025/10/30,Y,Y
60079976,雲開國際企業社,Cloud Gate international Co.,新北市中和區中正路716號7樓之5,鄧O耀,03-3288187,,2025/10/30,2025/10/30,N,N
60081121,愛麗兒蒙恩國際企業社,Arielux Gnp International Co.,新北市板橋區四川路1段57號(1樓),卜O廷,02-86664652,,2025/10/30,2025/10/30,N,N
60418498,子漾玄脈有限公司,"ZIYANG CO., LTD.",新北市三重區福裕街25號,王O汝,0966-868414,,2025/10/30,2025/10/30,Y,Y
60425569,皓奇樂科技有限公司,"Howfuntek International CO., LTD.",新北市三重區重新路5段609巷16號9樓之10,黃O皓,0987589676,,2025/10/30,2025/10/30,Y,Y
60450715,廷宣股份有限公司,Alpha Nexus Inc.,新北市新莊區化成路213號（2樓）,陳O君,,,2025/10/30,2025/10/30,Y,Y
83513955,橘星科技有限公司,"JyuStar Technology Co., Ltd.",新北市新莊區中港路695號4樓,徐O晟,,,2025/10/30,2025/10/30,Y,Y
94172928,秉立股份有限公司,"Bingli CO., LTD.",新北市土城區中山路68號8樓之2,高O茹,,,2025/10/30,2025/10/30,Y,Y
98244753,必優樂貿易有限公司,"Biyole Trading CO., LTD.",新北市三重區新北大道1段129號4樓,鄭O甄,,,2025/10/30,2025/10/30,Y,Y
60542095,黎維納國際股份有限公司,"Liwena Co., Ltd.",新北市汐止區福德二路331號,何O穎,,,2025/10/29,2026/08/26,Y,Y
54836098,翔達紙業有限公司,"SIANG DA PULP & PAPER CO., LTD.",新北市中和區福祥路68號17樓,邵O穎,02-29290065,,2025/10/29,2025/12/24,Y,Y
90277317,甲方巴巴數位媒體行銷有限公司,"Party A: Baba Digital Media Marketing CO., LTD.",新北市蘆洲區民權路140號5樓,黃O豪,,,2025/10/29,2025/12/09,N,N
60572718,承澤貿易有限公司,"Cheng Ze CO., LTD.",新北市新莊區福樂街118巷1弄12號2樓,江O典,,,2025/10/29,2025/12/03,Y,Y
60417189,艾林智美有限公司,Ai Lin Inc.,新北市板橋區民生路1段33號12樓之2,林O華,,,2025/10/29,2025/10/29,Y,Y
60528185,翊克儀器股份有限公司,"ETECH INSTRUMENT CO., LTD.",新北市中和區中正路758號7樓,張O書,0975-916-389,,2025/10/29,2025/10/29,Y,Y
60528523,后愛金飾珠寶有限公司,"QueenLove Jewelry Co., Ltd",新北市林口區文化三路2段296號26樓,陳O欣,,,2025/10/29,2025/10/29,Y,Y
60570090,上羡國際貿易有限公司,Talent Company Limited,新北市中和區華新街75號6樓,林O芬,02-29480885,02-29467070,2025/10/29,2025/10/29,Y,Y
60633362,橘貓小鎮有限公司,"Ginger Tail Town CO., LTD.",新北市瑞芳區明燈路2段77號,劉O昕,02-22838225,,2025/10/29,2025/10/29,Y,Y
60698499,超富裕有限公司,SUPER RICH COMPANY LIMITED,新北市板橋區三民路2段32號3樓,范O源,0982733167,02-89541845,2025/10/29,2025/10/29,Y,Y
90887660,龍媽日記有限公司,"LOVE DAILY CO., LTD.",新北市板橋區文化路2段285號21樓,曾O珊,0965805763,,2025/10/29,2025/10/29,Y,Y
91704577,琢匠教育用品社,"Zhuojiang Educational Supplies Co.,",新北市新莊區新北大道4段173號2樓,吳O兵,,,2025/10/29,2025/10/29,Y,Y
93685822,盛之杏有限公司,"SHENG,JHIH,SING LTD.",新北市永和區保安路280號3樓,洪O舜,02-2926-6725,02-8921-0095,2025/10/29,2025/10/29,Y,Y
97251729,展志精密工業股份有限公司,"Chan Ze Precision Industry CO., LTD.",新北市新莊區瓊林南路73之35號1-2樓,蔡O宇,,,2025/10/29,2025/10/29,Y,Y
60451067,歐貞國際有限公司,Orjen Global Taiwan LTD.,新北市板橋區中山路1段1號23樓,沈O安,0970804293,,2025/10/28,2026/03/07,Y,Y
38506660,金樂成商行,Jin Le Cheng Trading Co.,新北市汐止區福德一路428號,朱O勤,,,2025/10/28,2025/10/28,Y,Y
42735757,佳鑠生物科技有限公司,"BioNexis Life Science CO., LTD.",新北市三重區三和路4段118巷8號2樓,蕭O得,0937982467,,2025/10/28,2025/10/28,Y,Y
60078532,均臣企業社,Junchen CO.,新北市中和區壽德街33號5樓之3,蕭O圢,02-29642933,,2025/10/28,2025/10/28,Y,Y
60081591,永和正行國際貿易商館,Yonghe Zhengxing International Trading HOUSE,新北市永和區民有街12號,施O涵,,,2025/10/28,2025/10/28,Y,Y
60425548,紫耀星河有限公司,Purple Star River Ltd.,新北市板橋區中山路1段10號9樓,陳O仁,,,2025/10/28,2025/10/28,Y,Y
60425723,高寶嚴選有限公司,Global Selection LTD.,新北市汐止區新台五路1段97號27樓之7,沈O娟,,,2025/10/28,2025/10/28,Y,Y
60482569,泰商信億股份有限公司臺灣分公司,KINZI (THAILAND) COMPANY LIMITED TAIWAN BRANCH,新北市新莊區思源路601號13樓,"何O凌Ho,Chien-Lin",,,2025/10/28,2025/10/28,Y,Y
60554676,億增機械有限公司,"YI ZENG MACHINERY CO., LTD.",新北市三重區安慶街361巷9號3樓,林O翔,0953515815,,2025/10/28,2025/10/28,Y,Y
43850635,湧富國際開發有限公司,"Yongfu International CO., LTD.",新北市三重區新北大道1段129號4樓,劉O偉,,,2025/10/27,2026/02/27,Y,Y
00180132,鑫秀國際烘培股份有限公司,"Shin Shuu International CO., LTD.",新北市永和區永和路2段41號,許O豪,,,2025/10/27,2025/10/27,Y,Y
42706541,聯亞機電有限公司,Leaya Automatic Technology LTD.,新北市樹林區復興路446巷2弄6號,陳O茹,,,2025/10/27,2025/10/27,Y,Y
54684965,濬磊企業有限公司,JUNRAY ENTERPRISE LIMITED COMPANY,新北市淡水區新市一路3段101巷17弄30號4樓,陳O詩,,,2025/10/27,2025/10/27,Y,Y
60080376,山川食品貿易行,YAMAKAWA CO.,新北市新莊區四維路182巷2弄2號,杜O祥,,,2025/10/27,2025/10/27,Y,Y
60450601,貴飽地有限公司,Burp bean brew Co.,新北市中和區員山路597號5樓,李O勳,,,2025/10/27,2025/10/27,Y,Y
60527361,賽博味來智廚科技有限公司,"CyberChef Technology Co., Ltd",新北市新店區北新路1段89號9樓之2,徐O宇,0936098337,,2025/10/27,2025/10/27,Y,Y
60528018,倪葉國際有限公司,"NIYEH LNTERNATIONAL CO., LTD.",新北市新莊區龍安路66之28號10樓,葉O,0902-228195,,2025/10/27,2025/10/27,Y,Y
60528283,寶賢興業有限公司,"Baoxian Co., Ltd.",新北市蘆洲區永康街1巷29號3樓,李O溶,,,2025/10/27,2025/10/27,Y,Y
83641918,全鎬股份有限公司,"Quan Hao CO., LTD.",新北市三重區永福街197巷26號(1樓),梁O和,,,2025/10/27,2025/10/27,Y,Y
89159050,双甡股份有限公司,"2 Double CO., LTD.",新北市土城區福安街42巷20號,蔡O玉,02-29513826,,2025/10/27,2025/10/27,Y,Y
90045746,上元盛國際有限公司,"SUN WISH INTERNATIONAL CO., LTD.",新北市新莊區中華路2段5號6樓,黃O城,,,2025/10/27,2025/10/27,Y,Y
60492996,榮澤機械股份有限公司,"Rong Ze Machinery CO., LTD.",新北市土城區永平街3號(1樓),趙O魁,,,2025/10/23,2026/07/28,Y,Y
60450840,心成醫療器材有限公司,"Wish-medical CO., LTD.",新北市新莊區中華路2段234號,許O成,02-29905395,02-29906672,2025/10/23,2025/10/23,Y,Y
60451616,澤杋國際有限公司,"Zalvire International CO., LTD.",新北市永和區永貞路382之1號,徐O蘋,0929066323,,2025/10/23,2025/10/23,Y,Y
60481864,塞席爾商美聯醫材股份有限公司台灣分公司,MEDALLIANZ LTD. TAIWAN BRANCH(SEYCHELLES),新北市三重區光明路32巷34弄4號,"蕭O廷HSIAO,YU-TING",,,2025/10/23,2025/10/23,Y,Y
60527290,巨威科技有限公司,"JUWEI TECHNOLOGY CO., LTD.",新北市淡水區新市二路3段172巷18號,汪O玲,,,2025/10/23,2025/10/23,Y,Y
60527539,芯晨科技有限公司,"Xinchen Technology CO., LTD.",新北市汐止區明峰街122號4樓,魏O宏,0915766718,,2025/10/23,2025/10/23,Y,Y
60527881,塔普斯有限公司,"Taps Co., Ltd.",新北市中和區秀朗路3段70巷3號7樓,李O忠,,,2025/10/23,2025/10/23,Y,Y
60730929,時晨良品有限公司,"Shichen Quality Products CO., LTD.",新北市中和區中山路2段332巷35號10樓,周O良,02-29085626,,2025/10/22,2026/09/10,Y,Y
60492200,艾姆勒軌道交通設備有限公司,"EMIR RAIL TRANSIT EQUIPMENT CO., LTD.",新北市汐止區康寧街169巷8之2號2樓,陳O億,,,2025/10/22,2026/04/25,Y,Y
60527242,谷懋股份有限公司,"LIGO GLOBAL CO., LTD.",新北市新莊區中正路164號6樓,黃O良,,,2025/10/22,2026/02/25,Y,Y
60450975,澄景家具設計有限公司,"CENVIEW Furniture Design CO., LTD.",新北市蘆洲區中山一路161號3樓,洪O超,,,2025/10/22,2025/10/24,Y,Y
60079482,麒諭商行,Qiyu Trading Co.,新北市板橋區中山路2段416巷47弄22號4樓,倪O喻,02-29922614,02-29985489,2025/10/22,2025/10/22,Y,Y
60527263,嵐修有限公司,"LANSHIU CO., LTD.",新北市樹林區中山路2段151巷8弄17號3樓,敖O景,0985361391,,2025/10/22,2025/10/22,Y,Y
60527637,梓源策略顧問有限公司,"Ziyuan Strategy CO., LTD.",新北市中和區中山路3段39號19樓,高O榛,,,2025/10/22,2025/10/22,Y,Y
60527714,澄樺電子股份有限公司,"CHHA ELECTRONICS CO., LTD.",新北市新莊區中平路46巷3號2樓,王O霖,0927603988,,2025/10/22,2025/10/22,Y,Y
60528039,綿綿有限公司,"Bit by Bit Co., Ltd.",新北市板橋區文化路1段47號(1樓),簡O盈,,,2025/10/22,2025/10/22,Y,Y
60570107,安禾國際商貿有限公司,"Anhe International Trading CO., LTD.",新北市汐止區伯爵街88號(1樓),楊O維,0976212090,,2025/10/22,2025/10/22,Y,Y
80006564,日順企業社,RISHUN FIRM,新北市新莊區新北大道7段498巷2號17樓,胡O怡,0910533550,,2025/10/22,2025/10/22,Y,Y
80016004,壹葉企業有限公司,e-Yam Company Limited,新北市樹林區東順街72號,楊O智,,,2025/10/22,2025/10/22,Y,Y
60452050,翼能科技股份有限公司,"Wingners Technology CO., LTD.",新北市淡水區原德路108巷9號,林O梅,,,2025/10/21,2025/12/25,Y,Y
60078049,萬有影力工作室,Gravity Studio,新北市汐止區新台五路1段95號16樓之1,李O彤,,,2025/10/21,2025/10/21,Y,Y
60451524,麗生國際有限公司,"Beautiful Life CO., LTD.",新北市三重區後竹圍街213號4樓,黃O華,,,2025/10/21,2025/10/21,Y,Y
60483390,筑盛國際有限公司,"CHUSHENG LNTERNATIONAL CO., LTD.",新北市新莊區龍安路66之28號10樓,高O筑,0917-790706,,2025/10/21,2025/10/21,Y,Y
60483413,特迋電子有限公司,"ToWin Electronics CO., LTD.",新北市汐止區樟樹二路408號10樓,吳O緹,02-86671331#12,02-86673549,2025/10/21,2025/10/21,Y,Y
60527073,赫廷科技有限公司,Hertin Technology Limited,新北市土城區延和路105巷3弄3號2樓,陳O廷,,,2025/10/21,2025/10/21,Y,Y
60573189,緩光實業有限公司,Lumi ease ltd,新北市蘆洲區得勝街98號,李O,02-22885271,,2025/10/21,2025/10/21,Y,Y
83145880,祥貿投資有限公司,Xiangmao Investment LTD.,新北市蘆洲區中正路273巷14號2樓,陳O霖,,,2025/10/21,2025/10/21,Y,Y
91061743,韌性戶外生活有限公司,OUTDOOR LIFE LTD.,新北市板橋區民族路129巷12弄13號4樓,伍O萱,,,2025/10/21,2025/10/21,Y,Y
93669549,可可達活動創意行銷有限公司,COCODA EVENTS LTD.,新北市土城區溪頭路129號,黃O珊,,,2025/10/21,2025/10/21,Y,Y
96755223,京鼎管理顧問股份有限公司,"KING DING CO., LTD.",新北市新莊區建中街162號5樓,王O富,,,2025/10/21,2025/10/21,Y,Y
97334881,凌亨企業有限公司,LINHON ENTERPRISE Co.,新北市樹林區俊德街1、3號,廖O芳,02-26880987,02-26880967,2025/10/21,2025/10/21,Y,Y
60483384,比爾葛瑞絲有限公司,"Bill&Grace CO., LTD.",新北市中和區中山路3段39號19樓,李O弼,0979299296,,2025/10/20,2026/03/05,N,N
09965460,立能行,Power Go Co.,新北市林口區林口路124巷10弄19號1樓,葉O慧,,,2025/10/20,2025/10/20,Y,Y
60418384,微端智能股份有限公司,"Microtips Intelligence CO., LTD.",新北市林口區文化三路2段451號11樓,林O雄,,,2025/10/20,2025/10/20,Y,Y
60450721,昊晟電子股份有限公司,"HaoChenTek CO., LTD.",新北市新莊區中華路2段5號6樓,吳O維,0911232403,,2025/10/20,2025/10/20,Y,Y
60451263,鈞曜企業有限公司,"JunYao enterprise CO., LTD.",新北市林口區南勢街250巷1號7樓之2,高O仁,,,2025/10/20,2025/10/20,Y,Y
60483315,二七時創意股份有限公司,27Clock Creative Inc.,新北市樹林區復興路322巷12號2樓,夏O霆,,,2025/10/20,2025/10/20,Y,Y
60749238,康利貿易有限公司,"KONLEE TRADING CO., LTD.",新北市五股區成泰路1段32巷29號9樓,廖O皓,02-22925966,,2025/10/20,2025/10/20,Y,Y
91736901,映辰創新實業社,Ying Chen Innovation Co.,新北市三重區大仁街17號,吳O銘,02-89883335,03-4950019,2025/10/20,2025/10/20,Y,Y
94080147,藥陞股份有限公司,"RisingMed CO., LTD.",新北市新店區安祥路158巷3號6樓,白O綺,0927762686,,2025/10/20,2025/10/20,Y,Y
60415160,通達順有限公司,"TONGDASHUN CO., LTD.",新北市鶯歌區鳳鳴路583號,阮O隆,02-22320899,,2025/10/17,2026/04/24,Y,Y
50845807,懿桓環能股份有限公司,"Yihuan Environmental Energy CO., LTD.",新北市土城區慶利街39巷8號3樓,張O芸,02-26911137,,2025/10/17,2025/10/28,Y,Y
23623248,傑出國際有限公司,"JC PRINTING INTERNATIONAL CO., LTD.",新北市新店區寶高路7巷2號（1樓）,郭O英,02 2917 3610,,2025/10/17,2025/10/17,Y,Y
28905463,宏錩工程有限公司,"Hongn Chang Engineering CO., LTD.",新北市蘆洲區長榮路201號9樓,劉O峰,02-23083617,,2025/10/17,2025/10/17,Y,Y
53979765,碩德精密有限公司,"SHUO TE PRECISION CO., LTD.",新北市三重區興華街116號,劉O耀,03-5690165,,2025/10/17,2025/10/17,Y,Y
60072066,發燒雜貨店,Fever Audio Store,新北市中和區中正路918號3樓,林O廉,,,2025/10/17,2025/10/17,Y,Y
60077436,睿速國際企業社,RS Auto Part Co.,新北市板橋區三民路2段33號14樓,蘇O奇,,,2025/10/17,2025/10/17,Y,Y
60450406,育銘汽車材料有限公司,"Yuming Automotive Materials Co., Ltd.",新北市板橋區華江五路78號6樓,葉O銘,,,2025/10/17,2025/10/17,Y,Y
60450481,長毛象國際建材有限公司,"Mammoth International Building Materials Co., Ltd.",新北市板橋區大同街35巷58號(1樓),林O銘,,,2025/10/17,2025/10/17,Y,Y
60450519,東航貿易國際有限公司,"EITC International CO., LTD.",新北市永和區信義路17巷22號7樓,杜O,0422549202,,2025/10/17,2025/10/17,Y,Y
60450932,新茂應材股份有限公司,"Sync-more Materials CO., LTD.",新北市三重區光復路1段68巷11弄1號,江O信,02-29950535,02-29950202,2025/10/17,2025/10/17,Y,Y
60451307,格式正確有限公司,"PERFECT IN EVERY WAY CO,LTD.",新北市永和區得和路346號5樓,苗O綺,0928067646,,2025/10/17,2025/10/17,N,N
60633428,星智精密有限公司,"Starry Intelligence Precision CO., LTD.",新北市新店區永安街59之4號,蔡O伶,,,2025/10/17,2025/10/17,Y,Y
83714799,台灣科電股份有限公司,Taiwan Technology Corporation,新北市板橋區吳鳳路50巷39號,王O,0988538933,,2025/10/17,2025/10/17,Y,Y
87314773,鑫盈茶坊,XINYING INTERNATIONAL COMPANY,新北市三峽區國際一街30號,陳O婷,,,2025/10/17,2025/10/17,Y,Y
90451814,育縢科技股份有限公司,"Nurtura-Tech CO., LTD.",新北市土城區延吉街363巷1號3樓,陳O閔,,,2025/10/17,2025/10/17,Y,Y
90468955,佳典興業有限公司,"Jiadian Enterprise CO., LTD.",新北市中和區橋和路116號9樓之2,姚O媖,,,2025/10/17,2025/10/17,Y,Y
91420065,鑫泉茶坊,XINQUAN INTERNATIONAL COMPANY,新北市鶯歌區建國路175號(1樓),陳O婷,,,2025/10/17,2025/10/17,Y,Y
95619708,星界娛樂創意有限公司,"LuMirage Creative Entertainment CO., LTD.",新北市林口區仁愛路1段285巷53號(1樓),張O杰,0980048073,,2025/10/17,2025/10/17,Y,Y
60619328,達威生醫有限公司,"DAWAY Biomedical CO., LTD.",新北市中和區建八路181號11樓,林O煒,,,2025/10/16,2025/12/11,Y,Y
29044512,光點數位科技有限公司,Guang Dian Digital Technology Company Limited,新北市中和區景平路601號11樓之20,張O華,,,2025/10/16,2025/10/16,Y,Y
45899325,啟鈺有限公司,"CHIYU CO., LTD.",新北市樹林區八德街658號7樓,葉O印,,,2025/10/16,2025/10/16,Y,Y
50979517,郡品室內裝修股份有限公司,"JUNPIN INTERIOR DESIGN CO., LTD.",新北市新莊區中華路1段38號（1樓）,曾O婷,02-29908886,,2025/10/16,2025/10/16,Y,Y
60418379,優鎧防火科技有限公司,"Youkai Fireproof Technology CO., LTD.",新北市板橋區僑中二街120巷18號4樓,栗O,0920727920,,2025/10/16,2025/10/16,Y,Y
60451094,世洋有限公司,SZ CHE LTD.,新北市板橋區觀光街69巷22號(1樓),洪O澤,0978803198,,2025/10/16,2025/10/16,Y,Y
60452164,和駿電機有限公司,"HEJUN ELECTRIC CO., LTD.",新北市中和區中正路736號14樓之3,何O信,0921-995131,,2025/10/16,2025/10/16,Y,Y
60781102,先驅生醫股份有限公司,"GenomeFrontier Therapeutics, CORP.",新北市汐止區新台五路1段95號23樓,吳O強,,,2025/10/16,2025/10/16,Y,Y
90724673,好時栗整合行銷有限公司,gtlimc LTD.,新北市新莊區思源路25號13樓,劉O維,02-82850877,,2025/10/16,2025/10/16,Y,Y
97527590,燃點數位行銷股份有限公司,"SPARK-RIOT CO., LTD.",新北市新店區明德路103號4樓,鄭O城,,,2025/10/16,2025/10/16,Y,Y
60568756,新季佳國際有限公司,"Xin Ji Jia International CO., LTD.",新北市板橋區南雅西路1段35號3樓,蔡O樺,,,2025/10/15,2026/09/01,Y,Y
60488037,京宸開發工程有限公司,"jingchen Engineering Development CO., LTD.",新北市樹林區大安路542號4樓,周O宇,,,2025/10/15,2026/06/09,Y,Y
90307749,澄樺設計有限公司,"Cheng hua design CO., LTD.",新北市中和區景平路268號22樓之6,林O?如,,,2025/10/15,2025/12/31,Y,Y
60482152,馬來西亞商唐明盛試股份有限公司台灣分公司,"Aemulus Corporation Sdn. Bhd., Taiwan Branch(Malaysia)",新北市中和區建一路253號2樓,伍O華NGChinWah,,,2025/10/15,2025/12/09,Y,Y
00221176,鑫圖國際有限公司,Xinto Coffee Roaster Co.,新北市樹林區三俊街163號,郭O鑫,,,2025/10/15,2025/10/15,Y,Y
60077724,歐姆企業社,OOMPH Studio,新北市新莊區中央路714號21樓,廖O蓁,,,2025/10/15,2025/10/15,Y,Y
60418271,求真國際有限公司,SEEK TRUTH INTERNATIONAL LTD.,新北市板橋區中山路1段1號23樓,葉O佳,02-22772999,,2025/10/15,2025/10/15,Y,Y
60450927,尚騫生活有限公司,WALRUS COLLECT Ltd.,新北市中和區景平路288號15樓,彭O騫,0980-356317,,2025/10/15,2025/10/15,N,N
60451741,未來智控有限公司,AI FUTURE CONTROL CO.,新北市林口區仁愛路2段502號13樓之6,,0933927905,,2025/10/14,2026/08/14,N,N
90530682,瑋立有限公司,"Wei-Li CO., LTD.",新北市中和區莒光路63號(5樓),許O宏,02-22427589#102,,2025/10/14,2025/11/26,Y,Y
69388273,新麗建材企業有限公司,"Xinli Ceramic Enterprise CO., LTD.",新北市鶯歌區國慶街1號2樓,王O儷,02-26705080,02-26799250,2025/10/14,2025/10/30,Y,Y
60626051,在異世界開一間有限公司,intoTheIsekai Co.,新北市林口區民有街68號,李O盛,,,2025/10/14,2025/10/15,Y,Y
54273267,行星服飾有限公司,"PLANET FASHION CO., LTD.",新北市中和區中山路3段120之10號5樓,吳O偉,02-22269973,,2025/10/14,2025/10/14,Y,Y
60418027,集力貓傳播有限公司,Nine Tales LTD.,新北市林口區文化二路2段110巷5號8樓,王O茹,02-26035620,,2025/10/14,2025/10/14,Y,Y
60451587,浩琦軒科技顧問有限公司,HCHtech Consultant Ltd,新北市汐止區忠三街151號,陸O凡,,,2025/10/14,2025/10/14,Y,Y
60451778,洛克達行銷有限公司,Rockstar Marketing LTD.,新北市中和區民享街116巷27弄5號,廖O軒,0932701190,,2025/10/14,2025/10/14,Y,Y
60417287,芊樂健康事業有限公司,"VIVESSA Health CO., LTD.",新北市新莊區福慧路216號5樓,羅O牟,,,2025/10/13,2026/08/19,Y,Y
60418743,景太投資控股股份有限公司,LYKF Holding Corporation,新北市土城區員林街12巷7號3樓,呂O諺,,,2025/10/13,2026/06/19,Y,Y
60676973,綠水田股份有限公司,"Green Field Media Co., Ltd",新北市中和區建康路176號2樓,陳O萲,,,2025/10/13,2026/01/14,Y,Y
83048655,會萬有限公司,"secondmaster CO., LTD.",新北市泰山區明志路3段157號,周O詠,02-85122060#14,,2025/10/13,2025/12/09,Y,Y
60451876,伶華虹科技股份有限公司,"Linharon Commerce CO., LTD.",新北市林口區中山路679號13樓,許O華,,,2025/10/13,2025/11/22,Y,Y
54699101,美事得印刷有限公司,"Master Printing CO., LTD.",新北市中和區立德街213號,王O源,,,2025/10/13,2025/10/13,Y,Y
54712358,來福旺有限公司,"Laifuwang Co., Ltd.",新北市新店區安民街269巷16號5樓,杜O珍,02-22126110,,2025/10/13,2025/10/13,Y,Y
60417646,華陽鋼板股份有限公司,"HUAYANG STEEL PLATE CO., LTD.",新北市林口區文化二路1段260巷9號11樓之4,吳O全,02-26081086,,2025/10/13,2025/10/13,Y,Y
60417907,天富興股份有限公司,"Tien Fu Sing CO., LTD.",新北市板橋區中山路1段1號23樓,王O賦,,,2025/10/13,2025/10/13,Y,Y
60451502,永企國際有限公司,"Yongqi International CO., LTD.",新北市新莊區泰順街66號4樓,沈O雪雲,0953241898,,2025/10/13,2025/10/13,Y,Y
60633314,培菓寵物股份有限公司,"PETCO CO., LTD.",新北市三重區同安街147號（1樓）,胡O儀,0229743079,,2025/10/13,2025/10/13,Y,Y
90178148,日日健醫藥有限公司,"Attune Rx Pharmaceutical CO., LTD.",新北市三峽區大智路65號8樓,李O倫,02-26710980,02-26719980,2025/10/13,2025/10/13,Y,Y
90216537,強達投資股份有限公司,CHIANG DA INVESTMENT LTD.,新北市中和區中山路2段442號4樓,林O豪,,,2025/10/13,2025/10/13,Y,Y
91070503,築角室內裝修有限公司,Rolebox Interior Design Ltd.,新北市板橋區漢生東路248號14樓,謝O軒,02-29595786,,2025/10/13,2025/10/13,Y,Y
91798167,頤佳工作室,YiJia Luxi Co.,新北市新莊區建安街25巷14號5樓,張O文,,,2025/10/13,2025/10/13,Y,Y
93369521,創悅智能股份有限公司,"Pioneerjoy CO., LTD.",新北市中和區南山路236巷22弄20號(1樓),劉O顯,0932766238,,2025/10/13,2025/10/13,Y,Y
00234101,耶比國際整合行銷有限公司,YEP INTERNATIONAL INTEGRATED MARKETING LTD.,新北市新莊區新北大道四段171號3樓,楊O彤,,,2025/10/12,2025/10/12,Y,Y
60451192,馳銳股份有限公司,"TrimDrive Taiwan CO., LTD.",新北市三重區重新路5段609巷16號6樓之13、6樓之14,,,,2025/10/09,2026/08/07,N,N
60487728,漸豐萃有限公司,"Jenfon Sway And Lomae CO., LTD.",新北市三重區重新路5段609巷10號(地下一層),游O瑜,,,2025/10/09,2026/07/24,Y,Y
94226071,敏程有限公司,"Minter CO., LTD.",新北市新莊區新北大道4段175號3樓,,,,2025/10/09,2026/06/05,N,N
90195977,浦羅特科技有限公司,"Purotech Technology CO., LTD.",新北市中和區建八路198號12樓,黃O中,02-85122658,02-85121687,2025/10/09,2026/06/04,Y,Y
50992119,貫盛有限公司,Wellight Technology CORP.,新北市新莊區五權一路3號4樓之12,戴O羽,02-28321693,02-28321690,2025/10/09,2026/05/08,Y,Y
60035577,雪樹寵物事業,Shadedtini Cattery Shop,新北市板橋區重慶路62巷13弄4號(1樓),龔O正,,,2025/10/09,2025/10/09,Y,Y
60450980,聚億麒國際智能傢俱批發有限公司,"Juyi Qi International Smart Furniture Wholesale CO., LTD.",新北市板橋區金門街215巷2弄52號5樓,彭O霖,02-26875201,,2025/10/09,2025/10/09,Y,Y
60451221,眾從國際有限公司,Engaging CoreTrade Int'l LTD.,新北市樹林區學勤路629號15樓,吳O陶,0989-602080,,2025/10/09,2025/10/09,Y,Y
60451334,印彩國際貿易有限公司,"IndoVide International Trade CO., LTD.",新北市三峽區大學路39之6號6樓,黃O傑,0901130250,,2025/10/09,2025/10/09,Y,Y
60451377,波伏特有限公司,BEHVOLT SYSTEMS LTD.,新北市汐止區新台五路1段95號20樓之6,明O亞(HEMMATIMOHAMMAD),,,2025/10/09,2025/10/09,Y,Y
60601609,喜仁實業有限公司,"XI JEN INDUSTRIAL CO., LTD.",新北市林口區林口路113巷6弄26號（1樓）,王O仁,02-26028902,,2025/10/09,2025/10/09,Y,Y
60633665,群丰物流有限公司,"CHUNFENG LOGISTICS CO., LTD.",新北市樹林區柑園街1段242號(3樓),林O安,0978-167019,,2025/10/09,2025/10/09,Y,Y
60748364,台灣永續綠能材料股份有限公司,"Taiwan Environmentally Sustainable Materials CO., LTD.",新北市新店區文化路78巷1弄9號（1樓）,張O軒,0289110358,,2025/10/09,2025/10/09,Y,Y
89776639,銀蠶實業有限公司,YIN TSAN Limited Company,新北市三重區興德路141巷7號,張O姿,0285110081,0285110010,2025/10/09,2025/10/09,Y,Y
90169020,沃彩管理顧問股份有限公司,"Benvia Management Consulting CO., LTD.",新北市永和區仁愛路282巷1號,賴O菊,(02)2325-5797,,2025/10/09,2025/10/09,Y,Y
60455232,世偉機電工程股份有限公司,"SWTS Taiwan CO., LTD.",新北市新莊區新樹路67巷46號(1樓),林O沅,0911-206-378,,2025/10/08,2026/01/10,Y,Y
37888211,科碩自動化工作室,KeShuo Studio,新北市樹林區保安里千歲街88號,何O儒,02-22066807,,2025/10/08,2025/10/08,Y,Y
60451209,立影照明有限公司,"Rayin illumin CO., LTD.",新北市板橋區中山路1段10號9樓,黃O恩,,,2025/10/08,2025/10/08,Y,Y
60451329,耶思米餐飲文創有限公司,"Yes Me Food & Culture Co., Ltd.",新北市中和區景德街64號(1樓),林O紳,0935555533,,2025/10/08,2025/10/08,Y,Y
60658807,雲析科技有限公司,CloudPinnacle Consulting Limited,新北市林口區文化二路1段390號5樓,康O,0966211216,,2025/10/08,2025/10/08,Y,Y
83005369,全富佳國際有限公司,"CHUAN FU JIA International CO., LTD.",新北市汐止區新台五路1段81號10樓,彭O源,,,2025/10/08,2025/10/08,Y,Y
90170504,開始好日子有限公司,START GOOD DAYS LTD.,新北市板橋區文化路1段266號21樓,鐘O飛,0961011803,,2025/10/08,2025/10/08,Y,Y
90453480,橙橙貿易有限公司,93 Coffee LTD.,新北市鶯歌區建國路596巷32號（2樓）,戴O宸,02-26709933,,2025/10/08,2025/10/08,Y,Y
92725092,易樂購商行,Easy-go Co.,新北市板橋區吳鳳路17巷26弄18號(1樓),劉O澤,0903330260,,2025/10/08,2025/10/08,Y,Y
60649977,鑫管國際有限公司,"Gow Shyr Day CO., LTD.",新北市蘆洲區中山一路161號3樓,管O浩,0983577636,,2025/10/07,2026/05/28,Y,Y
00022330,凱米文化體育有限公司,"MK Ultra CO., LTD.",新北市泰山區仁義路220巷51號4樓,張O玫,,,2025/10/07,2025/10/07,Y,Y
42765597,勝利微波股份有限公司,Victory Microwave Corporation,新北市汐止區福德一路396號,陳O源,02-86933799#613,02-86933798,2025/10/07,2025/10/07,Y,Y
60048411,代紫花藝氣球創意工作室,Dai Zi Flower and Balloon Studio,新北市汐止區大同路1段181號13樓之1,彭O倫,,,2025/10/07,2025/10/07,Y,Y
60417006,凡二資本股份有限公司,"FAN 2 CO., LTD.",新北市土城區中央路2段270巷2號,陳O成,,,2025/10/07,2025/10/07,Y,Y
60417076,冀遠股份有限公司,"Jiyuan CO., LTD.",新北市新莊區五權一路1號之1,楊O源,0936436599,,2025/10/07,2025/10/07,Y,Y
60418342,觀玉有限公司,"Guan Yu CO., LTD.",新北市樹林區文化街29號7樓之3,張O昌,0909111919,,2025/10/07,2025/10/07,Y,Y
60418461,傑宇創意顧問股份有限公司,"Jcdesign Brand Consultancy CO., LTD.",新北市板橋區三民路2段245巷38號5樓,趙O傑,02-29611838,,2025/10/07,2025/10/07,Y,Y
60418645,領洋科技有限公司,"Ocean Leader Enterprise CO., LTD.",新北市鶯歌區永吉街27巷7號(2樓),王O聖,0933839380,,2025/10/07,2025/10/07,Y,Y
60601805,飛燕服飾有限公司,Alice's Showcase LTD.,新北市新店區吉祥街7巷2號3樓,蒲O艷,,,2025/10/07,2025/10/07,Y,Y
94059572,康信生物科技股份有限公司,Kang Shin Biotech Co. Ltd.,新北市中和區中正路736號7樓之4,賴O倫,02-22453557,02-22453668,2025/10/07,2025/10/07,Y,Y
90214931,多爾森健康有限公司,"DOLSON CO., LTD.",新北市林口區文化三路1段35號7樓,葉O逸,02-26069955,02-26069977,2025/10/03,2026/06/24,Y,Y
93711011,奧瑞創新股份有限公司,ORIVA INNOVATIONS INC.,新北市三重區重新路4段53號2樓之1,江O齡,,,2025/10/03,2026/06/10,Y,Y
60418173,原壹國際有限公司,Yuan Yi International LTD.,新北市泰山區明志路1段122巷53號,曾O秀,02-22792807,,2025/10/03,2026/05/29,Y,Y
60603141,顥山科技實業有限公司,"Hao Shan Tech Co., Ltd.",新北市板橋區中山路1段293之1號12樓之2,藍O瑄,,,2025/10/03,2025/12/03,Y,Y
54703870,金勝羣企業有限公司,"Golden Win Group CO., LTD.",新北市淡水區水源街2段203號(1樓),陳O君,02-26222616,02-26222621,2025/10/03,2025/10/03,Y,Y
60417218,樂馥食品股份有限公司,"LOVEPOPS FOODS CO., LTD.",新北市三重區光復路2段69號4樓,陳O宇,03-2606889,,2025/10/03,2025/10/03,Y,Y
60417809,瑋昇科技有限公司,"Weisheng Technology CO., LTD.",新北市土城區中正路1號2樓之1,莊O媛,,,2025/10/03,2025/10/03,Y,Y
60418259,天揚有限公司,"TANVERS CO., LTD.",新北市新店區安興路5號地下一層之33,廖O閔,,,2025/10/03,2025/10/03,Y,Y
60603016,好藝建有限公司,Artitudtw Limited Company,新北市中和區和平街54巷1弄7號4樓,廖O臻,02-23653262,,2025/10/03,2025/10/03,Y,Y
90178787,恰好創意國際有限公司,"JUST THE RIGHT DESIGN CO., LTD.",新北市新店區安祥路156巷72號,陳O熹,,,2025/10/03,2025/10/03,Y,Y
94045331,達詳有限公司,"Elepphants CO., LTD.",新北市三重區福德北路12號3樓,張O柔,,,2025/10/03,2025/10/03,Y,Y
94113766,吉米米有限公司,"J.M.M CO., LTD.",新北市三重區光復路1段68巷24弄3號,劉O玲,02-29997000,,2025/10/02,2026/05/21,Y,Y
60633433,東風遠見股份有限公司,"Eastern Wind CO., LTD.",新北市汐止區新台五路1段99號14樓之11,陳O承,03-4905559,02-33229488,2025/10/02,2026/03/27,Y,Y
60660424,永言有限公司,"YUNG YEN CO., LTD.",新北市新店區安興路85之51號6樓,周O詠,07-3830553,,2025/10/02,2026/03/06,Y,Y
60415892,米里西斯貿易有限公司,Mirishi Auto trading LTD.,新北市鶯歌區鶯桃路331號4樓之4,MORUSHOMUHORENELSON,,,2025/10/02,2025/11/26,Y,Y
66818290,芯荃國際股份有限公司,"Xivora Biotech International CO., LTD.",新北市永和區永貞路79號,呂O真,,,2025/10/02,2025/11/11,Y,Y
00040409,釜忠有限公司,"FU-CHUNG CO., LTD.",新北市蘆洲區光華路46巷5號3樓,陳O忠,0933073392,,2025/10/02,2025/10/03,Y,Y
12812138,育勛企業有限公司,"YU-HSUN CO., LTD.",新北市板橋區四維路269巷80之3號,施O勛,02-22548186,,2025/10/02,2025/10/02,Y,Y
16078881,重知企業有限公司,"FAMOUS ENTERPRISE CO., LTD.",新北市中和區中正路751巷3弄3之4號,巫O玲,02-29532508,02-29532966,2025/10/02,2025/10/02,Y,Y
55793075,臻暉藥品有限公司,"Zhenhui Pharmaceutical Co., Ltd.",新北市新店區民權路103號3樓,林O堯,,,2025/10/02,2025/10/02,Y,Y
60075535,晴玄實業社,Qingxuan industrial Shop,新北市淡水區民權路23號11樓之29,莫O,0971898052,,2025/10/02,2025/10/02,Y,Y
60417054,光錚國際貿易有限公司,"BrightMay intl CO., LTD.",新北市林口區佳林路261號,傅O平,0932321547,,2025/10/02,2025/10/02,Y,Y
60417929,浩漁國際貿易有限公司,"Great Fish CO., LTD.",新北市新莊區瓊泰路94巷20號(2樓),林O辰,,,2025/10/02,2025/10/02,Y,Y
60517758,睦林工事室內裝修有限公司,"MuLin Works Interior Renovation Co., Ltd.",新北市淡水區民權路109號3樓,侯O廷,,,2025/10/02,2025/10/02,Y,Y
60605014,彩翔國際有限公司,"Caixiang International Co., Ltd.",新北市鶯歌區永昌街10號(1樓),葉O清,02-8678-0858,,2025/10/02,2025/10/02,Y,Y
60730723,波菲炫貿易有限公司,"Profusion Tradind CO., LTD.",新北市汐止區龍安路28巷6號9樓之5,彭O琪,0905306750,,2025/10/02,2025/10/02,Y,Y
60741186,仕亞健康有限公司,power forma healthy LTD.,新北市永和區永和路1段156號地下一層,陳O廷,,,2025/10/02,2025/10/02,Y,Y
72863954,星威體育用品社,Sing wei Sporting Goods Store,新北市新莊區昌平街59巷12號9樓,黃O宏,0955285040,,2025/10/02,2025/10/02,Y,Y
87509974,躁土影像工作室,Wild Seed Production Studio,新北市新莊區福德一街36號3樓,李O辰,0935112692,,2025/10/02,2025/10/02,Y,Y
95151251,天京商行,Tianjing commercial Firm,新北市蘆洲區永安北路2段8巷2號,吳O澤,02-82856611,,2025/10/02,2025/10/02,Y,Y
83076568,簡單美學國際有限公司,Stardora International INC.,新北市五股區五權二路7號（3樓）,涂O㦤,0933818468,,2025/10/01,2026/05/15,Y,Y
60632687,呈逸股份有限公司,"GreenChem Technology CO., LTD.",新北市新莊區新北大道3段5號16樓之1,梁O美,,,2025/10/01,2025/11/26,Y,Y
53725453,禾浩車業有限公司,"HE HAO Automotive Industry CO., LTD.",新北市鶯歌區三鶯路29巷15之3號4樓,曾O恩,0932267310,,2025/10/01,2025/10/01,Y,Y
60071329,津適企業社,QTAM Store,新北市淡水區蕃薯里雲廣坑10號之1   三樓,陳O萱,,,2025/10/01,2025/10/01,Y,Y
60417060,沐希國際貿易有限公司,"MuSi International Trading CO., LTD.",新北市淡水區八勢一街39巷18號7樓,林O庭,,,2025/10/01,2025/10/01,Y,Y
60417765,玩聚企業有限公司,"Toys-Creator Enterprise CO., LTD.",新北市新莊區思源路38號(10樓),劉O華,02-29901265,,2025/10/01,2025/10/01,Y,Y
60602591,豐煌有限公司,"Feng huang CO., LTD.",新北市樹林區大安路569號7樓之5,王O萍,02-86875949,,2025/10/01,2025/10/01,Y,Y
60632814,軌際行銷有限公司,"ORBIT IDEA CO., LTD.",新北市新店區北新路2段262號3樓之3,董O珮,,,2025/10/01,2025/10/01,Y,Y
80650482,西松實業有限公司,"Shi Song CO., LTD.",新北市中和區新民街108號,蘇O玲,02-22951324#268,02-22951864,2025/10/01,2025/10/01,Y,Y
82971685,唯侑有限公司,Wei Yu chemical CORP.,新北市板橋區金門街311號3樓,楊O玲,0908181812,,2025/10/01,2025/10/01,Y,Y
60518031,高川有限公司,ART CRAFT LIMITED,新北市新莊區五工路84號4樓,許O玄,,,2025/09/30,2026/04/09,Y,Y
60075211,易聯電貿企業社,EasyLink E-commerce Co.,新北市土城區永安街15號4樓,陳O伶,,,2025/09/30,2025/09/30,Y,Y
60417977,德信昇有限公司,"Verity Ventures CO., LTD.",新北市林口區仁愛二路37號16樓,王O源,,,2025/09/30,2025/09/30,Y,Y
60573322,轉寶股份有限公司,Z&B Limited,新北市中和區成功路12號8樓,王O修,,,2025/09/30,2025/09/30,Y,Y
80118136,蘿曼仕旅舘股份有限公司,"Romance Hotel CO., LTD.",新北市永和區仁愛路316、318號,劉O村,02-89217721#612,,2025/09/26,2026/07/24,Y,Y
94192086,鉑流有限公司,"Worldwide Link E-Commerce CO., LTD.",新北市淡水區新市三路2段233號7樓,林O翔,0926112310,,2025/09/26,2026/07/04,Y,Y
00028876,悅富實業有限公司,"YueFu CO., LTD.",新北市新莊區自強街26巷2弄6號,許O麟,0980760349,,2025/09/26,2025/09/26,Y,Y
00049274,銀霧運動整合行銷股份有限公司,"SILVER MIST SPORTS INTEGRATED MARKETING CO., LTD.",新北市土城區中央路4段2號6樓之3,秦O鈞,,,2025/09/26,2025/09/26,Y,Y
60416999,雪未央股份有限公司,EverSnow Inc.,新北市三重區中正南路129巷31號,譚O心,,,2025/09/26,2025/09/26,Y,Y
60602614,圓字節科技有限公司,"ROUND BYTES CO., LTD.",新北市新莊區中華路2段5號6樓,黎O義,02-29939393#112,,2025/09/26,2025/09/26,Y,Y
60603043,塔樂宇宙股份有限公司,"Taloverse CO., LTD.",新北市永和區保生路1號4樓之3,鄭O成,02-77308100#66682,,2025/09/26,2025/09/26,Y,Y
90403193,歐艾妮國際有限公司,OANI LTD.,新北市新莊區五權三路2號,陳O樺,02-77097339#666,,2025/09/26,2025/09/26,Y,Y
91415014,喵生動漫週邊工作室,NYASINYA WORKSHOP,新北市三重區大同南路96巷21號5樓,洪O鳳,0908811678,,2025/09/26,2025/09/26,Y,Y
96131607,威琪商貿有限公司,"Weiqi Co., Ltd.",新北市三重區重新路2段78號6樓之11,陳O宏,,,2025/09/26,2025/09/26,Y,Y
82872741,躍達實業股份有限公司,"Yao-Da Induestrial CO., LTD.",新北市樹林區三俊街65巷54號(2樓),羅O甫,02-22721279,02-22721418,2025/09/25,2026/08/27,Y,Y
60417385,茂琳科技有限公司,"Modular Link Technology Co., Ltd.",新北市新店區中正路四維巷8弄8號4樓,陳O文,02-22182213,02-22182558,2025/09/25,2026/01/22,Y,Y
60518258,慢燉食補有限公司,Homepot LTD.,新北市中和區連城路220號,蔣O恩,,,2025/09/25,2026/01/20,Y,Y
60627116,富謙國際有限公司,"FU CIAN INTERNATIONAL CO., LTD.",新北市中和區中興街115巷4號,張O皓,,,2025/09/25,2025/10/17,Y,Y
60586277,莯然藝術空間有限公司,"Moreland art space CO., LTD.",新北市新莊區新泰路88號,黃O珩,0961122122,,2025/09/25,2025/10/02,Y,Y
60602261,峰澤投資有限公司,Front-Eco Grace Investment Ltd.,新北市林口區文化二路1段390號7樓,陳O惠,,,2025/09/25,2025/09/26,Y,Y
42699669,馬克國際室內裝修有限公司,"Marco International Interior Design CO., LTD.",新北市三重區環河南路221巷46號3樓,廖O銓,0928669278,,2025/09/25,2025/09/25,Y,Y
60417391,亞森國際娛樂有限公司,A.F. International Entertainment LTD.,新北市板橋區華江九路51號2樓,廖O明,02-23214429,,2025/09/25,2025/09/25,Y,Y
60517954,木境工程有限公司,"Mujing Engineering CO., LTD.",新北市新莊區龍安路278巷6號9樓,林O廷,,,2025/09/25,2025/09/25,Y,Y
60518314,家諒科技股份有限公司,"PERZEVRN Technology CO., LTD.",新北市新莊區思源路682號7樓之1,程O貞,,,2025/09/25,2025/09/25,Y,Y
60518335,寶潭國際貿易有限公司,"Bao Tan International Trading CO., LTD.",新北市樹林區中正路805號,洪O晏,0931713869,,2025/09/25,2025/09/25,Y,Y
60563128,富捷康智能科技股份有限公司,FojetNex AI Solutions INC.,新北市板橋區中山路1段10號11樓,王O坤,,,2025/09/25,2025/09/25,Y,Y
60602662,純友國際有限公司,"Chunyou International Co., Ltd.",新北市汐止區新台五路1段93號21樓之6,劉O儒,0958-009-625,,2025/09/25,2025/09/25,Y,Y
60632292,峰泰盛投資有限公司,Front-Eco Grand Capital Ltd.,新北市林口區文化二路1段390號7樓,黎O浩,,,2025/09/25,2025/09/25,Y,Y
60632906,昂邁未來科技有限公司,AI Career Coach Limited,新北市蘆洲區中山一路161號3樓,劉O慧,,,2025/09/25,2025/09/25,Y,Y
66451595,小集體科技有限公司,XIAOJITI Co. Ltd,新北市中和區連城路268號4樓之9,洪O綱,0981521458,,2025/09/25,2025/09/25,Y,Y
93572411,合盛電力股份有限公司,Horizon Power Company Limited,新北市板橋區民生路1段33號7樓之6,李O濰,02-77527538#202,,2025/09/25,2025/09/25,Y,Y
60562872,萬利勝達國際有限公司,Winstar Global Limited,新北市中和區中山路2段351號之5,徐O國,02-22228773,,2025/09/24,2026/07/22,Y,Y
89194824,良盛科技有限公司,"LIANG SHENG TECHNOLOGY CO., LTD.",新北市三重區大同南路19巷2弄5號,,,,2025/09/24,2026/06/24,N,N
00169663,宜倫國際有限公司,"Yilun Internationa CO., LTD.",新北市新莊區中平路183號2樓,林O泰,0989-751-824,,2025/09/24,2025/12/03,Y,Y
00006155,好榮易娛樂創意行銷股份有限公司,"Haorongyi Entertainment Creative Marketing CO., LTD.",新北市板橋區成都街49巷3號6樓,詹O榮,,,2025/09/24,2025/10/28,Y,Y
54043907,梅比斯有限公司,Mobius Limited Company,新北市板橋區長安街138巷1弄81號5樓,陳O德,02-29637100,02-29637101,2025/09/24,2025/09/24,Y,Y
60632954,振涵有限公司,"NutriHaven CO., LTD.",新北市新莊區思源路173號4樓,蔡O融,0929060808,,2025/09/24,2025/09/24,Y,Y
60708829,純靚科技股份有限公司,Apuretec LTD.,新北市林口區公園路203號10樓之1至之2,王O靚,03-3112024,,2025/09/24,2025/09/24,Y,Y
79815704,山上月亮整合創意工作室,Mountain Moon Studio,新北市中和區中山路2段332巷9號8樓,吳O月,,,2025/09/24,2025/09/24,Y,Y
89180899,華華國際有限公司,"HUA HUA INT'L CO., LTD.",新北市中和區景平路989巷2號18樓,郭O華,02-2796-0118,,2025/09/24,2025/09/24,Y,Y
90018163,迪那印刷有限公司,IDEA PRINT CO.,新北市中和區建八路125巷5號,吳O全,02-82275785,02-82275786,2025/09/24,2025/09/24,Y,Y
93557333,速邑清潔股份有限公司,"SUYI Enviro Services CO., LTD.",新北市永和區中和路499號4樓之18,王O翊,0953506786,,2025/09/23,2026/07/29,Y,Y
93592177,五燈獎國際有限公司,WDJ International Corporation LTD.,新北市三重區自強路1段105號(3樓),黃O婷,02-29825452,,2025/09/23,2026/07/07,Y,Y
60633601,洛莎科技股份有限公司,"LOSATECH TECHNOLOGIES CO., LTD.",新北市板橋區中山路2段416巷47弄21號2樓,王O成,02-29535349,,2025/09/23,2026/06/05,Y,Y
60005905,佐佑企業社,Zuoyou Company,新北市汐止區新台五路1段95號16樓之1,劉O佑,0928-943-904,,2025/09/23,2026/05/19,Y,Y
60026084,辰陽企業社,Chen Yang Company,新北市汐止區新台五路1段93號21樓之6,蘇O翔,0981-446-577,,2025/09/23,2026/05/19,Y,Y
79406102,活玥小舖,Huoyue Company,新北市中和區錦和路15號,蔡O錠,0981-500-394,,2025/09/23,2026/05/19,Y,Y
82953080,品洋餐飲顧問有限公司,"Pin Yang CO., LTD.",新北市永和區警光街10巷34號(1樓),趙O華,02-29301351,,2025/09/23,2026/03/26,Y,Y
90262047,五鱷文化雲股份有限公司,"52Cloud Hub CO., LTD.",新北市板橋區新府路136號2樓,何O杰,,,2025/09/23,2025/10/09,Y,Y
47096569,卡爾曼能源管理顧問有限公司,Calment Limited Company,新北市三峽區國光街334號,李O辰,0901050433,,2025/09/23,2025/09/24,Y,Y
60632547,宣鉦股份有限公司,"XUAN ZHENG CO., LTD.",新北市萬里區磺潭里坪頂3號,陳O良,,,2025/09/23,2025/09/24,Y,Y
16381779,北邑運輸有限公司,"Bei Yi Transportation Co., Ltd.",新北市蘆洲區永安南路2段42巷6號3樓之2,林O宇,02-26052699,02-26052677,2025/09/23,2025/09/23,Y,Y
24726186,海天聯合興業有限公司,"HITEN CO., LTD.",新北市新莊區新泰路6號,孫O慶,02-22029459,,2025/09/23,2025/09/23,Y,Y
41384655,沈香的世界商行,WORLD AGARWOOD TRADING Company,新北市板橋區民族路129巷12弄13號,顧O偉,,,2025/09/23,2025/09/23,Y,Y
42241591,嗨小強工作室,HI JOHN STUDIO,新北市蘆洲區水河里民族路426巷8號8樓,吳O翰,0963419188,,2025/09/23,2025/09/23,Y,Y
50962298,慧穎基材股份有限公司,"ICI CO., LTD.",新北市新莊區自立街214巷10弄9號,何O慎,02-28855353,02-28858833,2025/09/23,2025/09/23,Y,Y
60005882,百淩企業社,Bailing Company,新北市汐止區新台五路1段95號16樓之1,高O淩,0901-270-954,,2025/09/23,2025/09/23,Y,Y
60518145,台灣歐日智能股份有限公司,"TAIWANOURI INTELLIGENT CO., LTD.",新北市新莊區新樹路607號(1樓),許O志,0932293429,,2025/09/23,2025/09/23,Y,Y
60698300,辰元有限公司,"Chenyuan CO., LTD.",新北市中和區景平路666號3樓,林O宇,0901-270-954,,2025/09/23,2025/09/23,Y,Y
72868515,拾穗穀倉工作室,gleaning sil Shop,新北市泰山區明志路3段261號(1樓),李O梵,,,2025/09/23,2025/09/23,Y,Y
82984295,順埕企業有限公司,"Shun Cheng Enterprise Co., Ltd.",新北市蘆洲區永安南路2段42巷6號3樓之2,林O宇,,,2025/09/23,2025/09/23,Y,Y
83076808,九音樂藝術創作有限公司,"Gomusic Art Creation CO., LTD.",新北市新莊區新莊路152巷13號(1樓),李O達,02-22761288,,2025/09/23,2025/09/23,Y,Y
90232966,人八月有限公司,"RBY WOOD DESIGN CO.,LTD",新北市蘆洲區和平路97巷12號(1樓),段O棻,02-85316840,,2025/09/23,2025/09/23,Y,Y
93490903,蘑法生物醫學股份有限公司,"MycoMagic Biomedical CO., LTD.",新北市深坑區北深路3段270巷12號8樓之1,許O祥,02-26620148#268,02-86626148,2025/09/23,2025/09/23,Y,Y
60667545,光美國際貿易有限公司,"Guangmei International Trading Co., Ltd.",新北市三重區大同北路156巷6號(1樓),徐O威,02-88661363,,2025/09/22,2026/06/01,Y,Y
60658258,展弘數位有限公司,"ZHAN HONG DIGITAL CO., LTD.",新北市泰山區辭修路10之13號,羅O萍,,,2025/09/22,2025/09/23,Y,Y
16690987,福萬有限公司,Fuwan Company Limited,新北市板橋區雙十路3段10巷1弄14號1樓,劉O立,,,2025/09/22,2025/09/22,Y,Y
50776365,合康國際有限公司,"HoKo International CO., LTD.",新北市永和區自由街12號7樓之2,林O瑞,,,2025/09/22,2025/09/22,Y,Y
54710274,欣家園傢俱有限公司,Newhouse CORP. LTD.,新北市土城區中華路1段166號,柯O學,0976667911,,2025/09/22,2025/09/22,Y,Y
60071756,瓦多次元工作室,Waddle Dimension Studio,新北市汐止區新台五路1段167號9樓,利O瑋,0970683401,,2025/09/22,2025/09/22,Y,Y
60073071,磐嶼戰術工作室,Panyu Tactical Co.,新北市蘆洲區鷺江街89巷23號7樓,鄭O竣,0988084181,,2025/09/22,2025/09/22,N,N
60073229,佑誠商貿企業社,YOU CHENG TRADING Co.,新北市泰山區新生路15巷11號2樓,簡O宸,0900027139,,2025/09/22,2025/09/22,Y,Y
60602190,泰瑞康科技股份有限公司,Terikon Technology CORP.,新北市土城區中山路16號,康O生,02-26803436,,2025/09/22,2025/09/22,Y,Y
83413885,迪駿娛樂傳播有限公司,"Dijun Recording CO., LTD.",新北市永和區中和路417號10樓,吳O蓁,,,2025/09/22,2025/09/22,Y,Y
89156321,東檍有限公司,DONG YI LIMITED,新北市汐止區樟樹二路95之6號15樓,楊O敏,02-28101610,,2025/09/22,2025/09/22,Y,Y
94181980,寶嘉生技食品有限公司,"baojia CO., LTD.",新北市新莊區民安西路480巷7號2樓,張O霖,,,2025/09/22,2025/09/22,Y,Y
95463212,找找娛樂有限公司,"SEEKERS CREATIVE CO., LTD.",新北市汐止區新台五路1段95號22樓之12,蔡O緯,02-27011366,,2025/09/22,2025/09/22,Y,Y
60034423,栗子植沐工作室,LIZUMU Studio,新北市板橋區中山路1段10號11樓,郭O逸,,,2025/09/20,2025/09/20,N,N
60632878,芯威力科技有限公司,"Semi Way Power Technology CO., LTD.",新北市板橋區金門街281號2樓,陳O書,,,2025/09/19,2026/09/15,Y,Y
60633320,程至機電工程有限公司,"Chengzhi Electrical and Mechanical Engineering CO., LTD.",新北市中和區中正路276號7樓,林O泰,0933004520,,2025/09/19,2026/03/14,Y,Y
24996224,台北港國際通運股份有限公司,"PortSynk Express CO., LTD.",新北市八里區訊塘里厦竹圍22號五樓,張O祝,02-80069009,,2025/09/19,2026/02/03,Y,Y
00107576,夢動台灣有限公司,MENGTU TAIWAN LIMITED COMPANY,新北市新莊區中正路514巷99號,蔡O恒,,,2025/09/19,2025/09/19,Y,Y
00112769,優斯頓有限公司,"EUXTON CO., LTD.",新北市三重區正義南路29號1樓之13,楊O卿,,,2025/09/19,2025/09/19,Y,Y
00228017,夢途台灣有限公司,MENGDONG TAIWAN LIMITED COMPANY,新北市新莊區中正路514巷99號,蔡O恒,,,2025/09/19,2025/09/19,Y,Y
24239051,擎毅股份有限公司,"ching yi CO., LTD.",新北市板橋區南雅南路2段144巷7號5樓之4,唐O,02-22965511,02-22965522,2025/09/19,2025/09/19,Y,Y
28172735,城正企業有限公司,"CHIZHI CHIU CO., LTD.",新北市汐止區新台五路1段276號11樓,邱O雪,0226470682,,2025/09/19,2025/09/19,Y,Y
60068823,鈦創新國際精品店,TITANIUM INNOVATION INTERNATIONAL Boutique,新北市泰山區美寧街72號,蔡O成,,,2025/09/19,2025/09/19,Y,Y
60068915,翻譯年糕製造所,Context Works Studio,新北市板橋區中山路1段10號11樓,謝O庭,0926-914-575,,2025/09/19,2025/09/19,Y,Y
60569994,福器科技有限公司,FUKI Technology LTD.,新北市深坑區北深路3段270巷16號2樓之2,林O穎,0911152380,,2025/09/19,2025/09/19,Y,Y
60581189,璐光遊戲工作室有限公司,LuxAria Games Studio Limited Company,新北市土城區延平街36號2樓,江O宏,,,2025/09/19,2025/09/19,Y,Y
60633546,興銓鑫有限公司,"Xinchuansin CO., LTD.",新北市蘆洲區永安南路2段60之8號8樓,吳O婷,,,2025/09/19,2025/09/19,Y,Y
60633588,熊御室內裝修工程股份有限公司,"Xiong Yu INTERNATIONAL DESIGN CO., LTD.",新北市中和區秀朗路3段28號2樓,李O鴻,0935775056,,2025/09/19,2025/09/19,Y,Y
60650684,吸引力國際物流有限公司,"Magnificent Logistics CO., LTD.",新北市三重區成功路10號6樓之7,林O凱,0910078074,,2025/09/19,2025/09/19,Y,Y
50978947,緣修顧問有限公司,YUAN CONSULTANCY LTD.,新北市三重區仁安街73號8樓,,,,2025/09/18,2026/09/02,N,N
60514387,昇佳科技有限公司,Stargate Technology LTD.,新北市汐止區新台五路1段97號27樓之7,何O峰,,,2025/09/18,2026/08/12,Y,Y
60566808,龍康生命科技股份有限公司,ACRO CENTER INC.,新北市土城區自強街4號,林O隆,,,2025/09/18,2026/03/28,Y,Y
90108328,珈琦數創科技有限公司,"Jiaqi Digital Technology CO., LTD.",新北市新店區北新路3段82號11樓之7,鄧O翰,,,2025/09/18,2026/02/26,Y,Y
60072544,日日集企業社,Day Buy Day Shop,新北市中和區新生街242巷9號3樓,張O茹,,,2025/09/18,2025/09/18,Y,Y
60072740,異點奇想新媒體工作室,Imagination Studio,新北市三重區長樂街19號4樓,黃O鉉,,,2025/09/18,2025/09/18,Y,Y
60073179,穀與花工作坊,Grain And Bloom Studio,新北市新莊區頭興街1號之16(1樓),宋O,,,2025/09/18,2025/09/18,Y,Y
60632379,好視影像製作有限公司,Good Visual Production Co. Limited,新北市新店區華城二路8巷16號,張O書,02-22162639,,2025/09/18,2025/09/18,Y,Y
60632764,振翔展業有限公司,"Zhenxiang Enterprise CO., LTD.",新北市新店區安德街121號3樓,鄭O元,0921644950,,2025/09/18,2025/09/18,Y,Y
60632928,岩思有限公司,Yencis LTD.,新北市中和區中正路1號12樓之1,葉O菱,,,2025/09/18,2025/09/18,Y,Y
94875103,綺麗果商行,CREATIVE GOODS Studio,新北市板橋區文化路1段188巷31之5號9樓,洪O于,02-22591135,,2025/09/18,2025/09/18,Y,Y
60632666,恩沃納股份有限公司,"ENVORA CO., LTD.",新北市汐止區大同路1段337巷16弄38號,陳O玲,0908-039-712,,2025/09/17,2026/09/16,Y,Y
54524948,東錸環科有限公司,DONG LAI Environment Technology LTD.,新北市土城區裕民路55巷19弄12號2樓,羅O洋,02-29519566,,2025/09/17,2025/09/17,Y,Y
60015930,宜宏空調工程行,Yi Hung Air Conditioning Company,新北市板橋區金門街192號5樓,宜O宏,0921161962,,2025/09/17,2025/09/17,Y,Y
60547599,昇群國際建材有限公司,"SHENGQUN INTERNATIONAL BUILDING MATERIAL CO., LTD.",新北市中和區圓通路288號,謝O淵,,,2025/09/17,2025/09/17,Y,Y
60568714,碩暉有限公司,Shuohui Limited Company,新北市新莊區建中街152號,沈O愷,02-29939393,,2025/09/17,2025/09/17,Y,Y
60569039,伍狗力有限公司,"HIGHFIVE DOG Co.,Ltd",新北市永和區福和路201號9樓之3,黃O誠,0222313411,,2025/09/17,2025/09/17,Y,Y
60632526,紳嘉企業有限公司,"Shen Jia Enterprise CO., LTD.",新北市泰山區明志路3段478號5樓,林O宏,02-2297-9905,,2025/09/17,2025/09/17,Y,Y
60632770,德育生技實業有限公司,"Deyu Biotechnology Industrial CO., LTD.",新北市土城區永平街6號4樓,陳O軍,02-22705339,,2025/09/17,2025/09/17,Y,Y
85348349,宇豪企業社,Yuhao Company,新北市新莊區建福路62號3樓,高O宏,0922529110,,2025/09/17,2025/09/17,Y,Y
89124790,旋碼科技股份有限公司,"NVRAMTEK Technology CO., LTD.",新北市中和區中山路2段332巷13號12樓,陳O明,,,2025/09/17,2025/09/17,Y,Y
60603281,成堯旭股份有限公司,"Cheng Yaoxu Co., Ltd.",新北市樹林區中華路379巷78弄17號,,0939281371,,2025/09/16,2026/09/25,Y,Y
60601354,昌鈺股份有限公司,CHANG YU Company Limited,新北市林口區文化二路一段266號21樓之4,,,,2025/09/16,2026/02/10,N,N
00182666,花生夾心有限公司,Peanut butter cream LTD.,新北市汐止區水源路1段190巷5號(1樓),王O潔,0987689680,,2025/09/16,2025/09/16,Y,Y
60569376,意間遊戲有限公司,"Aah Game Co., Ltd",新北市新莊區新泰路255巷82號,宋O儒,0956965656,,2025/09/16,2025/09/16,Y,Y
60602706,輩勞梯有限公司,Bailouti LIMITED,新北市樹林區俊英街125之1號(1樓),蔡O宣,02-26751920,,2025/09/16,2025/09/16,Y,Y
60602728,樂越國際股份有限公司,"Leyue International CO., LTD.",新北市三重區光復路1段30巷2號(1樓),陳O介,02-29950596,,2025/09/16,2025/09/16,Y,Y
60632531,墨韻軒企業有限公司,"Mo Yun Hsuan Enterprise CO., LTD.",新北市板橋區中山路2段388之5號,江O軒,0920-615-264,,2025/09/16,2025/09/16,Y,Y
69327776,富億榮有限公司,FU YI RONG COMPANY LIMITED,新北市汐止區原興路74巷2號(1樓),何O芳,,,2025/09/16,2025/09/16,Y,Y
96625186,睿致財富傳承規劃顧問有限公司,"Rueizhi CO., LTD.",新北市新店區北新路2段59巷9號3樓,許O紋,,,2025/09/16,2025/09/16,Y,Y
96756969,樂莫食品有限公司,Love more company Limited Company,新北市新莊區思源路87巷16號(2樓),王O豪,02-29740074,02-29740074,2025/09/16,2025/09/16,Y,Y
96687008,智恩國際事業有限公司,"Crescendo Global CO., LTD.",新北市淡水區新市三路2段277號12樓,徐O萍,,,2025/09/15,2026/09/16,Y,Y
45105872,雷璽設計有限公司,"LEIXI DESIGN CO., LTD.",新北市林口區文化三路2段52號,莊O鄷,02-26018283,,2025/09/15,2026/07/07,Y,Y
00027406,奕昇事業有限公司,YiSheng CORP.,新北市汐止區大同路1段217號5樓之1,蕭O源,0909106137,,2025/09/15,2026/03/25,Y,Y
00083589,豪克斯影像有限公司,"Hulks Studio Media CO., LTD.",新北市土城區國際路116號,陳O宇,0975873958,,2025/09/15,2025/09/15,Y,Y
28882068,金品行銷有限公司,"Jinpin Product Marketing Co., Ltd.",新北市土城區中正路1號9樓之2,楊O翰,02-82926123,,2025/09/15,2025/09/15,Y,Y
50983343,品永興有限公司,"Pin Yong Xing Co., Ltd.",新北市中和區安邦街35號（1樓）,張O麟,02-2310-1010,,2025/09/15,2025/09/15,Y,Y
60554866,蒂柏科技有限公司,TP light Tech INC.,新北市中和區中原街95號（1樓）,陳O詩,,,2025/09/15,2025/09/15,Y,Y
60563507,凱羿企業股份有限公司,"Kayee Ent CO., LTD.",新北市中和區中正路918號3樓,朱O勝,04-22549089,,2025/09/15,2025/09/15,Y,Y
60595304,勤創股份有限公司,"Chingston CO., LTD.",新北市土城區學府路1段119號12樓,孫O桓,,,2025/09/15,2025/09/15,Y,Y
60604042,囝趣有限公司,KidFun Limited Company,新北市泰山區信華五街132號15樓,簡O如,03-9566800,,2025/09/15,2025/09/15,Y,Y
73781489,光捷行,HIKARY JET Hang,新北市新莊區化成路73號,葉O文,02-89926351,,2025/09/15,2025/09/15,Y,Y
85028541,糕飛有限公司,"CREWS DESSERT CO., LTD.",新北市淡水區北新路184巷270號(1樓),黃O育,,,2025/09/15,2025/09/15,Y,Y
91121974,廣木本葉物聯科技有限公司,E-Tree Structure IoT Technology Company,新北市中和區中正路716號10樓之1,余O才,02-82280286,02-82280285,2025/09/15,2025/09/15,Y,Y
95442126,鈺豐水產有限公司,"YUFENG SEAFOODS CO., LTD.",新北市汐止區新台五路1段93號21樓之6,姜O中,02-24522306,,2025/09/15,2025/09/15,Y,Y
60044870,塔特企業社,TAT Company,新北市新莊區福美街62巷61號9樓,謝O峰,0958791345,,2025/09/13,2025/12/12,Y,Y
60569880,兆豐資產有限公司,"Mega Asset CO., LTD.",新北市板橋區文化路2段441巷2弄6號,宋O豪,,,2025/09/13,2025/09/13,N,N
60691382,禾引源永續股份有限公司,"Heyinyuan Sustainability CO., LTD.",新北市新店區中央路155號18樓之1,龍O蓮,,,2025/09/13,2025/09/13,Y,Y
60602889,有光文化出版有限公司,"Be Light Cultural Publishing Co., Ltd.",新北市新店區中央路187之1號,李O民,02-77287705,,2025/09/12,2026/04/09,Y,Y
60603085,胖老爹國際有限公司,"PLD CARS CO., LTD.",新北市林口區仁愛路2段62巷57號,孟O玫,02-26017621,,2025/09/12,2025/10/03,Y,Y
00032442,鈞全國際科技股份有限公司,"Jun Quan International Technology CO., LTD.",新北市三重區永福街211巷27號(1樓),戴O全,02-82871205,02-82871206,2025/09/12,2025/09/12,Y,Y
00149549,明汰有限公司,MING TAI .LTD,新北市林口區文化三路1段376號11樓,施O晴,,,2025/09/12,2025/09/12,Y,Y
54730623,勝創風管工程有限公司,sheng chuang air duct LTD.,新北市土城區峯廷街12巷2號3樓,廖O億,02-3501-6361,,2025/09/12,2025/09/12,Y,Y
60601690,輝合新實業有限公司,HUIHEXIN Enterprise INC.,新北市新莊區天祥街71巷11號3樓,徐O翊,02-22995036,,2025/09/12,2025/09/12,Y,Y
60602353,林氏珠寶貿易有限公司,LIN'S JEWELRY CO.,新北市淡水區民權路111號3樓,林O鍊,0909771188,,2025/09/12,2025/09/12,Y,Y
60635690,美商恆毅科技有限公司台灣分公司,INVICTUS AV LLC Taiwan Branch(AMERICAN SAMOA),新北市板橋區中山路一段10號9樓,"許O山HSU,TUNG-SAN",,,2025/09/12,2025/09/12,Y,Y
60658905,諾臨國際顧問有限公司,"Nolin Global Consulting CO., LTD.",新北市汐止區忠孝東路400號3樓,吳O㚬,04-22549089,,2025/09/12,2025/09/12,Y,Y
85064237,商榮龍運股份有限公司,"JDK Group TW CO., LTD.",新北市新莊區中央路578號5樓,LOOJIYOONG,02-85220220,,2025/09/11,2026/05/26,Y,Y
00186207,耘將科技有限公司,Yunjiang Tech Ltd.,新北市中和區景平路666號3樓,沈O哲,,,2025/09/11,2025/09/27,Y,Y
17036185,良積行,LEONGI Co.,新北市樹林區三俊街199巷28號,吳O國,02-26886191,,2025/09/11,2025/09/11,Y,Y
60058579,吉嘉興業,JI JIA ESTABLISH CO.,新北市新店區民權路153號4樓,黃O強,0958-730457,,2025/09/11,2025/09/11,Y,Y
60553825,納茲貿易有限公司,"NATHS GlobalLink CO., LTD.",新北市三重區新北大道1段129號4樓,馮O能,0977248351,,2025/09/11,2025/09/11,Y,Y
60563892,三伍杉有限公司,Collective 353 LTD.,新北市淡水區樹梅坑38號(1樓),陳O安,0935605072,,2025/09/11,2025/09/11,Y,Y
60568741,清澤企業有限公司,Qingze Enterprise Co. Ltd.,新北市三重區新北大道1段129號4樓,翁O賢,0908207268,,2025/09/11,2025/09/11,Y,Y
60659159,翔通國際有限公司,"Shantone International CO., LTD.",新北市新莊區中德路43號5樓,陳O廷,02-85229166,,2025/09/11,2025/09/11,Y,Y
66633527,廣吉豐企業有限公司,Guang Ji Fong Limited Company,新北市鶯歌區中正三路194巷30之2號,潘O儀,,,2025/09/11,2025/09/11,Y,Y
90177176,真元有限公司,CHEN YUAN LTD.,新北市新店區安康路1段131號,高O禎,,,2025/09/11,2025/09/11,Y,Y
60410995,科森實業有限公司,Kerkson Ltd.,新北市中和區中正路880號13樓之7,吳O卓,,,2025/09/10,2026/09/12,Y,N
60748435,薪展食品有限公司,"Shin Zhan Food CO.,LTD",新北市泰山區明志路1段281號（1樓）,陸O云,,,2025/09/10,2026/03/17,Y,Y
60569087,元星宸有限公司,"StarCore Co., LTD.",新北市新莊區新北大道3段7號8樓之8,林O亮,(02)2908-7966,,2025/09/10,2026/02/03,Y,Y
60698028,齊馥國際有限公司,KiiF Nova International Corporation LTD.,新北市中和區中山路2段2巷27號5樓,"陳O甫,高桓萱",0932808501,,2025/09/10,2025/11/13,Y,Y
17084329,永燊達金屬工程行,YEONG SHEN DAR METAL ENGINEERING COMPANY,新北市中和區連城路319巷14弄5號4樓,曾O昌,02-86662667,,2025/09/10,2025/09/10,Y,Y
28941735,沅涔工程有限公司,"DYCE CO., LTD.",新北市樹林區潭興街53號2樓,王O崴,,,2025/09/10,2025/09/10,Y,Y
60570015,媒仕樂音實業有限公司,"Safe And Sound Technical Service CO., LTD.",新北市三重區自強路4段3巷9號,連O,,,2025/09/10,2025/09/10,Y,Y
60595108,浩御工程有限公司,"H.Y. Engineering CO., LTD.",新北市中和區中正路957號12樓,朱O瑜,,,2025/09/10,2025/09/10,Y,Y
60602234,奧比達科技有限公司,"ORBITRONIX TECHNOLOGY CO., LTD.",新北市汐止區新台五路1段99號28樓之5,陳O偉,02-29265577,,2025/09/10,2025/09/10,Y,Y
80452103,安琪雅生化企業股份有限公司,"Ancheea CO., LTD.",新北市新店區民權路104號5樓,許O芳,02-86675577,02-86675566,2025/09/10,2025/09/10,Y,Y
83054924,有和俊股份有限公司,"UHejun Co., Ltd.",新北市三重區大榮街38號2樓,傅O銓,,,2025/09/10,2025/09/10,Y,Y
60067417,米發日貨工作室,MIFA Co.,新北市新莊區新北大道7段498巷2號,楊O閔,,,2025/09/09,2026/09/03,Y,Y
60477833,德三能源科技股份有限公司,DS Energeia Technology LTD.,新北市汐止區秀峰路81巷13號,許O州,03-5782368#17,,2025/09/09,2026/03/05,Y,Y
54009181,鴻瑞電子股份有限公司,Homray Technology INC.,新北市淡水區行忠路260號(1樓),陳O珊,02-26260429#12,,2025/09/09,2025/12/06,Y,Y
00005326,億巨健身貿易有限公司,"1GPROTEAM CO., LTD.",新北市永和區民族街17巷10號4樓,陳O竣,0229453180,,2025/09/09,2025/09/10,Y,Y
00071541,元全國際有限公司,"Yuanquan International Co., Ltd.",新北市三重區重新路2段21號11樓,張O郎,0930590137,,2025/09/09,2025/09/09,Y,Y
24710754,金淳生物科技有限公司,"Jinchun Biotechnology CO., LTD.",新北市板橋區莒光路237號1樓之5,蕭O華,0903941999,,2025/09/09,2025/09/09,Y,Y
60563746,福谷栗有限公司,"FUKURI CO., LTD.",新北市土城區青雲路295巷16弄20號4樓,劉O華,0903-771171,,2025/09/09,2025/09/09,Y,Y
60568931,華人敬拜股份有限公司,"CWY Worship CO., LTD.",新北市土城區永安街74號,陳O燁,02-2269-7311,,2025/09/09,2025/09/09,Y,Y
60602065,艾達宸科技有限公司,ADC Technology LTD.,新北市中和區連城路268號3樓之1,魏O庭,,,2025/09/09,2025/09/09,Y,Y
60762111,東洋洗濯事業股份有限公司,eYoung Linen Management Corp.,新北市鶯歌區八德路3之8號,吳O富,02-22984567#461,02-22981145,2025/09/09,2025/09/09,Y,Y
83501233,鼎義傢飾美學有限公司,"Ding Yi Home Decor CO., LTD.",新北市板橋區中山路1段10號11樓,邱O薰,02-23120842,,2025/09/09,2025/09/09,Y,Y
90146961,紫金鑽有限公司,"Purple Gold Diamond CO., LTD.",新北市淡水區新市三路2段233號7樓,林O翔,0955966527,,2025/09/09,2025/09/09,Y,Y
90183579,宸觥有限公司,"N9N9 Hub CO., LTD.",新北市林口區吉祥路30號6樓,林O瑩,,,2025/09/08,2026/08/19,Y,Y
60667030,馨洋國際有限公司,Kardus Ku express LTD.,新北市林口區麗園二街6之2號,范O科,,,2025/09/08,2026/05/19,Y,Y
83617810,光階影像有限公司,KyleYuPhoto LTD.,新北市新店區光明街208號(1樓),游O祥,0229136300,,2025/09/08,2025/09/09,Y,Y
53465983,揚明環保科技股份有限公司,"YANG MING ENVIRONMENTAL TECHNOLOGY CO., LTD.",新北市新莊區中正路514巷53弄36號,馬O,02-22281899,,2025/09/08,2025/09/08,Y,Y
60027719,晁源商行,Chaoyuan Trading Company,新北市板橋區裕民街122號10樓,陳O賜,0918488122,,2025/09/08,2025/09/08,Y,Y
60601586,泓潤投資有限公司,HongRun Investment Limited Company,新北市中和區新民街31號6樓,卓O君,,,2025/09/08,2025/09/08,Y,Y
60780976,冀澄有限公司,SEEAT.app LTD.,新北市汐止區新台五路1段93號21樓之6,鄭O榕,,,2025/09/08,2025/09/08,Y,Y
82865740,喜奈而企業有限公司,"Xinail Enterprise CO., LTD.",新北市淡水區沙崙路1段17號9樓,林O謦,02-26258334,,2025/09/08,2025/09/08,Y,Y
85142753,易仕拓商號,ESTORE Co.,新北市蘆洲區環堤大道182號,林O良,0988197551,,2025/09/08,2025/09/08,Y,Y
90053652,藍阿舍餐飲股份有限公司,"Blue Ashers CO., LTD.",新北市蘆洲區永安北路2段8巷6號,藍O軒,,,2025/09/08,2025/09/08,Y,Y
91086239,引源有限公司,"YIN YUAN CO., LTD.",新北市中和區景平路78號,吳O岳,02-29400790,,2025/09/08,2025/09/08,Y,Y
91227097,王酥酥商行,Wang Susu Trading Company,新北市板橋區大智街92號,王O妮,0968968297,,2025/09/08,2025/09/08,Y,Y
60650621,享淨淨國際有限公司,"Xiang Jingjing International CO., LTD.",新北市土城區學士路24巷6號,楚O妤,,,2025/09/07,2025/09/07,Y,Y
60601397,宏洋精密有限公司,P&A technology LTD.,新北市板橋區田單北街18號4樓,陳O翔,,,2025/09/05,2026/08/27,Y,Y
93581832,木子創意有限公司,Muzi Creative Co. Ltd.,新北市蘆洲區永樂街27巷17號八樓,李O寶鳳,0912525481,,2025/09/05,2025/12/03,Y,Y
60569798,沁蔚股份有限公司,"Qinwei Co., Ltd.",新北市新莊區中正路726之3號(1樓),林O柏,,,2025/09/05,2025/09/05,Y,Y
60581033,必看內容股份有限公司,"Becoming Creative CO., LTD.",新北市新店區安祥路106巷232號(1樓),蕭O傑,,,2025/09/05,2025/09/05,Y,Y
95498681,熙禹有限公司,"Xiyu CO., LTD.",新北市中和區員山路423巷12弄9號3樓,陳O偉,,,2025/09/05,2025/09/05,Y,Y
60601220,典凡科技股份有限公司,TF TECHNOLOGY INC.,新北市新店區中央路188號6樓之1,曹O凡,,,2025/09/04,2026/09/08,Y,Y
60510994,科旭科技股份有限公司,"COTEK TECHNOLOGY CO., LTD.",新北市三重區光復路1段142號3樓,楊O鑫,02-27699191,,2025/09/04,2026/07/22,Y,Y
60580750,易鉑克國際系統櫃室內裝修有限公司,"Easyplock.com International CO., LTD.",新北市土城區承天路33號,蕭O琳,,,2025/09/04,2025/11/27,Y,Y
00069524,宏璟有限公司,"HONG JING INTERNATIONAL CO., LTD.",新北市林口區惠民街30巷27號8樓,馮O恩,,,2025/09/04,2025/09/04,Y,Y
27509269,當代食品有限公司,BBR Catering Service INC.,新北市三重區中興北街139巷2號,傅O民,02-29999191,02-29999292,2025/09/04,2025/09/04,Y,Y
60029076,知喻文創工作室,Hidden Threads Creative Studio,新北市中和區中山路2段332巷9號8樓,邱O玲,886986922423,,2025/09/04,2025/09/04,Y,Y
60059872,德聯蔘藥行,DeLian Hang,新北市林口區中正路252號,陳O璧,,,2025/09/04,2025/09/04,N,N
60070047,智冠企業社,Jih-Guan Co.,新北市泰山區文化街18號11樓,曾O元,02-22961986,,2025/09/04,2025/09/04,Y,Y
60554182,綠原材料股份有限公司,Green Origin Materials INC.,新北市中和區景安路48號6樓,陳O柏,,,2025/09/04,2025/09/04,Y,Y
60555149,翔橙科技有限公司,GlideOrange tech Limited Company,新北市樹林區樹新路17號12樓之2,宋O任,,,2025/09/04,2025/09/04,Y,Y
60563915,比禾嶼生活有限公司,Be Harmony You LTD.,新北市鶯歌區國慶街5之1號2樓,吳O堯,0978260583,,2025/09/04,2025/09/04,Y,Y
60569333,興品實業股份有限公司,"Apex Line Industrial CO., LTD.",新北市新店區寶橋路235巷118號5樓之1,張O雲,02-89121909,,2025/09/04,2025/09/04,Y,Y
60569517,贏賓有限公司,"Inn Pinn CO., LTD.",新北市新莊區中正路887之19號2樓之3,茆O欣,,,2025/09/04,2025/09/04,Y,Y
60569538,城煜有限公司,"YU WILL CO., LTD.",新北市樹林區中山路1段60號4樓,高O,0918920903,,2025/09/04,2025/09/04,Y,Y
60569565,名好有限公司,"Minho CO., LTD.",新北市中和區連城路89巷30號地下一層,王O閔,,,2025/09/04,2025/09/04,Y,Y
60569734,慕核動力有限公司,NTX Motor LTD.,新北市汐止區大同路1段356號(2樓),王O元,02-29516611,,2025/09/04,2025/09/04,Y,Y
60570009,倪邇貝國際有限公司,Nearbuy Limited,新北市汐止區新台五路1段95號22樓之12,簡O宸,,,2025/09/04,2025/09/04,Y,Y
60570021,馨韻國際有限公司,"SERENE INTERNATIONAL CO., LTD.",新北市新店區大榮路66號,許O愛,02-27008199,,2025/09/04,2025/09/04,Y,Y
83231409,立卓投資股份有限公司,"HCC Healthcare CO., LTD.",新北市板橋區南雅南路1段1巷30號,蕭O正,02-29535583#4120,02-29535592,2025/09/04,2025/09/04,Y,Y
88152092,逢佳實業社,Fengjia Industrial Co.,新北市三重區溪尾街39號5樓,徐O娟,,,2025/09/04,2025/09/04,N,N
90675321,山羊科技有限公司,"GOATECH CO., LTD.",新北市板橋區四川路2段241號15樓之3,楊O卉,02-77527651#111,,2025/09/04,2025/09/04,Y,Y
93788860,奧秘斯有限公司,OlymMist Co.,新北市中和區中山路2段332巷1號7樓,蕭O維,0955301210,,2025/09/03,2026/07/25,Y,Y
60780336,承馥食品有限公司,"CHENG FU CO., LTD.",新北市汐止區新台五路1段95號16樓之1,,02-8695-1457,,2025/09/03,2026/06/23,N,N
94158432,台灣凱峰電子有限公司,"TAIWAN KAIFENG ELECTRONIC CO., LTD.",新北市新莊區建國一路310號9樓,邱O加,02-85219469,,2025/09/03,2025/12/27,Y,Y
50845588,沐煦室內裝修設計有限公司,"MOOSH DESIGN CO., LTD.",新北市三重區中正南路146號,郭O德,+886229729229,,2025/09/03,2025/09/03,Y,Y
60068513,億嘉合企業社,Yijiahe Enterprise CO.,新北市新莊區四維路131巷10號2樓,林O垣,,,2025/09/03,2025/09/03,N,N
60569523,榮翊國際餐飲股份有限公司,"Royee international Co., Ltd.",新北市三重區自由街61號,陳O銘,,,2025/09/03,2025/09/03,Y,Y
60569707,明森科技有限公司,"Minsen CO., LTD.",新北市中和區中山路2段332巷9號8樓,鄭O騰,0928191819,,2025/09/03,2025/09/03,Y,Y
60581596,勁佶科技有限公司,"JING-JI Technology CO., LTD.",新北市中和區大仁街20巷25弄12號,權O江,,,2025/09/03,2025/09/03,Y,Y
60649759,禎美企業有限公司,"JENMEI ENTERPRISE CO., LTD.",新北市中和區華順街135巷9號6樓,黃O熙,,,2025/09/03,2025/09/03,Y,Y
93741486,子萸管理顧問有限公司,Tzu-yu global fresh LTD.,新北市中和區中正路689號2樓,陳O春,02-23081211#5613,,2025/09/03,2025/09/03,Y,Y
97552823,塗藝間制造有限公司,TUART SPACE MANUFACTURING LTD.,新北市中和區中山路2段312巷33弄12號(1樓),張O豪,0958478181,,2025/09/03,2025/09/03,Y,Y
60569208,恆造工業股份有限公司,"HC(Taiwan) manufacture Co., Ltd.",新北市泰山區明志路2段32巷8號(2樓),曾O霖,0982717070,,2025/09/02,2026/02/07,Y,Y
60562660,翊曜國際有限公司,"Yiyao International CO., LTD.",新北市新店區安興路109號5樓之6,黃O達,0938-130283,,2025/09/02,2026/01/09,Y,Y
89172173,雷立資本股份有限公司,"LAYLI CO., LTD.",新北市永和區民有街75巷10弄5號2樓,呂O立,,,2025/09/02,2025/11/05,Y,Y
60563719,森匯有限公司,"Waldhaus CO., LTD.",新北市中和區秀朗路3段128巷9弄9號4樓,KOvinStahl,0979271013,,2025/09/02,2025/10/16,Y,Y
60569642,嘉升印刷科技有限公司,"Sinwa Printech (Taiwan) Co., Ltd",新北市五股區五工五路50號,林O彥,02-22980808,,2025/09/02,2025/09/03,Y,Y
24726952,立蕓國際生醫有限公司,Li Yun International Biomedical LTD.,新北市新莊區新北大道3段7號12樓之5,余O青,02-77160000,,2025/09/02,2025/09/02,Y,Y
42715611,品嘉汽車塗裝有限公司,"Pinjia Auto Body Painting CO., LTD.",新北市鶯歌區鶯桃路296巷53號5樓,張O震,03-3616176,,2025/09/02,2025/09/02,Y,Y
60562850,錸卡國際貿易有限公司,LAIKA INTERNATIONAL LIMITED,新北市中和區中正路610號,邱O源,0935655821,,2025/09/02,2025/09/02,Y,Y
60563008,木子曜股份有限公司,"Muziyao CO., LTD.",新北市汐止區新台五路1段95號22樓之12,李O萱,,,2025/09/02,2025/09/02,Y,Y
66494665,古月影像工作室有限公司,"Hu Studio CO., LTD.",新北市汐止區康寧街751巷3號17樓,胡O明,0912532622,,2025/09/02,2025/09/02,Y,Y
60567433,柏松國際貿易有限公司,"PO SUNG TRADING CO., LTD.",新北市新店區寶興路60巷22號5樓,陳O宏,,,2025/09/01,2026/09/01,Y,Y
00048508,御峰家族辦公室有限公司,Royal Apex family office Limited Company,新北市板橋區國光路173巷12號4樓,李O叡,02-29655689,,2025/09/01,2025/09/01,Y,Y
29102857,駿瑪有限公司,"JUNMA CO., LTD.",新北市板橋區三民路2段正泰二巷5號3樓,王O智,02-29648928,02-29648200,2025/09/01,2025/09/01,Y,Y
53314803,壬州有限公司,"REN ZHOU CO., LTD.",新北市五股區登林路65號之3,謝O威,,,2025/09/01,2025/09/01,Y,Y
60562676,坦斯拉材料科技有限公司,"TENSLA Co., Ltd",新北市三峽區國光街350巷2號(1樓),陳O成,02-86715079,,2025/09/01,2025/09/01,Y,Y
60563289,美豚管理顧問有限公司,"Meitun Management Consulting CO., LTD.",新北市中和區中正路200號,彭O堯,02-82458627#121,,2025/09/01,2025/09/01,Y,Y
60568904,原坊寵物有限公司,"The Protocraft CO., LTD.",新北市板橋區龍泉街54巷8弄11號,陳O貞,,,2025/09/01,2025/09/01,Y,Y
60569283,台灣柏茵音樂有限公司,Parkland Music Taiwan Limited,新北市樹林區桃子腳路106號11樓,吳O章,,,2025/09/01,2025/09/01,Y,Y
60569426,星池有限公司,"STAR POOL CO., LTD.",新北市新莊區中港路138巷7弄1號5樓,顏O桔,,,2025/09/01,2025/09/01,Y,Y
60595206,霖澤資本有限公司,Evergrace Capital LTD.,新北市板橋區長江路1段106巷20弄2號3樓,巫O霖,,,2025/09/01,2025/09/01,Y,Y
60781172,冶望動漫科技有限公司,YEWANG ANIMATION TECHNOLOGY Co.,新北市板橋區忠孝路48巷9弄11號,阮O軒,02-29538923,,2025/09/01,2025/09/01,Y,Y
54963973,映科羅股份有限公司,"xnano CO., LTD.",新北市三峽區忠孝街29號,蔡O,,,2025/08/30,2025/08/30,Y,Y
60022995,月月芊企業社,Yue yue chien Company,新北市新莊區中平路183號2樓,潘O穎,02-2862-9668,,2025/08/29,2025/08/29,Y,Y
60023002,希妮亞商行,Xinia Company,新北市三重區新北大道1段123號11樓,張O瑜,02-2862-9668,,2025/08/29,2025/08/29,Y,Y
60562248,原霂有限公司,"MUORI CO., LTD.",新北市泰山區明志路2段114號11樓,鄭O,0983888550,,2025/08/29,2025/08/29,Y,Y
60562401,四一二七投資股份有限公司,"4127 Investment CO., LTD.",新北市中和區建一路186號11樓之1,李O德,,,2025/08/29,2025/08/29,Y,Y
60562556,昀昆國際投資有限公司,YUN KUN LTD.,新北市中和區建八路16號8樓,蔡O志,02-82265467,,2025/08/29,2025/08/29,Y,Y
60563859,協禎國際有限公司,"SYNZHEN INTERNATIONAL CO., LTD.",新北市林口區文化二路1段260巷12號11樓,許O禎,02-26083930,,2025/08/29,2025/08/29,Y,Y
60568974,甲洵有限公司,"Chia Hsun Trading CO., LTD.",新北市土城區中央路4段74號12樓之3,邱O棠,,,2025/08/29,2025/08/29,Y,Y
60650381,德邦國際供應鏈有限公司,"Deppon International Supply Chain CO., LTD.",新北市鶯歌區高職西街1之11號3樓,陳O宗,02-82511798,,2025/08/29,2025/08/29,Y,Y
91257444,興盛湧商號,XING-SHENGYONG STORE,新北市新莊區富國路160號,魏O靜,02-29063331,,2025/08/29,2025/08/29,Y,Y
91686037,東益藝術設計工作室,Dong Yi Art Design Studio,新北市三芝區興華里田心子8之18號,黃O馨,,,2025/08/29,2025/08/29,Y,Y
60698147,嘉彥科技實業有限公司,"JL Technology CO., LTD.",新北市汐止區新台五路1段95號16樓之1,李O彬,,,2025/08/28,2026/07/25,Y,Y
60562839,訊安達科技股份有限公司,"DriveWise Technology CO., LTD.",新北市板橋區中山路1段10號11樓,王O程,,,2025/08/28,2026/07/09,Y,Y
60068387,育見服飾商行,YU JANE Co.,新北市土城區福安街30之11號3樓,蔡O錚,,,2025/08/28,2026/04/11,N,N
00062043,興展翊有限公司,Honest Bridge Trade&Logistics LTD.,新北市萬里區仁二街4號2樓,高O婷,,,2025/08/28,2025/08/28,Y,Y
00113063,順達彩色有限公司,"ColorWay CO., LTD.",新北市五股區五工一路122號(4樓),陳O萍,02-22015665#13,02-22015593,2025/08/28,2025/08/28,Y,Y
55952994,詠興室內裝修有限公司,"Yongxing Interior Decoration CO., LTD.",新北市汐止區汐萬路2段122巷21號(1樓),廖O維,0986558508,,2025/08/28,2025/08/28,Y,Y
60065403,娜絲療癒工作室,Nasser Healing Studio,新北市新莊區富貴路492號6樓,林O聿,0935635980,,2025/08/28,2025/08/28,Y,Y
60563154,摩特有限公司,"Model CO., LTD.",新北市新莊區中正路新建巷49號5樓,梁O仁,0937271359,,2025/08/28,2025/08/28,Y,Y
60563210,木木欣有限公司,MUMUSIN LTD.,新北市新莊區中和街125巷14號5樓,鄔O佑,0925081882,,2025/08/28,2025/08/28,Y,Y
60563577,水澤創意設計有限公司,Mizusawacreation LTD.,新北市蘆洲區中山一路161號3樓,張O綸,,,2025/08/28,2025/08/28,Y,Y
60568778,宇世創新科技有限公司,"YuSi Innovation Technology CO., LTD.",新北市新莊區中華路2段7號10樓,王O捷,,,2025/08/28,2025/08/28,Y,Y
60595058,聲潮有限公司,"Soundtide CO., LTD.",新北市中和區中山路2段391之3號7樓,池O瑋,0926217720,,2025/08/28,2025/08/28,Y,Y
60595120,遠拓國際有限公司,"CKS CO., LTD.",新北市中和區景安路79巷19弄1號4樓,孫O,,,2025/08/28,2025/08/28,Y,Y
60595249,點點泰有限公司,D.D.Thai LTD.,新北市板橋區漢生東路145號4樓,陳O秀,,,2025/08/28,2025/08/28,Y,Y
60595260,鉑邁整合行銷有限公司,Platinum Mile Marketing LTD.,新北市板橋區板新路17號2樓,郎O英,,,2025/08/28,2025/08/28,Y,Y
60595297,騰毅創意有限公司,Tenyi Advertising Creative INC.,新北市中和區中山路2段332巷9號8樓,陳O銘,,,2025/08/28,2025/08/28,Y,Y
60637389,雪花國際貿易有限公司,SNOWFLAKE International Trading Company Limited,新北市淡水區新市六路1段88號(1樓),趙O珠(MIMIKYU),,,2025/08/28,2025/08/28,Y,Y
60657758,宏源智能科技有限公司,HONGYUAN LTD.,新北市板橋區中山路1段10號9樓,馬O雪,,,2025/08/28,2025/08/28,Y,Y
69443424,姮星文創事業有限公司,"Hangstar Creative CO., LTD.",新北市三重區中寮街67號,厲O揚,0916963093,,2025/08/28,2025/08/28,Y,Y
86524126,日陞照明企業有限公司,"Sun Rise Lighting CO., LTD.",新北市蘆洲區永樂街26巷24號1樓,許O杉,,,2025/08/28,2025/08/28,Y,Y
94865724,楓禾企業社,Fenghe Enterprise Co.,新北市板橋區文化路1段421巷1號(1樓),魏O玲,,,2025/08/28,2025/08/28,Y,Y
00114534,九玉商業有限公司,Joyu Global Ltd,新北市新莊區思源路171號10樓,陳O仁,02-26881148,,2025/08/27,2026/09/30,Y,Y
60625829,高居實業有限公司,"HI-POISE ENTER CO., LTD.",新北市三重區光復路2段80號10樓之8,李O賢,02-85123259,,2025/08/27,2025/10/28,Y,Y
27652840,行策股份有限公司,"Active Tactics Advertising CO., LTD.",新北市三重區光復路1段47號4樓,黃O德,02-2358-2710,,2025/08/27,2025/10/03,Y,Y
90799441,華廣科技工程有限公司,"HUAGUANG TECHNOLOGY ENGINEERING CO., LTD.",新北市中和區建八路16號11樓,張O,02-82263963,,2025/08/26,2026/07/17,Y,Y
60563041,諾必達智能科技有限公司,"Nuobida Intelligent Technology CO.,LTD.",新北市板橋區館前東路116號2樓之8,楊O震,,,2025/08/26,2025/09/16,Y,Y
00250283,毅品汽車有限公司,EPIC AUTOMOTIVE LTD.,新北市八里區龍形五街3號5樓,洪O成,0910607838,,2025/08/26,2025/08/26,Y,Y
60562731,有李行銷有限公司,"Ulique CO., LTD.",新北市板橋區中山路1段10號9樓,李O勳,,,2025/08/26,2025/08/26,Y,Y
60595022,墨提智研有限公司,MetiScient Business & Technology Advisory LTD.,新北市中和區捷運路8之9號11樓,鄺O硏,,,2025/08/26,2025/08/26,Y,Y
60595064,春日暖陽有限公司,"Spring Sunlight CO., LTD.",新北市新莊區福德三街66號12樓,陳O卿,,,2025/08/26,2025/08/26,Y,Y
60644305,吉田國際有限公司,YOSHIDA INTERNATIONAL LTD.,新北市汐止區大同路3段208號2樓,王O達,02-27566337#715,,2025/08/26,2025/08/26,Y,Y
60658790,鈜灝國際有限公司,Hong Dragon International Company,新北市土城區金城路3段37號3樓,顏O浩,02-22660907,,2025/08/26,2025/08/26,Y,Y
60691123,黑雨設計有限公司,"Ojo Design CO., LTD.",新北市林口區文林六街62巷17號5樓,李O岑,,,2025/08/26,2025/08/26,Y,Y
70442726,正品印刷設計有限公司,"GOOD SERVICE PRINT CO., LTD.",新北市中和區中山路2段362之5號2樓,張O真,02-22493878,02-22497876,2025/08/26,2025/08/26,Y,Y
82819768,慶佳有限公司,"Ching Chia CO., LTD.",新北市五股區成泰路1段7巷15弄13號14樓,黃O暉,02-29096057,,2025/08/26,2025/08/26,Y,Y
95160977,雲朵韓國代購,Lumina Shop,新北市永和區中山路1段106號3樓之2,蔡O倢,,,2025/08/26,2025/08/26,Y,Y
60563318,義歆實業股份有限公司,"Yi Hsin sealing machine CO., LTD.",新北市土城區中央路2段126號3樓,徐O義,,,2025/08/25,2026/09/24,Y,Y
60563226,宏泓資本有限公司,Macro Fountain Capital Ltd.,新北市中和區中正路716號7樓之5,,,,2025/08/25,2026/06/05,N,N
98645080,富馳股份有限公司,"Fu Chi CO., LTD.",新北市中和區橋和路122號10樓之1,陳O憓,02-82457777#666,02-82455777,2025/08/25,2026/02/03,Y,Y
00102903,香港商中強精英有限公司台灣分公司,"HONG KONG Committed To Xcellence CO., LTD. Taiwan Branch",新北市新店區寶橋路235巷136號1樓,"簡O儒CHIEN,HENG-JU",,,2025/08/25,2025/08/25,Y,Y
00128501,長贊企業股份有限公司,"EVER FULL CO., LTD.",新北市林口區中山路250號2樓之1,蔡O容,02-26010276,02-26011267,2025/08/25,2025/08/25,Y,Y
24961082,噶瑪妙林有限公司,"KARMA MIAOLIN CO., LTD.",新北市板橋區四川路2段16巷3號6樓,李O榆,,,2025/08/25,2025/08/25,Y,Y
54810034,長谷投資股份有限公司,"HASE INVESTMENT CO., LTD.",新北市林口區中山路250號2樓之1,蔡O容,02-26010276,02-26011267,2025/08/25,2025/08/25,Y,Y
60562330,牛棚有限公司,BULLPEN LIMITED Company,新北市新莊區瓊林南路126號,簡O銘,0931789058,,2025/08/25,2025/08/25,Y,Y
60562964,聖曜國際有限公司,"S.Y. Luxe International CO., LTD.",新北市新店區中正路487之2號13樓,許O箏,02-86674040,02-86674440,2025/08/25,2025/08/25,Y,Y
60562985,寅家國際有限公司,"Yinjia International CO., LTD.",新北市中和區民享街88巷17號5樓,鄒O,0933458424,,2025/08/25,2025/08/25,Y,Y
60563247,安華達科技有限公司,AIORA Twins CORP. LTD.,新北市林口區林口路85號8樓,李O華,,,2025/08/25,2025/08/25,Y,Y
60617335,芃澤國際股份有限公司,"PiNXT International CO., LTD.",新北市三重區平安街49號,郭O鑫,0975167070,,2025/08/25,2025/08/25,Y,Y
60649961,衣舫有限公司,"YI FANG CO., LTD.",新北市新莊區中原路518號,楊O娜,,,2025/08/25,2025/08/25,N,N
60650397,宏啟數位科技有限公司,Ascend Digital Innovations Co. Ltd.,新北市板橋區華江一路111號10樓之5,蔡O杰,02-23131268,,2025/08/25,2025/08/25,Y,Y
60658546,喆哲企業股份有限公司,"ZHEZHE CO., LTD.",新北市新店區民權路108號10樓,黃O倫,0975751121,,2025/08/25,2025/08/25,Y,Y
60658953,福恆企業有限公司,"Fu Heng industrial CO., LTD.",新北市林口區文化二路1段68巷2號9樓之1,吳O治,02-26098306,,2025/08/25,2025/08/25,Y,Y
66250865,家泓國際開發有限公司,"Jiahong International Development Co., Ltd.",新北市板橋區縣民大道3段133巷19號(1樓),廖O明,,,2025/08/25,2025/08/25,N,N
91084725,利訊科技股份有限公司,"PROFTTLINK TECHNOLOGY CO., LTD.",新北市三重區中正北路315巷16弄16號,李O亭,0958050485,,2025/08/25,2025/08/25,Y,Y
91722224,辦事利索事事管企業社,Benzly Studio,新北市瑞芳區民生街27號8樓之1,黃O傑,0909343993,,2025/08/25,2025/08/25,Y,Y
96802231,毅興香業有限公司,"YI HSING INCENSE INDUSTRY CO., LTD.",新北市樹林區佳園路1段75巷7號(2樓),簡O浿,02-26806133,,2025/08/25,2025/08/25,Y,Y
68563126,泰睿安管理顧問有限公司,"Tai Ruian Management Consulting Co., Ltd.",新北市泰山區仁愛路59號11樓,陳O彥,,,2025/08/23,2025/08/23,Y,Y
60562319,法摩沙國際股份有限公司,"Fasomosa International CO., LTD.",新北市八里區文心街141號,,02-29351121,,2025/08/22,2026/09/18,N,N
60563149,誠鋒精密有限公司,"CHENG FENG PRECISION CO., LTD.",新北市新莊區瓊林南路103巷8弄39號(1樓),,0911096533,,2025/08/22,2026/06/17,N,N
12828764,得原營造有限公司,Deyuan Construction LTD.,新北市板橋區民族路189號7樓,黃O玲,02-896142951,,2025/08/22,2025/08/22,Y,Y
24706077,慕峰戶外休閒有限公司,"MoveFun outdoor CO., LTD.",新北市汐止區中興路150巷2之1號4樓,賴O中,02-29473385,,2025/08/22,2025/08/22,Y,Y
60563204,沐紜股份有限公司,MUYUN BEAUTY CORP.,新北市新店區民族路33號12樓,趙O芳,,,2025/08/22,2025/08/22,Y,Y
60658314,森赫選有限公司,SENHE SELECT LTD.,新北市板橋區文化路2段285號21樓,陳O臻,0903084558,,2025/08/22,2025/08/22,Y,Y
92742851,川富企業社,CHUANFU Co.,新北市板橋區四川路2段245巷35號4樓,許O郎,02-82620113,,2025/08/21,2026/08/08,Y,Y
83244278,龍馬全人健康股份有限公司,Ryoma Biotechnology INC.,新北市土城區自強街4號,鍾O青,22696669,,2025/08/21,2026/01/06,Y,Y
60187882,禾康生活商行,Hekang Lifestyle Trading Co.,新北市泰山區中港西路452號11樓,洪O宜,02-29922614,02-29985489,2025/08/21,2025/11/14,Y,Y
00217779,星邦富迪國際有限公司,Starfudy Internation Limited Company,新北市中和區中正路277之2號20樓,張O豪,,,2025/08/21,2025/08/29,Y,Y
00223907,達奧植物規劃有限公司,DAAO.PLANTDESIGN Limited Company,新北市中和區福祥路56號11樓,葉O蓁,0985-784998,,2025/08/21,2025/08/21,Y,Y
54858711,昀展國際企業有限公司,"YUN CHAN INTERNATIONAL ENTERPRISE CO., LTD.",新北市汐止區大同路2段510號4樓,李O和,02-2648-5200,02-2648-5202,2025/08/21,2025/08/21,Y,Y
60062840,正韋商行,Zhengwei Trading Co.,新北市泰山區明志路3段351巷8號5樓,李O葶,02-29922614,02-29985489,2025/08/21,2025/08/21,Y,Y
60554161,華貿電力科技股份有限公司,WT International Inc.,新北市新店區民權路95號8樓之2,陳O龍,02-22185278#143,,2025/08/21,2025/08/21,Y,Y
60562211,升展興業國際有限公司,"SHENG JHAN INTERNATIONAL CO., LTD.",新北市林口區公園路203號10樓之1至之2,許O碩,02-29099363,,2025/08/21,2025/08/21,Y,Y
60562367,伸勇電子股份有限公司,"VAKOS Electronics CO., LTD.",新北市中和區中正路951號9樓,王O旭,02-8221-8116 #31,02-2222-8715,2025/08/21,2025/08/21,Y,Y
60562789,永濬貿易有限公司,"Y .CHUN CO., LTD.",新北市淡水區新興街1號,潘O杰,0912339741,,2025/08/21,2025/08/21,Y,Y
60562824,埃杉顧問有限公司,"Asha consultants Co., Ltd.",新北市汐止區中興路236號4樓,溫O恆,,,2025/08/21,2025/08/21,Y,Y
60625790,序熙有限公司,"Xuxi International CO., LTD.",新北市林口區文明街128號4樓,張O瑄,,,2025/08/21,2025/08/21,Y,Y
90577320,德創國際有限公司,"DETRON INTERNATIONAL CO., LTD.",新北市中和區安平路67號8樓,黃O慧,,,2025/08/21,2025/08/21,Y,Y
90674049,鴻星魔帶有限公司,Redstar Limited,新北市新莊區新樹路268巷28之2號,張O標,02-29039618,02-29039617,2025/08/21,2025/08/21,Y,Y
93720095,維森科技有限公司,"WESENSE TECHNOLOGY CO., LTD.",新北市泰山區義東街16號7樓,萬O森,0229002265,0229002265,2025/08/21,2025/08/21,Y,Y
60064919,寯瑞玉石商行,Jun rui jade Sole proprietorship Co.,新北市鶯歌區鳳七路36號5樓,張O廷,,,2025/08/20,2026/03/28,Y,Y
60562009,哈努拿貿易股份有限公司,"Haruna Trading, Inc.",新北市汐止區大同路1段337巷16弄21號(1樓),謝O玲,,,2025/08/20,2026/03/05,Y,Y
54956776,薈通有限公司,Huitong Limited Company,新北市汐止區水源路2段36巷29號8樓,羅O潔,,,2025/08/20,2025/08/20,Y,Y
60060060,可晴商行,Keching Trading Co.,新北市板橋區和平路8號(2樓),何O裕,0970225820,,2025/08/20,2025/08/20,Y,Y
60060076,曖妮商行,Aini Trading Co.,新北市板橋區和平路8號(2樓),何O裕,0970225820,,2025/08/20,2025/08/20,Y,Y
60060081,嘉佑商行,Jayo Trading Co.,新北市板橋區和平路8號(2樓),何O裕,0970225820,,2025/08/20,2025/08/20,Y,Y
60562155,揅思國際有限公司,"Yansi International CO., LTD.",新北市樹林區中正路69號4樓之1,王O盛,,,2025/08/20,2025/08/20,Y,Y
60562373,四季農產通運股份有限公司,"Four Seasons Agricultural Trading CO., LTD.",新北市新莊區中原路656號17樓,王O雯,,,2025/08/20,2025/08/20,Y,Y
60617145,艾尼歐電子有限公司,AINIO ELECTRONICS LTD.,新北市五股區中興路1段10號9樓之2,王O仁,02-8976-9101,,2025/08/20,2025/08/20,Y,Y
60650609,維他健康有限公司,"Vitapapa CO., LTD.",新北市林口區公園路203號10樓之1、之2,周O銘,,,2025/08/20,2025/08/20,Y,Y
60658927,寵域有限公司,"Petura CO., LTD.",新北市新莊區幸福路737號3樓之3,華O,,,2025/08/20,2025/08/20,Y,Y
83515406,意禾有限公司,"YIHO CO., LTD.",新北市汐止區環河街186巷2弄4號(1樓),黃O植,02-26342616,,2025/08/20,2025/08/20,N,N
86036409,象形國際文化股份有限公司,"Xiangxing International Culture CO., LTD.",新北市五股區成泰路2段168號(1樓),王O君,,,2025/08/20,2025/08/20,Y,Y
60562161,欣悅福緣有限公司,"Xinyue Fortune Trading CO., LTD.",新北市板橋區四川路2段16巷9號3樓,,,,2025/08/19,2026/03/14,N,N
24704459,台灣富足有限公司,"TWN Fortune International CO., LTD.",新北市蘆洲區成功里長安街375巷11號3樓,陳O群,,,2025/08/19,2025/08/19,Y,Y
25025513,詠麗生技有限公司,"Yongli Biotech CO., LTD.",新北市新店區環河路16號22樓之1,葛O泉,,,2025/08/19,2025/08/19,Y,Y
42731838,展金有限公司,"janjin Co.,Ltd.",新北市林口區信義路210號,戴O銘,02-2602-6900,02-2602-6901,2025/08/19,2025/08/19,Y,Y
60064621,美術數膠工作室,Fine Art Digital Plastic Studio,新北市樹林區中和街13巷2號(1樓),陳O佑,,,2025/08/19,2025/08/19,Y,Y
60554839,樂茵有限公司,"Joy Lush CO., LTD.",新北市板橋區北門街62之1號(2樓),陳O人,0912383833,,2025/08/19,2025/08/19,Y,Y
60562177,美芳美容國際有限公司,Mei Lux Beauty International Ltd.,新北市樹林區博愛街49號(1、2樓),阮O芳(NGUYENTHIPHUONG),0979053395,,2025/08/19,2025/08/19,Y,Y
66324281,和順吉環保有限公司,"HE SHUN JI ENVIRONMENTAL PROTECTION CO., LTD.",新北市新莊區光華街41號(1樓),呂O璟,02-22042303,,2025/08/19,2025/08/19,Y,Y
82834249,植寓有限公司,"Plantment CO., LTD.",新北市深坑區北深路3段159之1號16樓,鄭O軒,,,2025/08/19,2025/08/19,Y,Y
90723822,和千國際股份有限公司,"HO CHIEN INTERNATIONAL CO., LTD.",新北市林口區麗園二街60巷62號,吳O助,,,2025/08/19,2025/08/19,Y,Y
00108884,昕穆國際有限公司,"Xinmu International CO., LTD.",新北市汐止區水源路2段125巷12弄10號,葉O宜,0229961897,,2025/08/18,2026/03/24,Y,N
53968036,倍新生技有限公司,"Baby Shine Biotech CO., LTD.",新北市汐止區民族六街7巷17號,吳O温,02-26950378,02-26950376,2025/08/18,2026/02/25,Y,Y
97360304,聯榮鋼模有限公司,"WINPLAS INDUSTRIAL CO.,LTD",新北市蘆洲區中興街15巷28號,高O玲,02-22833140,02-22855984,2025/08/18,2025/09/03,Y,Y
28893993,曜鴻生物科技有限公司,YAO-HONG Biotechnology INC.,新北市新莊區四維里12鄰四維路151巷21之1號2樓,翁O峰,0226686845,0235019185,2025/08/18,2025/08/18,Y,Y
54709902,正大物業有限公司,"Zhengda Equipment CO., LTD.",新北市三重區昌隆街30號2樓,時O明,,,2025/08/18,2025/08/18,Y,Y
60561901,台灣塑植有限公司,TWSZ Company,新北市三重區中正北路394巷2弄12號,洪O勛,,,2025/08/18,2025/08/18,Y,Y
60657899,富尔碼有限公司,Forma.ai Limited Company,新北市新店區中興路2段218巷10號3樓,高O敏,,,2025/08/18,2025/08/18,Y,Y
60658588,鉅城管理顧問有限公司,"JC Management Consultants Co., Ltd.",新北市汐止區新台五路1段93號21樓之6,張O脩,0981765128,,2025/08/18,2025/08/18,Y,Y
60658617,嘉麗富科技有限公司,"GAINFULLY TECHNOLOGY CO., LTD.",新北市新莊區中華路2段7號10樓,梁O鳳,02-22110686,,2025/08/18,2025/08/18,Y,Y
68148108,旭能車業有限公司,"Xuneng Motor CO., LTD.",新北市新莊區中正路803巷14號6樓,陳O群,02-29099099,,2025/08/18,2025/08/18,Y,Y
82139328,阿如商行,A RU Shop,新北市蘆洲區保和街59號,鄭O如,02-22856906,,2025/08/18,2025/08/18,Y,Y
83687462,威騰數位科技有限公司,Winpower Digital Technology Ltd.,新北市三峽區大德路28號12樓之1,翁O倫,,,2025/08/18,2025/08/18,Y,Y
93582157,弎式空間有限公司,"Scence interior design CO., LTD.",新北市新店區北新路2段196巷14號2樓,吳O峰,,,2025/08/18,2025/08/18,Y,Y
93654736,豐郁軒股份有限公司,"Fong Yuh Hsuan Co., Ltd.",新北市板橋區環河西路5段215號11樓,鄭O文,,,2025/08/18,2025/08/18,Y,Y
96588859,翰禹國際有限公司,HanYuTW CORP. LTD.,新北市板橋區四川路1段136號2樓,程O豫,,,2025/08/18,2025/08/18,N,N
60658095,未來量子科技有限公司,"Future Quantum CO., LTD.",新北市汐止區湖前街110巷97弄3號(1樓),陳O如,0227951318,,2025/08/15,2026/02/10,Y,Y
60574223,凌曜創映有限公司,"Lingyao Creative CO., LTD.",新北市永和區中正路417號8樓,劉O齊,,,2025/08/15,2026/02/07,Y,Y
60658166,曜衡本策股份有限公司,ICH Inc.,新北市永和區永平路322號,施O豪,,,2025/08/15,2026/02/06,Y,Y
90306988,富昱儀器有限公司,"FU-YU Instrument CO., LTD.",新北市林口區中山路567號9樓之1,林O臻,02-82851650,,2025/08/15,2025/11/15,Y,Y
90187168,古勻國際有限公司,GoodYun International LTD.,新北市中和區連城路347巷6弄38號5樓,鄭O勻,,,2025/08/15,2025/09/26,Y,Y
42700292,浩大室內裝修有限公司,"HOWDA CO., LTD.",新北市土城區明峯街12號3樓,洪O恩,02-26893696,,2025/08/15,2025/08/15,Y,Y
42724597,小點子有限公司,"Apoint Design CO., LTD.",新北市三重區仁愛街278之3號10樓,劉O葉,02-89881267,,2025/08/15,2025/08/15,Y,Y
54028434,享樂機械有限公司,"XIANG LE MACHINERY CO., LTD.",新北市三峽區介壽路2段65號,林O慧,0277097799,,2025/08/15,2025/08/15,Y,Y
60554042,力企科技股份有限公司,"Liqi technology CO., LTD.",新北市土城區中山路11之1號,李O宏,,,2025/08/15,2025/08/15,Y,Y
60643875,森淼車業有限公司,"SENMIAO MOTOR CO., LTD.",新北市三重區重新路4段214巷5弄8號2樓,江O弘,0913017031,,2025/08/15,2025/08/15,Y,Y
60658010,星盈創投有限公司,XingYing Ventures Limited,新北市板橋區中山路1段10號9樓,柯O妤,,,2025/08/15,2025/08/15,N,N
90301739,蕎舍有限公司,Ankeandangie Limited Company,新北市淡水區水源街2段72號,陳O傑,0932306290,,2025/08/15,2025/08/15,Y,Y
91672435,日好飾企業社,SUI-YUE Studio,新北市鶯歌區尖山埔路90號(1樓),郭O瑜,0988980103,,2025/08/15,2025/08/15,Y,Y
80698704,大華觀光事業股份有限公司北投國華高爾夫俱樂部分公司,"Ta Hua Tourism development CO., LTD. BEITOU KUO HUA GOLF CLUB BRANCH",新北市淡水區坪頂里小坪頂23之1號,何O連連,,,2025/08/14,2026/01/23,Y,Y
60587450,國金茶業有限公司,"Guojin Tea CO., LTD.",新北市中和區景安路167巷32號3樓,安O祥,0986537533,,2025/08/14,2025/12/19,N,N
85078014,聯蘋有限公司,"LIAN PING CO., LTD.",新北市板橋區信義路165號2樓,許O豪,02-89520306,,2025/08/14,2025/08/15,Y,Y
00231126,超測儀表有限公司,Ultra Test Technology Limited,新北市中和區立德街199號7樓,董O珮,02-82282525,,2025/08/14,2025/08/14,Y,Y
54053995,関西國際有限公司,KANSAI INTERNATIONAL LTD.,新北市汐止區南陽街211號2樓,楊O佑,02-2693-3507,,2025/08/14,2025/08/14,Y,Y
60047399,蒼汰爬蟲工作室,Sota Reptile Studio,新北市淡水區原德路116巷4號(1樓),鍾O心,0977379947,,2025/08/14,2025/08/14,Y,Y
60553851,保瑜有限公司,"Baoyu Co., Ltd.",新北市汐止區新台五路一段81號2樓之1,高O襄,,,2025/08/14,2025/08/14,Y,Y
60553888,興勝企業有限公司,T.C. TRADING Company,新北市三重區重新路5段609巷6號4樓之2,鄭O祥,02-29951860,02-29951960,2025/08/14,2025/08/14,Y,Y
60554319,嘉禕股份有限公司,"JJ&E CO., LTD.",新北市永和區豫溪街57巷11弄4號4樓,呂O如,,,2025/08/14,2025/08/14,Y,Y
60648914,御陽照明科技有限公司,"WELLHOUSE LIGHTING TECHNOLOGY CO., LTD.",新北市三重區光復路2段80號9樓之9,羅O淳,02-29997898,02-29997569,2025/08/14,2025/08/14,Y,Y
60657173,鑫碩自動化有限公司,"Xensor Auto CO., LTD.",新北市板橋區板新路101號4樓,張O德,0936-823643,,2025/08/14,2025/08/14,Y,Y
60657928,啟芯科技有限公司,RCPRO GLOBAL LTD.,新北市新莊區立信三街35巷16號12樓,田O平,,,2025/08/14,2025/08/14,Y,Y
60657981,禾友機電有限公司,"Heyou E&M CO., LTD.",新北市新店區如意街24號地下一層之2,張O,,,2025/08/14,2025/08/14,Y,Y
80577482,眾意企業有限公司,"Zhongyi Enterprises CO., LTD",新北市板橋區中山路2段443巷77號13樓,林O蓮,,,2025/08/14,2025/08/14,Y,Y
83115513,室澔設計室內裝修有限公司,"SAO DESIGN INTERIOR RENOVATION CO., LTD.",新北市板橋區合宜路161號16樓之1,魯O豪,02-29666613,,2025/08/14,2025/08/14,Y,Y
91252089,匠亨科技企業社,JH Geo Instruments COMPANY,新北市中和區興南路1段93巷89弄3號2樓,羅O玉,02-29482237,,2025/08/14,2025/08/14,Y,Y
60547514,英懋興業有限公司,"Ying Mao Sim Co., Limited.",新北市新莊區幸福路836號2樓之2,李O珍,02-26186768,,2025/08/13,2026/06/23,Y,Y
00133878,榮帥精密有限公司,Johnson Precision Limited,新北市三重區光復路1段83巷2號7樓,林O聲,02-29998281,02-29998283,2025/08/13,2025/08/13,Y,Y
27871373,鳳鳴國際股份有限公司,Super Ray International Corporation Ltd.,新北市林口區竹林路328巷6號,吳O娜,02-2603-5096,,2025/08/13,2025/08/13,Y,Y
60040564,碟碟樂手碟坊,2DL HANDPAN STUDIO,新北市新莊區新樹路797號8樓,巫O憲,,,2025/08/13,2025/08/13,Y,Y
60059633,美桐商行,Mi tong Company,新北市三重區光明路84巷14號4樓,葉O伶,,,2025/08/13,2025/08/13,Y,Y
60548605,雨晨美妝有限公司,"MYSCENT CO., LTD.",新北市板橋區文化路2段441巷18號5樓,楊O立,,,2025/08/13,2025/08/13,Y,Y
60572962,君澄管理顧問有限公司,"ClearCrest Consulting Co., Ltd.",新北市五股區民義路2段48巷2號之1,陳O均,,,2025/08/13,2025/08/13,Y,Y
60650191,皇岑企業有限公司,"HSTU CO., LTD.",新北市三重區永福街58巷3弄9號(1樓),劉O岑,02-22800923,,2025/08/13,2025/08/13,Y,Y
60657841,展懿生活設計有限公司,"Zhan Yi Life Design Co., Ltd.",新北市樹林區俊英街224巷5號(2樓),顏O瑩,,,2025/08/13,2025/08/13,Y,Y
82811891,仲景生醫股份有限公司,Tesia Cell Therapeutic INC.,新北市新店區安興路109號5樓之6,汪O仲,02-28836008,02-28801508,2025/08/12,2026/08/04,Y,Y
95453609,熒宇有限公司,YINGYU LTD.,新北市新莊區中正路326號,吳O瑋,0917788813,,2025/08/12,2026/06/23,Y,Y
60550691,彩豐台灣美妝有限公司,CHOI FUNG HONG COMPANY LIMITED,新北市中和區立德街130號4樓,楊O源,,,2025/08/12,2026/01/14,Y,Y
60625567,茂燁國際有限公司,"MAO-YE INTERNATIONAL CO., LTD.",新北市板橋區後埔街54號5樓,林O尉,0901220096,02-22654243,2025/08/12,2025/10/07,Y,Y
22583330,振發機械有限公司,"Zhenfa Machinery CO., LTD.",新北市鶯歌區鶯桃路67巷8號,張O彩蓮,02-26790890,,2025/08/12,2025/08/12,Y,N
60554612,謙冲金屬製品有限公司,"Qianchong Metal Products Co., LTD.",新北市三重區重新路2段21號11樓,張O榜,0935810549,,2025/08/12,2025/08/12,Y,Y
60657477,有時文創有限公司,"Yoshi Studio CO., LTD.",新北市淡水區新市一路2段262號8樓,陳O鈴,0988352535,,2025/08/12,2025/08/12,Y,Y
60657645,太鴻國際貿易有限公司,Tai Hong Overseas Trading Company Limited,新北市汐止區原興路72之1號,羅O鈞,,,2025/08/12,2025/08/12,Y,Y
90051535,享飛科技有限公司,"Enjoy-Flying Tech. CO., LTD.",新北市中和區建八路209號14樓,洪O鴻,0982201237,,2025/08/12,2025/08/12,Y,Y
91002219,正啟科技股份有限公司,"Cheng Chi Tech CO., LTD.",新北市林口區仁愛路2段502號20樓之3,張O容,,,2025/08/12,2025/08/12,Y,Y
60548611,佳德模具工業有限公司,"JIA DE MOLD INDUSTRY CO., LTD.",新北市新莊區天祥街71巷13號,呂O誠,0965565531,,2025/08/11,2026/07/08,Y,Y
60749027,台灣德暉國際貿易有限公司,"aiwan Dehui International Trade CO., LTD.",新北市中和區中正路277之4號18樓,,02-24223013,,2025/08/11,2026/03/21,N,N
83476733,鋒寰國際營造股份有限公司,FONG HUAN INTERNATIONAL Construction Company Limited,新北市板橋區萬板路322號,陳O盛,0222587778,02-22587779,2025/08/11,2025/12/02,Y,Y
27959525,經驗覺醒有限公司,"KARMA, LTD.",新北市蘆洲區永平街32巷22弄3號(1樓),柯O琳,,,2025/08/11,2025/08/11,Y,Y
60553748,艾瑪國際企業有限公司,"ELMA INTERNATIONAL CO., LTD.",新北市汐止區南陽街120巷3號,林O真,,,2025/08/11,2025/08/11,Y,Y
60616595,柯德溫國際有限公司,GODWIN INTERNATIONAL Limited,新北市新店區安興路127之3號,王O瑪,0955868884,,2025/08/11,2025/08/11,Y,Y
60644591,禾豐茶品有限公司,HERFON TEA LTD,新北市土城區中央路1段274號,王O良,,,2025/08/11,2025/08/11,Y,Y
60657315,邑昕設計有限公司,"Yihsin Design CO., LTD.",新北市淡水區八勢路50巷85號3樓,鄒O珊,,,2025/08/11,2025/08/11,Y,Y
60690308,昱翔行銷有限公司,"YSKJ CO., LTD.",新北市新莊區新莊路36號,王O沅,04-23266060,,2025/08/11,2025/08/11,Y,Y
83076429,承庭國際股份有限公司,Centing Corporation,新北市新店區北宜路2段491號9樓1,謝O材,,,2025/08/11,2025/08/11,Y,Y
90069079,紜鼎生技有限公司,"Yunding Biotech CO., LTD.",新北市三重區自強路2段84巷7號,宋O凌,,,2025/08/11,2025/08/11,Y,Y
95497395,膜達人科技有限公司,More genius LTD.,新北市三重區三和路一段89號,陳O任,02-29720009,,2025/08/11,2025/08/11,Y,Y
52309248,悅軒實業有限公司,"YS PACKAGING CO., LTD.",新北市新店區復興路43號9樓,李O沛,02-86915777,,2025/08/08,2026/09/10,Y,Y
82976886,美都蘭德機電設計有限公司,"Medland Engineering Taiwan CO., LTD.",新北市三重區重新路1段84號(4樓),林O堯,02-26186795,,2025/08/08,2026/05/15,Y,Y
60555020,鉑宇國際有限公司,"Indexself Global Co.,Ltd.",新北市新店區三民路147之1號4樓,邱O懷,,,2025/08/08,2025/08/08,Y,Y
60581575,創富管理顧問股份有限公司,ACAP Managements INC.,新北市板橋區中山路1段10號11樓,張O饌,02-22740128,02-22740138,2025/08/08,2025/08/08,Y,Y
60650100,勇鋒有限公司,"Yu-feng CO., LTD.",新北市三重區新北大道1段129號4樓,連O儀,,,2025/08/08,2025/08/08,Y,Y
80515120,食全食品有限公司,"SHI QUAN FOOD CO., LTD.",新北市中和區建八路122號(4樓),楊O婷,02-82215566,02-22258761,2025/08/08,2025/08/08,Y,Y
83614715,中道有限公司,HMC TAIWAN LTD.,新北市瑞芳區中山路311號附3,陳O登,,,2025/08/08,2025/08/08,Y,Y
84931247,閎泰投資股份有限公司,"HONG TAI INVESTMENT CO., LTD.",新北市新店區寶橋路235巷167號7樓,陳O和,02-29189478,,2025/08/08,2025/08/08,Y,Y
97611246,一拍即合休閒股份有限公司,"Yipai Insync Sports & Leisure CO., LTD.",新北市中和區錦和路388號2樓,黃O君,0970-256016,,2025/08/08,2025/08/08,Y,Y
60554731,博識建材貿易股份有限公司,BoshiWise INC.,新北市林口區林口路112號,謝O甫,02-25957540,,2025/08/07,2025/10/20,Y,Y
50849515,食在好神有限公司,"SUPERB FOOD INTERNATIONAL TRADING CO., LTD.",新北市新莊區頭前路113號7樓,林O男,,,2025/08/07,2025/08/08,Y,Y
60053645,茂盛科技企業,MAO SHENG TECH ENTERPRISE CO.,新北市新莊區富貴路492號6樓,黃O強,0958730457,,2025/08/07,2025/08/07,Y,Y
60053814,瑟立實業,SE LI INDUSTRIAL CO.,新北市新莊區新北大道4段175號3樓,黃O強,0958730457,,2025/08/07,2025/08/07,N,N
60058938,鑠德國際企業社,METASHUO INTERNATIONAL Co.,新北市中和區中正路700號5樓之1,許O姿,0930856660,,2025/08/07,2025/08/07,N,N
79956318,昶昇國際有限公司,"CHARNG SHENG CO., LTD.",新北市永和區中興街133巷2號,陳O成,02-29249651,,2025/08/07,2025/08/07,Y,Y
92731995,危機處理企業社,Crisisfix Store,新北市中和區中和路217巷8號(1樓),陳O廷,0974280231,,2025/08/07,2025/08/07,Y,Y
96782880,民權建設股份有限公司,"MIN CHUAN CONSTRUCTION CO., LTD.",新北市板橋區漢生東路258號20樓,吳O齡,,,2025/08/07,2025/08/07,Y,Y
60656913,晶辰電子有限公司,"JINGCHEN ELECTRONICS CO., LTD.",新北市三重區中正北路530巷5之1號3樓,張O瑋,,,2025/08/06,2026/09/15,Y,Y
60554991,敏斯股份有限公司,"Minos Co., Ltd.",新北市新莊區新北大道4段171號3樓,,,,2025/08/06,2026/07/09,N,N
90628165,柴克有限公司,"CHAIKE CO., LTD.",新北市汐止區中興路236之1號3樓,時O熙,02-29010488,,2025/08/06,2026/06/16,Y,Y
91804219,崴婷商行,W&T Floral Wholesale Co.,新北市土城區中央路3段42號2樓,羅O婷,02-22693694,,2025/08/06,2026/06/06,Y,Y
60555014,綠途未來股份有限公司,Grevia solution INC.,新北市新莊區福慧路210號12樓,李O信,02-29988318,,2025/08/06,2025/12/15,Y,Y
54004600,芷岱包裝企業有限公司,"JHIH DAI ENTERPRISE CO., LTD.",新北市新莊區復興路2段148號6樓,林O儒,02-22762353,,2025/08/06,2025/08/06,Y,Y
60052343,毛毛羽羽球工坊,Maomaoyu Badminton Studio,新北市新莊區公園一路32號,程O萱,+886912833958,,2025/08/06,2025/08/06,Y,Y
60548936,明峯食品股份有限公司,"MINGFENG CO., LTD.",新北市林口區工三路5號,陳O裕,,,2025/08/06,2025/08/06,Y,Y
60548942,日日好食品股份有限公司,"SUNDAY CO., LTD.",新北市林口區工三路5號,陳O裕,,,2025/08/06,2025/08/06,Y,Y
60553986,鼎京全球國際股份有限公司,"AURA GLOBAL CO., LTD.",新北市蘆洲區保和街49號(1樓),張O程,02-22818228,,2025/08/06,2025/08/06,Y,Y
60572864,雲翊科技有限公司,"WINGIII TECHNOLOGY CO., LTD.",新北市樹林區學府路206號8樓,鄭O明,0933703555,,2025/08/06,2025/08/06,Y,Y
60625601,法恩莎國際股份有限公司,FAENZA INTERNATIONAL LTD.,新北市汐止區大同路二段184巷10號21樓之7,楊O智,,,2025/08/06,2025/08/06,Y,Y
60649982,匠日生活股份有限公司,"Chia Select Co., Ltd.",新北市樹林區文化街2號8樓,温O豪,,,2025/08/06,2025/08/06,Y,Y
66590225,台西開發建設實業股份有限公司,"TAISI GROUP CO., LTD.",新北市板橋區金門街260巷2號3樓之1,陳O如,02-8687-5058,02-8687-5085,2025/08/05,2026/08/22,Y,Y
96773469,沃客創意有限公司,"WORK Creative CO., LTD.",新北市樹林區中正路633號10樓之3,蔡O豐,,,2025/08/05,2026/04/30,Y,Y
92606151,德財冷凍倉儲股份有限公司,"Virtue and Wealth Frozen Storage CO., LTD.",新北市新莊區建興街63號2樓,楊O庭,0965219939,,2025/08/05,2026/02/13,Y,Y
52374535,旺盟國際有限公司,"Prosperity Alliance lnternational CO., LTD.",新北市板橋區南雅西路2段301巷50弄21號4樓,林O修,,,2025/08/05,2025/09/26,Y,Y
93611596,敬庭有限公司,"Jing Ting Co., Ltd.",新北市泰山區明志路3段478號3樓,陳O毅,0932300415,,2025/08/05,2025/09/06,Y,Y
89194768,諮行科技有限公司,Tzuhang Technology Ltd.,新北市中和區連城路134巷3號,莊O,02-22437588,,2025/08/05,2025/08/12,Y,Y
00184881,珍合有限公司,"Jenhor international CO., LTD.",新北市蘆洲區信義路59巷5弄1號,郭O珍,,,2025/08/05,2025/08/05,Y,Y
00247529,云誠精密有限公司,"Yuncheng Precision CO., LTD.",新北市樹林區三龍街45巷4號,蘇O瑋,02-26880917,,2025/08/05,2025/08/05,Y,Y
60037723,茉茉烏露露工作室,CTL Shop,新北市板橋區環河西路5段229號19樓,盧O廷,0911155593,,2025/08/05,2025/08/05,Y,Y
60061639,這一站商行,Bus Stop Coffee Shop,新北市新店區民生路145巷29號,蔡O芬,,,2025/08/05,2025/08/05,Y,Y
60062145,初沅商行,CHU YUAN HANG,新北市土城區日新街33巷4號,陳O元,,,2025/08/05,2025/08/05,Y,Y
60553655,小張禮品有限公司,"Mr. Chang's Gifts CO., LTD.",新北市蘆洲區長安街331巷11號(1樓),張O晟,0925602167,,2025/08/05,2025/08/05,Y,Y
60554063,鑽佐麻里有限公司,"ZOMALI., LTD.",新北市新莊區新樹路79號（1樓）,李O展,,,2025/08/05,2025/08/05,Y,Y
60554768,寶鴻石業有限公司,"BAO HONG MARBLE CO., LTD.",新北市五股區西雲路203巷2號3樓,李O玲,,,2025/08/05,2025/08/05,Y,Y
60637509,昀磁建材有限公司,"Yunci Building Material CO., LTD.",新北市鶯歌區龍七路243號,劉O誠,02-86778833,0226771724,2025/08/05,2025/08/05,Y,Y
60650208,洋航戶外有限公司,"Yanghang Outdoor CO., LTD.",新北市深坑區萬福路75巷34號3樓,張O揚,0939964397,,2025/08/05,2025/08/05,Y,Y
60650811,東晉電子有限公司,"Dong Jin Electronic CO., LTD.",新北市樹林區大安路1號之15,葉O宗,02-26819118,02-22066226,2025/08/05,2025/08/05,Y,Y
66546679,岦慶有限公司,LIQING LTD.,新北市新莊區瓊林南路301巷9號,游O慶,02-22083504,02-82015914,2025/08/05,2025/08/05,Y,Y
82305923,辰旭室內裝潢工作室,Chenxu Bar enterprise Co.,新北市板橋區滿平街84巷130弄24號,陳O宏,0958317121,,2025/08/05,2025/08/05,Y,Y
85047532,零點科技股份有限公司,"Zenergy Technology CO., LTD.",新北市汐止區大同路1段497號9樓之3,陳O瑞,02-26919696,02-86910536,2025/08/05,2025/08/05,Y,Y
90571347,智亦有限公司,BRAINIAK CONSULTING LIMITED COMPANY,新北市板橋區中山路1段1號17樓之11,曾O滿,,,2025/08/05,2025/08/05,Y,Y
93711639,日宣有限公司,"RI XUAN CO., LTD.",新北市板橋區三民路2段32號3樓,李O鄀,,,2025/08/04,2026/09/07,Y,Y
60650967,安創全面財富管理顧問股份有限公司,"Antrend Holistic Wealth Management Consultant CO., LTD.",新北市板橋區文化路1段145號11樓之3,王O禪,,,2025/08/04,2026/07/29,Y,Y
02087832,宏業木箱有限公司,"HONGYA PACKING CO., LTD.",新北市新莊區中正路895之2號,邱O瑞,0986423017,,2025/08/04,2026/01/10,Y,Y
60617460,一豐有限公司,YI FENG Limited,新北市八里區中華路2段306號3樓,吳O頴,0909430495,,2025/08/04,2025/08/06,Y,Y
53220003,永呈翊股份有限公司,"Yong Cheng Yi CO., LTD.",新北市板橋區懷仁街14巷17號,洪O惇,0933039076,0289525559,2025/08/04,2025/08/04,Y,Y
60054980,術芽工作室,AROUND DESIGN STUDIO,新北市新莊區思源路57號,陳O艾,02-22760636,02-89941261,2025/08/04,2025/08/04,Y,Y
60553613,澄品國際貿易有限公司,"Chengpin International Trading Co., Ltd.",新北市新莊區中正路614巷8弄12號,胡O仁,,,2025/08/04,2025/08/04,Y,Y
60554330,宇丞科技有限公司,"Yucheng Xie Technology Co., Ltd.",新北市蘆洲區永樂街104號10樓,謝O蓁,,,2025/08/04,2025/08/04,Y,Y
60636635,鎧喬有限公司,"Kai Qiao CO., LTD.",新北市板橋區文化路2段410巷37號,黃O文,,,2025/08/04,2025/08/04,Y,Y
60650116,君哲企業有限公司,"JUN ZHE ENTERPRISE CO., LTD.",新北市新店區永華街26號4樓,方O薇,,,2025/08/04,2025/08/04,Y,Y
60650657,潤策顧問有限公司,RunStrategy Consulting Ltd.,新北市樹林區中山路3段239之1號,王O芳,,,2025/08/04,2025/08/04,Y,Y
95467081,狸奴股份有限公司,"LinuCatGame CO., LTD.",新北市永和區安樂路194巷17弄14號,鍾O軒,,,2025/08/04,2025/08/04,Y,Y
60558292,台味鮮食品有限公司,TWX Company Limited,新北市汐止區康寧街169巷8之3號4樓,張O凱,,,2025/08/01,2026/09/10,Y,Y
60616096,興和材料有限公司,"SING HE MATERIAL CO., LTD.",新北市林口區文化北路1段321號6樓,林O園,03-3208286,,2025/08/01,2026/09/05,Y,Y
60619426,京品科技有限公司,"Jing Pin Technology CO., LTD.",新北市樹林區東順街57巷22號,顏O娟,,,2025/08/01,2026/06/23,Y,Y
60548534,亦周柒天國際實業有限公司,"Y7 International CO., LTD.",新北市汐止區新台五路1段95號16樓之1,許O筌,02-86933560,,2025/08/01,2026/01/21,Y,Y
94158094,瑞檬行銷有限公司,"RUI MENG MARKETING CO., LTD.",新北市瑞芳區九芎橋路81號,張O愷,0971693287,,2025/08/01,2025/12/24,Y,Y
60649842,沛境有限公司,"Pao Jing CO., LTD.",新北市林口區文化一路1段41號,林O娟,,,2025/08/01,2025/11/25,Y,Y
00029684,佳仕宸有限公司,Jastron Ltd,新北市三重區仁愛街580巷2弄4號(1樓),周O廷,,,2025/08/01,2025/08/01,Y,Y
60056994,淼滙商行,Flowa Co.,新北市三峽區中正路2段584巷1弄17號(1樓),黃O琳,,,2025/08/01,2025/08/01,Y,Y
60553661,凌躍有限公司,"Lingyueh CO., LTD.",新北市中和區景平路666號3樓,蔡O芳,0931144642,,2025/08/01,2025/08/01,Y,Y
60553819,高瑞電氣有限公司,Goreal Electric LTD.,新北市中和區板南路657號7樓,王O豐,02-29253022,02-29253033,2025/08/01,2025/08/01,Y,Y
60553965,熠界激光融合技術服務有限公司,"Luminous Realm Laser Fusion Technology CO., LTD.",新北市五股區芳洲一路65號15樓,林O苹,,,2025/08/01,2025/08/01,Y,Y
60617139,恒商機電服務有限公司,"EVERPARK Co., Ltd.",新北市三重區興德路123之2號13樓,蔡O錩,,,2025/08/01,2025/08/01,Y,Y
60649364,基迪有限公司,"Guide CO., LTD.",新北市板橋區中山路1段10號11樓,連O鑾,,,2025/08/01,2025/08/01,Y,Y
60650636,寶啓科技有限公司,"Bashaw Technology CO., LTD.",新北市板橋區大同街26巷26號(1樓),王O陽,02-22017125,,2025/08/01,2025/08/01,Y,Y
85328060,冞躍工作室,MI YUE STUDIO,新北市林口區文化三路2段41巷37號8樓之1,胡O源,02-28801017,02-28801017,2025/08/01,2025/08/01,Y,Y
86147019,瑞薪企業有限公司,"RUYSHIN CO., LTD.",新北市三重區光明路八四巷十號一樓,趙O業,02-87120376,02-87120378,2025/08/01,2025/08/01,Y,Y
91712422,家晟企業社,Jashen Co.,新北市蘆洲區中山一路295巷1號2樓,高O眞,,,2025/08/01,2025/08/01,Y,Y
92770526,正鋒企業社,CHENG FONG ENTERPRISE CO.,新北市新店區安興路127之3號,胡O崴,0977113282,,2025/08/01,2025/08/01,Y,Y
60649097,智輝科技有限公司,"ZHI HWEI TECHNOLOGY CO., LTD.",新北市中和區民享街4號,陳O慈,02-82213621,,2025/07/31,2026/01/21,Y,Y
00122387,固勝營造股份有限公司,"Gu Sheng Construction CO., LTD.",新北市板橋區莊敬路216號2樓,陳O菖,,,2025/07/31,2025/07/31,Y,Y
37905372,鴻瓏企業社,HONG LONG ENTERPRISE Company,新北市三重區重新路4段244巷7弄25號2樓,楊O璋,02-29763137,,2025/07/31,2025/07/31,Y,Y
60056164,五沐勳工作室,Wu Muxun Studio,新北市新莊區中港路360之6號,林O怡,0917-586056,,2025/07/31,2025/07/31,Y,Y
60617567,拍拍劇本工作室有限公司,"Pace & Page Productions, LTD.",新北市汐止區新台五路1段95號22樓之12,黃O樵,,,2025/07/31,2025/07/31,Y,Y
60649012,達喻投資股份有限公司,"Daoyu Investment Partners CO., LTD.",新北市永和區秀朗路2段24巷16弄18號7樓,凃O傑,,,2025/07/31,2025/07/31,Y,Y
60650410,雲徑科技有限公司,"Yunjing Technology CO., LTD.",新北市永和區中山路1段129號3樓之1,許O瑋,,,2025/07/31,2025/07/31,Y,Y
60714701,海維國際貿易有限公司,HiVast International Trading Ltd,新北市永和區民權路53號8樓,劉O雯,0916047982,,2025/07/31,2025/07/31,Y,Y
66638831,穎鋐科技有限公司,"YHTek. CO., LTD.",新北市淡水區新市一路3段101巷102號4樓,江O展,,,2025/07/31,2025/07/31,Y,Y
91439064,采羿汽車商行,TSAI YI MOTOR CO.,新北市淡水區興仁里牛埔子7之8號,陳O源,0937972812,,2025/07/31,2025/07/31,Y,Y
22970439,八方駿逸小客車租賃有限公司,Octa Consulting Inc.,新北市新莊區五權一路1號8樓之2,盧O徵,0919-199057,,2025/07/30,2026/09/16,Y,Y
60648999,奧利凡德創意行銷有限公司,AULIVANDE COMPANY LIMITED,新北市板橋區成都街3號2樓,莊O瑜,,,2025/07/30,2026/07/30,Y,Y
60650690,艾信貿易有限公司,"AXIONTRADE (TAIWAN) CO., LTD.",新北市中和區中山路2段299號11樓之14,,,,2025/07/30,2025/11/08,N,N
00243066,快樂熊貿易有限公司,"HAPPY BEAR TRADE CO., LTD.",新北市中和區中正路736號8樓之8,馬O容,02-82280050,,2025/07/30,2025/10/28,N,N
27363362,台灣國際健康事業管理顧問有限公司,"Taiwan International Wellness Group CO., LTD.",新北市新莊區五權一路7號5樓之8,袁O晴,,,2025/07/30,2025/08/13,Y,Y
60650354,織界跨文化工作室有限公司,Weaveverse cross cultural ltd.,新北市新店區富貴街12巷9號2樓,陳O齊,,,2025/07/30,2025/07/30,Y,Y
82958254,彩藝通行銷股份有限公司,"Coloryi International Marketing CO., LTD.",新北市五股區五工一路122號(4樓),吳O仁,02-22015665,,2025/07/30,2025/07/30,Y,Y
91710753,昱全貿易行,Yu Chuan Trading Co.,新北市中和區南山路127巷27弄18號3樓,陳O全,0919240383,,2025/07/30,2025/07/30,Y,Y
96759683,創芯股份有限公司,"IntelliChain CO., LTD.",新北市新店區寶中路94號2樓之3,李O煒,0937080529,,2025/07/30,2025/07/30,Y,Y
60649815,銓能動力有限公司,"ALL-POWER CO., LTD.",新北市新莊區龍安路278巷16號15樓,劉O恩,,,2025/07/29,2026/09/23,Y,Y
60650262,創諭企業有限公司,"Chuang Yu Enterprise CO., LTD.",新北市土城區德峯街37號,,,,2025/07/29,2025/10/22,N,N
00056859,安佳國際商務有限公司,"Anjia international commerce CO., LTD.",新北市汐止區伯爵街98巷41號,陳O彥,0986813223,,2025/07/29,2025/07/29,Y,Y
41373566,向盛重機企業社,"Xiangsheng Heavy Machinery Enterprise Co., Ltd.",新北市樹林區中華路144號5樓,陳O發,0935-025549,,2025/07/29,2025/07/29,Y,Y
50983998,麥提創意活動顧問有限公司,Mighty Co.,新北市中和區連城路469巷8之3號,林O永,22433998,,2025/07/29,2025/07/29,Y,Y
54846758,黃氏自動化有限公司,"HUANGS AUTOMATION CO., LTD.",新北市鶯歌區尖山路174巷39號(1樓),黃O智,,,2025/07/29,2025/07/29,Y,Y
60022284,沄采企業社,Yun Cai Enterprise Co.,新北市三峽區三樹路222巷254弄19號2樓,莊O亨,0987-056-477,,2025/07/29,2025/07/29,Y,Y
60022290,吾久企業社,Wujiu Enterprise Co.,新北市三峽區三樹路222巷254弄19號2樓,吳O勲,0913-276-029,,2025/07/29,2025/07/29,Y,Y
60022480,里萌企業社,Li Meng Enterprise Co.,新北市樹林區佳園路2段125號,李O樽,0978-709-785,,2025/07/29,2025/07/29,Y,Y
60030334,米蘭企業社,Milan Enterprises Co.,新北市樹林區東榮街88巷4號(1樓),林O君,0935-198-761,,2025/07/29,2025/07/29,Y,Y
60605176,宇亨企業有限公司,"STARLUXIA TECHNOLOGY CO., LTD.",新北市中和區圓通路265巷10號2樓,蔡O玲,,,2025/07/29,2025/07/29,Y,Y
60616407,泉沢國際有限公司,IZUMIZAWA International LTD.,新北市中和區民安街53之2號5樓,陳O安,,,2025/07/29,2025/07/29,Y,Y
60616568,怡業科技有限公司,IYTech Limited,新北市三重區重新路2段21號11樓,林O靜,02-89856925,,2025/07/29,2025/07/29,Y,Y
60649863,大美工業有限公司,"DM industrial co., LTD.",新北市土城區裕華街31號4樓,陳O嬌,,,2025/07/29,2025/07/29,Y,Y
85125641,居扶實業有限公司,"JU FU CO., LTD.",新北市土城區慶祥街12號,劉O霖,02-26838632,02-26833298,2025/07/29,2025/07/29,Y,Y
90018662,和潤營造有限公司,"HE RUN CONSTRUCTION CO., LTD.",新北市三重區中正北路174之8號7樓,游O源,02-27075011,02-27044945,2025/07/29,2025/07/29,Y,Y
90207447,詰耀精密有限公司,JieYao Precision Co.,新北市中和區南山路337號3樓,張O中,02-86680017,,2025/07/29,2025/07/29,Y,Y
91182818,上億土木包工業,Shang Yi Tu Mu Pao Kung Yeh Company,新北市樹林區佳園路3段101巷38弄36號,張O綸,0286741810,,2025/07/29,2025/07/29,Y,Y
91403782,夾到褲褲工作室,Jia Dao Ku Ku Studio,新北市蘆洲區環堤大道134號5樓,劉O櫻,0913316415,,2025/07/29,2025/07/29,Y,Y
93042238,蒐日設計工作室,Sol design Studio,新北市淡水區自強路124巷36號2樓,施O妤,,,2025/07/29,2025/07/29,Y,Y
94210351,皓斯有限公司,House Well Ltd.,新北市新莊區天祥街47巷4弄1號,邱O蓉,0930052219,,2025/07/29,2025/07/29,Y,Y
97625797,寵愛國際商務有限公司,"Chong Ai International commerce CO., LTD.",新北市汐止區伯爵街98巷41號,段O伶,0925263811,,2025/07/29,2025/07/29,Y,Y
94182550,雲珍國際有限公司,"Yun Gem International CO., LTD.",新北市汐止區福德一路176巷8號6樓,,02-66043331,,2025/07/28,2026/08/07,N,N
72428616,韓代頑童商行,KOREANSHOPPINGKID Company,新北市三重區溪美里溪尾街39號2樓,羅O君,,,2025/07/28,2026/07/18,Y,Y
60604325,賈維斯有限公司,Jarvis LTD.,新北市三重區富福街113號3樓,,,,2025/07/28,2026/02/04,N,N
83009689,旭惠國際有限公司,"SYU HUI International CO., LTD.",新北市板橋區三民路2段33號14樓,顏O卉,0972399447,,2025/07/28,2025/10/09,Y,Y
91551565,馥儷生活企業社,Fuli Life Enterprise Co.,新北市三重區大同北路16巷11號3樓,白O澄,0909910491,,2025/07/28,2025/09/23,Y,Y
00095207,方舟智能科技有限公司,Ark Smart Tech LTD.,新北市新莊區福前街500之2號6樓,賀O銘,0986689387,,2025/07/28,2025/07/28,Y,Y
54152881,禾騰技術股份有限公司,hetengtech Company Limited,新北市新莊區新北大道3段7號2樓之6,黃O霖,,,2025/07/28,2025/07/28,Y,Y
54772117,鑫睿科技有限公司,Seereal LTD.,新北市林口區仁愛路1段26號,林O宏,,,2025/07/28,2025/07/28,Y,Y
60059140,宇安生活用品行,E&A LIFE Co.,新北市新店區安興路5號地下一層之30,連O賢,,,2025/07/28,2025/07/28,Y,Y
60648983,富昱智能科技有限公司,"Fuyu Artificial Intelligence Technology CO., LTD.",新北市林口區中北三街299號(1樓),孫O瑀,,,2025/07/28,2025/07/28,Y,Y
80224690,揚明五金有限公司,"YANG MING METAL CO., LTD.",新北市三重區三張街114號3樓,黃O培,03-3231955,03-3231922,2025/07/28,2025/07/28,Y,Y
83045284,艾蕾亞有限公司,Allea LTD.,新北市中和區中正路736號14樓之3,童O智,,,2025/07/28,2025/07/28,Y,Y
86408772,精緻模型有限公司,"EXQUISITE MODEL CO., LTD.",新北市瑞芳區明燈路1段瑞柑新村71號,林O雪,886-2-2647-1977,886-2-24286496,2025/07/28,2025/07/28,Y,Y
90166678,聖芳貿易有限公司,"Sanfine global Co., Ltd.",新北市新莊區中正路318巷12號2樓,林O秀,02-22935559,02-82868221,2025/07/28,2025/07/28,Y,Y
90492076,日一美學有限公司,"Drop CO., LTD.",新北市汐止區新台五路1段93號21樓之6,黃O茹,0978226532,,2025/07/28,2025/07/28,Y,Y
95438615,立鼎國際開發股份有限公司,"Li Ding International Development CO., LTD.",新北市新莊區幸福東路79號6樓,王O偉,02-29959308,,2025/07/28,2025/07/28,Y,Y
60649174,品侑企業有限公司,"PNG YU ENTERPRISE CO., LTD.",新北市五股區新五路2段500號,連O龍,,,2025/07/25,2025/10/02,Y,Y
60637085,緯創創業投資股份有限公司,Wistron Ventures Corporation,新北市汐止區新台五路一段88號22樓,林O銘,,,2025/07/25,2025/09/12,Y,Y
00061277,聯杰台灣國際貿易有限公司,"LNJ TAIWAN CO., LTD.",新北市土城區清水路207巷3號2樓,金O輪,02-22588068,,2025/07/25,2025/07/25,Y,Y
00093714,奕呈活動顧問有限公司,YI-CHENG LTD.,新北市三重區重新路5段594號(1樓),李O,,,2025/07/25,2025/07/25,Y,Y
22249357,汎野企業有限公司,"Vanno Industrial CO., LTD.",新北市樹林區圳安里俊英街224巷8號,劉O山,02-26821782,,2025/07/25,2025/07/25,Y,Y
42721682,昇泓國際股份有限公司,"SENGHONG CO., LTD.",新北市林口區文化北路1段281號,紀O嶼,,,2025/07/25,2025/07/25,Y,Y
54055810,允庭室內裝修設計有限公司,"UT DESIGN CO., LTD.",新北市新莊區中原路560號11樓,張O淵,02-89698627,02-85228932,2025/07/25,2025/07/25,Y,Y
60058888,提阿摩工作室,Tiamo Studio,新北市樹林區中山路1段378號,柯O君,,,2025/07/25,2025/07/25,Y,Y
60581511,塔波思有限公司,"Tops Trading CO., LTD.",新北市三重區聯華街131號2樓,鄭O霖,0908986789,,2025/07/25,2025/07/25,Y,Y
60616883,森源行銷顧問有限公司,"Source Tree Marketing CO., LTD.",新北市中和區建八路169號6樓,高O榛,,,2025/07/25,2025/07/25,Y,Y
60617237,詠慶實業有限公司,YUNG CHING LIMITED COMPANY,新北市板橋區長安街255巷46號(1樓),林O慶,,,2025/07/25,2025/07/25,Y,Y
60617314,沄洛股份有限公司,"MERMATE CO., LTD.",新北市汐止區新台五路1段90號20樓,呂O瑞,,,2025/07/25,2025/07/25,Y,Y
60617503,京麟電子股份有限公司,"Kingly Electronics Co., Ltd.",新北市五股區五權路7巷8號8樓,莊O舜,,,2025/07/25,2025/07/25,Y,Y
60617686,口巴口股份有限公司,"OeO Games, Inc.",新北市新莊區龍安路3之1號11樓,鍾O育,,,2025/07/25,2025/07/25,Y,Y
60649337,建昇興有限公司,"JIAN SHENG HSIN CO., LTD.",新北市蘆洲區中山一路74巷45號（1樓）,范O容,02-22815566,02-22815568,2025/07/25,2025/07/25,Y,Y
79856535,玖玖玖娛樂傳媒工作室,Nine Entertainment Media Studio,新北市汐止區新台五路2段238巷112號10樓,陳O恩,,,2025/07/25,2025/07/25,Y,Y
80492885,鉌萬興股份有限公司,"HarvestLife CO., LTD.",新北市汐止區福德一路342巷3弄16號(2樓),吳O榮,,,2025/07/25,2025/07/25,Y,Y
85438138,啾啾生活百貨,Jiujiu Lifestyle Department Store Company,新北市板橋區雙十路2段29號14樓,戴O正,0963501796,,2025/07/25,2025/07/25,Y,Y
60588633,頓悟人工智能科技股份有限公司,"Lens Ai CO., LTD.",新北市汐止區新台五路1段77號16樓之1,郭O芸,,,2025/07/24,2026/04/03,Y,Y
60644121,百達星辰有限公司,"CENTRUA VENTURES Co., Ltd.",新北市中和區華新街50巷9號4樓,,,,2025/07/24,2026/01/22,N,N
50993187,禾云創意整合有限公司,Graincloud Creative Desigh LTD.,新北市板橋區漢生東路141之2號,王O璽,02-29621255,,2025/07/24,2025/07/24,Y,Y
54050293,摩力生技有限公司,"Molicare Biotech CO., LTD.",新北市新莊區五權一路7號5樓之6,陳O礽,02-23460128,,2025/07/24,2025/07/24,Y,Y
60053498,固水國際商行,GOOD SHAKE CO.,新北市新莊區後港一路76巷3弄10號3樓,陳O誠,,,2025/07/24,2025/07/24,N,N
60055215,咖啡貓工作室,Cafegato Studio,新北市三芝區中正路3段3號2樓,華O慧,0937531564,,2025/07/24,2025/07/24,Y,Y
60548823,熊保保生技股份有限公司,lala cell biotechnology Company,新北市林口區三民路15之1號,熊O川,,,2025/07/24,2025/07/24,N,N
60604134,宇軒有限公司,Yu Hsuan business Company Limited,新北市中和區連城路89巷30號地下一層,張O宇,23,,2025/07/24,2025/07/24,Y,Y
60649076,翊榮股份有限公司,"YI RONG CO., LTD.",新北市汐止區新台五路1段93號21樓之6,吳O彬,,,2025/07/24,2025/07/24,Y,Y
60698391,崴岭國際有限公司,Wellwin International Limited,新北市土城區中央路4段58之2號13樓,曹O雲,0925080006,,2025/07/24,2025/07/24,Y,Y
60616498,昕澄生醫有限公司,felicitybiocare LTD.,新北市中和區莒光路10號(1樓),朱O蓉,,,2025/07/23,2025/07/24,Y,Y
28384837,祥曜機電股份有限公司,"Siang Yao elevator CO., LTD.",新北市板橋區仁化街177號,邱O寓,02-22772962,02-22543642,2025/07/23,2025/07/23,Y,Y
39981190,於是設計工作室,Sodesu Design Studio,新北市新莊區瓊林南路118之40號(1樓),林O翧,,,2025/07/23,2025/07/23,Y,Y
52628502,騰龍電子有限公司,ADSAM LTD.,新北市汐止區大同路3段202號8樓之2,賴O龍,02-26480050,,2025/07/23,2025/07/23,Y,Y
60054594,异樂商行,Richdobby Co.,新北市三重區文化北路100號(1樓),林O家,0966072630,,2025/07/23,2025/07/23,Y,Y
60581821,順鑫生活有限公司,"Sun life CO., LTD.",新北市中和區景平路180號31樓之5,劉O佑,0931-200927,,2025/07/23,2025/07/23,Y,Y
60616455,嗨咖娛樂有限公司,"HiPlay Publishing Co., Ltd.",新北市新店區中興路2段201號3樓之9,楊O欽,,,2025/07/23,2025/07/23,Y,Y
60616976,星維科技股份有限公司,"STARWAY TECHNOLOGY CO., LTD.",新北市汐止區中興路64號,陳O睿,,,2025/07/23,2025/07/23,Y,Y
95433816,酈靖琨國際股份有限公司,"LJK Tech CO., LTD.",新北市新店區北新路1段10號16樓,黃O賢,,,2025/07/23,2025/07/23,Y,Y
82950470,藝啟玩樂股份有限公司,"Artogether CO., LTD.",新北市板橋區南雅南路1段108號4樓之1,王O萱,,,2025/07/22,2026/05/28,Y,Y
60555181,俱優佤股份有限公司,"JOWUA TAIWAN CO., LTD.",新北市新莊區中正路665號9樓,蘇O賢,,,2025/07/22,2026/02/11,Y,Y
60780700,騰達寵物股份有限公司,"Tenda Pets International Co., Ltd.",新北市新莊區新北大道3段218號16樓,張O翔,0233225628#111,,2025/07/22,2025/12/08,Y,Y
93491086,台灣基因核酸新藥股份有限公司,TAIWAN COGENTIDE NOVEL DRUG CORP.,新北市汐止區新台五路1段97號24樓之6,王O俊,02-26972638#613,,2025/07/22,2025/08/15,Y,Y
24731505,築石室內裝修有限公司,"Zhushi Interior Design CO., LTD.",新北市永和區環河西路1段95巷2之2號(1樓),羅O甫,02 2928 8876,,2025/07/22,2025/07/22,Y,Y
46267537,上龍科技有限公司,"Sun Long Technology CO., LTD.",新北市汐止區大同路3段615號8樓,潘O玲,,,2025/07/22,2025/07/22,Y,Y
60616997,曜森科技有限公司,"Yaosen Technology CO., LTD.",新北市淡水區紅樹林路80號5樓,黃O榮,,,2025/07/22,2025/07/22,Y,Y
60617102,燦光空間規劃有限公司,"Luminous View CO., LTD.",新北市新店區中央七街88號,張O豪,,,2025/07/22,2025/07/22,Y,Y
60617193,茂光科技企業有限公司,"MAO GUANG TECHNOLOGY CO., LTD.",新北市板橋區民生路1段50號(2樓),陳O宇,02-29615979,,2025/07/22,2025/07/22,Y,Y
60617216,綠諾研股份有限公司,Galanovix CORP.,新北市三峽區學成路335號2樓之7,胡O珊,,,2025/07/22,2025/07/22,Y,Y
60617601,大展鴻圖有限公司,"Spread Wings CO., LTD.",新北市林口區文化二路二段189號（1樓）,陳O漢,,,2025/07/22,2025/07/22,Y,Y
60617692,美特格有限公司,Custom Components Group LTD.,新北市永和區中和路499之20號,WOWANDAYISA,,,2025/07/22,2025/07/22,Y,Y
93637174,鼎鑑科技股份有限公司,"Greenland Medicare CO., LTD.",新北市中和區建康路130號4樓之2,陳O曉,,,2025/07/22,2025/07/22,Y,Y
97503979,呈畇國際材料有限公司,"Cheng-Yun Global Materials CO., LTD.",新北市汐止區新台五路1段93號21樓之6,魏O喬,0988823688,,2025/07/22,2025/07/22,Y,Y
13116497,赫迪雅曼有限公司,HIDIAMAN LIMITED,新北市永和區中和路345號9樓,黃O綸,0909558886,,2025/07/21,2026/01/07,Y,Y
27410787,宸其有限公司,"CHENY CO., LTD.",新北市汐止區秀山路106號7樓,張O瑋,,,2025/07/21,2025/09/02,N,N
60058199,煌營室內工程裝潢行,WARM Co.,新北市新店區建國路128巷1號4樓,吳O豪,,,2025/07/21,2025/07/21,Y,Y
60581786,雷莎飛商業顧問有限公司,RSV Associates LLC,新北市新店區安祥路170號,姚O君,,,2025/07/21,2025/07/21,Y,Y
60617004,氣流策略有限公司,"Clearloom Lab CO., LTD.",新北市新店區寶安街38號4樓,黃O萱,,,2025/07/21,2025/07/21,Y,Y
60617068,為何部有限公司,Why Not Department LTD.,新北市新店區中正路700巷35號12樓,楊O嵐,,,2025/07/21,2025/07/21,Y,Y
60617095,台北灣科技有限公司,Taipei Bay Technologies LTD.,新北市淡水區自強路309巷14之2號5樓,廖O硯,0916581665,,2025/07/21,2025/07/21,Y,Y
60637120,礦世雄圖股份有限公司,"MineralWorld HeroVision CO., LTD.",新北市新店區中正路425號6樓,海O雄,02-2592-1773,,2025/07/21,2025/07/21,Y,Y
66254671,翰亞工程有限公司,"HanAsia Engineering CO., LTD.",新北市林口區文化二路1段492號6樓,周O民,0286018805,,2025/07/21,2025/07/21,Y,Y
90196125,立川工程有限公司,"lichuan adverting engineering co.,ltd",新北市泰山區福興二街19號3樓,鍾O君,,,2025/07/21,2025/07/21,Y,Y
90683455,目彔事物有限公司,"MULU OFFICE CO., LTD.",新北市板橋區裕民街149號6樓,劉O慈,0958655387,,2025/07/21,2025/07/21,Y,Y
93604342,味一品股份有限公司,"Weiyipin CO., LTD.",新北市中和區中山路2段296號9樓之5,林O達,02-22439279,,2025/07/21,2025/07/21,Y,Y
54343616,輔仁新創商業股份有限公司,"Fu Jen Innovation & Business CO., LTD.",新北市新莊區中正路510號,彭O浩,02-29055258,,2025/07/18,2025/10/18,Y,Y
60580702,天虎水產有限公司,TIAN HU AQUATIC PRODUCTS LIMITED COMPANY,新北市中和區建康路63號,李O宗,02-32341669,,2025/07/18,2025/07/21,Y,Y
00135550,豐鼎國際建材有限公司,"F&D international Building Materials CO., LTD.",新北市三峽區學成路278號7樓之1,吳O臻,0235012082,0235012042,2025/07/18,2025/07/18,Y,Y
00153304,奇咪奇咪有限公司,"Chimi chimi CO., LTD.",新北市板橋區三民路2段33號14樓,鄭O伶,0970586379,,2025/07/18,2025/07/18,Y,Y
00194987,自由學有限公司,FYL LTD.,新北市板橋區篤行路2段161巷21號(1樓),陳O華,02-26818303,,2025/07/18,2025/07/18,Y,Y
60057044,道域智築工程行,DAO YU CONSCIUTON CONSTRUCTION Company,新北市板橋區中山路1段10號9樓,余O霖,,,2025/07/18,2025/07/18,Y,Y
80607612,遠信國際資融股份有限公司,"Far Trust International Finance CO., LTD.",新北市板橋區民生路一段33號19樓之1,沈O斌,02-29500200#623,02-29580203,2025/07/18,2025/07/18,Y,Y
83106697,全宇盛室內裝修設計股份有限公司,"ARI DESIGN CO., LTD.",新北市新店區頂城五街55巷7弄20號,林O全,02-77426382,,2025/07/18,2025/07/18,Y,Y
68332414,振興資產管理股份有限公司,"Zhenxing Industrial CO., LTD.",新北市林口區文化二路1段279號5樓之2,黃O陞,034596466,,2025/07/17,2026/09/24,Y,Y
93622279,老陳商店有限公司,The old Chen s store LTD.,新北市汐止區新台五路1段99號19樓之10,陳O樺,0922467629,,2025/07/17,2026/05/20,Y,Y
93526450,港亞有限公司,"Gangya CO., LTD.",新北市新莊區新泰路421號地下一層之7,張O晴,,,2025/07/17,2026/05/09,Y,Y
60581049,森耀智能股份有限公司,"SENYA Intelligent Co., Ltd.",新北市汐止區福德一路176巷7弄2號5樓,唐O偉,,,2025/07/17,2026/03/13,Y,Y
00105818,永澄豐盛股份有限公司,YongCheng Cornucopia Company Limited,新北市瑞芳區大埔路東泰新村6號,,0922789714,,2025/07/17,2025/11/01,N,N
54710648,寶翔工程顧問有限公司,"Prohsiang Engineering Consultants CO., LTD.",新北市板橋區中山路1段206巷85弄5號(2樓),孫O珍,02-89651021#302,,2025/07/17,2025/07/17,Y,Y
54845250,谷思室內裝修有限公司,"Gooth Interior Renovation CO., LTD.",新北市板橋區五權街32巷36號3樓,林O澤,02-89660895,,2025/07/17,2025/07/17,Y,Y
60549029,鑫蓉商業有限公司,"Xinrong CO., LTD.",新北市板橋區介壽街84巷3號,吳O陽,0919378527,,2025/07/17,2025/07/17,N,N
60574130,醫輔科技有限公司,Medicopilot LTD.,新北市永和區保福路2段132號1樓,黃O,,,2025/07/17,2025/07/17,Y,Y
60604818,可可豆寵物美容有限公司,2cocobean LTD.,新北市板橋區懷仁街23號,陳O怡,02-89538858,,2025/07/17,2025/07/17,Y,Y
60616693,牧寰國際有限公司,"MUHAUN INTERNATIONAL CO., LTD.",新北市中和區景平路666號3樓,黃O升,02-26532473,,2025/07/17,2025/07/17,Y,Y
60636494,春雷音樂有限公司,SPRING THUNDER MUSIC LTD.,新北市中和區中山路2段369號5樓,雷O,0919225446,,2025/07/17,2025/07/17,Y,Y
60637677,莫曼戴爾科技有限公司,Momandel CORPORATION LTD.,新北市蘆洲區中山一路161號3樓,楊O昇,0979396853,,2025/07/16,2025/07/26,N,N
60573287,欣翔國際貿易有限公司,"ASTRA TRADE CO., LTD.",新北市淡水區淡金路2段383號9樓,徐O端,0919681606,,2025/07/16,2025/07/16,Y,Y
60580626,京妝企業有限公司,"Jingzhuang Enterprise CO., LTD.",新北市樹林區三俊街65巷11弄6號（1樓）,葉O霖,,,2025/07/16,2025/07/16,Y,Y
60581527,玉祐興業有限公司,"DiamondTOP CO., LTD.",新北市板橋區新海路422號4樓,李O廷,0912032139,,2025/07/16,2025/07/16,Y,Y
60581569,承煦有限公司,Chengxu New Materials Co. Ltd.,新北市板橋區文化路2段285號21樓,簡O霓,,,2025/07/16,2025/07/16,Y,Y
83147022,正嘉光電有限公司,Zhengjia Optoelectronics Engineering CORP. LTD.,新北市新莊區中正路893巷40號12樓,蘇O,0921884018,,2025/07/16,2025/07/16,Y,Y
91207228,睿豐禾舖,Natura Plenish COMPANY,新北市新店區中正路270號(1樓),高O隆,02-29177686,,2025/07/16,2025/07/16,Y,Y
92742091,騰通企業社,Tengtong Company,新北市土城區員福街18巷5號11樓,曾O雲,9355064709,,2025/07/16,2025/07/16,Y,Y
94235254,定發國際有限公司,"Tingfa International CO., LTD.",新北市新莊區幸福路18號,陳O宏,0901126688,,2025/07/16,2025/07/16,Y,Y
60573836,九洲康股份有限公司,"GC Health Co., Ltd.",新北市新莊區景德路540號(1樓),林O綸,,,2025/07/15,2026/06/11,Y,Y
60644023,熱佐國際實業有限公司,"REZO Enterprises CO,LTD",新北市板橋區重慶路56號8樓,洪O勛,0967290999,,2025/07/15,2026/01/13,Y,Y
24321208,潤穎生物科技有限公司,RainYing Biotechnology LTD.,新北市淡水區民權路27號4樓,何O楷,,,2025/07/15,2025/07/15,Y,Y
50855229,三和三實業有限公司,"San-Ho-San Industrial Co., Ltd.",新北市新莊區福德一街35號6樓,楊O超,,,2025/07/15,2025/07/15,Y,Y
53722126,天譜有限公司,"Taipei Tape CO., LTD.",新北市新莊區五權一路5號之1,雷O蓁,0939208661,,2025/07/15,2025/07/15,Y,Y
60548160,捷瑀心藝有限公司,Jay & Daisy LTD.,新北市新店區新店路260之5號16樓,洪O捷,,,2025/07/15,2025/07/15,Y,Y
60549034,森予國際有限公司,Novoras Global LTD.,新北市中和區立德街123號4樓,許OO,02-77317701,02-82276427,2025/07/15,2025/07/15,Y,Y
60580787,可頌了沒有限公司,"LookSong CO., LTD.",新北市板橋區中山路1段10號11樓,盧O沛,0956123272,,2025/07/15,2025/07/15,Y,Y
85076873,醫微爾有限公司,"EIWEI CO., LTD.",新北市三重區中興北街38巷15號(1樓),王O瑞,02-29999166,,2025/07/15,2025/07/15,Y,Y
89639277,永嘉廣告科技有限公司,"YCA Advertising Technology CO., LTD.",新北市新莊區福樂街118巷7號,張O業,03-3201516,03-3202327,2025/07/15,2025/07/15,Y,Y
90415374,時富鮮有限公司,"TimBioNova Co., Ltd.",新北市中和區中和路102號15樓之7,黃O暉,02-28271966,,2025/07/15,2025/07/15,Y,Y
90499922,城際集成有限公司,City Integrated Engineering Company,新北市五股區新五路2段221號(1樓),林O東,0222929962,,2025/07/15,2025/07/15,Y,Y
95152316,海秀商行,HaiXiu GROUP Studio,新北市淡水區大智街19號地下一層,陳O宇,,,2025/07/15,2025/07/15,Y,Y
60637542,聚綠新材有限公司,"GreenPoly Materials Co., Ltd.",新北市汐止區保長路51巷26號4樓,陳O琪,02-22980132,02-22980138,2025/07/14,2026/01/02,Y,Y
60581343,特比特有限公司,TOPTIQ LTD.,新北市土城區中正路1號12樓之5,陳O圓,0930770295,,2025/07/14,2025/09/09,Y,Y
00213393,協龍國際貿易有限公司,"ALLIED DRAGON INTERNATIONAL TRADING CO., LTD.",新北市新莊區五權一路3號3樓之12,叢O立,02-22980132,02-22980138,2025/07/14,2025/07/14,Y,Y
50976384,宇程創意整合有限公司,"Yu Cheng Brand Strategy CO., LTD.",新北市五股區成泰路1段237號之3,何O宏,,,2025/07/14,2025/07/14,Y,Y
60548416,曜鈦國際科技有限公司,"Tayloft International Technology CO., LTD.",新北市土城區學士路183號15樓,張O琪,,,2025/07/14,2025/07/14,Y,Y
60581147,安騰資產有限公司,ANTURN ASSET LTD.,新北市板橋區文化路2段285號21樓,莊O城,,,2025/07/14,2025/07/14,Y,Y
60581152,勁宣紙塑有限公司,"Jinxuan Paper CO., LTD.",新北市土城區大安路138巷31號(1樓),蘇O楷,0958559372,,2025/07/14,2025/07/14,Y,Y
60740335,豪森科技有限公司,"Hau Son Technology CO., LTD.",新北市板橋區觀光街13號2樓,王O豪,02-8668-9511,02-8668-9511,2025/07/14,2025/07/14,Y,Y
60749292,易園堂展覽商業有限公司,"E-YuanTang CO., LTD.",新北市樹林區中正路777號,鄭O庭,02-26885109,,2025/07/14,2025/07/14,Y,Y
91400666,忻晨工作室,XIN CHEN STUDIO,新北市新店區百忍街50巷2弄1號4樓,廖O茹,02-86676617,,2025/07/14,2025/07/14,Y,Y
93491564,谷悠生技有限公司,GooU Company Limited,新北市板橋區大觀路3段160巷6號2樓,楊O竣,,,2025/07/14,2025/07/14,Y,Y
94243563,微晶甄品有限公司,"VISION.JP CO., LTD.",新北市中和區立德街148巷40號3樓,黃O寶,02-25071700,,2025/07/14,2025/07/14,Y,Y
60580891,瑞藤國際股份有限公司,"ReTurn Global Co., Ltd.",新北市林口區麗園二街12巷3號1樓之1,,,,2025/07/12,2026/09/12,Y,Y
60716638,臺科永續智慧股份有限公司,"Taiwantech Sustainable Intelligence CO., LTD.",新北市中和區中正路872號10樓之6,林O鉦,,,2025/07/11,2025/12/18,Y,Y
54725190,森藝印刷有限公司,"SEN-YI PRINTING CO., LTD.",新北市新店區北新路2段14號2樓,林O正,02-86675150,,2025/07/11,2025/07/11,Y,Y
60050035,努米納數位創意工作室,NUMINA UNIVERSE Creative Digital Co.,新北市中和區興南路2段34巷22弄4號3樓,游O華,02-2940-5032,,2025/07/11,2025/07/11,Y,Y
60548393,芷光研所有限公司,"Zhiguang Innovations CO., LTD.",新北市三重區信義西街1巷7弄1號4樓,袁O德,,,2025/07/11,2025/07/11,Y,Y
60572816,玉之曦有限公司,"Jade Rabbit CO., LTD.",新北市樹林區學成路727號12樓,王O年,0987337858,,2025/07/11,2025/07/11,Y,Y
60581081,未來綠色股份有限公司,Future Green Co. Ltd.,新北市汐止區新台五路1段95號20樓,周O立,0922238165,,2025/07/11,2025/07/11,N,N
60604922,森研生技有限公司,"SENYEN BIOTECHNOLOGY CO., LTD.",新北市永和區秀朗路一段150巷2號（1樓）,彭O涵,,,2025/07/11,2025/07/11,Y,Y
68059793,北中南國際通運有限公司,North Central South International Trade Limited Company,新北市五股區成泰路1段139巷2弄13號,黃O興,,,2025/07/11,2025/07/11,Y,Y
83115400,嘉潤建設開發股份有限公司,"JIA RUEN CONSTRUCTION & DEVELOPMENT CO., LTD.",新北市新莊區昌平街346號,賴O鴻,,,2025/07/11,2025/07/11,Y,Y
87505479,張力影業,Zhangli Pictures Studio,新北市土城區慶安街105號,張O文,,,2025/07/11,2025/07/11,N,N
92710295,樂購商貿行,LEEGO Company,新北市淡水區大忠街41巷12號7樓,傅O禮,,,2025/07/11,2025/07/11,Y,Y
91090655,和星實業有限公司,"HEXING INDUSTRIAL CO., LTD.",新北市林口區中北一街17巷2號11樓,江O蓉,,,2025/07/10,2026/05/29,Y,Y
60580695,精準安健股份有限公司,PRECISION HEALTH Corporation,新北市中和區板南路653號11樓,陳O生,02-22232999#221,,2025/07/10,2026/04/09,Y,Y
14888062,正昌枕頭行,ZhengChang SHOP,新北市蘆洲區民權路132號5樓之1,許O鴻,0928575273,,2025/07/10,2025/07/10,Y,Y
60048518,花花企業社,Huahua Co.,新北市板橋區合宜路161號19樓之3,曹O樺,,,2025/07/10,2025/07/10,N,N
60052245,墨錦企業社,Mok Kam Co.,新北市新店區安興路105號5樓之2,朱O綺,,,2025/07/10,2025/07/10,N,N
60052250,堂島企業社,Dojima Co.,新北市新店區安興路105號5樓之2,鍾O霖,,,2025/07/10,2025/07/10,N,N
60549386,長風室內裝修工程有限公司,"Essential Design Interiors Co., Ltd.",新北市五股區成泰路4段22巷8號2樓之3,黃O長,,,2025/07/10,2025/07/10,Y,Y
60580597,天光清能股份有限公司,GREAT ERA International Company Limited,新北市新莊區福樂街96號(1樓),林O平,,,2025/07/10,2025/07/10,Y,Y
60580978,頑飛創旅有限公司,"ONE BREATH TOUR CO., LTD.",新北市中和區宜安路134號5樓,林O豪,0919322887,,2025/07/10,2025/07/10,Y,Y
66346341,遊全球資訊科技有限公司,Global Technology LTD.,新北市鶯歌區中正三路291巷7弄3號(1樓),陳O賢,,,2025/07/10,2025/07/10,Y,Y
91690383,潔叡商行,Jie Rui Trading Co.,新北市三重區和平街18號,陳O儀,,,2025/07/10,2025/07/10,Y,Y
93620933,聞香的藝術有限公司,"Art Fonda CO., LTD.",新北市三重區光復路1段82之6號10樓,陳O達,,,2025/07/10,2025/07/10,Y,Y
93685920,泓沅生技有限公司,"HUNG YUAN Biotechnology CO., LTD.",新北市五股區四維路90號3樓,楊O盛,,,2025/07/10,2025/07/10,Y,Y
95155405,世琦企業社,shi seven CO.,新北市新店區永安街83巷17弄7號2樓,林O音,02-29411579,,2025/07/10,2025/07/10,Y,Y
60048947,大順企業社,Da Shun Co.,新北市樹林區佳園路1段75巷210號,蔡O君,0986661682,,2025/07/09,2025/07/09,Y,Y
60549203,太翊國際貿易有限公司,Asia One International Trading Company Limited,新北市汐止區中興路168號4樓之4,羅O鈞,,,2025/07/09,2025/07/09,Y,Y
60780194,美饌城堡有限公司,Gourmet Castle Limited,新北市三重區慈愛街53號4樓,馮O軒,,,2025/07/09,2025/07/09,Y,Y
88370772,緣起豆坊,OODF Co.,新北市汐止區伯爵街38巷27號,蔡O豪,,,2025/07/09,2025/07/09,Y,Y
90472607,羿昕顧問有限公司,"Daynova CO., LTD.",新北市永和區豫溪街163號,王O涵,,,2025/07/09,2025/07/09,Y,Y
93525564,統盟企業有限公司,"TON MON CO., LTD.",新北市永和區秀朗路2段206巷1號4樓,林O霆,02-32348988,,2025/07/09,2025/07/09,Y,Y
60548632,拒醇科技電子有限公司,"JCTech Electronics Co., Ltd.",新北市三重區興德路86號14樓,陳O達,,,2025/07/08,2026/06/03,Y,Y
00221540,炘語寵物食品有限公司,"XINYU PET FOOD CO., LTD.",新北市五股區四維路30巷36弄3號,林O羽,02-29766413,,2025/07/08,2025/07/08,Y,Y
00244966,田森國際有限公司,"French Taiwan Spirits CO., LTD.",新北市林口區仁愛路2段502號4樓之2,顏O芙,,,2025/07/08,2025/07/08,Y,Y
12984238,弘灝實業有限公司,"Hong Hao Industrial Co., Ltd.",新北市新莊區環漢路3段528巷16號之1,黃O富,02-22043488,02-22030654,2025/07/08,2025/07/08,Y,Y
37877571,豆品香企業社,DOU PIN XIANG COMPANY,新北市三重區中興北街235號,羅O寶瑜,0919657365,,2025/07/08,2025/07/08,Y,Y
60052688,珺恆貿易企業社,Jun Heng Trading Co.,新北市三重區後竹圍街110號(1樓),連O珺,0982492210,,2025/07/08,2025/07/08,Y,Y
60054911,崔思商行,TRACY STUDIO,新北市中和區中山路2段332巷9號8樓,闕O蘭,0909922389,,2025/07/08,2025/07/08,Y,Y
94042876,廣喬有限公司,"Guang qiao CO., LTD.",新北市土城區金城路2段132之1號4樓,蔡O宸,0920514443,,2025/07/08,2025/07/08,N,N
60604887,申川馬股份有限公司,"Shen Chuan Ma Mobility CO., LTD.",新北市中和區中正路778號9樓,賴O彥,02-22269059,,2025/07/07,2026/09/05,Y,Y
50655539,宇薪五金企業社,YU SIN HARDWARE CO.,新北市中和區華新街143巷106弄32號10樓,李O尹,02-22861366,02-22861366,2025/07/07,2025/07/07,Y,Y
54306295,金宇力實業有限公司,"JIN YU LI INDUSTRIAL CO.,LTD.",新北市板橋區僑中二街116巷20號4樓,蔡O達,02-22683436,02-22686976,2025/07/07,2025/07/07,Y,Y
54976822,浩暘有限公司,"HAOYOUNG CO., LTD.",新北市板橋區華江一路198號14樓,江O禪,,,2025/07/07,2025/07/07,Y,Y
60050485,馨意商行,shin-ii Shop,新北市三重區自強路1段312巷5號4樓,黃O馨,,,2025/07/07,2025/07/07,Y,Y
60547922,翹咖有限公司,"THUMBSUP CO., LTD.",新北市土城區學府路1段112之1號,游O臨,02-82618112,,2025/07/07,2025/07/07,Y,Y
60548838,寶石映象影視有限公司,"Bao Shi Image Film CO., LTD.",新北市新店區僑愛七路4號(1樓),黃O慧,,,2025/07/07,2025/07/07,Y,Y
60549105,承忻國際貿易有限公司,Chengxin CarTech International LTD.,新北市淡水區原德路5巷1號4樓,陳O承,,,2025/07/07,2025/07/07,Y,Y
60573553,固永太國際有限公司,"Gu Yongtai International CO., LTD.",新北市三重區中正北路15號4樓,張O德,,,2025/07/07,2025/07/07,N,N
60604514,有些創意有限公司,Some creative works Company,新北市中和區橋和路116號7樓,黃O瑋,,,2025/07/07,2025/07/07,Y,Y
60636543,樂多動漫事業有限公司,"Fundo Entertainment Co., LTD",新北市汐止區福德一路392巷23號之1,許O勝,,,2025/07/07,2025/07/07,Y,Y
60637326,天永星有限公司,Worldkin Limited Company,新北市淡水區三民街36號2樓,闕O原,0916769957,,2025/07/07,2025/07/07,Y,Y
60697750,芮奇生技有限公司,"Rich RuiQi Biotech CO., LTD.",新北市新莊區西盛街387巷34弄17號2樓,莊O霖,,,2025/07/07,2025/07/07,Y,Y
90262378,游村有限公司,"Yo Village Co., LTD",新北市汐止區龍安路36號12樓之2,熊OO,02-66040896,,2025/07/07,2025/07/07,Y,Y
91242816,鑫鴻昇商行,HSIN HUNG SHENG STUDIO,新北市新店區建國路293巷1號2樓,林O鴻,0932154886,,2025/07/07,2025/07/07,Y,Y
95467759,精創科技股份有限公司,Elite Antenna Innovation INC.,新北市新店區北新路3段215號14樓,李O昱,,,2025/07/07,2025/07/07,Y,Y
60750142,朔雲有限公司,"Mooncloud CO., LTD.",新北市新店區中正路265巷14號7樓,王O棻,02-29143772,,2025/07/05,2026/06/10,Y,Y
00553287,雨日製作工作室,DrizzleProduction Studio,新北市板橋區文化路2段385之5號3樓,賴O慈,,,2025/07/05,2026/04/08,Y,Y
50668106,傑炫企業社,JA-XUAN AUTOSUPPORT Workshop,新北市泰山區全興路18巷28號7樓,陳O玉,02-85313731,,2025/07/05,2025/07/05,Y,Y
54055494,創意不累工作室有限公司,Creativity Play Studio LTD.,新北市土城區金城路3段180號15樓之1,林O瑜,,,2025/07/04,2025/07/11,Y,Y
60547556,永新久業有限公司,"Yongxin Forever Co., Ltd.",新北市新店區永新街66號,曾O卿,,,2025/07/04,2025/07/04,Y,Y
60690840,寶鼎牛角工藝有限公司,"Paodin.hsu CRAFT MFG. CO., LTD.",新北市三重區大同南路230巷6弄1號,許O斌,,,2025/07/04,2025/07/04,Y,Y
60729697,友嘉工程顧問有限公司,"FELLOWS ENGINEERING CONSULTANTS CO., LTD.",新北市板橋區五權街9號(1樓),林O運,,,2025/07/04,2025/07/04,Y,Y
85067234,派狼國際有限公司,"PALON CO., LTD.",新北市中和區中興街208號3樓之3,簡O澤,02-22462161,,2025/07/04,2025/07/04,Y,Y
60637058,曜熙科技股份有限公司,"YAOXI TECHNOLOGY CO., LTD.",新北市汐止區新台五路1段93號21樓之6,謝O仁,,,2025/07/03,2026/09/23,Y,Y
90324085,雷崴科技電子有限公司,"LEIWEI TECHNOLOGY ELECTRONICS CO., LTD.",新北市汐止區新台五路1段93號21樓之6,蘇O宜,0911931396,,2025/07/03,2026/09/17,Y,Y
28217260,上元興業有限公司,Gold Rich Limited Company,新北市板橋區板新路81巷2號3樓,林O維,,,2025/07/03,2025/07/03,Y,Y
50968032,厚爺室內裝修有限公司,"Houya Design CO., LTD.",新北市五股區新五路3段248號,楊O蘭,02-82922225,,2025/07/03,2025/07/03,Y,Y
60042232,夠好的企業社,Goodgo Co.,新北市汐止區力行街43號(1樓),梁O文,0908155922,,2025/07/03,2025/07/03,Y,Y
60547508,輔研生技股份有限公司,Fu Yan Biotech CORP.,新北市板橋區信義路26巷20號8樓,黃O,,,2025/07/03,2025/07/03,Y,Y
60548247,天合科技顧問有限公司,"TechTalent Information Consulting CO., LTD.",新北市中和區景新街559號9樓,林O強,,,2025/07/03,2025/07/03,Y,Y
60604900,漢特斯科技股份有限公司,"Hamtus Scientific CO., LTD.",新北市汐止區新台五路1段112號16樓,陳O暉,02-26960999#317,02-26960599,2025/07/03,2025/07/03,Y,Y
60779788,匯桐貿易有限公司,Huitong Enterprises Limited,新北市永和區永貞路79號,袁O為,0912490390,,2025/07/03,2025/07/03,Y,Y
89837312,理恆工業有限公司,LI HENG INDUSTRIAL COMPANY,新北市新莊區新樹路244巷73弄3號,吳O政,02-22011183,02-22011399,2025/07/03,2025/07/03,Y,Y
90167775,昀庭開發有限公司,"Yunting Development CO., LTD.",新北市鶯歌區鳳三路370號3樓,李O振,02-86862733,02-26339608,2025/07/03,2025/07/03,Y,Y
60547818,硬像創意製造有限公司,"INPRESS CO., LTD.",新北市新店區民權路153號4樓,張O昊,,,2025/07/02,2026/09/30,Y,Y
60548083,幸葉美學股份有限公司,"Clovers Biomedical CO., LTD.",新北市汐止區新台五路1段75號17樓之5，16樓之1,馬O娟,02-86981098,02-86981066,2025/07/02,2026/09/08,Y,Y
60645058,銘奕工業有限公司,"METLOCK CO., LTD.",新北市汐止區新台五路1段95號16樓之1,楊O卿,,,2025/07/02,2026/07/25,Y,Y
60642952,梵彣有限公司,VAUREN LTD.,新北市新店區環河路42之2號,戴O容,,,2025/07/02,2026/07/03,N,N
60581408,友盈精密有限公司,"Youying Precision CO., LTD.",新北市樹林區三龍街111號,張O茹,,,2025/07/02,2026/05/01,Y,Y
22373019,鼎順包裝事業有限公司,"DINGSHUN PACKAGING CO., LTD.",新北市土城區中央路4段279巷8號4樓,葉O銘,,,2025/07/02,2025/07/02,Y,Y
29063828,無二設計整合有限公司,WooArt Design Co. Ltd.,新北市中和區中山路2段449巷1弄13號,陳O偉,,,2025/07/02,2025/07/02,Y,Y
60050443,吉思樂器實業,GST Instruments Company,新北市樹林區學勤路241號3樓,洪O伶,,,2025/07/02,2025/07/02,Y,Y
60547541,熠欣聯創股份有限公司,"Sparkomni CO., LTD.",新北市三重區仁化街174號,林O慧,0933724610,,2025/07/02,2025/07/02,Y,Y
60643495,寵潤科技有限公司,"PETABOO CO., LTD.",新北市淡水區水源街1段116號3樓,邱O璋,,,2025/07/02,2025/07/02,Y,Y
60644380,安蕎國際有限公司,"Anbridge Source CO., LTD.",新北市新店區僑愛五路16號,何O瑩,,,2025/07/02,2025/07/02,Y,Y
67024109,元承科技有限公司,"YUANCHENG TECHNOLOGY CO., LTD.",新北市樹林區俊興街209之5號,郭O元,0919523151,,2025/07/02,2025/07/02,Y,Y
87476137,文字之間工作室,Manbrew. Studio,新北市淡水區新民街1段7號4樓,陳O安,,,2025/07/02,2025/07/02,N,N
93646005,薩摩亞商捷斯達有限公司台灣分公司,Jade Star International Limited Taiwan Branch(SAMOA),新北市新店區寶橋路235巷6弄5號5樓,"田O超TAIN,CHEN-CHAO",,,2025/07/02,2025/07/02,Y,Y
94043283,炬能量企業有限公司,"GUI ENERGY ENTERPRISE CO., LTD.",新北市汐止區大同路3段210號4樓,邱O營,02-86471313,,2025/07/02,2025/07/02,Y,Y
95431248,瑞瑟股份有限公司,"Reset CO., LTD.",新北市板橋區板新路17號2樓,魏O浩,,,2025/07/02,2025/07/02,Y,Y
96825473,盛宣行菸酒有限公司,SHENGXUANHANG TABACCO & LIQUOR LIMITED COMPANY,新北市板橋區雨農路3號(1樓),鄭O鍬,22555011,,2025/07/02,2025/07/02,Y,Y
60573462,艾克索智能股份有限公司,Akesolab INC.,新北市新莊區富貴路492號6樓,史O芬,,,2025/07/01,2026/07/23,Y,Y
60644115,十安國際有限公司,"Shian International Trading CO., LTD.",新北市新店區安祥路108巷5號2樓,林O粧,02-22115960,,2025/07/01,2026/01/29,Y,Y
60636614,合潤材料股份有限公司,"Harmony Materials CO., LTD.",新北市五股區新城五路7號5樓,劉O華,02-87926100,,2025/07/01,2025/12/08,Y,Y
19521487,嘉笙企業社,Good Gauge Co.,新北市汐止區中興路31號3樓之2,陳O雄,,,2025/07/01,2025/07/07,Y,Y
34431605,宗源泡綿有限公司,ZONG-YUAN POLYURETHANE FOAM LTD.,新北市樹林區光武街32之2號,施O志,02 2688 3575,,2025/07/01,2025/07/01,Y,Y
60547731,恆順興有限公司,HENNSON LTD.,新北市汐止區新台五路1段102號8樓,徐O坤,0961110686,,2025/07/01,2025/07/01,Y,Y
60644213,西儂希國際貿易有限公司,"SENOUSSI INTERNATIONAL TRADING CO., LTD.",新北市土城區中央路2段149巷30弄6號3樓,歐O,0921909941,,2025/07/01,2025/07/01,Y,Y
60755884,鴻大水電五金有限公司,"HONG-DA Plumbing Hardware Co.,Ltd",新北市土城區中央路1段292巷8號,林O鳯,,,2025/07/01,2025/07/01,Y,Y
83546105,春花秋實國際有限公司,"Blossom and Harvest International CO., LTD.",新北市中和區中山路2段332巷17號2樓,王O欣,,,2025/07/01,2025/07/01,Y,Y
90039391,貝特馨國際有限公司,"Better Thing& Think CO., LTD.",新北市汐止區東勢街216巷22弄6之1號4樓,蘇O軒,0226901813,,2025/07/01,2025/07/01,Y,Y
91790735,九十九商行,Ninety Nine BBQ Restaurant,新北市蘆洲區中山一路113號,汪O佑,,,2025/07/01,2025/07/01,Y,Y
93509255,強阩有限公司,"JOHNSON WASHING CO., LTD.",新北市八里區文昌路73號,王O生,02-28914258,,2025/07/01,2025/07/01,Y,Y
96783348,慶昕數位科技有限公司,ShinLink LLC.,新北市中和區中山路3段110號8樓,李O欣,,,2025/07/01,2025/07/01,Y,Y
00558895,迪亞塗藝空間工程行,Dia Paint & Decor Company,新北市泰山區明志路2段359巷14號(1樓),陳O亞,02-27787680,,2025/06/30,2026/06/27,Y,Y
60643930,二零咖啡國際有限公司,"2 Zero Coffee International CO., LTD.",新北市新莊區民安西路382號之10,舒O翰,02-22933659,,2025/06/30,2026/05/07,Y,Y
24368174,宓愛將有限公司,"Miijon CO., LTD.",新北市三重區神農街258號4樓,陳O生,02-26871072,,2025/06/30,2025/10/16,Y,Y
28818448,名陞有限公司,MIN SHEN Company,新北市樹林區中山路2段151巷14弄27號,孫O安,02-86862702,,2025/06/30,2025/06/30,Y,Y
42699014,冠鼎國際有限公司,"Guan Ding International CO., LTD.",新北市中和區忠孝街44號4樓,黃O穠,,,2025/06/30,2025/06/30,Y,Y
60038504,明鍠企業社,ming huang blade WORKS,新北市板橋區文化路1段329號4樓,陳O鍠,09-65076937,,2025/06/30,2025/06/30,Y,Y
60605112,伯恩斯有限公司,"BONS CO., LTD.",新北市金山區四維路35號2樓,邱O邦,02-22677386,02-22670691,2025/06/30,2025/06/30,Y,Y
60605231,樂尼傳媒有限公司,"Lenny Media Co.,Ltd",新北市汐止區新台五路1段93號21樓之6,郭O如,0970-779-926,,2025/06/30,2025/06/30,Y,Y
60756434,永昕國際有限公司,Yongxin International Trading Limited Company,新北市板橋區三民路2段32號3樓,徐O勝,,,2025/06/30,2025/06/30,Y,Y
82990310,玩美飾界有限公司,The Graces LTD.,新北市板橋區中山路1段293之1號10樓之1,楊O閔,0981151702,,2025/06/30,2025/06/30,Y,Y
90029106,方泰勳視覺影像有限公司,"Taihsunfang Visual Media CO., LTD.",新北市新莊區景德路304號,方O勳,,,2025/06/30,2025/06/30,Y,Y
91698651,駿途企業社,Juntu Enterprise Co.,新北市土城區青雲路273號5樓,許O哲,,,2025/06/30,2025/06/30,Y,Y
94211226,堃元茶食有限公司,"Kun Yuan Tea & Snacks Co., Ltd.",新北市三重區新北大道1段115號14樓之5,張O誠,,,2025/06/30,2025/06/30,Y,Y
54890085,一果制作影像有限公司,The Upshot Films Company,新北市三重區元信三街41號(1樓),楊O彬,02-27323121,,2025/06/27,2026/09/02,Y,Y
00156604,歐凡實業有限公司,"AllFun CO., LTD.",新北市新莊區雙鳳路73巷13號3樓,李O月,,,2025/06/27,2025/06/27,Y,Y
54014375,辰泓國際有限公司,"CHENHONG INTERNATIONAL/TIFF CO., LTD.",新北市新莊區新樹路244巷78號(1樓),鄭O文,,,2025/06/27,2025/06/27,Y,Y
60009901,這杯好喝坊,Tasty Sip House,新北市樹林區樹新路223號,劉O瑄,,,2025/06/27,2025/06/27,Y,Y
60635609,美商風帝瓦有限公司台灣分公司,VENTIVA INC. TAIWAN BRANCH(UNITED STATES),新北市板橋區板新路81巷2號3樓,陳O輝TANGINHWEE,,,2025/06/27,2025/06/27,Y,Y
60637064,奇富國際有限公司,Kivoo Company,新北市汐止區樟樹二路339巷8號8樓之2,蘇O祥,,,2025/06/27,2025/06/27,Y,Y
60643615,啵仔生技食品有限公司,"Bozai Biotech Food Co., Ltd.",新北市蘆洲區中山一路161號3樓,謝O松,,,2025/06/27,2025/06/27,Y,Y
60643896,天凱娜國際有限公司,"SKYRINA GLOBAL CO., LTD.",新北市新店區北新路3段205之3號5樓,蔡O恬,,,2025/06/27,2025/06/27,Y,Y
60783262,世杰雲科技有限公司,SkyJay Cloud Technology Ltd.,新北市淡水區中正路8巷2之3號,陳O靜,,,2025/06/27,2025/06/27,Y,Y
68215605,鑫億家具有限公司,"XINYI FURNITURE CO., LTD.",新北市新莊區永樂街248號6樓,施O羽,02-22020884,,2025/06/27,2025/06/27,Y,Y
82990727,三立租賃管理顧問有限公司,"Sanlee Lease & Management CO., LTD.",新北市土城區國際路139巷40號,吳O三,,,2025/06/27,2025/06/27,Y,Y
90492771,瘋寵玩家有限公司,FENG CHONG WAN JIA YOU XIAN GONG S Co.,新北市中和區華新街180號3樓,李O,0955609912,,2025/06/27,2025/06/27,Y,Y
91121329,卡羅老師有限公司,Carols Limited Company,新北市中和區中正路716號7樓之5,李O隆,02-28724506,,2025/06/26,2026/01/29,Y,Y
00241659,成陽忠霖開發工程有限公司,"Chengyang Zhonglin Development Engineering CO., LTD.",新北市三重區重新路2段21號8樓,廖O昂,0977086694,,2025/06/26,2025/06/30,N,N
00017364,營活著國際有限公司,HkgersAlive International company Limited,新北市板橋區藝文街385號17樓,陳O穎,,,2025/06/26,2025/06/26,Y,Y
00055747,鋮信電機有限公司,"ChangeThink Electric CO., LTD.",新北市樹林區學成路735號5樓,蔡O賢,,,2025/06/26,2025/06/26,Y,Y
12680283,媒體思考廣告有限公司,Insight Media lab Ltd,新北市中和區中山路2段312巷1弄6之1號,陳O為,,,2025/06/26,2025/06/26,Y,Y
60051148,礦麗晶拾企業社,Mineral Beautiful Studio,新北市三重區中正北路15號5樓,潘O愉,,,2025/06/26,2025/06/26,Y,Y
60574048,寅虔有限公司,"Yin Qen Co., Ltd.",新北市五股區登林路81之7號7樓,蔡O絨,0983-142-650,,2025/06/26,2025/06/26,Y,Y
60643827,佳桂創新有限公司,"Jagreat Creative Co., LTD.",新北市永和區中山路1段129號3樓之1,陳O聰,,,2025/06/26,2025/06/26,Y,Y
80019414,薛名洲攝影工作室,HSUEH MING CHOU PHOTOGRAPHY STUDIO,新北市中和區中山路2段332巷9號8樓,薛O洲,,,2025/06/26,2025/06/26,Y,Y
90213638,大齊企業有限公司,"DAQI enterprise CO., LTD.",新北市樹林區保安街2段6之11號(2樓),余O胤,02-26861577,,2025/06/26,2025/06/26,Y,Y
93583212,翼樂國際有限公司,"Wing Luck International CO., LTD.",新北市樹林區三俊街199巷20弄29號,謝O宏,,,2025/06/26,2025/06/26,Y,Y
93640895,亞謙創意國際有限公司,"Asia Qian Creative International CO., LTD.",新北市新店區大豐路80號（1樓）,謝O彣,,,2025/06/26,2025/06/26,Y,Y
60643397,丰河科技有限公司,"Funnyer Hold Polymer Materials Technology CO., LTD.",新北市樹林區大安路526號4樓,謝O鈺,,,2025/06/25,2026/01/28,Y,Y
60715758,龍佳烘焙餐飲有限公司,DRAGONS FOODSERVICE Limited,新北市汐止區福德二路365號,郭O君,02-86951101,,2025/06/25,2026/01/26,Y,Y
42651270,飛躍雷射應用科技股份有限公司,Fly illumination laser Application technology INC.,新北市汐止區大同路3段196之5號2樓,黃O傑,,,2025/06/25,2025/06/25,Y,Y
60572837,銳齊國際有限公司,"RICHIE INTERNATIONAL CO., LTD.",新北市新店區安民街73號3樓,黃O泓,02-22126677,,2025/06/25,2025/06/25,Y,Y
60573343,光詠有限公司,"GLORYONG CO., LTD.",新北市三重區仁愛街366巷38號,林O傑,02-29714950,,2025/06/25,2025/06/25,Y,Y
60604654,梅曄有限公司,"MEYER CO., LTD.",新北市鶯歌區中湖街58號,簡O龍,0981527666,,2025/06/25,2025/06/25,Y,Y
60605339,華德環保袋有限公司,"Huade Eco Bag CO., LTD.",新北市三重區重陽路1段53號8樓,張O敏,02-2983-2885,,2025/06/25,2025/06/25,Y,Y
60635517,美商喜樂比有限公司台灣分公司,"The Joy Factory Inc, Taiwan Branch(UNITED STATES)",新北市中和區中正路872號11樓,"楊O賢Yang,Shin-Shien",02-55784510 ext.503,,2025/06/25,2025/06/25,Y,Y
83185475,勝兆工程有限公司,"SHENG ZHAO ENGINEERING CO., LTD.",新北市板橋區四川路2段243號3樓之1,張O德,,,2025/06/25,2025/06/25,N,N
91422726,百一映画商行,Hundredone-11146 Co.,新北市三峽區五寮里五寮34號,洪O龍,09109499980,,2025/06/25,2025/06/25,Y,Y
93671876,錦泰企業有限公司,"Gem Time CO., LTD.",新北市永和區中和路305巷16弄11號4樓,羅O英,,,2025/06/25,2025/06/25,Y,Y
02286656,振傳陶藝社,ZHENCHUAN CERAMICS Workshop,新北市新店區雙城路2巷9號1樓,麥O祐,,,2025/06/24,2026/08/22,Y,Y
90200177,小怪獸部落美學寵物有限公司,"Little Monster Tribe Aesthetics Pe CO., LTD.",新北市中和區圓通路65號2樓,,,,2025/06/24,2026/05/20,N,N
60758735,利赫新材料股份有限公司,"Lihe New Materials CO., LTD.",新北市板橋區民生路1段3號13樓,陳O宇,02-66045222,,2025/06/24,2026/04/22,Y,Y
00204042,廣川國際貿易有限公司,"Broad Channel International CO., LTD.",新北市泰山區文程路18巷35號,郭O豪,0970768780,,2025/06/24,2025/06/24,Y,Y
22772472,勗通營造股份有限公司,"Xutong Construction CO., LTD.",新北市新店區民權路87之1號6樓,楊O華,02-29100195,02-22120807,2025/06/24,2025/06/24,Y,Y
42738213,美達思醫療器材有限公司,"Medical Supply CO., LTD.",新北市淡水區中正東路2段29號9樓,汪O惠,0918117396,,2025/06/24,2025/06/24,Y,Y
60043350,躍昇眼鏡行,YUESHENG CO.,新北市泰山區福興二街29號(1樓),吳O盛,,,2025/06/24,2025/06/24,N,N
60574265,依娜有限公司,"YiNa CO., LTD.",新北市永和區永和路2段74號3樓之1,張O舫,,,2025/06/24,2025/06/24,Y,Y
60605149,得易洋洋有限公司,DEYI YANG YANG LTD.,新北市汐止區大同路3段617號6樓,王O熙,02-86916223,,2025/06/24,2025/06/24,Y,Y
60637607,秝甯科技有限公司,"LI-WIN TECH CO., LTD.",新北市林口區東湖路80號,蔡O明,,,2025/06/24,2025/06/24,Y,Y
60643208,韓韻娛樂有限公司,Han Yun Entertainment Limited Company,新北市三芝區樂全街96號9樓,藍O智,02-23751366,,2025/06/24,2025/06/24,Y,Y
67301103,祥再精機有限公司,"Xiang Zai machinery CO., LTD.",新北市新店區溪園路335號13樓,蔡O嘉,,,2025/06/24,2025/06/24,Y,Y
90167156,東東強實業有限公司,"dong dong ciang Industrial CO., LTD.",新北市土城區延吉街137巷2弄20號,謝O昇,,,2025/06/24,2025/06/24,Y,Y
96993273,良義鞋業有限公司,"Goodwill Footwear CO., LTD.",新北市新莊區化成路11巷62號,陳O伸,02-29981499,,2025/06/24,2025/06/24,Y,Y
93577794,奇爾偲國際有限公司,"CHEERS COMMERCE CO., LTD.",新北市板橋區校前街37號,,02-29634852,,2025/06/23,2026/09/30,Y,Y
60730792,無境國際投資有限公司,infini international investment LTD.,新北市樹林區中正路639號20樓,簡O蓁,02-2776-9118,,2025/06/23,2026/06/09,Y,Y
60637297,悍高開發股份有限公司,"Higold Development Taiwan CO., LTD.",新北市中和區中原街82號(1樓),蔡O伸,02-22268969,02-22269138,2025/06/23,2026/02/11,Y,Y
60604198,鑫耀能源有限公司,Blue Mountain LIMITED,新北市中和區景新街340號5樓之3,,,,2025/06/23,2025/08/12,N,N
24724238,竣翊工程有限公司,"Jun Yi Engineering Solutions CO., LTD.",新北市板橋區華江一路610號9樓,謝O勇,0988066407,,2025/06/23,2025/06/23,Y,Y
34074515,協良釘線有限公司,"SHIE-LIANG STITCHING WIRE CO., LTD.",新北市新莊區化成路660巷20號,吳O文,,,2025/06/23,2025/06/23,Y,Y
53431632,昇陞金屬有限公司,"SHENG SHENG METAL ENGINEERING CO., LTD.",新北市五股區成泰路3段577巷54弄38號,戴O惠,02-82921592,,2025/06/23,2025/06/23,Y,Y
60050865,路莫工作室,LUMOS STUDIO,新北市板橋區三民街2段33號14樓,郭O熙,,,2025/06/23,2025/06/23,Y,Y
60572724,森林王文創影視有限公司,"King of the Forest Cultural Co., Ltd.",新北市永和區永貞路437巷13號5樓,林O語,,,2025/06/23,2025/06/23,Y,Y
60604319,台灣美式馬國際有限公司,"Taiwan Maxima international CO., LTD.",新北市樹林區俊興街179號(1樓),楊O紅,,,2025/06/23,2025/06/23,N,N
60637331,宇盾能源股份有限公司,"Ageis Power CO., LTD.",新北市三重區和平街18號,左O麟,,,2025/06/23,2025/06/23,Y,Y
60643137,小芝麻國際有限公司,"Sesame International CO., LTD.",新北市中和區中山路2段553號5樓,林O余,,,2025/06/23,2025/06/23,Y,Y
60696921,皇家國際貿易有限公司,Royal International LTD.,新北市板橋區文化路2段285號21樓,張O仟,0903-058-287,,2025/06/23,2025/06/23,Y,Y
82971974,禾田演出設備有限公司,"Hotien Performance CO., LTD.",新北市新莊區思源路192巷52號7樓,田O政,0285217968,,2025/06/23,2025/06/23,Y,Y
94137129,再見凱西映畫有限公司,"Cathy Pictures CO., LTD.",新北市新店區三民路117巷3弄2號2樓,陳O錤,,,2025/06/23,2025/06/23,Y,Y
94211470,香水爸爸魔藥小舖有限公司,"Perfume Papa Magic Lab Co., Ltd.",新北市三芝區三民街8巷2號2樓,侯O葳,,,2025/06/23,2025/06/23,Y,Y
95478550,宸詳貿易有限公司,"Chenxiang Trading CO., LTD.",新北市三重區中華路50巷1弄20號(1樓),楊O婷,0901166053,,2025/06/23,2025/06/23,Y,Y
95499577,鑫火鳥有限公司,Flamingo Company Limited,新北市淡水區中正東路1段105巷13號10樓,黃O苹,,,2025/06/23,2025/06/23,Y,Y
99997506,大地國際教育有限公司,DADI INTERNATIONAL EDUCATION COMPANY LIMITED,新北市板橋區中山路1段10號11樓,鍾O明,02-25552332,,2025/06/23,2025/06/23,Y,Y
90615669,昇業興國際餐飲有限公司,"Liquid Bread CO., LTD.",新北市新店區復興路45號3樓,李O敬,02-22191335,,2025/06/20,2026/08/15,Y,Y
47980477,誼佳企業社,Yi-Jia Enterprises Co.,新北市中和區建一路177號7樓,郭O嘉,0978512667,,2025/06/20,2026/03/19,Y,Y
60546389,三興生物科技有限公司,"SynTrust Biotechnology Co.,Ltd.",新北市新莊區建福路11巷4號(1樓),孫O貞,,,2025/06/20,2025/08/27,Y,Y
60636656,原力運動有限公司,"Proton Sports Asia CO., LTD.",新北市汐止區大同路2段257號15樓,曹O杰,02-28729996,,2025/06/20,2025/08/07,Y,Y
94269774,寓創鋁業有限公司,Yu Chuang Aluminum Co.,新北市八里區荖阡坑路24號之11,江O宜,02-82868507,,2025/06/20,2025/07/05,Y,Y
60604731,萬能精密工業股份有限公司,"Wan Neng Precision Industry CO., LTD.",新北市樹林區三龍街216號(1樓),郭O嫺,,,2025/06/20,2025/06/20,Y,Y
60605083,蔓思美顧問有限公司,"MSA Consulting CO., LTD.",新北市三重區中正北路15號5樓,吳O淇,,,2025/06/20,2025/06/20,Y,Y
60715666,森昇科技有限公司,Woodstar International PTE LTD.,新北市新店區安興路127之13號8樓,駱O彥,0983033568,,2025/06/20,2025/06/20,N,N
66804107,旭利珈股份有限公司,"SiLiKa CO., LTD.",新北市鶯歌區二橋街47號,陳O來,,,2025/06/20,2025/06/20,Y,Y
89181551,維特銳科技有限公司,"Victory Technology CO., LTD.",新北市新莊區幸福東路62號9樓,侯O州,02-22767939,,2025/06/20,2025/06/20,Y,Y
60668811,享步國際貿易股份有限公司,"SUNBOO INTERNATIONAL TRADING CO., LTD.",新北市中和區莒光路141號5樓,王O苓,0913070515,,2025/06/19,2026/09/09,Y,Y
60573245,寶麗豐科技實業有限公司,"Baolifeng Technology Industry Co., Ltd.",新北市新莊區中安街1號6樓之1,張O浩,02-2277-5222,02-2277-5276,2025/06/19,2026/04/03,Y,Y
60782876,科綻有限公司,Zentech Limited Company,新北市三重區元信一街173號2樓,王O瑜,02-8661-8816,,2025/06/19,2025/07/23,Y,Y
00207245,琇藝空間有限公司,Queen marie art space Company,新北市新店區寶中路47號18樓,張O晴,,,2025/06/19,2025/06/19,Y,Y
60604492,湧升國際股份有限公司,"Upwelling Trading CO., LTD.",新北市三重區貴陽街18號,葉O致,,,2025/06/19,2025/06/19,Y,Y
60605318,禾世邑國際貿易有限公司,Join power one International Trading LTD.,新北市中和區板南路667號4樓,傅O婷,,,2025/06/19,2025/06/19,Y,Y
60697745,宸宇自動化有限公司,"CHEN YU AUTOMATION CO., LTD.",新北市新莊區中原路106巷1號2樓,廖O學,0915199945,,2025/06/19,2025/06/19,Y,Y
91695872,虹彩堂貼紙城堡企業社,Rainbow Sticker Castle Studio,新北市中和區中原二街28號18樓,楊O芬,,,2025/06/19,2025/06/19,Y,Y
60708617,聖居美學有限公司,"Jiuhu Aesthetics CO., LTD.",新北市新店區安興路109號14樓之7,,02-89193038,,2025/06/18,2026/07/09,N,N
00057891,億台國際科技股份有限公司,"YITAI INTERNATIONAL TECH CO., LTD",新北市汐止區橫科路59號,姜O卿,02-26546080,,2025/06/18,2026/06/02,N,N
82809121,縈瑜國際有限公司,"FENGQIN CO., LTD.",新北市淡水區淡金路五段50號（1樓）,蔡O琴,02-28012858,02-28012858,2025/06/18,2025/06/19,Y,Y
00213957,禾藝國際企業有限公司,"Heyi International Enterprise Co., Ltd.",新北市板橋區中山路1段279號(1樓),田O珠,,,2025/06/18,2025/06/18,Y,Y
31452372,螞蟻的窩汽車精品改裝工坊,Ans Nest Car CO.,新北市汐止區福德一路412號(1樓),王O讚,02-86675150,,2025/06/18,2025/06/18,Y,Y
60604985,鎧佳億地產股份有限公司,KJY realty INC.,新北市泰山區信華三街177號,翁O蓮,,,2025/06/18,2025/06/18,Y,Y
60605289,智行國際有限公司,Smartact International Limited Company,新北市土城區中央路2段276之1號6樓,吳O吉,,,2025/06/18,2025/06/18,Y,Y
60605345,宣泌寵物生技股份有限公司,"Cado CO., LTD.",新北市土城區忠承路119號4樓,宣O聿,03-6663495,,2025/06/18,2025/06/18,Y,Y
60782209,波莉喬有限公司,Bolichiao Limited Company,新北市板橋區中山路1段10號9樓,葉O,02-25565050,,2025/06/18,2025/06/18,Y,Y
90206637,丞瑋開發有限公司,"Cheng Wei Development CO., LTD.",新北市三重區中興北街150巷33號(1樓),吳O哲,02-29744776,02-29750613,2025/06/18,2025/06/18,Y,Y
90629072,守馥有限公司,So Fu Project LTD.,新北市板橋區中正路87號,謝O政,02-29672932,,2025/06/18,2025/06/18,Y,Y
93620856,龍鋼實業有限公司,"LongGang Industrial Co., Ltd.",新北市新莊區中原路658號22樓,楊O嵃,,,2025/06/18,2025/06/18,Y,Y
60604893,豐和致中有限公司,Harmonia Accretion Partners LTD.,新北市新店區禾豐五路16號(1樓),單O娜,,,2025/06/17,2026/07/15,Y,Y
00164055,萊點創意有限公司,"Light Point Marking CO., LTD.",新北市板橋區雙十路2段48之1號10樓,唐O凱,0989267274,,2025/06/17,2025/12/03,Y,Y
60574194,怡沃拉國際有限公司,EVORA HOME APPLIANCE LTD.,新北市新莊區福慧路212號(1樓),陳O婕,,,2025/06/17,2025/09/06,Y,Y
00212599,幽地音樂有限公司,"UnderU Music CO., LTD.",新北市汐止區國興街30巷16號10樓,賴O勻,,,2025/06/17,2025/06/17,Y,Y
14064074,光智營造廠有限公司,Kuang Chih Engineering & Construction LTD.,新北市新莊區思源路23號13樓,羅O真,02-25671835#7712,,2025/06/17,2025/06/17,Y,Y
25169428,層相積層包裝有限公司,"ZENG XIANG CO., LTD.",新北市樹林區東榮街171巷2弄19號,簡O榕,02-86864877,,2025/06/17,2025/06/17,Y,Y
60604535,圖文緹絲設計有限公司,"20s Design CO., LTD.",新北市新莊區中央路570號7樓,林O涵,0989482286,,2025/06/17,2025/06/17,Y,Y
60605078,鐳曜顯示科技股份有限公司,LSD TECHNOLOGY INC.,新北市新店區安忠路63巷2號,葉O豪,,,2025/06/17,2025/06/17,Y,Y
60783087,佛山磁磚有限公司,"FOSHAN TSYR JUAN CO., LTD.",新北市三峽區添福73號,黃O榮,03-3763858,,2025/06/17,2025/06/17,Y,Y
60783143,柏德磁磚有限公司,"BER DER TSYR JUAN CO., LTD.",新北市新店區環河路20號25樓,黃O榮,03-2183848,,2025/06/17,2025/06/17,Y,Y
83054945,黃石開發股份有限公司,"Yellowstone Development CO., LTD.",新北市新店區中興路2段225號2樓,黃O傑,,,2025/06/17,2025/06/17,Y,Y
84369161,三偕工業股份有限公司,"SAM JET MACHINE INDUSTRIAL CO., LTD.",新北市樹林區三俊街107巷1號,李O誠,02-2688-4695,02-8688-1550,2025/06/17,2025/06/17,Y,Y
97604907,耾聖有限公司,SummitShine HongSheng LTD.,新北市三重區正義北路299號8樓之8,戴O芬,0938629339,,2025/06/17,2025/06/17,Y,Y
60548350,欣宇包裝有限公司,"Shin Yu Eco Packaging CO., LTD.",新北市樹林區民權街5巷17號(2樓),許O倫,02-2680-3638,,2025/06/16,2026/07/31,Y,Y
28100347,立達起重工程有限公司,li-da Company,新北市新店區安忠路57巷3之7號1樓,張O琳,0928524888,,2025/06/16,2025/06/16,Y,Y
52718617,亮點生態有限公司,"BrightSpot Ecological Solutions CO., LTD.",新北市土城區中央路1段270號15樓之1,吳O彥,02-29335286,02-29335275,2025/06/16,2025/06/16,Y,Y
60049381,強禾物所企業社,QOHE Select Trading Co,新北市板橋區華江一路111號15樓之1,楊O強,02-77292596,,2025/06/16,2025/06/16,Y,Y
60573955,孖睿國際有限公司,Maxwill Limited Company,新北市三重區中寮街16巷30號2樓,張O承,02-29959690,,2025/06/16,2025/06/16,Y,Y
60603418,艾索創研有限公司,"AXIAL INNOVATION CO., LTD.",新北市蘆洲區中山二路176之1號4樓,林O釩,0963128605,,2025/06/16,2025/06/16,Y,Y
60690813,養生能量有限公司,"Health Energy CO., LTD.",新北市五股區新城八路408號(1樓),施O明,85217943,,2025/06/16,2025/06/16,Y,Y
60696817,奇克拉科技股份有限公司,"Zentra Technology CO., LTD.",新北市三重區三和路4段101之1號4樓,郭O豊,,,2025/06/16,2025/06/16,Y,Y
60697007,逗享有限公司,Duo Think Limited,新北市樹林區大雅路268號,許O鳳,02-26683263,,2025/06/16,2025/06/16,Y,Y
60730738,鑰動科技股份有限公司,"K-MOVE TECHNOLOGY CO., LTD.",新北市板橋區四川路1段107號3樓之1,鄭O綱,,,2025/06/16,2025/06/16,Y,Y
60782524,翔宇招牌工程有限公司,XIANG YU LTD.,新北市三重區三張街172號,劉O如,02-29894870,,2025/06/16,2025/06/16,Y,Y
91743537,五千金商行,Five thousand Gold Company,新北市板橋區三民路2段32號3樓,王O霖,,,2025/06/16,2025/06/16,Y,Y
60573441,台灣夢想引擎遊戲有限公司,Dream Engine Games Taiwan LTD.,新北市板橋區板新路101號4樓,蔡O諾ChoiYanLok,,,2025/06/14,2025/06/14,Y,Y
90208537,鼎翔國際運動有限公司,"DX Sports CO., LTD.",新北市三重區重新路5段609巷14號7樓,,0227712220,,2025/06/13,2026/09/16,Y,Y
60730456,宏能有限公司,Hongneng Limited,新北市新店區安興路105號5樓之2,,,,2025/06/13,2026/05/09,N,N
60697490,叡卡貿易有限公司,"Rarecard CO., LTD.",新北市三重區重新路3段188號2樓,陳O莚,0979571246,,2025/06/13,2026/03/21,Y,Y
60730224,澄鹿國際有限公司,"Deerly CO., LTD.",新北市板橋區文化路2段285號21樓,李O宇,02-86865005,,2025/06/13,2025/10/31,Y,Y
60604113,鈖拓貿易股份有限公司,Phyto trading CO. LTD,新北市三峽區永安街57號,王O鴻,0958-118789,,2025/06/13,2025/07/24,Y,Y
00059321,億沃有限公司,"YIWO NOVA CO., LTD.",新北市汐止區翠峰街27號14樓之5,鍾O琳,,,2025/06/13,2025/06/13,Y,Y
60047898,鉅泰企業社,Grantai enterprise Co.,新北市中和區興南路2段74巷10號,嚴O玲,02-29440088,02-29451039,2025/06/13,2025/06/13,Y,Y
60574119,喆德新能源股份有限公司,"Zedeon Energy Co., Ltd.",新北市新店區寶橋路235巷138號8樓,包O稷,0912432989,,2025/06/13,2025/06/13,Y,Y
60604367,展越科技有限公司,"zhan yue technology CO., LTD.",新北市林口區文化三路2段281號4樓,吳O臻,0226022509,,2025/06/13,2025/06/13,Y,Y
60604768,曜澤工業有限公司,"Yoze Industrial CO., LTD.",新北市樹林區東順街82之4號2樓,周O妤,,,2025/06/13,2025/06/13,Y,Y
60604866,華凌自動焊科技有限公司,"Hualing Automatic Welding Technology CO., LTD.",新北市三重區中正北路560巷47號12樓之3,吳O瑩,02-29890007,02-29876383,2025/06/13,2025/06/13,Y,Y
60730940,台灣思芽智庫科技有限公司,"TAIWAN SIA THINKBANK CO., LTD.",新北市板橋區板新路81巷2號3樓,彭O晴,02-27111324,,2025/06/13,2025/06/13,Y,Y
60603851,奧樂國際有限公司,"AOLE International CO., LTD.",新北市三重區三和路4段101巷12弄7號（1樓）,林O璋,0,,2025/06/12,2026/05/22,Y,Y
60730765,樂高室內高爾夫股份有限公司,"Lohas golf CO., LTD.",新北市新店區北新路2段262號3樓之3,陳O文,,,2025/06/12,2025/12/31,Y,Y
00063063,筆電先生科技有限公司,"Mr Laptop TECHNOLOGY CO., LTD.",新北市三峽區介壽路2段136巷68號（2樓）,彭O智,02-86767000,02-86767999,2025/06/12,2025/06/12,Y,Y
60046531,愛客悅實業社,INFINICARE Co.,新北市板橋區中山路1段10號11樓,劉O琳,,,2025/06/12,2025/06/12,Y,Y
60573028,以強國際貿易有限公司,"Via Strength International Trading CO., LTD.",新北市中和區中山路3段136巷1號4樓,彭O量,,,2025/06/12,2025/06/12,Y,Y
60573505,慧鴻智雕科技有限公司,"Huihong Technology CO., LTD.",新北市中和區板南路490號2樓之5,林O志,02-22269193,,2025/06/12,2025/06/12,Y,Y
60604633,合心動力有限公司,"HEN-XIN AUTO CO., LTD.",新北市三重區重新路4段63號18樓,余O閔,0976380610,,2025/06/12,2025/06/12,Y,Y
60708068,柒色未來文化傳媒有限公司,"Qise Future Cultural Media CO., LTD.",新北市深坑區翠谷街17巷22弄2號,林O郁,0930711651,,2025/06/12,2025/06/12,Y,Y
60779957,玩樂主義有限公司,"Funism CO., LTD.",新北市蘆洲區和平路121巷8弄34號5樓,徐O耕,0953955668,,2025/06/12,2025/06/12,Y,Y
83186729,安妡生技股份有限公司,ANXIN BIOTECH INC.,新北市新店區復興路45號9樓,徐O明,02-22180865#100,,2025/06/12,2025/06/12,Y,Y
90036079,野聲音樂文化事業有限公司,Uti Music LTD.,新北市中和區中山路2段2巷37號,洪O龍,0928451650,,2025/06/12,2025/06/12,Y,Y
60603959,智愛科技股份有限公司,Premio (Taiwan) Inc.,新北市中和區建一路176號18樓,曹O明,02-77317888#133,,2025/06/11,2025/12/29,Y,Y
60573879,弈方集思股份有限公司,Altovuetech Limited,新北市土城區三民路2號6樓之6,蔡O凱,,,2025/06/11,2025/08/07,Y,Y
60730478,長霖股份有限公司,EssenceDry Technologies INC.,新北市板橋區華江一路111號13樓之2,張O惠,02-77292227-201,,2025/06/11,2025/08/02,Y,Y
60696942,看持股有限公司,Showholdings Limited Company,新北市三重區新北大道一段129號4樓,林O宏,0910673255,,2025/06/11,2025/06/12,Y,Y
95139193,冠軍堡寵物用品社,Champion Pet Products Workshop,新北市中和區中山路2段332巷17號2樓,施O德,02-86862039,,2025/06/11,2025/06/12,Y,Y
24726968,安達速運有限公司,Ada Express Company Limited,新北市中和區中山路2段33號10樓之1,邱O和,02-8970-1683,02-8970-0283,2025/06/11,2025/06/11,Y,Y
60573033,旭日興科技有限公司,"Syurising Tech CO., LTD.",新北市樹林區樹新路17號3樓之3,陳O靖,,,2025/06/11,2025/06/11,Y,Y
60603445,樂溡創研有限公司,"LeSheen Creates CO., LTD.",新北市三重區河邊北街19號21樓,謝O君,,,2025/06/11,2025/06/11,Y,Y
60603661,全康健生活悘學有限公司,"WETENCARE CO., LTD.",新北市中和區中正路738號16樓,吳O瑩,02-82262899,,2025/06/11,2025/06/11,Y,Y
60574201,星馬全貿易有限公司,"KMK STAR CO., LTD.",新北市淡水區民權路111號3樓,藍O潔,02-26250005,02-26260708,2025/06/10,2026/07/21,Y,Y
60603368,本馳股份有限公司,"BNC Co., Ltd",新北市五股區五工路124號5樓,郭O豪,02-87738221,,2025/06/10,2026/04/09,Y,Y
60783185,迅聯運動用品有限公司,"SONICLINK SPORTING GOODS CO., LTD.",新北市新莊區龍安路10號8樓之3,張O平,02-2254-5998,02-2254-5998,2025/06/10,2025/07/10,Y,Y
60707146,大融有限公司,"DA,RONG CO., LTD.",新北市汐止區鄉長路2段23巷4號2樓,張O堯,,,2025/06/10,2025/06/10,Y,Y
60781258,信宣國際有限公司,"Sunshine Global Trading & Marketing CO., LTD.",新北市永和區永和路2段74號5樓之2,劉O玫,,,2025/06/10,2025/06/10,Y,Y
90176649,形衍設計有限公司,"XING YAN Design CO., LTD.",新北市板橋區四維路259巷10號4樓,游O頤,,,2025/06/10,2025/06/10,Y,Y
90299641,何境設計室內裝修有限公司,"HT2F Interior Design CO., LTD.",新北市永和區安樂路194巷17弄14號,何O峰,02-2247-0153,,2025/06/10,2025/06/10,Y,Y
93776415,茂菖有限公司,MAO CHANG LIMITED,新北市淡水區新春街85巷19弄50號8樓,洪O,0953805070,,2025/06/10,2025/06/10,Y,Y
96770012,新加坡商富盛達電子有限公司台灣分公司,FUSHENGDA ELECTRONIC PTE. LTD. TAIWAN BRANCH(SINGAPORE),新北市三重區光復路一段83巷1號7樓之1及3號7樓,"任O中JEN,SHU-CHUNG",,,2025/06/10,2025/06/10,Y,Y
99969945,李大哥工作室,Brother Lee Studio,新北市中和區連城路99巷7號2樓,OO仁,,,2025/06/10,2025/06/10,Y,Y
60603607,明輝昉興業有限公司,"Ming Hui Fang Industrial CO., LTD.",新北市汐止區康寧街169巷27號4樓之3,趙O澍,02-24332306,,2025/06/09,2026/07/30,Y,Y
60603487,奧揚國際有限公司,"Aoyang International CO., LTD.",新北市新莊區富貴路492號6樓,,02-26021995,,2025/06/09,2026/05/05,N,N
60716980,萬惡資訊有限公司,Y2computer LTD.,新北市三重區民生街61巷18弄7號(1樓),陳O廷,0926109916,,2025/06/09,2026/03/25,Y,Y
69266341,唯珹科技有限公司,"Cyberapex Technology CO., LTD.",新北市板橋區篤行路2段77巷12弄19號5樓,曾O銘,02-29601102,,2025/06/09,2025/08/12,Y,Y
60707841,喬金科技股份有限公司,"CIAOJIN TECHNOLOGY CO., LTD.",新北市汐止區大同路2段245之1號5樓,金O毅,,,2025/06/09,2025/06/11,Y,Y
29161285,智銘科技股份有限公司,"Core Motors CO., LTD.",新北市五股區五工路133號,葉O維,02-89902176,,2025/06/09,2025/06/09,Y,Y
50848614,英特格系統股份有限公司,"ITG System CO., LTD.",新北市土城區中央路2段276之1號6樓,盧O泉,034250888,,2025/06/09,2025/06/09,Y,Y
54281061,亦合光有限公司,"NCT Aurora CO., LTD.",新北市蘆洲區中山二路226號(1樓),林O欽,,,2025/06/09,2025/06/09,Y,Y
54835437,啟點行銷股份有限公司,"QIDIAN MARKETING CO., LTD.",新北市新莊區中原路560號13樓,郝O涵,02-8521-1503#1103,,2025/06/09,2025/06/09,Y,Y
60573569,台灣威可特實業有限公司,"Taiwan Vicotech Industrial CO., LTD.",新北市三峽區國光街63巷8號5樓,譚O德,,,2025/06/09,2025/06/09,Y,Y
60573857,歐捌叁歐國際貿易股份有限公司,"O83O International Trading Co., Ltd.",新北市板橋區民生路2段232號1樓之4,陳O惠,0988-796066,,2025/06/09,2025/06/09,Y,Y
60603395,建諾國際有限公司,"Gemstone Electronic products CO., LTD.",新北市新莊區中原路323之3號6樓,陳O霞,0966134914,,2025/06/09,2025/06/09,N,N
60603521,奧遠有限公司,"Aoyuan CO., LTD.",新北市新莊區富貴路492號6樓,吳O庭,02-26021995,,2025/06/09,2025/06/09,Y,Y
60603677,壹壹酷國際有限公司,EECUTE INTERNATIONAL LTD.,新北市汐止區康寧街169巷23號13樓,張O瑜,02-26330791,,2025/06/09,2025/06/09,Y,Y
60696470,艾立供應鏈股份有限公司,"Ally Supply Chain Co., Ltd.",新北市瑞芳區楓子瀨路1巷1號,葉O元,,,2025/06/09,2025/06/09,Y,Y
60697301,鉅宸環球有限公司,Giant Star Global Trading LTD.,新北市中和區中正路957號12樓,陳O誼,+886 963 635 120,,2025/06/09,2025/06/09,Y,Y
60697766,天和圓文化有限公司,Tian He Yuan Cultural LTD.,新北市林口區文化三路1段366號3樓,曾O麟,,,2025/06/09,2025/06/09,Y,Y
60730126,鎰安工程有限公司,YiAn Engineering LIMITED,新北市八里區埤頭一街122號(1樓),林O鎰,,,2025/06/09,2025/06/09,Y,Y
68638007,聖展服飾有限公司,"Shengzhan Clothing CO., LTD.",新北市三重區國道路1段57號5樓,陳O堯,0972905322,,2025/06/09,2025/06/09,Y,Y
87465440,善緣閣企業社,SHAN YUAN GE CO.,新北市鶯歌區中正三路25號,游O諺,0928816635,,2025/06/09,2025/06/09,Y,Y
92599031,冠毅企業社,Guan Yi Enterprise Co.,新北市土城區明德路1段29巷6號4樓,邱O豪,,,2025/06/09,2025/06/09,Y,Y
96839672,子珅科技有限公司,"Blivian Technology CO., LTD.",新北市中和區中正路736號14樓之3,陳O達,,,2025/06/09,2025/06/09,Y,Y
80005592,儒果空間規劃工程行,IfSpaceDesign Store,新北市林口區文化北路1段422號,林O全,,,2025/06/08,2025/09/27,Y,Y
90422656,職人搬家貨運有限公司,SUPERSONPROX LTD.,新北市樹林區三福街70巷10號,楊O軒,,,2025/06/08,2025/09/11,Y,Y
60574217,商榮全球有限公司,"JD GLOBAL CO., LTD.",新北市新莊區中央路578號5樓,李O榮,,,2025/06/06,2026/05/26,Y,Y
60731693,愚且魯有限公司,Clumsy Life LTD.,新北市板橋區板新路101號4樓,王O玲,0,,2025/06/06,2026/04/18,Y,Y
52267747,盤古賦能技術股份有限公司,"Nuwa Pangea CO., LTD.",新北市中和區民樂路45號9樓,盧O志,0937060966,,2025/06/06,2026/03/26,Y,Y
19521727,全順行,"CHUAN,SHUN-HANG Store",新北市八里區中山路1段398巷51弄20號,周O志,,,2025/06/06,2025/12/09,Y,Y
60047074,佳錡商行,Jiaqi Trading Co.,新北市土城區裕生路21巷6弄21號6樓,蔡O惠,,,2025/06/06,2025/12/03,Y,Y
60574238,全能足球訓練有限公司,Total Football Taipei Ltd.,新北市板橋區文化路2段285號21樓,,,,2025/06/06,2025/11/20,N,N
54720287,用舜企業有限公司,"Young shun Enterprise CO., LTD.",新北市樹林區東順街57巷36號（1樓）,李O舜,02-2908-1899,02-2908-1922,2025/06/06,2025/06/17,Y,Y
24692469,上立原科技有限公司,"SHANG LI YUAN TECHNOLOGY CO., LTD",新北市永和區中興街84巷6號(1樓),林O柔,0921881030,,2025/06/06,2025/06/06,Y,Y
60573060,有泉科技建設開發股份有限公司,Yuchuan Technology Architecture Corp.,新北市蘆洲區三民路159號3樓,李O廷,(02)8285-5860,(02)8285-5806,2025/06/06,2025/06/06,Y,Y
60573940,劉恆貿易有限公司,"Liu Heng Trading Co., Ltd.",新北市新店區玫瑰路51巷4之1號2樓,劉O,,,2025/06/06,2025/06/06,Y,Y
60573998,宇盟國際有限公司,"YU MENG MOTOR CO., LTD.",新北市板橋區三民路2段32號3樓,勞O恩,,,2025/06/06,2025/06/06,Y,Y
60696513,嘉紙國際有限公司,"Chia Paper International CO., LTD.",新北市三重區長元街64號2樓,鄭O雲,,,2025/06/06,2025/06/06,Y,Y
60730337,活潑科技有限公司,lively technology LTD.,新北市鶯歌區中正三路335巷13號(2樓),鄭O譯,,,2025/06/06,2025/06/06,N,N
60730343,高馳有限公司,PRIMOTION LTD.,新北市板橋區板新路81巷2號3樓,高O勛,,,2025/06/06,2025/06/06,Y,Y
60730553,泛達資通有限公司,EMMANUEL INFORMATION TECHNOLOGY INC.,新北市新莊區福營路362號4樓,黃O忱,02-66045050,,2025/06/06,2025/06/06,Y,Y
60730771,盛巨昌國際有限公司,"SHENGJUCHANG INTERNATIONAL CO., LTD.",新北市中和區立德街109號7樓,謝O亮,02-22256555,,2025/06/06,2025/06/06,Y,Y
80020432,抖哥娛樂企業社,DOGE ENTERTAINMENT Co.,新北市五股區成泰路1段32巷52號6樓,李O霖,0936064010,,2025/06/06,2025/06/06,Y,Y
83593676,鑫渼國際有限公司,Xin May International Co. Ltd.,新北市中和區力行里圓通路158巷8之1號3樓,何O珍,02-22422826,,2025/06/06,2025/06/06,Y,Y
86433667,航基儀錶股份有限公司,"Hang Ji Yi Biao CO., LTD.",新北市中和區中山路2段85號,廖O玉,02-22408092,02-22401827,2025/06/06,2025/06/06,Y,Y
60697479,易承智科有限公司,"Benyan Enterprise CO., LTD.",新北市汐止區新台五路1段93號21樓之6,張O霖,0932316866,,2025/06/05,2026/06/16,Y,Y
92744936,奥德修斯企業社,Odysseus Company,新北市三重區新北大道1段129號4樓,謝O廷,0916335194,,2025/06/05,2025/09/10,Y,Y
60573961,豈岩國際貿易有限公司,"Kaiyan International Trading CO., LTD.",新北市板橋區四川路1段87巷104號,謝O澤,02-26192996,,2025/06/05,2025/06/12,Y,Y
00093637,耕心希望有限公司,"NewHope International CO., LTD.",新北市樹林區柑園街2段149巷1號2樓,林O丞,02-89668355#10,,2025/06/05,2025/06/05,Y,Y
54036814,鋐運印刷設計有限公司,"Hongyun Printing Design CO., LTD.",新北市中和區中和路26巷9號,楊O義,02-32335777,,2025/06/05,2025/06/05,Y,Y
60697581,卓越鑽針有限公司,"Excellent dental materials CO., LTD.",新北市淡水區學府路175號2樓,張O綾,0987-141772,,2025/06/05,2025/06/05,N,N
60697858,竣麟國際有限公司,"Junlin International CO., LTD.",新北市土城區南天母路53號(1樓),陳O佑,0983977930,,2025/06/05,2025/06/05,Y,Y
60698358,知妍妝品企業股份有限公司,"ChicBeauty Cosmetics CO., LTD.",新北市板橋區文化路1段102號3樓,郭O鑫,,,2025/06/05,2025/06/05,Y,Y
60730857,聖玉國際有限公司,Saint Jade Global LTD.,新北市新莊區萬安街127巷20號4樓,楊O涵,,,2025/06/05,2025/06/05,Y,Y
60730907,欣華盈電子科技有限公司,"HUAYING ELECTRONICS TECHNOLOGY CO., LTD.",新北市三重區光復路2段102巷1之1號,黃O原,02-29992759#699,,2025/06/05,2025/06/05,Y,Y
60730955,聚陽生醫有限公司,"G YOUNG CO., LTD.",新北市新店區寶宏路16號2樓,王O豪,02-89118927#343,,2025/06/05,2025/06/05,Y,Y
60730977,藝境創新股份有限公司,"Aesthetics Environment Interior Design CO., LTD.",新北市板橋區華江一路111號11樓,許O福,,,2025/06/05,2025/06/05,Y,Y
60755076,東展有限公司,"Eastward Expansion CO., LTD.",新北市蘆洲區長安街79號2樓,張O豪,,,2025/06/05,2025/06/05,Y,Y
69432720,愇宸科技有限公司,Wei Chen Inc.,新北市三重區力行路1段89巷12號6樓,陳O菁,,,2025/06/05,2025/06/05,Y,Y
85102823,水色設計有限公司,MIZUIRO Design Co.,新北市新店區安興路105號10樓,林O斌,,,2025/06/05,2025/06/05,Y,Y
93571784,紅芳企業有限公司,"Hongfung Enterprise CO., LTD.",新北市林口區文化二路1段48號,陳O良,,,2025/06/05,2025/06/05,Y,Y
60779859,鈺升有限公司,Yu Infinity LTD.,新北市汐止區忠三街120巷53號(1樓),黎O延鈺,,,2025/06/04,2025/12/09,Y,Y
38557652,薇恩企業社,Weien Sole Proprietorship Boutique,新北市中和區民利街37號(1樓),黃O恩,02-22237416,02-29667383,2025/06/04,2025/06/04,Y,Y
53179665,曜煜企業有限公司,"Pulsar CO., LTD.",新北市樹林區柑園街2段122巷11號6樓,陳O銘,02-35018390,02-35018391,2025/06/04,2025/06/04,Y,Y
54315077,誠龍精密鈑金股份有限公司,"Cheng Long Precision Sheet Metal CO., LTD.",新北市新莊區瓊林南路77之49號,林O育,0226086353,02-26086167,2025/06/04,2025/06/04,Y,Y
60033114,拉總企業社,La Zong Enterprise CO.,新北市淡水區淡金路38巷33號九樓之8,李O潯,,,2025/06/04,2025/06/04,Y,Y
60043865,禾鏷企業社,Hopo Enterprise Co.,新北市蘆洲區長安街194巷12號(1樓),謝O璿,,,2025/06/04,2025/06/04,Y,Y
60573364,蒔邑國際有限公司,HSUIN INTERNATIONAL LTD.,新北市淡水區民權路19號3樓之6,許O強,,,2025/06/04,2025/06/04,Y,Y
60691067,國格技研股份有限公司,"KWO GER TECHNOLOGY RESEARCH CO., LTD.",新北市樹林區武林街3之5號,鄧O貞,,,2025/06/04,2025/06/04,Y,Y
60696675,二哥玩車有限公司,"Brother Motorcycle CO., LTD.",新北市三重區車路頭街29號(1樓),蕭O原,0927115522,,2025/06/04,2025/06/04,Y,Y
60697870,酷珞國際有限公司,"KURA INTERNATIONAL CO., LTD.",新北市汐止區明峰街85號5樓,胡O祺,,,2025/06/04,2025/06/04,Y,Y
60716671,鋒祥有限公司,Tex Edge Solutions Limited,新北市板橋區三民路2段37號23樓之1,江O民,0939900282,,2025/06/04,2025/06/04,Y,Y
60729710,智維亞顧問有限公司,Treviatech Consulting INC.,新北市永和區中山路1段136號3樓,李O林,,,2025/06/04,2025/06/04,Y,Y
83022888,瑞易特有限公司,"Red Engineering Co., Ltd.",新北市樹林區學勤路584號7樓,李O玲,02-26686893,,2025/06/04,2025/06/04,Y,Y
95157683,森瓷設計工作室,SENCI DESIGN CO.,新北市中和區員山路142巷11號2樓,陳O貞,,,2025/06/04,2025/06/04,Y,Y
96830530,京叡先進科技股份有限公司,"Pipexpert CO., LTD.",新北市五股區五工二路107號,李O柔,0965111329,,2025/06/03,2026/09/03,Y,Y
60730293,中藝科技股份有限公司,"ART OF MANDARIN TECHNOLOGY CO., LTD.",新北市汐止區大同路3段188號4樓之1,鍾O仁,02-29009898,02-29008989,2025/06/03,2026/07/03,Y,Y
60572689,喬鑫本顧問工程股份有限公司,"QXB Consulting CO., LTD.",新北市板橋區文化路1段329號4樓,喬O本,,,2025/06/03,2026/06/10,Y,Y
60698414,悠潤家居有限公司,YOROOM LIVING LTD.,新北市板橋區萬板路107號6樓,李O葦,,,2025/06/03,2026/03/17,Y,Y
24947771,振富室內裝修工程有限公司,CHIEN BEST Trading Limited Company,新北市淡水區自立路10號6樓之11,李O萍,0932947055,,2025/06/03,2025/06/03,Y,Y
60046477,馥露蜜美甲設計工作室,flomie nail design Studio,新北市汐止區福安街59巷11號,謝O璇,0926941636,,2025/06/03,2025/06/03,Y,Y
60046552,靜兔佳坊,Maison Celeste Lapin Co.,新北市新莊區新崑路143號5樓,謝O玲,0222786088,,2025/06/03,2025/06/03,N,N
60572941,威風五金貿易有限公司,"WEIFENG METAL TRADING CO., LTD.",新北市三重區重陽路2段18巷2號7樓之3,沈O中,0918670560,,2025/06/03,2025/06/03,Y,Y
60690383,世宸整合行銷有限公司,"SHIH,CHEN Integrated marketing CO., LTD.",新北市中和區勝利路35巷4號2樓,徐O陽,0925905836,,2025/06/03,2025/06/03,Y,Y
60725812,松岩御股份有限公司,"Songyan Yu CO., LTD.",新北市新店區中正路四維巷8弄7號4樓,何O強,,,2025/06/03,2025/06/03,Y,Y
60729789,甡利股份有限公司,"Schnell CO., LTD.",新北市汐止區南興路72號4樓之1,王O福,0286483910,,2025/06/03,2025/06/03,Y,Y
60729872,廷冠食品有限公司,"TING GUAN FOODS CO., LTD.",新北市土城區中華路1段152號4樓,楊O義,02-2266-5899,,2025/06/03,2025/06/03,Y,Y
60730505,兩春創意有限公司,"Two Springs Creative Co., Ltd.",新北市中和區建八路209號14樓,李O青,,,2025/06/03,2025/06/03,Y,Y
60730998,禹韾國際有限公司,"UVIN CO., LTD.",新北市三重區三和路4段118巷15號(1樓),柯O朧,0909680760,,2025/06/03,2025/06/03,Y,Y
60782828,貨易整合電商有限公司,HY E-COMMERCE LTD.,新北市永和區民族街41巷5號2樓,杜O繼,,,2025/06/03,2025/06/03,Y,Y
83097901,宸憶國際有限公司,"CHENE International CO., LTD.",新北市汐止區中興路95號7樓之2,林O,04-23222880,,2025/06/03,2025/06/03,Y,Y
89117427,艾蒂家居股份有限公司,IDEA SOFA CORP.,新北市板橋區文化路1段333號7樓,鄧O慈,(02)7755-3676,,2025/06/03,2025/06/03,Y,Y
90629306,暖暖創意顧問有限公司,"NUAN NUAN CREATIVE CONSULTANTS CO., LTD.",新北市中和區景平路736巷1弄1號2樓,傅O,0978218316,,2025/06/03,2025/06/03,Y,Y
93572637,悠然投資有限公司,"Carefree Investment CO., LTD.",新北市新店區中央路155號7樓之2,林O智,02-25475031,02-25468482,2025/06/03,2025/06/03,Y,Y
94223193,啟沃科技有限公司,Keep Working Technology LTD.,新北市樹林區新興街19巷34弄40號5樓,林O子,0226851353,,2025/06/03,2025/06/03,Y,Y
00120677,台灣谷季股份有限公司五股分公司,"Taiwan Guji CO., LTD. Wugu Branch",新北市五股區五工三路116巷9號(3樓),林O穗,,,2025/06/02,2025/06/02,Y,Y
60730441,加明心有限公司,JAMING HEART LIMITED,新北市五股區御史路89號8樓,羅O慧,02-85216786,,2025/06/02,2025/06/02,Y,Y
60730651,有盼望股份有限公司,"With Hope CO., LTD.",新北市中和區景平路569號4樓,管O明,,,2025/06/02,2025/06/02,Y,Y
60730809,光冉文藝有限公司,"Kongran Co., Ltd.",新北市永和區福和路198巷1弄2號,林O文,,,2025/06/02,2025/06/02,Y,Y
60730934,沃璞科技有限公司,"Innovarc Co., Ltd.",新北市土城區學府路1段126巷32號,呂O婉,,,2025/06/02,2025/06/02,Y,Y
80028531,竑興企業社,Hung Hsing Co.,新北市新店區北宜路2段82之5號2樓,朱O興,0937957337,,2025/06/02,2025/06/02,Y,Y
83077145,誠躍顧問有限公司,Cheng-Yue Consultant INC.,新北市樹林區三俊街74巷16號,嚴O進,02-85311707,,2025/06/02,2025/06/02,Y,Y
94873576,軒轉視界工作室,HSUAN VISION CHUNG MINGHSUAN STUDIO,新北市泰山區明志路1段320之2號10樓,鍾O軒,0939825809,,2025/06/02,2025/06/02,Y,Y
60028695,娜個吉莉的企業社,THAT LUCKY STORE,新北市林口區麗園一街6巷3號7樓之1,林O麗,,,2025/06/01,2025/06/01,Y,Y
60729985,文誠有限公司,"Wincher INTERNATIONAL TRADE CO., LIMITED",新北市三重區福德南路41號2樓,蔡O騰,0955792822,,2025/05/30,2025/05/30,Y,Y
53523267,赫澤特實業有限公司,"Heze Special Industrial CO., LTD.",新北市土城區大暖路152號,林O鋒,02-22683880,,2025/05/29,2026/08/12,Y,Y
00022937,韋維棋國際有限公司,Weiweichi Limited Company,新北市瑞芳區大埔路東泰新村22號3樓,辜O懷,02-22257033,,2025/05/29,2025/05/29,Y,Y
00029559,文元玻璃有限公司,"Wenyuan Glass CO., LTD.",新北市新店區安興路127之3號,陳O娥,,,2025/05/29,2025/05/29,Y,Y
60729633,十浩工程有限公司,SHIHAO ENGINEERING LTD.,新北市板橋區縣民大道3段270巷12號,劉O君,0981095155,,2025/05/29,2025/05/29,Y,Y
90039786,萊好禮國際有限公司,Mr.Gift LTD.,新北市汐止區新台五路1段97號27樓之7,林O弘,02-86931526,,2025/05/29,2025/05/29,Y,Y
60792473,隼丞實業有限公司,"POROS CONTROLS ASSEMBLY CO., LTD.",新北市汐止區大同路3段188號9樓,林O玄,02-77027852,,2025/05/28,2026/07/22,Y,Y
52941714,巨旭能源科技有限公司,Eterno Solar Energy LLC.,新北市新店區中央路155號15樓之9,林O展,02-89137556,,2025/05/28,2026/01/14,Y,Y
94209312,屏益有限公司,Pingy Care LLC.,新北市板橋區五權街32巷18號,顏O屏,,,2025/05/28,2025/06/27,Y,Y
90171031,智慧光源國際有限公司,Smart Light Source LTD.,新北市新莊區鳳山街24巷5號,張O偉,02-29023388,02-29020118,2025/05/28,2025/06/05,Y,Y
24428927,榮浩科技有限公司,ronhao LTD.,新北市鶯歌區鶯桃路658巷37弄17號1樓,宋O宏,0930060283,,2025/05/28,2025/05/28,Y,Y
54714089,方橙式資訊顧問有限公司,Funorange Information Consulting LTD.,新北市板橋區三民路2段37號23樓之1,陳O健,02-22547139,,2025/05/28,2025/05/28,Y,Y
60684164,騏峰生技醫材股份有限公司,Chi Feng Medical CORP.,新北市樹林區佳園路2段15巷11號(1樓),蔡O進,02-35017479,02-89701448,2025/05/28,2025/05/28,Y,Y
60696859,瑞保有限公司,"REBO TECHNOLOGY CO., LTD.",新北市中和區立德街122號4樓,楊O玲,,,2025/05/28,2025/05/28,Y,Y
60730575,全成顧問有限公司,"INTEGRAL STERLING SOLUTIONS CO., LTD.",新北市三重區重新路4段53號18樓,鄭O翔,,,2025/05/28,2025/05/28,Y,Y
60755337,樂田生技股份有限公司,"EDEN BIO CO., LTD.",新北市五股區成泰路3段20號,王O翰,02-2292-1753,,2025/05/28,2025/05/28,Y,Y
60782051,融合有限公司,"Fusion CO., LTD.",新北市林口區仁愛路2段502號4樓之2,盧O璁,0937923168,,2025/05/28,2025/05/28,Y,Y
60782643,黃色文創影視有限公司,"Central Production Co., Ltd.",新北市汐止區樟樹一路1巷21號6樓,黃O蓉,,,2025/05/28,2025/05/28,Y,Y
60782952,墨菲家居有限公司,"Mon Fin Home CO., LTD.",新北市板橋區板新路57號3樓之2,梁O慧,,,2025/05/28,2025/05/28,N,N
89284846,創行資本管理顧問股份有限公司,"Ace Venture Capital Management Consulting CO., LTD.",新北市中和區中山路2段332巷3號11樓,楊O媛,,,2025/05/28,2025/05/28,Y,Y
90369174,台灣黑盾科技有限公司,"TAIWAN BLACK SHIELD TECHNOLOGY CO., LTD.",新北市板橋區館前東路144號3樓,張O雄,,,2025/05/28,2025/05/28,N,N
96838940,昕德股份有限公司,"SIN DE CO., LTD.",新北市林口區文化北路1段58號2樓(3層),鄧O維,,,2025/05/28,2025/05/28,Y,Y
60767381,聯兆科技股份有限公司,"Union trillion technology Co., Ltd.",新北市中和區景平路2號6樓之10,謝O瑋,03-5751808,,2025/05/27,2026/06/30,Y,Y
96839151,誠荃工程股份有限公司,"CCE-RFM CO., LTD.",新北市汐止區康寧街281號2樓,李O聲,02-26956759,,2025/05/27,2026/04/18,Y,Y
60697288,杰根全球貿易有限公司,"Jieconnect Global Trade CO., LTD.",新北市新莊區富貴路492號6樓,COenliRejie,,,2025/05/27,2026/04/08,N,N
00203661,億斯特影視傳媒有限公司,EST FILM AND TELEVISION MEDIA LTD.,新北市淡水區民權路27號4樓,陳O豪,,,2025/05/27,2026/03/11,Y,Y
60697365,昕鼎智能股份有限公司,"AUREVIA Capital Co., Ltd.",新北市汐止區新台五路1段93號21樓之2,常O瑋,,,2025/05/27,2026/03/03,Y,Y
54641376,信和傳媒股份有限公司,Sino Digital Media Corporation,新北市中和區中正路716號10樓之1,江O典,,,2025/05/27,2025/12/18,N,N
00232119,元富烘焙有限公司,"Kenbakery co.,ltd.",新北市中和區建一路83號4樓,周O如,,,2025/05/27,2025/05/27,Y,Y
60698081,鄉音行銷有限公司,"SHAUN YIN MARKETING CO., LTD.",新北市汐止區忠三街37巷11號3樓,羅O君,,,2025/05/27,2025/05/27,Y,Y
60698370,宏心貿易有限公司,"Hong Xin Trading CO., LTD.",新北市新莊區昌平街59巷20號7樓,宋O和,,,2025/05/27,2025/05/27,Y,Y
60730110,昱豐國際企業有限公司,"Yu Feng International Co., Ltd.",新北市中和區新生街242巷11弄8號,蕭O雯,,,2025/05/27,2025/05/27,Y,Y
60782572,彩寶獵人有限公司,"Fancy Gem Hunter Co., Ltd.",新北市鶯歌區尖山路260之2號9樓,許O鴻,,,2025/05/27,2025/05/27,Y,Y
90322930,台灣頭家生技有限公司,TAIWAN BOSS BIOTECH LTD.,新北市淡水區民權路27號(4樓),陳O豪,,,2025/05/27,2025/05/27,Y,Y
91221235,吾良品企業社,"WU,LIANG-PIN Company",新北市淡水區水源街2段177巷104號6樓,陳O銘,,,2025/05/27,2025/05/27,Y,Y
91717539,紅火娛樂工作室,RedKai Studio,新北市板橋區莊敬路121號2樓,張O愷,0927265977,,2025/05/27,2025/05/27,Y,Y
60782550,沐湘國際有限公司,"Moo Xiang CO., LTD.",新北市新莊區化成路113巷34號(2樓),林O淋,0958619151,,2025/05/26,2026/04/16,Y,Y
00102538,台灣大除碳綠能股份有限公司,Taiwan carbon cleaning company,新北市新莊區五工路84號2樓,許O雄,02-2251-5893,,2025/05/26,2026/03/28,Y,Y
60729922,索維新材料有限公司,"Solvix Materials Co., Ltd.",新北市蘆洲區三民路26巷31弄4號(1樓),,,,2025/05/26,2025/10/03,N,N
54791395,弘驛企業有限公司,"HONG YI INTERNATIONAL CO., LTD.",新北市板橋區金門街297巷15號11樓,陳O其,0925-087369,,2025/05/26,2025/09/27,Y,Y
00191551,新泰旅居文旅股份有限公司,"HUB HOTEL XINTAI CO., LTD.",新北市泰山區中港西路455、456號,魏O富,,,2025/05/26,2025/05/26,Y,Y
53725046,宏羿布業有限公司,hungyi Co.,新北市樹林區西圳街1段94號5樓,饒O斌,,,2025/05/26,2025/05/26,Y,Y
60004976,郁承企業社,Yu-Cheng Store,新北市林口區文化二路1段20巷9號3樓,錡O宏,0966392058,,2025/05/26,2025/05/26,Y,Y
60691215,晟博智慧科技有限公司,ADVANCED WISDOM TECHNOLOGY LTD.,新北市林口區東明一街1巷19號(1樓),陳O榮,02-25416969,,2025/05/26,2025/05/26,N,N
60697175,齊九實業有限公司,"QiJiu Industrial CO., LTD.",新北市土城區學府路1段20巷20號3樓,詹O厚,0989875958,,2025/05/26,2025/05/26,Y,Y
60697421,勝世空間有限公司,"VictoSpace CO., LTD.",新北市淡水區民權路69號12樓之4,徐O勝,0966141913,,2025/05/26,2025/05/26,Y,Y
60756271,瀚佳新材料股份有限公司,"HANJIA NEW MATERIALS CO., LTD.",新北市新莊區公園路77號(1樓),康O崴,02-25526008,,2025/05/26,2025/05/26,Y,Y
83161261,頂超生技有限公司,"Dingchao Biotech CO., LTD.",新北市中和區中正路868之1號11樓,李O舜,02-22258359,,2025/05/26,2025/05/26,Y,Y
85126374,鋐緯實業股份有限公司,"HONG WEI TECH INDUSTRIAL CO., LTD.",新北市板橋區大智街71巷27弄1之2號,徐O銘,,,2025/05/26,2025/05/26,Y,Y
91253361,穎新兒童服飾工作室,Magical Kidswear Studio,新北市永和區環河西路2段187號21樓之6,楊O如,0968960968,,2025/05/26,2025/05/26,Y,Y
93538287,綠島冰川水國際有限公司,Green Island glacier LTD.,新北市板橋區中正路253巷61弄1號5樓,汪O傑,,,2025/05/26,2025/05/26,Y,Y
60697739,力能精密智造股份有限公司,LITE-ON Thermal Management Corporation,新北市樹林區東豐街87巷6號3樓,張O松,,,2025/05/23,2026/09/02,Y,Y
83051573,安美洛生醫股份有限公司,"Amelio Biomedical CO., LTD.",新北市汐止區康寧街169巷29之1號4樓之3,陳O融,(02)26955297,(02)26953697,2025/05/23,2026/01/24,Y,Y
28933518,台聯建材有限公司,T-Union Materials Corporation,新北市板橋區中山路2段50之1號10樓,林O偉,85316118,,2025/05/23,2025/10/31,Y,Y
93621855,力美科研有限公司,"PowerBeautyScience CO., LTD.",新北市汐止區樟樹二路288號5樓,王O欽,0963078738,,2025/05/23,2025/09/09,Y,Y
45901687,佑承國際有限公司,"Yo Cheng International CO., LTD.",新北市板橋區信義路150巷1弄12之1號(2樓),李O泰,26772108,26772138,2025/05/23,2025/05/23,Y,Y
48703789,社團法人台北市菩提果學佛會,Taipei Buddhi Dharma Association,新北市永和區永和路1段110巷8號4樓,吳O玲,02229213003,,2025/05/23,2025/05/23,Y,Y
54870074,憲睿國際有限公司,"Xianrui International CO., LTD.",新北市三重區重安街102號12樓,鄭O珊,02- 29736099,02-29040212,2025/05/23,2025/05/23,Y,Y
60697549,衣品實業有限公司,"Yii Pin Industrial CO., LTD.",新北市板橋區民生路3段252號17樓之1,陳O叡,02-22549268,,2025/05/23,2025/05/23,Y,Y
60697822,風源科技有限公司,"Coolflow Technology CO., LTD.",新北市新店區安興路123號(1樓),陳O漢,,,2025/05/23,2025/05/23,Y,Y
60740200,豐華健康有限公司,Fong Hua Health LTD.,新北市新莊區思源路400號3樓,陳O如,,,2025/05/23,2025/05/23,Y,Y
60780379,和源森股份有限公司,"Awesome Innovation Co.,Ltd.",新北市新莊區五權一路13之3號,葉O宏,,,2025/05/23,2025/05/23,Y,Y
83287698,優集創意有限公司,"UJi Creative CO., LTD.",新北市新店區竹林路2巷33號,連O昌,,,2025/05/23,2025/05/23,Y,Y
90386639,昀憲國際貿易有限公司,"YUNXIAN INTERNATIONAL TRADING CO., LTD.",新北市新莊區中正路706之39號9樓,陳O憲,0226883801,0226885168,2025/05/23,2025/05/23,Y,Y
91418785,鯨獅國際企業社,Whale Lion International Company,新北市永和區雙和街64巷22弄1號4樓,陳O德,,,2025/05/23,2025/05/23,Y,Y
94130266,厚德輪動有限公司,HOLDER POWER LTD.,新北市三重區新北大道2段166號之1,謝O德,02-85111258,,2025/05/23,2025/05/23,Y,Y
96838174,吉利仕健康有限公司,"Guiness Steel CO., LTD.",新北市三峽區文化路65巷2號地下一層,廖O麟,0955405090,,2025/05/23,2025/05/23,Y,Y
83037685,恩傳有限公司,LeGracy Limited Company.,新北市板橋區信義路243號9樓,李O鈞,,,2025/05/22,2026/03/28,Y,Y
60750234,艾故豪傢飾有限公司,"iGOHOME furnishings CO., LTD.",新北市三重區中正北路15號5樓,,02-26719488,,2025/05/22,2025/11/04,N,N
00251163,富瑋有限公司,"fuwei CO., LTD.",新北市中和區景新街338號12樓,黃O瑋,,,2025/05/22,2025/05/22,Y,Y
54725065,倈德實業有限公司,"LIDER METAL CO., LTD.",新北市新莊區新北大道7段430號5樓,吳O倫,02-29037188,02-29037136,2025/05/22,2025/05/22,Y,Y
60033183,財益企業社,Caiyi Company,新北市蘆洲區仁愛街35巷14弄3號4樓,吳O瑄,02-29997800,,2025/05/22,2025/05/22,Y,Y
60043204,苳夏工作室,Tung Hsia Studio,新北市新莊區豐年街130巷8號3樓,李O祐,,,2025/05/22,2025/05/22,N,N
60691622,鉌軒汽車材料有限公司,"Hexuan Auto Parts CO., LTD.",新北市新莊區民安西路252巷10號3樓,林O培,0982727327,,2025/05/22,2025/05/22,Y,Y
60698168,煦展股份有限公司,"XUZHAN CO., LTD.",新北市土城區永安街27號,黃O偉,0970091150,,2025/05/22,2025/05/22,Y,Y
60783158,飛汰實業有限公司,"VEETOR CO.,LTD",新北市泰山區泰林路2段292巷13號(2樓),黃O航,,,2025/05/22,2025/05/22,Y,Y
83631833,允智科技有限公司,"AI Pioneers CO., LTD.",新北市中和區圓通路305巷5弄62號4樓,張O文,02-22408402,02-22408402,2025/05/22,2025/05/22,Y,Y
90214221,昀揚企業有限公司,"yonyang CO., LTD.",新北市中和區景平路763號7樓之2,曹O龍,02-22456528,02-22456528,2025/05/22,2025/05/22,Y,Y
90298782,歐兔國際有限公司,"O-Two International CO., LTD.",新北市中和區中正路736號14樓之3,巫O儒,0966426434,,2025/05/22,2025/05/22,Y,Y
94866189,貓老大企業社,Catboss CO.,新北市三芝區三民街39巷16號,李O瑩,,,2025/05/22,2025/05/22,Y,Y
95481648,鑫進新能源股份有限公司,"XINJIN NEW ENERGY CO., LTD.",新北市新莊區五權一路1號之5（1樓）,許O德,02-2298-4666,,2025/05/22,2025/05/22,Y,Y
60696555,菲凱有限公司,"SPRING MOON CO., LTD.",新北市三重區車路頭街71號3樓,董O地,,,2025/05/21,2026/06/23,Y,Y
60783164,福達國際有限公司,"FudaLink International CO., LTD.",新北市汐止區大同路1段425號3樓,李O倫,,,2025/05/21,2026/04/30,Y,Y
14879676,歐法實業社,EUFAS Company,新北市永和區豫溪街191巷1弄10號,胡O雄,0933239409,,2025/05/21,2025/05/21,Y,Y
16498547,安麗科技有限公司,"ANLI TECHNOLOGY CO., LTD.",新北市土城區中央路1段65之1號(1樓),詹O珠,02-22607122,,2025/05/21,2025/05/21,Y,Y
24251907,千奧有限公司,"CHIEN AO COMPANY., LTD.",新北市林口區工七路13號,彭O青,02-26020071,02-26022174,2025/05/21,2025/05/21,Y,Y
42636026,幻象國際企業有限公司,"Huan xiang international CO., LTD.",新北市新莊區富貴路492號6樓,陳O翰,02-22020236,,2025/05/21,2025/05/21,Y,Y
42642532,好的運動股份有限公司,"Nice Sports CO., LTD.",新北市中和區錦和路388號2樓,張O雄,,,2025/05/21,2025/05/21,Y,Y
60697323,豐力碩企業有限公司,"King Harper Enterprise CO., LTD.",新北市新莊區新知三路61號3樓,馬O壯,0979698688,,2025/05/21,2025/05/21,Y,Y
60779458,星禾家居貿易有限公司,"Star Co Living Trade CO., LTD.",新北市板橋區松江街60巷4號,張O吾,0958588629,,2025/05/21,2025/05/21,Y,Y
93619181,蒔秦文化藝術工作室有限公司,"Seed Fine-art Conservation Studio CO., LTD.",新北市新店區中央路153號18樓之21,汪O涵,0930175899,,2025/05/21,2025/05/21,Y,Y
93762572,興澤國際有限公司,SHING TSE INTERNATIONAL Ltd.,新北市泰山區全興路216之1號3樓,黃O澤,034707171,034706767,2025/05/21,2025/05/21,Y,Y
96817311,上裕鑫工程有限公司,Shang Yu Xin Engineering LTD.,新北市三重區光復路1段61巷15號(1樓),陳O瑋,02-6605-0508,02-2992-7789,2025/05/21,2025/05/21,Y,Y
60696871,可可蒙奇有限公司,"KOKOMONKI CO., LTD.",新北市五股區五權五路27號6樓,曾O儀,0955116617,,2025/05/20,2025/11/19,Y,Y
00096389,川禾企業管理顧問有限公司,"Harvesting Business Consulting CO., LTD.",新北市新莊區中正路829巷22弄26號7樓,郭O智,,,2025/05/20,2025/05/20,Y,Y
24734664,玩劇娛樂國際股份有限公司,"Play Drama Entertainment International CO., LTD.",新北市中和區連城路99巷7號2樓,張O翡,0912210345,,2025/05/20,2025/05/20,Y,Y
27419886,三穎建設開發股份有限公司,"SAN YING CONSTRUCTION DEVELOPMENT CO., LTD.",新北市中和區中山路2段348巷2號9樓,沈O霖,,,2025/05/20,2025/05/20,Y,Y
53748462,曜全國際股份有限公司,YAO CHUAN INTERNATIONAL CORP. LTD.,新北市新莊區化成路11巷25弄3號,曾O庭,,,2025/05/20,2025/05/20,Y,Y
60041254,娃歐拉花所,Waora Floral Co.,新北市板橋區環河西路5段163號13樓,李O伶,,,2025/05/20,2025/05/20,N,N
60043078,生發源商行,ShengFaYuan Co.,新北市瑞芳區魚坑路66之1號2樓,周O帆,0953631618,,2025/05/20,2025/05/20,Y,Y
60684967,機匯國際物流有限公司,"OPPORLINK INTERNATIONAL CO., LTD.",新北市新莊區後港一路175號6樓之1,劉O宏,0277305392,,2025/05/20,2025/05/20,Y,Y
60690546,三六九企業有限公司,"SAN LIU JIU Enterprises CO., LTD.",新北市板橋區大同街8巷6號5樓,陳O興,,,2025/05/20,2025/05/20,Y,Y
60690861,需要載劇有限公司,Scene It All Limited Company,新北市中和區連城路99巷7號2樓,張O翡,,,2025/05/20,2025/05/20,Y,Y
60696696,方舟生醫有限公司,Ark BioMed Inc.,新北市林口區仁愛路1段159巷33號,何O貞,,,2025/05/20,2025/05/20,Y,Y
80212759,慈德精密股份有限公司,"TZU TE PRECISION CO., LTD.",新北市林口區工九路23號,葉O男,02-26018818,02-26015595,2025/05/20,2025/05/20,Y,Y
85423557,米樂數位館,Miller Digital Store,新北市中和區中山路3段217號,陳O君,02-29568998,,2025/05/20,2025/05/20,Y,Y
90262927,沐檠企業有限公司,"Mujing CO., LTD.",新北市林口區文化北路1段542巷8號4樓,石O芳,0930964973,,2025/05/20,2025/05/20,Y,Y
91780737,唯米企業社,Weimi Enterprise Store,新北市中和區中山路3段219號,陳O誌,02-29568998,,2025/05/20,2025/05/20,Y,Y
92543760,暖暖小鋪,GLENRICH Store,新北市淡水區學府路102巷123號6樓,董O龍,0932181495,,2025/05/20,2025/05/20,Y,Y
93539309,炘鴻實業有限公司,Blaza Company Limited,新北市淡水區民生路144號,張O嘉,02-27374077,02-27373782,2025/05/20,2025/05/20,Y,Y
94095009,撼動創造股份有限公司,"HANDLE LIVE CO., LTD.",新北市板橋區四川路1段23號9樓之2,呂O紘,02-27196799,,2025/05/20,2025/05/20,Y,Y
94226240,亦方科技有限公司,"I-FANG TECHNOLOGY CO., LTD.",新北市林口區仁愛路1段342號5樓之2,黃O元,0931-939328,,2025/05/20,2025/05/20,Y,Y
60684495,三億智能科技有限公司,3E Smart Home technology LTD.,新北市中和區橋和路122號13樓之2,涂O浩,02-29266999,,2025/05/19,2026/07/17,Y,Y
60793347,新視界光動力醫學科技股份有限公司,"A-laser Medicine CO., LTD.",新北市中和區橋和路88號5樓,黃O捷,0920224766,,2025/05/19,2026/04/09,Y,Y
53426960,奕嘉機電有限公司,"YI JYA MACHINERY CO., LTD.",新北市三重區新北大道2段139巷3號,蔡O臻,02-85317288,,2025/05/19,2026/01/23,Y,Y
60783299,臻至科技有限公司,"Alpenglow Tek CO., LTD.",新北市新莊區立信一街32號,陳O揚,02-8991-5872,,2025/05/19,2025/12/31,Y,Y
60696767,黃寶石有限公司,Golden Sapphire Company Limited,新北市板橋區南雅南路1段71號,李O賢,02-29669009,,2025/05/19,2025/12/27,Y,Y
60749954,奇毅達有限公司,"QIYIDA CO., LTD.",新北市泰山區義東街10號8樓,,02-22960091,,2025/05/19,2025/10/08,N,N
60696957,德毅汽車材料有限公司,DE-YI AUTOMOBILE PARTS CO. LTD,新北市樹林區保安街2段2之1號10樓,李O億,,,2025/05/19,2025/06/26,Y,Y
60734925,朗宏貿易有限公司,"Orivista Trading CO.,LTD.",新北市汐止區大同路1段497號4樓之3,朱O恩,0972947673,,2025/05/19,2025/06/06,Y,Y
00057436,荷包行銷股份有限公司,"Herbaomama Digital Content CO., LTD.",新北市中和區中山路2段264巷6號3樓,王O彥,,,2025/05/19,2025/05/19,Y,Y
22304689,天威機械工業有限公司,"TEKWELL MACHINERY CO., LTD.",新北市淡水區小中寮9之4號,何O焱,02-28012003,,2025/05/19,2025/05/19,Y,Y
24693024,德欣冷凍空調設備有限公司,DerXin Refrigerated Air Conditioning Equipment LTD.,新北市土城區承天路83之9號,張O煒,02-22672020,02-22677500,2025/05/19,2025/05/19,Y,Y
60691030,禾茗實業有限公司,"HOMING ENTERPRISE CO., LTD.",新北市深坑區北深路3段155巷17號3樓,葉O月,02-29390080,,2025/05/19,2025/05/19,Y,Y
60696561,昆林貿易有限公司,"Kunlin Trading CO., LTD.",新北市新莊區富貴路492號6樓,蔡O霖,0917812350,,2025/05/19,2025/05/19,Y,Y
60697127,曜澤宸際有限公司,TrueNova Company Limited,新北市中和區莒光路84巷19號2樓,龔O學,0968286078,,2025/05/19,2025/05/19,Y,Y
60756413,慧高顧問有限公司,HiQ Consulting Taiwan LTD.,新北市林口區文化二路1段390號5樓,亓O安,,,2025/05/19,2025/05/19,Y,Y
85341325,北區機械實業社,North District Machinery Industry Co.,新北市土城區承天路73號(1樓),陳O君,02-29686141,,2025/05/19,2025/05/19,Y,Y
95157641,艾格薛爾數位工作室,Eggshell Digital Studio,新北市新莊區新北大道7段429號23樓,陳O華,0910303069,,2025/05/19,2025/05/19,Y,Y
95460405,華橙科技股份有限公司,"Ai-Amal Technology Co., Ltd",新北市樹林區樹新路17號3樓之3,陳O吉,0922620992,,2025/05/19,2025/05/19,N,N
96842917,昇諾醫材股份有限公司,"CelerMed Biomaterial CO., LTD.",新北市汐止區康寧街169巷29之1號10樓、10樓之3,劉O維,02-26921968,02-26921225,2025/05/19,2025/05/19,Y,Y
60782910,為什麼兒童哲學股份有限公司,Why Children Philosophy Company Limited,新北市新店區行政街17巷2號(1樓),周O鵑,0968870237,,2025/05/16,2025/12/30,Y,Y
60696703,禾圓餐飲股份有限公司,"HeYuan F&B CO., LTD.",新北市樹林區三俊街74巷43號,彭O智,,,2025/05/16,2025/06/04,Y,Y
90439642,通利洋運通有限公司,"TONGLIYANG CO., LTD.",新北市板橋區中山路1段283巷20號3樓,方O鈞,03-3220778,,2025/05/16,2025/05/29,Y,Y
00089900,永恆珠寶有限公司,"Eternal Jewelry CO., LTD.",新北市板橋區中山路1段1號13樓之26,張O仟,0903-058-287,,2025/05/16,2025/05/16,Y,Y
50840866,大王租賃有限公司,"DA WANG CO., LTD.",新北市永和區永和路2段57號4樓,干O俊,02-2906-1015,,2025/05/16,2025/05/16,Y,Y
60685190,煦樂生活有限公司,"Soola Living CO., LTD.",新北市新店區民權路108號地下一層,廖O婷,,,2025/05/16,2025/05/16,Y,Y
60716308,了了精選有限公司,"THE NIR CONCEPT CO., LTD.",新北市中和區大仁街10巷9弄9號4樓,曹O瓊,0986823580,,2025/05/16,2025/05/16,Y,Y
60755982,新長城國際有限公司,GREATWALL INTERNATIONAL LIMITED,新北市汐止區新台五路1段97號31樓之5,林O安,,,2025/05/16,2025/05/16,Y,Y
60779372,鹿谷林業有限公司,"Bucks Valley Forestry CO., LTD.",新北市林口區文化二路一段390號6樓,蕭O哲,0933836815,,2025/05/16,2025/05/16,Y,Y
60782783,迅邦電子科技股份有限公司,"Thernova Technology CO., LTD.",新北市新莊區建中街73號4樓,葉O廷,0937406911,,2025/05/16,2025/05/16,Y,Y
90445172,長偉有限公司,"GREAT INTERNATIONAL CO., LTD",新北市汐止區汐碇路32號10樓,李O偉,0913090000,,2025/05/16,2025/05/16,Y,Y
93492830,大一實業有限公司,"D.E. INDUSTRIES CO., LTD.",新北市新店區民生路158巷72號,林O萱,,,2025/05/16,2025/05/16,Y,Y
93795460,韓富洋股份有限公司,KORICH CORP.,新北市泰山區新北大道6段399號3樓,朴O奎,,,2025/05/16,2025/05/16,Y,Y
94241191,浩繁貿易有限公司,"Ho Fan Trading CO., LTD.",新北市蘆洲區和平路121巷14弄10號4樓,許O龍,03-8350223,,2025/05/16,2025/05/16,Y,Y
60780075,宜福草本有限公司,"One Fine Day Living CO., LTD.",新北市汐止區新台五路1段93號21樓之6,蔡O桐,0966525551,,2025/05/15,2026/05/30,Y,Y
96846625,汎宸室內裝修有限公司,"VanChamp Interior Design CO., LTD.",新北市新莊區思源路192巷66號8樓,吳O忠,,,2025/05/15,2026/05/29,Y,Y
60756173,漢昇數位科技有限公司,Xummit HiTek Solutions CORP.,新北市新店區安興路127之13號8樓,,,,2025/05/15,2026/05/14,N,N
70698162,冠宇清潔有限公司,Kuanyu Cleaning Ltd.,新北市汐止區康寧街169巷8之6號2樓,馬O茲麻子,,,2025/05/15,2025/06/07,Y,Y
23860234,慶昌有限公司,"CHING-CHANG Chemical Material CO., LTD.",新北市三重區長樂街7號3樓,陳O玉,02-29723915,02-29772366,2025/05/15,2025/05/27,Y,Y
12655974,睿連環境工程有限公司,JUILIEN Environmental Engineering Ltd.,新北市汐止區康寧街169巷8之6號2樓,馬O兹麻子,,,2025/05/15,2025/05/19,Y,Y
42251366,鑫田企業社,Xintian Enterprise Society Company,新北市板橋區四川路2段243號14樓之1,張O文,,,2025/05/15,2025/05/15,Y,Y
54298540,四國金屬工業股份有限公司,"SI GUO METAL INDUSTRIAL CO., LTD.",新北市新店區和成街15巷31號,鄭O文,2215-7717,,2025/05/15,2025/05/15,Y,Y
54304557,鉅立恩有限公司,Giulian LTD.,新北市新莊區新樹路561號,邱O能,,,2025/05/15,2025/05/15,Y,Y
60783093,微光初有限公司,"Gloww & CO., LTD.",新北市土城區學士路18巷10號11樓,周O婷,0928607570,,2025/05/15,2025/05/15,Y,Y
60783278,彩雅實業有限公司,"Beauty Colour Industrial Co., Ltd.",新北市汐止區新台五路1段99號19樓之12,張O琳,02-26971515,,2025/05/15,2025/05/15,Y,Y
85132805,鑫鴻汽車企業有限公司,"Sinhong Automobile Enterprise CO., LTD.",新北市泰山區明志路1段352巷4號7樓,邱O華,,,2025/05/15,2025/05/15,Y,Y
90676449,晟譁科技股份有限公司,"SHENGHUA TECHNOLOGY ELECTRONIC CO., LTD.",新北市三重區中興北街193之2號(6樓),韓O男,,,2025/05/15,2025/05/15,Y,Y
91070594,昶合企業有限公司,"Chang He Enterprise Co., Ltd.",新北市三峽區中正路1段174巷4弄36之2號4樓,王O和,02-26736305,02-2673-2339,2025/05/15,2025/05/15,Y,Y
94233283,土星稼源股份有限公司,"BiomassPower technology CO., LTD.",新北市中和區板南路655號17樓,楊O鴻,04-7910852,,2025/05/14,2026/03/06,Y,Y
60748913,堤那企業有限公司,"Tinacherry international CO., LTD.",新北市新莊區中華路2段7號7樓,,,,2025/05/14,2025/08/28,N,N
42734722,百繐餐飲有限公司,"Baiqi Catering CO., LTD.",新北市新店區民權路161號4樓,彭O蓉,0222565115,0222565115,2025/05/14,2025/05/30,Y,Y
31126911,中福營造股份有限公司,"Chung Fu Construction CO., LTD.",新北市新莊區中華路3段216、218、222、226號6樓,唐O傑,02-22919930#2313,,2025/05/14,2025/05/14,Y,Y
60027160,睿栯企業社,RUEIYU Company,新北市五股區成泰路2段90號,王O元,02-2295-2480,,2025/05/14,2025/05/14,Y,Y
60035295,冬日工作室,Winter Company,新北市三重區力行路2段3號3樓,吳O,,,2025/05/14,2025/05/14,Y,Y
60690454,合升金有限公司,Corich company,新北市土城區水源街81巷16號3樓,徐O冠,02-82610902,,2025/05/14,2025/05/14,Y,Y
60691377,創新生化科技有限公司,Biotechnology INNO+ LTD.,新北市板橋區雨農路27巷5號5樓,廖O宇,0919786101,,2025/05/14,2025/05/14,Y,Y
60691593,弘暐開發股份有限公司,Universe development CORP.,新北市新店區達觀路14巷5號11樓,黃O芳,02-22232858,,2025/05/14,2025/05/14,Y,Y
60708243,尚旂股份有限公司,"SQI TECH CO., LTD.",新北市三重區和平街18號,黃O萍,,,2025/05/14,2025/05/14,Y,Y
60756357,千目木商業有限公司,Chimumun Company Limited,新北市中和區中正路736號14樓之3,陳O銘,02/28217858,,2025/05/14,2025/05/14,Y,Y
60780069,傑展國際名品有限公司,"Chieh Luxury International CO., LTD.",新北市新莊區建國一路318號3樓,沈O傑,02-85011062,02-25070210,2025/05/14,2025/05/14,Y,Y
60780309,磐信實業有限公司,Tfaith Enterprise. LTD.,新北市泰山區民權街39號9樓,陳O樹,02-29097290,,2025/05/14,2025/05/14,Y,Y
60780568,佑廷國際有限公司,You Ting Industrial Co.,新北市新店區安興路105號5樓之2,許O廷,,,2025/05/14,2025/05/14,Y,Y
60782377,孟辰資產管理有限公司,"Mengchen Asset Management CO., LTD.",新北市永和區成功路2段56號2樓之1,簡O辰,,,2025/05/14,2025/05/14,N,N
60782539,禾永企業有限公司,"He Yong Co., Ltd.",新北市永和區保平路214巷10弄2號(1樓),許O竣,,,2025/05/14,2025/05/14,Y,Y
68214177,台灣新南向留遊學代辦有限公司,TNSMB Limited,新北市板橋區文化路2段88號5樓,賴O吟,02-66372840#201,02-22571818,2025/05/14,2025/05/14,Y,Y
90569433,綠康生技有限公司,BIONATURE Company,新北市三重區新北大道1段123號11樓,吳O宸,,,2025/05/14,2025/05/14,Y,Y
93570194,十步堂股份有限公司,"Ten Ten Industrial Co., Ltd.",新北市土城區學士路12巷5號,彭O娟,02-22647757,,2025/05/14,2025/05/14,Y,Y
99463501,和昕五金工程行,He Xin Hardware Engineering Co.,新北市土城區中正路42號5樓,彭O宇,02-82614036,,2025/05/14,2025/05/14,Y,Y
60756390,星世界股份有限公司,ASTER WORLD NETWORK LTD.,新北市蘆洲區中興街138號(1樓),黃O欽,0975551205,,2025/05/13,2026/09/24,Y,Y
60782263,申貴有限公司,Noble Application Limited,新北市林口區文化二路2段115號12樓,黃O彬,0917935996,,2025/05/13,2026/08/07,Y,Y
24729108,淇銓企業有限公司,"CHI-CHUAN CO., LTD.",新北市新莊區化成路379號,黃O晟,02-85215789,,2025/05/13,2026/04/14,Y,Y
31116300,振鐵工業有限公司,"ZT INDUSTRIAL CO,LTD.",新北市蘆洲區民義街61巷9號,陳O瀛,02-82832309,02-28472694,2025/05/13,2025/05/13,Y,Y
54858091,唯鼎科技有限公司,"WEI DING CO., LTD.",新北市樹林區大安路85號5樓,黃O溢,,,2025/05/13,2025/05/13,Y,Y
60684988,淨馥有限公司,"JINGFUME CO., LTD.",新北市中和區景平路666號3樓,蔡O庭,,,2025/05/13,2025/05/13,Y,Y
60691405,迅捷優選有限公司,"UR-CHOOSE CO., LTD.",新北市土城區立德路78號13樓,鄭O池,,,2025/05/13,2025/05/13,Y,Y
60755907,星曜製造有限公司,"Xin Yao Made CO., LTD.",新北市樹林區東華街3巷32號5樓,李O儒,0981107071,,2025/05/13,2025/05/13,Y,Y
94240600,奔拓有限公司,Bentoq LTD.,新北市中和區景平路703巷2弄20號4樓,張O智,,,2025/05/13,2025/05/13,Y,Y
96089805,彧恆企業有限公司,"EverYuh CO., LTD.",新北市三重區龍門路200號(2樓),吳O儀,02-29720422,,2025/05/13,2025/05/13,Y,Y
60011809,相訸科技企業社,Xiang He Technology Store,新北市中和區忠孝街62巷1號4樓,林O訸,02-29496315,,2025/05/12,2025/05/12,Y,Y
60021010,時三馬商行,Shisanmama Company,新北市三重區新北大道1段123號11樓,蔡O,,,2025/05/12,2025/05/12,Y,Y
60674692,帮主國際事業有限公司,TeaBoss International Proprietary Limited,新北市八里區商港二路19號1樓,張O菁,0976300471,,2025/05/12,2025/05/12,Y,Y
60690953,光影印刷有限公司,"KOU EI printing co., ltd.",新北市中和區中正路866之9號6樓,許O茵,02-8221-4451,02-82214457,2025/05/12,2025/05/12,Y,Y
60691411,天金國際貿易有限公司,"TIANJIN INTERNATIONAL TRADING CO., LTD.",新北市新店區安祥路102巷56號2樓,周O杰,,,2025/05/12,2025/05/12,Y,Y
60779252,藍域國際股份有限公司,"Global Taiwan Blue Sports CO., LTD.",新北市蘆洲區長安街233巷39號2樓,蕭O聰,,,2025/05/12,2025/05/12,Y,Y
60779648,慷柏有限公司,"Kombo CO., LTD.",新北市三重區中正北路359號11樓,陳O任,0978151270,,2025/05/12,2025/05/12,Y,Y
60781145,藍登路股份有限公司,Ryden Rue CORP.,新北市淡水區中正東路2段27之2號5樓,簡O萱,02-28085085,,2025/05/12,2025/05/12,Y,Y
60782165,飛特木作系統櫃有限公司,FIT System Furniture LTD.,新北市板橋區大智街71巷13弄3號3樓,吳O彤,,,2025/05/12,2025/05/12,Y,Y
91343510,芬妮企業社,FANNY COMPANY,新北市板橋區文聖街135巷16號2樓,卓O賢,,,2025/05/12,2025/05/12,Y,Y
94189250,富勳企業有限公司,"Fu Xun ENTERPRISE CO., LTD.",新北市新莊區五權三路16之1號(1樓),林O諭,02-22980203,,2025/05/12,2025/05/12,Y,Y
60779886,云榛文創有限公司,Yunzhen Creative Industries LTD.,新北市板橋區萬板路312巷6號,張O瑄,0933817211,,2025/05/11,2025/05/11,Y,Y
60691051,睿準有限公司,"RAYTARGET CO., LTD.",新北市中和區中山路2段332巷13號12樓,,0918399974,,2025/05/09,2026/04/22,N,N
27362379,固德資產管理顧問股份有限公司,"Good Asset Management Co., Ltd.",新北市板橋區三民路2段37號26樓之2,王O喬,,,2025/05/09,2025/05/09,Y,Y
53702509,歐嘉美企業有限公司,"Oujia Mei Enterpris CO., LTD.",新北市樹林區民權街5巷31號,黃O榮,02-26809801,02-26809803,2025/05/09,2025/05/09,Y,Y
54639809,新寓科技有限公司,Fortress technology Company,新北市林口區仁愛路2段502號14樓之6,游O登,,,2025/05/09,2025/05/09,Y,Y
60029006,得飲茶商行,D.Y TEA CO.,新北市新莊區新泰路214號(1樓),屠O瑋,,,2025/05/09,2025/05/09,Y,Y
60029717,碧峰商行,Bifeng Co.,新北市蘆洲區光華路142號(1樓),陳O志,,,2025/05/09,2025/05/09,Y,Y
60030453,城田企業社,UrbanField Co.,新北市新店區屈尺路66號(1樓),楊O雅,0966727589,,2025/05/09,2025/05/09,Y,Y
60684349,朝瑆科技有限公司,JadeStarTek LTD.,新北市板橋區中山路1段293之1號10樓之1,江O峻,0229642735,,2025/05/09,2025/05/09,Y,Y
60690588,俊佑工業有限公司,"Craft Industry CO., LTD.",新北市土城區中央路1段365巷27弄11號,鄭O惠,,,2025/05/09,2025/05/09,Y,Y
60690742,沃峰有限公司,WO FONG LTD.,新北市三重區信義街80號(1樓),嚴O謙,,,2025/05/09,2025/05/09,Y,Y
60690980,瑞記有限公司,Leader Products Co.,新北市淡水區樹梅坑34號4樓,劉O男,0965417405,,2025/05/09,2025/05/09,Y,Y
60691101,傑英科技有限公司,"JIAYING TECHNOLOG CO., LTD.",新北市三重區重新路5段637號4樓,賴O傑,,,2025/05/09,2025/05/09,Y,Y
60749080,嶸桉電子科技有限公司,"Rongan Electronics Technology CO., LTD.",新北市三重區中正北路15號5樓,馮O銘,0911239780,,2025/05/09,2025/05/09,Y,Y
60780737,詠康科技股份有限公司,"ULCOMM TECHNOLOGY CO., LTD.",新北市汐止區南陽街250號6樓,鄧O平,02-26945831,02-26949821,2025/05/09,2025/05/09,Y,Y
69429247,恆冠營運管理顧問商業有限公司,"E.C.Management Consulting CO., LTD.",新北市中和區秀峰街119巷2弄6之2號,梁O瑋,0939990025,,2025/05/09,2025/05/09,Y,Y
83005396,永企國際實業有限公司,"Yongqi Industrial Co., Ltd.",新北市永和區林森路120號,彭O賢,,,2025/05/09,2025/05/09,Y,Y
83511041,黎媽親子嬰幼兒代購有限公司,Li ma LTD.,新北市三重區仁華街118巷66號（2樓）,陳O興,0925188561,,2025/05/09,2025/05/09,Y,Y
83545529,業盛發科技有限公司,"Yeshengfe Technology CO., LTD.",新北市樹林區中華路403巷1號,陳O彬,02-86862819,02-86861340,2025/05/09,2025/05/09,Y,Y
91795035,鴻利發商行,Honlifa Store,新北市中和區民享街86巷5號(1樓),陳O達,0911893554,,2025/05/09,2025/05/09,Y,Y
19618089,國家中山科學研究院系統製造中心,National ChungShan Institute of Science and Technology system manufacturing center,新北市三峽區二鬮區中正路三段1號,吳O基,02-26712711#313192,02-26712444,2025/05/08,2025/05/08,Y,Y
29088285,龍鈐金屬股份有限公司,"Longqian Metal CO., LTD.",新北市萬里區忠四街20號1樓,翁O和,02-24061859,,2025/05/08,2025/05/08,Y,Y
42701285,享冠實業有限公司,"HSIANG KUAN Industrial CO., LTD.",新北市淡水區淡海路176號(1樓),簡O杰,02-28013900,,2025/05/08,2025/05/08,Y,Y
46004845,光禾視聽有限公司,"GUANGHE AUDIO/VIDIO CO., LTD.",新北市板橋區大智街25巷33之2號,林O生,0976060886,,2025/05/08,2025/05/08,Y,Y
60684880,玉禾乃有限公司,"UHN CO., LTD.",新北市新店區安興路127之3號,張O容,0960630517,,2025/05/08,2025/05/08,Y,Y
60690519,愛義之心有限公司,Ai am Possible Ltd.,新北市永和區保生路1號20樓,蔣O淇,,,2025/05/08,2025/05/08,Y,Y
60756011,宸璞國際有限公司,"GEMPURE INTERNATIONAL CO., LTD.",新北市新莊區中正路708之6號5樓,李O珊,,,2025/05/08,2025/05/08,Y,Y
60779632,愛恩特商貿有限公司,"INT Trading CO., LTD.",新北市板橋區中山路1段10號9樓,王O明,,,2025/05/08,2025/05/08,Y,Y
60781068,虹宸國際有限公司,"ARLO INTERNATIONAL CO., LTD.",新北市三峽區光明路23號7樓之2,張O敏,,,2025/05/08,2025/05/08,Y,Y
91083824,麥哲斯科技有限公司,Vangeles Technologies INC.,新北市中和區國光街50號,陳O勳,02-29565051,,2025/05/08,2025/05/08,Y,Y
91767930,珍興企業社,zhenxing Hang,新北市三峽區中山路5號(1樓),張O申,,,2025/05/08,2025/05/08,Y,Y
94059616,麥奇商城有限公司,TutorABC Shop Limited,新北市板橋區文化路2段293號6樓,楊O慈,,,2025/05/08,2025/05/08,Y,Y
94095129,慶典企業有限公司,"Cing Dian Enterprise CO., LTD.",新北市永和區永利路25號5樓之1,簡O松,0908190815,,2025/05/08,2025/05/08,Y,Y
95137054,云鍇百貨商行,Wing-Kai Lifestyle Trading Co.,新北市三重區光明路72巷9號,林O儁,,,2025/05/08,2025/05/08,Y,Y
60779295,媄優特有限公司,"Myovente CO., LTD.",新北市土城區金城路1段12號6樓之2,,0225463899,,2025/05/07,2025/08/23,N,N
54732306,欣采數位有限公司,"Xincai Digital CO., LTD.",新北市板橋區明德街2巷1弄5號(1樓),林O伸,02-29652008,,2025/05/07,2025/06/05,Y,Y
60740834,皓視科技有限公司,Sight AI LTD.,新北市中和區德光路42之1號6樓之3,張O微,,,2025/05/07,2025/05/12,Y,Y
94237675,天翼產業鏈科技股份有限公司,"Mount up Industrial chain technology CO., LTD.",新北市三重區重新路5段609巷14號10樓之8,楊O毅,02-29997222,02-2278-1499,2025/05/07,2025/05/08,Y,Y
41363954,拼拼藝術工作室,Ping Ping Art Studio,新北市永和區仁愛路352巷122弄40號5樓,張O昕,,,2025/05/07,2025/05/07,Y,Y
60690237,艾派克斯智能科技有限公司,"Apex Intelligent Technology CO., LTD.",新北市板橋區文化路2段285號21樓,蕭O庭,28853098,,2025/05/07,2025/05/07,Y,Y
60690449,逸昇國際有限公司,"ELV8 International CO., LTD.",新北市三重區中正北路411巷28號6樓之2,莊O楷,0931551538,,2025/05/07,2025/05/07,Y,Y
60690476,絕妙高爾夫事業有限公司,"Ju Mew golf co.,Ltd.",新北市中和區連城路65巷10號(1樓),劉O雯,,,2025/05/07,2025/05/07,Y,Y
60690525,灃圓科技股份有限公司,"Fortune Milling Technology Co., Ltd.",新北市三重區光復路2段102巷1之4號,李O清,,,2025/05/07,2025/05/07,Y,Y
60780011,光采之謐股份有限公司,Glamorous Corporation LTD.,新北市林口區文化二路1段266號4樓之2,郁O雯,02-26086853 #102,,2025/05/07,2025/05/07,Y,Y
89550787,俊佑企業有限公司,"Craft Precision CO., LTD.",新北市土城區中央路1段365巷27弄11號,楊O璧,,,2025/05/07,2025/05/07,Y,Y
96798953,友創藝設計行銷有限公司,"ROYAL CREATIVITY DESIGN CO., LTD.",新北市板橋區海山路37之1號(2樓),羅O,,,2025/05/07,2025/05/07,Y,Y
97227735,駿邑工程股份有限公司,"Jingyi Engineering CO., LTD.",新北市三重區光復路1段85號3樓,沈O敏,,,2025/05/07,2025/05/07,Y,Y
60781031,承天微電子股份有限公司,"NOVENTECH CO., LTD.",新北市土城區承天路4巷25號,陳O穎,,,2025/05/06,2026/09/08,Y,Y
90216115,升升國際有限公司,"SSPACE CO., LTD.",新北市蘆洲區民族路336巷25弄15號,陳O文,02-82858080,,2025/05/06,2026/03/31,Y,Y
60760036,萌物有限公司,Meng Wu Limited,新北市中和區橋和路312號,孫O宏,02-23217666#236,,2025/05/06,2026/01/13,Y,Y
60676642,菁實科技股份有限公司,"Genxia CO., LTD.",新北市汐止區新台五路1段77號15樓,張O華,,,2025/05/06,2025/12/25,Y,Y
93763214,日禾谷時尚精品有限公司,RIHEGU FASHION BOUTIQUE Company Limited,新北市淡水區中正東路2段69之8號7樓,鮑O仙,02-22723797,,2025/05/06,2025/11/22,Y,Y
31431779,蒂帆霓時尚精品坊,De Fanni Jewelry Boutique,新北市蘆洲區中山二路76號(1樓、2樓),高O雯,02-22898678,,2025/05/06,2025/05/22,Y,Y
53239122,惠騰建設股份有限公司,"Huiteng Construction CO., LTD.",新北市林口區自強二街7號,林O甫,,,2025/05/06,2025/05/06,Y,Y
60748420,精萃先進材料有限公司,"Ingenious Advanced Material CO., LTD.",新北市中和區連城路65巷3號,李O珈,02-22457848,,2025/05/06,2025/05/06,Y,Y
60748765,能見度國際有限公司,"LINGBROZ INTERNATIONAL CO., LTD.",新北市中和區保健路106巷9號4樓,林O正,,,2025/05/06,2025/05/06,Y,Y
90575998,緯軟資服股份有限公司,"WITS Taiwan, INC.",新北市汐止區新台五路1段93號32樓之1,蕭O志,02-77458888,02-77458889,2025/05/06,2025/05/06,Y,Y
96764503,守富企業有限公司,"rich good CO., LTD.",新北市板橋區民生路3段130號(1樓),林O欽,,,2025/05/06,2025/05/06,Y,Y
60748456,貝萊多納股份有限公司,"Black Donut CO., LTD.",新北市中和區景平路666號3樓,,02-89252825,,2025/05/05,2026/08/12,N,N
60691518,晋和貿易有限公司,"JIN HO TRADING CO., LTD.",新北市淡水區淡金路16巷53號2樓,,0989-835-523,,2025/05/05,2026/06/19,N,N
60748759,歐陸克國際商務有限公司,"Ouluk International Business CO., LTD.",新北市樹林區樹新路17號3樓之3,,,,2025/05/05,2026/04/28,N,N
60780510,科成國際股份有限公司,"Kecheng International Co., Ltd.",新北市汐止區新台五路1段75號16樓之5,陳O晴,,,2025/05/05,2025/10/14,Y,Y
27508965,川榮精密工業有限公司,"CHUAN RONG PRECISION INDUSTRY CO., LTD.",新北市新莊區化成路11巷25弄6號,楊O桃,02-29981478,,2025/05/05,2025/05/05,Y,Y
60035226,宸銓機械實業,Chen Quan Co.,新北市鶯歌區鶯桃路209巷16號,詹O陽,02-26791276,02-26789267,2025/05/05,2025/05/05,Y,Y
60684869,貞盛投資股份有限公司,"Jensheng Investment CO., LTD.",新北市中和區中和路366號13樓之1,江O賢,0289212838#221,,2025/05/05,2025/05/05,Y,Y
60716047,集伸有限公司,CHISHEN LTD.,新北市三重區正義北路119號9樓之5,張O瑋,02-29851223,,2025/05/05,2025/05/05,Y,Y
60748287,金熙電子有限公司,Kinxi electric co.,新北市新店區寶中路94號4樓之7,楊O翎,,,2025/05/05,2025/05/05,Y,Y
60748483,康士品有限公司,"Kangshipin CO., LTD.",新北市板橋區裕民街122號10樓,陳O賜,,,2025/05/05,2025/05/05,Y,Y
60749413,胤涵創意行銷有限公司,YinHan Creative Marketing LTD.,新北市泰山區泰林路2段377號3樓,余O涵,0987483372,,2025/05/05,2025/05/05,Y,Y
60779289,鉑通國際有限公司,PROTON COMPANY LIMITED,新北市林口區四維路150號5樓之1,唐O傑,02-86018670,,2025/05/05,2025/05/05,Y,Y
60780286,長日智能股份有限公司,"A20 AI CO., LTD.",新北市永和區中山路1段233號4樓,蔡O明,,,2025/05/05,2025/05/05,Y,Y
60780440,無有文化有限公司,"Paradox Culture Co., Ltd.",新北市板橋區中山路2段62號6樓之7,周O敦,,,2025/05/05,2025/05/05,Y,Y
60780814,鑫富行銷有限公司,"Xin Fu Marketing CO., LTD.",新北市中和區景平路666號3樓,鄧O妤,0968885980,,2025/05/05,2025/05/05,Y,Y
66809378,威永實業有限公司,"Weiyong Industrial CO., LTD.",新北市三重區三和路4段211號3樓之20,歐O華,0970959928,,2025/05/05,2025/05/05,N,N
00134736,蒔蘿文創有限公司,"DILL CREATIVE CO., LTD.",新北市三重區神農街365號3樓,陳O如,0977361161,,2025/05/03,2026/02/05,Y,Y
60749151,灰調好夥伴有限公司,MONOCHROME PLUS LTD.,新北市新莊區明中街12號之7(1樓),黃O代,0911077851,,2025/05/02,2026/06/17,Y,Y
28721015,周易科技有限公司,Yitek R&D LTD.,新北市新店區中生路83巷3號地下層,陳O珠,0928698793,,2025/05/02,2025/08/20,Y,Y
60755287,文道囍有限公司,"Wen Dao Xi CO., LTD.",新北市新莊區富貴路492號6樓,辜O珠,02-23772536,,2025/05/02,2025/06/04,Y,Y
60780722,傑倫有限公司,"AJG CO., LTD.",新北市土城區中州路26之3號7樓,紀O鵬,,,2025/05/02,2025/05/08,N,N
00027671,嘉揚物流有限公司,CY LOGISITICS INC.,新北市汐止區新台五路1段81號9樓,唐O妏,,,2025/05/02,2025/05/02,Y,Y
00119833,平安國際供應鏈有限公司,Heian Business Supply CORP.,新北市中和區中山路2段299號11樓之14,吉O貴史,02-22435553,,2025/05/02,2025/05/02,Y,Y
54880404,天空樹數位科技股份有限公司,"SKYTREE DIGITAL CO., LTD.",新北市淡水區新巿一路3段61號3樓,王O鳴,,,2025/05/02,2025/05/02,Y,Y
60034330,柳誠企業社,Lennon Co.,新北市永和區光復街2巷11弄7號,柳O遠,,,2025/05/02,2025/05/02,Y,Y
60038687,提雅仕朵商行,TIESTO CO.,新北市三重區中正北路15號5樓,蕭O玲,,,2025/05/02,2025/05/02,Y,Y
60748792,勝威機械有限公司,"SHENG,WEI Machinery CO., LTD.",新北市三重區興華街138巷2號2樓,陳O助,0922588422,,2025/05/02,2025/05/02,Y,Y
60755391,北境方舟有限公司,Northern Ark INC.,新北市三重區重陽路3段5巷20號,李O宇,,,2025/05/02,2025/05/02,Y,Y
60780265,明矽科技有限公司,"MINGHSI TECHNOLOGY CO., LTD.",新北市林口區麗園一街2巷1號14樓之3,曾O宏,,,2025/05/02,2025/05/02,Y,Y
95462924,覺覺文創有限公司,"JYUE JYUE CREATIVE CO., LTD.",新北市汐止區新台五路1段79號17樓之8,黃O雯,02-27486670,,2025/05/02,2025/05/02,Y,Y
60111069,鑫風格企業社,Xin style Co.,新北市三峽區嘉添里白雞30之7號,黃O嬋,0915187210,,2025/05/01,2026/03/26,Y,Y
60779393,耕鑫精密工業股份有限公司,"P & A technology CO., LTD.",新北市三峽區成福路105巷99號(1樓),陳O楹,,,2025/05/01,2025/05/28,Y,Y
60756429,澄宸室內裝修有限公司,Chengchen Limited Company,新北市汐止區龍安路36號13樓之5,吳O安,,,2025/05/01,2025/05/01,Y,Y
69277446,威昇電子股份有限公司,"Marssun Electronics CO., LTD.",新北市中和區中山路2段332巷13號8樓,曾O瑾,,,2025/05/01,2025/05/01,Y,Y
00123920,沃詮科技有限公司,"WOQUAN TECHNOLOGY CO., LTD.",新北市中和區中正路930號8樓,呂O耀,0955088976,,2025/04/30,2026/03/19,Y,Y
60779400,綠動未來綠能科技有限公司,"Green Motion Future Energy Tech CO., LTD",新北市新店區北新路1段12號16樓,吳O餘,02-86675150,,2025/04/30,2025/08/16,Y,Y
42617885,商富有限公司,"Shang Fu CO., LTD.",新北市汐止區大同路1段499號5樓之3,陳O宏,02-87917087,02-87917037,2025/04/30,2025/06/24,Y,Y
16428748,翌德精密工業有限公司,YIDER PRECISION INDUSTRIAL LTD.,新北市新莊區新樹路69-89號,曾O毅,02-29080153,02-29086079,2025/04/30,2025/04/30,Y,Y
16768746,亦德興業有限公司,Yide General Merchandise Trading INC.,新北市林口區麗園路99號(1樓),陳O元,02-26096780,,2025/04/30,2025/04/30,Y,Y
24353989,三躍鞋業有限公司,"SAN YUE SHOE INDUSTRY CO., LTD.",新北市三重區光復路2段17巷4號,鄭O良,02-29952802,02-29952803,2025/04/30,2025/04/30,Y,Y
42830611,哇許科技有限公司,"WASHTECH CO., LTD.",新北市三重區中正北路145巷7弄3號4樓,鄭O良,02-86910395,,2025/04/30,2025/04/30,Y,Y
60037174,自由形式工作室,Free Form Studio,新北市三重區永福街60號7樓之1,郭O恩,0979161555,,2025/04/30,2025/04/30,Y,Y
60675159,創藝智造有限公司,"IDEAVERSE CO., LTD.",新北市板橋區新府路76號19樓,林O民,,,2025/04/30,2025/04/30,Y,Y
60755316,優勢創創有限公司,"Strengths Innovation CO., LTD.",新北市汐止區新台五路1段95號16樓之1,廖O芳,0983326224,,2025/04/30,2025/04/30,Y,Y
60756321,組對貿易有限公司,"Team Great Trading CO., LTD.",新北市三重區仁華街118巷35號3樓,駱O揚,0930629926,,2025/04/30,2025/04/30,N,N
60779921,唯美主義有限公司,"Beauty Realms CO., LTD.",新北市樹林區保安街2段107巷32號2樓,劉O芳,,,2025/04/30,2025/04/30,Y,Y
83172078,瀚偲實業有限公司,"Hans CO., LTD.",新北市八里區觀海大道93號,朱O瑜,,,2025/04/30,2025/04/30,Y,Y
91773308,金福伯香腸批發企業社,Uncle King Fu Sausage Company,新北市土城區承天路4巷2之12號(2樓),周O英,02-82620023,,2025/04/30,2025/04/30,Y,Y
60779464,遠成化學有限公司,"EverReach Chemicals CO., LTD.",新北市三峽區國慶路116號13樓,葉O甫,02-26716488,02-26716433,2025/04/29,2026/05/14,Y,Y
00239345,防風林有限公司,"Windbreaks CO,LTD.",新北市新店區安興路127之3號(1樓),段O隆,0936885297,,2025/04/29,2025/04/29,Y,Y
27836720,永珅科技服務股份有限公司,"Yong Shen Technology Service CO., LTD.",新北市永和區秀朗路2段98號3樓,林O榮,02-29279779#111,,2025/04/29,2025/04/29,Y,Y
60034628,宥虹企業社,"YOU HONG EQIPMENT Co.,",新北市三重區福裕街82號,洪O廷,0922411087,,2025/04/29,2025/04/29,Y,Y
60691572,興旺發國際有限公司,Heng Ong Huat International PTE LTD.,新北市汐止區新台五路1段95號16樓之1,FOOTUANHOW,,,2025/04/29,2025/04/29,Y,Y
60707238,普佶實業有限公司,"Palche industry CO., LTD.",新北市樹林區中山路3段64號(1樓),王O翰,02-26800725,,2025/04/29,2025/04/29,Y,Y
60750229,鷹準行銷有限公司,"Accurate marketing CO., LTD.",新北市蘆洲區光復路41巷18號5樓,李O蘭,,,2025/04/29,2025/04/29,Y,Y
80013805,小天使零件企業社,LITTLE ANGEL COMPONENT Company,新北市淡水區新民街76巷34弄7號,暢O芳,,,2025/04/29,2025/04/29,Y,Y
83016422,嘉佰鎰實業有限公司,"Chia Ten Billion Industrial CO., LTD.",新北市板橋區三民路2段32號3樓,陳O鴻,,,2025/04/29,2025/04/29,Y,Y
90039239,威穎企業股份有限公司,"Weiying group CO., LTD.",新北市板橋區四川路1段23號9樓,簡O貞,0912490390,,2025/04/29,2025/04/29,Y,Y
91201646,我們的演藝工作室,OUR ENTERTAINMENT STUDIO,新北市新店區北新路1段157號4樓之5,李O珠,02-89116287,,2025/04/29,2025/04/29,Y,Y
93492711,豐桓實業有限公司,"FENG HUAN ENTERPRISE CO., LTD.",新北市八里區中華路2段340號,張O瑜,02-86303280,,2025/04/29,2025/04/29,Y,Y
60779324,肌禾安生有限公司,Jihea LTD.,新北市板橋區文化路2段285號21樓,,0958268586,,2025/04/28,2026/01/16,N,N
97544612,石盛國際貿易股份有限公司,"Rock Fortis International CO., LTD.",新北市板橋區長江路1段60號3樓,黃O良,03-3699006,03-3699005,2025/04/28,2025/09/05,Y,Y
24702728,葳盛冷氣工程有限公司,Wei-Sheng Air Conditioning Engineering Ltd,新北市板橋區華中里僑中一街124巷11弄4-2號,黃O萊,0987163896,02-28105959,2025/04/28,2025/04/28,Y,Y
42611539,勾勾設計股份有限公司,"GOU GOU DESIGH CO., LTD",新北市林口區中山路540號10樓,石O晴,(02)25462871,,2025/04/28,2025/04/28,Y,Y
60684214,永恆童心文創有限公司,"4EverKid CO., LTD.",新北市三重區重新路5段646號4樓之1,郭O揚,02-22789602,02-22789603,2025/04/28,2025/04/28,Y,Y
66903465,生春企業社,SUNSPRING CO.,新北市中和區興南路2段74巷10號1樓,嚴O玲,0229440088,,2025/04/28,2025/04/28,N,N
80014699,一零三三網路資訊企業社,1033 Network Information Co.,新北市林口區忠孝路308巷23號13樓,劉O倫,0910929712,,2025/04/28,2025/04/28,N,N
83452459,東陽龍有限公司,"Eastern Dragon CO., LTD.",新北市新莊區新泰路225巷6號12樓,施O美,02-29930079,,2025/04/28,2025/04/28,Y,Y
93794841,沃崴食品有限公司,Worldwide food LTD.,新北市三重區中正北路64巷19號4樓,李O毅,0933048649,,2025/04/28,2025/04/28,Y,Y
95159205,華欽企業社,Hua-Qin Company,新北市板橋區田單街2巷24號4樓,康O瑜,,,2025/04/28,2025/04/28,Y,Y
42707936,虹蓮有限公司,"Iolotus, INC.",新北市板橋區文化路2段367號15樓之13,黃O涵,,,2025/04/26,2025/04/26,Y,Y
97632740,新姿尚國際有限公司,SIN ZIH SHANG Ltd.,新北市板橋區南雅西路1段35號3樓,簡O如,,,2025/04/25,2026/09/01,Y,Y
60755630,嘟嘟嘴貿易有限公司,"DOUDOU MOUTH TRADING CO., LTD.",新北市三重區中興北街161號,林O德,0980-531-204,,2025/04/25,2026/03/25,Y,Y
60716840,得芯貿易實業有限公司,"WIN TE HSIN CO., LTD.",新北市三重區大勇街9號(1樓),張O蘊,,,2025/04/25,2026/03/19,Y,Y
60755218,雪霸投資貿易股份有限公司,"Snow King Investment and Trade CO., LTD.",新北市淡水區水源街1段158號,羅O水,0910516592,,2025/04/25,2025/12/12,Y,Y
95464795,迪波思科技有限公司,Deeps Reliability INC.,新北市中和區秀朗路3段177號14樓之2,劉O珍,,,2025/04/25,2025/05/17,Y,Y
00014818,佩倫設計有限公司,Studio PEILUN LTD.,新北市中和區安平路194號,謝O倫,,,2025/04/25,2025/04/25,Y,Y
60033162,皮皮娛樂工作室,Pipi Entertainment Studio,新北市三重區環河南路254巷49號,黃O媛,0981466635,,2025/04/25,2025/04/25,Y,Y
60691334,夏耘實業有限公司,"Xia Yun Industrial CO., LTD.",新北市板橋區懷德街2號6樓之2,柳O子,02-22510098,,2025/04/25,2025/04/25,Y,Y
60707477,縵漫生活設計有限公司,manman design studio Limited Company,新北市三重區自強路1段306號2樓,陳O霖,0905-541383,,2025/04/25,2025/04/25,Y,Y
60756048,格溫數位有限公司,"GWEN CO., LTD.",新北市三重區溪尾街113巷6號3樓之2,陳O諺,,,2025/04/25,2025/04/25,Y,Y
83515314,碩妃健康事業股份有限公司動立方分公司,"Sofit Health Career CO., LTD. CREATIVE TRAINING ACADEMY (CTA)",新北市中和區中山路2段356號6樓,薛O祥,02-22461058,,2025/04/25,2025/04/25,Y,Y
93571145,非常口影像製作有限公司,"ExEeT Studio CO,LTD",新北市鶯歌區和平街30號2樓,王O紳,,,2025/04/25,2025/04/25,Y,Y
60686677,東聯未來股份有限公司,EASTERN UNION FUTURE CORP.,新北市土城區中央路4段51號3樓之12,陳O名,,,2025/04/24,2026/05/23,Y,Y
00118460,樂蕎有限公司,The joy LTD.,新北市三重區光復路2段88巷22弄7號(1樓),劉O榕,0968-276-233,,2025/04/24,2026/02/23,Y,Y
60755717,金億達科技有限公司,"Chance Precision Technology CO.,LTD.",新北市新店區北新路1段89號11樓之3,黃O民,0928352009,,2025/04/24,2025/11/26,Y,Y
60716378,藝錡行銷有限公司,"Yiqi Health Job Title CO., LTD.",新北市三重區正義北路208號8樓,江O錡,02-29868585,,2025/04/24,2025/10/24,Y,Y
60035020,芮可商行,RECO Lifestyle Studio,新北市三重區中正北路15號5樓,吳O誼,,,2025/04/24,2025/06/28,Y,Y
26746118,溪湖釣蝦場,Xihu Shrimp Fishing Ground Co.,新北市汐止區汐萬路1段39號之3,張O文,0988394919,,2025/04/24,2025/04/24,Y,Y
60684024,騰劭國際貿易有限公司,"TENG SHAO CO., LTD.",新北市三重區重新路5段609巷14號7樓,楊O婷,,,2025/04/24,2025/04/24,Y,Y
60691587,翊展國際貿易有限公司,"Yizhan International Trading CO., LTD.",新北市汐止區新台五路1段93號21樓之6,林O莘,,,2025/04/24,2025/04/24,Y,Y
60708659,綠逸科技有限公司,"Easy Green ECO Technology CO., LTD.",新北市新莊區中華路2段7號7樓,李O正,0932040563,,2025/04/24,2025/04/24,Y,Y
60716454,艾威迪互聯資訊科技有限公司,"AI WEIDI INTERNET INFORMANTION TECHNOLOGY CO., LTD.",新北市板橋區重慶路93巷4號4樓,陳O平,,,2025/04/24,2025/04/24,Y,Y
60740068,久田國際有限公司,"JIUTIAN INTERNATIONAL CO., LTD.",新北市新莊區瓊林路98之1號,童O欣,,,2025/04/24,2025/04/24,Y,Y
90005821,華以橋有限公司,"Sino-Israel Bridge CO., LTD.",新北市淡水區新民街322巷1弄7號(1樓),段O雪(DuaniMichalMichelle),,,2025/04/24,2025/04/24,Y,Y
94271997,洋丞貿易有限公司,"Yang Cheng trading CO., LTD.",新北市中和區中山路2段303號6樓之18,李O美燕,,,2025/04/24,2025/04/24,Y,Y
95135231,福氣萌寵企業社,Hok-Khi Firm,新北市永和區民權路53號8樓,劉O雅,,,2025/04/24,2025/04/24,N,N
42728307,美亞生醫科技有限公司,Nagasaki Military PC Co. Ltd.,新北市三峽區介壽路1段388巷6號,陳O祥,,,2025/04/23,2025/04/23,Y,Y
54029200,沛盈實業有限公司,"Pei Ying CO., LTD.",新北市新莊區中正路665號9樓,魏O娟,0958967000,,2025/04/23,2025/04/23,Y,Y
60684306,亞清藝術有限公司,"Ya Ching Art CO., LTD.",新北市淡水區民權路22號3樓,張O婷,,,2025/04/23,2025/04/23,Y,Y
60716573,後設藝術有限公司,"Meta Arts CO., LTD.",新北市汐止區新台五路1段93號22樓之8,林O泰,,,2025/04/23,2025/04/23,Y,Y
60755054,葵和森有限公司,"Kueson CO., LTD.",新北市淡水區中正東路2段69之5號5樓,葉O珊,0920900003,,2025/04/23,2025/04/23,Y,Y
93037431,雲浩企業社,Yun Haoo Company,新北市永和區中山路1段24號2樓,陳O熏,,,2025/04/23,2025/04/23,N,N
94871198,風音商行,FUYUNE Co.,新北市五股區成泰路4段24之9號12樓,楊O媛,,,2025/04/23,2025/04/23,Y,Y
95449373,希梅格傑西有限公司,"Semag JC CO., LTD.",新北市中和區中正路866之3號12樓,李O均,02-22289626,,2025/04/23,2025/04/23,Y,Y
95464269,文威豐股份有限公司,Wen & Hone Corporation,新北市新莊區五權一路3號3樓之5,鄭O哲,02-22988336,,2025/04/23,2025/04/23,Y,Y
37907370,葳多格漂浮美學屋,Less Touch Pet Supply Co.,新北市中和區景平路403號(1樓),羅O駿,02-22428920,,2025/04/22,2025/06/17,Y,Y
60708166,聖石貿易股份有限公司,"Advanced World-class Mission Commitment. CO., LTD.",新北市新莊區新北大道4段179號9樓之9,施O鴻,03-3576669#301,03-3577699,2025/04/22,2025/04/23,Y,Y
27745496,大腕影業國際有限公司,"BULKY PICTURES CO., LTD.",新北市板橋區新府路76號19樓,林O民,,,2025/04/22,2025/04/22,Y,Y
54727991,應用電機工程有限公司,Applied Electrical Engineering LTD.,新北市蘆洲區成功路74號(1樓),陳O賓,0920667225,,2025/04/22,2025/04/22,Y,Y
54873585,茂新投資有限公司,"MaoShin Investment Co., Ltd.",新北市三峽區和平街65之1號3樓,謝O凡,,,2025/04/22,2025/04/22,Y,Y
60715981,晟傢國際股份有限公司,"Cheng Jia International CO., LTD.",新北市新莊區民樂街21號5樓,彭O諭,02-29905007#19,,2025/04/22,2025/04/22,Y,Y
60716237,文梧有限公司,"Wing Wood CO., LTD.",新北市土城區青雲路47之4號4樓,曾O莉,,,2025/04/22,2025/04/22,Y,Y
83503598,五三五嚴選有限公司,"535 Selected CO., LTD.",新北市板橋區民生路1段57號4樓,吳O儒,02-29578979,,2025/04/22,2025/04/22,Y,Y
91222488,樂鑽創意工作室,LE DIAMOND CREATIVE STUDIO,新北市板橋區龍興街71巷37號5樓,劉O呈,02-29684907,,2025/04/22,2025/04/22,Y,Y
60691313,台灣精誠得科技有限公司,"TAIWAM JINGCHENGDE TECHNOLOGY CO., LTD.",新北市五股區西雲路109號11樓,蔡O秢,,,2025/04/21,2026/03/19,Y,Y
83186164,雅貝爾國際生醫有限公司,"Airhevel International Biomedical CO., LTD.",新北市三重區新北大道二段252號9樓之3,陳O惠,0916158556,,2025/04/21,2025/10/18,Y,Y
83060398,樂點創意股份有限公司,"Vending Robotics Co., Ltd.",新北市汐止區新台五路1段95號17樓之10,梁O榮,,,2025/04/21,2025/08/04,Y,Y
60708546,美豐生醫股份有限公司,"SUN AESTHETIC CO., LTD.",新北市三重區重新路五段609巷10號4樓,歐O鵬,02-23886888,,2025/04/21,2025/06/13,Y,Y
31477964,庚茂實業社,GENGMAO INDUSTRIAL Shop,新北市蘆洲區中山二路300巷5號,林O才,02-22838746,,2025/04/21,2025/04/21,Y,Y
37897838,天然香草農場,Natural vanillafarm Company,新北市中和區中山路2段64巷16弄9號(1樓),鄧O予,02-26926379,02-26926039,2025/04/21,2025/04/21,Y,Y
60018606,奔富企業社,Penfolds Company,新北市中和區中和路277號4樓,林O廷,02-89418918,02-89418928,2025/04/21,2025/04/21,Y,Y
60748688,燦延科技股份有限公司,LUMIEN TECHNOLOGIES INC.,新北市土城區裕華街21號17樓,林O鈞,02-66041600,,2025/04/21,2025/04/21,Y,Y
60750059,愷歆有限公司,"Glix CO., LTD.",新北市樹林區佳園路2段61之3號,陳O愷,,,2025/04/21,2025/04/21,Y,Y
87475637,自然釉文創工作室,Nature Glaze Studio,新北市鶯歌區文化路256巷7號,葉O佩,,,2025/04/21,2025/04/21,Y,Y
91395615,嵩云企業社,Sonyun Co.,新北市新莊區天祥街54巷6弄15號,陳O叡,0973278378,,2025/04/21,2025/04/21,Y,Y
93710821,佐晉創造有限公司,Drowine Creations LTD.,新北市鶯歌區國際二路18巷4號(2樓),丘O呈,,,2025/04/21,2025/04/21,Y,Y
60031761,伍赫製作工作室,52HZ STUDIO,新北市永和區得和路374巷1弄6號(1樓),曾O豪,,,2025/04/19,2025/04/19,Y,Y
00229732,沺盛實業股份有限公司,"Medtest biomedical CO., LTD.",新北市新莊區復興路3段33號7樓,吳O龍,02-25222291,,2025/04/18,2025/10/21,Y,Y
00037024,麥西慕斯有限公司,Maximus LTD.,新北市土城區學士路201號11樓,陳O如,,,2025/04/18,2025/04/18,N,N
60035231,馬爾汀軟體科技企業社,Martin Tech Solutions Co.,新北市林口區文化二路2段157號13樓之2,馬O文,0961310798,,2025/04/18,2025/04/18,Y,Y
60715693,一安智能股份有限公司,"Janus Cyber CO., LTD.",新北市林口區仁愛路2段502號12樓之1,卓O育,,,2025/04/18,2025/04/18,Y,Y
60716270,金啓有限公司,"Hotane CO., LTD.",新北市新莊區新北大道4段171號3樓,林O凌,,,2025/04/18,2025/04/18,Y,Y
60716285,浪漫飛行航太有限公司,"Romantic Flying Aerospace CO., LTD.",新北市新店區安興路109號5樓之6,王O倫,,,2025/04/18,2025/04/18,Y,Y
60749477,品延貿易有限公司,"Pin Yan Trading Co., Ltd.",新北市中和區員山路611巷11弄18號（1樓）,林O閔,0913537339,,2025/04/18,2025/04/18,N,N
85093818,木木所影像有限公司,hankitecture LTD.,新北市永和區仁愛路306巷18弄6號7樓,林O軒,0289211695,,2025/04/18,2025/04/18,Y,Y
91785228,豪侍麵館,Hao samurai Co.,新北市深坑區北深路2段87號(1樓),楊O豪,0913083747,,2025/04/18,2025/04/18,Y,Y
94191869,威嘉企業有限公司,"Weiga Enterprises CO., LTD.",新北市三重區三和路4段211號3樓之20,林O貞,0970959928,,2025/04/18,2025/04/18,Y,Y
97518190,昕瓏有限公司,"HSIN LONG CO., LTD.",新北市新店區青山路211巷26弄9號,吳O郁,,,2025/04/18,2025/04/18,Y,Y
60708412,一元藝術空間有限公司,"A Snow Falcon Art Center CO., LTD.",新北市三芝區芝柏路103號,,02-26363466,,2025/04/17,2026/06/17,N,N
60686178,卡特風能有限公司,"CY Energy CO., LTD.",新北市板橋區大同街26巷5號(1樓),葉O學,,,2025/04/17,2026/04/18,N,N
96825924,均鴻探索股份有限公司,Junhong Exploration Ltd,新北市中和區中山路3段110號8樓,何O鴻,0926622960,,2025/04/17,2026/01/13,Y,Y
60716010,朵拉蔬果國際有限公司,"Joy Dora CO., LTD.",新北市板橋區永豐街110號,李O林,02-89541465,,2025/04/17,2025/07/31,Y,Y
41066103,尚壕企業社,Xiong Hou International Co.,新北市汐止區八連路1段528號,張O伊,0933930108,,2025/04/17,2025/06/17,Y,Y
60684241,詠頎科技股份有限公司,"Selgotech Co., Ltd.",新北市土城區復興街19號,古O鑫,,,2025/04/17,2025/04/21,Y,Y
53341490,捌貳建設有限公司,"82 Construction CO., LTD.",新北市新莊區中信街176號24樓之2,何O志,02-27600758,,2025/04/17,2025/04/17,Y,Y
60684122,巴特汗有限公司,Baatarkhan LTD.,新北市新店區中正路425號6樓,海O雄,0932013680,,2025/04/17,2025/04/17,Y,Y
60708721,幻創行銷股份有限公司,"NVision Co., Ltd.",新北市新店區北新路3段205之3號9樓,梁O永,,,2025/04/17,2025/04/17,Y,Y
60715552,勝也小滾妹有限公司,shen yen xiao gun mei Limited Company,新北市新莊區建安街9巷7號,鄭O凡,,,2025/04/17,2025/04/17,Y,Y
60749574,葳豐百貨有限公司,WEI FONG LTD.,新北市三重區信義街80號（1樓）,劉O廷,,,2025/04/17,2025/04/17,Y,Y
60750115,芝慧科技有限公司,Instar Technology INC.,新北市林口區文化一路1段256號6樓,林O如,,,2025/04/17,2025/04/17,Y,Y
83289491,赫米有限公司,Hermi Limited Company,新北市新莊區福樂街156巷12弄10號(1樓),阮O睿,0915266488,,2025/04/17,2025/04/17,Y,Y
93710929,雲科技有限公司,CloudTech CORP. LTD.,新北市中和區永貞路249巷15號3樓,曹O智,0986873766,,2025/04/17,2025/04/17,Y,Y
96828324,亦兆森有限公司,"Trillion Table CO., LTD.",新北市林口區民族路239號,何O遠,,,2025/04/17,2025/04/17,Y,Y
96840306,欣宸自動化有限公司,"XIN-CHEN AUTOMATION CO., LTD.",新北市深坑區埔新街92之4號9樓,彭O平,,,2025/04/17,2025/04/17,Y,Y
60789414,多加環球有限公司,CTK GLOBAL LTD.,新北市板橋區金門街248號(1樓),王O智,,,2025/04/16,2026/05/15,N,N
00551675,瀧柒水族館,LONGQI AQUARIUM TRADING Co.,新北市鶯歌區三鶯路29巷10號,王O崴,,,2025/04/16,2025/06/20,Y,Y
00214983,遙遠國度有限公司,"Farfarfarfar CO., LTD.",新北市板橋區三民路2段28號9樓,蘇O慶,02-22557277,,2025/04/16,2025/04/16,Y,Y
18472570,高鑫企業社,KAOHSIN Co.,新北市三芝區利民街35號,鄭O豪,02-82824616,02-28474225,2025/04/16,2025/04/16,Y,Y
24283458,邑晟國際有限公司,YI-CH-ENG ln-nat-e Company Limited,新北市新莊區萬安街3號4樓之17,張O榮,0983796888,,2025/04/16,2025/04/16,Y,Y
25095524,瑪爾斯表演藝術有限公司,MarsPerformingArts. LTD.,新北市三重區三和路3段40號(3樓),林O宜,0229711808,,2025/04/16,2025/04/16,Y,Y
28962793,佑盈金有限公司,"YO YING KING INDUSTRY CO., LTD.",新北市林口區文化三路1段39巷108號4樓,許O瑋,02-26021807,,2025/04/16,2025/04/16,Y,Y
60685163,琳琅百貨有限公司,"Linlang Department Store CO., LTD.",新北市土城區興城路86號3樓,簡O青,,,2025/04/16,2025/04/16,Y,Y
83434116,明祥帆布有限公司,"Mingxiang Canvas CO,LTD.",新北市五股區成泰路3段26號,陳O誠,0955985999,,2025/04/16,2025/04/16,Y,Y
91226169,慶明企業社,Qing Ming CO.,新北市中和區安和路213號5樓,王O宣,02-22457283,,2025/04/16,2025/04/16,Y,Y
94224290,成東實業有限公司,"Cheng Dong Enterprise CO., LTD.",新北市新店區博愛街2巷8號4樓,沈O成,0920007515,,2025/04/16,2025/04/16,Y,Y
60750023,芸恩企業有限公司,YUN EN LTD.,新北市泰山區泰林路2段522巷13號10樓,宗O廷,,,2025/04/15,2026/07/18,N,N
91725215,彤沁商行,TONGQIN STUDIO,新北市八里區頂罟一路108號3樓,趙O葳,,,2025/04/15,2026/03/05,Y,Y
60750255,未來築有限公司,"Future Build CO., LTD.",新北市三重區新北大道1段129號4樓,邱O弘,,,2025/04/15,2026/02/04,Y,Y
00249527,家新國際有限公司,KASAN INTERNATIONAL COMPANY LIMITED,新北市八里區賢一街235號,黃O文,0933600982,,2025/04/15,2025/08/28,Y,Y
27439124,竑韋有限公司,"HONG WEI MATERIAL CO., LTD.",新北市新店區力行路7巷1號1樓,吳O倫,02-26761106,02-26761107,2025/04/15,2025/04/15,Y,Y
60684100,達易多有限公司,Tashdo Company Limited,新北市樹林區八德街772號(1樓),王O能,0932333280,,2025/04/15,2025/04/15,Y,Y
60684333,乾豐食品工業有限公司,"Qianfeng Food Industry CO., LTD.",新北市三重區新北大道2段139巷27號(1樓),游O汝,0937-406430,,2025/04/15,2025/04/15,Y,Y
60749933,向瑞科技有限公司,"ENERMAX MACHINERY CO., LTD.",新北市五股區成泰路4段15號之1十九樓,陳O恩,02-22936037,,2025/04/15,2025/04/15,Y,Y
80008774,米森企業社,MI SEN QI YE SHE Company,新北市新莊區建安街72號5樓,黃O崴,02-22995811,,2025/04/15,2025/04/15,Y,Y
82810844,密斯特國際有限公司,Mister International LTD.,新北市鶯歌區大湖路175巷4號(1樓),石O玲,0937946644,,2025/04/15,2025/04/15,N,N
91793780,光點藝術坊,Spot Gallery Co.,新北市鶯歌區陶瓷街18號3樓,陳O同,02-26789599,,2025/04/15,2025/04/15,Y,Y
95157375,雷匠科技企業社,LEIJIANG TECHNOLOGY Company,新北市蘆洲區永平街35號,洪O賢,02-22819627,02-22891203,2025/04/15,2025/04/15,Y,Y
95436882,良晴喆木股份有限公司,"Make Good Choices Co., Ltd.",新北市汐止區福德一路198號4樓之7,洪O恩,0931-199-448,,2025/04/15,2025/04/15,Y,Y
95496543,城市礦業股份有限公司,CITY MINERS INC.,新北市林口區仁愛路2段502號14樓之6,黃O智,02-86018270,,2025/04/15,2025/04/15,Y,Y
60750157,大木國際有限公司,"DAMU INTERNATIONAL CO., LTD.",新北市新店區寶橋路235巷1弄4號7樓,林O忠,,,2025/04/14,2026/05/19,Y,Y
91794465,拓馳企業社,Tocci Company,新北市新莊區裕民街106巷7弄2號4樓,莊O妮,0938428835,,2025/04/14,2026/05/17,Y,Y
90682961,連杏生技服務股份有限公司,"Acon BioServices Co., Ltd",新北市新店區寶興路45巷8弄2號5樓,陳O儀,,,2025/04/14,2026/04/22,Y,Y
00241335,台灣意瑪高國際貿易有限公司,TAIWAN IMAGO EXPRESS LTD.,新北市板橋區四川路1段23號11樓,鄭O成CHENGKANSHING,,,2025/04/14,2025/12/23,Y,Y
60027730,伊藤計畫工作室,TAIWAN ITO PROJECT CO.,新北市樹林區東榮街116巷5號,黃O堯,,,2025/04/14,2025/12/03,N,N
95462261,諾比貿易有限公司,Green Intelligent Mobility LTD.,新北市中和區中正路736號14樓之3,廖O緯,02-23959621#11,,2025/04/14,2025/09/16,Y,Y
53198608,理慧股份有限公司,LeeHui CO. LTD.,新北市汐止區原興路58號5樓之3,陳O成,02-26959328,,2025/04/14,2025/05/08,Y,Y
83742612,文泰室內裝修設計有限公司,WenTai Interior Design LTD.,新北市永和區永和路2段57號4樓,陳O彥,02-77300721,02-86600505,2025/04/14,2025/04/15,Y,Y
28886352,翔展科技顧問有限公司,MAX TECH Techology Co.,新北市林口區仁愛路1段382號2樓之3,楊O美鳳,02-26032926,02-26032606,2025/04/14,2025/04/14,Y,Y
60032895,華永洋行,NetterGlobal Co.,新北市板橋區華江一路592號,曹O武,02-85217327,,2025/04/14,2025/04/14,Y,Y
60708291,篁騰企業有限公司,"Windstart Enterprise CO., LTD.",新北市蘆洲區中山一路161號3樓,劉O維,,,2025/04/14,2025/04/14,Y,Y
60748723,匯百萃健康科技有限公司,"Huibaicui Health Technology CO., LTD.",新北市三重區中寮街26號3樓,詹O君,,,2025/04/14,2025/04/14,Y,Y
60749271,艾意數據有限公司,"Aintent CO., LTD.",新北市土城區中央路2段191號8樓之4,陶O煒,,,2025/04/14,2025/04/14,Y,Y
60749589,廣乾生技有限公司,"Guang Qian Biotechnology Co.,Ltd",新北市五股區五權五路27號8樓,張O雅,,,2025/04/14,2025/04/14,Y,Y
60799969,澳利生活研發室內裝修有限公司,AURA Taipei Co.,新北市中和區新生街176巷26號,崔O力,0912039235,,2025/04/14,2025/04/14,Y,Y
60800001,維盛紡織科技有限公司,"Weisheng Textile Technology Co., Ltd",新北市土城區學府路1段256巷2弄4號4樓,陳O文,02-22611766,,2025/04/14,2025/04/14,Y,Y
91179449,利元工程行,Liyuan Engineering Co.,新北市中和區民利街68巷1弄7號3樓,江O德,,,2025/04/14,2025/04/14,Y,Y
96841950,丞茗貿易有限公司,"CM MedTrade CO., LTD.",新北市板橋區四川路1段23號11樓之1,何O瑄,0937821014,,2025/04/14,2025/04/14,Y,Y
69373264,台灣露營有限公司,CampingTaiwan Company,新北市板橋區民族路45號2樓之1,張O念,0903041551,,2025/04/12,2025/04/12,Y,Y
91210223,六號花藝,Flower No.6 Studio,新北市新莊區中平路435號8樓,周O玉,0928254551,,2025/04/11,2026/08/14,Y,Y
60750092,雀兒喜教育事業有限公司,"Chelsea Global Learning CO., LTD.",新北市永和區博愛街45巷2號,,,,2025/04/11,2025/11/06,N,N
84971205,盛億實業有限公司,SHEN YI TAIPEI Company Limited,新北市樹林區東豐街49巷22弄26號,胡O珊,02-86858958,02-86858956,2025/04/11,2025/06/04,Y,Y
00033625,街頭潮流文化有限公司,"Street trend culture CO., LTD.",新北市三峽區復興路101巷1弄67號4樓之1,藍O崚,0925978008,,2025/04/11,2025/04/11,Y,Y
00238486,韓聯國際貿易有限公司,"Hanlian International Trading CO., LTD.",新北市樹林區佳園路3段91號（2樓）,陳O蓮,0987595818,,2025/04/11,2025/04/11,Y,Y
60030480,美綺商行,MEIQI SHOP,新北市板橋區合安一路87號(1樓),金O綺,,,2025/04/11,2025/04/11,N,N
60684946,臺灣超能配電系統股份有限公司,"Taiwan Super Power Distribution Systems CO., LTD.",新北市中和區板南路492號4樓之7、之8,王O正,02-22268054,,2025/04/11,2025/04/11,Y,Y
60749309,飛龍電子實業有限公司,"FEILONG ELECTRONICS CO., LTD.",新北市汐止區新台五路1段99號17樓,詹O如,,,2025/04/11,2025/04/11,Y,Y
60750086,仕達國際有限公司,"SHIH DA INTERNATIONAL CO., LTD.",新北市泰山區泰林路2段116巷6弄2號（1樓）,張O騰,,,2025/04/11,2025/04/11,Y,Y
83123794,智品設計股份有限公司,"ZHIPIN DESIGN CO., LTD.",新北市樹林區復興路13號7樓,劉O瑋,02-26813986,,2025/04/11,2025/04/11,Y,Y
88299201,辰品精品水果行,CHENPIN PREMIUM FRUIT CO.,新北市三重區光復路2段80之3號,沈O宸,0972812373,,2025/04/11,2025/04/11,Y,Y
89120181,至遠國際股份有限公司,"M Museomarble CO., LTD.",新北市樹林區學成路541號7樓,吳O裕,0933-767149,,2025/04/11,2025/04/11,Y,Y
53225014,微真有限公司,"WEIJAN design CO., LTD.",新北市三重區福隆路43號,張O萍,0222866685,0222866602,2025/04/10,2025/04/24,Y,Y
60706879,德鑫貿易有限公司,"DE XIN TRADING CO., LTD.",新北市中和區景平路736巷1弄8號4樓,朱O傑,02-22405456,,2025/04/10,2025/04/10,Y,Y
60748202,福昌貴金屬有限公司,"FUCHANG PRECIOUS METAL CO., LTD.",新北市板橋區四維路306巷3號3樓,吳O興,,,2025/04/10,2025/04/10,Y,Y
60748651,脆龍音樂文創有限公司,"Crispy Dinosaurs Co., Ltd.",新北市新店區中興路3段209號4樓,丁O妏,,,2025/04/10,2025/04/10,Y,Y
60749005,天享智能有限公司,"EverJoy Smart Technology CO., LTD.",新北市蘆洲區長安街361巷7號,柯O嘉,,,2025/04/10,2025/04/10,Y,Y
60749069,一佳貿易有限公司,YIJIA TRADING LTD.,新北市三重區中正北路315巷6弄32號,葉O修,,,2025/04/10,2025/04/10,Y,Y
60749146,台灣智販科技股份有限公司,"TAIWAN SMART VENDING MACHINES TECHNOLOGY CO., LTD.",新北市新店區北新路3段205之3號8樓,陳O伶,,,2025/04/10,2025/04/10,N,N
60749201,正隆貿易有限公司,"ZHENGLONG TRADING CO., LTD.",新北市板橋區四川路1段286巷22號2樓,林O隆,0939988638,,2025/04/10,2025/04/10,N,N
60749390,九柢設計室內裝修有限公司,Germina Design Ltd.,新北市板橋區仁化街117號4樓,張O捷,,,2025/04/10,2025/04/10,Y,Y
83045854,金良投資股份有限公司,"Goldwell Investment CO., LTD.",新北市樹林區學成路721號12樓,盧O松,,,2025/04/10,2025/04/10,Y,Y
90302511,宏築實業有限公司,"Hongzhu Industrial CO., LTD.",新北市永和區保平路203巷31號,陳O宏,02-87726682#15,,2025/04/10,2025/04/10,Y,Y
96756341,天際匯股份有限公司,"VertVista CO., LTD.",新北市板橋區中山路1段10號11樓,鄭O翰,,,2025/04/10,2025/04/10,Y,Y
80096055,展速企業有限公司,"Unfold Speed CO., LTD.",新北市汐止區中興路39號,,,,2025/04/09,2026/05/14,N,N
60795611,睿基生技有限公司,REGIE LTD.,新北市鶯歌區福安街9巷9號(2樓),李O丞,,,2025/04/09,2026/03/20,Y,Y
68911906,半價屋有限公司,"FIFTTY OFF CO., LTD.",新北市板橋區重慶路278巷13號,謝O男,09-09090966,02-29528444,2025/04/09,2025/04/10,Y,Y
60004119,正鋐企業社,Cheng Hung Enterprise Co.,新北市土城區金城路3段60巷13號5樓,李O蓁,,,2025/04/09,2025/04/09,N,N
60020342,邦比茶工作室,BangBiCha Studio,新北市板橋區新海路10號2樓,楊O宇,,,2025/04/09,2025/04/09,Y,Y
60707130,稚寶文教有限公司,"Zhibao Creative Learning CO., LTD.",新北市中和區景平路666號3樓,胡O綺,,,2025/04/09,2025/04/09,Y,Y
60749173,晨安實業有限公司,Chen An Limited Company,新北市中和區建八路16號16樓,胡O容,,,2025/04/09,2025/04/09,Y,Y
60749531,來勢娛樂有限公司,KiKi' s Distribution Service Limited,新北市新莊區民安西路88巷5弄22號6樓,余O瑜,02-25210720,,2025/04/09,2025/04/09,Y,Y
93605763,聯合電控股份有限公司,"AWG Taiwan CO., LTD.",新北市汐止區新台五路1段93號25樓之8,邵O儀,0975582588,,2025/04/09,2025/04/09,Y,Y
98791560,小布花坊,SIAO-BU Floral Studio,新北市板橋區中山路1段158巷27號,辜O菁,0289532143,,2025/04/09,2025/04/09,Y,Y
60675019,川飴有限公司,KAWAME LTD.,新北市新莊區新北大道三段5號4樓之5,葉O瀞,,,2025/04/08,2026/02/24,Y,Y
60023782,玩樂之心工作室,Mellow Soul Studio,新北市新莊區新樹路288之12號(2樓),高O心,0987134241,,2025/04/08,2025/12/05,Y,Y
40665875,皇鑫營造股份有限公司,"HUANG XIN CONSTRUCTION CO., LTD.",新北市板橋區雙十路2段6號之8四樓,趙O宏,03-6586161,,2025/04/08,2025/08/19,Y,Y
96376004,原土實業股份有限公司,"YUAN TU CO., LTD.",新北市三峽區添福14之38號,李O承,0936633131,,2025/04/08,2025/07/02,Y,Y
60748673,奧克森科技有限公司,"OXON Battery CO., LTD.",新北市新莊區思源路296巷33號8樓,李O慧,0936986889,,2025/04/08,2025/04/10,N,N
00135334,台灣穗康實業有限公司,"Sui Kang Industrial CO., LTD.",新北市新莊區新樹路613之6號7樓,麻O娜,,,2025/04/08,2025/04/08,Y,Y
24740791,尚泰國際企業有限公司,"Sungtai International Enterprise CO., LTD.",新北市板橋區民生路1段33號12樓之3,郭O杰,0910934363,,2025/04/08,2025/04/08,Y,Y
60030290,沐宸服飾,The joy Co.,新北市新莊區新崑路143號5樓,戴O禎,02-22786088,,2025/04/08,2025/04/08,N,N
60674476,殷勝有限公司,Yin Prosper Co.,新北市三重區碧華街59號,林O惠,0282875786,,2025/04/08,2025/04/08,Y,Y
60706809,醫翔智慧有限公司,I-SHIANG Wisdom Ltd.,新北市蘆洲區和平路114巷5號2樓,李O豪,02-82822040,02-82821373,2025/04/08,2025/04/08,Y,Y
60740813,森漾國際室內裝修設計有限公司,"WILDERMERE DESIGN CO., LTD.",新北市三重區重新路5段481號4樓之7,陳O璇,,,2025/04/08,2025/04/08,Y,Y
68955925,天水製冰有限公司,"Tianshui Ice Making CO., LTD.",新北市樹林區三俊街252巷25號,陳O宇,,,2025/04/08,2025/04/08,Y,Y
83624214,吾同食品股份有限公司,"WU TUNG FOOD CO., LTD.",新北市深坑區北深路3段107巷28號3樓,陳O鑫,02-89250083,,2025/04/08,2025/04/08,Y,Y
94211632,未來工場國際有限公司,Future Works International LTD.,新北市三重區新北大道1段95號5樓,林O松,02-27961011,,2025/04/08,2025/04/08,Y,Y
96798736,流星文化股份有限公司,starlight PTY LTD.,新北市板橋區文化路2段331號6樓,王O瑜,,,2025/04/08,2025/04/08,Y,Y
54280696,逸達整合行銷有限公司,Yi Da Integrated Marketing Company,新北市汐止區康寧街281號2樓,洪O敏,,,2025/04/07,2026/08/05,Y,Y
60716927,成哲國際貿易股份有限公司,"CHENG-JE International Trading Co., Ltd.",新北市新莊區建安街25巷11號(1樓),陳O如,,,2025/04/07,2026/02/07,Y,Y
00108940,艾迪寶智能股份有限公司,ADIBO INC.,新北市中和區中正路700號14樓之6,林O豐,02-22466065,,2025/04/07,2025/12/17,Y,Y
94240502,小虎教育機器人科技股份有限公司,"Tiger Robot Techology CO., LTD.",新北市汐止區湖前街110巷97弄5號18樓,張O杰,0982828129,,2025/04/07,2025/10/29,N,N
60748738,蓓特蓮國際貿易有限公司,"BETTERTHAN INTERNATIONAL TRADE CO., LTD.",新北市汐止區樟樹二路251巷20號3樓,廖O偉,02-86461231,,2025/04/07,2025/10/07,Y,Y
50897810,達黌工程有限公司,"DaHongEngineering CO., LTD.",新北市汐止區新台五路1段102號8樓,黃O璇,,,2025/04/07,2025/10/01,Y,Y
24351835,永酒國際有限公司,YONG JIU INTERNATIONAL LTD.,新北市中和區中正路1171號3樓,鍾O堂,02-22266011,02-22264103,2025/04/07,2025/04/07,Y,Y
60685017,廣諾有限公司,"GUANO INDUSTRIAL CO., LTD.",新北市淡水區新民街282號4樓,陳O安,0922002992,,2025/04/07,2025/04/07,Y,Y
60717067,貓狗好味有限公司,"Naturally Fido Co., Ltd.",新北市蘆洲區長安街79號2樓,楊O茂,,,2025/04/07,2025/04/07,Y,Y
65971909,凱凱數位娛樂有限公司,"KKFUN CO., LTD.",新北市新店區安興路105號5樓之7,王O民,,,2025/04/07,2025/04/07,Y,Y
90291535,宥朋興業有限公司,YouPeng Limited,新北市三重區永福街216號1樓,黃O儒,,,2025/04/07,2025/04/07,Y,Y
90306636,長輝照明科技有限公司,Changhui Lighting Technology Co.,新北市金山區信義路8號,王O勛,0911205224,,2025/04/07,2025/04/07,Y,Y
91120644,一點廣告有限公司,"A little Advertising CO., LTD.",新北市三峽區中正路2段584巷2弄8號(4樓),宋O儀,02-86716611 #02,,2025/04/07,2025/04/07,Y,Y
91932426,信泰國際貿易,XTIT Co.,新北市三重區集智街60號(2樓),張O壹,0911281961,,2025/04/07,2025/04/07,Y,Y
94071409,常裕事業股份有限公司,"Everlasting Investment CO., LTD.",新北市林口區南勢一街17巷31號,李O諺,,,2025/04/07,2025/04/07,Y,Y
96787180,泉林國際教育顧問有限公司,"Quanlin International Education Consulting CO., LTD.",新北市永和區保生路22巷19弄28號5樓,張O芳,,,2025/04/07,2025/04/07,Y,Y
98648946,可紳文化股份有限公司,"CoreShine Culture CO., LTD.",新北市中和區橋安街13號3樓,康O銘,0222447000,0222447700,2025/04/07,2025/04/07,Y,Y
00101735,琭毅有限公司,"LUNG YILIMITED CO., LTD.",新北市鶯歌區建國路405巷18號,林O民,0956510130,,2025/04/03,2025/04/03,Y,Y
00043551,摩爾智能股份有限公司,"Liangang Optoelectronics Technology CO., LTD.",新北市汐止區大同路1段497號3樓之3,陳O益,0226903002,0226903393,2025/04/02,2026/07/09,Y,Y
00077897,詠橙有限公司,"ORANGE DESIGN & PRINT CO., LTD.",新北市中和區泰和街38巷38號,何O芸,,,2025/04/02,2026/05/19,Y,Y
60675242,理歐國際有限公司,"LEO International TW Co., Ltd.",新北市淡水區淡金路16巷88號,王O生,,,2025/04/02,2025/04/07,Y,Y
60684621,云穎企業有限公司,"YUN YIN ENTERPRISE CO., LTD.",新北市板橋區國光路173巷12號4樓,陳O熙,0972866799,,2025/04/02,2025/04/07,Y,Y
00122339,睿玲資本管理顧問有限公司,Aa Capital Management Corporation,新北市樹林區千歲街53之8號3樓,高O萬,0911204499,,2025/04/02,2025/04/02,Y,Y
60022236,秉岳工作室,Bing yue Studio,新北市新莊區樹新路206號5樓,彭O逸,0976-630706,,2025/04/02,2025/04/02,Y,Y
60030756,霓露國際化妝品商行,Nilu Studio,新北市新莊區建安街101巷2弄2號6樓,邱O,0973018939,,2025/04/02,2025/04/02,Y,Y
60708004,馬拉送生活有限公司,"Malasong Life CO., LTD.",新北市淡水區沙崙路2段793號7樓,柯O宗,0935047119,,2025/04/02,2025/04/02,N,N
83053100,樺炬有限公司,"Hua ju CO., LTD.",新北市土城區金城路3段93巷17號4樓,吳O華,,,2025/04/02,2025/04/02,Y,Y
86080283,東志有限公司,TONG JHIH LTD.,新北市三重區重新路5段627巷29號1樓,林O哲,02-85122334,,2025/04/02,2025/04/02,Y,Y
93622405,禾星國際室裝貼膜有限公司,"HEXING INTERNATIONAL INTERIOR FILM CO., LTD.",新北市樹林區忠孝街57號,張O賢,0938655798,,2025/04/02,2025/04/02,Y,Y
96760725,安居易租賃住宅包租代管有限公司,Anjuyi Rental Housing Charter Limited Company,新北市三重區新北大道1段123號11樓,張O豪,,,2025/04/02,2025/04/02,Y,Y
96776206,台灣奇驥系統有限公司,TAIWAN SWIFT HORSES SYSTEM LTD.,新北市三重區自由街20號5樓,黃O榮,02-89816892,,2025/04/02,2025/04/02,Y,Y
85002970,起思創意有限公司,"KEYS CREATIVE CO., LTD.",新北市林口區文化二路一段266號地下一層之8,陳O凡,02-23973388,,2025/04/01,2026/08/25,Y,Y
60684559,興誠鑫廣告股份有限公司,"XING-CHENG-XIN ADVERTISING CO., LTD.",新北市板橋區南雅西路1段124巷27號6樓,陳O,,,2025/04/01,2026/07/08,Y,Y
60708709,智軒算擎科技有限公司,Luma LTD.,新北市林口區文化二路1段390號5樓,,0922077209,,2025/04/01,2025/12/03,N,N
60684426,博善貿易有限公司,"BOSHAN LIN TRADING CO., LTD.",新北市中和區安平路36巷53號8樓,蔡O英,,,2025/04/01,2025/04/17,Y,Y
00074619,孤芳自賞文創事業有限公司,"NARCISSISM CREATIVE CO., LTD.",新北市淡水區坪頂路289號9樓,何O瑩,0976052716,,2025/04/01,2025/04/01,Y,Y
29142598,騰夏投資股份有限公司,"TenShire Investment CO., LTD.",新北市汐止區康寧街169巷29之1號9樓之1,盧O榮,,,2025/04/01,2025/04/01,Y,Y
60675643,乃迺國際有限公司,Nainight International Limited,新北市五股區五工六路21號,陳O慈,,,2025/04/01,2025/04/01,Y,Y
60685092,開心果園有限公司,Happy Fruits LTD.,新北市鶯歌區德昌街45號,陳O村,,,2025/04/01,2025/04/01,Y,Y
60685136,立博光電有限公司,"Lipro Vision CO., LTD.",新北市三峽區學成路232之2號(1樓),林O博,(0939)573885,,2025/04/01,2025/04/01,Y,Y
60716877,王驪貿易有限公司,"WANGLI TRADING CO., LTD.",新北市三芝區中正路3段18巷7號(2樓),卓O祐,,,2025/04/01,2025/04/01,Y,Y
60740243,雙嘉貿易有限公司,"SHUANG JIA TRADING CO., LTD.",新北市新莊區幸福路710巷1弄18號7樓,李O發,0933139228,02-29935251,2025/04/01,2025/04/01,Y,Y
80004833,土豆洗鞋工作室,Toodleselect Store,新北市林口區麗園一街35號(東勢公有零售市場),謝O一,,,2025/04/01,2025/04/01,Y,Y
94271693,五星笈有限公司,"Five Star Gaming CO., LTD.",新北市三重區重新路五段609巷20號8樓之10,沈O源,02-29995857,,2025/03/31,2026/06/12,Y,Y
60684761,昱紘貿易有限公司,"Vigor Power Trading CO., LTD.",新北市五股區西雲路118之18號5樓,,,,2025/03/31,2026/06/06,N,N
60674460,海野實業有限公司,Uno Enterprise Company Limited,新北市新店區中央一街47號12樓,吳O蕾,0919211330,,2025/03/31,2025/06/03,Y,Y
00133856,奧全國際有限公司,R - One Company Limited,新北市板橋區文化路2段285號21樓,陳O新,02-89523200,,2025/03/31,2025/03/31,Y,Y
28965270,林口美石業有限公司,"Linkou Mei Stone lrdustry CO,LTD",新北市八里區渡船頭街11巷3號1樓,楊O詳,03-2115368,03-2115852,2025/03/31,2025/03/31,Y,Y
60028647,鉑銯通訊行,Boss Communications Co.,新北市三重區大智街91號,李O瑋,02-29862388,,2025/03/31,2025/03/31,Y,Y
60028999,翊瑄企業社,Ishuan Co.,新北市林口區粉寮路1段72號2樓,朱O瑄,0903036456,,2025/03/31,2025/03/31,Y,Y
60029890,泓銘企業社,Honmin Co.,新北市淡水區新春街85巷19弄50號8樓,陳O銘,0936036456,,2025/03/31,2025/03/31,Y,Y
60030469,希辰科技企業社,XiChencom Co.,新北市淡水區新市一路1段220號16樓,林O昌,,,2025/03/31,2025/03/31,Y,Y
60030524,秉賦國際企業社,Bean Full Co.,新北市中和區中正路503號8樓,黃O棠,0921672567,,2025/03/31,2025/03/31,Y,Y
60675307,昇萱有限公司,SHENG SYUAN LTD.,新北市新莊區仁愛街1號(1樓),郭O瑜,02-26028398,,2025/03/31,2025/03/31,Y,Y
60684565,奔跑吧數字有限公司,"SKYROCKETING DIGITS CO., LTD.",新北市汐止區中興路95號7樓之3,王O立,,,2025/03/31,2025/03/31,Y,Y
60707027,安能全球股份有限公司,"Ener Global CO., LTD.",新北市新店區寶橋路78巷90號21樓,李O英,,,2025/03/31,2025/03/31,Y,Y
60708601,儒玉閣生醫股份有限公司,"Ruyte Biotech CO., LTD.",新北市林口區文化一路1段206號5樓,吳O宇,,,2025/03/31,2025/03/31,Y,Y
95135801,保衛站實業社,Guard Station Industrial Society Co.,新北市新莊區富國路59號(1樓),張O儒,02-29033333,,2025/03/31,2025/03/31,Y,Y
96830911,敬集國際有限公司,"JING JING CO., LTD.",新北市中和區中正路689號12樓之1,彭O敬,03-3689967,,2025/03/31,2025/03/31,Y,N
98646047,聚焦影像科技有限公司,FOCUZ GROUP LTD.,新北市三重區仁賢街16-1號2樓,李O維,,,2025/03/31,2025/03/31,Y,Y
60706792,文宜品牌設計有限公司,Vincdesign Branding Limited Company,新北市新莊區新北大道4段171號3樓,林O,,,2025/03/30,2025/03/30,Y,Y
94180069,邱森萬一號有限公司,,新北市新店區民權路108號地下一層,蔡O洋,,,2025/03/30,2025/03/30,Y,Y
96838293,環旭科技有限公司,HUAN XU Company Limited,新北市汐止區新台五路1段106號18樓,林O華,,,2025/03/28,2025/09/25,Y,Y
00121269,新加坡商松下投影機顯示亞太有限公司台灣分公司,"PANASONIC PROJECTOR & DISPLAY ASIA PACIFIC PTE. LTD., Taiwan Branch(SINGAPORE)",新北市中和區中正路716號7樓之6,"COANG-KANG,WILLIAM",0935024518,,2025/03/28,2025/04/07,Y,Y
00187000,萌之美學有限公司,Artistm Limited Company,新北市五股區新城六路167號13樓,張O玲,0988080984,,2025/03/28,2025/03/28,Y,Y
53428616,棋詮科技有限公司,"Chie Chamg Technology CO., LTD.",新北市土城區學府路1段126巷31號,王O鴻,,,2025/03/28,2025/03/28,Y,Y
60029630,巧嵐企業社,Qiaolan Co.,新北市淡水區新春街85巷19弄50號8樓,顏O嵐,0936036456,,2025/03/28,2025/03/28,Y,Y
60740476,迷我設計有限公司,"Minioh Design CO., LTD.",新北市新店區安興路127之13號8樓,薛O婕,0988609417,,2025/03/28,2025/03/28,Y,Y
60740638,以莘有限公司,EVERSHIN LTD.,新北市樹林區三龍街113之2號7樓,蘇O鳳,02-26765902,,2025/03/28,2025/03/28,Y,Y
69436937,嘉祺國際事業有限公司,"+886 DESIGN CO., LTD.",新北市新店區北宜路1段105巷2號9樓,林O君,0229162263,0229160599,2025/03/28,2025/03/28,Y,Y
91095791,瑞米企業有限公司,"MAKEREAL CO., LTD.",新北市三重區重陽路2段72號（2樓）,方O維,02-29886990,,2025/03/28,2025/03/28,Y,Y
97599931,合冠晉實業有限公司,HKG international Company Limited,新北市中和區立德街72巷34號,黃O傑,02-22222646,02-22226525,2025/03/28,2025/03/28,Y,Y
87222578,菲宸國際企業社,Fei Chen International Company,新北市三重區碧華街65號,徐O雅,02-2705-1775,,2025/03/27,2026/08/29,Y,Y
94252176,宸庭國際有限公司,"Chen Ting International Co., Ltd.",新北市土城區中央路4段68巷11號地下一層,賴O玉,0970-776-157,,2025/03/27,2026/05/18,Y,Y
98648729,劇一下文化傳媒有限公司,Clipply POP Cultural Media Company Limited,新北市新莊區新北大道4段173號2樓,鄭O青,,,2025/03/27,2026/02/14,Y,Y
60707666,港覺良好有限公司,Kongfidence Company Limited,新北市蘆洲區三民路279號,何O仁,,,2025/03/27,2026/01/24,Y,Y
98242919,幸運馨有限公司,"Lucky Lucky Xin Co., Ltd.",新北市新莊區新知三路61號3樓,吳O馨,02-2705-1775,,2025/03/27,2026/01/20,Y,Y
60740150,泰勒有限公司,"TYLOR CO., LTD.",新北市三重區重新路5段609巷12號9樓之10,吳O茂,0923988990,,2025/03/27,2025/11/27,Y,Y
43817279,凱世杰股份有限公司,"Caselabs CO., LTD.",新北市新店區安興路105號5樓之2,黃O杰,0927984888,,2025/03/27,2025/08/14,Y,Y
83169720,安科企業股份有限公司,"ANKE ENTERPRISE CO., LTD.",新北市三重區重新路1段111號,汪O億,0229778966,,2025/03/27,2025/07/09,Y,Y
53473885,禾旭雲端有限公司,"Hexu Cloud Co., Ltd.",新北市汐止區汐萬路2段228巷31弄142號4樓,葉O芸,02-2708-0578,,2025/03/27,2025/05/20,Y,Y
90691906,原森國際有限公司,"Yuansen International Co., Ltd.",新北市中和區立德街32號(1樓),鄭O文,,,2025/03/27,2025/05/20,Y,Y
82984204,皮爾卡頌有限公司,"pierre cassonne Co., Ltd.",新北市永和區中正路649號,賴O閎,02-2705-1775,,2025/03/27,2025/04/10,Y,Y
91742994,佑祈企業社,YUEQI ENTERPRISE CO.,新北市板橋區文聖街89巷22號(1樓),郭O佑,02-2705-1775,,2025/03/27,2025/04/10,N,N
60016522,茶說企業社,TEA TALK Co.,新北市淡水區賢孝里番子田130號4樓,楊O琴,,,2025/03/27,2025/03/27,Y,Y
60024874,奧莉當代藝術空間工作室,Oli Contemporary Art Studio,新北市新店區安興路127之13號8樓,王O宜,,,2025/03/27,2025/03/27,Y,Y
60025178,米娜工作室,Mina select Shop,新北市中和區中正路277之4號18樓,賴O萱,0224223012,,2025/03/27,2025/03/27,Y,Y
60674433,萊敏國際管理顧問有限公司,"LUMIX Consulting Co., Ltd.",新北市新店區安興路127之6號12樓,林O蓉,,,2025/03/27,2025/03/27,N,N
60707547,瑜瑋新創投資股份有限公司,"Wei-Yu Venture Investment Co., Ltd.",新北市汐止區新台五路1段90號17樓,張O瑋,02-87918192,,2025/03/27,2025/03/27,Y,Y
60708671,煒豐貿易股份有限公司,LUMINEX TRADING CORPORATION,新北市汐止區大同路3段196之12號4樓,張O豪,0933427448,,2025/03/27,2025/03/27,Y,Y
60741236,佑泰企業有限公司,Youtai enterprise limited,新北市樹林區大安路145巷14號,徐O仁,0912830148,,2025/03/27,2025/03/27,Y,Y
83231750,興橙衛浴有限公司,"XINGCHENG BATHROOM EQUIPMENT CO., LTD.",新北市五股區四維路106號,詹O珍,,,2025/03/27,2025/03/27,Y,Y
96816663,凱盟資通有限公司,KPLUS TECHNOLOGY LTD.,新北市汐止區新台五路1段93號21樓之6,曾O綺,,,2025/03/27,2025/03/27,Y,Y
94190897,至辰鑫有限公司,"Chin Chen Xin CO., LTD.",新北市新莊區中正路530號之4(1樓),陳O婷,02-26880505,02-26763636,2025/03/26,2026/09/18,Y,Y
00243684,素茵國際農業科技股份有限公司,"Suyin International Agricultural Technology Co., Ltd.",新北市板橋區忠孝路283之1號8樓,錦O國際投資有限公司,,,2025/03/26,2025/09/12,Y,Y
00213443,艾米智投投資有限公司,AMI Invest LTD.,新北市汐止區建成路142巷37號9樓,陳O君,0223629588,,2025/03/26,2025/03/26,Y,Y
60674757,神鼎精密股份有限公司,"Crown Foundation Co., Ltd.",新北市新莊區民安東路125巷2號,楊O士,02-22060678,02-22060617,2025/03/26,2025/03/26,Y,Y
60675566,蟹老闆聚寶閣國際有限公司,"Crab Boss International CO., LTD.",新北市板橋區中山路1段293之1號10樓之1,謝O韓,,,2025/03/26,2025/03/26,Y,Y
60708052,湘淳貿易股份有限公司,Xiang Chun Trading Corporation,新北市板橋區文化路2段601號4樓,盧O茵,,,2025/03/26,2025/03/26,Y,Y
60740790,元茂材料有限公司,Yuanmao material Co.,新北市泰山區新北大道6段313巷13弄7號,林O彬,02-29032608,,2025/03/26,2025/03/26,Y,Y
83260430,禾田茂食品有限公司,"Hetianmao CO., LTD.",新北市三重區興德路143號,李O恆,,,2025/03/26,2025/03/26,Y,Y
94235310,正軒室內裝潢有限公司,"ZHENG XUAN INTERIOR DESIGN CO., LTD.",新北市蘆洲區信義路222巷49號,李O達,0952219367,,2025/03/26,2025/03/26,Y,Y
95145625,礫山行,zzAccessories Studio,新北市板橋區新生街59號4樓,仇O雰,,,2025/03/26,2025/03/26,Y,Y
60740996,神磐科技有限公司,Rock of God Limited Company,新北市淡水區中正東路2段69之8號7樓,鮑O華,0918-880435,,2025/03/25,2025/12/02,Y,Y
83259222,東圓有限公司,"DUNG YUAN PRINTING INK CO., LTD.",新北市土城區中央路4段60之1號10樓,黃O豪,033411388,033412693,2025/03/25,2025/04/24,Y,Y
00117477,金饒饒有限公司,"Jinyuanyuan CO., LTD.",新北市林口區民有街56號14樓,賴O伊,0931396888,,2025/03/25,2025/03/25,Y,Y
42705022,眾志成有限公司,Zhong-Zhi-Cheng LTD.,新北市新莊區中正路657之7號3樓,蔡O華,02-26830843,,2025/03/25,2025/03/25,Y,Y
52423965,采禾國際投資顧問有限公司,"CHI HE INTERNATION CO., LTD.",新北市汐止區明峰街85號5樓,黃O毓,0227992306,,2025/03/25,2025/03/25,Y,Y
53740095,梅茲卡特設計有限公司,MAZKOT Inc.,新北市板橋區新崑路86號,盧O君,,,2025/03/25,2025/03/25,Y,Y
60028148,貳拾二克靈魂製造設計工作室,TWENTYTWOGrams Soulmade Studio,新北市新莊區中信街176號13樓之1,黃O成,0909099456,,2025/03/25,2025/03/25,Y,Y
60674882,讓聲音自由有限公司,"The Free Voice Project CO., LTD.",新北市樹林區忠孝街43巷2號10樓,黃OO,0912630860,,2025/03/25,2025/03/25,Y,Y
60675377,啵仔海鮮有限公司,"BoZai Seafood Co., Ltd.",新北市三重區中興北街132之3號,謝O松,,,2025/03/25,2025/03/25,N,N
60740264,幻視股份有限公司,Huanshi INC.,新北市中和區南山路421巷2弄2號4樓,莊O立,,,2025/03/25,2025/03/25,Y,Y
60740911,銓鋮實業有限公司,"CHUAN CHENG GLOBAL CO., LTD.",新北市林口區民族路88號2樓,邱O銓,0972706280,,2025/03/25,2025/03/25,Y,Y
82997910,晨譯工程顧問股份有限公司,"Chen-ii CO., LTD.",新北市汐止區新台五路1段159號14樓之10,李O君,,,2025/03/25,2025/03/25,Y,Y
85425387,郁宸企業社,Yu Chen E-commerce Co.,新北市中和區圓通路56號7樓之2,林O逵,,,2025/03/25,2025/03/25,N,N
91041326,東迪企業有限公司,DONG-DI ENTERPRISE LTD.,新北市新莊區永樂街239巷2弄1號(1樓),姜O欣,02-22766837,,2025/03/25,2025/03/25,Y,Y
91689111,欣鎰國際汽車實業社,XINYI INTERNATIONAL AUTOMOBILE Co.,新北市新莊區富國路109巷3號4樓,韓O翰,02-22064988,,2025/03/25,2025/03/25,Y,Y
93796432,新格子文創設計有限公司,Singezih Cultural And Creative Design LTD.,新北市淡水區中正東路1段3巷15號3樓,郭O賢,02-86315292,02-86315755,2025/03/25,2025/03/25,Y,Y
96779365,啟匠有限公司,"CHI JIANG INTERNATIONAL CO., LTD.",新北市林口區仁愛路1段342號5樓之2,鄭O哲,,,2025/03/25,2025/03/25,Y,Y
96820316,上虅起重有限公司,"Shang teng Lifting CO., LTD.",新北市泰山區泰林路2段462號(1樓),游O莉,02-29038100,,2025/03/25,2025/03/25,Y,Y
96914165,頂昌工業有限公司,"Ding Chang lndustrial CO., LTD.",新北市新莊區民安東路154號1樓,江O曇,0222019887,0222021839,2025/03/25,2025/03/25,Y,Y
53353452,夢想花園有限公司,"MENG XIANG HUA YUAN CO., LTD.",新北市板橋區漢生東路193巷1號3樓,張O蓉,,,2025/03/24,2026/07/09,Y,Y
60674969,台灣漢裕航國際有限公司,"Taiwan Han Yu Hang International CO., LTD.",新北市中和區建一路183號,徐O青,0939-018184,,2025/03/24,2026/06/30,Y,Y
94226311,昕展國際企業有限公司,Xin Zhan International Enterprises Ltd.,新北市土城區承天路86之1號,黃O玲,02-22673116,,2025/03/24,2025/12/02,Y,Y
95454282,創星映象媒體有限公司,Star Weaver Media Company Limited,新北市新莊區新北大道4段173號2樓,蕭O駿,,,2025/03/24,2025/05/10,Y,Y
00164180,九品匯有限公司,Jiupinhui LTD.,新北市新莊區立信三街12巷2號,周O蓉,,,2025/03/24,2025/03/24,Y,Y
00210662,翰得國際投資有限公司,Han De INC.,新北市新店區中央路155號7樓之2,杜O儀,,,2025/03/24,2025/03/24,Y,Y
54030213,城市發展興業股份有限公司,"City-Development Enterprise CO., LTD.",新北市三重區三和路4段103號16樓,楊O暄,08-8335656,08-8331683,2025/03/24,2025/03/24,Y,Y
60024044,大洋國際物聯網企業社,Dayang Frozen Food Co.,新北市汐止區新台五路1段93號21樓之6,江O陞,,,2025/03/24,2025/03/24,N,N
60707461,鼎積資訊工程有限公司,"Dingji Information Engineering CO., LTD.",新北市汐止區新台五路1段159號14樓之5,林O均,0925599931,,2025/03/24,2025/03/24,Y,Y
83053093,桀諾國際事業有限公司,"JINUNO INTERNATIONAL CO., LTD.",新北市汐止區伯爵街54巷2號10樓,黃O瑋,0937315319,,2025/03/24,2025/03/24,Y,Y
85076439,宸通科技股份有限公司,CHENTONG INC.,新北市新莊區新北大道3段3號7樓,蕭O學,,,2025/03/24,2025/03/24,Y,Y
85340228,山曰工作室,SAANYUA STUDIO,新北市新店區黎明路57巷35號,江O萱,,,2025/03/24,2025/03/24,Y,Y
85349348,羽豐水產行,Yu Feng International Hang,新北市新莊區建安街40巷2號4樓,呂O芬,0932741131,,2025/03/24,2025/03/24,Y,Y
60677163,斐歐納工程有限公司,"U-GOOD ENGINEERING CO., LTD.",新北市板橋區雙十路2段52號11樓,劉O軒,,,2025/03/21,2025/06/18,Y,Y
97567733,金奇霖有限公司,GQL LTD.,新北市新店區安和路2段169巷8號2樓,潘O展,0973205144,,2025/03/21,2025/03/26,N,N
00227848,綠流體國際股份有限公司,"xleitung International CO., LTD.",新北市中和區中正路442巷10號4樓,何O貴,,,2025/03/21,2025/03/21,Y,Y
50896143,珮茲有限公司,"PEIZI CO., LTD.",新北市汐止區宜興街59巷11號,宋O達,02-26605411,,2025/03/21,2025/03/21,Y,Y
60675192,坤詮科技有限公司,"KUNQUAN TECHNOLOGY CO., LTD.",新北市中和區新民街39號7樓,陳O璁,02-82216833,,2025/03/21,2025/03/21,Y,Y
60707188,令川有限公司,Lingchuan Design Vision LTD.,新北市土城區亞洲路118號(1樓),林O伶,,,2025/03/21,2025/03/21,Y,Y
82085300,佳利工作室,JIA LI Workshop,新北市新莊區中華路2段186號12樓,吳O珍,02-22799918,,2025/03/21,2025/03/21,Y,Y
82973327,芙倫絲國際有限公司,"Friends International CO., LTD.",新北市板橋區四川路2段47巷4弄9號,林O吉,02-89672100,,2025/03/21,2025/03/21,Y,Y
90302505,傲嬌軟體有限公司,"ALLJOINT CO., LTD.",新北市中和區福祥路9號17樓之13,魏O霆,0910229093,,2025/03/21,2025/03/21,Y,Y
93525635,群燿企管顧問有限公司,"Chun Yao Management Consulting CO., LTD.",新北市中和區橋和路15號16樓,何O群,0919148898,,2025/03/21,2025/03/21,Y,Y
94883808,紀元實業社,Jiyuan Hang,新北市汐止區新台五路1段93號21樓之6,黃O語,02-26427148,,2025/03/20,2026/07/10,Y,Y
60025183,威肯仕企業社,WEEKENDS Co.,新北市三重區重陽路4段130號12樓,羅O寧,,,2025/03/20,2026/03/13,Y,Y
60740497,可洛科技有限公司,"COLOTECH CO., LTD.",新北市新店區中央路155號7樓之1,陳O朋,,,2025/03/20,2026/03/07,Y,Y
90441470,晉滕實業有限公司,"JINTENG INDUSTRIAL CO., LTD.",新北市三重區中正北路560巷108號,許O章,,,2025/03/20,2025/04/16,Y,Y
37102773,財團法人台灣高爾夫俱樂部,Taiwan Golf & Country Club,新北市淡水區中正路一段6巷32號,陳O豪,02-26212211#22,02-26294966,2025/03/20,2025/03/20,Y,Y
54700249,玖鋒彩印有限公司,"Jiu Feng Printing CO., LTD.",新北市中和區建一路175號4樓,陳O俊,02-82216606,02-82215776,2025/03/20,2025/03/20,Y,Y
60025368,扛棒企業社,GANGBANG Co.,新北市三重區重陽路4段130號12樓,羅O揚,,,2025/03/20,2025/03/20,Y,Y
60027844,元鼎傳奇企業社,Yuan Ding Legend Enterprise Shop,新北市三重區三陽路64號地下1層,曾O慶,0938102398,,2025/03/20,2025/03/20,N,N
60675405,天揚新創股份有限公司,"SkyRise Innovations CO., LTD.",新北市林口區粉寮一街89號,黃O峰,,,2025/03/20,2025/03/20,Y,Y
60675539,群鉅石材有限公司,"QUN JU STONE CO., LTD.",新北市三峽區永安街9巷12號,蘇O棟,0963-336-159,,2025/03/20,2025/03/20,Y,Y
83263577,紘璟企業有限公司,"bali stone Enterprise CO., LTD.",新北市八里區中華路1段126號,劉O萲,02-86303317,,2025/03/20,2025/03/20,Y,Y
96683615,漢軒實業有限公司,"Hanson Industrial CO., LTD.",新北市新店區中正路489之1號3樓之2,林O霆,,,2025/03/20,2025/03/20,Y,Y
00206317,視界魔方創意行銷有限公司,VISION TESSERACT Creative Marketing LTD.,新北市土城區延壽路55巷9弄1號(3樓),吳O霖,0282610005,0222659898,2025/03/19,2026/07/20,N,N
60739935,耐恩適生技有限公司,"Nails Biotechnology CO., LTD.",新北市三重區頂崁街203巷16號(1樓),孫O勿,02-89720186,,2025/03/19,2026/04/14,Y,Y
95432909,科智數位股份有限公司,KJ Intelligent CORP.,新北市三重區中華路50巷1弄2號,柯O偉,02-29008681,02-29002815,2025/03/19,2025/06/25,Y,Y
90876853,霖果創意整合有限公司,"RINGO INNOVATIVE MARTECH CO., LTD.",新北市蘆洲區民族路236巷11號,周O儀,02-27134567 #555,,2025/03/19,2025/05/07,Y,Y
00206800,克訊科技有限公司,"XSYNC TECHNOLOGY CO., LTD.",新北市淡水區沙崙路152巷17弄2號14樓,林O昉,0922599336,,2025/03/19,2025/03/19,Y,Y
28556205,寶慶工程有限公司,"Bao Cing CO., LTD.",新北市林口區粉寮路1段39號,黃O婷,,,2025/03/19,2025/03/19,Y,Y
60026438,洛斯特國際企業社,Lost Toys-Tw Co.,新北市樹林區太順街96巷9號5樓,鄭O中,,,2025/03/19,2025/03/19,N,N
60674573,富聿國際有限公司,FUYUSTAR INTERNATIONAL LTD.,新北市三重區中興北街58號,李O芸,0939768677,,2025/03/19,2025/03/19,Y,Y
60674601,雲藤創境有限公司,Cloudvinee Creations LTD.,新北市板橋區文化路2段285號21樓,王O萱,0919995687,,2025/03/19,2025/03/19,Y,Y
60674996,坤鴻資訊有限公司,"Kun Hong Information CO., LTD.",新北市三重區自由街32號,廖O瑛,0921806132,,2025/03/19,2025/03/19,Y,Y
60675067,利普斯貿易有限公司,"LEAPS TRADING CO., LTD.",新北市新莊區中正路708之5號7樓,簡O宏,0988663686,,2025/03/19,2025/03/19,Y,Y
60675382,紅衫科技實業有限公司,"sequoia Technology Industry CO., LTD.",新北市樹林區大雅路336號7樓,林O陽,0937014085,,2025/03/19,2025/03/19,Y,Y
91798547,映啟行銷企業社,Inchi Video Marketing Studio,新北市板橋區光復街203號,張O柔,0937092518,,2025/03/19,2025/03/19,Y,Y
93510555,愷創餐飲規劃顧問有限公司,"Kai Chuang Catering Equipment CO., LTD.",新北市板橋區藝文街130號,魏O軒,,,2025/03/19,2025/03/19,Y,Y
95482787,歐妮娛樂有限公司,"Onni Entertainment Co., Ltd",新北市板橋區板新路81巷2號3樓,歐O君,,,2025/03/19,2025/03/19,Y,Y
60674362,睿智通信有限公司,"Wise Communication CO., LTD.",新北市汐止區新台五路1段95號16樓之1,陳O芬,,,2025/03/18,2026/04/16,Y,Y
60675171,榀龍國際貿易有限公司,"PinLong International Trading CO., LTD.",新北市板橋區大觀路3段212巷16號,陳O剛,,,2025/03/18,2026/03/29,Y,Y
60740378,微捷創研股份有限公司,Brillify Tech INC.,新北市新店區中正路525號8樓,陳O琦,,,2025/03/18,2025/03/20,Y,Y
00031041,正利科技材料有限公司,"Chen Lee Technomaterial CO., LTD.",新北市新店區永安街83巷11號6樓,林O棠,02-22101956,,2025/03/18,2025/03/18,Y,Y
00157097,奧域有限公司,"TREASURE ZONE CO., LTD.",新北市永和區福和路389號8樓之2,高O凡,,,2025/03/18,2025/03/18,Y,Y
26187233,大順汽車商行,Da Shun Automobile Co.,新北市林口區竹林路348巷10號,楊O成,,,2025/03/18,2025/03/18,Y,Y
60023164,栢墨設計工作室,BaiMo Co.,新北市板橋區龍泉街108巷26號2樓,洪O玟,,,2025/03/18,2025/03/18,Y,Y
60023642,金悅立企業社,"JIN,YUE-LI Company",新北市蘆洲區中山一路161號3樓,洪O慧,,,2025/03/18,2025/03/18,Y,Y
60675257,夫幾國際有限公司,Fuuji International Limited,新北市板橋區文化路2段182巷3弄50號20樓,林O華,,,2025/03/18,2025/03/18,Y,Y
60740460,羅馬窗飾有限公司,"Rometex furniture CO., LTD.",新北市三重區重新路5段609巷14號之2,蔡O達,02-66358381,02-22781249,2025/03/18,2025/03/18,Y,Y
90207919,展誠醫務管理顧問股份有限公司,"ZHAN CHENG Medical Management Consultants CO., LTD.",新北市新店區黎明路53巷16號(1樓),陳O群,,,2025/03/18,2025/03/18,Y,Y
93561478,矩陣運動科技有限公司,"MATRIX SPORTS TECH CO.,LTD",新北市永和區成功路1段38巷12號(1樓),陳O宏,02-22080180,,2025/03/18,2025/03/18,Y,Y
90299277,禾智全球有限公司,Hezhi Global Limited,新北市汐止區康寧街169巷8之9號5樓,林O瑋,0226956050,,2025/03/17,2026/09/08,Y,Y
53456598,騰冠精密工業股份有限公司,"TENG GUAM PRECISION IND CO., LTD.",新北市新莊區西盛街324巷12號,蔣O輝,,,2025/03/17,2025/07/01,Y,Y
96839223,高仕國際貿易有限公司,"KAO SHI International Trading CO., LTD.",新北市土城區員林街65號4樓,高O偉,02-22749998,,2025/03/17,2025/06/27,Y,Y
60674715,紘恩科技有限公司,"Hong Enn Technology CO., LTD.",新北市新店區寶橋路235巷118號4樓之2,吳O哲,,,2025/03/17,2025/06/07,Y,Y
92678210,鑫銳實業社,SINRUEI Company,新北市新店區安興路127之6號12樓,王O傑,,,2025/03/17,2025/05/21,Y,Y
00092525,勝意國際有限公司,"Winmeaning International CO., LTD.",新北市中和區中山路2段296號7樓之5,黃O杰,,,2025/03/17,2025/03/17,Y,Y
00098909,我的脾氣有限公司,My Temper Limited Company,新北市中和區中正路700號5樓之1,劉O緯,,,2025/03/17,2025/03/17,Y,Y
42732029,隱味股份有限公司,"Wumamii Beefnoodle CO., LTD.",新北市板橋區四川路1段87巷2弄12之2號(1樓),吳O民,0277096637,,2025/03/17,2025/03/17,Y,Y
60026079,吉可眼鏡行,JIKE OPTICAL Co.,新北市新店區北新路2段3號(1樓),蘇O雯,0970751201,,2025/03/17,2025/03/17,Y,Y
60026275,萬永盛商行,Wan Yong Sheng Trading Co.,新北市三重區成功路110號19樓之17,林O居,0229782722,,2025/03/17,2025/03/17,N,N
60674594,源旭國際水產有限公司,"YUAN HSU CO., LTD.",新北市中和區立人街14巷37號(1樓),謝O倪,0921923728,,2025/03/17,2025/03/17,N,N
60674709,智德科技有限公司,"SYNAPTIC SPHERE CO., LTD.",新北市鶯歌區中山路329巷39號5樓,廖O瑋,0912507047,,2025/03/17,2025/03/17,Y,Y
60741165,富聚欣有限公司,"FU CHU HSIN CO., LTD.",新北市永和區中山路1段249號3樓,黃O峰,09-89898218,,2025/03/17,2025/03/17,Y,Y
60741209,菁瑞生醫股份有限公司,"GENEXT BIOPHARM CO., LTD.",新北市泰山區明志路3段478號15樓之3,胡O方,02-29017170,,2025/03/17,2025/03/17,Y,Y
60741329,旺佳康實業有限公司,"Wang Jia Kang Industrial CO., LTD.",新北市新店區寶橋路78巷106號18樓,孫O康,,,2025/03/17,2025/03/17,Y,Y
69403859,星昱實業有限公司,"X.Y Industrial CO., LTD.",新北市新莊區新知三路95號2樓,吳O憲,02-22910101,02-22930101,2025/03/17,2025/03/17,Y,Y
90104934,久立電線電纜有限公司,"JIULI WIRE AND CABLE CO., LTD.",新北市三峽區復興路101巷1弄67號6樓之1,賴O希,02-86725806,02-86725906,2025/03/17,2025/03/17,Y,Y
90691217,錡毅實業有限公司,"Qiyi Industrial l Co., Ltd.",新北市鶯歌區永樂街22號,余O叡,02-26773739,,2025/03/17,2025/03/17,Y,Y
91717897,安合室內裝修,ANHO INTERIOR DESIGN Company,新北市土城區裕民路92巷5弄8號13樓,賴O智,02-22701106,,2025/03/17,2025/03/17,Y,Y
97634901,超用心整合有限公司,CHAO YONG XIN LTD.,新北市中和區景平路100之3號4樓,李O霖,0911292720,,2025/03/17,2025/03/17,Y,Y
97750247,芯宇智動科技股份有限公司,StellaOn Technology INC.,新北市中和區連城路258號9樓之8,簡O誠,0960642868,,2025/03/17,2025/03/17,Y,Y
50863467,巨靈股份有限公司,"Artificial Leviathan CO., LTD.",新北市新店區環河路20號25樓之1,吳O賦,,,2025/03/15,2025/03/15,Y,Y
00114577,遠見智造科技股份有限公司,"VIM technology CO., LTD.",新北市中和區中正路872號8樓之3,鍾O中,02-22220398,02-29141773,2025/03/14,2026/09/03,Y,Y
00039114,情趣女孩有限公司,"Sextoygirl CO., LTD.",新北市新莊區中平路288號之6八樓,顏O誼,,,2025/03/14,2025/03/14,Y,Y
28725477,崴政企業有限公司,"WEI ZHENG ENTERPRISE CO., LTD.",新北市三重區後竹圍街2巷8號2樓,林O村,,,2025/03/14,2025/03/14,Y,Y
52251175,泓鼎國際有限公司,"HungDing International CO., LTD.",新北市樹林區福順街19號,花O諭,02-26687761,,2025/03/14,2025/03/14,Y,Y
60022783,羽甯茶館,YU NING Co.,新北市瑞芳區明燈路3段43號(1樓),楊O豪,02-24960458,,2025/03/14,2025/03/14,Y,Y
60025439,福來喜國際商行,Inter Flash Co.,新北市蘆洲區正和街39之7號10樓,林O哲,,,2025/03/14,2025/03/14,Y,Y
60674428,元麒國際企業有限公司,"GENKI INTERNATIONAL CO., LTD.",新北市三重區福隆路6號4樓,游O寧,02-22808553,,2025/03/14,2025/03/14,Y,Y
80425107,展誠企管顧問有限公司,"Chancheng Management Consulting CO., LTD.",新北市蘆洲區永安南路2段72之1號4樓,侯O隆,0921845157,,2025/03/14,2025/03/14,Y,Y
90068917,赫希斯有限公司,"HERSE INFORMATION CO., LTD.",新北市三重區重新路4段244巷7弄8號2樓,林O嶧,,,2025/03/14,2025/03/14,Y,Y
90796227,耀億企業有限公司,"yaoyi trade Co., Ltd.",新北市新莊區福壽街124巷34弄11號(1樓),陳O幃,,,2025/03/14,2025/03/14,Y,Y
91112362,至誠合有限公司,Topreach Limited Company,新北市板橋區文化路1段419之6號5樓,謝O義,0922423682,,2025/03/14,2025/03/14,Y,Y
96800212,蟹老大有限公司,"Mr. Krabs CO., LTD.",新北市新莊區新知三路61號3樓,吳O成,0963620002,,2025/03/14,2025/03/14,Y,Y
90645517,光之鐸娛樂有限公司,"Sparkling Entertainment CO., LTD.",新北市林口區文化二路1段266號地下一層之8,廖O安,02-86011086,,2025/03/13,2026/04/22,Y,Y
95120928,銀順企業社,Yinshun Company,新北市新店區安興路105號5樓之2,吳O本,,,2025/03/13,2025/08/08,N,N
60740291,匯得國際股份有限公司,"Vitor International CO., LTD.",新北市樹林區樹潭街12號,賴O弘,02-86873387,,2025/03/13,2025/07/08,Y,Y
95007600,鑫婷企業社,Xinting Company,新北市新店區安興路127之3號,鄭O升,,,2025/03/13,2025/05/24,N,N
95120820,銀壺企業社,Silver Pot Company,新北市新店區安興路127之13號8樓,高O峯,,,2025/03/13,2025/05/24,N,N
95120841,鉑祥企業社,BO SHIANG Company,新北市新店區安興路127之13號8樓,高O帆,,,2025/03/13,2025/05/24,N,N
96805342,先鋒探針科技股份有限公司,"Pioneer Probe Pins Technology CO., LTD.",新北市淡水區中正東路2段121號2樓,劉O哲,02-6604-5123,,2025/03/13,2025/04/13,Y,Y
93570321,鼎旭發有限公司,"DIN SHIU FA CO., LTD.",新北市永和區國中路150號,吳O芩,02-2929-4135,,2025/03/13,2025/03/14,Y,Y
60740341,智詣科技股份有限公司,"DENKMACH CO., LTD.",新北市五股區成泰路3段415號(1樓),陳O安,0975-895302,,2025/03/13,2025/03/13,Y,Y
60740601,玖宿國際有限公司,Jusoo International Limited,新北市三重區五華街66號(1樓),黃O雯,,,2025/03/13,2025/03/13,Y,Y
60740898,橋和新材料有限公司,"BRIPEACE CO., LTD.",新北市鶯歌區國中街11之2號5樓,鍾O昆,0978617826,,2025/03/13,2025/03/13,Y,Y
83038973,偉尼昊甜點有限公司,"Wei Ni Hao Desserts CO., LTD.",新北市淡水區民權路67號7樓之1,鄭O昊,0975586368,,2025/03/13,2025/03/13,Y,Y
89141691,大有系統有限公司,"Treasure Systems CO., LTD.",新北市板橋區三民路2段245巷4弄11號3樓,黃O淞,0229599179,,2025/03/13,2025/03/13,Y,Y
89149027,龍䬠精密有限公司,"Inno Production Precision CO., LTD.",新北市樹林區中山路2段151巷15弄8號,陳O涒,02-86858067,,2025/03/13,2025/03/13,Y,Y
95439353,特福瑞企業有限公司,"TITAN-FREEZE ENTERPRISE CO., LTD.",新北市新莊區中港路92號7樓,彭O緯,0952606300,,2025/03/13,2025/03/13,Y,Y
95477166,文生國際有限公司,"VESEN CO.,LTD.",新北市汐止區大同路3段609號20樓之1,蘇O豪,07-7861409,,2025/03/12,2026/09/10,Y,Y
60706553,北美國際精密工業有限公司,"North America Injection Innovation Co., Ltd.",新北市五股區國道路3段8巷2號,賴O淼,06-3566556,06-3566785,2025/03/12,2026/03/19,Y,Y
95435048,維望股份有限公司,"Edivise CO., LTD.",新北市新莊區新北大道4段175號3樓,,0975132809,,2025/03/12,2026/03/19,N,N
60740519,泰陽電力股份有限公司,TaiPower Green Energy INC.,新北市三重區光復路1段61巷27號6樓之2,游O誼,,,2025/03/12,2026/02/03,Y,Y
90099876,傳陽數位管理顧問股份有限公司,"Transun Digital Management Consulting Co.,LTD.",新北市永和區中正路193號2樓,簡O良,02-27271320,,2025/03/12,2025/10/04,Y,Y
00123294,喬富整合行銷有限公司,Joyfull Integrated Marketing LTD.,新北市永和區中山路1段24號2樓,李O珊,0975650063,,2025/03/12,2025/07/11,Y,Y
00122794,沸町有限公司,"Feeding CO., LTD.",新北市三重區重新路2段21號11樓,楊O宇,,,2025/03/12,2025/03/12,Y,Y
00165364,曜信科技有限公司,"YAU SHIN Technology Co., Ltd.",新北市三重區中正北路146號4樓,謝O倫,0970825052,,2025/03/12,2025/03/12,Y,Y
60740089,修瑪珂國際新創有限公司,"Show Mark International Startup CO., LTD.",新北市蘆洲區中山一路161號3樓,林O緯,,,2025/03/12,2025/03/12,Y,Y
60740807,捷森智能科技有限公司,Sentric AI INC.,新北市淡水區新市二路3段36巷37弄6號11樓,黃O鈞,02-27675001,,2025/03/12,2025/03/12,Y,Y
96830573,醒暮行銷有限公司,SKYGLOW Marketing Company Limited,新北市新莊區福美街41號24樓,劉O華,,,2025/03/12,2025/03/12,Y,Y
00212015,吉冶高有限公司,"MAINN CO., LTD.",新北市新莊區民安西路384號之7(1樓),王O發,,,2025/03/11,2026/09/11,Y,Y
28492337,瑞氏精誠有限公司,RoyceEntrust Taiwan LTD.,新北市新店區北新路2段262號3樓之3,,0916951228,,2025/03/11,2026/06/06,N,N
95432149,貝好利有限公司,"Boholi CO., LTD.",新北市汐止區仁愛路339號2樓,陳O成,,,2025/03/11,2026/02/24,Y,Y
00131941,沅盛國際開發股份有限公司,"YUAN SHENG INTERNATIONAL DEVELOPMENT CO., LTD.",新北市板橋區板新路105號2樓,黃O智,02 27033765,02-27067090,2025/03/11,2025/05/16,Y,Y
00101670,夯海有限公司,"BIG POWER SEA CO., LTD.",新北市新店區北新路2段126號13樓之8,黃O琳,,,2025/03/11,2025/05/01,Y,Y
00021655,永潤國際商社有限公司,"ART.BIO International Trading CO., LTD.",新北市新莊區中信街176號23樓之5,盧O餘,02-66041799,,2025/03/11,2025/03/11,Y,Y
00101550,有理文化有限公司,Uli Books & Culture LTD.,新北市新店區民權路108之4號5樓,涂O恩,,,2025/03/11,2025/03/11,Y,Y
00155020,鈞彩科技有限公司,"Juncolor Technology Co., Ltd.",新北市新店區安興路85之27號6樓,曾O傑,,,2025/03/11,2025/03/11,Y,Y
00169707,酷比國際股份有限公司,"CUBE INTERNATIONAL CO., LTD.",新北市泰山區泰林路2段258號3樓,張O雯,,,2025/03/11,2025/03/11,Y,Y
24308768,歐郡國際事業有限公司,"OR JIUN CO., LTD.",新北市板橋區莊敬路220巷22號12樓,洪O謙,02-22528611,02-22516038,2025/03/11,2025/03/11,Y,Y
25015326,輝麟科技有限公司,"HuiLin Technology CO., LTD",新北市樹林區中山路2段151巷12之5號(1樓),花O臻,02-22687761,,2025/03/11,2025/03/11,Y,Y
28647536,金溢冷氣企業有限公司,"GIN YEE AIR CONDITION CO., LTD.",新北市中和區安樂路113號(1樓),劉O治,02-29409435,02-29408993,2025/03/11,2025/03/11,Y,Y
91692559,木木柒手創工坊,MokuMoku Qii Studio,新北市板橋區忠孝路忠義巷17弄3號(2樓),林O宜,02-89530075,,2025/03/11,2025/03/11,Y,Y
95435976,閎康有限公司,"Molly Textile CO., LTD.",新北市新莊區思源路23號11樓,何O邦,02-87681169,02-87681089,2025/03/11,2025/03/11,Y,Y
95450096,盛群國際有限公司,"Sheng-Chun International CO., LTD.",新北市板橋區文化路1段360號37樓之17,邱O翔,02-27321247,,2025/03/11,2025/03/11,Y,Y
90103560,碩隆事業有限公司,"Salon AU Naturel CO., LTD.",新北市三峽區光明路69巷22號（1樓）,李O維,03-4331828,,2025/03/10,2026/06/09,Y,Y
60018182,依杉伊駟商行,Isannisuu Company,新北市中和區中原二街28號18樓,蔡O勳,02-28348588,,2025/03/10,2026/03/17,Y,Y
95431887,苑雲有限公司,"YUAN YUN CO., LTD.",新北市三重區長壽街65-1號1樓,簡O萱,,,2025/03/10,2026/03/12,Y,Y
90530347,天晴科技股份有限公司,Tenchinggre Company Limited,新北市新店區安祥路73巷41號3樓,劉O琳,02-28217858,,2025/03/10,2026/01/20,Y,Y
60018177,品木言企業社,Pingmuyeahh Company,新北市中和區中原二街28號18樓,江O涵,0901-270-954,,2025/03/10,2025/08/13,Y,Y
00076291,棠火有限公司,KISMETW INC.,新北市永和區永和路2段116號4樓,洪O臨,0933361164,,2025/03/10,2025/03/10,Y,Y
04793101,清河工程有限公司,Ching He engineering Ltd.,新北市汐止區福德一路392巷21號之3,張O照,,,2025/03/10,2025/03/10,Y,Y
24716758,尼特客低空無人機科技股份有限公司,"NETTEC LOW-ALTITUDE DRONES TECHNOLOGY CO., LTD.",新北市土城區忠承路93號7樓,董O宗,,,2025/03/10,2025/03/10,Y,Y
60023299,宏耀科技工作室,Hong-Light Tech Studio,新北市汐止區大同路1段124號3樓,高O騰,,,2025/03/10,2025/03/10,Y,Y
60740010,鹽分地帶文化有限公司,Saltzone Production LTD.,新北市中和區中和路350巷3弄3號,江O傑,,,2025/03/10,2025/03/10,Y,Y
60740095,日山風有限公司,Suncrest Co. Ltd.,新北市三重區神農街258號6樓,袁O堯,,,2025/03/10,2025/03/10,N,N
80703235,久益金屬工程有限公司,"JIUYI METAL WORK CO., LTD.",新北市汐止區新台五路1段77號之3,林O安,02-26982289,,2025/03/10,2025/03/10,Y,Y
83189943,水十娛樂企業有限公司,water ten entertainment LTD.,新北市土城區中華路1段36號7樓之1,姚O文,,,2025/03/10,2025/03/10,Y,Y
85027281,鼎源國際實業有限公司,"Dingyuan International Trading CO., LTD.",新北市新莊區天祥街92巷41號,戴O德,02-29014266,,2025/03/10,2025/03/10,Y,Y
95154095,悅綵企業社,YUE CAI Enterprise Co.,新北市蘆洲區長安街194巷12號(1樓),蔡O珊,,,2025/03/10,2025/03/10,Y,Y
95461734,神諭遊戲有限公司,"Oracle Games CO., LTD.",新北市新店區民權路153號4樓,鄧O祥,,,2025/03/10,2025/03/10,Y,Y
96839764,日天科技有限公司,Sun Nature Biotechnology LTD.,新北市三重區仁華街62巷11號（1樓）,謝O德,0928-617893,,2025/03/10,2025/03/10,Y,Y
97530027,威士尼有限公司,"Wesni CO., LTD.",新北市新店區民權路153號4樓,吳O勲,,,2025/03/10,2025/03/10,Y,Y
00123230,台隼尖端工業有限公司,Taiwan Falco Apex Industrial LTD.,新北市樹林區俊興街154巷3號(2樓),鄧O夫,02-22156123,,2025/03/09,2025/03/09,Y,Y
00156246,豐裝實業有限公司,GAO Heyou Company,新北市三重區新北大道1段57巷7號(1樓),高O倫,,,2025/03/07,2026/08/28,Y,Y
60012997,豎琴海商行,Suchinngumi Company,新北市中和區中正路736號14樓之3,高O琴,0901-270-954,,2025/03/07,2025/08/13,Y,Y
00186781,樺瞳智慧科技股份有限公司,"EMPIRE VIEW SMART TECHNOLOGY CO., LTD.",新北市中和區景平路666號3樓,吳O瞳,02-22476184,,2025/03/07,2025/04/08,Y,Y
96810197,肯達克股份有限公司,"Kendak CO., LTD.",新北市中和區建八路16號18樓之2,王O嘉,,,2025/03/07,2025/03/25,Y,Y
47015187,品星貿易有限公司,"Pinxing Trading Co.,Ltd.",新北市中和區連城路456巷6號6樓,梁O仁,02-29083835,02-29083820,2025/03/07,2025/03/17,Y,Y
84601999,璉昱機械股份有限公司,"Lian Yu machinery CO., LTD.",新北市新莊區化成路11巷41弄10號,陳O德,02-2996-8297,02-29908976,2025/03/07,2025/03/10,Y,Y
00143799,康閎工程有限公司,kanghomg construction Company Limited,新北市新莊區瓊林南路305巷3號,曾O傑,02-26721900,,2025/03/07,2025/03/07,Y,Y
86014051,穩來企業有限公司,"Wen Lai Enterprise CO., LTD.",新北市淡水區淡金路3段46巷34號4樓,鄧O池,,,2025/03/07,2025/03/07,Y,Y
90368512,宏升機械有限公司,HONG SHENG LTD.,新北市板橋區館前西路213巷5號3樓,沈O銘,02-89700785,02-89700975,2025/03/07,2025/03/07,Y,Y
90446377,豐彌數位科技有限公司,"FEMY DIGITAL SOLUTIONS CO., LTD.",新北市中和區立業路63號5樓,余O弼,,,2025/03/07,2025/03/07,Y,Y
91417765,老司機企業社,Old Driver Firm,新北市中和區秀朗路3段175巷2號6樓之5,閔O翔,,,2025/03/07,2025/03/07,Y,Y
97536866,瑞予貿易有限公司,"ruiyutrading CO., LTD.",新北市三重區三民街146巷1弄12號2樓,吳O翎,0912526951,02-29997167,2025/03/07,2025/03/07,Y,Y
00065885,鎧多國際有限公司,"GADO INTERNATIONAL CO., LTD.",新北市五股區新五路3段258號3樓,,0984308862,,2025/03/06,2026/09/01,N,N
80626110,東鴻精密科技有限公司,"DOHG HONG PRECISION TECNOLOGY CO., LTD.",新北市鶯歌區大湖路42巷1號,王O弘,02-26789861,02-26789863,2025/03/06,2026/07/02,Y,Y
00211297,北極熊商業有限公司,Shirokuma Business Company Limited,新北市中和區中正路716號10樓之1,林O欽,0905-947-434,,2025/03/06,2026/05/28,Y,Y
00216639,彬森股份有限公司,"Binsen Co., Ltd.",新北市汐止區新台五路1段95號17樓,李O原,,,2025/03/06,2026/05/15,Y,Y
90480986,呈澤貿易有限公司,"CHENGZE TRADING CO., LTD.",新北市新店區安興路109號14樓之7,黎O洋,02-27650515,,2025/03/06,2026/04/25,Y,Y
97527064,寶島厚德永續股份有限公司,"Formosa Virtue Sustainability Co., Ltd.",新北市新店區寶興路45巷9弄2號3樓,簡O慧,02-29175598,,2025/03/06,2026/04/23,Y,Y
96755960,台灣青木養生事業有限公司,Eastwood Health Management TW Co.,新北市新莊區中華路2段11號8樓,,0222765906,,2025/03/06,2026/04/01,N,N
93929263,鼎漢合投資股份有限公司,"Dinghan He Investment Co., Ltd.",新北市新店區中山路8號4樓,陳O松,,,2025/03/06,2026/03/28,Y,Y
60023988,德沐森商行,Demusen Trading Co.,新北市五股區新五路3段262號17樓,祁O柔,0905002890,,2025/03/06,2025/10/22,Y,Y
94030554,裕太租賃有限公司,"Yutairenntaru CO., LTD.",新北市蘆洲區民族路327巷3號,高O志,0901-270-954,,2025/03/06,2025/08/13,Y,Y
00075835,日昱資產股份有限公司,"Jih Yu Asset Co.,Ltd.",新北市樹林區三俊街216號3樓,高O貴,02-26761266,,2025/03/06,2025/03/07,Y,Y
00053543,金龍儀器有限公司,"Jinlong Instrument CO., LTD.",新北市樹林區田尾街195號,沈O鈞,0926036944,,2025/03/06,2025/03/06,Y,Y
00079699,汎亞國際醫療器材股份有限公司,"Pan Asia International Medical Devices CO., LTD.",新北市泰山區明志路3段478號11樓之1,李O恆,02-85222506,,2025/03/06,2025/03/06,Y,Y
00141878,丞相優視股份有限公司,"VuYes Semiconductor CO., LTD.",新北市汐止區新台五路1段97號31樓之6,周O芳,,,2025/03/06,2025/03/06,Y,Y
00191314,順德國際有限公司,Shunde International LTD.,新北市八里區中山路1段22之1號,張O筑,02-86301845,,2025/03/06,2025/03/06,Y,Y
00217927,順興盛興業有限公司,"GOODCHEER CO., LTD.",新北市三重區三和路4段270號2樓,林O如,02-22800100,,2025/03/06,2025/03/06,Y,Y
09424492,愛視特眼鏡有限公司,"Aishite Glasses CO., LTD.",新北市樹林區中山路1段128號7樓,林O順,,,2025/03/06,2025/03/06,N,N
23275661,立型企業有限公司,"DIMENSION ENTERPRISE CO., LTD.",新北市土城區裕民路92巷24弄2號2樓,黃O貴,02-82614239,,2025/03/06,2025/03/06,Y,Y
60012981,金絲貓企業社,Jingsucat Company,新北市中和區中正路736號14樓之3,李O宸,02-28217858,,2025/03/06,2025/03/06,Y,Y
83617425,喜福創意有限公司,Cheerful Candy Creative LTD.,新北市土城區廣福街14巷14號2樓,盧O瑄,0965128528,,2025/03/06,2025/03/06,Y,Y
90049671,九葉國際車業有限公司,"Jiuyeh CO., LTD.",新北市新莊區新樹路248號2樓,葉O欣,,,2025/03/06,2025/03/06,Y,Y
95153357,辰晞選物店,Chen Xi Co.,新北市板橋區大觀路2段174巷138號5樓之1,蘇O价,,,2025/03/06,2025/03/06,Y,Y
96679675,名展國際有限公司,"MING ZHAN CO., LTD.",新北市三重區中正北路242號2樓,許O瑋,02-89838008,02-89838068,2025/03/06,2025/03/06,Y,Y
96772996,慵懶福和餐飲有限公司,"Fu He Lazy Pasta CO., LTD.",新北市永和區福和路288號,林O勛,,,2025/03/06,2025/03/06,Y,Y
96842487,已合室內裝修有限公司,"E&Co. Interiors CO., LTD.",新北市板橋區三民路1段135巷7號4樓,陳O蓉,02-29539381,,2025/03/06,2025/03/06,Y,Y
90708890,恆巨有限公司,Everhuge Limited Company,新北市新莊區新泰路277巷35號2樓,黃O青,02-2996-2193,,2025/03/05,2025/03/05,Y,Y
94030739,禾益科技有限公司,"HOYIIE TECHNOLOGY CO., LTD.",新北市樹林區大安路1號之15,葉O宗,0222066200,0222066226,2025/03/05,2025/03/05,Y,Y
95426250,壞小子有限公司,SUPERBAD Company Limited,新北市板橋區雙十路3段18巷1弄1號2樓,趙O蘭,0927788837,,2025/03/05,2025/03/05,Y,Y
95479376,恩福認證有限公司,"NSF Taiwan CO., LTD.",新北市林口區文化二路1段390號7樓,張O愷,0928144788,,2025/03/05,2025/03/05,Y,Y
95485145,琮盛投資有限公司,"CHENS investment CO., LTD.",新北市新店區中央路155號7樓之2,陳O波,,,2025/03/05,2025/03/05,Y,Y
99998131,禾邑傳動科技有限公司,Hyper Transmission Tech. Ltd.,新北市林口區東明三街368之1號7樓,邱O中,,,2025/03/05,2025/03/05,Y,Y
00158791,富創食品企業有限公司,"Royal Fusion CO., LTD.",新北市板橋區貴興路2之5號,,,,2025/03/04,2025/11/08,N,N
90722324,洛貝爾國際有限公司,"Laubel International Co., Ltd",新北市永和區安樂路58巷16號,蔡O桓,,,2025/03/04,2025/06/06,Y,Y
00044192,香港商搜禮有限公司台灣分公司,I GIFT MORE LIMITED TAIWAN BRANCH(HONG KONG),新北市永和區福和路164號4樓,伍O橋,02-66040310,,2025/03/04,2025/05/22,Y,Y
95437242,今一貿易有限公司,"Jin Yi Trading CO., LTD.",新北市汐止區新台五路1段93號21樓之6,許O真,02-26921690,,2025/03/04,2025/03/05,Y,Y
00146141,藝藍國際有限公司,"E-Live INTERNATIONAL CO., LTD.",新北市中和區連城路236號6樓,黃O瑄,,,2025/03/04,2025/03/04,Y,Y
00191784,亦羽有限公司,YI YU Selection LTD.,新北市林口區文化二路1段390號5樓,翁O禧,,,2025/03/04,2025/03/04,Y,Y
00219523,鴻鈦自動化股份有限公司,"Hongtai Automation CO., LTD.",新北市樹林區柑園街1段1之55號,陳O君,02-26686976,,2025/03/04,2025/03/04,Y,Y
00253486,宙陞有限公司,"NATURAUF CO., LTD.",新北市板橋區文化路2段285號21樓,胡O崐,,,2025/03/04,2025/03/04,Y,Y
60022989,悠司沃設計所,yusworld design studio,新北市中和區成功路1巷2弄22號2樓,裴O茹,0988368662,,2025/03/04,2025/03/04,Y,Y
66902917,富義室內裝修有限公司,"Fuyi Interior Decoration CO., LTD.",新北市三重區三和路3段47巷7號,周O錩,02-29705252,02-29725353,2025/03/04,2025/03/04,Y,Y
93581565,原嵩有限公司,YUAN-SUNG CORP.,新北市新莊區中誠街142巷15弄10號3樓,吳O玄,02-22041232,,2025/03/04,2025/03/04,Y,Y
93717747,兆立園有限公司,"Zillion Prosperity Trading CO., LTD.",新北市三重區重新路4段97號14樓之2,蔡O妍,,,2025/03/04,2025/03/04,Y,Y
94880437,酒夏實業商行,Nine Shot Industrial Trading Company,新北市新莊區中平路270巷7弄26號,劉O勤,02-29964592,,2025/03/04,2025/03/04,Y,Y
95450309,歆玥有限公司,"Simyue Co., Ltd.",新北市中和區員山路110號4樓,林O筑,,,2025/03/04,2025/03/04,Y,Y
95498697,辛瑪行銷有限公司,SymMar Marketing LTD.,新北市中和區中山路2段296號7樓之5,林O楨,,,2025/03/04,2025/03/04,Y,Y
96810014,理想琴人有限公司,"ldeal guitar CO., LTD.",新北市三重區新北大道1段123號11樓,李O廷,,,2025/03/04,2025/03/04,Y,Y
96818439,翰霓有限公司,HANNI Limited,新北市板橋區新生街56號3樓,蘇O瑩,0918333805,,2025/03/04,2025/03/04,Y,Y
96839504,榮匯商貿有限公司,"Ronghui Trading CO., LTD.",新北市汐止區明峰街297巷5弄12號6樓,李O紘,,,2025/03/04,2025/03/04,Y,Y
93510197,遠見國際金融科技有限公司,YUANJIAN INTERNATIONAL TECHNOLOGY LTD.,新北市板橋區華江九街13號3樓,,,,2025/03/03,2026/04/30,N,N
97599046,俊源科技有限公司,"JUNYUAN CO., LTD.",新北市土城區中華路1段178之1號,詹O鈞,02-89641208,02-89641079,2025/03/03,2026/03/31,Y,Y
00056507,熱蘭遮廣告股份有限公司,Taiwan Zeelandia INC.,新北市三重區福德北路86號2樓,徐O廷,02-85218355,,2025/03/03,2026/02/07,Y,Y
96754202,德福智能科技有限公司,"Fortune Intelligent Technology CO., LTD.",新北市板橋區文化路2段285號21樓,許O福,,,2025/03/03,2025/03/04,Y,Y
00232265,佛泰諾科技有限公司,"FORTNOX TECHNOLOGY CO., LTD.",新北市板橋區四川路1段87巷104號,宋O容,,,2025/03/03,2025/03/03,Y,Y
23520480,國鉦織帶有限公司,"Guo Zheng Webbing Co., Ltd.",新北市新莊區中正路871巷9弄24號3樓,黃O湶,,,2025/03/03,2025/03/03,Y,Y
60015426,伊則商行,YIZE Co.,新北市三重區重陽路4段130號12樓,陳O安,,,2025/03/03,2025/03/03,Y,Y
60018839,金燦秋企業社,GOLDENQIUCMP Co.,新北市三重區重陽路4段130號12樓,張O婕,,,2025/03/03,2025/03/03,Y,Y
60020645,閃光音頻工作室,Hikari Audio Studio,新北市三重區光復路1段85號9樓,張O涵,,,2025/03/03,2025/03/03,Y,Y
82984730,三霹實業股份有限公司,"3P CO., LTD.",新北市汐止區福德一路392巷42弄1號,李O諭,02-27028600,,2025/03/03,2025/03/03,Y,Y
93136283,龍鑫國際企業社,"Dragon Gold Co.,Ltd.",新北市八里區中華路2段470號3樓,古O紋,0229941336,,2025/03/03,2025/03/03,N,N
96784206,絲集有限公司,"SUCHI CO., LTD.",新北市新店區新和街100號,徐O彥,0937998820,,2025/03/03,2025/03/03,Y,Y
96795127,帽摩托有限公司,"Mao Moto CO., LTD.",新北市淡水區民權路111號3樓,謝O臣,,,2025/03/03,2025/03/03,Y,Y
00037930,永源商業顧問有限公司,FARGO INT'L LEASING LLC.,新北市新莊區仁愛街37號3樓,彭O蓁,0937858695,,2025/02/27,2026/07/07,Y,Y
91209648,以沐屋福音工作坊,YIMUWU Gospel Workshop,新北市汐止區福德三路22號(1樓),張O玟,02-26957259,,2025/02/27,2025/03/03,Y,Y
00028138,崑盛傳動有限公司,"KUNSHENG TRANSMISSION CO., LTD.",新北市板橋區中山路1段10號11樓,陳O國,0981324746,,2025/02/27,2025/02/27,Y,Y
00053255,帛响有限公司,"Po Siang Co., Ltd.",新北市淡水區沙崙路1段21號6樓,梁O澄,,,2025/02/27,2025/02/27,Y,Y
00167243,美依實業有限公司,DearLin LTD.,新北市三重區安慶街231號,蔣O伶,,,2025/02/27,2025/02/27,Y,Y
00201495,富萊科技有限公司,"Fulai Technology CO., LTD.",新北市板橋區長江路2段221號,杜O妃,,,2025/02/27,2025/02/27,Y,Y
60017819,途遊企業社,TOGO TRAVEL AGENCY Co.,新北市新莊區新北大道3段210號12樓,鐘O寧,0922597227,,2025/02/27,2025/02/27,Y,Y
60017894,富澤數位社,TOMISAWA DIGITAL TECHNOLOGY CO.,新北市土城區裕生路21巷6弄1號,徐O嵐,0989006345,,2025/02/27,2025/02/27,N,N
00023675,梓昕數位行銷有限公司,"Catalpa digital marketing CO., LTD.",新北市三重區同安街135號4樓,阮O玄,,,2025/02/26,2026/01/08,Y,Y
00152683,高希霸有限公司,A&B LLC,新北市新店區安興路105號5樓之2,呂O政,,,2025/02/26,2026/01/07,Y,Y
00238330,遞爾有限公司,"Deer International CO., LTD.",新北市汐止區伯爵街12巷24弄8號4樓,楊O豪,0911634894,,2025/02/26,2025/03/04,Y,Y
00096064,牧食股份有限公司,MU-SHIH LIMITED,新北市新莊區富貴路492號6樓,蔡O儒,02-2700-0088,,2025/02/26,2025/02/26,Y,Y
00178115,元啓有限公司,"YUANERGY CO., LTD.",新北市中和區建八路16號13樓,許O金,,,2025/02/26,2025/02/26,Y,Y
24944508,冠威地產開發有限公司,"Guan Wei property CO., LTD.",新北市板橋區重慶路245巷51弄7號,黃O皓,,,2025/02/26,2025/02/26,Y,Y
54274033,宙思企業有限公司,Zeus Enterprises Ltd.,新北市汐止區福德一路206巷40號,黃O文,02-26925933,02-26926755,2025/02/26,2025/02/26,Y,Y
54725255,富松機械有限公司,"FUSONG MACHINERY CO., LTD.",新北市蘆洲區民族路422巷9弄2號4樓,邱O榤,,,2025/02/26,2025/02/26,Y,Y
60017796,福納工作室,Super Lucky Studio,新北市中和區中正路736號14樓之3,劉O美智,,,2025/02/26,2025/02/26,Y,Y
93581066,日嘉貿易有限公司,"RI JIA TRADING CO., LTD.",新北市三重區光復路1段128號,林O毅,,,2025/02/26,2025/02/26,Y,Y
93619680,新霖科技有限公司,"Xinlinbt Technology CO., LTD.",新北市汐止區新台五路2段238巷43號10樓,譚O行,0910-145-031,,2025/02/26,2025/02/26,Y,Y
94092805,戴利整合行銷有限公司,"Daily Integrated Marketing CO., LTD.",新北市汐止區福德三路363號7樓,廖O明,,,2025/02/26,2025/02/26,Y,Y
95480520,源嶼菲有限公司,"Yuan Yufei CO., LTD.",新北市新店區安興路127之3號（1樓）,賴O源,02-22116538,,2025/02/26,2025/02/26,Y,Y
96808642,張協香興業有限公司,"Chang Xie Xiang Industrial CO., LTD.",新北市中和區南山路131之7號3樓,張O肱,,,2025/02/26,2025/02/26,Y,Y
96840256,喆維環保有限公司,ZHEWEI REUSE Co.,新北市八里區四維街7號11樓,鍾O強,,,2025/02/26,2025/02/26,Y,Y
96842677,康達科技有限公司,"Conduct Business CO., LTD.",新北市新店區碧安街9巷16號2樓,黃O屏,,,2025/02/26,2025/02/26,Y,Y
97502090,開朗國際貿易有限公司,"Cheers intl trading CO., LTD.",新北市板橋區四川路1段23號9樓之1,,,,2025/02/25,2026/03/06,N,N
50983420,隆富彩色印刷有限公司,"Long Fu Printing CO., LTD.",新北市中和區橋和路122之6號(1樓)、122號2樓之6,童O億,02-22231419,,2025/02/25,2025/03/22,Y,Y
00112563,世達配管工程股份有限公司,"STAR PIPING ENGINEERING CO., LTD.",新北市淡水區大忠街5巷3之1號(1樓),陳O傑,0939312901,,2025/02/25,2025/02/25,Y,Y
00113211,吃喝玩樂國際有限公司,"Eat, Drink, Play & Enjoy International CO., LTD.",新北市中和區中山路3段39號19樓,李O容,0222261030,,2025/02/25,2025/02/25,Y,Y
00196248,隆和勝企業有限公司,"LHSHENG CO.,LTD",新北市新莊區幸福路688號3樓之4,林O勝,0955895679,,2025/02/25,2025/02/25,Y,Y
90114150,易城工營造有限公司,"YI CHENG GONG CONSTRUCTION CO., LTD.",新北市汐止區新台五路2段67號4樓,張O勛,0938510771,,2025/02/25,2025/02/25,Y,Y
95439430,科秀塗料有限公司,"CHW coatings CO., LTD.",新北市樹林區東順街70號,林O敏,,,2025/02/25,2025/02/25,Y,Y
95445398,聖鍏國際有限公司,"TCS International CO., LTD.",新北市汐止區大同路2段135號8樓,黃O為,,,2025/02/25,2025/02/25,Y,Y
95493855,鴻達國際生技有限公司,"Hongda International Biotechnology CO., LTD.",新北市板橋區縣民大道3段93巷23號,簡O彰,,,2025/02/25,2025/02/25,Y,Y
96176738,九恩有限公司,"ABALONE TAIWAN CO., LTD.",新北市貢寮區美灩山街70之3號,李O榕,0970250060,,2025/02/25,2025/02/25,Y,Y
96582356,橙楹有限公司,"Chenin CO., LTD.",新北市土城區中央路2段21巷118號16樓,蔡O畇,,,2025/02/25,2025/02/25,Y,Y
96833889,太旺科技有限公司,TYWON TEC LTD.,新北市板橋區板新路81巷2號3樓,吳O祐,,,2025/02/25,2025/02/25,Y,Y
27919714,德勵永企業有限公司,"Dailyuse CO., LTD.",新北市板橋區莊敬路142號1樓,高O民,,,2025/02/24,2025/12/02,Y,Y
28523140,藍海淨水科技有限公司,"Blocean Technology CO., LTD.",新北市新莊區幸福路3號(1樓),張O嘉,02-29980737,,2025/02/24,2025/10/16,Y,Y
00089155,人可餐飲股份有限公司,Renko Foods Group LTD.,新北市中和區立德街98巷91號,陳O芳,02-22228659,,2025/02/24,2025/08/23,Y,Y
83764663,小河馬工作室有限公司,LITTLEONE LTD.,新北市永和區忠孝街26巷3弄2號(1樓),陳O儀,,,2025/02/24,2025/03/26,Y,Y
00010616,睿賢行銷有限公司,"RUI XIAN MARKETING CO., LTD.",新北市板橋區民治街71巷23號(1樓),許O誠,0927330193,,2025/02/24,2025/02/24,Y,Y
00046240,福多錸有限公司,FUDUOLAI LTD.,新北市樹林區中山路2段151巷12之5號5樓,陳O宏,02-82572500,,2025/02/24,2025/02/24,Y,Y
00109053,好麻吉創美有限公司,"HAO MA JI CHUANG-MEI CO., LTD.",新北市中和區中山路2段296號8樓之7,崔O麗,02-25552332,,2025/02/24,2025/02/24,N,N
00155443,紅宣有限公司,Canis Major Limited Company,新北市中和區中原六街36號,章O芝,,,2025/02/24,2025/02/24,Y,Y
54037834,奇葩人創意行銷有限公司,"IBBS MARKETING CO., LTD.",新北市中和區積穗里中山路3段39號13樓之1,李O龍,,,2025/02/24,2025/02/24,Y,Y
60016369,山姆馬克實業社,SAMMARK INDUSTRIAL Company,新北市新莊區中正路558號之24,吳O平,02-29082161,02-29082215,2025/02/24,2025/02/24,Y,Y
83211071,團團轉數位行銷有限公司,Funbloc Digital Marketing LTD.,新北市三峽區大德路479之1號4樓,蔡O文,,,2025/02/24,2025/02/24,Y,Y
95146510,沛翰企業社,PEI-HAN Enterprise Society Co.,新北市林口區文化三路2段286號6樓,鄭O薇,0925693852,,2025/02/24,2025/02/24,N,N
95157017,宣言水晶店,Xuan yan crystal Shop,新北市板橋區三民路2段28號11樓,黃O瑄,,,2025/02/24,2025/02/24,Y,Y
96782777,凱揚汽車股份有限公司,"JKY AUTO CO., LTD.",新北市新莊區中正路58號,林O凱,,,2025/02/24,2025/02/24,Y,Y
95483370,宇灝科技股份有限公司,UNIVERSE INFINITY TECHNOLOGY CORP. LTD.,新北市汐止區新台五路1段99號8樓,朱O璋,0925362391,,2025/02/23,2025/12/03,Y,Y
83797453,倍可有限公司,Bei Ke Medcare LTD.,新北市三重區集美街89巷20號(1樓),曾O頂,02-5576-0226,,2025/02/22,2025/02/22,Y,Y
90781081,金品恆國際有限公司,"JIN PINHENG INTERNATIONAL CO., LTD.",新北市新店區中央路181號（1樓）,孫O倫,02-26763303,,2025/02/21,2026/01/29,Y,Y
00092588,家點生活有限公司,Live a bit Limited,新北市林口區仁愛路2段502之5號(1樓),翁O堯,,,2025/02/21,2025/11/15,Y,Y
95487848,興盛達股份有限公司,"Integrated Forming Design CO., LTD.",新北市三芝區北勢子45之6號,王O俊,0972882337,,2025/02/21,2025/11/11,Y,Y
90006933,巨豐工業股份有限公司,"JIU FENG INDUSTRY CO., LTD.",新北市汐止區忠三街12巷2號(1樓),李O漢,,,2025/02/21,2025/07/01,Y,Y
00052214,珍嘉資產企業有限公司,Jenjia Asset Enterprise Ltd.,新北市新莊區碧江街10號,劉O瑋,0986345518,,2025/02/21,2025/02/21,Y,Y
00068573,沐傑股份有限公司,"mujie CO., LTD.",新北市三重區正義北路12號(2樓),李O麟,,,2025/02/21,2025/02/21,Y,Y
00183692,辣媒整合行銷有限公司,"LA media co., Ltd.",新北市林口區中山路528之3號,張O欣,,,2025/02/21,2025/02/21,Y,Y
00230858,影風汽車科技有限公司,"Shadow wind Automotive Technology CO., LTD.",新北市土城區金城路1段15號,陳O羚,02-22690888,,2025/02/21,2025/02/21,Y,Y
43276371,高金金屬工業有限公司,"Kaojin Metal Industry CO., LTD.",新北市三重區中正北路191巷8號(1樓),高O智,02-29883595,,2025/02/21,2025/02/21,Y,Y
60015087,凡晞水晶花室,Viceversa Art Studio Boutique,新北市蘆洲區中原路53號3樓,李O綺,0958789361,,2025/02/21,2025/02/21,Y,Y
60021150,台灣之星國際貿易,Taiwan Star International Trade Co.,新北市深坑區深南路88巷12號(1樓),童O珊,0927-628057,,2025/02/21,2025/02/21,N,N
96806314,夢想合夥人投資顧問股份有限公司,"Dream co-Founder Investment Consulting CO., LTD.",新北市板橋區板新路11號7樓,林O達,0963631873,,2025/02/20,2026/01/24,Y,Y
00031719,和暘精密有限公司,"He Yang Precision CO., LTD.",新北市新莊區民安西路468號5樓,郭O瑞,,,2025/02/20,2025/02/20,Y,Y
00218783,通曜企業有限公司,"TONYO CO., LTD.",新北市永和區成功路1段64巷16號4樓,謝O駿,02-89212156,,2025/02/20,2025/02/20,Y,Y
00249580,安聖美科技股份有限公司,"RACE GLOBAL TECHNOLOGY CO., LTD.",新北市中和區建八路16號11樓之3,徐O堯,,,2025/02/20,2025/02/20,Y,Y
27390494,永豐群有限公司,"YFG CO., LTD.",新北市板橋區四川路2段243號4樓之2,廖O權,0222721679,,2025/02/20,2025/02/20,Y,Y
72664694,樂海潛水企業社,Tri-Force Co.,新北市新店區寶元路1段85巷6弄5號4樓,殷O鈞,,,2025/02/20,2025/02/20,Y,Y
90422889,五春貿易有限公司,Woo Spring Trading Company,新北市中和區景安路28巷7號3樓,謝O羽,,,2025/02/20,2025/02/20,Y,Y
95161217,方摯工作室,FC Studio,新北市永和區永和路2段425巷29號4樓,吳O摯,,,2025/02/20,2025/02/20,Y,Y
00235565,續陽有限公司,Carry Sun Enterprise Limited,新北市三重區力行路1段23巷1號(1樓),蔡O婷,02-22515303,,2025/02/19,2026/04/25,Y,Y
00544886,夢禮花文創設計工作室,Dreams Flower STUDIO,新北市林口區仁愛路2段283號,連O娟,0909795468,,2025/02/19,2026/02/12,Y,Y
00173435,誠匯水產股份有限公司,"Blue confluence CO., LTD.",新北市新店區民權路95號10樓之3,蘇O,02-23680208,,2025/02/19,2025/02/19,Y,Y
30913382,昶昇興業有限公司,"Chang Sheng Development CO., LTD.",新北市板橋區四維路269巷85號(1樓),蔡O城,,,2025/02/19,2025/02/19,Y,Y
59029600,上豪珠寶有限公司,Shanghao LTD.,新北市汐止區大同路2段210號14樓,王O豪,02-86917883,,2025/02/19,2025/02/19,Y,Y
94271595,貓膩有限公司,"MAONEED GROUP CO., LTD.",新北市板橋區合宜路29號10樓,余O璁,02-28855686,,2025/02/19,2025/02/19,Y,Y
95457507,六司實業有限公司,"LIUSI INDUSTRY CO., LTD.",新北市樹林區東順街63號,曾O增,02-86865599,,2025/02/19,2025/02/19,Y,Y
95485692,樂宬科技股份有限公司,"LE CHENS CO., LTD.",新北市新莊區化成路554巷10號,陳O豪,02-22765169,02-29933215,2025/02/19,2025/02/19,Y,Y
96017612,台灣誠嘉美汽車科技有限公司,"MEGASTAR INTL CO., LTD.",新北市土城區學府路2段181號12樓,王O,02-22681189,,2025/02/19,2025/02/19,Y,Y
96834846,育崑汽材有限公司,"YU KUN AUTOMOTIVE SUPPLIES CO., LTD.",新北市瑞芳區三爪子坑路13巷30號（1樓）,蔡O智,02-24063536,02-24063467,2025/02/19,2025/02/19,Y,Y
60015328,新雅企業社,Xinya Shop,新北市蘆洲區光華路110巷3號4樓,呂O妗,02-26223912,,2025/02/18,2026/07/25,Y,Y
96751681,台灣恩傑科技股份有限公司,"NZXT Taiwan CO., LTD.",新北市土城區忠承路107號12樓,JOhnnyRuChun-JuHOu,,,2025/02/18,2026/06/23,Y,Y
00206689,傳奇遊戲代理有限公司,"Legendary Games Distribution CO., LTD.",新北市中和區立德街119號4樓,董O濱,,,2025/02/18,2026/04/28,Y,Y
00011431,鴻捷伊有限公司,"Hong Jie Yi CO., LTD.",新北市土城區永安街43號（1樓）,陳O亨,,,2025/02/18,2026/03/12,Y,Y
96771770,大貓有禮有限公司,Big Roar Gifts LTD.,新北市板橋區南雅西路1段124巷33號6樓,陳O安,02-66040498,,2025/02/18,2026/02/07,Y,Y
30113092,夾霸咩企業社,Jabama Company,新北市中和區福美路316號,陳O健,0933820215,,2025/02/18,2025/12/06,Y,Y
00118172,燦興生活有限公司,"Tsan Hsin Living CO., LTD.",新北市蘆洲區中山一路161號3樓,曾O涵,,,2025/02/18,2025/02/18,Y,Y
00232693,睿崴層析科技有限公司,"CombiChrom Scientific Co.,Ltd.",新北市永和區保平路50巷26號2樓,王O仁,0960437788,,2025/02/18,2025/02/18,Y,Y
16644963,高捷金屬門有限公司,"GAOJIE Metal Door Limited CO., LTD.",新北市中和區景新街64巷11弄9號5樓,張O賓,02-31515383,02-31515422,2025/02/18,2025/02/18,Y,Y
24735333,豪誠國際有限公司,Glorious Integrity INC.,新北市三重區車路頭街143號11號,陳O酩,,,2025/02/18,2025/02/18,Y,Y
72867163,大仁製造工作室,Kmade Studio,新北市中和區大仁街1之2號,高O傑,,,2025/02/18,2025/02/18,Y,Y
82973298,貓機有限公司,Catdryer Limited Company,新北市新店區永業路81巷9弄1號,張O琁,0912545086,,2025/02/18,2025/02/18,Y,Y
90194490,有名好物有限公司,YMHW LTD.,新北市中和區民樂路1之1號12樓之1,官O芳,02-89520162,,2025/02/18,2025/02/18,Y,Y
90273092,皇天有限公司,"SKY CO., LTD.",新北市土城區中央路2段276之1號6樓,徐O鴻,,,2025/02/18,2025/02/18,Y,Y
53529038,仁泓工程有限公司,"RENHUNG ENGINEERING CO., LTD.",新北市板橋區南雅南路1段40號11樓之3,高O怡,02-22679988,02-22679797,2025/02/17,2026/01/22,Y,Y
90003577,蒔羨有限公司,"Realization CO., LTD.",新北市五股區成泰路4段3號3樓,,02-77285112,,2025/02/17,2026/01/09,N,N
00002685,企象局有限公司,Corporate Image Bureau LTD.,新北市樹林區柑園街2段122巷7號3樓,林O民,,,2025/02/17,2025/02/17,Y,Y
00022731,上毅資訊科技有限公司,"Shiny Technology Co., Ltd.",新北市中和區自強路35號,盧O,02-26669990,,2025/02/17,2025/02/17,Y,Y
00071774,碧威士綠能股份有限公司,Bivis energy technology co. Ltd,新北市汐止區新台五路1段77號5樓之5,詹O人,02-26983538#16,,2025/02/17,2025/02/17,Y,Y
25047777,鴻鑫國際智權有限公司,Wu&Liao patent and trademark LTD,新北市土城區金城路2段211號4樓,廖O秀妹,02-2273-1807,,2025/02/17,2025/02/17,Y,Y
35934983,台嘉企業社,Taichia Co.,新北市泰山區新北大道6段313巷13弄7號,湯O忠,02-29032608,02-29068031,2025/02/17,2025/02/17,Y,Y
42231741,嘉哲水產企業社,Jiazhe Aquatic Products Company,新北市中和區圓通路369巷30弄54號(1樓),李O蔚,,,2025/02/17,2025/02/17,Y,Y
68632405,柏立食品有限公司,BO LI FOODS Limited Company,新北市永和區中和路305巷4弄9號,鄭O偉,0912499259,,2025/02/17,2025/02/17,Y,Y
87465309,立盛企業社,Tawin Lisheng Company,新北市新莊區化成路122號,李O鴻,0966815889,,2025/02/17,2025/02/17,Y,Y
96592283,微風星鉑有限公司,"Breeze Nova Co., Ltd.",新北市蘆洲區長安街267巷9弄7號,劉OO,0932332910,,2025/02/17,2025/02/17,Y,Y
96800070,瑞貴斯有限公司,"AIAI Co., Ltd.",新北市土城區永安街43號,李O如,0979-060731,,2025/02/17,2025/02/17,Y,Y
96809255,艾普聯合有限公司,"APCOS UNION CO., LTD.",新北市汐止區新台五路1段93號21樓之6,郭O麟,02-26972786,,2025/02/17,2025/02/17,Y,Y
96822145,程睿科技有限公司,"Veritas Technology CO., LTD.",新北市三重區重新路3段92號16樓,黃O斌,,,2025/02/17,2025/02/17,Y,Y
97410374,詠澤食品生技開發股份有限公司,"YONGZE FOOD BIOTECHNOLOGY DEVELOPMENT CO., LTD.",新北市八里區中山路2段500巷8之3號(1樓),莊O謀,02-86304326,02-26192286,2025/02/17,2025/02/17,Y,Y
98647475,彩邦有限公司,"CAI BANG CO., LTD.",新北市汐止區合順街13巷3號,何O恩,,,2025/02/17,2025/02/17,Y,Y
60017178,山嶼海工作室,MIO Studio,新北市中和區圓通路265巷44號,王O剴,0976646858,,2025/02/14,2026/08/31,Y,Y
00238057,全像速有限公司,Pyxlated Co.,新北市汐止區大同路1段111巷16號5樓,,0920290048,,2025/02/14,2026/07/18,N,N
94877334,欣格企業社,SIN GE F Company,新北市五股區自強路47巷1號4樓,葉O男,,,2025/02/14,2026/01/20,Y,Y
94094579,捷羚科技有限公司,"Jet Ling Technology CO., LTD.",新北市泰山區明志路2段418號7樓,吳O孝,,02-27206808,2025/02/14,2025/11/12,Y,Y
00003306,光銘供應鏈有限公司,"Guang ming Supply Chain Service CO., LIMITED",新北市三重區中寮街16巷30號2樓,,02-27880328,,2025/02/14,2025/04/03,N,N
00042201,能量倍增有限公司,"Energy Boost CO., LTD.",新北市新店區中正路154巷14號3樓,劉O金,0968687026,,2025/02/14,2025/02/14,Y,Y
00075309,德昕國際有限公司,Maga Alliance Tech. LTD.,新北市淡水區中正東路2段27之9號16樓,洪O君,,,2025/02/14,2025/02/14,Y,Y
24635643,倆佬頭實業有限公司,"Liang laotou Industrial Co., Ltd.",新北市汐止區建成路56巷25號(1樓),林O廷,02-2999-0917,,2025/02/14,2025/02/14,Y,Y
83075723,歐特美有限公司,"OPTIMIZATION CO., LTD.",新北市新莊區復興路3段39號(2樓),杜O正,,,2025/02/14,2025/02/14,Y,Y
91419861,朵朵金鑽演藝工作室,Astra Diamond Studio,新北市樹林區八德街1122號,田O達,,,2025/02/14,2025/02/14,N,N
91771293,保衛站企業社,Security Station Enterprise Co.,新北市板橋區雙十路2段57號(1樓),張O儒,02-22577222,,2025/02/14,2025/02/14,Y,Y
97567430,沛萊斯紡織有限公司,PARADISE TEXTILES LIMITED,新北市三重區重新路4段97號18樓,POAKASHSUNIL,02-8972-6852,,2025/02/14,2025/02/14,Y,Y
60018351,羅小姐礦物化石選品店,Lorna's Mineral Select Shop,新北市中和區景平路71之2號9樓之1,溫O柔,,,2025/02/13,2026/07/28,Y,Y
00247979,安美洛分子科技股份有限公司,"AMINOMATRIX LABS CO., LTD.",新北市汐止區康寧街169巷29之1號4樓之3,李O󹢰,02-26955297,02-26953697,2025/02/13,2026/07/16,Y,Y
00149674,紫曜服飾有限公司,"ZIYAO APPAREL CO., LTD.",新北市樹林區佳園路1段75巷14弄32號4樓,,,,2025/02/13,2026/07/02,N,N
96810400,昊天創宇股份有限公司,HAO TIAN CHUANG YU,新北市三峽區民生街106之3號2樓,游O宇,,,2025/02/13,2026/06/09,Y,Y
00092150,七色花創意有限公司,Qisehua Creative Company,新北市中和區大仁街100號(1樓),張O亞,0901237239,,2025/02/13,2026/02/25,Y,Y
96825311,泳順機械有限公司,"YONG SHUN Machinery CO., LTD.",新北市新莊區龍安路66之5號8樓,羅O芬,02-29017239,03-3819619,2025/02/13,2025/11/21,Y,Y
96768607,衍立光股份有限公司,"Clearlite CO., LTD.",新北市林口區文化二路1段390號6樓,楊O睿,,,2025/02/13,2025/10/17,Y,Y
93718041,思迪邁醫療用品有限公司,"STERINOVA MEDICAL SUPPLY CO., LTD.",新北市新店區新和街122號,劉O明,,,2025/02/13,2025/05/28,Y,Y
00118757,捲獻新媒體有限公司,Cablewrap Creative Ltd.,新北市淡水區民權路111號3樓,BOOALOXANDORTHOMAS,02-25210720,,2025/02/13,2025/02/13,Y,Y
00144191,杉杉本家有限公司,"Nomo Kompania Nomo Shanshan Honke CO., LTD.",新北市三重區新北大道1段129號4樓,林O泰,02-2821-7858,,2025/02/13,2025/02/13,Y,Y
50983364,綠易股份有限公司,EZGREEN INC.,新北市新店區建國路276號7樓,毛O崙,02-29161890#308,(02)2916-1883,2025/02/13,2025/02/13,Y,Y
60018423,富麗雅實業社,Floria ProCare Company,新北市三重區重新路5段331號10樓,林O勲,02-27119120,02-27119141,2025/02/13,2025/02/13,Y,Y
91712008,樂取小舖福德營業所,happytake Co.,新北市汐止區福德二路219號4樓,陳O菁,,,2025/02/13,2025/02/13,Y,Y
95454136,萊迪貿易有限公司,RAIDY TRADING Limited Company,新北市中和區中山路3段110號8樓,吳O穗,0926109253,,2025/02/13,2025/02/13,Y,Y
96807101,次數科技股份有限公司,"Second Technology CO., LTD.",新北市板橋區文化路1段117號(1樓),鄭O聲,,,2025/02/13,2025/02/13,Y,Y
00056443,大昌裝飾材料有限公司,"TAI CHEONG DECORATIVE PRODUCTS CO., LTD.",新北市板橋區介壽街63號,彭O旭,0986708756,,2025/02/12,2026/01/21,Y,Y
00118026,栩煬有限公司,SHIU YANG LTD.,新北市新莊區中泰街23號(1樓),王O鈞,0939769918,,2025/02/12,2025/11/11,Y,Y
00179542,克利得有限公司,"CLIDE CO.,LTD",新北市永和區永和路2段233號5樓,游O瑩,0289212106,0232330078,2025/02/12,2025/02/12,Y,Y
00206267,角活國際有限公司,"TCM World International CO., LTD.",新北市新店區順安街83號地下層,黃O豪,,,2025/02/12,2025/02/12,Y,Y
00239470,安迪拓米數媒有限公司,"Andy & tony Digital Media CO., LTD.",新北市新店區安興路127之6號12樓,蕭O堯,0986025366,,2025/02/12,2025/02/12,Y,Y
41383419,富峯商行,Foster Firm,新北市新店區北新路3段145號6樓,洪O軒,02-2397-7301,,2025/02/12,2025/02/12,Y,Y
50993601,禧太有限公司,"SI TAI CO., LTD.",新北市中和區和平街2巷2弄7之2號,洪O濤,,,2025/02/12,2025/02/12,Y,Y
53185765,玖富紙器有限公司,"Jiufu Paper Products CO., LTD.",新北市中和區中正路823號2樓之2,謝O峰,02-32348540,,2025/02/12,2025/02/12,Y,Y
60013623,睿晨室內裝修工程行,Jui Chen Decoration Engineering Co.,新北市新店區建國路35巷4號3樓,陳O成,02-29140258,,2025/02/12,2025/02/12,Y,Y
88380130,東京留遊學企業社,TOKYO Education CO.,新北市板橋區中山路1段10號9樓,俞O仁,,,2025/02/12,2025/02/12,Y,Y
91737084,晶鏵船舶行,JING HUA SHIP WORKS,新北市八里區商港路8號9樓,陳O禎,,,2025/02/12,2025/02/12,Y,Y
93572600,角幸有限公司,"TCM Lucky CO., LTD.",新北市新莊區萬安街107巷7號,張O豪,,,2025/02/12,2025/02/12,Y,Y
93604103,茂湜有限公司,MaoXi LTD.,新北市板橋區華江一路520號7樓,江O勳,,,2025/02/12,2025/02/12,Y,Y
96818424,瑞久國際有限公司,"Legend Int CO., LTD.",新北市永和區中正路417號11樓之1,李O凌,,,2025/02/12,2025/02/12,Y,Y
97615171,守嶼國際有限公司,"Tomorrowland CO., LTD.",新北市新店區北新路2段200號5樓之1,邱O璵,09-55827528,,2025/02/12,2025/02/12,Y,Y
95454683,亞睿特電子科技股份有限公司,Arete Intelligent Power CORP.,新北市土城區三民路2號7樓之5,詹O棋,,,2025/02/11,2026/09/16,Y,Y
90629116,御淨國際有限公司,"Yujing Pet International CO., LTD.",新北市三峽區永安街75號,徐O謙,,,2025/02/11,2026/08/01,Y,Y
95437545,稀杰有限公司,"SeeJade , LTD.",新北市新莊區天祥街81巷17號5樓,陳O祺,0922-902-452,,2025/02/11,2026/06/25,Y,Y
96625117,富越電子有限公司,"Fuda Electronic CO., LTD",新北市永和區保平路292巷46弄8號3樓,儲O賢,02-2231-1231,02-3322-9265,2025/02/11,2025/07/14,Y,Y
69563659,國譽企業股份有限公司,"KUOYU ENTERPRISE CO., LTD.",新北市新莊區建國一路290號8樓,康O偉,0285219135,,2025/02/11,2025/04/23,Y,Y
95160266,成海企業社,CHENGHAI INTERNATIONAL COMPANY,新北市新莊區萬安街1號8樓之1,陳O晴,0921026982,,2025/02/11,2025/02/12,N,N
00195775,靜律科技有限公司,"Jinglist Technology CO., LTD.",新北市樹林區長壽街21巷17號3樓,黃O珮,0921345701,,2025/02/11,2025/02/11,Y,Y
00238649,品韋綠田有限公司,elegant greenfield global foods trading co.,新北市淡水區淡金路16巷63號4樓,陳O汝,0912721184,,2025/02/11,2025/02/11,N,N
24376076,橙藝廣告設計有限公司,"CHENG-YI ADVERTISING DESIGN CO., LTD.",新北市樹林區忠信街9號5樓,黃O瑋,,,2025/02/11,2025/02/11,Y,Y
50158906,尹浤國貿社,Yin Hong International Trade Co.,新北市新店區北新路2段262號3樓之3,翁O華,02-25559867,02-25582454,2025/02/11,2025/02/11,Y,Y
95450770,百院國際教育有限公司,"Century Bridge international education CO., LTD.",新北市板橋區松江街16號,徐O鳴,0901-411-314,,2025/02/11,2025/02/11,Y,Y
96818959,可麥爾食具有限公司,CMARS Foodservice Products Company LTD.,新北市八里區忠孝路299號4樓,黃O鴻,,,2025/02/11,2025/02/11,Y,Y
96771650,翰勁國際投資有限公司,Han & Jim Investment Corporation,新北市新店區中央路155號7樓之1,梁O翔,0988928871,,2025/02/10,2026/08/13,Y,Y
00070037,宇宙貓設計有限公司,Cosmos cat Limited,新北市永和區水源街45巷11號6樓,,0928263970,,2025/02/10,2026/05/13,N,N
93538505,常氫科技股份有限公司,"Everhydrogen CO., LTD.",新北市新莊區五權一路1號8樓之2,陳O元,02-22996708,,2025/02/10,2025/09/25,Y,Y
00167047,啓成興業有限公司,"Chi Chen Med CO., LTD.",新北市新店區中正路102巷7號（1樓）,張O彥,02-89110857,,2025/02/10,2025/07/30,Y,Y
95429355,夢澄貿易有限公司,"Meng Cheng CO., LTD.",新北市土城區延峯街29巷13號3樓,曾O鑫,,,2025/02/10,2025/02/28,Y,Y
00109125,悠富國際有限公司,"Youfu int CO., LTD.",新北市汐止區保長路75號4樓,白O齊,0975660007,,2025/02/10,2025/02/10,Y,Y
00125814,吉上服務有限公司,"KITIZYOU Service CO., LTD.",新北市林口區仁愛路2段490號18樓,楊O柔,,,2025/02/10,2025/02/10,N,N
00179281,京優食股份有限公司,G U Food Company Limited,新北市新莊區立信一街10巷8號,楊O平,,,2025/02/10,2025/02/10,Y,Y
00208217,鎧鼎科技股份有限公司,KAIDING CORPORATION,新北市中和區板南路496號6樓之7,吳O泉,,,2025/02/10,2025/02/10,Y,Y
47033875,雲河貿易有限公司,"C&R ITc CO., LTD.",新北市三重區忠孝路2段124巷1弄11號4樓,王O文,,,2025/02/10,2025/02/10,Y,Y
53467321,開懷影像創意有限公司,"Fun Imaging Creative Media CO., LTD.",新北市新莊區中港路238巷3弄18號2樓,呂O靜,0222423301,,2025/02/10,2025/02/10,Y,Y
60016585,裕晟鑫企業社,Yushengxin Enterprise Society Firm,新北市中和區橋和路170號2樓,鄔O傑,,,2025/02/10,2025/02/10,Y,Y
90645592,鼎升實業有限公司,DINGSHENG Limited Company,新北市三重區中正北路193巷35弄18號,陳O華,,,2025/02/10,2025/02/10,Y,Y
96676733,路莫斯有限公司,LUMOSE LLC.,新北市永和區保生路1號12樓之1,楊O萱,,,2025/02/10,2025/02/10,Y,Y
96772546,車藝佳新材有限公司,"Cheyijia Auto Film CO., LTD.",新北市中和區建康路156號,邱O傑,0979635389,,2025/02/10,2025/02/10,Y,Y
96798567,兩周之間國際顧問有限公司,"Between Js Co., Ltd.",新北市林口區仁愛路一段382號9樓之3,周O潔,,,2025/02/10,2025/02/10,Y,Y
96826178,智高流體動力有限公司,Ascend Fluid Dynamics LTD.,新北市三重區興德路123之7號11樓,黃OO,0952150775,,2025/02/10,2025/02/10,Y,Y
98647989,高潼精密有限公司,"GTOGEAR CO., LTD.",新北市新莊區豐年街63號,徐O承,0912080053,,2025/02/10,2025/02/10,Y,Y
54725071,宏隆環保有限公司,Honglong Environmental Engineering Co.,新北市三重區民生街23號(1樓),黃O忠,0229217719,0229217819,2025/02/08,2025/02/10,Y,Y
60017249,查耶德國際企業社,SMART TARGET INTERNATIONAL CO.,新北市林口區公園路203號10樓之1、10樓之2,王O蓉,,,2025/02/08,2025/02/08,N,N
89124200,均禾有限公司,"CHUN HE CO., LTD.",新北市泰山區壽山路134巷20弄6號(1樓),何O緯,,,2025/02/08,2025/02/08,Y,Y
91783875,萊茵哈特國際商行,Lionheart Marketing CO.,新北市永和區福和路76巷2號5樓,陳O璋,,,2025/02/08,2025/02/08,Y,Y
96767136,帥玳貿易有限公司,"suitua CO., LTD.",新北市鶯歌區中山路249巷8弄8號,呂O昱,,,2025/02/08,2025/02/08,Y,Y
96803386,韋伯能源科技股份有限公司,"WB Renewable Energy CO., LTD.",新北市新莊區後港一路179號10樓之7,,,,2025/02/07,2025/12/04,N,N
99998293,超鴻精密股份有限公司,"Chaohong Precision CO., LTD.",新北市中和區建八路2號16樓之8,田O義,02-26808068,02-26804468,2025/02/07,2025/07/30,Y,Y
53204762,海底映像創意旅行社有限公司,"Ocean Impression Travel CO., LTD.",新北市中和區永和路18之6號12樓,李O明,02-29286216,02-29286241,2025/02/07,2025/02/08,Y,Y
00047212,芝曦餐飲有限公司,"ZHI-XI CO., LTD.",新北市新莊區思源路115號,林O鎂,,,2025/02/07,2025/02/07,Y,Y
00119138,沛林國際企業股份有限公司,"PEILING INTERNATIONAL CO., LTD.",新北市鶯歌區文化路407號(1樓),吳O雯,02-86772178,,2025/02/07,2025/02/07,Y,Y
00119670,奇力新科技股份有限公司,Chilisin Technology Corporation,新北市新店區寶橋路233之1號3樓,楊O翔,02-66299999,,2025/02/07,2025/02/07,N,N
00222689,誼向科技有限公司,"Liigar Technology CO., LTD.",新北市中和區中正路866之8號13樓,李O智,,,2025/02/07,2025/02/07,Y,Y
00223152,曉森餐飲有限公司,"XIAO SEN CO., LTD.",新北市三重區中興北街42巷4號,林O鎂,,,2025/02/07,2025/02/07,Y,Y
00230745,潤杉有限公司,RSC CONSULTING LTD.,新北市新店區中央路155號7樓之1,王O傑,0227200122,0227200186,2025/02/07,2025/02/07,Y,Y
14735799,雄鼎食品行,SHIUNGDING FOOD Co.,新北市樹林區大安路145巷16號,王O美,02-26755511,02-26750355,2025/02/07,2025/02/07,Y,Y
41373876,有夢科技企業社,Yomotech Co.,新北市鶯歌區鶯桃路455巷8弄14號,林O成,02-26797388,02-26790147,2025/02/07,2025/02/07,Y,Y
69660081,粉鑽飾品有限公司,"PiiNK DIAMOND CO., LTD.",新北市三重區正義北路136號4樓之1,盧O屏,+886935242753,,2025/02/07,2025/02/07,Y,Y
72856692,蚊子影像企業社,Mosquito Image Studio,新北市新莊區昌盛街35巷4弄8之3號,姚O之,0955625554,,2025/02/07,2025/02/07,Y,Y
83108816,弘國科技股份有限公司,Aeon Future Technology INC.,新北市中和區建八路2號16樓之7及之8,梁O國,,,2025/02/07,2025/02/07,Y,Y
96796934,共航行銷股份有限公司,"GongHang Marketing CO., LTD.",新北市三重區重新路2段21號12樓,劉O瑋,0989-222047,,2025/02/07,2025/02/07,Y,Y
97501901,漢代科技股份有限公司,Aeon Glorify Technology INC.,新北市中和區建八路189號13樓,梁O國,,,2025/02/07,2025/02/07,Y,Y
93611701,金蜜蜂國際物流有限公司,"Golden Bee Logistics CO., LTD.",新北市蘆洲區中山一路161號3樓,徐O相,0975718967,,2025/02/06,2025/12/04,Y,Y
29046997,三元欣業投資股份有限公司,Dalongdang Huang Holdings INC.,新北市瑞芳區𫙮魚坑路139號4樓,黃O欣,02-24971788#808,,2025/02/06,2025/09/06,Y,Y
00219827,浪慢美好生活有限公司,Bohoalamode CORP.,新北市新莊區大安路14巷5號,陳O住,,,2025/02/06,2025/02/06,Y,Y
00224173,玉里科技有限公司,"Yuli Technology laboratory CO., LTD.",新北市土城區中華路1段36號7樓之1,黃O卿,,,2025/02/06,2025/02/06,Y,Y
00252178,興威國際股份有限公司,StarX International Co. Ltd.,新北市土城區中央路4段281之3號8樓之1,陳O戎,,,2025/02/06,2025/02/06,Y,Y
58587438,薩摩亞商得樂士有限公司台灣分公司,Deluxe point Limited Taiwan Branch,新北市板橋區民生路三段12號2樓,"蔡O軒TSAI,PO-HSUAN",02-82533392,,2025/02/06,2025/02/06,Y,Y
70726049,川祥營造有限公司,"Chuanxiang Construction Co., Ltd.",新北市萬里區瑪鋉頂街71號2樓,劉O,0987488630,02-24925971,2025/02/06,2025/02/06,Y,Y
91772785,尼克工作室,Fat Storp Co.,新北市三重區中正北路191巷4號4樓,廖O妤,0985501486,,2025/02/06,2025/02/06,Y,Y
94878164,晴晞工作室,QING XI STUDIO,新北市板橋區板城路325號之1,李O宜,0912325732,,2025/02/06,2025/02/06,Y,Y
95155550,瑞隆實業,RUILONG INDUSTRIAL Company,新北市土城區金安街55號10樓,林O隆,,,2025/02/06,2025/02/06,Y,Y
95472198,亞美克有限公司,"Yamek CO., LTD.",新北市新莊區新樹路172號之4(1樓),丁O庭,,,2025/02/05,2026/08/18,Y,Y
00237162,玥嘉有限公司,CHIACHIEN LTD.,新北市三重區中正北路15號4樓,洪O謙,0900-617-721,,2025/02/05,2026/01/15,Y,Y
90231328,道昇企業有限公司,"DAO SHENG ENTERPRISE CO., LTD.",新北市三重區同安街90號2樓,陳O婕,0922270416,02-2711-8189,2025/02/05,2025/10/22,Y,Y
00199809,瑞榮工業有限公司,Reyron Industry Limited,新北市林口區惠民街30巷27號,顏O瑜,02-26008196,,2025/02/05,2025/02/05,Y,Y
54039066,晨邦生物科技有限公司,Chen Bang Biotechnology Ltd.,新北市土城區忠承路6號2樓,宋O文,02-80763001,02-80763003,2025/02/05,2025/02/05,Y,Y
97548928,橙家有限公司,"daidaiya CO., LTD.",新北市土城區裕生路21巷1弄2號4樓,李O男,,,2025/02/05,2025/02/05,Y,Y
95469187,卉禾國際貿易有限公司,WaTZmann Limited Company,新北市中和區德光路27巷17號（2樓）,吳O安,02-22257033,,2025/02/04,2026/06/26,Y,Y
00227930,信創好蔬股份有限公司,"Believe in creating good vegetables CO., LTD.",新北市板橋區重慶路60之1號3樓,,0922778772,,2025/02/04,2025/12/12,N,N
00124863,和遠投資股份有限公司,HY Investment Company,新北市蘆洲區和平路114巷12號6樓,許O翔,,,2025/02/04,2025/08/29,Y,Y
00225095,升學王科技股份有限公司,"kidspark CO., LTD.",新北市三重區重新路5段609巷12號3樓之16,史O瑋,,,2025/02/04,2025/08/09,Y,Y
00126969,响源實業有限公司,"Shiang-Yuan CO., LTD.",新北市三重區捷運路19巷11號3樓,黃O榮,02-89817166,,2025/02/04,2025/02/04,Y,Y
90568027,多元工程有限公司,"DOING Engineering CO., LTD.",新北市中和區市民街47巷24弄30號2樓,李O霞,,,2025/02/04,2025/02/04,Y,Y
91704112,溫礦空間文化工作室,WARMING SPACE STUDIO,新北市土城區金城路2段260號17樓之1,柯O羽,,,2025/02/04,2025/02/04,Y,Y
97608164,寶琦國際有限公司,"PAW KEY INTERNATIONAL CO., LTD.",新北市汐止區福德一路430巷29號5樓,游O評,(02) 2694-5533,,2025/02/04,2025/02/04,Y,Y
97618183,飛吉島有限公司,Fizzy Island Company,新北市新店區安祥路109巷85弄23號,周O鉅,02-22007015,,2025/02/04,2025/02/04,Y,Y
00227713,合拓國際有限公司,HOT TOP INTERNATIONAL LTD.,新北市汐止區建成路57巷64號14樓,黃O祺,0932046455,,2025/02/03,2026/08/10,Y,Y
93491071,全盛軒股份有限公司,"Quanshengxuan CO., LTD.",新北市三重區光復路1段79號3樓,李O穎,02-85112177,02-85112192,2025/02/03,2025/12/04,Y,Y
96783591,揚輝科技有限公司,SunOn Technology LTD.,新北市新莊區新北大道4段171號3樓,江O鈴,02-85223313,,2025/02/03,2025/12/04,Y,Y
00097916,國家運通股份有限公司,"Explore Vista CO., LTD.",新北市新莊區福美街132號,朱O康,0915855536,,2025/02/03,2025/02/03,Y,Y
53722097,成泰企管顧問有限公司,MIAURA CORP.,新北市板橋區中山路2段365之1號,彭O凱,02-29560763,02-29560765,2025/02/03,2025/02/03,Y,Y
91119908,鉑鈞實業有限公司,"Bojun Industrial Co., Ltd.",新北市樹林區三俊街282號(1樓),許O萬,0979116886,,2025/02/03,2025/02/03,Y,Y
95462950,鈺成電子有限公司,"YC ELECTRONICS CO., LTD.",新北市泰山區明志路3段350號5樓,李O惠,0952666861,,2025/02/03,2025/02/03,Y,Y
96840360,淡雪有限公司,AwayukiJapan Limited,新北市永和區永貞路360巷2號9樓之2,江O蔚,0939750891,,2025/02/03,2025/02/03,Y,Y
50752835,優時有限公司,Yushih LTD.,新北市三峽區民生街19巷3號3樓,謝O志,02-25062822,,2025/01/24,2026/04/09,Y,Y
00156317,布雷博食品股份有限公司,"Brembo Foods Co., Ltd.",新北市汐止區福德二路215號10樓之3,陳O宏,02-22682655,02-22690234,2025/01/24,2025/07/17,Y,Y
36036586,泰承工業社,TAI CHENG INDUSTRIAL Co.,新北市新莊區化成路630巷1號1樓,李O賢,02-8522-1968,,2025/01/24,2025/02/12,Y,Y
00076877,邁智微電子股份有限公司,"Actiontec Electronics Taiwan CO., LTD.",新北市新店區北新路1段86號20樓之7,GOraldGWong,0918301505,,2025/01/24,2025/01/24,Y,Y
24244786,艾瑟倫特休閒事業有限公司,"EXNT CO., LTD.",新北市三峽區中正路1段191巷10號1樓,邱O民,02-26740073,02-26739237,2025/01/24,2025/01/24,Y,Y
42734172,禾鑫科技有限公司,"HeSin Technology CO., LTD.",新北市樹林區東豐街49巷22弄39號(2樓),翁O生,02-2273-0220,,2025/01/24,2025/01/24,Y,Y
53729042,捷特思科技有限公司,"Zetasoft Technology CO., LTD.",新北市蘆洲區中正路185巷78弄18號5樓,林O蘭,,,2025/01/24,2025/01/24,Y,Y
94060796,綺燁顧問有限公司,QI YE CONSULTANT LTD.,新北市中和區中正路700號5樓之1,林O薇,,,2025/01/24,2025/01/24,Y,Y
98643506,沃奧有限公司,Workout Partner Ltd.,新北市板橋區四川路2段245巷37弄3號2樓,陳O瑋,,,2025/01/24,2025/01/24,Y,Y
91084062,富璟電機有限公司,"Fujing Motor CO., LTD.",新北市土城區中央路1段132號5樓,邱O翔,0987-856-530,,2025/01/23,2025/02/03,Y,Y
00187206,約柏材料科技股份有限公司,"AEROPRO FILTER INDUSTRIAL CO., LTD",新北市樹林區武林街7號(1樓),陳O中,,,2025/01/23,2025/01/23,Y,Y
95439380,食貨文化事業有限公司,SHI-HUO Culture LTD.,新北市汐止區大同路3段204號2樓之1,王O里,0960501425,,2025/01/23,2025/01/23,Y,Y
97547364,逸雲軒國際股份有限公司,"Yi Yuan Hsuan International Co., Ltd.",新北市三重區重陽路3段192之4號8樓,蔡O修,,,2025/01/23,2025/01/23,Y,Y
93776479,康杏生醫股份有限公司,"K.G.I CO., LTD.",新北市三重區光復路2段69號15樓,桂O霆,0983555584,,2025/01/22,2026/07/22,Y,Y
83041787,同賞宴股份有限公司,"Tong Shangyan CO., LTD.",新北市新店區中正路四維巷8弄5號4樓,吳O忠,02-22189868,,2025/01/22,2025/12/18,Y,Y
97629365,廣欣金屬工業有限公司,Quanxin Metal Industries Limited,新北市汐止區大同路3段176號5樓,何O慧,,,2025/01/22,2025/12/09,Y,Y
28137098,福茂開發股份有限公司,"Fu Mao Development CO., LTD.",新北市新莊區中華路三段222號6樓,黃O順,02-22919930#2311,,2025/01/22,2025/01/22,Y,Y
54869772,吉鏹精密工業有限公司,JI CIANG PRECISION INDUSTRIES LTD.,新北市板橋區溪崑一街30巷26號(1樓),曾O村,02-86851115,,2025/01/22,2025/01/22,Y,Y
60011575,和光致遠企業社,AIMFLY COMPANY,新北市永和區福和路164號4樓,丁O敏,,,2025/01/22,2025/01/22,N,N
80007331,馬克影音製作,SM Visuals Co.,新北市蘆洲區長安街193巷41弄1號3樓,陳O盛,,,2025/01/22,2025/01/22,Y,Y
90101417,鼐上股份有限公司,"Naishang CO., LTD.",新北市樹林區東順街63號,陳O勝,0920693141,,2025/01/22,2025/01/22,Y,Y
96576468,卡諾亞室內裝修有限公司,"KNOYA CO., LTD.",新北市新莊區五工路80號(1樓),魏O揚,,,2025/01/22,2025/01/22,Y,Y
96777057,旅熊科技股份有限公司,"Roam Bear Co., Ltd.",新北市三重區元信一街66號3樓之1,李O婷,,,2025/01/22,2025/01/22,Y,Y
00014887,鉅嘉聯合科技股份有限公司,"GIGA-IMAGE Technology Co., Ltd.",新北市中和區建一路136號3樓,高O亞,02-7730-7797,,2025/01/21,2026/06/10,Y,Y
91747837,芮捷港式快餐,Raynell JJ Company,新北市汐止區民族二街84巷2弄13號6樓,嚴O琳,02-22540608,,2025/01/21,2025/10/30,Y,Y
00244157,名晴有限公司,MING QING LTD.,新北市板橋區三民路2段33號14樓,,,,2025/01/21,2025/10/15,N,N
00228797,蜘蛛視覺感測有限公司,Spider Vision Sensors Ltd,新北市新莊區中正路708之6號11樓,SOAUNADAMPASSLEY,,,2025/01/21,2025/10/14,Y,Y
00008793,騰毅智匯有限公司,"Tenyi SmartHub CO., LTD.",新北市泰山區全興路218之6號8樓,陳O銘,,,2025/01/21,2025/01/21,Y,Y
82850704,儒鼎營造股份有限公司,"GREENSELF CONSTRUCTION CO., LTD.",新北市新莊區中信街176號21樓之1,林O智,03-4790935,,2025/01/21,2025/01/21,Y,Y
91718615,藍色月亮工作室,98.bluemoon Co.,新北市三重區正義北路16巷27號2樓,劉O婷,,,2025/01/21,2025/01/21,Y,Y
97559776,采光生貿有限公司,"BIOLUME TRADING CO., LTD.",新北市中和區建六路67巷32號(2樓),陳O佑,0910-922077,,2025/01/21,2025/01/21,Y,Y
00096590,台灣得霖科技股份有限公司,Taiwan Delin Technology Company,新北市新莊區建國一路316號9樓,劉O瑛,02-22046590,,2025/01/20,2026/02/02,Y,Y
60013124,詠遠企業社,yonyuan Company,新北市板橋區南雅南路1段40號10樓之3,詹O竣,,,2025/01/20,2025/03/07,Y,Y
00045734,台灣聚光科技有限公司,"SPOTLIGHT TECHNOLOGY CO., LTD.",新北市中和區華新街109巷42號12樓之4,韓O霆,0937898139,,2025/01/20,2025/01/20,Y,Y
00090940,富貴康科技有限公司,Advanced Test Systems INC.,新北市汐止區福德一路351巷11弄6號3樓,吳O林,08-86951100,02-26931460,2025/01/20,2025/01/20,Y,Y
00100200,探舍設計諮詢有限公司,TANSHE Design Consulting LTD.,新北市板橋區大觀路2段129巷6號4樓,張O祐,,,2025/01/20,2025/01/20,Y,Y
91795598,行思企業社,xingsi Company,新北市新莊區四維路97巷10號5樓,邱O恆,,,2025/01/20,2025/01/20,Y,Y
96775868,辰興生醫科技實業有限公司,CHENSING.CHIU BIOMEDICAL TECHNOLOGY INDUSTRIAL LTD.,新北市淡水區自立路8-10號12樓,邱O宸,0970-677-557,,2025/01/20,2025/01/20,Y,Y
93640889,卓越科技股份有限公司,Apex Innovations Co. Ltd.,新北市三重區光復路1段61巷27號3樓之2,林O儒,02-22781150,02-22781160,2025/01/17,2026/09/18,Y,Y
00138352,霜釀優格食品有限公司,Yogurt & Harvest LTD.,新北市永和區中正路417號8樓,黃O賢NGKOKSEAN,,,2025/01/17,2026/05/01,Y,Y
98648919,沅展科技有限公司,"YUAN JHAN TECHNOLOGY CO., LTD.",新北市樹林區中和街20之3號4樓,余O慧,0970079972,,2025/01/17,2025/12/12,Y,Y
00045919,拾京國際有限公司,"ALPINE CO., LTD.",新北市汐止區福德一路381巷7號(1樓),,,,2025/01/17,2025/09/23,N,N
83052812,輝騰科技有限公司,"WHALETURN TECHNOLOGY CO., LTD.",新北市板橋區民族路222巷7號2樓,林O蓁,,,2025/01/17,2025/04/16,Y,Y
60014453,達莉企業社,DALI ENTERPRISE Co.,新北市三重區環河北路2段222號13樓,吳O達,0920197554,,2025/01/17,2025/01/20,Y,Y
00043834,元禎生技有限公司,PRIAUS BIO CORPORATION,新北市新店區民權路108號地下一層,楊O嫻,,,2025/01/17,2025/01/17,Y,Y
00045663,格康科技有限公司,"GECONN TECHNOLOGY CO., LTD.",新北市中和區華新街109巷38號3樓之2,林O緯,02-29405606,,2025/01/17,2025/01/17,Y,Y
00065533,海納天際有限公司,Golden Sky Limited Company,新北市新莊區中華路2段7號6樓,黃O君,,,2025/01/17,2025/01/17,Y,Y
00074391,大聖莉禮品數印有限公司,"BIG VICTORY CO., LTD.",新北市板橋區文化路2段285號21樓,孫O莉,,,2025/01/17,2025/01/17,Y,Y
00082097,咻咻碰有限公司,Shoo Shoo Boom Company Limited,新北市板橋區雙十路3段18巷1弄1號2樓,陳O宏,0927788837,,2025/01/17,2025/01/17,Y,Y
28831815,廿一世紀資產管理股份有限公司,New Century Property Management LTD.,新北市板橋區忠孝路52號2樓,王O智,02-29620075,,2025/01/17,2025/01/17,Y,Y
60007214,佳愷企業社,CHIA KAI ENTERPRISE COMPANY,新北市中和區中原二街28號18樓,廖O凱,89857700,,2025/01/17,2025/01/17,N,N
60007376,元圓企業社,YUAN YUAN INDUSTRIAL COMPANY,新北市三重區新北大道1段129號4樓,廖O凱,89857700,,2025/01/17,2025/01/17,N,N
60007381,大山企業社,DA SHAN INDUSTRIAL COMPANY,新北市三重區新北大道1段129號4樓,廖O凱,89857700,,2025/01/17,2025/01/17,N,N
60007397,民霆實業社,MIN TING ENTERPRISE COMPANY,新北市三重區新北大道1段123號11樓,廖O凱,89857700,,2025/01/17,2025/01/17,N,N
90730464,銳靛生技有限公司,Ready Biotech INC.,新北市中和區中山路2段332巷1號5樓,郭O融,0282280131,,2025/01/17,2025/01/17,Y,Y
91550952,日景禮儀社,"Sun King Etiquette Co., Ltd.",新北市三重區和平街18號,高O翔,0968505844,,2025/01/17,2025/01/17,Y,Y
91775869,愛雪粒企業社,Ashley Corporate Co.,新北市樹林區保安街2段181之2號4樓,張O芸,,,2025/01/17,2025/01/17,Y,Y
93605898,彬秦科技工程有限公司,"BINQIN TECHNOLOGY ENGINEERING CO., LTD.",新北市樹林區保安二街45號(1樓),方O福,,,2025/01/17,2025/01/17,Y,Y
93578772,謙名科技有限公司,CheMighty Tech LTD.,新北市瑞芳區籠山路180號,李O彰,0912379982,,2025/01/16,2026/06/02,Y,Y
91423892,微甜時尚女裝企業社,sweets Co.,新北市三重區安慶街231號,蔣O伶,,,2025/01/16,2025/02/27,N,N
00045811,康麗全球有限公司,CONLI Global Limited,新北市新店區中央路155號7樓之1,陳O鎂,02-25701900,,2025/01/16,2025/01/16,Y,Y
00129298,好飾多國際創意有限公司,"unique international trading co., ltd.",新北市永和區永和路2段147號6樓之6,王O,0979-233579,,2025/01/16,2025/01/16,Y,Y
00157370,極速效國際股份有限公司,"Fasteffect International CO., LTD.",新北市板橋區光復街33巷28號,曾O嫻,(02)8953-8333,,2025/01/16,2025/01/16,Y,Y
00237135,展興科技有限公司,"JHAN Xing TECHNOLOGY CO., LTD.",新北市板橋區文化路2段285號21樓,周O梅,0966250066,,2025/01/16,2025/01/16,Y,Y
60014221,圓園商行,CIRCLE GARDEN CO.,新北市中和區中山路2段332巷13號12樓,郭O綱,,,2025/01/16,2025/01/16,N,N
91754766,正方心商行,zhengfangxin COMPANY,新北市永和區中山路1段24號2樓,洪O,,,2025/01/16,2025/01/16,Y,Y
91795295,超修企業社,chaoxiu Company,新北市板橋區藝文街385號17樓,孫O超,,,2025/01/16,2025/01/16,Y,Y
93539390,炘呈機電工程有限公司,XIN CHENG MACHINERY ENGINEERING LTD.,新北市樹林區備內街158巷15號,卓O勳,,,2025/01/16,2025/01/16,Y,Y
93606398,北華安木作櫃股份有限公司,Beihuaan Wooden Cabinet Corporation LTD.,新北市樹林區西圳街1段116巷12號,李O原,,,2025/01/16,2025/01/16,Y,Y
94884089,洛許工作室,RUSH STUDIO,新北市新店區中央路133巷32弄5號3樓,鄭O中,0977458857,,2025/01/16,2025/01/16,Y,Y
96676446,盟創廣告招牌工程有限公司,"Mengchuang Advertising Signboard Engineering CO., LTD.",新北市樹林區西圳街1段173號,盧O男,02-22429933,,2025/01/16,2025/01/16,Y,Y
96849427,智優科創股份有限公司,"MUTEK Technology Innovation CO., LTD.",新北市土城區中山路1號6樓之2,易O民,,,2025/01/16,2025/01/16,Y,Y
00077587,實現美好有限公司,Realize Beauty LTD.,新北市新莊區建國一路310號9樓,林O聆,,,2025/01/15,2025/01/15,Y,Y
00166130,福御企管顧問股份有限公司,"Fu Yu Corporate Management Consulting Co., Ltd.",新北市三重區名源街52之1號,林O晴,,,2025/01/15,2025/01/15,Y,Y
00171669,點點數位印刷有限公司,"EcoDots Printing Co., Ltd.",新北市新莊區思源路593巷5弄17號,郝O涵,02-85211503,,2025/01/15,2025/01/15,Y,Y
53434130,億圓開發有限公司,"Yi Yuan Development CO., LTD.",新北市新店區北新路3段151號(2樓),馮O華,04-2527-0002,,2025/01/15,2025/01/15,Y,Y
60014432,桑德文創工作室,Sand Workshop,新北市新店區安興路127之3號,何O輝,0907841596,,2025/01/15,2025/01/15,Y,Y
93561358,瑞鵬精密工業有限公司,"Rui Peng Precision Industry CO., LTD.",新北市新莊區新樹路244巷20號(2樓),張O福,02-22030077,,2025/01/15,2025/01/15,Y,Y
96821265,淘客多網路科技有限公司,"Taokeduo Network Technology CO., LTD.",新北市三重區雙園街1巷11號,張O成,,,2025/01/15,2025/01/15,Y,Y
98643668,美則國際股份有限公司,"METHOD INTERNATIONAL CO., LTD.",新北市新店區北新路1段86號28樓之6,張O珮,,,2025/01/15,2025/01/15,Y,Y
93038298,泰澤企業社,Crazy bee enterprise Store,新北市新店區中興路2段234號3樓,陳O泰,0985434664,,2025/01/14,2025/12/31,Y,Y
00019601,維斯柯和布蘭德有限公司,"Whisk and Blend CO., LTD.",新北市淡水區新市二路1段82號13樓,柯O娜,02-66040411,,2025/01/14,2025/01/14,Y,Y
00107479,汎特斯克有限公司,Fantastic game meet LTD.,新北市板橋區永豐街75巷46號3樓,曾O昭,,,2025/01/14,2025/01/14,N,N
00190309,昱祥興業有限公司,"SUNNY KIND CO., LTD.",新北市汐止區新台五路1段163號10樓,李O涓,02-86919406,,2025/01/14,2025/01/14,Y,Y
29131298,伊頂發國際開發有限公司,IDENFAR INTL CORP.,新北市中和區景安路48號10樓,李O進,,,2025/01/14,2025/01/14,Y,Y
60005721,庫窩工作室,Kuromu Studio,新北市新莊區思源路400號3樓,倪O平,,,2025/01/14,2025/01/14,Y,Y
80020860,蘭陽文創工作室,Lanyang Cultural & Creative Studio,新北市中和區中山路2段33號10樓之5,黃O波,0937046478,,2025/01/14,2025/01/14,Y,Y
91687198,夢想輕重型機車行,Dream Moto Co.,新北市三重區車路頭街29號(1樓),蕭O原,0927115522,,2025/01/14,2025/01/14,Y,Y
93763278,亞碩照明有限公司,"Zip and Grip Industrial Supplies CO., LTD.",新北市蘆洲區民權路113號3樓,黃O翔,,,2025/01/14,2025/01/14,Y,Y
95454311,陞鵬國際有限公司,"SHENG PENG INTERNATIONAL CO., LTD.",新北市永和區中正路417號8樓,陳O妤,,,2025/01/14,2025/01/14,Y,Y
95487018,盛世綠能有限公司,"META SAGE CO., LTD.",新北市板橋區四川路1段23號11樓,楊O東,,,2025/01/14,2025/01/14,Y,Y
34359955,恒諭實業有限公司,HENG YU INDUSTRIAL LTD.,新北市板橋區文化路1段188巷11弄20號3樓,蔡O仁,0917558339,,2025/01/13,2025/11/11,Y,N
00071599,景穩貿易有限公司,"JW Trading CO., LTD.",新北市新店區寶橋路27號14樓之1,林O毅,,,2025/01/13,2025/01/13,Y,Y
00113676,珍璽兒童文教有限公司,"OT For Kids CO., LTD.",新北市林口區文化三路2段41巷59號(1樓),溫O謙,,,2025/01/13,2025/01/13,Y,Y
00160537,殷平貿易有限公司,Yin Ping Trading LTD.,新北市新店區溪園路389之9號13樓,周O,0,,2025/01/13,2025/01/13,Y,Y
50971108,北海創生發展有限公司,NSPlacemaking LTD.,新北市淡水區新春街125巷30號6樓,賴O華,02-26256837,,2025/01/13,2025/01/13,Y,Y
54710422,盈碩能源股份有限公司,"Solarium Taiwan CO., LTD.",新北市新店區北新路1段89號6樓之2,徐O康,02-29186909,,2025/01/13,2025/01/13,Y,Y
60011625,普通的朝子工作室,Asako Selection Studio,新北市三峽區國際二街67號,陳O昕,02-26748689,,2025/01/13,2025/01/13,Y,Y
66515438,亮山川農業有限公司,Lands and Stream Resort Park Ltd.,新北市萬里區內中福1之3號,陳O智,02-2990-0599,,2025/01/13,2025/01/13,Y,Y
78884386,順發興螺絲企業社,Shunfaxing Screw Co.,新北市蘆洲區永平街32巷45弄36號3樓,劉O婉,0222813986,0222814713,2025/01/13,2025/01/13,Y,Y
96752611,拾壹園有限公司,Eleven Garden Limited Company,新北市新莊區新北大道4段171號3樓,陳O蓁,0958861111,,2025/01/13,2025/01/13,Y,Y
96759332,台捷企業有限公司,"Taijieh Enterprise CO., LTD.",新北市新店區莒光路61巷3號之1,王O焜,0286660783,0286660784,2025/01/13,2025/01/13,Y,Y
95484883,和銓有限公司,CLY WEALTH LTD.,新北市三重區龍濱路205巷15號3樓,林O慧,02-23070089,,2025/01/11,2025/01/11,Y,Y
99996921,森榮田國際有限公司,"SRT International CO., LTD.",新北市板橋區三民路2段32號3樓,賴O泰,02-29297298,,2025/01/10,2025/08/26,Y,Y
00034075,鑫澤熾有限公司,"Sinzechih Co., Ltd.",新北市中和區華新街18號(2樓),鄭O莉,,,2025/01/10,2025/01/10,Y,Y
00081941,雍圖有限公司,"HARMON FIGURE CO., LTD.",新北市中和區中山路2段369號5樓,王O銘,0988099797,,2025/01/10,2025/01/10,N,N
00091791,雲語科技有限公司,"Cloud Lang CO., LTD.",新北市蘆洲區中山一路161號3樓,劉O衢,,,2025/01/10,2025/01/10,Y,Y
00116224,遠星工作室有限公司,Far Star Studio Ltd.,新北市中和區中山路2段369號5樓,葉O廷,,,2025/01/10,2025/01/10,Y,Y
90207278,入雲文化有限公司,"In-Cloud Culture Co., Ltd.",新北市土城區明峯街37之1號8樓,陳O宏,,,2025/01/10,2025/01/10,Y,Y
95474528,誠樸工事室內裝修設計有限公司,"SINCERE AND SIMPLE WORKS CO., LTD.",新北市中和區中和路366號4樓,李O展,,,2025/01/10,2025/01/10,Y,Y
95497867,目結藝術設計有限公司,"Eye Link Art Design CO., LTD.",新北市中和區中山路2段146號地下一層,林O謙,02-23053208,,2025/01/10,2025/01/10,Y,Y
00036572,冠游有限公司,"Guan you Co., Ltd.",新北市新莊區新北大道4段185號3樓之1,廖O暉,#77#,,2025/01/09,2026/01/08,N,N
83434191,華夏藝術畫院有限公司,"Huaxia Art Painting Academy CO., LTD.",新北市汐止區新台五路2段90號5樓,秦O錦,,,2025/01/09,2025/11/15,Y,Y
90176697,遊隼數位科技股份有限公司,"UJ Digital Co., Ltd.",新北市汐止區福德一路440號,張O桓,,,2025/01/09,2025/06/20,Y,Y
00067027,玄譯有限公司,Meleac Enterprise LTD.,新北市淡水區新市一路1段81號12樓,張O悅,0900581061,,2025/01/09,2025/01/09,N,N
02173225,宇峰企業社,Yufeng Precision Tools Company,新北市新莊區中正路46巷22號,陳O秀麗,0981188755,29993719,2025/01/09,2025/01/09,Y,Y
27878185,鈤昌貿易有限公司,"RIH CHANG TRADING CO., LTD.",新北市新店區安忠路63巷4號3樓,謝O春,02-86666161,,2025/01/09,2025/01/09,Y,Y
42729489,動能策略行銷有限公司,ForcePloy Limited Company,新北市土城區中央路3段239巷16號13樓,楊O雄,0988786766,,2025/01/09,2025/01/09,Y,Y
93687434,芽朵國際有限公司,"Yaduo international CO., LTD.",新北市三重區中正北路276巷20號3樓,魯O靜,0987310404,,2025/01/09,2025/01/09,Y,Y
95451623,百徽能源股份有限公司,"Bullwill Energy CO., LTD.",新北市新店區寶橋路152號2樓,張O民,02-87927788#309,02-87926222,2025/01/09,2025/01/09,Y,Y
96359820,合易實業有限公司,"Hoyi Industrial Co., Ltd.",新北市蘆洲區中山二路196巷34號,鐘O瑞,02-22889266,,2025/01/09,2025/01/09,Y,Y
96621148,蘭通貿易有限公司,LAN TONG TRADING LTD.,新北市三峽區民生街106之2號3樓,林O成,0907089495,,2025/01/09,2025/01/09,N,N
95195440,巧巧企業社,CHIAU CHIAU Company,新北市蘆洲區中山一路161號3樓,陳O鈴,0975718967,,2025/01/08,2026/07/28,Y,Y
83601676,蔬食爸有限公司,"Veggie Bar CO., LTD.",新北市汐止區橫科路59號,姜O卿,,,2025/01/08,2026/06/04,N,N
98649895,圖騰科技有限公司,"Totem (Intl) CO., LTD.",新北市板橋區縣民大道2段172號,"黎O賢(LAI,CHUNGYIN)",,,2025/01/08,2026/04/16,Y,Y
00243312,一正實業有限公司,"I CHENG CO., LTD.",新北市永和區中正路417號11樓之1,李O寶,(02)2689-1528,,2025/01/08,2026/04/01,Y,Y
97410677,齊盈資本股份有限公司,"Qi Ying Capital Co., LTD.",新北市三重區三和路4段103號6樓,彭O翔,0922412561,,2025/01/08,2025/05/22,Y,Y
96762913,吔利洋行有限公司,"Eli Trading CO., LTD.",新北市中和區中正路753號6樓,吳O毅,,,2025/01/08,2025/02/20,Y,Y
00190217,富奕科技股份有限公司,"FuYi PowerTech Co., Ltd.",新北市中和區中正路1211號14樓之3,王O文,,,2025/01/08,2025/01/09,Y,Y
00048401,超閾限有限公司,Hyper Liminal Limited Company,新北市淡水區八勢一街47之1號,蔡O翊,0987325475,,2025/01/08,2025/01/08,Y,Y
00143897,銓勝電通有限公司,Infinity Win Corporation,新北市中和區建八路2號8樓之2,沈O文,02-82269098,02-82269096,2025/01/08,2025/01/08,Y,Y
00162520,超創有限公司,UltiManifest LTD.,新北市三峽區學成路313號3樓之3,張O渟,02-2501-1000,,2025/01/08,2025/01/08,Y,Y
00219158,揚名未來國際顧問有限公司,NextGen Slide LTD.,新北市三重區福德南路41號2樓,AOGSIAUYOOG,,,2025/01/08,2025/01/08,Y,Y
53453760,旭能芯電子科技股份有限公司,"ChipRise Tech. CO., LTD.",新北市板橋區四川路2段16巷10號10樓,黃O,,,2025/01/08,2025/01/08,Y,Y
53762560,沐舍時尚酒店股份有限公司,"THE LOFT CO., LTD.",新北市萬里區萬里加投166之1號,王O文,02-24082606,,2025/01/08,2025/01/08,Y,Y
60011224,四季好商行,SiJiHow Company,新北市新莊區民安東路19號,林O程,,,2025/01/08,2025/01/08,Y,Y
91795957,冷米子商行,Lengmizi Company,新北市板橋區藝文街385號17樓,楊O耀,,,2025/01/08,2025/01/08,Y,Y
96786210,栩栩製作所有限公司,Such A Production Co.,新北市淡水區自強路82號4樓,黃O,,,2025/01/08,2025/01/08,Y,Y
00010952,金凱璿股份有限公司,"JINKAIXUAN CO., LTD.",新北市八里區文昌七街175號6樓,蓋O安,02-26935996,,2025/01/07,2026/09/19,Y,Y
82832930,閎璽國際有限公司,"HONSHII CO., LTD.",新北市中和區橋安街6號,,0222551895,,2025/01/07,2026/07/23,N,N
00154514,蒔運國際有限公司,SHI YUN INTERNATIONAL LTD.,新北市三重區力行路2段136巷20號12樓,,,,2025/01/07,2026/01/03,N,N
00112064,威昊貿易股份有限公司,"WAYHOW TRADING CO., LTD.",新北市新莊區新北大道4段55號7樓,鄭O月,0958955066,,2025/01/07,2025/11/28,Y,Y
95439683,未來鏈網有限公司,FUTURE LINK NETWORK Company Limited,新北市板橋區館前西路6號12樓之5,洪O玲,89646627,,2025/01/07,2025/03/07,Y,Y
27382918,烽宇企業有限公司,"FENG YU INTERNATIONAL CO., LTD.",新北市蘆洲區光華路186巷39號5樓,留O萍,0286302003,,2025/01/07,2025/01/08,Y,Y
00109716,詮盈科技股份有限公司,"Go-Win Technology Co., Ltd.",新北市汐止區大同路2段147號2樓,宋O哲,02-86926588,,2025/01/07,2025/01/07,Y,Y
00192453,索菲尼有限公司,"SOFALAND CO., LTD.",新北市新店區央北二路206巷5號,陳O佑,0987901117,,2025/01/07,2025/01/07,Y,Y
00241905,沅聯有限公司,YUnion Trade LTD.,新北市汐止區建成路56巷25號,陳O賢,0226488861,,2025/01/07,2025/01/07,Y,Y
24533110,源創建設有限公司,"YUAN CHUAN CONSTRUCTION CO., LTD.",新北市新店區自立街134巷3號(1樓),劉O水,,,2025/01/07,2025/01/07,Y,Y
83008984,利捷服飾有限公司,"LijieClothing CO,LTD",新北市汐止區汐萬路2段228巷18弄23號2樓,楊O,0985447882,,2025/01/07,2025/01/07,Y,Y
95438994,莊輪子鋁圈輪胎科技股份有限公司,"JOHN WHEELS CO., LTD.",新北市土城區金城路三段202號,柳O榮,02-26918666,,2025/01/07,2025/01/07,Y,Y
95456465,美趣科技股份有限公司,"Match technology CO., LTD.",新北市新店區僑愛二路38號,楊O茂,0921086639,,2025/01/07,2025/01/07,Y,Y
95469102,蒔器股份有限公司,"Sower Tech CO., LTD.",新北市樹林區三龍街51號,蔡O斌,0226016898,02-26016897,2025/01/07,2025/01/07,Y,Y
95482392,奧特利貿易有限公司,Ottery Metalloy Tradings LTD.,新北市新店區安興路127之13號8樓,吳O漢,,,2025/01/07,2025/01/07,Y,Y
96774811,言成數字人科技股份有限公司,YanWell IntelliHuman Technologies Co. Ltd.,新北市中和區景平路666號3樓,許O良,,,2025/01/07,2025/01/07,Y,Y
96672997,渝廚娘實業有限公司,"Yu Chu Niang Industrial CO., LTD.",新北市三重區重新路5段623號(1樓),吳O容,02-29997856,,2025/01/06,2026/03/20,Y,Y
93381068,卡東科技有限公司,"Car Tong Tech CO., LTD.",新北市汐止區大同路1段308之2號,蔡O楨,,,2025/01/06,2026/03/04,Y,Y
00064680,哲益有限公司,Corex CORP.,新北市板橋區新府路1之6號11樓,,,,2025/01/06,2025/12/30,N,N
53205489,育圃教育服務管理諮詢顧問有限公司,"Yubuu Education Service Management Consulting CO., LTD.",新北市永和區中和路483號3樓及483號3樓之1,,02-86607531,,2025/01/06,2025/12/30,N,N
52269007,稼和工程有限公司,JIA-HO PROJECT LTD.,新北市板橋區三民路2段36號10樓之1,凌O蔚,02-23679985,02-23679965,2025/01/06,2025/12/19,Y,Y
60011603,永華國際貿易企業社,Yonghua Global Trading Co.,新北市板橋區重慶路245巷7號(2樓),蔡O華,0936880847,,2025/01/06,2025/08/14,Y,Y
00084270,雲驛科技有限公司,Cloud Relay Technologies LTD.,新北市中和區中正路736號14樓之3,黃O鴻,0921-947215,,2025/01/06,2025/01/06,Y,Y
00143806,霍爾得國際有限公司,"Howard International Foods CO., LTD.",新北市板橋區三民路2段37號23樓之1,郭O豪,0229596191,,2025/01/06,2025/01/06,Y,Y
00192714,芸宥網路科技有限公司,Yun-Yo INTERNET TECHNOLOGY LTD.,新北市土城區中央路2段149巷30弄6號3樓,王O琪,,,2025/01/06,2025/01/06,Y,Y
00253774,陽拓實業有限公司,YANG TUO SHI YE Limited Company,新北市汐止區建成路56巷25號,陳O宇,02-86464010,,2025/01/06,2025/01/06,Y,Y
66359350,旭宏空壓系統有限公司,"Xuhong Air Compression System CO., LTD.",新北市樹林區俊英街116巷21號,陳O琮,,,2025/01/06,2025/01/06,Y,Y
67313305,台雞食品有限公司,"Taiji Food CO., LTD.",新北市淡水區英專路31號,高O堯,,,2025/01/06,2025/01/06,Y,Y
88289978,食犬實美工作室,Elliepets Company,新北市新莊區中正路893巷1號之10,曾O庭,,,2025/01/06,2025/01/06,Y,Y
89782175,救地球產業有限公司,Nature Terra Industrial Limited Company,新北市板橋區中山路2段62號7樓之3,張O康,0980838434,,2025/01/06,2025/01/06,Y,Y
90111941,意創趨術有限公司,"MCTT CO., LTD.",新北市新莊區新莊路649巷13弄14號2樓,黃O淵,02-77287700,,2025/01/06,2025/01/06,Y,Y
94210824,鬼才有限公司,"GUEI CAI CO., LTD.",新北市中和區景平路547號,吳O陽,,,2025/01/06,2025/01/06,Y,Y
95159417,爍閃設計工作室,LYL Graphic Studio,新北市板橋區民族路276巷1弄18號(2樓),林O樂,,,2025/01/06,2025/01/06,Y,Y
96761288,秦聚有限公司,QIN JU Limited Company,新北市汐止區建成路56巷25號,曾O傑,02-26489098,,2025/01/06,2025/01/06,Y,Y
00137656,佳碼隆自動化有限公司,"Chameleon Auto ID Technology CO., LTD.",新北市中和區中正路738號17樓之1,莊O崙,,,2025/01/03,2026/01/09,Y,Y
00188628,尾道有限公司,"OMICHI CO., LTD.",新北市板橋區三民路2段81巷15號(1樓),廖O泓,,,2025/01/03,2025/12/03,Y,Y
96751373,木子金倉有限公司,LEES GOLDEN BASE Limited Company,新北市板橋區南雅東路1之19號8樓,張O庭,,,2025/01/03,2025/11/20,N,N
96685971,力楚科技有限公司,Power C Technology LTD.,新北市中和區中正路738號6樓之5,朱O杰,,,2025/01/03,2025/04/10,Y,Y
00104825,健康智研飛生技有限公司,"Health Smart Research & Flying Biotech CO., LTD.",新北市樹林區千歲街112號,王O智,,,2025/01/03,2025/02/06,Y,Y
00152500,艾波網股份有限公司,"ABLE NETWORK SERVICES CO., LTD.",新北市新店區安康路3段314號,游O銘,0928896637,,2025/01/03,2025/01/03,Y,Y
00165218,歐拉國際有限公司,"O-LA INTERNATIONAL LTD.,",新北市土城區中央路2段149巷30弄6號3樓,楊O皓,,,2025/01/03,2025/01/03,Y,Y
27672607,巧林裝潢有限公司,"CIAO,LIN CO., LTD.",新北市林口區中正路296巷14號2樓,洪O森,02-26035160,,2025/01/03,2025/01/03,Y,Y
53377834,蜜思國際有限公司,Mi si LTD.,新北市新店區安康路2段241號,蕭O秝,0286660596,,2025/01/03,2025/01/03,Y,Y
53899263,宏匯營造股份有限公司,"Hon Hui Construction CO., LTD.",新北市新莊區思源路555號(37樓),崔O蘭,02-22789066,,2025/01/03,2025/01/03,Y,Y
60007875,安鑫百貨商行,Anxin Department Shop,新北市土城區中華路1段36號7樓之1,盧O安,,,2025/01/03,2025/01/03,N,N
90460052,嵩創科技有限公司,"Song Chuang Technology CO., LTD.",新北市新莊區化成路660巷12號(2樓),郭O麟,,,2025/01/03,2025/01/03,Y,Y
92647385,嘉瑞百貨商行,Jiarui Department Shop,新北市土城區中華路1段36號7樓之1,陳O丞,,,2025/01/03,2025/01/03,N,N
93688671,萬茵生醫科技有限公司,WANYING BIOMEDICAL TECHNOLOGY LTD.,新北市蘆洲區民義街68巷72號5樓,游O珊,,,2025/01/03,2025/01/03,Y,Y
96794936,遠創文化股份有限公司,"A. Collective CO., LTD.",新北市板橋區南雅南路2段43號11樓,黃O翔,,,2025/01/03,2025/01/03,Y,Y
00217638,艾汝國際貿易有限公司,Radha International Trading LTD.,新北市八里區中山路2段282號11樓之2,翁OO,,,2025/01/02,2026/07/08,Y,Y
00002480,天光出版有限公司,Sunlit Publishing Ltd.,新北市新店區民權路108之4號5樓,商O文,02-22181417,,2025/01/02,2025/01/02,Y,Y
00023669,五穀設計有限公司,WuGu Design Limited Company,新北市中和區忠孝街17號（1樓）,陳O芬,0910387120,,2025/01/02,2025/01/02,Y,Y
00190259,麗彩科技股份有限公司,"Pixel Tech Taiwan CO., LTD.",新北市中和區建八路16號6樓,林O廷,,,2025/01/02,2025/01/02,Y,Y
91698961,佳曄企業社,Jiaye Company,新北市蘆洲區復興路115號2樓,蔡O霖,0936-039-710,,2025/01/02,2025/01/02,Y,Y
93603765,洋暄有限公司,"UN YANG SYUAN CO.,LTD.",新北市板橋區永翠路62號15樓,解O庭,,,2025/01/02,2025/01/02,Y,Y
93952643,晉嘉科技有限公司,promotion add Limited Company,新北市新店區溪園路389之6號11樓,林O樟,0933738976,,2025/01/02,2025/01/02,Y,Y
96001739,隆和美興業股份有限公司,MIRO INC.,新北市板橋區三民路2段37號21樓之2,葉O媚,,,2025/01/02,2025/01/02,Y,Y
96794252,哈萬國際行銷股份有限公司,"HOT ONE CO., LTD",新北市新莊區幸福東路60之1號6樓,陳O羽,02-77099711,,2025/01/02,2025/01/02,Y,Y
00103184,泉光有限公司,"SPRING LIGHT CO., LTD.",新北市板橋區重慶路99號(1樓),,,,2024/12/31,2026/04/16,N,N
00051186,台灣與墨有限公司,Taiwan Yumo Company Limited,新北市林口區仁愛路2段502號13樓之2,林O熙,02-23217666,,2024/12/31,2026/02/10,Y,Y
66419630,全球真愛聯合國際媒體股份有限公司,"Global United International Media Co., Ltd.",新北市板橋區文化路1段266號22樓之2,高O華,,,2024/12/31,2025/11/01,Y,Y
00026624,傑元有限公司,"Jie Yuan Kai CO., LTD.",新北市新莊區幸福路804號7樓,林O凌,,,2024/12/31,2024/12/31,Y,Y
00101171,邑莘有限公司,"VTH CO., LTD.",新北市板橋區富山街56號(1樓),黃O琳,,,2024/12/31,2024/12/31,Y,Y
00142166,零威重工有限公司,"Xerovar CO., LTD.",新北市石門區老崩山11之11號,趙O鈞,,,2024/12/31,2024/12/31,Y,Y
00145889,聞哲投資股份有限公司,Wisdom venture corporation,新北市五股區五工二路116巷22號,連O株,,,2024/12/31,2024/12/31,Y,Y
00170872,冠德控股股份有限公司,"KTEC Holdings Co., Ltd.",新北市中和區中板路23號9樓,鄭O正,02-22233518#23,,2024/12/31,2024/12/31,Y,Y
60007869,君霖百貨商行,Junlin Department Store,新北市土城區中華路1段36號7樓之1,朱O君,,,2024/12/31,2024/12/31,N,N
90584271,双暉有限公司,"Shuanghui CO., LTD.",新北市蘆洲區中山二路222巷21弄24號2樓,黃O達,02-22855654,,2024/12/31,2024/12/31,Y,Y
91089405,達翔有限公司,"Ta Shiang CO., LTD.",新北市新莊區後港一路76巷1弄1號4樓,林O岑,,,2024/12/31,2024/12/31,Y,Y
94093282,有搞頭新媒體有限公司,"UGT New Media Ltd CO., LTD.",新北市新莊區瓊泰路15號(2樓),戴O毅,0229525209,02-2952-5199,2024/12/31,2024/12/31,Y,Y
97578197,擎峰股份有限公司,"GREAT BLISS CO., LTD.",新北市三重區中正北路2號4樓之2,黃O禎,02-87715822,,2024/12/31,2024/12/31,Y,Y
96840832,匯騰商貿有限公司,Golden Best International LTD.,新北市林口區文化二路1段390號5樓,許O侑,02-26081778,,2024/12/30,2026/01/30,N,N
82973240,榛果科技有限公司,"ZHENGUO TECHNOLOGY CO., LTD.",新北市中和區連城路456巷4弄5號2樓,史O豪,0916895509,,2024/12/30,2025/12/11,Y,Y
90308466,吃什麼廚房股份有限公司,"CHIA SHA MI KITCHEN CO., LTD.",新北市板橋區三民路2段28號12樓,劉O安,02-22988118,02-22988138,2024/12/30,2025/09/25,Y,Y
66633287,達駿實業有限公司,"DA JUN INDUSTRIAL CO., LTD.",新北市新店區中興路1段262巷3號(1樓),,02-89641885,,2024/12/30,2025/02/28,N,N
00186924,博文興業有限公司,POWEN DEVELOPPING & HOLDING Company,新北市淡水區新春街180號22樓之5,邱O嘉,,,2024/12/30,2024/12/30,N,N
00192735,達恭國際有限公司,"Dakong International CO., LTD.",新北市淡水區中正路2段32巷14號2樓,蔡O宏,0975-552135,,2024/12/30,2024/12/30,Y,Y
42839802,騰耀策略管理顧問有限公司,Solar Strategic Management Consulting Ltd.,新北市林口區中正路57巷10號,倪O清,,,2024/12/30,2024/12/30,Y,Y
50975688,厚昇國際企業有限公司,"Housheng International Enterprise CO., LTD.",新北市三峽區大義路1號8樓,劉O蓉,03-3530666,,2024/12/30,2024/12/30,Y,Y
53955551,樺辰公寓大廈管理維護股份有限公司,Hua Chen Building Management INC.,新北市板橋區文化路2段98號6樓,張O玲,02-82622727,02-82602727,2024/12/30,2024/12/30,Y,Y
60008157,酷哈威小舖,kuhawei Store,新北市汐止區明峰街2巷6號2樓,王O顥,0970697087,,2024/12/30,2024/12/30,Y,Y
60010554,燕林堂,MJ bird nest Store,新北市永和區自強街55號(2樓),張O綺,0970732392,,2024/12/30,2024/12/30,Y,Y
82905481,勳世豐有限公司,"Xunshifeng co., ltd.",新北市新店區安興路109號14樓之7,吳O辰,0973128431,,2024/12/30,2024/12/30,Y,Y
91709778,戰牛歐美精品工作室,War Cattle Boutique Studio,新北市樹林區中山路2段46之7號18樓,陳O帆,,,2024/12/30,2024/12/30,Y,Y
91928605,糸字旁工作室,gusta handicraft Studio,新北市淡水區樹興里興福寮66巷203號(1樓),賴O涵,,,2024/12/30,2024/12/30,Y,Y
95495896,優思配有限公司,"YUSI MATCHING CO., LTD.",新北市土城區裕民路172號,陳O宏,,,2024/12/30,2024/12/30,Y,Y
96821384,東方之星生醫有限公司,"Oriental Star Biomedical CO., LTD.",新北市林口區文化二路1段260巷7號10樓之2,衣O蕾,0933757800,,2024/12/30,2024/12/30,Y,Y
95157810,夢尼電子商務,Mony E-Commerce Studio,新北市中和區中和路378巷18弄6號5樓,李O真,,,2024/12/28,2024/12/28,N,N
00128495,慧攀貿易有限公司,"HAPPY PRESENT CO., LTD.",新北市三重區重新路5段609巷14號7樓之3,陳O妤,02-23681917,,2024/12/27,2026/07/31,Y,Y
00058569,成美精工有限公司,"CMJG CO., LTD.",新北市新莊區建國二路83號之13,吳O裕,,,2024/12/27,2026/02/07,Y,Y
00212922,心翔科技有限公司,HFE Technology INC.,新北市土城區中央路3段281巷11弄7號5樓,張O馨,02-22680629,,2024/12/27,2026/01/29,Y,Y
94816175,櫻桃優品企業社,Cherry Premium Enterprise Co.,新北市新莊區四維路131巷10號2樓,戴O乙,,,2024/12/27,2025/11/11,Y,Y
42288271,大輪租賃行,BIG WHEEL Co.,新北市中和區中正路266號(1樓),呂O志,02-22422611,,2024/12/27,2025/02/26,Y,Y
94029769,登翔企業有限公司,"DENG XIANG CO., LTD.",新北市鶯歌區中湖街303巷10號（2樓）,陳O聖,02-26781135,,2024/12/27,2024/12/27,Y,Y
95438925,樂林科技股份有限公司,"Navigation Technology Co., Ltd",新北市林口區文化二路1段266號12樓之2,梁O文,,,2024/12/27,2024/12/27,Y,Y
50862299,玥美國際有限公司,"May.Beauty CO., LTD.",新北市新店區北新路1段89號13樓,謝O梅,,,2024/12/26,2026/07/16,Y,Y
00243381,有利鑫國際股份有限公司,"Profit More International Co., Ltd.",新北市中和區中山路3段110號5樓之8,賴O涵,02-8787-0168,,2024/12/26,2026/05/09,Y,Y
00060100,勝玄企業有限公司,"Garomax CO., LTD.",新北市新莊區思源路400號3樓,吳O妤,,,2024/12/26,2024/12/26,Y,Y
28940692,魚中魚水族寵物有限公司,"Fishinfish Petsmall CO., LTD.",新北市中和區中正路211巷13弄7號1樓,曾O皇,04-23288899#207,,2024/12/26,2024/12/26,Y,Y
50969834,蓁采企業有限公司,"JenCai enterprise co., ltd.",新北市新莊區八德街188號2樓,蘇O蓁,,,2024/12/26,2024/12/26,Y,Y
54993316,玟宇企業有限公司,"Hwa Speaking CO., LTD.",新北市汐止區樟樹二路279號2樓,劉O樺,03-6579502,,2024/12/26,2024/12/26,Y,Y
93561224,升邁生物科技股份有限公司,Synbiotics Biotechnology Company Limited,新北市中和區建八路218號17樓,莊O清,02-29297298,,2024/12/25,2026/04/21,Y,Y
00221350,帛誠有限公司,"NVI Biotech CO., LTD.",新北市板橋區民生路1段33號12樓之2,林O華,,,2024/12/25,2025/10/03,Y,Y
91687514,璞拾家居企業社,PUSHI Living Company,新北市新莊區中正路708之6號5樓,李O珊,,,2024/12/25,2025/05/15,Y,Y
00175497,晶石科技有限公司,"Spar Technology CO., LTD.",新北市三峽區學成路327號2樓之13,柯O毅,,,2024/12/25,2024/12/25,Y,Y
00183362,艾格曼生醫有限公司,AGMED Biomedical LTD.,新北市土城區新洲路98號8樓,林O丞,02-85225720,02-85225730,2024/12/25,2024/12/25,Y,Y
16739200,月欣科技有限公司,"MOON STAR TECHNOLOGY CO., LTD.",新北市板橋區信義路163巷11號3樓,余O貴,,,2024/12/25,2024/12/25,Y,Y
53229052,宏騏有限公司,"HONG CHI EXPRESS CO., LTD.",新北市新店區永安街83巷7號5樓,林O姍,0932191737,,2024/12/25,2024/12/25,Y,Y
54709396,渼笛科多元行銷有限公司,Medick Marketing Ltd.,新北市中和區中和路356號7樓,黃O涵,02-77039300,,2024/12/25,2024/12/25,Y,Y
60006209,晟楓商行,Sheng Feng Shang Shop,新北市樹林區工興街14巷9號3樓,吳O鳳,,,2024/12/25,2024/12/25,Y,Y
96832191,多樂貿易實業有限公司,Sagejoy Inc.,新北市中和區景安路50號10樓,李O慶,0910567228,,2024/12/25,2024/12/25,Y,Y
95457963,鈊珩有限公司,Forever Star Limited Company,新北市中和區宜安路171號4樓,蔡O哲,0958451268,,2024/12/24,2026/09/19,Y,Y
00057800,許文記文創有限公司,"THE HSU CREATIVE STUDIO CO., LTD.",新北市三重區三和路4段97之13號3樓之1,許O銘,0932199954,,2024/12/24,2026/09/04,Y,Y
00209855,捏豆人潮玩有限公司,"Niedou Toys CO., LTD.",新北市板橋區館前東路22號8樓之1,林O霆,,,2024/12/24,2026/03/31,Y,Y
00026997,暖暖趣股份有限公司,Wfun Company Limited,新北市新店區安興路127之6號12樓,林O華,02-89139876,,2024/12/24,2025/12/11,Y,Y
69265005,北極星動態藝術國際事業有限公司,"POLARIS-X CO., LTD.",新北市中和區景平路666號3樓,譚O裴,,,2024/12/24,2025/10/30,Y,Y
00074511,能合半導體股份有限公司,"MXP semiconductor CO., LTD.",新北市新莊區福美街69號3樓,黃O智,,,2024/12/24,2025/03/21,Y,Y
90199679,元穹國際有限公司,"Yuan Qiong International CO., LTD.",新北市中和區中正路78號4樓之2,蕭O元,,,2024/12/24,2025/03/14,N,N
54314751,弘澤工程技術顧問有限公司,"HongZe Engineering Consultants CO., LTD.",新北市板橋區中山路1段293之2號11樓,吳O儒,(02)2955-6060,,2024/12/24,2024/12/26,Y,Y
00027476,捷實國際企業有限公司,JIANSH INTERNATIONAL INCORPORATION LTD.,新北市新莊區新北大道3段210號8樓,黎O雄,0933730089,,2024/12/24,2024/12/24,Y,Y
00108809,星鏈能源股份有限公司,"STARLINK ENERGY CO., LTD.",新北市板橋區華江一路533號13樓,馬O通,0222521333,,2024/12/24,2024/12/24,Y,Y
00113660,柏辰貿易有限公司,"BOSSCHEN TRADING CO., LTD.",新北市淡水區新民街120巷45弄18號3樓,陳O美,0922873968,,2024/12/24,2024/12/24,Y,Y
00157929,旭洲醫療器材股份有限公司,"SYUJO MEDICAL CO., LTD.",新北市中和區新民街33號7樓,林O豪,0932220138,,2024/12/24,2024/12/24,Y,Y
00194585,妍理理實業有限公司,Taipei Yan Co.,新北市板橋區府中路67號3樓,林O穎,0905081795,,2024/12/24,2024/12/24,Y,Y
28349945,百世達印刷有限公司,"BESTTALL PRINTING CO.,LTD.",新北市中和區景平路288號15樓,陳O淳,02-22675600,02-22680567,2024/12/24,2024/12/24,Y,Y
83584705,禾銘環境工程顧問有限公司,"HeMing Environmental Engineering Consultant. CO., LTD.",新北市新店區寶橋路235巷5號7樓,陳O銘,02-29372044,,2024/12/24,2024/12/24,Y,Y
95142417,寧逸電機企業社,NING YIH ELECTRIC Company,新北市樹林區文化街25巷1弄1號3樓,張O妍,0901-366053,,2024/12/24,2024/12/24,Y,Y
00159784,麟豐股份有限公司,Superlative Semitech INC.,新北市泰山區文程路6號(1樓),潘O又,02-2296 5798,,2024/12/23,2026/07/29,Y,Y
00229557,瑞聯生態科技股份有限公司,"JW UNITED CO., LTD.",新北市樹林區俊英街123巷23號,陳O文,0910212903,,2024/12/23,2025/12/01,Y,Y
96892303,春昱有限公司,HARUMI YI CO.,新北市三重區中正北路264號4樓,,,,2024/12/23,2025/03/28,N,N
00253839,和幕杉有限公司,"Hemusan CO., LTD.",新北市永和區永貞路77號,,0976712346,,2024/12/23,2025/03/27,N,N
60008558,礦霧植晶礦工作室,CRYSTAL'S ORE PLANT STUDIO,新北市鶯歌區中山路329巷26弄11號14樓,王O妘,,,2024/12/23,2025/02/19,Y,Y
00139916,新恩機電有限公司,"Shin En Electrical CO., LTD.",新北市新莊區銘德街138號,李O義,02-89121235,02-89121237,2024/12/23,2024/12/26,Y,Y
00062698,新賦有限公司,"INNATE INTERNATIONAL TAIWAN CO., LTD.",新北市八里區埤頭一街152號,陳O彰,0921155298,,2024/12/23,2024/12/23,Y,Y
00163990,平行製造有限公司,paramade LTD.,新北市永和區保福路1段47巷17號3樓之11,吳O翰,,,2024/12/23,2024/12/23,Y,Y
00169376,孚奕科技股份有限公司,"VOE Technology CO., LTD.",新北市新莊區中央路728號19樓,謝O盛,0935-626938,,2024/12/23,2024/12/23,Y,Y
00231322,特德氏生物科技有限公司,TADS Bioscience Limited,新北市汐止區新台五路1段96號16樓,周O君,0931067076,,2024/12/23,2024/12/23,Y,Y
00251038,太陽貿易有限公司,"Sun CO., LTD.",新北市板橋區民生路1段33號20樓之3,何O如,,,2024/12/23,2024/12/23,Y,Y
54598146,瓦特資訊股份有限公司,"Watt-Tech CO., LTD.",新北市新莊區昌隆街3巷1弄2號16樓之6,詹O文,0923366442,,2024/12/23,2024/12/23,Y,Y
72676489,茶瑪啡商店,Tea Morphine Shop,新北市板橋區三民路一段31巷89弄1號,林O賢,02-29633681,,2024/12/23,2024/12/23,Y,Y
90265473,全美上有限公司,AMU Limited,新北市三重區仁愛街53巷206號2樓,李O慧,0958978633,,2024/12/20,2026/07/08,Y,Y
96848258,越忠海有限公司,"Yue Zhong Hai CO., LTD.",新北市汐止區樟樹二路310號,NOUYENSYTRUNO,0905909409,,2024/12/20,2026/03/17,Y,Y
52645087,愛富發有限公司,ifufa Ltd.,新北市板橋區中正路330號5樓,陳O,02-23331117,,2024/12/20,2025/12/27,Y,Y
00069030,購大心美食團購有限公司,Congenial Food Shopping LTD.,新北市中和區橋和路122號5樓之6,周O宇,02-22485555,,2024/12/20,2024/12/20,Y,Y
00082929,宸瑋室內裝修設計有限公司,"Cenvi Interior Design CO., LTD.",新北市板橋區民生路2段226巷6弄14號2樓,劉O瑋,,,2024/12/20,2024/12/20,Y,Y
00089248,祐聲國際有限公司,"YOURSOUND CO., LTD.",新北市中和區中興街208號3樓,夏O翔,0938296665,,2024/12/20,2024/12/20,Y,Y
00135469,鈞海股份有限公司,"Jun Hai Co., Ltd.",新北市新店區頂城一街1巷32號(3樓),李O琪,,,2024/12/20,2024/12/20,Y,Y
00198581,裕鋮股份有限公司,"YU CHANG INTERNATIONAL TRADE CO., LTD.",新北市鶯歌區西湖街289巷8號,余O凌,0910002697,,2024/12/20,2024/12/20,Y,Y
00198941,浮生潛水有限公司,"Full Sun Diving CO., LTD.",新北市淡水區民權路183巷7號5樓,顏O哲,0935080756,,2024/12/20,2024/12/20,Y,Y
00200453,拓普威股份有限公司,TopWayX Company Limited,新北市汐止區新台五路1段97號31樓之6,周O昱,,,2024/12/20,2024/12/20,Y,Y
00202017,謝謝環球食品有限公司,"3Q FOODS INTERNATIONAL CO., LTD.",新北市板橋區民生路1段33號20樓之3,洪O飛,,,2024/12/20,2024/12/20,Y,Y
00238161,開來企業有限公司,"Kailai Enterprise CO., LTD.",新北市新店區安德街75號10樓,周O來,02-77507012,,2024/12/20,2024/12/20,Y,Y
54053756,建麗醫療輔具有限公司,"goCare Assistdevice CO., LTD.",新北市中和區中山路2段332巷69號2樓,莊O雪,02-22433779,02-22433778,2024/12/20,2024/12/20,Y,Y
87299935,川嵐工作室,Kawaarashi Studio,新北市中和區連城路347巷6弄38號5樓,鄭O勻,0983183113,,2024/12/20,2024/12/20,Y,Y
94093987,四寶貝美食團購有限公司,Four Baby Food Shopping LTD.,新北市中和區橋和路120號10樓之5,陳O庭,02-22485555,,2024/12/20,2024/12/20,Y,Y
94192305,美你的事國際有限公司,"MaybeYou International Co., Ltd.",新北市汐止區康寧街169巷8之3號3樓,謝O雯,0983715256,,2024/12/20,2024/12/20,Y,Y
98675099,維大利企業社,WEI DA LI Company,新北市鶯歌區建國路367巷2號(1樓),孫O利,0226776184,0226776164,2024/12/20,2024/12/20,Y,Y
90116586,佳必世有限公司,"JINNO CO., LTD.",新北市新莊區化成路63巷6號5樓,林O賢,,,2024/12/19,2026/08/11,Y,Y
91066304,家愛國際有限公司,CHIA AI International LTD.,新北市中和區中原二街28號18樓,曹O學,,,2024/12/19,2026/05/07,Y,Y
97606010,好拾國際有限公司,"Haoshi lnternational CO., LTD.",新北市板橋區中山路2段443巷70號3樓,,,,2024/12/19,2025/12/04,N,N
00048774,晶睿智電科技有限公司,"JingRui SmartTech CO., LTD.",新北市三重區重新路4段97號10樓之1,高O宜,,,2024/12/19,2025/11/22,Y,Y
00201214,速可達國際物流有限公司,"SKOtA International Logistics CO., LTD.",新北市三重區重新路2段46之8號3樓,程O宇,,,2024/12/19,2024/12/20,Y,Y
00113562,泓騏國際有限公司,"Fortes Technology Co., Ltd.",新北市汐止區新台五路2段238號14樓,簡O元,02-26903376,,2024/12/19,2024/12/19,Y,Y
33151458,忠義儀器有限公司,"CHONEYE INSTRUMENTS CO., LTD.",新北市中和區員山路514巷15號(1樓),陳O雄,02-22223033,,2024/12/19,2024/12/19,Y,Y
93539069,億如投資有限公司,"E-JU Investment CO., LTD.",新北市三重區永福街197巷26號,梁O如,0921-858946,,2024/12/19,2024/12/19,Y,Y
94240989,本意有限公司,BENYI LTD.,新北市新莊區中平路183號2樓,邱O銘,,,2024/12/19,2024/12/19,Y,Y
00201880,維揚商貿股份有限公司,"We Young Global Solutions CO., LTD.",新北市淡水區頂田寮路145號4樓,林O斌,02-27821660,,2024/12/18,2026/01/23,Y,Y
00153043,維霖科技股份有限公司,"W-TECH CO., LTD.",新北市中和區中山路2段369號5樓,,,,2024/12/18,2025/10/21,N,N
00129699,環動科技有限公司,"Top Global Technology CO., LTD.",新北市新店區安興路127之3號,,0935211067,,2024/12/18,2025/08/01,N,N
00136447,昌泰國際貿易股份有限公司,"CHANGTAI INTERNATIONAL TRADE CO., LTD.",新北市新店區秀岡三街12巷2號,林O泰,02-22162808,02-22161922,2024/12/18,2025/01/21,Y,Y
00073359,鼎辰數能股份有限公司,"Dingchen Shuneng CO., LTD.",新北市汐止區新台五路1段95號20樓之6,朱O姍,02-27477088,,2024/12/18,2024/12/18,Y,Y
00154964,若水酒藏有限公司,Mizu Sake Atelier LTD.,新北市三重區大同南路214號（1樓）,李O益,02-6605-7869,,2024/12/18,2024/12/18,Y,Y
00175763,奇亨創造媒體有限公司,"IC MEDIA CO., LTD.",新北市板橋區三民路2段37號23樓之1,陳O霖,02-25798764,,2024/12/18,2024/12/18,Y,Y
23978156,汎濠企業有限公司,Fenhao Enterprises Limited,新北市板橋區文聖街149巷23弄7號1樓,王O文,02-22514854,02-25875170,2024/12/18,2024/12/18,Y,Y
00094805,優智威電競有限公司,"Euphoware Gaming CO., LTD.",新北市新店區民權路153號4樓,劉O桓,,,2024/12/17,2026/09/11,Y,Y
00222359,紹輔實業有限公司,"ShaoFU CO., LTD.",新北市三重區新北大道1段123號11樓,周O霞,02-29085399,,2024/12/17,2026/08/08,Y,Y
00192812,崴達鞋業有限公司,"WEI-DA SHOES CO., LTD.",新北市三重區光復路2段88巷18號,湯O榮,02-82879898,,2024/12/17,2024/12/17,Y,Y
24562867,濬禾室內裝修有限公司,Junhe LTD.,新北市新莊區思源路601號8樓,周O進,,,2024/12/17,2024/12/17,Y,Y
80023923,三位一體工作室,KT SlowGrind STUDIO,新北市板橋區懷德街174巷14號3樓,連O鈴,0922211821,,2024/12/17,2024/12/17,Y,Y
82852077,武田摩多有限公司,"Wutan Motor sports CO., LTD.",新北市中和區景平路63號,林O榮,02-29448585,,2024/12/17,2024/12/17,Y,Y
91039861,芊遇貴金屬有限公司,CianYu Gold LTD.,新北市林口區文林一街11巷16號(1樓),曾O遇,0965179520,,2024/12/17,2024/12/17,Y,Y
95133727,祝祝商行,Zhuzhu Shop,新北市淡水區民權路111號3樓,王O晴,,,2024/12/17,2024/12/17,N,N
95160792,畂勤企業社,Liou Cin Co.,新北市三重區大同南路106號11樓,許O超,,,2024/12/17,2024/12/17,Y,Y
91418933,王中王商行,Wang Zhong Wang Store,新北市淡水區新民街180巷20號2樓,左O宇,,,2024/12/16,2025/03/14,Y,Y
00063009,回豆設計有限公司,"Vido Design Co., Ltd.",新北市淡水區民族路50巷24號8樓,黃O安,,,2024/12/16,2024/12/17,Y,Y
23772400,松宜電機有限公司,"SONG YI ELECTRIC CO., LTD.",新北市新莊區五權一路5號之3,林O祺,04-26152333,04-26150982,2024/12/16,2024/12/17,Y,Y
00045559,泰元誠心實業有限公司,AIAM LTD.,新北市板橋區文化路2段285號21樓,陳O銘,,,2024/12/16,2024/12/16,Y,Y
85077269,巧上國際有限公司,"QIAO SHANG INTERNATIONAL CO., LTD.",新北市板橋區民族路247巷9弄19號(1樓),黃O彭,,,2024/12/16,2024/12/16,Y,Y
87500093,里拉整體造型工作室,LIRA SSOA STUDIO,新北市泰山區民生路17巷62號4樓,楊O怡,0955311167,,2024/12/16,2024/12/16,Y,Y
90445237,千世裝訂有限公司,"CIAN-SHIH BINDING CO., LTD.",新北市中和區中板路18巷2弄3號,王O惠,02-82275298,,2024/12/16,2024/12/16,Y,Y
91402101,捉迷腸寵物館,JHUOMICHANGCHONG-WU-GUAN Workshop,新北市中和區大勇街25巷15弄13號(1樓),張O綺,0970732392,,2024/12/16,2024/12/16,Y,Y
93036361,米米嚕商行,Mimiru Trading Company,新北市樹林區中山路3段175號4樓之4,陳O儒,0961116959,,2024/12/16,2024/12/16,N,N
93036382,吉卜商行,gib Company,新北市樹林區中山路3段175號4樓之4,邱O媛,0952716668,,2024/12/16,2024/12/16,N,N
94181497,榮虹有限公司,"Rong Hong CO., LTD.",新北市三重區安慶街361巷2號4樓,陳O娥,,,2024/12/16,2024/12/16,Y,Y
97592992,泰鳴有限公司,"TAI MING CO., LTD.",新北市三重區安慶街361巷2號4樓,陳O娥,,,2024/12/16,2024/12/16,Y,Y
90839133,布萊特愛司股份有限公司,"BRIGHTEYES GROUP CO., LTD.",新北市新莊區福慧路210號11樓,丁O輝,02-22592799,,2024/12/13,2025/06/03,Y,Y
00067482,龍騰有限公司,Infinity Dragon LTD.,新北市林口區文化北路1段48號3樓之1,黃O琼,02-23217666#225,,2024/12/13,2024/12/13,Y,Y
00093854,潔媽咪國際貿易有限公司,"J Mommy International Trading CO., LTD.",新北市淡水區濱海路2段202巷65弄60號（1樓）,林O毅,,,2024/12/13,2024/12/13,Y,Y
00179803,汰樂股份有限公司,"Taelor, INC.",新北市新店區檳榔路53巷12號6樓,鄭O慈,,,2024/12/13,2024/12/13,Y,Y
93623220,海熙國際行銷有限公司,Hi Sea International Marketing LTD.,新北市新莊區四維路212巷4弄8號11樓,姜O岑,,,2024/12/13,2024/12/13,Y,Y
00029143,方案三三有限公司,Solution33 Limited Company,新北市板橋區四川路1段105號8樓,黃O綱,02-29630433,,2024/12/12,2025/12/04,Y,Y
00227869,福光启科技有限公司,"FU.GRANDQI Technology CO., LTD.",新北市新莊區富貴路492號6樓,,,,2024/12/12,2025/11/22,N,N
00095924,欣軒寧企劃有限公司,"HSIN, HSUAN-NING CO., LTD.",新北市土城區金城路3段8號3樓,陳O銘,0937181352,,2024/12/12,2025/11/12,Y,Y
00036236,豐群光電股份有限公司,"Fengqun Optoelectronics CO., LTD.",新北市三重區興德路129號5樓,鄭O益,02-22900788,,2024/12/12,2024/12/27,Y,Y
00050356,仲視電子有限公司,"Zhongshi Electronics CO., LTD.",新北市淡水區新民街304號7樓,蔡O欣,02-29829866,,2024/12/12,2024/12/12,Y,Y
00066049,曜宏投資有限公司,"Yaohong Investment CO., LTD.",新北市汐止區新台五路1段99號31樓之12,張O華,,,2024/12/12,2024/12/12,Y,Y
00176931,倍安開發實業有限公司,Bei An Development LTD.,新北市新莊區新樹路609之5號13樓,謝O龍,0979514858,,2024/12/12,2024/12/12,Y,Y
00241270,虹耀有限公司,Hyshine Limited Company,新北市淡水區北新路141巷15號6樓,江O億,,,2024/12/12,2024/12/12,Y,Y
13016080,傑作文化事業有限公司,"MASTERPIECE CULTURE CO., LTD.",新北市永和區中山路1段159號3樓,林O煥,02-27755882,,2024/12/12,2024/12/12,Y,Y
24704583,和昇禮品有限公司,"HO SHENG GIFT CO., LTD.",新北市板橋區文化路2段182巷3弄32號2樓,歐O廷,02-82527500,,2024/12/12,2024/12/12,Y,Y
26763397,德隆機械企業社,Delon COMPANY,新北市新莊區中正路新旺巷30弄8號3樓,吳O玲,,,2024/12/12,2024/12/12,Y,Y
54048868,福林金屬工程有限公司,"FU LIN METAL WORKS CO., LTD.",新北市汐止區湖東街49號,林O祥,0226982289,02-26982215,2024/12/12,2024/12/12,Y,Y
83093567,永續開發顧問股份有限公司,"Sustainable Development Consultants CO., LTD.",新北市板橋區館前東路116號3樓,陳O平,,,2024/12/12,2024/12/12,Y,Y
00184496,原創力科技股份有限公司,MSB Silicon Technology CORP.,新北市汐止區新台五路1段95號20樓之6,潘O傑,02-27268069,,2024/12/11,2026/06/22,Y,Y
00015181,湧達科技股份有限公司,"ACCURTECH CO., LTD.",新北市土城區自強街31之2號(1樓),吳O雍,02-2269-6789,,2024/12/11,2024/12/11,Y,Y
00170280,富熵能源有限公司,Entropy Energy Limited,新北市新店區安康路1段94之2號（1樓）,林O秋,,,2024/12/11,2024/12/11,Y,Y
00183736,智雅優國際有限公司,WISEART INTERNATIONAL LIMITED,新北市新莊區中平路81巷14號7樓,張O淳,0926935186,,2024/12/11,2024/12/11,Y,Y
29096715,鴻裕銘板有限公司,HY Panel Limited,新北市新莊區民安東路139巷1號1樓,林O榮,02-22082281,,2024/12/11,2024/12/11,Y,Y
36357714,大金水果行,DAJING fruits Company,新北市三重區中正北路111號,蔡O炫,093563884,02-28323183,2024/12/11,2024/12/11,Y,Y
83377972,鎖庫智能有限公司,SO COOL SMART INC.,新北市土城區金城路3段33巷8之1號,翁O恩,02-28853098,,2024/12/11,2024/12/11,Y,Y
85167281,豪好購企業社,HAOHAOGOU Co.,新北市新莊區永樂街239巷2弄9號,陳O祥,0933991614,,2024/12/11,2024/12/11,Y,Y
90120815,千金鑫國際有限公司,Thousand International LTD.,新北市土城區金城路2段250號9樓,紀O樺,02-77463966#200,,2024/12/11,2024/12/11,Y,Y
93510627,建興國際貿易有限公司,"CHC INTERNATIONAL CO., LTD.",新北市汐止區中興路95號7樓之3,譚O正,02-26881577*19,02-26981588,2024/12/11,2024/12/11,Y,Y
95158233,德翊志行號,DurYiChi CO.,新北市板橋區中山路1段102之1號,屠O瑋,,,2024/12/11,2024/12/11,Y,Y
00096228,群力數位有限公司,"ULTRA UNION CO., LTD.",新北市新店區寶興路45巷9弄8號5樓,孫O文,,,2024/12/10,2024/12/10,Y,Y
00136066,開闔國際實業有限公司,"Kai Ho International Trade Co., Ltd.",新北市樹林區保安街1段16巷34號3樓,張O明,02-26820599,,2024/12/10,2024/12/10,Y,Y
00166808,星磊科技股份有限公司,"STAR CLUSTER TECHNOLOGY CO., LTD.",新北市土城區忠承路113號8樓,黃O峰,02-2268-9189,,2024/12/10,2024/12/10,Y,Y
00171247,振然有限公司,"Zhen Ran CO., LTD.",新北市三重區重新路5段609巷4號5樓之10,曹O然,02-29995558,,2024/12/10,2024/12/10,Y,Y
00210059,千蘊有限公司,CHIENFORT LIMITED COMPANY,新北市板橋區文化路2段385之6號20樓,張O子騫,0921033034,,2024/12/10,2024/12/10,Y,Y
00218881,七杯有限公司,"7 Cup CO., LTD.",新北市永和區民權路39號2樓,林O平,,,2024/12/10,2024/12/10,Y,Y
54298491,川越國際開發有限公司,"WIEDEN INTERNATIONAL DEVELOPMENT CO., LTD.",新北市新莊區新北大道3段212號13樓,蕭O傳,02-22468555,,2024/12/10,2024/12/10,Y,Y
60004336,霓蘊設品工作室,Rebloom Studio Co.,新北市板橋區三民路2段33號14樓,黃O庭,,,2024/12/10,2024/12/10,N,N
66634722,智恩國際企業有限公司,Zhien Carrier Tape Enterprise LTD.,新北市中和區橋和路120號10樓之5,周O宇,02-22485555,,2024/12/10,2024/12/10,Y,Y
94114293,行健復康科技有限公司,MOTIVE P&O Limited,新北市林口區文化三路1段191巷51號(1樓),黃O偉,0987533213,,2024/12/10,2024/12/10,Y,Y
94173172,喵噢電子商務有限公司,Meow Ecommerce Limited,新北市三重區秀江街227號,周O賢,0911099796,,2024/12/10,2024/12/10,Y,Y
94881739,尤譜企業社,YOPOO Co.,新北市新莊區中和街30巷3號2樓,劉O宏,,,2024/12/10,2024/12/10,Y,Y
93540208,為曼國際有限公司,"wayman CO., LTD.",新北市蘆洲區水湳街275號7樓,顏O褀,,,2024/12/09,2026/09/10,Y,Y
94136959,博富有限公司,"BO FU TRADING CO., LTD.",新北市汐止區忠三街41巷64號,李O宸,02-86481508,,2024/12/09,2026/09/08,Y,Y
00157836,愛漂亮商業有限公司,Lovepretty Company Limited,新北市中和區景平路666號3樓,鄧O芸,0901-270-954,,2024/12/09,2025/08/13,Y,Y
00251972,鑫龍騰有限公司,Shindragonteng Company Limited,新北市中和區景平路666號3樓,劉O鑫,02-28217858,,2024/12/09,2025/01/21,Y,Y
00031387,建昌國際貿易股份有限公司,"J.C. international trade CO., LTD.",新北市新莊區新樹路268巷7之5號,吳O昌,,,2024/12/09,2024/12/09,N,N
00033630,夢不落運動有限公司,"NEVER LAND SPORTS CO., LTD.",新北市板橋區文化路一段215號2樓、217號2樓,王O文,0939918270,,2024/12/09,2024/12/09,Y,Y
00064295,安特生技有限公司,"Ant Biotechnology CO., LTD.",新北市淡水區中正東路1段3巷14弄19號8樓,毛O劍,02-26295855,,2024/12/09,2024/12/09,N,N
28690385,艾普先進科技股份有限公司,ImPro Advanced Technology Corporation,新北市中和區秀朗路3段128巷2號3樓,江O樺,02-28360343,02-28340951,2024/12/09,2024/12/09,Y,Y
41406362,旭烽實業社,XU FENG OUTDOOR Co.,新北市板橋區莊敬路25巷15號(1樓),黃O軒,02-22556005,,2024/12/09,2024/12/09,Y,Y
83114893,穀米機工有限公司,"Okomestudio CO., LTD.",新北市板橋區中山路1段293之1號10樓之1,凌O廷,02-25500062,,2024/12/09,2024/12/09,Y,Y
94224897,灰黑集白有限公司,Huei Hei Ji Bai Ltd.,新北市三重區永安北路1段17巷22之7號3樓,李O均,0926150752,,2024/12/09,2024/12/09,Y,Y
95161223,力中商行,Li Zhong Trading Company,新北市永和區安樂路431號(永安公有零售市場),李O中,,,2024/12/09,2024/12/09,Y,Y
00030253,義居雅舍股份有限公司,"Vitaitalian CO., LTD.",新北市新莊區昌德街36號10樓,,,,2024/12/08,2026/09/05,Y,Y
95483168,博視科技有限公司,"Boshi Technology CO., LTD.",新北市中和區建八路208號2樓,陳O安,02-22250167,,2024/12/06,2025/10/09,Y,Y
00137662,星隼光學股份有限公司,Star Focus INC.,新北市汐止區大同路1段239號15樓,尚O峯,,,2024/12/06,2025/08/19,Y,Y
69417410,飛騰伊果國際文化傳媒有限公司,"FLYING EAGLE INTERNATIONAL CULTURE MEDIA CO., LTD.",新北市板橋區民生路1段33號9樓之3,黃O曦,02-29637909,,2024/12/06,2024/12/20,Y,Y
00225428,徠景有限公司,"ZUMAMUMA CO., LTD.",新北市樹林區中山路1段217號3樓之2,胡O博,0972887377,,2024/12/06,2024/12/06,Y,Y
00237156,華夏書院股份有限公司,"Dreamer Academy Co., Ltd.",新北市三重區重新路5段609巷8號7樓之3,李O華,02-22787687,02-22787626,2024/12/06,2024/12/06,Y,Y
91236624,德銥工作室,DEYI LUCKY STUDIO,新北市土城區中央路1段292巷2弄5號3樓,李O慧,,,2024/12/06,2024/12/06,Y,Y
97572243,津林生技有限公司,"JINGLIN BIOTECHNOLOGY CO., LTD.",新北市三峽區中正路2段358號(2樓),巫O晏,0988821971,,2024/12/06,2024/12/06,Y,Y
00245418,未來智慧股份有限公司,"Horizon AI CO., LTD.",新北市新店區北新路2段262號3樓之3,蘇O哲,02-66041093,,2024/12/05,2026/04/14,Y,Y
00088228,台灣辻沐企業有限公司,TAIWAN TSUJIMOKU LTD.,新北市樹林區文化街43號,趙O如,02-86751777,,2024/12/05,2025/12/01,Y,Y
00158075,亞州秀逸股份有限公司,"EPU CO., LTD.",新北市新莊區麗水街57號,左O德夫,,,2024/12/05,2025/06/02,Y,Y
00092980,香港商永保健康產業集團有限公司台灣分公司,Above All Global Health Group Limited Taiwan Branch(Hong Kong),新北市深坑區北深路三段270巷2號8樓,陳O旭CHENCHUN-HSU,(02)7741-6588#219,,2024/12/05,2024/12/05,Y,Y
00173982,益萬豐股份有限公司,"YWF CO., LTD.",新北市五股區成泰路2段197巷14號（2樓）,邱O益,03-4836033,03-4832033,2024/12/05,2024/12/05,Y,Y
00174075,廣豐盛有限公司,KCT ENTERPRISES INC.,新北市新店區民權路88之5號2樓,林O婷,,,2024/12/05,2024/12/05,Y,Y
00225004,采宏興業有限公司,"TSAI HONG DEVELOPMENT CO.,LTD",新北市板橋區四川路1段23號11樓,曾O,026738816,02-26738820,2024/12/05,2024/12/05,Y,Y
00240315,東欣水果有限公司,"TONG SHIN FRUIT CO., LTD.",新北市板橋區廣權路109號2樓,朱O榮,02-29598926,,2024/12/05,2024/12/05,Y,Y
00242720,宇勝國際貿易有限公司,"U-Win international CO., LTD.",新北市新店區安康路2段242巷1號4樓,張O琪,,,2024/12/05,2024/12/05,Y,Y
00254773,泰豪化學有限公司,"Superway Chemicals CO., LTD.",新北市新店區北新路1段12號16樓,王O豪,02-86675150,,2024/12/05,2024/12/05,Y,Y
24339967,強力文創有限公司,Mega Force Recording Studios LTD.,新北市汐止區康寧街169巷31之1號6樓之1,徐O蘭,0226923738,0226923013,2024/12/05,2024/12/05,Y,Y
80466021,威技鋼模有限公司,"WEI JI STEEL MOLD CO., LTD.",新北市蘆洲區民義街68巷22號3樓,高O良,02-86882448,02-26897551,2024/12/05,2024/12/05,Y,Y
95156100,為了養我推努力工作室,Rabbit Whole Oshiwaku Workshop,新北市林口區文化二路1段96巷9號9樓之1,韓O毓,,,2024/12/05,2024/12/05,Y,Y
00105704,卡佛香有限公司,Gattefosse Aromatherapy Limited,新北市林口區文化三路2段41巷77號13樓,葉O明,,,2024/12/04,2025/11/15,Y,Y
29162088,富宸紙器有限公司,"FULLCHENG PAPER TOOLS CO., LTD.",新北市中和區立德街200巷46號2樓,謝O玲,02-2228-1014,02-8221-7105,2024/12/04,2024/12/04,Y,Y
46156482,名藤居家具有限公司,"Mingtengju Furniture CO., LTD.",新北市新莊區明中街49巷1號,謝O辰,02-82923331,,2024/12/04,2024/12/04,Y,Y
54709683,豐田鋼模有限公司,"Yongfeng Steel Mold CO., LTD.",新北市泰山區美寧街57巷6號,羅O存,0919151530,,2024/12/04,2024/12/04,Y,Y
90233156,瑞展生技有限公司,RUI ZHAN BIOTECH LTD.,新北市三峽區介壽路3段172巷22號,廖O陶,02-86761742#2102,02-86763362,2024/12/04,2024/12/04,Y,Y
90439967,行印彩業有限公司,"Xingyin Color Industry CO., LTD.",新北市板橋區莊敬路208巷8弄1號,林O,0926672662,02-22543002,2024/12/04,2024/12/04,Y,Y
90570847,勁嘉工程有限公司,"JING JIA PROJECT CO., LTD.",新北市新店區安和路2段169巷11號3樓,王O英,02-22113442,,2024/12/04,2024/12/04,Y,Y
91671442,日系嚴選商行,Daily necessities Studio,新北市蘆洲區中興街40號12樓,郭O綾,0958810622,02-27771995,2024/12/04,2024/12/04,Y,Y
93688412,集元食品股份有限公司,"JI YUAN FOODS CO., LTD.",新北市淡水區中正東路2段27之1號18樓,林O怡,02-88098898,02-88098868,2024/12/04,2024/12/04,Y,Y
94093023,建展有限公司,"JIANZHAN CO., LTD.",新北市土城區慶祥街90號,王O舜,02-22695857,,2024/12/04,2024/12/04,Y,Y
97511534,健康載體生技有限公司,Elagen INC.,新北市新莊區五工五路5號2樓,陳O傑,89901579,,2024/12/04,2024/12/04,Y,Y
00055036,創兆興業有限公司,"Chuang Zhao Industrial CO., LTD.",新北市五股區水碓一路24號2樓,許O宏,,,2024/12/03,2026/04/01,Y,Y
00061163,翔健科技股份有限公司,"CardiacSim Co., Ltd.",新北市汐止區新台五路1段99號15樓之5,王O霄,,,2024/12/03,2024/12/03,Y,Y
00063866,南島運動訓練股份有限公司,"Nesos Performance Co., Ltd.",新北市三重區正義南路129號,江O璠,,,2024/12/03,2024/12/03,Y,Y
00083716,鑫巽國際貿易有限公司,"Xinxun International Trade CO., LTD.",新北市新莊區民本街43巷11號3樓,廖O斌,0976716816,,2024/12/03,2024/12/03,Y,Y
00090189,新正立有限公司,"Xinzhengli CO., LTD.",新北市蘆洲區光復路41巷17號2樓,謝O鴻,02-29863531,,2024/12/03,2024/12/03,Y,Y
00100026,愷吉有限公司,"Kai Ji CO., LTD.",新北市板橋區環河西路4段819號3樓,李O嶸,,,2024/12/03,2024/12/03,Y,Y
00137558,下輩子要當你家的貓有限公司,"KASAHOME CO., LTD.",新北市土城區學府路1段126巷61號6樓,吳O君,,,2024/12/03,2024/12/03,Y,Y
00183601,恩萃有限公司,EN TSUI INC.,新北市中和區民利街130號2樓,張O晴,,,2024/12/03,2024/12/03,Y,Y
00210847,福鏴有限公司,Golden Way LTD.,新北市鶯歌區建國路192號15樓,沈O璘,0915203062,,2024/12/03,2024/12/03,Y,Y
00237114,華胄科技股份有限公司,"Huajhou Technology Co., Ltd.",新北市中和區中和路362之4號11樓,鍾O儒,02-27588208,,2024/12/03,2024/12/03,Y,Y
00248294,微耕莊園有限公司,"Wei Geng CO., LTD.",新北市蘆洲區民生街107巷17號5樓,鄭O仁,,,2024/12/03,2024/12/03,Y,Y
83152122,星際設計有限公司,"Stellace Design CO., LTD.",新北市三重區聯華街141號,粘O育,0920805866,,2024/12/03,2024/12/03,Y,Y
84392228,開承企業有限公司,Kaicheng Enterprise LTD.,新北市蘆洲區民族路二九八巷一二號一樓,馬O宏,02-22829849,02-22829830,2024/12/03,2024/12/03,Y,Y
90232776,興貿精密電子有限公司,XINGMAO TECHNOLOGY LTD.,新北市板橋區文聖街149巷13號2樓,鍾O昊,,,2024/12/03,2024/12/03,Y,Y
34019978,福元塑膠工業社,Fu sonion Co.,新北市三重區中興北街145號,張O郎,,,2024/12/02,2024/12/02,Y,Y
35989874,弘揚水果行,HONGYANG FRUITS Company,新北市三重區中正北路111號1樓,吳O郎,0935638884,02-28323183,2024/12/02,2024/12/02,Y,Y
74944686,弘泰水果行,HONGTAI FRUITS COMPANY,新北市三重區中正北路111號1樓,吳O峰,0935638884,02-28323183,2024/12/02,2024/12/02,Y,Y
80484739,長泰冷氣空調有限公司,"CHANG TAI AIR CONDITIONING CO., LTD.",新北市三重區昌隆街57號,張O榕,,,2024/12/02,2024/12/02,Y,Y
92756377,品蔚生技商行,COOKIE Shop,新北市板橋區中山路1段10號11樓,郭O宏,,,2024/12/02,2024/12/02,Y,Y
93717351,台北麥克食品生技有限公司,MIKE FOOD Biotech COMPANY LIMITED,新北市汐止區福德一路249號4樓,黃O峋,02-86425226,,2024/12/02,2024/12/02,Y,Y
94158329,群達企業有限公司,"Splendid HealthTech CO., LTD.",新北市三重區興德路111之6號13樓,武O萱,,,2024/12/02,2024/12/02,Y,Y
90014835,拜悠衣品有限公司,Buyyui Clothing Limited Company,新北市汐止區長興街1段14號,劉O祥,,,2024/12/01,2024/12/01,Y,Y
00203584,愷昕生活有限公司,"XiuMei Investment Co., Ltd.",新北市中和區建八路2號12樓之7,吳O瑩,,,2024/11/29,2026/09/29,Y,Y
00139057,承享管理顧問有限公司,Le Legacy Management Consulting Ltd,新北市三重區永福街177巷11弄7號3樓,,,,2024/11/29,2025/11/25,N,N
83625620,鑫鑽科技股份有限公司,"Xinzuan Technology CO., LTD.",新北市三重區新北大道1段129號4樓,張O鴻,0916547083,,2024/11/29,2025/01/11,N,N
00174201,穩德生技股份有限公司,"Hund Biotech CO., LTD.",新北市板橋區中山路1段10號11樓,王O翔,,,2024/11/29,2024/12/31,Y,Y
00113752,圓圓國國際有限公司,King KingGarden Limited Liability Company,新北市新店區中央路188號6樓,黃O玲,0958360615,,2024/11/29,2024/11/29,Y,Y
19516695,三義食品工廠,YI FEAST Co.,新北市樹林區三俊街199巷12弄7號,鄧O銓,02-26899344,,2024/11/29,2024/11/29,Y,Y
95478572,鋐華生技有限公司,Honghua Bio medical LTD.,新北市汐止區康寧街281號2樓,蔣O興,04-24067161,,2024/11/29,2024/11/29,Y,Y
00203085,千威國際有限公司,"Clanwei International CO., LTD.",新北市中和區莒光路63號,吳O修,,,2024/11/28,2026/08/11,Y,Y
00165358,美商新特科技有限公司台灣分公司,"Syntiant Taiwan LLC, Taiwan Branch(UNITED STATES)",新北市新店區寶橋路235巷129號5樓,RObertMichaelSaman,,,2024/11/28,2025/06/12,Y,Y
94180173,廣成實業股份有限公司,Dream Door INC.,新北市五股區水碓路13號8樓,張O貴,02-85210036,,2024/11/28,2025/03/13,Y,Y
00179901,意享整合行銷有限公司,Delight Marketing Solution Ltd.,新北市板橋區僑中三街29號,林O宏,,,2024/11/28,2024/11/28,Y,Y
00190125,銀河文創有限公司,YINHE CREATIVE INDUSTRIES LIMITED COMPANY,新北市中和區景新街338號12樓,洪O榆,0953111419,,2024/11/28,2024/11/28,N,N
23263412,萌業企業有限公司,"Mengye Enterprise CO., LTD.",新北市蘆洲區信義路59巷14號,謝O宏,02-22838677,02-22825940,2024/11/28,2024/11/28,Y,Y
80015297,嵩盛明膠實業社,Songsheng Gelattin Industrial Co.,新北市三峽區大同路270巷35弄7號2樓,黃O閔,0960527613,,2024/11/28,2024/11/28,Y,Y
83456595,七勝有限公司,"Seven-win CO., LTD.",新北市樹林區中正路657巷2號,吳O昇,,,2024/11/28,2024/11/28,Y,Y
90023412,易大文創企業有限公司,YIDA CREATIVE INDUSTRIES LIMITED COMPANY,新北市板橋區大觀路3段236號3樓之3,張O翔,0983398085,,2024/11/28,2024/11/28,Y,Y
94180949,莎花國際有限公司,"SAFA CO., LTD.",新北市板橋區三民路2段37號23樓之1,李O,02-89215078,,2024/11/28,2024/11/28,Y,Y
95159839,宇隆行,Yulonghang Co.,新北市板橋區萬板路53巷6號4樓,顏O蓉,0937832289,,2024/11/28,2024/11/28,Y,Y
00182167,億萊實業有限公司,E-LIGHT INDUSTRY LIMITED,新北市五股區中興路1段173號3樓,楊O林,0286656021,,2024/11/27,2026/07/29,Y,Y
00107983,明仁管理顧問股份有限公司,Men learn Management consulting Corporation,新北市板橋區幸福路70巷18號2樓,,0979-269679,,2024/11/27,2025/09/17,N,N
00082625,揚恩自動化科技股份有限公司,"Evergrace Automation Technology CO., LTD.",新北市土城區大暖路26號(1樓),潘O珍,0939681181,,2024/11/27,2024/11/27,Y,Y
00109477,璽澄數位影像有限公司,"XI CHENG DIGITAL IMAGE CO., LTD.",新北市中和區建一路99號4樓,朱O慧,,,2024/11/27,2024/11/27,Y,Y
00192355,信鋐科技股份有限公司,"SynX Tech CO., LTD.",新北市中和區建康路176號9樓,陳O郎,0,,2024/11/27,2024/11/27,Y,Y
00231370,鱗蛇貿易有限公司,"JTSCALES INTERNATIONAL CO., LTD.",新北市新店區中央路58號18樓,鍾O恩,0920166688,,2024/11/27,2024/11/27,Y,Y
00254540,辰盈機械有限公司,"C.Y. TOOL CO., LTD.",新北市三重區中正北路530巷1號(1樓),黃O和,02-29889637,,2024/11/27,2024/11/27,Y,Y
26770257,建承海產號,Jian Cheng seafood Shop,新北市三重區重陽路2段34巷30號1樓,陳O兆,0927-602-888,,2024/11/27,2024/11/27,Y,Y
82315416,全泰水產行,Quan Tai seafood Hang,新北市三重區重陽路2段34巷30號(1樓),許O涵,0913-820-626,,2024/11/27,2024/11/27,N,N
83252591,雲奇投資有限公司,"Yun Chi Investment and Trading CO., LTD.",新北市新莊區中智街63號7樓,王O琪,,,2024/11/27,2024/11/27,Y,Y
00196900,愛叡科技股份有限公司,"AICAR TECHNOLOGY CO., LTD.",新北市汐止區新台五路1段93號24樓之8,廖O中,,,2024/11/26,2026/09/30,Y,Y
00112613,寵愛依生股份有限公司,"Lovely pets CO., LTD.",新北市板橋區民生路一段33號20樓之3,,,,2024/11/26,2026/06/12,N,N
00179655,凱宇車業有限公司,Car Run Moto Ltd.,新北市鶯歌區東湖路19之2號,,,,2024/11/26,2026/04/16,N,N
00166080,萊肯新台灣有限公司,"LICKEN NEW TAIWAN CO., LTD.",新北市中和區中山路3段146號10樓之10,TOGHTNOCHOLAS,0976157812,,2024/11/26,2026/03/12,Y,Y
00007470,秀泰全球影城股份有限公司樹林分公司,"SHOWTIME CINEMA-BANCHIAO CO., LTD. SHULIN BRANCH",新北市樹林區樹新路40之6號,廖O銘,,,2024/11/26,2025/02/27,Y,Y
00126004,秀泰全球影城股份有限公司土城分公司,"SHOWTIME CINEMA-BANCHIAO CO., LTD. TUCHENG BRANCH",新北市土城區學府路2段210號1樓,廖O銘,,,2024/11/26,2025/02/27,Y,Y
91083330,峯崗有限公司,FONG GANG LIMITED COMPANY,新北市土城區承天路35號5樓,鄭O勻,02-22673072,,2024/11/26,2024/11/27,Y,Y
00024935,晟晴有限公司,SHEN CLEAR COMPANY,新北市土城區民安街16號6樓,戴O喜,,,2024/11/26,2024/11/26,Y,Y
00088563,糧陳喆食國際貿易有限公司,"Liangchen Zheshi International Trading CO., LTD.",新北市淡水區民生路124巷25弄1號,莊O伶,,,2024/11/26,2024/11/26,Y,Y
00200974,筌麟有限公司,"Quanling singye CO., LTD.",新北市新莊區幸福路736號地下一層,李O玲,89910168,,2024/11/26,2024/11/26,Y,Y
89204822,宇懋企業有限公司,"YUMAO ENTERPRISE CO., LTD.",新北市蘆洲區永樂街26巷2號(1樓),黃O斌,02-28102928,02-28115299,2024/11/26,2024/11/26,Y,Y
90582870,廣合鑫科技有限公司,"GUANG HE SIN TECHNOLOGY CO., LTD.",新北市三重區五華街141巷48號3樓,李O廣,0917720718,,2024/11/26,2024/11/26,Y,Y
46074573,新德品工程有限公司,"New Depin Engineering CO., LTD.",新北市林口區公園路203號10樓之1、10樓之2,,,,2024/11/25,2026/07/24,N,N
42982047,新豐製業有限公司,LEECHIENWEI LIMITED COMPANY,新北市三峽區光明路69巷22號(1樓),林O喆,03-433-1828,03-433-1755,2024/11/25,2026/06/03,Y,Y
00028313,嘉瑞精密有限公司,Jerry Precision Limited,新北市新莊區自立街192號2樓,賴O倫,0955065565,,2024/11/25,2026/04/23,Y,Y
91761555,大地抒心工作室,TERRAFIXXA Studio,新北市新店區僑愛四路23號(1樓),林O翰,0906186805,,2024/11/25,2026/01/14,Y,Y
00138830,卉森實業有限公司,"HUISEN ENTERPRISE CO., LTD.",新北市深坑區北深路3段155巷17號3樓,,02-86619996,,2024/11/25,2025/09/03,N,N
93764234,潮風間家居有限公司,"KAZAKAZE CO., LTD.",新北市五股區五工五路54號(3樓),林O宏,,,2024/11/25,2025/07/05,Y,Y
00136426,倢誠車電有限公司,"JIE CHENG AUTOMOTIVE CO., LTD.",新北市板橋區大觀路1段38巷200弄12號之1,施O瑋,02-29699668,,2024/11/25,2024/11/27,Y,Y
90569166,豪藝國際藝術品修復有限公司,HOWARD ART INTERNATIONAL RESTORATION LIMITED COMPANY,新北市淡水區新春街103之29號4樓,張O因,02-26228140,,2024/11/25,2024/11/26,Y,Y
00151798,侑創科技股份有限公司,"Utrox TECH Co., Ltd.",新北市鶯歌區文化路501之30號,鄭O山,0922640975,,2024/11/25,2024/11/25,Y,Y
00157049,鑑星閣有限公司,JNCIN AUCTIONEERS Company Limited,新北市林口區文化一路1段206號5樓,吳O宇,,,2024/11/25,2024/11/25,Y,Y
00202348,京橙國際有限公司,Color World Ltd.,新北市三重區三和路4段97之10號4樓,林O廷,0976451421,,2024/11/25,2024/11/25,Y,Y
00210305,馬來西亞商伊諾華國際有限公司台灣分公司,Inovar Sdn. Bhd Taiwan Branch Malaysia,新北市板橋區文化路二段161號,邱O雲KHOOJIWAN,22554777,02-22554667,2024/11/25,2024/11/25,Y,Y
00216568,嗷嗚企業管理顧問有限公司,AOWU CONSULTANTS Company Limited,新北市林口區文化一路1段208號5樓,吳O宇,,,2024/11/25,2024/11/25,Y,Y
33875622,大詮塑膠有限公司,"DAI CHAIN PLASTIC CO., LTD.",新北市汐止區復興路14號2樓,黃O泉,02-29843451,,2024/11/25,2024/11/25,Y,Y
50974077,順旺企業有限公司,"Goodone Enterprise CO., LTD.",新北市泰山區仁愛街66號4樓,陳O文,02-22977587,02-22966570,2024/11/25,2024/11/25,Y,Y
53684312,金晉玻璃有限公司,"CHIN CHIN GLASS CO., LTD.",新北市新莊區福壽街164巷7號,黃O潔,02-89936858,02-29935838,2024/11/25,2024/11/25,Y,Y
85330164,昇弘汽車商行,SHENG HONG CAR CO.,新北市蘆洲區永安南路2段16巷17弄10號3樓,林O紘,,,2024/11/25,2024/11/25,Y,Y
91720083,派洛特企業社,PAI LUO TE Company,新北市板橋區文化路1段270巷3弄30號,康O雯,02-22586219,,2024/11/25,2024/11/25,Y,Y
95159280,模樣商行,MOYO COMPANY,新北市淡水區大仁街40號,呂O上富,0970962561,,2024/11/25,2024/11/25,Y,Y
91121881,盈聚未來有限公司,Max Focus Company Limited,新北市永和區中山路1段129號3樓之1,張O晧,0905-857-942,,2024/11/22,2026/05/18,Y,Y
96753739,優異國際行銷有限公司,"Universal Express CO., LTD.",新北市新店區安興路127之3號,林O勲,0937385560,,2024/11/22,2025/10/19,N,N
91802985,星藝企業社,XingYi Company,新北市三重區正義北路216巷12號(1樓),鄧O章,,,2024/11/22,2025/08/12,Y,Y
93649143,光音仙境心靈成長有限公司,Light & Sound Wonderland mind growth LTD.,新北市五股區新五路3段276號14樓之1,楊O芙,,,2024/11/22,2025/06/18,Y,Y
00041370,瑾祈實業有限公司,"JINGCHI TRADE CO., LTD.",新北市淡水區中正東路2段69之7號10樓,李O珍,,,2024/11/22,2024/11/22,Y,Y
00116842,秦樺實業有限公司,"Qinhua Industrial International CO., LTD.",新北市三重區頂崁街192巷4弄1號2樓,林O蓁,,,2024/11/22,2024/11/22,Y,Y
00122859,耀龍機械有限公司,"Yaolong Machinery CO., LTD.",新北市樹林區俊英街276號,陳O塔,02-26877277,,2024/11/22,2024/11/22,Y,Y
00166835,新三十文創有限公司,The New 30 Media LTD.,新北市新店區北宜路2段161號4樓,蘇O心,02-25621262,,2024/11/22,2024/11/22,N,N
00177903,鈅逸科技有限公司,"Golden Moon Technology CO., LTD.",新北市淡水區興福寮66巷337號,黃O強,0975206160,,2024/11/22,2024/11/22,Y,Y
00226637,博致設計股份有限公司,"BROAD DESIGN CO., LTD.",新北市三峽區學勤路198之6號6樓,黃O龍,02-25621262,,2024/11/22,2024/11/22,Y,Y
00230549,實華國際有限公司,AFAR INTERNATIONAL (TAIWAN) Company Limited,新北市汐止區新台五路1段116號20樓,SOOTARHUIJOREEN,02-25502552,,2024/11/22,2024/11/22,Y,Y
42732386,聖筌有限公司,"SHENG CHUAN CO., LTD.",新北市樹林區鎮前街347巷16號4樓,傅O瑋,,,2024/11/22,2024/11/22,Y,Y
53456627,廣慶服裝有限公司,KUANG CING DRESS LTD.,新北市蘆洲區光華路175巷48號,楊O女,02-882825178,,2024/11/22,2024/11/22,Y,Y
90299678,擇木良食有限公司,"selectgoodfood CO., LTD.",新北市樹林區學成路600號(3樓),蕭O存,,,2024/11/22,2024/11/22,Y,Y
90440583,仕晟環境科技有限公司,"SHISHENG ENVIRONMENTALSCIENCES CO., LTD.",新北市林口區文化三路1段249巷71號11樓,游O文,02-26008801,,2024/11/22,2024/11/22,Y,Y
91187102,阿姐的店,Sisterstore Co.,新北市板橋區觀光街79巷9號2樓,張O苹,0933020268,,2024/11/22,2024/11/22,Y,Y
96577157,路德威實業有限公司,"LUDWIN CO., LTD.",新北市三重區新北大道1段115號16樓之3,吳O宏,02-22970633,02-22970653,2024/11/22,2024/11/22,Y,Y
00021557,資合科技股份有限公司,"Capital-tips Technology CO., LTD.",新北市汐止區南陽街121巷28號,,0939293909,,2024/11/21,2026/09/18,N,N
00155719,善思科技國際有限公司,Scienscope International LTD.,新北市新莊區新樹路771號(1樓),WOJIYINJEAN,02-77362840,,2024/11/21,2026/09/15,Y,Y
83168855,伯樂創意有限公司,BOLE STUDIO LTD.,新北市五股區中興路1段8號5樓之13,吳O綺,0912688093,,2024/11/21,2025/11/22,Y,Y
00035686,藝創藝術文化有限公司,YC ArtFusion Integration Studio LTD.,新北市新莊區思源路490號5樓之1,葉O佑,0988259475,,2024/11/21,2025/10/18,Y,Y
89148723,我得有機股份有限公司,"WO DE Organic CO., LTD.",新北市板橋區文化路2段113之3號,朱O良,02-77515000#1005,,2024/11/21,2025/10/18,Y,Y
94129991,博亢電子股份有限公司,"Profcommic Electronics CO., LTD.",新北市板橋區新府路136號2樓,楊O頡,02-77557968,,2024/11/21,2025/10/14,Y,Y
00240693,安心食刻有限公司,"Snaxhour CO., LTD.",新北市淡水區水源街2段177巷45之1號4樓,李O柏,02-88091507,,2024/11/21,2025/08/21,Y,Y
96763912,商球科技有限公司,GlobizSoft Technology Corporation,新北市瑞芳區中山路216號(1樓),李O維,,,2024/11/21,2025/08/06,N,N
00170943,兆辰行銷有限公司,"TNOVA CO., LTD.",新北市三峽區中正路1段500號,陳O仁,,,2024/11/21,2025/07/11,Y,Y
95442998,奇華智能行銷股份有限公司,"MoJo Live Intelligent Marketing CO., LTD.",新北市板橋區民生路1段33號5樓之6,李O居,03-3223777,,2024/11/21,2025/01/03,Y,Y
91181563,昊綺企業社,Howchee Co.,新北市板橋區合宜路69號10樓之2,張O傑,0928885622,,2024/11/21,2024/11/25,Y,Y
00067390,鋐宜股份有限公司,"HONG YI CABLE CO., LTD.",新北市泰山區德安街17號,張O騰,02-87682688,,2024/11/21,2024/11/22,Y,Y
00006704,樂羽國際行銷有限公司,"YUE YU INTERNATIONAL CO., LTD.",新北市樹林區中正路214之2號(1樓),蕭O恬,0985058521,,2024/11/21,2024/11/21,Y,Y
00049133,柚童貿易有限公司,"Young-Tong CO., LTD.",新北市新莊區萬安街69號,許O忠,,,2024/11/21,2024/11/21,N,N
00244585,歐固霖有限公司,"OGL CO., LTD.",新北市新莊區富貴路492號6樓,童O霖,,,2024/11/21,2024/11/21,Y,Y
16521499,國翔彈簧有限公司,"W & G Spring Technologies CO., LTD.",新北市三重區中正北路193巷21弄17號,吳O德,,,2024/11/21,2024/11/21,Y,Y
42906365,恐龍一號有限合夥,DINO ONE Limited Partnership,新北市板橋區埔墘里中山路二段367-1號2樓,恐O文化創意股份有限公司,02-22692350,,2024/11/21,2024/11/21,Y,Y
83665312,捷惠國際貿易有限公司,"Jie-shenghui CO., LTD.",新北市板橋區光環路2段60號17樓,陳O昇,,,2024/11/21,2024/11/21,Y,Y
91690052,德鑫鋁業工程行,DeXin Metal Engineering Co.,新北市汐止區民族二街30巷5號3樓,游O偉,,,2024/11/21,2024/11/21,Y,Y
91700636,安森工作室,Ansen Studio,新北市板橋區中正路253巷72弄3號,劉O維,0982116094,,2024/11/21,2024/11/21,Y,Y
93619160,本草養生生物科技有限公司,"Bcys nature Biotechnology CO., LTD.",新北市中和區華新街109巷11弄3之1號2樓,陳O悠,02-2673 7678,,2024/11/21,2024/11/21,Y,Y
94883693,奇丹企業社,ZELDA STUDIO,新北市汐止區長青路210巷6弄26號,彭O如,,,2024/11/21,2024/11/21,Y,Y
28336441,妃軒有限公司,"ISAAC & FASHION ACOUSTICS CO., LTD.",新北市汐止區新台五路1段93號21樓之6,黃O月,,,2024/11/20,2026/08/18,Y,Y
00221725,又德風力發電股份有限公司,"Youde Wind Power CO., LTD.",新北市土城區中央路四段49號,郭O強,02-22699888#26811,,2024/11/20,2025/12/17,Y,Y
00127572,宜翊整合行銷有限公司,"IIT INTEGRATED MARKETING CO., LTD.",新北市新店區安德街102號4樓,劉O慈,(02)8666-3088,,2024/11/20,2025/10/09,Y,Y
00154492,飛騰軟體科技有限公司,Ventem Tech Pte LTD.,新北市新莊區福慧路268號6樓,林O維,02-85218527,,2024/11/20,2025/05/10,Y,Y
00037571,普恩特國際有限公司,Puente Global Solutions LTD.,新北市新莊區新北大道4段173號2樓,馬O歐,,,2024/11/20,2024/11/20,N,N
00037798,妗潓玹有限公司,"Jin huixuan Co., Ltd.",新北市板橋區和平路安樂巷3弄6號2樓,陳O瑩,,,2024/11/20,2024/11/20,Y,Y
00081392,百然有限公司,"Bairan Co., Ltd.",新北市板橋區文化路2段285號21樓,林O智,0910201632,,2024/11/20,2024/11/20,Y,Y
00119377,自然之夢有限公司,Nature's Dream Corp.,新北市三峽區中正路1段108巷7弄15號14樓之3,WOISMONNSERGE,02-25210720,,2024/11/20,2024/11/20,N,N
00125498,台灣陶然國際有限公司,"Taiwan Cerafield Intl. CO., LTD.",新北市新店區中央路155號7樓之2,邱O珊,02-89137707,,2024/11/20,2024/11/20,Y,Y
00169827,豪祖企業有限公司,"HOW-TO TEXTILE CO., LTD.",新北市新莊區思源路400號3樓,張O木,02-29980019,,2024/11/20,2024/11/20,Y,Y
00235024,一曲日國際貿易有限公司,"NITENS BUILDING MATERIALS TRADE CO., LTD.",新北市板橋區南雅東路8號之19,曹O軒,,,2024/11/20,2024/11/20,Y,Y
83378769,信豐恆股份有限公司,"HSIN FENG HENG CO., LTD.",新北市蘆洲區和平路57號2樓,趙O華,,,2024/11/20,2024/11/20,Y,Y
91069246,邊角家具有限公司,"BIAN JIAO HOMEN CO., LTD.",新北市林口區文化三路1段617巷126號12樓,邱O賢,03-3962557,03-3962557,2024/11/20,2024/11/20,Y,Y
95158418,景鈦企業社,JT Enterprise Co.,新北市淡水區新生街51巷18號2樓,周O瑀,,,2024/11/20,2024/11/20,Y,Y
95492379,茂俊股份有限公司,"MINE DREAM CO., LTD.",新北市五股區新五路3段260號11樓,王O昱,,,2024/11/20,2024/11/20,Y,Y
93670996,搞笑獵人有限公司,Silly Hunter LTD.,新北市坪林區坪林21號,陳O榆,,,2024/11/19,2026/03/20,Y,Y
28680268,和雅整合行銷有限公司,"Heya lntegrated Marketing CO., LTD.",新北市新莊區新樹路243號,,,,2024/11/19,2025/12/04,N,N
00074961,永盛科技有限公司,"YShen TECHNOLOGY CO., LTD.",新北市林口區公園路203號10樓之1至之2,張O茹,,,2024/11/19,2024/11/19,Y,Y
00189577,紅鯨靈貿易有限公司,Red whale elf Trading Company Limited,新北市汐止區新台五路1段93號21樓之6,陳O文,0953053128,,2024/11/19,2024/11/19,Y,Y
00190764,精華實業有限公司,"Essence Industry CO., LTD.",新北市汐止區新台五路1段129號2樓,周O承,,,2024/11/19,2024/11/19,Y,Y
00198323,艾睿全球供應鏈服務股份有限公司,AGSCS Taiwan Ltd.,新北市中和區建一路150號17樓,ROanRichardMcCaskill,,,2024/11/19,2024/11/19,Y,Y
00210446,締善國際有限公司,DEED NICE INTERNATIONAL LIMITED COMPANY,新北市中和區中山路2段327巷11弄15號4樓,曾O翔,02-22127953,02-22127126,2024/11/19,2024/11/19,Y,Y
00214007,舜鑫鋼鐵有限公司,Shun Sing Steel Limited Company,新北市汐止區福德一路141巷47號2樓,楊O華,0935966118,,2024/11/19,2024/11/19,Y,Y
00252304,銳新國際股份有限公司,Patch Factory Limited,新北市中和區中山路2段359巷7號5樓,洪O穎,,,2024/11/19,2024/11/19,Y,Y
29160244,首昌電器有限公司,"SCT CO., LTD.",新北市鶯歌區中正一路104號,陳O宏,02-26792279,,2024/11/19,2024/11/19,Y,Y
54851718,宏陽企業有限公司,Hong Yang Building Material LTD.,新北市中和區新生街16巷5弄1之4號,陳O勝,,,2024/11/19,2024/11/19,Y,Y
83791774,焱鈦國際有限公司,Yen tai international Ltd.,新北市新莊區新樹路715號,劉O銘,0952585519,,2024/11/19,2024/11/19,Y,Y
93044616,晨泰農產企業社,Chentai Agricultural Products Enterprise Co.,新北市新莊區中誠街70巷12號3樓,王O政,0903176164,,2024/11/19,2024/11/19,Y,Y
95158590,宏遠光學商業號,ALOHA OPTICS COMPANY,新北市新店區中興路1段191號14樓,林O遠,,,2024/11/19,2024/11/19,N,N
00029158,山陽產業有限公司,"SANYANG INDUSTRIAL CO., LTD.",新北市中和區中山路2段146號地下一層,林O毅,02-25528606,02-25528609,2024/11/18,2026/06/23,Y,Y
00143361,楓葉運動有限公司,Maple Leaf Sporting Ltd.,新北市新莊區中華路3段218號3樓、220號3樓,,,,2024/11/18,2026/04/03,N,N
00060811,悠仕捷管理顧問股份有限公司,"YoursJet CO., LTD.",新北市新莊區化成路746巷42號2樓,傅O宸,0987300751,,2024/11/18,2024/11/18,Y,Y
00192377,盟森管理顧問股份有限公司,"MSBio Consulting CO., LTD.",新北市汐止區大同路3段196之1號2樓,蔡O馨,,,2024/11/18,2024/11/18,Y,Y
16280956,挺勝五金有限公司,"Ting Sheng Hardware CO., LTD.",新北市蘆洲區中正路226巷15號(1樓),邱O香,,,2024/11/18,2024/11/18,Y,Y
80009534,亦汶企業社,YIWEN63 COMPANY,新北市汐止區南陽街120巷3號,廖O閔,,,2024/11/18,2024/11/18,N,N
95435899,科梯峰有限公司,Kredifone Fintech LTD.,新北市板橋區板新路17號2樓,陳O晴,,,2024/11/18,2024/11/18,Y,Y
96676712,海涵能源科技股份有限公司,"HAIHAN ENERGY TECHNOLOGY CO., LTD.",新北市鶯歌區鶯桃路658巷16號（1樓）,楊O銘,,,2024/11/18,2024/11/18,Y,Y
96848497,中墨材料科技有限公司,"Taigreat Graphene Material Technology CO., LTD.",新北市林口區信義路206號3樓之1,黃O治,02-2797-8761,,2024/11/18,2024/11/18,N,N
94126586,愷蘭電力股份有限公司,"KAI LAN ENERGY CO., LTD.",新北市板橋區中山路一段10號9樓,林O良,,,2024/11/15,2026/09/08,Y,Y
00114133,鉅遊數位有限公司,"Juyou Digital CO., LTD.",新北市中和區建八路2號7樓,黃O瑋,,,2024/11/15,2026/04/01,Y,Y
00220768,天沅盛世有限公司,TianYuan Asian Food Company,新北市中和區圓通路162巷37弄5號(1樓),劉O輝,（02）89410036,,2024/11/15,2026/01/13,Y,Y
00216357,淏喆國際有限公司,"Original water International CO., LTD.",新北市三峽區學成路327號2樓之13,蔡O樺,02-86716467,,2024/11/15,2025/03/05,Y,Y
00091568,鉅京實業有限公司,"Gold J Billion Industrial Co., Ltd.",新北市中和區建康路130號2樓,吳O宸,,,2024/11/15,2024/11/15,Y,Y
00131203,蕎心國際股份有限公司,"Ciao Hsin CO., LTD.",新北市三重區中興北街179號5樓,游O光,02-29959996,,2024/11/15,2024/11/15,Y,Y
00207343,香合全球國際貿易有限公司,"WSH INTERNATIONAL TRADING CO., LTD.",新北市三峽區中正路1段292巷18號(1樓),許O庭,02-26724805,,2024/11/15,2024/11/15,Y,Y
00225709,禾榛國際有限公司,"HAZEL CO., LTD.",新北市三重區重安街60號18樓之2,黃O雯,,,2024/11/15,2024/11/15,Y,Y
28770367,萬金休憩股份有限公司,"Wan Jin Rest CO., LTD.",新北市萬里區萬里加投45之1號,林O龍,02-2498-6166,,2024/11/15,2024/11/15,Y,Y
42691717,常潁企業有限公司,"Chang Ying Enterprise CO., LTD.",新北市中和區員山路466巷21弄5號,楊O凱,0981978778,,2024/11/15,2024/11/15,Y,Y
50993807,水亞實業有限公司,"Mizu Asian Co., Ltd.",新北市中和區連城路230號2樓,高O權,,,2024/11/15,2024/11/15,Y,Y
80020708,崎薇居商行,Chiivybazaar Co.,新北市林口區文化三路1段39巷207號7樓,王O琦,0980165149,,2024/11/15,2024/11/15,Y,Y
87479373,全能空調工程行,CYUAN NENG Company,新北市三峽區民生街60號9樓,邱O中,02-26716356,02-26748679,2024/11/15,2024/11/15,Y,Y
93570808,透境識務有限公司,Ground & Flow Creative LTD.,新北市新莊區富國路120巷1弄8號2樓,黃O琦,0952-379-427,,2024/11/15,2024/11/15,Y,Y
96814314,開旭專業圍網有限公司,"Kai Hsu Professional Fence CO., LTD.",新北市新莊區新北大道3段210號5樓,廖O雄,02-29094567,02-29099967,2024/11/14,2026/06/15,Y,Y
90736925,利赫營造股份有限公司,"LIHE CONSTRUCTION CO., LTD.",新北市新莊區榮華路2段123號10樓,于O錕,02-89929666,,2024/11/14,2026/06/09,Y,Y
90874623,鉅薈營造開發有限公司,"Juhui Construction Development CO., LTD.",新北市新莊區新北大道3段210號5樓,廖O雄,02-85210139,02-85210136,2024/11/14,2026/03/18,Y,Y
85082827,大自然微風有限公司,please enter hare translation LTD.,新北市樹林區三福街77號,,,,2024/11/14,2026/03/12,N,N
90308424,星宇全球瘋代購有限公司,"Xingyu agent CO., LTD.",新北市板橋區中山路2段62號7樓之1,溫O生,02-23313368,02-23313339,2024/11/14,2025/08/14,Y,Y
00000650,毅恆國際有限公司,"Everlasting International CO., LTD.",新北市八里區文昌三街23號6樓,沈O年,0920637369,,2024/11/14,2024/11/14,Y,Y
00004425,威炫影視有限公司,"Action Film Studio CO., LTD.",新北市新莊區思源路23號(2樓),陳O民,,,2024/11/14,2024/11/14,Y,Y
00021796,菲爾雅國際有限公司,PHAERA INTERNATIONAL COMPANY,新北市淡水區自立路18之1號6樓,姚O曦,,,2024/11/14,2024/11/14,Y,Y
00093616,福沃克有限公司,Footwork Metal Products Company Limited,新北市淡水區淡金路12號14樓之3,賴O釧,0921461443,,2024/11/14,2024/11/14,Y,Y
00129071,昆誠投資有限公司,"KunCheng Investment CO., LTD.",新北市板橋區華江一路630號17樓,何O達,0939662288,,2024/11/14,2024/11/14,Y,Y
00143453,新加坡商京木室內裝修有限公司台灣分公司,KINGWOOD SINGAPORE INTERIOR DESIGN PTE LTD. Taiwan Branch,新北市板橋區板新路81巷2號3樓,楊O曦YEUNGKAHEIGEORGE,02-27111324,,2024/11/14,2024/11/14,Y,Y
00149029,宥豪室內裝修有限公司,"YoHao Design Co., Ltd.",新北市板橋區文華街12號4樓,謝O中,,,2024/11/14,2024/11/14,Y,Y
00200566,鐈姷熐科技有限公司,Geomni Inc.,新北市汐止區宜興街9巷20號12樓,鄧O波,,,2024/11/14,2024/11/14,Y,Y
12830494,萬嵐國際有限公司,"Wanfeng International CO., LTD.",新北市板橋區干城路135號,莊O英,02-89531046,,2024/11/14,2024/11/14,Y,Y
27337560,愛理企業有限公司,ALLEZ MEDWEAR Limited Company,新北市三重區仁政街70巷22號4樓,蘇O瑜,,,2024/11/14,2024/11/14,Y,Y
29124775,詮濬有限公司,"Chyuan Jiunn CO., LTD.",新北市新莊區民安東路168號(2樓),顏O翰,02-22080862,,2024/11/14,2024/11/14,Y,Y
50794949,豐泉控股股份有限公司,"Abundant Holdings CO., LTD.",新北市板橋區中山路1段10號11樓,劉O睿,,,2024/11/14,2024/11/14,Y,Y
87486677,意舍工作室,ISA Food & Beverage Consulting Co.,新北市土城區龍山一街23號3樓,葉O,,,2024/11/14,2024/11/14,Y,Y
00052609,萬友實業有限公司,"WAN YU INDUSTRY CO., LTD.",新北市林口區文化二路1段390號5樓,陳O羽,0953264641,,2024/11/13,2026/04/16,Y,Y
00176361,駕控機器人有限公司,Piloted Robots Co. Ltd.,新北市五股區五權五路27號8樓,,,,2024/11/13,2025/12/23,N,N
00194635,億樺貿易有限公司,"Canga Bullion CO., LTD.",新北市新莊區富貴路492號6樓,,02-22480389#899,,2024/11/13,2025/11/05,N,N
00244776,鎂傑特電股份有限公司,"Magtechnic CO., LTD",新北市五股區五權路43號5樓,官O傑,,,2024/11/13,2025/02/05,Y,Y
66351033,鳴和興業有限公司,"MINGHE Floor Material CO., LTD.",新北市板橋區漢生西路35之4號,邱O新,,,2024/11/13,2024/12/03,Y,Y
00154438,兆碩展軸承有限公司,Chao Shuo Chan Bearings LTD.,新北市泰山區美寧街78號3樓,陳O碩,02-29097001,,2024/11/13,2024/11/13,Y,Y
00208672,野蚵幫有限公司,OysterMafia LLC.,新北市林口區中華路501號8樓,李O揚,0975816326,,2024/11/13,2024/11/13,N,N
00227066,印象青山休閒事業有限公司,"Impression Qingshan Leisure Co., Ltd.",新北市林口區文化二路1段494號3樓,陳O治,,,2024/11/13,2024/11/13,Y,Y
00243707,秝辰有限公司,"Li Chen processing CO., LTD.",新北市中和區復興路53號2樓,黃O致,,,2024/11/13,2024/11/13,Y,Y
91803014,清躍企業社,qingyao Company,新北市板橋區南雅南路1段40號10樓之3,蔡O伶,,,2024/11/13,2024/11/13,Y,Y
92719747,沛沛企業社,peipei company,新北市新莊區五工二路78巷21號,邱O恆,,,2024/11/13,2024/11/13,Y,Y
92719768,宗宗企業社,zongzong Company,新北市新莊區五工二路78巷21號,吳O憲,02-22069538,,2024/11/13,2024/11/13,Y,Y
96767184,創兆種子科技股份有限公司,"Chuangzhao Seed Technology CO., LTD.",新北市新莊區福前街500之2號11樓,馬O儒,025702256,,2024/11/13,2024/11/13,Y,Y
00051545,霸洋有限公司,"OCEAN GREAT INDUSTRIAL CO., LTD",新北市三重區重新路5段609巷16號6樓之13、6樓之14,,,,2024/11/12,2026/08/13,N,N
00089296,可力生醫股份有限公司,"Coforce Medical Co., Ltd.",新北市汐止區新台五路1段97號9樓之10,洪O修,,,2024/11/12,2025/10/01,Y,Y
00068460,景鮮屋食品有限公司,"FRESHTIVAL CO., LTD.",新北市中和區中和路55號,陳O儒,0966775266,,2024/11/12,2025/07/29,Y,Y
91802991,藍伽企業社,lanjia Company,新北市三重區正義北路216巷12號(1樓),邱O恆,,,2024/11/12,2024/12/18,Y,Y
00177474,莫迪維克台灣股份有限公司,MULTIVAC Taiwan Inc.,新北市三重區興德路98號4樓,吳O倉,02-85113670,02-85113675,2024/11/12,2024/11/21,Y,Y
00156127,海旭國際貿易有限公司,"Haixu International Trading CO., LTD.",新北市新莊區五權二路20號3樓之11,黃O娟,02-89903088,,2024/11/12,2024/11/13,Y,Y
00173049,智科國際有限公司,"CHIKO INTERNATIONAL CO., LTD.",新北市板橋區中山路1段10號11樓,謝O明,,,2024/11/12,2024/11/12,Y,Y
00214816,格律音樂有限公司,"Glitchy Music Co., Ltd.",新北市土城區清水路228之3號2樓,林O緯,,,2024/11/12,2024/11/12,Y,Y
24401547,星櫃國際有限公司,XING GUI INTERNATIONAL LTD.,新北市中和區宜安路122號3樓,范O維,03-3272948,,2024/11/12,2024/11/12,Y,Y
27779782,泓昇商業機器有限公司,"HOURN SERNG BUSINESS MACHINERY CO., LTD.",新北市新莊區思源路419巷1弄18號2樓,吳O辰,02-2998-5208,02-2998-5297,2024/11/12,2024/11/12,Y,Y
54013951,璞德工程有限公司,"Protech Construction CO., LTD.",新北市板橋區莊敬路58號12樓,胡O建,02-22554777,,2024/11/12,2024/11/12,Y,Y
66579621,明瀚科技股份有限公司,"Parteam CO., LTD.",新北市三重區重新路4段97號30樓之1,李O奕,0902202203,,2024/11/12,2024/11/12,Y,Y
85163588,其里商行,Qili International Trading Company,新北市三重區安慶街297巷1弄10號6樓之1,李O嘉,0228559905,,2024/11/12,2024/11/12,Y,Y
87297113,阿勒斯星球商號,akunbko Co.,新北市新莊區後港一路37號2樓,童O洋,0970917015,,2024/11/12,2024/11/12,Y,Y
89825462,綺麗造型有限公司,"Chi Li Design CO., LTD.",新北市新店區寶中路94號4樓之3,張O青,,,2024/11/12,2024/11/12,Y,Y
95154927,凱迪商行,Yu kaidi Trading Co.,新北市淡水區民權路181巷6號,簡O貞,02-28082516,,2024/11/12,2024/11/12,Y,Y
96826450,哈里斯貿易有限公司,"HA LIZ TRADING CO., LTD.",新北市汐止區茄苳路208號7樓,李O明,,,2024/11/12,2024/11/12,Y,Y
83367572,無所不在科技行銷有限公司,"Omnipresent CO., LTD.",新北市蘆洲區中山一路161號3樓,,,,2024/11/11,2025/08/05,N,N
00032702,皇冠國際發展顧問股份有限公司,"Crown International Development Consulting CO., LTD.",新北市新店區安祥路102巷68號,曹O瓊,,,2024/11/11,2024/11/11,Y,Y
00157982,坪常日股份有限公司,"Pingna Day CO., LTD.",新北市坪林區坪林66號,高O祥,0982326697,,2024/11/11,2024/11/11,Y,Y
00186678,吉田本舖有限公司,YO SHI DA HONPO LTD.,新北市樹林區俊保路8號,邱O娟,02-86883529,,2024/11/11,2024/11/11,Y,Y
34784059,家佑家喻茗壺工作室,Jiayou Jiayu Teapot Studio,新北市鶯歌區大湖路余厝巷1之2號,顏O佑,0937005570,,2024/11/11,2024/11/11,Y,Y
35940508,郁芳工業股份有限公司,"yu fan industrial CO., LTD.",新北市五股區成泰路3段20號,余O蓉,02-22921753,02-22922031,2024/11/11,2024/11/11,Y,Y
53424674,約書亞創藝有限公司,Joshua create art studio Company Limited,新北市中和區宜安路171號2樓,董O勳,02-29460161,,2024/11/11,2024/11/11,Y,Y
66906110,亞沃克創意行銷有限公司,"YAWOK CREATIVE MARKETING CO., LTD.",新北市新莊區思源路177巷29號(1樓),鄭O為,02-8521-8700,,2024/11/11,2024/11/11,Y,Y
93582282,終極有限公司,Ultimate LTD.,新北市三峽區學成路313號3樓之3,高O,02-2501-1000,,2024/11/11,2024/11/11,Y,Y
94871280,韓臨選品商行,HanLin Collections Co.,新北市中和區中正路957號12樓,王O珊,097409847,,2024/11/11,2024/11/11,N,N
95156777,米可服飾,Mico Fashion Shop,新北市三重區自強路5段44號(1樓),張O玲,02-29805696,,2024/11/11,2024/11/11,Y,Y
98247626,多米亞企業有限公司,Domiya Enterprises Limited Company,新北市汐止區新台五路1段93號21樓之6,袁O賢,,,2024/11/11,2024/11/11,Y,Y
00184995,誠橋國際有限公司,Friendify Technology LTD.,新北市板橋區華江九路35號6樓,沈O志,0966990096,,2024/11/10,2026/06/25,Y,Y
94878988,微微福工作室,Wei_Weave Studio,新北市三重區重新路5段627巷41號(3樓),莊O文,0911078342,,2024/11/10,2024/11/10,Y,Y
00125791,永互連有限公司,Everlink LTD.,新北市林口區文化三路1段225巷12號3樓,周O耀,,,2024/11/09,2024/11/09,Y,Y
00200756,眾誠金屬有限公司,JONG CHEN METAL LTD.,新北市林口區中正路96巷7號,李O英,,,2024/11/09,2024/11/09,Y,Y
83281569,世軒實業股份有限公司,TSH Enterprise CORP.,新北市新莊區中正路708之2號6樓,宋O妮,0955437941,,2024/11/08,2025/12/09,Y,Y
00117835,富程貿易有限公司,"Hong U Trading CO., LTD.",新北市泰山區明志路3段350之1號6樓,陳O昱,02-85311035,,2024/11/08,2024/11/08,Y,Y
69445443,樂粉敲碗有限公司,FAN WISH LTD.,新北市新店區寶中路74號5樓,朱O彤,,,2024/11/08,2024/11/08,Y,Y
90582885,再生體健康生技股份有限公司,"RegenoMed CO., LTD.",新北市淡水區民權路27號(4樓),傅O經,,,2024/11/08,2024/11/08,Y,Y
95485102,育綸有限公司,"Una International CO., LTD.",新北市永和區永和路1段40號5樓之2,沈O昱,,,2024/11/08,2024/11/08,Y,Y
00234974,聖凱倫有限公司,"SHENG KAL LUNC CO., LTD.",新北市汐止區新台五路1段95號20樓之6,,0973025823,,2024/11/07,2026/07/03,N,N
00241193,循環力量生技股份有限公司,"Circular Power Biotech biology CO., LTD.",新北市新店區中正路542-3號3樓,劉O仁,,,2024/11/07,2026/06/24,Y,Y
00109912,安博集成股份有限公司,"Amber Integrated Services CO., LTD.",新北市新店區中正路568號4樓,蔡O誠,02-23661678,,2024/11/07,2026/01/20,Y,Y
00223792,桃金孃股份有限公司,Rose Myrtle LTD.,新北市中和區中正路736號14樓之3,毛O婷,,,2024/11/07,2025/12/11,Y,Y
00035911,廣灴國際貿易有限公司,Guanghong International Trading LTD.,新北市永和區中正路588號7樓之18,莊O智,,,2024/11/07,2024/11/09,Y,Y
00003994,陌花有限公司,Mustflor LTD.,新北市中和區中原二街28號18樓,黃O弘,0934014966,,2024/11/07,2024/11/07,Y,Y
00093448,鴻羽貿易有限公司,HUNG YU TRADING LIMITED,新北市泰山區仁義路177號11樓,高O華,02-22974127,,2024/11/07,2024/11/07,Y,Y
00158048,易利純興業有限公司,Easy-Pak Limited Company,新北市汐止區民族六街10巷1號4樓,徐O謙,02-27602222,,2024/11/07,2024/11/07,Y,Y
00162845,洲際電通有限公司,InterContinental Networking LTD.,新北市汐止區新台五路1段97號28樓之8,張O馨,,,2024/11/07,2024/11/07,Y,Y
00190933,皇寢床業有限公司,KINGS BED LTD.,新北市樹林區俊興街224巷9號,吳O倫,02-2688-8090,,2024/11/07,2024/11/07,Y,Y
00208912,均鶴興業有限公司,Jun hok LTD.,新北市鶯歌區南雅路33巷3號5樓,林O宏,0929007897,,2024/11/07,2024/11/07,Y,Y
90309492,馬林企業有限公司,making Company Limited,新北市林口區文化三路2段115巷76號3樓,王O合,0225110892,,2024/11/07,2024/11/07,Y,Y
82984106,美麗佳人時尚股份有限公司,"SO BEAUTY CO., LTD.",新北市中和區中山路3段102號9樓,王O瑤,02-22235628,,2024/11/06,2026/07/08,Y,Y
00098582,艾鍶科技股份有限公司,"ASK TEC CO., LTD.",新北市新莊區新北大道4段187號5樓,顏O昌,02-85212279,,2024/11/06,2026/04/09,Y,Y
00162042,墨筆鎢絲有限公司,Loop Edge LTD.,新北市新店區中正路280巷1之7號,萬O君,0963574163,,2024/11/06,2026/02/07,N,N
00226989,鶯樹花食品機械有限公司,"Oriole blossom Food Machinery CO., LTD.",新北市中和區中正路736號14樓之3,林O仁,,,2024/11/06,2025/04/08,Y,Y
00085340,沃廷霓行銷有限公司,Wow team marketing LTD.,新北市三重區興德路123之11號5樓,陳O欽,02-85123098,02-85123585,2024/11/06,2025/01/21,Y,Y
00066821,華妍品牌管理顧問有限公司,"HUA YAN BRAND MANAGEMENT CONSULTING CO., LTD.",新北市泰山區明志路3段478號9樓之3,蔡O渝,0229081859,,2024/11/06,2024/11/06,Y,Y
00123800,水沐有限公司,"Shueimu CO., LTD.",新北市板橋區新海路202號13樓,黃O憲,0222450222,,2024/11/06,2024/11/06,Y,Y
00201426,探堡有限公司,"Tanbao Co., Ltd.",新北市八里區龍米路2段228之17號2樓,韋O人,,,2024/11/06,2024/11/06,Y,Y
00210635,安藤有限公司,NexTrends LTD.,新北市三芝區芝麻三街24號,柯O杰（CARANOANTHONYJAMES）,02-25210720,,2024/11/06,2024/11/06,Y,Y
00240069,安渝科技有限公司,"Anyu CO., LTD.",新北市新莊區中央路278號9樓,黃O修,0913-505-885,,2024/11/06,2024/11/06,Y,Y
42295104,雨璐工作室,Mary Studio,新北市淡水區新市一路1段148號8樓,施O璐,0932392715,,2024/11/06,2024/11/06,Y,Y
45899922,商萬精密有限公司,Someone Precision Corporation,新北市土城區亞洲路108巷1弄36號,李O志,02-29091393,,2024/11/06,2024/11/06,Y,Y
82971448,友朋容器工業有限公司,"YOUPENG CONTAINER CO., LTD.",新北市鶯歌區大湖路700巷10弄4號,高O芬,02-26792332#13,02-86773997,2024/11/06,2024/11/06,Y,Y
91721999,欣彥實業社,Island Image Studio,新北市永和區永亨路112號(1樓),李O恩,,,2024/11/06,2024/11/06,N,N
95143422,勤野貿易企業社,Field Trading Company,新北市樹林區樹新路17號3樓之3,藍O嘉,,,2024/11/06,2024/11/06,N,N
80681605,菁彩整合行銷有限公司,GREEN COLOR IMC Limited,新北市板橋區莊敬路8號11樓,黃O,,,2024/11/05,2025/10/24,Y,Y
47077893,米積股份有限公司,MasterTurn INC.,新北市新莊區思源路370巷16號10樓,杜O綱,0917-605855,,2024/11/05,2025/03/06,Y,Y
00105269,棋霖國際有限公司,"QI LIN INTERNATIONAL CO., LTD.",新北市板橋區四川路1段131號2樓,邱O霖,02-29634852,,2024/11/05,2024/11/05,Y,Y
00108462,榮豪貿易有限公司,"RONG HAO TRADING CO., LTD.",新北市板橋區三民路2段33號14樓,許O榮,04-22549202,,2024/11/05,2024/11/05,Y,Y
00222301,生騰企業有限公司,"shen teng enterprise CO., LTD.",新北市土城區學府路1段278號地下一層之10,謝O婷,,,2024/11/05,2024/11/05,N,N
00238036,銀鳳樓有限公司,"Yinfenglou CO., LTD.",新北市板橋區新生街23巷5號,吳O慧,,,2024/11/05,2024/11/05,Y,Y
00242572,超級白有限公司,"super white CO., LTD.",新北市新莊區中興街23號,許O城,0938-877857,,2024/11/05,2024/11/05,Y,Y
80243394,慧堡科技有限公司,"HUIBAO TECHNOLOGY CO., LTD.",新北市新莊區中正路力行巷22號,王O昌,02-29042700,02-29938433,2024/11/05,2024/11/05,Y,Y
87295516,米朗錡企業社,Mirangchi Enterprise Co.,新北市板橋區華興街82號,李O,0961-109991,,2024/11/05,2024/11/05,Y,Y
87490932,蘇格拉底企業社,Socrates Enterprise Company,新北市中和區圓通路369巷21號3樓,許O成,0978789369,,2024/11/05,2024/11/05,Y,Y
92727367,穩盛針織廠,WUNG CHENG TEXTILE FACTORY,新北市樹林區新興街19巷30號2樓,吳O祥,,,2024/11/05,2024/11/05,Y,Y
83519472,大港管理顧問有限公司,Great Harbor Management Consulting LTD.,新北市板橋區莊敬路25巷4弄10號(1樓),徐O欣,,,2024/11/04,2026/08/13,Y,Y
93763967,世樂有限公司,United Shield Inc.,新北市汐止區新台五路1段77號20樓之3,羅O璠,0966003279,,2024/11/04,2026/03/28,Y,Y
95154573,長鴻石材企業社,CHANGHUNG STONE ENTERPRISE Co.,新北市新店區安康路1段129號(1樓),陳O鈴,0953637676,,2024/11/04,2025/09/27,Y,Y
53464871,鋼奇股份有限公司,"Gonkey.in Co., Ltd.",新北市樹林區復興路424號(2樓),林O,,,2024/11/04,2024/11/21,N,N
00249189,寶林萊捷喬有限公司,"Balling Like Jay CO., LTD.",新北市永和區中山路1段191巷7弄3號(1樓),廖O傑,,,2024/11/04,2024/11/14,Y,Y
50991961,玉山管理顧問有限公司,Esun Management Consuting Limited Company,新北市三峽區民族街5巷6號,廖O達,02-26711163,,2024/11/04,2024/11/06,Y,Y
00042791,京中有限公司,"VK ENTERPRISE CO., LTD.",新北市中和區中山路2段332巷3號11樓,趙O蘭,,,2024/11/04,2024/11/04,Y,Y
00084829,晨雅有限公司,"ELEGANCE AT DAWN CO., LTD.",新北市坪林區北宜路8段142號,陳O萍,0911694189,,2024/11/04,2024/11/04,N,N
00088466,汝清有限公司,Ru Ching LTD.,新北市泰山區義東街10號4樓,林O青,02-87860081#15,,2024/11/04,2024/11/04,Y,Y
00096509,燁燁有限公司,"Link Pilates CO., LTD.",新北市永和區中和路399號,林O柔,0953577555,,2024/11/04,2024/11/04,Y,Y
00159356,治嘉股份有限公司,"CHIH CHIA CO., LTD.",新北市林口區文化二路1段390號5樓,朱O絢,,,2024/11/04,2024/11/04,Y,Y
00225187,天亮出發有限公司,Nova Quest LTD.,新北市新店區安興路105號5樓之7,陳O婷,0963-536-830,,2024/11/04,2024/11/04,Y,Y
79974414,錩隆有限公司,"CHANG LUNG CO., LTD.",新北市泰山區民生路31巷4之1號,王O凱,0222931823,,2024/11/04,2024/11/04,Y,Y
85043326,咏晉自動化有限公司,"YONG JIN AUTOMATION CO., LTD.",新北市板橋區滿平二街2巷1弄22之3號,張O靖,02-26871644,,2024/11/04,2024/11/04,Y,Y
87298041,根號恩影像工作室,ROOT N Studio,新北市新店區中央路63號10樓,郭O恩,0975-757252,,2024/11/04,2024/11/04,Y,Y
93635555,晶通能源科技有限公司,"JING TONG ENERGY TECHNOLOGY CO., LTD.",新北市新店區安和路1段23號4樓,龍O蓮,,,2024/11/04,2024/11/04,Y,Y
95149946,振文企業社,Needy Store,新北市林口區林口路122號(1樓),劉O文,,,2024/11/04,2024/11/04,Y,Y
96753180,饗用時光有限公司,"JHOU JHIH CHENG CO., LTD.",新北市中和區秀朗路3段10巷14弄26之2號8樓,周O承,0930814812,,2024/11/04,2024/11/04,Y,Y
00219848,楓克斯有限公司,"Focus Studio CO., LTD.",新北市新莊區中央路112號5樓,鍾O辰,0952-210-727,,2024/11/01,2026/01/16,Y,Y
00227039,沃克蘭材料科技有限公司,Vauquelin Material Technology LTD.,新北市新莊區中正路651之8號7樓,余O輝,,,2024/11/01,2025/10/02,Y,Y
94237513,野村貿易有限公司,Nomura Inc.,新北市樹林區千歲街70巷6弄7號(1樓),劉O均,,,2024/11/01,2024/11/21,Y,Y
00243951,波澄國際有限公司,"simple chic concept INTERNATIONAL CO., LTD.",新北市中和區圓通路299巷8號13樓,林O婷,,,2024/11/01,2024/11/05,Y,Y
00052100,沐沐創意有限公司,"Aries America CO., LTD.",新北市板橋區四川路1段23號9樓之1,張O皓,,,2024/11/01,2024/11/01,Y,Y
00206246,台灣超流智能液冷設備股份有限公司,"THPAI CO., LTD.",新北市新莊區中德路39號5樓,楊O漢,,,2024/11/01,2024/11/01,Y,Y
00247295,衛斯理股份有限公司,WESLEY AI INC.,新北市新店區北新路3段207號13樓,林O為,,,2024/11/01,2024/11/01,Y,Y
02403893,一手電影社,handkino studio,新北市淡水區學府路32巷57號8樓,趙O賢,,,2024/11/01,2024/11/01,Y,Y
69299899,好素有限公司,"Haosu Lianlian CO., LTD.",新北市土城區立雲街5巷7號9樓,林O義,0939103938,,2024/11/01,2024/11/01,Y,Y
85164539,昊城企業社,Hao cheng Hang,新北市板橋區稚暉街48巷8號3樓,高O華,0930-761-783,,2024/11/01,2024/11/01,Y,Y
90170568,形上創意整合有限公司,"Meta Creativity Integrated CO., LTD.",新北市三重區重新路5段609巷16號7樓之13,王O涵,,,2024/11/01,2024/11/01,Y,Y
93717373,威爾森股份有限公司,WILSON CORPORATION,新北市中和區中正路700號17樓之2,羅O軒,,,2024/11/01,2024/11/01,Y,Y
94090291,柚子與鹿文創娛樂有限公司,ArcaYuzu Entertainment Company Limited,新北市中和區中山路2段332巷59號4樓,莊O詒,0958780417,,2024/11/01,2024/11/01,N,N
94869480,黃河企業社,Huanghe Store,新北市汐止區新台五路1段95號20樓之6,黃O河,,,2024/11/01,2024/11/01,Y,Y
00177896,奇浩有限公司,"QIHO CO., LTD.",新北市汐止區新台五路1段93號21樓之6,陳O剛,,,2024/10/30,2026/08/04,Y,Y
24714739,十二賞國際興業有限公司,"12SUN International CO., LTD.",新北市板橋區大觀路2段171號3樓,陳O叡,02-22751218,,2024/10/30,2026/07/30,Y,Y
00194430,漢通國際物流有限公司,VIP EXPRESS INTERNATIONAL COMPANY LIMITED,新北市林口區文林五街28巷37號2樓,,,,2024/10/30,2025/04/11,N,N
47971218,百利工程行,BAI LI Company,新北市中和區復興路280巷46弄5-3號,游O晏,02-22407718,02-22422810,2024/10/30,2024/11/22,Y,Y
00155416,萬邁達有限公司,InfiniteStep Ltd.,新北市板橋區中山路2段2段89巷7弄1號,廖O良,0972-255-888,,2024/10/30,2024/11/19,Y,Y
00010658,鴻耀自動化工程股份有限公司,"HONG YAO AUTOMATION ENGINEERING CO., LTD.",新北市三重區中正北路514號7樓,楊O婷,,,2024/10/30,2024/10/30,Y,Y
00044587,壯韋健身有限公司,"Taiwan Strong way Co., Ltd.",新北市新莊區頭前路126號,陳O良,,,2024/10/30,2024/10/30,Y,Y
00118530,崧皓車業有限公司,"Song Hao Motors CO., LTD.",新北市三重區溪尾街108巷12號,熊O鋒,,,2024/10/30,2024/10/30,Y,Y
00206549,珍得福股份有限公司,"Gentlefoods Co., Ltd.",新北市泰山區明志路3段369號,角O曄,,,2024/10/30,2024/10/30,Y,Y
53684306,益亨鑫工程有限公司,"YI HENG XIN ENGINEERING CO., LTD.",新北市新莊區立信三街59號5樓,許O益,,,2024/10/30,2024/10/30,Y,Y
90208311,海慈實業有限公司,"Harvestron Industrial CO., LTD.",新北市中和區中正路778號6樓,莊O慈,,,2024/10/30,2024/10/30,Y,Y
95153568,芙日繪社,VOSGES PAINTING SOCIETY,新北市三重區光復路1段85號9樓,李O蕙,0926051212,,2024/10/30,2024/10/30,Y,Y
95153639,北村京禾企業社,KITAMURA JING HE Company,新北市三重區長壽西街207號2樓,林O如,,,2024/10/30,2024/10/30,N,N
96754569,禾祐衛浴有限公司,"HO YU Sanitary CO., LTD.",新北市樹林區福興街24號,陳O祥,02-77538585,,2024/10/30,2024/10/30,Y,Y
00144137,台灣普拉斯數位科技股份有限公司,"Taiwan Plus Digital Technology CO., LTD.",新北市新莊區福慧路200號14樓,劉O行,02-27728988,,2024/10/29,2026/08/29,Y,Y
94097745,艾莉公主科技有限公司,"Princess ally group CO., LTD.",新北市板橋區中山路1段10號9樓,,02-28113062,,2024/10/29,2026/06/06,N,N
00155154,凱豐化妝品股份有限公司,"KAI FENG BEAUTY COSMETICS CO., LTD.",新北市中和區中山路2段146號地下一層,,,,2024/10/29,2025/09/18,N,N
90277077,飛波科技股份有限公司,"Mphepo Mobility CO., LTD.",新北市新莊區富貴路492號6樓,劉O鑫,,,2024/10/29,2025/07/30,Y,Y
00097161,品勒有限公司,PINLA Ltrd LTD.,新北市新莊區新北大道4段171號3樓,廖O芳,,,2024/10/29,2024/10/29,Y,Y
00160522,富鋐科技有限公司,FU HONG TECHNOLOGY Limited Company,新北市板橋區民生路1段33號20樓之3,傅O宜,,,2024/10/29,2024/10/29,Y,Y
24940171,富泰暘國際股份有限公司,"Rich Everlight CO., LTD.",新北市汐止區福德三路365號12樓,黃O福,02-26957733,02-26924255,2024/10/29,2024/10/29,Y,Y
47114433,灝柏環保科技有限公司,"HAO-BO ENVIRONMENTAL TECHNOLOGY CO., LTD.",新北市中和區員山路581巷31弄2之9號2樓,何O媺,02-23702336,,2024/10/29,2024/10/29,Y,Y
83107942,吉嘉生活股份有限公司,"GIGIA Life CO., LTD.",新北市新莊區中央路200號,王O坤,02-22772629,,2024/10/29,2024/10/29,Y,Y
93619458,翔芮有限公司,HJ STUDIO LTD.,新北市板橋區民治街26巷11號,陳O翔,,,2024/10/29,2024/10/29,Y,Y
93685689,薇恩居家精品有限公司,"WEI EN ENTERPRISE CO., LTD.",新北市新莊區中正路893巷6之1號,褚O慧,02-22027340,02-22028320,2024/10/29,2024/10/29,Y,Y
95492080,上宇空調工程有限公司,"TOP ICAC ENGINEERING CO., LTD.",新北市板橋區仁化街42巷22號5樓,蔡O月,0926011655,,2024/10/29,2024/10/29,Y,Y
00223532,融燁科技股份有限公司,"GREENPUTE TECHNOLOGY CO., LTD.",新北市土城區自強街8號,林O隆,22696669,,2024/10/28,2026/07/23,Y,Y
93760440,互助實業有限公司,"Assist Industrial CO., LTD.",新北市土城區中正路1號2樓之1,劉O民,,,2024/10/28,2025/12/16,Y,Y
91067964,高易科技股份有限公司,"GOEASY TECHNOLOGY CO., LTD.",新北市新莊區中原路558號14樓,,02-8521-8881,,2024/10/28,2025/11/26,N,N
83623854,嘉貝國際股份有限公司,"Jiabei International CO., LTD.",新北市土城區中正路1號2樓之1,,,,2024/10/28,2025/10/02,N,N
00062178,向量十有限公司,Vector 10 LTD.,新北市永和區中正路417號11樓之1,馮O卿,,,2024/10/28,2024/10/28,Y,Y
00085480,路可科技股份有限公司,"LUKE TECHNOLOGY CO., LTD.",新北市泰山區壽山路134巷18號,陳O豪,0978003198,,2024/10/28,2024/10/28,Y,Y
00228776,三源水產有限公司,"Sanyuan Seafood Merchandise CO., LTD.",新北市中和區圓通路158巷9弄21號,張O蓄,02-22518810#306,,2024/10/28,2024/10/28,Y,Y
00254582,迦密資訊股份有限公司,"Shamar Infotech CO., LTD.",新北市中和區中和路362之4號11樓,張O珠,0979319911,,2024/10/28,2024/10/28,Y,Y
24417935,王朝科技有限公司,"KINGTEK TECHNOLOGY CO., LTD.",新北市新莊區建安街61號5樓,廖O珍,02-29089500,02-29089489,2024/10/28,2024/10/28,Y,Y
24812204,英屬維京群島商納克斯國際有限公司台灣分公司,NEX GROUP INTERNATIONAL LIMITED TAIWAN BRANCH(BRITISH VIRGIN ISLANDS),新北市八里區龍米路1段306號15樓之3,"郭O真KUO,HSIU-CHEN",,,2024/10/28,2024/10/28,Y,Y
28740646,珍珠環保科技有限公司,"Pearl Environmental Protection Technology CO., LTD.",新北市永和區永貞路293號2樓,王O君,02-29229288,,2024/10/28,2024/10/28,Y,Y
54281674,翊利欣有限公司,"Soarish CO., LTD.",新北市萬里區萬里村瑪鋉路264號,陳O,0960546317,,2024/10/28,2024/10/28,Y,Y
90308487,高騰科電有限公司,KOTON COMPANY LIMITED,新北市三重區民生東街特18號4樓,吳O翠,0920214235,,2024/10/28,2024/10/28,Y,Y
93582987,宏錤有限公司,"PENGYUANHONGCHI CO., LTD.",新北市新店區北新路3段207之1號、207之2號、207之3號,彭O誠,02-27006586,,2024/10/28,2024/10/28,Y,Y
00161705,葳盛自動化設備有限公司,"Wei Sheng Automation Equipment CO., LTD.",新北市林口區仁愛路2段502號19樓之6,蔡O弘,0910199878,,2024/10/25,2026/09/03,Y,Y
00054037,華矽系統科技有限公司,"MOSART TECHNOLOGIES CO., LTD.",新北市三重區光復路2段69號16樓,鄒O晟,02-29599180#288,,2024/10/25,2026/05/13,Y,Y
90899032,榮得防火工程有限公司,"Rongde Fire Protection Technology CO., LTD.",新北市三峽區愛國路186號2樓,張O誠,0226685584,,2024/10/25,2026/02/11,Y,Y
00142623,聽語閣有限公司,Tingyu Loft LTD.,新北市板橋區民生路1段33號5樓之6,,,,2024/10/25,2025/10/30,N,N
00188731,精承國際有限公司,Apremit Global Limited,新北市汐止區新台五路1段93號21樓之6,邢O蓁,,,2024/10/25,2024/11/15,Y,Y
00012620,安秦有限公司,"CYUAN SHENG CO., LTD.",新北市板橋區華興街68號,秦O全,,,2024/10/25,2024/10/25,Y,Y
00017126,鈞莉國際有限公司,"Junli International CO., LTD.",新北市土城區中州路27巷79號6樓,彭O閔,0985-921420,,2024/10/25,2024/10/25,Y,Y
00179634,茶習文創有限公司,"acupofteatime Co., Ltd.",新北市汐止區新台五路1段77號6樓之5,陳O融,,,2024/10/25,2024/10/25,Y,Y
54270748,鼎富機械工程有限公司,"DING-FU MECHANICAL ENGINEERING CO., LTD.",新北市土城區樂利里裕民路92巷16弄3號2樓,簡O達,,,2024/10/25,2024/10/25,Y,Y
83266434,禾陽國際有限公司,H.Sun Int'L Limited Company,新北市板橋區雙十路2段50號5樓,高O昇,8941-6003,,2024/10/25,2024/10/25,Y,Y
87505148,這貓工作室,This cat Studio,新北市中和區中山路2段332巷13號12樓,陳O瑄,,,2024/10/25,2024/10/25,Y,Y
89132567,連展電能科技股份有限公司,"Acon Electric Energy CO., LTD.",新北市新店區寶興路45巷9弄2號3樓,陳O儀,02-29155598#1854,,2024/10/25,2024/10/25,Y,Y
90378574,華碩智行股份有限公司,ASUS MAAS Corporation,新北市淡水區中正東路2段177號(2樓),謝O傑,02-2808-1028#86383,,2024/10/25,2024/10/25,Y,Y
00246161,惠而蒙股份有限公司,"FAIRMONT HOSPITALITY FURNISHINGS CO., LTD.",新北市新店區北新路1段86號31樓,李O雲,02-27129606,,2024/10/24,2026/05/07,Y,Y
90570749,晴昕設計國際有限公司,"SUNSHINE-SUNRISE CO., LTD",新北市板橋區四川路1段143號10樓,劉O琳,02-22083089,02-22082236,2024/10/24,2025/05/14,Y,Y
90111506,家鑫生醫國際股份有限公司,"Sunshine Biomedical International CO., LTD.",新北市中和區中山路2段560號10樓,余O安,02-22255365,,2024/10/24,2025/01/14,Y,Y
82952060,六萬人團隊有限公司,"Sixtythousand CO., LTD.",新北市汐止區新台五路1段106號18樓,嚴O傑,,,2024/10/24,2024/11/26,Y,Y
00042173,鼎鈺科技有限公司,DING YU TECH LTD.,新北市土城區延峯街12巷6號3樓,宋O明,02-27920026,02-27920097,2024/10/24,2024/10/24,Y,N
00104634,辰心國際有限公司,"Lumina Global CO., LTD.",新北市三重區龍門路241號3樓,黃O晞,89728710,,2024/10/24,2024/10/24,Y,Y
00150593,庫優錴科技有限公司,Kuyolu Technology Ltd.,新北市三重區中央北路15巷11號(2樓),王O雄,0905558813,,2024/10/24,2024/10/24,Y,Y
34593684,義雄企業有限公司,"Eshiung Enterprise CO., LTD.",新北市樹林區俊興街211巷7弄8號,吳O賜,,,2024/10/24,2024/10/24,Y,Y
54018034,永焱消防有限公司,"Yong Yan Fire Protection CO., LTD.",新北市新莊區民安西路252巷15號,程O麟,,,2024/10/24,2024/10/24,Y,Y
83008210,三番九食有限公司,"Sanfanjiu Food CO., LTD.",新北市板橋區民治街33號,蔡O陵,,,2024/10/24,2024/10/24,Y,Y
91697442,百穎商行,BAING COMPANY,新北市土城區裕生路67巷8弄8號2樓,賴O穎,,,2024/10/24,2024/10/24,Y,Y
95431211,玩酷樂園有限公司,"VIVA LAND CO., LTD.",新北市中和區中正路916號8樓,蕭O文,02-22238089,,2024/10/24,2024/10/24,Y,Y
00100010,盛合網路有限公司,nexFusion Corporation,新北市林口區仁愛路2段502號13樓之6,張O振,02-77308263,,2024/10/23,2026/09/23,Y,Y
00145115,泱創作者平台股份有限公司,"On Live Streaming Platform CO., LTD.",新北市板橋區中山路1段10號12樓,何O芳,,,2024/10/23,2026/09/17,Y,Y
00237374,金碳錢永續顧問股份有限公司,"Golden Carbon Monetization Consulting CO., LTD.",新北市汐止區新台五路1段95號14樓之7,林O琳,02-26560555$616,,2024/10/23,2026/08/20,Y,Y
00016864,弘圳科技有限公司,"HZT international CO., LTD.",新北市板橋區中正路87號2樓,黃O煒,,,2024/10/23,2024/10/23,Y,Y
00021395,悅芯全球有限公司,MAYA GLOBAL Limited,新北市中和區復興路280巷3弄3號（1樓）,馬O鐸,0901401913,,2024/10/23,2024/10/23,Y,Y
00022541,豆味有限公司,"Dou wel CO., LTD.",新北市中和區建康路276號4樓,林O釵,,,2024/10/23,2024/10/23,Y,Y
00099816,參貳國際有限公司,"THREE TWO INTERNATIONAL CO., LTD.",新北市三峽區大學路17號3樓之5,劉O銘,0910-350660,,2024/10/23,2024/10/23,Y,Y
00122865,宥安建機科技股份有限公司,"YouAn Construction Machinery Technology CO., LTD.",新北市蘆洲區永安南路2段316號5樓,賴O鴻,,,2024/10/23,2024/10/23,Y,Y
00207940,網意通有限公司,WANG YI TONG LTD.,新北市板橋區三民路2段33號14樓,馮O欽,04-22549202,,2024/10/23,2024/10/23,Y,Y
00252156,泱力整合行銷股份有限公司,"Yangli Integrated Marketing CO., LTD.",新北市板橋區中山路1段10號11樓,傅O智,,,2024/10/23,2024/10/23,Y,Y
90199642,臻之饌食品有限公司,"Zhenzhi Food CO., LTD.",新北市中和區中原二街28號18樓,李O儒,,,2024/10/23,2024/10/23,Y,Y
61786501,旺邦營造股份有限公司,"Wang Bang Construction Co.,Ltd",新北市新莊區新北大道三段3號10樓,曹O維,02-85225579,,2024/10/22,2025/07/17,Y,Y
00233362,台亞國際物流有限公司,Taiwan-Asia International Logistics LTD.,新北市新店區北新路2段262號3樓之3,,0910-668652,,2024/10/22,2025/06/21,N,N
00019898,智選科技服務股份有限公司,"Wise Choice Technology Services CO., LTD.",新北市汐止區康寧街169巷8之7號5樓,,04-23260138,,2024/10/22,2025/05/06,N,N
00059672,群定貿易股份有限公司,"CHIUN DING TRADE CO., LTD.",新北市板橋區金門街260巷2號3樓之1,鍾O霖,0909120189,,2024/10/22,2025/04/29,Y,Y
00027428,盈凱有限公司,Yingkai LTD.,新北市蘆洲區中山二路197號3樓,連O珠,,,2024/10/22,2024/10/22,Y,Y
00152086,喜樂貿易股份有限公司,"KIRAKU CO., LTD.",新北市鶯歌區忠孝街11之6號9樓,吉O貴史,0909093046,,2024/10/22,2024/10/22,Y,Y
00195352,昇春科技有限公司,"Shen Chuen Technology CO., LTD.",新北市三重區重新路5段609巷4號6樓之3,徐O鈞,02-29997966,02-29991170,2024/10/22,2024/10/22,Y,Y
00195613,崴若股份有限公司,"WEI-RUO CO., LTD.",新北市板橋區中山路2段465巷74弄1號5樓,賴O楨,,,2024/10/22,2024/10/22,Y,Y
22117932,長安鋼鐵有限公司,CHANGAN Steel Limited Company,新北市中和區光華街6號15樓之4,張O人,02-29427752,02-29445860,2024/10/22,2024/10/22,Y,Y
53417174,有機匯國際股份有限公司,"Organic Exchange International CO., LTD.",新北市新店區寶橋路150之1號,吳O嬅,02-77538717,02-22519317,2024/10/22,2024/10/22,Y,Y
54010201,銓領金屬有限公司,"CHA-LING CO., LTD.",新北市樹林區新興街53號,葉O領,02-86862986,,2024/10/22,2024/10/22,Y,Y
82084858,鼎隆企業社,Dinglong Enterprise Co.,新北市五股區壟鈎路7號之2,施O后,,,2024/10/22,2024/10/22,Y,Y
90035640,丰旭機電有限公司,FENGHSU Limited Company,新北市貢寮區丹裡街56號,胡O汶,0285213525,,2024/10/22,2024/10/22,Y,Y
93604785,茂宸廣設事業有限公司,"Murph Creative CO., LTD.",新北市板橋區中山路1段10號11樓,陳O芳,,,2024/10/22,2024/10/22,Y,Y
94180666,東峰電機有限公司,"D.F.M CO., LTD.",新北市土城區中央路4段185巷30弄4號,林O霈,,,2024/10/22,2024/10/22,Y,Y
95152863,百盈國際貿易商行,Rebecca winner trading Company,新北市林口區民富街93號10樓之1,蔡O蘭,02-26084088,,2024/10/22,2024/10/22,Y,Y
00148416,實碩國際有限公司,"SHI SHOU INTERNATIONAL CO., LTD.",新北市板橋區萬板路112巷6號5樓,廖O楷,,,2024/10/21,2026/03/17,Y,Y
95596851,希羽全球資源整合行銷公關有限公司,"Si Yu Global Resource Integration Marketing and Public Relations CO., LTD.",新北市板橋區僑中一街124巷11弄10號5樓,,0961196140,,2024/10/21,2026/01/22,N,N
90454018,莎莎有限公司,"Sasa CO., LTD.",新北市汐止區新台五路2段204號地下3層之7,方O惠,,,2024/10/21,2025/10/31,Y,Y
96830383,愛覺醒計畫國際有限公司,Eating love LTD.,新北市永和區仁愛路66號,紀O珮,,,2024/10/21,2025/07/22,Y,Y
00153971,吉比國際有限公司,"GB International CO., LTD.",新北市新店區北新路1段86號31樓之3,蘇O佑,02-23468168,,2024/10/21,2024/10/21,Y,Y
00207272,里衡有限公司,RICH HORN Limited Company,新北市板橋區永豐街42號4樓,曾O銘,,,2024/10/21,2024/10/21,Y,Y
00219636,武德國際有限公司,Wutte International Company Limited,新北市淡水區新市一路2段257號4樓,廖O正,0933-951-397,,2024/10/21,2024/10/21,Y,Y
10344476,鼎峰國際企業社,Top One Print Co.,新北市中和區秀朗路3段54號4樓,孫O安,,,2024/10/21,2024/10/21,Y,Y
53566504,新思維行銷有限公司,NewThinking Marketing Ltd.,新北市中和區中和路102號4樓之5,葉O榮,02-22420458,,2024/10/21,2024/10/21,Y,Y
91040537,淨電能源科技股份有限公司,"HOMA CO., LTD.",新北市新店區光華街8巷27號(1樓),張O賓,02-27625693,02-27472049,2024/10/21,2024/10/21,Y,Y
92699382,喝起來娛樂實業,Drink up the entertainment industry Company,新北市新莊區復興路1段2號2樓,謝O天,0986330723,,2024/10/21,2024/10/21,N,N
95139686,京晉工程行,Jingjin Engineering Company,新北市中和區景新街338號7樓,余O璽,0224223012,,2024/10/21,2024/10/21,N,N
96781382,覺醒瑜珈有限公司,Awaken Project Yoga LTD.,新北市永和區仁愛路66號,紀O珮,,,2024/10/21,2024/10/21,N,N
00138183,禾立橙有限公司,"He Li cheng CO., LTD.",新北市板橋區民治街52巷5弄6號,楊O鳳,0966662351,,2024/10/18,2025/12/13,Y,Y
95149798,饌韻餐飲顧問企業社,ZhuanYun Co.,新北市林口區麗園一街4巷2號8樓之3,陳O碧子,,,2024/10/18,2025/12/05,Y,Y
12743338,萬峰營造有限公司,"WanFeng Construction CO., LTD.",新北市林口區竹林路586號,陳O谷,,,2024/10/18,2025/08/09,Y,Y
00255007,歐德多科技有限公司,Adomotech LTD.,新北市新莊區中安街1號9樓之2,陳O軒,0936533625,,2024/10/18,2025/02/27,Y,Y
00049859,上好企業有限公司,"Hyperwin Enterprise Co., Ltd.",新北市泰山區明志路3段350號2樓,蔣O凱,,,2024/10/18,2024/10/18,Y,Y
00179711,匯和股份有限公司,"CASE-PRO Enterprise CO., LTD.",新北市汐止區新台五路1段97號28樓之10,張O芳,02-27787680,,2024/10/18,2024/10/18,Y,Y
28155291,允盟股份有限公司,"UniAlliance CO., LTD.",新北市新莊區中正路244號,賴O楨,02-29935527,02-89911625,2024/10/18,2024/10/18,Y,Y
95152293,章魚精品行,Octopus gold product Boutique,新北市汐止區新台五路1段92號21樓之6,賀O煒,,,2024/10/18,2024/10/18,N,N
91005525,建浩有限公司,"JIANHAU CO., LTD.",新北市八里區龍米路1段40號,陳O龍,,,2024/10/17,2026/04/14,Y,Y
00034201,冠德國際科技股份有限公司,"KTEC GLOBAL Co., Ltd.",新北市中和區中板路23號9樓,鄭O正,02-22233518,,2024/10/17,2026/02/11,Y,Y
00072008,努山塔拉有限公司,"NUSANTARA SARANG BURUNG CO., LTD.",新北市永和區仁愛路295號,楊O緖,02-29156571,02-29141773,2024/10/17,2024/10/17,Y,Y
00073421,美聚機械股份有限公司,"Machinery CO., LTD.",新北市泰山區貴子路67巷7弄2之1號,李O修,,,2024/10/17,2024/10/17,Y,Y
00123371,麻糬馬達有限公司,Mochi Motor LTD.,新北市永和區中正路417號8樓,劉O原,,,2024/10/17,2024/10/17,Y,Y
00219328,星空貿易有限公司,Star Trading LTD.,新北市五股區天乙路58號5樓,陳O賢,0975-331-180,,2024/10/17,2024/10/17,Y,Y
42695354,共享數位科技有限公司,"Nova Shield Technology CO., LTD.",新北市新店區中華路60巷10號2樓,李O諭,,,2024/10/17,2024/10/17,Y,Y
42713938,家心照服庭院股份有限公司,"Jiaxin Care Garden CO., LTD.",新北市永和區中正路666巷27號,施O瑄,29262581,,2024/10/17,2024/10/17,Y,Y
46495201,湖森電子科技有限公司,"Husion Electronic Technology CO., LTD.",新北市中和區建八路16號11樓之5,陳O珠,02-82263022,,2024/10/17,2024/10/17,Y,Y
83072205,草本博士國際有限公司,"Dr. Herbs International CO., LTD.",新北市三重區福隆路48號9樓之2,闕O家,0987300606,,2024/10/17,2024/10/17,Y,Y
89118158,卓樂科技股份有限公司,S.E.A. Solution LLC.,新北市中和區景安路247巷30號,王O,0966787211,,2024/10/17,2024/10/17,Y,Y
95472417,心吾國際有限公司,"XIN WU INTERNATIONAL CO., LTD.",新北市新店區三民路38號5樓,李O恕,,,2024/10/17,2024/10/17,Y,Y
80026610,歐鈴吉社,Orange meow Co.,新北市土城區明德路2段10號,莊O璇,0963280002,,2024/10/16,2026/09/12,Y,Y
95492906,醫吉幫股份有限公司,EGB Company Limited,新北市新店區北新路1段293號4樓之5,莊O光,,,2024/10/16,2026/08/13,Y,Y
97504597,畢方文化有限公司,BE FUN LITERARY CREATIVITY LTD.,新北市中和區中正路700號5樓之1,謝O慶,,,2024/10/16,2026/05/08,Y,Y
00158342,永文企管顧問股份有限公司,"Cu management consulting CO., LTD.",新北市中和區中山路2段296號5樓之3,廖O文,02-89539541,,2024/10/16,2025/10/24,Y,Y
00050270,兩個一起有限公司,Nikoichi Limited Company,新北市新莊區建國一路310號9樓,蔡O名,,,2024/10/16,2025/03/28,N,N
89731205,延錞工業有限公司,YCstamping LTD.,新北市蘆洲區中山二路222巷21弄21號,王O雄,,,2024/10/16,2025/03/25,Y,Y
94092946,合穀企業股份有限公司,"Hegu Enterprise CO., LTD.",新北市三重區興德路129號2樓,呂O豪,02-22900788,,2024/10/16,2025/01/14,Y,Y
72690047,谷豆町企業社,gudouding Co.,新北市板橋區溪崑二街106巷14號3樓,田O云,,,2024/10/16,2024/11/09,Y,Y
00144832,桔福貿易股份有限公司,"Give Trade CO., LTD.",新北市三峽區大同路281號,陳O靜,02-29512789,02-29512466,2024/10/16,2024/10/16,Y,Y
00208173,辰峰電子有限公司,"Chefeng Electronics CO., LTD.",新北市板橋區四川路1段23號11樓,張O霞,0915518250,,2024/10/16,2024/10/16,Y,Y
22398497,任力塑膠工業有限公司,"REN LI Plastic CO., LTD.",新北市林口區自強一街71號,賴O,,,2024/10/16,2024/10/16,Y,Y
90177181,丸響實業有限公司,"MOTOGEARS CO., LTD.",新北市八里區中山路2段171號6樓,曾O倫,,,2024/10/16,2024/10/16,Y,Y
95146504,虹羽商行,Rainbow Feather Store,新北市泰山區明志路3段145巷34弄7號(1樓),李O慶,,,2024/10/16,2024/10/16,Y,Y
95148518,恣自苒苒工作室,Cloudy Yujie Studio,新北市林口區仁愛路2段269號5樓,吳O緁,,,2024/10/16,2024/10/16,Y,Y
95151554,滿蛋大餐工作室,Better than Fiction Studio,新北市土城區學府路1段164巷6弄6號5樓,張O姍,,,2024/10/16,2024/10/16,Y,Y
80510390,瑋石建設有限公司,"Wei shi construction CO., LTD.",新北市新店區寶橋路140巷11號11樓,高O,,,2024/10/15,2026/08/26,Y,Y
91037337,一事國際有限公司,"The-One-Thing CO., LTD.",新北市三芝區淺水灣街5之3號5樓,翁O剴,0988807883,,2024/10/15,2026/08/19,Y,Y
00143159,君成實業有限公司,"king rich CO., LTD.",新北市新莊區中平路87巷3號5樓,張O美,0912627997,,2024/10/15,2026/05/04,Y,Y
85093373,添益國際有限公司,"TIan YI International CO., LTD.",新北市中和區民享街4號,呂O廣,02-22783131#313,02-22782778,2024/10/15,2026/01/10,Y,Y
00073956,愛風格有限公司,"Lovinginlove, LTD.",新北市汐止區大同路2段271之1號,劉O妤,,,2024/10/15,2024/10/15,Y,Y
00103847,麥豹國際行銷有限公司,"Mai Boom international Markering Co,.Ltd. CO., LTD.",新北市中和區莒光路95號4樓,陳O志,0966441682,,2024/10/15,2024/10/15,Y,Y
24919959,意勝通路行銷有限公司,"YI-SHENG CHANNEL MARKETING CO., LTD.",新北市板橋區大觀路1段28巷119號之1,蕭O茹,02-86672201,,2024/10/15,2024/10/15,Y,Y
66602284,恆合營造有限公司,"Heng he building CO., LTD.",新北市板橋區雙十路1段6號,高O,,,2024/10/15,2024/10/15,Y,Y
66658646,宇太光電股份有限公司,"Solar Mio CO., LTD.",新北市汐止區新台五路1段90號20樓,呂O瑞,,,2024/10/15,2024/10/15,Y,Y
72680961,睿宏企業社,iTshirt Co.,新北市永和區文化路55號(2樓),陳O宇,0933062479,,2024/10/15,2024/10/15,Y,Y
90083683,摩爾數媒股份有限公司,"Moore Media Group CO., LTD.",新北市板橋區四川路2段16巷10號,周O安,02-89677857#12,02-89677867,2024/10/15,2024/10/15,Y,Y
90452497,聚峰工程有限公司,"JU FENG ENGINEERING CO., LTD.",新北市新莊區新北大道3段3號9樓,朱O生,02-85222517,02-85222597,2024/10/15,2024/10/15,N,N
94877209,千寰國際企業,Qianhuan International Company,新北市樹林區樹新路17號3樓之3,陳O崴,,,2024/10/15,2024/10/15,N,N
95149299,虎琳企業社,HULIN CO.,新北市三重區重陽路4段130號12樓,孫O琳,,,2024/10/15,2024/10/15,Y,Y
29138314,荔茂有限公司,"LIMAO CO., LTD.",新北市新莊區新知二路60號2樓,陳O素貞,02-89901592,,2024/10/14,2025/10/24,Y,Y
00254268,真境瑜伽有限公司,Sat Yogatva LTD.,新北市泰山區辭修路10之5號13樓,,0910695106,,2024/10/14,2025/05/09,N,N
00041580,安朵妮可斯國際有限公司,"ANDORNESS CO., LTD.",新北市汐止區新台五路1段93號21樓之6,杜O蓁,,,2024/10/14,2024/10/14,Y,Y
00042223,元葵實業有限公司,"TEXSTYLE CO., LTD.",新北市樹林區啓智街81號6樓,趙O魁,,,2024/10/14,2024/10/14,Y,Y
00046086,酷邁全球有限公司,Cumai Global Ltd.,新北市新店區中央路179號(1樓),王O丞,02-77179897,,2024/10/14,2024/10/14,Y,Y
00254231,瑞鵬投資控股股份有限公司,"Ray Investment Holding CO., LTD.",新北市汐止區新台五路1段90號20樓,呂O瑞,,,2024/10/14,2024/10/14,Y,Y
27294372,魁鑫光電科技有限公司,"Kuixin Photoelectric Technology CO., LTD.",新北市三重區三陽路100巷3弄23號(1樓),鄭O文,,,2024/10/14,2024/10/14,Y,Y
46119403,鑫和起重工程有限公司,"HSIN HE CRANE ENGINEERING CO., LTD.",新北市三重區三民街206巷4號(1樓),張O珠,,,2024/10/14,2024/10/14,Y,Y
67156706,映摯作有限公司,"YIN ZHI ZUO CO., LTD.",新北市土城區青雲路49巷2號（1樓）,廖O璇,02-22616605,,2024/10/14,2024/10/14,Y,Y
86368440,紹威企業有限公司,"SHAO WEI CO., LTD.",新北市八里區中山路1段157巷30號1樓,林O辰,(02)26195612,,2024/10/14,2024/10/14,Y,Y
93621139,筠融投資有限公司,"LOVE FAMILY CO., LTD.",新北市汐止區湖前街110巷97弄3之3號5樓,程O,0932137291,,2024/10/14,2024/10/14,Y,Y
96772779,杉井國際實業有限公司,"SHAN JING International Industrial CO., LTD.",新北市新店區安康路1段173之5號,林O吾,0958773335,,2024/10/14,2024/10/14,Y,Y
00140195,緋狐模型股份有限公司,"Crimson Fox CO., LTD.",新北市土城區中央路2段99號3樓,門O瑋,0988036385,,2024/10/12,2024/10/12,Y,Y
97211109,全旺報關有限公司,"CHANOWN Customs CO., LTD.",新北市八里區訊塘里7鄰厦竹圍25號7樓A702室,蔡O琴,02-24236166,02-24236156,2024/10/11,2026/01/01,Y,Y
00060208,安翊事業有限公司,"Avidity CO., LTD.",新北市三重區電信街89號5樓之6,黃O誼,,,2024/10/11,2025/04/23,Y,Y
80024253,歐博衛浴設備行,Oubo sanitary equipment Store,新北市新莊區中正路887之11號(1樓),連O鈞,,,2024/10/11,2024/10/29,Y,Y
93671382,酒酒文化有限公司,"JOJO WHISKY CO., LTD.",新北市林口區忠孝一路7號,張O綱,,,2024/10/11,2024/10/18,Y,Y
00180421,益加有限公司,"I CHIA CO., LTD.",新北市淡水區北新路182巷17號,陳O良,,,2024/10/11,2024/10/11,Y,Y
83434925,江江好有限公司,"Chiang Chiang How Co., Ltd",新北市永和區永平路302巷32弄8號11樓,江O怡,,,2024/10/11,2024/10/11,Y,Y
90767898,伸脈有限公司,"Sunmine CO., LTD.",新北市淡水區濱海路3段148巷105號（1樓）,王O偉,0916006611,,2024/10/11,2024/10/11,Y,Y
93618937,穩立時裝有限公司,WooLeeX LTD.,新北市三重區重新路4段97號8樓之1,謝O農,,,2024/10/11,2024/10/11,Y,Y
96765025,嘉怡國際企業有限公司,JOY INTERNATIONAL BUSINESS Limited Company,新北市中和區中原二街28號18樓,鄭O麟,0918616496,,2024/10/11,2024/10/11,Y,Y
95145408,豪恩商行,HAO EN Company,新北市三重區中正北路64巷2號3樓,鄭O豪,,,2024/10/10,2024/10/10,Y,Y
00098823,萬閣國際股份有限公司,"MLOFT INTERNATIONAL CO., LTD.",新北市中和區中原五街22號3樓,吳O瑜,,,2024/10/09,2026/06/19,Y,Y
00100530,美慶控股有限公司,Mustking Holdings Ltd.,新北市新莊區五權一路3號7樓之2,黃OO,02-2321-0332,,2024/10/09,2026/06/13,Y,Y
00071556,台灣山口精工有限公司,"Taiwan SK Seiko CO., LTD.",新北市新莊區富貴路492號6樓,張O銘,0911-328-761,,2024/10/09,2025/03/25,Y,Y
95142704,炘林科技自動化企業社,Xyzing tech&automation Co.,新北市林口區中正路328號(1樓),蔡O堂,0911-088883,,2024/10/09,2024/10/14,Y,Y
00027877,點燃影像有限公司,"Keep Burning Films Co.,Ltd.",新北市板橋區重慶路12巷14號2樓,廖O輝,0922731124,,2024/10/09,2024/10/09,Y,Y
00030802,世碩貿易有限公司,Shi Shou Trading LTD.,新北市汐止區新台五路1段99號27樓之2,游O培,0921649996,,2024/10/09,2024/10/09,Y,Y
00084551,富日科技有限公司,SUNRICH TECHNOLOGY LIMITED,新北市板橋區雙十路2段48號11樓,吳O銳,,,2024/10/09,2024/10/09,Y,Y
00099392,超物流體有限公司,"Logistikos CO., LTD.",新北市土城區永安街43號,黃O修,,,2024/10/09,2024/10/09,Y,Y
00181499,升創有限公司,"Shichuang CO., LTD.",新北市新莊區中正路899巷14號7樓,謝O富,02-29045321,,2024/10/09,2024/10/09,Y,Y
00191026,貓在家貿易有限公司,"Kitty in the house Trading CO., LTD.",新北市三重區重陽路4段130號12樓,林O廷,,,2024/10/09,2024/10/09,Y,Y
16532806,巧詮工業有限公司,"CChang Industrial CO., LTD.",新北市土城區中央路3段126巷36弄9號,劉O文,02-2267-2079,,2024/10/09,2024/10/09,Y,Y
34768826,嘉屋工程行,CHIA WU STUDIO,新北市林口區中正路96巷7號,李O凡,,,2024/10/09,2024/10/09,Y,Y
42199550,鉐葉工藝設計,SHIYE CO.,新北市板橋區國慶路149巷21弄4之4號(5樓),劉O如,,,2024/10/09,2024/10/09,Y,Y
50797158,希特斯國際有限公司,"CTCS International Investment CO., LTD.",新北市板橋區中山路1段293之1號7樓之1,陳O文,,,2024/10/09,2024/10/09,Y,Y
90017827,欣芸有限公司,"HAN DUNG CO., LTD.",新北市新莊區化成路604號,雷O蓉,02-22779999,,2024/10/09,2024/10/09,Y,Y
90686050,立宇禾有限公司,"Liyuwo CO., LTD.",新北市樹林區中正路415號9樓之3,陳O祥,02-86881860,,2024/10/09,2024/10/09,Y,Y
96829225,台灣精密科技有限公司,"Taiwan Precision Technology CO., LTD.",新北市板橋區忠孝路48巷36之2號3樓,戴O臺,02-29646401,,2024/10/09,2024/10/09,Y,Y
00219609,堅山子有限公司,HKS Ltd.,新北市新莊區富貴路492號6樓,,0975-524624,,2024/10/08,2026/07/01,N,N
00157842,雪森香國際股份有限公司,"NUMA CO., LTD.",新北市新莊區中平路429號12樓,連O,,,2024/10/08,2025/10/08,Y,Y
00098675,同豐國際商社有限公司,"TongFeng Business Co., Ltd.",新北市新莊區福美街132號9樓,陳O豪,02-25961634,,2024/10/08,2024/10/08,Y,Y
00101995,世比世股份有限公司,"SIPIS SUPER TECHNOLOGY CO., LTD.",新北市中和區中山路2段351號5樓之2,林O哲,87326140,,2024/10/08,2024/10/08,Y,Y
00188583,家簡成櫥股份有限公司,HOMULA Limited Company,新北市林口區三民路168號,詹O欽,0935275222,,2024/10/08,2024/10/08,Y,Y
50889760,瑪索菲股份有限公司,"Musclefit CO., LTD.",新北市三重區重新路5段609巷6號2樓之4,呂O航,,,2024/10/08,2024/10/08,Y,Y
83178896,鍏力有限公司,"TOLO CO., LTD.",新北市新店區光華街8巷27號(1樓),李O叡,02-27487657,,2024/10/08,2024/10/08,Y,Y
90505516,悠富有限公司,Yofu LTD.,新北市新莊區民安路280號,林O廷,02-25565050,,2024/10/08,2024/10/08,Y,Y
94131379,元陽信有限公司,"Yuanyangxin CO., LTD.",新北市林口區公園路203號10樓之1、10樓之2,,,,2024/10/07,2026/06/04,N,N
90628524,日羊羽數位多媒體有限公司,"Riyangyu Digital Multimedia CO., LTD.",新北市淡水區興福寮88巷7號4樓,,,,2024/10/07,2026/05/29,N,N
90106834,鑫富旺有限公司,"Xinfuwang CO., LTD.",新北市新莊區五權一路1號8樓之2,褚O翔,,,2024/10/07,2025/11/26,N,N
93068659,金錢樹企業社,JIN QIAN SHU Company,新北市蘆洲區中山一路161號3樓,徐O彥,0975718967,,2024/10/07,2025/10/30,Y,Y
95462430,司弗雅科技有限公司,Serversphere tech LTD.,新北市三重區新北大道1段129號4樓,,,,2024/10/07,2025/10/28,N,N
00249792,青格有限公司,Azure trading LTD.,新北市板橋區文聖街202號,沈O喬,0972623447,,2024/10/07,2025/10/01,Y,Y
00101658,傑利興國際有限公司,"JIE LI XING INTERNATIONAL CO., LTD.",新北市林口區文化三路2段41巷57號13樓,蔡O名,02-26095058,,2024/10/07,2024/10/07,Y,Y
00107631,台灣凱斯特有限公司,"TAIWAN KAISITE CO., LTD.",新北市淡水區坪頂路56之6號4樓,卓O添,0919268099,,2024/10/07,2024/10/07,Y,Y
00153424,誠至包材印刷有限公司,Axis Logistics Supply LTD.,新北市三重區光復路1段83巷5號7樓,莊O,02-22781855,,2024/10/07,2024/10/07,Y,Y
00192518,思拓貿易有限公司,"Sito Trading CO., LTD.",新北市板橋區三民路2段32號3樓,陳O燕,0930124636,,2024/10/07,2024/10/07,Y,Y
23071250,大升冷凍空調有限公司,"DASHENCO ENGINEERING CO., LTD.",新北市中和區復興路三一五號一樓,顏O治,02-22425389,,2024/10/07,2024/10/07,N,N
54707019,益得不銹鋼有限公司,Inder Stainless LTD.,新北市蘆洲區中央路153號6樓,莊O岳,(03)328-0399,(03)328-0286,2024/10/07,2024/10/07,Y,Y
66818622,鉝宸工業科技有限公司,"LI CHEN INDUSTRIAL TECHNOLOGY CO., LTD.",新北市樹林區柑園街2段386巷8號(1樓),林O穎,02-86742139,,2024/10/07,2024/10/07,Y,Y
83519634,領航建材股份有限公司,"LING HANG CO., LTD.",新北市三重區中興北街150巷4號,郭O航,02-8512-1526,,2024/10/07,2024/10/07,Y,Y
90105259,壹陸捌活動人行銷有限公司,"168 EVENT MARKETING SERVICE CO., LTD.",新北市板橋區民生路3段246號16樓,李O中,0911285271,,2024/10/07,2024/10/07,Y,Y
95143598,沐澤工作室,Muze Studio,新北市新店區安興路127之6號12樓,陳O潔,,,2024/10/07,2024/10/07,N,N
95148593,旺爺洋行,RICH PAPA TRADING Co.,新北市林口區民富街85號,汪O宗,0988792799,,2024/10/07,2024/10/07,Y,Y
95148806,長鎰興業社,Joyeux & Co.,新北市中和區員山路506之4號5樓,張O榛,02-2228-8316,,2024/10/07,2024/10/07,Y,Y
42690652,海底漫步休閒活動有限公司,"FUN DIVERS TAIWAN CO., LTD.",新北市永和區和平街8號(1樓),黃O富,,,2024/10/04,2026/05/16,Y,Y
00204161,尚德塑膠工業有限公司,"SHANG DE PLASTIC INDUSTRY CO., LTD.",新北市樹林區俊英街116巷41弄32號,陳O德,02-86751382,,2024/10/04,2026/04/10,Y,Y
00038831,煜騰生物科技有限公司,"YHU TENG BIOTECH CO., LTD.",新北市板橋區中山路1段10號9樓,張O姬,,,2024/10/04,2025/09/18,Y,Y
00036290,嘉滋康有限公司,CHIA LZ KANG Limited Company,新北市新店區安興路127之6號12樓,林O盈,,,2024/10/04,2024/10/04,Y,Y
00045657,源昌國際股份有限公司,"Yuan Chang International CO., LTD.",新北市新莊區思源路230巷1號6樓,張O源,,,2024/10/04,2024/10/04,Y,Y
00066646,加捷科技有限公司,"Global Jet Technology CO., LTD.",新北市新莊區新北大道2段245號4樓,蕭O英,0910313558,,2024/10/04,2024/10/04,Y,Y
00108076,鳥語茶逸股份有限公司,"NiaoYuChaYi CO., LTD.",新北市蘆洲區中山一路161號3樓,施O軒,,,2024/10/04,2024/10/04,Y,Y
00130984,以西樂有限公司,Ezekiel Limited Company,新北市樹林區學士路108號9樓,何O娟,,,2024/10/04,2024/10/04,Y,Y
00197295,還川國際貿易有限公司,SECH International LTD.,新北市林口區育林街12號(1樓),李O澔,03-4830031,,2024/10/04,2024/10/04,Y,Y
00224814,倢躍貿易有限公司,"JEYAO Trading CO., LTD.",新北市中和區中山路2段446號8樓,秦O強,0905888828,,2024/10/04,2024/10/04,Y,Y
00248148,程組股份有限公司,"Chance Choose CO.,LTD.",新北市板橋區藝文街118號15樓,盧O庭,,,2024/10/04,2024/10/04,Y,Y
16374911,富嘉樂工程有限公司,R & H Engineer LTD.,新北市新店區安民街70巷5號4樓,黃O鴻,02-22113780,,2024/10/04,2024/10/04,Y,Y
50656679,朵拉時尚工作室,Dora Fashion Studio,新北市板橋區文化路1段309之25號,黃O格,,,2024/10/04,2024/10/04,Y,Y
82120756,花泥小姐的店,whatni Co.,新北市汐止區福德一路201巷39號13樓,游O雯,0926093412,,2024/10/04,2024/10/04,Y,Y
83038869,蘭格國際家具股份有限公司,"LANG FURNITURE CO., LTD.",新北市新莊區中德路41號10樓,許O瑋,,,2024/10/04,2024/10/04,Y,Y
85426745,山中香文化館,SAN ZON ZIANG CULTURAL HALL Shop,新北市土城區城林路6巷37號(1樓),王O足,02-22677969,,2024/10/04,2024/10/04,Y,Y
90257749,裕泰鴻有限公司,"Yotaihong CO., LTD.",新北市新店區安豐路22巷4號,李O憲,,,2024/10/04,2024/10/04,Y,Y
90453518,始酷雪帕克股份有限公司,"SNOWSENSEI PARK CO., LTD.",新北市新莊區幸福東路77號(1樓),張O仁,0958994593,,2024/10/04,2024/10/04,Y,Y
90505620,格維顧問有限公司,Ge Wei Consultancy Limited Company,新北市淡水區民族路29巷2弄10號3樓,蔡O瑜,,,2024/10/04,2024/10/04,Y,Y
92748617,龍興布業企業社,Long Shine Co.,新北市土城區福祥街93號,陳O仁,02-26688667,,2024/10/04,2024/10/04,Y,Y
95138639,苑稚商行,Yuan Zhi Work Shop,新北市三重區自強路3段43巷7號4樓,鄭O儒,,,2024/10/04,2024/10/04,Y,Y
95143984,大耳狐工作室,Zerda Studio,新北市三重區光復路1段85號9樓,余O菱,,,2024/10/04,2024/10/04,N,N
00134779,全智能投資股份有限公司,AI Investment Corporation,新北市三重區重新路2段21號11樓,莊O仁,0922441948,,2024/10/01,2026/09/09,Y,Y
89988802,杰勁工程有限公司,"Jayjin Engineering CO., LTD.",新北市新店區安興路5號地下一層之10,柯O娟,02-22115461,02-22122124,2024/10/01,2025/09/23,Y,Y
00158862,森岓國際企業有限公司,SENJI INTERNATIONAL LTD.,新北市土城區明德路2段65號3樓,梅O儀,,,2024/10/01,2025/08/07,Y,Y
27454742,采邑裝潢工程有限公司,"Fief decoration project CO., LTD.",新北市新莊區化成路七七八巷一三︱二號,楊O隆,,,2024/10/01,2024/10/08,Y,Y
00086220,阿達國際有限公司,ADA International Ltd.,新北市三重區力行路1段23巷2號5樓,陳O瑞,0,,2024/10/01,2024/10/01,Y,Y
00113697,宥熙國際有限公司,YOC INTERNATIONAL PVT. LTD.,新北市中和區中山路2段369號5樓,善O万,0911-956-923,,2024/10/01,2024/10/01,Y,Y
00117363,鑫權投資有限公司,"XYNTREND INVESTMENT CO., LTD.",新北市三重區新北大道1段115號13樓之2,侯O權,0929633798,,2024/10/01,2024/10/01,Y,Y
00254746,漢和知藝有限公司,hanhezhiyi Ltd.,新北市新莊區豐盛一街16號15樓,葉O煊,,,2024/10/01,2024/10/01,Y,Y
34465230,恆彰儀器原料行,HERANG JANG Store,新北市鶯歌區鶯桃路189號,陳O彰,02-26781015,02-26781014,2024/10/01,2024/10/01,Y,Y
42693187,元盛康健股份有限公司,"Yuanshengkangjian CO., LTD.",新北市板橋區中山路1段69號8樓之1,李O元,0225507700,,2024/10/01,2024/10/01,Y,Y
83593471,吉力特有限公司,"Gillette CO., LTD.",新北市板橋區龍興街58號4樓,李O曉,0266039941,,2024/10/01,2024/10/01,Y,Y
90170217,煦善控股股份有限公司,"Xushan Holdings CO., LTD.",新北市新莊區中正路215號7樓,王O僖,,,2024/10/01,2024/10/01,Y,Y
00164647,涓流藝術股份有限公司,"The Flow Art Co., Ltd.",新北市淡水區新民街322巷2弄6號地下層,鄒O,,,2024/09/30,2026/06/02,Y,Y
00147459,羅耀國際保齡球設備有限公司,"Taiwan Royal Bowling CO., LTD.",新北市八里區中華路2段360號5樓,蔣O維,02-26195688,,2024/09/30,2024/09/30,Y,Y
85131539,探舍室內裝修有限公司,"TANSHE INTERIOR DECORATION CO., LTD.",新北市板橋區大觀路2段129巷6號4樓,賴O涵,,,2024/09/30,2024/09/30,Y,Y
92600641,見間有限公司,"ZVANA CO., LTD.",新北市新店區光明街288號5樓,江O臻,02-89115198,,2024/09/30,2024/09/30,Y,Y
96757094,澄芯生醫股份有限公司,Chasing Biomedical INC.,新北市汐止區新台五路1段97號26樓之9,楊O漁,02-77337956#918,,2024/09/30,2024/09/30,Y,Y
