統一編號,公司名稱,公司所在地,代表人,資本額,核准設立日期,核准變更日期,案由或變更事項,營業項目,縣市,清冊,期別
00557565,第六感行銷工作室,新北市新店區北新路1段2之18號,邱唯哲,200000,,115/06/29,外縣市遷入,I401010 一般廣告服務業；J602010 演藝活動業；I301010 資訊軟體服務業；I301030 電子資訊供應服務業；I301060 網路廣告平臺業,新北市,變更,11506
00558874,欣源鑫水電工程行,新北市永和區永和路2段57號7樓,章嘉峰,200000,,115/06/10,外縣市遷入,E601010 電器承裝業；E603010 電纜安裝工程業；E603050 自動控制設備工程業；E603090 照明設備安裝工程業；E701040 簡易電信設備安裝業；E801020 門窗安裝工程業；E801030 室內輕鋼架工程業；E801070 廚具、衛浴設備安裝工程業；EZ15010 保溫、保冷安裝工程業；E701010 電信工程業；E599010 配管工程業；E601020 電器安裝業；E603100 電焊工程業；E801010 室內裝潢業；EZ02010 起重工程業；EZ07010 鑽孔工程業；EZ99990 其他工程業；F106010 五金批發業；F106040 水器材料批發業；F111090 建材批發業；ZZ99999 除許可業務外，得經營法令非禁止或限制之業務,新北市,變更,11506
00558895,迪亞塗藝空間工程行,新北市泰山區明志路2段359巷14號(1樓) 115年06月,陳迪亞,100000,,115/06/26,外縣市遷入,E801010 室內裝潢業；E901010 油漆工程業；E599010 配管工程業；E601010 電器承裝業；E601020 電器安裝業；E603010 電纜安裝工程業；E603090 照明設備安裝工程業；E801020 門窗安裝工程業；E801030 室內輕鋼架工程業；E801040 玻璃安裝工程業；EZ99990 其他工程業；F106010 五金批發業；F106040 水器材料批發業；F111090 建材批發業；F213010 電器零售業；I503010 景觀、室內設計業；IZ12010 人力派遣業；J101010 建築物清潔服務業；J101090 廢棄物清理業；J101030 廢棄物清除業；F401010 國際貿易業；ZZ99999 除許可業務外，得經營法令非禁止或限制之業務,新北市,變更,11506
00562574,遼寧來碗粥商行,新北市新莊區中平路126號(1樓),謝祥弘,150000,,115/06/16,外縣市遷入,F501060 餐館業,新北市,變更,11506
00607495,夜光風早餐店,新北市三重區秀江街207號,林映辰,100000,,115/06/10,外縣市遷入,F501060 餐館業；ZZ99999 除許可業務外，得經營法令非禁止或限制之業務,新北市,變更,11506
00617971,璞得企業社,新北市蘆洲區中正路185巷45弄13號(1樓),鄭吉均,100000,,115/06/17,外縣市遷入,F208040 化粧品零售業；F203010 食品什貨、飲料零售業；F399040 無店面零售業；ZZ99999 除許可業務外，得經營法令非禁止或限制之業務,新北市,變更,11506
00630279,鼎上車業行,新北市蘆洲區九芎街90巷16號(1樓),林政華,100000,,115/06/10,所營業務變更,F214030 汽、機車零件配備零售業；F214050 車胎零售業；JA01010 汽車修理業,新北市,變更,11506
00632261,皮蛋小吃店,新北市蘆洲區正和街3號(1樓),周莊惠真,200000,,115/06/26,外縣市遷入,F501060 餐館業,新北市,變更,11506
01890950,港口商行,新北市板橋區褔德街１３號１樓,楊東霖,45000,,115/06/10,轉讓登記,F203010 食品什貨、飲料零售業,新北市,變更,11506
01927345,明園旅社,新北市樹林區博愛街6號4樓,張淑惠,100000,,115/06/09,轉讓登記,J901020 一般旅館業,新北市,變更,11506
01934057,宏橋企業社,新北市鶯歌區永明街23號1樓,王佩君,1045000,,115/06/10,增資變更,E601010 電器承裝業；E601020 電器安裝業；E603050 自動控制設備工程業；E604010 機械安裝業；E605010 電腦設備安裝業；EZ05010 儀器、儀表安裝工程業；F113010 機械批發業；F113020 電器批發業；F113050 電腦及事務性機器設備批發業；F119010 電子材料批發業；F213010 電器零售業；F213030 電腦及事務性機器設備零售業；F213080 機械器具零售業；F219010 電子材料零售業；I301010 資訊軟體服務業；ZZ99999 除許可業務外，得經營法令非禁止或限制之業務,新北市,變更,11506
01936858,東洋機車行,新北市板橋區新海路２號１樓,吳宗育,248000,,115/06/16,轉讓登記,F114030 汽、機車零件配備批發業；F214030 汽、機車零件配備零售業,新北市,變更,11506
01951251,裕昌汽車商行,新北市林口區文化北路2段699號之1,林若新,188888,,115/06/18,轉讓登記,F214030 汽、機車零件配備零售業；F214010 汽車零售業；JZ99050 仲介服務業；ZZ99999 除許可業務外，得經營法令非禁止或限制之業務,新北市,變更,11506
01952033,前衛派創意髮廊,新北市板橋區府中路１７１號１樓115年06月,李建隆,49000,,115/06/30,繼承登記,JZ99080 美容美髮服務業,新北市,變更,11506
01955545,仁志汽車商行,新北市樹林區佳園路2段95號,吳郁仁,240000,,115/06/10,所在地變更,F114030 汽、機車零件配備批發業（舊貨除外）；F214030 汽、機車零件配備零售業（舊貨除外）；F114050 車胎批發業（舊貨除外）；F214050 車胎零售業；F214010 汽車零售業（汽車修理業除外）（中古車除外）；JE01010 租賃業（貨櫃及特許業務除外）；JA01020 汽車拖吊業（汽車運輸業務除外）,新北市,變更,11506
02140148,東合工業社,新北市五股區中興路1段128巷32號5樓,江朝惠,45000,,115/06/30,轉讓登記,CA02990 其他金屬製品製造業；CB01990 其他機械製造業；CP01010 手工具製造業；CQ01010 模具製造業；F206010 五金零售業；F213080 機械器具零售業；F399040 無店面零售業；ZZ99999 除許可業務外，得經營法令非禁止或限制之業務,新北市,變更,11506
02232929,陽明莊小吃店,新北市三芝區楓子林46之2號(1樓),郭素珍,20000,,115/06/16,其他,F501060 餐館業,新北市,變更,11506
02257527,正賢機車行,新北市淡水區文化路６６號１樓,陳文賢,40000,,115/06/04,所營業務變更,F214030 汽、機車零件配備零售業；F214020 機車零售業；JA02020 機車修理業,新北市,變更,11506
02260804,清朝企業社,新北市三芝區三民街８巷３號２樓（現場僅作辦公室使用）115年06月,李冠廷,200000,,115/06/24,轉讓登記,E801010 室內裝潢業；F111090 建材批發業；F211010 建材零售業；F106010 五金批發業；F206010 五金零售業；F105050 家具、寢具、廚房器具、裝設品批發業；F205040 家具、寢具、廚房器具、裝設品零售業；E599010 配管工程業；E603040 消防安全設備安裝工程業；E801070 廚具、衛浴設備安裝工程業；E901010 油漆工程業；I503010 景觀、室內設計業；ZZ99999 除許可業務外，得經營法令非禁止或限制之業務,新北市,變更,11506
02383783,信寶企業社,新北市三重區中央南路95巷3號4樓,陳薇琳,240000,,115/06/15,負責人變更,E599010 配管工程業；E603120 噴砂工程業；E801010 室內裝潢業；E801020 門窗安裝工程業；E801070 廚具、衛浴設備安裝工程業；E901010 油漆工程業；I503010 景觀、室內設計業；J101040 廢棄物處理業；E903010 防蝕、防銹工程業；F401010 國際貿易業；IZ12010 人力派遣業；ZZ99999 除許可業務外，得經營法令非禁止或限制之業務,新北市,變更,11506
02427261,金亨汽車商行,新北市深坑區文化街22號,許珈瑄,200000,,115/06/24,轉讓登記,JA01010 汽車修理業；F214010 汽車零售業；F214030 汽、機車零件配備零售業；F214050 車胎零售業,新北市,變更,11506
08561644,新永吉木材行,新北市樹林區中山路2段76巷1號,林忠龍,45000,,115/06/09,轉讓登記,F211010 建材零售業；JA02990 其他修理業,新北市,變更,11506
08563306,創藝人美術社,新北市板橋區大觀路1段29巷61號之1,林春華,48000,,115/06/15,名稱變更,F105990 其他家具及裝設品批發業；F205020 裝設品零售業；F106020 日常用品批發業；F109070 文教、樂器、育樂用品批發業；F206020 日常用品零售業；F209060 文教、樂器、育樂用品零售業；ZZ99999 除許可業務外，得經營法令非禁止或限制之業務,新北市,變更,11506
09610432,克拉克照明工程行,新北市樹林區日新街172巷6號(1樓) 115年06月,林義結,1200000,,115/06/02,轉讓登記,E603090 照明設備安裝工程業（赴客戶處現場作業）；E801010 室內裝潢業（赴客戶處現場作業）；E801020 門窗安裝工程業（赴客戶處現場作業）；E801030 室內輕鋼架工程業（赴客戶處現場作業）；E801040 玻璃安裝工程業（赴客戶處現場作業）；E801070 廚具、衛浴設備安裝工程業（赴客戶處現場作業）；E601020 電器安裝業（赴客戶處現場作業）；E599010 配管工程業（赴客戶處現場作業）；F105050 家具、寢具、廚房器具、裝設品批發業；F106010 五金批發業；F107010 漆料、塗料批發業；F116010 照相器材批發業；F111090 建材批發業（建築材料不堆棧）；F106040 水器材料批發業,新北市,變更,11506
09611880,怡鋼企業社,新北市板橋區四維路266巷5弄17之2號（現場僅供辦公室使用）,范菊娥,200000,,115/06/04,其他,F205040 家具、寢具、廚房器具、裝設品零售業；F206010 五金零售業；F206020 日常用品零售業；F206040 水器材料零售業；F211010 建材零售業；F217010 消防安全設備零售業；F401010 國際貿易業；CA02990 其他金屬製品製造業；CQ01010 模具製造業,新北市,變更,11506
09695163,萬特企業社,新北市林口區文化一路1段252號4樓,蔡文彬,480000,,115/06/25,所營業務變更,E604010 機械安裝業；E801010 室內裝潢業；F111090 建材批發業；J101030 廢棄物清除業；J101040 廢棄物處理業；J101080 資源回收業；J101090 廢棄物清理業；J101990 其他環境衛生及污染防治服務業；J101110 營建剩餘土石方資源處理業；IZ12010 人力派遣業；JE01010 租賃業；ZZ99999 除許可業務外，得經營法令非禁止或限制之業務,新北市,變更,11506
09696114,世捷工程行,新北市中和區中山路２段５２３巷５６之１號１樓,林世傑,200000,,115/06/03,所營業務變更,E901010 油漆工程業；F107010 漆料、塗料批發業；F111090 建材批發業,新北市,變更,11506
09734460,采彤綉花坊,新北市中和區自立路2巷3號3樓,侯采彤,200000,,115/06/10,所在地變更,JZ99070 裁縫服務業,新北市,變更,11506
09773511,偉紘企業社,新北市中和區中正路266號12樓,高家偉,450000,,115/06/12,其他,F107030 清潔用品批發業；F111090 建材批發業；J101010 建築物清潔服務業；E801040 玻璃安裝工程業；E801020 門窗安裝工程業；E801010 室內裝潢業；E599010 配管工程業；F104110 布疋、衣著、鞋、帽、傘、服飾品批發業；F105050 家具、寢具、廚房器具、裝設品批發業；F106010 五金批發業；F113050 電腦及事務性機器設備批發業；F109070 文教、樂器、育樂用品批發業；F399040 無店面零售業；ZZ99999 除許可業務外，得經營法令非禁止或限制之業務,新北市,變更,11506
09857005,足發商行,新北市三重區大有街72號6樓115年06月,洪嘉足,100000,,115/06/29,所在地變更,F101040 家畜家禽批發業,新北市,變更,11506
10094717,勝德工程行,新北市新莊區長青街１１號４樓,黃金奮,200000,,115/06/15,轉讓登記,J101010 建築物清潔服務業；IZ12010 人力派遣業；I301010 資訊軟體服務業；E604010 機械安裝業；E603110 冷作工程業；E801010 室內裝潢業（建築物室內裝修業除外）；E603120 噴砂工程業；F220010 耐火材料零售業；I102010 投資顧問業；H701050 投資興建公共建設業,新北市,變更,11506
10346777,一票票藝術空間藝廊,新北市新店區花園一路4段41之3號3樓,彭康隆,200000,,115/06/15,外縣市遷入,F205040 家具、寢具、廚房器具、裝設品零售業；F105050 家具、寢具、廚房器具、裝設品批發業；F401010 國際貿易業；J399990 其他出版業；I401010 一般廣告服務業；I105010 藝術品諮詢顧問業；I199990 其他顧問服務業；I103060 管理顧問業；ZZ99999 除許可業務外，得經營法令非禁止或限制之業務,新北市,變更,11506
10564528,鈺富工程行,新北市中和區景平路190號7樓之2,黃柏壬,480000,,115/06/02,所在地變更,E599010 配管工程業；E601010 電器承裝業；E601020 電器安裝業；E603090 照明設備安裝工程業；F106010 五金批發業；F106040 水器材料批發業；F113020 電器批發業；F206010 五金零售業；F206040 水器材料零售業；F213010 電器零售業,新北市,變更,11506
10592215,亞太奇設計工作室,新北市泰山區新北大道5段121號6樓,蔡偉誠,200000,,115/06/22,所在地變更,I301030 電子資訊供應服務業；I401010 一般廣告服務業；I501010 產品設計業；ZZ99999 除許可業務外，得經營法令非禁止或限制之業務,新北市,變更,11506
10674829,尊富工業社,新北市樹林區三俊街１０７巷３號,沈家全,200000,,115/06/10,轉讓登記,CA02010 金屬結構及建築組件製造業；CA02030 螺絲、螺帽、螺絲釘、及鉚釘等製品製造業；F106010 五金批發業（限工廠產品）；F206010 五金零售業（限工廠產品）；F401010 國際貿易業（限工廠產品）；CB01010 機械設備製造業；F113010 機械批發業（限工廠產品）；F213080 機械器具零售業（限工廠產品）,新北市,變更,11506
13504623,信銓機車行,新北市淡水區中正東路2段39號115年06月,林崇基,120000,,115/06/04,所營業務變更,F214020 機車零售業；F214030 汽、機車零件配備零售業；F214050 車胎零售業；JA02020 機車修理業,新北市,變更,11506
13515115,泰興企業社,新北市樹林區俊安街24巷10弄6號(1樓),謝良男,90000,,115/06/24,繼承登記,CA01090 鋁鑄造業（代理代工業務）；F106010 五金批發業（限工廠產品）,新北市,變更,11506
13785877,壹八方小吃店,新北市新店區北新路1段255號,潘榮楠,100000,,115/06/17,組織變更,F501060 餐館業,新北市,變更,11506
14182712,聯達刻印社,新北市中和區景平路736巷5弄7號4樓,黃雅芬,58000,,115/06/18,所在地變更,JZ99100 刻印配鎖業,新北市,變更,11506
14508062,上流派報社,新北市林口區文化北路１段４１２巷７６號１樓（現場僅供辦公室使用）,張緣莘,400000,,115/06/29,轉讓登記,I401010 一般廣告服務業；I401020 廣告傳單分送業,新北市,變更,11506
14643187,米妮美容工作室,新北市中和區景新街385號2樓,吳庭誼,200000,,115/06/26,轉讓登記,JZ99080 美容美髮服務業,新北市,變更,11506
14887726,愛車臨時停車場,新北市永和區福和路201號6樓之2,張碩芬,150000,,115/06/05,繼承登記,G202010 停車場經營業,新北市,變更,11506
15763960,昇發小吃店,新北市三重區龍門路41號,呂世陽,200000,,115/06/30,負責人住居所變更,F501060 餐館業；F203010 食品、飲料零售業,新北市,變更,11506
15770673,佳聖工業社,新北市樹林區中正路２２０巷８號,蔡錦和,200000,,115/06/16,出資額變更,CA02030 螺絲、螺帽、螺絲釘、及鉚釘等製品製造業；CA02990 其他金屬製品製造業；CB01010 機械設備製造業；CA01090 鋁鑄造業；F106010 五金批發業（限工廠產品）,新北市,變更,11506
17288034,埃瑞克商行,新北市板橋區重慶路９１之１號,劉晁至,200000,,115/06/12,復業,F203010 食品、飲料零售業；F102040 飲料批發業；F102050 茶批發業；F102110 烘焙食品批發業,新北市,變更,11506
17535598,欣馳企業社,新北市深坑區深南路115號之1,陳榮宗,200000,,115/06/04,其他,IZ06010 理貨包裝業；ZZ99999 除許可業務外，得經營法令非禁止或限制之業務,新北市,變更,11506
18076918,鳳凰廣告美工社,新北市新莊區八德街78巷5號,侯志伽,50000,,115/06/08,轉讓登記,I401010 一般廣告服務業,新北市,變更,11506
18080928,展雄機車行,新北市蘆洲區長安街349號1樓,陳李麗燕,30000,,115/06/26,轉讓登記,F214020 機車零售業；F214050 車胎零售業；J101990 其他環境衛生及污染防治服務業,新北市,變更,11506
18463946,華民車業行,新北市板橋區民生路2段222號,劉哲志,200000,,115/06/18,所在地變更,F214020 機車零售業；J101990 其他環境衛生及污染防治服務業；JA02020 機車修理業；F214030 汽、機車零件配備零售業；IZ99990 其他工商服務業；F114030 汽、機車零件配備批發業,新北市,變更,11506
19427835,尚昇燈光音響企業社,新北市鶯歌區永吉街46巷61號,陳進志,50000,,115/06/18,名稱變更,JZ99090 喜慶綜合服務業；J602010 演藝活動業(俟領得特許證件後始得營業),新北市,變更,11506
19427899,名勝水電行,新北市中和區市民街51巷30號2樓115年06月,林宗鵬,200000,,115/06/29,所在地變更,F206040 水器材料零售業；F106040 水器材料批發業；F206010 五金零售業；F106010 五金批發業；F213010 電器零售業；F113020 電器批發業（特許業務及管制品除外）,新北市,變更,11506
19740188,竹林美容院,新北市永和區竹林路125之1號(2樓),簡福將,10000,,115/06/02,轉讓登記,JZ99080 美容美髮服務業,新北市,變更,11506
19870800,順祺企業社,新北市三重區中正北路171號5樓,翁素蓮,200000,,115/06/02,所營業務變更,CQ01010 模具製造業；CP01010 手工具製造業；CB01010 機械設備製造業；F106010 五金批發業；F206010 五金零售業；F106030 模具批發業；F206030 模具零售業；F106040 水器材料批發業；F206040 水器材料零售業；F113020 電器批發業；F213010 電器零售業；F111090 建材批發業；F113010 機械批發業；F119010 電子材料批發業；F299990 其他零售業；E604010 機械安裝業；CB01990 其他機械製造業；CC01010 發電﹑輸電﹑配電機械製造業；CC01990 其他電機及電子機械器材製造業；E502010 燃料導管安裝工程業；E599010 配管工程業；E603010 電纜安裝工程業；E603050 自動控制設備工程業；E603090 照明設備安裝工程業；E801070 廚具、衛浴設備安裝工程業；JA02010 電器及電子產品修理業；ZZ99999 除許可業務外，得經營法令非禁止或限制之業務,新北市,變更,11506
20481907,祥哲企業社,新北市五股區四維路155巷24號(1樓),高山文,200000,,115/06/03,轉讓登記,CQ01010 模具製造業；F106010 五金批發業；F106030 模具批發業；F206010 五金零售業；F206030 模具零售業；F401010 國際貿易業；ZZ99999 除許可業務外，得經營法令非禁止或限制之業務,新北市,變更,11506
21550206,聖保龍名床坊,新北市蘆洲區長榮路641號(1樓),楊樹盛,240000,,115/06/25,所在地變更,F205040 家具、寢具、廚房器具、裝設品零售業；F105050 家具、寢具、廚房器具、裝設品批發業,新北市,變更,11506
21564530,滋味嘉小吃店,新北市鶯歌區建國路108號(鶯歌公有零售市場),羅濬瑜,10000,,115/06/11,所營業務變更,F501060 餐館業；F501030 飲料店業,新北市,變更,11506
21573427,陶笛阿志店,新北市新莊區中正路145之17號2樓115年06月,游學志,100000,,115/06/03,所在地變更,F105050 家具、寢具、廚房器具、裝設品批發業；F115010 首飾及貴金屬批發業；F115020 礦石批發業；F109070 文教、樂器、育樂用品批發業,新北市,變更,11506
26218073,冠良實業社,新北市林口區文林三街63號,陳亮廷,240000,,115/06/16,出資額變更,F113010 機械批發業；F213080 機械器具零售業；E604010 機械安裝業；E603100 電焊工程業；E603110 冷作工程業；ZZ99999 除許可業務外，得經營法令非禁止或限制之業務,新北市,變更,11506
26247773,越芳蘭餐廳,新北市五股區新城一路82號7樓,林勝賢,200000,,115/06/05,轉讓登記,F501060 餐館業；F501030 飲料店業；F203010 食品什貨、飲料零售業；F203020 菸酒零售業；ZZ99999 除許可業務外，得經營法令非禁止或限制之業務,新北市,變更,11506
26508360,瑞芳綠茶店,新北市瑞芳區明燈路3段53號(1樓),黃聖雁,100000,,115/06/30,轉讓登記,F501030 飲料店業；F399040 無店面零售業；ZZ99999 除許可業務外，得經營法令非禁止或限制之業務,新北市,變更,11506
26518424,金群工程行,新北市板橋區長安街255巷46號,林義鈞,240000,,115/06/03,出資額變更,F106010 五金批發業；F111090 建材批發業；F113010 機械批發業；F206010 五金零售業；F211010 建材零售業；F401010 國際貿易業；E801010 室內裝潢業；E801020 門窗安裝工程業；E901010 油漆工程業；ZZ99999 除許可業務外，得經營法令非禁止或限制之業務,新北市,變更,11506
26534368,金日盛電子材料行,新北市新莊區新崑路129號,何金銀,200000,,115/06/30,所在地變更,F113010 機械批發業；F113030 精密儀器批發業；F113050 電腦及事務性機器設備批發業；F113990 其他機械器具批發業；F119010 電子材料批發業；F213030 電腦及事務性機器設備零售業；F213040 精密儀器零售業；F213080 機械器具零售業；F213990 其他機械器具零售業；F219010 電子材料零售業；F401010 國際貿易業；ZZ99999 除許可業務外，得經營法令非禁止或限制之業務,新北市,變更,11506
26540811,亞東綠茶店,新北市板橋區四川路2段41號1樓115年06月,黃淑韻,100000,,115/06/30,轉讓登記,F501030 飲料店業；ZZ99999 除許可業務外，得經營法令非禁止或限制之業務,新北市,變更,11506
26541229,得寵寵物店,新北市永和區成功路2段117號,李乙恩,100000,,115/06/25,所營業務變更,F106060 寵物食品及其用品批發業；F206050 寵物食品及其用品零售業；F201010 農產品零售業；F201020 畜產品零售業；F201030 水產品零售業；F203010 食品什貨、飲料零售業；F206020 日常用品零售業；F399040 無店面零售業；F399990 其他綜合零售業；JZ99180 寵物美容服務業；JZ99080 美容美髮服務業；ZZ99999 除許可業務外，得經營法令非禁止或限制之業務,新北市,變更,11506
26721947,元契食品行,新北市新莊區新莊路313巷1之3號,張翼鑛,200000,,115/06/26,所在地變更,F201010 農產品零售業；F203010 食品什貨、飲料零售業；F213010 電器零售業,新北市,變更,11506
26735787,益智油漆工程行,新北市蘆洲區民權路131巷5號(1樓),洪子益,10000000,,115/06/02,增資變更,E901010 油漆工程業；E801010 室內裝潢業；E801020 門窗安裝工程業；E903010 防蝕、防銹工程業；F105050 家具、寢具、廚房器具、裝設品批發業；ZZ99999 除許可業務外，得經營法令非禁止或限制之業務,新北市,變更,11506
26764620,紅蔥頭麵食館,新北市中和區中山路3段136巷47號3樓,彭紀燕,200000,,115/06/04,所在地變更,F501030 飲料店業；F501060 餐館業；F501990 其他餐飲業；F203010 食品什貨、飲料零售業；J202010 產業育成業,新北市,變更,11506
26966739,鋐曄企業社,新北市鶯歌區中正一路238號4樓,黃玎瑋,10000,,115/06/29,外縣市遷入,F213080 機械器具零售業；F213110 電池零售業；F213990 其他機械器具零售業；F214050 車胎零售業；F214990 其他交通運輸工具及其零件零售業；F214010 汽車零售業；F214030 汽、機車零件配備零售業；F219010 電子材料零售業；F299990 其他零售業；F401010 國際貿易業；JA01010 汽車修理業；JA01990 其他汽車服務業；JA02990 其他修理業；JE01010 租賃業；ZZ99999 除許可業務外，得經營法令非禁止或限制之業務,新北市,變更,11506
29253475,宇宸企業社,新北市樹林區東順街36巷3號115年06月,王仲仁,240000,,115/06/04,轉讓登記,I501010 產品設計業；F106030 模具批發業；F107190 塑膠膜、袋批發業；C805050 工業用塑膠製品製造業,新北市,變更,11506
29260996,富鑫禮品旗幟社,新北市三重區名源街53號115年06月,吳國珍,1000000,,115/06/24,所在地變更,I401010 一般廣告服務業；F299990 其他零售業（獎杯獎牌旗幟布條等）；F199990 其他批發業（獎杯獎牌旗幟布條等）,新北市,變更,11506
29316078,金水工程行,新北市新店區寶興路60巷50號2樓（現場僅供辦公室使用）115年06月,馮懷中,5000000,,115/06/09,所營業務變更,E603100 電焊工程業；E599010 配管工程業；E601010 電器承裝業；E601020 電器安裝業；E603040 消防安全設備安裝工程業；E603090 照明設備安裝工程業；EZ15010 保溫、保冷安裝工程業；F111090 建材批發業；JE01010 租賃業；I301010 資訊軟體服務業；I301020 資料處理服務業；I301030 電子資訊供應服務業；E501011 自來水管承裝商；E603050 自動控制設備工程業；EZ05010 儀器、儀表安裝工程業；E604010 機械安裝業；CB01010 機械設備製造業；ZZ99999 除許可業務外，得經營法令非禁止或限制之業務；E701010 電信工程業；E701040 簡易電信設備安裝業；E901010 油漆工程業；E903010 防蝕、防銹工程業；E603010 電纜安裝工程業；IG03010 能源技術服務業；IZ12010 人力派遣業；A101020 農作物栽培業；A101040 食用菌菇類栽培業；A201040 森林遊樂區經營業；F106010 五金批發業；F107050 肥料批發業；F113010 機械批發業；F113030 精密儀器批發業；F114030 汽、機車零件配備批發業；F119010 電子材料批發業；F201010 農產品零售業；F203010 食品什貨、飲料零售業；F203020 菸酒零售業；F206010 五金零售業；F213040 精密儀器零售業；F213080 機械器具零售業；F214030 汽、機車零件配備零售業；F217010 消防安全設備零售業；F219010 電子材料零售業；F301020 超級市場業；F401010 國際貿易業；F501060 餐館業；F601010 智慧財產權業；J801010 高爾夫球場業；J901020 一般旅館業；JB01010 會議及展覽服務業；F201070 花卉零售業；IG01010 生物技術服務業；J101010 建築物清潔服務業；J101030 廢棄物清除業；J101040 廢棄物處理業；J101050 環境檢測服務業；J101060 廢（污）水處理業；J101070 放射性廢料處理服務業；J101090 廢棄物清理業；J101990 其他環境衛生及污染防治服務業；C105010 食用油脂製造業；C111010 製茶業；F206050 寵物食品及其用品零售業；J101080 資源回收業；F102020 食用油脂批發業；A102080 園藝服務業；A199990 其他農業；A301030 水產養殖業；A399990 其他漁業；A401010 畜牧場經營業；A401020 家畜禽飼育業；A401040 畜牧服務業；A401060 其他動物服務業；H701010 住宅及大樓開發租售業；H701020 工業廠房開發租售業；H701050 投資興建公共建設業；H701070 區段徵收及市地重劃代辦業；H703090 不動產買賣業；H703100 不動產租賃業；H703110 老人住宅業；C110010 飲料製造業；C199030 即食餐食製造業；E605010 電腦設備安裝業；F102040 飲料批發業；F102170 食品什貨批發業；F118010 資訊軟體批發業；F113050 電腦及事務性機器設備批發業；F206020 日常用品零售業；F213030 電腦及事務性機器設備零售業；F213990 其他機械器具零售業；F218010 資訊軟體零售業；F299990 其他零售業；F301010 百貨公司業；F399040 無店面零售業；F399990 其他綜合零售業；F501030 飲料店業；F501990 其他餐飲業；G202010 停車場經營業；H701060 新市鎮、新社區開發業；I101090 食品顧問業；I102010 一般投資顧問業,新北市,變更,11506
29352812,紫衣草休閒坊,新北市金山區中正路106號1樓,何文正,100000,,115/06/20,組織變更,F501030 飲料店業；F501060 餐館業,新北市,變更,11506
29354467,吉特鞋店,新北市蘆洲區中山一路73號,曾美華,200000,,115/06/11,所營業務變更,F204110 布疋、衣著、鞋、帽、傘、服飾品零售業；F104110 布疋、衣著、鞋、帽、傘、服飾品批發業；F105050 家具、寢具、廚房器具、裝設品批發業；F205040 家具、寢具、廚房器具、裝設品零售業,新北市,變更,11506
29355472,詠暘企業社,新北市三重區光復路1段68巷16號(1樓),陳守柎,200000,,115/06/02,名稱變更,F204110 布疋、衣著、鞋、帽、傘、服飾品零售業；F205040 家具、寢具、廚房器具、裝設品零售業；F104110 布疋、衣著、鞋、帽、傘、服飾品批發業；F105050 家具、寢具、廚房器具、裝設品批發業；JZ99990 未分類其他服務業,新北市,變更,11506
29362121,優仕美企業社,新北市永和區竹林路225巷50號,黃易煦,200000,,115/06/15,轉讓登記,J101990 其他環境衛生及污染防治服務業（特許業務除外）；F207030 清潔用品零售業；I401010 一般廣告服務業；I301030 電子資訊供應服務業（不含擷取網路遊戲軟體供人遊戲）；I301020 資料處理服務業；I301010 資訊軟體服務業,新北市,變更,11506
30113993,凱聯工程行,新北市蘆洲區民族路４２２巷１４２號１樓,王宥翔,200000,,115/06/04,轉讓登記,E599010 配管工程業（赴客戶處現場作業）；E601010 電器承裝業（赴客戶處現場作業）；E601020 電器安裝業（赴客戶處現場作業）；EZ15010 保溫、保冷安裝工程業（赴客戶處現場作業）；JA02010 電器及電子產品修理業,新北市,變更,11506
30128118,富貴角企業社,新北市土城區金城路3段225號(1樓) 115年06月,潘信良,200000,,115/06/02,所營業務變更,F214030 汽、機車零件配備零售業；F206020 日常用品零售業；J101010 建築物清潔服務業；A102080 園藝服務業；ZZ99999 除許可業務外，得經營法令非禁止或限制之業務,新北市,變更,11506
30128237,蘇家鵝肉殿小吃店,新北市新莊區思源路451號,蘇明燦,200000,,115/06/01,轉讓登記,F501060 餐館業,新北市,變更,11506
30190983,馨惠工作室,新北市汐止區伯爵街35巷16號,吳佳琪,20000,,115/06/17,所在地變更,F208040 化粧品零售業,新北市,變更,11506
30274821,文喆實業社,新北市三重區菜寮里光明路4號1樓,陳亦廷,240000,,115/06/17,負責人變更,F209060 文教、樂器、育樂用品零售業；F204110 布疋、衣著、鞋、帽、傘、服飾品零售業；F206020 日常用品零售業；F206030 模具零售業；JA02990 其他修理業；F201010 農產品零售業；F203010 食品什貨、飲料零售業；F399040 無店面零售業；F401010 國際貿易業；F109070 文教、樂器、育樂用品批發業；F104110 布疋、衣著、鞋、帽、傘、服飾品批發業；F106020 日常用品批發業；F106030 模具批發業；F101130 蔬果批發業；F102170 食品什貨批發業；ZZ99999 除許可業務外，得經營法令非禁止或限制之業務,新北市,變更,11506
30278713,登富企業社,新北市八里區忠孝路80號（1樓）,柯岱汝,200000,,115/06/03,轉讓登記,F399010 便利商店業；ZZ99999 除許可業務外，得經營法令非禁止或限制之業務,新北市,變更,11506
30290049,比比企業社,新北市樹林區學府路328號,翁振銘,200000,,115/06/16,轉讓登記,I103060 管理顧問業；ZZ99999 除許可業務外，得經營法令非禁止或限制之業務,新北市,變更,11506
30299554,隆程仕建築工作室,新北市板橋區板新路57號9樓,楊千宥,200000,,115/06/12,所在地變更,F204110 布疋、衣著、鞋、帽、傘、服飾品零售業；F104110 布疋、衣著、鞋、帽、傘、服飾品批發業；F106020 日常用品批發業；F108040 化粧品批發業；F206020 日常用品零售業；F208040 化粧品零售業；F102170 食品什貨批發業；F203010 食品什貨、飲料零售業；I401010 一般廣告服務業；E801010 室內裝潢業；I503010 景觀、室內設計業,新北市,變更,11506
30314915,潔凌清潔工程行,新北市汐止區福德一路106巷8號5樓115年06月,程淑梅,238000,,115/06/23,所在地變更,J101010 建築物清潔服務業；J101020 病媒防治業；J101090 廢棄物清理業；ZZ99999 除許可業務外，得經營法令非禁止或限制之業務,新北市,變更,11506
30363078,旭志水電工程行,新北市中和區連城路469巷21弄1號(1樓),鄭旭志,200000,,115/06/03,所在地變更,F106040 水器材料批發業；F113020 電器批發業；F111090 建材批發業；F105050 家具、寢具、廚房器具、裝設品批發業；E801010 室內裝潢業；E601020 電器安裝業；E599010 配管工程業；E603040 消防安全設備安裝工程業；J101060 廢（污）水處理業；ZZ99999 除許可業務外，得經營法令非禁止或限制之業務,新北市,變更,11506
30392284,一級棒串燒商行,新北市永和區保福路1段23巷18號1樓,詹聰德,60000,,115/06/02,其他,F501990 其他餐飲業,新北市,變更,11506
31445339,聯慶企業社,新北市中和區景新街223號,陳淑堅,200000,,115/06/09,所營業務變更,F104110 布疋、衣著、鞋、帽、傘、服飾品批發業；F204110 布疋、衣著、鞋、帽、傘、服飾品零售業；ZZ99999 除許可業務外，得經營法令非禁止或限制之業務；E599010 配管工程業；E601020 電器安裝業；E801010 室內裝潢業；E801020 門窗安裝工程業；E801030 室內輕鋼架工程業；E801040 玻璃安裝工程業；E801070 廚具、衛浴設備安裝工程業；E901010 油漆工程業；EZ07010 鑽孔工程業；EZ99990 其他工程業；F105050 家具、寢具、廚房器具、裝設品批發業；F205040 家具、寢具、廚房器具、裝設品零售業；F111090 建材批發業；F113020 電器批發業；F120010 耐火材料批發業；F211010 建材零售業；F213010 電器零售業；F220010 耐火材料零售業；F401010 國際貿易業；I501010 產品設計業；I503010 景觀設計業；I599990 其他設計業,新北市,變更,11506
31685668,金福安企業社,新北市樹林區新興街1巷11號3樓,林憶婷,200000,,115/06/10,所在地變更,F399010 便利商店業；ZZ99999 除許可業務外，得經營法令非禁止或限制之業務,新北市,變更,11506
31685864,呈品商行,新北市三峽區大同路79號115年06月,陳敏琪,200000,,115/06/24,轉讓登記,F203010 食品什貨、飲料零售業；F501060 餐館業；ZZ99999 除許可業務外，得經營法令非禁止或限制之業務,新北市,變更,11506
31696671,全旺香業,新北市中和區南山路57號,陳彥霖,30000,,115/06/25,轉讓登記,F206060 祭祀用品零售業；F205040 家具、寢具、廚房器具、裝設品零售業；F208040 化粧品零售業；F399040 無店面零售業；ZZ99999 除許可業務外，得經營法令非禁止或限制之業務,新北市,變更,11506
31704530,子華商行,新北市新店區寶興路40號1樓,張佳音,240000,,115/06/18,轉讓登記,F201070 花卉零售業；F203010 食品什貨、飲料零售業；F203020 菸酒零售業；F204110 布疋、衣著、鞋、帽、傘、服飾品零售業；F206020 日常用品零售業；F208040 化粧品零售業；F209060 文教、樂器、育樂用品零售業；F399990 其他綜合零售業；F501030 飲料店業；F501060 餐館業,新北市,變更,11506
31954353,利屹商行,新北市新莊區中泰街62巷4號,潘涵稘,200000,,115/06/22,外縣市遷入,JZ99080 美容美髮服務業；F208040 化粧品零售業；F203010 食品什貨、飲料零售業,新北市,變更,11506
34147735,信厚行,新北市中和區華福街４２巷１弄１號,張庭瑋,3000,,115/06/17,繼承登記,F206020 日常用品零售業；F203010 食品什貨、飲料零售業；F203020 菸酒零售業；F201010 農產品零售業；F501060 餐館業；JA02010 電器及電子產品修理業,新北市,變更,11506
34725019,順仁西藥行,新北市中和區中山路２段３１２巷１２號１樓,張正賢,500000,,115/06/26,所營業務變更,F208021 西藥零售業；F108021 西藥批發業,新北市,變更,11506
34751655,奕品企業社,新北市中和區忠孝街2巷14弄20號3樓,呂俊明,200000,,115/06/01,所營業務變更,F113050 電腦及事務性機器設備批發業；F213030 電腦及事務性機器設備零售業；F109070 文教、樂器、育樂用品批發業；IZ01010 影印業；JE01010 租賃業；F118010 資訊軟體批發業；I301010 資訊軟體服務業；F105050 家具、寢具、廚房器具、裝設品批發業；E801010 室內裝潢業；F205040 家具、寢具、廚房器具、裝設品零售業；ZZ99999 除許可業務外，得經營法令非禁止或限制之業務,新北市,變更,11506
34755478,莒光綠茶店,新北市板橋區莒光路14號1樓115年06月,林家琪,150000,,115/06/30,轉讓登記,F501030 飲料店業；F399040 無店面零售業；ZZ99999 除許可業務外，得經營法令非禁止或限制之業務,新北市,變更,11506
34757742,芫茂火鍋城,新北市新莊區中原路31號,王文服,200000,,115/06/10,合夥人變更,F501060 餐館業；F101050 水產品批發業；F101130 蔬果批發業；F201010 農產品零售業；F203010 食品什貨、飲料零售業；F203020 菸酒零售業；ZZ99999 除許可業務外，得經營法令非禁止或限制之業務,新北市,變更,11506
34762576,鑫松車行,新北市三重區光復路2段87巷6之1號,陳鑫松,200000,,115/06/17,所在地變更,F214030 汽、機車零件配備零售業；JA01010 汽車修理業,新北市,變更,11506
34779210,朝日工程行,新北市樹林區柑園街2段342巷26號3樓,李哲瑋,200000,,115/06/29,轉讓登記,F106010 五金批發業；F106040 水器材料批發業；F111090 建材批發業；F113020 電器批發業；F119010 電子材料批發業；EZ99990 其他工程業；E801010 室內裝潢業；ZZ99999 除許可業務外，得經營法令非禁止或限制之業務,新北市,變更,11506
35432876,大有當舖,新北市三重區自強路2段20之1號(1樓),莊廷翔,1500000,,115/06/17,轉讓登記,H203011 當舖業,新北市,變更,11506
35502134,嘉美西點麵包行,新北市新莊區中港路23號,劉豐銘,3000,,115/06/25,轉讓登記,C104020 烘焙食品業,新北市,變更,11506
35875990,善利生命禮儀社,新北市新莊區武前街３之２號（現場僅供辦公室使用）,童春木,50000,,115/06/01,復業,F299990 其他零售業（棺木骨灰甕骨灰罐）（不得陳列貯存販賣堆置壽具等相關項目）；F101100 花卉批發業；F199990 其他批發業（骨灰甕骨灰罐）（不得陳列貯存販賣堆置壽具等相關項目）；F104110 布疋、衣著、鞋、帽、傘、服飾品批發業；F106070 祭祀用品批發業（喪葬用品及爆竹除外）；JZ99151 殯葬禮儀服務業（不得陳列貯存販賣堆置壽具等相關項目）；H701030 殯葬場所開發租售業（不得陳列貯存販賣堆置壽具等相關項目）；A101050 花卉栽培業；I503010 景觀、室內設計業；I103060 管理顧問業；JZ99050 仲介服務業；IZ12010 人力派遣業,新北市,變更,11506
36180821,順發實業社鄭陳秀孌,新北市三重區安慶街249號(1樓) 115年06月,,200000,,115/06/08,所營業務變更,F106030 模具批發業；F113030 精密儀器批發業；F113060 度量衡器批發業；CE01010 一般儀器製造業；CE01030 光學儀器製造業；CE01990 其他光學及精密器械製造業；ZZ99999 除許可業務外，得經營法令非禁止或限制之業務,新北市,變更,11506
37168705,新益昌中藥房,新北市金山區中山路209號,張黃堯,100000,,115/06/30,轉讓登記,F208011 中藥零售業；F208050 乙類成藥零售業,新北市,變更,11506
37877761,順玉工程行,新北市土城區大安路16巷8號5樓,張雅婷,200000,,115/06/15,所在地變更,EZ99990 其他工程業；F111090 建材批發業；F106010 五金批發業；F211010 建材零售業；IZ12010 人力派遣業；ZZ99999 除許可業務外，得經營法令非禁止或限制之業務,新北市,變更,11506
37885397,驚嘆號早餐店,新北市汐止區新興路78號(1樓),高永文,200000,,115/06/15,復業,F203010 食品什貨、飲料零售業；F501030 飲料店業；F501060 餐館業；F501990 其他餐飲業；ZZ99999 除許可業務外，得經營法令非禁止或限制之業務,新北市,變更,11506
37895450,鼎冠小吃店,新北市三峽區大學路86之3號,林瓊莞,240000,,115/06/03,出資額變更,F501060 餐館業；F203010 食品什貨、飲料零售業；ZZ99999 除許可業務外，得經營法令非禁止或限制之業務,新北市,變更,11506
37896113,厚品機械企業社,新北市新莊區思源路311號4樓,高凱華,200000,,115/06/05,所營業務變更,F213080 機械器具零售業；E604010 機械安裝業；JE01010 租賃業；JA02990 其他修理業；ZZ99999 除許可業務外，得經營法令非禁止或限制之業務；F209060 文教、樂器、育樂用品零售業；IZ06010 理貨包裝業；G799990 其他運輸輔助業；F401010 國際貿易業,新北市,變更,11506
37900545,迅展水電工程行,新北市板橋區互助街39巷7號115年06月,鄧雲春,200000,,115/06/03,所在地變更,E599010 配管工程業；E601010 電器承裝業；E601020 電器安裝業；E603040 消防安全設備安裝工程業；E603090 照明設備安裝工程業；E801010 室內裝潢業；E801020 門窗安裝工程業；E801030 室內輕鋼架工程業；E801040 玻璃安裝工程業；E801070 廚具、衛浴設備安裝工程業；E901010 油漆工程業；F106010 五金批發業；F106040 水器材料批發業；F111090 建材批發業；F113020 電器批發業；F117010 消防安全設備批發業；F401010 國際貿易業；ZZ99999 除許可業務外，得經營法令非禁止或限制之業務,新北市,變更,11506
38458338,七好實業社,新北市淡水區新市一路2段262號4樓,許雅芬,200000,,115/06/10,外縣市遷入,J305010 有聲出版業；J399010 軟體出版業；J602010 演藝活動業；JZ99990 未分類其他服務業；I401010 一般廣告服務業；F399040 無店面零售業；F601010 智慧財產權業；ZZ99999 除許可業務外，得經營法令非禁止或限制之業務,新北市,變更,11506
38469145,駿宏實業工程行,新北市中和區建三路32號,葉弘瑋,200000,,115/06/22,名稱變更,E801040 玻璃安裝工程業；C901020 玻璃及玻璃製品製造業；E801010 室內裝潢業；E801030 室內輕鋼架工程業；E801020 門窗安裝工程業；E903010 防蝕、防銹工程業；F106010 五金批發業；F107010 漆料、塗料批發業；F111090 建材批發業；F401010 國際貿易業；CA01090 鋁鑄造業；CA01100 鋁材軋延、伸線、擠型業；CA01020 鋼鐵軋延及擠型業；CA01050 鋼材二次加工業；CA01990 其他非鐵金屬基本工業；CA02010 金屬結構及建築組件製造業；CA04010 表面處理業；E603100 電焊工程業；E604010 機械安裝業；EZ99990 其他工程業；F211010 建材零售業；IZ12010 人力派遣業；ZZ99999 除許可業務外，得經營法令非禁止或限制之業務,新北市,變更,11506
38503642,明旺工程行,新北市新莊區福美街62巷55號12樓115年06月,謝孝旺,3000000,,115/06/24,外縣市遷入,E801010 室內裝潢業；E801020 門窗安裝工程業；E801030 室內輕鋼架工程業；E801040 玻璃安裝工程業；F111090 建材批發業；F115020 礦石批發業；F211010 建材零售業；F215020 礦石零售業；I503010 景觀設計業；J101010 建築物清潔服務業；IZ99990 其他工商服務業；ZZ99999 除許可業務外，得經營法令非禁止或限制之業務；EZ99990 其他工程業,新北市,變更,11506
38504987,創睦食品烘培坊,新北市瑞芳區金光路134號,葉侖卉,180000,,115/06/30,外縣市遷入,F501060 餐館業；F501030 飲料店業；F203010 食品什貨、飲料零售業；C104020 烘焙炊蒸食品製造業；F401010 國際貿易業,新北市,變更,11506
38569411,炎慶工程行,新北市中和區德光路77巷23號5樓,郭又榛,240000,,115/06/11,所在地變更,E599010 配管工程業；E601010 電器承裝業；E601020 電器安裝業；E603010 電纜安裝工程業；E603100 電焊工程業；E801010 室內裝潢業；E801030 室內輕鋼架工程業；E901010 油漆工程業；E903010 防蝕、防銹工程業；EZ15010 保溫、保冷安裝工程業；F106010 五金批發業；F111090 建材批發業；F206010 五金零售業；F211010 建材零售業；F401010 國際貿易業；I503010 景觀、室內設計業；J101010 建築物清潔服務業；ZZ99999 除許可業務外，得經營法令非禁止或限制之業務,新北市,變更,11506
38574028,順益汽車商行,新北市汐止區伯爵街93巷32號,周國華,200000,,115/06/15,轉讓登記,F214030 汽、機車零件配備零售業；G202010 停車場經營業；I401010 一般廣告服務業；IZ12010 人力派遣業；JA01020 汽車拖吊業；JA01990 其他汽車服務業；JE01010 租賃業；ZZ99999 除許可業務外，得經營法令非禁止或限制之業務,新北市,變更,11506
41054535,祺郁企業社,新北市淡水區中正東路39號,朱元祺,200000,,115/06/25,組織變更,F501060 餐館業；F203010 食品什貨、飲料零售業；ZZ99999 除許可業務外，得經營法令非禁止或限制之業務,新北市,變更,11506
41062514,域連企業社,新北市中和區連城路223號(1樓) 115年06月,徐聖崴,200000,,115/06/24,轉讓登記,F203010 食品什貨、飲料零售業；F209060 文教、樂器、育樂用品零售業；F213030 電腦及事務性機器設備零售業；J701020 遊樂園業；JE01010 租賃業；I301030 電子資訊供應服務業；ZZ99999 除許可業務外，得經營法令非禁止或限制之業務,新北市,變更,11506
41062774,玖宅工程行,新北市三重區仁愛街357巷45號3樓,蔡炎明,200000,,115/06/16,所在地變更,F111090 建材批發業；F211010 建材零售業；F106010 五金批發業；EZ99990 其他工程業；E903010 防蝕、防銹工程業；E801010 室內裝潢業；ZZ99999 除許可業務外，得經營法令非禁止或限制之業務,新北市,變更,11506
41068003,新村商行,新北市新店區禾豐二路62巷19號,姜秉宏,2000000,,115/06/24,所在地變更,F399040 無店面零售業；F204110 布疋、衣著、鞋、帽、傘、服飾品零售業；F104110 布疋、衣著、鞋、帽、傘、服飾品批發業；F208040 化粧品零售業；F108040 化粧品批發業；F401010 國際貿易業；ZZ99999 除許可業務外，得經營法令非禁止或限制之業務,新北市,變更,11506
41073929,品恩企業社,新北市土城區中華路1段27號2樓115年06月,鄧秋君,100000,,115/06/17,所在地變更,E605010 電腦設備安裝業；F104110 布疋、衣著、鞋、帽、傘、服飾品批發業；F109070 文教、樂器、育樂用品批發業；F113020 電器批發業；F113050 電腦及事務性機器設備批發業；F204110 布疋、衣著、鞋、帽、傘、服飾品零售業；F209060 文教、樂器、育樂用品零售業；F213010 電器零售業；F213030 電腦及事務性機器設備零售業；E801010 室內裝潢業；EZ99990 其他工程業；ZZ99999 除許可業務外，得經營法令非禁止或限制之業務；F102170 食品什貨批發業；F106020 日常用品批發業；F108040 化粧品批發業；F203010 食品什貨、飲料零售業；F206020 日常用品零售業；F208040 化粧品零售業；F399040 無店面零售業；F399990 其他綜合零售業；F401010 國際貿易業,新北市,變更,11506
41088140,不作設計文創空間事業,新北市新店區中正路309之1號(1樓) 115年06月,楊麗香,200000,,115/06/24,復業,F104110 布疋、衣著、鞋、帽、傘、服飾品批發業；F105050 家具、寢具、廚房器具、裝設品批發業；F106010 五金批發業；F111090 建材批發業；F204110 布疋、衣著、鞋、帽、傘、服飾品零售業；F205040 家具、寢具、廚房器具、裝設品零售業；F206010 五金零售業；F401010 國際貿易業；F601010 智慧財產權業；I105010 藝術品諮詢顧問業；I199990 其他顧問服務業；I301010 資訊軟體服務業；I301020 資料處理服務業；I301030 電子資訊供應服務業；I401010 一般廣告服務業；I501010 產品設計業；I502010 服飾設計業；I503010 景觀設計業；I504010 花藝設計業；I599990 其他設計業；IG02010 研究發展服務業；IZ15010 市場研究及民意調查業；J303010 雜誌（期刊）出版業；JB01010 會議及展覽服務業；JZ99030 攝影業；CA02010 金屬結構及建築組件製造業；CA02080 金屬鍛造業；CA02990 其他金屬製品製造業；CG01010 珠寶及貴金屬製品製造業；CN01010 家具及裝設品製造業；E801010 室內裝潢業；J304010 圖書出版業；C703010 印刷品裝訂及加工業；C701010 印刷業；IZ01010 影印業；J601010 藝文服務業；J602010 演藝活動業；J603010 音樂展演空間業；ZZ99999 除許可業務外，得經營法令非禁止或限制之業務,新北市,變更,11506
41098533,靈之銀全球企業社,新北市汐止區茄苳路208號7樓,胡長浩,100000,,115/06/30,所在地變更,F104110 布疋、衣著、鞋、帽、傘、服飾品批發業；F115010 首飾及貴金屬批發業；F204110 布疋、衣著、鞋、帽、傘、服飾品零售業；F215010 首飾及貴金屬零售業；F399040 無店面零售業；F401010 國際貿易業；ZZ99999 除許可業務外，得經營法令非禁止或限制之業務,新北市,變更,11506
41172961,優活泰式美容莊園會館,新北市三重區重陽路3段170號(1至3樓),林楷哲,240000,,115/06/03,轉讓登記,F208040 化粧品零售業；F501030 飲料店業；JF01020 按摩業；JF01030 腳底按摩業；J799990 其他休閒服務業；ZZ99999 除許可業務外，得經營法令非禁止或限制之業務,新北市,變更,11506
41215336,欣樂早午餐,新北市中和區新生街178號(1樓),陳沛穎,150000,,115/06/03,所在地變更,F501060 餐館業；F501030 飲料店業,新北市,變更,11506
41218349,富宜旺企業社,新北市土城區明德路1段353號,鄭佳榆,50000,,115/06/22,轉讓登記,F204110 布疋、衣著、鞋、帽、傘、服飾品零售業；F205040 家具、寢具、廚房器具、裝設品零售業；F206010 五金零售業；F206020 日常用品零售業；F208040 化粧品零售業；F209060 文教、樂器、育樂用品零售業；F299990 其他零售業；ZZ99999 除許可業務外，得經營法令非禁止或限制之業務,新北市,變更,11506
41364659,噹寶的家寵物店,新北市中和區員山路174巷7號及9號(1樓),吳亞蒨,100000,,115/06/23,所營業務變更,A401031 特定寵物服務業；F201081 特定寵物零售業；F206050 寵物食品及其用品零售業；F202010 飼料零售業；F101111 特定寵物批發業,新北市,變更,11506
41383136,紅堂新川菜餐廳,新北市永和區民族街29號,賴富山,200000,,115/06/17,負責人變更,F203010 食品什貨、飲料零售業；F501060 餐館業；ZZ99999 除許可業務外，得經營法令非禁止或限制之業務,新北市,變更,11506
41383207,寶來商行,新北市三重區正義北路299號2樓之2 115年06月,洪毓賢,200000,,115/06/03,所在地變更,F399010 便利商店業；ZZ99999 除許可業務外，得經營法令非禁止或限制之業務,新北市,變更,11506
41383375,質能眼鏡概念館,新北市新莊區民安西路244號,謝慕恆,200000,,115/06/16,負責人改名,F110020 眼鏡批發業；F210020 眼鏡零售業；F102170 食品什貨批發業；F203010 食品什貨、飲料零售業；F399040 無店面零售業；F401010 國際貿易業；I401010 一般廣告服務業；ZZ99999 除許可業務外，得經營法令非禁止或限制之業務；F108031 醫療器材批發業；F208031 醫療器材零售業,新北市,變更,11506
41386128,成鳴企業社,新北市淡水區中正東路2段88巷37之27號7樓,李安,200000,,115/06/18,名稱變更,F105050 家具、寢具、廚房器具、裝設品批發業；F106020 日常用品批發業；F111090 建材批發業；F205040 家具、寢具、廚房器具、裝設品零售業；F206020 日常用品零售業；F207030 清潔用品零售業；F211010 建材零售業；F401010 國際貿易業；H703100 不動產租賃業；I103060 管理顧問業；I401010 一般廣告服務業；JE01010 租賃業；JZ99050 仲介服務業；ZZ99999 除許可業務外，得經營法令非禁止或限制之業務,新北市,變更,11506
41392727,祥侑企業社,新北市雙溪區內平林97之2號,林育鋒,200000,,115/06/24,所在地變更,F113010 機械批發業；F113020 電器批發業；F213010 電器零售業；F213080 機械器具零售業；F213990 其他機械器具零售業；E601010 電器承裝業；E601020 電器安裝業；E604010 機械安裝業,新北市,變更,11506
41393900,盛杰眼鏡企業社,新北市三重區正義北路310之2號(1樓),許珮慈,2000000,,115/06/09,所營業務變更,F210020 眼鏡零售業；F110020 眼鏡批發業；F115010 首飾及貴金屬批發業；F215010 首飾及貴金屬零售業；F115020 礦石批發業；F215020 礦石零售業；F208031 醫療器材零售業；F108031 醫療器材批發業；ZZ99999 除許可業務外，得經營法令非禁止或限制之業務,新北市,變更,11506
41396940,淨美妍美體屋,新北市淡水區長興街28號(1樓) 115年06月,吳晏青,50000,,115/06/26,所在地變更,JZ99080 美容美髮服務業,新北市,變更,11506
41399496,鑫奇車行,新北市三重區光復路2段87巷6之1號,汪玉婷,200000,,115/06/15,所在地變更,F214010 汽車零售業；F401010 國際貿易業；F214030 汽、機車零件配備零售業；ZZ99999 除許可業務外，得經營法令非禁止或限制之業務,新北市,變更,11506
41403956,招財貓御選商行,新北市淡水區真理街3巷26之1號(1樓),張仁傑,100000,,115/06/12,名稱變更,F102040 飲料批發業；F102170 食品什貨批發業；F106020 日常用品批發業；F104110 布疋、衣著、鞋、帽、傘、服飾品批發業；F203010 食品什貨、飲料零售業；F204110 布疋、衣著、鞋、帽、傘、服飾品零售業；F206020 日常用品零售業；F401010 國際貿易業；F399990 其他綜合零售業；F399040 無店面零售業,新北市,變更,11506
41409086,科寶工藝社,新北市八里區頂寮二街62巷1號,林素清,200000,,115/06/17,出資額變更,C805010 塑膠皮、布、板、管材製造業；C805020 塑膠膜、袋製造業；C805030 塑膠日用品製造業；C805050 工業用塑膠製品製造業；C805060 塑膠皮製品製造業；C805070 強化塑膠製品製造業；C805990 其他塑膠製品製造業；F107190 塑膠膜、袋批發業；I503010 景觀、室內設計業；I504010 花藝設計業；I599990 其他設計業；J101010 建築物清潔服務業；J101030 廢棄物清除業；J101040 廢棄物處理業；J101090 廢棄物清理業；J101990 其他環境衛生及污染防治服務業；F401010 國際貿易業；ZZ99999 除許可業務外，得經營法令非禁止或限制之業務；JE01010 租賃業；H703100 不動產租賃業,新北市,變更,11506
41411604,允宸企業社,新北市林口區文林六街27巷30號10樓,陳慧蔆,200000,,115/06/12,更正,F206020 日常用品零售業；F207030 清潔用品零售業；F208040 化粧品零售業；I103060 管理顧問業；ZZ99999 除許可業務外，得經營法令非禁止或限制之業務,新北市,變更,11506
41411885,宏苹商行,新北市樹林區東大街116號(2樓) 115年06月,劉春承,100000,,115/06/23,所在地變更,F401010 國際貿易業；F299990 其他零售業；F399040 無店面零售業；F399990 其他綜合零售業；F208031 醫療器材零售業；ZZ99999 除許可業務外，得經營法令非禁止或限制之業務,新北市,變更,11506
41412131,帕克車體美容,新北市新莊區中原路247號(1樓),程鈺涵,200000,,115/06/23,轉讓登記,JA01990 其他汽車服務業,新北市,變更,11506
41472812,阿維芭樂舖,新北市新店區安成街29號(1樓),林欣璇,20000,,115/06/11,轉讓登記,F221010 食品添加物零售業；F201010 農產品零售業；F203010 食品什貨、飲料零售業；F201030 水產品零售業；F201020 畜產品零售業,新北市,變更,11506
42198588,力佳行商行,新北市三重區文化北路200巷26號(1樓),黃俊瑋,200000,,115/06/18,所營業務變更,F213110 電池零售業；F214020 機車零售業；F214030 汽、機車零件配備零售業；F214990 其他交通運輸工具及其零件零售業；JA01010 汽車修理業；JA01990 其他汽車服務業；JA02020 機車修理業；JA02030 自行車修理業；ZZ99999 除許可業務外，得經營法令非禁止或限制之業務；CD01030 汽車及其零件製造業；E604010 機械安裝業；JE01010 租賃業,新北市,變更,11506
42205624,皓皓小吃店,新北市淡水區中正東路1段43號,吳菡屏,61000,,115/06/04,轉讓登記,F203010 食品什貨、飲料零售業；F203020 菸酒零售業；F501060 餐館業；ZZ99999 除許可業務外，得經營法令非禁止或限制之業務,新北市,變更,11506
42231806,菲亞寵物美容工作坊,新北市中和區民利街46號,何珊儀,100000,,115/06/04,所在地變更,F206050 寵物食品及其用品零售業；F202010 飼料零售業；F207070 動物用藥零售業；F201980 其他動物零售業；JZ99990 未分類其他服務業,新北市,變更,11506
42233136,稻穗工程行,新北市蘆洲區永安南路2段328巷18弄7號4樓115年06月,林品嘉,200000,,115/06/01,所在地變更,E801010 室內裝潢業；E801030 室內輕鋼架工程業；E901010 油漆工程業；F111090 建材批發業；ZZ99999 除許可業務外，得經營法令非禁止或限制之業務,新北市,變更,11506
42236318,岱美企業社,新北市新莊區五權一路1號之1(2樓),洪阿交,200000,,115/06/12,所在地變更,CA01050 鋼材二次加工業；CA02010 金屬結構及建築組件製造業；CA02080 金屬鍛造業；CA02990 其他金屬製品製造業；CA04010 表面處理業；CB01010 機械設備製造業；CB01990 其他機械製造業；E603100 電焊工程業；E604010 機械安裝業；F106010 五金批發業；F113010 機械批發業；F206010 五金零售業；F213080 機械器具零售業；F401010 國際貿易業；JA02990 其他修理業；ZZ99999 除許可業務外，得經營法令非禁止或限制之業務,新北市,變更,11506
42241939,萬事潔實業社,新北市新莊區新泰路357巷1弄18號115年06月,江益利,240000,,115/06/05,所營業務變更,E599010 配管工程業；E601020 電器安裝業；E603010 電纜安裝工程業；E603040 消防安全設備安裝工程業；E603050 自動控制設備工程業；E603090 照明設備安裝工程業；E801010 室內裝潢業；E801020 門窗安裝工程業；E801040 玻璃安裝工程業；F106040 水器材料批發業；F111090 建材批發業；F113020 電器批發業；F119010 電子材料批發業；F206040 水器材料零售業；F213010 電器零售業；IZ12010 人力派遣業；J101010 建築物清潔服務業；J101030 廢棄物清除業；J101040 廢棄物處理業；J101080 資源回收業；J101090 廢棄物清理業；I401010 一般廣告服務業；JZ99030 攝影業；I199990 其他顧問服務業；J404010 動畫影片製作業；ZZ99999 除許可業務外，得經營法令非禁止或限制之業務,新北市,變更,11506
42246842,艾米空間室內裝修設計,新北市板橋區僑中一街124巷18弄21之4號,洪佩君,100000,,115/06/30,名稱變更,E801010 室內裝潢業；E801060 室內裝修業（註：名稱應標明「室內裝修」字樣）；I503010 景觀設計業；F205040 家具、寢具、廚房器具、裝設品零售業；ZZ99999 除許可業務外，得經營法令非禁止或限制之業務,新北市,變更,11506
42341254,雷射蝦企業社,新北市新莊區新樹路771號3樓,蔡坤祐,200000,,115/06/08,所在地變更,F399040 無店面零售業；F201050 漁具零售業；F101070 漁具批發業；F206040 水器材料零售業；F106040 水器材料批發業；C805990 其他塑膠製品製造業；CA02990 其他金屬製品製造業；ZZ99999 除許可業務外，得經營法令非禁止或限制之業務,新北市,變更,11506
42364312,窕色飲冷飲店,新北市淡水區新市一路1段112號17樓,任柔蓁,550000,,115/06/01,所在地變更,F501030 飲料店業；F203010 食品什貨、飲料零售業；ZZ99999 除許可業務外，得經營法令非禁止或限制之業務；F102040 飲料批發業；F102170 食品什貨批發業；F399990 其他綜合零售業；F501060 餐館業；F401010 國際貿易業,新北市,變更,11506
42411758,柳狀元螺螄粉火鍋坊,新北市永和區民生路15號,張郡霖,1000000,,115/06/11,名稱變更,F501060 餐館業；F501030 飲料店業；F203010 食品什貨、飲料零售業；ZZ99999 除許可業務外，得經營法令非禁止或限制之業務,新北市,變更,11506
42432162,寶貴清潔企業社,新北市永和區永利路4巷22號5樓之5,吳寶貴,230000,,115/06/04,外縣市遷入,J101010 建築物清潔服務業；E801040 玻璃安裝工程業；E801020 門窗安裝工程業；E603100 電焊工程業；EZ99990 其他工程業；ZZ99999 除許可業務外，得經營法令非禁止或限制之業務,新北市,變更,11506
45230695,丞毅廣告社,新北市板橋區貴興路112號9樓115年06月,林昱佑,200000,,115/06/02,組織變更,I401010 一般廣告服務業；I401020 廣告傳單分送業；I501010 產品設計業；I503010 景觀、室內設計業；I504010 花藝設計業；IZ15010 市場研究及民意調查業；J601010 藝文服務業；J602010 演藝活動業；J603010 音樂展演空間業；JB01010 會議及展覽服務業,新北市,變更,11506
47988626,達樂寵物精品,新北市永和區仁愛路70號(1樓),林玉仙,200000,,115/06/18,轉讓登記,F206050 寵物食品及其用品零售業；JZ99180 寵物美容服務業；ZZ99999 除許可業務外，得經營法令非禁止或限制之業務；F202010 飼料零售業；F207030 清潔用品零售業；F399040 無店面零售業；JZ99990 未分類其他服務業,新北市,變更,11506
48772791,流行讀賣社,新北市中和區南工路32巷1之2號,陳宗信,200000,,115/06/24,所營業務變更,F109070 文教、樂器、育樂用品批發業；F104110 布疋、衣著、鞋、帽、傘、服飾品批發業；F209060 文教、樂器、育樂用品零售業；F204110 布疋、衣著、鞋、帽、傘、服飾品零售業；JB01010 會議及展覽服務業；J601010 藝文服務業；I103060 管理顧問業,新北市,變更,11506
48964783,璽磬工作室,新北市新店區安興路125之15號7樓,蕭慶輝,100000,,115/06/16,外縣市遷入,I103060 管理顧問業；F203010 食品什貨、飲料零售業；F207030 清潔用品零售業；F208040 化粧品零售業；F208050 乙類成藥零售業；I503010 景觀、室內設計業；E801010 室內裝潢業；E801070 廚具、衛浴設備安裝工程業；ZZ99999 除許可業務外，得經營法令非禁止或限制之業務,新北市,變更,11506
50586604,達冠專業玻璃貼膜企業社,新北市中和區中山路2段332巷9號8樓115年06月,蔡宗法,200000,,115/06/17,所營業務變更,F114030 汽、機車零件配備批發業；F199990 其他批發業；F211010 建材零售業；F214030 汽、機車零件配備零售業；E801010 室內裝潢業；E801040 玻璃安裝工程業；EZ99990 其他工程業；I401010 一般廣告服務業；JA01990 其他汽車服務業；CN01010 家具及裝設品製造業；C501030 合板製造業；C501040 組合木材製造業；C501990 其他木製品製造業；C805010 塑膠皮、布、板、管材製造業；C805070 強化塑膠製品製造業；C805990 其他塑膠製品製造業；F299990 其他零售業；F401010 國際貿易業；ZZ99999 除許可業務外，得經營法令非禁止或限制之業務,新北市,變更,11506
50605905,力鍛金商行,新北市中和區中山路2段146號地下一樓,郭柏宏,200000,,115/06/25,外縣市遷入,F203010 食品什貨、飲料零售業；F203020 菸酒零售業；F501030 飲料店業；F501060 餐館業；ZZ99999 除許可業務外，得經營法令非禁止或限制之業務,新北市,變更,11506
50645765,昶龍興業行,新北市泰山區明志路3段128號,李至耀,90000,,115/06/11,合夥人變更,H703100 不動產租賃業；E801030 室內輕鋼架工程業；J101010 建築物清潔服務業；ZZ99999 除許可業務外，得經營法令非禁止或限制之業務,新北市,變更,11506
50648600,依慕企業社,新北市三重區慈愛街142號,廖梵昕,100000,,115/06/17,轉讓登記,JZ99080 美容美髮服務業；JZ99110 瘦身美容業；JF01020 按摩業,新北市,變更,11506
50667818,福鍋美食坊,新北市汐止區中興路110巷3號之1,陳以軒,200000,,115/06/04,轉讓登記,F501060 餐館業；F501990 其他餐飲業,新北市,變更,11506
50669978,星盒商行,新北市三重區大智街75號,康智評,100000,,115/06/12,名稱變更,F209060 文教、樂器、育樂用品零售業；J701020 遊樂園業,新北市,變更,11506
50673831,宏銓蔬果行,新北市板橋區板城路1000號,陳建昌,30000,,115/06/23,轉讓登記,F101130 蔬果批發業,新北市,變更,11506
50676577,巧雯髮型生活館,新北市中和區自立路15巷13之1號,林巧雯,50000,,115/06/01,轉讓登記,JZ99080 美容美髮服務業；F207030 清潔用品零售業,新北市,變更,11506
50680967,錡霖木箱包裝行,新北市新莊區中安街1號10樓之2,李平寅,240000,,115/06/08,所在地變更,F111090 建材批發業；F199990 其他批發業；C501040 組合木材製造業；C501060 木質容器製造業；CM01010 箱、包、袋製造業；F401010 國際貿易業,新北市,變更,11506
60008924,逸韻養生館,新北市永和區永和路1段48號(1、2樓) 115年06月,彭佳莉,150000,,115/06/08,轉讓登記,JZ99080 美容美髮服務業；JZ99990 未分類其他服務業,新北市,變更,11506
60012835,墨域空間設計企業社,新北市瑞芳區魚坑路171巷16號,吳旻澤,600000,,115/06/25,名稱變更,E801010 室內裝潢業；E801020 門窗安裝工程業；E801030 室內輕鋼架工程業；E801040 玻璃安裝工程業；E801070 廚具、衛浴設備安裝工程業；E901010 油漆工程業；F105050 家具、寢具、廚房器具、裝設品批發業；F107010 漆料、塗料批發業；F111090 建材批發業；F120010 耐火材料批發業；F206010 五金零售業；F207010 漆料、塗料零售業；F211010 建材零售業；F220010 耐火材料零售業；I501010 產品設計業；I503010 景觀、室內設計業；I599990 其他設計業；J101030 廢棄物清除業；J101040 廢棄物處理業；ZZ99999 除許可業務外，得經營法令非禁止或限制之業務,新北市,變更,11506
60014209,海嶼杉香氛工作室,新北市中和區中和路102號16樓之13,趙謙郡,100000,,115/06/24,增資變更,F208040 化粧品零售業；F399040 無店面零售業,新北市,變更,11506
60018367,星幻潮玩工作室,新北市板橋區溪崑一街48巷17號2樓,張勝傑,200000,,115/06/12,轉讓登記,F399040 無店面零售業；ZZ99999 除許可業務外，得經營法令非禁止或限制之業務,新北市,變更,11506
60019990,一品美學企業社,新北市三重區頂崁街203巷21號5樓,王品方,1500000,,115/06/16,名稱變更,ZZ99999 除許可業務外，得經營法令非禁止或限制之業務；F108040 化粧品批發業；F208040 化粧品零售業；JZ99080 美容美髮服務業；F102170 食品什貨批發業；F203010 食品什貨、飲料零售業；I103060 管理顧問業；F401010 國際貿易業,新北市,變更,11506
60021953,巴玖晨食早午餐,新北市汐止區明峰街20號(1樓),黎駿珉,100000,,115/06/29,轉讓登記,F501060 餐館業,新北市,變更,11506
60023050,宇蕎汽車材料行,新北市汐止區忠孝東路464號2樓115年06月,許晉偉,200000,,115/06/01,所在地變更,F114010 汽車批發業；F114030 汽、機車零件配備批發業；F114020 機車批發業；ZZ99999 除許可業務外，得經營法令非禁止或限制之業務,新北市,變更,11506
60025162,有才商行,新北市金山區清水路8之1號,黃樹林,240000,,115/06/11,所在地變更,F106060 寵物食品及其用品批發業；F206050 寵物食品及其用品零售業；F103010 飼料批發業；F202010 飼料零售業；F102170 食品什貨批發業；F203010 食品什貨、飲料零售業；F106020 日常用品批發業；F106010 五金批發業；F206020 日常用品零售業；F399040 無店面零售業；F401010 國際貿易業；IG01010 生物技術服務業；J202010 產業育成業；JZ99180 寵物美容服務業；JZ99990 未分類其他服務業；CA02010 金屬結構及建築組件製造業；CA02990 其他金屬製品製造業；CA01050 鋼材二次加工業；CB01010 機械設備製造業；ZZ99999 除許可業務外，得經營法令非禁止或限制之業務,新北市,變更,11506
60027838,勝喆工程行,新北市三芝區忠孝街156之9號3樓,簡和智,200000,,115/06/04,所在地變更,E801010 室內裝潢業；EZ99990 其他工程業；ZZ99999 除許可業務外，得經營法令非禁止或限制之業務,新北市,變更,11506
60027942,螞蟻窩甜點,新北市板橋區龍興街69之2號2樓之2,楊若溱,100000,,115/06/01,負責人改名,F203010 食品什貨、飲料零售業；F399040 無店面零售業；F399990 其他綜合零售業,新北市,變更,11506
60028914,玖三飯館,新北市新店區華城一路18號(1樓),吳文均,200000,,115/06/29,所在地變更,F501060 餐館業；F203010 食品什貨、飲料零售業；ZZ99999 除許可業務外，得經營法令非禁止或限制之業務,新北市,變更,11506
60029364,喜洋洋娛樂工作室,新北市永和區中正路４１７號８樓115年06月,張洋,200000,,115/06/02,所營業務變更,J401010 電影片製作業；J601010 藝文服務業；J602010 演藝活動業；J603010 音樂展演空間業；J604010 聲音錄製及音樂發行業；I301030 電子資訊供應服務業；I199990 其他顧問服務業；I301010 資訊軟體服務業；I401010 一般廣告服務業；J304010 圖書出版業；J305010 有聲出版業；ZZ99999 除許可業務外，得經營法令非禁止或限制之業務,新北市,變更,11506
60029667,大元通工程行,新北市新店區安興路109號14樓之3,楊莉婷,200000,,115/06/05,所在地變更,E801010 室內裝潢業；E801020 門窗安裝工程業；E801030 室內輕鋼架工程業；E801040 玻璃安裝工程業；F111090 建材批發業；F211010 建材零售業；F401010 國際貿易業；ZZ99999 除許可業務外，得經營法令非禁止或限制之業務,新北市,變更,11506
60036301,雲間工程行,新北市永和區安樂路１００巷８號,余乘安,200000,,115/06/09,負責人改名,E601020 電器安裝業；E603090 照明設備安裝工程業；E801010 室內裝潢業；E801030 室內輕鋼架工程業；E801070 廚具、衛浴設備安裝工程業；E901010 油漆工程業；E903010 防蝕、防銹工程業；ZZ99999 除許可業務外，得經營法令非禁止或限制之業務,新北市,變更,11506
60036581,正曜企業社,新北市三重區溪尾街108巷46弄37號(1樓),鄭允漢,1500000,,115/06/03,所在地變更,F102170 食品什貨批發業；F102020 食用油脂批發業；F101990 其他農、畜、水產品批發業；F102050 茶葉批發業；F101050 水產品批發業；F102040 飲料批發業；F101130 蔬果批發業；F199990 其他批發業；F203010 食品什貨、飲料零售業；F201990 其他農畜水產品零售業；F201020 畜產品零售業；F201010 農產品零售業；F201030 水產品零售業；F299990 其他零售業；F399040 無店面零售業；F399990 其他綜合零售業；F401010 國際貿易業；C104020 烘焙炊蒸食品製造業；C199990 未分類其他食品製造業；ZZ99999 除許可業務外，得經營法令非禁止或限制之業務,新北市,變更,11506
60036793,知禾工作室,新北市中和區忠孝街101巷1號115年06月,李齊軒,100000,,115/06/04,名稱變更,JZ99990 未分類其他服務業；F399040 無店面零售業；ZZ99999 除許可業務外，得經營法令非禁止或限制之業務,新北市,變更,11506
60039546,天下道農園藝企業社,新北市板橋區金門街369巷10號3樓,趙佩倫,238888,,115/06/23,轉讓登記,F201070 花卉零售業；F206040 水器材料零售業；F207050 肥料零售業；F299990 其他零售業；F401010 國際貿易業；I503010 景觀、室內設計業；I504010 花藝設計業；I599990 其他設計業；A102080 園藝服務業；ZZ99999 除許可業務外，得經營法令非禁止或限制之業務,新北市,變更,11506
60039757,蒂妲媞雅小吃商店,新北市土城區四川路37號,高廷文,50000,,115/06/23,所營業務變更,F501060 餐館業；F501030 飲料店業；F203010 食品什貨、飲料零售業；F208040 化粧品零售業；F206020 日常用品零售業；ZZ99999 除許可業務外，得經營法令非禁止或限制之業務,新北市,變更,11506
60040522,航城企業社,新北市土城區延和路156巷6號4樓,陳叡致,500000,,115/06/08,增資變更,E599010 配管工程業；E601020 電器安裝業；E601010 電器承裝業；E603040 消防安全設備安裝工程業；E603090 照明設備安裝工程業；E801010 室內裝潢業；E801030 室內輕鋼架工程業；I199990 其他顧問服務業；IZ12010 人力派遣業；J799990 其他休閒服務業；ZZ99999 除許可業務外，得經營法令非禁止或限制之業務,新北市,變更,11506
60041711,約定終生寵物店,新北市鶯歌區鳳鳴路515號(1樓),李遠樵,50000,,115/06/24,所營業務變更,A401031 特定寵物服務業；F201081 特定寵物零售業；F101111 特定寵物批發業；ZZ99999 除許可業務外，得經營法令非禁止或限制之業務；F206050 寵物食品及其用品零售業；JZ99180 寵物美容服務業,新北市,變更,11506
60042535,大中水電工程行,新北市三重區仁義街29號2樓115年06月,陳志輝,200000,,115/06/10,轉讓登記,E599010 配管工程業；E601010 電器承裝業；E601020 電器安裝業；E603050 自動控制設備工程業；E603090 照明設備安裝工程業；E603040 消防安全設備安裝工程業；E801010 室內裝潢業；E801030 室內輕鋼架工程業；E801020 門窗安裝工程業；EZ99990 其他工程業；F113020 電器批發業；F111090 建材批發業；ZZ99999 除許可業務外，得經營法令非禁止或限制之業務,新北市,變更,11506
60043865,禾鏷企業社,新北市蘆洲區長安街１９４巷１２號(1樓) 115年06月,謝以璿,100000,,115/06/30,組織變更,F401010 國際貿易業；IZ06010 理貨包裝業；G799990 其他運輸輔助業；G801010 倉儲業；F203010 食品什貨、飲料零售業；F201020 畜產品零售業；F201010 農產品零售業；F201030 水產品零售業；F201990 其他農畜水產品零售業；F102040 飲料批發業；F102020 食用油脂批發業；F299990 其他零售業；F107030 清潔用品批發業；F208040 化粧品零售業；F213010 電器零售業；F213030 電腦及事務性機器設備零售業；F213110 電池零售業；F219010 電子材料零售業；F206010 五金零售業；F201070 花卉零售業；F206050 寵物食品及其用品零售業；F399990 其他綜合零售業；F106020 日常用品批發業；F105050 家具、寢具、廚房器具、裝設品批發業；F101990 其他農、畜、水產品批發業；I501010 產品設計業；F102170 食品什貨批發業；F204110 布疋、衣著、鞋、帽、傘、服飾品零售業；F209060 文教、樂器、育樂用品零售業；F109070 文教、樂器、育樂用品批發業；F205040 家具、寢具、廚房器具、裝設品零售業；F104110 布疋、衣著、鞋、帽、傘、服飾品批發業；F199990 其他批發業；F106010 五金批發業；F106040 水器材料批發業；F106060 寵物食品及其用品批發業；F111090 建材批發業；F113050 電腦及事務性機器設備批發業；F206020 日常用品零售業；F206040 水器材料零售業；F207030 清潔用品零售業；F211010 建材零售業；F108040 化粧品批發業；ZZ99999 除許可業務外，得經營法令非禁止或限制之業務,新北市,變更,11506
60045245,優柔有生活館,新北市土城區樂利街3巷6號(1樓),宋祝有,50000,,115/06/25,所在地變更,J802010 運動訓練業；JZ99990 未分類其他服務業；ZZ99999 除許可業務外，得經營法令非禁止或限制之業務,新北市,變更,11506
60046624,奕羽日常商行,新北市板橋區國慶路149巷4弄26號5樓,王奕舜,150000,,115/06/26,所在地變更,F501060 餐館業；F203010 食品什貨、飲料零售業；F501030 飲料店業；ZZ99999 除許可業務外，得經營法令非禁止或限制之業務,新北市,變更,11506
60046737,睿晟國際企業社,新北市新店區二十張路103號(1樓),吳承融,200000,,115/06/02,所營業務變更,F203010 食品什貨、飲料零售業；F208050 乙類成藥零售業；F102170 食品什貨批發業；F206050 寵物食品及其用品零售業；ZZ99999 除許可業務外，得經營法令非禁止或限制之業務；I401010 一般廣告服務業；F601010 智慧財產權業；I301010 資訊軟體服務業；I301030 電子資訊供應服務業,新北市,變更,11506
60049191,瑪莉有隻小綿羊商行,新北市新店區裕合街201號(1樓),廖敏男,50000,,115/06/24,轉讓登記,F501060 餐館業；F501030 飲料店業；F501990 其他餐飲業；F203010 食品什貨、飲料零售業；ZZ99999 除許可業務外，得經營法令非禁止或限制之業務,新北市,變更,11506
60049214,羽霺企業社,新北市樹林區千歲街61巷40弄19號3樓,陳薇羽,180000,,115/06/18,所營業務變更,F399040 無店面零售業,新北市,變更,11506
60050302,衣起發商行,新北市中和區中正路９１８號3樓115年06月,林泰宏,220000,,115/06/24,轉讓登記,F104110 布疋、衣著、鞋、帽、傘、服飾品批發業；F204110 布疋、衣著、鞋、帽、傘、服飾品零售業；F399040 無店面零售業；ZZ99999 除許可業務外，得經營法令非禁止或限制之業務,新北市,變更,11506
60050387,朔嶼工程行,新北市板橋區篤行路3段87號4樓,高柏維,168000,,115/06/16,所營業務變更,E901010 油漆工程業；E801010 室內裝潢業；E801020 門窗安裝工程業；E801040 玻璃安裝工程業；E801070 廚具、衛浴設備安裝工程業；ZZ99999 除許可業務外，得經營法令非禁止或限制之業務；E601010 電器承裝業；E601020 電器安裝業；E603090 照明設備安裝工程業；E603100 電焊工程業；E603110 冷作工程業；E603130 燃氣熱水器承裝業；E604010 機械安裝業；E607010 太陽熱能設備安裝工程業；F106010 五金批發業；F106020 日常用品批發業；F106040 水器材料批發業；F113020 電器批發業；F106050 陶瓷玻璃器皿批發業；F111090 建材批發業；F213010 電器零售業；F211010 建材零售業；F220010 耐火材料零售業,新北市,變更,11506
60051668,森寓工程行,新北市淡水區中和里北勢子10號之3,林曉蓉,200000,,115/06/05,轉讓登記,E801010 室內裝潢業；E801030 室內輕鋼架工程業；E603090 照明設備安裝工程業；E599010 配管工程業；E603010 電纜安裝工程業；E801070 廚具、衛浴設備安裝工程業；EZ99990 其他工程業；ZZ99999 除許可業務外，得經營法令非禁止或限制之業務,新北市,變更,11506
60052569,同禾工程行,新北市八里區文昌一街10號5樓115年06月,郭阜桐,200000,,115/06/09,所在地變更,E801010 室內裝潢業；E801030 室內輕鋼架工程業；E903010 防蝕、防銹工程業；E901010 油漆工程業；EZ02010 起重工程業；EZ07010 鑽孔工程業；EZ99990 其他工程業；F106010 五金批發業；F111090 建材批發業；F206010 五金零售業；F211010 建材零售業；IZ12010 人力派遣業；J101030 廢棄物清除業；ZZ99999 除許可業務外，得經營法令非禁止或限制之業務,新北市,變更,11506
60052673,當暘企業社,新北市泰山區中港西路452號11樓,王藩昌,200000,,115/06/15,轉讓登記,E801010 室內裝潢業；F111090 建材批發業；F115020 礦石批發業；F211010 建材零售業；F401010 國際貿易業；I503010 景觀、室內設計業；ZZ99999 除許可業務外，得經營法令非禁止或限制之業務,新北市,變更,11506
60052961,火神烤魚企業社,新北市永和區復興街85號,林家君,100000,,115/06/12,轉讓登記,F501060 餐館業；F501990 其他餐飲業；F203010 食品什貨、飲料零售業；ZZ99999 除許可業務外，得經營法令非禁止或限制之業務,新北市,變更,11506
60054074,丹秋工作室,新北市蘆洲區中央路20巷11號,朱晏林,200000,,115/06/23,所在地變更,F203010 食品什貨、飲料零售業；F204110 布疋、衣著、鞋、帽、傘、服飾品零售業；F205040 家具、寢具、廚房器具、裝設品零售業；F206010 五金零售業；F206020 日常用品零售業；F206050 寵物食品及其用品零售業；F399040 無店面零售業；ZZ99999 除許可業務外，得經營法令非禁止或限制之業務,新北市,變更,11506
60054551,旭升水電工程行,新北市板橋區四維路161巷1之3號,吳俊麒,200000,,115/06/30,所營業務變更,E601010 電器承裝業；E601020 電器安裝業；E603010 電纜安裝工程業；E605010 電腦設備安裝業；E701040 簡易電信設備安裝業；E801010 室內裝潢業；E599010 配管工程業；E603040 消防安全設備安裝工程業；E603090 照明設備安裝工程業；E801070 廚具、衛浴設備安裝工程業；F106010 五金批發業；F106040 水器材料批發業；F111090 建材批發業；F113020 電器批發業；F117010 消防安全設備批發業；F206010 五金零售業；ZZ99999 除許可業務外，得經營法令非禁止或限制之業務,新北市,變更,11506
60055382,逸昇企業社,新北市中和區南山路320巷3號,程文祥,200000,,115/06/24,所營業務變更,F501990 其他餐飲業；F203010 食品什貨、飲料零售業；F401010 國際貿易業；F399020 商港區船舶船員日用品供應業；ZZ99999 除許可業務外，得經營法令非禁止或限制之業務,新北市,變更,11506
60058276,小胖麵店,新北市板橋區民享街116巷8號之1 115年06月,江沛毅,100000,,115/06/01,名稱變更,F501060 餐館業,新北市,變更,11506
60058803,厝邊小事影像工作室,新北市汐止區建成路142巷21號,陳竹音,240000,,115/06/25,所在地變更,I401010 一般廣告服務業；I501010 產品設計業；I199990 其他顧問服務業；IZ99990 其他工商服務業；J503010 廣播節目製作業；J503020 電視節目製作業；J503030 廣播電視節目發行業；J503040 廣播電視廣告業；J602010 演藝活動業；J701090 錄影節目帶播映業；I301010 資訊軟體服務業；I301030 電子資訊供應服務業；ZZ99999 除許可業務外，得經營法令非禁止或限制之業務；J401010 電影片製作業；J402010 電影片發行業；J404050 電影特效製作業；J404010 動畫影片製作業；F601010 智慧財產權業；F401010 國際貿易業；F109070 文教、樂器、育樂用品批發業；J304010 圖書出版業；J305010 有聲出版業；I599990 其他設計業；JB01010 會議及展覽服務業；IZ04010 翻譯業；IZ15010 市場研究及民意調查業；J604010 聲音錄製及音樂發行業；J601010 藝文服務業,新北市,變更,11506
60059319,小威的故事商行,新北市五股區六合街101號4樓,趙麗嘉,200000,,115/06/02,其他,F208040 化粧品零售業；F207030 清潔用品零售業；F399040 無店面零售業；F206020 日常用品零售業；F207990 其他化學製品零售業；F299990 其他零售業；F106020 日常用品批發業；F107030 清潔用品批發業；F108040 化粧品批發業；F199990 其他批發業；C802090 清潔用品製造業；C802100 化粧品製造業；F401010 國際貿易業；I501010 產品設計業；ZZ99999 除許可業務外，得經營法令非禁止或限制之業務,新北市,變更,11506
60066493,好魚來虱目魚小吃店,新北市新莊區龍安路331號,楊智煌,200000,,115/06/30,轉讓登記,F501060 餐館業；F203010 食品什貨、飲料零售業；ZZ99999 除許可業務外，得經營法令非禁止或限制之業務,新北市,變更,11506
60068112,炊味小吃店,新北市新店區民族路12號115年06月,梁詠昌,200000,,115/06/10,轉讓登記,F501060 餐館業,新北市,變更,11506
60068675,貓蒔光旅行,新北市林口區公園路155號(1樓),何文玫,240000,,115/06/22,所營業務變更,JZ99180 寵物美容服務業；F106060 寵物食品及其用品批發業；F206050 寵物食品及其用品零售業；F104110 布疋、衣著、鞋、帽、傘、服飾品批發業；F106010 五金批發業；F106020 日常用品批發業；F107990 其他化學製品批發業；F108040 化粧品批發業；F109070 文教、樂器、育樂用品批發業；F115010 首飾及貴金屬批發業；F115020 礦石批發業；F203010 食品什貨、飲料零售業；F204110 布疋、衣著、鞋、帽、傘、服飾品零售業；F206010 五金零售業；F206020 日常用品零售業；F207990 其他化學製品零售業；F208040 化粧品零售業；F209060 文教、樂器、育樂用品零售業；F215010 首飾及貴金屬零售業；F215020 礦石零售業；F399040 無店面零售業；F399990 其他綜合零售業；F401010 國際貿易業；I301010 資訊軟體服務業；I401010 一般廣告服務業；I599990 其他設計業；J404020 提供設備及場地供電影片拍攝業；J601010 藝文服務業；J799990 其他休閒服務業；JB01010 會議及展覽服務業；JE01010 租賃業；JZ99030 攝影業；JZ99990 未分類其他服務業；ZZ99999 除許可業務外，得經營法令非禁止或限制之業務；A401031 特定寵物服務業,新北市,變更,11506
60069061,友湲美甲工作坊,新北市新莊區仁愛街55號(1樓) 115年06月,阮湲希,100000,,115/06/11,所在地變更,ZZ99999 除許可業務外，得經營法令非禁止或限制之業務；JZ99990 未分類其他服務業；JZ99080 美容美髮服務業,新北市,變更,11506
60069549,貓狗超有事商店,新北市泰山區明志路2段363號(3樓),張吉勝,240000,,115/06/15,所在地變更,F106060 寵物食品及其用品批發業；F206050 寵物食品及其用品零售業；F103010 飼料批發業；F202010 飼料零售業；F102170 食品什貨批發業；F203010 食品什貨、飲料零售業；F106020 日常用品批發業；F106010 五金批發業；F206020 日常用品零售業；F399040 無店面零售業；F401010 國際貿易業；IG01010 生物技術服務業；J202010 產業育成業；JZ99180 寵物美容服務業；JZ99990 未分類其他服務業；CA02010 金屬結構及建築組件製造業；CA02990 其他金屬製品製造業；CA01050 鋼材二次加工業；CB01010 機械設備製造業；ZZ99999 除許可業務外，得經營法令非禁止或限制之業務,新北市,變更,11506
60072684,慢活餐桌小吃店,新北市新店區安康路2段347號,忻慈惠,200000,,115/06/03,轉讓登記,F501060 餐館業；F501990 其他餐飲業；ZZ99999 除許可業務外，得經營法令非禁止或限制之業務,新北市,變更,11506
60077549,華盛延和商行,新北市土城區延和路205號,陳清華,50000,,115/06/11,所營業務變更,F209060 文教、樂器、育樂用品零售業；ZZ99999 除許可業務外，得經營法令非禁止或限制之業務,新北市,變更,11506
60080452,容益商行,新北市蘆洲區長安街166號5樓115年06月,薛聖儒,200000,,115/06/22,所在地變更,F203010 食品什貨、飲料零售業；F102020 食用油脂批發業；F102170 食品什貨批發業；F121010 食品添加物批發業；F201010 農產品零售業；F201030 水產品零售業；F201990 其他農畜水產品零售業；F221010 食品添加物零售業；F299990 其他零售業；F399040 無店面零售業；F399990 其他綜合零售業；A102020 農產品整理業；ZZ99999 除許可業務外，得經營法令非禁止或限制之業務,新北市,變更,11506
60081086,連冠二輪工作室,新北市五股區西雲路9號,黃冠華,100000,,115/06/11,所營業務變更,JA02020 機車修理業；JA01010 汽車修理業；F114010 汽車批發業；F114020 機車批發業；F114030 汽、機車零件配備批發業；F214010 汽車零售業；F214020 機車零售業；F114050 車胎批發業；F214050 車胎零售業；JA01990 其他汽車服務業；JA02990 其他修理業；J101990 其他環境衛生及污染防治服務業；JA02010 電器及電子產品修理業；F114990 其他交通運輸工具及其零件批發業；F214990 其他交通運輸工具及其零件零售業；F401010 國際貿易業；IZ99990 其他工商服務業；F399040 無店面零售業；ZZ99999 除許可業務外，得經營法令非禁止或限制之業務,新北市,變更,11506
60081749,翔翎肉品,新北市三峽區學成路327號2樓之13,盧家翔,240000,,115/06/06,所在地變更,F201020 畜產品零售業,新北市,變更,11506
60082509,向上水電工程行,新北市三重區忠孝路1段30巷32號,吳孟硯,200000,,115/06/04,所在地變更,E601020 電器安裝業；E801010 室內裝潢業；E901010 油漆工程業；E801020 門窗安裝工程業；E603100 電焊工程業；E599010 配管工程業；E601010 電器承裝業；E801030 室內輕鋼架工程業；ZZ99999 除許可業務外，得經營法令非禁止或限制之業務,新北市,變更,11506
60082901,日揚工程行,新北市板橋區文化路2段182巷3弄30號3樓,張玉珠,6000000,,115/06/11,組織變更,E599010 配管工程業；E601010 電器承裝業；E603010 電纜安裝工程業；E603090 照明設備安裝工程業；E603040 消防安全設備安裝工程業；E601020 電器安裝業,新北市,變更,11506
61218666,東帝電競電腦企業社,新北市淡水區民權路177巷8號(1樓),楊鈞瀚,200000,,115/06/01,所營業務變更,F213030 電腦及事務性機器設備零售業；F218010 資訊軟體零售業；I301010 資訊軟體服務業；I301020 資料處理服務業；I301030 電子資訊供應服務業；ZZ99999 除許可業務外，得經營法令非禁止或限制之業務；JE01010 租賃業,新北市,變更,11506
61218862,金家陽商行,新北市汐止區伯爵街96巷26號4樓115年06月,徐佩瑜,200000,,115/06/02,所在地變更,F399010 便利商店業；ZZ99999 除許可業務外，得經營法令非禁止或限制之業務,新北市,變更,11506
61221727,禾习万事屋,新北市新店區安興路109號14樓之7,劉燯希,200000,,115/06/17,所營業務變更,F399040 無店面零售業；F208040 化粧品零售業；F204110 布疋、衣著、鞋、帽、傘、服飾品零售業；F206020 日常用品零售業；JA01990 其他汽車服務業；JZ99990 未分類其他服務業；JZ99070 裁縫服務業；I501010 產品設計業；I502010 服飾設計業；I599990 其他設計業；IZ99990 其他工商服務業；F299990 其他零售業；F214030 汽、機車零件配備零售業；F209060 文教、樂器、育樂用品零售業；ZZ99999 除許可業務外，得經營法令非禁止或限制之業務,新北市,變更,11506
61221971,拾光茶飲店,新北市樹林區復興路70號(1樓),紀佩蓁,100000,,115/06/17,所在地變更,F501030 飲料店業；ZZ99999 除許可業務外，得經營法令非禁止或限制之業務,新北市,變更,11506
61222900,萬珉糧舖,新北市板橋區懷德街139巷17號,王天宏,200000,,115/06/18,所在地變更,F102020 食用油脂批發業；F102170 食品什貨批發業；F401010 國際貿易業；F105050 家具、寢具、廚房器具、裝設品批發業；F106020 日常用品批發業；F107030 清潔用品批發業；F121010 食品添加物批發業；F203010 食品什貨、飲料零售業；F205040 家具、寢具、廚房器具、裝設品零售業；F206020 日常用品零售業；F207030 清潔用品零售業；F221010 食品添加物零售業；ZZ99999 除許可業務外，得經營法令非禁止或限制之業務,新北市,變更,11506
61226899,欣辰手工糕餅店,新北市新店區中正路66巷11號2樓115年06月,張欣怡,30000,,115/06/01,所營業務變更,C104020 烘焙炊蒸食品製造業；C199990 未分類其他食品製造業,新北市,變更,11506
61228382,北極熊家具企業社,新北市林口區文化北路1段373號,黎世瑜,200000,,115/06/03,所在地變更,F105050 家具、寢具、廚房器具、裝設品批發業；F205040 家具、寢具、廚房器具、裝設品零售業；CN01010 家具及裝設品製造業；I503010 景觀、室內設計業；F111090 建材批發業；F401010 國際貿易業；E801010 室內裝潢業；I501010 產品設計業；E801070 廚具、衛浴設備安裝工程業；F399040 無店面零售業；F399990 其他綜合零售業；ZZ99999 除許可業務外，得經營法令非禁止或限制之業務,新北市,變更,11506
61228799,好吉祥人力資源企業社,新北市新莊區新莊路52號,張明承,240000,,115/06/02,所在地變更,IZ12010 人力派遣業；B601010 土石採取業；E401010 疏濬業；E402010 沙石、淤泥海拋業；E599010 配管工程業；E801010 室內裝潢業；E903010 防蝕、防銹工程業；EZ02010 起重工程業；EZ06010 交通標示工程業；EZ07010 鑽孔工程業；EZ99990 其他工程業；F106010 五金批發業；F111090 建材批發業；F113010 機械批發業；F113990 其他機械器具批發業；F199990 其他批發業；G202010 停車場經營業；G799990 其他運輸輔助業；I103060 管理顧問業；J101010 建築物清潔服務業；J101030 廢棄物清除業；J101040 廢棄物處理業；J101050 環境檢測服務業；J101080 資源回收業；J101090 廢棄物清理業；J101990 其他環境衛生及污染防治服務業；JA02990 其他修理業；JE01010 租賃業；JZ99050 仲介服務業；ZZ99999 除許可業務外，得經營法令非禁止或限制之業務,新北市,變更,11506
61229832,津凰小吃店,新北市三重區自強路2段81號(1樓) 115年06月,吳勗端,168000,,115/06/22,轉讓登記,F501990 其他餐飲業；F501030 飲料店業；F501060 餐館業；ZZ99999 除許可業務外，得經營法令非禁止或限制之業務,新北市,變更,11506
61229919,隅悦商行,新北市新莊區中平路429號28樓,楊尚展,200000,,115/06/01,所在地變更,H703090 不動產買賣業；H703100 不動產租賃業；I103060 管理顧問業；I102010 一般投資顧問業；I401010 一般廣告服務業；IZ99990 其他工商服務業；JZ99050 仲介服務業；E801010 室內裝潢業；EZ99990 其他工程業；ZZ99999 除許可業務外，得經營法令非禁止或限制之業務,新北市,變更,11506
61231921,星月手作花藝坊,新北市三重區力行路1段123巷31號4樓,朱月蓮,100000,,115/06/16,所在地變更,F201070 花卉零售業；I504010 花藝設計業,新北市,變更,11506
61232098,暖陽餐館,新北市永和區福和路297號地下一層之1,馬效援,200000,,115/06/29,轉讓登記,F203010 食品什貨、飲料零售業；F501060 餐館業；F501030 飲料店業,新北市,變更,11506
61235855,羽溱企業社,新北市中和區秀朗路3段10巷37弄14號,李文川,100000,,115/06/23,轉讓登記,F209060 文教、樂器、育樂用品零售業；F203010 食品什貨、飲料零售業,新北市,變更,11506
61236475,阿弘小吃店,新北市中和區員山路100號(1樓),王東騏,200000,,115/06/09,名稱變更,F501060 餐館業,新北市,變更,11506
61239613,琴潤工程企業社,新北市林口區文化北路1段422號115年06月,黃正賢,200000,,115/06/12,轉讓登記,E599010 配管工程業；E601010 電器承裝業；E601020 電器安裝業；E605010 電腦設備安裝業；E701010 電信工程業；E801010 室內裝潢業；E801020 門窗安裝工程業；E801030 室內輕鋼架工程業；E801040 玻璃安裝工程業；E801070 廚具、衛浴設備安裝工程業；E901010 油漆工程業；EZ99990 其他工程業；F111090 建材批發業；F211010 建材零售業；IZ06010 理貨包裝業；F401010 國際貿易業；I503010 景觀設計業；E903010 防蝕、防銹工程業；F299990 其他零售業；F399040 無店面零售業；IZ12010 人力派遣業；J101030 廢棄物清除業；J101040 廢棄物處理業；J101090 廢棄物清理業；JE01010 租賃業；F106010 五金批發業；F206010 五金零售業；J101080 資源回收業；ZZ99999 除許可業務外，得經營法令非禁止或限制之業務,新北市,變更,11506
61240941,程丹設計工作室,新北市新店區錦秀路18號4樓,程沐川,100000,,115/06/29,負責人改名,I301060 網路廣告平臺業；I401010 一般廣告服務業；I501010 產品設計業；I599990 其他設計業；IZ10010 排版業,新北市,變更,11506
61243383,藤漾小舖,新北市板橋區中正路296號7樓,林德全,200000,,115/06/01,轉讓登記,F209060 文教、樂器、育樂用品零售業；F399040 無店面零售業；F204110 布疋、衣著、鞋、帽、傘、服飾品零售業；ZZ99999 除許可業務外，得經營法令非禁止或限制之業務,新北市,變更,11506
61246277,鐘樓怪人企業社,新北市樹林區學成路597號115年06月,鐘梨月,200000,,115/06/22,所營業務變更,F203010 食品什貨、飲料零售業；F204110 布疋、衣著、鞋、帽、傘、服飾品零售業；F205040 家具、寢具、廚房器具、裝設品零售業；F206010 五金零售業；F206020 日常用品零售業；F206050 寵物食品及其用品零售業；F207030 清潔用品零售業；F209060 文教、樂器、育樂用品零售業；F213010 電器零售業；F215010 首飾及貴金屬零售業；F301010 百貨公司業；F301020 超級市場業；F399010 便利商店業；F501030 飲料店業；ZZ99999 除許可業務外，得經營法令非禁止或限制之業務；F201010 農產品零售業；F201020 畜產品零售業；F201030 水產品零售業；F201990 其他農畜水產品零售業,新北市,變更,11506
61247304,台成企業社,新北市土城區大安路16巷8號5樓,廖淑雪,245000,,115/06/11,所在地變更,CA02030 螺絲、螺帽、螺絲釘、及鉚釘等製品製造業；CA02060 金屬容器製造業；CA02990 其他金屬製品製造業；C901990 其他非金屬礦物製品製造業；CA01990 其他非鐵金屬基本工業；CA02010 金屬結構及建築組件製造業；CA02090 金屬線製品製造業；F199990 其他批發業；F106010 五金批發業；F113990 其他機械器具批發業；F206010 五金零售業；F206030 模具零售業；F213080 機械器具零售業；F213990 其他機械器具零售業；F299990 其他零售業；F401010 國際貿易業；F399040 無店面零售業；ZZ99999 除許可業務外，得經營法令非禁止或限制之業務,新北市,變更,11506
61250503,瑋為屋,新北市永和區得和路55號,謝瑋玲,1000000,,115/06/18,所營業務變更,F207030 清潔用品零售業；F213010 電器零售業；H703100 不動產租賃業；JA03010 洗衣業,新北市,變更,11506
61250601,森森順水產商行,新北市三峽區大觀路35號(1樓),李傑森,100000,,115/06/08,轉讓登記,F201010 農產品零售業；F201030 水產品零售業；ZZ99999 除許可業務外，得經營法令非禁止或限制之業務,新北市,變更,11506
61250790,羽鸚同樂森活館,新北市八里區商港六路13號(1樓) 115年06月,王曉慧,50000,,115/06/02,所營業務變更,F106060 寵物食品及其用品批發業；F202010 飼料零售業；F206020 日常用品零售業；F206050 寵物食品及其用品零售業；F203010 食品什貨、飲料零售業；F206010 五金零售業；F207030 清潔用品零售業；F399040 無店面零售業；A401060 其他動物服務業；F201010 農產品零售業；JZ99180 寵物美容服務業；A401020 家畜禽飼育業；I301060 網路廣告平臺業；I501010 產品設計業；EZ99990 其他工程業；E801010 室內裝潢業；ZZ99999 除許可業務外，得經營法令非禁止或限制之業務,新北市,變更,11506
61251361,貓十五義式冰淇淋,新北市瑞芳區輕便路129之3號(2樓),陳俊宇,200000,,115/06/08,名稱變更,F203010 食品什貨、飲料零售業；F203030 酒精零售業；F204110 布疋、衣著、鞋、帽、傘、服飾品零售業；F205040 家具、寢具、廚房器具、裝設品零售業；F206020 日常用品零售業；F206050 寵物食品及其用品零售業；F208040 化粧品零售業；F102170 食品什貨批發業；F209060 文教、樂器、育樂用品零售業；F210020 眼鏡零售業；F215010 首飾及貴金屬零售業；F221010 食品添加物零售業；F399040 無店面零售業；F401010 國際貿易業；F501030 飲料店業；F501060 餐館業；F101100 花卉批發業；J303010 雜誌（期刊）出版業；I102010 一般投資顧問業；I103060 管理顧問業；I105010 藝術品諮詢顧問業；I199990 其他顧問服務業；I401010 一般廣告服務業；I501010 產品設計業；I503010 景觀設計業；I504010 花藝設計業；I599990 其他設計業,新北市,變更,11506
61256703,精衡科技企業社,新北市八里區龍米路1段308號3樓之5 115年06月,韓璐,1500000,,115/06/16,所營業務變更,F213050 度量衡器零售業；F206010 五金零售業；F106010 五金批發業；F113060 度量衡器批發業；I301010 資訊軟體服務業；F401010 國際貿易業；F213110 電池零售業；F218010 資訊軟體零售業；F219010 電子材料零售業；I501010 產品設計業；ZZ99999 除許可業務外，得經營法令非禁止或限制之業務；F208031 醫療器材零售業；JA02990 其他修理業；F108031 醫療器材批發業；F401181 度量衡器輸入業；F213040 精密儀器零售業；F113030 精密儀器批發業；F113050 電腦及事務性機器設備批發業,新北市,變更,11506
61257457,好述設計影像工作室,新北市中和區華新街192巷8之1號4樓,吳可薇,100000,,115/06/08,其他,J601010 藝文服務業；JZ99030 攝影業；J401010 電影片製作業；J604010 聲音錄製及音樂發行業；I401010 一般廣告服務業；I599990 其他設計業；J404010 動畫影片製作業；J404040 電影錄音業；J602010 演藝活動業,新北市,變更,11506
61259032,耐斯清潔整合企業社,新北市三重區重新路2段78號15樓,周綉梅,200000,,115/06/18,所營業務變更,F106040 水器材料批發業；F105050 家具、寢具、廚房器具、裝設品批發業；F113020 電器批發業；J101010 建築物清潔服務業；JZ99050 仲介服務業；E801070 廚具、衛浴設備安裝工程業；E801010 室內裝潢業；E801030 室內輕鋼架工程業；E901010 油漆工程業；E601020 電器安裝業；F205040 家具、寢具、廚房器具、裝設品零售業；F206040 水器材料零售業；F213010 電器零售業；JA02010 電器及電子產品修理業；F207010 漆料、塗料零售業；J202010 產業育成業；ZZ99999 除許可業務外，得經營法令非禁止或限制之業務,新北市,變更,11506
61259379,鉅鐿商行,新北市新莊區民樂街61號(1樓),賴柏村,50000,,115/06/10,轉讓登記,F209060 文教、樂器、育樂用品零售業,新北市,變更,11506
61259602,青漾手作坊,新北市林口區中山路590之1號2樓,陳月清,50000,,115/06/08,所在地變更,F201070 花卉零售業；F209060 文教、樂器、育樂用品零售業；F399040 無店面零售業；F299990 其他零售業；F207030 清潔用品零售業；F207020 染料、顏料零售業；F206020 日常用品零售業；ZZ99999 除許可業務外，得經營法令非禁止或限制之業務；F205040 家具、寢具、廚房器具、裝設品零售業；F208040 化粧品零售業；F204110 布疋、衣著、鞋、帽、傘、服飾品零售業；J601010 藝文服務業；F399990 其他綜合零售業,新北市,變更,11506
61259841,綠豆夾薏仁商行,新北市三重區仁愛街430號(1樓) 115年06月,陳冠呈,2000,,115/06/26,轉讓登記,F209060 文教、樂器、育樂用品零售業；F203010 食品什貨、飲料零售業,新北市,變更,11506
61260039,燁燁澄學工作室,新北市板橋區四川路1段87巷2弄12之1號3樓,陳品均,200000,,115/06/25,所在地變更,F209060 文教、樂器、育樂用品零售業；F399040 無店面零售業,新北市,變更,11506
61260798,鮪魚翻身創映工作室,新北市汐止區東勢街216巷2弄13號,康哲瑋,220000,,115/06/01,名稱變更,J401010 電影片製作業；J404010 動畫影片製作業；J601010 藝文服務業；J404050 電影特效製作業；E801010 室內裝潢業；I103060 管理顧問業；I503010 景觀設計業,新北市,變更,11506
61261190,禾家控肉飯,新北市泰山區明志路2段330號（1樓）,莊博宇,200000,,115/06/16,更正,F501060 餐館業；F399040 無店面零售業；ZZ99999 除許可業務外，得經營法令非禁止或限制之業務,新北市,變更,11506
61261683,滿香春捲便當店,新北市汐止區樟樹二路136巷4號,鄭鴻邦,200000,,115/06/09,所營業務變更,F501060 餐館業；F203010 食品什貨、飲料零售業,新北市,變更,11506
61261781,堅果帝國工作室,新北市板橋區大同街8巷46號5樓,陳奕霖,200000,,115/06/16,其他,I401010 一般廣告服務業；I401020 廣告傳單分送業；J601010 藝文服務業；F399040 無店面零售業；F204110 布疋、衣著、鞋、帽、傘、服飾品零售業；I501010 產品設計業；I502010 服飾設計業；I199990 其他顧問服務業；JZ99990 未分類其他服務業；J802010 運動訓練業；ZZ99999 除許可業務外，得經營法令非禁止或限制之業務,新北市,變更,11506
61262445,酷騎商行,新北市蘆洲區長興路50巷26號(1樓),郭晉豪,240000,,115/06/02,所在地變更,F214030 汽、機車零件配備零售業；F214040 自行車及其零件零售業；F114040 自行車及其零件批發業；F114030 汽、機車零件配備批發業；F206010 五金零售業；F213110 電池零售業；F214020 機車零售業；F214050 車胎零售業；ZZ99999 除許可業務外，得經營法令非禁止或限制之業務,新北市,變更,11506
61262509,喜從豬來黑豬肉品行,新北市三峽區大勇路31號115年06月,秦卉蓴,50000,,115/06/10,名稱變更,F101040 家畜家禽批發業；F201010 農產品零售業；F201020 畜產品零售業；F201030 水產品零售業；F201990 其他農畜水產品零售業；F203010 食品什貨、飲料零售業；F101050 水產品批發業；F101990 其他農、畜、水產品批發業；ZZ99999 除許可業務外，得經營法令非禁止或限制之業務,新北市,變更,11506
61262803,豐禾果菜行,新北市板橋區華江八路102號5樓,許庭齊,30000,,115/06/04,所營業務變更,F201010 農產品零售業；ZZ99999 除許可業務外，得經營法令非禁止或限制之業務,新北市,變更,11506
61262992,塔塔服飾,新北市土城區廣福街24號3樓,胡硯儒,100000,,115/06/22,所營業務變更,F204110 布疋、衣著、鞋、帽、傘、服飾品零售業；F206020 日常用品零售業；F206050 寵物食品及其用品零售業；F399040 無店面零售業,新北市,變更,11506
61263280,魚眼睛工作室,新北市中和區中山路2段228號14樓之9,曾榆皓,100000,,115/06/23,其他,J601010 藝文服務業；J602010 演藝活動業；J603010 音樂展演空間業；JB01010 會議及展覽服務業；J799990 其他休閒服務業；I501010 產品設計業；I599990 其他設計業；IZ99990 其他工商服務業；I401010 一般廣告服務業；J404010 動畫影片製作業；J401010 電影片製作業；JZ99030 攝影業；J503040 廣播電視廣告業；I301020 資料處理服務業；I301030 電子資訊供應服務業；ZZ99999 除許可業務外，得經營法令非禁止或限制之業務,新北市,變更,11506
61263303,明吉小吃,新北市新莊區中正路609號(1樓),鍾明吉,200000,,115/06/08,所營業務變更,F501060 餐館業；F203010 食品什貨、飲料零售業,新北市,變更,11506
61263394,嚕嚕彌舒壓工作室,新北市鶯歌區育英街6巷23號,蔡可頡,10000,,115/06/04,負責人改名,JZ99080 美容美髮服務業,新北市,變更,11506
61263535,陞和姍科技商號,新北市汐止區水源路1段291巷13弄13號5樓,陳道陞,100000,,115/06/12,增資變更,ZZ99999 除許可業務外，得經營法令非禁止或限制之業務；I103060 管理顧問業；I199990 其他顧問服務業；I301010 資訊軟體服務業；J399010 軟體出版業,新北市,變更,11506
61263747,亮明車體美學店,新北市新莊區民安西路416號115年06月,胡勝淵,200000,,115/06/02,名稱變更,F114030 汽、機車零件配備批發業；F214030 汽、機車零件配備零售業；F113110 電池批發業；F213110 電池零售業；JA01010 汽車修理業；JA01990 其他汽車服務業；F112040 石油製品批發業；F212050 石油製品零售業；ZZ99999 除許可業務外，得經營法令非禁止或限制之業務,新北市,變更,11506
61264627,貓來了心寵兒貓舍,新北市板橋區翠華街4巷7及9號(1樓),林沛希,80000,,115/06/15,所營業務變更,F206050 寵物食品及其用品零售業；A401031 特定寵物服務業；F201081 特定寵物零售業；JZ99180 寵物美容服務業；ZZ99999 除許可業務外，得經營法令非禁止或限制之業務,新北市,變更,11506
61264957,麥舞藝文工作室,新北市汐止區仁愛路106巷6號6樓,葉玟均,100000,,115/06/26,所營業務變更,J601010 藝文服務業；J602010 演藝活動業；F399040 無店面零售業；I199990 其他顧問服務業；I502010 服飾設計業；J603010 音樂展演空間業；F204110 布疋、衣著、鞋、帽、傘、服飾品零售業；F209060 文教、樂器、育樂用品零售業；ZZ99999 除許可業務外，得經營法令非禁止或限制之業務,新北市,變更,11506
61265034,澤鈞策略企業社,新北市新莊區中正路19號,林修碩,100000,,115/06/12,所營業務變更,JE01010 租賃業；F209060 文教、樂器、育樂用品零售業；F203010 食品什貨、飲料零售業；F204110 布疋、衣著、鞋、帽、傘、服飾品零售業；IZ12010 人力派遣業；ZZ99999 除許可業務外，得經營法令非禁止或限制之業務,新北市,變更,11506
61265219,宜進商行,新北市土城區清水路193號,林進義,200000,,115/06/23,所營業務變更,F214040 自行車及其零件零售業；JA02030 自行車修理業；ZZ99999 除許可業務外，得經營法令非禁止或限制之業務,新北市,變更,11506
61265750,未境之後工作室,新北市永和區仁愛路299巷16號(1樓),潘品淳,200000,,115/06/10,所營業務變更,I504010 花藝設計業；F201070 花卉零售業；F399040 無店面零售業；JZ99030 攝影業；ZZ99999 除許可業務外，得經營法令非禁止或限制之業務,新北市,變更,11506
61265816,動域行動本體工作室,新北市五股區芳洲八路148號8樓,孫鴻恩,50000,,115/06/22,所營業務變更,J802010 運動訓練業；J803020 運動比賽業；JZ99990 未分類其他服務業；F399040 無店面零售業；ZZ99999 除許可業務外，得經營法令非禁止或限制之業務,新北市,變更,11506
61265935,療癒城堡商行,新北市板橋區民有街87號(1樓) 115年06月,梁瓊文,100000,,115/06/29,所營業務變更,F204110 布疋、衣著、鞋、帽、傘、服飾品零售業；F209060 文教、樂器、育樂用品零售業；F399040 無店面零售業；F203010 食品什貨、飲料零售業；F206020 日常用品零售業；I401010 一般廣告服務業；ZZ99999 除許可業務外，得經營法令非禁止或限制之業務,新北市,變更,11506
61266131,廣元食品商行,新北市三重區重安街75巷9號,李薇薇,100000,,115/06/23,所營業務變更,F203010 食品什貨、飲料零售業,新北市,變更,11506
61266435,富盛宅急修企業社,新北市淡水區仁愛街20巷2號5樓,林民龍,200000,,115/06/17,所營業務變更,E601010 電器承裝業；F113020 電器批發業；F213010 電器零售業,新北市,變更,11506
61266625,蛋胖胖小食堂,新北市板橋區三民路2段245巷36號(1樓),李怡潔,200000,,115/06/30,所營業務變更,F501060 餐館業；F501990 其他餐飲業；F501030 飲料店業,新北市,變更,11506
61266646,尚宸油漆工程行,新北市深坑區北深路2段132巷8弄6號5樓,蔡尚宸,200000,,115/06/30,其他,E901010 油漆工程業；E801010 室內裝潢業；EZ99990 其他工程業,新北市,變更,11506
61267080,曼谷十七商行,新北市新莊區中正路514巷19號,王志瑜,200000,,115/06/11,所營業務變更,F501060 餐館業；F203010 食品什貨、飲料零售業,新北市,變更,11506
61268601,金源寶水電冷氣行,新北市新莊區中正路645號,蔡漢霖,200000,,115/06/24,所營業務變更,E601010 電器承裝業；E601020 電器安裝業；E604010 機械安裝業；E603040 消防安全設備安裝工程業；F113020 電器批發業；F217010 消防安全設備零售業；ZZ99999 除許可業務外，得經營法令非禁止或限制之業務；CA02010 金屬結構及建築組件製造業；CA02990 其他金屬製品製造業；F106010 五金批發業,新北市,變更,11506
61269159,禾晟境商行,新北市中和區中山路2段332巷1號7樓,陳俊凱,200000,,115/06/26,名稱變更,A101050 花卉栽培業；A102050 作物栽培服務業；A102080 園藝服務業；F101100 花卉批發業；F104110 布疋、衣著、鞋、帽、傘、服飾品批發業；F107050 肥料批發業；F201010 農產品零售業；F201070 花卉零售業；F204110 布疋、衣著、鞋、帽、傘、服飾品零售業；F207050 肥料零售業；F399040 無店面零售業；F401010 國際貿易業；I503010 景觀設計業；I504010 花藝設計業；ZZ99999 除許可業務外，得經營法令非禁止或限制之業務,新北市,變更,11506
61269812,沐頤香氛工作室,新北市板橋區中正路216巷101號2樓115年06月,江欣頤,100000,,115/06/29,所營業務變更,F208040 化粧品零售業；F399040 無店面零售業；F207030 清潔用品零售業；F207990 其他化學製品零售業；ZZ99999 除許可業務外，得經營法令非禁止或限制之業務,新北市,變更,11506
61270698,呷鵝飽小吃店,新北市板橋區重慶路269巷14號(2樓),鄭瑞萍,200000,,115/06/24,所在地變更,F501060 餐館業；F501990 其他餐飲業；ZZ99999 除許可業務外，得經營法令非禁止或限制之業務,新北市,變更,11506
61270711,豆好早豆漿店,新北市林口區文化北路1段368號(1樓),張雅欣,100000,,115/06/25,所營業務變更,F203010 食品什貨、飲料零售業；F501030 飲料店業；F501060 餐館業；ZZ99999 除許可業務外，得經營法令非禁止或限制之業務；E901010 油漆工程業；E603090 照明設備安裝工程業；I503010 景觀設計業；E801070 廚具、衛浴設備安裝工程業；E599010 配管工程業；F106010 五金批發業；F111090 建材批發業；E801020 門窗安裝工程業；E801030 室內輕鋼架工程業；E801040 玻璃安裝工程業；E601020 電器安裝業；E603040 消防安全設備安裝工程業；E603050 自動控制設備工程業；E701040 簡易電信設備安裝業；IZ12010 人力派遣業；J101010 建築物清潔服務業；ZZ99999 除許可業務外，得經營法令非禁止或限制之業務,新北市,變更,11506
61313612,曜達工程行,新北市蘆洲區光華路175巷46號3樓,劉奕杰,200000,,115/06/01,外縣市遷入,EZ02010 起重工程業；EZ99990 其他工程業；F401010 國際貿易業；JA01020 汽車拖吊業；ZZ99999 除許可業務外，得經營法令非禁止或限制之業務,新北市,變更,11506
67805239,杏譯工作坊,新北市中和區圓通路262號7樓,何林標,200000,,115/06/24,所在地變更,IZ01010 影印業；IZ02010 打字業；IZ04010 翻譯業；I401010 一般廣告服務業；I301010 資訊軟體服務業,新北市,變更,11506
67806862,姿軒企業社,新北市中和區景安路８６號１樓115年06月,張淑真,50000,,115/06/30,所營業務變更,I199990 其他顧問服務業；JZ99080 美容美髮服務業；F208040 化粧品零售業；F207030 清潔用品零售業；JZ99990 未分類其他服務業,新北市,變更,11506
72346565,吉客爾德工作室,新北市淡水區義山路1段3號2樓,劉建廷,200000,,115/06/24,轉讓登記,ZZ99999 除許可業務外，得經營法令非禁止或限制之業務；I199990 其他顧問服務業；I301010 資訊軟體服務業；I301020 資料處理服務業；I301030 電子資訊供應服務業；I301050 實境體感應用服務業；I501010 產品設計業,新北市,變更,11506
72360616,瘋格小鋪,新北市板橋區四川路2段243號3樓之1,黃喬鈺,200000,,115/06/03,外縣市遷入,F399040 無店面零售業；F205040 家具、寢具、廚房器具、裝設品零售業；F206020 日常用品零售業；F399990 其他綜合零售業,新北市,變更,11506
72648098,津心企業社,新北市板橋區民權路202巷17弄61號2樓,李美惠,240000,,115/06/11,所在地變更,F107030 清潔用品批發業；F207030 清潔用品零售業；J101010 建築物清潔服務業；J101030 廢棄物清除業；F401010 國際貿易業；ZZ99999 除許可業務外，得經營法令非禁止或限制之業務,新北市,變更,11506
72650397,松村壽司店,新北市新莊區民安西路236巷5號,謝佾展,1000000,,115/06/25,增資變更,F501060 餐館業；F501030 飲料店業；F203010 食品什貨、飲料零售業,新北市,變更,11506
72652655,早饗宴早餐店,新北市板橋區莊敬路134號,王維凡,100000,,115/06/17,轉讓登記,F501060 餐館業；ZZ99999 除許可業務外，得經營法令非禁止或限制之業務,新北市,變更,11506
72653578,冠凡天工程行,新北市蘆洲區長安街46巷27號2樓,陳宥成,240000,,115/06/25,轉讓登記,E901010 油漆工程業；E801010 室內裝潢業；E801020 門窗安裝工程業；E801030 室內輕鋼架工程業；E801040 玻璃安裝工程業；E801070 廚具、衛浴設備安裝工程業；F111090 建材批發業；F113020 電器批發業；F205040 家具、寢具、廚房器具、裝設品零售業；F211010 建材零售業；F401010 國際貿易業；I503010 景觀、室內設計業；F105050 家具、寢具、廚房器具、裝設品批發業；ZZ99999 除許可業務外，得經營法令非禁止或限制之業務,新北市,變更,11506
72653850,享茶陶藝茶業行,新北市淡水區水源街1段101號115年06月,鄭君偉,100000,,115/06/18,轉讓登記,F203010 食品什貨、飲料零售業；F206020 日常用品零售業；ZZ99999 除許可業務外，得經營法令非禁止或限制之業務,新北市,變更,11506
72669656,香郁水果商行,新北市永和區保平路205號,魏培仁,240000,,115/06/17,所在地變更,F201010 農產品零售業；F203010 食品什貨、飲料零售業；C110010 飲料製造業；ZZ99999 除許可業務外，得經營法令非禁止或限制之業務,新北市,變更,11506
72671935,百義商行,新北市中和區忠孝街5之1號1樓,明彩婕,150000,,115/06/18,轉讓登記,F501060 餐館業；F203010 食品什貨、飲料零售業,新北市,變更,11506
72675876,巧詰企業社,新北市八里區忠孝路319號115年06月,陳諭澐,2100000,,115/06/18,所營業務變更,F114030 汽、機車零件配備批發業；F214030 汽、機車零件配備零售業；F113010 機械批發業；F113020 電器批發業；F113990 其他機械器具批發業；F213080 機械器具零售業；ZZ99999 除許可業務外，得經營法令非禁止或限制之業務；F206050 寵物食品及其用品零售業；F202010 飼料零售業；F207070 動物用藥零售業；F401010 國際貿易業；F204110 布疋、衣著、鞋、帽、傘、服飾品零售業；F206020 日常用品零售業；CZ99990 未分類其他工業製品製造業；CC01080 電子零組件製造業；F119010 電子材料批發業；F106030 模具批發業；CC01110 電腦及其週邊設備製造業；CC01120 資料儲存媒體製造及複製業；F213990 其他機械器具零售業；CE01010 一般儀器製造業；CE01990 其他光學及精密器械製造業；F106010 五金批發業；F109070 文教、樂器、育樂用品批發業；F113030 精密儀器批發業；F113050 電腦及事務性機器設備批發業；F113070 電信器材批發業；F118010 資訊軟體批發業；F120010 耐火材料批發業；F206010 五金零售業；F213030 電腦及事務性機器設備零售業；F213040 精密儀器零售業；F218010 資訊軟體零售業；F219010 電子材料零售業；F220010 耐火材料零售業；I301010 資訊軟體服務業；I301020 資料處理服務業；I301030 電子資訊供應服務業；IZ12010 人力派遣業；F114990 其他交通運輸工具及其零件批發業；F114060 船舶及其零件批發業,新北市,變更,11506
72679330,壹零陸捌企業社,新北市板橋區實踐路93巷46號(1樓),林明智,200000,,115/06/23,組織變更,F104110 布疋、衣著、鞋、帽、傘、服飾品批發業；F204110 布疋、衣著、鞋、帽、傘、服飾品零售業；F399040 無店面零售業；ZZ99999 除許可業務外，得經營法令非禁止或限制之業務,新北市,變更,11506
72684306,曉卡邦廣告工作室,新北市淡水區中山北路2段189巷38號10樓,李思瑱,240000,,115/06/15,轉讓登記,I401010 一般廣告服務業；I501010 產品設計業；IZ01010 影印業；IZ10010 排版業；C701010 印刷業；C702010 製版業；C703010 印刷品裝訂及加工業；E601010 電器承裝業；E801010 室內裝潢業；JB01010 會議及展覽服務業,新北市,變更,11506
72687325,牛真好吃牛排館,新北市三峽區國際二街19號115年06月,林邑軒,240000,,115/06/08,出資額變更,F501060 餐館業；F203010 食品什貨、飲料零售業；ZZ99999 除許可業務外，得經營法令非禁止或限制之業務,新北市,變更,11506
72688470,開全企業社,新北市萬里區孝二街5號2樓,黄雅惠,230000,,115/06/06,轉讓登記,E603010 電纜安裝工程業；E603020 電梯安裝工程業；E603050 自動控制設備工程業；E603090 照明設備安裝工程業；E603100 電焊工程業；E603110 冷作工程業；E603120 噴砂工程業；E604010 機械安裝業；E801010 室內裝潢業；E801020 門窗安裝工程業；E801030 室內輕鋼架工程業；E801040 玻璃安裝工程業；E801070 廚具、衛浴設備安裝工程業；E901010 油漆工程業；E903010 防蝕、防銹工程業；EZ02010 起重工程業；EZ05010 儀器、儀表安裝工程業；EZ07010 鑽孔工程業；EZ14010 運動場地用設備工程業；EZ15010 保溫、保冷安裝工程業；EZ99990 其他工程業；F106010 五金批發業；F111090 建材批發業；F114990 其他交通運輸工具及其零件批發業；F199990 其他批發業；F206010 五金零售業；F207010 漆料、塗料零售業；F211010 建材零售業；F401010 國際貿易業；CA01020 鋼鐵軋延及擠型業；CA02010 金屬結構及建築組件製造業；CB01010 機械設備製造業；G405010 貨櫃出租業；G799990 其他運輸輔助業；G801010 倉儲業；I503010 景觀、室內設計業；I504010 花藝設計業；I599990 其他設計業；IZ12010 人力派遣業；J101040 廢棄物處理業；J101080 資源回收業；J101990 其他環境衛生及污染防治服務業；JA02990 其他修理業；ZZ99999 除許可業務外，得經營法令非禁止或限制之業務,新北市,變更,11506
72689479,夾客俱樂部,新北市中和區福美路251號115年06月,陳威任,200000,,115/06/10,轉讓登記,F206020 日常用品零售業；F209060 文教、樂器、育樂用品零售業；ZZ99999 除許可業務外，得經營法令非禁止或限制之業務,新北市,變更,11506
72690665,郡帆企業社,新北市永和區民權路53之1號(2樓),賴思帆,200000,,115/06/12,所在地變更,F204110 布疋、衣著、鞋、帽、傘、服飾品零售業；F206020 日常用品零售業；F209060 文教、樂器、育樂用品零售業；F399040 無店面零售業；ZZ99999 除許可業務外，得經營法令非禁止或限制之業務,新北市,變更,11506
72693305,諾瓦義大利麵坊,新北市板橋區實踐路157號(1樓),曾珮寧,200000,,115/06/24,其他,F203010 食品什貨、飲料零售業；F501030 飲料店業；F501060 餐館業,新北市,變更,11506
72693430,泇玥工作室,新北市土城區中華路2段190號4樓115年06月,詹旻霏,200000,,115/06/16,組織變更,F399040 無店面零售業；F401010 國際貿易業；F399990 其他綜合零售業；F104110 布疋、衣著、鞋、帽、傘、服飾品批發業；F105050 家具、寢具、廚房器具、裝設品批發業；F106020 日常用品批發業；F107030 清潔用品批發業；F106050 陶瓷玻璃器皿批發業；F108040 化粧品批發業；F109070 文教、樂器、育樂用品批發業；F110010 鐘錶批發業；F199990 其他批發業；F204110 布疋、衣著、鞋、帽、傘、服飾品零售業；F205040 家具、寢具、廚房器具、裝設品零售業；F206020 日常用品零售業；F207030 清潔用品零售業；F208040 化粧品零售業；F209060 文教、樂器、育樂用品零售業；F210010 鐘錶零售業；F299990 其他零售業；F203010 食品什貨、飲料零售業；F102170 食品什貨批發業；F206010 五金零售業；F208050 乙類成藥零售業；F113020 電器批發業；F215010 首飾及貴金屬零售業；F201010 農產品零售業；F101130 蔬果批發業；F201020 畜產品零售業；F101040 家畜家禽批發業；F201030 水產品零售業；F101050 水產品批發業；F106010 五金批發業；ZZ99999 除許可業務外，得經營法令非禁止或限制之業務,新北市,變更,11506
72694418,橘螢日貨行,新北市蘆洲區九芎里長安街22巷8弄11號5樓,陳曉螢,1000000,,115/06/15,增資變更,F102170 食品什貨批發業；F104110 布疋、衣著、鞋、帽、傘、服飾品批發業；F105050 家具、寢具、廚房器具、裝設品批發業；F106020 日常用品批發業；F109070 文教、樂器、育樂用品批發業；F114030 汽、機車零件配備批發業；F114040 自行車及其零件批發業；F203010 食品什貨、飲料零售業；F204110 布疋、衣著、鞋、帽、傘、服飾品零售業；F205040 家具、寢具、廚房器具、裝設品零售業；F206020 日常用品零售業；F209060 文教、樂器、育樂用品零售業；F214030 汽、機車零件配備零售業；F214040 自行車及其零件零售業；F399040 無店面零售業；F401010 國際貿易業；ZZ99999 除許可業務外，得經營法令非禁止或限制之業務；F102030 菸酒批發業；F203020 菸酒零售業；F108040 化粧品批發業；F208040 化粧品零售業,新北市,變更,11506
72867277,增銀工程行,新北市三峽區大德路36號13樓之1,劉增銀,200000,,115/06/29,其他,E599010 配管工程業；E801030 室內輕鋼架工程業；EZ07010 鑽孔工程業；EZ11010 球場跑道樹脂材料鋪設工程業；EZ15010 保溫、保冷安裝工程業；ZZ99999 除許可業務外，得經營法令非禁止或限制之業務,新北市,變更,11506
72868590,八強產品模型行,新北市汐止區大同路1段337巷16弄16號,莊碧峰,200000,,115/06/18,負責人變更,C805050 工業用塑膠製品製造業；C805990 其他塑膠製品製造業；F401010 國際貿易業；ZZ99999 除許可業務外，得經營法令非禁止或限制之業務,新北市,變更,11506
72869253,華璽數位企業社,新北市八里區龍米路1段11巷2號(2樓),陳信瑋,190000,,115/06/02,所在地變更,F206020 日常用品零售業；F209060 文教、樂器、育樂用品零售業；F299990 其他零售業；I599990 其他設計業；IZ99990 其他工商服務業；ZZ99999 除許可業務外，得經營法令非禁止或限制之業務,新北市,變更,11506
72876022,元利工程行,新北市新店區安泰路60巷55弄23號(1樓) 115年06月,蔡淑子,200000,,115/06/12,轉讓登記,E599010 配管工程業；E601020 電器安裝業；E603010 電纜安裝工程業；E605010 電腦設備安裝業；ZZ99999 除許可業務外，得經營法令非禁止或限制之業務,新北市,變更,11506
72876037,新北泰山家禽運銷社,新北市泰山區中港南路103號,謝總陣,200000,,115/06/08,繼承登記,C101010 屠宰業；F201020 畜產品零售業；ZZ99999 除許可業務外，得經營法令非禁止或限制之業務,新北市,變更,11506
72977915,楊家商行,新北市板橋區仁化街31號,楊詠安,200000,,115/06/18,名稱變更,F102040 飲料批發業；F102170 食品什貨批發業；F104110 布疋、衣著、鞋、帽、傘、服飾品批發業；F105050 家具、寢具、廚房器具、裝設品批發業；F106010 五金批發業；F106020 日常用品批發業；F108040 化粧品批發業；F203010 食品什貨、飲料零售業；F204110 布疋、衣著、鞋、帽、傘、服飾品零售業；F205040 家具、寢具、廚房器具、裝設品零售業；F206010 五金零售業；F206020 日常用品零售業；F208040 化粧品零售業；F399040 無店面零售業；F399990 其他綜合零售業；F401010 國際貿易業；F501030 飲料店業；F501990 其他餐飲業；H703100 不動產租賃業；JE01010 租賃業；JZ99030 攝影業；JZ99080 美容美髮服務業；ZZ99999 除許可業務外，得經營法令非禁止或限制之業務,新北市,變更,11506
74928530,黎明旅館,新北市新店區北新路3段51之1號4樓,林炳宏,240000,,115/06/30,負責人變更,J901020 一般旅館業,新北市,變更,11506
74936807,半價洗衣店,新北市永和區得和路344號115年06月,李正庸,100000,,115/06/08,所在地變更,JA03010 洗衣業（毛羽類之洗滌洗染或漂白者除外）,新北市,變更,11506
76412170,山陽產業,新北市中和區中山路2段146號地下一層115年06月,林品毅,240000,,115/06/08,外縣市遷入,F102040 飲料批發業；F102050 茶葉批發業；F102170 食品什貨批發業；F105050 家具、寢具、廚房器具、裝設品批發業；F106010 五金批發業；F106020 日常用品批發業；F106030 模具批發業；F107030 清潔用品批發業；F107200 化學原料批發業；F108040 化粧品批發業；F109070 文教、樂器、育樂用品批發業；F113020 電器批發業；F203010 食品什貨、飲料零售業；F204110 布疋、衣著、鞋、帽、傘、服飾品零售業；F205040 家具、寢具、廚房器具、裝設品零售業；F209060 文教、樂器、育樂用品零售業；F399040 無店面零售業；F399990 其他綜合零售業；F401010 國際貿易業；I103060 管理顧問業；I301010 資訊軟體服務業；I301020 資料處理服務業；I401010 一般廣告服務業；I401020 廣告傳單分送業；I501010 產品設計業；I599990 其他設計業；IZ01010 影印業；IZ10010 排版業；IZ99990 其他工商服務業；C601040 加工紙製造業；C601030 紙容器製造業；C701010 印刷業；C703010 印刷品裝訂及加工業；C802090 清潔用品製造業；C802100 化粧品製造業；C805030 塑膠日用品製造業；CA01100 鋁材軋延、伸線、擠型業；CA02010 金屬結構及建築組件製造業；CK01010 製鞋業；CQ01010 模具製造業；CZ99990 未分類其他工業製品製造業；J101010 建築物清潔服務業；JA03010 洗衣業；JE01010 租賃業；JZ99990 未分類其他服務業；G801010 倉儲業；ZZ99999 除許可業務外，得經營法令非禁止或限制之業務,新北市,變更,11506
78196418,有正商行,新北市板橋區大同街21巷23號5樓,戴志誠,50000,,115/06/22,所營業務變更,F206020 日常用品零售業；F399040 無店面零售業,新北市,變更,11506
78582729,百利機車行,新北市鶯歌區中正三路88號1樓,薛炳川,45000,,115/06/11,所營業務變更,F214030 汽、機車零件配備零售業；F214020 機車零售業；JA02020 機車修理業,新北市,變更,11506
78897559,億德堂蔘藥行,新北市新莊區新莊路325號1樓,蔡文晶,100000,,115/06/10,名稱變更,F108011 中藥批發業；F208011 中藥零售業,新北市,變更,11506
80002808,人類行為選物店,新北市永和區秀朗路2段124之2號(1樓),李彥勳,50000,,115/06/29,轉讓登記,F209060 文教、樂器、育樂用品零售業,新北市,變更,11506
80008845,鼎揚軒工程行,新北市汐止區福德一路106巷8號5樓,廖瑩錚,238000,,115/06/23,所在地變更,F107030 清潔用品批發業；F401010 國際貿易業；J101010 建築物清潔服務業；J101020 病媒防治業；J101090 廢棄物清理業；E801010 室內裝潢業；E801030 室內輕鋼架工程業；ZZ99999 除許可業務外，得經營法令非禁止或限制之業務,新北市,變更,11506
80009561,阜元玲工作室,新北市新店區永業路81巷30號5樓115年06月,阮玲,100000,,115/06/08,所在地變更,F104110 布疋、衣著、鞋、帽、傘、服飾品批發業；F204110 布疋、衣著、鞋、帽、傘、服飾品零售業；F105050 家具、寢具、廚房器具、裝設品批發業；F205040 家具、寢具、廚房器具、裝設品零售業；F108040 化粧品批發業；F208040 化粧品零售業；F107030 清潔用品批發業；F207030 清潔用品零售業；F206020 日常用品零售業；F102170 食品什貨批發業；F203010 食品什貨、飲料零售業；F399990 其他綜合零售業；ZZ99999 除許可業務外，得經營法令非禁止或限制之業務,新北市,變更,11506
80012783,立江工程行,新北市新莊區新知三路61號3樓115年06月,酆亦媗,1100000,,115/06/30,所在地變更,E599010 配管工程業；E601020 電器安裝業；E603040 消防安全設備安裝工程業；E603050 自動控制設備工程業；E603090 照明設備安裝工程業；E607010 太陽熱能設備安裝工程業；E701040 簡易電信設備安裝業；E801010 室內裝潢業；E801020 門窗安裝工程業；E801030 室內輕鋼架工程業；E801040 玻璃安裝工程業；E801070 廚具、衛浴設備安裝工程業；E901010 油漆工程業；E903010 防蝕、防銹工程業；EZ02010 起重工程業；EZ07010 鑽孔工程業；EZ11010 球場跑道樹脂材料鋪設工程業；EZ99990 其他工程業；F105050 家具、寢具、廚房器具、裝設品批發業；F106010 五金批發業；F106020 日常用品批發業；F107030 清潔用品批發業；F111090 建材批發業；F113020 電器批發業；F120010 耐火材料批發業；F205040 家具、寢具、廚房器具、裝設品零售業；F206010 五金零售業；F206020 日常用品零售業；F211010 建材零售業；F213010 電器零售業；F220010 耐火材料零售業；F401010 國際貿易業；I199990 其他顧問服務業；I501010 產品設計業；I503010 景觀、室內設計業；I504010 花藝設計業；I599990 其他設計業；IZ12010 人力派遣業；J101010 建築物清潔服務業；J101030 廢棄物清除業；G799990 其他運輸輔助業；ZZ99999 除許可業務外，得經營法令非禁止或限制之業務,新北市,變更,11506
80016654,彥姮企業社,新北市新莊區立信三街25之7號13樓,陳蒔儀,200000,,115/06/04,所在地變更,F111090 建材批發業；I401010 一般廣告服務業；I503010 景觀、室內設計業；E801010 室內裝潢業；H703090 不動產買賣業；F104110 布疋、衣著、鞋、帽、傘、服飾品批發業；F105050 家具、寢具、廚房器具、裝設品批發業；F106010 五金批發業；F106020 日常用品批發業；I501010 產品設計業；ZZ99999 除許可業務外，得經營法令非禁止或限制之業務,新北市,變更,11506
80017416,廣宜企業社,新北市新莊區中正路895之13號5樓,郭美玲,200000,,115/06/09,所在地變更,EZ07010 鑽孔工程業；E502010 燃料導管安裝工程業；E599010 配管工程業；E601020 電器安裝業；E603010 電纜安裝工程業；E603100 電焊工程業；E604010 機械安裝業；E901010 油漆工程業；E903010 防蝕、防銹工程業；EZ02010 起重工程業；EZ99990 其他工程業；ZZ99999 除許可業務外，得經營法令非禁止或限制之業務,新北市,變更,11506
80018077,唯空間塗裝工作室,新北市淡水區新春街125巷69號,梁唯君,200000,,115/06/02,所在地變更,E901010 油漆工程業；E801010 室內裝潢業；E903010 防蝕、防銹工程業；EZ99990 其他工程業；ZZ99999 除許可業務外，得經營法令非禁止或限制之業務,新北市,變更,11506
80019499,尚升企業社,新北市鶯歌區永吉街46巷61號,陳進志,100000,,115/06/18,所在地變更,JZ99090 喜慶綜合服務業,新北市,變更,11506
80022311,嘉新車業企業社,新北市瑞芳區基山街120號(1樓),林昀輯,200000,,115/06/22,所在地變更,F214020 機車零售業；F214030 汽、機車零件配備零售業；F214990 其他交通運輸工具及其零件零售業；JA01020 汽車拖吊業；JA01990 其他汽車服務業；JA02020 機車修理業；JE01010 租賃業；ZZ99999 除許可業務外，得經營法令非禁止或限制之業務,新北市,變更,11506
80023402,源源企業社,新北市新莊區中原路98號之1 115年06月,黃斌暉,150000,,115/06/23,轉讓登記,F209060 文教、樂器、育樂用品零售業,新北市,變更,11506
80024824,快來購居家生活館,新北市中和區大勇街25巷21號(1樓),鄭煒騰,200000,,115/06/17,名稱變更,F205040 家具、寢具、廚房器具、裝設品零售業；F206020 日常用品零售業；F213010 電器零售業；F299990 其他零售業；F399990 其他綜合零售業；F399040 無店面零售業；F213990 其他機械器具零售業；F213080 機械器具零售業；F206010 五金零售業；F204110 布疋、衣著、鞋、帽、傘、服飾品零售業；F105050 家具、寢具、廚房器具、裝設品批發業；F104110 布疋、衣著、鞋、帽、傘、服飾品批發業,新北市,變更,11506
80026288,彤恩企業社,新北市汐止區樟樹一路1巷8號7樓,陳曼妮,200000,,115/06/23,所在地變更,F206060 祭祀用品零售業；F206020 日常用品零售業；F208040 化粧品零售業；F203010 食品什貨、飲料零售業；F215010 首飾及貴金屬零售業；F215020 礦石零售業；F399040 無店面零售業；F218010 資訊軟體零售業；F399990 其他綜合零售業；JZ99030 攝影業；J601010 藝文服務業；I401010 一般廣告服務業；IZ99990 其他工商服務業；JZ99990 未分類其他服務業；I103060 管理顧問業；I199990 其他顧問服務業；ZZ99999 除許可業務外，得經營法令非禁止或限制之業務,新北市,變更,11506
80026506,黑式鍋物,新北市淡水區新春街97之2號,呂冠辰,200000,,115/06/01,出資額變更,F501060 餐館業；F501030 飲料店業；F203010 食品什貨、飲料零售業；F401010 國際貿易業；ZZ99999 除許可業務外，得經營法令非禁止或限制之業務,新北市,變更,11506
80027272,米倉商行,新北市蘆洲區中正路243巷7弄29號(1樓),陳佳欣,240000,,115/06/01,轉讓登記,F501030 飲料店業；F501060 餐館業；F399040 無店面零售業,新北市,變更,11506
80027337,沃克奧商行,新北市樹林區中山路1段47號(1樓) 115年06月,林詩涵,100000,,115/06/12,出資額變更,F501060 餐館業,新北市,變更,11506
80086497,辰亦工程行,新北市淡水區大信街23號,楊詠善,220000,,115/06/02,外縣市遷入,E801010 室內裝潢業；EZ99990 其他工程業；E903010 防蝕、防銹工程業；F111090 建材批發業；F211010 建材零售業；JE01010 租賃業；ZZ99999 除許可業務外，得經營法令非禁止或限制之業務,新北市,變更,11506
80112586,騰達活動企業社,新北市三芝區淡金路2段95號11樓之2,賴俊達,200000,,115/06/10,名稱變更,JE01010 租賃業；JZ99090 喜慶綜合服務業；J601010 藝文服務業；J602010 演藝活動業；J603010 音樂展演空間業,新北市,變更,11506
80928699,金都髮廊,新北市板橋區仁化街55號(1樓),謝玉婷,10000,,115/06/03,轉讓登記,JZ99080 美容美髮服務業,新北市,變更,11506
80931625,宏廣瓷器商行,新北市鶯歌區尖山埔路43號,黃宏堃,100000,,115/06/25,所在地變更,F205020 裝設品零售業,新北市,變更,11506
80933222,邦駿實業社,新北市三重區新北大道1段100巷9弄15號(1樓),黃朝志,245000,,115/06/11,繼承登記,F106010 五金批發業；F106030 模具批發業；F113010 機械批發業；F119010 電子材料批發業；F114030 汽、機車零件配備批發業；F113050 電腦及事務性機器設備批發業；ZZ99999 除許可業務外，得經營法令非禁止或限制之業務,新北市,變更,11506
81412777,仙香成都小吃店,新北市板橋區漢生西路7號115年06月,許庭耀,179000,,115/06/08,外縣市遷入,F501060 餐館業,新北市,變更,11506
82088192,翔實工程行,新北市金山區三界壇路109巷4號,黃文雄,245000,,115/06/08,所在地變更,E801010 室內裝潢業；E801030 室內輕鋼架工程業；E801040 玻璃安裝工程業；E801070 廚具、衛浴設備安裝工程業；E901010 油漆工程業；EZ02010 起重工程業；EZ07010 鑽孔工程業；EZ11010 球場跑道樹脂材料鋪設工程業；EZ14010 運動場地用設備工程業；EZ99990 其他工程業；F106010 五金批發業；F111090 建材批發業；F113990 其他機械器具批發業；F120010 耐火材料批發業；F199990 其他批發業；F206010 五金零售業；F211010 建材零售業；F213990 其他機械器具零售業；F220010 耐火材料零售業；F299990 其他零售業；H701010 住宅及大樓開發租售業；H703090 不動產買賣業；H703100 不動產租賃業；IZ12010 人力派遣業；J101010 建築物清潔服務業；JE01010 租賃業；JZ99050 仲介服務業；ZZ99999 除許可業務外，得經營法令非禁止或限制之業務,新北市,變更,11506
82096664,鑫德車行,新北市三重區光復路2段87巷6之1號,汪玉婷,200000,,115/06/17,所在地變更,F214010 汽車零售業；F401010 國際貿易業；F214030 汽、機車零件配備零售業；ZZ99999 除許可業務外，得經營法令非禁止或限制之業務,新北市,變更,11506
82115368,廣玉小館,新北市中和區福祥路1號(1樓),黃文政,50000,,115/06/12,轉讓登記,F501060 餐館業,新北市,變更,11506
82127126,春天球根園藝工作室,新北市新莊區中平路87巷4號4樓115年06月,陳蕙琪,200000,,115/06/24,所在地變更,F201070 花卉零售業；F203010 食品什貨、飲料零售業；F501030 飲料店業,新北市,變更,11506
82130001,鴻業國際工程行,新北市新莊區新知三路61號3樓,陳瓊如,240000,,115/06/22,所在地變更,A102080 園藝服務業；E599010 配管工程業；E601010 電器承裝業；E601020 電器安裝業；E603040 消防安全設備安裝工程業；E603090 照明設備安裝工程業；E603130 燃氣熱水器承裝業；E801010 室內裝潢業；E801070 廚具、衛浴設備安裝工程業；E901010 油漆工程業；EZ99990 其他工程業；F101100 花卉批發業；F105050 家具、寢具、廚房器具、裝設品批發業；F106010 五金批發業；F106040 水器材料批發業；F111090 建材批發業；F113020 電器批發業；F120010 耐火材料批發業；F201070 花卉零售業；F205040 家具、寢具、廚房器具、裝設品零售業；F206010 五金零售業；F206040 水器材料零售業；F211010 建材零售業；F213010 電器零售業；F220010 耐火材料零售業；F399040 無店面零售業；F399990 其他綜合零售業；F401010 國際貿易業；H701010 住宅及大樓開發租售業；H701020 工業廠房開發租售業；H701050 投資興建公共建設業；H701060 新市鎮、新社區開發業；H701070 區段徵收及市地重劃代辦業；H701090 都市更新整建維護業；H703100 不動產租賃業；I101070 農、林、漁、畜牧顧問業；I103060 管理顧問業；I199990 其他顧問服務業；I401010 一般廣告服務業；I401020 廣告傳單分送業；I501010 產品設計業；I503010 景觀、室內設計業；I504010 花藝設計業；ZZ99999 除許可業務外，得經營法令非禁止或限制之業務,新北市,變更,11506
82131022,醉海滷味店,新北市蘆洲區信義路255號115年06月,江泓逸,100000,,115/06/03,合夥人變更,F501990 其他餐飲業,新北市,變更,11506
82134604,幸福電動車行,新北市三峽區中山路62號(1樓),郭榮傑,50000,,115/06/10,所營業務變更,F214040 自行車及其零件零售業；JA02030 自行車修理業；F209060 文教、樂器、育樂用品零售業；F208031 醫療器材零售業；F399040 無店面零售業；JA02020 機車修理業；F214020 機車零售業,新北市,變更,11506
82137320,亞莎企業社,新北市淡水區北新路2之1號5樓,王英蓁,200000,,115/06/05,所營業務變更,F203010 食品什貨、飲料零售業；F204110 布疋、衣著、鞋、帽、傘、服飾品零售業；F205040 家具、寢具、廚房器具、裝設品零售業；F206020 日常用品零售業；F206010 五金零售業；F208040 化粧品零售業；F213010 電器零售業；F215010 首飾及貴金屬零售業；F209060 文教、樂器、育樂用品零售業；F206050 寵物食品及其用品零售業；F399010 便利商店業；F399040 無店面零售業；F399990 其他綜合零售業；F299990 其他零售業；ZZ99999 除許可業務外，得經營法令非禁止或限制之業務；F210020 眼鏡零售業；F213030 電腦及事務性機器設備零售業；F213060 電信器材零售業；F214040 自行車及其零件零售業；F216010 照相器材零售業；F218010 資訊軟體零售業；H703100 不動產租賃業；F301020 超級市場業；J601010 藝文服務業；JB01010 會議及展覽服務業；I401010 一般廣告服務業；JZ99090 喜慶綜合服務業；JE01010 租賃業；F203020 菸酒零售業；F210010 鐘錶零售業；F301010 百貨公司業；F501030 飲料店業；F501060 餐館業；F601010 智慧財產權業；I103060 管理顧問業；I105010 藝術品諮詢顧問業；I199990 其他顧問服務業；I301010 資訊軟體服務業,新北市,變更,11506
82138019,甦活電位健康館,新北市中和區復興路312號(1樓) 115年06月,蔡彰祺,5000,,115/06/12,所在地變更,F208031 醫療器材零售業,新北市,變更,11506
82144687,銘磊管理顧問社,新北市三重區環河南路254巷25號(1樓),許雅典,100000,,115/06/25,外縣市遷入,I101090 食品顧問業；I103060 管理顧問業；I199990 其他顧問服務業；F102170 食品什貨批發業；F203010 食品什貨、飲料零售業；ZZ99999 除許可業務外，得經營法令非禁止或限制之業務,新北市,變更,11506
82146003,嘉韋通信工程行,新北市永和區環河西路2段235號11樓之2,陳麗梅,200000,,115/06/15,轉讓登記,E601010 電器承裝業；E603010 電纜安裝工程業；E701010 電信工程業；E701030 電信管制射頻器材裝設工程業；F119010 電子材料批發業；F106010 五金批發業；E599010 配管工程業；ZZ99999 除許可業務外，得經營法令非禁止或限制之業務,新北市,變更,11506
82150293,陽光元氣店,新北市新店區安和路2段167號(1樓),羅臻,100000,,115/06/23,轉讓登記,F501060 餐館業；ZZ99999 除許可業務外，得經營法令非禁止或限制之業務,新北市,變更,11506
82192688,振財企業社,新北市泰山區明志路3段74巷5號2樓,林群釗,200000,,115/06/11,所在地變更,F399010 便利商店業；ZZ99999 除許可業務外，得經營法令非禁止或限制之業務,新北市,變更,11506
82216302,信欣商行,新北市新莊區龍安路268號,黃鈞譽,200000,,115/06/24,轉讓登記,F101040 家畜家禽批發業；F102170 食品什貨批發業；F101050 水產品批發業；F501060 餐館業；F501030 飲料店業；ZZ99999 除許可業務外，得經營法令非禁止或限制之業務,新北市,變更,11506
82261137,伊登工程行,新北市淡水區英專路79巷13號(1樓) 115年06月,黃義典,240000,,115/06/30,所在地變更,E599010 配管工程業；E601010 電器承裝業；E603020 電梯安裝工程業；E603040 消防安全設備安裝工程業；E603090 照明設備安裝工程業；E603100 電焊工程業；E801010 室內裝潢業；E801020 門窗安裝工程業；E801030 室內輕鋼架工程業；E801040 玻璃安裝工程業；E801070 廚具、衛浴設備安裝工程業；E901010 油漆工程業；E903010 防蝕、防銹工程業；F111090 建材批發業；F399040 無店面零售業；F401010 國際貿易業；I503010 景觀、室內設計業；IZ12010 人力派遣業；ZZ99999 除許可業務外，得經營法令非禁止或限制之業務,新北市,變更,11506
82278735,倍特網路企業社,新北市淡水區石頭厝８之６號115年06月,謝鎮宇,200000,,115/06/11,所營業務變更,F204110 布疋、衣著、鞋、帽、傘、服飾品零售業；F106020 日常用品批發業；F106010 五金批發業；F109070 文教、樂器、育樂用品批發業；F110020 眼鏡批發業；F110010 鐘錶批發業；F113050 電腦及事務性機器設備批發業；F113020 電器批發業；F113110 電池批發業；F114030 汽、機車零件配備批發業；F114040 自行車及其零件批發業；F118010 資訊軟體批發業；F119010 電子材料批發業；F203010 食品什貨、飲料零售業；F205040 家具、寢具、廚房器具、裝設品零售業；F206020 日常用品零售業；F206010 五金零售業；F401010 國際貿易業；F219010 電子材料零售業；F399040 無店面零售業；F104110 布疋、衣著、鞋、帽、傘、服飾品批發業；F105050 家具、寢具、廚房器具、裝設品批發業；I301010 資訊軟體服務業；I301020 資料處理服務業；I301030 電子資訊供應服務業；I103060 管理顧問業；I199990 其他顧問服務業,新北市,變更,11506
82301546,杰克森企業社,新北市板橋區陽明街39號115年06月,李侑龍,1000000,,115/06/12,所在地變更,F102020 食用油脂批發業；F102030 菸酒批發業；F102040 飲料批發業；F102050 茶葉批發業；F104110 布疋、衣著、鞋、帽、傘、服飾品批發業；F105050 家具、寢具、廚房器具、裝設品批發業；F106010 五金批發業；F106040 水器材料批發業；F106050 陶瓷玻璃器皿批發業；F106060 寵物食品及其用品批發業；F107010 漆料、塗料批發業；F107190 塑膠膜、袋批發業；F109070 文教、樂器、育樂用品批發業；F110010 鐘錶批發業；F113020 電器批發業；F113110 電池批發業；F114030 汽、機車零件配備批發業；F114040 自行車及其零件批發業；F118010 資訊軟體批發業；F203010 食品什貨、飲料零售業；F203020 菸酒零售業；F204110 布疋、衣著、鞋、帽、傘、服飾品零售業；F205040 家具、寢具、廚房器具、裝設品零售業；F206010 五金零售業；F206020 日常用品零售業；F206040 水器材料零售業；F206050 寵物食品及其用品零售業；F207010 漆料、塗料零售業；F207030 清潔用品零售業；F207190 塑膠膜、袋零售業；F209060 文教、樂器、育樂用品零售業；F210010 鐘錶零售業；F213010 電器零售業；F213110 電池零售業；F214030 汽、機車零件配備零售業；F214040 自行車及其零件零售業；F218010 資訊軟體零售業；F102170 食品什貨批發業；F106020 日常用品批發業；F107030 清潔用品批發業；F399010 便利商店業；F399040 無店面零售業；F401010 國際貿易業；JE01010 租賃業；ZZ99999 除許可業務外，得經營法令非禁止或限制之業務,新北市,變更,11506
82303452,女神殿堂,新北市板橋區光武街36巷34號,白倍甄,200000,,115/06/03,所在地變更,JZ99080 美容美髮服務業,新北市,變更,11506
82306296,得美康實業企業社,新北市新莊區新知三路61號3樓,邱紹機,200000,,115/06/17,所在地變更,F102170 食品什貨批發業；F108040 化粧品批發業；F208040 化粧品零售業；F399040 無店面零售業；F401010 國際貿易業；F203010 食品什貨、飲料零售業；ZZ99999 除許可業務外，得經營法令非禁止或限制之業務,新北市,變更,11506
82306922,金黛宜企業社,新北市鶯歌區文化路393巷6弄1號3樓,林嘉華,200000,,115/06/11,所在地變更,F203010 食品什貨、飲料零售業；F299990 其他零售業,新北市,變更,11506
82308956,探卡屋茶坊,新北市樹林區柑園街1段373號(1樓),黃筱恩,230000,,115/06/29,轉讓登記,F501030 飲料店業,新北市,變更,11506
82363253,心晨早午餐,新北市板橋區文化路2段369巷29號,李智誠,150000,,115/06/01,所在地變更,F501060 餐館業,新北市,變更,11506
82363330,興上潔企業社,新北市板橋區南雅西路1段78之3號(4樓),蔡妍宇,200000,,115/06/02,轉讓登記,J101010 建築物清潔服務業；J101020 病媒防治業；IZ12010 人力派遣業,新北市,變更,11506
85134178,真大企業社,新北市淡水區新民街96號,蔡櫻棋,30000,,115/06/01,所營業務變更,F203010 食品什貨、飲料零售業；F209060 文教、樂器、育樂用品零售業；F218010 資訊軟體零售業；ZZ99999 除許可業務外，得經營法令非禁止或限制之業務；JA03010 洗衣業,新北市,變更,11506
85135057,延平水果行,新北市板橋區中山路2段412巷24號7樓,林長中,1000000,,115/06/17,轉讓登記,F101130 蔬果批發業；F201010 農產品零售業,新北市,變更,11506
85148834,家裕商行,新北市新店區文化路31號,吳家豪,50000,,115/06/26,所在地變更,F501060 餐館業；F203020 菸酒零售業；ZZ99999 除許可業務外，得經營法令非禁止或限制之業務,新北市,變更,11506
85150649,芙生企業社,新北市新店區永業路81巷7弄21號5樓,陳柏峰,200000,,115/06/05,所在地變更,F399010 便利商店業；F399990 其他綜合零售業；F401010 國際貿易業；ZZ99999 除許可業務外，得經營法令非禁止或限制之業務,新北市,變更,11506
85153625,姚家小吃店,新北市新莊區五權一路12巷10號115年06月,姚嘉明,150000,,115/06/25,轉讓登記,F501060 餐館業,新北市,變更,11506
85158142,龍紀工程行,新北市蘆洲區光華路22巷31號,王耀德,1000000,,115/06/02,所營業務變更,C501030 合板製造業；C501990 其他木製品製造業；CB01010 機械設備製造業；E502010 燃料導管安裝工程業；E599010 配管工程業；E601020 電器安裝業；E604010 機械安裝業；E701040 簡易電信設備安裝業；E801010 室內裝潢業；E801020 門窗安裝工程業；E801030 室內輕鋼架工程業；E801040 玻璃安裝工程業；E801070 廚具、衛浴設備安裝工程業；E901010 油漆工程業；E903010 防蝕、防銹工程業；EZ15010 保溫、保冷安裝工程業；EZ99990 其他工程業；F105050 家具、寢具、廚房器具、裝設品批發業；F106010 五金批發業；F111090 建材批發業；F113010 機械批發業；F113020 電器批發業；F113990 其他機械器具批發業；F120010 耐火材料批發業；F199990 其他批發業；F206010 五金零售業；F211010 建材零售業；F213010 電器零售業；F401010 國際貿易業；ZZ99999 除許可業務外，得經營法令非禁止或限制之業務,新北市,變更,11506
85159120,蘭花美容材料店,新北市板橋區雙十路2段174號3樓,余麗雪,100000,,115/06/26,所在地變更,F208040 化粧品零售業；JZ99080 美容美髮服務業,新北市,變更,11506
85160301,東光重機械水箱行,新北市林口區文林一街11巷16號(1樓),曾子霖,200000,,115/06/11,轉讓登記,F114030 汽、機車零件配備批發業；F214030 汽、機車零件配備零售業；F114990 其他交通運輸工具及其零件批發業；F214990 其他交通運輸工具及其零件零售業；JA01010 汽車修理業；ZZ99999 除許可業務外，得經營法令非禁止或限制之業務,新北市,變更,11506
85161982,宇欣商行,新北市三重區溪尾街202號(1樓) 115年06月,陳宇軒,100000,,115/06/01,負責人變更,F209060 文教、樂器、育樂用品零售業；F206020 日常用品零售業；F203010 食品什貨、飲料零售業；F204110 布疋、衣著、鞋、帽、傘、服飾品零售業；ZZ99999 除許可業務外，得經營法令非禁止或限制之業務,新北市,變更,11506
85165208,京富工程行,新北市新莊區新知三路61號3樓115年06月,朱志民,200000,,115/06/27,所在地變更,E599010 配管工程業；E601010 電器承裝業；E601020 電器安裝業；E603040 消防安全設備安裝工程業；E603090 照明設備安裝工程業；E701040 簡易電信設備安裝業；E801010 室內裝潢業；E801020 門窗安裝工程業；E801030 室內輕鋼架工程業；E801040 玻璃安裝工程業；E801070 廚具、衛浴設備安裝工程業；E901010 油漆工程業；E903010 防蝕、防銹工程業；EZ11010 球場跑道樹脂材料鋪設工程業；EZ99990 其他工程業；F105050 家具、寢具、廚房器具、裝設品批發業；F106010 五金批發業；F111090 建材批發業；F120010 耐火材料批發業；F205040 家具、寢具、廚房器具、裝設品零售業；F206010 五金零售業；F211010 建材零售業；F220010 耐火材料零售業；F399040 無店面零售業；F401010 國際貿易業；H701010 住宅及大樓開發租售業；H701020 工業廠房開發租售業；H701050 投資興建公共建設業；H703090 不動產買賣業；H703100 不動產租賃業；I103060 管理顧問業；I401010 一般廣告服務業；I401020 廣告傳單分送業；I501010 產品設計業；I503010 景觀、室內設計業；IZ12010 人力派遣業；J101090 廢棄物清理業；ZZ99999 除許可業務外，得經營法令非禁止或限制之業務,新北市,變更,11506
85168438,三和水族寵物館,新北市新莊區中正路48號之1(1樓),陳亮勲,240000,,115/06/15,所營業務變更,F201090 觀賞魚零售業；F201980 其他動物零售業；F201990 其他農畜水產品零售業；F202010 飼料零售業；F206040 水器材料零售業；F206050 寵物食品及其用品零售業；F207070 動物用藥零售業；F399990 其他綜合零售業；F399040 無店面零售業；F299990 其他零售業；A101050 花卉栽培業；F101100 花卉批發業；F201070 花卉零售業；I504010 花藝設計業；A102080 園藝服務業；I101070 農、林、漁、畜牧顧問業,新北市,變更,11506
85169112,山姆大叔早午餐店,新北市土城區青雲路47之2號(1樓),胡秉彥,200000,,115/06/11,轉讓登記,F501060 餐館業；F501990 其他餐飲業；ZZ99999 除許可業務外，得經營法令非禁止或限制之業務,新北市,變更,11506
85170455,忻霏時尚美學館,新北市林口區吉祥路36號3樓,余又榛,100000,,115/06/02,所營業務變更,JZ99080 美容美髮服務業；F208040 化粧品零售業；F203010 食品什貨、飲料零售業；F206020 日常用品零售業；F204110 布疋、衣著、鞋、帽、傘、服飾品零售業；F205040 家具、寢具、廚房器具、裝設品零售業；F209060 文教、樂器、育樂用品零售業；H703100 不動產租賃業,新北市,變更,11506
85178082,衆口味燒烤店,新北市板橋區金門街151巷1號115年06月,李杰修,150000,,115/06/23,轉讓登記,F501060 餐館業,新北市,變更,11506
85178246,隆仲室內裝修行,新北市土城區中正路1號6樓之2 115年06月,孫仲遠,1500000,,115/06/01,所在地變更,E801010 室內裝潢業；E801020 門窗安裝工程業；E801030 室內輕鋼架工程業；E801040 玻璃安裝工程業；E801060 室內裝修業（註：名稱應標明「室內裝修」字樣）；E801070 廚具、衛浴設備安裝工程業；E901010 油漆工程業；EZ99990 其他工程業；F211010 建材零售業；F213010 電器零售業；F206040 水器材料零售業；F206010 五金零售業；A102080 園藝服務業；F399990 其他綜合零售業；F213080 機械器具零售業；F111090 建材批發業；I503010 景觀、室內設計業；ZZ99999 除許可業務外，得經營法令非禁止或限制之業務；I101080 工、礦顧問業,新北市,變更,11506
85330474,致全盛實業社,新北市新莊區新北大道4段177號3樓115年06月,施皓文,10000000,,115/06/08,所營業務變更,E601020 電器安裝業；E603010 電纜安裝工程業；E603090 照明設備安裝工程業；E801010 室內裝潢業；F111090 建材批發業；F113020 電器批發業；F119010 電子材料批發業；F401010 國際貿易業；I301010 資訊軟體服務業；I301030 電子資訊供應服務業；ZZ99999 除許可業務外，得經營法令非禁止或限制之業務；J101010 建築物清潔服務業；EZ99990 其他工程業；F211010 建材零售業；F115020 礦石批發業；F215020 礦石零售業；F101990 其他農、畜、水產品批發業；F201020 畜產品零售業；F201990 其他農畜水產品零售業；F101130 蔬果批發業；F201010 農產品零售業；F101050 水產品批發業；D101060 再生能源自用發電設備業；IG03010 能源技術服務業；E603100 電焊工程業；E901010 油漆工程業；E903010 防蝕、防銹工程業；F107030 清潔用品批發業；I103060 管理顧問業；H703090 不動產買賣業；H703100 不動產租賃業；B601010 土石採取業；E402010 沙石、淤泥海拋業；H701050 投資興建公共建設業；H701060 新市鎮、新社區開發業；H701090 都市更新整建維護業；G202010 停車場經營業；H703110 老人住宅業；I301060 網路廣告平臺業；I401010 一般廣告服務業；E599010 配管工程業；A102080 園藝服務業；J101090 廢棄物清理業；J101990 其他環境衛生及污染防治服務業；F109070 文教、樂器、育樂用品批發業；F106010 五金批發業；F106030 模具批發業；F206010 五金零售業；F206030 模具零售業；F209060 文教、樂器、育樂用品零售業；JE01010 租賃業；I503010 景觀設計業,新北市,變更,11506
85331662,宗穎小吃店,新北市樹林區中山路1段108巷22之1號,沈淑燕,100000,,115/06/08,轉讓登記,F101040 家畜家禽批發業；F101050 水產品批發業；F101990 其他農、畜、水產品批發業；F102030 菸酒批發業；F102040 飲料批發業；F102170 食品什貨批發業；F106020 日常用品批發業；F199990 其他批發業；F201010 農產品零售業；F201020 畜產品零售業；F201030 水產品零售業；F201990 其他農畜水產品零售業；F203010 食品什貨、飲料零售業；F203020 菸酒零售業；F203030 酒精零售業；F206020 日常用品零售業；F501030 飲料店業；F501060 餐館業；F501990 其他餐飲業；ZZ99999 除許可業務外，得經營法令非禁止或限制之業務,新北市,變更,11506
85335386,楊愉漹企業社,新北市三重區永安北路2段5巷5號2樓,楊愉漹,68000,,115/06/06,名稱變更,JZ99080 美容美髮服務業；ZZ99999 除許可業務外，得經營法令非禁止或限制之業務,新北市,變更,11506
85338659,潔柔開發企業社,新北市板橋區四川路2段237號7樓之1 115年06月,朱嘉麟,600000,,115/06/17,所在地變更,F106020 日常用品批發業；F107030 清潔用品批發業；I501010 產品設計業；I401010 一般廣告服務業；IZ06010 理貨包裝業；C805030 塑膠日用品製造業；F203020 菸酒零售業；F203010 食品什貨、飲料零售業；F401010 國際貿易業；F399040 無店面零售業；F108040 化粧品批發業；F208040 化粧品零售業；F104110 布疋、衣著、鞋、帽、傘、服飾品批發業；ZZ99999 除許可業務外，得經營法令非禁止或限制之業務,新北市,變更,11506
85343674,廬發工程行,新北市汐止區國興街8巷3號3樓,黃錦發,220000,,115/06/03,所在地變更,E599010 配管工程業；E601020 電器安裝業；E603040 消防安全設備安裝工程業；E603050 自動控制設備工程業；E603090 照明設備安裝工程業；E604010 機械安裝業；E605010 電腦設備安裝業；E801010 室內裝潢業；E801020 門窗安裝工程業；E801030 室內輕鋼架工程業；E801040 玻璃安裝工程業；E801070 廚具、衛浴設備安裝工程業；E901010 油漆工程業；E903010 防蝕、防銹工程業；EZ05010 儀器、儀表安裝工程業；EZ99990 其他工程業；F105050 家具、寢具、廚房器具、裝設品批發業；F106010 五金批發業；F106020 日常用品批發業；F111090 建材批發業；F113020 電器批發業；F113050 電腦及事務性機器設備批發業；F113070 電信器材批發業；F401010 國際貿易業；I103060 管理顧問業；I301010 資訊軟體服務業；I301020 資料處理服務業；I301030 電子資訊供應服務業；I401010 一般廣告服務業；I501010 產品設計業；I503010 景觀、室內設計業；I504010 花藝設計業；H702010 建築經理業；CA02010 金屬結構及建築組件製造業；CC01020 電線及電纜製造業；CC01030 電器及視聽電子產品製造業；CC01040 照明設備製造業；CC01080 電子零組件製造業；CC01110 電腦及其週邊設備製造業；CC01990 其他電機及電子機械器材製造業；ZZ99999 除許可業務外，得經營法令非禁止或限制之業務,新北市,變更,11506
85343793,歐提斯國際實業商行,新北市汐止區康寧街512號115年06月,吳建彬,200000,,115/06/23,名稱變更,F114030 汽、機車零件配備批發業；F214010 汽車零售業；JA01010 汽車修理業；F401010 國際貿易業；JE01010 租賃業；ZZ99999 除許可業務外，得經營法令非禁止或限制之業務,新北市,變更,11506
85348002,凱特王工作室,新北市泰山區信華五街155號13樓115年06月,王雅萍,200000,,115/06/24,所在地變更,J601010 藝文服務業；J602010 演藝活動業；J399990 其他出版業；F102040 飲料批發業；F102170 食品什貨批發業；F104110 布疋、衣著、鞋、帽、傘、服飾品批發業；F106020 日常用品批發業；F108040 化粧品批發業；F109070 文教、樂器、育樂用品批發業；F115010 首飾及貴金屬批發業；F399040 無店面零售業；I103060 管理顧問業；I301010 資訊軟體服務業；I301020 資料處理服務業；I301030 電子資訊供應服務業；I401010 一般廣告服務業；J304010 圖書出版業；J305010 有聲出版業；J399010 軟體出版業；J401010 電影片製作業；J402010 電影片發行業；J404010 動畫影片製作業；J404020 提供設備及場地供電影片拍攝業；J404040 電影錄音業；J404050 電影特效製作業；J503010 廣播節目製作業；J503020 電視節目製作業；J503040 廣播電視廣告業；J503050 錄影節目帶業；JB01010 會議及展覽服務業；JE01010 租賃業；JZ99030 攝影業；JZ99050 仲介服務業；ZZ99999 除許可業務外，得經營法令非禁止或限制之業務,新北市,變更,11506
85424211,名豐企業社,新北市板橋區長江路2段279號4樓,詹華森,230000,,115/06/01,所營業務變更,C805010 塑膠皮、布、板、管材製造業；C701010 印刷業；F104110 布疋、衣著、鞋、帽、傘、服飾品批發業；I401010 一般廣告服務業；I501010 產品設計業；IZ10010 排版業；JE01010 租賃業；ZZ99999 除許可業務外，得經營法令非禁止或限制之業務；J101050 環境檢測服務業；IF04010 非破壞檢測業；IZ07010 公證業；EZ05010 儀器、儀表安裝工程業；EZ06010 交通標示工程業；EZ99990 其他工程業；EZ07010 鑽孔工程業；E801040 玻璃安裝工程業；J101010 建築物清潔服務業；J101080 資源回收業；J101090 廢棄物清理業；J101020 病媒防治業；F207200 化學原料零售業；JA02990 其他修理業,新北市,變更,11506
85424958,小虎子工作室,新北市汐止區伯爵街41巷31號,嚴德民,238888,,115/06/29,其他,F203010 食品什貨、飲料零售業；F204110 布疋、衣著、鞋、帽、傘、服飾品零售業；F205040 家具、寢具、廚房器具、裝設品零售業；F206020 日常用品零售業；F208040 化粧品零售業；F209060 文教、樂器、育樂用品零售業；F399040 無店面零售業；I103060 管理顧問業；I199990 其他顧問服務業；ZZ99999 除許可業務外，得經營法令非禁止或限制之業務,新北市,變更,11506
85425181,谷德豪斯空間設計實業社,新北市土城區青雲路291號3樓115年06月,鄭宥鈿,200000,,115/06/29,名稱變更,F399040 無店面零售業；E801010 室內裝潢業；E801040 玻璃安裝工程業；E901010 油漆工程業；I503010 景觀、室內設計業；E801070 廚具、衛浴設備安裝工程業；EZ99990 其他工程業；ZZ99999 除許可業務外，得經營法令非禁止或限制之業務,新北市,變更,11506
85428928,永耀空調工程行,新北市新莊區新知三路61號3樓,葉耀霆,200000,,115/06/23,所在地變更,E599010 配管工程業；E601010 電器承裝業；E601020 電器安裝業；E603050 自動控制設備工程業；E603090 照明設備安裝工程業；E604010 機械安裝業；E801010 室內裝潢業；E801020 門窗安裝工程業；E801030 室內輕鋼架工程業；E801070 廚具、衛浴設備安裝工程業；EZ15010 保溫、保冷安裝工程業；F106010 五金批發業；F106040 水器材料批發業；F113010 機械批發業；F113020 電器批發業；F205040 家具、寢具、廚房器具、裝設品零售業；F206010 五金零售業；F206040 水器材料零售業；F213010 電器零售業；JA02010 電器及電子產品修理業；ZZ99999 除許可業務外，得經營法令非禁止或限制之業務,新北市,變更,11506
85430369,順基五金行,新北市三峽區介壽路3段75號(1樓),陳德碩,200000,,115/06/30,所在地變更,F106010 五金批發業；F106020 日常用品批發業；F206010 五金零售業；F206020 日常用品零售業；F207010 漆料、塗料零售業；F207030 清潔用品零售業；ZZ99999 除許可業務外，得經營法令非禁止或限制之業務,新北市,變更,11506
85434626,朵朵盛開健康餐飲,新北市板橋區文化路2段369巷6號115年06月,劉蕙玲,1000000,,115/06/12,增資變更,F501060 餐館業,新北市,變更,11506
85440211,天篷企業社,新北市五股區成泰路2段91巷15號6樓之1 115年06月,林詠棋,8000000,,115/06/23,增資變更,A102080 園藝服務業；C301010 紡紗業；C302010 織布業；C303010 不織布業；C305010 印染整理業；C306010 成衣業；C307010 服飾品製造業；C399990 其他紡織及製品製造業；C501060 木質容器製造業；C501070 竹、藤製品製造業；C501990 其他木製品製造業；C601020 紙製造業；C601030 紙容器製造業；C601040 加工紙製造業；C601990 其他紙製品製造業；C701010 印刷業；C802100 化粧品製造業；C805020 塑膠膜、袋製造業；C805030 塑膠日用品製造業；C805050 工業用塑膠製品製造業；C805990 其他塑膠製品製造業；C901070 石材製品製造業；CA02060 金屬容器製造業；CA02030 螺絲、螺帽、螺絲釘、及鉚釘等製品製造業；CA02090 金屬線製品製造業；CA02990 其他金屬製品製造業；CD01030 汽車及其零件製造業；CD01040 機車及其零件製造業；CD01050 自行車及其零件製造業；CE01040 鐘錶製造業；CG01010 珠寶及貴金屬製品製造業；CH01010 體育用品製造業；CH01020 樂器製造業；CH01030 文具製造業；CH01040 玩具製造業；CJ01010 製帽業；CK01010 製鞋業；CL01010 製傘業；CM01010 箱、包、袋製造業；CN01010 家具及裝設品製造業；CO01010 餐具製造業；CP01010 手工具製造業；CQ01010 模具製造業；E801010 室內裝潢業；F104110 布疋、衣著、鞋、帽、傘、服飾品批發業；F105050 家具、寢具、廚房器具、裝設品批發業；F106010 五金批發業；F106020 日常用品批發業；F106050 陶瓷玻璃器皿批發業；F107030 清潔用品批發業；F109070 文教、樂器、育樂用品批發業；I502010 服飾設計業；IZ12010 人力派遣業；IZ16010 餐具清洗業；J101010 建築物清潔服務業；J101020 病媒防治業；C804990 其他橡膠製品製造業；CA02040 彈簧製造業；CI01020 毯、氈製造業；C801120 人造纖維製造業；ZZ99999 除許可業務外，得經營法令非禁止或限制之業務；F501990 其他餐飲業；J101090 廢棄物清理業；J101060 廢（污）水處理業；J101080 資源回收業；J101990 其他環境衛生及污染防治服務業,新北市,變更,11506
85446812,任和工程行,新北市中和區景平路429號3樓之5,楊惠君,200000,,115/06/01,所在地變更,E599010 配管工程業；EZ07010 鑽孔工程業；EZ99990 其他工程業；E601020 電器安裝業；E603010 電纜安裝工程業；E603020 電梯安裝工程業；E603040 消防安全設備安裝工程業；E603050 自動控制設備工程業；E603080 交通號誌安裝工程業；E603090 照明設備安裝工程業；E603100 電焊工程業；E603110 冷作工程業；E603120 噴砂工程業；E603130 燃氣熱水器承裝業；E604010 機械安裝業；E605010 電腦設備安裝業；E607010 太陽熱能設備安裝工程業；E701010 電信工程業；E701040 簡易電信設備安裝業；E801010 室內裝潢業；E801020 門窗安裝工程業；E801030 室內輕鋼架工程業；E801040 玻璃安裝工程業；E801070 廚具、衛浴設備安裝工程業；E901010 油漆工程業；E903010 防蝕、防銹工程業；EZ02010 起重工程業；EZ05010 儀器、儀表安裝工程業；EZ06010 交通標示工程業；EZ11010 球場跑道樹脂材料鋪設工程業；EZ14010 運動場地用設備工程業；EZ15010 保溫、保冷安裝工程業；F106010 五金批發業；F111090 建材批發業；F206010 五金零售業；F211010 建材零售業；I503010 景觀、室內設計業；IZ12010 人力派遣業；JZ99050 仲介服務業；ZZ99999 除許可業務外，得經營法令非禁止或限制之業務,新北市,變更,11506
85447116,錦紘清潔企業社,新北市新店區建業路11號4樓115年06月,巫鳳洙,200000,,115/06/30,轉讓登記,J101010 建築物清潔服務業；J101020 病媒防治業,新北市,變更,11506
85448950,八里金準地磅企業社,新北市八里區頂寮二街43號2樓115年06月,陳志松,240000,,115/06/18,所在地變更,ID01010 度量衡器證明業；F113030 精密儀器批發業；F113060 度量衡器批發業；F213050 度量衡器零售業；F213040 精密儀器零售業；ZZ99999 除許可業務外，得經營法令非禁止或限制之業務；A101020 農作物栽培業；A101050 花卉栽培業；A102050 作物栽培服務業；A201010 造林業；B601010 土石採取業；E401010 疏濬業；E402010 沙石、淤泥海拋業；E599010 配管工程業；E801010 室內裝潢業；E901010 油漆工程業；EZ99990 其他工程業；F106010 五金批發業；F106020 日常用品批發業；F107030 清潔用品批發業；F111090 建材批發業；F206010 五金零售業；F206020 日常用品零售業；F211010 建材零售業；F399040 無店面零售業；F401010 國際貿易業；G202010 停車場經營業；G405010 貨櫃出租業；I103060 管理顧問業；I503010 景觀、室內設計業；IZ12010 人力派遣業；J101010 建築物清潔服務業；J101020 病媒防治業；J101030 廢棄物清除業；J101040 廢棄物處理業；J101990 其他環境衛生及污染防治服務業；JE01010 租賃業；JZ99050 仲介服務業,新北市,變更,11506
87262888,倍恩尼西商行,新北市新店區永安街109巷46號3樓,楊家芸,200000,,115/06/22,外縣市遷入,F399010 便利商店業；IZ12010 人力派遣業；ZZ99999 除許可業務外，得經營法令非禁止或限制之業務；F102170 食品什貨批發業；F107190 塑膠膜、袋批發業；F201990 其他農畜水產品零售業；J799990 其他休閒服務業；F203020 菸酒零售業；J601010 藝文服務業；JB01010 會議及展覽服務業；F299990 其他零售業；F399990 其他綜合零售業；I599990 其他設計業；IZ99990 其他工商服務業；F205040 家具、寢具、廚房器具、裝設品零售業；I199990 其他顧問服務業；F209060 文教、樂器、育樂用品零售業；F206020 日常用品零售業；I503010 景觀、室內設計業；F113020 電器批發業；F203010 食品什貨、飲料零售業；I501010 產品設計業；I401010 一般廣告服務業,新北市,變更,11506
87297090,蝸蝸實業社,新北市土城區青雲路291號3樓,陳泳翔,50000,,115/06/29,所營業務變更,F399040 無店面零售業；E801010 室內裝潢業；E801040 玻璃安裝工程業；E901010 油漆工程業；I503010 景觀設計業；E801070 廚具、衛浴設備安裝工程業；EZ99990 其他工程業；ZZ99999 除許可業務外，得經營法令非禁止或限制之業務,新北市,變更,11506
87300068,正福德剉冰店,新北市汐止區福德一路203號,段春梅,100000,,115/06/10,轉讓登記,F501990 其他餐飲業,新北市,變更,11506
87300454,鷺江精緻鍋物坊,新北市蘆洲區民族路3號,劉上福,30000,,115/06/22,轉讓登記,F501060 餐館業；F501990 其他餐飲業；F501030 飲料店業；F203020 菸酒零售業,新北市,變更,11506
87302684,關山官便當店,新北市板橋區三民路2段169號(1樓) 115年06月,鄭氏明雪,80000,,115/06/01,轉讓登記,F501060 餐館業；F203010 食品什貨、飲料零售業,新北市,變更,11506
87304536,品丞建材行,新北市八里區舊城路23號10樓,周文正,240000,,115/06/18,名稱變更,E401010 疏濬業；E801010 室內裝潢業；EZ02010 起重工程業；EZ07010 鑽孔工程業；EZ99990 其他工程業；F106010 五金批發業；F111090 建材批發業；F199010 回收物料批發業；F401010 國際貿易業；I103060 管理顧問業；I301020 資料處理服務業；I503010 景觀設計業；IZ12010 人力派遣業；J101020 病媒防治業；J101030 廢棄物清除業；J101040 廢棄物處理業；J101050 環境檢測服務業；J101060 廢（污）水處理業；J101070 放射性廢料處理服務業；J101080 資源回收業；J101090 廢棄物清理業；J101110 營建剩餘土石方資源處理業；J101990 其他環境衛生及污染防治服務業；ZZ99999 除許可業務外，得經營法令非禁止或限制之業務,新北市,變更,11506
87314680,享好夾企業社,新北市中和區民享街86巷15號,劉冠廷,150000,,115/06/23,轉讓登記,F209060 文教、樂器、育樂用品零售業；F203010 食品什貨、飲料零售業；F213010 電器零售業,新北市,變更,11506
87318145,辛鮮辣食品社,新北市中和區德光路15巷2號5樓,林暉峻,150000,,115/06/22,其他,F201010 農產品零售業；F401010 國際貿易業；ZZ99999 除許可業務外，得經營法令非禁止或限制之業務,新北市,變更,11506
87318807,威利家居實業社,新北市鶯歌區陶瓷街18號115年06月,吳承威,200000,,115/06/17,名稱變更,F206020 日常用品零售業；J601010 藝文服務業；F208040 化粧品零售業；F207200 化學原料零售業；JB01010 會議及展覽服務業；J304010 圖書出版業；F213010 電器零售業；F205040 家具、寢具、廚房器具、裝設品零售業；F209060 文教、樂器、育樂用品零售業；F215010 首飾及貴金屬零售業；F401010 國際貿易業；ZZ99999 除許可業務外，得經營法令非禁止或限制之業務,新北市,變更,11506
87321182,凡允工程行,新北市淡水區北新路192之5號4樓,王孝寬,200000,,115/06/30,轉讓登記,E599010 配管工程業；F105050 家具、寢具、廚房器具、裝設品批發業；F113020 電器批發業；E603090 照明設備安裝工程業；E603010 電纜安裝工程業；E603050 自動控制設備工程業；E801070 廚具、衛浴設備安裝工程業；EZ99990 其他工程業；F106010 五金批發業；F106040 水器材料批發業；F206040 水器材料零售業；ZZ99999 除許可業務外，得經營法令非禁止或限制之業務,新北市,變更,11506
87327019,宣藍小舖,新北市新店區安興路125之15號7樓,賴宇宣,200000,,115/06/15,外縣市遷入,F205040 家具、寢具、廚房器具、裝設品零售業；F206020 日常用品零售業；F207030 清潔用品零售業；F208040 化粧品零售業；F209060 文教、樂器、育樂用品零售業；F213010 電器零售業；F216010 照相器材零售業；F218010 資訊軟體零售業；F219010 電子材料零售業；F299990 其他零售業；F399040 無店面零售業；F401010 國際貿易業；ZZ99999 除許可業務外，得經營法令非禁止或限制之業務,新北市,變更,11506
87352776,明白設計工作室,新北市汐止區水源路1段202號2樓,李歡,200000,,115/06/05,名稱變更,I401010 一般廣告服務業；I501010 產品設計業；IZ10010 排版業；I599990 其他設計業；I301020 資料處理服務業；J202010 產業育成業；J401010 電影片製作業；J402010 電影片發行業；J404010 動畫影片製作業；J404050 電影特效製作業；J601010 藝文服務業；JI01010 互動式情境體驗服務業；ZZ99999 除許可業務外，得經營法令非禁止或限制之業務；F399040 無店面零售業,新北市,變更,11506
87375757,一銘藥局,新北市新莊區幸福路542號(1樓),蘇哲立,200000,,115/06/30,轉讓登記,F208050 乙類成藥零售業；F206020 日常用品零售業；F207030 清潔用品零售業；F203010 食品什貨、飲料零售業,新北市,變更,11506
87426664,林家女孩早餐店,新北市永和區永貞路54號115年06月,鄭仁豪,80000,,115/06/11,轉讓登記,F501060 餐館業,新北市,變更,11506
87461373,雅珏餐飲商行,新北市中和區景平路154號,張雅珏,150000,,115/06/08,名稱變更,F501060 餐館業；F203020 菸酒零售業；F203010 食品什貨、飲料零售業,新北市,變更,11506
87472250,朝義工程行,新北市三重區仁興街28巷9號,蔡雨霏,1000000,,115/06/15,繼承登記,J101010 建築物清潔服務業；J101020 病媒防治業；J101060 廢（污）水處理業；J101040 廢棄物處理業；J101030 廢棄物清除業；E401010 疏濬業；E402010 沙石、淤泥海拋業；IZ12010 人力派遣業；ZZ99999 除許可業務外，得經營法令非禁止或限制之業務；A102080 園藝服務業；E601010 電器承裝業；E601020 電器安裝業；E605010 電腦設備安裝業；E604010 機械安裝業；EZ99990 其他工程業；J101990 其他環境衛生及污染防治服務業,新北市,變更,11506
87472809,黑市鍋物,新北市淡水區北新路182巷16號2樓之1、2樓之2,呂冠辰,200000,,115/06/11,出資額變更,F501060 餐館業；F501030 飲料店業；F203010 食品什貨、飲料零售業；F401010 國際貿易業；ZZ99999 除許可業務外，得經營法令非禁止或限制之業務,新北市,變更,11506
87476278,順成實業社,新北市永和區中正路647號,江美鳳,100000,,115/06/29,所在地變更,F204110 布疋、衣著、鞋、帽、傘、服飾品零售業,新北市,變更,11506
87477754,沛宸企業社,新北市淡水區新市二路1段108號12樓115年06月,吳沛宸,200000,,115/06/29,所在地變更,F102170 食品什貨批發業；F108040 化粧品批發業；F203010 食品什貨、飲料零售業；F206020 日常用品零售業；F208040 化粧品零售業；I199990 其他顧問服務業；ZZ99999 除許可業務外，得經營法令非禁止或限制之業務,新北市,變更,11506
87479280,清文國際企業社,新北市新莊區新知三路61號3樓115年06月,曾清文,200000,,115/06/22,所在地變更,A102080 園藝服務業；E599010 配管工程業；E601010 電器承裝業；E601020 電器安裝業；E603040 消防安全設備安裝工程業；E603050 自動控制設備工程業；E603090 照明設備安裝工程業；E603130 燃氣熱水器承裝業；E607010 太陽熱能設備安裝工程業；E701040 簡易電信設備安裝業；E801010 室內裝潢業；E801020 門窗安裝工程業；E801030 室內輕鋼架工程業；E801040 玻璃安裝工程業；E801070 廚具、衛浴設備安裝工程業；E901010 油漆工程業；E903010 防蝕、防銹工程業；EZ02010 起重工程業；EZ07010 鑽孔工程業；EZ99990 其他工程業；F101100 花卉批發業；F105050 家具、寢具、廚房器具、裝設品批發業；F106010 五金批發業；F106020 日常用品批發業；F106040 水器材料批發業；F107030 清潔用品批發業；F111090 建材批發業；F113020 電器批發業；F120010 耐火材料批發業；F201070 花卉零售業；F205040 家具、寢具、廚房器具、裝設品零售業；F206010 五金零售業；F206020 日常用品零售業；F206040 水器材料零售業；F211010 建材零售業；F213010 電器零售業；F220010 耐火材料零售業；F399040 無店面零售業；F399990 其他綜合零售業；F401010 國際貿易業；H701010 住宅及大樓開發租售業；H701020 工業廠房開發租售業；H701050 投資興建公共建設業；H701060 新市鎮、新社區開發業；H701070 區段徵收及市地重劃代辦業；H703090 不動產買賣業；H703100 不動產租賃業；I101070 農、林、漁、畜牧顧問業；I103060 管理顧問業；I199990 其他顧問服務業；I401010 一般廣告服務業；I401020 廣告傳單分送業；I501010 產品設計業；I503010 景觀、室內設計業；I504010 花藝設計業；I599990 其他設計業；ZZ99999 除許可業務外，得經營法令非禁止或限制之業務,新北市,變更,11506
87481906,侑太盛商行,新北市土城區裕民路261之1號6樓,湯詠臣,200000,,115/06/26,所在地變更,F399010 便利商店業；F399990 其他綜合零售業；IZ06010 理貨包裝業；IZ12010 人力派遣業；ZZ99999 除許可業務外，得經營法令非禁止或限制之業務,新北市,變更,11506
87494682,靚海戶外工作室,新北市汐止區宜興街9巷22號6樓,陳沅顥,500000,,115/06/27,所營業務變更,J701080 水域遊憩活動經營業；J701040 休閒活動場館業；J799990 其他休閒服務業；J801030 競技及休閒運動場館業；J802010 運動訓練業；F104110 布疋、衣著、鞋、帽、傘、服飾品批發業；F199990 其他批發業；F204110 布疋、衣著、鞋、帽、傘、服飾品零售業；F299990 其他零售業；ZZ99999 除許可業務外，得經營法令非禁止或限制之業務；C199990 未分類其他食品製造業；F203010 食品什貨、飲料零售業；F399040 無店面零售業,新北市,變更,11506
87498391,八雲町商號,新北市土城區中央路1段123號,呂昆哲,200000,,115/06/01,出資額變更,F101990 其他農、畜、水產品批發業；F102030 菸酒批發業；F102040 飲料批發業；F201010 農產品零售業；F201020 畜產品零售業；F201030 水產品零售業；F203010 食品什貨、飲料零售業；F203020 菸酒零售業；F399040 無店面零售業；F501060 餐館業；ZZ99999 除許可業務外，得經營法令非禁止或限制之業務,新北市,變更,11506
87509783,熊實在商行,新北市三重區仁福街66號(1樓) 115年06月,王宣婷,100000,,115/06/22,轉讓登記,F203010 食品什貨、飲料零售業；F204110 布疋、衣著、鞋、帽、傘、服飾品零售業；F206020 日常用品零售業；F207030 清潔用品零售業,新北市,變更,11506
87536748,宸董企業社,新北市汐止區林森街69巷3之1號,余美芳,220000,,115/06/25,外縣市遷入,F101040 家畜家禽批發業；F102170 食品什貨批發業；F201020 畜產品零售業；F203010 食品什貨、飲料零售業；F399040 無店面零售業；F401010 國際貿易業；ZZ99999 除許可業務外，得經營法令非禁止或限制之業務,新北市,變更,11506
87556384,羿心美髮院,新北市新莊區中港路282號,尤羿心,100000,,115/06/18,所在地變更,JZ99080 美容美髮服務業,新北市,變更,11506
87763757,翊展企業社,新北市鶯歌區大湖路48號,陳西凉,200000,,115/06/04,所在地變更,CQ01010 模具製造業；F206030 模具零售業；C805030 塑膠日用品製造業；C805050 工業用塑膠製品製造業；F299990 其他零售業（塑膠製品電木製木鋅鋁製品零售）（限工廠產品）,新北市,變更,11506
87781349,郁昌實業社,新北市新莊區後港一路65巷11弄1號(1樓),鄒錦龍,2000000,,115/06/08,所在地變更,F106010 五金批發業；F106030 模具批發業；F113010 機械批發業；F206010 五金零售業；F206030 模具零售業；F213080 機械器具零售業；F401010 國際貿易業,新北市,變更,11506
88144967,日露工作室,新北市板橋區重慶路60巷6號,韓心婕,50000,,115/06/24,外縣市遷入,JZ99990 未分類其他服務業；F204110 布疋、衣著、鞋、帽、傘、服飾品零售業,新北市,變更,11506
88162042,童夢工藝坊,新北市三重區仁賢街23號,郭姿伶,50000,,115/06/29,所營業務變更,JZ99080 美容美髮服務業；ZZ99999 除許可業務外，得經營法令非禁止或限制之業務；JZ99990 未分類其他服務業；J202010 產業育成業；F208040 化粧品零售業；I599990 其他設計業,新北市,變更,11506
88302965,大頭哥車輪餅,新北市五股區成泰路3段577巷80弄25號3樓,陳珮婌,20000,,115/06/02,外縣市遷入,F203010 食品什貨、飲料零售業；F399040 無店面零售業；F501030 飲料店業,新北市,變更,11506
88305365,金家興商行,新北市汐止區伯爵街96巷26號4樓115年06月,徐佩瑜,200000,,115/06/02,所在地變更,F399010 便利商店業；ZZ99999 除許可業務外，得經營法令非禁止或限制之業務,新北市,變更,11506
88360916,熊大叔設計工作室,新北市土城區延壽路75巷12號,簡佑勳,200000,,115/06/18,外縣市遷入,C701010 印刷業；C703010 印刷品裝訂及加工業；I301010 資訊軟體服務業；I301020 資料處理服務業；I401010 一般廣告服務業；I501010 產品設計業；I502010 服飾設計業；I599990 其他設計業；JZ99030 攝影業；JB01010 會議及展覽服務業；J303010 雜誌（期刊）出版業；J304010 圖書出版業；J399990 其他出版業；C702010 製版業；IZ01010 影印業；IZ10010 排版業；F203010 食品什貨、飲料零售業；F204110 布疋、衣著、鞋、帽、傘、服飾品零售業；F206020 日常用品零售業；F299990 其他零售業；F399040 無店面零售業；F401010 國際貿易業；ZZ99999 除許可業務外，得經營法令非禁止或限制之業務,新北市,變更,11506
88368733,智富娛樂工作室,新北市新店區安興路109號5樓之6,林智賢,200000,,115/06/01,外縣市遷入,I401010 一般廣告服務業；I501010 產品設計業；J503020 電視節目製作業；J601010 藝文服務業；J602010 演藝活動業；J603010 音樂展演空間業；JZ99090 喜慶綜合服務業；F109070 文教、樂器、育樂用品批發業；ZZ99999 除許可業務外，得經營法令非禁止或限制之業務,新北市,變更,11506
88372342,慕德商行,新北市淡水區新市一路2段262號4樓115年06月,陳思穎,200000,,115/06/11,外縣市遷入,F399040 無店面零售業；F601010 智慧財產權業；J602010 演藝活動業；F501030 飲料店業；F206020 日常用品零售業；F204110 布疋、衣著、鞋、帽、傘、服飾品零售業；I301030 電子資訊供應服務業；ZZ99999 除許可業務外，得經營法令非禁止或限制之業務,新北市,變更,11506
88438457,漢鑫汽車企業社,新北市三重區碧華街５６巷３號４樓,蔡瑋倫,200000,,115/06/05,轉讓登記,F107030 清潔用品批發業；F107990 其他化學製品批發業；F114030 汽、機車零件配備批發業；F207030 清潔用品零售業；F207990 其他化學製品零售業；F214030 汽、機車零件配備零售業；F399040 無店面零售業；JA01990 其他汽車服務業；ZZ99999 除許可業務外，得經營法令非禁止或限制之業務,新北市,變更,11506
88646194,蝦多多商行,新北市新店區中正路154巷14號3樓,徐偉恩,50000,,115/06/25,外縣市遷入,F205040 家具、寢具、廚房器具、裝設品零售業；F209060 文教、樂器、育樂用品零售業；F399040 無店面零售業,新北市,變更,11506
91183838,極光森林愛貓舍,新北市樹林區三福街125巷13號(1樓),鄭閔中,200000,,115/06/09,所營業務變更,A401031 特定寵物服務業；F201081 特定寵物零售業；F101111 特定寵物批發業,新北市,變更,11506
91191302,樂庭牛排館,新北市板橋區國光路30號,陳思云,200000,,115/06/06,名稱變更,F501060 餐館業；ZZ99999 除許可業務外，得經營法令非禁止或限制之業務,新北市,變更,11506
91194477,帕瑪提琴工作室,新北市淡水區永興巷8號(1樓) 115年06月,陳漢邦,150000,,115/06/30,轉讓登記,F209060 文教、樂器、育樂用品零售業；JA02990 其他修理業；ZZ99999 除許可業務外，得經營法令非禁止或限制之業務,新北市,變更,11506
91194687,薩邁帝娛樂工作室,新北市淡水區中山北路3段61之2號7樓115年06月,陳慕詩,100000,,115/06/24,轉讓登記,F401010 國際貿易業；F601010 智慧財產權業；I301010 資訊軟體服務業；I401010 一般廣告服務業；I401020 廣告傳單分送業；I501010 產品設計業；J305010 有聲出版業；J401010 電影片製作業；J404010 動畫影片製作業；J404050 電影特效製作業；J404030 電影沖印業；J404040 電影錄音業；J601010 藝文服務業；J602010 演藝活動業；J603010 音樂展演空間業；J801030 競技及休閒運動場館業；J802010 運動訓練業；J803010 運動表演業；J803020 運動比賽業；JB01010 會議及展覽服務業；JZ99030 攝影業；JZ99050 仲介服務業；JZ99080 美容美髮服務業；JZ99090 喜慶綜合服務業；F201070 花卉零售業；F204110 布疋、衣著、鞋、帽、傘、服飾品零售業；F208040 化粧品零售業；F209060 文教、樂器、育樂用品零售業；F218010 資訊軟體零售業；F299990 其他零售業；F399040 無店面零售業；I103060 管理顧問業；I105010 藝術品諮詢顧問業；I199990 其他顧問服務業；I301020 資料處理服務業；I301030 電子資訊供應服務業；I502010 服飾設計業；I503010 景觀、室內設計業；I504010 花藝設計業；I599990 其他設計業；IG02010 研究發展服務業；IZ12010 人力派遣業；IZ99990 其他工商服務業；J202010 產業育成業；J303010 雜誌（期刊）出版業；J304010 圖書出版業；J399010 軟體出版業；J399990 其他出版業；J503010 廣播節目製作業；J503040 廣播電視廣告業；J503050 錄影節目帶業；J701090 錄影節目帶播映業；J799990 其他休閒服務業；JE01010 租賃業；JZ99990 未分類其他服務業；ZZ99999 除許可業務外，得經營法令非禁止或限制之業務,新北市,變更,11506
91196931,晨之美早午餐店,新北市淡水區英專路75號(1樓),邱薇臻,150000,,115/06/02,所在地變更,F501060 餐館業,新北市,變更,11506
91206950,小川木木小吃店,新北市新莊區復興路2段177號(1樓),曹惠貞,50000,,115/06/17,轉讓登記,F501060 餐館業,新北市,變更,11506
91212496,閃星演藝工作室,新北市土城區學府路1段126巷30號3樓,金宣豐,200000,,115/06/24,合夥人變更,J602010 演藝活動業；J601010 藝文服務業；I401010 一般廣告服務業；IZ12010 人力派遣業；JB01010 會議及展覽服務業；JZ99090 喜慶綜合服務業；F401010 國際貿易業；JZ99030 攝影業；ZZ99999 除許可業務外，得經營法令非禁止或限制之業務,新北市,變更,11506
91216465,吉星三和商行,新北市三重區中華路124號(1樓),朱乙丞,200000,,115/06/15,名稱變更,F209060 文教、樂器、育樂用品零售業,新北市,變更,11506
91218745,金夾爽娃娃屋,新北市五股區五福路18號,吳欣潔,100000,,115/06/23,轉讓登記,F209060 文教、樂器、育樂用品零售業,新北市,變更,11506
91221333,凡居設計企業社,新北市板橋區翠華街10巷1號(1樓),廖睿綱,200000,,115/06/22,所營業務變更,F111090 建材批發業；F107010 漆料、塗料批發業；F205040 家具、寢具、廚房器具、裝設品零售業；I503010 景觀設計業,新北市,變更,11506
91221495,龍富商行,新北市新莊區龍安路10號(1樓),王子毅,240000,,115/06/23,轉讓登記,F501030 飲料店業；ZZ99999 除許可業務外，得經營法令非禁止或限制之業務,新北市,變更,11506
91221734,屁屁猴商店,新北市中和區連城路469巷26號(1樓),賴冠佑,100000,,115/06/25,轉讓登記,F206020 日常用品零售業；F209060 文教、樂器、育樂用品零售業；ZZ99999 除許可業務外，得經營法令非禁止或限制之業務,新北市,變更,11506
91223058,伽分小吃店,新北市永和區永和路1段115之2號(1樓),張家豪,3000000,,115/06/18,增資變更,F501060 餐館業；F203010 食品什貨、飲料零售業；ZZ99999 除許可業務外，得經營法令非禁止或限制之業務,新北市,變更,11506
91224459,熊賀夾本鋪,新北市蘆洲區正和街14號(1樓),陳俞君,100000,,115/06/26,轉讓登記,F209060 文教、樂器、育樂用品零售業；F203010 食品什貨、飲料零售業,新北市,變更,11506
91226843,添詠商行,新北市新莊區新知三路61號3樓115年06月,吳詠茵,200000,,115/06/22,所在地變更,F399010 便利商店業,新北市,變更,11506
91229166,立量車業行,新北市新莊區後港一路28巷4弄3號3樓,陳麒量,200000,,115/06/12,合夥人變更,F214010 汽車零售業；F214030 汽、機車零件配備零售業；JA02020 機車修理業；JA01020 汽車拖吊業；ZZ99999 除許可業務外，得經營法令非禁止或限制之業務,新北市,變更,11506
91232330,遊舟餐飲店,新北市板橋區宏國路66號,游欣樺,200000,,115/06/18,其他,F203010 食品什貨、飲料零售業；ZZ99999 除許可業務外，得經營法令非禁止或限制之業務,新北市,變更,11506
91236238,食探小物商行,新北市汐止區橫科路47號10樓,王韋智,200000,,115/06/26,所營業務變更,F201010 農產品零售業；F201990 其他農畜水產品零售業；F203010 食品什貨、飲料零售業；F208040 化粧品零售業；F399040 無店面零售業；F401010 國際貿易業；ZZ99999 除許可業務外，得經營法令非禁止或限制之業務,新北市,變更,11506
91237074,羽寧企業社,新北市永和區智光街98號,李文川,50000,,115/06/23,轉讓登記,F209060 文教、樂器、育樂用品零售業,新北市,變更,11506
91239306,小樹商行,新北市樹林區日新街15號(1樓),王宣婷,100000,,115/06/22,轉讓登記,F203010 食品什貨、飲料零售業；F204110 布疋、衣著、鞋、帽、傘、服飾品零售業；F206020 日常用品零售業；F207030 清潔用品零售業,新北市,變更,11506
91240134,呷二企業社,新北市三重區大勇街2號(1樓),謝欣佩,40000,,115/06/04,轉讓登記,F209060 文教、樂器、育樂用品零售業,新北市,變更,11506
91245010,初義食午義大利麵坊,新北市板橋區莒光路16巷1號,丁姿伶,200000,,115/06/02,組織變更,F501060 餐館業；F203010 食品什貨、飲料零售業；ZZ99999 除許可業務外，得經營法令非禁止或限制之業務,新北市,變更,11506
91249542,入口食品行,新北市泰山區泰林路2段579巷6弄15號12樓115年06月,孫浩,200000,,115/06/15,所在地變更,J802010 運動訓練業；F203010 食品什貨、飲料零售業；F399040 無店面零售業；I101090 食品顧問業；ZZ99999 除許可業務外，得經營法令非禁止或限制之業務,新北市,變更,11506
91250786,晶凱工程行,新北市新莊區新知三路61號3樓,胡鐏,200000,,115/06/30,所在地變更,E599010 配管工程業；E601020 電器安裝業；E603040 消防安全設備安裝工程業；E603050 自動控制設備工程業；E603090 照明設備安裝工程業；E607010 太陽熱能設備安裝工程業；E701040 簡易電信設備安裝業；E801010 室內裝潢業；E801020 門窗安裝工程業；E801030 室內輕鋼架工程業；E801040 玻璃安裝工程業；E801070 廚具、衛浴設備安裝工程業；E901010 油漆工程業；E903010 防蝕、防銹工程業；EZ02010 起重工程業；EZ07010 鑽孔工程業；EZ99990 其他工程業；F120010 耐火材料批發業；F105050 家具、寢具、廚房器具、裝設品批發業；F106010 五金批發業；F106020 日常用品批發業；F107030 清潔用品批發業；F111090 建材批發業；F113020 電器批發業；F205040 家具、寢具、廚房器具、裝設品零售業；F206010 五金零售業；F206020 日常用品零售業；F211010 建材零售業；F213010 電器零售業；F220010 耐火材料零售業；F401010 國際貿易業；I199990 其他顧問服務業；I501010 產品設計業；I503010 景觀、室內設計業；I504010 花藝設計業；I599990 其他設計業；J101010 建築物清潔服務業；ZZ99999 除許可業務外，得經營法令非禁止或限制之業務,新北市,變更,11506
91253221,捷美企業社,新北市板橋區實踐路90號3樓115年06月,趙綵檸,100000,,115/06/09,所營業務變更,F399040 無店面零售業；JZ99050 仲介服務業；JZ99080 美容美髮服務業；F501060 餐館業,新北市,變更,11506
91306873,威捷拖吊行,新北市樹林區三俊街56號(1樓),陳建豪,150000,,115/06/06,所營業務變更,JA01020 汽車拖吊業；F401010 國際貿易業；ZZ99999 除許可業務外，得經營法令非禁止或限制之業務；F214010 汽車零售業；F214050 車胎零售業；F214990 其他交通運輸工具及其零件零售業；E601010 電器承裝業；E601020 電器安裝業；E603020 電梯安裝工程業；E603050 自動控制設備工程業；E603080 交通號誌安裝工程業；EZ02010 起重工程業；I301020 資料處理服務業；I301030 電子資訊供應服務業；I401010 一般廣告服務業；IZ06010 理貨包裝業,新北市,變更,11506
91324823,夾太郎娃娃屋,新北市三重區碧華街81號(1樓),楊太康,50000,,115/06/15,轉讓登記,F209060 文教、樂器、育樂用品零售業,新北市,變更,11506
91347369,順儷學府藥局,新北市土城區學府路1段144巷2號(1樓) 115年06月,許順裕,100000,,115/06/26,轉讓登記,F203010 食品什貨、飲料零售業；F207030 清潔用品零售業；F207080 環境用藥零售業；F208040 化粧品零售業；F208050 乙類成藥零售業；F399990 其他綜合零售業；ZZ99999 除許可業務外，得經營法令非禁止或限制之業務,新北市,變更,11506
91391287,美日好飾企業社,新北市新莊區新樹路266之23號(1樓),陳韻雯,50000,,115/06/09,所營業務變更,F399040 無店面零售業；F104110 布疋、衣著、鞋、帽、傘、服飾品批發業；F105050 家具、寢具、廚房器具、裝設品批發業；F106010 五金批發業；F106020 日常用品批發業；F106050 陶瓷玻璃器皿批發業；F106060 寵物食品及其用品批發業；F107030 清潔用品批發業；F108040 化粧品批發業；F109070 文教、樂器、育樂用品批發業；F110010 鐘錶批發業；F110020 眼鏡批發業；F102170 食品什貨批發業；F113020 電器批發業；F115020 礦石批發業；F203010 食品什貨、飲料零售業；F204110 布疋、衣著、鞋、帽、傘、服飾品零售業；F205040 家具、寢具、廚房器具、裝設品零售業；F206010 五金零售業；F206020 日常用品零售業；F206050 寵物食品及其用品零售業；F207030 清潔用品零售業；F208040 化粧品零售業；F209060 文教、樂器、育樂用品零售業；F210010 鐘錶零售業；F210020 眼鏡零售業；F206040 水器材料零售業；F213010 電器零售業；F401010 國際貿易業；F215020 礦石零售業；ZZ99999 除許可業務外，得經營法令非禁止或限制之業務,新北市,變更,11506
91396086,木木心台工作室,新北市三芝區中正路3段29號11樓115年06月,林怡廷,80000,,115/06/02,負責人住居所變更,F399040 無店面零售業,新北市,變更,11506
91402496,源心手作烘焙坊,新北市中和區景平路322號115年06月,鄭憶萍,200000,,115/06/24,所在地變更,F203010 食品什貨、飲料零售業；F102170 食品什貨批發業；F102040 飲料批發業；F221010 食品添加物零售業；F399040 無店面零售業；F401010 國際貿易業；I103060 管理顧問業；J202010 產業育成業；JE01010 租賃業；C104020 烘焙炊蒸食品製造業；F501030 飲料店業；F501060 餐館業；ZZ99999 除許可業務外，得經營法令非禁止或限制之業務,新北市,變更,11506
91404207,全豐工程行,新北市金山區中華路152巷1號3樓115年06月,羅朝文,200000,,115/06/11,所在地變更,E603100 電焊工程業；E603110 冷作工程業；CA01050 鋼材二次加工業；CA04010 表面處理業；CA01030 鋼鐵鑄造業；E502010 燃料導管安裝工程業；EZ07010 鑽孔工程業；EZ02010 起重工程業；E599010 配管工程業；EZ05010 儀器、儀表安裝工程業；E604010 機械安裝業；E603050 自動控制設備工程業；E603080 交通號誌安裝工程業；EZ06010 交通標示工程業；E603090 照明設備安裝工程業；E603010 電纜安裝工程業；E701010 電信工程業；E801010 室內裝潢業；E801020 門窗安裝工程業；E801030 室內輕鋼架工程業；E801040 玻璃安裝工程業；E801070 廚具、衛浴設備安裝工程業；E901010 油漆工程業；E903010 防蝕、防銹工程業；E601020 電器安裝業；E601010 電器承裝業；E603020 電梯安裝工程業；E603040 消防安全設備安裝工程業；E401010 疏濬業；EZ99990 其他工程業；I503010 景觀、室內設計業；F113030 精密儀器批發業；F213040 精密儀器零售業；F111090 建材批發業；F211010 建材零售業；F120010 耐火材料批發業；F220010 耐火材料零售業；F106010 五金批發業；F206010 五金零售業；F105050 家具、寢具、廚房器具、裝設品批發業；F205040 家具、寢具、廚房器具、裝設品零售業；CA01070 廢車船解體及廢鋼鐵五金處理業；J101090 廢棄物清理業；J101030 廢棄物清除業；J101040 廢棄物處理業；J101010 建築物清潔服務業；J101050 環境檢測服務業；J101990 其他環境衛生及污染防治服務業；J202010 產業育成業；IZ12010 人力派遣業；F401010 國際貿易業；G801010 倉儲業；JE01010 租賃業；F399040 無店面零售業；ZZ99999 除許可業務外，得經營法令非禁止或限制之業務,新北市,變更,11506
91412136,樂呼呼臭臭鍋,新北市瑞芳區中正路75號,張雅嵐,240000,,115/06/08,轉讓登記,F203010 食品什貨、飲料零售業；F501060 餐館業；F501990 其他餐飲業；ZZ99999 除許可業務外，得經營法令非禁止或限制之業務,新北市,變更,11506
91417603,優越企業社,新北市泰山區全興路18巷5號9樓,楊東霖,100000,,115/06/24,所營業務變更,F204110 布疋、衣著、鞋、帽、傘、服飾品零售業；F208040 化粧品零售業；ZZ99999 除許可業務外，得經營法令非禁止或限制之業務；F209060 文教、樂器、育樂用品零售業；F206020 日常用品零售業；F399040 無店面零售業；F215010 首飾及貴金屬零售業,新北市,變更,11506
91417625,反正我都賣企業社,新北市三重區中華路43號7樓,林意鐘,240000,,115/06/29,所在地變更,F206020 日常用品零售業；F214030 汽、機車零件配備零售業；F399040 無店面零售業；F401010 國際貿易業,新北市,變更,11506
91423773,角落菓食行,新北市五股區芳洲七路22號,林靜怡,200000,,115/06/24,所在地變更,F101130 蔬果批發業；F201010 農產品零售業；F401010 國際貿易業；A102020 農產品整理業；F102040 飲料批發業；F203010 食品什貨、飲料零售業；F399040 無店面零售業；IZ06010 理貨包裝業；ZZ99999 除許可業務外，得經營法令非禁止或限制之業務,新北市,變更,11506
91428290,初樂趣商號,新北市新店區安成街12號115年06月,鍾鴻星,200000,,115/06/11,合夥人變更,F501030 飲料店業；F501990 其他餐飲業；F501060 餐館業；F203010 食品什貨、飲料零售業；F399040 無店面零售業；ZZ99999 除許可業務外，得經營法令非禁止或限制之業務,新北市,變更,11506
91431915,巨勝工程行,新北市新莊區新樹路699巷1號5樓,陳柏楊,240000,,115/06/03,組織變更,E801010 室內裝潢業；E801020 門窗安裝工程業；E901010 油漆工程業；F106010 五金批發業；F111090 建材批發業；F113010 機械批發業；F206010 五金零售業；F211010 建材零售業；F401010 國際貿易業；ZZ99999 除許可業務外，得經營法令非禁止或限制之業務；J101990 其他環境衛生及污染防治服務業,新北市,變更,11506
91435460,珍好購商行,新北市蘆洲區永樂街38巷67弄3號（1樓）,趙心瑜,200000,,115/06/03,復業,F203010 食品什貨、飲料零售業；F399040 無店面零售業；ZZ99999 除許可業務外，得經營法令非禁止或限制之業務,新北市,變更,11506
91436799,心懿工作室,新北市新莊區民安西路３７８號18樓之１,莊宜儒,150000,,115/06/08,轉讓登記,F204110 布疋、衣著、鞋、帽、傘、服飾品零售業；F205040 家具、寢具、廚房器具、裝設品零售業；F206020 日常用品零售業；F207030 清潔用品零售業；F208040 化粧品零售業；F399040 無店面零售業,新北市,變更,11506
91439183,御格企業社,新北市板橋區中山路1段129號115年06月,陳德謙,200000,,115/06/29,組織變更,F207030 清潔用品零售業；F206020 日常用品零售業；F203010 食品什貨、飲料零售業；F205040 家具、寢具、廚房器具、裝設品零售業；F208040 化粧品零售業；F401010 國際貿易業；I101090 食品顧問業；I199990 其他顧問服務業；JZ99050 仲介服務業；I501010 產品設計業；I502010 服飾設計業；I503010 景觀、室內設計業；I504010 花藝設計業；I599990 其他設計業；F399040 無店面零售業；ZZ99999 除許可業務外，得經營法令非禁止或限制之業務,新北市,變更,11506
91548838,魚泡企業社,新北市五股區天乙路1號3樓,陳致翔,200000,,115/06/10,所營業務變更,F106020 日常用品批發業；F206020 日常用品零售業；F104110 布疋、衣著、鞋、帽、傘、服飾品批發業；F204110 布疋、衣著、鞋、帽、傘、服飾品零售業；F108040 化粧品批發業；F208040 化粧品零售業；F102170 食品什貨批發業；F203010 食品什貨、飲料零售業；F109070 文教、樂器、育樂用品批發業；F209060 文教、樂器、育樂用品零售業；F113020 電器批發業；F213010 電器零售業；F119010 電子材料批發業；F219010 電子材料零售業；F401010 國際貿易業；F399040 無店面零售業；I301010 資訊軟體服務業；I301020 資料處理服務業；I301030 電子資訊供應服務業；ZZ99999 除許可業務外，得經營法令非禁止或限制之業務,新北市,變更,11506
91659974,立新企業社,新北市新莊區富國路49號2樓,龔文貴,100000,,115/06/11,所在地變更,E801020 門窗安裝工程業；ZZ99999 除許可業務外，得經營法令非禁止或限制之業務；F501060 餐館業,新北市,變更,11506
91672478,六九九便利店,新北市樹林區佳園路3段206號,劉世文,150000,,115/06/15,所在地變更,F399010 便利商店業；F203010 食品什貨、飲料零售業,新北市,變更,11506
91673342,嗨師傅食堂,新北市汐止區明峰街19號(1樓),劉尹樂,200000,,115/06/08,負責人變更,F501060 餐館業,新北市,變更,11506
91684376,通盈資產管理企業社,新北市三重區新北大道1段123號11樓,劉芸,200000,,115/06/05,名稱變更,HZ99990 其他金融、保險及不動產業；I199990 其他顧問服務業；I401010 一般廣告服務業；F114010 汽車批發業；IZ15010 市場研究及民意調查業；JZ99050 仲介服務業；ZZ99999 除許可業務外，得經營法令非禁止或限制之業務,新北市,變更,11506
91685092,熊讚商行,新北市永和區永貞路３０號(1樓) 115年06月,張馨文,100000,,115/06/01,轉讓登記,F203010 食品什貨、飲料零售業；F204110 布疋、衣著、鞋、帽、傘、服飾品零售業；F206020 日常用品零售業；F207030 清潔用品零售業,新北市,變更,11506
91686727,瑄洋商行,新北市泰山區明志路3段351巷8號5樓,康云瑄,200000,,115/06/24,所營業務變更,F105050 家具、寢具、廚房器具、裝設品批發業；F106010 五金批發業；F106020 日常用品批發業；F108040 化粧品批發業；F109070 文教、樂器、育樂用品批發業；F111090 建材批發業；F113020 電器批發業；F205040 家具、寢具、廚房器具、裝設品零售業；F206010 五金零售業；F206020 日常用品零售業；F208040 化粧品零售業；F209060 文教、樂器、育樂用品零售業；F211010 建材零售業；F213010 電器零售業；F399040 無店面零售業；F399990 其他綜合零售業；F401010 國際貿易業；I301010 資訊軟體服務業；I301040 第三方支付服務業；ZZ99999 除許可業務外，得經營法令非禁止或限制之業務；G799990 其他運輸輔助業；IZ06010 理貨包裝業,新北市,變更,11506
91688041,十得鍋物,新北市淡水區民族路３１之５號115年06月,呂冠辰,200000,,115/06/11,負責人變更,F501060 餐館業；F501030 飲料店業；F203010 食品什貨、飲料零售業；F401010 國際貿易業；ZZ99999 除許可業務外，得經營法令非禁止或限制之業務,新北市,變更,11506
91689576,皇芮企業社,新北市新店區玫瑰路59巷23號2樓,黃于芮,200000,,115/06/11,所營業務變更,F113070 電信器材批發業；F113110 電池批發業；F213060 電信器材零售業；F213110 電池零售業；G903010 電信事業；IE01010 電信業務門號代辦業；F104110 布疋、衣著、鞋、帽、傘、服飾品批發業；F115010 首飾及貴金屬批發業；F204110 布疋、衣著、鞋、帽、傘、服飾品零售業；F215010 首飾及貴金屬零售業；ZZ99999 除許可業務外，得經營法令非禁止或限制之業務；F109070 文教、樂器、育樂用品批發業；F119010 電子材料批發業；F105050 家具、寢具、廚房器具、裝設品批發業；F209060 文教、樂器、育樂用品零售業；F219010 電子材料零售業；F205040 家具、寢具、廚房器具、裝設品零售業；F401010 國際貿易業,新北市,變更,11506
91692045,心圓柑仔店,新北市樹林區地政街15號,何靜梅,200000,,115/06/05,轉讓登記,F203010 食品什貨、飲料零售業；F203030 酒精零售業；F301020 超級市場業；F399010 便利商店業；F399040 無店面零售業；F399990 其他綜合零售業；F501030 飲料店業；F501060 餐館業；ZZ99999 除許可業務外，得經營法令非禁止或限制之業務；F201010 農產品零售業；F201020 畜產品零售業；F201030 水產品零售業,新北市,變更,11506
91701396,阿貴夾娃娃商行,新北市三重區三和路4段19號(1樓),陳信誠,120000,,115/06/03,轉讓登記,F209060 文教、樂器、育樂用品零售業；F203010 食品什貨、飲料零售業,新北市,變更,11506
91705479,開封食府企業社,新北市土城區廣明街41巷2弄22號115年06月,許郁涵,100000,,115/06/22,名稱變更,F203010 食品什貨、飲料零售業；F399040 無店面零售業；JZ99080 美容美髮服務業,新北市,變更,11506
91706218,清濁設計工作室,新北市三重區忠孝路1段10巷25號(2樓),吳萁,50000,,115/06/24,所在地變更,I301010 資訊軟體服務業；I501010 產品設計業；I599990 其他設計業；I401010 一般廣告服務業；J404010 動畫影片製作業；J401010 電影片製作業；J404050 電影特效製作業；J601010 藝文服務業；J303010 雜誌（期刊）出版業；F104110 布疋、衣著、鞋、帽、傘、服飾品批發業；F105050 家具、寢具、廚房器具、裝設品批發業；JZ99030 攝影業；J404020 提供設備及場地供電影片拍攝業；F216010 照相器材零售業；ZZ99999 除許可業務外，得經營法令非禁止或限制之業務,新北市,變更,11506
91707238,夏琳烘培坊,新北市板橋區中山路1段129號(1樓),吳容曦,200000,,115/06/08,負責人改名,F399040 無店面零售業；F203010 食品什貨、飲料零售業；F221010 食品添加物零售業；F299990 其他零售業；JZ99990 未分類其他服務業；ZZ99999 除許可業務外，得經營法令非禁止或限制之業務,新北市,變更,11506
91709741,米笛工作室,新北市三重區重新路4段244巷15號(1樓),王順意,200000,,115/06/02,所在地變更,C306010 成衣業；C307010 服飾品製造業；F104110 布疋、衣著、鞋、帽、傘、服飾品批發業；F204110 布疋、衣著、鞋、帽、傘、服飾品零售業；ZZ99999 除許可業務外，得經營法令非禁止或限制之業務,新北市,變更,11506
91710775,頡銳數位社,新北市淡水區中山北路2段219號3樓,黃詩瑀,100000,,115/06/22,所在地變更,F216010 照相器材零售業；F399040 無店面零售業；F401010 國際貿易業；I401010 一般廣告服務業；J305010 有聲出版業；JZ99030 攝影業；F206020 日常用品零售業；F208040 化粧品零售業；ZZ99999 除許可業務外，得經營法令非禁止或限制之業務,新北市,變更,11506
91710780,燒蛋幾勒商行,新北市樹林區復興路375號(1樓),陳紫琪,100000,,115/06/17,所在地變更,F501990 其他餐飲業,新北市,變更,11506
91711325,灣橋蔬果行,新北市永和區仁愛路306巷9號8樓115年06月,陳仕豪,1160000,,115/06/01,出資額變更,F201010 農產品零售業,新北市,變更,11506
91713371,鼎三農產企業社,新北市三重區雙園街1巷11號,魏正宗,1000000,,115/06/26,所在地變更,F101040 家畜家禽批發業；F101050 水產品批發業；F201030 水產品零售業；F401010 國際貿易業；F201020 畜產品零售業；F102020 食用油脂批發業；F102170 食品什貨批發業；G801010 倉儲業；F201010 農產品零售業；ZZ99999 除許可業務外，得經營法令非禁止或限制之業務,新北市,變更,11506
91714511,耀隼企業社,新北市新店區新潭路1段22巷10號（1樓）115年06月,陳銘祥,200000,,115/06/02,所在地變更,F106010 五金批發業；F111090 建材批發業；F119010 電子材料批發業；F120010 耐火材料批發業；F206010 五金零售業；F211010 建材零售業；F217010 消防安全設備零售業；F220010 耐火材料零售業；F401010 國際貿易業；E801010 室內裝潢業；E801020 門窗安裝工程業；E801030 室內輕鋼架工程業；E801040 玻璃安裝工程業；EZ99990 其他工程業；ZZ99999 除許可業務外，得經營法令非禁止或限制之業務,新北市,變更,11506
91714884,磊砢晶瑩工程,新北市新莊區新知三路61號3樓,林郁禪,200000,,115/06/17,所在地變更,E599010 配管工程業；E601010 電器承裝業；E601020 電器安裝業；E603040 消防安全設備安裝工程業；E603050 自動控制設備工程業；E603090 照明設備安裝工程業；E607010 太陽熱能設備安裝工程業；E701040 簡易電信設備安裝業；E801010 室內裝潢業；E801020 門窗安裝工程業；E801030 室內輕鋼架工程業；E801040 玻璃安裝工程業；E801070 廚具、衛浴設備安裝工程業；E901010 油漆工程業；E903010 防蝕、防銹工程業；EZ02010 起重工程業；EZ07010 鑽孔工程業；EZ99990 其他工程業；F120010 耐火材料批發業；F105050 家具、寢具、廚房器具、裝設品批發業；F106010 五金批發業；F106020 日常用品批發業；F107030 清潔用品批發業；F111090 建材批發業；F113020 電器批發業；F205040 家具、寢具、廚房器具、裝設品零售業；F206010 五金零售業；F206020 日常用品零售業；F211010 建材零售業；F213010 電器零售業；F220010 耐火材料零售業；F399040 無店面零售業；F401010 國際貿易業；I199990 其他顧問服務業；I501010 產品設計業；I503010 景觀、室內設計業；I504010 花藝設計業；I599990 其他設計業；IZ12010 人力派遣業；J101010 建築物清潔服務業；ZZ99999 除許可業務外，得經營法令非禁止或限制之業務,新北市,變更,11506
91722890,浪花寵藝工作室,新北市三峽區長泰街48號,羅浩倫,100000,,115/06/16,所營業務變更,JZ99180 寵物美容服務業；ZZ99999 除許可業務外，得經營法令非禁止或限制之業務；A401031 特定寵物服務業,新北市,變更,11506
91731390,心巧甜烘焙坊,新北市淡水區中正路73號115年06月,許嘉純,10000,,115/06/25,轉讓登記,C104020 烘焙炊蒸食品製造業,新北市,變更,11506
91732567,豪克冰室,新北市三重區正義北路231號(1樓),錢紫茵,200000,,115/06/25,出資額變更,F501030 飲料店業；F501060 餐館業；F209060 文教、樂器、育樂用品零售業；F203010 食品什貨、飲料零售業；ZZ99999 除許可業務外，得經營法令非禁止或限制之業務,新北市,變更,11506
91733708,群和車業行,新北市板橋區四川路2段82號(1樓),陳林林,100000,,115/06/25,其他,ZZ99999 除許可業務外，得經營法令非禁止或限制之業務；F214020 機車零售業；F214030 汽、機車零件配備零售業；F214050 車胎零售業；JA02020 機車修理業,新北市,變更,11506
91737232,港源味小吃店,新北市三峽區和平街99號(1樓),廖素芬,200000,,115/06/30,所在地變更,F203010 食品什貨、飲料零售業；F501060 餐館業,新北市,變更,11506
91745768,心三企業社,新北市三峽區愛國路32之10號,林竑逸,1000000,,115/06/10,所營業務變更,F501030 飲料店業；F399040 無店面零售業；I301010 資訊軟體服務業；F102050 茶葉批發業；I301020 資料處理服務業；I301030 電子資訊供應服務業；F203010 食品什貨、飲料零售業；IZ99990 其他工商服務業；F299990 其他零售業；JZ99990 未分類其他服務業；ZZ99999 除許可業務外，得經營法令非禁止或限制之業務,新北市,變更,11506
91746226,芮玥美學店,新北市土城區明德路2段241號(1樓),宋子瑜,200000,,115/06/09,所在地變更,JZ99080 美容美髮服務業,新北市,變更,11506
91747409,晟元工程行,新北市板橋區新海路431巷25號,程惠英,160000,,115/06/30,所營業務變更,F113020 電器批發業；F213010 電器零售業；E601020 電器安裝業；F105050 家具、寢具、廚房器具、裝設品批發業；F205040 家具、寢具、廚房器具、裝設品零售業；IZ06010 理貨包裝業；F401010 國際貿易業；ZZ99999 除許可業務外，得經營法令非禁止或限制之業務,新北市,變更,11506
91751352,漢特企業社,新北市汐止區福德一路176巷8號6樓,林家卉,100000,,115/06/09,轉讓登記,F399040 無店面零售業；ZZ99999 除許可業務外，得經營法令非禁止或限制之業務,新北市,變更,11506
91763343,一二一八夾發發娃娃機店,新北市新莊區中平路82巷8號,徐稚甯,100000,,115/06/02,轉讓登記,F209060 文教、樂器、育樂用品零售業；ZZ99999 除許可業務外，得經營法令非禁止或限制之業務,新北市,變更,11506
91765433,髮咏沙龍,新北市中和區中正路22號,林秋鴻,100000,,115/06/09,名稱變更,JZ99080 美容美髮服務業；ZZ99999 除許可業務外，得經營法令非禁止或限制之業務,新北市,變更,11506
91765460,豬豬娜寵物美容,新北市永和區勵行街87之1號(1樓) 115年06月,賴紫綾,200000,,115/06/26,轉讓登記,JZ99180 寵物美容服務業；F206050 寵物食品及其用品零售業,新北市,變更,11506
91766377,皇鋆工程行,新北市中和區景平路385巷42弄14號,陳建文,200000,,115/06/22,所在地變更,E801010 室內裝潢業；E801020 門窗安裝工程業；E801030 室內輕鋼架工程業；E801040 玻璃安裝工程業；E801070 廚具、衛浴設備安裝工程業；E901010 油漆工程業；E903010 防蝕、防銹工程業；EZ99990 其他工程業；F111090 建材批發業；F211010 建材零售業；ZZ99999 除許可業務外，得經營法令非禁止或限制之業務,新北市,變更,11506
91772075,虎麗富商行,新北市土城區南天母路77號4樓,何健毓,50000,,115/06/30,所在地變更,F203010 食品什貨、飲料零售業；F206020 日常用品零售業；F209060 文教、樂器、育樂用品零售業；F399040 無店面零售業；F213010 電器零售業；F213030 電腦及事務性機器設備零售業；F399990 其他綜合零售業,新北市,變更,11506
91773341,小行星甜點坊,新北市汐止區忠孝東路464號2樓,呂汶倩,30000,,115/06/24,所在地變更,F399040 無店面零售業；ZZ99999 除許可業務外，得經營法令非禁止或限制之業務,新北市,變更,11506
91776585,弘璽設計工程行,新北市新莊區中平路200號3樓之2 115年06月,陳英傑,1500000,,115/06/18,增資變更,E801010 室內裝潢業；E801020 門窗安裝工程業；E801040 玻璃安裝工程業；E801070 廚具、衛浴設備安裝工程業；E901010 油漆工程業；E903010 防蝕、防銹工程業；F111090 建材批發業；F207010 漆料、塗料零售業；F211010 建材零售業；I503010 景觀、室內設計業；ZZ99999 除許可業務外，得經營法令非禁止或限制之業務,新北市,變更,11506
91779990,點進餐商行,新北市中和區員山路402號（1樓）,林雲莉,200000,,115/06/18,所營業務變更,F203010 食品什貨、飲料零售業；F399040 無店面零售業；F401010 國際貿易業；F501030 飲料店業；JZ99080 美容美髮服務業；ZZ99999 除許可業務外，得經營法令非禁止或限制之業務；F105050 家具、寢具、廚房器具、裝設品批發業；F106020 日常用品批發業；F106040 水器材料批發業；F106050 陶瓷玻璃器皿批發業；F107030 清潔用品批發業；F199990 其他批發業；F205040 家具、寢具、廚房器具、裝設品零售業；F206020 日常用品零售業；F206040 水器材料零售業；F207030 清潔用品零售業；F299990 其他零售業,新北市,變更,11506
91784678,威妮商行,新北市新莊區昌明街14巷6弄8號5樓,黃品崴,200000,,115/06/12,所在地變更,F203010 食品什貨、飲料零售業；F203020 菸酒零售業；F203030 酒精零售業；F203040 雪茄零售業；F204110 布疋、衣著、鞋、帽、傘、服飾品零售業；F206010 五金零售業；F208040 化粧品零售業；F208050 乙類成藥零售業；F399040 無店面零售業；ZZ99999 除許可業務外，得經營法令非禁止或限制之業務,新北市,變更,11506
91785825,溡沐裝修工程行,新北市樹林區保安街3段40號2樓之3,黃文桓,200000,,115/06/12,名稱變更,E801010 室內裝潢業；E801020 門窗安裝工程業；E801030 室內輕鋼架工程業；E801040 玻璃安裝工程業；E801070 廚具、衛浴設備安裝工程業；E901010 油漆工程業；E903010 防蝕、防銹工程業；E599010 配管工程業；F106010 五金批發業；F111090 建材批發業；F206010 五金零售業；F211010 建材零售業；ZZ99999 除許可業務外，得經營法令非禁止或限制之業務,新北市,變更,11506
91786633,盈億壽司專賣店,新北市新莊區民安路415號115年06月,林晏如,1040000,,115/06/25,增資變更,F501060 餐館業；F501030 飲料店業；F203010 食品什貨、飲料零售業,新北市,變更,11506
91788230,蚌蚌蟹水產企業社,新北市新莊區思源路355號(1樓),儲治平,150000,,115/06/30,出資額變更,F101050 水產品批發業；F102030 菸酒批發業；F102040 飲料批發業；F102170 食品什貨批發業；F201030 水產品零售業；F203010 食品什貨、飲料零售業；F203020 菸酒零售業；ZZ99999 除許可業務外，得經營法令非禁止或限制之業務,新北市,變更,11506
91798461,角鹿里商行,新北市樹林區大安路537巷6號,劉維豐,200000,,115/06/08,外縣市遷入,F104110 布疋、衣著、鞋、帽、傘、服飾品批發業；F204110 布疋、衣著、鞋、帽、傘、服飾品零售業；F105050 家具、寢具、廚房器具、裝設品批發業；F205040 家具、寢具、廚房器具、裝設品零售業；F106010 五金批發業；F206010 五金零售業；F106020 日常用品批發業；F206020 日常用品零售業；F107030 清潔用品批發業；F207030 清潔用品零售業；F109070 文教、樂器、育樂用品批發業；F209060 文教、樂器、育樂用品零售業；F401010 國際貿易業；F299990 其他零售業；F399040 無店面零售業；ZZ99999 除許可業務外，得經營法令非禁止或限制之業務；F115010 首飾及貴金屬批發業；F215010 首飾及貴金屬零售業；F115020 礦石批發業；F215020 礦石零售業,新北市,變更,11506
91801819,獅子王中央選物販賣機,新北市土城區中央路2段33號(1樓),陳泳瑄,100000,,115/06/16,轉讓登記,F209060 文教、樂器、育樂用品零售業,新北市,變更,11506
91804219,崴婷商行,新北市土城區中央路3段42號2樓115年06月,羅怡婷,100000,,115/06/05,所在地變更,F399040 無店面零售業；F101100 花卉批發業；F201070 花卉零售業；F105050 家具、寢具、廚房器具、裝設品批發業；F205040 家具、寢具、廚房器具、裝設品零售業；F107010 漆料、塗料批發業；F207010 漆料、塗料零售業；F109070 文教、樂器、育樂用品批發業；F209060 文教、樂器、育樂用品零售業；F401010 國際貿易業；ZZ99999 除許可業務外，得經營法令非禁止或限制之業務,新北市,變更,11506
92447823,群信企業社,新北市八里區中山路2段500巷8號15樓之1,張群倫,200000,,115/06/08,外縣市遷入,F399040 無店面零售業；F114030 汽、機車零件配備批發業；F214030 汽、機車零件配備零售業；F104110 布疋、衣著、鞋、帽、傘、服飾品批發業；F106010 五金批發業；F106060 寵物食品及其用品批發業；F111090 建材批發業；F113110 電池批發業；F114990 其他交通運輸工具及其零件批發業；F119010 電子材料批發業；F203010 食品什貨、飲料零售業；F204110 布疋、衣著、鞋、帽、傘、服飾品零售業；F206010 五金零售業；F206020 日常用品零售業；F206050 寵物食品及其用品零售業；F211010 建材零售業；F213110 電池零售業；F214010 汽車零售業；F214990 其他交通運輸工具及其零件零售業；F299990 其他零售業；F401010 國際貿易業；ZZ99999 除許可業務外，得經營法令非禁止或限制之業務,新北市,變更,11506
92463787,櫻野露設計工作室,新北市林口區民享路72號(1樓),鄭元熙,100000,,115/06/22,外縣市遷入,JI01010 互動式情境體驗服務業；J602010 演藝活動業；J601010 藝文服務業；J304010 圖書出版業；I401010 一般廣告服務業,新北市,變更,11506
92532736,謝謙影像工作室,新北市中和區中正路277之4號18樓,謝鎮謙,200000,,115/06/25,所在地變更,J601010 藝文服務業；J602010 演藝活動業；J603010 音樂展演空間業；J305010 有聲出版業；J401010 電影片製作業；J404010 動畫影片製作業；J404050 電影特效製作業；J404040 電影錄音業；F401010 國際貿易業；I401010 一般廣告服務業；I501010 產品設計業；I103060 管理顧問業；ZZ99999 除許可業務外，得經營法令非禁止或限制之業務,新北市,變更,11506
92614906,同豐盛商行,新北市新莊區西盛街323巷6號7樓115年06月,林豈宏,100000,,115/06/16,轉讓登記,F399040 無店面零售業；F214030 汽、機車零件配備零售業,新北市,變更,11506
92685319,安妮企業社,新北市土城區和平路2號(1樓),陳語珊,200000,,115/06/26,所營業務變更,F104110 布疋、衣著、鞋、帽、傘、服飾品批發業；F399040 無店面零售業；F108031 醫療器材批發業；F208031 醫療器材零售業；ZZ99999 除許可業務外，得經營法令非禁止或限制之業務,新北市,變更,11506
92698449,永盛蛋行,新北市中和區景新街147號,劉廷凱,80000,,115/06/26,負責人改名,F201990 其他農畜水產品零售業；F101990 其他農、畜、水產品批發業,新北市,變更,11506
92699974,蒸氣龐克商行,新北市中和區景新街466號,鄭承恩,200000,,115/06/26,所營業務變更,F206020 日常用品零售業；F399990 其他綜合零售業；F203010 食品什貨、飲料零售業；F205040 家具、寢具、廚房器具、裝設品零售業；F109070 文教、樂器、育樂用品批發業；F209060 文教、樂器、育樂用品零售業；F106060 寵物食品及其用品批發業；F206050 寵物食品及其用品零售業；F401010 國際貿易業；F399040 無店面零售業；F102030 菸酒批發業；F203020 菸酒零售業；F104110 布疋、衣著、鞋、帽、傘、服飾品批發業；F204110 布疋、衣著、鞋、帽、傘、服飾品零售業；F106050 陶瓷玻璃器皿批發業；ZZ99999 除許可業務外，得經營法令非禁止或限制之業務,新北市,變更,11506
92711668,源源飯賣館,新北市新莊區中平路２６巷２２號,陳俊源,200000,,115/06/05,其他,F501060 餐館業；F501990 其他餐飲業；F501030 飲料店業,新北市,變更,11506
92716657,溫特沙爾企業社,新北市板橋區三民路2段28號9樓115年06月,柯致維,200000,,115/06/10,組織變更,F204110 布疋、衣著、鞋、帽、傘、服飾品零售業；F205040 家具、寢具、廚房器具、裝設品零售業；F206010 五金零售業；F206020 日常用品零售業；F207030 清潔用品零售業；F208040 化粧品零售業；F209060 文教、樂器、育樂用品零售業；F299990 其他零售業；F399040 無店面零售業；F399990 其他綜合零售業；F401010 國際貿易業；ZZ99999 除許可業務外，得經營法令非禁止或限制之業務,新北市,變更,11506
92720499,昇閱工程行,新北市新莊區昌平街82巷15弄5號4樓,謝蟬米,200000,,115/06/09,合夥人變更,E601010 電器承裝業；E601020 電器安裝業；E599010 配管工程業；E603020 電梯安裝工程業；E603040 消防安全設備安裝工程業；E603050 自動控制設備工程業；E603090 照明設備安裝工程業；E603100 電焊工程業；E604010 機械安裝業；E605010 電腦設備安裝業；E701010 電信工程業；E801010 室內裝潢業；E801020 門窗安裝工程業；E801030 室內輕鋼架工程業；E801040 玻璃安裝工程業；E801070 廚具、衛浴設備安裝工程業；EZ15010 保溫、保冷安裝工程業；F106040 水器材料批發業；F111090 建材批發業；F113010 機械批發業；F113020 電器批發業；F113070 電信器材批發業；F117010 消防安全設備批發業；F119010 電子材料批發業；F206040 水器材料零售業；F211010 建材零售業；F213010 電器零售業；F213060 電信器材零售業；F217010 消防安全設備零售業；F219010 電子材料零售業；F399040 無店面零售業；F401010 國際貿易業；I301010 資訊軟體服務業；IF01010 消防安全設備檢修業；IG03010 能源技術服務業；ZZ99999 除許可業務外，得經營法令非禁止或限制之業務,新北市,變更,11506
92721357,丹丹瑜珈工作室,新北市淡水區中山路90巷32號6樓,李佩樺,100000,,115/06/01,所在地變更,J802010 運動訓練業；ZZ99999 除許可業務外，得經營法令非禁止或限制之業務,新北市,變更,11506
92728099,原樂企業社,新北市板橋區大觀路1段28巷2號之1,金璿新,200000,,115/06/10,所在地變更,J101010 建築物清潔服務業；JA02010 電器及電子產品修理業；JA02990 其他修理業；F399040 無店面零售業；JA03010 洗衣業；ZZ99999 除許可業務外，得經營法令非禁止或限制之業務,新北市,變更,11506
92730124,匯川企業社,新北市中和區永和路16號115年06月,謝詠,200000,,115/06/10,名稱變更,F399040 無店面零售業,新北市,變更,11506
92732191,金鑽金彩券行,新北市新店區中正路282之6號,張令德,100000,,115/06/30,名稱變更,IZ14020 公益彩券經銷業；ZZ99999 除許可業務外，得經營法令非禁止或限制之業務,新北市,變更,11506
92737914,凱碩企業社,新北市中和區華安街19巷29弄4號3樓,俞裕華,200000,,115/06/30,轉讓登記,F214020 機車零售業；F214030 汽、機車零件配備零售業；F214050 車胎零售業；F399040 無店面零售業,新北市,變更,11506
92738152,信富發彩券行,新北市蘆洲區長興路23號(1樓),周明恩,100000,,115/06/10,所在地變更,IZ14020 公益彩券經銷業；ZZ99999 除許可業務外，得經營法令非禁止或限制之業務,新北市,變更,11506
92738603,原霸工程行,新北市中和區中山路2段332巷9號8樓,塗韋倫,200000,,115/06/24,組織變更,F105050 家具、寢具、廚房器具、裝設品批發業；F106010 五金批發業；F111090 建材批發業；F205040 家具、寢具、廚房器具、裝設品零售業；F206010 五金零售業；F211010 建材零售業；E801010 室內裝潢業；E599010 配管工程業；E801030 室內輕鋼架工程業；E801070 廚具、衛浴設備安裝工程業；E901010 油漆工程業；E903010 防蝕、防銹工程業；EZ99990 其他工程業；I503010 景觀、室內設計業；IZ12010 人力派遣業；ZZ99999 除許可業務外，得經營法令非禁止或限制之業務,新北市,變更,11506
92739722,民享彩券行,新北市中和區民享街８８巷１號(1樓),江岱錦,100000,,115/06/03,名稱變更,IZ14020 公益彩券經銷業,新北市,變更,11506
92740208,善揚企業社,新北市永和區民權路53號6樓,廖文君,100000,,115/06/22,轉讓登記,F401010 國際貿易業；I103060 管理顧問業；JZ99050 仲介服務業；ZZ99999 除許可業務外，得經營法令非禁止或限制之業務,新北市,變更,11506
92743985,心悦彩券行,新北市新莊區民安西路136號(1樓),張葉,200000,,115/06/30,所在地變更,IZ14020 公益彩券經銷業,新北市,變更,11506
92744035,元華食品企業社,新北市鶯歌區國際一路96號之1,陳秀華,200000,,115/06/08,所在地變更,F201010 農產品零售業；F201020 畜產品零售業；F201030 水產品零售業；F203010 食品什貨、飲料零售業,新北市,變更,11506
92746456,新五工二路娃娃屋,新北市新莊區五工二路87號(1樓),林保宏,200000,,115/06/10,轉讓登記,F209060 文教、樂器、育樂用品零售業；ZZ99999 除許可業務外，得經營法令非禁止或限制之業務,新北市,變更,11506
92748969,承杰小吃店,新北市樹林區佳園路3段508號115年06月,陳雅笛,100000,,115/06/15,所在地變更,F501060 餐館業；F203010 食品什貨、飲料零售業；F206020 日常用品零售業,新北市,變更,11506
92749600,麗諸工程行,新北市中和區圓通路305巷11號(1樓),凡小麗,200000,,115/06/03,合夥人變更,E903010 防蝕、防銹工程業；E599010 配管工程業；E601010 電器承裝業；E601020 電器安裝業；E603010 電纜安裝工程業；E603020 電梯安裝工程業；E603040 消防安全設備安裝工程業；E603050 自動控制設備工程業；E603080 交通號誌安裝工程業；E603090 照明設備安裝工程業；E603100 電焊工程業；E604010 機械安裝業；E605010 電腦設備安裝業；E801010 室內裝潢業；E801020 門窗安裝工程業；E801030 室內輕鋼架工程業；E801040 玻璃安裝工程業；E801070 廚具、衛浴設備安裝工程業；E901010 油漆工程業；EZ02010 起重工程業；EZ07010 鑽孔工程業；EZ99990 其他工程業；F106010 五金批發業；F107010 漆料、塗料批發業；F107030 清潔用品批發業；F111090 建材批發業；F206010 五金零售業；F207010 漆料、塗料零售業；F207030 清潔用品零售業；F211010 建材零售業；F399040 無店面零售業；F401010 國際貿易業；ZZ99999 除許可業務外，得經營法令非禁止或限制之業務,新北市,變更,11506
92750253,億祈發投注站,新北市新店區民族路39號,洪詩雅,50000,,115/06/30,所在地變更,IZ14020 公益彩券經銷業；ZZ99999 除許可業務外，得經營法令非禁止或限制之業務,新北市,變更,11506
92752013,妙物商行,新北市新店區中興路2段163號17樓115年06月,謝玉娟,200000,,115/06/29,轉讓登記,F209060 文教、樂器、育樂用品零售業；F204110 布疋、衣著、鞋、帽、傘、服飾品零售業；F208040 化粧品零售業；F399040 無店面零售業；ZZ99999 除許可業務外，得經營法令非禁止或限制之業務,新北市,變更,11506
92752040,新富企業社,新北市新莊區成功街63號(1樓) 115年06月,賴姿芳,100000,,115/06/24,名稱變更,CB01010 機械設備製造業；CB01990 其他機械製造業；CA02990 其他金屬製品製造業；F113010 機械批發業；F106010 五金批發業；F106020 日常用品批發業；F112040 石油製品批發業；F113030 精密儀器批發業；F114030 汽、機車零件配備批發業；F113050 電腦及事務性機器設備批發業；ZZ99999 除許可業務外，得經營法令非禁止或限制之業務,新北市,變更,11506
92753499,晟芯企業社,新北市板橋區民權路202巷14弄11號2樓,鄭琳璇,200000,,115/06/16,出資額變更,F111090 建材批發業；F211010 建材零售業；F199990 其他批發業；ZZ99999 除許可業務外，得經營法令非禁止或限制之業務；F104110 布疋、衣著、鞋、帽、傘、服飾品批發業；F108040 化粧品批發業；F109070 文教、樂器、育樂用品批發業；F110020 眼鏡批發業；F115010 首飾及貴金屬批發業；F204110 布疋、衣著、鞋、帽、傘、服飾品零售業；F209060 文教、樂器、育樂用品零售業；F208040 化粧品零售業；F210020 眼鏡零售業；F215010 首飾及貴金屬零售業；F399040 無店面零售業；F401010 國際貿易業；I401010 一般廣告服務業；I501010 產品設計業；I502010 服飾設計業；I599990 其他設計業；IZ12010 人力派遣業；I103060 管理顧問業；I199990 其他顧問服務業；J602010 演藝活動業；JE01010 租賃業；JZ99030 攝影業；JZ99050 仲介服務業；JZ99080 美容美髮服務業；JZ99990 未分類其他服務業；F121010 食品添加物批發業；F203010 食品什貨、飲料零售業；F203020 菸酒零售業；F221010 食品添加物零售業；F399990 其他綜合零售業；I101090 食品顧問業；IZ06010 理貨包裝業；F101050 水產品批發業；F201010 農產品零售業；F201020 畜產品零售業；F201030 水產品零售業；F201990 其他農畜水產品零售業；F107080 環境用藥批發業；F207080 環境用藥零售業,新北市,變更,11506
92756377,品蔚生技商行,新北市板橋區中山路1段10號11樓115年06月,郭秉宏,200000,,115/06/22,所營業務變更,IG01010 生物技術服務業；F208040 化粧品零售業；F107200 化學原料批發業；F207200 化學原料零售業,新北市,變更,11506
92758261,首席小吃店,新北市永和區文化路83號(1樓),吳佩蓉,80000,,115/06/02,轉讓登記,F501060 餐館業,新北市,變更,11506
92758451,金隆便當店,新北市林口區竹林路64號(1樓),江品嫻,100000,,115/06/18,轉讓登記,F501060 餐館業；ZZ99999 除許可業務外，得經營法令非禁止或限制之業務,新北市,變更,11506
92758641,鑫隆工程行,新北市土城區興城路63號8樓,江子濬,2000000,,115/06/03,合夥人變更,E599010 配管工程業；E601020 電器安裝業；E603010 電纜安裝工程業；E603020 電梯安裝工程業；E603040 消防安全設備安裝工程業；E603050 自動控制設備工程業；E603080 交通號誌安裝工程業；E603090 照明設備安裝工程業；E603100 電焊工程業；E603110 冷作工程業；E603120 噴砂工程業；E603130 燃氣熱水器承裝業；E604010 機械安裝業；E605010 電腦設備安裝業；E607010 太陽熱能設備安裝工程業；E701040 簡易電信設備安裝業；E801010 室內裝潢業；E801020 門窗安裝工程業；E801030 室內輕鋼架工程業；E801040 玻璃安裝工程業；E801070 廚具、衛浴設備安裝工程業；E901010 油漆工程業；E903010 防蝕、防銹工程業；EZ02010 起重工程業；EZ07010 鑽孔工程業；EZ99990 其他工程業；ZZ99999 除許可業務外，得經營法令非禁止或限制之業務,新北市,變更,11506
92759326,樂滋商行,新北市新店區北新路3段105巷11號,蘇采絨,30000,,115/06/18,負責人改名,F102170 食品什貨批發業；F203010 食品什貨、飲料零售業；F401010 國際貿易業；F102040 飲料批發業；ZZ99999 除許可業務外，得經營法令非禁止或限制之業務,新北市,變更,11506
92941042,豪瑋商行,新北市三峽區三樹路46號(1樓),余重明,100000,,115/06/22,轉讓登記,F209060 文教、樂器、育樂用品零售業,新北市,變更,11506
93018238,金准商行,新北市土城區金城路1段141號115年06月,吳冠緯,240000,,115/06/03,所營業務變更,F102170 食品什貨批發業；E801070 廚具、衛浴設備安裝工程業；E603090 照明設備安裝工程業；E901010 油漆工程業；ZZ99999 除許可業務外，得經營法令非禁止或限制之業務；F107030 清潔用品批發業；F207030 清潔用品零售業；JA01990 其他汽車服務業,新北市,變更,11506
93037848,波丹尼商行,新北市中和區景新街467巷35弄1號2樓,宋雅雯,100000,,115/06/26,所在地變更,F399040 無店面零售業,新北市,變更,11506
93039634,安心水電宅修工程行,新北市新莊區新知三路61號3樓115年06月,蘇信榮,200000,,115/06/17,所在地變更,E599010 配管工程業；E601010 電器承裝業；E601020 電器安裝業；E603010 電纜安裝工程業；E603040 消防安全設備安裝工程業；E603050 自動控制設備工程業；E603090 照明設備安裝工程業；E607010 太陽熱能設備安裝工程業；E701040 簡易電信設備安裝業；E801010 室內裝潢業；E801020 門窗安裝工程業；E801030 室內輕鋼架工程業；E801040 玻璃安裝工程業；E801070 廚具、衛浴設備安裝工程業；E901010 油漆工程業；E903010 防蝕、防銹工程業；EZ02010 起重工程業；EZ07010 鑽孔工程業；EZ99990 其他工程業；F120010 耐火材料批發業；F105050 家具、寢具、廚房器具、裝設品批發業；F106010 五金批發業；F106020 日常用品批發業；F106040 水器材料批發業；F107030 清潔用品批發業；F111090 建材批發業；F113020 電器批發業；F119010 電子材料批發業；F205040 家具、寢具、廚房器具、裝設品零售業；F206010 五金零售業；F206020 日常用品零售業；F206040 水器材料零售業；F211010 建材零售業；F213010 電器零售業；F220010 耐火材料零售業；F399040 無店面零售業；F401010 國際貿易業；I199990 其他顧問服務業；I501010 產品設計業；I503010 景觀、室內設計業；I599990 其他設計業；IZ12010 人力派遣業；J101010 建築物清潔服務業；J101090 廢棄物清理業；I504010 花藝設計業；ZZ99999 除許可業務外，得經營法令非禁止或限制之業務,新北市,變更,11506
93041420,優曜商行,新北市三重區秀江街140號2樓,陳奕帆,50000,,115/06/16,轉讓登記,F399040 無店面零售業；F206010 五金零售業；F206020 日常用品零售業；ZZ99999 除許可業務外，得經營法令非禁止或限制之業務,新北市,變更,11506
93044968,升冠企業社,新北市八里區頂寮二街62巷1號(1樓) 115年06月,林素清,200000,,115/06/17,出資額變更,F106010 五金批發業；F106020 日常用品批發業；F107030 清潔用品批發業；F107190 塑膠膜、袋批發業；F109070 文教、樂器、育樂用品批發業；F111090 建材批發業；F206010 五金零售業；F206020 日常用品零售業；F207030 清潔用品零售業；F207190 塑膠膜、袋零售業；F209060 文教、樂器、育樂用品零售業；F211010 建材零售業；H703100 不動產租賃業；F399040 無店面零售業；F401010 國際貿易業；ZZ99999 除許可業務外，得經營法令非禁止或限制之業務,新北市,變更,11506
93179629,大中制作室內裝修工作室,新北市汐止區南陽街90巷24號(2樓) 115年06月,吳劭元,200000,,115/06/24,名稱變更,E599010 配管工程業；E601010 電器承裝業；E601020 電器安裝業；E603020 電梯安裝工程業；E603040 消防安全設備安裝工程業；E603090 照明設備安裝工程業；E801010 室內裝潢業；E801020 門窗安裝工程業；E801070 廚具、衛浴設備安裝工程業；E901010 油漆工程業；EZ99990 其他工程業；F105050 家具、寢具、廚房器具、裝設品批發業；F205040 家具、寢具、廚房器具、裝設品零售業；F399040 無店面零售業；F401010 國際貿易業；H701010 住宅及大樓開發租售業；H703090 不動產買賣業；H703100 不動產租賃業；I504010 花藝設計業；I599990 其他設計業；J101010 建築物清潔服務業；JZ99050 仲介服務業；E502010 燃料導管安裝工程業；E603010 電纜安裝工程業；E603050 自動控制設備工程業；E603080 交通號誌安裝工程業；E603100 電焊工程業；E603130 燃氣熱水器承裝業；E604010 機械安裝業；E605010 電腦設備安裝業；E701010 電信工程業；E701040 簡易電信設備安裝業；E801040 玻璃安裝工程業；E903010 防蝕、防銹工程業；EZ02010 起重工程業；EZ05010 儀器、儀表安裝工程業；EZ06010 交通標示工程業；EZ07010 鑽孔工程業；EZ09010 靜電防護及消除工程業；F206040 水器材料零售業；F211010 建材零售業；F213010 電器零售業；F217010 消防安全設備零售業；F220010 耐火材料零售業；I501010 產品設計業；IB01010 建築物公共安全檢查業；IF01010 消防安全設備檢修業；E801030 室內輕鋼架工程業；ZZ99999 除許可業務外，得經營法令非禁止或限制之業務；E801060 室內裝修業（註：名稱應標明「室內裝修」字樣）,新北市,變更,11506
93184448,橙辰商行,新北市中和區中正路716號10樓之1,高鈺雯,200000,,115/06/05,外縣市遷入,F203010 食品什貨、飲料零售業；F203020 菸酒零售業；F204110 布疋、衣著、鞋、帽、傘、服飾品零售業；F205040 家具、寢具、廚房器具、裝設品零售業；F206010 五金零售業；F206020 日常用品零售業；F207030 清潔用品零售業；F208040 化粧品零售業；F209060 文教、樂器、育樂用品零售業；F210010 鐘錶零售業；F210020 眼鏡零售業；F213010 電器零售業；F213030 電腦及事務性機器設備零售業；F215010 首飾及貴金屬零售業；F215020 礦石零售業；F299990 其他零售業；F401010 國際貿易業；F399990 其他綜合零售業；F399040 無店面零售業；ZZ99999 除許可業務外，得經營法令非禁止或限制之業務,新北市,變更,11506
93184904,合陞油漆工程行,新北市中和區中正路918號3樓115年06月,蔡耀忠,100000,,115/06/02,外縣市遷入,E801010 室內裝潢業；E901010 油漆工程業；EZ99990 其他工程業；ZZ99999 除許可業務外，得經營法令非禁止或限制之業務,新北市,變更,11506
94618920,菲利企業社,新北市三重區重新路二段21號8樓115年06月,黃宥茱,200000,,115/06/16,外縣市遷入,EZ02010 起重工程業；JE01010 租賃業；F211010 建材零售業；E599010 配管工程業；E801010 室內裝潢業；EZ99990 其他工程業；J101010 建築物清潔服務業；J101030 廢棄物清除業；J101040 廢棄物處理業；J101050 環境檢測服務業；J101080 資源回收業；J101090 廢棄物清理業；J101990 其他環境衛生及污染防治服務業；F113050 電腦及事務性機器設備批發業；F119010 電子材料批發業；F401010 國際貿易業；IZ12010 人力派遣業；F106010 五金批發業；F199010 回收物料批發業；J101060 廢（污）水處理業；E401010 疏濬業；E402010 沙石、淤泥海拋業；B601010 土石採取業；F107080 環境用藥批發業；F113100 污染防治設備批發業；E601010 電器承裝業；E601020 電器安裝業；E603020 電梯安裝工程業；E603040 消防安全設備安裝工程業；E603050 自動控制設備工程業；E603090 照明設備安裝工程業；E603100 電焊工程業；E603110 冷作工程業；E603120 噴砂工程業；E604010 機械安裝業；E605010 電腦設備安裝業；E607010 太陽熱能設備安裝工程業；E701010 電信工程業；E701030 電信管制射頻器材裝設工程業；E701040 簡易電信設備安裝業；E801020 門窗安裝工程業；E801030 室內輕鋼架工程業；E801040 玻璃安裝工程業；E801070 廚具、衛浴設備安裝工程業；E901010 油漆工程業；E903010 防蝕、防銹工程業；EZ05010 儀器、儀表安裝工程業；EZ15010 保溫、保冷安裝工程業；C901040 預拌混凝土製造業；F107010 漆料、塗料批發業；F207010 漆料、塗料零售業；F107170 工業助劑批發業；ZZ99999 除許可業務外，得經營法令非禁止或限制之業務,新北市,變更,11506
94869828,亞勳咖啡館,新北市新店區北新路2段218號(1樓),萬孟勳,200000,,115/06/30,轉讓登記,F203010 食品什貨、飲料零售業；F501030 飲料店業,新北市,變更,11506
94870992,翊淳美髮工作室,新北市三峽區大學路190號115年06月,李翊淳,198000,,115/06/08,出資額變更,JZ99080 美容美髮服務業；ZZ99999 除許可業務外，得經營法令非禁止或限制之業務,新北市,變更,11506
94873421,靖洋商行,新北市新莊區中華路2段119號2樓115年06月,林雍修,4000000,,115/06/15,所營業務變更,F104110 布疋、衣著、鞋、帽、傘、服飾品批發業；F106020 日常用品批發業；F105050 家具、寢具、廚房器具、裝設品批發業；F109070 文教、樂器、育樂用品批發業；F204110 布疋、衣著、鞋、帽、傘、服飾品零售業；F205040 家具、寢具、廚房器具、裝設品零售業；F206020 日常用品零售業；F209060 文教、樂器、育樂用品零售業；F213030 電腦及事務性機器設備零售業；I103060 管理顧問業；I199990 其他顧問服務業；I401010 一般廣告服務業；I501010 產品設計業；JZ99050 仲介服務業；ZZ99999 除許可業務外，得經營法令非禁止或限制之業務；F106010 五金批發業；F106050 陶瓷玻璃器皿批發業；F107030 清潔用品批發業；F108040 化粧品批發業；F113020 電器批發業；F113050 電腦及事務性機器設備批發業；F115010 首飾及貴金屬批發業；F115020 礦石批發業；F102030 菸酒批發業；F102040 飲料批發業；F102050 茶葉批發業；F102170 食品什貨批發業；F206010 五金零售業；F208040 化粧品零售業；F213010 電器零售業；F215010 首飾及貴金屬零售業；F215020 礦石零售業；F203010 食品什貨、飲料零售業；F203020 菸酒零售業；F299990 其他零售業；F399040 無店面零售業；F399990 其他綜合零售業；F401010 國際貿易業；IZ99990 其他工商服務業；IZ06010 理貨包裝業；JZ99990 未分類其他服務業；JE01010 租賃業；H701010 住宅及大樓開發租售業；H701020 工業廠房開發租售業；H703120 自助儲物空間業；J601010 藝文服務業；J602010 演藝活動業；JB01010 會議及展覽服務業,新北市,變更,11506
94876314,沅宥景觀園藝企業社,新北市板橋區仁化街121號2樓,徐承佑,100000,,115/06/18,所營業務變更,A101050 花卉栽培業；A102080 園藝服務業；F201070 花卉零售業；F206010 五金零售業；F207050 肥料零售業；F399040 無店面零售業；F399990 其他綜合零售業；I504010 花藝設計業；ZZ99999 除許可業務外，得經營法令非禁止或限制之業務；A101011 種苗業,新北市,變更,11506
94877524,豐邑協力行,新北市汐止區建成路５７巷１０２號10樓,邱芷蔆,300000,,115/06/01,所營業務變更,E601010 電器承裝業；E601020 電器安裝業；E604010 機械安裝業；F104110 布疋、衣著、鞋、帽、傘、服飾品批發業；F105050 家具、寢具、廚房器具、裝設品批發業；F106010 五金批發業；F113020 電器批發業；F204110 布疋、衣著、鞋、帽、傘、服飾品零售業；F205040 家具、寢具、廚房器具、裝設品零售業；F206010 五金零售業；F213010 電器零售業；IZ06010 理貨包裝業；J101010 建築物清潔服務業；JA02010 電器及電子產品修理業；F113060 度量衡器批發業；F113030 精密儀器批發業；F213040 精密儀器零售業；F213050 度量衡器零售業；F213990 其他機械器具零售業；F199990 其他批發業；F113990 其他機械器具批發業；F213080 機械器具零售業；F299990 其他零售業；F399040 無店面零售業；F401010 國際貿易業；I503010 景觀設計業；I599990 其他設計業,新北市,變更,11506
94877545,阿囉哈早午餐,新北市林口區文化二路2段88巷19號,林芷葵,50000,,115/06/05,轉讓登記,F501060 餐館業,新北市,變更,11506
94877828,日月素蔬食餐飲堂,新北市土城區廣興街5號(1樓),謝宗佑,100000,,115/06/15,轉讓登記,F501060 餐館業,新北市,變更,11506
94880387,有家素食店,新北市金山區環金路338號115年06月,李寶釵,150000,,115/06/22,所在地變更,F501060 餐館業,新北市,變更,11506
94880598,嗏畫日工作室,新北市板橋區實踐路93巷31號（1樓）,林子乂,200000,,115/06/15,所在地變更,I105010 藝術品諮詢顧問業；I401010 一般廣告服務業；I501010 產品設計業；J601010 藝文服務業；J602010 演藝活動業；JB01010 會議及展覽服務業；F104110 布疋、衣著、鞋、帽、傘、服飾品批發業；F105050 家具、寢具、廚房器具、裝設品批發業；I503010 景觀、室內設計業；IZ99990 其他工商服務業；ZZ99999 除許可業務外，得經營法令非禁止或限制之業務,新北市,變更,11506
94881013,越好手工法國麵包坊,新北市中和區市民街9號,鄭錦姮,200000,,115/06/18,復業,F203010 食品什貨、飲料零售業；JZ99080 美容美髮服務業,新北市,變更,11506
94881689,于鎧工程行,新北市鶯歌區中正一路374之3號115年06月,高于鎧,800000,,115/06/02,增資變更,F106010 五金批發業；F111090 建材批發業；F113030 精密儀器批發業；E599010 配管工程業；E603100 電焊工程業；E603110 冷作工程業；E901010 油漆工程業；E903010 防蝕、防銹工程業；EZ15010 保溫、保冷安裝工程業；IZ12010 人力派遣業；CA01050 鋼材二次加工業；CA02010 金屬結構及建築組件製造業；EZ02010 起重工程業；ZZ99999 除許可業務外，得經營法令非禁止或限制之業務,新北市,變更,11506
94882511,巨展裝潢工程行,新北市新莊區新知三路61號3樓115年06月,駱圳霖,200000,,115/06/17,所在地變更,A101050 花卉栽培業；A102020 農產品整理業；A102050 作物栽培服務業；A102080 園藝服務業；A201010 造林業；A201030 特殊林木經營業；A201040 森林遊樂區經營業；E502010 燃料導管安裝工程業；E599010 配管工程業；E601010 電器承裝業；E601020 電器安裝業；E603010 電纜安裝工程業；E603020 電梯安裝工程業；E603040 消防安全設備安裝工程業；E603050 自動控制設備工程業；E603090 照明設備安裝工程業；E603100 電焊工程業；E604010 機械安裝業；E605010 電腦設備安裝業；E607010 太陽熱能設備安裝工程業；E701010 電信工程業；E701020 衛星電視ＫＵ頻道、Ｃ頻道器材安裝業；E701030 電信管制射頻器材裝設工程業；E701040 簡易電信設備安裝業；E801010 室內裝潢業；E801020 門窗安裝工程業；E801030 室內輕鋼架工程業；E801040 玻璃安裝工程業；E801070 廚具、衛浴設備安裝工程業；E901010 油漆工程業；E903010 防蝕、防銹工程業；EZ02010 起重工程業；EZ07010 鑽孔工程業；EZ09010 靜電防護及消除工程業；EZ11010 球場跑道樹脂材料鋪設工程業；EZ14010 運動場地用設備工程業；EZ15010 保溫、保冷安裝工程業；EZ99990 其他工程業；F105050 家具、寢具、廚房器具、裝設品批發業；F106010 五金批發業；F111090 建材批發業；F113050 電腦及事務性機器設備批發業；F201070 花卉零售業；F205040 家具、寢具、廚房器具、裝設品零售業；F211010 建材零售業；F213030 電腦及事務性機器設備零售業；F220010 耐火材料零售業；F399040 無店面零售業；F401010 國際貿易業；I503010 景觀、室內設計業；I504010 花藝設計業；IZ12010 人力派遣業；J101090 廢棄物清理業；ZZ99999 除許可業務外，得經營法令非禁止或限制之業務,新北市,變更,11506
94882815,極光戶外館,新北市新莊區中正路901號2樓,林紹峯,50000,,115/06/29,所在地變更,J802010 運動訓練業；J799990 其他休閒服務業；JE01010 租賃業；F214040 自行車及其零件零售業；F299990 其他零售業；F209060 文教、樂器、育樂用品零售業；F206020 日常用品零售業；F399040 無店面零售業；ZZ99999 除許可業務外，得經營法令非禁止或限制之業務,新北市,變更,11506
94883482,舒馨汗蒸美學館,新北市中和區中原街80號(1樓),黃正南,100000,,115/06/09,所營業務變更,JZ99080 美容美髮服務業；J801030 競技及休閒運動場館業,新北市,變更,11506
94884406,饗讚食堂,新北市三峽區復興路351號(1樓) 115年06月,蕭森霖,100000,,115/06/08,復業,F501060 餐館業,新北市,變更,11506
94886241,惠亮企業社,新北市中和區中山路2段332巷1號7樓115年06月,楊惠婷,200000,,115/06/10,所營業務變更,E599010 配管工程業；E601020 電器安裝業；E603040 消防安全設備安裝工程業；E603050 自動控制設備工程業；E603090 照明設備安裝工程業；E603100 電焊工程業；E604010 機械安裝業；E605010 電腦設備安裝業；E801010 室內裝潢業；E801020 門窗安裝工程業；E801030 室內輕鋼架工程業；E801040 玻璃安裝工程業；E901010 油漆工程業；E903010 防蝕、防銹工程業；EZ02010 起重工程業；EZ05010 儀器、儀表安裝工程業；EZ07010 鑽孔工程業；EZ99990 其他工程業；F105050 家具、寢具、廚房器具、裝設品批發業；F106010 五金批發業；F106020 日常用品批發業；F106040 水器材料批發業；F107010 漆料、塗料批發業；F111090 建材批發業；F113010 機械批發業；F113020 電器批發業；F113990 其他機械器具批發業；F119010 電子材料批發業；F199990 其他批發業；F205040 家具、寢具、廚房器具、裝設品零售業；F211010 建材零售業；F399040 無店面零售業；F401010 國際貿易業；H201010 一般投資業；H701010 住宅及大樓開發租售業；H701020 工業廠房開發租售業；H703090 不動產買賣業；H703100 不動產租賃業；I102010 一般投資顧問業；I103060 管理顧問業；I199990 其他顧問服務業；I301010 資訊軟體服務業；I401010 一般廣告服務業；I599990 其他設計業；IF04010 非破壞檢測業；IZ12010 人力派遣業；J101010 建築物清潔服務業；J101050 環境檢測服務業；JE01010 租賃業；JZ99050 仲介服務業；JZ99990 未分類其他服務業；ZZ99999 除許可業務外，得經營法令非禁止或限制之業務；F204110 布疋、衣著、鞋、帽、傘、服飾品零售業；F206010 五金零售業；F206020 日常用品零售業；F209060 文教、樂器、育樂用品零售業；F213010 電器零售業；I501010 產品設計業；I503010 景觀設計業,新北市,變更,11506
95134107,豪辰環保清潔社,新北市汐止區民族六街10巷5號5樓,張嘉豪,88000,,115/06/30,所在地變更,J101080 資源回收業；J101090 廢棄物清理業；ZZ99999 除許可業務外，得經營法令非禁止或限制之業務,新北市,變更,11506
95134795,川宇企業社,新北市永和區中正路14號(1樓),李文川,100000,,115/06/23,轉讓登記,F209060 文教、樂器、育樂用品零售業,新北市,變更,11506
95136055,立家便當店,新北市中和區景平路93號,陳帝潁,168000,,115/06/11,轉讓登記,F501060 餐館業；ZZ99999 除許可業務外，得經營法令非禁止或限制之業務,新北市,變更,11506
95137322,嘉升鎖匙刻印行,新北市新店區民權路59號(1樓),簡義嘉,100000,,115/06/11,轉讓登記,JZ99160 刻印業；JZ99170 鎖匙業,新北市,變更,11506
95138315,瀚峰企業社,新北市新店區永業路81巷7弄21號5樓,陳柏峰,200000,,115/06/05,所在地變更,F399010 便利商店業；F399990 其他綜合零售業；F401010 國際貿易業；ZZ99999 除許可業務外，得經營法令非禁止或限制之業務,新北市,變更,11506
95139525,艾冪緹美學工作室,新北市三重區正義北路61號(2樓) 115年06月,潘亞函,100000,,115/06/23,所在地變更,JZ99080 美容美髮服務業；ZZ99999 除許可業務外，得經營法令非禁止或限制之業務,新北市,變更,11506
95139638,軒穎企業社,新北市新莊區新知三路31號3樓,闕慈鴻,200000,,115/06/22,所在地變更,F107030 清潔用品批發業；F114030 汽、機車零件配備批發業；F114040 自行車及其零件批發業；F207030 清潔用品零售業；F214030 汽、機車零件配備零售業；F214040 自行車及其零件零售業；F214050 車胎零售業；F399040 無店面零售業；F114050 車胎批發業；JA01990 其他汽車服務業；F105050 家具、寢具、廚房器具、裝設品批發業；F106010 五金批發業；F111090 建材批發業；F120010 耐火材料批發業；F205040 家具、寢具、廚房器具、裝設品零售業；F206010 五金零售業；F211010 建材零售業；F106020 日常用品批發業；F206020 日常用品零售業；ZZ99999 除許可業務外，得經營法令非禁止或限制之業務,新北市,變更,11506
95139665,咪咪小姐服飾店,新北市新莊區幸福路784號(1樓),何泳澐,200000,,115/06/05,所在地變更,F204110 布疋、衣著、鞋、帽、傘、服飾品零售業,新北市,變更,11506
95141727,祈菲環保商行,新北市汐止區民族六街10巷5號5樓,陳渝翔,88000,,115/06/30,所在地變更,J101080 資源回收業；J101090 廢棄物清理業；ZZ99999 除許可業務外，得經營法令非禁止或限制之業務,新北市,變更,11506
95141873,寶安寵物生活館,新北市樹林區保安街2段176號,胡穎謙,100000,,115/06/26,名稱變更,JZ99180 寵物美容服務業；ZZ99999 除許可業務外，得經營法令非禁止或限制之業務,新北市,變更,11506
95143719,長昇環保企業社,新北市樹林區佳園路3段91號（1樓）,張芮綺,200000,,115/06/16,所在地變更,F204110 布疋、衣著、鞋、帽、傘、服飾品零售業；F399040 無店面零售業；F399990 其他綜合零售業,新北市,變更,11506
95148329,永安棧麵線,新北市永和區中和路501巷2號（1樓）,楊詠棠,200000,,115/06/12,所在地變更,F501060 餐館業,新北市,變更,11506
95149158,星星健康館,新北市樹林區俊英街217號,阮玉珍,180000,,115/06/30,所營業務變更,JZ99080 美容美髮服務業；F208040 化粧品零售業；ZZ99999 除許可業務外，得經營法令非禁止或限制之業務,新北市,變更,11506
95149360,小清新餐坊,新北市中和區連城路250號(1樓),李政誠,50000,,115/06/12,所在地變更,F501060 餐館業；F203010 食品什貨、飲料零售業；F501990 其他餐飲業；F501030 飲料店業；ZZ99999 除許可業務外，得經營法令非禁止或限制之業務,新北市,變更,11506
95151219,琴壽早餐店,新北市三重區集仁街140號115年06月,許淑鳳,100000,,115/06/30,轉讓登記,F501060 餐館業,新北市,變更,11506
95152884,佶慶企業社,新北市板橋區三民路2段33號14樓,劉嘉淳,240000,,115/06/15,組織變更,CA01020 鋼鐵軋延及擠型業；CA01050 鋼材二次加工業；ZZ99999 除許可業務外，得經營法令非禁止或限制之業務,新北市,變更,11506
95152929,龍吟川味烤魚小吃店,新北市板橋區三民路1段31巷9號(1樓),李渝儇,100000,,115/06/30,所營業務變更,F501060 餐館業；F399990 其他綜合零售業；F203010 食品什貨、飲料零售業；ZZ99999 除許可業務外，得經營法令非禁止或限制之業務；F102170 食品什貨批發業；F399040 無店面零售業；F401010 國際貿易業；C199990 未分類其他食品製造業；F201010 農產品零售業；F501990 其他餐飲業,新北市,變更,11506
95153700,鉑星商行,新北市土城區延吉街129號,朱建一,200000,,115/06/12,名稱變更,F209060 文教、樂器、育樂用品零售業；ZZ99999 除許可業務外，得經營法令非禁止或限制之業務,新北市,變更,11506
95154102,福元小舖,新北市三重區成功路41巷25弄7號4樓,林漢堂,200000,,115/06/18,轉讓登記,F399040 無店面零售業；ZZ99999 除許可業務外，得經營法令非禁止或限制之業務,新北市,變更,11506
95157207,貓爸特殊現場清潔裝潢企業社,新北市三重區新北大道１段１２９號４樓,黃健良,550000,,115/06/23,增資變更,E801010 室內裝潢業；F207030 清潔用品零售業；IZ12010 人力派遣業；J101010 建築物清潔服務業；J101030 廢棄物清除業；J101040 廢棄物處理業；J101090 廢棄物清理業；JZ99050 仲介服務業；F106070 祭祀用品批發業；F206060 祭祀用品零售業；F201070 花卉零售業；ZZ99999 除許可業務外，得經營法令非禁止或限制之業務,新北市,變更,11506
95157754,極淨工坊,新北市三重區仁愛街96號(1樓),楊浩珉,100000,,115/06/26,轉讓登記,JA01990 其他汽車服務業；ZZ99999 除許可業務外，得經營法令非禁止或限制之業務,新北市,變更,11506
95161096,黑羊甜蜜蜜工作室,新北市永和區福和路76巷3號4樓,楊淮傑,10000,,115/06/17,復業,C103050 罐頭、冷凍、脫水及醃漬食品製造業；F399040 無店面零售業；F203010 食品什貨、飲料零售業,新北市,變更,11506
95174058,錦記鐵板料理,新北市新莊區中信街95號115年06月,林星汨,240000,,115/06/15,負責人變更,F501060 餐館業,新北市,變更,11506
98672163,韋宏室內裝潢行,新北市樹林區啟智街98之3號(1樓),林永達,1000000,,115/06/17,名稱變更,F106040 水器材料批發業；F113020 電器批發業；F113110 電池批發業；E599010 配管工程業；E601020 電器安裝業；E603010 電纜安裝工程業；E603090 照明設備安裝工程業；E801010 室內裝潢業；E801020 門窗安裝工程業；E801040 玻璃安裝工程業；E801070 廚具、衛浴設備安裝工程業；E901010 油漆工程業；E903010 防蝕、防銹工程業；EZ99990 其他工程業；F120010 耐火材料批發業；F107010 漆料、塗料批發業；F111090 建材批發業；C501040 組合木材製造業；ZZ99999 除許可業務外，得經營法令非禁止或限制之業務,新北市,變更,11506
98792147,涵氧舞蹈用品社,新北市新店區民權路83號2樓,王文秀,100000,,115/06/03,所營業務變更,F204110 布疋、衣著、鞋、帽、傘、服飾品零售業；F206020 日常用品零售業；F208040 化粧品零售業；F208050 乙類成藥零售業；F215020 礦石零售業；F215010 首飾及貴金屬零售業；F399040 無店面零售業；ZZ99999 除許可業務外，得經營法令非禁止或限制之業務,新北市,變更,11506
99146007,蘆洲人百貨服飾店,新北市蘆洲區成功路135號1樓,陳麗萍,200000,,115/06/23,繼承登記,F204020 成衣零售業；F204030 鞋類零售業；F204040 皮包、手提袋、皮箱零售業；F204050 服飾品零售業；F206020 日常用品零售業；F301030 一般百貨業,新北市,變更,11506
99473825,中和撞球遊樂休閒館,新北市中和區中和路３５號８樓,何家豪,200000,,115/06/11,所營業務變更,J801030 競技及休閒體育場館業（使用面積４５９．０５平方公尺）；J701020 遊樂園業（使用面積２１４．５５平方公尺）；I301010 資訊軟體服務業；I301020 資料處理服務業；F218010 資訊軟體零售業；F399040 無店面零售業；F118010 資訊軟體批發業,新北市,變更,11506
99756350,芊岳實業社,新北市板橋區金門街324巷8號115年06月,呂小玲,200000,,115/06/16,其他,F208040 化粧品零售業；F207030 清潔用品零售業；F401010 國際貿易業,新北市,變更,11506
99817384,宇得服飾店,新北市五股區工商路９１號１樓,陳喬微,495000,,115/06/03,轉讓登記,F104110 布疋、衣著、鞋、帽、傘、服飾品批發業；F204110 布疋、衣著、鞋、帽、傘、服飾品零售業,新北市,變更,11506
