統一編號,公司名稱,公司所在地,代表人,資本額,核准設立日期,核准變更日期,案由或變更事項,營業項目,縣市,清冊,期別
00673213,舞売咖啡店,新北市新店區溪園路389之2號11樓,王碩瑩,200000,115/08/11,,,F203010 食品什貨、飲料零售業；F501030 飲料店業,新北市,設立,11508
19756890,晴光小吃店,新北市林口區中正路155號,周順龍,200000,115/08/24,,,F501990 其他餐飲業,新北市,設立,11508
30387178,華特健康藥局,新北市永和區永貞路362號(1樓),張明權,200000,115/08/28,,,F207070 動物用藥零售業；F206050 寵物食品及其用品零售業；F208040 化粧品零售業,新北市,設立,11508
34882066,三園花卉,新北市三峽區介壽路3段164號,黃耀進,100000,115/08/07,,,A101011 種苗業；A101050 花卉栽培業；F207050 肥料零售業；F206020 日常用品零售業；F207080 環境用藥零售業；F201070 花卉零售業；F201061 種苗零售業；F219010 電子材料零售業；F206010 五金零售業,新北市,設立,11508
50635990,觀醬手寿司,新北市新莊區新泰路284巷7號,徐偉倫,200000,115/08/07,,,F501060 餐館業；F501990 其他餐飲業；ZZ99999 除許可業務外，得經營法令非禁止或限制之業務,新北市,設立,11508
60094625,鮨本庵商行,新北市新莊區和興街47號(1樓),陳柏諺,200000,115/08/12,,,F501060 餐館業；F501990 其他餐飲業；F203010 食品什貨、飲料零售業,新北市,設立,11508
61217006,純胖丸子本舖,新北市新莊區新莊路321號(1樓),林純安,100000,115/08/20,,,F501990 其他餐飲業,新北市,設立,11508
61279451,笑呵呵企業社,新北市板橋區大智街91號,楊建忠,80000,115/08/03,,,F209060 文教、樂器、育樂用品零售業；F203010 食品什貨、飲料零售業；F213030 電腦及事務性機器設備零售業,新北市,設立,11508
61279924,鴻太工程行,新北市三重區重新路2段78號15樓,陳秀鑾,200000,115/08/03,,,E601010 電器承裝業；E601020 電器安裝業；F113020 電器批發業；F213010 電器零售業；F106040 水器材料批發業；F206040 水器材料零售業；F106010 五金批發業；F206010 五金零售業；JA02010 電器及電子產品修理業；E599010 配管工程業；IZ12010 人力派遣業；ZZ99999 除許可業務外，得經營法令非禁止或限制之業務,新北市,設立,11508
61279939,詮閎企業社,新北市板橋區莒光路79巷19號,林庭筠,50000,115/08/03,,,H704031 不動產仲介經紀業（註：經營國外不動產仲介業務者，以「公司」為限。）；ZZ99999 除許可業務外，得經營法令非禁止或限制之業務,新北市,設立,11508
61279945,衣起洗吧智能洗烘坊,新北市板橋區金門街372巷16號(1樓) 115年08月,方致力,80000,115/08/03,,,JA03010 洗衣業；F203010 食品什貨、飲料零售業；F206020 日常用品零售業,新北市,設立,11508
61279950,六煌商行,新北市泰山區中央路5巷18號,黃俊達,200000,115/08/03,,,EZ02010 起重工程業；G799990 其他運輸輔助業；IZ06010 理貨包裝業；J101010 建築物清潔服務業；J101080 資源回收業；ZZ99999 除許可業務外，得經營法令非禁止或限制之業務,新北市,設立,11508
61279966,孟妍實業,新北市淡水區中正東路2段27之8號8樓,梁羽柔,600000,115/08/03,,,J304010 圖書出版業,新北市,設立,11508
61279972,偉豪工程行,新北市汐止區長江街57巷9號（1樓）,黃志偉,200000,115/08/03,,,E801020 門窗安裝工程業；E801030 室內輕鋼架工程業；E801040 玻璃安裝工程業；E903010 防蝕、防銹工程業；E901010 油漆工程業；E603100 電焊工程業；E604010 機械安裝業；F105050 家具、寢具、廚房器具、裝設品批發業；F205040 家具、寢具、廚房器具、裝設品零售業；E801010 室內裝潢業；I503010 景觀設計業；F211010 建材零售業；E603110 冷作工程業；E603120 噴砂工程業；F106010 五金批發業；F206010 五金零售業；F206040 水器材料零售業；F213010 電器零售業；E599010 配管工程業；F107010 漆料、塗料批發業；F207010 漆料、塗料零售業；EZ99990 其他工程業；ZZ99999 除許可業務外，得經營法令非禁止或限制之業務,新北市,設立,11508
61279987,石饗鍋小吃店,新北市板橋區四維路137巷8號(1樓),廖振傑,168000,115/08/03,,,F501060 餐館業；F501030 飲料店業；F102170 食品什貨批發業；F102040 飲料批發業；F203010 食品什貨、飲料零售業；ZZ99999 除許可業務外，得經營法令非禁止或限制之業務,新北市,設立,11508
61279993,曉芯藝設計,新北市三重區集美街247巷17號4樓之1,蔣時全,200000,115/08/03,,,F206020 日常用品零售業；F399040 無店面零售業；I504010 花藝設計業；I599990 其他設計業；J601010 藝文服務業；ZZ99999 除許可業務外，得經營法令非禁止或限制之業務,新北市,設立,11508
61280008,范氏食品商行,新北市新店區北新路3段159號,陳浩瑜,100000,115/08/03,,,F501060 餐館業；F501990 其他餐飲業,新北市,設立,11508
61280014,後德健康餐坊,新北市新莊區後港一路49巷1弄11號2樓,陳銘裕,150000,115/08/03,,,F501990 其他餐飲業；ZZ99999 除許可業務外，得經營法令非禁止或限制之業務,新北市,設立,11508
61280020,海莉雪寶綿綿冰店,新北市泰山區明志路3段231巷4弄4號115年08月,林巧玲,150000,115/08/03,,,F501030 飲料店業,新北市,設立,11508
61280035,毛寓寵物沙龍,新北市板橋區永翠路78號,林政邦,200000,115/08/03,,,F206050 寵物食品及其用品零售業；JZ99180 寵物美容服務業；ZZ99999 除許可業務外，得經營法令非禁止或限制之業務,新北市,設立,11508
61280041,總裁緬甸小吃店,新北市中和區信義街67號,邱瑋琪,200000,115/08/03,,,F501060 餐館業；F501990 其他餐飲業；F399040 無店面零售業；ZZ99999 除許可業務外，得經營法令非禁止或限制之業務,新北市,設立,11508
61280056,笑希希商行,新北市板橋區大同街8巷1號(1樓),范緁希,190000,115/08/03,,,F501060 餐館業,新北市,設立,11508
61280062,澄澄鳥園,新北市鶯歌區八德路2巷6號(1樓),楊昀儒,100000,115/08/03,,,F206050 寵物食品及其用品零售業；F202010 飼料零售業；F201980 其他動物零售業；F207070 動物用藥零售業；F206020 日常用品零售業；A401060 其他動物服務業；F103010 飼料批發業；F107050 肥料批發業；F107070 動物用藥品批發業；F401010 國際貿易業；ZZ99999 除許可業務外，得經營法令非禁止或限制之業務,新北市,設立,11508
61280078,匯智創研企業社,新北市淡水區中正東路2段77號15樓之2,謝詠昕,30000,115/08/03,,,I301010 資訊軟體服務業；I301020 資料處理服務業；I301030 電子資訊供應服務業；F399040 無店面零售業；F218010 資訊軟體零售業；J304010 圖書出版業；IG02010 研究發展服務業,新北市,設立,11508
61280083,伍茗餐飲工作室,新北市八里區中山路3段376號,汪奕君,30000,115/08/03,,,F501060 餐館業；F203010 食品什貨、飲料零售業；ZZ99999 除許可業務外，得經營法令非禁止或限制之業務,新北市,設立,11508
61280099,一五三企業社,新北市淡水區北新路182巷5弄8號(1樓),黃靖玲,200000,115/08/03,,,F501990 其他餐飲業；F501060 餐館業,新北市,設立,11508
61280106,琪宏餐飲坊,新北市新莊區福營路312號,蕭宇宏,100000,115/08/03,,,F501030 飲料店業；F501990 其他餐飲業；F399040 無店面零售業,新北市,設立,11508
61280112,莯苒森境企業社,新北市樹林區樹新路219巷5號5樓,古君如,200000,115/08/03,,,F208040 化粧品零售業；F399990 其他綜合零售業；F399040 無店面零售業；ZZ99999 除許可業務外，得經營法令非禁止或限制之業務,新北市,設立,11508
61280128,和興開發企業社,新北市新莊區福美街49號13樓,吳彩雲,200000,115/08/03,,,H704031 不動產仲介經紀業（註：經營國外不動產仲介業務者，以「公司」為限。）；H701010 住宅及大樓開發租售業；H701060 新市鎮、新社區開發業；H701070 區段徵收及市地重劃代辦業；H703090 不動產買賣業；H703100 不動產租賃業；I401010 一般廣告服務業；ZZ99999 除許可業務外，得經營法令非禁止或限制之業務,新北市,設立,11508
61280133,承宇商行,新北市板橋區長江路2段213號115年08月,蘇晟硯,100000,115/08/03,,,JA03010 洗衣業；F207030 清潔用品零售業,新北市,設立,11508
61280149,順晟興業社,新北市新莊區中正路300巷3號12樓,潘淑琴,238000,115/08/03,,,F101040 家畜家禽批發業；F101130 蔬果批發業；F101050 水產品批發業；F102170 食品什貨批發業；F201020 畜產品零售業；ZZ99999 除許可業務外，得經營法令非禁止或限制之業務,新北市,設立,11508
61280154,豪大小吃,新北市三重區大仁街92號,劉忠靈,50000,115/08/03,,,F501060 餐館業,新北市,設立,11508
61280160,晨毅工程行,新北市土城區金城路2段208號4樓,游正興,100000,115/08/03,,,F111090 建材批發業；F211010 建材零售業；E801010 室內裝潢業；E599010 配管工程業；EZ99990 其他工程業；E901010 油漆工程業；ZZ99999 除許可業務外，得經營法令非禁止或限制之業務,新北市,設立,11508
61280176,羽禾工程行,新北市淡水區義山里下圭柔山70巷6號3樓,楊如意,230000,115/08/03,,,F106010 五金批發業；F106040 水器材料批發業；F111090 建材批發業；F113020 電器批發業；F206010 五金零售業；F206040 水器材料零售業；F211010 建材零售業；F213010 電器零售業；E599010 配管工程業；E601020 電器安裝業；EZ99990 其他工程業；ZZ99999 除許可業務外，得經營法令非禁止或限制之業務,新北市,設立,11508
61280181,伍定企業社,新北市三峽區復興路1號6樓之1,黃千容,200000,115/08/03,,,CC01010 發電﹑輸電﹑配電機械製造業；E601020 電器安裝業；E603050 自動控制設備工程業；E604010 機械安裝業；E605010 電腦設備安裝業；EZ05010 儀器、儀表安裝工程業；F113010 機械批發業；F113020 電器批發業；F113990 其他機械器具批發業；F213010 電器零售業；F213080 機械器具零售業；F213990 其他機械器具零售業；F401010 國際貿易業；I501010 產品設計業；ZZ99999 除許可業務外，得經營法令非禁止或限制之業務,新北市,設立,11508
61280197,甯好工作室,新北市汐止區新昌里新台五路2段19號（1樓）,蔡盈甯,50000,115/08/03,,,JZ99080 美容美髮服務業,新北市,設立,11508
61280204,鑫禾商行,新北市樹林區博愛一街17號(1樓) 115年08月,張世明,240000,115/08/03,,,F501030 飲料店業；F203010 食品什貨、飲料零售業；F399040 無店面零售業；ZZ99999 除許可業務外，得經營法令非禁止或限制之業務,新北市,設立,11508
61280210,惟思行銷顧問社,新北市新店區安興路105號5樓之7,周郁惟,200000,115/08/03,,,I401010 一般廣告服務業；F399040 無店面零售業；F401010 國際貿易業；J399010 軟體出版業；J305010 有聲出版業；J399990 其他出版業；I501010 產品設計業；I599990 其他設計業；J404010 動畫影片製作業；J503010 廣播節目製作業；J503020 電視節目製作業；J401010 電影片製作業；JZ99030 攝影業；IZ10010 排版業；F601010 智慧財產權業；J602010 演藝活動業；J601010 藝文服務業；JB01010 會議及展覽服務業；IZ99990 其他工商服務業；I301010 資訊軟體服務業；I301020 資料處理服務業；I301030 電子資訊供應服務業；I103060 管理顧問業；I199990 其他顧問服務業；ZZ99999 除許可業務外，得經營法令非禁止或限制之業務,新北市,設立,11508
61280226,無盡湧光生活整合企業社,新北市三重區中正北路165巷83號2樓,張雅婷,50000,115/08/03,,,J802010 運動訓練業；I199990 其他顧問服務業；I103060 管理顧問業；JZ99990 未分類其他服務業；F399040 無店面零售業；J601010 藝文服務業；I301010 資訊軟體服務業；ZZ99999 除許可業務外，得經營法令非禁止或限制之業務,新北市,設立,11508
61280231,棋均工程行,新北市三重區車路頭街117巷7號5樓,辜靖棋,200000,115/08/03,,,E599010 配管工程業；E601010 電器承裝業；E601020 電器安裝業；E603090 照明設備安裝工程業；E801010 室內裝潢業；E801020 門窗安裝工程業；E801030 室內輕鋼架工程業；E801040 玻璃安裝工程業；E801070 廚具、衛浴設備安裝工程業；E901010 油漆工程業；I103060 管理顧問業；ZZ99999 除許可業務外，得經營法令非禁止或限制之業務,新北市,設立,11508
61280247,元元企業社,新北市樹林區中正路639號18樓115年08月,蘇嘉豪,200000,115/08/03,,,F202010 飼料零售業；F207070 動物用藥零售業；F107070 動物用藥品批發業；F103010 飼料批發業；F401010 國際貿易業；ZZ99999 除許可業務外，得經營法令非禁止或限制之業務,新北市,設立,11508
61280252,瀚築工程行,新北市淡水區新興街31號4樓,王瀚麟,200000,115/08/03,,,E801010 室內裝潢業；E801030 室內輕鋼架工程業；E801040 玻璃安裝工程業；E901010 油漆工程業；EZ99990 其他工程業；ZZ99999 除許可業務外，得經營法令非禁止或限制之業務,新北市,設立,11508
61280268,巧雅御工作坊,新北市五股區民義路1段87號11樓,温婷雅,245000,115/08/03,,,ZZ99999 除許可業務外，得經營法令非禁止或限制之業務；F205040 家具、寢具、廚房器具、裝設品零售業；F204110 布疋、衣著、鞋、帽、傘、服飾品零售業；F104110 布疋、衣著、鞋、帽、傘、服飾品批發業；F105050 家具、寢具、廚房器具、裝設品批發業；F399040 無店面零售業；F401010 國際貿易業；F206020 日常用品零售業；F206010 五金零售業；F106020 日常用品批發業；F106010 五金批發業,新北市,設立,11508
61280274,竹間艸方工作室,新北市板橋區懷德街2號13樓之1,簡靖芳,200000,115/08/03,,,J601010 藝文服務業；I501010 產品設計業；F399040 無店面零售業；F401010 國際貿易業；F209060 文教、樂器、育樂用品零售業；JB01010 會議及展覽服務業；F399990 其他綜合零售業；ZZ99999 除許可業務外，得經營法令非禁止或限制之業務,新北市,設立,11508
61280289,注福商行,新北市淡水區北新路184巷142弄11號115年08月,黃國宗,200000,115/08/04,,,F501030 飲料店業；F501990 其他餐飲業；F102040 飲料批發業；F102170 食品什貨批發業；F203010 食品什貨、飲料零售業；F102050 茶葉批發業；F101130 蔬果批發業；F201010 農產品零售業；F102030 菸酒批發業；F203020 菸酒零售業；F109070 文教、樂器、育樂用品批發業；F209060 文教、樂器、育樂用品零售業；F199990 其他批發業；F299990 其他零售業；F399990 其他綜合零售業；F399040 無店面零售業；JE01010 租賃業；IZ12010 人力派遣業；ZZ99999 除許可業務外，得經營法令非禁止或限制之業務,新北市,設立,11508
61280295,鈦佑工作室,新北市泰山區仁愛路100巷9號12樓115年08月,張亞婷,200000,115/08/04,,,F119010 電子材料批發業；F113010 機械批發業；F113990 其他機械器具批發業；F199990 其他批發業；F401010 國際貿易業；JZ99050 仲介服務業；I103060 管理顧問業；CC01080 電子零組件製造業；CB01020 事務機器製造業；CC01030 電器及視聽電子產品製造業；CC01060 有線通信機械器材製造業；CC01070 無線通信機械器材製造業；CC01120 資料儲存媒體製造及複製業；CC01110 電腦及其週邊設備製造業；CC01990 其他電機及電子機械器材製造業；ZZ99999 除許可業務外，得經營法令非禁止或限制之業務,新北市,設立,11508
61280302,米婭企業社,新北市汐止區湖前街110巷97弄10之3號19樓115年08月,張天宜,200000,115/08/04,,,F109070 文教、樂器、育樂用品批發業；F113010 機械批發業；F113020 電器批發業；F113050 電腦及事務性機器設備批發業；F116010 照相器材批發業；F209060 文教、樂器、育樂用品零售業；F213010 電器零售業；F113030 精密儀器批發業；F213030 電腦及事務性機器設備零售業；F213040 精密儀器零售業；F213080 機械器具零售業；F213990 其他機械器具零售業；F216010 照相器材零售業；F401010 國際貿易業；F601010 智慧財產權業；I103060 管理顧問業；I199990 其他顧問服務業；I301010 資訊軟體服務業；I301020 資料處理服務業；I301030 電子資訊供應服務業；I401010 一般廣告服務業；I501010 產品設計業；I502010 服飾設計業；I504010 花藝設計業；I599990 其他設計業；IZ99990 其他工商服務業；J202010 產業育成業；J303010 雜誌（期刊）出版業；J304010 圖書出版業；J305010 有聲出版業；J399010 軟體出版業；J399990 其他出版業；J503010 廣播節目製作業；J503020 電視節目製作業；J503030 廣播電視節目發行業；J503040 廣播電視廣告業；J601010 藝文服務業；J602010 演藝活動業；JB01010 會議及展覽服務業；JE01010 租賃業；JZ99050 仲介服務業；E601020 電器安裝業；E603050 自動控制設備工程業；E603090 照明設備安裝工程業；E604010 機械安裝業；E605010 電腦設備安裝業；E801030 室內輕鋼架工程業；EZ05010 儀器、儀表安裝工程業；EZ99990 其他工程業；H703100 不動產租賃業；ZZ99999 除許可業務外，得經營法令非禁止或限制之業務,新北市,設立,11508
61280318,陶香四寶小吃店,新北市鶯歌區育英街43號,詹榮,150000,115/08/04,,,F501060 餐館業,新北市,設立,11508
61280324,蘊光美學館,新北市蘆洲區長榮路100號2樓,王靖媫,200000,115/08/04,,,JZ99080 美容美髮服務業；F208040 化粧品零售業,新北市,設立,11508
61280339,星吉貓選物販賣機店,新北市汐止區樟樹一路9號,侯博順,100000,115/08/04,,,F109070 文教、樂器、育樂用品批發業；F299990 其他零售業；ZZ99999 除許可業務外，得經營法令非禁止或限制之業務；F209060 文教、樂器、育樂用品零售業；F203010 食品什貨、飲料零售業,新北市,設立,11508
61280345,新源寢飾家居館,新北市新莊區自強街19號(1樓),姜錦蓉,50000,115/08/04,,,F205040 家具、寢具、廚房器具、裝設品零售業；F204110 布疋、衣著、鞋、帽、傘、服飾品零售業；ZZ99999 除許可業務外，得經營法令非禁止或限制之業務,新北市,設立,11508
61280350,菲常好團購商行,新北市淡水區新民街180巷24號(1樓),余苹菲,200000,115/08/04,,,F206020 日常用品零售業；F206010 五金零售業；F205040 家具、寢具、廚房器具、裝設品零售業；F203010 食品什貨、飲料零售業；F204110 布疋、衣著、鞋、帽、傘、服飾品零售業,新北市,設立,11508
61280366,沐語美學工作室,新北市汐止區大同路2段312巷16弄12號4樓,謝燕青,100000,115/08/04,,,JZ99080 美容美髮服務業,新北市,設立,11508
61280372,波奇爺爺夏威夷拌飯專賣店,新北市板橋區忠孝路172號（1樓）,許佩君,50000,115/08/04,,,F501990 其他餐飲業；ZZ99999 除許可業務外，得經營法令非禁止或限制之業務,新北市,設立,11508
61280387,巧楚企業社,新北市新店區安興路125之15號7樓,陸冠廷,200000,115/08/04,,,F101050 水產品批發業；F101990 其他農、畜、水產品批發業；F201030 水產品零售業；F201990 其他農畜水產品零售業；F399040 無店面零售業；F102170 食品什貨批發業；F203010 食品什貨、飲料零售業；F401010 國際貿易業；ZZ99999 除許可業務外，得經營法令非禁止或限制之業務,新北市,設立,11508
61280393,榮騰運動工作室,新北市淡水區新春街140號15樓之2 115年08月,盧楷崴,200000,115/08/04,,,J802010 運動訓練業；J803010 運動表演業；J803020 運動比賽業；JZ99990 未分類其他服務業；I199990 其他顧問服務業；F399040 無店面零售業；ZZ99999 除許可業務外，得經營法令非禁止或限制之業務,新北市,設立,11508
61280400,沐凡工程行,新北市五股區蓬萊路6巷11號8樓,陳弘濬,200000,115/08/04,,,E599010 配管工程業；E601010 電器承裝業；E601020 電器安裝業；E602011 冷凍空調工程業；E603090 照明設備安裝工程業；E801010 室內裝潢業；E801020 門窗安裝工程業；E801030 室內輕鋼架工程業；E801040 玻璃安裝工程業；E801070 廚具、衛浴設備安裝工程業；E901010 油漆工程業；F106010 五金批發業；J101030 廢棄物清除業；ZZ99999 除許可業務外，得經營法令非禁止或限制之業務,新北市,設立,11508
61280416,小方理髮店,新北市中和區景新街502號(1樓),念宏玉,50000,115/08/04,,,JZ99080 美容美髮服務業,新北市,設立,11508
61280422,鉅禾工程企業社,新北市淡水區新興街85號5樓,鍾陳素禎,245000,115/08/04,,,EZ02010 起重工程業；E599010 配管工程業；F111090 建材批發業；F106010 五金批發業；IF04010 非破壞檢測業；I199990 其他顧問服務業；E401010 疏濬業；EZ07010 鑽孔工程業；EZ14010 運動場地用設備工程業；ZZ99999 除許可業務外，得經營法令非禁止或限制之業務,新北市,設立,11508
61280437,美樂飽商行,新北市新莊區昌隆街34號,陳昱翰,200000,115/08/04,,,F501060 餐館業,新北市,設立,11508
61280443,日暮咖哩商行,新北市三重區重新路4段244巷38號(1樓),曾敬之,80000,115/08/04,,,F501060 餐館業；F203010 食品什貨、飲料零售業,新北市,設立,11508
61280458,鑫盛汽車企業社,新北市板橋區長安街331巷22號,莊凱棋,200000,115/08/04,,,F114030 汽、機車零件配備批發業；F114050 車胎批發業；F214030 汽、機車零件配備零售業；F214050 車胎零售業；F214010 汽車零售業；JA01010 汽車修理業；F401010 國際貿易業；ZZ99999 除許可業務外，得經營法令非禁止或限制之業務,新北市,設立,11508
61280464,屋角上謙城自助洗衣店,新北市土城區青和街546號（1樓）115年08月,徐文祥,200000,115/08/04,,,JA03010 洗衣業,新北市,設立,11508
61280470,沐林商行,新北市永和區中和路345號12樓之3,彭秀丹,100000,115/08/04,,,F104110 布疋、衣著、鞋、帽、傘、服飾品批發業；F105050 家具、寢具、廚房器具、裝設品批發業；F106010 五金批發業；F106020 日常用品批發業；F106030 模具批發業；F106050 陶瓷玻璃器皿批發業；F109070 文教、樂器、育樂用品批發業；F110010 鐘錶批發業；F113020 電器批發業；F113050 電腦及事務性機器設備批發業；F102170 食品什貨批發業；F102040 飲料批發業；F204110 布疋、衣著、鞋、帽、傘、服飾品零售業；F205040 家具、寢具、廚房器具、裝設品零售業；F206010 五金零售業；F206020 日常用品零售業；F206030 模具零售業；F209060 文教、樂器、育樂用品零售業；F210010 鐘錶零售業；F213010 電器零售業；F213030 電腦及事務性機器設備零售業；F399040 無店面零售業；F399990 其他綜合零售業；F203010 食品什貨、飲料零售業；F401010 國際貿易業；I401010 一般廣告服務業；I501010 產品設計業；ZZ99999 除許可業務外，得經營法令非禁止或限制之業務,新北市,設立,11508
61280485,伍告伍吉工作室,新北市新莊區幸福路691號(1樓),王君容,100000,115/08/04,,,F207030 清潔用品零售業；JZ99080 美容美髮服務業,新北市,設立,11508
61280491,老串角商鋪,新北市三峽區中正路1段16號、18號115年08月,曾榆珅,200000,115/08/04,,,F501060 餐館業；F203010 食品什貨、飲料零售業；ZZ99999 除許可業務外，得經營法令非禁止或限制之業務,新北市,設立,11508
61280507,廣將工程行,新北市石碇區石碇東街143號,陳炫彤,200000,115/08/05,,,EZ99990 其他工程業；E901010 油漆工程業；E801010 室內裝潢業；E599010 配管工程業；EZ02010 起重工程業；E601010 電器承裝業；E603050 自動控制設備工程業；E603090 照明設備安裝工程業；E603100 電焊工程業；E603110 冷作工程業；E603120 噴砂工程業；E604010 機械安裝業；E903010 防蝕、防銹工程業；EZ07010 鑽孔工程業；EZ09010 靜電防護及消除工程業；EZ15010 保溫、保冷安裝工程業；F211010 建材零售業；F206010 五金零售業；F213990 其他機械器具零售業；F220010 耐火材料零售業；I101080 工、礦顧問業；I503010 景觀設計業；IZ12010 人力派遣業；J101010 建築物清潔服務業；J101990 其他環境衛生及污染防治服務業；JE01010 租賃業；JZ99050 仲介服務業；ZZ99999 除許可業務外，得經營法令非禁止或限制之業務,新北市,設立,11508
61280513,采沐商行,新北市樹林區南園里佳園路3段134號10樓,陳小玲,200000,115/08/05,,,F399010 便利商店業；ZZ99999 除許可業務外，得經營法令非禁止或限制之業務,新北市,設立,11508
61280529,桔盛企業社,新北市汐止區汐萬路2段306巷40號之6,王美娟,200000,115/08/05,,,F106010 五金批發業；F114030 汽、機車零件配備批發業；F114040 自行車及其零件批發業；F214030 汽、機車零件配備零售業；JA01010 汽車修理業；JA01020 汽車拖吊業；JA01040 液化石油氣車改裝業；JA01990 其他汽車服務業；ZZ99999 除許可業務外，得經營法令非禁止或限制之業務,新北市,設立,11508
61280534,珍薏企業社,新北市汐止區忠孝東路400號3樓115年08月,呂忠孝,150000,115/08/05,,,F501060 餐館業,新北市,設立,11508
61280540,欣廷企業社,新北市板橋區漢生西路151巷2號,陳姿含,200000,115/08/05,,,F106040 水器材料批發業；F111090 建材批發業；F113020 電器批發業；F105050 家具、寢具、廚房器具、裝設品批發業；F106010 五金批發業；F106020 日常用品批發業；F117010 消防安全設備批發業；F120010 耐火材料批發業；F199990 其他批發業；F205040 家具、寢具、廚房器具、裝設品零售業；F206010 五金零售業；F206020 日常用品零售業；F206040 水器材料零售業；F211010 建材零售業；F213010 電器零售業；F217010 消防安全設備零售業；F220010 耐火材料零售業；F299990 其他零售業；ZZ99999 除許可業務外，得經營法令非禁止或限制之業務,新北市,設立,11508
61280555,拾光甜作工作室,新北市蘆洲區長安街331巷9號3樓,陳文耿,200000,115/08/05,,,C104020 烘焙炊蒸食品製造業；F399040 無店面零售業；F203010 食品什貨、飲料零售業；ZZ99999 除許可業務外，得經營法令非禁止或限制之業務,新北市,設立,11508
61280561,賺豹創意工作室,新北市板橋區館前東路116號4樓之7,徐毓翎,100000,115/08/05,,,I301010 資訊軟體服務業；I301020 資料處理服務業；I301030 電子資訊供應服務業；I401010 一般廣告服務業；JZ99030 攝影業；J601010 藝文服務業；J602010 演藝活動業；F399040 無店面零售業；J305010 有聲出版業；ZZ99999 除許可業務外，得經營法令非禁止或限制之業務,新北市,設立,11508
61280577,澤源工程行,新北市板橋區三民路2段37號23樓之1,陳韋宏,20000,115/08/05,,,E801010 室內裝潢業；E801020 門窗安裝工程業；E801030 室內輕鋼架工程業；E801040 玻璃安裝工程業；E801070 廚具、衛浴設備安裝工程業；I503010 景觀設計業；E601010 電器承裝業；E601020 電器安裝業；ZZ99999 除許可業務外，得經營法令非禁止或限制之業務,新北市,設立,11508
61280582,皇潔洗車坊,新北市蘆洲區永安南路2段48號115年08月,黃威勝,100000,115/08/05,,,JA01990 其他汽車服務業；F207030 清潔用品零售業；ZZ99999 除許可業務外，得經營法令非禁止或限制之業務,新北市,設立,11508
61280598,如果咖啡館,新北市樹林區八德街154號(1樓),潘淑慧,240000,115/08/05,,,F501030 飲料店業；F501060 餐館業；F203020 菸酒零售業；F203010 食品什貨、飲料零售業；F206020 日常用品零售業；F213010 電器零售業；C199990 未分類其他食品製造業；ZZ99999 除許可業務外，得經營法令非禁止或限制之業務,新北市,設立,11508
61280605,樂陶商行,新北市新莊區新莊路336號3樓,李廷穎,120000,115/08/05,,,F203010 食品什貨、飲料零售業；F501030 飲料店業,新北市,設立,11508
61280611,妝容企業社,新北市樹林區中正路857號,翁旭壽,200000,115/08/05,,,JZ99080 美容美髮服務業；F208040 化粧品零售業；ZZ99999 除許可業務外，得經營法令非禁止或限制之業務,新北市,設立,11508
61280627,禾妘商行,新北市蘆洲區長安街22巷16號3樓,林詩妘,200000,115/08/05,,,F399010 便利商店業；F301020 超級市場業；ZZ99999 除許可業務外，得經營法令非禁止或限制之業務,新北市,設立,11508
61280632,秒寵愛企業社,新北市五股區新五路2段331號12樓115年08月,范秀瑄,100000,115/08/05,,,F102170 食品什貨批發業；F203010 食品什貨、飲料零售業；F106060 寵物食品及其用品批發業；F206050 寵物食品及其用品零售業；F108040 化粧品批發業；F208040 化粧品零售業；F107030 清潔用品批發業；F207030 清潔用品零售業；F106020 日常用品批發業；F206020 日常用品零售業；F113020 電器批發業；F213010 電器零售業；F399990 其他綜合零售業；F399040 無店面零售業；F401010 國際貿易業；JZ99030 攝影業；I401010 一般廣告服務業；I301030 電子資訊供應服務業；I199990 其他顧問服務業；F104110 布疋、衣著、鞋、帽、傘、服飾品批發業；F204110 布疋、衣著、鞋、帽、傘、服飾品零售業,新北市,設立,11508
61280648,錡嘉企業社,新北市新莊區富貴路500號4樓,陳建志,200000,115/08/05,,,F113020 電器批發業；F213010 電器零售業；E601020 電器安裝業；JA02010 電器及電子產品修理業；E599010 配管工程業；F119010 電子材料批發業；F219010 電子材料零售業；F401010 國際貿易業；E801010 室內裝潢業；E801020 門窗安裝工程業；E801030 室內輕鋼架工程業；E801040 玻璃安裝工程業；E801070 廚具、衛浴設備安裝工程業；F106010 五金批發業；F206010 五金零售業；F111090 建材批發業；F106040 水器材料批發業；F206040 水器材料零售業；JE01010 租賃業；ZZ99999 除許可業務外，得經營法令非禁止或限制之業務,新北市,設立,11508
61280653,森密境休閒農場,新北市三峽區有木106之8號,尹長榮,100000,115/08/05,,,A102041 休閒農業；A201040 森林遊樂區經營業；J799990 其他休閒服務業；J701020 遊樂園業；A101020 農作物栽培業；ZZ99999 除許可業務外，得經營法令非禁止或限制之業務,新北市,設立,11508
61280669,鈺芯顧問工作室,新北市汐止區新台五路1段112號19樓,林欣平,200000,115/08/05,,,I103060 管理顧問業；I199990 其他顧問服務業；ZZ99999 除許可業務外，得經營法令非禁止或限制之業務,新北市,設立,11508
61280675,珽豐商行,新北市新莊區中平路183號2樓,梁崴珽,200000,115/08/05,,,F111090 建材批發業；E801010 室內裝潢業；F106020 日常用品批發業；F211010 建材零售業；F206020 日常用品零售業；F106010 五金批發業；ZZ99999 除許可業務外，得經營法令非禁止或限制之業務,新北市,設立,11508
61280680,早早安你好小吃店,新北市淡水區北新路182巷21弄22號,郭冠麟,18000,115/08/05,,,F501060 餐館業；ZZ99999 除許可業務外，得經營法令非禁止或限制之業務,新北市,設立,11508
61280696,億碩水電工程行,新北市汐止區新台五路1段79號11樓之6,魏善德,200000,115/08/05,,,E599010 配管工程業；E603110 冷作工程業；EZ05010 儀器、儀表安裝工程業；E603040 消防安全設備安裝工程業；E603090 照明設備安裝工程業；F106040 水器材料批發業；F113070 電信器材批發業；F213060 電信器材零售業；F217010 消防安全設備零售業；ZZ99999 除許可業務外，得經營法令非禁止或限制之業務,新北市,設立,11508
61280703,光明蔬食自助餐,新北市土城區光明街22號(1樓) 115年08月,阮鳳娟,100000,115/08/05,,,F501060 餐館業,新北市,設立,11508
61280719,景上添花工作室,新北市土城區福寧街26號10樓,洪禎璘,100000,115/08/06,,,F209060 文教、樂器、育樂用品零售業；F399040 無店面零售業；ZZ99999 除許可業務外，得經營法令非禁止或限制之業務,新北市,設立,11508
61280725,民治街蔬食自助餐,新北市板橋區民治街129號,阮鳳娟,100000,115/08/05,,,F501060 餐館業,新北市,設立,11508
61280730,碳霸燒烤,新北市板橋區篤行路2段23號,李家祥,100000,115/08/05,,,F501060 餐館業,新北市,設立,11508
61280746,拙樂工作室,新北市土城區大安路16巷8號5樓,黃佩麗,200000,115/08/05,,,I501010 產品設計業；I599990 其他設計業；J601010 藝文服務業；ZZ99999 除許可業務外，得經營法令非禁止或限制之業務,新北市,設立,11508
61280751,三十設計工作室,新北市板橋區松江街48巷7號(1樓),林欣怡,200000,115/08/05,,,JZ99080 美容美髮服務業；F208040 化粧品零售業；I599990 其他設計業,新北市,設立,11508
61280767,億林工程行,新北市新店區安興路125之10號(1樓),李建億,200000,115/08/05,,,E801010 室內裝潢業；ZZ99999 除許可業務外，得經營法令非禁止或限制之業務,新北市,設立,11508
61280773,介壽一六八選物店,新北市三峽區介壽路3段16號(1樓),江建明,200000,115/08/06,,,F209060 文教、樂器、育樂用品零售業,新北市,設立,11508
61280788,好女孩俱樂部,新北市蘆洲區重陽街120號7樓,陳冠穎,50000,115/08/06,,,F104110 布疋、衣著、鞋、帽、傘、服飾品批發業；F106020 日常用品批發業；F204110 布疋、衣著、鞋、帽、傘、服飾品零售業；F206020 日常用品零售業；F399040 無店面零售業；ZZ99999 除許可業務外，得經營法令非禁止或限制之業務,新北市,設立,11508
61280794,昇好旺自助個人鍋店,新北市中和區景新街414號115年08月,王玉瑾,200000,115/08/06,,,F501060 餐館業；F501990 其他餐飲業；F203010 食品什貨、飲料零售業；F201990 其他農畜水產品零售業；ZZ99999 除許可業務外，得經營法令非禁止或限制之業務,新北市,設立,11508
61280801,園闔室內裝潢工程行,新北市汐止區康寧街169巷8號6樓115年08月,林建閣,249000,115/08/06,,,F106010 五金批發業；F106020 日常用品批發業；F107010 漆料、塗料批發業；F107020 染料、顏料批發業；F109070 文教、樂器、育樂用品批發業；F111090 建材批發業；F113020 電器批發業；F113050 電腦及事務性機器設備批發業；F113070 電信器材批發業；F113110 電池批發業；F116010 照相器材批發業；F118010 資訊軟體批發業；F119010 電子材料批發業；F205040 家具、寢具、廚房器具、裝設品零售業；F206010 五金零售業；F206020 日常用品零售業；F209060 文教、樂器、育樂用品零售業；F211010 建材零售業；F213010 電器零售業；F213030 電腦及事務性機器設備零售業；F213060 電信器材零售業；F213110 電池零售業；F216010 照相器材零售業；F218010 資訊軟體零售業；F219010 電子材料零售業；F105050 家具、寢具、廚房器具、裝設品批發業；F399990 其他綜合零售業；F401010 國際貿易業；F601010 智慧財產權業；F399040 無店面零售業；I301010 資訊軟體服務業；I301020 資料處理服務業；I301030 電子資訊供應服務業；I401010 一般廣告服務業；I501010 產品設計業；I503010 景觀設計業；I599990 其他設計業；IZ99990 其他工商服務業；E601020 電器安裝業；E605010 電腦設備安裝業；E603100 電焊工程業；E701010 電信工程業；E701020 衛星電視ＫＵ頻道、Ｃ頻道器材安裝業；E701030 電信管制射頻器材裝設工程業；E701040 簡易電信設備安裝業；E801010 室內裝潢業；E801020 門窗安裝工程業；E801030 室內輕鋼架工程業；E801040 玻璃安裝工程業；E801070 廚具、衛浴設備安裝工程業；E901010 油漆工程業；E903010 防蝕、防銹工程業；EZ02010 起重工程業；EZ03010 鎔爐安裝業；EZ05010 儀器、儀表安裝工程業；EZ99990 其他工程業；EZ09010 靜電防護及消除工程業；J101010 建築物清潔服務業；JA02010 電器及電子產品修理業；JZ99990 未分類其他服務業；H701090 都市更新整建維護業；ZZ99999 除許可業務外，得經營法令非禁止或限制之業務,新北市,設立,11508
61280817,國喆油漆工程裝修行,新北市鶯歌區尖山路87號(2樓),邱國凱,200000,115/08/06,,,E901010 油漆工程業；E903010 防蝕、防銹工程業；E801010 室內裝潢業；E801020 門窗安裝工程業；E801030 室內輕鋼架工程業；E801040 玻璃安裝工程業；E801070 廚具、衛浴設備安裝工程業；E603090 照明設備安裝工程業；E603100 電焊工程業；E603040 消防安全設備安裝工程業；E601010 電器承裝業；E601020 電器安裝業；E599010 配管工程業；EZ02010 起重工程業；EZ99990 其他工程業；F111090 建材批發業；F117010 消防安全設備批發業；F120010 耐火材料批發業；F119010 電子材料批發業；IZ12010 人力派遣業；ZZ99999 除許可業務外，得經營法令非禁止或限制之業務,新北市,設立,11508
61280823,欣裕興實業社,新北市板橋區廣權路5號2樓,楊家銘,200000,115/08/06,,,F113050 電腦及事務性機器設備批發業；F113070 電信器材批發業；F119010 電子材料批發業；F213030 電腦及事務性機器設備零售業；F213060 電信器材零售業；F216010 照相器材零售業；F219010 電子材料零售業；F399040 無店面零售業；F401010 國際貿易業；C805030 塑膠日用品製造業；CA02990 其他金屬製品製造業；ZZ99999 除許可業務外，得經營法令非禁止或限制之業務,新北市,設立,11508
61280838,沐禹烘焙,新北市板橋區合宜一路39號17樓之2,劉孟桓,100000,115/08/06,,,C104020 烘焙炊蒸食品製造業；F399040 無店面零售業；ZZ99999 除許可業務外，得經營法令非禁止或限制之業務,新北市,設立,11508
61280859,堡嗝大師號,新北市泰山區明志路2段187號(1樓) 115年08月,蘇威哲,200000,115/08/06,,,F501030 飲料店業；F501060 餐館業；ZZ99999 除許可業務外，得經營法令非禁止或限制之業務,新北市,設立,11508
61280865,誠摯好咖啡商行,新北市新店區中正路282之10號9樓,李承智,50000,115/08/06,,,F102170 食品什貨批發業；F203010 食品什貨、飲料零售業；F399040 無店面零售業；F206020 日常用品零售業；F106020 日常用品批發業；F299990 其他零售業,新北市,設立,11508
61280871,越享越南河粉,新北市汐止區康寧街56號（1樓）,阮翠莊,200000,115/08/06,,,F501060 餐館業；ZZ99999 除許可業務外，得經營法令非禁止或限制之業務,新北市,設立,11508
61280886,輝瑩企業社,新北市板橋區江寧路3段79巷8號(1樓),呂麗雪,200000,115/08/06,,,F107170 工業助劑批發業；F115020 礦石批發業；F106010 五金批發業；ZZ99999 除許可業務外，得經營法令非禁止或限制之業務,新北市,設立,11508
61280892,瑞盛工程行,新北市板橋區實踐路93巷31號(3樓),廖怡萍,200000,115/08/06,,,E801010 室內裝潢業；E901010 油漆工程業；E903010 防蝕、防銹工程業；EZ99990 其他工程業；F111090 建材批發業；F211010 建材零售業；ZZ99999 除許可業務外，得經營法令非禁止或限制之業務,新北市,設立,11508
61280909,聚豐小館,新北市淡水區坪頂路42號,廖健翔,200000,115/08/06,,,F501060 餐館業；ZZ99999 除許可業務外，得經營法令非禁止或限制之業務,新北市,設立,11508
61280915,熊好管電器工程行,新北市新店區安興路125之2號6樓,李芊慧,100000,115/08/06,,,E601020 電器安裝業；JA02010 電器及電子產品修理業；E603010 電纜安裝工程業；F113020 電器批發業；F213010 電器零售業；E601010 電器承裝業；F113060 度量衡器批發業；ZZ99999 除許可業務外，得經營法令非禁止或限制之業務；F102170 食品什貨批發業；F399040 無店面零售業；F101050 水產品批發業；F201030 水產品零售業；F101040 家畜家禽批發業；F201020 畜產品零售業；E603090 照明設備安裝工程業；E701010 電信工程業；E701030 電信管制射頻器材裝設工程業；F203010 食品什貨、飲料零售業；F212050 石油製品零售業；E801010 室內裝潢業；E801070 廚具、衛浴設備安裝工程業；F105050 家具、寢具、廚房器具、裝設品批發業；EZ99990 其他工程業；J101010 建築物清潔服務業,新北市,設立,11508
61280921,喝鮮果商行,新北市三重區五華街25號(1樓) 115年08月,黃靜怡,200000,115/08/06,,,F203010 食品什貨、飲料零售業；F501030 飲料店業,新北市,設立,11508
61280936,晨采工程行,新北市汐止區水源路2段82號（1樓）115年08月,連偉晨,100000,115/08/06,,,F113020 電器批發業；F213010 電器零售業；E601010 電器承裝業；E601020 電器安裝業；E599010 配管工程業；F206040 水器材料零售業；F206010 五金零售業；E603050 自動控制設備工程業；E801010 室內裝潢業；EZ15010 保溫、保冷安裝工程業；E502010 燃料導管安裝工程業；E603010 電纜安裝工程業；E603040 消防安全設備安裝工程業；E603080 交通號誌安裝工程業；E603090 照明設備安裝工程業；E605010 電腦設備安裝業；E701010 電信工程業；E701020 衛星電視ＫＵ頻道、Ｃ頻道器材安裝業；E701030 電信管制射頻器材裝設工程業；E701040 簡易電信設備安裝業；E801020 門窗安裝工程業；E801030 室內輕鋼架工程業；E801040 玻璃安裝工程業；E801070 廚具、衛浴設備安裝工程業；E901010 油漆工程業；E903010 防蝕、防銹工程業；EZ02010 起重工程業；EZ05010 儀器、儀表安裝工程業；EZ06010 交通標示工程業；EZ07010 鑽孔工程業；EZ99990 其他工程業；F106010 五金批發業；F106040 水器材料批發業；F111090 建材批發業；F117010 消防安全設備批發業；F119010 電子材料批發業；F199990 其他批發業；F211010 建材零售業；F217010 消防安全設備零售業；F219010 電子材料零售業；F299990 其他零售業；F401010 國際貿易業；ZZ99999 除許可業務外，得經營法令非禁止或限制之業務,新北市,設立,11508
61280942,元嘉百貨行,新北市三重區重陽路2段24巷3號(1樓),蔡秀珍,200000,115/08/06,,,F102170 食品什貨批發業；F104110 布疋、衣著、鞋、帽、傘、服飾品批發業；F105050 家具、寢具、廚房器具、裝設品批發業；F106010 五金批發業；F106020 日常用品批發業；F106050 陶瓷玻璃器皿批發業；F107030 清潔用品批發業；F107190 塑膠膜、袋批發業；F108040 化粧品批發業；F109070 文教、樂器、育樂用品批發業；F110010 鐘錶批發業；F113020 電器批發業,新北市,設立,11508
61280957,華哥小吃店,新北市板橋區介壽街２１號,李杰宸,200000,115/08/06,,,F501060 餐館業；F501990 其他餐飲業,新北市,設立,11508
61280963,左貓右狗寵物舍,新北市新莊區民安路207巷30弄56號(1樓),余秀梅,50000,115/08/06,,,F201081 特定寵物零售業,新北市,設立,11508
61280979,木序室內裝潢工程行,新北市鶯歌區永樂街9巷6號（1樓）,凃皓程,200000,115/08/06,,,E801010 室內裝潢業；F106010 五金批發業；F111090 建材批發業；F206010 五金零售業；F211010 建材零售業；E801020 門窗安裝工程業；E801030 室內輕鋼架工程業；E801040 玻璃安裝工程業；E801070 廚具、衛浴設備安裝工程業；E901010 油漆工程業；I503010 景觀設計業；ZZ99999 除許可業務外，得經營法令非禁止或限制之業務,新北市,設立,11508
61280984,太院商行,新北市中和區安平路58號,孫琬淋,200000,115/08/06,,,F206020 日常用品零售業；F207030 清潔用品零售業；F208040 化粧品零售業；JZ99080 美容美髮服務業；ZZ99999 除許可業務外，得經營法令非禁止或限制之業務,新北市,設立,11508
61280990,孟昇企業社,新北市中和區莒光路120巷38號,蔡承達,100000,115/08/06,,,E801070 廚具、衛浴設備安裝工程業；F213010 電器零售業；F113020 電器批發業；F206010 五金零售業；F106010 五金批發業；F205040 家具、寢具、廚房器具、裝設品零售業；F105050 家具、寢具、廚房器具、裝設品批發業；ZZ99999 除許可業務外，得經營法令非禁止或限制之業務,新北市,設立,11508
61281007,福緣好食行,新北市新店區安和路2段205巷2號,林妘巧,50000,115/08/06,,,F501060 餐館業,新北市,設立,11508
61281013,初萃企業社,新北市板橋區四維路168號2樓115年08月,蕭雅文,200000,115/08/06,,,F501030 飲料店業；F203010 食品什貨、飲料零售業；ZZ99999 除許可業務外，得經營法令非禁止或限制之業務,新北市,設立,11508
61281029,睿橙空間工程行,新北市板橋區僑中二街92巷4號4樓,陳柏安,100000,115/08/06,,,EZ99990 其他工程業；I101080 工、礦顧問業；J101010 建築物清潔服務業；JZ99990 未分類其他服務業；ZZ99999 除許可業務外，得經營法令非禁止或限制之業務,新北市,設立,11508
61281034,金鼎企業社,新北市鶯歌區光明街15巷10號(2樓),賴小君,200000,115/08/06,,,E801010 室內裝潢業；E801040 玻璃安裝工程業；E801020 門窗安裝工程業；E801070 廚具、衛浴設備安裝工程業；E901010 油漆工程業；E903010 防蝕、防銹工程業；EZ05010 儀器、儀表安裝工程業；EZ99990 其他工程業；E801030 室內輕鋼架工程業；F106010 五金批發業；F111090 建材批發業；F206010 五金零售業；F211010 建材零售業；J101030 廢棄物清除業；J101040 廢棄物處理業；I503010 景觀設計業；E601010 電器承裝業；E601020 電器安裝業；E603010 電纜安裝工程業；E603020 電梯安裝工程業；E603100 電焊工程業；E701010 電信工程業；EZ02010 起重工程業；EZ06010 交通標示工程業；EZ07010 鑽孔工程業；E599010 配管工程業；ZZ99999 除許可業務外，得經營法令非禁止或限制之業務,新北市,設立,11508
61281040,淣序文化娛樂工作室,新北市汐止區樟樹二路408號12樓,謝子新,50000,115/08/06,,,JZ99990 未分類其他服務業；J602010 演藝活動業；I401010 一般廣告服務業；JZ99030 攝影業；F399040 無店面零售業；ZZ99999 除許可業務外，得經營法令非禁止或限制之業務,新北市,設立,11508
61281055,全宇方工程行,新北市土城區延壽路75巷8弄2號4樓,張銘淳,200000,115/08/06,,,EZ99990 其他工程業；E801030 室內輕鋼架工程業；CA02010 金屬結構及建築組件製造業；E603100 電焊工程業；I401010 一般廣告服務業；A102080 園藝服務業；F106010 五金批發業；F111090 建材批發業；F206010 五金零售業；F211010 建材零售業；ZZ99999 除許可業務外，得經營法令非禁止或限制之業務,新北市,設立,11508
61281061,雞與稻小吃店,新北市新莊區自立街68號(1樓) 115年08月,王銓民,200000,115/08/06,,,F501060 餐館業,新北市,設立,11508
61281077,五號日韓潮流服飾,新北市林口區文化二路1段96巷3號9樓,蔡宜庭,120000,115/08/06,,,F399040 無店面零售業；F203010 食品什貨、飲料零售業；F206020 日常用品零售業；F204110 布疋、衣著、鞋、帽、傘、服飾品零售業；F205040 家具、寢具、廚房器具、裝設品零售業；F207030 清潔用品零售業；ZZ99999 除許可業務外，得經營法令非禁止或限制之業務,新北市,設立,11508
61281082,美蒳工作室,新北市中和區中山路2段332巷13號12樓,張家禎,200000,115/08/06,,,F106020 日常用品批發業；F206020 日常用品零售業；F104110 布疋、衣著、鞋、帽、傘、服飾品批發業；F204110 布疋、衣著、鞋、帽、傘、服飾品零售業；I301060 網路廣告平臺業；I401010 一般廣告服務業；J602010 演藝活動業；J601010 藝文服務業；J603010 音樂展演空間業；JZ99030 攝影業；ZZ99999 除許可業務外，得經營法令非禁止或限制之業務,新北市,設立,11508
61281098,鼎安生鮮商行,新北市永和區信義路82號,黃振賢,150000,115/08/06,,,F201010 農產品零售業；F201020 畜產品零售業；F201030 水產品零售業,新北市,設立,11508
61281105,宇富商行,新北市土城區明德路1段247巷8號(1樓),賴盈臻,200000,115/08/06,,,F399010 便利商店業；ZZ99999 除許可業務外，得經營法令非禁止或限制之業務,新北市,設立,11508
61281111,王榕手作陶藝工作室,新北市淡水區學府路30號2樓,王榕,240000,115/08/06,,,C901010 陶瓷及陶瓷製品製造業；F106050 陶瓷玻璃器皿批發業；F206020 日常用品零售業；F215010 首飾及貴金屬零售業；F215020 礦石零售業；F399040 無店面零售業；I105010 藝術品諮詢顧問業；I199990 其他顧問服務業；I501010 產品設計業；J601010 藝文服務業；ZZ99999 除許可業務外，得經營法令非禁止或限制之業務,新北市,設立,11508
61281127,玉成工業社,新北市中和區中正路700號5樓之1,陳瑞瓊,240000,115/08/06,,,CA02990 其他金屬製品製造業；CQ01010 模具製造業；F106010 五金批發業；F206010 五金零售業；F106030 模具批發業；F206030 模具零售業；ZZ99999 除許可業務外，得經營法令非禁止或限制之業務,新北市,設立,11508
61281132,樹旅餐飲製作所,新北市鶯歌區重慶街95號2樓115年08月,邱韋涵,200000,115/08/06,,,F501060 餐館業；F501030 飲料店業；ZZ99999 除許可業務外，得經營法令非禁止或限制之業務,新北市,設立,11508
61281148,旅揚行,新北市中和區國光街36巷3弄3號4樓115年08月,翁智揚,58888,115/08/06,,,F399040 無店面零售業；F399990 其他綜合零售業；F401010 國際貿易業；I199990 其他顧問服務業；I301010 資訊軟體服務業；I301020 資料處理服務業；I401010 一般廣告服務業；J601010 藝文服務業；J799990 其他休閒服務業；JZ99990 未分類其他服務業；ZZ99999 除許可業務外，得經營法令非禁止或限制之業務,新北市,設立,11508
61281153,崗煦貿易生活事業商行,新北市中和區明穗里民享街92巷22號2樓115年08月,孫鈴祁,150000,115/08/07,,,F401010 國際貿易業；J303010 雜誌（期刊）出版業；J305010 有聲出版業；J399010 軟體出版業；J399990 其他出版業；J404010 動畫影片製作業；J601010 藝文服務業；J602010 演藝活動業；J503050 錄影節目帶業；JZ99030 攝影業；JZ99990 未分類其他服務業；I105010 藝術品諮詢顧問業；I199990 其他顧問服務業；I301010 資訊軟體服務業；I103060 管理顧問業；I501010 產品設計業；I502010 服飾設計業；I503010 景觀設計業；I504010 花藝設計業；I599990 其他設計業；I701011 就業服務業；I401020 廣告傳單分送業；I401010 一般廣告服務業；IZ04010 翻譯業；H201010 一般投資業；H202010 創業投資業；H204010 私募股權投資業；F104110 布疋、衣著、鞋、帽、傘、服飾品批發業；F105050 家具、寢具、廚房器具、裝設品批發業；F106010 五金批發業；F102170 食品什貨批發業；F102050 茶葉批發業；F102040 飲料批發業；F102020 食用油脂批發業；F106020 日常用品批發業；F106050 陶瓷玻璃器皿批發業；F107010 漆料、塗料批發業；F107020 染料、顏料批發業；F106060 寵物食品及其用品批發業；F107030 清潔用品批發業；F601010 智慧財產權業；F299990 其他零售業；F221010 食品添加物零售業；F219010 電子材料零售業；F218010 資訊軟體零售業；F216010 照相器材零售業；F215020 礦石零售業；F215010 首飾及貴金屬零售業；F214040 自行車及其零件零售業；F214030 汽、機車零件配備零售業；F213060 電信器材零售業；F213080 機械器具零售業；F213030 電腦及事務性機器設備零售業；F213010 電器零售業；F209060 文教、樂器、育樂用品零售業；F208050 乙類成藥零售業；F208040 化粧品零售業；F207030 清潔用品零售業；F207020 染料、顏料零售業；F207010 漆料、塗料零售業；F206020 日常用品零售業；F206010 五金零售業；F205040 家具、寢具、廚房器具、裝設品零售業；F204110 布疋、衣著、鞋、帽、傘、服飾品零售業；F203010 食品什貨、飲料零售業；F201010 農產品零售業；F399040 無店面零售業；J202010 產業育成業；IZ99990 其他工商服務業；ZZ99999 除許可業務外，得經營法令非禁止或限制之業務,新北市,設立,11508
61281169,阿里抓抓延吉商行,新北市土城區延吉街109號(1樓),秦偉倫,80000,115/08/10,,,F209060 文教、樂器、育樂用品零售業；F203010 食品什貨、飲料零售業,新北市,設立,11508
61281175,阿里抓抓莒光商行,新北市中和區莒光路97號(1樓),秦偉倫,80000,115/08/10,,,F209060 文教、樂器、育樂用品零售業；F203010 食品什貨、飲料零售業,新北市,設立,11508
61281180,星印企業社,新北市三重區中興北街160巷9號,周斌,200000,115/08/07,,,C702010 製版業；IZ10010 排版業；C701010 印刷業；I301020 資料處理服務業；I301030 電子資訊供應服務業；I401010 一般廣告服務業；JZ99030 攝影業；F401010 國際貿易業；ZZ99999 除許可業務外，得經營法令非禁止或限制之業務,新北市,設立,11508
61281196,璟乘企業社,新北市樹林區復興路128號2樓115年08月,簡仲甫,200000,115/08/07,,,F106010 五金批發業；F201010 農產品零售業；F101100 花卉批發業；F106020 日常用品批發業；F106040 水器材料批發業；A101030 特用作物栽培業；E599010 配管工程業；A102080 園藝服務業；I503010 景觀設計業；I504010 花藝設計業；I599990 其他設計業；E603090 照明設備安裝工程業；EZ99990 其他工程業；ZZ99999 除許可業務外，得經營法令非禁止或限制之業務；F201070 花卉零售業,新北市,設立,11508
61281203,新璋工程行,新北市新莊區瓊林南路133號4樓,陳冠璋,240000,115/08/07,,,E599010 配管工程業；E601020 電器安裝業；E603010 電纜安裝工程業；E603090 照明設備安裝工程業；E605010 電腦設備安裝業；E607010 太陽熱能設備安裝工程業；E801010 室內裝潢業；E801020 門窗安裝工程業；E801030 室內輕鋼架工程業；E801040 玻璃安裝工程業；E801070 廚具、衛浴設備安裝工程業；E901010 油漆工程業；EZ99990 其他工程業；F105050 家具、寢具、廚房器具、裝設品批發業；F106010 五金批發業；F106020 日常用品批發業；F107010 漆料、塗料批發業；F111090 建材批發業；F113020 電器批發業；F199990 其他批發業；F299990 其他零售業；F399040 無店面零售業；F401010 國際貿易業；IZ12010 人力派遣業,新北市,設立,11508
61281219,長鋐水電工程行,新北市三重區興華街112號,黃淑勤,200000,115/08/07,,,E599010 配管工程業；E601020 電器安裝業；E603010 電纜安裝工程業；E801070 廚具、衛浴設備安裝工程業；EZ05010 儀器、儀表安裝工程業；EZ07010 鑽孔工程業；E701010 電信工程業；F106040 水器材料批發業；ZZ99999 除許可業務外，得經營法令非禁止或限制之業務；E603090 照明設備安裝工程業,新北市,設立,11508
61281225,昭麟企業社,新北市三重區五谷王北街66巷45號(2樓),藍昭麟,200000,115/08/07,,,H701010 住宅及大樓開發租售業；F111090 建材批發業；F211010 建材零售業；H703090 不動產買賣業；H703100 不動產租賃業；ZZ99999 除許可業務外，得經營法令非禁止或限制之業務,新北市,設立,11508
61281230,美華企業社,新北市三重區五谷王北街66巷45號(2樓),藍美華,200000,115/08/07,,,H701010 住宅及大樓開發租售業；F111090 建材批發業；F211010 建材零售業；H703090 不動產買賣業；H703100 不動產租賃業；ZZ99999 除許可業務外，得經營法令非禁止或限制之業務,新北市,設立,11508
61281246,椒傲雞小吃店,新北市新莊區中和街208號115年08月,王俊凱,200000,115/08/07,,,F501060 餐館業,新北市,設立,11508
61281251,德鋆企業社,新北市三重區五谷王北街66巷45號(2樓),藍德鋆,200000,115/08/07,,,H701010 住宅及大樓開發租售業；F111090 建材批發業；F211010 建材零售業；H703090 不動產買賣業；H703100 不動產租賃業；ZZ99999 除許可業務外，得經營法令非禁止或限制之業務,新北市,設立,11508
61281267,昭同企業社,新北市三重區五谷王北街66巷45號(2樓),藍昭同,200000,115/08/07,,,H701010 住宅及大樓開發租售業；F111090 建材批發業；F211010 建材零售業；H703090 不動產買賣業；H703100 不動產租賃業；ZZ99999 除許可業務外，得經營法令非禁止或限制之業務,新北市,設立,11508
61281273,予光彩妝工作室,新北市中和區秀朗路3段76巷2號4樓,許宇禎,300000,115/08/07,,,JZ99080 美容美髮服務業,新北市,設立,11508
61281288,曜真工作室,新北市永和區中和路343號8樓之2,李銘真,200000,115/08/07,,,I301030 電子資訊供應服務業；I301010 資訊軟體服務業；I301020 資料處理服務業；I401010 一般廣告服務業；J303010 雜誌（期刊）出版業；J304010 圖書出版業；J305010 有聲出版業；J601010 藝文服務業；J602010 演藝活動業；F209060 文教、樂器、育樂用品零售業；F399040 無店面零售業；ZZ99999 除許可業務外，得經營法令非禁止或限制之業務,新北市,設立,11508
61281294,蕭葉工作室,新北市板橋區民治街57巷32號2樓,蕭琇如,20000,115/08/07,,,F104110 布疋、衣著、鞋、帽、傘、服飾品批發業；F109070 文教、樂器、育樂用品批發業；F208040 化粧品零售業；F209060 文教、樂器、育樂用品零售業；F399040 無店面零售業；F204110 布疋、衣著、鞋、帽、傘、服飾品零售業；I502010 服飾設計業；F401010 國際貿易業,新北市,設立,11508
61281301,阿暉快餐,新北市板橋區中山路1段158巷1號,梁宏瑋,150000,115/08/07,,,F203010 食品什貨、飲料零售業；F501030 飲料店業；F501060 餐館業；F501990 其他餐飲業,新北市,設立,11508
61281317,月見本舖,新北市蘆洲區長榮路701號115年08月,郭彥伯,3000000,115/08/07,,,F201010 農產品零售業；F201020 畜產品零售業；F201030 水產品零售業；F203010 食品什貨、飲料零售業；F203020 菸酒零售業；F205040 家具、寢具、廚房器具、裝設品零售業；F206020 日常用品零售業；F399990 其他綜合零售業；F401010 國際貿易業；F501030 飲料店業；F501060 餐館業；ZZ99999 除許可業務外，得經營法令非禁止或限制之業務,新北市,設立,11508
61281323,旭力工程行,新北市中和區景新街451號2樓,林伶俊,200000,115/08/07,,,E601020 電器安裝業；E801010 室內裝潢業；E901010 油漆工程業；F111090 建材批發業；F113020 電器批發業；ZZ99999 除許可業務外，得經營法令非禁止或限制之業務,新北市,設立,11508
61281338,億來鋁門窗工程行,新北市中和區華新街143巷57弄6號5樓,詹益來,200000,115/08/07,,,F106010 五金批發業；F111090 建材批發業；F206010 五金零售業；F211010 建材零售業；E801010 室內裝潢業；E801020 門窗安裝工程業；E801040 玻璃安裝工程業；E901010 油漆工程業；I503010 景觀設計業；ZZ99999 除許可業務外，得經營法令非禁止或限制之業務,新北市,設立,11508
61281359,光鹽生活工作室,新北市中和區德光路27巷17號（2樓）115年08月,王晏蓁,200000,115/08/07,,,F104110 布疋、衣著、鞋、帽、傘、服飾品批發業；F105050 家具、寢具、廚房器具、裝設品批發業；F106010 五金批發業；F106020 日常用品批發業；F203010 食品什貨、飲料零售業；F204110 布疋、衣著、鞋、帽、傘、服飾品零售業；F205040 家具、寢具、廚房器具、裝設品零售業；F206010 五金零售業；F206020 日常用品零售業；F399040 無店面零售業；F401010 國際貿易業；I101090 食品顧問業；I199990 其他顧問服務業；I401010 一般廣告服務業；J305010 有聲出版業；J401010 電影片製作業；J601010 藝文服務業；J602010 演藝活動業；J802010 運動訓練業；J803010 運動表演業；J803020 運動比賽業；ZZ99999 除許可業務外，得經營法令非禁止或限制之業務,新北市,設立,11508
61281365,萌日小舖,新北市樹林區博愛街2巷3號(1樓),劉豐榮,200000,115/08/07,,,F201020 畜產品零售業；F201010 農產品零售業；F201030 水產品零售業；F203010 食品什貨、飲料零售業；F203020 菸酒零售業；F204110 布疋、衣著、鞋、帽、傘、服飾品零售業；F205040 家具、寢具、廚房器具、裝設品零售業；F206010 五金零售業；F206020 日常用品零售業；F207030 清潔用品零售業；F208040 化粧品零售業；F209060 文教、樂器、育樂用品零售業；F210010 鐘錶零售業；F213010 電器零售業；F215010 首飾及貴金屬零售業；F399990 其他綜合零售業；F299990 其他零售業,新北市,設立,11508
61281371,南極光工作室,新北市永和區中和路499號14樓之5,林哲安,100000,115/08/07,,,F206020 日常用品零售業；I199990 其他顧問服務業；I301020 資料處理服務業；I301060 網路廣告平臺業；I401010 一般廣告服務業；JZ99990 未分類其他服務業；ZZ99999 除許可業務外，得經營法令非禁止或限制之業務,新北市,設立,11508
61281386,友誼三喵工作室,新北市三重區同安街105號2樓,尤怡仙,30000,115/08/07,,,J602010 演藝活動業；J601010 藝文服務業；J404010 動畫影片製作業；F399040 無店面零售業；I401010 一般廣告服務業；F109070 文教、樂器、育樂用品批發業；F209060 文教、樂器、育樂用品零售業；JZ99030 攝影業；F401010 國際貿易業；I301010 資訊軟體服務業；I301020 資料處理服務業；JZ99990 未分類其他服務業；I301030 電子資訊供應服務業；F601010 智慧財產權業；I599990 其他設計業；I501010 產品設計業；J305010 有聲出版業；F218010 資訊軟體零售業；F118010 資訊軟體批發業；J399990 其他出版業；F213030 電腦及事務性機器設備零售業；F113050 電腦及事務性機器設備批發業；ZZ99999 除許可業務外，得經營法令非禁止或限制之業務,新北市,設立,11508
61281392,宸希半永久定妝美學工作室,新北市三重區永福街46巷29號115年08月,許譯心,100000,115/08/07,,,F208040 化粧品零售業；JZ99080 美容美髮服務業,新北市,設立,11508
61281409,天天運動社,新北市中和區中山路2段369號5樓,黃元邑,100000,115/08/07,,,J802010 運動訓練業；J801030 競技及休閒運動場館業；J803020 運動比賽業；J803010 運動表演業；J799990 其他休閒服務業；JZ99990 未分類其他服務業；F204110 布疋、衣著、鞋、帽、傘、服飾品零售業；ZZ99999 除許可業務外，得經營法令非禁止或限制之業務,新北市,設立,11508
61281415,宜禾商行,新北市林口區文化二路1段279號,熊筱金,200000,115/08/07,,,F107030 清潔用品批發業；F114030 汽、機車零件配備批發業；F203010 食品什貨、飲料零售業；F203020 菸酒零售業；F207030 清潔用品零售業；F214030 汽、機車零件配備零售業；F401010 國際貿易業；F501030 飲料店業；F501060 餐館業；JA01990 其他汽車服務業；ZZ99999 除許可業務外，得經營法令非禁止或限制之業務；F102040 飲料批發業；F102170 食品什貨批發業；F501050 飲酒店業,新北市,設立,11508
61281421,廣順車業行,新北市樹林區保安街1段42號,楊博翔,200000,115/08/07,,,F214020 機車零售業；F214030 汽、機車零件配備零售業；JA02020 機車修理業；ZZ99999 除許可業務外，得經營法令非禁止或限制之業務,新北市,設立,11508
61281436,喜然工作室,新北市蘆洲區集賢路222之5號3樓,楊千慧,50000,115/08/07,,,I199990 其他顧問服務業；I301030 電子資訊供應服務業；I401010 一般廣告服務業；J303010 雜誌（期刊）出版業；J304010 圖書出版業；J305010 有聲出版業；J503040 廣播電視廣告業；J601010 藝文服務業；J602010 演藝活動業；ZZ99999 除許可業務外，得經營法令非禁止或限制之業務,新北市,設立,11508
61281442,明薪工程行,新北市新莊區五權一路96號5樓115年08月,高秋明,200000,115/08/07,,,E801030 室內輕鋼架工程業；E801010 室內裝潢業；E901010 油漆工程業；I503010 景觀設計業；E801070 廚具、衛浴設備安裝工程業；E599010 配管工程業；E601020 電器安裝業；E603090 照明設備安裝工程業；EZ99990 其他工程業；E903010 防蝕、防銹工程業；EZ07010 鑽孔工程業；ZZ99999 除許可業務外，得經營法令非禁止或限制之業務,新北市,設立,11508
61281457,鑫丰泥作工程行,新北市土城區中華路1段36號7樓之1,厲彥彣,200000,115/08/07,,,E801010 室內裝潢業；E801020 門窗安裝工程業；E801030 室內輕鋼架工程業；E801040 玻璃安裝工程業；E801070 廚具、衛浴設備安裝工程業；E901010 油漆工程業；E903010 防蝕、防銹工程業；EZ99990 其他工程業；F106010 五金批發業；F106040 水器材料批發業；F206010 五金零售業；F206040 水器材料零售業；F401010 國際貿易業；ZZ99999 除許可業務外，得經營法令非禁止或限制之業務,新北市,設立,11508
61281463,剛剛好工作室,新北市蘆洲區集賢路222之5號3樓,莊礎涵,50000,115/08/07,,,I199990 其他顧問服務業；I301030 電子資訊供應服務業；I401010 一般廣告服務業；J303010 雜誌（期刊）出版業；J304010 圖書出版業；J305010 有聲出版業；J503040 廣播電視廣告業；J601010 藝文服務業；J602010 演藝活動業；ZZ99999 除許可業務外，得經營法令非禁止或限制之業務,新北市,設立,11508
61281479,甜橙工作室,新北市蘆洲區集賢路２２２之５號３樓,陳芷軒,50000,115/08/07,,,I199990 其他顧問服務業；I301030 電子資訊供應服務業；I401010 一般廣告服務業；J303010 雜誌（期刊）出版業；J304010 圖書出版業；J305010 有聲出版業；J503040 廣播電視廣告業；J601010 藝文服務業；J602010 演藝活動業；ZZ99999 除許可業務外，得經營法令非禁止或限制之業務,新北市,設立,11508
61281484,宇核娛樂工作室,新北市蘆洲區集賢路222之5號3樓115年08月,翁宇慶,50000,115/08/07,,,I199990 其他顧問服務業；I301030 電子資訊供應服務業；I401010 一般廣告服務業；J303010 雜誌（期刊）出版業；J304010 圖書出版業；J305010 有聲出版業；J503040 廣播電視廣告業；J601010 藝文服務業；J602010 演藝活動業；ZZ99999 除許可業務外，得經營法令非禁止或限制之業務,新北市,設立,11508
61281490,皓瀚創意工作室,新北市蘆洲區集賢路222之5號3樓,鄭皓文,50000,115/08/07,,,I199990 其他顧問服務業；I301030 電子資訊供應服務業；I401010 一般廣告服務業；J303010 雜誌（期刊）出版業；J304010 圖書出版業；J305010 有聲出版業；J503040 廣播電視廣告業；J601010 藝文服務業；J602010 演藝活動業；ZZ99999 除許可業務外，得經營法令非禁止或限制之業務,新北市,設立,11508
61281506,沐斯美學工作室,新北市三峽區大義路209號(1樓),詹幃心,100000,115/08/07,,,JZ99080 美容美髮服務業；JZ99990 未分類其他服務業；F208040 化粧品零售業；ZZ99999 除許可業務外，得經營法令非禁止或限制之業務,新北市,設立,11508
61281512,京園餐飲,新北市林口區文化二路1段64號之5,黃美飾,200000,115/08/07,,,F501060 餐館業；F501030 飲料店業；F501990 其他餐飲業；F203010 食品什貨、飲料零售業；ZZ99999 除許可業務外，得經營法令非禁止或限制之業務,新北市,設立,11508
61281528,粲譽諮詢工作室,新北市中和區中山路2段332巷1號7樓115年08月,徐詠哲,200000,115/08/07,,,F102040 飲料批發業；F106010 五金批發業；F106020 日常用品批發業；F106060 寵物食品及其用品批發業；F107200 化學原料批發業；F107990 其他化學製品批發業；F108040 化粧品批發業；F201010 農產品零售業；F203010 食品什貨、飲料零售業；F204110 布疋、衣著、鞋、帽、傘、服飾品零售業；F205040 家具、寢具、廚房器具、裝設品零售業；F206010 五金零售業；F206020 日常用品零售業；F206050 寵物食品及其用品零售業；F207030 清潔用品零售業；F207200 化學原料零售業；F207990 其他化學製品零售業；F208040 化粧品零售業；F299990 其他零售業；F399040 無店面零售業；F399990 其他綜合零售業；F401010 國際貿易業；I101090 食品顧問業；I103060 管理顧問業；I199990 其他顧問服務業；IZ06010 理貨包裝業；IZ99990 其他工商服務業；J601010 藝文服務業；ZZ99999 除許可業務外，得經營法令非禁止或限制之業務,新北市,設立,11508
61281533,豐垣工程行,新北市三重區光興街142號(1樓),莊秋平,200000,115/08/07,,,E599010 配管工程業；E601010 電器承裝業；E601020 電器安裝業；E603010 電纜安裝工程業；E603050 自動控制設備工程業；E603090 照明設備安裝工程業；E701010 電信工程業；E701040 簡易電信設備安裝業；E801010 室內裝潢業；E801070 廚具、衛浴設備安裝工程業；EZ99990 其他工程業；ZZ99999 除許可業務外，得經營法令非禁止或限制之業務,新北市,設立,11508
61281549,芙林企業社,新北市三重區自強路1段143之1號(1樓),謝振豐,200000,115/08/07,,,F203010 食品什貨、飲料零售業；F501030 飲料店業；ZZ99999 除許可業務外，得經營法令非禁止或限制之業務,新北市,設立,11508
61281554,品集企業社,新北市土城區延安街2號(1樓),陳昱廷,100000,115/08/07,,,F204110 布疋、衣著、鞋、帽、傘、服飾品零售業；F206020 日常用品零售業；F203010 食品什貨、飲料零售業；F399040 無店面零售業；F106020 日常用品批發業；F401010 國際貿易業；ZZ99999 除許可業務外，得經營法令非禁止或限制之業務,新北市,設立,11508
61281560,烤室有存商行,新北市三重區長安街59號,張正旻,180000,115/08/07,,,F501060 餐館業；F501030 飲料店業；F501990 其他餐飲業；F203010 食品什貨、飲料零售業；F203020 菸酒零售業；F399040 無店面零售業；ZZ99999 除許可業務外，得經營法令非禁止或限制之業務,新北市,設立,11508
61281576,數字人工作室,新北市中和區民安街22巷10號2樓,伍逸夫,50000,115/08/07,,,J401010 電影片製作業；I401010 一般廣告服務業,新北市,設立,11508
61281581,築御工程行,新北市三峽區復興路303巷1弄8號(1樓) 115年08月,姜佳佑,100000,115/08/07,,,EZ99990 其他工程業；E801010 室內裝潢業；F111090 建材批發業；F211010 建材零售業；J101010 建築物清潔服務業；E901010 油漆工程業；ZZ99999 除許可業務外，得經營法令非禁止或限制之業務,新北市,設立,11508
61281597,耀鑫工程行,新北市新莊區雙鳳路134巷14號10樓,曾莉茵,200000,115/08/10,,,E603040 消防安全設備安裝工程業；E599010 配管工程業；E603100 電焊工程業；E603050 自動控制設備工程業；E604010 機械安裝業；E502010 燃料導管安裝工程業；CA02050 閥類製造業；CA02990 其他金屬製品製造業；F113010 機械批發業；F111090 建材批發業；F213080 機械器具零售業；F213990 其他機械器具零售業；F211010 建材零售業；CA01050 鋼材二次加工業；CA02010 金屬結構及建築組件製造業；ZZ99999 除許可業務外，得經營法令非禁止或限制之業務,新北市,設立,11508
61281604,今天不跳電傳媒工作室,新北市中和區中山路2段332巷1號7樓,楊歆瑀,200000,115/08/10,,,I401010 一般廣告服務業；J305010 有聲出版業；J304010 圖書出版業；J602010 演藝活動業；F399040 無店面零售業；I301010 資訊軟體服務業；I301020 資料處理服務業；I301030 電子資訊供應服務業；JZ99030 攝影業；ZZ99999 除許可業務外，得經營法令非禁止或限制之業務,新北市,設立,11508
61281610,裕豐餐飲商行,新北市新莊區西盛街194號(1樓),蔡博翔,50000,115/08/10,,,F501990 其他餐飲業；F501060 餐館業；F501030 飲料店業；F203010 食品什貨、飲料零售業；F203020 菸酒零售業；F203030 酒精零售業；F299990 其他零售業；F399990 其他綜合零售業；ZZ99999 除許可業務外，得經營法令非禁止或限制之業務,新北市,設立,11508
61281626,軒格式髮藝,新北市鶯歌區尖山路117號,李春梅,6000,115/08/10,,,JZ99080 美容美髮服務業,新北市,設立,11508
61281631,媛選商行,新北市板橋區民族路111號(1樓) 115年08月,張琳媛,30000,115/08/10,,,F203010 食品什貨、飲料零售業；F209060 文教、樂器、育樂用品零售業；F206020 日常用品零售業；ZZ99999 除許可業務外，得經營法令非禁止或限制之業務,新北市,設立,11508
61281647,五木戶外企業社,新北市汐止區山光里樟樹一路185號11樓,黃微如,200000,115/08/10,,,F104110 布疋、衣著、鞋、帽、傘、服飾品批發業；F109070 文教、樂器、育樂用品批發業；F113020 電器批發業；F204110 布疋、衣著、鞋、帽、傘、服飾品零售業；F209060 文教、樂器、育樂用品零售業；F213010 電器零售業；F299990 其他零售業；F399040 無店面零售業；F399990 其他綜合零售業；ZZ99999 除許可業務外，得經營法令非禁止或限制之業務；F401010 國際貿易業,新北市,設立,11508
61281652,宥芯娃娃屋,新北市永和區保平路30巷10之2號,賴品豪,200000,115/08/10,,,F209060 文教、樂器、育樂用品零售業；F203010 食品什貨、飲料零售業,新北市,設立,11508
61281668,穎創企業社,新北市土城區清水路278巷7弄10號2樓,陳巧穎,50000,115/08/10,,,F209060 文教、樂器、育樂用品零售業；F206020 日常用品零售業；ZZ99999 除許可業務外，得經營法令非禁止或限制之業務,新北市,設立,11508
61281674,零玖工程行,新北市中和區中山路2段332巷1號7樓,賴鈞偉,200000,115/08/10,,,E801010 室內裝潢業；E903010 防蝕、防銹工程業；EZ99990 其他工程業；F106010 五金批發業；F111090 建材批發業；ZZ99999 除許可業務外，得經營法令非禁止或限制之業務,新北市,設立,11508
61281689,宇榮木作工程行,新北市板橋區金門街127巷10號,張榮典,248000,115/08/10,,,E801010 室內裝潢業；E901010 油漆工程業；E801070 廚具、衛浴設備安裝工程業；E801020 門窗安裝工程業；F111090 建材批發業；EZ99990 其他工程業；ZZ99999 除許可業務外，得經營法令非禁止或限制之業務,新北市,設立,11508
61281695,夢境屋早餐,新北市新店區新和街116巷4號,何俐靜,100000,115/08/10,,,F501060 餐館業；F501030 飲料店業；F203010 食品什貨、飲料零售業；F399040 無店面零售業；F102170 食品什貨批發業；F399990 其他綜合零售業；F501990 其他餐飲業,新北市,設立,11508
61281702,漢雅食坊,新北市板橋區自由路49號(1樓),莊漢靖,100000,115/08/10,,,F501060 餐館業；ZZ99999 除許可業務外，得經營法令非禁止或限制之業務,新北市,設立,11508
61281718,東瀅車業,新北市新莊區中港一街87號(1樓) 115年08月,鄭世華,200000,115/08/10,,,F214020 機車零售業；F214030 汽、機車零件配備零售業,新北市,設立,11508
61281724,博築室內裝潢工程行,新北市三重區六張街215之1號2樓115年08月,林怡岑,240000,115/08/10,,,E901010 油漆工程業；C802200 塗料、油漆、染料及顏料製造業；E599010 配管工程業；E601010 電器承裝業；E601020 電器安裝業；E603010 電纜安裝工程業；E603020 電梯安裝工程業；E603040 消防安全設備安裝工程業；E603050 自動控制設備工程業；E603090 照明設備安裝工程業；E603100 電焊工程業；E604010 機械安裝業；E607010 太陽熱能設備安裝工程業；E701010 電信工程業；E801010 室內裝潢業；E801020 門窗安裝工程業；E801030 室內輕鋼架工程業；E801040 玻璃安裝工程業；E801070 廚具、衛浴設備安裝工程業；E903010 防蝕、防銹工程業；EZ02010 起重工程業；EZ07010 鑽孔工程業；EZ11010 球場跑道樹脂材料鋪設工程業；EZ14010 運動場地用設備工程業；EZ15010 保溫、保冷安裝工程業；EZ99990 其他工程業；F105050 家具、寢具、廚房器具、裝設品批發業；F106010 五金批發業；F113050 電腦及事務性機器設備批發業；F205040 家具、寢具、廚房器具、裝設品零售業；F211010 建材零售業；F213030 電腦及事務性機器設備零售業；F220010 耐火材料零售業；F399040 無店面零售業；F401010 國際貿易業；I501010 產品設計業；I503010 景觀設計業；IZ12010 人力派遣業；ZZ99999 除許可業務外，得經營法令非禁止或限制之業務,新北市,設立,11508
61281739,政樺企業社,新北市新莊區富國路176巷15號,蔡政男,200000,115/08/10,,,H703090 不動產買賣業；H703100 不動產租賃業；H701020 工業廠房開發租售業；H701050 投資興建公共建設業；H701010 住宅及大樓開發租售業；JZ99050 仲介服務業；F104110 布疋、衣著、鞋、帽、傘、服飾品批發業；F204110 布疋、衣著、鞋、帽、傘、服飾品零售業；F106020 日常用品批發業；F206020 日常用品零售業；F109070 文教、樂器、育樂用品批發業；F209060 文教、樂器、育樂用品零售業；H701060 新市鎮、新社區開發業；H701070 區段徵收及市地重劃代辦業；H701090 都市更新整建維護業；H702010 建築經理業；H703110 老人住宅業；I102010 一般投資顧問業；I199990 其他顧問服務業；IZ99990 其他工商服務業；JZ99990 未分類其他服務業；F111090 建材批發業；F211010 建材零售業；I401010 一般廣告服務業；I401020 廣告傳單分送業；IZ12010 人力派遣業；F401010 國際貿易業；ZZ99999 除許可業務外，得經營法令非禁止或限制之業務；I103060 管理顧問業,新北市,設立,11508
61281745,峻煌工程行,新北市汐止區康寧街169巷8號6樓115年08月,卓峻煒,200000,115/08/10,,,E801010 室內裝潢業；E801030 室內輕鋼架工程業；E901010 油漆工程業；EZ99990 其他工程業；E603090 照明設備安裝工程業；E603100 電焊工程業；F111090 建材批發業；F211010 建材零售業；ZZ99999 除許可業務外，得經營法令非禁止或限制之業務,新北市,設立,11508
61281750,紘耀企業社,新北市新店區安興路109號14樓之7,陳俊豪,200000,115/08/10,,,F102040 飲料批發業；F102050 茶葉批發業；F102020 食用油脂批發業；F102170 食品什貨批發業；F104110 布疋、衣著、鞋、帽、傘、服飾品批發業；F105050 家具、寢具、廚房器具、裝設品批發業；F106010 五金批發業；F106020 日常用品批發業；F106040 水器材料批發業；F106050 陶瓷玻璃器皿批發業；F106060 寵物食品及其用品批發業；F107010 漆料、塗料批發業；F107020 染料、顏料批發業；F107030 清潔用品批發業；F108040 化粧品批發業；F110010 鐘錶批發業；F109070 文教、樂器、育樂用品批發業；F110020 眼鏡批發業；F111090 建材批發業；F201010 農產品零售業；F203010 食品什貨、飲料零售業；F204110 布疋、衣著、鞋、帽、傘、服飾品零售業；F205040 家具、寢具、廚房器具、裝設品零售業；F206010 五金零售業；F206020 日常用品零售業；F206030 模具零售業；F206040 水器材料零售業；F206050 寵物食品及其用品零售業；F206060 祭祀用品零售業；F207020 染料、顏料零售業；F207030 清潔用品零售業；F208040 化粧品零售業；F209060 文教、樂器、育樂用品零售業；F211010 建材零售業；F213050 度量衡器零售業；F213030 電腦及事務性機器設備零售業；F214030 汽、機車零件配備零售業；F215020 礦石零售業；F401010 國際貿易業；J101010 建築物清潔服務業；IZ12010 人力派遣業；CC01080 電子零組件製造業；ZZ99999 除許可業務外，得經營法令非禁止或限制之業務,新北市,設立,11508
61281766,彫緣工作室,新北市汐止區建成路178巷2號115年08月,李至洋,100000,115/08/10,,,JZ99990 未分類其他服務業；ZZ99999 除許可業務外，得經營法令非禁止或限制之業務,新北市,設立,11508
61281772,琪峰工程行,新北市新店區安興路125之10號(1樓),陸業逢,200000,115/08/10,,,E801020 門窗安裝工程業；E801030 室內輕鋼架工程業；E801040 玻璃安裝工程業；EZ99990 其他工程業；E903010 防蝕、防銹工程業；E603100 電焊工程業；F111090 建材批發業；F211010 建材零售業；CA02080 金屬鍛造業；CA02990 其他金屬製品製造業；CA04010 表面處理業；ZZ99999 除許可業務外，得經營法令非禁止或限制之業務,新北市,設立,11508
61281787,境構空間工程行,新北市新莊區自信街71號2樓,許家豪,50000,115/08/10,,,E801010 室內裝潢業；E801070 廚具、衛浴設備安裝工程業；E901010 油漆工程業；F206040 水器材料零售業；E801030 室內輕鋼架工程業；I503010 景觀設計業；E601020 電器安裝業；JA02010 電器及電子產品修理業；E801020 門窗安裝工程業；E801040 玻璃安裝工程業；E603090 照明設備安裝工程業；EZ11010 球場跑道樹脂材料鋪設工程業；F213010 電器零售業；F206010 五金零售業；F211010 建材零售業；ZZ99999 除許可業務外，得經營法令非禁止或限制之業務,新北市,設立,11508
61281793,米頭智能企業社,新北市泰山區貴賢里貴子路15巷2弄11號2樓,傅文治,100000,115/08/10,,,I301010 資訊軟體服務業；I301020 資料處理服務業；I301030 電子資訊供應服務業；I401010 一般廣告服務業；I501010 產品設計業；J503020 電視節目製作業；J503040 廣播電視廣告業；J503050 錄影節目帶業；ZZ99999 除許可業務外，得經營法令非禁止或限制之業務,新北市,設立,11508
61281800,好女子商行,新北市蘆洲區中山一路112號115年08月,葉怡伶,249999,115/08/10,,,F501990 其他餐飲業；F501060 餐館業；F101050 水產品批發業；F201020 畜產品零售業；ZZ99999 除許可業務外，得經營法令非禁止或限制之業務；F501030 飲料店業；F203010 食品什貨、飲料零售業；F399010 便利商店業,新北市,設立,11508
61281816,上軒工程行,新北市汐止區大同路3段613號32樓之5,曾宏祥,200000,115/08/10,,,E801070 廚具、衛浴設備安裝工程業；E801040 玻璃安裝工程業；E801030 室內輕鋼架工程業；E801020 門窗安裝工程業；E801010 室內裝潢業；E604010 機械安裝業；E599010 配管工程業；E601020 電器安裝業；E603090 照明設備安裝工程業；E901010 油漆工程業；ZZ99999 除許可業務外，得經營法令非禁止或限制之業務,新北市,設立,11508
61281822,昀禾國際企業社,新北市板橋區中山路1段10號9樓,陳奕綺,200000,115/08/10,,,F401010 國際貿易業；F108040 化粧品批發業；F199990 其他批發業；F206020 日常用品零售業；F208040 化粧品零售業；F299990 其他零售業；ZZ99999 除許可業務外，得經營法令非禁止或限制之業務,新北市,設立,11508
61281837,辰安禮儀企業社,新北市板橋區華江一路111號15樓之1 115年08月,陳南儀,200000,115/08/10,,,JZ99151 殯葬禮儀服務業；JZ99190 寵物生命紀念業；JZ99990 未分類其他服務業；JZ99090 喜慶綜合服務業；F101100 花卉批發業；F106070 祭祀用品批發業；F201070 花卉零售業；F206060 祭祀用品零售業；F203010 食品什貨、飲料零售業；F215020 礦石零售業；F399040 無店面零售業；F399990 其他綜合零售業；F401010 國際貿易業；I504010 花藝設計業；IZ12010 人力派遣業；IZ99990 其他工商服務業；JE01010 租賃業；ZZ99999 除許可業務外，得經營法令非禁止或限制之業務,新北市,設立,11508
61281843,耀茗企業社,新北市新店區安興路125之15號7樓,陳俊豪,200000,115/08/10,,,F102040 飲料批發業；F102050 茶葉批發業；F102170 食品什貨批發業；F104110 布疋、衣著、鞋、帽、傘、服飾品批發業；F105050 家具、寢具、廚房器具、裝設品批發業；F106010 五金批發業；F106020 日常用品批發業；F106030 模具批發業；F106050 陶瓷玻璃器皿批發業；F107030 清潔用品批發業；F109070 文教、樂器、育樂用品批發業；F110010 鐘錶批發業；F110020 眼鏡批發業；F114030 汽、機車零件配備批發業；F114040 自行車及其零件批發業；F115010 首飾及貴金屬批發業；F203010 食品什貨、飲料零售業；F204110 布疋、衣著、鞋、帽、傘、服飾品零售業；F205040 家具、寢具、廚房器具、裝設品零售業；F206010 五金零售業；F206020 日常用品零售業；F206050 寵物食品及其用品零售業；F208040 化粧品零售業；F209060 文教、樂器、育樂用品零售業；F214030 汽、機車零件配備零售業；F214040 自行車及其零件零售業；F299990 其他零售業；F399040 無店面零售業；F401010 國際貿易業；IZ12010 人力派遣業；J101010 建築物清潔服務業；CC01080 電子零組件製造業；ZZ99999 除許可業務外，得經營法令非禁止或限制之業務,新北市,設立,11508
61281858,聚元投注商行,新北市淡水區中山北路1段75號115年08月,葉心怡,100000,115/08/10,,,IZ14020 公益彩券經銷業,新北市,設立,11508
61281864,茂荻企業社,新北市新店區安興路125之15號7樓,陳俊豪,200000,115/08/10,,,F102040 飲料批發業；F102050 茶葉批發業；F102170 食品什貨批發業；F103010 飼料批發業；F104110 布疋、衣著、鞋、帽、傘、服飾品批發業；F105050 家具、寢具、廚房器具、裝設品批發業；F106010 五金批發業；F106060 寵物食品及其用品批發業；F108040 化粧品批發業；F109070 文教、樂器、育樂用品批發業；F203010 食品什貨、飲料零售業；F204110 布疋、衣著、鞋、帽、傘、服飾品零售業；F299990 其他零售業；F399040 無店面零售業；F401010 國際貿易業；J101010 建築物清潔服務業；F215010 首飾及貴金屬零售業；CC01080 電子零組件製造業；IZ12010 人力派遣業；F119010 電子材料批發業；F113110 電池批發業；ZZ99999 除許可業務外，得經營法令非禁止或限制之業務,新北市,設立,11508
61281870,李余記美食館,新北市永和區仁愛路42之1號,余文清,100000,115/08/11,,,F203010 食品什貨、飲料零售業；F501060 餐館業；F501990 其他餐飲業；ZZ99999 除許可業務外，得經營法令非禁止或限制之業務,新北市,設立,11508
61281885,飯研所小吃店,新北市汐止區大同路2段472號(1樓) 115年08月,張正忠,100000,115/08/11,,,F501060 餐館業,新北市,設立,11508
61281891,行運秋企業社,新北市淡水區新市一路1段81號,林志強,245000,115/08/11,,,F104110 布疋、衣著、鞋、帽、傘、服飾品批發業；F106020 日常用品批發業；F109070 文教、樂器、育樂用品批發業；F113050 電腦及事務性機器設備批發業；F114040 自行車及其零件批發業；F114990 其他交通運輸工具及其零件批發業；F203010 食品什貨、飲料零售業；F204110 布疋、衣著、鞋、帽、傘、服飾品零售業；F205040 家具、寢具、廚房器具、裝設品零售業；F206010 五金零售業；F206020 日常用品零售業；F209060 文教、樂器、育樂用品零售業；F213030 電腦及事務性機器設備零售業；F214040 自行車及其零件零售業；F214990 其他交通運輸工具及其零件零售業；F399040 無店面零售業；F401010 國際貿易業；F501030 飲料店業；F501060 餐館業；F501990 其他餐飲業；E801010 室內裝潢業；JA02030 自行車修理業；JZ99050 仲介服務業；ZZ99999 除許可業務外，得經營法令非禁止或限制之業務,新北市,設立,11508
61281908,五盛工程行,新北市三重區自強路3段77巷5號2樓,李英壽,245000,115/08/11,,,E599010 配管工程業；E601010 電器承裝業；E601020 電器安裝業；E603040 消防安全設備安裝工程業；E603130 燃氣熱水器承裝業；E607010 太陽熱能設備安裝工程業；E801010 室內裝潢業；E801070 廚具、衛浴設備安裝工程業；EZ02010 起重工程業；EZ07010 鑽孔工程業；EZ99990 其他工程業；F111090 建材批發業；F120010 耐火材料批發業；ZZ99999 除許可業務外，得經營法令非禁止或限制之業務,新北市,設立,11508
61281914,晶匠車業企業社,新北市永和區福和路164號4樓115年08月,陳家宇,200000,115/08/11,,,ZZ99999 除許可業務外，得經營法令非禁止或限制之業務；F214010 汽車零售業；F114010 汽車批發業；JA01010 汽車修理業；JA01990 其他汽車服務業；F114030 汽、機車零件配備批發業；F214030 汽、機車零件配備零售業；F401010 國際貿易業；F399040 無店面零售業；F219010 電子材料零售業；F119010 電子材料批發業；JZ99050 仲介服務業,新北市,設立,11508
61281920,飛居行號,新北市三重區光明路64號(1樓),王泰翔,200000,115/08/11,,,F501060 餐館業,新北市,設立,11508
61281935,趙先生工作室,新北市新莊區思源路166巷46之2號5樓,趙泰瑋,50000,115/08/11,,,F399040 無店面零售業；I401010 一般廣告服務業,新北市,設立,11508
61281941,穎志企業社,新北市三重區力行路2段136巷45弄1號4樓,蔡孟軒,50000,115/08/11,,,F213060 電信器材零售業；F213110 電池零售業；F219010 電子材料零售業；ZZ99999 除許可業務外，得經營法令非禁止或限制之業務,新北市,設立,11508
61281956,妳好蚵仔煎,新北市板橋區宮口街30號,陳碧玉,10000,115/08/11,,,F501060 餐館業,新北市,設立,11508
61281962,福寧紓壓坊,新北市新莊區中正路347巷31號(1樓),林碧鳳,50000,115/08/11,,,JF01030 腳底按摩業；JF01040 經絡調理業,新北市,設立,11508
61281978,得藝服飾工作坊,新北市蘆洲區三民路491號(1樓),李婉心,249998,115/08/11,,,ZZ99999 除許可業務外，得經營法令非禁止或限制之業務；F104110 布疋、衣著、鞋、帽、傘、服飾品批發業；F204110 布疋、衣著、鞋、帽、傘、服飾品零售業；F399040 無店面零售業；F401010 國際貿易業,新北市,設立,11508
61281983,有點東西工作室,新北市板橋區國泰街39巷4弄3號,李羿萱,200000,115/08/11,,,F206020 日常用品零售業；F204110 布疋、衣著、鞋、帽、傘、服飾品零售業；F399040 無店面零售業,新北市,設立,11508
61281999,告厚科技,新北市八里區龍米路2段228之6號5樓,張予齊,100000,115/08/11,,,I301010 資訊軟體服務業；F399040 無店面零售業；I301030 電子資訊供應服務業；I401010 一般廣告服務業；ZZ99999 除許可業務外，得經營法令非禁止或限制之業務,新北市,設立,11508
61282006,妍學企業社,新北市樹林區千歲街61巷30弄8號6樓,劉律均,100000,115/08/11,,,F108040 化粧品批發業；F208040 化粧品零售業；F399040 無店面零售業；F401010 國際貿易業；F206020 日常用品零售業；F106020 日常用品批發業；F213990 其他機械器具零售業；F113990 其他機械器具批發業；F213010 電器零售業；F113020 電器批發業；J202010 產業育成業；ZZ99999 除許可業務外，得經營法令非禁止或限制之業務,新北市,設立,11508
61282012,來富早餐,新北市淡水區北新路169巷69弄18之1號(1樓),江秉橙,200000,115/08/11,,,F501060 餐館業；F501030 飲料店業；F203010 食品什貨、飲料零售業；F399040 無店面零售業；ZZ99999 除許可業務外，得經營法令非禁止或限制之業務,新北市,設立,11508
61282028,喬達利企業社,新北市中和區中興街202巷10號10樓,李名喬,249000,115/08/11,,,I103060 管理顧問業；F399040 無店面零售業；ZZ99999 除許可業務外，得經營法令非禁止或限制之業務,新北市,設立,11508
61282033,超玩企業社,新北市永和區永利路95號115年08月,林軒毅,100000,115/08/11,,,H703100 不動產租賃業；F206020 日常用品零售業；J799990 其他休閒服務業；F209060 文教、樂器、育樂用品零售業；ZZ99999 除許可業務外，得經營法令非禁止或限制之業務,新北市,設立,11508
61282049,微光制所工作室,新北市中和區員山路467號(2樓),蔡亞蒨,245000,115/08/12,,,F111090 建材批發業；F211010 建材零售業；E801010 室內裝潢業；E801070 廚具、衛浴設備安裝工程業；E801020 門窗安裝工程業；E801030 室內輕鋼架工程業；E801040 玻璃安裝工程業；E901010 油漆工程業；E599010 配管工程業；EZ99990 其他工程業；F399040 無店面零售業；F401010 國際貿易業；I503010 景觀設計業；ZZ99999 除許可業務外，得經營法令非禁止或限制之業務；F213010 電器零售業；E601020 電器安裝業；F113020 電器批發業,新北市,設立,11508
61282054,光明聚寶商行,新北市鶯歌區光明街88號(1樓),李思汶,100000,115/08/12,,,F204110 布疋、衣著、鞋、帽、傘、服飾品零售業；F206020 日常用品零售業；F203010 食品什貨、飲料零售業；F399040 無店面零售業；F106020 日常用品批發業；F399990 其他綜合零售業；F401010 國際貿易業；ZZ99999 除許可業務外，得經營法令非禁止或限制之業務,新北市,設立,11508
61282060,易修工作坊,新北市板橋區中正路216巷42號(1樓),宋承岷,50000,115/08/12,,,I103060 管理顧問業；I199990 其他顧問服務業；I301010 資訊軟體服務業；E605010 電腦設備安裝業；F213030 電腦及事務性機器設備零售業；IZ99990 其他工商服務業；J802010 運動訓練業；ZZ99999 除許可業務外，得經營法令非禁止或限制之業務,新北市,設立,11508
61282076,慧德商行,新北市新莊區新泰路105號12樓115年08月,吳俊宜,200000,115/08/12,,,F399010 便利商店業；ZZ99999 除許可業務外，得經營法令非禁止或限制之業務,新北市,設立,11508
61282081,叡寓工程行,新北市板橋區國慶路149巷46號2樓,陳廷瑞,200000,115/08/12,,,E599010 配管工程業；E603090 照明設備安裝工程業；E801010 室內裝潢業；E801020 門窗安裝工程業；E801030 室內輕鋼架工程業；E801040 玻璃安裝工程業；E801070 廚具、衛浴設備安裝工程業；E901010 油漆工程業；EZ99990 其他工程業；E607010 太陽熱能設備安裝工程業；E603100 電焊工程業；E603120 噴砂工程業；E603080 交通號誌安裝工程業；E603040 消防安全設備安裝工程業；E603010 電纜安裝工程業；E903010 防蝕、防銹工程業；EZ14010 運動場地用設備工程業；EZ11010 球場跑道樹脂材料鋪設工程業；EZ07010 鑽孔工程業；EZ06010 交通標示工程業；EZ05010 儀器、儀表安裝工程業；EZ02010 起重工程業；I503010 景觀設計業；I599990 其他設計業；I101080 工、礦顧問業；B601010 土石採取業；C501990 其他木製品製造業；C501040 組合木材製造業；CN01010 家具及裝設品製造業；CZ99990 未分類其他工業製品製造業；F401010 國際貿易業；H703100 不動產租賃業；H703090 不動產買賣業；F399040 無店面零售業；ZZ99999 除許可業務外，得經營法令非禁止或限制之業務,新北市,設立,11508
61282097,威宇松江企業社,新北市板橋區松江街44號115年08月,王威珽,200000,115/08/12,,,F203010 食品什貨、飲料零售業；F501060 餐館業；F399040 無店面零售業；ZZ99999 除許可業務外，得經營法令非禁止或限制之業務,新北市,設立,11508
61282104,昕蒂妮美容坊,新北市新莊區幸福東路101號,侯錦足,200000,115/08/12,,,F108040 化粧品批發業；F208040 化粧品零售業；F104110 布疋、衣著、鞋、帽、傘、服飾品批發業；F204110 布疋、衣著、鞋、帽、傘、服飾品零售業；JZ99080 美容美髮服務業；I501010 產品設計業；IG01010 生物技術服務業；ZZ99999 除許可業務外，得經營法令非禁止或限制之業務；F102170 食品什貨批發業；F105050 家具、寢具、廚房器具、裝設品批發業；F106020 日常用品批發業；F401010 國際貿易業；F399040 無店面零售業,新北市,設立,11508
61282110,孫吳貿易行,新北市瑞芳區民生街27號(1樓),孫士軒,200000,115/08/12,,,F209060 文教、樂器、育樂用品零售業；ZZ99999 除許可業務外，得經營法令非禁止或限制之業務,新北市,設立,11508
61282126,彤樂小吃店,新北市泰山區仁愛路68號(1樓),黃子軒,200000,115/08/12,,,F203010 食品什貨、飲料零售業；F501060 餐館業；ZZ99999 除許可業務外，得經營法令非禁止或限制之業務,新北市,設立,11508
61282131,股脈工作室,新北市三峽區和平街36巷19號,林政綸,100000,115/08/12,,,I102010 一般投資顧問業；F399040 無店面零售業；ZZ99999 除許可業務外，得經營法令非禁止或限制之業務,新北市,設立,11508
61282147,品嘍商行,新北市三重區重新路1段87之6號(三重重新公有零售市場),鄭名伸,100000,115/08/12,,,F501030 飲料店業；ZZ99999 除許可業務外，得經營法令非禁止或限制之業務,新北市,設立,11508
61282152,翊齊商行,新北市板橋區大智街17號,孫淯晏,240000,115/08/12,,,F501060 餐館業；F501030 飲料店業；F203010 食品什貨、飲料零售業；F399040 無店面零售業；ZZ99999 除許可業務外，得經營法令非禁止或限制之業務,新北市,設立,11508
61282168,佳栩企業社,新北市泰山區仁愛路100巷30號5樓,陳氏明書,245000,115/08/12,,,F501990 其他餐飲業；F501060 餐館業；F501030 飲料店業；I103060 管理顧問業；F203010 食品什貨、飲料零售業；F203020 菸酒零售業；ZZ99999 除許可業務外，得經營法令非禁止或限制之業務,新北市,設立,11508
61282174,在遇美學工作室,新北市新莊區昌平街41巷8號(1樓),李建德,200000,115/08/12,,,JZ99080 美容美髮服務業；ZZ99999 除許可業務外，得經營法令非禁止或限制之業務,新北市,設立,11508
61282189,蟲生藝廊工作室,新北市林口區文林三街5號2樓,簡豪均,200000,115/08/12,,,F201980 其他動物零售業；F206050 寵物食品及其用品零售業；F299990 其他零售業；J601010 藝文服務業,新北市,設立,11508
61282195,花語時間花坊,新北市淡水區濱海路1段306巷1號(1樓) 115年08月,陳昱安,200000,115/08/12,,,F201070 花卉零售業；I504010 花藝設計業；F206020 日常用品零售業；F207050 肥料零售業,新北市,設立,11508
61282202,潤禾商行,新北市板橋區中山路1段10號9樓,沈浿婕,200000,115/08/12,,,F201010 農產品零售業；F203010 食品什貨、飲料零售業；F208040 化粧品零售業；F102170 食品什貨批發業；F399040 無店面零售業；JZ99080 美容美髮服務業；F201020 畜產品零售業；F201030 水產品零售業；ZZ99999 除許可業務外，得經營法令非禁止或限制之業務,新北市,設立,11508
61282218,蔡瑪麗烤肉店,新北市土城區三民路61巷5號(1樓),蔡瑪麗,200000,115/08/12,,,F501060 餐館業；F204110 布疋、衣著、鞋、帽、傘、服飾品零售業,新北市,設立,11508
61282224,范姊異國料理,新北市板橋區館前東路63號,范莉涓,200000,115/08/12,,,F501060 餐館業,新北市,設立,11508
61282239,沐光星願工作室,新北市中和區永貞路270號5樓115年08月,劉映彤,100000,115/08/12,,,F102170 食品什貨批發業；F104110 布疋、衣著、鞋、帽、傘、服飾品批發業；F105050 家具、寢具、廚房器具、裝設品批發業；F106020 日常用品批發業；F108040 化粧品批發業；F109070 文教、樂器、育樂用品批發業；F110010 鐘錶批發業；F110020 眼鏡批發業；F113020 電器批發業；F113070 電信器材批發業；F115010 首飾及貴金屬批發業；F199990 其他批發業；F203010 食品什貨、飲料零售業；F204110 布疋、衣著、鞋、帽、傘、服飾品零售業；F205040 家具、寢具、廚房器具、裝設品零售業；F206020 日常用品零售業；F208040 化粧品零售業；F209060 文教、樂器、育樂用品零售業；F210010 鐘錶零售業；F210020 眼鏡零售業；F213010 電器零售業；F213060 電信器材零售業；F215010 首飾及貴金屬零售業；F399040 無店面零售業；F399990 其他綜合零售業；F401010 國際貿易業；ZZ99999 除許可業務外，得經營法令非禁止或限制之業務,新北市,設立,11508
61282245,星空法性影作坊,新北市永和區永貞路79號,孔祥宇,150000,115/08/12,,,J503020 電視節目製作業；J404050 電影特效製作業；J401010 電影片製作業；J402010 電影片發行業；J404010 動畫影片製作業；J305010 有聲出版業；F601010 智慧財產權業；I401010 一般廣告服務業；J601010 藝文服務業；F204110 布疋、衣著、鞋、帽、傘、服飾品零售業；F108040 化粧品批發業；F208040 化粧品零售業；F209060 文教、樂器、育樂用品零售業；F215010 首飾及貴金屬零售業；F399040 無店面零售業；F401010 國際貿易業；I103060 管理顧問業；I501010 產品設計業；I502010 服飾設計業；IZ12010 人力派遣業；J602010 演藝活動業；JZ99030 攝影業；I105010 藝術品諮詢顧問業；J304010 圖書出版業；J303010 雜誌（期刊）出版業；J399990 其他出版業；ZZ99999 除許可業務外，得經營法令非禁止或限制之業務,新北市,設立,11508
61282250,和勝發工程行,新北市三重區大同南路103之2號3樓115年08月,謝百琦,200000,115/08/12,,,E801020 門窗安裝工程業；E801030 室內輕鋼架工程業；E901010 油漆工程業；I504010 花藝設計業；IZ12010 人力派遣業；CA04010 表面處理業；IB01010 建築物公共安全檢查業；H701090 都市更新整建維護業；J101010 建築物清潔服務業；J101030 廢棄物清除業；J101090 廢棄物清理業；J101040 廢棄物處理業；EZ09010 靜電防護及消除工程業；A102080 園藝服務業；CA01070 廢車船解體及廢鋼鐵五金處理業；J101120 營建混合物分類處理業；EZ07010 鑽孔工程業,新北市,設立,11508
61282266,眨鴨熱蠟美睫工作室,新北市三重區文化南路65巷19號2樓,王宜雯,30000,115/08/12,,,I401010 一般廣告服務業；IZ10010 排版業；F399040 無店面零售業；ZZ99999 除許可業務外，得經營法令非禁止或限制之業務；JZ99080 美容美髮服務業；F208040 化粧品零售業；F218010 資訊軟體零售業；F108040 化粧品批發業；F207990 其他化學製品零售業,新北市,設立,11508
61282272,無憂包裝收納行,新北市中和區中山路2段332巷1號7樓,蔣志誠,200000,115/08/12,,,J101090 廢棄物清理業；J101080 資源回收業；JZ99990 未分類其他服務業；IZ12010 人力派遣業；I199990 其他顧問服務業；J101010 建築物清潔服務業；J101020 病媒防治業；F107030 清潔用品批發業；F207030 清潔用品零售業；ZZ99999 除許可業務外，得經營法令非禁止或限制之業務,新北市,設立,11508
61282287,匠賀商行,新北市樹林區中華路146號(1樓) 115年08月,蕭翔駿,200000,115/08/12,,,F203010 食品什貨、飲料零售業；F501030 飲料店業；F501060 餐館業；F501990 其他餐飲業；ZZ99999 除許可業務外，得經營法令非禁止或限制之業務,新北市,設立,11508
61282293,詠澤企業社,新北市汐止區新台五路1段93號21樓之6,王珮宇,1000000,115/08/12,,,F102040 飲料批發業；F102170 食品什貨批發業；F103010 飼料批發業；F104110 布疋、衣著、鞋、帽、傘、服飾品批發業；F105050 家具、寢具、廚房器具、裝設品批發業；F107990 其他化學製品批發業；F108040 化粧品批發業；F109070 文教、樂器、育樂用品批發業；F110020 眼鏡批發業；F113010 機械批發業；F113030 精密儀器批發業；F113050 電腦及事務性機器設備批發業；F118010 資訊軟體批發業；F119010 電子材料批發業；F202010 飼料零售業；F203010 食品什貨、飲料零售業；F204110 布疋、衣著、鞋、帽、傘、服飾品零售業；F205040 家具、寢具、廚房器具、裝設品零售業；F207990 其他化學製品零售業；F208040 化粧品零售業；F208050 乙類成藥零售業；F209060 文教、樂器、育樂用品零售業；F210020 眼鏡零售業；F213030 電腦及事務性機器設備零售業；F213040 精密儀器零售業；F213080 機械器具零售業；F218010 資訊軟體零售業；F219010 電子材料零售業；F399040 無店面零售業；F401010 國際貿易業；I103060 管理顧問業；I199990 其他顧問服務業；I301020 資料處理服務業；I301030 電子資訊供應服務業；I401010 一般廣告服務業；IG01010 生物技術服務業；IG02010 研究發展服務業；JZ99050 仲介服務業；JZ99080 美容美髮服務業；JE01010 租賃業；H703100 不動產租賃業；ZZ99999 除許可業務外，得經營法令非禁止或限制之業務,新北市,設立,11508
61282300,泰吉利食堂,新北市三峽區大學路151號115年08月,王劭睿,180000,115/08/12,,,F501060 餐館業,新北市,設立,11508
61282316,臻豪水電工程行,新北市蘆洲區光華路163號2樓,簡雅玲,200000,115/08/12,,,E599010 配管工程業；E601020 電器安裝業；E801070 廚具、衛浴設備安裝工程業；E603090 照明設備安裝工程業；F106040 水器材料批發業；F206040 水器材料零售業；F113020 電器批發業；F213010 電器零售業；F111090 建材批發業；F211010 建材零售業；JA02010 電器及電子產品修理業；ZZ99999 除許可業務外，得經營法令非禁止或限制之業務,新北市,設立,11508
61282322,馳沅企業社,新北市三重區龍濱路8號6樓之2,劉政彥,200000,115/08/12,,,JA01020 汽車拖吊業；JA01990 其他汽車服務業；EZ02010 起重工程業；F114010 汽車批發業；F114020 機車批發業；F114030 汽、機車零件配備批發業；F214010 汽車零售業；F214020 機車零售業；F214030 汽、機車零件配備零售業；ZZ99999 除許可業務外，得經營法令非禁止或限制之業務,新北市,設立,11508
61282337,魚與熊掌企業社,新北市樹林區三興路72號4樓,宋慶雄,100000,115/08/12,,,F299990 其他零售業；F399040 無店面零售業；F209060 文教、樂器、育樂用品零售業,新北市,設立,11508
61282343,柔依企業社,新北市中和區景平路307號(1樓),陳友卿,200000,115/08/12,,,CG01010 珠寶及貴金屬製品製造業；F115020 礦石批發業；F115010 首飾及貴金屬批發業；F215010 首飾及貴金屬零售業；F215020 礦石零售業；ZZ99999 除許可業務外，得經營法令非禁止或限制之業務；F401010 國際貿易業；F399040 無店面零售業；I105010 藝術品諮詢顧問業,新北市,設立,11508
61282358,日聚工程行,新北市新莊區新北大道7段438號11樓,林宗儒,245000,115/08/12,,,EZ15010 保溫、保冷安裝工程業；E601020 電器安裝業；JA02010 電器及電子產品修理業；F213010 電器零售業；F113020 電器批發業；F106010 五金批發業；F206010 五金零售業；E599010 配管工程業；E604010 機械安裝業；F401010 國際貿易業；ZZ99999 除許可業務外，得經營法令非禁止或限制之業務,新北市,設立,11508
61282364,水君企業社,新北市土城區裕民路92巷21弄2號3樓115年08月,胡麗萍,150000,115/08/12,,,F101050 水產品批發業；F101990 其他農、畜、水產品批發業；F201030 水產品零售業；F201990 其他農畜水產品零售業；F399040 無店面零售業；F501060 餐館業,新北市,設立,11508
61282370,寵日子寵物美學工作坊,新北市板橋區德興街37巷16號,沈燕元,50000,115/08/12,,,JZ99180 寵物美容服務業,新北市,設立,11508
61282385,蔬米時光蔬食便當,新北市新店區溪園路389之11號12樓,林廷韋,200000,115/08/12,,,F501060 餐館業；F501030 飲料店業；F501990 其他餐飲業,新北市,設立,11508
61282391,盈豐車業,新北市新店區安興路127之3號,邱聖原,200000,115/08/12,,,F214010 汽車零售業；F214030 汽、機車零件配備零售業；F214050 車胎零售業；JA01010 汽車修理業；JA01990 其他汽車服務業；JE01010 租賃業；F114010 汽車批發業；ZZ99999 除許可業務外，得經營法令非禁止或限制之業務,新北市,設立,11508
61282408,五告桑足體按摩養生館,新北市三重區安興街17號(1樓),張美燕,100000,115/08/14,,,JF01020 按摩業；JF01030 腳底按摩業,新北市,設立,11508
61282414,忠誠米苔目,新北市樹林區博愛一街29巷3號,陳品宏,100000,115/08/12,,,F501030 飲料店業；F399040 無店面零售業；F501060 餐館業,新北市,設立,11508
61282420,歐祈選物工作室,新北市鶯歌區中正二路38號,陳宇薇,100000,115/08/12,,,F399040 無店面零售業；F209060 文教、樂器、育樂用品零售業；F208040 化粧品零售業；F204110 布疋、衣著、鞋、帽、傘、服飾品零售業；F218010 資訊軟體零售業；ZZ99999 除許可業務外，得經營法令非禁止或限制之業務,新北市,設立,11508
61282435,靈魂補償所工作室,新北市石碇區石碇東街5號,白雲升,100000,115/08/12,,,C104020 烘焙炊蒸食品製造業；F501990 其他餐飲業；C199990 未分類其他食品製造業；F399040 無店面零售業,新北市,設立,11508
61282441,嘉士果商行,新北市新莊區民安西路216號,黃嘉芬,200000,115/08/12,,,F102050 茶葉批發業；F102170 食品什貨批發業；F199990 其他批發業；F102040 飲料批發業；F106020 日常用品批發業；F107190 塑膠膜、袋批發業；F113010 機械批發業；F113020 電器批發業；F113990 其他機械器具批發業；F121010 食品添加物批發業；F501030 飲料店業；F501060 餐館業；ZZ99999 除許可業務外，得經營法令非禁止或限制之業務,新北市,設立,11508
61282456,森語美學工作室,新北市五股區成洲六路15號(1樓),陳俊宇,200000,115/08/12,,,JZ99990 未分類其他服務業；JZ99080 美容美髮服務業；F208040 化粧品零售業；F206020 日常用品零售業,新北市,設立,11508
61282462,誠安食光商行,新北市永和區雙和街35號115年08月,田美玲,80000,115/08/12,,,F501060 餐館業,新北市,設立,11508
61282478,鳳姐的店,新北市板橋區四維路259巷26號4樓,葉雅鳳,168888,115/08/12,,,F104110 布疋、衣著、鞋、帽、傘、服飾品批發業；F109070 文教、樂器、育樂用品批發業；F115010 首飾及貴金屬批發業；F203010 食品什貨、飲料零售業；F206020 日常用品零售業；F204110 布疋、衣著、鞋、帽、傘、服飾品零售業；F215010 首飾及貴金屬零售業；F299990 其他零售業；F399040 無店面零售業；F399990 其他綜合零售業；F401010 國際貿易業；F207030 清潔用品零售業；F107030 清潔用品批發業；ZZ99999 除許可業務外，得經營法令非禁止或限制之業務,新北市,設立,11508
61282483,滿滿茶伴飲料,新北市樹林區復興路23號(1樓),鄭淑菁,50000,115/08/13,,,F501030 飲料店業；ZZ99999 除許可業務外，得經營法令非禁止或限制之業務,新北市,設立,11508
61282499,崴俐早午餐,新北市中和區泰和街40號,邱創偉,200000,115/08/13,,,F203010 食品什貨、飲料零售業；F399040 無店面零售業；F501060 餐館業；ZZ99999 除許可業務外，得經營法令非禁止或限制之業務,新北市,設立,11508
61282505,夾富翁八德商行,新北市新莊區八德街103號,杜侑陵,100000,115/08/14,,,F209060 文教、樂器、育樂用品零售業,新北市,設立,11508
61282511,尚芸檳榔攤,新北市新店區安康路2段69巷8號3樓,張捷,200000,115/08/13,,,F201990 其他農畜水產品零售業；F203020 菸酒零售業；F203010 食品什貨、飲料零售業；F208050 乙類成藥零售業,新北市,設立,11508
61282527,艾鑫開發工程行,新北市新店區安德街130巷16號2樓,李翌昇,200000,115/08/13,,,E599010 配管工程業；E603090 照明設備安裝工程業；EZ02010 起重工程業；EZ06010 交通標示工程業；EZ07010 鑽孔工程業；EZ99990 其他工程業；F111090 建材批發業；F113010 機械批發業；F113990 其他機械器具批發業；F211010 建材零售業；F213080 機械器具零售業；F213990 其他機械器具零售業；JE01010 租賃業；ZZ99999 除許可業務外，得經營法令非禁止或限制之業務,新北市,設立,11508
61282532,伴伴村莊親子工作室,新北市泰山區信華五街116號115年08月,蔡青岑,200000,115/08/13,,,J601010 藝文服務業；J701120 兒童遊戲場業；J799990 其他休閒服務業；JZ99990 未分類其他服務業；ZZ99999 除許可業務外，得經營法令非禁止或限制之業務,新北市,設立,11508
61282548,火箭商行,新北市泰山區明志路2段363號(3樓),顏雋瑋,240000,115/08/13,,,F106060 寵物食品及其用品批發業；F206050 寵物食品及其用品零售業；F103010 飼料批發業；F202010 飼料零售業；F102170 食品什貨批發業；F203010 食品什貨、飲料零售業；F106020 日常用品批發業；F106010 五金批發業；F206020 日常用品零售業；F399040 無店面零售業；F401010 國際貿易業；IG01010 生物技術服務業；J202010 產業育成業；JZ99180 寵物美容服務業；JZ99990 未分類其他服務業；ZZ99999 除許可業務外，得經營法令非禁止或限制之業務,新北市,設立,11508
61282553,啵肌美學商行,新北市板橋區中山路1段10號12樓,陳家聖,200000,115/08/13,,,F207030 清潔用品零售業；F208040 化粧品零售業；F399040 無店面零售業；JZ99080 美容美髮服務業,新北市,設立,11508
61282569,辯證邏輯企業社,新北市淡水區中正東路2段87之7號15樓115年08月,林家任,200000,115/08/13,,,I301010 資訊軟體服務業；I301020 資料處理服務業；I301030 電子資訊供應服務業；I301050 實境體感應用服務業；I199990 其他顧問服務業；IG02010 研究發展服務業；I103060 管理顧問業；J202010 產業育成業；J799990 其他休閒服務業；J305010 有聲出版業,新北市,設立,11508
61282575,順風工程行,新北市新莊區自強街37巷12號3樓,紀孔哲,200000,115/08/13,,,E801010 室內裝潢業；E801020 門窗安裝工程業；E801030 室內輕鋼架工程業；E801040 玻璃安裝工程業；E801070 廚具、衛浴設備安裝工程業；E901010 油漆工程業；IZ12010 人力派遣業；J101010 建築物清潔服務業；J101030 廢棄物清除業；J101040 廢棄物處理業；J101090 廢棄物清理業；F105050 家具、寢具、廚房器具、裝設品批發業；F106010 五金批發業；F107030 清潔用品批發業；F111090 建材批發業；F199990 其他批發業；I503010 景觀設計業；F205040 家具、寢具、廚房器具、裝設品零售業；F206010 五金零售業；F207030 清潔用品零售業；F211010 建材零售業；F220010 耐火材料零售業；F299990 其他零售業；ZZ99999 除許可業務外，得經營法令非禁止或限制之業務,新北市,設立,11508
61282580,健美魂工作室,新北市新莊區新樹路771號3樓,顏郁樺,240000,115/08/13,,,J802010 運動訓練業；IZ12010 人力派遣業；J202010 產業育成業；I199990 其他顧問服務業；F204110 布疋、衣著、鞋、帽、傘、服飾品零售業；ZZ99999 除許可業務外，得經營法令非禁止或限制之業務,新北市,設立,11508
61282596,樂牧牛排屋,新北市中和區忠孝街5之2號(1樓) 115年08月,王德浩,100000,115/08/13,,,F501060 餐館業；F501990 其他餐飲業；F201020 畜產品零售業；F203010 食品什貨、飲料零售業；ZZ99999 除許可業務外，得經營法令非禁止或限制之業務,新北市,設立,11508
61282603,時代阡越企業社,新北市中和區員山路486巷4弄5號2樓,史舜豪,245000,115/08/13,,,F399040 無店面零售業；F104110 布疋、衣著、鞋、帽、傘、服飾品批發業；F204110 布疋、衣著、鞋、帽、傘、服飾品零售業；F106020 日常用品批發業；F206020 日常用品零售業；F109070 文教、樂器、育樂用品批發業；F209060 文教、樂器、育樂用品零售業；F113020 電器批發業；F213010 電器零售業；F113050 電腦及事務性機器設備批發業；F213030 電腦及事務性機器設備零售業；F401010 國際貿易業；F118010 資訊軟體批發業；F218010 資訊軟體零售業；F113070 電信器材批發業；E605010 電腦設備安裝業；J399010 軟體出版業；I301010 資訊軟體服務業；I301020 資料處理服務業；I301030 電子資訊供應服務業；F108040 化粧品批發業；F208040 化粧品零售業；F206050 寵物食品及其用品零售業；ZZ99999 除許可業務外，得經營法令非禁止或限制之業務,新北市,設立,11508
61282619,品拓工具行,新北市中和區忠孝街124巷6號14樓之1,黃怡瑄,100000,115/08/13,,,E604010 機械安裝業；F106010 五金批發業；F206010 五金零售業；F113990 其他機械器具批發業；F213990 其他機械器具零售業；ZZ99999 除許可業務外，得經營法令非禁止或限制之業務,新北市,設立,11508
61282625,繽菓企業社,新北市永和區保平路205號,郭靚斐,100000,115/08/13,,,F201010 農產品零售業；F101130 蔬果批發業,新北市,設立,11508
61282630,金湯派商行,新北市蘆洲區水湳街1號,曾國祥,200000,115/08/13,,,F501060 餐館業；F203010 食品什貨、飲料零售業；F399040 無店面零售業；F501990 其他餐飲業；F203030 酒精零售業；ZZ99999 除許可業務外，得經營法令非禁止或限制之業務,新北市,設立,11508
61282646,水晴工作室,新北市板橋區中山路1段293之1號10樓之1,楊芷晴,10000,115/08/13,,,F207030 清潔用品零售業；F107030 清潔用品批發業；F208040 化粧品零售業；F108040 化粧品批發業；C802100 化粧品製造業；C802090 清潔用品製造業；F399040 無店面零售業；ZZ99999 除許可業務外，得經營法令非禁止或限制之業務,新北市,設立,11508
61282651,麟山鼻休閒農場,新北市石門區德茂里下員坑15之20號115年08月,周耿民,240000,115/08/13,,,A102041 休閒農業；F401010 國際貿易業；H703100 不動產租賃業；F201010 農產品零售業；ZZ99999 除許可業務外，得經營法令非禁止或限制之業務,新北市,設立,11508
61282667,滿滿和商行,新北市新莊區公園路43號(1樓),李得宇,200000,115/08/13,,,F203010 食品什貨、飲料零售業,新北市,設立,11508
61282673,松柏膳食商行,新北市板橋區松柏街11號(1樓),陳飛雄,200000,115/08/13,,,F501990 其他餐飲業,新北市,設立,11508
61282688,八魁拉麵館,新北市新莊區福營路87號,陳彥豪,10000,115/08/13,,,F501060 餐館業,新北市,設立,11508
61282694,夙六兮久工作室,新北市新店區安興路125之2號6樓,孫振捷,100000,115/08/13,,,I401010 一般廣告服務業；JZ99030 攝影業；J401010 電影片製作業；J503040 廣播電視廣告業；J601010 藝文服務業；I301010 資訊軟體服務業；JZ99990 未分類其他服務業；ZZ99999 除許可業務外，得經營法令非禁止或限制之業務,新北市,設立,11508
61282701,春來園餐飲事業商行,新北市樹林區大成路85號(1樓),張凱瑜,500000,115/08/13,,,F501060 餐館業；F101040 家畜家禽批發業；F101050 水產品批發業；F101130 蔬果批發業；F102040 飲料批發業；F102170 食品什貨批發業；F201010 農產品零售業；F201020 畜產品零售業；F201030 水產品零售業；F203010 食品什貨、飲料零售業；F203020 菸酒零售業；F501030 飲料店業；H201010 一般投資業；I103060 管理顧問業；I501010 產品設計業；IZ99990 其他工商服務業；F399040 無店面零售業；F401010 國際貿易業；ZZ99999 除許可業務外，得經營法令非禁止或限制之業務,新北市,設立,11508
61282717,程光小時商行,新北市三重區三張街55號(1樓) 115年08月,章湘妮,200000,115/08/13,,,F203010 食品什貨、飲料零售業；F501030 飲料店業；F501060 餐館業,新北市,設立,11508
61282723,全齡聚場工作室,新北市中和區員山路611巷2弄14之1號,呂佳霖,200000,115/08/13,,,JB01010 會議及展覽服務業；J601010 藝文服務業；I103060 管理顧問業；I199990 其他顧問服務業；J802010 運動訓練業；JE01010 租賃業；J799990 其他休閒服務業；J304010 圖書出版業；J305010 有聲出版業；J399990 其他出版業；F109070 文教、樂器、育樂用品批發業；F209060 文教、樂器、育樂用品零售業；F399040 無店面零售業；H703100 不動產租賃業；I301030 電子資訊供應服務業；I401010 一般廣告服務業；I501010 產品設計業；I599990 其他設計業；IZ99990 其他工商服務業；JZ99030 攝影業；ZZ99999 除許可業務外，得經營法令非禁止或限制之業務,新北市,設立,11508
61282738,九號滷味麻辣燙,新北市新店區北宜路2段9號(1樓),黃奕群,10000,115/08/13,,,F102040 飲料批發業；F102170 食品什貨批發業；F106020 日常用品批發業；F201010 農產品零售業；F201020 畜產品零售業；F201030 水產品零售業；F203010 食品什貨、飲料零售業；F204110 布疋、衣著、鞋、帽、傘、服飾品零售業；F205040 家具、寢具、廚房器具、裝設品零售業；F206020 日常用品零售業；F299990 其他零售業；F399990 其他綜合零售業；F501060 餐館業；F501990 其他餐飲業；ZZ99999 除許可業務外，得經營法令非禁止或限制之業務,新北市,設立,11508
61282759,葉師父眼鏡行,新北市淡水區新民街136號115年08月,葉孟凡,200000,115/08/13,,,F210020 眼鏡零售業；F208031 醫療器材零售業,新北市,設立,11508
61282765,史丹菲莉絲企業社,新北市淡水區新市一路1段220號16樓,林伯昌,200000,115/08/13,,,F102170 食品什貨批發業；F104110 布疋、衣著、鞋、帽、傘、服飾品批發業；F105050 家具、寢具、廚房器具、裝設品批發業；F106020 日常用品批發業；F106050 陶瓷玻璃器皿批發業；F106060 寵物食品及其用品批發業；F107030 清潔用品批發業；F108040 化粧品批發業；F109070 文教、樂器、育樂用品批發業；F203010 食品什貨、飲料零售業；F204110 布疋、衣著、鞋、帽、傘、服飾品零售業；F205040 家具、寢具、廚房器具、裝設品零售業；F206020 日常用品零售業；F206040 水器材料零售業；F206050 寵物食品及其用品零售業；F207030 清潔用品零售業；F208040 化粧品零售業；F209060 文教、樂器、育樂用品零售業；F113050 電腦及事務性機器設備批發業；F115010 首飾及貴金屬批發業；F116010 照相器材批發業；F118010 資訊軟體批發業；F213030 電腦及事務性機器設備零售業；F215010 首飾及貴金屬零售業；F216010 照相器材零售業；F218010 資訊軟體零售業；F399040 無店面零售業；F401010 國際貿易業；I301020 資料處理服務業；I401010 一般廣告服務業；I199990 其他顧問服務業；IZ06010 理貨包裝業；G801010 倉儲業；ZZ99999 除許可業務外，得經營法令非禁止或限制之業務,新北市,設立,11508
61282771,恰米企業社,新北市中和區中山路3段32巷2弄15號,楊林麗純,245000,115/08/13,,,F104110 布疋、衣著、鞋、帽、傘、服飾品批發業；F204110 布疋、衣著、鞋、帽、傘、服飾品零售業；F105050 家具、寢具、廚房器具、裝設品批發業；F205040 家具、寢具、廚房器具、裝設品零售業；F106020 日常用品批發業；F206020 日常用品零售業；F109070 文教、樂器、育樂用品批發業；F209060 文教、樂器、育樂用品零售業；F399040 無店面零售業；F401010 國際貿易業；I502010 服飾設計業；ZZ99999 除許可業務外，得經營法令非禁止或限制之業務,新北市,設立,11508
61282786,日月晶礦,新北市新店區安忠路57巷11弄1號3樓115年08月,羅續美,200000,115/08/13,,,F215020 礦石零售業；ZZ99999 除許可業務外，得經營法令非禁止或限制之業務,新北市,設立,11508
61282792,清翔商行,新北市板橋區漢生西路68號(1樓),呂科進,200000,115/08/13,,,F201010 農產品零售業；F201020 畜產品零售業；ZZ99999 除許可業務外，得經營法令非禁止或限制之業務；F201030 水產品零售業,新北市,設立,11508
61282809,角落傳播社米甘幹．理佛克,新北市三重區信義西街22號,,100000,115/08/13,,,J305010 有聲出版業；J304010 圖書出版業；J503010 廣播節目製作業；J503020 電視節目製作業；J503030 廣播電視節目發行業；J503040 廣播電視廣告業,新北市,設立,11508
61282815,極限車坊,新北市土城區承天路71巷4弄16號(1樓),高辰羽,200000,115/08/13,,,JA01010 汽車修理業；F214030 汽、機車零件配備零售業；ZZ99999 除許可業務外，得經營法令非禁止或限制之業務,新北市,設立,11508
61282821,炘念紀錄攝影工作室,新北市新店區建國路151號4樓,余奕勳,200000,115/08/13,,,JZ99030 攝影業；I401010 一般廣告服務業；J404010 動畫影片製作業；F216010 照相器材零售業,新北市,設立,11508
61282836,宥思時尚精品店,新北市新店區寶安街60之1號,江美容,50000,115/08/13,,,F204110 布疋、衣著、鞋、帽、傘、服飾品零售業；F215010 首飾及貴金屬零售業；F203010 食品什貨、飲料零售業,新北市,設立,11508
61282842,食樂廚膳工坊,新北市淡水區北新路182巷3弄7號(1樓),鄭伃君,100000,115/08/14,,,F501060 餐館業,新北市,設立,11508
61282857,宏育愛吃企業社,新北市板橋區四川路1段363號(1樓),林宏育,240000,115/08/14,,,F501060 餐館業；F501030 飲料店業；F501990 其他餐飲業；F101040 家畜家禽批發業；F201010 農產品零售業；F201020 畜產品零售業；F201030 水產品零售業；F102170 食品什貨批發業；F203010 食品什貨、飲料零售業；F102030 菸酒批發業；F203020 菸酒零售業；ZZ99999 除許可業務外，得經營法令非禁止或限制之業務,新北市,設立,11508
61282863,星期三烘焙工作室,新北市林口區南勢四街130號,蔡佩真,100000,115/08/14,,,C104020 烘焙炊蒸食品製造業；F399040 無店面零售業,新北市,設立,11508
61282879,珍青商行,新北市林口區文化二路1段68巷24號之2,林建丞,200000,115/08/14,,,F501060 餐館業；F203010 食品什貨、飲料零售業；ZZ99999 除許可業務外，得經營法令非禁止或限制之業務,新北市,設立,11508
61282884,音匠汽車音響企業社,新北市樹林區鎮前街299號6樓,蕭盛,240000,115/08/14,,,F214030 汽、機車零件配備零售業；F113070 電信器材批發業；F213060 電信器材零售業；F401010 國際貿易業；F113020 電器批發業；F213010 電器零售業；E603090 照明設備安裝工程業；ZZ99999 除許可業務外，得經營法令非禁止或限制之業務,新北市,設立,11508
61282890,沐禾髮型工作室,新北市蘆洲區信義路226號(1樓) 115年08月,潘佳吟,100000,115/08/14,,,JZ99080 美容美髮服務業；F207030 清潔用品零售業；ZZ99999 除許可業務外，得經營法令非禁止或限制之業務,新北市,設立,11508
61282907,築林技擊運動館,新北市永和區竹林路203號2樓,李威立,200000,115/08/14,,,ZZ99999 除許可業務外，得經營法令非禁止或限制之業務；J802010 運動訓練業；F209060 文教、樂器、育樂用品零售業；F204110 布疋、衣著、鞋、帽、傘、服飾品零售業,新北市,設立,11508
61282913,順軒工程行,新北市樹林區國凱街50巷30號4樓,江順德,200000,115/08/14,,,E801010 室內裝潢業；E801020 門窗安裝工程業；E801030 室內輕鋼架工程業；E801070 廚具、衛浴設備安裝工程業；F105050 家具、寢具、廚房器具、裝設品批發業；F106010 五金批發業；F111090 建材批發業；F206010 五金零售業；F211010 建材零售業；ZZ99999 除許可業務外，得經營法令非禁止或限制之業務,新北市,設立,11508
61282929,神手企業社,新北市中和區中山路2段332巷1號7樓,蕭錦文,200000,115/08/14,,,E801010 室內裝潢業；I503010 景觀設計業；E599010 配管工程業；E601010 電器承裝業；E601020 電器安裝業；E603040 消防安全設備安裝工程業；E603090 照明設備安裝工程業；E603050 自動控制設備工程業；E604010 機械安裝業；E801020 門窗安裝工程業；E801030 室內輕鋼架工程業；E801040 玻璃安裝工程業；E801070 廚具、衛浴設備安裝工程業；E901010 油漆工程業；E903010 防蝕、防銹工程業；EZ02010 起重工程業；EZ07010 鑽孔工程業；EZ99990 其他工程業；ZZ99999 除許可業務外，得經營法令非禁止或限制之業務,新北市,設立,11508
61282934,皇辰企業社,新北市土城區裕生路21巷6弄10號,謝明泰,100000,115/08/14,,,F501060 餐館業；F501990 其他餐飲業；F203010 食品什貨、飲料零售業；F102040 飲料批發業,新北市,設立,11508
61282940,鄭記蔥油餅,新北市三芝區民生街9號,鄭如芬,100000,115/08/14,,,F501060 餐館業；ZZ99999 除許可業務外，得經營法令非禁止或限制之業務,新北市,設立,11508
61282955,堡壘企業社,新北市新店區安興路105號5樓之7 115年08月,邱寶賢,100000,115/08/14,,,F104110 布疋、衣著、鞋、帽、傘、服飾品批發業；F106010 五金批發業；F106020 日常用品批發業；F107030 清潔用品批發業；F109070 文教、樂器、育樂用品批發業；F204110 布疋、衣著、鞋、帽、傘、服飾品零售業；F206010 五金零售業；F206020 日常用品零售業；F207030 清潔用品零售業；F209060 文教、樂器、育樂用品零售業；ZZ99999 除許可業務外，得經營法令非禁止或限制之業務,新北市,設立,11508
61282961,真澄裝潢工程行,新北市汐止區長江街13巷12弄3號2樓,蘇禹誌,100000,115/08/14,,,E801010 室內裝潢業；E801020 門窗安裝工程業；E801030 室內輕鋼架工程業；E801040 玻璃安裝工程業；E801070 廚具、衛浴設備安裝工程業；E901010 油漆工程業；F107010 漆料、塗料批發業；F111090 建材批發業；F120010 耐火材料批發業；F205040 家具、寢具、廚房器具、裝設品零售業；F206010 五金零售業；F211010 建材零售業；F401010 國際貿易業；I103060 管理顧問業；I503010 景觀設計業；ZZ99999 除許可業務外，得經營法令非禁止或限制之業務,新北市,設立,11508
61282977,杜可商行,新北市新莊區民安西路9號(1樓),髙華呈,150000,115/08/14,,,F501060 餐館業,新北市,設立,11508
61282982,萬誼實業社,新北市中和區中山路2段332巷1號7樓,林珈玄,200000,115/08/14,,,IZ06010 理貨包裝業；F102170 食品什貨批發業；F106070 祭祀用品批發業；F203010 食品什貨、飲料零售業；F204110 布疋、衣著、鞋、帽、傘、服飾品零售業；F206060 祭祀用品零售業；F209060 文教、樂器、育樂用品零售業；F215010 首飾及貴金屬零售業；F399040 無店面零售業；I101090 食品顧問業；ZZ99999 除許可業務外，得經營法令非禁止或限制之業務；I199990 其他顧問服務業；IZ99990 其他工商服務業,新北市,設立,11508
61282998,喆安會議整合工作室,新北市中和區工專路82號11樓,王珺,100000,115/08/14,,,JB01010 會議及展覽服務業；I103060 管理顧問業；IZ99990 其他工商服務業,新北市,設立,11508
61283005,妙生蔬食坊,新北市中和區自立路2巷5號,許嘉文,200000,115/08/14,,,F501060 餐館業,新北市,設立,11508
61283011,啟英管理顧問社,新北市永和區得和路225號5樓115年08月,黃文立,100000,115/08/14,,,I103060 管理顧問業；I199990 其他顧問服務業；I301020 資料處理服務業；I301030 電子資訊供應服務業；J202010 產業育成業；JA05010 留、遊學服務業；IZ99990 其他工商服務業；ZZ99999 除許可業務外，得經營法令非禁止或限制之業務,新北市,設立,11508
61283027,熊好夾星球商行,新北市三重區龍門路215號,吳志峰,248888,115/08/17,,,F209060 文教、樂器、育樂用品零售業；F203010 食品什貨、飲料零售業；F208040 化粧品零售業；F210010 鐘錶零售業；F102170 食品什貨批發業；F104110 布疋、衣著、鞋、帽、傘、服飾品批發業；F105050 家具、寢具、廚房器具、裝設品批發業；F106010 五金批發業；F106020 日常用品批發業；F108040 化粧品批發業；F109070 文教、樂器、育樂用品批發業；F113020 電器批發業；F202010 飼料零售業；F203030 酒精零售業；F204110 布疋、衣著、鞋、帽、傘、服飾品零售業；F205040 家具、寢具、廚房器具、裝設品零售業；F206010 五金零售業；F206020 日常用品零售業；F206050 寵物食品及其用品零售業；F207190 塑膠膜、袋零售業；F299990 其他零售業；F301010 百貨公司業；F399040 無店面零售業；F399990 其他綜合零售業；F401010 國際貿易業；IZ12010 人力派遣業；I103060 管理顧問業；I199990 其他顧問服務業；I301010 資訊軟體服務業；I301020 資料處理服務業；I501010 產品設計業；H703090 不動產買賣業；H703100 不動產租賃業；ZZ99999 除許可業務外，得經營法令非禁止或限制之業務,新北市,設立,11508
61283032,慢樂咖啡坊,新北市淡水區北新路2段85號(1樓) 115年08月,鄭怡芳,200000,115/08/17,,,F203010 食品什貨、飲料零售業；F501030 飲料店業；F501060 餐館業；ZZ99999 除許可業務外，得經營法令非禁止或限制之業務,新北市,設立,11508
61283048,人生雞湯鍋物,新北市板橋區陽明街86號,王鍵豪,200000,115/08/17,,,F501060 餐館業；F101040 家畜家禽批發業；F101050 水產品批發業；F101130 蔬果批發業；F102040 飲料批發業；F102170 食品什貨批發業；F201010 農產品零售業；F201020 畜產品零售業；F201030 水產品零售業；F203010 食品什貨、飲料零售業；F203020 菸酒零售業；F501030 飲料店業；H201010 一般投資業；I103060 管理顧問業；I501010 產品設計業；IZ99990 其他工商服務業；F399040 無店面零售業；F401010 國際貿易業；ZZ99999 除許可業務外，得經營法令非禁止或限制之業務,新北市,設立,11508
61283053,柚果企業社,新北市鶯歌區文化路226巷7弄36號,鄧雲榆,200000,115/08/17,,,F501030 飲料店業；F206020 日常用品零售業；F204110 布疋、衣著、鞋、帽、傘、服飾品零售業；F203010 食品什貨、飲料零售業；ZZ99999 除許可業務外，得經營法令非禁止或限制之業務,新北市,設立,11508
61283069,汎緹亞造型工作室,新北市新店區文化路23之3號14樓,鄭惟尹,100000,115/08/17,,,JZ99080 美容美髮服務業；J602010 演藝活動業；JB01010 會議及展覽服務業；JZ99990 未分類其他服務業；I502010 服飾設計業；F204110 布疋、衣著、鞋、帽、傘、服飾品零售業；F208040 化粧品零售業；F399040 無店面零售業；ZZ99999 除許可業務外，得經營法令非禁止或限制之業務；I199990 其他顧問服務業；I401010 一般廣告服務業；I599990 其他設計業；J603010 音樂展演空間業；JZ99030 攝影業,新北市,設立,11508
61283075,莫普設計工作室,新北市汐止區新台五路1段93號21樓之6 115年08月,張鈞威,50000,115/08/17,,,I501010 產品設計業；I599990 其他設計業；IG02010 研究發展服務業；F399040 無店面零售業；F206030 模具零售業,新北市,設立,11508
61283080,綻美企業社,新北市汐止區水源路2段125巷8弄3號3樓,李曉梅,200000,115/08/17,,,F102040 飲料批發業；F102170 食品什貨批發業；F106020 日常用品批發業；F107030 清潔用品批發業；F108040 化粧品批發業；F113030 精密儀器批發業；F113050 電腦及事務性機器設備批發業；F113060 度量衡器批發業；F203010 食品什貨、飲料零售業；F206020 日常用品零售業；F207030 清潔用品零售業；F208040 化粧品零售業；F213030 電腦及事務性機器設備零售業；F213040 精密儀器零售業；F213050 度量衡器零售業；F399040 無店面零售業；F401010 國際貿易業；H201010 一般投資業；I101090 食品顧問業；I102010 一般投資顧問業；I103060 管理顧問業；I199990 其他顧問服務業；I301010 資訊軟體服務業；I301020 資料處理服務業；I401010 一般廣告服務業；IG01010 生物技術服務業；JB01010 會議及展覽服務業；ZZ99999 除許可業務外，得經營法令非禁止或限制之業務,新北市,設立,11508
61283096,盛羽企業社,新北市淡水區中正東路2段27之2號17樓,戴盛榮,248000,115/08/17,,,E599010 配管工程業；E601020 電器安裝業；E603050 自動控制設備工程業；E603090 照明設備安裝工程業；E604010 機械安裝業；E801010 室內裝潢業；E801020 門窗安裝工程業；E801030 室內輕鋼架工程業；E801040 玻璃安裝工程業；E801070 廚具、衛浴設備安裝工程業；EZ15010 保溫、保冷安裝工程業；F113010 機械批發業；F113020 電器批發業；F213010 電器零售業；F399040 無店面零售業；F401010 國際貿易業；F601010 智慧財產權業；I503010 景觀設計業；JA02010 電器及電子產品修理業；JA02990 其他修理業；ZZ99999 除許可業務外，得經營法令非禁止或限制之業務,新北市,設立,11508
61283103,渝日美學商行,新北市板橋區懷仁街35巷4弄3號2樓115年08月,羅湘渝,100000,115/08/17,,,JZ99080 美容美髮服務業,新北市,設立,11508
61283119,維界資訊工作室,新北市土城區學府路1段126巷17號11樓,温力葳,200000,115/08/17,,,I301010 資訊軟體服務業；I301020 資料處理服務業；I301030 電子資訊供應服務業；I103060 管理顧問業；E605010 電腦設備安裝業；ZZ99999 除許可業務外，得經營法令非禁止或限制之業務,新北市,設立,11508
61283125,無良映畫企業社,新北市新莊區中港路339巷2號2樓115年08月,王品泓,200000,115/08/17,,,CC01010 發電﹑輸電﹑配電機械製造業；CC01020 電線及電纜製造業；CC01030 電器及視聽電子產品製造業；CC01040 照明設備製造業；CH01040 玩具製造業；E601010 電器承裝業；E601020 電器安裝業；E603010 電纜安裝工程業；E603090 照明設備安裝工程業；F106010 五金批發業；F106020 日常用品批發業；F113020 電器批發業；F116010 照相器材批發業；F113110 電池批發業；F206020 日常用品零售業；F206010 五金零售業；F213010 電器零售業；F213110 電池零售業；F216010 照相器材零售業；F213060 電信器材零售業；IZ12010 人力派遣業；I199990 其他顧問服務業；I401010 一般廣告服務業；J503050 錄影節目帶業；J602010 演藝活動業；J604010 聲音錄製及音樂發行業；J503030 廣播電視節目發行業；J503010 廣播節目製作業；J402010 電影片發行業；J403010 電影片映演業；J601010 藝文服務業；J503040 廣播電視廣告業；J503020 電視節目製作業；J404020 提供設備及場地供電影片拍攝業；J404030 電影沖印業；J404040 電影錄音業；J404050 電影特效製作業；J401010 電影片製作業；JZ99030 攝影業；JE01010 租賃業；ZZ99999 除許可業務外，得經營法令非禁止或限制之業務；F399040 無店面零售業；F113030 精密儀器批發業,新北市,設立,11508
61283130,希希子網路工作室,新北市新莊區公園路52號(1樓),陳垣希,50000,115/08/17,,,J601010 藝文服務業；J503040 廣播電視廣告業；J503050 錄影節目帶業；F399040 無店面零售業；ZZ99999 除許可業務外，得經營法令非禁止或限制之業務,新北市,設立,11508
61283146,之一良品商行,新北市新店區北宜路1段71號,王之一,50000,115/08/17,,,A401010 畜牧場經營業；F399040 無店面零售業；F203010 食品什貨、飲料零售業,新北市,設立,11508
61283151,櫃族生活工作室,新北市三重區五華街64號2樓,孫慧如,5000,115/08/17,,,F399040 無店面零售業；F208040 化粧品零售業；ZZ99999 除許可業務外，得經營法令非禁止或限制之業務；F108040 化粧品批發業；F401010 國際貿易業；F204110 布疋、衣著、鞋、帽、傘、服飾品零售業；F203010 食品什貨、飲料零售業；I401010 一般廣告服務業,新北市,設立,11508
61283167,韌香源商行,新北市樹林區東順街79巷1號(1樓),楊梅,200000,115/08/17,,,F102170 食品什貨批發業；F203010 食品什貨、飲料零售業；F501060 餐館業；C199010 麵條、粉條類食品製造業；ZZ99999 除許可業務外，得經營法令非禁止或限制之業務,新北市,設立,11508
61283173,移動海商行,新北市汐止區汐萬路2段228巷31弄139號5樓,謝心云,50000,115/08/17,,,ZZ99999 除許可業務外，得經營法令非禁止或限制之業務；F102170 食品什貨批發業；F106020 日常用品批發業；F104110 布疋、衣著、鞋、帽、傘、服飾品批發業；F204110 布疋、衣著、鞋、帽、傘、服飾品零售業；F203010 食品什貨、飲料零售業；F206020 日常用品零售業；F299990 其他零售業；F399040 無店面零售業；F399990 其他綜合零售業；I599990 其他設計業,新北市,設立,11508
61283188,國勝生命禮儀企業社,新北市三峽區中正路1段215號8樓之1 115年08月,王淳龍,200000,115/08/17,,,JZ99151 殯葬禮儀服務業；F101100 花卉批發業；F106020 日常用品批發業；F106070 祭祀用品批發業；F199990 其他批發業；F201070 花卉零售業；F206020 日常用品零售業；F206060 祭祀用品零售業；F299990 其他零售業；JZ99990 未分類其他服務業；ZZ99999 除許可業務外，得經營法令非禁止或限制之業務,新北市,設立,11508
61283194,有意思新媒體工作室,新北市三重區大同北路217號3樓,張珉甄,100000,115/08/17,,,I301060 網路廣告平臺業；JZ99030 攝影業；J503050 錄影節目帶業；I103060 管理顧問業；I301010 資訊軟體服務業；I401010 一般廣告服務業；I401020 廣告傳單分送業；I501010 產品設計業；IZ99990 其他工商服務業；F399040 無店面零售業；F102170 食品什貨批發業；F104110 布疋、衣著、鞋、帽、傘、服飾品批發業；F106020 日常用品批發業；F108040 化粧品批發業；F203010 食品什貨、飲料零售業；F204110 布疋、衣著、鞋、帽、傘、服飾品零售業；F205040 家具、寢具、廚房器具、裝設品零售業；F206020 日常用品零售業；F208040 化粧品零售業；J401010 電影片製作業；J404010 動畫影片製作業；J404030 電影沖印業；J404040 電影錄音業；J404050 電影特效製作業；I199990 其他顧問服務業；I301020 資料處理服務業；I599990 其他設計業；ZZ99999 除許可業務外，得經營法令非禁止或限制之業務；F401010 國際貿易業；F601010 智慧財產權業；I105010 藝術品諮詢顧問業；I301030 電子資訊供應服務業；IZ13010 網路認證服務業；J202010 產業育成業；I502010 服飾設計業；F199990 其他批發業,新北市,設立,11508
61283201,富韻商行,新北市板橋區大觀路1段59號,李翊茹,50000,115/08/17,,,F501990 其他餐飲業；F501030 飲料店業；F203010 食品什貨、飲料零售業；F102040 飲料批發業；F501060 餐館業；F399010 便利商店業；F299990 其他零售業；F206020 日常用品零售業,新北市,設立,11508
61283217,萬謝騋食堂,新北市新店區民權路153號4樓115年08月,謝景任,10000,115/08/17,,,F501060 餐館業,新北市,設立,11508
61283223,秉益油漆工程行,新北市板橋區僑中三街22號4樓,李銘杰,200000,115/08/17,,,E901010 油漆工程業；E801010 室內裝潢業；F220010 耐火材料零售業；F207010 漆料、塗料零售業；F401010 國際貿易業；ZZ99999 除許可業務外，得經營法令非禁止或限制之業務,新北市,設立,11508
61283238,國良蔬果商行,新北市新店區建國路182號,邱國良,200000,115/08/17,,,F201010 農產品零售業；F203010 食品什貨、飲料零售業；ZZ99999 除許可業務外，得經營法令非禁止或限制之業務,新北市,設立,11508
61283259,楊陽文創工作室,新北市中和區捷運路52之6號5樓,張祐嘉,200000,115/08/17,,,J303010 雜誌（期刊）出版業；J304010 圖書出版業；J305010 有聲出版業；J399990 其他出版業；J601010 藝文服務業；JE01010 租賃業；JZ99990 未分類其他服務業；F209060 文教、樂器、育樂用品零售業；F399040 無店面零售業；JB01010 會議及展覽服務業；I301010 資訊軟體服務業；I301020 資料處理服務業；I301030 電子資訊供應服務業；I401010 一般廣告服務業；I103060 管理顧問業；F401010 國際貿易業；I199990 其他顧問服務業；ZZ99999 除許可業務外，得經營法令非禁止或限制之業務,新北市,設立,11508
61283265,木丞工程行,新北市五股區芳洲二路29號10樓,蔡竣丞,200000,115/08/17,,,E801010 室內裝潢業；ZZ99999 除許可業務外，得經營法令非禁止或限制之業務,新北市,設立,11508
61283271,粿香蒂家行,新北市中和區宜安路158號,林黛蒂,100000,115/08/17,,,F501060 餐館業,新北市,設立,11508
61283286,造山文化工作室,新北市新店區北宜路1段168號2樓115年08月,李本善,200000,115/08/17,,,ZZ99999 除許可業務外，得經營法令非禁止或限制之業務；A102080 園藝服務業；F201070 花卉零售業；F201010 農產品零售業；F501990 其他餐飲業；J601010 藝文服務業；J602010 演藝活動業；J603010 音樂展演空間業；J799990 其他休閒服務業；JZ99990 未分類其他服務業,新北市,設立,11508
61283292,玥昕企業社,新北市新莊區中正路694巷66號4樓,王金珠,200000,115/08/17,,,I101080 工、礦顧問業；I199990 其他顧問服務業；I301020 資料處理服務業；I501010 產品設計業；I503010 景觀設計業；IZ01010 影印業；IZ02010 打字業；IZ10010 排版業；IZ99990 其他工商服務業；J101110 營建剩餘土石方資源處理業；JE01010 租賃業；JZ99050 仲介服務業；ZZ99999 除許可業務外，得經營法令非禁止或限制之業務,新北市,設立,11508
61283309,金山越來香商行,新北市金山區環金路39號,花淑蕙,200000,115/08/17,,,F501060 餐館業；F501990 其他餐飲業；F203010 食品什貨、飲料零售業；F203020 菸酒零售業；ZZ99999 除許可業務外，得經營法令非禁止或限制之業務,新北市,設立,11508
61283315,和展工程行,新北市淡水區中山北路1段259號4樓之6,林啓隽,240000,115/08/17,,,F206010 五金零售業；F211010 建材零售業；E603100 電焊工程業；E801010 室內裝潢業；E801020 門窗安裝工程業；E903010 防蝕、防銹工程業；EZ99990 其他工程業；ZZ99999 除許可業務外，得經營法令非禁止或限制之業務,新北市,設立,11508
61283321,然冉工作室,新北市林口區麗園一街11巷7號6樓之3,吳勁禹,100000,115/08/17,,,F203010 食品什貨、飲料零售業；F206020 日常用品零售業；F208040 化粧品零售業；F209060 文教、樂器、育樂用品零售業；F399040 無店面零售業；ZZ99999 除許可業務外，得經營法令非禁止或限制之業務,新北市,設立,11508
61283336,集本匠工作室,新北市板橋區民生路1段129號4樓115年08月,張亞順,200000,115/08/17,,,F106010 五金批發業；F206010 五金零售業；F299990 其他零售業；F113990 其他機械器具批發業；F213080 機械器具零售業；F213990 其他機械器具零售業；F106020 日常用品批發業；F206020 日常用品零售業；F104110 布疋、衣著、鞋、帽、傘、服飾品批發業；F204110 布疋、衣著、鞋、帽、傘、服飾品零售業；F102170 食品什貨批發業；F203010 食品什貨、飲料零售業；F113020 電器批發業；F213010 電器零售業；F109070 文教、樂器、育樂用品批發業；F209060 文教、樂器、育樂用品零售業；F399040 無店面零售業；F401010 國際貿易業；ZZ99999 除許可業務外，得經營法令非禁止或限制之業務,新北市,設立,11508
61283342,酪梨美學品牌商行,新北市新店區央北二路55號,陳涵柔,200000,115/08/17,,,JZ99080 美容美髮服務業；JZ99990 未分類其他服務業,新北市,設立,11508
61283357,愛禾豐企業社,新北市樹林區鎮前街65號,莊芷柔,200000,115/08/17,,,F204110 布疋、衣著、鞋、帽、傘、服飾品零售業,新北市,設立,11508
61283363,艾卡餐酒館,新北市永和區永貞路75號,葉嘉翔,200000,115/08/18,,,F203010 食品什貨、飲料零售業；F203030 酒精零售業；F203020 菸酒零售業；F501030 飲料店業；F501060 餐館業；ZZ99999 除許可業務外，得經營法令非禁止或限制之業務,新北市,設立,11508
61283379,霖課傳統整復推拿館,新北市三峽區三樹路41號,周思霖,240000,115/08/17,,,JF01010 傳統整復推拿業,新北市,設立,11508
61283384,映澄商行,新北市永和區中和路345號12樓之3,邱兆邑,100000,115/08/17,,,F399040 無店面零售業；F205040 家具、寢具、廚房器具、裝設品零售業；F401010 國際貿易業；ZZ99999 除許可業務外，得經營法令非禁止或限制之業務,新北市,設立,11508
61283390,拾緣島選物商行,新北市板橋區漢生西路13號(1樓),林桂香,150000,115/08/18,,,F209060 文教、樂器、育樂用品零售業；F203010 食品什貨、飲料零售業；F206020 日常用品零售業；F208040 化粧品零售業；F204110 布疋、衣著、鞋、帽、傘、服飾品零售業；F399040 無店面零售業；F213010 電器零售業；ZZ99999 除許可業務外，得經營法令非禁止或限制之業務,新北市,設立,11508
61283407,方晟泥作工程行,新北市板橋區僑中二街90巷37號5樓,鄭朝元,200000,115/08/18,,,E801010 室內裝潢業；E801020 門窗安裝工程業；E901010 油漆工程業；EZ99990 其他工程業；ZZ99999 除許可業務外，得經營法令非禁止或限制之業務,新北市,設立,11508
61283413,鈺鐸科技行,新北市三重區民生街52號115年08月,張文峯,200000,115/08/18,,,F113050 電腦及事務性機器設備批發業；F113070 電信器材批發業；F118010 資訊軟體批發業；F113020 電器批發業；F119010 電子材料批發業；F102040 飲料批發業；F102170 食品什貨批發業；F213030 電腦及事務性機器設備零售業；F213060 電信器材零售業；F218010 資訊軟體零售業；F213010 電器零售業；F219010 電子材料零售業；F203010 食品什貨、飲料零售業；F401010 國際貿易業；I301010 資訊軟體服務業；JA02990 其他修理業；ZZ99999 除許可業務外，得經營法令非禁止或限制之業務,新北市,設立,11508
61283429,裳未工作室,新北市八里區頂寮五街16號7樓,宋瑋,200000,115/08/18,,,F215010 首飾及貴金屬零售業；F399040 無店面零售業；F301010 百貨公司業；F206020 日常用品零售業；F204110 布疋、衣著、鞋、帽、傘、服飾品零售業,新北市,設立,11508
61283434,桑特企業社,新北市三重區過圳街98號4樓,林詠涵,50000,115/08/18,,,F106010 五金批發業；F106020 日常用品批發業；F209060 文教、樂器、育樂用品零售業；F206010 五金零售業；F206020 日常用品零售業；F108040 化粧品批發業；F208040 化粧品零售業；F105050 家具、寢具、廚房器具、裝設品批發業；F205040 家具、寢具、廚房器具、裝設品零售業；F204110 布疋、衣著、鞋、帽、傘、服飾品零售業；F104110 布疋、衣著、鞋、帽、傘、服飾品批發業；F207030 清潔用品零售業；F299990 其他零售業；F399990 其他綜合零售業；F401010 國際貿易業；F211010 建材零售業；F213010 電器零售業；F219010 電子材料零售業；I301010 資訊軟體服務業；I301020 資料處理服務業；I401010 一般廣告服務業；ZZ99999 除許可業務外，得經營法令非禁止或限制之業務,新北市,設立,11508
61283440,肌肉山山工作室,新北市板橋區僑中二街108巷9號2樓,陳岳群,200000,115/08/18,,,J802010 運動訓練業；I199990 其他顧問服務業；ZZ99999 除許可業務外，得經營法令非禁止或限制之業務,新北市,設立,11508
61283455,五五商行,新北市泰山區明志路1段55號115年08月,黃暄甯,200000,115/08/18,,,F203010 食品什貨、飲料零售業；F501060 餐館業；ZZ99999 除許可業務外，得經營法令非禁止或限制之業務,新北市,設立,11508
61283461,太閣室內裝潢工程行,新北市土城區學府路1段278號地下一樓之10,黃丞志,200000,115/08/18,,,E801010 室內裝潢業；E599010 配管工程業；E601020 電器安裝業；E603050 自動控制設備工程業；E603090 照明設備安裝工程業；E605010 電腦設備安裝業；E701040 簡易電信設備安裝業；E801020 門窗安裝工程業；E801030 室內輕鋼架工程業；E801040 玻璃安裝工程業；E801070 廚具、衛浴設備安裝工程業；E901010 油漆工程業；E903010 防蝕、防銹工程業；EZ05010 儀器、儀表安裝工程業；F105050 家具、寢具、廚房器具、裝設品批發業；F106010 五金批發業；F111090 建材批發業；F113020 電器批發業；F113030 精密儀器批發業；F113050 電腦及事務性機器設備批發業；F113070 電信器材批發業；F205040 家具、寢具、廚房器具、裝設品零售業；F206010 五金零售業；F211010 建材零售業；F213010 電器零售業；F213030 電腦及事務性機器設備零售業；F213040 精密儀器零售業；F213060 電信器材零售業；I503010 景觀設計業；I599990 其他設計業；J101010 建築物清潔服務業；ZZ99999 除許可業務外，得經營法令非禁止或限制之業務,新北市,設立,11508
61283477,翊聯電信工程行,新北市永和區永和路2段57號7樓,龔志雄,200000,115/08/18,,,E701010 電信工程業；E701040 簡易電信設備安裝業；F213010 電器零售業；F213060 電信器材零售業；ZZ99999 除許可業務外，得經營法令非禁止或限制之業務,新北市,設立,11508
61283482,十拿九穩貓坊,新北市土城區裕民路256巷1弄5號115年08月,李薏薇,200000,115/08/18,,,F201980 其他動物零售業；F202010 飼料零售業；F206050 寵物食品及其用品零售業；F207030 清潔用品零售業；F299990 其他零售業；F399040 無店面零售業；JZ99180 寵物美容服務業；F201081 特定寵物零售業；A401031 特定寵物服務業；ZZ99999 除許可業務外，得經營法令非禁止或限制之業務,新北市,設立,11508
61283498,箎一沐日商行,新北市土城區學士里明德路2段18號,許軒篪,100000,115/08/18,,,F501030 飲料店業；F203010 食品什貨、飲料零售業；F501060 餐館業；F501990 其他餐飲業；ZZ99999 除許可業務外，得經營法令非禁止或限制之業務,新北市,設立,11508
61283504,潯木空間裝潢工程行,新北市三重區後竹圍街237號（1樓）,施尚佑,200000,115/08/18,,,E801010 室內裝潢業；E801020 門窗安裝工程業；E801030 室內輕鋼架工程業；E801040 玻璃安裝工程業；E801070 廚具、衛浴設備安裝工程業；E901010 油漆工程業；E903010 防蝕、防銹工程業；EZ99990 其他工程業；F111090 建材批發業；F211010 建材零售業；F107010 漆料、塗料批發業；F207010 漆料、塗料零售業；F107020 染料、顏料批發業；F207020 染料、顏料零售業；F105050 家具、寢具、廚房器具、裝設品批發業；F205040 家具、寢具、廚房器具、裝設品零售業；I501010 產品設計業；I503010 景觀設計業；IZ12010 人力派遣業；ZZ99999 除許可業務外，得經營法令非禁止或限制之業務,新北市,設立,11508
61283510,誠臆企業社,新北市淡水區民街152巷6弄18號4樓,潘有臆,200000,115/08/18,,,E801010 室內裝潢業；F111090 建材批發業,新北市,設立,11508
61283526,香香豆花企業社,新北市蘆洲區中正路179號(1樓),陳建誠,200000,115/08/18,,,F501030 飲料店業；F501060 餐館業,新北市,設立,11508
61283531,小珍珠美妍坊,新北市板橋區文化路2段33號2樓,章新梅,50000,115/08/18,,,JZ99080 美容美髮服務業；F208040 化粧品零售業；ZZ99999 除許可業務外，得經營法令非禁止或限制之業務,新北市,設立,11508
61283547,方記溫體牛小吃,新北市蘆洲區九芎街136號,方文龍,200000,115/08/18,,,F501060 餐館業,新北市,設立,11508
61283552,榮木工程行,新北市土城區中正路31巷1號2樓,張芳榮,200000,115/08/18,,,E801010 室內裝潢業；E801020 門窗安裝工程業；E801030 室內輕鋼架工程業；E801040 玻璃安裝工程業；E801070 廚具、衛浴設備安裝工程業；E901010 油漆工程業；I503010 景觀設計業；E903010 防蝕、防銹工程業；E599010 配管工程業；E601020 電器安裝業；J101010 建築物清潔服務業；F211010 建材零售業；ZZ99999 除許可業務外，得經營法令非禁止或限制之業務,新北市,設立,11508
61283568,閨蜜美學,新北市板橋區中山路2段613號(1樓) 115年08月,林宜平,100000,115/08/18,,,JZ99080 美容美髮服務業,新北市,設立,11508
61283574,微光空間工作室,新北市蘆洲區中山一路197巷16號（1樓）,顏淑貞,30000,115/08/18,,,J404020 提供設備及場地供電影片拍攝業；H703100 不動產租賃業；F209060 文教、樂器、育樂用品零售業,新北市,設立,11508
61283589,田立臨時停車場,新北市淡水區英專路124號2樓,康佑民,200000,115/08/18,,,G202010 停車場經營業；ZZ99999 除許可業務外，得經營法令非禁止或限制之業務,新北市,設立,11508
61283595,嘉盛實業社,新北市土城區大安路16巷8號5樓,鄧嘉豪,200000,115/08/18,,,F106030 模具批發業；F111090 建材批發業；F106010 五金批發業；F113010 機械批發業；F119010 電子材料批發業；E801010 室內裝潢業；ZZ99999 除許可業務外，得經營法令非禁止或限制之業務,新北市,設立,11508
61283602,大燁工程行,新北市淡水區大信街40號(1樓) 115年08月,洪美華,200000,115/08/18,,,E801010 室內裝潢業；E801020 門窗安裝工程業；E801030 室內輕鋼架工程業；E801040 玻璃安裝工程業；E801070 廚具、衛浴設備安裝工程業；E901010 油漆工程業；E903010 防蝕、防銹工程業；EZ02010 起重工程業；EZ14010 運動場地用設備工程業；EZ99990 其他工程業；E599010 配管工程業；E601010 電器承裝業；E601020 電器安裝業；E603100 電焊工程業；F205040 家具、寢具、廚房器具、裝設品零售業；F206010 五金零售業；F206020 日常用品零售業；F206040 水器材料零售業；F207010 漆料、塗料零售業；F211010 建材零售業；F220010 耐火材料零售業；F213080 機械器具零售業；F401010 國際貿易業；ZZ99999 除許可業務外，得經營法令非禁止或限制之業務,新北市,設立,11508
61283618,目目日工作室,新北市中和區莒光路120巷36號5樓,廖翊真,100000,115/08/18,,,JZ99030 攝影業；J601010 藝文服務業；J602010 演藝活動業；JB01010 會議及展覽服務業；I103060 管理顧問業；I199990 其他顧問服務業；I301010 資訊軟體服務業；I301020 資料處理服務業；I301030 電子資訊供應服務業；I401010 一般廣告服務業；I501010 產品設計業；I502010 服飾設計業；IZ10010 排版業；IZ99990 其他工商服務業；F104110 布疋、衣著、鞋、帽、傘、服飾品批發業；F204110 布疋、衣著、鞋、帽、傘、服飾品零售業；F105050 家具、寢具、廚房器具、裝設品批發業；F205040 家具、寢具、廚房器具、裝設品零售業；F109070 文教、樂器、育樂用品批發業；F209060 文教、樂器、育樂用品零售業；F216010 照相器材零售業；ZZ99999 除許可業務外，得經營法令非禁止或限制之業務；I301060 網路廣告平臺業；I599990 其他設計業,新北市,設立,11508
61283624,宸昇國際商行,新北市三芝區淡金路2段87巷2號11樓之8,鄧宸杰,200000,115/08/18,,,F207030 清潔用品零售業；IZ12010 人力派遣業；ZZ99999 除許可業務外，得經營法令非禁止或限制之業務,新北市,設立,11508
61283639,陞頡商行,新北市中和區中正路716號10樓之1,黃憲貴,200000,115/08/18,,,F399010 便利商店業；ZZ99999 除許可業務外，得經營法令非禁止或限制之業務,新北市,設立,11508
61283645,曉春春曉慢漫工坊,新北市板橋區龍興街69號8樓,林春沂,200000,115/08/18,,,C802100 化粧品製造業；F208040 化粧品零售業；F399040 無店面零售業；F299990 其他零售業；F209060 文教、樂器、育樂用品零售業；I501010 產品設計業；I599990 其他設計業；I504010 花藝設計業；J601010 藝文服務業；JB01010 會議及展覽服務業；C802990 其他化學製品製造業；F401010 國際貿易業；JZ99990 未分類其他服務業；C802090 清潔用品製造業；F207030 清潔用品零售業,新北市,設立,11508
61283650,荷芙亭企業社,新北市中和區中山路2段332巷1號3樓115年08月,蕭思豪,100000,115/08/18,,,F201010 農產品零售業；ZZ99999 除許可業務外，得經營法令非禁止或限制之業務,新北市,設立,11508
61283666,丹月舞集工作室,新北市淡水區新春街85巷19弄50號8樓,張志丞,200000,115/08/19,,,J202010 產業育成業；J601010 藝文服務業；J602010 演藝活動業；J603010 音樂展演空間業；J802010 運動訓練業；J803010 運動表演業；F204110 布疋、衣著、鞋、帽、傘、服飾品零售業；ZZ99999 除許可業務外，得經營法令非禁止或限制之業務,新北市,設立,11508
61283672,潔西卡造型工作室,新北市新莊區民安西路276號(1樓),黎竹珺,200000,115/08/19,,,JZ99080 美容美髮服務業,新北市,設立,11508
61283687,奕世界商行,新北市蘆洲區鷺江里民族路31號13樓之7,呂奕,100000,115/08/19,,,F399040 無店面零售業；F401010 國際貿易業；F209060 文教、樂器、育樂用品零售業；F109070 文教、樂器、育樂用品批發業；F399990 其他綜合零售業；ZZ99999 除許可業務外，得經營法令非禁止或限制之業務,新北市,設立,11508
61283693,小物商行,新北市永和區中正路417號8樓115年08月,黃雅瑜,200000,115/08/19,,,F204110 布疋、衣著、鞋、帽、傘、服飾品零售業；F206020 日常用品零售業；F208040 化粧品零售業；F399040 無店面零售業；ZZ99999 除許可業務外，得經營法令非禁止或限制之業務,新北市,設立,11508
61283700,冠宇工程行,新北市淡水區新民街76巷36弄1號4樓,王武義,200000,115/08/19,,,E599010 配管工程業；E601020 電器安裝業；E603040 消防安全設備安裝工程業；E603050 自動控制設備工程業；E603090 照明設備安裝工程業；E603100 電焊工程業；E603110 冷作工程業；E604010 機械安裝業；E605010 電腦設備安裝業；E701010 電信工程業；E801010 室內裝潢業；E801020 門窗安裝工程業；E801030 室內輕鋼架工程業；E901010 油漆工程業；E903010 防蝕、防銹工程業；EZ05010 儀器、儀表安裝工程業；EZ15010 保溫、保冷安裝工程業；EZ99990 其他工程業；F106010 五金批發業；F106020 日常用品批發業；F106040 水器材料批發業；F107030 清潔用品批發業；F111090 建材批發業；F119010 電子材料批發業；F120010 耐火材料批發業；F105050 家具、寢具、廚房器具、裝設品批發業；F206010 五金零售業；F206020 日常用品零售業；F206040 水器材料零售業；F207030 清潔用品零售業；F213010 電器零售業；F401010 國際貿易業；ZZ99999 除許可業務外，得經營法令非禁止或限制之業務,新北市,設立,11508
61283716,宣伶蔬食烘焙工作坊,新北市蘆洲區民義街22巷8號,侯宣伶,200000,115/08/19,,,F203010 食品什貨、飲料零售業；F399040 無店面零售業；C104020 烘焙炊蒸食品製造業；ZZ99999 除許可業務外，得經營法令非禁止或限制之業務,新北市,設立,11508
61283722,向日葵長榮選物販賣機店,新北市三重區長榮路21號,祝偉哲,80000,115/08/19,,,F209060 文教、樂器、育樂用品零售業；F204110 布疋、衣著、鞋、帽、傘、服飾品零售業；F205040 家具、寢具、廚房器具、裝設品零售業；F206010 五金零售業；F206020 日常用品零售業,新北市,設立,11508
61283737,獨角獸空間修繕工程行,新北市新店區花園五路1段18號2樓,李承家,20000,115/08/19,,,E801010 室內裝潢業；EZ99990 其他工程業；E901010 油漆工程業,新北市,設立,11508
61283743,巷口食堂,新北市新店區百忍街10巷2號(1樓) 115年08月,賴君如,40000,115/08/19,,,F501060 餐館業；F399040 無店面零售業,新北市,設立,11508
61283758,昕玥商行李芸霞Luan,新北市中和區中山路2段332巷1號7樓,Pici,50000,115/08/19,,,F399040 無店面零售業；F208040 化粧品零售業；F204110 布疋、衣著、鞋、帽、傘、服飾品零售業；F215010 首飾及貴金屬零售業；ZZ99999 除許可業務外，得經營法令非禁止或限制之業務,新北市,設立,11508
61283764,侑沛企業社,新北市中和區圓通路296巷33弄4號(1樓),藍椿梅,200000,115/08/19,,,F206020 日常用品零售業；F207030 清潔用品零售業；F208040 化粧品零售業；I103060 管理顧問業；ZZ99999 除許可業務外，得經營法令非禁止或限制之業務,新北市,設立,11508
61283770,維他匯社,新北市三重區光復路2段80號4樓之9,洪三勝,80000,115/08/19,,,F206020 日常用品零售業；F203010 食品什貨、飲料零售業；ZZ99999 除許可業務外，得經營法令非禁止或限制之業務,新北市,設立,11508
61283785,竣耀工程行,新北市新莊區中華路2段7號5樓,邱奕竣,200000,115/08/19,,,E801010 室內裝潢業；E801030 室內輕鋼架工程業；E801070 廚具、衛浴設備安裝工程業；E603090 照明設備安裝工程業；E901010 油漆工程業；J101030 廢棄物清除業；ZZ99999 除許可業務外，得經營法令非禁止或限制之業務,新北市,設立,11508
61283791,侑呈商行,新北市新店區安忠路89號2樓,蔡侑呈,150000,115/08/19,,,F206020 日常用品零售業；F203010 食品什貨、飲料零售業,新北市,設立,11508
61283808,路飛安全帽店,新北市新莊區民安路262號(1樓),顏辰潔,249000,115/08/19,,,F104110 布疋、衣著、鞋、帽、傘、服飾品批發業；F105050 家具、寢具、廚房器具、裝設品批發業；F106020 日常用品批發業；F109070 文教、樂器、育樂用品批發業；F114010 汽車批發業；F114020 機車批發業；F114030 汽、機車零件配備批發業；F114040 自行車及其零件批發業；F116010 照相器材批發業；F118010 資訊軟體批發業；F119010 電子材料批發業；F204110 布疋、衣著、鞋、帽、傘、服飾品零售業；F205040 家具、寢具、廚房器具、裝設品零售業；F206020 日常用品零售業；F209060 文教、樂器、育樂用品零售業；F213010 電器零售業；F213060 電信器材零售業；F214030 汽、機車零件配備零售業；F214020 機車零售業；F214010 汽車零售業；F214040 自行車及其零件零售業；F214050 車胎零售業；F213030 電腦及事務性機器設備零售業；F399040 無店面零售業；F401010 國際貿易業；ZZ99999 除許可業務外，得經營法令非禁止或限制之業務,新北市,設立,11508
61283814,玖室美甲美學,新北市三峽區大德路2號115年08月,褚羿均,80000,115/08/19,,,JZ99080 美容美髮服務業,新北市,設立,11508
61283820,未來研製工坊,新北市新莊區新樹路771號3樓,簡祥宇,240000,115/08/19,,,I301010 資訊軟體服務業；I301020 資料處理服務業；I301030 電子資訊供應服務業；I301040 第三方支付服務業；I103060 管理顧問業；I199990 其他顧問服務業；I401010 一般廣告服務業；E605010 電腦設備安裝業；F118010 資訊軟體批發業；F218010 資訊軟體零售業；F401010 國際貿易業；ZZ99999 除許可業務外，得經營法令非禁止或限制之業務,新北市,設立,11508
61283835,添口福商行,新北市新店區安民街303巷20號4樓,林鈺淳,100000,115/08/19,,,F201010 農產品零售業；F201020 畜產品零售業；F201030 水產品零售業；F203010 食品什貨、飲料零售業；F203030 酒精零售業；F204110 布疋、衣著、鞋、帽、傘、服飾品零售業；F205040 家具、寢具、廚房器具、裝設品零售業；F206020 日常用品零售業；F206050 寵物食品及其用品零售業；F207030 清潔用品零售業；F208040 化粧品零售業；F208050 乙類成藥零售業；F209060 文教、樂器、育樂用品零售業；F299990 其他零售業；F399040 無店面零售業；F401010 國際貿易業；F399990 其他綜合零售業；F501030 飲料店業；F501990 其他餐飲業；I401010 一般廣告服務業；J799990 其他休閒服務業；JB01010 會議及展覽服務業；JE01010 租賃業；H703100 不動產租賃業；ZZ99999 除許可業務外，得經營法令非禁止或限制之業務,新北市,設立,11508
61283856,承居科技工作室,新北市新莊區瓊泰路2巷6號(1樓) 115年08月,莊永泰,200000,115/08/19,,,I301010 資訊軟體服務業；I301020 資料處理服務業；I301030 電子資訊供應服務業；E603050 自動控制設備工程業；E605010 電腦設備安裝業；F213010 電器零售業；F399040 無店面零售業；I199990 其他顧問服務業；E601020 電器安裝業；E701010 電信工程業,新北市,設立,11508
61283862,立升工程行,新北市新店區安興路125之10號,梁思婕,248000,115/08/19,,,E801010 室內裝潢業；EZ99990 其他工程業；E901010 油漆工程業；IZ12010 人力派遣業；J101010 建築物清潔服務業；J101030 廢棄物清除業；J101040 廢棄物處理業；JZ99050 仲介服務業；F399040 無店面零售業；ZZ99999 除許可業務外，得經營法令非禁止或限制之業務,新北市,設立,11508
61283878,富居影像音樂工作室,新北市泰山區泰林路2段507之1號10樓,王霆鈞,100000,115/08/19,,,JZ99030 攝影業；J401010 電影片製作業；I401010 一般廣告服務業；J604010 聲音錄製及音樂發行業；ZZ99999 除許可業務外，得經營法令非禁止或限制之業務,新北市,設立,11508
61283883,向日葵樹德選物販賣機店,新北市樹林區樹德街14號,祝偉哲,80000,115/08/19,,,F209060 文教、樂器、育樂用品零售業；F204110 布疋、衣著、鞋、帽、傘、服飾品零售業；F205040 家具、寢具、廚房器具、裝設品零售業；F206010 五金零售業；F206020 日常用品零售業,新北市,設立,11508
61283899,泓運遙控模型工作室,新北市中和區民享街101號,江丞浩,100000,115/08/19,,,F206030 模具零售業；F209060 文教、樂器、育樂用品零售業；F218010 資訊軟體零售業；F219010 電子材料零售業；F299990 其他零售業；ZZ99999 除許可業務外，得經營法令非禁止或限制之業務,新北市,設立,11508
61283906,夏夜工程行,新北市板橋區合宜路69號5樓之1,方紹戎,200000,115/08/19,,,E603020 電梯安裝工程業；E599010 配管工程業；E601010 電器承裝業；E601020 電器安裝業；E604010 機械安裝業；E901010 油漆工程業；E603010 電纜安裝工程業；F113010 機械批發業；F113020 電器批發業；E801020 門窗安裝工程業；ZZ99999 除許可業務外，得經營法令非禁止或限制之業務,新北市,設立,11508
61283912,逸洲智造工作室,新北市中和區中山路2段332巷1號7樓115年08月,許逸洋,200000,115/08/19,,,F105050 家具、寢具、廚房器具、裝設品批發業；F106030 模具批發業；F199990 其他批發業；F205040 家具、寢具、廚房器具、裝設品零售業；F206030 模具零售業；F299990 其他零售業；F399040 無店面零售業；I401010 一般廣告服務業；I599990 其他設計業；J305010 有聲出版業；JZ99030 攝影業；ZZ99999 除許可業務外，得經營法令非禁止或限制之業務,新北市,設立,11508
61283928,迷辛商行,新北市新莊區福德二街47號(1樓),林峻宇,200000,115/08/19,,,F501060 餐館業；F501030 飲料店業；F401010 國際貿易業；F203010 食品什貨、飲料零售業；ZZ99999 除許可業務外，得經營法令非禁止或限制之業務,新北市,設立,11508
61283933,亨睿企業社,新北市新莊區泰安街25號115年08月,蔡秋姚,10000,115/08/19,,,F106020 日常用品批發業；F109070 文教、樂器、育樂用品批發業；F399040 無店面零售業；I103060 管理顧問業；I199990 其他顧問服務業；I301020 資料處理服務業；IZ01010 影印業；IZ02010 打字業；IZ12010 人力派遣業；IZ99990 其他工商服務業；JA02990 其他修理業；ZZ99999 除許可業務外，得經營法令非禁止或限制之業務,新北市,設立,11508
61283949,飛行魚企業社,新北市淡水區民族路31之15號13樓之1,李靜智,200000,115/08/19,,,F101100 花卉批發業；F102170 食品什貨批發業；F104110 布疋、衣著、鞋、帽、傘、服飾品批發業；F105050 家具、寢具、廚房器具、裝設品批發業；F108040 化粧品批發業；F109070 文教、樂器、育樂用品批發業；F118010 資訊軟體批發業；F201070 花卉零售業；F203010 食品什貨、飲料零售業；F204110 布疋、衣著、鞋、帽、傘、服飾品零售業；F205040 家具、寢具、廚房器具、裝設品零售業；F208040 化粧品零售業；F209060 文教、樂器、育樂用品零售業；F218010 資訊軟體零售業；F399040 無店面零售業；F401010 國際貿易業；H201010 一般投資業；I103060 管理顧問業；I105010 藝術品諮詢顧問業；I301010 資訊軟體服務業；I301020 資料處理服務業；I401010 一般廣告服務業；I501010 產品設計業；I502010 服飾設計業；I503010 景觀設計業；I504010 花藝設計業；I599990 其他設計業；IZ06010 理貨包裝業；J303010 雜誌（期刊）出版業；J304010 圖書出版業；J305010 有聲出版業；J399010 軟體出版業；J399990 其他出版業；J404010 動畫影片製作業；J404040 電影錄音業；J601010 藝文服務業；J602010 演藝活動業；ZZ99999 除許可業務外，得經營法令非禁止或限制之業務,新北市,設立,11508
61283954,湛藍智聯企業社,新北市板橋區重慶路60之1號5樓,劉凱欣,200000,115/08/19,,,I301010 資訊軟體服務業；I301020 資料處理服務業；I401010 一般廣告服務業；ZZ99999 除許可業務外，得經營法令非禁止或限制之業務,新北市,設立,11508
61283960,光亮專業汽車美容,新北市蘆洲區永安南路2段168之4號,徐正國,150000,115/08/19,,,JA01990 其他汽車服務業；ZZ99999 除許可業務外，得經營法令非禁止或限制之業務,新北市,設立,11508
61283976,極限茶飲,新北市三重區永安北路2段39號115年08月,吳心儀,200000,115/08/19,,,F203010 食品什貨、飲料零售業；F501030 飲料店業；ZZ99999 除許可業務外，得經營法令非禁止或限制之業務,新北市,設立,11508
61283981,有春制作所,新北市板橋區裕民街46巷11號4樓115年08月,蕭筱臻,500000,115/08/19,,,C701010 印刷業；C703010 印刷品裝訂及加工業；F104110 布疋、衣著、鞋、帽、傘、服飾品批發業；F109070 文教、樂器、育樂用品批發業；F204110 布疋、衣著、鞋、帽、傘、服飾品零售業；F209060 文教、樂器、育樂用品零售業；F399040 無店面零售業；F401010 國際貿易業；F601010 智慧財產權業；I301010 資訊軟體服務業；I301020 資料處理服務業；I301030 電子資訊供應服務業；I301050 實境體感應用服務業；I401010 一般廣告服務業；I501010 產品設計業；I502010 服飾設計業；I503010 景觀設計業；I599990 其他設計業；IZ01010 影印業；IZ03010 剪報業；IZ10010 排版業；IZ12010 人力派遣業；IZ13010 網路認證服務業；IZ15010 市場研究及民意調查業；IZ99990 其他工商服務業；J301010 報紙業；J302010 通訊稿業；J303010 雜誌（期刊）出版業；J304010 圖書出版業；J305010 有聲出版業；J399990 其他出版業；J401010 電影片製作業；J402010 電影片發行業；J404010 動畫影片製作業；J404040 電影錄音業；J404050 電影特效製作業；J503010 廣播節目製作業；J503020 電視節目製作業；J503030 廣播電視節目發行業；J503040 廣播電視廣告業；J503050 錄影節目帶業；J601010 藝文服務業；J602010 演藝活動業；J603010 音樂展演空間業；JB01010 會議及展覽服務業；JE01010 租賃業；JZ99030 攝影業；ZZ99999 除許可業務外，得經營法令非禁止或限制之業務,新北市,設立,11508
61283997,媚姐國際商行,新北市五股區陸一里六合街75號,胡淑媚,200000,115/08/19,,,F102170 食品什貨批發業；F106020 日常用品批發業；F107030 清潔用品批發業；F108040 化粧品批發業；F102040 飲料批發業；F208050 乙類成藥零售業；F104110 布疋、衣著、鞋、帽、傘、服飾品批發業；F105050 家具、寢具、廚房器具、裝設品批發業；F106010 五金批發業；F106040 水器材料批發業；F109070 文教、樂器、育樂用品批發業；F113020 電器批發業；F113050 電腦及事務性機器設備批發業；F113110 電池批發業；F399040 無店面零售業；F401010 國際貿易業；I103060 管理顧問業；I401010 一般廣告服務業；J601010 藝文服務業；J602010 演藝活動業；JB01010 會議及展覽服務業；JZ99030 攝影業；ZZ99999 除許可業務外，得經營法令非禁止或限制之業務,新北市,設立,11508
61284004,威安鞋行,新北市淡水區中正路108號,鄒冠威,100000,115/08/19,,,F204110 布疋、衣著、鞋、帽、傘、服飾品零售業；ZZ99999 除許可業務外，得經營法令非禁止或限制之業務,新北市,設立,11508
61284010,遠婷以便以謝商行,新北市三重區重新路2段78號15樓115年08月,林道遠,200000,115/08/19,,,J602010 演藝活動業；F399040 無店面零售業；F401010 國際貿易業；H703090 不動產買賣業；H703100 不動產租賃業；I103060 管理顧問業；I199990 其他顧問服務業；I401010 一般廣告服務業；I501010 產品設計業；J303010 雜誌（期刊）出版業；J304010 圖書出版業；J305010 有聲出版業；J399990 其他出版業；J401010 電影片製作業；J503010 廣播節目製作業；J503020 電視節目製作業；J503030 廣播電視節目發行業；J503040 廣播電視廣告業；J503050 錄影節目帶業；J601010 藝文服務業；J603010 音樂展演空間業；JB01010 會議及展覽服務業；JZ99030 攝影業；JZ99050 仲介服務業；ZZ99999 除許可業務外，得經營法令非禁止或限制之業務,新北市,設立,11508
61284026,瑞盛鋼筋企業社,新北市新莊區後德里後港一路49巷1弄6號5樓,周瑞騰,200000,115/08/19,,,E801030 室內輕鋼架工程業；IZ12010 人力派遣業；F111090 建材批發業；E599010 配管工程業；E603090 照明設備安裝工程業；E603100 電焊工程業；E801010 室內裝潢業；EZ07010 鑽孔工程業；ZZ99999 除許可業務外，得經營法令非禁止或限制之業務,新北市,設立,11508
61284031,森耀水電工程行,新北市新莊區西盛街387巷34弄20號3樓,黃柏耀,200000,115/08/19,,,E599010 配管工程業；E601010 電器承裝業；E601020 電器安裝業；E603040 消防安全設備安裝工程業；E603130 燃氣熱水器承裝業；E603090 照明設備安裝工程業；EZ15010 保溫、保冷安裝工程業；F106040 水器材料批發業；F206040 水器材料零售業,新北市,設立,11508
61284047,汎霖工程行,新北市板橋區龍泉街70號4樓115年08月,周彥成,200000,115/08/19,,,E502010 燃料導管安裝工程業；E599010 配管工程業；E601020 電器安裝業；E603010 電纜安裝工程業；E603040 消防安全設備安裝工程業；E603050 自動控制設備工程業；E603090 照明設備安裝工程業；E603100 電焊工程業；E603110 冷作工程業；E603120 噴砂工程業；E604010 機械安裝業；E701010 電信工程業；E701040 簡易電信設備安裝業；E801010 室內裝潢業；E801020 門窗安裝工程業；E801030 室內輕鋼架工程業；E801040 玻璃安裝工程業；E801070 廚具、衛浴設備安裝工程業；E901010 油漆工程業；E903010 防蝕、防銹工程業；EZ07010 鑽孔工程業；EZ99990 其他工程業；F106010 五金批發業；F106040 水器材料批發業；F111090 建材批發業；F117010 消防安全設備批發業；F206010 五金零售業；F206040 水器材料零售業；F211010 建材零售業；F217010 消防安全設備零售業；F401010 國際貿易業；ZZ99999 除許可業務外，得經營法令非禁止或限制之業務,新北市,設立,11508
61284052,上源水果行,新北市三峽區民族街9巷3號2樓,陳建翰,200000,115/08/19,,,F101130 蔬果批發業；F201010 農產品零售業；ZZ99999 除許可業務外，得經營法令非禁止或限制之業務,新北市,設立,11508
61284068,吾集鹹酥雞店,新北市土城區學府路1段29號,柯凱集,200000,115/08/19,,,F203010 食品什貨、飲料零售業；F501060 餐館業；F399040 無店面零售業,新北市,設立,11508
61284074,矢洛曼酵母烘焙商號,新北市板橋區四川路1段218號14樓之3,李侑承,200000,115/08/19,,,F203010 食品什貨、飲料零售業；F399040 無店面零售業；ZZ99999 除許可業務外，得經營法令非禁止或限制之業務,新北市,設立,11508
61284089,洗客邦自助洗衣,新北市土城區延和路42巷2弄1號,張孟裕,200000,115/08/19,,,JA03010 洗衣業,新北市,設立,11508
61284095,爆發富商行,新北市板橋區華興街17號,李宗蒲,50000,115/08/19,,,IZ14020 公益彩券經銷業,新北市,設立,11508
61284102,飛亭企業社,新北市三重區雙園街46號(2樓),賴亭羽,200000,115/08/20,,,E599010 配管工程業；E601020 電器安裝業；E603040 消防安全設備安裝工程業；E603050 自動控制設備工程業；E604010 機械安裝業；E701010 電信工程業；E701040 簡易電信設備安裝業；EZ99990 其他工程業；F213010 電器零售業；F401010 國際貿易業；ZZ99999 除許可業務外，得經營法令非禁止或限制之業務,新北市,設立,11508
61284118,京承工程行,新北市板橋區中山路1段293之1號10樓之1,吳旻蒨,100000,115/08/20,,,E599010 配管工程業；E601020 電器安裝業；E604010 機械安裝業；E601010 電器承裝業；E605010 電腦設備安裝業；E603040 消防安全設備安裝工程業；F213080 機械器具零售業；F113020 電器批發業；F219010 電子材料零售業；F213060 電信器材零售業；ZZ99999 除許可業務外，得經營法令非禁止或限制之業務,新北市,設立,11508
61284124,佛系經營企業社,新北市三峽區文化路139號4樓,簡年成,50000,115/08/20,,,F399040 無店面零售業；ZZ99999 除許可業務外，得經營法令非禁止或限制之業務,新北市,設立,11508
61284150,奕樺小吃店,新北市汐止區康寧街413號(1樓),蔡宜樺,100000,115/08/20,,,F501060 餐館業,新北市,設立,11508
61284166,延燒韓式燒肉火鍋店,新北市三重區重新路1段97號,林允馨,200000,115/08/20,,,F102170 食品什貨批發業；F203010 食品什貨、飲料零售業；F501990 其他餐飲業；F501060 餐館業；F501030 飲料店業；ZZ99999 除許可業務外，得經營法令非禁止或限制之業務,新北市,設立,11508
61284172,奕佳小吃店,新北市新莊區龍安路282號115年08月,許哲源,100000,115/08/20,,,F501030 飲料店業；F501060 餐館業,新北市,設立,11508
61284187,留白文化藝術工作室,新北市汐止區福德一路392巷37弄14號,黃婉菁,240000,115/08/20,,,J601010 藝文服務業；J602010 演藝活動業；J603010 音樂展演空間業；J303010 雜誌（期刊）出版業；J399990 其他出版業；I401010 一般廣告服務業；JB01010 會議及展覽服務業；J503010 廣播節目製作業；F399040 無店面零售業；E801010 室內裝潢業；E801020 門窗安裝工程業；I501010 產品設計業；F209060 文教、樂器、育樂用品零售業；F204110 布疋、衣著、鞋、帽、傘、服飾品零售業；F401010 國際貿易業；F203010 食品什貨、飲料零售業；J604010 聲音錄製及音樂發行業；J305010 有聲出版業；J202010 產業育成業；I103060 管理顧問業；ZZ99999 除許可業務外，得經營法令非禁止或限制之業務,新北市,設立,11508
61284193,風清雲淡茶葉商行,新北市泰山區辭修路36巷1弄3號2樓,蔡錦雲,50000,115/08/20,,,F201010 農產品零售業,新北市,設立,11508
61284200,太一製所,新北市新店區達觀路38號10樓之2,陳泰伊,20000,115/08/20,,,F107030 清潔用品批發業；F108040 化粧品批發業,新北市,設立,11508
61284216,亘樂商行,新北市樹林區國凱街77號12樓,林俊佑,200000,115/08/20,,,F102040 飲料批發業；F102050 茶葉批發業；F203010 食品什貨、飲料零售業,新北市,設立,11508
61284222,翎家嚴選商行,新北市淡水區民生路83號,何任翎,150000,115/08/20,,,F201010 農產品零售業；F201030 水產品零售業；F203010 食品什貨、飲料零售業；F203020 菸酒零售業；F206020 日常用品零售業；F207030 清潔用品零售業；F208031 醫療器材零售業；F399040 無店面零售業；F201020 畜產品零售業；F204110 布疋、衣著、鞋、帽、傘、服飾品零售業,新北市,設立,11508
61284237,名妍健康館,新北市板橋區存德街24號(1樓) 115年08月,何侑潤,150000,115/08/20,,,JZ99080 美容美髮服務業；F208040 化粧品零售業；ZZ99999 除許可業務外，得經營法令非禁止或限制之業務,新北市,設立,11508
61284243,初禾商行,新北市淡水區水源街1段38號(1樓),孫惠萍,200000,115/08/20,,,F203010 食品什貨、飲料零售業；F206010 五金零售業；F206050 寵物食品及其用品零售業；F201010 農產品零售業；F201030 水產品零售業；F201061 種苗零售業；F209060 文教、樂器、育樂用品零售業；F401010 國際貿易業；F399040 無店面零售業；ZZ99999 除許可業務外，得經營法令非禁止或限制之業務,新北市,設立,11508
61284258,慕白企業社,新北市林口區文化北路1段321號6樓,蔡明哲,168000,115/08/20,,,CA04010 表面處理業；F107030 清潔用品批發業；F114030 汽、機車零件配備批發業；F114010 汽車批發業；F114020 機車批發業；F207030 清潔用品零售業；F214030 汽、機車零件配備零售業；F214010 汽車零售業；F214020 機車零售業；JA01010 汽車修理業；JA01990 其他汽車服務業；ZZ99999 除許可業務外，得經營法令非禁止或限制之業務,新北市,設立,11508
61284264,夢尚贏企業社,新北市新店區北新路2段128號9樓之7,蔣清波,200000,115/08/20,,,F204110 布疋、衣著、鞋、帽、傘、服飾品零售業；J601010 藝文服務業；ZZ99999 除許可業務外，得經營法令非禁止或限制之業務,新北市,設立,11508
61284270,莎莎美學工作室,新北市三重區重陽路2段24巷17號2樓,賴虹綾,50000,115/08/20,,,F399040 無店面零售業；F215010 首飾及貴金屬零售業；F299990 其他零售業；JZ99080 美容美髮服務業；F208040 化粧品零售業；ZZ99999 除許可業務外，得經營法令非禁止或限制之業務,新北市,設立,11508
61284285,文真美容坊,新北市樹林區中山路1段272號,安氏安紅,150000,115/08/20,,,JZ99080 美容美髮服務業；F208040 化粧品零售業；ZZ99999 除許可業務外，得經營法令非禁止或限制之業務,新北市,設立,11508
61284291,懿之味早餐店,新北市新莊區瓊泰路20號(1樓) 115年08月,林子婷,100000,115/08/20,,,F203010 食品什貨、飲料零售業；F299990 其他零售業；F501030 飲料店業；F501060 餐館業；F501990 其他餐飲業,新北市,設立,11508
61284308,愛朵莉企業社,新北市板橋區南雅東路41之6號9樓,蘇婉婷,200000,115/08/20,,,F102170 食品什貨批發業；F203010 食品什貨、飲料零售業；F104110 布疋、衣著、鞋、帽、傘、服飾品批發業；F204110 布疋、衣著、鞋、帽、傘、服飾品零售業；F105050 家具、寢具、廚房器具、裝設品批發業；F205040 家具、寢具、廚房器具、裝設品零售業；F106010 五金批發業；F206010 五金零售業；F106020 日常用品批發業；F206020 日常用品零售業；F108040 化粧品批發業；F208040 化粧品零售業；F208050 乙類成藥零售業；F399040 無店面零售業；F501990 其他餐飲業；F401010 國際貿易業；ZZ99999 除許可業務外，得經營法令非禁止或限制之業務,新北市,設立,11508
61284314,澄木商行,新北市鶯歌區建國路129號6樓115年08月,黃馨慧,100000,115/08/20,,,F104110 布疋、衣著、鞋、帽、傘、服飾品批發業；F106020 日常用品批發業；F115010 首飾及貴金屬批發業；F115020 礦石批發業；F204110 布疋、衣著、鞋、帽、傘、服飾品零售業；F206020 日常用品零售業；F215010 首飾及貴金屬零售業；F215020 礦石零售業；F399040 無店面零售業；F401010 國際貿易業；ZZ99999 除許可業務外，得經營法令非禁止或限制之業務,新北市,設立,11508
61284320,台灣成哥工程行,新北市新店區安興路125之10號(1樓) 115年08月,鄭明成,240000,115/08/20,,,E903010 防蝕、防銹工程業；E599010 配管工程業；E901010 油漆工程業；F211010 建材零售業；F206040 水器材料零售業；F207010 漆料、塗料零售業；F207170 工業助劑零售業；E801010 室內裝潢業；E801020 門窗安裝工程業；E801030 室內輕鋼架工程業；E801040 玻璃安裝工程業；E801070 廚具、衛浴設備安裝工程業；EZ02010 起重工程業；EZ06010 交通標示工程業；EZ07010 鑽孔工程業；EZ09010 靜電防護及消除工程業；EZ11010 球場跑道樹脂材料鋪設工程業；EZ14010 運動場地用設備工程業；EZ15010 保溫、保冷安裝工程業；E401010 疏濬業；E502010 燃料導管安裝工程業；E601010 電器承裝業；E601020 電器安裝業；E603010 電纜安裝工程業；E603040 消防安全設備安裝工程業；E603050 自動控制設備工程業；E603080 交通號誌安裝工程業；E603090 照明設備安裝工程業；E603100 電焊工程業；E603110 冷作工程業；E603120 噴砂工程業；E603130 燃氣熱水器承裝業；E604010 機械安裝業；E605010 電腦設備安裝業；E607010 太陽熱能設備安裝工程業；E701010 電信工程業；E701040 簡易電信設備安裝業；EZ99990 其他工程業；A102050 作物栽培服務業；A102080 園藝服務業；F106010 五金批發業；F106040 水器材料批發業；F106050 陶瓷玻璃器皿批發業；F107010 漆料、塗料批發業；F107030 清潔用品批發業；F107170 工業助劑批發業；F111090 建材批發業；F112040 石油製品批發業；F113010 機械批發業；F113020 電器批發業；F113050 電腦及事務性機器設備批發業；F113090 交通標誌器材批發業；F113100 污染防治設備批發業；F113990 其他機械器具批發業；F117010 消防安全設備批發業；F118010 資訊軟體批發業；F119010 電子材料批發業；F120010 耐火材料批發業；F206010 五金零售業；F207030 清潔用品零售業；F212050 石油製品零售業；F213010 電器零售業；F213030 電腦及事務性機器設備零售業；F213060 電信器材零售業；F213080 機械器具零售業；F213090 交通標誌器材零售業；F217010 消防安全設備零售業；F218010 資訊軟體零售業；F219010 電子材料零售業；F220010 耐火材料零售業；F399040 無店面零售業；F401010 國際貿易業；I503010 景觀設計業；IB01010 建築物公共安全檢查業；IF01010 消防安全設備檢修業；IF04010 非破壞檢測業；IZ12010 人力派遣業；J101010 建築物清潔服務業；J101030 廢棄物清除業；J101040 廢棄物處理業；J101090 廢棄物清理業；JA02010 電器及電子產品修理業；JE01010 租賃業；JZ99050 仲介服務業；ZZ99999 除許可業務外，得經營法令非禁止或限制之業務,新北市,設立,11508
61284335,鑫澤理髮廳,新北市三峽區國學街20號(1樓),陳韋霖,200000,115/08/20,,,JZ99080 美容美髮服務業,新北市,設立,11508
61284341,櫻和工作室,新北市板橋區信義路196號4樓115年08月,黃玉玲,50000,115/08/20,,,F109070 文教、樂器、育樂用品批發業；F209060 文教、樂器、育樂用品零售業；F213010 電器零售業；F399040 無店面零售業；F401010 國際貿易業；J305010 有聲出版業；J601010 藝文服務業；ZZ99999 除許可業務外，得經營法令非禁止或限制之業務,新北市,設立,11508
61284356,上申電機企業社,新北市三峽區復興路141之4號6樓,許志豪,200000,115/08/20,,,E603050 自動控制設備工程業；E603010 電纜安裝工程業；E601010 電器承裝業；E604010 機械安裝業；E603090 照明設備安裝工程業；E599010 配管工程業；E601020 電器安裝業；E605010 電腦設備安裝業；CC01010 發電﹑輸電﹑配電機械製造業；CC01990 其他電機及電子機械器材製造業；F113020 電器批發業；F119010 電子材料批發業；F213010 電器零售業；F219010 電子材料零售業；F113010 機械批發業；F113030 精密儀器批發業；ZZ99999 除許可業務外，得經營法令非禁止或限制之業務,新北市,設立,11508
61284362,食旅共和商行,新北市樹林區保安街2段73號,謝賢慧,100000,115/08/20,,,F501060 餐館業；F501990 其他餐飲業；F203010 食品什貨、飲料零售業；F203030 酒精零售業；F206020 日常用品零售業；F299990 其他零售業；F206010 五金零售業；ZZ99999 除許可業務外，得經營法令非禁止或限制之業務,新北市,設立,11508
61284378,信禾工程行,新北市三重區重陽路4段130號12樓115年08月,李信坤,200000,115/08/20,,,E801010 室內裝潢業；E603090 照明設備安裝工程業；E801020 門窗安裝工程業；E801030 室內輕鋼架工程業；E801040 玻璃安裝工程業；E801070 廚具、衛浴設備安裝工程業；I503010 景觀設計業；E601010 電器承裝業；E601020 電器安裝業；E901010 油漆工程業；E599010 配管工程業；EZ05010 儀器、儀表安裝工程業；EZ99990 其他工程業；F111090 建材批發業；F211010 建材零售業；F205040 家具、寢具、廚房器具、裝設品零售業；IZ12010 人力派遣業；J101030 廢棄物清除業；ZZ99999 除許可業務外，得經營法令非禁止或限制之業務,新北市,設立,11508
61284383,彥程企業社,新北市蘆洲區中山一路293號9樓,黃鐘儀,200000,115/08/20,,,E599010 配管工程業；E603090 照明設備安裝工程業；E603100 電焊工程業；E603110 冷作工程業；E603120 噴砂工程業；E801010 室內裝潢業；E801020 門窗安裝工程業；E801030 室內輕鋼架工程業；E801040 玻璃安裝工程業；E801070 廚具、衛浴設備安裝工程業；E901010 油漆工程業；E903010 防蝕、防銹工程業；EZ07010 鑽孔工程業；EZ99990 其他工程業；F106010 五金批發業；F107010 漆料、塗料批發業；F107020 染料、顏料批發業；F206010 五金零售業；F207010 漆料、塗料零售業；F207020 染料、顏料零售業；F211010 建材零售業；F111090 建材批發業；ZZ99999 除許可業務外，得經營法令非禁止或限制之業務,新北市,設立,11508
61284399,日安衣舍精品服飾店,新北市新莊區新北大道7段219號11樓之8,陳佳輝,95000,115/08/20,,,F204110 布疋、衣著、鞋、帽、傘、服飾品零售業；F206020 日常用品零售業；F208040 化粧品零售業；F399040 無店面零售業；ZZ99999 除許可業務外，得經營法令非禁止或限制之業務,新北市,設立,11508
61284406,尤唯商行,新北市蘆洲區長安街193巷10號4樓,梅瀞予,200000,115/08/21,,,F104110 布疋、衣著、鞋、帽、傘、服飾品批發業；F108040 化粧品批發業；F115010 首飾及貴金屬批發業；F204110 布疋、衣著、鞋、帽、傘、服飾品零售業；F208040 化粧品零售業；F215010 首飾及貴金屬零售業；F399040 無店面零售業；ZZ99999 除許可業務外，得經營法令非禁止或限制之業務,新北市,設立,11508
61284412,十月與花商行,新北市新莊區中德路27號6樓,劉佳樺,100000,115/08/21,,,F201070 花卉零售業；I504010 花藝設計業；F299990 其他零售業；ZZ99999 除許可業務外，得經營法令非禁止或限制之業務,新北市,設立,11508
61284428,霹靂狗企業社,新北市板橋區漢生東路41之2號,沈帛偉,100000,115/08/21,,,F203010 食品什貨、飲料零售業；F206020 日常用品零售業；F209060 文教、樂器、育樂用品零售業,新北市,設立,11508
61284433,筑澐商行,新北市中和區連城路385號115年08月,高詩澐,200000,115/08/21,,,F203010 食品什貨、飲料零售業；F501030 飲料店業；F501060 餐館業；ZZ99999 除許可業務外，得經營法令非禁止或限制之業務,新北市,設立,11508
61284454,新電企業社,新北市八里區龍米路1段245號5樓,周正隆,200000,115/08/21,,,E603050 自動控制設備工程業；E604010 機械安裝業；F113010 機械批發業；F113990 其他機械器具批發業；F213080 機械器具零售業；F213990 其他機械器具零售業；F119010 電子材料批發業；F113020 電器批發業；F113030 精密儀器批發業；F113050 電腦及事務性機器設備批發業；F219010 電子材料零售業；F213010 電器零售業；F213040 精密儀器零售業；F213030 電腦及事務性機器設備零售業；F106010 五金批發業；F206010 五金零售業；I301020 資料處理服務業；I301030 電子資訊供應服務業；JA02010 電器及電子產品修理業；E601020 電器安裝業；E605010 電腦設備安裝業；F401010 國際貿易業；ZZ99999 除許可業務外，得經營法令非禁止或限制之業務,新北市,設立,11508
61284460,宏群空調工程行,新北市樹林區北園里西圳街1段75號,周宏霖,200000,115/08/21,,,ZZ99999 除許可業務外，得經營法令非禁止或限制之業務；E599010 配管工程業；E601020 電器安裝業；F113020 電器批發業；F213010 電器零售業；JA02010 電器及電子產品修理業；F206040 水器材料零售業；F106040 水器材料批發業；E901010 油漆工程業；F206010 五金零售業；F399040 無店面零售業,新北市,設立,11508
61284476,嘛嚕嘛嚕工作室,新北市新莊區瓊林里瓊林路100巷8號3樓,詹偵鈺,100000,115/08/21,,,F399040 無店面零售業；F209060 文教、樂器、育樂用品零售業；F401010 國際貿易業；ZZ99999 除許可業務外，得經營法令非禁止或限制之業務,新北市,設立,11508
61284481,思線工作室,新北市三重區永興里福德南路28號（1樓）,蔡恩綿,50000,115/08/21,,,F204110 布疋、衣著、鞋、帽、傘、服飾品零售業；F206020 日常用品零售業；F215010 首飾及貴金屬零售業；F299990 其他零售業；F399040 無店面零售業；ZZ99999 除許可業務外，得經營法令非禁止或限制之業務；F401010 國際貿易業,新北市,設立,11508
61284497,鼎鑠金屬工業社,新北市蘆洲區和平路121巷14弄12號(1樓) 115年08月,郭芸鑠,200000,115/08/21,,,CA02030 螺絲、螺帽、螺絲釘、及鉚釘等製品製造業；CA02090 金屬線製品製造業；F106010 五金批發業；ZZ99999 除許可業務外，得經營法令非禁止或限制之業務,新北市,設立,11508
61284503,囍豐采彩券行,新北市板橋區中山路2段90巷25號(1樓),劉恩毓,100000,115/08/21,,,IZ14020 公益彩券經銷業,新北市,設立,11508
61284519,肆意炸物,新北市中和區信義街82號(1樓),施品澄,200000,115/08/21,,,F501060 餐館業,新北市,設立,11508
61284525,甘泉企業社,新北市三重區三民街116號,龔家榆,150000,115/08/21,,,F203010 食品什貨、飲料零售業；F209060 文教、樂器、育樂用品零售業,新北市,設立,11508
61284530,雅登工程行,新北市土城區延和路39巷30號13樓,王亭尹,200000,115/08/21,,,E601020 電器安裝業；E603090 照明設備安裝工程業；E801010 室內裝潢業；E801020 門窗安裝工程業；E801030 室內輕鋼架工程業；E801070 廚具、衛浴設備安裝工程業；E901010 油漆工程業；ZZ99999 除許可業務外，得經營法令非禁止或限制之業務,新北市,設立,11508
61284546,高適高爾夫工作室,新北市八里區商港三路291號,高庭恩,200000,115/08/21,,,J802010 運動訓練業；J801030 競技及休閒運動場館業；J799990 其他休閒服務業；JE01010 租賃業；F106030 模具批發業；F104110 布疋、衣著、鞋、帽、傘、服飾品批發業；F204110 布疋、衣著、鞋、帽、傘、服飾品零售業；F209060 文教、樂器、育樂用品零售業；F401010 國際貿易業；F206010 五金零售業；ZZ99999 除許可業務外，得經營法令非禁止或限制之業務,新北市,設立,11508
61284551,小滿國際商行,新北市蘆洲區和平路116號,劉亞文,200000,115/08/21,,,F104110 布疋、衣著、鞋、帽、傘、服飾品批發業；F105050 家具、寢具、廚房器具、裝設品批發業；F106010 五金批發業；F106020 日常用品批發業；F107030 清潔用品批發業；F108040 化粧品批發業；F109070 文教、樂器、育樂用品批發業；F204110 布疋、衣著、鞋、帽、傘、服飾品零售業；F205040 家具、寢具、廚房器具、裝設品零售業；F206010 五金零售業；F206020 日常用品零售業；F207030 清潔用品零售業；F208040 化粧品零售業；F209060 文教、樂器、育樂用品零售業；F401010 國際貿易業；ZZ99999 除許可業務外，得經營法令非禁止或限制之業務,新北市,設立,11508
61284567,鑫美達廚藝生活館,新北市樹林區三福街70巷16號(1樓),羅文忠,200000,115/08/21,,,F105050 家具、寢具、廚房器具、裝設品批發業；F106010 五金批發業；E603130 燃氣熱水器承裝業；ZZ99999 除許可業務外，得經營法令非禁止或限制之業務,新北市,設立,11508
61284573,巨龍商行,新北市三重區中正北路15號4樓115年08月,蔡燿宇,150000,115/08/21,,,F399040 無店面零售業；ZZ99999 除許可業務外，得經營法令非禁止或限制之業務,新北市,設立,11508
61284588,新晨文創企業社,新北市中和區中山路2段332巷1號7樓115年08月,李依如,200000,115/08/21,,,I102010 一般投資顧問業；I401010 一般廣告服務業；I103060 管理顧問業；I301010 資訊軟體服務業；I301020 資料處理服務業；I301030 電子資訊供應服務業；I301060 網路廣告平臺業；I501010 產品設計業；IZ13010 網路認證服務業；J303010 雜誌（期刊）出版業；J304010 圖書出版業；J305010 有聲出版業；E601010 電器承裝業；E601020 電器安裝業；E603040 消防安全設備安裝工程業；E605010 電腦設備安裝業；F401010 國際貿易業；F104110 布疋、衣著、鞋、帽、傘、服飾品批發業；F109070 文教、樂器、育樂用品批發業；F118010 資訊軟體批發業；F119010 電子材料批發業；F399040 無店面零售業；F601010 智慧財產權業；J301010 報紙業；J302010 通訊稿業；J399010 軟體出版業；J601010 藝文服務業；JB01010 會議及展覽服務業；JD01010 工商徵信服務業；JZ99050 仲介服務業；I401020 廣告傳單分送業；IZ01010 影印業；IZ02010 打字業；IZ03010 剪報業；IZ04010 翻譯業；IZ10010 排版業；C701010 印刷業；C702010 製版業；C703010 印刷品裝訂及加工業；F106020 日常用品批發業；F107030 清潔用品批發業；F108040 化粧品批發業；F113020 電器批發業；F113030 精密儀器批發業；F113050 電腦及事務性機器設備批發業；F113070 電信器材批發業；F117010 消防安全設備批發業；F208040 化粧品零售業；F208050 乙類成藥零售業；F299990 其他零售業；F102170 食品什貨批發業；F213030 電腦及事務性機器設備零售業；F218010 資訊軟體零售業；ZZ99999 除許可業務外，得經營法令非禁止或限制之業務,新北市,設立,11508
61284594,景曜工程行,新北市板橋區富貴里三民路2段33號14樓,張瑋航,200000,115/08/21,,,F111090 建材批發業；F106010 五金批發業；EZ99990 其他工程業；IZ12010 人力派遣業；E607010 太陽熱能設備安裝工程業；JA02990 其他修理業；JA02010 電器及電子產品修理業；J101090 廢棄物清理業；J101030 廢棄物清除業；F399990 其他綜合零售業；F299990 其他零售業；F219010 電子材料零售業；F213060 電信器材零售業；F213010 電器零售業；E801010 室內裝潢業；E701040 簡易電信設備安裝業；E603100 電焊工程業；E603090 照明設備安裝工程業；E603050 自動控制設備工程業；E603040 消防安全設備安裝工程業；E603010 電纜安裝工程業；E601020 電器安裝業；E601010 電器承裝業；E599010 配管工程業；ZZ99999 除許可業務外，得經營法令非禁止或限制之業務,新北市,設立,11508
61284601,一花藝術教育工作室,新北市土城區員福街2號2樓,許家梅,230000,115/08/21,,,F109070 文教、樂器、育樂用品批發業；F209060 文教、樂器、育樂用品零售業；I501010 產品設計業；J601010 藝文服務業；JB01010 會議及展覽服務業；I105010 藝術品諮詢顧問業；ZZ99999 除許可業務外，得經營法令非禁止或限制之業務,新北市,設立,11508
61284617,萬澈工程行,新北市新莊區中央路562號2樓115年08月,吳秋凉,200000,115/08/21,,,E599010 配管工程業；E601020 電器安裝業；E603040 消防安全設備安裝工程業；E603090 照明設備安裝工程業；E801010 室內裝潢業；EZ05010 儀器、儀表安裝工程業；EZ15010 保溫、保冷安裝工程業；EZ99990 其他工程業；F117010 消防安全設備批發業；F120010 耐火材料批發業；F217010 消防安全設備零售業；F220010 耐火材料零售業；I599990 其他設計業；IF01010 消防安全設備檢修業；IZ12010 人力派遣業；ZZ99999 除許可業務外，得經營法令非禁止或限制之業務,新北市,設立,11508
61284623,森動皮毛養護工作室,新北市板橋區國光路67巷4號2樓,曾淑敏,100000,115/08/21,,,JZ99180 寵物美容服務業；F206050 寵物食品及其用品零售業；ZZ99999 除許可業務外，得經營法令非禁止或限制之業務,新北市,設立,11508
61284638,云靚設計,新北市淡水區學府路136巷68號13樓,吳柏樺,200000,115/08/21,,,I301060 網路廣告平臺業；I401010 一般廣告服務業；I401020 廣告傳單分送業；I501010 產品設計業；I503010 景觀設計業；I599990 其他設計業；I103060 管理顧問業；I301010 資訊軟體服務業；I301020 資料處理服務業；I301030 電子資訊供應服務業；E801010 室內裝潢業；J101010 建築物清潔服務業；JZ99030 攝影業；C110010 飲料製造業；C802090 清潔用品製造業；C802100 化粧品製造業；F102170 食品什貨批發業；F104110 布疋、衣著、鞋、帽、傘、服飾品批發業；F105050 家具、寢具、廚房器具、裝設品批發業；F106020 日常用品批發業；F203010 食品什貨、飲料零售業；F204110 布疋、衣著、鞋、帽、傘、服飾品零售業；F205040 家具、寢具、廚房器具、裝設品零售業；F206020 日常用品零售業；F399040 無店面零售業；F399990 其他綜合零售業；ZZ99999 除許可業務外，得經營法令非禁止或限制之業務,新北市,設立,11508
61284659,慶餘美妍企業社,新北市鶯歌區鳳七路302號115年08月,何昭榮,200000,115/08/21,,,JZ99080 美容美髮服務業,新北市,設立,11508
61284665,雨巫工作室,新北市樹林區中正路763號,林憶渝,200000,115/08/21,,,F109070 文教、樂器、育樂用品批發業；F113050 電腦及事務性機器設備批發業；F118010 資訊軟體批發業；F399040 無店面零售業；F601010 智慧財產權業；F209060 文教、樂器、育樂用品零售業；F213030 電腦及事務性機器設備零售業；F218010 資訊軟體零售業；F401010 國際貿易業；I103060 管理顧問業；I301010 資訊軟體服務業；I301020 資料處理服務業；I301030 電子資訊供應服務業；I401010 一般廣告服務業；I501010 產品設計業；IZ99990 其他工商服務業；J304010 圖書出版業；J399010 軟體出版業；JZ99050 仲介服務業；ZZ99999 除許可業務外，得經營法令非禁止或限制之業務,新北市,設立,11508
61284671,齊天工程行,新北市三峽區中園街58號3樓,吳勝銓,200000,115/08/21,,,E599010 配管工程業；E601020 電器安裝業；E603010 電纜安裝工程業；E903010 防蝕、防銹工程業；E901010 油漆工程業；EZ99990 其他工程業；IZ12010 人力派遣業；E801010 室內裝潢業；ZZ99999 除許可業務外，得經營法令非禁止或限制之業務,新北市,設立,11508
61284686,泡一下企業社,新北市新莊區建國一路34號（1樓）,吳權峰,200000,115/08/21,,,F501060 餐館業；F203010 食品什貨、飲料零售業；ZZ99999 除許可業務外，得經營法令非禁止或限制之業務,新北市,設立,11508
61284692,三峽椰來坊,新北市三峽區民族街15之1號115年08月,鄭錦杰,50000,115/08/21,,,F203010 食品什貨、飲料零售業,新北市,設立,11508
61284709,光之企業社,新北市三重區重新路2段78號15樓,葉薇依,200000,115/08/21,,,F104110 布疋、衣著、鞋、帽、傘、服飾品批發業；F105050 家具、寢具、廚房器具、裝設品批發業；F106010 五金批發業；F106020 日常用品批發業；F106070 祭祀用品批發業；F106060 寵物食品及其用品批發業；F107010 漆料、塗料批發業；F107030 清潔用品批發業；F110010 鐘錶批發業；F113020 電器批發業；F113050 電腦及事務性機器設備批發業；F115010 首飾及貴金屬批發業；F115020 礦石批發業；F203010 食品什貨、飲料零售業；F204110 布疋、衣著、鞋、帽、傘、服飾品零售業；F205040 家具、寢具、廚房器具、裝設品零售業；F206010 五金零售業；F206020 日常用品零售業；F207010 漆料、塗料零售業；F207030 清潔用品零售業；F208040 化粧品零售業；F210010 鐘錶零售業；F213010 電器零售業；F213030 電腦及事務性機器設備零售業；F210020 眼鏡零售業；F218010 資訊軟體零售業；E901010 油漆工程業；E903010 防蝕、防銹工程業；CA01050 鋼材二次加工業；E601020 電器安裝業；EZ15010 保溫、保冷安裝工程業；E599010 配管工程業；F401010 國際貿易業；F399040 無店面零售業；ZZ99999 除許可業務外，得經營法令非禁止或限制之業務；F215020 礦石零售業；F215010 首飾及貴金屬零售業；F206050 寵物食品及其用品零售業；F299990 其他零售業,新北市,設立,11508
61284715,即刻服飾行,新北市八里區龍形一街10號,陳羿伶,100000,115/08/21,,,F204110 布疋、衣著、鞋、帽、傘、服飾品零售業,新北市,設立,11508
61284721,日日洗衣店,新北市板橋區仁化街42巷21號,馮裕文,200000,115/08/21,,,JA03010 洗衣業；ZZ99999 除許可業務外，得經營法令非禁止或限制之業務,新北市,設立,11508
61284736,丰彥餐飲企業社,新北市新莊區泰順街46號115年08月,汪欣品,100000,115/08/21,,,F501060 餐館業；F501990 其他餐飲業,新北市,設立,11508
61284742,笙勝食品行,新北市五股區成泰路3段577巷80弄80號,劉承宥,200000,115/08/21,,,F102040 飲料批發業；F102170 食品什貨批發業；F203010 食品什貨、飲料零售業；F206020 日常用品零售業；F399040 無店面零售業；F399990 其他綜合零售業；F401010 國際貿易業；F501030 飲料店業；ZZ99999 除許可業務外，得經營法令非禁止或限制之業務,新北市,設立,11508
61284757,驛站檳榔,新北市板橋區萬安街20巷10弄18號(1樓),黃振亮,100000,115/08/21,,,F201990 其他農畜水產品零售業；F203010 食品什貨、飲料零售業；F203020 菸酒零售業,新北市,設立,11508
61284763,和楓食堂,新北市板橋區雙十路3段10巷13號(1樓),林猷竣,100000,115/08/21,,,F501060 餐館業,新北市,設立,11508
61284779,小倆口快炒店,新北市板橋區重慶路153號,周雅淑,10000,115/08/24,,,F203020 菸酒零售業；F501060 餐館業；F501030 飲料店業,新北市,設立,11508
61284784,玉昇早餐店,新北市樹林區中山路3段245號(1樓),柯佳昇,200000,115/08/24,,,F203010 食品什貨、飲料零售業；F501060 餐館業；ZZ99999 除許可業務外，得經營法令非禁止或限制之業務；F102170 食品什貨批發業；F106020 日常用品批發業；F105050 家具、寢具、廚房器具、裝設品批發業；F399990 其他綜合零售業；F501990 其他餐飲業；F501030 飲料店業,新北市,設立,11508
61284790,利實業社,新北市鶯歌區八德路2巷17號(2樓),田家豪,50000,115/08/24,,,F114030 汽、機車零件配備批發業；F399040 無店面零售業；ZZ99999 除許可業務外，得經營法令非禁止或限制之業務,新北市,設立,11508
61284807,陳品涼麵店,新北市新店區安康路2段245號,陳聖文,200000,115/08/24,,,F501060 餐館業,新北市,設立,11508
61284813,凱文小吃店,新北市板橋區四川路2段47巷1弄2號(1樓),邱靖凱,200000,115/08/24,,,F203010 食品什貨、飲料零售業；F501060 餐館業；ZZ99999 除許可業務外，得經營法令非禁止或限制之業務,新北市,設立,11508
61284829,黎艷越南牛肉河粉專門店,新北市永和區得和路105號(1樓) 115年08月,黎氏艷,200000,115/08/24,,,F501060 餐館業；F501030 飲料店業；F501990 其他餐飲業；F102040 飲料批發業；F102170 食品什貨批發業；F203010 食品什貨、飲料零售業；ZZ99999 除許可業務外，得經營法令非禁止或限制之業務,新北市,設立,11508
61284840,竣隆機電工程行,新北市土城區延壽路13巷36號4樓,蔡家隆,200000,115/08/24,,,ZZ99999 除許可業務外，得經營法令非禁止或限制之業務；E599010 配管工程業；E601010 電器承裝業；E601020 電器安裝業；E603010 電纜安裝工程業；E603040 消防安全設備安裝工程業；F106010 五金批發業；F106040 水器材料批發業；EZ99990 其他工程業；F107030 清潔用品批發業；F111090 建材批發業；F113020 電器批發業；F117010 消防安全設備批發業；F120010 耐火材料批發業；F206010 五金零售業；F207030 清潔用品零售業；F206040 水器材料零售業；F213010 電器零售業；F217010 消防安全設備零售業；F220010 耐火材料零售業；F401010 國際貿易業；IF01010 消防安全設備檢修業；J101010 建築物清潔服務業；J101030 廢棄物清除業,新北市,設立,11508
61284855,湘赫髮型,新北市新店區民權路62號2樓,賴涵蓁,100000,115/08/24,,,JZ99080 美容美髮服務業,新北市,設立,11508
61284861,鳥來姨小吃部,新北市土城區永平街19號(1樓),楊姍樺,15000,115/08/24,,,F501990 其他餐飲業,新北市,設立,11508
61284877,佐安企業社,新北市板橋區三民路2段33號14樓115年08月,董威佐,200000,115/08/24,,,F102170 食品什貨批發業；F203010 食品什貨、飲料零售業；I101090 食品顧問業；J601010 藝文服務業；J602010 演藝活動業；ZZ99999 除許可業務外，得經營法令非禁止或限制之業務,新北市,設立,11508
61284882,攜望工作室,新北市中和區中山路2段332巷1號7樓,涂睿煬,50000,115/08/24,,,F106010 五金批發業；F106020 日常用品批發業；F104110 布疋、衣著、鞋、帽、傘、服飾品批發業；F105050 家具、寢具、廚房器具、裝設品批發業；F106060 寵物食品及其用品批發業；F107030 清潔用品批發業；F107190 塑膠膜、袋批發業；F109070 文教、樂器、育樂用品批發業；F112030 木炭批發業；F113010 機械批發業；F113020 電器批發業；F113030 精密儀器批發業；F113050 電腦及事務性機器設備批發業；F113060 度量衡器批發業；F113070 電信器材批發業；F113990 其他機械器具批發業；F114010 汽車批發業；F114020 機車批發業；F114030 汽、機車零件配備批發業；F114040 自行車及其零件批發業；F114060 船舶及其零件批發業；F114990 其他交通運輸工具及其零件批發業；F116010 照相器材批發業；F202010 飼料零售業；F203010 食品什貨、飲料零售業；F206010 五金零售業；F206020 日常用品零售業；F206040 水器材料零售業；F207030 清潔用品零售業；F209060 文教、樂器、育樂用品零售業；F210010 鐘錶零售業；F212040 木炭零售業；F213080 機械器具零售業；ZZ99999 除許可業務外，得經營法令非禁止或限制之業務,新北市,設立,11508
61284898,龍大商行,新北市三重區重新路4段244巷45號(1樓),王欣梅,50000,115/08/24,,,F203010 食品什貨、飲料零售業；F501990 其他餐飲業,新北市,設立,11508
61284905,序力體能工作室,新北市中和區中山路2段332巷1號7樓,潘宇宏,200000,115/08/24,,,J802010 運動訓練業；ZZ99999 除許可業務外，得經營法令非禁止或限制之業務,新北市,設立,11508
61284911,富禾商行,新北市新店區安德街80號7樓115年08月,陳芊卉,200000,115/08/24,,,F399010 便利商店業,新北市,設立,11508
61284927,興龍工程行,新北市泰山區明志路2段7巷4號4樓,黃瑞龍,200000,115/08/24,,,E603040 消防安全設備安裝工程業；E599010 配管工程業；E603100 電焊工程業；F217010 消防安全設備零售業；I503010 景觀設計業；E603050 自動控制設備工程業；E603090 照明設備安裝工程業；F117010 消防安全設備批發業；F120010 耐火材料批發業；JA02010 電器及電子產品修理業；IF01010 消防安全設備檢修業；IB01010 建築物公共安全檢查業；F113020 電器批發業；F106040 水器材料批發業；F106010 五金批發業；F119010 電子材料批發業；F111090 建材批發業；F113010 機械批發業；F113050 電腦及事務性機器設備批發業；E601010 電器承裝業；E601020 電器安裝業；E603010 電纜安裝工程業；EZ99990 其他工程業；F401010 國際貿易業；F399040 無店面零售業；ZZ99999 除許可業務外，得經營法令非禁止或限制之業務,新北市,設立,11508
61284932,京田津串燒舖,新北市淡水區中山北路1段149巷39號(1樓),林嘉彬,200000,115/08/24,,,F501060 餐館業；F203010 食品什貨、飲料零售業；F501030 飲料店業；ZZ99999 除許可業務外，得經營法令非禁止或限制之業務,新北市,設立,11508
61284948,舶晶商行,新北市新店區二十張路105巷9號(1樓),廖素蓮,100000,115/08/24,,,F203010 食品什貨、飲料零售業；F206020 日常用品零售業；ZZ99999 除許可業務外，得經營法令非禁止或限制之業務,新北市,設立,11508
61284953,永帥工程行,新北市三峽區介壽里大同路39巷1號7樓之2,陳永慶,100000,115/08/25,,,EZ99990 其他工程業；E801030 室內輕鋼架工程業；E801020 門窗安裝工程業,新北市,設立,11508
61284969,阿喵串燒,新北市新莊區中正路403號,簡偉全,100000,115/08/25,,,F501060 餐館業,新北市,設立,11508
61284975,緞帶美學工作室,新北市蘆洲區三民路153號4樓,陳怡安,20000,115/08/25,,,JZ99080 美容美髮服務業；I599990 其他設計業；F208040 化粧品零售業,新北市,設立,11508
61284980,澎大爺企業社,新北市新莊區中港路719號（1樓）,王怡雯,100000,115/08/25,,,F203010 食品什貨、飲料零售業；F501060 餐館業；F501030 飲料店業；ZZ99999 除許可業務外，得經營法令非禁止或限制之業務,新北市,設立,11508
61284996,嵐意企業社,新北市永和區中和路335巷20弄6號3樓115年08月,羅毅寧,200000,115/08/25,,,F399010 便利商店業；ZZ99999 除許可業務外，得經營法令非禁止或限制之業務,新北市,設立,11508
61285003,甄品食堂,新北市板橋區莊敬路246號,俞雅文,200000,115/08/25,,,F203010 食品什貨、飲料零售業；F501060 餐館業；F399040 無店面零售業；ZZ99999 除許可業務外，得經營法令非禁止或限制之業務,新北市,設立,11508
61285019,軒禾商行,新北市板橋區文化路2段182巷3弄16號（1樓）,林丞軒,100000,115/08/25,,,F501060 餐館業；F501030 飲料店業；F203010 食品什貨、飲料零售業；F299990 其他零售業；F399040 無店面零售業；F201010 農產品零售業；ZZ99999 除許可業務外，得經營法令非禁止或限制之業務,新北市,設立,11508
61285025,聲根米吉林文化工作室,新北市新店區竹林路2巷29弄9號5樓,王書瑜,200000,115/08/25,,,I301010 資訊軟體服務業；I301030 電子資訊供應服務業；IZ04010 翻譯業；J303010 雜誌（期刊）出版業；J305010 有聲出版業；J399010 軟體出版業；J399990 其他出版業；J503010 廣播節目製作業；J503030 廣播電視節目發行業；J601010 藝文服務業；J604010 聲音錄製及音樂發行業；ZZ99999 除許可業務外，得經營法令非禁止或限制之業務,新北市,設立,11508
61285030,架厲害企業社,新北市泰山區明志路1段20之16號9樓,張麗枝,200000,115/08/25,,,F114030 汽、機車零件配備批發業；F214030 汽、機車零件配備零售業；F299990 其他零售業；F401010 國際貿易業；ZZ99999 除許可業務外，得經營法令非禁止或限制之業務,新北市,設立,11508
61285046,極碼科技工作室,新北市深坑區風格街12號3樓115年08月,施彥君,50000,115/08/25,,,ZZ99999 除許可業務外，得經營法令非禁止或限制之業務；I301010 資訊軟體服務業；I301030 電子資訊供應服務業；I401010 一般廣告服務業；I301020 資料處理服務業；F399040 無店面零售業；I301040 第三方支付服務業,新北市,設立,11508
61285051,程龍企業社,新北市蘆洲區民生街107巷3號2樓,詹秀蘭,200000,115/08/25,,,F113110 電池批發業；F114030 汽、機車零件配備批發業；F114040 自行車及其零件批發業；F114050 車胎批發業；F114080 軌道車輛及其零件批發業；F114990 其他交通運輸工具及其零件批發業；F119010 電子材料批發業；F120010 耐火材料批發業；F213110 電池零售業；F214010 汽車零售業；F214030 汽、機車零件配備零售業；F214040 自行車及其零件零售業；F214050 車胎零售業；F214080 軌道車輛及其零件零售業；F214990 其他交通運輸工具及其零件零售業；F219010 電子材料零售業；F220010 耐火材料零售業；F299990 其他零售業；F399040 無店面零售業；F601010 智慧財產權業；JA01010 汽車修理業；JA01020 汽車拖吊業；JA01990 其他汽車服務業；JA02020 機車修理業；JA02030 自行車修理業；JA02990 其他修理業；F401010 國際貿易業；CA04010 表面處理業；ZZ99999 除許可業務外，得經營法令非禁止或限制之業務,新北市,設立,11508
61285067,宥承紙器企業社,新北市中和區立德街200巷36號3樓115年08月,賴宥廷,200000,115/08/25,,,C601030 紙容器製造業；C601040 加工紙製造業；C601990 其他紙製品製造業；C703010 印刷品裝訂及加工業；F107190 塑膠膜、袋批發業；F199990 其他批發業；F299990 其他零售業；IZ06010 理貨包裝業；ZZ99999 除許可業務外，得經營法令非禁止或限制之業務,新北市,設立,11508
61285073,橙昕商行,新北市中和區中正路716號10樓之1,張春子,200000,115/08/25,,,F108040 化粧品批發業；F208040 化粧品零售業；F208050 乙類成藥零售業；F104110 布疋、衣著、鞋、帽、傘、服飾品批發業；F105050 家具、寢具、廚房器具、裝設品批發業；F204110 布疋、衣著、鞋、帽、傘、服飾品零售業；F205040 家具、寢具、廚房器具、裝設品零售業；F106020 日常用品批發業；F102050 茶葉批發業；F106010 五金批發業；F206010 五金零售業；F206020 日常用品零售業；F209060 文教、樂器、育樂用品零售業；F219010 電子材料零售業；F399040 無店面零售業；F399990 其他綜合零售業；F401010 國際貿易業；I501010 產品設計業；I502010 服飾設計業；I599990 其他設計業；F203010 食品什貨、飲料零售業；F203020 菸酒零售業；F102170 食品什貨批發業；ZZ99999 除許可業務外，得經營法令非禁止或限制之業務,新北市,設立,11508
61285088,馥日企業社,新北市新莊區中正路新雅巷19號(1樓),林郁婷,200000,115/08/25,,,C104020 烘焙炊蒸食品製造業；F203010 食品什貨、飲料零售業；ZZ99999 除許可業務外，得經營法令非禁止或限制之業務,新北市,設立,11508
61285094,皇開裝潢工程行,新北市土城區延和路39巷30號13樓,李素枝,200000,115/08/25,,,E601020 電器安裝業；E603090 照明設備安裝工程業；E801010 室內裝潢業；E801020 門窗安裝工程業；E801030 室內輕鋼架工程業；E801070 廚具、衛浴設備安裝工程業；E901010 油漆工程業；ZZ99999 除許可業務外，得經營法令非禁止或限制之業務,新北市,設立,11508
61285101,小李仙雞溫體土雞專門店,新北市林口區文化二路1段68巷12之7號,李文勝,500000,115/08/25,,,F201020 畜產品零售業；F501060 餐館業,新北市,設立,11508
61285117,匹克公主運動工作室,新北市土城區千歲路27號115年08月,梁宸浩,235000,115/08/25,,,J801030 競技及休閒運動場館業；J802010 運動訓練業；I199990 其他顧問服務業；F401010 國際貿易業；I301010 資訊軟體服務業；I103060 管理顧問業；F209060 文教、樂器、育樂用品零售業；F203010 食品什貨、飲料零售業；F204110 布疋、衣著、鞋、帽、傘、服飾品零售業；F206020 日常用品零售業；F299990 其他零售業；IZ99990 其他工商服務業；ZZ99999 除許可業務外，得經營法令非禁止或限制之業務,新北市,設立,11508
61285123,斜方怪獸工作室,新北市三重區中正南路94巷6弄3號3樓,楊力宇,50000,115/08/25,,,J802010 運動訓練業；I199990 其他顧問服務業；ZZ99999 除許可業務外，得經營法令非禁止或限制之業務,新北市,設立,11508
61285138,開心果好物商行,新北市新莊區富貴路500號4樓,黃玉鈴,100000,115/08/25,,,F399040 無店面零售業；I401010 一般廣告服務業；I199990 其他顧問服務業；ZZ99999 除許可業務外，得經營法令非禁止或限制之業務,新北市,設立,11508
61285159,和旺手機配件行,新北市中和區民安街11號,王若雅,200000,115/08/25,,,F213060 電信器材零售業；F207190 塑膠膜、袋零售業；ZZ99999 除許可業務外，得經營法令非禁止或限制之業務；F207990 其他化學製品零售業；F299990 其他零售業；JZ99990 未分類其他服務業；F206020 日常用品零售業；F399040 無店面零售業；F401010 國際貿易業；I501010 產品設計業；I401010 一般廣告服務業；I103060 管理顧問業；F213110 電池零售業；F219010 電子材料零售業,新北市,設立,11508
61285165,鑫嬌雜貨店,新北市土城區延安街5號,范翠嬌,200000,115/08/25,,,F203010 食品什貨、飲料零售業；F206020 日常用品零售業,新北市,設立,11508
61285171,湘維藝品服裝設計,新北市中和區建八路202號12樓115年08月,何湘嵐,200000,115/08/25,,,F104110 布疋、衣著、鞋、帽、傘、服飾品批發業；F105050 家具、寢具、廚房器具、裝設品批發業；F106020 日常用品批發業；F107030 清潔用品批發業；F108040 化粧品批發業；F109070 文教、樂器、育樂用品批發業；F115010 首飾及貴金屬批發業；F199990 其他批發業；F204110 布疋、衣著、鞋、帽、傘、服飾品零售業；F205040 家具、寢具、廚房器具、裝設品零售業；F206020 日常用品零售業；F207030 清潔用品零售業；F208040 化粧品零售業；F209060 文教、樂器、育樂用品零售業；F215010 首飾及貴金屬零售業；F299990 其他零售業；F399040 無店面零售業；F399990 其他綜合零售業；F401010 國際貿易業；ZZ99999 除許可業務外，得經營法令非禁止或限制之業務；I501010 產品設計業；I502010 服飾設計業；I599990 其他設計業,新北市,設立,11508
61285186,鼎鈞工程行,新北市三峽區介壽路1段276巷108弄4號5樓,林登凱,200000,115/08/25,,,E599010 配管工程業；E601010 電器承裝業；E601020 電器安裝業；E603040 消防安全設備安裝工程業；E603090 照明設備安裝工程業；E801010 室內裝潢業；F106040 水器材料批發業；F113020 電器批發業,新北市,設立,11508
61285192,德融企業社,新北市鶯歌區大湖路109巷1號,陳松德,200000,115/08/25,,,F111090 建材批發業；F114030 汽、機車零件配備批發業；F211010 建材零售業；F214010 汽車零售業；F214030 汽、機車零件配備零售業；F219010 電子材料零售業；F401010 國際貿易業；ZZ99999 除許可業務外，得經營法令非禁止或限制之業務,新北市,設立,11508
61285209,好舜商行,新北市新莊區豐盛一街16號15樓,郭紋豪,200000,115/08/25,,,F399010 便利商店業；IZ06010 理貨包裝業；IZ12010 人力派遣業；IZ99990 其他工商服務業；F399040 無店面零售業；ZZ99999 除許可業務外，得經營法令非禁止或限制之業務,新北市,設立,11508
61285215,馬來鄉村料理店,新北市三重區重新路5段609巷20號9樓之2,陳照玉,100000,115/08/25,,,F102020 食用油脂批發業；F102030 菸酒批發業；F102040 飲料批發業；F102050 茶葉批發業；F102170 食品什貨批發業；F102180 酒精批發業；F203010 食品什貨、飲料零售業；F203020 菸酒零售業；F399040 無店面零售業；F401010 國際貿易業；F501030 飲料店業；F501060 餐館業；F501990 其他餐飲業；I101090 食品顧問業；I199990 其他顧問服務業；ZZ99999 除許可業務外，得經營法令非禁止或限制之業務,新北市,設立,11508
61285221,野家雞肉飯,新北市新莊區建國一路26號(1樓) 115年08月,林承暐,50000,115/08/25,,,F501060 餐館業；F501990 其他餐飲業；ZZ99999 除許可業務外，得經營法令非禁止或限制之業務,新北市,設立,11508
61285236,多采行動生活館,新北市汐止區福德一路86巷28號,林侑成,100000,115/08/25,,,E605010 電腦設備安裝業；F213030 電腦及事務性機器設備零售業；F213060 電信器材零售業；F213110 電池零售業；F218010 資訊軟體零售業；F219010 電子材料零售業；F399040 無店面零售業；I301010 資訊軟體服務業；I301020 資料處理服務業；I301030 電子資訊供應服務業；JA02010 電器及電子產品修理業；ZZ99999 除許可業務外，得經營法令非禁止或限制之業務,新北市,設立,11508
61285242,碩珉選物販賣,新北市新莊區民樂街53號,周碩珉,60000,115/08/27,,,F209060 文教、樂器、育樂用品零售業；ZZ99999 除許可業務外，得經營法令非禁止或限制之業務,新北市,設立,11508
61285257,廣合金賀夾商行,新北市板橋區廣和街73號,劉至哲,100000,115/08/27,,,F209060 文教、樂器、育樂用品零售業；F213990 其他機械器具零售業；JE01010 租賃業；J799990 其他休閒服務業；JZ99990 未分類其他服務業；F399040 無店面零售業；ZZ99999 除許可業務外，得經營法令非禁止或限制之業務,新北市,設立,11508
61285263,威斯特汽車美容工坊,新北市泰山區台麗街18號（1樓）,洪振瑋,80000,115/08/25,,,JA01990 其他汽車服務業,新北市,設立,11508
61285279,境信食品機械行,新北市板橋區三民路1段1巷27號,戴永賢,200000,115/08/25,,,F113010 機械批發業；F213080 機械器具零售業；F206010 五金零售業；F401010 國際貿易業；E604010 機械安裝業；ZZ99999 除許可業務外，得經營法令非禁止或限制之業務,新北市,設立,11508
61285284,李江企業社,新北市板橋區四維路269巷63號,李宇文,200000,115/08/25,,,F215010 首飾及貴金屬零售業；F215020 礦石零售業；F399040 無店面零售業；ZZ99999 除許可業務外，得經營法令非禁止或限制之業務,新北市,設立,11508
61285290,文佑企業社,新北市板橋區四維路269巷63號,李宇文,200000,115/08/25,,,F215010 首飾及貴金屬零售業；F215020 礦石零售業；F399040 無店面零售業；ZZ99999 除許可業務外，得經營法令非禁止或限制之業務,新北市,設立,11508
61285307,咪嚕嚕選物工作室,新北市板橋區莊敬路25巷21號2樓115年08月,曾小珈,180000,115/08/25,,,F399040 無店面零售業；F203010 食品什貨、飲料零售業；F204110 布疋、衣著、鞋、帽、傘、服飾品零售業；F206020 日常用品零售業；F208050 乙類成藥零售業,新北市,設立,11508
61285313,宏裕健康企業社,新北市樹林區大義路206號,何俊璋,100000,115/08/25,,,F203010 食品什貨、飲料零售業；F399040 無店面零售業；F299990 其他零售業；F102040 飲料批發業；F102170 食品什貨批發業；F108040 化粧品批發業；F206020 日常用品零售業；F401010 國際貿易業；ZZ99999 除許可業務外，得經營法令非禁止或限制之業務,新北市,設立,11508
61285329,順鑫企業社,新北市蘆洲區信義路355號(1樓),林怡汝,100000,115/08/25,,,F204110 布疋、衣著、鞋、帽、傘、服飾品零售業；F206020 日常用品零售業；F203010 食品什貨、飲料零售業；F399040 無店面零售業；F106020 日常用品批發業；F399990 其他綜合零售業；F401010 國際貿易業；ZZ99999 除許可業務外，得經營法令非禁止或限制之業務,新北市,設立,11508
61285334,榕璟工作室,新北市新店區安康路2段206巷18號11樓之1,郭晉榕,20000,115/08/25,,,I199990 其他顧問服務業；I599990 其他設計業；I401010 一般廣告服務業；JB01010 會議及展覽服務業；J602010 演藝活動業；J601010 藝文服務業；I502010 服飾設計業；JZ99030 攝影業；J401010 電影片製作業；ZZ99999 除許可業務外，得經營法令非禁止或限制之業務；I103060 管理顧問業；JE01010 租賃業；F204110 布疋、衣著、鞋、帽、傘、服飾品零售業,新北市,設立,11508
61285340,初誠企業社,新北市永和區永和路2段57號7樓,陳昱如,30000,115/08/25,,,I301020 資料處理服務業；I103060 管理顧問業；I199990 其他顧問服務業；IZ99990 其他工商服務業；JZ99990 未分類其他服務業；I301010 資訊軟體服務業；F399040 無店面零售業；IZ12010 人力派遣業；IZ01010 影印業；IZ02010 打字業；F106020 日常用品批發業；F109070 文教、樂器、育樂用品批發業；ZZ99999 除許可業務外，得經營法令非禁止或限制之業務,新北市,設立,11508
61285355,毛毛模玩坊,新北市淡水區大忠街41巷10號5樓115年08月,李靖翔,50000,115/08/25,,,F209060 文教、樂器、育樂用品零售業；F299990 其他零售業；F399040 無店面零售業；ZZ99999 除許可業務外，得經營法令非禁止或限制之業務,新北市,設立,11508
61285361,莊格子工作室,新北市板橋區溪福里金門街369巷26號6樓之1,莊容恩,200000,115/08/26,,,I199990 其他顧問服務業；I401010 一般廣告服務業；JZ99050 仲介服務業；J101010 建築物清潔服務業；ZZ99999 除許可業務外，得經營法令非禁止或限制之業務,新北市,設立,11508
61285377,日華朵創藝工作室,新北市新店區安興路109號5樓之6,賀芊瑜,240000,115/08/25,,,JZ99080 美容美髮服務業；J404050 電影特效製作業；JZ99030 攝影業；I599990 其他設計業；I502010 服飾設計業；I199990 其他顧問服務業；JE01010 租賃業；F208040 化粧品零售業；F204110 布疋、衣著、鞋、帽、傘、服飾品零售業；F299990 其他零售業；F399040 無店面零售業；ZZ99999 除許可業務外，得經營法令非禁止或限制之業務,新北市,設立,11508
61285382,媽媽傳承味企業社,新北市淡水區大義街47號5樓,李天送,100000,115/08/25,,,F203010 食品什貨、飲料零售業；F399040 無店面零售業；C110010 飲料製造業；F204110 布疋、衣著、鞋、帽、傘、服飾品零售業；F206020 日常用品零售業；F209060 文教、樂器、育樂用品零售業；F399990 其他綜合零售業；F501030 飲料店業；ZZ99999 除許可業務外，得經營法令非禁止或限制之業務,新北市,設立,11508
61285398,三峽金好佳小吃部,新北市三峽區和平街95號(1樓),江顯泰,100000,115/08/25,,,F501060 餐館業；ZZ99999 除許可業務外，得經營法令非禁止或限制之業務,新北市,設立,11508
61285405,紅魔數位工作室,新北市林口區公園路203號10樓之1至之2,陳彥佶,200000,115/08/26,,,J399010 軟體出版業；F118010 資訊軟體批發業；F213030 電腦及事務性機器設備零售業；F218010 資訊軟體零售業；F399040 無店面零售業；F401010 國際貿易業；I301010 資訊軟體服務業；I301020 資料處理服務業；I301030 電子資訊供應服務業；I401010 一般廣告服務業；I501010 產品設計業；I599990 其他設計業；I103060 管理顧問業；I199990 其他顧問服務業；ZZ99999 除許可業務外，得經營法令非禁止或限制之業務,新北市,設立,11508
61285411,金續行,新北市蘆洲區永安南路2段60之2號6樓115年08月,陳昭欽,200000,115/08/26,,,F399010 便利商店業；IZ12010 人力派遣業；IZ06010 理貨包裝業；IZ99990 其他工商服務業；F399040 無店面零售業；ZZ99999 除許可業務外，得經營法令非禁止或限制之業務,新北市,設立,11508
61285427,曉桃美容坊,新北市三重區龍門路62號(1樓),陶氏睿,100000,115/08/26,,,JZ99080 美容美髮服務業；F108040 化粧品批發業；F208040 化粧品零售業；I199990 其他顧問服務業；F401010 國際貿易業；ZZ99999 除許可業務外，得經營法令非禁止或限制之業務,新北市,設立,11508
61285432,建言企業社,新北市永和區店街里福和路305號（1樓）,劉建廷,200000,115/08/26,,,F501030 飲料店業；ZZ99999 除許可業務外，得經營法令非禁止或限制之業務,新北市,設立,11508
61285448,中鴻集運企業社,新北市新莊區新樹路771號3樓,李綜祐,200000,115/08/26,,,F399040 無店面零售業；F401010 國際貿易業；G799990 其他運輸輔助業；G801010 倉儲業；I301010 資訊軟體服務業；IZ06010 理貨包裝業；ZZ99999 除許可業務外，得經營法令非禁止或限制之業務,新北市,設立,11508
61285453,喵喵服裝店,新北市樹林區東大街126號(2樓),楊靜緹,200000,115/08/26,,,F399040 無店面零售業,新北市,設立,11508
61285469,福馨商貿行,新北市中和區壽德街15號6樓之2,鍾毓芬,200000,115/08/26,,,F115010 首飾及貴金屬批發業；F215010 首飾及貴金屬零售業；F215020 礦石零售業；F104110 布疋、衣著、鞋、帽、傘、服飾品批發業；F204110 布疋、衣著、鞋、帽、傘、服飾品零售業；F106020 日常用品批發業；F206020 日常用品零售業；F199990 其他批發業；F299990 其他零售業；F399040 無店面零售業；F401010 國際貿易業；ZZ99999 除許可業務外，得經營法令非禁止或限制之業務,新北市,設立,11508
61285475,夏綠蒂服飾店,新北市淡水區中山路75號,吳玉珠,50000,115/08/26,,,F204110 布疋、衣著、鞋、帽、傘、服飾品零售業,新北市,設立,11508
61285480,宇宙企業社,新北市八里區中山路2段447巷19號7樓,林宇濂,200000,115/08/26,,,I401010 一般廣告服務業；F111090 建材批發業；F117010 消防安全設備批發業；F106010 五金批發業；H701020 工業廠房開發租售業；ZZ99999 除許可業務外，得經營法令非禁止或限制之業務,新北市,設立,11508
61285496,貝羚工作室,新北市土城區裕民路188號2樓115年08月,陳子熙,50000,115/08/26,,,JZ99080 美容美髮服務業；ZZ99999 除許可業務外，得經營法令非禁止或限制之業務,新北市,設立,11508
61285502,碩展工程行,新北市鶯歌區中正三路137號10樓,林坤志,200000,115/08/26,,,E901010 油漆工程業；E599010 配管工程業；E601010 電器承裝業；E601020 電器安裝業；E603010 電纜安裝工程業；E603040 消防安全設備安裝工程業；E603050 自動控制設備工程業；E603090 照明設備安裝工程業；E604010 機械安裝業；E801070 廚具、衛浴設備安裝工程業；EZ05010 儀器、儀表安裝工程業；EZ99990 其他工程業；E801010 室內裝潢業；E801020 門窗安裝工程業；E801030 室內輕鋼架工程業；E801040 玻璃安裝工程業；F106010 五金批發業；F107010 漆料、塗料批發業；F111090 建材批發業；F113020 電器批發業；F106040 水器材料批發業；F113050 電腦及事務性機器設備批發業；F119010 電子材料批發業；F206010 五金零售業；F207010 漆料、塗料零售業；F211010 建材零售業；F213010 電器零售業；F206040 水器材料零售業；F213080 機械器具零售業；F219010 電子材料零售業；F401010 國際貿易業；CC01110 電腦及其週邊設備製造業；ZZ99999 除許可業務外，得經營法令非禁止或限制之業務,新北市,設立,11508
61285518,萬解藝境企業社,新北市蘆洲區復興路105巷7號(1樓) 115年08月,陳東瀚,88888,115/08/26,,,J601010 藝文服務業；CN01010 家具及裝設品製造業；CZ99990 未分類其他工業製品製造業；E801010 室內裝潢業；E903010 防蝕、防銹工程業；E901010 油漆工程業；EZ99990 其他工程業；F205040 家具、寢具、廚房器具、裝設品零售業；F206010 五金零售業；I501010 產品設計業；I502010 服飾設計業；I503010 景觀設計業；I599990 其他設計業；JZ99990 未分類其他服務業；F209060 文教、樂器、育樂用品零售業；JE01010 租賃業,新北市,設立,11508
61285524,萬誠水電工程,新北市八里區中山路2段303巷7號6樓,吳明哲,200000,115/08/26,,,E599010 配管工程業；E601010 電器承裝業；E601020 電器安裝業；E603040 消防安全設備安裝工程業；E603090 照明設備安裝工程業；E701040 簡易電信設備安裝業；E801010 室內裝潢業；E801030 室內輕鋼架工程業；E801070 廚具、衛浴設備安裝工程業；E901010 油漆工程業；E903010 防蝕、防銹工程業；F107010 漆料、塗料批發業；F206040 水器材料零售業；F213010 電器零售業；CA01050 鋼材二次加工業；CA02010 金屬結構及建築組件製造業；ZZ99999 除許可業務外，得經營法令非禁止或限制之業務；EZ99990 其他工程業,新北市,設立,11508
61285539,阿呆涼麵,新北市新莊區自信街4號(1樓),林永富,100000,115/08/26,,,F501060 餐館業,新北市,設立,11508
61285545,凱恩斯團購商行,新北市永和區保福路2段56之1號,馬國勇,200000,115/08/26,,,F203010 食品什貨、飲料零售業；F206010 五金零售業；F206020 日常用品零售業；F399990 其他綜合零售業；F201990 其他農畜水產品零售業；ZZ99999 除許可業務外，得經營法令非禁止或限制之業務；F206050 寵物食品及其用品零售業；F209060 文教、樂器、育樂用品零售業；F207030 清潔用品零售業；F219010 電子材料零售業；F213010 電器零售業；F205040 家具、寢具、廚房器具、裝設品零售業；F201010 農產品零售業；F204110 布疋、衣著、鞋、帽、傘、服飾品零售業；F213030 電腦及事務性機器設備零售業,新北市,設立,11508
61285550,高光時刻創意工作室,新北市三重區永福街46巷41弄49號4樓115年08月,陳光彥,150000,115/08/26,,,JZ99030 攝影業；JZ99090 喜慶綜合服務業；F102030 菸酒批發業；F102040 飲料批發業；F102170 食品什貨批發業；F102180 酒精批發業；F203010 食品什貨、飲料零售業；F203020 菸酒零售業；F203030 酒精零售業；F399040 無店面零售業；F501030 飲料店業；F501990 其他餐飲業；J101010 建築物清潔服務業；JA02010 電器及電子產品修理業；JE01010 租賃業；ZZ99999 除許可業務外，得經營法令非禁止或限制之業務,新北市,設立,11508
61285566,云禾美學工作室,新北市蘆洲區中興街173號6樓,張馨云,150000,115/08/26,,,JZ99080 美容美髮服務業,新北市,設立,11508
61285572,上品社,新北市中和區中原里立德街195號5樓,葉瓊雅,100000,115/08/26,,,F102170 食品什貨批發業；F203010 食品什貨、飲料零售業；JZ99050 仲介服務業；I301030 電子資訊供應服務業；ZZ99999 除許可業務外，得經營法令非禁止或限制之業務,新北市,設立,11508
61285587,永禾依工作室,新北市板橋區民生路3段315號8樓,董仲濤,200000,115/08/26,,,F399040 無店面零售業；ZZ99999 除許可業務外，得經營法令非禁止或限制之業務,新北市,設立,11508
61285593,豪滿企業社,新北市三重區集賢路41號11樓,賴建豪,50000,115/08/26,,,F119010 電子材料批發業；F219010 電子材料零售業；F106020 日常用品批發業；F113990 其他機械器具批發業；F107200 化學原料批發業；F107990 其他化學製品批發業；F399040 無店面零售業；F199990 其他批發業；F401010 國際貿易業；ZZ99999 除許可業務外，得經營法令非禁止或限制之業務,新北市,設立,11508
61285600,匠仁工程行,新北市八里區頂寮五街7號6樓之3,張嘉甄,200000,115/08/26,,,E801010 室內裝潢業；E801030 室內輕鋼架工程業；E801020 門窗安裝工程業；E901010 油漆工程業；E601020 電器安裝業；E801070 廚具、衛浴設備安裝工程業；EZ99990 其他工程業；E601010 電器承裝業；F111090 建材批發業；F211010 建材零售業；F106040 水器材料批發業；F206040 水器材料零售業；IZ12010 人力派遣業,新北市,設立,11508
61285616,津苑商行,新北市永和區永和路1段18巷2號4樓之4,陳雅慧,200000,115/08/26,,,F399010 便利商店業；ZZ99999 除許可業務外，得經營法令非禁止或限制之業務,新北市,設立,11508
61285622,鴻康娃娃屋,新北市中和區景新街367號(1樓),李鴻康,100000,115/08/28,,,F209060 文教、樂器、育樂用品零售業,新北市,設立,11508
61285637,沐畂企業社,新北市樹林區東陽里鎮前街457號9樓之1,潘畇沄,100000,115/08/26,,,F204110 布疋、衣著、鞋、帽、傘、服飾品零售業；F208040 化粧品零售業；F203010 食品什貨、飲料零售業；F399040 無店面零售業；ZZ99999 除許可業務外，得經營法令非禁止或限制之業務,新北市,設立,11508
61285643,爐火純菁商行,新北市鶯歌區永和街113號(1樓),林慧菁,100000,115/08/26,,,F501060 餐館業,新北市,設立,11508
61285658,樂樂家企業社,新北市永和區永和路2段57號7樓115年08月,張紀德,20000,115/08/27,,,J101010 建築物清潔服務業；J101080 資源回收業；I301010 資訊軟體服務業；I301030 電子資訊供應服務業；ZZ99999 除許可業務外，得經營法令非禁止或限制之業務,新北市,設立,11508
61285664,蘊晨國際企業社,新北市新店區安興路125之2號6樓,蔡佳容,20000,115/08/27,,,F102170 食品什貨批發業；F104110 布疋、衣著、鞋、帽、傘、服飾品批發業；F105050 家具、寢具、廚房器具、裝設品批發業；F106020 日常用品批發業；F109070 文教、樂器、育樂用品批發業；F115020 礦石批發業；F115010 首飾及貴金屬批發業；F199990 其他批發業；F203010 食品什貨、飲料零售業；F205040 家具、寢具、廚房器具、裝設品零售業；F207020 染料、顏料零售業；F209060 文教、樂器、育樂用品零售業；F215010 首飾及貴金屬零售業；F215020 礦石零售業；F299990 其他零售業；ZZ99999 除許可業務外，得經營法令非禁止或限制之業務；I199990 其他顧問服務業,新北市,設立,11508
61285670,尚顥企業社,新北市蘆洲區民族路450號8樓115年08月,陳雅惠,200000,115/08/27,,,E599010 配管工程業；E603090 照明設備安裝工程業；E603100 電焊工程業；E801020 門窗安裝工程業；E801030 室內輕鋼架工程業；E801040 玻璃安裝工程業；E901010 油漆工程業；EZ99990 其他工程業；F106010 五金批發業；F113010 機械批發業；F113020 電器批發業；F113990 其他機械器具批發業；F213010 電器零售業；F401010 國際貿易業；ZZ99999 除許可業務外，得經營法令非禁止或限制之業務,新北市,設立,11508
61285685,忠雅工程行,新北市中和區中山路3段136巷127號9樓115年08月,張嘉瑋,200000,115/08/27,,,E599010 配管工程業；E601010 電器承裝業；E601020 電器安裝業；E603050 自動控制設備工程業；E603080 交通號誌安裝工程業；E603090 照明設備安裝工程業；E604010 機械安裝業；E607010 太陽熱能設備安裝工程業；E801010 室內裝潢業；E801020 門窗安裝工程業；E801030 室內輕鋼架工程業；E801040 玻璃安裝工程業；E801070 廚具、衛浴設備安裝工程業；E901010 油漆工程業；E903010 防蝕、防銹工程業；EZ06010 交通標示工程業；EZ07010 鑽孔工程業；EZ99990 其他工程業；F106010 五金批發業；F106040 水器材料批發業；F107010 漆料、塗料批發業；F111090 建材批發業；F113010 機械批發業；F113020 電器批發業；F113990 其他機械器具批發業；F114990 其他交通運輸工具及其零件批發業；F119010 電子材料批發業；F120010 耐火材料批發業；F206010 五金零售業；F206040 水器材料零售業；F207010 漆料、塗料零售業；F211010 建材零售業；F213010 電器零售業；F213990 其他機械器具零售業；F214990 其他交通運輸工具及其零件零售業；F217010 消防安全設備零售業；F219010 電子材料零售業；F220010 耐火材料零售業；F399040 無店面零售業；F601010 智慧財產權業；I102010 一般投資顧問業；I103060 管理顧問業；I401010 一般廣告服務業；I503010 景觀設計業；I504010 花藝設計業；I599990 其他設計業；IB01010 建築物公共安全檢查業；I501010 產品設計業；IZ12010 人力派遣業；IZ99990 其他工商服務業；J101010 建築物清潔服務業；J101030 廢棄物清除業；JA02010 電器及電子產品修理業；JE01010 租賃業；A102080 園藝服務業；F401010 國際貿易業；ZZ99999 除許可業務外，得經營法令非禁止或限制之業務,新北市,設立,11508
61285691,璟葳生活館,新北市板橋區長江路2段259號（1樓）,蔡漢霖,200000,115/08/27,,,F203010 食品什貨、飲料零售業；F209060 文教、樂器、育樂用品零售業；JE01010 租賃業；ZZ99999 除許可業務外，得經營法令非禁止或限制之業務,新北市,設立,11508
61285708,舞鮮集商行,新北市板橋區僑中一街124巷18弄23號2樓,賴奇聖,200000,115/08/27,,,F209060 文教、樂器、育樂用品零售業；F109070 文教、樂器、育樂用品批發業；F206020 日常用品零售業；F106020 日常用品批發業；F205040 家具、寢具、廚房器具、裝設品零售業；F105050 家具、寢具、廚房器具、裝設品批發業；F204110 布疋、衣著、鞋、帽、傘、服飾品零售業；F104110 布疋、衣著、鞋、帽、傘、服飾品批發業；F203010 食品什貨、飲料零售業；F102170 食品什貨批發業；F102040 飲料批發業；F206010 五金零售業；F106010 五金批發業；F399040 無店面零售業；F401010 國際貿易業；ZZ99999 除許可業務外，得經營法令非禁止或限制之業務,新北市,設立,11508
61285714,璟德生活館,新北市板橋區長江路2段259號（1樓）,蔡漢霖,200000,115/08/27,,,F203010 食品什貨、飲料零售業；F209060 文教、樂器、育樂用品零售業；JE01010 租賃業；ZZ99999 除許可業務外，得經營法令非禁止或限制之業務,新北市,設立,11508
61285720,鑫吉特企業社,新北市蘆洲區中山一路73號,呂子漢,200000,115/08/27,,,F104110 布疋、衣著、鞋、帽、傘、服飾品批發業；F105050 家具、寢具、廚房器具、裝設品批發業；F204110 布疋、衣著、鞋、帽、傘、服飾品零售業；F205040 家具、寢具、廚房器具、裝設品零售業,新北市,設立,11508
61285735,捷希商行,新北市三峽區鳶山里大勇路35之1號,陳怡如,100000,115/08/27,,,F501060 餐館業；F501030 飲料店業；ZZ99999 除許可業務外，得經營法令非禁止或限制之業務,新北市,設立,11508
61285741,雲品車業,新北市新莊區復興路1段143號(1樓),蔡品逸,100000,115/08/27,,,F214020 機車零售業；F214030 汽、機車零件配備零售業；F214050 車胎零售業；JA02020 機車修理業；ZZ99999 除許可業務外，得經營法令非禁止或限制之業務,新北市,設立,11508
61285756,玩物誌商行,新北市永和區永平路77號,陳柏衡,50000,115/08/27,,,F209060 文教、樂器、育樂用品零售業；F399040 無店面零售業；F399990 其他綜合零售業；ZZ99999 除許可業務外，得經營法令非禁止或限制之業務,新北市,設立,11508
61285762,百花時尚會館,新北市蘆洲區長興路296之1號115年08月,王嘉豪,100000,115/08/27,,,JZ99080 美容美髮服務業；ZZ99999 除許可業務外，得經營法令非禁止或限制之業務,新北市,設立,11508
61285778,上淼時尚企業社,新北市蘆洲區長榮路375之1號,劉姿廷,100000,115/08/27,,,F104110 布疋、衣著、鞋、帽、傘、服飾品批發業；F204110 布疋、衣著、鞋、帽、傘、服飾品零售業；F205040 家具、寢具、廚房器具、裝設品零售業；F215010 首飾及貴金屬零售業；F401010 國際貿易業；I199990 其他顧問服務業；I103060 管理顧問業；I105010 藝術品諮詢顧問業；I502010 服飾設計業；I501010 產品設計業；ZZ99999 除許可業務外，得經營法令非禁止或限制之業務,新北市,設立,11508
61285783,八六的家商店,新北市樹林區中華路25號,葉彩雲,100000,115/08/27,,,F501060 餐館業,新北市,設立,11508
61285799,昌叡工程行,新北市八里區龍形二街33號3樓,林家弘,200000,115/08/27,,,E603100 電焊工程業；E801020 門窗安裝工程業；E801030 室內輕鋼架工程業；E801040 玻璃安裝工程業；E801070 廚具、衛浴設備安裝工程業；E901010 油漆工程業；E903010 防蝕、防銹工程業；EZ99990 其他工程業；F111090 建材批發業；F211010 建材零售業；J101010 建築物清潔服務業；J101030 廢棄物清除業；ZZ99999 除許可業務外，得經營法令非禁止或限制之業務,新北市,設立,11508
61285806,茹映美研室,新北市新店區國校路20之1號,劉意茹,200000,115/08/27,,,JZ99080 美容美髮服務業；F208040 化粧品零售業；F206020 日常用品零售業；JZ99990 未分類其他服務業；F399040 無店面零售業；ZZ99999 除許可業務外，得經營法令非禁止或限制之業務,新北市,設立,11508
61285812,昕宸企業社,新北市板橋區龍興街65巷2號(1樓),林世韜,100000,115/08/27,,,F501060 餐館業,新北市,設立,11508
61285828,君曜商行,新北市蘆洲區民權路184巷6號5樓,蘇怡君,200000,115/08/27,,,F399010 便利商店業；ZZ99999 除許可業務外，得經營法令非禁止或限制之業務,新北市,設立,11508
61285833,時運牛排,新北市新莊區思源路287巷29號(1樓) 115年08月,葉建宏,200000,115/08/27,,,F501060 餐館業；F501990 其他餐飲業,新北市,設立,11508
61285849,涅川工程行,新北市新莊區福壽街184巷24號3樓,林冠佑,200000,115/08/27,,,E801030 室內輕鋼架工程業；E599010 配管工程業；E603040 消防安全設備安裝工程業；E603090 照明設備安裝工程業；E603100 電焊工程業；E701010 電信工程業；E801010 室內裝潢業；E801070 廚具、衛浴設備安裝工程業；E901010 油漆工程業；E903010 防蝕、防銹工程業；EZ02010 起重工程業；EZ07010 鑽孔工程業；F106010 五金批發業；F111090 建材批發業；F113020 電器批發業；F120010 耐火材料批發業；F206010 五金零售業；F207010 漆料、塗料零售業；F220010 耐火材料零售業；F399040 無店面零售業；F401010 國際貿易業；H201010 一般投資業；H701050 投資興建公共建設業；H703090 不動產買賣業；I103060 管理顧問業；I301020 資料處理服務業；I401010 一般廣告服務業；I503010 景觀設計業；IZ12010 人力派遣業；J101010 建築物清潔服務業；J101080 資源回收業；J101090 廢棄物清理業；ZZ99999 除許可業務外，得經營法令非禁止或限制之業務,新北市,設立,11508
61285854,證勤工程行,新北市板橋區長江路1段106巷13弄29號,吳宗育,200000,115/08/27,,,EZ99990 其他工程業；E801010 室內裝潢業；E801020 門窗安裝工程業；E801030 室內輕鋼架工程業；E901010 油漆工程業；E903010 防蝕、防銹工程業；ZZ99999 除許可業務外，得經營法令非禁止或限制之業務,新北市,設立,11508
61285860,汎興工作室,新北市板橋區中山路1段10號11樓115年08月,陳珮馨,200000,115/08/27,,,I103060 管理顧問業；I301020 資料處理服務業；I401010 一般廣告服務業；IZ04010 翻譯業；J304010 圖書出版業；J305010 有聲出版業；J601010 藝文服務業；J602010 演藝活動業；J604010 聲音錄製及音樂發行業；JB01010 會議及展覽服務業；ZZ99999 除許可業務外，得經營法令非禁止或限制之業務,新北市,設立,11508
61285876,華安美食坊,新北市中和區華安街2號,文祥軒,200000,115/08/27,,,F203010 食品什貨、飲料零售業,新北市,設立,11508
61285881,咔拉母玖工作室,新北市三芝區淡金路1段4之1號,蔡雨岑,100000,115/08/28,,,J602010 演藝活動業；F399040 無店面零售業,新北市,設立,11508
61285897,不想空手娛樂商行,新北市三重區長元街39號（1樓）,胡威融,200000,115/08/28,,,F209060 文教、樂器、育樂用品零售業,新北市,設立,11508
61285904,享享烘焙坊,新北市永和區永元路94號,林品興,230000,115/08/28,,,F203010 食品什貨、飲料零售業；F501030 飲料店業；ZZ99999 除許可業務外，得經營法令非禁止或限制之業務,新北市,設立,11508
61285910,淇貨可聚食品商行,新北市三重區長元里三和路2段21巷10號,李培淇,100000,115/08/28,,,F102170 食品什貨批發業；F102050 茶葉批發業；F106020 日常用品批發業；F203010 食品什貨、飲料零售業；F206020 日常用品零售業；F501030 飲料店業,新北市,設立,11508
61285926,馭霖工程行,新北市三峽區民生街106之3號2樓115年08月,朱宏鈞,200000,115/08/28,,,E599010 配管工程業；E601010 電器承裝業；E601020 電器安裝業；E603010 電纜安裝工程業；E603020 電梯安裝工程業；E603040 消防安全設備安裝工程業；E603050 自動控制設備工程業；E603100 電焊工程業；E603110 冷作工程業；E603120 噴砂工程業；E604010 機械安裝業；E801010 室內裝潢業；E801020 門窗安裝工程業；E801030 室內輕鋼架工程業；E801040 玻璃安裝工程業；E901010 油漆工程業；E903010 防蝕、防銹工程業；EZ02010 起重工程業；EZ07010 鑽孔工程業；EZ15010 保溫、保冷安裝工程業；EZ99990 其他工程業；F106010 五金批發業；F106040 水器材料批發業；F107010 漆料、塗料批發業；F107020 染料、顏料批發業；F111090 建材批發業；F117010 消防安全設備批發業；F120010 耐火材料批發業；F206010 五金零售業；ZZ99999 除許可業務外，得經營法令非禁止或限制之業務,新北市,設立,11508
61285931,呈揚企業社,新北市新店區北宜路1段57號(1樓),陳雪娟,200000,115/08/28,,,E601020 電器安裝業；E801010 室內裝潢業；E801020 門窗安裝工程業；E801030 室內輕鋼架工程業；E901010 油漆工程業；EZ99990 其他工程業；F501060 餐館業；I199990 其他顧問服務業；I301010 資訊軟體服務業；I501010 產品設計業；I503010 景觀設計業；I599990 其他設計業；IZ12010 人力派遣業；F106010 五金批發業；F206010 五金零售業；F107010 漆料、塗料批發業；F207010 漆料、塗料零售業；F111090 建材批發業；F211010 建材零售業；F113010 機械批發業；F213080 機械器具零售業；F113020 電器批發業；F213010 電器零售業；F113030 精密儀器批發業；F213040 精密儀器零售業；F401010 國際貿易業；F601010 智慧財產權業；ZZ99999 除許可業務外，得經營法令非禁止或限制之業務,新北市,設立,11508
61285947,韓雅企業社,新北市新莊區和興街35之8號(1、2樓),鄭雅之,200000,115/08/28,,,F501060 餐館業；F501030 飲料店業；F203010 食品什貨、飲料零售業；F203020 菸酒零售業；ZZ99999 除許可業務外，得經營法令非禁止或限制之業務,新北市,設立,11508
61285952,侍和軟體工作室,新北市新店區權路153號4樓,鄭博育,50000,115/08/28,,,I301010 資訊軟體服務業；ZZ99999 除許可業務外，得經營法令非禁止或限制之業務,新北市,設立,11508
61285968,小夫妻越鮮蔬果店,新北市三芝區中山路1段86號(1樓),陳詩婷,100000,115/08/28,,,F101130 蔬果批發業；F201010 農產品零售業,新北市,設立,11508
61285974,無痛產能運動工作室,新北市汐止區翠峰街27號13樓之3,鄭霖,200000,115/08/28,,,J802010 運動訓練業；J803010 運動表演業；J803020 運動比賽業；I199990 其他顧問服務業；F399040 無店面零售業；ZZ99999 除許可業務外，得經營法令非禁止或限制之業務,新北市,設立,11508
61285989,究好生活商號,新北市中和區安和路91號115年08月,陳志杰,200000,115/08/28,,,F102170 食品什貨批發業；F102040 飲料批發業；F203010 食品什貨、飲料零售業,新北市,設立,11508
61285995,虹碩工程行,新北市蘆洲區光華路150巷3號2樓,粘評,50000,115/08/28,,,EZ99990 其他工程業；E901010 油漆工程業；EZ06010 交通標示工程業；E801010 室內裝潢業；E801020 門窗安裝工程業；E801030 室內輕鋼架工程業；E801040 玻璃安裝工程業；F101100 花卉批發業；F106010 五金批發業；F106050 陶瓷玻璃器皿批發業；F120010 耐火材料批發業；F199990 其他批發業；F111090 建材批發業；F211010 建材零售業；I103060 管理顧問業；I199990 其他顧問服務業；I503010 景觀設計業；I599990 其他設計業；ZZ99999 除許可業務外，得經營法令非禁止或限制之業務,新北市,設立,11508
61286002,日馳晨早坊,新北市三重區溪尾街116號(1樓),潘馳霖,240000,115/08/28,,,F501060 餐館業；F203010 食品什貨、飲料零售業；ZZ99999 除許可業務外，得經營法令非禁止或限制之業務,新北市,設立,11508
61286018,莫王文化商行,新北市淡水區沙崙路１８３巷１１號,高芷瓔,80000,115/08/28,,,F206060 祭祀用品零售業；F399990 其他綜合零售業；ZZ99999 除許可業務外，得經營法令非禁止或限制之業務,新北市,設立,11508
61286024,絨域工作室,新北市泰山區工專路64號2樓,楊禮華,100000,115/08/28,,,E801010 室內裝潢業；J601010 藝文服務業；J602010 演藝活動業；J603010 音樂展演空間業；J799990 其他休閒服務業；J604010 聲音錄製及音樂發行業；JZ99990 未分類其他服務業；ZZ99999 除許可業務外，得經營法令非禁止或限制之業務,新北市,設立,11508
61286039,李享創藝生活工作室,新北市泰山區工專路64號2樓115年08月,李岳容,100000,115/08/28,,,ZZ99999 除許可業務外，得經營法令非禁止或限制之業務；I103060 管理顧問業；CC01120 資料儲存媒體製造及複製業；JZ99080 美容美髮服務業；JZ99180 寵物美容服務業；F202010 飼料零售業；F399040 無店面零售業；F399990 其他綜合零售業；F106060 寵物食品及其用品批發業；F206050 寵物食品及其用品零售業；F208040 化粧品零售業；J602010 演藝活動業,新北市,設立,11508
61286045,秉乘工程行,新北市板橋區三民路2段32號3樓,劉意文,100000,115/08/28,,,E599010 配管工程業；E601020 電器安裝業；E603090 照明設備安裝工程業；E801010 室內裝潢業；E801020 門窗安裝工程業；E801070 廚具、衛浴設備安裝工程業；E901010 油漆工程業；J101010 建築物清潔服務業；I301010 資訊軟體服務業；F213010 電器零售業；F203010 食品什貨、飲料零售業；F206020 日常用品零售業；F206040 水器材料零售業；ZZ99999 除許可業務外，得經營法令非禁止或限制之業務,新北市,設立,11508
61286050,興旺億彩券行,新北市中和區大勇街24號,楊麗琴,100000,115/08/28,,,IZ14020 公益彩券經銷業,新北市,設立,11508
61286066,民德快餐店,新北市中和區民德路23號,洪偉哲,100000,115/08/28,,,F501060 餐館業,新北市,設立,11508
61286072,金興億彩券行,新北市板橋區懷德街127巷26號,陳秀蘭,100000,115/08/28,,,IZ14020 公益彩券經銷業,新北市,設立,11508
61286087,和平快餐店,新北市中和區和平路250號,陳國豪,100000,115/08/28,,,F501060 餐館業,新北市,設立,11508
61286093,旺滿彩券行,新北市中和區景新街383巷56號,蔡嘉瑋,100000,115/08/28,,,IZ14020 公益彩券經銷業,新北市,設立,11508
61286100,莎布選物店,新北市萬里區瑪鋉路79號3樓,呂虹萱,200000,115/08/28,,,F106020 日常用品批發業；F206020 日常用品零售業；F109070 文教、樂器、育樂用品批發業；F209060 文教、樂器、育樂用品零售業；F102170 食品什貨批發業；F203010 食品什貨、飲料零售業；F104110 布疋、衣著、鞋、帽、傘、服飾品批發業；F204110 布疋、衣著、鞋、帽、傘、服飾品零售業；F105050 家具、寢具、廚房器具、裝設品批發業；F205040 家具、寢具、廚房器具、裝設品零售業；F107030 清潔用品批發業；F207030 清潔用品零售業；F113050 電腦及事務性機器設備批發業；F213030 電腦及事務性機器設備零售業；F113070 電信器材批發業；F213060 電信器材零售業；F399040 無店面零售業；F399990 其他綜合零售業；F401010 國際貿易業；IZ12010 人力派遣業；JE01010 租賃業；I103060 管理顧問業；I199990 其他顧問服務業；ZZ99999 除許可業務外，得經營法令非禁止或限制之業務,新北市,設立,11508
61286116,德光一七水果鋪,新北市中和區德光路17號115年08月,邱立惟,200000,115/08/28,,,F201010 農產品零售業,新北市,設立,11508
61286122,晨韻企業社,新北市三重區五華街35巷23號2樓,蔡育軒,50000,115/08/28,,,JB01010 會議及展覽服務業；I401010 一般廣告服務業；IZ99990 其他工商服務業,新北市,設立,11508
61286137,旭滿川堂,新北市永和區文化路68號（1樓）,王崇旭,200000,115/08/28,,,F501060 餐館業,新北市,設立,11508
61286143,虹家小吃店,新北市蘆洲區信義路293號,劉虹宏,100000,115/08/28,,,F501060 餐館業；F501030 飲料店業；F203010 食品什貨、飲料零售業；F399040 無店面零售業,新北市,設立,11508
61286158,聚禾盛企業社,新北市板橋區國光路14號,游呂玉如,100000,115/08/28,,,F204110 布疋、衣著、鞋、帽、傘、服飾品零售業；F206020 日常用品零售業；F203010 食品什貨、飲料零售業；F399040 無店面零售業；F106020 日常用品批發業；F399990 其他綜合零售業；F401010 國際貿易業；ZZ99999 除許可業務外，得經營法令非禁止或限制之業務,新北市,設立,11508
61286164,紘堯商行,新北市淡水區新民街1段79號4樓115年08月,賴永紘,200000,115/08/28,,,F203010 食品什貨、飲料零售業；F204110 布疋、衣著、鞋、帽、傘、服飾品零售業；F205040 家具、寢具、廚房器具、裝設品零售業；F206020 日常用品零售業；F208040 化粧品零售業；F213030 電腦及事務性機器設備零售業；F213010 電器零售業；F215010 首飾及貴金屬零售業；F299990 其他零售業；F399040 無店面零售業；ZZ99999 除許可業務外，得經營法令非禁止或限制之業務,新北市,設立,11508
61286170,海幸企業社,新北市汐止區大同路2段263號4樓之4,馬世睿,200000,115/08/28,,,F399040 無店面零售業；F101050 水產品批發業；F101990 其他農、畜、水產品批發業；F102170 食品什貨批發業；F104110 布疋、衣著、鞋、帽、傘、服飾品批發業；F106020 日常用品批發業；F106060 寵物食品及其用品批發業；F107030 清潔用品批發業；F109070 文教、樂器、育樂用品批發業；F113020 電器批發業；F201030 水產品零售業；F203010 食品什貨、飲料零售業；F204110 布疋、衣著、鞋、帽、傘、服飾品零售業；F206020 日常用品零售業；F206050 寵物食品及其用品零售業；F207030 清潔用品零售業；F209060 文教、樂器、育樂用品零售業；F399990 其他綜合零售業；F401010 國際貿易業；JZ99050 仲介服務業；I301060 網路廣告平臺業；I103060 管理顧問業；I401010 一般廣告服務業；I401020 廣告傳單分送業；IZ15010 市場研究及民意調查業；IZ99990 其他工商服務業；ZZ99999 除許可業務外，得經營法令非禁止或限制之業務,新北市,設立,11508
61286185,誓愛活動工作室,新北市三重區元信一街139號7樓,謝茜芸,100000,115/08/28,,,JB01010 會議及展覽服務業；JI01010 互動式情境體驗服務業；JZ99050 仲介服務業；JZ99990 未分類其他服務業；F399040 無店面零售業；ZZ99999 除許可業務外，得經營法令非禁止或限制之業務,新北市,設立,11508
61286191,美泊視覺工作室,新北市板橋區中山路2段60巷39弄36號3樓,謝瑜晏,100000,115/08/28,,,I599990 其他設計業；I401010 一般廣告服務業；JZ99030 攝影業；I199990 其他顧問服務業；J401010 電影片製作業；ZZ99999 除許可業務外，得經營法令非禁止或限制之業務,新北市,設立,11508
61286208,橘米美學工作室,新北市新莊區榮華路2段109號(1樓),顏卉妘,100000,115/08/28,,,JZ99080 美容美髮服務業；F399990 其他綜合零售業；ZZ99999 除許可業務外，得經營法令非禁止或限制之業務,新北市,設立,11508
61286214,漉漉菓子甜點工作室,新北市林口區文林六街27巷30號13樓115年08月,陳思化,100000,115/08/31,,,F203010 食品什貨、飲料零售業；F399040 無店面零售業；C104020 烘焙炊蒸食品製造業,新北市,設立,11508
61286220,宸宏工程行,新北市永和區秀朗里林森路39巷12號2樓,林斐瑱,200000,115/08/31,,,ZZ99999 除許可業務外，得經營法令非禁止或限制之業務；E801010 室內裝潢業；E801020 門窗安裝工程業；E801030 室內輕鋼架工程業；E901010 油漆工程業；E801070 廚具、衛浴設備安裝工程業；E801040 玻璃安裝工程業；EZ99990 其他工程業；F111090 建材批發業；F211010 建材零售業；E599010 配管工程業；F401010 國際貿易業,新北市,設立,11508
61286235,巨安企業社,新北市永和區永貞里福和路189號,林立恒,10000,115/08/31,,,F102030 菸酒批發業；F203020 菸酒零售業；F102170 食品什貨批發業；F203010 食品什貨、飲料零售業；F102040 飲料批發業；F207200 化學原料零售業；F107990 其他化學製品批發業；F207990 其他化學製品零售業；F208040 化粧品零售業；F106020 日常用品批發業；F206020 日常用品零售業；F106060 寵物食品及其用品批發業；F206050 寵物食品及其用品零售業；F208031 醫療器材零售業；F108031 醫療器材批發業；F401010 國際貿易業；ZZ99999 除許可業務外，得經營法令非禁止或限制之業務,新北市,設立,11508
61286262,水仙小吃店,新北市三重區正義北路190巷37號,楊金峯,60000,115/08/31,,,F501060 餐館業；F501990 其他餐飲業；ZZ99999 除許可業務外，得經營法令非禁止或限制之業務,新北市,設立,11508
61286278,碧圈商行,新北市新店區新店里新店路181號（1樓）,廖家瑜,200000,115/08/31,,,F501060 餐館業；F501990 其他餐飲業；F501030 飲料店業；F201030 水產品零售業；F203010 食品什貨、飲料零售業；F203020 菸酒零售業；ZZ99999 除許可業務外，得經營法令非禁止或限制之業務,新北市,設立,11508
61286283,有財清潔社,新北市汐止區新台五路2段85巷12號,王丞,200000,115/08/31,,,J101010 建築物清潔服務業；J101040 廢棄物處理業；J101080 資源回收業；ZZ99999 除許可業務外，得經營法令非禁止或限制之業務,新北市,設立,11508
61286299,白夜代拍社,新北市樹林區柑園街2段384巷8號115年08月,許睿庭,20000,115/08/31,,,F399040 無店面零售業；F215010 首飾及貴金屬零售業；I105010 藝術品諮詢顧問業；IZ99990 其他工商服務業；F299990 其他零售業；ZZ99999 除許可業務外，得經營法令非禁止或限制之業務,新北市,設立,11508
61286306,鈜春蔬果行,新北市新店區寶興路61巷14號,陳畇鈜,200000,115/08/31,,,F201010 農產品零售業,新北市,設立,11508
61286312,若儀陶笛音樂工作室,新北市蘆洲區中正路185巷46弄16號,陳若儀,200000,115/08/31,,,J601010 藝文服務業；F209060 文教、樂器、育樂用品零售業；F399040 無店面零售業；ZZ99999 除許可業務外，得經營法令非禁止或限制之業務,新北市,設立,11508
61286328,豐源企業社,新北市新莊區新泰路394號2樓,王博玄,200000,115/08/31,,,I199990 其他顧問服務業；ZZ99999 除許可業務外，得經營法令非禁止或限制之業務,新北市,設立,11508
61286333,安安數位商行,新北市泰山區明志路2段254巷16弄31號2樓,梁瑜明,100000,115/08/31,,,F399040 無店面零售業；F401010 國際貿易業；I301010 資訊軟體服務業；I301020 資料處理服務業；I301030 電子資訊供應服務業；I401010 一般廣告服務業；IZ13010 網路認證服務業；ZZ99999 除許可業務外，得經營法令非禁止或限制之業務,新北市,設立,11508
61286349,天相影業,新北市土城區慶安街105號,張議文,200000,115/08/31,,,JZ99030 攝影業；I401010 一般廣告服務業；J503040 廣播電視廣告業；J401010 電影片製作業；J404010 動畫影片製作業；J404020 提供設備及場地供電影片拍攝業；JE01010 租賃業；F401010 國際貿易業；F116010 照相器材批發業；ZZ99999 除許可業務外，得經營法令非禁止或限制之業務；F216010 照相器材零售業；C701010 印刷業；I301020 資料處理服務業；IZ12010 人力派遣業,新北市,設立,11508
61286354,伊麗絲越式洗髮店,新北市三重區永福街139號(1樓),張美秀,200000,115/08/31,,,JZ99080 美容美髮服務業,新北市,設立,11508
61286360,恆美美學工作室,新北市中和區民治街10巷1號,阮氏恆,50000,115/08/31,,,JZ99080 美容美髮服務業,新北市,設立,11508
61286376,秝可賺實業社,新北市汐止區福德一路210號,魏伯宇,200000,115/08/31,,,F209060 文教、樂器、育樂用品零售業；F399040 無店面零售業；F401010 國際貿易業；J799990 其他休閒服務業；ZZ99999 除許可業務外，得經營法令非禁止或限制之業務,新北市,設立,11508
61286381,顆顆商行,新北市板橋區新海路387號,簡大鈞,150000,115/08/31,,,F501060 餐館業,新北市,設立,11508
61286397,歐瀅商行,新北市三重區三和路4段16號14樓之3 115年08月,凌筱菱,150000,115/08/31,,,CG01010 珠寶及貴金屬製品製造業；F215010 首飾及貴金屬零售業；F115010 首飾及貴金屬批發業,新北市,設立,11508
61286404,聚點工作室,新北市永和區秀得里得和路373巷16弄10號5樓,林煒修,200000,115/08/31,,,J399010 軟體出版業；F118010 資訊軟體批發業；F218010 資訊軟體零售業；J404050 電影特效製作業；F113050 電腦及事務性機器設備批發業；F213030 電腦及事務性機器設備零售業；F399040 無店面零售業；F401010 國際貿易業；I401010 一般廣告服務業；J305010 有聲出版業；J604010 聲音錄製及音樂發行業；J399990 其他出版業；I501010 產品設計業；I599990 其他設計業；JB01010 會議及展覽服務業；F601010 智慧財產權業；JZ99030 攝影業；J404010 動畫影片製作業；J401010 電影片製作業；J402010 電影片發行業；J404030 電影沖印業；J404040 電影錄音業；J404020 提供設備及場地供電影片拍攝業；J503010 廣播節目製作業；J503020 電視節目製作業；J503040 廣播電視廣告業；I301060 網路廣告平臺業；J503050 錄影節目帶業；J601010 藝文服務業；J602010 演藝活動業；JE01010 租賃業；IZ99990 其他工商服務業；I301010 資訊軟體服務業；I301020 資料處理服務業；I301030 電子資訊供應服務業；IG02010 研究發展服務業；IZ09010 管理系統驗證業；ZZ99999 除許可業務外，得經營法令非禁止或限制之業務,新北市,設立,11508
61286410,銘天見小吃店,新北市土城區明德路1段220號(1樓),劉銘賢,150000,115/08/31,,,F501060 餐館業；F203010 食品什貨、飲料零售業,新北市,設立,11508
61286426,岳禾商行,新北市新店區安德街80號7樓,陳芊卉,200000,115/08/31,,,F399010 便利商店業,新北市,設立,11508
61286431,馥佳樂小吃店,新北市中和區華南里忠孝街2號（1樓）,劉秋汝,30000,115/08/31,,,F501060 餐館業；F203010 食品什貨、飲料零售業,新北市,設立,11508
61356610,星虫坊,新北市中和區南山路127巷27弄24號115年08月,黃宏曜,150000,115/08/26,,,F206050 寵物食品及其用品零售業,新北市,設立,11508
61420795,浩福企業社,新北市三重區六合里力行路1段89巷10號3樓,黃智捷,50000,115/08/31,,,F206020 日常用品零售業；F106020 日常用品批發業；F401010 國際貿易業；F399040 無店面零售業；F204110 布疋、衣著、鞋、帽、傘、服飾品零售業；F209060 文教、樂器、育樂用品零售業；F208040 化粧品零售業；F203010 食品什貨、飲料零售業；F205040 家具、寢具、廚房器具、裝設品零售業；F106060 寵物食品及其用品批發業；F206050 寵物食品及其用品零售業；F213010 電器零售業；F213030 電腦及事務性機器設備零售業；F199990 其他批發業；F399990 其他綜合零售業；I301010 資訊軟體服務業；I301020 資料處理服務業；I301030 電子資訊供應服務業；I401010 一般廣告服務業；JZ99050 仲介服務業；I103060 管理顧問業；ZZ99999 除許可業務外，得經營法令非禁止或限制之業務,新北市,設立,11508
61477092,帥妮創意社,新北市板橋區三民路2段109巷37號2樓,林俞汝,50000,115/08/17,,,J601010 藝文服務業；J602010 演藝活動業；JZ99990 未分類其他服務業；I401010 一般廣告服務業；ZZ99999 除許可業務外，得經營法令非禁止或限制之業務,新北市,設立,11508
61481292,成錦記,新北市新莊區富國路19巷1號,鄭旭呈,100000,115/08/21,,,F501060 餐館業,新北市,設立,11508
61484328,甄雅堂工作室,新北市中和區中正路736號14樓之3,曹崢軍,10000,115/08/14,,,F104110 布疋、衣著、鞋、帽、傘、服飾品批發業；F105050 家具、寢具、廚房器具、裝設品批發業；F106020 日常用品批發業；F109070 文教、樂器、育樂用品批發業；F204110 布疋、衣著、鞋、帽、傘、服飾品零售業；F205040 家具、寢具、廚房器具、裝設品零售業；F206020 日常用品零售業；F209060 文教、樂器、育樂用品零售業；F399040 無店面零售業；ZZ99999 除許可業務外，得經營法令非禁止或限制之業務,新北市,設立,11508
61491897,藍鵲山菜,新北市坪林區粗窟里金瓜寮14之1號,黃美玉,10000,115/08/05,,,F501060 餐館業；F201010 農產品零售業,新北市,設立,11508
61492495,長福零六店,新北市三峽區長福街6號,陳彥廷,100000,115/08/12,,,F203010 食品什貨、飲料零售業；F209060 文教、樂器、育樂用品零售業；ZZ99999 除許可業務外，得經營法令非禁止或限制之業務,新北市,設立,11508
61492586,自強零四店,新北市三重區自強路1段4號,陳彥廷,100000,115/08/19,,,F203010 食品什貨、飲料零售業；F209060 文教、樂器、育樂用品零售業；ZZ99999 除許可業務外，得經營法令非禁止或限制之業務,新北市,設立,11508
61493136,建國一四九店,新北市鶯歌區建國路149號115年08月,陳彥廷,100000,115/08/17,,,F203010 食品什貨、飲料零售業；ZZ99999 除許可業務外，得經營法令非禁止或限制之業務；F209060 文教、樂器、育樂用品零售業,新北市,設立,11508
61493662,樂德商行永和店,新北市永和區文化路3號,黃韋勝,0,115/08/25,,,F201010 農產品零售業；F203010 食品什貨、飲料零售業；F399040 無店面零售業,新北市,設立,11508
61494944,鄰家生鮮團購店,新北市中和區中安街234號,林靜慧,80000,115/08/24,,,F201010 農產品零售業；F201020 畜產品零售業；F201030 水產品零售業；F203010 食品什貨、飲料零售業；F206020 日常用品零售業；F399040 無店面零售業；F401010 國際貿易業；F399990 其他綜合零售業；ZZ99999 除許可業務外，得經營法令非禁止或限制之業務,新北市,設立,11508
61496653,三峽文化藥局,新北市三峽區文化路212之2號,張育維,150000,115/08/21,,,F208050 乙類成藥零售業,新北市,設立,11508
61497317,大和小吃店,新北市板橋區宏國路96號,李明和,200000,115/08/27,,,F501060 餐館業,新北市,設立,11508
82200250,雞跩哥小吃店,新北市淡水區大忠街85號6樓之10,馮得人,50000,115/08/28,,,F501060 餐館業；F203010 食品什貨、飲料零售業,新北市,設立,11508
82318053,金旺小吃店,新北市中和區景德街37號(1樓),洪海波,200000,115/08/20,,,F501060 餐館業；F501990 其他餐飲業；F203010 食品什貨、飲料零售業；ZZ99999 除許可業務外，得經營法令非禁止或限制之業務,新北市,設立,11508
82348232,羅文財畜牧場,新北市金山區南勢湖66之3號,羅文財,1000000,115/08/19,,,A401010 畜牧場經營業；A401990 其他畜牧業；A401060 其他動物服務業；J101080 資源回收業；J101090 廢棄物清理業,新北市,設立,11508
88264033,聽石說選物社,新北市土城區中央路1段346號(1樓),余淑玲,500000,115/08/17,,,F215020 礦石零售業；F399040 無店面零售業；F204110 布疋、衣著、鞋、帽、傘、服飾品零售業；J202010 產業育成業；JB01010 會議及展覽服務業；ZZ99999 除許可業務外，得經營法令非禁止或限制之業務,新北市,設立,11508
91620704,綠洲藥局,新北市板橋區三民路2段197號(1樓),張瓊分,200000,115/08/14,,,F203010 食品什貨、飲料零售業；F206020 日常用品零售業；F207030 清潔用品零售業；F208040 化粧品零售業；F208050 乙類成藥零售業；F399040 無店面零售業；F204110 布疋、衣著、鞋、帽、傘、服飾品零售業；F203030 酒精零售業；F206050 寵物食品及其用品零售業,新北市,設立,11508
92626001,築美藝術苑,新北市新莊區天祥街71巷17號(1樓),方淑慧,30000,115/08/17,,,F209060 文教、樂器、育樂用品零售業；JZ99990 未分類其他服務業,新北市,設立,11508
95075331,美而寶漢堡,新北市板橋區龍興街99巷1號115年08月,賴袖芸,78000,115/08/12,,,F501060 餐館業,新北市,設立,11508
99409606,忠興機車行,新北市淡水區淡金路3段34號(1樓),郭瑞興,100000,115/08/13,,,JA02020 機車修理業；F214030 汽、機車零件配備零售業；F214020 機車零售業；F214050 車胎零售業；J101090 廢棄物清理業；J101990 其他環境衛生及污染防治服務業；JZ99990 未分類其他服務業；ZZ99999 除許可業務外，得經營法令非禁止或限制之業務,新北市,設立,11508
