統一編號,公司名稱,公司所在地,代表人,資本額,核准設立日期,核准變更日期,案由或變更事項,營業項目,縣市,清冊,期別
31405337,天文大藥局,新北市淡水區新春街136號,王玥玓,200000,115/04/23,,,F107070 動物用藥品批發業；F207070 動物用藥零售業；F206050 寵物食品及其用品零售業；F203010 食品什貨、飲料零售業；F206020 日常用品零售業；F207030 清潔用品零售業；F208040 化粧品零售業；F208050 乙類成藥零售業；F209060 文教、樂器、育樂用品零售業；F399990 其他綜合零售業；F399010 便利商店業；ZZ99999 除許可業務外，得經營法令非禁止或限制之業務,新北市,設立,11504
41458699,秝寧童屋,新北市蘆洲區中山一路253號(1樓),張哲斌,50000,115/04/13,,,F399040 無店面零售業；ZZ99999 除許可業務外，得經營法令非禁止或限制之業務,新北市,設立,11504
60180136,富華天然玉坊,新北市中和區國光街112巷11弄8號(1樓),葉佐鴻,50000,115/04/07,,,F115010 首飾及貴金屬批發業；F215010 首飾及貴金屬零售業；F115020 礦石批發業；F215020 礦石零售業；F105050 家具、寢具、廚房器具、裝設品批發業；F205040 家具、寢具、廚房器具、裝設品零售業；F199990 其他批發業；F299990 其他零售業；F399040 無店面零售業；F401010 國際貿易業,新北市,設立,11504
60220329,館西上海鮮肉包,新北市板橋區館前西路138號2樓,黃皓郁,50000,115/04/15,,,F501990 其他餐飲業,新北市,設立,11504
60254663,長安居商行,新北市蘆洲區中華街101號,徐美珠,100000,115/04/22,,,F209060 文教、樂器、育樂用品零售業；F206020 日常用品零售業；F203010 食品什貨、飲料零售業；F208040 化粧品零售業；ZZ99999 除許可業務外，得經營法令非禁止或限制之業務,新北市,設立,11504
60260124,拾甜豆花冰品,新北市中和區信義街65號,王讚豪,100000,115/04/21,,,F501030 飲料店業,新北市,設立,11504
60276218,大豐古早紅茶店,新北市新店區大豐路60號,朱蓓思,100000,115/04/27,,,F501030 飲料店業,新北市,設立,11504
61216196,南勢藥局,新北市林口區忠孝路373號(1樓),王士堯,10000,115/04/14,,,F208040 化粧品零售業；F208050 乙類成藥零售業；F203010 食品什貨、飲料零售業；F207030 清潔用品零售業；F207070 動物用藥零售業；F206020 日常用品零售業；F206050 寵物食品及其用品零售業；ZZ99999 除許可業務外，得經營法令非禁止或限制之業務,新北市,設立,11504
61245615,得凱商行,新北市中和區中山路3段171號(1樓),廖家得,150000,115/04/02,,,F203010 食品什貨、飲料零售業；F206010 五金零售業；F209060 文教、樂器、育樂用品零售業,新北市,設立,11504
61250476,雷神娃娃屋,新北市泰山區工專路66號115年04月,陳信誠,200000,115/04/01,,,F209060 文教、樂器、育樂用品零售業；F203010 食品什貨、飲料零售業,新北市,設立,11504
61250497,漣漪影像工作室,新北市淡水區淡海路203號2樓,許水謙,50000,115/04/01,,,I401010 一般廣告服務業；I301030 電子資訊供應服務業；I199990 其他顧問服務業；JZ99030 攝影業；J305010 有聲出版業；J399990 其他出版業；F399040 無店面零售業；F399990 其他綜合零售業；F401010 國際貿易業；J601010 藝文服務業；J602010 演藝活動業；JB01010 會議及展覽服務業；ZZ99999 除許可業務外，得經營法令非禁止或限制之業務,新北市,設立,11504
61250503,瑋為屋,新北市永和區得和路55號,謝瑋玲,1000000,115/04/01,,,F107030 清潔用品批發業；F113020 電器批發業；F207030 清潔用品零售業；F213010 電器零售業；F401010 國際貿易業；H703100 不動產租賃業；I103060 管理顧問業；I503010 景觀設計業；JA03010 洗衣業；ZZ99999 除許可業務外，得經營法令非禁止或限制之業務,新北市,設立,11504
61250519,泉卉潔能複合支援工作室,新北市三重區溪尾街325巷19號(2樓) 115年04月,王姿予,200000,115/04/01,,,F106010 五金批發業；F106020 日常用品批發業；F107030 清潔用品批發業；F109070 文教、樂器、育樂用品批發業；F113050 電腦及事務性機器設備批發業；F118010 資訊軟體批發業；F119010 電子材料批發業；F401010 國際貿易業；F601010 智慧財產權業；I301010 資訊軟體服務業；I301020 資料處理服務業；I301030 電子資訊供應服務業；I501010 產品設計業；IZ13010 網路認證服務業；IZ02010 打字業；I103060 管理顧問業；I401010 一般廣告服務業；I503010 景觀設計業；J101010 建築物清潔服務業；J101020 病媒防治業；J101030 廢棄物清除業；J101040 廢棄物處理業；J101050 環境檢測服務業；J101990 其他環境衛生及污染防治服務業；ZZ99999 除許可業務外，得經營法令非禁止或限制之業務,新北市,設立,11504
61250525,奕采電梯工程行,新北市瑞芳區岳王路6之2號2樓,程奕然,200000,115/04/01,,,E604010 機械安裝業；E603020 電梯安裝工程業；E603100 電焊工程業；E603010 電纜安裝工程業；E603040 消防安全設備安裝工程業；E603050 自動控制設備工程業；CB01010 機械設備製造業；F113070 電信器材批發業；F206010 五金零售業；F213010 電器零售業；F213060 電信器材零售業；F213080 機械器具零售業；F217010 消防安全設備零售業；F401010 國際貿易業；G202010 停車場經營業；I301030 電子資訊供應服務業；IF01010 消防安全設備檢修業；ZZ99999 除許可業務外，得經營法令非禁止或限制之業務,新北市,設立,11504
61250530,境遠創意工作室,新北市汐止區湖前街110巷97弄12之1號3樓,李勉之,200000,115/04/01,,,I103060 管理顧問業；I199990 其他顧問服務業；J601010 藝文服務業；I401010 一般廣告服務業；F601010 智慧財產權業；ZZ99999 除許可業務外，得經營法令非禁止或限制之業務,新北市,設立,11504
61250546,照禾工作室,新北市中和區中山路2段332巷9號8樓,黃詩羽,200000,115/04/01,,,F218010 資訊軟體零售業；F118010 資訊軟體批發業；F213030 電腦及事務性機器設備零售業；F113050 電腦及事務性機器設備批發業；F204110 布疋、衣著、鞋、帽、傘、服飾品零售業；F399990 其他綜合零售業；I103060 管理顧問業；I301010 資訊軟體服務業；I301020 資料處理服務業；I301030 電子資訊供應服務業；I401010 一般廣告服務業；I501010 產品設計業；I599990 其他設計業；I199990 其他顧問服務業；ZZ99999 除許可業務外，得經營法令非禁止或限制之業務,新北市,設立,11504
61250551,寶樂企業社,新北市五股區登林路81之42號2樓115年04月,陳素寶,200000,115/04/01,,,F203010 食品什貨、飲料零售業；F102170 食品什貨批發業；F206020 日常用品零售業；F107030 清潔用品批發業；F207030 清潔用品零售業；F106020 日常用品批發業；F108040 化粧品批發業；F208040 化粧品零售業；ZZ99999 除許可業務外，得經營法令非禁止或限制之業務,新北市,設立,11504
61250567,泰后企業社,新北市板橋區篤行路1段16之6號8樓,郭懿賢,200000,115/04/01,,,F206060 祭祀用品零售業；F209060 文教、樂器、育樂用品零售業；F215010 首飾及貴金屬零售業；F399040 無店面零售業,新北市,設立,11504
61250573,一九八八烘咖啡,新北市永和區成功路2段122號(1樓),張倢盛,100000,115/04/01,,,F501030 飲料店業；ZZ99999 除許可業務外，得經營法令非禁止或限制之業務,新北市,設立,11504
61250588,佑健生活工作室,新北市板橋區重慶路60之1號3樓,邱佑昇,100000,115/04/01,,,J802010 運動訓練業,新北市,設立,11504
61250594,縫間咖啡廳,新北市淡水區民族路112巷32號,鄭伊庭,200000,115/04/01,,,F501030 飲料店業；F501060 餐館業；ZZ99999 除許可業務外，得經營法令非禁止或限制之業務,新北市,設立,11504
61250601,森森順水產商行,新北市三峽區大觀路35號(1樓),李秉滈,100000,115/04/01,,,F201010 農產品零售業；F201030 水產品零售業；ZZ99999 除許可業務外，得經營法令非禁止或限制之業務,新北市,設立,11504
61250617,沖一杯商行,新北市淡水區後洲路一段58號,陳俐安,20000,115/04/01,,,F501030 飲料店業；F203010 食品什貨、飲料零售業；ZZ99999 除許可業務外，得經營法令非禁止或限制之業務,新北市,設立,11504
61250623,秀英傳統小吃店,新北市鶯歌區中正一路78巷27號(1樓),施淑卿,100000,115/04/01,,,F501060 餐館業；ZZ99999 除許可業務外，得經營法令非禁止或限制之業務,新北市,設立,11504
61250638,南雅十全排骨店,新北市板橋區南雅南路1段36號(1樓),陳潛嶽,100000,115/04/02,,,F501060 餐館業；F501990 其他餐飲業,新北市,設立,11504
61250659,小芋生鮮蔬果,新北市三芝區淺水灣街11之13號4樓,張小于,200000,115/04/01,,,F201010 農產品零售業；F201020 畜產品零售業；F201030 水產品零售業,新北市,設立,11504
61250665,餐魂企業社,新北市中和區中正路716號10樓之1,萬心柔,200000,115/04/01,,,F206020 日常用品零售業；F201010 農產品零售業；F206010 五金零售業,新北市,設立,11504
61250671,集禾商行,新北市永和區環河西路1段105號,張硯剛,200000,115/04/01,,,F399040 無店面零售業；F203010 食品什貨、飲料零售業；F501990 其他餐飲業；ZZ99999 除許可業務外，得經營法令非禁止或限制之業務,新北市,設立,11504
61250686,宏業企業社,新北市三重區自強路2段88號(1樓) 115年04月,張啟宏,200000,115/04/01,,,F102170 食品什貨批發業；F106020 日常用品批發業；F104110 布疋、衣著、鞋、帽、傘、服飾品批發業；F203010 食品什貨、飲料零售業；F105050 家具、寢具、廚房器具、裝設品批發業；F113020 電器批發業；F109070 文教、樂器、育樂用品批發業；F213010 電器零售業；F108040 化粧品批發業；F204110 布疋、衣著、鞋、帽、傘、服飾品零售業；F208040 化粧品零售業；F205040 家具、寢具、廚房器具、裝設品零售業；F206020 日常用品零售業；F209060 文教、樂器、育樂用品零售業；ZZ99999 除許可業務外，得經營法令非禁止或限制之業務,新北市,設立,11504
61250692,上興工程行,新北市新店區安康路2段160號5樓,盧正陽,200000,115/04/01,,,CA01050 鋼材二次加工業；CA02010 金屬結構及建築組件製造業；CA02990 其他金屬製品製造業；E801020 門窗安裝工程業；E801010 室內裝潢業,新北市,設立,11504
61250709,厚日選物企業社,新北市板橋區中山路1段10號9樓,陳玉婷,200000,115/04/01,,,F399040 無店面零售業；F204110 布疋、衣著、鞋、帽、傘、服飾品零售業；F206020 日常用品零售業,新北市,設立,11504
61250715,躺平商號,新北市中和區新生街220巷35號4樓,黃振凱,200000,115/04/01,,,F215010 首飾及貴金屬零售業；ZZ99999 除許可業務外，得經營法令非禁止或限制之業務,新北市,設立,11504
61250721,好食好飲企業社,新北市板橋區信義路150巷15號(1樓),黃韻潔,100000,115/04/01,,,F501990 其他餐飲業；ZZ99999 除許可業務外，得經營法令非禁止或限制之業務,新北市,設立,11504
61250736,實建冷氣工程行,新北市板橋區光仁里懷仁街85號5樓,陳泓禕,100000,115/04/01,,,E601020 電器安裝業；E602011 冷凍空調工程業；F213010 電器零售業；ZZ99999 除許可業務外，得經營法令非禁止或限制之業務,新北市,設立,11504
61250742,衍安工程行,新北市中和區莒光路84巷42號9樓,詹淑珍,200000,115/04/01,,,IF01010 消防安全設備檢修業；I401010 一般廣告服務業；IZ12010 人力派遣業；E599010 配管工程業；E601010 電器承裝業；E601020 電器安裝業；E603040 消防安全設備安裝工程業；E801010 室內裝潢業；E801020 門窗安裝工程業；E801030 室內輕鋼架工程業；E801070 廚具、衛浴設備安裝工程業；F106010 五金批發業；F117010 消防安全設備批發業；F120010 耐火材料批發業；F217010 消防安全設備零售業；F220010 耐火材料零售業；F399040 無店面零售業；F401010 國際貿易業；ZZ99999 除許可業務外，得經營法令非禁止或限制之業務,新北市,設立,11504
61250757,斑伊士特工作室,新北市板橋區重慶路60之1號3樓,曾傅仰恩,200000,115/04/01,,,J602010 演藝活動業；J601010 藝文服務業；J303010 雜誌（期刊）出版業；I301010 資訊軟體服務業；F299990 其他零售業；ZZ99999 除許可業務外，得經營法令非禁止或限制之業務,新北市,設立,11504
61250763,一山一木企業社,新北市新莊區新北大道7段820號11樓,蔡芷昀,50000,115/04/01,,,I401010 一般廣告服務業；F399040 無店面零售業；F199990 其他批發業；F299990 其他零售業；I199990 其他顧問服務業；ZZ99999 除許可業務外，得經營法令非禁止或限制之業務,新北市,設立,11504
61250779,襄霖飲食店,新北市板橋區雙十路2段44號(1樓) 115年04月,鄭彥霖,200000,115/04/01,,,ZZ99999 除許可業務外，得經營法令非禁止或限制之業務；F501060 餐館業；F501030 飲料店業,新北市,設立,11504
61250784,金昌汽車商行,新北市新莊區中原路339號,章婉倫,200000,115/04/01,,,F113110 電池批發業；F114010 汽車批發業；F114020 機車批發業；F114030 汽、機車零件配備批發業；F114050 車胎批發業；F213110 電池零售業；F214010 汽車零售業；F214020 機車零售業；F214030 汽、機車零件配備零售業；F214050 車胎零售業；F399040 無店面零售業；F401010 國際貿易業；JA01990 其他汽車服務業；JE01010 租賃業；ZZ99999 除許可業務外，得經營法令非禁止或限制之業務,新北市,設立,11504
61250790,羽鸚同樂森活館,新北市八里區商港六路13號(1樓),王曉慧,50000,115/04/01,,,F106060 寵物食品及其用品批發業；F202010 飼料零售業；F206020 日常用品零售業；F206050 寵物食品及其用品零售業；F203010 食品什貨、飲料零售業；F206010 五金零售業；F207030 清潔用品零售業；F399040 無店面零售業；A401060 其他動物服務業；F201010 農產品零售業；JZ99180 寵物美容服務業；A401020 家畜禽飼育業；I301060 網路廣告平臺業；I501010 產品設計業；ZZ99999 除許可業務外，得經營法令非禁止或限制之業務,新北市,設立,11504
61250807,璇律製作工作室,新北市林口區仁愛二路75號6樓,李艾璇,200000,115/04/01,,,F209060 文教、樂器、育樂用品零售業；F401010 國際貿易業；I103060 管理顧問業；I301010 資訊軟體服務業；J304010 圖書出版業；J305010 有聲出版業；J503030 廣播電視節目發行業（原:J503031廣播電視節目發行業）；J503020 電視節目製作業（原:J503021電視節目製作業）；J503040 廣播電視廣告業（原:J503041廣播電視廣告業）；J601010 藝文服務業；J602010 演藝活動業；J604010 聲音錄製及音樂發行業；J603010 音樂展演空間業；ZZ99999 除許可業務外，得經營法令非禁止或限制之業務,新北市,設立,11504
61250813,暖抱寵物美學館,新北市淡水區中山北路1段207巷37弄4號(1樓),李榮清,50000,115/04/01,,,F206050 寵物食品及其用品零售業；A401060 其他動物服務業；JZ99180 寵物美容服務業；JZ99990 未分類其他服務業；ZZ99999 除許可業務外，得經營法令非禁止或限制之業務,新北市,設立,11504
61250829,新北克欽店,新北市中和區興南路一段73巷4號（1樓）115年04月,李清清,240000,115/04/01,,,F501060 餐館業,新北市,設立,11504
61250834,龍皇植藝工坊,新北市淡水區民權路23號7樓之25,廖皇嘉,100000,115/04/01,,,A102080 園藝服務業；A102050 作物栽培服務業；A101050 花卉栽培業；F201070 花卉零售業；I504010 花藝設計業；F399040 無店面零售業；ZZ99999 除許可業務外，得經營法令非禁止或限制之業務,新北市,設立,11504
61250840,基準二輪企業社,新北市新店區中正路680巷6號,陳楷傑,50000,115/04/01,,,JA02020 機車修理業；F214030 汽、機車零件配備零售業；F214020 機車零售業；ZZ99999 除許可業務外，得經營法令非禁止或限制之業務,新北市,設立,11504
61250855,劍韓麵行,新北市五股區中興路1段1巷25號,蔡劍韓,200000,115/04/01,,,F102170 食品什貨批發業；IZ06010 理貨包裝業；ZZ99999 除許可業務外，得經營法令非禁止或限制之業務,新北市,設立,11504
61250861,嘉城工程行,新北市泰山區民國街16巷6號2樓,蔡友仁,200000,115/04/01,,,E801010 室內裝潢業；E801020 門窗安裝工程業；E801030 室內輕鋼架工程業；E801040 玻璃安裝工程業；E801070 廚具、衛浴設備安裝工程業；E901010 油漆工程業；F106010 五金批發業；F111090 建材批發業；F206010 五金零售業；F211010 建材零售業；ZZ99999 除許可業務外，得經營法令非禁止或限制之業務,新北市,設立,11504
61250877,利達傳統整復推拿,新北市板橋區館前西路152之1號,賴宥樺,50000,115/04/07,,,JF01010 傳統整復推拿業；ZZ99999 除許可業務外，得經營法令非禁止或限制之業務,新北市,設立,11504
61250882,心安昉購物商行,新北市新莊區中興街10巷9之1號,蔡佩恩,200000,115/04/02,,,F203010 食品什貨、飲料零售業；F206010 五金零售業；F206020 日常用品零售業；F208040 化粧品零售業；F209060 文教、樂器、育樂用品零售業；F399040 無店面零售業；F401010 國際貿易業；ZZ99999 除許可業務外，得經營法令非禁止或限制之業務,新北市,設立,11504
61250898,紫花食堂,新北市三重區三和路四段150號（1樓）115年04月,謝杰,200000,115/04/02,,,F501060 餐館業,新北市,設立,11504
61250905,川輝企業社,新北市三重區力行路1段23巷7號3樓,康建海,240000,115/04/02,,,CQ01010 模具製造業；C805050 工業用塑膠製品製造業；C804020 工業用橡膠製品製造業；C805070 強化塑膠製品製造業；C805030 塑膠日用品製造業；C801060 合成橡膠製造業；C801100 合成樹脂及塑膠製造業；C804990 其他橡膠製品製造業；CA02990 其他金屬製品製造業；CA01050 鋼材二次加工業；CA04010 表面處理業；CB01010 機械設備製造業；F106030 模具批發業；F206030 模具零售業；F106010 五金批發業；F206010 五金零售業；F113010 機械批發業；F213080 機械器具零售業；F106020 日常用品批發業；F206020 日常用品零售業；F399990 其他綜合零售業；F401010 國際貿易業；ZZ99999 除許可業務外，得經營法令非禁止或限制之業務,新北市,設立,11504
61250911,中永鼎力工程行,新北市永和區環河東路4段96號2樓,黃文平,200000,115/04/02,,,IZ12010 人力派遣業；EZ99990 其他工程業；J101010 建築物清潔服務業；J101030 廢棄物清除業；J101040 廢棄物處理業；J101080 資源回收業；E801010 室內裝潢業；ZZ99999 除許可業務外，得經營法令非禁止或限制之業務,新北市,設立,11504
61250927,冰島上的花甜品鋪,新北市土城區中央路二段56號,蔡憲緯,100000,115/04/02,,,F203010 食品什貨、飲料零售業；F501030 飲料店業,新北市,設立,11504
61250932,笠金都企業社,新北市板橋區館前東路63號(1樓),陳書笠,100000,115/04/02,,,F501060 餐館業；ZZ99999 除許可業務外，得經營法令非禁止或限制之業務,新北市,設立,11504
61250948,微笑石頭小火鍋,新北市永和區林森路91號（1樓）,王宥尹,220000,115/04/02,,,F501060 餐館業,新北市,設立,11504
61250953,明通生命事業,新北市鶯歌區中正三路302巷4號115年04月,陳明通,200000,115/04/02,,,JZ99151 殯葬禮儀服務業；F206060 祭祀用品零售業；F201070 花卉零售業；F204110 布疋、衣著、鞋、帽、傘、服飾品零售業；F206020 日常用品零售業；ZZ99999 除許可業務外，得經營法令非禁止或限制之業務；JZ99050 仲介服務業,新北市,設立,11504
61250969,鴻旭水電工程行,新北市板橋區文化路2段441巷41號3樓,諶志騏,240000,115/04/02,,,E502010 燃料導管安裝工程業；E599010 配管工程業；E601010 電器承裝業；E601020 電器安裝業；E603020 電梯安裝工程業；E603040 消防安全設備安裝工程業；E603050 自動控制設備工程業；E603090 照明設備安裝工程業；E603100 電焊工程業；E603130 燃氣熱水器承裝業；E607010 太陽熱能設備安裝工程業；E605010 電腦設備安裝業；E701010 電信工程業；E801010 室內裝潢業；E801020 門窗安裝工程業；E801030 室內輕鋼架工程業；E801040 玻璃安裝工程業；E801070 廚具、衛浴設備安裝工程業；E901010 油漆工程業；E903010 防蝕、防銹工程業；EZ15010 保溫、保冷安裝工程業；EZ99990 其他工程業；F105050 家具、寢具、廚房器具、裝設品批發業；F106010 五金批發業；F111090 建材批發業；ZZ99999 除許可業務外，得經營法令非禁止或限制之業務,新北市,設立,11504
61250975,飛行空間植保環境企業社,新北市永和區中正路417號8樓,謝孟帆,200000,115/04/02,,,A102080 園藝服務業；F101100 花卉批發業；F201070 花卉零售業；I101070 農、林、漁、畜牧顧問業；I504010 花藝設計業；I503010 景觀設計業；J101010 建築物清潔服務業；J601010 藝文服務業；JZ99030 攝影業；ZZ99999 除許可業務外，得經營法令非禁止或限制之業務,新北市,設立,11504
61250980,釧綺企業社,新北市中和區中山路2段332巷1號7樓115年04月,王湘甯,200000,115/04/02,,,F399040 無店面零售業；I401010 一般廣告服務業；I103060 管理顧問業；I501010 產品設計業；J404010 動畫影片製作業；J602010 演藝活動業；J601010 藝文服務業；F401010 國際貿易業；F204110 布疋、衣著、鞋、帽、傘、服飾品零售業；F208040 化粧品零售業；F206020 日常用品零售業；F601010 智慧財產權業；I301010 資訊軟體服務業；I599990 其他設計業；ZZ99999 除許可業務外，得經營法令非禁止或限制之業務,新北市,設立,11504
61250996,仁達克商行,新北市中和區中正路918號3樓,鄧靖哲,100000,115/04/02,,,I301030 電子資訊供應服務業；I301010 資訊軟體服務業；I301020 資料處理服務業；J404010 動畫影片製作業；I401010 一般廣告服務業；I599990 其他設計業；F399040 無店面零售業；ZZ99999 除許可業務外，得經營法令非禁止或限制之業務,新北市,設立,11504
61251003,允築工程行,新北市鶯歌區尖山路278巷15號15樓,劉豪嵩,200000,115/04/02,,,E801010 室內裝潢業；E801020 門窗安裝工程業；EZ99990 其他工程業；I503010 景觀設計業；I599990 其他設計業；ZZ99999 除許可業務外，得經營法令非禁止或限制之業務,新北市,設立,11504
61251019,鎮威工程行,新北市中和區中山路3段110號8樓,謝鎮鴻,200000,115/04/02,,,E599010 配管工程業；E801010 室內裝潢業；E901010 油漆工程業；EZ07010 鑽孔工程業；EZ99990 其他工程業；F111090 建材批發業；F211010 建材零售業；ZZ99999 除許可業務外，得經營法令非禁止或限制之業務,新北市,設立,11504
61251025,米旺食研食品商行,新北市淡水區沙崙路1段126巷120號6樓,黃洣婕,200000,115/04/02,,,F201010 農產品零售業；F201030 水產品零售業；F206020 日常用品零售業；F203010 食品什貨、飲料零售業；F201020 畜產品零售業；F204110 布疋、衣著、鞋、帽、傘、服飾品零售業；F205040 家具、寢具、廚房器具、裝設品零售業；F206010 五金零售業；F206050 寵物食品及其用品零售業；F207030 清潔用品零售業；F208040 化粧品零售業；F209060 文教、樂器、育樂用品零售業；F213010 電器零售業；F201990 其他農畜水產品零售業；F399040 無店面零售業；F399990 其他綜合零售業；F401010 國際貿易業；ZZ99999 除許可業務外，得經營法令非禁止或限制之業務,新北市,設立,11504
61251030,珍珍清茶館,新北市三重區長元西街12號,潘月嬌,50000,115/04/02,,,F203010 食品什貨、飲料零售業；F203020 菸酒零售業；F399990 其他綜合零售業；F501030 飲料店業；F501060 餐館業；ZZ99999 除許可業務外，得經營法令非禁止或限制之業務,新北市,設立,11504
61251046,小清美甲工作室,新北市土城區和平路8之1號,范清草,200000,115/04/02,,,JZ99080 美容美髮服務業,新北市,設立,11504
61251051,汪喵日和寵物沙龍,新北市永和區安樂路194巷2號115年04月,張婕妤,150000,115/04/02,,,JZ99180 寵物美容服務業,新北市,設立,11504
61251067,耀樟工程行,新北市三重區忠孝路3段50巷2號,王耀樟,200000,115/04/02,,,F111090 建材批發業；E402010 沙石、淤泥海拋業；E401010 疏濬業；E502010 燃料導管安裝工程業；E599010 配管工程業；E603040 消防安全設備安裝工程業；E603120 噴砂工程業；E603110 冷作工程業；E603100 電焊工程業；E801010 室內裝潢業；E801020 門窗安裝工程業；E801030 室內輕鋼架工程業；E901010 油漆工程業；E903010 防蝕、防銹工程業；EZ02010 起重工程業；E801070 廚具、衛浴設備安裝工程業；EZ99990 其他工程業；EZ11010 球場跑道樹脂材料鋪設工程業；EZ15010 保溫、保冷安裝工程業；EZ14010 運動場地用設備工程業；IZ12010 人力派遣業；J101010 建築物清潔服務業；J101030 廢棄物清除業；J101040 廢棄物處理業；J101050 環境檢測服務業；J101060 廢（污）水處理業；J101080 資源回收業；J101090 廢棄物清理業；J101110 營建剩餘土石方資源處理業；J101990 其他環境衛生及污染防治服務業；JZ99990 未分類其他服務業；ZZ99999 除許可業務外，得經營法令非禁止或限制之業務,新北市,設立,11504
61251073,越香河粉店,新北市汐止區新台五路2段142號(1樓),黃氏秋愛,80000,115/04/02,,,F501060 餐館業,新北市,設立,11504
61251088,英記食品,新北市汐止區大同路1段337巷15弄9號4樓,魏仲鑫,100000,115/04/02,,,F203010 食品什貨、飲料零售業,新北市,設立,11504
61251094,瓏現企業社,新北市新莊區中正路514巷105弄15號115年04月,江帛龍,200000,115/04/02,,,J304010 圖書出版業；J305010 有聲出版業；J602010 演藝活動業；JE01010 租賃業；JZ99030 攝影業；I401010 一般廣告服務業；I599990 其他設計業；F601010 智慧財產權業；ZZ99999 除許可業務外，得經營法令非禁止或限制之業務；E401010 疏濬業；J101990 其他環境衛生及污染防治服務業,新北市,設立,11504
61251101,日日喜企業社,新北市萬里區萬里里成功新邨41號,何峻宇,240000,115/04/02,,,F501030 飲料店業；F201010 農產品零售業；F201020 畜產品零售業；F201050 漁具零售業；F201070 花卉零售業；F201090 觀賞魚零售業；F203010 食品什貨、飲料零售業；F399010 便利商店業；F102170 食品什貨批發業；F102040 飲料批發業；F106010 五金批發業；F106020 日常用品批發業；F101130 蔬果批發業；F101050 水產品批發業；F101100 花卉批發業；F101120 觀賞魚批發業；F399040 無店面零售業；CZ99010 製冰業；F201030 水產品零售業；ZZ99999 除許可業務外，得經營法令非禁止或限制之業務,新北市,設立,11504
61251117,春吉發酵烘焙號,新北市三重區同安東街57號(1樓),陳怡文,30000,115/04/02,,,C104020 烘焙炊蒸食品製造業；F203010 食品什貨、飲料零售業；F399040 無店面零售業；F501060 餐館業；F102170 食品什貨批發業；F501030 飲料店業；ZZ99999 除許可業務外，得經營法令非禁止或限制之業務,新北市,設立,11504
61251123,曜城工程行,新北市鶯歌區鶯桃路296巷94弄34號(1樓) 115年04月,鍾宜珊,200000,115/04/02,,,EZ99990 其他工程業；E599010 配管工程業；E901010 油漆工程業；E903010 防蝕、防銹工程業；E801030 室內輕鋼架工程業；E801070 廚具、衛浴設備安裝工程業；E801010 室內裝潢業；F106010 五金批發業；F106040 水器材料批發業；F106030 模具批發業；F111090 建材批發業；J101030 廢棄物清除業；J101040 廢棄物處理業；J101090 廢棄物清理業；J101080 資源回收業；ZZ99999 除許可業務外，得經營法令非禁止或限制之業務,新北市,設立,11504
61251138,明德企業社,新北市淡水區新春街103之35號8樓,陳昱辰,200000,115/04/02,,,E603010 電纜安裝工程業；E603020 電梯安裝工程業；E603050 自動控制設備工程業；E604010 機械安裝業；E605010 電腦設備安裝業；E901010 油漆工程業；E903010 防蝕、防銹工程業；EZ99990 其他工程業；F106010 五金批發業；F107010 漆料、塗料批發業；F111090 建材批發業；F113990 其他機械器具批發業；F199990 其他批發業；F206010 五金零售業；F207010 漆料、塗料零售業；F211010 建材零售業；F213990 其他機械器具零售業；F299990 其他零售業；ZZ99999 除許可業務外，得經營法令非禁止或限制之業務,新北市,設立,11504
61251159,貳玖肆茶行,新北市土城區延和路29號(1樓),林力文,100000,115/04/02,,,F501030 飲料店業；ZZ99999 除許可業務外，得經營法令非禁止或限制之業務,新北市,設立,11504
61251165,拾光漫商行,新北市板橋區廣和街130號,吳雨馨,80000,115/04/02,,,F501030 飲料店業；F501990 其他餐飲業；F203010 食品什貨、飲料零售業；ZZ99999 除許可業務外，得經營法令非禁止或限制之業務,新北市,設立,11504
61251171,認知數據工作室,新北市板橋區光華街15巷42號5樓,劉建笙,200000,115/04/02,,,I103060 管理顧問業；I199990 其他顧問服務業；I301010 資訊軟體服務業；I301020 資料處理服務業；I301060 網路廣告平臺業；IG02010 研究發展服務業；I301030 電子資訊供應服務業；J202010 產業育成業；J399010 軟體出版業；F399040 無店面零售業,新北市,設立,11504
61251186,花家水電工程行,新北市新莊區富貴路500號4樓115年04月,洪志源,200000,115/04/02,,,E599010 配管工程業；E601010 電器承裝業；E601020 電器安裝業；E603090 照明設備安裝工程業；E801010 室內裝潢業；E801070 廚具、衛浴設備安裝工程業；F105050 家具、寢具、廚房器具、裝設品批發業；F106010 五金批發業；F106040 水器材料批發業；F111090 建材批發業；F113020 電器批發業；ZZ99999 除許可業務外，得經營法令非禁止或限制之業務,新北市,設立,11504
61251192,加薪號,新北市三重區環河南路22號,呂佳馨,150000,115/04/02,,,F501060 餐館業；F501030 飲料店業；C104020 烘焙炊蒸食品製造業；F203010 食品什貨、飲料零售業；F501990 其他餐飲業,新北市,設立,11504
61251209,虎琅一餐館,新北市新莊區中港一街112號,林雅文,100000,115/04/02,,,F203010 食品什貨、飲料零售業；F501060 餐館業,新北市,設立,11504
61251215,好酸工作坊,新北市三峽區國際二街9號9樓之13,蘇育田,100000,115/04/02,,,C104010 糖果製造業；C104020 烘焙炊蒸食品製造業；C106010 製粉業；F201010 農產品零售業；F203010 食品什貨、飲料零售業；F501060 餐館業；F501990 其他餐飲業；I101090 食品顧問業；IZ04010 翻譯業,新北市,設立,11504
61251221,鑫翰工程行,新北市板橋區莊敬路58號14樓之1,楊宗翰,200000,115/04/02,,,E599010 配管工程業；E603010 電纜安裝工程業；E801010 室內裝潢業；E801020 門窗安裝工程業；E801030 室內輕鋼架工程業；E801040 玻璃安裝工程業；E801070 廚具、衛浴設備安裝工程業；E901010 油漆工程業；E903010 防蝕、防銹工程業；IZ12010 人力派遣業；J101010 建築物清潔服務業；ZZ99999 除許可業務外，得經營法令非禁止或限制之業務,新北市,設立,11504
61251236,二小姐腿庫飯,新北市汐止區大同路1段313號（1樓）,簡志和,100000,115/04/02,,,F501060 餐館業；F203010 食品什貨、飲料零售業；F201020 畜產品零售業；F204110 布疋、衣著、鞋、帽、傘、服飾品零售業；F206020 日常用品零售業；F209060 文教、樂器、育樂用品零售業；F201010 農產品零售業；F201030 水產品零售業；F201990 其他農畜水產品零售業,新北市,設立,11504
61251242,阿壯小吃店,新北市新店區民權路133號,吳佳紋,80000,115/04/02,,,F203010 食品什貨、飲料零售業；F501990 其他餐飲業；F501030 飲料店業；F501060 餐館業,新北市,設立,11504
61251257,國泰街素食,新北市板橋區國泰街98號,李佳靜,5000,115/04/02,,,F501990 其他餐飲業；F501060 餐館業；F203010 食品什貨、飲料零售業；ZZ99999 除許可業務外，得經營法令非禁止或限制之業務,新北市,設立,11504
61251263,衣采服飾店,新北市淡水區清水街40號(1樓) 115年04月,鄭詠馨,60000,115/04/02,,,F204110 布疋、衣著、鞋、帽、傘、服飾品零售業；ZZ99999 除許可業務外，得經營法令非禁止或限制之業務,新北市,設立,11504
61251279,逸新工程行,新北市淡水區仁愛街2巷31之1號(1樓),郭宴余,100000,115/04/07,,,E801010 室內裝潢業；E801030 室內輕鋼架工程業；E599010 配管工程業；EZ07010 鑽孔工程業；E901010 油漆工程業；E801040 玻璃安裝工程業；E801070 廚具、衛浴設備安裝工程業；E801020 門窗安裝工程業；E603130 燃氣熱水器承裝業；EZ15010 保溫、保冷安裝工程業；EZ99990 其他工程業；F111090 建材批發業；F206010 五金零售業；F211010 建材零售業；F399040 無店面零售業；J101010 建築物清潔服務業；J101040 廢棄物處理業；J101030 廢棄物清除業；J101090 廢棄物清理業,新北市,設立,11504
61251284,三寶媽家常便當,新北市淡水區崁頂里崁頂57之15號,蔡嘉萍,50000,115/04/07,,,F501060 餐館業,新北市,設立,11504
61251290,憨惠舜屋,新北市鶯歌區尖山路156巷1之1號(1樓),張雅惠,100000,115/04/07,,,F501990 其他餐飲業；ZZ99999 除許可業務外，得經營法令非禁止或限制之業務,新北市,設立,11504
61251307,鏸中工作坊,新北市淡水區沙崙路151巷12弄9號2樓,張瑞紋,8000,115/04/07,,,IZ02010 打字業；ZZ99999 除許可業務外，得經營法令非禁止或限制之業務,新北市,設立,11504
61251313,慢好日子商行,新北市蘆洲區永安北路2段58巷20號3樓,吳宜芬,20000,115/04/07,,,F104110 布疋、衣著、鞋、帽、傘、服飾品批發業；F105050 家具、寢具、廚房器具、裝設品批發業；F106010 五金批發業；F106020 日常用品批發業；F107030 清潔用品批發業；F108031 醫療器材批發業；F109070 文教、樂器、育樂用品批發業；F113020 電器批發業；F199990 其他批發業；F203010 食品什貨、飲料零售業；F204110 布疋、衣著、鞋、帽、傘、服飾品零售業；F205040 家具、寢具、廚房器具、裝設品零售業；F206010 五金零售業；F206020 日常用品零售業；F207030 清潔用品零售業；F208031 醫療器材零售業；F209060 文教、樂器、育樂用品零售業；F213010 電器零售業；F299990 其他零售業；F399040 無店面零售業；F399990 其他綜合零售業；ZZ99999 除許可業務外，得經營法令非禁止或限制之業務,新北市,設立,11504
61251329,井福越式小館,新北市永和區信義路20之1號115年04月,哈氏玉娟,200000,115/04/07,,,F501060 餐館業；F501030 飲料店業；F203010 食品什貨、飲料零售業,新北市,設立,11504
61251334,東萌炸物店,新北市淡水區新市五路3段310號,傅俊旻,100000,115/04/07,,,F501990 其他餐飲業；F501060 餐館業；F203010 食品什貨、飲料零售業；ZZ99999 除許可業務外，得經營法令非禁止或限制之業務,新北市,設立,11504
61251340,乙璇小吃店,新北市淡水區中山路70之37號,廖乙璇,50000,115/04/07,,,F203020 菸酒零售業；F203010 食品什貨、飲料零售業；F399040 無店面零售業；F501060 餐館業；F501030 飲料店業；F299990 其他零售業；ZZ99999 除許可業務外，得經營法令非禁止或限制之業務,新北市,設立,11504
61251355,融邑行,新北市新莊區幸福路671巷2弄1號,宋悅廷,100000,115/04/07,,,C802100 化粧品製造業；F208040 化粧品零售業；F501030 飲料店業；F501990 其他餐飲業；F399040 無店面零售業,新北市,設立,11504
61251361,沐貓商行,新北市瑞芳區輕便路129之3號(2樓),陳俊宇,200000,115/04/07,,,F203010 食品什貨、飲料零售業；F203030 酒精零售業；F204110 布疋、衣著、鞋、帽、傘、服飾品零售業；F205040 家具、寢具、廚房器具、裝設品零售業；F206020 日常用品零售業；F206050 寵物食品及其用品零售業；F208040 化粧品零售業；F102170 食品什貨批發業；F209060 文教、樂器、育樂用品零售業；F210020 眼鏡零售業；F215010 首飾及貴金屬零售業；F221010 食品添加物零售業；F399040 無店面零售業；F401010 國際貿易業；F501030 飲料店業；F501060 餐館業；F101100 花卉批發業；J303010 雜誌（期刊）出版業；I102010 一般投資顧問業；I103060 管理顧問業；I105010 藝術品諮詢顧問業；I199990 其他顧問服務業；I401010 一般廣告服務業；I501010 產品設計業；I503010 景觀設計業；I504010 花藝設計業；I599990 其他設計業,新北市,設立,11504
61251377,艾妲美睫工作室,新北市板橋區漢生東路23巷26號,葉靜思,100000,115/04/07,,,JZ99080 美容美髮服務業,新北市,設立,11504
61251382,承歆華餐飲,新北市淡水區新春街93之3號(1樓、2樓) 115年04月,蔡承諭,100000,115/04/07,,,F501060 餐館業；F501990 其他餐飲業；F203010 食品什貨、飲料零售業；F399040 無店面零售業；ZZ99999 除許可業務外，得經營法令非禁止或限制之業務,新北市,設立,11504
61251398,雙楊商號板橋分店,新北市板橋區懷仁街88號(1樓),鄭滿雀,100000,115/04/07,,,F501060 餐館業,新北市,設立,11504
61251405,開越工程行,新北市淡水區北新路69巷38號11樓,陳錦正,200000,115/04/07,,,E601020 電器安裝業；E603010 電纜安裝工程業；E603040 消防安全設備安裝工程業；E603080 交通號誌安裝工程業；E603090 照明設備安裝工程業；E603100 電焊工程業；E604010 機械安裝業；E605010 電腦設備安裝業；E701010 電信工程業；E801010 室內裝潢業；E801020 門窗安裝工程業；E801030 室內輕鋼架工程業；E801040 玻璃安裝工程業；E801070 廚具、衛浴設備安裝工程業；E901010 油漆工程業；E903010 防蝕、防銹工程業；EZ99990 其他工程業；ZZ99999 除許可業務外，得經營法令非禁止或限制之業務,新北市,設立,11504
61251411,信展金屬企業社,新北市中和區民安街31號2樓115年04月,陳信安,200000,115/04/07,,,CA02010 金屬結構及建築組件製造業；CA02060 金屬容器製造業；CA02080 金屬鍛造業；CA02090 金屬線製品製造業；CA02990 其他金屬製品製造業；CA01050 鋼材二次加工業；F106010 五金批發業；F206010 五金零售業；E599010 配管工程業；E801010 室內裝潢業；E801020 門窗安裝工程業；E801030 室內輕鋼架工程業；E801070 廚具、衛浴設備安裝工程業；EZ05010 儀器、儀表安裝工程業；EZ07010 鑽孔工程業；EZ99990 其他工程業；ZZ99999 除許可業務外，得經營法令非禁止或限制之業務,新北市,設立,11504
61251427,威姆工程行,新北市永和區永貞路79號,伍華喆,200000,115/04/07,,,E601020 電器安裝業；E603010 電纜安裝工程業；E603020 電梯安裝工程業；E603040 消防安全設備安裝工程業；E604010 機械安裝業；F106010 五金批發業；F106020 日常用品批發業；F106040 水器材料批發業；F113020 電器批發業；F117010 消防安全設備批發業；F206010 五金零售業；F206020 日常用品零售業；F206040 水器材料零售業；F207010 漆料、塗料零售業；F213080 機械器具零售業；F217010 消防安全設備零售業；JA02010 電器及電子產品修理業；ZZ99999 除許可業務外，得經營法令非禁止或限制之業務,新北市,設立,11504
61251432,閎圖興業,新北市樹林區中山路1段33號,謝浤庠,100000,115/04/07,,,F501030 飲料店業；F203020 菸酒零售業；ZZ99999 除許可業務外，得經營法令非禁止或限制之業務,新北市,設立,11504
61251448,棠菲商行,新北市蘆洲區中興街15巷24號4樓,郭雅婷,50000,115/04/07,,,F203010 食品什貨、飲料零售業；F501060 餐館業；F399040 無店面零售業；F102170 食品什貨批發業；F206020 日常用品零售業,新北市,設立,11504
61251453,南城綠茶店,新北市新莊區富國路39號115年04月,陳晏喻,200000,115/04/07,,,F501030 飲料店業；F399040 無店面零售業；ZZ99999 除許可業務外，得經營法令非禁止或限制之業務,新北市,設立,11504
61251469,聚匠工程行,新北市中和區中山路2段332巷1號7樓115年04月,陳宥霖,200000,115/04/07,,,E903010 防蝕、防銹工程業；E901010 油漆工程業；E603120 噴砂工程業；E603110 冷作工程業；EZ07010 鑽孔工程業；EZ99990 其他工程業；E601010 電器承裝業；E601020 電器安裝業；E603010 電纜安裝工程業；E603020 電梯安裝工程業；E603040 消防安全設備安裝工程業；E603090 照明設備安裝工程業；E603100 電焊工程業；E603130 燃氣熱水器承裝業；E607010 太陽熱能設備安裝工程業；E604010 機械安裝業；EZ05010 儀器、儀表安裝工程業；E801010 室內裝潢業；E801020 門窗安裝工程業；E801030 室內輕鋼架工程業；E801040 玻璃安裝工程業；E801070 廚具、衛浴設備安裝工程業；E599010 配管工程業；E502010 燃料導管安裝工程業；EZ11010 球場跑道樹脂材料鋪設工程業；EZ14010 運動場地用設備工程業；F205040 家具、寢具、廚房器具、裝設品零售業；F206010 五金零售業；F206040 水器材料零售業；F211010 建材零售業；F213010 電器零售業；F213080 機械器具零售業；F207010 漆料、塗料零售業；F107010 漆料、塗料批發業；F299990 其他零售業；F401010 國際貿易業；F111090 建材批發業；I503010 景觀設計業；IG03010 能源技術服務業；IZ12010 人力派遣業；J101010 建築物清潔服務業；ZZ99999 除許可業務外，得經營法令非禁止或限制之業務,新北市,設立,11504
61251475,卓企電商能源科技商行,新北市淡水區新市一路1段363號5樓,沈美珍,200000,115/04/07,,,F204110 布疋、衣著、鞋、帽、傘、服飾品零售業；F209060 文教、樂器、育樂用品零售業；F206020 日常用品零售業；F299990 其他零售業；F399040 無店面零售業；H701010 住宅及大樓開發租售業；H701020 工業廠房開發租售業；H701090 都市更新整建維護業；H703090 不動產買賣業；H703100 不動產租賃業；F213010 電器零售業；E601010 電器承裝業；E603090 照明設備安裝工程業；E605010 電腦設備安裝業；IG03010 能源技術服務業；ZZ99999 除許可業務外，得經營法令非禁止或限制之業務；J101080 資源回收業,新北市,設立,11504
61251480,逐途科技工作室,新北市五股區成泰路4段24之1號6樓,劉冠成,240000,115/04/07,,,I301010 資訊軟體服務業；I301020 資料處理服務業；I301030 電子資訊供應服務業；I301040 第三方支付服務業；ZZ99999 除許可業務外，得經營法令非禁止或限制之業務,新北市,設立,11504
61251496,岑香食品商行,新北市五股區五福路79號(1樓),簡聰瑋,180000,115/04/07,,,F203010 食品什貨、飲料零售業；F399040 無店面零售業,新北市,設立,11504
61251502,富家莊腿庫飯,新北市土城區延和路211號115年04月,郭致伶,200000,115/04/07,,,F501060 餐館業,新北市,設立,11504
61251518,汎達空調工程行,新北市淡水區新市二路4段84號3樓,傅清彥,245000,115/04/07,,,E601010 電器承裝業；E601020 電器安裝業；E599010 配管工程業；E603050 自動控制設備工程業；E603090 照明設備安裝工程業；E603130 燃氣熱水器承裝業；E607010 太陽熱能設備安裝工程業；E801070 廚具、衛浴設備安裝工程業；E801010 室內裝潢業；EZ15010 保溫、保冷安裝工程業；EZ99990 其他工程業；E801030 室內輕鋼架工程業；E603040 消防安全設備安裝工程業；E502010 燃料導管安裝工程業；E801040 玻璃安裝工程業；F106010 五金批發業；F106040 水器材料批發業；F113020 電器批發業；F113030 精密儀器批發業；F113990 其他機械器具批發業；F119010 電子材料批發業；F199990 其他批發業；F206010 五金零售業；F206040 水器材料零售業；F213010 電器零售業；F213080 機械器具零售業；F213990 其他機械器具零售業；F219010 電子材料零售業；F299990 其他零售業；F399040 無店面零售業；F401010 國際貿易業；F399990 其他綜合零售業；JA02010 電器及電子產品修理業；JA02990 其他修理業；ZZ99999 除許可業務外，得經營法令非禁止或限制之業務,新北市,設立,11504
61251524,金惡霸菁仔行,新北市五股區凌雲路1段102號(1樓),李姿瑩,200000,115/04/07,,,F201990 其他農畜水產品零售業；F203010 食品什貨、飲料零售業；F203020 菸酒零售業,新北市,設立,11504
61251539,天使畫廊,新北市淡水區紅樹林路155號2樓,陳琬菁,50000,115/04/07,,,J601010 藝文服務業；JB01010 會議及展覽服務業；F209060 文教、樂器、育樂用品零售業,新北市,設立,11504
61251545,好動徒手館,新北市八里區商港六路53號(1樓) 115年04月,王婷,50000,115/04/08,,,JF01010 傳統整復推拿業；JZ99110 瘦身美容業；F206020 日常用品零售業；F209060 文教、樂器、育樂用品零售業；F208050 乙類成藥零售業,新北市,設立,11504
61251550,建佑工程行,新北市新莊區新知三路61號3樓,林建佑,200000,115/04/07,,,E599010 配管工程業；E601010 電器承裝業；E601020 電器安裝業；E603040 消防安全設備安裝工程業；E603050 自動控制設備工程業；E603090 照明設備安裝工程業；E603130 燃氣熱水器承裝業；E607010 太陽熱能設備安裝工程業；E701040 簡易電信設備安裝業；E801010 室內裝潢業；E801020 門窗安裝工程業；E801030 室內輕鋼架工程業；E801040 玻璃安裝工程業；E801070 廚具、衛浴設備安裝工程業；E901010 油漆工程業；E903010 防蝕、防銹工程業；EZ02010 起重工程業；EZ07010 鑽孔工程業；EZ99990 其他工程業；F120010 耐火材料批發業；F104110 布疋、衣著、鞋、帽、傘、服飾品批發業；F105050 家具、寢具、廚房器具、裝設品批發業；F106010 五金批發業；F106020 日常用品批發業；F106040 水器材料批發業；F107030 清潔用品批發業；F111090 建材批發業；F113020 電器批發業；F205040 家具、寢具、廚房器具、裝設品零售業；F206010 五金零售業；F206020 日常用品零售業；F206040 水器材料零售業；F211010 建材零售業；F213010 電器零售業；F220010 耐火材料零售業；F399040 無店面零售業；F401010 國際貿易業；I199990 其他顧問服務業；I501010 產品設計業；I503010 景觀設計業；I504010 花藝設計業；I599990 其他設計業；IZ12010 人力派遣業；J101010 建築物清潔服務業；JZ99050 仲介服務業；ZZ99999 除許可業務外，得經營法令非禁止或限制之業務,新北市,設立,11504
61251566,佰味雞塩酥雞,新北市汐止區忠孝東路460號,羅素芬,50000,115/04/07,,,F203010 食品什貨、飲料零售業,新北市,設立,11504
61251572,捌號大道餐館,新北市三重區文化南路8之3號(1樓) 115年04月,吳英英,180000,115/04/07,,,F501060 餐館業,新北市,設立,11504
61251587,芯豐潮好食小吃店,新北市板橋區中山路2段391號,李信璋,200000,115/04/07,,,F399040 無店面零售業；F501060 餐館業；ZZ99999 除許可業務外，得經營法令非禁止或限制之業務,新北市,設立,11504
61251593,映昕廣告企業社,新北市新莊區新樹路360號10樓,蔡旻逸,200000,115/04/07,,,I401010 一般廣告服務業；I401020 廣告傳單分送業；IZ10010 排版業；IZ12010 人力派遣業；F107990 其他化學製品批發業；F401010 國際貿易業；ZZ99999 除許可業務外，得經營法令非禁止或限制之業務,新北市,設立,11504
61251600,傑曜工程行,新北市淡水區英專路79巷13號(1樓),洪唯傑,200000,115/04/07,,,E599010 配管工程業；E601010 電器承裝業；E601020 電器安裝業；E603090 照明設備安裝工程業；E603100 電焊工程業；E801010 室內裝潢業；E801020 門窗安裝工程業；E801030 室內輕鋼架工程業；E801040 玻璃安裝工程業；E801070 廚具、衛浴設備安裝工程業；E901010 油漆工程業；E903010 防蝕、防銹工程業；EZ99990 其他工程業；F111090 建材批發業；F211010 建材零售業；F106010 五金批發業；F206010 五金零售業；F106040 水器材料批發業；F206040 水器材料零售業；F113020 電器批發業；F213010 電器零售業；H702010 建築經理業；H703090 不動產買賣業；H703100 不動產租賃業；HZ99990 其他金融、保險及不動產業；IZ12010 人力派遣業；J101030 廢棄物清除業；J101040 廢棄物處理業；J101090 廢棄物清理業；J101110 營建剩餘土石方資源處理業；JZ99990 未分類其他服務業；ZZ99999 除許可業務外，得經營法令非禁止或限制之業務,新北市,設立,11504
61251616,鼎承工程行,新北市新店區安興路125之10號115年04月,薛長淵,200000,115/04/07,,,E603090 照明設備安裝工程業；E601020 電器安裝業；E599010 配管工程業；E801010 室內裝潢業；F113020 電器批發業；F213010 電器零售業；ZZ99999 除許可業務外，得經營法令非禁止或限制之業務,新北市,設立,11504
61251622,暮夕靜光工作室,新北市板橋區四維路207號,原樂敏,100000,115/04/07,,,F208040 化粧品零售業；F299990 其他零售業；J202010 產業育成業；F401010 國際貿易業；F399040 無店面零售業；F501030 飲料店業；I401010 一般廣告服務業；J503010 廣播節目製作業（原:J503011廣播節目製作業）；ZZ99999 除許可業務外，得經營法令非禁止或限制之業務,新北市,設立,11504
61251637,伊琺美顏工作室,新北市三峽區國際一街19號4樓,周欣縈,200000,115/04/07,,,JZ99080 美容美髮服務業；F208040 化粧品零售業；F203010 食品什貨、飲料零售業,新北市,設立,11504
61251643,星翼運動休閒工作室,新北市板橋區合宜路41號8樓之2,潘則維,200000,115/04/07,,,J802010 運動訓練業；F209060 文教、樂器、育樂用品零售業；ZZ99999 除許可業務外，得經營法令非禁止或限制之業務,新北市,設立,11504
61251658,傑出甘霖商行,新北市樹林區博愛一街23號,簡妙真,200000,115/04/08,,,F501030 飲料店業；F203010 食品什貨、飲料零售業；F102040 飲料批發業；F102050 茶葉批發業；F102170 食品什貨批發業；F399040 無店面零售業；ZZ99999 除許可業務外，得經營法令非禁止或限制之業務,新北市,設立,11504
61251664,曜盛國際商行,新北市中和區中山路2段332巷1號3樓,胡智傑,100000,115/04/08,,,F102170 食品什貨批發業；F108040 化粧品批發業；F203010 食品什貨、飲料零售業；F208040 化粧品零售業；F208050 乙類成藥零售業；F399040 無店面零售業；F401010 國際貿易業；I103060 管理顧問業；ZZ99999 除許可業務外，得經營法令非禁止或限制之業務,新北市,設立,11504
61251670,合悦食光商行,新北市板橋區館前西路95號,杜煥鈴,60000,115/04/08,,,F203010 食品什貨、飲料零售業,新北市,設立,11504
61251685,世蘋企業社,新北市三峽區白雞68之223號,黃莉蘋,200000,115/04/08,,,E601010 電器承裝業；E601020 電器安裝業；F106040 水器材料批發業；ZZ99999 除許可業務外，得經營法令非禁止或限制之業務,新北市,設立,11504
61251691,愷瑄工程行,新北市林口區麗園一街11巷5號16樓之1,陳羿愷,200000,115/04/08,,,E599010 配管工程業；E901010 油漆工程業；E903010 防蝕、防銹工程業；EZ99990 其他工程業；F106010 五金批發業；ZZ99999 除許可業務外，得經營法令非禁止或限制之業務,新北市,設立,11504
61251708,美麗人生茶與咖啡店,新北市新莊區中信街29號(1樓),游麗香,100000,115/04/08,,,F501030 飲料店業；ZZ99999 除許可業務外，得經營法令非禁止或限制之業務,新北市,設立,11504
61251714,阿志炒飯店,新北市三峽區民生街154號115年04月,林建志,100000,115/04/08,,,F501060 餐館業,新北市,設立,11504
61251720,曜辰企業社,新北市中和區中山路2段332巷1號7樓,何天仁,200000,115/04/08,,,I401010 一般廣告服務業；F399040 無店面零售業；F601010 智慧財產權業；J303010 雜誌（期刊）出版業；J304010 圖書出版業；I301010 資訊軟體服務業；JZ99050 仲介服務業；JZ99990 未分類其他服務業；I199990 其他顧問服務業；F218010 資訊軟體零售業；J305010 有聲出版業；J602010 演藝活動業；ZZ99999 除許可業務外，得經營法令非禁止或限制之業務,新北市,設立,11504
61251735,迪摩麗美容工作坊,新北市土城區中央路1段92號8樓,江翊瑄,100000,115/04/08,,,JZ99080 美容美髮服務業；F208040 化粧品零售業；I199990 其他顧問服務業；JZ99990 未分類其他服務業；F401010 國際貿易業；F601010 智慧財產權業；ZZ99999 除許可業務外，得經營法令非禁止或限制之業務,新北市,設立,11504
61251741,玉國工程行,新北市中和區景新街298巷2號2樓,馬國中,200000,115/04/08,,,E801030 室內輕鋼架工程業；E801010 室內裝潢業；E801020 門窗安裝工程業；F106010 五金批發業；F120010 耐火材料批發業；F220010 耐火材料零售業；F111090 建材批發業；F211010 建材零售業；ZZ99999 除許可業務外，得經營法令非禁止或限制之業務,新北市,設立,11504
61251756,澎澎咖啡館,新北市板橋區民權路202巷6弄1號(1樓),丁凱倫,200000,115/04/08,,,ZZ99999 除許可業務外，得經營法令非禁止或限制之業務；F501030 飲料店業；F501060 餐館業,新北市,設立,11504
61251762,一弄美學工作室,新北市樹林區中山路1段268號(2樓),康雅禎,50000,115/04/08,,,JZ99080 美容美髮服務業；ZZ99999 除許可業務外，得經營法令非禁止或限制之業務,新北市,設立,11504
61251778,麥田烘焙坊,新北市板橋區貴興路95號,李孟璇,100000,115/04/08,,,C104020 烘焙炊蒸食品製造業；F203010 食品什貨、飲料零售業；F102170 食品什貨批發業；F399040 無店面零售業,新北市,設立,11504
61251783,福采素食小吃店,新北市五股區成泰路2段91巷5號(1樓),蘇坤永,88000,115/04/08,,,F501060 餐館業,新北市,設立,11504
61251799,寶華企業社,新北市新莊區中平路377巷1之1號5樓115年04月,王素華,200000,115/04/08,,,F203010 食品什貨、飲料零售業；F102170 食品什貨批發業；F206020 日常用品零售業；F107030 清潔用品批發業；F207030 清潔用品零售業；F106020 日常用品批發業；F108040 化粧品批發業；F208040 化粧品零售業；ZZ99999 除許可業務外，得經營法令非禁止或限制之業務,新北市,設立,11504
61251806,未來之光企業社,新北市林口區中山路546號2樓之1,黃建華,200000,115/04/08,,,I401010 一般廣告服務業；JZ99050 仲介服務業；H703100 不動產租賃業；H703090 不動產買賣業；I599990 其他設計業；I501010 產品設計業；JB01010 會議及展覽服務業；IZ99990 其他工商服務業；I199990 其他顧問服務業；F206010 五金零售業；F211010 建材零售業；F399040 無店面零售業；F401010 國際貿易業；JE01010 租賃業；JZ99990 未分類其他服務業；F206020 日常用品零售業；F299990 其他零售業；ZZ99999 除許可業務外，得經營法令非禁止或限制之業務,新北市,設立,11504
61251812,大鎧企業社,新北市林口區中山路546號2樓之1,楊鎧,200000,115/04/08,,,I401010 一般廣告服務業；JZ99050 仲介服務業；H703100 不動產租賃業；H703090 不動產買賣業；I599990 其他設計業；I501010 產品設計業；JB01010 會議及展覽服務業；IZ99990 其他工商服務業；I199990 其他顧問服務業；F206010 五金零售業；F211010 建材零售業；F399040 無店面零售業；F401010 國際貿易業；JE01010 租賃業；JZ99990 未分類其他服務業；F206020 日常用品零售業；F299990 其他零售業；ZZ99999 除許可業務外，得經營法令非禁止或限制之業務,新北市,設立,11504
61251828,植巷工作室,新北市永和區中正路417號8樓115年04月,卓凱文,50000,115/04/08,,,F201061 種苗零售業；A102080 園藝服務業；ZZ99999 除許可業務外，得經營法令非禁止或限制之業務,新北市,設立,11504
61251833,洺銜能管系統工程行,新北市汐止區東勢街201巷252號,李詩祥,200000,115/04/08,,,IG03010 能源技術服務業；I103060 管理顧問業；I199990 其他顧問服務業；I301010 資訊軟體服務業；I301020 資料處理服務業；I301030 電子資訊供應服務業；E603050 自動控制設備工程業；IB01010 建築物公共安全檢查業；F106010 五金批發業；F113010 機械批發業；F113020 電器批發業；F113030 精密儀器批發業；F113050 電腦及事務性機器設備批發業；F199990 其他批發業；F213080 機械器具零售業；F213990 其他機械器具零售業；CC01040 照明設備製造業；E599010 配管工程業；F213010 電器零售業；E601010 電器承裝業；E601020 電器安裝業；E801030 室內輕鋼架工程業；E801010 室內裝潢業；E903010 防蝕、防銹工程業；EZ11010 球場跑道樹脂材料鋪設工程業；EZ05010 儀器、儀表安裝工程業；EZ14010 運動場地用設備工程業；EZ99990 其他工程業；CA03010 熱處理業；CB01010 機械設備製造業；CB01020 事務機器製造業；J801030 競技及休閒運動場館業；JZ99990 未分類其他服務業；ZZ99999 除許可業務外，得經營法令非禁止或限制之業務,新北市,設立,11504
61251849,菁靈盛放工作室,新北市三峽區民生街106-2號3樓,曾彥菁,100000,115/04/08,,,J304010 圖書出版業；J601010 藝文服務業；JB01010 會議及展覽服務業；JZ99990 未分類其他服務業；JI01010 互動式情境體驗服務業；J503010 廣播節目製作業（原:J503011廣播節目製作業）；J399990 其他出版業；J303010 雜誌（期刊）出版業；J302010 通訊稿業；J305010 有聲出版業,新北市,設立,11504
61251854,沙日選物商行,新北市樹林區日新街143號5樓,蔡旻憲,120000,115/04/08,,,F204110 布疋、衣著、鞋、帽、傘、服飾品零售業；F399040 無店面零售業；ZZ99999 除許可業務外，得經營法令非禁止或限制之業務,新北市,設立,11504
61251860,優優數位企業社,新北市淡水區新市三路2段213號2樓115年04月,徐坤榮,100000,115/04/08,,,F399040 無店面零售業,新北市,設立,11504
61251876,潤光所工作室,新北市新莊區中正路223巷2弄2號5樓,羅煒,240000,115/04/08,,,J404040 電影錄音業；J503010 廣播節目製作業（原:J503011廣播節目製作業）；J503020 電視節目製作業（原:J503021電視節目製作業）；J601010 藝文服務業；J602010 演藝活動業；I401010 一般廣告服務業；I599990 其他設計業；F401010 國際貿易業；ZZ99999 除許可業務外，得經營法令非禁止或限制之業務,新北市,設立,11504
61251881,嵐欣工作室,新北市中和區國光街112巷18弄19號4樓,吳欣穎,100000,115/04/08,,,F204110 布疋、衣著、鞋、帽、傘、服飾品零售業；F209060 文教、樂器、育樂用品零售業；F399040 無店面零售業；ZZ99999 除許可業務外，得經營法令非禁止或限制之業務,新北市,設立,11504
61251897,炫逸起重工程行,新北市五股區五福路156號4樓,陳宣豪,200000,115/04/08,,,EZ02010 起重工程業；F113990 其他機械器具批發業；F213080 機械器具零售業；F214010 汽車零售業；F214990 其他交通運輸工具及其零件零售業；JE01010 租賃業；ZZ99999 除許可業務外，得經營法令非禁止或限制之業務,新北市,設立,11504
61251904,宸家立業貿易行,新北市中和區德光路136號8樓,王翊寧,100000,115/04/08,,,F201030 水產品零售業；F203010 食品什貨、飲料零售業；F401010 國際貿易業；F399040 無店面零售業；ZZ99999 除許可業務外，得經營法令非禁止或限制之業務,新北市,設立,11504
61251910,鍾愛餐飲企業社,新北市土城區裕民路44號115年04月,蔡璧合,100000,115/04/08,,,F203010 食品什貨、飲料零售業；F501060 餐館業；F501990 其他餐飲業,新北市,設立,11504
61251926,丹豐實業社,新北市新店區安興路125之10號(1樓) 115年04月,姚登傑,248000,115/04/08,,,E801010 室內裝潢業；EZ99990 其他工程業；F211010 建材零售業；C901070 石材製品製造業；E801020 門窗安裝工程業；E801030 室內輕鋼架工程業；I503010 景觀設計業；E603040 消防安全設備安裝工程業；E607010 太陽熱能設備安裝工程業；E599010 配管工程業；IZ12010 人力派遣業；E901010 油漆工程業；F106010 五金批發業；F105050 家具、寢具、廚房器具、裝設品批發業；E603050 自動控制設備工程業；F401010 國際貿易業；H703100 不動產租賃業；F206020 日常用品零售業；F203010 食品什貨、飲料零售業；F204110 布疋、衣著、鞋、帽、傘、服飾品零售業；F209060 文教、樂器、育樂用品零售業；JZ99080 美容美髮服務業；E601020 電器安裝業；ZZ99999 除許可業務外，得經營法令非禁止或限制之業務,新北市,設立,11504
61251931,沐語室內裝修設計工程行,新北市中和區中正路277之4號18樓,李嘉偉,200000,115/04/08,,,E801010 室內裝潢業；E801060 室內裝修業（註：名稱應標明「室內裝修」字樣）；E599010 配管工程業；E801020 門窗安裝工程業；E801030 室內輕鋼架工程業；E801040 玻璃安裝工程業；E901010 油漆工程業；E903010 防蝕、防銹工程業；E801070 廚具、衛浴設備安裝工程業；E601020 電器安裝業；EZ07010 鑽孔工程業；E603040 消防安全設備安裝工程業；EZ99990 其他工程業；F105050 家具、寢具、廚房器具、裝設品批發業；F106050 陶瓷玻璃器皿批發業；F111090 建材批發業；F205040 家具、寢具、廚房器具、裝設品零售業；F211010 建材零售業；F299990 其他零售業；F401010 國際貿易業；F120010 耐火材料批發業；F220010 耐火材料零售業；F106010 五金批發業；F113010 機械批發業；F117010 消防安全設備批發業；F206010 五金零售業；IZ12010 人力派遣業；IF01010 消防安全設備檢修業；IZ99990 其他工商服務業；ZZ99999 除許可業務外，得經營法令非禁止或限制之業務；I501010 產品設計業；I503010 景觀設計業；I599990 其他設計業,新北市,設立,11504
61251947,藝心商行,新北市樹林區三福街21號115年04月,陳藝心,50000,115/04/09,,,F209060 文教、樂器、育樂用品零售業；F203010 食品什貨、飲料零售業,新北市,設立,11504
61251952,加辰企業社,新北市蘆洲區中山一路161號3樓,陳宇橙,200000,115/04/09,,,E599010 配管工程業；E601010 電器承裝業；E601020 電器安裝業；E603090 照明設備安裝工程業；E603110 冷作工程業；E603130 燃氣熱水器承裝業；E801010 室內裝潢業；E801070 廚具、衛浴設備安裝工程業；EZ07010 鑽孔工程業；EZ15010 保溫、保冷安裝工程業；EZ99990 其他工程業；F105050 家具、寢具、廚房器具、裝設品批發業；F106010 五金批發業；F111090 建材批發業；F113020 電器批發業；F119010 電子材料批發業；F199990 其他批發業；F401010 國際貿易業；ZZ99999 除許可業務外，得經營法令非禁止或限制之業務,新北市,設立,11504
61251968,祖鼎企業社,新北市三重區重新路2段78號15樓,林祖賢,200000,115/04/09,,,F399040 無店面零售業；F204110 布疋、衣著、鞋、帽、傘、服飾品零售業；F206020 日常用品零售業；F205040 家具、寢具、廚房器具、裝設品零售業；F206010 五金零售業；F209060 文教、樂器、育樂用品零售業；F206050 寵物食品及其用品零售業；F203010 食品什貨、飲料零售業；F401010 國際貿易業；F208040 化粧品零售業；F115010 首飾及貴金屬批發業；F215010 首飾及貴金屬零售業；F115020 礦石批發業；F215020 礦石零售業；F213010 電器零售業；ZZ99999 除許可業務外，得經營法令非禁止或限制之業務,新北市,設立,11504
61251974,鑫鈺企業社,新北市汐止區東勢街76巷85號,江粲棠,200000,115/04/09,,,E801020 門窗安裝工程業；E801010 室內裝潢業；E901010 油漆工程業；E903010 防蝕、防銹工程業；ZZ99999 除許可業務外，得經營法令非禁止或限制之業務,新北市,設立,11504
61251989,純恩企業社,新北市新莊區頭前路168號(1樓) 115年04月,黃暐倫,200000,115/04/09,,,F203010 食品什貨、飲料零售業；F501030 飲料店業；F204110 布疋、衣著、鞋、帽、傘、服飾品零售業；F208040 化粧品零售業；JE01010 租賃業；F206020 日常用品零售業；ZZ99999 除許可業務外，得經營法令非禁止或限制之業務,新北市,設立,11504
61251995,一本工程行,新北市三重區車路頭街117巷46號5樓115年04月,林星光,150000,115/04/09,,,E599010 配管工程業；E603100 電焊工程業；E603110 冷作工程業；E603120 噴砂工程業；E603040 消防安全設備安裝工程業；E801020 門窗安裝工程業；E801030 室內輕鋼架工程業；E801040 玻璃安裝工程業；E901010 油漆工程業；EZ02010 起重工程業；EZ07010 鑽孔工程業；EZ99990 其他工程業；F401010 國際貿易業；ZZ99999 除許可業務外，得經營法令非禁止或限制之業務,新北市,設立,11504
61252002,永御電器工程行,新北市中和區中正路736號14樓之3,陳復煒,240000,115/04/09,,,E599010 配管工程業；E601020 電器安裝業；E601010 電器承裝業；E603010 電纜安裝工程業；E603100 電焊工程業；E604010 機械安裝業；E605010 電腦設備安裝業；E701040 簡易電信設備安裝業；E801010 室內裝潢業；E801020 門窗安裝工程業；E801030 室內輕鋼架工程業；E801040 玻璃安裝工程業；E801070 廚具、衛浴設備安裝工程業；E901010 油漆工程業；E903010 防蝕、防銹工程業；EZ02010 起重工程業；EZ07010 鑽孔工程業；EZ15010 保溫、保冷安裝工程業；EZ99990 其他工程業；I501010 產品設計業；I503010 景觀設計業；I599990 其他設計業；IZ12010 人力派遣業；J101010 建築物清潔服務業；JA02010 電器及電子產品修理業；F211010 建材零售業；F219010 電子材料零售業；F206010 五金零售業；F205040 家具、寢具、廚房器具、裝設品零售業；F213010 電器零售業；F220010 耐火材料零售業；F401010 國際貿易業；F106010 五金批發業；F105050 家具、寢具、廚房器具、裝設品批發業；F111090 建材批發業；F113020 電器批發業；F120010 耐火材料批發業；ZZ99999 除許可業務外，得經營法令非禁止或限制之業務,新北市,設立,11504
61252018,好森物商行,新北市泰山區福興三街38號5樓,劉盈,200000,115/04/09,,,F204110 布疋、衣著、鞋、帽、傘、服飾品零售業；F215010 首飾及貴金屬零售業；F399040 無店面零售業；ZZ99999 除許可業務外，得經營法令非禁止或限制之業務,新北市,設立,11504
61252024,良煜企業社,新北市中和區中山路2段523巷25號(1樓),謝珮芸,200000,115/04/09,,,F501060 餐館業；F501030 飲料店業；F203010 食品什貨、飲料零售業；ZZ99999 除許可業務外，得經營法令非禁止或限制之業務,新北市,設立,11504
61252039,骰吧遊戲設計工作室,新北市八里區中山路2段406巷7號6樓115年04月,楊士堯,200000,115/04/09,,,I501010 產品設計業；F209060 文教、樂器、育樂用品零售業；F399040 無店面零售業；ZZ99999 除許可業務外，得經營法令非禁止或限制之業務,新北市,設立,11504
61252045,佳恩親子樂園,新北市永和區永平路10號,吳佳薇,180000,115/04/09,,,F209060 文教、樂器、育樂用品零售業；J701020 遊樂園業；ZZ99999 除許可業務外，得經營法令非禁止或限制之業務,新北市,設立,11504
61252066,阿母土雞飯食堂,新北市三重區自強路5段55號(1樓),謝侑蒼,200000,115/04/09,,,F501060 餐館業；F501030 飲料店業；F203010 食品什貨、飲料零售業；F501990 其他餐飲業；ZZ99999 除許可業務外，得經營法令非禁止或限制之業務,新北市,設立,11504
61252072,檸倫企業社,新北市新莊區後港一路75號,林經倫,100000,115/04/09,,,F501060 餐館業,新北市,設立,11504
61252087,漫漫貓舍,新北市三重區河邊北街100巷30號(1樓),楊郁軒,80000,115/04/09,,,A401031 特定寵物服務業；F101111 特定寵物批發業；F206050 寵物食品及其用品零售業；F201081 特定寵物零售業；ZZ99999 除許可業務外，得經營法令非禁止或限制之業務,新北市,設立,11504
61252093,增旺企業社,新北市永和區中正路417號8樓,呂嘉弘,200000,115/04/09,,,F104110 布疋、衣著、鞋、帽、傘、服飾品批發業；F105050 家具、寢具、廚房器具、裝設品批發業；F106020 日常用品批發業；F203010 食品什貨、飲料零售業；F204110 布疋、衣著、鞋、帽、傘、服飾品零售業；F205040 家具、寢具、廚房器具、裝設品零售業；F206020 日常用品零售業；F207030 清潔用品零售業；F208040 化粧品零售業；F208050 乙類成藥零售業；F209060 文教、樂器、育樂用品零售業；F210010 鐘錶零售業；F210020 眼鏡零售業；F399040 無店面零售業；ZZ99999 除許可業務外，得經營法令非禁止或限制之業務,新北市,設立,11504
61252100,泰興商行,新北市泰山區文程路2號(1樓),林于賢,100000,115/04/09,,,F204110 布疋、衣著、鞋、帽、傘、服飾品零售業；F206020 日常用品零售業；F203010 食品什貨、飲料零售業；F399040 無店面零售業；F106020 日常用品批發業；F401010 國際貿易業；ZZ99999 除許可業務外，得經營法令非禁止或限制之業務,新北市,設立,11504
61252116,申永企業社,新北市中和區連城路65巷4號5樓115年04月,陳昶騰,100000,115/04/09,,,F118010 資訊軟體批發業；F206030 模具零售業；F106030 模具批發業；F109070 文教、樂器、育樂用品批發業；F113990 其他機械器具批發業；F107990 其他化學製品批發業,新北市,設立,11504
61252122,聖溢車業行,新北市深坑區北深路2段55巷3弄1號(1樓),楊聖源,30000,115/04/09,,,F214020 機車零售業；JA02020 機車修理業；F214030 汽、機車零件配備零售業；F214050 車胎零售業；J101990 其他環境衛生及污染防治服務業；F207990 其他化學製品零售業；F401010 國際貿易業；JA02030 自行車修理業；JZ99990 未分類其他服務業；ZZ99999 除許可業務外，得經營法令非禁止或限制之業務,新北市,設立,11504
61252137,新五地磅行,新北市泰山區福興三街164號7樓,吳秋菊,100000,115/04/09,,,ID01010 度量衡器證明業；ZZ99999 除許可業務外，得經營法令非禁止或限制之業務,新北市,設立,11504
61252143,豐禎商行,新北市板橋區忠孝路216號,高禎庭,150000,115/04/09,,,F501060 餐館業,新北市,設立,11504
61252158,樂安企業社,新北市三峽區大同路319巷10號,魏莉菁,100000,115/04/09,,,E603090 照明設備安裝工程業；E701040 簡易電信設備安裝業；E801010 室內裝潢業；E801070 廚具、衛浴設備安裝工程業；E901010 油漆工程業；ZZ99999 除許可業務外，得經營法令非禁止或限制之業務,新北市,設立,11504
61252164,鑫磊工程行,新北市板橋區華江一路119號17樓之10,吳德洋,200000,115/04/09,,,F206010 五金零售業；F211010 建材零售業；E801010 室內裝潢業；E801020 門窗安裝工程業；E801030 室內輕鋼架工程業；E801040 玻璃安裝工程業；E801070 廚具、衛浴設備安裝工程業；E901010 油漆工程業；E903010 防蝕、防銹工程業；I503010 景觀設計業；ZZ99999 除許可業務外，得經營法令非禁止或限制之業務,新北市,設立,11504
61252170,百億得彩券商行,新北市板橋區民族路257號(1樓),王詩茜,100000,115/04/09,,,IZ18021 運動彩券經銷業,新北市,設立,11504
61252185,星澄企業社,新北市中和區景平路398號2樓之1 115年04月,吳芷儀,240000,115/04/09,,,F215010 首飾及貴金屬零售業；F215020 礦石零售業；F115010 首飾及貴金屬批發業；F399040 無店面零售業；F205040 家具、寢具、廚房器具、裝設品零售業；F115020 礦石批發業；F105050 家具、寢具、廚房器具、裝設品批發業；F399990 其他綜合零售業；F401010 國際貿易業；I501010 產品設計業；I599990 其他設計業；ZZ99999 除許可業務外，得經營法令非禁止或限制之業務,新北市,設立,11504
61252191,地峰金屬工程行,新北市中和區景平路666號3樓,范清長,200000,115/04/09,,,EZ99990 其他工程業；E599010 配管工程業；E603010 電纜安裝工程業；E603020 電梯安裝工程業；E603050 自動控制設備工程業；E603100 電焊工程業；E604010 機械安裝業；E801010 室內裝潢業；E801020 門窗安裝工程業；E801030 室內輕鋼架工程業；E801040 玻璃安裝工程業；E901010 油漆工程業；E903010 防蝕、防銹工程業；CA01010 鋼鐵冶鍊業；CA01050 鋼材二次加工業；CA02010 金屬結構及建築組件製造業；F111090 建材批發業；F120010 耐火材料批發業；F106010 五金批發業；F206010 五金零售業；F207010 漆料、塗料零售業；F401010 國際貿易業；I401010 一般廣告服務業；I501010 產品設計業；I503010 景觀設計業；IZ12010 人力派遣業；J101010 建築物清潔服務業；J101030 廢棄物清除業；J101090 廢棄物清理業；ZZ99999 除許可業務外，得經營法令非禁止或限制之業務,新北市,設立,11504
61252208,萊勝工程行,新北市三重區三和路3段151巷54號(1樓),林子文,200000,115/04/09,,,E801020 門窗安裝工程業；F213010 電器零售業；E603080 交通號誌安裝工程業；F213090 交通標誌器材零售業；JA02010 電器及電子產品修理業；F213990 其他機械器具零售業；ZZ99999 除許可業務外，得經營法令非禁止或限制之業務,新北市,設立,11504
61252214,巧恬軒商行,新北市蘆洲區光榮路116號,陳美蘭,200000,115/04/09,,,F501060 餐館業；F203010 食品什貨、飲料零售業；ZZ99999 除許可業務外，得經營法令非禁止或限制之業務,新北市,設立,11504
61252220,頂崁原汁牛肉麵,新北市三重區頂崁街210巷3號,陳金發,150000,115/04/09,,,F501060 餐館業,新北市,設立,11504
61252235,喬瑟夫複合式小館,新北市淡水區中正路72號,張娜,100000,115/04/09,,,F501060 餐館業；J799990 其他休閒服務業,新北市,設立,11504
61252241,初吃見麵店,新北市中和區中和路110號,許素霞,150000,115/04/09,,,F501060 餐館業,新北市,設立,11504
61252256,沉沁式護膚芳香工作室,新北市樹林區中山路2段154號(2樓) 115年04月,李沁潔,30000,115/04/09,,,JZ99080 美容美髮服務業,新北市,設立,11504
61252262,映露工作室,新北市板橋區重慶路60之1號3樓,黃昱璇,200000,115/04/09,,,I301060 網路廣告平臺業；JZ99030 攝影業；I103060 管理顧問業；J601010 藝文服務業；I401010 一般廣告服務業；I501010 產品設計業；I599990 其他設計業；ZZ99999 除許可業務外，得經營法令非禁止或限制之業務；F206020 日常用品零售業；F399040 無店面零售業；F299990 其他零售業；F399990 其他綜合零售業；I401020 廣告傳單分送業；I504010 花藝設計業；J503010 廣播節目製作業（原:J503011廣播節目製作業）,新北市,設立,11504
61252278,麒鼎食品商行,新北市板橋區中山路2段491巷10號,陳火旺,200000,115/04/09,,,C101010 屠宰業；C103050 罐頭、冷凍、脫水及醃漬食品製造業；C199030 即食餐食製造業；F101040 家畜家禽批發業；F101050 水產品批發業；F101990 其他農、畜、水產品批發業；F102170 食品什貨批發業；F201010 農產品零售業；F201020 畜產品零售業；F201030 水產品零售業；F201990 其他農畜水產品零售業；F203010 食品什貨、飲料零售業；F399040 無店面零售業；I101090 食品顧問業；ZZ99999 除許可業務外，得經營法令非禁止或限制之業務,新北市,設立,11504
61252283,新春綠豆沙,新北市淡水區新春街85巷6號,劉湘芸,100000,115/04/09,,,F501030 飲料店業,新北市,設立,11504
61252299,卿曜空調工程行,新北市板橋區華江一路111號15樓之1,高聖卿,200000,115/04/09,,,E599010 配管工程業；E601020 電器安裝業；EZ99990 其他工程業；F113020 電器批發業；F213010 電器零售業；E801010 室內裝潢業；ZZ99999 除許可業務外，得經營法令非禁止或限制之業務,新北市,設立,11504
61252306,我的廚房餐坊,新北市永和區永和路2段166號地下1層,王婉容,100000,115/04/09,,,F501060 餐館業,新北市,設立,11504
61252312,玟境工程行,新北市板橋區大智街71巷8弄18號2樓115年04月,康惠閔,249000,115/04/09,,,E801010 室內裝潢業；E801070 廚具、衛浴設備安裝工程業；E801020 門窗安裝工程業；E801030 室內輕鋼架工程業；E801040 玻璃安裝工程業；E901010 油漆工程業；I503010 景觀設計業,新北市,設立,11504
61252328,榮勳企業社,新北市中和區建八路2號7樓,吳富榮,200000,115/04/09,,,I102010 一般投資顧問業；I103060 管理顧問業；I199990 其他顧問服務業；IZ12010 人力派遣業；ZZ99999 除許可業務外，得經營法令非禁止或限制之業務,新北市,設立,11504
61252333,尚孚精工電光科技坊,新北市板橋區華江一路111號15樓之1,黃彥儒,200000,115/04/09,,,CE01010 一般儀器製造業；CE01030 光學儀器製造業；CE01990 其他光學及精密器械製造業；F206010 五金零售業；F206020 日常用品零售業；F209060 文教、樂器、育樂用品零售業；F213080 機械器具零售業；F216010 照相器材零售業；F218010 資訊軟體零售業；F219010 電子材料零售業；F299990 其他零售業；I103060 管理顧問業；I199990 其他顧問服務業；I301010 資訊軟體服務業；I301020 資料處理服務業；I301030 電子資訊供應服務業；I501010 產品設計業；I599990 其他設計業；IG01010 生物技術服務業；IG02010 研究發展服務業；IG03010 能源技術服務業；IF04010 非破壞檢測業；ZZ99999 除許可業務外，得經營法令非禁止或限制之業務,新北市,設立,11504
61252349,多晴商行,新北市蘆洲區長安街108巷22號,陳秋君,100000,115/04/09,,,F501030 飲料店業；F501990 其他餐飲業；ZZ99999 除許可業務外，得經營法令非禁止或限制之業務,新北市,設立,11504
61252354,沐洛商行,新北市三重區捷運路19巷6弄11號2樓,蔡佳麗,220000,115/04/09,,,F501030 飲料店業；F203010 食品什貨、飲料零售業；F399040 無店面零售業；F203030 酒精零售業；F206050 寵物食品及其用品零售業；F203020 菸酒零售業,新北市,設立,11504
61252360,曾會貼室內空間工程行,新北市新莊區民安西路189巷10弄20號8樓,曾信凱,200000,115/04/09,,,E801010 室內裝潢業；E801070 廚具、衛浴設備安裝工程業；E801040 玻璃安裝工程業；E801020 門窗安裝工程業；E901010 油漆工程業；E601020 電器安裝業；ZZ99999 除許可業務外，得經營法令非禁止或限制之業務,新北市,設立,11504
61252376,湘辣食堂,新北市淡水區新民街120巷21號(1樓) 115年04月,范玲,200000,115/04/09,,,F501060 餐館業,新北市,設立,11504
61252381,一建工程行,新北市新莊區五工路94號4樓,李建廷,248000,115/04/09,,,E801010 室內裝潢業；E801070 廚具、衛浴設備安裝工程業；E901010 油漆工程業；E903010 防蝕、防銹工程業；E599010 配管工程業；E601020 電器安裝業；EZ99990 其他工程業；F105050 家具、寢具、廚房器具、裝設品批發業；F106010 五金批發業；F111090 建材批發業；F113020 電器批發業；F113050 電腦及事務性機器設備批發業；F401010 國際貿易業；I503010 景觀設計業；I599990 其他設計業；J101010 建築物清潔服務業；ZZ99999 除許可業務外，得經營法令非禁止或限制之業務,新北市,設立,11504
61252397,泉富商行,新北市中和區中山路3段37巷41號8樓,邱博泉,200000,115/04/09,,,F399010 便利商店業；ZZ99999 除許可業務外，得經營法令非禁止或限制之業務,新北市,設立,11504
61252404,鴻安鐵三角柔軟吐司,新北市新店區中興路3段137號(1樓),莊銘鴻,50000,115/04/09,,,F501060 餐館業；ZZ99999 除許可業務外，得經營法令非禁止或限制之業務,新北市,設立,11504
61252410,金利實業社,新北市新莊區四維路97巷16號(1樓),林芷妤,100000,115/04/09,,,F203010 食品什貨、飲料零售業；F203020 菸酒零售業；F501060 餐館業；ZZ99999 除許可業務外，得經營法令非禁止或限制之業務,新北市,設立,11504
61252426,奈芙爾網站設計工作室,新北市新店區安和路1段19號15樓之3,林詩筑,100000,115/04/10,,,F218010 資訊軟體零售業；I199990 其他顧問服務業；I301010 資訊軟體服務業；I301020 資料處理服務業；I301030 電子資訊供應服務業；I401010 一般廣告服務業；I401020 廣告傳單分送業；I501010 產品設計業；I599990 其他設計業；IZ13010 網路認證服務業；IZ99990 其他工商服務業；ZZ99999 除許可業務外，得經營法令非禁止或限制之業務,新北市,設立,11504
61252431,初蘊美學工作室,新北市板橋區新海路72巷19號(1樓),劉俐妤,100000,115/04/10,,,JZ99080 美容美髮服務業；JZ99990 未分類其他服務業；F208040 化粧品零售業；ZZ99999 除許可業務外，得經營法令非禁止或限制之業務,新北市,設立,11504
61252447,夾輕鬆樂園仁化商行,新北市板橋區仁化街190號115年04月,林恆志,50000,115/04/13,,,F209060 文教、樂器、育樂用品零售業,新北市,設立,11504
61252452,財源企業社,新北市五股區五福路52巷30號2樓,陳博威,200000,115/04/10,,,F104110 布疋、衣著、鞋、帽、傘、服飾品批發業；F105050 家具、寢具、廚房器具、裝設品批發業；F106010 五金批發業；F106020 日常用品批發業；F106060 寵物食品及其用品批發業；F107190 塑膠膜、袋批發業；F204110 布疋、衣著、鞋、帽、傘、服飾品零售業；F205040 家具、寢具、廚房器具、裝設品零售業；F206010 五金零售業；F206020 日常用品零售業；F206050 寵物食品及其用品零售業；F207190 塑膠膜、袋零售業；F399040 無店面零售業；F399990 其他綜合零售業；F401010 國際貿易業；I401010 一般廣告服務業；I501010 產品設計業；ZZ99999 除許可業務外，得經營法令非禁止或限制之業務,新北市,設立,11504
61252468,趣品鍋物,新北市中和區景平路431巷96號,羅品諺,245000,115/04/10,,,F501060 餐館業；F399040 無店面零售業,新北市,設立,11504
61252474,五告讚小吃店,新北市板橋區陽明街62號,陳秋憓,200000,115/04/10,,,F501060 餐館業；F203010 食品什貨、飲料零售業；ZZ99999 除許可業務外，得經營法令非禁止或限制之業務,新北市,設立,11504
61252489,旺達選物企業社,新北市永和區國光路３９之３號,孔令達,50000,115/04/10,,,F209060 文教、樂器、育樂用品零售業,新北市,設立,11504
61252495,銨控科技工程行,新北市新店區安興路125之10號,洪聖傑,245000,115/04/10,,,E603040 消防安全設備安裝工程業；E603050 自動控制設備工程業；E801020 門窗安裝工程業；F106010 五金批發業；F117010 消防安全設備批發業；F119010 電子材料批發業；F120010 耐火材料批發業；F111090 建材批發業；F401010 國際貿易業；IF01010 消防安全設備檢修業；ZZ99999 除許可業務外，得經營法令非禁止或限制之業務,新北市,設立,11504
61252501,宏興企業社,新北市土城區承天路73號4樓,許友亮,200000,115/04/10,,,EZ06010 交通標示工程業；EZ02010 起重工程業；E603080 交通號誌安裝工程業；EZ11010 球場跑道樹脂材料鋪設工程業；EZ14010 運動場地用設備工程業；JE01010 租賃業；EZ99990 其他工程業；ZZ99999 除許可業務外，得經營法令非禁止或限制之業務,新北市,設立,11504
61252517,樂芫商行,新北市三重區三陽路13巷8之2號6樓115年04月,鄭宇翔,100000,115/04/10,,,F203010 食品什貨、飲料零售業；ZZ99999 除許可業務外，得經營法令非禁止或限制之業務,新北市,設立,11504
61252523,清清管理顧問工作室,新北市五股區六合街111號6樓,魯運慈,50000,115/04/10,,,I103060 管理顧問業；I199990 其他顧問服務業；I301020 資料處理服務業；IZ99990 其他工商服務業；JZ99990 未分類其他服務業,新北市,設立,11504
61252538,頂克茶飲店,新北市板橋區中山路2段477號(1樓),楊崴宇,35000,115/04/10,,,F203010 食品什貨、飲料零售業；F501030 飲料店業；ZZ99999 除許可業務外，得經營法令非禁止或限制之業務,新北市,設立,11504
61252559,小丸子玩具企業社,新北市板橋區重慶路139巷6之1號2樓,陳姮妤,200000,115/04/10,,,F209060 文教、樂器、育樂用品零售業；F218010 資訊軟體零售業；F213030 電腦及事務性機器設備零售業；F401010 國際貿易業；F399040 無店面零售業；ZZ99999 除許可業務外，得經營法令非禁止或限制之業務,新北市,設立,11504
61252565,永昕實業社,新北市深坑區松柏街43巷5號,郭美春,200000,115/04/10,,,F201020 畜產品零售業；ZZ99999 除許可業務外，得經營法令非禁止或限制之業務,新北市,設立,11504
61252571,永續環保企業社,新北市中和區中山路2段64巷7弄9號3樓,廖浩宇,240000,115/04/10,,,EZ02010 起重工程業；F205040 家具、寢具、廚房器具、裝設品零售業；IZ06010 理貨包裝業；IZ12010 人力派遣業；JZ99990 未分類其他服務業；IZ99990 其他工商服務業；I103060 管理顧問業；G799990 其他運輸輔助業；ZZ99999 除許可業務外，得經營法令非禁止或限制之業務；J101030 廢棄物清除業,新北市,設立,11504
61252586,趙氏商行,新北市泰山區泰林路2段186號(1樓),趙伯勳,100000,115/04/10,,,F201020 畜產品零售業,新北市,設立,11504
61252592,鼎安企業社,新北市中和區景新街338號12樓,陳憲民,200000,115/04/10,,,G799990 其他運輸輔助業；EZ02010 起重工程業；F205040 家具、寢具、廚房器具、裝設品零售業；I103060 管理顧問業；IZ06010 理貨包裝業；IZ12010 人力派遣業；IZ99990 其他工商服務業；JZ99990 未分類其他服務業；ZZ99999 除許可業務外，得經營法令非禁止或限制之業務,新北市,設立,11504
61252609,沐寵工作室,新北市八里區文昌七街183號,粘心瑜,100000,115/04/10,,,JZ99180 寵物美容服務業,新北市,設立,11504
61252615,永山玩美社,新北市永和區中正路588號6樓之15,黃楚橋,50000,115/04/10,,,JZ99080 美容美髮服務業；ZZ99999 除許可業務外，得經營法令非禁止或限制之業務,新北市,設立,11504
61252621,豐爾商行,新北市板橋區大觀路1段28巷4弄2號之1 115年04月,鄭煜伶,200000,115/04/10,,,F204110 布疋、衣著、鞋、帽、傘、服飾品零售業；F205040 家具、寢具、廚房器具、裝設品零售業；F209060 文教、樂器、育樂用品零售業；F206020 日常用品零售業,新北市,設立,11504
61252636,棲雲隱石商行,新北市樹林區中山路1段128號7樓,張育瑞,240000,115/04/10,,,C103050 罐頭、冷凍、脫水及醃漬食品製造業；C104020 烘焙炊蒸食品製造業；F201010 農產品零售業；F201020 畜產品零售業；F201030 水產品零售業；F201070 花卉零售業；F201990 其他農畜水產品零售業；F202010 飼料零售業；F203010 食品什貨、飲料零售業；F204110 布疋、衣著、鞋、帽、傘、服飾品零售業；F205040 家具、寢具、廚房器具、裝設品零售業；F206010 五金零售業；F206020 日常用品零售業；F206050 寵物食品及其用品零售業；F206060 祭祀用品零售業；F501990 其他餐飲業；F501060 餐館業；F501030 飲料店業；I301010 資訊軟體服務業；I301020 資料處理服務業；I301030 電子資訊供應服務業；ZZ99999 除許可業務外，得經營法令非禁止或限制之業務,新北市,設立,11504
61252642,舒逸美學工作室,新北市中和區景新街380號(2樓),李玟儀,40000,115/04/10,,,JZ99080 美容美髮服務業；ZZ99999 除許可業務外，得經營法令非禁止或限制之業務,新北市,設立,11504
61252657,微笑挖寶企業社,新北市土城區永豐路151巷33號2樓,林家慧,60000,115/04/10,,,F399040 無店面零售業；F204110 布疋、衣著、鞋、帽、傘、服飾品零售業,新北市,設立,11504
61252663,蓁蓁工作室,新北市汐止區保一街8巷8號2樓,李彥楨,30000,115/04/10,,,F501990 其他餐飲業；F203010 食品什貨、飲料零售業；F102170 食品什貨批發業；F399040 無店面零售業；ZZ99999 除許可業務外，得經營法令非禁止或限制之業務,新北市,設立,11504
61252679,大同便當店,新北市汐止區大同路2段387號,黃永裕,200000,115/04/10,,,F501060 餐館業；ZZ99999 除許可業務外，得經營法令非禁止或限制之業務,新北市,設立,11504
61252684,德正工程行,新北市瑞芳區鼻頭路77號,劉禹賢,50000,115/04/10,,,E801010 室內裝潢業；E601010 電器承裝業；E601020 電器安裝業；E603090 照明設備安裝工程業；E801020 門窗安裝工程業；E801030 室內輕鋼架工程業；E901010 油漆工程業；EZ05010 儀器、儀表安裝工程業；F206040 水器材料零售業；F211010 建材零售業；EZ99990 其他工程業；ZZ99999 除許可業務外，得經營法令非禁止或限制之業務,新北市,設立,11504
61252690,土城中央向陽小吃,新北市土城區中央路2段252號,呂學強,100000,115/04/10,,,F501060 餐館業；ZZ99999 除許可業務外，得經營法令非禁止或限制之業務,新北市,設立,11504
61252707,如懿商行,新北市三峽區嘉添里白雞68之311號(1樓) 115年04月,朱慧敏,200000,115/04/10,,,F399010 便利商店業；F301020 超級市場業；ZZ99999 除許可業務外，得經營法令非禁止或限制之業務,新北市,設立,11504
61252713,迷你棒球營隊工作室,新北市土城區明德路二段157號8樓,張清堯,100000,115/04/10,,,J802010 運動訓練業；JB01010 會議及展覽服務業；ZZ99999 除許可業務外，得經營法令非禁止或限制之業務,新北市,設立,11504
61252729,貓序雅集商行,新北市板橋區大仁街60巷2號,余采蘋,100000,115/04/10,,,F399040 無店面零售業；F204110 布疋、衣著、鞋、帽、傘、服飾品零售業；F401010 國際貿易業；ZZ99999 除許可業務外，得經營法令非禁止或限制之業務,新北市,設立,11504
61252734,榮鋐工程行,新北市中和區華新街113巷2弄7號,戴偉松,240000,115/04/10,,,E801010 室內裝潢業；E801030 室內輕鋼架工程業；E801020 門窗安裝工程業；E603090 照明設備安裝工程業；E601010 電器承裝業；E901010 油漆工程業；EZ99990 其他工程業；J101010 建築物清潔服務業；J101090 廢棄物清理業；IZ12010 人力派遣業,新北市,設立,11504
61252740,鑫加食品商行,新北市新莊區中央路212號20樓,周見擇,200000,115/04/10,,,F203010 食品什貨、飲料零售業；F299990 其他零售業；ZZ99999 除許可業務外，得經營法令非禁止或限制之業務,新北市,設立,11504
61252755,娥眉美甲店,新北市中和區民生街2之1號,葉芊蕙,100000,115/04/10,,,JZ99080 美容美髮服務業；F201010 農產品零售業,新北市,設立,11504
61252761,極地冷飲舖,新北市三峽區溪東路183號(1樓),張金燕,150000,115/04/10,,,F501030 飲料店業,新北市,設立,11504
61252777,妘妘商行,新北市中和區中山路2段332巷59號4樓,潘泰辰,200000,115/04/10,,,F102170 食品什貨批發業；F203010 食品什貨、飲料零售業；F501060 餐館業；F501990 其他餐飲業；ZZ99999 除許可業務外，得經營法令非禁止或限制之業務,新北市,設立,11504
61252782,品達工程行,新北市板橋區金門街151巷3弄9號2樓,江孟達,150000,115/04/10,,,E801010 室內裝潢業；E801030 室內輕鋼架工程業；E901010 油漆工程業；F111090 建材批發業；F211010 建材零售業；J101030 廢棄物清除業；ZZ99999 除許可業務外，得經營法令非禁止或限制之業務,新北市,設立,11504
61252798,彩礦與造工作室,新北市五股區御史路1巷31號7樓,蕭誌德,100000,115/04/10,,,F215020 礦石零售業；F299990 其他零售業；F399040 無店面零售業；F206020 日常用品零售業,新北市,設立,11504
61252805,好好企業社,新北市淡水區公明街36號(1樓),林芳雅,50000,115/04/10,,,F209060 文教、樂器、育樂用品零售業；F204110 布疋、衣著、鞋、帽、傘、服飾品零售業；F299990 其他零售業；ZZ99999 除許可業務外，得經營法令非禁止或限制之業務,新北市,設立,11504
61252811,沒拉商行,新北市淡水區沙崙路197號(1樓),謝學華,100000,115/04/10,,,F501060 餐館業,新北市,設立,11504
61252827,大姐豆漿店,新北市板橋區溪北路51號(1樓) 115年04月,鄭如意,200000,115/04/10,,,F501060 餐館業；F501030 飲料店業；ZZ99999 除許可業務外，得經營法令非禁止或限制之業務,新北市,設立,11504
61252832,憶祥企業社,新北市淡水區新市五路3段336號23樓115年04月,許憶如,50000,115/04/10,,,F207030 清潔用品零售業；J101020 病媒防治業；J101010 建築物清潔服務業；J101030 廢棄物清除業；J101040 廢棄物處理業；J101080 資源回收業；J101090 廢棄物清理業；J101990 其他環境衛生及污染防治服務業；ZZ99999 除許可業務外，得經營法令非禁止或限制之業務,新北市,設立,11504
61252848,駒踢鷗工作室,新北市土城區德峯街57號3樓115年04月,張志華,100000,115/04/10,,,ZZ99999 除許可業務外，得經營法令非禁止或限制之業務；G202010 停車場經營業；H703100 不動產租賃業；H703090 不動產買賣業；H702010 建築經理業；H701090 都市更新整建維護業；H701070 區段徵收及市地重劃代辦業；H701060 新市鎮、新社區開發業；H701050 投資興建公共建設業；H701020 工業廠房開發租售業；H701010 住宅及大樓開發租售業；JE01010 租賃業；JZ99030 攝影業；JB01010 會議及展覽服務業；J603010 音樂展演空間業；J602010 演藝活動業；J601010 藝文服務業；J503050 錄影節目帶業（原:J503051錄影節目帶業）；J503030 廣播電視節目發行業（原:J503031廣播電視節目發行業）；J503020 電視節目製作業（原:J503021電視節目製作業）；J503010 廣播節目製作業（原:J503011廣播節目製作業）；J404050 電影特效製作業；J404040 電影錄音業；J404010 動畫影片製作業；J402010 電影片發行業；J401010 電影片製作業；J399990 其他出版業；J399010 軟體出版業；J305010 有聲出版業；J304010 圖書出版業；J303010 雜誌（期刊）出版業；F601010 智慧財產權業；JZ99050 仲介服務業；IZ99990 其他工商服務業；IZ15010 市場研究及民意調查業；IZ12010 人力派遣業；IZ10010 排版業；J503040 廣播電視廣告業（原:J503041廣播電視廣告業）；I401010 一般廣告服務業；I599990 其他設計業；I501010 產品設計業；E605010 電腦設備安裝業；I301030 電子資訊供應服務業；I301020 資料處理服務業；I301010 資訊軟體服務業；J202010 產業育成業；I199990 其他顧問服務業；I101090 食品顧問業；I103060 管理顧問業；F399040 無店面零售業；F501030 飲料店業；F301010 百貨公司業；F204110 布疋、衣著、鞋、帽、傘、服飾品零售業；F218010 資訊軟體零售業；F213060 電信器材零售業；F215010 首飾及貴金屬零售業；F209060 文教、樂器、育樂用品零售業；F205040 家具、寢具、廚房器具、裝設品零售業；F206020 日常用品零售業；F203010 食品什貨、飲料零售業；F401010 國際貿易業；F118010 資訊軟體批發業；F113070 電信器材批發業；F115010 首飾及貴金屬批發業；F109070 文教、樂器、育樂用品批發業；F105050 家具、寢具、廚房器具、裝設品批發業；F104110 布疋、衣著、鞋、帽、傘、服飾品批發業；F106020 日常用品批發業；F102170 食品什貨批發業；F102050 茶葉批發業；F102040 飲料批發業,新北市,設立,11504
61252853,火星選物商行,新北市三重區自強路2段46號3樓,余皓祥,100000,115/04/10,,,F399040 無店面零售業；F203010 食品什貨、飲料零售業；F204110 布疋、衣著、鞋、帽、傘、服飾品零售業；F205040 家具、寢具、廚房器具、裝設品零售業；F206020 日常用品零售業,新北市,設立,11504
61252869,湘暘居酒屋,新北市土城區金城路3段33巷28號,唐偉哲,230000,115/04/10,,,F501060 餐館業；F203010 食品什貨、飲料零售業；F203020 菸酒零售業,新北市,設立,11504
61252875,玉珊車業,新北市泰山區中央路5巷28號,林玉仙,200000,115/04/13,,,F114030 汽、機車零件配備批發業；F114050 車胎批發業；F214030 汽、機車零件配備零售業；F214050 車胎零售業；F214010 汽車零售業；F401010 國際貿易業；JA01010 汽車修理業；JA01020 汽車拖吊業；JA01990 其他汽車服務業；ZZ99999 除許可業務外，得經營法令非禁止或限制之業務,新北市,設立,11504
61252880,綺綺溫罐舒緩工作室,新北市三峽區學勤路166之1號2樓,吳家綺,30000,115/04/11,,,JZ99080 美容美髮服務業,新北市,設立,11504
61252896,隅豆甜品行,新北市板橋區四川路1段206號,邱盈箏,240000,115/04/11,,,F501060 餐館業；F501030 飲料店業；ZZ99999 除許可業務外，得經營法令非禁止或限制之業務,新北市,設立,11504
61252903,探霸企業社,新北市中和區中山路2段662號(1樓) 115年04月,王崴翔,100000,115/04/13,,,F209060 文教、樂器、育樂用品零售業；JE01010 租賃業；J799990 其他休閒服務業；F203010 食品什貨、飲料零售業；ZZ99999 除許可業務外，得經營法令非禁止或限制之業務,新北市,設立,11504
61252919,森煦工作室,新北市三重區三和路4段20巷28號7樓,翁莉雯,100000,115/04/13,,,F102040 飲料批發業；F102170 食品什貨批發業；F104110 布疋、衣著、鞋、帽、傘、服飾品批發業；F106020 日常用品批發業；F108040 化粧品批發業；F109070 文教、樂器、育樂用品批發業；F203010 食品什貨、飲料零售業；F204110 布疋、衣著、鞋、帽、傘、服飾品零售業；F205040 家具、寢具、廚房器具、裝設品零售業；F206020 日常用品零售業；F207030 清潔用品零售業；F208040 化粧品零售業；F209060 文教、樂器、育樂用品零售業；F210010 鐘錶零售業；F210020 眼鏡零售業；F213010 電器零售業；F215010 首飾及貴金屬零售業；F218010 資訊軟體零售業；F299990 其他零售業；F399040 無店面零售業；F401010 國際貿易業；I301010 資訊軟體服務業；I301020 資料處理服務業；I301030 電子資訊供應服務業；IZ99990 其他工商服務業；ZZ99999 除許可業務外，得經營法令非禁止或限制之業務,新北市,設立,11504
61252925,宇閎空調工程行,新北市板橋區龍興街95巷27號,鄭力瑋,200000,115/04/13,,,E601020 電器安裝業；F213010 電器零售業；JA02010 電器及電子產品修理業；E599010 配管工程業；F205040 家具、寢具、廚房器具、裝設品零售業；E901010 油漆工程業；E801020 門窗安裝工程業；E801010 室內裝潢業；E801030 室內輕鋼架工程業；E801040 玻璃安裝工程業；J101010 建築物清潔服務業；EZ99990 其他工程業；ZZ99999 除許可業務外，得經營法令非禁止或限制之業務,新北市,設立,11504
61252930,裝忙做音樂工作室,新北市三重區成功路108巷12號4樓之1,張惜恩,100000,115/04/13,,,J601010 藝文服務業；J602010 演藝活動業；J604010 聲音錄製及音樂發行業；F399040 無店面零售業；F204110 布疋、衣著、鞋、帽、傘、服飾品零售業；F209060 文教、樂器、育樂用品零售業；IZ02010 打字業；JZ99990 未分類其他服務業；ZZ99999 除許可業務外，得經營法令非禁止或限制之業務,新北市,設立,11504
61252946,必取選物販賣店,新北市新莊區八德街15巷3號(1樓) 115年04月,吳奇陽,200000,115/04/13,,,F209060 文教、樂器、育樂用品零售業,新北市,設立,11504
61252951,小海獅商行,新北市板橋區四維路300號,王駿宏,100000,115/04/20,,,F209060 文教、樂器、育樂用品零售業；F105050 家具、寢具、廚房器具、裝設品批發業；ZZ99999 除許可業務外，得經營法令非禁止或限制之業務,新北市,設立,11504
61252967,宥富順企業社,新北市汐止區忠孝東路239號4樓,吳承駿,200000,115/04/13,,,IZ06010 理貨包裝業；IZ12010 人力派遣業；IZ99990 其他工商服務業；JZ99990 未分類其他服務業；G799990 其他運輸輔助業；EZ02010 起重工程業；F205040 家具、寢具、廚房器具、裝設品零售業；I103060 管理顧問業；ZZ99999 除許可業務外，得經營法令非禁止或限制之業務,新北市,設立,11504
61252973,雙樂自助洗衣,新北市板橋區光正街45巷6弄19號,廖啟伸,200000,115/04/13,,,JA03010 洗衣業；ZZ99999 除許可業務外，得經營法令非禁止或限制之業務,新北市,設立,11504
61252988,威茹信義行號,新北市蘆洲區信義路335號(1樓),王威茹,150000,115/04/13,,,F209060 文教、樂器、育樂用品零售業,新北市,設立,11504
61252994,億守企業社,新北市中和區景新街423巷41號,邱義燈,100000,115/04/13,,,JA02010 電器及電子產品修理業；ZZ99999 除許可業務外，得經營法令非禁止或限制之業務,新北市,設立,11504
61253001,喜粗咿鴨工作室,新北市泰山區莊田路98號,莊逸馨,100000,115/04/13,,,J701120 兒童遊戲場業；F109070 文教、樂器、育樂用品批發業；F206020 日常用品零售業；F501060 餐館業；F501990 其他餐飲業；F501030 飲料店業；F204110 布疋、衣著、鞋、帽、傘、服飾品零售業；F203010 食品什貨、飲料零售業；ZZ99999 除許可業務外，得經營法令非禁止或限制之業務；F399040 無店面零售業；F399990 其他綜合零售業；J601010 藝文服務業；J603010 音樂展演空間業,新北市,設立,11504
61253017,蜂晨企業社,新北市五股區五工六路48號(4樓),徐晨峰,200000,115/04/13,,,F206020 日常用品零售業；F207030 清潔用品零售業；F208040 化粧品零售業；I103060 管理顧問業；ZZ99999 除許可業務外，得經營法令非禁止或限制之業務,新北市,設立,11504
61253023,林媽咪精品代購企業社,新北市中和區圓通路162巷2弄3號,林明華,100000,115/04/13,,,F399040 無店面零售業；F209060 文教、樂器、育樂用品零售業,新北市,設立,11504
61253038,雲渺心工作室,新北市新店區溪園路389之8號9樓,許可琪,200000,115/04/13,,,IZ99990 其他工商服務業；JZ99990 未分類其他服務業；ZZ99999 除許可業務外，得經營法令非禁止或限制之業務,新北市,設立,11504
61253059,喻見辰光企業社,新北市永和區得和路341號(1樓),林慧敏,100000,115/04/13,,,F501030 飲料店業；ZZ99999 除許可業務外，得經營法令非禁止或限制之業務,新北市,設立,11504
61253065,檠翊工作室,新北市中和區員山路492號(1樓) 115年04月,蕳芷翎,100000,115/04/13,,,F501060 餐館業,新北市,設立,11504
61253071,星辰生活館,新北市板橋區陽明街279巷35號5樓之2,陸思翰,200000,115/04/13,,,F102040 飲料批發業；F102170 食品什貨批發業；F102050 茶葉批發業；F106020 日常用品批發業；F104110 布疋、衣著、鞋、帽、傘、服飾品批發業；F203010 食品什貨、飲料零售業；F201010 農產品零售業；F206020 日常用品零售業；F204110 布疋、衣著、鞋、帽、傘、服飾品零售業；F299990 其他零售業；F399040 無店面零售業；F399990 其他綜合零售業；F401010 國際貿易業；ZZ99999 除許可業務外，得經營法令非禁止或限制之業務,新北市,設立,11504
61253086,三隻熊智能洗衣,新北市板橋區滿平街73號,王靖貽,200000,115/04/13,,,JA03010 洗衣業；ZZ99999 除許可業務外，得經營法令非禁止或限制之業務,新北市,設立,11504
61253092,圭鈺工程行,新北市新莊區中平路36巷9號(1樓),李宗富,200000,115/04/13,,,E801010 室內裝潢業；E801020 門窗安裝工程業；E801030 室內輕鋼架工程業；E801040 玻璃安裝工程業；E801070 廚具、衛浴設備安裝工程業；E901010 油漆工程業；E599010 配管工程業；E601020 電器安裝業；EZ07010 鑽孔工程業；I503010 景觀設計業；J101010 建築物清潔服務業；F205040 家具、寢具、廚房器具、裝設品零售業；F211010 建材零售業；F213010 電器零售業；F220010 耐火材料零售業；ZZ99999 除許可業務外，得經營法令非禁止或限制之業務,新北市,設立,11504
61253109,雪碧美學工作室,新北市土城區福安街23號8樓,劉文碧,50000,115/04/13,,,JZ99080 美容美髮服務業；ZZ99999 除許可業務外，得經營法令非禁止或限制之業務,新北市,設立,11504
61253115,雄大金屬工程行,新北市新店區安康路3段545號,呂宇冠,200000,115/04/13,,,F111090 建材批發業；F211010 建材零售業；F106010 五金批發業；F206010 五金零售業；F401010 國際貿易業；E801020 門窗安裝工程業；E801030 室內輕鋼架工程業；ZZ99999 除許可業務外，得經營法令非禁止或限制之業務,新北市,設立,11504
61253121,啓榕企業社,新北市板橋區林森街2巷9號(1樓),林湘榕,200000,115/04/13,,,F399010 便利商店業；F301020 超級市場業；ZZ99999 除許可業務外，得經營法令非禁止或限制之業務,新北市,設立,11504
61253136,初禾選物商行,新北市永和區仁愛路352巷122弄8號2樓115年04月,劉任,200000,115/04/13,,,F201010 農產品零售業；F102170 食品什貨批發業；F203010 食品什貨、飲料零售業；G799990 其他運輸輔助業；F399040 無店面零售業,新北市,設立,11504
61253142,豐織設計工作室,新北市三重區重新路4段63號18樓,蔡浩天,200000,115/04/13,,,C305010 印染整理業；C306010 成衣業；C307010 服飾品製造業；C399990 其他紡織及製品製造業；CJ01010 製帽業；F104110 布疋、衣著、鞋、帽、傘、服飾品批發業；F105050 家具、寢具、廚房器具、裝設品批發業；F108040 化粧品批發業；F199990 其他批發業；F204110 布疋、衣著、鞋、帽、傘、服飾品零售業；F205040 家具、寢具、廚房器具、裝設品零售業；F208040 化粧品零售業；F299990 其他零售業；F401010 國際貿易業；I101110 紡織顧問業；I301020 資料處理服務業；I401010 一般廣告服務業；I501010 產品設計業；I502010 服飾設計業；I301030 電子資訊供應服務業；I599990 其他設計業；IZ12010 人力派遣業；J601010 藝文服務業；J602010 演藝活動業；JA03010 洗衣業；JB01010 會議及展覽服務業；JE01010 租賃業；JZ99070 裁縫服務業；JZ99090 喜慶綜合服務業；ZZ99999 除許可業務外，得經營法令非禁止或限制之業務,新北市,設立,11504
61253157,楊錦加企業社,新北市中和區員山路340號115年04月,楊錦加,50000,115/04/14,,,F299990 其他零售業；F209060 文教、樂器、育樂用品零售業；F204110 布疋、衣著、鞋、帽、傘、服飾品零售業；ZZ99999 除許可業務外，得經營法令非禁止或限制之業務；F399040 無店面零售業,新北市,設立,11504
61253163,利迪亞商行,新北市汐止區康寧街751巷3號18樓之2,黃紫瑄,200000,115/04/13,,,F102170 食品什貨批發業；F104110 布疋、衣著、鞋、帽、傘、服飾品批發業；F105050 家具、寢具、廚房器具、裝設品批發業；F106020 日常用品批發業；F106060 寵物食品及其用品批發業；F107030 清潔用品批發業；F108040 化粧品批發業；F115010 首飾及貴金屬批發業；F115020 礦石批發業；F203010 食品什貨、飲料零售業；F204110 布疋、衣著、鞋、帽、傘、服飾品零售業；F205040 家具、寢具、廚房器具、裝設品零售業；F206020 日常用品零售業；F207030 清潔用品零售業；F208040 化粧品零售業；F215010 首飾及貴金屬零售業；F215020 礦石零售業；F299990 其他零售業；F401010 國際貿易業；ZZ99999 除許可業務外，得經營法令非禁止或限制之業務,新北市,設立,11504
61253179,源宏利企業社,新北市三峽區大利路18號2樓,郭青藍,50000,115/04/13,,,F208040 化粧品零售業；F203010 食品什貨、飲料零售業；F399040 無店面零售業；ZZ99999 除許可業務外，得經營法令非禁止或限制之業務,新北市,設立,11504
61253184,銘原工程行,新北市永和區中正路417號8樓,許銘原,100000,115/04/13,,,E801010 室內裝潢業；E801020 門窗安裝工程業；E801030 室內輕鋼架工程業；E901010 油漆工程業；E903010 防蝕、防銹工程業；F107010 漆料、塗料批發業；F207010 漆料、塗料零售業；IZ12010 人力派遣業；ZZ99999 除許可業務外，得經營法令非禁止或限制之業務,新北市,設立,11504
61253190,震德泵浦企業社,新北市三峽區介壽路2段38巷6之2號,張甄珊,200000,115/04/13,,,F213010 電器零售業；F213080 機械器具零售業；F213110 電池零售業；F213990 其他機械器具零售業；ZZ99999 除許可業務外，得經營法令非禁止或限制之業務；E601020 電器安裝業；E604010 機械安裝業；F106010 五金批發業；F106040 水器材料批發業；F119010 電子材料批發業,新北市,設立,11504
61253207,榛果商行,新北市新莊區瓊林南路305巷3號(1樓) 115年04月,林秀蓁,200000,115/04/13,,,F204110 布疋、衣著、鞋、帽、傘、服飾品零售業；F206020 日常用品零售業；F208040 化粧品零售業；F399040 無店面零售業；ZZ99999 除許可業務外，得經營法令非禁止或限制之業務,新北市,設立,11504
61253213,庭澄美學企業社,新北市三峽區大觀路357號13樓,趙庭,200000,115/04/13,,,F204110 布疋、衣著、鞋、帽、傘、服飾品零售業；F205040 家具、寢具、廚房器具、裝設品零售業；F206020 日常用品零售業；F208040 化粧品零售業；F209060 文教、樂器、育樂用品零售業；F401010 國際貿易業；JZ99050 仲介服務業；JZ99080 美容美髮服務業,新北市,設立,11504
61253229,汁股利商行,新北市三重區三和路3段16巷49號(1樓),陳昭霖,190000,115/04/13,,,F102040 飲料批發業；F102170 食品什貨批發業；F203010 食品什貨、飲料零售業；F399040 無店面零售業；ZZ99999 除許可業務外，得經營法令非禁止或限制之業務,新北市,設立,11504
61253234,善本家麵食坊,新北市板橋區合宜一路45號,鄭善本,200000,115/04/13,,,F203010 食品什貨、飲料零售業；F501060 餐館業,新北市,設立,11504
61253240,陳記幸福海鮮,新北市泰山區貴子路15巷3弄1號(1樓),陳柏翰,100000,115/04/13,,,F101050 水產品批發業,新北市,設立,11504
61253255,仁愛早餐店,新北市林口區仁愛路1段379號(1樓),吳桓任,100000,115/04/13,,,F501060 餐館業,新北市,設立,11504
61253261,崧竣企業社,新北市三重區三和路4段396巷9號4樓,李永順,200000,115/04/13,,,E801010 室內裝潢業；E903010 防蝕、防銹工程業；EZ99990 其他工程業；F401010 國際貿易業；E599010 配管工程業；F106010 五金批發業；F199990 其他批發業；F220010 耐火材料零售業；F120010 耐火材料批發業；F299990 其他零售業；ZZ99999 除許可業務外，得經營法令非禁止或限制之業務,新北市,設立,11504
61253277,普皇企業社,新北市中和區福美路256巷2弄8號4樓115年04月,陳聰吉,240000,115/04/13,,,E901010 油漆工程業；E903010 防蝕、防銹工程業；EZ99990 其他工程業；F107010 漆料、塗料批發業；F107020 染料、顏料批發業；F207010 漆料、塗料零售業；F207020 染料、顏料零售業；F401010 國際貿易業；ZZ99999 除許可業務外，得經營法令非禁止或限制之業務,新北市,設立,11504
61253282,九伍工程行,新北市淡水區鄧公路30之5號9樓,黃丞昱,200000,115/04/13,,,E601010 電器承裝業；E601020 電器安裝業；E603040 消防安全設備安裝工程業；E603090 照明設備安裝工程業；E599010 配管工程業；E801070 廚具、衛浴設備安裝工程業；EZ07010 鑽孔工程業；EZ99990 其他工程業；F205040 家具、寢具、廚房器具、裝設品零售業；F206040 水器材料零售業；F213010 電器零售業；F211010 建材零售業；F213990 其他機械器具零售業；ZZ99999 除許可業務外，得經營法令非禁止或限制之業務,新北市,設立,11504
61253298,玲曜精品行,新北市三峽區大觀路361號,郭月玲,200000,115/04/13,,,F204110 布疋、衣著、鞋、帽、傘、服飾品零售業,新北市,設立,11504
61253305,暖心社會企業社,新北市中和區中山路2段332巷55號2樓,楊琇卿,200000,115/04/13,,,H201010 一般投資業；HZ99990 其他金融、保險及不動產業；JZ99050 仲介服務業；JZ99990 未分類其他服務業；I199990 其他顧問服務業；IZ12010 人力派遣業；I102010 一般投資顧問業；JD01010 工商徵信服務業；I103060 管理顧問業；IZ99990 其他工商服務業,新北市,設立,11504
61253311,直覺叩頂程式設計,新北市中和區中正路918號3樓,黃晟軒,240000,115/04/13,,,I301010 資訊軟體服務業；I301020 資料處理服務業；I301030 電子資訊供應服務業；I301050 實境體感應用服務業；I301060 網路廣告平臺業；IZ13010 網路認證服務業；I501010 產品設計業；ZZ99999 除許可業務外，得經營法令非禁止或限制之業務,新北市,設立,11504
61253327,森鮮配企業社,新北市新店區北新路1段117號(1樓),盧俞任,200000,115/04/13,,,F201010 農產品零售業；F201990 其他農畜水產品零售業；ZZ99999 除許可業務外，得經營法令非禁止或限制之業務,新北市,設立,11504
61253332,鑫鼎香餐飲企業社,新北市板橋區中山路1段10號11樓115年04月,連昱豪,200000,115/04/14,,,ZZ99999 除許可業務外，得經營法令非禁止或限制之業務；F501990 其他餐飲業；F203010 食品什貨、飲料零售業,新北市,設立,11504
61253348,潔淨企業社,新北市鶯歌區高職西街18之1號5樓,楊銘峻,100000,115/04/14,,,E601010 電器承裝業；E601020 電器安裝業；E599010 配管工程業；E603010 電纜安裝工程業；F106010 五金批發業；F106040 水器材料批發業；F113020 電器批發業；F119010 電子材料批發業；F206010 五金零售業；F206040 水器材料零售業；F213010 電器零售業；F219010 電子材料零售業；IZ12010 人力派遣業；EZ99990 其他工程業；ZZ99999 除許可業務外，得經營法令非禁止或限制之業務,新北市,設立,11504
61253353,三芝銀髮科技器材行,新北市三芝區中興街1段45號115年04月,余家豪,120000,115/04/14,,,F208031 醫療器材零售業；F108031 醫療器材批發業；F299990 其他零售業；F399040 無店面零售業；I103060 管理顧問業；ZZ99999 除許可業務外，得經營法令非禁止或限制之業務；F204110 布疋、衣著、鞋、帽、傘、服飾品零售業；I301010 資訊軟體服務業；I301020 資料處理服務業,新北市,設立,11504
61253369,邦購小舖,新北市三重區和平街18號115年04月,倪邦倫,200000,115/04/14,,,F101050 水產品批發業；F101130 蔬果批發業；F101990 其他農、畜、水產品批發業；F102020 食用油脂批發業；F102030 菸酒批發業；F102040 飲料批發業；F102050 茶葉批發業；F102170 食品什貨批發業；F104110 布疋、衣著、鞋、帽、傘、服飾品批發業；F105050 家具、寢具、廚房器具、裝設品批發業；F106010 五金批發業；F106020 日常用品批發業；F106040 水器材料批發業；F106050 陶瓷玻璃器皿批發業；F106060 寵物食品及其用品批發業；F107030 清潔用品批發業；F107190 塑膠膜、袋批發業；F108040 化粧品批發業；F109070 文教、樂器、育樂用品批發業；F113020 電器批發業；F113050 電腦及事務性機器設備批發業；F113070 電信器材批發業；F115010 首飾及貴金屬批發業；F116010 照相器材批發業；F199990 其他批發業；F201010 農產品零售業；F201020 畜產品零售業；F201030 水產品零售業；F201990 其他農畜水產品零售業；F203010 食品什貨、飲料零售業；F203020 菸酒零售業；F204110 布疋、衣著、鞋、帽、傘、服飾品零售業；F205040 家具、寢具、廚房器具、裝設品零售業；F206010 五金零售業；F206020 日常用品零售業；F206040 水器材料零售業；F206050 寵物食品及其用品零售業；F207030 清潔用品零售業；F207190 塑膠膜、袋零售業；F208040 化粧品零售業；F208050 乙類成藥零售業；F209060 文教、樂器、育樂用品零售業；F213010 電器零售業；F213030 電腦及事務性機器設備零售業；F213060 電信器材零售業；F215010 首飾及貴金屬零售業；F299990 其他零售業；F399040 無店面零售業；F401010 國際貿易業；JZ99990 未分類其他服務業；ZZ99999 除許可業務外，得經營法令非禁止或限制之業務,新北市,設立,11504
61253375,米客邦商行,新北市淡水區中正東路2段87之10號7樓,沈家興,10000,115/04/14,,,F399040 無店面零售業；F203010 食品什貨、飲料零售業,新北市,設立,11504
61253380,享傑企業社,新北市林口區中山路520號2樓之5,林敬翔,200000,115/04/14,,,F106060 寵物食品及其用品批發業；F106020 日常用品批發業；F115020 礦石批發業；F103010 飼料批發業；F101980 其他動物批發業；F107070 動物用藥品批發業；F202010 飼料零售業；F206050 寵物食品及其用品零售業；F207070 動物用藥零售業；F399040 無店面零售業；F401010 國際貿易業；F113020 電器批發業；F399990 其他綜合零售業；C201020 寵物食品製造業；A401060 其他動物服務業；C901990 其他非金屬礦物製品製造業；JZ99990 未分類其他服務業；H703090 不動產買賣業；G801010 倉儲業；JZ99180 寵物美容服務業；J801030 競技及休閒運動場館業；J802010 運動訓練業；J803020 運動比賽業；F106010 五金批發業；F107190 塑膠膜、袋批發業；F112040 石油製品批發業；F114030 汽、機車零件配備批發業；F206010 五金零售業；F206020 日常用品零售業；F207190 塑膠膜、袋零售業；F212050 石油製品零售業；F214030 汽、機車零件配備零售業；ZZ99999 除許可業務外，得經營法令非禁止或限制之業務,新北市,設立,11504
61253396,金屋奶油商店,新北市板橋區南雅西路2段237號6樓,廖鏡雅,10000,115/04/14,,,F399040 無店面零售業；C104020 烘焙炊蒸食品製造業,新北市,設立,11504
61253403,悄遇動作優化工作室,新北市永和區中正路417號8樓,李穎宣,200000,115/04/14,,,J802010 運動訓練業；IZ99990 其他工商服務業；F401010 國際貿易業；F203010 食品什貨、飲料零售業；ZZ99999 除許可業務外，得經營法令非禁止或限制之業務,新北市,設立,11504
61253419,柳狀元商行,新北市板橋區莒光路54號,張郡霖,100000,115/04/14,,,F203010 食品什貨、飲料零售業；F501060 餐館業；ZZ99999 除許可業務外，得經營法令非禁止或限制之業務,新北市,設立,11504
61253425,普勒米工作室,新北市板橋區民有街32號,李宗垣,100000,115/04/14,,,JZ99080 美容美髮服務業,新北市,設立,11504
61253430,楊媽媽潤餅捲,新北市板橋區新海路135巷23號115年04月,楊育侑,50000,115/04/14,,,F203010 食品什貨、飲料零售業,新北市,設立,11504
61253446,廣州西關腸粉小吃店,新北市林口區公園路171號之1,林佳儒,240000,115/04/14,,,F501060 餐館業,新北市,設立,11504
61253451,鑫燦商行,新北市永和區信義路25巷19弄7號2樓,常祐康,200000,115/04/14,,,F399010 便利商店業；ZZ99999 除許可業務外，得經營法令非禁止或限制之業務,新北市,設立,11504
61253467,洗大師企業社,新北市樹林區太順街69號(1樓),宋翊廷,100000,115/04/14,,,J101010 建築物清潔服務業；F399040 無店面零售業；F399990 其他綜合零售業；JA02990 其他修理業；JZ99990 未分類其他服務業；ZZ99999 除許可業務外，得經營法令非禁止或限制之業務,新北市,設立,11504
61253473,摩卡企業社,新北市中和區中山路3段39號19樓之1,蔣家穎,240000,115/04/14,,,G799990 其他運輸輔助業；IZ06010 理貨包裝業；JZ99990 未分類其他服務業；IZ12010 人力派遣業；F205040 家具、寢具、廚房器具、裝設品零售業；EZ02010 起重工程業；IZ99990 其他工商服務業；I103060 管理顧問業；ZZ99999 除許可業務外，得經營法令非禁止或限制之業務,新北市,設立,11504
61253488,首席工程行,新北市蘆洲區長安街299巷14號2樓,陳星宇,200000,115/04/14,,,F105050 家具、寢具、廚房器具、裝設品批發業；F111090 建材批發業；F206040 水器材料零售業；F211010 建材零售業；E599010 配管工程業；E601020 電器安裝業；E603040 消防安全設備安裝工程業；E603050 自動控制設備工程業；E603090 照明設備安裝工程業；E605010 電腦設備安裝業；E701040 簡易電信設備安裝業；E801010 室內裝潢業；E801020 門窗安裝工程業；E801030 室內輕鋼架工程業；E801040 玻璃安裝工程業；E801070 廚具、衛浴設備安裝工程業；E901010 油漆工程業；E903010 防蝕、防銹工程業；I503010 景觀設計業；EZ99990 其他工程業；ZZ99999 除許可業務外，得經營法令非禁止或限制之業務,新北市,設立,11504
61253494,霓昇企業社,新北市板橋區大觀路2段22巷36號5樓115年04月,張薰霓,200000,115/04/14,,,IZ06010 理貨包裝業；IZ12010 人力派遣業；IZ99990 其他工商服務業；JZ99990 未分類其他服務業；G799990 其他運輸輔助業；EZ02010 起重工程業；F205040 家具、寢具、廚房器具、裝設品零售業；I103060 管理顧問業；ZZ99999 除許可業務外，得經營法令非禁止或限制之業務,新北市,設立,11504
61253500,宋記坊商行,新北市三重區中正北路560巷47號2樓之7,林書弘,200000,115/04/14,,,F203010 食品什貨、飲料零售業；F399040 無店面零售業；F204110 布疋、衣著、鞋、帽、傘、服飾品零售業；ZZ99999 除許可業務外，得經營法令非禁止或限制之業務,新北市,設立,11504
61253516,敏潔工作室,新北市三重區溪尾街325巷3弄8號2樓,林姿宜,200000,115/04/14,,,IZ12010 人力派遣業；J101010 建築物清潔服務業；F201010 農產品零售業,新北市,設立,11504
61253522,湉果企業社,新北市新店區安民街243之1號9樓,林一芬,150000,115/04/14,,,F203010 食品什貨、飲料零售業；C199990 未分類其他食品製造業；F399040 無店面零售業；F399990 其他綜合零售業；ZZ99999 除許可業務外，得經營法令非禁止或限制之業務,新北市,設立,11504
61253537,珮珮滷味店,新北市土城區中央路4段99之1號,張琇琇,200000,115/04/14,,,F501030 飲料店業；F501060 餐館業,新北市,設立,11504
61253543,信鑫空調企業社,新北市樹林區復興路191號,信東良,200000,115/04/14,,,E601010 電器承裝業；E601020 電器安裝業；EZ15010 保溫、保冷安裝工程業；EZ07010 鑽孔工程業；E801010 室內裝潢業；F113020 電器批發業；JA02010 電器及電子產品修理業,新北市,設立,11504
61253558,芙熙商行,新北市新店區安祥路109巷90弄72號(3樓),李夢芸,200000,115/04/14,,,F206020 日常用品零售業；F207030 清潔用品零售業；F208050 乙類成藥零售業；F208040 化粧品零售業；JZ99080 美容美髮服務業；F102170 食品什貨批發業；F104110 布疋、衣著、鞋、帽、傘、服飾品批發業；F105050 家具、寢具、廚房器具、裝設品批發業；F106020 日常用品批發業；F106050 陶瓷玻璃器皿批發業；F108040 化粧品批發業；F109070 文教、樂器、育樂用品批發業；F110010 鐘錶批發業；F110020 眼鏡批發業；F203010 食品什貨、飲料零售業；F204110 布疋、衣著、鞋、帽、傘、服飾品零售業；F205040 家具、寢具、廚房器具、裝設品零售業；F209060 文教、樂器、育樂用品零售業；F210010 鐘錶零售業；F210020 眼鏡零售業；F299990 其他零售業；F399040 無店面零售業；F401010 國際貿易業；ZZ99999 除許可業務外，得經營法令非禁止或限制之業務,新北市,設立,11504
61253564,滿紛小館,新北市淡水區濱海路1段306巷9弄39號,袁敏儀,200000,115/04/14,,,F501060 餐館業,新北市,設立,11504
61253570,呈食蔬食工作室,新北市三重區三和路3段2號(1樓) 115年04月,朱姵瑜,240000,115/04/14,,,F501060 餐館業；ZZ99999 除許可業務外，得經營法令非禁止或限制之業務；F501030 飲料店業,新北市,設立,11504
61253585,松和企業社,新北市永和區永和路1段17號5樓之1,文貫倫,50000,115/04/14,,,F104110 布疋、衣著、鞋、帽、傘、服飾品批發業；F106020 日常用品批發業；F204110 布疋、衣著、鞋、帽、傘、服飾品零售業；F399040 無店面零售業；F401010 國際貿易業；I301030 電子資訊供應服務業；F102170 食品什貨批發業；F108040 化粧品批發業；F203010 食品什貨、飲料零售業；F208040 化粧品零售業；ZZ99999 除許可業務外，得經營法令非禁止或限制之業務；F109070 文教、樂器、育樂用品批發業；F209060 文教、樂器、育樂用品零售業；J603010 音樂展演空間業；J602010 演藝活動業；I401010 一般廣告服務業,新北市,設立,11504
61253591,波拿工作室,新北市淡水區重建街113號2樓,李冠達,220000,115/04/14,,,F203010 食品什貨、飲料零售業；F204110 布疋、衣著、鞋、帽、傘、服飾品零售業；F205040 家具、寢具、廚房器具、裝設品零售業；F206020 日常用品零售業；F206050 寵物食品及其用品零售業；F207190 塑膠膜、袋零售業；F209060 文教、樂器、育樂用品零售業；F399040 無店面零售業；F399990 其他綜合零售業；F501060 餐館業；F501030 飲料店業,新北市,設立,11504
61253608,溱品早餐店,新北市鶯歌區鳳福路22號,曾家怡,100000,115/04/14,,,F501060 餐館業；ZZ99999 除許可業務外，得經營法令非禁止或限制之業務,新北市,設立,11504
61253614,木容榕器械皮拉提斯工作室,新北市三重區三民街128之1號(1樓) 115年04月,章家榕,240000,115/04/14,,,F104110 布疋、衣著、鞋、帽、傘、服飾品批發業；F106020 日常用品批發業；F108040 化粧品批發業；F109070 文教、樂器、育樂用品批發業；F204110 布疋、衣著、鞋、帽、傘、服飾品零售業；F206020 日常用品零售業；F208040 化粧品零售業；F209060 文教、樂器、育樂用品零售業；F399040 無店面零售業；J601010 藝文服務業；J801030 競技及休閒運動場館業；J802010 運動訓練業；J803010 運動表演業；ZZ99999 除許可業務外，得經營法令非禁止或限制之業務,新北市,設立,11504
61253620,晨星工作室,新北市汐止區汐萬路1段197號3樓,宋芯柚,200000,115/04/14,,,E605010 電腦設備安裝業；F113050 電腦及事務性機器設備批發業；F118010 資訊軟體批發業；F213030 電腦及事務性機器設備零售業；F218010 資訊軟體零售業；F401010 國際貿易業；I199990 其他顧問服務業；I301010 資訊軟體服務業；I301020 資料處理服務業；I301030 電子資訊供應服務業；I501010 產品設計業；IZ09010 管理系統驗證業；IZ13010 網路認證服務業；IZ99990 其他工商服務業；J202010 產業育成業；J601010 藝文服務業；J602010 演藝活動業；ZZ99999 除許可業務外，得經營法令非禁止或限制之業務,新北市,設立,11504
61253635,和敦服飾企業社,新北市八里區文昌七街177號,張明龍,200000,115/04/14,,,F204110 布疋、衣著、鞋、帽、傘、服飾品零售業；F399040 無店面零售業；ZZ99999 除許可業務外，得經營法令非禁止或限制之業務,新北市,設立,11504
61253641,池善宅修房屋工程行,新北市新莊區西盛街153巷4號12樓,方勁捷,200000,115/04/14,,,E801070 廚具、衛浴設備安裝工程業；E901010 油漆工程業；E801010 室內裝潢業；EZ99990 其他工程業,新北市,設立,11504
61253656,忠良工程行,新北市八里區訊埔路18號5樓115年04月,謝建成,200000,115/04/14,,,B601010 土石採取業；E401010 疏濬業；E402010 沙石、淤泥海拋業；E599010 配管工程業；E603010 電纜安裝工程業；E603040 消防安全設備安裝工程業；E603050 自動控制設備工程業；E801010 室內裝潢業；E903010 防蝕、防銹工程業；EZ02010 起重工程業；F106010 五金批發業；F111090 建材批發業；F113010 機械批發業；F213080 機械器具零售業；J101030 廢棄物清除業；J101040 廢棄物處理業；J101090 廢棄物清理業；J101110 營建剩餘土石方資源處理業；J101990 其他環境衛生及污染防治服務業；JE01010 租賃業；G202010 停車場經營業；ZZ99999 除許可業務外，得經營法令非禁止或限制之業務,新北市,設立,11504
61253662,豐圳商行,新北市土城區學府路2段259號(1樓),谷圳,200000,115/04/14,,,F501060 餐館業；F501030 飲料店業；F203010 食品什貨、飲料零售業；F399040 無店面零售業；ZZ99999 除許可業務外，得經營法令非禁止或限制之業務,新北市,設立,11504
61253678,覲萱商行,新北市中和區成功路111號(1樓),董鍒,100000,115/04/14,,,F501060 餐館業；ZZ99999 除許可業務外，得經營法令非禁止或限制之業務,新北市,設立,11504
61253683,語冠企業社,新北市中和區景新街338號12樓,鐘冠文,200000,115/04/14,,,IZ06010 理貨包裝業；IZ12010 人力派遣業；IZ99990 其他工商服務業；G799990 其他運輸輔助業；JZ99990 未分類其他服務業；EZ02010 起重工程業；F205040 家具、寢具、廚房器具、裝設品零售業；I103060 管理顧問業；ZZ99999 除許可業務外，得經營法令非禁止或限制之業務,新北市,設立,11504
61253699,速派人力企業社,新北市中和區中山路2段64巷7弄9號3樓,李偉弘,200000,115/04/14,,,G799990 其他運輸輔助業；EZ02010 起重工程業；IZ06010 理貨包裝業；IZ12010 人力派遣業；IZ99990 其他工商服務業；JZ99990 未分類其他服務業；F205040 家具、寢具、廚房器具、裝設品零售業；I103060 管理顧問業；ZZ99999 除許可業務外，得經營法令非禁止或限制之業務,新北市,設立,11504
61253706,朝海暮光美學工作室,新北市中和區興南路1段56巷5號(1樓),邱詠歆,100000,115/04/14,,,JZ99080 美容美髮服務業,新北市,設立,11504
61253712,古早味無刺虱目魚粥,新北市三重區三陽路25號(1樓),林芮萍,200000,115/04/14,,,F501060 餐館業,新北市,設立,11504
61253728,極昇工程行,新北市土城區新洲路100號8樓,田濬宇,200000,115/04/14,,,C802200 塗料、油漆、染料及顏料製造業；CA04010 表面處理業；E901010 油漆工程業；F107010 漆料、塗料批發業；F207010 漆料、塗料零售業；ZZ99999 除許可業務外，得經營法令非禁止或限制之業務,新北市,設立,11504
61253733,丰沐影像工作室,新北市淡水區坪頂路284號7樓,王銘豐,200000,115/04/14,,,JZ99030 攝影業；ZZ99999 除許可業務外，得經營法令非禁止或限制之業務；I401010 一般廣告服務業；J601010 藝文服務業；I501010 產品設計業；F399040 無店面零售業,新北市,設立,11504
61253749,辰月商行,新北市三峽區大觀路28號,廖廷軒,50000,115/04/14,,,F501060 餐館業；F501030 飲料店業；F203010 食品什貨、飲料零售業；F399040 無店面零售業；F206060 祭祀用品零售業；ZZ99999 除許可業務外，得經營法令非禁止或限制之業務,新北市,設立,11504
61253754,鍋貼先生早餐店,新北市三峽區大同路45號115年04月,藍健綸,50000,115/04/15,,,F203010 食品什貨、飲料零售業；F501060 餐館業,新北市,設立,11504
61253760,來來好食商舖,新北市三峽區中正路1段470號,吳宛芝,200000,115/04/15,,,F399040 無店面零售業；F203010 食品什貨、飲料零售業,新北市,設立,11504
61253776,優飾商行,新北市三峽區民生街154號,劉雅苓,200000,115/04/15,,,F204110 布疋、衣著、鞋、帽、傘、服飾品零售業；F206020 日常用品零售業；F399040 無店面零售業；F203010 食品什貨、飲料零售業；F401010 國際貿易業；ZZ99999 除許可業務外，得經營法令非禁止或限制之業務；F208040 化粧品零售業,新北市,設立,11504
61253781,湄園小吃店,新北市三重區大同北路171號(1樓),鍾進田,50000,115/04/15,,,F501060 餐館業；F203010 食品什貨、飲料零售業；F203020 菸酒零售業；ZZ99999 除許可業務外，得經營法令非禁止或限制之業務,新北市,設立,11504
61253797,順達冷鏈拆櫃企業社,新北市新店區安興路109號5樓之6,郭士嘉,200000,115/04/15,,,IZ06010 理貨包裝業；IZ12010 人力派遣業；JZ99050 仲介服務業；G799990 其他運輸輔助業；G801010 倉儲業；F106010 五金批發業；F106020 日常用品批發業；F109070 文教、樂器、育樂用品批發業；F114030 汽、機車零件配備批發業；F199990 其他批發業；F206010 五金零售業；F206020 日常用品零售業；F209060 文教、樂器、育樂用品零售業；F214030 汽、機車零件配備零售業；F299990 其他零售業；F399040 無店面零售業；ZZ99999 除許可業務外，得經營法令非禁止或限制之業務,新北市,設立,11504
61253804,齊安商行,新北市鶯歌區中正三路445巷14號,陳威豪,200000,115/04/15,,,F101050 水產品批發業；F101040 家畜家禽批發業；F102040 飲料批發業；F201010 農產品零售業；F201020 畜產品零售業；F201030 水產品零售業；F203010 食品什貨、飲料零售業；F203020 菸酒零售業；F501060 餐館業；F501990 其他餐飲業；F399040 無店面零售業；F102170 食品什貨批發業；F201070 花卉零售業；F207030 清潔用品零售業；F207190 塑膠膜、袋零售業；G202010 停車場經營業；ZZ99999 除許可業務外，得經營法令非禁止或限制之業務,新北市,設立,11504
61253810,澔澔企業社,新北市林口區中山路248號地下一層2號115年04月,余澔,100000,115/04/15,,,F209060 文教、樂器、育樂用品零售業；J799990 其他休閒服務業；ZZ99999 除許可業務外，得經營法令非禁止或限制之業務,新北市,設立,11504
61253826,豆丸商行,新北市汐止區水源路1段190巷4之1號,陳駿仁,200000,115/04/15,,,C104020 烘焙炊蒸食品製造業；C199990 未分類其他食品製造業；F102170 食品什貨批發業；F203010 食品什貨、飲料零售業；ZZ99999 除許可業務外，得經營法令非禁止或限制之業務,新北市,設立,11504
61253831,晟坤工程行,新北市鶯歌區鳳鳴路571號7樓,官寶玉,200000,115/04/15,,,E599010 配管工程業；E601020 電器安裝業；E603090 照明設備安裝工程業；E801010 室內裝潢業；E801070 廚具、衛浴設備安裝工程業；E901010 油漆工程業；EZ99990 其他工程業；F106010 五金批發業；F113020 電器批發業；F113010 機械批發業；F211010 建材零售業；J101090 廢棄物清理業；J101040 廢棄物處理業；ZZ99999 除許可業務外，得經營法令非禁止或限制之業務,新北市,設立,11504
61253847,那空帕儂泰式船麵,新北市樹林區博愛街163之1號,李柏霖,150000,115/04/15,,,F501060 餐館業；ZZ99999 除許可業務外，得經營法令非禁止或限制之業務,新北市,設立,11504
61253852,沐森美學工作室,新北市新店區達觀路8巷2號14樓之4,李怡姍,100000,115/04/15,,,JZ99080 美容美髮服務業；F206020 日常用品零售業；F208040 化粧品零售業；JZ99990 未分類其他服務業；ZZ99999 除許可業務外，得經營法令非禁止或限制之業務,新北市,設立,11504
61253868,準時好購工作室,新北市汐止區新台五路1段196號14樓,吳翎榛,50000,115/04/15,,,F399040 無店面零售業；F109070 文教、樂器、育樂用品批發業；F209060 文教、樂器、育樂用品零售業；F104110 布疋、衣著、鞋、帽、傘、服飾品批發業；F204110 布疋、衣著、鞋、帽、傘、服飾品零售業；F106020 日常用品批發業；F206020 日常用品零售業；F105050 家具、寢具、廚房器具、裝設品批發業；F205040 家具、寢具、廚房器具、裝設品零售業；F113020 電器批發業；F213010 電器零售業；F401010 國際貿易業；I401010 一般廣告服務業；J399990 其他出版業；I501010 產品設計業；I599990 其他設計業；J601010 藝文服務業；I301010 資訊軟體服務業；I301020 資料處理服務業；I301030 電子資訊供應服務業；IZ06010 理貨包裝業；ZZ99999 除許可業務外，得經營法令非禁止或限制之業務,新北市,設立,11504
61253874,萬家香燙熱滷味,新北市蘆洲區信義路289號(1樓) 115年04月,王郁琳,100000,115/04/15,,,F501060 餐館業；F501990 其他餐飲業；ZZ99999 除許可業務外，得經營法令非禁止或限制之業務,新北市,設立,11504
61253889,森鈺手作坊,新北市三重區溪尾街230巷54號(1樓),岑婇婧,100000,115/04/15,,,F399040 無店面零售業；F203010 食品什貨、飲料零售業；F102170 食品什貨批發業；F299990 其他零售業；ZZ99999 除許可業務外，得經營法令非禁止或限制之業務；C199990 未分類其他食品製造業,新北市,設立,11504
61253895,阿凱與美姐兒好物商行,新北市鶯歌區鶯桃路129巷21弄6號,方美琳,100000,115/04/15,,,F215010 首飾及貴金屬零售業；F215020 礦石零售業；F204110 布疋、衣著、鞋、帽、傘、服飾品零售業；F399040 無店面零售業,新北市,設立,11504
61253902,全上企業社,新北市板橋區陽明街133號5樓,劉育銘,100000,115/04/15,,,G799990 其他運輸輔助業；ZZ99999 除許可業務外，得經營法令非禁止或限制之業務,新北市,設立,11504
61253918,鑫聖工程行,新北市新店區新烏路2段301之10號,陳文勇,200000,115/04/15,,,E901010 油漆工程業；E903010 防蝕、防銹工程業；EZ99990 其他工程業；E599010 配管工程業；E801030 室內輕鋼架工程業；EZ15010 保溫、保冷安裝工程業；J101010 建築物清潔服務業；J101030 廢棄物清除業；J101090 廢棄物清理業；ZZ99999 除許可業務外，得經營法令非禁止或限制之業務,新北市,設立,11504
61253924,拾悟商行,新北市中和區中山路2段332巷1號7樓,林志諧,1000,115/04/15,,,F201010 農產品零售業,新北市,設立,11504
61253939,大立起重行,新北市新莊區昌明街48號12樓,莊振豊,200000,115/04/15,,,EZ02010 起重工程業；G799990 其他運輸輔助業；ZZ99999 除許可業務外，得經營法令非禁止或限制之業務,新北市,設立,11504
61253945,聖陽車業,新北市新店區安興路127之3號(1樓),咸陽,200000,115/04/15,,,F214010 汽車零售業；F114010 汽車批發業；F214030 汽、機車零件配備零售業；JA01990 其他汽車服務業；JE01010 租賃業；ZZ99999 除許可業務外，得經營法令非禁止或限制之業務,新北市,設立,11504
61253950,米立古早味便當,新北市三重區重陽路1段105號(1樓),王偉宇,50000,115/04/15,,,F501060 餐館業,新北市,設立,11504
61253966,昕義餐飲店,新北市板橋區金門街345號115年04月,邱義荃,200000,115/04/15,,,F501060 餐館業；F501030 飲料店業；F399040 無店面零售業；F203010 食品什貨、飲料零售業；F299990 其他零售業,新北市,設立,11504
61253972,信頤工程行,新北市泰山區明志路1段466巷19號2樓115年04月,陳毅信,200000,115/04/15,,,E599010 配管工程業；E601020 電器安裝業；E603010 電纜安裝工程業；E603020 電梯安裝工程業；E603040 消防安全設備安裝工程業；E603050 自動控制設備工程業；E603080 交通號誌安裝工程業；E603090 照明設備安裝工程業；E603100 電焊工程業；E603110 冷作工程業；E603120 噴砂工程業；E604010 機械安裝業；E605010 電腦設備安裝業；E607010 太陽熱能設備安裝工程業；E701010 電信工程業；E701020 衛星電視ＫＵ頻道、Ｃ頻道器材安裝業；E701030 電信管制射頻器材裝設工程業；E701040 簡易電信設備安裝業；E801010 室內裝潢業；E801020 門窗安裝工程業；E801030 室內輕鋼架工程業；E801040 玻璃安裝工程業；E801070 廚具、衛浴設備安裝工程業；E901010 油漆工程業；E903010 防蝕、防銹工程業；EZ02010 起重工程業；EZ05010 儀器、儀表安裝工程業；EZ06010 交通標示工程業；EZ07010 鑽孔工程業；EZ09010 靜電防護及消除工程業；EZ11010 球場跑道樹脂材料鋪設工程業；EZ13010 核子工程業；EZ14010 運動場地用設備工程業；EZ15010 保溫、保冷安裝工程業；EZ99990 其他工程業；I503010 景觀設計業；J101010 建築物清潔服務業；J101030 廢棄物清除業；J101040 廢棄物處理業；J101090 廢棄物清理業；F105050 家具、寢具、廚房器具、裝設品批發業；F106010 五金批發業；F111090 建材批發業；F117010 消防安全設備批發業；F119010 電子材料批發業；F120010 耐火材料批發業；F205040 家具、寢具、廚房器具、裝設品零售業；F206010 五金零售業；F211010 建材零售業；F217010 消防安全設備零售業；F219010 電子材料零售業；F220010 耐火材料零售業；ZZ99999 除許可業務外，得經營法令非禁止或限制之業務,新北市,設立,11504
61253987,鎮翰選品服飾,新北市板橋區華江九路29號(1樓),陳柏翰,50000,115/04/15,,,F399040 無店面零售業；F204110 布疋、衣著、鞋、帽、傘、服飾品零售業；F215010 首飾及貴金屬零售業；F210020 眼鏡零售業,新北市,設立,11504
61253993,鑫曜玻璃行,新北市土城區中央路4段279巷1號8樓,蔡仁翔,100000,115/04/15,,,E801040 玻璃安裝工程業；E801010 室內裝潢業；F207170 工業助劑零售業；F206010 五金零售業,新北市,設立,11504
61254000,護妍肌研所館,新北市中和區中山路2段332巷13號12樓,簡朝蒼,200000,115/04/15,,,F108040 化粧品批發業；F208040 化粧品零售業；F107030 清潔用品批發業；F207030 清潔用品零售業；F106020 日常用品批發業；F206020 日常用品零售業；F106060 寵物食品及其用品批發業；F206050 寵物食品及其用品零售業；F399040 無店面零售業；F399990 其他綜合零售業；ZZ99999 除許可業務外，得經營法令非禁止或限制之業務,新北市,設立,11504
61254016,嘉二工程行,新北市新店區北新路2段123號115年04月,紀永嫺,200000,115/04/15,,,J101010 建築物清潔服務業；J101030 廢棄物清除業；E801010 室內裝潢業；F106010 五金批發業；F111090 建材批發業；ZZ99999 除許可業務外，得經營法令非禁止或限制之業務；E603100 電焊工程業；E599010 配管工程業；CA01050 鋼材二次加工業；E103011 鋼構工程專業營造業,新北市,設立,11504
61254022,晟欣數位企業社,新北市新店區民權路153號4樓,王晟宇,240000,115/04/15,,,F102170 食品什貨批發業；F104110 布疋、衣著、鞋、帽、傘、服飾品批發業；F105050 家具、寢具、廚房器具、裝設品批發業；F106010 五金批發業；F106020 日常用品批發業；F107030 清潔用品批發業；F108040 化粧品批發業；F109070 文教、樂器、育樂用品批發業；F115010 首飾及貴金屬批發業；F203010 食品什貨、飲料零售業；F204110 布疋、衣著、鞋、帽、傘、服飾品零售業；F205040 家具、寢具、廚房器具、裝設品零售業；F206010 五金零售業；F206020 日常用品零售業；F207030 清潔用品零售業；F208040 化粧品零售業；F209060 文教、樂器、育樂用品零售業；F215010 首飾及貴金屬零售業；F299990 其他零售業；F399040 無店面零售業；F399990 其他綜合零售業；F401010 國際貿易業；F113050 電腦及事務性機器設備批發業；F113020 電器批發業；I101090 食品顧問業；I102010 一般投資顧問業；I199990 其他顧問服務業；I301010 資訊軟體服務業；I301020 資料處理服務業；I401010 一般廣告服務業；I401020 廣告傳單分送業；I501010 產品設計業；I599990 其他設計業；IZ99990 其他工商服務業；ZZ99999 除許可業務外，得經營法令非禁止或限制之業務,新北市,設立,11504
61254037,永皇資源再利用企業社,新北市新莊區四維路187巷8號5樓115年04月,盧文皇,200000,115/04/15,,,J101080 資源回收業；J101040 廢棄物處理業；J101090 廢棄物清理業；J101990 其他環境衛生及污染防治服務業；F199010 回收物料批發業；F107050 肥料批發業；F207050 肥料零售業；F103010 飼料批發業；F202010 飼料零售業；I199990 其他顧問服務業；IG02010 研究發展服務業；IG03010 能源技術服務業；F401010 國際貿易業；ZZ99999 除許可業務外，得經營法令非禁止或限制之業務,新北市,設立,11504
61254043,聚禾企業社,新北市新莊區後港一路17巷16號(1樓),施盈如,200000,115/04/15,,,F101040 家畜家禽批發業；F101050 水產品批發業；F104110 布疋、衣著、鞋、帽、傘、服飾品批發業；F105050 家具、寢具、廚房器具、裝設品批發業；F106020 日常用品批發業；F108040 化粧品批發業；F109070 文教、樂器、育樂用品批發業；F199990 其他批發業；F201030 水產品零售業；F204110 布疋、衣著、鞋、帽、傘、服飾品零售業；F205040 家具、寢具、廚房器具、裝設品零售業；F206020 日常用品零售業；F208040 化粧品零售業；F399040 無店面零售業；F399990 其他綜合零售業；F401010 國際貿易業,新北市,設立,11504
61254058,凌空自動車行,新北市八里區中山路2段113號6樓,楊宗翰,100000,115/04/15,,,F114030 汽、機車零件配備批發業；F214030 汽、機車零件配備零售業；F114050 車胎批發業；F214050 車胎零售業；F113010 機械批發業；F113990 其他機械器具批發業；F213080 機械器具零售業；F401010 國際貿易業；F399040 無店面零售業；F399990 其他綜合零售業；I401010 一般廣告服務業；I501010 產品設計業；I103060 管理顧問業；JA01010 汽車修理業；JA01990 其他汽車服務業；ZZ99999 除許可業務外，得經營法令非禁止或限制之業務,新北市,設立,11504
61254064,奕鳴商行,新北市新店區安康路2段242巷11號4樓,魏樺鳴,200000,115/04/15,,,F399010 便利商店業；ZZ99999 除許可業務外，得經營法令非禁止或限制之業務,新北市,設立,11504
61254070,鴻成鋼鐵工程行,新北市新店區長春路193巷5號,高沛瑄,200000,115/04/15,,,E603100 電焊工程業；E801010 室內裝潢業；E801020 門窗安裝工程業；E801030 室內輕鋼架工程業；E801070 廚具、衛浴設備安裝工程業；E903010 防蝕、防銹工程業；EZ99990 其他工程業；F106010 五金批發業；F111090 建材批發業；F120010 耐火材料批發業；F206010 五金零售業；F211010 建材零售業；F220010 耐火材料零售業；F401010 國際貿易業；ZZ99999 除許可業務外，得經營法令非禁止或限制之業務,新北市,設立,11504
61254085,立卓企業社,新北市淡水區中山北路1段36號115年04月,連志豪,240000,115/04/15,,,F209060 文教、樂器、育樂用品零售業,新北市,設立,11504
61254091,福圓企業社,新北市三重區仁興街39巷10號4樓,林婷瑄,100000,115/04/15,,,F204110 布疋、衣著、鞋、帽、傘、服飾品零售業；F399040 無店面零售業；F205040 家具、寢具、廚房器具、裝設品零售業；F206020 日常用品零售業；F207030 清潔用品零售業；F208040 化粧品零售業；F209060 文教、樂器、育樂用品零售業；F215010 首飾及貴金屬零售業；F215020 礦石零售業；F213010 電器零售業；F213030 電腦及事務性機器設備零售業；F213060 電信器材零售業；F213110 電池零售業；F216010 照相器材零售業；ZZ99999 除許可業務外，得經營法令非禁止或限制之業務,新北市,設立,11504
61254108,暋曄水電工程行,新北市板橋區民生路3段263巷4弄12號115年04月,莊秉勳,200000,115/04/15,,,E599010 配管工程業；E601020 電器安裝業；E603010 電纜安裝工程業；E603090 照明設備安裝工程業；E701040 簡易電信設備安裝業；E801010 室內裝潢業；E801020 門窗安裝工程業；E801070 廚具、衛浴設備安裝工程業；E901010 油漆工程業；E903010 防蝕、防銹工程業；EZ99990 其他工程業；F105050 家具、寢具、廚房器具、裝設品批發業；F106010 五金批發業；F106020 日常用品批發業；F106040 水器材料批發業；F111090 建材批發業；F113020 電器批發業；F120010 耐火材料批發業；F205040 家具、寢具、廚房器具、裝設品零售業；F206010 五金零售業；F206020 日常用品零售業；F206040 水器材料零售業；F211010 建材零售業；F213010 電器零售業；F219010 電子材料零售業；F220010 耐火材料零售業；F399990 其他綜合零售業；ZZ99999 除許可業務外，得經營法令非禁止或限制之業務,新北市,設立,11504
61254114,夾子趣選物販賣機,新北市淡水區學府路154號(1樓),應寅生,50000,115/04/17,,,F203010 食品什貨、飲料零售業；F204110 布疋、衣著、鞋、帽、傘、服飾品零售業；F205040 家具、寢具、廚房器具、裝設品零售業；F206010 五金零售業；F206020 日常用品零售業；F209060 文教、樂器、育樂用品零售業；F213010 電器零售業；F213030 電腦及事務性機器設備零售業；F299990 其他零售業；F399040 無店面零售業；F399990 其他綜合零售業；ZZ99999 除許可業務外，得經營法令非禁止或限制之業務,新北市,設立,11504
61254120,達辰品企業社,新北市土城區學府路2段21之1號(1樓),陳鵬宇,100000,115/04/15,,,F206030 模具零售業；F206040 水器材料零售業；F207190 塑膠膜、袋零售業；F207990 其他化學製品零售業；F211010 建材零售業；F213080 機械器具零售業；F213090 交通標誌器材零售業；F213990 其他機械器具零售業；F214030 汽、機車零件配備零售業；F214990 其他交通運輸工具及其零件零售業；F215010 首飾及貴金屬零售業；F213010 電器零售業；F213030 電腦及事務性機器設備零售業；F213050 度量衡器零售業,新北市,設立,11504
61254135,元晟工程行,新北市八里區華峰一街75號3樓115年04月,林珮琪,230000,115/04/15,,,E599010 配管工程業；E601010 電器承裝業；E601020 電器安裝業；E603040 消防安全設備安裝工程業；E603050 自動控制設備工程業；E603090 照明設備安裝工程業；E701040 簡易電信設備安裝業；EZ99990 其他工程業；F106040 水器材料批發業；F113020 電器批發業；F117010 消防安全設備批發業；ZZ99999 除許可業務外，得經營法令非禁止或限制之業務,新北市,設立,11504
61254141,凱景水電工程行,新北市五股區四維路25號,白蔡麗彩,200000,115/04/15,,,E502010 燃料導管安裝工程業；E599010 配管工程業；E601010 電器承裝業；E601020 電器安裝業；E603010 電纜安裝工程業；E603040 消防安全設備安裝工程業；E603050 自動控制設備工程業；E603080 交通號誌安裝工程業；E603090 照明設備安裝工程業；E603100 電焊工程業；E603130 燃氣熱水器承裝業；E604010 機械安裝業；E605010 電腦設備安裝業；E701030 電信管制射頻器材裝設工程業；E701040 簡易電信設備安裝業；E801010 室內裝潢業；E801020 門窗安裝工程業；E801030 室內輕鋼架工程業；E801040 玻璃安裝工程業；E801070 廚具、衛浴設備安裝工程業；E901010 油漆工程業；E903010 防蝕、防銹工程業；EZ05010 儀器、儀表安裝工程業；EZ07010 鑽孔工程業；EZ15010 保溫、保冷安裝工程業；EZ99990 其他工程業；F105050 家具、寢具、廚房器具、裝設品批發業；F106010 五金批發業；F106040 水器材料批發業；F111090 建材批發業；F113020 電器批發業；F113070 電信器材批發業；F117010 消防安全設備批發業；F206010 五金零售業；F217010 消防安全設備零售業；IF01010 消防安全設備檢修業；ZZ99999 除許可業務外，得經營法令非禁止或限制之業務,新北市,設立,11504
61254156,米立粒商行,新北市林口區中原街2號之1,陳品婕,100000,115/04/15,,,F203010 食品什貨、飲料零售業,新北市,設立,11504
61254162,咪呀服飾,新北市淡水區民族路31巷17號(1樓) 115年04月,林彥綾,100000,115/04/15,,,F204110 布疋、衣著、鞋、帽、傘、服飾品零售業；F399040 無店面零售業；F206020 日常用品零售業；F206050 寵物食品及其用品零售業；F208040 化粧品零售業；F210020 眼鏡零售業,新北市,設立,11504
61254178,政峰水電工程行,新北市三重區重新路3段188號2樓,蔡政展,200000,115/04/15,,,E599010 配管工程業；E601020 電器安裝業；E603010 電纜安裝工程業；E603090 照明設備安裝工程業；E801070 廚具、衛浴設備安裝工程業；ZZ99999 除許可業務外，得經營法令非禁止或限制之業務；F206010 五金零售業；F206040 水器材料零售業,新北市,設立,11504
61254183,栩成智慧工程行,新北市新莊區新北大道4段175號3樓,陳柏翰,100000,115/04/15,,,I103060 管理顧問業；I199990 其他顧問服務業；I599990 其他設計業；I301010 資訊軟體服務業；ZZ99999 除許可業務外，得經營法令非禁止或限制之業務；IG03010 能源技術服務業,新北市,設立,11504
61254199,雲朵織夢工作室,新北市鶯歌區光明街15巷10號(2樓),陳昭熏,200000,115/04/15,,,F399040 無店面零售業；F204110 布疋、衣著、鞋、帽、傘、服飾品零售業,新北市,設立,11504
61254206,築序工程行,新北市三峽區永安街77巷8號(1樓),秦子淇,200000,115/04/15,,,E599010 配管工程業；E603090 照明設備安裝工程業；E603100 電焊工程業；E603110 冷作工程業；E603120 噴砂工程業；E604010 機械安裝業；E801010 室內裝潢業；E801020 門窗安裝工程業；E801030 室內輕鋼架工程業；E801040 玻璃安裝工程業；E801070 廚具、衛浴設備安裝工程業；E901010 油漆工程業；EZ07010 鑽孔工程業；EZ99990 其他工程業；ZZ99999 除許可業務外，得經營法令非禁止或限制之業務,新北市,設立,11504
61254212,卡哩工作室,新北市蘆洲區三民路483號2樓,李孟庭,100000,115/04/15,,,JZ99080 美容美髮服務業；JZ99990 未分類其他服務業；ZZ99999 除許可業務外，得經營法令非禁止或限制之業務,新北市,設立,11504
61254228,昀耘餐食館,新北市三重區文化北路140巷12號(1樓) 115年04月,江柏廷,200000,115/04/15,,,F501060 餐館業；ZZ99999 除許可業務外，得經營法令非禁止或限制之業務,新北市,設立,11504
61254233,域見工程行,新北市新莊區新樹路360號11樓,胡瑋倫,200000,115/04/15,,,F111090 建材批發業；F211010 建材零售業；E801010 室內裝潢業；F205040 家具、寢具、廚房器具、裝設品零售業；F206010 五金零售業；F206040 水器材料零售業；F207010 漆料、塗料零售業；F207030 清潔用品零售業；E901010 油漆工程業；E601010 電器承裝業；E601020 電器安裝業；E801070 廚具、衛浴設備安裝工程業；E603040 消防安全設備安裝工程業；IF01010 消防安全設備檢修業；EZ99990 其他工程業；I503010 景觀設計業；I599990 其他設計業；J101010 建築物清潔服務業；J101120 營建混合物分類處理業；J101080 資源回收業；ZZ99999 除許可業務外，得經營法令非禁止或限制之業務；IZ12010 人力派遣業,新北市,設立,11504
61254249,債的診理工作室,新北市板橋區民生路1段21號,謝長文,200000,115/04/15,,,I102010 一般投資顧問業；I103060 管理顧問業；I199990 其他顧問服務業；H201010 一般投資業；H202010 創業投資業；H703090 不動產買賣業；H703100 不動產租賃業；F111090 建材批發業；F211010 建材零售業；F401010 國際貿易業；H701010 住宅及大樓開發租售業；H701020 工業廠房開發租售業；H701060 新市鎮、新社區開發業；H703110 老人住宅業；JZ99050 仲介服務業；J202010 產業育成業；ZZ99999 除許可業務外，得經營法令非禁止或限制之業務,新北市,設立,11504
61254254,橋口鍋燒麵,新北市淡水區北新路182巷5弄19號,邱振昇,200000,115/04/16,,,F501060 餐館業,新北市,設立,11504
61254260,涵妍美學室,新北市林口區忠孝路546號115年04月,黃聖涵,200000,115/04/16,,,F208040 化粧品零售業；F108040 化粧品批發業；JZ99080 美容美髮服務業；F206020 日常用品零售業；F106020 日常用品批發業；F203010 食品什貨、飲料零售業；JZ99990 未分類其他服務業；ZZ99999 除許可業務外，得經營法令非禁止或限制之業務,新北市,設立,11504
61254276,多多卡舖,新北市板橋區僑中一街80巷12弄6號5樓,王香茹,100000,115/04/16,,,F209060 文教、樂器、育樂用品零售業；F399040 無店面零售業；ZZ99999 除許可業務外，得經營法令非禁止或限制之業務,新北市,設立,11504
61254281,星禾心食光工作坊,新北市中和區連城路428巷16弄4號（1樓）,劉汎怡,240000,115/04/16,,,F501030 飲料店業；F399040 無店面零售業；F203010 食品什貨、飲料零售業；J202010 產業育成業；ZZ99999 除許可業務外，得經營法令非禁止或限制之業務,新北市,設立,11504
61254297,長強視障按摩店,新北市永和區永貞路113號(1樓),魏明強,100000,115/04/20,,,JF01020 按摩業；JF01030 腳底按摩業,新北市,設立,11504
61254304,馨禕商行,新北市林口區民富街87號,劉懷智,200000,115/04/16,,,F501060 餐館業；F203010 食品什貨、飲料零售業；ZZ99999 除許可業務外，得經營法令非禁止或限制之業務,新北市,設立,11504
61254310,誠鎂實業社,新北市汐止區新台五路1段106號18樓,蔡進業,200000,115/04/16,,,E801020 門窗安裝工程業；E801010 室內裝潢業；E801030 室內輕鋼架工程業；ZZ99999 除許可業務外，得經營法令非禁止或限制之業務,新北市,設立,11504
61254326,西卡工作室,新北市三重區元信三街15號14樓115年04月,蔡怡萱,50000,115/04/16,,,I401010 一般廣告服務業；IZ99990 其他工商服務業；J602010 演藝活動業；F108040 化粧品批發業；F208040 化粧品零售業；F104110 布疋、衣著、鞋、帽、傘、服飾品批發業；F204110 布疋、衣著、鞋、帽、傘、服飾品零售業；F106020 日常用品批發業；F206020 日常用品零售業；F102040 飲料批發業；F102170 食品什貨批發業；F203010 食品什貨、飲料零售業；F399040 無店面零售業；F401010 國際貿易業；J303010 雜誌（期刊）出版業；J304010 圖書出版業；J305010 有聲出版業；J399990 其他出版業；I501010 產品設計業；I599990 其他設計業；J601010 藝文服務業；J404010 動畫影片製作業；J401010 電影片製作業；JZ99030 攝影業；F601010 智慧財產權業；I301010 資訊軟體服務業；I301020 資料處理服務業；I301030 電子資訊供應服務業；JB01010 會議及展覽服務業；I103060 管理顧問業；I199990 其他顧問服務業；ZZ99999 除許可業務外，得經營法令非禁止或限制之業務,新北市,設立,11504
61254331,聚寶行,新北市土城區明峯街31號(1樓),陳子沂,100000,115/04/16,,,F203010 食品什貨、飲料零售業；F299990 其他零售業,新北市,設立,11504
61254347,姐妹串燒鍋燒麵店,新北市淡水區新民街29號(1樓),林咏蓁,50000,115/04/16,,,F501060 餐館業,新北市,設立,11504
61254352,五號髮廊,新北市淡水區中山北路1段91號,溫佳玲,50000,115/04/16,,,JZ99080 美容美髮服務業,新北市,設立,11504
61254368,榛硯工程行,新北市淡水區中山北路1段229號22樓,黃喬榛,200000,115/04/16,,,E599010 配管工程業；E601010 電器承裝業；E601020 電器安裝業；E604010 機械安裝業；E605010 電腦設備安裝業；E801020 門窗安裝工程業；E801030 室內輕鋼架工程業；E801040 玻璃安裝工程業；E801070 廚具、衛浴設備安裝工程業；E901010 油漆工程業；E903010 防蝕、防銹工程業；EZ15010 保溫、保冷安裝工程業；EZ99990 其他工程業；F106010 五金批發業；F111090 建材批發業；F113020 電器批發業；F206010 五金零售業；F211010 建材零售業；F213010 電器零售業；JA02010 電器及電子產品修理業；JA02990 其他修理業；ZZ99999 除許可業務外，得經營法令非禁止或限制之業務,新北市,設立,11504
61254374,偉達汽車行,新北市樹林區信和街112號(1樓),黃偉豪,200000,115/04/16,,,JA01020 汽車拖吊業；F214030 汽、機車零件配備零售業；F114030 汽、機車零件配備批發業；F214010 汽車零售業；F399040 無店面零售業；JA01990 其他汽車服務業；ZZ99999 除許可業務外，得經營法令非禁止或限制之業務,新北市,設立,11504
61254389,宏緯人力派遣企業社,新北市八里區中華路2段508號3樓115年04月,郭俊宏,200000,115/04/16,,,G405010 貨櫃出租業；G406040 商港區拖駁船業；G406130 商港區曳船業；G409030 工業專用港或工業專用碼頭船舶理貨業；G409050 工業專用港或工業專用碼頭船舶貨物裝卸承攬業；G409060 工業專用港或工業專用碼頭拖駁船業；G702010 船舶勞務承攬業；G799990 其他運輸輔助業；G801010 倉儲業；IZ06010 理貨包裝業；IZ12010 人力派遣業；IZ99990 其他工商服務業；JZ99990 未分類其他服務業；ZZ99999 除許可業務外，得經營法令非禁止或限制之業務,新北市,設立,11504
61254395,活力多能量早午餐,新北市鶯歌區國際二路6巷2號,鄭姿嫻,150000,115/04/16,,,F501060 餐館業,新北市,設立,11504
61254402,詩祺商行,新北市三重區慈愛街86號,鄭詩樺,200000,115/04/16,,,F399040 無店面零售業；I301060 網路廣告平臺業；I301030 電子資訊供應服務業；I401010 一般廣告服務業；F113050 電腦及事務性機器設備批發業；F213030 電腦及事務性機器設備零售業；F102170 食品什貨批發業；F105050 家具、寢具、廚房器具、裝設品批發業；F106010 五金批發業；F106020 日常用品批發業；F201010 農產品零售業；F203010 食品什貨、飲料零售業；F205040 家具、寢具、廚房器具、裝設品零售業；F206010 五金零售業；F206020 日常用品零售業；F399990 其他綜合零售業；I301010 資訊軟體服務業；I301020 資料處理服務業；I501010 產品設計業；I599990 其他設計業；JA02010 電器及電子產品修理業；I199990 其他顧問服務業；JZ99990 未分類其他服務業；J601010 藝文服務業；ZZ99999 除許可業務外，得經營法令非禁止或限制之業務,新北市,設立,11504
61254418,好吃寵物烘培行,新北市新店區北新路1段157之2號,莊舒涵,100000,115/04/16,,,F201010 農產品零售業；F206050 寵物食品及其用品零售業；F203010 食品什貨、飲料零售業；F399040 無店面零售業；ZZ99999 除許可業務外，得經營法令非禁止或限制之業務,新北市,設立,11504
61254424,築川鐵櫃行,新北市汐止區新台五路1段93號21樓之6,林健安,200000,115/04/16,,,CN01010 家具及裝設品製造業；F105050 家具、寢具、廚房器具、裝設品批發業；F205040 家具、寢具、廚房器具、裝設品零售業；F401010 國際貿易業；ZZ99999 除許可業務外，得經營法令非禁止或限制之業務,新北市,設立,11504
61254439,法瑞莎生技企業社,新北市板橋區信義路243號9樓115年04月,賴姵穎,200000,115/04/16,,,F401010 國際貿易業；F399040 無店面零售業；F208040 化粧品零售業；F203010 食品什貨、飲料零售業；F206020 日常用品零售業；F108040 化粧品批發業；F102170 食品什貨批發業；F106020 日常用品批發業；F399990 其他綜合零售業；F199990 其他批發業；ZZ99999 除許可業務外，得經營法令非禁止或限制之業務,新北市,設立,11504
61254450,鈦匯鐵櫃行,新北市汐止區新台五路一段93號21樓之6,林濬辰,200000,115/04/16,,,CN01010 家具及裝設品製造業；F105050 家具、寢具、廚房器具、裝設品批發業；F205040 家具、寢具、廚房器具、裝設品零售業；F401010 國際貿易業；ZZ99999 除許可業務外，得經營法令非禁止或限制之業務,新北市,設立,11504
61254466,鑫沐實業社,新北市板橋區光環路2段52號(1樓),黃韋智,200000,115/04/16,,,JE01010 租賃業；F401010 國際貿易業；F106020 日常用品批發業；F206020 日常用品零售業；ZZ99999 除許可業務外，得經營法令非禁止或限制之業務,新北市,設立,11504
61254472,福緣齋素食,新北市新店區中興路1段140號(1樓),趙崑富,200000,115/04/16,,,F501060 餐館業,新北市,設立,11504
61254487,幸福麻糬,新北市蘆洲區得勝街64號,陳佳芃,100000,115/04/16,,,F203010 食品什貨、飲料零售業,新北市,設立,11504
61254493,墨洵文化創意工作室,新北市淡水區民生里樹梅坑23號2樓,丁墨墨,200000,115/04/16,,,J403010 電影片映演業；J404050 電影特效製作業；J404040 電影錄音業；J601010 藝文服務業；J602010 演藝活動業；J603010 音樂展演空間業；J604010 聲音錄製及音樂發行業；F399040 無店面零售業,新北市,設立,11504
61254509,艾比兒企業社,新北市板橋區重慶路60之1號3樓,葉惠雯,200000,115/04/16,,,I102010 一般投資顧問業；I103060 管理顧問業；I401010 一般廣告服務業；I501010 產品設計業；IZ06010 理貨包裝業；ZZ99999 除許可業務外，得經營法令非禁止或限制之業務,新北市,設立,11504
61254515,益捷環境清潔維護社,新北市淡水區新春街61巷5號2樓,林美君,30000,115/04/16,,,J101010 建築物清潔服務業；J101990 其他環境衛生及污染防治服務業,新北市,設立,11504
61254521,優美室內塗裝工程行,新北市土城區中央路4段165巷15之1號7樓,鄭晋維,100000,115/04/16,,,E801010 室內裝潢業；E901010 油漆工程業；EZ99990 其他工程業；F107010 漆料、塗料批發業；F207010 漆料、塗料零售業；ZZ99999 除許可業務外，得經營法令非禁止或限制之業務,新北市,設立,11504
61254536,不吃不可奇鷄小吃店,新北市板橋區南雅南路1段1之1號(1樓),孫耀庭,5000,115/04/16,,,F501060 餐館業,新北市,設立,11504
61254542,清爽企業社,新北市新莊區西盛街387巷36弄10號4樓,賴正生,100000,115/04/16,,,F399040 無店面零售業；I401010 一般廣告服務業,新北市,設立,11504
61254557,六六製麵店,新北市新店區自立街64號5樓,白政弘,50000,115/04/17,,,F102170 食品什貨批發業；F203010 食品什貨、飲料零售業,新北市,設立,11504
61254563,茗典工程行,新北市三峽區民生街106之3號2樓115年04月,陳健忠,240000,115/04/20,,,E801010 室內裝潢業；E901010 油漆工程業；E903010 防蝕、防銹工程業；IZ12010 人力派遣業；EZ99990 其他工程業；EZ11010 球場跑道樹脂材料鋪設工程業；EZ14010 運動場地用設備工程業；ZZ99999 除許可業務外，得經營法令非禁止或限制之業務,新北市,設立,11504
61254579,歐亂夾企業社,新北市板橋區長安街138巷1弄87號,鄭炎抱,50000,115/04/20,,,F209060 文教、樂器、育樂用品零售業；F203010 食品什貨、飲料零售業,新北市,設立,11504
61254584,海陸共生工作室,新北市三峽區民生街1巷5之109號7樓,廖琳俐,240000,115/04/17,,,J601010 藝文服務業；JZ99990 未分類其他服務業；I503010 景觀設計業；JZ99030 攝影業,新北市,設立,11504
61254590,至秦商行,新北市三重區三和路4段145巷85號(1樓),李佳臻,200000,115/04/17,,,F203010 食品什貨、飲料零售業；F221010 食品添加物零售業；F299990 其他零售業；ZZ99999 除許可業務外，得經營法令非禁止或限制之業務,新北市,設立,11504
61254607,中正二三四選物販賣店,新北市淡水區中正路234號,陳士鵬,50000,115/04/17,,,F209060 文教、樂器、育樂用品零售業,新北市,設立,11504
61254613,元信裝潢工程行,新北市三重區錦通街30號2樓,翁碧穗,200000,115/04/17,,,E801010 室內裝潢業；E801020 門窗安裝工程業；E801030 室內輕鋼架工程業；E801040 玻璃安裝工程業；E801070 廚具、衛浴設備安裝工程業；E901010 油漆工程業；EZ99990 其他工程業；F106010 五金批發業；F107030 清潔用品批發業；F111090 建材批發業；F206010 五金零售業；F207030 清潔用品零售業；F211010 建材零售業；F213010 電器零售業；I503010 景觀設計業；I599990 其他設計業；J101010 建築物清潔服務業；ZZ99999 除許可業務外，得經營法令非禁止或限制之業務,新北市,設立,11504
61254629,泉築行,新北市新莊區瓊林南路77號之47 115年04月,周世豐,100000,115/04/17,,,F106010 五金批發業；F106020 日常用品批發業；F107030 清潔用品批發業；F206010 五金零售業；F206020 日常用品零售業；F207030 清潔用品零售業；F207010 漆料、塗料零售業；F211010 建材零售業；F217010 消防安全設備零售業；E801010 室內裝潢業；E801070 廚具、衛浴設備安裝工程業；E801020 門窗安裝工程業；E801030 室內輕鋼架工程業；E801040 玻璃安裝工程業；J101010 建築物清潔服務業；J101080 資源回收業；F117010 消防安全設備批發業；ZZ99999 除許可業務外，得經營法令非禁止或限制之業務,新北市,設立,11504
61254634,豪哥餐飲企業社,新北市八里區中山路1段276號,張登堯,150000,115/04/17,,,F501060 餐館業；F501030 飲料店業；F203010 食品什貨、飲料零售業；ZZ99999 除許可業務外，得經營法令非禁止或限制之業務,新北市,設立,11504
61254640,輕熟珈琲焙煎工作室,新北市汐止區康寧街169巷29之1號5樓,李敏榕,200000,115/04/17,,,F203010 食品什貨、飲料零售業；F501030 飲料店業；F501060 餐館業；C110010 飲料製造業；C104020 烘焙炊蒸食品製造業,新北市,設立,11504
61254655,駿勝工程行,新北市新莊區新知三路61號3樓,陳允熙,200000,115/04/17,,,B601010 土石採取業；E401010 疏濬業；E402010 沙石、淤泥海拋業；E801010 室內裝潢業；E801070 廚具、衛浴設備安裝工程業；E903010 防蝕、防銹工程業；EZ02010 起重工程業；EZ99990 其他工程業；F102030 菸酒批發業；F102040 飲料批發業；F106010 五金批發業；F111090 建材批發業；F211010 建材零售業；H202010 創業投資業；H701090 都市更新整建維護業；H702010 建築經理業；HZ99990 其他金融、保險及不動產業；I102010 一般投資顧問業；I103060 管理顧問業；I199990 其他顧問服務業；IZ12010 人力派遣業；J101030 廢棄物清除業；J101040 廢棄物處理業；J101080 資源回收業；J101090 廢棄物清理業；J101110 營建剩餘土石方資源處理業；JE01010 租賃業；ZZ99999 除許可業務外，得經營法令非禁止或限制之業務,新北市,設立,11504
61254661,潤澤工程行,新北市深坑區北深路2段55巷12弄15號3樓,陳萬居,200000,115/04/17,,,E901010 油漆工程業；E801010 室內裝潢業；EZ99990 其他工程業；ZZ99999 除許可業務外，得經營法令非禁止或限制之業務,新北市,設立,11504
61254677,吉娃服飾商店,新北市新店區永業路8之1號,詹小娟,88000,115/04/17,,,F204110 布疋、衣著、鞋、帽、傘、服飾品零售業；F399040 無店面零售業,新北市,設立,11504
61254682,燊禾良餐飲店,新北市三重區三和路2段151號(1樓) 115年04月,許媁涵,200000,115/04/17,,,F102040 飲料批發業；F203010 食品什貨、飲料零售業；F206020 日常用品零售業；F399040 無店面零售業；F401010 國際貿易業；F501030 飲料店業；F501060 餐館業；ZZ99999 除許可業務外，得經營法令非禁止或限制之業務,新北市,設立,11504
61254698,燊禾順餐飲店,新北市三重區三和路2段151號(1樓),徐雅君,200000,115/04/17,,,F102040 飲料批發業；F203010 食品什貨、飲料零售業；F206020 日常用品零售業；F401010 國際貿易業；F501030 飲料店業；F501060 餐館業；ZZ99999 除許可業務外，得經營法令非禁止或限制之業務,新北市,設立,11504
61254705,老司激企業社,新北市汐止區樟樹二路296號,陳浚永,100000,115/04/17,,,F501060 餐館業；F203020 菸酒零售業；F203010 食品什貨、飲料零售業；F501990 其他餐飲業；ZZ99999 除許可業務外，得經營法令非禁止或限制之業務,新北市,設立,11504
61254711,丞惠小吃店,新北市泰山區文程路18巷18號,黎淑麗,200000,115/04/17,,,F501060 餐館業,新北市,設立,11504
61254727,佑信企業社,新北市新莊區富貴路502號7樓,莊承容,240000,115/04/17,,,H201010 一般投資業；H202010 創業投資業；H703100 不動產租賃業；H703090 不動產買賣業；I102010 一般投資顧問業；I103060 管理顧問業；I105010 藝術品諮詢顧問業；I301010 資訊軟體服務業；I301020 資料處理服務業；I301040 第三方支付服務業；I401010 一般廣告服務業；F401010 國際貿易業；F399040 無店面零售業；F203010 食品什貨、飲料零售業；F214030 汽、機車零件配備零售業；JE01010 租賃業；ZZ99999 除許可業務外，得經營法令非禁止或限制之業務,新北市,設立,11504
61254732,莫爾凘商行,新北市土城區中央路1段250巷17號5樓,陳宥恩,200000,115/04/17,,,F204110 布疋、衣著、鞋、帽、傘、服飾品零售業；F399040 無店面零售業,新北市,設立,11504
61254748,香港鴻運燒臘,新北市永和區秀朗路2段208號115年04月,李慶賢,200000,115/04/17,,,F501060 餐館業；F501990 其他餐飲業；ZZ99999 除許可業務外，得經營法令非禁止或限制之業務,新北市,設立,11504
61254753,世錩工程行,新北市中和區中山路2段332巷1號7樓,游忠憲,200000,115/04/17,,,D401010 熱能供應業；E599010 配管工程業；E601010 電器承裝業；E603010 電纜安裝工程業；E603040 消防安全設備安裝工程業；E603090 照明設備安裝工程業；E603130 燃氣熱水器承裝業；E604010 機械安裝業；E701040 簡易電信設備安裝業；E701010 電信工程業；E801010 室內裝潢業；E801030 室內輕鋼架工程業；E801020 門窗安裝工程業；E801040 玻璃安裝工程業；E801070 廚具、衛浴設備安裝工程業；E901010 油漆工程業；E903010 防蝕、防銹工程業；EZ15010 保溫、保冷安裝工程業；J101030 廢棄物清除業；J101040 廢棄物處理業；J101090 廢棄物清理業；CC01020 電線及電纜製造業；CA02090 金屬線製品製造業；F113020 電器批發業；F106010 五金批發業；ZZ99999 除許可業務外，得經營法令非禁止或限制之業務,新北市,設立,11504
61254769,瑪奧餐飲企業社,新北市中和區景平路333號(1樓),鄭瑋玲,150000,115/04/17,,,F501060 餐館業,新北市,設立,11504
61254775,大同工程行,新北市中和區忠孝街1巷70號115年04月,張義生,200000,115/04/17,,,E599010 配管工程業；E603040 消防安全設備安裝工程業；E801030 室內輕鋼架工程業；E901010 油漆工程業；E903010 防蝕、防銹工程業；ZZ99999 除許可業務外，得經營法令非禁止或限制之業務,新北市,設立,11504
61254780,開心購企業社,新北市板橋區民生路2段235號(1樓),吳俞蓁,200000,115/04/20,,,F106020 日常用品批發業；F107030 清潔用品批發業；F104110 布疋、衣著、鞋、帽、傘、服飾品批發業；F108040 化粧品批發業；F204110 布疋、衣著、鞋、帽、傘、服飾品零售業；F206020 日常用品零售業；F207030 清潔用品零售業；F208040 化粧品零售業；F102170 食品什貨批發業；F203010 食品什貨、飲料零售業；F109070 文教、樂器、育樂用品批發業；F113020 電器批發業；F113070 電信器材批發業；F213010 電器零售業；F213060 電信器材零售業；F199990 其他批發業；F399040 無店面零售業；F401010 國際貿易業；F209060 文教、樂器、育樂用品零售業；J701020 遊樂園業；J801030 競技及休閒運動場館業；F299990 其他零售業；I103060 管理顧問業；J601010 藝文服務業；J602010 演藝活動業；ZZ99999 除許可業務外，得經營法令非禁止或限制之業務,新北市,設立,11504
61254796,暖居丼飯專賣店,新北市三重區自強路1段290號115年04月,鄭价廷,200000,115/04/17,,,F501060 餐館業,新北市,設立,11504
61254803,松越工程行,新北市汐止區福德一路86巷56號2樓115年04月,陳玲瓏,248000,115/04/17,,,E502010 燃料導管安裝工程業；E599010 配管工程業；E601010 電器承裝業；E601020 電器安裝業；E603010 電纜安裝工程業；E603020 電梯安裝工程業；E603040 消防安全設備安裝工程業；E603050 自動控制設備工程業；E603080 交通號誌安裝工程業；E603090 照明設備安裝工程業；E603100 電焊工程業；E603110 冷作工程業；E603120 噴砂工程業；E603130 燃氣熱水器承裝業；E604010 機械安裝業；E605010 電腦設備安裝業；E607010 太陽熱能設備安裝工程業；E701010 電信工程業；E701020 衛星電視ＫＵ頻道、Ｃ頻道器材安裝業；E701030 電信管制射頻器材裝設工程業；E701040 簡易電信設備安裝業；E801010 室內裝潢業；E801020 門窗安裝工程業；E801030 室內輕鋼架工程業；E801040 玻璃安裝工程業；E801070 廚具、衛浴設備安裝工程業；E901010 油漆工程業；E903010 防蝕、防銹工程業；EZ02010 起重工程業；EZ05010 儀器、儀表安裝工程業；EZ06010 交通標示工程業；EZ07010 鑽孔工程業；EZ09010 靜電防護及消除工程業；EZ11010 球場跑道樹脂材料鋪設工程業；EZ14010 運動場地用設備工程業；EZ15010 保溫、保冷安裝工程業；EZ99990 其他工程業；F106010 五金批發業；F106020 日常用品批發業；F106040 水器材料批發業；F107010 漆料、塗料批發業；F107030 清潔用品批發業；F111090 建材批發業；F113010 機械批發業；F113020 電器批發業；F113030 精密儀器批發業；F113050 電腦及事務性機器設備批發業；F113070 電信器材批發業；F113990 其他機械器具批發業；F119010 電子材料批發業；F120010 耐火材料批發業；F206040 水器材料零售業；F213010 電器零售業；F213030 電腦及事務性機器設備零售業；F399040 無店面零售業；F401010 國際貿易業；I103060 管理顧問業；I401010 一般廣告服務業；I503010 景觀設計業；I599990 其他設計業；J101010 建築物清潔服務業；JA02010 電器及電子產品修理業；ZZ99999 除許可業務外，得經營法令非禁止或限制之業務,新北市,設立,11504
61254819,多咪匠企業社,新北市土城區中央路3段87號5樓之1,蕭詠欣,200000,115/04/17,,,F104110 布疋、衣著、鞋、帽、傘、服飾品批發業；F106020 日常用品批發業；F106060 寵物食品及其用品批發業；F204110 布疋、衣著、鞋、帽、傘、服飾品零售業；F206020 日常用品零售業；F206050 寵物食品及其用品零售業；J602010 演藝活動業；JZ99990 未分類其他服務業；ZZ99999 除許可業務外，得經營法令非禁止或限制之業務,新北市,設立,11504
61254825,勝銳工程行,新北市淡水區民權一街11號2樓115年04月,楊佳慧,100000,115/04/17,,,E603100 電焊工程業；E801010 室內裝潢業；E801020 門窗安裝工程業；E801030 室內輕鋼架工程業；E801040 玻璃安裝工程業；E903010 防蝕、防銹工程業；F211010 建材零售業；CA02010 金屬結構及建築組件製造業；CA02990 其他金屬製品製造業；ZZ99999 除許可業務外，得經營法令非禁止或限制之業務,新北市,設立,11504
61254830,陽朔企業社,新北市新店區安興路109號14樓之7,陳緯庠,200000,115/04/17,,,F203010 食品什貨、飲料零售業；F202010 飼料零售業；F204110 布疋、衣著、鞋、帽、傘、服飾品零售業；F205040 家具、寢具、廚房器具、裝設品零售業；F206010 五金零售業；F206020 日常用品零售業；F206050 寵物食品及其用品零售業；F206030 模具零售業；F208040 化粧品零售業；F209060 文教、樂器、育樂用品零售業；F210010 鐘錶零售業；F210020 眼鏡零售業；F211010 建材零售業；F213010 電器零售業；F213030 電腦及事務性機器設備零售業；F213060 電信器材零售業；F214030 汽、機車零件配備零售業；F214040 自行車及其零件零售業；F215010 首飾及貴金屬零售業；F219010 電子材料零售業；F399040 無店面零售業；F401010 國際貿易業；F102040 飲料批發業；F102050 茶葉批發業；F102170 食品什貨批發業；F104110 布疋、衣著、鞋、帽、傘、服飾品批發業；F105050 家具、寢具、廚房器具、裝設品批發業；F103010 飼料批發業；F106010 五金批發業；F106020 日常用品批發業；F106060 寵物食品及其用品批發業；F108040 化粧品批發業；F109070 文教、樂器、育樂用品批發業；F113050 電腦及事務性機器設備批發業；F113110 電池批發業；IZ12010 人力派遣業；CC01080 電子零組件製造業；J101010 建築物清潔服務業；ZZ99999 除許可業務外，得經營法令非禁止或限制之業務,新北市,設立,11504
61254846,酌雅企業社,新北市永和區四維街101號3樓,翁宗平,200000,115/04/18,,,F102030 菸酒批發業；F203020 菸酒零售業；ZZ99999 除許可業務外，得經營法令非禁止或限制之業務,新北市,設立,11504
61254851,憶莀企業社,新北市新店區安康路3段285號,廖憶潔,100000,115/04/18,,,H703090 不動產買賣業；H703100 不動產租賃業；ZZ99999 除許可業務外，得經營法令非禁止或限制之業務,新北市,設立,11504
61254867,過份本舖,新北市三重區中正北路145巷15號(1樓) 115年04月,呂俊逸,200000,115/04/18,,,F203010 食品什貨、飲料零售業；F501060 餐館業；F501990 其他餐飲業；ZZ99999 除許可業務外，得經營法令非禁止或限制之業務,新北市,設立,11504
61254873,玉嬌工程行,新北市新店區永安街91號(1樓),唐玉嬌,200000,115/04/18,,,E599010 配管工程業；E601010 電器承裝業；E601020 電器安裝業；E603090 照明設備安裝工程業；E801010 室內裝潢業；E801030 室內輕鋼架工程業；E801070 廚具、衛浴設備安裝工程業；E901010 油漆工程業；EZ99990 其他工程業；F206010 五金零售業；F206040 水器材料零售業；F207010 漆料、塗料零售業；F213010 電器零售業；F213060 電信器材零售業；ZZ99999 除許可業務外，得經營法令非禁止或限制之業務,新北市,設立,11504
61254888,白固堂,新北市林口區中正路23號7樓,曾光毅,200000,115/04/20,,,F501060 餐館業；F102170 食品什貨批發業；F102040 飲料批發業；F399990 其他綜合零售業；F401010 國際貿易業；F203010 食品什貨、飲料零售業；ZZ99999 除許可業務外，得經營法令非禁止或限制之業務,新北市,設立,11504
61254894,天僕商行,新北市林口區中原街2號之1,梁建明,200000,115/04/20,,,F501060 餐館業；F501990 其他餐飲業；ZZ99999 除許可業務外，得經營法令非禁止或限制之業務,新北市,設立,11504
61254901,天岳企業社,新北市中和區中山路2段553號5樓,張家鳴,200000,115/04/20,,,EZ02010 起重工程業；F205040 家具、寢具、廚房器具、裝設品零售業；G799990 其他運輸輔助業；JZ99990 未分類其他服務業；IZ06010 理貨包裝業；IZ12010 人力派遣業；IZ99990 其他工商服務業；I103060 管理顧問業；ZZ99999 除許可業務外，得經營法令非禁止或限制之業務,新北市,設立,11504
61254917,瘋電玩遊戲行,新北市中和區民利街31巷2弄8號4樓,王懷文,50000,115/04/20,,,F209060 文教、樂器、育樂用品零售業；F399040 無店面零售業,新北市,設立,11504
61254923,錕羚企業社,新北市泰山區義東街10號10樓115年04月,葉靜如,150000,115/04/20,,,E901010 油漆工程業；F106010 五金批發業；F106050 陶瓷玻璃器皿批發業；F401010 國際貿易業；ZZ99999 除許可業務外，得經營法令非禁止或限制之業務,新北市,設立,11504
61254938,暢宏工程行,新北市淡水區北新路169巷55號3樓,陳子寧,200000,115/04/20,,,E801070 廚具、衛浴設備安裝工程業；E801010 室內裝潢業；EZ06010 交通標示工程業；EZ11010 球場跑道樹脂材料鋪設工程業；E801020 門窗安裝工程業；E801030 室內輕鋼架工程業；E801040 玻璃安裝工程業；E901010 油漆工程業；E903010 防蝕、防銹工程業；EZ02010 起重工程業；EZ05010 儀器、儀表安裝工程業；EZ07010 鑽孔工程業；EZ14010 運動場地用設備工程業；EZ15010 保溫、保冷安裝工程業；F206010 五金零售業；F206040 水器材料零售業；F207010 漆料、塗料零售業；ZZ99999 除許可業務外，得經營法令非禁止或限制之業務,新北市,設立,11504
61254959,燈序一碗小吃,新北市樹林區大有路27號(1樓),藍廉豐,30000,115/04/20,,,F501060 餐館業,新北市,設立,11504
61254965,淡水阿華師本舖,新北市淡水區中正路116號(1樓),王勝華,100000,115/04/20,,,F203010 食品什貨、飲料零售業；F399040 無店面零售業,新北市,設立,11504
61254971,味途日料社,新北市中和區連城路347巷37號,吳昇峰,200000,115/04/20,,,F501060 餐館業；F203010 食品什貨、飲料零售業,新北市,設立,11504
61254986,齊紘工程行,新北市板橋區中山路1段10號9樓115年04月,曾倩慈,50000,115/04/20,,,E801010 室內裝潢業；E801020 門窗安裝工程業；E801040 玻璃安裝工程業；E801070 廚具、衛浴設備安裝工程業；E901010 油漆工程業；E903010 防蝕、防銹工程業；EZ02010 起重工程業；EZ11010 球場跑道樹脂材料鋪設工程業；EZ99990 其他工程業；F106010 五金批發業；F107010 漆料、塗料批發業；F111090 建材批發業；F206010 五金零售業；F207010 漆料、塗料零售業；F211010 建材零售業；I103060 管理顧問業；J101030 廢棄物清除業；ZZ99999 除許可業務外，得經營法令非禁止或限制之業務,新北市,設立,11504
61254992,紀念日工作室拉維斯‧基谷,新北市永和區保福路2段150巷3之1號,,100000,115/04/20,,,J404010 動畫影片製作業；J604010 聲音錄製及音樂發行業；F104110 布疋、衣著、鞋、帽、傘、服飾品批發業；F204110 布疋、衣著、鞋、帽、傘、服飾品零售業；F108040 化粧品批發業；F208040 化粧品零售業；F115010 首飾及貴金屬批發業；F215010 首飾及貴金屬零售業；F399040 無店面零售業；F601010 智慧財產權業；H201010 一般投資業；I105010 藝術品諮詢顧問業；I199990 其他顧問服務業；I401010 一般廣告服務業；I501010 產品設計業；I502010 服飾設計業；IZ99990 其他工商服務業；J303010 雜誌（期刊）出版業；J304010 圖書出版業；J305010 有聲出版業；J399010 軟體出版業；J401010 電影片製作業；J402010 電影片發行業；J503010 廣播節目製作業（原:J503011廣播節目製作業）；J503020 電視節目製作業（原:J503021電視節目製作業）；J503030 廣播電視節目發行業（原:J503031廣播電視節目發行業）；J503040 廣播電視廣告業（原:J503041廣播電視廣告業）；J503050 錄影節目帶業（原:J503051錄影節目帶業）；J601010 藝文服務業；J602010 演藝活動業；J603010 音樂展演空間業；JB01010 會議及展覽服務業；JZ99070 裁縫服務業；JZ99080 美容美髮服務業；JZ99090 喜慶綜合服務業；ZZ99999 除許可業務外，得經營法令非禁止或限制之業務,新北市,設立,11504
61255009,大發早餐店,新北市中和區民享街86巷28號,吳昭諴,80000,115/04/20,,,F203010 食品什貨、飲料零售業；F501060 餐館業；ZZ99999 除許可業務外，得經營法令非禁止或限制之業務,新北市,設立,11504
61255015,鮮來旺源禾農產行,新北市板橋區中正路236巷67號3樓115年04月,江泳萱,200000,115/04/20,,,F201010 農產品零售業,新北市,設立,11504
61255021,龍成裝潢工程行,新北市中和區大勇街27巷21號2樓,呂昭慧,200000,115/04/20,,,EZ99990 其他工程業；E801010 室內裝潢業；E801030 室內輕鋼架工程業；E801020 門窗安裝工程業；E801040 玻璃安裝工程業；E801070 廚具、衛浴設備安裝工程業；E901010 油漆工程業；E903010 防蝕、防銹工程業；EZ05010 儀器、儀表安裝工程業；EZ07010 鑽孔工程業；E701040 簡易電信設備安裝業；E701010 電信工程業；E607010 太陽熱能設備安裝工程業；E603130 燃氣熱水器承裝業；E603090 照明設備安裝工程業；E603050 自動控制設備工程業；E603040 消防安全設備安裝工程業；E601020 電器安裝業；E599010 配管工程業；E603100 電焊工程業；I503010 景觀設計業；F111090 建材批發業；F113020 電器批發業；F106040 水器材料批發業；F106010 五金批發業；F106020 日常用品批發業；F105050 家具、寢具、廚房器具、裝設品批發業；J101010 建築物清潔服務業；ZZ99999 除許可業務外，得經營法令非禁止或限制之業務,新北市,設立,11504
61255036,全式小吃店,新北市土城區中央路2段112號(1樓) 115年04月,賴奕安,168000,115/04/20,,,F399040 無店面零售業；F501060 餐館業；F501990 其他餐飲業；ZZ99999 除許可業務外，得經營法令非禁止或限制之業務,新北市,設立,11504
61255042,固明工程行,新北市中和區員山路143巷7號4樓,林明欽,100000,115/04/20,,,E599010 配管工程業；E601020 電器安裝業；E603040 消防安全設備安裝工程業；E603050 自動控制設備工程業；E601010 電器承裝業；E603090 照明設備安裝工程業；E701040 簡易電信設備安裝業；E801010 室內裝潢業；E801020 門窗安裝工程業；E801030 室內輕鋼架工程業；E801040 玻璃安裝工程業；E801070 廚具、衛浴設備安裝工程業；E901010 油漆工程業；E903010 防蝕、防銹工程業；EZ05010 儀器、儀表安裝工程業；F106040 水器材料批發業；F113110 電池批發業；F117010 消防安全設備批發業；F206040 水器材料零售業；F213110 電池零售業；F217010 消防安全設備零售業；G202010 停車場經營業；I103060 管理顧問業；ZZ99999 除許可業務外，得經營法令非禁止或限制之業務,新北市,設立,11504
61255057,光帆設計工作室,新北市汐止區忠孝東路498號16樓之2,林穎妏,200000,115/04/20,,,I503010 景觀設計業；I599990 其他設計業；I501010 產品設計業；E801010 室內裝潢業；I401010 一般廣告服務業；JB01010 會議及展覽服務業,新北市,設立,11504
61255063,森永商行,新北市深坑區文化街72號,郭俊良,200000,115/04/20,,,F501060 餐館業；ZZ99999 除許可業務外，得經營法令非禁止或限制之業務,新北市,設立,11504
61255079,步步高升工程,新北市土城區新洲路100號8樓115年04月,高崇銘,50000,115/04/20,,,E599010 配管工程業；EZ99990 其他工程業；EZ02010 起重工程業；EZ06010 交通標示工程業；ZZ99999 除許可業務外，得經營法令非禁止或限制之業務,新北市,設立,11504
61255084,歪歪工作室,新北市中和區中正路918號3樓115年04月,王若穎,200000,115/04/20,,,F104110 布疋、衣著、鞋、帽、傘、服飾品批發業；F204110 布疋、衣著、鞋、帽、傘、服飾品零售業；F109070 文教、樂器、育樂用品批發業；F209060 文教、樂器、育樂用品零售業；F108040 化粧品批發業；F208040 化粧品零售業；I401010 一般廣告服務業；J503040 廣播電視廣告業（原:J503041廣播電視廣告業）；J503020 電視節目製作業（原:J503021電視節目製作業）；J602010 演藝活動業；J601010 藝文服務業；I301010 資訊軟體服務業；I199990 其他顧問服務業；I301030 電子資訊供應服務業；JZ99990 未分類其他服務業；F399040 無店面零售業；ZZ99999 除許可業務外，得經營法令非禁止或限制之業務,新北市,設立,11504
61255090,有晨就工作室,新北市永和區中正路417號8樓,郭惟晨,10000,115/04/20,,,F104110 布疋、衣著、鞋、帽、傘、服飾品批發業；F204110 布疋、衣著、鞋、帽、傘、服飾品零售業；F105050 家具、寢具、廚房器具、裝設品批發業；F205040 家具、寢具、廚房器具、裝設品零售業；F106010 五金批發業；F206010 五金零售業；F106020 日常用品批發業；F206020 日常用品零售業；F108040 化粧品批發業；F208040 化粧品零售業；F109070 文教、樂器、育樂用品批發業；F209060 文教、樂器、育樂用品零售業；F110010 鐘錶批發業；F210010 鐘錶零售業；F199990 其他批發業；F399040 無店面零售業；F215020 礦石零售業；F115010 首飾及貴金屬批發業；F215010 首飾及貴金屬零售業；I502010 服飾設計業；I501010 產品設計業；F401010 國際貿易業；J601010 藝文服務業；J602010 演藝活動業；J603010 音樂展演空間業；J604010 聲音錄製及音樂發行業；J305010 有聲出版業；J303010 雜誌（期刊）出版業；F601010 智慧財產權業；J304010 圖書出版業；J503020 電視節目製作業（原:J503021電視節目製作業）；J503010 廣播節目製作業（原:J503011廣播節目製作業）；I401010 一般廣告服務業；JB01010 會議及展覽服務業；ZZ99999 除許可業務外，得經營法令非禁止或限制之業務,新北市,設立,11504
61255107,小寶越南美食,新北市林口區中山路97巷16號,黃辛惠珠,200000,115/04/20,,,F501060 餐館業,新北市,設立,11504
61255113,泳騰工程行,新北市板橋區篤行路2段19號2樓,郭昌諺,200000,115/04/20,,,E901010 油漆工程業；E903010 防蝕、防銹工程業；E801010 室內裝潢業；E603100 電焊工程業；EZ11010 球場跑道樹脂材料鋪設工程業；EZ14010 運動場地用設備工程業；EZ99990 其他工程業,新北市,設立,11504
61255129,莉莉萌萌抱過來工作室,新北市永和區水源里水源街36巷8號四樓115年04月,張家瑋,5000000,115/04/20,,,J601010 藝文服務業；J602010 演藝活動業；J603010 音樂展演空間業；IZ12010 人力派遣業；ZZ99999 除許可業務外，得經營法令非禁止或限制之業務,新北市,設立,11504
61255134,星柔生醫行,新北市土城區中央路3段87號5樓之１,吳冠萱,200000,115/04/20,,,F106020 日常用品批發業；F108031 醫療器材批發業；F199990 其他批發業；F104110 布疋、衣著、鞋、帽、傘、服飾品批發業；F204110 布疋、衣著、鞋、帽、傘、服飾品零售業；F206020 日常用品零售業；F208031 醫療器材零售業；F299990 其他零售業；F399040 無店面零售業；F399990 其他綜合零售業；F401010 國際貿易業；IZ99990 其他工商服務業；F108040 化粧品批發業；F208040 化粧品零售業；F203010 食品什貨、飲料零售業；F102170 食品什貨批發業；F107080 環境用藥批發業；F207080 環境用藥零售業；I199990 其他顧問服務業；I401010 一般廣告服務業；ZZ99999 除許可業務外，得經營法令非禁止或限制之業務,新北市,設立,11504
61255140,啟全工程行,新北市樹林區鎮前街62號5樓之1,黃福昇,200000,115/04/20,,,E599010 配管工程業；E603100 電焊工程業；E603110 冷作工程業；E603120 噴砂工程業；E801010 室內裝潢業；E801020 門窗安裝工程業；E801030 室內輕鋼架工程業；E901010 油漆工程業；E903010 防蝕、防銹工程業；EZ07010 鑽孔工程業；EZ99990 其他工程業；F106010 五金批發業；ZZ99999 除許可業務外，得經營法令非禁止或限制之業務,新北市,設立,11504
61255155,小橡青蔬商行,新北市永和區智光街69號(1樓),劉佩茹,200000,115/04/20,,,F501990 其他餐飲業；F501060 餐館業,新北市,設立,11504
61255161,匠羽工坊,新北市板橋區莒光路2巷31號,林育成,200000,115/04/20,,,E801010 室內裝潢業；E801030 室內輕鋼架工程業；E801020 門窗安裝工程業；E801070 廚具、衛浴設備安裝工程業；E901010 油漆工程業；EZ99990 其他工程業；F111090 建材批發業；ZZ99999 除許可業務外，得經營法令非禁止或限制之業務,新北市,設立,11504
61255177,綸盛工作室,新北市中和區中正路797號8樓,吳富綸,50000,115/04/20,,,F399040 無店面零售業；ZZ99999 除許可業務外，得經營法令非禁止或限制之業務,新北市,設立,11504
61255182,致誠清潔企業社,新北市土城區明德路2段105號,胡壽慶,100000,115/04/20,,,F207030 清潔用品零售業；F399040 無店面零售業,新北市,設立,11504
61255198,枃家企業社,新北市三重區昌隆街69號2樓115年04月,葉家君,50000,115/04/20,,,I599990 其他設計業,新北市,設立,11504
61255205,福光雞肉店,新北市板橋區重慶路276之10號,何崑賢,200000,115/04/20,,,F501060 餐館業；ZZ99999 除許可業務外，得經營法令非禁止或限制之業務,新北市,設立,11504
61255211,果時一期商行,新北市鶯歌區重慶街7號,吳季衡,240000,115/04/20,,,ZZ99999 除許可業務外，得經營法令非禁止或限制之業務；F501030 飲料店業；F501060 餐館業；F203010 食品什貨、飲料零售業；F201010 農產品零售業,新北市,設立,11504
61255227,振成堂香鋪,新北市中和區福祥路90巷1號,吳振成,100000,115/04/21,,,F206060 祭祀用品零售業；F106070 祭祀用品批發業；ZZ99999 除許可業務外，得經營法令非禁止或限制之業務,新北市,設立,11504
61255232,午森食光早午餐店,新北市樹林區復興路39號,李姿馨,100000,115/04/21,,,F501060 餐館業；ZZ99999 除許可業務外，得經營法令非禁止或限制之業務,新北市,設立,11504
61255248,鉑創企業社,新北市瑞芳區大埔路103巷32之5號,楊春金,200000,115/04/21,,,F119010 電子材料批發業；F219010 電子材料零售業；F113010 機械批發業；F213080 機械器具零售業；F113030 精密儀器批發業；F213040 精密儀器零售業；F199990 其他批發業；F299990 其他零售業；F113050 電腦及事務性機器設備批發業；F401010 國際貿易業；CA04010 表面處理業；CA05010 粉末冶金業；CA03010 熱處理業；JA02010 電器及電子產品修理業；C802990 其他化學製品製造業；CA02990 其他金屬製品製造業；CC01080 電子零組件製造業；E604010 機械安裝業；I103060 管理顧問業；ZZ99999 除許可業務外，得經營法令非禁止或限制之業務,新北市,設立,11504
61255253,新歐佳香早餐店,新北市板橋區僑中一街122號(1樓),簡永岳,150000,115/04/21,,,F501060 餐館業；F501030 飲料店業,新北市,設立,11504
61255269,名億裝潢設計工程,新北市板橋區南雅東路8號7樓之3 115年04月,陳科名,100000,115/04/21,,,E801010 室內裝潢業；E801030 室內輕鋼架工程業；E901010 油漆工程業；I503010 景觀設計業,新北市,設立,11504
61255275,空白小屋,新北市三芝區淺水灣街6之2號7樓,笵維真,200000,115/04/21,,,J202010 產業育成業；J601010 藝文服務業；J602010 演藝活動業；JZ99080 美容美髮服務業；JZ99090 喜慶綜合服務業；JZ99990 未分類其他服務業；F215010 首飾及貴金屬零售業；F215020 礦石零售業；F399040 無店面零售業；F201070 花卉零售業；F107990 其他化學製品批發業；F207990 其他化學製品零售業；I301010 資訊軟體服務業；J304010 圖書出版業；F208040 化粧品零售業；ZZ99999 除許可業務外，得經營法令非禁止或限制之業務；IG02010 研究發展服務業；I105010 藝術品諮詢顧問業；I199990 其他顧問服務業,新北市,設立,11504
61255280,嘉嘉美甲美學工作室,新北市板橋區新興路37號,黃沛嘉,100000,115/04/21,,,JZ99080 美容美髮服務業,新北市,設立,11504
61255296,德李康工程行,新北市樹林區俊英街133巷29號6樓,阮氏李,200000,115/04/21,,,E599010 配管工程業；E601020 電器安裝業；E603010 電纜安裝工程業；E603100 電焊工程業；E603090 照明設備安裝工程業；E603110 冷作工程業；E604010 機械安裝業；E801020 門窗安裝工程業；E901010 油漆工程業；E903010 防蝕、防銹工程業；EZ02010 起重工程業；EZ06010 交通標示工程業；EZ05010 儀器、儀表安裝工程業；EZ07010 鑽孔工程業；EZ14010 運動場地用設備工程業；EZ15010 保溫、保冷安裝工程業；EZ99990 其他工程業；F106010 五金批發業；F111090 建材批發業；F113010 機械批發業；J101010 建築物清潔服務業；ZZ99999 除許可業務外，得經營法令非禁止或限制之業務,新北市,設立,11504
61255303,楓光口加非工作坊,新北市林口區民富街99號2樓之1 115年04月,黃立文,200000,115/04/21,,,F501030 飲料店業；F399040 無店面零售業；F203020 菸酒零售業；F102030 菸酒批發業；ZZ99999 除許可業務外，得經營法令非禁止或限制之業務；F501990 其他餐飲業,新北市,設立,11504
61255319,金民工程行,新北市汐止區長興街2段2巷7號3樓,闕宗民,200000,115/04/21,,,F106040 水器材料批發業；F206040 水器材料零售業；F113020 電器批發業；F213010 電器零售業；E601010 電器承裝業；E601020 電器安裝業；E599010 配管工程業；E603010 電纜安裝工程業；E603040 消防安全設備安裝工程業；E603050 自動控制設備工程業；E603090 照明設備安裝工程業；E701010 電信工程業；E701040 簡易電信設備安裝業；E801010 室內裝潢業；E801020 門窗安裝工程業；E801030 室內輕鋼架工程業；E801070 廚具、衛浴設備安裝工程業；E901010 油漆工程業；EZ15010 保溫、保冷安裝工程業；EZ99990 其他工程業；JA02010 電器及電子產品修理業；ZZ99999 除許可業務外，得經營法令非禁止或限制之業務,新北市,設立,11504
61255325,宏潔企業社,新北市淡水區大忠街141號(1樓),雷嘉宏,50000,115/04/21,,,F501060 餐館業；F501030 飲料店業；F203020 菸酒零售業；F207030 清潔用品零售業；J101010 建築物清潔服務業；J101030 廢棄物清除業；ZZ99999 除許可業務外，得經營法令非禁止或限制之業務,新北市,設立,11504
61255330,佐瑪小坊,新北市板橋區公園街34巷12號(1樓),劉宸佐,100000,115/04/21,,,F501990 其他餐飲業；ZZ99999 除許可業務外，得經營法令非禁止或限制之業務,新北市,設立,11504
61255346,六八丸匠小吃店,新北市林口區文化二路1段68巷12之5號,江典錡,100000,115/04/21,,,F501060 餐館業；F501990 其他餐飲業；F501030 飲料店業；ZZ99999 除許可業務外，得經營法令非禁止或限制之業務,新北市,設立,11504
61255367,金雞排骨店,新北市三峽區大同路236號（1樓）,陳惠君,50000,115/04/21,,,F501060 餐館業,新北市,設立,11504
61255373,微笑派特寵物美學,新北市五股區成泰路3段258號(1樓),鄭海萍,100000,115/04/21,,,F206050 寵物食品及其用品零售業；JZ99180 寵物美容服務業；JZ99990 未分類其他服務業,新北市,設立,11504
61255388,安隅美學工作室,新北市新莊區建國一路5號(2樓) 115年04月,林卉雅,150000,115/04/21,,,JZ99080 美容美髮服務業；F209060 文教、樂器、育樂用品零售業；F208040 化粧品零售業；F399040 無店面零售業；ZZ99999 除許可業務外，得經營法令非禁止或限制之業務,新北市,設立,11504
61255394,儀然自得整體造型工作室,新北市汐止區大同路2段272巷1號4樓之2,陳宛儀,200000,115/04/21,,,F208040 化粧品零售業；F204110 布疋、衣著、鞋、帽、傘、服飾品零售業；JZ99080 美容美髮服務業；JZ99090 喜慶綜合服務業；JZ99030 攝影業；I502010 服飾設計業；I599990 其他設計業；J202010 產業育成業；JB01010 會議及展覽服務業；ZZ99999 除許可業務外，得經營法令非禁止或限制之業務,新北市,設立,11504
61255401,百齡企業社,新北市板橋區重慶路60之1號3樓,施忠瑜,200000,115/04/21,,,F102050 茶葉批發業；F203010 食品什貨、飲料零售業；F102040 飲料批發業；F102170 食品什貨批發業；F105050 家具、寢具、廚房器具、裝設品批發業；F205040 家具、寢具、廚房器具、裝設品零售業；I105010 藝術品諮詢顧問業；ZZ99999 除許可業務外，得經營法令非禁止或限制之業務,新北市,設立,11504
61255417,昫日食堂,新北市鶯歌區鶯桃路640號(1樓),林妤軒,100000,115/04/21,,,ZZ99999 除許可業務外，得經營法令非禁止或限制之業務；F201020 畜產品零售業；F201030 水產品零售業；F201010 農產品零售業；F203010 食品什貨、飲料零售業；F221010 食品添加物零售業；F299990 其他零售業；F501030 飲料店業；F501060 餐館業；F501990 其他餐飲業,新北市,設立,11504
61255423,煜沁空調工程行,新北市三重區力行路1段123巷41號5樓,黃智湖,200000,115/04/21,,,E601020 電器安裝業；E599010 配管工程業；E603050 自動控制設備工程業；E604010 機械安裝業；E605010 電腦設備安裝業；E701010 電信工程業；EZ99990 其他工程業；F113020 電器批發業；F113010 機械批發業；F113990 其他機械器具批發業；F119010 電子材料批發業；ZZ99999 除許可業務外，得經營法令非禁止或限制之業務,新北市,設立,11504
61255438,霏絢企業社,新北市板橋區文化路2段369巷17號,林書羽,200000,115/04/21,,,F204110 布疋、衣著、鞋、帽、傘、服飾品零售業；F399040 無店面零售業,新北市,設立,11504
61255459,言吾美學工作室,新北市新莊區建國一路5號（2樓）,陳家語,150000,115/04/21,,,JZ99080 美容美髮服務業；F208040 化粧品零售業；F399040 無店面零售業；ZZ99999 除許可業務外，得經營法令非禁止或限制之業務,新北市,設立,11504
61255465,覺醒飲料店,新北市新莊區中港一街75號115年04月,周坤村,200000,115/04/21,,,F501030 飲料店業；ZZ99999 除許可業務外，得經營法令非禁止或限制之業務,新北市,設立,11504
61255471,泰彬隆企業社,新北市板橋區漢生東路303號(1樓),郭麟彬,200000,115/04/21,,,JA02010 電器及電子產品修理業；F113070 電信器材批發業；F113050 電腦及事務性機器設備批發業；F113110 電池批發業；F119010 電子材料批發業；F213060 電信器材零售業；F213030 電腦及事務性機器設備零售業；F213110 電池零售業；F219010 電子材料零售業；F401010 國際貿易業；F218010 資訊軟體零售業；F399040 無店面零售業；I301020 資料處理服務業；I301010 資訊軟體服務業；IE01010 電信業務門號代辦業；ZZ99999 除許可業務外，得經營法令非禁止或限制之業務,新北市,設立,11504
61255486,天使貓羽企業社,新北市板橋區信義路243號9樓,陳又熏,200000,115/04/21,,,C701010 印刷業；IZ10010 排版業；I501010 產品設計業；I599990 其他設計業；I401010 一般廣告服務業；JZ99030 攝影業；JZ99080 美容美髮服務業；F108040 化粧品批發業；F208040 化粧品零售業；F106020 日常用品批發業；F206020 日常用品零售業；F399040 無店面零售業；F401010 國際貿易業；JZ99990 未分類其他服務業；ZZ99999 除許可業務外，得經營法令非禁止或限制之業務,新北市,設立,11504
61255492,旅誠管理顧問企業社,新北市永和區民有街29號,蔡偉莉,240000,115/04/21,,,F299990 其他零售業；F401010 國際貿易業；F501060 餐館業；F501990 其他餐飲業；I103060 管理顧問業；I199990 其他顧問服務業；ZZ99999 除許可業務外，得經營法令非禁止或限制之業務,新北市,設立,11504
61255508,鼎安工程行,新北市新莊區五工三路62巷28號5樓115年04月,王泓翔,200000,115/04/21,,,E599010 配管工程業；E601010 電器承裝業；E601020 電器安裝業；E603040 消防安全設備安裝工程業；E603090 照明設備安裝工程業；E801010 室內裝潢業；EZ99990 其他工程業；F106010 五金批發業；F206010 五金零售業；F206040 水器材料零售業；E901010 油漆工程業；ZZ99999 除許可業務外，得經營法令非禁止或限制之業務,新北市,設立,11504
61255514,悠康富餐館,新北市林口區文化二路1段92號,林再青,80000,115/04/21,,,F501060 餐館業；F203010 食品什貨、飲料零售業；ZZ99999 除許可業務外，得經營法令非禁止或限制之業務；F501030 飲料店業；F203030 酒精零售業；F399040 無店面零售業,新北市,設立,11504
61255520,唯鑫企業社,新北市新莊區民安路207巷10弄2號2樓,廖沛琳,200000,115/04/21,,,E801010 室內裝潢業；E801020 門窗安裝工程業；E801030 室內輕鋼架工程業；E801040 玻璃安裝工程業；E801070 廚具、衛浴設備安裝工程業；E901010 油漆工程業；EZ02010 起重工程業；EZ99990 其他工程業；E601020 電器安裝業；E603090 照明設備安裝工程業；EZ05010 儀器、儀表安裝工程業；EZ07010 鑽孔工程業；F106010 五金批發業；F106020 日常用品批發業；F106040 水器材料批發業；F105050 家具、寢具、廚房器具、裝設品批發業；F104110 布疋、衣著、鞋、帽、傘、服飾品批發業；F111090 建材批發業；F203010 食品什貨、飲料零售業；F211010 建材零售業；F399040 無店面零售業；F399990 其他綜合零售業；F401010 國際貿易業；I501010 產品設計業；I503010 景觀設計業；I504010 花藝設計業；J101010 建築物清潔服務業；J101030 廢棄物清除業；J101040 廢棄物處理業；J101090 廢棄物清理業；J101990 其他環境衛生及污染防治服務業；ZZ99999 除許可業務外，得經營法令非禁止或限制之業務,新北市,設立,11504
61255535,上緯機車行,新北市三重區大勇街82巷17號,吳文平,100000,115/04/21,,,F214030 汽、機車零件配備零售業；F214020 機車零售業；F214050 車胎零售業；JA02020 機車修理業；J101990 其他環境衛生及污染防治服務業；F114020 機車批發業；F114050 車胎批發業；JE01010 租賃業,新北市,設立,11504
61255541,活駱調理傳統整復推拿,新北市新莊區公園一路138號115年04月,楊馨雅,200000,115/04/22,,,JF01010 傳統整復推拿業,新北市,設立,11504
61255556,山邱企業社,新北市永和區永和路2段74號3樓之1,邱柏偉,200000,115/04/21,,,H701010 住宅及大樓開發租售業；IZ12010 人力派遣業；E801010 室內裝潢業；H703090 不動產買賣業；H701020 工業廠房開發租售業；H701050 投資興建公共建設業；H701060 新市鎮、新社區開發業；H701070 區段徵收及市地重劃代辦業；H701090 都市更新整建維護業；H703100 不動產租賃業；I102010 一般投資顧問業；I199990 其他顧問服務業,新北市,設立,11504
61255562,熱血運動工作室,新北市泰山區明志路2段210之1號12樓115年04月,彭俊祥,240000,115/04/21,,,ZZ99999 除許可業務外，得經營法令非禁止或限制之業務；F206020 日常用品零售業；F209060 文教、樂器、育樂用品零售業；F299990 其他零售業；F399990 其他綜合零售業；I103060 管理顧問業；I199990 其他顧問服務業；J802010 運動訓練業；J801030 競技及休閒運動場館業；J803020 運動比賽業；C703010 印刷品裝訂及加工業,新北市,設立,11504
61255578,愛新覺羅工作室,新北市汐止區連興街36號4樓,金翰,200000,115/04/21,,,C701010 印刷業；I401010 一般廣告服務業；I199990 其他顧問服務業；J202010 產業育成業；J303010 雜誌（期刊）出版業；J304010 圖書出版業；J601010 藝文服務業；J602010 演藝活動業；JB01010 會議及展覽服務業；JZ99030 攝影業；JZ99080 美容美髮服務業；JZ99090 喜慶綜合服務業；I501010 產品設計業；J305010 有聲出版業；J399990 其他出版業；F109070 文教、樂器、育樂用品批發業；F401010 國際貿易業；F399040 無店面零售業；J404010 動畫影片製作業；J404030 電影沖印業；J404040 電影錄音業；J404050 電影特效製作業；J503010 廣播節目製作業（原:J503011廣播節目製作業）；J503020 電視節目製作業（原:J503021電視節目製作業）；J503030 廣播電視節目發行業（原:J503031廣播電視節目發行業）；J503040 廣播電視廣告業（原:J503041廣播電視廣告業）；J503050 錄影節目帶業（原:J503051錄影節目帶業）；J701090 錄影節目帶播映業；JZ99050 仲介服務業；J401010 電影片製作業；J402010 電影片發行業；ZZ99999 除許可業務外，得經營法令非禁止或限制之業務,新北市,設立,11504
61255583,暖新早午餐店,新北市新店區中山路90號,詹素琳,150000,115/04/21,,,F501060 餐館業,新北市,設立,11504
61255599,京炭佶小吃坊,新北市三峽區三樹路28號,吳瑞哲,200000,115/04/21,,,F501060 餐館業；F203010 食品什貨、飲料零售業；F203020 菸酒零售業；ZZ99999 除許可業務外，得經營法令非禁止或限制之業務,新北市,設立,11504
61255606,暮野食堂,新北市淡水區學府路51巷3弄2號,沈侑旻,50000,115/04/21,,,F501060 餐館業,新北市,設立,11504
61255612,霜觀雨攝影工作室,新北市板橋區中山路1段293之1號14樓,李依霜,200000,115/04/22,,,H703100 不動產租賃業；ZZ99999 除許可業務外，得經營法令非禁止或限制之業務；JZ99030 攝影業,新北市,設立,11504
61255628,喬暄美髮企業社,新北市中和區中山路3段161號(1樓) 115年04月,何旻炫,150000,115/04/22,,,JZ99080 美容美髮服務業；ZZ99999 除許可業務外，得經營法令非禁止或限制之業務,新北市,設立,11504
61255633,睿達五金企業社,新北市中和區中山路2段332巷13號12樓,姜睿智,200000,115/04/22,,,F106010 五金批發業；F111090 建材批發業；F105050 家具、寢具、廚房器具、裝設品批發業；F206010 五金零售業；F211010 建材零售業；F205040 家具、寢具、廚房器具、裝設品零售業；F401010 國際貿易業；ZZ99999 除許可業務外，得經營法令非禁止或限制之業務,新北市,設立,11504
61255649,凝光映象工作室,新北市板橋區成都街45號2樓,林后原,200000,115/04/22,,,I301050 實境體感應用服務業；I301060 網路廣告平臺業；I199990 其他顧問服務業；I301010 資訊軟體服務業；I301020 資料處理服務業；I401010 一般廣告服務業；I501010 產品設計業；I599990 其他設計業；IZ99990 其他工商服務業；J304010 圖書出版業；J305010 有聲出版業；J399990 其他出版業；J401010 電影片製作業；J402010 電影片發行業；J404010 動畫影片製作業；J404040 電影錄音業；J404050 電影特效製作業；J503010 廣播節目製作業；J503020 電視節目製作業；J503030 廣播電視節目發行業；J503050 錄影節目帶業；J601010 藝文服務業；J602010 演藝活動業；JB01010 會議及展覽服務業；JZ99030 攝影業；JZ99990 未分類其他服務業；ZZ99999 除許可業務外，得經營法令非禁止或限制之業務,新北市,設立,11504
61255654,潼心工作室,新北市中和區中原二街28號18樓115年04月,蔡雨潼,200000,115/04/22,,,F399040 無店面零售業；I301010 資訊軟體服務業；I401010 一般廣告服務業；I501010 產品設計業；J303010 雜誌（期刊）出版業；J304010 圖書出版業；J305010 有聲出版業；J399990 其他出版業；J503020 電視節目製作業（原:J503021電視節目製作業）；J503040 廣播電視廣告業（原:J503041廣播電視廣告業）；J503050 錄影節目帶業（原:J503051錄影節目帶業）；J601010 藝文服務業；J602010 演藝活動業；ZZ99999 除許可業務外，得經營法令非禁止或限制之業務,新北市,設立,11504
61255660,飛行數位工作室,新北市板橋區仁化街11號(1樓),李佳承,100000,115/04/22,,,F601010 智慧財產權業；I301010 資訊軟體服務業；I301020 資料處理服務業；IZ13010 網路認證服務業；ZZ99999 除許可業務外，得經營法令非禁止或限制之業務,新北市,設立,11504
61255676,羽朔重機工程行,新北市新莊區福樂街31號3樓,高夷秀,1800000,115/04/22,,,EZ02010 起重工程業；EZ99990 其他工程業；E599010 配管工程業；E604010 機械安裝業；A102080 園藝服務業；I504010 花藝設計業；I503010 景觀設計業；A199990 其他農業；ZZ99999 除許可業務外，得經營法令非禁止或限制之業務,新北市,設立,11504
61255681,鉅正工程行,新北市新店區永安街80巷9號3樓,蔡東宸,100000,115/04/22,,,E801010 室內裝潢業；EZ99990 其他工程業；ZZ99999 除許可業務外，得經營法令非禁止或限制之業務,新北市,設立,11504
61255697,竹芯工程行,新北市中和區中正路556號4樓,房璋慶,200000,115/04/22,,,E801010 室內裝潢業；E801020 門窗安裝工程業；E801030 室內輕鋼架工程業；E801040 玻璃安裝工程業；E801070 廚具、衛浴設備安裝工程業；E901010 油漆工程業；E903010 防蝕、防銹工程業；I503010 景觀設計業；EZ99990 其他工程業；F111090 建材批發業；F105050 家具、寢具、廚房器具、裝設品批發業；F106010 五金批發業；ZZ99999 除許可業務外，得經營法令非禁止或限制之業務,新北市,設立,11504
61255704,艾拉指尖美學企業社,新北市三重區福德北路12號3樓,梁菡云,50000,115/04/22,,,F206020 日常用品零售業；F207020 染料、顏料零售業；F207030 清潔用品零售業；F207200 化學原料零售業；F207990 其他化學製品零售業；F208040 化粧品零售業；F399040 無店面零售業；F399990 其他綜合零售業；ZZ99999 除許可業務外，得經營法令非禁止或限制之業務,新北市,設立,11504
61255710,熊幸福點心坊,新北市三峽區大德路91號115年04月,陳思翰,180000,115/04/22,,,F203010 食品什貨、飲料零售業,新北市,設立,11504
61255726,勤億工程行,新北市三重區中正北路508巷25號3樓,林士勤,200000,115/04/22,,,E801010 室內裝潢業；E801020 門窗安裝工程業；E801030 室內輕鋼架工程業；E801040 玻璃安裝工程業；E801070 廚具、衛浴設備安裝工程業；E901010 油漆工程業；EZ99990 其他工程業；E903010 防蝕、防銹工程業；E599010 配管工程業；E601020 電器安裝業；E601010 電器承裝業；E603040 消防安全設備安裝工程業；E603090 照明設備安裝工程業；EZ15010 保溫、保冷安裝工程業；F205040 家具、寢具、廚房器具、裝設品零售業；F206040 水器材料零售業；F213010 電器零售業；F217010 消防安全設備零售業；ZZ99999 除許可業務外，得經營法令非禁止或限制之業務,新北市,設立,11504
61255731,多矅企業社,新北市新店區安興路109號14樓之7,陳緯庠,200000,115/04/30,,,F102050 茶葉批發業；F102040 飲料批發業；F102170 食品什貨批發業；F104110 布疋、衣著、鞋、帽、傘、服飾品批發業；F105050 家具、寢具、廚房器具、裝設品批發業；F106060 寵物食品及其用品批發業；F106010 五金批發業；F108040 化粧品批發業；F109070 文教、樂器、育樂用品批發業；F203010 食品什貨、飲料零售業；F204110 布疋、衣著、鞋、帽、傘、服飾品零售業；F299990 其他零售業；F399040 無店面零售業；F401010 國際貿易業；J101010 建築物清潔服務業；F215010 首飾及貴金屬零售業；CC01080 電子零組件製造業；IZ12010 人力派遣業；F114030 汽、機車零件配備批發業；F119010 電子材料批發業；F113010 機械批發業；F113110 電池批發業；ZZ99999 除許可業務外，得經營法令非禁止或限制之業務,新北市,設立,11504
61255747,小雀躍工作室,新北市新店區安興路109號14樓之7 115年04月,李思緯,200000,115/04/22,,,F102030 菸酒批發業；F203020 菸酒零售業；F102040 飲料批發業；F102170 食品什貨批發業；F203010 食品什貨、飲料零售業；F299990 其他零售業；F401010 國際貿易業；ZZ99999 除許可業務外，得經營法令非禁止或限制之業務,新北市,設立,11504
61255752,饗味快餐,新北市板橋區重慶路206號(1樓),廖錦祥,100000,115/04/22,,,F501060 餐館業,新北市,設立,11504
61255768,量子甜品屋,新北市新莊區西盛街269巷28號,陳曉璇,100000,115/04/22,,,F203010 食品什貨、飲料零售業；F102170 食品什貨批發業；C104020 烘焙炊蒸食品製造業；F399040 無店面零售業,新北市,設立,11504
61255774,潤泰企業社,新北市汐止區新台五路1段106號18樓,林明泰,100000,115/04/22,,,A102080 園藝服務業；A101020 農作物栽培業；EZ02010 起重工程業；E801010 室內裝潢業；EZ99990 其他工程業；J101020 病媒防治業；J101030 廢棄物清除業；J101040 廢棄物處理業；J101010 建築物清潔服務業；J101090 廢棄物清理業；J101080 資源回收業；JZ99990 未分類其他服務業,新北市,設立,11504
61255789,億丞工程行,新北市三峽區民生街106之2號3樓,吳鑫丞,240000,115/04/22,,,E401010 疏濬業；E402010 沙石、淤泥海拋業；E603010 電纜安裝工程業；E603020 電梯安裝工程業；EZ99990 其他工程業；E801010 室內裝潢業；E801020 門窗安裝工程業；E599010 配管工程業,新北市,設立,11504
61255795,佳仁國際企業,新北市新莊區中和街155巷24弄29號,陳佳明,100000,115/04/22,,,F399990 其他綜合零售業；F203010 食品什貨、飲料零售業；F203020 菸酒零售業；ZZ99999 除許可業務外，得經營法令非禁止或限制之業務,新北市,設立,11504
61255802,麗莎髮舍沙龍,新北市樹林區日新街43號,蕭敏玲,100000,115/04/22,,,JZ99080 美容美髮服務業,新北市,設立,11504
61255818,吃飯就來我家店,新北市中和區中山路2段380之1號,呂亦菘,150000,115/04/22,,,F501060 餐館業；ZZ99999 除許可業務外，得經營法令非禁止或限制之業務,新北市,設立,11504
61255824,露露拉衣童趣工作室,新北市淡水區新市二路1段120號115年04月,胡君如,100000,115/04/22,,,F204110 布疋、衣著、鞋、帽、傘、服飾品零售業；F399040 無店面零售業；F206020 日常用品零售業,新北市,設立,11504
61255839,坪平安外牆工程行,新北市三重區三和路4段215巷64號115年04月,郭芳志,200000,115/04/22,,,J101010 建築物清潔服務業；A102080 園藝服務業；E599010 配管工程業；E601010 電器承裝業；E603040 消防安全設備安裝工程業；E603090 照明設備安裝工程業；E604010 機械安裝業；E801010 室內裝潢業；E801020 門窗安裝工程業；E801030 室內輕鋼架工程業；E801040 玻璃安裝工程業；E801070 廚具、衛浴設備安裝工程業；E901010 油漆工程業；E903010 防蝕、防銹工程業；EZ99990 其他工程業；F106010 五金批發業；F106040 水器材料批發業；F107010 漆料、塗料批發業；F107020 染料、顏料批發業；F107030 清潔用品批發業；F107170 工業助劑批發業；F107200 化學原料批發業；F107990 其他化學製品批發業；F111090 建材批發業；F117010 消防安全設備批發業；F120010 耐火材料批發業；F206010 五金零售業；F206040 水器材料零售業；F207010 漆料、塗料零售業；F207020 染料、顏料零售業；F207030 清潔用品零售業；F207170 工業助劑零售業；F207200 化學原料零售業；F207990 其他化學製品零售業；F211010 建材零售業；E603100 電焊工程業；F213010 電器零售業；F217010 消防安全設備零售業；F220010 耐火材料零售業；F399040 無店面零售業；F401010 國際貿易業；I503010 景觀設計業；IB01010 建築物公共安全檢查業；IZ12010 人力派遣業；J101020 病媒防治業；J101030 廢棄物清除業；J101040 廢棄物處理業；J101990 其他環境衛生及污染防治服務業；J202010 產業育成業；JZ99990 未分類其他服務業；JE01010 租賃業；ZZ99999 除許可業務外，得經營法令非禁止或限制之業務,新北市,設立,11504
61255845,東鼎工程行,新北市新店區安和路2段215號6樓,鄒伯謙,200000,115/04/22,,,E903010 防蝕、防銹工程業；EZ07010 鑽孔工程業；E801010 室內裝潢業；E599010 配管工程業；E601020 電器安裝業；E603040 消防安全設備安裝工程業；E603090 照明設備安裝工程業；E604010 機械安裝業；IZ12010 人力派遣業；JE01010 租賃業；E801070 廚具、衛浴設備安裝工程業；E901010 油漆工程業；IZ99990 其他工商服務業；ZZ99999 除許可業務外，得經營法令非禁止或限制之業務,新北市,設立,11504
61255850,吉宸空調工程行,新北市中和區保健路61巷5弄9號4樓,簡少庭,200000,115/04/22,,,JA02010 電器及電子產品修理業；F113020 電器批發業；F213010 電器零售業；E601010 電器承裝業；E599010 配管工程業；JA02990 其他修理業；E603090 照明設備安裝工程業；EZ06010 交通標示工程業；EZ07010 鑽孔工程業；E801010 室內裝潢業；E801070 廚具、衛浴設備安裝工程業；F401010 國際貿易業；ZZ99999 除許可業務外，得經營法令非禁止或限制之業務,新北市,設立,11504
61255866,蛋蛋的窩服飾店,新北市土城區裕民路136巷11號,林庭亘,100000,115/04/22,,,F204110 布疋、衣著、鞋、帽、傘、服飾品零售業,新北市,設立,11504
61255872,暮選商行,新北市永和區保平路236巷12弄5號(1樓),邱婕葳,50000,115/04/22,,,F399040 無店面零售業；ZZ99999 除許可業務外，得經營法令非禁止或限制之業務,新北市,設立,11504
61255887,靖昇工程行,新北市中和區中山路2段332巷13號12樓,吳俊輝,200000,115/04/22,,,F106010 五金批發業；F111090 建材批發業；F105050 家具、寢具、廚房器具、裝設品批發業；F206010 五金零售業；F211010 建材零售業；F205040 家具、寢具、廚房器具、裝設品零售業；E801010 室內裝潢業；I503010 景觀設計業；E599010 配管工程業；E601010 電器承裝業；E801030 室內輕鋼架工程業；ZZ99999 除許可業務外，得經營法令非禁止或限制之業務,新北市,設立,11504
61255893,銘記蒜香鹽酥雞,新北市三重區三和路2段2之2號(1樓),陳思融,150000,115/04/22,,,F203010 食品什貨、飲料零售業；F501990 其他餐飲業；ZZ99999 除許可業務外，得經營法令非禁止或限制之業務,新北市,設立,11504
61255900,怜栗企業社,新北市三重區忠孝路2段104號10樓之1 115年04月,彭子灝,100000,115/04/22,,,F399040 無店面零售業,新北市,設立,11504
61255916,諺誼汽車商行,新北市三峽區忠孝街29之2號（1樓）,游俊文,200000,115/04/22,,,F114030 汽、機車零件配備批發業；F114010 汽車批發業；F114050 車胎批發業；F214030 汽、機車零件配備零售業；F214010 汽車零售業；F214050 車胎零售業；ZZ99999 除許可業務外，得經營法令非禁止或限制之業務,新北市,設立,11504
61255922,二哥冰菓室,新北市板橋區長安街138巷1弄236號(1樓),蘇耀坤,236000,115/04/22,,,F501030 飲料店業,新北市,設立,11504
61255937,言合文創工作室,新北市蘆洲區和平路139號,李依真,168000,115/04/22,,,I199990 其他顧問服務業；I401010 一般廣告服務業；I501010 產品設計業；F401010 國際貿易業；ZZ99999 除許可業務外，得經營法令非禁止或限制之業務,新北市,設立,11504
61255943,毓倪早餐店,新北市新莊區中港路497號（1樓）,鄧伊倪,100000,115/04/22,,,F501060 餐館業,新北市,設立,11504
61255958,阿郎小吃,新北市三峽區國學街16號(1樓),陳柏廷,100000,115/04/22,,,F501060 餐館業,新北市,設立,11504
61255964,鈺光礦物寶石研究室,新北市汐止區新台五路1段95號20樓之6,沈錫田,50000,115/04/22,,,I105010 藝術品諮詢顧問業；I103060 管理顧問業；I199990 其他顧問服務業；I599990 其他設計業；IG02010 研究發展服務業；IZ99990 其他工商服務業；F115010 首飾及貴金屬批發業；F115020 礦石批發業；F215010 首飾及貴金屬零售業；F215020 礦石零售業；F399040 無店面零售業；F401010 國際貿易業；J304010 圖書出版業；ZZ99999 除許可業務外，得經營法令非禁止或限制之業務,新北市,設立,11504
61255970,瑋昇工程行,新北市三峽區中正路2段329號,花世和,200000,115/04/24,,,E599010 配管工程業；E603090 照明設備安裝工程業；E603100 電焊工程業；E603110 冷作工程業；E603120 噴砂工程業；E604010 機械安裝業；E801010 室內裝潢業；E801020 門窗安裝工程業；E801030 室內輕鋼架工程業；E801040 玻璃安裝工程業；E801070 廚具、衛浴設備安裝工程業；E901010 油漆工程業；EZ07010 鑽孔工程業；EZ99990 其他工程業；ZZ99999 除許可業務外，得經營法令非禁止或限制之業務,新北市,設立,11504
61255985,瑞富咖啡商行,新北市板橋區大觀路2段37巷29號115年04月,陳勇中,100000,115/04/23,,,F203010 食品什貨、飲料零售業；F501030 飲料店業,新北市,設立,11504
61255991,大赤燄雞排,新北市樹林區佳園路1段25號,曾國庭,60000,115/04/23,,,F203010 食品什貨、飲料零售業,新北市,設立,11504
61256008,薰衣草洗衣坊,新北市新莊區福德一街118號,陳玉鈴,200000,115/04/23,,,JA03010 洗衣業；ZZ99999 除許可業務外，得經營法令非禁止或限制之業務,新北市,設立,11504
61256014,春香工程行,新北市泰山區中華街18巷2號3樓,杜春香,200000,115/04/23,,,F111090 建材批發業；E801030 室內輕鋼架工程業；E801020 門窗安裝工程業；E801010 室內裝潢業；EZ99990 其他工程業；IZ12010 人力派遣業；ZZ99999 除許可業務外，得經營法令非禁止或限制之業務,新北市,設立,11504
61256020,愛瑪服飾商行,新北市汐止區建成路26號5樓之2,廖雲傑,50000,115/04/23,,,F399040 無店面零售業；F204110 布疋、衣著、鞋、帽、傘、服飾品零售業,新北市,設立,11504
61256035,指佳美甲坊,新北市三重區重新路3段31之5號(1樓),黃琬玄,200000,115/04/23,,,JZ99080 美容美髮服務業；ZZ99999 除許可業務外，得經營法令非禁止或限制之業務,新北市,設立,11504
61256041,小夏民宿,新北市板橋區中山路1段10號11樓,王洲權,200000,115/04/23,,,JZ99990 未分類其他服務業；J799990 其他休閒服務業；J905010 民宿；ZZ99999 除許可業務外，得經營法令非禁止或限制之業務,新北市,設立,11504
61256056,鈺承水電工程行,新北市板橋區民生路1段129號4樓,黃鈺棠,200000,115/04/23,,,E601020 電器安裝業；E801010 室內裝潢業；E599010 配管工程業；E603040 消防安全設備安裝工程業；E603090 照明設備安裝工程業；E701010 電信工程業；E801020 門窗安裝工程業；E801030 室內輕鋼架工程業；E801040 玻璃安裝工程業；E801070 廚具、衛浴設備安裝工程業；E901010 油漆工程業；F105050 家具、寢具、廚房器具、裝設品批發業；F106020 日常用品批發業；F106040 水器材料批發業；ZZ99999 除許可業務外，得經營法令非禁止或限制之業務,新北市,設立,11504
61256062,大熊蔬食,新北市汐止區大同路2段527號,李奇原,100000,115/04/23,,,F501060 餐館業；ZZ99999 除許可業務外，得經營法令非禁止或限制之業務,新北市,設立,11504
61256078,安承工程行,新北市中和區中山路2段332巷1號7樓115年04月,許婷雅,200000,115/04/23,,,E901010 油漆工程業；E801010 室內裝潢業；F207010 漆料、塗料零售業；F207020 染料、顏料零售業；E801030 室內輕鋼架工程業；E801040 玻璃安裝工程業；E801070 廚具、衛浴設備安裝工程業；EZ99990 其他工程業；E903010 防蝕、防銹工程業；F107010 漆料、塗料批發業；F107020 染料、顏料批發業；I503010 景觀設計業；ZZ99999 除許可業務外，得經營法令非禁止或限制之業務,新北市,設立,11504
61256083,管飽食堂,新北市鶯歌區中正一路78巷7號(1樓),管品潔,50000,115/04/23,,,F501060 餐館業,新北市,設立,11504
61256099,昶翊企業社,新北市新莊區復興路2段136號7樓,方昶堯,100000,115/04/23,,,G799990 其他運輸輔助業,新北市,設立,11504
61256106,龍旭企業社,新北市中和區中正路277之4號18樓,陳姵穎,248000,115/04/23,,,IZ12010 人力派遣業；G801010 倉儲業；G799990 其他運輸輔助業；J101010 建築物清潔服務業；J101030 廢棄物清除業；J101040 廢棄物處理業；J101090 廢棄物清理業；JZ99990 未分類其他服務業；E901010 油漆工程業；EZ99990 其他工程業；E903010 防蝕、防銹工程業；E603090 照明設備安裝工程業；E603050 自動控制設備工程業；E604010 機械安裝業；E502010 燃料導管安裝工程業；E603040 消防安全設備安裝工程業；E801010 室內裝潢業；E601010 電器承裝業；F113010 機械批發業；F213010 電器零售業；ZZ99999 除許可業務外，得經營法令非禁止或限制之業務,新北市,設立,11504
61256112,小酒窩潮玩二創工作室,新北市林口區文化北路2段600號,何祈宏,168000,115/04/23,,,F204110 布疋、衣著、鞋、帽、傘、服飾品零售業；F209060 文教、樂器、育樂用品零售業,新北市,設立,11504
61256128,尚禾機車座墊行,新北市新莊區公園一路106號(1樓),楊祥禾,100000,115/04/23,,,JA02990 其他修理業；F214020 機車零售業；C805990 其他塑膠製品製造業；C399990 其他紡織及製品製造業；F214030 汽、機車零件配備零售業；F299990 其他零售業；JA02020 機車修理業,新北市,設立,11504
61256133,金來運動彩券,新北市新莊區八德街89號,李譿芯,50000,115/04/23,,,IZ18021 運動彩券經銷業,新北市,設立,11504
61256149,聯嘉企業社,新北市鶯歌區文化路242號(1樓),蔡鎔蔚,200000,115/04/23,,,E801020 門窗安裝工程業；E605010 電腦設備安裝業；E901010 油漆工程業；F111090 建材批發業；ZZ99999 除許可業務外，得經營法令非禁止或限制之業務,新北市,設立,11504
61256154,雙溪驛站商行,新北市雙溪區中正路23號4樓,顏啓業,100000,115/04/23,,,F201010 農產品零售業；F203010 食品什貨、飲料零售業；A102080 園藝服務業；ZZ99999 除許可業務外，得經營法令非禁止或限制之業務,新北市,設立,11504
61256160,杰宬商行,新北市中和區員山路248號(1樓),孫偉珊,80000,115/04/23,,,F203010 食品什貨、飲料零售業；ZZ99999 除許可業務外，得經營法令非禁止或限制之業務,新北市,設立,11504
61256176,禾馨美學工作室,新北市中和區中和路77號(1樓) 115年04月,張芳瑜,100000,115/04/23,,,JZ99080 美容美髮服務業,新北市,設立,11504
61256181,江江農產行,新北市新莊區福壽街142巷34號5樓,江彥瑭,200000,115/04/23,,,A101020 農作物栽培業；A101030 特用作物栽培業；A101040 食用菌菇類栽培業；A101050 花卉栽培業；A102020 農產品整理業；A102050 作物栽培服務業；A102060 糧商業；A102070 菸草整理業；A102080 園藝服務業；A199990 其他農業；F101040 家畜家禽批發業；F101130 蔬果批發業；F101990 其他農、畜、水產品批發業；F102170 食品什貨批發業；F201010 農產品零售業；F201990 其他農畜水產品零售業；F203010 食品什貨、飲料零售業；ZZ99999 除許可業務外，得經營法令非禁止或限制之業務,新北市,設立,11504
61256197,全新實業社,新北市板橋區四川路1段23號11樓,林逸民,200000,115/04/23,,,F107030 清潔用品批發業；F207030 清潔用品零售業；F399040 無店面零售業；ZZ99999 除許可業務外，得經營法令非禁止或限制之業務,新北市,設立,11504
61256204,海港島嶼藝術社,新北市板橋區三民路2段28號11樓,黃雅羚,200000,115/04/23,,,ZZ99999 除許可業務外，得經營法令非禁止或限制之業務；J601010 藝文服務業；I501010 產品設計業；F399040 無店面零售業；I199990 其他顧問服務業；I401010 一般廣告服務業,新北市,設立,11504
61256210,呈星工程行,新北市新店區三民路35巷42號（1樓）,羅志雄,200000,115/04/23,,,E801010 室內裝潢業；E901010 油漆工程業；E801070 廚具、衛浴設備安裝工程業；E801030 室內輕鋼架工程業；E801040 玻璃安裝工程業；F106010 五金批發業；F206010 五金零售業；I503010 景觀設計業；F401010 國際貿易業；ZZ99999 除許可業務外，得經營法令非禁止或限制之業務,新北市,設立,11504
61256226,耀暉商行,新北市新店區北宜路2段153號10樓之4 115年04月,張瑟瑟,200000,115/04/23,,,F501060 餐館業；F203010 食品什貨、飲料零售業；F399040 無店面零售業,新北市,設立,11504
61256231,漢森工程行,新北市汐止區新台五路1段106號18樓115年04月,賴銘利,200000,115/04/23,,,E901010 油漆工程業；F107010 漆料、塗料批發業；F207010 漆料、塗料零售業；F107020 染料、顏料批發業；F207020 染料、顏料零售業；E903010 防蝕、防銹工程業；E801010 室內裝潢業；E801020 門窗安裝工程業；E801030 室內輕鋼架工程業；E801040 玻璃安裝工程業；E599010 配管工程業；E603010 電纜安裝工程業；E603100 電焊工程業；E603110 冷作工程業；E603120 噴砂工程業；EZ07010 鑽孔工程業；EZ99990 其他工程業；F111090 建材批發業；F211010 建材零售業；J101010 建築物清潔服務業；J101030 廢棄物清除業；J101040 廢棄物處理業；J101080 資源回收業；J101090 廢棄物清理業；F113010 機械批發業；F199010 回收物料批發業；F214990 其他交通運輸工具及其零件零售業；E601010 電器承裝業；E601020 電器安裝業；E604010 機械安裝業；F106010 五金批發業；F206010 五金零售業；F106020 日常用品批發業；F206020 日常用品零售業；F106040 水器材料批發業；F206040 水器材料零售業；F107030 清潔用品批發業；F207030 清潔用品零售業；JA02010 電器及電子產品修理業；I503010 景觀設計業；IZ12010 人力派遣業；ZZ99999 除許可業務外，得經營法令非禁止或限制之業務,新北市,設立,11504
61256247,郭靜婷表演藝術工作室,新北市中和區中原二街28號18樓,郭靜婷,200000,115/04/23,,,J803010 運動表演業；J802010 運動訓練業；J803020 運動比賽業；J601010 藝文服務業；J602010 演藝活動業；J603010 音樂展演空間業；J799990 其他休閒服務業；F209060 文教、樂器、育樂用品零售業；F299990 其他零售業；JE01010 租賃業；I401010 一般廣告服務業；J404010 動畫影片製作業；J401010 電影片製作業；JZ99030 攝影業；J503050 錄影節目帶業（原:J503051錄影節目帶業）；ZZ99999 除許可業務外，得經營法令非禁止或限制之業務,新北市,設立,11504
61256252,娜斯選物工作室,新北市淡水區中正東路1段3巷14弄15號20樓之2,林律綺,200000,115/04/23,,,F204110 布疋、衣著、鞋、帽、傘、服飾品零售業；ZZ99999 除許可業務外，得經營法令非禁止或限制之業務,新北市,設立,11504
61256268,星域工作室,新北市汐止區大同路2段282號,吳俊德,100000,115/04/23,,,F399040 無店面零售業；I401010 一般廣告服務業；J601010 藝文服務業；JZ99030 攝影業；J503040 廣播電視廣告業（原:J503041廣播電視廣告業）；ZZ99999 除許可業務外，得經營法令非禁止或限制之業務,新北市,設立,11504
61256274,馬太七七企業,新北市土城區學成路125號16樓,張立,100000,115/04/23,,,ZZ99999 除許可業務外，得經營法令非禁止或限制之業務；F204110 布疋、衣著、鞋、帽、傘、服飾品零售業；F205040 家具、寢具、廚房器具、裝設品零售業；F206020 日常用品零售業；F208040 化粧品零售業；F209060 文教、樂器、育樂用品零售業；F215010 首飾及貴金屬零售業；F299990 其他零售業；F399040 無店面零售業；JZ99080 美容美髮服務業；I401010 一般廣告服務業,新北市,設立,11504
61256289,惟一鮮蔬果行,新北市三重區仁政街200巷8號4樓,黃致惟,200000,115/04/23,,,F201010 農產品零售業,新北市,設立,11504
61256295,昕貓企業社,新北市泰山區義東街10號10樓115年04月,黃小玲,200000,115/04/23,,,F104110 布疋、衣著、鞋、帽、傘、服飾品批發業；F204110 布疋、衣著、鞋、帽、傘、服飾品零售業；F106020 日常用品批發業；F206020 日常用品零售業；F199990 其他批發業；F299990 其他零售業；F399040 無店面零售業；F399990 其他綜合零售業；ZZ99999 除許可業務外，得經營法令非禁止或限制之業務,新北市,設立,11504
61256302,露滋幸運企業社,新北市三重區重新路2段78號15樓,陳宥慈,200000,115/04/23,,,F399040 無店面零售業；F209060 文教、樂器、育樂用品零售業；F109070 文教、樂器、育樂用品批發業；F204110 布疋、衣著、鞋、帽、傘、服飾品零售業；F104110 布疋、衣著、鞋、帽、傘、服飾品批發業；F206020 日常用品零售業；F106020 日常用品批發業；F199990 其他批發業；F299990 其他零售業；F401010 國際貿易業；ZZ99999 除許可業務外，得經營法令非禁止或限制之業務,新北市,設立,11504
61256318,頤赫企業社,新北市泰山區義東街10號10樓,黃昕縈,200000,115/04/23,,,F106060 寵物食品及其用品批發業；F206050 寵物食品及其用品零售業；F202010 飼料零售業；F399040 無店面零售業；JZ99990 未分類其他服務業；F204110 布疋、衣著、鞋、帽、傘、服飾品零售業；F104110 布疋、衣著、鞋、帽、傘、服飾品批發業；F102170 食品什貨批發業；ZZ99999 除許可業務外，得經營法令非禁止或限制之業務,新北市,設立,11504
61256324,紫的寶早午晚餐,新北市中和區民德路17號,利品辰,100000,115/04/23,,,F501060 餐館業,新北市,設立,11504
61256339,墨林水電工程行,新北市新莊區昌盛街35巷2弄5號2樓,龔俊瑋,200000,115/04/23,,,E801010 室內裝潢業；E599010 配管工程業；E701010 電信工程業；E601020 電器安裝業；E605010 電腦設備安裝業；E603050 自動控制設備工程業；E801070 廚具、衛浴設備安裝工程業；E801020 門窗安裝工程業；E801030 室內輕鋼架工程業；E801040 玻璃安裝工程業；ZZ99999 除許可業務外，得經營法令非禁止或限制之業務,新北市,設立,11504
61256345,盛晴小吃店,新北市土城區學成路90號,蕭淑文,100000,115/04/24,,,F501060 餐館業,新北市,設立,11504
61256350,啟承萬物商行,新北市土城區延平街45號,楊承璋,60000,115/04/29,,,F209060 文教、樂器、育樂用品零售業,新北市,設立,11504
61256366,她好漂亮服飾店,新北市板橋區中山路1段50巷26號115年04月,陳安妮,100000,115/04/24,,,F104110 布疋、衣著、鞋、帽、傘、服飾品批發業；F204110 布疋、衣著、鞋、帽、傘、服飾品零售業；F206010 五金零售業；F206020 日常用品零售業；F208040 化粧品零售業；F215010 首飾及貴金屬零售業；F399040 無店面零售業,新北市,設立,11504
61256372,竑鈞企業社,新北市土城區學成路150號2樓,洪萬龍,240000,115/04/24,,,F106010 五金批發業；F206010 五金零售業；F111090 建材批發業；F401010 國際貿易業；F399040 無店面零售業；CA01050 鋼材二次加工業；CA01020 鋼鐵軋延及擠型業；CA01010 鋼鐵冶鍊業；CA01060 鋼線鋼纜製造業；CA01990 其他非鐵金屬基本工業；CA02080 金屬鍛造業；CA03010 熱處理業；CA04010 表面處理業；ZZ99999 除許可業務外，得經營法令非禁止或限制之業務,新北市,設立,11504
61256387,王鎮工程行,新北市三重區三和路4段89巷8號(1樓),王彥霖,200000,115/04/24,,,E599010 配管工程業；E601010 電器承裝業；E601020 電器安裝業；E801010 室內裝潢業；E801020 門窗安裝工程業；E801030 室內輕鋼架工程業；E801070 廚具、衛浴設備安裝工程業；E901010 油漆工程業；E903010 防蝕、防銹工程業；IZ12010 人力派遣業；F111090 建材批發業；F211010 建材零售業；ZZ99999 除許可業務外，得經營法令非禁止或限制之業務,新北市,設立,11504
61256393,大方生活選品企業社,新北市三重區自強路3段73號2樓,范馨方,50000,115/04/24,,,F206020 日常用品零售業；F401010 國際貿易業；F203010 食品什貨、飲料零售業；F208040 化粧品零售業；F399990 其他綜合零售業,新北市,設立,11504
61256400,蓁選品企業社,新北市林口區仁愛二路37號16樓,潘郁蓁,200000,115/04/24,,,F206020 日常用品零售業；F203010 食品什貨、飲料零售業；F207030 清潔用品零售業；F399040 無店面零售業；F208040 化粧品零售業；F108040 化粧品批發業；F106020 日常用品批發業；F107030 清潔用品批發業；ZZ99999 除許可業務外，得經營法令非禁止或限制之業務；F205040 家具、寢具、廚房器具、裝設品零售業；F215020 礦石零售業,新北市,設立,11504
61256416,屸鎂紳士理髮,新北市新莊區思源路203號(1樓) 115年04月,李珉赫,200000,115/04/24,,,JZ99080 美容美髮服務業,新北市,設立,11504
61256422,白旅居企業社,新北市林口區仁愛二路37號16樓,林豐諺,200000,115/04/24,,,F206020 日常用品零售業；F203010 食品什貨、飲料零售業；F207030 清潔用品零售業；F205040 家具、寢具、廚房器具、裝設品零售業；F215020 礦石零售業；F399040 無店面零售業；F208040 化粧品零售業；F106020 日常用品批發業；F108040 化粧品批發業；F107030 清潔用品批發業；ZZ99999 除許可業務外，得經營法令非禁止或限制之業務,新北市,設立,11504
61256437,秋品工作室,新北市新莊區中正路377巷12號3樓,邱韋蘋,200000,115/04/24,,,F215010 首飾及貴金屬零售業；J601010 藝文服務業；F204110 布疋、衣著、鞋、帽、傘、服飾品零售業；F205040 家具、寢具、廚房器具、裝設品零售業；CG01010 珠寶及貴金屬製品製造業；CA02990 其他金屬製品製造業；F206010 五金零售業；I501010 產品設計業；F399040 無店面零售業；ZZ99999 除許可業務外，得經營法令非禁止或限制之業務,新北市,設立,11504
61256443,聚盛企業社,新北市板橋區縣民大道3段52巷10弄1號3樓,周沁渝,200000,115/04/24,,,F102170 食品什貨批發業；F203010 食品什貨、飲料零售業；F106020 日常用品批發業；F206020 日常用品零售業；F107030 清潔用品批發業；F207030 清潔用品零售業；F108040 化粧品批發業；F208040 化粧品零售業；F109070 文教、樂器、育樂用品批發業；F209060 文教、樂器、育樂用品零售業；F399040 無店面零售業；F401010 國際貿易業；I103060 管理顧問業；JZ99080 美容美髮服務業；ZZ99999 除許可業務外，得經營法令非禁止或限制之業務,新北市,設立,11504
61256458,環河家鄉越南小吃,新北市三重區環河南路221巷23號(1樓),黎美仙,60000,115/04/24,,,F501060 餐館業；F501030 飲料店業；ZZ99999 除許可業務外，得經營法令非禁止或限制之業務,新北市,設立,11504
61256464,展鋒興電器行,新北市新莊區中平路48號(1樓) 115年04月,呂依庭,200000,115/04/24,,,F213010 電器零售業；ZZ99999 除許可業務外，得經營法令非禁止或限制之業務,新北市,設立,11504
61256470,宏森居工程行,新北市中和區大勇街43巷3號3樓,劉俊宏,200000,115/04/24,,,E801010 室內裝潢業；E801020 門窗安裝工程業；E801030 室內輕鋼架工程業；E801040 玻璃安裝工程業；E801070 廚具、衛浴設備安裝工程業；E903010 防蝕、防銹工程業；E601020 電器安裝業；E603010 電纜安裝工程業；E603090 照明設備安裝工程業；E599010 配管工程業；E901010 油漆工程業；EZ99990 其他工程業；I503010 景觀設計業；F105050 家具、寢具、廚房器具、裝設品批發業；F106010 五金批發業；F111090 建材批發業；F113020 電器批發業；F205040 家具、寢具、廚房器具、裝設品零售業；F206010 五金零售業；F206040 水器材料零售業；F213010 電器零售業；F401010 國際貿易業；ZZ99999 除許可業務外，得經營法令非禁止或限制之業務,新北市,設立,11504
61256485,小傑傑小吃店,新北市新莊區五權一路50號,黃柏傑,100000,115/04/24,,,F203010 食品什貨、飲料零售業；F501030 飲料店業；F501060 餐館業；F501990 其他餐飲業,新北市,設立,11504
61256491,諾米媒體工作室,新北市中和區景新街338號12樓,陳杏蓉,240000,115/04/24,,,F401010 國際貿易業；F601010 智慧財產權業；I401010 一般廣告服務業；J304010 圖書出版業；J305010 有聲出版業；J401010 電影片製作業；J404020 提供設備及場地供電影片拍攝業；J404040 電影錄音業；J602010 演藝活動業；JZ99030 攝影業；ZZ99999 除許可業務外，得經營法令非禁止或限制之業務,新北市,設立,11504
61256507,香噴噴便當,新北市三重區光興街62號,蔡承恩,1000000,115/04/24,,,F501060 餐館業,新北市,設立,11504
61256513,浴德企業社,新北市新莊區新泰路502巷41弄6號2樓115年04月,陳承玉,200000,115/04/24,,,I401010 一般廣告服務業；I502010 服飾設計業；JZ99070 裁縫服務業；J602010 演藝活動業；JZ99090 喜慶綜合服務業；F102170 食品什貨批發業；J601010 藝文服務業；JB01010 會議及展覽服務業；I103060 管理顧問業；F102040 飲料批發業；ZZ99999 除許可業務外，得經營法令非禁止或限制之業務,新北市,設立,11504
61256529,星語攝影工作室,新北市林口區吉祥路190號4樓,李淑靜,150000,115/04/24,,,JZ99030 攝影業；I401010 一般廣告服務業；I599990 其他設計業；F399040 無店面零售業,新北市,設立,11504
61256534,澤圳工程行,新北市樹林區備內街114號(2樓）,林思寧,30000,115/04/24,,,E603040 消防安全設備安裝工程業；F117010 消防安全設備批發業,新北市,設立,11504
61256540,威爾艾斯服飾工作室,新北市土城區廣興街16巷4號(1樓),丘勝忠,50000,115/04/24,,,F204110 布疋、衣著、鞋、帽、傘、服飾品零售業；F399040 無店面零售業；ZZ99999 除許可業務外，得經營法令非禁止或限制之業務,新北市,設立,11504
61256555,北海整合行銷企業社,新北市金山區忠孝一路88號115年04月,郭子萌,200000,115/04/24,,,F213010 電器零售業；F209060 文教、樂器、育樂用品零售業；I401010 一般廣告服務業；JZ99990 未分類其他服務業；F204110 布疋、衣著、鞋、帽、傘、服飾品零售業；F205040 家具、寢具、廚房器具、裝設品零售業；F206030 模具零售業；F206020 日常用品零售業；F206010 五金零售業；F213110 電池零售業；F216010 照相器材零售業；J601010 藝文服務業；J602010 演藝活動業；F301010 百貨公司業；F399040 無店面零售業；IZ12010 人力派遣業；J603010 音樂展演空間業；JA02010 電器及電子產品修理業；JB01010 會議及展覽服務業；JE01010 租賃業；JZ99090 喜慶綜合服務業；I501010 產品設計業；I599990 其他設計業；ZZ99999 除許可業務外，得經營法令非禁止或限制之業務,新北市,設立,11504
61256561,明發工程行,新北市中和區民富街54巷8號3樓,鄭明發,200000,115/04/24,,,E401010 疏濬業；E402010 沙石、淤泥海拋業；E599010 配管工程業；E603040 消防安全設備安裝工程業；E603050 自動控制設備工程業；E603080 交通號誌安裝工程業；E603090 照明設備安裝工程業；E604010 機械安裝業；E801010 室內裝潢業；E801020 門窗安裝工程業；E801030 室內輕鋼架工程業；E801040 玻璃安裝工程業；E801070 廚具、衛浴設備安裝工程業；E901010 油漆工程業；E903010 防蝕、防銹工程業；EZ06010 交通標示工程業；EZ07010 鑽孔工程業；EZ99990 其他工程業；F106010 五金批發業；F107010 漆料、塗料批發業；F113090 交通標誌器材批發業；F119010 電子材料批發業；F120010 耐火材料批發業；F206010 五金零售業；F207010 漆料、塗料零售業；F213010 電器零售業；F213090 交通標誌器材零售業；F220010 耐火材料零售業；F399990 其他綜合零售業；IZ12010 人力派遣業；J101030 廢棄物清除業；J101060 廢（污）水處理業；J101080 資源回收業；JZ99990 未分類其他服務業；ZZ99999 除許可業務外，得經營法令非禁止或限制之業務,新北市,設立,11504
61256577,豐年自助洗衣店,新北市新莊區豐年街55號之7,林陳麗秀,200000,115/04/24,,,JA03010 洗衣業；F207030 清潔用品零售業,新北市,設立,11504
61256582,拾壹玥拉麵,新北市蘆洲區信義路281號,吳政輝,240000,115/04/24,,,F501060 餐館業,新北市,設立,11504
61256598,可可磚家企業社,新北市板橋區新海路72巷37號115年04月,白皓心,100000,115/04/25,,,F221010 食品添加物零售業；F203010 食品什貨、飲料零售業；C114010 食品添加物製造業；C104020 烘焙炊蒸食品製造業；C199010 麵條、粉條類食品製造業；F102170 食品什貨批發業；I301060 網路廣告平臺業；I401010 一般廣告服務業；ZZ99999 除許可業務外，得經營法令非禁止或限制之業務,新北市,設立,11504
61256605,曜領策略行銷企業社,新北市三重區集英路81號4樓,薛景瑚,200000,115/04/25,,,I401010 一般廣告服務業；F106020 日常用品批發業；F206020 日常用品零售業；F113020 電器批發業；F213010 電器零售業；F109070 文教、樂器、育樂用品批發業；F209060 文教、樂器、育樂用品零售業；F399040 無店面零售業；F401010 國際貿易業；J303010 雜誌（期刊）出版業；J304010 圖書出版業；J399990 其他出版業；I501010 產品設計業；I599990 其他設計業；J601010 藝文服務業；J602010 演藝活動業；IZ04010 翻譯業；IZ10010 排版業；IZ12010 人力派遣業；I401020 廣告傳單分送業；I301060 網路廣告平臺業；JB01010 會議及展覽服務業；IZ15010 市場研究及民意調查業；F601010 智慧財產權業；I301010 資訊軟體服務業；I301020 資料處理服務業；I301030 電子資訊供應服務業；IZ99990 其他工商服務業；JZ99990 未分類其他服務業；I103060 管理顧問業；I199990 其他顧問服務業；ZZ99999 除許可業務外，得經營法令非禁止或限制之業務,新北市,設立,11504
61256611,尊元事業社,新北市淡水區鄧公路30之5號9樓115年04月,童耀霆,200000,115/04/27,,,F106010 五金批發業；F206010 五金零售業；F401010 國際貿易業；F205040 家具、寢具、廚房器具、裝設品零售業；F206040 水器材料零售業；F213010 電器零售業；F213990 其他機械器具零售業；E601010 電器承裝業；E601020 電器安裝業；E603090 照明設備安裝工程業；EZ02010 起重工程業；EZ99990 其他工程業；I301020 資料處理服務業；JA02010 電器及電子產品修理業；JE01010 租賃業；ZZ99999 除許可業務外，得經營法令非禁止或限制之業務,新北市,設立,11504
61256627,山宗水電工程行,新北市中和區中正路1211號6樓,吳崇宜,200000,115/04/27,,,E599010 配管工程業；E601010 電器承裝業；E601020 電器安裝業；E603010 電纜安裝工程業；E603020 電梯安裝工程業；E603040 消防安全設備安裝工程業；E603090 照明設備安裝工程業；E603100 電焊工程業；E603130 燃氣熱水器承裝業；E604010 機械安裝業；E605010 電腦設備安裝業；E607010 太陽熱能設備安裝工程業；E701010 電信工程業；E701040 簡易電信設備安裝業；E801010 室內裝潢業；E801020 門窗安裝工程業；E801030 室內輕鋼架工程業；E801040 玻璃安裝工程業；E801070 廚具、衛浴設備安裝工程業；E901010 油漆工程業；E903010 防蝕、防銹工程業；EZ99990 其他工程業；F107030 清潔用品批發業；IZ12010 人力派遣業；J101010 建築物清潔服務業；J101020 病媒防治業；J101030 廢棄物清除業；J101040 廢棄物處理業；J101060 廢（污）水處理業；J101090 廢棄物清理業；ZZ99999 除許可業務外，得經營法令非禁止或限制之業務,新北市,設立,11504
61256648,凱溢飲品行,新北市板橋區南雅南路1段91號(1樓),林弘凱,200000,115/04/27,,,F102050 茶葉批發業；F102170 食品什貨批發業；F203010 食品什貨、飲料零售業；F399040 無店面零售業；ZZ99999 除許可業務外，得經營法令非禁止或限制之業務,新北市,設立,11504
61256653,佳鋒實業社,新北市三重區和平街18號115年04月,張佳鈴,200000,115/04/27,,,F114050 車胎批發業；F114990 其他交通運輸工具及其零件批發業；F199990 其他批發業；F214050 車胎零售業；F299990 其他零售業；F399040 無店面零售業；F401010 國際貿易業；G799990 其他運輸輔助業；IZ06010 理貨包裝業；IZ12010 人力派遣業；ZZ99999 除許可業務外，得經營法令非禁止或限制之業務,新北市,設立,11504
61256669,藍格局工作室,新北市汐止區大同路1段497號11樓之1,楊漫恩,100000,115/04/27,,,I301010 資訊軟體服務業；I301030 電子資訊供應服務業；IZ04010 翻譯業；F209060 文教、樂器、育樂用品零售業；ZZ99999 除許可業務外，得經營法令非禁止或限制之業務；F399040 無店面零售業,新北市,設立,11504
61256675,數智策略工作室,新北市淡水區沙崙路349號6樓,呂中仁,100000,115/04/27,,,IZ99990 其他工商服務業；I501010 產品設計業；I301060 網路廣告平臺業；I301030 電子資訊供應服務業；I301020 資料處理服務業；I199990 其他顧問服務業；I301010 資訊軟體服務業；I301040 第三方支付服務業；I103060 管理顧問業；JZ99990 未分類其他服務業,新北市,設立,11504
61256680,巧佶美食館,新北市新莊區中正路853之7號(1樓),王文治,100000,115/04/27,,,F501060 餐館業,新北市,設立,11504
61256696,宸鋒白鐵製作所,新北市三峽區大同路141號4樓,王宸睿,200000,115/04/27,,,CA02990 其他金屬製品製造業；ZZ99999 除許可業務外，得經營法令非禁止或限制之業務,新北市,設立,11504
61256703,精衡科技企業社,新北市八里區龍米路1段308號3樓之5 115年04月,韓璐,200000,115/04/27,,,F213050 度量衡器零售業；F206010 五金零售業；F106010 五金批發業；F113060 度量衡器批發業；I301010 資訊軟體服務業；F401010 國際貿易業；F399040 無店面零售業；F213110 電池零售業；F218010 資訊軟體零售業；F219010 電子材料零售業；I501010 產品設計業；ZZ99999 除許可業務外，得經營法令非禁止或限制之業務,新北市,設立,11504
61256719,回域室內裝修工程行,新北市中和區板南路671號10樓,黃薇,220000,115/04/27,,,E801060 室內裝修業（註：名稱應標明「室內裝修」字樣）；E601020 電器安裝業；E603050 自動控制設備工程業；E603090 照明設備安裝工程業；E801020 門窗安裝工程業；E801040 玻璃安裝工程業；E801070 廚具、衛浴設備安裝工程業；E901010 油漆工程業；E599010 配管工程業；F111090 建材批發業；F120010 耐火材料批發業；F205040 家具、寢具、廚房器具、裝設品零售業；F206010 五金零售業；F207010 漆料、塗料零售業；F211010 建材零售業；F220010 耐火材料零售業；I503010 景觀設計業；J101030 廢棄物清除業；ZZ99999 除許可業務外，得經營法令非禁止或限制之業務,新北市,設立,11504
61256751,夾佳德商行,新北市中和區民享街27巷2號(1樓),許榮軒,50000,115/04/28,,,F209060 文教、樂器、育樂用品零售業,新北市,設立,11504
61256767,小步學習工作室,新北市三重區長元街98巷18弄26號(1樓),陳昭民,60000,115/04/27,,,J304010 圖書出版業；I301010 資訊軟體服務業；F399040 無店面零售業；F601010 智慧財產權業；F401010 國際貿易業；IZ99990 其他工商服務業；ZZ99999 除許可業務外，得經營法令非禁止或限制之業務,新北市,設立,11504
61256773,日日蔬食,新北市鶯歌區國慶街118號(1樓),黃錡峰,200000,115/04/27,,,F501060 餐館業,新北市,設立,11504
61256788,正和自助洗衣店,新北市蘆洲區正和街104號,陳樹成,100000,115/04/27,,,JA03010 洗衣業；ZZ99999 除許可業務外，得經營法令非禁止或限制之業務,新北市,設立,11504
61256794,麥麥食研所,新北市板橋區新崑路92號(1樓) 115年04月,李怡文,50000,115/04/27,,,F106020 日常用品批發業；F203010 食品什貨、飲料零售業；F203020 菸酒零售業；F203030 酒精零售業；F204110 布疋、衣著、鞋、帽、傘、服飾品零售業；F205040 家具、寢具、廚房器具、裝設品零售業；F206010 五金零售業；F206020 日常用品零售業；F299990 其他零售業；F399040 無店面零售業；F399990 其他綜合零售業；F501990 其他餐飲業；C104020 烘焙炊蒸食品製造業；ZZ99999 除許可業務外，得經營法令非禁止或限制之業務,新北市,設立,11504
61256801,博鮮炒食館,新北市新店區建國路137號(1樓),徐博宇,200000,115/04/27,,,F501060 餐館業；F501030 飲料店業；F501990 其他餐飲業；F201010 農產品零售業；F201030 水產品零售業；F203010 食品什貨、飲料零售業；F203020 菸酒零售業,新北市,設立,11504
61256817,心舍咖啡,新北市板橋區國光路57號(1樓),黃翊寧,50000,115/04/27,,,F203010 食品什貨、飲料零售業；F102170 食品什貨批發業；F399040 無店面零售業；F501030 飲料店業,新北市,設立,11504
61256823,伸茂工程行,新北市蘆洲區長安街41號3樓,許秀珍,200000,115/04/27,,,F107030 清潔用品批發業；F207030 清潔用品零售業；F111090 建材批發業；F211010 建材零售業；F106010 五金批發業；F206010 五金零售業；F113020 電器批發業；F213010 電器零售業；F106020 日常用品批發業；F206020 日常用品零售業；F106030 模具批發業；F206030 模具零售業；J101010 建築物清潔服務業；J101030 廢棄物清除業；E801070 廚具、衛浴設備安裝工程業；E901010 油漆工程業；E599010 配管工程業；EZ99990 其他工程業；E801010 室內裝潢業；IZ12010 人力派遣業；JE01010 租賃業；F401010 國際貿易業；ZZ99999 除許可業務外，得經營法令非禁止或限制之業務,新北市,設立,11504
61256838,桑妮美療室商行,新北市板橋區篤行路2段152號(1樓),施涵瀠,50000,115/04/27,,,JZ99080 美容美髮服務業,新北市,設立,11504
61256859,默墨文創工作室,新北市永和區中正路702巷4號6樓,黃桂玫,100000,115/04/27,,,ZZ99999 除許可業務外，得經營法令非禁止或限制之業務；J304010 圖書出版業；J399010 軟體出版業；J303010 雜誌（期刊）出版業；J399990 其他出版業；JZ99990 未分類其他服務業；F213030 電腦及事務性機器設備零售業；F209060 文教、樂器、育樂用品零售業；F206020 日常用品零售業；F399040 無店面零售業,新北市,設立,11504
61256865,常榮小吃店,新北市新莊區福壽街156號115年04月,吳奕慧,200000,115/04/27,,,F203010 食品什貨、飲料零售業；F501060 餐館業；ZZ99999 除許可業務外，得經營法令非禁止或限制之業務,新北市,設立,11504
61256871,昱志車業,新北市汐止區康寧街396號(1樓),朱昱瑋,100000,115/04/27,,,F214020 機車零售業；F214030 汽、機車零件配備零售業；JA02020 機車修理業,新北市,設立,11504
61256886,夏木工作室,新北市新店區中興路1段28號,郭叡穎,80000,115/04/27,,,I199990 其他顧問服務業；IZ99990 其他工商服務業,新北市,設立,11504
61256892,洲河工程行,新北市土城區廣明街63巷27號,蔡明洲,200000,115/04/27,,,E601010 電器承裝業；E601020 電器安裝業；E603010 電纜安裝工程業；E603040 消防安全設備安裝工程業；E603050 自動控制設備工程業；E603090 照明設備安裝工程業；E603130 燃氣熱水器承裝業；E599010 配管工程業；E801070 廚具、衛浴設備安裝工程業；F106010 五金批發業；F111090 建材批發業；ZZ99999 除許可業務外，得經營法令非禁止或限制之業務,新北市,設立,11504
61256909,小嚕嚕食品行,新北市蘆洲區中山二路169號(1樓),吳育綸,200000,115/04/27,,,F501060 餐館業；F203010 食品什貨、飲料零售業,新北市,設立,11504
61256915,易繕清潔企業社,新北市鶯歌區中正一路25號4樓,陳臣忠,240000,115/04/27,,,F106010 五金批發業；F107030 清潔用品批發業；F106040 水器材料批發業；F106020 日常用品批發業；JA02010 電器及電子產品修理業；ZZ99999 除許可業務外，得經營法令非禁止或限制之業務,新北市,設立,11504
61256921,三曜空間工作室,新北市新莊區新北大道3段65號19樓之1,鐘月嬌,100000,115/04/27,,,I103060 管理顧問業；ZZ99999 除許可業務外，得經營法令非禁止或限制之業務,新北市,設立,11504
61256936,凱傑防災企業社,新北市淡水區新市一路1段106號17樓,鄭凱蔚,100000,115/04/27,,,IF01010 消防安全設備檢修業；E603040 消防安全設備安裝工程業；F113020 電器批發業；F401010 國際貿易業；I101080 工、礦顧問業；I103060 管理顧問業；I199990 其他顧問服務業；IB01010 建築物公共安全檢查業；F117010 消防安全設備批發業；F120010 耐火材料批發業；F213990 其他機械器具零售業,新北市,設立,11504
61256942,食研肉舖,新北市樹林區文化街112巷21號,李冠瑩,200000,115/04/27,,,F201010 農產品零售業；F201020 畜產品零售業；F203010 食品什貨、飲料零售業；F203020 菸酒零售業；F399040 無店面零售業；ZZ99999 除許可業務外，得經營法令非禁止或限制之業務,新北市,設立,11504
61256957,守膳餐飲商行,新北市中和區建一路168之2號(1樓),詹乙宏,150000,115/04/27,,,F501060 餐館業；F501030 飲料店業；F501990 其他餐飲業；F203020 菸酒零售業,新北市,設立,11504
61256963,汪仔手工饅頭店,新北市淡水區學府路12號(1樓) 115年04月,汪家宏,30000,115/04/27,,,F203010 食品什貨、飲料零售業；ZZ99999 除許可業務外，得經營法令非禁止或限制之業務,新北市,設立,11504
61256979,鄉下人環保工程行,新北市新莊區建國一路310號9樓,周存欽,200000,115/04/27,,,J101030 廢棄物清除業；J101080 資源回收業；J101090 廢棄物清理業；J101110 營建剩餘土石方資源處理業；J101990 其他環境衛生及污染防治服務業；JE01010 租賃業；JZ99050 仲介服務業；B202010 非金屬礦業；B601010 土石採取業；C805020 塑膠膜、袋製造業；C805030 塑膠日用品製造業；C805990 其他塑膠製品製造業；C901990 其他非金屬礦物製品製造業；CA02010 金屬結構及建築組件製造業；CA02030 螺絲、螺帽、螺絲釘、及鉚釘等製品製造業；CA02060 金屬容器製造業；CB01010 機械設備製造業；E402010 沙石、淤泥海拋業；E599010 配管工程業；E801010 室內裝潢業；EZ02010 起重工程業；F111090 建材批發業；F199010 回收物料批發業；F199990 其他批發業；F211010 建材零售業；F401010 國際貿易業；I101080 工、礦顧問業；I103060 管理顧問業；I503010 景觀設計業；IZ12010 人力派遣業；ZZ99999 除許可業務外，得經營法令非禁止或限制之業務,新北市,設立,11504
61256984,蔚登企業社,新北市板橋區民權路302巷12號(1樓) 115年04月,楊柏宏,200000,115/04/27,,,CN01010 家具及裝設品製造業；F105050 家具、寢具、廚房器具、裝設品批發業；F199990 其他批發業；F205040 家具、寢具、廚房器具、裝設品零售業；F299990 其他零售業；G799990 其他運輸輔助業；G801010 倉儲業；JA02990 其他修理業；IZ06010 理貨包裝業；IZ99990 其他工商服務業；ZZ99999 除許可業務外，得經營法令非禁止或限制之業務,新北市,設立,11504
61256990,晟毅工程行,新北市新店區安德街130巷26號5樓,葉毅宏,50000,115/04/27,,,E599010 配管工程業；E801010 室內裝潢業；E801030 室內輕鋼架工程業；E903010 防蝕、防銹工程業；E901010 油漆工程業；EZ11010 球場跑道樹脂材料鋪設工程業；EZ14010 運動場地用設備工程業；EZ99990 其他工程業；F107010 漆料、塗料批發業；F107990 其他化學製品批發業；F111090 建材批發業；F207010 漆料、塗料零售業；F207990 其他化學製品零售業；F211010 建材零售業；F401010 國際貿易業；F399040 無店面零售業；I503010 景觀設計業；IZ12010 人力派遣業；ZZ99999 除許可業務外，得經營法令非禁止或限制之業務,新北市,設立,11504
61257007,崇瑋工程行,新北市板橋區南雅東路8號4樓之19 115年04月,吳崇瑋,200000,115/04/27,,,E901010 油漆工程業；E903010 防蝕、防銹工程業；E599010 配管工程業；E601020 電器安裝業；E603040 消防安全設備安裝工程業；E603050 自動控制設備工程業；E603090 照明設備安裝工程業；E603100 電焊工程業；E603130 燃氣熱水器承裝業；E607010 太陽熱能設備安裝工程業；E701040 簡易電信設備安裝業；E801010 室內裝潢業；E801020 門窗安裝工程業；E801030 室內輕鋼架工程業；E801040 玻璃安裝工程業；E801070 廚具、衛浴設備安裝工程業；EZ02010 起重工程業；EZ07010 鑽孔工程業；EZ11010 球場跑道樹脂材料鋪設工程業；EZ14010 運動場地用設備工程業；EZ15010 保溫、保冷安裝工程業；EZ99990 其他工程業；I199990 其他顧問服務業；I501010 產品設計業；I503010 景觀設計業；I504010 花藝設計業；I599990 其他設計業；IZ12010 人力派遣業；J101010 建築物清潔服務業；J101030 廢棄物清除業；G799990 其他運輸輔助業；ZZ99999 除許可業務外，得經營法令非禁止或限制之業務,新北市,設立,11504
61257013,金馬貴金屬企業社,新北市新莊區雙鳳路116巷8號4樓,黃奕諺,200000,115/04/27,,,F115010 首飾及貴金屬批發業；F215010 首飾及貴金屬零售業；ZZ99999 除許可業務外，得經營法令非禁止或限制之業務,新北市,設立,11504
61257029,清顏美學工作室,新北市汐止區建成路59巷79號12樓,康思婷,200000,115/04/27,,,JZ99080 美容美髮服務業,新北市,設立,11504
61257034,墨拓商行,新北市三重區長壽街131號5樓,劉永全,200000,115/04/28,,,F203010 食品什貨、飲料零售業；F203020 菸酒零售業；F204110 布疋、衣著、鞋、帽、傘、服飾品零售業；F205040 家具、寢具、廚房器具、裝設品零售業；F206010 五金零售業；F206020 日常用品零售業；F207030 清潔用品零售業；F206040 水器材料零售業；F207170 工業助劑零售業；F211010 建材零售業；F213080 機械器具零售業；F399990 其他綜合零售業；F401010 國際貿易業；ZZ99999 除許可業務外，得經營法令非禁止或限制之業務,新北市,設立,11504
61257040,上弦商行,新北市汐止區新江北路30巷22弄1號,高裕景,100000,115/04/28,,,F109070 文教、樂器、育樂用品批發業；F209060 文教、樂器、育樂用品零售業；ZZ99999 除許可業務外，得經營法令非禁止或限制之業務,新北市,設立,11504
61257055,一方園藝企業社,新北市新店區建安街43號2樓,許晁菘,240000,115/04/28,,,A101020 農作物栽培業；A101050 花卉栽培業；F201070 花卉零售業；JE01010 租賃業；ZZ99999 除許可業務外，得經營法令非禁止或限制之業務；A102080 園藝服務業,新北市,設立,11504
61257061,星辰實業社,新北市板橋區大觀路2段169巷3號5樓115年04月,謝德源,200000,115/04/28,,,E801010 室內裝潢業；E901010 油漆工程業；E801030 室內輕鋼架工程業；E801040 玻璃安裝工程業；E801020 門窗安裝工程業；E603100 電焊工程業；E599010 配管工程業；E603110 冷作工程業；E604010 機械安裝業；E903010 防蝕、防銹工程業；EZ99990 其他工程業；F106010 五金批發業；F206010 五金零售業；F111090 建材批發業；F211010 建材零售業；J101030 廢棄物清除業；J101040 廢棄物處理業；J101090 廢棄物清理業；E601010 電器承裝業；E603010 電纜安裝工程業；E801070 廚具、衛浴設備安裝工程業；EZ03010 鎔爐安裝業；ZZ99999 除許可業務外，得經營法令非禁止或限制之業務,新北市,設立,11504
61257077,大楷工作室,新北市三重區中正北路15號5樓,朱大開,200000,115/04/28,,,F401010 國際貿易業；F601010 智慧財產權業；I301020 資料處理服務業；I301030 電子資訊供應服務業；ZZ99999 除許可業務外，得經營法令非禁止或限制之業務,新北市,設立,11504
61257082,欣苗生活企業社,新北市土城區青仁路22號3樓,李貞苗,100000,115/04/28,,,F102040 飲料批發業；F102170 食品什貨批發業；F106020 日常用品批發業；F107030 清潔用品批發業；F108040 化粧品批發業；F113030 精密儀器批發業；F113050 電腦及事務性機器設備批發業；F113060 度量衡器批發業；F203010 食品什貨、飲料零售業；F206020 日常用品零售業；F207030 清潔用品零售業；F208040 化粧品零售業；F213030 電腦及事務性機器設備零售業；F213040 精密儀器零售業；F213050 度量衡器零售業；F399040 無店面零售業；F401010 國際貿易業；H201010 一般投資業；I101090 食品顧問業；I103060 管理顧問業；I199990 其他顧問服務業；I401010 一般廣告服務業；IG01010 生物技術服務業；JB01010 會議及展覽服務業；ZZ99999 除許可業務外，得經營法令非禁止或限制之業務,新北市,設立,11504
61257098,大福燒烤,新北市泰山區仁愛路47號115年04月,賴建佑,200000,115/04/28,,,F501060 餐館業；F501030 飲料店業；ZZ99999 除許可業務外，得經營法令非禁止或限制之業務,新北市,設立,11504
61257105,路藝斯專業塗裝工作室,新北市三重區下竹圍街48巷7號2樓,楊士弘,249000,115/04/28,,,E901010 油漆工程業；E903010 防蝕、防銹工程業；E801010 室內裝潢業；E601020 電器安裝業；JZ99990 未分類其他服務業；EZ99990 其他工程業；F107010 漆料、塗料批發業；F107020 染料、顏料批發業；F107030 清潔用品批發業；F199990 其他批發業；F207010 漆料、塗料零售業；F207020 染料、顏料零售業；F211010 建材零售業；F299990 其他零售業；IZ12010 人力派遣業；JA02990 其他修理業；JE01010 租賃業；JZ99050 仲介服務業；ZZ99999 除許可業務外，得經營法令非禁止或限制之業務,新北市,設立,11504
61257111,伯晉工程行,新北市林口區中山路29巷9號4樓,黃阮玉如,100000,115/04/28,,,EZ99990 其他工程業；E801010 室內裝潢業；E901010 油漆工程業；EZ07010 鑽孔工程業；ZZ99999 除許可業務外，得經營法令非禁止或限制之業務,新北市,設立,11504
61257127,恩澤食品商行,新北市新莊區富國路109巷3號,陳怡玲,200000,115/04/28,,,F102170 食品什貨批發業；F102050 茶葉批發業；F102030 菸酒批發業；F102040 飲料批發業；F103010 飼料批發業；F104110 布疋、衣著、鞋、帽、傘、服飾品批發業；F106010 五金批發業；F203010 食品什貨、飲料零售業；F399040 無店面零售業；F401010 國際貿易業；F399990 其他綜合零售業；F501030 飲料店業；F501060 餐館業,新北市,設立,11504
61257132,森暘企業社,新北市新店區安興路109號14樓之7,陳伯瑋,20000,115/04/28,,,IZ06010 理貨包裝業；J101010 建築物清潔服務業；IZ12010 人力派遣業；J101030 廢棄物清除業；ZZ99999 除許可業務外，得經營法令非禁止或限制之業務,新北市,設立,11504
61257148,希希觀星指南選物舖,新北市新店區安民街14號6樓之1 115年04月,夏瑞妤,80000,115/04/28,,,F399040 無店面零售業；F206020 日常用品零售業；F203010 食品什貨、飲料零售業；F204110 布疋、衣著、鞋、帽、傘、服飾品零售業；F209060 文教、樂器、育樂用品零售業；F299990 其他零售業；I199990 其他顧問服務業,新北市,設立,11504
61257153,創味商行,新北市板橋區板新路42號(1樓),洪婉齡,150000,115/04/28,,,F203010 食品什貨、飲料零售業；F203020 菸酒零售業；F501060 餐館業,新北市,設立,11504
61257169,巷子口企業社,新北市板橋區中正路1巷2弄8號5樓,陳泰華,200000,115/04/28,,,JA03010 洗衣業；F207030 清潔用品零售業；ZZ99999 除許可業務外，得經營法令非禁止或限制之業務,新北市,設立,11504
61257175,瑩業中工作室,新北市三重區自強路3段110巷15之2號(1樓),劉蕙瑩,240000,115/04/28,,,JA03010 洗衣業；F207030 清潔用品零售業,新北市,設立,11504
61257180,辰安美學工作室,新北市新莊區思源路370巷58號,謝妤婷,100000,115/04/28,,,JZ99080 美容美髮服務業,新北市,設立,11504
61257196,鉅濤商行,新北市淡水區水碓街46巷9號5樓,劉明洋,200000,115/04/28,,,F399010 便利商店業；F301020 超級市場業；ZZ99999 除許可業務外，得經營法令非禁止或限制之業務,新北市,設立,11504
61257203,木隱空間企業社,新北市三峽區介壽路2段112號(1樓),連家欣,100000,115/04/28,,,E801010 室內裝潢業；F105050 家具、寢具、廚房器具、裝設品批發業；F205040 家具、寢具、廚房器具、裝設品零售業；E801030 室內輕鋼架工程業；CN01010 家具及裝設品製造業；E901010 油漆工程業；ZZ99999 除許可業務外，得經營法令非禁止或限制之業務,新北市,設立,11504
61257219,閃亮鑫冷暖工程行,新北市樹林區中山路1段128號7樓,朱紹綸,200000,115/04/28,,,JA02010 電器及電子產品修理業；JA02990 其他修理業；E601020 電器安裝業；E604010 機械安裝業；E605010 電腦設備安裝業；E801070 廚具、衛浴設備安裝工程業；I301010 資訊軟體服務業；F109070 文教、樂器、育樂用品批發業；F113010 機械批發業；F113020 電器批發業；F113030 精密儀器批發業；F113050 電腦及事務性機器設備批發業；F118010 資訊軟體批發業；F119010 電子材料批發業；ZZ99999 除許可業務外，得經營法令非禁止或限制之業務,新北市,設立,11504
61257225,杰生影像工作室,新北市瑞芳區員山子路員山巷22號5樓115年04月,李杰生,10000,115/04/28,,,I401010 一般廣告服務業；J601010 藝文服務業；JZ99030 攝影業；I301060 網路廣告平臺業,新北市,設立,11504
61257230,涎露茶行,新北市新店區安民街268號8樓,李光淵,50000,115/04/28,,,F203010 食品什貨、飲料零售業；F102050 茶葉批發業；F102040 飲料批發業；F399040 無店面零售業；I301030 電子資訊供應服務業；I301010 資訊軟體服務業；I401010 一般廣告服務業；J601010 藝文服務業；F106020 日常用品批發業；F401010 國際貿易業；A101020 農作物栽培業；A102020 農產品整理業；A102080 園藝服務業；A199990 其他農業；ZZ99999 除許可業務外，得經營法令非禁止或限制之業務,新北市,設立,11504
61257251,敏思企業社,新北市板橋區中山路1段10號9樓,廖敏秀,200000,115/04/28,,,F299990 其他零售業；F399040 無店面零售業；F203010 食品什貨、飲料零售業；F204110 布疋、衣著、鞋、帽、傘、服飾品零售業；F205040 家具、寢具、廚房器具、裝設品零售業；F206010 五金零售業；F206020 日常用品零售業；F401010 國際貿易業；F102170 食品什貨批發業；F104110 布疋、衣著、鞋、帽、傘、服飾品批發業；F105050 家具、寢具、廚房器具、裝設品批發業；F106010 五金批發業；F106020 日常用品批發業；F399990 其他綜合零售業；ZZ99999 除許可業務外，得經營法令非禁止或限制之業務,新北市,設立,11504
61257267,峰雲企業社,新北市永和區永和路1段228號3樓之2,劉志峰,200000,115/04/28,,,F299990 其他零售業；F399040 無店面零售業；F203010 食品什貨、飲料零售業；F204110 布疋、衣著、鞋、帽、傘、服飾品零售業；F205040 家具、寢具、廚房器具、裝設品零售業；F206010 五金零售業；F206020 日常用品零售業；F401010 國際貿易業；F102170 食品什貨批發業；F104110 布疋、衣著、鞋、帽、傘、服飾品批發業；F105050 家具、寢具、廚房器具、裝設品批發業；F106010 五金批發業；F106020 日常用品批發業；F399990 其他綜合零售業；ZZ99999 除許可業務外，得經營法令非禁止或限制之業務,新北市,設立,11504
61257273,深深檳榔攤,新北市五股區凌雲路1段101號(1樓) 115年04月,黎氏深,80000,115/04/28,,,F201990 其他農畜水產品零售業；F203010 食品什貨、飲料零售業；F203020 菸酒零售業；ZZ99999 除許可業務外，得經營法令非禁止或限制之業務,新北市,設立,11504
61257288,心盈企業社,新北市板橋區重慶路60之1號3樓,吳心瑀,200000,115/04/28,,,F299990 其他零售業；F399040 無店面零售業；F203010 食品什貨、飲料零售業；F204110 布疋、衣著、鞋、帽、傘、服飾品零售業；F205040 家具、寢具、廚房器具、裝設品零售業；F206010 五金零售業；F206020 日常用品零售業；F401010 國際貿易業；F102170 食品什貨批發業；F104110 布疋、衣著、鞋、帽、傘、服飾品批發業；F105050 家具、寢具、廚房器具、裝設品批發業；F106010 五金批發業；F106020 日常用品批發業；F399990 其他綜合零售業；ZZ99999 除許可業務外，得經營法令非禁止或限制之業務,新北市,設立,11504
61257294,味香谷美味廣場,新北市新莊區民安西路285號(1樓),林金旺,200000,115/04/28,,,F501060 餐館業,新北市,設立,11504
61257301,馥蔓花藝工作室,新北市泰山區大科路176號,許佳蕙,200000,115/04/28,,,I504010 花藝設計業；F201070 花卉零售業；F101100 花卉批發業；F399040 無店面零售業；I599990 其他設計業；JZ99090 喜慶綜合服務業；J601010 藝文服務業；F206020 日常用品零售業；F205040 家具、寢具、廚房器具、裝設品零售業；ZZ99999 除許可業務外，得經營法令非禁止或限制之業務,新北市,設立,11504
61257317,深夜饕餮小吃店,新北市五股區御成路47號(1樓),陳美晴,50000,115/04/29,,,F501060 餐館業；F501030 飲料店業；F203010 食品什貨、飲料零售業,新北市,設立,11504
61257323,溫妮心室手作美學坊,新北市三重區三和路3段147號6樓,盧逸晨,200000,115/04/29,,,C802090 清潔用品製造業；C802100 化粧品製造業；F207030 清潔用品零售業；F208040 化粧品零售業；F399040 無店面零售業；ZZ99999 除許可業務外，得經營法令非禁止或限制之業務,新北市,設立,11504
61257338,熊霸企業社,新北市板橋區文化路1段421巷15號(1樓),侯世傑,200000,115/04/29,,,F203010 食品什貨、飲料零售業；F203020 菸酒零售業；F205040 家具、寢具、廚房器具、裝設品零售業；F207030 清潔用品零售業；F501030 飲料店業；F501060 餐館業；ZZ99999 除許可業務外，得經營法令非禁止或限制之業務,新北市,設立,11504
61257359,佳燁小吃店,新北市林口區仁愛路2段168號,蔡慧卿,200000,115/04/29,,,F501060 餐館業；F501030 飲料店業；F203010 食品什貨、飲料零售業；F501990 其他餐飲業；ZZ99999 除許可業務外，得經營法令非禁止或限制之業務,新北市,設立,11504
61257365,時二悅按摩,新北市新莊區中榮街95號115年04月,陳擷如,100000,115/04/30,,,JF01020 按摩業,新北市,設立,11504
61257371,恩多藝智能工作室,新北市板橋區四川路2段1號,呂承恩,100000,115/04/29,,,I301010 資訊軟體服務業；I301020 資料處理服務業；I301030 電子資訊供應服務業；I301060 網路廣告平臺業；I599990 其他設計業；F118010 資訊軟體批發業；ZZ99999 除許可業務外，得經營法令非禁止或限制之業務,新北市,設立,11504
61257386,有行小吃店,新北市汐止區新台五路1段96號(1樓),張秀玲,200000,115/04/29,,,F501060 餐館業,新北市,設立,11504
61257392,軒瀚晴自助洗衣店,新北市汐止區忠孝東路425號(1樓),黃俊富,100000,115/04/29,,,F203010 食品什貨、飲料零售業；JA03010 洗衣業；ZZ99999 除許可業務外，得經營法令非禁止或限制之業務,新北市,設立,11504
61257409,冰冰有你雪花冰店,新北市板橋區重慶路13巷5號,陳文娣,60000,115/04/29,,,F501030 飲料店業,新北市,設立,11504
61257436,恩鑫烤肉快餐,新北市新莊區民安西路79號(1樓),趙雪蓉,100000,115/04/29,,,F501060 餐館業,新北市,設立,11504
61257442,懂呷舒芙蕾工作室,新北市三重區三和路4段160巷88號,董蓮,20000,115/04/29,,,F501990 其他餐飲業,新北市,設立,11504
61257457,好述設計影像工作室,新北市中和區華新街192巷8之1號4樓,吳可薇,100000,115/04/29,,,J601010 藝文服務業；JZ99030 攝影業；J401010 電影片製作業；J604010 聲音錄製及音樂發行業；I401010 一般廣告服務業；I599990 其他設計業；J404010 動畫影片製作業；J404040 電影錄音業；J602010 演藝活動業,新北市,設立,11504
61257479,七七零八八便當店,新北市中和區自立路141巷3號(1樓),林昱丞,100000,115/04/29,,,F501060 餐館業,新北市,設立,11504
61257484,沐光療癒空間工作室,新北市板橋區莊敬路238號,李怡霈,200000,115/04/30,,,F206020 日常用品零售業；F208040 化粧品零售業；F399040 無店面零售業；JZ99990 未分類其他服務業；ZZ99999 除許可業務外，得經營法令非禁止或限制之業務,新北市,設立,11504
61257490,龍之賓企業社,新北市三重區重新路1段97號(1樓),盧龍,100000,115/04/29,,,F201070 花卉零售業；F206020 日常用品零售業；F209060 文教、樂器、育樂用品零售業；F501060 餐館業；F501030 飲料店業；F501990 其他餐飲業；F203020 菸酒零售業；ZZ99999 除許可業務外，得經營法令非禁止或限制之業務,新北市,設立,11504
61257506,蕊蕊咪發花藝工作室,新北市中和區中正路637巷18弄14號2樓,洪禹攸,50000,115/04/29,,,F399040 無店面零售業；ZZ99999 除許可業務外，得經營法令非禁止或限制之業務；I504010 花藝設計業,新北市,設立,11504
61257512,品鍋火鍋店,新北市土城區裕民路248號(1樓),孫意琳,200000,115/04/29,,,F501060 餐館業,新北市,設立,11504
61257528,健于企業社,新北市林口區中正路135號2樓115年04月,蕭勝健,200000,115/04/29,,,F501990 其他餐飲業；F501060 餐館業,新北市,設立,11504
61257533,旭豪五金行,新北市泰山區泰林路2段114號,陳婉麗,200000,115/04/28,,,F203020 菸酒零售業；F204110 布疋、衣著、鞋、帽、傘、服飾品零售業；F205040 家具、寢具、廚房器具、裝設品零售業；F206010 五金零售業；F206020 日常用品零售業；F206050 寵物食品及其用品零售業；F207030 清潔用品零售業；F209060 文教、樂器、育樂用品零售業；F211010 建材零售業；F213010 電器零售業；F213030 電腦及事務性機器設備零售業；F219010 電子材料零售業；F299990 其他零售業；F399990 其他綜合零售業；F399040 無店面零售業；F203010 食品什貨、飲料零售業；ZZ99999 除許可業務外，得經營法令非禁止或限制之業務,新北市,設立,11504
61257549,友妮可商行,新北市土城區明峯街28巷14號,曹尚鉉,500000,115/04/29,,,F399040 無店面零售業；F204110 布疋、衣著、鞋、帽、傘、服飾品零售業；F206020 日常用品零售業；F208040 化粧品零售業；F213010 電器零售業；F401010 國際貿易業；F104110 布疋、衣著、鞋、帽、傘、服飾品批發業；F399990 其他綜合零售業；F501990 其他餐飲業；F206050 寵物食品及其用品零售業,新北市,設立,11504
61257554,城裕商行,新北市土城區中央路1段220號,林欣樺,100000,115/04/29,,,F203010 食品什貨、飲料零售業；F204110 布疋、衣著、鞋、帽、傘、服飾品零售業；F206020 日常用品零售業；F207030 清潔用品零售業,新北市,設立,11504
61257560,諾境運動工作室,新北市林口區忠孝路256巷11號115年04月,陳芃軒,50000,115/04/29,,,J802010 運動訓練業,新北市,設立,11504
61257576,育育工程行,新北市林口區文化三路1段225巷20號,李昇育,88000,115/04/29,,,E801010 室內裝潢業；I501010 產品設計業；I503010 景觀設計業；E599010 配管工程業；E603100 電焊工程業；E801020 門窗安裝工程業；E801030 室內輕鋼架工程業；E801040 玻璃安裝工程業；E801070 廚具、衛浴設備安裝工程業；E901010 油漆工程業；E903010 防蝕、防銹工程業；EZ99990 其他工程業；F105050 家具、寢具、廚房器具、裝設品批發業；F106010 五金批發業；F111090 建材批發業；F401010 國際貿易業；E603090 照明設備安裝工程業；F113020 電器批發業；F205040 家具、寢具、廚房器具、裝設品零售業；F206010 五金零售業；F206020 日常用品零售業；F211010 建材零售業；F213010 電器零售業；F106020 日常用品批發業；EZ11010 球場跑道樹脂材料鋪設工程業；EZ09010 靜電防護及消除工程業；E603120 噴砂工程業；EZ14010 運動場地用設備工程業；J101010 建築物清潔服務業；F107010 漆料、塗料批發業；F399040 無店面零售業；ZZ99999 除許可業務外，得經營法令非禁止或限制之業務,新北市,設立,11504
61257581,浩義水電裝潢工程行,新北市新店區北新路2段108號8樓之32,張漢義,200000,115/04/30,,,E599010 配管工程業；E601010 電器承裝業；E601020 電器安裝業；E801010 室內裝潢業；E901010 油漆工程業；E903010 防蝕、防銹工程業；F107010 漆料、塗料批發業；F111090 建材批發業；F207010 漆料、塗料零售業；F211010 建材零售業；ZZ99999 除許可業務外，得經營法令非禁止或限制之業務,新北市,設立,11504
61257597,玉明越南美食館,新北市板橋區文化路2段124巷34弄2號(1樓),阮杜玉明,100000,115/04/30,,,F501060 餐館業,新北市,設立,11504
61257604,志禾工程行,新北市樹林區地政街8巷10弄10號3樓115年04月,謝志和,100000,115/04/30,,,F111090 建材批發業；F106010 五金批發業；E801040 玻璃安裝工程業；E801010 室內裝潢業；ZZ99999 除許可業務外，得經營法令非禁止或限制之業務,新北市,設立,11504
61257610,星朵橙商行,新北市新莊區後港一路101號(1樓),翁婉媛,100000,115/04/30,,,F204110 布疋、衣著、鞋、帽、傘、服飾品零售業；F206020 日常用品零售業；F203010 食品什貨、飲料零售業；F399040 無店面零售業；F106020 日常用品批發業；F401010 國際貿易業；ZZ99999 除許可業務外，得經營法令非禁止或限制之業務,新北市,設立,11504
61257626,雀食早午餐,新北市中和區民享街86巷23號115年04月,李啓鳴,50000,115/04/30,,,F501060 餐館業,新北市,設立,11504
61257631,新銓工程行,新北市三重區元信三街157號115年04月,林湘凌,245000,115/04/30,,,E502010 燃料導管安裝工程業；E599010 配管工程業；E601010 電器承裝業；E601020 電器安裝業；E603010 電纜安裝工程業；E603020 電梯安裝工程業；E603040 消防安全設備安裝工程業；E603090 照明設備安裝工程業；E603100 電焊工程業；E603110 冷作工程業；E603120 噴砂工程業；E603130 燃氣熱水器承裝業；E607010 太陽熱能設備安裝工程業；E801010 室內裝潢業；E801020 門窗安裝工程業；E801030 室內輕鋼架工程業；E801040 玻璃安裝工程業；E801070 廚具、衛浴設備安裝工程業；E901010 油漆工程業；E903010 防蝕、防銹工程業；EZ02010 起重工程業；EZ06010 交通標示工程業；EZ07010 鑽孔工程業；EZ05010 儀器、儀表安裝工程業；EZ11010 球場跑道樹脂材料鋪設工程業；EZ14010 運動場地用設備工程業；EZ15010 保溫、保冷安裝工程業；EZ99990 其他工程業；A102080 園藝服務業；F106010 五金批發業；F105050 家具、寢具、廚房器具、裝設品批發業；F106040 水器材料批發業；F107010 漆料、塗料批發業；F111090 建材批發業；F113020 電器批發業；F113990 其他機械器具批發業；F117010 消防安全設備批發業；F120010 耐火材料批發業；F199990 其他批發業；F205040 家具、寢具、廚房器具、裝設品零售業；F206010 五金零售業；F206040 水器材料零售業；F207010 漆料、塗料零售業；F207030 清潔用品零售業；F211010 建材零售業；F213010 電器零售業；F213990 其他機械器具零售業；F217010 消防安全設備零售業；F220010 耐火材料零售業；F299990 其他零售業；F399040 無店面零售業；F399990 其他綜合零售業；F401010 國際貿易業；F107030 清潔用品批發業；H701010 住宅及大樓開發租售業；H701020 工業廠房開發租售業；H701050 投資興建公共建設業；H701060 新市鎮、新社區開發業；H701070 區段徵收及市地重劃代辦業；H701090 都市更新整建維護業；H702010 建築經理業；H703090 不動產買賣業；H703100 不動產租賃業；H703110 老人住宅業；H703120 自助儲物空間業；I503010 景觀設計業；I599990 其他設計業；IZ99990 其他工商服務業；J101010 建築物清潔服務業；J101090 廢棄物清理業；J101030 廢棄物清除業；J101110 營建剩餘土石方資源處理業；J101990 其他環境衛生及污染防治服務業；JZ99050 仲介服務業；JZ99990 未分類其他服務業；ZZ99999 除許可業務外，得經營法令非禁止或限制之業務,新北市,設立,11504
61257647,徠動工作室,新北市三重區三和路4段20巷103號,陳瑞宏,200000,115/04/30,,,F104110 布疋、衣著、鞋、帽、傘、服飾品批發業；F105050 家具、寢具、廚房器具、裝設品批發業；F106020 日常用品批發業；F199990 其他批發業；F299990 其他零售業；F399040 無店面零售業；I401010 一般廣告服務業；J802010 運動訓練業；J803020 運動比賽業；J801030 競技及休閒運動場館業；JZ99990 未分類其他服務業；J601010 藝文服務業；I103060 管理顧問業；ZZ99999 除許可業務外，得經營法令非禁止或限制之業務,新北市,設立,11504
61257652,昱豐實業社,新北市板橋區中正路326巷6弄4號(1樓) 115年04月,陳智偉,100000,115/04/30,,,F206040 水器材料零售業；F399040 無店面零售業；F206010 五金零售業,新北市,設立,11504
61257668,潮煬沐光實業社,新北市中和區員山路151巷5號5樓,王乙捷,240000,115/04/30,,,F101990 其他農、畜、水產品批發業；F101130 蔬果批發業；F102020 食用油脂批發業；F102030 菸酒批發業；F102040 飲料批發業；F102050 茶葉批發業；F102170 食品什貨批發業；F106020 日常用品批發業；F399040 無店面零售業；IZ99990 其他工商服務業；F101040 家畜家禽批發業；F101050 水產品批發業；I199990 其他顧問服務業；F203010 食品什貨、飲料零售業；F208040 化粧品零售業；F206020 日常用品零售業；F207030 清潔用品零售業；F102180 酒精批發業；F108040 化粧品批發業；F399990 其他綜合零售業；F401010 國際貿易業；I101090 食品顧問業；I103060 管理顧問業；JZ99990 未分類其他服務業；F201990 其他農畜水產品零售業；F204110 布疋、衣著、鞋、帽、傘、服飾品零售業；F205040 家具、寢具、廚房器具、裝設品零售業；F206010 五金零售業；ZZ99999 除許可業務外，得經營法令非禁止或限制之業務；F109070 文教、樂器、育樂用品批發業；F201010 農產品零售業；F201030 水產品零售業,新北市,設立,11504
61257674,兆鑫企業社,新北市永和區永和路2段91號(1樓) 115年04月,吳忠晉,240000,115/04/30,,,F501060 餐館業；ZZ99999 除許可業務外，得經營法令非禁止或限制之業務,新北市,設立,11504
61257689,誠築工程行,新北市新莊區民本街11巷20號,黃清坤,248000,115/04/30,,,E599010 配管工程業；E603040 消防安全設備安裝工程業；E603080 交通號誌安裝工程業；E603090 照明設備安裝工程業；E801010 室內裝潢業；E801020 門窗安裝工程業；E801030 室內輕鋼架工程業；E801040 玻璃安裝工程業；E801070 廚具、衛浴設備安裝工程業；E901010 油漆工程業；E903010 防蝕、防銹工程業；EZ02010 起重工程業；EZ06010 交通標示工程業；EZ07010 鑽孔工程業；EZ11010 球場跑道樹脂材料鋪設工程業；EZ14010 運動場地用設備工程業；EZ15010 保溫、保冷安裝工程業；EZ99990 其他工程業；J101030 廢棄物清除業；J101040 廢棄物處理業；J101080 資源回收業；J101090 廢棄物清理業；JZ99050 仲介服務業；I503010 景觀設計業；I599990 其他設計業；ZZ99999 除許可業務外，得經營法令非禁止或限制之業務,新北市,設立,11504
61257695,竟妹寵物沙龍,新北市土城區明德路2段235號(1樓),陳竟文,50000,115/04/30,,,JZ99180 寵物美容服務業,新北市,設立,11504
61257702,順隆電器行,新北市板橋區大觀路2段7巷66號,賴景宏,20000,115/04/30,,,F213010 電器零售業,新北市,設立,11504
61257718,金馬企業社,新北市三峽區中正路2段18號2樓,馬曉東,200000,115/04/30,,,G799990 其他運輸輔助業；JZ99990 未分類其他服務業；IZ99990 其他工商服務業；ZZ99999 除許可業務外，得經營法令非禁止或限制之業務,新北市,設立,11504
61257724,甲油站工作室,新北市新莊區思源路503號10樓,黃明,50000,115/04/30,,,JZ99080 美容美髮服務業；F299990 其他零售業；F208040 化粧品零售業；JZ99990 未分類其他服務業,新北市,設立,11504
61257739,盛鴻油漆工程行,新北市五股區成泰路3段128號,陳逸君,200000,115/04/30,,,F107010 漆料、塗料批發業；E901010 油漆工程業；E903010 防蝕、防銹工程業；ZZ99999 除許可業務外，得經營法令非禁止或限制之業務,新北市,設立,11504
61257745,五月選物工作室,新北市新店區光明街138巷9號4樓115年04月,許雯萍,200000,115/04/30,,,F204110 布疋、衣著、鞋、帽、傘、服飾品零售業；F206020 日常用品零售業；F209060 文教、樂器、育樂用品零售業；F299990 其他零售業；F399040 無店面零售業；ZZ99999 除許可業務外，得經營法令非禁止或限制之業務,新北市,設立,11504
61257750,冠宏泥作工程行,新北市土城區學府路1段68巷23號12樓115年04月,林子宏,200000,115/04/30,,,E801010 室內裝潢業；E801030 室內輕鋼架工程業；E903010 防蝕、防銹工程業；E603090 照明設備安裝工程業；E801070 廚具、衛浴設備安裝工程業；E601010 電器承裝業；E601020 電器安裝業；E502010 燃料導管安裝工程業；E599010 配管工程業；E603010 電纜安裝工程業；E603040 消防安全設備安裝工程業；E603050 自動控制設備工程業；E603100 電焊工程業；E603130 燃氣熱水器承裝業；E801040 玻璃安裝工程業；E801020 門窗安裝工程業；E901010 油漆工程業；EZ07010 鑽孔工程業；EZ99990 其他工程業；F111090 建材批發業；F106010 五金批發業；F106040 水器材料批發業；F105050 家具、寢具、廚房器具、裝設品批發業；F120010 耐火材料批發業；F211010 建材零售業；F206010 五金零售業；F206040 水器材料零售業；F205040 家具、寢具、廚房器具、裝設品零售業；F220010 耐火材料零售業；J101010 建築物清潔服務業；JA02010 電器及電子產品修理業；ZZ99999 除許可業務外，得經營法令非禁止或限制之業務,新北市,設立,11504
61257766,漫易購企業社,新北市深坑區文化街52號7樓,劉鳳英,200000,115/04/30,,,F102170 食品什貨批發業；F104110 布疋、衣著、鞋、帽、傘、服飾品批發業；F105050 家具、寢具、廚房器具、裝設品批發業；F106010 五金批發業；F106020 日常用品批發業；F107030 清潔用品批發業；F108040 化粧品批發業；F109070 文教、樂器、育樂用品批發業；F113050 電腦及事務性機器設備批發業；F113070 電信器材批發業；F203010 食品什貨、飲料零售業；F204110 布疋、衣著、鞋、帽、傘、服飾品零售業；F205040 家具、寢具、廚房器具、裝設品零售業；F206010 五金零售業；F206020 日常用品零售業；F207030 清潔用品零售業；F208040 化粧品零售業；F209060 文教、樂器、育樂用品零售業；F213030 電腦及事務性機器設備零售業；F213060 電信器材零售業；F218010 資訊軟體零售業；F299990 其他零售業；F399990 其他綜合零售業；F401010 國際貿易業；F399040 無店面零售業；I301010 資訊軟體服務業；I301020 資料處理服務業；I301030 電子資訊供應服務業；JB01010 會議及展覽服務業；I105010 藝術品諮詢顧問業；I401010 一般廣告服務業；J601010 藝文服務業；I199990 其他顧問服務業；ZZ99999 除許可業務外，得經營法令非禁止或限制之業務,新北市,設立,11504
61257772,好馬文創工作室,新北市永和區得和路374巷1弄6號(1樓) 115年04月,蔡嘉駿,40000,115/04/30,,,F206020 日常用品零售業；F206010 五金零售業；F399990 其他綜合零售業；F399040 無店面零售業；F299990 其他零售業；F204110 布疋、衣著、鞋、帽、傘、服飾品零售業；F205040 家具、寢具、廚房器具、裝設品零售業；ZZ99999 除許可業務外，得經營法令非禁止或限制之業務；F104110 布疋、衣著、鞋、帽、傘、服飾品批發業；F106010 五金批發業；F106020 日常用品批發業；F199990 其他批發業；F209060 文教、樂器、育樂用品零售業；F214040 自行車及其零件零售業；F215010 首飾及貴金屬零售業；F401010 國際貿易業,新北市,設立,11504
61257787,北欣商行,新北市淡水區北新路169巷69弄24之1號,謝欣如,50000,115/04/30,,,F203010 食品什貨、飲料零售業；F206020 日常用品零售業；F399990 其他綜合零售業；F201010 農產品零售業；F201020 畜產品零售業；F201030 水產品零售業；F201070 花卉零售業；F207190 塑膠膜、袋零售業；F219010 電子材料零售業；F208040 化粧品零售業；F208050 乙類成藥零售業；IZ99990 其他工商服務業；F209060 文教、樂器、育樂用品零售業；F207030 清潔用品零售業；ZZ99999 除許可業務外，得經營法令非禁止或限制之業務,新北市,設立,11504
61257793,開始吧商行,新北市淡水區淡金路2段507號,陳繹中,200000,115/04/30,,,F501030 飲料店業；F501060 餐館業,新北市,設立,11504
61257800,活妍企業社,新北市三重區元富二街18號20樓115年04月,蔡佳樺,100000,115/04/30,,,F106020 日常用品批發業；F206020 日常用品零售業；F108040 化粧品批發業；F208040 化粧品零售業；F107030 清潔用品批發業；F207030 清潔用品零售業；F102170 食品什貨批發業；F203010 食品什貨、飲料零售業；F105050 家具、寢具、廚房器具、裝設品批發業；F205040 家具、寢具、廚房器具、裝設品零售業；ZZ99999 除許可業務外，得經營法令非禁止或限制之業務,新北市,設立,11504
61257816,向洋企業社,新北市新莊區忠孝街29巷41號4樓,丁偉倫,200000,115/04/30,,,E599010 配管工程業；E601020 電器安裝業；E603040 消防安全設備安裝工程業；E603050 自動控制設備工程業；E603090 照明設備安裝工程業；E607010 太陽熱能設備安裝工程業；E701040 簡易電信設備安裝業；E801010 室內裝潢業；E801020 門窗安裝工程業；E801030 室內輕鋼架工程業；E801040 玻璃安裝工程業；E801070 廚具、衛浴設備安裝工程業；E901010 油漆工程業；E903010 防蝕、防銹工程業；EZ02010 起重工程業；EZ07010 鑽孔工程業；F120010 耐火材料批發業；F105050 家具、寢具、廚房器具、裝設品批發業；F106010 五金批發業；F106020 日常用品批發業；F107030 清潔用品批發業；F111090 建材批發業；F113020 電器批發業；F205040 家具、寢具、廚房器具、裝設品零售業；F206010 五金零售業；F206020 日常用品零售業；F211010 建材零售業；F213010 電器零售業；F220010 耐火材料零售業；F401010 國際貿易業；I199990 其他顧問服務業；I501010 產品設計業；I503010 景觀設計業；I504010 花藝設計業；I599990 其他設計業；ZZ99999 除許可業務外，得經營法令非禁止或限制之業務,新北市,設立,11504
61257822,芯有說衣商行,新北市八里區中山路1段306巷10號12樓,黃咨瑜,10000,115/04/30,,,F399040 無店面零售業,新北市,設立,11504
61257837,樂樂園地企業社,新北市中和區中正路736號14樓之３,丁美云,200000,115/04/30,,,F501060 餐館業,新北市,設立,11504
61257843,宇豪美髮工作室,新北市三峽區大觀路28號,魏宇豪,100000,115/04/30,,,JZ99080 美容美髮服務業；ZZ99999 除許可業務外，得經營法令非禁止或限制之業務,新北市,設立,11504
61257858,麥仔餐飲商行,新北市淡水區新市二路3段162號115年04月,張容嫥,200000,115/04/30,,,F203010 食品什貨、飲料零售業；F501060 餐館業；F399040 無店面零售業；ZZ99999 除許可業務外，得經營法令非禁止或限制之業務,新北市,設立,11504
61257864,旭謙企業社,新北市新莊區中華路1段28號(1樓),林貝璇,200000,115/04/30,,,F501030 飲料店業；F203010 食品什貨、飲料零售業；F201010 農產品零售業；F205040 家具、寢具、廚房器具、裝設品零售業；F501060 餐館業；ZZ99999 除許可業務外，得經營法令非禁止或限制之業務；F201070 花卉零售業；F501990 其他餐飲業；F207030 清潔用品零售業；F206020 日常用品零售業,新北市,設立,11504
61257870,鑫億商號,新北市中和區民安街25巷21號,陳弘偉,200000,115/04/30,,,F501060 餐館業；F501990 其他餐飲業；F102170 食品什貨批發業；F203010 食品什貨、飲料零售業；F206020 日常用品零售業；F399040 無店面零售業；C103050 罐頭、冷凍、脫水及醃漬食品製造業；C104020 烘焙炊蒸食品製造業；C199990 未分類其他食品製造業；ZZ99999 除許可業務外，得經營法令非禁止或限制之業務,新北市,設立,11504
61257885,眠寶貝家居企業社,新北市蘆洲區復興路298號,朱逸豪,200000,115/04/30,,,F105050 家具、寢具、廚房器具、裝設品批發業；F104110 布疋、衣著、鞋、帽、傘、服飾品批發業；F111090 建材批發業；F205040 家具、寢具、廚房器具、裝設品零售業；F211010 建材零售業；F204110 布疋、衣著、鞋、帽、傘、服飾品零售業；F401010 國際貿易業；F399040 無店面零售業；E801010 室內裝潢業；E801020 門窗安裝工程業；I503010 景觀設計業；I501010 產品設計業；ZZ99999 除許可業務外，得經營法令非禁止或限制之業務,新北市,設立,11504
61257891,員霖小吃店,新北市中和區員山路149號,施俊宇,200000,115/04/30,,,F203010 食品什貨、飲料零售業；F501060 餐館業；F399040 無店面零售業；ZZ99999 除許可業務外，得經營法令非禁止或限制之業務,新北市,設立,11504
61257908,凱爺豬腳飯,新北市板橋區松柏街4號,洪振凱,200000,115/04/30,,,F501060 餐館業；ZZ99999 除許可業務外，得經營法令非禁止或限制之業務,新北市,設立,11504
61257914,安朵企業社,新北市永和區保安路252巷3號115年04月,林佑瑋,200000,115/04/30,,,J304010 圖書出版業；C701010 印刷業；JZ99990 未分類其他服務業；ZZ99999 除許可業務外，得經營法令非禁止或限制之業務,新北市,設立,11504
61257920,琦天工程行,新北市板橋區重慶路60之1號3樓,蔡哲禾,200000,115/04/30,,,E599010 配管工程業；E603040 消防安全設備安裝工程業；E603050 自動控制設備工程業；E603100 電焊工程業；E603110 冷作工程業；E604010 機械安裝業；EZ99990 其他工程業；ZZ99999 除許可業務外，得經營法令非禁止或限制之業務,新北市,設立,11504
61257935,李記吃泰式餐館,新北市三重區中興北街27號,聶語彤,200000,115/04/30,,,F501060 餐館業,新北市,設立,11504
61257956,沛婕企業社,新北市三重區集美街33巷10號4樓,王沛慈,100000,115/04/30,,,F204110 布疋、衣著、鞋、帽、傘、服飾品零售業；F203010 食品什貨、飲料零售業；F205040 家具、寢具、廚房器具、裝設品零售業；F206020 日常用品零售業；F207030 清潔用品零售業；F208040 化粧品零售業；F209060 文教、樂器、育樂用品零售業；F299990 其他零售業；F399040 無店面零售業；F399990 其他綜合零售業；F401010 國際貿易業；ZZ99999 除許可業務外，得經營法令非禁止或限制之業務,新北市,設立,11504
61300187,安心廚房,新北市中和區和平街72號之1,張登凱,100000,115/04/28,,,F501060 餐館業,新北市,設立,11504
61391412,宇驊車業,新北市新店區北宜路1段150號(1樓),邢乃驊,100000,115/04/10,,,JA02020 機車修理業,新北市,設立,11504
61394375,湘嵐造型美髮坊,新北市新莊區中正路377巷1弄4號(1樓),黃美惠,40000,115/04/29,,,JZ99080 美容美髮服務業,新北市,設立,11504
61396269,之恩商行,新北市平溪區十分街214號1樓,孫琮皓,10000,115/04/27,,,F501990 其他餐飲業；F501030 飲料店業；F299990 其他零售業；F501060 餐館業；F102170 食品什貨批發業；F199990 其他批發業；F203020 菸酒零售業,新北市,設立,11504
61400094,美桐髮學工作室,新北市土城區金信街75號,陳俊華,100000,115/04/14,,,JZ99080 美容美髮服務業,新北市,設立,11504
61407821,戀戀台越小吃店,新北市新店區民生路145巷27號,阮氏戀,100000,115/04/29,,,F501060 餐館業；F501990 其他餐飲業；ZZ99999 除許可業務外，得經營法令非禁止或限制之業務,新北市,設立,11504
72741778,覓果手作坊,新北市五股區成泰路3段577巷99號,陳怡萱,200000,115/04/13,,,F501060 餐館業；F203010 食品什貨、飲料零售業,新北市,設立,11504
73786169,亞原小吃店,新北市鶯歌區國慶街169之2號(1樓),胡財發,245000,115/04/13,,,F501060 餐館業,新北市,設立,11504
87529036,廣來藥師藥局,新北市中和區員山路393號(1樓) 115年04月,江柏俞,200000,115/04/21,,,F203010 食品什貨、飲料零售業；F207030 清潔用品零售業；F208050 乙類成藥零售業；F208040 化粧品零售業；ZZ99999 除許可業務外，得經營法令非禁止或限制之業務,新北市,設立,11504
91149121,黃雪惠小吃店,新北市林口區文化一路1段43號,黃雪惠,200000,115/04/14,,,F501060 餐館業,新北市,設立,11504
91267436,新華福鹹酥雞,新北市中和區華福街8號(1樓),薛欽鴻,50000,115/04/28,,,F203010 食品什貨、飲料零售業,新北市,設立,11504
91347396,社後藥局,新北市板橋區大仁街39號(1樓),許仲鎔,10000,115/04/17,,,F208040 化粧品零售業；F208050 乙類成藥零售業；F203010 食品什貨、飲料零售業；F207030 清潔用品零售業；F207070 動物用藥零售業；F206020 日常用品零售業；F206050 寵物食品及其用品零售業；ZZ99999 除許可業務外，得經營法令非禁止或限制之業務,新北市,設立,11504
91365318,松柏藥局,新北市板橋區松柏街94號(1樓),盧昭均,10000,115/04/16,,,F208040 化粧品零售業；F208050 乙類成藥零售業；F203010 食品什貨、飲料零售業；F207030 清潔用品零售業；F207070 動物用藥零售業；F206020 日常用品零售業；F206050 寵物食品及其用品零售業；ZZ99999 除許可業務外，得經營法令非禁止或限制之業務,新北市,設立,11504
91921075,享叮噹檳榔攤,新北市土城區中央路3段219號（1樓）,余佩諭,150000,115/04/27,,,F203010 食品什貨、飲料零售業；F203020 菸酒零售業,新北市,設立,11504
92627917,新昌藥局,新北市汐止區仁愛路333、335、337號(1樓),林宏駿,10000,115/04/10,,,F208040 化粧品零售業；F208050 乙類成藥零售業；F203010 食品什貨、飲料零售業；F207030 清潔用品零售業；F207070 動物用藥零售業；F206020 日常用品零售業；F206050 寵物食品及其用品零售業；ZZ99999 除許可業務外，得經營法令非禁止或限制之業務,新北市,設立,11504
92633973,日舒淨工作坊,新北市新莊區西盛街405號,李燕青,200000,115/04/13,,,F107030 清潔用品批發業；F106020 日常用品批發業；F113020 電器批發業；F199990 其他批發業；F105050 家具、寢具、廚房器具、裝設品批發業；F207030 清潔用品零售業；F206020 日常用品零售業；F213010 電器零售業；F299990 其他零售業；F399990 其他綜合零售業；F205040 家具、寢具、廚房器具、裝設品零售業；C302010 織布業；C303010 不織布業；F401010 國際貿易業；F399040 無店面零售業；ZZ99999 除許可業務外，得經營法令非禁止或限制之業務,新北市,設立,11504
92788342,好時雞鹹水雞,新北市新店區北新路1段237號(1樓) 115年04月,楊皓婷,70000,115/04/22,,,F501990 其他餐飲業；F399040 無店面零售業,新北市,設立,11504
93074842,秀仁藥局,新北市中和區自強路42號(1樓),張宇易,10000,115/04/23,,,F208040 化粧品零售業；F208050 乙類成藥零售業；F203010 食品什貨、飲料零售業；F207030 清潔用品零售業；F207070 動物用藥零售業；F206020 日常用品零售業；F206050 寵物食品及其用品零售業；ZZ99999 除許可業務外，得經營法令非禁止或限制之業務,新北市,設立,11504
95077957,九芎藥局,新北市蘆洲區長安街66號(1樓),許聿廷,10000,115/04/14,,,F208040 化粧品零售業；F208050 乙類成藥零售業；F203010 食品什貨、飲料零售業；F207030 清潔用品零售業；F207070 動物用藥零售業；F206020 日常用品零售業；F206050 寵物食品及其用品零售業；ZZ99999 除許可業務外，得經營法令非禁止或限制之業務,新北市,設立,11504
99756942,麗潔專業汽車美容店,新北市淡水區埤島63號之3,李文龍,50000,115/04/13,,,JA01990 其他汽車服務業,新北市,設立,11504
