統一編號,公司名稱,公司所在地,代表人,資本額,核准設立日期,核准變更日期,案由或變更事項,營業項目,縣市,清冊,期別
00544632,安悠美妍社,新北市泰山區明志路1段181號2樓,張柔安,200000,,115/04/08,外縣市遷入,JZ99080 美容美髮服務業；F108040 化粧品批發業；F208040 化粧品零售業；F107030 清潔用品批發業；F207030 清潔用品零售業；F106020 日常用品批發業；F206020 日常用品零售業；F102170 食品什貨批發業；F203010 食品什貨、飲料零售業；I103060 管理顧問業；JZ99990 未分類其他服務業；F399040 無店面零售業；ZZ99999 除許可業務外，得經營法令非禁止或限制之業務,新北市,變更,11504
00548412,亮田環保企業社,新北市土城區學府路1段278號地下一層之10 115年04月,蔡俊奕,100000,,115/04/16,外縣市遷入,J101030 廢棄物清除業；J101080 資源回收業；J101090 廢棄物清理業；IZ12010 人力派遣業；EZ02010 起重工程業；J101010 建築物清潔服務業；JA01990 其他汽車服務業；F105050 家具、寢具、廚房器具、裝設品批發業；F205040 家具、寢具、廚房器具、裝設品零售業；F401010 國際貿易業；F399040 無店面零售業；ZZ99999 除許可業務外，得經營法令非禁止或限制之業務,新北市,變更,11504
00553287,雨日製作工作室,新北市板橋區文化路2段385之5號3樓115年04月,賴育慈,200000,,115/04/02,外縣市遷入,F204110 布疋、衣著、鞋、帽、傘、服飾品零售業；F209060 文教、樂器、育樂用品零售業；F399990 其他綜合零售業；F601010 智慧財產權業；I103060 管理顧問業；I199990 其他顧問服務業；I301010 資訊軟體服務業；I301020 資料處理服務業；I301030 電子資訊供應服務業；I401010 一般廣告服務業；I501010 產品設計業；I599990 其他設計業；IZ99990 其他工商服務業；J303010 雜誌（期刊）出版業；J304010 圖書出版業；J305010 有聲出版業；J401010 電影片製作業；J402010 電影片發行業；J404010 動畫影片製作業；J404040 電影錄音業；J404050 電影特效製作業；J503010 廣播節目製作業（原:J503011廣播節目製作業）；J503020 電視節目製作業（原:J503021電視節目製作業）；J503030 廣播電視節目發行業（原:J503031廣播電視節目發行業）；J503040 廣播電視廣告業（原:J503041廣播電視廣告業）；J601010 藝文服務業；J602010 演藝活動業；J604010 聲音錄製及音樂發行業；JB01010 會議及展覽服務業；JI01010 互動式情境體驗服務業；JZ99050 仲介服務業；ZZ99999 除許可業務外，得經營法令非禁止或限制之業務,新北市,變更,11504
00571736,細節骨子工作室,新北市土城區中央路1段286號2樓,許修瑋,200000,,115/04/24,外縣市遷入,F104110 布疋、衣著、鞋、帽、傘、服飾品批發業；F204110 布疋、衣著、鞋、帽、傘、服飾品零售業；F108040 化粧品批發業；F208040 化粧品零售業；F109070 文教、樂器、育樂用品批發業；F209060 文教、樂器、育樂用品零售業；F113020 電器批發業；F213010 電器零售業；F401010 國際貿易業；F399040 無店面零售業；F299990 其他零售業；ZZ99999 除許可業務外，得經營法令非禁止或限制之業務,新北市,變更,11504
00611998,活力讚企業社,新北市中和區中山路2段332巷1號7樓,盧滌平,100000,,115/04/22,名稱變更,F121010 食品添加物批發業；F102170 食品什貨批發業；F203010 食品什貨、飲料零售業；F221010 食品添加物零售業；F108040 化粧品批發業；F208040 化粧品零售業；F401010 國際貿易業；F501030 飲料店業；H701010 住宅及大樓開發租售業；I103060 管理顧問業；H701090 都市更新整建維護業；H703090 不動產買賣業；H703100 不動產租賃業；I102010 一般投資顧問業；H701070 區段徵收及市地重劃代辦業；ZZ99999 除許可業務外，得經營法令非禁止或限制之業務,新北市,變更,11504
01915235,山立行,新北市中和區錦和路15號,蔡成居,48000,,115/04/30,所在地變更,F114030 汽、機車零件配備批發業,新北市,變更,11504
01929147,仁富五金行,新北市土城區學府路1段137號1樓,林業偉,20000,,115/04/14,繼承登記,F206010 五金零售業,新北市,變更,11504
01975845,偉德糕餅店,新北市蘆洲區民族路263巷6號6樓,陳維寧,48000,,115/04/10,所在地變更,F203010 食品什貨、飲料零售業；F201010 農產品零售業；IZ06010 理貨包裝業,新北市,變更,11504
01996200,耕鑫機械行,新北市蘆洲區永安南路2段328巷15弄14號（1樓）,洪雪瑛,45000,,115/04/15,負責人住居所變更,F113010 機械批發業；F213080 機械器具零售業,新北市,變更,11504
01997714,阿勇輪胎行,新北市新莊區中港路498號,邵志豪,45000,,115/04/30,所營業務變更,F114050 車胎批發業；F214050 車胎零售業；ZZ99999 除許可業務外，得經營法令非禁止或限制之業務,新北市,變更,11504
02187065,豐榮五金行,新北市蘆洲區長安街126號1樓,李玉玲,45000,,115/04/28,繼承登記,F106010 五金批發業；F206010 五金零售業,新北市,變更,11504
02199549,褔益電業行,新北市新莊區褔壽街94巷3號(1樓) 115年04月,李建儀,49000,,115/04/17,所營業務變更,F213010 電器零售業；E603130 燃氣熱水器承裝業,新北市,變更,11504
02211038,億安企業社,新北市三重區慈愛街67號4樓,林秋豪,48000,,115/04/07,所在地變更,F111990 其他建材批發業；F211010 建材零售業,新北市,變更,11504
02219860,超前車業,新北市林口區工六路4號(1樓),王信浤,200000,,115/04/13,所營業務變更,F214020 機車零售業；F214030 汽、機車零件配備零售業；F214050 車胎零售業；JA02020 機車修理業,新北市,變更,11504
02416861,嘉一工程行,新北市樹林區佳園路3段21巷10號4樓,林恒祥,400000,,115/04/15,轉讓登記,J101010 建築物清潔服務業；J101030 廢棄物清除業；E801010 室內裝潢業；F106010 五金批發業；F111090 建材批發業；ZZ99999 除許可業務外，得經營法令非禁止或限制之業務,新北市,變更,11504
02430977,安昇德電機企業社,新北市板橋區金門街309號之5,陳冠宏,580000,,115/04/15,增資變更,E601010 電器承裝業；E601020 電器安裝業；E603010 電纜安裝工程業；E603040 消防安全設備安裝工程業；E603050 自動控制設備工程業；E603090 照明設備安裝工程業；E604010 機械安裝業；E605010 電腦設備安裝業；E701040 簡易電信設備安裝業；EZ15010 保溫、保冷安裝工程業；F113010 機械批發業；F213080 機械器具零售業；F401010 國際貿易業；CC01010 發電、輸電、配電機械製造業；CC01990 其他電機及電子機械器材製造業；ZZ99999 除許可業務外，得經營法令非禁止或限制之業務,新北市,變更,11504
02438773,辰峰企業社,新北市汐止區大同路一段111巷18號4樓115年04月,劉佳俐,2000000,,115/04/16,所在地變更,E801010 室內裝潢業；E801070 廚具、衛浴設備安裝工程業；E903010 防蝕、防銹工程業；EZ99990 其他工程業；F102040 飲料批發業；F102170 食品什貨批發業；F104110 布疋、衣著、鞋、帽、傘、服飾品批發業；F106020 日常用品批發業；F108040 化粧品批發業；F203010 食品什貨、飲料零售業；F204110 布疋、衣著、鞋、帽、傘、服飾品零售業；F206020 日常用品零售業；F208040 化粧品零售業；F399040 無店面零售業；F401010 國際貿易業；I199990 其他顧問服務業；JZ99080 美容美髮服務業,新北市,變更,11504
09611713,以恩國際企業,新北市中和區泰和街23號115年04月,陳明賢,2640000,,115/04/28,所營業務變更,F114030 汽、機車零件配備批發業；F114020 機車批發業；F114010 汽車批發業；F114050 車胎批發業；JA01010 汽車修理業；JA01020 汽車拖吊業；G799990 其他運輸輔助業；F111090 建材批發業；F114990 其他交通運輸工具及其零件批發業；JE01010 租賃業；F401010 國際貿易業；F199990 其他批發業；I301010 資訊軟體服務業；I301020 資料處理服務業；I501010 產品設計業；JA01990 其他汽車服務業；JA02010 電器及電子產品修理業；F212050 石油製品零售業；F108040 化粧品批發業；F208040 化粧品零售業；F104110 布疋、衣著、鞋、帽、傘、服飾品批發業；F105050 家具、寢具、廚房器具、裝設品批發業；F109070 文教、樂器、育樂用品批發業；F209060 文教、樂器、育樂用品零售業；F106020 日常用品批發業；F206020 日常用品零售業；F214030 汽、機車零件配備零售業；F119010 電子材料批發業；F113020 電器批發業；F107030 清潔用品批發業；F207030 清潔用品零售業；F399040 無店面零售業；F301020 超級市場業；EZ99990 其他工程業；J101030 廢棄物清除業；J101040 廢棄物處理業；J101090 廢棄物清理業；J101060 廢（污）水處理業；EZ02010 起重工程業；EZ06010 交通標示工程業；EZ07010 鑽孔工程業；F211010 建材零售業；F206010 五金零售業；F213110 電池零售業；F113110 電池批發業；F117010 消防安全設備批發業；F120010 耐火材料批發業；F113010 機械批發業；F113030 精密儀器批發業；F113050 電腦及事務性機器設備批發業；F106040 水器材料批發業；F113990 其他機械器具批發業；JA02990 其他修理業；IZ12010 人力派遣業；IZ99990 其他工商服務業；F203020 菸酒零售業；F501030 飲料店業；F501060 餐館業；F501990 其他餐飲業；F102170 食品什貨批發業；F203010 食品什貨、飲料零售業；F102030 菸酒批發業；F203030 酒精零售業；F102180 酒精批發業；F101050 水產品批發業；F201030 水產品零售業；F101040 家畜家禽批發業；F201990 其他農畜水產品零售業；F299990 其他零售業；F399990 其他綜合零售業；A399990 其他漁業；F101990 其他農、畜、水產品批發業；F106010 五金批發業；F201020 畜產品零售業；ZZ99999 除許可業務外，得經營法令非禁止或限制之業務,新北市,變更,11504
09685138,金采八八八餐坊,新北市三重區民生街38巷1弄10號1樓,王美華,200000,,115/04/08,轉讓登記,F501060 餐館業；F203010 食品什貨、飲料零售業；F203020 菸酒零售業；ZZ99999 除許可業務外，得經營法令非禁止或限制之業務,新北市,變更,11504
09686468,煜榮實業社,新北市新莊區福營路230號(1樓) 115年04月,翁俊雄,300000,,115/04/01,所在地變更,F213080 機械器具零售業；F214990 其他交通運輸工具及其零件零售業（堆高機起重機）；F113010 機械批發業；F114990 其他交通運輸工具及其零件批發業（堆高機起重機）；JA02990 其他修理業（堆高機起重機）,新北市,變更,11504
09731490,煌祥企業社,新北市瑞芳區魚坑路110號3樓,陳依孀,200000,,115/04/17,名稱變更,E502010 燃料導管安裝工程業；E599010 配管工程業；E604010 機械安裝業；E603040 消防安全設備安裝工程業；E603080 交通號誌安裝工程業；E603090 照明設備安裝工程業；E701010 電信工程業；E801010 室內裝潢業；E801020 門窗安裝工程業；E801030 室內輕鋼架工程業；E801040 玻璃安裝工程業；E801070 廚具、衛浴設備安裝工程業；E901010 油漆工程業；E903010 防蝕、防銹工程業；EZ06010 交通標示工程業；EZ02010 起重工程業；EZ07010 鑽孔工程業；EZ99990 其他工程業；J101010 建築物清潔服務業；J101030 廢棄物清除業；J101090 廢棄物清理業；J101060 廢（污）水處理業；JE01010 租賃業；F401010 國際貿易業；F399040 無店面零售業；ZZ99999 除許可業務外，得經營法令非禁止或限制之業務,新北市,變更,11504
09738851,嘉輝材料企業社,新北市樹林區佳園路2段15巷9弄9號,陳建川,360000,,115/04/29,轉讓登記,F109070 文教、樂器、育樂用品批發業；F206060 祭祀用品零售業；F106070 祭祀用品批發業；C601040 加工紙製造業；C601990 其他紙製品製造業；F401010 國際貿易業；ZZ99999 除許可業務外，得經營法令非禁止或限制之業務,新北市,變更,11504
09834117,信和商店,新北市鶯歌區鶯桃路６０７號１樓,丁銘宗,200000,,115/04/23,轉讓登記,F203010 食品什貨、飲料零售業,新北市,變更,11504
09849765,昇進水電工程行,新北市板橋區南雅西路2段156巷3號115年04月,林順利,200000,,115/04/30,所在地變更,E599010 配管工程業；E601010 電器承裝業；E601020 電器安裝業；E603040 消防安全設備安裝工程業；E603090 照明設備安裝工程業；E701010 通信工程業；E801010 室內裝潢業；E801020 門窗安裝工程業；E801030 室內輕鋼架工程業；E801040 玻璃安裝工程業；E801070 廚具、衛浴設備安裝工程業；E901010 油漆工程業；F401010 國際貿易業,新北市,變更,11504
09860640,宛霖小吃店,新北市三峽區中華路46之9號,林家偉,50000,,115/04/10,轉讓登記,F501060 餐館業,新北市,變更,11504
09872441,睬鈞企業社,新北市永和區安樂路100巷31號2樓,劉錦政,200000,,115/04/09,所在地變更,F106010 五金批發業；F206010 五金零售業；E801020 門窗安裝工程業（赴客戶處現場作業）,新北市,變更,11504
09978789,台灣好鍋企業社,新北市樹林區忠孝街43巷8號,陳雅鈴,60000,,115/04/29,所在地變更,F205040 家具、寢具、廚房器具、裝設品零售業；F206010 五金零售業；F206020 日常用品零售業；F207030 清潔用品零售業；F213010 電器零售業,新北市,變更,11504
10042654,北暘企業社,新北市樹林區東順街90巷2之1號4樓,黃聖文,200000,,115/04/15,所在地變更,CC01010 發電﹑輸電﹑配電機械製造業；CC01080 電子零組件製造業；CC01990 其他電機及電子機械器材製造業；CA01050 鋼材二次加工業；CA01990 其他非鐵金屬基本工業；E603050 自動控制設備工程業；E604010 機械安裝業；F106010 五金批發業；F113010 機械批發業；F113020 電器批發業；F113030 精密儀器批發業；F113990 其他機械器具批發業；F399040 無店面零售業；F401010 國際貿易業；ZZ99999 除許可業務外，得經營法令非禁止或限制之業務,新北市,變更,11504
10053238,昰昕企業社,新北市中和區中板路18巷1弄16號,李麗秋,200000,,115/04/01,所在地變更,F113020 電器批發業；F119010 電子材料批發業；F199990 其他批發業（特許業務除外）；F299990 其他零售業（特許業務除外）；F213010 電器零售業；F219010 電子材料零售業；F401010 國際貿易業；F207190 塑膠膜、袋零售業；F107190 塑膠膜、袋批發業,新北市,變更,11504
10067681,振和工程行,新北市板橋區華江一路111號15樓之1,林振芳,480000,,115/04/07,所在地變更,E801030 室內輕鋼架工程業；E801010 室內裝潢業；E801020 門窗安裝工程業；E801040 玻璃安裝工程業；E901010 油漆工程業；E903010 防蝕、防銹工程業；F111090 建材批發業（建築材料不堆棧）；F107010 漆料、塗料批發業,新北市,變更,11504
10596325,神洲藝品企業社,新北市三峽區民權街72號115年04月,顏國展,100000,,115/04/02,名稱變更,F205040 家具、寢具、廚房器具、裝設品零售業,新北市,變更,11504
10609222,盈捷企業社,新北市樹林區俊英街224巷22之2號(1樓),陳守約,200000,,115/04/22,所在地變更,CA02030 螺絲、螺帽、螺絲釘、及鉚釘等製品製造業；CC01080 電子零組件製造業；CD01030 汽車及其零件製造業；CD01040 機車及其零件製造業；F106010 五金批發業；F401010 國際貿易業,新北市,變更,11504
10646774,杰芮一百工作室,新北市永和區信義路25巷19弄7號4樓,李茂昆,200000,,115/04/30,所在地變更,F109070 文教、樂器、育樂用品批發業；F209060 文教、樂器、育樂用品零售業；F401010 國際貿易業；I401010 一般廣告服務業；I501010 產品設計業；I503010 景觀、室內設計業；ZZ99999 除許可業務外，得經營法令非禁止或限制之業務,新北市,變更,11504
13378294,山豬城小吃店,新北市林口區下福里大水湳路160號,林傑夫,200000,,115/04/08,負責人改名,F501060 餐館業；F209060 文教、樂器、育樂用品零售業,新北市,變更,11504
13506241,惠國企業社,新北市三重區仁忠街84號3樓,蔡健聰,200000,,115/04/28,轉讓登記,F106010 五金批發業；F106030 模具批發業；F206010 五金零售業；F206030 模具零售業,新北市,變更,11504
13681612,鉅峸工程行,新北市汐止區新台五路1段129號2樓,高榮華,1000000,,115/04/14,所在地變更,E201010 景觀工程業；E599010 配管工程業；EZ02010 起重工程業；I601010 租賃業；J101030 廢棄物清除業；J101990 其他環保服務業；F113010 機械批發業；F111030 磚、瓦、石建材批發業,新北市,變更,11504
13787869,生活居創意工作坊,新北市永和區中興街10巷18號5樓,高慧玲,200000,,115/04/27,所營業務變更,I504010 花藝設計業；F201070 花卉零售業；F203010 食品什貨、飲料零售業；F205040 家具、寢具、廚房器具、裝設品零售業；F102050 茶葉批發業；F102040 飲料批發業；F401010 國際貿易業；ZZ99999 除許可業務外，得經營法令非禁止或限制之業務,新北市,變更,11504
13829880,霆莉企業社,新北市土城區金城路2段251號10樓,楊朝棠,240000,,115/04/30,外縣市遷入,IZ01010 影印業；IZ02010 打字業；I401010 一般廣告服務業；JZ99030 攝影業,新北市,變更,11504
14173431,恆盛燒臘店,新北市中和區員山路514巷14弄12號115年04月,李仕強,200000,,115/04/30,其他,C103050 罐頭、冷凍、脫水及醃漬食品製造業；C199990 未分類其他食品製造業；F501060 餐館業；F203010 食品什貨、飲料零售業；F401010 國際貿易業,新北市,變更,11504
14257179,松元堂蔘藥行,新北市汐止區水源路1段8號(1樓),廖春松,30000,,115/04/15,名稱變更,F208011 中藥零售業；F108011 中藥批發業；F401010 國際貿易業,新北市,變更,11504
14258183,原舍藝術寫真工坊,新北市中和區中安街２１６號１樓,劉麗錦,30000,,115/04/10,其他,JZ99030 攝影業,新北市,變更,11504
14640631,鳳鳴香食品工廠,新北市中和區中山路2段380巷5號,唐楷相,200000,,115/04/16,其他,C104020 烘焙炊蒸食品製造業；F102170 食品什貨批發業；F203010 食品什貨、飲料零售業；F399040 無店面零售業；F401010 國際貿易業；ZZ99999 除許可業務外，得經營法令非禁止或限制之業務,新北市,變更,11504
14642595,新羅馬汽車商行,新北市蘆洲區中正路185巷17號3樓,賈雲翔,100000,,115/04/14,所營業務變更,JZ99050 仲介服務業；JA01010 汽車修理業；JA01990 其他汽車服務業；F113110 電池批發業；F114010 汽車批發業；F114020 機車批發業；F114030 汽、機車零件配備批發業；F114050 車胎批發業；F213110 電池零售業；F214010 汽車零售業；F214020 機車零售業；F214030 汽、機車零件配備零售業；F214050 車胎零售業；F399040 無店面零售業；F401010 國際貿易業；ZZ99999 除許可業務外，得經營法令非禁止或限制之業務,新北市,變更,11504
14658863,弘安塑膠實業社,新北市蘆洲區長安街68巷37號2樓,周佳臻,240000,,115/04/16,所營業務變更,J101050 環境檢測服務業；J101060 廢（污）水處理業；ZZ99999 除許可業務外，得經營法令非禁止或限制之業務；C805990 其他塑膠製品製造業；F107990 其他化學製品批發業；F107190 塑膠膜、袋批發業；F199990 其他批發業；F107200 化學原料批發業；J101030 廢棄物清除業；J101040 廢棄物處理業；F199010 回收物料批發業,新北市,變更,11504
15761626,甜蜜蜜旅館,新北市板橋區南雅南路2段28號115年04月,張進春,200000,,115/04/20,所營業務變更,J901020 一般旅館業；H701010 住宅及大樓開發租售業；H703100 不動產租賃業,新北市,變更,11504
17633465,黎凡特國際企業行,新北市三重區重新路2段78號15樓,孟海山,499000,,115/04/27,所在地變更,F213080 機械器具零售業；F206030 模具零售業；F219010 電子材料零售業；F204010 布疋零售業；F209010 書籍、文具零售業；F401010 國際貿易業；F301030 一般百貨業；F201020 畜產品零售業；F203010 食品什貨、飲料零售業；F102170 食品什貨批發業；F101040 家畜家禽批發業；C101010 屠宰業,新北市,變更,11504
17817484,宏緯裝潢企業社,新北市五股區成泰路3段321號之1 3樓,邱瑞吾,200000,,115/04/30,轉讓登記,E801010 室內裝潢業；E801020 門窗安裝工程業；E801030 室內輕鋼架工程業；E801040 玻璃安裝工程業；E801070 廚具、衛浴設備安裝工程業；E901010 油漆工程業,新北市,變更,11504
18072737,嘉誠企業社,新北市板橋區華江一路111號15樓之1,謝寶瑩,200000,,115/04/29,所在地變更,F104110 布疋、衣著、鞋、帽、傘、服飾品批發業；F105050 家具、寢具、廚房器具、裝設品批發業；F108040 化粧品批發業；F107030 清潔用品批發業；F102170 食品什貨批發業,新北市,變更,11504
18267584,三綱羊肉小吃店,新北市淡水區民生路16巷30號（1樓）,彭景穗,100000,,115/04/09,負責人改名,F501060 餐館業；F203010 食品什貨、飲料零售業,新北市,變更,11504
18457579,和悠中藥房,新北市土城區水源街4號(1樓),龔宣慈,30000,,115/04/09,名稱變更,F208011 中藥零售業,新北市,變更,11504
18466351,駿宏車行,新北市板橋區松江街21號,陳世昌,200000,,115/04/22,所在地變更,F214030 汽、機車零件配備零售業；F214050 車胎零售業；J101990 其他環境衛生及污染防治服務業,新北市,變更,11504
19442343,名聯汽車保養所,新北市汐止區大同路１段２９４號,劉政宏,450000,,115/04/01,出資額變更,JA01010 汽車修理業（汽車之清潔保養潤滑檢查調整校正等保養所業務）,新北市,變更,11504
20275456,采楓快速沖印店,新北市深坑區北深路２段７８號（１樓）,王雪梅,200000,,115/04/07,轉讓登記,F116010 照相器材批發業；F216010 照相器材零售業；JZ99030 攝影業,新北市,變更,11504
21526902,聯盛工程行,新北市三重區六張街２５５巷６號２樓（現場僅供辦公室使用）,林子欽,100000,,115/04/27,出資額變更,E599010 配管工程業；E601010 電器承裝業；E601020 電器安裝業,新北市,變更,11504
21598932,妮豪鮮魚館,新北市汐止區原興路81號2樓115年04月,陳坤養,200000,,115/04/01,復業,G202010 停車場經營業；JZ99990 未分類其他服務業；H701050 投資興建公共建設業；F201030 水產品零售業,新北市,變更,11504
25503423,肆藝商行,新北市新店區中央路153號23樓之3,陳伯銘,200000,,115/04/01,轉讓登記,F399990 其他綜合零售業；I401010 一般廣告服務業；I103060 管理顧問業；I199990 其他顧問服務業；I105010 藝術品諮詢顧問業；F399040 無店面零售業；F401010 國際貿易業；F105050 家具、寢具、廚房器具、裝設品批發業；F108040 化粧品批發業；F109070 文教、樂器、育樂用品批發業；F110010 鐘錶批發業；F110020 眼鏡批發業；F104110 布疋、衣著、鞋、帽、傘、服飾品批發業；F102050 茶葉批發業；F102170 食品什貨批發業；F102180 酒精批發業；F102030 菸酒批發業；F101130 蔬果批發業；F601010 智慧財產權業；F501030 飲料店業；F501060 餐館業；ZZ99999 除許可業務外，得經營法令非禁止或限制之業務,新北市,變更,11504
25662370,銓威水電冷氣工程行,新北市新店區永業路33巷5號(1樓) 115年04月,陳韋銓,200000,,115/04/10,所在地變更,F113020 電器批發業；E801070 廚具、衛浴設備安裝工程業；E601020 電器安裝業；E801010 室內裝潢業；E601010 電器承裝業；E901010 油漆工程業；E599010 配管工程業；F106040 水器材料批發業；F106010 五金批發業；F105050 家具、寢具、廚房器具、裝設品批發業；JA02010 電器及電子產品修理業；E603130 燃氣熱水器承裝業；ZZ99999 除許可業務外，得經營法令非禁止或限制之業務,新北市,變更,11504
25665475,好宸意工作室,新北市淡水區新市三路1段116號23樓,李懿宸,200000,,115/04/27,名稱變更,F109070 文教、樂器、育樂用品批發業；F113050 電腦及事務性機器設備批發業；F119010 電子材料批發業；F106020 日常用品批發業；F118010 資訊軟體批發業；F108040 化粧品批發業；F106010 五金批發業；F110010 鐘錶批發業；F104110 布疋、衣著、鞋、帽、傘、服飾品批發業；F401010 國際貿易業；I501010 產品設計業；I301010 資訊軟體服務業；I301020 資料處理服務業；I301030 電子資訊供應服務業；I401010 一般廣告服務業；ZZ99999 除許可業務外，得經營法令非禁止或限制之業務；J602010 演藝活動業；J503020 電視節目製作業；J601010 藝文服務業；F399040 無店面零售業,新北市,變更,11504
26110376,蔡文川企業社,新北市新莊區福壽街124巷41弄8號,葉啓民,200000,,115/04/09,繼承登記,H701010 住宅及大樓開發租售業,新北市,變更,11504
26194446,邱家涼麵,新北市中和區景新街467巷12號(1樓),曾書逸,50000,,115/04/10,轉讓登記,F501060 餐館業,新北市,變更,11504
26195276,綺美髮廊,新北市三重區正義北路15之1號,黃秀梅,16800,,115/04/13,轉讓登記,JZ99080 美容美髮服務業,新北市,變更,11504
26525425,泰好麥餐館,新北市泰山區美寧街78號2樓,張淑芳,1445000,,115/04/07,出資額變更,F501060 餐館業；F501990 其他餐飲業,新北市,變更,11504
26532474,啜癮咖啡烘培工作室,新北市中和區圓通路369巷53之1號5樓,洪玉昇,50000,,115/04/23,所在地變更,F399040 無店面零售業；F203010 食品什貨、飲料零售業；F501030 飲料店業,新北市,變更,11504
26539700,賣思空間好設計工作室,新北市永和區民權路49巷39號3樓,蔡亦驊,1000000,,115/04/28,增資變更,I503010 景觀、室內設計業；ZZ99999 除許可業務外，得經營法令非禁止或限制之業務,新北市,變更,11504
26540832,弦鑫車業行,新北市板橋區翠華街4巷1號,李姿瑩,200000,,115/04/23,所營業務變更,JA02020 機車修理業；F214020 機車零售業；F214040 自行車及其零件零售業；J101990 其他環境衛生及污染防治服務業,新北市,變更,11504
26543628,汎莎工作室,新北市鶯歌區國慶街58號,雷麗英,50000,,115/04/27,更正,JZ99080 美容美髮服務業；F208040 化粧品零售業,新北市,變更,11504
26545870,珍饡便當店,新北市瑞芳區三爪子坑路95號,陳慧珊,200000,,115/04/23,轉讓登記,F501060 餐館業,新北市,變更,11504
26548433,布歐那麵店,新北市淡水區北新路184巷206號115年04月,呂宜蓉,100000,,115/04/21,所在地變更,F501060 餐館業,新北市,變更,11504
26551627,藝玟美容美體生活館,新北市板橋區篤行路2段11號1樓,郭鏵琍,200000,,115/04/17,負責人改名,F208040 化粧品零售業；F213010 電器零售業；F102170 食品什貨批發業；F203010 食品什貨、飲料零售業；F206020 日常用品零售業；F299990 其他零售業；ZZ99999 除許可業務外，得經營法令非禁止或限制之業務,新北市,變更,11504
26729574,福農食品企業社,新北市板橋區縣民大道2段100號8樓,王紹宇,2000000,,115/04/13,所營業務變更,F101130 蔬果批發業；F101050 水產品批發業；F102170 食品什貨批發業；ZZ99999 除許可業務外，得經營法令非禁止或限制之業務；A101020 農作物栽培業；A102020 農產品整理業；A102050 作物栽培服務業；F201010 農產品零售業,新北市,變更,11504
26736765,稻鄉小吃店,新北市板橋區文化路1段188巷5弄15號,黃淑琴,50000,,115/04/16,轉讓登記,F501060 餐館業；F501030 飲料店業,新北市,變更,11504
26743365,福華企業社,新北市永和區永和路2段405巷1號4樓,吳楷仁,200000,,115/04/09,所營業務變更,J101090 廢棄物清理業；J101030 廢棄物清除業；ZZ99999 除許可業務外，得經營法令非禁止或限制之業務；F106010 五金批發業；F206010 五金零售業；CA01070 廢車船解體及廢鋼鐵五金處理業,新北市,變更,11504
26746877,韓味石鍋拌飯,新北市板橋區三民路2段138巷1弄6號,陳妤虹,190000,,115/04/09,負責人改名,F501060 餐館業,新北市,變更,11504
27192396,意之選食品商行,新北市新店區復興路121號,廖明堅,200000,,115/04/13,外縣市遷入,F203010 食品什貨、飲料零售業；F401010 國際貿易業,新北市,變更,11504
29341935,宜冬工程行,新北市蘆洲區中山二路174號3樓,黃義盛,450000,,115/04/13,轉讓登記,E801010 室內裝潢業；EZ11010 球場跑道樹脂材料鋪設工程業,新北市,變更,11504
30131991,綜力工程行,新北市中和區中山路2段312巷33弄27號5樓,陳興文,800000,,115/04/27,所營業務變更,E599010 配管工程業；E601020 電器安裝業；E603040 消防安全設備安裝工程業；E603130 燃氣熱水器承裝業；E801010 室內裝潢業；I401010 一般廣告服務業；I401020 廣告傳單分送業；IZ12010 人力派遣業,新北市,變更,11504
30141891,嶸倡企業社,新北市三重區力行路２段７６巷１弄２號３樓（現場僅供辦公室使用）115年04月,柳秋燕,200000,,115/04/29,轉讓登記,E903010 防蝕、防銹工程業；E599010 配管工程業；F106010 五金批發業；F120010 耐火材料批發業,新北市,變更,11504
30152411,瑞富水電冷氣行,新北市林口區粉寮路1段47號115年04月,高頌鑫,200000,,115/04/01,復業,F205040 家具、寢具、廚房器具、裝設品零售業；F206040 水器材料零售業；F213010 電器零售業；JA02010 電器及電子產品修理業；E603050 自動控制設備工程業；E603040 消防安全設備安裝工程業；E801070 廚具、衛浴設備安裝工程業；E599010 配管工程業；E601020 電器安裝業；E605010 電腦設備安裝業；E601010 電器承裝業；E603010 電纜安裝工程業；E603080 交通號誌安裝工程業；E603090 照明設備安裝工程業；E604010 機械安裝業；E801020 門窗安裝工程業；E801040 玻璃安裝工程業；E903010 防蝕、防銹工程業；EZ02010 起重工程業；EZ05010 儀器、儀表安裝工程業；EZ06010 交通標示工程業；EZ07010 鑽孔工程業；EZ09010 靜電防護及消除工程業；EZ14010 運動場地用設備工程業；EZ15010 保溫、保冷安裝工程業；EZ99990 其他工程業；F106010 五金批發業；F106030 模具批發業；F106050 陶瓷玻璃器皿批發業；F111090 建材批發業；F113010 機械批發業；F206010 五金零售業；F206030 模具零售業；F213080 機械器具零售業；ZZ99999 除許可業務外，得經營法令非禁止或限制之業務；E603100 電焊工程業；EZ13010 核子工程業；E401010 疏濬業；E402010 沙石、淤泥海拋業；E607010 太陽熱能設備安裝工程業；E701010 電信工程業；E701020 衛星電視ＫＵ頻道、Ｃ頻道器材安裝業；E701030 電信管制射頻器材裝設工程業；E701040 簡易電信設備安裝業；E801030 室內輕鋼架工程業；EZ11010 球場跑道樹脂材料鋪設工程業,新北市,變更,11504
30168960,原州設計裝潢工程行,新北市三重區下竹圍街８９號４樓,陳子逸,200000,,115/04/08,名稱變更,E801010 室內裝潢業；E801030 室內輕鋼架工程業；E801070 廚具、衛浴設備安裝工程業；E901010 油漆工程業；I503010 景觀設計業；E801040 玻璃安裝工程業；E801020 門窗安裝工程業；E599010 配管工程業；E903010 防蝕、防銹工程業；F111090 建材批發業,新北市,變更,11504
30182251,富銘機車行,新北市土城區青雲路451巷1號(1樓),張呈輝,100000,,115/04/27,所在地變更,F214020 機車零售業（中古車除外）；F214030 汽、機車零件配備零售業,新北市,變更,11504
30254108,麗緻工程行,新北市萬里區瑪鋉路248號,杜鎮川,50000,,115/04/21,名稱變更,E801010 室內裝潢業；ZZ99999 除許可業務外，得經營法令非禁止或限制之業務,新北市,變更,11504
30276948,兆晟影印行,新北市新店區中興路3段217號,周傳皓,100000,,115/04/30,轉讓登記,IZ01010 影印業；C701010 印刷業；C703010 印刷品裝訂及加工業；F209060 文教、樂器、育樂用品零售業；ZZ99999 除許可業務外，得經營法令非禁止或限制之業務,新北市,變更,11504
30294615,富榮企業社,新北市蘆洲區民族路408巷8弄4號3樓,許晉烽,200000,,115/04/23,轉讓登記,IZ99990 其他工商服務業；IZ12010 人力派遣業；IZ06010 理貨包裝業；I103060 管理顧問業；F214030 汽、機車零件配備零售業；F214040 自行車及其零件零售業；F401010 國際貿易業；ZZ99999 除許可業務外，得經營法令非禁止或限制之業務,新北市,變更,11504
30310586,兆洋商行,新北市樹林區學林路214號6樓,周桂梅,200000,,115/04/30,所在地變更,F399010 便利商店業,新北市,變更,11504
31434712,雪之犬寵物美容店,新北市樹林區中華路153號(1樓),洪雪英,280000,,115/04/10,所營業務變更,A401031 特定寵物服務業；F206050 寵物食品及其用品零售業；JZ99180 寵物美容服務業,新北市,變更,11504
31470765,晶彩數位相本行,新北市三重區重新路4段41巷5弄4號(1樓),尤昱崴,50000,,115/04/13,所在地變更,JZ99090 喜慶綜合服務業；I501010 產品設計業；I599990 其他設計業,新北市,變更,11504
31555692,鮮豐小吃店,新北市鶯歌區大湖里大湖路393號(1樓),林妹云,200000,,115/04/11,所營業務變更,F501060 餐館業；F203010 食品什貨、飲料零售業；ZZ99999 除許可業務外，得經營法令非禁止或限制之業務,新北市,變更,11504
31682640,洋洋管理顧問企業社,新北市新店區北宜路1段39巷2號3樓,林義盛,200000,,115/04/24,負責人住居所變更,JZ99050 仲介服務業,新北市,變更,11504
31690228,喫茶享樂飲料店,新北市蘆洲區復興路58號115年04月,蔡榮軒,100000,,115/04/27,轉讓登記,F203010 食品什貨、飲料零售業；F501030 飲料店業；F501990 其他餐飲業,新北市,變更,11504
31692078,穎懋實業社,新北市樹林區佳園路1段41巷38之3號(1樓),張雅玲,200000,,115/04/30,所營業務變更,F106010 五金批發業；F106030 模具批發業；F107190 塑膠膜、袋批發業；F113050 電腦及事務性機器設備批發業；F113110 電池批發業；F119010 電子材料批發業；F401010 國際貿易業；F213030 電腦及事務性機器設備零售業；F299990 其他零售業；IZ99990 其他工商服務業；I199990 其他顧問服務業；C805990 其他塑膠製品製造業；F399040 無店面零售業；J503030 廣播電視節目發行業（原:J503031廣播電視節目發行業）；J503040 廣播電視廣告業（原:J503041廣播電視廣告業）；J503050 錄影節目帶業（原:J503051錄影節目帶業）；I401010 一般廣告服務業；I301010 資訊軟體服務業；I501010 產品設計業；H703100 不動產租賃業；ZZ99999 除許可業務外，得經營法令非禁止或限制之業務；I301030 電子資訊供應服務業,新北市,變更,11504
31694553,汐科企業社,新北市汐止區鄉長路1段55巷13號4樓,游永宏,50000,,115/04/14,轉讓登記,F399040 無店面零售業；F218010 資訊軟體零售業；ZZ99999 除許可業務外，得經營法令非禁止或限制之業務,新北市,變更,11504
31705123,家禾傢俱行,新北市中和區中正路866之9號(1樓),傅崇萬,240000,,115/04/08,所在地變更,F205040 家具、寢具、廚房器具、裝設品零售業；ZZ99999 除許可業務外，得經營法令非禁止或限制之業務,新北市,變更,11504
31715207,全興專業汽機車美容,新北市蘆洲區中央路32巷12號,陳致豪,120000,,115/04/22,所營業務變更,JA01990 其他汽車服務業；JZ99990 未分類其他服務業；F207030 清潔用品零售業；F209060 文教、樂器、育樂用品零售業；F214030 汽、機車零件配備零售業；F214010 汽車零售業；ZZ99999 除許可業務外，得經營法令非禁止或限制之業務,新北市,變更,11504
31718598,阿霖瑪農產行,新北市三重區重新路4段84號5樓115年04月,吳俊松,240000,,115/04/21,繼承登記,F101100 花卉批發業；F101130 蔬果批發業；F201010 農產品零售業；F201070 花卉零售業；A102080 園藝服務業；ZZ99999 除許可業務外，得經營法令非禁止或限制之業務,新北市,變更,11504
31718751,泗錩企業社,新北市八里區中山路1段370號4樓,張世昌,1200000,,115/04/27,名稱變更,F102030 菸酒批發業；F102040 飲料批發業；F102170 食品什貨批發業；E604010 機械安裝業；F203010 食品什貨、飲料零售業；F203020 菸酒零售業；F206020 日常用品零售業；F213080 機械器具零售業；JA01010 汽車修理業；F105050 家具、寢具、廚房器具、裝設品批發業；F119010 電子材料批發業；F115020 礦石批發業；ZZ99999 除許可業務外，得經營法令非禁止或限制之業務；E801010 室內裝潢業；E599010 配管工程業；E603090 照明設備安裝工程業；E603100 電焊工程業；EZ02010 起重工程業；E903010 防蝕、防銹工程業；E901010 油漆工程業；EZ07010 鑽孔工程業；EZ99990 其他工程業；JA01990 其他汽車服務業；JE01010 租賃業；JA02990 其他修理業,新北市,變更,11504
31722050,十一號小吃店,新北市三重區長元街98巷10之5號(1樓),王慶璇,100000,,115/04/29,轉讓登記,F501030 飲料店業；F501060 餐館業,新北市,變更,11504
33062786,永財號,新北市中和區安樂市場內１０號,林尚達,10000,,115/04/27,其他,F201020 畜產品零售業,新北市,變更,11504
33836699,東林百貨行,新北市坪林區水柳腳68號（1樓）,陳宗禮,25000,,115/04/08,轉讓登記,F204110 布疋、衣著、鞋、帽、傘、服飾品零售業；F206020 日常用品零售業；F207030 清潔用品零售業；F399990 其他綜合零售業；JZ99990 未分類其他服務業；F208040 化粧品零售業；F201010 農產品零售業；F299990 其他零售業,新北市,變更,11504
33958279,駿成工業社,新北市永和區永利路25號（1樓）115年04月,謝建臺,1000000,,115/04/20,其他,CD01030 汽車及其零件製造業；CD01040 機車及其零件製造業；CD01050 自行車及其零件製造業；CD01990 其他運輸工具及其零件製造業；CH01010 體育用品製造業；F113990 其他機械器具批發業；F114030 汽、機車零件配備批發業；F114990 其他交通運輸工具及其零件批發業；ZZ99999 除許可業務外，得經營法令非禁止或限制之業務,新北市,變更,11504
34010105,勝閎當舖,新北市三重區中正北路174之8號(1樓),陳進益,1500000,,115/04/15,所在地變更,H203011 當舖業,新北市,變更,11504
34127999,萬光機車行,新北市板橋區漢生西路６０號１樓,李村河,40000,,115/04/09,其他,F214020 機車零售業；F214030 汽、機車零件配備零售業；F213110 電池零售業；F214050 車胎零售業；F401010 國際貿易業；J101990 其他環境衛生及污染防治服務業；JA02020 機車修理業；IZ99990 其他工商服務業；ZZ99999 除許可業務外，得經營法令非禁止或限制之業務,新北市,變更,11504
34129687,德糧行,新北市板橋區懷仁街73號,宋睿洋,35000,,115/04/16,負責人改名,F101010 米糧批發業；F102020 食用油批發業；F102990 其他食品批發業；F201010 農產品零售業；F203010 食品、飲料零售業,新北市,變更,11504
34451952,易昌木材行,新北市板橋區四川路２段１２４號,許進泰,40000,,115/04/17,繼承登記,F111010 木材批發業；F211010 建材零售業,新北市,變更,11504
34552993,華盈銀樓,新北市板橋區雙十路3段31號1樓,邱子航,300000,,115/04/27,其他,CG01010 珠寶及貴金屬製品製造業,新北市,變更,11504
34567953,彥慶商行,新北市板橋區僑中一街102巷7弄20號(1樓),李繍蘭,80000,,115/04/27,繼承登記,F201010 農產品零售業；F206020 家庭日常用品零售業；F213010 電器零售業；F301030 一般百貨業,新北市,變更,11504
34572689,延民商行,新北市板橋區南雅南路1段7巷19號(1樓) 115年04月,陳紫玲,20000,,115/04/22,所營業務變更,F203010 食品什貨、飲料零售業；F203020 菸酒零售業；F206020 日常用品零售業；F209060 文教、樂器、育樂用品零售業；F399010 便利商店業；F399040 無店面零售業；F208040 化粧品零售業；F399990 其他綜合零售業；F204110 布疋、衣著、鞋、帽、傘、服飾品零售業；JZ99080 美容美髮服務業；I103060 管理顧問業；ZZ99999 除許可業務外，得經營法令非禁止或限制之業務,新北市,變更,11504
34758550,金和電機工程行,新北市中和區市民街51巷6號,楊秀珍,200000,,115/04/21,所在地變更,F106010 五金批發業；F106040 水器材料批發業；F111090 建材批發業；F206010 五金零售業；F206040 水器材料零售業；F211010 建材零售業；E801010 室內裝潢業；E801070 廚具、衛浴設備安裝工程業；E599010 配管工程業；E601010 電器承裝業；E603050 自動控制設備工程業；E603090 照明設備安裝工程業；E604010 機械安裝業；F113010 機械批發業；F213080 機械器具零售業；ZZ99999 除許可業務外，得經營法令非禁止或限制之業務,新北市,變更,11504
34777521,隆順五金行,新北市樹林區佳園路3段221號(1樓),林佳楷,50000,,115/04/10,所營業務變更,F206010 五金零售業；F206020 日常用品零售業；F211010 建材零售業；ZZ99999 除許可業務外，得經營法令非禁止或限制之業務；F208031 醫療器材零售業；F208050 乙類成藥零售業,新北市,變更,11504
35915867,允泰水果行,新北市三重區中正北路１１１號１樓,林婕甯,30000,,115/04/13,負責人改名,F101130 蔬果批發業（不得經營批發市場）,新北市,變更,11504
36007745,錦利水果行,新北市三重區中正北路１１１號１樓,鄭宇哲,30000,,115/04/24,轉讓登記,F101130 蔬果批發業；F201010 農產品零售業,新北市,變更,11504
36280461,崇偉精機廠,新北市五股區四維路30巷34弄4號(1樓),林盈米,600000,,115/04/30,更正,CA02030 螺絲、螺帽、螺絲釘、及鉚釘等製品製造；CA02990 其他金屬製品製造業；CD01030 汽車及其零件製造業；CD01040 機車及其零件製造業,新北市,變更,11504
37831415,耀青商行,新北市新莊區龍安路288號之1,吳奇陽,100000,,115/04/10,轉讓登記,F209060 文教、樂器、育樂用品零售業,新北市,變更,11504
37872421,晨禾企業社,新北市中和區保健路76巷5號5樓115年04月,羅卓尹宏,20000,,115/04/16,所營業務變更,JA02010 電器及電子產品修理業；F208031 醫療器材零售業,新北市,變更,11504
37877571,豆品香企業社,新北市三重區中興北街235號,羅鄭寶瑜,222888,,115/04/14,所營業務變更,C199040 豆類加工食品製造業；C199990 未分類其他食品製造業；F102170 食品什貨批發業；ZZ99999 除許可業務外，得經營法令非禁止或限制之業務；F102040 飲料批發業；F203010 食品什貨、飲料零售業；C103050 罐頭、冷凍、脫水及醃漬食品製造業；C104020 烘焙炊蒸食品製造業；C109010 調味品製造業；C110010 飲料製造業；C199020 食用冰製造業；C199030 即食餐食製造業；F401010 國際貿易業；F399040 無店面零售業,新北市,變更,11504
37881792,平安汽車商行,新北市土城區福安街55巷3弄14號,蕭任平,200000,,115/04/15,外縣市遷入,F214010 汽車零售業；F214030 汽、機車零件配備零售業；JZ99050 仲介服務業；ZZ99999 除許可業務外，得經營法令非禁止或限制之業務,新北市,變更,11504
37893973,友祥通訊行,新北市板橋區重慶路60之1號3樓115年04月,林武宜,200000,,115/04/15,所營業務變更,IE01010 電信業務門號代辦業；F213030 電腦及事務性機器設備零售業；F213060 電信器材零售業；F213110 電池零售業；F218010 資訊軟體零售業；F219010 電子材料零售業；ZZ99999 除許可業務外，得經營法令非禁止或限制之業務；F204110 布疋、衣著、鞋、帽、傘、服飾品零售業；F206010 五金零售業；F206020 日常用品零售業；F206050 寵物食品及其用品零售業；F207030 清潔用品零售業；F208040 化粧品零售業；F209060 文教、樂器、育樂用品零售業；F213010 電器零售業；F213040 精密儀器零售業；F213050 度量衡器零售業；F399040 無店面零售業；JA02010 電器及電子產品修理業,新北市,變更,11504
37898941,鈜碁冷凍水產企業社,新北市中和區中山路2段365巷2弄3號,陳永志,4000000,,115/04/09,所在地變更,F101050 水產品批發業；F101990 其他農、畜、水產品批發業；F102170 食品什貨批發業；F201010 農產品零售業；F201020 畜產品零售業；F201030 水產品零售業；F201990 其他農畜水產品零售業；F203010 食品什貨、飲料零售業；F401010 國際貿易業；ZZ99999 除許可業務外，得經營法令非禁止或限制之業務,新北市,變更,11504
37906864,日威皮飾精品店,新北市鶯歌區重慶街１１８號,蘇詠婷,200000,,115/04/14,轉讓登記,F204110 布疋、衣著、鞋、帽、傘、服飾品零售業；ZZ99999 除許可業務外，得經營法令非禁止或限制之業務,新北市,變更,11504
38464697,龍鼎企業社,新北市汐止區弘道街53巷3號（1樓）,郭金燦,200000,,115/04/14,所營業務變更,F102050 茶葉批發業；F102170 食品什貨批發業；F203010 食品什貨、飲料零售業；F106020 日常用品批發業；F206020 日常用品零售業；F107030 清潔用品批發業；F115020 礦石批發業；F215020 礦石零售業；F201010 農產品零售業；F101990 其他農、畜、水產品批發業；F208040 化粧品零售業；F108040 化粧品批發業；F118010 資訊軟體批發業；F206050 寵物食品及其用品零售業；F399040 無店面零售業；F401010 國際貿易業,新北市,變更,11504
38569411,炎慶工程行,新北市五股區五福路27號2樓115年04月,郭又榛,240000,,115/04/17,轉讓登記,E599010 配管工程業；E601010 電器承裝業；E601020 電器安裝業；E603010 電纜安裝工程業；E603100 電焊工程業；E801010 室內裝潢業；E801030 室內輕鋼架工程業；E901010 油漆工程業；E903010 防蝕、防銹工程業；EZ15010 保溫、保冷安裝工程業；F106010 五金批發業；F111090 建材批發業；F206010 五金零售業；F211010 建材零售業；F401010 國際貿易業；I503010 景觀、室內設計業；J101010 建築物清潔服務業；ZZ99999 除許可業務外，得經營法令非禁止或限制之業務,新北市,變更,11504
39606596,吉合堂餅店,新北市汐止區中興路２７０號１樓,宋哲毅,18000,,115/04/01,所在地門牌整改編,F102990 其他食品批發業；F203010 食品、飲料零售業,新北市,變更,11504
41061536,向禾車業行,新北市板橋區板新路148號,黃向汯,120000,,115/04/17,名稱變更,F214030 汽、機車零件配備零售業；JA02020 機車修理業,新北市,變更,11504
41065786,正達商行,新北市中和區連城路319巷8號,張乃中,200000,,115/04/15,轉讓登記,F201010 農產品零售業；F203010 食品什貨、飲料零售業；F206020 日常用品零售業,新北市,變更,11504
41068094,星蝶花坊,新北市板橋區江寧路3段53號,葉鈴燕,10000,,115/04/17,所營業務變更,F201070 花卉零售業；F399040 無店面零售業；ZZ99999 除許可業務外，得經營法令非禁止或限制之業務,新北市,變更,11504
41083503,河易企業社,新北市新莊區幸福路521號3樓115年04月,佟美蓮,200000,,115/04/28,所在地變更,CA02030 螺絲、螺帽、螺絲釘、及鉚釘等製品製造業；CA02090 金屬線製品製造業；CA02990 其他金屬製品製造業；CA04010 表面處理業；CP01010 手工具製造業；CQ01010 模具製造業；F106010 五金批發業；F106030 模具批發業；F206010 五金零售業；F206030 模具零售業；F401010 國際貿易業；I501010 產品設計業；ZZ99999 除許可業務外，得經營法令非禁止或限制之業務,新北市,變更,11504
41088866,曾家賢房屋修繕工程行,新北市三峽區溪東路483號,曾家賢,1240000,,115/04/07,增資變更,E801010 室內裝潢業；E801020 門窗安裝工程業；E801030 室內輕鋼架工程業；E801040 玻璃安裝工程業；E801070 廚具、衛浴設備安裝工程業；E901010 油漆工程業；E903010 防蝕、防銹工程業；E601010 電器承裝業；E601020 電器安裝業；E603010 電纜安裝工程業；E603020 電梯安裝工程業；E603040 消防安全設備安裝工程業；E502010 燃料導管安裝工程業；E603050 自動控制設備工程業；E603080 交通號誌安裝工程業；E603090 照明設備安裝工程業；E603100 電焊工程業；E603110 冷作工程業；E603120 噴砂工程業；E603130 燃氣熱水器承裝業；E604010 機械安裝業；E605010 電腦設備安裝業；E701020 衛星電視ＫＵ頻道、Ｃ頻道器材安裝業；E701030 電信管制射頻器材裝設工程業；E701040 簡易電信設備安裝業；E599010 配管工程業；EZ02010 起重工程業；EZ11010 球場跑道樹脂材料鋪設工程業；EZ14010 運動場地用設備工程業；EZ15010 保溫、保冷安裝工程業；EZ99990 其他工程業,新北市,變更,11504
41098999,宏得緯實業社,新北市蘆洲區集賢路２２４巷４３號（１樓）,賴宛辰,240000,,115/04/02,名稱變更,JA03010 洗衣業；F207030 清潔用品零售業,新北市,變更,11504
41362239,鮮晟國際企業社,新北市三重區重陽路3段5巷20號(2樓) 115年04月,陳柏均,200000,,115/04/29,所在地變更,F101040 家畜家禽批發業；F101050 水產品批發業；F101990 其他農、畜、水產品批發業；F102170 食品什貨批發業；F201020 畜產品零售業；F201030 水產品零售業；F201010 農產品零售業；F201990 其他農畜水產品零售業；F203010 食品什貨、飲料零售業；F221010 食品添加物零售業；F399040 無店面零售業；F399990 其他綜合零售業；ZZ99999 除許可業務外，得經營法令非禁止或限制之業務,新北市,變更,11504
41364623,寶坤企業社,新北市中和區復興路73號7樓之３,吳沛縈,200000,,115/04/09,所在地變更,F206020 日常用品零售業；F207030 清潔用品零售業；F208040 化粧品零售業；I103060 管理顧問業；ZZ99999 除許可業務外，得經營法令非禁止或限制之業務,新北市,變更,11504
41367993,允元企業社,新北市新店區安興路109號5樓之6,施奕辰,666666,,115/04/07,其他,F114030 汽、機車零件配備批發業；F114010 汽車批發業；F113020 電器批發業；F118010 資訊軟體批發業；F119010 電子材料批發業；F214010 汽車零售業；F214020 機車零售業；F214030 汽、機車零件配備零售業；F213010 電器零售業；F213030 電腦及事務性機器設備零售業；F214990 其他交通運輸工具及其零件零售業；F218010 資訊軟體零售業；F219010 電子材料零售業；F399040 無店面零售業；F401010 國際貿易業；ZZ99999 除許可業務外，得經營法令非禁止或限制之業務；F102040 飲料批發業；F102170 食品什貨批發業；F104110 布疋、衣著、鞋、帽、傘、服飾品批發業；F106020 日常用品批發業,新北市,變更,11504
41371510,明德蔬果行,新北市土城區延吉街162號4樓,劉明德,30000,,115/04/20,轉讓登記,F201010 農產品零售業,新北市,變更,11504
41378582,興富印刷實業社,新北市中和區中板路15巷7號2樓,詹佳峻,200000,,115/04/30,所在地變更,C701010 印刷業；C702010 製版業；C703010 印刷品裝訂及加工業；F109070 文教、樂器、育樂用品批發業；F113050 電腦及事務性機器設備批發業；F209060 文教、樂器、育樂用品零售業；F399040 無店面零售業；F401010 國際貿易業；ZZ99999 除許可業務外，得經營法令非禁止或限制之業務,新北市,變更,11504
41393900,盛杰眼鏡企業社,新北市三重區正義北路310之2號(1樓),許珮慈,2000000,,115/04/13,所營業務變更,F210020 眼鏡零售業；ZZ99999 除許可業務外，得經營法令非禁止或限制之業務,新北市,變更,11504
41401943,尚富企業社,新北市新莊區後港一路203號(1樓) 115年04月,黃瑋琤,200000,,115/04/20,所營業務變更,JA02010 電器及電子產品修理業；F113070 電信器材批發業；F213060 電信器材零售業；F213110 電池零售業；F219010 電子材料零售業；IE01010 電信業務門號代辦業,新北市,變更,11504
41402078,源益起重工程行,新北市泰山區明志路1段499號3樓,蕭樺謙,200000,,115/04/14,轉讓登記,EZ02010 起重工程業；F113990 其他機械器具批發業；F114990 其他交通運輸工具及其零件批發業；F213990 其他機械器具零售業；F214990 其他交通運輸工具及其零件零售業；JE01010 租賃業；ZZ99999 除許可業務外，得經營法令非禁止或限制之業務,新北市,變更,11504
41405069,珮珮企業社,新北市汐止區長江街101之5號3樓,朱芮均,200000,,115/04/28,負責人住居所變更,F203010 食品什貨、飲料零售業；F204110 布疋、衣著、鞋、帽、傘、服飾品零售業；F208040 化粧品零售業；F399040 無店面零售業；F399990 其他綜合零售業；F401010 國際貿易業；F501060 餐館業；JZ99080 美容美髮服務業；JZ99990 未分類其他服務業；E601010 電器承裝業；C306010 成衣業；ZZ99999 除許可業務外，得經營法令非禁止或限制之業務,新北市,變更,11504
41405954,驚嘆咖啡館,新北市三重區慈愛街9號,周少坤,100000,,115/04/28,轉讓登記,F501030 飲料店業,新北市,變更,11504
41411196,曜雅行,新北市板橋區板新路107號8樓之1 115年04月,楊婷雅,200000,,115/04/24,所營業務變更,F204110 布疋、衣著、鞋、帽、傘、服飾品零售業；F399040 無店面零售業；ZZ99999 除許可業務外，得經營法令非禁止或限制之業務；F104110 布疋、衣著、鞋、帽、傘、服飾品批發業；H703100 不動產租賃業；JE01010 租賃業；F205040 家具、寢具、廚房器具、裝設品零售業；F105050 家具、寢具、廚房器具、裝設品批發業；F206020 日常用品零售業；F215010 首飾及貴金屬零售業,新北市,變更,11504
42194345,順川工程行,新北市三峽區國光街107號,黃雪梅,200000,,115/04/27,所在地變更,CC01010 發電﹑輸電﹑配電機械製造業；E601010 電器承裝業；E601020 電器安裝業；E603010 電纜安裝工程業；E603020 電梯安裝工程業；E603040 消防安全設備安裝工程業；E801070 廚具、衛浴設備安裝工程業；E603050 自動控制設備工程業；E603090 照明設備安裝工程業；F401010 國際貿易業；IF01010 消防安全設備檢修業；E502010 燃料導管安裝工程業；E599010 配管工程業；E801010 室內裝潢業；ZZ99999 除許可業務外，得經營法令非禁止或限制之業務,新北市,變更,11504
42229148,小健先生飾品工作室,新北市中和區圓通路417之39號4樓,許雅琳,240000,,115/04/20,轉讓登記,F399040 無店面零售業；F215010 首飾及貴金屬零售業；F204110 布疋、衣著、鞋、帽、傘、服飾品零售業；ZZ99999 除許可業務外，得經營法令非禁止或限制之業務,新北市,變更,11504
42230855,盛鼎發企業社,新北市汐止區秀峰路149號(1樓),鄭鳳玉,200000,,115/04/10,負責人變更,CN01010 家具及裝設品製造業；F107010 漆料、塗料批發業；F107030 清潔用品批發業；F107990 其他化學製品批發業；F207010 漆料、塗料零售業；F207030 清潔用品零售業；F207990 其他化學製品零售業；F401010 國際貿易業；ZZ99999 除許可業務外，得經營法令非禁止或限制之業務,新北市,變更,11504
42232489,明澤企業社,新北市板橋區國慶路206號5樓之2 115年04月,陳嘉欽,2000000,,115/04/08,增資變更,E801020 門窗安裝工程業；E801040 玻璃安裝工程業；E801010 室內裝潢業；E801070 廚具、衛浴設備安裝工程業；E901010 油漆工程業；EZ99990 其他工程業；F106010 五金批發業；E601020 電器安裝業；ZZ99999 除許可業務外，得經營法令非禁止或限制之業務,新北市,變更,11504
42241038,承邦企業社,新北市林口區四維路245巷53號,許琦昇,1000000,,115/04/02,所營業務變更,CA02030 螺絲、螺帽、螺絲釘、及鉚釘等製品製造業；CA01100 鋁材軋延、伸線、擠型業；CA01130 銅材軋延、伸線、擠型業；CA02990 其他金屬製品製造業；F106010 五金批發業；F401010 國際貿易業；H703100 不動產租賃業；ZZ99999 除許可業務外，得經營法令非禁止或限制之業務,新北市,變更,11504
42248519,秋爽小吃店,新北市板橋區長江路1段218號,陳品婕,200000,,115/04/14,轉讓登記,F501060 餐館業,新北市,變更,11504
42252034,親親寵物商行,新北市泰山區坡雅路71號,劉靜芬,180000,,115/04/20,所營業務變更,JZ99180 寵物美容服務業；F206050 寵物食品及其用品零售業；JZ99990 未分類其他服務業；ZZ99999 除許可業務外，得經營法令非禁止或限制之業務,新北市,變更,11504
42252787,群唱茶坊,新北市新莊區中港路423號(1樓),王瑋翔,100000,,115/04/01,名稱變更,F501030 飲料店業,新北市,變更,11504
42253575,囍金咖啡館,新北市瑞芳區明燈路3段65號(1樓),謝昆霖,100000,,115/04/13,合夥人變更,F203010 食品什貨、飲料零售業,新北市,變更,11504
42256215,星願企業社,新北市三峽區國際一街27之1號(1樓),黃涵筠,60000,,115/04/13,所在地變更,F203010 食品什貨、飲料零售業；F204110 布疋、衣著、鞋、帽、傘、服飾品零售業；F209060 文教、樂器、育樂用品零售業；F206020 日常用品零售業；F299990 其他零售業；F399040 無店面零售業；ZZ99999 除許可業務外，得經營法令非禁止或限制之業務,新北市,變更,11504
42256340,千翔設計商行,新北市三重區五華街104巷11號,張筠婷,50000,,115/04/20,所在地變更,I401010 一般廣告服務業；JZ99160 刻印業；JZ99170 鎖匙業；ZZ99999 除許可業務外，得經營法令非禁止或限制之業務,新北市,變更,11504
42257501,荳點玩味工坊,新北市新店區中央一街20之3號10樓,李蘭英,50000,,115/04/29,轉讓登記,F203010 食品什貨、飲料零售業；F215010 首飾及貴金屬零售業；F299990 其他零售業；F399040 無店面零售業；ZZ99999 除許可業務外，得經營法令非禁止或限制之業務,新北市,變更,11504
42441021,麗鈴食品商行,新北市中和區自強路35號,張麗玲,100000,,115/04/08,外縣市遷入,F203010 食品什貨、飲料零售業；ZZ99999 除許可業務外，得經營法令非禁止或限制之業務,新北市,變更,11504
42488030,芫菄鮮雞行,新北市中和區立業路83巷7號115年04月,邱稚婷,200000,,115/04/08,外縣市遷入,F101040 家畜家禽批發業；F201020 畜產品零售業；ZZ99999 除許可業務外，得經營法令非禁止或限制之業務,新北市,變更,11504
42559323,順笙企業社,新北市五股區凌雲路1段158巷39弄6號(1樓),許堯笙,1000300,,115/04/30,所在地變更,F113010 機械批發業；F213080 機械器具零售業；F114030 汽、機車零件配備批發業；E604010 機械安裝業；E605010 電腦設備安裝業；E801010 室內裝潢業；E801030 室內輕鋼架工程業；E601020 電器安裝業；E901010 油漆工程業；E903010 防蝕、防銹工程業；EZ02010 起重工程業；EZ05010 儀器、儀表安裝工程業；EZ07010 鑽孔工程業；JA02990 其他修理業；F401010 國際貿易業；E599010 配管工程業；E601010 電器承裝業；E603010 電纜安裝工程業；E603090 照明設備安裝工程業；F213010 電器零售業；ZZ99999 除許可業務外，得經營法令非禁止或限制之業務,新北市,變更,11504
47662395,川人整合設計工作室,新北市中和區立德街148巷40號4樓,林明賢,200000,,115/04/08,所在地變更,E801010 室內裝潢業；E801020 門窗安裝工程業；E801030 室內輕鋼架工程業；E801040 玻璃安裝工程業；E801070 廚具、衛浴設備安裝工程業；E901010 油漆工程業；F106010 五金批發業；F111090 建材批發業；A102080 園藝服務業；I301010 資訊軟體服務業；I301020 資料處理服務業；I301030 電子資訊供應服務業；I501010 產品設計業；I503010 景觀、室內設計業；I504010 花藝設計業；I599990 其他設計業；IZ99990 其他工商服務業；ZZ99999 除許可業務外，得經營法令非禁止或限制之業務,新北市,變更,11504
47664582,嘉婕國際商行,新北市板橋區中正路226號5樓,陳嘉欣,200000,,115/04/22,所在地變更,I401010 一般廣告服務業；F107030 清潔用品批發業；F108040 化粧品批發業；F109070 文教、樂器、育樂用品批發業；I199990 其他顧問服務業；F401010 國際貿易業；ZZ99999 除許可業務外，得經營法令非禁止或限制之業務,新北市,變更,11504
48831264,和禧素食坊,新北市淡水區民族路29巷3弄9號115年04月,林雅萍,200000,,115/04/21,外縣市遷入,F501060 餐館業；F501030 飲料店業,新北市,變更,11504
48890636,瀚祥沙發行,新北市汐止區汐平路2段63巷31號2樓,鄭佳銘,400000,,115/04/07,所在地變更,F205040 家具、寢具、廚房器具、裝設品零售業,新北市,變更,11504
49994005,富如行,新北市淡水區竹林路122之1號11樓,歐芳如,200000,,115/04/02,所在地變更,F109070 文教、樂器、育樂用品批發業；F118010 資訊軟體批發業；F209060 文教、樂器、育樂用品零售業；F218010 資訊軟體零售業,新北市,變更,11504
50652596,瑄葳精品舖,新北市淡水區民族路31巷27號,紀乃文,200000,,115/04/21,轉讓登記,F104110 布疋、衣著、鞋、帽、傘、服飾品批發業；F203010 食品什貨、飲料零售業；F203020 菸酒零售業；F204110 布疋、衣著、鞋、帽、傘、服飾品零售業；F205040 家具、寢具、廚房器具、裝設品零售業；F206020 日常用品零售業；F399040 無店面零售業；F399990 其他綜合零售業；ZZ99999 除許可業務外，得經營法令非禁止或限制之業務,新北市,變更,11504
50655003,宜恩企業社,新北市板橋區板新路103號6樓之1,林靜怡,200000,,115/04/10,所在地變更,I103060 管理顧問業；I199990 其他顧問服務業；I401010 一般廣告服務業；I501010 產品設計業；IZ15010 市場研究及民意調查業；IZ99990 其他工商服務業；F601010 智慧財產權業；ZZ99999 除許可業務外，得經營法令非禁止或限制之業務,新北市,變更,11504
50669533,湖前自助洗衣坊,新北市汐止區湖前街21號(1樓),黃俊富,200000,,115/04/29,轉讓登記,JA03010 洗衣業,新北市,變更,11504
50673396,青芳菓菜行,新北市板橋區板城路1000號,簡書元,30000,,115/04/15,轉讓登記,F101130 蔬果批發業,新北市,變更,11504
50674199,溢順行,新北市板橋區板城路1000號,郭依蕙,30000,,115/04/21,轉讓登記,F101130 蔬果批發業,新北市,變更,11504
50674418,新芳果菜行,新北市樹林區保安街2段2之9號11樓,呂寶琴,30000,,115/04/20,轉讓登記,F101130 蔬果批發業,新北市,變更,11504
50679862,沐爵烘焙坊,新北市永和區安樂路417號,張宗侑,16888,,115/04/01,轉讓登記,F203010 食品什貨、飲料零售業；F399040 無店面零售業；ZZ99999 除許可業務外，得經營法令非禁止或限制之業務,新北市,變更,11504
50682439,加悉工作室,新北市林口區八德路48巷19號(1樓) 115年04月,盧韋丞,20000,,115/04/07,名稱變更,F206050 寵物食品及其用品零售業；F202010 飼料零售業；F399040 無店面零售業,新北市,變更,11504
60007404,葳遠通訊行,新北市蘆洲區中原路14號,簡維晨,2500000,,115/04/24,增資變更,F113070 電信器材批發業；F113110 電池批發業；F119010 電子材料批發業；F209060 文教、樂器、育樂用品零售業；F213110 電池零售業；F216010 照相器材零售業；F218010 資訊軟體零售業；F219010 電子材料零售業；F213030 電腦及事務性機器設備零售業；F213060 電信器材零售業；F299990 其他零售業；F213010 電器零售業；F401010 國際貿易業；IZ99990 其他工商服務業；IE01010 電信業務門號代辦業；E701010 電信工程業；E605010 電腦設備安裝業,新北市,變更,11504
60007973,億聚娃娃屋,新北市新莊區中原東路30號(1樓),蔡文凱,80000,,115/04/02,轉讓登記,F209060 文教、樂器、育樂用品零售業,新北市,變更,11504
60009156,御夾園商行,新北市板橋區溪崑二街31號,詹明鳳,180000,,115/04/10,轉讓登記,F209060 文教、樂器、育樂用品零售業,新北市,變更,11504
60011998,兆廣企業社,新北市板橋區三民路2段81巷13號4樓,羅世翔,200000,,115/04/01,所在地變更,F107010 漆料、塗料批發業；F113070 電信器材批發業；F118010 資訊軟體批發業；F119010 電子材料批發業；I301010 資訊軟體服務業；I301020 資料處理服務業；I301030 電子資訊供應服務業；E599010 配管工程業；E701010 電信工程業；E701020 衛星電視ＫＵ頻道、Ｃ頻道器材安裝業；E701030 電信管制射頻器材裝設工程業；E901010 油漆工程業；EZ06010 交通標示工程業；ZZ99999 除許可業務外，得經營法令非禁止或限制之業務,新北市,變更,11504
60012146,熊熊手機館,新北市三峽區復興路36之5號115年04月,巫佳軒,200000,,115/04/14,所營業務變更,F113050 電腦及事務性機器設備批發業；F113070 電信器材批發業；F118010 資訊軟體批發業；F213030 電腦及事務性機器設備零售業；F213060 電信器材零售業；F218010 資訊軟體零售業；F401010 國際貿易業；I301010 資訊軟體服務業；IE01010 電信業務門號代辦業；ZZ99999 除許可業務外，得經營法令非禁止或限制之業務；F203020 菸酒零售業,新北市,變更,11504
60015517,金斗盈餐飲,新北市淡水區新市一路1段104巷2號,蘇姿穎,500000,,115/04/10,增資變更,F501990 其他餐飲業；F501030 飲料店業；ZZ99999 除許可業務外，得經營法令非禁止或限制之業務,新北市,變更,11504
60015848,美青專業美藝美容坊,新北市新莊區裕民街85巷4號(1樓),阮鈺芳,50000,,115/04/17,轉讓登記,JZ99080 美容美髮服務業,新北市,變更,11504
60017178,山嶼海工作室,新北市中和區圓通路２６５巷４４號,王俊剴,10000,,115/04/20,名稱變更,F205040 家具、寢具、廚房器具、裝設品零售業；F209060 文教、樂器、育樂用品零售業；F399040 無店面零售業；ZZ99999 除許可業務外，得經營法令非禁止或限制之業務；EZ99990 其他工程業；E901010 油漆工程業；E801010 室內裝潢業；J101080 資源回收業；J101040 廢棄物處理業；E903010 防蝕、防銹工程業；E599010 配管工程業,新北市,變更,11504
60017260,東引快刀手麵藝商號,新北市林口區文化二路1段66號之3,忻士棟,200000,,115/04/29,出資額變更,F203010 食品什貨、飲料零售業；F501060 餐館業,新北市,變更,11504
60017705,達樂火鍋,新北市三重區大智街210號,陳柏翰,68000,,115/04/02,轉讓登記,F501060 餐館業；ZZ99999 除許可業務外，得經營法令非禁止或限制之業務,新北市,變更,11504
60018486,勗車車工坊,新北市汐止區建成路56巷69弄11號10樓,王盈智,240000,,115/04/20,所在地變更,JA01010 汽車修理業；F214010 汽車零售業；F114010 汽車批發業；JA01990 其他汽車服務業；ZZ99999 除許可業務外，得經營法令非禁止或限制之業務,新北市,變更,11504
60020286,椿蒔婚紗攝影工作室,新北市新莊區中環路2段455號,郭金義,200000,,115/04/30,轉讓登記,JZ99030 攝影業；JE01010 租賃業,新北市,變更,11504
60021412,午二陸食品商行,新北市新莊區思源路177巷15號(1樓),李奇珍,20000,,115/04/30,合夥人變更,F501060 餐館業；C199030 即食餐食製造業；C110010 飲料製造業；C103050 罐頭、冷凍、脫水及醃漬食品製造業；F203010 食品什貨、飲料零售業,新北市,變更,11504
60023798,捲雲貓舍企業社,新北市汐止區林森街73巷17號(1樓) 115年04月,施偉杰,200000,,115/04/29,名稱變更,A401031 特定寵物服務業；F201081 特定寵物零售業；F206050 寵物食品及其用品零售業；JZ99180 寵物美容服務業,新北市,變更,11504
60024038,鴻安高空工程行,新北市中和區民生街85巷1弄1號2樓115年04月,蔡佩珊,200000,,115/04/14,名稱變更,E801010 室內裝潢業；E801070 廚具、衛浴設備安裝工程業；E801030 室內輕鋼架工程業；E801020 門窗安裝工程業；E801040 玻璃安裝工程業；E901010 油漆工程業；E601020 電器安裝業；E603090 照明設備安裝工程業；F107010 漆料、塗料批發業；F111090 建材批發業；J101010 建築物清潔服務業；ZZ99999 除許可業務外，得經營法令非禁止或限制之業務,新北市,變更,11504
60024425,長洲工程行,新北市蘆洲區中山一路１６１號３樓115年04月,余恬鑫,200000,,115/04/02,轉讓登記,E401010 疏濬業；E402010 沙石、淤泥海拋業；E502010 燃料導管安裝工程業；E599010 配管工程業；E601010 電器承裝業；E601020 電器安裝業；E603010 電纜安裝工程業；E603020 電梯安裝工程業；E603040 消防安全設備安裝工程業；E603050 自動控制設備工程業；E603080 交通號誌安裝工程業；E603090 照明設備安裝工程業；E603100 電焊工程業；E603110 冷作工程業；E603120 噴砂工程業；E603130 燃氣熱水器承裝業；E604010 機械安裝業；E605010 電腦設備安裝業；E607010 太陽熱能設備安裝工程業；E801010 室內裝潢業；E801020 門窗安裝工程業；E801030 室內輕鋼架工程業；E801040 玻璃安裝工程業；E801070 廚具、衛浴設備安裝工程業；E901010 油漆工程業；E903010 防蝕、防銹工程業；EZ02010 起重工程業；EZ06010 交通標示工程業；EZ15010 保溫、保冷安裝工程業；EZ99990 其他工程業；I101080 工、礦顧問業；I199990 其他顧問服務業；I503010 景觀、室內設計業；I599990 其他設計業；IZ12010 人力派遣業；J101010 建築物清潔服務業；J101030 廢棄物清除業；J101040 廢棄物處理業；J101080 資源回收業；J101090 廢棄物清理業；J101110 營建剩餘土石方資源處理業；J101120 營建混合物分類處理業；J101990 其他環境衛生及污染防治服務業；JZ99050 仲介服務業；JZ99990 未分類其他服務業；ZZ99999 除許可業務外，得經營法令非禁止或限制之業務,新北市,變更,11504
60026057,喬婕廣告行銷商行,新北市三重區中央南路32巷1弄10號3樓115年04月,樊惠青,500000,,115/04/08,所營業務變更,I301060 網路廣告平臺業；I401010 一般廣告服務業；I401020 廣告傳單分送業；I501010 產品設計業；IZ10010 排版業；IZ01010 影印業；I199990 其他顧問服務業；I103060 管理顧問業；I102010 一般投資顧問業；J304010 圖書出版業；J305010 有聲出版業；J303010 雜誌（期刊）出版業；J401010 電影片製作業；J601010 藝文服務業；J602010 演藝活動業；F203010 食品什貨、飲料零售業；F399040 無店面零售業；F102170 食品什貨批發業；F109070 文教、樂器、育樂用品批發業；J399990 其他出版業；J404010 動畫影片製作業；J604010 聲音錄製及音樂發行業；I301010 資訊軟體服務業；F118010 資訊軟體批發業；F218010 資訊軟體零售業；I301030 電子資訊供應服務業；IZ13010 網路認證服務業；E605010 電腦設備安裝業；F113050 電腦及事務性機器設備批發業；F213030 電腦及事務性機器設備零售業；I599990 其他設計業；JE01010 租賃業；JZ99030 攝影業；JZ99990 未分類其他服務業；I301020 資料處理服務業；IZ12010 人力派遣業；IZ15010 市場研究及民意調查業；IZ99990 其他工商服務業；F106020 日常用品批發業；F106010 五金批發業；F104110 布疋、衣著、鞋、帽、傘、服飾品批發業；F105050 家具、寢具、廚房器具、裝設品批發業；F206010 五金零售業；F206020 日常用品零售業；F204110 布疋、衣著、鞋、帽、傘、服飾品零售業；F399990 其他綜合零售業；F601010 智慧財產權業；F501990 其他餐飲業；F209060 文教、樂器、育樂用品零售業；J301010 報紙業；J302010 通訊稿業；J399010 軟體出版業；J403010 電影片映演業；J402010 電影片發行業；J404040 電影錄音業；J404050 電影特效製作業；J503010 廣播節目製作業（原:J503011廣播節目製作業）；J503020 電視節目製作業（原:J503021電視節目製作業）；J503030 廣播電視節目發行業（原:J503031廣播電視節目發行業）；J503040 廣播電視廣告業（原:J503041廣播電視廣告業）；J503050 錄影節目帶業（原:J503051錄影節目帶業）；J603010 音樂展演空間業；JZ99050 仲介服務業；IZ04010 翻譯業；IZ02010 打字業；IZ03010 剪報業；I502010 服飾設計業；I503010 景觀設計業；I504010 花藝設計業；I101090 食品顧問業；H201010 一般投資業；H202010 創業投資業；E901010 油漆工程業；C703010 印刷品裝訂及加工業；C701010 印刷業；ZZ99999 除許可業務外，得經營法令非禁止或限制之業務,新北市,變更,11504
60028442,愷沂企業社,新北市林口區林口路243號,鄭又南,220000,,115/04/22,轉讓登記,CA04010 表面處理業；F204110 布疋、衣著、鞋、帽、傘、服飾品零售業；F208040 化粧品零售業；F206020 日常用品零售業；F107010 漆料、塗料批發業；F107170 工業助劑批發業；F107200 化學原料批發業；F107990 其他化學製品批發業；I199990 其他顧問服務業；F108040 化粧品批發業；I401010 一般廣告服務業；I503010 景觀、室內設計業；I599990 其他設計業,新北市,變更,11504
60028479,半仙茶店商行,新北市新莊區中平路16號(1樓) 115年04月,陳信宏,200000,,115/04/21,轉讓登記,F501030 飲料店業；ZZ99999 除許可業務外，得經營法令非禁止或限制之業務,新北市,變更,11504
60028626,妮娜企業社,新北市新莊區新北大道4段173號,高妮君,200000,,115/04/13,所營業務變更,I504010 花藝設計業；F102170 食品什貨批發業；F399040 無店面零售業；ZZ99999 除許可業務外，得經營法令非禁止或限制之業務,新北市,變更,11504
60029110,鑫源川企業社,新北市新莊區頭成街129號115年04月,蔡竣宇,150000,,115/04/17,所在地變更,F106010 五金批發業；F106020 日常用品批發業；F106030 模具批發業；F113010 機械批發業；F113020 電器批發業；F113070 電信器材批發業；F119010 電子材料批發業；F113030 精密儀器批發業；F116010 照相器材批發業；F118010 資訊軟體批發業；F107190 塑膠膜、袋批發業；F106060 寵物食品及其用品批發業；F114030 汽、機車零件配備批發業；F113050 電腦及事務性機器設備批發業；F109070 文教、樂器、育樂用品批發業；F105050 家具、寢具、廚房器具、裝設品批發業；F199990 其他批發業；F401010 國際貿易業；CC01030 電器及視聽電子產品製造業；CC01040 照明設備製造業；CC01060 有線通信機械器材製造業；CC01070 無線通信機械器材製造業；CC01080 電子零組件製造業；CC01110 電腦及其週邊設備製造業；CB01010 機械設備製造業；CD01030 汽車及其零件製造業；CD01040 機車及其零件製造業；CC01090 電池製造業；CQ01010 模具製造業；CH01030 文具製造業；CH01010 體育用品製造業；CP01010 手工具製造業；C805030 塑膠日用品製造業；C805050 工業用塑膠製品製造業；C805070 強化塑膠製品製造業；CA02990 其他金屬製品製造業；ZZ99999 除許可業務外，得經營法令非禁止或限制之業務,新北市,變更,11504
60031431,韓娛樂企業社,新北市板橋區貴興路32號3樓,陳宥嘉,200000,,115/04/08,所在地變更,ZZ99999 除許可業務外，得經營法令非禁止或限制之業務；F399990 其他綜合零售業；F299990 其他零售業；F206020 日常用品零售業；F399040 無店面零售業；F215010 首飾及貴金屬零售業；F204110 布疋、衣著、鞋、帽、傘、服飾品零售業；F106020 日常用品批發業；F199990 其他批發業；F208040 化粧品零售業；F209060 文教、樂器、育樂用品零售業；F401010 國際貿易業,新北市,變更,11504
60035865,仁美娃娃屋,新北市三重區仁美街125號,陳信誠,200000,,115/04/24,轉讓登記,F209060 文教、樂器、育樂用品零售業,新北市,變更,11504
60037239,桃子貓餐飲美食商店,新北市新莊區中興街5號(1樓),蘇聿涵,200000,,115/04/07,出資額變更,F501060 餐館業；F501030 飲料店業；ZZ99999 除許可業務外，得經營法令非禁止或限制之業務,新北市,變更,11504
60039927,人傑水電工程行,新北市樹林區中正路29號9樓,廖震傑,200000,,115/04/24,所在地變更,E599010 配管工程業；E601010 電器承裝業；E601020 電器安裝業；E603010 電纜安裝工程業；E603090 照明設備安裝工程業；EZ07010 鑽孔工程業；E603130 燃氣熱水器承裝業；E502010 燃料導管安裝工程業；ZZ99999 除許可業務外，得經營法令非禁止或限制之業務,新北市,變更,11504
60041206,丘山國際企業社,新北市新店區中正路663巷1之1號(1樓) 115年04月,岳泳孝,240000,,115/04/17,所在地變更,F102170 食品什貨批發業；F203010 食品什貨、飲料零售業；F104110 布疋、衣著、鞋、帽、傘、服飾品批發業；F204110 布疋、衣著、鞋、帽、傘、服飾品零售業；F109070 文教、樂器、育樂用品批發業；F209060 文教、樂器、育樂用品零售業；F108040 化粧品批發業；F208040 化粧品零售業；F401010 國際貿易業；F399040 無店面零售業；F113050 電腦及事務性機器設備批發業；F118010 資訊軟體批發業；F205040 家具、寢具、廚房器具、裝設品零售業；F206010 五金零售業；F218010 資訊軟體零售業；ZZ99999 除許可業務外，得經營法令非禁止或限制之業務,新北市,變更,11504
60041445,瑞昀夢工坊,新北市永和區光復街１６巷４１號２樓,古尚昀,130000,,115/04/17,出資額變更,F204110 布疋、衣著、鞋、帽、傘、服飾品零售業；F206020 日常用品零售業；F209060 文教、樂器、育樂用品零售業；I501010 產品設計業；I599990 其他設計業；ZZ99999 除許可業務外，得經營法令非禁止或限制之業務,新北市,變更,11504
60042492,雯萱宇商行,新北市三峽區文化路242號(1樓),馮堯南,200000,,115/04/09,組織變更,F501060 餐館業；ZZ99999 除許可業務外，得經營法令非禁止或限制之業務,新北市,變更,11504
60044999,享你餐館,新北市鶯歌區光明街24號,宋秉燁,200000,,115/04/01,出資額變更,F501060 餐館業；F501030 飲料店業；F399040 無店面零售業；F203010 食品什貨、飲料零售業；F299990 其他零售業,新北市,變更,11504
60045250,毫味食品,新北市淡水區淡金路4段6號,王玟蘋,100000,,115/04/17,所在地變更,F203010 食品什貨、飲料零售業；ZZ99999 除許可業務外，得經營法令非禁止或限制之業務,新北市,變更,11504
60046103,夾尚好企業社,新北市五股區五福路11號(1樓),徐宏正,100000,,115/04/30,轉讓登記,F209060 文教、樂器、育樂用品零售業,新北市,變更,11504
60046589,隆興美學館,新北市林口區文化北路1段48之3號(1樓),陳美鳳,50000,,115/04/22,名稱變更,JZ99080 美容美髮服務業；F208040 化粧品零售業；JZ99990 未分類其他服務業；ZZ99999 除許可業務外，得經營法令非禁止或限制之業務,新北市,變更,11504
60048088,藝湛傳媒企業社,新北市三重區國隆路26號7樓115年04月,王建興,200000,,115/04/08,名稱變更,E801010 室內裝潢業；E801020 門窗安裝工程業；E801030 室內輕鋼架工程業；E801040 玻璃安裝工程業；E801070 廚具、衛浴設備安裝工程業；E901010 油漆工程業；E601020 電器安裝業；E603040 消防安全設備安裝工程業；E599010 配管工程業；E603100 電焊工程業；E903010 防蝕、防銹工程業；EZ07010 鑽孔工程業；E601010 電器承裝業；E603110 冷作工程業；E603120 噴砂工程業；EZ99990 其他工程業；I503010 景觀設計業；F111090 建材批發業；F211010 建材零售業；ZZ99999 除許可業務外，得經營法令非禁止或限制之業務；J601010 藝文服務業；J602010 演藝活動業；I401010 一般廣告服務業；F399040 無店面零售業,新北市,變更,11504
60049447,鋒樺美研車坊,新北市板橋區光武街132號,李承勳,80000,,115/04/21,轉讓登記,JA01990 其他汽車服務業；F214030 汽、機車零件配備零售業；ZZ99999 除許可業務外，得經營法令非禁止或限制之業務,新北市,變更,11504
60052054,木瑤食品館,新北市板橋區館前西路77號(1樓),陳文賢,200000,,115/04/08,復業,F203010 食品什貨、飲料零售業；F208040 化粧品零售業；F207030 清潔用品零售業,新北市,變更,11504
60052385,睏爸企業社,新北市三峽區大同路39巷47號(1樓),林建瑋,200000,,115/04/28,轉讓登記,F205040 家具、寢具、廚房器具、裝設品零售業；F105050 家具、寢具、廚房器具、裝設品批發業；F206020 日常用品零售業；F207030 清潔用品零售業；F104110 布疋、衣著、鞋、帽、傘、服飾品批發業；F399040 無店面零售業；F401010 國際貿易業；I501010 產品設計業；CN01010 家具及裝設品製造業；ZZ99999 除許可業務外，得經營法令非禁止或限制之業務,新北市,變更,11504
60056544,晴軒企業社,新北市板橋區大觀路2段265巷1弄12號3樓115年04月,林宥榛,50000,,115/04/27,所在地變更,F104110 布疋、衣著、鞋、帽、傘、服飾品批發業；F105050 家具、寢具、廚房器具、裝設品批發業；F206020 日常用品零售業；F399040 無店面零售業；I301020 資料處理服務業；I401010 一般廣告服務業；I503010 景觀、室內設計業；I501010 產品設計業；JZ99030 攝影業；IZ12010 人力派遣業；IZ15010 市場研究及民意調查業；J303010 雜誌（期刊）出版業；J304010 圖書出版業；J601010 藝文服務業；JB01010 會議及展覽服務業；JZ99050 仲介服務業；J101050 環境檢測服務業；I199990 其他顧問服務業；A102080 園藝服務業；J101990 其他環境衛生及污染防治服務業；I103060 管理顧問業；F401010 國際貿易業；ZZ99999 除許可業務外，得經營法令非禁止或限制之業務,新北市,變更,11504
60056615,兔王玩具小鋪,新北市中和區莊敬路41巷2號3樓,黃郁雯,200000,,115/04/01,所營業務變更,F218010 資訊軟體零售業；F213080 機械器具零售業；F213060 電信器材零售業；F203010 食品什貨、飲料零售業；F204110 布疋、衣著、鞋、帽、傘、服飾品零售業；F206020 日常用品零售業；F206010 五金零售業；F205040 家具、寢具、廚房器具、裝設品零售業；F208040 化粧品零售業；F207030 清潔用品零售業；F209060 文教、樂器、育樂用品零售業；F210010 鐘錶零售業；F210020 眼鏡零售業；F213010 電器零售業；F206030 模具零售業；F399040 無店面零售業；F106010 五金批發業；F106020 日常用品批發業；F106050 陶瓷玻璃器皿批發業；F206050 寵物食品及其用品零售業；F207190 塑膠膜、袋零售業；F213110 電池零售業；F219010 電子材料零售業；F399990 其他綜合零售業；F401010 國際貿易業；ZZ99999 除許可業務外，得經營法令非禁止或限制之業務,新北市,變更,11504
60059280,喬媽團購工作室,新北市中和區中山路2段332巷1號7樓,黃思喬,200000,,115/04/07,所營業務變更,F201010 農產品零售業；F201020 畜產品零售業；F201030 水產品零售業；F203010 食品什貨、飲料零售業；F204110 布疋、衣著、鞋、帽、傘、服飾品零售業；F205040 家具、寢具、廚房器具、裝設品零售業；F206010 五金零售業；F206020 日常用品零售業；F208040 化粧品零售業；F209060 文教、樂器、育樂用品零售業；F399990 其他綜合零售業；ZZ99999 除許可業務外，得經營法令非禁止或限制之業務,新北市,變更,11504
60060097,良記食堂,新北市樹林區千歲街50號(1樓) 115年04月,王鈺慧,100000,,115/04/15,名稱變更,F501060 餐館業,新北市,變更,11504
60060694,和正通訊工程行,新北市板橋區中山路2段465巷76號,黃為杰,200000,,115/04/10,轉讓登記,E701010 電信工程業；E701020 衛星電視ＫＵ頻道、Ｃ頻道器材安裝業；E701030 電信管制射頻器材裝設工程業；F113070 電信器材批發業；F213060 電信器材零售業；ZZ99999 除許可業務外，得經營法令非禁止或限制之業務,新北市,變更,11504
60061856,融鑫企業社,新北市林口區麗園一街11巷5號16樓之3,吳秉融,248000,,115/04/09,所在地變更,F102170 食品什貨批發業；F102040 飲料批發業；F102050 茶葉批發業；F101130 蔬果批發業；F106020 日常用品批發業；F107030 清潔用品批發業；F108040 化粧品批發業；F109070 文教、樂器、育樂用品批發業；F121010 食品添加物批發業；F203010 食品什貨、飲料零售業；F206020 日常用品零售業；F207030 清潔用品零售業；F208040 化粧品零售業；F208050 乙類成藥零售業；F209060 文教、樂器、育樂用品零售業；F399040 無店面零售業；F399990 其他綜合零售業；F401010 國際貿易業；I101090 食品顧問業；I103060 管理顧問業；I301020 資料處理服務業；I401010 一般廣告服務業；IC01010 藥品檢驗業；IF04010 非破壞檢測業；IG01010 生物技術服務業；IZ12010 人力派遣業；IZ99990 其他工商服務業；J202010 產業育成業；J503040 廣播電視廣告業；J601010 藝文服務業；JE01010 租賃業；JZ99050 仲介服務業；JZ99090 喜慶綜合服務業；ZZ99999 除許可業務外，得經營法令非禁止或限制之業務,新北市,變更,11504
60063670,貓爺麻辣坊,新北市三重區信義西街10號(1樓) 115年04月,蔡明倫,100000,,115/04/01,所在地變更,F203010 食品什貨、飲料零售業；F399040 無店面零售業；ZZ99999 除許可業務外，得經營法令非禁止或限制之業務,新北市,變更,11504
60063995,源丁選物販賣,新北市板橋區南雅西路2段181號(1樓),李家瑩,150000,,115/04/08,轉讓登記,F203010 食品什貨、飲料零售業；F204110 布疋、衣著、鞋、帽、傘、服飾品零售業；F206020 日常用品零售業；F207190 塑膠膜、袋零售業；F209060 文教、樂器、育樂用品零售業；F210010 鐘錶零售業；F213010 電器零售業；F107030 清潔用品批發業；F106010 五金批發業；F105050 家具、寢具、廚房器具、裝設品批發業；F106020 日常用品批發業；F109070 文教、樂器、育樂用品批發業；F205040 家具、寢具、廚房器具、裝設品零售業；F206050 寵物食品及其用品零售業,新北市,變更,11504
60065754,微光暖暖工作室,新北市樹林區博愛街105號13樓,潘奕希,200000,,115/04/01,名稱變更,F401010 國際貿易業；F399040 無店面零售業,新北市,變更,11504
60066228,晗鰘商行,新北市三重區光復路1段82之3號8樓,黃靖涵,100000,,115/04/30,所在地變更,I103060 管理顧問業；IZ12010 人力派遣業；A301030 水產養殖業；F201030 水產品零售業；ZZ99999 除許可業務外，得經營法令非禁止或限制之業務,新北市,變更,11504
60067063,宏韻商行,新北市樹林區柑園街2段19號115年04月,陳韻如,50000,,115/04/27,所營業務變更,F203010 食品什貨、飲料零售業；F221010 食品添加物零售業,新北市,變更,11504
60068387,育見服飾商行,新北市土城區福安街30之11號3樓115年04月,蔡育錚,100000,,115/04/10,所營業務變更,F104110 布疋、衣著、鞋、帽、傘、服飾品批發業；F204110 布疋、衣著、鞋、帽、傘、服飾品零售業；F106010 五金批發業；F206010 五金零售業；F106050 陶瓷玻璃器皿批發業；F199990 其他批發業；F299990 其他零售業；F401010 國際貿易業；I501010 產品設計業；I502010 服飾設計業；F105050 家具、寢具、廚房器具、裝設品批發業；F106020 日常用品批發業；F108040 化粧品批發業；F109070 文教、樂器、育樂用品批發業；F113050 電腦及事務性機器設備批發業；F118010 資訊軟體批發業；F119010 電子材料批發業；F203010 食品什貨、飲料零售業；F205040 家具、寢具、廚房器具、裝設品零售業；F206020 日常用品零售業；F208040 化粧品零售業；F213010 電器零售業；F215010 首飾及貴金屬零售業；F218010 資訊軟體零售業；F219010 電子材料零售業；F301010 百貨公司業；F399040 無店面零售業；F399990 其他綜合零售業；ZZ99999 除許可業務外，得經營法令非禁止或限制之業務；JZ99080 美容美髮服務業；I199990 其他顧問服務業,新北市,變更,11504
60070399,智聖實業社,新北市三峽區民生街104巷2之4號4樓,邱家瑋,200000,,115/04/23,所在地變更,E601020 電器安裝業；E801010 室內裝潢業；E603090 照明設備安裝工程業；F102170 食品什貨批發業；F104110 布疋、衣著、鞋、帽、傘、服飾品批發業；F106010 五金批發業；F109070 文教、樂器、育樂用品批發業；F113020 電器批發業；F113050 電腦及事務性機器設備批發業；F118010 資訊軟體批發業；F204110 布疋、衣著、鞋、帽、傘、服飾品零售業；F206010 五金零售業；F209060 文教、樂器、育樂用品零售業；F399040 無店面零售業；F401010 國際貿易業；I301010 資訊軟體服務業；IZ12010 人力派遣業；G799990 其他運輸輔助業；JE01010 租賃業；ZZ99999 除許可業務外，得經營法令非禁止或限制之業務,新北市,變更,11504
60072158,小陽小吃店,新北市中和區大勇街25巷2號(1樓),黃斯蘭,200000,,115/04/20,轉讓登記,F203010 食品什貨、飲料零售業；F501060 餐館業；ZZ99999 除許可業務外，得經營法令非禁止或限制之業務,新北市,變更,11504
60072208,雀語商行,新北市板橋區吳鳳路19巷5弄11號5樓,毛亦薇,200000,,115/04/27,轉讓登記,F399040 無店面零售業；F399990 其他綜合零售業；F401010 國際貿易業；F601010 智慧財產權業；F399030 工業專用港或工業專用碼頭船舶船員日用品供應業,新北市,變更,11504
60078511,抓了吧選物販賣商行,新北市板橋區長江路3段105號115年04月,陳信誠,80000,,115/04/24,轉讓登記,F209060 文教、樂器、育樂用品零售業,新北市,變更,11504
60079770,赫赤商行,新北市土城區金城路1段27號(1樓),黃泰瑞,5000,,115/04/23,所營業務變更,I301030 電子資訊供應服務業；J304010 圖書出版業；J305010 有聲出版業；F109070 文教、樂器、育樂用品批發業；F209060 文教、樂器、育樂用品零售業；F206020 日常用品零售業；F399040 無店面零售業；I199990 其他顧問服務業；ZZ99999 除許可業務外，得經營法令非禁止或限制之業務；J303010 雜誌（期刊）出版業；J399990 其他出版業；J604010 聲音錄製及音樂發行業；CC01120 資料儲存媒體製造及複製業；I301010 資訊軟體服務業；I301020 資料處理服務業；F218010 資訊軟體零售業；F118010 資訊軟體批發業；F401010 國際貿易業；J399010 軟體出版業；I501010 產品設計業；I599990 其他設計業；J601010 藝文服務業；I103060 管理顧問業；IZ06010 理貨包裝業；J503050 錄影節目帶業（原:J503051錄影節目帶業）；J404010 動畫影片製作業,新北市,變更,11504
60079949,販子玩具小舖,新北市樹林區學林路157號,楊珊姍,200000,,115/04/23,轉讓登記,F209060 文教、樂器、育樂用品零售業；F203020 菸酒零售業；F203010 食品什貨、飲料零售業；F205040 家具、寢具、廚房器具、裝設品零售業；F208040 化粧品零售業；F207030 清潔用品零售業；F206010 五金零售業；F399040 無店面零售業；F206020 日常用品零售業；F299990 其他零售業；ZZ99999 除許可業務外，得經營法令非禁止或限制之業務,新北市,變更,11504
60081608,千惠商舖,新北市中和區中山路2段332巷9號8樓,洪千惠,200000,,115/04/01,更正,F106060 寵物食品及其用品批發業；F206050 寵物食品及其用品零售業；F399040 無店面零售業；F399990 其他綜合零售業；ZZ99999 除許可業務外，得經營法令非禁止或限制之業務,新北市,變更,11504
60081733,龍大廚工作坊,新北市樹林區復興路73號(1樓) 115年04月,陳大龍,100000,,115/04/10,轉讓登記,F203010 食品什貨、飲料零售業；F501060 餐館業,新北市,變更,11504
60081781,金魚嘉商行,新北市板橋區中山路2段62號6樓之2,吳孟嘉,600000,,115/04/13,增資變更,F102170 食品什貨批發業；F203010 食品什貨、飲料零售業；F204110 布疋、衣著、鞋、帽、傘、服飾品零售業；F205040 家具、寢具、廚房器具、裝設品零售業；F206020 日常用品零售業；F208040 化粧品零售業；F209060 文教、樂器、育樂用品零售業；F399040 無店面零售業；F399990 其他綜合零售業；F401010 國際貿易業；F501030 飲料店業；ZZ99999 除許可業務外，得經營法令非禁止或限制之業務,新北市,變更,11504
60082389,哞哞鐵板牛排,新北市汐止區仁愛路330號(1樓),黃麗珠,200000,,115/04/27,組織變更,F501060 餐館業,新北市,變更,11504
60082536,鴻達商行,新北市板橋區實踐路139號(1樓),吳雅婷,200000,,115/04/14,轉讓登記,F501060 餐館業；F203010 食品什貨、飲料零售業,新北市,變更,11504
60082753,斯塔妮運動器材銷售企業社,新北市林口區文林二街65號,宋語涵,200000,,115/04/28,所營業務變更,F204110 布疋、衣著、鞋、帽、傘、服飾品零售業；F209060 文教、樂器、育樂用品零售業；ZZ99999 除許可業務外，得經營法令非禁止或限制之業務；J802010 運動訓練業；J803010 運動表演業；J803020 運動比賽業,新北市,變更,11504
60082846,嘟嘴商行,新北市三重區信義西街34號(1樓),林喆,10000,,115/04/30,所在地變更,F203010 食品什貨、飲料零售業；F206020 日常用品零售業；F501030 飲料店業；F501990 其他餐飲業；F501060 餐館業；F399040 無店面零售業；ZZ99999 除許可業務外，得經營法令非禁止或限制之業務,新北市,變更,11504
60161813,鐵漢柔情商行,新北市板橋區稚暉街52號,洪詩閔,50000,,115/04/07,所在地變更,F501990 其他餐飲業,新北市,變更,11504
60205278,天杏藥局,新北市新店區北新路1段46號(1樓) 115年04月,謝佩軒,100000,,115/04/15,轉讓登記,F102170 食品什貨批發業；F106060 寵物食品及其用品批發業；F203010 食品什貨、飲料零售業；F206050 寵物食品及其用品零售業；F207030 清潔用品零售業；F208040 化粧品零售業；F208050 乙類成藥零售業；ZZ99999 除許可業務外，得經營法令非禁止或限制之業務,新北市,變更,11504
60215254,樂斯企業社,新北市林口區文化三路1段35號7樓,王家凱,50000,,115/04/16,所在地變更,J801030 競技及休閒運動場館業；J802010 運動訓練業；J803020 運動比賽業；F203010 食品什貨、飲料零售業；F204110 布疋、衣著、鞋、帽、傘、服飾品零售業；F206010 五金零售業；F209060 文教、樂器、育樂用品零售業；I103060 管理顧問業；I199990 其他顧問服務業,新北市,變更,11504
61218309,瑪薩咬企業社Karan,新北市中和區福祥路146號,Kumar Gupta,100000,,115/04/14,減資變更,F501060 餐館業；F501030 飲料店業；F501990 其他餐飲業；F203010 食品什貨、飲料零售業；ZZ99999 除許可業務外，得經營法令非禁止或限制之業務,新北市,變更,11504
61220614,嵐映攝影工作室,新北市新莊區福前街319號6樓,洪依德,50000,,115/04/24,其他,JZ99030 攝影業,新北市,變更,11504
61222508,地發金屬工程行,新北市中和區景平路666號3樓115年04月,李孟霖,5000000,,115/04/22,增資變更,F111090 建材批發業；F106010 五金批發業；F120010 耐火材料批發業；F207010 漆料、塗料零售業；F206010 五金零售業；E599010 配管工程業；E603010 電纜安裝工程業；E603020 電梯安裝工程業；E603050 自動控制設備工程業；E603100 電焊工程業；E604010 機械安裝業；E801010 室內裝潢業；E801020 門窗安裝工程業；E801030 室內輕鋼架工程業；E801040 玻璃安裝工程業；E901010 油漆工程業；E903010 防蝕、防銹工程業；EZ99990 其他工程業；F401010 國際貿易業；CA01050 鋼材二次加工業；CA01130 銅材軋延、伸線、擠型業；CA02010 金屬結構及建築組件製造業；I401010 一般廣告服務業；I501010 產品設計業；I503010 景觀、室內設計業；IZ12010 人力派遣業；J101010 建築物清潔服務業；J101030 廢棄物清除業；J101090 廢棄物清理業；ZZ99999 除許可業務外，得經營法令非禁止或限制之業務,新北市,變更,11504
61223181,夜色的畫廊商行,新北市蘆洲區中興街13號2樓,劉奎宏,100000,,115/04/14,其他,F399040 無店面零售業；F399990 其他綜合零售業；F203010 食品什貨、飲料零售業；F204110 布疋、衣著、鞋、帽、傘、服飾品零售業；F205040 家具、寢具、廚房器具、裝設品零售業；F206020 日常用品零售業；F213030 電腦及事務性機器設備零售業；F213010 電器零售業；F218010 資訊軟體零售業；F299990 其他零售業；ZZ99999 除許可業務外，得經營法令非禁止或限制之業務；I301010 資訊軟體服務業；I301020 資料處理服務業；I301030 電子資訊供應服務業；I401010 一般廣告服務業；I301060 網路廣告平臺業,新北市,變更,11504
61223274,臻馨圓食堂,新北市中和區更生街3號,柯伊哲,200000,,115/04/20,負責人變更,F501060 餐館業,新北市,變更,11504
61223725,京采美容館,新北市土城區明德路2段98巷1號,王嘉豪,168000,,115/04/20,轉讓登記,JZ99990 未分類其他服務業；JZ99080 美容美髮服務業；ZZ99999 除許可業務外，得經營法令非禁止或限制之業務,新北市,變更,11504
61225511,原進清潔社,新北市淡水區新市二路2段130號5樓115年04月,張紫琁,200000,,115/04/21,所營業務變更,J101010 建築物清潔服務業；J101020 病媒防治業；J101030 廢棄物清除業；J101040 廢棄物處理業；J101060 廢（污）水處理業；J101080 資源回收業；J101090 廢棄物清理業；J101990 其他環境衛生及污染防治服務業；ZZ99999 除許可業務外，得經營法令非禁止或限制之業務；A301030 水產養殖業；A302020 漁業服務業；A399990 其他漁業；IZ12010 人力派遣業,新北市,變更,11504
61227709,耀億通訊行,新北市三重區重新路3段52之1號,王麗貞,240000,,115/04/28,所營業務變更,F109070 文教、樂器、育樂用品批發業；F113070 電信器材批發業；F113110 電池批發業；F119010 電子材料批發業；F209060 文教、樂器、育樂用品零售業；F213060 電信器材零售業；F213110 電池零售業；F219010 電子材料零售業；F399040 無店面零售業；F401010 國際貿易業；IE01010 電信業務門號代辦業；JA02010 電器及電子產品修理業；ZZ99999 除許可業務外，得經營法令非禁止或限制之業務；F113020 電器批發業；F113050 電腦及事務性機器設備批發業；F213010 電器零售業；F213030 電腦及事務性機器設備零售業；JA02990 其他修理業,新北市,變更,11504
61229501,阿華水電宅修工程行,新北市中和區國光街215巷3號2樓,藍國華,200000,,115/04/28,所在地變更,E801010 室內裝潢業；E901010 油漆工程業；E599010 配管工程業；E601020 電器安裝業；E603050 自動控制設備工程業；E603090 照明設備安裝工程業；E603100 電焊工程業；E603110 冷作工程業；E603120 噴砂工程業；E801020 門窗安裝工程業；E801070 廚具、衛浴設備安裝工程業；EZ99990 其他工程業；EZ14010 運動場地用設備工程業；EZ11010 球場跑道樹脂材料鋪設工程業；F206010 五金零售業；F206040 水器材料零售業；F211010 建材零售業；F213010 電器零售業；J101010 建築物清潔服務業；J101030 廢棄物清除業；ZZ99999 除許可業務外，得經營法令非禁止或限制之業務,新北市,變更,11504
61230057,瀚丼壽司,新北市中和區景新街471號115年04月,李博文,150000,,115/04/01,轉讓登記,F501060 餐館業,新北市,變更,11504
61230248,木禾行銷設計企業社,新北市新莊區樹新路206號5樓,林宗儀,240000,,115/04/23,出資額變更,E601010 電器承裝業；E601020 電器安裝業；E603040 消防安全設備安裝工程業；E603050 自動控制設備工程業；E603090 照明設備安裝工程業；E605010 電腦設備安裝業；E801010 室內裝潢業；E801020 門窗安裝工程業；E801030 室內輕鋼架工程業；E801040 玻璃安裝工程業；E801070 廚具、衛浴設備安裝工程業；E901010 油漆工程業；E903010 防蝕、防銹工程業；F111090 建材批發業；F211010 建材零售業；CN01010 家具及裝設品製造業；F399040 無店面零售業；F401010 國際貿易業；F113050 電腦及事務性機器設備批發業；F118010 資訊軟體批發業；F213030 電腦及事務性機器設備零售業；F218010 資訊軟體零售業；I301010 資訊軟體服務業；I301020 資料處理服務業；I301030 電子資訊供應服務業；I301060 網路廣告平臺業；J399010 軟體出版業；I401010 一般廣告服務業；I501010 產品設計業；I503010 景觀、室內設計業；I599990 其他設計業；I103060 管理顧問業；I199990 其他顧問服務業；JB01010 會議及展覽服務業；ZZ99999 除許可業務外，得經營法令非禁止或限制之業務,新北市,變更,11504
61231909,宬韋工程行,新北市板橋區四川路2段243號3樓之1 115年04月,吳婕妤,500000,,115/04/27,增資變更,EZ15010 保溫、保冷安裝工程業；E603040 消防安全設備安裝工程業；E599010 配管工程業；EZ99990 其他工程業；F106010 五金批發業；F111090 建材批發業；ZZ99999 除許可業務外，得經營法令非禁止或限制之業務,新北市,變更,11504
61233104,珍珠商號,新北市三重區中正北路15號5樓,曾稜貽,200000,,115/04/09,所營業務變更,F399040 無店面零售業；F215010 首飾及貴金屬零售業；F203010 食品什貨、飲料零售業；F206020 日常用品零售業；F102170 食品什貨批發業；F208040 化粧品零售業；F209060 文教、樂器、育樂用品零售業；F401010 國際貿易業；F115010 首飾及貴金屬批發業；F201010 農產品零售業；F204110 布疋、衣著、鞋、帽、傘、服飾品零售業；F399990 其他綜合零售業；F601010 智慧財產權業,新北市,變更,11504
61233499,愛麗兒蒙恩國際企業社,新北市永和區豫溪街46號(1樓),卜彥廷,240000,,115/04/01,所營業務變更,F203010 食品什貨、飲料零售業；F206020 日常用品零售業；F399040 無店面零售業；ZZ99999 除許可業務外，得經營法令非禁止或限制之業務,新北市,變更,11504
61233723,心心花藝工作室,新北市新莊區中信街63巷4弄8號4樓,鄭寶竹,50000,,115/04/24,所營業務變更,F201070 花卉零售業；F399040 無店面零售業,新北市,變更,11504
61233765,歐恩商行,新北市永和區永貞路127號(1樓),陳欣宜,100000,,115/04/23,所營業務變更,F203010 食品什貨、飲料零售業；F102170 食品什貨批發業；F102030 菸酒批發業；F203020 菸酒零售業；F104110 布疋、衣著、鞋、帽、傘、服飾品批發業；F204110 布疋、衣著、鞋、帽、傘、服飾品零售業；F109070 文教、樂器、育樂用品批發業；F209060 文教、樂器、育樂用品零售業；ZZ99999 除許可業務外，得經營法令非禁止或限制之業務,新北市,變更,11504
61234223,彩多多運動彩券行,新北市泰山區明志路2段368號,莊荃勝,50000,,115/04/16,名稱變更,IZ18021 運動彩券經銷業,新北市,變更,11504
61234429,月川屋,新北市中和區南山路81巷28號(1樓),陳昀婈,100000,,115/04/20,負責人改名,F501060 餐館業,新北市,變更,11504
61235308,勻家商行,新北市板橋區民族路174號(1樓),王亭勻,200000,,115/04/02,轉讓登記,F203010 食品什貨、飲料零售業；F206010 五金零售業；F209060 文教、樂器、育樂用品零售業,新北市,變更,11504
61236714,美力承現商行,新北市林口區信義路380號6樓之5,蘇美鳳,200000,,115/04/27,所營業務變更,ZZ99999 除許可業務外，得經營法令非禁止或限制之業務；F501990 其他餐飲業,新北市,變更,11504
61237713,霸氣開夾聚財娛樂企業社,新北市新莊區中港一街101號115年04月,傅楚喬,100000,,115/04/08,轉讓登記,F209060 文教、樂器、育樂用品零售業；F109070 文教、樂器、育樂用品批發業；F203010 食品什貨、飲料零售業；ZZ99999 除許可業務外，得經營法令非禁止或限制之業務,新北市,變更,11504
61238001,潤甯企業社,新北市板橋區華江一路210號6樓,黃詒傑,100000,,115/04/21,轉讓登記,F102040 飲料批發業；F102170 食品什貨批發業；F108040 化粧品批發業；F203010 食品什貨、飲料零售業；F208040 化粧品零售業；F399040 無店面零售業；F401010 國際貿易業；JZ99990 未分類其他服務業；ZZ99999 除許可業務外，得經營法令非禁止或限制之業務,新北市,變更,11504
61238213,指尖畫家工作室,新北市板橋區介壽街34號,李佩蓁,100000,,115/04/08,所在地變更,JZ99080 美容美髮服務業,新北市,變更,11504
61238950,淇晨企業社,新北市蘆洲區三民路195巷25號(1樓) 115年04月,蘇沛心,200000,,115/04/07,轉讓登記,JZ99050 仲介服務業；JZ99990 未分類其他服務業；IZ99990 其他工商服務業；I103060 管理顧問業；I199990 其他顧問服務業；IZ12010 人力派遣業；I401010 一般廣告服務業；JZ99030 攝影業；J401010 電影片製作業；F109070 文教、樂器、育樂用品批發業；F209060 文教、樂器、育樂用品零售業；ZZ99999 除許可業務外，得經營法令非禁止或限制之業務,新北市,變更,11504
61240837,綺點商行,新北市板橋區莊敬路58號3樓115年04月,林奕綺,50000,,115/04/02,所營業務變更,E599010 配管工程業；E502010 燃料導管安裝工程業；E601010 電器承裝業；E601020 電器安裝業；E603010 電纜安裝工程業；E603040 消防安全設備安裝工程業；E603090 照明設備安裝工程業；E603130 燃氣熱水器承裝業；E607010 太陽熱能設備安裝工程業；E701010 電信工程業；E801010 室內裝潢業；E801030 室內輕鋼架工程業；E801070 廚具、衛浴設備安裝工程業；EZ99990 其他工程業；F101100 花卉批發業；F102030 菸酒批發業；F101130 蔬果批發業；F102020 食用油脂批發業；F102040 飲料批發業；F102050 茶葉批發業；F102170 食品什貨批發業；F102180 酒精批發業；F106010 五金批發業；F105050 家具、寢具、廚房器具、裝設品批發業；F106020 日常用品批發業；F106030 模具批發業；F110010 鐘錶批發業；F111090 建材批發業；F113020 電器批發業；F113050 電腦及事務性機器設備批發業；F114010 汽車批發業；F114020 機車批發業；F114030 汽、機車零件配備批發業；F114050 車胎批發業；F115010 首飾及貴金屬批發業；F116010 照相器材批發業；F117010 消防安全設備批發業；F118010 資訊軟體批發業；F119010 電子材料批發業；F199010 回收物料批發業；F199990 其他批發業；F120010 耐火材料批發業；F201010 農產品零售業；F201070 花卉零售業；F202010 飼料零售業；F203010 食品什貨、飲料零售業；F203020 菸酒零售業；F203030 酒精零售業；F204110 布疋、衣著、鞋、帽、傘、服飾品零售業；F205040 家具、寢具、廚房器具、裝設品零售業；F206010 五金零售業；F206020 日常用品零售業；F206040 水器材料零售業；F206050 寵物食品及其用品零售業；F207010 漆料、塗料零售業；F207030 清潔用品零售業；F208040 化粧品零售業；F209060 文教、樂器、育樂用品零售業；F210010 鐘錶零售業；F210020 眼鏡零售業；F211010 建材零售業；F213010 電器零售業；F213030 電腦及事務性機器設備零售業；F213060 電信器材零售業；F214010 汽車零售業；F214020 機車零售業；F214030 汽、機車零件配備零售業；F215010 首飾及貴金屬零售業；F216010 照相器材零售業；F221010 食品添加物零售業；F299990 其他零售業；F301020 超級市場業；F399010 便利商店業；F399040 無店面零售業；F399990 其他綜合零售業；F401010 國際貿易業；F501060 餐館業；F501030 飲料店業；F501990 其他餐飲業；G801010 倉儲業；J101030 廢棄物清除業；J101040 廢棄物處理業；J101010 建築物清潔服務業；J101080 資源回收業；J101090 廢棄物清理業；J101120 營建混合物分類處理業；I401010 一般廣告服務業,新北市,變更,11504
61241168,八八八市集企業社,新北市板橋區北門街2號、4號,陳亞廷,100000,,115/04/24,更正,F209060 文教、樂器、育樂用品零售業；F109070 文教、樂器、育樂用品批發業；F401010 國際貿易業；F299990 其他零售業；F399040 無店面零售業；F399990 其他綜合零售業；H703100 不動產租賃業；J601010 藝文服務業；J602010 演藝活動業；J603010 音樂展演空間業；J799990 其他休閒服務業；J801030 競技及休閒運動場館業；JB01010 會議及展覽服務業；JE01010 租賃業；JZ99030 攝影業；JZ99050 仲介服務業；JZ99990 未分類其他服務業；I199990 其他顧問服務業；I401010 一般廣告服務業；I501010 產品設計業；IZ12010 人力派遣業；IZ99990 其他工商服務業；ZZ99999 除許可業務外，得經營法令非禁止或限制之業務,新北市,變更,11504
61241821,誠零零參企業社,新北市板橋區文聖街179號2樓,許家誠,50000,,115/04/23,其他,F204110 布疋、衣著、鞋、帽、傘、服飾品零售業；ZZ99999 除許可業務外，得經營法令非禁止或限制之業務,新北市,變更,11504
61241842,誠零零貳企業社,新北市板橋區文聖街179號2樓,許家誠,50000,,115/04/23,其他,F204110 布疋、衣著、鞋、帽、傘、服飾品零售業；ZZ99999 除許可業務外，得經營法令非禁止或限制之業務,新北市,變更,11504
61241857,誠零零壹企業社,新北市板橋區文聖街179號2樓,許家誠,50000,,115/04/23,其他,F204110 布疋、衣著、鞋、帽、傘、服飾品零售業；ZZ99999 除許可業務外，得經營法令非禁止或限制之業務,新北市,變更,11504
61242700,寵物大亨萌寵館,新北市板橋區介壽街100號(1樓) 115年04月,顧乾櫂,200000,,115/04/09,所營業務變更,F202010 飼料零售業；F206050 寵物食品及其用品零售業；JZ99180 寵物美容服務業；F399040 無店面零售業；F101111 特定寵物批發業；A401031 特定寵物服務業；F201081 特定寵物零售業；ZZ99999 除許可業務外，得經營法令非禁止或限制之業務,新北市,變更,11504
61243124,合辰企業社,新北市永和區永貞路79號,莊佳郡,200000,,115/04/23,轉讓登記,F102170 食品什貨批發業；F104110 布疋、衣著、鞋、帽、傘、服飾品批發業；F105050 家具、寢具、廚房器具、裝設品批發業；F106010 五金批發業；F106020 日常用品批發業；F107030 清潔用品批發業；F108040 化粧品批發業；F109070 文教、樂器、育樂用品批發業；F113050 電腦及事務性機器設備批發業；F113070 電信器材批發業；F115010 首飾及貴金屬批發業；F115020 礦石批發業；F203010 食品什貨、飲料零售業；F204110 布疋、衣著、鞋、帽、傘、服飾品零售業；F205040 家具、寢具、廚房器具、裝設品零售業；F206010 五金零售業；F206020 日常用品零售業；F207030 清潔用品零售業；F208040 化粧品零售業；F209060 文教、樂器、育樂用品零售業；F213030 電腦及事務性機器設備零售業；F213060 電信器材零售業；F215010 首飾及貴金屬零售業；F215020 礦石零售業；F299990 其他零售業；F399040 無店面零售業；F399990 其他綜合零售業；F401010 國際貿易業；I599990 其他設計業；ZZ99999 除許可業務外，得經營法令非禁止或限制之業務,新北市,變更,11504
61245262,瑪魯寵物精品店,新北市三重區自強路1段200號115年04月,范芯瑜,100000,,115/04/07,轉讓登記,F201090 觀賞魚零售業；F202010 飼料零售業；F204110 布疋、衣著、鞋、帽、傘、服飾品零售業；F206010 五金零售業；F206020 日常用品零售業；F206040 水器材料零售業；F206050 寵物食品及其用品零售業；F207030 清潔用品零售業；F207070 動物用藥零售業；F399990 其他綜合零售業；F401010 國際貿易業；ZZ99999 除許可業務外，得經營法令非禁止或限制之業務,新北市,變更,11504
61245501,富鼎實業社,新北市板橋區中山路1段293之1號13樓之1,丁冠博,200000,,115/04/29,所營業務變更,F101990 其他農、畜、水產品批發業；F101040 家畜家禽批發業；F201020 畜產品零售業；F101050 水產品批發業；F201030 水產品零售業；F102170 食品什貨批發業；F203010 食品什貨、飲料零售業；F401010 國際貿易業；G801010 倉儲業；IZ06010 理貨包裝業；F199990 其他批發業；F299990 其他零售業；F399040 無店面零售業；ZZ99999 除許可業務外，得經營法令非禁止或限制之業務；F104110 布疋、衣著、鞋、帽、傘、服飾品批發業；F106020 日常用品批發業,新北市,變更,11504
61245740,享家企業社,新北市中和區中山路2段79號,周秉澤,200000,,115/04/29,轉讓登記,JZ99080 美容美髮服務業；ZZ99999 除許可業務外，得經營法令非禁止或限制之業務,新北市,變更,11504
61246065,瑞特科技企業社,新北市新店區安興路109號14樓之7,陳慧玲,200000,,115/04/30,轉讓登記,F113070 電信器材批發業；F213060 電信器材零售業；F399040 無店面零售業；F206020 日常用品零售業；F104110 布疋、衣著、鞋、帽、傘、服飾品批發業；F204110 布疋、衣著、鞋、帽、傘、服飾品零售業；F203010 食品什貨、飲料零售業；F119010 電子材料批發業；F219010 電子材料零售業；F213010 電器零售業；F113050 電腦及事務性機器設備批發業；F213030 電腦及事務性機器設備零售業；F106010 五金批發業；F206010 五金零售業；F401010 國際貿易業；ZZ99999 除許可業務外，得經營法令非禁止或限制之業務,新北市,變更,11504
61246396,明旺百貨商行,新北市永和區中正路579號(1樓),廖寶華,100000,,115/04/27,所營業務變更,F204110 布疋、衣著、鞋、帽、傘、服飾品零售業；F215010 首飾及貴金屬零售業；F501030 飲料店業,新北市,變更,11504
61246895,民來商號,新北市三重區自強路1段220巷1弄8號115年04月,藍文鈺,240000,,115/04/20,所在地變更,F501990 其他餐飲業；F203010 食品什貨、飲料零售業；F501030 飲料店業；ZZ99999 除許可業務外，得經營法令非禁止或限制之業務,新北市,變更,11504
61247402,耀色工作室,新北市永和區福和路42號2樓,施鈞耀,200000,,115/04/07,所在地變更,JA01010 汽車修理業；JA01990 其他汽車服務業；ZZ99999 除許可業務外，得經營法令非禁止或限制之業務,新北市,變更,11504
61248057,築日設計工作室,新北市三重區中正北路145巷5弄15號(1樓),李承陽,100000,,115/04/22,所營業務變更,JB01010 會議及展覽服務業；J601010 藝文服務業；I503010 景觀設計業；I599990 其他設計業；I501010 產品設計業；I401010 一般廣告服務業；I103060 管理顧問業；I199990 其他顧問服務業,新北市,變更,11504
61248198,鎏金企業社,新北市泰山區新北大道6段375號(1樓),卜遠達,50000,,115/04/21,名稱變更,JA01990 其他汽車服務業；ZZ99999 除許可業務外，得經營法令非禁止或限制之業務；F214030 汽、機車零件配備零售業；F399040 無店面零售業,新北市,變更,11504
61248296,輕鬆忙資訊企業社,新北市中和區員山路420巷11號(1樓),張元睿,100000,,115/04/07,所在地變更,I301010 資訊軟體服務業；I301020 資料處理服務業；I301030 電子資訊供應服務業；I301060 網路廣告平臺業；IE01010 電信業務門號代辦業；IZ12010 人力派遣業；IZ13010 網路認證服務業；J399010 軟體出版業；JZ99990 未分類其他服務業；I103060 管理顧問業；IZ99990 其他工商服務業,新北市,變更,11504
61248535,鑫航國際實業社,新北市樹林區龍興街14巷7號2樓,黃玟寧,200000,,115/04/15,所在地變更,G799990 其他運輸輔助業；IZ06010 理貨包裝業；EZ02010 起重工程業；ZZ99999 除許可業務外，得經營法令非禁止或限制之業務,新北市,變更,11504
61248556,拾光藏香工作室,新北市板橋區中山路2段326之2號12樓115年04月,江孟,10000,,115/04/07,所營業務變更,F399040 無店面零售業；F299990 其他零售業；ZZ99999 除許可業務外，得經營法令非禁止或限制之業務,新北市,變更,11504
61249295,十水企業社,新北市板橋區南雅東路29巷8號4樓115年04月,林慈心,100000,,115/04/15,所營業務變更,I102010 一般投資顧問業；I103060 管理顧問業；I301010 資訊軟體服務業；I301020 資料處理服務業；I301030 電子資訊供應服務業；I301050 實境體感應用服務業；I401010 一般廣告服務業；I501010 產品設計業；I599990 其他設計業；IZ13010 網路認證服務業；IZ99990 其他工商服務業；IZ15010 市場研究及民意調查業；IG02010 研究發展服務業；J399010 軟體出版業；J305010 有聲出版業；J303010 雜誌（期刊）出版業；JI01010 互動式情境體驗服務業；J202010 產業育成業；F401010 國際貿易業；ZZ99999 除許可業務外，得經營法令非禁止或限制之業務；F601010 智慧財產權業；JB01010 會議及展覽服務業；J601010 藝文服務業；JZ99030 攝影業；J304010 圖書出版業；C701010 印刷業；IZ12010 人力派遣業；IZ02010 打字業；IZ10010 排版業；IZ04010 翻譯業；J401010 電影片製作業；J404020 提供設備及場地供電影片拍攝業；J503040 廣播電視廣告業（原:J503041廣播電視廣告業）；J503020 電視節目製作業（原:J503021電視節目製作業）；J404010 動畫影片製作業；J503010 廣播節目製作業（原:J503011廣播節目製作業）；J404050 電影特效製作業；F209060 文教、樂器、育樂用品零售業,新北市,變更,11504
61249730,迎朋企業社,新北市五股區成洲七路48號8樓115年04月,吳聿鈞,245000,,115/04/10,所營業務變更,C306010 成衣業；E599010 配管工程業；E601010 電器承裝業；E601020 電器安裝業；E603010 電纜安裝工程業；E603040 消防安全設備安裝工程業；E603050 自動控制設備工程業；E603080 交通號誌安裝工程業；E603090 照明設備安裝工程業；E604010 機械安裝業；E607010 太陽熱能設備安裝工程業；E701010 電信工程業；E801020 門窗安裝工程業；E901010 油漆工程業；E903010 防蝕、防銹工程業；EZ05010 儀器、儀表安裝工程業；EZ06010 交通標示工程業；EZ07010 鑽孔工程業；EZ15010 保溫、保冷安裝工程業；F106010 五金批發業；F106040 水器材料批發業；F107010 漆料、塗料批發業；F113010 機械批發業；F113020 電器批發業；F113030 精密儀器批發業；F113090 交通標誌器材批發業；F113070 電信器材批發業；F114030 汽、機車零件配備批發業；F117010 消防安全設備批發業；F119010 電子材料批發業；F206010 五金零售業；F206040 水器材料零售業；F207010 漆料、塗料零售業；F213010 電器零售業；F213040 精密儀器零售業；F213060 電信器材零售業；F213080 機械器具零售業；F213090 交通標誌器材零售業；F214030 汽、機車零件配備零售業；F217010 消防安全設備零售業；F401010 國際貿易業；F101050 水產品批發業；F101130 蔬果批發業；F101990 其他農、畜、水產品批發業；F201010 農產品零售業；F201020 畜產品零售業；F201030 水產品零售業；F201990 其他農畜水產品零售業；F399040 無店面零售業；ZZ99999 除許可業務外，得經營法令非禁止或限制之業務,新北市,變更,11504
61250638,南雅十全排骨店,新北市板橋區南雅南路1段36號(1樓),陳潛嶽,100000,,115/04/28,轉讓登記,F501060 餐館業；F501990 其他餐飲業,新北市,變更,11504
61250813,暖抱寵物美學館,新北市淡水區中山北路1段207巷37弄4號(1樓),李榮清,50000,,115/04/15,轉讓登記,F206050 寵物食品及其用品零售業；A401060 其他動物服務業；JZ99180 寵物美容服務業；JZ99990 未分類其他服務業；ZZ99999 除許可業務外，得經營法令非禁止或限制之業務,新北市,變更,11504
61250927,冰島上的花甜品鋪,新北市土城區中央路二段56號,蔡憲緯,100000,,115/04/27,所營業務變更,F203010 食品什貨、飲料零售業；F501030 飲料店業,新北市,變更,11504
61251088,英記食品,新北市汐止區大同路1段337巷15弄9號4樓,魏仲鑫,100000,,115/04/13,所營業務變更,F203010 食品什貨、飲料零售業,新北市,變更,11504
61251171,認知數據工作室,新北市板橋區光華街15巷42號5樓,劉建笙,200000,,115/04/16,所營業務變更,I103060 管理顧問業；I199990 其他顧問服務業；I301010 資訊軟體服務業；I301020 資料處理服務業；I301060 網路廣告平臺業；IG02010 研究發展服務業；I301030 電子資訊供應服務業；J202010 產業育成業；J399010 軟體出版業；F399040 無店面零售業,新北市,變更,11504
61251411,信展金屬企業社,新北市中和區民安街31號2樓,陳信安,200000,,115/04/16,所在地變更,CA02010 金屬結構及建築組件製造業；CA02060 金屬容器製造業；CA02080 金屬鍛造業；CA02090 金屬線製品製造業；CA02990 其他金屬製品製造業；CA01050 鋼材二次加工業；F106010 五金批發業；F206010 五金零售業；E599010 配管工程業；E801010 室內裝潢業；E801020 門窗安裝工程業；E801030 室內輕鋼架工程業；E801070 廚具、衛浴設備安裝工程業；EZ05010 儀器、儀表安裝工程業；EZ07010 鑽孔工程業；EZ99990 其他工程業；ZZ99999 除許可業務外，得經營法令非禁止或限制之業務,新北市,變更,11504
61251432,閎圖興業,新北市樹林區中山路1段33號,謝浤庠,100000,,115/04/13,所營業務變更,F501030 飲料店業；F203020 菸酒零售業；ZZ99999 除許可業務外，得經營法令非禁止或限制之業務,新北市,變更,11504
61252256,沉沁式護膚芳香工作室,新北市樹林區中山路2段154號(2樓) 115年04月,李沁潔,30000,,115/04/14,所在地變更,JZ99080 美容美髮服務業,新北市,變更,11504
61252592,鼎安企業社,新北市中和區景新街338號12樓,陳憲民,200000,,115/04/14,名稱變更,G799990 其他運輸輔助業；EZ02010 起重工程業；F205040 家具、寢具、廚房器具、裝設品零售業；I103060 管理顧問業；IZ06010 理貨包裝業；IZ12010 人力派遣業；IZ99990 其他工商服務業；JZ99990 未分類其他服務業；ZZ99999 除許可業務外，得經營法令非禁止或限制之業務,新北市,變更,11504
61252798,彩礦與造工作室,新北市五股區御史路1巷31號7樓,蕭誌德,100000,,115/04/24,所營業務變更,F215020 礦石零售業；F299990 其他零售業；F399040 無店面零售業；F206020 日常用品零售業,新北市,變更,11504
61253516,敏潔工作室,新北市三重區溪尾街325巷3弄8號2樓,林姿宜,200000,,115/04/30,所營業務變更,IZ12010 人力派遣業；J101010 建築物清潔服務業；F201010 農產品零售業,新北市,變更,11504
61254819,多咪匠企業社,新北市土城區中央路3段87號5樓之1,蕭詠欣,200000,,115/04/20,所營業務變更,F104110 布疋、衣著、鞋、帽、傘、服飾品批發業；F106020 日常用品批發業；F106060 寵物食品及其用品批發業；F204110 布疋、衣著、鞋、帽、傘、服飾品零售業；F206020 日常用品零售業；F206050 寵物食品及其用品零售業；J602010 演藝活動業；JZ99990 未分類其他服務業；ZZ99999 除許可業務外，得經營法令非禁止或限制之業務,新北市,變更,11504
61255113,泳騰工程行,新北市板橋區篤行路2段19號2樓,郭昌諺,200000,,115/04/21,名稱變更,E901010 油漆工程業；E903010 防蝕、防銹工程業；E801010 室內裝潢業；E603100 電焊工程業；EZ11010 球場跑道樹脂材料鋪設工程業；EZ14010 運動場地用設備工程業；EZ99990 其他工程業,新北市,變更,11504
61255182,致誠清潔企業社,新北市土城區明德路2段105號,胡壽慶,100000,,115/04/24,所營業務變更,F207030 清潔用品零售業；F399040 無店面零售業,新北市,變更,11504
61255373,微笑派特寵物美學,新北市五股區成泰路3段258號(1樓) 115年04月,鄭海萍,100000,,115/04/23,所營業務變更,F206050 寵物食品及其用品零售業；JZ99180 寵物美容服務業；JZ99990 未分類其他服務業；F204110 布疋、衣著、鞋、帽、傘、服飾品零售業；F205040 家具、寢具、廚房器具、裝設品零售業；F206010 五金零售業；F206020 日常用品零售業；F206050 寵物食品及其用品零售業；F207030 清潔用品零售業；F209060 文教、樂器、育樂用品零售業；F211010 建材零售業；F213010 電器零售業；F213030 電腦及事務性機器設備零售業；F219010 電子材料零售業；F299990 其他零售業；F399990 其他綜合零售業；F399040 無店面零售業；F203010 食品什貨、飲料零售業；ZZ99999 除許可業務外，得經營法令非禁止或限制之業務,新北市,變更,11504
61366716,宜嵐蔬果行,新北市板橋區板城路1000號,李梓丞,200000,,115/04/01,外縣市遷入,F201010 農產品零售業；ZZ99999 除許可業務外，得經營法令非禁止或限制之業務；F501030 飲料店業；F299990 其他零售業；F501060 餐館業；F102170 食品什貨批發業；F199990 其他批發業；F203020 菸酒零售業,新北市,變更,11504
66963934,阿鴻油漆工程行,新北市汐止區中正路38號5樓之2,羅淑梅,400000,,115/04/20,所在地變更,E901010 油漆工程業（赴客戶處現場作業）,新北市,變更,11504
72639372,方大娃娃屋,新北市汐止區新台五路2段83之1號,方立杰,200000,,115/04/07,外縣市遷入,F209060 文教、樂器、育樂用品零售業；F204110 布疋、衣著、鞋、帽、傘、服飾品零售業；F206020 日常用品零售業；F210010 鐘錶零售業,新北市,變更,11504
72663175,怡錦企業社,新北市中和區圓通路369巷38弄19號3樓,蘇錦明,245000,,115/04/28,所營業務變更,F107010 漆料、塗料批發業；F207010 漆料、塗料零售業；E901010 油漆工程業；A102080 園藝服務業；A101050 花卉栽培業；J101010 建築物清潔服務業；ZZ99999 除許可業務外，得經營法令非禁止或限制之業務,新北市,變更,11504
72668805,翔正實業社,新北市新莊區中正路457巷21之2號115年04月,黃品翔,100000,,115/04/28,組織變更,IZ06010 理貨包裝業；G799990 其他運輸輔助業；ZZ99999 除許可業務外，得經營法令非禁止或限制之業務,新北市,變更,11504
72670915,愛蜜莉企業社,新北市樹林區東榮街91巷1弄2號4樓,徐彥平,200000,,115/04/29,轉讓登記,F203010 食品什貨、飲料零售業；F399990 其他綜合零售業；F399040 無店面零售業,新北市,變更,11504
72676262,蔬采企業社,新北市蘆洲區和平路116號,劉亞文,240000,,115/04/23,其他,ZZ99999 除許可業務外，得經營法令非禁止或限制之業務；J101030 廢棄物清除業；J101040 廢棄物處理業；J101080 資源回收業；J101090 廢棄物清理業；F199010 回收物料批發業,新北市,變更,11504
72693564,優品貿易商行,新北市中和區中山路2段332巷51號14樓,潘奕豪,200000,,115/04/14,轉讓登記,F104110 布疋、衣著、鞋、帽、傘、服飾品批發業；F105050 家具、寢具、廚房器具、裝設品批發業；F107030 清潔用品批發業；F108040 化粧品批發業；F110010 鐘錶批發業；F113020 電器批發業；F204110 布疋、衣著、鞋、帽、傘、服飾品零售業；F399040 無店面零售業；F401010 國際貿易業；IZ06010 理貨包裝業；IZ13010 網路認證服務業；IZ99990 其他工商服務業；ZZ99999 除許可業務外，得經營法令非禁止或限制之業務,新北市,變更,11504
72696491,妹記食品商行,新北市三重區重新路2段78號15樓,呂聖閎,50000,,115/04/02,所在地變更,F501030 飲料店業；F203010 食品什貨、飲料零售業；ZZ99999 除許可業務外，得經營法令非禁止或限制之業務,新北市,變更,11504
72857670,果子樹工作室,新北市三重區溪尾街108巷46弄17號(2樓) 115年04月,林敬恒,1000000,,115/04/14,所營業務變更,F102170 食品什貨批發業；F203010 食品什貨、飲料零售業；F399040 無店面零售業；C109010 調味品製造業；C103050 罐頭、冷凍、脫水及醃漬食品製造業；C104020 烘焙炊蒸食品製造業；C199010 麵條、粉條類食品製造業；C199020 食用冰製造業；C199030 即食餐食製造業；C199040 豆類加工食品製造業；C199990 未分類其他食品製造業；F121010 食品添加物批發業；F399990 其他綜合零售業；F401010 國際貿易業；F501060 餐館業；ZZ99999 除許可業務外，得經營法令非禁止或限制之業務,新北市,變更,11504
72858994,天真堂精品百貨企業社,新北市新莊區中原路315號5樓,董幸君,200000,,115/04/22,所在地變更,F201010 農產品零售業；F201990 其他農畜水產品零售業；F203010 食品什貨、飲料零售業；F204110 布疋、衣著、鞋、帽、傘、服飾品零售業；F205040 家具、寢具、廚房器具、裝設品零售業；F206020 日常用品零售業；F208040 化粧品零售業；F213030 電腦及事務性機器設備零售業；F219010 電子材料零售業；F399040 無店面零售業；ZZ99999 除許可業務外，得經營法令非禁止或限制之業務,新北市,變更,11504
72859558,瑞海商行,新北市林口區南勢里文化三路1段617巷181號2樓115年04月,張洋瑞,1000000,,115/04/14,外縣市遷入,F102170 食品什貨批發業；F102180 酒精批發業；F104110 布疋、衣著、鞋、帽、傘、服飾品批發業；F106010 五金批發業；F106020 日常用品批發業；F108040 化粧品批發業；F109070 文教、樂器、育樂用品批發業；F110010 鐘錶批發業；F110020 眼鏡批發業；F115010 首飾及貴金屬批發業；F116010 照相器材批發業；F118010 資訊軟體批發業；F119010 電子材料批發業；F203010 食品什貨、飲料零售業；F203020 菸酒零售業；F204110 布疋、衣著、鞋、帽、傘、服飾品零售業；F208040 化粧品零售業；F209060 文教、樂器、育樂用品零售業；F399040 無店面零售業；F401010 國際貿易業；F501030 飲料店業；I301040 第三方支付服務業；IZ12010 人力派遣業；JZ99030 攝影業；JZ99070 裁縫服務業；ZZ99999 除許可業務外，得經營法令非禁止或限制之業務,新北市,變更,11504
72862408,心禮企業社,新北市樹林區柑園街2段122巷1號6樓,彭逸欣,200000,,115/04/15,所營業務變更,F201010 農產品零售業；F201020 畜產品零售業；F201030 水產品零售業；F399040 無店面零售業；ZZ99999 除許可業務外，得經營法令非禁止或限制之業務；F208031 醫療器材零售業；I501010 產品設計業；I599990 其他設計業；I301010 資訊軟體服務業；F118010 資訊軟體批發業,新北市,變更,11504
72871785,金禾酒坊,新北市新莊區中港一街31號,黃天憐,100000,,115/04/02,所在地變更,F203020 菸酒零售業；F203010 食品什貨、飲料零售業；ZZ99999 除許可業務外，得經營法令非禁止或限制之業務,新北市,變更,11504
72873313,初玉號,新北市土城區明峯街27號,曾祥燊,100000,,115/04/16,復業,F501060 餐館業,新北市,變更,11504
72876178,邑品小吃店,新北市萬里區瑪鋉路33-2號,黃林玉琴,50000,,115/04/28,名稱變更,F501060 餐館業；ZZ99999 除許可業務外，得經營法令非禁止或限制之業務,新北市,變更,11504
72877795,順儷府中藥局,新北市板橋區中山路1段96號(1樓),黃志誠,100000,,115/04/14,轉讓登記,F203010 食品什貨、飲料零售業；F207030 清潔用品零售業；F207080 環境用藥零售業；F208040 化粧品零售業；F208050 乙類成藥零售業；F399990 其他綜合零售業；ZZ99999 除許可業務外，得經營法令非禁止或限制之業務,新北市,變更,11504
72882066,姐姐的卡娃伊二代選物販賣機店,新北市三重區大榮街26號,潘信志,50000,,115/04/13,轉讓登記,F209060 文教、樂器、育樂用品零售業；F203010 食品什貨、飲料零售業,新北市,變更,11504
73780664,順楓園藝坊,新北市新莊區中信街５１巷２弄４號３樓（現場僅供辦公室使用）,張瑩凌,200000,,115/04/07,轉讓登記,A101050 花卉栽培業；F201070 花卉零售業；F207050 肥料零售業,新北市,變更,11504
73790728,高霖水電行,新北市三重區大同北路167巷49弄24號2樓,劉哲銘,50000,,115/04/20,轉讓登記,F213010 電器零售業；J101010 住宅及建築清潔服務業；JA02010 電器修理業,新北市,變更,11504
74940529,偉德服裝社,新北市土城區延和路146巷14弄4號,林宏明,200000,,115/04/21,所在地變更,F104020 成衣批發業,新北市,變更,11504
75671509,漢義商行,新北市新店區中正路683號,鄭佑民,30000,,115/04/17,轉讓登記,F209060 文教、樂器、育樂用品零售業,新北市,變更,11504
75934046,嶺鑫景觀工程行,新北市三重區雙園街46號(3樓),潘世豪,200000,,115/04/16,外縣市遷入,I503010 景觀、室內設計業；EZ99990 其他工程業,新北市,變更,11504
78185257,好彩頭電話器材行,新北市泰山區德安街26號4樓之4,鄭啓昌,200000,,115/04/27,所在地變更,F113050 事務性機器設備批發業；F113070 電信器材批發業；F213030 事務性機器設備零售業；F213060 電信器材零售業,新北市,變更,11504
78204992,豪信工程行,新北市八里區龍米路1段40號115年04月,莊金瑄,200000,,115/04/13,所在地變更,E801010 室內裝潢業；I503010 景觀、室內設計業,新北市,變更,11504
78302446,牛井飲食店,新北市中和區中山路２段４０號１樓,陳平源,100000,,115/04/16,其他,F501030 飲料店業；F501060 餐館業,新北市,變更,11504
78304697,嘉雄企業社,新北市三重區溪尾街325巷21號4樓,李嘉雄,200000,,115/04/29,所在地變更,F113010 機械批發業；F213080 機械器具零售業,新北市,變更,11504
78879525,吉驛五金行,新北市樹林區中正路685號1樓,張寳吉,200000,,115/04/22,更正,F106010 五金批發業,新北市,變更,11504
79188823,端端藝術工坊,新北市新店區福園街17巷1號,李曾霈,100000,,115/04/02,所在地變更,F401010 國際貿易業；I105010 藝術品諮詢顧問業；I501010 產品設計業；I599990 其他設計業；ZZ99999 除許可業務外，得經營法令非禁止或限制之業務,新北市,變更,11504
79865648,隧道音像社,新北市新店區安興路105號5樓之2 115年04月,張能禎,200000,,115/04/30,外縣市遷入,I401010 一般廣告服務業；I599990 其他設計業；J401010 電影片製作業；J402010 電影片發行業；J403010 電影片映演業；J404010 動畫影片製作業；J404020 提供設備及場地供電影片拍攝業；J404030 電影沖印業；J404040 電影錄音業；J404050 電影特效製作業；J503010 廣播節目製作業；J503020 電視節目製作業；J503030 廣播電視節目發行業；J503040 廣播電視廣告業；J503050 錄影節目帶業；J601010 藝文服務業；J602010 演藝活動業；J603010 音樂展演空間業；J903020 登山嚮導業；JB01010 會議及展覽服務業；JZ99030 攝影業；JZ99050 仲介服務業；JZ99990 未分類其他服務業；J202010 產業育成業；ZZ99999 除許可業務外，得經營法令非禁止或限制之業務,新北市,變更,11504
79872394,陵詠偉企業社,新北市新莊區富貴路498號6樓,陳禹潓,200000,,115/04/17,負責人改名,H701050 投資興建公共建設業；H701010 住宅及大樓開發租售業；H701020 工業廠房開發租售業；H701060 新市鎮、新社區開發業；H701070 區段徵收及市地重劃代辦業；H701090 都市更新整建維護業；H702010 建築經理業；H703090 不動產買賣業；H703100 不動產租賃業；HZ99990 其他金融、保險及不動產業；I102010 投資顧問業；I103060 管理顧問業；I199990 其他顧問服務業；I401010 一般廣告服務業；I503010 景觀、室內設計業；IZ12010 人力派遣業；IZ15010 市場研究及民意調查業；IZ99990 其他工商服務業；JZ99050 仲介服務業；ZZ99999 除許可業務外，得經營法令非禁止或限制之業務,新北市,變更,11504
80001478,達益空調工程行,新北市板橋區僑中二街116巷23號,黃靖瑋,240000,,115/04/21,所營業務變更,E599010 配管工程業；E601020 電器安裝業；EZ15010 保溫、保冷安裝工程業；F113020 電器批發業；F206010 五金零售業；F219010 電子材料零售業；JA02010 電器及電子產品修理業；F106020 日常用品批發業；F206020 日常用品零售業；F113050 電腦及事務性機器設備批發業；F213030 電腦及事務性機器設備零售業；ZZ99999 除許可業務外，得經營法令非禁止或限制之業務,新北市,變更,11504
80006641,健彰娃娃屋,新北市板橋區四川路1段280號(1樓) 115年04月,沈帛偉,200000,,115/04/22,轉讓登記,F209060 文教、樂器、育樂用品零售業；F213990 其他機械器具零售業；JE01010 租賃業；J799990 其他休閒服務業；JZ99990 未分類其他服務業；F399040 無店面零售業；ZZ99999 除許可業務外，得經營法令非禁止或限制之業務,新北市,變更,11504
80008795,福鑫金屬工程行,新北市樹林區佳園路3段432號6樓,王福謀,200000,,115/04/21,所在地變更,F106010 五金批發業；F106030 模具批發業；F111090 建材批發業；F113010 機械批發業；F120010 耐火材料批發業；F199010 回收物料批發業；F206010 五金零售業；F206030 模具零售業；F211010 建材零售業；F213080 機械器具零售業；F220010 耐火材料零售業；F401010 國際貿易業；E599010 配管工程業；E601020 電器安裝業；E603010 電纜安裝工程業；E603040 消防安全設備安裝工程業；E603050 自動控制設備工程業；E603090 照明設備安裝工程業；E603100 電焊工程業；E604010 機械安裝業；E801010 室內裝潢業；E801020 門窗安裝工程業；E801030 室內輕鋼架工程業；E801040 玻璃安裝工程業；E801070 廚具、衛浴設備安裝工程業；E901010 油漆工程業；E903010 防蝕、防銹工程業；EZ02010 起重工程業；EZ07010 鑽孔工程業；EZ09010 靜電防護及消除工程業；I501010 產品設計業；I503010 景觀、室內設計業；J101010 建築物清潔服務業；J101090 廢棄物清理業；JE01010 租賃業；ZZ99999 除許可業務外，得經營法令非禁止或限制之業務,新北市,變更,11504
80016325,龍昱企業社,新北市中和區民生街39號(1樓),陳昱維,60000,,115/04/20,名稱變更,F399040 無店面零售業,新北市,變更,11504
80016508,傑尼工作室,新北市淡水區忠寮里桂花樹4之2號,鍾易旻,200000,,115/04/13,所營業務變更,J802010 運動訓練業；J803010 運動表演業；J803020 運動比賽業；I199990 其他顧問服務業；ZZ99999 除許可業務外，得經營法令非禁止或限制之業務,新北市,變更,11504
80017387,聚財運動彩券行,新北市板橋區三民路2段202之26號115年04月,劉玲香,50000,,115/04/14,名稱變更,IZ18021 運動彩券經銷業,新北市,變更,11504
80018301,筷樂食刻健康餐盒,新北市永和區永貞路298號（1樓）,黃怡通,200000,,115/04/30,所在地變更,F501060 餐館業；F501030 飲料店業；F501990 其他餐飲業；ZZ99999 除許可業務外，得經營法令非禁止或限制之業務,新北市,變更,11504
80019049,鼎客屋商行,新北市中和區民享街86巷34號,童品若,200000,,115/04/13,出資額變更,F501060 餐館業；ZZ99999 除許可業務外，得經營法令非禁止或限制之業務,新北市,變更,11504
80019955,皇冠資訊企業社,新北市土城區福安街64號,李應祥,50000,,115/04/21,名稱變更,F209060 文教、樂器、育樂用品零售業；F399990 其他綜合零售業；JE01010 租賃業；ZZ99999 除許可業務外，得經營法令非禁止或限制之業務；I301010 資訊軟體服務業,新北市,變更,11504
80019961,霸氣開夾繁榮社,新北市新莊區民安西路191之1號,王俊弘,50000,,115/04/27,所在地變更,F209060 文教、樂器、育樂用品零售業,新北市,變更,11504
80024182,夠愛夾民族店,新北市板橋區民族路111號(1樓),古家維,180000,,115/04/10,轉讓登記,F209060 文教、樂器、育樂用品零售業,新北市,變更,11504
80026288,彤恩企業社,新北市新店區中央路181號115年04月,陳曼妮,200000,,115/04/20,負責人改名,F206060 祭祀用品零售業；F206020 日常用品零售業；F208040 化粧品零售業；F203010 食品什貨、飲料零售業；F215010 首飾及貴金屬零售業；F215020 礦石零售業；F399040 無店面零售業；F218010 資訊軟體零售業；F399990 其他綜合零售業；JZ99030 攝影業；J601010 藝文服務業；I401010 一般廣告服務業；IZ99990 其他工商服務業；JZ99990 未分類其他服務業；I103060 管理顧問業；I199990 其他顧問服務業；ZZ99999 除許可業務外，得經營法令非禁止或限制之業務,新北市,變更,11504
82085033,祥銘工程企業社,新北市新莊區富國路176巷5號6樓之4,陳祥銘,200000,,115/04/20,轉讓登記,E599010 配管工程業；E601010 電器承裝業；E603040 消防安全設備安裝工程業；E603090 照明設備安裝工程業；E801010 室內裝潢業；E801020 門窗安裝工程業；E801030 室內輕鋼架工程業；E801070 廚具、衛浴設備安裝工程業；E901010 油漆工程業；E903010 防蝕、防銹工程業；EZ02010 起重工程業；EZ05010 儀器、儀表安裝工程業；EZ06010 交通標示工程業；EZ07010 鑽孔工程業；EZ99990 其他工程業；F211010 建材零售業；I503010 景觀、室內設計業；J101010 建築物清潔服務業；J101090 廢棄物清理業；J101110 營建剩餘土石方資源處理業(Disposal Industry of ConstructionSurplus Soil)；J101990 其他環境衛生及污染防治服務業；ZZ99999 除許可業務外，得經營法令非禁止或限制之業務,新北市,變更,11504
82088067,鈄鈷間工作室,新北市中和區民富街32巷7之3號,蔡佳樺,50000,,115/04/27,復業,F399040 無店面零售業；JE01010 租賃業,新北市,變更,11504
82091598,幸霖企業社,新北市三重區重新路5段609巷14號之9,吳安芹,50000,,115/04/17,名稱變更,F203010 食品什貨、飲料零售業；F204110 布疋、衣著、鞋、帽、傘、服飾品零售業；F208040 化粧品零售業；F399040 無店面零售業；C402030 皮革、毛皮製品製造業,新北市,變更,11504
82093060,旭創企業社,新北市中和區景平路666號3樓115年04月,鄒銘智,100000,,115/04/23,所在地變更,E599010 配管工程業；E601010 電器承裝業；E701040 簡易電信設備安裝業；E801010 室內裝潢業；E801030 室內輕鋼架工程業；E801040 玻璃安裝工程業；E801070 廚具、衛浴設備安裝工程業；EZ99990 其他工程業；I503010 景觀、室內設計業；ZZ99999 除許可業務外，得經營法令非禁止或限制之業務,新北市,變更,11504
82094547,聖威矽藝工程行,新北市永和區民樂街66巷3號,呂雅芳,100000,,115/04/27,所在地變更,E801010 室內裝潢業；E801020 門窗安裝工程業；E801040 玻璃安裝工程業；E801070 廚具、衛浴設備安裝工程業；E901010 油漆工程業；E903010 防蝕、防銹工程業；EZ99990 其他工程業；F106040 水器材料批發業；F107010 漆料、塗料批發業；F111090 建材批發業；ZZ99999 除許可業務外，得經營法令非禁止或限制之業務,新北市,變更,11504
82112989,德富利飲料店,新北市永和區中山路1段287號,盧明耀,200000,,115/04/13,所在地變更,F501030 飲料店業；F102040 飲料批發業；F102170 食品什貨批發業；F106020 日常用品批發業；F203010 食品什貨、飲料零售業；F206020 日常用品零售業；ZZ99999 除許可業務外，得經營法令非禁止或限制之業務,新北市,變更,11504
82118415,燒惑日式燒肉店,新北市板橋區文化路1段323號(1、2樓),楊佩珊,168000,,115/04/22,轉讓登記,F203010 食品什貨、飲料零售業；F501060 餐館業；ZZ99999 除許可業務外，得經營法令非禁止或限制之業務,新北市,變更,11504
82119688,夜層木管髮藝工作室,新北市新莊區新泰路305巷3號(1樓) 115年04月,謝佩妤,100000,,115/04/28,轉讓登記,JZ99080 美容美髮服務業；ZZ99999 除許可業務外，得經營法令非禁止或限制之業務,新北市,變更,11504
82131085,振祥工程行,新北市新店區中華路47巷2弄2號3樓,黃振祥,200000,,115/04/20,所營業務變更,EZ99990 其他工程業；JE01010 租賃業；EZ07010 鑽孔工程業；E502010 燃料導管安裝工程業；E599010 配管工程業；E401010 疏濬業；E402010 沙石、淤泥海拋業；E801010 室內裝潢業；F111090 建材批發業；F211010 建材零售業；A101050 花卉栽培業；F101100 花卉批發業；ZZ99999 除許可業務外，得經營法令非禁止或限制之業務；F112040 石油製品批發業；F107200 化學原料批發業；F107990 其他化學製品批發業；F212050 石油製品零售業；F207200 化學原料零售業；F207990 其他化學製品零售業；F113010 機械批發業；F113990 其他機械器具批發業；F106010 五金批發業；F213080 機械器具零售業；F213990 其他機械器具零售業；F206010 五金零售業；E604010 機械安裝業；CB01010 機械設備製造業；CB01990 其他機械製造業；CA02010 金屬結構及建築組件製造業；CA02990 其他金屬製品製造業；CA01050 鋼材二次加工業；CA04010 表面處理業；I599990 其他設計業；I504010 花藝設計業；I503010 景觀設計業,新北市,變更,11504
82131183,淡藍氣泡實業社,新北市永和區永平路8號(1樓) 115年04月,洪嘉聲,100000,,115/04/09,轉讓登記,F209060 文教、樂器、育樂用品零售業；F203010 食品什貨、飲料零售業,新北市,變更,11504
82133485,普詮工程行,新北市淡水區八勢一街53之2號(1樓),許君銘,1300000,,115/04/29,所營業務變更,J101010 建築物清潔服務業；J101020 病媒防治業；J101030 廢棄物清除業；J101040 廢棄物處理業；J101050 環境檢測服務業；J101060 廢（污）水處理業；J101080 資源回收業；J101090 廢棄物清理業；J101990 其他環境衛生及污染防治服務業；JE01010 租賃業；JZ99990 未分類其他服務業；E401010 疏濬業；E599010 配管工程業；ZZ99999 除許可業務外，得經營法令非禁止或限制之業務；A101020 農作物栽培業；A101050 花卉栽培業；A102080 園藝服務業；F101100 花卉批發業；F201010 農產品零售業；F201070 花卉零售業,新北市,變更,11504
82141909,柏豐行,新北市新店區如意街8號地下1層之1,龔沛婕,100000,,115/04/21,轉讓登記,F203010 食品什貨、飲料零售業；F203020 菸酒零售業；F204110 布疋、衣著、鞋、帽、傘、服飾品零售業；F206020 日常用品零售業；F208040 化粧品零售業；F299990 其他零售業；F399040 無店面零售業；F399990 其他綜合零售業；F401010 國際貿易業,新北市,變更,11504
82142793,楊康攝影工作室,新北市板橋區國光路71號（1樓）,楊康,150000,,115/04/01,所營業務變更,JZ99030 攝影業；J601010 藝文服務業；JZ99080 美容美髮服務業；IZ01010 影印業；F109070 文教、樂器、育樂用品批發業；ZZ99999 除許可業務外，得經營法令非禁止或限制之業務；JE01010 租賃業,新北市,變更,11504
82143890,巷語小吃店,新北市土城區明德路2段213號115年04月,湯定宇,240000,,115/04/09,轉讓登記,F501060 餐館業,新北市,變更,11504
82150322,潤立金屬工程行,新北市新店區安民街156巷36號4樓,文忠義,200000,,115/04/21,所在地變更,F106010 五金批發業；F111090 建材批發業；F119010 電子材料批發業；F120010 耐火材料批發業；F206010 五金零售業；F211010 建材零售業；F220010 耐火材料零售業；F217010 消防安全設備零售業；F401010 國際貿易業；E801010 室內裝潢業；E801020 門窗安裝工程業；E801030 室內輕鋼架工程業；E801040 玻璃安裝工程業；EZ99990 其他工程業；ZZ99999 除許可業務外，得經營法令非禁止或限制之業務,新北市,變更,11504
82160481,好夾先生商行,新北市板橋區新興路5號(1樓),楊宗霖,100000,,115/04/22,轉讓登記,F209060 文教、樂器、育樂用品零售業,新北市,變更,11504
82191962,靚淳氧森企業社,新北市汐止區福德二路57號,吳惠華,200000,,115/04/22,名稱變更,F501060 餐館業；F501990 其他餐飲業；F399990 其他綜合零售業；J905010 民宿；JZ99080 美容美髮服務業；ZZ99999 除許可業務外，得經營法令非禁止或限制之業務,新北市,變更,11504
82298079,波波寵物精品店,新北市蘆洲區長榮路377號(1樓)、2樓,連政,100000,,115/04/10,所在地變更,F201090 觀賞魚零售業；F202010 飼料零售業；F206050 寵物食品及其用品零售業；F207070 動物用藥零售業；ZZ99999 除許可業務外，得經營法令非禁止或限制之業務,新北市,變更,11504
82299210,元氣專業沙龍,新北市三峽區文化路62號2樓115年04月,廖麗真,100000,,115/04/14,轉讓登記,JZ99080 美容美髮服務業；F207030 清潔用品零售業；F208040 化粧品零售業,新北市,變更,11504
82300201,全興設計裝潢工程行,新北市新莊區新樹路771號3樓,謝麗萍,5000000,,115/04/08,其他,F111090 建材批發業；F106010 五金批發業；E603100 電焊工程業；E801010 室內裝潢業；E801020 門窗安裝工程業；E801030 室內輕鋼架工程業；E801040 玻璃安裝工程業；E801070 廚具、衛浴設備安裝工程業；E901010 油漆工程業；E903010 防蝕、防銹工程業；E599010 配管工程業；E601020 電器安裝業；E603090 照明設備安裝工程業；ZZ99999 除許可業務外，得經營法令非禁止或限制之業務；CB01010 機械設備製造業；C901030 水泥製造業；CA02010 金屬結構及建築組件製造業,新北市,變更,11504
82302279,弘安興業社,新北市八里區中華路2段360號9樓,黃啓文,200000,,115/04/24,所在地變更,E599010 配管工程業；E801010 室內裝潢業；E801020 門窗安裝工程業；E801030 室內輕鋼架工程業；E801040 玻璃安裝工程業；E801070 廚具、衛浴設備安裝工程業；E901010 油漆工程業；E903010 防蝕、防銹工程業；F106010 五金批發業；F111090 建材批發業；F211010 建材零售業；ZZ99999 除許可業務外，得經營法令非禁止或限制之業務,新北市,變更,11504
82304059,晨曦企業社,新北市樹林區保安街１段２４９號,陳正偉,200000,,115/04/24,轉讓登記,F203010 食品什貨、飲料零售業；F399040 無店面零售業；ZZ99999 除許可業務外，得經營法令非禁止或限制之業務,新北市,變更,11504
82307464,伊蒂亞美學館,新北市新莊區公園路64號2樓,卓依伶,30000,,115/04/15,所在地變更,JZ99080 美容美髮服務業,新北市,變更,11504
82308061,威爾森壹号工作室,新北市汐止區中興路152之1號2樓,葉一麟,100000,,115/04/28,轉讓登記,JZ99080 美容美髮服務業；ZZ99999 除許可業務外，得經營法令非禁止或限制之業務,新北市,變更,11504
82313310,丫咪日式精品,新北市土城區青雲路95號(1樓) 115年04月,鄒金蓮,100000,,115/04/21,所在地變更,F204110 布疋、衣著、鞋、帽、傘、服飾品零售業,新北市,變更,11504
82314893,和學苑國際文化企業社,新北市新店區中正路166號2樓,葉祐如,200000,,115/04/09,名稱變更,F104110 布疋、衣著、鞋、帽、傘、服飾品批發業；F106020 日常用品批發業；F107030 清潔用品批發業；F106010 五金批發業；F113050 電腦及事務性機器設備批發業；F119010 電子材料批發業；F115010 首飾及貴金屬批發業；F109070 文教、樂器、育樂用品批發業；C703010 印刷品裝訂及加工業；F108040 化粧品批發業；F105050 家具、寢具、廚房器具、裝設品批發業；F110020 眼鏡批發業；F114030 汽、機車零件配備批發業；ZZ99999 除許可業務外，得經營法令非禁止或限制之業務；F399040 無店面零售業；F401010 國際貿易業；I103060 管理顧問業；I301010 資訊軟體服務業；I401010 一般廣告服務業；JB01010 會議及展覽服務業；F108031 醫療器材批發業；F102170 食品什貨批發業；F102050 茶葉批發業；F111090 建材批發業；F199990 其他批發業；JE01010 租賃業；J202010 產業育成業；JZ99990 未分類其他服務業；I199990 其他顧問服務業；I501010 產品設計業；I599990 其他設計業；J303010 雜誌（期刊）出版業；J304010 圖書出版業；J305010 有聲出版業；J601010 藝文服務業；J602010 演藝活動業；J701120 兒童遊戲場業；J799990 其他休閒服務業,新北市,變更,11504
82315605,一品香料理小吃店,新北市汐止區忠孝東路270號(1樓) 115年04月,陳立圳,10000,,115/04/13,轉讓登記,F203010 食品什貨、飲料零售業；F501060 餐館業,新北市,變更,11504
82605463,溫居生活工作室,新北市新店區中央路179號,卓子翔,200000,,115/04/02,所營業務變更,I501010 產品設計業；I502010 服飾設計業；I503010 景觀設計業；I599990 其他設計業；F101980 其他動物批發業；F201980 其他動物零售業；A401060 其他動物服務業；F299990 其他零售業；F401010 國際貿易業；F206020 日常用品零售業；F399040 無店面零售業；ZZ99999 除許可業務外，得經營法令非禁止或限制之業務,新北市,變更,11504
83930473,大酷呆商行,新北市深坑區雲鄉路67巷6弄30號(3樓),林仁霜,200000,,115/04/29,繼承登記,F399990 其他綜合零售業（特許業務除外）,新北市,變更,11504
83995799,大來起重行,新北市新莊區龍安路278巷27號8樓,林麗琴,200000,,115/04/08,轉讓登記,EZ02010 起重工程業；JE01010 租賃業；F114030 汽、機車零件配備批發業；F214030 汽、機車零件配備零售業；F114050 車胎批發業；F214050 車胎零售業；F401010 國際貿易業；JA01010 汽車修理業；ZZ99999 除許可業務外，得經營法令非禁止或限制之業務,新北市,變更,11504
85136491,跳耀天使美髮沙龍店,新北市永和區永和路2段92巷5號,温弈姸,50000,,115/04/07,負責人改名,JZ99080 美容美髮服務業；F108040 化粧品批發業；F208040 化粧品零售業；ZZ99999 除許可業務外，得經營法令非禁止或限制之業務,新北市,變更,11504
85137148,諾亞方舟選物販賣店,新北市板橋區中山路2段313號,王威茹,150000,,115/04/01,轉讓登記,F209060 文教、樂器、育樂用品零售業,新北市,變更,11504
85140241,億德簡單生活企業社,新北市林口區東明三街368之1號3樓,林葉瑤,200000,,115/04/22,復業,F399040 無店面零售業；F204110 布疋、衣著、鞋、帽、傘、服飾品零售業,新北市,變更,11504
85140988,玩美傢飾工程行,新北市板橋區後埔街46號115年04月,何承忠,200000,,115/04/15,轉讓登記,F105050 家具、寢具、廚房器具、裝設品批發業；F106010 五金批發業；F106020 日常用品批發業；F205040 家具、寢具、廚房器具、裝設品零售業；F206010 五金零售業；F206020 日常用品零售業；F401010 國際貿易業；E801010 室內裝潢業；I501010 產品設計業；I503010 景觀、室內設計業；ZZ99999 除許可業務外，得經營法令非禁止或限制之業務,新北市,變更,11504
85142661,花現健康園藝社,新北市汐止區中興路96巷10號5樓,江成源,180000,,115/04/14,所營業務變更,I503010 景觀設計業；I504010 花藝設計業；F401010 國際貿易業；A101050 花卉栽培業；A102080 園藝服務業；A199990 其他農業；A201030 特殊林木經營業；A299990 其他林業；J101040 廢棄物處理業；J101090 廢棄物清理業；F101100 花卉批發業；F201070 花卉零售業；EZ99990 其他工程業；ZZ99999 除許可業務外，得經營法令非禁止或限制之業務,新北市,變更,11504
85143465,維瓦工作室,新北市三重區中正南路250巷33號5樓,周育婷,30000,,115/04/22,所營業務變更,I501010 產品設計業；I599990 其他設計業；I301010 資訊軟體服務業；I301030 電子資訊供應服務業；F399040 無店面零售業；F201010 農產品零售業；F401010 國際貿易業；ZZ99999 除許可業務外，得經營法令非禁止或限制之業務,新北市,變更,11504
85151387,成宇工程行,新北市三峽區中正路1段108巷7弄4號5樓之2,翁振昇,200000,,115/04/20,所在地變更,E599010 配管工程業；E801010 室內裝潢業；E801070 廚具、衛浴設備安裝工程業；E901010 油漆工程業；E903010 防蝕、防銹工程業；EZ07010 鑽孔工程業；EZ99990 其他工程業；EZ15010 保溫、保冷安裝工程業；F120010 耐火材料批發業；F207010 漆料、塗料零售業；F211010 建材零售業；ZZ99999 除許可業務外，得經營法令非禁止或限制之業務,新北市,變更,11504
85151611,卡普登設計工作室,新北市中和區中興街115巷1弄4號3樓115年04月,洪秀,200000,,115/04/29,所在地變更,I401010 一般廣告服務業；I599990 其他設計業；I501010 產品設計業；I301010 資訊軟體服務業；J303010 雜誌（期刊）出版業；J304010 圖書出版業；J401010 電影片製作業；J404010 動畫影片製作業；J404050 電影特效製作業,新北市,變更,11504
85158874,森下商行,新北市新莊區中正路708號8樓,宋欣穎,200000,,115/04/14,所在地變更,F204110 布疋、衣著、鞋、帽、傘、服飾品零售業；F208040 化粧品零售業；F399040 無店面零售業；F401010 國際貿易業；I501010 產品設計業；ZZ99999 除許可業務外，得經營法令非禁止或限制之業務,新北市,變更,11504
85162722,好事好食小吃店,新北市永和區永元路１２號,李楷霖,168888,,115/04/20,合夥人變更,F501060 餐館業；ZZ99999 除許可業務外，得經營法令非禁止或限制之業務,新北市,變更,11504
85168438,三和水族寵物館,新北市新莊區中正路48號之1(1樓),陳亮勲,240000,,115/04/01,所在地變更,F201090 觀賞魚零售業；F201980 其他動物零售業；F201990 其他農畜水產品零售業；F202010 飼料零售業；F206040 水器材料零售業；F206050 寵物食品及其用品零售業；F207070 動物用藥零售業；F399990 其他綜合零售業；F399040 無店面零售業；F299990 其他零售業,新北市,變更,11504
85171715,耀馬商行,新北市中和區華新街109巷28號2樓之3,林惠芬,200000,,115/04/20,所在地變更,F102170 食品什貨批發業；F105050 家具、寢具、廚房器具、裝設品批發業；F106020 日常用品批發業；F107030 清潔用品批發業；F107080 環境用藥批發業；F108040 化粧品批發業；F203010 食品什貨、飲料零售業；F205040 家具、寢具、廚房器具、裝設品零售業；F206020 日常用品零售業；F207030 清潔用品零售業；F207080 環境用藥零售業；F208040 化粧品零售業；I101090 食品顧問業；I199990 其他顧問服務業；F401010 國際貿易業；ZZ99999 除許可業務外，得經營法令非禁止或限制之業務,新北市,變更,11504
85172475,第第沃黑爾髮藝工作室,新北市新店區北新路2段168號,葉一麟,100000,,115/04/28,轉讓登記,JZ99080 美容美髮服務業；ZZ99999 除許可業務外，得經營法令非禁止或限制之業務,新北市,變更,11504
85219794,甜時工作室,新北市瑞芳區大埔路吉慶公園城2號5樓,喬翌晴,100000,,115/04/28,外縣市遷入,F399040 無店面零售業；ZZ99999 除許可業務外，得經營法令非禁止或限制之業務,新北市,變更,11504
85331987,詠恩企業社,新北市板橋區永豐街34號(1樓),張沛淇,100000,,115/04/28,負責人改名,JA03010 洗衣業,新北市,變更,11504
85333710,發大財選物販賣,新北市蘆洲區民族路252號115年04月,王威茹,160000,,115/04/01,轉讓登記,F209060 文教、樂器、育樂用品零售業,新北市,變更,11504
85336462,佑強工程行,新北市汐止區大同路1段497號4樓之3,李龍貴,1000000,,115/04/02,所在地變更,JA02990 其他修理業；I105010 藝術品諮詢顧問業；I199990 其他顧問服務業；I102010 投資顧問業；I503010 景觀、室內設計業；F401010 國際貿易業；H703100 不動產租賃業；J101040 廢棄物處理業；J101090 廢棄物清理業；JZ99050 仲介服務業；H703090 不動產買賣業；F213010 電器零售業；E801010 室內裝潢業；E801030 室內輕鋼架工程業；E801070 廚具、衛浴設備安裝工程業；E901010 油漆工程業；E903010 防蝕、防銹工程業；E701040 簡易電信設備安裝業；E599010 配管工程業；EZ99990 其他工程業；E603090 照明設備安裝工程業；E603010 電纜安裝工程業,新北市,變更,11504
85336977,維尼尼商號,新北市樹林區學成路571號3樓,于芯慈,50000,,115/04/28,所在地變更,F204110 布疋、衣著、鞋、帽、傘、服飾品零售業；F206020 日常用品零售業；F208040 化粧品零售業；F399040 無店面零售業；F399990 其他綜合零售業；F401010 國際貿易業；ZZ99999 除許可業務外，得經營法令非禁止或限制之業務,新北市,變更,11504
85337363,吃吃泰式料理店,新北市板橋區文化路1段270巷3弄14號(1樓),林彥宏,200000,,115/04/24,所在地變更,F501060 餐館業,新北市,變更,11504
85344287,晴天餐飲,新北市三峽區學成路231號115年04月,黃智煒,80000,,115/04/30,其他,F501060 餐館業,新北市,變更,11504
85347067,萊蝦拼好家居館,新北市永和區中正路151巷8弄12號4樓,魏子強,200000,,115/04/21,名稱變更,F102170 食品什貨批發業；F104110 布疋、衣著、鞋、帽、傘、服飾品批發業；F105050 家具、寢具、廚房器具、裝設品批發業；F106010 五金批發業；F106020 日常用品批發業；F113050 電腦及事務性機器設備批發業；F113110 電池批發業；F119010 電子材料批發業；F199990 其他批發業；F203010 食品什貨、飲料零售業；F204110 布疋、衣著、鞋、帽、傘、服飾品零售業；F205040 家具、寢具、廚房器具、裝設品零售業；F206010 五金零售業；F206020 日常用品零售業；F213110 電池零售業；F299990 其他零售業；F399040 無店面零售業；F399990 其他綜合零售業；F401010 國際貿易業；F114030 汽、機車零件配備批發業；F214030 汽、機車零件配備零售業；ZZ99999 除許可業務外，得經營法令非禁止或限制之業務,新北市,變更,11504
85424280,成峯瓦斯行,新北市蘆洲區永平街32巷57弄23號5樓,鄭村成,200000,,115/04/25,轉讓登記,F212030 煤零售業；D201040 液化石油氣分裝業；E603130 燃氣熱水器承裝業；F206010 五金零售業；F212050 石油製品零售業；F205040 家具、寢具、廚房器具、裝設品零售業；ZZ99999 除許可業務外，得經營法令非禁止或限制之業務,新北市,變更,11504
85437790,永饗商行,新北市永和區中正路609巷2號,杜明諭,200000,,115/04/01,名稱變更,F501060 餐館業；F501990 其他餐飲業,新北市,變更,11504
85438382,南波丸商行,新北市泰山區新民路8號(1樓),廖君培,60000,,115/04/13,組織變更,F399040 無店面零售業；F401010 國際貿易業；F109070 文教、樂器、育樂用品批發業；F209060 文教、樂器、育樂用品零售業,新北市,變更,11504
85441859,日日發企業社,新北市新莊區幸福路670巷5號,翁名勳,100000,,115/04/28,轉讓登記,F209060 文教、樂器、育樂用品零售業,新北市,變更,11504
85441936,亭心園天然烘焙坊,新北市蘆洲區長安街31號115年04月,陳澤豪,200000,,115/04/21,轉讓登記,ZZ99999 除許可業務外，得經營法令非禁止或限制之業務；F203010 食品什貨、飲料零售業,新北市,變更,11504
87300145,芳霖茶緣企業社,新北市鶯歌區尖山埔路75號,鐘健瑋,200000,,115/04/16,增資變更,F201010 農產品零售業；F501030 飲料店業；F299990 其他零售業；F203010 食品什貨、飲料零售業；ZZ99999 除許可業務外，得經營法令非禁止或限制之業務,新北市,變更,11504
87301067,寵愛窩寵物美容館,新北市土城區學成路156號,周子紘,30000,,115/04/17,所營業務變更,JZ99180 寵物美容服務業；F206050 寵物食品及其用品零售業；A401031 特定寵物服務業；F201081 特定寵物零售業,新北市,變更,11504
87304992,明燦輕鋼架工程行,新北市板橋區大觀路2段174巷163弄1號2樓115年04月,江冠賢,200000,,115/04/15,所營業務變更,E599010 配管工程業；E601010 電器承裝業；E601020 電器安裝業；E603040 消防安全設備安裝工程業；E603050 自動控制設備工程業；E603090 照明設備安裝工程業；E605010 電腦設備安裝業；E701040 簡易電信設備安裝業；E801010 室內裝潢業；E801020 門窗安裝工程業；E801030 室內輕鋼架工程業；E801040 玻璃安裝工程業；E801070 廚具、衛浴設備安裝工程業；E901010 油漆工程業；E903010 防蝕、防銹工程業；F105050 家具、寢具、廚房器具、裝設品批發業；F111090 建材批發業；F206040 水器材料零售業；F211010 建材零售業；I503010 景觀設計業；EZ99990 其他工程業；ZZ99999 除許可業務外，得經營法令非禁止或限制之業務,新北市,變更,11504
87305042,亮益環保企業社,新北市中和區中興街181號2樓,高崇竣,2000000,,115/04/30,增資變更,J101010 建築物清潔服務業；J101020 病媒防治業；J101030 廢棄物清除業；J101990 其他環境衛生及污染防治服務業；J101060 廢（污）水處理業；F206040 水器材料零售業；F213010 電器零售業；F107030 清潔用品批發業；F113100 污染防治設備批發業；F207030 清潔用品零售業；F213100 污染防治設備零售業；E599010 配管工程業；E601010 電器承裝業；E601020 電器安裝業；E603090 照明設備安裝工程業；E801010 室內裝潢業；E901010 油漆工程業；ZZ99999 除許可業務外，得經營法令非禁止或限制之業務,新北市,變更,11504
87312888,丸子小姐店,新北市淡水區水源街1段143巷13號3樓,簡鈺璇,200000,,115/04/29,轉讓登記,F204110 布疋、衣著、鞋、帽、傘、服飾品零售業,新北市,變更,11504
87313161,超越時空電玩屋,新北市板橋區民族路39號,曹莉,200000,,115/04/22,所在地變更,F209060 文教、樂器、育樂用品零售業；F218010 資訊軟體零售業；F213030 電腦及事務性機器設備零售業；F401010 國際貿易業；F399040 無店面零售業；ZZ99999 除許可業務外，得經營法令非禁止或限制之業務,新北市,變更,11504
87318172,先玄娛樂行,新北市新店區安德街83號(1樓),葉冠廷,100000,,115/04/20,轉讓登記,F209060 文教、樂器、育樂用品零售業,新北市,變更,11504
87318519,小輝蔬果,新北市板橋區懷仁街24巷24號(1樓),林育輝,200000,,115/04/07,所在地變更,F399040 無店面零售業；F201010 農產品零售業,新北市,變更,11504
87319904,婠媄企業社,新北市板橋區南雅南路2段108號,陳莉嬅,200000,,115/04/21,所營業務變更,F203010 食品什貨、飲料零售業；F204110 布疋、衣著、鞋、帽、傘、服飾品零售業；F208040 化粧品零售業；F301010 百貨公司業；JZ99080 美容美髮服務業；F108040 化粧品批發業；IZ99990 其他工商服務業；JZ99990 未分類其他服務業；ZZ99999 除許可業務外，得經營法令非禁止或限制之業務,新北市,變更,11504
87431673,瑄品美妍商行,新北市三重區新北大道1段133巷3號17樓,羅景倫,1000000,,115/04/23,組織變更,F208040 化粧品零售業；F399040 無店面零售業,新北市,變更,11504
87462112,拜勒威工作室,新北市板橋區江寧路3段53號115年04月,林文斌,30000,,115/04/08,所在地變更,F204110 布疋、衣著、鞋、帽、傘、服飾品零售業；F206020 日常用品零售業；F399040 無店面零售業,新北市,變更,11504
87464483,智尊便當店,新北市三重區自強路1段81號(1樓),王祥全,150000,,115/04/21,轉讓登記,F501060 餐館業；F501990 其他餐飲業；ZZ99999 除許可業務外，得經營法令非禁止或限制之業務,新北市,變更,11504
87467101,睿智企業社,新北市中和區福祥路60號(1樓),邱顯倫,300000,,115/04/09,復業,E603020 電梯安裝工程業；E603040 消防安全設備安裝工程業；IF01010 消防安全設備檢修業；E603050 自動控制設備工程業；E603090 照明設備安裝工程業；E903010 防蝕、防銹工程業；E603010 電纜安裝工程業；E599010 配管工程業；I503010 景觀、室內設計業；J101010 建築物清潔服務業；E601020 電器安裝業；E601010 電器承裝業；E604010 機械安裝業；EZ05010 儀器、儀表安裝工程業；ZZ99999 除許可業務外，得經營法令非禁止或限制之業務,新北市,變更,11504
87467279,好好買企業社,新北市三峽區中園街225之8號,李佩茹,50000,,115/04/10,轉讓登記,F399040 無店面零售業；F104110 布疋、衣著、鞋、帽、傘、服飾品批發業；F206020 日常用品零售業；F206050 寵物食品及其用品零售業；F501030 飲料店業,新北市,變更,11504
87470295,台洋健康事業,新北市三重區重陽路3段7號10樓之3,王凱烈,200000,,115/04/30,負責人變更,F109070 文教、樂器、育樂用品批發業；F209060 文教、樂器、育樂用品零售業；F113020 電器批發業；F213010 電器零售業；F401010 國際貿易業；F111090 建材批發業；F211010 建材零售業；F106010 五金批發業；F206010 五金零售業；ZZ99999 除許可業務外，得經營法令非禁止或限制之業務,新北市,變更,11504
87473498,萃品複合式餐飲,新北市板橋區四川路2段46號,江俊鋒,200000,,115/04/24,復業,F501030 飲料店業；F501060 餐館業；F501990 其他餐飲業；F203010 食品什貨、飲料零售業；ZZ99999 除許可業務外，得經營法令非禁止或限制之業務,新北市,變更,11504
87479866,樂世紀餐坊,新北市三重區仁愛街505之1號115年04月,吳丹清,80000,,115/04/28,轉讓登記,F501060 餐館業；F203010 食品什貨、飲料零售業；ZZ99999 除許可業務外，得經營法令非禁止或限制之業務,新北市,變更,11504
87480505,翔駿企業社,新北市淡水區淡海路72巷19號5樓,林書琴,200000,,115/04/30,轉讓登記,F204110 布疋、衣著、鞋、帽、傘、服飾品零售業；F221010 食品添加物零售業；F220010 耐火材料零售業；F219010 電子材料零售業；F218010 資訊軟體零售業；F214990 其他交通運輸工具及其零件零售業；F203010 食品什貨、飲料零售業；F205040 家具、寢具、廚房器具、裝設品零售業；F206010 五金零售業；F206020 日常用品零售業；F206040 水器材料零售業；F207030 清潔用品零售業；F207020 染料、顏料零售業；F211010 建材零售業；F299990 其他零售業,新北市,變更,11504
87481764,月間藝術工作室,新北市淡水區八勢路2巷9號8樓115年04月,李晨豪,200000,,115/04/14,轉讓登記,F104110 布疋、衣著、鞋、帽、傘、服飾品批發業；F105050 家具、寢具、廚房器具、裝設品批發業；F109070 文教、樂器、育樂用品批發業；F204110 布疋、衣著、鞋、帽、傘、服飾品零售業；F205040 家具、寢具、廚房器具、裝設品零售業；F207030 清潔用品零售業；F206020 日常用品零售業；F401010 國際貿易業；J601010 藝文服務業；I501010 產品設計業；F399040 無店面零售業；ZZ99999 除許可業務外，得經營法令非禁止或限制之業務,新北市,變更,11504
87485353,昌邑工程行,新北市中和區中正路957號12樓,陳進強,200000,,115/04/30,所在地變更,B601010 土石採取業；CA01990 其他非鐵金屬基本工業；CA02010 金屬結構及建築組件製造業；CA02990 其他金屬製品製造業；E401010 疏濬業；E599010 配管工程業；E601010 電器承裝業；E603040 消防安全設備安裝工程業；E603090 照明設備安裝工程業；E603100 電焊工程業；E603110 冷作工程業；E801010 室內裝潢業；E801020 門窗安裝工程業；E801030 室內輕鋼架工程業；E801040 玻璃安裝工程業；E801070 廚具、衛浴設備安裝工程業；E901010 油漆工程業；EZ02010 起重工程業；EZ07010 鑽孔工程業；EZ99990 其他工程業；I503010 景觀、室內設計業；I599990 其他設計業；IZ12010 人力派遣業；ZZ99999 除許可業務外，得經營法令非禁止或限制之業務,新北市,變更,11504
87488648,泰邑食品行,新北市板橋區大觀路3段133巷19號,賴雨辰,200000,,115/04/30,轉讓登記,F201010 農產品零售業；F201020 畜產品零售業；F203010 食品什貨、飲料零售業,新北市,變更,11504
87495774,宜豈企業社,新北市新莊區福前街63巷21號2樓115年04月,高定凱,200000,,115/04/02,所在地變更,JA02010 電器及電子產品修理業；F213010 電器零售業；F113020 電器批發業；F219010 電子材料零售業；F119010 電子材料批發業；F399990 其他綜合零售業；F501060 餐館業；F501990 其他餐飲業；ZZ99999 除許可業務外，得經營法令非禁止或限制之業務,新北市,變更,11504
87495789,家乘生活商行,新北市新店區北新路1段179號115年04月,戴佑珈,200000,,115/04/17,所營業務變更,F102170 食品什貨批發業；F104110 布疋、衣著、鞋、帽、傘、服飾品批發業；F105050 家具、寢具、廚房器具、裝設品批發業；F106010 五金批發業；F106020 日常用品批發業；F108040 化粧品批發業；F109070 文教、樂器、育樂用品批發業；F113020 電器批發業；F113050 電腦及事務性機器設備批發業；F114030 汽、機車零件配備批發業；F118010 資訊軟體批發業；F203010 食品什貨、飲料零售業；F204110 布疋、衣著、鞋、帽、傘、服飾品零售業；F205040 家具、寢具、廚房器具、裝設品零售業；F206010 五金零售業；F206020 日常用品零售業；F207030 清潔用品零售業；F208040 化粧品零售業；F209060 文教、樂器、育樂用品零售業；F213010 電器零售業；F213030 電腦及事務性機器設備零售業；F214030 汽、機車零件配備零售業；F218010 資訊軟體零售業；F301010 百貨公司業；F399040 無店面零售業；F399990 其他綜合零售業；F401010 國際貿易業；F113110 電池批發業；F201070 花卉零售業；F107180 爆竹、煙火批發業；F207180 爆竹、煙火零售業；F219010 電子材料零售業；F102030 菸酒批發業；F203020 菸酒零售業；F213060 電信器材零售業；ZZ99999 除許可業務外，得經營法令非禁止或限制之業務；F208050 乙類成藥零售業；F203030 酒精零售業；F102180 酒精批發業；F108031 醫療器材批發業；F208031 醫療器材零售業,新北市,變更,11504
87499011,小曾商行,新北市中和區莒光路84巷42號8樓,林志壕,1700000,,115/04/02,增資變更,F102170 食品什貨批發業；F104110 布疋、衣著、鞋、帽、傘、服飾品批發業；F106020 日常用品批發業；F203010 食品什貨、飲料零售業；F204110 布疋、衣著、鞋、帽、傘、服飾品零售業；F205040 家具、寢具、廚房器具、裝設品零售業；F206020 日常用品零售業；F399040 無店面零售業；F401010 國際貿易業；ZZ99999 除許可業務外，得經營法令非禁止或限制之業務,新北市,變更,11504
87499574,小木馬百貨行,新北市林口區民富街99號2樓之1 115年04月,陳柏翰,200000,,115/04/14,所在地變更,F102170 食品什貨批發業；F203010 食品什貨、飲料零售業；F106020 日常用品批發業；F206020 日常用品零售業；F401010 國際貿易業；F399040 無店面零售業；F109070 文教、樂器、育樂用品批發業；F104110 布疋、衣著、鞋、帽、傘、服飾品批發業；F204110 布疋、衣著、鞋、帽、傘、服飾品零售業；F209060 文教、樂器、育樂用品零售業；ZZ99999 除許可業務外，得經營法令非禁止或限制之業務；F108031 醫療器材批發業；F208031 醫療器材零售業,新北市,變更,11504
87500853,百果藝術工作室,新北市中和區莊敬路49巷10弄2號,蔡秉修,300000,,115/04/21,其他,J601010 藝文服務業；JA02990 其他修理業；JZ99990 未分類其他服務業；I105010 藝術品諮詢顧問業；IZ99990 其他工商服務業；F109070 文教、樂器、育樂用品批發業；F209060 文教、樂器、育樂用品零售業；F104110 布疋、衣著、鞋、帽、傘、服飾品批發業；F204110 布疋、衣著、鞋、帽、傘、服飾品零售業；F106020 日常用品批發業；F206020 日常用品零售業；JB01010 會議及展覽服務業；J304010 圖書出版業；I501010 產品設計業；F399040 無店面零售業；I301010 資訊軟體服務業；I301020 資料處理服務業；I103060 管理顧問業；F401010 國際貿易業；JZ99030 攝影業,新北市,變更,11504
87501804,方為富工作室,新北市新莊區新樹路269巷14號(1樓),方鈺琪,200000,,115/04/15,所營業務變更,I401010 一般廣告服務業；JZ99990 未分類其他服務業；F101990 其他農、畜、水產品批發業；F201020 畜產品零售業；F102170 食品什貨批發業；F203010 食品什貨、飲料零售業；F203030 酒精零售業；F399990 其他綜合零售業；F401010 國際貿易業；J202010 產業育成業；I103060 管理顧問業；I599990 其他設計業；F399040 無店面零售業；A102060 糧商業；C104010 糖果製造業；C104020 烘焙炊蒸食品製造業；C110010 飲料製造業；F101040 家畜家禽批發業；F101050 水產品批發業；F101130 蔬果批發業；F106020 日常用品批發業；F201010 農產品零售業；F201030 水產品零售業；F206020 日常用品零售業；ZZ99999 除許可業務外，得經營法令非禁止或限制之業務,新北市,變更,11504
87503850,忠旺小吃店,新北市中和區民德路136號115年04月,劉士豪,5000,,115/04/22,組織變更,F501060 餐館業,新北市,變更,11504
87576966,權佳造型蛋糕店,新北市八里區頂寮五街2號,權佳宇,200000,,115/04/07,外縣市遷入,C104020 烘焙炊蒸食品製造業；F203010 食品什貨、飲料零售業；ZZ99999 除許可業務外，得經營法令非禁止或限制之業務,新北市,變更,11504
87776991,松昀工程行,新北市板橋區中山路2段420號3樓（現場僅供辦公室使用）,魏春梅,200000,,115/04/20,繼承登記,I601010 租賃業（特許業務除外）；I401010 一般廣告服務業；J101030 廢棄物清除業（赴客戶現場作業）；J101040 廢棄物處理業（赴客戶現場作業）；J101990 其他環保服務業（廢棄土清除處理）（赴客戶現場作業）；J101010 住宅及建築清潔服務業（赴客戶現場作業）；E801010 室內裝潢業；E901010 油漆工程業；F111030 磚、瓦、石建材批發業,新北市,變更,11504
88203402,仟紅企業社,新北市板橋區四川路2段237號6樓之2,陳雅縈,200000,,115/04/30,外縣市遷入,G409030 工業專用港或工業專用碼頭船舶理貨業；G409050 工業專用港或工業專用碼頭船舶貨物裝卸承攬業；G501020 民用航空總代理業；G702010 船舶勞務承攬業；ZZ99999 除許可業務外，得經營法令非禁止或限制之業務,新北市,變更,11504
88221823,知韋商行,新北市中和區中正路683號4樓之5,廖韋亭,240000,,115/04/30,外縣市遷入,F203010 食品什貨、飲料零售業；F203020 菸酒零售業；F401010 國際貿易業；F501030 飲料店業；F501060 餐館業；ZZ99999 除許可業務外，得經營法令非禁止或限制之業務,新北市,變更,11504
88226025,森記麵館,新北市汐止區忠孝東路211巷2號5樓115年04月,葉雲清,100000,,115/04/29,外縣市遷入,F501060 餐館業；ZZ99999 除許可業務外，得經營法令非禁止或限制之業務,新北市,變更,11504
88299820,蒔貳寓所廣告影像工作室,新北市汐止區仁愛路106巷25號8樓,鄒佳穎,200000,,115/04/24,外縣市遷入,I105010 藝術品諮詢顧問業；I301010 資訊軟體服務業；I401010 一般廣告服務業；I501010 產品設計業；I502010 服飾設計業；I503010 景觀、室內設計業；I504010 花藝設計業；I599990 其他設計業；J303010 雜誌（期刊）出版業；J304010 圖書出版業；J305010 有聲出版業；J399990 其他出版業；J404010 動畫影片製作業；J404030 電影沖印業；J404040 電影錄音業；J601010 藝文服務業；JB01010 會議及展覽服務業；JE01010 租賃業；JZ99030 攝影業；JZ99050 仲介服務業；JZ99990 未分類其他服務業；F104110 布疋、衣著、鞋、帽、傘、服飾品批發業；F105050 家具、寢具、廚房器具、裝設品批發業；F106050 陶瓷玻璃器皿批發業；F107190 塑膠膜、袋批發業；F109070 文教、樂器、育樂用品批發業；F204110 布疋、衣著、鞋、帽、傘、服飾品零售業；F205040 家具、寢具、廚房器具、裝設品零售業；F207190 塑膠膜、袋零售業；F209060 文教、樂器、育樂用品零售業；J603010 音樂展演空間業；J404020 提供設備及場地供電影片拍攝業；ZZ99999 除許可業務外，得經營法令非禁止或限制之業務；I301020 資料處理服務業；IZ13010 網路認證服務業,新北市,變更,11504
88361730,垣粒方工作室,新北市板橋區松柏街22巷12號115年04月,顏曼珊,100000,,115/04/13,外縣市遷入,JZ99080 美容美髮服務業,新北市,變更,11504
88366257,堃成工程行,新北市新莊區自立街91號2樓,朱家佑,200000,,115/04/17,外縣市遷入,F211010 建材零售業；E603090 照明設備安裝工程業；E801010 室內裝潢業；E801020 門窗安裝工程業；E801030 室內輕鋼架工程業；E801040 玻璃安裝工程業；E801070 廚具、衛浴設備安裝工程業；E901010 油漆工程業；E599010 配管工程業；E601020 電器安裝業；I503010 景觀、室內設計業；F113020 電器批發業；F213010 電器零售業；ZZ99999 除許可業務外，得經營法令非禁止或限制之業務,新北市,變更,11504
88981696,洛拉科技坊,新北市板橋區板新路101號4樓,陳炯旭,200000,,115/04/11,外縣市遷入,I301010 資訊軟體服務業；I301020 資料處理服務業；I301050 實境體感應用服務業；ZZ99999 除許可業務外，得經營法令非禁止或限制之業務,新北市,變更,11504
90919425,櫻座裝璜工程行,新北市三峽區溪東路426號2樓,許瑞昌,120000,,115/04/15,所在地變更,E801010 室內裝潢業；I503010 景觀、室內設計業,新北市,變更,11504
91183794,美河洗衣坊,新北市永和區環河西路１段８７之２號115年04月,陳惠娟,200000,,115/04/23,轉讓登記,JA03010 洗衣業；F207030 清潔用品零售業；F203010 食品什貨、飲料零售業；ZZ99999 除許可業務外，得經營法令非禁止或限制之業務,新北市,變更,11504
91184787,金奇商務貿易事業社,新北市土城區中正路41巷8弄5號(1樓) 115年04月,李佩陵,200000,,115/04/24,所在地變更,F106010 五金批發業；F106020 日常用品批發業；F107030 清潔用品批發業；F113050 電腦及事務性機器設備批發業；F203010 食品什貨、飲料零售業；F206020 日常用品零售業；F206010 五金零售業；F399040 無店面零售業；F399990 其他綜合零售業；F401010 國際貿易業；H201010 一般投資業；H202010 創業投資業；I199990 其他顧問服務業；I301020 資料處理服務業；IZ02010 打字業；IZ99990 其他工商服務業；I103060 管理顧問業；JZ99990 未分類其他服務業；ZZ99999 除許可業務外，得經營法令非禁止或限制之業務；EZ99990 其他工程業；F102170 食品什貨批發業；F105050 家具、寢具、廚房器具、裝設品批發業；F119010 電子材料批發業；F118010 資訊軟體批發業；F199990 其他批發業；F299990 其他零售業；F501990 其他餐飲業；F207030 清潔用品零售業；F113020 電器批發業；F113070 電信器材批發業,新北市,變更,11504
91186217,神思工作室,新北市新店區新坡一街１８巷３弄３號115年04月,林沛豪,200000,,115/04/24,合夥人變更,F199990 其他批發業；F399040 無店面零售業；F299990 其他零售業；ZZ99999 除許可業務外，得經營法令非禁止或限制之業務；F102170 食品什貨批發業；F104110 布疋、衣著、鞋、帽、傘、服飾品批發業；F204110 布疋、衣著、鞋、帽、傘、服飾品零售業；I199990 其他顧問服務業；I301010 資訊軟體服務業；I301030 電子資訊供應服務業；IE01010 電信業務門號代辦業；F106020 日常用品批發業；F399990 其他綜合零售業；F401010 國際貿易業；F399010 便利商店業；F214030 汽、機車零件配備零售業；F214020 機車零售業；F214010 汽車零售業；F213110 電池零售業；F213060 電信器材零售業；F213030 電腦及事務性機器設備零售業；F213010 電器零售業；F208040 化粧品零售業；F207030 清潔用品零售業；F206050 寵物食品及其用品零售業；F206020 日常用品零售業；F206010 五金零售業；F203010 食品什貨、飲料零售業；F119010 電子材料批發業；F114030 汽、機車零件配備批發業；F113110 電池批發業；F113070 電信器材批發業；F113050 電腦及事務性機器設備批發業；F108040 化粧品批發業；F106010 五金批發業；F102040 飲料批發業；C306010 成衣業；C307010 服飾品製造業；C399990 其他紡織及製品製造業；C401030 皮革、毛皮整製業；C402030 皮革、毛皮製品製造業；CC01080 電子零組件製造業；CC01090 電池製造業；JA02010 電器及電子產品修理業；H201010 一般投資業；I102010 投資顧問業；F213040 精密儀器零售業；F213050 度量衡器零售業；F213090 交通標誌器材零售業；E601010 電器承裝業；E601020 電器安裝業；E603010 電纜安裝工程業；E603020 電梯安裝工程業；E603040 消防安全設備安裝工程業；E603050 自動控制設備工程業；E603080 交通號誌安裝工程業；E603090 照明設備安裝工程業；E603100 電焊工程業；E603110 冷作工程業；E603120 噴砂工程業；E603130 燃氣熱水器承裝業；E604010 機械安裝業；E605010 電腦設備安裝業；F113010 機械批發業；F114990 其他交通運輸工具及其零件批發業；F213080 機械器具零售業,新北市,變更,11504
91186568,暖色系設計行銷工作室,新北市板橋區文化路２段５００號5樓,吳宛庭,1000000,,115/04/14,名稱變更,I501010 產品設計業；I599990 其他設計業；I401010 一般廣告服務業；I301010 資訊軟體服務業；I199990 其他顧問服務業；IZ04010 翻譯業；F401010 國際貿易業；F601010 智慧財產權業；I103060 管理顧問業；ZZ99999 除許可業務外，得經營法令非禁止或限制之業務,新北市,變更,11504
91187829,創宇機車行,新北市三重區慈愛街68號(1樓),王格睿,200000,,115/04/16,名稱變更,F214030 汽、機車零件配備零售業；F214050 車胎零售業；F214020 機車零售業；F219010 電子材料零售業；JA02020 機車修理業；ZZ99999 除許可業務外，得經營法令非禁止或限制之業務,新北市,變更,11504
91194770,芊芊企業社,新北市永和區福和路264號,莊欣慈,200000,,115/04/20,所在地變更,F208040 化粧品零售業；F204110 布疋、衣著、鞋、帽、傘、服飾品零售業；F208050 乙類成藥零售業；JZ99080 美容美髮服務業；ZZ99999 除許可業務外，得經營法令非禁止或限制之業務,新北市,變更,11504
91195594,雙翼飲食文化坊,新北市樹林區忠愛街３號(1樓) 115年04月,魏聖哲,50000,,115/04/22,所營業務變更,IZ12010 人力派遣業；F203010 食品什貨、飲料零售業；F201990 其他農畜水產品零售業；F501990 其他餐飲業；F399040 無店面零售業；ZZ99999 除許可業務外，得經營法令非禁止或限制之業務,新北市,變更,11504
91198327,立詮餐飲,新北市泰山區民生路10號,袁苡菲,200000,,115/04/24,所在地變更,F203010 食品什貨、飲料零售業；F501060 餐館業；ZZ99999 除許可業務外，得經營法令非禁止或限制之業務,新北市,變更,11504
91198662,上晉裝潢工程行,新北市板橋區長江路2段118巷15號2樓,吳詠婕,245000,,115/04/10,所在地變更,E599010 配管工程業；E601010 電器承裝業；E601020 電器安裝業；E603130 燃氣熱水器承裝業；E801010 室內裝潢業；E801030 室內輕鋼架工程業；E801040 玻璃安裝工程業；E801070 廚具、衛浴設備安裝工程業；E901010 油漆工程業；E903010 防蝕、防銹工程業；F106010 五金批發業；F111090 建材批發業；I503010 景觀、室內設計業；J101090 廢棄物清理業；J101030 廢棄物清除業；J101040 廢棄物處理業；ZZ99999 除許可業務外，得經營法令非禁止或限制之業務,新北市,變更,11504
91199634,三丸商行,新北市蘆洲區復興路410巷11號,陳泓成,200000,,115/04/08,所在地變更,F201010 農產品零售業；F102170 食品什貨批發業；F102040 飲料批發業；ZZ99999 除許可業務外，得經營法令非禁止或限制之業務,新北市,變更,11504
91201060,龍雲商行,新北市土城區延吉街347號,李細欣,5000,,115/04/10,所在地變更,F501060 餐館業,新北市,變更,11504
91205235,僾瑪版型設計企業社,新北市蘆洲區水湳街56號8樓,謝美鳯,200000,,115/04/15,名稱變更,JZ99070 裁縫服務業；C306010 成衣業；F104110 布疋、衣著、鞋、帽、傘、服飾品批發業；F204110 布疋、衣著、鞋、帽、傘、服飾品零售業；I502010 服飾設計業；I501010 產品設計業；ZZ99999 除許可業務外，得經營法令非禁止或限制之業務,新北市,變更,11504
91206282,澄藝精緻乾洗,新北市蘆洲區長榮路106號(1樓),劉書源,100000,,115/04/14,所在地變更,JA03010 洗衣業,新北市,變更,11504
91210363,食理日用道具工作室,新北市板橋區龍興街73巷25號(1樓) 115年04月,江立凡,200000,,115/04/27,所在地變更,F207030 清潔用品零售業；F206010 五金零售業；F205040 家具、寢具、廚房器具、裝設品零售業；F401010 國際貿易業；ZZ99999 除許可業務外，得經營法令非禁止或限制之業務,新北市,變更,11504
91214213,豪康企業社,新北市泰山區忠孝街12之1號(1樓),莊美玲,500000,,115/04/20,轉讓登記,F111090 建材批發業；F211010 建材零售業；F401010 國際貿易業；CA01050 鋼材二次加工業；CA01990 其他非鐵金屬基本工業；ZZ99999 除許可業務外，得經營法令非禁止或限制之業務,新北市,變更,11504
91216417,球客撞球館,新北市新莊區民安路188巷5號5樓,陳政良,50000,,115/04/27,名稱變更,J801030 競技及休閒運動場館業；J803020 運動比賽業；J802010 運動訓練業；J803010 運動表演業；F109070 文教、樂器、育樂用品批發業；ZZ99999 除許可業務外，得經營法令非禁止或限制之業務,新北市,變更,11504
91217160,鋐發企業社,新北市三重區永福街33號(1樓),陳啟宏,100000,,115/04/02,所在地變更,F203010 食品什貨、飲料零售業；F209060 文教、樂器、育樂用品零售業；F213990 其他機械器具零售業；F218010 資訊軟體零售業；F399990 其他綜合零售業；I301010 資訊軟體服務業；I301030 電子資訊供應服務業；J701020 遊樂園業；JE01010 租賃業；ZZ99999 除許可業務外，得經營法令非禁止或限制之業務,新北市,變更,11504
91218668,正中企業社,新北市蘆洲區中正路185巷80弄2號115年04月,徐聖崴,200000,,115/04/30,轉讓登記,F209060 文教、樂器、育樂用品零售業,新北市,變更,11504
91221376,筑喬企業社,新北市汐止區湖前街77巷1號3樓115年04月,廖修筑,200000,,115/04/09,所在地變更,E601010 電器承裝業；E601020 電器安裝業；E603040 消防安全設備安裝工程業；E603050 自動控制設備工程業；E603080 交通號誌安裝工程業；E603090 照明設備安裝工程業；E603100 電焊工程業；E603130 燃氣熱水器承裝業；E604010 機械安裝業；E605010 電腦設備安裝業；E607010 太陽熱能設備安裝工程業；E701010 電信工程業；E701020 衛星電視ＫＵ頻道、Ｃ頻道器材安裝業；E701030 電信管制射頻器材裝設工程業；E701040 簡易電信設備安裝業；E801010 室內裝潢業；E801020 門窗安裝工程業；E801030 室內輕鋼架工程業；E801040 玻璃安裝工程業；E801070 廚具、衛浴設備安裝工程業；E901010 油漆工程業；E903010 防蝕、防銹工程業；EZ05010 儀器、儀表安裝工程業；EZ06010 交通標示工程業；F101040 家畜家禽批發業；F101050 水產品批發業；F101130 蔬果批發業；F101990 其他農、畜、水產品批發業；F104110 布疋、衣著、鞋、帽、傘、服飾品批發業；F105050 家具、寢具、廚房器具、裝設品批發業；F106010 五金批發業；F106020 日常用品批發業；F106040 水器材料批發業；F109070 文教、樂器、育樂用品批發業；F113020 電器批發業；F113090 交通標誌器材批發業；F119010 電子材料批發業；F201010 農產品零售業；F201020 畜產品零售業；F201030 水產品零售業；F203010 食品什貨、飲料零售業；F204110 布疋、衣著、鞋、帽、傘、服飾品零售業；F205040 家具、寢具、廚房器具、裝設品零售業；F206010 五金零售業；F206020 日常用品零售業；F206040 水器材料零售業；F209060 文教、樂器、育樂用品零售業；F213010 電器零售業；F213030 電腦及事務性機器設備零售業；F213060 電信器材零售業；F219010 電子材料零售業；F299990 其他零售業；F399040 無店面零售業；F399990 其他綜合零售業；F401010 國際貿易業；JA02010 電器及電子產品修理業；JE01010 租賃業；ZZ99999 除許可業務外，得經營法令非禁止或限制之業務,新北市,變更,11504
91221495,龍富商行,新北市新莊區龍安路10號(1樓),鐘威泓,240000,,115/04/21,轉讓登記,F501030 飲料店業；ZZ99999 除許可業務外，得經營法令非禁止或限制之業務,新北市,變更,11504
91226359,彊相工作室,新北市三峽區大學路5號7樓之3 115年04月,卓凱波,200000,,115/04/21,所營業務變更,F104110 布疋、衣著、鞋、帽、傘、服飾品批發業；C302010 織布業；C306010 成衣業；C307010 服飾品製造業；C399990 其他紡織及製品製造業；C601030 紙容器製造業；C701010 印刷業；C703010 印刷品裝訂及加工業；CH01040 玩具製造業；CM01010 箱、包、袋製造業；I401010 一般廣告服務業；I501010 產品設計業；F106050 陶瓷玻璃器皿批發業；F399990 其他綜合零售業；I599990 其他設計業；IZ10010 排版業；F401010 國際貿易業；J601010 藝文服務業；J602010 演藝活動業；F204110 布疋、衣著、鞋、帽、傘、服飾品零售業；C702010 製版業；CJ01010 製帽業；CZ99990 未分類其他工業製品製造業；I502010 服飾設計業；F399040 無店面零售業；F501060 餐館業；F501990 其他餐飲業,新北市,變更,11504
91231732,林恩國際商行,新北市五股區水碓路１號９樓之１,吳宗臻,200000,,115/04/23,其他,F104110 布疋、衣著、鞋、帽、傘、服飾品批發業；F105050 家具、寢具、廚房器具、裝設品批發業；F106010 五金批發業；F106020 日常用品批發業；F107030 清潔用品批發業；F108040 化粧品批發業；F109070 文教、樂器、育樂用品批發業；F204110 布疋、衣著、鞋、帽、傘、服飾品零售業；F205040 家具、寢具、廚房器具、裝設品零售業；F206010 五金零售業；F206020 日常用品零售業；F207030 清潔用品零售業；F208040 化粧品零售業；F209060 文教、樂器、育樂用品零售業；F401010 國際貿易業；ZZ99999 除許可業務外，得經營法令非禁止或限制之業務,新北市,變更,11504
91236069,大格國際工作室,新北市新店區中正路128巷9弄3號,徐士閎,200000,,115/04/22,名稱變更,E801010 室內裝潢業；E801070 廚具、衛浴設備安裝工程業；CN01010 家具及裝設品製造業；F102170 食品什貨批發業；C104020 烘焙炊蒸食品製造業；F203010 食品什貨、飲料零售業；I503010 景觀設計業；F205040 家具、寢具、廚房器具、裝設品零售業,新北市,變更,11504
91236336,天達工作室,新北市永和區民權路49巷39號3樓115年04月,陳忠義,200000,,115/04/17,所營業務變更,J305010 有聲出版業；J601010 藝文服務業；J602010 演藝活動業；J503010 廣播節目製作業（原:J503011廣播節目製作業）；ZZ99999 除許可業務外，得經營法令非禁止或限制之業務,新北市,變更,11504
91236357,振豐模板工程行,新北市蘆洲區長興路290之1號7樓115年04月,李桂蘭,200000,,115/04/27,轉讓登記,E599010 配管工程業；E603040 消防安全設備安裝工程業；E603090 照明設備安裝工程業；E603100 電焊工程業；E603110 冷作工程業；E603120 噴砂工程業；E801010 室內裝潢業；E801020 門窗安裝工程業；E801030 室內輕鋼架工程業；E801040 玻璃安裝工程業；E801070 廚具、衛浴設備安裝工程業；E901010 油漆工程業；E903010 防蝕、防銹工程業；EZ02010 起重工程業；EZ07010 鑽孔工程業；EZ99990 其他工程業；F111090 建材批發業；F117010 消防安全設備批發業；F401010 國際貿易業；I503010 景觀、室內設計業；IZ12010 人力派遣業；J101090 廢棄物清理業；J101030 廢棄物清除業；J101010 建築物清潔服務業；ZZ99999 除許可業務外，得經營法令非禁止或限制之業務,新北市,變更,11504
91239447,仟本水電工程行,新北市三重區公園街51號4樓,陳冠培,200000,,115/04/21,名稱變更,E599010 配管工程業；E601010 電器承裝業；E601020 電器安裝業；E603010 電纜安裝工程業；E603050 自動控制設備工程業；E603090 照明設備安裝工程業；E603100 電焊工程業；E701010 電信工程業；E801010 室內裝潢業；E801020 門窗安裝工程業；E801030 室內輕鋼架工程業；E801040 玻璃安裝工程業；E801070 廚具、衛浴設備安裝工程業；E901010 油漆工程業；E903010 防蝕、防銹工程業；E604010 機械安裝業；EZ05010 儀器、儀表安裝工程業；EZ99990 其他工程業；F206010 五金零售業；F206040 水器材料零售業；F206060 祭祀用品零售業；F207010 漆料、塗料零售業；F211010 建材零售業；F213010 電器零售業；F213030 電腦及事務性機器設備零售業；F213060 電信器材零售業；F213080 機械器具零售業；F299990 其他零售業；F399040 無店面零售業；ZZ99999 除許可業務外，得經營法令非禁止或限制之業務,新北市,變更,11504
91246664,凱瑨車體鍍膜,新北市中和區中山路2段362之5號,鄒芷茜,200000,,115/04/20,所在地變更,JA01990 其他汽車服務業；ZZ99999 除許可業務外，得經營法令非禁止或限制之業務,新北市,變更,11504
91246708,汎宏五金企業社,新北市土城區永豐路143號3樓之1 115年04月,張燿程,238000,,115/04/28,所在地變更,F106010 五金批發業；F106030 模具批發業；F113010 機械批發業；F113020 電器批發業；F113030 精密儀器批發業；F113990 其他機械器具批發業；F119010 電子材料批發業；F206010 五金零售業；F206030 模具零售業；F213010 電器零售業；F213040 精密儀器零售業；F213080 機械器具零售業；F213990 其他機械器具零售業；F219010 電子材料零售業；F401010 國際貿易業；ZZ99999 除許可業務外，得經營法令非禁止或限制之業務,新北市,變更,11504
91323752,大同北娃娃企業社,新北市三重區大同北路6之1號,王威茹,15000,,115/04/01,轉讓登記,F209060 文教、樂器、育樂用品零售業,新北市,變更,11504
91325371,長安娃娃機行號,新北市蘆洲區長安街166號,李依純,15000,,115/04/01,轉讓登記,F209060 文教、樂器、育樂用品零售業,新北市,變更,11504
91384286,順儷民享藥局,新北市中和區民享街53號(1樓),陳姵蓉,100000,,115/04/09,轉讓登記,F203010 食品什貨、飲料零售業；F207030 清潔用品零售業；F207080 環境用藥零售業；F208040 化粧品零售業；F208050 乙類成藥零售業；F399990 其他綜合零售業；ZZ99999 除許可業務外，得經營法令非禁止或限制之業務,新北市,變更,11504
91395988,碩岩工程行,新北市八里區文心街125號(1樓),劉憶萍,249000,,115/04/23,所在地變更,E801010 室內裝潢業；F111090 建材批發業；F106010 五金批發業；F211010 建材零售業；F206010 五金零售業；F399040 無店面零售業；F102040 飲料批發業；F102170 食品什貨批發業；F203010 食品什貨、飲料零售業；A102060 糧商業；F105050 家具、寢具、廚房器具、裝設品批發業；F113020 電器批發業；F205040 家具、寢具、廚房器具、裝設品零售業；F213010 電器零售業；ZZ99999 除許可業務外，得經營法令非禁止或限制之業務,新北市,變更,11504
91397613,宏一小吃店,新北市永和區中正路620號,許麗美,200000,,115/04/02,轉讓登記,F501060 餐館業；F203020 菸酒零售業；ZZ99999 除許可業務外，得經營法令非禁止或限制之業務,新北市,變更,11504
91401308,白熊熊毛巾清洗店,新北市八里區文昌路95號,吳佳儀,200000,,115/04/09,轉讓登記,JA03010 洗衣業；ZZ99999 除許可業務外，得經營法令非禁止或限制之業務,新北市,變更,11504
91402123,貝兒窩企業社,新北市板橋區文化路2段505巷3號2樓115年04月,吳宜宣,88888,,115/04/10,所在地變更,F399040 無店面零售業；F208040 化粧品零售業；ZZ99999 除許可業務外，得經營法令非禁止或限制之業務,新北市,變更,11504
91404240,斗町廚藝工作坊,新北市汐止區明峰街３１３號(1樓),張雅芳,200000,,115/04/30,轉讓登記,F501060 餐館業；F203010 食品什貨、飲料零售業；F501030 飲料店業；F501990 其他餐飲業；F102170 食品什貨批發業；F102040 飲料批發業；F203020 菸酒零售業；F102030 菸酒批發業；ZZ99999 除許可業務外，得經營法令非禁止或限制之業務,新北市,變更,11504
91410593,豪茂電子企業社,新北市中和區中山路2段332巷67號3樓,陳甄嬅,100000,,115/04/30,轉讓登記,CA02990 其他金屬製品製造業；CA02040 彈簧製造業；CQ01010 模具製造業；CC01080 電子零組件製造業；CA01990 其他非鐵金屬基本工業,新北市,變更,11504
91412494,希望之盒工作室,新北市土城區學成路139號2樓,李珈語,200000,,115/04/30,名稱變更,F218010 資訊軟體零售業；F213010 電器零售業；I301010 資訊軟體服務業；I301030 電子資訊供應服務業；F601010 智慧財產權業；ZZ99999 除許可業務外，得經營法令非禁止或限制之業務,新北市,變更,11504
91421016,你知道的咖啡,新北市板橋區文化路2段225巷60弄65號,羅筱筑,200000,,115/04/14,組織變更,F203010 食品什貨、飲料零售業；F501030 飲料店業；F501060 餐館業；ZZ99999 除許可業務外，得經營法令非禁止或限制之業務；F203030 酒精零售業,新北市,變更,11504
91421424,夏克提工作室,新北市新店區安興路109號14樓之７,王可蕎,30000,,115/04/29,所在地變更,F399040 無店面零售業；F203010 食品什貨、飲料零售業；F209060 文教、樂器、育樂用品零售業；F206020 日常用品零售業,新北市,變更,11504
91423443,維心商行,新北市三重區中興北街12號,余崇維,80000,,115/04/30,所營業務變更,JA02010 電器及電子產品修理業；F213060 電信器材零售業；F399040 無店面零售業；ZZ99999 除許可業務外，得經營法令非禁止或限制之業務,新北市,變更,11504
91424787,玉翔車業,新北市泰山區中央路5巷26號115年04月,林玉仙,200000,,115/04/13,所在地變更,F114030 汽、機車零件配備批發業；F114050 車胎批發業；F214030 汽、機車零件配備零售業；F401010 國際貿易業；F214050 車胎零售業；F214010 汽車零售業；JA01010 汽車修理業；JA01020 汽車拖吊業；JA01990 其他汽車服務業；ZZ99999 除許可業務外，得經營法令非禁止或限制之業務,新北市,變更,11504
91431422,惟孝飲品店,新北市汐止區新台五路１段１２９號2樓,鍾畯富,200000,,115/04/14,轉讓登記,F203010 食品什貨、飲料零售業；F206020 日常用品零售業；F399990 其他綜合零售業；F399040 無店面零售業；ZZ99999 除許可業務外，得經營法令非禁止或限制之業務,新北市,變更,11504
91433527,生騰工程行,新北市中和區新生街278號4樓,王新春,240000,,115/04/17,所在地變更,E601010 電器承裝業；E601020 電器安裝業；E599010 配管工程業；E603040 消防安全設備安裝工程業；E603050 自動控制設備工程業；E603090 照明設備安裝工程業；E701010 電信工程業；E801010 室內裝潢業；E801070 廚具、衛浴設備安裝工程業；F105050 家具、寢具、廚房器具、裝設品批發業；F106040 水器材料批發業；F113020 電器批發業；F206040 水器材料零售業；F213010 電器零售業；ZZ99999 除許可業務外，得經營法令非禁止或限制之業務,新北市,變更,11504
91435335,祥英企業社,新北市樹林區鎮前街269巷5號(1樓) 115年04月,鄧亞久,1000000,,115/04/10,所營業務變更,F119010 電子材料批發業；F106010 五金批發業；F106040 水器材料批發業；CA02030 螺絲、螺帽、螺絲釘、及鉚釘等製品製造業；CA02060 金屬容器製造業；CA02090 金屬線製品製造業；CA02990 其他金屬製品製造業；CA03010 熱處理業；CA04010 表面處理業；CB01010 機械設備製造業；CB01990 其他機械製造業；CC01060 有線通信機械器材製造業；CC01070 無線通信機械器材製造業；CC01080 電子零組件製造業；CC01110 電腦及其週邊設備製造業；CQ01010 模具製造業；F113010 機械批發業；F113050 電腦及事務性機器設備批發業；IZ06010 理貨包裝業；ZZ99999 除許可業務外，得經營法令非禁止或限制之業務,新北市,變更,11504
91438608,亦淳行,新北市泰山區仁愛路6巷4弄10號,趙健淇,200000,,115/04/13,所營業務變更,G799990 其他運輸輔助業；H703120 自助儲物空間業；IZ12010 人力派遣業；JE01010 租賃業；F104110 布疋、衣著、鞋、帽、傘、服飾品批發業；F106020 日常用品批發業；F119010 電子材料批發業；F204110 布疋、衣著、鞋、帽、傘、服飾品零售業；F206020 日常用品零售業；F219010 電子材料零售業；ZZ99999 除許可業務外，得經營法令非禁止或限制之業務,新北市,變更,11504
91439938,寬久展業行,新北市五股區成泰路1段189巷50號5樓115年04月,劉凱姍,200000,,115/04/29,所在地變更,F111090 建材批發業；E801010 室內裝潢業；E601010 電器承裝業；E601020 電器安裝業；E603100 電焊工程業；E603110 冷作工程業；E801020 門窗安裝工程業；E801030 室內輕鋼架工程業；E801040 玻璃安裝工程業；E801070 廚具、衛浴設備安裝工程業；E901010 油漆工程業；E903010 防蝕、防銹工程業；EZ02010 起重工程業；F106050 陶瓷玻璃器皿批發業；F120010 耐火材料批發業；F211010 建材零售業；F220010 耐火材料零售業；J101010 建築物清潔服務業；J101030 廢棄物清除業；I503010 景觀、室內設計業；CA02990 其他金屬製品製造業；F106010 五金批發業；CB01010 機械設備製造業；ZZ99999 除許可業務外，得經營法令非禁止或限制之業務,新北市,變更,11504
91445360,君陽貿易企業社,新北市新莊區民安西路480巷6號3樓,吳信君,1000000,,115/04/30,所在地變更,F204110 布疋、衣著、鞋、帽、傘、服飾品零售業；F206010 五金零售業；F206020 日常用品零售業；F205040 家具、寢具、廚房器具、裝設品零售業；F206050 寵物食品及其用品零售業；F401010 國際貿易業；F399040 無店面零售業；F108031 醫療器材批發業；F208031 醫療器材零售業；ZZ99999 除許可業務外，得經營法令非禁止或限制之業務,新北市,變更,11504
91551122,品森商行,新北市樹林區樹新路91號,余朝運,100000,,115/04/17,轉讓登記,F501060 餐館業,新北市,變更,11504
91566574,名揚防水工程,新北市板橋區大觀路2段37巷180號(1樓) 115年04月,蘇柏元,200000,,115/04/27,外縣市遷入,E901010 油漆工程業；E903010 防蝕、防銹工程業；E599010 配管工程業；EZ99990 其他工程業；F107010 漆料、塗料批發業；F207010 漆料、塗料零售業；F211010 建材零售業；F111090 建材批發業；E801010 室內裝潢業,新北市,變更,11504
91641980,京集企業社,新北市板橋區大明街15巷1號,張維哲,200000,,115/04/10,外縣市遷入,F113070 電信器材批發業；F113020 電器批發業；F119010 電子材料批發業；F113110 電池批發業；F109070 文教、樂器、育樂用品批發業；F113050 電腦及事務性機器設備批發業；F106020 日常用品批發業；F118010 資訊軟體批發業；F105050 家具、寢具、廚房器具、裝設品批發業；F104110 布疋、衣著、鞋、帽、傘、服飾品批發業；F204110 布疋、衣著、鞋、帽、傘、服飾品零售業；F205040 家具、寢具、廚房器具、裝設品零售業；F206010 五金零售業；F206020 日常用品零售業；F209060 文教、樂器、育樂用品零售業；F213010 電器零售業；F213030 電腦及事務性機器設備零售業；F213060 電信器材零售業；F213110 電池零售業；F218010 資訊軟體零售業；F219010 電子材料零售業；F399040 無店面零售業；F399990 其他綜合零售業；F401010 國際貿易業；IE01010 電信業務門號代辦業；I301030 電子資訊供應服務業；I401010 一般廣告服務業；I501010 產品設計業；JE01010 租賃業；JA02010 電器及電子產品修理業；ZZ99999 除許可業務外，得經營法令非禁止或限制之業務,新北市,變更,11504
91658187,批批工作室,新北市泰山區明志路1段20之15號6樓115年04月,詹金得,50000,,115/04/10,所營業務變更,F399040 無店面零售業；F204110 布疋、衣著、鞋、帽、傘、服飾品零售業；F205040 家具、寢具、廚房器具、裝設品零售業；F203010 食品什貨、飲料零售業；F206020 日常用品零售業；F399990 其他綜合零售業；F107080 環境用藥批發業；F207080 環境用藥零售業；ZZ99999 除許可業務外，得經營法令非禁止或限制之業務,新北市,變更,11504
91672316,鴻盛工程行,新北市新莊區龍安路69巷6號,陳羿涵,100000,,115/04/15,外縣市遷入,E801030 室內輕鋼架工程業；E801040 玻璃安裝工程業；E801070 廚具、衛浴設備安裝工程業；E901010 油漆工程業；E903010 防蝕、防銹工程業；EZ99990 其他工程業；E801010 室內裝潢業；E599010 配管工程業；E603090 照明設備安裝工程業；F111090 建材批發業；ZZ99999 除許可業務外，得經營法令非禁止或限制之業務,新北市,變更,11504
91674308,傑司籃球企業社,新北市林口區文化二路1段96巷5號,吳冠霖,88000,,115/04/01,其他,F209060 文教、樂器、育樂用品零售業；J802010 運動訓練業,新北市,變更,11504
91675670,雅食島商行,新北市板橋區大觀路2段１４２之１號,黃建智,200000,,115/04/13,出資額變更,F501060 餐館業；ZZ99999 除許可業務外，得經營法令非禁止或限制之業務,新北市,變更,11504
91678156,鉑駒車業商行,新北市八里區賢一街36之2號,戴昭國,200000,,115/04/28,所在地變更,F114010 汽車批發業；F114030 汽、機車零件配備批發業；F114050 車胎批發業；F214010 汽車零售業；F214030 汽、機車零件配備零售業；F214050 車胎零售業；F399040 無店面零售業；F401010 國際貿易業；JA01010 汽車修理業；JA01990 其他汽車服務業；JZ99050 仲介服務業；ZZ99999 除許可業務外，得經營法令非禁止或限制之業務,新北市,變更,11504
91685852,鋼鐵英雄企業社,新北市泰山區明志路3段74巷1號(1樓),何銘中,10000,,115/04/28,所在地變更,F208031 醫療器材零售業；F208040 化粧品零售業；F206020 日常用品零售業；F399040 無店面零售業；F204110 布疋、衣著、鞋、帽、傘、服飾品零售業；F205040 家具、寢具、廚房器具、裝設品零售業；F203010 食品什貨、飲料零售業；F219010 電子材料零售業；F401010 國際貿易業；ZZ99999 除許可業務外，得經營法令非禁止或限制之業務,新北市,變更,11504
91686310,茂樂福日日商行,新北市永和區永和路2段32號3樓之2 115年04月,譚國斌,150000,,115/04/28,轉讓登記,F399040 無店面零售業,新北市,變更,11504
91690320,哈太太文化事業,新北市中和區民德路298巷8號3樓,廖千婷,50000,,115/04/08,所營業務變更,J601010 藝文服務業；J799990 其他休閒服務業；I103060 管理顧問業；I199990 其他顧問服務業；ZZ99999 除許可業務外，得經營法令非禁止或限制之業務,新北市,變更,11504
91691073,靛靛吃早餐,新北市樹林區鎮前街１２２號,李宜樺,10000,,115/04/29,轉讓登記,F501060 餐館業,新北市,變更,11504
91702304,芸禾海苔飯卷,新北市板橋區長安街275號(1樓),林德媺,100000,,115/04/16,名稱變更,F501990 其他餐飲業；F204110 布疋、衣著、鞋、帽、傘、服飾品零售業；ZZ99999 除許可業務外，得經營法令非禁止或限制之業務,新北市,變更,11504
91705512,水果甜了商行,新北市新莊區公園路37號(1樓),張瑋庭,200000,,115/04/10,轉讓登記,F101130 蔬果批發業；F201010 農產品零售業；F203010 食品什貨、飲料零售業,新北市,變更,11504
91707146,彩晅精緻美學會館,新北市新莊區復興路1段23號2樓115年04月,阮憲熙,100000,,115/04/13,轉讓登記,JZ99080 美容美髮服務業；ZZ99999 除許可業務外，得經營法令非禁止或限制之業務,新北市,變更,11504
91708026,利悅企業社,新北市三重區成功路108巷12號115年04月,陳言丞,240000,,115/04/08,出資額變更,E801010 室內裝潢業；E801020 門窗安裝工程業；E801030 室內輕鋼架工程業；E801040 玻璃安裝工程業；E801070 廚具、衛浴設備安裝工程業；E901010 油漆工程業；E903010 防蝕、防銹工程業；F105050 家具、寢具、廚房器具、裝設品批發業；F109070 文教、樂器、育樂用品批發業；F113020 電器批發業；F113050 電腦及事務性機器設備批發業；F114040 自行車及其零件批發業；F114050 車胎批發業；F118010 資訊軟體批發業；F119010 電子材料批發業；F205040 家具、寢具、廚房器具、裝設品零售業；F209060 文教、樂器、育樂用品零售業；F211010 建材零售業；F213010 電器零售業；F213030 電腦及事務性機器設備零售業；F213060 電信器材零售業；F214030 汽、機車零件配備零售業；F214040 自行車及其零件零售業；F214050 車胎零售業；F218010 資訊軟體零售業；F219010 電子材料零售業；F399040 無店面零售業；F401010 國際貿易業；F601010 智慧財產權業；H201010 一般投資業；H202010 創業投資業；F214010 汽車零售業；H701010 住宅及大樓開發租售業；H701020 工業廠房開發租售業；H703090 不動產買賣業；H703100 不動產租賃業；HZ99990 其他金融、保險及不動產業；I101090 食品顧問業；I102010 投資顧問業；I103060 管理顧問業；I199990 其他顧問服務業；J101010 建築物清潔服務業；I301010 資訊軟體服務業；I301020 資料處理服務業；I301030 電子資訊供應服務業；I401010 一般廣告服務業；IZ99990 其他工商服務業；IE01010 電信業務門號代辦業；J202010 產業育成業；JB01010 會議及展覽服務業；JE01010 租賃業；JZ99050 仲介服務業；ZZ99999 除許可業務外，得經營法令非禁止或限制之業務,新北市,變更,11504
91708150,見馳企業社,新北市三重區龍濱路191號,謝昊岑,100000,,115/04/08,所在地變更,JA01990 其他汽車服務業；F207030 清潔用品零售業；F214030 汽、機車零件配備零售業；ZZ99999 除許可業務外，得經營法令非禁止或限制之業務,新北市,變更,11504
91709432,拉綺卡文化創意工坊,新北市淡水區水源街2段177巷104號6樓,陳穎瑄,200000,,115/04/16,名稱變更,F501030 飲料店業；F203010 食品什貨、飲料零售業；F209060 文教、樂器、育樂用品零售業；F206020 日常用品零售業；F215020 礦石零售業；F215010 首飾及貴金屬零售業；F204110 布疋、衣著、鞋、帽、傘、服飾品零售業；F208040 化粧品零售業；F207030 清潔用品零售業；F207990 其他化學製品零售業；F399040 無店面零售業；F401010 國際貿易業；I103060 管理顧問業；I199990 其他顧問服務業；IZ99990 其他工商服務業；J601010 藝文服務業；ZZ99999 除許可業務外，得經營法令非禁止或限制之業務；I301060 網路廣告平臺業；I401010 一般廣告服務業,新北市,變更,11504
91713750,佇食手作商行,新北市土城區中央路1段262巷31號(1樓),胡瑀書,100000,,115/04/07,所營業務變更,F203010 食品什貨、飲料零售業；F204110 布疋、衣著、鞋、帽、傘、服飾品零售業；F299990 其他零售業；F399040 無店面零售業,新北市,變更,11504
91714420,祐珍工程行,新北市三峽區中正路1段415號(1樓) 115年04月,莊庭瑀,200000,,115/04/15,繼承登記,EZ07010 鑽孔工程業；E599010 配管工程業；E601010 電器承裝業；E601020 電器安裝業；E801020 門窗安裝工程業；E903010 防蝕、防銹工程業；J101040 廢棄物處理業；J101120 營建混合物分類處理業；E605010 電腦設備安裝業；E801010 室內裝潢業；EZ06010 交通標示工程業；EZ99990 其他工程業；I503010 景觀、室內設計業；ZZ99999 除許可業務外，得經營法令非禁止或限制之業務,新北市,變更,11504
91715912,甘來小吃店,新北市中和區民安街67號,黃旭興,150000,,115/04/16,所在地變更,F501060 餐館業,新北市,變更,11504
91722505,芙之云商行,新北市中和區莒光路８４巷４２號8樓,許紫柔,200000,,115/04/16,合夥人變更,F104110 布疋、衣著、鞋、帽、傘、服飾品批發業；F106020 日常用品批發業；F108040 化粧品批發業；F203010 食品什貨、飲料零售業；F204110 布疋、衣著、鞋、帽、傘、服飾品零售業；F208040 化粧品零售業；F213010 電器零售業；F213030 電腦及事務性機器設備零售業；F399040 無店面零售業；F401010 國際貿易業；ZZ99999 除許可業務外，得經營法令非禁止或限制之業務,新北市,變更,11504
91722717,宸寶起重企業社,新北市新莊區後港一路173號13樓之7,劉佳峻,200000,,115/04/23,轉讓登記,G799990 其他運輸輔助業；EZ02010 起重工程業；EZ99990 其他工程業；JA01990 其他汽車服務業；E599010 配管工程業；F111090 建材批發業；F106010 五金批發業；F107190 塑膠膜、袋批發業；F199990 其他批發業；JE01010 租賃業；IZ12010 人力派遣業；F399040 無店面零售業；F299990 其他零售業；F113010 機械批發業；F113050 電腦及事務性機器設備批發業；F119010 電子材料批發業；F114030 汽、機車零件配備批發業；F199010 回收物料批發業；J101080 資源回收業；ZZ99999 除許可業務外，得經營法令非禁止或限制之業務,新北市,變更,11504
91723096,寧家女孩企業社,新北市金山區中山路265號,李晨寧,100000,,115/04/28,轉讓登記,F204110 布疋、衣著、鞋、帽、傘、服飾品零售業；F203010 食品什貨、飲料零售業；F399040 無店面零售業；ZZ99999 除許可業務外，得經營法令非禁止或限制之業務,新北市,變更,11504
91724243,莉莎美甲美睫,新北市板橋區陽明街59號,黎氏華,100000,,115/04/27,所在地變更,JZ99080 美容美髮服務業,新北市,變更,11504
91725812,金豪玩選物販賣機,新北市三重區永福街170號(1樓) 115年04月,王威茹,100000,,115/04/01,轉讓登記,F209060 文教、樂器、育樂用品零售業,新北市,變更,11504
91726973,羅西先生鐵板料理,新北市板橋區重慶路76巷29號（1樓）,邱瑞麟,200000,,115/04/22,所在地變更,F501030 飲料店業；F501060 餐館業；ZZ99999 除許可業務外，得經營法令非禁止或限制之業務,新北市,變更,11504
91730435,詠心實業,新北市板橋區文聖街40巷1號2樓,連詠晴,1000000,,115/04/28,增資變更,F106020 日常用品批發業；F108040 化粧品批發業；F104110 布疋、衣著、鞋、帽、傘、服飾品批發業；F204110 布疋、衣著、鞋、帽、傘、服飾品零售業；F206020 日常用品零售業；F208040 化粧品零售業；F399040 無店面零售業；F399990 其他綜合零售業；F401010 國際貿易業；ZZ99999 除許可業務外，得經營法令非禁止或限制之業務,新北市,變更,11504
91732428,銳獅奇企業商行,新北市蘆洲區中山一路161號3樓,李昭儀,200000,,115/04/15,所在地變更,F501030 飲料店業；F203010 食品什貨、飲料零售業；ZZ99999 除許可業務外，得經營法令非禁止或限制之業務,新北市,變更,11504
91736509,三農商號,新北市土城區金城路3段125巷5號15樓,黃家勝,10000,,115/04/27,復業,F501060 餐館業,新北市,變更,11504
91736607,柒風甜點店,新北市板橋區文化路2段369巷30號,盧欣怡,100000,,115/04/17,復業,C104020 烘焙炊蒸食品製造業；F203010 食品什貨、飲料零售業；F102040 飲料批發業；F399040 無店面零售業；F501030 飲料店業；F106060 寵物食品及其用品批發業；F204110 布疋、衣著、鞋、帽、傘、服飾品零售業；ZZ99999 除許可業務外，得經營法令非禁止或限制之業務,新北市,變更,11504
91751542,優鱻食品商行,新北市中和區忠孝街37巷5號(1樓),王輔迪,30000,,115/04/27,負責人住居所變更,F203010 食品什貨、飲料零售業；ZZ99999 除許可業務外，得經營法令非禁止或限制之業務,新北市,變更,11504
91751705,木木美學苑,新北市林口區仁愛路2段172號5樓,林巧扉,200000,,115/04/27,所在地變更,JZ99080 美容美髮服務業；JZ99990 未分類其他服務業；ZZ99999 除許可業務外，得經營法令非禁止或限制之業務,新北市,變更,11504
91752107,杜菇義麵屋,新北市中和區秀朗路3段50巷2號4樓,王豪,240000,,115/04/09,所在地變更,F399040 無店面零售業；F203010 食品什貨、飲料零售業,新北市,變更,11504
91753871,羽晴娃娃屋,新北市中和區連城路23巷5號115年04月,張宏志,200000,,115/04/09,所在地變更,F204110 布疋、衣著、鞋、帽、傘、服飾品零售業；F203010 食品什貨、飲料零售業；F206020 日常用品零售業；F209060 文教、樂器、育樂用品零售業；F299990 其他零售業；F399040 無店面零售業,新北市,變更,11504
91756504,連倫商行,新北市淡水區新市一路1段270之3號6樓,連信震,50000,,115/04/21,所營業務變更,F207030 清潔用品零售業；J101010 建築物清潔服務業；J101030 廢棄物清除業；ZZ99999 除許可業務外，得經營法令非禁止或限制之業務,新北市,變更,11504
91763435,浩丞國際企業社,新北市三重區光明路46號(3樓) 115年04月,王偉翰,200000,,115/04/21,所營業務變更,F214030 汽、機車零件配備零售業；F206010 五金零售業；F206030 模具零售業；F209060 文教、樂器、育樂用品零售業；F214020 機車零售業；F114030 汽、機車零件配備批發業；F106010 五金批發業；F106030 模具批發業；F109070 文教、樂器、育樂用品批發業；F114020 機車批發業；F399040 無店面零售業；F401010 國際貿易業；JA02020 機車修理業；ZZ99999 除許可業務外，得經營法令非禁止或限制之業務,新北市,變更,11504
91763478,果漾時尚美學館,新北市三重區集仁街126號3樓115年04月,許若茵,200000,,115/04/09,所營業務變更,F101050 水產品批發業；F101130 蔬果批發業；F101990 其他農、畜、水產品批發業；F102030 菸酒批發業；F102040 飲料批發業；F102050 茶葉批發業；F102170 食品什貨批發業；F102180 酒精批發業；F104110 布疋、衣著、鞋、帽、傘、服飾品批發業；F105050 家具、寢具、廚房器具、裝設品批發業；F106010 五金批發業；F106020 日常用品批發業；F106050 陶瓷玻璃器皿批發業；F106060 寵物食品及其用品批發業；F106070 祭祀用品批發業；F107030 清潔用品批發業；F107200 化學原料批發業；F107190 塑膠膜、袋批發業；F107990 其他化學製品批發業；F108040 化粧品批發業；F109070 文教、樂器、育樂用品批發業；F110010 鐘錶批發業；F110020 眼鏡批發業；F113020 電器批發業；F113050 電腦及事務性機器設備批發業；F113070 電信器材批發業；F113110 電池批發業；F115010 首飾及貴金屬批發業；F119010 電子材料批發業；F121010 食品添加物批發業；F199990 其他批發業；F203010 食品什貨、飲料零售業；F203020 菸酒零售業；F203030 酒精零售業；F204110 布疋、衣著、鞋、帽、傘、服飾品零售業；F205040 家具、寢具、廚房器具、裝設品零售業；F206010 五金零售業；F206020 日常用品零售業；F206040 水器材料零售業；F206050 寵物食品及其用品零售業；F206060 祭祀用品零售業；F207020 染料、顏料零售業；F207030 清潔用品零售業；F207200 化學原料零售業；F207990 其他化學製品零售業；F208031 醫療器材零售業；F208040 化粧品零售業；F208050 乙類成藥零售業；F209060 文教、樂器、育樂用品零售業；F210010 鐘錶零售業；F210020 眼鏡零售業；F108031 醫療器材批發業；F213060 電信器材零售業；F213030 電腦及事務性機器設備零售業；F213010 電器零售業；F215010 首飾及貴金屬零售業；F215020 礦石零售業；F299990 其他零售業；F399040 無店面零售業；F399990 其他綜合零售業；F401010 國際貿易業；I501010 產品設計業；I401010 一般廣告服務業；IZ06010 理貨包裝業；ZZ99999 除許可業務外，得經營法令非禁止或限制之業務；JZ99080 美容美髮服務業；JZ99990 未分類其他服務業,新北市,變更,11504
91764477,芸玹工作室,新北市板橋區新海路358號5樓115年04月,楊家宜,50000,,115/04/08,所在地變更,F102170 食品什貨批發業；F104110 布疋、衣著、鞋、帽、傘、服飾品批發業；F105050 家具、寢具、廚房器具、裝設品批發業；F109070 文教、樂器、育樂用品批發業；F203010 食品什貨、飲料零售業；F204110 布疋、衣著、鞋、帽、傘、服飾品零售業；F209060 文教、樂器、育樂用品零售業；F399040 無店面零售業；F399990 其他綜合零售業；F401010 國際貿易業；ZZ99999 除許可業務外，得經營法令非禁止或限制之業務,新北市,變更,11504
91770695,潤玥生活百貨行,新北市鶯歌區高職西街20之1號5樓115年04月,林紘駿,200000,,115/04/07,轉讓登記,F108031 醫療器材批發業；F208031 醫療器材零售業；F106020 日常用品批發業；F206020 日常用品零售業；F104110 布疋、衣著、鞋、帽、傘、服飾品批發業；F204110 布疋、衣著、鞋、帽、傘、服飾品零售業；F399990 其他綜合零售業；F399040 無店面零售業；F208040 化粧品零售業；F203010 食品什貨、飲料零售業；F102170 食品什貨批發業；F203020 菸酒零售業；F203030 酒精零售業；F207080 環境用藥零售業；F207190 塑膠膜、袋零售業；F207200 化學原料零售業；F208050 乙類成藥零售業；C201020 寵物食品製造業；F106010 五金批發業；F205040 家具、寢具、廚房器具、裝設品零售業；F206050 寵物食品及其用品零售業；F207030 清潔用品零售業；F209060 文教、樂器、育樂用品零售業；F299990 其他零售業；F201010 農產品零售業；F201020 畜產品零售業；F201030 水產品零售業；F201990 其他農畜水產品零售業；F202010 飼料零售業；ZZ99999 除許可業務外，得經營法令非禁止或限制之業務,新北市,變更,11504
91771694,台灣一一空調工程行,新北市三重區溪尾街108巷45號(1樓) 115年04月,許銘儒,200000,,115/04/09,所在地變更,E599010 配管工程業；E601010 電器承裝業；E601020 電器安裝業；E603010 電纜安裝工程業；E603040 消防安全設備安裝工程業；E603050 自動控制設備工程業；E603090 照明設備安裝工程業；E605010 電腦設備安裝業；E607010 太陽熱能設備安裝工程業；E701010 電信工程業；E801010 室內裝潢業；E801020 門窗安裝工程業；E801030 室內輕鋼架工程業；E801070 廚具、衛浴設備安裝工程業；EZ05010 儀器、儀表安裝工程業；EZ07010 鑽孔工程業；EZ09010 靜電防護及消除工程業；EZ99990 其他工程業；F107170 工業助劑批發業；F106040 水器材料批發業；F107030 清潔用品批發業；F111090 建材批發業；F113100 污染防治設備批發業；F206040 水器材料零售業；F213010 電器零售業；E604010 機械安裝業；EZ15010 保溫、保冷安裝工程業；JA02010 電器及電子產品修理業；F113020 電器批發業；F106010 五金批發業；F113070 電信器材批發業；F105050 家具、寢具、廚房器具、裝設品批發業；F206010 五金零售業；F213060 電信器材零售業；F205040 家具、寢具、廚房器具、裝設品零售業；F214030 汽、機車零件配備零售業；F203010 食品什貨、飲料零售業；F209060 文教、樂器、育樂用品零售業；F208040 化粧品零售業；F213030 電腦及事務性機器設備零售業；F204110 布疋、衣著、鞋、帽、傘、服飾品零售業；F206020 日常用品零售業；F213080 機械器具零售業；IE01010 電信業務門號代辦業；I401010 一般廣告服務業；JE01010 租賃業；F399040 無店面零售業；ZZ99999 除許可業務外，得經營法令非禁止或限制之業務,新北市,變更,11504
91772315,達摩麵屋,新北市新店區中興路3段139號(1樓),蔡亞玲,90000,,115/04/22,轉讓登記,F501060 餐館業,新北市,變更,11504
91774067,沐琦企業社,新北市林口區中正路300號4樓,黃庭薰,200000,,115/04/27,所在地變更,JZ99990 未分類其他服務業；F208040 化粧品零售業；F206020 日常用品零售業；F299990 其他零售業；F399990 其他綜合零售業；F399040 無店面零售業；F221010 食品添加物零售業；ZZ99999 除許可業務外，得經營法令非禁止或限制之業務,新北市,變更,11504
91774088,禾璇企業社,新北市林口區中正路300號4樓,詹欣穎,200000,,115/04/27,所在地變更,JZ99990 未分類其他服務業；F208040 化粧品零售業；F206020 日常用品零售業；F299990 其他零售業；F399990 其他綜合零售業；F399040 無店面零售業；F221010 食品添加物零售業；ZZ99999 除許可業務外，得經營法令非禁止或限制之業務,新北市,變更,11504
91774600,好葉子企業社,新北市永和區中正路362號（2樓）,葉凱軒,100000,,115/04/28,所在地變更,J202010 產業育成業；J802010 運動訓練業；F399040 無店面零售業；F204110 布疋、衣著、鞋、帽、傘、服飾品零售業；ZZ99999 除許可業務外，得經營法令非禁止或限制之業務,新北市,變更,11504
91775642,利來水電材料行,新北市泰山區明志路1段140號(1樓),馮源宗,240000,,115/04/28,所在地變更,E603130 燃氣熱水器承裝業；E801070 廚具、衛浴設備安裝工程業；F105050 家具、寢具、廚房器具、裝設品批發業；F106010 五金批發業；F106040 水器材料批發業；F205040 家具、寢具、廚房器具、裝設品零售業；F206010 五金零售業；F206040 水器材料零售業；ZZ99999 除許可業務外，得經營法令非禁止或限制之業務,新北市,變更,11504
91781172,丸宗拉麵屋,新北市三重區秀江街149號(1樓),林宗翰,50000,,115/04/24,所在地變更,F501060 餐館業；ZZ99999 除許可業務外，得經營法令非禁止或限制之業務,新北市,變更,11504
91783039,仟縉商行,新北市新店區中正路54巷15號115年04月,陳奕杰,100000,,115/04/01,所在地變更,F203010 食品什貨、飲料零售業；F501060 餐館業；ZZ99999 除許可業務外，得經營法令非禁止或限制之業務,新北市,變更,11504
91787035,台新企業社,新北市汐止區長江街239號2樓,徐嘉宏,200000,,115/04/22,出資額變更,J101010 建築物清潔服務業；J101030 廢棄物清除業；J101090 廢棄物清理業；J101040 廢棄物處理業；J101020 病媒防治業；J101990 其他環境衛生及污染防治服務業；IZ12010 人力派遣業；F207030 清潔用品零售業；F207010 漆料、塗料零售業；J101050 環境檢測服務業；JZ99990 未分類其他服務業；ZZ99999 除許可業務外，得經營法令非禁止或限制之業務,新北市,變更,11504
91787345,露娜小姐商行,新北市土城區學府路2段43號6樓,曾致僑,200000,,115/04/30,所營業務變更,F104110 布疋、衣著、鞋、帽、傘、服飾品批發業；F204110 布疋、衣著、鞋、帽、傘、服飾品零售業；ZZ99999 除許可業務外，得經營法令非禁止或限制之業務；F105050 家具、寢具、廚房器具、裝設品批發業；F106020 日常用品批發業；F106060 寵物食品及其用品批發業；F108040 化粧品批發業；F109070 文教、樂器、育樂用品批發業,新北市,變更,11504
91802459,成功商務企業社,新北市新莊區中平路１８３號2樓,陳奐廷,20000,,115/04/11,合夥人變更,H201010 一般投資業；H701010 住宅及大樓開發租售業；H701020 工業廠房開發租售業；H703090 不動產買賣業；H703100 不動產租賃業；H703120 自助儲物空間業；HZ99990 其他金融、保險及不動產業；I401010 一般廣告服務業；I401020 廣告傳單分送業；JZ99050 仲介服務業；I102010 投資顧問業；I103060 管理顧問業；E801010 室內裝潢業；ZZ99999 除許可業務外，得經營法令非禁止或限制之業務,新北市,變更,11504
91803936,蓓蓓美甲美容,新北市板橋區三民路2段70巷20號,阮氏柳燕,50000,,115/04/28,組織變更,JZ99080 美容美髮服務業,新北市,變更,11504
92530385,甜馨果舖食品行,新北市板橋區長江路2段217巷1號11樓之1 115年04月,林建均,30000,,115/04/24,外縣市遷入,F203010 食品什貨、飲料零售業；F399040 無店面零售業；ZZ99999 除許可業務外，得經營法令非禁止或限制之業務,新北市,變更,11504
92633973,日舒淨工作坊,新北市新莊區西盛街405號,李燕青,200000,,115/04/30,所在地變更,F107030 清潔用品批發業；F106020 日常用品批發業；F113020 電器批發業；F199990 其他批發業；F105050 家具、寢具、廚房器具、裝設品批發業；F207030 清潔用品零售業；F206020 日常用品零售業；F213010 電器零售業；F299990 其他零售業；F399990 其他綜合零售業；F205040 家具、寢具、廚房器具、裝設品零售業；C302010 織布業；C303010 不織布業；F401010 國際貿易業；F399040 無店面零售業；ZZ99999 除許可業務外，得經營法令非禁止或限制之業務,新北市,變更,11504
92697645,創世紀民享店,新北市中和區民享街91之4號,邵琬珍,50000,,115/04/21,所營業務變更,F201990 其他農畜水產品零售業,新北市,變更,11504
92697672,香港長龍燒臘店,新北市八里區訊塘路16號,陳瑜婷,200000,,115/04/08,轉讓登記,F501060 餐館業；ZZ99999 除許可業務外，得經營法令非禁止或限制之業務,新北市,變更,11504
92697883,天天美美甲美容店,新北市板橋區民享街56號(1樓),阮氏柳燕,50000,,115/04/28,組織變更,JZ99080 美容美髮服務業,新北市,變更,11504
92698320,永鑫宇商行,新北市蘆洲區長興路146號(1樓) 115年04月,吳美崙,50000,,115/04/07,所營業務變更,C802090 清潔用品製造業；F101100 花卉批發業；F104110 布疋、衣著、鞋、帽、傘、服飾品批發業；F106020 日常用品批發業；F107030 清潔用品批發業；F199990 其他批發業；F201070 花卉零售業；F204110 布疋、衣著、鞋、帽、傘、服飾品零售業；F206020 日常用品零售業；F208040 化粧品零售業；F299990 其他零售業；I103060 管理顧問業；I504010 花藝設計業；I599990 其他設計業；C104020 烘焙炊蒸食品製造業；F102040 飲料批發業；F102050 茶葉批發業；F102170 食品什貨批發業；F203010 食品什貨、飲料零售業；F501030 飲料店業；F501990 其他餐飲業；ZZ99999 除許可業務外，得經營法令非禁止或限制之業務,新北市,變更,11504
92699361,宏運聯合企業社,新北市三芝區中正路1段88號3樓,邱宏睿,200000,,115/04/28,其他,F114030 汽、機車零件配備批發業；F114040 自行車及其零件批發業；F114080 軌道車輛及其零件批發業；F114990 其他交通運輸工具及其零件批發業；F106010 五金批發業；F106030 模具批發業；ZZ99999 除許可業務外，得經營法令非禁止或限制之業務,新北市,變更,11504
92707215,創世紀廣興店,新北市土城區廣興街7號,王捷安,50000,,115/04/21,轉讓登記,F203010 食品什貨、飲料零售業,新北市,變更,11504
92709380,正皓企業社,新北市淡水區淡金路4段461號(1樓),呂佳蕙,1000000,,115/04/01,所營業務變更,A101020 農作物栽培業；A101050 花卉栽培業；A102050 作物栽培服務業；A102080 園藝服務業；A199990 其他農業；A202040 伐木業；J101010 建築物清潔服務業；J101020 病媒防治業；J101030 廢棄物清除業；J101040 廢棄物處理業；F201010 農產品零售業；F201070 花卉零售業；B601010 土石採取業；F207050 肥料零售業；B202010 非金屬礦業；C801110 肥料製造業；F107050 肥料批發業；F199010 回收物料批發業；J101080 資源回收業；J101110 營建剩餘土石方資源處理業(Disposal Industry of ConstructionSurplus Soil)；F111090 建材批發業；F211010 建材零售業,新北市,變更,11504
92716586,滿漢娛樂工作室,新北市板橋區重慶路247號2樓之5,王進煜,200000,,115/04/13,轉讓登記,F399040 無店面零售業；F299990 其他零售業；F399990 其他綜合零售業；I301010 資訊軟體服務業；I301020 資料處理服務業；I301030 電子資訊供應服務業；JZ99990 未分類其他服務業；I199990 其他顧問服務業；ZZ99999 除許可業務外，得經營法令非禁止或限制之業務,新北市,變更,11504
92720667,頂上精品商行,新北市蘆洲區中山二路205號(1樓),沈宜萱,100000,,115/04/27,轉讓登記,F209060 文教、樂器、育樂用品零售業,新北市,變更,11504
92723313,旺金滿哆彩券行,新北市三重區溪尾街124之2號(1樓) 115年04月,黃錦蘭,230000,,115/04/09,所在地變更,IZ14020 公益彩券經銷業,新北市,變更,11504
92724468,豹吉利企業社,新北市永和區保平路151巷1弄4號,黃心彤,200000,,115/04/23,轉讓登記,F106010 五金批發業；F107190 塑膠膜、袋批發業；G801010 倉儲業；I401010 一般廣告服務業；IZ06010 理貨包裝業；IZ12010 人力派遣業；IZ99990 其他工商服務業；ZZ99999 除許可業務外，得經營法令非禁止或限制之業務,新北市,變更,11504
92729581,鼎富投注站,新北市新店區建國路87號(1樓),周花燕,30000,,115/04/23,所在地變更,IZ14020 公益彩券經銷業,新北市,變更,11504
92730790,金好粽彩券商行,新北市三重區重新路3段1號(1樓),林月秀,50000,,115/04/20,所在地變更,IZ14020 公益彩券經銷業；ZZ99999 除許可業務外，得經營法令非禁止或限制之業務,新北市,變更,11504
92731714,吉多多彩券行,新北市泰山區明志路2段368號,蔡蕙如,200000,,115/04/16,名稱變更,IZ14020 公益彩券經銷業,新北市,變更,11504
92732050,金有財彩券行,新北市板橋區三民路2段202之26號,謝麗花,50000,,115/04/14,名稱變更,IZ14020 公益彩券經銷業,新北市,變更,11504
92732615,買買買商行,新北市新莊區四維路187巷10號4樓,吳柏致,50000,,115/04/14,所在地變更,F203010 食品什貨、飲料零售業；F204110 布疋、衣著、鞋、帽、傘、服飾品零售業；F205040 家具、寢具、廚房器具、裝設品零售業；F206010 五金零售業；F206020 日常用品零售業；F209060 文教、樂器、育樂用品零售業；F213010 電器零售業；F299990 其他零售業；F399040 無店面零售業；F399990 其他綜合零售業,新北市,變更,11504
92733810,喜報三元彩券行,新北市土城區中華路1段169號(1樓),吳牡丹,50000,,115/04/16,所在地變更,IZ14020 公益彩券經銷業,新北市,變更,11504
92737554,豐盈彩券行,新北市土城區延和路213號(1樓) 115年04月,葉彩玲,50000,,115/04/17,名稱變更,IZ14020 公益彩券經銷業,新北市,變更,11504
92741261,盈氏工作室,新北市土城區明峯街30號4樓,吳盈儀,100000,,115/04/15,所營業務變更,JB01010 會議及展覽服務業；I599990 其他設計業；F104110 布疋、衣著、鞋、帽、傘、服飾品批發業；F204110 布疋、衣著、鞋、帽、傘、服飾品零售業；F401010 國際貿易業；JE01010 租賃業；JZ99050 仲介服務業；J601010 藝文服務業；J202010 產業育成業；F399040 無店面零售業；C307010 服飾品製造業；C701010 印刷業；H703090 不動產買賣業；H703100 不動產租賃業；I501010 產品設計業；I504010 花藝設計業；I301010 資訊軟體服務業；I301020 資料處理服務業；I301030 電子資訊供應服務業；I103060 管理顧問業；I199990 其他顧問服務業；I401010 一般廣告服務業；ZZ99999 除許可業務外，得經營法令非禁止或限制之業務；I503010 景觀設計業,新北市,變更,11504
92744318,鑫運來台灣彩券,新北市新莊區自信街22號,呂健祥,200000,,115/04/22,名稱變更,IZ14020 公益彩券經銷業,新北市,變更,11504
92746548,艾利芬企業社,新北市蘆洲區永平街32巷57弄6號5樓,莊舒宇,100000,,115/04/15,復業,F399040 無店面零售業；F501990 其他餐飲業；ZZ99999 除許可業務外，得經營法令非禁止或限制之業務,新北市,變更,11504
92747005,雲霧翩翩燒肉餐飲館,新北市板橋區信義路35號,劉梅真,200000,,115/04/01,名稱變更,F501030 飲料店業；F501060 餐館業；ZZ99999 除許可業務外，得經營法令非禁止或限制之業務,新北市,變更,11504
92747912,喜報運動彩券行,新北市板橋區陽明街48號(1樓),張慈靜,50000,,115/04/29,所在地變更,IZ18021 運動彩券經銷業,新北市,變更,11504
92750090,有間發富彩券行,新北市板橋區四川路2段45號,林筮修,50000,,115/04/09,所在地變更,IZ14020 公益彩券經銷業,新北市,變更,11504
92750346,澄豐水電工程行,新北市汐止區秀峰路81巷15弄31號2樓,張峰銘,200000,,115/04/08,名稱變更,F106010 五金批發業；F106040 水器材料批發業；F206010 五金零售業；F206040 水器材料零售業；E599010 配管工程業；ZZ99999 除許可業務外，得經營法令非禁止或限制之業務,新北市,變更,11504
92750789,翊銘驚人彩券行,新北市中和區中山路2段526巷22號(1樓) 115年04月,江芯宜,50000,,115/04/09,所在地變更,IZ14020 公益彩券經銷業,新北市,變更,11504
92750893,金好夾企業社,新北市板橋區三民路2段135號,陳智盛,200000,,115/04/08,轉讓登記,F203010 食品什貨、飲料零售業；F209060 文教、樂器、育樂用品零售業,新北市,變更,11504
92753391,睿希餐酒館,新北市中和區連城路284號(1樓),張睿文,245000,,115/04/02,轉讓登記,F203020 菸酒零售業；F501030 飲料店業；F501060 餐館業；F203010 食品什貨、飲料零售業；ZZ99999 除許可業務外，得經營法令非禁止或限制之業務,新北市,變更,11504
92755449,得福德投注站,新北市汐止區新台五路1段226號(1樓),林福德,100000,,115/04/20,所在地變更,IZ14020 公益彩券經銷業,新北市,變更,11504
92755911,橘心蜜食商行,新北市新莊區瓊林路96巷8號5樓,王,500000,,115/04/01,增資變更,F399040 無店面零售業；F203010 食品什貨、飲料零售業,新北市,變更,11504
92756186,鑽多多運動彩券行,新北市板橋區四川路2段45號,張詩韻,50000,,115/04/09,所在地變更,IZ18021 運動彩券經銷業,新北市,變更,11504
92757571,艾佳企業社,新北市淡水區沙崙路11號3樓,劉偉森,200000,,115/04/28,合夥人變更,F206010 五金零售業；F213010 電器零售業；E601020 電器安裝業；E603090 照明設備安裝工程業；ZZ99999 除許可業務外，得經營法令非禁止或限制之業務,新北市,變更,11504
92757684,晨吉早餐店,新北市樹林區大成路335號,劉國文,50000,,115/04/21,轉讓登記,F501060 餐館業；F501990 其他餐飲業,新北市,變更,11504
93037684,拉寶選物商行,新北市新莊區新莊路374號115年04月,江若綺,50000,,115/04/28,轉讓登記,F209060 文教、樂器、育樂用品零售業,新北市,變更,11504
93039141,千勝工程行,新北市板橋區信義路243號9樓,林芊妤,200000,,115/04/07,所在地變更,C901030 水泥製造業；C901040 預拌混凝土製造業；C901050 水泥及混凝土製品製造業；EZ02010 起重工程業；C901060 耐火材料製造業；CA01020 鋼鐵軋延及擠型業；CA01050 鋼材二次加工業；CA01060 鋼線鋼纜製造業；E502010 燃料導管安裝工程業；E601010 電器承裝業；E601020 電器安裝業；E603010 電纜安裝工程業；E603020 電梯安裝工程業；E603040 消防安全設備安裝工程業；E603050 自動控制設備工程業；E603090 照明設備安裝工程業；E603100 電焊工程業；E603110 冷作工程業；E603120 噴砂工程業；E603130 燃氣熱水器承裝業；E604010 機械安裝業；E605010 電腦設備安裝業；E607010 太陽熱能設備安裝工程業；E701010 電信工程業；E801010 室內裝潢業；E801020 門窗安裝工程業；E801030 室內輕鋼架工程業；E801040 玻璃安裝工程業；E801070 廚具、衛浴設備安裝工程業；E901010 油漆工程業；E903010 防蝕、防銹工程業；EZ07010 鑽孔工程業；EZ11010 球場跑道樹脂材料鋪設工程業；EZ14010 運動場地用設備工程業；EZ15010 保溫、保冷安裝工程業；EZ99990 其他工程業；J101010 建築物清潔服務業；J101030 廢棄物清除業；J101040 廢棄物處理業；ZZ99999 除許可業務外，得經營法令非禁止或限制之業務,新北市,變更,11504
93040267,福運企業社,新北市新店區安德街53號6樓115年04月,許德廣,200000,,115/04/23,所在地變更,I103060 管理顧問業；I102010 一般投資顧問業；JD01010 工商徵信服務業；I199990 其他顧問服務業；IZ99990 其他工商服務業；I401010 一般廣告服務業；JE01010 租賃業；JZ99990 未分類其他服務業；ZZ99999 除許可業務外，得經營法令非禁止或限制之業務,新北市,變更,11504
93041483,鹿羽松企業社,新北市三芝區民生街64巷2號2樓,彭昱瑄,60000,,115/04/02,負責人改名,F201010 農產品零售業；F201980 其他動物零售業,新北市,變更,11504
93041842,布里茨咖啡商行,新北市永和區四維街36號(1樓),楊明洲,1000000,,115/04/27,增資變更,F501030 飲料店業；F501060 餐館業；F501990 其他餐飲業；F203010 食品什貨、飲料零售業；F206020 日常用品零售業；F299990 其他零售業,新北市,變更,11504
93042785,菊下樓興業社,新北市汐止區忠孝東路335號(1樓),郭玲菱,200000,,115/04/17,轉讓登記,F203010 食品什貨、飲料零售業；F501030 飲料店業；F501060 餐館業；F501990 其他餐飲業；ZZ99999 除許可業務外，得經營法令非禁止或限制之業務,新北市,變更,11504
93042814,星穎室內裝修工程行,新北市新莊區中正路708之19號,杜永富,200000,,115/04/15,名稱變更,E801010 室內裝潢業；ZZ99999 除許可業務外，得經營法令非禁止或限制之業務；E801060 室內裝修業（註：名稱應標明「室內裝修」字樣）,新北市,變更,11504
93140478,山王商號,新北市泰山區新北大道5段123號3樓,林全祥,200000,,115/04/23,外縣市遷入,I401010 一般廣告服務業；ZZ99999 除許可業務外，得經營法令非禁止或限制之業務,新北市,變更,11504
93143453,賈邱車業行,新北市八里區龍米路1段122號(1樓),黃琨皓,200000,,115/04/23,外縣市遷入,F214030 汽、機車零件配備零售業；F214020 機車零售業；F214050 車胎零售業；F214040 自行車及其零件零售業；F213110 電池零售業；JA02020 機車修理業；JE01010 租賃業,新北市,變更,11504
93180772,婧嘉合商行,新北市永和區永貞路79號115年04月,楊雅雯,200000,,115/04/20,外縣市遷入,F209060 文教、樂器、育樂用品零售業；F204110 布疋、衣著、鞋、帽、傘、服飾品零售業；F104110 布疋、衣著、鞋、帽、傘、服飾品批發業；F109070 文教、樂器、育樂用品批發業；F106020 日常用品批發業；F206020 日常用品零售業；F399040 無店面零售業；F108040 化粧品批發業；F208040 化粧品零售業；F205040 家具、寢具、廚房器具、裝設品零售業；F207030 清潔用品零售業；F215010 首飾及貴金屬零售業；F102170 食品什貨批發業；F203010 食品什貨、飲料零售業；F401010 國際貿易業；ZZ99999 除許可業務外，得經營法令非禁止或限制之業務,新北市,變更,11504
94598889,傑莉莫納企業社,新北市板橋區大觀路3段269巷2號4樓,林怡萍,200000,,115/04/23,外縣市遷入,F204110 布疋、衣著、鞋、帽、傘、服飾品零售業；F205040 家具、寢具、廚房器具、裝設品零售業；F206010 五金零售業；F206020 日常用品零售業；F206030 模具零售業；F206040 水器材料零售業；F206050 寵物食品及其用品零售業；F207010 漆料、塗料零售業；F207030 清潔用品零售業；F207190 塑膠膜、袋零售業；F209060 文教、樂器、育樂用品零售業；F210010 鐘錶零售業；F211010 建材零售業；F213080 機械器具零售業；F214030 汽、機車零件配備零售業；F214040 自行車及其零件零售業；F216010 照相器材零售業；F399040 無店面零售業；F401010 國際貿易業；ZZ99999 除許可業務外，得經營法令非禁止或限制之業務,新北市,變更,11504
94865013,予羿實業社,新北市樹林區佳園路3段430號13樓115年04月,許瑜翎,200000,,115/04/30,轉讓登記,E801010 室內裝潢業；F111090 建材批發業；F401010 國際貿易業；I199990 其他顧問服務業；I301020 資料處理服務業；I503010 景觀、室內設計業；ZZ99999 除許可業務外，得經營法令非禁止或限制之業務,新北市,變更,11504
94867146,銓呈室內設計裝潢工作室,新北市土城區裕民路214巷26弄3號10樓,廖依柔,240000,,115/04/27,負責人變更,E801010 室內裝潢業；E801030 室內輕鋼架工程業；E801020 門窗安裝工程業；E801040 玻璃安裝工程業；E901010 油漆工程業；EZ99990 其他工程業；E603110 冷作工程業；E601010 電器承裝業；E599010 配管工程業；E601020 電器安裝業；E603010 電纜安裝工程業；E603050 自動控制設備工程業；EZ15010 保溫、保冷安裝工程業；EZ07010 鑽孔工程業；E603090 照明設備安裝工程業；E603040 消防安全設備安裝工程業；E801070 廚具、衛浴設備安裝工程業；I501010 產品設計業；I503010 景觀、室內設計業；I599990 其他設計業；J101010 建築物清潔服務業；J101030 廢棄物清除業；J101040 廢棄物處理業；J101090 廢棄物清理業；ZZ99999 除許可業務外，得經營法令非禁止或限制之業務,新北市,變更,11504
94867217,哥林多企業社,新北市永和區永元路69巷8號(1樓),彭步蓮,200000,,115/04/01,出資額變更,F206020 日常用品零售業；F207030 清潔用品零售業；F208040 化粧品零售業；I103060 管理顧問業；ZZ99999 除許可業務外，得經營法令非禁止或限制之業務,新北市,變更,11504
94868454,尖叫美甲,新北市新莊區民安東路189號115年04月,陳靖宜,1000000,,115/04/08,所在地變更,F108040 化粧品批發業；F106020 日常用品批發業；F104110 布疋、衣著、鞋、帽、傘、服飾品批發業；JZ99080 美容美髮服務業；JZ99990 未分類其他服務業；ZZ99999 除許可業務外，得經營法令非禁止或限制之業務,新北市,變更,11504
94869046,茫茫餐飲娛樂企業社,新北市新莊區中正路514巷9號(2樓),鄧易承,30000,,115/04/16,轉讓登記,J799990 其他休閒服務業；J801030 競技及休閒運動場館業；JZ99990 未分類其他服務業；F203020 菸酒零售業；F203030 酒精零售業；F203040 雪茄零售業；F501060 餐館業；F501990 其他餐飲業；F204110 布疋、衣著、鞋、帽、傘、服飾品零售業；ZZ99999 除許可業務外，得經營法令非禁止或限制之業務,新北市,變更,11504
94869123,凱開小吃,新北市土城區永安街80之7號5樓,許仲凱,200000,,115/04/14,所在地變更,F203010 食品什貨、飲料零售業；F501030 飲料店業；F501060 餐館業；ZZ99999 除許可業務外，得經營法令非禁止或限制之業務,新北市,變更,11504
94870347,藝興飲食店,新北市板橋區仁化街152巷1號,呂詠婷,100000,,115/04/13,轉讓登記,F501030 飲料店業；F501060 餐館業；ZZ99999 除許可業務外，得經營法令非禁止或限制之業務,新北市,變更,11504
94871774,威茹娃娃企業社,新北市蘆洲區信義路331號,王威茹,50000,,115/04/01,轉讓登記,F209060 文教、樂器、育樂用品零售業；F203010 食品什貨、飲料零售業,新北市,變更,11504
94876671,傑出專業除蟲工作室,新北市新莊區龍安路495號4樓,楊詔傑,200000,,115/04/07,所在地變更,J101020 病媒防治業；J101050 環境檢測服務業；J101090 廢棄物清理業；J101040 廢棄物處理業；J101990 其他環境衛生及污染防治服務業；F207030 清潔用品零售業；JZ99990 未分類其他服務業；ZZ99999 除許可業務外，得經營法令非禁止或限制之業務,新北市,變更,11504
94879071,逸口沁甜企業社,新北市鶯歌區文化路423之8號115年04月,洪逸絃,100000,,115/04/14,復業,F203010 食品什貨、飲料零售業；F203020 菸酒零售業；F501990 其他餐飲業；F501030 飲料店業；F399040 無店面零售業,新北市,變更,11504
94879558,冠縈水電工程材料行,新北市八里區文昌六街118號(1樓),謝霈瀅,1688888,,115/04/17,名稱變更,F106040 水器材料批發業；F206040 水器材料零售業；F113020 電器批發業；F213010 電器零售業；F219010 電子材料零售業；F106010 五金批發業；F206010 五金零售業；F105050 家具、寢具、廚房器具、裝設品批發業；F205040 家具、寢具、廚房器具、裝設品零售業；F111090 建材批發業；F211010 建材零售業；F213080 機械器具零售業；F220010 耐火材料零售業；F206020 日常用品零售業；F213110 電池零售業；ZZ99999 除許可業務外，得經營法令非禁止或限制之業務；E599010 配管工程業；E601010 電器承裝業；E601020 電器安裝業；E602011 冷凍空調工程業；E603090 照明設備安裝工程業；E801010 室內裝潢業；E801020 門窗安裝工程業；E801030 室內輕鋼架工程業；E901010 油漆工程業；E701040 簡易電信設備安裝業；E801070 廚具、衛浴設備安裝工程業；E903010 防蝕、防銹工程業；EZ99990 其他工程業,新北市,變更,11504
94880231,賺翻天運動彩券,新北市新莊區自信街22號115年04月,李偉生,50000,,115/04/22,名稱變更,IZ18021 運動彩券經銷業,新北市,變更,11504
94880627,宇宙傳媒興業社,新北市新莊區豐盛一街16號15樓,邱致凱,200000,,115/04/14,所營業務變更,J305010 有聲出版業；J399010 軟體出版業；J399990 其他出版業；J401010 電影片製作業；J402010 電影片發行業；J404010 動畫影片製作業；J404040 電影錄音業；J404050 電影特效製作業；J601010 藝文服務業；J602010 演藝活動業；J603010 音樂展演空間業；JE01010 租賃業；JZ99030 攝影業；JZ99050 仲介服務業；JZ99990 未分類其他服務業；I301010 資訊軟體服務業；I301020 資料處理服務業；I301030 電子資訊供應服務業；I501010 產品設計業；I599990 其他設計業；F104110 布疋、衣著、鞋、帽、傘、服飾品批發業；F203010 食品什貨、飲料零售業；F203020 菸酒零售業；F204110 布疋、衣著、鞋、帽、傘、服飾品零售業；F205040 家具、寢具、廚房器具、裝設品零售業；F206010 五金零售業；F206020 日常用品零售業；F207030 清潔用品零售業；F208040 化粧品零售業；F209060 文教、樂器、育樂用品零售業；F210010 鐘錶零售業；F210020 眼鏡零售業；F211010 建材零售業；F299990 其他零售業；F399040 無店面零售業；F399990 其他綜合零售業；F401010 國際貿易業；F601010 智慧財產權業；ZZ99999 除許可業務外，得經營法令非禁止或限制之業務,新北市,變更,11504
94880725,專屬製甲工作室,新北市新莊區富貴路500號6樓115年04月,何依美,100000,,115/04/21,所在地變更,F108040 化粧品批發業；F208040 化粧品零售業；F401010 國際貿易業；I199990 其他顧問服務業；I599990 其他設計業；ZZ99999 除許可業務外，得經營法令非禁止或限制之業務；JZ99080 美容美髮服務業,新北市,變更,11504
94884433,辰瑞工程行,新北市泰山區明志路2段254巷18號3樓,尤世辰,200000,,115/04/08,所在地變更,C901030 水泥製造業；C901040 預拌混凝土製造業；C901050 水泥及混凝土製品製造業；E599010 配管工程業；E801010 室內裝潢業；E801020 門窗安裝工程業；E801030 室內輕鋼架工程業；E801040 玻璃安裝工程業；E801070 廚具、衛浴設備安裝工程業；E901010 油漆工程業；E903010 防蝕、防銹工程業；EZ99990 其他工程業；F106010 五金批發業；F107010 漆料、塗料批發業；F111090 建材批發業；F206010 五金零售業；F207010 漆料、塗料零售業；F211010 建材零售業；J101080 資源回收業；J101090 廢棄物清理業；J101010 建築物清潔服務業；J101030 廢棄物清除業；I503010 景觀、室內設計業；ZZ99999 除許可業務外，得經營法令非禁止或限制之業務,新北市,變更,11504
94884530,科伊奧斯企業社,新北市三峽區文化路139號4樓115年04月,陳淑燕,50000,,115/04/17,所營業務變更,F399040 無店面零售業；ZZ99999 除許可業務外，得經營法令非禁止或限制之業務,新北市,變更,11504
94885714,赫益工程行,新北市永和區福和路10巷15號3樓,謝博丞,500000,,115/04/08,外縣市遷入,E599010 配管工程業；E601010 電器承裝業；E601020 電器安裝業；E603040 消防安全設備安裝工程業；E603050 自動控制設備工程業；E603090 照明設備安裝工程業；E603130 燃氣熱水器承裝業；E605010 電腦設備安裝業；E801010 室內裝潢業；E801020 門窗安裝工程業；E801030 室內輕鋼架工程業；E801070 廚具、衛浴設備安裝工程業；E901010 油漆工程業；EZ99990 其他工程業；F106040 水器材料批發業；F113020 電器批發業；F119010 電子材料批發業；F199990 其他批發業；F205040 家具、寢具、廚房器具、裝設品零售業；F206010 五金零售業；F211010 建材零售業；F213030 電腦及事務性機器設備零售業；F218010 資訊軟體零售業；F220010 耐火材料零售業；F299990 其他零售業；F399040 無店面零售業；F401010 國際貿易業；I503010 景觀、室內設計業；I599990 其他設計業；IZ12010 人力派遣業；J101010 建築物清潔服務業；J101090 廢棄物清理業；JA02010 電器及電子產品修理業；JA02990 其他修理業；ZZ99999 除許可業務外，得經營法令非禁止或限制之業務,新北市,變更,11504
94908435,國美企業社,新北市汐止區長青路200巷12之8號115年04月,邱予弦,80000,,115/04/01,轉讓登記,J101010 建築物清潔服務業；J101030 廢棄物清除業；J101040 廢棄物處理業；J101080 資源回收業；J101090 廢棄物清理業,新北市,變更,11504
95105118,祺恩精品商行,新北市金山區忠孝一路15巷2號(1樓),邱祺恩,200000,,115/04/07,外縣市遷入,F203010 食品什貨、飲料零售業；F204110 布疋、衣著、鞋、帽、傘、服飾品零售業；F205040 家具、寢具、廚房器具、裝設品零售業；F206020 日常用品零售業；F209060 文教、樂器、育樂用品零售業；F208040 化粧品零售業；F213010 電器零售業；F213030 電腦及事務性機器設備零售業；F399040 無店面零售業；J101010 建築物清潔服務業；ZZ99999 除許可業務外，得經營法令非禁止或限制之業務,新北市,變更,11504
95141894,儀和團興業,新北市林口區仁愛路2段351號(1樓),張琇晴,50000,,115/04/22,轉讓登記,F201010 農產品零售業；F201030 水產品零售業；F203010 食品什貨、飲料零售業；ZZ99999 除許可業務外，得經營法令非禁止或限制之業務,新北市,變更,11504
95142269,和記生鮮行,新北市淡水區新市一路1段99巷18號,施崇怡,20000,,115/04/13,轉讓登記,F201990 其他農畜水產品零售業；F201010 農產品零售業,新北市,變更,11504
95144490,花花菓子小舖,新北市蘆洲區長安街73巷2號4樓,張雅淳,200000,,115/04/20,轉讓登記,F206050 寵物食品及其用品零售業；F207030 清潔用品零售業；F399990 其他綜合零售業；F203010 食品什貨、飲料零售業；F204110 布疋、衣著、鞋、帽、傘、服飾品零售業；F206020 日常用品零售業；F399040 無店面零售業；ZZ99999 除許可業務外，得經營法令非禁止或限制之業務,新北市,變更,11504
95148593,旺爺洋行,新北市林口區民富街85號,汪慶宗,240000,,115/04/24,所營業務變更,F501030 飲料店業；F501060 餐館業；F102030 菸酒批發業；F203020 菸酒零售業；F102170 食品什貨批發業；F203010 食品什貨、飲料零售業,新北市,變更,11504
95148720,東輝行,新北市板橋區合宜路145號22樓之1,楊淑君,100000,,115/04/30,轉讓登記,F399040 無店面零售業；ZZ99999 除許可業務外，得經營法令非禁止或限制之業務,新北市,變更,11504
95149538,騰然商行,新北市中和區中正路755之1號(1樓) 115年04月,謝嘉哲,240000,,115/04/22,負責人變更,F203010 食品什貨、飲料零售業；F501060 餐館業；F501990 其他餐飲業；F501030 飲料店業；F102040 飲料批發業；F201010 農產品零售業；F399990 其他綜合零售業；ZZ99999 除許可業務外，得經營法令非禁止或限制之業務；C104020 烘焙炊蒸食品製造業,新北市,變更,11504
95151082,玉尚企業社,新北市金山區仁愛路37之4號3樓,許方玉,240000,,115/04/14,所營業務變更,F501060 餐館業；F501990 其他餐飲業；J101010 建築物清潔服務業；J101040 廢棄物處理業；J101080 資源回收業；J101990 其他環境衛生及污染防治服務業；J101020 病媒防治業；J101030 廢棄物清除業；J101090 廢棄物清理業；F213030 電腦及事務性機器設備零售業；F218010 資訊軟體零售業；EZ05010 儀器、儀表安裝工程業；I301010 資訊軟體服務業；ZZ99999 除許可業務外，得經營法令非禁止或限制之業務；A101050 花卉栽培業；A102080 園藝服務業；E901010 油漆工程業；E801070 廚具、衛浴設備安裝工程業,新北市,變更,11504
95152575,清森實業社,新北市土城區承天路107巷10號4樓,黃欣瑜,50000,,115/04/01,所在地變更,F399040 無店面零售業；F203010 食品什貨、飲料零售業；F204110 布疋、衣著、鞋、帽、傘、服飾品零售業；F206020 日常用品零售業；F206050 寵物食品及其用品零售業；F208040 化粧品零售業,新北市,變更,11504
95156431,規速車業行,新北市新莊區福營路165巷52號,許瀚中,200000,,115/04/07,合夥人變更,F214020 機車零售業；JA02020 機車修理業；JA01010 汽車修理業；F214030 汽、機車零件配備零售業；ZZ99999 除許可業務外，得經營法令非禁止或限制之業務,新北市,變更,11504
95156642,常杏商行,新北市蘆洲區光華路22巷20號3樓115年04月,陳婉燄,200000,,115/04/13,所營業務變更,F102170 食品什貨批發業；F203010 食品什貨、飲料零售業；F399040 無店面零售業；F401010 國際貿易業；F199990 其他批發業；F299990 其他零售業；F101130 蔬果批發業；F201010 農產品零售業；F101040 家畜家禽批發業；F201020 畜產品零售業；F101050 水產品批發業；F201030 水產品零售業；F206020 日常用品零售業；F106020 日常用品批發業；F301020 超級市場業；ZZ99999 除許可業務外，得經營法令非禁止或限制之業務,新北市,變更,11504
95158058,伶來盈商行,新北市汐止區水源路1段113號,林盈如,100000,,115/04/29,復業,F501030 飲料店業；F203010 食品什貨、飲料零售業；F203020 菸酒零售業；F206020 日常用品零售業；JE01010 租賃業；F209060 文教、樂器、育樂用品零售業；J799990 其他休閒服務業；ZZ99999 除許可業務外，得經營法令非禁止或限制之業務；J701040 休閒活動場館業；F501030 飲料店業,新北市,變更,11504
95158326,魔之手商行,新北市板橋區金門街340號,黃昱翔,200000,,115/04/07,轉讓登記,F209060 文教、樂器、育樂用品零售業；F203010 食品什貨、飲料零售業；F206020 日常用品零售業,新北市,變更,11504
95160028,昀初美甲工作室,新北市板橋區文化路1段435巷31弄21號(1樓),李宥妤,200000,,115/04/07,轉讓登記,JZ99080 美容美髮服務業；F399040 無店面零售業；ZZ99999 除許可業務外，得經營法令非禁止或限制之業務,新北市,變更,11504
95161032,鳳瀧工程行,新北市板橋區板新路101號4樓,劉聖煌,200000,,115/04/21,所在地變更,EZ99990 其他工程業；E603120 噴砂工程業；E603100 電焊工程業；E801020 門窗安裝工程業；E801030 室內輕鋼架工程業；E801040 玻璃安裝工程業；E801070 廚具、衛浴設備安裝工程業；E901010 油漆工程業；E903010 防蝕、防銹工程業；EZ07010 鑽孔工程業；J101110 營建剩餘土石方資源處理業；E801010 室內裝潢業；ZZ99999 除許可業務外，得經營法令非禁止或限制之業務,新北市,變更,11504
95397369,馥境無限企業社,新北市中和區中正路277之4號18樓,鐘雅蓁,248000,,115/04/13,外縣市遷入,F206020 日常用品零售業；F204110 布疋、衣著、鞋、帽、傘、服飾品零售業；F205040 家具、寢具、廚房器具、裝設品零售業；F401010 國際貿易業；F399040 無店面零售業；F399990 其他綜合零售業；ZZ99999 除許可業務外，得經營法令非禁止或限制之業務,新北市,變更,11504
95874003,神源佛具行,新北市五股區成泰路3段237號115年04月,葉家瑋,50000,,115/04/29,轉讓登記,F199990 其他批發業；F299990 其他零售業；F205040 家具、寢具、廚房器具、裝設品零售業；F206010 五金零售業；F206020 日常用品零售業；F206060 祭祀用品零售業；F399040 無店面零售業,新北市,變更,11504
98784569,東錫企業社,新北市板橋區成都街7號3樓,李東錫,200000,,115/04/14,所在地變更,E201010 景觀工程業；I503010 景觀、室內設計業；F211010 建材零售業,新北市,變更,11504
99095957,錄豐小吃店,新北市三重區文化北路63號,陳筱薏,200000,,115/04/22,轉讓登記,C199030 即食餐食製造業；ZZ99999 除許可業務外，得經營法令非禁止或限制之業務,新北市,變更,11504
99148547,泰利企業社,新北市新店區北新路３段６５巷３４弄１４號（現場僅供辦公室使用）,吳承朋,100000,,115/04/09,所營業務變更,J101080 資源回收業；J101030 廢棄物清除業；ZZ99999 除許可業務外，得經營法令非禁止或限制之業務；J101010 建築物清潔服務業；J101020 病媒防治業；J101040 廢棄物處理業；J101090 廢棄物清理業；J101050 環境檢測服務業；J101060 廢（污）水處理業；J101110 營建剩餘土石方資源處理業；J101990 其他環境衛生及污染防治服務業；JZ99990 未分類其他服務業；I101070 農、林、漁、畜牧顧問業；I401010 一般廣告服務業；I503010 景觀設計業；I504010 花藝設計業；I599990 其他設計業；IZ06010 理貨包裝業；H701090 都市更新整建維護業；G799990 其他運輸輔助業；F106010 五金批發業；F106020 日常用品批發業；F199010 回收物料批發業；A102080 園藝服務業；F107050 肥料批發業；F207050 肥料零售業；C801110 肥料製造業；C501070 竹、藤製品製造業；C501990 其他木製品製造業；C501010 製材業；A299990 其他林業；A199990 其他農業；A201010 造林業；A201030 特殊林木經營業；A202020 薪炭業；A202040 伐木業；A102050 作物栽培服務業,新北市,變更,11504
99157067,喬依服飾店,新北市淡水區中山路95巷23之1號115年04月,張秋月,200000,,115/04/15,所在地變更,F204020 成衣零售業；F204040 皮包、手提袋、皮箱零售業；F204050 服飾品零售業；F204030 鞋類零售業；F206020 日常用品零售業；F207030 清潔用品零售業,新北市,變更,11504
99230004,詠成工程行,新北市板橋區館前東路26號3樓之2,蔡宗霖,200000,,115/04/27,所在地變更,F117010 消防安全設備批發業；F120010 耐火材料批發業；F217010 消防安全設備零售業；F220010 耐火材料零售業；F211010 建材零售業；E599010 配管工程業；E603040 消防安全設備安裝工程業；ZZ99999 除許可業務外，得經營法令非禁止或限制之業務,新北市,變更,11504
99498776,鴻順工程行,新北市新莊區幸福路824號4樓,林淑惠,480000,,115/04/30,轉讓登記,E599010 配管工程業；E601020 電器安裝業；E603030 通風系統安裝工程業；E801070 廚具、衛浴設備安裝工程業；E901010 油漆工程業；E603090 照明設備安裝工程業,新北市,變更,11504
99749703,彩年裝潢工程行,新北市板橋區信義路150巷1弄6號,張竣堯,200000,,115/04/07,轉讓登記,E801010 室內裝潢業；E801020 門窗安裝工程業；E801030 室內輕鋼架工程業；E901010 油漆工程業；E201010 景觀工程業；E603090 照明設備安裝工程業；E903010 防蝕、防銹工程業；F111010 木材批發業；F111080 門窗建材批發業；F106010 五金批發業；F105010 家具批發業；F113020 電器批發業,新北市,變更,11504
99788629,富潤屋精品店,新北市鶯歌區重慶街６７號（１樓）,鄭許秀薇,100000,,115/04/29,轉讓登記,F205020 裝設品零售業,新北市,變更,11504
