統編,名稱,類別,地址,資本額,實收資本額,首見年月,設立日期,組織別,行業代號,行業,電話
05072925,中租迪和股份有限公司,小客車租賃業,臺北市內湖區瑞光路362號8樓至12樓,55361807000,55361807000,202610,69/06/01,股份有限公司,649100,金融租賃,02-8752-6388
27998148,中租汽車租賃股份有限公司,小客車租賃業,臺北市內湖區瑞光路362號5樓,20000000000,10758465000,202610,95/03/02,股份有限公司,772100,汽車租賃,02-87526388
03374306,國泰建設股份有限公司,小客車租賃業,臺北市大安區敦化南路2段218號2樓,20000000000,11595610590,202610,53/12/01,股份有限公司,670012,不動產投資開發,02-23779968
16844548,和潤企業股份有限公司,小客車租賃業,臺北市內湖區瑞光路605號10樓,10000000000,7418450080,202610,88/05/28,股份有限公司,484111,全新汽車零售,02-25024567
51015548,嘉里大榮物流股份有限公司,汽車貨運業,臺北市中正區新生南路一段50號14樓,7000000000,4670004980,202610,49/06/01,股份有限公司,494099,其他汽車貨運,02-33226888
20896434,日盛台駿國際租賃股份有限公司,小客車租賃業,臺北市中山區松江路68號7樓,5500000000,4614538280,202610,70/08/13,股份有限公司,465111,全新汽車批發,0225219898
53926705,富胖達股份有限公司,汽車貨運業,臺北市信義區忠孝東路四段555號14樓,5026777100,4497730400,202610,101/09/04,股份有限公司,639099,未分類其他資訊服務,02-27361278
16447816,一銀租賃股份有限公司,小客車租賃業,臺北市中正區延平南路38號4樓,5000000000,4197300000,202610,87/07/28,股份有限公司,681112,自有不動產租賃,02-3343-7055
16091337,永豐金租賃股份有限公司,小客車租賃業,臺北市中山區南京東路三段130號6樓及7樓,5000000000,4681043770,202610,86/09/10,股份有限公司,771200,農業及其他工業用機械設備租賃,02-2576-2804
16740311,遠銀國際租賃股份有限公司,小客車租賃業,臺北市大安區敦化南路二段207號36樓,5000000000,4462330180,202610,87/10/01,股份有限公司,702099,其他管理顧問,02-77433000
16094812,台新大安租賃股份有限公司,小客車租賃業,臺北市中山區中山北路二段44號7樓,4000000000,3785151340,202610,86/10/22,股份有限公司,772100,汽車租賃,02-21621168
97169587,聯邦國際租賃股份有限公司,小客車租賃業,臺北市中山區南京東路2段137號9樓,3600000000,2445000000,202610,85/11/21,股份有限公司,434011,室內裝潢工程,02-25166660
80503378,中國信託資融股份有限公司,小客車租賃業,臺北市中正區許昌街17號17樓,3000000000,2071100860,202610,92/08/07,股份有限公司,649100,金融租賃,02-2388-0011
16091890,台新租賃股份有限公司,小客車租賃業,臺北市大安區仁愛路4段1號11樓,3000000000,1000000000,202610,87/01/01,股份有限公司,681111,自有不動產買賣,02-25866677
70364778,和運租車股份有限公司,小客車租賃業,臺北市中山區松江路121號15樓,3000000000,1925279280,202610,88/05/28,股份有限公司,772100,汽車租賃,02-25025686
23986326,中國租賃股份有限公司,小客車租賃業,臺北市內湖區瑞光路362號8樓,2695607000,2695607000,202610,80/01/23,股份有限公司,454512,食用油脂批發,02-87526388
33853232,志信國際股份有限公司,汽車貨運業,臺北市大安區昌隆里市民大道三段206號6樓,2500000000,1890022720,202610,62/11/15,股份有限公司,494011,汽車貨櫃貨運,02-5090036
12208883,格上汽車租賃股份有限公司,小客車租賃業,臺北市大安區敦化南路2段2號11樓,2500000000,1479653030,202610,68/01/01,股份有限公司,772100,汽車租賃,02-25183060
23471299,統聯汽車客運股份有限公司,遊覽車客運業,新北市三重區光復路二段73號,2500000000,2346489740,202610,79/01/08,股份有限公司,493111,公路汽車客運,
70479820,集康國際股份有限公司,汽車貨運業,新北市中和區中正路880號17樓之1,2500000000,1470285250,202610,89/04/01,股份有限公司,475112,西藥零售,02-2225-7996
94175164,仲行智能行動股份有限公司,小客車租賃業,臺北市內湖區瑞光路362號5樓,2000000000,1000000000,202610,112/09/07,股份有限公司,772100,汽車租賃,
50885758,和雲行動服務股份有限公司,小客車租賃業,臺北市中山區長安東路二段99號5樓,2000000000,704664590,202610,107/10/25,股份有限公司,772100,汽車租賃,
70762591,統一速達股份有限公司,汽車貨運業,新北市深坑區北深路三段254號2樓,2000000000,1478520000,202610,89/02/08,股份有限公司,494099,其他汽車貨運,02-27887887
24786917,新光國際租賃股份有限公司,小客車租賃業,臺北市大同區延平北路二段202號7樓之2,2000000000,1750000000,202610,104/01/14,股份有限公司,702099,其他管理顧問,02-25578008
33983853,山隆通運股份有限公司,汽車貨運業,新北市板橋區民生路一段1-2號1樓,1800000000,1372818270,202610,65/04/01,股份有限公司,482114,汽油、柴油及液化石油氣零售（無商品進、銷貨行為）,02-29599611
23892144,匯豐協新租賃股份有限公司,小客車租賃業,臺北市南港區成功路一段36巷20號,1338807060,1338807060,202610,79/09/01,股份有限公司,484111,全新汽車零售,0800030698
70567204,遠銀小客車租賃股份有限公司,小客車租賃業,臺北市大安區敦化南路二段207號36樓,1057858500,1057858500,202610,89/11/21,股份有限公司,493911,附駕駛之小客車租賃,
70579068,日盛全台通小客車租賃股份有限公司,小客車租賃業,臺北市中山區松江路68號6樓,1000000000,850000000,202610,89/07/26,股份有限公司,772999,未分類其他運輸工具租賃,
70624227,台灣宅配通股份有限公司,汽車貨運業,新北市三重區神農街426號,1000000000,954670000,202610,88/09/18,股份有限公司,494099,其他汽車貨運,02-66165500
03634507,台灣通運倉儲股份有限公司,汽車貨運業,臺北市中山區德惠街16-5號10樓,1000000000,624839260,202610,45/01/01,股份有限公司,494099,其他汽車貨運,02-25641333
47075781,富民運輸股份有限公司,汽車貨運業,新北市八里區厦竹圍27之3號,1000000000,813812760,202610,69/02/04,股份有限公司,494099,其他汽車貨運,
83541214,馥諾資本股份有限公司,小客車租賃業,臺北市內湖區瑞光路335號6樓,1000000000,360425000,202610,109/02/13,股份有限公司,649914,創業投資公司,0226276220
89481001,台灣賓士資融股份有限公司,小客車租賃業,臺北市松山區民生東路三段131號13樓,997000000,997000000,202610,84/07/10,股份有限公司,772100,汽車租賃,02-2719-3488
53752726,泉恩高科技有限公司,小客車租賃業,新北市新店區中正路531-1號7樓,832000000,,202610,101/04/05,有限公司,649911,投資有價證券,02-27296666
84705354,朝陽小客車租賃股份有限公司,小客車租賃業,臺北市內湖區南京東路六段386號3樓,800000000,597551440,202610,83/02/02,股份有限公司,772100,汽車租賃,
27043501,指南汽車客運股份有限公司,遊覽車客運業,新北市淡水區中正東路二段27之8號3樓,700000000,611007490,202610,44/10/01,股份有限公司,493112,市區汽車客運,
53799460,安維斯汽車租賃股份有限公司,小客車租賃業,臺北市內湖區行愛路153號,650000000,650000000,202610,101/02/10,股份有限公司,772100,汽車租賃,03-5518131
11366005,東亞運輸倉儲股份有限公司,汽車貨運業,新北市汐止區大同路三段338號,620000000,560314400,202610,56/02/01,股份有限公司,451099,其他商品批發經紀,02-8648-2111
24961479,專聯科技股份有限公司,汽車貨運業,臺北市松山區東興路8號8樓,600000010,600000010,202610,104/04/30,股份有限公司,639099,未分類其他資訊服務,02-77518138
28940383,肯驛國際股份有限公司,小客車租賃業,臺北市松山區敦化南路1段5號10樓,600000000,96709700,202610,97/03/17,股份有限公司,772100,汽車租賃,04-22060102
90673196,歐悅租賃股份有限公司,小客車租賃業,新北市新莊區中原路560號7樓,600000000,50000000,202610,110/12/01,股份有限公司,681112,自有不動產租賃,02-85210555#2016
16097233,統一東京股份有限公司,小客車租賃業,臺北市中山區南京東路二段85、87號8樓,588000000,588000000,202610,86/12/02,股份有限公司,493911,附駕駛之小客車租賃,02-27478188
34049262,首都客運股份有限公司,遊覽車客運業,新北市三重區重新路二段78號8樓,530000000,530000000,202610,66/07/01,股份有限公司,493112,市區汽車客運,02-89721999
54161328,中租雲端服務股份有限公司,小客車租賃業,臺北市內湖區瑞光路362號8樓,525000000,525000000,202610,102/02/01,股份有限公司,464111,電腦及電腦週邊設備批發,02-87526388
35025506,三重汽車客運股份有限公司,遊覽車客運業,新北市三重區三和路3段109號2樓之1,500000000,290000000,202610,57/05/01,股份有限公司,493112,市區汽車客運,
50966288,全速配股份有限公司,汽車貨運業,新北市林口區文化三路2段457號4樓,500000000,357900000,202610,,,,,
93526629,昌大物流股份有限公司,汽車貨運業,臺北市士林區中山北路5段518號2樓,500000000,77000000,202610,108/09/27,股份有限公司,494099,其他汽車貨運,
54674930,昕保租賃股份有限公司,小客車租賃業,臺北市內湖區行愛路128號5樓,500000000,112000000,202610,103/02/19,股份有限公司,772100,汽車租賃,
83475333,富昇物流股份有限公司,汽車貨運業,臺北市內湖區洲子街96號8樓,500000000,250000000,202610,109/02/25,股份有限公司,494099,其他汽車貨運,
23222341,富達運輸股份有限公司,汽車貨運業,新北市八里區厦竹圍27之3號,500000000,379819440,202610,78/04/28,股份有限公司,494099,其他汽車貨運,
27434280,啓源租賃股份有限公司,小客車租賃業,新北市中和區中正路1155號,431000000,431000000,202610,93/10/15,股份有限公司,681111,自有不動產買賣,
39136103,基隆汽車客運股份有限公司,遊覽車客運業,新北市淡水區中正東路2段27之8號3樓,400000000,268634860,202610,82/12/07,股份有限公司,493111,公路汽車客運,
29040396,利達租車股份有限公司,小客車租賃業,臺北市中山區民權東路3段33號1樓,350000000,350000000,202610,97/07/08,股份有限公司,772100,汽車租賃,
28683407,富豪聯合租賃股份有限公司,小客車租賃業,臺北市南港區市民大道7段396號5樓,335000000,335000000,202610,96/06/20,股份有限公司,772100,汽車租賃,02-77453950
22184609,普聯汽車股份有限公司,小客車租賃業,臺北市大安區羅斯福路2段41號3樓之2,326834810,326834810,202610,75/09/01,股份有限公司,772100,汽車租賃,02-2394-9480
24996224,台北港國際通運股份有限公司,汽車貨運業,新北市八里區訊塘里厦竹圍22號五樓,320000000,320000000,202610,114/09/09,股份有限公司,494099,其他汽車貨運,02-80069009
42648450,寶嘉租賃股份有限公司,小客車租賃業,新北市新店區民權路50號9樓,320000000,176000000,202610,104/10/06,股份有限公司,772100,汽車租賃,
23887711,一路發集運網股份有限公司,汽車貨運業,新北市新莊區幸福東路60號4樓,300000000,148750000,202610,79/08/20,股份有限公司,494099,其他汽車貨運,02-82017020
60676447,任翔汽車股份有限公司,小客車租賃業,臺北市中山區松江路68號6樓,300000000,285000000,202610,114/03/13,股份有限公司,772100,汽車租賃,
29176127,亞洲智慧物流股份有限公司,汽車貨運業,臺北市文山區羅斯福路6段142巷13號,300000000,200000000,202610,99/08/13,股份有限公司,530100,普通倉儲經營,02-29353168
80688591,博燦小客車租賃股份有限公司,小客車租賃業,臺北市內湖區內湖路1段737巷108號,300000000,125000000,202610,93/04/08,股份有限公司,772100,汽車租賃,02-22497588
50883175,網家速配股份有限公司,汽車貨運業,臺北市大安區敦化南路2段105號11樓,300000000,270000000,202610,107/10/18,股份有限公司,494099,其他汽車貨運,02-27000898
83773092,寶嘉汽車租賃股份有限公司,小客車租賃業,臺北市中正區青島東路4之8號1樓,300000000,127150000,202610,109/07/03,股份有限公司,772100,汽車租賃,
20776542,路得寶交通股份有限公司,計程車客運業,臺北市中正區和平西路2段21之1號1樓,285681540,285681540,202610,67/02/01,股份有限公司,493200,計程車客運,
22608986,普羅小客車租賃股份有限公司,小客車租賃業,臺北市大安區羅斯福路2段41號3樓,278747000,278747000,202610,77/10/01,股份有限公司,772100,汽車租賃,02-23949480
22751758,普羅汽車股份有限公司,小客車租賃業,臺北市大安區金山南路2段101巷8號1樓,269627630,265749430,202610,77/02/25,股份有限公司,433900,其他建築設備安裝,02-23949480
52822983,嘉里快遞股份有限公司,汽車貨運業,新北市新店區安和路2段117巷11號,266000000,265000000,202610,73/09/20,股份有限公司,494099,其他汽車貨運,04-23582468
53210201,雄獅通運股份有限公司,遊覽車客運業,新北市永和區永和路2段103號,265000000,265000000,202610,100/02/18,股份有限公司,493912,遊覽車客運,
30837110,中華資融股份有限公司,小客車租賃業,臺北市松山區民生東路3段129號3樓,250000000,250000000,202610,66/11/01,股份有限公司,649100,金融租賃,02-27826123
16294516,和新小客車租賃股份有限公司,小客車租賃業,臺北市中山區南京東路2段206號4樓之1,250000000,250000000,202610,,,,,02-25366580#566
54032922,祝三實業股份有限公司,小客車租賃業,新北市板橋區遠東路1號5樓,250000000,153120000,202610,102/01/09,股份有限公司,461915,塑膠、橡膠建材製品批發,02-29535583#4200
22853066,裕利股份有限公司,汽車貨運業,臺北市松山區南京東路4段126號10樓、10樓之1至之3,218000000,218000000,202610,77/09/16,股份有限公司,451099,其他商品批發經紀,02-25700064
60792369,酷澎通運股份有限公司,汽車貨運業,臺北市松山區民生東路3段156號4樓,214299560,214299560,202610,114/05/16,股份有限公司,494011,汽車貨櫃貨運,
33823266,高興實業股份有限公司,汽車貨運業,新北市新店區寶高路100號,210000000,210000000,202610,66/07/01,股份有限公司,463112,液化石油氣批發,
70764991,中華快遞股份有限公司,汽車貨運業,臺北市中山區民生西路3巷9號4樓,200000000,100000000,202610,89/02/29,股份有限公司,542099,其他遞送服務,
12144164,台灣租車股份有限公司,小客車租賃業,臺北市內湖區民權東路6段160號11樓之3,200000000,50000000,202610,,,,,02-27965665#156
80305460,台灣福斯財務服務股份有限公司,小客車租賃業,臺北市南港區經貿二路111號16樓,200000000,200000000,202610,92/01/03,股份有限公司,772100,汽車租賃,
43846464,共同租賃股份有限公司,小客車租賃業,臺北市大安區敦化南路2段77號3樓,200000000,196000000,202610,105/05/26,股份有限公司,464999,未分類其他機械器具批發,
50971557,艾立運能股份有限公司,汽車貨運業,新北市瑞芳區楓子瀨路1巷1號,200000000,63972560,202610,107/11/12,股份有限公司,494099,其他汽車貨運,02-77286658
27771178,順益租賃股份有限公司,小客車租賃業,臺北市中山區民權東路2段91號,200000000,200000000,202610,94/09/28,股份有限公司,772100,汽車租賃,
16092407,萬泰租賃股份有限公司,小客車租賃業,臺北市大安區敦化南路2段77號4樓,200000000,195000000,202610,86/09/26,股份有限公司,771200,農業及其他工業用機械設備租賃,02-27011737
89591696,聯捷運輸股份有限公司,汽車貨運業,臺北市南港區南港路1段209號A棟8樓,200000000,118000000,202610,84/08/14,股份有限公司,464999,未分類其他機械器具批發,02-25552260
54738603,穩達商貿運籌股份有限公司,汽車貨運業,新北市林口區佳林路76號(1樓),200000000,125000000,202610,103/08/06,股份有限公司,494099,其他汽車貨運,
23114770,中菱汽車租賃股份有限公司,小客車租賃業,臺北市大安區敦化南路2段2號15樓,198000000,113058410,202610,77/11/19,股份有限公司,772100,汽車租賃,02-27788821
30885793,海灣國際股份有限公司,汽車貨運業,臺北市松山區民生東路5段165號4樓之4,182000000,182000000,202610,68/05/01,股份有限公司,011999,未分類其他農作物栽培,02-2762-2500
28458345,欣崴國際租賃股份有限公司,小客車租賃業,新北市汐止區東勢街111號,179400000,179400000,202610,96/06/01,股份有限公司,963099,其他殯葬及寵物生命紀念相關服務,
28683856,置剭實業有限公司,小客車租賃業,臺北市中山區復興北路342號3樓之1,173000000,,202610,96/07/01,有限公司,681111,自有不動產買賣,
04823301,安成通運股份有限公司,汽車貨運業,臺北市松山區民生東路5段221號2樓,170000000,25000000,202610,89/04/06,股份有限公司,494099,其他汽車貨運,02-27691511
70377669,依德國際股份有限公司,小客車租賃業,臺北市內湖區行愛路100號4樓,160000000,160000000,202610,88/07/14,股份有限公司,484111,全新汽車零售,
70438075,財盟小客車租賃股份有限公司,小客車租賃業,臺北市內湖區行愛路100號4樓,160000000,160000000,202610,88/09/28,股份有限公司,772100,汽車租賃,
07724424,祥億汽車貨運股份有限公司,汽車貨運業,新北市新莊區永安街183號,160000000,160000000,202610,79/05/31,股份有限公司,494099,其他汽車貨運,
14005049,聯晟汽車股份有限公司,小客車租賃業,臺北市中山區民權東路2段91號,160000000,160000000,202610,67/05/01,股份有限公司,484111,全新汽車零售,02-25037111
23529341,郵船通運股份有限公司,汽車貨運業,臺北市中正區忠孝東路2段88號8樓,157397700,157397700,202610,79/07/07,股份有限公司,521000,報關服務,02-23516185
84492492,百及物流股份有限公司,汽車貨運業,新北市鶯歌區福德一路1號,150000000,150000000,202610,83/01/31,股份有限公司,474999,未分類其他家用器具及用品零售,02-26791234
22861381,臺灣日通國際物流股份有限公司,汽車貨運業,臺北市中山區松江路223號10樓,150000000,150000000,202610,77/04/08,股份有限公司,523300,航空貨運承攬,02-27521010
54030895,紅陽支付股份有限公司,小客車租賃業,臺北市大安區敦化南路2段65號13樓,121000000,121000000,202610,101/12/28,股份有限公司,702099,其他管理顧問,
24708032,巧湖興業股份有限公司,小客車租賃業,新北市新莊區裕民街85巷5號,120000000,55000000,202610,103/11/13,股份有限公司,649911,投資有價證券,
97435109,金順旅運有限公司,遊覽車客運業,臺北市中山區長安東路2段178之5號2樓之1,120000000,,202610,86/04/01,有限公司,493912,遊覽車客運,02-21829888
27346511,長嶸通運有限公司,遊覽車客運業,臺北市南港區忠孝東路5段801號12樓,120000000,,202610,93/08/04,有限公司,493111,公路汽車客運,
27994396,蔚藍國際股份有限公司,小客車租賃業,臺北市南港區經貿二路135號11樓,118000000,118000000,202610,95/02/10,股份有限公司,451099,其他商品批發經紀,02-25572567#784
28483484,台灣順豐速運股份有限公司,汽車貨運業,臺北市松山區健康路156號2樓,100000000,100000000,202610,96/04/10,股份有限公司,494011,汽車貨櫃貨運,02-66080066
55620813,生通股份有限公司,小客車租賃業,臺北市中山區民族東路2號6樓,100000000,75000000,202610,106/10/05,股份有限公司,493911,附駕駛之小客車租賃,02-25997667
96999348,全欣物流股份有限公司,汽車貨運業,臺北市南港區市民大道7段8號13樓之3,100000000,26200000,202610,85/05/15,股份有限公司,494099,其他汽車貨運,02-77461784
04318351,年豐交通企業股份有限公司,計程車客運業,臺北市中山區長安東路2段162號1樓,100000000,100000000,202610,66/01/01,股份有限公司,524911,計程車派遣、聯繫服務,
82797429,亞捷汽車租賃股份有限公司,小客車租賃業,臺北市士林區中正路499號,100000000,15000000,202610,108/01/15,股份有限公司,493911,附駕駛之小客車租賃,
97122459,亞盛通運股份有限公司,遊覽車客運業,臺北市松山區民族東路767之1號1樓,100000000,100000000,202610,85/09/18,股份有限公司,493912,遊覽車客運,
29078815,京華通運有限公司,遊覽車客運業,臺北市中山區松江路133巷50號2樓之3,100000000,,202610,98/07/21,有限公司,493912,遊覽車客運,
90681512,金來物流股份有限公司,汽車貨運業,臺北市士林區中山北路5段518號2樓,100000000,65000000,202610,110/03/10,股份有限公司,494099,其他汽車貨運,
12729666,峻富物流股份有限公司,汽車貨運業,新北市林口區文化二路1段390號19樓,100000000,100000000,202610,90/01/04,股份有限公司,494099,其他汽車貨運,03-3971276
60293819,軒達物流股份有限公司,汽車貨運業,新北市汐止區新台五路1段95號27樓之1,100000000,45000000,202610,71/12/01,股份有限公司,494099,其他汽車貨運,
80521360,統一東京小客車租賃股份有限公司,小客車租賃業,臺北市中山區南京東路2段85、87號8樓,100000000,100000000,202610,92/09/29,股份有限公司,772100,汽車租賃,02-27478188
25113157,統聯旅運股份有限公司,遊覽車客運業,臺北市大同區華陰街57號2樓,100000000,60000000,202610,99/03/24,股份有限公司,493912,遊覽車客運,
25060150,統聯運通股份有限公司,遊覽車客運業,新北市三重區光復路2段73號,100000000,60000000,202610,98/10/29,股份有限公司,493912,遊覽車客運,
53128765,極緻租賃股份有限公司,小客車租賃業,臺北市大同區南京西路163號2樓之2,100000000,100000000,202610,100/01/27,股份有限公司,772100,汽車租賃,02-23934529#501
31095184,福倫交通股份有限公司,計程車客運業,臺北市信義區松隆路337號1樓,100000000,80000000,202610,67/12/01,股份有限公司,524911,計程車派遣、聯繫服務,
16443635,歐力士小客車租賃股份有限公司,小客車租賃業,臺北市大安區復興南路1段303號9樓,100000000,100000000,202610,87/05/22,股份有限公司,772100,汽車租賃,
29059394,環遊國際通運有限公司,遊覽車客運業,臺北市中山區復興北路58號8樓之1,100000000,,202610,97/09/18,有限公司,493912,遊覽車客運,
34113572,寶福欣通運股份有限公司,遊覽車客運業,臺北市中山區長春路172號8樓之10,100000000,100000000,202610,65/08/11,股份有限公司,493912,遊覽車客運,
97478710,萬和小客車租賃股份有限公司,小客車租賃業,臺北市大同區承德路1段40號12樓,96514000,96514000,202610,86/09/04,股份有限公司,493911,附駕駛之小客車租賃,
86661129,億泰通運有限公司,遊覽車客運業,新北市新店區新和街57號2樓,95000000,,202610,81/06/20,有限公司,493911,附駕駛之小客車租賃,02-22128181
97545324,維程交通股份有限公司,汽車貨運業,新北市中和區中正路1180號地下一層,92221000,92221000,202610,71/10/05,股份有限公司,494099,其他汽車貨運,
70531706,成功速配物流股份有限公司,汽車貨運業,新北市五股區水碓三路43號1樓,91500000,91500000,202610,89/06/19,股份有限公司,494099,其他汽車貨運,
53706152,世豪遊覽車有限公司,遊覽車客運業,臺北市內湖區行愛路51號5樓,90000000,,202610,101/05/22,有限公司,493912,遊覽車客運,
18617301,台和實業股份有限公司,汽車貨運業,臺北市大安區和平東路3段636巷167號,90000000,90000000,202610,66/01/01,股份有限公司,463112,液化石油氣批發,02-27332542-7
16302918,皇家客運股份有限公司,遊覽車客運業,新北市金山區中山路95號,90000000,90000000,202610,91/10/14,股份有限公司,493111,公路汽車客運,02-82957022
29157108,富裕人生遊覽車客運有限公司,遊覽車客運業,臺北市中山區錦州街46號10樓,86000000,,202610,99/05/18,有限公司,493912,遊覽車客運,
16368116,永悅通運有限公司,遊覽車客運業,臺北市中山區南京東路1段120號9樓之3,82400000,,202610,,,,,
04882954,正暉交通股份有限公司,汽車貨運業,臺北市中山區德惠街32號10樓,80000000,80000000,202610,68/08/01,股份有限公司,494099,其他汽車貨運,02-86477328
24976228,永發小客車租賃股份有限公司,小客車租賃業,臺北市中山區長安東路2段162號2樓,80000000,35000000,202610,104/06/15,股份有限公司,772100,汽車租賃,
24346046,多扶事業股份有限公司,小客車租賃業,臺北市文山區羅斯福路5段214號2樓,80000000,28495620,202610,98/05/14,股份有限公司,772100,汽車租賃,
54130971,佳境通運有限公司,遊覽車客運業,臺北市中山區民生東路2段157號2樓,80000000,,202610,102/03/04,有限公司,465311,汽車零件、汽車百貨批發,
89911537,龍貓通運有限公司,遊覽車客運業,臺北市文山區辛亥路4段256號4樓,80000000,,202610,86/04/10,有限公司,493912,遊覽車客運,
70555609,翊華通運有限公司,遊覽車客運業,臺北市中山區復興北路58號8樓之1,75000000,,202610,89/11/15,有限公司,493912,遊覽車客運,
70380094,和車股份有限公司,小客車租賃業,臺北市中山區長安東路1段21號6樓之1,72000000,72000000,202610,88/07/19,股份有限公司,772100,汽車租賃,02-25962633
23962020,日新日茂國際物流股份有限公司,汽車貨運業,臺北市中山區松江路318號9樓,71500000,50000000,202610,80/02/22,股份有限公司,523200,海洋貨運承攬,02-25156606
16797263,大台北通運有限公司,遊覽車客運業,臺北市中山區南京東路1段120號9樓之3,70000000,,202610,,,,,
25112256,大洋通運有限公司,遊覽車客運業,臺北市內湖區堤頂大道1段327號5樓,70000000,,202610,99/03/22,有限公司,493912,遊覽車客運,
96779148,大乘通運有限公司,遊覽車客運業,新北市深坑區北深路3段61號,70000000,,202610,88/04/02,有限公司,493912,遊覽車客運,
23070604,元三租車股份有限公司,小客車租賃業,臺北市中山區新生北路3段21號,70000000,70000000,202610,77/10/17,股份有限公司,772100,汽車租賃,
29075850,兆豐通運有限公司,遊覽車客運業,臺北市中正區北平東路24號3樓之3,70000000,,202610,98/07/10,有限公司,493912,遊覽車客運,
16764684,全統物流股份有限公司,汽車貨運業,臺北市內湖區民權東路6段2號,70000000,70000000,202610,87/11/26,股份有限公司,523111,鐵路、陸路貨運承攬,
27598261,全勤流通管理股份有限公司,汽車貨運業,新北市林口區宏昌街1號2樓,70000000,65000000,202610,94/01/26,股份有限公司,782000,人力供應,
27994591,德豐通運有限公司,遊覽車客運業,臺北市中山區長安東路2段173號11樓,70000000,,202610,,,,,
28751565,磬豐國際股份有限公司,汽車貨運業,新北市三峽區介壽路3段233巷2之1號,67000000,67000000,202610,96/07/13,股份有限公司,233300,水泥及混凝土製品製造,
04865478,利達通運股份有限公司,遊覽車客運業,臺北市文山區景興路21號2樓,65700000,65700000,202610,65/12/01,股份有限公司,493912,遊覽車客運,02-2932-9988
16411752,中榮國際通運企業有限公司,汽車貨運業,新北市永和區中山路1段110號1樓,65000000,,202610,87/04/01,有限公司,494099,其他汽車貨運,
28476028,荃能小客車租賃股份有限公司,小客車租賃業,臺北市大安區忠孝東路4段270號11樓之5,65000000,65000000,202610,96/03/13,股份有限公司,772100,汽車租賃,
04370861,世貿交通汽車有限公司,遊覽車客運業,臺北市松山區南京東路5段208號7樓之1,64000000,,202610,62/05/01,有限公司,493912,遊覽車客運,
84711601,冠德通運有限公司,遊覽車客運業,臺北市中山區長春路172號8樓之11,61500000,,202610,83/04/30,有限公司,493912,遊覽車客運,
89290241,八達通遊覽車客運有限公司,遊覽車客運業,臺北市中山區長春路172號11樓之4,60000000,,202610,84/01/16,有限公司,493912,遊覽車客運,
86684571,三上租車有限公司,小客車租賃業,臺北市大同區承德路3段276號1樓,60000000,,202610,82/06/14,有限公司,772100,汽車租賃,
84707466,大元通運有限公司,遊覽車客運業,臺北市中山區錦州街46號9樓,60000000,,202610,83/02/03,有限公司,493912,遊覽車客運,
03110522,太豐觀光交通股份有限公司,遊覽車客運業,臺北市中正區北平東路24號3樓之3,60000000,60000000,202610,60/03/01,股份有限公司,493912,遊覽車客運,02-23581347
97430126,文境通運有限公司,遊覽車客運業,臺北市中山區民生東路2段157號2樓,60000000,,202610,86/07/01,有限公司,493111,公路汽車客運,
12130252,日星交通事業有限公司,遊覽車客運業,臺北市中山區長春路172號11樓之4,60000000,,202610,67/06/01,有限公司,493912,遊覽車客運,
16766938,汎達交通企業有限公司,遊覽車客運業,臺北市士林區通河東街2段25號1樓,60000000,,202610,87/12/02,有限公司,493912,遊覽車客運,
27743217,宏一通運股份有限公司,遊覽車客運業,臺北市中山區南京東路2段69號6樓,60000000,60000000,202610,94/07/04,股份有限公司,493912,遊覽車客運,
46188879,來達通運股份有限公司,遊覽車客運業,新北市新店區安康路3段525巷45號,60000000,60000000,202610,,,,,
86514274,波特力企業股份有限公司,汽車貨運業,新北市五股區成泰路4段22巷24號,60000000,60000000,202610,81/05/21,股份有限公司,530100,普通倉儲經營,02-25622919
16161564,昶捷物流股份有限公司,汽車貨運業,臺北市士林區德行東路266巷8號2樓,60000000,60000000,202610,86/10/13,股份有限公司,494099,其他汽車貨運,
27699042,頂尖通運有限公司,遊覽車客運業,臺北市中山區長春路172號7樓之8,60000000,,202610,94/12/09,有限公司,493912,遊覽車客運,
83304438,喜鵲巴士股份有限公司,遊覽車客運業,新北市淡水區中山北路1段374號3樓,60000000,60000000,202610,61/01/21,股份有限公司,493912,遊覽車客運,
80151508,華格租車股份有限公司,小客車租賃業,臺北市松山區八德路3段225號8樓之13,60000000,60000000,202610,,,,,
89625801,順境通運有限公司,遊覽車客運業,臺北市中山區民生東路2段157號2樓,60000000,,202610,85/01/23,有限公司,493912,遊覽車客運,
20917000,萬葉交通股份有限公司,汽車貨運業,臺北市松山區八德路3段247號3樓,60000000,55000000,202610,71/03/17,股份有限公司,494099,其他汽車貨運,
52255496,裕順通運股份有限公司,遊覽車客運業,新北市中和區安和路161號1樓,60000000,60000000,202610,73/04/01,股份有限公司,493912,遊覽車客運,
84937690,豪祥汽車旅運股份有限公司,遊覽車客運業,臺北市中山區新生北路3段58號8樓之5,60000000,60000000,202610,83/10/13,股份有限公司,465311,汽車零件、汽車百貨批發,02-22128181
12980872,鴻宇通運股份有限公司,遊覽車客運業,臺北市文山區景興路21號2樓,60000000,60000000,202610,91/07/02,股份有限公司,493912,遊覽車客運,
04240235,怡心通運股份有限公司,遊覽車客運業,臺北市文山區景興路195號3樓,58000000,58000000,202610,64/03/01,股份有限公司,493912,遊覽車客運,
03245802,東南遊覽汽車股份有限公司,遊覽車客運業,臺北市中山區中山北路2段60號11樓,58000000,58000000,202610,50/09/01,股份有限公司,493912,遊覽車客運,
24574028,普捷開發股份有限公司,小客車租賃業,臺北市大安區羅斯福路2段41號3樓之2,56160000,56160000,202610,103/08/05,股份有限公司,772100,汽車租賃,02-23949480
96936251,台灣觀光巴士股份有限公司,遊覽車客運業、小客車租賃業,臺北市內湖區石潭路27號7樓之5,55000000,55000000,202610,85/04/13,股份有限公司,493912,遊覽車客運,02-27965665#8009
82878301,固得租賃有限公司,小客車租賃業,臺北市信義區松隆路217號1樓,55000000,,202610,108/05/24,有限公司,772100,汽車租賃,
27760664,泰樂遊覽車客運有限公司,遊覽車客運業、小客車租賃業,臺北市內湖區舊宗路2段181巷6號4樓,55000000,,202610,94/08/24,有限公司,465311,汽車零件、汽車百貨批發,
16310706,翔盛通運有限公司,遊覽車客運業,臺北市中山區吉林路461巷25號,55000000,,202610,87/04/14,有限公司,493912,遊覽車客運,
86925115,華鑫通運股份有限公司,汽車貨運業,新北市汐止區大同路3段178號2樓,55000000,55000000,202610,81/10/19,股份有限公司,494011,汽車貨櫃貨運,
36510323,新樺通運有限公司,遊覽車客運業,臺北市中山區龍江路2之5號,55000000,,202610,,,,,
53901198,豐宇通運有限公司,遊覽車客運業,臺北市內湖區舊宗路2段181巷6號4樓,55000000,,202610,102/01/03,有限公司,465311,汽車零件、汽車百貨批發,
23495898,慶賓小客車租賃有限公司,小客車租賃業,新北市永和區文化路139號1樓,53800000,,202610,78/12/28,有限公司,493911,附駕駛之小客車租賃,
00667031,爾雅通運有限公司,遊覽車客運業,臺北市信義區忠孝東路5段1號14樓,52000000,,202610,64/03/01,有限公司,493912,遊覽車客運,
84251634,臺北港貨運股份有限公司,汽車貨運業,新北市八里區舊城路21號4樓,52000000,52000000,202610,82/04/01,股份有限公司,494099,其他汽車貨運,
86751846,一和興通運有限公司,遊覽車客運業,新北市板橋區民族路31號,50000000,,202610,81/08/14,有限公司,493912,遊覽車客運,
12230999,三陽匯租賃有限公司,小客車租賃業,臺北市大同區重慶北路3段254號1樓,50000000,,202610,68/06/01,有限公司,493911,附駕駛之小客車租賃,
16628387,久鼎通運股份有限公司,遊覽車客運業,臺北市大安區復興南路2段290號1樓,50000000,50000000,202610,87/09/29,股份有限公司,465112,中古汽車批發,
24348728,大視界遊覽車有限公司,遊覽車客運業,臺北市中山區松江路133巷50號3樓之4,50000000,,202610,98/05/27,有限公司,493912,遊覽車客運,
30854460,中友交通企業股份有限公司,遊覽車客運業,臺北市松山區南京東路5段298號12樓之1,50000000,50000000,202610,67/06/01,股份有限公司,493912,遊覽車客運,02-22938686
27523419,中保通運股份有限公司,汽車貨運業,新北市八里區商港路133號(2樓),50000000,33612480,202610,93/10/26,股份有限公司,494099,其他汽車貨運,
28172448,中瑞交通有限公司,遊覽車客運業,臺北市松山區南京東路5段298號12樓之1,50000000,,202610,95/04/17,有限公司,493912,遊覽車客運,
46479700,元泰通運股份有限公司,遊覽車客運業,臺北市大安區和平東路2段201號7樓之3,50000000,50000000,202610,72/12/26,股份有限公司,493912,遊覽車客運,
28190261,元賀通運有限公司,遊覽車客運業,臺北市中山區長春路172號8樓之11,50000000,,202610,95/07/01,有限公司,465311,汽車零件、汽車百貨批發,
27325375,天天通運有限公司,遊覽車客運業,新北市板橋區大智街71巷7弄6號2樓,50000000,,202610,93/06/03,有限公司,493912,遊覽車客運,
80682956,文山遊覽車客運有限公司,遊覽車客運業,臺北市中山區民生東路2段157號2樓,50000000,,202610,93/03/19,有限公司,493111,公路汽車客運,
24481788,文通遊覽車客運有限公司,遊覽車客運業,臺北市中山區長春路172號11樓之3,50000000,,202610,98/11/24,有限公司,493912,遊覽車客運,
13087818,文華客運有限公司,遊覽車客運業,臺北市中山區松江路131之27號14樓,50000000,,202610,91/02/21,有限公司,493912,遊覽車客運,
24974538,文輝通運有限公司,遊覽車客運業,臺北市中山區民生東路2段157號2樓,50000000,,202610,90/07/11,有限公司,493912,遊覽車客運,
27721184,世承通運有限公司,遊覽車客運業,臺北市內湖區南京東路6段451巷57號10樓之3,50000000,,202610,94/05/05,有限公司,493912,遊覽車客運,
27994993,北大通運有限公司,遊覽車客運業,臺北市內湖區瑞光路76巷107號1樓,50000000,,202610,95/02/08,有限公司,493912,遊覽車客運,
28674218,北泰國際通運有限公司,遊覽車客運業,臺北市內湖區瑞光路76巷107號1樓,50000000,,202610,96/05/15,有限公司,493912,遊覽車客運,
94077662,台灣叮叮巴士股份有限公司,遊覽車客運業,新北市鶯歌區尖山路258巷15號,50000000,50000000,202610,64/02/01,股份有限公司,493912,遊覽車客運,
89442583,永昇通運有限公司,遊覽車客運業,新北市板橋區三民路2段37號8樓之2,50000000,,202610,92/02/13,有限公司,493912,遊覽車客運,
53720345,永茂通運有限公司,遊覽車客運業,臺北市中山區長春路172號8樓之9,50000000,,202610,101/07/30,有限公司,493912,遊覽車客運,
30975197,永晟交通有限公司,汽車貨運業,新北市林口區忠孝路538號,50000000,,202610,71/05/26,有限公司,494099,其他汽車貨運,02-26098839
23365298,永興小客車租賃有限公司,小客車租賃業,新北市永和區文化路139號1樓,50000000,,202610,78/07/26,有限公司,493911,附駕駛之小客車租賃,
89524199,永聯小客車租賃有限公司,小客車租賃業,新北市新莊區福壽街99巷11弄4之2號3樓,50000000,,202610,84/06/10,有限公司,493911,附駕駛之小客車租賃,
28453475,玉晨交通有限公司,遊覽車客運業,臺北市中山區中山北路3段29號9樓之2,50000000,,202610,96/01/11,有限公司,493912,遊覽車客運,
80509014,玉勝遊覽車客運有限公司,遊覽車客運業,臺北市中山區長春路172號6樓之3,50000000,,202610,92/08/25,有限公司,493912,遊覽車客運,
12675492,立航遊覽車有限公司,遊覽車客運業,臺北市中山區長春路172號11樓之4,50000000,,202610,,,,,
94105317,立航遊覽車有限公司,遊覽車客運業,臺北市中山區長春路172號11樓之4,50000000,,202610,89/12/27,有限公司,493912,遊覽車客運,
84155695,全台灣聯合租賃股份有限公司,小客車租賃業,新北市三重區河邊北街166號(1樓),50000000,50000000,202610,82/01/01,股份有限公司,772100,汽車租賃,
23270841,全家租車股份有限公司,小客車租賃業,臺北市中正區水源路39之1號1樓,50000000,50000000,202610,,,,,
20760020,全益交通有限公司,遊覽車客運業,臺北市松山區撫遠街249巷4號,50000000,,202610,66/06/01,有限公司,493912,遊覽車客運,02-27662988
70350319,全鋒租車股份有限公司,小客車租賃業,臺北市大安區忠孝東路4段270號8樓,50000000,50000000,202610,88/05/14,股份有限公司,669199,其他投資顧問,
83742417,冰宇科技股份有限公司,小客車租賃業,新北市新店區北新路1段86號29樓之5,50000000,36937500,202610,109/06/01,股份有限公司,639099,未分類其他資訊服務,02-88654040
70843911,宇宸通運有限公司,遊覽車客運業,臺北市文山區開元街30號3樓,50000000,,202610,89/09/18,有限公司,493912,遊覽車客運,
27855423,安康通運股份有限公司,遊覽車客運業,臺北市文山區景興路21號2樓,50000000,50000000,202610,94/08/08,股份有限公司,493912,遊覽車客運,
27878586,安捷遊覽車股份有限公司,遊覽車客運業,臺北市內湖區石潭路151號5樓,50000000,50000000,202610,94/09/21,股份有限公司,493912,遊覽車客運,
28457774,百駿通運股份有限公司,遊覽車客運業,臺北市中山區南京東路2段178號9樓,50000000,50000000,202610,96/06/11,股份有限公司,493912,遊覽車客運,
31108575,行安小客車租賃有限公司,小客車租賃業,臺北市中山區吉林路461巷25號,50000000,,202610,68/07/01,有限公司,493911,附駕駛之小客車租賃,
27721516,宏宜通運有限公司,遊覽車客運業,臺北市內湖區南京東路6段451巷57號10樓之3,50000000,,202610,94/05/02,有限公司,493912,遊覽車客運,
14002818,亞通通運有限公司,遊覽車客運業,臺北市松山區民族東路767之1號1樓,50000000,,202610,64/01/01,有限公司,493912,遊覽車客運,
20825163,享享小客車租賃有限公司,小客車租賃業,臺北市士林區延平北路5段163巷40弄5號5樓,50000000,,202610,68/06/01,有限公司,493911,附駕駛之小客車租賃,
75211490,和興通運股份有限公司,遊覽車客運業,新北市板橋區民族路31號,50000000,50000000,202610,88/07/07,股份有限公司,493912,遊覽車客運,
80162054,明揚通運有限公司,遊覽車客運業,臺北市內湖區行愛路51號5樓,50000000,,202610,92/04/14,有限公司,493912,遊覽車客運,
13144780,東東通運有限公司,遊覽車客運業,臺北市南港區忠孝東路6段370巷15號1樓,50000000,,202610,90/03/29,有限公司,493912,遊覽車客運,
16760195,東森小客車租賃有限公司,小客車租賃業,新北市三重區自強路5段126號,50000000,,202610,87/11/10,有限公司,772100,汽車租賃,
16609656,松冠通運股份有限公司,遊覽車客運業,臺北市中山區長春路172號8樓之10,50000000,50000000,202610,87/07/30,股份有限公司,493912,遊覽車客運,
46310106,松展交通有限公司,遊覽車客運業,新北市林口區仁愛路1段285巷51號(1樓),50000000,,202610,77/10/05,有限公司,493912,遊覽車客運,
04950360,泓運小客車租賃股份有限公司,小客車租賃業,臺北市中山區長春路172號8樓之10,50000000,50000000,202610,63/11/01,股份有限公司,772100,汽車租賃,
28680892,金良運通運有限公司,遊覽車客運業,臺北市中山區長安東路2段173號11樓,50000000,,202610,96/06/04,有限公司,493112,市區汽車客運,
24493623,金典通運有限公司,遊覽車客運業,臺北市中山區長春路172號8樓之8,50000000,,202610,99/01/07,有限公司,493912,遊覽車客運,
80671352,星辰通運有限公司,遊覽車客運業,臺北市中山區長春路172號8樓之6,50000000,,202610,93/02/19,有限公司,493111,公路汽車客運,
28475365,昱境通運有限公司,遊覽車客運業,臺北市中山區民生東路2段157號2樓,50000000,,202610,96/03/12,有限公司,465311,汽車零件、汽車百貨批發,
25136412,皇冠遊覽車客運有限公司,遊覽車客運業,臺北市大同區承德路1段70之1號9樓之1,50000000,,202610,99/06/10,有限公司,493912,遊覽車客運,
80053197,飛騰通運有限公司,遊覽車客運業,臺北市文山區景興路195號5樓,50000000,,202610,91/10/07,有限公司,493912,遊覽車客運,
53225318,首都通運有限公司,遊覽車客運業,新北市三重區重新路2段78號8樓,50000000,,202610,100/04/25,有限公司,493912,遊覽車客運,
25104410,乘風旗艦通運有限公司,遊覽車客運業,臺北市中山區民生東路2段157號2樓,50000000,,202610,99/02/22,有限公司,465112,中古汽車批發,
24702950,浩銅國際租賃股份有限公司,小客車租賃業,新北市汐止區忠孝東路523號,50000000,50000000,202610,103/10/22,股份有限公司,772100,汽車租賃,02-26428080
27737989,國旭遊覽車客運有限公司,遊覽車客運業,新北市永和區中正路368巷18號,50000000,,202610,94/06/22,有限公司,493912,遊覽車客運,
13085733,現代遊覽車客運有限公司,遊覽車客運業,臺北市松山區健康路182號2樓,50000000,,202610,91/02/26,有限公司,493912,遊覽車客運,
28586427,祥運通運有限公司,遊覽車客運業,新北市板橋區中山路2段465巷9號,50000000,,202610,96/03/02,有限公司,493912,遊覽車客運,
27742890,翊翔通運有限公司,遊覽車客運業,臺北市中山區松江路133巷50號2樓之3,50000000,,202610,94/07/04,有限公司,493912,遊覽車客運,
52366042,通達智能運籌股份有限公司,汽車貨運業,臺北市南港區市民大道8段205號22樓,50000000,50000000,202610,105/10/18,股份有限公司,494099,其他汽車貨運,02-25063320
25134667,勝境通運有限公司,遊覽車客運業,臺北市中山區民生東路2段157號2樓,50000000,,202610,99/06/04,有限公司,493912,遊覽車客運,
94013767,敦謙快線股份有限公司,小客車租賃業,臺北市信義區光復南路495號4樓,50000000,18866700,202610,112/08/21,股份有限公司,493911,附駕駛之小客車租賃,0277291990
70418296,華晉通運有限公司,遊覽車客運業,臺北市中山區長春路172號8樓之6,50000000,,202610,90/01/05,有限公司,493912,遊覽車客運,
27564797,華馥遊覽車客運有限公司,遊覽車客運業,新北市中和區民樂路11號5樓,50000000,,202610,97/09/15,有限公司,493912,遊覽車客運,
80514776,貴賓通運股份有限公司,遊覽車客運業,臺北市中山區長安東路1段25號11樓,50000000,50000000,202610,92/11/03,股份有限公司,493912,遊覽車客運,
27749107,雲山水國際通運有限公司,遊覽車客運業,臺北市北投區明德路12號1樓,50000000,,202610,94/08/01,有限公司,493912,遊覽車客運,
27798970,萬事通遊覽有限公司,遊覽車客運業,新北市五股區芳洲二路31號11樓,50000000,,202610,94/05/25,有限公司,493912,遊覽車客運,
80148053,萬泰通運有限公司,遊覽車客運業,臺北市中山區長春路172號8樓之11,50000000,,202610,92/09/16,有限公司,493912,遊覽車客運,
70460913,萬豐通運有限公司,遊覽車客運業,臺北市中山區長春路172號8樓之10,50000000,,202610,88/12/16,有限公司,493912,遊覽車客運,
80613966,義豐遊覽車客運有限公司,遊覽車客運業,臺北市北投區永興路1段39號,50000000,,202610,93/01/01,有限公司,493912,遊覽車客運,
28010633,葛瑪蘭通運股份有限公司,遊覽車客運業,新北市板橋區文化路1段135號4樓,50000000,50000000,202610,95/04/07,股份有限公司,493912,遊覽車客運,
53929702,裕康國際醫藥股份有限公司,汽車貨運業,新北市林口區文化二路2段383號2樓,50000000,30000000,202610,101/09/07,股份有限公司,530100,普通倉儲經營,
13142495,鈺銓通運有限公司,遊覽車客運業,臺北市中山區長春路172號8樓之9,50000000,,202610,90/02/21,有限公司,493912,遊覽車客運,
25053931,遠信租車股份有限公司,小客車租賃業,臺北市中正區衡陽路51號6樓之4,50000000,50000000,202610,98/10/22,股份有限公司,484111,全新汽車零售,
80633702,樂騰騰通運有限公司,遊覽車客運業,臺北市中山區長春路172號8樓之11,50000000,,202610,93/01/16,有限公司,465311,汽車零件、汽車百貨批發,
70563002,歐力士實業股份有限公司,小客車租賃業,臺北市大安區復興南路1段303號9樓,50000000,50000000,202610,89/05/25,股份有限公司,772100,汽車租賃,
28228386,箱根通運有限公司,遊覽車客運業,臺北市中山區長春路172號8樓之10,50000000,,202610,95/10/20,有限公司,493912,遊覽車客運,
25130352,錦揚通運有限公司,遊覽車客運業,臺北市中山區松江路133巷50號3樓之4,50000000,,202610,99/05/19,有限公司,493912,遊覽車客運,
80690077,龍泰通運有限公司,遊覽車客運業,新北市五股區新五路3段32號,50000000,,202610,93/07/01,有限公司,493912,遊覽車客運,
07006606,總盈通運有限公司,遊覽車客運業,臺北市中山區長春路172號8樓之9,50000000,,202610,60/06/01,有限公司,493912,遊覽車客運,
80670950,豐碩通運有限公司,遊覽車客運業,臺北市內湖區瑞光路76巷107號1樓,50000000,,202610,93/02/18,有限公司,493912,遊覽車客運,
25017990,騰迅通運有限公司,遊覽車客運業,臺北市中山區長春路172號10樓之8,50000000,,202610,98/08/21,有限公司,493912,遊覽車客運,
27283430,讚全通運有限公司,遊覽車客運業,臺北市中山區建國北路2段66號3樓之1,50000000,,202610,93/05/10,有限公司,493912,遊覽車客運,
68569634,元順運輸股份有限公司,汽車貨運業,新北市新莊區新北大道2段219號6樓,48000000,28800000,202610,106/12/08,股份有限公司,524999,未分類其他陸上運輸輔助,02-85211055
90201008,吉春通運股份有限公司,汽車貨運業,新北市汐止區新台五路2段91號18樓之5,47500000,47500000,202610,55/12/01,股份有限公司,494011,汽車貨櫃貨運,
16157908,一山遊覽車客運有限公司,遊覽車客運業,臺北市文山區景興路21號3樓,45000000,,202610,86/09/26,有限公司,493912,遊覽車客運,
16755600,小馬通運有限公司,遊覽車客運業,臺北市北投區中央北路1段191號4樓,45000000,,202610,87/11/01,有限公司,493912,遊覽車客運,
89272525,健全通運有限公司,遊覽車客運業,臺北市北投區育仁路145號3樓,45000000,,202610,84/11/18,有限公司,493912,遊覽車客運,
60755955,寰聯通運有限公司,汽車貨運業,新北市三重區興德路55號8樓之2,45000000,,202610,114/04/25,有限公司,494099,其他汽車貨運,
54172649,亞太睿智科技股份有限公司,小客車租賃業,臺北市中山區長安東路1段9號3樓,44000000,44000000,202610,102/03/18,股份有限公司,292999,其他未分類專用機械設備製造,02-28386319
24709291,致昇股份有限公司,小客車租賃業,新北市汐止區新台五路1段100號18樓,42000000,42000000,202610,103/11/21,股份有限公司,681112,自有不動產租賃,
20874826,九榮汽車貨運有限公司,汽車貨運業,新北市中和區民安街42巷26號4樓,40000000,,202610,80/08/23,有限公司,494099,其他汽車貨運,
84706213,北安通運有限公司,遊覽車客運業,臺北市中山區雙城街28巷1號12樓,40000000,,202610,,,,,
22766979,冠擎交通股份有限公司,汽車貨運業,新北市汐止區新台五路1段161號3樓之1,40000000,40000000,202610,77/01/19,股份有限公司,494099,其他汽車貨運,
83598623,奕展物流有限公司,汽車貨運業,臺北市北投區清江路264號1樓,40000000,,202610,109/07/23,有限公司,494099,其他汽車貨運,
16601155,捷森旅遊巴士有限公司,遊覽車客運業,臺北市內湖區新湖二路367號3樓308室,40000000,,202610,87/07/01,有限公司,493912,遊覽車客運,
83142687,龍迅通運有限公司,遊覽車客運業,臺北市中山區長春路172號8樓之6,40000000,,202610,84/12/05,有限公司,493912,遊覽車客運,
42705276,全運國際股份有限公司,小客車租賃業,臺北市中山區復興北路516號1樓,39000000,39000000,202610,83/07/13,股份有限公司,772100,汽車租賃,02-29750883
04690055,洋基通運股份有限公司,汽車貨運業,臺北市中山區敬業一路19號7樓,39000000,39000000,202610,62/08/01,股份有限公司,523300,航空貨運承攬,02-25036858
16756805,大弘通運有限公司,遊覽車客運業,臺北市松山區南京東路5段399號12樓,38000000,,202610,88/05/01,有限公司,493912,遊覽車客運,
16617136,世偉通運有限公司,遊覽車客運業,臺北市中山區林森北路575號5樓之16,38000000,,202610,87/08/21,有限公司,493912,遊覽車客運,
16381779,北邑運輸有限公司,汽車貨運業,新北市蘆洲區永安南路2段42巷6號3樓之2,38000000,,202610,87/02/13,有限公司,494099,其他汽車貨運,02-26052699
16143200,欣東通運股份有限公司,遊覽車客運業,臺北市中山區長春路172號7樓之8,38000000,38000000,202610,86/10/03,股份有限公司,493912,遊覽車客運,
84880296,廣陞遊覽車股份有限公司,遊覽車客運業,臺北市士林區承德路5段54之1號,38000000,38000000,202610,83/05/28,股份有限公司,493912,遊覽車客運,
91075021,巨騰國際小客車租賃有限公司,小客車租賃業,新北市三重區頂崁街139號(1樓),36888888,,202610,105/11/03,有限公司,772100,汽車租賃,
84709231,長城國際通運有限公司,遊覽車客運業,臺北市士林區通河東街2段23號地下樓,36000000,,202610,83/03/12,有限公司,493912,遊覽車客運,
04527081,翊光交通事業股份有限公司,計程車客運業,臺北市大安區羅斯福路2段41號3樓之2,36000000,28000000,202610,66/01/01,股份有限公司,524911,計程車派遣、聯繫服務,
15003119,一翔交通股份有限公司,計程車客運業,臺北市中正區博愛路222號5樓,35000000,28000000,202610,66/01/01,股份有限公司,493200,計程車客運,
12741789,九裕汽車貨運有限公司,汽車貨運業,新北市中和區民安街42巷26號4樓,35000000,,202610,90/02/14,有限公司,494099,其他汽車貨運,
24315698,世豪小客車租賃有限公司,小客車租賃業,臺北市內湖區民權東路6段11巷41之1號2樓,35000000,,202610,97/12/25,有限公司,772100,汽車租賃,02-87927758
43788112,北桃交通股份有限公司,汽車貨運業,新北市蘆洲區九芎街167巷6號1樓,35000000,35000000,202610,76/03/16,股份有限公司,494099,其他汽車貨運,
90645381,亞巨物流有限公司,汽車貨運業,新北市泰山區新北大道6段359號5樓,35000000,,202610,111/02/24,有限公司,494011,汽車貨櫃貨運,
36090336,東億交通股份有限公司,汽車貨運業,新北市樹林區忠愛街3號2樓,35000000,35000000,202610,71/01/09,股份有限公司,494099,其他汽車貨運,
36544610,順賓交通有限公司,遊覽車客運業,臺北市南港區興中路28巷17號1樓,35000000,,202610,68/01/01,有限公司,493912,遊覽車客運,
89738185,瑞鋐通運有限公司,遊覽車客運業、小客車租賃業,新北市瑞芳區中山路255號1樓,35000000,,202610,84/10/26,有限公司,493912,遊覽車客運,
89828411,運德貨運股份有限公司,汽車貨運業,新北市新莊區永安街185號,35000000,35000000,202610,83/09/21,股份有限公司,494011,汽車貨櫃貨運,
16153473,廣承泰交通事業股份有限公司,遊覽車客運業,臺北市北投區東陽街425號2樓,35000000,35000000,202610,86/09/12,股份有限公司,493912,遊覽車客運,
23040031,統強小客車租賃有限公司,小客車租賃業,臺北市松山區八德路4段687號10樓,34000000,,202610,77/09/09,有限公司,493911,附駕駛之小客車租賃,
36506572,千豐通運股份有限公司,遊覽車客運業,臺北市中山區長春路15號4樓之1,33500000,33500000,202610,66/05/01,股份有限公司,524100,停車場管理,
16159743,合發物流有限公司,汽車貨運業,臺北市中山區民族東路520號,33500000,,202610,86/09/30,有限公司,494099,其他汽車貨運,
30838146,九泰通運股份有限公司,遊覽車客運業,臺北市大安區復興南路2段290號1樓,33000000,33000000,202610,66/11/01,股份有限公司,493912,遊覽車客運,
34456534,豐聖物流股份有限公司,汽車貨運業,臺北市信義區松仁路101號5樓,31000000,31000000,202610,70/08/04,股份有限公司,494011,汽車貨櫃貨運,02-87866162
89867455,一二三遊覽車客運有限公司,遊覽車客運業,臺北市中山區松江路200號7樓之2,30000000,,202610,87/07/15,有限公司,493912,遊覽車客運,
16769750,乙泰通運有限公司,遊覽車客運業,臺北市內湖區瑞光路76巷107號1樓,30000000,,202610,88/03/12,有限公司,493912,遊覽車客運,
20763390,九久通運有限公司,遊覽車客運業,臺北市大安區羅斯福路3段325號9樓之10,30000000,,202610,66/09/01,有限公司,493912,遊覽車客運,
89928185,大來交通有限公司,遊覽車客運業,臺北市中山區長春路172號10樓之8,30000000,,202610,83/11/05,有限公司,493912,遊覽車客運,
16153305,大漢通運有限公司,遊覽車客運業,臺北市中山區松江路133巷50號3樓之4,30000000,,202610,86/09/12,有限公司,493912,遊覽車客運,
04997230,仁豐通運有限公司,遊覽車客運業,臺北市大安區忠孝東路4段297號5樓,30000000,,202610,65/10/01,有限公司,493912,遊覽車客運,
97355604,日昇通運有限公司,遊覽車客運業,新北市土城區學府路1段280巷9號5樓,30000000,,202610,86/01/21,有限公司,493912,遊覽車客運,
16597716,世遠通運有限公司,遊覽車客運業,臺北市信義區基隆路1段159號13樓,30000000,,202610,87/10/23,有限公司,493912,遊覽車客運,
16590586,仙儷通運有限公司,遊覽車客運業,新北市中和區華新街139號(1樓),30000000,,202610,87/06/11,有限公司,493912,遊覽車客運,
16818274,北投遊覽車有限公司,遊覽車客運業,臺北市北投區崗山路8巷5號6樓,30000000,,202610,88/11/17,有限公司,493912,遊覽車客運,
12312555,正漢交通股份有限公司,汽車貨運業,臺北市中山區吉林路127號,30000000,30000000,202610,70/01/01,股份有限公司,494099,其他汽車貨運,
16031182,永興觀光巴士股份有限公司,遊覽車客運業,新北市永和區文化路139號,30000000,30000000,202610,86/06/11,股份有限公司,493912,遊覽車客運,
16179656,永豐觀光巴士有限公司,遊覽車客運業,新北市板橋區三民路2段37號8樓之2,30000000,,202610,92/02/20,有限公司,493912,遊覽車客運,
16804216,永鑫通運有限公司,遊覽車客運業,臺北市大同區承德路1段105號7樓之3,30000000,,202610,90/03/01,有限公司,493912,遊覽車客運,
70350937,甲天下通運有限公司,遊覽車客運業,臺北市中山區新生北路3段76號,30000000,,202610,88/05/01,有限公司,493912,遊覽車客運,
89848937,立全通運有限公司,遊覽車客運業,臺北市中山區長春路172號11樓之4,30000000,,202610,84/09/12,有限公司,493912,遊覽車客運,
97180350,全旺通運有限公司,汽車貨運業,新北市汐止區龍安路202巷46號1樓,30000000,,202610,85/08/03,有限公司,494011,汽車貨櫃貨運,
16288269,印象通運有限公司,遊覽車客運業,新北市淡水區淡金路50號2樓,30000000,,202610,86/12/10,有限公司,493912,遊覽車客運,
16308286,地球魚通運有限公司,遊覽車客運業,新北市三峽區國際一街19號3樓,30000000,,202610,87/09/30,有限公司,493912,遊覽車客運,
12797657,安泰運輸股份有限公司,汽車貨運業,新北市八里區觀海大道250巷1號,30000000,25000000,202610,90/05/09,股份有限公司,494099,其他汽車貨運,
00659736,安陽汽車貨運有限公司,汽車貨運業,新北市土城區南天母路137之2號3樓,30000000,,202610,63/04/01,有限公司,494099,其他汽車貨運,
89353532,佑豐貨運股份有限公司,汽車貨運業,臺北市文山區羅斯福路6段204號1樓,30000000,30000000,202610,85/07/01,股份有限公司,494099,其他汽車貨運,
91002533,作燴餐飲科技股份有限公司,汽車貨運業,臺北市信義區永吉路30巷101弄6號及8號,30000000,25030380,202610,110/06/24,股份有限公司,969099,未分類其他個人服務,
16584607,宏昌通運有限公司,遊覽車客運業,新北市三峽區大同路39巷20弄5號,30000000,,202610,87/07/18,有限公司,493912,遊覽車客運,
84889162,京典通運股份有限公司,遊覽車客運業,臺北市信義區忠孝東路5段19號10樓之1,30000000,30000000,202610,90/09/20,股份有限公司,493912,遊覽車客運,
60749808,京星通運股份有限公司,遊覽車客運業,臺北市中山區長春路172號8樓之9,30000000,30000000,202610,87/02/19,股份有限公司,493912,遊覽車客運,
97081295,京彩通運有限公司,遊覽車客運業,臺北市中山區復興北路92號4樓之2,30000000,,202610,85/06/18,有限公司,493911,附駕駛之小客車租賃,
16472624,佳樂達通運有限公司,遊覽車客運業,新北市中和區南山路127巷30弄6號,30000000,,202610,92/01/07,有限公司,493912,遊覽車客運,
16630519,協溢通運有限公司,遊覽車客運業,臺北市士林區中正路499號1樓,30000000,,202610,87/09/28,有限公司,493912,遊覽車客運,
16138044,和撒那通運有限公司,遊覽車客運業,臺北市中山區長春路172號7樓之8,30000000,,202610,87/01/22,有限公司,493912,遊覽車客運,
16641662,怡樂達通運有限公司,遊覽車客運業,新北市中和區南山路127巷30弄6號1樓,30000000,,202610,89/06/07,有限公司,493912,遊覽車客運,
16781121,昇曜通運有限公司,遊覽車客運業,新北市板橋區長安街331巷81之1號,30000000,,202610,88/04/13,有限公司,493912,遊覽車客運,
89327633,昕葉交通股份有限公司,汽車貨運業,臺北市松山區八德路3段99巷10號1樓,30000000,25000000,202610,84/03/24,股份有限公司,494099,其他汽車貨運,
15176603,東安汽車貨運股份有限公司,汽車貨運業,臺北市松山區八德路3段99巷10號1樓,30000000,25000000,202610,52/01/01,股份有限公司,494099,其他汽車貨運,
16761146,東盈通運股份有限公司,遊覽車客運業,臺北市中山區建國北路3段99號5樓,30000000,30000000,202610,88/04/05,股份有限公司,493912,遊覽車客運,
24697892,芳櫟通運股份有限公司,遊覽車客運業,臺北市中山區長春路172號6樓之3,30000000,30000000,202610,83/09/16,股份有限公司,493912,遊覽車客運,
20829442,長昇運輸股份有限公司,汽車貨運業,臺北市大安區忠孝東路4段270號12樓,30000000,30000000,202610,68/08/01,股份有限公司,494099,其他汽車貨運,
04211793,長河通運有限公司,遊覽車客運業,新北市板橋區文化路1段46巷52號,30000000,,202610,62/09/01,有限公司,493912,遊覽車客運,
16622877,冠鴻通運有限公司,遊覽車客運業,臺北市中山區復興北路344號12樓之1,30000000,,202610,88/09/09,有限公司,493912,遊覽車客運,
16806713,建興通運有限公司,遊覽車客運業,新北市新莊區中正路347巷17弄8號3樓,30000000,,202610,90/11/06,有限公司,465311,汽車零件、汽車百貨批發,
16460768,恒達通運有限公司,遊覽車客運業,臺北市中山區長春路172號8樓之6,30000000,,202610,87/07/08,有限公司,465311,汽車零件、汽車百貨批發,
16586387,星宇國際通運有限公司,遊覽車客運業,新北市三重區重新路4段101之20號5樓,30000000,,202610,87/05/16,有限公司,493912,遊覽車客運,
24755652,昱通汽車租賃股份有限公司,小客車租賃業,臺北市大同區太原路80號4樓之2,30000000,29000000,202610,103/10/09,股份有限公司,772100,汽車租賃,
82872398,庫柏瑪利國際有限公司,汽車貨運業、小客車租賃業,臺北市中山區松江路273號13樓之5,30000000,,202610,108/05/17,有限公司,494099,其他汽車貨運,
97450656,高榮通運有限公司,遊覽車客運業,臺北市松山區南京東路5段208號7樓之1,30000000,,202610,86/05/07,有限公司,493912,遊覽車客運,
89323616,常轉交通股份有限公司,汽車貨運業,新北市汐止區新台五路2段204號地下2層之22,30000000,30000000,202610,84/04/01,股份有限公司,494099,其他汽車貨運,
76374099,連城通運股份有限公司,遊覽車客運業,臺北市中山區農安街174號4樓,30000000,30000000,202610,71/07/06,股份有限公司,493912,遊覽車客運,
16532051,連益通運有限公司,遊覽車客運業,臺北市中山區農安街255號4樓,30000000,,202610,89/08/25,有限公司,493912,遊覽車客運,
80412927,喜富陞搬家股份有限公司,汽車貨運業,臺北市大安區安和路1段35號2樓,30000000,12000000,202610,92/08/12,股份有限公司,524999,未分類其他陸上運輸輔助,
84443850,联福通運有限公司,汽車貨運業,新北市汐止區保長路17之1號4樓,30000000,,202610,82/07/01,有限公司,494099,其他汽車貨運,
16601789,華納通運有限公司,遊覽車客運業,臺北市大安區忠孝東路4段112號12樓之3,30000000,,202610,87/08/13,有限公司,493912,遊覽車客運,
16909648,華聖遊覽車客運有限公司,遊覽車客運業,新北市新莊區西盛街323巷24號3樓,30000000,,202610,88/05/11,有限公司,493912,遊覽車客運,
16608256,詠翔通運有限公司,遊覽車客運業,臺北市中山區長春路172號8樓之10,30000000,,202610,87/09/11,有限公司,493912,遊覽車客運,
89904698,順怡通運股份有限公司,遊覽車客運業,臺北市南港區重陽路188號2樓,30000000,30000000,202610,83/11/11,股份有限公司,493912,遊覽車客運,
89947129,順益通運有限公司,遊覽車客運業,臺北市士林區通河東街2段25號1樓,30000000,,202610,84/02/01,有限公司,493912,遊覽車客運,
84934482,新能通運有限公司,遊覽車客運業,新北市樹林區八德街794號(1樓),30000000,,202610,91/01/09,有限公司,493912,遊覽車客運,
16165695,溫得利通運事業有限公司,遊覽車客運業,臺北市中正區莒光路109號,30000000,,202610,86/11/10,有限公司,493912,遊覽車客運,
50509207,瑞旭通股份有限公司,汽車貨運業,新北市中和區連城路268號17樓之1,30000000,30000000,202610,69/05/12,股份有限公司,494099,其他汽車貨運,02-82280506
97306442,瑞峯通運有限公司,遊覽車客運業,臺北市大安區和平東路2段201號7樓之3,30000000,,202610,85/12/30,有限公司,493912,遊覽車客運,
07491608,瑞豐交通股份有限公司,計程車客運業,臺北市中山區長安東路2段162號1樓,30000000,30000000,202610,66/01/01,股份有限公司,772100,汽車租賃,
96965614,萬東交通股份有限公司,汽車貨運業,臺北市松山區八德路3段247號3樓,30000000,25000000,202610,85/05/16,股份有限公司,494099,其他汽車貨運,
84978349,遊龍通運有限公司,遊覽車客運業,新北市板橋區萬板路112巷2號1樓,30000000,,202610,85/01/09,有限公司,493912,遊覽車客運,
16454421,達欣通運有限公司,遊覽車客運業,臺北市大安區忠孝東路4段222號3樓,30000000,,202610,87/05/16,有限公司,493912,遊覽車客運,
83617136,鉅生物流有限公司,汽車貨運業,新北市新莊區中正路706之42號,30000000,,202610,109/04/30,有限公司,494099,其他汽車貨運,
62062613,嘉荃通運有限公司,遊覽車客運業,新北市新莊區復興路2段72號3樓,30000000,,202610,83/08/30,有限公司,493912,遊覽車客運,
86380514,榮欣交通大客車股份有限公司,遊覽車客運業,臺北市大安區羅斯福路3段325號9樓之10,30000000,30000000,202610,81/03/24,股份有限公司,493912,遊覽車客運,
84709696,領航遊覽車客運有限公司,遊覽車客運業,新北市淡水區中山北路1段374號3樓,30000000,,202610,84/06/27,有限公司,493912,遊覽車客運,
97231533,廣依通運有限公司,遊覽車客運業,臺北市內湖區南京東路6段451巷57號10樓之3,30000000,,202610,86/04/25,有限公司,493912,遊覽車客運,
24777656,標鎰股份有限公司,小客車租賃業,臺北市大安區敦化南路2段97號2樓,30000000,10000000,202610,103/12/16,股份有限公司,465111,全新汽車批發,(02)8101-5188
84937039,龍萊交通企業有限公司,遊覽車客運業,臺北市中山區新生北路3段58號8樓之5,30000000,,202610,83/09/01,有限公司,493912,遊覽車客運,
50856607,優卡國際租賃股份有限公司,小客車租賃業,臺北市中正區水源路39之1號,30000000,30000000,202610,107/10/15,股份有限公司,772100,汽車租賃,
84449209,駿彪通運有限公司,汽車貨運業,新北市汐止區福德二路215號10樓之2,30000000,,202610,82/09/14,有限公司,494099,其他汽車貨運,
12189062,藍星通運有限公司,遊覽車客運業,臺北市中山區長春路172號8樓之6,30000000,,202610,67/08/01,有限公司,493912,遊覽車客運,
16731523,寶泰通運股份有限公司,遊覽車客運業,臺北市中山區復興北路58號8樓之1,30000000,30000000,202610,88/01/26,股份有限公司,493911,附駕駛之小客車租賃,
31256553,騰之亞通運有限公司,遊覽車客運業,臺北市大同區長安西路106號7樓之5,30000000,,202610,66/01/01,有限公司,493912,遊覽車客運,
53846739,優良國際租賃有限公司,小客車租賃業,臺北市北投區公館路211號,29990000,,202610,101/05/14,有限公司,772100,汽車租賃,
18506706,九龍通運有限公司,遊覽車客運業,臺北市中山區長春路172號6樓之3,29900000,,202610,55/05/01,有限公司,493912,遊覽車客運,
15142647,台灣聯合巴士有限公司,遊覽車客運業,臺北市大同區延平北路4段173號2樓,29900000,,202610,61/05/01,有限公司,493912,遊覽車客運,
35938215,正二汽車貨運有限公司,汽車貨運業,新北市泰山區泰林路2段482號3樓,29900000,,202610,68/02/28,有限公司,494099,其他汽車貨運,
35877364,米特交通運輸股份有限公司,汽車貨運業,臺北市士林區德行西路86號,29900000,29900000,202610,66/11/01,股份有限公司,494099,其他汽車貨運,02-77519222
38120259,台成交通股份有限公司,汽車貨運業,新北市新店區光明街44號,29800000,29800000,202610,60/03/19,股份有限公司,494099,其他汽車貨運,
36282236,尚旺通運有限公司,汽車貨運業,新北市林口區文化北路1段556號1樓,29800000,,202610,73/12/11,有限公司,494099,其他汽車貨運,
34105926,武林交通股份有限公司,汽車貨運業,新北市樹林區保安街2段201號,29800000,29800000,202610,65/07/01,股份有限公司,494099,其他汽車貨運,
20830594,冠天下交通有限公司,汽車貨運業,新北市樹林區光興街147號,29800000,,202610,68/05/23,有限公司,494099,其他汽車貨運,
43144294,偉翔通運股份有限公司,汽車貨運業,新北市蘆洲區永樂街50號11樓,29800000,29800000,202610,60/01/19,股份有限公司,494099,其他汽車貨運,
47287997,興達交通事業股份有限公司,遊覽車客運業,臺北市大安區大安路2段132巷10號1樓,29800000,29800000,202610,75/04/01,股份有限公司,493912,遊覽車客運,
04781359,鴻成汽車貨運有限公司,汽車貨運業,臺北市內湖區安泰街18號3樓,29800000,,202610,66/04/01,有限公司,494099,其他汽車貨運,
89355594,元通貨運有限公司,汽車貨運業,新北市新莊區思源路167號2樓,29700000,,202610,84/03/17,有限公司,494099,其他汽車貨運,
36524092,華客通運有限公司,遊覽車客運業,新北市新莊區西盛街323巷24號3樓,29600000,,202610,69/01/14,有限公司,493912,遊覽車客運,
33795058,義豐交通股份有限公司,汽車貨運業,新北市淡水區英專路131號2樓,29600000,29600000,202610,69/10/18,股份有限公司,494099,其他汽車貨運,
16394120,旗美交通股份有限公司,汽車貨運業,臺北市松山區撫遠街435號,29600000,29600000,202610,87/03/09,股份有限公司,494099,其他汽車貨運,02-27658686
16622010,元大通運有限公司,遊覽車客運業,臺北市萬華區桂林路242巷87號1樓,29500000,,202610,89/02/03,有限公司,493912,遊覽車客運,
89503053,日日昌交通有限公司,汽車貨運業,新北市樹林區光興街147號,29500000,,202610,84/06/16,有限公司,494099,其他汽車貨運,
04238126,北海岸遊覽車客運有限公司,遊覽車客運業,新北市淡水區淡金路50號2樓,29500000,,202610,63/07/06,有限公司,493912,遊覽車客運,
04995964,永青遊覽有限公司,遊覽車客運業,臺北市中山區長春路172號11樓之3,29500000,,202610,65/09/01,有限公司,493912,遊覽車客運,
89823540,奕昕交通股份有限公司,汽車貨運業,新北市五股區凌雲路1段158巷7號,29500000,29500000,202610,85/01/24,股份有限公司,494099,其他汽車貨運,03-3992262
83708311,國花通運股份有限公司,遊覽車客運業,新北市永和區中正路368巷18號,29500000,29500000,202610,72/12/12,股份有限公司,493912,遊覽車客運,
04711093,祥展遊覽車有限公司,遊覽車客運業,臺北市士林區承德路5段54之1號1樓,29500000,,202610,63/09/01,有限公司,493912,遊覽車客運,
34079764,順祥交通企業有限公司,汽車貨運業,新北市新店區北宜路1段79號,29500000,,202610,70/03/01,有限公司,494099,其他汽車貨運,
75185063,輕鬆遊通運股份有限公司,遊覽車客運業,新北市新莊區青山路1段60之3號12樓,29500000,29500000,202610,59/07/01,股份有限公司,493912,遊覽車客運,
11769106,和泰遊覽股份有限公司,遊覽車客運業,臺北市北投區永興路1段39號1樓,29200000,29200000,202610,60/03/01,股份有限公司,493912,遊覽車客運,
89507810,陸毅交通貨運有限公司,汽車貨運業,新北市汐止區汐萬路2段66巷27號1樓,29200000,,202610,84/06/27,有限公司,494099,其他汽車貨運,
20769795,力峰假期交通客運股份有限公司,遊覽車客運業,臺北市中山區長春路172號8樓之6,29000000,29000000,202610,67/10/01,股份有限公司,493912,遊覽車客運,
34476095,三興交通有限公司,汽車貨運業,新北市新莊區昌平街82巷13弄26號2樓,29000000,,202610,71/02/10,有限公司,494099,其他汽車貨運,
33689107,山泰貨櫃股份有限公司,汽車貨運業,新北市林口區後坑36號,29000000,29000000,202610,66/07/01,股份有限公司,494099,其他汽車貨運,
84251727,元鴻通運有限公司,汽車貨運業,新北市中和區連城路249巷10弄4號,29000000,,202610,82/05/10,有限公司,494099,其他汽車貨運,
22843574,台灣大哥大租車有限公司,小客車租賃業,臺北市大安區信義路4段184號9樓,29000000,,202610,,,,,
22557585,台灣大租賃有限公司,小客車租賃業,新北市樹林區太平路60巷3號(1樓),29000000,,202610,76/07/03,有限公司,772100,汽車租賃,
70451013,永笙汽車租賃有限公司,小客車租賃業,臺北市大同區承德路2段114號,29000000,,202610,88/11/19,有限公司,772100,汽車租賃,
35459208,禾昇交通有限公司,汽車貨運業,新北市萬里區瑪鋉路182號,29000000,,202610,49/02/01,有限公司,494099,其他汽車貨運,
04439432,利國交通股份有限公司,汽車貨運業,新北市淡水區學府路21號1樓,29000000,29000000,202610,69/07/03,股份有限公司,494099,其他汽車貨運,
34156446,宏裕貨運有限公司,汽車貨運業,新北市板橋區環河西路4段1761號,29000000,,202610,66/07/01,有限公司,494099,其他汽車貨運,
22600106,尚堃通運有限公司,汽車貨運業,新北市萬里區港西81號2樓,29000000,,202610,77/01/07,有限公司,494099,其他汽車貨運,
56708956,東昱物流股份有限公司,汽車貨運業,新北市土城區廣福街6號1樓,29000000,29000000,202610,76/10/30,股份有限公司,494099,其他汽車貨運,
33248904,欣源交通股份有限公司,汽車貨運業,新北市新莊區後港一路56巷24弄3號1樓,29000000,29000000,202610,91/08/27,股份有限公司,494099,其他汽車貨運,
34274345,長龍貨運股份有限公司,汽車貨運業,新北市樹林區八德街608號(1樓),29000000,29000000,202610,68/07/05,股份有限公司,494099,其他汽車貨運,
60209812,星龍汽車旅運有限公司,遊覽車客運業,新北市三重區重新路4段172號4樓之1,29000000,,202610,66/07/01,有限公司,493912,遊覽車客運,
20744084,春華通運股份有限公司,遊覽車客運業,臺北市內湖區南京東路6段451巷57號10樓之3,29000000,29000000,202610,66/01/01,股份有限公司,493912,遊覽車客運,
20835057,春福交通有限公司,汽車貨運業,新北市新店區松林路61之1號地下三層,29000000,,202610,77/06/03,有限公司,493200,計程車客運,
36259312,昶順通運有限公司,汽車貨運業,新北市林口區南勢三街37號3樓,29000000,,202610,73/04/07,有限公司,494099,其他汽車貨運,02-26000591
34159149,昶裕通運有限公司,汽車貨運業,新北市林口區南勢三街37號3樓,29000000,,202610,66/07/01,有限公司,494099,其他汽車貨運,
20868937,原宏交通有限公司,汽車貨運業,新北市林口區忠孝路533號,29000000,,202610,77/04/02,有限公司,494099,其他汽車貨運,
15095905,原統交通股份有限公司,汽車貨運業,新北市林口區忠孝路533號,29000000,29000000,202610,50/09/20,股份有限公司,494099,其他汽車貨運,
43874165,原裕交通股份有限公司,汽車貨運業,新北市林口區忠孝路533號,29000000,29000000,202610,69/09/20,股份有限公司,494099,其他汽車貨運,
36277178,國雄交通企業有限公司,汽車貨運業,新北市蘆洲區國道路2段109號7樓,29000000,,202610,73/10/16,有限公司,494099,其他汽車貨運,02-22975567
15137362,崧富物流股份有限公司,汽車貨運業,新北市新店區北新路2段200號9樓,29000000,29000000,202610,60/07/29,股份有限公司,494099,其他汽車貨運,
34466358,常億交通有限公司,汽車貨運業,新北市中和區民利街86號(1樓),29000000,,202610,70/11/01,有限公司,494099,其他汽車貨運,
85040828,曼巴租賃有限公司,小客車租賃業,臺北市大安區敦化南路1段225號地下3層之17,29000000,,202610,108/11/18,有限公司,493911,附駕駛之小客車租賃,
28006201,博聯貨運有限公司,汽車貨運業,臺北市萬華區萬大路187巷43號1樓,29000000,,202610,95/03/22,有限公司,494099,其他汽車貨運,02-26193351
36356567,萬家興汽車貨運有限公司,汽車貨運業,新北市樹林區中山路三段71號,29000000,,202610,74/05/20,有限公司,494099,其他汽車貨運,
34274099,聚達貨運有限公司,汽車貨運業,新北市中和區中板路18巷2弄5號(1樓),29000000,,202610,68/06/25,有限公司,494099,其他汽車貨運,
84709598,龍鐽物流交通股份有限公司,汽車貨運業,新北市汐止區大同路1段337巷15弄13號,29000000,29000000,202610,83/05/06,股份有限公司,494099,其他汽車貨運,
23897083,環緯股份有限公司,汽車貨運業,臺北市大安區忠孝東路4段148號7樓,29000000,29000000,202610,79/09/15,股份有限公司,529099,未分類其他運輸輔助,
69279562,駿博租賃股份有限公司,小客車租賃業,新北市新莊區中德路18號14樓,29000000,29000000,202610,107/01/30,股份有限公司,772100,汽車租賃,
42092229,鎮發汽車貨運股份有限公司,汽車貨運業,新北市新莊區自強街8號2樓,29000000,29000000,202610,73/07/05,股份有限公司,494099,其他汽車貨運,
33686333,鵬安交通企業股份有限公司,汽車貨運業,新北市新莊區泰順街33巷22號,29000000,29000000,202610,63/02/15,股份有限公司,494099,其他汽車貨運,
84250229,合力物流股份有限公司,汽車貨運業,新北市新莊區萬安街77巷2之4號,28800000,28800000,202610,82/03/26,股份有限公司,494099,其他汽車貨運,
84954091,聖錡貨運有限公司,汽車貨運業,臺北市文山區忠順街2段25號2樓,28800000,,202610,83/06/16,有限公司,494099,其他汽車貨運,
00355403,映騰通運股份有限公司,遊覽車客運業,臺北市中山區長春路172號10樓之8,28500000,28500000,202610,71/08/27,股份有限公司,493912,遊覽車客運,
00114041,伸達永寶物流有限公司,汽車貨運業,新北市新店區安和路1段25號3樓之1,28400000,,202610,113/09/04,有限公司,494099,其他汽車貨運,
89527999,力福物流股份有限公司,汽車貨運業,新北市三重區五華街71巷50號,28000000,28000000,202610,84/05/24,股份有限公司,494099,其他汽車貨運,
83586268,台灣福祉車租賃股份有限公司,小客車租賃業,新北市新莊區新泰路502巷6號2樓,28000000,28000000,202610,109/06/04,股份有限公司,772100,汽車租賃,
27784069,全聯物流實業股份有限公司,汽車貨運業,新北市八里區中華路3段19號,28000000,28000000,202610,94/05/10,股份有限公司,494099,其他汽車貨運,02-26191888
12648897,利昇開發實業有限公司,汽車貨運業,新北市板橋區三民路1段100號,28000000,,202610,89/12/08,有限公司,461211,水泥及水泥製品批發,
86688605,宏憶貨運有限公司,汽車貨運業,新北市板橋區環河西路4段1761號,28000000,,202610,81/07/08,有限公司,494099,其他汽車貨運,
94720903,坤智通運股份有限公司,汽車貨運業,臺北市信義區虎林街164巷60弄26號,28000000,28000000,202610,78/04/28,股份有限公司,494099,其他汽車貨運,
44987217,原皇交通股份有限公司,汽車貨運業,新北市林口區忠孝路533號,28000000,28000000,202610,74/09/24,股份有限公司,494099,其他汽車貨運,
33928331,原華交通有限公司,汽車貨運業,新北市林口區南勢街250巷68號3樓,28000000,,202610,64/04/01,有限公司,494099,其他汽車貨運,
84252248,鈞順交通股份有限公司,汽車貨運業,新北市汐止區新台五路1段159號12樓之5,28000000,28000000,202610,82/03/12,股份有限公司,494099,其他汽車貨運,
89306399,源華交通有限公司,汽車貨運業,新北市五股區夏綠地街11之17號,28000000,,202610,84/09/23,有限公司,494099,其他汽車貨運,
94176614,滙智能永續國際物流控股股份有限公司,汽車貨運業,臺北市大安區敦化南路2段5號11樓之1,28000000,28000000,202610,,,,,
94176831,滙智能永續國際物流控股股份有限公司,汽車貨運業,臺北市大安區敦化南路2段5號11樓之1,28000000,28000000,202610,112/09/11,股份有限公司,494099,其他汽車貨運,02-24331585
50967998,鼎昇交通有限公司,汽車貨運業,新北市汐止區水源路2段72巷73號,28000000,,202610,107/10/23,有限公司,494099,其他汽車貨運,
24561380,碩捷小客車租賃有限公司,小客車租賃業,臺北市大同區環河北路2段205巷17號,28000000,,202610,103/06/26,有限公司,772100,汽車租賃,
34416392,豪華貨運股份有限公司,汽車貨運業,新北市泰山區明志路3段123巷1弄4號3樓,28000000,28000000,202610,69/07/01,股份有限公司,494099,其他汽車貨運,
33845563,銘華貨運有限公司,汽車貨運業,新北市新店區百忍街31號2樓,28000000,,202610,69/08/04,有限公司,494099,其他汽車貨運,
84702125,鐿昌通運股份有限公司,汽車貨運業,新北市板橋區陽明街162號(1樓),28000000,28000000,202610,82/10/30,股份有限公司,494099,其他汽車貨運,
34116183,仲晨通運有限公司,遊覽車客運業,臺北市中山區新生北路3段58號8樓之5,27070000,,202610,67/01/01,有限公司,465311,汽車零件、汽車百貨批發,
86685277,北崧交通有限公司,汽車貨運業,新北市淡水區英專路131號(2樓),27000000,,202610,81/06/30,有限公司,494099,其他汽車貨運,
86923860,北祥交通有限公司,汽車貨運業,新北市淡水區新市六路1段22號5樓,27000000,,202610,81/10/01,有限公司,494099,其他汽車貨運,
53709382,台灣自由行小客車租賃股份有限公司,小客車租賃業,新北市板橋區縣民大道1段1號16樓,27000000,27000000,202610,101/06/07,股份有限公司,493911,附駕駛之小客車租賃,
89834785,宏溢貨運有限公司,汽車貨運業,新北市板橋區環河西路4段1763號,27000000,,202610,83/09/14,有限公司,494099,其他汽車貨運,
86691881,宏義貨運有限公司,汽車貨運業,新北市板橋區環河西路4段1763號,27000000,,202610,81/09/04,有限公司,494099,其他汽車貨運,
38036247,沅駿運輸事業股份有限公司,汽車貨運業,新北市中和區中山路2段33號10樓之1,27000000,27000000,202610,61/03/01,股份有限公司,494099,其他汽車貨運,
89860988,原祥貨運股份有限公司,汽車貨運業,新北市林口區南勢街250巷68號3樓,27000000,27000000,202610,83/11/28,股份有限公司,494099,其他汽車貨運,
84448829,原興貨運股份有限公司,汽車貨運業,新北市林口區忠孝路533號,27000000,27000000,202610,90/08/06,股份有限公司,494099,其他汽車貨運,
86925403,桃宏交通股份有限公司,汽車貨運業,新北市林口區忠孝路533號,27000000,27000000,202610,81/11/23,股份有限公司,494099,其他汽車貨運,
27497833,煒盛實業有限公司,汽車貨運業,新北市板橋區三民路1段138巷16號5樓,27000000,,202610,93/12/27,有限公司,494099,其他汽車貨運,
03523208,遠東遊覽汽車股份有限公司,遊覽車客運業,臺北市中山區長春路172號8樓之6,27000000,27000000,202610,61/05/01,股份有限公司,493912,遊覽車客運,
34288896,宏盛通運有限公司,汽車貨運業,新北市板橋區環河西路4段1761號,26800000,,202610,68/11/19,有限公司,494099,其他汽車貨運,
45134671,雄獅租賃有限公司,小客車租賃業,臺北市中山區長春路172號6樓之3,26400000,,202610,105/05/09,有限公司,772100,汽車租賃,
84867126,東毅貨運股份有限公司,汽車貨運業,新北市淡水區英專路131之2號,26100000,26100000,202610,83/05/11,股份有限公司,494099,其他汽車貨運,
37074708,協溢汽車股份有限公司,汽車貨運業、計程車客運業,新北市淡水區中正東路2段27之9號3樓,26000000,26000000,202610,66/08/01,股份有限公司,493200,計程車客運,
89303323,政清通運有限公司,汽車貨運業,新北市五股區成泰路三段577巷80弄6號3樓,26000000,,202610,84/01/18,有限公司,494099,其他汽車貨運,
52876951,致福租車股份有限公司,小客車租賃業,新北市中和區中山路2段372號,26000000,9360000,202610,106/08/03,股份有限公司,772100,汽車租賃,
55778905,迦南通運股份有限公司,遊覽車客運業,臺北市中山區新生北路3段7號3樓之2,26000000,26000000,202610,65/06/01,股份有限公司,493912,遊覽車客運,
83370035,蘑菇有限公司,小客車租賃業,新北市鶯歌區建國路171號(4樓),26000000,,202610,110/01/13,有限公司,465112,中古汽車批發,
83434827,吉韻物流有限公司,汽車貨運業,新北市三重區仁愛街445巷49號(1樓),25600000,,202610,109/03/09,有限公司,494099,其他汽車貨運,
83176460,德昇貨運有限公司,汽車貨運業,臺北市中正區重慶南路3段87之1號,25600000,,202610,109/08/07,有限公司,494011,汽車貨櫃貨運,
89510651,詠宸通運有限公司,汽車貨運業,新北市新莊區鳳山街70號4樓,25200000,,202610,84/05/16,有限公司,494099,其他汽車貨運,
94067480,中央交通有限公司,汽車貨運業,新北市淡水區八勢一街39巷18號4樓之1,25100000,,202610,112/05/23,有限公司,494099,其他汽車貨運,
16953806,一元汽車貨運有限公司,汽車貨運業,臺北市大同區環河北路2段391號2樓,25000000,,202610,88/07/03,有限公司,494099,其他汽車貨運,
89532183,二新交通企業有限公司,汽車貨運業,新北市新莊區新莊路111號,25000000,,202610,84/06/10,有限公司,494099,其他汽車貨運,
70700300,力太通運股份有限公司,汽車貨運業,臺北市大同區歸綏街209號2樓之5,25000000,25000000,202610,89/02/08,股份有限公司,529099,未分類其他運輸輔助,
90645729,力有宏物流有限公司,汽車貨運業,新北市土城區中央路2段211號5樓之1,25000000,,202610,111/02/24,有限公司,494099,其他汽車貨運,
36168333,三旭貨運有限公司,汽車貨運業,新北市三重區仁愛路425巷88號,25000000,,202610,73/01/06,有限公司,494099,其他汽車貨運,
84882610,上有貨運有限公司,汽車貨運業,新北市瑞芳區建基路1段4號2樓,25000000,,202610,83/06/20,有限公司,494099,其他汽車貨運,
66918306,上林通運有限公司,汽車貨運業,臺北市信義區基隆路1段141號13樓之3,25000000,,202610,106/09/26,有限公司,494099,其他汽車貨運,
83227480,久桃物流實業有限公司,汽車貨運業,新北市土城區亞洲路90巷7號5樓,25000000,,202610,109/11/24,有限公司,494099,其他汽車貨運,
27783998,大千物流貨運有限公司,汽車貨運業,新北市土城區中正路67巷23號4樓,25000000,,202610,94/05/11,有限公司,494099,其他汽車貨運,
54051954,大川物流貨運有限公司,汽車貨運業,新北市土城區中正路67巷23號4樓,25000000,,202610,102/04/11,有限公司,494099,其他汽車貨運,
89445548,大吉旺搬家通運有限公司,汽車貨運業,臺北市中山區明水路479號地下,25000000,,202610,84/04/15,有限公司,494099,其他汽車貨運,
90126389,大吉運通有限公司,汽車貨運業,新北市蘆洲區和平路203巷6號,25000000,,202610,111/05/02,有限公司,494011,汽車貨櫃貨運,
89119852,大廷交通貨運有限公司,汽車貨運業,新北市土城區中央路1段270號26樓,25000000,,202610,111/12/06,有限公司,494099,其他汽車貨運,
85094491,大村通運股份有限公司,汽車貨運業,新北市林口區文化二路1段390號19樓之3,25000000,25000000,202610,108/09/18,股份有限公司,494099,其他汽車貨運,
07609705,大欣汽車貨運股份有限公司,汽車貨運業,新北市林口區忠孝路533號,25000000,25000000,202610,66/10/01,股份有限公司,494099,其他汽車貨運,
16621032,大雅小客車租賃有限公司,小客車租賃業,臺北市內湖區環山路1段59巷11號,25000000,,202610,87/09/04,有限公司,772100,汽車租賃,02-24690820
42717420,子鴻通運有限公司,汽車貨運業,新北市新莊區雙鳳路102號11樓,25000000,,202610,105/03/23,有限公司,494011,汽車貨櫃貨運,
97212135,小蜂鳥國際物流有限公司,汽車貨運業,臺北市松山區光復北路35號5樓,25000000,,202610,85/09/12,有限公司,494099,其他汽車貨運,02-27495066
90459631,川大交通興業股份有限公司,汽車貨運業,新北市新莊區立信三街12巷16號4樓,25000000,25000000,202610,110/09/17,股份有限公司,494099,其他汽車貨運,
54860370,川大有限公司,汽車貨運業,新北市新莊區中泰街104巷5弄2號2樓,25000000,,202610,104/08/04,有限公司,233100,水泥製造,
83618775,川大貨運有限公司,汽車貨運業,新北市新莊區中泰街104巷5弄2號2樓,25000000,,202610,109/05/06,有限公司,494099,其他汽車貨運,
90707061,川大通運有限公司,汽車貨運業,新北市新莊區立信三街12巷16號4樓,25000000,,202610,110/05/06,有限公司,461999,未分類其他建材批發,
66621114,中天快遞有限公司,汽車貨運業,新北市五股區芳洲一路50號8樓,25000000,,202610,106/06/23,有限公司,542099,其他遞送服務,02-29098897
00131225,中天速運有限公司,汽車貨運業,新北市五股區芳洲一路50號8樓,25000000,,202610,113/10/28,有限公司,494099,其他汽車貨運,
53731650,中國欣業有限公司,汽車貨運業,臺北市內湖區舊宗路2段121巷30號1樓,25000000,,202610,101/01/18,有限公司,494099,其他汽車貨運,
53941810,中通快遞股份有限公司,汽車貨運業,臺北市松山區南京東路5段356號8樓之1,25000000,25000000,202610,101/10/26,股份有限公司,494099,其他汽車貨運,02-2760-6269
82922931,丹尼爾通運有限公司,汽車貨運業,新北市五股區芳洲二路69號,25000000,,202610,108/07/08,有限公司,494011,汽車貨櫃貨運,
16416308,元亨泰貨運股份有限公司,汽車貨運業,新北市三重區民生街六一巷廿七號,25000000,25000000,202610,87/04/01,股份有限公司,494099,其他汽車貨運,
60783349,元信通運股份有限公司,汽車貨運業,新北市中和區連城路249巷10弄4號,25000000,25000000,202610,114/05/15,股份有限公司,494099,其他汽車貨運,
91007642,元盛運輸有限公司,汽車貨運業,新北市三重區仁義街240號,25000000,,202610,110/08/06,有限公司,494099,其他汽車貨運,
94210985,友立物流通運有限公司,汽車貨運業,新北市三重區光復路1段83巷5號7樓,25000000,,202610,112/08/18,有限公司,494099,其他汽車貨運,
16924423,友瑞通運有限公司,汽車貨運業,新北市汐止區樟樹一路141巷3號3樓,25000000,,202610,88/06/03,有限公司,494099,其他汽車貨運,
86939173,天成聯合運輸有限公司,汽車貨運業,臺北市中山區渭水路20號,25000000,,202610,83/04/30,有限公司,494099,其他汽車貨運,02-27820060
83629914,天知物流有限公司,汽車貨運業,新北市土城區福祥街13號6樓,25000000,,202610,109/05/15,有限公司,494099,其他汽車貨運,
16930369,天興貨運有限公司,汽車貨運業,新北市板橋區五權街16號,25000000,,202610,88/06/07,有限公司,494099,其他汽車貨運,
90472563,日陞通運有限公司,汽車貨運業,新北市五股區西雲路203巷9號,25000000,,202610,110/11/01,有限公司,494099,其他汽車貨運,
28536882,世大交通有限公司,汽車貨運業,新北市樹林區俊英街116巷41弄9號5樓,25000000,,202610,95/12/13,有限公司,494099,其他汽車貨運,
60313071,世方通運有限公司,汽車貨運業,新北市五股區芳洲八路72號,25000000,,202610,115/03/20,有限公司,494012,搬家運送服務,
70622522,仙道貨運有限公司,汽車貨運業,新北市中和區錦和路354巷9號1樓,25000000,,202610,88/10/20,有限公司,494099,其他汽車貨運,
16971425,北昇國際通運有限公司,汽車貨運業,新北市泰山區中央路5巷17弄3號1樓,25000000,,202610,88/07/31,有限公司,494099,其他汽車貨運,
94092988,可樂物流有限公司,汽車貨運業,新北市板橋區林園街11號5樓,25000000,,202610,112/07/20,有限公司,494099,其他汽車貨運,
85129359,台捷通運股份有限公司,汽車貨運業,臺北市中山區德惠街16之5號10樓,25000000,25000000,202610,108/08/26,股份有限公司,494099,其他汽車貨運,
16939410,台富通運有限公司,汽車貨運業,新北市三峽區大義路195號9樓之2,25000000,,202610,88/06/22,有限公司,494099,其他汽車貨運,
97029995,台陽貨運有限公司,汽車貨運業,新北市板橋區光正街9巷2弄5號5樓,25000000,,202610,91/05/22,有限公司,494099,其他汽車貨運,
25195018,台達流通股份有限公司,汽車貨運業,臺北市文山區羅斯福路5段114號3樓,25000000,25000000,202610,99/04/13,股份有限公司,494099,其他汽車貨運,
50989655,台灣共乘貨運有限公司,汽車貨運業,新北市樹林區三俊街197號,25000000,,202610,108/02/26,有限公司,494011,汽車貨櫃貨運,
23525865,台灣住倉股份有限公司,汽車貨運業,臺北市中山區中山北路2段129號8樓之3,25000000,25000000,202610,78/11/30,股份有限公司,530100,普通倉儲經營,02-2511-3133
42659842,巧茗物流有限公司,汽車貨運業,臺北市信義區虎林街242巷51號1樓,25000000,,202610,104/11/06,有限公司,494011,汽車貨櫃貨運,
60649343,巧樂物流有限公司,汽車貨運業,新北市新莊區富貴路492號6樓,25000000,,202610,114/07/24,有限公司,494099,其他汽車貨運,
89228084,巨邦聯合物流有限公司,汽車貨運業,新北市中和區員山路294巷17號,25000000,,202610,83/11/17,有限公司,494099,其他汽車貨運,
22010707,巨航興業有限公司,汽車貨運業,臺北市內湖區瑞光路66巷23號,25000000,,202610,75/02/01,有限公司,494099,其他汽車貨運,
34301027,弘吉貨運有限公司,汽車貨運業,新北市土城區南天母路137之2號3樓,25000000,,202610,68/06/01,有限公司,494099,其他汽車貨運,
83545252,弘利貨運有限公司,汽車貨運業,新北市五股區西雲路203巷9號,25000000,,202610,,,,,
91097502,弘利貨運有限公司,汽車貨運業,新北市五股區西雲路203巷9號,25000000,,202610,109/03/02,有限公司,494099,其他汽車貨運,
16989070,弘隆通運有限公司,汽車貨運業,新北市中和區中山路3段118之10號之2,25000000,,202610,88/12/02,有限公司,494099,其他汽車貨運,
60541672,弘達貨運有限公司,汽車貨運業,臺北市中山區建國北路3段113巷31弄2號1樓,25000000,,202610,114/10/29,有限公司,494011,汽車貨櫃貨運,
29033917,正正鐵貨運有限公司,汽車貨運業,臺北市大同區敦煌路3號,25000000,,202610,97/06/12,有限公司,494099,其他汽車貨運,
16287655,正勝物流有限公司,汽車貨運業,臺北市大同區敦煌路5號,25000000,,202610,87/04/28,有限公司,494099,其他汽車貨運,
34201717,正新交通股份有限公司,汽車貨運業,新北市汐止區建成路28巷29號1樓,25000000,25000000,202610,67/04/01,股份有限公司,494011,汽車貨櫃貨運,
42703306,正鴻通運有限公司,汽車貨運業,新北市樹林區忠愛街3號2樓,25000000,,202610,105/01/12,有限公司,494099,其他汽車貨運,
34114306,民順交通有限公司,汽車貨運業,新北市土城區青雲路13號1樓,25000000,,202610,65/08/01,有限公司,494099,其他汽車貨運,
16050357,永吉興通運有限公司,汽車貨運業,新北市土城區中央路2段61巷34弄5號4樓,25000000,,202610,86/07/14,有限公司,494099,其他汽車貨運,
16481010,永廷通運有限公司,汽車貨運業,新北市樹林區俊保路38號5樓,25000000,,202610,87/04/21,有限公司,494099,其他汽車貨運,
96963670,永昌交通企業有限公司,汽車貨運業,新北市汐止區汐萬路2段228巷18弄4號,25000000,,202610,85/05/20,有限公司,494099,其他汽車貨運,
28922012,永金通運有限公司,汽車貨運業,新北市樹林區俊英街116巷41弄9號5樓,25000000,,202610,97/02/05,有限公司,494099,其他汽車貨運,
16765754,永航專業貨運有限公司,汽車貨運業,臺北市中山區龍江路50之3號1樓,25000000,,202610,87/12/09,有限公司,494099,其他汽車貨運,
97037448,永翊交通有限公司,汽車貨運業,新北市汐止區新台五路2段15號2樓,25000000,,202610,85/07/04,有限公司,494099,其他汽車貨運,
16645837,永竟通運有限公司,汽車貨運業,新北市瑞芳區員山子路員山巷16之1號3樓,25000000,,202610,87/10/12,有限公司,494099,其他汽車貨運,
97098922,永勝交通企業有限公司,汽車貨運業,臺北市南港區忠孝東路6段70巷5弄1號5樓,25000000,,202610,85/08/10,有限公司,494099,其他汽車貨運,
42835593,永運租賃有限公司,小客車租賃業,臺北市大同區西寧北路78之16號8樓,25000000,,202610,104/12/24,有限公司,772100,汽車租賃,
16614623,永榮貨運有限公司,汽車貨運業,新北市泰山區明志路1段22號12樓,25000000,,202610,87/09/05,有限公司,494099,其他汽車貨運,
62109899,永騰汽車貨運有限公司,汽車貨運業,新北市林口區文化二路2段46號(2樓),25000000,,202610,115/07/27,有限公司,494099,其他汽車貨運,
00063541,玄聖通運有限公司,汽車貨運業,新北市土城區中央路2段278巷5弄5號,25000000,,202610,113/11/12,有限公司,529099,未分類其他運輸輔助,
20557618,玉峰通運股份有限公司,遊覽車客運業,臺北市士林區環河北路3段151號,25000000,25000000,202610,60/01/12,股份有限公司,493911,附駕駛之小客車租賃,
20710113,生洋物流股份有限公司,汽車貨運業,臺北市中山區南京東路2段90號4樓之1,25000000,25000000,202610,66/12/01,股份有限公司,494099,其他汽車貨運,
82974938,生陽物流有限公司,汽車貨運業,臺北市中山區南京東路2段90號4樓,25000000,,202610,112/02/24,有限公司,439014,起重工程,
60764498,生興物流有限公司,汽車貨運業,臺北市士林區中山北路7段114巷16號1樓,25000000,,202610,114/05/14,有限公司,494099,其他汽車貨運,
83370056,皮卡物流科技有限公司,汽車貨運業,新北市八里區龍形一街12巷12號4樓,25000000,,202610,110/01/12,有限公司,494099,其他汽車貨運,02-77337938
62148035,禾宜通運股份有限公司,汽車貨運業,新北市板橋區縣民大道2段82號10樓,25000000,25000000,202610,115/08/17,股份有限公司,494099,其他汽車貨運,
90777256,禾樂國際物流有限公司,汽車貨運業,新北市萬里區瑪鋉路182號,25000000,,202610,110/04/14,有限公司,494099,其他汽車貨運,
27539101,立崧貨運有限公司,汽車貨運業,臺北市信義區忠孝東路4段553巷46弄2號,25000000,,202610,93/12/08,有限公司,494099,其他汽車貨運,
53177364,立程物流有限公司,汽車貨運業,新北市淡水區崁頂57之2號,25000000,,202610,99/11/02,有限公司,494099,其他汽車貨運,02-89933329
84250500,伊佶棒網運開發股份有限公司,汽車貨運業,新北市鶯歌區成功街20巷8號(1樓),25000000,25000000,202610,82/03/01,股份有限公司,494099,其他汽車貨運,
16381758,先峰交通有限公司,汽車貨運業,新北市中和區景平路144號5樓,25000000,,202610,87/02/24,有限公司,494099,其他汽車貨運,
62259572,全禾通運股份有限公司,汽車貨運業,新北市板橋區縣民大道2段82號10樓,25000000,25000000,202610,115/05/07,股份有限公司,494099,其他汽車貨運,
27980689,全宏通運貨運有限公司,汽車貨運業,新北市板橋區滿平二街10巷8號5樓,25000000,,202610,95/01/24,有限公司,494099,其他汽車貨運,
16197916,全球趨勢物流股份有限公司,汽車貨運業,臺北市內湖區金湖路401巷38號,25000000,25000000,202610,89/12/06,股份有限公司,472914,飲料零售,
35950006,全盛國際物流股份有限公司,汽車貨運業,新北市三重區仁義街143巷34號,25000000,25000000,202610,69/03/27,股份有限公司,494099,其他汽車貨運,
27876757,全通貨運有限公司,汽車貨運業,新北市八里區中華路3段19號1樓,25000000,,202610,94/09/06,有限公司,494099,其他汽車貨運,02-26191888
23723035,全統航空貨運承攬有限公司,汽車貨運業,臺北市中山區松江路2號1樓,25000000,,202610,79/04/07,有限公司,523300,航空貨運承攬,
97068687,全葳通運股份有限公司,汽車貨運業,新北市板橋區縣民大道2段82號10樓,25000000,25000000,202610,85/08/19,股份有限公司,494099,其他汽車貨運,
38431872,合運交通股份有限公司,汽車貨運業,新北市新店區百忍街31號2樓,25000000,25000000,202610,73/09/22,股份有限公司,494099,其他汽車貨運,
95498633,吉合物流科技有限公司,汽車貨運業,臺北市內湖區港墘路200號8樓,25000000,,202610,114/02/07,有限公司,494099,其他汽車貨運,
96959562,吉進交通企業有限公司,汽車貨運業,臺北市士林區通河東街2段10巷8號1樓,25000000,,202610,85/05/04,有限公司,494099,其他汽車貨運,
16790727,吉樺貨運交通有限公司,汽車貨運業,臺北市松山區南京東路5段336號7樓之4,25000000,,202610,88/04/13,有限公司,494099,其他汽車貨運,
23954366,多利通運股份有限公司,汽車貨運業,新北市新店區中興路1段268巷1號1樓,25000000,25000000,202610,80/01/16,股份有限公司,494099,其他汽車貨運,
90616436,好運到交通股份有限公司,汽車貨運業,臺北市中山區龍江路47之1號1樓,25000000,25000000,202610,111/03/08,股份有限公司,494099,其他汽車貨運,
84255929,如意交通企業股份有限公司,汽車貨運業,臺北市士林區通河東街2段10巷8號1樓,25000000,25000000,202610,85/05/14,股份有限公司,494099,其他汽車貨運,
89695475,安全運輸有限公司,汽車貨運業,臺北市士林區德行東路266巷8號2樓,25000000,,202610,85/01/29,有限公司,494099,其他汽車貨運,
54000082,安程物流有限公司,汽車貨運業,新北市樹林區三福街36巷20號4樓,25000000,,202610,101/10/23,有限公司,494099,其他汽車貨運,
90506917,安達聯合物流有限公司,汽車貨運業,新北市中和區中山路2段33號10樓之6,25000000,,202610,110/09/29,有限公司,494099,其他汽車貨運,
90748703,旭航國際有限公司,汽車貨運業,新北市新莊區新泰路227號3樓之1,25000000,,202610,110/03/16,有限公司,465311,汽車零件、汽車百貨批發,
39228004,有程交通股份有限公司,汽車貨運業,新北市中和區中正路1180號地下一層,25000000,25000000,202610,75/12/19,股份有限公司,494099,其他汽車貨運,
13131363,汎達物流股份有限公司,汽車貨運業,新北市板橋區永豐街46號3樓,25000000,25000000,202610,91/06/27,股份有限公司,494099,其他汽車貨運,
90459371,百達運輸有限公司,汽車貨運業,新北市八里區龍形一街12巷12號4樓,25000000,,202610,110/09/14,有限公司,494099,其他汽車貨運,
62100399,行得利國際物流股份有限公司,汽車貨運業,新北市三重區福德南路53號8樓,25000000,25000000,202610,115/07/01,股份有限公司,494099,其他汽車貨運,
24736065,伸達九固物流有限公司,汽車貨運業,新北市中和區民安街42巷26號4樓,25000000,,202610,104/03/31,有限公司,494099,其他汽車貨運,
94070372,伸達九昌物流有限公司,汽車貨運業,新北市中和區民安街42巷26號4樓,25000000,,202610,112/05/24,有限公司,494099,其他汽車貨運,
54702345,伸達永功物流有限公司,汽車貨運業,新北市新店區安民街15號10樓之1,25000000,,202610,103/03/06,有限公司,494099,其他汽車貨運,
91091084,伸達永巨物流有限公司,汽車貨運業,新北市新店區安光路49號2樓,25000000,,202610,110/06/28,有限公司,494012,搬家運送服務,
60779767,伸達永平物流有限公司,汽車貨運業,新北市新莊區瓊林路18號(1樓),25000000,,202610,114/04/29,有限公司,494099,其他汽車貨運,
42992798,伸達永正物流有限公司,汽車貨運業,新北市新店區安民街15號10樓之1,25000000,,202610,107/02/27,有限公司,494012,搬家運送服務,
60377623,伸達永立物流有限公司,汽車貨運業,新北市新店區安光路51號2樓,25000000,,202610,115/01/27,有限公司,494099,其他汽車貨運,
83107990,伸達永瀚物流有限公司,汽車貨運業,新北市新店區安光路51號2樓,25000000,,202610,109/08/18,有限公司,524999,未分類其他陸上運輸輔助,
90178251,伸達永競物流有限公司,汽車貨運業,新北市新店區安和路1段25號3樓之1,25000000,,202610,111/05/18,有限公司,494099,其他汽車貨運,
50985601,伸達永耀物流有限公司,汽車貨運業,新北市新店區安和路1段21號6樓之2,25000000,,202610,108/01/28,有限公司,494012,搬家運送服務,
85012365,伸達永騰物流有限公司,汽車貨運業,新北市新店區安光路49號2樓,25000000,,202610,108/08/28,有限公司,494099,其他汽車貨運,
55765958,伸達冷鏈物流有限公司,汽車貨運業,新北市新店區安光路49號2樓,25000000,,202610,106/12/18,有限公司,494099,其他汽車貨運,
66906723,伸達捷業物流有限公司,汽車貨運業,新北市新店區安和路1段21號6樓之2,25000000,,202610,106/09/15,有限公司,524999,未分類其他陸上運輸輔助,
90039104,佑昇交通有限公司,汽車貨運業,新北市林口區忠福路137之1號2樓,25000000,,202610,111/09/23,有限公司,494099,其他汽車貨運,
90229694,利昇物流有限公司,汽車貨運業,新北市板橋區三民路1段100號,25000000,,202610,111/04/14,有限公司,494099,其他汽車貨運,
16578112,利隆貨運股份有限公司,汽車貨運業,新北市中和區中山路3段118之10號之2,25000000,25000000,202610,87/09/22,股份有限公司,494099,其他汽車貨運,
16967484,宏立貨運有限公司,汽車貨運業,新北市五股區芳洲八路80號15樓,25000000,,202610,88/07/26,有限公司,494099,其他汽車貨運,
16935890,宏利通運有限公司,汽車貨運業,新北市汐止區大同路3段139巷1弄2號,25000000,,202610,88/06/08,有限公司,494099,其他汽車貨運,
84768131,宏昱交通有限公司,汽車貨運業,臺北市信義區嘉興街304號,25000000,,202610,83/04/15,有限公司,494099,其他汽車貨運,
84012162,宏益交通有限公司,汽車貨運業,新北市三重區重新路3段48之1號,25000000,,202610,108/10/30,有限公司,494099,其他汽車貨運,
83038143,宏勝國際運輸有限公司,汽車貨運業,新北市五股區芳洲一路65號10樓,25000000,,202610,112/04/12,有限公司,494099,其他汽車貨運,
70359297,宏順馳通運有限公司,汽車貨運業,臺北市中正區中華路2段75巷1弄16號,25000000,,202610,88/05/15,有限公司,494099,其他汽車貨運,
93655496,宏鑫貨運有限公司,汽車貨運業,臺北市士林區通河東街1段119號1樓,25000000,,202610,113/02/17,有限公司,494099,其他汽車貨運,
12822831,志玟物流股份有限公司,汽車貨運業,新北市三峽區國光街43巷3號7樓,25000000,25000000,202610,91/06/26,股份有限公司,494099,其他汽車貨運,
42611756,汪地國際租賃有限公司,小客車租賃業,臺北市大同區重慶北路3段254號1樓,25000000,,202610,104/06/22,有限公司,772100,汽車租賃,
16023296,甫峰貨運有限公司,汽車貨運業,新北市中和區廣福路56巷2弄5之2號3樓,25000000,,202610,86/07/02,有限公司,494099,其他汽車貨運,
97235453,甫運通運有限公司,汽車貨運業,新北市淡水區中正路2段131之3號,25000000,,202610,89/06/16,有限公司,494099,其他汽車貨運,
00121042,甫漾生鮮物流有限公司,汽車貨運業,新北市蘆洲區長安街65巷2號5樓,25000000,,202610,113/09/16,有限公司,494099,其他汽車貨運,
91083134,甫漾物流通運有限公司,汽車貨運業,新北市林口區自強二街67號,25000000,,202610,110/06/21,有限公司,494099,其他汽車貨運,
97259428,良得貨運有限公司,汽車貨運業,新北市八里區舊城路21號2樓,25000000,,202610,86/01/21,有限公司,494099,其他汽車貨運,
00131251,良駒國際租賃有限公司,小客車租賃業,新北市新店區安民街156巷22號,25000000,,202610,113/11/21,有限公司,772100,汽車租賃,
70489685,芃達交通企業有限公司,汽車貨運業,新北市林口區源泉街36號2樓,25000000,,202610,89/04/19,有限公司,494099,其他汽車貨運,02-86480777
97002742,酉榮貨運有限公司,汽車貨運業,新北市中和區民安街42巷26號4樓,25000000,,202610,85/05/23,有限公司,494099,其他汽車貨運,
94137676,亞巨晴物流有限公司,汽車貨運業,新北市泰山區新北大道6段359號5樓,25000000,,202610,112/09/22,有限公司,494011,汽車貨櫃貨運,
90039553,亞巨葉碧鑾物流有限公司,汽車貨運業,新北市泰山區新北大道6段359號5樓,25000000,,202610,111/09/26,有限公司,494011,汽車貨櫃貨運,
70607395,亞泰通運有限公司,汽車貨運業,臺北市南港區南港路3段80巷19號3樓,25000000,,202610,91/11/13,有限公司,523111,鐵路、陸路貨運承攬,
16783021,亞鑫通運有限公司,汽車貨運業,臺北市南港區南港路3段80巷19號3樓,25000000,,202610,88/03/04,有限公司,494099,其他汽車貨運,
70535180,佳驊通運股份有限公司,汽車貨運業,臺北市中山區建國北路2段33號10樓之3,25000000,25000000,202610,,,,,
90796319,佶俐果交通物流有限公司,汽車貨運業,新北市鶯歌區成功街20巷8號(1樓),25000000,,202610,110/04/19,有限公司,494099,其他汽車貨運,
16750915,佶捷物流有限公司,汽車貨運業,臺北市信義區嘉興街304號,25000000,,202610,87/10/21,有限公司,494099,其他汽車貨運,
84252633,佶遠通運有限公司,汽車貨運業,臺北市松山區寶清街99號,25000000,,202610,82/05/05,有限公司,494099,其他汽車貨運,
16728787,佶勳通運有限公司,汽車貨運業,臺北市松山區寶清街99號,25000000,,202610,88/01/05,有限公司,494099,其他汽車貨運,
61813036,佶鑫通運有限公司,汽車貨運業,臺北市松山區寶清街99號,25000000,,202610,76/08/28,有限公司,494099,其他汽車貨運,
16282878,來旺貨運交通有限公司,汽車貨運業,臺北市中山區長春路184號8樓之6,25000000,,202610,86/12/04,有限公司,494099,其他汽車貨運,
16972780,來速企業有限公司,汽車貨運業,臺北市信義區基隆路1段155號13樓之5,25000000,,202610,89/12/28,有限公司,494099,其他汽車貨運,
90298713,其特物流股份有限公司,汽車貨運業,臺北市信義區松德路161號7樓之1,25000000,25000000,202610,111/07/06,股份有限公司,494099,其他汽車貨運,
07621356,和泰運輸有限公司,汽車貨運業,新北市汐止區福德一路342巷3弄11號,25000000,,202610,85/09/13,有限公司,494099,其他汽車貨運,
55880900,和程運輸股份有限公司,汽車貨運業,臺北市士林區承德路4段130號12樓,25000000,25000000,202610,105/09/05,股份有限公司,494099,其他汽車貨運,02-2885-6740
16874866,坤慶貨運股份有限公司,汽車貨運業,新北市三重區民生街61巷27號2樓,25000000,25000000,202610,88/03/22,股份有限公司,494099,其他汽車貨運,
53732362,宗國交通有限公司,汽車貨運業,臺北市內湖區舊宗路2段121巷28號1樓,25000000,,202610,101/01/19,有限公司,494099,其他汽車貨運,
16640903,尚群通運股份有限公司,汽車貨運業,新北市三重區秀江街242號1樓,25000000,25000000,202610,88/01/27,股份有限公司,494099,其他汽車貨運,
89306932,忠陽交通股份有限公司,汽車貨運業,臺北市松山區八德路3段247號3樓,25000000,25000000,202610,89/06/13,股份有限公司,494099,其他汽車貨運,
16787687,承佑物流有限公司,汽車貨運業,新北市蘆洲區永安南路2段16巷13號,25000000,,202610,88/03/02,有限公司,494099,其他汽車貨運,02-22886367
35192314,承展物流股份有限公司,汽車貨運業,新北市新莊區復興路1段97之2號,25000000,25000000,202610,60/01/01,股份有限公司,494099,其他汽車貨運,
68118701,承豐運交通運輸有限公司,汽車貨運業,新北市五股區四維路135巷1號10樓,25000000,,202610,106/11/08,有限公司,494099,其他汽車貨運,
91085148,旺達吉祥冷鏈物流有限公司,汽車貨運業,新北市蘆洲區永安北路1段72巷30號,25000000,,202610,110/07/28,有限公司,494099,其他汽車貨運,
85018537,旺達物流有限公司,汽車貨運業,新北市蘆洲區永安北路1段72巷28號,25000000,,202610,108/09/25,有限公司,494099,其他汽車貨運,
34668256,昆隆汽車貨運有限公司,汽車貨運業,新北市樹林區保安街2段189巷5之1號2樓,25000000,,202610,74/01/24,有限公司,494099,其他汽車貨運,
83512920,昇翔物流有限公司,汽車貨運業,臺北市中山區南京東路2段90號4樓,25000000,,202610,109/02/25,有限公司,494099,其他汽車貨運,
16857156,明安交通有限公司,汽車貨運業,新北市新莊區民安西路56巷2號3樓,25000000,,202610,88/02/08,有限公司,494099,其他汽車貨運,
54700515,易昇交通有限公司,汽車貨運業,新北市林口區忠福路137之1號2樓,25000000,,202610,103/02/26,有限公司,494099,其他汽車貨運,02-26936377
52823385,易得汽車股份有限公司,汽車貨運業,臺北市中正區博愛路222號5樓,25000000,25000000,202610,106/07/14,股份有限公司,494099,其他汽車貨運,
89496996,易達通運有限公司,汽車貨運業,臺北市中山區松江路25巷1之3號1樓,25000000,,202610,91/01/10,有限公司,494099,其他汽車貨運,
97084119,昕航企業有限公司,汽車貨運業,新北市汐止區南陽街90巷15號,25000000,,202610,85/06/13,有限公司,494099,其他汽車貨運,
96964360,東展交通股份有限公司,汽車貨運業,臺北市松山區八德路3段247號3樓,25000000,25000000,202610,85/05/14,股份有限公司,494099,其他汽車貨運,
89777118,東盛通運股份有限公司,汽車貨運業,新北市三峽區和平街36巷13號(1樓),25000000,25000000,202610,84/11/21,股份有限公司,494099,其他汽車貨運,
16718985,松佳交通有限公司,汽車貨運業,新北市汐止區明峰街298巷3弄4號,25000000,,202610,88/08/11,有限公司,494099,其他汽車貨運,02-89782298#22
38424176,欣田交通有限公司,汽車貨運業,新北市新店區中興路1段268巷1號1樓,25000000,,202610,72/04/18,有限公司,494099,其他汽車貨運,
54666523,欣榮運物流有限公司,汽車貨運業,臺北市大安區文昌街278巷32號4樓,25000000,,202610,103/01/15,有限公司,494099,其他汽車貨運,
16656117,欣樂通運有限公司,汽車貨運業,新北市中和區圓通路369巷173弄9號3樓,25000000,,202610,87/09/22,有限公司,494099,其他汽車貨運,
66612157,泓珊通運有限公司,汽車貨運業,新北市土城區中央路3段76巷1號,25000000,,202610,106/06/09,有限公司,494099,其他汽車貨運,
96872616,泓德物流股份有限公司,汽車貨運業,新北市新莊區雙鳳路102號11樓,25000000,25000000,202610,89/05/26,股份有限公司,494099,其他汽車貨運,
27443437,泳定倉儲物流有限公司,汽車貨運業,新北市林口區竹林路336號(1樓),25000000,,202610,93/09/21,有限公司,494099,其他汽車貨運,
83412696,玥鳴工程有限公司,汽車貨運業,新北市板橋區三民路1段138巷16號5樓,25000000,,202610,109/12/17,有限公司,494099,其他汽車貨運,
16539012,育達通運有限公司,汽車貨運業,新北市中和區景新街467巷20弄112-1號,25000000,,202610,87/07/13,有限公司,494099,其他汽車貨運,
16865676,金和通運有限公司,汽車貨運業,臺北市文山區忠順街2段25號2樓,25000000,,202610,88/03/11,有限公司,494099,其他汽車貨運,
90035563,金泰盛物流有限公司,汽車貨運業,新北市林口區文化二路2段46號(2樓),25000000,,202610,111/10/20,有限公司,494011,汽車貨櫃貨運,
83075505,金富盛通運有限公司,汽車貨運業,新北市三重區仁義街143巷34號,25000000,,202610,109/09/02,有限公司,494099,其他汽車貨運,
70373039,長快物流有限公司,汽車貨運業,臺北市中正區辛亥路1段33號2樓,25000000,,202610,88/06/21,有限公司,494099,其他汽車貨運,
16313020,長怡交通有限公司,汽車貨運業,臺北市大安區延吉街156號5樓之1,25000000,,202610,87/03/20,有限公司,494099,其他汽車貨運,
27765268,長紅交通企業有限公司,汽車貨運業,臺北市士林區通河東街2段10巷8號1樓,25000000,,202610,94/12/19,有限公司,494099,其他汽車貨運,
53071480,長開交通有限公司,汽車貨運業,新北市新店區安泰路60巷55弄69號,25000000,,202610,99/07/13,有限公司,431019,預拌混凝土工程,
96768276,長開有限公司,汽車貨運業,新北市新店區安泰路60巷55弄69號,25000000,,202610,113/07/08,有限公司,494099,其他汽車貨運,
99995520,長馳交通有限公司,汽車貨運業,新北市新店區安泰路60巷55弄69號,25000000,,202610,113/07/01,有限公司,494099,其他汽車貨運,
89510343,長馳通運有限公司,汽車貨運業,新北市新店區安泰路60巷55弄69號,25000000,,202610,84/08/21,有限公司,494099,其他汽車貨運,
86700592,信州通運有限公司,汽車貨運業,新北市三重區環河南路107號5樓,25000000,,202610,81/05/06,有限公司,494099,其他汽車貨運,
16565566,信富晟運輸企業有限公司,汽車貨運業,新北市三峽區添福25之1號,25000000,,202610,87/08/04,有限公司,494099,其他汽車貨運,
20777726,咪咪國際股份有限公司,小客車租賃業,臺北市中山區民族東路2號6樓,25000000,25000000,202610,67/02/01,股份有限公司,493911,附駕駛之小客車租賃,02-25997667
80454475,品雅有限公司,汽車貨運業,新北市中和區秀朗路3段128巷17弄18之1號,25000000,,202610,92/08/21,有限公司,434011,室內裝潢工程,
29179476,威峻貨運有限公司,汽車貨運業,新北市樹林區俊英街111巷1之12號1樓,25000000,,202610,99/08/31,有限公司,494099,其他汽車貨運,
90446691,威順貨運股份有限公司,汽車貨運業,新北市新店區安興路117號2樓之3,25000000,25000000,202610,110/11/09,股份有限公司,494099,其他汽車貨運,
50851048,威廣騰物流有限公司,汽車貨運業,新北市板橋區大觀路1段38巷156弄4號,25000000,,202610,107/09/17,有限公司,494099,其他汽車貨運,
96760345,建盛交通有限公司,汽車貨運業,新北市林口區文化二路2段60號(2樓),25000000,,202610,113/05/24,有限公司,494099,其他汽車貨運,
16366519,建統交通有限公司,汽車貨運業,新北市永和區永平路318號5樓,25000000,,202610,87/02/26,有限公司,494099,其他汽車貨運,
83612625,建瑋交通有限公司,汽車貨運業,新北市八里區埤頭一街128號,25000000,,202610,109/04/23,有限公司,494099,其他汽車貨運,
97383340,建盟大有限公司,汽車貨運業,新北市永和區保安路252巷4號4樓,25000000,,202610,86/03/18,有限公司,461211,水泥及水泥製品批發,
62120780,星曜運輸股份有限公司,汽車貨運業,新北市林口區中華一路93號3樓,25000000,25000000,202610,115/05/21,股份有限公司,494099,其他汽車貨運,
57612607,昱進通運股份有限公司,汽車貨運業,臺北市內湖區新富街158號14樓,25000000,25000000,202610,106/09/14,股份有限公司,494099,其他汽車貨運,
16389323,昶億汽車貨運有限公司,汽車貨運業,新北市林口區南勢三街37號3樓,25000000,,202610,87/02/26,有限公司,494012,搬家運送服務,
42698486,昶億開發實業有限公司,汽車貨運業,新北市板橋區三民路1段100號,25000000,,202610,104/12/17,有限公司,494099,其他汽車貨運,
97331385,洪立物流有限公司,汽車貨運業,新北市五股區芳洲八路80號15樓,25000000,,202610,86/01/10,有限公司,494099,其他汽車貨運,
52908200,皇冠賓力國際有限公司,小客車租賃業,臺北市中山區南京東路2段20號9樓之2,25000000,,202610,106/08/18,有限公司,493911,附駕駛之小客車租賃,
89698727,盈旺交通有限公司,汽車貨運業,新北市三峽區橫溪路112號1樓,25000000,,202610,84/09/16,有限公司,494099,其他汽車貨運,
28101970,省通貨運有限公司,汽車貨運業,新北市五股區五福路125號2樓,25000000,,202610,95/03/01,有限公司,494099,其他汽車貨運,
97202848,禹威物流股份有限公司,汽車貨運業,新北市汐止區新台五路1段95號27樓,25000000,25000000,202610,85/08/31,股份有限公司,494099,其他汽車貨運,
53689288,美綠活行銷物流有限公司,汽車貨運業,新北市新店區安興路5號地下二層之25,25000000,,202610,101/03/08,有限公司,494099,其他汽車貨運,
94069277,原利交通有限公司,汽車貨運業,新北市林口區忠孝路533號,25000000,,202610,112/05/22,有限公司,524999,未分類其他陸上運輸輔助,
34585571,原泓貨運有限公司,汽車貨運業,新北市林口區忠孝路533號,25000000,,202610,73/01/31,有限公司,494099,其他汽車貨運,
34585116,原溢貨運有限公司,汽車貨運業,新北市林口區南勢街250巷68號2樓,25000000,,202610,73/01/25,有限公司,494099,其他汽車貨運,
16681798,家福國際通運有限公司,汽車貨運業,新北市林口區文化二路2段189號5樓,25000000,,202610,87/10/28,有限公司,494099,其他汽車貨運,02-28114827
70688930,峻聯交通有限公司,汽車貨運業,新北市瑞芳區大埔路東泰新村24號(1樓),25000000,,202610,,,,,
16519923,晉洋通運有限公司,汽車貨運業,新北市汐止區保長路17之1號4樓,25000000,,202610,87/06/12,有限公司,494099,其他汽車貨運,
93605671,晏銓物流有限公司,汽車貨運業,新北市板橋區民生路3段279號,25000000,,202610,113/03/08,有限公司,494099,其他汽車貨運,
95497374,泰易通運有限公司,汽車貨運業,新北市林口區中山路285號7樓之3,25000000,,202610,113/05/17,有限公司,494099,其他汽車貨運,
82959107,浤盛交通運輸有限公司,汽車貨運業,新北市樹林區保安二街59號4樓,25000000,,202610,108/08/06,有限公司,494099,其他汽車貨運,
90214849,浩榮物流有限公司,汽車貨運業,新北市新莊區富貴路166號13樓,25000000,,202610,111/03/07,有限公司,494099,其他汽車貨運,
61784692,益運貨運有限公司,汽車貨運業,新北市新莊區民安西路95之2號6樓,25000000,,202610,106/05/26,有限公司,494099,其他汽車貨運,
16225693,真勇順貨運有限公司,汽車貨運業,新北市新莊區裕民街96號5樓,25000000,,202610,86/09/23,有限公司,494099,其他汽車貨運,
70646284,祝旺通運有限公司,汽車貨運業,新北市三峽區橫溪路112號1樓,25000000,,202610,88/10/21,有限公司,494099,其他汽車貨運,
85030119,神行交通有限公司,汽車貨運業,臺北市內湖區舊宗路2段121巷30號1樓,25000000,,202610,108/10/15,有限公司,494099,其他汽車貨運,
54654575,神行快遞股份有限公司,汽車貨運業,臺北市內湖區舊宗路2段121巷28號1樓,25000000,25000000,202610,102/12/04,股份有限公司,530100,普通倉儲經營,
86319906,神行欣業股份有限公司,汽車貨運業,臺北市內湖區舊宗路2段121巷30號1樓,25000000,25000000,202610,80/12/20,股份有限公司,523112,陸上行李包裹託運,
83626509,神行物流有限公司,汽車貨運業,臺北市內湖區舊宗路2段121巷30號1樓,25000000,,202610,109/05/20,有限公司,494099,其他汽車貨運,
54154163,神行貨運有限公司,汽車貨運業,臺北市內湖區舊宗路2段121巷28號1樓,25000000,,202610,102/01/09,有限公司,494099,其他汽車貨運,
90188321,神行通運有限公司,汽車貨運業,臺北市內湖區舊宗路2段121巷30號1樓,25000000,,202610,111/05/24,有限公司,494099,其他汽車貨運,
16946806,紘威物流有限公司,汽車貨運業,新北市新莊區和興街35之7號3樓,25000000,,202610,88/06/25,有限公司,494099,其他汽車貨運,
96672188,能者物流股份有限公司,汽車貨運業,新北市汐止區福德一路36號2樓,25000000,25000000,202610,113/05/22,股份有限公司,494099,其他汽車貨運,
24398487,航通興業有限公司,汽車貨運業,新北市永和區中和路595號5樓之2,25000000,,202610,98/04/30,有限公司,529099,未分類其他運輸輔助,
94252210,軒泓物流股份有限公司,汽車貨運業,新北市汐止區新台五路1段95號27樓,25000000,25000000,202610,112/09/06,股份有限公司,494099,其他汽車貨運,
24783735,郡航通運有限公司,汽車貨運業,新北市汐止區茄福街8號2樓,25000000,,202610,104/01/05,有限公司,494099,其他汽車貨運,
16580383,商友交通有限公司,汽車貨運業,新北市中和區莊敬路49巷15弄2之2號,25000000,,202610,87/10/01,有限公司,494099,其他汽車貨運,
85064237,商榮龍運股份有限公司,汽車貨運業,新北市新莊區中央路578號5樓,25000000,25000000,202610,108/09/20,股份有限公司,434011,室內裝潢工程,02-85220220
89305309,國昌貨運股份有限公司,汽車貨運業,臺北市松山區南京東路5段336號7樓之4,25000000,25000000,202610,91/11/27,股份有限公司,465311,汽車零件、汽車百貨批發,
89586568,國英貨運有限公司,汽車貨運業,臺北市松山區南京東路5段336號7樓之4,25000000,,202610,85/12/20,有限公司,465311,汽車零件、汽車百貨批發,
16877483,國家通運有限公司,汽車貨運業,新北市三芝區民生街二六號一樓,25000000,,202610,88/09/08,有限公司,494099,其他汽車貨運,
70441917,國發交通有限公司,汽車貨運業,臺北市內湖區文德路210巷8號7樓之4,25000000,,202610,89/03/01,有限公司,772911,機車出租,
28819447,國陽物流有限公司,汽車貨運業,新北市新店區北新路2段262號3樓之3,25000000,,202610,96/11/07,有限公司,494099,其他汽車貨運,02-29151232
84254766,國順貨運股份有限公司,汽車貨運業,臺北市松山區南京東路5段336號7樓之4,25000000,25000000,202610,89/04/12,股份有限公司,494099,其他汽車貨運,
70353152,國鉅運輸有限公司,汽車貨運業,新北市新店區忠孝里復興路92巷6號(1樓),25000000,,202610,88/04/23,有限公司,494099,其他汽車貨運,
60746703,婕米國際物流有限公司,汽車貨運業,臺北市內湖區舊宗路2段181巷6號4樓,25000000,,202610,114/04/02,有限公司,494099,其他汽車貨運,
16989993,得利通交通有限公司,汽車貨運業,新北市林口區文林一街115巷7之2號5樓,25000000,,202610,88/08/24,有限公司,494099,其他汽車貨運,
82813954,得勝運通股份有限公司,汽車貨運業,臺北市松山區南京東路5段356號3樓之1,25000000,25000000,202610,108/03/21,股份有限公司,494099,其他汽車貨運,
90306517,得運物流通運有限公司,汽車貨運業,新北市林口區竹林路1之8號(1樓),25000000,,202610,111/06/09,有限公司,494099,其他汽車貨運,
85036161,捷必達股份有限公司,汽車貨運業,新北市新莊區新北大道4段187號4樓之1,25000000,25000000,202610,108/10/25,股份有限公司,494099,其他汽車貨運,
55856970,捷安租賃股份有限公司,小客車租賃業,臺北市大同區環河北路2段205巷17號,25000000,25000000,202610,107/02/07,股份有限公司,493911,附駕駛之小客車租賃,
34171679,捷登交通有限公司,汽車貨運業,新北市土城區青雲路13號1樓,25000000,,202610,69/01/01,有限公司,494099,其他汽車貨運,
16528161,祥昇貨運有限公司,汽車貨運業,新北市林口區文化北路1段420號,25000000,,202610,87/08/14,有限公司,494099,其他汽車貨運,
93592872,祥峰貨運股份有限公司,汽車貨運業,新北市板橋區漢生東路113巷15號(1樓),25000000,25000000,202610,113/01/31,股份有限公司,494099,其他汽車貨運,
12769224,祥通順交通有限公司,汽車貨運業,新北市鶯歌區光照街9巷1號,25000000,,202610,90/04/04,有限公司,494099,其他汽車貨運,
27832061,莫比國際通運有限公司,汽車貨運業,臺北市中山區松江路17號6樓,25000000,,202610,94/07/04,有限公司,530100,普通倉儲經營,
93763951,袋鼠國際租賃股份有限公司,小客車租賃業,新北市永和區自強街42號,25000000,25000000,202610,112/07/06,股份有限公司,772100,汽車租賃,
85037507,貨多多股份有限公司,汽車貨運業,新北市三重區光復路1段83巷16號(1樓),25000000,25000000,202610,87/02/12,股份有限公司,494099,其他汽車貨運,
16031325,通道貨運有限公司,汽車貨運業,新北市新莊區中誠街165-2號,25000000,,202610,86/07/04,有限公司,494099,其他汽車貨運,
70594146,速必遞物流有限公司,汽車貨運業,新北市新莊區新泰路227號3樓之1,25000000,,202610,89/07/07,有限公司,530100,普通倉儲經營,02-29975372
16344662,釤多貨運有限公司,汽車貨運業,新北市樹林區三福街三六巷二○之三號,25000000,,202610,86/12/29,有限公司,494099,其他汽車貨運,
16022439,陸欣交通貨運有限公司,汽車貨運業,新北市汐止區新興路52號1樓,25000000,,202610,86/06/02,有限公司,494099,其他汽車貨運,
16666662,陸盛運輸有限公司,汽車貨運業,新北市林口區東湖路117巷42號(1樓),25000000,,202610,90/12/27,有限公司,494099,其他汽車貨運,
89884898,鹿友交通有限公司,汽車貨運業,新北市土城區中央路2段278巷5弄5號,25000000,,202610,83/12/28,有限公司,494099,其他汽車貨運,
98645841,鹿友通運有限公司,汽車貨運業,新北市土城區中央路2段278巷5弄5號,25000000,,202610,113/05/02,有限公司,494099,其他汽車貨運,
84634529,鹿友興業有限公司,汽車貨運業,新北市土城區中央路2段278巷5弄5號,25000000,,202610,83/02/25,有限公司,494099,其他汽車貨運,
82877372,壹家物流股份有限公司,汽車貨運業,臺北市大同區太原路155號13樓之5,25000000,25000000,202610,108/05/22,股份有限公司,494099,其他汽車貨運,
16905045,富勇汽車貨運股份有限公司,汽車貨運業,新北市板橋區中山路2段422之1號1樓,25000000,25000000,202610,88/05/04,股份有限公司,494099,其他汽車貨運,
54841326,富達國際物流有限公司,汽車貨運業,新北市汐止區茄苳路239巷2號,25000000,,202610,104/05/19,有限公司,494099,其他汽車貨運,
50840937,富豐物流有限公司,汽車貨運業,新北市泰山區明志路2段232巷8號2樓,25000000,,202610,107/08/02,有限公司,530100,普通倉儲經營,
42627125,揪速配行動科技股份有限公司,小客車租賃業,臺北市大安區忠孝東路4段270號8樓,25000000,25000000,202610,104/08/05,股份有限公司,820914,包裝承攬服務,
53221713,斯邁國際通運有限公司,汽車貨運業,新北市新莊區富貴路492號6樓,25000000,,202610,100/04/11,有限公司,494099,其他汽車貨運,
90041930,普普物流有限公司,汽車貨運業,新北市中和區員山路82巷10弄1號3樓,25000000,,202610,111/09/02,有限公司,494099,其他汽車貨運,
60425815,晴盛交通有限公司,汽車貨運業,新北市新莊區民樂街2巷1號3樓,25000000,,202610,114/10/28,有限公司,494099,其他汽車貨運,
60603584,皓盛交通有限公司,汽車貨運業,新北市新莊區民樂街2巷1號3樓,25000000,,202610,114/06/06,有限公司,494099,其他汽車貨運,
89599732,翔賀貨運有限公司,汽車貨運業,臺北市萬華區莒光路153巷23號1樓,25000000,,202610,84/11/01,有限公司,494099,其他汽車貨運,
97484945,翔億貨運有限公司,汽車貨運業,新北市板橋區金門街352號2樓,25000000,,202610,86/05/10,有限公司,494099,其他汽車貨運,
69441707,舜富交通運輸有限公司,汽車貨運業,臺北市南港區興中路44巷6號1樓,25000000,,202610,107/04/23,有限公司,494012,搬家運送服務,
90002839,華王搬家貨運有限公司,汽車貨運業,新北市永和區中和路305巷2弄2號,25000000,,202610,111/12/07,有限公司,494012,搬家運送服務,
03188020,華信通運有限公司,遊覽車客運業,新北市中和區中山路3段39號7樓之8,25000000,,202610,85/06/07,有限公司,493912,遊覽車客運,
90577617,華祥貨運股份有限公司,汽車貨運業,新北市新店區中央路232號3樓,25000000,25000000,202610,111/01/12,股份有限公司,494012,搬家運送服務,
69753172,華誠物流股份有限公司,汽車貨運業,新北市八里區龍形一街12巷12號4樓,25000000,25000000,202610,107/01/19,股份有限公司,494099,其他汽車貨運,
54019462,詠紳貨運有限公司,汽車貨運業,新北市中和區民利街86號,25000000,,202610,101/11/02,有限公司,494099,其他汽車貨運,
34234745,賀勝交通有限公司,汽車貨運業,新北市板橋區環河西路4段1763號,25000000,,202610,67/10/26,有限公司,494099,其他汽車貨運,
24889202,超級贊通運有限公司,汽車貨運業,新北市新莊區民安路299巷55弄18號,25000000,,202610,104/04/24,有限公司,494099,其他汽車貨運,
82983872,超霸國際物流有限公司,汽車貨運業,新北市新莊區民安路299巷55弄18號,25000000,,202610,112/03/08,有限公司,494099,其他汽車貨運,
12926977,鈦勵有限公司,汽車貨運業,新北市板橋區合宜一路53號8樓,25000000,,202610,90/11/19,有限公司,494099,其他汽車貨運,
24949742,開發物流國際有限公司,汽車貨運業,臺北市松山區寶清街31號,25000000,,202610,104/03/26,有限公司,494099,其他汽車貨運,
98648707,順心物流有限公司,汽車貨運業,臺北市中正區懷寧街12號2樓,25000000,,202610,114/01/22,有限公司,494099,其他汽車貨運,
60719614,順濠物流有限公司,汽車貨運業,臺北市大安區敦化南路1段205號2樓之8,25000000,,202610,114/04/24,有限公司,494099,其他汽車貨運,
50846833,勤祥物流有限公司,汽車貨運業,新北市八里區龍形一街12巷12號4樓,25000000,,202610,107/08/24,有限公司,494099,其他汽車貨運,
70487032,勤業物流有限公司,汽車貨運業,新北市八里區下罟子54之20號1樓,25000000,,202610,89/04/15,有限公司,494099,其他汽車貨運,02-26193358
16865888,匯通汽車事業有限公司,汽車貨運業,新北市三峽區和平街36巷13號(1樓),25000000,,202610,88/03/19,有限公司,494099,其他汽車貨運,
62215977,匯鑫交通股份有限公司,汽車貨運業,臺北市中正區重慶南路3段17號7樓,25000000,25000000,202610,115/04/01,股份有限公司,494099,其他汽車貨運,
90207967,新北貨運有限公司,汽車貨運業,新北市五股區芳洲八路80號15樓,25000000,,202610,111/03/30,有限公司,494099,其他汽車貨運,
60562042,新向交通有限公司,汽車貨運業,新北市五股區芳洲九路32號(1樓),25000000,,202610,114/08/18,有限公司,494099,其他汽車貨運,
42991427,新宇物流有限公司,汽車貨運業,新北市八里區龍形一街12巷12號4樓,25000000,,202610,107/02/22,有限公司,494099,其他汽車貨運,
16773403,新星運輸股份有限公司,汽車貨運業,新北市新莊區新泰路227號3樓,25000000,25000000,202610,87/12/29,股份有限公司,494099,其他汽車貨運,0955395258
93621829,新將通運有限公司,汽車貨運業,新北市五股區中興路3段1之12號,25000000,,202610,113/01/18,有限公司,494099,其他汽車貨運,
00124907,新運物流貨運有限公司,汽車貨運業,新北市中和區立德街200巷50號,25000000,,202610,113/09/04,有限公司,494099,其他汽車貨運,
54325770,新達貨運有限公司,汽車貨運業,新北市土城區金城路3段182號11樓,25000000,,202610,102/05/29,有限公司,494099,其他汽車貨運,
80005822,楓江通運有限公司,汽車貨運業,新北市泰山區明志路1段110號9樓之3,25000000,,202610,92/03/12,有限公司,494099,其他汽車貨運,
93667535,滙仕物流有限公司,汽車貨運業,新北市林口區竹林路336號(1樓),25000000,,202610,113/03/04,有限公司,494099,其他汽車貨運,
90229717,煒盛通運有限公司,汽車貨運業,新北市板橋區三民路1段138巷16號5樓,25000000,,202610,111/04/14,有限公司,494099,其他汽車貨運,
62199569,瑞達通運有限公司,汽車貨運業,新北市新莊區中正路614巷6弄11號(1樓),25000000,,202610,115/05/07,有限公司,494099,其他汽車貨運,
16542065,萬家旺汽車貨運有限公司,汽車貨運業,新北市樹林區中山路3段71號,25000000,,202610,87/07/18,有限公司,494099,其他汽車貨運,
53288116,萬家達汽車貨運有限公司,汽車貨運業,新北市樹林區中山路3段71號(1樓),25000000,,202610,100/01/06,有限公司,494099,其他汽車貨運,
84553390,萬通貨運股份有限公司,汽車貨運業,新北市泰山區明志路3段123巷1弄4號3樓,25000000,25000000,202610,82/11/02,股份有限公司,494099,其他汽車貨運,
62108884,萬鈞交通有限公司,汽車貨運業,新北市八里區文昌七街173號,25000000,,202610,115/07/22,有限公司,494099,其他汽車貨運,
16851961,群邦物流股份有限公司,汽車貨運業,臺北市士林區承德路4段360號1樓,25000000,25000000,202610,,,,,02-28482236#203
70466297,義隆交通有限公司,汽車貨運業,臺北市松山區南京東路5段336號7樓之4,25000000,,202610,88/12/30,有限公司,465311,汽車零件、汽車百貨批發,
93378774,義豐貨運有限公司,汽車貨運業,新北市淡水區沙崙路26號12樓之1,25000000,,202610,112/04/20,有限公司,494099,其他汽車貨運,
16908401,裕順交通有限公司,汽車貨運業,新北市金山區中山路264號,25000000,,202610,88/05/04,有限公司,494099,其他汽車貨運,
16888046,詹姆士通運有限公司,汽車貨運業,新北市五股區芳洲二路69號,25000000,,202610,88/04/15,有限公司,494099,其他汽車貨運,
53468497,運昇貨運有限公司,汽車貨運業,新北市樹林區保安街2段201號,25000000,,202610,101/01/05,有限公司,494099,其他汽車貨運,
16626607,運捷貨運股份有限公司,汽車貨運業,臺北市內湖區瑞光路26巷20弄25號1樓,25000000,25000000,202610,87/09/28,股份有限公司,494099,其他汽車貨運,
22515684,運智國際租賃有限公司,小客車租賃業,新北市三重區新生街42號(1樓),25000000,,202610,76/06/26,有限公司,465311,汽車零件、汽車百貨批發,
54272942,運達流通有限公司,汽車貨運業,新北市林口區民權路200號5樓,25000000,,202610,102/05/28,有限公司,494099,其他汽車貨運,
90573470,達盛興交通有限公司,汽車貨運業,新北市樹林區中華路213號12樓,25000000,,202610,111/02/22,有限公司,494099,其他汽車貨運,
89185613,達富運輸有限公司,汽車貨運業,臺北市內湖區內湖路3段329巷2弄3號4樓,25000000,,202610,111/12/12,有限公司,494099,其他汽車貨運,
83174619,達興通運有限公司,汽車貨運業,新北市樹林區中華路213號12樓,25000000,,202610,109/08/04,有限公司,429099,未分類其他土木工程,
42718595,雷鯊物流有限公司,汽車貨運業,新北市中和區員山路82巷10弄1號3樓,25000000,,202610,105/08/08,有限公司,494011,汽車貨櫃貨運,
16860883,鼎紘交通有限公司,汽車貨運業,新北市汐止區水源路2段72巷71弄28號1樓,25000000,,202610,88/03/01,有限公司,494099,其他汽車貨運,
28391513,鼎航貨運股份有限公司,汽車貨運業,新北市八里區舊城路21號4樓,25000000,25000000,202610,95/09/05,股份有限公司,494099,其他汽車貨運,
96906307,嘉隆通運有限公司,汽車貨運業,新北市八里區頂寮一街48號1樓,25000000,,202610,85/04/18,有限公司,494099,其他汽車貨運,
83741727,嘉順國際貨運有限公司,汽車貨運業,新北市汐止區福德一路36號2樓,25000000,,202610,109/05/29,有限公司,530100,普通倉儲經營,
24463418,嘉德租賃有限公司,小客車租賃業,臺北市松山區南京東路5段40號19樓之5,25000000,,202610,98/09/15,有限公司,484111,全新汽車零售,
42730486,徳盛通運有限公司,汽車貨運業,新北市汐止區汐萬路3段199巷62弄12號,25000000,,202610,,,,,
90187717,榮發物流有限公司,汽車貨運業,臺北市信義區基隆路1段159號17樓,25000000,,202610,111/05/23,有限公司,494099,其他汽車貨運,
90536932,榮躍物流股份有限公司,汽車貨運業,臺北市松山區南京東路4段164號3樓之2,25000000,25000000,202610,110/11/17,股份有限公司,494099,其他汽車貨運,02-27128806
96571436,榮鑫通運有限公司,汽車貨運業,新北市蘆洲區長安街49巷4弄1號,25000000,,202610,113/05/13,有限公司,494099,其他汽車貨運,
16380435,滴滴快運有限公司,汽車貨運業,新北市板橋區民生路3段250號9樓之1,25000000,,202610,,,,,
12716584,福元通運有限公司,汽車貨運業,新北市林口區民族路216巷1號6樓,25000000,,202610,89/12/20,有限公司,494099,其他汽車貨運,
94085874,福星高股份有限公司,汽車貨運業,臺北市松山區敦化北路207號10樓之1,25000000,25000000,202610,112/07/06,股份有限公司,494099,其他汽車貨運,
97031654,福豐國際物流有限公司,汽車貨運業,新北市林口區林口路124巷11弄4號4樓,25000000,,202610,85/06/14,有限公司,494099,其他汽車貨運,
96648646,福豐環球貨運有限公司,汽車貨運業,新北市林口區林口路124巷11弄4號4樓,25000000,,202610,114/02/27,有限公司,494012,搬家運送服務,
25111101,福騏通運有限公司,汽車貨運業,新北市新莊區中誠街165之2號,25000000,,202610,99/03/17,有限公司,494099,其他汽車貨運,
52785729,銨達貨運有限公司,汽車貨運業,臺北市萬華區東園街182之2號,25000000,,202610,106/06/22,有限公司,494099,其他汽車貨運,
16579647,億欣通運有限公司,汽車貨運業,新北市新莊區天祥路121巷36號1樓,25000000,,202610,87/08/25,有限公司,494099,其他汽車貨運,
60331943,億陞順運輸有限公司,汽車貨運業,臺北市大同區延平北路二段202號10樓之3,25000000,,202610,115/03/17,有限公司,494099,其他汽車貨運,
54030993,億高貨運有限公司,汽車貨運業,新北市三重區仁化街31巷31號4樓,25000000,,202610,101/12/28,有限公司,494099,其他汽車貨運,
16565469,廣益物流有限公司,汽車貨運業,新北市林口區忠孝路546號,25000000,,202610,87/09/04,有限公司,494099,其他汽車貨運,
93491641,德盛通運有限公司,汽車貨運業,新北市汐止區汐萬路3段199巷62弄12號,25000000,,202610,107/06/15,有限公司,494099,其他汽車貨運,
85008263,德溙通運有限公司,汽車貨運業,臺北市中正區重慶南路3段87之1號,25000000,,202610,108/11/25,有限公司,494011,汽車貨櫃貨運,
93367170,德澐交通有限公司,汽車貨運業,臺北市中正區重慶南路3段87之1號,25000000,,202610,112/04/17,有限公司,494011,汽車貨櫃貨運,
92600537,橙易電器安裝物流有限公司,汽車貨運業,新北市新莊區中正路706之42號,25000000,,202610,112/05/02,有限公司,494012,搬家運送服務,
16901104,優良國際物流有限公司,汽車貨運業,臺北市北投區公舘路213號,25000000,,202610,88/05/01,有限公司,494011,汽車貨櫃貨運,
43785699,優美國際租賃有限公司,小客車租賃業,臺北市北投區公館路213號,25000000,,202610,105/05/03,有限公司,772100,汽車租賃,
83076928,優食台灣股份有限公司,汽車貨運業,新北市林口區文化二路1段390號7樓,25000000,25000000,202610,109/09/08,股份有限公司,631299,其他資料處理、主機及網站代管服務,02-87738683
91111080,優食好物台灣股份有限公司,汽車貨運業,臺北市信義區基隆路1段206號20樓,25000000,25000000,202610,110/07/28,股份有限公司,487114,經營網路購物（食品、飲料類商品）,02-87738683
60462402,營舜物流有限公司,汽車貨運業,臺北市中山區中山北路3段30號3樓,25000000,,202610,114/10/29,有限公司,494099,其他汽車貨運,
54161663,環球滙宇國際物流股份有限公司,汽車貨運業,臺北市大安區敦化南路2段5號11樓之1,25000000,25000000,202610,102/01/31,股份有限公司,494099,其他汽車貨運,02-24322793 221
97451873,聯安交通股份有限公司,汽車貨運業,臺北市士林區德行東路266巷8號2樓,25000000,25000000,202610,86/05/14,股份有限公司,494099,其他汽車貨運,
46466281,聯鴻物流有限公司,汽車貨運業,新北市蘆洲區長安街193巷41弄2號8樓,25000000,,202610,105/05/20,有限公司,494099,其他汽車貨運,
60708026,薘運館內物流有限公司,汽車貨運業,新北市林口區自強二街67號,25000000,,202610,114/03/26,有限公司,494099,其他汽車貨運,
68670293,薪航通運有限公司,汽車貨運業,新北市新莊區新北大道4段59號14樓,25000000,,202610,106/12/15,有限公司,494099,其他汽車貨運,
91023410,駿耀交通有限公司,汽車貨運業,新北市新莊區新北大道4段171號2樓,25000000,,202610,110/08/10,有限公司,494099,其他汽車貨運,
62083928,鴻欣運輸股份有限公司,汽車貨運業,新北市八里區龍形一街12巷12號4樓,25000000,25000000,202610,105/11/21,股份有限公司,494099,其他汽車貨運,
42704945,騏通物流股份有限公司,汽車貨運業,新北市板橋區民生路1段103號3樓,25000000,25000000,202610,105/01/19,股份有限公司,494099,其他汽車貨運,
90673323,騏通倉儲物流有限公司,汽車貨運業,新北市板橋區民生路1段103號3樓,25000000,,202610,110/12/02,有限公司,494099,其他汽車貨運,
16391192,騏通運輸有限公司,汽車貨運業,新北市板橋區民生路1段103號3樓,25000000,,202610,87/03/10,有限公司,494099,其他汽車貨運,
20966439,颿達有限公司,汽車貨運業,臺北市中山區龍江路397巷51號1樓,25000000,,202610,72/03/23,有限公司,458111,文具批發,
84892413,競盛交通有限公司,汽車貨運業,新北市三重區仁義街143巷34號,25000000,,202610,83/05/13,有限公司,494099,其他汽車貨運,
16759063,馨祥搬家交通有限公司,汽車貨運業,臺北市松山區塔悠路302號1樓,25000000,,202610,87/11/15,有限公司,494099,其他汽車貨運,
69730474,權陞通運有限公司,汽車貨運業,新北市林口區佳林路101巷3號,25000000,,202610,106/11/08,有限公司,494099,其他汽車貨運,
27582768,驊昇物流有限公司,汽車貨運業,新北市八里區龍形一街12巷12號4樓,25000000,,202610,93/12/27,有限公司,494099,其他汽車貨運,
90769798,鑫安順通運股份有限公司,汽車貨運業,新北市三峽區國光街107號(1樓),25000000,25000000,202610,110/02/20,股份有限公司,494011,汽車貨櫃貨運,
60348521,鑫鼎倉儲物流股份有限公司,汽車貨運業,新北市新莊區中平路270巷10弄15號9樓,25000000,25000000,202610,115/03/05,股份有限公司,494099,其他汽車貨運,
03303422,英倫交通有限公司,遊覽車客運業,臺北市大安區復興南路2段237號9樓之6,24000000,,202610,60/09/01,有限公司,493912,遊覽車客運,
04561545,喬順通運有限公司,遊覽車客運業,新北市汐止區大同路1段336號2樓,24000000,,202610,64/03/01,有限公司,493912,遊覽車客運,
93591590,安昕租賃有限公司,小客車租賃業,臺北市松山區光復南路32巷16弄4號1樓,23900000,,202610,113/01/29,有限公司,772100,汽車租賃,
33760451,國瑞貨運有限公司,汽車貨運業,臺北市松山區南京東路5段336號7樓之4,22000000,,202610,64/06/01,有限公司,494099,其他汽車貨運,
54165112,棋勝租車股份有限公司,小客車租賃業,臺北市中山區民族東路65號,22000000,22000000,202610,102/02/18,股份有限公司,772100,汽車租賃,
60226241,寬和通運有限公司,汽車貨運業,新北市林口區公園路225號7樓之1,22000000,,202610,67/04/19,有限公司,494099,其他汽車貨運,
63911202,聯進遊覽汽車股份有限公司,遊覽車客運業,新北市板橋區民生路3段132號4樓,22000000,22000000,202610,64/03/25,股份有限公司,493912,遊覽車客運,
24733644,小資租車有限公司,小客車租賃業,新北市三峽區復興路357號,21000000,,202610,104/03/20,有限公司,464999,未分類其他機械器具批發,0953988865
20849947,宏林通運企業股份有限公司,汽車貨運業,臺北市松山區南京東路5段66巷3弄23號,21000000,21000000,202610,69/04/01,股份有限公司,494099,其他汽車貨運,
00385504,鈺銓觀光汽車股份有限公司,遊覽車客運業,臺北市中山區長春路172號8樓之11,21000000,21000000,202610,54/12/01,股份有限公司,493912,遊覽車客運,
34253643,遠利通運有限公司,汽車貨運業,新北市蘆洲區光榮路61巷30號12樓,21000000,,202610,68/03/01,有限公司,494099,其他汽車貨運,
82783939,皇翔汽車股份有限公司,小客車租賃業,臺北市中山區民權東路3段33號3樓,20590600,20590600,202610,107/11/01,股份有限公司,772100,汽車租賃,
90145180,駿翔租賃有限公司,小客車租賃業,新北市新莊區中德路18號14樓,20200000,,202610,111/05/17,有限公司,681111,自有不動產買賣,
42716196,大立亨租賃有限公司,小客車租賃業,新北市新店區北新路3段40號(1樓),20000000,,202610,105/03/17,有限公司,493911,附駕駛之小客車租賃,
47017360,大利豐租車有限公司,小客車租賃業,新北市板橋區僑中一街124巷20弄23之3號,20000000,,202610,105/06/07,有限公司,772100,汽車租賃,
89195078,山松租賃有限公司,小客車租賃業,新北市樹林區學林路246號,20000000,,202610,111/12/19,有限公司,773012,運動及娛樂用品租賃,
03058568,今賓交通企業有限公司,遊覽車客運業,臺北市中山區新生北路3段58號8樓之5,20000000,,202610,60/01/01,有限公司,465311,汽車零件、汽車百貨批發,
64868105,日盛汽車貨運股份有限公司,汽車貨運業,新北市新莊區五權一路72號,20000000,20000000,202610,76/06/30,股份有限公司,494099,其他汽車貨運,
34215711,世發交通股份有限公司,汽車貨運業,新北市新莊區五工一路96號2樓,20000000,20000000,202610,67/06/23,股份有限公司,494099,其他汽車貨運,
12795187,台灣一禾國際股份有限公司,小客車租賃業,臺北市內湖區南京東路6段259號9樓,20000000,20000000,202610,90/06/05,股份有限公司,464112,電腦套裝軟體批發,
22595878,巨豐租車股份有限公司,小客車租賃業,新北市板橋區成功路46號(1樓),20000000,20000000,202610,77/03/17,股份有限公司,493911,附駕駛之小客車租賃,
12204633,正穩汽車貨運股份有限公司,汽車貨運業,臺北市中山區吉林路127號1樓,20000000,20000000,202610,67/12/01,股份有限公司,494099,其他汽車貨運,
34209823,永茂物流有限公司,汽車貨運業,新北市土城區金城路3段182號11樓,20000000,,202610,67/05/24,有限公司,494099,其他汽車貨運,
70622213,生活交通有限公司,計程車客運業,臺北市中山區民族東路2號6樓,20000000,,202610,67/12/01,有限公司,493200,計程車客運,
35559706,全球快遞股份有限公司,汽車貨運業,臺北市中山區長安東路2段162號2樓,20000000,20000000,202610,54/09/01,股份有限公司,494099,其他汽車貨運,02-77014700
60548078,同仁立可達交通股份有限公司,小客車租賃業,新北市蘆洲區國道路2段28號,20000000,20000000,202610,114/07/02,股份有限公司,493911,附駕駛之小客車租賃,
66647472,江沅租賃有限公司,小客車租賃業,臺北市松山區八德路4段36巷28號1樓,20000000,,202610,106/07/20,有限公司,493911,附駕駛之小客車租賃,
43835451,快樂腳汽車租賃有限公司,小客車租賃業,臺北市松山區民族東路687號,20000000,,202610,105/05/24,有限公司,493911,附駕駛之小客車租賃,
00171801,邑昇昌搬家貨運有限公司,汽車貨運業,新北市土城區中州路70號13樓,20000000,,202610,113/10/22,有限公司,494099,其他汽車貨運,
31119290,東盟貨運物流有限公司,汽車貨運業,臺北市中山區新生北路1段65之3號,20000000,,202610,79/06/30,有限公司,494099,其他汽車貨運,
31312149,松佑交通有限公司,汽車貨運業,臺北市士林區德行東路266巷8號2樓,20000000,,202610,79/01/01,有限公司,494099,其他汽車貨運,
21244761,松福運輸有限公司,汽車貨運業,臺北市南港區南港路3段50巷10號2樓,20000000,,202610,88/04/01,有限公司,494099,其他汽車貨運,
33759671,金包里交通企業有限公司,汽車貨運業、計程車客運業,新北市金山區仁愛路37之1號1樓,20000000,,202610,66/07/01,有限公司,494099,其他汽車貨運,
20838651,金航交通有限公司,汽車貨運業,新北市新莊區天祥街54巷3弄16號3樓,20000000,,202610,81/01/21,有限公司,494099,其他汽車貨運,
50985715,洪胖投資租賃有限公司,小客車租賃業,新北市新莊區中正路649之3號9樓,20000000,,202610,108/01/28,有限公司,681112,自有不動產租賃,
43722962,皇冠租車有限公司,小客車租賃業,臺北市中山區濱江街297號4樓,20000000,,202610,105/04/28,有限公司,772100,汽車租賃,
34455768,秋煌通運有限公司,汽車貨運業,新北市土城區慶利街28巷2之1號,20000000,,202610,70/07/01,有限公司,494099,其他汽車貨運,
43886768,高駿資產管理有限公司,小客車租賃業,臺北市大安區辛亥路3段157巷10號,20000000,,202610,105/06/13,有限公司,493911,附駕駛之小客車租賃,
07675556,康豪貨運交通有限公司,汽車貨運業,臺北市松山區撫遠街259之1號,20000000,,202610,70/11/23,有限公司,494099,其他汽車貨運,
36274741,陸程通運有限公司,汽車貨運業,新北市林口區東湖路117巷42號(1樓),20000000,,202610,73/09/20,有限公司,494099,其他汽車貨運,
90532197,麻吉車隊股份有限公司,小客車租賃業,臺北市中山區民生東路3段8號11樓,20000000,20000000,202610,110/05/26,股份有限公司,772100,汽車租賃,0906761413
66591081,傑運小客車租賃有限公司,小客車租賃業,新北市板橋區板新路211號(1樓),20000000,,202610,106/05/16,有限公司,493911,附駕駛之小客車租賃,
93521960,喬順小客車租賃股份有限公司,小客車租賃業,臺北市中山區民生東路3段2之1號,20000000,20000000,202610,112/12/19,股份有限公司,465111,全新汽車批發,
33760240,華崗遊覽股份有限公司,遊覽車客運業,新北市中和區民樂路11號5樓,20000000,20000000,202610,96/08/09,股份有限公司,493912,遊覽車客運,
83177524,順大汽車租賃股份有限公司,小客車租賃業,臺北市內湖區民權東路6段180巷6號8樓之3,20000000,10000000,202610,109/08/04,股份有限公司,772100,汽車租賃,
52813767,奧亞汽車租賃股份有限公司,小客車租賃業,臺北市內湖區新湖二路339號6樓,20000000,20000000,202610,106/07/12,股份有限公司,451099,其他商品批發經紀,
52699442,新凱租賃股份有限公司,小客車租賃業,臺北市南港區市民大道7段396號4樓,20000000,20000000,202610,106/05/23,股份有限公司,772100,汽車租賃,
90269219,馳揚租賃股份有限公司,小客車租賃業,臺北市大安區忠孝東路4段169號11樓之4,20000000,20000000,202610,,,,,
66490181,鋐沅汽車通運有限公司,汽車貨運業,新北市新莊區復興路1段127巷8號14樓,20000000,,202610,68/04/13,有限公司,494099,其他汽車貨運,
42990686,優盛國際租賃有限公司,小客車租賃業,臺北市信義區忠孝東路5段701號1樓,20000000,,202610,107/02/12,有限公司,772100,汽車租賃,
82910787,鴻福租賃股份有限公司,小客車租賃業,臺北市大同區南京西路163號2樓之35,20000000,20000000,202610,108/06/28,股份有限公司,772100,汽車租賃,
36021253,燿昌通運有限公司,汽車貨運業,新北市泰山區泰林路二段232號2樓,20000000,,202610,69/08/27,有限公司,494011,汽車貨櫃貨運,
30883107,豐騰租車有限公司,小客車租賃業,臺北市松山區寶清街69號1樓,20000000,,202610,,,,,
36057462,鑫盛交通有限公司,汽車貨運業,新北市新莊區民樂街13號,20000000,,202610,71/01/01,有限公司,494099,其他汽車貨運,
22970439,八方駿逸小客車租賃有限公司,小客車租賃業,新北市新莊區五權一路1號8樓之2,19900000,,202610,77/07/20,有限公司,772100,汽車租賃,0919-199057
81104976,安騎通運股份有限公司,遊覽車客運業,臺北市中山區長春路172號8樓之6,19800000,19800000,202610,66/07/05,股份有限公司,493912,遊覽車客運,
12206787,正隆汽車貨運股份有限公司,汽車貨運業,臺北市中山區吉林路127號1樓,19500000,19500000,202610,68/01/01,股份有限公司,494099,其他汽車貨運,
42729776,好運國際租賃有限公司,小客車租賃業,臺北市中山區渭水路38號2樓,19500000,,202610,107/06/12,有限公司,772100,汽車租賃,
55662025,泰驊遊覽車有限公司,遊覽車客運業,新北市蘆洲區光華路162巷8弄1號(1樓),19200000,,202610,74/03/11,有限公司,493912,遊覽車客運,
54860218,大鴻汽車有限公司,小客車租賃業,新北市板橋區僑中一街124巷20弄23之3號,19000000,,202610,104/08/04,有限公司,772100,汽車租賃,02-29030369
66367788,好朋友小客車租賃有限公司,小客車租賃業,新北市板橋區溪崑一街29號(2樓),18400000,,202610,105/12/09,有限公司,772100,汽車租賃,02-86873456
28825790,摩克動力資訊股份有限公司,小客車租賃業,臺北市大同區昌吉街186號1樓,18120000,18120000,202610,96/12/04,股份有限公司,772100,汽車租賃,
38008100,大豐交通有限公司,計程車客運業,新北市新店區北新路3段40號1樓,18000000,,202610,66/07/01,有限公司,493200,計程車客運,
42778755,中帝國際租賃有限公司,小客車租賃業,新北市永和區永和路2段57號4樓,18000000,,202610,105/03/07,有限公司,772100,汽車租賃,
54055375,友益豐國際有限公司,小客車租賃業,新北市樹林區中正路95號,18000000,,202610,102/04/25,有限公司,772100,汽車租賃,
05197544,世在交通有限公司,汽車貨運業,新北市新莊區五工一路96號2樓,18000000,,202610,72/10/22,有限公司,494099,其他汽車貨運,
07691612,玉坤交通股份有限公司,汽車貨運業,臺北市大安區忠孝東路4段270號12樓,18000000,18000000,202610,71/08/04,股份有限公司,494099,其他汽車貨運,
66538328,亞昕小客車租賃有限公司,小客車租賃業,新北市林口區民族路26號(1樓),18000000,,202610,106/04/05,有限公司,772100,汽車租賃,02-26069958
04648705,亞林交通事業股份有限公司,汽車貨運業,臺北市松山區南京東路5段66巷3弄23號1樓,18000000,18000000,202610,66/01/01,股份有限公司,494099,其他汽車貨運,
86770169,冠益國際租賃有限公司,小客車租賃業,新北市新莊區福壽街99巷11弄4之2號,18000000,,202610,81/12/02,有限公司,772100,汽車租賃,
34501664,昶慶通運有限公司,汽車貨運業,新北市林口區南勢三街37號3樓,18000000,,202610,71/09/06,有限公司,494099,其他汽車貨運,
24535068,超級大租車股份有限公司,小客車租賃業,臺北市中正區重慶南路1段57號9樓之14,18000000,18000000,202610,103/04/10,股份有限公司,772100,汽車租賃,
94187197,隆運國際租賃股份有限公司,小客車租賃業,臺北市大同區延平北路2段202號18樓之3,18000000,18000000,202610,112/10/18,股份有限公司,772100,汽車租賃,
89734842,微笑小客車租賃有限公司,小客車租賃業,新北市板橋區四川路1段23號9樓之1,18000000,,202610,84/11/17,有限公司,772100,汽車租賃,
34245877,萬家澄汽車貨運有限公司,汽車貨運業,新北市樹林區中山路3段71號,18000000,,202610,67/12/27,有限公司,494011,汽車貨櫃貨運,
80496720,翌通科技股份有限公司,小客車租賃業,臺北市信義區忠孝東路5段412號8樓,17500000,17500000,202610,92/11/17,股份有限公司,669199,其他投資顧問,02-29572218
03006817,千山交通股份有限公司,計程車客運業,臺北市北投區公館路211號,17400000,17400000,202610,66/01/01,股份有限公司,493200,計程車客運,
28196223,台灣小花汽車租賃有限公司,小客車租賃業,新北市新莊區中平路260號3樓,17000000,,202610,95/07/03,有限公司,772100,汽車租賃,
24747464,京五租賃有限公司,小客車租賃業,新北市五股區新五路2段253號13樓,17000000,,202610,103/09/17,有限公司,772100,汽車租賃,
05137791,勤大貨運股份有限公司,汽車貨運業,臺北市中正區寶慶路37號7樓,17000000,17000000,202610,72/08/23,股份有限公司,494099,其他汽車貨運,
53567102,鑫鑫小客車租賃有限公司,小客車租賃業,臺北市中山區民族東路446之1號,17000000,,202610,101/01/02,有限公司,772100,汽車租賃,02-2516-4966
16779271,豐業小客車租賃股份有限公司,小客車租賃業,臺北市中山區敬業一路185號7樓之5,16800000,16800000,202610,88/03/05,股份有限公司,772100,汽車租賃,
20819710,台元小客車租賃有限公司,小客車租賃業,臺北市中山區新生北路3段7號3樓之2,16000000,,202610,68/05/01,有限公司,493911,附駕駛之小客車租賃,
43645902,宏昇通運股份有限公司,汽車貨運業,新北市鶯歌區鶯桃路95巷42號(1樓),16000000,16000000,202610,63/08/01,股份有限公司,494099,其他汽車貨運,
82800472,良駿汽車租賃有限公司,小客車租賃業,臺北市大同區民族西路279號,16000000,,202610,108/01/24,有限公司,772100,汽車租賃,
50181006,承豐運交通股份有限公司,汽車貨運業,新北市五股區四維路135巷1號10樓,16000000,16000000,202610,58/07/01,股份有限公司,494099,其他汽車貨運,
04451673,政豐通運企業股份有限公司,遊覽車客運業,新北市新莊區西盛街323巷24號3樓,16000000,16000000,202610,63/08/01,股份有限公司,493912,遊覽車客運,
12285656,昭原交通有限公司,汽車貨運業,臺北市松山區八德路3段75號7樓,16000000,,202610,69/07/01,有限公司,494099,其他汽車貨運,
20903224,英洲通運有限公司,汽車貨運業,新北市淡水區英專路131之2號,16000000,,202610,70/10/23,有限公司,494099,其他汽車貨運,
55718978,途安捷租車股份有限公司,小客車租賃業,臺北市中山區建國北路2段147號6樓之3,16000000,16000000,202610,106/11/21,股份有限公司,772100,汽車租賃,
22676674,通嘉小客車租賃有限公司,小客車租賃業,臺北市松山區南京東路5段286巷3之1號1樓,16000000,,202610,93/09/07,有限公司,493911,附駕駛之小客車租賃,
28475956,統順交通有限公司,小客車租賃業,新北市新店區新和街57號2樓,16000000,,202610,96/03/13,有限公司,465311,汽車零件、汽車百貨批發,
33986768,詠佳美通運有限公司,汽車貨運業,新北市林口區中山路29巷13號(1樓),16000000,,202610,65/05/15,有限公司,494099,其他汽車貨運,
34258957,維立交通有限公司,汽車貨運業,新北市新莊區民安西路24巷11號,16000000,,202610,75/04/03,有限公司,494099,其他汽車貨運,
12179992,捷笙汽車租賃股份有限公司,小客車租賃業,臺北市中山區長春路172號7樓之8,15650000,15650000,202610,67/07/01,股份有限公司,772100,汽車租賃,
96808312,順晟租賃有限公司,小客車租賃業,臺北市中正區館前路8號7樓,15300000,,202610,114/02/03,有限公司,771200,農業及其他工業用機械設備租賃,
22456117,一嘉一小客車租賃有限公司,小客車租賃業,臺北市中正區水源路39之1號,15000000,,202610,77/01/04,有限公司,772100,汽車租賃,
98640418,三太子搬家貨運有限公司,汽車貨運業,新北市土城區中央路3段76巷1號,15000000,,202610,113/06/19,有限公司,494012,搬家運送服務,
52536855,大都會汽車租賃有限公司,小客車租賃業,臺北市松山區南京東路3段346號4樓,15000000,,202610,106/01/18,有限公司,493911,附駕駛之小客車租賃,
46005176,小驢駒小客車租賃有限公司,小客車租賃業,新北市新莊區復興路2段196巷2弄9之3號,15000000,,202610,105/04/22,有限公司,493911,附駕駛之小客車租賃,
33031481,天元汽車貨運有限公司,汽車貨運業,新北市中和區景新街467巷20弄110之2號,15000000,,202610,62/01/01,有限公司,494099,其他汽車貨運,
96957699,水月實業有限公司,小客車租賃業,臺北市大安區忠孝東路4段178號7樓,15000000,,202610,85/06/01,有限公司,485222,寵物飼品零售,02-77308499
34563871,世鵬汽車貨運有限公司,汽車貨運業,新北市鶯歌區尖山路101巷18號之5,15000000,,202610,72/05/06,有限公司,494099,其他汽車貨運,
90607289,可樂國際租賃有限公司,小客車租賃業,臺北市中山區天祥路80號10樓之6,15000000,,202610,111/02/25,有限公司,772100,汽車租賃,
53955855,台灣好行小客車租賃有限公司,小客車租賃業,新北市三重區碧華街333號,15000000,,202610,101/12/04,有限公司,772100,汽車租賃,
52414760,吉太國際租賃有限公司,小客車租賃業,臺北市大同區貴德街30之1號2樓,15000000,,202610,105/11/08,有限公司,493911,附駕駛之小客車租賃,
54938763,有金國際股份有限公司,小客車租賃業,臺北市信義區忠孝東路5段781號,15000000,15000000,202610,107/06/26,股份有限公司,772100,汽車租賃,
28869467,宏俐小客車租賃有限公司,小客車租賃業,新北市板橋區雙十路3段27號15樓之3,15000000,,202610,97/05/28,有限公司,772100,汽車租賃,
90796492,宏保搬家貨運有限公司,汽車貨運業,新北市鶯歌區國中街161號5樓,15000000,,202610,110/04/19,有限公司,494012,搬家運送服務,
69446702,坤侑貿易股份有限公司,小客車租賃業,新北市汐止區大同路1段154之5號,15000000,15000000,202610,107/04/27,股份有限公司,465111,全新汽車批發,02-22777800
82806721,尚喆租賃股份有限公司,小客車租賃業,臺北市內湖區新明路371號2樓,15000000,15000000,202610,108/02/14,股份有限公司,772100,汽車租賃,
31109595,旺國交通事業有限公司,計程車客運業,臺北市中山區新生北路2段108號6樓之17,15000000,,202610,70/09/21,有限公司,493200,計程車客運,
23590041,明朋小客車租賃股份有限公司,小客車租賃業,臺北市中山區中山北路2段39巷10號4樓之1,15000000,15000000,202610,78/11/15,股份有限公司,493911,附駕駛之小客車租賃,02-25716553
22512363,金宮小客車租賃有限公司,小客車租賃業,臺北市中正區羅斯福路3段126號6樓之2,15000000,,202610,76/07/01,有限公司,772100,汽車租賃,
55732471,金牌速利國際有限公司,小客車租賃業,臺北市中山區南京東路2段20號9樓之2,15000000,,202610,106/11/27,有限公司,772100,汽車租賃,
04724604,阿羅哈通運股份有限公司,遊覽車客運業,新北市新莊區新北大道2段290號2樓,15000000,15000000,202610,64/05/01,股份有限公司,493912,遊覽車客運,
36277487,南欣交通運輸有限公司,汽車貨運業,新北市三重區捷運路37巷8號13樓,15000000,,202610,74/04/01,有限公司,494011,汽車貨櫃貨運,
94688559,茂裕通運有限公司,汽車貨運業,臺北市萬華區環河南路3段215號2樓,15000000,,202610,69/03/11,有限公司,494099,其他汽車貨運,
12240075,飛揚物流貨運有限公司,汽車貨運業,新北市三重區民生街61巷18弄4號4樓,15000000,,202610,91/06/03,有限公司,494099,其他汽車貨運,
22771375,首領小客車租賃股份有限公司,小客車租賃業,臺北市士林區重慶北路4段248號4樓,15000000,15000000,202610,77/02/04,股份有限公司,493911,附駕駛之小客車租賃,
03349412,泰發交通股份有限公司,遊覽車客運業,新北市樹林區中山路1段103號12樓之1,15000000,15000000,202610,60/04/01,股份有限公司,493912,遊覽車客運,
33776756,益達交通有限公司,汽車貨運業,新北市金山區中山路264號,15000000,,202610,66/07/01,有限公司,494099,其他汽車貨運,
42991502,神同行小客車租賃有限公司,小客車租賃業,臺北市松山區八德路2段386號12樓之7,15000000,,202610,107/02/21,有限公司,772100,汽車租賃,
63027800,國村貨運股份有限公司,汽車貨運業,新北市中和區中正路647之4號,15000000,15000000,202610,79/01/03,股份有限公司,494099,其他汽車貨運,
04834095,國暉通運有限公司,汽車貨運業,臺北市松山區南京東路5段336號7樓之4,15000000,,202610,72/03/05,有限公司,494099,其他汽車貨運,
43652733,盛魚遊覽客運股份有限公司,遊覽車客運業,臺北市中山區長春路172號10樓之7,15000000,15000000,202610,63/09/01,股份有限公司,493912,遊覽車客運,
14076825,勝力交通有限公司,汽車貨運業,臺北市士林區承德路4段33巷10號2樓,15000000,,202610,65/07/01,有限公司,494099,其他汽車貨運,
24874242,朝富國際租賃有限公司,小客車租賃業,臺北市文山區羅斯福路5段144號4樓,15000000,,202610,104/03/04,有限公司,772100,汽車租賃,
50777379,朝隆國際租賃有限公司,小客車租賃業,臺北市文山區羅斯福路5段144號4樓,15000000,,202610,107/06/12,有限公司,772100,汽車租賃,
34115163,進寶貨運有限公司,汽車貨運業,新北市土城區中央路3段116巷11號7樓,15000000,,202610,65/08/01,有限公司,494099,其他汽車貨運,
05026583,新名華行銷物流有限公司,汽車貨運業,新北市新店區安興路5號地下二層之25,15000000,,202610,76/11/18,有限公司,494099,其他汽車貨運,
35833747,新祐汽車貨運有限公司,汽車貨運業,新北市新莊區龍安路1號4樓,15000000,,202610,65/12/01,有限公司,494099,其他汽車貨運,
86144012,萬通國際租賃股份有限公司,小客車租賃業,新北市永和區大新街50之1號,15000000,15000000,202610,80/06/21,股份有限公司,772100,汽車租賃,
90744684,零邁移動服務股份有限公司,小客車租賃業,臺北市中正區羅斯福路2段12號3樓,15000000,13532448,202610,110/05/13,股份有限公司,620199,其他電腦程式設計,
22453580,嘉賓小客車租賃有限公司,小客車租賃業,臺北市松山區民權東路3段152號,15000000,,202610,76/07/03,有限公司,493911,附駕駛之小客車租賃,
90030069,榮耘科技有限公司,小客車租賃業,臺北市內湖區潭美街139號2樓之2,15000000,,202610,111/12/26,有限公司,772100,汽車租賃,
66627264,樂格適小客車租賃有限公司,小客車租賃業,新北市新莊區復興路2段196巷2弄9之3號,15000000,,202610,106/07/05,有限公司,493911,附駕駛之小客車租賃,
50796496,鋒新國際事業股份有限公司,小客車租賃業,臺北市松山區八德路3段218號3樓,15000000,15000000,202610,,,,,
29574666,寰銶國際物流有限公司,汽車貨運業,臺北市文山區辛亥路5段96之1號6樓,15000000,,202610,77/12/16,有限公司,494099,其他汽車貨運,
53557511,龍萊小客車租賃有限公司,小客車租賃業,臺北市南港區向陽路122號,15000000,,202610,100/11/24,有限公司,493911,附駕駛之小客車租賃,
66629072,優駿租賃有限公司,小客車租賃業,新北市板橋區龍泉街72巷5之2號,15000000,,202610,106/07/05,有限公司,772100,汽車租賃,
07641228,蘋果交通股份有限公司,計程車客運業、小客車租賃業,臺北市中正區和平西路2段21之1號1樓,15000000,15000000,202610,68/08/01,股份有限公司,524911,計程車派遣、聯繫服務,
52470312,久旺汽車租賃有限公司,小客車租賃業,臺北市松山區八德路4段465號7樓,14630000,,202610,105/12/05,有限公司,493911,附駕駛之小客車租賃,
95460783,大優國際租賃有限公司,小客車租賃業,臺北市信義區光復南路495號4樓,14200000,,202610,113/05/29,有限公司,772100,汽車租賃,
83250313,士勻安有限公司,小客車租賃業,臺北市大安區敦化南路1段225號地下3層之17,14000000,,202610,110/02/02,有限公司,493911,附駕駛之小客車租賃,
97409974,平揚車業有限公司,小客車租賃業,臺北市士林區重慶北路4段248號1樓,14000000,,202610,113/05/21,有限公司,493911,附駕駛之小客車租賃,
62201122,得運搬家貨運有限公司,汽車貨運業,新北市蘆洲區長安街65巷2號5樓,14000000,,202610,115/04/21,有限公司,494011,汽車貨櫃貨運,
53729612,喜雀國際租賃有限公司,小客車租賃業,新北市新店區吉祥街2巷7號4樓,14000000,,202610,101/01/10,有限公司,772100,汽車租賃,
50877336,男人幫租賃股份有限公司,小客車租賃業,臺北市大安區光復南路422號12樓之1,13600000,13600000,202610,107/10/01,股份有限公司,772100,汽車租賃,
90422656,職人搬家貨運有限公司,汽車貨運業,新北市樹林區三福街70巷10號,13500000,,202610,110/11/29,有限公司,494011,汽車貨櫃貨運,
50840866,大王租賃有限公司,小客車租賃業,新北市永和區永和路2段57號4樓,13200000,,202610,107/08/02,有限公司,772100,汽車租賃,02-2906-1015
96847309,大欣租賃有限公司,小客車租賃業,新北市樹林區佳園路3段440號15樓,13000000,,202610,113/05/17,有限公司,772100,汽車租賃,
54855003,大豐國際租賃有限公司,小客車租賃業,臺北市南港區忠孝東路6段278巷23弄14號,13000000,,202610,104/07/13,有限公司,772100,汽車租賃,
50975630,山逸租車有限公司,小客車租賃業,新北市林口區忠孝路622巷3弄7號,13000000,,202610,107/12/04,有限公司,493911,附駕駛之小客車租賃,
47189449,和榮通運有限公司,汽車貨運業,臺北市信義區基隆路1段141號13樓之3,13000000,,202610,68/05/09,有限公司,494099,其他汽車貨運,
22825576,冠亞租車有限公司,小客車租賃業,新北市新莊區福壽街99巷11弄4之2號(3樓),13000000,,202610,77/12/22,有限公司,772100,汽車租賃,
22680852,逍遙遊小客車租賃有限公司,小客車租賃業,臺北市中山區南京東路2段150號10樓,13000000,,202610,85/06/01,有限公司,772100,汽車租賃,
22529168,與眾不同租賃有限公司,小客車租賃業,臺北市萬華區昆明街46號6樓之9,13000000,,202610,76/06/02,有限公司,772100,汽車租賃,0932043696
23162625,禮盟小客車租賃有限公司,小客車租賃業,新北市中和區建八路16號18樓之2,13000000,,202610,78/03/17,有限公司,493911,附駕駛之小客車租賃,
94000545,宇勛搬家貨運有限公司,汽車貨運業,新北市淡水區民生路124巷16弄4號2樓,12800000,,202610,112/07/18,有限公司,494012,搬家運送服務,
52206019,赤驛國際車業股份有限公司,小客車租賃業,臺北市中山區松江路111號地下,12500000,12500000,202610,105/08/19,股份有限公司,772100,汽車租賃,
42940259,千旺租賃有限公司,小客車租賃業,臺北市中山區復興北路458號13樓之1,12000000,,202610,107/02/13,有限公司,772100,汽車租賃,
20832283,大名鼎鼎小客車租賃股份有限公司,小客車租賃業,臺北市中山區新生北路3段43號11樓之23,12000000,12000000,202610,68/09/01,股份有限公司,493911,附駕駛之小客車租賃,
93572025,大順開發科技有限公司,小客車租賃業,新北市新莊區民安西路382號之4,12000000,,202610,113/03/26,有限公司,772100,汽車租賃,
03259811,今聯遊覽汽車股份有限公司,遊覽車客運業,新北市新店區安祥路106巷131弄2號,12000000,12000000,202610,60/04/01,股份有限公司,493912,遊覽車客運,
35052329,元一交通股份有限公司,汽車貨運業,新北市新店區安和路3段87巷3號(1樓),12000000,12000000,202610,61/02/01,股份有限公司,494099,其他汽車貨運,
34652971,世發通運有限公司,汽車貨運業,新北市新莊區五工一路96號2樓,12000000,,202610,73/08/17,有限公司,494099,其他汽車貨運,
37012149,正鋒汽車貨運有限公司,汽車貨運業,新北市新莊區新泰路227號3樓,12000000,,202610,78/12/29,有限公司,494099,其他汽車貨運,02-28571066
23280377,永峰小客車租賃有限公司,小客車租賃業,新北市中和區安樂路62號1樓,12000000,,202610,87/06/15,有限公司,772100,汽車租賃,
12164301,吉將交通有限公司,計程車客運業,臺北市松山區塔悠路327號1樓,12000000,,202610,67/10/01,有限公司,524911,計程車派遣、聯繫服務,
31333019,吉祥貨運有限公司,汽車貨運業,臺北市士林區通河東街2段10巷8號1樓,12000000,,202610,73/09/12,有限公司,494099,其他汽車貨運,
33808899,安利交通有限公司,計程車客運業,新北市樹林區中正路95號1樓,12000000,,202610,66/07/01,有限公司,493200,計程車客運,
20951576,米倉貨運有限公司,汽車貨運業,新北市林口區文化北路1段420號,12000000,,202610,72/01/01,有限公司,494099,其他汽車貨運,
15863264,利春交通股份有限公司,汽車貨運業,臺北市萬華區西園路2段281巷6弄19號,12000000,12000000,202610,68/10/01,股份有限公司,494099,其他汽車貨運,
24712774,宏濱小客車租賃有限公司,小客車租賃業,新北市汐止區明峰街200號6樓,12000000,,202610,103/12/05,有限公司,772100,汽車租賃,
31198175,協吉貨運有限公司,汽車貨運業,臺北市北投區知行路1巷17之2號2樓,12000000,,202610,72/04/23,有限公司,494099,其他汽車貨運,
12414645,松駿貨運有限公司,汽車貨運業,新北市五股區芳洲一路80號15樓,12000000,,202610,76/03/18,有限公司,494099,其他汽車貨運,
60676191,金桐小客車有限公司,小客車租賃業,臺北市中山區復興北路458號13樓之1,12000000,,202610,114/03/12,有限公司,772100,汽車租賃,
22499684,昱安通運股份有限公司,汽車貨運業,新北市林口區中正路294號(1樓),12000000,12000000,202610,76/06/17,股份有限公司,494099,其他汽車貨運,
83008513,茁越租賃有限公司,小客車租賃業,新北市三重區河邊北街166號,12000000,,202610,112/03/25,有限公司,772100,汽車租賃,
34586261,韋宏物流有限公司,汽車貨運業,新北市板橋區漢生東路268號5樓,12000000,,202610,73/02/15,有限公司,494099,其他汽車貨運,
89117720,祥億搬家貨運有限公司,汽車貨運業,新北市中和區仁愛街36巷45號,12000000,,202610,112/02/15,有限公司,494099,其他汽車貨運,
42952851,勝安租賃有限公司,小客車租賃業,新北市新莊區新北大道2段187號,12000000,,202610,107/04/13,有限公司,524911,計程車派遣、聯繫服務,
31291550,新首都交通有限公司,計程車客運業,臺北市萬華區西園路2段328號1樓,12000000,,202610,66/09/01,有限公司,493200,計程車客運,
37117100,義順交通股份有限公司,汽車貨運業,新北市淡水區英專路131號,12000000,12000000,202610,43/04/01,股份有限公司,494099,其他汽車貨運,02-26232626
04314931,達盈物流股份有限公司,汽車貨運業,新北市新莊區新樹路240號,12000000,12000000,202610,67/11/01,股份有限公司,494099,其他汽車貨運,
33246103,興順交通有限公司,計程車客運業,新北市中和區安邦街87號1樓,12000000,,202610,60/03/01,有限公司,493200,計程車客運,
53427102,龍華小客車租賃有限公司,小客車租賃業,新北市汐止區汐萬路1段196號7樓,12000000,,202610,100/08/02,有限公司,772100,汽車租賃,
54016922,鴻橋小客車租賃有限公司,小客車租賃業,新北市汐止區茄苳路286號4樓之1,12000000,,202610,101/10/23,有限公司,772100,汽車租賃,
33904318,耀億交通企業有限公司,汽車貨運業,新北市新莊區五工一路97巷2號(1樓),12000000,,202610,63/09/01,有限公司,494099,其他汽車貨運,
52428048,天燈汽車租賃股份有限公司,小客車租賃業,新北市平溪區十分街216號之2,11900000,11900000,202610,106/05/18,股份有限公司,772100,汽車租賃,02-26935577
11819817,福泉交通企業有限公司,汽車貨運業,臺北市松山區南京東路5段66巷3弄23號,11600000,,202610,57/12/01,有限公司,494099,其他汽車貨運,
54730911,生安股份有限公司,小客車租賃業,臺北市中山區民族東路2號6樓,11500000,11500000,202610,103/07/02,股份有限公司,474999,未分類其他家用器具及用品零售,
54728295,優遊小客車租賃有限公司,小客車租賃業,新北市新莊區中正路700之16號,11500000,,202610,103/06/20,有限公司,772100,汽車租賃,
30859063,加煌交通有限公司,計程車客運業,臺北市中山區長安東路2段162號1樓,11000000,,202610,67/08/01,有限公司,493200,計程車客運,
16234399,松讚搬家貨運有限公司,汽車貨運業,臺北市南港區南港路3段50巷10號2樓,11000000,,202610,89/09/25,有限公司,494012,搬家運送服務,
24491028,雄獅小客車股份有限公司,小客車租賃業,臺北市內湖區石潭路141號1樓,11000000,5000000,202610,98/12/28,股份有限公司,772100,汽車租賃,
82923376,路朋租賃有限公司,小客車租賃業,臺北市士林區重慶北路4段250號4樓,11000000,,202610,108/07/09,有限公司,772100,汽車租賃,
97608642,寶羚租車興業有限公司,小客車租賃業,新北市中和區中正路913號(1樓),11000000,,202610,113/07/10,有限公司,772100,汽車租賃,
50985807,鑫和汽車租賃有限公司,小客車租賃業,新北市板橋區文化路2段548巷8弄1號,11000000,,202610,108/01/28,有限公司,772100,汽車租賃,
30890769,永記交通有限公司,計程車客運業,臺北市中山區長安東路2段162號1樓,10500000,,202610,68/07/01,有限公司,493200,計程車客運,
28212856,普拉多股份有限公司,小客車租賃業,臺北市中正區博愛路222號5樓,10400000,10400000,202610,95/09/08,股份有限公司,524100,停車場管理,02-23949480
80482937,大愛搬家貨運有限公司,汽車貨運業,新北市中和區民富街82號,10200000,,202610,92/10/06,有限公司,494099,其他汽車貨運,
96959063,乙久利搬家貨運有限公司,汽車貨運業,臺北市內湖區民權東路6段180巷42弄18號,10000000,,202610,85/05/01,有限公司,494099,其他汽車貨運,
12852124,乙泰小客車租賃有限公司,小客車租賃業,臺北市內湖區瑞光路76巷107號1樓,10000000,,202610,90/04/12,有限公司,493911,附駕駛之小客車租賃,
83037756,九陽搬家貨運有限公司,汽車貨運業,新北市樹林區田尾街79之1號,10000000,,202610,112/04/11,有限公司,494099,其他汽車貨運,
66289828,力安搬家貨運有限公司,汽車貨運業,新北市樹林區東華街3巷41號,10000000,,202610,105/11/14,有限公司,494012,搬家運送服務,
12353366,力英汽車貨運有限公司,汽車貨運業,臺北市文山區萬慶街32巷30號4樓,10000000,,202610,70/11/01,有限公司,494099,其他汽車貨運,
66912035,十十租賃有限公司,小客車租賃業,新北市三重區三和路4段125巷4號,10000000,,202610,106/09/22,有限公司,772100,汽車租賃,02-23963333
84769119,上旺貨運有限公司,汽車貨運業,新北市林口區文化北路1段556號1樓,10000000,,202610,86/07/03,有限公司,494099,其他汽車貨運,
28327858,上德租賃有限公司,小客車租賃業,新北市石門區老梅路66號2樓,10000000,,202610,95/06/08,有限公司,772100,汽車租賃,
23257523,丸子小客車租賃有限公司,小客車租賃業,臺北市松山區八德路4段795號8樓,10000000,,202610,78/05/10,有限公司,772100,汽車租賃,
28460551,丸福搬家貨運有限公司,汽車貨運業,臺北市士林區德行東路266巷8號2樓,10000000,,202610,96/01/19,有限公司,494099,其他汽車貨運,
66850636,也好搬家貨運有限公司,汽車貨運業,新北市蘆洲區中山一路61巷28號5樓,10000000,,202610,106/08/30,有限公司,494099,其他汽車貨運,
42736284,凡亨國際租賃有限公司,小客車租賃業,新北市板橋區國慶路194號10樓,10000000,,202610,107/07/17,有限公司,493911,附駕駛之小客車租賃,
53205973,大台北頂級搬家貨運有限公司,汽車貨運業,新北市中和區連城路265巷14弄5號,10000000,,202610,100/01/19,有限公司,494099,其他汽車貨運,
24349661,大台北搬家貨運有限公司,汽車貨運業,新北市板橋區南雅東路22號11樓之3,10000000,,202610,98/07/21,有限公司,529099,未分類其他運輸輔助,
12686619,大宇搬家貨運有限公司,汽車貨運業,臺北市士林區環河北路3段219號1樓,10000000,,202610,90/02/22,有限公司,494099,其他汽車貨運,
12138260,大板城交通企業有限公司,計程車客運業,臺北市大同區重慶北路3段223巷3號1樓,10000000,,202610,66/10/01,有限公司,493200,計程車客運,02-22620635
28441632,大都市搬家貨運有限公司,汽車貨運業,臺北市大安區信義路4段296號15樓,10000000,,202610,95/11/01,有限公司,494012,搬家運送服務,
16614031,大竣搬家貨運有限公司,汽車貨運業,新北市汐止區忠孝東路512號(1樓),10000000,,202610,87/09/03,有限公司,494012,搬家運送服務,
43911675,大統交通運輸股份有限公司,汽車貨運業,新北市三重區仁愛街377巷32號(1樓),10000000,10000000,202610,72/09/01,股份有限公司,494099,其他汽車貨運,
24718073,大器搬家貨運有限公司,汽車貨運業,新北市新莊區昌隆街22之2號,10000000,,202610,103/12/30,有限公司,494099,其他汽車貨運,
67039118,大鴻展翼企業有限公司,小客車租賃業,新北市板橋區僑中一街124巷20弄23之3號,10000000,,202610,106/09/29,有限公司,772100,汽車租賃,
00063406,中福汽車貨運股份有限公司,汽車貨運業,新北市汐止區福安街20巷32號1樓,10000000,10000000,202610,50/11/22,股份有限公司,494099,其他汽車貨運,
83037812,互盛搬家貨運有限公司,汽車貨運業,新北市林口區文化二路2段60號(2樓),10000000,,202610,112/04/11,有限公司,494099,其他汽車貨運,
94182411,元三露營車租賃股份有限公司,小客車租賃業,新北市中和區橋和路121號,10000000,10000000,202610,112/10/03,股份有限公司,772100,汽車租賃,
83115133,元弘搬家通運有限公司,汽車貨運業,新北市中和區連城路249巷10弄4號,10000000,,202610,109/09/14,有限公司,494099,其他汽車貨運,
53955617,天宇小客車租賃有限公司,小客車租賃業,臺北市士林區通河東街2段23號地下樓,10000000,,202610,101/12/03,有限公司,493911,附駕駛之小客車租賃,
90444048,天喜搬家股份有限公司,汽車貨運業,新北市板橋區文化路二段285號21樓,10000000,10000000,202610,110/10/01,股份有限公司,494099,其他汽車貨運,
27539783,天興搬家有限公司,汽車貨運業,新北市汐止區新台五路1段272號4樓,10000000,,202610,93/12/21,有限公司,494099,其他汽車貨運,
20849931,太林貨運企業股份有限公司,汽車貨運業,臺北市松山區南京東路5段66巷3弄23號,10000000,10000000,202610,69/04/01,股份有限公司,494099,其他汽車貨運,
70845903,世盟搬家貨運有限公司,汽車貨運業,新北市新店區新店路32號,10000000,,202610,90/06/21,有限公司,494099,其他汽車貨運,
31151066,仙通貨運交通有限公司,汽車貨運業,新北市中和區錦和路354巷9號1樓,10000000,,202610,84/02/27,有限公司,494099,其他汽車貨運,
27316170,以樂搬家貨運股份有限公司,汽車貨運業,臺北市士林區通河西街2段24號3樓,10000000,10000000,202610,93/05/11,股份有限公司,494099,其他汽車貨運,
20793599,兄弟小客車租賃有限公司,小客車租賃業,臺北市北投區明德路12號1樓,10000000,,202610,67/07/01,有限公司,772100,汽車租賃,
23168579,功祥有限公司,小客車租賃業,新北市土城區學海街3號14樓,10000000,,202610,77/12/15,有限公司,772100,汽車租賃,
12240687,北松交通有限公司,計程車客運業,臺北市中正區和平西路2段21之1號,10000000,,202610,68/08/01,有限公司,524911,計程車派遣、聯繫服務,
80163482,北龍洲搬家貨運有限公司,汽車貨運業,新北市蘆洲區復興路290巷1弄4號,10000000,,202610,92/02/27,有限公司,494099,其他汽車貨運,
25012799,台灣復康巴士有限公司,小客車租賃業,新北市泰山區明志路三段77號3樓,10000000,,202610,98/08/17,有限公司,772100,汽車租賃,
20888309,外貿貨運有限公司,汽車貨運業,臺北市信義區嘉興街304號1樓,10000000,,202610,70/05/23,有限公司,494099,其他汽車貨運,
83041745,巨閎搬家物流有限公司,汽車貨運業,新北市汐止區大同路3段139巷1弄2號,10000000,,202610,112/04/11,有限公司,494099,其他汽車貨運,
50893455,平捷汽車租賃有限公司,小客車租賃業,臺北市士林區重慶北路4段248號1樓,10000000,,202610,107/11/26,有限公司,493911,附駕駛之小客車租賃,
24945372,弘運小客車租賃有限公司,小客車租賃業,新北市板橋區長江路1段118號5樓,10000000,,202610,104/03/17,有限公司,493911,附駕駛之小客車租賃,
14009925,正杰交通企業有限公司,汽車貨運業,臺北市內湖區安泰街18號3樓,10000000,,202610,64/03/22,有限公司,494011,汽車貨櫃貨運,
04327387,永全貨運有限公司,汽車貨運業,臺北市信義區忠孝東路5段1之3號14樓,10000000,,202610,64/09/01,有限公司,494099,其他汽車貨運,
00206610,永發搬家貨運有限公司,汽車貨運業,新北市樹林區俊保路38號5樓,10000000,,202610,113/09/04,有限公司,494099,其他汽車貨運,
83748377,永運汽車租賃有限公司,小客車租賃業,臺北市中正區南昌路2段23號1樓,10000000,,202610,109/06/02,有限公司,772100,汽車租賃,
97127095,永鑫汽車租賃有限公司,小客車租賃業,臺北市松山區南京東路3段346號4樓,10000000,,202610,85/10/23,有限公司,772100,汽車租賃,02-27115398
05168484,玉祥貨運有限公司,汽車貨運業,臺北市松山區塔悠路302號1樓,10000000,,202610,71/09/21,有限公司,494099,其他汽車貨運,
55682850,白宮租賃有限公司,小客車租賃業,臺北市中正區羅斯福路3段126號6樓之2,10000000,,202610,106/11/03,有限公司,493911,附駕駛之小客車租賃,33653333
24954738,禾享小客車租賃有限公司,小客車租賃業,臺北市內湖區新明路371號2樓,10000000,,202610,104/04/14,有限公司,465111,全新汽車批發,
42568272,禾豐太陽能源科技有限公司,小客車租賃業,新北市新莊區成德街13號5樓,10000000,,202610,104/06/12,有限公司,772100,汽車租賃,
27830660,立祥搬家通運有限公司,汽車貨運業,新北市林口區中山路561號5樓,10000000,,202610,94/07/05,有限公司,494099,其他汽車貨運,
27765838,立凱搬家貨運有限公司,汽車貨運業,新北市汐止區茄苳路239巷2號,10000000,,202610,94/09/14,有限公司,494012,搬家運送服務,
20873501,丞安貨運有限公司,汽車貨運業,臺北市中山區建國北路3段113巷4號,10000000,,202610,69/12/01,有限公司,494099,其他汽車貨運,
12244213,任我行小客車租賃有限公司,小客車租賃業,臺北市中正區汀州路一段47號,10000000,,202610,68/09/01,有限公司,493911,附駕駛之小客車租賃,
28672345,伊立汽車租賃有限公司,小客車租賃業,臺北市文山區興隆路1段139號,10000000,,202610,96/05/07,有限公司,772100,汽車租賃,02-22050907
54855117,兆豐新綠能有限公司,小客車租賃業,新北市樹林區保安街2段325巷64號5樓,10000000,,202610,104/07/13,有限公司,772100,汽車租賃,
50990007,全安心國際租賃有限公司,小客車租賃業,新北市中和區建八路219號3樓,10000000,,202610,108/02/27,有限公司,772100,汽車租賃,
28717531,全威搬家貨運有限公司,汽車貨運業,臺北市內湖區康寧路3段171之1號,10000000,,202610,96/10/19,有限公司,494099,其他汽車貨運,
80105511,全順小客車租賃有限公司,小客車租賃業,臺北市松山區寶清街18之5號,10000000,,202610,91/12/23,有限公司,493911,附駕駛之小客車租賃,
95448655,合品租賃有限公司,小客車租賃業,新北市三重區中央南路95巷3號(1樓),10000000,,202610,113/06/03,有限公司,772100,汽車租賃,
12869413,合相股份有限公司,小客車租賃業,臺北市中山區長安東路1段21號6樓之1,10000000,10000000,202610,90/06/01,股份有限公司,772100,汽車租賃,
24636832,吉美國際租賃有限公司,小客車租賃業,新北市樹林區八德街666號5樓,10000000,,202610,103/09/17,有限公司,772100,汽車租賃,
54870378,吉泰搬家貨運有限公司,汽車貨運業,新北市永和區保安路208號3樓,10000000,,202610,104/09/18,有限公司,494099,其他汽車貨運,
27840203,名冠搬家物流貨運有限公司,汽車貨運業,臺北市內湖區成功路4段168號10樓之2,10000000,,202610,94/07/15,有限公司,494012,搬家運送服務,
95461283,好安心搬家貨運有限公司,汽車貨運業,新北市三重區中正北路430號6樓之8,10000000,,202610,113/05/02,有限公司,494012,搬家運送服務,
80650716,好事達搬家貨運有限公司,汽車貨運業,新北市土城區青雲路183巷9弄4號,10000000,,202610,92/12/15,有限公司,494099,其他汽車貨運,
50787475,好爸爸無障礙爬梯機接送有限公司,小客車租賃業,臺北市北投區致遠一路1段29號1樓,10000000,,202610,107/06/28,有限公司,772100,汽車租賃,
80542610,宅速配搬家貨運股份有限公司,汽車貨運業,臺北市士林區通河西街2段24號3樓,10000000,10000000,202610,93/01/12,股份有限公司,494099,其他汽車貨運,
62200307,安利租賃有限公司,小客車租賃業,新北市板橋區英士路16巷1號3樓,10000000,,202610,115/05/12,有限公司,772100,汽車租賃,
53205164,安迪小客車租賃有限公司,小客車租賃業,新北市中和區忠孝街2巷19弄10號1樓,10000000,,202610,100/01/17,有限公司,772100,汽車租賃,
24345497,年代搬家貨運有限公司,汽車貨運業,新北市泰山區泰林路2段527號5樓,10000000,,202610,98/06/06,有限公司,494012,搬家運送服務,
50997418,成傑搬家貨運股份有限公司,汽車貨運業,新北市三重區仁義街210之1號2樓,10000000,10000000,202610,108/04/01,股份有限公司,494012,搬家運送服務,
44947617,成龍速達有限公司,汽車貨運業,臺北市大同區重慶北路3段278之1號5樓,10000000,,202610,65/06/01,有限公司,494099,其他汽車貨運,
54032269,百成搬家貨運有限公司,汽車貨運業,新北市泰山區中央路32號,10000000,,202610,102/01/07,有限公司,494099,其他汽車貨運,
47080095,自由風格國際租賃有限公司,小客車租賃業,臺北市中山區長春路172號8樓之11,10000000,,202610,105/07/06,有限公司,772100,汽車租賃,
90602382,利永盛搬家物流有限公司,汽車貨運業,臺北市中正區辛亥路1段33號2樓,10000000,,202610,110/12/30,有限公司,494099,其他汽車貨運,
42853711,利亞小客車租賃有限公司,小客車租賃業,臺北市大同區民權西路136號7樓之2,10000000,,202610,105/02/25,有限公司,493911,附駕駛之小客車租賃,
27803349,利豪搬家貨運有限公司,汽車貨運業,新北市板橋區金華街122號4樓,10000000,,202610,94/05/31,有限公司,542099,其他遞送服務,
27835004,宏勇搬家通運有限公司,汽車貨運業,新北市五股區芳洲一路65號10樓,10000000,,202610,94/07/11,有限公司,494099,其他汽車貨運,
53527539,宏勝車業股份有限公司,小客車租賃業,臺北市松山區光復北路81號,10000000,10000000,202610,100/08/16,股份有限公司,465311,汽車零件、汽車百貨批發,02-25282211
54318530,宏揚小客車租賃有限公司,小客車租賃業,新北市新莊區中正路442號,10000000,,202610,102/12/25,有限公司,772999,未分類其他運輸工具租賃,
42699963,宏運小客車租賃有限公司,小客車租賃業,新北市永和區永平路226巷6號5樓,10000000,,202610,104/12/24,有限公司,772100,汽車租賃,
54717311,快樂國際搬家貨運有限公司,汽車貨運業,新北市三重區環河南路254巷3號(1樓),10000000,,202610,103/05/02,有限公司,494012,搬家運送服務,
83576986,步步搬家貨運股份有限公司,汽車貨運業,臺北市信義區松德路118巷3號,10000000,10000000,202610,109/01/21,股份有限公司,494012,搬家運送服務,
66486139,私人訂制國際小客車租賃有限公司,小客車租賃業,新北市新莊區中正路700之19號2樓,10000000,,202610,106/02/21,有限公司,772100,汽車租賃,
54297900,京喜小客車租賃有限公司,小客車租賃業,新北市新莊區富貴路492號6樓,10000000,,202610,102/09/18,有限公司,772100,汽車租賃,02-22937700#9
53309745,來發搬家物流有限公司,汽車貨運業,臺北市松山區寶清街31號,10000000,,202610,100/01/31,有限公司,494099,其他汽車貨運,
80261322,來嘍小客車租賃有限公司,小客車租賃業,臺北市中山區長春路172號8樓之8,10000000,,202610,91/08/06,有限公司,772100,汽車租賃,
53126865,協富優質搬家貨運有限公司,汽車貨運業,臺北市內湖區內湖路3段187巷15號3樓,10000000,,202610,100/03/14,有限公司,494099,其他汽車貨運,
52853079,協鑫搬家貨運有限公司,汽車貨運業,臺北市大同區長安西路33號6樓,10000000,,202610,106/07/18,有限公司,494099,其他汽車貨運,
53347001,和平小客車租賃有限公司,小客車租賃業,臺北市中山區長安東路2段108號8樓之3,10000000,,202610,100/06/10,有限公司,493911,附駕駛之小客車租賃,
52874948,和瑞租賃有限公司,小客車租賃業,臺北市松山區南京東路5段291巷5弄5號,10000000,,202610,106/08/01,有限公司,493911,附駕駛之小客車租賃,
82817781,宜力輕鬆搬家貨運有限公司,汽車貨運業,臺北市士林區德行東路266巷8號2樓,10000000,,202610,108/03/21,有限公司,494012,搬家運送服務,
93652955,尚典精緻搬家有限公司,汽車貨運業,新北市淡水區新民街53巷6號3樓,10000000,,202610,113/02/05,有限公司,494012,搬家運送服務,
50998161,尚騰汽車租賃股份有限公司,小客車租賃業,新北市新莊區中正路50號,10000000,10000000,202610,108/04/03,股份有限公司,772100,汽車租賃,
54706715,岠陽國際租賃有限公司,小客車租賃業,新北市三重區重新路4段214巷6號,10000000,,202610,103/03/21,有限公司,772100,汽車租賃,
30885323,忠錦交通有限公司,汽車貨運業,臺北市松山區光復南路13巷39號,10000000,,202610,68/05/01,有限公司,494099,其他汽車貨運,
28854464,承創事業有限公司,小客車租賃業,臺北市大同區承德路2段59號1樓,10000000,,202610,97/03/27,有限公司,210100,輪胎製造,02-25522803
30922988,昌宏汽車貨運有限公司,汽車貨運業,臺北市松山區南京東路5段66巷3弄23號,10000000,,202610,69/08/01,有限公司,494099,其他汽車貨運,
83367469,昌宏搬家貨運有限公司,汽車貨運業,新北市新店區北新路2段200號9樓,10000000,,202610,110/01/05,有限公司,494012,搬家運送服務,
50876792,昌輔小客車租賃有限公司,小客車租賃業,臺北市中正區水源路39-1號1樓,10000000,,202610,,,,,
36540467,明星小客車租賃有限公司,小客車租賃業,新北市板橋區介壽街102號,10000000,,202610,67/12/01,有限公司,493911,附駕駛之小客車租賃,
96574969,明泰租賃有限公司,小客車租賃業,新北市三重區重新路1段84號(3樓),10000000,,202610,113/05/24,有限公司,772100,汽車租賃,
83061951,易勵搬家貨運有限公司,汽車貨運業,臺北市松山區基隆路1段155號14樓之5,10000000,,202610,109/07/31,有限公司,494012,搬家運送服務,
27328892,東盟搬家貨運有限公司,汽車貨運業,臺北市中山區新生北路1段65之3號,10000000,,202610,93/07/02,有限公司,494099,其他汽車貨運,
50992315,東鑫租賃有限公司,小客車租賃業,臺北市大安區忠孝東路4段297號5樓,10000000,,202610,108/03/12,有限公司,493911,附駕駛之小客車租賃,
45041575,欣速通運有限公司,汽車貨運業,新北市汐止區長江街101號12樓,10000000,,202610,70/03/13,有限公司,494099,其他汽車貨運,
42865667,直航二世有限公司,小客車租賃業,臺北市大同區承德路1段77之1號1樓,10000000,,202610,105/08/01,有限公司,772100,汽車租賃,
50845790,迎馥國際租賃有限公司,小客車租賃業,新北市新莊區成德街13號5樓,10000000,,202610,107/08/21,有限公司,493911,附駕駛之小客車租賃,
54848691,金永國際租賃有限公司,小客車租賃業,臺北市中山區長春路172號8樓之11,10000000,,202610,104/06/16,有限公司,772100,汽車租賃,0915350565
54706686,金旺租賃有限公司,小客車租賃業,臺北市中山區長春路172號7樓之8,10000000,,202610,103/03/21,有限公司,772100,汽車租賃,
29051007,金屋搬家貨運有限公司,汽車貨運業,臺北市士林區天母北路87巷12號,10000000,,202610,97/08/11,有限公司,494099,其他汽車貨運,
28105194,長紘貨運搬家有限公司,汽車貨運業,新北市汐止區鄉長路1段55巷21號,10000000,,202610,95/03/06,有限公司,494099,其他汽車貨運,
54012691,阿密斯搬家有限公司,汽車貨運業,新北市板橋區僑中二街102巷44號(1樓),10000000,,202610,101/10/01,有限公司,494099,其他汽車貨運,
22511651,保綱國際車業股份有限公司,小客車租賃業,臺北市南港區三重路19之3號11樓,10000000,10000000,202610,77/06/20,股份有限公司,772100,汽車租賃,02-26817777
28458149,保綱國際股份有限公司,小客車租賃業,臺北市南港區三重路19之3號11樓,10000000,10000000,202610,95/12/25,股份有限公司,458399,其他玩具及娛樂用品批發,02-26552111
93492108,信安搬家貨運有限公司,汽車貨運業,新北市板橋區長江路2段55號19樓,10000000,,202610,112/12/26,有限公司,494012,搬家運送服務,
94029374,勁峰搬家貨運有限公司,汽車貨運業,新北市新莊區新北大道4段171號2樓,10000000,,202610,112/08/01,有限公司,494099,其他汽車貨運,
28189665,厚恩搬家貨運有限公司,汽車貨運業,臺北市南港區興中路68巷12號4樓,10000000,,202610,95/07/01,有限公司,494099,其他汽車貨運,
20803962,帝君交通有限公司,計程車客運業,臺北市中正區和平西路2段21之1號,10000000,,202610,67/11/01,有限公司,524911,計程車派遣、聯繫服務,
66901240,星宇小客車租賃企業有限公司,小客車租賃業,新北市三重區成功路133號,10000000,,202610,,,,,
54814284,昱盛搬家貨運有限公司,汽車貨運業,臺北市北投區承德路7段220巷8號,10000000,,202610,103/05/20,有限公司,494099,其他汽車貨運,
53198179,洋基搬家貨運有限公司,汽車貨運業,新北市中和區中山路2段312巷33弄12號,10000000,,202610,99/12/13,有限公司,494099,其他汽車貨運,
55792934,洋順汽車交通股份有限公司,汽車貨運業,新北市汐止區福安街20巷24號1樓,10000000,10000000,202610,73/06/01,股份有限公司,494099,其他汽車貨運,
50900596,洋溢小客車租賃有限公司,小客車租賃業,臺北市中山區南京東路2段69號6樓,10000000,,202610,107/12/12,有限公司,772100,汽車租賃,
27201135,為新國際通運有限公司,小客車租賃業,新北市五股區芳洲二路148號6樓,10000000,,202610,93/08/03,有限公司,772100,汽車租賃,02-2981-9855
52695375,皇驛國際租賃有限公司,小客車租賃業,臺北市文山區福興路82巷3弄15號4樓,10000000,,202610,106/05/22,有限公司,772100,汽車租賃,
93684990,盈家通運搬家貨運有限公司,汽車貨運業,新北市永和區永和路2段57號7樓,10000000,,202610,113/03/14,有限公司,494012,搬家運送服務,
54013299,省錢租賃有限公司,小客車租賃業,新北市新莊區福前街336號(1樓),10000000,,202610,101/10/03,有限公司,772100,汽車租賃,
53925277,羿辰搬家貨運有限公司,汽車貨運業,臺北市中山區錦州街46號9樓之5,10000000,,202610,101/10/26,有限公司,494099,其他汽車貨運,
50878721,若宸汽車有限公司,小客車租賃業,臺北市北投區致遠一路1段58巷16號3樓,10000000,,202610,107/10/08,有限公司,484112,中古汽車零售,02-29030369
42825434,首選搬家貨運有限公司,汽車貨運業,臺北市中山區新生北路3段68巷5號1樓,10000000,,202610,104/11/23,有限公司,494099,其他汽車貨運,
66609717,倢睿國際租賃有限公司,小客車租賃業,新北市新莊區成德街13號5樓,10000000,,202610,106/06/07,有限公司,772100,汽車租賃,
61984029,家富美搬家貨運有限公司,汽車貨運業,新北市土城區中央路3段87號5樓之1,10000000,,202610,,,,,
69442115,家樂福搬家貨運有限公司,汽車貨運業,新北市土城區學享街11號(1樓),10000000,,202610,107/04/24,有限公司,494012,搬家運送服務,
90168789,展運搬家貨運有限公司,汽車貨運業,新北市板橋區國慶路149巷14弄5號,10000000,,202610,111/04/26,有限公司,494099,其他汽車貨運,
90800968,時光搬家貨運有限公司,汽車貨運業,新北市中和區中山路2段332巷69號2樓,10000000,,202610,110/04/22,有限公司,494099,其他汽車貨運,
42863437,朗旭國際小客車租賃有限公司,小客車租賃業,臺北市松山區南京東路3段346號4樓,10000000,,202610,105/03/25,有限公司,772100,汽車租賃,
94266426,格至租賃有限公司,小客車租賃業,臺北市中山區長春路172號10樓之7,10000000,,202610,112/09/14,有限公司,484317,中古汽機車零配件零售,
70705332,泰一小客車租賃有限公司,小客車租賃業,新北市瑞芳區三爪子坑路106巷35號,10000000,,202610,89/04/14,有限公司,772100,汽車租賃,
27456050,偉達搬家物流企業有限公司,汽車貨運業,新北市永和區永元里永元路17巷7弄2號3樓,10000000,,202610,93/10/12,有限公司,494099,其他汽車貨運,02-24223368
36064415,健勝交通有限公司,汽車貨運業,新北市三重區環河北路3段462號7樓,10000000,,202610,70/08/01,有限公司,494099,其他汽車貨運,
52574169,國民搬家貨運有限公司,汽車貨運業,臺北市松山區民權東路3段191巷79號1樓,10000000,,202610,106/02/21,有限公司,494099,其他汽車貨運,
04788515,國華交通有限公司,計程車客運業,臺北市中正區和平西路2段21之1號,10000000,,202610,67/04/01,有限公司,524911,計程車派遣、聯繫服務,
04825785,國輝通運有限公司,汽車貨運業,臺北市松山區南京東路5段336號7樓之4,10000000,,202610,71/06/24,有限公司,494099,其他汽車貨運,
50889591,常樂企業有限公司,小客車租賃業,臺北市士林區前街103號1樓,10000000,,202610,107/11/07,有限公司,772100,汽車租賃,
50855781,康誠搬家貨運有限公司,汽車貨運業,新北市五股區登林路88之2號9樓,10000000,,202610,107/10/12,有限公司,494012,搬家運送服務,
27712609,康潔搬家貨運有限公司,汽車貨運業,臺北市南港區重陽路263巷2號,10000000,,202610,94/05/01,有限公司,523111,鐵路、陸路貨運承攬,
27570566,彩迅搬家貨運有限公司,汽車貨運業,臺北市內湖區康寧路3段171-1號,10000000,,202610,94/05/17,有限公司,494099,其他汽車貨運,
94255005,御峰環禮有限公司,小客車租賃業,新北市三重區新北大道1段123號11樓,10000000,,202610,112/08/28,有限公司,493911,附駕駛之小客車租賃,
93506481,御馳租賃有限公司,小客車租賃業,新北市林口區仁愛路1段287號,10000000,,202610,113/01/19,有限公司,772100,汽車租賃,
07645744,捷佑通運有限公司,汽車貨運業,新北市淡水區中正東路1段27號9樓之1,10000000,,202610,86/06/17,有限公司,494099,其他汽車貨運,
84148674,捷佑搬家貨運有限公司,汽車貨運業,新北市板橋區懷德街220號2樓,10000000,,202610,83/05/27,有限公司,524999,未分類其他陸上運輸輔助,
28000396,捷勝搬家貨運有限公司,汽車貨運業,新北市新莊區建安街73之2號,10000000,,202610,95/03/07,有限公司,494012,搬家運送服務,
90377673,捷達搬家有限公司,汽車貨運業,新北市中和區德光路77巷2弄8號4樓,10000000,,202610,111/08/19,有限公司,494099,其他汽車貨運,
90451949,淡北達物流搬家有限公司,汽車貨運業,新北市淡水區濱海路1段306巷9弄51號10樓,10000000,,202610,110/09/09,有限公司,494099,其他汽車貨運,
54164177,深森旅國際租賃有限公司,小客車租賃業,新北市板橋區文化路2段125巷15號2樓,10000000,,202610,102/02/19,有限公司,493911,附駕駛之小客車租賃,
94197499,理躍小客車租賃有限公司,小客車租賃業,臺北市松山區南京東路4段1號2樓,10000000,,202610,112/11/03,有限公司,465311,汽車零件、汽車百貨批發,
90828229,眾安國際租賃有限公司,小客車租賃業,臺北市大安區敦化南路1段225號地下3樓之17,10000000,,202610,110/03/15,有限公司,493911,附駕駛之小客車租賃,
25121240,祥優搬家貨運有限公司,汽車貨運業,新北市板橋區中正路275巷29號,10000000,,202610,99/04/19,有限公司,494099,其他汽車貨運,
69314245,連欣國際租賃有限公司,小客車租賃業,新北市新莊區中正路347巷17弄8號3樓,10000000,,202610,107/02/13,有限公司,493911,附駕駛之小客車租賃,
35948570,陸英交通企業有限公司,計程車客運業,新北市土城區青雲路483巷11弄28號,10000000,,202610,91/03/27,有限公司,493200,計程車客運,02-22620635
96806573,陸福搬家物流有限公司,汽車貨運業,新北市林口區東湖路117巷42號,10000000,,202610,113/08/09,有限公司,494099,其他汽車貨運,
94172504,傑登搬家貨運有限公司,汽車貨運業,新北市泰山區明志路2段136巷40號7樓,10000000,,202610,112/09/12,有限公司,494099,其他汽車貨運,
13115146,凱悅小客車租賃有限公司,小客車租賃業,臺北市中山區松江路131-27號14樓,10000000,,202610,91/06/18,有限公司,772100,汽車租賃,
12152558,凱翔小客車租賃有限公司,小客車租賃業,臺北市松山區八德路4段687號10樓,10000000,,202610,66/12/01,有限公司,772100,汽車租賃,
24956089,創勝精緻搬家有限公司,汽車貨運業,臺北市士林區福榮街40號,10000000,,202610,104/04/16,有限公司,494012,搬家運送服務,
29176787,勝美搬家貨運有限公司,汽車貨運業,新北市板橋區田單街49巷1弄2號1樓,10000000,,202610,99/08/17,有限公司,494012,搬家運送服務,
27814697,喬喜搬家貨運有限公司,汽車貨運業,臺北市萬華區東園街73巷40弄12號1樓,10000000,,202610,94/06/21,有限公司,494099,其他汽車貨運,
62214920,喬富搬家貨運有限公司,汽車貨運業,臺北市大安區安居街124巷12號1樓,10000000,,202610,,,,,
62255007,喬富搬家貨運有限公司,汽車貨運業,臺北市大安區安居街124巷12號1樓,10000000,,202610,115/03/30,有限公司,494012,搬家運送服務,0989146668
53561199,富裕人生汽車租賃股份有限公司,小客車租賃業,臺北市中山區長春路57號4樓,10000000,10000000,202610,100/12/08,股份有限公司,772100,汽車租賃,
90411124,富豪汽車租賃股份有限公司,小客車租賃業,臺北市內湖區民權東路6段210巷23號3樓,10000000,10000000,202610,110/10/13,股份有限公司,772100,汽車租賃,
60642088,翔泰搬家貨運有限公司,汽車貨運業,新北市三重區中興北街52之8號4樓,10000000,,202610,94/04/08,有限公司,494099,其他汽車貨運,
03415209,華南汽車貨運股份有限公司,汽車貨運業,臺北市中正區紹興北街5號3樓,10000000,10000000,202610,43/03/01,股份有限公司,494099,其他汽車貨運,
97462251,華陽優質搬家有限公司,汽車貨運業,臺北市文山區景福街28號1樓,10000000,,202610,86/06/05,有限公司,494099,其他汽車貨運,
59118498,詠竣通運有限公司,汽車貨運業,新北市新莊區四維路131巷10號2樓,10000000,,202610,65/06/01,有限公司,494099,其他汽車貨運,
42723963,超級贊搬家貨運有限公司,汽車貨運業,新北市新莊區民安路299巷55弄18號(1樓),10000000,,202610,107/05/18,有限公司,494099,其他汽車貨運,
27614380,隆昊搬家貨運有限公司,汽車貨運業,新北市汐止區福德一路342巷3弄11號,10000000,,202610,94/03/08,有限公司,494012,搬家運送服務,
50870805,雄讚租賃股份有限公司,小客車租賃業,臺北市南港區忠孝東路6段278巷23弄14號,10000000,10000000,202610,107/09/12,股份有限公司,772100,汽車租賃,
25076842,雅峰小客車租賃有限公司,小客車租賃業,臺北市松山區撫遠街390巷28號1樓,10000000,,202610,98/11/30,有限公司,772100,汽車租賃,
69447131,順和搬家貨運有限公司,汽車貨運業,新北市中和區永和路101號,10000000,,202610,107/04/30,有限公司,494099,其他汽車貨運,
54162918,傳十搬家貨運有限公司,汽車貨運業,新北市八里區中山路1段65巷7號10樓,10000000,,202610,102/02/04,有限公司,494099,其他汽車貨運,
83482926,嗄嗄叫搬家貨運有限公司,汽車貨運業,新北市蘆洲區中原路12巷20號11樓,10000000,,202610,109/03/13,有限公司,494099,其他汽車貨運,
60394685,愷基物流搬家有限公司,汽車貨運業,新北市淡水區崁頂57之2號,10000000,,202610,115/01/20,有限公司,494099,其他汽車貨運,
22698895,新花漾租賃有限公司,小客車租賃業,新北市金山區山城路80巷18號4樓,10000000,,202610,77/01/01,有限公司,493911,附駕駛之小客車租賃,
54720929,新峰搬家貨運有限公司,汽車貨運業,新北市三重區龍門路234號(1樓),10000000,,202610,103/05/20,有限公司,494099,其他汽車貨運,
00802769,新億通運股份有限公司,汽車貨運業,新北市新莊區雙鳳路102號11樓,10000000,10000000,202610,67/10/01,股份有限公司,494099,其他汽車貨運,
69732727,極致租賃有限公司,小客車租賃業,臺北市內湖區安泰街45巷20號5樓,10000000,,202610,106/11/15,有限公司,493911,附駕駛之小客車租賃,
27802616,楷捷搬家貨運有限公司,汽車貨運業,新北市樹林區三福街36巷20號4樓,10000000,,202610,94/06/09,有限公司,494099,其他汽車貨運,
90399894,源象搬家貨運有限公司,汽車貨運業,新北市永和區環河西路1段5之1號,10000000,,202610,111/06/02,有限公司,494012,搬家運送服務,
33031996,源達貨運有限公司,汽車貨運業,新北市板橋區金門街352號2樓,10000000,,202610,80/09/06,有限公司,494099,其他汽車貨運,
89639087,萬成汽車貨運有限公司,汽車貨運業,新北市三峽區中華路46之3號8樓,10000000,,202610,84/07/26,有限公司,494099,其他汽車貨運,
04538030,聖欽交通事業有限公司,計程車客運業,臺北市中正區和平西路2段21之1號,10000000,,202610,66/01/01,有限公司,524911,計程車派遣、聯繫服務,
16577752,聖鼎祥國際有限公司,小客車租賃業,新北市中和區中正路63號2樓,10000000,,202610,87/12/30,有限公司,493200,計程車客運,
27436105,鼎麒搬家貨運有限公司,汽車貨運業,新北市汐止區水源路2段72巷73號1樓,10000000,,202610,93/09/07,有限公司,494099,其他汽車貨運,
60727255,榮太租賃股份有限公司,小客車租賃業,臺北市大安區敦化南路2段77號4樓,10000000,10000000,202610,114/05/02,股份有限公司,772100,汽車租賃,
54025464,榮文搬家貨運有限公司,汽車貨運業,新北市土城區學享街11號(1樓),10000000,,202610,101/11/30,有限公司,494099,其他汽車貨運,
83784176,榮福搬家貨運有限公司,汽車貨運業,新北市汐止區康寧街577號,10000000,,202610,109/04/15,有限公司,494012,搬家運送服務,
67379571,滴滴小客車租賃有限公司,小客車租賃業,臺北市松山區南京東路4段56號9樓之1,10000000,,202610,106/10/31,有限公司,493911,附駕駛之小客車租賃,
12819596,精英搬家貨運有限公司,汽車貨運業,臺北市信義區和平東路3段391巷20弄42號2樓,10000000,,202610,91/10/17,有限公司,494099,其他汽車貨運,
45899628,銀河長征國際租賃有限公司,小客車租賃業,新北市樹林區保安街2段325巷64號5樓,10000000,,202610,105/03/28,有限公司,772100,汽車租賃,0980124481
45877407,銘鑫小客車租賃有限公司,小客車租賃業,新北市新莊區五工三路88號3樓,10000000,,202610,105/05/17,有限公司,772100,汽車租賃,
30991400,億誠貨運有限公司,汽車貨運業,新北市新莊區天祥街121巷36號,10000000,,202610,71/11/11,有限公司,494099,其他汽車貨運,
42635146,寬禾國際有限公司,小客車租賃業,臺北市中山區中山北路1段33巷9號,10000000,,202610,104/08/26,有限公司,465315,汽車輪胎批發,
04339047,廣齊物流有限公司,汽車貨運業,臺北市中山區民族東路520號,10000000,,202610,65/04/01,有限公司,451099,其他商品批發經紀,
89454519,慶昇小客車租賃有限公司,小客車租賃業,新北市三重區正義北路338巷18號2樓,10000000,,202610,84/04/28,有限公司,493911,附駕駛之小客車租賃,
31315716,蓬達貨運有限公司,汽車貨運業,臺北市士林區福榮街40號,10000000,,202610,73/01/10,有限公司,494099,其他汽車貨運,
00834805,興安交通有限公司,汽車貨運業,新北市中和區中正路817號9樓之10,10000000,,202610,70/07/01,有限公司,494099,其他汽車貨運,
89923029,興隆聯合搬家貨運有限公司,汽車貨運業,臺北市文山區景興路234號4樓,10000000,,202610,83/12/23,有限公司,494099,其他汽車貨運,
89285177,錢巢國際搬家貨運有限公司,汽車貨運業,臺北市大安區忠孝東路4段71之5號6樓,10000000,,202610,112/02/09,有限公司,494099,其他汽車貨運,
60605133,龍運國際租賃有限公司,小客車租賃業,新北市林口區文化二路1段266號地下一層之8,10000000,,202610,114/06/16,有限公司,772100,汽車租賃,
42855083,龍貓國際小客車租賃有限公司,小客車租賃業,臺北市士林區基河路238之6號1樓,10000000,,202610,105/03/01,有限公司,772100,汽車租賃,
50863614,優雅國際租賃有限公司,小客車租賃業,臺北市信義區忠孝東路5段701號1樓,10000000,,202610,107/08/24,有限公司,772100,汽車租賃,
50779291,優達國際租賃有限公司,小客車租賃業,臺北市北投區公館路213號1樓,10000000,,202610,107/06/08,有限公司,772100,汽車租賃,
82799828,優質國際租賃有限公司,小客車租賃業,臺北市北投區公舘路213號,10000000,,202610,108/01/22,有限公司,772100,汽車租賃,
24312398,環球搬家貨運有限公司,汽車貨運業,臺北市文山區辛亥路5段96之1號6樓,10000000,,202610,97/12/16,有限公司,494099,其他汽車貨運,
42997392,環視創富汽車租賃有限公司,小客車租賃業,臺北市內湖區港乾路200號2樓,10000000,,202610,,,,,
24532359,聯通智慧國際股份有限公司,小客車租賃業,臺北市大安區復興南路2段237號9樓之6,10000000,6000000,202610,103/04/07,股份有限公司,493911,附駕駛之小客車租賃,02-27549154
31323146,聯億交通運輸有限公司,汽車貨運業,臺北市中山區民族東路520號,10000000,,202610,73/05/07,有限公司,494099,其他汽車貨運,
24707771,駿德租賃有限公司,小客車租賃業,新北市土城區福仁街60巷1號(1樓),10000000,,202610,103/11/12,有限公司,772100,汽車租賃,
22880726,鎮遠鑣局有限公司,小客車租賃業,新北市三重區集賢路64號,10000000,,202610,89/07/07,有限公司,772100,汽車租賃,
55620829,馥裕國際租賃有限公司,小客車租賃業,新北市中和區中正路416號,10000000,,202610,106/10/05,有限公司,772100,汽車租賃,
70370808,麗寶人力開發有限公司,小客車租賃業,新北市板橋區國光路173巷1弄8號3樓,10000000,,202610,88/07/28,有限公司,493911,附駕駛之小客車租賃,
60676805,櫻雪股份有限公司,小客車租賃業,臺北市中山區八德路2段203號地下1樓,10000000,5000000,202610,114/03/13,股份有限公司,669199,其他投資顧問,
90049139,鑫隆搬家貨運有限公司,汽車貨運業,新北市淡水區新春街155之1號6樓,10000000,,202610,111/11/03,有限公司,494012,搬家運送服務,
14062553,佳誼交通企業有限公司,計程車客運業,臺北市中山區長安東路2段162號1樓,9900000,,202610,65/04/01,有限公司,493200,計程車客運,
95466490,淡友國際租賃有限公司,小客車租賃業,臺北市中山區長春路172號8樓之9,9900000,,202610,113/05/30,有限公司,484311,汽車零件、汽車百貨零售,
20541406,威力搬家貨運股份有限公司,汽車貨運業,臺北市內湖區金湖路401巷36號,9700000,9700000,202610,66/01/01,股份有限公司,494099,其他汽車貨運,
50869981,三揚國際租賃有限公司,小客車租賃業,臺北市文山區辛亥路5段98號,9600000,,202610,107/09/07,有限公司,493911,附駕駛之小客車租賃,02-23027899
50897500,三雍國際租賃有限公司,小客車租賃業,臺北市文山區辛亥路5段98號,9600000,,202610,107/12/03,有限公司,493911,附駕駛之小客車租賃,02-23037899
52810516,上鶴國際租賃有限公司,小客車租賃業,臺北市文山區辛亥路5段98號,9600000,,202610,106/07/10,有限公司,493911,附駕駛之小客車租賃,02-23027899
55752433,大鶴國際租賃有限公司,小客車租賃業,臺北市文山區辛亥路5段98號,9600000,,202610,106/12/07,有限公司,493911,附駕駛之小客車租賃,02-23027899
33287650,合勝交通有限公司,計程車客運業,新北市新店區中興路2段63號(1樓),9600000,,202610,66/07/01,有限公司,493200,計程車客運,
42967290,丞盛股份有限公司,小客車租賃業,臺北市中山區明水路557巷14號地下之4,9400000,9400000,202610,,,,,
69289724,祥順國際租賃有限公司,小客車租賃業,臺北市中山區長春路172號7樓之8,9300000,,202610,107/02/01,有限公司,772100,汽車租賃,
42567013,飛達汽車租賃有限公司,小客車租賃業,臺北市松山區南京東路3段346號4樓,9166607,,202610,104/06/10,有限公司,772100,汽車租賃,
18558909,民球交通股份有限公司,計程車客運業,臺北市萬華區萬大路33號,9100000,9100000,202610,66/01/01,股份有限公司,493200,計程車客運,
31298667,力揚汽車有限公司,計程車客運業,臺北市士林區德行西路81號1樓,9000000,,202610,67/02/01,有限公司,493200,計程車客運,
43750066,世竑交通股份有限公司,汽車貨運業,新北市鶯歌區尖山路101巷18號之5,9000000,9000000,202610,65/10/01,股份有限公司,494099,其他汽車貨運,
15054003,廷旭物流貨運有限公司,汽車貨運業,新北市土城區中正路67巷23號4樓,9000000,,202610,67/05/15,有限公司,494099,其他汽車貨運,
96758755,奔馳先生租賃有限公司,小客車租賃業,新北市板橋區三民路1段138巷14號,9000000,,202610,113/05/10,有限公司,493911,附駕駛之小客車租賃,
43885487,金展物流股份有限公司,汽車貨運業,臺北市文山區忠順街2段25號2樓,9000000,9000000,202610,79/04/13,股份有限公司,494099,其他汽車貨運,
90800545,喜多移動股份有限公司,小客車租賃業,新北市新店區中興路2段218巷11號7樓,9000000,9000000,202610,110/04/22,股份有限公司,772100,汽車租賃,
82909775,揪富小客車租賃股份有限公司,小客車租賃業,臺北市大安區忠孝東路4段270號8樓,9000000,9000000,202610,108/06/25,股份有限公司,772100,汽車租賃,
35940471,新晟通運有限公司,汽車貨運業,新北市新莊區龍安路1號4樓,9000000,,202610,68/01/10,有限公司,494099,其他汽車貨運,
84078608,榮祥小客車租賃有限公司,小客車租賃業,臺北市中山區南京東路3段189號6樓,9000000,,202610,88/06/28,有限公司,772100,汽車租賃,
60583573,輝達汽車租賃有限公司,小客車租賃業,臺北市中山區長春路172號8樓之10,9000000,,202610,114/06/30,有限公司,772100,汽車租賃,
94093142,懂玩租賃有限公司,小客車租賃業,新北市板橋區三民路1段138巷14號,9000000,,202610,112/07/21,有限公司,772100,汽車租賃,
95437334,鴻蒲租賃有限公司,小客車租賃業,新北市新莊區新泰路277巷54號2樓,9000000,,202610,113/05/27,有限公司,772100,汽車租賃,
07710499,展興汽車貨運有限公司,汽車貨運業,臺北市士林區承德路4段33巷10號2樓,8880000,,202610,72/07/01,有限公司,494099,其他汽車貨運,
11285448,全方位交通事業有限公司,計程車客運業,臺北市中正區莒光路109號1樓,8600000,,202610,,,,,
30411022,聖復交通事業有限公司,計程車客運業,臺北市松山區撫遠街390巷28號1樓,8500000,,202610,66/01/01,有限公司,493200,計程車客運,
90564280,寶喆車業有限公司,小客車租賃業,臺北市中山區建國北路2段262號2樓,8500000,,202610,111/02/08,有限公司,484112,中古汽車零售,02-29701777
00107301,全韻小客車租賃股份有限公司,小客車租賃業,新北市新店區中正路531之1號2樓,8300000,8300000,202610,113/12/11,股份有限公司,465111,全新汽車批發,
33056095,天籃交通企業股份有限公司,計程車客運業,新北市樹林區中山路1段2巷13號2樓,8000000,8000000,202610,66/07/01,股份有限公司,493200,計程車客運,
29572148,世宏交通有限公司,計程車客運業,臺北市北投區文林北路234之4號1樓,8000000,,202610,66/01/01,有限公司,493200,計程車客運,
54735211,台灣大花汽車租賃有限公司,小客車租賃業,新北市新莊區中平路260號3樓,8000000,,202610,103/07/22,有限公司,772100,汽車租賃,
54058099,台灣聯合租車股份有限公司,小客車租賃業,新北市三重區河邊北街100巷17號(1樓),8000000,8000000,202610,102/05/08,股份有限公司,772100,汽車租賃,
75943002,巨欣交通事業股份有限公司,汽車貨運業,新北市林口區八德路70號17樓,8000000,8000000,202610,91/08/29,股份有限公司,494099,其他汽車貨運,
12874400,正泰環保實業有限公司,小客車租賃業,臺北市松山區八德路4段453巷12號2樓之2,8000000,,202610,90/06/29,有限公司,383011,廢車船拆解粉碎,02-27915122
60468519,永益租賃股份有限公司,小客車租賃業,新北市鶯歌區國慶街115巷14號6樓,8000000,8000000,202610,114/11/25,股份有限公司,772100,汽車租賃,
35942267,全宏通達貨運有限公司,汽車貨運業,新北市板橋區滿平二街10巷8之4號,8000000,,202610,68/03/01,有限公司,494099,其他汽車貨運,
60418531,宇大小客車租賃有限公司,小客車租賃業,新北市三重區自強路5段124號,8000000,,202610,114/10/02,有限公司,772100,汽車租賃,
52757287,伽晟國際有限公司,小客車租賃業,臺北市松山區撫遠街249巷4號,8000000,,202610,106/06/16,有限公司,493911,附駕駛之小客車租賃,
34004125,伽鹿通運股份有限公司,汽車貨運業,新北市汐止區新台五路2段204號地下二層之22,8000000,8000000,202610,63/06/01,股份有限公司,494011,汽車貨櫃貨運,
13119993,京東小客車租賃有限公司,小客車租賃業,臺北市信義區忠孝東路5段19號10樓之1,8000000,,202610,91/05/30,有限公司,493911,附駕駛之小客車租賃,
11050505,和英交通股份有限公司,計程車客運業,臺北市松山區南京東路5段66巷22弄13號,8000000,8000000,202610,66/01/01,股份有限公司,493200,計程車客運,
33673718,旺春交通事業股份有限公司,計程車客運業,新北市三重區中正南路84號11樓,8000000,8000000,202610,66/07/01,股份有限公司,524911,計程車派遣、聯繫服務,
29605507,明山交通汽車股份有限公司,計程車客運業,臺北市士林區承德路4段294之2號,8000000,8000000,202610,66/01/01,股份有限公司,493200,計程車客運,
20673519,松浩交通有限公司,計程車客運業,臺北市松山區塔悠路163號1樓,8000000,,202610,67/12/01,有限公司,493200,計程車客運,
90084472,星毅力小客車租賃有限公司,小客車租賃業,新北市三重區富貴街18號12樓,8000000,,202610,111/12/22,有限公司,772100,汽車租賃,02-22967558
94225262,耐斯租賃有限公司,小客車租賃業,新北市三重區中正南路269號,8000000,,202610,112/10/13,有限公司,772100,汽車租賃,
20824191,飛德汽車貨運有限公司,汽車貨運業,新北市土城區中央路1段121巷8弄5號,8000000,,202610,68/06/01,有限公司,494099,其他汽車貨運,
15859249,清山交通有限公司,計程車客運業,臺北市松山區南京東路5段66巷22弄13號,8000000,,202610,68/07/01,有限公司,493200,計程車客運,
67321059,發隆興小客車租賃有限公司,小客車租賃業,新北市新莊區復興路2段196巷2弄9之3號,8000000,,202610,106/10/30,有限公司,772100,汽車租賃,
11979308,隆豪汽車股份有限公司,計程車客運業,臺北市南港區八德路4段879號之1,8000000,8000000,202610,66/01/01,股份有限公司,524911,計程車派遣、聯繫服務,
94114370,雅香汽車租賃有限公司,小客車租賃業,臺北市中正區北平東路20號9樓,8000000,,202610,112/05/16,有限公司,772100,汽車租賃,
34411087,新北市貨運有限公司,汽車貨運業,新北市板橋區金門街352號2樓,8000000,,202610,69/06/01,有限公司,494099,其他汽車貨運,
30880777,萬事得交通有限公司,計程車客運業,臺北市中正區莒光路85號1樓,8000000,,202610,68/04/01,有限公司,524911,計程車派遣、聯繫服務,
33985901,萬達福實業股份有限公司,汽車貨運業,新北市新店區光明街44號(2樓),8000000,8000000,202610,65/04/15,股份有限公司,494099,其他汽車貨運,
30866748,聖惠交通事業有限公司,計程車客運業,臺北市中正區和平西路2段21之1號,8000000,,202610,67/10/01,有限公司,524911,計程車派遣、聯繫服務,
31298907,聖雄交通事業有限公司,計程車客運業,臺北市中正區和平西路2段21之1號,8000000,,202610,67/08/01,有限公司,524911,計程車派遣、聯繫服務,
24691412,裕安工程有限公司,小客車租賃業,臺北市中山區南京西路6號9樓之3,8000000,,202610,103/08/27,有限公司,772100,汽車租賃,
23372592,嘉誠小客車租賃有限公司,小客車租賃業,新北市中和區大勇街42號2樓,8000000,,202610,78/07/28,有限公司,772100,汽車租賃,
20781453,彰勝交通企業有限公司,計程車客運業,臺北市松山區南京東路4段56號9樓之1,8000000,,202610,67/04/01,有限公司,524911,計程車派遣、聯繫服務,
34470450,廣林運輸有限公司,汽車貨運業,新北市土城區福安街55巷25號,8000000,,202610,70/12/05,有限公司,494099,其他汽車貨運,
15130706,興達計程車客運股份有限公司,計程車客運業,臺北市松山區南京東路4段56號9樓之1,8000000,8000000,202610,66/01/01,股份有限公司,493200,計程車客運,
31095327,駿茂交通有限公司,計程車客運業,臺北市萬華區環河南路2段276之2號,8000000,,202610,67/12/01,有限公司,493200,計程車客運,
31095332,駿瑞交通有限公司,計程車客運業,臺北市萬華區環河南路2段276之2號1樓,8000000,,202610,67/12/01,有限公司,493200,計程車客運,
80012197,皇珈小客車租賃有限公司,小客車租賃業,新北市新店區復興路14號(1樓),7500000,,202610,92/03/25,有限公司,493911,附駕駛之小客車租賃,
22938332,捷豹國際有限公司,小客車租賃業,臺北市士林區福華路141巷32號1樓,7500000,,202610,77/06/22,有限公司,772100,汽車租賃,(02)2836-5690
20629107,新名揚交通股份有限公司,計程車客運業,臺北市萬華區萬大路33號,7500000,7500000,202610,66/01/01,股份有限公司,493200,計程車客運,
11616708,漢明交通股份有限公司,計程車客運業,臺北市文山區羅斯福路5段206之3號3樓,7500000,7500000,202610,66/01/01,股份有限公司,524911,計程車派遣、聯繫服務,
94157594,中車國際有限公司,小客車租賃業,新北市新莊區建安街62巷3弄2號5樓,7100000,,202610,112/11/14,有限公司,772100,汽車租賃,02-25216667
42826519,喜程顧問有限公司,小客車租賃業,新北市新莊區中平路6巷37號,7050000,,202610,104/11/25,有限公司,772100,汽車租賃,
22687573,三興小客車租賃有限公司,小客車租賃業,新北市林口區文化一路1段90號,7000000,,202610,76/12/24,有限公司,493911,附駕駛之小客車租賃,
89197625,千展租賃有限公司,小客車租賃業,新北市土城區學府路1段115巷13號15樓,7000000,,202610,112/01/16,有限公司,493911,附駕駛之小客車租賃,
45134861,大心小客車租賃有限公司,小客車租賃業,新北市土城區福祥街95巷3號3樓,7000000,,202610,105/05/10,有限公司,772100,汽車租賃,
60507631,北車國際租賃有限公司,小客車租賃業,新北市新莊區建安街62巷3弄2號5樓,7000000,,202610,114/12/15,有限公司,493911,附駕駛之小客車租賃,
54051482,東門租賃有限公司,小客車租賃業,新北市板橋區華東里四川路2段126號(1樓),7000000,,202610,102/04/09,有限公司,772100,汽車租賃,
93491614,芯逸國際有限公司,小客車租賃業,新北市林口區忠孝路622巷3弄7號,7000000,,202610,112/12/25,有限公司,772100,汽車租賃,
53810021,昶遊小客車租賃有限公司,小客車租賃業,新北市林口區南勢三街1巷63號,7000000,,202610,101/03/05,有限公司,772100,汽車租賃,
12229178,康福搬家貨運有限公司,汽車貨運業,臺北市松山區撫遠街259號,7000000,,202610,68/06/01,有限公司,494099,其他汽車貨運,
90551665,無穹租賃有限公司,小客車租賃業,臺北市中山區吉林路24號4樓之5,7000000,,202610,111/01/03,有限公司,772100,汽車租賃,
42780767,福記國際租賃股份有限公司,小客車租賃業,新北市板橋區萬板路458號(1樓),7000000,7000000,202610,105/03/10,股份有限公司,772100,汽車租賃,
62190737,優伯租賃有限公司,小客車租賃業,新北市樹林區佳園路3段440號15樓,7000000,,202610,115/03/27,有限公司,772100,汽車租賃,
07531616,優樂交通企業有限公司,計程車客運業,臺北市北投區公舘路213號,7000000,,202610,63/10/01,有限公司,493200,計程車客運,
15331128,仁義交通有限公司,計程車客運業,臺北市內湖區五分街5號1樓,6600000,,202610,66/01/01,有限公司,493200,計程車客運,
22952761,北方小客車租賃有限公司,小客車租賃業,臺北市中正區水源路39之1號1樓,6600000,,202610,77/06/27,有限公司,772100,汽車租賃,
68618115,全捷小客車租賃有限公司,小客車租賃業,新北市土城區學成路166巷3號3樓,6600000,,202610,106/12/13,有限公司,772100,汽車租賃,
12413765,創價值國際有限公司,小客車租賃業,臺北市中山區華陰街24巷4弄6號,6600000,,202610,71/12/15,有限公司,456916,玻璃器皿及餐具批發,02-25811471
19099707,歐美汽車交通股份有限公司,計程車客運業,臺北市大安區仁愛路4段300巷26弄27號1樓,6600000,6600000,202610,66/01/01,股份有限公司,493200,計程車客運,
24000959,三永交通股份有限公司,計程車客運業,臺北市信義區忠孝東路5段701號,6500000,6500000,202610,63/03/01,股份有限公司,493200,計程車客運,
54319019,威豪國際租賃有限公司,小客車租賃業,臺北市內湖區新明路371號2樓,6500000,,202610,102/12/26,有限公司,772100,汽車租賃,
54700183,翔安小客車租賃有限公司,小客車租賃業,新北市板橋區藝文街177號11樓,6500000,,202610,103/02/27,有限公司,772100,汽車租賃,02-22029500
22841750,顧保健宏業股份有限公司,小客車租賃業,新北市土城區中央路4段208號5樓,6500000,6500000,202610,77/11/29,股份有限公司,432000,庭園景觀工程,07-7170196
27100143,吉立計程車股份有限公司,計程車客運業,臺北市北投區公舘路213號,6400000,3200000,202610,67/09/01,股份有限公司,493200,計程車客運,
50978670,樂高小客車租賃有限公司,小客車租賃業,新北市板橋區館前西路6號13樓之9,6200000,,202610,107/12/19,有限公司,772100,汽車租賃,02-82857311
31201777,福臨交通股份有限公司,計程車客運業,臺北市松山區八德路4段322號1樓,6090000,6090000,202610,66/01/01,股份有限公司,493200,計程車客運,
53128694,丁丁國際租賃股份有限公司,小客車租賃業,新北市八里區頂寮五街6號(1樓),6000000,6000000,202610,100/01/26,股份有限公司,772100,汽車租賃,
37179506,三喜貨運有限公司,汽車貨運業,新北市林口區文化北路1段420號,6000000,,202610,43/04/05,有限公司,494099,其他汽車貨運,
04700835,千上交通股份有限公司,計程車客運業,臺北市萬華區青年路174號,6000000,6000000,202610,66/01/01,股份有限公司,493200,計程車客運,
30824038,千文交通有限公司,計程車客運業,臺北市北投區公館路211號,6000000,,202610,66/01/01,有限公司,493200,計程車客運,
33003149,大吉汽車有限公司,計程車客運業,新北市汐止區忠孝東路523號,6000000,,202610,66/07/01,有限公司,493200,計程車客運,
20822291,大好汽車有限公司,計程車客運業,臺北市萬華區環河南路2段276之2號1樓,6000000,,202610,68/05/01,有限公司,493200,計程車客運,
11054306,大江交通事業有限公司,計程車客運業,臺北市中山區新生北路2段131之3號,6000000,,202610,66/01/01,有限公司,493200,計程車客運,
34342483,大城通運企業有限公司,汽車貨運業,新北市永和區永貞路135號1樓,6000000,,202610,70/04/01,有限公司,494099,其他汽車貨運,
20848216,大棋交通企業有限公司,汽車貨運業,新北市土城區中正路67巷23號4樓,6000000,,202610,69/03/01,有限公司,494099,其他汽車貨運,
31278199,大睦交通有限公司,計程車客運業,臺北市士林區德行西路81號1樓,6000000,,202610,66/01/01,有限公司,493200,計程車客運,
20833543,大冀交通有限公司,計程車客運業,臺北市信義區松信路59號1樓,6000000,,202610,68/09/01,有限公司,524911,計程車派遣、聯繫服務,
04764160,大騰交通有限公司,計程車客運業,臺北市士林區德行西路81號1樓,6000000,,202610,66/01/01,有限公司,493200,計程車客運,
05059205,仁合交通有限公司,計程車客運業,臺北市中正區同安街81號1樓,6000000,,202610,68/11/01,有限公司,524911,計程車派遣、聯繫服務,
20818493,友吉交通有限公司,計程車客運業,臺北市中正區和平西路2段21之1號1樓,6000000,,202610,68/04/01,有限公司,524911,計程車派遣、聯繫服務,
20818450,友成交通有限公司,計程車客運業,臺北市中正區和平西路2段21之1號1樓,6000000,,202610,68/04/01,有限公司,524911,計程車派遣、聯繫服務,
20822779,友祥交通有限公司,計程車客運業,臺北市中正區和平西路2段21之1號1樓,6000000,,202610,68/06/01,有限公司,524911,計程車派遣、聯繫服務,
33684095,天子交通有限公司,計程車客運業,新北市土城區青雲路483巷11弄28號,6000000,,202610,66/07/15,有限公司,493200,計程車客運,
31086571,天揚交通有限公司,計程車客運業,臺北市士林區德行西路81號1樓,6000000,,202610,67/07/01,有限公司,493200,計程車客運,
33780196,文安汽車有限公司,計程車客運業,新北市新店區永平街57號(1樓),6000000,,202610,67/01/10,有限公司,493200,計程車客運,
20827520,世嘉交通事業有限公司,計程車客運業,臺北市松山區撫遠街390巷28號1樓,6000000,,202610,68/07/01,有限公司,493200,計程車客運,
35037432,仟豐交通企業有限公司,計程車客運業,新北市三重區新興路16號1樓,6000000,,202610,64/07/31,有限公司,524911,計程車派遣、聯繫服務,
03151207,外賓交通有限公司,計程車客運業,臺北市松山區南京東路4段56號9樓之1,6000000,,202610,67/01/01,有限公司,493200,計程車客運,
27034600,巨昌交通股份有限公司,計程車客運業,臺北市中正區中華路2段303巷13號,6000000,6000000,202610,70/09/22,股份有限公司,524911,計程車派遣、聯繫服務,
33668166,正順交通企業股份有限公司,計程車客運業,新北市中和區安邦街八七號一樓,6000000,6000000,202610,62/08/01,股份有限公司,493200,計程車客運,
07097303,民暉交通股份有限公司,計程車客運業,臺北市萬華區萬大路33號,6000000,6000000,202610,66/01/01,股份有限公司,493200,計程車客運,
20838189,民鉢交通股份有限公司,計程車客運業,臺北市中山區長安東路2段162號2樓,6000000,6000000,202610,68/11/01,股份有限公司,493200,計程車客運,
29150668,永昇小客車租賃股份有限公司,小客車租賃業,臺北市士林區德行東路90巷19號,6000000,6000000,202610,,,,,
20834655,永真交通有限公司,計程車客運業,臺北市中正區西藏路83號1樓,6000000,,202610,68/10/01,有限公司,493200,計程車客運,
03379415,田富交通有限公司,計程車客運業,臺北市松山區光復北路246號,6000000,,202610,66/01/01,有限公司,493200,計程車客運,
20616807,全展交通股份有限公司,計程車客運業,臺北市萬華區長順街123巷3號3樓,6000000,6000000,202610,66/06/01,股份有限公司,524911,計程車派遣、聯繫服務,
04686691,合和交通事業股份有限公司,計程車客運業,臺北市中山區復興北路430巷26號,6000000,6000000,202610,66/01/01,股份有限公司,524911,計程車派遣、聯繫服務,
31232292,合旺交通有限公司,計程車客運業,臺北市中山區長安東路2段162號1樓,6000000,,202610,66/01/01,有限公司,493200,計程車客運,
31237331,合揚交通有限公司,計程車客運業,臺北市士林區德行西路81號1樓,6000000,,202610,66/01/01,有限公司,493200,計程車客運,
04708843,合慶交通事業股份有限公司,計程車客運業,臺北市南港區八德路4段879號之1,6000000,6000000,202610,66/01/01,股份有限公司,524911,計程車派遣、聯繫服務,
31223934,吉慶交通股份有限公司,計程車客運業,臺北市信義區林口街210號1樓,6000000,6000000,202610,66/01/01,股份有限公司,493200,計程車客運,
33825519,吉瞬交通企業有限公司,計程車客運業,新北市新店區新和里安和路3段140號(1樓),6000000,,202610,66/07/01,有限公司,493200,計程車客運,02-29417263
34126252,回春交通有限公司,計程車客運業,新北市中和區中正路85號(1樓),6000000,,202610,65/11/15,有限公司,493200,計程車客運,
15894225,在發汽車交通有限公司,汽車貨運業,新北市泰山區明志路3段123巷1弄4號3樓,6000000,,202610,70/07/15,有限公司,494099,其他汽車貨運,
07608781,有志貨運物流有限公司,汽車貨運業,臺北市士林區承德路4段33巷10號2樓,6000000,,202610,66/09/01,有限公司,494099,其他汽車貨運,
83209954,百程交通有限公司,計程車客運業,新北市樹林區光興街11巷10號2樓,6000000,,202610,67/02/28,有限公司,493200,計程車客運,
90217445,艾杜國際租賃有限公司,小客車租賃業,臺北市信義區市民大道6段250號6樓,6000000,,202610,111/01/05,有限公司,493911,附駕駛之小客車租賃,
07631024,利航交通有限公司,計程車客運業,臺北市信義區忠孝東路5段701號,6000000,,202610,68/01/01,有限公司,524911,計程車派遣、聯繫服務,
20791678,宏亞汽車貨運有限公司,汽車貨運業,臺北市士林區基河路238號2樓之1,6000000,,202610,67/10/01,有限公司,494099,其他汽車貨運,
07641557,宏佳交通有限公司,計程車客運業,臺北市松山區南京東路5段66巷22弄13號,6000000,,202610,68/08/01,有限公司,493200,計程車客運,
34195594,宏昇交通有限公司,計程車客運業,新北市樹林區中山路1段2巷13號2樓,6000000,,202610,,,,,
18758408,宏奕交通股份有限公司,計程車客運業,臺北市中正區中華路2段461之1號6樓,6000000,6000000,202610,71/02/01,股份有限公司,524911,計程車派遣、聯繫服務,
15860626,宏威交通有限公司,計程車客運業,臺北市南港區東新街105號1樓,6000000,,202610,68/08/01,有限公司,524911,計程車派遣、聯繫服務,
31255533,志文交通事業有限公司,計程車客運業,臺北市松山區撫遠街390巷28號1樓,6000000,,202610,66/01/01,有限公司,493200,計程車客運,
15861890,志亞交通事業有限公司,計程車客運業,臺北市松山區撫遠街390巷28號1樓,6000000,,202610,74/08/08,有限公司,493200,計程車客運,
20831714,志英交通有限公司,計程車客運業,臺北市松山區撫遠街390巷28號1樓,6000000,,202610,68/08/01,有限公司,493200,計程車客運,
35976272,亞太交通興業有限公司,計程車客運業,新北市板橋區民生里板新路62號,6000000,,202610,68/09/26,有限公司,524911,計程車派遣、聯繫服務,
54515700,亞富小客車租賃有限公司,小客車租賃業,新北市中和區忠孝街2巷19弄10號,6000000,,202610,102/08/16,有限公司,772100,汽車租賃,
35948797,佳承交通企業有限公司,計程車客運業,新北市板橋區民生路3段251號1樓,6000000,,202610,68/08/01,有限公司,493200,計程車客運,
22823319,佶新國際小客車租賃有限公司,小客車租賃業,新北市中和區橋和路12號,6000000,,202610,84/08/24,有限公司,772100,汽車租賃,
04617007,協春交通有限公司,計程車客運業,臺北市中正區同安街81號1樓,6000000,,202610,66/01/01,有限公司,524911,計程車派遣、聯繫服務,
43913815,和鑫交通有限公司,汽車貨運業,新北市林口區八德路362號22樓,6000000,,202610,,,,,
94137177,和鑫交通有限公司,汽車貨運業,臺北市士林區承德路4段130號12樓,6000000,,202610,72/09/01,有限公司,494099,其他汽車貨運,
20840663,宜發交通有限公司,計程車客運業,臺北市信義區林口街38巷36號1樓,6000000,,202610,68/12/01,有限公司,493200,計程車客運,
86784760,尚成國際有限公司,小客車租賃業,新北市土城區金城路2段233號,6000000,,202610,81/07/08,有限公司,772100,汽車租賃,
22831628,忠信小客車租賃有限公司,小客車租賃業,臺北市大同區延平北路4段173號2樓,6000000,,202610,77/08/15,有限公司,772100,汽車租賃,
04788347,承欣交通有限公司,汽車貨運業,臺北市士林區德行東路266巷8號2樓,6000000,,202610,67/03/01,有限公司,494099,其他汽車貨運,
34133916,旺財交通事業股份有限公司,計程車客運業,新北市三重區中正南路84號11樓,6000000,6000000,202610,66/07/01,股份有限公司,524911,計程車派遣、聯繫服務,
34238307,旺富交通有限公司,計程車客運業,新北市三重區中正南路84號11樓,6000000,,202610,67/11/18,有限公司,524911,計程車派遣、聯繫服務,
20549511,昆明交通股份有限公司,計程車客運業,臺北市信義區松隆路337號,6000000,6000000,202610,66/01/01,股份有限公司,524911,計程車派遣、聯繫服務,
23033019,易昌小客車租賃有限公司,小客車租賃業,臺北市大同區敦煌路180號,6000000,,202610,77/10/01,有限公司,493911,附駕駛之小客車租賃,
33686143,東順交通企業有限公司,計程車客運業,新北市中和區安邦街87號1樓,6000000,,202610,63/02/09,有限公司,493200,計程車客運,
20843818,東鈺交通有限公司,計程車客運業,臺北市松山區南京東路5段66巷22弄13號,6000000,,202610,67/12/04,有限公司,493200,計程車客運,
20836400,松德交通有限公司,計程車客運業,臺北市松山區塔悠路163號1樓,6000000,,202610,68/10/01,有限公司,524911,計程車派遣、聯繫服務,
33753389,松憶交通有限公司,計程車客運業,新北市三重區自強路5段93號,6000000,,202610,73/01/01,有限公司,969099,未分類其他個人服務,
24865052,玥恩國際租賃有限公司,小客車租賃業,新北市八里區頂寮五街6號(1樓),6000000,,202610,104/01/27,有限公司,772100,汽車租賃,
34169863,金足交通有限公司,汽車貨運業,新北市土城區中正路67巷23號4樓,6000000,,202610,66/09/10,有限公司,494099,其他汽車貨運,
04622775,金春交通事業有限公司,計程車客運業,臺北市中正區同安街81號1樓,6000000,,202610,66/01/01,有限公司,524911,計程車派遣、聯繫服務,
07640311,長欣交通有限公司,計程車客運業,臺北市士林區士商路80號1樓,6000000,,202610,68/07/01,有限公司,493200,計程車客運,
11430409,長風交通企業有限公司,計程車客運業,臺北市松山區光復北路11巷70號,6000000,,202610,66/01/01,有限公司,493200,計程車客運,
05059227,青友交通有限公司,計程車客運業,臺北市松山區南京東路5段66巷22弄13號,6000000,,202610,68/11/01,有限公司,493200,計程車客運,
11547739,保住交通有限公司,計程車客運業,臺北市萬華區青年路174號,6000000,,202610,66/01/01,有限公司,493200,計程車客運,
04768264,保佳交通有限公司,計程車客運業,臺北市大安區仁愛路4段300巷26弄27號,6000000,,202610,66/01/01,有限公司,493200,計程車客運,
33837450,保盈交通有限公司,計程車客運業,新北市土城區金城路2段252號4樓,6000000,,202610,68/04/12,有限公司,493200,計程車客運,
20822433,保益交通有限公司,計程車客運業,臺北市萬華區青年路174號,6000000,,202610,68/05/01,有限公司,493200,計程車客運,
15863877,保興交通有限公司,計程車客運業,臺北市萬華區青年路174號,6000000,,202610,68/10/01,有限公司,493200,計程車客運,
18838607,信義交通事業股份有限公司,計程車客運業,臺北市萬華區西園路2段281巷28號,6000000,6000000,202610,66/01/01,股份有限公司,493200,計程車客運,
34312093,冠恆交通有限公司,計程車客運業,新北市樹林區大安路147號,6000000,,202610,69/08/30,有限公司,493200,計程車客運,
33766906,品安交通企業有限公司,計程車客運業,新北市樹林區大安路147號,6000000,,202610,65/02/17,有限公司,493200,計程車客運,
04427689,美龍交通企業有限公司,計程車客運業,臺北市信義區林口街38巷36號1樓,6000000,,202610,66/01/01,有限公司,493200,計程車客運,
33902901,哲運交通有限公司,計程車客運業,新北市板橋區長江路1段118號5樓,6000000,,202610,,,,,
42739331,宸名國際小客車租賃有限公司,小客車租賃業,新北市板橋區三民路2段35巷7號2樓,6000000,,202610,107/07/26,有限公司,493911,附駕駛之小客車租賃,
22527921,悅事小客車租賃有限公司,小客車租賃業,臺北市大同區延平北路4段173號2樓,6000000,,202610,91/06/26,有限公司,493911,附駕駛之小客車租賃,
31296464,財星交通有限公司,計程車客運業,臺北市松山區光復北路11巷70號1樓,6000000,,202610,66/12/01,有限公司,493200,計程車客運,
22852382,馬克小客車租賃有限公司,小客車租賃業,臺北市士林區中山北路5段505巷44弄5號3樓,6000000,,202610,91/09/13,有限公司,493911,附駕駛之小客車租賃,
34135098,高順交通有限公司,計程車客運業,新北市樹林區中正路218之5號,6000000,,202610,66/07/15,有限公司,493200,計程車客運,
33657787,國臻交通企業股份有限公司,計程車客運業,新北市三重區重新路5段609巷2號7樓之1,6000000,6000000,202610,66/07/01,股份有限公司,493200,計程車客運,
22843482,寀灃事業有限公司,小客車租賃業,臺北市信義區光復南路495號4樓,6000000,,202610,83/11/07,有限公司,493911,附駕駛之小客車租賃,
33673392,祥生交通有限公司,計程車客運業,新北市中和區中正路406號,6000000,,202610,66/07/01,有限公司,493200,計程車客運,
33686050,祥信交通企業有限公司,計程車客運業,新北市板橋區南雅南路2段3號1樓,6000000,,202610,63/02/01,有限公司,493200,計程車客運,
04627053,速達交通企業有限公司,計程車客運業,臺北市中正區和平西路2段21之1號1樓,6000000,,202610,66/01/01,有限公司,524911,計程車派遣、聯繫服務,
04428189,雪山交通企業有限公司,計程車客運業,臺北市中正區莒光路109號1樓,6000000,,202610,,,,,
20838548,勝峯貨運有限公司,汽車貨運業,臺北市松山區南京東路5段399之1號1樓,6000000,,202610,68/11/01,有限公司,494099,其他汽車貨運,
07640327,博全交通有限公司,計程車客運業,臺北市士林區士商路80號1樓,6000000,,202610,68/07/01,有限公司,493200,計程車客運,
31234221,富友交通有限公司,計程車客運業,臺北市中正區和平西路2段21之1號1樓,6000000,,202610,66/01/01,有限公司,524911,計程車派遣、聯繫服務,
37175706,富恆通運股份有限公司,汽車貨運業,新北市林口區中正路57巷12弄14號3樓,6000000,6000000,202610,80/05/18,股份有限公司,494099,其他汽車貨運,
15859655,華文汽車有限公司,計程車客運業,臺北市松山區南京東路5段66巷22弄13號,6000000,,202610,75/04/30,有限公司,493200,計程車客運,
04346075,隆翔交通企業有限公司,計程車客運業,臺北市北投區公館路211號,6000000,,202610,65/07/01,有限公司,493200,計程車客運,
11201807,順隆交通股份有限公司,計程車客運業,臺北市信義區大道路60號1樓,6000000,6000000,202610,67/09/01,股份有限公司,493200,計程車客運,
04660382,新宜交通有限公司,計程車客運業,臺北市中正區和平西路2段21之1號1樓,6000000,,202610,66/11/01,有限公司,524911,計程車派遣、聯繫服務,
15392010,新風交通股份有限公司,計程車客運業,臺北市中正區和平西路2段21之1號1樓,6000000,6000000,202610,66/01/01,股份有限公司,493200,計程車客運,
04664417,新泰交通有限公司,計程車客運業,臺北市中正區和平西路2段21之1號1樓,6000000,,202610,67/02/01,有限公司,524911,計程車派遣、聯繫服務,
20826085,瑞濤交通有限公司,計程車客運業,臺北市信義區松信路59號1樓,6000000,,202610,68/06/01,有限公司,493200,計程車客運,
33770211,萬事通運企業有限公司,汽車貨運業,臺北市士林區通河東街2段10巷8號1樓,6000000,,202610,65/09/03,有限公司,494099,其他汽車貨運,
04600744,萬佳交通有限公司,計程車客運業,臺北市信義區大道路60號1樓,6000000,,202610,66/01/01,有限公司,493200,計程車客運,
33752608,萬通交通有限公司,計程車客運業,新北市樹林區大安路147號,6000000,,202610,66/07/01,有限公司,493200,計程車客運,
20940537,群力貨運有限公司,汽車貨運業,臺北市中山區建國北路3段113巷4號,6000000,,202610,71/10/14,有限公司,494099,其他汽車貨運,
18936500,鼎賺交通有限公司,計程車客運業,臺北市中正區和平西路2段21之1號,6000000,,202610,66/01/01,有限公司,524911,計程車派遣、聯繫服務,
15865235,嘉鼎交通有限公司,計程車客運業,臺北市信義區忠孝東路5段701號,6000000,,202610,68/11/01,有限公司,493200,計程車客運,
04623177,漢達交通股份有限公司,計程車客運業,臺北市北投區育仁路155之1號2樓,6000000,6000000,202610,64/12/01,股份有限公司,493200,計程車客運,
80626625,熊熊租賃有限公司,小客車租賃業,新北市板橋區中山路2段35號1樓,6000000,,202610,93/05/12,有限公司,772100,汽車租賃,
04980940,銘德交通有限公司,計程車客運業,臺北市松山區塔悠路220號1樓,6000000,,202610,66/01/01,有限公司,493200,計程車客運,
04697748,閤豐交通股份有限公司,計程車客運業,臺北市中山區長安東路2段162號2樓,6000000,6000000,202610,66/01/01,股份有限公司,493200,計程車客運,
04766060,廣利交通企業有限公司,計程車客運業,臺北市萬華區環河南路2段276之2號,6000000,,202610,66/01/01,有限公司,493200,計程車客運,
05059211,慶安交通有限公司,計程車客運業,臺北市萬華區環河南路2段276之2號1樓,6000000,,202610,68/11/01,有限公司,493200,計程車客運,
54771882,樂行租賃有限公司,小客車租賃業,新北市鶯歌區中山路249巷24弄3號4樓,6000000,,202610,102/12/25,有限公司,772100,汽車租賃,
20785676,蓮花交通有限公司,計程車客運業,臺北市中山區松江路39號12樓之4,6000000,,202610,67/05/01,有限公司,493200,計程車客運,
34501475,鋒奕交通有限公司,汽車貨運業,新北市淡水區新市六路1段22號5樓,6000000,,202610,71/09/20,有限公司,494099,其他汽車貨運,
20822659,鋒奕通運有限公司,汽車貨運業,新北市淡水區新市六路1段22號5樓,6000000,,202610,67/10/13,有限公司,494099,其他汽車貨運,
07646125,憶光交通有限公司,計程車客運業,臺北市中正區和平西路2段21之1號,6000000,,202610,68/12/01,有限公司,524911,計程車派遣、聯繫服務,
07638547,憶泉交通有限公司,計程車客運業,臺北市信義區松隆路337號1樓,6000000,,202610,68/06/01,有限公司,524911,計程車派遣、聯繫服務,
12162964,懌光交通事業有限公司,計程車客運業,臺北市信義區大道路60號1樓,6000000,,202610,67/04/01,有限公司,524911,計程車派遣、聯繫服務,
00019187,機童科技有限公司,小客車租賃業,臺北市中山區松江路101號2樓之2,6000000,,202610,113/08/28,有限公司,952100,電腦及其週邊設備維修,
34133922,臻穎交通企業股份有限公司,計程車客運業,新北市三重區重新路5段609巷2號7樓之1,6000000,6000000,202610,66/01/15,股份有限公司,493200,計程車客運,
54877506,龍昇國際租賃有限公司,小客車租賃業,新北市汐止區汐萬路1段196號7樓,6000000,,202610,104/10/22,有限公司,772100,汽車租賃,
04697233,龍翔交通企業有限公司,計程車客運業,臺北市松山區八德路4段322號1樓,6000000,,202610,66/06/01,有限公司,524911,計程車派遣、聯繫服務,
20833831,優力交通有限公司,計程車客運業,臺北市北投區公舘路213號1樓,6000000,,202610,68/09/01,有限公司,493200,計程車客運,
04339399,優互交通有限公司,計程車客運業,臺北市北投區公舘路213號,6000000,,202610,65/04/01,有限公司,493200,計程車客運,
15861913,優雲交通有限公司,計程車客運業,臺北市北投區公舘路213號,6000000,,202610,74/08/23,有限公司,493200,計程車客運,
12162970,燡光交通事業有限公司,計程車客運業,臺北市信義區大道路60號1樓,6000000,,202610,67/04/01,有限公司,524911,計程車派遣、聯繫服務,
07638531,聯軍交通有限公司,計程車客運業,臺北市中正區和平西路2段21之1號,6000000,,202610,68/06/01,有限公司,524911,計程車派遣、聯繫服務,
33752348,聰成交通有限公司,計程車客運業,新北市三重區車路頭街三七巷三二號,6000000,,202610,66/07/01,有限公司,493200,計程車客運,
04719124,聰發交通企業有限公司,計程車客運業,臺北市松山區光復北路240號,6000000,,202610,66/01/01,有限公司,493200,計程車客運,
04690837,謙順交通有限公司,計程車客運業,臺北市松山區塔悠路220號1樓,6000000,,202610,66/01/01,有限公司,493200,計程車客運,
12225980,駿旺交通有限公司,計程車客運業,臺北市中山區長安東路2段162號1樓,6000000,,202610,68/05/01,有限公司,493200,計程車客運,
20598857,駿嘉交通事業有限公司,計程車客運業,臺北市中正區莒光路85號1樓,6000000,,202610,66/01/01,有限公司,493200,計程車客運,
33747681,鴻福交通有限公司,汽車貨運業,新北市蘆洲區長樂路40號5樓,6000000,,202610,68/12/19,有限公司,494099,其他汽車貨運,
30893105,薩馬有限公司,計程車客運業,臺北市內湖區內湖路3段60巷8弄3號4樓,6000000,,202610,68/08/01,有限公司,493200,計程車客運,
33232852,豐永汽車股份有限公司,計程車客運業,新北市中和區員山路502之8號,6000000,6000000,202610,66/07/01,股份有限公司,493200,計程車客運,
33841356,豐聲交通有限公司,計程車客運業,新北市蘆洲區長安街375巷35號(1樓),6000000,,202610,68/11/21,有限公司,493200,計程車客運,
12266412,雙喜汽車貨運有限公司,汽車貨運業,新北市中和區永和路101號,6000000,,202610,74/12/28,有限公司,494099,其他汽車貨運,
04586428,騰達汽車貨運有限公司,汽車貨運業,新北市中和區中正路817號9樓之10,6000000,,202610,65/05/01,有限公司,494099,其他汽車貨運,
20687318,鑫朋交通股份有限公司,計程車客運業,臺北市信義區林口街38巷36號1樓,6000000,6000000,202610,66/01/01,股份有限公司,493200,計程車客運,
11233168,鑫悅交通有限公司,計程車客運業,臺北市松山區南京東路5段66巷2弄15號,6000000,,202610,67/06/01,有限公司,524911,計程車派遣、聯繫服務,
20500910,吉懋交通股份有限公司,計程車客運業,臺北市松山區南京東路5段66巷2弄15號1樓,5800000,5800000,202610,66/01/01,股份有限公司,493200,計程車客運,
18732013,武漢交通企業股份有限公司,計程車客運業,臺北市萬華區萬大路33號1樓,5600000,5600000,202610,66/04/01,股份有限公司,493200,計程車客運,
54657828,和相股份有限公司,小客車租賃業,臺北市中山區長安東路1段16號6樓之2,5500000,5500000,202610,102/12/16,股份有限公司,493911,附駕駛之小客車租賃,02-25961600
51854607,浩發汽車貨運股份有限公司,汽車貨運業,臺北市中山區長春路184號6樓之6,5400000,5400000,202610,53/12/01,股份有限公司,494099,其他汽車貨運,
34180516,海豐交通企業有限公司,計程車客運業,新北市板橋區民生路3段251號(1樓),5400000,,202610,66/12/07,有限公司,493200,計程車客運,
90495708,乘隆車業有限公司,小客車租賃業,臺北市內湖區成功路4段223巷6弄1號3樓,5300000,,202610,110/06/30,有限公司,484111,全新汽車零售,0975695562
11646858,睦豐交通股份有限公司,計程車客運業,臺北市中正區和平西路2段21之1號,5300000,5300000,202610,66/01/01,股份有限公司,493200,計程車客運,
94114126,天天租有限公司,小客車租賃業,臺北市信義區松隆路159巷1號1樓,5259500,,202610,112/05/15,有限公司,772100,汽車租賃,
20505703,金侑交通股份有限公司,計程車客運業,臺北市士林區承德路4段294之2號,5200000,5200000,202610,66/01/01,股份有限公司,493200,計程車客運,
23317923,一乙今榮小客車租賃有限公司,小客車租賃業,新北市三重區重陽路3段5巷28號10樓之3,5000000,,202610,78/06/16,有限公司,772100,汽車租賃,
23282332,一乙安達小客車租賃有限公司,小客車租賃業,新北市三重區重陽路3段5巷28號10樓之3,5000000,,202610,78/03/24,有限公司,772100,汽車租賃,02-28482708
11438704,一心交通股份有限公司,計程車客運業,臺北市松山區南京東路5段66巷22弄13號,5000000,5000000,202610,66/01/01,股份有限公司,493200,計程車客運,
11000180,一品交通股份有限公司,計程車客運業,臺北市松山區南京東路5段66巷22弄13號,5000000,5000000,202610,66/01/01,股份有限公司,493200,計程車客運,
84770848,一峰貨運有限公司,汽車貨運業,臺北市士林區德行西路86號,5000000,,202610,83/04/22,有限公司,494099,其他汽車貨運,
16339725,七九五小客車租賃有限公司,小客車租賃業,新北市新莊區新知三路61號3樓,5000000,,202610,86/12/11,有限公司,772100,汽車租賃,
12246325,九強交通有限公司,計程車客運業,臺北市中正區莒光路109號1樓,5000000,,202610,68/10/01,有限公司,524911,計程車派遣、聯繫服務,
22565950,九賓國際租賃有限公司,小客車租賃業,新北市新莊區自立街81號,5000000,,202610,76/09/05,有限公司,772100,汽車租賃,
30890753,八德交通有限公司,計程車客運業,臺北市松山區南京東路5段66巷22弄13號,5000000,,202610,68/07/01,有限公司,493200,計程車客運,
60593586,八德國際租賃有限公司,小客車租賃業,臺北市大同區民權西路128號10樓,5000000,,202610,114/08/14,有限公司,772100,汽車租賃,
93572236,三二租賃有限公司,小客車租賃業,新北市樹林區中正路637號15樓之3,5000000,,202610,113/03/26,有限公司,772999,未分類其他運輸工具租賃,
04476484,三民交通有限公司,計程車客運業,臺北市中正區和平西路2段21之1號,5000000,,202610,66/08/01,有限公司,493200,計程車客運,
13120133,三菱小客車租賃有限公司,小客車租賃業,臺北市士林區福志路101號1樓,5000000,,202610,91/05/30,有限公司,772100,汽車租賃,
60434379,三贏租車有限公司,小客車租賃業,臺北市中山區長春路172號8樓之8,5000000,,202610,114/11/12,有限公司,493911,附駕駛之小客車租賃,
23217353,三鶯小客車租賃有限公司,小客車租賃業,新北市三峽區復興路67號1樓,5000000,,202610,90/03/22,有限公司,772100,汽車租賃,
20695416,上大交通有限公司,計程車客運業,臺北市萬華區環河南路2段276之2號1樓,5000000,,202610,66/01/01,有限公司,493200,計程車客運,
54050863,上友小客車租賃有限公司,小客車租賃業,新北市三重區重陽路4段152號,5000000,,202610,102/04/08,有限公司,772100,汽車租賃,
22516924,上恩小客車租賃有限公司,小客車租賃業,臺北市中山區吉林路461巷14號1樓,5000000,,202610,,,,,
66389360,上賀租車有限公司,小客車租賃業,新北市板橋區中山路2段422之4號(1樓),5000000,,202610,105/12/19,有限公司,772100,汽車租賃,
60779534,上新租車有限公司,小客車租賃業,新北市板橋區國慶路194號10樓,5000000,,202610,114/04/28,有限公司,772100,汽車租賃,
11548343,上誼交通有限公司,計程車客運業,臺北市中正區同安街81號1樓,5000000,,202610,66/01/01,有限公司,524911,計程車派遣、聯繫服務,
60435095,久大小客車租賃有限公司,小客車租賃業,新北市三重區自強路5段124號,5000000,,202610,114/11/14,有限公司,772100,汽車租賃,
93570770,凡恩租賃有限公司,小客車租賃業,新北市新莊區中德路18號14樓,5000000,,202610,113/03/22,有限公司,772100,汽車租賃,
23182170,千大租賃有限公司,小客車租賃業,新北市三重區名源街24號(1樓),5000000,,202610,78/01/20,有限公司,772911,機車出租,
31236229,千仁交通有限公司,計程車客運業,臺北市北投區公舘路211號,5000000,,202610,66/01/01,有限公司,493200,計程車客運,
30842887,千佳交通有限公司,計程車客運業,臺北市北投區公館路211號,5000000,,202610,67/01/01,有限公司,493200,計程車客運,
66625907,大行租車股份有限公司,小客車租賃業,新北市汐止區民族二街84巷7號2樓,5000000,5000000,202610,106/07/03,股份有限公司,772100,汽車租賃,02-26953036
30866493,大佳交通有限公司,計程車客運業,臺北市中正區莒光路85號1樓,5000000,,202610,67/10/01,有限公司,524911,計程車派遣、聯繫服務,
31239653,大佳通運有限公司,汽車貨運業,新北市中和區秀朗路3段140巷4號1樓,5000000,,202610,80/07/08,有限公司,494099,其他汽車貨運,
23021490,大統小客車租賃有限公司,小客車租賃業,臺北市大安區和平東路3段63號4樓之5,5000000,,202610,77/07/23,有限公司,493911,附駕駛之小客車租賃,
50753757,大福國際租賃有限公司,小客車租賃業,臺北市大同區民權西路136號7樓之2,5000000,,202610,107/03/29,有限公司,493911,附駕駛之小客車租賃,
34253910,大駿交通企業有限公司,計程車客運業,新北市中和區景平路38號1樓,5000000,,202610,68/03/02,有限公司,493200,計程車客運,
04714520,子運交通有限公司,計程車客運業,臺北市南港區向陽路122號,5000000,,202610,66/01/01,有限公司,524911,計程車派遣、聯繫服務,
24902459,小柴昱富小客車租賃有限公司,小客車租賃業,新北市新店區中央路153號10樓之21,5000000,,202610,104/05/21,有限公司,772100,汽車租賃,
00134617,小駒家小客車租賃有限公司,小客車租賃業,新北市蘆洲區中華街18號2樓,5000000,,202610,114/02/26,有限公司,493911,附駕駛之小客車租賃,
12240639,仁安交通有限公司,計程車客運業,臺北市內湖區五分街5號1樓,5000000,,202610,75/01/01,有限公司,493200,計程車客運,
04977298,仁旺汽車有限公司,計程車客運業,臺北市內湖區五分街5號,5000000,,202610,66/01/01,有限公司,493200,計程車客運,
20501002,仁都交通股份有限公司,計程車客運業,臺北市內湖區五分街5號1樓,5000000,5000000,202610,66/01/01,股份有限公司,493200,計程車客運,
30817748,仁誠交通有限公司,計程車客運業,臺北市內湖區五分街5號1樓,5000000,,202610,67/06/01,有限公司,493200,計程車客運,
04293555,仁興交通有限公司,計程車客運業,臺北市內湖區五分街5號1樓,5000000,,202610,66/01/01,有限公司,493200,計程車客運,
89879966,元宏通運有限公司,汽車貨運業,新北市中和區連城路249巷10弄4號1樓,5000000,,202610,83/11/09,有限公司,494099,其他汽車貨運,
31217004,公本交通股份有限公司,計程車客運業,臺北市中山區長安東路2段162號2樓,5000000,5000000,202610,66/01/01,股份有限公司,493200,計程車客運,
33838417,升元物流有限公司,汽車貨運業,新北市新店區安和路3段87巷3號(1樓),5000000,,202610,,,,,
20782777,友欣交通有限公司,計程車客運業,臺北市中正區和平西路2段21之1號1樓,5000000,,202610,67/12/01,有限公司,524911,計程車派遣、聯繫服務,
93799536,天天遊有限公司,小客車租賃業,臺北市信義區松隆路159巷1號1樓,5000000,,202610,112/06/21,有限公司,772100,汽車租賃,
89987698,天沅交通有限公司,汽車貨運業,新北市中和區景新街467巷20弄110之2號2樓,5000000,,202610,83/12/29,有限公司,494099,其他汽車貨運,
12190687,文境小客車租賃有限公司,小客車租賃業,臺北市中山區民生東路2段157號2樓,5000000,,202610,67/09/01,有限公司,465311,汽車零件、汽車百貨批發,
04747304,文瑩交通有限公司,計程車客運業,臺北市士林區葫蘆街110號1樓,5000000,,202610,65/03/01,有限公司,524911,計程車派遣、聯繫服務,
80537412,方舟小客車租賃有限公司,小客車租賃業,新北市新莊區新北大道3段5號4樓之8,5000000,,202610,92/11/10,有限公司,772100,汽車租賃,
64841887,水立元通運有限公司,汽車貨運業,臺北市士林區德行東路266巷8號2樓,5000000,,202610,64/11/21,有限公司,494099,其他汽車貨運,
30881776,世佑交通有限公司,計程車客運業,臺北市北投區文林北路234之4號1樓,5000000,,202610,68/04/01,有限公司,493200,計程車客運,
53324921,世承國際租賃有限公司,小客車租賃業,臺北市內湖區南京東路6段451巷57號10樓之3,5000000,,202610,100/03/31,有限公司,772100,汽車租賃,
18614418,世昌交通企業有限公司,計程車客運業,臺北市松山區南京東路3段346之3號4樓,5000000,,202610,66/01/01,有限公司,493200,計程車客運,
53693353,世界租車有限公司,小客車租賃業,新北市板橋區重慶路308巷20之1號,5000000,,202610,101/03/26,有限公司,772100,汽車租賃,02-29557707
04972580,世珠交通有限公司,計程車客運業,臺北市北投區文林北路234之4號1樓,5000000,,202610,66/01/01,有限公司,493200,計程車客運,
30889720,世唯交通有限公司,計程車客運業,臺北市北投區文林北路234之4號1樓,5000000,,202610,68/07/01,有限公司,493200,計程車客運,
22551560,世遠小客車租賃有限公司,小客車租賃業,臺北市信義區基隆路1段159號13樓,5000000,,202610,77/04/11,有限公司,772100,汽車租賃,
90035212,仟驛國際租賃有限公司,小客車租賃業,新北市三重區重新路4段97號3樓之1,5000000,,202610,111/10/19,有限公司,465112,中古汽車批發,
05003738,北台灣交通有限公司,計程車客運業,臺北市松山區光復南路32巷16弄4號1樓,5000000,,202610,68/05/01,有限公司,524911,計程車派遣、聯繫服務,
62135242,台北租賃有限公司,小客車租賃業,臺北市士林區忠誠路2段40巷14弄11號1樓,5000000,,202610,115/06/30,有限公司,772100,汽車租賃,
53746746,台灣怡路管理顧問股份有限公司,小客車租賃業,臺北市信義區忠孝東路5段1號14樓,5000000,5000000,202610,101/03/19,股份有限公司,782000,人力供應,
33971667,台灣無障礙計程車有限公司,計程車客運業,新北市新莊區新泰路502巷6號2樓,5000000,,202610,65/01/01,有限公司,493200,計程車客運,
00664338,平安運輸有限公司,汽車貨運業,臺北市士林區德行東路266巷8號2樓,5000000,,202610,63/10/01,有限公司,494099,其他汽車貨運,
20774306,弘聖交通有限公司,計程車客運業,臺北市中正區和平西路2段21之1號,5000000,,202610,67/01/01,有限公司,524911,計程車派遣、聯繫服務,
69314673,弘達國際小客車租賃有限公司,小客車租賃業,新北市泰山區新五路1段147號,5000000,,202610,107/02/13,有限公司,493911,附駕駛之小客車租賃,
22998154,本心國際租賃有限公司,小客車租賃業,新北市汐止區樟樹二路270號2樓,5000000,,202610,90/11/05,有限公司,772100,汽車租賃,
20695909,正揚交通股份有限公司,計程車客運業,臺北市南港區南港路3段314巷20號,5000000,5000000,202610,66/01/01,股份有限公司,493200,計程車客運,
15820694,正豐交通有限公司,計程車客運業,臺北市萬華區萬大路33號1樓,5000000,,202610,67/01/01,有限公司,493200,計程車客運,
30860940,民企交通股份有限公司,計程車客運業,臺北市中山區長安東路2段162號2樓,5000000,5000000,202610,67/08/01,股份有限公司,493200,計程車客運,
31201278,民旺交通股份有限公司,計程車客運業,臺北市中山區長安東路2段162號2樓,5000000,5000000,202610,62/02/01,股份有限公司,493200,計程車客運,
20529108,民翊交通股份有限公司,計程車客運業,臺北市中山區長安東路2段162號2樓,5000000,5000000,202610,66/01/01,股份有限公司,493200,計程車客運,
33833861,民群交通有限公司,計程車客運業,新北市中和區員山路502之8號,5000000,,202610,67/09/20,有限公司,524999,未分類其他陸上運輸輔助,
20815123,永二交通股份有限公司,計程車客運業,臺北市信義區松隆路337號1樓,5000000,5000000,202610,68/03/01,股份有限公司,524911,計程車派遣、聯繫服務,
60760269,永珩汽車租賃有限公司,小客車租賃業,臺北市大同區承德路2段114號1樓,5000000,,202610,114/05/08,有限公司,772100,汽車租賃,
54056352,永陞小客車租賃有限公司,小客車租賃業,臺北市士林區德行東路90巷19號,5000000,,202610,,,,,
62047199,永堉汽車租賃有限公司,小客車租賃業,臺北市大同區承德路2段114號1樓,5000000,,202610,115/09/09,有限公司,772100,汽車租賃,
20751514,永暉交通有限公司,計程車客運業,臺北市松山區塔悠路163號1樓,5000000,,202610,66/05/01,有限公司,524911,計程車派遣、聯繫服務,
20801726,永達交通有限公司,計程車客運業,臺北市松山區南京東路5段66巷22弄13號,5000000,,202610,67/10/01,有限公司,493200,計程車客運,
30440188,永榮交通有限公司,計程車客運業,臺北市中正區和平西路2段21之1號,5000000,,202610,79/03/15,有限公司,493200,計程車客運,
12227869,永曄交通股份有限公司,計程車客運業,臺北市松山區南京東路5段66巷22弄13號,5000000,5000000,202610,68/05/01,股份有限公司,493200,計程車客運,
20774615,永聯交通有限公司,計程車客運業,臺北市松山區南京東路5段66巷22弄13號,5000000,,202610,67/01/01,有限公司,493200,計程車客運,
60658026,永譽汽車租賃有限公司,小客車租賃業,新北市永和區保安路150號,5000000,,202610,114/08/12,有限公司,772100,汽車租賃,
15849094,永鑑交通股份有限公司,計程車客運業,臺北市中山區長安東路2段162號2樓,5000000,5000000,202610,68/01/01,股份有限公司,493200,計程車客運,
84778399,生群物流有限公司,汽車貨運業,臺北市中山區南京東路2段90號4樓之1,5000000,,202610,83/05/18,有限公司,494099,其他汽車貨運,
04376345,田園交通事業有限公司,計程車客運業,臺北市士林區葫蘆街110號1樓,5000000,,202610,75/02/09,有限公司,493200,計程車客運,
54175890,白宮國際有限公司,小客車租賃業,臺北市中正區羅斯福路3段126號6樓之2,5000000,,202610,102/03/26,有限公司,493911,附駕駛之小客車租賃,
82888005,禾祥租賃有限公司,小客車租賃業,臺北市信義區光復南路429號3樓,5000000,,202610,108/05/31,有限公司,772100,汽車租賃,
04436575,立安交通有限公司,計程車客運業,臺北市中正區和平西路2段21之1號,5000000,,202610,66/06/01,有限公司,493200,計程車客運,
43735404,立美小客車租賃有限公司,小客車租賃業,臺北市松山區塔悠路163號,5000000,,202610,105/04/20,有限公司,493911,附駕駛之小客車租賃,
20819845,立發交通有限公司,計程車客運業,臺北市松山區南京東路5段66巷2弄15號1樓,5000000,,202610,68/05/01,有限公司,493200,計程車客運,
54877180,立達租賃有限公司,小客車租賃業,新北市林口區中華路521號11樓,5000000,,202610,104/10/22,有限公司,493911,附駕駛之小客車租賃,
04318090,伍祥貨運有限公司,汽車貨運業,臺北市信義區嘉興街304號,5000000,,202610,64/03/01,有限公司,494099,其他汽車貨運,
20801704,兆元汽車有限公司,計程車客運業,臺北市萬華區環河南路2段276之2號1樓,5000000,,202610,67/10/01,有限公司,493200,計程車客運,
60435139,光美小客車租賃有限公司,小客車租賃業,新北市三重區自強路5段124號,5000000,,202610,114/11/14,有限公司,772100,汽車租賃,
31261747,全欣交通股份有限公司,計程車客運業,臺北市萬華區長順街123巷3號3樓,5000000,5000000,202610,67/02/01,股份有限公司,493200,計程車客運,
33756870,全美交通有限公司,計程車客運業,新北市樹林區中山路1段2巷13號2樓,5000000,,202610,66/07/01,有限公司,493200,計程車客運,
60507750,全球八德租賃有限公司,小客車租賃業,新北市蘆洲區復興路230號(1樓),5000000,,202610,114/12/16,有限公司,772100,汽車租賃,
11042702,全發交通股份有限公司,計程車客運業,臺北市萬華區長順街123巷3號3樓,5000000,5000000,202610,66/06/01,股份有限公司,524911,計程車派遣、聯繫服務,
60562922,合致小客車租賃有限公司,小客車租賃業,新北市八里區頂寮五街6號,5000000,,202610,114/08/21,有限公司,772100,汽車租賃,
04717723,合翔交通有限公司,計程車客運業,臺北市南港區東新街105號,5000000,,202610,66/01/01,有限公司,524911,計程車派遣、聯繫服務,
14026353,吉成交通企業有限公司,計程車客運業,臺北市大安區和平東路3段330號3樓,5000000,,202610,71/01/01,有限公司,493200,計程車客運,
97376571,吉航汽車租賃有限公司,小客車租賃業,臺北市松山區民生東路3段113巷25弄8號1樓,5000000,,202610,113/06/14,有限公司,772100,汽車租賃,
25129881,吉軒國際租賃有限公司,小客車租賃業,臺北市士林區葫蘆街23巷10號3樓,5000000,,202610,99/05/18,有限公司,493911,附駕駛之小客車租賃,
34253947,吉駿交通有限公司,計程車客運業,新北市蘆洲區永安南路2段28號1樓,5000000,,202610,68/01/01,有限公司,493200,計程車客運,
60697935,好康福祉租賃車有限公司,小客車租賃業,新北市新莊區新泰路502巷6號2樓,5000000,,202610,114/05/21,有限公司,772100,汽車租賃,
90386650,好晨欣租賃有限公司,小客車租賃業,新北市淡水區濱海路3段148巷89號4樓,5000000,,202610,111/08/29,有限公司,529099,未分類其他運輸輔助,
28832758,好順小客車租賃有限公司,小客車租賃業,臺北市大同區承德路2段124號1樓,5000000,,202610,97/01/04,有限公司,772100,汽車租賃,
54316651,安妮國際租賃有限公司,小客車租賃業,新北市中和區忠孝街2巷19弄10號(1樓),5000000,,202610,102/12/16,有限公司,731099,其他廣告服務,
50788643,安昱汽車租賃有限公司,小客車租賃業,新北市三重區集勇街96號(1樓),5000000,,202610,107/07/03,有限公司,772100,汽車租賃,
62083997,安耆租賃有限公司,小客車租賃業,新北市樹林區中正路637號15樓之3,5000000,,202610,115/09/07,有限公司,772100,汽車租賃,
23313715,安速小客車租賃有限公司,小客車租賃業,臺北市萬華區武成街127號,5000000,,202610,78/06/01,有限公司,493911,附駕駛之小客車租賃,
83493108,安富國際租賃有限公司,小客車租賃業,新北市樹林區中正路637號15樓之3,5000000,,202610,108/12/04,有限公司,772100,汽車租賃,
34162756,年春交通有限公司,計程車客運業,新北市中和區中正路85號(1樓),5000000,,202610,66/07/15,有限公司,493200,計程車客運,
93575178,老司機國際租賃有限公司,小客車租賃業,臺北市中正區中華路2段303巷13號1樓,5000000,,202610,113/03/25,有限公司,772100,汽車租賃,
24557935,艾卡國際小客車租賃有限公司,小客車租賃業,臺北市松山區光復南路33巷26號,5000000,,202610,103/06/16,有限公司,493911,附駕駛之小客車租賃,
60645162,艾維亞國際租賃有限公司,小客車租賃業,臺北市北投區中和街20巷2號12樓之3,5000000,,202610,114/07/01,有限公司,772100,汽車租賃,
60506561,行有愛福祉車租賃有限公司,小客車租賃業,新北市新莊區新泰路502巷6號2樓,5000000,,202610,114/12/10,有限公司,772100,汽車租賃,
84082808,亨利小客車租賃股份有限公司,小客車租賃業,臺北市大同區西寧北路63之2號,5000000,5000000,202610,81/12/22,股份有限公司,493911,附駕駛之小客車租賃,
24877796,余列長小客車租賃有限公司,小客車租賃業,臺北市中正區臨沂街27巷9號2樓之4,5000000,,202610,104/03/18,有限公司,772100,汽車租賃,
50881227,你好租賃有限公司,小客車租賃業,新北市土城區中央路3段187號7樓,5000000,,202610,107/10/15,有限公司,493911,附駕駛之小客車租賃,
23317888,克羅諾斯動力有限公司,小客車租賃業,臺北市大安區敦化南路2段97號2樓,5000000,,202610,78/06/16,有限公司,493911,附駕駛之小客車租賃,
53348888,呈祥國際租賃有限公司,小客車租賃業,新北市林口區麗園一街11巷5號2樓之4,5000000,,202610,100/06/16,有限公司,772100,汽車租賃,
89164125,均安租賃有限公司,小客車租賃業,新北市中和區員山路210號(4樓),5000000,,202610,112/01/11,有限公司,493911,附駕駛之小客車租賃,
22697312,役者小客車租賃有限公司,小客車租賃業,新北市新莊區民安西路196巷2弄8號2樓,5000000,,202610,76/12/29,有限公司,772100,汽車租賃,
89129296,步步小客車租賃有限公司,小客車租賃業,臺北市中正區博愛路47號7樓,5000000,,202610,111/12/08,有限公司,493911,附駕駛之小客車租賃,
80543364,汶霖小客車租賃有限公司,小客車租賃業,臺北市士林區德行東路46巷6弄9號5樓,5000000,,202610,92/11/25,有限公司,772100,汽車租賃,
93937860,玖肆伍參國際租賃有限公司,小客車租賃業,新北市瑞芳區一坑路378號,5000000,,202610,112/07/10,有限公司,493911,附駕駛之小客車租賃,
80657605,玖龍國際有限公司,小客車租賃業,新北市汐止區新台五路1段188號4樓之1,5000000,,202610,93/03/08,有限公司,772100,汽車租賃,
24715511,玖翼國際有限公司,小客車租賃業,新北市淡水區新民街1段167號,5000000,,202610,103/12/24,有限公司,772100,汽車租賃,
31204036,良祥交通企業有限公司,計程車客運業,臺北市松山區八德路4段322號1樓,5000000,,202610,66/01/01,有限公司,493200,計程車客運,
42657696,車爺小客車租賃有限公司,小客車租賃業,臺北市大安區辛亥路3段157巷22弄4號,5000000,,202610,104/11/02,有限公司,772100,汽車租賃,
24570986,辰達租車股份有限公司,小客車租賃業,新北市三峽區民生街19巷7弄16之5號7樓,5000000,5000000,202610,103/07/28,股份有限公司,465111,全新汽車批發,02-2515-2270
35000028,亞昕交通有限公司,計程車客運業,新北市土城區興城路86號3樓,5000000,,202610,66/07/01,有限公司,493200,計程車客運,
95468808,京旺小客車租賃有限公司,小客車租賃業,新北市新莊區福壽街94巷13弄1號4樓,5000000,,202610,113/05/02,有限公司,772100,汽車租賃,
54049016,京航小客車租賃有限公司,小客車租賃業,新北市新莊區自立街220之1號,5000000,,202610,102/03/28,有限公司,772100,汽車租賃,
54708468,京通小客車租賃有限公司,小客車租賃業,新北市新莊區自立街220之1號,5000000,,202610,103/03/28,有限公司,772100,汽車租賃,
89626013,京華小客車租賃有限公司,小客車租賃業,臺北市中正區西藏路80號1樓,5000000,,202610,85/01/01,有限公司,772100,汽車租賃,
53696788,京輝小客車租賃有限公司,小客車租賃業,新北市新莊區自立街220之1號(2樓),5000000,,202610,101/04/11,有限公司,493911,附駕駛之小客車租賃,
54645176,佰德國際貿易有限公司,小客車租賃業,臺北市中正區忠孝西路1段50號18樓之19,5000000,,202610,102/11/05,有限公司,454999,未分類其他食品批發,0913921299
85024637,佳禾通業股份有限公司,小客車租賃業,臺北市中山區長春路172號10樓之7,5000000,5000000,202610,100/01/19,股份有限公司,772100,汽車租賃,
12243609,佳玨交通有限公司,計程車客運業,臺北市中正區和平西路2段21之1號1樓,5000000,,202610,68/09/01,有限公司,524911,計程車派遣、聯繫服務,
94157877,佳倫國際租賃有限公司,小客車租賃業,臺北市士林區社子街125巷29號1樓,5000000,,202610,,,,,
20861239,來發貨運交通有限公司,汽車貨運業,臺北市信義區虎林街164巷60弄26號1樓,5000000,,202610,69/07/01,有限公司,494099,其他汽車貨運,
82972811,協鎂國際機械工程有限公司,小客車租賃業,新北市林口區中山路250號7樓,5000000,,202610,112/03/02,有限公司,711299,其他工程服務及相關技術顧問,02-26021807
07352514,和益交通股份有限公司,計程車客運業,臺北市中正區和平西路2段21之1號1樓,5000000,5000000,202610,67/07/01,股份有限公司,493200,計程車客運,
20861224,和發交通運輸有限公司,汽車貨運業,新北市五股區新五路3段15號14樓,5000000,,202610,69/07/01,有限公司,494099,其他汽車貨運,
93795124,固得國際租賃有限公司,小客車租賃業,新北市新莊區福前街336號(1樓),5000000,,202610,112/06/16,有限公司,772100,汽車租賃,
54864684,坤威國際租賃有限公司,小客車租賃業,新北市樹林區三俊街192號,5000000,,202610,104/08/24,有限公司,493911,附駕駛之小客車租賃,
20874810,孟展貨運有限公司,汽車貨運業,臺北市萬華區成都路135號6樓之1,5000000,,202610,69/12/01,有限公司,494099,其他汽車貨運,
50850836,尚鼎租賃有限公司,小客車租賃業,新北市板橋區板新路141號(1樓),5000000,,202610,107/09/17,有限公司,772100,汽車租賃,
89840386,尚鴻小客車租賃有限公司,小客車租賃業,新北市三重區自強路2段35號1樓,5000000,,202610,83/09/05,有限公司,772100,汽車租賃,
82910647,尚鴻租車股份有限公司,小客車租賃業,臺北市大安區和平東路3段330號3樓,5000000,5000000,202610,108/06/27,股份有限公司,772100,汽車租賃,
42731247,尚騰資融股份有限公司,小客車租賃業,新北市新莊區中正路50號,5000000,5000000,202610,107/06/20,股份有限公司,772100,汽車租賃,
53947379,幸福一百永續小客車租賃有限公司,小客車租賃業,新北市林口區文化二路1段68巷20號之2,5000000,,202610,101/11/02,有限公司,772100,汽車租賃,
12115787,忠仁交通股份有限公司,計程車客運業,臺北市中山區長安東路2段162號2樓,5000000,5000000,202610,66/04/01,股份有限公司,493200,計程車客運,
84270442,忠孝通運有限公司,汽車貨運業,臺北市中正區仁愛路1段23巷16號1樓,5000000,,202610,83/01/24,有限公司,494099,其他汽車貨運,
31108195,忠勝交通有限公司,計程車客運業,臺北市北投區公舘路211號1樓,5000000,,202610,68/07/01,有限公司,493200,計程車客運,
12113850,忠僑交通股份有限公司,計程車客運業,臺北市中山區長安東路2段162號2樓,5000000,5000000,202610,66/04/01,股份有限公司,493200,計程車客運,
90178739,承藝租賃有限公司,小客車租賃業,新北市新莊區中德路18號14樓,5000000,,202610,111/05/19,有限公司,464111,電腦及電腦週邊設備批發,
34300580,旺興交通股份有限公司,計程車客運業,新北市三重區中正南路84號11樓,5000000,5000000,202610,67/01/01,股份有限公司,524911,計程車派遣、聯繫服務,
66490669,昇恆昌小客車租賃有限公司,小客車租賃業,新北市板橋區中正路216巷2弄13號3樓,5000000,,202610,106/02/23,有限公司,465111,全新汽車批發,
22881339,昇茂小客車租賃有限公司,小客車租賃業,臺北市中山區吉林路461巷14號1樓,5000000,,202610,77/08/01,有限公司,493911,附駕駛之小客車租賃,
20750557,昌鑫交通股份有限公司,汽車貨運業,新北市新莊區民安西路245巷1號2樓,5000000,5000000,202610,66/06/01,股份有限公司,494099,其他汽車貨運,
24947033,明星汽車有限公司,小客車租賃業,臺北市南港區向陽路122號,5000000,,202610,,,,,
93721735,明星汽車有限公司,小客車租賃業,臺北市南港區向陽路122號,5000000,,202610,113/01/15,有限公司,493911,附駕駛之小客車租賃,
93605790,易租有限公司,小客車租賃業,新北市三重區三和路4段125巷4號,5000000,,202610,113/03/08,有限公司,772100,汽車租賃,
22868785,東元國際租賃有限公司,小客車租賃業,臺北市中正區中華路2段75巷23號1樓,5000000,,202610,77/08/13,有限公司,484311,汽車零件、汽車百貨零售,
31123999,東友交通有限公司,計程車客運業,臺北市松山區南京東路5段66巷2弄15號1樓,5000000,,202610,69/03/01,有限公司,493200,計程車客運,
54738630,東吳頂級小客車租賃有限公司,小客車租賃業,新北市樹林區保安街2段325巷64號5樓,5000000,,202610,103/08/07,有限公司,772100,汽車租賃,
12689025,東翔小客車租賃有限公司,小客車租賃業,臺北市大同區延平北路4段173之1號2樓,5000000,,202610,90/02/22,有限公司,493911,附駕駛之小客車租賃,
31247653,東運交通有限公司,計程車客運業,臺北市松山區南京東路5段66巷2弄15號1樓,5000000,,202610,66/01/01,有限公司,493200,計程車客運,
20593229,東錦交通事業有限公司,計程車客運業,臺北市大同區重慶北路3段223巷3號1樓,5000000,,202610,66/06/01,有限公司,493200,計程車客運,
20826711,松大交通有限公司,計程車客運業,臺北市松山區塔悠路163號,5000000,,202610,68/07/01,有限公司,524911,計程車派遣、聯繫服務,
04560503,松丞交通有限公司,計程車客運業,臺北市松山區塔悠路163號1樓,5000000,,202610,67/12/01,有限公司,524911,計程車派遣、聯繫服務,
34066331,松全交通有限公司,計程車客運業,新北市土城區中華路1段211號,5000000,,202610,71/04/01,有限公司,524911,計程車派遣、聯繫服務,
04560519,松恆交通有限公司,計程車客運業,臺北市松山區塔悠路163號1樓,5000000,,202610,67/11/01,有限公司,524911,計程車派遣、聯繫服務,
60308534,林口租賃有限公司,小客車租賃業,臺北市士林區忠誠路2段40巷14弄11號1樓,5000000,,202610,115/03/20,有限公司,772100,汽車租賃,
24710712,河駱汽車租賃有限公司,小客車租賃業,新北市新莊區福營路311號,5000000,,202610,103/11/27,有限公司,772100,汽車租賃,02-29021116
83684388,泊泊車有限公司,小客車租賃業,臺北市信義區松隆路159巷1號1樓,5000000,,202610,109/07/14,有限公司,772100,汽車租賃,
62126052,玩遍天下國際租賃有限公司,小客車租賃業,新北市新莊區幸福路670巷7號(1樓),5000000,,202610,115/06/04,有限公司,772100,汽車租賃,
07609260,知伯交通股份有限公司,計程車客運業,臺北市中山區長安東路2段162號2樓,5000000,5000000,202610,66/09/01,股份有限公司,493200,計程車客運,
60791827,芳鄰汽車租賃有限公司,小客車租賃業,臺北市松山區南京東路3段346之3號4樓,5000000,,202610,114/05/13,有限公司,772100,汽車租賃,
04769313,金良交通企業有限公司,計程車客運業,臺北市信義區松隆路337號1樓,5000000,,202610,66/01/01,有限公司,524911,計程車派遣、聯繫服務,
54838048,金典小客車租賃有限公司,小客車租賃業,新北市三重區河邊北街168號(1樓),5000000,,202610,104/05/05,有限公司,772100,汽車租賃,
50898156,金便利租車有限公司,小客車租賃業,臺北市松山區敦化北路102號6樓,5000000,,202610,,,,,
62237590,金城國際租賃有限公司,小客車租賃業,臺北市中山區長春路172號8樓之11,5000000,,202610,115/05/14,有限公司,772100,汽車租賃,
04320814,金皇冠交通有限公司,計程車客運業,臺北市信義區松隆路337號,5000000,,202610,66/01/01,有限公司,524911,計程車派遣、聯繫服務,
24033121,金暉交通企業有限公司,計程車客運業,臺北市信義區松隆路337號1樓,5000000,,202610,66/01/01,有限公司,524911,計程車派遣、聯繫服務,
24031714,金德交通企業有限公司,計程車客運業,臺北市信義區松隆路337號1樓,5000000,,202610,66/01/01,有限公司,524911,計程車派遣、聯繫服務,
83001357,長勝國際租賃有限公司,小客車租賃業,新北市五股區芳洲二路136號12樓,5000000,,202610,112/03/23,有限公司,772100,汽車租賃,
16960068,長鴻國際租賃有限公司,小客車租賃業,新北市新莊區福壽街99巷11弄4號3樓,5000000,,202610,88/07/14,有限公司,493911,附駕駛之小客車租賃,
30886131,青城交通有限公司,計程車客運業,臺北市信義區松隆路337號1樓,5000000,,202610,68/06/01,有限公司,524911,計程車派遣、聯繫服務,
24717905,便宜租車有限公司,小客車租賃業,新北市中和區連城路446之3號,5000000,,202610,103/12/30,有限公司,772100,汽車租賃,
31110299,促成交通有限公司,計程車客運業,臺北市文山區興隆路3段36巷14弄12號1樓,5000000,,202610,,,,,
93636415,保盈小客車租賃有限公司,小客車租賃業,新北市土城區金城路2段252號4樓,5000000,,202610,113/01/26,有限公司,772100,汽車租賃,
19125000,保康交通有限公司,計程車客運業,臺北市萬華區青年路174號,5000000,,202610,66/01/01,有限公司,493200,計程車客運,
86008396,信義小客車租賃有限公司,小客車租賃業,臺北市文山區辛亥路5段98號,5000000,,202610,80/06/06,有限公司,772100,汽車租賃,02-23027899
22578836,信德小客車租賃有限公司,小客車租賃業,新北市汐止區水源路2段72巷31弄2號(1樓),5000000,,202610,76/08/22,有限公司,493911,附駕駛之小客車租賃,
07307130,信誼交通股份有限公司,汽車貨運業,臺北市中山區建國北路3段113巷4號,5000000,5000000,202610,60/07/01,股份有限公司,494099,其他汽車貨運,
22979240,勇享國際租賃有限公司,小客車租賃業,新北市中和區中正路416號(1樓),5000000,,202610,91/04/23,有限公司,493911,附駕駛之小客車租賃,
12229748,品人交通有限公司,計程車客運業,臺北市松山區南京東路4段120巷19弄23號1樓,5000000,,202610,68/06/01,有限公司,493200,計程車客運,
52924996,奕鑫國際租賃有限公司,小客車租賃業,新北市汐止區福德一路342巷3弄27號,5000000,,202610,106/08/23,有限公司,465311,汽車零件、汽車百貨批發,
95485784,威力汽車有限公司,小客車租賃業,臺北市大同區敦煌路100號1樓,5000000,,202610,113/06/03,有限公司,772100,汽車租賃,
30886483,威明交通有限公司,計程車客運業,臺北市萬華區西園路2段328號,5000000,,202610,68/06/01,有限公司,524911,計程車派遣、聯繫服務,
62249765,建竣交通有限公司,小客車租賃業,新北市三重區三陽路111號(1樓),5000000,,202610,115/04/13,有限公司,772100,汽車租賃,
60697246,建竣有限公司,小客車租賃業,新北市三重區三陽路109號,5000000,,202610,114/05/19,有限公司,493911,附駕駛之小客車租賃,
60616482,建竣汽車有限公司,小客車租賃業,新北市三重區三陽路111號,5000000,,202610,114/07/16,有限公司,493911,附駕駛之小客車租賃,
60497401,建竣車業有限公司,小客車租賃業,臺北市大同區重慶北路3段254號1樓,5000000,,202610,114/11/07,有限公司,772100,汽車租賃,
60777037,建竣運通有限公司,小客車租賃業,臺北市大同區重慶北路3段254號1樓,5000000,,202610,114/03/25,有限公司,772100,汽車租賃,
83250812,拾捌汽車有限公司,小客車租賃業,臺北市文山區羅斯福路5段49號,5000000,,202610,110/02/03,有限公司,772100,汽車租賃,
60599456,星海力小客車租賃有限公司,小客車租賃業,臺北市信義區松隆路159巷1號1樓,5000000,,202610,114/08/20,有限公司,772100,汽車租賃,
42866119,星動力小客車租賃有限公司,小客車租賃業,臺北市信義區松隆路159巷1號1樓,5000000,,202610,105/08/01,有限公司,493911,附駕駛之小客車租賃,
52799913,星晨國際租賃有限公司,小客車租賃業,臺北市內湖區行愛路51號5樓,5000000,,202610,106/07/03,有限公司,772100,汽車租賃,
30892801,春億交通有限公司,計程車客運業,臺北市信義區松信路59號1樓,5000000,,202610,68/08/01,有限公司,524911,計程車派遣、聯繫服務,
50983110,派金有限公司,小客車租賃業,新北市三重區三和路4段125巷4號,5000000,,202610,108/01/16,有限公司,772100,汽車租賃,
82816636,為新租賃股份有限公司,小客車租賃業,臺北市中山區南京東路2段174號8樓,5000000,5000000,202610,108/02/23,股份有限公司,493911,附駕駛之小客車租賃,
24553136,盈達國際有限公司,小客車租賃業,臺北市南港區南港路2段202號1樓,5000000,,202610,103/05/29,有限公司,772100,汽車租賃,
69305999,看見台灣小客車租賃有限公司,小客車租賃業,新北市板橋區中正路216巷2弄13號3樓,5000000,,202610,107/02/09,有限公司,772100,汽車租賃,
82990803,紀逸國際有限公司,小客車租賃業,新北市林口區忠孝路622巷3弄7號,5000000,,202610,112/03/15,有限公司,772100,汽車租賃,
96810035,英洲汽車有限公司,小客車租賃業,新北市淡水區新市六路1段22號5樓,5000000,,202610,113/06/14,有限公司,772100,汽車租賃,
12140667,英皇交通企業有限公司,計程車客運業,臺北市中正區和平西路2段21之1號,5000000,,202610,66/09/01,有限公司,524911,計程車派遣、聯繫服務,
94271547,茁越國際租賃有限公司,小客車租賃業,新北市三重區河邊北街162號,5000000,,202610,112/10/06,有限公司,772100,汽車租賃,
34168999,郁豐交通有限公司,計程車客運業,新北市五股區成泰路3段355號,5000000,,202610,67/10/15,有限公司,493200,計程車客運,
04712327,飛虹交通有限公司,計程車客運業,臺北市松山區南京東路5段66巷22弄13號,5000000,,202610,66/01/01,有限公司,493200,計程車客運,
89482368,飛龍巴士小客車租賃有限公司,小客車租賃業,臺北市中山區長春路172號8樓之9,5000000,,202610,84/09/01,有限公司,493911,附駕駛之小客車租賃,
23478244,宸達小客車租賃有限公司,小客車租賃業,臺北市中山區中山北路3段27號7樓之10,5000000,,202610,78/09/29,有限公司,493911,附駕駛之小客車租賃,
93609281,宸鋐國際車業有限公司,小客車租賃業,臺北市中山區長春路172號6樓之3,5000000,,202610,113/03/18,有限公司,465112,中古汽車批發,
12138873,展達交通有限公司,計程車客運業,臺北市中正區和平西路2段21之1號,5000000,,202610,75/06/01,有限公司,493200,計程車客運,
94176939,恩尼斯國際租賃有限公司,小客車租賃業,臺北市北投區中和街20巷2號12樓之3,5000000,,202610,112/09/08,有限公司,772100,汽車租賃,
24273162,悅昕國際企業有限公司,小客車租賃業,新北市新店區安興路5號B2之46,5000000,,202610,97/12/31,有限公司,465311,汽車零件、汽車百貨批發,
33787613,振陽交通興業有限公司,計程車客運業,新北市土城區中華路1段5號(1樓),5000000,,202610,68/05/01,有限公司,524911,計程車派遣、聯繫服務,
50973289,旅平租賃有限公司,小客車租賃業,新北市三重區三和路4段125巷4號,5000000,,202610,107/11/21,有限公司,772100,汽車租賃,
54191667,旅見小客車租賃有限公司,小客車租賃業,臺北市中正區忠孝東路2段39巷2弄6號1樓,5000000,,202610,102/04/08,有限公司,772100,汽車租賃,
20826493,晟運交通企業有限公司,計程車客運業,臺北市信義區林口街38巷36號1樓,5000000,,202610,68/08/01,有限公司,524911,計程車派遣、聯繫服務,
12248718,泰昇交通有限公司,計程車客運業,臺北市中正區同安街81號1樓,5000000,,202610,68/10/01,有限公司,524911,計程車派遣、聯繫服務,
42695452,泰致汽車租賃有限公司,小客車租賃業,新北市淡水區大忠街41巷22號,5000000,,202610,,,,,
54331528,浩豐國際租賃有限公司,小客車租賃業,臺北市信義區基隆路2段135號2樓,5000000,,202610,,,,,
94157932,益心交通有限公司,小客車租賃業,新北市蘆洲區復興路87巷6號3樓,5000000,,202610,112/11/14,有限公司,524999,未分類其他陸上運輸輔助,
69327656,益勤小客車租賃有限公司,小客車租賃業,新北市三峽區三樹路168巷17號(1樓),5000000,,202610,107/03/06,有限公司,772100,汽車租賃,
20774376,益源交通股份有限公司,計程車客運業,臺北市北投區育仁路155之1號2樓,5000000,5000000,202610,74/07/01,股份有限公司,493200,計程車客運,
12243586,祖淳交通有限公司,計程車客運業,臺北市中正區和平西路2段21之1號1樓,5000000,,202610,68/09/01,有限公司,524911,計程車派遣、聯繫服務,
54029010,神州租賃有限公司,小客車租賃業,新北市中和區景平路77號,5000000,,202610,101/12/20,有限公司,484311,汽車零件、汽車百貨零售,
23309753,納利丰國際租車有限公司,小客車租賃業,臺北市大同區民權西路236號2樓,5000000,,202610,78/11/16,有限公司,493911,附駕駛之小客車租賃,
54811505,航空城小客車租賃有限公司,小客車租賃業,新北市三重區中央南路67-1號,5000000,,202610,103/05/12,有限公司,493911,附駕駛之小客車租賃,
20801676,財旺交通有限公司,計程車客運業,臺北市松山區南京東路5段66巷2弄15號1樓,5000000,,202610,67/10/01,有限公司,493200,計程車客運,
04884881,財盛交通事業有限公司,計程車客運業,臺北市松山區南京東路5段66巷2弄15號,5000000,,202610,68/11/01,有限公司,493200,計程車客運,
94273637,馬力通國際通運有限公司,小客車租賃業,臺北市中山區長春路172號6樓之3,5000000,,202610,112/09/25,有限公司,493911,附駕駛之小客車租賃,
50980198,康健服務事業有限公司,小客車租賃業,新北市新店區廣興路7號6樓,5000000,,202610,107/12/27,有限公司,771999,未分類其他機械設備租賃,
18789937,得利交通有限公司,計程車客運業,臺北市中正區和平西路2段21之1號,5000000,,202610,66/01/01,有限公司,493200,計程車客運,
42658415,悠遊租賃有限公司,小客車租賃業,新北市土城區金城路3段52巷1號8樓,5000000,,202610,104/11/03,有限公司,493911,附駕駛之小客車租賃,
90803901,悠遊國際租賃有限公司,小客車租賃業,臺北市中山區長安東路1段16號7樓之2,5000000,,202610,110/05/12,有限公司,772100,汽車租賃,
53126507,捷昇小客車租賃股份有限公司,小客車租賃業,臺北市信義區松德路241號1樓,5000000,5000000,202610,,,,,
54349978,晨安交通事業有限公司,小客車租賃業,臺北市南港區成功路1段32號5樓之10,5000000,,202610,102/08/13,有限公司,772100,汽車租賃,
93762405,晨芯國際租賃有限公司,小客車租賃業,新北市土城區日和街31號(1樓),5000000,,202610,112/06/30,有限公司,772100,汽車租賃,
90256734,晨曦租賃有限公司,小客車租賃業,臺北市萬華區萬大路407號,5000000,,202610,111/04/13,有限公司,772100,汽車租賃,
22723212,祥有小客車租賃有限公司,小客車租賃業,新北市新店區吉安街17之1號,5000000,,202610,76/11/30,有限公司,772100,汽車租賃,
96827676,祥易國際租賃有限公司,小客車租賃業,臺北市大同區敦煌路180號,5000000,,202610,113/05/08,有限公司,772100,汽車租賃,
95495517,祥億國際租賃有限公司,小客車租賃業,臺北市大同區民權西路128號10樓,5000000,,202610,113/06/21,有限公司,772100,汽車租賃,
16262845,連益國際租賃有限公司,小客車租賃業,臺北市大安區仁愛路4段125號3樓,5000000,,202610,86/11/17,有限公司,772100,汽車租賃,
42566078,陸達通運有限公司,汽車貨運業,新北市永和區中正路316號8樓之1,5000000,,202610,104/06/04,有限公司,494099,其他汽車貨運,
52854751,頂好小客車租賃有限公司,小客車租賃業,臺北市文山區羅斯福路5段273號1樓,5000000,,202610,106/07/18,有限公司,772100,汽車租賃,
22828996,傑瑞租車國際有限公司,小客車租賃業,臺北市士林區福志路101號,5000000,,202610,87/10/15,有限公司,493911,附駕駛之小客車租賃,
22636955,凱迪小客車租賃有限公司,小客車租賃業,臺北市中山區民族東路214號,5000000,,202610,76/10/01,有限公司,493911,附駕駛之小客車租賃,
04533957,凱蒂交通有限公司,計程車客運業,臺北市萬華區青年路174號1樓,5000000,,202610,66/01/01,有限公司,493200,計程車客運,
53774828,勝境小客車租賃有限公司,小客車租賃業,臺北市中山區民生東路2段157號2樓,5000000,,202610,101/06/15,有限公司,465311,汽車零件、汽車百貨批發,
53530921,博衡國際股份有限公司,小客車租賃業,臺北市內湖區石潭路65號14樓,5000000,5000000,202610,100/08/26,股份有限公司,484112,中古汽車零售,02-27941192
53348418,富貴康小客車租賃有限公司,小客車租賃業,臺北市中山區復興北路48號3樓,5000000,,202610,100/06/15,有限公司,465112,中古汽車批發,0910368302
03430715,復新交通有限公司,計程車客運業,臺北市松山區光復北路240號,5000000,,202610,66/01/01,有限公司,493200,計程車客運,
54781880,惠眾交通有限公司,小客車租賃業,新北市新店區北新路3段156號3樓,5000000,,202610,103/01/29,有限公司,772100,汽車租賃,
30815853,敦皇交通有限公司,計程車客運業,臺北市中正區和平西路2段21之1號,5000000,,202610,66/12/01,有限公司,493200,計程車客運,
54553014,智旅國際有限公司,小客車租賃業,新北市中和區德光路94號2樓,5000000,,202610,,,,,
30883129,華丞交通股份有限公司,計程車客運業,臺北市信義區松隆路337號1樓,5000000,5000000,202610,68/05/01,股份有限公司,524911,計程車派遣、聯繫服務,
82813321,華新國際租賃有限公司,小客車租賃業,臺北市中山區濱江街臨163號,5000000,,202610,108/03/21,有限公司,772100,汽車租賃,
03444703,華麗交通股份有限公司,計程車客運業,臺北市信義區忠孝東路5段701號1樓,5000000,5000000,202610,67/07/01,股份有限公司,524911,計程車派遣、聯繫服務,
62055177,貴賓國際租賃有限公司,小客車租賃業,新北市新店區安民街156巷22號,5000000,,202610,115/06/03,有限公司,772100,汽車租賃,
34268809,超便宜物流有限公司,汽車貨運業,新北市板橋區文化路1段329號4樓,5000000,,202610,68/05/21,有限公司,494099,其他汽車貨運,
22941126,超順通運有限公司,小客車租賃業,新北市汐止區大同路1段336號2樓,5000000,,202610,77/06/17,有限公司,772100,汽車租賃,02-86626721
90545382,逸駕國際租賃有限公司,小客車租賃業,臺北市中山區長安東路2段162號7樓,5000000,,202610,110/10/26,有限公司,772100,汽車租賃,02-87914557
04982068,鈞騰交通有限公司,計程車客運業,臺北市南港區南港路2段206號1樓,5000000,,202610,67/07/01,有限公司,493200,計程車客運,
35960258,隆成交通有限公司,計程車客運業,新北市板橋區南雅南路2段3號1樓,5000000,,202610,68/07/01,有限公司,493911,附駕駛之小客車租賃,
34253904,隆鼎交通企業有限公司,計程車客運業,新北市淡水區清水街105號3樓,5000000,,202610,68/03/02,有限公司,493200,計程車客運,
34415485,集安交通有限公司,汽車貨運業,新北市樹林區復興路373巷7弄26號4樓,5000000,,202610,69/06/26,有限公司,494099,其他汽車貨運,
54078709,順興小客車租賃有限公司,小客車租賃業,新北市新店區安興路127之3號(1樓),5000000,,202610,102/06/19,有限公司,493911,附駕駛之小客車租賃,
69295606,黑桃國際小客車租賃有限公司,小客車租賃業,新北市新莊區民安西路196巷2弄8號2樓,5000000,,202610,,,,,
95426673,微笑汽車租賃有限公司,小客車租賃業,新北市板橋區四川路1段23號9樓之1,5000000,,202610,113/05/08,有限公司,772100,汽車租賃,
96158767,微笑汽車租賃有限公司,小客車租賃業,新北市板橋區四川路1段23號9樓之1,5000000,,202610,,,,,
28444201,愷譽展業股份有限公司,小客車租賃業,臺北市大安區和平東路2段60號1樓,5000000,5000000,202610,95/11/09,股份有限公司,772100,汽車租賃,
22676689,新日鑫小客車租賃有限公司,小客車租賃業,臺北市中正區水源路39之1號,5000000,,202610,77/01/11,有限公司,493911,附駕駛之小客車租賃,
83572308,新茂國際租賃有限公司,小客車租賃業,新北市永和區信義路25巷19弄1號2樓,5000000,,202610,109/01/09,有限公司,772100,汽車租賃,
54701303,新景顧問有限公司,小客車租賃業,新北市新莊區中平路6巷37號,5000000,,202610,103/03/03,有限公司,772100,汽車租賃,
04667152,溫得利國際租賃有限公司,小客車租賃業,臺北市中正區莒光路109號1樓,5000000,,202610,67/04/01,有限公司,772100,汽車租賃,
52404051,溫馨小客車租賃有限公司,小客車租賃業,臺北市松山區南京東路3段346號4樓,5000000,,202610,,,,,
34155241,煜發交通股份有限公司,計程車客運業,新北市瑞芳區中山路143之1號,5000000,5000000,202610,67/01/01,股份有限公司,493200,計程車客運,
04580402,萬太交通有限公司,計程車客運業,臺北市信義區大道路60號1樓,5000000,,202610,66/01/01,有限公司,493200,計程車客運,
34121910,萬信交通有限公司,汽車貨運業,新北市三重區自由街35巷9號1樓,5000000,,202610,74/06/15,有限公司,530100,普通倉儲經營,
66591553,萬達國際整合有限公司,小客車租賃業,新北市板橋區重慶路56號2樓,5000000,,202610,106/05/17,有限公司,772100,汽車租賃,0968002888
27563988,萬豪國際租賃有限公司,小客車租賃業,臺北市中正區許昌街42號8樓,5000000,,202610,94/06/20,有限公司,465111,全新汽車批發,02-5172766
22693553,經典專業租賃有限公司,小客車租賃業,臺北市中山區濱江街350號,5000000,,202610,77/01/01,有限公司,772100,汽車租賃,
94030554,裕太租賃有限公司,小客車租賃業,新北市蘆洲區民族路327巷3號,5000000,,202610,112/08/08,有限公司,772100,汽車租賃,0901-270-954
62061712,誠達國際小客車租賃股份有限公司,小客車租賃業,新北市板橋區環河西路5段221號8樓,5000000,5000000,202610,115/06/23,股份有限公司,493911,附駕駛之小客車租賃,
85025050,路特租車有限公司,小客車租賃業,臺北市大同區南京西路288號2樓之3,5000000,,202610,108/10/01,有限公司,772100,汽車租賃,
04395146,運典力倉儲物流股份有限公司,汽車貨運業,臺北市松山區光復北路95號5樓,5000000,5000000,202610,67/07/01,股份有限公司,494099,其他汽車貨運,
60469046,運財租賃有限公司,小客車租賃業,臺北市內湖區新明路371號2樓,5000000,,202610,114/11/26,有限公司,772100,汽車租賃,
24654606,達方小客車租賃有限公司,小客車租賃業,新北市板橋區信義路51號,5000000,,202610,103/11/20,有限公司,772100,汽車租賃,
11897209,鈺德交通有限公司,計程車客運業,臺北市中正區和平西路2段21之1號,5000000,,202610,66/01/01,有限公司,493200,計程車客運,
54666832,鉦珮小客車租賃有限公司,小客車租賃業,新北市土城區亞洲路138號,5000000,,202610,103/01/15,有限公司,772100,汽車租賃,
27293161,靖和租賃股份有限公司,小客車租賃業,臺北市大安區通化街57巷6號6樓,5000000,5000000,202610,93/06/14,股份有限公司,772100,汽車租賃,
24711120,馳上國際貿易有限公司,小客車租賃業,新北市樹林區樹中街61巷10號,5000000,,202610,103/11/28,有限公司,465311,汽車零件、汽車百貨批發,02-26715530
53838689,馳豐國際租賃有限公司,小客車租賃業,臺北市北投區中和街20巷2號12樓之3,5000000,,202610,101/04/26,有限公司,772100,汽車租賃,
54253516,鼎航物流股份有限公司,汽車貨運業,新北市鶯歌區鳳五路19號9樓,5000000,5000000,202610,102/05/27,股份有限公司,494099,其他汽車貨運,
96914828,嘉利凱企業有限公司,小客車租賃業,臺北市中山區新生北路2段27巷5號1樓,5000000,,202610,85/05/28,有限公司,493911,附駕駛之小客車租賃,02-2967-2458
89124264,嘉星國際租賃有限公司,小客車租賃業,新北市板橋區縣民大道2段287號(1樓),5000000,,202610,112/01/18,有限公司,772100,汽車租賃,
35950012,嘉惠交通有限公司,計程車客運業,新北市三重區中正北路554號(1樓),5000000,,202610,78/01/24,有限公司,493200,計程車客運,
33816531,榮盛交通企業有限公司,計程車客運業,新北市板橋區民生路3段251號(1樓),5000000,,202610,64/11/01,有限公司,493200,計程車客運,
96833972,睿紳國際租賃有限公司,小客車租賃業,新北市中和區員山路504號8樓,5000000,,202610,113/06/21,有限公司,772100,汽車租賃,
24711064,福立汽車租賃有限公司,小客車租賃業,新北市中和區中正路406號,5000000,,202610,103/11/28,有限公司,772100,汽車租賃,
31093094,福發交通股份有限公司,計程車客運業,臺北市松山區南京東路5段66巷2弄15號1樓,5000000,5000000,202610,67/10/01,股份有限公司,493200,計程車客運,
42868453,福鑫小客車租賃有限公司,小客車租賃業,臺北市松山區撫遠街400巷22號,5000000,,202610,105/08/08,有限公司,493911,附駕駛之小客車租賃,
27592251,維新小客車租賃有限公司,小客車租賃業,臺北市士林區德行西路81號4樓,5000000,,202610,94/01/21,有限公司,772100,汽車租賃,
62076948,維諾瓦國際租賃有限公司,小客車租賃業,新北市新莊區成德街13號5樓,5000000,,202610,115/08/11,有限公司,493911,附駕駛之小客車租賃,
60435172,聚馳國際租賃有限公司,小客車租賃業,新北市樹林區保安二街59號4樓,5000000,,202610,114/11/14,有限公司,772100,汽車租賃,
33805154,賓利交通事業有限公司,計程車客運業,新北市三重區中正南路8巷1弄14號5樓,5000000,,202610,62/12/01,有限公司,493200,計程車客運,
34203237,賓盛交通事業有限公司,計程車客運業,新北市三重區中正南路8巷1弄14號5樓,5000000,,202610,67/04/11,有限公司,493200,計程車客運,
86786036,銓瑩國際租賃有限公司,小客車租賃業,新北市汐止區大同路2段135號7樓,5000000,,202610,81/07/14,有限公司,493911,附駕駛之小客車租賃,
53789580,鳳儀租車股份有限公司,小客車租賃業,臺北市大同區市民大道1段209號11樓之1,5000000,5000000,202610,101/01/11,股份有限公司,452000,綜合商品批發,
23183678,億利國際租賃股份有限公司,小客車租賃業,新北市三重區新北大道2段65號,5000000,5000000,202610,89/04/01,股份有限公司,772100,汽車租賃,
31260867,劍潭交通有限公司,計程車客運業,臺北市萬華區青年路174號1樓,5000000,,202610,65/04/01,有限公司,493200,計程車客運,
12223821,德利交通有限公司,計程車客運業,臺北市中正區和平西路2段21之1號,5000000,,202610,75/01/01,有限公司,524911,計程車派遣、聯繫服務,
31212486,德裕汽車有限公司,計程車客運業,臺北市中正區南海路124之1號,5000000,,202610,66/01/01,有限公司,493200,計程車客運,
15118105,慶利交通有限公司,計程車客運業,臺北市中正區和平西路2段21之1號,5000000,,202610,67/06/01,有限公司,493200,計程車客運,
33750566,慶順交通有限公司,計程車客運業,新北市中和區安邦街87號1樓,5000000,,202610,66/07/01,有限公司,493200,計程車客運,
42858103,樂扶國際運通有限公司,小客車租賃業,臺北市萬華區和平西路3段32之4號1樓,5000000,,202610,105/03/09,有限公司,772100,汽車租賃,
83487921,樂護安行顧問有限公司,小客車租賃業,新北市樹林區中正路637號15樓之3,5000000,,202610,109/03/27,有限公司,772999,未分類其他運輸工具租賃,
04705389,樊城交通企業有限公司,計程車客運業,臺北市中山區長安東路2段162號1樓,5000000,,202610,66/01/01,有限公司,493200,計程車客運,
00046972,潤烽國際有限公司,小客車租賃業,新北市土城區日和街31號(1樓),5000000,,202610,113/10/30,有限公司,484112,中古汽車零售,
28927086,蓮花環保科技建築實業有限公司,小客車租賃業,新北市中和區中正路63號2樓,5000000,,202610,97/02/20,有限公司,812911,病媒防治服務,
24763421,駕利普租賃有限公司,小客車租賃業,臺北市中山區松江路220號3樓之2,5000000,,202610,103/10/31,有限公司,493911,附駕駛之小客車租賃,
00116723,叡士租賃股份有限公司,小客車租賃業,新北市汐止區伯爵街53巷39號4樓,5000000,5000000,202610,114/02/13,股份有限公司,772100,汽車租賃,
60488515,叡軒國際租賃有限公司,小客車租賃業,臺北市中山區中山北路1段92號2樓,5000000,,202610,114/10/14,有限公司,772100,汽車租賃,
15832241,憶德交通有限公司,計程車客運業,臺北市松山區塔悠路163號,5000000,,202610,69/07/01,有限公司,524911,計程車派遣、聯繫服務,
50897071,興旺發租賃有限公司,小客車租賃業,臺北市中山區松江路133巷50號3樓之4,5000000,,202610,107/12/06,有限公司,772100,汽車租賃,
93368662,錢比國際租賃有限公司,小客車租賃業,新北市三重區重安街93號,5000000,,202610,112/04/20,有限公司,772999,未分類其他運輸工具租賃,
68614510,龍安國際租賃有限公司,小客車租賃業,臺北市大安區忠孝東路4段162號12樓之3,5000000,,202610,106/12/12,有限公司,772100,汽車租賃,
54300237,龍觀租車有限公司,小客車租賃業,新北市中和區中正路73號1樓,5000000,,202610,102/10/01,有限公司,772100,汽車租賃,02-28451582
12248415,優長交通有限公司,計程車客運業,臺北市北投區公舘路213號,5000000,,202610,68/10/01,有限公司,493200,計程車客運,
04790081,優家交通有限公司,計程車客運業,臺北市北投區公舘路213號1樓,5000000,,202610,67/06/01,有限公司,493200,計程車客運,
00254817,優泰租賃車有限公司,小客車租賃業,臺北市中山區松江路200號7樓之2,5000000,,202610,113/10/30,有限公司,772100,汽車租賃,
15807284,優馳交通有限公司,計程車客運業,臺北市北投區公舘路213號,5000000,,202610,66/05/01,有限公司,493200,計程車客運,
45877856,環宇小客車租賃有限公司,小客車租賃業,臺北市萬華區西寧南路63之2號3樓,5000000,,202610,105/05/19,有限公司,493911,附駕駛之小客車租賃,
12233546,聯昇交通企業股份有限公司,計程車客運業,臺北市中山區長安東路2段162號2樓,5000000,5000000,202610,68/07/01,股份有限公司,493200,計程車客運,
04562333,臆光交通有限公司,計程車客運業,臺北市中正區和平西路2段21之1號,5000000,,202610,66/01/01,有限公司,493200,計程車客運,
90177942,駿晟租賃股份有限公司,小客車租賃業,新北市新莊區中德路18號14樓,5000000,5000000,202610,111/05/17,股份有限公司,772100,汽車租賃,
30889622,駿發交通有限公司,計程車客運業,臺北市北投區公館路211號,5000000,,202610,68/07/01,有限公司,524911,計程車派遣、聯繫服務,
96838738,駿業小客車租賃股份有限公司,小客車租賃業,臺北市中山區南京東路2段178號9樓,5000000,5000000,202610,113/05/22,股份有限公司,772100,汽車租賃,
59291187,鴻維租賃有限公司,小客車租賃業,臺北市中山區民權東路3段37號11樓,5000000,,202610,106/08/17,有限公司,772100,汽車租賃,25081799
53431561,鴻慶小客車租賃有限公司,小客車租賃業,新北市板橋區忠孝路48巷4弄63號5樓,5000000,,202610,100/08/22,有限公司,493911,附駕駛之小客車租賃,
04208994,曜豐交通有限公司,計程車客運業,臺北市信義區林口街38巷36號1樓,5000000,,202610,66/01/01,有限公司,493200,計程車客運,
12133589,薩鎷有限公司,計程車客運業,臺北市內湖區內湖路3段60巷8弄3號4樓,5000000,,202610,67/07/01,有限公司,493200,計程車客運,
38079420,豐立交通股份有限公司,計程車客運業,新北市中和區員山路502之8號,5000000,5000000,202610,67/12/22,股份有限公司,493200,計程車客運,
20794909,豐富交通有限公司,計程車客運業,臺北市中山區長安東路2段162號1樓,5000000,,202610,67/08/01,有限公司,493200,計程車客運,
69514975,豐餘號國際租賃有限公司,小客車租賃業,新北市新店區民權路103號3樓,5000000,,202610,105/10/21,有限公司,772100,汽車租賃,
62100601,鎮馳行運有限公司,小客車租賃業,新北市三重區重陽路3段5巷20號(2樓),5000000,,202610,115/07/02,有限公司,772100,汽車租賃,
31204042,雙順交通有限公司,計程車客運業,臺北市中正區莒光路91號,5000000,,202610,66/01/01,有限公司,524911,計程車派遣、聯繫服務,
62148041,瀚達國際租賃有限公司,小客車租賃業,新北市中和區員山路504號8樓,5000000,,202610,115/08/17,有限公司,484112,中古汽車零售,
90683194,麒富室內裝修整合實業有限公司,小客車租賃業,新北市汐止區汐萬路2段228巷18弄16號5樓,5000000,,202610,110/03/26,有限公司,434011,室內裝潢工程,
93656137,麒隆租賃有限公司,小客車租賃業,新北市新莊區中德路18號14樓,5000000,,202610,113/02/20,有限公司,524100,停車場管理,
89119760,瓏運租賃有限公司,小客車租賃業,新北市泰山區明志路1段352巷15弄28號,5000000,,202610,111/12/05,有限公司,465311,汽車零件、汽車百貨批發,
83038100,耀星國際租賃有限公司,小客車租賃業,新北市鶯歌區國中街51號7樓,5000000,,202610,104/03/20,有限公司,772100,汽車租賃,
00204319,權旅小客車租賃有限公司,小客車租賃業,臺北市中山區長春路172號8樓之9,5000000,,202610,113/09/03,有限公司,772100,汽車租賃,
20748589,鑫明交通有限公司,計程車客運業,臺北市信義區林口街38巷36號1樓,5000000,,202610,66/01/01,有限公司,493200,計程車客運,
54707307,鑫富小客車租賃有限公司,小客車租賃業,新北市新莊區中和街191巷29號5樓,5000000,,202610,103/03/25,有限公司,772999,未分類其他運輸工具租賃,
80467387,鑫發小客車租賃有限公司,小客車租賃業,新北市板橋區長江路一段一二三號,5000000,,202610,92/08/28,有限公司,772100,汽車租賃,
27003509,世容交通有限公司,計程車客運業,臺北市北投區文林北路234之4號1樓,4980000,,202610,66/01/01,有限公司,493200,計程車客運,
30842394,青宮交通股份有限公司,計程車客運業,臺北市中山區長安東路2段162號2樓,4800000,4800000,202610,67/01/01,股份有限公司,493200,計程車客運,
30830025,青鴿交通企業有限公司,計程車客運業,臺北市信義區松隆路337號1樓,4600000,,202610,66/08/01,有限公司,524911,計程車派遣、聯繫服務,
20792971,仁發交通有限公司,計程車客運業,臺北市信義區忠孝東路5段701號,4500000,,202610,67/07/01,有限公司,493200,計程車客運,
29529500,民松交通股份有限公司,計程車客運業,臺北市萬華區萬大路33號,4500000,4500000,202610,53/01/01,股份有限公司,524911,計程車派遣、聯繫服務,
20776867,全一交通股份有限公司,計程車客運業,臺北市信義區松隆路337號1樓,4500000,4500000,202610,67/02/01,股份有限公司,524911,計程車派遣、聯繫服務,
20801444,全二交通企業有限公司,計程車客運業,臺北市松山區光復北路105號2樓之1,4500000,,202610,67/10/01,有限公司,493200,計程車客運,
27084621,金宜交通有限公司,計程車客運業,臺北市士林區承德路4段294之2號,4500000,,202610,66/06/01,有限公司,493200,計程車客運,
21234291,濱海貨運有限公司,汽車貨運業,臺北市中山區建國北路3段113巷4號,4500000,,202610,73/09/20,有限公司,494099,其他汽車貨運,
33779058,豐任交通有限公司,計程車客運業,新北市中和區員山路502之8號,4500000,,202610,66/07/01,有限公司,493200,計程車客運,
18522213,宏大貨運有限公司,汽車貨運業,臺北市松山區南京東路5段66巷3弄23號,4200000,,202610,61/07/01,有限公司,494099,其他汽車貨運,
04970627,青島計程汽車有限公司,計程車客運業,臺北市信義區松隆路337號1樓,4200000,,202610,67/06/01,有限公司,524911,計程車派遣、聯繫服務,
12234221,力灃交通有限公司,計程車客運業,臺北市中山區新生北路3段27號1樓,4000000,,202610,68/07/01,有限公司,524911,計程車派遣、聯繫服務,
30831946,千允交通有限公司,計程車客運業,臺北市大安區復興南路2段125巷20弄2號,4000000,,202610,66/08/01,有限公司,524911,計程車派遣、聯繫服務,
30890775,千來交通有限公司,計程車客運業,臺北市大安區復興南路2段125巷20弄2號,4000000,,202610,68/07/01,有限公司,524911,計程車派遣、聯繫服務,
20814193,大瑞交通有限公司,計程車客運業,臺北市萬華區青年路174號,4000000,,202610,68/03/01,有限公司,493200,計程車客運,
20817608,大鈺交通有限公司,計程車客運業,臺北市萬華區青年路174號,4000000,,202610,68/04/01,有限公司,493200,計程車客運,
18672802,大福交通有限公司,計程車客運業,臺北市文山區木新路3段11號,4000000,,202610,67/11/01,有限公司,524911,計程車派遣、聯繫服務,
29732519,大鴻交通企業有限公司,計程車客運業,臺北市信義區大道路60號1樓,4000000,,202610,77/03/01,有限公司,493200,計程車客運,
20831860,中仁交通有限公司,計程車客運業,臺北市中正區汀州路2段164號,4000000,,202610,68/09/01,有限公司,524911,計程車派遣、聯繫服務,
20859352,仁友汽車有限公司,計程車客運業,臺北市內湖區五分街5號,4000000,,202610,69/07/01,有限公司,493200,計程車客運,
20774158,允好汽車有限公司,計程車客運業,臺北市萬華區環河南路2段276之2號1樓,4000000,,202610,67/01/01,有限公司,493200,計程車客運,
34264352,友龍汽車興業股份有限公司,計程車客運業,新北市樹林區大安路147號1樓,4000000,4000000,202610,68/04/30,股份有限公司,493200,計程車客運,
20785330,天禾汽車有限公司,計程車客運業,臺北市信義區松信路59號1樓,4000000,,202610,67/05/01,有限公司,493200,計程車客運,
20807192,天強交通有限公司,計程車客運業,臺北市信義區忠孝東路5段701號1樓,4000000,,202610,67/12/01,有限公司,524911,計程車派遣、聯繫服務,
20829962,天晴交通有限公司,計程車客運業,臺北市信義區松信路59號1樓,4000000,,202610,68/08/01,有限公司,524911,計程車派遣、聯繫服務,
20814068,天雅汽車有限公司,計程車客運業,臺北市信義區松信路59號1樓,4000000,,202610,68/03/01,有限公司,493200,計程車客運,
20774137,太豐交通有限公司,計程車客運業,臺北市文山區木新路3段11號,4000000,,202610,67/01/01,有限公司,524911,計程車派遣、聯繫服務,
33918489,北安交通有限公司,計程車客運業,新北市板橋區南雅南路2段3號1樓,4000000,,202610,66/07/01,有限公司,493200,計程車客運,
12177684,北聯交通有限公司,計程車客運業,臺北市文山區木新路3段11號,4000000,,202610,67/06/01,有限公司,524911,計程車派遣、聯繫服務,
04559344,民敬交通股份有限公司,計程車客運業,臺北市中山區長安東路2段162號2樓,4000000,4000000,202610,67/09/01,股份有限公司,493200,計程車客運,
05007170,民蜂交通股份有限公司,計程車客運業,臺北市中山區長安東路2段162號2樓,4000000,4000000,202610,68/07/01,股份有限公司,493200,計程車客運,
12234236,永祥交通有限公司,計程車客運業,臺北市松山區八德路4段261號,4000000,,202610,68/07/01,有限公司,493200,計程車客運,
04842551,玉瑩交通股份有限公司,計程車客運業,臺北市士林區葫蘆街110號1樓,4000000,4000000,202610,66/01/01,股份有限公司,524911,計程車派遣、聯繫服務,
30841888,田豐交通企業有限公司,計程車客運業,臺北市松山區光復北路246號,4000000,,202610,75/02/09,有限公司,524911,計程車派遣、聯繫服務,
04793067,立元交通有限公司,計程車客運業,臺北市松山區撫遠街403巷32號1樓,4000000,,202610,67/10/01,有限公司,524911,計程車派遣、聯繫服務,
07609607,全能交通有限公司,計程車客運業,臺北市萬華區長順街123巷3號3樓,4000000,,202610,66/10/01,有限公司,524911,計程車派遣、聯繫服務,
20550262,安康交通有限公司,計程車客運業,臺北市松山區南京東路4段56號9樓之1,4000000,,202610,67/10/01,有限公司,493200,計程車客運,
20786491,妙運交通有限公司,計程車客運業,臺北市信義區忠孝東路5段701號,4000000,,202610,67/05/01,有限公司,493200,計程車客運,
12240151,志昂交通事業有限公司,計程車客運業,臺北市松山區撫遠街390巷28號1樓,4000000,,202610,68/08/21,有限公司,493200,計程車客運,
20822709,享樂交通企業有限公司,計程車客運業,臺北市北投區公舘路213號,4000000,,202610,68/05/01,有限公司,493200,計程車客運,
14070771,協茂交通企業有限公司,計程車客運業,臺北市信義區忠孝東路5段701號,4000000,,202610,66/01/01,有限公司,493200,計程車客運,
12250875,和康交通有限公司,計程車客運業,臺北市士林區中正路499號1樓,4000000,,202610,68/11/01,有限公司,493200,計程車客運,
05007164,宜承交通事業有限公司,計程車客運業,臺北市松山區南京東路5段66巷22弄13號,4000000,,202610,68/07/01,有限公司,493200,計程車客運,
31201376,延吉交通有限公司,計程車客運業,臺北市中正區和平西路2段21之1號,4000000,,202610,66/01/01,有限公司,524911,計程車派遣、聯繫服務,
20794886,東東交通有限公司,計程車客運業,臺北市中正區和平西路2段21之1號1樓,4000000,,202610,67/08/01,有限公司,524911,計程車派遣、聯繫服務,
30857804,東欣交通有限公司,計程車客運業,臺北市松山區南京東路5段66巷2弄15號1樓,4000000,,202610,67/07/01,有限公司,493200,計程車客運,
04606655,東湖交通有限公司,計程車客運業,臺北市中正區和平西路2段21之1號,4000000,,202610,66/06/01,有限公司,524911,計程車派遣、聯繫服務,
20695014,東進交通有限公司,計程車客運業,臺北市松山區南京東路5段66巷22弄13號1樓,4000000,,202610,66/01/01,有限公司,493200,計程車客運,
03404110,東蓉交通有限公司,計程車客運業,臺北市松山區南京東路5段66巷2弄15號1樓,4000000,,202610,66/01/01,有限公司,493200,計程車客運,
18507944,松帆交通有限公司,計程車客運業,臺北市松山區塔悠路163號1樓,4000000,,202610,66/01/01,有限公司,524911,計程車派遣、聯繫服務,
04872457,松和交通有限公司,計程車客運業,臺北市松山區塔悠路163號1樓,4000000,,202610,67/01/01,有限公司,524911,計程車派遣、聯繫服務,
11438107,迎賓汽車股份有限公司,計程車客運業,臺北市中山區錦州街95號2樓之5,4000000,4000000,202610,66/01/01,股份有限公司,493200,計程車客運,
07608591,金旺交通有限公司,計程車客運業,臺北市中正區南海路124之1號,4000000,,202610,66/09/01,有限公司,493200,計程車客運,
20805048,金昇交通有限公司,計程車客運業,臺北市中山區長安東路2段162號1樓,4000000,,202610,67/11/01,有限公司,524911,計程車派遣、聯繫服務,
15820792,青風交通有限公司,計程車客運業,臺北市中正區汀州路2段164號,4000000,,202610,67/01/01,有限公司,524911,計程車派遣、聯繫服務,
15827583,保時捷交通有限公司,計程車客運業,臺北市萬華區青年路174號,4000000,,202610,67/05/01,有限公司,493200,計程車客運,
24047413,美達流通科技股份有限公司,汽車貨運業,臺北市文山區羅斯福路5段114號3樓,4000000,4000000,202610,58/02/01,股份有限公司,494099,其他汽車貨運,
30832776,神駒交通有限公司,計程車客運業,臺北市松山區南京東路5段66巷22弄13號,4000000,,202610,66/09/01,有限公司,493200,計程車客運,
31103760,國馬交通有限公司,計程車客運業,臺北市士林區德行西路81號1樓,4000000,,202610,68/05/01,有限公司,493200,計程車客運,
31103207,堡安交通有限公司,計程車客運業,臺北市中正區中華路2段303巷13號,4000000,,202610,68/04/01,有限公司,493200,計程車客運,
30895743,富江交通有限公司,計程車客運業,臺北市中正區和平西路2段21之1號,4000000,,202610,68/09/01,有限公司,524911,計程車派遣、聯繫服務,
07601788,富發交通有限公司,計程車客運業,臺北市信義區忠孝東路5段701號,4000000,,202610,66/01/01,有限公司,524911,計程車派遣、聯繫服務,
04768588,智開交通有限公司,計程車客運業,臺北市中山區松江路39號12樓之4,4000000,,202610,66/01/01,有限公司,493200,計程車客運,
33835410,華維交通有限公司,計程車客運業,新北市板橋區成功路46號,4000000,,202610,67/12/01,有限公司,493200,計程車客運,
15810491,順健交通有限公司,計程車客運業,臺北市松山區撫遠街403巷32號1樓,4000000,,202610,66/01/01,有限公司,524911,計程車派遣、聯繫服務,
20828289,新和交通有限公司,計程車客運業,臺北市萬華區青年路174號,4000000,,202610,67/01/01,有限公司,493200,計程車客運,
04882791,瑞麟交通有限公司,計程車客運業,臺北市信義區松信路59號1樓,4000000,,202610,68/07/01,有限公司,493200,計程車客運,
30895758,萬順交通有限公司,計程車客運業,臺北市信義區大道路60號1樓,4000000,,202610,68/09/01,有限公司,493200,計程車客運,
30844956,運通交通有限公司,計程車客運業,臺北市松山區南京東路3段346號4樓,4000000,,202610,67/02/01,有限公司,524911,計程車派遣、聯繫服務,
31093088,達成交通有限公司,計程車客運業,臺北市信義區基隆路1段83巷15之1號,4000000,,202610,67/10/01,有限公司,524911,計程車派遣、聯繫服務,
35886954,靖運交通有限公司,計程車客運業,新北市板橋區長江路1段118號5樓,4000000,,202610,67/01/01,有限公司,493200,計程車客運,
31110208,福得小客車租賃有限公司,小客車租賃業,新北市三重區仁愛街269巷9號2樓,4000000,,202610,68/08/01,有限公司,772100,汽車租賃,
04787924,福勵交通企業有限公司,計程車客運業,臺北市松山區八德路4段322號1樓,4000000,,202610,67/02/01,有限公司,524911,計程車派遣、聯繫服務,
18813704,德泰交通有限公司,計程車客運業,臺北市中正區南海路124之1號,4000000,,202610,75/02/09,有限公司,493200,計程車客運,
04527765,慶佑交通有限公司,計程車客運業,臺北市中正區和平西路2段21之1號,4000000,,202610,66/01/01,有限公司,493200,計程車客運,
35880570,蓮園交通有限公司,計程車客運業,新北市中和區中正路63號2樓,4000000,,202610,66/12/01,有限公司,493200,計程車客運,
20829837,銳騏國際交通有限公司,計程車客運業,臺北市萬華區艋舺大道100號1樓,4000000,,202610,68/08/01,有限公司,493200,計程車客運,
04729256,優仁交通股份有限公司,計程車客運業,臺北市北投區公舘路213號,4000000,4000000,202610,66/01/01,股份有限公司,493200,計程車客運,
29500551,優快交通有限公司,計程車客運業,臺北市北投區公舘路213號,4000000,,202610,66/01/01,有限公司,493200,計程車客運,
11011840,檍光交通有限公司,計程車客運業,臺北市中正區和平西路2段21之1號,4000000,,202610,67/11/01,有限公司,524911,計程車派遣、聯繫服務,
20837371,聯成交通有限公司,計程車客運業,臺北市中正區西藏路83號1樓,4000000,,202610,68/11/01,有限公司,524911,計程車派遣、聯繫服務,
12242279,駿安交通有限公司,計程車客運業,臺北市松山區南京東路5段66巷22弄13號,4000000,,202610,68/09/01,有限公司,524911,計程車派遣、聯繫服務,
33827729,豐祥交通有限公司,計程車客運業,新北市板橋區成功路46號,4000000,,202610,66/12/01,有限公司,493200,計程車客運,
20764412,安全交通有限公司,計程車客運業,臺北市中正區中華路2段303巷13號,3960000,,202610,67/10/01,有限公司,493200,計程車客運,
20823355,來富交通有限公司,計程車客運業,臺北市松山區南京東路4段56號9樓之1,3800000,,202610,68/06/01,有限公司,493200,計程車客運,
11326829,士閎交通有限公司,計程車客運業,臺北市松山區南京東路5段66巷22弄13號,3600000,,202610,66/01/01,有限公司,493200,計程車客運,
15492502,日富交通股份有限公司,計程車客運業,臺北市中山區長安東路2段162號1樓,3600000,3600000,202610,66/01/01,股份有限公司,493200,計程車客運,
31250024,行順交通有限公司,計程車客運業,臺北市中正區莒光路91號,3600000,,202610,66/01/01,有限公司,524911,計程車派遣、聯繫服務,
11092385,和佳交通有限公司,計程車客運業,臺北市萬華區萬大路33號1樓,3600000,,202610,66/01/01,有限公司,493200,計程車客運,
33777191,和祥交通有限公司,計程車客運業,新北市三重區成功路117號,3600000,,202610,66/07/01,有限公司,493200,計程車客運,
15846435,朋易交通有限公司,計程車客運業,臺北市松山區撫遠街390巷28號1樓,3600000,,202610,69/02/01,有限公司,493200,計程車客運,
12202620,金佳交通有限公司,計程車客運業,臺北市士林區承德路4段294之2號,3600000,,202610,67/11/01,有限公司,493200,計程車客運,
04970035,美麗佳交通有限公司,計程車客運業,臺北市松山區撫遠街253號1樓,3600000,,202610,67/09/01,有限公司,493200,計程車客運,
11727280,新順交通有限公司,計程車客運業,臺北市中正區莒光路91號,3600000,,202610,67/09/01,有限公司,524911,計程車派遣、聯繫服務,
18517703,大安計程汽車股份有限公司,計程車客運業,臺北市信義區松信路59號1樓,3500000,3500000,202610,66/01/01,股份有限公司,524911,計程車派遣、聯繫服務,
11159202,中興汽車有限公司,計程車客運業,臺北市士林區德行西路81號1樓,3500000,,202610,66/01/01,有限公司,493200,計程車客運,
04676315,文順交通有限公司,計程車客運業,臺北市中正區和平西路2段21之1號,3500000,,202610,67/11/01,有限公司,524911,計程車派遣、聯繫服務,
29527003,民欣交通股份有限公司,計程車客運業,臺北市中山區長安東路2段162號2樓,3500000,3500000,202610,52/03/01,股份有限公司,493200,計程車客運,
07116414,永嘉交通企業股份有限公司,計程車客運業,臺北市信義區忠孝東路5段701號1樓,3500000,3500000,202610,67/10/01,股份有限公司,524911,計程車派遣、聯繫服務,
24020202,永興隆交通有限公司,計程車客運業,臺北市信義區忠孝東路5段701號,3500000,,202610,66/01/01,有限公司,524911,計程車派遣、聯繫服務,
33836797,昇原交通有限公司,計程車客運業,新北市新店區中正路344號1樓,3500000,,202610,68/05/03,有限公司,493200,計程車客運,
04766759,通里交通事業有限公司,計程車客運業,臺北市中正區同安街81號1樓,3500000,,202610,66/01/01,有限公司,524911,計程車派遣、聯繫服務,
33778059,匯陽交通興業股份有限公司,計程車客運業,新北市三重區新興街31巷4號2樓,3500000,3500000,202610,66/10/01,股份有限公司,524911,計程車派遣、聯繫服務,
30858064,瑞瀅交通有限公司,計程車客運業,臺北市信義區松信路59號1樓,3500000,,202610,67/07/01,有限公司,493200,計程車客運,
04957997,一七八一起發有限公司,計程車客運業,臺北市松山區南京東路4段56號9樓之1,3000000,,202610,67/09/01,有限公司,493200,計程車客運,
20947834,一川貨運有限公司,汽車貨運業,臺北市南港區興中路68巷12號4樓,3000000,,202610,71/12/23,有限公司,494099,其他汽車貨運,
20767570,人安鑫交通有限公司,計程車客運業,臺北市中正區和平西路2段21之1號,3000000,,202610,67/09/01,有限公司,493200,計程車客運,
04983144,三中交通有限公司,計程車客運業,臺北市松山區八德路4段298號1樓,3000000,,202610,65/03/01,有限公司,493200,計程車客運,
35945671,三生交通有限公司,計程車客運業,新北市中和區員山路502之8號,3000000,,202610,68/02/19,有限公司,524999,未分類其他陸上運輸輔助,
20778648,三合利計程車客運有限公司,計程車客運業,臺北市文山區興隆路4段151號2樓之4,3000000,,202610,67/03/01,有限公司,524911,計程車派遣、聯繫服務,
15822932,三俊交通有限公司,計程車客運業,臺北市松山區八德路4段298號1樓,3000000,,202610,67/02/01,有限公司,493200,計程車客運,
15822948,三商交通有限公司,計程車客運業,臺北市松山區八德路4段298號1樓,3000000,,202610,67/02/01,有限公司,493200,計程車客運,
30844490,三祥交通事業有限公司,計程車客運業,臺北市松山區南京東路4段56號9樓之1,3000000,,202610,67/02/01,有限公司,493200,計程車客運,
20781778,三新交通有限公司,計程車客運業,臺北市松山區八德路4段298號1樓,3000000,,202610,67/04/01,有限公司,493200,計程車客運,
31081962,上海交通有限公司,計程車客運業,臺北市信義區松隆路337號,3000000,,202610,67/05/01,有限公司,524911,計程車派遣、聯繫服務,
12307434,久旺運輸有限公司,汽車貨運業,臺北市大安區忠孝東路4段107號12樓,3000000,,202610,69/12/01,有限公司,494099,其他汽車貨運,
34175289,大王交通有限公司,計程車客運業,新北市新店區北新路3段40號(1樓),3000000,,202610,66/10/01,有限公司,493200,計程車客運,
15845533,大亞交通有限公司,計程車客運業,臺北市文山區木新路3段11號,3000000,,202610,76/10/01,有限公司,524911,計程車派遣、聯繫服務,
11014749,大使交通事業股份有限公司,計程車客運業,臺北市松山區八德路4段322號1樓,3000000,3000000,202610,66/07/01,股份有限公司,493200,計程車客運,
20802443,大松交通有限公司,計程車客運業,臺北市信義區松信路59號1樓,3000000,,202610,67/10/01,有限公司,524911,計程車派遣、聯繫服務,
20831405,大倫交通有限公司,計程車客運業,臺北市中正區和平西路2段21之1號,3000000,,202610,68/08/01,有限公司,524911,計程車派遣、聯繫服務,
04490535,大浚交通有限公司,計程車客運業,臺北市士林區德行西路81號1樓,3000000,,202610,68/10/01,有限公司,493200,計程車客運,
12162654,大益交通有限公司,計程車客運業,臺北市文山區木新路3段11號,3000000,,202610,67/03/01,有限公司,524911,計程車派遣、聯繫服務,
31295681,大連交通有限公司,計程車客運業,臺北市信義區松隆路337號,3000000,,202610,66/12/01,有限公司,524911,計程車派遣、聯繫服務,
31087570,大釧交通有限公司,計程車客運業,臺北市士林區德行西路81號1樓,3000000,,202610,67/07/01,有限公司,493200,計程車客運,
04659097,大發交通有限公司,計程車客運業,臺北市松山區南京東路5段66巷2弄15號1樓,3000000,,202610,66/09/01,有限公司,493200,計程車客運,
12241335,大量交通有限公司,計程車客運業,臺北市文山區木新路3段11號1樓,3000000,,202610,68/09/01,有限公司,524911,計程車派遣、聯繫服務,
04640393,大裕交通有限公司,計程車客運業,臺北市士林區士商路80號1樓,3000000,,202610,66/01/01,有限公司,524911,計程車派遣、聯繫服務,
35933865,小雅交通有限公司,計程車客運業,新北市板橋區大觀路3段121號之1,3000000,,202610,67/11/15,有限公司,493200,計程車客運,
04575392,中信交通事業有限公司,計程車客運業,臺北市松山區撫遠街390巷28號1樓,3000000,,202610,66/01/01,有限公司,493200,計程車客運,
29646916,中華熊貓大車隊股份有限公司,計程車客運業,臺北市中正區汀州路2段164號1樓,3000000,3000000,202610,,,,,
04660735,五強交通企業有限公司,計程車客運業,臺北市中正區莒光路109號1樓,3000000,,202610,66/10/01,有限公司,524911,計程車派遣、聯繫服務,
12162649,仁志交通有限公司,計程車客運業,臺北市內湖區五分街5號,3000000,,202610,77/06/01,有限公司,493200,計程車客運,
31106844,仁和交通有限公司,計程車客運業,臺北市內湖區五分街5號,3000000,,202610,68/06/01,有限公司,493200,計程車客運,
31296339,仁忠交通有限公司,計程車客運業,臺北市內湖區五分街5號,3000000,,202610,66/12/01,有限公司,493200,計程車客運,
04794397,仁盛交通企業有限公司,計程車客運業,臺北市內湖區五分街5號,3000000,,202610,67/12/01,有限公司,493200,計程車客運,
20785015,仁順交通有限公司,計程車客運業,臺北市內湖區五分街5號,3000000,,202610,67/05/01,有限公司,493200,計程車客運,
20730048,仁樂交通有限公司,計程車客運業,臺北市內湖區五分街5號1樓,3000000,,202610,66/01/01,有限公司,493200,計程車客運,
15822855,今五交通有限公司,計程車客運業,臺北市中正區和平西路2段21之1號1樓,3000000,,202610,67/10/01,有限公司,524911,計程車派遣、聯繫服務,
15824087,今六交通有限公司,計程車客運業,臺北市中正區和平西路2段21之1號1樓,3000000,,202610,67/10/01,有限公司,524911,計程車派遣、聯繫服務,
20775564,介翔交通有限公司,計程車客運業,臺北市南港區東新街105號,3000000,,202610,67/01/01,有限公司,524911,計程車派遣、聯繫服務,
04670059,允大汽車有限公司,計程車客運業,臺北市萬華區環河南路2段276之2號1樓,3000000,,202610,67/07/01,有限公司,493200,計程車客運,
20779800,允成汽車有限公司,計程車客運業,臺北市萬華區環河南路2段276之2號1樓,3000000,,202610,67/08/01,有限公司,493200,計程車客運,
04794376,內湖交通股份有限公司,計程車客運業,臺北市中正區和平西路2段21之1號1樓,3000000,3000000,202610,67/12/01,股份有限公司,524911,計程車派遣、聯繫服務,
12112705,六盛交通有限公司,計程車客運業,臺北市松山區撫遠街390巷28號1樓,3000000,,202610,68/11/01,有限公司,493200,計程車客運,
30887841,友正交通有限公司,計程車客運業,臺北市中正區和平西路2段21之1號1樓,3000000,,202610,68/06/01,有限公司,524911,計程車派遣、聯繫服務,
20802252,友光交通有限公司,計程車客運業,臺北市中正區和平西路2段21之1號1樓,3000000,,202610,67/10/01,有限公司,524911,計程車派遣、聯繫服務,
15844099,友順交通有限公司,計程車客運業,臺北市中正區和平西路2段21之1號1樓,3000000,,202610,67/10/01,有限公司,524911,計程車派遣、聯繫服務,
20780567,天龍交通有限公司,計程車客運業,臺北市信義區松信路59號1樓,3000000,,202610,67/03/01,有限公司,524911,計程車派遣、聯繫服務,
11096431,太洋交通企業股份有限公司,計程車客運業,臺北市中山區長安東路2段162號2樓,3000000,3000000,202610,67/09/01,股份有限公司,493200,計程車客運,
34203638,文宏汽車有限公司,計程車客運業,新北市板橋區南雅南路2段3號1樓,3000000,,202610,67/05/18,有限公司,524999,未分類其他陸上運輸輔助,
20796857,文信交通事業有限公司,計程車客運業,臺北市士林區承德路4段294之2號,3000000,,202610,67/08/01,有限公司,524911,計程車派遣、聯繫服務,
20814308,文春交通事業有限公司,計程車客運業,臺北市萬華區環河南路2段276之2號,3000000,,202610,68/03/01,有限公司,493200,計程車客運,
33787249,文喬交通有限公司,計程車客運業,新北市中和區安邦街87號1樓,3000000,,202610,68/04/14,有限公司,493200,計程車客運,
36538526,文嵐交通有限公司,計程車客運業,臺北市松山區塔悠路163號1樓,3000000,,202610,67/10/01,有限公司,524911,計程車派遣、聯繫服務,
33787233,文集交通有限公司,計程車客運業,新北市中和區安邦街87號1樓,3000000,,202610,68/04/18,有限公司,493200,計程車客運,
31237395,日日通交通股份有限公司,汽車貨運業,新北市樹林區光興街147號,3000000,3000000,202610,67/08/01,股份有限公司,494099,其他汽車貨運,
34035324,日昌交通企業有限公司,計程車客運業,新北市板橋區民生路3段251號(1樓),3000000,,202610,64/04/01,有限公司,493200,計程車客運,
20826753,日峰交通有限公司,計程車客運業,臺北市中正區和平西路2段21之1號1樓,3000000,,202610,68/07/01,有限公司,524911,計程車派遣、聯繫服務,
20781974,日發交通有限公司,計程車客運業,臺北市信義區忠孝東路5段701號,3000000,,202610,67/04/01,有限公司,493200,計程車客運,
35885511,日程交通企業有限公司,計程車客運業,新北市板橋區民生路3段251號(1樓),3000000,,202610,66/12/01,有限公司,493200,計程車客運,
35885505,日億交通企業有限公司,計程車客運業,新北市板橋區民生路3段251號(1樓),3000000,,202610,66/12/01,有限公司,493200,計程車客運,
37112323,世強交通有限公司,計程車客運業,新北市板橋區大觀路3段50巷75號1樓,3000000,,202610,59/10/01,有限公司,493200,計程車客運,
07114957,世清交通有限公司,計程車客運業,臺北市北投區文林北路234之4號1樓,3000000,,202610,66/01/01,有限公司,493200,計程車客運,
20770060,功勝交通股份有限公司,計程車客運業,臺北市中山區長安東路2段162號2樓,3000000,3000000,202610,67/10/01,股份有限公司,493200,計程車客運,
14032313,台灣福祉交通有限公司,計程車客運業,臺北市中正區南陽街24號2樓,3000000,,202610,64/08/01,有限公司,524911,計程車派遣、聯繫服務,
31295866,平松交通有限公司,計程車客運業,臺北市中正區同安街81號1樓,3000000,,202610,66/12/01,有限公司,524911,計程車派遣、聯繫服務,
31281119,弘林交通企業有限公司,計程車客運業,臺北市中正區和平西路2段21之1號1樓,3000000,,202610,66/04/01,有限公司,524911,計程車派遣、聯繫服務,
04723339,弘茂交通有限公司,計程車客運業,臺北市松山區光復北路11巷70號,3000000,,202610,66/06/01,有限公司,493200,計程車客運,
31096769,弘彬交通有限公司,計程車客運業,臺北市中正區和平西路2段21之1號1樓,3000000,,202610,67/12/01,有限公司,524911,計程車派遣、聯繫服務,
20807897,弘頂交通有限公司,計程車客運業,臺北市北投區大業路368號,3000000,,202610,67/12/01,有限公司,493200,計程車客運,
20787652,弘翔交通有限公司,計程車客運業,臺北市大安區和平東路3段330號3樓,3000000,,202610,67/06/01,有限公司,493200,計程車客運,
15818178,弘鼎交通有限公司,計程車客運業,臺北市北投區大業路368號,3000000,,202610,66/11/01,有限公司,493200,計程車客運,
33784334,弘麒交通興業有限公司,計程車客運業,新北市淡水區民生路124巷25弄2號,3000000,,202610,67/09/22,有限公司,524911,計程車派遣、聯繫服務,
11145600,民昇交通股份有限公司,計程車客運業,臺北市中山區長安東路2段162號2樓,3000000,3000000,202610,66/01/01,股份有限公司,493200,計程車客運,
12221534,民昌交通股份有限公司,計程車客運業,臺北市中山區長安東路2段162號2樓,3000000,3000000,202610,68/04/01,股份有限公司,493200,計程車客運,
30883423,民武交通股份有限公司,計程車客運業,臺北市中山區長安東路2段162號2樓,3000000,3000000,202610,68/05/01,股份有限公司,493200,計程車客運,
04720023,民健交通有限公司,計程車客運業,臺北市萬華區萬大路33號,3000000,,202610,66/01/01,有限公司,493200,計程車客運,
04674554,民康交通有限公司,計程車客運業,臺北市萬華區西園路2段372巷76號1樓,3000000,,202610,67/09/01,有限公司,524911,計程車派遣、聯繫服務,
20784178,民淇交通股份有限公司,計程車客運業,臺北市中山區長安東路2段162號2樓,3000000,3000000,202610,67/05/01,股份有限公司,493200,計程車客運,
18544700,民清交通股份有限公司,計程車客運業,臺北市中山區長安東路2段162號2樓,3000000,3000000,202610,66/01/01,股份有限公司,524911,計程車派遣、聯繫服務,
04675688,永大計程車有限公司,計程車客運業,臺北市中山區新生北路2段108號6樓之17,3000000,,202610,67/10/01,有限公司,493200,計程車客運,
12197112,永全交通有限公司,計程車客運業,臺北市中正區中華路2段303巷13號,3000000,,202610,67/11/01,有限公司,524911,計程車派遣、聯繫服務,
18730205,永存汽車有限公司,計程車客運業,臺北市萬華區環河南路2段276之2號1樓,3000000,,202610,66/01/01,有限公司,524911,計程車派遣、聯繫服務,
04251056,永盛交通有限公司,計程車客運業,臺北市松山區南京東路4段56號9樓之1,3000000,,202610,66/03/01,有限公司,493200,計程車客運,
35160143,永華汽車企業有限公司,計程車客運業,新北市板橋區民生路3段251號(1樓),3000000,,202610,66/07/01,有限公司,493200,計程車客運,
34171827,永錸交通股份有限公司,計程車客運業,新北市三重區名源街25號2樓,3000000,3000000,202610,66/10/03,股份有限公司,493200,計程車客運,
31095190,永霖交通有限公司,計程車客運業,臺北市松山區南京東路5段66巷22弄13號,3000000,,202610,67/12/01,有限公司,493200,計程車客運,
12206225,田多交通股份有限公司,計程車客運業,臺北市北投區育仁路155之1號2樓,3000000,3000000,202610,67/12/01,股份有限公司,493200,計程車客運,
20779626,禾昌交通企業有限公司,計程車客運業,臺北市大安區和平東路3段330號3樓,3000000,,202610,67/03/01,有限公司,493200,計程車客運,
24012218,立輪交通有限公司,計程車客運業,臺北市中正區和平西路2段21之1號,3000000,,202610,60/11/01,有限公司,493200,計程車客運,
04787467,立豐交通有限公司,計程車客運業,臺北市中山區長安東路2段162號1樓,3000000,,202610,67/01/01,有限公司,524911,計程車派遣、聯繫服務,
35435810,光華交通股份有限公司,計程車客運業,新北市樹林區中正路218之5號,3000000,3000000,202610,66/07/01,股份有限公司,493200,計程車客運,
20785583,全家交通有限公司,計程車客運業,臺北市中正區南海路124之1號1樓,3000000,,202610,67/05/01,有限公司,493200,計程車客運,
11213901,全宸交通有限公司,計程車客運業,臺北市中正區南海路124之1號,3000000,,202610,72/03/01,有限公司,493200,計程車客運,
20751351,合全交通有限公司,計程車客運業,臺北市中正區中華路2段303巷13號,3000000,,202610,67/10/01,有限公司,493200,計程車客運,
30855290,合昌交通有限公司,計程車客運業,臺北市中山區長安東路2段162號1樓,3000000,,202610,67/06/01,有限公司,493200,計程車客運,
20673911,合泰計程汽車股份有限公司,計程車客運業,臺北市松山區光復北路246號,3000000,3000000,202610,66/01/01,股份有限公司,493200,計程車客運,
20773382,合能交通有限公司,計程車客運業,臺北市南港區東新街105號,3000000,,202610,66/12/01,有限公司,524911,計程車派遣、聯繫服務,
20554204,合衆交通事業股份有限公司,計程車客運業,臺北市松山區光復北路246號,3000000,3000000,202610,66/06/01,股份有限公司,493200,計程車客運,
04942947,合榮交通有限公司,計程車客運業,臺北市中山區長安東路2段162號1樓,3000000,,202610,66/01/01,有限公司,493200,計程車客運,
15830790,合鑫交通有限公司,計程車客運業,臺北市松山區光復北路246號,3000000,,202610,69/02/01,有限公司,493200,計程車客運,
20774354,吉全交通有限公司,計程車客運業,臺北市信義區松信路59號1樓,3000000,,202610,67/10/01,有限公司,493200,計程車客運,
04722681,吉星汽車事業股份有限公司,計程車客運業,臺北市中正區和平西路2段21之1號,3000000,3000000,202610,66/01/01,股份有限公司,524911,計程車派遣、聯繫服務,
12175428,吉登交通企業有限公司,計程車客運業,臺北市信義區忠孝東路5段701號,3000000,,202610,67/06/01,有限公司,493200,計程車客運,
20762744,吉隆交通有限公司,計程車客運業,臺北市松山區塔悠路327號1樓,3000000,,202610,66/08/01,有限公司,493200,計程車客運,
30866450,同全交通有限公司,計程車客運業,臺北市中正區中華路2段303巷13號,3000000,,202610,67/10/01,有限公司,524911,計程車派遣、聯繫服務,
12214787,名全交通有限公司,計程車客運業,臺北市中正區中華路2段303巷13號,3000000,,202610,68/02/01,有限公司,524911,計程車派遣、聯繫服務,
31097541,名泰交通有限公司,計程車客運業,臺北市信義區松信路59號1樓,3000000,,202610,68/01/01,有限公司,493200,計程車客運,
12245493,宇順交通有限公司,計程車客運業,臺北市中正區西藏路83號1樓,3000000,,202610,68/10/01,有限公司,524911,計程車派遣、聯繫服務,
34186997,安立交通企業有限公司,計程車客運業,新北市中和區安和路83號,3000000,,202610,67/01/01,有限公司,493200,計程車客運,
20784705,成宇交通有限公司,計程車客運業,臺北市信義區大道路60號1樓,3000000,,202610,67/05/01,有限公司,524911,計程車派遣、聯繫服務,
12131597,成泰交通有限公司,計程車客運業,臺北市松山區南京東路3段346號4樓,3000000,,202610,77/03/01,有限公司,493200,計程車客運,
34267858,成豐交通有限公司,計程車客運業,新北市板橋區國泰街三九巷二弄一五號,3000000,,202610,68/05/14,有限公司,493200,計程車客運,
31278297,旭崑交通有限公司,計程車客運業,臺北市北投區育仁路155之1號2樓,3000000,,202610,66/12/01,有限公司,493200,計程車客運,
33784307,宏尚交通有限公司,計程車客運業,新北市蘆洲區長安街375巷35號1樓,3000000,,202610,67/09/22,有限公司,493200,計程車客運,
04635238,宏信交通有限公司,計程車客運業,臺北市南港區東新街105號,3000000,,202610,67/07/01,有限公司,524911,計程車派遣、聯繫服務,
31239106,宏達交通有限公司,計程車客運業,臺北市中正區同安街81號1樓,3000000,,202610,66/01/01,有限公司,524911,計程車派遣、聯繫服務,
31087086,志良交通有限公司,計程車客運業,臺北市南港區東新街105號1樓,3000000,,202610,67/07/01,有限公司,524911,計程車派遣、聯繫服務,
12165499,志旺交通事業有限公司,計程車客運業,臺北市松山區撫遠街390巷28號1樓,3000000,,202610,67/04/01,有限公司,493200,計程車客運,
31095282,志昇交通事業有限公司,計程車客運業,臺北市松山區撫遠街390巷28號1樓,3000000,,202610,67/12/01,有限公司,493200,計程車客運,
07563911,志昕交通事業有限公司,計程車客運業,臺北市松山區撫遠街390巷28號1樓,3000000,,202610,66/01/01,有限公司,493200,計程車客運,
15858451,快速交通有限公司,計程車客運業,臺北市中山區長安東路2段162號1樓,3000000,,202610,68/07/01,有限公司,493200,計程車客運,
12136832,快樂腳交通有限公司,計程車客運業,臺北市松山區民族東路687號1樓,3000000,,202610,74/02/01,有限公司,493200,計程車客運,
04671867,見興交通有限公司,計程車客運業,臺北市松山區南京東路5段66巷22弄13號,3000000,,202610,67/07/01,有限公司,493200,計程車客運,
31084052,佳玉交通企業有限公司,計程車客運業,臺北市士林區德行西路81號1樓,3000000,,202610,67/06/01,有限公司,493200,計程車客運,
12126573,佳昇交通企業有限公司,計程車客運業,臺北市中正區和平西路2段21之1號,3000000,,202610,66/06/01,有限公司,524911,計程車派遣、聯繫服務,
31109265,佳青交通有限公司,計程車客運業,臺北市松山區塔悠路220號1樓,3000000,,202610,68/07/01,有限公司,493200,計程車客運,
30895032,佳客交通企業有限公司,計程車客運業,臺北市松山區民權東路5段42號1樓,3000000,,202610,68/09/01,有限公司,524911,計程車派遣、聯繫服務,
18811924,佳紘交通股份有限公司,計程車客運業,臺北市萬華區青年路174號,3000000,3000000,202610,66/01/01,股份有限公司,493200,計程車客運,
31236797,佶傳網運統籌有限公司,汽車貨運業,新北市鶯歌區成功街20巷8號(1樓),3000000,,202610,67/12/01,有限公司,494099,其他汽車貨運,
20774039,來安交通企業有限公司,計程車客運業,臺北市中正區和平西路2段21之1號,3000000,,202610,67/08/01,有限公司,493200,計程車客運,
12152972,協金交通企業有限公司,計程車客運業,臺北市信義區忠孝東路5段701號,3000000,,202610,67/01/01,有限公司,524911,計程車派遣、聯繫服務,
12119762,協益交通有限公司,計程車客運業,臺北市中正區南海路124之1號,3000000,,202610,75/02/09,有限公司,493200,計程車客運,
04649459,協慶交通企業有限公司,計程車客運業,臺北市中正區同安街81號1樓,3000000,,202610,66/01/01,有限公司,524911,計程車派遣、聯繫服務,
04853965,和利交通有限公司,計程車客運業,臺北市中山區民族東路2號6樓,3000000,,202610,67/01/01,有限公司,493200,計程車客運,
20805151,和眾交通有限公司,計程車客運業,臺北市中山區長安東路1段21號6樓之1,3000000,,202610,67/11/01,有限公司,493200,計程車客運,
07618248,尚品交通有限公司,計程車客運業,臺北市中正區和平西路2段21之1號,3000000,,202610,67/04/01,有限公司,493200,計程車客運,
34175534,尚泰汽車興業有限公司,計程車客運業,新北市板橋區民生路3段251號1樓,3000000,,202610,66/12/24,有限公司,493200,計程車客運,
31104120,幸福汽車租賃有限公司,小客車租賃業,臺北市中山區松江路504巷3號,3000000,,202610,68/05/01,有限公司,772100,汽車租賃,
31333812,承漢通運企業有限公司,汽車貨運業,臺北市士林區德行東路266巷8號2樓,3000000,,202610,73/09/25,有限公司,494099,其他汽車貨運,
12173271,旺玖交通事業有限公司,計程車客運業,臺北市中山區新生北路2段108號6樓之17,3000000,,202610,67/08/01,有限公司,493200,計程車客運,
31290898,旺旺交通事業有限公司,計程車客運業,臺北市中山區新生北路2段108號6樓之17,3000000,,202610,66/09/01,有限公司,493200,計程車客運,
04635770,旺家交通事業有限公司,計程車客運業,臺北市中山區新生北路2段108號6樓之17,3000000,,202610,66/01/01,有限公司,493200,計程車客運,
30887835,旺航交通有限公司,計程車客運業,臺北市信義區忠孝東路5段701號,3000000,,202610,68/06/01,有限公司,524911,計程車派遣、聯繫服務,
20828669,明芳交通有限公司,計程車客運業,臺北市北投區公館路211號,3000000,,202610,68/07/01,有限公司,493200,計程車客運,
15821336,東二交通有限公司,計程車客運業,臺北市中山區長安東路2段162號1樓,3000000,,202610,67/01/01,有限公司,493200,計程車客運,
15825038,東忠交通有限公司,計程車客運業,臺北市松山區南京東路5段66巷2弄15號1樓,3000000,,202610,67/03/01,有限公司,493200,計程車客運,
20790397,東昀交通有限公司,計程車客運業,臺北市北投區裕民六路120號4樓,3000000,,202610,67/07/01,有限公司,493200,計程車客運,
04755079,東華交通有限公司,計程車客運業,臺北市松山區南京東路5段66巷2弄15號1樓,3000000,,202610,71/01/01,有限公司,493200,計程車客運,
20783781,東業交通有限公司,計程車客運業,臺北市南港區成福路178巷2號,3000000,,202610,67/05/01,有限公司,524911,計程車派遣、聯繫服務,
04871577,東源交通有限公司,計程車客運業,臺北市松山區南京東路5段66巷2弄15號1樓,3000000,,202610,66/11/01,有限公司,493200,計程車客運,
20793710,東龍交通有限公司,計程車客運業,臺北市松山區南京東路5段66巷2弄15號1樓,3000000,,202610,67/07/01,有限公司,493200,計程車客運,
11347606,松江交通汽車股份有限公司,計程車客運業,臺北市信義區松信路59號1樓,3000000,3000000,202610,66/07/01,股份有限公司,524911,計程車派遣、聯繫服務,
07626514,松美交通有限公司,計程車客運業,臺北市松山區塔悠路163號1樓,3000000,,202610,67/09/01,有限公司,524911,計程車派遣、聯繫服務,
11662759,松源交通有限公司,計程車客運業,臺北市松山區塔悠路163號1樓,3000000,,202610,66/07/01,有限公司,524911,計程車派遣、聯繫服務,
12239909,松寶交通有限公司,計程車客運業,臺北市松山區塔悠路163號,3000000,,202610,68/08/01,有限公司,524911,計程車派遣、聯繫服務,
20810128,欣丞交通有限公司,計程車客運業,臺北市信義區松隆路337號1樓,3000000,,202610,68/02/01,有限公司,524911,計程車派遣、聯繫服務,
04792736,欣芳交通有限公司,計程車客運業,臺北市北投區公館路211號,3000000,,202610,67/09/01,有限公司,493200,計程車客運,
07724705,欣南運輸股份有限公司,汽車貨運業,新北市林口區竹林路278巷8號,3000000,3000000,202610,84/09/13,股份有限公司,494012,搬家運送服務,
04820178,欣聯貨運有限公司,汽車貨運業,臺北市士林區德行東路266巷8號2樓,3000000,,202610,70/12/09,有限公司,494099,其他汽車貨運,
20778458,治華交通有限公司,計程車客運業,臺北市松山區南京東路4段56號9樓之1,3000000,,202610,67/03/01,有限公司,493200,計程車客運,
12187894,采琳國際小客車租賃有限公司,小客車租賃業,臺北市文山區萬隆街47之8號2樓,3000000,,202610,67/08/01,有限公司,772100,汽車租賃,
04642580,金日交通有限公司,汽車貨運業,臺北市中正區臨沂街75巷2弄2號3樓,3000000,,202610,65/08/01,有限公司,494099,其他汽車貨運,
31287541,金玉交通企業有限公司,計程車客運業,臺北市士林區德行西路81號1樓,3000000,,202610,66/07/01,有限公司,493200,計程車客運,
05001372,金佶交通有限公司,計程車客運業,臺北市士林區承德路4段294之2號,3000000,,202610,68/03/01,有限公司,493200,計程車客運,
04877404,金洲交通有限公司,計程車客運業,臺北市信義區松信路59號1樓,3000000,,202610,67/10/01,有限公司,524911,計程車派遣、聯繫服務,
12177967,金順交通有限公司,計程車客運業,臺北市中正區莒光路91號1樓,3000000,,202610,75/04/01,有限公司,524911,計程車派遣、聯繫服務,
04789839,金鴻交通有限公司,計程車客運業,臺北市信義區忠孝東路5段701號,3000000,,202610,67/05/01,有限公司,524911,計程車派遣、聯繫服務,
30877317,金鑫交通有限公司,計程車客運業,臺北市中正區莒光路91號,3000000,,202610,68/03/01,有限公司,524911,計程車派遣、聯繫服務,
30873889,長青交通有限公司,計程車客運業,臺北市松山區八德路4段298號1樓,3000000,,202610,68/01/01,有限公司,493200,計程車客運,
11766163,長隆交通企業有限公司,計程車客運業,臺北市大安區和平東路3段330號3樓,3000000,,202610,66/01/01,有限公司,493200,計程車客運,
04380880,長順交通有限公司,計程車客運業,臺北市中正區莒光路91號,3000000,,202610,66/03/01,有限公司,493200,計程車客運,
12128988,長榮交通有限公司,計程車客運業,臺北市中山區松江路39號12樓之4,3000000,,202610,67/08/01,有限公司,493200,計程車客運,
30845688,保吉交通有限公司,計程車客運業,臺北市萬華區青年路174號,3000000,,202610,67/11/01,有限公司,493200,計程車客運,
07631994,保同交通有限公司,計程車客運業,臺北市大安區仁愛路4段300巷26弄27號,3000000,,202610,68/01/01,有限公司,493200,計程車客運,
15828529,保存交通有限公司,計程車客運業,臺北市大安區仁愛路4段300巷26弄27號,3000000,,202610,67/07/01,有限公司,493200,計程車客運,
04665210,保安交通股份有限公司,計程車客運業,臺北市萬華區青年路174號,3000000,3000000,202610,67/03/01,股份有限公司,493200,計程車客運,
15387608,保健交通有限公司,計程車客運業,臺北市萬華區青年路174號,3000000,,202610,66/01/01,有限公司,493200,計程車客運,
20760339,保富交通有限公司,計程車客運業,臺北市萬華區青年路174號,3000000,,202610,67/08/01,有限公司,493200,計程車客運,
04670065,保順交通有限公司,計程車客運業,臺北市萬華區青年路174號,3000000,,202610,67/07/01,有限公司,493200,計程車客運,
12202446,保誠交通有限公司,計程車客運業,臺北市萬華區青年路174號,3000000,,202610,67/12/01,有限公司,493200,計程車客運,
31093931,保彰交通有限公司,計程車客運業,臺北市大安區仁愛路4段300巷26弄27號,3000000,,202610,67/11/01,有限公司,493200,計程車客運,
04609007,信忠交通企業有限公司,計程車客運業,臺北市中正區和平西路2段21之1號,3000000,,202610,66/01/01,有限公司,524911,計程車派遣、聯繫服務,
20818141,信品交通有限公司,計程車客運業,臺北市中正區中華路2段303巷13號1樓,3000000,,202610,68/04/01,有限公司,493200,計程車客運,
30846119,信義衛星汽車有限公司,計程車客運業,臺北市萬華區西園路2段281巷28號1樓,3000000,,202610,67/03/01,有限公司,493200,計程車客運,
33787141,冠唐交通有限公司,計程車客運業,新北市樹林區大安路147號,3000000,,202610,68/02/12,有限公司,493200,計程車客運,
33756864,冠璇交通有限公司,計程車客運業,新北市中和區中正路406號,3000000,,202610,66/07/15,有限公司,493200,計程車客運,
31297576,勇翔交通有限公司,計程車客運業,臺北市士林區德行西路81號1樓,3000000,,202610,67/01/01,有限公司,493200,計程車客運,
04673767,威弘交通有限公司,計程車客運業,臺北市萬華區西園路2段328號,3000000,,202610,70/07/28,有限公司,524911,計程車派遣、聯繫服務,
07608712,建業交通企業有限公司,計程車客運業,臺北市信義區松隆路337號1樓,3000000,,202610,66/09/01,有限公司,524911,計程車派遣、聯繫服務,
74725985,建盟大交通有限公司,汽車貨運業,新北市永和區永平路318號5樓,3000000,,202610,73/10/17,有限公司,494099,其他汽車貨運,
33767428,恒冠交通有限公司,計程車客運業,新北市樹林區大安路147號,3000000,,202610,65/05/01,有限公司,493200,計程車客運,
29646900,政輝交通有限公司,計程車客運業,臺北市中山區長安東路2段162號2樓,3000000,,202610,67/09/01,有限公司,493200,計程車客運,
12173765,昶安交通有限公司,計程車客運業,臺北市中正區和平西路2段21-1號,3000000,,202610,67/08/01,有限公司,524911,計程車派遣、聯繫服務,
12106990,界評交通有限公司,計程車客運業,臺北市士林區承德路4段294之2號,3000000,,202610,66/01/01,有限公司,493200,計程車客運,
20501951,美麗信交通有限公司,計程車客運業,臺北市松山區撫遠街253號1樓,3000000,,202610,66/01/01,有限公司,493200,計程車客運,
12136755,美麗晶交通有限公司,計程車客運業,臺北市松山區撫遠街253號1樓,3000000,,202610,66/08/01,有限公司,493200,計程車客運,
14019803,美麗華交通有限公司,計程車客運業,臺北市松山區撫遠街253號1樓,3000000,,202610,66/01/01,有限公司,493200,計程車客運,
35980281,耐特交通有限公司,計程車客運業,新北市三重區中正南路269號(1樓),3000000,,202610,87/01/01,有限公司,493200,計程車客運,
20785063,耐德交通有限公司,計程車客運業,臺北市大同區民權西路128號10樓,3000000,,202610,67/05/01,有限公司,524911,計程車派遣、聯繫服務,
04729636,飛振交通有限公司,計程車客運業,臺北市士林區社子街22巷84號1樓,3000000,,202610,66/06/01,有限公司,493200,計程車客運,
20811750,家榮交通有限公司,計程車客運業,臺北市信義區莊敬路218號1樓,3000000,,202610,68/02/01,有限公司,493200,計程車客運,
04742574,展程交通有限公司,計程車客運業,臺北市大同區重慶北路3段223巷3號1樓,3000000,,202610,66/12/01,有限公司,493200,計程車客運,
15831432,峰和交通有限公司,計程車客運業,臺北市松山區八德路4段322號1樓,3000000,,202610,67/07/01,有限公司,493200,計程車客運,
29557553,旅見交通有限公司,計程車客運業,臺北市中正區忠孝東路2段39巷2弄6號1樓,3000000,,202610,66/01/01,有限公司,493200,計程車客運,
31098274,浩鑫交通有限公司,計程車客運業,臺北市松山區南京東路5段66巷2弄15號,3000000,,202610,68/02/01,有限公司,493200,計程車客運,
30440027,特斯拉交通有限公司,計程車客運業,臺北市松山區南京東路3段346之3號4樓,3000000,,202610,67/03/01,有限公司,493200,計程車客運,
12156273,益程交通有限公司,計程車客運業,臺北市大同區重慶北路3段223巷3號1樓,3000000,,202610,67/02/01,有限公司,493200,計程車客運,
04667532,祐阡交通有限公司,計程車客運業,臺北市松山區南京東路5段66巷22弄13號,3000000,,202610,65/05/01,有限公司,493200,計程車客運,
12181527,神達交通有限公司,計程車客運業,臺北市北投區大興街23巷7號2樓,3000000,,202610,67/07/01,有限公司,493200,計程車客運,
34252200,高正計程車客運有限公司,計程車客運業,新北市樹林區中正路218之5號,3000000,,202610,68/02/15,有限公司,493200,計程車客運,
18552905,健嘉交通事業股份有限公司,計程車客運業,臺北市松山區撫遠街390巷28號1樓,3000000,3000000,202610,55/08/01,股份有限公司,493200,計程車客運,
12145678,唯客搖股份有限公司,計程車客運業,臺北市松山區南京東路3段337號5樓,3000000,3000000,202610,66/11/01,股份有限公司,493200,計程車客運,
12160706,唯客遙股份有限公司,計程車客運業,臺北市松山區南京東路3段337號5樓,3000000,3000000,202610,67/03/01,股份有限公司,493200,計程車客運,
05055720,國群小客車租賃有限公司,小客車租賃業,新北市板橋區存德街2號,3000000,,202610,77/10/05,有限公司,772100,汽車租賃,
66618357,康健小客車租賃有限公司,小客車租賃業,新北市板橋區忠孝路忠義巷14弄16號(1樓),3000000,,202610,67/06/01,有限公司,772100,汽車租賃,
20821856,康橋貨運交通有限公司,汽車貨運業,臺北市松山區撫遠街259號,3000000,,202610,68/05/01,有限公司,494099,其他汽車貨運,
29585100,晨星交通股份有限公司,計程車客運業,臺北市信義區松隆路159巷1號1樓,3000000,3000000,202610,66/01/01,股份有限公司,493200,計程車客運,
04797036,祥丞交通有限公司,計程車客運業,臺北市信義區松隆路337號1樓,3000000,,202610,68/05/01,有限公司,524911,計程車派遣、聯繫服務,
20822594,祥發交通有限公司,計程車客運業,臺北市松山區八德路4段261號,3000000,,202610,68/05/01,有限公司,493200,計程車客運,
05410587,翊楊汽車貨運有限公司,汽車貨運業,新北市淡水區北新路182巷35號5樓,3000000,,202610,79/05/07,有限公司,494099,其他汽車貨運,
31304014,通貿交通有限公司,汽車貨運業,臺北市士林區德行東路266巷8號2樓,3000000,,202610,72/06/30,有限公司,494099,其他汽車貨運,
31087071,造豐交通股份有限公司,計程車客運業,臺北市中山區長安東路2段162號2樓,3000000,3000000,202610,67/07/01,股份有限公司,493200,計程車客運,
34267837,傑運交通有限公司,計程車客運業,新北市林口區忠孝路622巷3弄7號,3000000,,202610,68/05/14,有限公司,493200,計程車客運,
04654810,勝家交通有限公司,計程車客運業,臺北市中正區南海路124之1號,3000000,,202610,66/01/01,有限公司,493200,計程車客運,
34134041,勝順汽車企業有限公司,計程車客運業,新北市土城區青雲路483巷11弄28號,3000000,,202610,66/01/05,有限公司,493200,計程車客運,
15852837,勝達交通有限公司,計程車客運業,臺北市松山區八德路4段261號,3000000,,202610,68/04/01,有限公司,493200,計程車客運,
12001601,富弘交通企業股份有限公司,計程車客運業,臺北市中正區和平西路2段21之1號,3000000,3000000,202610,67/06/01,股份有限公司,524911,計程車派遣、聯繫服務,
04608020,富年交通有限公司,計程車客運業,臺北市中正區和平西路2段21之1號1樓,3000000,,202610,66/01/01,有限公司,524911,計程車派遣、聯繫服務,
35935879,富昌交通有限公司,計程車客運業,新北市瑞芳區中山路143之1號,3000000,,202610,67/11/18,有限公司,524911,計程車派遣、聯繫服務,
30887862,富威交通有限公司,計程車客運業,臺北市松山區南京東路4段56號9樓之1,3000000,,202610,68/06/01,有限公司,493200,計程車客運,
03563209,敦南交通股份有限公司,計程車客運業,臺北市中正區和平西路2段21之1號,3000000,3000000,202610,66/01/01,股份有限公司,493200,計程車客運,
12203114,普仁交通有限公司,計程車客運業,臺北市中正區博愛路222號5樓,3000000,,202610,75/01/01,有限公司,493200,計程車客運,
15859677,晴運交通有限公司,計程車客運業,臺北市南港區向陽路122號,3000000,,202610,68/08/01,有限公司,493200,計程車客運,
04957693,程豐交通股份有限公司,計程車客運業,臺北市松山區南京東路5段66巷22弄13號,3000000,3000000,202610,67/06/01,股份有限公司,493200,計程車客運,
04392112,舜弘交通有限公司,計程車客運業,臺北市中正區和平西路2段21之1號,3000000,,202610,66/01/01,有限公司,524911,計程車派遣、聯繫服務,
18884117,華洑交通汽車有限公司,計程車客運業,臺北市萬華區青年路174號,3000000,,202610,,,,,
04925497,華盛交通有限公司,計程車客運業,臺北市北投區公舘路211號,3000000,,202610,66/03/01,有限公司,493200,計程車客運,
36526599,鈞麟交通有限公司,計程車客運業,臺北市南港區南港路2段206號1樓,3000000,,202610,67/04/01,有限公司,493200,計程車客運,
12155035,隆好交通事業有限公司,計程車客運業,臺北市南港區八德路4段879號之1,3000000,,202610,67/01/01,有限公司,524911,計程車派遣、聯繫服務,
07411008,隆達汽車貨運有限公司,汽車貨運業,臺北市士林區德行西路86號,3000000,,202610,55/02/01,有限公司,494099,其他汽車貨運,
04488806,順峰交通有限公司,計程車客運業,臺北市松山區南京東路4段56號9樓之1,3000000,,202610,68/07/01,有限公司,493200,計程車客運,
35976343,順浩交通企業有限公司,計程車客運業,新北市三重區成功路117號1樓,3000000,,202610,68/09/26,有限公司,493200,計程車客運,0229701777
29538613,順達交通有限公司,計程車客運業,臺北市信義區大道路60號1樓,3000000,,202610,66/01/01,有限公司,524911,計程車派遣、聯繫服務,
15831186,順耀交通有限公司,計程車客運業,臺北市士林區士商路80號1樓,3000000,,202610,67/07/01,有限公司,493200,計程車客運,
30855910,源慶交通有限公司,計程車客運業,臺北市松山區塔悠路220號1樓,3000000,,202610,67/07/01,有限公司,493200,計程車客運,
04624289,瑄豐交通有限公司,計程車客運業,臺北市信義區林口街38巷36號1樓,3000000,,202610,66/01/01,有限公司,493200,計程車客運,
20764068,瑞笙交通有限公司,計程車客運業,臺北市信義區松信路59號1樓,3000000,,202610,67/08/01,有限公司,493200,計程車客運,
11082576,瑞陽交通事業有限公司,計程車客運業,臺北市信義區松信路59號1樓,3000000,,202610,66/01/01,有限公司,493200,計程車客運,
20828859,瑞勳交通有限公司,計程車客運業,臺北市信義區松信路59號1樓,3000000,,202610,68/07/01,有限公司,493200,計程車客運,
30894998,瑞曜交通有限公司,計程車客運業,臺北市信義區松信路108號1樓,3000000,,202610,68/09/01,有限公司,493200,計程車客運,
12189909,瑞鎧交通有限公司,計程車客運業,臺北市南港區成功路1段68號1樓,3000000,,202610,67/09/01,有限公司,493200,計程車客運,
15810458,瑞鎰交通有限公司,計程車客運業,臺北市信義區松信路59號1樓,3000000,,202610,66/06/01,有限公司,493200,計程車客運,
04664140,萬世旺交通事業有限公司,計程車客運業,臺北市中正區莒光路91號1樓,3000000,,202610,67/01/01,有限公司,524911,計程車派遣、聯繫服務,
30855046,萬全交通有限公司,計程車客運業,臺北市信義區大道路60號1樓,3000000,,202610,67/06/01,有限公司,493200,計程車客運,
30884393,萬事成交通有限公司,計程車客運業,臺北市中正區莒光路85號1樓,3000000,,202610,68/05/01,有限公司,524911,計程車派遣、聯繫服務,
20687416,萬事盛交通有限公司,計程車客運業,臺北市中正區莒光路91號1樓,3000000,,202610,66/06/01,有限公司,524911,計程車派遣、聯繫服務,
12241010,萬事順交通有限公司,計程車客運業,臺北市中正區莒光路85號1樓,3000000,,202610,75/01/01,有限公司,524911,計程車派遣、聯繫服務,
36523755,萬事達交通有限公司,計程車客運業,臺北市中正區莒光路85號1樓,3000000,,202610,67/02/01,有限公司,524911,計程車派遣、聯繫服務,
20780052,萬春交通有限公司,計程車客運業,臺北市信義區大道路60號1樓,3000000,,202610,67/03/01,有限公司,493200,計程車客運,
04651145,萬美交通有限公司,計程車客運業,臺北市信義區大道路60號1樓,3000000,,202610,66/11/01,有限公司,493200,計程車客運,
04663634,萬勝交通有限公司,計程車客運業,臺北市信義區大道路60號1樓,3000000,,202610,67/01/01,有限公司,493200,計程車客運,
27080505,萬隆交通股份有限公司,計程車客運業,臺北市松山區南京東路4段56號9樓之1,3000000,3000000,202610,66/01/01,股份有限公司,493200,計程車客運,
15844648,萬達交通企業有限公司,計程車客運業,臺北市松山區八德路4段322號1樓,3000000,,202610,67/10/01,有限公司,493200,計程車客運,
12210972,群雄交通股份有限公司,計程車客運業,臺北市中正區和平西路2段21-1號,3000000,3000000,202610,68/01/01,股份有限公司,493200,計程車客運,
04728025,群豐交通有限公司,計程車客運業,臺北市松山區光復北路246號,3000000,,202610,66/01/01,有限公司,524911,計程車派遣、聯繫服務,
20805434,聖品交通事業有限公司,計程車客運業,臺北市文山區木新路3段11號1樓,3000000,,202610,67/12/01,有限公司,524911,計程車派遣、聯繫服務,
15850789,聖喜交通事業有限公司,計程車客運業,臺北市松山區撫遠街390巷28號1樓,3000000,,202610,68/02/01,有限公司,493200,計程車客運,
20841826,裕大貨運有限公司,汽車貨運業,臺北市南港區興中路68巷12號4樓,3000000,,202610,68/12/01,有限公司,494099,其他汽車貨運,
04791814,裕泰交通有限公司,計程車客運業,臺北市松山區八德路4段261號,3000000,,202610,67/08/01,有限公司,493200,計程車客運,
12166737,裕新交通有限公司,計程車客運業,臺北市信義區松信路59號1樓,3000000,,202610,67/04/01,有限公司,524911,計程車派遣、聯繫服務,
20778653,裕豐計程車客運有限公司,計程車客運業,臺北市萬華區萬大路33號1樓,3000000,,202610,67/03/01,有限公司,493200,計程車客運,
31115098,鉅曜交通股份有限公司,汽車貨運業,新北市鶯歌區鳳七路20號7樓,3000000,3000000,202610,68/11/01,股份有限公司,494099,其他汽車貨運,
36541058,鼎捷交通有限公司,計程車客運業,臺北市信義區大道路60號1樓,3000000,,202610,67/11/01,有限公司,524911,計程車派遣、聯繫服務,
15483601,鼎豐交通股份有限公司,計程車客運業,臺北市信義區林口街38巷36號1樓,3000000,3000000,202610,66/01/01,股份有限公司,493200,計程車客運,
20816565,彰城交通有限公司,計程車客運業,臺北市松山區塔悠路163號1樓,3000000,,202610,68/04/01,有限公司,524911,計程車派遣、聯繫服務,
31259046,漢生交通企業有限公司,計程車客運業,臺北市松山區光復北路11巷70號,3000000,,202610,66/01/01,有限公司,493200,計程車客運,
12229732,漢將交通有限公司,計程車客運業,臺北市文山區羅斯福路5段206之3號3樓,3000000,,202610,68/06/01,有限公司,524911,計程車派遣、聯繫服務,
15104828,碩豐交通股份有限公司,計程車客運業,臺北市中山區長安東路2段162號2樓,3000000,3000000,202610,66/11/01,股份有限公司,493200,計程車客運,
20677846,福安交通企業有限公司,計程車客運業,臺北市中正區和平西路2段21之1號1樓,3000000,,202610,66/06/01,有限公司,493200,計程車客運,
04629094,福鼎交通企業有限公司,計程車客運業,臺北市松山區八德路4段322號1樓,3000000,,202610,66/01/01,有限公司,493200,計程車客運,
20774066,福龍交通企業有限公司,計程車客運業,臺北市松山區八德路4段322號1樓,3000000,,202610,67/01/01,有限公司,493200,計程車客運,
15849307,維豐交通有限公司,計程車客運業,臺北市士林區士商路80號1樓,3000000,,202610,68/01/01,有限公司,493200,計程車客運,
34252216,豪城交通興業有限公司,計程車客運業,新北市土城區青雲路483巷11弄28號,3000000,,202610,74/06/04,有限公司,493200,計程車客運,
24022320,賓士交通事業有限公司,計程車客運業,臺北市松山區八德路4段322號1樓,3000000,,202610,66/01/01,有限公司,493200,計程車客運,
31298913,賓仕交通事業有限公司,計程車客運業,臺北市中山區新生北路2段108號6樓之17,3000000,,202610,67/08/01,有限公司,493200,計程車客運,
30863995,賓旺交通事業有限公司,計程車客運業,臺北市中山區新生北路2段108號6樓之17,3000000,,202610,67/09/01,有限公司,493200,計程車客運,
12128973,賓航交通事業有限公司,計程車客運業,臺北市中正區莒光路109號1樓,3000000,,202610,,,,,
11961790,賓鴻交通事業有限公司,計程車客運業,臺北市中山區新生北路2段108號6樓之17,3000000,,202610,66/01/01,有限公司,493200,計程車客運,
34256156,廣富交通有限公司,計程車客運業,新北市三重區重新路5段609巷18號4樓之7,3000000,,202610,68/03/14,有限公司,493200,計程車客運,
12182758,廣駿交通有限公司,計程車客運業,臺北市中正區和平西路2段21之1號1樓,3000000,,202610,67/07/01,有限公司,493200,計程車客運,
31279514,德盛交通事業有限公司,計程車客運業,臺北市北投區公舘路211號1樓,3000000,,202610,66/01/01,有限公司,493200,計程車客運,
30848209,慶龍交通有限公司,計程車客運業,臺北市信義區莊敬路218號1樓,3000000,,202610,67/04/01,有限公司,493200,計程車客運,
20778056,樂榮交通企業有限公司,計程車客運業,臺北市南港區忠孝東路6段70巷20號1樓,3000000,,202610,67/02/01,有限公司,524911,計程車派遣、聯繫服務,
04664090,緯丞交通有限公司,計程車客運業,臺北市信義區松隆路337號1樓,3000000,,202610,67/01/01,有限公司,524911,計程車派遣、聯繫服務,
04669525,蓮日交通有限公司,計程車客運業,臺北市中山區松江路39號12樓之4,3000000,,202610,67/06/01,有限公司,493200,計程車客運,
31266911,蓮昇交通有限公司,計程車客運業,臺北市中山區松江路39號12樓之4,3000000,,202610,66/01/01,有限公司,493200,計程車客運,
04664129,蓮春交通有限公司,計程車客運業,臺北市中正區同安街81號1樓,3000000,,202610,67/01/01,有限公司,524911,計程車派遣、聯繫服務,
04664113,蓮美交通有限公司,計程車客運業,臺北市中正區同安街81號1樓,3000000,,202610,67/01/01,有限公司,524911,計程車派遣、聯繫服務,
12173863,誼豐交通企業有限公司,計程車客運業,臺北市信義區林口街38巷36號1樓,3000000,,202610,67/06/01,有限公司,493200,計程車客運,
36524570,龍一交通汽車有限公司,計程車客運業,臺北市松山區南京東路4段56號9樓之1,3000000,,202610,67/03/01,有限公司,493200,計程車客運,
12264337,龍浩交通股份有限公司,計程車客運業,臺北市信義區松隆路337號1樓,3000000,3000000,202610,69/02/01,股份有限公司,493200,計程車客運,
15832426,優永汽車交通有限公司,計程車客運業,臺北市北投區公舘路213號,3000000,,202610,67/07/01,有限公司,493200,計程車客運,
04977380,優尚交通有限公司,計程車客運業,臺北市北投區公舘路213號,3000000,,202610,66/01/01,有限公司,493200,計程車客運,
34173310,優倍交通企業有限公司,計程車客運業,新北市永和區文化路139號,3000000,,202610,66/09/30,有限公司,493200,計程車客運,
20653035,優格交通有限公司,計程車客運業,臺北市北投區公舘路213號,3000000,,202610,66/01/01,有限公司,493200,計程車客運,
19136323,優創交通股份有限公司,計程車客運業,臺北市北投區公舘路213號,3000000,3000000,202610,67/06/01,股份有限公司,493200,計程車客運,
20697809,優富交通企業有限公司,計程車客運業,臺北市北投區公舘路213號,3000000,,202610,66/01/01,有限公司,524911,計程車派遣、聯繫服務,
11138208,優運交通股份有限公司,計程車客運業,臺北市北投區公舘路213號,3000000,3000000,202610,67/08/01,股份有限公司,493200,計程車客運,
20775184,優德交通有限公司,計程車客運業,臺北市北投區公舘路213號,3000000,,202610,67/01/01,有限公司,524911,計程車派遣、聯繫服務,
33778190,優駿交通有限公司,計程車客運業,新北市板橋區三民路2段186巷40號,3000000,,202610,66/10/11,有限公司,524911,計程車派遣、聯繫服務,
30850794,勵信交通有限公司,計程車客運業,臺北市松山區南京東路4段56號9樓之1,3000000,,202610,67/05/01,有限公司,493200,計程車客運,
31081956,聯禾交通有限公司,計程車客運業,臺北市中山區長安東路2段162號2樓,3000000,,202610,67/05/01,有限公司,493200,計程車客運,
12181532,聯信交通事業有限公司,計程車客運業,臺北市中正區莒光路109號1樓,3000000,,202610,,,,,
12189746,聯勝交通有限公司,計程車客運業,臺北市士林區社子街22巷84號1樓,3000000,,202610,67/09/01,有限公司,493200,計程車客運,
20825229,聯進交通有限公司,計程車客運業,臺北市士林區社子街22巷84號1樓,3000000,,202610,68/06/01,有限公司,493200,計程車客運,
07318137,聯聖交通有限公司,計程車客運業,臺北市萬華區青年路174號,3000000,,202610,77/03/01,有限公司,493200,計程車客運,
30849306,聯燕交通有限公司,計程車客運業,臺北市松山區八德路4段322號1樓,3000000,,202610,67/04/01,有限公司,493200,計程車客運,
34195573,聯豐交通有限公司,計程車客運業,新北市五股區成泰路3段355號,3000000,,202610,67/02/28,有限公司,493200,計程車客運,
20578901,駿欣交通有限公司,計程車客運業,臺北市中山區長安東路2段162號1樓,3000000,,202610,66/01/01,有限公司,493200,計程車客運,
31094191,駿隆交通有限公司,計程車客運業,臺北市松山區南京東路5段66巷22弄13號,3000000,,202610,67/11/01,有限公司,493200,計程車客運,
12138022,駿豪交通有限公司,計程車客運業,臺北市北投區公館路211號,3000000,,202610,76/08/12,有限公司,524911,計程車派遣、聯繫服務,
33778065,駿瓏交通企業有限公司,計程車客運業,新北市汐止區忠孝東路523號,3000000,,202610,66/10/01,有限公司,484311,汽車零件、汽車百貨零售,
34213657,豐正交通股份有限公司,計程車客運業,新北市中和區員山路502之8號,3000000,3000000,202610,67/06/01,股份有限公司,524911,計程車派遣、聯繫服務,
33787178,豐田交通股份有限公司,計程車客運業,新北市中和區員山路502之8號,3000000,3000000,202610,68/10/30,股份有限公司,493200,計程車客運,
34050099,豐禾交通有限公司,計程車客運業,新北市中和區員山路502之8號,3000000,,202610,94/09/09,有限公司,493200,計程車客運,
30863974,豐盛交通有限公司,計程車客運業,臺北市松山區光復北路246號,3000000,,202610,67/12/01,有限公司,493200,計程車客運,
31081111,豐碩交通股份有限公司,計程車客運業,臺北市中山區長安東路2段162號2樓,3000000,3000000,202610,73/03/01,股份有限公司,493200,計程車客運,
20769628,鎰光交通有限公司,計程車客運業,臺北市中正區和平西路2段21之1號,3000000,,202610,66/11/01,有限公司,493200,計程車客運,
12219729,願丞交通有限公司,計程車客運業,臺北市信義區松隆路337號1樓,3000000,,202610,68/04/01,有限公司,524911,計程車派遣、聯繫服務,
34180261,寶元交通有限公司,計程車客運業,新北市樹林區中正路九五號一樓,3000000,,202610,66/12/01,有限公司,493200,計程車客運,
07639692,寶娜交通股份有限公司,計程車客運業,臺北市中山區長安東路2段162號2樓,3000000,3000000,202610,68/07/01,股份有限公司,493200,計程車客運,
35912587,寶順交通有限公司,計程車客運業,新北市蘆洲區長安街375巷35號(1樓),3000000,,202610,87/08/04,有限公司,493200,計程車客運,
04626982,寶燕交通有限公司,計程車客運業,臺北市松山區八德路4段322號1樓,3000000,,202610,66/11/01,有限公司,493200,計程車客運,
12149739,日伸交通事業有限公司,計程車客運業,臺北市萬華區西藏路328號1樓,2500000,,202610,66/12/01,有限公司,529099,未分類其他運輸輔助,
33838182,旺順交通有限公司,計程車客運業,新北市中和區安邦街87號,2500000,,202610,68/05/19,有限公司,493200,計程車客運,
04478997,信輝貨運有限公司,汽車貨運業,臺北市大同區承德路3段272號2樓,2500000,,202610,67/01/01,有限公司,494099,其他汽車貨運,
15006410,優良交通股份有限公司,計程車客運業,臺北市北投區公舘路213號,2500000,2500000,202610,66/01/01,股份有限公司,493200,計程車客運,
20515033,東金交通有限公司,計程車客運業,臺北市松山區南京東路5段66巷22弄13號,2400000,,202610,66/01/01,有限公司,493200,計程車客運,
04876708,旭盛計程汽車有限公司,計程車客運業,臺北市中山區長安東路2段162號1樓,2060000,,202610,67/09/01,有限公司,493200,計程車客運,
20802719,久慶交通有限公司,計程車客運業,臺北市北投區育仁路155之1號2樓,2000000,,202610,67/10/01,有限公司,493200,計程車客運,
15069815,天賓交通有限公司,計程車客運業,臺北市中正區和平西路2段21之1號1樓,2000000,,202610,66/01/01,有限公司,524911,計程車派遣、聯繫服務,
55218805,生邦物流股份有限公司,汽車貨運業,臺北市中山區南京東路2段90號4樓之1,2000000,2000000,202610,52/01/01,股份有限公司,494099,其他汽車貨運,
29703824,志朗交通事業股份有限公司,計程車客運業,臺北市北投區育仁路155之1號2樓,2000000,2000000,202610,66/01/01,股份有限公司,493200,計程車客運,
34231418,杰運交通有限公司,計程車客運業,新北市林口區忠孝路622巷3弄7號,2000000,,202610,67/10/06,有限公司,493200,計程車客運,
27017905,美麗欣交通有限公司,計程車客運業,臺北市松山區撫遠街253號1樓,2000000,,202610,66/01/01,有限公司,493200,計程車客運,
16525827,凱偉企業有限公司,汽車貨運業,新北市新莊區新泰路一二三巷六號三樓,2000000,,202610,87/06/12,有限公司,494099,其他汽車貨運,
04375937,新亞小客車租賃有限公司,小客車租賃業,臺北市信義區忠孝東路5段1之2號11樓,2000000,,202610,62/05/01,有限公司,493912,遊覽車客運,
04746945,萬能交通有限公司,計程車客運業,臺北市信義區大道路60號1樓,2000000,,202610,65/03/01,有限公司,493200,計程車客運,
04659287,維泰交通企業有限公司,計程車客運業,臺北市萬華區萬大路423巷37號,2000000,,202610,66/09/01,有限公司,493200,計程車客運,
07611836,賓鑫交通事業有限公司,計程車客運業,臺北市松山區八德路4段322號1樓,2000000,,202610,66/11/01,有限公司,493200,計程車客運,
07613905,優品交通有限公司,計程車客運業,臺北市北投區公舘路213號,2000000,,202610,67/01/01,有限公司,493200,計程車客運,
15040705,優世交通股份有限公司,計程車客運業,臺北市北投區公舘路213號,1400000,1400000,202610,66/01/01,股份有限公司,493200,計程車客運,
38411989,永欣汽車有限公司,計程車客運業,新北市三重區重新路5段609巷2號7樓之1,1000000,,202610,71/10/01,有限公司,493200,計程車客運,
30853883,保達交通有限公司,計程車客運業,臺北市萬華區青年路174號,1000000,,202610,67/06/01,有限公司,493200,計程車客運,
83259742,車驅科技股份有限公司,小客車租賃業,臺北市中山區南京東路1段52號2樓,,5000000,202610,109/11/05,股份有限公司,493911,附駕駛之小客車租賃,
70810572,國光汽車客運股份有限公司,遊覽車客運業,新北市三重區重陽路4段53號1樓,,465000000,202610,90/06/15,股份有限公司,493111,公路汽車客運,
52492792,悠勢科技股份有限公司,小客車租賃業,臺北市中山區八德路2段232號9樓,,1218627218,202610,105/12/19,股份有限公司,772100,汽車租賃,02-77518097
94175452,銀光健康管理顧問股份有限公司,小客車租賃業,臺北市文山區景仁街20巷6號1樓,,20100000,202610,112/09/06,股份有限公司,871199,其他居住型長期照顧服務,
