場所,首見年月
E:A3400047,202610
E:A3400118,202610
E:A3405533,202610
E:A3405846,202610
E:A34A0849,202610
E:A34A1392,202610
E:A34B0202,202610
E:A34B4987,202610
E:A34B5688,202610
E:A34B5717,202610
E:A34B5955,202610
E:A34B6121,202610
E:A34B6230,202610
E:A34B6488,202610
E:A34B6537,202610
E:A34B6547,202610
E:A34B6577,202610
E:A34B6606,202610
E:A34B6834,202610
E:A34B6923,202610
E:A34B6973,202610
E:A34B6993,202610
E:A34B7030,202610
E:A34B7159,202610
E:A34B7238,202610
E:A34B7317,202610
E:A34B7327,202610
E:A34B7337,202610
E:A34B7387,202610
E:A34B7397,202610
E:A34B7416,202610
E:A34B7446,202610
E:A34B7456,202610
E:A34B7466,202610
E:A34B7496,202610
E:A34B7525,202610
E:A34B7634,202610
E:A34B7664,202610
E:A34B7743,202610
E:A34B8058,202610
E:A34B8068,202610
E:A34B8127,202610
E:A34B8147,202610
E:A34B8157,202610
E:A34B8167,202610
E:A34B8197,202610
E:A34B8216,202610
E:A34B8226,202610
E:A34B8246,202610
E:A34B8256,202610
E:A34B8266,202610
E:A34B8276,202610
E:A34B8286,202610
E:A34B8296,202610
E:A34B8305,202610
E:A34B8345,202610
E:A34B8424,202610
E:A34B8444,202610
E:A34B8474,202610
E:A34B8484,202610
E:A34B8503,202610
E:A34B8523,202610
E:A34B8533,202610
E:A34B8543,202610
E:A34B8563,202610
E:A34B8593,202610
E:A34B8602,202610
E:A34B8632,202610
E:A34B8662,202610
E:A34B8672,202610
E:A34B8741,202610
E:A34B8820,202610
E:A34B8850,202610
E:A34B8870,202610
E:A34B8890,202610
E:A34B8909,202610
E:A34B8929,202610
E:A34B9006,202610
E:A34B9026,202610
E:A34B9076,202610
E:A34B9096,202610
E:A34B9105,202610
E:A34B9155,202610
E:A34B9165,202610
E:A34B9175,202610
E:A34B9204,202610
E:A34B9214,202610
E:A34B9224,202610
E:A34B9234,202610
E:A34B9244,202610
E:A34B9254,202610
E:A34B9264,202610
E:A34B9274,202610
E:A34B9284,202610
E:A34B9303,202610
E:A34B9323,202610
E:A34B9353,202610
E:A34B9363,202610
E:A34B9373,202610
E:A34B9412,202610
E:A34B9472,202610
E:A34B9511,202610
E:A34B9581,202610
E:A34B9600,202610
E:A34B9610,202610
E:A34B9650,202610
E:A34B9680,202610
E:A34B9709,202610
E:A34B9729,202610
E:A34B9739,202610
E:A34B9749,202610
E:A34B9769,202610
E:A34B9799,202610
E:A34B9808,202610
E:A34B9818,202610
E:A34B9828,202610
E:A34B9838,202610
E:A34B9848,202610
E:A34B9858,202610
E:A34B9868,202610
E:A34B9888,202610
E:A34B9898,202610
E:A34B9907,202610
E:A34B9947,202610
E:A34B9957,202610
E:A34B9967,202610
E:A34B9977,202610
E:A34B9987,202610
E:A34B9997,202610
E:A34C0021,202610
E:A34C0031,202610
E:A34C0051,202610
E:A34C0061,202610
E:A3500051,202610
E:A3500257,202610
E:A3500524,202610
E:A3500597,202610
E:A3500926,202610
E:A3501049,202610
E:A3501316,202610
E:A3501594,202610
E:A35B2669,202610
E:A35B6077,202610
E:A35B9130,202610
E:A35B9506,202610
E:A35C4088,202610
E:A35C4711,202610
E:A35C4721,202610
E:A35C5907,202610
E:A35C5967,202610
E:A35C6103,202610
E:A35C6113,202610
E:A35C6876,202610
E:A35C7349,202610
E:A35C7636,202610
E:A35C7953,202610
E:A35C8773,202610
E:A35C9464,202610
E:A35C9474,202610
E:A35D0053,202610
E:A35D0073,202610
E:A35D0093,202610
E:A35D0548,202610
E:A35D0598,202610
E:A35D0815,202610
E:A35D0845,202610
E:A35D0914,202610
E:A35D0954,202610
E:A35D1051,202610
E:A35D1180,202610
E:A35D1229,202610
E:A35D1259,202610
E:A35D1348,202610
E:A35D1407,202610
E:A35D1467,202610
E:A35D1487,202610
E:A35D1586,202610
E:A35D1774,202610
E:A35D1794,202610
E:A35D1813,202610
E:A35D1883,202610
E:A35D2059,202610
E:A35D2099,202610
E:A35D2108,202610
E:A35D2158,202610
E:A35D2198,202610
E:A35D2207,202610
E:A35D2247,202610
E:A35D2267,202610
E:A35D2277,202610
E:A35D2287,202610
E:A35D2306,202610
E:A35D2376,202610
E:A35D2415,202610
E:A35D2425,202610
E:A35D2495,202610
E:A35D2514,202610
E:A35D2524,202610
E:A35D2554,202610
E:A35D2584,202610
E:A35D2693,202610
E:A35D2702,202610
E:A35D2732,202610
E:A35D2742,202610
E:A35D2752,202610
E:A35D2762,202610
E:A35D2792,202610
E:A35D2801,202610
E:A35D2841,202610
E:A35D2851,202610
E:A35D2871,202610
E:A35D2940,202610
E:A35D2970,202610
E:A35D2990,202610
E:A35D3017,202610
E:A35D3027,202610
E:A35D3126,202610
E:A35D3176,202610
E:A35D3186,202610
E:A35D3205,202610
E:A35D3295,202610
E:A35D3324,202610
E:A35D3334,202610
E:A35D3463,202610
E:A35D3483,202610
E:A35D3493,202610
E:A35D3502,202610
E:A35D3512,202610
E:A35D3611,202610
E:A35D3681,202610
E:A35D3691,202610
E:A35D3770,202610
E:A35D3780,202610
E:A35D3809,202610
E:A35D3819,202610
E:A35D3829,202610
E:A35D3849,202610
E:A35D3869,202610
E:A35D3889,202610
E:A35D3899,202610
E:A35D3918,202610
E:A35D3958,202610
E:A35D3988,202610
E:A35D4055,202610
E:A35D4065,202610
E:A35D4124,202610
E:A35D4154,202610
E:A35D4174,202610
E:A35D4213,202610
E:A35D4223,202610
E:A35D4253,202610
E:A35D4352,202610
E:A35D4382,202610
E:A35D4421,202610
E:A35D4441,202610
E:A35D4471,202610
E:A35D4481,202610
E:A35D4500,202610
E:A35D4510,202610
E:A35D4530,202610
E:A35D4540,202610
E:A35D4550,202610
E:A35D4560,202610
E:A35D4609,202610
E:A35D4659,202610
E:A35D4669,202610
E:A35D4689,202610
E:A35D4699,202610
E:A35D4708,202610
E:A35D4728,202610
E:A35D4748,202610
E:A35D4788,202610
E:A35D4817,202610
E:A35D4837,202610
E:A35D4867,202610
E:A35D4877,202610
E:A35D4906,202610
E:A35D4916,202610
E:A35D4966,202610
E:A35D4976,202610
E:A35D5023,202610
E:A35D5043,202610
E:A35D5142,202610
E:A35D5152,202610
E:A35D5182,202610
E:A35D5251,202610
E:A35D5360,202610
E:A35D5370,202610
E:A35D5380,202610
E:A35D5409,202610
E:A35D5528,202610
E:A35D5538,202610
E:A35D5548,202610
E:A35D5558,202610
E:A35D5588,202610
E:A35D5617,202610
E:A35D5647,202610
E:A35D5657,202610
E:A35D5677,202610
E:A35D5706,202610
E:A35D5716,202610
E:A35D5726,202610
E:A35D5766,202610
E:A35D5776,202610
E:A35D5805,202610
E:A35D5825,202610
E:A35D5835,202610
E:A35D5845,202610
E:A35D5865,202610
E:A35D5885,202610
E:A35D5895,202610
E:A35D5904,202610
E:A35D5914,202610
E:A35D5954,202610
E:A35D6011,202610
E:A35D6031,202610
E:A35D6051,202610
E:A35D6081,202610
E:A35D6100,202610
E:A35D6120,202610
E:A35D6130,202610
E:A35D6150,202610
E:A35D6160,202610
E:A35D6170,202610
E:A35D6229,202610
E:A35D6259,202610
E:A35D6279,202610
E:A35D6318,202610
E:A35D6358,202610
E:A35D6388,202610
E:A35D6417,202610
E:A35D6427,202610
E:A35D6437,202610
E:A35D6447,202610
E:A35D6477,202610
E:A35D6487,202610
E:A35D6497,202610
E:A35D6516,202610
E:A35D6526,202610
E:A35D6546,202610
E:A35D6556,202610
E:A35D6566,202610
E:A35D6586,202610
E:A35D6605,202610
E:A35D6635,202610
E:A35D6645,202610
E:A35D6655,202610
E:A35D6685,202610
E:A35D6695,202610
E:A35D6704,202610
E:A35D6714,202610
E:A35D6734,202610
E:A35D6744,202610
E:A35D6754,202610
E:A35D6764,202610
E:A35D6774,202610
E:A35D6784,202610
E:A35D6794,202610
E:A35D6803,202610
E:A35D6813,202610
E:A35D6823,202610
E:A35D6833,202610
E:A35D6843,202610
E:A35D6853,202610
E:A35D6863,202610
E:A35D6883,202610
E:A35D6893,202610
E:A35D6902,202610
E:A3600010,202610
E:A3600029,202610
E:A3600127,202610
E:A36A8546,202610
E:A36B1894,202610
E:A36B3969,202610
E:A36B8058,202610
E:A36B8147,202610
E:A36B8563,202610
E:A36B9680,202610
E:A36B9759,202610
E:A36B9779,202610
E:A36C0160,202610
E:A36C0348,202610
E:A36C0516,202610
E:A36C0754,202610
E:A36C0774,202610
E:A36C1247,202610
E:A36C1673,202610
E:A36C1772,202610
E:A36C2186,202610
E:A36C2275,202610
E:A36C2304,202610
E:A36C2334,202610
E:A36C2344,202610
E:A36C2562,202610
E:A36C2572,202610
E:A36C2631,202610
E:A36C2681,202610
E:A36C2819,202610
E:A36C2829,202610
E:A36C2839,202610
E:A36C2869,202610
E:A36C2928,202610
E:A36C2938,202610
E:A36C2998,202610
E:A36C3154,202610
E:A36C3184,202610
E:A36C3213,202610
E:A36C3243,202610
E:A36C3253,202610
E:A36C3263,202610
E:A36C3273,202610
E:A36C3302,202610
E:A36C3441,202610
E:A36C3461,202610
E:A36C3471,202610
E:A36C3500,202610
E:A36C3510,202610
E:A36C3649,202610
E:A36C3708,202610
E:A36C3718,202610
E:A36C3857,202610
E:A36C3906,202610
E:A36C3946,202610
E:A36C3976,202610
E:A36C4023,202610
E:A36C4083,202610
E:A36C4152,202610
E:A36C4172,202610
E:A36C4231,202610
E:A36C4251,202610
E:A36C4291,202610
E:A36C4330,202610
E:A36C4439,202610
E:A36C4489,202610
E:A36C4598,202610
E:A36C4607,202610
E:A36C4617,202610
E:A36C4637,202610
E:A36C4687,202610
E:A36C4736,202610
E:A36C4766,202610
E:A36C4825,202610
E:A36C4835,202610
E:A36C4845,202610
E:A36C4855,202610
E:A36C4885,202610
E:A36C4895,202610
E:A36C4944,202610
E:A36C4954,202610
E:A36C4974,202610
E:A36C4984,202610
E:A36C4994,202610
E:A36C5001,202610
E:A36C5011,202610
E:A36C5021,202610
E:A36C5081,202610
E:A36C5091,202610
E:A36C5120,202610
E:A36C5130,202610
E:A36C5140,202610
E:A36C5150,202610
E:A36C5160,202610
E:A36C5209,202610
E:A36C5219,202610
E:A36C5229,202610
E:A36C5239,202610
E:A36C5259,202610
E:A36C5308,202610
E:A36C5318,202610
E:A36C5328,202610
E:A36C5358,202610
E:A36C5388,202610
E:A36C5427,202610
E:A36C5447,202610
E:A36C5467,202610
E:A36C5477,202610
E:A36C5487,202610
E:A36C5516,202610
E:A36C5526,202610
E:A36C5546,202610
E:A36C5615,202610
E:A36C5625,202610
E:A36C5645,202610
E:A36C5655,202610
E:A36C5665,202610
E:A36C5675,202610
E:A36C5685,202610
E:A36C5724,202610
E:A36C5774,202610
E:A36C5784,202610
E:A36C5794,202610
E:A36C5823,202610
E:A36C5843,202610
E:A36C5853,202610
E:A36C5883,202610
E:A36C5912,202610
E:A36C5922,202610
E:A36C5932,202610
E:A36C5962,202610
E:A36C5972,202610
E:A36C6019,202610
E:A36C6049,202610
E:A36C6128,202610
E:A36C6148,202610
E:A36C6217,202610
E:A36C6227,202610
E:A36C6277,202610
E:A36C6336,202610
E:A36C6346,202610
E:A36C6356,202610
E:A36C6366,202610
E:A36C6386,202610
E:A36C6396,202610
E:A36C6405,202610
E:A36C6445,202610
E:A36C6455,202610
E:A36C6495,202610
E:A36C6504,202610
E:A36C6514,202610
E:A36C6544,202610
E:A36C6554,202610
E:A36C6584,202610
E:A36C6633,202610
E:A36C6643,202610
E:A36C6653,202610
E:A36C6663,202610
E:A36C6673,202610
E:A36C6683,202610
E:A36C6702,202610
E:A36C6712,202610
E:A36C6722,202610
E:A36C6742,202610
E:A36C6752,202610
E:A36C6762,202610
E:A36C6772,202610
E:A36C6792,202610
E:A36C6811,202610
E:A36C6851,202610
E:A36C6891,202610
E:A36C6900,202610
E:A36C6910,202610
E:A36C6930,202610
E:A36C6950,202610
E:A36C6960,202610
E:A36C6970,202610
E:A36C6980,202610
E:A36C6990,202610
E:A36C7027,202610
E:A36C7077,202610
E:A36C7087,202610
E:A36C7097,202610
E:A36C7106,202610
E:A36C7116,202610
E:A36C7126,202610
E:A36C7146,202610
E:A36C7166,202610
E:A36C7176,202610
E:A36C7186,202610
E:A36C7205,202610
E:A36C7235,202610
E:A36C7255,202610
E:A36C7265,202610
E:A36C7275,202610
E:A36C7285,202610
E:A36C7295,202610
E:A36C7304,202610
E:A36C7314,202610
E:A36C7334,202610
E:A36C7364,202610
E:A36C7374,202610
E:A36C7384,202610
E:A36C7403,202610
E:A36C7413,202610
E:A36C7423,202610
E:A36C7443,202610
E:A36C7453,202610
E:A36C7463,202610
E:A36C7473,202610
E:A36C7483,202610
E:A36C7493,202610
E:A36C7502,202610
E:A36C7512,202610
E:A36C7522,202610
E:A3701129,202610
E:A37A2256,202610
E:A37A5438,202610
E:A37A6436,202610
E:A37A7662,202610
E:A37A9123,202610
E:A37A9351,202610
E:A37A9450,202610
E:A37A9618,202610
E:A37A9668,202610
E:A37A9747,202610
E:A37A9757,202610
E:A37A9886,202610
E:A37A9945,202610
E:A37A9955,202610
E:A37A9975,202610
E:A37B0069,202610
E:A37B0217,202610
E:A37B0366,202610
E:A37B0455,202610
E:A37B0475,202610
E:A37B0603,202610
E:A37B0613,202610
E:A37B0643,202610
E:A37B0653,202610
E:A37B0702,202610
E:A37B0722,202610
E:A37B0792,202610
E:A37B0841,202610
E:A37B0871,202610
E:A37B0950,202610
E:A37B0990,202610
E:A37B1027,202610
E:A37B1106,202610
E:A37B1116,202610
E:A37B1126,202610
E:A37B1186,202610
E:A37B1196,202610
E:A37B1205,202610
E:A37B1235,202610
E:A37B1245,202610
E:A37B1255,202610
E:A37B1265,202610
E:A37B1285,202610
E:A37B1295,202610
E:A37B1304,202610
E:A37B1314,202610
E:A37B1334,202610
E:A37B1344,202610
E:A37B1443,202610
E:A37B1473,202610
E:A37B1483,202610
E:A37B1493,202610
E:A37B1502,202610
E:A37B1542,202610
E:A37B1592,202610
E:A37B1681,202610
E:A37B1720,202610
E:A37B1780,202610
E:A37B1819,202610
E:A37B1899,202610
E:A37B1908,202610
E:A37B1958,202610
E:A37B1968,202610
E:A37B1978,202610
E:A37B2025,202610
E:A37B2035,202610
E:A37B2095,202610
E:A37B2114,202610
E:A37B2124,202610
E:A37B2134,202610
E:A37B2164,202610
E:A37B2203,202610
E:A37B2223,202610
E:A37B2243,202610
E:A37B2253,202610
E:A37B2263,202610
E:A37B2283,202610
E:A37B2312,202610
E:A37B2322,202610
E:A37B2332,202610
E:A37B2352,202610
E:A37B2362,202610
E:A37B2372,202610
E:A37B2382,202610
E:A37B2392,202610
E:A37B2401,202610
E:A37B2411,202610
E:A37B2421,202610
E:A37B2431,202610
E:A37B2441,202610
E:A37B2461,202610
E:A37B2491,202610
E:A37B2500,202610
E:A37B2510,202610
E:A37B2530,202610
E:A37B2570,202610
E:A37B2580,202610
E:A37B2609,202610
E:A37B2629,202610
E:A37B2639,202610
E:A37B2669,202610
E:A3800038,202610
E:A3800369,202610
E:A38B8761,202610
E:A38B8999,202610
E:A38B9462,202610
E:A38B9511,202610
E:A38C0516,202610
E:A38C0596,202610
E:A38C0704,202610
E:A38C0734,202610
E:A38C0754,202610
E:A38C0764,202610
E:A38C0774,202610
E:A38C0843,202610
E:A38C0893,202610
E:A38C1039,202610
E:A38C1049,202610
E:A38C1059,202610
E:A38C1207,202610
E:A38C1237,202610
E:A38C1247,202610
E:A38C1267,202610
E:A38C1277,202610
E:A38C1316,202610
E:A38C1326,202610
E:A38C1366,202610
E:A38C1376,202610
E:A38C1405,202610
E:A38C1415,202610
E:A38C1455,202610
E:A38C1475,202610
E:A38C1504,202610
E:A38C1514,202610
E:A38C1524,202610
E:A38C1594,202610
E:A38C1633,202610
E:A38C1663,202610
E:A38C1722,202610
E:A38C1792,202610
E:A38C1851,202610
E:A38C1861,202610
E:A38C1871,202610
E:A38C1910,202610
E:A38C1920,202610
E:A38C1960,202610
E:A38C1980,202610
E:A38C1990,202610
E:A38C2037,202610
E:A38C2067,202610
E:A38C2106,202610
E:A38C2126,202610
E:A38C2156,202610
E:A38C2166,202610
E:A38C2196,202610
E:A38C2295,202610
E:A38C2344,202610
E:A38C2453,202610
E:A38C2473,202610
E:A38C2483,202610
E:A38C2493,202610
E:A38C2532,202610
E:A38C2542,202610
E:A38C2552,202610
E:A38C2601,202610
E:A38C2621,202610
E:A38C2700,202610
E:A38C2720,202610
E:A38C2740,202610
E:A38C2750,202610
E:A38C2770,202610
E:A38C2780,202610
E:A38C2809,202610
E:A38C2839,202610
E:A38C2869,202610
E:A38C2968,202610
E:A38C2978,202610
E:A38C2998,202610
E:A38C3015,202610
E:A38C3025,202610
E:A38C3055,202610
E:A38C3065,202610
E:A38C3104,202610
E:A38C3124,202610
E:A38C3164,202610
E:A38C3194,202610
E:A38C3203,202610
E:A38C3233,202610
E:A38C3263,202610
E:A38C3273,202610
E:A38C3302,202610
E:A38C3312,202610
E:A38C3441,202610
E:A38C3510,202610
E:A38C3540,202610
E:A38C3609,202610
E:A38C3619,202610
E:A38C3639,202610
E:A38C3669,202610
E:A38C3679,202610
E:A38C3689,202610
E:A38C3699,202610
E:A38C3708,202610
E:A38C3728,202610
E:A38C3738,202610
E:A38C3758,202610
E:A38C3788,202610
E:A38C3798,202610
E:A38C3827,202610
E:A38C3867,202610
E:A38C3877,202610
E:A38C3887,202610
E:A38C3926,202610
E:A38C3946,202610
E:A38C3956,202610
E:A38C3976,202610
E:A38C3996,202610
E:A38C4003,202610
E:A38C4013,202610
E:A38C4023,202610
E:A38C4033,202610
E:A38C4053,202610
E:A38C4073,202610
E:A38C4083,202610
E:A38C4093,202610
E:A38C4122,202610
E:A38C4142,202610
E:A38C4152,202610
E:A38C4182,202610
E:A38C4201,202610
E:A38C4211,202610
E:A38C4221,202610
E:A38C4231,202610
E:A38C4241,202610
E:A38C4251,202610
E:A38C4271,202610
E:A38C4310,202610
E:A38C4330,202610
E:A38C4340,202610
E:A38C4350,202610
E:A38C4360,202610
E:A38C4370,202610
E:A38C4380,202610
E:A38C4390,202610
E:A38C4409,202610
E:A38C4419,202610
E:A38C4429,202610
E:A38C4439,202610
E:A38C4449,202610
E:A38C4469,202610
E:A3900033,202610
E:A3900355,202610
E:A3900391,202610
E:A3900507,202610
E:A39A2414,202610
E:A39B6473,202610
E:A39B6869,202610
E:A39B9398,202610
E:A39C0997,202610
E:A39C7082,202610
E:A39C8812,202610
E:A39V7126,202610
E:A39V7483,202610
E:A39V8114,202610
E:A39V8263,202610
E:A39V8312,202610
E:A39V8421,202610
E:A39V8471,202610
E:A39V8748,202610
E:A39V8807,202610
E:A39V8966,202610
E:A39V9291,202610
E:A39V9300,202610
E:A39V9330,202610
E:A39V9429,202610
E:A39V9548,202610
E:A39V9598,202610
E:A39V9607,202610
E:A39V9617,202610
E:A39V9637,202610
E:A39V9746,202610
E:A39V9756,202610
E:A39V9776,202610
E:A39V9786,202610
E:A39W0068,202610
E:A39W0098,202610
E:A39W0236,202610
E:A39W0276,202610
E:A39W0345,202610
E:A39W0355,202610
E:A39W0474,202610
E:A39W0513,202610
E:A39W0543,202610
E:A39W0563,202610
E:A39W0632,202610
E:A39W0662,202610
E:A39W0672,202610
E:A39W0820,202610
E:A39W0830,202610
E:A39W0870,202610
E:A39W0880,202610
E:A39W0999,202610
E:A39W1006,202610
E:A39W1026,202610
E:A39W1096,202610
E:A39W1145,202610
E:A39W1195,202610
E:A39W1264,202610
E:A39W1294,202610
E:A39W1313,202610
E:A39W1383,202610
E:A39W1422,202610
E:A39W1472,202610
E:A39W1501,202610
E:A39W1551,202610
E:A39W1670,202610
E:A39W1680,202610
E:A39W1690,202610
E:A39W1729,202610
E:A39W1779,202610
E:A39W1789,202610
E:A39W1868,202610
E:A39W1927,202610
E:A39W1947,202610
E:A39W1997,202610
E:A39W2014,202610
E:A39W2163,202610
E:A39W2222,202610
E:A39W2242,202610
E:A39W2321,202610
E:A39W2440,202610
E:A39W2450,202610
E:A39W2480,202610
E:A39W2519,202610
E:A39W2529,202610
E:A39W2569,202610
E:A39W2579,202610
E:A39W2589,202610
E:A39W2599,202610
E:A39W2688,202610
E:A39W2737,202610
E:A39W2747,202610
E:A39W2767,202610
E:A39W2826,202610
E:A39W2846,202610
E:A39W2856,202610
E:A39W2866,202610
E:A39W2876,202610
E:A39W2896,202610
E:A39W2905,202610
E:A39W2945,202610
E:A39W2985,202610
E:A39W3002,202610
E:A39W3012,202610
E:A39W3022,202610
E:A39W3032,202610
E:A39W3062,202610
E:A39W3072,202610
E:A39W3082,202610
E:A39W3111,202610
E:A39W3131,202610
E:A39W3151,202610
E:A39W3161,202610
E:A39W3171,202610
E:A39W3181,202610
E:A39W3210,202610
E:A39W3230,202610
E:A39W3240,202610
E:A39W3290,202610
E:A39W3329,202610
E:A39W3349,202610
E:A39W3379,202610
E:A39W3389,202610
E:A39W3458,202610
E:A39W3488,202610
E:A39W3498,202610
E:A39W3606,202610
E:A39W3616,202610
E:A39W3656,202610
E:A39W3666,202610
E:A39W3676,202610
E:A39W3725,202610
E:A39W3765,202610
E:A39W3785,202610
E:A39W3804,202610
E:A39W3824,202610
E:A39W3844,202610
E:A39W3884,202610
E:A39W3903,202610
E:A39W3923,202610
E:A39W3943,202610
E:A39W3963,202610
E:A39W3993,202610
E:A39W4000,202610
E:A39W4020,202610
E:A39W4030,202610
E:A39W4070,202610
E:A39W4080,202610
E:A39W4090,202610
E:A39W4189,202610
E:A39W4218,202610
E:A39W4228,202610
E:A39W4298,202610
E:A39W4317,202610
E:A39W4327,202610
E:A39W4377,202610
E:A39W4387,202610
E:A39W4397,202610
E:A39W4406,202610
E:A39W4416,202610
E:A39W4436,202610
E:A39W4446,202610
E:A39W4456,202610
E:A39W4466,202610
E:A39W4486,202610
E:A39W4505,202610
E:A39W4585,202610
E:A39W4595,202610
E:A39W4604,202610
E:A39W4614,202610
E:A39W4624,202610
E:A39W4634,202610
E:A39W4644,202610
E:A39W4654,202610
E:A39W4684,202610
E:A39W4723,202610
E:A39W4763,202610
E:A39W4812,202610
E:A39W4852,202610
E:A39W4872,202610
E:A39W4882,202610
E:A39W4901,202610
E:A39W4911,202610
E:A39W4941,202610
E:A39W5038,202610
E:A39W5098,202610
E:A39W5107,202610
E:A39W5127,202610
E:A39W5147,202610
E:A39W5157,202610
E:A39W5177,202610
E:A39W5197,202610
E:A39W5206,202610
E:A39W5256,202610
E:A39W5266,202610
E:A39W5296,202610
E:A39W5305,202610
E:A39W5315,202610
E:A39W5325,202610
E:A39W5355,202610
E:A39W5375,202610
E:A39W5385,202610
E:A39W5395,202610
E:A39W5404,202610
E:A39W5434,202610
E:A39W5444,202610
E:A39W5454,202610
E:A39W5464,202610
E:A39W5474,202610
E:A39W5484,202610
E:A39W5503,202610
E:A39W5513,202610
E:A39W5523,202610
E:A39W5573,202610
E:A39W5583,202610
E:A39W5612,202610
E:A39W5622,202610
E:A39W5632,202610
E:A39W5642,202610
E:A39W5662,202610
E:A39W5692,202610
E:A39W5701,202610
E:A39W5711,202610
E:A39W5721,202610
E:A39W5741,202610
E:A39W5751,202610
E:A39W5771,202610
E:A39W5781,202610
E:A39W5791,202610
E:A39W5820,202610
E:A39W5830,202610
E:A39W5840,202610
E:A39W5850,202610
E:A39W5870,202610
E:A39W5880,202610
E:A39W5909,202610
E:A39W5929,202610
E:A39W5949,202610
E:A39W5959,202610
E:A39W5969,202610
E:A39W5979,202610
E:A39W5989,202610
E:A39W6036,202610
E:A39W6046,202610
E:A39W6056,202610
E:A39W6066,202610
E:A39W6076,202610
E:A39W6086,202610
E:A39W6115,202610
E:A39W6125,202610
E:A39W6135,202610
E:A39W6145,202610
E:A39W6155,202610
E:A39W6165,202610
E:A39W6175,202610
E:A39W6204,202610
E:A39W6224,202610
E:A39W6244,202610
E:A39W6254,202610
E:A4000103,202610
E:A4000363,202610
E:A4000381,202610
E:A4004496,202610
E:A4004950,202610
E:A40A5863,202610
E:A40A9429,202610
E:A40A9697,202610
E:A40B0880,202610
E:A40B1373,202610
E:A40B1907,202610
E:A40B2004,202610
E:A40B2440,202610
E:A40B2519,202610
E:A40B2638,202610
E:A40B2698,202610
E:A40B2826,202610
E:A40B2915,202610
E:A40B2935,202610
E:A40B3022,202610
E:A40B3191,202610
E:A40B3369,202610
E:A40B3438,202610
E:A40B3458,202610
E:A40B3468,202610
E:A40B3557,202610
E:A40B3705,202610
E:A40B3745,202610
E:A40B3755,202610
E:A40B3785,202610
E:A40B3844,202610
E:A40B3864,202610
E:A40B3884,202610
E:A40B3943,202610
E:A40B4080,202610
E:A40B4109,202610
E:A40B4129,202610
E:A40B4139,202610
E:A40B4179,202610
E:A40B4189,202610
E:A40B4199,202610
E:A40B4258,202610
E:A40B4278,202610
E:A40B4298,202610
E:A40B4317,202610
E:A40B4347,202610
E:A40B4357,202610
E:A40B4436,202610
E:A40B4446,202610
E:A40B4496,202610
E:A40B4525,202610
E:A40B4545,202610
E:A40B4674,202610
E:A40B4694,202610
E:A40B4723,202610
E:A40B4812,202610
E:A40B4822,202610
E:A40B4832,202610
E:A40B4842,202610
E:A40B4852,202610
E:A40B4872,202610
E:A40B4882,202610
E:A40B4921,202610
E:A40B4931,202610
E:A40B4941,202610
E:A40B4961,202610
E:A40B4971,202610
E:A40B4981,202610
E:A40B4991,202610
E:A40B5068,202610
E:A40B5088,202610
E:A40B5098,202610
E:A40B5107,202610
E:A40B5117,202610
E:A40B5127,202610
E:A40B5157,202610
E:A40B5167,202610
E:A40B5197,202610
E:A40B5216,202610
E:A40B5365,202610
E:A40B5375,202610
E:A40B5632,202610
E:A40B5662,202610
E:A40B5672,202610
E:A40B5682,202610
E:A40B5751,202610
E:A40B5761,202610
E:A40B5771,202610
E:A40B5781,202610
E:A40B5800,202610
E:A40B5810,202610
E:A40B5820,202610
E:A40B5830,202610
E:A40B5870,202610
E:A40B5919,202610
E:A40B5939,202610
E:A40B6026,202610
E:A40B6076,202610
E:A40B6086,202610
E:A40B6105,202610
E:A40B6115,202610
E:A40B6145,202610
E:A40B6155,202610
E:A40B6165,202610
E:A40B6185,202610
E:A40B6214,202610
E:A40B6244,202610
E:A40B6254,202610
E:A40B6264,202610
E:A40B6294,202610
E:A40B6323,202610
E:A40B6353,202610
E:A40B6373,202610
E:A40B6402,202610
E:A40B6482,202610
E:A40B6492,202610
E:A40B6501,202610
E:A40B6541,202610
E:A40B6551,202610
E:A40B6571,202610
E:A40B6581,202610
E:A40B6600,202610
E:A40B6610,202610
E:A40B6620,202610
E:A40B6630,202610
E:A40B6640,202610
E:A40B6660,202610
E:A40B6670,202610
E:A40B6680,202610
E:A40B6690,202610
E:A40B6709,202610
E:A40B6729,202610
E:A40B6759,202610
E:A40B6769,202610
E:A40B6779,202610
E:A40B6789,202610
E:A40B6799,202610
E:A40B6808,202610
E:A40B6818,202610
E:A40B6848,202610
E:A40B6858,202610
E:A40B6888,202610
E:A40B6898,202610
E:A40B6907,202610
E:A40B6917,202610
E:A40B6937,202610
E:A40B6957,202610
E:A40B6967,202610
E:A40B6977,202610
E:A40B6987,202610
E:A40B7014,202610
E:A40B7024,202610
E:A40B7034,202610
E:A4100037,202610
E:A4101150,202610
E:A41A0739,202610
E:A41A5808,202610
E:A41A7012,202610
E:A41A7042,202610
E:A41B1655,202610
E:A41B1972,202610
E:A41B2534,202610
E:A41B2861,202610
E:A41B2900,202610
E:A41B3126,202610
E:A41B3423,202610
E:A41B3889,202610
E:A41B3899,202610
E:A41B3928,202610
E:A41B3938,202610
E:A41B4005,202610
E:A41B4015,202610
E:A41B4025,202610
E:A41B4095,202610
E:A41B4124,202610
E:A41B4144,202610
E:A41B4194,202610
E:A41B4203,202610
E:A41B4233,202610
E:A41B4263,202610
E:A41B4312,202610
E:A41B4372,202610
E:A41B4382,202610
E:A41B4411,202610
E:A41B4560,202610
E:A41B4580,202610
E:A41B4679,202610
E:A41B4748,202610
E:A41B4788,202610
E:A41B4798,202610
E:A41B4807,202610
E:A41B4817,202610
E:A41B4827,202610
E:A41B4877,202610
E:A41B4887,202610
E:A41B4956,202610
E:A41B4986,202610
E:A41B5023,202610
E:A41B5201,202610
E:A41B5231,202610
E:A41B5271,202610
E:A41B5300,202610
E:A41B5320,202610
E:A41B5459,202610
E:A41B5489,202610
E:A41B5499,202610
E:A41B5508,202610
E:A41B5528,202610
E:A41B5558,202610
E:A41B5568,202610
E:A41B5588,202610
E:A41B5598,202610
E:A41B5607,202610
E:A41B5627,202610
E:A41B5637,202610
E:A41B5697,202610
E:A41B5716,202610
E:A41B5726,202610
E:A41B5786,202610
E:A41B5805,202610
E:A41B5815,202610
E:A41B5895,202610
E:A41B5904,202610
E:A41B6021,202610
E:A41B6051,202610
E:A41B6110,202610
E:A41B6130,202610
E:A41B6170,202610
E:A41B6190,202610
E:A41B6289,202610
E:A41B6328,202610
E:A41B6348,202610
E:A41B6368,202610
E:A41B6398,202610
E:A41B6407,202610
E:A41B6417,202610
E:A41B6457,202610
E:A41B6487,202610
E:A41B6536,202610
E:A41B6576,202610
E:A41B6655,202610
E:A41B6685,202610
E:A41B6695,202610
E:A41B6704,202610
E:A41B6714,202610
E:A41B6734,202610
E:A41B6883,202610
E:A41B6893,202610
E:A41B6902,202610
E:A41B6922,202610
E:A41B6932,202610
E:A41B6962,202610
E:A41B6972,202610
E:A41B6992,202610
E:A41B7049,202610
E:A41B7059,202610
E:A41B7069,202610
E:A41B7089,202610
E:A41B7108,202610
E:A41B7148,202610
E:A41B7158,202610
E:A41B7168,202610
E:A41B7178,202610
E:A41B7188,202610
E:A41B7207,202610
E:A41B7217,202610
E:A41B7227,202610
E:A41B7237,202610
E:A41B7267,202610
E:A41B7277,202610
E:A41B7287,202610
E:A41B7306,202610
E:A41B7316,202610
E:A41B7346,202610
E:A41B7356,202610
E:A41B7366,202610
E:A41B7376,202610
E:A41B7396,202610
E:A41B7415,202610
E:A41B7425,202610
E:A41B7435,202610
E:A41B7445,202610
E:A41B7465,202610
E:A41B7475,202610
E:A41B7524,202610
E:A41B7554,202610
E:A4200158,202610
E:A4200167,202610
E:A4200658,202610
E:A4200774,202610
E:A4200783,202610
E:A4200907,202610
E:A4201244,202610
E:A4202438,202610
E:A4202830,202610
E:A4204398,202610
E:A42A0596,202610
E:A42A1247,202610
E:A42A1623,202610
E:A42A2443,202610
E:A42A3500,202610
E:A42B2034,202610
E:A42B2618,202610
E:A42B3062,202610
E:A42B5870,202610
E:A42C1469,202610
E:A42C3514,202610
E:A42C4136,202610
E:A42C6003,202610
E:A42C6756,202610
E:A42C6865,202610
E:A42C6994,202610
E:A42C7110,202610
E:A42C7576,202610
E:A42C7922,202610
E:A42C7932,202610
E:A42C7942,202610
E:A42C7992,202610
E:A42C8059,202610
E:A42C8198,202610
E:A42C8435,202610
E:A42C8564,202610
E:A42C8712,202610
E:A42C8801,202610
E:A42C8851,202610
E:A42C8920,202610
E:A42C8930,202610
E:A42C8980,202610
E:A42C9176,202610
E:A42C9215,202610
E:A42C9344,202610
E:A42C9423,202610
E:A42C9463,202610
E:A42C9473,202610
E:A42C9502,202610
E:A42C9542,202610
E:A42C9651,202610
E:A42C9710,202610
E:A42C9730,202610
E:A42C9809,202610
E:A42C9829,202610
E:A42C9839,202610
E:A42C9849,202610
E:A42C9859,202610
E:A42C9889,202610
E:A42C9958,202610
E:A42C9998,202610
E:A42D0052,202610
E:A42D0072,202610
E:A42D0082,202610
E:A42D0141,202610
E:A42D0161,202610
E:A42D0191,202610
E:A42D0290,202610
E:A42D0339,202610
E:A42D0359,202610
E:A42D0488,202610
E:A42D0498,202610
E:A42D0507,202610
E:A42D0517,202610
E:A42D0537,202610
E:A42D0547,202610
E:A42D0557,202610
E:A42D0587,202610
E:A42D0626,202610
E:A42D0636,202610
E:A42D0656,202610
E:A42D0676,202610
E:A42D0715,202610
E:A42D0755,202610
E:A42D0765,202610
E:A42D0775,202610
E:A42D0795,202610
E:A42D0814,202610
E:A42D0824,202610
E:A42D0834,202610
E:A42D0874,202610
E:A42D0884,202610
E:A42D0894,202610
E:A42D0973,202610
E:A42D1020,202610
E:A42D1050,202610
E:A42D1060,202610
E:A42D1080,202610
E:A42D1090,202610
E:A42D1109,202610
E:A42D1139,202610
E:A42D1169,202610
E:A42D1218,202610
E:A42D1228,202610
E:A42D1238,202610
E:A42D1258,202610
E:A42D1268,202610
E:A42D1317,202610
E:A42D1377,202610
E:A42D1406,202610
E:A42D1426,202610
E:A42D1476,202610
E:A42D1496,202610
E:A42D1515,202610
E:A42D1535,202610
E:A42D1565,202610
E:A42D1585,202610
E:A42D1703,202610
E:A42D1723,202610
E:A42D1763,202610
E:A42D1773,202610
E:A42D1812,202610
E:A42D1822,202610
E:A42D1951,202610
E:A42D1971,202610
E:A42D1991,202610
E:A42D2008,202610
E:A42D2028,202610
E:A42D2038,202610
E:A42D2048,202610
E:A42D2068,202610
E:A42D2088,202610
E:A42D2117,202610
E:A42D2187,202610
E:A42D2216,202610
E:A42D2236,202610
E:A42D2246,202610
E:A42D2266,202610
E:A42D2325,202610
E:A42D2345,202610
E:A42D2355,202610
E:A42D2365,202610
E:A42D2385,202610
E:A42D2395,202610
E:A42D2404,202610
E:A42D2414,202610
E:A42D2424,202610
E:A42D2454,202610
E:A42D2523,202610
E:A42D2533,202610
E:A42D2553,202610
E:A42D2563,202610
E:A42D2573,202610
E:A42D2583,202610
E:A42D2593,202610
E:A42D2612,202610
E:A42D2622,202610
E:A42D2632,202610
E:A42D2642,202610
E:A42D2652,202610
E:A42D2662,202610
E:A42D2682,202610
E:A42D2692,202610
E:A42D2701,202610
E:A42D2721,202610
E:A42D2731,202610
E:A42D2741,202610
E:A42D2751,202610
E:A42D2761,202610
E:A42D2781,202610
E:A42D2791,202610
E:A42D2800,202610
E:A42D2830,202610
E:A42D2840,202610
E:A4300019,202610
E:A4300126,202610
E:A4300144,202610
E:A4300224,202610
E:A4300635,202610
E:A4300920,202610
E:A4300975,202610
E:A4301098,202610
E:A4301230,202610
E:A4301865,202610
E:A4301874,202610
E:A4301892,202610
E:A4305514,202610
E:A43A0531,202610
E:A43A1054,202610
E:A43A1143,202610
E:A43A2270,202610
E:A43A7012,202610
E:A43A7696,202610
E:A43A8387,202610
E:A43A8634,202610
E:A43A9296,202610
E:A43A9375,202610
E:A43B1437,202610
E:A43B3750,202610
E:A43B5251,202610
E:A43B5419,202610
E:A43B6071,202610
E:A43B6655,202610
E:A43B7584,202610
E:A43B7633,202610
E:A43B8126,202610
E:A43B8196,202610
E:A43B8394,202610
E:A43B8403,202610
E:A43B8413,202610
E:A43B8443,202610
E:A43B8512,202610
E:A43B8572,202610
E:A43B8582,202610
E:A43B8592,202610
E:A43B8681,202610
E:A43B8760,202610
E:A43B9035,202610
E:A43B9075,202610
E:A43B9124,202610
E:A43B9134,202610
E:A43B9164,202610
E:A43B9174,202610
E:A43B9194,202610
E:A43B9203,202610
E:A43B9213,202610
E:A43B9223,202610
E:A43B9233,202610
E:A43B9312,202610
E:A43B9322,202610
E:A43B9560,202610
E:A43B9570,202610
E:A43B9649,202610
E:A43B9659,202610
E:A43B9669,202610
E:A43B9699,202610
E:A43B9738,202610
E:A43B9748,202610
E:A43B9857,202610
E:A43B9877,202610
E:A43B9887,202610
E:A43B9906,202610
E:A43B9946,202610
E:A43B9956,202610
E:A43C0050,202610
E:A43C0109,202610
E:A43C0139,202610
E:A43C0199,202610
E:A43C0208,202610
E:A43C0258,202610
E:A43C0268,202610
E:A43C0288,202610
E:A43C0307,202610
E:A43C0317,202610
E:A43C0367,202610
E:A43C0397,202610
E:A43C0406,202610
E:A43C0426,202610
E:A43C0456,202610
E:A43C0466,202610
E:A43C0476,202610
E:A43C0535,202610
E:A43C0545,202610
E:A43C0565,202610
E:A43C0585,202610
E:A43C0624,202610
E:A43C0634,202610
E:A43C0644,202610
E:A43C0684,202610
E:A43C0703,202610
E:A43C0713,202610
E:A43C0723,202610
E:A43C0733,202610
E:A43C0802,202610
E:A43C0822,202610
E:A43C0842,202610
E:A43C0892,202610
E:A43C0911,202610
E:A43C0941,202610
E:A43C1038,202610
E:A43C1167,202610
E:A43C1177,202610
E:A43C1206,202610
E:A43C1236,202610
E:A43C1246,202610
E:A43C1276,202610
E:A43C1305,202610
E:A43C1315,202610
E:A43C1335,202610
E:A43C1345,202610
E:A43C1414,202610
E:A43C1424,202610
E:A43C1444,202610
E:A43C1464,202610
E:A43C1474,202610
E:A43C1494,202610
E:A43C1523,202610
E:A43C1533,202610
E:A43C1543,202610
E:A43C1573,202610
E:A43C1583,202610
E:A43C1593,202610
E:A43C1612,202610
E:A43C1672,202610
E:A43C1682,202610
E:A43C1692,202610
E:A43C1701,202610
E:A43C1711,202610
E:A43C1791,202610
E:A43C1800,202610
E:A43C1810,202610
E:A43C1820,202610
E:A43C1830,202610
E:A43C1870,202610
E:A43C1919,202610
E:A43C1939,202610
E:A43C1959,202610
E:A43C1989,202610
E:A43C1999,202610
E:A43C2026,202610
E:A43C2046,202610
E:A43C2086,202610
E:A43C2096,202610
E:A43C2105,202610
E:A43C2135,202610
E:A43C2145,202610
E:A43C2165,202610
E:A43C2195,202610
E:A43C2204,202610
E:A43C2234,202610
E:A43C2303,202610
E:A43C2313,202610
E:A43C2333,202610
E:A43C2353,202610
E:A43C2363,202610
E:A43C2402,202610
E:A43C2422,202610
E:A43C2442,202610
E:A43C2452,202610
E:A43C2462,202610
E:A43C2492,202610
E:A43C2541,202610
E:A43C2581,202610
E:A43C2610,202610
E:A43C2620,202610
E:A43C2630,202610
E:A43C2650,202610
E:A43C2670,202610
E:A43C2690,202610
E:A43C2719,202610
E:A43C2759,202610
E:A43C2769,202610
E:A43C2779,202610
E:A43C2799,202610
E:A43C2828,202610
E:A43C2848,202610
E:A43C2858,202610
E:A43C2868,202610
E:A43C2878,202610
E:A43C2927,202610
E:A43C2937,202610
E:A43C2947,202610
E:A43C2957,202610
E:A43C2967,202610
E:A43C2977,202610
E:A43C3044,202610
E:A43C3074,202610
E:A43C3113,202610
E:A43C3133,202610
E:A43C3153,202610
E:A43C3173,202610
E:A43C3193,202610
E:A43C3252,202610
E:A43C3311,202610
E:A43C3321,202610
E:A43C3331,202610
E:A43C3351,202610
E:A43C3400,202610
E:A43C3460,202610
E:A43C3509,202610
E:A43C3608,202610
E:A43C3618,202610
E:A43C3658,202610
E:A43C3698,202610
E:A43C3707,202610
E:A43C3727,202610
E:A43C3757,202610
E:A43C3767,202610
E:A43C3787,202610
E:A43C3797,202610
E:A43C3806,202610
E:A43C3826,202610
E:A43C3836,202610
E:A43C3856,202610
E:A43C3886,202610
E:A43C3896,202610
E:A43C3905,202610
E:A43C3915,202610
E:A43C3945,202610
E:A43C3955,202610
E:A43C3975,202610
E:A43C3985,202610
E:A43C3995,202610
E:A43C4002,202610
E:A43C4012,202610
E:A43C4052,202610
E:A43C4062,202610
E:A43C4101,202610
E:A43C4131,202610
E:A43C4141,202610
E:A43C4161,202610
E:A43C4181,202610
E:A43C4191,202610
E:A43C4220,202610
E:A43C4230,202610
E:A43C4250,202610
E:A43C4260,202610
E:A43C4270,202610
E:A43C4319,202610
E:A43C4349,202610
E:A43C4369,202610
E:A43C4379,202610
E:A43C4389,202610
E:A43C4408,202610
E:A43C4418,202610
E:A43C4428,202610
E:A43C4438,202610
E:A43C4458,202610
E:A43C4468,202610
E:A43C4478,202610
E:A43C4488,202610
E:A43C4498,202610
E:A43C4507,202610
E:A43C4517,202610
E:A43C4537,202610
E:A43C4547,202610
E:A43C4557,202610
E:A43C4567,202610
E:A43C4587,202610
E:A4400023,202610
E:A4400185,202610
E:A4400498,202610
E:A4400569,202610
E:A4404254,202610
E:A4405046,202610
E:A4405055,202610
E:A4405073,202610
E:A4405135,202610
E:A4405153,202610
E:A4405822,202610
E:A44A0853,202610
E:A44A0873,202610
E:A44A0992,202610
E:A44A2116,202610
E:A44A2601,202610
E:A44A5932,202610
E:A44A7453,202610
E:A44A9875,202610
E:A44B0662,202610
E:A44B1313,202610
E:A44B1442,202610
E:A44B2559,202610
E:A44B2945,202610
E:A44B3101,202610
E:A44B4347,202610
E:A44B4387,202610
E:A44B4456,202610
E:A44B4921,202610
E:A44B5008,202610
E:A44B5226,202610
E:A44B5791,202610
E:A44B6076,202610
E:A44B6125,202610
E:A44B6274,202610
E:A44B6670,202610
E:A44B6729,202610
E:A44B6838,202610
E:A44B7004,202610
E:A44B7222,202610
E:A44B7262,202610
E:A44B7450,202610
E:A44B7668,202610
E:A44B7876,202610
E:A44B7905,202610
E:A44B8052,202610
E:A44B8200,202610
E:A44B8250,202610
E:A44B8290,202610
E:A44B8309,202610
E:A44B8527,202610
E:A44B8824,202610
E:A44B8844,202610
E:A44B8923,202610
E:A44B8943,202610
E:A44B8953,202610
E:A44B9000,202610
E:A44B9010,202610
E:A44B9020,202610
E:A44B9030,202610
E:A44B9129,202610
E:A44B9278,202610
E:A44B9377,202610
E:A44B9387,202610
E:A44B9406,202610
E:A44B9486,202610
E:A44B9595,202610
E:A44B9674,202610
E:A44B9684,202610
E:A44B9703,202610
E:A44B9773,202610
E:A44B9812,202610
E:A44B9981,202610
E:A44B9991,202610
E:A44C0065,202610
E:A44C0075,202610
E:A44C0085,202610
E:A44C0095,202610
E:A44C0134,202610
E:A44C0273,202610
E:A44C0302,202610
E:A44C0411,202610
E:A44C0421,202610
E:A44C0431,202610
E:A44C0441,202610
E:A44C0471,202610
E:A44C0481,202610
E:A44C0491,202610
E:A44C0510,202610
E:A44C0520,202610
E:A44C0540,202610
E:A44C0550,202610
E:A44C0570,202610
E:A44C0649,202610
E:A44C0689,202610
E:A44C0728,202610
E:A44C0748,202610
E:A44C0758,202610
E:A44C0768,202610
E:A44C0807,202610
E:A44C0817,202610
E:A44C0887,202610
E:A44C0897,202610
E:A44C0916,202610
E:A44C0986,202610
E:A44C1023,202610
E:A44C1073,202610
E:A44C1102,202610
E:A44C1132,202610
E:A44C1152,202610
E:A44C1162,202610
E:A44C1261,202610
E:A44C1271,202610
E:A44C1281,202610
E:A44C1291,202610
E:A44C1300,202610
E:A44C1350,202610
E:A44C1360,202610
E:A44C1370,202610
E:A44C1429,202610
E:A44C1439,202610
E:A44C1459,202610
E:A44C1489,202610
E:A44C1518,202610
E:A44C1528,202610
E:A44C1538,202610
E:A44C1578,202610
E:A44C1588,202610
E:A44C1598,202610
E:A44C1627,202610
E:A44C1637,202610
E:A44C1647,202610
E:A44C1657,202610
E:A44C1667,202610
E:A44C1687,202610
E:A44C1706,202610
E:A44C1736,202610
E:A44C1766,202610
E:A44C1786,202610
E:A44C1796,202610
E:A44C1815,202610
E:A44C1825,202610
E:A44C1855,202610
E:A44C1875,202610
E:A44C1895,202610
E:A44C1904,202610
E:A44C1944,202610
E:A44C1954,202610
E:A44C1974,202610
E:A44C1984,202610
E:A44C2021,202610
E:A44C2031,202610
E:A44C2051,202610
E:A44C2081,202610
E:A44C2091,202610
E:A44C2100,202610
E:A44C2130,202610
E:A44C2160,202610
E:A44C2170,202610
E:A44C2180,202610
E:A44C2190,202610
E:A44C2219,202610
E:A44C2249,202610
E:A44C2368,202610
E:A44C2378,202610
E:A44C2388,202610
E:A44C2398,202610
E:A44C2417,202610
E:A44C2467,202610
E:A44C2526,202610
E:A44C2556,202610
E:A44C2625,202610
E:A44C2635,202610
E:A44C2645,202610
E:A44C2724,202610
E:A44C2754,202610
E:A44C2784,202610
E:A44C2803,202610
E:A44C2813,202610
E:A44C2823,202610
E:A44C2853,202610
E:A44C2893,202610
E:A44C2912,202610
E:A44C2922,202610
E:A44C2942,202610
E:A44C2952,202610
E:A44C2962,202610
E:A44C3019,202610
E:A44C3049,202610
E:A44C3059,202610
E:A44C3069,202610
E:A44C3089,202610
E:A44C3128,202610
E:A44C3138,202610
E:A44C3148,202610
E:A44C3168,202610
E:A44C3188,202610
E:A44C3198,202610
E:A44C3227,202610
E:A44C3237,202610
E:A44C3247,202610
E:A44C3257,202610
E:A44C3267,202610
E:A44C3277,202610
E:A44C3287,202610
E:A44C3297,202610
E:A44C3346,202610
E:A44C3356,202610
E:A44C3366,202610
E:A44C3376,202610
E:A44C3386,202610
E:A44C3445,202610
E:A44C3455,202610
E:A44C3504,202610
E:A44C3514,202610
E:A44C3524,202610
E:A44C3554,202610
E:A44C3653,202610
E:A44C3683,202610
E:A44C3693,202610
E:A44C3702,202610
E:A44C3722,202610
E:A44C3732,202610
E:A44C3742,202610
E:A44C3752,202610
E:A44C3762,202610
E:A44C3792,202610
E:A44C3801,202610
E:A44C3811,202610
E:A44C3821,202610
E:A44C3841,202610
E:A44C3851,202610
E:A44C3871,202610
E:A44C3881,202610
E:A44C3891,202610
E:A44C3900,202610
E:A44C3910,202610
E:A44C3930,202610
E:A44C3940,202610
E:A44C3960,202610
E:A44C3970,202610
E:A44C3980,202610
E:A44C4007,202610
E:A44C4017,202610
E:A44C4047,202610
E:A44C4057,202610
E:A44C4077,202610
E:A44C4106,202610
E:A44C4116,202610
E:A44C4126,202610
E:A44C4136,202610
E:A44C4156,202610
E:A44C4166,202610
E:A44C4176,202610
E:A44C4186,202610
E:A44C4205,202610
E:A44C4225,202610
E:A44C4255,202610
E:A44C4265,202610
E:A44C4275,202610
E:A44C4285,202610
E:A44C4304,202610
E:A44C4314,202610
E:A44C4324,202610
E:A44C4334,202610
E:A44C4364,202610
E:A44C4374,202610
E:A44C4384,202610
E:A44C4394,202610
E:A44C4413,202610
E:A44C4423,202610
E:A44C4433,202610
E:A44C4453,202610
E:A44C4463,202610
E:A44C4502,202610
E:A44C4512,202610
E:A44C4522,202610
E:A44C4532,202610
E:A44C4552,202610
E:A44C4562,202610
E:A44C4572,202610
E:A44C4592,202610
E:A44C4601,202610
E:A44C4611,202610
E:A44C4641,202610
E:A44C4651,202610
E:A44C4661,202610
E:A44C4691,202610
E:A44C4710,202610
E:A44C4740,202610
E:A44C4760,202610
E:A44C4770,202610
E:A4500126,202610
E:A4500340,202610
E:A4504795,202610
E:A4504811,202610
E:A4505818,202610
E:A45A0977,202610
E:A45A6559,202610
E:A45A6678,202610
E:A45A8258,202610
E:A45A8624,202610
E:A45B2712,202610
E:A45B3562,202610
E:A45B3592,202610
E:A45B3720,202610
E:A45B4332,202610
E:A45B4580,202610
E:A45B4778,202610
E:A45B4827,202610
E:A45B4847,202610
E:A45B5003,202610
E:A45B5013,202610
E:A45B5053,202610
E:A45B5241,202610
E:A45B5528,202610
E:A45B5548,202610
E:A45B5657,202610
E:A45B5984,202610
E:A45B6031,202610
E:A45B6061,202610
E:A45B6120,202610
E:A45B6190,202610
E:A45B6229,202610
E:A45B6447,202610
E:A45B6556,202610
E:A45B6645,202610
E:A45B6665,202610
E:A45B6685,202610
E:A45B6714,202610
E:A45B6803,202610
E:A45B6863,202610
E:A45B7108,202610
E:A45B7128,202610
E:A45B7227,202610
E:A45B7257,202610
E:A45B7267,202610
E:A45B7356,202610
E:A45B7376,202610
E:A45B7386,202610
E:A45B7396,202610
E:A45B7405,202610
E:A45B7415,202610
E:A45B7425,202610
E:A45B7445,202610
E:A45B7475,202610
E:A45B7554,202610
E:A45B7574,202610
E:A45B7603,202610
E:A45B7683,202610
E:A45B7752,202610
E:A45B7782,202610
E:A45B7811,202610
E:A45B7871,202610
E:A45B7930,202610
E:A45B7990,202610
E:A45B8017,202610
E:A45B8245,202610
E:A45B8285,202610
E:A45B8295,202610
E:A45B8354,202610
E:A45B8374,202610
E:A45B8384,202610
E:A45B8413,202610
E:A45B8423,202610
E:A45B8502,202610
E:A45B8562,202610
E:A45B8582,202610
E:A45B8601,202610
E:A45B8621,202610
E:A45B8631,202610
E:A45B8641,202610
E:A45B8651,202610
E:A45B8730,202610
E:A45B8750,202610
E:A45B8770,202610
E:A45B8780,202610
E:A45B8859,202610
E:A45B8869,202610
E:A45B8879,202610
E:A45B8889,202610
E:A45B8899,202610
E:A45B8958,202610
E:A45B8978,202610
E:A45B9035,202610
E:A45B9045,202610
E:A45B9085,202610
E:A45B9114,202610
E:A45B9332,202610
E:A45B9372,202610
E:A45B9421,202610
E:A45B9441,202610
E:A45B9619,202610
E:A45B9679,202610
E:A45B9699,202610
E:A45B9788,202610
E:A45B9817,202610
E:A45B9827,202610
E:A45B9887,202610
E:A45B9946,202610
E:A45C0010,202610
E:A45C0020,202610
E:A45C0030,202610
E:A45C0040,202610
E:A45C0070,202610
E:A45C0109,202610
E:A45C0129,202610
E:A45C0169,202610
E:A45C0179,202610
E:A45C0208,202610
E:A45C0258,202610
E:A45C0288,202610
E:A45C0387,202610
E:A45C0397,202610
E:A45C0406,202610
E:A45C0416,202610
E:A45C0436,202610
E:A45C0446,202610
E:A45C0476,202610
E:A45C0486,202610
E:A45C0496,202610
E:A45C0515,202610
E:A45C0565,202610
E:A45C0614,202610
E:A45C0634,202610
E:A45C0654,202610
E:A45C0664,202610
E:A45C0694,202610
E:A45C0773,202610
E:A45C0783,202610
E:B0000913,202610
E:B0000995,202610
E:B0001232,202610
E:B0001241,202610
E:B0002506,202610
E:B0003076,202610
E:B0003432,202610
E:B0003496,202610
E:B0003549,202610
E:B0004877,202610
E:B0005196,202610
E:B0005605,202610
E:B0005614,202610
E:B0005641,202610
E:B0006648,202610
E:B0006915,202610
E:B0007323,202610
E:B0007707,202610
E:B0008562,202610
E:B0008857,202610
E:B0009130,202610
E:B0009569,202610
E:B0009792,202610
E:B0009989,202610
E:B0010008,202610
E:B0010179,202610
E:B0010428,202610
E:B0010580,202610
E:B0011578,202610
E:B0012520,202610
E:B0012717,202610
E:B0012806,202610
E:B0100454,202610
E:B0102967,202610
E:B0103106,202610
E:B0104872,202610
E:B0105271,202610
E:B0105333,202610
E:B0105397,202610
E:B0106125,202610
E:B0106152,202610
E:B0106287,202610
E:B0106385,202610
E:B0202177,202610
E:B0207869,202610
E:B0207958,202610
E:B0208017,202610
E:B0208731,202610
E:B0210526,202610
E:B0210642,202610
E:B0210777,202610
E:B0210848,202610
E:B0211121,202610
E:B0211210,202610
E:B0211274,202610
E:B0211489,202610
E:B0211569,202610
E:B0212191,202610
E:B0212262,202610
E:B0212299,202610
E:B0212388,202610
E:B0212431,202610
E:B0212511,202610
E:B0212673,202610
E:B0212977,202610
E:B0212995,202610
E:B0213072,202610
E:B0213170,202610
E:B0305431,202610
E:B0306438,202610
E:B0306572,202610
E:B0306885,202610
E:B0307168,202610
E:B0307515,202610
E:B0408811,202610
E:B0408937,202610
E:B0411229,202610
E:B0411354,202610
E:B0415085,202610
E:B0415674,202610
E:B0416822,202610
E:B0416840,202610
E:B0417043,202610
E:B0417534,202610
E:B0418666,202610
E:B0418764,202610
E:B0419323,202610
E:B0419690,202610
E:B0419770,202610
E:B0419896,202610
E:B0502412,202610
E:B0505922,202610
E:B0507533,202610
E:B0508790,202610
E:B0509797,202610
E:B0510825,202610
E:B0511724,202610
E:B0513175,202610
E:B0513399,202610
E:B0513942,202610
E:B0515099,202610
E:B0516354,202610
E:B0516685,202610
E:B0518483,202610
E:B1906398,202610
E:B1906601,202610
E:B19A1025,202610
E:B19A3695,202610
E:B19A4257,202610
E:B19A4287,202610
E:B19A4445,202610
E:B19A5839,202610
E:B19A6560,202610
E:B19A6906,202610
E:B19A7607,202610
E:B19A7756,202610
E:B19A7825,202610
E:B19A7835,202610
E:B19A8011,202610
E:B19A8071,202610
E:B19A8140,202610
E:B19A8150,202610
E:B19A8407,202610
E:B19A8437,202610
E:B19A8477,202610
E:B19A8487,202610
E:B19A8497,202610
E:B19A8576,202610
E:B2001981,202610
E:B20A4375,202610
E:B20A8228,202610
E:B20B0370,202610
E:B20B0726,202610
E:B20B0776,202610
E:B20B1081,202610
E:B20B1249,202610
E:B20B1308,202610
E:B20B1803,202610
E:B2102803,202610
E:B21A5160,202610
E:B21A9073,202610
E:B21A9182,202610
E:B21A9508,202610
E:B21B0533,202610
E:B21B0761,202610
E:B21B1076,202610
E:B21B1254,202610
E:B21B1264,202610
E:B21B1303,202610
E:B21B1313,202610
E:B21B1462,202610
E:B21B1511,202610
E:B21B1630,202610
E:B21B1670,202610
E:B21B2351,202610
E:B21B2410,202610
E:B21B2549,202610
E:B21B2559,202610
E:B22A8060,202610
E:B22B0984,202610
E:B22B1209,202610
E:B22B1586,202610
E:B22B1803,202610
E:B22B2039,202610
E:B22B2168,202610
E:B22B2267,202610
E:B22B3344,202610
E:B22B3433,202610
E:B2300112,202610
E:B2302287,202610
E:B2302821,202610
E:B2303248,202610
E:B2303275,202610
E:B2303471,202610
E:B2304049,202610
E:B2305699,202610
E:B2308805,202610
E:B2311464,202610
E:B2311697,202610
E:B23A4390,202610
E:B23A4706,202610
E:B23A4716,202610
E:B23A6900,202610
E:B23A9667,202610
E:B23B0791,202610
E:B23B3359,202610
E:B23B7183,202610
E:B23B7232,202610
E:B23B9505,202610
E:B23C0708,202610
E:B23C3029,202610
E:B23C3366,202610
E:B23C3435,202610
E:B23C4176,202610
E:B23C4908,202610
E:B23C5629,202610
E:B23C5897,202610
E:B23C5946,202610
E:B23C6736,202610
E:B23C6776,202610
E:B23C7566,202610
E:B23C8544,202610
E:B23C8742,202610
E:B23C8762,202610
E:B23C8881,202610
E:B23C9196,202610
E:B23C9651,202610
E:B23C9988,202610
E:B23D0082,202610
E:B23D0121,202610
E:B23D0161,202610
E:B23D0171,202610
E:B23D0250,202610
E:B23D0379,202610
E:B23D0468,202610
E:B23D0735,202610
E:B23D0804,202610
E:B23D1070,202610
E:B23D1634,202610
E:B23D1664,202610
E:B23D1713,202610
E:B23D1733,202610
E:B23D1753,202610
E:B23D1763,202610
E:B23D1802,202610
E:B23D1892,202610
E:B23D2117,202610
E:B23D2345,202610
E:B23D2494,202610
E:B23D2593,202610
E:B23D2622,202610
E:B23D2652,202610
E:B23D2731,202610
E:B23D2781,202610
E:B23D3165,202610
E:B23D3402,202610
E:B23D3452,202610
E:B23D3492,202610
E:B23D3521,202610
E:B23D3630,202610
E:B23D4282,202610
E:B23D4480,202610
E:B23D4490,202610
E:B23D4559,202610
E:B23D4727,202610
E:B23D4797,202610
E:B23D4925,202610
E:B23D4985,202610
E:B23D5002,202610
E:B23D5012,202610
E:B23D5111,202610
E:B23D5200,202610
E:B23D5646,202610
E:B23D5735,202610
E:B23D6347,202610
E:B23D6357,202610
E:B23D6397,202610
E:B23D6436,202610
E:B23D6456,202610
E:B23D6476,202610
E:B23D6981,202610
E:B23D7008,202610
E:B23D7206,202610
E:B2402424,202610
E:B2403654,202610
E:B24A8476,202610
E:B24B1546,202610
E:B24B1794,202610
E:B24B3067,202610
E:B24B7772,202610
E:B24B8245,202610
E:B24B8790,202610
E:B24C3014,202610
E:B24C3826,202610
E:B24C4062,202610
E:B24C4101,202610
E:B24C5931,202610
E:B24C6969,202610
E:B24C7224,202610
E:B24C7412,202610
E:B24C7432,202610
E:B24C7472,202610
E:B24C7660,202610
E:B24C8034,202610
E:B24C8123,202610
E:B24C8658,202610
E:B24C8727,202610
E:B24C9082,202610
E:B24C9220,202610
E:B24C9339,202610
E:B24C9369,202610
E:B24C9389,202610
E:B24C9428,202610
E:B24C9458,202610
E:B24C9488,202610
E:B24C9498,202610
E:B24C9676,202610
E:B24C9715,202610
E:B24C9854,202610
E:B24C9874,202610
E:B24C9993,202610
E:B24D0304,202610
E:B24D0631,202610
E:B24D0790,202610
E:B24D0869,202610
E:B24D0928,202610
E:B24D0948,202610
E:B24D0968,202610
E:B24D1065,202610
E:B24D1124,202610
E:B24D1144,202610
E:B24D1392,202610
E:B24D1431,202610
E:B24D1639,202610
E:B24D1798,202610
E:B24D1807,202610
E:B24D1887,202610
E:B24D1897,202610
E:B24D1906,202610
E:B24D1916,202610
E:B24D1956,202610
E:B24D1966,202610
E:B24D2043,202610
E:B24D2093,202610
E:B24D2469,202610
E:B24D2627,202610
E:B24D2706,202610
E:B24D2746,202610
E:B24D3011,202610
E:B24D3526,202610
E:B24D3546,202610
E:B24D3635,202610
E:B2502732,202610
E:B2502769,202610
E:B2506196,202610
E:B25A5249,202610
E:B25A7304,202610
E:B25B1957,202610
E:B25B4496,202610
E:B25B4555,202610
E:B25B7816,202610
E:B25B7896,202610
E:B25B9416,202610
E:B25C0164,202610
E:B25C0382,202610
E:B25C0639,202610
E:B25C2794,202610
E:B25C2813,202610
E:B25C4502,202610
E:B25C5164,202610
E:B25C5203,202610
E:B25C5233,202610
E:B25C6716,202610
E:B25C7011,202610
E:B25C7279,202610
E:B25C7487,202610
E:B25C7576,202610
E:B25C7586,202610
E:B25C7912,202610
E:B25C7972,202610
E:B25C8069,202610
E:B25C8227,202610
E:B25C8524,202610
E:B25C8653,202610
E:B25C9384,202610
E:B25C9641,202610
E:B25D0161,202610
E:B25D1911,202610
E:B25D2078,202610
E:B25D2246,202610
E:B25D2286,202610
E:B25D2305,202610
E:B25D2315,202610
E:B25D2404,202610
E:B25D2464,202610
E:B25D2484,202610
E:B25D2583,202610
E:B25D2632,202610
E:B25D2642,202610
E:B25D2652,202610
E:B25D2672,202610
E:B25D2761,202610
E:B25D2820,202610
E:B25D3046,202610
E:B25D3096,202610
E:B25D3343,202610
E:B25D3482,202610
E:B25D3640,202610
E:B25D4272,202610
E:B25D4371,202610
E:B25D4727,202610
E:B25D4767,202610
E:B25D4826,202610
E:B25D4866,202610
E:B25D4935,202610
E:B25D5260,202610
E:B25D5270,202610
E:B25D5656,202610
E:B25D5973,202610
E:B25D6020,202610
E:B25D6070,202610
E:B25D6298,202610
E:B25D6446,202610
E:B25D6496,202610
E:B25D6822,202610
E:B25D6842,202610
E:B25D6971,202610
E:B25D7048,202610
E:B25D7375,202610
E:B25D7424,202610
E:B25D7434,202610
E:B25D7543,202610
E:B25D7553,202610
E:B25D7583,202610
E:B25D7612,202610
E:B25D7682,202610
E:B25D7909,202610
E:B25D7999,202610
E:B25D8006,202610
E:B25D8066,202610
E:B25D8145,202610
E:B25D8224,202610
E:B25D8412,202610
E:B25D8442,202610
E:B25D8571,202610
E:B25D8789,202610
E:B25D9113,202610
E:B25D9153,202610
E:B25D9222,202610
E:B25D9321,202610
E:B25D9876,202610
E:B25D9905,202610
E:B25E0019,202610
E:B25E0049,202610
E:B25E0099,202610
E:B25E0138,202610
E:B25E0198,202610
E:B25E0297,202610
E:B25E0336,202610
E:B25E0980,202610
E:B25E1097,202610
E:B8604780,202610
E:B8610028,202610
E:B8611927,202610
E:B8611990,202610
E:B8612068,202610
E:B8613332,202610
E:B8613369,202610
E:B8613556,202610
E:B8613761,202610
E:B8614446,202610
E:B8614731,202610
E:B8614928,202610
E:B8614982,202610
E:B8615112,202610
E:B8702361,202610
E:B8800022,202610
E:B8800399,202610
E:B8800719,202610
E:B8800871,202610
E:B8801038,202610
E:B8801243,202610
E:B8802517,202610
E:B8803970,202610
E:B8804824,202610
E:B8805483,202610
E:B8806293,202610
E:B8807003,202610
E:B8808064,202610
E:B8808466,202610
E:B8808537,202610
E:B8902905,202610
E:B8903064,202610
E:B8904267,202610
E:B8904801,202610
E:B8904990,202610
E:B8905120,202610
E:B8906001,202610
E:B8906127,202610
E:B8907231,202610
E:B8907482,202610
E:B8907955,202610
E:B8908256,202610
E:B8908390,202610
E:B8908505,202610
E:B8908738,202610
E:B8908792,202610
E:B8908809,202610
E:B8908836,202610
E:B8908881,202610
E:B8908934,202610
E:B8909119,202610
E:B8909137,202610
E:B8909422,202610
E:B8909459,202610
E:B8909726,202610
E:B8910096,202610
E:B8910112,202610
E:B8910283,202610
E:B8910390,202610
E:B8911100,202610
E:B8911388,202610
E:B9004373,202610
E:B9005683,202610
E:B9006199,202610
E:B9006340,202610
E:B9007776,202610
E:B9007865,202610
E:B9009118,202610
E:B9009234,202610
E:B9009396,202610
E:B9009912,202610
E:B9009967,202610
E:B9010399,202610
E:B9010602,202610
E:B9010648,202610
E:B9010675,202610
E:B9010942,202610
E:B9011216,202610
E:B9011225,202610
E:B9011501,202610
E:B9011574,202610
E:B9012008,202610
E:B9012017,202610
E:B9012035,202610
E:B9012366,202610
E:B9012615,202610
E:B9012642,202610
E:B9100512,202610
E:B9100530,202610
E:B9102570,202610
E:B9105035,202610
E:B9106256,202610
E:B9107477,202610
E:B9107673,202610
E:B9107780,202610
E:B9107922,202610
E:B9109971,202610
E:B9110509,202610
E:B9110670,202610
E:B9110965,202610
E:B9111104,202610
E:B9111122,202610
E:B9111220,202610
E:B9111444,202610
E:B9111515,202610
E:B9111533,202610
E:B9111579,202610
E:B9111953,202610
E:B9111971,202610
E:B9112094,202610
E:B9112101,202610
E:B9112405,202610
E:B9113199,202610
E:B9113297,202610
E:B9113359,202610
E:B9113582,202610
E:B9113591,202610
E:B9113662,202610
E:B9113706,202610
E:B9113742,202610
E:B9113760,202610
E:B9113813,202610
E:B9113822,202610
E:B9113911,202610
E:B9113975,202610
E:B9114025,202610
E:B9114070,202610
E:B9114221,202610
E:B9114409,202610
E:B9114721,202610
E:B9114847,202610
E:B9114963,202610
E:B9114972,202610
E:B9115120,202610
E:B9115139,202610
E:B9115157,202610
E:B9115362,202610
E:B9115399,202610
E:B9205245,202610
E:B9205343,202610
E:B9206153,202610
E:B9206822,202610
E:B9207856,202610
E:B9208102,202610
E:B9209190,202610
E:B9209207,202610
E:B9209403,202610
E:B9209476,202610
E:B9209538,202610
E:B9209556,202610
E:B9209761,202610
E:B9301493,202610
E:B9308483,202610
E:B9308518,202610
E:B9311248,202610
E:B9400295,202610
E:B9405512,202610
E:B9406466,202610
E:B9406475,202610
E:B9406528,202610
E:B9406920,202610
E:B9407605,202610
E:B9407632,202610
E:B9407767,202610
E:B9407892,202610
E:B9408175,202610
E:B9408246,202610
E:B9408326,202610
E:B9408595,202610
E:B9409127,202610
E:B9504985,202610
E:B9508303,202610
E:B9508438,202610
E:B9508625,202610
E:B9509293,202610
E:B9509640,202610
E:B9510090,202610
E:B9510607,202610
E:B9511364,202610
E:B9511720,202610
E:B9511739,202610
E:B9511926,202610
E:B9602182,202610
E:B9804015,202610
E:C1000607,202610
E:C10A2714,202610
E:C10A4235,202610
E:C10A4354,202610
E:C10A4691,202610
E:C10A4720,202610
E:C10A4730,202610
E:C10A4740,202610
E:C10A5005,202610
E:C10A5144,202610
E:C10A5203,202610
E:C10A5560,202610
E:C10A5718,202610
E:C10A5778,202610
E:C10A5827,202610
E:C10A5867,202610
E:C10A5976,202610
E:C10A5986,202610
E:C10A5996,202610
E:C10A6053,202610
E:C10A6073,202610
E:C10A6083,202610
E:C10A6172,202610
E:C10A6211,202610
E:C10A6310,202610
E:C10A6439,202610
E:C10A6469,202610
E:C10A6479,202610
E:C10A6499,202610
E:C10A6508,202610
E:C10A6528,202610
E:C10A6578,202610
E:C1100504,202610
E:C1104780,202610
E:C11A0505,202610
E:C11A0832,202610
E:C11A0842,202610
E:C11A1632,202610
E:C11A1820,202610
E:C11A1999,202610
E:C11A2313,202610
E:C11A2402,202610
E:C11A2680,202610
E:C11A2937,202610
E:C11A2947,202610
E:C11A3549,202610
E:C11A3797,202610
E:C11A3806,202610
E:C11A3856,202610
E:C11A4052,202610
E:C11A4488,202610
E:C11A4547,202610
E:C11A4557,202610
E:C11A4567,202610
E:C11A4577,202610
E:C11A4686,202610
E:C11A4696,202610
E:C11A4795,202610
E:C11A4814,202610
E:C11A4824,202610
E:C11A4844,202610
E:C11A4933,202610
E:C11A4973,202610
E:C11A4993,202610
E:C11A5090,202610
E:C11A5109,202610
E:C11A5129,202610
E:C11A5189,202610
E:C11A5199,202610
E:C1200125,202610
E:C1200134,202610
E:C1204098,202610
E:C12A1271,202610
E:C12A1687,202610
E:C12A2041,202610
E:C12A2061,202610
E:C12A2071,202610
E:C12A2229,202610
E:C12A2289,202610
E:C12A2328,202610
E:C12A2358,202610
E:C12A2457,202610
E:C12A2477,202610
E:C12A2497,202610
E:C12A2506,202610
E:C13A2878,202610
E:C13A2927,202610
E:C13A2937,202610
E:C1403402,202610
E:C1403859,202610
E:C1404570,202610
E:C1405522,202610
E:C1405639,202610
E:C1405746,202610
E:C1405853,202610
E:C1406270,202610
E:C1406323,202610
E:C1406332,202610
E:C1406341,202610
E:C1406350,202610
E:C1406387,202610
E:C1406403,202610
E:C1406449,202610
E:C1406547,202610
E:C1406574,202610
E:C1406583,202610
E:C1406636,202610
E:C1406654,202610
E:C1406681,202610
E:C1406743,202610
E:C1406761,202610
E:C1406798,202610
E:C1406823,202610
E:C1406850,202610
E:C1406869,202610
E:C1406887,202610
E:C1406903,202610
E:C1406912,202610
E:C1500353,202610
E:C1500602,202610
E:C1501350,202610
E:C1504057,202610
E:C1504173,202610
E:C1504520,202610
E:C1504637,202610
E:C15A0496,202610
E:C15A1583,202610
E:C15A1810,202610
E:C15A2373,202610
E:C15A2422,202610
E:C15A3064,202610
E:C15A3222,202610
E:C15A3311,202610
E:C15A3410,202610
E:C15A3470,202610
E:C15A3797,202610
E:C15A3905,202610
E:C15A3915,202610
E:C15A3925,202610
E:C15A3975,202610
E:C15A3995,202610
E:C15A4092,202610
E:C15A4101,202610
E:C15A4161,202610
E:C15A4181,202610
E:C15A4220,202610
E:C15A4240,202610
E:C15A4250,202610
E:C16A2437,202610
E:C16A2447,202610
E:C16A2457,202610
E:C16A2477,202610
E:C16A2487,202610
E:C16A2546,202610
E:C16A2704,202610
E:C16A2952,202610
E:C16A3009,202610
E:C16A3237,202610
E:C16A3257,202610
E:C16A3267,202610
E:C16A3376,202610
E:C16A3396,202610
E:C16A3534,202610
E:C16A3722,202610
E:C16A3732,202610
E:C16A3742,202610
E:C16A3772,202610
E:C16A3811,202610
E:C16A3841,202610
E:C16A3851,202610
E:C16A3871,202610
E:D0001541,202610
E:D0001621,202610
E:D0001649,202610
E:D0001658,202610
E:D0001989,202610
E:D0001998,202610
E:D0002002,202610
E:D0002011,202610
E:D0002333,202610
E:D0002342,202610
E:D0002440,202610
E:D0002468,202610
E:D0002477,202610
E:D0002486,202610
E:D0002502,202610
E:D0002511,202610
E:D0002520,202610
E:D0002539,202610
E:D0002548,202610
E:D0002566,202610
E:D0002637,202610
E:D0002646,202610
E:D0002842,202610
E:D0003278,202610
E:D0003296,202610
E:D0003303,202610
E:D0101064,202610
E:D0101475,202610
E:D0101528,202610
E:D0101537,202610
E:D0101608,202610
E:D0101626,202610
E:D0101635,202610
E:D0101644,202610
E:D0101662,202610
E:D0101671,202610
E:D0101706,202610
E:D0101715,202610
E:D0101804,202610
E:D0101957,202610
E:D0101975,202610
E:D0102043,202610
E:D0102061,202610
E:D0102070,202610
E:D0102098,202610
E:D0102105,202610
E:D0102123,202610
E:D0102212,202610
E:D0102221,202610
E:D0102249,202610
E:D0102258,202610
E:D0102267,202610
E:D0102392,202610
E:D0102418,202610
E:D0102427,202610
E:D0102481,202610
E:D0102507,202610
E:D0102516,202610
E:D0102525,202610
E:D0102561,202610
E:D0102598,202610
E:D0102605,202610
E:D0102614,202610
E:D0102623,202610
E:D0102632,202610
E:D0102641,202610
E:D0102650,202610
E:D0102749,202610
E:D0200722,202610
E:D0200731,202610
E:D0200740,202610
E:D0200759,202610
E:D0200768,202610
E:D0200777,202610
E:D0200786,202610
E:D0200795,202610
E:D0200802,202610
E:D0200820,202610
E:D0200848,202610
E:D0200857,202610
E:D0200875,202610
E:D0200884,202610
E:D0200893,202610
E:D0200919,202610
E:D0200928,202610
E:D0200937,202610
E:D0200955,202610
E:D0200973,202610
E:D0200982,202610
E:D0200991,202610
E:D0201032,202610
E:D0201096,202610
E:D0201149,202610
E:D0201158,202610
E:D0201167,202610
E:D0201194,202610
E:D0201201,202610
E:D0201210,202610
E:D0201229,202610
E:D0201238,202610
E:D0201247,202610
E:D0201256,202610
E:D0201265,202610
E:D0201274,202610
E:D0201283,202610
E:D0201292,202610
E:D0201309,202610
E:D0201318,202610
E:D0201327,202610
E:D0201336,202610
E:D0201345,202610
E:D0201363,202610
E:D0201372,202610
E:D0201381,202610
E:D0201407,202610
E:D0201416,202610
E:D0201425,202610
E:D0201434,202610
E:D0201443,202610
E:D0201452,202610
E:D0201461,202610
E:D0201470,202610
E:D0201498,202610
E:D0201505,202610
E:D0201514,202610
E:D0201523,202610
E:D0201532,202610
E:D0201541,202610
E:D0201550,202610
E:D0201569,202610
E:D0201578,202610
E:D0201603,202610
E:D0201621,202610
E:D0201649,202610
E:D0201658,202610
E:D0201667,202610
E:D0201676,202610
E:D0201685,202610
E:D0201694,202610
E:D0201701,202610
E:D0201710,202610
E:D0201729,202610
E:D0201747,202610
E:D0201756,202610
E:D0201765,202610
E:D0201809,202610
E:D0201818,202610
E:D0201827,202610
E:D0201863,202610
E:D0201872,202610
E:D0201881,202610
E:D0201890,202610
E:D0201907,202610
E:D0201916,202610
E:D0201925,202610
E:D0201934,202610
E:D0201943,202610
E:D0201952,202610
E:D0201961,202610
E:D0201970,202610
E:D0201989,202610
E:D0202011,202610
E:D0301920,202610
E:D0302865,202610
E:D0304261,202610
E:D0306523,202610
E:D0306667,202610
E:D0306907,202610
E:D0307477,202610
E:D0308090,202610
E:D0308296,202610
E:D0308965,202610
E:D0309373,202610
E:D0309444,202610
E:D0310214,202610
E:D0310312,202610
E:D0310358,202610
E:D0310465,202610
E:D0310849,202610
E:D0311266,202610
E:D0311364,202610
E:D0311640,202610
E:D0311766,202610
E:D0311793,202610
E:D0311800,202610
E:D0311944,202610
E:D0401523,202610
E:D0402806,202610
E:D0403081,202610
E:D0403385,202610
E:D0403634,202610
E:D0405192,202610
E:D0405521,202610
E:D0405674,202610
E:D0405834,202610
E:D0405941,202610
E:D0406411,202610
E:D0406608,202610
E:D0406617,202610
E:D0406644,202610
E:D0407276,202610
E:D0407356,202610
E:D0407374,202610
E:D0407472,202610
E:D0407490,202610
E:D0407525,202610
E:D0500923,202610
E:D0501313,202610
E:D0601121,202610
E:D0601130,202610
E:D0601176,202610
E:D0601194,202610
E:D1005552,202610
E:D1008722,202610
E:D1010973,202610
E:D1011916,202610
E:D1012119,202610
E:D1013018,202610
E:D1013027,202610
E:D1013090,202610
E:D1013170,202610
E:D1013250,202610
E:D1013670,202610
E:D1013732,202610
E:D1015790,202610
E:D1015996,202610
E:D1100203,202610
E:D1106152,202610
E:D1106518,202610
E:D1106616,202610
E:D1107104,202610
E:D1107131,202610
E:D1107364,202610
E:D1107711,202610
E:D1108067,202610
E:D1109206,202610
E:D1300294,202610
E:D1401483,202610
E:D1401938,202610
E:D1402391,202610
E:D1404804,202610
E:D1405918,202610
E:D1409265,202610
E:D1413554,202610
E:D1414855,202610
E:D1415281,202610
E:D1418380,202610
E:D1418871,202610
E:D1419154,202610
E:D1420371,202610
E:D1420497,202610
E:D1420924,202610
E:D1421216,202610
E:D1421234,202610
E:D1421289,202610
E:D1421458,202610
E:D1421494,202610
E:D1421869,202610
E:D1422053,202610
E:D1422259,202610
E:D1422562,202610
E:D1422811,202610
E:D1422820,202610
E:D1422839,202610
E:D1422928,202610
E:D1423390,202610
E:D1423425,202610
E:D1423603,202610
E:D1424119,202610
E:D1424128,202610
E:D1424191,202610
E:D1424253,202610
E:D1424280,202610
E:D1424324,202610
E:D1424842,202610
E:D1425394,202610
E:D1425625,202610
E:D1427316,202610
E:D2700029,202610
E:D27B0549,202610
E:D27B1309,202610
E:D27B2129,202610
E:D27B2703,202610
E:D27B3147,202610
E:D27B3563,202610
E:D27B3751,202610
E:D27B4521,202610
E:D27B4868,202610
E:D27B5034,202610
E:D27B5044,202610
E:D27B5173,202610
E:D27B5193,202610
E:D27B5559,202610
E:D27B5569,202610
E:D27B5579,202610
E:D27B5589,202610
E:D27B5599,202610
E:D27B5678,202610
E:D27B5886,202610
E:D27B5896,202610
E:D2809223,202610
E:D2809232,202610
E:D2810324,202610
E:D28A2959,202610
E:D28A8620,202610
E:D28B2451,202610
E:D30A3585,202610
E:D30A3773,202610
E:D30A6698,202610
E:D30A8585,202610
E:D30A9028,202610
E:D30A9820,202610
E:D30A9830,202610
E:D30B0241,202610
E:D30B0251,202610
E:D30B0261,202610
E:D30B0291,202610
E:D30B0489,202610
E:D3197697,202610
E:D3198185,202610
E:D3198390,202610
E:D31A0081,202610
E:D31A0091,202610
E:D31A1495,202610
E:D31A2245,202610
E:D31A2572,202610
E:D31A2899,202610
E:D31A3431,202610
E:D31A3649,202610
E:D31A3926,202610
E:D3208677,202610
E:D3209558,202610
E:D32A0997,202610
E:D32A1014,202610
E:D32A1232,202610
E:D32A9513,202610
E:D32A9989,202610
E:D32B3562,202610
E:D32B6833,202610
E:D32B7821,202610
E:D32B7930,202610
E:D32B9332,202610
E:D32B9411,202610
E:D32B9659,202610
E:D32B9669,202610
E:D32C1909,202610
E:D32C3519,202610
E:D32C3658,202610
E:D32C4438,202610
E:D32C5595,202610
E:D32C6117,202610
E:D32C7422,202610
E:D32C8529,202610
E:D32C8559,202610
E:D32C8618,202610
E:D32C9062,202610
E:D32C9309,202610
E:D32C9646,202610
E:D32D0512,202610
E:D32D0592,202610
E:D32D1590,202610
E:D32D1926,202610
E:D32D2053,202610
E:D32D3615,202610
E:D32D3754,202610
E:D32D4069,202610
E:D32D4326,202610
E:D32D4722,202610
E:D32D4811,202610
E:D32D4871,202610
E:D32D5027,202610
E:D32D5641,202610
E:D32D5681,202610
E:D32D6005,202610
E:D33A3807,202610
E:D33A4291,202610
E:D33A5615,202610
E:D33A5972,202610
E:D33A6148,202610
E:D33A6366,202610
E:D33A6435,202610
E:D33A6514,202610
E:D33A7403,202610
E:D8400064,202610
E:D8408275,202610
E:D8408382,202610
E:D8408542,202610
E:D8408702,202610
E:D8410104,202610
E:D8410551,202610
E:D8502429,202610
E:D8503506,202610
E:D8504496,202610
E:D8600386,202610
E:D8602282,202610
E:D8603298,202610
E:D8702081,202610
E:D8704361,202610
E:D8705153,202610
E:D8705804,202610
E:D8705813,202610
E:D8706329,202610
E:D8706445,202610
E:D8706687,202610
E:D8706829,202610
E:D8706936,202610
E:D8707095,202610
E:D8707102,202610
E:D8707175,202610
E:D8707184,202610
E:D8707193,202610
E:D8707282,202610
E:D8707335,202610
E:D8707488,202610
E:D8802808,202610
E:D8803690,202610
E:D8805729,202610
E:D8806744,202610
E:D8903980,202610
E:D8904469,202610
E:D9004717,202610
E:D9004977,202610
E:D9006453,202610
E:D9006855,202610
E:D9006953,202610
E:D9007067,202610
E:D9007978,202610
E:D9007996,202610
E:D9008377,202610
E:D9008386,202610
E:D9008484,202610
E:D9008519,202610
E:D9008582,202610
E:D9008813,202610
E:D9008831,202610
E:D9008877,202610
E:D9009150,202610
E:D9009365,202610
E:D9009418,202610
E:D9009696,202610
E:D9009856,202610
E:D9009909,202610
E:D9010019,202610
E:D9010555,202610
E:D9010706,202610
E:D9010742,202610
E:D9010760,202610
E:D9010813,202610
E:D9010859,202610
E:D9010868,202610
E:D9010895,202610
E:D9011132,202610
E:D9011329,202610
E:D9011365,202610
E:D9011374,202610
E:D9011481,202610
E:D9103377,202610
E:D9103386,202610
E:D9103395,202610
E:D9103402,202610
E:D9103411,202610
E:D9103617,202610
E:D9103626,202610
E:D9103635,202610
E:D9103644,202610
E:D9103797,202610
E:D9103804,202610
E:D9103813,202610
E:D9103822,202610
E:D9103831,202610
E:D9103868,202610
E:D9103886,202610
E:D9103911,202610
E:D9103993,202610
E:D9104007,202610
E:D9104016,202610
E:D9104025,202610
E:D9104034,202610
E:D9104043,202610
E:D9104052,202610
E:D9104098,202610
E:D9104230,202610
E:D9104249,202610
E:D9104310,202610
E:D9104374,202610
E:D9104383,202610
E:D9104409,202610
E:D9104418,202610
E:D9104436,202610
E:D9104445,202610
E:D9104454,202610
E:D9104614,202610
E:D9104623,202610
E:D9104641,202610
E:D9104678,202610
E:D9104687,202610
E:D9104696,202610
E:D9104703,202610
E:D9104838,202610
E:D9104883,202610
E:D9104892,202610
E:D9104909,202610
E:D9104918,202610
E:D9104936,202610
E:D9104954,202610
E:D9104963,202610
E:D9104981,202610
E:D9104990,202610
E:D9105004,202610
E:D9105013,202610
E:D9105022,202610
E:D9105031,202610
E:D9105040,202610
E:D9105111,202610
E:D9105139,202610
E:D9105166,202610
E:D9105175,202610
E:D9105399,202610
E:D9200513,202610
E:D9200586,202610
E:D9200648,202610
E:D9202759,202610
E:D9204459,202610
E:D9205125,202610
E:D9205205,202610
E:D9205232,202610
E:D9206239,202610
E:D9300830,202610
E:D9300974,202610
E:D9301935,202610
E:D9303126,202610
E:D9303984,202610
E:D9304785,202610
E:D9400433,202610
E:D9502496,202610
E:D9602268,202610
E:D9700296,202610
E:D9700625,202610
E:D9700910,202610
E:D9701257,202610
E:D9701631,202610
E:D9702790,202610
E:D9703546,202610
E:D9704169,202610
E:D9704356,202610
E:D9704696,202610
E:D9705344,202610
E:D9705399,202610
E:D9902665,202610
E:E1512359,202610
E:E1512368,202610
E:E1513427,202610
E:E1513785,202610
E:E1513883,202610
E:E1514595,202610
E:E1514764,202610
E:E1515010,202610
E:E1515323,202610
E:E1515476,202610
E:E1515949,202610
E:E1516044,202610
E:E1516393,202610
E:E1517149,202610
E:E1517390,202610
E:E1517470,202610
E:E1517514,202610
E:E1518262,202610
E:E1518664,202610
E:E1519107,202610
E:E1519483,202610
E:E1519492,202610
E:E1601486,202610
E:E1603711,202610
E:E1604469,202610
E:E1606534,202610
E:E1607335,202610
E:E1607880,202610
E:E1608565,202610
E:E1609384,202610
E:E1610654,202610
E:E1613388,202610
E:E1613888,202610
E:E1614107,202610
E:E1614116,202610
E:E1615471,202610
E:E1615542,202610
E:E1616665,202610
E:E1616745,202610
E:E1616843,202610
E:E1617279,202610
E:E1617304,202610
E:E1617420,202610
E:E1800907,202610
E:E1800916,202610
E:E1902960,202610
E:E1905327,202610
E:E1905774,202610
E:E2000554,202610
E:E2002067,202610
E:E20A7011,202610
E:E20A7021,202610
E:E20A9621,202610
E:E20B0636,202610
E:E20B0824,202610
E:E20B1218,202610
E:E20B1515,202610
E:E20B1575,202610
E:E20B3175,202610
E:E20B4747,202610
E:E20B5676,202610
E:E2100102,202610
E:E2101083,202610
E:E2103701,202610
E:E2103863,202610
E:E2204098,202610
E:E2204196,202610
E:E2211128,202610
E:E2212830,202610
E:E2213220,202610
E:E2214245,202610
E:E2214432,202610
E:E2215091,202610
E:E2215877,202610
E:E2216178,202610
E:E2216294,202610
E:E2216427,202610
E:E2216445,202610
E:E2216534,202610
E:E2216543,202610
E:E2216785,202610
E:E2216963,202610
E:E2217326,202610
E:E2217415,202610
E:E2300166,202610
E:E2300264,202610
E:E2300675,202610
E:E2302268,202610
E:E2302919,202610
E:E2303890,202610
E:E2404089,202610
E:E2405433,202610
E:E2405595,202610
E:E2502400,202610
E:E2502777,202610
E:E2502802,202610
E:E2502937,202610
E:E2503201,202610
E:E2503390,202610
E:E2503416,202610
E:E2503943,202610
E:E2503961,202610
E:E2503970,202610
E:E2503989,202610
E:E2503998,202610
E:E2504075,202610
E:E2601597,202610
E:E2602530,202610
E:E2602816,202610
E:E2602898,202610
E:E2603117,202610
E:E2604892,202610
E:E2604909,202610
E:E2604936,202610
E:E2605282,202610
E:E2605880,202610
E:E2606734,202610
E:E2606761,202610
E:E2800456,202610
E:E2801113,202610
E:E2801640,202610
E:E2900808,202610
E:E2900915,202610
E:E2902142,202610
E:E2902704,202610
E:E2904566,202610
E:E2905901,202610
E:E2906337,202610
E:E2906435,202610
E:E2908537,202610
E:E2909669,202610
E:E2909730,202610
E:E2909829,202610
E:E2909909,202610
E:E2910153,202610
E:E2910519,202610
E:E3000423,202610
E:E3002972,202610
E:E3003228,202610
E:E3003246,202610
E:E3100875,202610
E:E3100928,202610
E:E3101078,202610
E:E3101167,202610
E:E3201402,202610
E:E3201411,202610
E:E3201420,202610
E:E3201466,202610
E:E3201537,202610
E:E3201662,202610
E:E3201671,202610
E:E3201699,202610
E:E3202445,202610
E:E3202454,202610
E:E3202490,202610
E:E3300286,202610
E:E3800852,202610
E:E3800870,202610
E:E46A2247,202610
E:E46A2495,202610
E:E47A1185,202610
E:E47A5721,202610
E:E47A7856,202610
E:E47A8092,202610
E:E47A8121,202610
E:E47A8280,202610
E:E47A8597,202610
E:E47A9228,202610
E:E47A9278,202610
E:E47B0124,202610
E:E47B0580,202610
E:E47B0887,202610
E:E47B0897,202610
E:E47B0916,202610
E:E47B1003,202610
E:E47B1221,202610
E:E47B1300,202610
E:E4800525,202610
E:E4801317,202610
E:E4805762,202610
E:E48A3225,202610
E:E48B1187,202610
E:E48B2294,202610
E:E48B2313,202610
E:E48B2779,202610
E:E48B3341,202610
E:E48B3975,202610
E:E48B4082,202610
E:E48B4993,202610
E:E48B5070,202610
E:E48B5199,202610
E:E48B5208,202610
E:E48B5674,202610
E:E48B5802,202610
E:E48B5842,202610
E:E48B5862,202610
E:E48B6652,202610
E:E48B6672,202610
E:E48B6761,202610
E:E48B6870,202610
E:E48B6880,202610
E:E48B7066,202610
E:E48B7175,202610
E:E48B7571,202610
E:E4905481,202610
E:E49B0530,202610
E:E49B1023,202610
E:E49B1300,202610
E:E49B1558,202610
E:E49B2180,202610
E:E49B2229,202610
E:E49B2239,202610
E:E49B2487,202610
E:E49B3227,202610
E:E49B4106,202610
E:E49B5847,202610
E:E49B5887,202610
E:E49B5897,202610
E:E49B6122,202610
E:E49B6271,202610
E:E49B6300,202610
E:E49B6479,202610
E:E49B6578,202610
E:E49B6736,202610
E:E49B6805,202610
E:E49B6974,202610
E:E49B7497,202610
E:E49B7615,202610
E:E49B8069,202610
E:E49B8079,202610
E:E49B8336,202610
E:E49B8405,202610
E:E49B8524,202610
E:E49B8831,202610
E:E49B8851,202610
E:E49B8871,202610
E:E49B8960,202610
E:E49B9007,202610
E:E49B9156,202610
E:E49B9176,202610
E:E49B9275,202610
E:E49B9334,202610
E:E49B9453,202610
E:E49B9512,202610
E:E49B9572,202610
E:E49B9582,202610
E:E49B9700,202610
E:E49B9839,202610
E:E49B9869,202610
E:E49B9899,202610
E:E49B9908,202610
E:E49C0062,202610
E:E49C0131,202610
E:E49C0161,202610
E:E5003155,202610
E:E5009246,202610
E:E50A5760,202610
E:E50A5819,202610
E:E50A5839,202610
E:E50A6124,202610
E:E50A6233,202610
E:E50B5896,202610
E:E50B5935,202610
E:E50B6072,202610
E:E50B6131,202610
E:E50B6141,202610
E:E50B6537,202610
E:E50B6597,202610
E:E50B6725,202610
E:E50B6884,202610
E:E50B6913,202610
E:E50B8008,202610
E:E50B8563,202610
E:E50B9086,202610
E:E50B9096,202610
E:E50B9175,202610
E:E50B9244,202610
E:E50B9343,202610
E:E50B9551,202610
E:E50B9591,202610
E:E50B9838,202610
E:E50C0140,202610
E:E50C0259,202610
E:E50C0962,202610
E:E50C1009,202610
E:E50C1039,202610
E:E50C1059,202610
E:E50C1198,202610
E:E50C1257,202610
E:E50C1267,202610
E:E50C1287,202610
E:E50C1316,202610
E:E50C1871,202610
E:E50C2324,202610
E:E50C2354,202610
E:E50C2770,202610
E:E50C3045,202610
E:E50C3213,202610
E:E51A4014,202610
E:E51A4143,202610
E:E51A4292,202610
E:E51A4767,202610
E:E51A4826,202610
E:E51A4985,202610
E:E51A5012,202610
E:E51A5220,202610
E:E51A5359,202610
E:E5200350,202610
E:E52A2578,202610
E:E52A3685,202610
E:E52A3922,202610
E:E52A4178,202610
E:E52A4227,202610
E:E52A4425,202610
E:E52A4475,202610
E:E52A4504,202610
E:E52A4514,202610
E:E52A4534,202610
E:E52A4574,202610
E:E52A4584,202610
E:E52A4623,202610
E:E52A4831,202610
E:E52A4851,202610
E:E52A4930,202610
E:E52A4970,202610
E:E52A5116,202610
E:E52A5126,202610
E:E5305618,202610
E:E53A2969,202610
E:E53A7018,202610
E:E53A9579,202610
E:E53A9638,202610
E:E53B0118,202610
E:E53B0445,202610
E:E53B1136,202610
E:E53B2164,202610
E:E53B2798,202610
E:E53B3647,202610
E:E5400850,202610
E:E5400949,202610
E:E5401008,202610
E:E5401393,202610
E:E5401991,202610
E:E5406012,202610
E:E5407064,202610
E:E5408338,202610
E:E54A2132,202610
E:E54A2221,202610
E:E54A6184,202610
E:E54A7726,202610
E:E54B0143,202610
E:E54B0688,202610
E:E54B2357,202610
E:E54B2812,202610
E:E54B2931,202610
E:E54B3048,202610
E:E54B3375,202610
E:E54B3513,202610
E:E54B3612,202610
E:E54B3919,202610
E:E54B3949,202610
E:E54B4036,202610
E:E54B4749,202610
E:E54B4769,202610
E:E54B4789,202610
E:E54B4878,202610
E:E54B5143,202610
E:E54B5391,202610
E:E54B5589,202610
E:E54B6092,202610
E:E54B6606,202610
E:E5600010,202610
E:E5600252,202610
E:E5600412,202610
E:E5600421,202610
E:E5600823,202610
E:E5601348,202610
E:E5601357,202610
E:E5601955,202610
E:E5602149,202610
E:E5602283,202610
E:E5602747,202610
E:E5602827,202610
E:E5603655,202610
E:E56A3635,202610
E:E56A6382,202610
E:E56A6887,202610
E:E56A6956,202610
E:E56A7340,202610
E:E56A8447,202610
E:E56A8982,202610
E:E56B1191,202610
E:E56B1250,202610
E:E56B1379,202610
E:E56B2050,202610
E:E56B2109,202610
E:E56B5539,202610
E:E56B5797,202610
E:E56B6240,202610
E:E56B6547,202610
E:E56B6705,202610
E:E56B7119,202610
E:E56B7694,202610
E:E56B8147,202610
E:E56B8721,202610
E:E56B8860,202610
E:E56B8870,202610
E:E56B8880,202610
E:E56B8919,202610
E:E56B8989,202610
E:E56B9036,202610
E:E56B9046,202610
E:E56B9066,202610
E:E56B9204,202610
E:E56B9284,202610
E:E56B9303,202610
E:E56B9838,202610
E:E56B9967,202610
E:E56C0150,202610
E:E56C0219,202610
E:E56C0279,202610
E:E56C0685,202610
E:E56C0784,202610
E:E56C0952,202610
E:E56C1019,202610
E:E56C1227,202610
E:E56C1603,202610
E:E56C1811,202610
E:E56C1841,202610
E:F0100036,202610
E:F0100072,202610
E:F0100116,202610
E:F0100250,202610
E:F0100670,202610
E:F0100778,202610
E:F0100956,202610
E:F0101695,202610
E:F0101748,202610
E:F0102861,202610
E:F0103091,202610
E:F0103260,202610
E:F0103537,202610
E:F0103662,202610
E:F0106350,202610
E:F0107026,202610
E:F0195115,202610
E:F01A2764,202610
E:F01A2774,202610
E:F01A3019,202610
E:F01A7615,202610
E:F01A7794,202610
E:F01A7972,202610
E:F01A9611,202610
E:F01A9938,202610
E:F01B0488,202610
E:F01B1179,202610
E:F01B1199,202610
E:F01B1733,202610
E:F01B1763,202610
E:F01B2157,202610
E:F01B2167,202610
E:F01B2177,202610
E:F01B2187,202610
E:F01B2444,202610
E:F01B2563,202610
E:F01B2573,202610
E:F01B2642,202610
E:F01B2979,202610
E:F01B2999,202610
E:F01B3006,202610
E:F01B3016,202610
E:F01B3086,202610
E:F01B3096,202610
E:F01B3135,202610
E:F01B3274,202610
E:F01B3284,202610
E:F01B3323,202610
E:F01B3343,202610
E:F01B3363,202610
E:F01B3373,202610
E:F01B3393,202610
E:F01B3422,202610
E:F01B3997,202610
E:F01B4084,202610
E:F01B4391,202610
E:F01B5913,202610
E:F01B6040,202610
E:F01B6080,202610
E:F01B6189,202610
E:F01B9381,202610
E:F01B9935,202610
E:F01C1196,202610
E:F01C1225,202610
E:F01C2114,202610
E:F01C2342,202610
E:F01C2461,202610
E:F01C2540,202610
E:F01C2857,202610
E:F01C3885,202610
E:F01C4388,202610
E:F01C4655,202610
E:F01C5019,202610
E:F01C5227,202610
E:F01C5287,202610
E:F01C5445,202610
E:F01C5465,202610
E:F01C5514,202610
E:F01C5653,202610
E:F01C5722,202610
E:F01C5752,202610
E:F01C5950,202610
E:F01C6374,202610
E:F01C6394,202610
E:F01C6641,202610
E:F01C6740,202610
E:F01C6988,202610
E:F01C6998,202610
E:F01C7104,202610
E:F01C7174,202610
E:F01C7302,202610
E:F01C7392,202610
E:F01C7798,202610
E:F01C8083,202610
E:F01C8122,202610
E:F01C8132,202610
E:F01C8162,202610
E:F01C8340,202610
E:F01C8370,202610
E:F01C8875,202610
E:F01C8895,202610
E:F01C8974,202610
E:F01C9041,202610
E:F01C9051,202610
E:F01C9120,202610
E:F01C9160,202610
E:F01C9487,202610
E:F01C9615,202610
E:F01C9635,202610
E:F01C9655,202610
E:F01C9665,202610
E:F01C9833,202610
E:F01C9952,202610
E:F01C9972,202610
E:F01D0016,202610
E:F01D0076,202610
E:F01D0086,202610
E:F01D0096,202610
E:F01D0155,202610
E:F01D0224,202610
E:F01D0234,202610
E:F01D0303,202610
E:F01D0363,202610
E:F01D0383,202610
E:F01D0402,202610
E:F01D0482,202610
E:F01D0600,202610
E:F01D0610,202610
E:F01D0620,202610
E:F01D0650,202610
E:F01D0660,202610
E:F01D0680,202610
E:F01D0709,202610
E:F01D0729,202610
E:F01D0808,202610
E:F01D0818,202610
E:F01D0828,202610
E:F01D0848,202610
E:F01D0878,202610
E:F01D0947,202610
E:F01D1054,202610
E:F01D1064,202610
E:F01D1074,202610
E:F01D1103,202610
E:F01D1301,202610
E:F01D1311,202610
E:F01D1391,202610
E:F01D1400,202610
E:F01D1569,202610
E:F01D1618,202610
E:F01D1648,202610
E:F01D1668,202610
E:F01D1688,202610
E:F01D1698,202610
E:F01D1787,202610
E:F01D1806,202610
E:F01D1925,202610
E:F01D1945,202610
E:F01D1985,202610
E:F01D2002,202610
E:F01D2032,202610
E:F01D2042,202610
E:F01D2131,202610
E:F01D2171,202610
E:F01D2181,202610
E:F01D2260,202610
E:F01D2280,202610
E:F01D2329,202610
E:F01D2339,202610
E:F01D2418,202610
E:F01D2488,202610
E:F01D2587,202610
E:F01D2636,202610
E:F01D2705,202610
E:F01D2735,202610
E:F01D2755,202610
E:F01D2765,202610
E:F01D2785,202610
E:F01D2834,202610
E:F01D2864,202610
E:F01D2903,202610
E:F01D2923,202610
E:F01D3000,202610
E:F01D3010,202610
E:F01D3040,202610
E:F01D3109,202610
E:F01D3119,202610
E:F01D3139,202610
E:F01D3169,202610
E:F01D3179,202610
E:F01D3199,202610
E:F01D3208,202610
E:F01D3218,202610
E:F01D3248,202610
E:F01D3258,202610
E:F01D3307,202610
E:F01D3327,202610
E:F01D3357,202610
E:F01D3367,202610
E:F01D3426,202610
E:F01D3456,202610
E:F01D3496,202610
E:F01D3505,202610
E:F01D3535,202610
E:F01D3545,202610
E:F01D3555,202610
E:F01D3565,202610
E:F01D3575,202610
E:F01D3595,202610
E:F01D3614,202610
E:F01D3624,202610
E:F01D3644,202610
E:F01D3674,202610
E:F01D3723,202610
E:F01D3743,202610
E:F01D3763,202610
E:F01D3802,202610
E:F01D3842,202610
E:F01D3852,202610
E:F01D3862,202610
E:F01D3872,202610
E:F01D3901,202610
E:F01D3921,202610
E:F01D3931,202610
E:F01D3941,202610
E:F01D3961,202610
E:F01D3971,202610
E:F01D4008,202610
E:F01D4018,202610
E:F01D4048,202610
E:F01D4127,202610
E:F01D4137,202610
E:F01D4177,202610
E:F01D4187,202610
E:F01D4197,202610
E:F01D4216,202610
E:F01D4256,202610
E:F01D4286,202610
E:F01D4305,202610
E:F01D4315,202610
E:F01D4355,202610
E:F01D4375,202610
E:F01D4385,202610
E:F01D4424,202610
E:F01D4444,202610
E:F01D4464,202610
E:F01D4533,202610
E:F01D4573,202610
E:F01D4593,202610
E:F01D4602,202610
E:F01D4632,202610
E:F01D4662,202610
E:F01D4741,202610
E:F01D4781,202610
E:F01D4800,202610
E:F01D4830,202610
E:F01D4840,202610
E:F01D4929,202610
E:F01D5026,202610
E:F01D5046,202610
E:F01D5125,202610
E:F01D5145,202610
E:F01D5155,202610
E:F01D5165,202610
E:F01D5224,202610
E:F01D5254,202610
E:F01D5264,202610
E:F01D5274,202610
E:F01D5294,202610
E:F01D5373,202610
E:F01D5383,202610
E:F01D5402,202610
E:F01D5482,202610
E:F01D5492,202610
E:F01D5511,202610
E:F01D5521,202610
E:F01D5531,202610
E:F01D5551,202610
E:F01D5581,202610
E:F01D5591,202610
E:F01D5600,202610
E:F01D5620,202610
E:F01D5650,202610
E:F01D5660,202610
E:F01D5690,202610
E:F01D5719,202610
E:F01D5739,202610
E:F01D5769,202610
E:F01D5799,202610
E:F01D5828,202610
E:F01D5858,202610
E:F01D5878,202610
E:F01D5947,202610
E:F01D5957,202610
E:F01D6024,202610
E:F01D6034,202610
E:F01D6054,202610
E:F01D6103,202610
E:F01D6123,202610
E:F01D6133,202610
E:F01D6143,202610
E:F01D6153,202610
E:F01D6163,202610
E:F01D6282,202610
E:F01D6321,202610
E:F01D6341,202610
E:F01D6371,202610
E:F01D6381,202610
E:F01D6391,202610
E:F01D6410,202610
E:F01D6440,202610
E:F01D6470,202610
E:F01D6480,202610
E:F01D6490,202610
E:F01D6509,202610
E:F01D6519,202610
E:F01D6579,202610
E:F01D6599,202610
E:F01D6628,202610
E:F01D6638,202610
E:F01D6658,202610
E:F01D6668,202610
E:F01D6707,202610
E:F01D6717,202610
E:F01D6727,202610
E:F01D6757,202610
E:F01D6787,202610
E:F01D6797,202610
E:F01D6806,202610
E:F01D6816,202610
E:F01D6826,202610
E:F01D6836,202610
E:F01D6866,202610
E:F01D6876,202610
E:F01D6886,202610
E:F01D6896,202610
E:F01D6905,202610
E:F01D6915,202610
E:F01D6945,202610
E:F01D6955,202610
E:F01D6965,202610
E:F01D7012,202610
E:F01D7052,202610
E:F01D7072,202610
E:F01D7082,202610
E:F01D7111,202610
E:F0200139,202610
E:F0200228,202610
E:F0200237,202610
E:F0200335,202610
E:F0200371,202610
E:F0200399,202610
E:F0200406,202610
E:F0200415,202610
E:F0200442,202610
E:F0200451,202610
E:F0200479,202610
E:F0200586,202610
E:F0200595,202610
E:F0200899,202610
E:F0200906,202610
E:F0200988,202610
E:F0201172,202610
E:F0201181,202610
E:F0201207,202610
E:F0201387,202610
E:F0201396,202610
E:F0201403,202610
E:F0201565,202610
E:F0201592,202610
E:F0201609,202610
E:F0201645,202610
E:F0202008,202610
E:F0202035,202610
E:F0202339,202610
E:F0202366,202610
E:F0202428,202610
E:F0202713,202610
E:F0202777,202610
E:F0202786,202610
E:F0202866,202610
E:F0203461,202610
E:F0203667,202610
E:F0204002,202610
E:F0204020,202610
E:F0204146,202610
E:F0204208,202610
E:F0204262,202610
E:F0204271,202610
E:F0204342,202610
E:F0204388,202610
E:F0204422,202610
E:F0204431,202610
E:F0204440,202610
E:F0204468,202610
E:F0204495,202610
E:F0204584,202610
E:F0205027,202610
E:F0205492,202610
E:F0206266,202610
E:F0206480,202610
E:F0206506,202610
E:F0206542,202610
E:F0208733,202610
E:F0208760,202610
E:F0208868,202610
E:F0209178,202610
E:F0209598,202610
E:F0211552,202610
E:F0211570,202610
E:F0211696,202610
E:F0211847,202610
E:F0212415,202610
E:F0217965,202610
E:F0218542,202610
E:F02A0703,202610
E:F02A0892,202610
E:F02A1028,202610
E:F02A1117,202610
E:F02A1157,202610
E:F02A1563,202610
E:F02A2997,202610
E:F02A3826,202610
E:F02A5080,202610
E:F02A5139,202610
E:F02A5575,202610
E:F02A5703,202610
E:F02A5802,202610
E:F02A5812,202610
E:F02A5822,202610
E:F02A5842,202610
E:F02A5852,202610
E:F02A5862,202610
E:F02A6266,202610
E:F02A6286,202610
E:F02A6929,202610
E:F02A7155,202610
E:F02A7234,202610
E:F02A7274,202610
E:F02A7571,202610
E:F02A7581,202610
E:F02A7600,202610
E:F02A7610,202610
E:F02A7898,202610
E:F02A7907,202610
E:F02A7927,202610
E:F02A7937,202610
E:F02A7947,202610
E:F02A8014,202610
E:F02A8064,202610
E:F02A8094,202610
E:F02A8123,202610
E:F02A8143,202610
E:F02A8212,202610
E:F02A8975,202610
E:F02A9636,202610
E:F02B0225,202610
E:F02B0720,202610
E:F02B0899,202610
E:F02B0978,202610
E:F02B1966,202610
E:F02B1976,202610
E:F02B2162,202610
E:F02B2172,202610
E:F02B2182,202610
E:F02B3120,202610
E:F02B3447,202610
E:F02B3536,202610
E:F02B4386,202610
E:F02B4980,202610
E:F02B5007,202610
E:F02B5087,202610
E:F02B5156,202610
E:F02B5592,202610
E:F02B5601,202610
E:F02B5879,202610
E:F02B6104,202610
E:F02B6273,202610
E:F02B6342,202610
E:F02B6401,202610
E:F02B6679,202610
E:F02B6768,202610
E:F02B7360,202610
E:F02B7419,202610
E:F02B7489,202610
E:F02B7766,202610
E:F02B7786,202610
E:F02B7964,202610
E:F02B8249,202610
E:F02B8358,202610
E:F02B8596,202610
E:F02B8675,202610
E:F02B8873,202610
E:F02B8912,202610
E:F02B9019,202610
E:F02B9029,202610
E:F02B9049,202610
E:F02B9079,202610
E:F02B9623,202610
E:F02B9792,202610
E:F02B9851,202610
E:F02C0173,202610
E:F02C0222,202610
E:F02C0311,202610
E:F02C0420,202610
E:F02C0460,202610
E:F02C0519,202610
E:F02C0658,202610
E:F02C0678,202610
E:F02C0806,202610
E:F02C0816,202610
E:F02C0846,202610
E:F02C0925,202610
E:F02C0975,202610
E:F02C0985,202610
E:F02C0995,202610
E:F02C1200,202610
E:F02C1250,202610
E:F02C1379,202610
E:F02C1389,202610
E:F02C1399,202610
E:F02C1468,202610
E:F02C1498,202610
E:F02C1597,202610
E:F02C1686,202610
E:F02C1705,202610
E:F02C1864,202610
E:F02C1874,202610
E:F02C1894,202610
E:F02C1933,202610
E:F02C2040,202610
E:F02C2109,202610
E:F02C2317,202610
E:F02C2337,202610
E:F02C2357,202610
E:F02C2397,202610
E:F02C2406,202610
E:F02C2416,202610
E:F02C2466,202610
E:F02C2486,202610
E:F02C2496,202610
E:F02C2585,202610
E:F02C2634,202610
E:F02C2644,202610
E:F02C2694,202610
E:F02C2812,202610
E:F02C2882,202610
E:F02C2892,202610
E:F02C2941,202610
E:F02C2951,202610
E:F02C2961,202610
E:F02C2971,202610
E:F02C3018,202610
E:F02C3038,202610
E:F02C3078,202610
E:F02C3098,202610
E:F02C3127,202610
E:F02C3157,202610
E:F02C3167,202610
E:F02C3177,202610
E:F02C3197,202610
E:F02C3206,202610
E:F02C3236,202610
E:F02C3266,202610
E:F02C3276,202610
E:F02C3286,202610
E:F02C3296,202610
E:F02C3305,202610
E:F02C3553,202610
E:F02C3573,202610
E:F02C3593,202610
E:F02C3622,202610
E:F02C3652,202610
E:F02C3682,202610
E:F02C3701,202610
E:F02C3761,202610
E:F02C3820,202610
E:F02C3919,202610
E:F02C3929,202610
E:F02C3959,202610
E:F02C3999,202610
E:F02C4046,202610
E:F02C4066,202610
E:F02C4076,202610
E:F02C4125,202610
E:F02C4175,202610
E:F02C4214,202610
E:F02C4224,202610
E:F02C4264,202610
E:F02C4294,202610
E:F02C4303,202610
E:F02C4373,202610
E:F02C4383,202610
E:F02C4402,202610
E:F02C4422,202610
E:F02C4462,202610
E:F02C4482,202610
E:F02C4492,202610
E:F02C4571,202610
E:F02C4581,202610
E:F02C4600,202610
E:F02C4650,202610
E:F02C4660,202610
E:F02C4670,202610
E:F02C4680,202610
E:F02C4709,202610
E:F02C4719,202610
E:F02C4729,202610
E:F02C4739,202610
E:F02C4759,202610
E:F02C4779,202610
E:F02C4799,202610
E:F02C4808,202610
E:F02C4828,202610
E:F02C4858,202610
E:F02C4878,202610
E:F02C4888,202610
E:F02C4907,202610
E:F02C4917,202610
E:F02C4957,202610
E:F02C4977,202610
E:F02C4987,202610
E:F02C4997,202610
E:F02C5004,202610
E:F02C5014,202610
E:F02C5024,202610
E:F02C5054,202610
E:F02C5074,202610
E:F02C5084,202610
E:F02C5103,202610
E:F02C5133,202610
E:F02C5163,202610
E:F02C5173,202610
E:F02C5183,202610
E:F02C5193,202610
E:F02C5202,202610
E:F02C5232,202610
E:F02C5262,202610
E:F02C5272,202610
E:F02C5292,202610
E:F02C5301,202610
E:F02C5331,202610
E:F02C5381,202610
E:F02C5440,202610
E:F02C5480,202610
E:F02C5509,202610
E:F02C5519,202610
E:F02C5529,202610
E:F02C5539,202610
E:F02C5549,202610
E:F02C5618,202610
E:F02C5658,202610
E:F02C5668,202610
E:F02C5678,202610
E:F02C5727,202610
E:F02C5737,202610
E:F02C5747,202610
E:F02C5757,202610
E:F02C5767,202610
E:F02C5777,202610
E:F02C5836,202610
E:F02C5846,202610
E:F02C5856,202610
E:F02C5896,202610
E:F02C5915,202610
E:F02C5925,202610
E:F02C5935,202610
E:F02C5945,202610
E:F02C5955,202610
E:F02C5965,202610
E:F02C5985,202610
E:F02C6012,202610
E:F02C6032,202610
E:F02C6042,202610
E:F02C6072,202610
E:F02C6082,202610
E:F02C6092,202610
E:F02C6131,202610
E:F02C6151,202610
E:F02C6230,202610
E:F02C6240,202610
E:F02C6260,202610
E:F02C6270,202610
E:F02C6280,202610
E:F02C6290,202610
E:F02C6319,202610
E:F02C6329,202610
E:F02C6349,202610
E:F02C6448,202610
E:F02C6537,202610
E:F02C6597,202610
E:F02C6616,202610
E:F02C6646,202610
E:F02C6686,202610
E:F02C6715,202610
E:F02C6755,202610
E:F02C6775,202610
E:F02C6785,202610
E:F02C6795,202610
E:F02C6804,202610
E:F02C6814,202610
E:F02C6824,202610
E:F02C6854,202610
E:F02C6874,202610
E:F02C6884,202610
E:F02C6993,202610
E:F02C7010,202610
E:F02C7040,202610
E:F02C7060,202610
E:F02C7070,202610
E:F02C7080,202610
E:F02C7090,202610
E:F02C7129,202610
E:F02C7149,202610
E:F02C7159,202610
E:F02C7179,202610
E:F02C7199,202610
E:F02C7208,202610
E:F02C7238,202610
E:F02C7268,202610
E:F02C7288,202610
E:F02C7298,202610
E:F02C7307,202610
E:F02C7357,202610
E:F02C7367,202610
E:F02C7377,202610
E:F02C7397,202610
E:F02C7416,202610
E:F02C7426,202610
E:F02C7436,202610
E:F02C7446,202610
E:F02C7456,202610
E:F02C7486,202610
E:F02C7555,202610
E:F02C7565,202610
E:F02C7575,202610
E:F02C7585,202610
E:F02C7595,202610
E:F02C7674,202610
E:F02C7684,202610
E:F02C7694,202610
E:F02C7713,202610
E:F02C7723,202610
E:F02C7743,202610
E:F02C7753,202610
E:F02C7822,202610
E:F02C7832,202610
E:F02C7852,202610
E:F02C7882,202610
E:F02C7892,202610
E:F02C7911,202610
E:F02C7931,202610
E:F02C7941,202610
E:F02C7961,202610
E:F02C7971,202610
E:F02C7981,202610
E:F02C7991,202610
E:F02C8008,202610
E:F02C8018,202610
E:F02C8028,202610
E:F02C8038,202610
E:F02C8078,202610
E:F02C8088,202610
E:F02C8107,202610
E:F02C8147,202610
E:F02C8187,202610
E:F02C8206,202610
E:F02C8216,202610
E:F02C8226,202610
E:F02C8246,202610
E:F02C8276,202610
E:F02C8286,202610
E:F02C8296,202610
E:F02C8305,202610
E:F02C8325,202610
E:F0300090,202610
E:F0300107,202610
E:F0300205,202610
E:F0300750,202610
E:F0303902,202610
E:F0304043,202610
E:F0304678,202610
E:F0308505,202610
E:F0308523,202610
E:F0308541,202610
E:F0308550,202610
E:F0308569,202610
E:F0309217,202610
E:F0310612,202610
E:F0310854,202610
E:F0311744,202610
E:F0311780,202610
E:F0312554,202610
E:F0312670,202610
E:F0313284,202610
E:F0313542,202610
E:F0313551,202610
E:F0313604,202610
E:F0313686,202610
E:F0313793,202610
E:F0313819,202610
E:F0313837,202610
E:F0313846,202610
E:F0313926,202610
E:F0313980,202610
E:F0313999,202610
E:F0314012,202610
E:F0314021,202610
E:F0314110,202610
E:F0314129,202610
E:F0314147,202610
E:F0314227,202610
E:F0314290,202610
E:F0314334,202610
E:F0314432,202610
E:F0314441,202610
E:F0314450,202610
E:F0314478,202610
E:F0314487,202610
E:F0314512,202610
E:F0314521,202610
E:F0314610,202610
E:F0314745,202610
E:F0314754,202610
E:F0314781,202610
E:F0314790,202610
E:F0314807,202610
E:F0314852,202610
E:F0314889,202610
E:F0314914,202610
E:F0314978,202610
E:F0315073,202610
E:F0315091,202610
E:F0315117,202610
E:F0315153,202610
E:F0315162,202610
E:F0315171,202610
E:F0315279,202610
E:F0315304,202610
E:F0315322,202610
E:F0315340,202610
E:F0315395,202610
E:F0315420,202610
E:F0315439,202610
E:F0315484,202610
E:F0315564,202610
E:F0315582,202610
E:F0315591,202610
E:F0315617,202610
E:F0315626,202610
E:F0315635,202610
E:F0315644,202610
E:F0315653,202610
E:F0315715,202610
E:F0315742,202610
E:F0315751,202610
E:F0315760,202610
E:F0315779,202610
E:F0315788,202610
E:F0315813,202610
E:F0315822,202610
E:F0315831,202610
E:F0315859,202610
E:F0315868,202610
E:F0315920,202610
E:F0315939,202610
E:F0315948,202610
E:F0315957,202610
E:F0400077,202610
E:F0400255,202610
E:F0400282,202610
E:F0400353,202610
E:F0400399,202610
E:F0400488,202610
E:F0400577,202610
E:F0400586,202610
E:F0400693,202610
E:F0400700,202610
E:F0400764,202610
E:F0400791,202610
E:F0400862,202610
E:F0400933,202610
E:F0400942,202610
E:F0400960,202610
E:F0400979,202610
E:F0401010,202610
E:F0401109,202610
E:F0401136,202610
E:F0401145,202610
E:F0401163,202610
E:F0401207,202610
E:F0401225,202610
E:F0401234,202610
E:F0401332,202610
E:F0401378,202610
E:F0401403,202610
E:F0401565,202610
E:F0401592,202610
E:F0402240,202610
E:F0402759,202610
E:F0402864,202610
E:F0402875,202610
E:F0403130,202610
E:F0403407,202610
E:F0403416,202610
E:F0403434,202610
E:F0403676,202610
E:F0406364,202610
E:F0406408,202610
E:F0406453,202610
E:F0406462,202610
E:F0406471,202610
E:F0406533,202610
E:F0406702,202610
E:F0407272,202610
E:F0407674,202610
E:F0407898,202610
E:F0409856,202610
E:F0412880,202610
E:F0415372,202610
E:F0415685,202610
E:F0416342,202610
E:F0417009,202610
E:F0417027,202610
E:F0417189,202610
E:F0417205,202610
E:F0417394,202610
E:F0417509,202610
E:F0417778,202610
E:F0418060,202610
E:F0418220,202610
E:F0418480,202610
E:F0418702,202610
E:F0418720,202610
E:F0418775,202610
E:F0418819,202610
E:F0419110,202610
E:F0419343,202610
E:F0419576,202610
E:F0419601,202610
E:F0419727,202610
E:F0495085,202610
E:F04A0723,202610
E:F04A0802,202610
E:F04A0812,202610
E:F04A0911,202610
E:F04A1147,202610
E:F04A1216,202610
E:F04A1414,202610
E:F04A1444,202610
E:F04A1474,202610
E:F04A1553,202610
E:F04A1781,202610
E:F04A2066,202610
E:F04A2096,202610
E:F04A2224,202610
E:F04A2313,202610
E:F04A2501,202610
E:F04A2630,202610
E:F04A2789,202610
E:F04A2838,202610
E:F04A2848,202610
E:F04A2947,202610
E:F04A2997,202610
E:F04A3044,202610
E:F04A3193,202610
E:F04A3301,202610
E:F04A3599,202610
E:F04A3787,202610
E:F04A3836,202610
E:F04A3985,202610
E:F04A4062,202610
E:F04A4606,202610
E:F04A4656,202610
E:F04A4785,202610
E:F04A6711,202610
E:F04A7165,202610
E:F04A7373,202610
E:F04A7472,202610
E:F04A7620,202610
E:F04A7917,202610
E:F04A8034,202610
E:F04A8391,202610
E:F04A8866,202610
E:F04A9022,202610
E:F04A9101,202610
E:F04A9111,202610
E:F04A9260,202610
E:F04A9270,202610
E:F04A9309,202610
E:F04A9379,202610
E:F04A9468,202610
E:F04A9478,202610
E:F04A9488,202610
E:F04A9498,202610
E:F04A9824,202610
E:F04A9834,202610
E:F04A9884,202610
E:F04A9903,202610
E:F04B0027,202610
E:F04B0285,202610
E:F04B0423,202610
E:F04B0572,202610
E:F04B0611,202610
E:F04B0621,202610
E:F04B0988,202610
E:F04B1421,202610
E:F04B1431,202610
E:F04B1441,202610
E:F04B1461,202610
E:F04B1659,202610
E:F04B2043,202610
E:F04B2231,202610
E:F04B2300,202610
E:F04B2598,202610
E:F04B2687,202610
E:F04B2974,202610
E:F04B3071,202610
E:F04B3110,202610
E:F04B3170,202610
E:F04B3358,202610
E:F04B3398,202610
E:F04B3417,202610
E:F04B3952,202610
E:F04B4257,202610
E:F04B4306,202610
E:F04B4465,202610
E:F04B4475,202610
E:F04B4564,202610
E:F04B4732,202610
E:F04B4782,202610
E:F04B5275,202610
E:F04B7390,202610
E:F04B7469,202610
E:F04B8516,202610
E:F04B8635,202610
E:F04B8853,202610
E:F04B8883,202610
E:F04B8982,202610
E:F04B9158,202610
E:F04B9287,202610
E:F04B9386,202610
E:F04B9465,202610
E:F04B9910,202610
E:F04B9920,202610
E:F04C0272,202610
E:F04C0470,202610
E:F04C0975,202610
E:F04C1676,202610
E:F04C1834,202610
E:F04C1844,202610
E:F04C1864,202610
E:F04C1903,202610
E:F04C1913,202610
E:F04C2000,202610
E:F04C2040,202610
E:F04C2268,202610
E:F04C2397,202610
E:F04C2515,202610
E:F04C2565,202610
E:F04C2733,202610
E:F04C2941,202610
E:F04C3098,202610
E:F04C3167,202610
E:F04C3226,202610
E:F04C3276,202610
E:F04C3533,202610
E:F04C3761,202610
E:F04C3919,202610
E:F04C3939,202610
E:F04C4195,202610
E:F04C4244,202610
E:F04C4383,202610
E:F04C4393,202610
E:F04C4610,202610
E:F04C4917,202610
E:F04C4977,202610
E:F04C5014,202610
E:F04C5034,202610
E:F04C5064,202610
E:F04C5321,202610
E:F04C5351,202610
E:F04C5589,202610
E:F04C5648,202610
E:F04C5678,202610
E:F04C5698,202610
E:F04C5717,202610
E:F04C5846,202610
E:F04C5856,202610
E:F04C5886,202610
E:F04C5985,202610
E:F04C6042,202610
E:F04C6101,202610
E:F04C6240,202610
E:F04C6250,202610
E:F04C6329,202610
E:F04C6478,202610
E:F04C6517,202610
E:F04C6577,202610
E:F04C6666,202610
E:F04C6735,202610
E:F04C6814,202610
E:F04C6824,202610
E:F04C6903,202610
E:F04C6913,202610
E:F04C7119,202610
E:F04C7149,202610
E:F04C7278,202610
E:F04C7347,202610
E:F04C7357,202610
E:F04C7426,202610
E:F04C7525,202610
E:F04C7634,202610
E:F04C7654,202610
E:F04C7872,202610
E:F04C7892,202610
E:F04C7911,202610
E:F04C8058,202610
E:F04C8117,202610
E:F04C8216,202610
E:F04C8226,202610
E:F04C8276,202610
E:F04C8365,202610
E:F04C8375,202610
E:F04C8503,202610
E:F04C8612,202610
E:F04C8909,202610
E:F04C8929,202610
E:F04C9016,202610
E:F04C9026,202610
E:F04C9046,202610
E:F04C9056,202610
E:F04C9066,202610
E:F04C9086,202610
E:F04C9096,202610
E:F04C9165,202610
E:F04C9195,202610
E:F04C9204,202610
E:F04C9264,202610
E:F04C9274,202610
E:F04C9373,202610
E:F04C9452,202610
E:F04C9511,202610
E:F04C9521,202610
E:F04C9571,202610
E:F04C9620,202610
E:F04C9640,202610
E:F04C9670,202610
E:F04C9690,202610
E:F04C9719,202610
E:F04C9838,202610
E:F04C9888,202610
E:F04C9917,202610
E:F04C9977,202610
E:F04C9997,202610
E:F04D0061,202610
E:F04D0100,202610
E:F04D0239,202610
E:F04D0259,202610
E:F04D0308,202610
E:F04D0417,202610
E:F04D0427,202610
E:F04D0506,202610
E:F04D0536,202610
E:F04D0605,202610
E:F04D0615,202610
E:F04D0665,202610
E:F04D0675,202610
E:F04D0724,202610
E:F04D0734,202610
E:F04D0744,202610
E:F04D0754,202610
E:F04D0764,202610
E:F04D0774,202610
E:F04D0813,202610
E:F04D0873,202610
E:F04D1029,202610
E:F04D1049,202610
E:F04D1099,202610
E:F04D1108,202610
E:F04D1128,202610
E:F04D1158,202610
E:F04D1217,202610
E:F04D1227,202610
E:F04D1287,202610
E:F04D1306,202610
E:F04D1316,202610
E:F04D1376,202610
E:F04D1504,202610
E:F04D1524,202610
E:F04D1534,202610
E:F04D1544,202610
E:F04D1594,202610
E:F04D1613,202610
E:F04D1653,202610
E:F04D1663,202610
E:F04D1673,202610
E:F04D1693,202610
E:F04D1762,202610
E:F04D1772,202610
E:F04D1801,202610
E:F04D1811,202610
E:F04D1940,202610
E:F04D1980,202610
E:F04D2007,202610
E:F04D2027,202610
E:F04D2057,202610
E:F04D2126,202610
E:F04D2136,202610
E:F04D2146,202610
E:F04D2166,202610
E:F04D2176,202610
E:F04D2186,202610
E:F04D2215,202610
E:F04D2225,202610
E:F04D2255,202610
E:F04D2275,202610
E:F04D2285,202610
E:F04D2295,202610
E:F04D2304,202610
E:F04D2334,202610
E:F04D2423,202610
E:F04D2433,202610
E:F04D2463,202610
E:F04D2493,202610
E:F04D2502,202610
E:F04D2542,202610
E:F04D2562,202610
E:F04D2582,202610
E:F04D2641,202610
E:F04D2651,202610
E:F04D2661,202610
E:F04D2681,202610
E:F04D2710,202610
E:F04D2730,202610
E:F04D2740,202610
E:F04D2790,202610
E:F04D2829,202610
E:F04D2839,202610
E:F04D2869,202610
E:F04D2889,202610
E:F04D2899,202610
E:F04D2918,202610
E:F04D2968,202610
E:F04D2978,202610
E:F04D2998,202610
E:F04D3095,202610
E:F04D3104,202610
E:F04D3144,202610
E:F04D3154,202610
E:F04D3164,202610
E:F04D3203,202610
E:F04D3213,202610
E:F04D3223,202610
E:F04D3233,202610
E:F04D3243,202610
E:F04D3253,202610
E:F04D3263,202610
E:F04D3273,202610
E:F04D3283,202610
E:F04D3293,202610
E:F04D3342,202610
E:F04D3352,202610
E:F04D3372,202610
E:F04D3401,202610
E:F04D3421,202610
E:F04D3431,202610
E:F04D3461,202610
E:F04D3471,202610
E:F04D3491,202610
E:F04D3510,202610
E:F04D3520,202610
E:F04D3540,202610
E:F04D3550,202610
E:F04D3570,202610
E:F04D3580,202610
E:F04D3619,202610
E:F04D3669,202610
E:F0500116,202610
E:F0500198,202610
E:F0500394,202610
E:F0500447,202610
E:F0500509,202610
E:F0500563,202610
E:F0500590,202610
E:F0500607,202610
E:F0500769,202610
E:F0500787,202610
E:F0500796,202610
E:F0500803,202610
E:F0500830,202610
E:F0500849,202610
E:F0500929,202610
E:F0501177,202610
E:F0501186,202610
E:F0501293,202610
E:F0501471,202610
E:F0501631,202610
E:F0501686,202610
E:F0501757,202610
E:F0501766,202610
E:F0502156,202610
E:F0502174,202610
E:F0502183,202610
E:F0502209,202610
E:F0502218,202610
E:F0502307,202610
E:F0502405,202610
E:F0502450,202610
E:F0502521,202610
E:F0502718,202610
E:F0502772,202610
E:F0502790,202610
E:F0502816,202610
E:F0502843,202610
E:F0502852,202610
E:F0502870,202610
E:F0502941,202610
E:F0502987,202610
E:F0505273,202610
E:F0506083,202610
E:F0506529,202610
E:F0506618,202610
E:F0510425,202610
E:F0510845,202610
E:F0513006,202610
E:F0513506,202610
E:F0514076,202610
E:F05A0431,202610
E:F05A0708,202610
E:F05A3504,202610
E:F05A3851,202610
E:F05A7318,202610
E:F05A7328,202610
E:F05A7912,202610
E:F05A8079,202610
E:F05A8089,202610
E:F05A8821,202610
E:F05A9146,202610
E:F05A9166,202610
E:F05A9176,202610
E:F05A9522,202610
E:F05A9720,202610
E:F05A9730,202610
E:F05B0953,202610
E:F05B1248,202610
E:F05B1367,202610
E:F05B1703,202610
E:F05B1921,202610
E:F05B2751,202610
E:F05B4965,202610
E:F05B6169,202610
E:F05B6218,202610
E:F05B6971,202610
E:F05B7434,202610
E:F05B8096,202610
E:F05B8145,202610
E:F05B8898,202610
E:F05B9163,202610
E:F05B9400,202610
E:F05B9539,202610
E:F05B9747,202610
E:F05B9965,202610
E:F05C0267,202610
E:F05C0405,202610
E:F05C0415,202610
E:F05C0445,202610
E:F05C0722,202610
E:F05C0821,202610
E:F05C0831,202610
E:F05C0871,202610
E:F05C0950,202610
E:F05C0970,202610
E:F05C1215,202610
E:F05C1750,202610
E:F05C1760,202610
E:F05C1998,202610
E:F05C2184,202610
E:F05C2194,202610
E:F05C2203,202610
E:F05C2213,202610
E:F05C2342,202610
E:F05C2352,202610
E:F05C2421,202610
E:F05C2560,202610
E:F05C2590,202610
E:F05C2609,202610
E:F05C2669,202610
E:F05C2689,202610
E:F05C2699,202610
E:F05C2718,202610
E:F05C2778,202610
E:F05C2986,202610
E:F05C3043,202610
E:F05C3053,202610
E:F05C3063,202610
E:F05C3093,202610
E:F05C3102,202610
E:F05C3122,202610
E:F05C3201,202610
E:F05C3211,202610
E:F05C3231,202610
E:F05C3409,202610
E:F05C3449,202610
E:F05C3538,202610
E:F05C3578,202610
E:F05C3588,202610
E:F05C3914,202610
E:F05C3924,202610
E:F05C3934,202610
E:F05C3984,202610
E:F05C4051,202610
E:F05C4081,202610
E:F05C4140,202610
E:F05C4150,202610
E:F05C4358,202610
E:F05C4398,202610
E:F05C4407,202610
E:F05C4447,202610
E:F05C4457,202610
E:F05C4477,202610
E:F05C4497,202610
E:F05C4586,202610
E:F05C4596,202610
E:F05C4665,202610
E:F05C4724,202610
E:F05C4764,202610
E:F05C4843,202610
E:F05C4863,202610
E:F05C4873,202610
E:F05C4932,202610
E:F05C4962,202610
E:F05C5019,202610
E:F05C5039,202610
E:F05C5138,202610
E:F05C5188,202610
E:F05C5277,202610
E:F05C5297,202610
E:F05C5306,202610
E:F05C5366,202610
E:F05C5564,202610
E:F05C5732,202610
E:F05C5752,202610
E:F05C5782,202610
E:F05C5821,202610
E:F05C5841,202610
E:F05C5851,202610
E:F05C5871,202610
E:F05C5891,202610
E:F05C5900,202610
E:F05C5910,202610
E:F05C5960,202610
E:F05C6116,202610
E:F05C6126,202610
E:F05C6136,202610
E:F05C6156,202610
E:F05C6176,202610
E:F05C6235,202610
E:F05C6255,202610
E:F05C6285,202610
E:F05C6304,202610
E:F05C6364,202610
E:F05C6374,202610
E:F05C6394,202610
E:F05C6423,202610
E:F05C6532,202610
E:F05C6552,202610
E:F05C6572,202610
E:F05C6631,202610
E:F05C6641,202610
E:F05C6671,202610
E:F05C6710,202610
E:F05C6720,202610
E:F05C6730,202610
E:F05C6740,202610
E:F05C6750,202610
E:F05C6760,202610
E:F05C6809,202610
E:F05C6869,202610
E:F05C6908,202610
E:F05C6928,202610
E:F05C6958,202610
E:F05C6978,202610
E:F05C6998,202610
E:F05C7005,202610
E:F05C7055,202610
E:F05C7085,202610
E:F05C7095,202610
E:F05C7124,202610
E:F05C7144,202610
E:F05C7154,202610
E:F05C7213,202610
E:F05C7223,202610
E:F05C7243,202610
E:F05C7263,202610
E:F05C7293,202610
E:F05C7342,202610
E:F05C7362,202610
E:F05C7401,202610
E:F05C7431,202610
E:F05C7471,202610
E:F05C7510,202610
E:F05C7520,202610
E:F05C7560,202610
E:F05C7590,202610
E:F05C7619,202610
E:F05C7629,202610
E:F05C7699,202610
E:F05C7708,202610
E:F05C7718,202610
E:F05C7728,202610
E:F05C7768,202610
E:F05C7798,202610
E:F05C7847,202610
E:F05C7857,202610
E:F05C7877,202610
E:F05C7906,202610
E:F05C7966,202610
E:F05C7986,202610
E:F05C8013,202610
E:F05C8043,202610
E:F05C8063,202610
E:F05C8073,202610
E:F05C8132,202610
E:F05C8142,202610
E:F05C8172,202610
E:F05C8182,202610
E:F05C8211,202610
E:F05C8231,202610
E:F05C8241,202610
E:F05C8261,202610
E:F05C8271,202610
E:F05C8330,202610
E:F05C8340,202610
E:F05C8360,202610
E:F0600031,202610
E:F0600111,202610
E:F0600184,202610
E:F0600424,202610
E:F0600433,202610
E:F0600460,202610
E:F0600657,202610
E:F0600666,202610
E:F0600755,202610
E:F0601118,202610
E:F0601145,202610
E:F0601181,202610
E:F0601252,202610
E:F0601270,202610
E:F0601289,202610
E:F0601323,202610
E:F0601332,202610
E:F0601341,202610
E:F0601449,202610
E:F0601494,202610
E:F0601510,202610
E:F0601707,202610
E:F0601734,202610
E:F0601752,202610
E:F0601789,202610
E:F0601832,202610
E:F0601887,202610
E:F0601903,202610
E:F0602062,202610
E:F0602071,202610
E:F0602213,202610
E:F0602259,202610
E:F0602286,202610
E:F0602302,202610
E:F0602348,202610
E:F0602455,202610
E:F0602535,202610
E:F0602544,202610
E:F0602580,202610
E:F0602660,202610
E:F0602697,202610
E:F0602848,202610
E:F0602893,202610
E:F0602937,202610
E:F0603005,202610
E:F0603112,202610
E:F0603130,202610
E:F0603194,202610
E:F0603390,202610
E:F0603612,202610
E:F0603621,202610
E:F0603630,202610
E:F0603658,202610
E:F0603809,202610
E:F0603872,202610
E:F0604244,202610
E:F0604744,202610
E:F0604780,202610
E:F0604799,202610
E:F0604806,202610
E:F0605134,202610
E:F0605143,202610
E:F0605634,202610
E:F0605652,202610
E:F0605723,202610
E:F0605812,202610
E:F0605910,202610
E:F0605983,202610
E:F0606104,202610
E:F0606131,202610
E:F0606140,202610
E:F0606220,202610
E:F0606257,202610
E:F0606435,202610
E:F0606542,202610
E:F0606551,202610
E:F0606613,202610
E:F0606668,202610
E:F0606695,202610
E:F0606720,202610
E:F0606739,202610
E:F0606757,202610
E:F0606784,202610
E:F0606800,202610
E:F0607021,202610
E:F0607361,202610
E:F0607370,202610
E:F0607754,202610
E:F0608966,202610
E:F0610117,202610
E:F0610206,202610
E:F0610733,202610
E:F0611187,202610
E:F0611436,202610
E:F0611463,202610
E:F0611472,202610
E:F0617956,202610
E:F0618382,202610
E:F0619843,202610
E:F0620088,202610
E:F0620097,202610
E:F0620122,202610
E:F0620186,202610
E:F0620346,202610
E:F0620597,202610
E:F0620604,202610
E:F0621003,202610
E:F0621549,202610
E:F0621656,202610
E:F0621674,202610
E:F0621683,202610
E:F0621852,202610
E:F0622199,202610
E:F0622528,202610
E:F0622537,202610
E:F0622582,202610
E:F0622797,202610
E:F0623409,202610
E:F0626277,202610
E:F0626473,202610
E:F0627738,202610
E:F0627989,202610
E:F0628860,202610
E:F0628904,202610
E:F0629607,202610
E:F0629625,202610
E:F0629689,202610
E:F0629698,202610
E:F0629992,202610
E:F06A0634,202610
E:F06A0802,202610
E:F06A1107,202610
E:F06A1117,202610
E:F06A1206,202610
E:F06A1246,202610
E:F06A1365,202610
E:F06A1424,202610
E:F06A1692,202610
E:F06A1800,202610
E:F06A1840,202610
E:F06A2046,202610
E:F06A2076,202610
E:F06A2244,202610
E:F06A2323,202610
E:F06A2353,202610
E:F06A2581,202610
E:F06A2630,202610
E:F06A2858,202610
E:F06A2868,202610
E:F06A2878,202610
E:F06A2888,202610
E:F06A2967,202610
E:F06A2977,202610
E:F06A2987,202610
E:F06A2997,202610
E:F06A3014,202610
E:F06A3024,202610
E:F06A3074,202610
E:F06A3103,202610
E:F06A3143,202610
E:F06A3173,202610
E:F06A3183,202610
E:F06A3202,202610
E:F06A3222,202610
E:F06A3242,202610
E:F06A3252,202610
E:F06A3272,202610
E:F06A3282,202610
E:F06A3351,202610
E:F06A3361,202610
E:F06A3391,202610
E:F06A3410,202610
E:F06A3420,202610
E:F06A3430,202610
E:F06A3440,202610
E:F06A3450,202610
E:F06A3519,202610
E:F06A3668,202610
E:F06A3747,202610
E:F06A3955,202610
E:F06A3985,202610
E:F06A3995,202610
E:F06A4002,202610
E:F06A4022,202610
E:F06A4032,202610
E:F06A4052,202610
E:F06A4062,202610
E:F06A4072,202610
E:F06A4092,202610
E:F06A4111,202610
E:F06A4121,202610
E:F06A4666,202610
E:F06A4686,202610
E:F06A4834,202610
E:F06A4884,202610
E:F06A5040,202610
E:F06A5169,202610
E:F06A5446,202610
E:F06A5456,202610
E:F06A5486,202610
E:F06A6404,202610
E:F06A6454,202610
E:F06A6741,202610
E:F06A6751,202610
E:F06A6771,202610
E:F06A6880,202610
E:F06A6919,202610
E:F06A6929,202610
E:F06A7145,202610
E:F06A7412,202610
E:F06A7482,202610
E:F06A7868,202610
E:F06A7878,202610
E:F06A8094,202610
E:F06A8232,202610
E:F06A8321,202610
E:F06A9092,202610
E:F06A9280,202610
E:F06A9319,202610
E:F06A9329,202610
E:F06A9339,202610
E:F06A9349,202610
E:F06A9359,202610
E:F06A9369,202610
E:F06A9507,202610
E:F06B0106,202610
E:F06B0116,202610
E:F06B0215,202610
E:F06B0403,202610
E:F06B0532,202610
E:F06B0601,202610
E:F06B0691,202610
E:F06B1184,202610
E:F06B1669,202610
E:F06B1689,202610
E:F06B1699,202610
E:F06B1708,202610
E:F06B1718,202610
E:F06B1728,202610
E:F06B1738,202610
E:F06B1996,202610
E:F06B2043,202610
E:F06B2093,202610
E:F06B2142,202610
E:F06B2310,202610
E:F06B2469,202610
E:F06B2627,202610
E:F06B3803,202610
E:F06B4990,202610
E:F06B5106,202610
E:F06B6283,202610
E:F06B6332,202610
E:F06B6421,202610
E:F06B6718,202610
E:F06B6877,202610
E:F06B7201,202610
E:F06B8031,202610
E:F06B8061,202610
E:F06B8348,202610
E:F06B8358,202610
E:F06B8487,202610
E:F06B8566,202610
E:F06B8724,202610
E:F06B8853,202610
E:F06B9237,202610
E:F06B9445,202610
E:F06B9524,202610
E:F06B9564,202610
E:F06B9722,202610
E:F06B9891,202610
E:F06C0173,202610
E:F06C0331,202610
E:F06C0410,202610
E:F06C0450,202610
E:F06C0866,202610
E:F06C0935,202610
E:F06C1042,202610
E:F06C1369,202610
E:F06C1448,202610
E:F06C1606,202610
E:F06C1626,202610
E:F06C1824,202610
E:F06C1834,202610
E:F06C2070,202610
E:F06C2446,202610
E:F06C2486,202610
E:F06C2614,202610
E:F06C2654,202610
E:F06C2674,202610
E:F06C2723,202610
E:F06C2733,202610
E:F06C2931,202610
E:F06C3256,202610
E:F06C3325,202610
E:F06C3424,202610
E:F06C3523,202610
E:F06C3791,202610
E:F06C3820,202610
E:F06C4006,202610
E:F06C4105,202610
E:F06C4204,202610
E:F06C4284,202610
E:F06C4412,202610
E:F06C4422,202610
E:F06C4561,202610
E:F06C4719,202610
E:F06C4729,202610
E:F06C4907,202610
E:F06C4937,202610
E:F06C5084,202610
E:F06C5094,202610
E:F06C5123,202610
E:F06C5133,202610
E:F06C5163,202610
E:F06C5321,202610
E:F06C5341,202610
E:F06C5400,202610
E:F06C5430,202610
E:F06C5460,202610
E:F06C5559,202610
E:F06C5618,202610
E:F06C5658,202610
E:F06C5757,202610
E:F06C5797,202610
E:F06C5826,202610
E:F06C5856,202610
E:F06C5876,202610
E:F06C5886,202610
E:F06C5945,202610
E:F06C6131,202610
E:F06C6151,202610
E:F06C6210,202610
E:F06C6230,202610
E:F06C6240,202610
E:F06C6290,202610
E:F06C6319,202610
E:F06C6349,202610
E:F06C6438,202610
E:F06C6458,202610
E:F06C6587,202610
E:F06C6597,202610
E:F06C6616,202610
E:F06C6626,202610
E:F06C6636,202610
E:F06C6755,202610
E:F06C6775,202610
E:F06C6804,202610
E:F06C6814,202610
E:F06C6913,202610
E:F06C6973,202610
E:F06C6983,202610
E:F06C7030,202610
E:F06C7040,202610
E:F06C7050,202610
E:F06C7060,202610
E:F06C7189,202610
E:F06C7238,202610
E:F06C7298,202610
E:F06C7387,202610
E:F06C7446,202610
E:F06C7486,202610
E:F06C7535,202610
E:F06C7585,202610
E:F06C7604,202610
E:F06C7624,202610
E:F06C7674,202610
E:F06C7703,202610
E:F06C7723,202610
E:F06C7733,202610
E:F06C7882,202610
E:F06C8008,202610
E:F06C8028,202610
E:F06C8068,202610
E:F06C8137,202610
E:F06C8157,202610
E:F06C8197,202610
E:F06C8246,202610
E:F06C8276,202610
E:F06C8286,202610
E:F06C8503,202610
E:F06C8523,202610
E:F06C8573,202610
E:F06C8612,202610
E:F06C8652,202610
E:F06C8701,202610
E:F06C8711,202610
E:F06C8761,202610
E:F06C8781,202610
E:F06C8810,202610
E:F06C8820,202610
E:F06C8830,202610
E:F06C8840,202610
E:F06C8850,202610
E:F06C8919,202610
E:F06C8929,202610
E:F06C8969,202610
E:F06C8999,202610
E:F06C9086,202610
E:F06C9105,202610
E:F06C9135,202610
E:F06C9145,202610
E:F06C9155,202610
E:F06C9175,202610
E:F06C9195,202610
E:F06C9204,202610
E:F06C9303,202610
E:F06C9313,202610
E:F06C9323,202610
E:F06C9333,202610
E:F06C9353,202610
E:F06C9412,202610
E:F06C9422,202610
E:F06C9511,202610
E:F06C9680,202610
E:F06C9799,202610
E:F06C9808,202610
E:F06C9888,202610
E:F06C9898,202610
E:F06C9977,202610
E:F06C9997,202610
E:F06D0011,202610
E:F06D0051,202610
E:F06D0061,202610
E:F06D0081,202610
E:F06D0110,202610
E:F06D0140,202610
E:F06D0209,202610
E:F06D0239,202610
E:F06D0269,202610
E:F06D0299,202610
E:F06D0308,202610
E:F06D0318,202610
E:F06D0328,202610
E:F06D0358,202610
E:F06D0388,202610
E:F06D0417,202610
E:F06D0487,202610
E:F06D0497,202610
E:F06D0506,202610
E:F06D0546,202610
E:F06D0556,202610
E:F06D0576,202610
E:F06D0625,202610
E:F06D0645,202610
E:F06D0695,202610
E:F06D0704,202610
E:F06D0714,202610
E:F06D0724,202610
E:F06D0744,202610
E:F06D0764,202610
E:F06D0774,202610
E:F06D0803,202610
E:F06D0833,202610
E:F06D0853,202610
E:F06D0873,202610
E:F06D0883,202610
E:F06D0893,202610
E:F06D0922,202610
E:F06D0932,202610
E:F06D1009,202610
E:F06D1019,202610
E:F06D1029,202610
E:F06D1069,202610
E:F06D1089,202610
E:F06D1099,202610
E:F06D1168,202610
E:F06D1198,202610
E:F06D1227,202610
E:F06D1257,202610
E:F06D1277,202610
E:F06D1316,202610
E:F06D1336,202610
E:F06D1346,202610
E:F06D1356,202610
E:F06D1386,202610
E:F06D1396,202610
E:F06D1425,202610
E:F06D1485,202610
E:F06D1495,202610
E:F06D1504,202610
E:F06D1554,202610
E:F06D1564,202610
E:F06D1673,202610
E:F06D1693,202610
E:F06D1712,202610
E:F06D1722,202610
E:F06D1732,202610
E:F06D1742,202610
E:F06D1752,202610
E:F06D1762,202610
E:F06D1831,202610
E:F06D1861,202610
E:F06D1871,202610
E:F06D1900,202610
E:F06D1910,202610
E:F06D1920,202610
E:F06D1930,202610
E:F06D1940,202610
E:F06D1990,202610
E:F06D2017,202610
E:F06D2027,202610
E:F06D2037,202610
E:F06D2047,202610
E:F06D2077,202610
E:F06D2087,202610
E:F06D2097,202610
E:F06D2106,202610
E:F06D2146,202610
E:F06D2166,202610
E:F06D2225,202610
E:F06D2265,202610
E:F06D2275,202610
E:F06D2285,202610
E:F06D2295,202610
E:F0700054,202610
E:F0700241,202610
E:F0700250,202610
E:F0700385,202610
E:F0700401,202610
E:F0700447,202610
E:F0700456,202610
E:F0700509,202610
E:F0700527,202610
E:F0700536,202610
E:F0700670,202610
E:F0700830,202610
E:F0701104,202610
E:F0701186,202610
E:F0701195,202610
E:F0701220,202610
E:F0701604,202610
E:F0701613,202610
E:F0701622,202610
E:F0701640,202610
E:F0701846,202610
E:F0701926,202610
E:F0701935,202610
E:F0701962,202610
E:F0702003,202610
E:F0702058,202610
E:F0702101,202610
E:F0702165,202610
E:F0702334,202610
E:F0702361,202610
E:F0702370,202610
E:F0702414,202610
E:F0702450,202610
E:F0702478,202610
E:F0702496,202610
E:F0702549,202610
E:F0702567,202610
E:F0702656,202610
E:F0702834,202610
E:F0702870,202610
E:F0702923,202610
E:F0702969,202610
E:F0703251,202610
E:F0703288,202610
E:F0703368,202610
E:F0703484,202610
E:F0703715,202610
E:F0703804,202610
E:F0703859,202610
E:F0703911,202610
E:F0703948,202610
E:F0704025,202610
E:F0704052,202610
E:F0704098,202610
E:F0704132,202610
E:F0704212,202610
E:F0704230,202610
E:F0704276,202610
E:F0704347,202610
E:F0704365,202610
E:F0704481,202610
E:F0704525,202610
E:F0704623,202610
E:F0704687,202610
E:F0704776,202610
E:F0704829,202610
E:F0704838,202610
E:F0704856,202610
E:F0704865,202610
E:F0704874,202610
E:F0705031,202610
E:F0705246,202610
E:F0705264,202610
E:F0705308,202610
E:F0705344,202610
E:F0705371,202610
E:F0705380,202610
E:F0705415,202610
E:F0705479,202610
E:F0705513,202610
E:F0705559,202610
E:F0705568,202610
E:F0705639,202610
E:F0705648,202610
E:F0705675,202610
E:F0705997,202610
E:F0706001,202610
E:F0706047,202610
E:F0706074,202610
E:F0706136,202610
E:F0706145,202610
E:F0706154,202610
E:F0706207,202610
E:F0706252,202610
E:F0706298,202610
E:F0706332,202610
E:F0707400,202610
E:F0707491,202610
E:F0709226,202610
E:F0709342,202610
E:F0709548,202610
E:F0709566,202610
E:F0709637,202610
E:F0709708,202610
E:F0709833,202610
E:F0709860,202610
E:F0709888,202610
E:F0709897,202610
E:F0709913,202610
E:F0709977,202610
E:F0710103,202610
E:F0710201,202610
E:F0711511,202610
E:F0712063,202610
E:F0712376,202610
E:F0713186,202610
E:F0713819,202610
E:F0714996,202610
E:F0718896,202610
E:F0718976,202610
E:F0719357,202610
E:F0719535,202610
E:F0719615,202610
E:F0720047,202610
E:F0720207,202610
E:F0720369,202610
E:F0720609,202610
E:F0720789,202610
E:F0720805,202610
E:F0721062,202610
E:F0721277,202610
E:F0721366,202610
E:F0721428,202610
E:F0721473,202610
E:F0721482,202610
E:F0721651,202610
E:F0721660,202610
E:F0722176,202610
E:F0724223,202610
E:F0724232,202610
E:F0724269,202610
E:F0724303,202610
E:F0724901,202610
E:F0725033,202610
E:F0725257,202610
E:F0725337,202610
E:F0725364,202610
E:F0725668,202610
E:F0725686,202610
E:F0795268,202610
E:F07A0411,202610
E:F07A0609,202610
E:F07A0689,202610
E:F07A0708,202610
E:F07A0817,202610
E:F07A1083,202610
E:F07A1172,202610
E:F07A1211,202610
E:F07A1231,202610
E:F07A1261,202610
E:F07A1281,202610
E:F07A1370,202610
E:F07A1439,202610
E:F07A1508,202610
E:F07A1647,202610
E:F07A2100,202610
E:F07A2150,202610
E:F07A2209,202610
E:F07A2219,202610
E:F07A2368,202610
E:F07A2398,202610
E:F07A2457,202610
E:F07A2497,202610
E:F07A2566,202610
E:F07A2655,202610
E:F07A2754,202610
E:F07A2764,202610
E:F07A2774,202610
E:F07A2843,202610
E:F07A2972,202610
E:F07A3118,202610
E:F07A3178,202610
E:F07A3188,202610
E:F07A3346,202610
E:F07A3376,202610
E:F07A3514,202610
E:F07A3594,202610
E:F07A3722,202610
E:F07A3792,202610
E:F07A3801,202610
E:F07A3960,202610
E:F07A4116,202610
E:F07A4215,202610
E:F07A4453,202610
E:F07A4512,202610
E:F07A4621,202610
E:F07A4681,202610
E:F07A4730,202610
E:F07A4849,202610
E:F07A5322,202610
E:F07A5491,202610
E:F07A5570,202610
E:F07A5689,202610
E:F07A5966,202610
E:F07A6023,202610
E:F07A6112,202610
E:F07A6162,202610
E:F07A6330,202610
E:F07A6350,202610
E:F07A6449,202610
E:F07A6657,202610
E:F07A6895,202610
E:F07A7150,202610
E:F07A7160,202610
E:F07A7180,202610
E:F07A7239,202610
E:F07A7249,202610
E:F07A7338,202610
E:F07A7388,202610
E:F07A8386,202610
E:F07A8504,202610
E:F07A8514,202610
E:F07A8594,202610
E:F07A8683,202610
E:F07A9057,202610
E:F07A9255,202610
E:F07A9314,202610
E:F07A9483,202610
E:F07A9502,202610
E:F07A9522,202610
E:F07A9562,202610
E:F07A9681,202610
E:F07A9700,202610
E:F07B0399,202610
E:F07B0418,202610
E:F07B0498,202610
E:F07B0547,202610
E:F07B0874,202610
E:F07B0963,202610
E:F07B1644,202610
E:F07B1654,202610
E:F07B1892,202610
E:F07B1901,202610
E:F07B2137,202610
E:F07B2296,202610
E:F07B2375,202610
E:F07B2682,202610
E:F07B2761,202610
E:F07B2860,202610
E:F07B3333,202610
E:F07B3591,202610
E:F07B3630,202610
E:F07B3670,202610
E:F07B3680,202610
E:F07B3729,202610
E:F07B3739,202610
E:F07B3749,202610
E:F07B3759,202610
E:F07B3868,202610
E:F07B3907,202610
E:F07B3947,202610
E:F07B3967,202610
E:F07B4024,202610
E:F07B4173,202610
E:F07B4222,202610
E:F07B4420,202610
E:F07B4797,202610
E:F07B4896,202610
E:F07B4965,202610
E:F07B4995,202610
E:F07B5042,202610
E:F07B5052,202610
E:F07B5092,202610
E:F07B5131,202610
E:F07B5151,202610
E:F07B5210,202610
E:F07B5230,202610
E:F07B5260,202610
E:F07B5270,202610
E:F07B5290,202610
E:F07B5339,202610
E:F07B5349,202610
E:F07B5408,202610
E:F07B5438,202610
E:F07B5557,202610
E:F07B5646,202610
E:F07B5696,202610
E:F07B5755,202610
E:F07B5804,202610
E:F07B5844,202610
E:F07B5854,202610
E:F07B5884,202610
E:F07B5943,202610
E:F07B6070,202610
E:F07B6129,202610
E:F07B6218,202610
E:F07B6298,202610
E:F07B6307,202610
E:F07B6377,202610
E:F07B6397,202610
E:F07B6486,202610
E:F07B6505,202610
E:F07B6515,202610
E:F07B6555,202610
E:F07B6585,202610
E:F07B6604,202610
E:F07B6634,202610
E:F07B6713,202610
E:F07B6743,202610
E:F07B6812,202610
E:F07B6911,202610
E:F07B6991,202610
E:F07B7018,202610
E:F07B7078,202610
E:F07B7157,202610
E:F07B7187,202610
E:F07B7216,202610
E:F07B7305,202610
E:F07B7385,202610
E:F07B7454,202610
E:F07B7464,202610
E:F07B7484,202610
E:F07B7494,202610
E:F07B7563,202610
E:F07B7583,202610
E:F07B7632,202610
E:F07B7810,202610
E:F07B7820,202610
E:F07B7880,202610
E:F07B7890,202610
E:F07B7949,202610
E:F07B7969,202610
E:F07B7979,202610
E:F07B7999,202610
E:F07B8036,202610
E:F07B8066,202610
E:F07B8076,202610
E:F07B8105,202610
E:F07B8125,202610
E:F07B8135,202610
E:F07B8145,202610
E:F07B8185,202610
E:F07B8204,202610
E:F07B8284,202610
E:F07B8373,202610
E:F07B8393,202610
E:F07B8412,202610
E:F07B8452,202610
E:F07B8492,202610
E:F07B8501,202610
E:F07B8521,202610
E:F07B8531,202610
E:F07B8541,202610
E:F07B8561,202610
E:F07B8591,202610
E:F07B8729,202610
E:F07B8749,202610
E:F07B8769,202610
E:F07B8878,202610
E:F07B8927,202610
E:F07B8987,202610
E:F07B9034,202610
E:F07B9054,202610
E:F07B9084,202610
E:F07B9173,202610
E:F07B9430,202610
E:F07B9470,202610
E:F07B9549,202610
E:F07B9559,202610
E:F07B9628,202610
E:F07B9688,202610
E:F07B9717,202610
E:F07B9777,202610
E:F07B9787,202610
E:F07B9816,202610
E:F07B9826,202610
E:F07B9846,202610
E:F07B9866,202610
E:F07B9876,202610
E:F07B9925,202610
E:F07B9945,202610
E:F07B9965,202610
E:F07C0019,202610
E:F07C0059,202610
E:F07C0099,202610
E:F07C0108,202610
E:F07C0128,202610
E:F07C0138,202610
E:F07C0148,202610
E:F07C0168,202610
E:F07C0178,202610
E:F07C0198,202610
E:F07C0207,202610
E:F0800111,202610
E:F0800193,202610
E:F0800264,202610
E:F0800308,202610
E:F0800317,202610
E:F0800344,202610
E:F0800353,202610
E:F0800399,202610
E:F0800433,202610
E:F0800442,202610
E:F0800531,202610
E:F0800586,202610
E:F0800620,202610
E:F0800666,202610
E:F0800719,202610
E:F0800826,202610
E:F0800835,202610
E:F0800871,202610
E:F0800988,202610
E:F0801065,202610
E:F0801396,202610
E:F0801421,202610
E:F0801476,202610
E:F0801485,202610
E:F0801547,202610
E:F0801565,202610
E:F0801583,202610
E:F0801627,202610
E:F0801672,202610
E:F0801707,202610
E:F0801743,202610
E:F0801805,202610
E:F0801878,202610
E:F0801896,202610
E:F0801949,202610
E:F0802268,202610
E:F0802464,202610
E:F0802553,202610
E:F0802704,202610
E:F0802740,202610
E:F0802811,202610
E:F0802857,202610
E:F0802866,202610
E:F0802884,202610
E:F0802973,202610
E:F0802982,202610
E:F0803023,202610
E:F0803103,202610
E:F0803149,202610
E:F0803158,202610
E:F0803201,202610
E:F0805465,202610
E:F0805929,202610
E:F0806524,202610
E:F0807647,202610
E:F0807674,202610
E:F0807692,202610
E:F0807870,202610
E:F0808037,202610
E:F0808046,202610
E:F0808055,202610
E:F0808064,202610
E:F0808144,202610
E:F0808251,202610
E:F0808411,202610
E:F0813770,202610
E:F0813805,202610
E:F0813850,202610
E:F0813869,202610
E:F0814062,202610
E:F0814320,202610
E:F0814348,202610
E:F0814419,202610
E:F0814473,202610
E:F0814491,202610
E:F0814599,202610
E:F0814777,202610
E:F0814928,202610
E:F0895030,202610
E:F08A0060,202610
E:F08A0248,202610
E:F08A1028,202610
E:F08A1226,202610
E:F08A1365,202610
E:F08A1395,202610
E:F08A1553,202610
E:F08A1949,202610
E:F08A1999,202610
E:F08A2165,202610
E:F08A2185,202610
E:F08A2353,202610
E:F08A3004,202610
E:F08A3252,202610
E:F08A3262,202610
E:F08A3321,202610
E:F08A3836,202610
E:F08A3856,202610
E:F08A4082,202610
E:F08A4399,202610
E:F08A4468,202610
E:F08A4517,202610
E:F08A4775,202610
E:F08A4795,202610
E:F08A4854,202610
E:F08A5208,202610
E:F08A5258,202610
E:F08A5456,202610
E:F08A5486,202610
E:F08A5535,202610
E:F08A5812,202610
E:F08A5822,202610
E:F08A5892,202610
E:F08A6127,202610
E:F08A6236,202610
E:F08A6345,202610
E:F08A6484,202610
E:F08A6672,202610
E:F08A6692,202610
E:F08A6850,202610
E:F08A6870,202610
E:F08A6880,202610
E:F08A7086,202610
E:F08A7145,202610
E:F08A7274,202610
E:F08A7284,202610
E:F08A7432,202610
E:F08A7472,202610
E:F08A7501,202610
E:F08A7551,202610
E:F08A7630,202610
E:F08A7729,202610
E:F08A7749,202610
E:F08A7828,202610
E:F08A7907,202610
E:F08A7937,202610
E:F08A8074,202610
E:F08A8183,202610
E:F08A8222,202610
E:F08A8371,202610
E:F08A8391,202610
E:F08A8470,202610
E:F08A8480,202610
E:F08A8549,202610
E:F08A8569,202610
E:F08A8648,202610
E:F08A8668,202610
E:F08A8688,202610
E:F08A8737,202610
E:F08A8787,202610
E:F08A8806,202610
E:F08A8876,202610
E:F08A8995,202610
E:F08A9042,202610
E:F08A9121,202610
E:F08A9141,202610
E:F08A9191,202610
E:F08A9290,202610
E:F08A9309,202610
E:F08A9359,202610
E:F08A9399,202610
E:F08A9408,202610
E:F08A9438,202610
E:F08A9527,202610
E:F08A9557,202610
E:F08A9567,202610
E:F08A9626,202610
E:F08A9676,202610
E:F08A9725,202610
E:F08A9735,202610
E:F08A9775,202610
E:F08A9785,202610
E:F08A9804,202610
E:F08A9844,202610
E:F08A9874,202610
E:F08A9933,202610
E:F08B0027,202610
E:F08B0037,202610
E:F08B0057,202610
E:F08B0067,202610
E:F08B0077,202610
E:F08B0106,202610
E:F08B0116,202610
E:F08B0126,202610
E:F08B0136,202610
E:F08B0166,202610
E:F08B0196,202610
E:F08B0205,202610
E:F08B0215,202610
E:F08B0225,202610
E:F08B0255,202610
E:F08B0275,202610
E:F08B0285,202610
E:F08B0314,202610
E:F08B0324,202610
E:F08B0344,202610
E:F08B0384,202610
E:F08B0502,202610
E:F08B0532,202610
E:F08B0552,202610
E:F08B0572,202610
E:F08B0582,202610
E:F08B0592,202610
E:F08B0631,202610
E:F08B0641,202610
E:F08B0651,202610
E:F08B0710,202610
E:F08B0730,202610
E:F08B0750,202610
E:F08B0790,202610
E:F08B0819,202610
E:F08B0839,202610
E:F08B0859,202610
E:F08B0879,202610
E:F08B0889,202610
E:F08B0899,202610
E:F08B0908,202610
E:F08B0918,202610
E:F08B0928,202610
E:F08B0938,202610
E:F08B0948,202610
E:F08B0958,202610
E:F08B0968,202610
E:F08B0998,202610
E:F08B1055,202610
E:F08B1065,202610
E:F08B1095,202610
E:F08B1104,202610
E:F08B1114,202610
E:F08B1134,202610
E:F08B1144,202610
E:F08B1164,202610
E:F08B1174,202610
E:F08B1213,202610
E:F08B1233,202610
E:F08B1243,202610
E:F08B1283,202610
E:F0900045,202610
E:F0900125,202610
E:F0900198,202610
E:F0900223,202610
E:F0900321,202610
E:F0900385,202610
E:F0900410,202610
E:F0900429,202610
E:F0900474,202610
E:F0900670,202610
E:F0900830,202610
E:F0900929,202610
E:F0900983,202610
E:F0900992,202610
E:F0901159,202610
E:F0901239,202610
E:F0901319,202610
E:F0901355,202610
E:F0901613,202610
E:F0901686,202610
E:F0901695,202610
E:F0901748,202610
E:F0901784,202610
E:F0901800,202610
E:F0901828,202610
E:F0901855,202610
E:F0901908,202610
E:F0902012,202610
E:F0902085,202610
E:F0902183,202610
E:F0902263,202610
E:F0902405,202610
E:F0902423,202610
E:F0902629,202610
E:F0902843,202610
E:F0902870,202610
E:F0905139,202610
E:F0905157,202610
E:F0905184,202610
E:F0905200,202610
E:F0905415,202610
E:F0905460,202610
E:F0905531,202610
E:F0905568,202610
E:F0905602,202610
E:F0905719,202610
E:F09A0362,202610
E:F09A0401,202610
E:F09A0867,202610
E:F09A1459,202610
E:F09A1528,202610
E:F09A1637,202610
E:F09A1677,202610
E:F09A1716,202610
E:F09A1815,202610
E:F09A2021,202610
E:F09A2031,202610
E:F09A2041,202610
E:F09A2526,202610
E:F09A2615,202610
E:F09A2714,202610
E:F09A2784,202610
E:F09A2972,202610
E:F09A3039,202610
E:F09A3148,202610
E:F09A3257,202610
E:F09A3663,202610
E:F09A4027,202610
E:F09A4532,202610
E:F09A4720,202610
E:F09A5035,202610
E:F09A5174,202610
E:F09A5203,202610
E:F09A5352,202610
E:F09A5500,202610
E:F09A5659,202610
E:F09A5728,202610
E:F09A6310,202610
E:F09A6360,202610
E:F09A6409,202610
E:F09A6419,202610
E:F09A6449,202610
E:F09A6489,202610
E:F09A6944,202610
E:F09A7308,202610
E:F09A7388,202610
E:F09A7605,202610
E:F09A7695,202610
E:F09A7704,202610
E:F09A8089,202610
E:F09A8277,202610
E:F09A8326,202610
E:F09A8702,202610
E:F09A8722,202610
E:F09A8841,202610
E:F09A8980,202610
E:F09A9037,202610
E:F09A9106,202610
E:F09A9176,202610
E:F09A9205,202610
E:F09A9215,202610
E:F09A9295,202610
E:F09A9304,202610
E:F09A9374,202610
E:F09A9443,202610
E:F09A9473,202610
E:F09A9483,202610
E:F09A9532,202610
E:F09A9542,202610
E:F09A9611,202610
E:F09A9631,202610
E:F09A9651,202610
E:F09A9681,202610
E:F09A9700,202610
E:F09A9770,202610
E:F09A9780,202610
E:F09A9819,202610
E:F09A9829,202610
E:F09A9899,202610
E:F09A9928,202610
E:F09A9948,202610
E:F09B0131,202610
E:F09B0171,202610
E:F09B0468,202610
E:F09B0488,202610
E:F09B0498,202610
E:F09B0507,202610
E:F09B0557,202610
E:F09B0567,202610
E:F09B0587,202610
E:F09B0646,202610
E:F09B0656,202610
E:F09B0676,202610
E:F09B0725,202610
E:F09B0745,202610
E:F09B0785,202610
E:F09B0804,202610
E:F09B0844,202610
E:F09B0854,202610
E:F09B0884,202610
E:F09B0894,202610
E:F09B0903,202610
E:F09B0923,202610
E:F09B0973,202610
E:F09B0993,202610
E:F09B1000,202610
E:F09B1020,202610
E:F09B1030,202610
E:F09B1040,202610
E:F09B1050,202610
E:F09B1060,202610
E:F09B1070,202610
E:F09B1109,202610
E:F09B1149,202610
E:F09B1159,202610
E:F09B1179,202610
E:F09B1208,202610
E:F09B1228,202610
E:F09B1238,202610
E:F09B1248,202610
E:F09B1268,202610
E:F09B1278,202610
E:F09B1416,202610
E:F09B1486,202610
E:F09B1515,202610
E:F09B1545,202610
E:F09B1555,202610
E:F09B1585,202610
E:F09B1595,202610
E:F09B1604,202610
E:F09B1614,202610
E:F09B1634,202610
E:F09B1713,202610
E:F09B1723,202610
E:F09B1753,202610
E:F09B1763,202610
E:F09B1773,202610
E:F09B1793,202610
E:F09B1812,202610
E:F09B1822,202610
E:F09B1832,202610
E:F09B1862,202610
E:F09B1872,202610
E:F09B1921,202610
E:F09B1971,202610
E:F09B2018,202610
E:F09B2038,202610
E:F09B2058,202610
E:F1000142,202610
E:F1000213,202610
E:F1000295,202610
E:F1000311,202610
E:F1000348,202610
E:F1000357,202610
E:F1000393,202610
E:F1000464,202610
E:F1000473,202610
E:F1000517,202610
E:F1000526,202610
E:F1000544,202610
E:F1000580,202610
E:F1000642,202610
E:F1000955,202610
E:F1001041,202610
E:F1001121,202610
E:F1001149,202610
E:F1001309,202610
E:F1001345,202610
E:F1001452,202610
E:F1001498,202610
E:F1001578,202610
E:F1001943,202610
E:F1001961,202610
E:F1002271,202610
E:F1002333,202610
E:F1005076,202610
E:F1005165,202610
E:F1005245,202610
E:F1005352,202610
E:F1006402,202610
E:F1006519,202610
E:F1007123,202610
E:F1007141,202610
E:F1007276,202610
E:F1007310,202610
E:F1007338,202610
E:F1007543,202610
E:F1007623,202610
E:F1008219,202610
E:F1008433,202610
E:F10A0311,202610
E:F10A3266,202610
E:F10A3711,202610
E:F10A4244,202610
E:F10A4482,202610
E:F10A5133,202610
E:F10A6121,202610
E:F10A6498,202610
E:F10A6903,202610
E:F10A7090,202610
E:F10A7179,202610
E:F10A7317,202610
E:F10A7921,202610
E:F10A8820,202610
E:F10A9977,202610
E:F10B0031,202610
E:F10B0774,202610
E:F10B0803,202610
E:F10B1336,202610
E:F10B1970,202610
E:F10B2126,202610
E:F10B2443,202610
E:F10B2473,202610
E:F10B2562,202610
E:F10B3015,202610
E:F10B3035,202610
E:F10B3045,202610
E:F10B3055,202610
E:F10B3085,202610
E:F10B3243,202610
E:F10B3312,202610
E:F10B3411,202610
E:F10B3609,202610
E:F10B3669,202610
E:F10B4083,202610
E:F10B4093,202610
E:F10B4251,202610
E:F10B4617,202610
E:F10B4736,202610
E:F10B4756,202610
E:F10B4845,202610
E:F10B4974,202610
E:F10B4994,202610
E:F10B5021,202610
E:F10B5100,202610
E:F10B5150,202610
E:F10B5170,202610
E:F10B5289,202610
E:F10B5308,202610
E:F10B5338,202610
E:F10B5388,202610
E:F10B5437,202610
E:F10B5556,202610
E:F10B5576,202610
E:F10B5596,202610
E:F10B5635,202610
E:F10B5764,202610
E:F10B6168,202610
E:F10B6247,202610
E:F10B6366,202610
E:F10B6405,202610
E:F10B6732,202610
E:F10B6881,202610
E:F10B6930,202610
E:F10B7067,202610
E:F10B7116,202610
E:F10B7205,202610
E:F10B7245,202610
E:F10B7255,202610
E:F10B7344,202610
E:F10B7364,202610
E:F10B7374,202610
E:F10B7572,202610
E:F10B7592,202610
E:F10B7601,202610
E:F10B7671,202610
E:F10B7681,202610
E:F10B7770,202610
E:F10B7790,202610
E:F10B7899,202610
E:F10B7918,202610
E:F10B7948,202610
E:F10B7958,202610
E:F10B8015,202610
E:F10B8025,202610
E:F10B8035,202610
E:F10B8144,202610
E:F10B8174,202610
E:F10B8223,202610
E:F10B8253,202610
E:F10B8263,202610
E:F10B8342,202610
E:F10B8352,202610
E:F10B8382,202610
E:F10B8411,202610
E:F10B8421,202610
E:F10B8500,202610
E:F10B8510,202610
E:F10B8590,202610
E:F10B8639,202610
E:F10B8679,202610
E:F10B8699,202610
E:F10B8778,202610
E:F10B8827,202610
E:F10B8847,202610
E:F10B8867,202610
E:F10B8877,202610
E:F10B8916,202610
E:F10B8926,202610
E:F10B8946,202610
E:F10B8966,202610
E:F10B8976,202610
E:F10B8986,202610
E:F10B8996,202610
E:F10B9003,202610
E:F10B9053,202610
E:F10B9063,202610
E:F10B9083,202610
E:F10B9093,202610
E:F10B9162,202610
E:F10B9172,202610
E:F10B9192,202610
E:F10B9251,202610
E:F10B9261,202610
E:F10B9281,202610
E:F10B9291,202610
E:F10B9340,202610
E:F10B9489,202610
E:F10B9548,202610
E:F10B9568,202610
E:F10B9578,202610
E:F10B9617,202610
E:F10B9627,202610
E:F10B9637,202610
E:F10B9657,202610
E:F10B9697,202610
E:F10B9716,202610
E:F10B9786,202610
E:F10B9815,202610
E:F10B9835,202610
E:F10B9845,202610
E:F10B9855,202610
E:F10B9885,202610
E:F10B9895,202610
E:F10B9904,202610
E:F10B9924,202610
E:F10B9934,202610
E:F10B9944,202610
E:F10B9954,202610
E:F10B9964,202610
E:F10C0038,202610
E:F10C0048,202610
E:F10C0058,202610
E:F10C0068,202610
E:F10C0098,202610
E:F10C0117,202610
E:F10C0157,202610
E:F10C0167,202610
E:F10C0177,202610
E:F10C0187,202610
E:F10C0206,202610
E:F10C0216,202610
E:F10C0226,202610
E:F10C0246,202610
E:F10C0256,202610
E:F10C0266,202610
E:F10C0286,202610
E:F10C0296,202610
E:F10C0305,202610
E:F10C0315,202610
E:F10C0325,202610
E:F10C0335,202610
E:F10C0345,202610
E:F10C0365,202610
E:F10C0375,202610
E:F10C0404,202610
E:F10C0424,202610
E:F10C0454,202610
E:F10C0484,202610
E:F10C0543,202610
E:F10C0553,202610
E:F10C0573,202610
E:F10C0583,202610
E:F10C0602,202610
E:F10C0612,202610
E:F10C0632,202610
E:F10C0652,202610
E:F10C0692,202610
E:F10C0711,202610
E:F10C0741,202610
E:F10C0800,202610
E:F10C0820,202610
E:F10C0850,202610
E:F10C0860,202610
E:F10C0870,202610
E:F10C0919,202610
E:F10C0929,202610
E:F10C0969,202610
E:F10C0979,202610
E:F10C0989,202610
E:F10C1026,202610
E:F10C1036,202610
E:F10C1046,202610
E:F10C1056,202610
E:F10C1076,202610
E:F10C1086,202610
E:F10C1105,202610
E:F10C1115,202610
E:F10C1155,202610
E:F10C1185,202610
E:F10C1204,202610
E:F10C1214,202610
E:F10C1224,202610
E:F10C1234,202610
E:F10C1244,202610
E:F10C1264,202610
E:F10C1274,202610
E:F10C1303,202610
E:F10C1323,202610
E:F10C1353,202610
E:F10C1363,202610
E:F10C1373,202610
E:F10C1393,202610
E:F10C1402,202610
E:F10C1432,202610
E:F10C1482,202610
E:F10C1531,202610
E:F10C1591,202610
E:F10C1600,202610
E:F10C1709,202610
E:F10C1729,202610
E:F10C1749,202610
E:F10C1759,202610
E:F10C1769,202610
E:F10C1779,202610
E:F10C1799,202610
E:F10C1818,202610
E:F10C1838,202610
E:F10C1848,202610
E:F10C1868,202610
E:F10C1878,202610
E:F10C1907,202610
E:F10C1927,202610
E:F10C1937,202610
E:F10C1957,202610
E:F10C1977,202610
E:F10C2004,202610
E:F10C2014,202610
E:F10C2034,202610
E:F10C2044,202610
E:F10C2054,202610
E:F10C2084,202610
E:F10C2094,202610
E:F10C2103,202610
E:F10C2113,202610
E:F10C2143,202610
E:F10C2153,202610
E:F10C2173,202610
E:F10C2183,202610
E:F10C2193,202610
E:F10C2202,202610
E:F10C2222,202610
E:F10C2232,202610
E:F10C2242,202610
E:F1100049,202610
E:F1100076,202610
E:F1100101,202610
E:F1100165,202610
E:F1100183,202610
E:F1100236,202610
E:F1100245,202610
E:F1100469,202610
E:F1100558,202610
E:F1100594,202610
E:F1100629,202610
E:F1100754,202610
E:F1100781,202610
E:F1100790,202610
E:F1100834,202610
E:F1100905,202610
E:F1101368,202610
E:F1101402,202610
E:F1101573,202610
E:F1102267,202610
E:F1102347,202610
E:F1102356,202610
E:F1102365,202610
E:F1102669,202610
E:F1102687,202610
E:F1102909,202610
E:F1102945,202610
E:F1103255,202610
E:F1107468,202610
E:F1107495,202610
E:F1107628,202610
E:F1107673,202610
E:F1110698,202610
E:F1112870,202610
E:F1115362,202610
E:F1115755,202610
E:F1116289,202610
E:F1116314,202610
E:F1116430,202610
E:F1117179,202610
E:F1117188,202610
E:F1117197,202610
E:F1117526,202610
E:F1117884,202610
E:F1117900,202610
E:F1119299,202610
E:F11A0257,202610
E:F11A0970,202610
E:F11A0990,202610
E:F11A1067,202610
E:F11A1245,202610
E:F11A1344,202610
E:F11A1493,202610
E:F11A1522,202610
E:F11A1730,202610
E:F11A1740,202610
E:F11A2213,202610
E:F11A2520,202610
E:F11A2570,202610
E:F11A2580,202610
E:F11A2679,202610
E:F11A3152,202610
E:F11A3706,202610
E:F11A3855,202610
E:F11A3964,202610
E:F11A3974,202610
E:F11A3994,202610
E:F11A4001,202610
E:F11A4021,202610
E:F11A4110,202610
E:F11A4120,202610
E:F11A4229,202610
E:F11A4239,202610
E:F11A4259,202610
E:F11A4269,202610
E:F11A4279,202610
E:F11A4289,202610
E:F11A4299,202610
E:F11A4338,202610
E:F11A4596,202610
E:F11A4615,202610
E:F11A4625,202610
E:F11A4635,202610
E:F11A4655,202610
E:F11A4665,202610
E:F11A4675,202610
E:F11A4685,202610
E:F11A4695,202610
E:F11A4754,202610
E:F11A4893,202610
E:F11A5356,202610
E:F11A5386,202610
E:F11A5425,202610
E:F11A5990,202610
E:F11A6037,202610
E:F11A6671,202610
E:F11A6730,202610
E:F11A6889,202610
E:F11A6908,202610
E:F11A6978,202610
E:F11A7520,202610
E:F11A7906,202610
E:F11A7996,202610
E:F11A8132,202610
E:F11A8964,202610
E:F11A9407,202610
E:F11A9576,202610
E:F11A9645,202610
E:F11A9665,202610
E:F11A9695,202610
E:F11B0175,202610
E:F11B0195,202610
E:F11B0383,202610
E:F11B0393,202610
E:F11B0402,202610
E:F11B0492,202610
E:F11B0650,202610
E:F11B0739,202610
E:F11B0868,202610
E:F11B1074,202610
E:F11B1084,202610
E:F11B1143,202610
E:F11B1153,202610
E:F11B1410,202610
E:F11B2022,202610
E:F11B2329,202610
E:F11B2428,202610
E:F11B2626,202610
E:F11B2636,202610
E:F11B2666,202610
E:F11B2745,202610
E:F11B2765,202610
E:F11B2795,202610
E:F11B2993,202610
E:F11B3090,202610
E:F11B3139,202610
E:F11B3159,202610
E:F11B3208,202610
E:F11B3238,202610
E:F11B3268,202610
E:F11B3317,202610
E:F11B3436,202610
E:F11B3496,202610
E:F11B3565,202610
E:F11B3614,202610
E:F11B3624,202610
E:F11B3812,202610
E:F11B4008,202610
E:F11B4137,202610
E:F11B4147,202610
E:F11B4167,202610
E:F11B4187,202610
E:F11B4246,202610
E:F11B4365,202610
E:F11B4375,202610
E:F11B4385,202610
E:F11B4583,202610
E:F11B4612,202610
E:F11B4632,202610
E:F11B4642,202610
E:F11B4662,202610
E:F11B4672,202610
E:F11B4692,202610
E:F11B4701,202610
E:F11B4711,202610
E:F11B4721,202610
E:F11B4731,202610
E:F11B4741,202610
E:F11B4751,202610
E:F11B4761,202610
E:F11B4771,202610
E:F11B4781,202610
E:F11B4800,202610
E:F11B5006,202610
E:F11B5254,202610
E:F11B5313,202610
E:F11B5323,202610
E:F11B5511,202610
E:F11B5739,202610
E:F11B5749,202610
E:F11B5799,202610
E:F11B5907,202610
E:F11B5957,202610
E:F11B5987,202610
E:F11B6094,202610
E:F11B6143,202610
E:F11B6292,202610
E:F11B6301,202610
E:F11B6371,202610
E:F11B6480,202610
E:F11B6549,202610
E:F11B6638,202610
E:F11B6658,202610
E:F11B6668,202610
E:F11B6678,202610
E:F11B6727,202610
E:F11B6787,202610
E:F11B6905,202610
E:F11B6915,202610
E:F11B6935,202610
E:F11B6945,202610
E:F11B6985,202610
E:F11B7012,202610
E:F11B7042,202610
E:F11B7111,202610
E:F11B7121,202610
E:F11B7171,202610
E:F11B7230,202610
E:F11B7319,202610
E:F11B7369,202610
E:F11B7379,202610
E:F11B7468,202610
E:F11B7507,202610
E:F11B7517,202610
E:F11B7527,202610
E:F11B7537,202610
E:F11B7557,202610
E:F11B7705,202610
E:F11B7804,202610
E:F11B7814,202610
E:F11B7844,202610
E:F11B7913,202610
E:F11B7923,202610
E:F11B7933,202610
E:F11B8000,202610
E:F11B8030,202610
E:F11B8040,202610
E:F11B8060,202610
E:F11B8080,202610
E:F11B8129,202610
E:F11B8159,202610
E:F11B8208,202610
E:F11B8268,202610
E:F11B8298,202610
E:F11B8406,202610
E:F11B8456,202610
E:F11B8505,202610
E:F11B8515,202610
E:F11B8535,202610
E:F11B8555,202610
E:F11B8565,202610
E:F11B8753,202610
E:F11B8763,202610
E:F11B8773,202610
E:F11B8802,202610
E:F11B8822,202610
E:F11B8852,202610
E:F11B8862,202610
E:F11B8892,202610
E:F11B8911,202610
E:F11B8921,202610
E:F11B8931,202610
E:F11B8981,202610
E:F1200035,202610
E:F1200053,202610
E:F1200106,202610
E:F1200124,202610
E:F1200188,202610
E:F1200197,202610
E:F1200222,202610
E:F1200286,202610
E:F1200295,202610
E:F1200311,202610
E:F1200320,202610
E:F1200339,202610
E:F1200419,202610
E:F1200428,202610
E:F1200446,202610
E:F1200713,202610
E:F1200740,202610
E:F1200777,202610
E:F1200839,202610
E:F1200919,202610
E:F1203027,202610
E:F1203367,202610
E:F1204131,202610
E:F1204266,202610
E:F1205236,202610
E:F12A0242,202610
E:F12A0816,202610
E:F12A0836,202610
E:F12A0846,202610
E:F12A1151,202610
E:F12A1993,202610
E:F12A2248,202610
E:F12A2486,202610
E:F12A2624,202610
E:F12A2713,202610
E:F12A2862,202610
E:F12A3068,202610
E:F12A3098,202610
E:F12A3177,202610
E:F12A3256,202610
E:F12A3305,202610
E:F12A3325,202610
E:F12A3355,202610
E:F12A3454,202610
E:F12A3464,202610
E:F12A3523,202610
E:F12A3533,202610
E:F12A3543,202610
E:F12A3573,202610
E:F12A3593,202610
E:F12A3632,202610
E:F12A3652,202610
E:F12A3711,202610
E:F12A3721,202610
E:F12A3731,202610
E:F12A3761,202610
E:F12A3771,202610
E:F12A3800,202610
E:F12A3820,202610
E:F12A3840,202610
E:F12A3860,202610
E:F12A3870,202610
E:F12A3880,202610
E:F12A3890,202610
E:F12A3929,202610
E:F12A3949,202610
E:F12A3979,202610
E:F12A3989,202610
E:F1300021,202610
E:F1300085,202610
E:F1300129,202610
E:F1300165,202610
E:F1300209,202610
E:F1300218,202610
E:F1300281,202610
E:F1300290,202610
E:F1300370,202610
E:F1300405,202610
E:F1300601,202610
E:F1300718,202610
E:F1300825,202610
E:F1300843,202610
E:F1300898,202610
E:F1300996,202610
E:F1301019,202610
E:F1301064,202610
E:F1301082,202610
E:F1301117,202610
E:F1301126,202610
E:F1301224,202610
E:F1301313,202610
E:F1301322,202610
E:F1301331,202610
E:F1301377,202610
E:F1301411,202610
E:F1301457,202610
E:F1301475,202610
E:F1301500,202610
E:F1301537,202610
E:F1301788,202610
E:F1301813,202610
E:F1301822,202610
E:F1301939,202610
E:F1301966,202610
E:F1302016,202610
E:F1302105,202610
E:F1302196,202610
E:F1302212,202610
E:F1302258,202610
E:F1302310,202610
E:F1302418,202610
E:F1302427,202610
E:F1302436,202610
E:F1302507,202610
E:F1302552,202610
E:F1302561,202610
E:F1302605,202610
E:F1302614,202610
E:F1302632,202610
E:F1302678,202610
E:F1302838,202610
E:F1302865,202610
E:F1302963,202610
E:F1303175,202610
E:F1303193,202610
E:F1303219,202610
E:F1303380,202610
E:F1303424,202610
E:F1303540,202610
E:F1303568,202610
E:F1303979,202610
E:F1304001,202610
E:F1304038,202610
E:F1304109,202610
E:F1304136,202610
E:F1304163,202610
E:F1304529,202610
E:F1304538,202610
E:F1304556,202610
E:F1304725,202610
E:F1304752,202610
E:F1304761,202610
E:F1304789,202610
E:F1304814,202610
E:F1304967,202610
E:F1304985,202610
E:F1305017,202610
E:F1305044,202610
E:F1305053,202610
E:F1305099,202610
E:F1305231,202610
E:F1305339,202610
E:F1305400,202610
E:F1305428,202610
E:F1305446,202610
E:F1306158,202610
E:F1306523,202610
E:F1306621,202610
E:F1307388,202610
E:F1307459,202610
E:F1307600,202610
E:F1308054,202610
E:F1308143,202610
E:F1308321,202610
E:F1309257,202610
E:F1309542,202610
E:F1309613,202610
E:F1309622,202610
E:F1309793,202610
E:F1309846,202610
E:F1309917,202610
E:F1309980,202610
E:F1310143,202610
E:F1310616,202610
E:F1311542,202610
E:F1311908,202610
E:F1312281,202610
E:F1312290,202610
E:F1312567,202610
E:F1312692,202610
E:F1312718,202610
E:F1312736,202610
E:F1312816,202610
E:F1312825,202610
E:F1312905,202610
E:F1313073,202610
E:F1313171,202610
E:F1313322,202610
E:F1390034,202610
E:F13A0356,202610
E:F13A0396,202610
E:F13A0405,202610
E:F13A0425,202610
E:F13A1047,202610
E:F13A1186,202610
E:F13A1324,202610
E:F13A1344,202610
E:F13A1354,202610
E:F13A1493,202610
E:F13A1938,202610
E:F13A2075,202610
E:F13A2114,202610
E:F13A2194,202610
E:F13A2203,202610
E:F13A2213,202610
E:F13A2223,202610
E:F13A2233,202610
E:F13A2273,202610
E:F13A2362,202610
E:F13A2392,202610
E:F13A2401,202610
E:F13A2421,202610
E:F13A2441,202610
E:F13A2471,202610
E:F13A2500,202610
E:F13A2530,202610
E:F13A2629,202610
E:F13A2748,202610
E:F13A3459,202610
E:F13A3489,202610
E:F13A3538,202610
E:F13A3815,202610
E:F13A3875,202610
E:F13A4091,202610
E:F13A4100,202610
E:F13A4190,202610
E:F13A4437,202610
E:F13A4536,202610
E:F13A4566,202610
E:F13A4695,202610
E:F13A4704,202610
E:F13A4724,202610
E:F13A4734,202610
E:F13A4833,202610
E:F13A4902,202610
E:F13A5435,202610
E:F13A5623,202610
E:F13A5861,202610
E:F13A5871,202610
E:F13A5910,202610
E:F13A6532,202610
E:F13A6780,202610
E:F13A6958,202610
E:F13A7223,202610
E:F13A7372,202610
E:F13A7609,202610
E:F13A7758,202610
E:F13A7817,202610
E:F13A8300,202610
E:F13A8726,202610
E:F13A8736,202610
E:F13A9110,202610
E:F13A9120,202610
E:F13A9358,202610
E:F13A9457,202610
E:F13A9487,202610
E:F13A9724,202610
E:F13A9764,202610
E:F13B0036,202610
E:F13B0303,202610
E:F13B0571,202610
E:F13B0690,202610
E:F13B0759,202610
E:F13B0947,202610
E:F13B0977,202610
E:F13B0997,202610
E:F13B1113,202610
E:F13B1123,202610
E:F13B1193,202610
E:F13B1202,202610
E:F13B1311,202610
E:F13B1371,202610
E:F13B1509,202610
E:F13B1668,202610
E:F13B1698,202610
E:F13B1925,202610
E:F13B1945,202610
E:F13B2111,202610
E:F13B2181,202610
E:F13B2418,202610
E:F13B2448,202610
E:F13B2478,202610
E:F13B2488,202610
E:F13B2507,202610
E:F13B2646,202610
E:F13B2666,202610
E:F13B2676,202610
E:F13B2804,202610
E:F13B2864,202610
E:F13B2953,202610
E:F13B3020,202610
E:F13B3129,202610
E:F13B3189,202610
E:F13B3268,202610
E:F13B3298,202610
E:F13B3327,202610
E:F13B3377,202610
E:F13B3575,202610
E:F13B3595,202610
E:F13B3604,202610
E:F13B3713,202610
E:F13B3733,202610
E:F13B3763,202610
E:F13B3802,202610
E:F13B3852,202610
E:F13B3862,202610
E:F13B3921,202610
E:F13B3941,202610
E:F13B4038,202610
E:F13B4058,202610
E:F13B4127,202610
E:F13B4137,202610
E:F13B4157,202610
E:F13B4197,202610
E:F13B4206,202610
E:F13B4246,202610
E:F13B4305,202610
E:F13B4355,202610
E:F13B4365,202610
E:F13B4375,202610
E:F13B4385,202610
E:F13B4414,202610
E:F13B4573,202610
E:F13B4632,202610
E:F13B4642,202610
E:F13B4662,202610
E:F13B4721,202610
E:F13B4810,202610
E:F13B4860,202610
E:F13B4870,202610
E:F13B4919,202610
E:F13B4959,202610
E:F13B4969,202610
E:F13B5006,202610
E:F13B5046,202610
E:F13B5066,202610
E:F13B5076,202610
E:F13B5086,202610
E:F13B5155,202610
E:F13B5165,202610
E:F13B5204,202610
E:F13B5224,202610
E:F13B5442,202610
E:F13B5462,202610
E:F13B5482,202610
E:F13B5492,202610
E:F13B5501,202610
E:F13B5541,202610
E:F13B5591,202610
E:F13B5620,202610
E:F13B5630,202610
E:F13B5670,202610
E:F13B5709,202610
E:F13B5729,202610
E:F13B5739,202610
E:F13B5749,202610
E:F13B5808,202610
E:F13B5828,202610
E:F13B5848,202610
E:F13B5868,202610
E:F13B5878,202610
E:F13B5937,202610
E:F13B5947,202610
E:F13B5967,202610
E:F13B6004,202610
E:F13B6024,202610
E:F13B6044,202610
E:F13B6094,202610
E:F13B6103,202610
E:F13B6133,202610
E:F13B6143,202610
E:F13B6183,202610
E:F13B6202,202610
E:F13B6212,202610
E:F13B6222,202610
E:F13B6262,202610
E:F13B6272,202610
E:F13B6282,202610
E:F13B6311,202610
E:F13B6331,202610
E:F13B6341,202610
E:F13B6430,202610
E:F13B6470,202610
E:F13B6480,202610
E:F13B6509,202610
E:F13B6539,202610
E:F13B6549,202610
E:F13B6569,202610
E:F13B6579,202610
E:F13B6618,202610
E:F13B6638,202610
E:F13B6648,202610
E:F13B6658,202610
E:F13B6698,202610
E:F13B6757,202610
E:F13B6767,202610
E:F13B6856,202610
E:F13B6876,202610
E:F13B6886,202610
E:F13B6896,202610
E:F13B6905,202610
E:F13B6915,202610
E:F13B6935,202610
E:F13B6955,202610
E:F13B6965,202610
E:F13B6975,202610
E:F13B6995,202610
E:F13B7042,202610
E:F13B7151,202610
E:F13B7161,202610
E:F13B7171,202610
E:F13B7181,202610
E:F13B7191,202610
E:F13B7220,202610
E:F13B7230,202610
E:F13B7260,202610
E:F13B7270,202610
E:F13B7280,202610
E:F13B7329,202610
E:F13B7359,202610
E:F13B7408,202610
E:F13B7428,202610
E:F13B7448,202610
E:F13B7458,202610
E:F13B7468,202610
E:F13B7478,202610
E:F13B7507,202610
E:F13B7517,202610
E:F13B7527,202610
E:F13B7547,202610
E:F13B7567,202610
E:F13B7587,202610
E:F13B7597,202610
E:F13B7606,202610
E:F13B7616,202610
E:F13B7646,202610
E:F13B7686,202610
E:F13B7745,202610
E:F13B7755,202610
E:F13B7765,202610
E:F13B7795,202610
E:F13B7844,202610
E:F13B7864,202610
E:F13B7913,202610
E:F13B7953,202610
E:F13B8020,202610
E:F13B8060,202610
E:F13B8090,202610
E:F13B8109,202610
E:F13B8119,202610
E:F13B8169,202610
E:F13B8179,202610
E:F13B8189,202610
E:F13B8199,202610
E:F13B8218,202610
E:F13B8248,202610
E:F13B8258,202610
E:F13B8268,202610
E:F13B8278,202610
E:F13B8288,202610
E:F13B8337,202610
E:F13B8347,202610
E:F13B8357,202610
E:F13B8377,202610
E:F13B8426,202610
E:F13B8446,202610
E:F13B8456,202610
E:F13B8476,202610
E:F13B8496,202610
E:F13B8525,202610
E:F13B8535,202610
E:F13B8545,202610
E:F13B8555,202610
E:F13B8565,202610
E:F13B8575,202610
E:F13B8614,202610
E:F13B8634,202610
E:F13B8644,202610
E:F1400062,202610
E:F1400124,202610
E:F1400133,202610
E:F1400188,202610
E:F1400197,202610
E:F1400204,202610
E:F1400295,202610
E:F1400302,202610
E:F1400320,202610
E:F1400446,202610
E:F1401087,202610
E:F1401532,202610
E:F1401649,202610
E:F1406797,202610
E:F14A0282,202610
E:F14A2456,202610
E:F14A3543,202610
E:F14A3553,202610
E:F14A3850,202610
E:F14A3959,202610
E:F14A5549,202610
E:F14A5767,202610
E:F14A5975,202610
E:F14A6012,202610
E:F14A6072,202610
E:F14A7080,202610
E:F14A7159,202610
E:F14A7208,202610
E:F14A7258,202610
E:F14A7595,202610
E:F14A7604,202610
E:F14A7802,202610
E:F14A7812,202610
E:F14A7832,202610
E:F14A7842,202610
E:F14A7892,202610
E:F14A7981,202610
E:F14A8038,202610
E:F14A8048,202610
E:F14A8058,202610
E:F14A8068,202610
E:F14A8098,202610
E:F14A8117,202610
E:F14A8256,202610
E:F14A8454,202610
E:F14A8563,202610
E:F14A8583,202610
E:F14A8593,202610
E:F14A8840,202610
E:F14A8880,202610
E:F14A8959,202610
E:F14A8969,202610
E:F14A9056,202610
E:F14A9066,202610
E:F14A9105,202610
E:F14A9135,202610
E:F14A9175,202610
E:F14A9195,202610
E:F14A9244,202610
E:F14A9264,202610
E:F14A9294,202610
E:F14A9313,202610
E:F14A9323,202610
E:F14A9343,202610
E:F14A9412,202610
E:F14A9581,202610
E:F14A9591,202610
E:F14A9630,202610
E:F14A9640,202610
E:F14A9660,202610
E:F14A9670,202610
E:F14A9690,202610
E:F14A9719,202610
E:F14A9769,202610
E:F14A9789,202610
E:F14A9799,202610
E:F14A9808,202610
E:F14A9828,202610
E:F14A9868,202610
E:F14A9898,202610
E:F14A9917,202610
E:F14A9927,202610
E:F14A9937,202610
E:F14A9947,202610
E:F14A9967,202610
E:F14A9997,202610
E:F1500049,202610
E:F1500192,202610
E:F1500478,202610
E:F1500503,202610
E:F1500549,202610
E:F1500601,202610
E:F1500656,202610
E:F1500736,202610
E:F1500870,202610
E:F1501046,202610
E:F1501555,202610
E:F1501573,202610
E:F1501680,202610
E:F1501948,202610
E:F1502696,202610
E:F1502981,202610
E:F1503004,202610
E:F1503568,202610
E:F1504314,202610
E:F1504501,202610
E:F1504672,202610
E:F1505384,202610
E:F1505688,202610
E:F1506087,202610
E:F1507299,202610
E:F1507379,202610
E:F1507422,202610
E:F1507431,202610
E:F1507468,202610
E:F1507539,202610
E:F1507664,202610
E:F1507833,202610
E:F1507888,202610
E:F1511122,202610
E:F1511355,202610
E:F1511364,202610
E:F1512174,202610
E:F1512218,202610
E:F1512290,202610
E:F1512432,202610
E:F1512834,202610
E:F1514570,202610
E:F1515371,202610
E:F1515406,202610
E:F1515415,202610
E:F1515424,202610
E:F1515479,202610
E:F1515666,202610
E:F1515684,202610
E:F1515826,202610
E:F1515988,202610
E:F1516074,202610
E:F1516118,202610
E:F1516252,202610
E:F1516341,202610
E:F1516378,202610
E:F1516396,202610
E:F1516458,202610
E:F1516565,202610
E:F1516592,202610
E:F1516743,202610
E:F1516761,202610
E:F1516878,202610
E:F1517062,202610
E:F1517080,202610
E:F15A0099,202610
E:F15A0188,202610
E:F15A0326,202610
E:F15A0435,202610
E:F15A0485,202610
E:F15A0495,202610
E:F15A0821,202610
E:F15A0930,202610
E:F15A0940,202610
E:F15A0950,202610
E:F15A0960,202610
E:F15A0980,202610
E:F15A1186,202610
E:F15A1601,202610
E:F15A1641,202610
E:F15A1720,202610
E:F15A2194,202610
E:F15A2233,202610
E:F15A2243,202610
E:F15A3112,202610
E:F15A3162,202610
E:F15A3192,202610
E:F15A3429,202610
E:F15A3518,202610
E:F15A3736,202610
E:F15A3805,202610
E:F15A3875,202610
E:F15A3895,202610
E:F15A4001,202610
E:F15A4051,202610
E:F15A4071,202610
E:F15A4893,202610
E:F15A5059,202610
E:F15A5366,202610
E:F15A5495,202610
E:F15A5603,202610
E:F15A5712,202610
E:F15A5742,202610
E:F15A5752,202610
E:F15A5782,202610
E:F15A6017,202610
E:F15A6106,202610
E:F15A6176,202610
E:F15A6215,202610
E:F15A6235,202610
E:F15A6572,202610
E:F15A6889,202610
E:F15A6918,202610
E:F15A6978,202610
E:F15A7421,202610
E:F15A7500,202610
E:F15A8132,202610
E:F15A8152,202610
E:F15A8192,202610
E:F15A8231,202610
E:F15A8281,202610
E:F15A8370,202610
E:F15A8380,202610
E:F15A8390,202610
E:F15A8419,202610
E:F15A8518,202610
E:F15A8538,202610
E:F15A8726,202610
E:F15A8756,202610
E:F15A8805,202610
E:F15A8815,202610
E:F15A8855,202610
E:F15A8865,202610
E:F15A8904,202610
E:F15A8914,202610
E:F15A9219,202610
E:F15A9299,202610
E:F15A9368,202610
E:F15A9417,202610
E:F15A9586,202610
E:F15A9665,202610
E:F15A9685,202610
E:F15A9695,202610
E:F15A9704,202610
E:F15A9724,202610
E:F15A9823,202610
E:F15A9833,202610
E:F15A9873,202610
E:F15A9952,202610
E:F15B0056,202610
E:F15B0096,202610
E:F15B0105,202610
E:F15B0214,202610
E:F15B0234,202610
E:F15B0353,202610
E:F15B0363,202610
E:F15B0373,202610
E:F15B0422,202610
E:F15B0452,202610
E:F15B0482,202610
E:F15B0650,202610
E:F15B0680,202610
E:F15B0709,202610
E:F15B0828,202610
E:F15B0848,202610
E:F15B1103,202610
E:F15B1212,202610
E:F15B1252,202610
E:F15B1262,202610
E:F15B1301,202610
E:F15B1410,202610
E:F15B1470,202610
E:F15B1490,202610
E:F15B1579,202610
E:F15B1599,202610
E:F15B1618,202610
E:F15B1638,202610
E:F15B1668,202610
E:F15B1678,202610
E:F15B1707,202610
E:F15B1727,202610
E:F15B1787,202610
E:F15B1816,202610
E:F15B1836,202610
E:F15B1856,202610
E:F15B1905,202610
E:F15B1925,202610
E:F15B1975,202610
E:F15B1995,202610
E:F15B2042,202610
E:F15B2072,202610
E:F15B2082,202610
E:F15B2121,202610
E:F15B2141,202610
E:F15B2151,202610
E:F15B2191,202610
E:F15B2210,202610
E:F15B2220,202610
E:F15B2230,202610
E:F15B2250,202610
E:F15B2319,202610
E:F15B2349,202610
E:F15B2359,202610
E:F15B2408,202610
E:F15B2448,202610
E:F15B2458,202610
E:F15B2488,202610
E:F15B2498,202610
E:F15B2517,202610
E:F15B2527,202610
E:F15B2557,202610
E:F15B2587,202610
E:F15B2626,202610
E:F15B2666,202610
E:F15B2705,202610
E:F15B2755,202610
E:F15B2765,202610
E:F15B2804,202610
E:F15B2814,202610
E:F15B2824,202610
E:F15B2864,202610
E:F15B2874,202610
E:F15B2884,202610
E:F15B2933,202610
E:F15B2953,202610
E:F15B2983,202610
E:F15B2993,202610
E:F15B3040,202610
E:F15B3080,202610
E:F15B3159,202610
E:F15B3189,202610
E:F15B3228,202610
E:F15B3248,202610
E:F15B3258,202610
E:F15B3268,202610
E:F15B3278,202610
E:F15B3337,202610
E:F15B3387,202610
E:F15B3397,202610
E:F15B3456,202610
E:F15B3466,202610
E:F15B3496,202610
E:F15B3505,202610
E:F15B3525,202610
E:F1600115,202610
E:F1600259,202610
E:F1600393,202610
E:F1600464,202610
E:F1600777,202610
E:F1601096,202610
E:F1601121,202610
E:F1601130,202610
E:F1601318,202610
E:F1601327,202610
E:F1601416,202610
E:F1601470,202610
E:F1601523,202610
E:F1601532,202610
E:F1601541,202610
E:F1604006,202610
E:F1606251,202610
E:F1606279,202610
E:F1606411,202610
E:F1606420,202610
E:F1606466,202610
E:F1606662,202610
E:F1606902,202610
E:F1607114,202610
E:F16A0143,202610
E:F16A0371,202610
E:F16A0777,202610
E:F16A1349,202610
E:F16A1359,202610
E:F16A1507,202610
E:F16A1577,202610
E:F16A1606,202610
E:F16A1676,202610
E:F16A1973,202610
E:F16A2703,202610
E:F16A3256,202610
E:F16A3771,202610
E:F16A4026,202610
E:F16A4284,202610
E:F16A4422,202610
E:F16A4432,202610
E:F16A4610,202610
E:F16A4769,202610
E:F16A4888,202610
E:F16A4987,202610
E:F16A5193,202610
E:F16A5202,202610
E:F16A5301,202610
E:F16A5351,202610
E:F16A5470,202610
E:F16A5519,202610
E:F16A5539,202610
E:F16A5569,202610
E:F16A5579,202610
E:F16A5678,202610
E:F16A5698,202610
E:F16A5717,202610
E:F16A5787,202610
E:F16A5797,202610
E:F16A5816,202610
E:F16A5826,202610
E:F16A5836,202610
E:F16A5846,202610
E:F16A5866,202610
E:F16A5876,202610
E:F16A5896,202610
E:F16A5905,202610
E:F16A5935,202610
E:F16A5965,202610
E:F16A5975,202610
E:F16A6002,202610
E:F16A6022,202610
E:F16A6082,202610
E:F16A6092,202610
E:F16A6131,202610
E:F16A6151,202610
E:F16A6161,202610
E:F16A6191,202610
E:F16A6240,202610
E:F16A6250,202610
E:F16A6260,202610
E:F16A6270,202610
E:F16A6280,202610
E:F16A6290,202610
E:F16A6379,202610
E:F16A6399,202610
E:F16A6408,202610
E:F16A6438,202610
E:F16A6488,202610
E:F16A6527,202610
E:F16A6567,202610
E:F16A6577,202610
E:F16A6656,202610
E:F16A6676,202610
E:F16A6696,202610
E:F16A6745,202610
E:F16A6755,202610
E:F16A6775,202610
E:F16A6785,202610
E:F16A6804,202610
E:F16A6814,202610
E:F16A6834,202610
E:F16A6844,202610
E:F16A6864,202610
E:F16A6884,202610
E:F16A6913,202610
E:F16A6943,202610
E:F16A6953,202610
E:F16A6973,202610
E:F16A6983,202610
E:F16A7010,202610
E:F16A7030,202610
E:F1700058,202610
E:F1700094,202610
E:F1700110,202610
E:F1700138,202610
E:F1700156,202610
E:F1700174,202610
E:F1700281,202610
E:F1700307,202610
E:F1700316,202610
E:F1700334,202610
E:F1700441,202610
E:F1700450,202610
E:F1700469,202610
E:F1700496,202610
E:F1700530,202610
E:F1700576,202610
E:F1700638,202610
E:F1700665,202610
E:F1700709,202610
E:F1700754,202610
E:F1700825,202610
E:F1701288,202610
E:F1701297,202610
E:F1701304,202610
E:F1701313,202610
E:F1701322,202610
E:F1701813,202610
E:F1702936,202610
E:F1706096,202610
E:F1706185,202610
E:F1706201,202610
E:F1706256,202610
E:F1706470,202610
E:F1706523,202610
E:F1706667,202610
E:F1707039,202610
E:F1707100,202610
E:F1707404,202610
E:F1707440,202610
E:F1707879,202610
E:F1708367,202610
E:F1708616,202610
E:F1708858,202610
E:F17A1136,202610
E:F17A1205,202610
E:F17A1304,202610
E:F17A1948,202610
E:F17A2560,202610
E:F17A2570,202610
E:F17A3627,202610
E:F17A4378,202610
E:F17A4388,202610
E:F17A5158,202610
E:F17A5217,202610
E:F17A5485,202610
E:F17A6047,202610
E:F17A8003,202610
E:F17A8221,202610
E:F17A8271,202610
E:F17A9526,202610
E:F17B0987,202610
E:F17B1272,202610
E:F17B1282,202610
E:F17B1945,202610
E:F17B2418,202610
E:F17B2428,202610
E:F17B4296,202610
E:F17B4573,202610
E:F17B5096,202610
E:F17B5323,202610
E:F17B5333,202610
E:F17B5353,202610
E:F17B5531,202610
E:F17B5630,202610
E:F17B5690,202610
E:F17B5789,202610
E:F17B5818,202610
E:F17B6084,202610
E:F17B6212,202610
E:F17B6282,202610
E:F17B6450,202610
E:F17B6490,202610
E:F17B6599,202610
E:F17B6638,202610
E:F17B6707,202610
E:F17B7022,202610
E:F17B7191,202610
E:F17B7220,202610
E:F17B7240,202610
E:F17B7557,202610
E:F17B7676,202610
E:F17B7696,202610
E:F17B7775,202610
E:F17B7814,202610
E:F17B7854,202610
E:F17B7923,202610
E:F17B7943,202610
E:F17B7953,202610
E:F17B8000,202610
E:F17B8040,202610
E:F17B8050,202610
E:F17B8070,202610
E:F17B8109,202610
E:F17B8169,202610
E:F17B8317,202610
E:F17B8456,202610
E:F17B8476,202610
E:F17B8555,202610
E:F17B8575,202610
E:F17B8595,202610
E:F17B8654,202610
E:F17B8664,202610
E:F17B8674,202610
E:F17B8703,202610
E:F17B8713,202610
E:F17B8763,202610
E:F17B8783,202610
E:F17B8822,202610
E:F17B8842,202610
E:F17B8892,202610
E:F17B8911,202610
E:F17B8931,202610
E:F17B9038,202610
E:F17B9078,202610
E:F17B9117,202610
E:F17B9147,202610
E:F17B9206,202610
E:F17B9266,202610
E:F17B9286,202610
E:F17B9305,202610
E:F17B9315,202610
E:F17B9325,202610
E:F17B9375,202610
E:F17B9414,202610
E:F17B9454,202610
E:F17B9474,202610
E:F17B9484,202610
E:F17B9503,202610
E:F17B9573,202610
E:F17B9593,202610
E:F17B9602,202610
E:F17B9612,202610
E:F17B9642,202610
E:F17B9682,202610
E:F17B9751,202610
E:F17B9781,202610
E:F17B9810,202610
E:F17B9850,202610
E:F17B9870,202610
E:F17B9939,202610
E:F17C0053,202610
E:F17C0063,202610
E:F17C0093,202610
E:F17C0112,202610
E:F17C0142,202610
E:F17C0182,202610
E:F17C0221,202610
E:F17C0261,202610
E:F17C0271,202610
E:F17C0291,202610
E:F17C0340,202610
E:F17C0360,202610
E:F17C0370,202610
E:F17C0419,202610
E:F17C0459,202610
E:F17C0479,202610
E:F17C0508,202610
E:F17C0548,202610
E:F17C0558,202610
E:F17C0578,202610
E:F17C0607,202610
E:F17C0627,202610
E:F17C0647,202610
E:F17C0657,202610
E:F17C0687,202610
E:F17C0706,202610
E:F17C0736,202610
E:F17C0766,202610
E:F17C0796,202610
E:F17C0825,202610
E:F17C0835,202610
E:F17C0904,202610
E:F17C0924,202610
E:F17C0944,202610
E:F17C0954,202610
E:F17C1001,202610
E:F17C1011,202610
E:F17C1021,202610
E:F17C1051,202610
E:F17C1081,202610
E:F17C1091,202610
E:F17C1140,202610
E:F17C1150,202610
E:F17C1160,202610
E:F17C1219,202610
E:F17C1229,202610
E:F17C1239,202610
E:F17C1249,202610
E:F17C1269,202610
E:F17C1289,202610
E:F17C1299,202610
E:F17C1318,202610
E:F17C1328,202610
E:F17C1348,202610
E:F17C1358,202610
E:F17C1368,202610
E:F17C1378,202610
E:F17C1398,202610
E:F17C1437,202610
E:F17C1447,202610
E:F17C1516,202610
E:F17C1536,202610
E:F17C1566,202610
E:F17C1615,202610
E:F17C1645,202610
E:F17C1665,202610
E:F17C1724,202610
E:F17C1734,202610
E:F17C1754,202610
E:F17C1803,202610
E:F17C1823,202610
E:F17C1833,202610
E:F17C1853,202610
E:F17C1982,202610
E:F17C1992,202610
E:F17C2009,202610
E:F17C2029,202610
E:F17C2059,202610
E:F17C2079,202610
E:F17C2089,202610
E:F17C2099,202610
E:F17C2108,202610
E:F17C2118,202610
E:F17C2138,202610
E:F17C2148,202610
E:F17C2178,202610
E:F17C2217,202610
E:F17C2227,202610
E:F17C2247,202610
E:F17C2267,202610
E:F17C2306,202610
E:F17C2316,202610
E:F17C2326,202610
E:F17C2366,202610
E:F17C2405,202610
E:F17C2415,202610
E:F17C2445,202610
E:F17C2455,202610
E:F17C2465,202610
E:F17C2475,202610
E:F17C2485,202610
E:F17C2495,202610
E:F17C2524,202610
E:F17C2554,202610
E:F17C2574,202610
E:F17C2603,202610
E:F17C2613,202610
E:F17C2623,202610
E:F17C2702,202610
E:F17C2712,202610
E:F17C2722,202610
E:F17C2792,202610
E:F17C2801,202610
E:F17C2811,202610
E:F17C2821,202610
E:F17C2831,202610
E:F17C2841,202610
E:F17C2851,202610
E:F17C2871,202610
E:F17C2900,202610
E:F17C2910,202610
E:F17C2920,202610
E:F17C2960,202610
E:F17C3007,202610
E:F17C3047,202610
E:F17C3067,202610
E:F17C3077,202610
E:F17C3087,202610
E:F17C3097,202610
E:F17C3116,202610
E:F17C3136,202610
E:F17C3146,202610
E:F17C3156,202610
E:F17C3176,202610
E:F17C3186,202610
E:F17C3196,202610
E:F17C3225,202610
E:F17C3235,202610
E:F17C3245,202610
E:F17C3255,202610
E:F17C3285,202610
E:F17C3295,202610
E:F17C3304,202610
E:F17C3314,202610
E:F17C3324,202610
E:F17C3334,202610
E:F17C3354,202610
E:F17C3374,202610
E:F17C3423,202610
E:F17C3433,202610
E:F17C3453,202610
E:F17C3473,202610
E:F17C3493,202610
E:F17C3502,202610
E:F17C3522,202610
E:F17C3532,202610
E:F17C3542,202610
E:F1800044,202610
E:F1800455,202610
E:F1803027,202610
E:F1805692,202610
E:F1805790,202610
E:F1805950,202610
E:F1806171,202610
E:F18A0034,202610
E:F18A0599,202610
E:F18A0658,202610
E:F18A0965,202610
E:F18A1042,202610
E:F18A1260,202610
E:F18A1389,202610
E:F18A1696,202610
E:F18A1725,202610
E:F18A1755,202610
E:F18A1775,202610
E:F18A1874,202610
E:F18A1884,202610
E:F18A1894,202610
E:F18A1913,202610
E:F18A1923,202610
E:F18A1933,202610
E:F18A1973,202610
E:F18A2000,202610
E:F18A2010,202610
E:F18A2020,202610
E:F18A2030,202610
E:F18A2040,202610
E:F1903040,202610
E:F1995244,202610
E:F1995557,202610
E:F1995575,202610
E:F1995646,202610
E:F1995664,202610
E:F2100034,202610
E:F2100052,202610
E:F2100070,202610
E:F2100098,202610
E:F2100132,202610
E:F2100605,202610
E:F2100641,202610
E:F2103286,202610
E:F2103339,202610
E:F21A0627,202610
E:F21A0796,202610
E:F21A1061,202610
E:F21A1615,202610
E:F21A1655,202610
E:F21A1744,202610
E:F21A1893,202610
E:F21A1932,202610
E:F21A1942,202610
E:F21A2099,202610
E:F21A2118,202610
E:F21A2128,202610
E:F21A2138,202610
E:F21A2217,202610
E:F21A2237,202610
E:F21A2297,202610
E:F21A2455,202610
E:F21A2465,202610
E:F21A2495,202610
E:F21A2514,202610
E:F21A2554,202610
E:F21A2584,202610
E:F21A2613,202610
E:F21A2653,202610
E:F21A2663,202610
E:F21A2673,202610
E:F21A2693,202610
E:F21A2732,202610
E:F21A2742,202610
E:F21A2762,202610
E:F2200020,202610
E:F2200100,202610
E:F2200128,202610
E:F2295029,202610
E:F2295118,202610
E:F2295225,202610
E:F2295903,202610
E:F2295985,202610
E:F2296062,202610
E:F2296160,202610
E:F2296197,202610
E:F2296213,202610
E:F2296259,202610
E:F2296277,202610
E:F2296286,202610
E:F2296311,202610
E:F2296455,202610
E:F2296464,202610
E:F2296473,202610
E:F2296491,202610
E:F2296517,202610
E:F2296526,202610
E:F2300043,202610
E:F2300061,202610
E:F2300221,202610
E:F2300463,202610
E:F2300490,202610
E:F2300954,202610
E:F2300972,202610
E:F2304032,202610
E:F2304201,202610
E:F2305048,202610
E:F2305093,202610
E:F2305208,202610
E:F2305306,202610
E:F2306518,202610
E:F2306554,202610
E:F2306652,202610
E:F2306670,202610
E:F2306698,202610
E:F23A0617,202610
E:F23A0766,202610
E:F23A0875,202610
E:F23A1051,202610
E:F23A1497,202610
E:F23A1704,202610
E:F23A1922,202610
E:F23A2188,202610
E:F23A2356,202610
E:F23A2851,202610
E:F23A2970,202610
E:F23A3087,202610
E:F23A3196,202610
E:F23A3493,202610
E:F23A3720,202610
E:F23A3770,202610
E:F23A3780,202610
E:F23A3908,202610
E:F23A4154,202610
E:F23A4223,202610
E:F23A4441,202610
E:F23A4481,202610
E:F23A4520,202610
E:F23A4530,202610
E:F23A4708,202610
E:F23A4887,202610
E:F23A4966,202610
E:F23A4976,202610
E:F23A5003,202610
E:F23A5182,202610
E:F23A5201,202610
E:F23A5469,202610
E:F23A5627,202610
E:F23A5726,202610
E:F23A5766,202610
E:F23A5796,202610
E:F23A5805,202610
E:F23A5835,202610
E:F23A5845,202610
E:F23A5944,202610
E:F23A6011,202610
E:F23A6021,202610
E:F23A6120,202610
E:F23A6229,202610
E:F23A6457,202610
E:F23A6497,202610
E:F23A6665,202610
E:F23A6675,202610
E:F23A6685,202610
E:F23A6695,202610
E:F23A6724,202610
E:F23A6734,202610
E:F23A6784,202610
E:F23A6794,202610
E:F23A6912,202610
E:F23A6922,202610
E:F23A7009,202610
E:F23A7039,202610
E:F23A7049,202610
E:F23A7089,202610
E:F23A7108,202610
E:F23A7158,202610
E:F23A7188,202610
E:F23A7198,202610
E:F23A7207,202610
E:F23A7247,202610
E:F23A7257,202610
E:F23A7267,202610
E:F23A7326,202610
E:F23A7336,202610
E:F23A7376,202610
E:F23A7386,202610
E:F23A7396,202610
E:F23A7405,202610
E:F23A7415,202610
E:F23A7435,202610
E:F23A7445,202610
E:F23A7514,202610
E:F23A7564,202610
E:F23A7594,202610
E:F23A7603,202610
E:F23A7613,202610
E:F23A7623,202610
E:F23A7633,202610
E:F23A7673,202610
E:F23A7683,202610
E:F23A7693,202610
E:F23A7722,202610
E:F23A7772,202610
E:F23A7801,202610
E:F23A7851,202610
E:F23A7861,202610
E:F23A7871,202610
E:F23A7881,202610
E:F23A7900,202610
E:F23A7910,202610
E:F23A7930,202610
E:F23A7960,202610
E:F23A7980,202610
E:F23A8027,202610
E:F23A8037,202610
E:F23A8047,202610
E:F23A8057,202610
E:F23A8067,202610
E:F23A8077,202610
E:F23A8116,202610
E:F23A8126,202610
E:F23A8136,202610
E:F23A8156,202610
E:F23A8186,202610
E:F23A8196,202610
E:F23A8205,202610
E:F23A8215,202610
E:F23A8245,202610
E:F23A8285,202610
E:F23A8295,202610
E:F23A8304,202610
E:F23A8314,202610
E:F23A8334,202610
E:F23A8344,202610
E:F23A8354,202610
E:F23A8364,202610
E:F23A8433,202610
E:F23A8443,202610
E:F23A8453,202610
E:F23A8463,202610
E:F23A8473,202610
E:F23A8512,202610
E:F23A8532,202610
E:F23A8542,202610
E:F23A8552,202610
E:F23A8572,202610
E:F23A8592,202610
E:F23A8621,202610
E:F23A8700,202610
E:F23A8720,202610
E:F23A8750,202610
E:F23A8760,202610
E:F23A8780,202610
E:F23A8790,202610
E:F23A8809,202610
E:F23A8819,202610
E:F23A8918,202610
E:F23A8938,202610
E:F23A8948,202610
E:F23A8958,202610
E:F23A8978,202610
E:F2403487,202610
E:F2403549,202610
E:F2403558,202610
E:F2503197,202610
E:F2503473,202610
E:F2503517,202610
E:F2503526,202610
E:F2503562,202610
E:F2503580,202610
E:F2503599,202610
E:F2503633,202610
E:F2600155,202610
E:F2600191,202610
E:F2600235,202610
E:F26A0088,202610
E:F26A0444,202610
E:F26A0682,202610
E:F26A0791,202610
E:F26A0800,202610
E:F26A0810,202610
E:F26A0820,202610
E:F26A0890,202610
E:F2700016,202610
E:F2700249,202610
E:F2700276,202610
E:F2700329,202610
E:F2703071,202610
E:F2703428,202610
E:F2704149,202610
E:F2704907,202610
E:F2705048,202610
E:F2705066,202610
E:F2705084,202610
E:F2705342,202610
E:F2705468,202610
E:F2705511,202610
E:F2705520,202610
E:F2705548,202610
E:F2705566,202610
E:F2705619,202610
E:F2705646,202610
E:F2705753,202610
E:F2705771,202610
E:F2705833,202610
E:F2705879,202610
E:F2705913,202610
E:F2705986,202610
E:F2706009,202610
E:F2706018,202610
E:F2706027,202610
E:F2706054,202610
E:F2706063,202610
E:F2706072,202610
E:F2706090,202610
E:F2800173,202610
E:F2803085,202610
E:F2803423,202610
E:F2895029,202610
E:F2895038,202610
E:F2895458,202610
E:F2895636,202610
E:F2895770,202610
E:F2896008,202610
E:F2896197,202610
E:F2896240,202610
E:F2896295,202610
E:F2896339,202610
E:F2896357,202610
E:F2896437,202610
E:F2896446,202610
E:F2896455,202610
E:F2896464,202610
E:F2896562,202610
E:F2896615,202610
E:F2896624,202610
E:F2896633,202610
E:F2896642,202610
E:F2903017,202610
E:F2903035,202610
E:F2903062,202610
E:F2903071,202610
E:F2903124,202610
E:F2903400,202610
E:F2903508,202610
E:F2903535,202610
E:F2903544,202610
E:F2903553,202610
E:F2903580,202610
E:F2903624,202610
E:F2903688,202610
E:F2903697,202610
E:G3000929,202610
E:G3004810,202610
E:G30A4790,202610
E:G30A5055,202610
E:G30A8475,202610
E:G30A9552,202610
E:G30A9631,202610
E:G30B0438,202610
E:G30B2197,202610
E:G30B2404,202610
E:G30B2414,202610
E:G30B2464,202610
E:G30B2513,202610
E:G30B2593,202610
E:G30B2652,202610
E:G30B2721,202610
E:G30B2929,202610
E:G30B3016,202610
E:G30B3046,202610
E:G30B3155,202610
E:G30B3175,202610
E:G30B3313,202610
E:G30B3353,202610
E:G30B3373,202610
E:G30B3482,202610
E:G30B3521,202610
E:G30B3551,202610
E:G30B3571,202610
E:G30B3620,202610
E:G30B3670,202610
E:G30B3680,202610
E:G30B3719,202610
E:G30B3917,202610
E:G30B3927,202610
E:G30B3977,202610
E:G30B4084,202610
E:G3101387,202610
E:G31A4092,202610
E:G31A4478,202610
E:G31A4804,202610
E:G31A5080,202610
E:G31A5129,202610
E:G31A5515,202610
E:G31A5565,202610
E:G31A5575,202610
E:G31A5604,202610
E:G31A5783,202610
E:G31A5951,202610
E:G3200527,202610
E:G3200741,202610
E:G3200778,202610
E:G3200849,202610
E:G3202147,202610
E:G3202227,202610
E:G3205273,202610
E:G3205595,202610
E:G32A0184,202610
E:G32A0471,202610
E:G32A0609,202610
E:G32A0817,202610
E:G32A1914,202610
E:G32A2091,202610
E:G32A3356,202610
E:G32A4354,202610
E:G32A4364,202610
E:G32A5035,202610
E:G32A5441,202610
E:G32A5500,202610
E:G32A6102,202610
E:G32A6281,202610
E:G32A6439,202610
E:G32A6756,202610
E:G32A6786,202610
E:G32A7091,202610
E:G32A7130,202610
E:G32A7368,202610
E:G32A7506,202610
E:G32A7516,202610
E:G32A7744,202610
E:G32A7843,202610
E:G32A7893,202610
E:G32A8009,202610
E:G32A8049,202610
E:G32A8059,202610
E:G32A8099,202610
E:G32A8178,202610
E:G32A8257,202610
E:G32A8346,202610
E:G32A8415,202610
E:G32A8425,202610
E:G32A8485,202610
E:G32A8524,202610
E:G32A8554,202610
E:G3300326,202610
E:G3300504,202610
E:G33A0694,202610
E:G33A0703,202610
E:G33A1692,202610
E:G33A1751,202610
E:G33A2026,202610
E:G33A2056,202610
E:G33A2551,202610
E:G33A2620,202610
E:G33A2858,202610
E:G33A2878,202610
E:G33A3311,202610
E:G33A3599,202610
E:G33A3608,202610
E:G33A3618,202610
E:G33A3658,202610
E:G33A3698,202610
E:G33A3717,202610
E:G33A3727,202610
E:G3401131,202610
E:G3404374,202610
E:G34A0144,202610
E:G34A0986,202610
E:G34A2596,202610
E:G34A2714,202610
E:G34A2902,202610
E:G34A3257,202610
E:G34A3376,202610
E:G34A3831,202610
E:G34A4205,202610
E:G34A5085,202610
E:G34A5114,202610
E:G34A5134,202610
E:G34A5728,202610
E:G34A5837,202610
E:G34A6221,202610
E:G34A6310,202610
E:G34A6360,202610
E:G34A6499,202610
E:G34A6508,202610
E:G34A6538,202610
E:G34A6558,202610
E:G34A6568,202610
E:G34A6627,202610
E:G3506766,202610
E:G3506775,202610
E:G3506837,202610
E:G3506882,202610
E:G3507307,202610
E:G3507325,202610
E:G3507343,202610
E:G3600063,202610
E:G3600563,202610
E:G3603064,202610
E:G3608041,202610
E:G3608069,202610
E:G3608514,202610
E:G3608729,202610
E:G3608943,202610
E:G3608952,202610
E:G3609084,202610
E:G3609119,202610
E:G3609137,202610
E:G3700979,202610
E:G3702599,202610
E:G3702722,202610
E:G3706604,202610
E:G3706819,202610
E:G37A0585,202610
E:G37A0901,202610
E:G37A1127,202610
E:G37A3618,202610
E:G37A5793,202610
E:G37A6949,202610
E:G37A7719,202610
E:G37A8123,202610
E:G37A8509,202610
E:G37A8955,202610
E:G37A9408,202610
E:G37A9666,202610
E:G37B0087,202610
E:G37B0176,202610
E:G37B0285,202610
E:G37B0403,202610
E:G37B0413,202610
E:G37B0443,202610
E:G37B0483,202610
E:G37B0631,202610
E:G37B0691,202610
E:G37B0710,202610
E:G3801239,202610
E:G3804687,202610
E:G38A0540,202610
E:G38A0609,202610
E:G38A1538,202610
E:G38A1627,202610
E:G38A3514,202610
E:G38A6053,202610
E:G38A6063,202610
E:G38A6805,202610
E:G38A6885,202610
E:G38A7061,202610
E:G38A7318,202610
E:G38A7328,202610
E:G38A7467,202610
E:G38A8019,202610
E:G38A8287,202610
E:G38A8336,202610
E:G38A8485,202610
E:G38A8554,202610
E:G38A8564,202610
E:G38A8970,202610
E:G38A9067,202610
E:G38A9205,202610
E:G38A9770,202610
E:G38B0715,202610
E:G38B0814,202610
E:G38B0824,202610
E:G38B0903,202610
E:G38B0923,202610
E:G38B1080,202610
E:G38B1119,202610
E:G38B1129,202610
E:G38B1149,202610
E:G38B1189,202610
E:G38B1228,202610
E:G38B1367,202610
E:G38B1832,202610
E:G38B1911,202610
E:G38B2038,202610
E:G38B2048,202610
E:G38B2058,202610
E:G38B2068,202610
E:G38B2157,202610
E:G38B2197,202610
E:G38B2315,202610
E:G38B2385,202610
E:G38B2395,202610
E:G38B2424,202610
E:G38B2434,202610
E:G38B2444,202610
E:G38B2503,202610
E:G38B2533,202610
E:G38B2652,202610
E:G38B2701,202610
E:G3900077,202610
E:G3900086,202610
E:G3903461,202610
E:G3903961,202610
E:G3905723,202610
E:G3905732,202610
E:G3905876,202610
E:G3905885,202610
E:G3905894,202610
E:G3906828,202610
E:G3907307,202610
E:G3907316,202610
E:G3907450,202610
E:G3907469,202610
E:G3907727,202610
E:G4100035,202610
E:G4100080,202610
E:G4103214,202610
E:H4202215,202610
E:H4202715,202610
E:H4202724,202610
E:H4202813,202610
E:H4202911,202610
E:H4203409,202610
E:H4203481,202610
E:H4210744,202610
E:H4211036,202610
E:H4211545,202610
E:H4215892,202610
E:H4215909,202610
E:H4216415,202610
E:H42A5547,202610
E:H42A7781,202610
E:H42A8096,202610
E:H42A8135,202610
E:H42A8244,202610
E:H42A9618,202610
E:H42B0574,202610
E:H42B0584,202610
E:H42B0891,202610
E:H42B0980,202610
E:H42B1007,202610
E:H42B1057,202610
E:H42B1314,202610
E:H42B1968,202610
E:H42B2085,202610
E:H42B2372,202610
E:H42B2510,202610
E:H42B2540,202610
E:H42B4100,202610
E:H42B4398,202610
E:H42B4813,202610
E:H42B5128,202610
E:H42B5138,202610
E:H42B5356,202610
E:H42B5415,202610
E:H42B5435,202610
E:H42B5455,202610
E:H42B5475,202610
E:H42B5594,202610
E:H42B5683,202610
E:H42B5881,202610
E:H42B6126,202610
E:H42B6304,202610
E:H42B6364,202610
E:H42B6374,202610
E:H42B6463,202610
E:H42B6750,202610
E:H42B7015,202610
E:H42B7025,202610
E:H42B7174,202610
E:H42B7194,202610
E:H42B7362,202610
E:H42B7372,202610
E:H42B7401,202610
E:H42B7411,202610
E:H42B7431,202610
E:H42B7481,202610
E:H42B7500,202610
E:H42B7580,202610
E:H42B7748,202610
E:H42B7788,202610
E:H42B7798,202610
E:H42B7817,202610
E:H42B7827,202610
E:H42B7887,202610
E:H42B7897,202610
E:H42B8182,202610
E:H42B8192,202610
E:H42B8261,202610
E:H42B8271,202610
E:H42B8419,202610
E:H42B8489,202610
E:H42B8598,202610
E:H42B8706,202610
E:H42B8736,202610
E:H42B8796,202610
E:H42B8815,202610
E:H42B8984,202610
E:H42B9615,202610
E:H42B9843,202610
E:H42B9853,202610
E:H42B9952,202610
E:H42B9972,202610
E:H42B9992,202610
E:H42C0204,202610
E:H42C0224,202610
E:H42C0274,202610
E:H42C0284,202610
E:H42C0412,202610
E:H42C0511,202610
E:H42C0531,202610
E:H42C0571,202610
E:H42C0630,202610
E:H42C0690,202610
E:H42C0799,202610
E:H42C0987,202610
E:H42C1113,202610
E:H42C1282,202610
E:H42C1430,202610
E:H42C1490,202610
E:H42C1529,202610
E:H42C1549,202610
E:H42C1886,202610
E:H42C2161,202610
E:H42C2171,202610
E:H42C2230,202610
E:H42C2270,202610
E:H42C2399,202610
E:H42C2656,202610
E:H42C2725,202610
E:H42C2864,202610
E:H42C2884,202610
E:H42C2993,202610
E:H42C3169,202610
E:H42C3278,202610
E:H42C3426,202610
E:H42C3446,202610
E:H42C3743,202610
E:H42C3822,202610
E:H42C3901,202610
E:H42C3931,202610
E:H42C4078,202610
E:H42C4246,202610
E:H42C4404,202610
E:H42C4414,202610
E:H42C4731,202610
E:H42C4909,202610
E:H42C5581,202610
E:H42C5640,202610
E:H42C5660,202610
E:H42C5769,202610
E:H42C5818,202610
E:H42C5888,202610
E:H42C5917,202610
E:H42C5957,202610
E:H42C6054,202610
E:H42C6490,202610
E:H42C6579,202610
E:H42C6608,202610
E:H42C6678,202610
E:H42C6767,202610
E:H42C7171,202610
E:H42C7468,202610
E:H42C7478,202610
E:H42C7597,202610
E:H42C7735,202610
E:H42C8090,202610
E:H42C8357,202610
E:H42C8397,202610
E:H42C8426,202610
E:H42C8614,202610
E:H42C8862,202610
E:H42C9008,202610
E:H42C9335,202610
E:H42C9395,202610
E:H42C9662,202610
E:H42C9939,202610
E:H42D0251,202610
E:H42D0350,202610
E:H42D0667,202610
E:H42D0746,202610
E:H42D0815,202610
E:H42D0964,202610
E:H42D1071,202610
E:H42D1091,202610
E:H42D1239,202610
E:H42D1754,202610
E:H42D1893,202610
E:H42D1962,202610
E:H42D2148,202610
E:H42D2287,202610
E:H42D2356,202610
E:H42D2485,202610
E:H42D2930,202610
E:H42D2940,202610
E:H42D2980,202610
E:H42D3106,202610
E:H42D3225,202610
E:H42D3295,202610
E:H42D3493,202610
E:H42D3542,202610
E:H42D3879,202610
E:H42D4005,202610
E:H42D4075,202610
E:H42D4580,202610
E:H42D4629,202610
E:H42D4817,202610
E:H42D5409,202610
E:H42D5419,202610
E:H42D5508,202610
E:H42D5548,202610
E:H42D5756,202610
E:H42D5776,202610
E:H42D5974,202610
E:H42D6031,202610
E:H42D6061,202610
E:H42D6229,202610
E:H42D6378,202610
E:H42D6457,202610
E:H42D6497,202610
E:H42D6823,202610
E:H42D6932,202610
E:H42D7009,202610
E:H42D7029,202610
E:H42D7059,202610
E:H42D7099,202610
E:H42D7158,202610
E:H42D7237,202610
E:H42D7485,202610
E:H42D7534,202610
E:H42D7702,202610
E:H42D7891,202610
E:H42D8255,202610
E:H42D8285,202610
E:H42D8344,202610
E:H42D8354,202610
E:H42D8433,202610
E:H42D8453,202610
E:H42D8463,202610
E:H42D8502,202610
E:H42D8542,202610
E:H42D8552,202610
E:H42D8611,202610
E:H42D8641,202610
E:H42D8661,202610
E:H42D8681,202610
E:H42D8710,202610
E:H42D8770,202610
E:H42D8829,202610
E:H42D8928,202610
E:H42D8958,202610
E:H42D9075,202610
E:H42D9085,202610
E:H42D9095,202610
E:H42D9124,202610
E:H42D9154,202610
E:H42D9184,202610
E:H42D9233,202610
E:H42D9243,202610
E:H42D9253,202610
E:H42D9421,202610
E:H42D9441,202610
E:H42D9481,202610
E:H42D9520,202610
E:H42D9540,202610
E:H42D9550,202610
E:H42D9619,202610
E:H42D9639,202610
E:H42D9649,202610
E:H42D9857,202610
E:H42D9877,202610
E:H42D9926,202610
E:H42D9936,202610
E:H42D9946,202610
E:H42D9966,202610
E:H42E0119,202610
E:H42E0169,202610
E:H42E0199,202610
E:H42E0228,202610
E:H42E0307,202610
E:H42E0337,202610
E:H42E0555,202610
E:H42E0565,202610
E:H42E0634,202610
E:H42E0664,202610
E:H42E0703,202610
E:H42E0743,202610
E:H42E0753,202610
E:H42E0763,202610
E:H42E0941,202610
E:H42E0991,202610
E:H42E1018,202610
E:H42E1038,202610
E:H42E1048,202610
E:H42E1058,202610
E:H42E1088,202610
E:H42E1098,202610
E:H42E1127,202610
E:H42E1177,202610
E:H42E1276,202610
E:H42E1286,202610
E:H42E1305,202610
E:H42E1602,202610
E:H42E1612,202610
E:H42E1701,202610
E:H42E1800,202610
E:H42E1939,202610
E:H42E1959,202610
E:H42E1989,202610
E:H42E2006,202610
E:H42E2026,202610
E:H42E2105,202610
E:H42E2145,202610
E:H42E2175,202610
E:H42E2224,202610
E:H42E2234,202610
E:H42E2244,202610
E:H42E2323,202610
E:H42E2343,202610
E:H42E2353,202610
E:H42E2393,202610
E:H42E2402,202610
E:H42E2432,202610
E:H4300869,202610
E:H4300949,202610
E:H4301071,202610
E:H4301151,202610
E:H4301188,202610
E:H4301268,202610
E:H4301348,202610
E:H4302345,202610
E:H4302505,202610
E:H4302523,202610
E:H4302587,202610
E:H4302701,202610
E:H4302925,202610
E:H4303137,202610
E:H4303191,202610
E:H4303208,202610
E:H4303226,202610
E:H4304367,202610
E:H4304689,202610
E:H4305051,202610
E:H4305113,202610
E:H4305186,202610
E:H4305293,202610
E:H4306665,202610
E:H4306843,202610
E:H4309255,202610
E:H4311102,202610
E:H4312341,202610
E:H4312832,202610
E:H4313384,202610
E:H4313839,202610
E:H4314069,202610
E:H4314569,202610
E:H4314747,202610
E:H4314836,202610
E:H43A5037,202610
E:H43A5968,202610
E:H43A9445,202610
E:H43A9732,202610
E:H43B3870,202610
E:H43B4432,202610
E:H43B4729,202610
E:H43B6260,202610
E:H43B8692,202610
E:H43B8909,202610
E:H43B9343,202610
E:H43B9432,202610
E:H43C0229,202610
E:H43C0645,202610
E:H43C0665,202610
E:H43C1376,202610
E:H43C1425,202610
E:H43C1435,202610
E:H43C2047,202610
E:H43C2146,202610
E:H43C2304,202610
E:H43C2502,202610
E:H43C2542,202610
E:H43C2829,202610
E:H43C2938,202610
E:H43C4073,202610
E:H43C4716,202610
E:H43C4726,202610
E:H43C5754,202610
E:H43C5833,202610
E:H43C5912,202610
E:H43C6009,202610
E:H43C6891,202610
E:H43C6960,202610
E:H43C7027,202610
E:H43C7106,202610
E:H43C7156,202610
E:H43C7166,202610
E:H43C7324,202610
E:H43C7334,202610
E:H43C7453,202610
E:H43C7483,202610
E:H43C7651,202610
E:H43C7681,202610
E:H43C7700,202610
E:H43C7770,202610
E:H43C7809,202610
E:H43C8065,202610
E:H43C8104,202610
E:H43C8194,202610
E:H43C8332,202610
E:H43C8748,202610
E:H43C9073,202610
E:H43C9192,202610
E:H43C9300,202610
E:H43C9667,202610
E:H43C9687,202610
E:H43C9865,202610
E:H43C9875,202610
E:H43D0216,202610
E:H43D0810,202610
E:H43D0850,202610
E:H43D0880,202610
E:H43D1323,202610
E:H43D1333,202610
E:H43D1759,202610
E:H43D2321,202610
E:H43D2331,202610
E:H43D2410,202610
E:H43D2529,202610
E:H43D2618,202610
E:H43D2628,202610
E:H43D2767,202610
E:H43D2876,202610
E:H43D2995,202610
E:H43D3012,202610
E:H43D3022,202610
E:H43D3210,202610
E:H43D3220,202610
E:H43D3359,202610
E:H43D3864,202610
E:H43D3913,202610
E:H43D3933,202610
E:H43D4070,202610
E:H43D4496,202610
E:H43D4713,202610
E:H43D4812,202610
E:H43D5444,202610
E:H43D5523,202610
E:H43D5642,202610
E:H43D5880,202610
E:H43D6303,202610
E:H43D6620,202610
E:H43D6640,202610
E:H43D6868,202610
E:H43D6957,202610
E:H43D6987,202610
E:H43D7044,202610
E:H43D7252,202610
E:H43D7262,202610
E:H43D7331,202610
E:H43D7341,202610
E:H43D7371,202610
E:H43D7569,202610
E:H43D7727,202610
E:H43D8052,202610
E:H43D8577,202610
E:H43D8587,202610
E:H43D8646,202610
E:H43D8864,202610
E:H43D8903,202610
E:H43D9060,202610
E:H43D9080,202610
E:H43D9129,202610
E:H43D9199,202610
E:H43D9387,202610
E:H43D9426,202610
E:H43D9694,202610
E:H43E0510,202610
E:H43E0669,202610
E:H43E0708,202610
E:H43E0718,202610
E:H43E1132,202610
E:H43E1320,202610
E:H43E1508,202610
E:H43E2249,202610
E:H43E2566,202610
E:H43E3188,202610
E:H43E3376,202610
E:H43E3752,202610
E:H43E3792,202610
E:H43E3920,202610
E:H43E4304,202610
E:H43E4493,202610
E:H43E4641,202610
E:H43E4681,202610
E:H43E4869,202610
E:H43E4908,202610
E:H43E4958,202610
E:H43E4978,202610
E:H43E5055,202610
E:H43E5392,202610
E:H43E5520,202610
E:H43E5738,202610
E:H43E5748,202610
E:H43E5788,202610
E:H43E5857,202610
E:H43E5887,202610
E:H43E5936,202610
E:H43E6192,202610
E:H43E6211,202610
E:H43E6469,202610
E:H43E6479,202610
E:H43E6508,202610
E:H43E6677,202610
E:H43E6697,202610
E:H43E7150,202610
E:H43E7348,202610
E:H43E7506,202610
E:H43E7516,202610
E:H43E7546,202610
E:H43E7566,202610
E:H43E8158,202610
E:H43E8326,202610
E:H43E8346,202610
E:H43E8396,202610
E:H43E8821,202610
E:H43E8990,202610
E:H43E9077,202610
E:H43E9295,202610
E:H43E9413,202610
E:H43E9542,202610
E:H43E9572,202610
E:H43E9611,202610
E:H43E9641,202610
E:H43E9661,202610
E:H43E9671,202610
E:H43E9750,202610
E:H43E9809,202610
E:H43F0210,202610
E:H43F0280,202610
E:H43F0438,202610
E:H43F0517,202610
E:H43F0537,202610
E:H43F0567,202610
E:H43F0676,202610
E:H43F0953,202610
E:H43F1010,202610
E:H43F1040,202610
E:H43F1050,202610
E:H43F1070,202610
E:H43F1129,202610
E:H43F1189,202610
E:H43F1228,202610
E:H43F1307,202610
E:H43F1377,202610
E:H43F1387,202610
E:H43F1406,202610
E:H43F1426,202610
E:H43F1515,202610
E:H43F1654,202610
E:H43F1921,202610
E:H43F1951,202610
E:H43F2018,202610
E:H43F2117,202610
E:H43F2127,202610
E:H43F2236,202610
E:H43F2325,202610
E:H43F2355,202610
E:H43F2365,202610
E:H43F2444,202610
E:H43F2563,202610
E:H43F2573,202610
E:H43F2583,202610
E:H43F2602,202610
E:H43F2612,202610
E:H43F2632,202610
E:H43F2711,202610
E:H43F2761,202610
E:H43F2810,202610
E:H43F2880,202610
E:H43F2919,202610
E:H43F3076,202610
E:H43F3086,202610
E:H43F3155,202610
E:H43F3422,202610
E:H43F3561,202610
E:H43F3600,202610
E:H43F3709,202610
E:H43F3868,202610
E:H43F3987,202610
E:H43F3997,202610
E:H43F4004,202610
E:H43F4014,202610
E:H43F4212,202610
E:H43F4371,202610
E:H43F4400,202610
E:H43F4430,202610
E:H43F4579,202610
E:H43F4589,202610
E:H43F4668,202610
E:H43F4678,202610
E:H43F4777,202610
E:H43F4886,202610
E:H43F4925,202610
E:H43F5052,202610
E:H43F5062,202610
E:H43F5082,202610
E:H43F5121,202610
E:H43F5171,202610
E:H43F5181,202610
E:H43F5290,202610
E:H43F5349,202610
E:H43F5359,202610
E:H43F5369,202610
E:H43F5507,202610
E:H43F5547,202610
E:H43F5567,202610
E:H43F5587,202610
E:H43F5686,202610
E:H43F5696,202610
E:H43F5705,202610
E:H43F5824,202610
E:H43F5884,202610
E:H43F5923,202610
E:H43F5933,202610
E:H43F5983,202610
E:H43F6000,202610
E:H43F6020,202610
E:H43F6030,202610
E:H43F6090,202610
E:H43F6159,202610
E:H43F6307,202610
E:H43F6357,202610
E:H43F6367,202610
E:H43F6476,202610
E:H43F6585,202610
E:H43F6595,202610
E:H43F6644,202610
E:H43F6684,202610
E:H43F6703,202610
E:H43F6713,202610
E:H43F6723,202610
E:H43F6733,202610
E:H43F6793,202610
E:H43F6832,202610
E:H43F6852,202610
E:H43F7018,202610
E:H43F7058,202610
E:H43F7068,202610
E:H43F7147,202610
E:H43F7177,202610
E:H43F7187,202610
E:H43F7246,202610
E:H43F7434,202610
E:H43F7464,202610
E:H43F7553,202610
E:H43F7563,202610
E:H43F7583,202610
E:H43F7622,202610
E:H43F7642,202610
E:H43F7662,202610
E:H43F7682,202610
E:H43F7701,202610
E:H43F7711,202610
E:H43F7721,202610
E:H43F7820,202610
E:H43F7860,202610
E:H43F7959,202610
E:H43F7969,202610
E:H43F7979,202610
E:H43F8214,202610
E:H43F8224,202610
E:H43F8244,202610
E:H43F8303,202610
E:H43F8393,202610
E:H43F8412,202610
E:H43F8531,202610
E:H43F8561,202610
E:H43F8571,202610
E:H43F8581,202610
E:H43F8600,202610
E:H43F8640,202610
E:H43F8650,202610
E:H43F8719,202610
E:H43F8808,202610
E:H43F8947,202610
E:H43F8997,202610
E:H43F9004,202610
E:H43F9084,202610
E:H43F9133,202610
E:H43F9143,202610
E:H43F9193,202610
E:H43F9232,202610
E:H43F9242,202610
E:H43F9252,202610
E:H43F9272,202610
E:H43F9341,202610
E:H43F9381,202610
E:H43F9430,202610
E:H43F9519,202610
E:H43F9648,202610
E:H43F9717,202610
E:H43F9876,202610
E:H43F9955,202610
E:H43F9975,202610
E:H43G0069,202610
E:H43G0118,202610
E:H43G0138,202610
E:H43G0237,202610
E:H43G0356,202610
E:H43G0366,202610
E:H43G0435,202610
E:H43G0445,202610
E:H43G0465,202610
E:H43G0475,202610
E:H43G0524,202610
E:H43G0534,202610
E:H43G0554,202610
E:H43G0584,202610
E:H43G0633,202610
E:H43G0653,202610
E:H43G0683,202610
E:H43G0712,202610
E:H43G0732,202610
E:H43G0762,202610
E:H43G0792,202610
E:H43G0881,202610
E:H43G0910,202610
E:H43G0930,202610
E:H43G1017,202610
E:H43G1067,202610
E:H43G1126,202610
E:H43G1146,202610
E:H43G1324,202610
E:H43G1463,202610
E:H43G1483,202610
E:H43G1522,202610
E:H43G1631,202610
E:H43G1681,202610
E:H43G1691,202610
E:H43G1700,202610
E:H43G1710,202610
E:H43G1770,202610
E:H4400104,202610
E:H4400757,202610
E:H4400775,202610
E:H4400837,202610
E:H4402126,202610
E:H4406473,202610
E:H4406615,202610
E:H4406937,202610
E:H4495014,202610
E:H44A4945,202610
E:H44A5181,202610
E:H44A6169,202610
E:H44A6189,202610
E:H44A7048,202610
E:H44A7404,202610
E:H44A7810,202610
E:H44A8333,202610
E:H44A8600,202610
E:H44A8610,202610
E:H44A8838,202610
E:H44A9331,202610
E:H44A9361,202610
E:H44A9371,202610
E:H44A9381,202610
E:H44A9391,202610
E:H44A9400,202610
E:H44A9658,202610
E:H44A9876,202610
E:H44B0029,202610
E:H44B0227,202610
E:H44B0376,202610
E:H44B0534,202610
E:H44B0801,202610
E:H44B0891,202610
E:H44B1037,202610
E:H44B1097,202610
E:H44B1136,202610
E:H44B1582,202610
E:H44B1790,202610
E:H44B2065,202610
E:H44B2164,202610
E:H44B2174,202610
E:H44B2441,202610
E:H44B2609,202610
E:H44B2649,202610
E:H44B2659,202610
E:H44B2738,202610
E:H44B2827,202610
E:H44B3093,202610
E:H44B3479,202610
E:H44B3558,202610
E:H44B3637,202610
E:H44B3647,202610
E:H44B3855,202610
E:H44B3944,202610
E:H44B4041,202610
E:H44B4239,202610
E:H44B4338,202610
E:H44B4348,202610
E:H44B4378,202610
E:H44B4427,202610
E:H44B4437,202610
E:H44B4497,202610
E:H44B4714,202610
E:H44B4754,202610
E:H44B4764,202610
E:H44B4774,202610
E:H44B4794,202610
E:H44B4803,202610
E:H44B5128,202610
E:H44B5168,202610
E:H44B5188,202610
E:H44B5198,202610
E:H44B5207,202610
E:H44B5217,202610
E:H44B5257,202610
E:H4500458,202610
E:H4500636,202610
E:H4500672,202610
E:H4500725,202610
E:H4500743,202610
E:H4500761,202610
E:H4500814,202610
E:H4500896,202610
E:H4500921,202610
E:H4501008,202610
E:H4501035,202610
E:H4501053,202610
E:H4501197,202610
E:H4501400,202610
E:H4501544,202610
E:H4501571,202610
E:H4501688,202610
E:H4501759,202610
E:H4502078,202610
E:H4502121,202610
E:H4502167,202610
E:H4502292,202610
E:H4502890,202610
E:H4503002,202610
E:H4504545,202610
E:H4504723,202610
E:H4507591,202610
E:H4509933,202610
E:H45A0809,202610
E:H45A0819,202610
E:H45A0829,202610
E:H45A1887,202610
E:H45A2647,202610
E:H45A2697,202610
E:H45A2924,202610
E:H45A2974,202610
E:H45A3685,202610
E:H45A5047,202610
E:H45A5275,202610
E:H45A6342,202610
E:H45A7350,202610
E:H45A7439,202610
E:H45A8437,202610
E:H45A8566,202610
E:H45A8764,202610
E:H45A9039,202610
E:H45A9594,202610
E:H45B0688,202610
E:H45B0698,202610
E:H45B0777,202610
E:H45B0787,202610
E:H45B0876,202610
E:H45B1082,202610
E:H45B1567,202610
E:H45B1824,202610
E:H45B2258,202610
E:H45B2416,202610
E:H45B2634,202610
E:H45B2892,202610
E:H45B3038,202610
E:H45B3375,202610
E:H45B3424,202610
E:H45B3484,202610
E:H45B3672,202610
E:H45B3731,202610
E:H45B3751,202610
E:H45B3791,202610
E:H45B3800,202610
E:H45B3840,202610
E:H45B4145,202610
E:H45B4175,202610
E:H45B4294,202610
E:H45B4303,202610
E:H45B4363,202610
E:H45B4541,202610
E:H45B4600,202610
E:H45B4660,202610
E:H45B4818,202610
E:H45B4838,202610
E:H45B5400,202610
E:H45B5747,202610
E:H45B6428,202610
E:H45B6606,202610
E:H45B6646,202610
E:H45B6844,202610
E:H45B6864,202610
E:H45B7159,202610
E:H45B7208,202610
E:H45B7218,202610
E:H45B7575,202610
E:H45B7644,202610
E:H45B7703,202610
E:H45B7793,202610
E:H45B7872,202610
E:H45B8008,202610
E:H45B8018,202610
E:H45B9046,202610
E:H45B9323,202610
E:H45B9393,202610
E:H45B9541,202610
E:H45B9690,202610
E:H45B9848,202610
E:H45B9878,202610
E:H45B9967,202610
E:H45C0011,202610
E:H45C0130,202610
E:H45C0190,202610
E:H45C0407,202610
E:H45C0932,202610
E:H45C0942,202610
E:H45C0972,202610
E:H45C1217,202610
E:H45C1811,202610
E:H45C2364,202610
E:H45C2988,202610
E:H45C3233,202610
E:H45C3491,202610
E:H45C3817,202610
E:H45C3946,202610
E:H45C3986,202610
E:H45C4073,202610
E:H45C4568,202610
E:H45C4667,202610
E:H45C4815,202610
E:H45C5130,202610
E:H45C5229,202610
E:H45C5348,202610
E:H45C5398,202610
E:H45C5526,202610
E:H45C5576,202610
E:H45C6148,202610
E:H45C6188,202610
E:H45C6366,202610
E:H45C7037,202610
E:H45C7057,202610
E:H45C7067,202610
E:H45C7087,202610
E:H45C7106,202610
E:H45C7126,202610
E:H45C7176,202610
E:H45C7186,202610
E:H45C7245,202610
E:H45C7265,202610
E:H45C7364,202610
E:H45C7423,202610
E:H45C7780,202610
E:H45C7819,202610
E:H45C7869,202610
E:H45C8025,202610
E:H45C8104,202610
E:H45C8194,202610
E:H45C8352,202610
E:H45C8411,202610
E:H45C8510,202610
E:H45C8520,202610
E:H45C8540,202610
E:H45C8590,202610
E:H45C8689,202610
E:H45C8718,202610
E:H45C8728,202610
E:H45C8817,202610
E:H45C8867,202610
E:H45C8897,202610
E:H45C8926,202610
E:H45C8936,202610
E:H45C8966,202610
E:H45C8976,202610
E:H45C9043,202610
E:H45C9172,202610
E:H45C9300,202610
E:H45C9310,202610
E:H45C9469,202610
E:H45C9489,202610
E:H45C9558,202610
E:H45C9627,202610
E:H45C9726,202610
E:H45C9835,202610
E:H45D0127,202610
E:H45D0147,202610
E:H45D0157,202610
E:H45D0206,202610
E:H45D0226,202610
E:H45D0276,202610
E:H45D0365,202610
E:H45D0385,202610
E:H45D0414,202610
E:H45D0434,202610
E:H45D0444,202610
E:H45D0484,202610
E:H45D0751,202610
E:H45D0761,202610
E:H45D0810,202610
E:H45D0860,202610
E:H45D0890,202610
E:H45D0999,202610
E:H45D1056,202610
E:H45D1204,202610
E:H45D1373,202610
E:H45D1383,202610
E:H45D1442,202610
E:H45D1482,202610
E:H45D1789,202610
E:H45D1927,202610
E:H45D1947,202610
E:H45D1987,202610
E:H45D2024,202610
E:H45D2044,202610
E:H45D2054,202610
E:H45D2074,202610
E:H45D2252,202610
E:H45D2341,202610
E:H45D2351,202610
E:H45D2420,202610
E:H45D2430,202610
E:H45D2589,202610
E:H45D2648,202610
E:H45D2767,202610
E:H45D2955,202610
E:H45D3101,202610
E:H45D3131,202610
E:H45D3141,202610
E:H45D3181,202610
E:H45D3191,202610
E:H45D3319,202610
E:H45D3349,202610
E:H45D3547,202610
E:H45D3646,202610
E:H45D3705,202610
E:H45D3755,202610
E:H45D3933,202610
E:H45D4010,202610
E:H45D4129,202610
E:H4600113,202610
E:H4600202,202610
E:H4600551,202610
E:H4600739,202610
E:H4600748,202610
E:H4601012,202610
E:H4601076,202610
E:H4601174,202610
E:H4601218,202610
E:H4601227,202610
E:H4601325,202610
E:H4601405,202610
E:H4601423,202610
E:H4601601,202610
E:H4601898,202610
E:H4602153,202610
E:H4602171,202610
E:H4602199,202610
E:H4602886,202610
E:H4603178,202610
E:H4603347,202610
E:H4603972,202610
E:H4604488,202610
E:H4604764,202610
E:H4605074,202610
E:H4605716,202610
E:H4605994,202610
E:H4606197,202610
E:H4606839,202610
E:H4608137,202610
E:H4610020,202610
E:H4610940,202610
E:H4635205,202610
E:H4641258,202610
E:H4641669,202610
E:H4641678,202610
E:H46A1505,202610
E:H46A5854,202610
E:H46A6466,202610
E:H46A6832,202610
E:H46A6842,202610
E:H46A7256,202610
E:H46A8848,202610
E:H46A8858,202610
E:H46A9183,202610
E:H46A9549,202610
E:H46A9846,202610
E:H46B1463,202610
E:H46B2005,202610
E:H46B2451,202610
E:H46B2530,202610
E:H46B2560,202610
E:H46B2689,202610
E:H46B2748,202610
E:H46B2788,202610
E:H46B2807,202610
E:H46B3003,202610
E:H46B3201,202610
E:H46B3390,202610
E:H46B3528,202610
E:H46B5019,202610
E:H46B5198,202610
E:H46B5445,202610
E:H46B5653,202610
E:H46B6027,202610
E:H46B6126,202610
E:H46B6304,202610
E:H46B6324,202610
E:H46B6473,202610
E:H46B6592,202610
E:H46B6691,202610
E:H46B6780,202610
E:H46B7243,202610
E:H46B7431,202610
E:H46B7461,202610
E:H46B7718,202610
E:H46B8013,202610
E:H46B8083,202610
E:H46B8201,202610
E:H46B8687,202610
E:H46B8835,202610
E:H46B8865,202610
E:H46B9170,202610
E:H46B9279,202610
E:H46B9368,202610
E:H46B9388,202610
E:H46B9427,202610
E:H46B9833,202610
E:H46C0333,202610
E:H46C0581,202610
E:H46C0739,202610
E:H46C1252,202610
E:H46C1599,202610
E:H46C1747,202610
E:H46C2032,202610
E:H46C2814,202610
E:H46C4157,202610
E:H46C4177,202610
E:H46C4286,202610
E:H46C4444,202610
E:H46C4513,202610
E:H46C4771,202610
E:H46C4781,202610
E:H46C4890,202610
E:H46C4959,202610
E:H46C5006,202610
E:H46C5303,202610
E:H46C5620,202610
E:H46C5709,202610
E:H46C5739,202610
E:H46C5759,202610
E:H46C5789,202610
E:H46C5848,202610
E:H46C6163,202610
E:H46C6193,202610
E:H46C6262,202610
E:H46C6301,202610
E:H46C6400,202610
E:H46C6430,202610
E:H46C6450,202610
E:H46C6470,202610
E:H46C6707,202610
E:H46C6816,202610
E:H46C6846,202610
E:H46C6856,202610
E:H46C6905,202610
E:H46C6925,202610
E:H46C6995,202610
E:H46C7012,202610
E:H46C7220,202610
E:H46C7250,202610
E:H46C7369,202610
E:H46C7399,202610
E:H46C7527,202610
E:H46C7587,202610
E:H46C7636,202610
E:H46C7725,202610
E:H46C7765,202610
E:H46C7795,202610
E:H46C7824,202610
E:H46C7913,202610
E:H46C7983,202610
E:H46C8139,202610
E:H46C8169,202610
E:H46C8199,202610
E:H46C8258,202610
E:H46C8357,202610
E:H46C8426,202610
E:H46C8743,202610
E:H46C8763,202610
E:H46C8783,202610
E:H46C8852,202610
E:H46C8882,202610
E:H46C8892,202610
E:H46C9048,202610
E:H46C9058,202610
E:H46C9167,202610
E:H46C9216,202610
E:H46C9375,202610
E:H46C9583,202610
E:H46C9622,202610
E:H46C9642,202610
E:H46C9701,202610
E:H46C9711,202610
E:H46C9721,202610
E:H46C9830,202610
E:H46C9929,202610
E:H46C9939,202610
E:H46C9959,202610
E:H46C9989,202610
E:H46D0152,202610
E:H46D0221,202610
E:H46D0330,202610
E:H46D0370,202610
E:H46D0588,202610
E:H46D0637,202610
E:H46D0726,202610
E:H46D0756,202610
E:H46D0786,202610
E:H46D1001,202610
E:H46D1041,202610
E:H46D1051,202610
E:H46D1061,202610
E:H46D1190,202610
E:H46D1229,202610
E:H46D1239,202610
E:H46D1249,202610
E:H46D1328,202610
E:H46D1407,202610
E:H46D1586,202610
E:H46D1734,202610
E:H46D1764,202610
E:H46D1803,202610
E:H46D1982,202610
E:H46D1992,202610
E:H46D2049,202610
E:H46D2148,202610
E:H46D2306,202610
E:H46D2495,202610
E:H46D2524,202610
E:H46D2603,202610
E:H46D2643,202610
E:H46D2702,202610
E:H46D2722,202610
E:H46D2732,202610
E:H46D2920,202610
E:H46D3077,202610
E:H46D3087,202610
E:H46D3126,202610
E:H46D3146,202610
E:H46D3166,202610
E:H46D3196,202610
E:H46D3473,202610
E:H46D3611,202610
E:H46D3641,202610
E:H46D3760,202610
E:H46D3790,202610
E:H46D3978,202610
E:H4700387,202610
E:H4700494,202610
E:H4700636,202610
E:H4700645,202610
E:H4700985,202610
E:H4701026,202610
E:H4701035,202610
E:H4701044,202610
E:H4701062,202610
E:H4701188,202610
E:H4701240,202610
E:H4701268,202610
E:H4701277,202610
E:H4701286,202610
E:H4701400,202610
E:H4701419,202610
E:H4701455,202610
E:H4701464,202610
E:H4701697,202610
E:H4701704,202610
E:H4701802,202610
E:H4701839,202610
E:H4702096,202610
E:H4702854,202610
E:H4702872,202610
E:H4704107,202610
E:H4705051,202610
E:H4707144,202610
E:H4707733,202610
E:H4708338,202610
E:H4708418,202610
E:H4708436,202610
E:H47A0552,202610
E:H47A1996,202610
E:H47A2736,202610
E:H47A3358,202610
E:H47A4198,202610
E:H47A4811,202610
E:H47A5839,202610
E:H47A6164,202610
E:H47A6392,202610
E:H47A6887,202610
E:H47A7132,202610
E:H47A7281,202610
E:H47A7627,202610
E:H47A7855,202610
E:H47A7865,202610
E:H47A8150,202610
E:H47A8417,202610
E:H47A9039,202610
E:H47A9574,202610
E:H47A9881,202610
E:H47B0163,202610
E:H47B0608,202610
E:H47B0698,202610
E:H47B0945,202610
E:H47B0965,202610
E:H47B0995,202610
E:H47B1240,202610
E:H47B1973,202610
E:H47B2139,202610
E:H47B2159,202610
E:H47B2288,202610
E:H47B2456,202610
E:H47B2466,202610
E:H47B2555,202610
E:H47B3454,202610
E:H47B3503,202610
E:H47B3860,202610
E:H47B3979,202610
E:H47B4412,202610
E:H47B4680,202610
E:H47B5034,202610
E:H47B5123,202610
E:H47B5777,202610
E:H47B5846,202610
E:H47B6141,202610
E:H47B6309,202610
E:H47B6319,202610
E:H47B6438,202610
E:H47B6626,202610
E:H47B6656,202610
E:H47B7020,202610
E:H47B7040,202610
E:H47B7238,202610
E:H47B7822,202610
E:H47B7882,202610
E:H47B8355,202610
E:H47B8602,202610
E:H47B8791,202610
E:H47B8880,202610
E:H47B8909,202610
E:H47B9294,202610
E:H47B9531,202610
E:H47B9591,202610
E:H47B9719,202610
E:H47B9848,202610
E:H47C0011,202610
E:H47C0497,202610
E:H47C0625,202610
E:H47C0635,202610
E:H47C0724,202610
E:H47C0833,202610
E:H47C1009,202610
E:H47C1029,202610
E:H47C1089,202610
E:H47C1227,202610
E:H47C1356,202610
E:H47C1613,202610
E:H47C1673,202610
E:H47C1801,202610
E:H47C1851,202610
E:H47C2027,202610
E:H47C2097,202610
E:H47C2374,202610
E:H47C2473,202610
E:H47C2493,202610
E:H47C2661,202610
E:H47C2691,202610
E:H47C2730,202610
E:H47C2879,202610
E:H47C3005,202610
E:H47C3055,202610
E:H47C3104,202610
E:H47C3134,202610
E:H47C3312,202610
E:H47C3352,202610
E:H47C3481,202610
E:H47C3510,202610
E:H47C3718,202610
E:H47C3728,202610
E:H47C3768,202610
E:H47C3827,202610
E:H47C3986,202610
E:H47C4122,202610
E:H47C4132,202610
E:H47C4221,202610
E:H47C4310,202610
E:H47C4429,202610
E:H47C4489,202610
E:H47C4657,202610
E:H47C4687,202610
E:H47C4706,202610
E:H47C4746,202610
E:H47C4766,202610
E:H47C4786,202610
E:H47C4825,202610
E:H47C4835,202610
E:H47C4855,202610
E:H47C4875,202610
E:H47C4885,202610
E:H47C5120,202610
E:H47C5170,202610
E:H47C5289,202610
E:H47C5427,202610
E:H47C5487,202610
E:H47C5526,202610
E:H47C5556,202610
E:H47C5586,202610
E:H47C5596,202610
E:H47C5714,202610
E:H47C5724,202610
E:H47C5883,202610
E:H47C5912,202610
E:H47C6009,202610
E:H47C6019,202610
E:H47C6029,202610
E:H47C6039,202610
E:H47C6059,202610
E:H47C6138,202610
E:H47C6297,202610
E:H47C6465,202610
E:H47C6504,202610
E:H47C6524,202610
E:H47C6574,202610
E:H47C6772,202610
E:H47C6782,202610
E:H47C6821,202610
E:H47C6851,202610
E:H47C6920,202610
E:H47C6930,202610
E:H47C6960,202610
E:H47C7017,202610
E:H47C7047,202610
E:H47C7146,202610
E:H47C7295,202610
E:H47C7344,202610
E:H47C7354,202610
E:H47C7532,202610
E:H47C7562,202610
E:H47C7661,202610
E:H47C7681,202610
E:H47C7691,202610
E:H47C7859,202610
E:H47C8055,202610
E:H47C8065,202610
E:H47C8085,202610
E:H47C8302,202610
E:H47C8322,202610
E:H47C8332,202610
E:H47C8392,202610
E:H47C8401,202610
E:H47C8550,202610
E:H47C8590,202610
E:H47C8609,202610
E:H47C8629,202610
E:H47C8669,202610
E:H47C8798,202610
E:H47C8847,202610
E:H47C8966,202610
E:H47C9063,202610
E:H47C9231,202610
E:H47C9261,202610
E:H47C9300,202610
E:H47C9627,202610
E:H47C9687,202610
E:H47C9855,202610
E:H47D0107,202610
E:H47D0583,202610
E:H47D0800,202610
E:H47D0840,202610
E:H47D0969,202610
E:H47D1046,202610
E:H47D1125,202610
E:H47D1135,202610
E:H47D1165,202610
E:H47D1254,202610
E:H47D1541,202610
E:H47D1799,202610
E:H47D1808,202610
E:H47D1828,202610
E:H47D1848,202610
E:H47D1888,202610
E:H47D1898,202610
E:H47D1907,202610
E:H47D1917,202610
E:H47D1927,202610
E:H47D1937,202610
E:H47D1967,202610
E:H47D2084,202610
E:H47D2183,202610
E:H47D2272,202610
E:H47D2282,202610
E:H47D2361,202610
E:H47D2381,202610
E:H47D2391,202610
E:H47D2420,202610
E:H47D2430,202610
E:H47D2470,202610
E:H47D2490,202610
E:H47D2529,202610
E:H47D2599,202610
E:H47D2618,202610
E:H47D2628,202610
E:H47D2678,202610
E:H47D2777,202610
E:H47D2806,202610
E:H47D2925,202610
E:H47D3002,202610
E:H47D3072,202610
E:H47D3082,202610
E:H47D3101,202610
E:H47D3191,202610
E:H47D3220,202610
E:H47D3230,202610
E:H47D3458,202610
E:H47D3488,202610
E:H47D3537,202610
E:H47D3557,202610
E:H47D3577,202610
E:H47D3587,202610
E:H47D3656,202610
E:H47D3705,202610
E:H47D3765,202610
E:H47D3804,202610
E:H47D3814,202610
E:H47D3834,202610
E:H47D3854,202610
E:H47D3894,202610
E:H47D3993,202610
E:H47D4060,202610
E:H47D4179,202610
E:H47D4208,202610
E:H47D4248,202610
E:H47D4278,202610
E:H47D4288,202610
E:H47D4416,202610
E:H47D4446,202610
E:H47D4486,202610
E:H47D4703,202610
E:H47D4753,202610
E:H47D4882,202610
E:H47D5098,202610
E:H47D5137,202610
E:H47D5147,202610
E:H47D5187,202610
E:H4800266,202610
E:H4800453,202610
E:H4800613,202610
E:H4800695,202610
E:H4801414,202610
E:H4801423,202610
E:H4801432,202610
E:H4801709,202610
E:H4801923,202610
E:H4802206,202610
E:H4802313,202610
E:H4802626,202610
E:H4802680,202610
E:H4803909,202610
E:H4804933,202610
E:H4806615,202610
E:H4806713,202610
E:H4809607,202610
E:H4809929,202610
E:H4809992,202610
E:H4810360,202610
E:H4810735,202610
E:H4811910,202610
E:H4813692,202610
E:H4813718,202610
E:H4814788,202610
E:H4885107,202610
E:H4885189,202610
E:H4886622,202610
E:H4887316,202610
E:H4888206,202610
E:H4895229,202610
E:H48A0834,202610
E:H48A3898,202610
E:H48A6832,202610
E:H48A7187,202610
E:H48A7791,202610
E:H48A8165,202610
E:H48A8551,202610
E:H48A8670,202610
E:H48A9440,202610
E:H48A9658,202610
E:H48A9678,202610
E:H48A9698,202610
E:H48B0910,202610
E:H48B1215,202610
E:H48B1384,202610
E:H48B1493,202610
E:H48B1750,202610
E:H48B1968,202610
E:H48B1998,202610
E:H48B2124,202610
E:H48B2154,202610
E:H48B2164,202610
E:H48B2263,202610
E:H48B2273,202610
E:H48B2342,202610
E:H48B2411,202610
E:H48B2609,202610
E:H48B2817,202610
E:H48B2956,202610
E:H48B2976,202610
E:H48B3211,202610
E:H48B3231,202610
E:H48B3479,202610
E:H48B3528,202610
E:H48B3627,202610
E:H48B3924,202610
E:H48B3974,202610
E:H48B4051,202610
E:H48B4061,202610
E:H48B4091,202610
E:H48B4110,202610
E:H48B4170,202610
E:H48B4477,202610
E:H48B4516,202610
E:H48B4536,202610
E:H48B4566,202610
E:H48B4932,202610
E:H48B5148,202610
E:H48B5168,202610
E:H48B5178,202610
E:H48B5198,202610
E:H48B5386,202610
E:H48B5544,202610
E:H48B5603,202610
E:H48B5653,202610
E:H48B5792,202610
E:H48B6166,202610
E:H48B6205,202610
E:H48B6215,202610
E:H48B6275,202610
E:H48B6413,202610
E:H48B6473,202610
E:H48B6542,202610
E:H48B6611,202610
E:H48B6661,202610
E:H48B6720,202610
E:H48B6819,202610
E:H48B6859,202610
E:H48B6899,202610
E:H48B6978,202610
E:H48B7025,202610
E:H48B7055,202610
E:H48B7134,202610
E:H48B7233,202610
E:H48B7283,202610
E:H48B7342,202610
E:H48B7382,202610
E:H48B7411,202610
E:H48B7639,202610
E:H48B7847,202610
E:H48B8360,202610
E:H48B8370,202610
E:H48B8439,202610
E:H48B8598,202610
E:H48B8944,202610
E:H48B9219,202610
E:H48B9229,202610
E:H48B9427,202610
E:H48B9675,202610
E:H48B9695,202610
E:H48B9774,202610
E:H48B9784,202610
E:H48B9843,202610
E:H48C0323,202610
E:H48C0333,202610
E:H48C0402,202610
E:H48C0412,202610
E:H48C0640,202610
E:H48C0868,202610
E:H48C1054,202610
E:H48C1202,202610
E:H48C1222,202610
E:H48C1361,202610
E:H48C1371,202610
E:H48C1450,202610
E:H48C1470,202610
E:H48C1727,202610
E:H48C1757,202610
E:H48C1777,202610
E:H48C1915,202610
E:H48C2111,202610
E:H48C2339,202610
E:H48C2616,202610
E:H48C2626,202610
E:H48C2715,202610
E:H48C2725,202610
E:H48C2943,202610
E:H48C2953,202610
E:H48C2963,202610
E:H48C3040,202610
E:H48C3080,202610
E:H48C3090,202610
E:H48C3129,202610
E:H48C3139,202610
E:H48C3179,202610
E:H48C3298,202610
E:H48C3337,202610
E:H48C3377,202610
E:H48C3416,202610
E:H48C3436,202610
E:H48C3466,202610
E:H48C3575,202610
E:H48C3604,202610
E:H48C3951,202610
E:H48C4167,202610
E:H48C4177,202610
E:H48C4206,202610
E:H48C4256,202610
E:H48C4286,202610
E:H48C4296,202610
E:H48C4315,202610
E:H48C4325,202610
E:H48C4434,202610
E:H48C4583,202610
E:H48C4711,202610
E:H48C4949,202610
E:H48C4979,202610
E:H48C4999,202610
E:H48C5016,202610
E:H48C5234,202610
E:H48C5244,202610
E:H48C5323,202610
E:H48C5452,202610
E:H48C5561,202610
E:H48C5600,202610
E:H48C5610,202610
E:H48C5670,202610
E:H48C5739,202610
E:H48C5749,202610
E:H48C5818,202610
E:H48C5888,202610
E:H48C5927,202610
E:H48C5947,202610
E:H48C5987,202610
E:H48C5997,202610
E:H48C6024,202610
E:H48C6094,202610
E:H48C6173,202610
E:H48C6202,202610
E:H48C6272,202610
E:H48C6371,202610
E:H48C6480,202610
E:H48C6490,202610
E:H48C6509,202610
E:H48C6638,202610
E:H48C6648,202610
E:H48C6688,202610
E:H48C6698,202610
E:H48C6707,202610
E:H48C6717,202610
E:H48C6737,202610
E:H48C6777,202610
E:H48C6816,202610
E:H48C6856,202610
E:H48C6886,202610
E:H48C6896,202610
E:H48C7062,202610
E:H48C7101,202610
E:H48C7111,202610
E:H48C7161,202610
E:H48C7200,202610
E:H48C7210,202610
E:H48C7220,202610
E:H48C7270,202610
E:H48C7329,202610
E:H48C7339,202610
E:H48C7418,202610
E:H48C7478,202610
E:H48C7507,202610
E:H48C7527,202610
E:H48C7537,202610
E:H48C7547,202610
E:H48C7567,202610
E:H48C7626,202610
E:H48C7636,202610
E:H48C7735,202610
E:H48C7765,202610
E:H48C7814,202610
E:H48C7834,202610
E:H48C7844,202610
E:H48C7864,202610
E:H48C7874,202610
E:H48C7923,202610
E:H48C7943,202610
E:H48C7973,202610
E:H48C7983,202610
E:H48C8050,202610
E:H48C8080,202610
E:H48C8169,202610
E:H48C8228,202610
E:H48C8248,202610
E:H48C8357,202610
E:H48C8367,202610
E:H48C8466,202610
E:H48C8486,202610
E:H48C8505,202610
E:H48C8525,202610
E:H48C8565,202610
E:H48C8575,202610
E:H48C8595,202610
E:H48C8634,202610
E:H48C8713,202610
E:H48C8812,202610
E:H48C8822,202610
E:H48C8882,202610
E:H48C8892,202610
E:H48C8911,202610
E:H48C8941,202610
E:H48C8961,202610
E:H48C8971,202610
E:H48C9028,202610
E:H48C9058,202610
E:H48C9078,202610
E:H48C9088,202610
E:H48C9117,202610
E:H48C9127,202610
E:H48C9157,202610
E:H48C9187,202610
E:H48C9256,202610
E:H48C9276,202610
E:H48C9296,202610
E:H48C9355,202610
E:H48C9375,202610
E:H48C9385,202610
E:H48C9503,202610
E:H48C9593,202610
E:H48C9612,202610
E:H48C9632,202610
E:H48C9642,202610
E:H48C9672,202610
E:H48C9721,202610
E:H48C9800,202610
E:H48C9860,202610
E:H4900449,202610
E:H4900556,202610
E:H4900789,202610
E:H4900832,202610
E:H4900958,202610
E:H4900967,202610
E:H4901053,202610
E:H4901099,202610
E:H4904134,202610
E:H4907859,202610
E:H49A0196,202610
E:H49A0592,202610
E:H49A2964,202610
E:H49A3269,202610
E:H49A3546,202610
E:H49A6312,202610
E:H49A6887,202610
E:H49A8081,202610
E:H49A8140,202610
E:H49A8596,202610
E:H49A8675,202610
E:H49A9138,202610
E:H49A9534,202610
E:H49A9613,202610
E:H49A9623,202610
E:H49A9772,202610
E:H49A9861,202610
E:H49A9920,202610
E:H49B0084,202610
E:H49B0440,202610
E:H49B0777,202610
E:H49B0836,202610
E:H49B0846,202610
E:H49B1012,202610
E:H49B1072,202610
E:H49B1082,202610
E:H49B1151,202610
E:H49B1210,202610
E:H49B1359,202610
E:H49B1537,202610
E:H49B1577,202610
E:H49B1705,202610
E:H49B1923,202610
E:H49B1933,202610
E:H49B2327,202610
E:H49B2654,202610
E:H49B3315,202610
E:H49B3513,202610
E:H49B4551,202610
E:H49B4571,202610
E:H49B4739,202610
E:H49B4858,202610
E:H49B5034,202610
E:H49B5054,202610
E:H49B5074,202610
E:H49B5163,202610
E:H49B5658,202610
E:H49B5668,202610
E:H49B5678,202610
E:H49B5688,202610
E:H49B5767,202610
E:H49B5925,202610
E:H49B5945,202610
E:H49B5975,202610
E:H49B6250,202610
E:H49B6369,202610
E:H49B6389,202610
E:H49B7585,202610
E:H49B7664,202610
E:H49B8355,202610
E:H49B8503,202610
E:H49B8612,202610
E:H49B8890,202610
E:H49B8929,202610
E:H49B8989,202610
E:H49B9006,202610
E:H49B9026,202610
E:H49B9175,202610
E:H49B9373,202610
E:H49B9551,202610
E:H49B9571,202610
E:H49B9620,202610
E:H49B9828,202610
E:H49B9838,202610
E:H49C0150,202610
E:H49C0259,202610
E:H49C0269,202610
E:H49C0526,202610
E:H49C0546,202610
E:H49C0566,202610
E:H49C0774,202610
E:H49C0883,202610
E:H49C0962,202610
E:H49C0982,202610
E:H49C1108,202610
E:H49C1267,202610
E:H49C1277,202610
E:H49C1485,202610
E:H49C1524,202610
E:H49C1623,202610
E:H49C1792,202610
E:H49C1831,202610
E:H49C1851,202610
E:H49C1910,202610
E:H49C2186,202610
E:H49C2245,202610
E:H49C2334,202610
E:H49C2661,202610
E:H49C2681,202610
E:H49C2730,202610
E:H49C2750,202610
E:H49C2790,202610
E:H49C3263,202610
E:H49C3342,202610
E:H49C3372,202610
E:H49C3580,202610
E:H49C3679,202610
E:H49C3699,202610
E:H49C3708,202610
E:H49C3778,202610
E:H49C3807,202610
E:H49C4142,202610
E:H49C4261,202610
E:H49C4291,202610
E:H49C4360,202610
E:H49C4439,202610
E:H49C4459,202610
E:H49C4469,202610
E:H49C4489,202610
E:H49C4508,202610
E:H49C4548,202610
E:H49C4617,202610
E:H49C4657,202610
E:H49C4756,202610
E:H49C4776,202610
E:H49C4786,202610
E:H49C4865,202610
E:H49C4875,202610
E:H49C5001,202610
E:H49C5021,202610
E:H5000019,202610
E:H5000519,202610
E:H5000546,202610
E:H5000608,202610
E:H5000626,202610
E:H5000662,202610
E:H5000706,202610
E:H5000751,202610
E:H5000902,202610
E:H5001187,202610
E:H5001776,202610
E:H5002111,202610
E:H5002264,202610
E:H5005292,202610
E:H5005452,202610
E:H5006039,202610
E:H5006128,202610
E:H5006628,202610
E:H5009932,202610
E:H50A3951,202610
E:H50A6292,202610
E:H50A6381,202610
E:H50A7052,202610
E:H50A7735,202610
E:H50A7755,202610
E:H50A8525,202610
E:H50A8555,202610
E:H50A9008,202610
E:H50A9454,202610
E:H50A9513,202610
E:H50A9642,202610
E:H50B0132,202610
E:H50B0667,202610
E:H50B1229,202610
E:H50B1318,202610
E:H50B1506,202610
E:H50B1794,202610
E:H50B1803,202610
E:H50B1813,202610
E:H50B1873,202610
E:H50B2336,202610
E:H50B2366,202610
E:H50B2554,202610
E:H50B3007,202610
E:H50B3106,202610
E:H50B3265,202610
E:H50B3314,202610
E:H50B3601,202610
E:H50B3869,202610
E:H50B4837,202610
E:H50B5380,202610
E:H50B5964,202610
E:H50B6130,202610
E:H50B6417,202610
E:H50B6427,202610
E:H50B7009,202610
E:H50B7455,202610
E:H50B7504,202610
E:H50B8027,202610
E:H50B8384,202610
E:H50B8572,202610
E:H50B8671,202610
E:H50B8819,202610
E:H50B9025,202610
E:H50B9065,202610
E:H50B9273,202610
E:H50B9570,202610
E:H50B9609,202610
E:H50B9817,202610
E:H50B9887,202610
E:H50C0119,202610
E:H50C0278,202610
E:H50C0288,202610
E:H50C0347,202610
E:H50C0387,202610
E:H50C0515,202610
E:H50C0852,202610
E:H50C0862,202610
E:H50C1256,202610
E:H50C1315,202610
E:H50C1404,202610
E:H50C1474,202610
E:H50C1484,202610
E:H50C1513,202610
E:H50C1543,202610
E:H50C1602,202610
E:H50C1632,202610
E:H50C1751,202610
E:H50C1771,202610
E:H50C1800,202610
E:H50C1880,202610
E:H50C1909,202610
E:H50C2056,202610
E:H50C2076,202610
E:H50C2115,202610
E:H50C2175,202610
E:H50C2185,202610
E:H50C2234,202610
E:H50C2254,202610
E:H50C2363,202610
E:H50C2581,202610
E:H50C2591,202610
E:H50C2838,202610
E:H50C2858,202610
E:H50C2878,202610
E:H50C2898,202610
E:H50C2947,202610
E:H50C3044,202610
E:H50C3074,202610
E:H50C3103,202610
E:H50C3133,202610
E:H50C3143,202610
E:H50C3183,202610
E:H50C3193,202610
E:H50C3202,202610
E:H50C3222,202610
E:H50C3282,202610
E:H50C3292,202610
E:H50C3341,202610
E:H50C3410,202610
E:H50C3440,202610
E:H50C3549,202610
E:H50C3658,202610
E:H50C3668,202610
E:H50C3717,202610
E:H50C3727,202610
E:H50C3876,202610
E:H5100014,202610
E:H5100265,202610
E:H5100292,202610
E:H5100336,202610
E:H5100952,202610
E:H5100998,202610
E:H5101084,202610
E:H5101253,202610
E:H5101299,202610
E:H5101708,202610
E:H5101922,202610
E:H5102232,202610
E:H5102241,202610
E:H5102616,202610
E:H5103293,202610
E:H5103542,202610
E:H5103711,202610
E:H5105288,202610
E:H5105420,202610
E:H5107924,202610
E:H5108396,202610
E:H5109473,202610
E:H51A2116,202610
E:H51A3560,202610
E:H51A4974,202610
E:H51A5477,202610
E:H51A6089,202610
E:H51A6099,202610
E:H51A9201,202610
E:H51B0197,202610
E:H51B0375,202610
E:H51B0989,202610
E:H51B1066,202610
E:H51B1185,202610
E:H51B1650,202610
E:H51B2103,202610
E:H51B2143,202610
E:H51B2262,202610
E:H51B2301,202610
E:H51B2361,202610
E:H51B2608,202610
E:H51B2777,202610
E:H51B3567,202610
E:H51B3676,202610
E:H51B3903,202610
E:H51B4010,202610
E:H51B4218,202610
E:H51B4327,202610
E:H51B5058,202610
E:H51B5137,202610
E:H51B5147,202610
E:H51B5395,202610
E:H51B5692,202610
E:H51B6432,202610
E:H51B6462,202610
E:H51B6640,202610
E:H51B7272,202610
E:H51B7440,202610
E:H51B7935,202610
E:H51B8517,202610
E:H51B9169,202610
E:H51B9397,202610
E:H51B9684,202610
E:H51C0194,202610
E:H51C0431,202610
E:H51C0441,202610
E:H51C0491,202610
E:H51C0649,202610
E:H51C0976,202610
E:H51C1093,202610
E:H51C1172,202610
E:H51C1221,202610
E:H51C1231,202610
E:H51C1281,202610
E:H51C1627,202610
E:H51C1924,202610
E:H51C2011,202610
E:H51C2041,202610
E:H51C2081,202610
E:H51C2170,202610
E:H51C2299,202610
E:H51C2308,202610
E:H51C2378,202610
E:H51C2506,202610
E:H51C2635,202610
E:H51C2685,202610
E:H51C2784,202610
E:H51C2803,202610
E:H51C2902,202610
E:H51C2942,202610
E:H51C2972,202610
E:H51C2992,202610
E:H51C3009,202610
E:H51C3039,202610
E:H51C3099,202610
E:H51C3138,202610
E:H51C3168,202610
E:H51C3188,202610
E:H51C3326,202610
E:H51C3356,202610
E:H51C3425,202610
E:H51C3445,202610
E:H51C3485,202610
E:H51C3544,202610
E:H51C3584,202610
E:H51C3673,202610
E:H51C3722,202610
E:H51C3782,202610
E:H51C3900,202610
E:H51C4077,202610
E:H51C4156,202610
E:H51C4275,202610
E:H51C4324,202610
E:H51C4394,202610
E:H51C4423,202610
E:H51C4433,202610
E:H51C4532,202610
E:H51C4572,202610
E:H51C4651,202610
E:H51C4899,202610
E:H51C4918,202610
E:H5200215,202610
E:H5200224,202610
E:H5200402,202610
E:H5200500,202610
E:H5200537,202610
E:H5200582,202610
E:H5200626,202610
E:H5200957,202610
E:H5201150,202610
E:H5201436,202610
E:H5205096,202610
E:H52A1282,202610
E:H52A3486,202610
E:H52A3911,202610
E:H52A4187,202610
E:H52A4701,202610
E:H52A4810,202610
E:H52A5630,202610
E:H52A6272,202610
E:H52A6331,202610
E:H52A6727,202610
E:H52A6816,202610
E:H52A6856,202610
E:H52A7042,202610
E:H52A7062,202610
E:H52A7072,202610
E:H52A7092,202610
E:H52A7488,202610
E:H52A7705,202610
E:H52A7715,202610
E:H52A7933,202610
E:H52A9385,202610
E:H52A9474,202610
E:H52A9563,202610
E:H52A9890,202610
E:H52B0211,202610
E:H52B0508,202610
E:H52B0924,202610
E:H52B1328,202610
E:H52B1487,202610
E:H52B1586,202610
E:H52B1873,202610
E:H52B1902,202610
E:H52B2128,202610
E:H52B2138,202610
E:H52B2188,202610
E:H52B2217,202610
E:H52B2346,202610
E:H52B2366,202610
E:H52B2386,202610
E:H52B2396,202610
E:H52B2415,202610
E:H52B2663,202610
E:H52B2792,202610
E:H52B2841,202610
E:H52B2980,202610
E:H52B2990,202610
E:H52B3057,202610
E:H52B3067,202610
E:H52B3116,202610
E:H52B3126,202610
E:H52B3255,202610
E:H52B3265,202610
E:H52B3285,202610
E:H52B3413,202610
E:H52B3433,202610
E:H52B3522,202610
E:H52B3621,202610
E:H52B3730,202610
E:H52B3879,202610
E:H52B3938,202610
E:H52B3968,202610
E:H52B4025,202610
E:H52B4233,202610
E:H52B4253,202610
E:H52B4322,202610
E:H52B4392,202610
E:H52B4580,202610
E:H52B4897,202610
E:H52B4906,202610
E:H52B4926,202610
E:H52B4946,202610
E:H52B5152,202610
E:H52B5172,202610
E:H52B5281,202610
E:H52B5380,202610
E:H5300078,202610
E:H5300210,202610
E:H5300701,202610
E:H5300738,202610
E:H5300916,202610
E:H5300934,202610
E:H5300961,202610
E:H5300970,202610
E:H5301039,202610
E:H5301057,202610
E:H5301164,202610
E:H5301280,202610
E:H5301324,202610
E:H5301824,202610
E:H5301888,202610
E:H5301986,202610
E:H5302143,202610
E:H5302376,202610
E:H5302509,202610
E:H5302554,202610
E:H5302616,202610
E:H5302652,202610
E:H5302723,202610
E:H5302778,202610
E:H5302796,202610
E:H5302867,202610
E:H5302947,202610
E:H5303024,202610
E:H5303140,202610
E:H5303382,202610
E:H5303426,202610
E:H5303524,202610
E:H5303604,202610
E:H5303748,202610
E:H5304209,202610
E:H5305171,202610
E:H5307835,202610
E:H5307899,202610
E:H5307924,202610
E:H5308298,202610
E:H5308627,202610
E:H5308681,202610
E:H5308967,202610
E:H5380281,202610
E:H5380361,202610
E:H5380389,202610
E:H5380414,202610
E:H5380469,202610
E:H5387477,202610
E:H5387833,202610
E:H5388750,202610
E:H5389275,202610
E:H5389364,202610
E:H5389720,202610
E:H5395040,202610
E:H53A0318,202610
E:H53A0605,202610
E:H53A0675,202610
E:H53A0922,202610
E:H53A0942,202610
E:H53A1009,202610
E:H53A1455,202610
E:H53A1663,202610
E:H53A1772,202610
E:H53A2265,202610
E:H53A2433,202610
E:H53A2463,202610
E:H53A2611,202610
E:H53A2790,202610
E:H53A2869,202610
E:H53A3015,202610
E:H53A3144,202610
E:H53A3154,202610
E:H53A3273,202610
E:H53A3580,202610
E:H53A3798,202610
E:H53A4974,202610
E:H53A5576,202610
E:H53A6534,202610
E:H53A6564,202610
E:H53A6782,202610
E:H53A7106,202610
E:H53A7443,202610
E:H53A7542,202610
E:H53A8075,202610
E:H53A8500,202610
E:H53A8540,202610
E:H53A8897,202610
E:H53A9291,202610
E:H53A9310,202610
E:H53A9588,202610
E:H53B0018,202610
E:H53B0038,202610
E:H53B0216,202610
E:H53B0226,202610
E:H53B0286,202610
E:H53B0484,202610
E:H53B0622,202610
E:H53B0662,202610
E:H53B1056,202610
E:H53B1224,202610
E:H53B1492,202610
E:H53B1521,202610
E:H53B1818,202610
E:H53B2064,202610
E:H53B2579,202610
E:H53B2856,202610
E:H53B2975,202610
E:H53B3042,202610
E:H53B3379,202610
E:H53B3389,202610
E:H53B3537,202610
E:H53B3725,202610
E:H53B4119,202610
E:H53B4139,202610
E:H53B4238,202610
E:H53B4961,202610
E:H53B4971,202610
E:H53B4991,202610
E:H53B5226,202610
E:H53B5355,202610
E:H53B5404,202610
E:H53B5672,202610
E:H53B5741,202610
E:H53B5810,202610
E:H53B5909,202610
E:H53B6472,202610
E:H53B6511,202610
E:H53B6818,202610
E:H53B7163,202610
E:H53B7391,202610
E:H53B7450,202610
E:H53B7480,202610
E:H53B8042,202610
E:H53B8181,202610
E:H53B8418,202610
E:H53B8468,202610
E:H53B8993,202610
E:H53B9179,202610
E:H53B9416,202610
E:H53B9763,202610
E:H53B9852,202610
E:H53C0174,202610
E:H53C0342,202610
E:H53C0352,202610
E:H53C0758,202610
E:H53C1053,202610
E:H53C1172,202610
E:H53C1350,202610
E:H53C1528,202610
E:H53C1538,202610
E:H53C1667,202610
E:H53C1706,202610
E:H53C2001,202610
E:H53C2091,202610
E:H53C2249,202610
E:H53C2318,202610
E:H53C2388,202610
E:H53C2437,202610
E:H53C2536,202610
E:H53C2883,202610
E:H53C2912,202610
E:H53C3039,202610
E:H53C3079,202610
E:H53C3198,202610
E:H53C3207,202610
E:H53C3247,202610
E:H53C3277,202610
E:H53C3366,202610
E:H53C3386,202610
E:H53C3396,202610
E:H53C3574,202610
E:H53C3683,202610
E:H53C3831,202610
E:H53C3841,202610
E:H53C3891,202610
E:H53C3930,202610
E:H53C4116,202610
E:H53C4354,202610
E:H53C4384,202610
E:H53C4473,202610
E:H53C4552,202610
E:H53C4671,202610
E:H53C4691,202610
E:H53C4700,202610
E:H53C4710,202610
E:H53C4750,202610
E:H53C4968,202610
E:H53C5085,202610
E:H53C5095,202610
E:H53C5293,202610
E:H53C5401,202610
E:H53C5510,202610
E:H53C5619,202610
E:H53C5649,202610
E:H53C5699,202610
E:H53C6003,202610
E:H53C6043,202610
E:H53C6053,202610
E:H53C6132,202610
E:H53C6162,202610
E:H53C6251,202610
E:H53C6320,202610
E:H53C6370,202610
E:H53C6489,202610
E:H53C6924,202610
E:H53C7100,202610
E:H53C7140,202610
E:H53C7299,202610
E:H53C7417,202610
E:H53C7437,202610
E:H53C7695,202610
E:H53C7833,202610
E:H53C7942,202610
E:H53C7952,202610
E:H53C8019,202610
E:H53C8089,202610
E:H53C8099,202610
E:H53C8108,202610
E:H53C8138,202610
E:H53C8188,202610
E:H53C8534,202610
E:H53C8544,202610
E:H53C8603,202610
E:H53C8623,202610
E:H53C8683,202610
E:H53C8980,202610
E:H53C9047,202610
E:H53C9077,202610
E:H53C9245,202610
E:H53C9265,202610
E:H53C9354,202610
E:H53C9374,202610
E:H53C9403,202610
E:H53C9433,202610
E:H53C9532,202610
E:H53C9641,202610
E:H53C9671,202610
E:H53C9700,202610
E:H53C9710,202610
E:H53C9869,202610
E:H53C9968,202610
E:H53D0032,202610
E:H53D0042,202610
E:H53D0082,202610
E:H53D0280,202610
E:H53D0319,202610
E:H53D0339,202610
E:H53D0418,202610
E:H53D0438,202610
E:H53D0646,202610
E:H53D0705,202610
E:H53D0765,202610
E:H53D0775,202610
E:H53D0943,202610
E:H53D0973,202610
E:H53D1030,202610
E:H53D1060,202610
E:H53D1090,202610
E:H53D1109,202610
E:H53D1238,202610
E:H53D1248,202610
E:H53D1278,202610
E:H53D1288,202610
E:H53D1317,202610
E:H53D1416,202610
E:H53D1476,202610
E:H53D1496,202610
E:H53D1515,202610
E:H53D1624,202610
E:H53D1684,202610
E:H53D1713,202610
E:H53D1733,202610
E:H53D1773,202610
E:H53D1812,202610
E:H53D1941,202610
E:H53D1971,202610
E:H53D2018,202610
E:H53D2058,202610
E:H53D2117,202610
E:H53D2147,202610
E:H53D2395,202610
E:H53D2454,202610
E:H53D2474,202610
E:H53D2484,202610
E:H53D2543,202610
E:H53D2672,202610
E:H53D2692,202610
E:H53D2771,202610
E:H53D2909,202610
E:H53D3125,202610
E:H5403636,202610
E:I2604550,202610
E:I2609868,202610
E:I26C0740,202610
E:I26C0908,202610
E:I26C1778,202610
E:I26C2083,202610
E:I26C2192,202610
E:I26C3407,202610
E:I26C3645,202610
E:I26C4613,202610
E:I26C4722,202610
E:I26C5047,202610
E:I26C5166,202610
E:I26C6481,202610
E:I26C6491,202610
E:I26C6679,202610
E:I26C7023,202610
E:I26C7697,202610
E:I26C7706,202610
E:I26C7815,202610
E:I26C8081,202610
E:I26C8318,202610
E:I26C9722,202610
E:I26D0678,202610
E:I26D0905,202610
E:I26D1270,202610
E:I26D1359,202610
E:I26D1448,202610
E:I26D1498,202610
E:I26D1537,202610
E:I26D1676,202610
E:I26D1705,202610
E:I26D1864,202610
E:I26D1903,202610
E:I26D1933,202610
E:I26D2030,202610
E:I26D2050,202610
E:I26D2189,202610
E:I26D2644,202610
E:I26D2654,202610
E:I26D2674,202610
E:I26D2684,202610
E:I26D3682,202610
E:I26D3791,202610
E:I26D3840,202610
E:J5500366,202610
E:J5500419,202610
E:J5501774,202610
E:J55A1993,202610
E:J55A4452,202610
E:J55A5599,202610
E:J55A7109,202610
E:J55B0021,202610
E:J55B2017,202610
E:J55B3134,202610
E:J55B3312,202610
E:J55B5487,202610
E:J55B7126,202610
E:J55B7849,202610
E:J55B8768,202610
E:J55C0711,202610
E:J55C1105,202610
E:J55C1244,202610
E:J55C3557,202610
E:J55C3646,202610
E:J55C3795,202610
E:J55C3804,202610
E:J55C3824,202610
E:J55C4060,202610
E:J55C4090,202610
E:J55C4258,202610
E:J55C4783,202610
E:J55C4802,202610
E:J55C5177,202610
E:J55C5216,202610
E:J55C5236,202610
E:J55C5474,202610
E:J55C5513,202610
E:J55C5583,202610
E:J55C5632,202610
E:J55C5939,202610
E:J55C5979,202610
E:J55C6036,202610
E:J55C6204,202610
E:J55C6244,202610
E:J55C6452,202610
E:J55C6670,202610
E:J55C7529,202610
E:J55C7747,202610
E:J55C8012,202610
E:J55C8171,202610
E:J55C8319,202610
E:J55C8339,202610
E:J55C8359,202610
E:J55C8448,202610
E:J55C8567,202610
E:J55C9090,202610
E:J55C9812,202610
E:J55C9862,202610
E:J55C9892,202610
E:J55C9911,202610
E:J55C9951,202610
E:J55C9991,202610
E:J55D0045,202610
E:J55D0184,202610
E:J55D0669,202610
E:J55D0708,202610
E:J55D0807,202610
E:J55D0906,202610
E:J55D1340,202610
E:J55D1607,202610
E:J55D1786,202610
E:J55D1796,202610
E:J55D1835,202610
E:J55D1845,202610
E:J55D1855,202610
E:J55D1904,202610
E:J55D1934,202610
E:J55D1994,202610
E:J55D2170,202610
E:J55D2209,202610
E:J55D2219,202610
E:J55D2358,202610
E:J55D2427,202610
E:J55D2566,202610
E:J55D2784,202610
E:J55D2843,202610
E:J55D3029,202610
E:J55D3326,202610
E:J55D3356,202610
E:J55D3425,202610
E:J55D3564,202610
E:J55D3613,202610
E:J55D3722,202610
E:J55D3782,202610
E:J55D4215,202610
E:J55D4235,202610
E:J55D4255,202610
E:J55D4324,202610
E:J55D4344,202610
E:J55D4493,202610
E:J55D4502,202610
E:J55D4869,202610
E:J55D4908,202610
E:J55D4928,202610
E:J55D5035,202610
E:J55D5223,202610
E:J55D5421,202610
E:J55D5510,202610
E:J55D5570,202610
E:J55D5580,202610
E:J55D5699,202610
E:J55D6142,202610
E:J55D6182,202610
E:J55D6281,202610
E:J55D6310,202610
E:J55D6449,202610
E:J55D6548,202610
E:J55D6578,202610
E:J55D6865,202610
E:J55D6914,202610
E:J55D6944,202610
E:J55D6974,202610
E:J55D6984,202610
E:J55D7041,202610
E:J55D7091,202610
E:J55D7457,202610
E:J55D7487,202610
E:J55D7526,202610
E:J55D7605,202610
E:J55D7704,202610
E:J55D7794,202610
E:J5600012,202610
E:J5600058,202610
E:J5600156,202610
E:J5600567,202610
E:J5600585,202610
E:J56A1611,202610
E:J56A1819,202610
E:J56A2778,202610
E:J56A2857,202610
E:J56A3102,202610
E:J56A3142,202610
E:J56A3766,202610
E:J56A3964,202610
E:J56A3974,202610
E:J56A4100,202610
E:J56A4110,202610
E:J56A4120,202610
E:J56A4130,202610
E:J56A4249,202610
E:J56A4289,202610
E:J56A4299,202610
E:J5700222,202610
E:J5700900,202610
E:J57A0747,202610
E:J57A2644,202610
E:J57A3810,202610
E:J57A4026,202610
E:J57A4125,202610
E:J57A4224,202610
E:J57A4521,202610
E:J57A4561,202610
E:J57A5599,202610
E:J57A5648,202610
E:J57A5816,202610
E:J57A5985,202610
E:J57A6022,202610
E:J57A6032,202610
E:J57A6181,202610
E:J57A6220,202610
E:J57A6230,202610
E:J57A6359,202610
E:J57A6369,202610
E:J58A0247,202610
E:J58A4932,202610
E:J58A5732,202610
E:J58A6423,202610
E:J58A6780,202610
E:J58A7124,202610
E:J58A7530,202610
E:J58A7619,202610
E:J58A7639,202610
E:J58A8003,202610
E:J58A8083,202610
E:J58A8112,202610
E:J58A8499,202610
E:J58A8637,202610
E:J58A8805,202610
E:J58A9031,202610
E:J58A9299,202610
E:J58A9378,202610
E:J58A9388,202610
E:J58A9586,202610
E:J5900099,202610
E:J5900222,202610
E:J5900240,202610
E:J5900268,202610
E:J5900348,202610
E:J5900400,202610
E:J5900571,202610
E:J5900697,202610
E:J5900722,202610
E:J5900777,202610
E:J5900928,202610
E:J5901167,202610
E:J5901201,202610
E:J5901381,202610
E:J5901407,202610
E:J5901676,202610
E:J5901685,202610
E:J5901694,202610
E:J5901701,202610
E:J5901765,202610
E:J5901881,202610
E:J5901952,202610
E:J5901998,202610
E:J5902093,202610
E:J5902155,202610
E:J5902182,202610
E:J5902208,202610
E:J5902593,202610
E:J5902744,202610
E:J5902922,202610
E:J5903358,202610
E:J5903465,202610
E:J5903492,202610
E:J5903885,202610
E:J5904051,202610
E:J5904257,202610
E:J5904551,202610
E:J5904999,202610
E:J5905174,202610
E:J5905281,202610
E:J5908602,202610
E:J5908844,202610
E:J5908899,202610
E:J5909083,202610
E:J5909654,202610
E:J5909823,202610
E:J5995141,202610
E:J59A0113,202610
E:J59A0232,202610
E:J59A1181,202610
E:J59A1577,202610
E:J59A1884,202610
E:J59A2941,202610
E:J59A3711,202610
E:J59A4204,202610
E:J59A4937,202610
E:J59B0447,202610
E:J59B2334,202610
E:J59B3510,202610
E:J59B3748,202610
E:J59B4033,202610
E:J59B5388,202610
E:J59B5625,202610
E:J59B5685,202610
E:J59B5744,202610
E:J59B6069,202610
E:J59B6138,202610
E:J59B6346,202610
E:J59B6376,202610
E:J59B6514,202610
E:J59B6564,202610
E:J59B6702,202610
E:J59B6851,202610
E:J59B7037,202610
E:J59B7077,202610
E:J59B7166,202610
E:J59B7196,202610
E:J59B7611,202610
E:J59B7720,202610
E:J59B7760,202610
E:J59B7809,202610
E:J59B7849,202610
E:J59B7879,202610
E:J59B7928,202610
E:J59B8114,202610
E:J59B8174,202610
E:J59B8352,202610
E:J59B8510,202610
E:J59B8609,202610
E:J59B8936,202610
E:J59B9033,202610
E:J59B9152,202610
E:J59B9409,202610
E:J59B9489,202610
E:J59B9756,202610
E:J59B9796,202610
E:J59B9805,202610
E:J59B9815,202610
E:J59C0018,202610
E:J59C0028,202610
E:J59C0167,202610
E:J59C0286,202610
E:J59C0325,202610
E:J59C0385,202610
E:J59C0434,202610
E:J59C0602,202610
E:J59C0741,202610
E:J59C0969,202610
E:J59C1066,202610
E:J59C1185,202610
E:J59C1284,202610
E:J59C1412,202610
E:J59C1422,202610
E:J59C1501,202610
E:J59C1561,202610
E:J59C1610,202610
E:J59C2024,202610
E:J59C2044,202610
E:J59C2054,202610
E:J59C2113,202610
E:J59C2183,202610
E:J59C2262,202610
E:J59C2272,202610
E:J59C2282,202610
E:J59C2341,202610
E:J59C2391,202610
E:J59C2480,202610
E:J59C2519,202610
E:J59C2995,202610
E:J59C3200,202610
E:J59C3537,202610
E:J59C3547,202610
E:J59C3646,202610
E:J59C3735,202610
E:J59C4129,202610
E:J59C4149,202610
E:J59C4238,202610
E:J59C4278,202610
E:J59C4377,202610
E:J59C4387,202610
E:J59C4456,202610
E:J59C4515,202610
E:J59C4565,202610
E:J59C4713,202610
E:J59C4822,202610
E:J59C4832,202610
E:J6003197,202610
E:J6004783,202610
E:J6100066,202610
E:J6100075,202610
E:J6100324,202610
E:J6100753,202610
E:J6100762,202610
E:J6100780,202610
E:J6100931,202610
E:J6101090,202610
E:J6101125,202610
E:J61A1769,202610
E:J61A2084,202610
E:J61A7103,202610
E:J61A7193,202610
E:J61A7321,202610
E:J61A7331,202610
E:J61A7460,202610
E:J61A7737,202610
E:J61A7846,202610
E:J61A7876,202610
E:J61A8220,202610
E:J61A8606,202610
E:J61A8666,202610
E:J61A8755,202610
E:J61A8775,202610
E:J61A9010,202610
E:J61A9020,202610
E:J61A9070,202610
E:J61A9199,202610
E:J61A9248,202610
E:J61A9387,202610
E:J61A9486,202610
E:J61A9565,202610
E:J61A9723,202610
E:J61A9981,202610
E:J61B0065,202610
E:J61B0085,202610
E:J61B0104,202610
E:J61B0164,202610
E:J61B0372,202610
E:J61B0491,202610
E:J61B0560,202610
E:J61B0738,202610
E:J61B0906,202610
E:J62A2930,202610
E:J62A2980,202610
E:J62A3037,202610
E:J62A3136,202610
E:J62A3166,202610
E:J62A3186,202610
E:J62A3413,202610
E:J62A3443,202610
E:J62A3493,202610
E:J62A3522,202610
E:J62A3582,202610
E:J62A3621,202610
E:J62A3730,202610
E:J62A3819,202610
E:J63A3537,202610
E:J63A3676,202610
E:J63A3854,202610
E:J63A3973,202610
E:J63A4119,202610
E:J63A4278,202610
E:J63A4436,202610
E:J63A4456,202610
E:J63A4466,202610
E:J63A4476,202610
E:J63A4486,202610
E:J63A4496,202610
E:J63A4505,202610
E:J63A4515,202610
E:J63A4654,202610
E:J63A4773,202610
E:J63A4872,202610
E:J63A4882,202610
E:J63A5038,202610
E:J63A5157,202610
E:J63A5246,202610
E:J63A5266,202610
E:J63A5365,202610
E:J63A5385,202610
E:J63A5395,202610
E:J63A5414,202610
E:J63A5424,202610
E:J63A5444,202610
E:J63A5474,202610
E:J63A5523,202610
E:J63A5543,202610
E:J63A5553,202610
E:J63A5563,202610
E:J63A5622,202610
E:J63A5632,202610
E:J63A5711,202610
E:J63A5721,202610
E:J63A5850,202610
E:J63A5870,202610
E:J63A5880,202610
E:J63A5909,202610
E:J63A5939,202610
E:J63A5959,202610
E:J63A6056,202610
E:J63A6086,202610
E:J63A6096,202610
E:J63A6125,202610
E:J63A6165,202610
E:J63A6234,202610
E:J63A6274,202610
E:J63A6333,202610
E:J63A6363,202610
E:J63A6412,202610
E:J63A6432,202610
E:J63A6472,202610
E:J6404354,202610
E:J6404363,202610
E:J6404461,202610
E:J6404470,202610
E:J6504037,202610
E:J6603080,202610
E:K6801089,202610
E:K6801098,202610
E:K6801123,202610
E:K6805523,202610
E:K6806002,202610
E:K68A5214,202610
E:K68A5610,202610
E:K68A5630,202610
E:K68A6044,202610
E:K68A6143,202610
E:K68A6440,202610
E:K68A6549,202610
E:K68A6737,202610
E:K68A6806,202610
E:K68A6856,202610
E:K68A7240,202610
E:K68A7418,202610
E:K68A7537,202610
E:K68A7656,202610
E:K68A7725,202610
E:K68A7735,202610
E:K68A7814,202610
E:K68A7884,202610
E:K68A7923,202610
E:K68A7993,202610
E:K68A8070,202610
E:K68A8119,202610
E:K68A8268,202610
E:K68A8357,202610
E:K68A8555,202610
E:K68A8773,202610
E:K68A8793,202610
E:K68A8822,202610
E:K68A8842,202610
E:K6904914,202610
E:K69A0318,202610
E:K69A3560,202610
E:K69A3728,202610
E:K69A3887,202610
E:K69A4073,202610
E:K69A4162,202610
E:K69A4182,202610
E:K69A4192,202610
E:K69A4320,202610
E:K7000513,202610
E:K70A0832,202610
E:K70A1335,202610
E:K70A1345,202610
E:K70A1711,202610
E:K70A1721,202610
E:K70A1840,202610
E:K70A1919,202610
E:K70A2076,202610
E:K70A2155,202610
E:K70A2214,202610
E:K7101186,202610
E:K7101337,202610
E:K7101499,202610
E:K7101506,202610
E:K7101542,202610
E:K7101622,202610
E:K7102272,202610
E:K7102343,202610
E:K7102861,202610
E:K7103073,202610
E:K7103886,202610
E:K7103984,202610
E:K7104632,202610
E:K7107366,202610
E:K71A0184,202610
E:K71A0362,202610
E:K71A0758,202610
E:K71A4572,202610
E:K71A4582,202610
E:K71A5134,202610
E:K71A6162,202610
E:K71A8693,202610
E:K71A9720,202610
E:K71B0220,202610
E:K71B0587,202610
E:K71B1268,202610
E:K71B1515,202610
E:K71B1822,202610
E:K71B1852,202610
E:K71B1882,202610
E:K71B1901,202610
E:K71B1941,202610
E:K71B2018,202610
E:K71B2107,202610
E:K71B2820,202610
E:K71B2880,202610
E:K71B3234,202610
E:K71B3254,202610
E:K71B3541,202610
E:K71B3848,202610
E:K71B4004,202610
E:K71B4094,202610
E:K71B4113,202610
E:K71B4371,202610
E:K71B4559,202610
E:K71B4707,202610
E:K71B4727,202610
E:K71B4767,202610
E:K71B4797,202610
E:K71B4856,202610
E:K71B4876,202610
E:K71B5022,202610
E:K71B5161,202610
E:K71B5280,202610
E:K71B5636,202610
E:K71B5933,202610
E:K71B6060,202610
E:K71B6258,202610
E:K71B6456,202610
E:K71B6555,202610
E:K71B6694,202610
E:K71B6793,202610
E:K71B6882,202610
E:K71B7484,202610
E:K7200933,202610
E:K7201056,202610
E:K7201412,202610
E:K7202615,202610
E:K7204324,202610
E:K7204379,202610
E:K7204584,202610
E:K7205358,202610
E:K72A0961,202610
E:K72A4705,202610
E:K72A5852,202610
E:K72A6810,202610
E:K72A7066,202610
E:K72A7195,202610
E:K72A7432,202610
E:K72A7670,202610
E:K72A7719,202610
E:K72A7868,202610
E:K72A7927,202610
E:K72A7947,202610
E:K72A8351,202610
E:K72A8668,202610
E:K72A8866,202610
E:K72A8896,202610
E:K72A9121,202610
E:K72A9161,202610
E:K72A9171,202610
E:K72A9191,202610
E:K72A9200,202610
E:K72A9210,202610
E:K72A9230,202610
E:K72A9468,202610
E:K72A9715,202610
E:K72A9834,202610
E:K72B0087,202610
E:K72B0156,202610
E:K72B0166,202610
E:K72B0225,202610
E:K72B0403,202610
E:K72B0423,202610
E:K72B0582,202610
E:K72B0601,202610
E:K72B0651,202610
E:K72B0661,202610
E:K72B0671,202610
E:K72B0760,202610
E:K72B0809,202610
E:K72B0819,202610
E:K72B0869,202610
E:K72B0899,202610
E:K72B0918,202610
E:K72B1025,202610
E:K72B1045,202610
E:K72B1114,202610
E:K72B1144,202610
E:K72B1184,202610
E:K72B1213,202610
E:K72B1243,202610
E:K72B1312,202610
E:K72B1342,202610
E:K72B1411,202610
E:K72B1451,202610
E:K72B1461,202610
E:K72B1471,202610
E:K72B1481,202610
E:K72B1520,202610
E:K72B1560,202610
E:K72B1580,202610
E:K72B1659,202610
E:K72B1788,202610
E:K72B1877,202610
E:K72B1966,202610
E:K72B2033,202610
E:K72B2053,202610
E:K72B2261,202610
E:K7300232,202610
E:K7300456,202610
E:K7301159,202610
E:K7301266,202610
E:K7305488,202610
E:K7305577,202610
E:K7305602,202610
E:K73A0253,202610
E:K73A0986,202610
E:K73A2972,202610
E:K73A3059,202610
E:K73A3099,202610
E:K73A3118,202610
E:K73A3128,202610
E:K73A3693,202610
E:K73A3772,202610
E:K73A3782,202610
E:K73A3792,202610
E:K73A3831,202610
E:K73A3950,202610
E:K73A3960,202610
E:K73A4007,202610
E:K73A4017,202610
E:K73A4037,202610
E:K73A4057,202610
E:K73A4106,202610
E:K73A4384,202610
E:K7500189,202610
E:K7503751,202610
E:K76A1791,202610
E:K76A1959,202610
E:K76A2313,202610
E:K7700090,202610
E:K7700330,202610
E:K7700474,202610
E:K7700634,202610
E:K7700643,202610
E:K7700661,202610
E:K7700750,202610
E:K7700901,202610
E:K7701131,202610
E:K7701462,202610
E:K7701515,202610
E:K77A0203,202610
E:K77A0332,202610
E:K77A0342,202610
E:K77A0451,202610
E:K77A1023,202610
E:K77A1241,202610
E:K77A1835,202610
E:K77A2081,202610
E:K77A2229,202610
E:K77A2546,202610
E:K77A2704,202610
E:K77A2784,202610
E:K77A2952,202610
E:K77A2972,202610
E:K77A3019,202610
E:K77A3099,202610
E:K77A3326,202610
E:K77A3376,202610
E:K77A3386,202610
E:K7890295,202610
E:K7900036,202610
E:K7903788,202610
E:K7904061,202610
E:K7904123,202610
E:K80A0173,202610
E:K80A1002,202610
E:K80A1646,202610
E:K80A1874,202610
E:K80A2020,202610
E:K80A2040,202610
E:K8100147,202610
E:K8195351,202610
E:K8200286,202610
E:K8200311,202610
E:K8200320,202610
E:K8200482,202610
E:K8204417,202610
E:K82A0074,202610
E:K82A0539,202610
E:K82A0678,202610
E:K82A0727,202610
E:K82A0767,202610
E:K82A0876,202610
E:K82A0905,202610
E:K82A0925,202610
E:K82A0995,202610
E:K82A1052,202610
E:K82A1072,202610
E:L0000624,202610
E:L0001863,202610
E:L0054506,202610
E:L0056019,202610
E:L0056028,202610
E:L0100085,202610
E:L0100254,202610
E:L0101000,202610
E:L0104172,202610
E:L0201587,202610
E:L0201630,202610
E:L0204775,202610
E:L0300647,202610
E:L0400222,202610
E:L0408559,202610
E:L0500718,202610
E:L0501840,202610
E:L0506845,202610
E:L0508983,202610
E:L05A3360,202610
E:L05A4724,202610
E:L05A5316,202610
E:L0600286,202610
E:L8603538,202610
E:L8800046,202610
E:L8801123,202610
E:L8801132,202610
E:L8801187,202610
E:L8802031,202610
E:L8802362,202610
E:L8802504,202610
E:L8803038,202610
E:L8805121,202610
E:L88A0600,202610
E:L88A0987,202610
E:L8900676,202610
E:L8901324,202610
E:L8901431,202610
E:L9001029,202610
E:L9005581,202610
E:L9100054,202610
E:L9100107,202610
E:L9100198,202610
E:L9100223,202610
E:L9100563,202610
E:L9100723,202610
E:L9101300,202610
E:L9101391,202610
E:L9101695,202610
E:L9101748,202610
E:L9104007,202610
E:L9104052,202610
E:L9104203,202610
E:L9104221,202610
E:L9104230,202610
E:L9104267,202610
E:L9104276,202610
E:L9104829,202610
E:L91A0916,202610
E:L91A2566,202610
E:L91A2853,202610
E:L91A3188,202610
E:L91A3247,202610
E:L9302469,202610
E:L9406140,202610
E:L9500394,202610
E:L9501775,202610
E:L9505380,202610
E:L95A1360,202610
E:L9800157,202610
E:M3302388,202610
E:M3302431,202610
E:M3302655,202610
E:M3302753,202610
E:M3302762,202610
E:M3302833,202610
E:M3304284,202610
E:M3304373,202610
E:M3305030,202610
E:M3305245,202610
E:M3305389,202610
E:M3308406,202610
E:M3308497,202610
E:M3309850,202610
E:M33A0460,202610
E:M33A1953,202610
E:M33A3296,202610
E:M33A3771,202610
E:M33A4006,202610
E:M33A4907,202610
E:M33A6260,202610
E:M33A6557,202610
E:M33A8692,202610
E:M33A9125,202610
E:M33B1039,202610
E:M33B1099,202610
E:M33B1475,202610
E:M33B1504,202610
E:M33B1811,202610
E:M33B1881,202610
E:M33B1930,202610
E:M33B2156,202610
E:M33B2344,202610
E:M33B2532,202610
E:M33B2671,202610
E:M3400610,202610
E:M3406407,202610
E:M3407708,202610
E:M3407904,202610
E:M3408269,202610
E:M3408394,202610
E:M3409346,202610
E:M3409499,202610
E:M3410189,202610
E:M3410205,202610
E:M3410214,202610
E:M3410223,202610
E:M3410250,202610
E:M3410312,202610
E:M3500071,202610
E:M3500320,202610
E:M35A5727,202610
E:M35A5876,202610
E:M35A6379,202610
E:M35A7288,202610
E:M35A7703,202610
E:M35A7892,202610
E:M35A7931,202610
E:M3600807,202610
E:M3604181,202610
E:M3604903,202610
E:M36A2114,202610
E:M36A2203,202610
E:M36A2382,202610
E:M36A2609,202610
E:M36A3607,202610
E:M36A3815,202610
E:M3800316,202610
E:M38A0693,202610
E:M38A1552,202610
E:M4103763,202610
E:M4103807,202610
E:M4104162,202610
E:M4104493,202610
E:M42A0162,202610
E:M43A0642,202610
E:M4595609,202610
E:M4595645,202610
E:N0721606,202610
E:N0721740,202610
E:N0727439,202610
E:N07A3158,202610
E:N07A3316,202610
E:N07B0092,202610
E:N07B1753,202610
E:N07B2484,202610
E:N07B3551,202610
E:N07B3719,202610
E:N07B3779,202610
E:N07B4648,202610
E:N07B5052,202610
E:N07B5438,202610
E:N07B5448,202610
E:N07B5488,202610
E:N07B5834,202610
E:N07B6545,202610
E:N07B6565,202610
E:N07B6634,202610
E:N07B6812,202610
E:N07B6991,202610
E:N07B7127,202610
E:N07B8145,202610
E:N07B8462,202610
E:N07B8492,202610
E:N07B8927,202610
E:N07B9123,202610
E:N07B9787,202610
E:N07B9797,202610
E:N07B9846,202610
E:N07C0079,202610
E:N07C0188,202610
E:N07C0287,202610
E:N07C0683,202610
E:N0803765,202610
E:N0803916,202610
E:N0804600,202610
E:N0807432,202610
E:N0807441,202610
E:N0809669,202610
E:N0810877,202610
E:N08A0397,202610
E:N08A0416,202610
E:N08A1098,202610
E:N08A2165,202610
E:N08A2739,202610
E:N08A3440,202610
E:N08A4171,202610
E:N08A6543,202610
E:N08B0186,202610
E:N08B0968,202610
E:N08B1095,202610
E:N08B1372,202610
E:N08B1520,202610
E:N08B1530,202610
E:N08B3140,202610
E:N08B3467,202610
E:N08B4039,202610
E:N08B4059,202610
E:N08B6055,202610
E:N08B6075,202610
E:N08B6570,202610
E:N08B6699,202610
E:N08B6877,202610
E:N08B6946,202610
E:N08B7310,202610
E:N08B7716,202610
E:N08B7766,202610
E:N08B8803,202610
E:N08B9019,202610
E:N08C0400,202610
E:N08C0480,202610
E:N08C0608,202610
E:N08C1220,202610
E:N08C1290,202610
E:N08C1785,202610
E:N08C2298,202610
E:N08C2476,202610
E:N08C2496,202610
E:N08C2674,202610
E:N08C2862,202610
E:N08C2991,202610
E:N08C3058,202610
E:N08C3068,202610
E:N0909066,202610
E:N0910416,202610
E:N0910872,202610
E:N09A0431,202610
E:N09A2170,202610
E:N09A3792,202610
E:N09A7051,202610
E:N09A7071,202610
E:N09A8019,202610
E:N09A8207,202610
E:N09A8594,202610
E:N09A9097,202610
E:N09A9334,202610
E:N09A9750,202610
E:N09A9988,202610
E:N09B0329,202610
E:N1000964,202610
E:N1002011,202610
E:N1006153,202610
E:N1007801,202610
E:N1009869,202610
E:N1011001,202610
E:N1011565,202610
E:N1011645,202610
E:N1101199,202610
E:N1102445,202610
E:N11A2392,202610
E:N11A7322,202610
E:N11A7590,202610
E:N11B0303,202610
E:N11B0729,202610
E:N11B1301,202610
E:N11B1460,202610
E:N11B1668,202610
E:N11B1678,202610
E:N11B1777,202610
E:N11B2448,202610
E:N11B2636,202610
E:N11B3070,202610
E:N11B3139,202610
E:N11B3159,202610
E:N11B3327,202610
E:N11B3377,202610
E:N11B3505,202610
E:N11B3575,202610
E:N11B4246,202610
E:N11B4434,202610
E:N11B4464,202610
E:N11B4692,202610
E:N11B4701,202610
E:N11B4870,202610
E:N11B4949,202610
E:N11B5115,202610
E:N1200035,202610
E:N12A2080,202610
E:N12A5044,202610
E:N12A5054,202610
E:N12A5242,202610
E:N12A5292,202610
E:N12A6161,202610
E:N12A6171,202610
E:N12A6547,202610
E:N1301475,202610
E:N13A1275,202610
E:N13A2243,202610
E:N13A2441,202610
E:N13A3508,202610
E:N13A3627,202610
E:N13A3637,202610
E:N13A3697,202610
E:N13A3776,202610
E:N13A3974,202610
E:N13A3984,202610
E:N13A4051,202610
E:N14A0252,202610
E:N14A3850,202610
E:N14A3939,202610
E:N14A4442,202610
E:N14A4501,202610
E:N14A5024,202610
E:N14A5094,202610
E:N14A5955,202610
E:N14A6428,202610
E:N14A6498,202610
E:N14A6913,202610
E:N14A6963,202610
E:N14A7189,202610
E:N1501215,202610
E:N1501340,202610
E:N1501733,202610
E:N1504190,202610
E:N1505633,202610
E:N1505740,202610
E:N15A0386,202610
E:N15A0405,202610
E:N15A0702,202610
E:N15A1215,202610
E:N15A1265,202610
E:N15A2520,202610
E:N15A2560,202610
E:N15A2996,202610
E:N15A3142,202610
E:N15A3261,202610
E:N15A3518,202610
E:N15A3657,202610
E:N15A3815,202610
E:N15A4833,202610
E:N15A4843,202610
E:N15A4962,202610
E:N15A5386,202610
E:N15A5396,202610
E:N15A5673,202610
E:N15A5950,202610
E:N15A6047,202610
E:N15A6156,202610
E:N15A6166,202610
E:N15A6374,202610
E:N15A6433,202610
E:N15A6453,202610
E:N15A6512,202610
E:N15A6889,202610
E:N15A6938,202610
E:N15A7015,202610
E:N1601961,202610
E:N1606386,202610
E:N1606395,202610
E:N1607187,202610
E:N1607258,202610
E:N1607347,202610
E:N16A0638,202610
E:N16A1448,202610
E:N16A2199,202610
E:N16A3434,202610
E:N16A4076,202610
E:N16A4769,202610
E:N16A6121,202610
E:N16A6339,202610
E:N16A6517,202610
E:N16A6725,202610
E:N1700576,202610
E:N1703460,202610
E:N1706541,202610
E:N17A4734,202610
E:N1803947,202610
E:N18A1597,202610
E:N18A3949,202610
E:N18A4294,202610
E:N18A4769,202610
E:N1902810,202610
E:N1905302,202610
E:N19A3796,202610
E:N19A4497,202610
E:N19A4506,202610
E:N19A4546,202610
E:N19A4615,202610
E:N19A5089,202610
E:N19A5168,202610
E:N19A5178,202610
E:N2004635,202610
E:N2004993,202610
E:N21A0558,202610
E:N21A1992,202610
E:N21A2712,202610
E:N21A2772,202610
E:N22A1333,202610
E:N2300767,202610
E:N2301139,202610
E:N2308334,202610
E:N2310905,202610
E:N2310941,202610
E:N2310987,202610
E:N2405507,202610
E:N2407912,202610
E:N2408124,202610
E:N2408786,202610
E:N2507695,202610
E:N2508030,202610
E:N2508352,202610
E:N2508754,202610
E:N2706983,202610
E:N2805918,202610
E:N2806371,202610
E:N2808133,202610
E:N2809489,202610
E:N2809685,202610
E:N2809934,202610
E:N2900267,202610
E:N2901755,202610
E:N2901871,202610
E:N2901899,202610
E:N2902109,202610
E:N2902234,202610
E:N2904318,202610
E:N2907186,202610
E:N2907551,202610
E:N2908432,202610
E:N29A1863,202610
E:N29A2504,202610
E:N29A3651,202610
E:N29A5984,202610
E:N29A7168,202610
E:N29A7188,202610
E:N3103637,202610
E:N3205967,202610
E:N3206160,202610
E:N3206955,202610
E:N3207032,202610
E:N3207229,202610
E:N3207756,202610
E:O1700083,202610
E:O1700725,202610
E:O1700805,202610
E:O1702523,202610
E:O1703020,202610
E:O1703280,202610
E:O1703299,202610
E:O1703351,202610
E:O1706843,202610
E:O1707242,202610
E:O1707331,202610
E:O1713160,202610
E:O1737848,202610
E:O1743837,202610
E:O1753262,202610
E:O17A7093,202610
E:O17B1101,202610
E:O17K0872,202610
E:O17K5763,202610
E:O17K9993,202610
E:O17L2524,202610
E:O17L2762,202610
E:O17L5964,202610
E:O17L6556,202610
E:O17L8126,202610
E:O17M2808,202610
E:O17M4547,202610
E:O17M7551,202610
E:O17M7828,202610
E:O17M8915,202610
E:O17M9488,202610
E:O17M9557,202610
E:O17M9824,202610
E:O17M9834,202610
E:O17M9844,202610
E:O17N0116,202610
E:O17N0285,202610
E:O17N1194,202610
E:O17N2261,202610
E:O17N2944,202610
E:O17N3170,202610
E:O17N3912,202610
E:O17N6184,202610
E:O17N7904,202610
E:O17N8388,202610
E:O17N8398,202610
E:O17N8516,202610
E:O17N9316,202610
E:O17N9356,202610
E:O17N9594,202610
E:O17P2317,202610
E:O17P2466,202610
E:O17P3038,202610
E:O17P3206,202610
E:O17P3345,202610
E:O17P4739,202610
E:O17P4888,202610
E:O17P5311,202610
E:O17P5559,202610
E:O17P5569,202610
E:O17P5688,202610
E:O17P6032,202610
E:O17P6121,202610
E:O17P6161,202610
E:O17P7496,202610
E:O17P7941,202610
E:O17P8256,202610
E:O17P8325,202610
E:O17P8355,202610
E:O17P8484,202610
E:O17P8513,202610
E:O17P8583,202610
E:O17P8939,202610
E:O17P9076,202610
E:O17P9244,202610
E:O17P9303,202610
E:O17P9373,202610
E:O17P9600,202610
E:O17P9709,202610
E:O17P9828,202610
E:O17Q0130,202610
E:O17Q0190,202610
E:O17Q0299,202610
E:O17Q0338,202610
E:O17Q0695,202610
E:O17Q0764,202610
E:O17Q1069,202610
E:O17Q1485,202610
E:O17Q1613,202610
E:O17Q2146,202610
E:O17Q2156,202610
E:O17Q2205,202610
E:O17Q3085,202610
E:O17Q3213,202610
E:O17Q3332,202610
E:O17Q3382,202610
E:O17Q3451,202610
E:O17Q3510,202610
E:O17Q4132,202610
E:O17Q4578,202610
E:O17Q4637,202610
E:O17Q4687,202610
E:O17Q4776,202610
E:O17Q5269,202610
E:O17Q6158,202610
E:O17Q6346,202610
E:O17Q6356,202610
E:O17Q6386,202610
E:O17Q6465,202610
E:O17Q6801,202610
E:O17Q6821,202610
E:O17Q7047,202610
E:O17Q7582,202610
E:O17Q7889,202610
E:O17Q8104,202610
E:O17Q8114,202610
E:O17Q8174,202610
E:O17Q8263,202610
E:O17Q8273,202610
E:O17Q8332,202610
E:O17Q8441,202610
E:O17Q8500,202610
E:O17Q8649,202610
E:O17Q8659,202610
E:O17Q8669,202610
E:O17Q8699,202610
E:O17Q8708,202610
E:O17Q8827,202610
E:O17Q8857,202610
E:O17Q8956,202610
E:O17Q9083,202610
E:O17Q9182,202610
E:O17Q9231,202610
E:O17Q9390,202610
E:O17Q9449,202610
E:O17Q9528,202610
E:O17Q9875,202610
E:O17Q9885,202610
E:O17Q9984,202610
E:O17Q9994,202610
E:O17R0107,202610
E:O17R0167,202610
E:O17R0197,202610
E:O17R0216,202610
E:O17R0335,202610
E:O17R0444,202610
E:O17R0553,202610
E:O17R0682,202610
E:O17R0692,202610
E:O17R0830,202610
E:P4600334,202610
E:P4601153,202610
E:P4601233,202610
E:P4601626,202610
E:P4601671,202610
E:P4602294,202610
E:P4602552,202610
E:P4602589,202610
E:P4602598,202610
E:P4602990,202610
E:P4603246,202610
E:P4603264,202610
E:P4606621,202610
E:P4606818,202610
E:P4607646,202610
E:P4607851,202610
E:P4607879,202610
E:P4607913,202610
E:P46A0792,202610
E:P46A0851,202610
E:P46A0940,202610
E:P46A1423,202610
E:P46A1582,202610
E:P46A1611,202610
E:P46A3083,202610
E:P46A3479,202610
E:P46A3508,202610
E:P46A4140,202610
E:P46A4160,202610
E:P46A4437,202610
E:P46A5910,202610
E:P46A6275,202610
E:P46A6285,202610
E:P46A6344,202610
E:P46A7124,202610
E:P46A8053,202610
E:P46A8825,202610
E:P46A9754,202610
E:P46B0571,202610
E:P46B2993,202610
E:P46B3060,202610
E:P46B3446,202610
E:P46B3476,202610
E:P46B3654,202610
E:P46B4058,202610
E:P46B4632,202610
E:P46B4860,202610
E:P46B4999,202610
E:P46B5076,202610
E:P46B5442,202610
E:P46B5818,202610
E:P46B5967,202610
E:P46B6222,202610
E:P46B6549,202610
E:P46B7597,202610
E:P46B7785,202610
E:P46B8218,202610
E:P46B8545,202610
E:P46B8604,202610
E:P46B8941,202610
E:P46B9078,202610
E:P46B9167,202610
E:P46B9197,202610
E:P46B9206,202610
E:P46C0162,202610
E:P46C0271,202610
E:P4700688,202610
E:P47A1369,202610
E:P47A1844,202610
E:P47A3553,202610
E:P47A3939,202610
E:P47A4561,202610
E:P47A4660,202610
E:P47A4680,202610
E:P4800594,202610
E:P4801322,202610
E:P4802847,202610
E:P48A5742,202610
E:P48A6572,202610
E:P48A6760,202610
E:P48A6879,202610
E:P48A7629,202610
E:P48A7669,202610
E:P48A7699,202610
E:P48A8320,202610
E:P48A8518,202610
E:P48A8607,202610
E:P48A8627,202610
E:P48A8687,202610
E:P48A8934,202610
E:P48A9695,202610
E:P48B0274,202610
E:P48B0472,202610
E:P48B0482,202610
E:P4901078,202610
E:P4904257,202610
E:P49A1705,202610
E:P49A3226,202610
E:P49A3256,202610
E:P5006938,202610
E:P5007168,202610
E:P5007177,202610
E:P5007186,202610
E:P51A1452,202610
E:P51A1789,202610
E:P51A2519,202610
E:P51A2767,202610
E:P51A2777,202610
E:P51A2787,202610
E:P51A2945,202610
E:P52A0994,202610
E:P52A1506,202610
E:P52A1902,202610
E:P52A2455,202610
E:P5300280,202610
E:P5300913,202610
E:P5301081,202610
E:P5395056,202610
E:P53A0127,202610
E:P53A0236,202610
E:P53A0672,202610
E:P5400258,202610
E:P54A0281,202610
E:P54A1259,202610
E:P54A2396,202610
E:P54A2663,202610
E:P54A2821,202610
E:P55A1046,202610
E:P55A1105,202610
E:P5706246,202610
E:P5707314,202610
E:P5802207,202610
E:P5805753,202610
E:P58A3839,202610
E:P58A4342,202610
E:P58A4481,202610
E:P58A4986,202610
E:P58A5172,202610
E:P58A5419,202610
E:P58A6308,202610
E:P58A7099,202610
E:P58A7633,202610
E:P58A7673,202610
E:P58A8087,202610
E:P5900593,202610
E:P5904171,202610
E:P60A0067,202610
E:P60A0215,202610
E:P60A1065,202610
E:P60A1451,202610
E:P60A1471,202610
E:P6103909,202610
E:P6103927,202610
E:P6103936,202610
E:P6103981,202610
E:P6104157,202610
E:P6104219,202610
E:P6104479,202610
E:P6104497,202610
E:P63A0042,202610
E:P63A0191,202610
E:P63A1109,202610
E:P63A1159,202610
E:P63A1545,202610
E:P63A2404,202610
E:P64A0918,202610
E:P6504282,202610
E:P6591392,202610
E:P6591454,202610
E:Q6600700,202610
E:Q6601092,202610
E:Q6695085,202610
E:Q66A3272,202610
E:Q66A4408,202610
E:Q66A5347,202610
E:Q66A5387,202610
E:Q66A5515,202610
E:Q66A5545,202610
E:Q66A5565,202610
E:Q66A5595,202610
E:Q66A5812,202610
E:Q66A6246,202610
E:Q66A6325,202610
E:Q66A6444,202610
E:Q66A6454,202610
E:Q66A6583,202610
E:Q66A6652,202610
E:Q67A0926,202610
E:Q67A1350,202610
E:Q67A1360,202610
E:Q67A1370,202610
E:Q67A1380,202610
E:Q67A1409,202610
E:Q67A1419,202610
E:Q67A1429,202610
E:Q67A1439,202610
E:Q67A1449,202610
E:Q67A1508,202610
E:Q67A1538,202610
E:Q67A1548,202610
E:Q67A1558,202610
E:Q67A1805,202610
E:Q67A2041,202610
E:Q67A2091,202610
E:Q67A2100,202610
E:Q67A2120,202610
E:Q67A2130,202610
E:Q67A2170,202610
E:Q67A2219,202610
E:Q67A2239,202610
E:Q67A2249,202610
E:Q67A2279,202610
E:Q67A2289,202610
E:Q67A2308,202610
E:Q6800326,202610
E:Q68A3004,202610
E:Q68A3648,202610
E:Q68A3678,202610
E:Q68A4379,202610
E:Q68A4507,202610
E:Q68A5733,202610
E:Q68A6404,202610
E:Q68A6553,202610
E:Q68A7462,202610
E:Q6900563,202610
E:Q6900572,202610
E:Q6900885,202610
E:Q6901686,202610
E:Q6901720,202610
E:Q6902914,202610
E:Q6902941,202610
E:Q6902978,202610
E:Q6907268,202610
E:Q6907839,202610
E:Q6908041,202610
E:Q6908765,202610
E:Q6995062,202610
E:Q69A0075,202610
E:Q69A4027,202610
E:Q69A5302,202610
E:Q69A5629,202610
E:Q69A5708,202610
E:Q69A7209,202610
E:Q69A7675,202610
E:Q69A8920,202610
E:Q69A9295,202610
E:Q69A9780,202610
E:Q69B0161,202610
E:Q69B1476,202610
E:Q69B1555,202610
E:Q69B2018,202610
E:Q69B2038,202610
E:Q7004962,202610
E:Q7104663,202610
E:Q7195333,202610
E:Q7195744,202610
E:Q7196116,202610
E:Q7197926,202610
E:Q7198601,202610
E:Q7296184,202610
E:Q7300076,202610
E:Q73A1502,202610
E:Q74A0965,202610
E:Q74A1042,202610
E:Q74A1052,202610
E:Q74A1200,202610
E:Q74A1250,202610
E:Q74A1270,202610
E:Q74A1309,202610
E:Q74A1339,202610
E:Q74A1379,202610
E:Q74A1389,202610
E:Q74A1458,202610
E:Q74A1468,202610
E:Q74A1478,202610
E:Q74A1517,202610
E:Q74A1527,202610
E:Q74A1557,202610
E:Q74A1567,202610
E:Q74A1577,202610
E:Q74A1616,202610
E:Q74A1626,202610
E:Q74A1696,202610
E:Q74A1765,202610
E:Q74A1775,202610
E:Q74A1785,202610
E:Q74A1795,202610
E:Q74A1844,202610
E:Q74A1854,202610
E:Q74A1894,202610
E:Q74A1913,202610
E:Q74A1923,202610
E:Q74A1933,202610
E:Q74A1943,202610
E:Q74A1973,202610
E:Q74A1983,202610
E:Q74A1993,202610
E:Q74A2070,202610
E:Q74A2080,202610
E:Q74A2090,202610
E:Q74A2109,202610
E:Q74A2179,202610
E:Q74A2238,202610
E:Q74A2278,202610
E:Q74A2327,202610
E:Q74A2337,202610
E:Q74A2347,202610
E:Q74A2357,202610
E:Q74A2377,202610
E:Q74A2387,202610
E:Q74A2397,202610
E:Q74A2416,202610
E:Q74A2426,202610
E:Q74A2446,202610
E:Q74A2456,202610
E:Q74A2466,202610
E:Q74A2486,202610
E:Q74A2496,202610
E:Q74A2535,202610
E:Q74A2545,202610
E:Q74A2555,202610
E:Q74A2713,202610
E:Q74A2723,202610
E:Q74A2763,202610
E:Q74A2773,202610
E:Q74A2783,202610
E:Q74A2793,202610
E:Q74A2802,202610
E:Q74A2822,202610
E:Q74A2832,202610
E:Q74A2842,202610
E:Q74A2852,202610
E:Q74A2862,202610
E:Q74A2872,202610
E:Q74A2882,202610
E:Q74A2901,202610
E:Q74A2911,202610
E:Q74A2921,202610
E:Q74A2931,202610
E:Q74A2941,202610
E:Q74A2951,202610
E:Q74A2961,202610
E:Q74A2971,202610
E:Q74A2981,202610
E:Q74A3305,202610
E:Q74A3315,202610
E:Q74A3335,202610
E:Q74A3345,202610
E:Q74A3355,202610
E:Q74A3365,202610
E:Q74A3375,202610
E:Q74A3385,202610
E:Q74A3424,202610
E:Q74A3434,202610
E:Q74A3444,202610
E:Q74A3474,202610
E:Q74A3494,202610
E:Q74A3503,202610
E:Q74A3513,202610
E:Q75A0782,202610
E:Q75A1176,202610
E:Q75A1196,202610
E:Q75A1374,202610
E:Q75A1522,202610
E:Q75A1631,202610
E:Q75A2075,202610
E:Q75A2283,202610
E:Q75A2441,202610
E:Q75A2510,202610
E:Q75A2639,202610
E:Q75A2728,202610
E:Q75A2738,202610
E:Q75A2778,202610
E:Q7601774,202610
E:Q76A1349,202610
E:Q76A1725,202610
E:Q76A2723,202610
E:Q76A2951,202610
E:Q76A3286,202610
E:Q76A4026,202610
E:Q76A5757,202610
E:Q76A6042,202610
E:Q76A6062,202610
E:Q76A6111,202610
E:Q76A6359,202610
E:Q76A6765,202610
E:Q76A6884,202610
E:Q76A7357,202610
E:Q76A7387,202610
E:Q76A7515,202610
E:Q76A7872,202610
E:Q76A8404,202610
E:Q76A8414,202610
E:Q76A8464,202610
E:Q76A8533,202610
E:Q76A8553,202610
E:Q7700585,202610
E:Q7702918,202610
E:Q77A2164,202610
E:Q77A3736,202610
E:Q77A4942,202610
E:Q77A5247,202610
E:Q77A5287,202610
E:Q77A5940,202610
E:Q77A6116,202610
E:Q78A2595,202610
E:Q78A3296,202610
E:Q8190798,202610
E:Q8190805,202610
E:Q8190814,202610
E:Q8191044,202610
E:Q8191062,202610
E:R00A0049,202610
E:R0300044,202610
E:R0300713,202610
E:R0404789,202610
E:R04A0039,202610
E:R0500179,202610
E:R0500464,202610
E:R0500562,202610
E:R1001906,202610
E:R1001951,202610
E:R10A1001,202610
E:R10A4203,202610
E:R1204907,202610
E:R1303085,202610
E:R1400472,202610
E:R1400927,202610
E:R1401219,202610
E:R1403937,202610
E:R1404970,202610
E:R1407604,202610
E:R14A0736,202610
E:R14A4619,202610
E:R14A6477,202610
E:R8400372,202610
E:R8400541,202610
E:R8400809,202610
E:R8406490,202610
E:R84A0774,202610
E:R84A1366,202610
E:R8500582,202610
E:R8500591,202610
E:R8500751,202610
E:R8500779,202610
E:R85A0066,202610
E:R8600489,202610
E:R8600587,202610
E:R8700144,202610
E:R8704259,202610
E:R8704526,202610
E:R8800149,202610
E:R8800701,202610
E:R8804076,202610
E:R88A0011,202610
E:R88A0170,202610
E:R88A0318,202610
E:R9000394,202610
E:R9000429,202610
E:R9000492,202610
E:R9001471,202610
E:R9001631,202610
E:R9004552,202610
E:R90A0580,202610
E:R90A1251,202610
E:R92A0748,202610
E:R9500424,202610
E:R9603206,202610
E:R9700326,202610
E:R9700353,202610
E:R9700586,202610
E:R9700639,202610
E:R9701092,202610
E:R9701396,202610
E:R9702071,202610
E:R9702160,202610
E:R9705358,202610
E:R97A0189,202610
E:R97A0981,202610
E:R9900022,202610
E:R9900077,202610
E:S15A4845,202610
E:S1600046,202610
E:S1602433,202610
E:S16A0224,202610
E:S16A0452,202610
E:S16A2042,202610
E:S16A2121,202610
E:S16A2260,202610
E:S1700416,202610
E:S1802764,202610
E:S1807189,202610
E:S1900014,202610
E:S1900283,202610
E:S1900578,202610
E:S1900612,202610
E:S1900630,202610
E:S1900658,202610
E:S1900667,202610
E:S1900729,202610
E:S1900738,202610
E:S1901066,202610
E:S1958663,202610
E:S19A0615,202610
E:S19A0912,202610
E:S2000424,202610
E:S2001314,202610
E:S2001967,202610
E:S2002517,202610
E:S2007772,202610
E:S2007950,202610
E:S2009856,202610
E:S2009927,202610
E:S2010895,202610
E:S2010975,202610
E:S2011276,202610
E:S2012282,202610
E:S2015416,202610
E:S20A0822,202610
E:S20A1830,202610
E:S20A2591,202610
E:S20A2868,202610
E:S20A2878,202610
E:S20A3292,202610
E:S20A3539,202610
E:S20A3688,202610
E:S20A3935,202610
E:S20A4042,202610
E:S2200611,202610
E:S2201136,202610
E:S2201207,202610
E:S2213663,202610
E:S2214866,202610
E:S22A0456,202610
E:S2300170,202610
E:S2300330,202610
E:S2300474,202610
E:S2300625,202610
E:S2300858,202610
E:S2300947,202610
E:S2300965,202610
E:S2400013,202610
E:S2401341,202610
E:S2500349,202610
E:S2600059,202610
E:S2601396,202610
E:S2602302,202610
E:S2603078,202610
E:S2603514,202610
E:S2800200,202610
E:S2804717,202610
E:S2900223,202610
E:S2900625,202610
E:S2900803,202610
E:S2901720,202610
E:S2902165,202610
E:S2902183,202610
E:S29A1112,202610
E:S29A1637,202610
E:S3001309,202610
E:S3100165,202610
E:S3200115,202610
E:S3200151,202610
E:S3200320,202610
E:S3204480,202610
E:S3204579,202610
E:S32A0193,202610
E:S3303380,202610
E:S3400964,202610
E:T4201306,202610
E:T4203168,202610
E:T4204496,202610
E:T42A5675,202610
E:T42B0909,202610
E:T42B1432,202610
E:T42B6610,202610
E:T42B6789,202610
E:T42B7103,202610
E:T42B7905,202610
E:T42B8953,202610
E:T42B9951,202610
E:T42B9991,202610
E:T4304106,202610
E:T43A0333,202610
E:T43A1638,202610
E:T43A2636,202610
E:T43A4563,202610
E:T43A4830,202610
E:T44A4122,202610
E:T44A4132,202610
E:T44A4172,202610
E:T4503172,202610
E:T45A2557,202610
E:T4600032,202610
E:T4600425,202610
E:T4700215,202610
E:T47A1539,202610
E:T47A1767,202610
E:T47A2408,202610
E:T47A2527,202610
E:T47A2597,202610
E:T47A3545,202610
E:T47A4157,202610
E:T47A4513,202610
E:T47A4761,202610
E:T47A4959,202610
E:T47A5115,202610
E:T4800943,202610
E:T4804165,202610
E:T4901687,202610
E:T5007982,202610
E:T5008765,202610
E:T5008783,202610
E:T51A1701,202610
E:T5200670,202610
E:T5200876,202610
E:T53A1127,202610
E:T53A1147,202610
E:T53A1157,202610
E:T5400036,202610
E:T5400107,202610
E:T5400410,202610
E:T5400483,202610
E:T5402585,202610
E:T5405675,202610
E:T5405700,202610
E:T5405737,202610
E:T54A5302,202610
E:T5504020,202610
E:T5504191,202610
E:T5700595,202610
E:T5704619,202610
E:T57A0337,202610
E:T57A1919,202610
E:T57A1939,202610
E:T5800134,202610
E:T5800947,202610
E:T5903130,202610
E:T61A0430,202610
E:T6503250,202610
E:T6503287,202610
E:T6600012,202610
E:T7390211,202610
E:U0100043,202610
E:U0190225,202610
E:U0190583,202610
E:U0190912,202610
E:U0191044,202610
E:U0191071,202610
E:U0191080,202610
E:U0303179,202610
E:U9100861,202610
E:U9101019,202610
E:U9101251,202610
E:U9101340,202610
E:U9102570,202610
E:U9102721,202610
E:U9102927,202610
E:U9106354,202610
E:U9106498,202610
E:U9106872,202610
E:U91A0445,202610
E:U91A0732,202610
E:U91A1512,202610
E:U91A2213,202610
E:U91A2283,202610
E:U91A4081,202610
E:U91A4289,202610
E:U91A5693,202610
E:U91A6255,202610
E:U91A7065,202610
E:U91A8241,202610
E:U91A8706,202610
E:U91A9041,202610
E:U91A9665,202610
E:U91A9794,202610
E:U91A9932,202610
E:U91B0046,202610
E:U91B0175,202610
E:U91B0412,202610
E:U91B0690,202610
E:U91B1074,202610
E:U91B1084,202610
E:U91B1707,202610
E:U91B2012,202610
E:U91B2072,202610
E:U91B2082,202610
E:U91B2131,202610
E:U91B2240,202610
E:U91B2705,202610
E:U91B2834,202610
E:U91B2874,202610
E:U91B3149,202610
E:U91B3238,202610
E:U91B3654,202610
E:U91B3664,202610
E:U91B3684,202610
E:U91B3773,202610
E:U91B3951,202610
E:U92A0955,202610
E:U92A1012,202610
E:U92A1022,202610
E:U9305437,202610
E:U9305517,202610
E:U9305553,202610
E:U9305759,202610
E:U9305777,202610
E:U9400026,202610
E:U9400115,202610
E:U94A0272,202610
E:U94A1032,202610
E:U94A1270,202610
E:U94A1903,202610
E:U94A2505,202610
E:U94A2604,202610
E:U94A2614,202610
E:U94A2654,202610
E:U94A2674,202610
E:U9500183,202610
E:U9500656,202610
E:U9501715,202610
E:U9501840,202610
E:U9505955,202610
E:U95A0920,202610
E:U95A1998,202610
E:U95A2243,202610
E:U95A3182,202610
E:U95A3815,202610
E:U95A4190,202610
E:U95A4407,202610
E:U95A4576,202610
E:U95A6572,202610
E:U95A6730,202610
E:U95A6780,202610
E:U95A6839,202610
E:U95A6968,202610
E:U95A7293,202610
E:U95A7629,202610
E:U95A7639,202610
E:U95A7976,202610
E:U95A8093,202610
E:U95A8152,202610
E:U95A8162,202610
E:U95A8172,202610
E:U95A8548,202610
E:U96A0054,202610
E:U96A0301,202610
E:U96A1597,202610
E:U96A1646,202610
E:U96A1874,202610
E:U97A0435,202610
E:U9803232,202610
E:U9803241,202610
E:U99A0613,202610
E:U99A0772,202610
E:U99A0871,202610
E:U99A1047,202610
E:U99A1067,202610
E:V7501783,202610
E:V75A2248,202610
E:V75A3840,202610
E:V75A7496,202610
E:V75A8127,202610
E:V75B1940,202610
E:V75B3263,202610
E:V75B5239,202610
E:V75B5378,202610
E:V75B6029,202610
E:V75B6217,202610
E:V75B6227,202610
E:V75B6386,202610
E:V75B6465,202610
E:V75B6475,202610
E:V75B6702,202610
E:V75B7027,202610
E:V75B7493,202610
E:V75B7532,202610
E:V75B7562,202610
E:V75B8639,202610
E:V75B8798,202610
E:V75B8996,202610
E:V75B9033,202610
E:V75B9112,202610
E:V75B9419,202610
E:V75B9489,202610
E:V75B9627,202610
E:V75B9697,202610
E:V7605302,202610
E:V7605311,202610
E:V77A1517,202610
E:V7805866,202610
E:V7806274,202610
E:V7904195,202610
E:V8004872,202610
E:V8104028,202610
E:V8303218,202610
E:V8304073,202610
E:V8803384,202610
E:W0404930,202610
E:W0409140,202610
E:W0504775,202610
E:W0508228,202610
E:W0508782,202610
E:W0511207,202610
E:W0511547,202610
E:W0511770,202610
E:W0511805,202610
E:W0608572,202610
E:W0611524,202610
E:W0612727,202610
E:W0709243,202610
E:W0803559,202610
E:W0806149,202610
E:W0806327,202610
E:W6200258,202610
E:X04A4540,202610
E:X04A7277,202610
E:X04A8007,202610
E:X04A8017,202610
E:X04A8255,202610
E:X04A8493,202610
E:X04B0387,202610
E:X04B0397,202610
E:X04B0456,202610
E:X04B0505,202610
E:X04B0535,202610
E:X04B0545,202610
E:X0501232,202610
E:X0596571,202610
E:X0695533,202610
E:X0704877,202610
E:X0704902,202610
E:Z6304343,202610
E:Z6304352,202610
E:Z6305162,202610
E:Z6305288,202610
E:Z6305868,202610
E:Z6305911,202610
E:Z6305939,202610
E:Z6306016,202610
E:Z6306025,202610
E:Z6306445,202610
E:Z6603529,202610
E:Z6603645,202610
F:A-100001503-00001-8,202610
F:A-100065127-00001-0,202610
F:A-100070825-00001-1,202610
F:A-100074977-00001-3,202610
F:A-100080823-00001-0,202610
F:A-100093480-00001-3,202610
F:A-100114696-00001-6,202610
F:A-100115512-00001-4,202610
F:A-100138233-00001-9,202610
F:A-100149533-00001-4,202610
F:A-100157358-00001-8,202610
F:A-100158618-00001-8,202610
F:A-100192088-00001-7,202610
F:A-100254598-00001-2,202610
F:A-100537225-00001-3,202610
F:A-100542825-00001-5,202610
F:A-100546890-00001-1,202610
F:A-100550710-00001-7,202610
F:A-100551838-00002-0,202610
F:A-100565087-00001-0,202610
F:A-100618129-00001-6,202610
F:A-100621320-00001-3,202610
F:A-100624993-00001-2,202610
F:A-100626367-00001-9,202610
F:A-100629913-00001-9,202610
F:A-100629929-00001-6,202610
F:A-100631919-00001-8,202610
F:A-101162559-00001-8,202610
F:A-101187025-00018-1,202610
F:A-101323990-00001-6,202610
F:A-101341646-00001-4,202610
F:A-101398008-00001-8,202610
F:A-101438206-00001-3,202610
F:A-101505990-00002-9,202610
F:A-101526405-00003-4,202610
F:A-102381758-00001-3,202610
F:A-103028426-00014-8,202610
F:A-103753708-00001-2,202610
F:A-103753708-00002-3,202610
F:A-103753708-00003-4,202610
F:A-104247737-00001-3,202610
F:A-104247737-00003-5,202610
F:A-104262173-00003-6,202610
F:A-104396193-00002-5,202610
F:A-104622803-00001-4,202610
F:A-104626391-00001-0,202610
F:A-104777101-00001-6,202610
F:A-104819670-00003-6,202610
F:A-104827003-00001-3,202610
F:A-104837608-00001-5,202610
F:A-105062898-00006-2,202610
F:A-105062898-00007-3,202610
F:A-105123543-00001-2,202610
F:A-105635967-00002-1,202610
F:A-105635967-00003-2,202610
F:A-107219903-00001-0,202610
F:A-107241026-00001-1,202610
F:A-107524903-00001-9,202610
F:A-107618417-00004-6,202610
F:A-107620949-00001-6,202610
F:A-107722848-00001-7,202610
F:A-108594146-00003-8,202610
F:A-109836939-00004-9,202610
F:A-110345215-00001-0,202610
F:A-110360094-00001-2,202610
F:A-110396972-00003-8,202610
F:A-111010624-00002-5,202610
F:A-111016795-00002-0,202610
F:A-111310208-00001-5,202610
F:A-111820764-00001-8,202610
F:A-111820764-00010-8,202610
F:A-112233454-00001-3,202610
F:A-112485182-00001-0,202610
F:A-112878068-00004-2,202610
F:A-113090807-00003-9,202610
F:A-113109952-00004-2,202610
F:A-114004175-00016-7,202610
F:A-114325964-00003-5,202610
F:A-114330349-00001-6,202610
F:A-114734898-00001-3,202610
F:A-115034507-00001-4,202610
F:A-115286502-00002-9,202610
F:A-115416603-00001-5,202610
F:A-115642811-00001-7,202610
F:A-115650229-00002-0,202610
F:A-115980404-00001-0,202610
F:A-116171401-00002-1,202610
F:A-116286115-00001-9,202610
F:A-116305393-00004-2,202610
F:A-116306750-00003-9,202610
F:A-116380499-00001-9,202610
F:A-116724234-00001-8,202610
F:A-116852172-00031-4,202610
F:A-116852172-00032-5,202610
F:A-116852172-00033-6,202610
F:A-117086852-00001-6,202610
F:A-118643217-00003-3,202610
F:A-118852136-00003-5,202610
F:A-119035401-00001-2,202610
F:A-120872587-00001-8,202610
F:A-120998755-00002-5,202610
F:A-121258878-00004-3,202610
F:A-122036848-00005-6,202610
F:A-122048112-00001-9,202610
F:A-122179649-00001-9,202610
F:A-122179649-00003-1,202610
F:A-122328057-00002-9,202610
F:A-122345859-00004-0,202610
F:A-122347630-00001-6,202610
F:A-122354603-00002-5,202610
F:A-122387885-00001-2,202610
F:A-122453863-00001-2,202610
F:A-122611053-00001-9,202610
F:A-122628907-00001-5,202610
F:A-122640634-00013-9,202610
F:A-122662257-00561-2,202610
F:A-122662257-00562-3,202610
F:A-122662550-00331-3,202610
F:A-122662550-00368-3,202610
F:A-123309091-00019-5,202610
F:A-123732962-00003-5,202610
F:A-124305988-00001-8,202610
F:A-124319131-00001-3,202610
F:A-124321559-00002-1,202610
F:A-124325540-00001-4,202610
F:A-124329412-00001-6,202610
F:A-124333226-00001-4,202610
F:A-124345476-00001-4,202610
F:A-124345476-00006-9,202610
F:A-124451692-00002-3,202610
F:A-124452088-00001-2,202610
F:A-124478427-00001-7,202610
F:A-124478427-00007-3,202610
F:A-124481393-00001-3,202610
F:A-124488213-00001-1,202610
F:A-124488213-00002-2,202610
F:A-124577094-00001-7,202610
F:A-124744924-00001-5,202610
F:A-124765429-00002-9,202610
F:A-124765912-00001-5,202610
F:A-124772337-00001-4,202610
F:A-124775144-00001-3,202610
F:A-124777591-00002-2,202610
F:A-124956047-00001-6,202610
F:A-124964362-00001-5,202610
F:A-124972530-00003-3,202610
F:A-124976590-00001-1,202610
F:A-125039468-00001-6,202610
F:A-125094980-00002-7,202610
F:A-125094980-00003-8,202610
F:A-125094980-00004-9,202610
F:A-125094980-00005-0,202610
F:A-125094980-00007-2,202610
F:A-125094980-00018-4,202610
F:A-125094980-00036-4,202610
F:A-125094980-00044-3,202610
F:A-125094980-00045-4,202610
F:A-125100370-00005-1,202610
F:A-125103192-00001-2,202610
F:A-125125415-00001-4,202610
F:A-125144882-00001-3,202610
F:A-125508476-00001-6,202610
F:A-125553470-00002-1,202610
F:A-125555218-00001-2,202610
F:A-125564791-00005-2,202610
F:A-125564791-00006-3,202610
F:A-125654012-00002-5,202610
F:A-125664623-00002-4,202610
F:A-125665144-00002-3,202610
F:A-126215667-00001-4,202610
F:A-126235729-00001-5,202610
F:A-126256499-00002-3,202610
F:A-126365813-00001-3,202610
F:A-126367930-00001-5,202610
F:A-126373166-00001-3,202610
F:A-126373166-00005-7,202610
F:A-127007316-00001-5,202610
F:A-127163343-00001-8,202610
F:A-127333115-00001-4,202610
F:A-127339259-00005-3,202610
F:A-127349968-00001-7,202610
F:A-127350824-00001-0,202610
F:A-127542106-00001-6,202610
F:A-127542534-00001-1,202610
F:A-127564184-00001-6,202610
F:A-127714796-00001-2,202610
F:A-127746925-00001-1,202610
F:A-127755281-00001-6,202610
F:A-127763331-00003-3,202610
F:A-127766105-00040-6,202610
F:A-127766105-00041-7,202610
F:A-127766105-00043-9,202610
F:A-127766175-00001-0,202610
F:A-127962508-00001-8,202610
F:A-127983882-00003-8,202610
F:A-128000852-00001-4,202610
F:A-128110909-00001-9,202610
F:A-128177582-00005-3,202610
F:A-128180094-00001-1,202610
F:A-128188716-00001-0,202610
F:A-128196429-00001-0,202610
F:A-128208895-00030-3,202610
F:A-128208895-00031-4,202610
F:A-128216847-00001-7,202610
F:A-128228127-00001-1,202610
F:A-128366248-00001-8,202610
F:A-128461411-00001-6,202610
F:A-128461411-00004-9,202610
F:A-128469069-00015-8,202610
F:A-128673689-00001-8,202610
F:A-128673689-00003-0,202610
F:A-128673689-00004-1,202610
F:A-128673689-00020-9,202610
F:A-128673689-00025-4,202610
F:A-128673689-00027-6,202610
F:A-128675434-00001-8,202610
F:A-128708250-00001-1,202610
F:A-128820845-00001-6,202610
F:A-128832624-00002-5,202610
F:A-128837780-00001-2,202610
F:A-128848724-00001-2,202610
F:A-128852515-00001-5,202610
F:A-128953035-00001-4,202610
F:A-128959360-00001-1,202610
F:A-129042296-00004-6,202610
F:A-129066803-00011-4,202610
F:A-129067606-00007-1,202610
F:A-129078961-00008-8,202610
F:A-129079841-00001-9,202610
F:A-130020947-00001-4,202610
F:A-130313373-00001-2,202610
F:A-130413149-00001-4,202610
F:A-130865494-00002-9,202610
F:A-130953047-00002-1,202610
F:A-131108391-00003-7,202610
F:A-131165081-00001-4,202610
F:A-131231603-00002-9,202610
F:A-131250376-00001-6,202610
F:A-131279492-00002-7,202610
F:A-131855430-00001-8,202610
F:A-131855608-00001-5,202610
F:A-131876174-00001-6,202610
F:A-131877315-00001-4,202610
F:A-131880233-00002-8,202610
F:A-131953452-00001-1,202610
F:A-131958153-00001-4,202610
F:A-136523299-00013-1,202610
F:A-138466225-00001-5,202610
F:A-138468743-00001-2,202610
F:A-138514232-00001-7,202610
F:A-138562894-00001-4,202610
F:A-138570352-00001-2,202610
F:A-138573484-00001-1,202610
F:A-141364118-00001-7,202610
F:A-141368037-00001-1,202610
F:A-142235681-00001-0,202610
F:A-142282255-00001-9,202610
F:A-142342583-00001-0,202610
F:A-142343268-00001-1,202610
F:A-142414452-00002-6,202610
F:A-142415207-00001-4,202610
F:A-142422919-00001-2,202610
F:A-142425140-00002-2,202610
F:A-142432070-00005-5,202610
F:A-142497973-00001-4,202610
F:A-142511763-00001-8,202610
F:A-142523515-00001-6,202610
F:A-142558892-00001-2,202610
F:A-142627482-00001-4,202610
F:A-142627482-00002-5,202610
F:A-142632226-00001-6,202610
F:A-142643552-00002-1,202610
F:A-142649958-00002-7,202610
F:A-142659907-00002-2,202610
F:A-142733511-00001-5,202610
F:A-142822730-00004-0,202610
F:A-142822730-00005-1,202610
F:A-142823196-00008-1,202610
F:A-142824857-00007-5,202610
F:A-142824982-00001-8,202610
F:A-142825574-00005-0,202610
F:A-142830458-00001-3,202610
F:A-142834193-00001-3,202610
F:A-142835572-00001-5,202610
F:A-142846819-00001-1,202610
F:A-142855154-00001-3,202610
F:A-142857998-00001-1,202610
F:A-142859975-00002-9,202610
F:A-142863078-00001-7,202610
F:A-142991046-00001-4,202610
F:A-142996788-00001-2,202610
F:A-143369223-00002-2,202610
F:A-143707408-00001-2,202610
F:A-143888647-00001-7,202610
F:A-143904843-00001-4,202610
F:A-143910731-00001-7,202610
F:A-143941565-00004-9,202610
F:A-148727543-00001-9,202610
F:A-148792213-00001-5,202610
F:A-148800902-00001-0,202610
F:A-148902106-00001-9,202610
F:A-150654736-00001-5,202610
F:A-150762072-00004-1,202610
F:A-150775400-00003-9,202610
F:A-150780353-00002-1,202610
F:A-150787481-00016-5,202610
F:A-150787481-00017-6,202610
F:A-150793104-00001-8,202610
F:A-150863868-00001-3,202610
F:A-150866801-00001-3,202610
F:A-150874703-00003-5,202610
F:A-150879382-00001-1,202610
F:A-150880178-00003-8,202610
F:A-152208207-00001-5,202610
F:A-152239807-00001-5,202610
F:A-152290395-00003-6,202610
F:A-152335772-00003-5,202610
F:A-152344097-00001-3,202610
F:A-152532936-00001-4,202610
F:A-152556541-00001-2,202610
F:A-152591110-00001-3,202610
F:A-152600434-00006-8,202610
F:A-152634700-00005-0,202610
F:A-152659080-00001-4,202610
F:A-152850116-00001-7,202610
F:A-152883881-00002-3,202610
F:A-152931841-00001-2,202610
F:A-153087455-00001-6,202610
F:A-153089876-00044-2,202610
F:A-153100540-00009-5,202610
F:A-153106072-00001-3,202610
F:A-153323036-00001-4,202610
F:A-153323036-00002-5,202610
F:A-153323839-00003-7,202610
F:A-153326879-00002-3,202610
F:A-153349417-00001-5,202610
F:A-153353663-00001-3,202610
F:A-153353663-00002-4,202610
F:A-153465034-00001-9,202610
F:A-153524300-00001-1,202610
F:A-153555767-00001-2,202610
F:A-153646182-00001-4,202610
F:A-153680569-00001-1,202610
F:A-153685810-00008-2,202610
F:A-153685810-00010-5,202610
F:A-153685810-00011-6,202610
F:A-153723048-00001-1,202610
F:A-153727987-00002-8,202610
F:A-153753859-00001-4,202610
F:A-153762843-00007-3,202610
F:A-153766290-00001-7,202610
F:A-153773308-00001-5,202610
F:A-153777043-00001-5,202610
F:A-153777775-00001-7,202610
F:A-153922052-00011-8,202610
F:A-153926607-00001-7,202610
F:A-153927009-00002-5,202610
F:A-153928416-00002-8,202610
F:A-153941537-00005-0,202610
F:A-154165339-00001-5,202610
F:A-154170142-00001-3,202610
F:A-154185736-00002-9,202610
F:A-154199324-00011-7,202610
F:A-154199324-00056-6,202610
F:A-154320634-00003-8,202610
F:A-154321438-00001-9,202610
F:A-154327475-00001-6,202610
F:A-154332028-00001-6,202610
F:A-154332478-00001-5,202610
F:A-154332478-00006-0,202610
F:A-154332842-00001-0,202610
F:A-154334320-00001-3,202610
F:A-154350003-00001-9,202610
F:A-154359882-00001-3,202610
F:A-154361917-00001-5,202610
F:A-154369066-00002-9,202610
F:A-154543353-00001-1,202610
F:A-154663687-00001-4,202610
F:A-154688548-00001-7,202610
F:A-154737463-00013-1,202610
F:A-155181602-00001-7,202610
F:A-155714776-00001-1,202610
F:A-155722889-00001-5,202610
F:A-155751737-00001-9,202610
F:A-155800245-00001-8,202610
F:A-155802074-00001-0,202610
F:A-155830557-00002-8,202610
F:A-160323710-00002-2,202610
F:A-160331303-00001-8,202610
F:A-160349417-00001-3,202610
F:A-160399252-00001-5,202610
F:A-160455182-00001-0,202610
F:A-160468855-00006-6,202610
F:A-160651001-00001-8,202610
F:A-160727327-00001-3,202610
F:A-160796506-00001-8,202610
F:A-162084807-00001-4,202610
F:A-162123822-00001-5,202610
F:A-162153276-00001-1,202610
F:A-162160092-00001-5,202610
F:A-162166976-00001-2,202610
F:A-162237206-00001-7,202610
F:A-166266727-00001-1,202610
F:A-166611116-00018-5,202610
F:A-168828908-00002-9,202610
F:A-170365761-00002-5,202610
F:A-170447341-00001-9,202610
F:A-170453357-00001-3,202610
F:A-170461336-00002-0,202610
F:A-170483535-00001-4,202610
F:A-170836398-00009-1,202610
F:A-172917311-00001-0,202610
F:A-172999208-00001-5,202610
F:A-175345998-00001-9,202610
F:A-175916005-00001-2,202610
F:A-175918382-00001-2,202610
F:A-176385841-00001-1,202610
F:A-176406917-00001-9,202610
F:A-176429003-00001-0,202610
F:A-177209203-00001-9,202610
F:A-177407344-00001-5,202610
F:A-177483341-00001-6,202610
F:A-177483341-00008-3,202610
F:A-177508645-00001-1,202610
F:A-177900417-00002-5,202610
F:A-178276209-00003-2,202610
F:A-178345655-00001-2,202610
F:A-179809766-00001-1,202610
F:A-179815248-00001-3,202610
F:A-179823325-00001-8,202610
F:A-179855233-00001-1,202610
F:A-180189309-00001-7,202610
F:A-180198341-00004-6,202610
F:A-180287527-00001-8,202610
F:A-180288498-00001-6,202610
F:A-180297911-00001-6,202610
F:A-180299262-00001-7,202610
F:A-180305335-00001-6,202610
F:A-180422045-00005-8,202610
F:A-180481254-00002-2,202610
F:A-180541041-00002-3,202610
F:A-180606228-00001-1,202610
F:A-180618239-00001-6,202610
F:A-180618239-00005-0,202610
F:A-180659961-00001-3,202610
F:A-180665990-00001-2,202610
F:A-180680508-00001-4,202610
F:A-180684650-00003-8,202610
F:A-180687615-00001-0,202610
F:A-180694545-00001-0,202610
F:A-180695761-00001-1,202610
F:A-181598577-00004-2,202610
F:A-181612249-00001-2,202610
F:A-181668572-00001-2,202610
F:A-181785500-00011-4,202610
F:A-182142983-00001-6,202610
F:A-182809001-00004-0,202610
F:A-182823453-00001-4,202610
F:A-182870672-00003-1,202610
F:A-182871525-00011-8,202610
F:A-182880361-00001-5,202610
F:A-183056633-00004-6,202610
F:A-183074576-00001-9,202610
F:A-183115540-00001-6,202610
F:A-183160925-00007-9,202610
F:A-183160925-00008-0,202610
F:A-183160925-00012-5,202610
F:A-183160925-00013-6,202610
F:A-183170711-00002-8,202610
F:A-183178782-00001-3,202610
F:A-183182717-00001-6,202610
F:A-183196466-00001-2,202610
F:A-183197205-00001-4,202610
F:A-183206149-00001-2,202610
F:A-183224759-00001-9,202610
F:A-183224982-00002-8,202610
F:A-183259145-00001-6,202610
F:A-183308357-00001-6,202610
F:A-183469711-00001-8,202610
F:A-183475761-00001-0,202610
F:A-183614709-00001-7,202610
F:A-183626661-00001-7,202610
F:A-183637409-00003-1,202610
F:A-183673734-00001-0,202610
F:A-183745771-00002-2,202610
F:A-183783850-00002-2,202610
F:A-183903807-00001-7,202610
F:A-184285579-00001-7,202610
F:A-184303318-00001-9,202610
F:A-184460718-00001-7,202610
F:A-184460718-00002-8,202610
F:A-184478111-00001-3,202610
F:A-184707536-00069-3,202610
F:A-184743884-00001-5,202610
F:A-184743884-00002-6,202610
F:A-184770002-00001-7,202610
F:A-185002351-00007-9,202610
F:A-185131067-00001-0,202610
F:A-185132024-00001-4,202610
F:A-185336786-00001-5,202610
F:A-185336786-00002-6,202610
F:A-185430207-00001-8,202610
F:A-186016086-00001-4,202610
F:A-186161715-00001-4,202610
F:A-186367821-00004-3,202610
F:A-186475027-00001-8,202610
F:A-186488493-00001-9,202610
F:A-186494170-00001-8,202610
F:A-186710923-00001-5,202610
F:A-186713750-00001-6,202610
F:A-186721111-00001-6,202610
F:A-186721111-00003-8,202610
F:A-186721111-00007-2,202610
F:A-188110235-00001-7,202610
F:A-188152430-00002-1,202610
F:A-188155979-00001-1,202610
F:A-188163485-00001-2,202610
F:A-188164604-00001-6,202610
F:A-188211634-00001-2,202610
F:A-188214055-00001-2,202610
F:A-188215940-00001-6,202610
F:A-188217594-00002-4,202610
F:A-188218236-00001-7,202610
F:A-188218453-00003-0,202610
F:A-188223667-00001-1,202610
F:A-188230560-00001-1,202610
F:A-188292312-00001-4,202610
F:A-188294058-00001-3,202610
F:A-188295824-00001-5,202610
F:A-188296464-00001-6,202610
F:A-188354843-00001-2,202610
F:A-188360232-00001-1,202610
F:A-188363266-00001-1,202610
F:A-188366046-00001-0,202610
F:A-188368179-00001-9,202610
F:A-188369830-00001-4,202610
F:A-188373139-00001-1,202610
F:A-188376635-00001-5,202610
F:A-188381927-00001-5,202610
F:A-189125849-00002-6,202610
F:A-189155553-00001-0,202610
F:A-189157671-00001-3,202610
F:A-189171174-00001-7,202610
F:A-189171940-00001-8,202610
F:A-189180700-00002-3,202610
F:A-189186583-00001-7,202610
F:A-189443529-00003-5,202610
F:A-189451724-00003-1,202610
F:A-189459057-00001-6,202610
F:A-189476128-00002-5,202610
F:A-189589328-00462-2,202610
F:A-189590970-00001-6,202610
F:A-189615677-00003-0,202610
F:A-189624042-00001-4,202610
F:A-189628244-00001-2,202610
F:A-190071785-00001-6,202610
F:A-190076590-00001-5,202610
F:A-190084521-00001-8,202610
F:A-190117760-00001-0,202610
F:A-190124158-00003-1,202610
F:A-190124158-00004-2,202610
F:A-190124349-00001-1,202610
F:A-190135471-00045-7,202610
F:A-190147130-00001-4,202610
F:A-190169458-00001-1,202610
F:A-190183445-00001-3,202610
F:A-190210338-00001-5,202610
F:A-190243915-00001-2,202610
F:A-190257136-00001-2,202610
F:A-190285956-00001-3,202610
F:A-190333599-00001-0,202610
F:A-190333599-00002-1,202610
F:A-190334154-00001-8,202610
F:A-190338187-00001-8,202610
F:A-190349282-00001-6,202610
F:A-190362340-00002-7,202610
F:A-190371349-00001-5,202610
F:A-190397657-00001-5,202610
F:A-190398121-00001-2,202610
F:A-190398353-00001-9,202610
F:A-190436672-00001-6,202610
F:A-190451321-00001-4,202610
F:A-190475415-00001-4,202610
F:A-190510898-00001-9,202610
F:A-190517288-00002-0,202610
F:A-190539543-00001-7,202610
F:A-190545101-00001-4,202610
F:A-190602881-00001-3,202610
F:A-190615422-00001-8,202610
F:A-190616837-00001-9,202610
F:A-190712472-00001-1,202610
F:A-190713009-00001-8,202610
F:A-190742861-00001-6,202610
F:A-190742861-00004-9,202610
F:A-190871739-00001-3,202610
F:A-190885163-00001-9,202610
F:A-191002668-00001-1,202610
F:A-191047671-00001-4,202610
F:A-191103390-00001-5,202610
F:A-191113947-00001-4,202610
F:A-191718538-00001-1,202610
F:A-192737409-00001-0,202610
F:A-193118686-00001-1,202610
F:A-193130773-00001-2,202610
F:A-193138748-00001-2,202610
F:A-193141960-00001-2,202610
F:A-193187515-00001-8,202610
F:A-193204802-00001-7,202610
F:A-193206554-00001-3,202610
F:A-193367538-00001-3,202610
F:A-193367538-00002-4,202610
F:A-193522102-00009-1,202610
F:A-193525522-00001-2,202610
F:A-193610132-00003-6,202610
F:A-193712715-00001-4,202610
F:A-193714306-00001-2,202610
F:A-193739670-00001-3,202610
F:A-193777147-00001-4,202610
F:A-193790747-00001-5,202610
F:A-193845383-00001-2,202610
F:A-193916990-00001-5,202610
F:A-194013942-00001-1,202610
F:A-194072625-00001-4,202610
F:A-194078156-00001-9,202610
F:A-194103964-00001-5,202610
F:A-194113674-00001-4,202610
F:A-194143065-00001-1,202610
F:A-194175256-00002-9,202610
F:A-194205385-00002-6,202610
F:A-194265974-00004-8,202610
F:A-194266262-00002-7,202610
F:A-195466479-00001-9,202610
F:A-195487734-00001-6,202610
F:A-196754266-00001-4,202610
F:A-196819562-00001-5,202610
F:A-196822243-00001-5,202610
F:A-196823046-00001-7,202610
F:A-196830567-00001-3,202610
F:A-196927936-00001-0,202610
F:A-196958579-00001-7,202610
F:A-196962503-00003-1,202610
F:A-197059104-00001-4,202610
F:A-197128284-00002-1,202610
F:A-197162640-04134-5,202610
F:A-197162640-04172-7,202610
F:A-197162640-04178-3,202610
F:A-197162640-04215-5,202610
F:A-197307955-00001-4,202610
F:A-197459875-00002-4,202610
F:A-197471580-00002-1,202610
F:A-197551373-00001-9,202610
F:A-197594746-00001-0,202610
F:A-198642719-00001-5,202610
F:A-199617007-00001-8,202610
F:A-199981758-00001-5,202610
F:A-200000441-00002-0,202610
F:A-200001803-00001-2,202610
F:A-200006925-00001-2,202610
F:A-200008184-00001-1,202610
F:A-200008697-00001-0,202610
F:A-200012592-00001-9,202610
F:A-200012751-00001-6,202610
F:A-200013487-00001-3,202610
F:A-200014109-00001-5,202610
F:A-200014392-00001-9,202610
F:A-200014594-00001-3,202610
F:A-200014672-00001-0,202610
F:A-200014692-00001-2,202610
F:A-200014716-00001-9,202610
F:A-200014725-00003-1,202610
F:A-200014742-00001-8,202610
F:A-200014826-00001-1,202610
F:A-200014847-00001-4,202610
F:A-200016924-00001-2,202610
F:A-200021088-00001-9,202610
F:A-200022603-00001-3,202610
F:A-200027364-00001-2,202610
F:A-200028632-00001-1,202610
F:A-200031351-00001-3,202610
F:A-200031462-00002-7,202610
F:A-200032352-00001-5,202610
F:A-200032919-00001-4,202610
F:A-200033233-00001-4,202610
F:A-200033464-00001-0,202610
F:A-200035406-00001-8,202610
F:A-200037467-00001-7,202610
F:A-200044052-00005-9,202610
F:A-200045491-00034-9,202610
F:A-200045746-00002-7,202610
F:A-200047911-00001-2,202610
F:A-200048233-00002-1,202610
F:A-200048319-00001-5,202610
F:A-200048483-00002-8,202610
F:A-200048510-00001-8,202610
F:A-200049789-00001-7,202610
F:A-200050807-00001-0,202610
F:A-200055868-00001-2,202610
F:A-200056155-00001-2,202610
F:A-200058095-00004-0,202610
F:A-200060774-00001-4,202610
F:A-200064133-00003-9,202610
F:A-200068248-00001-8,202610
F:A-200075060-00001-8,202610
F:A-200076054-00002-3,202610
F:A-200078598-00002-8,202610
F:A-200082735-00001-5,202610
F:A-200084234-00001-1,202610
F:A-200085016-00001-0,202610
F:A-200085140-00002-9,202610
F:A-200086283-00001-7,202610
F:A-200087942-00001-0,202610
F:A-200088481-00001-9,202610
F:A-200089411-00001-3,202610
F:A-200089423-00002-7,202610
F:A-200095817-00002-1,202610
F:A-200096444-00002-8,202610
F:A-200099291-00002-1,202610
F:A-200103897-00001-8,202610
F:A-200106519-00001-2,202610
F:A-200108337-00002-3,202610
F:A-200108742-00001-2,202610
F:A-200109267-00001-5,202610
F:A-200110397-00001-1,202610
F:A-200111223-00001-0,202610
F:A-200114176-00001-0,202610
F:A-200114179-00001-3,202610
F:A-200118606-00001-2,202610
F:A-200119225-00002-1,202610
F:A-200119367-00002-8,202610
F:A-200119403-00001-8,202610
F:A-200120749-00001-3,202610
F:A-200123656-00003-5,202610
F:A-200123784-00002-6,202610
F:A-200127155-00001-1,202610
F:A-200127339-00001-5,202610
F:A-200128889-00002-7,202610
F:A-200129674-00001-9,202610
F:A-200129785-00002-3,202610
F:A-200129786-00001-3,202610
F:A-200129813-00001-4,202610
F:A-200129956-00001-2,202610
F:A-200130698-00001-7,202610
F:A-200130932-00002-9,202610
F:A-200131237-00001-7,202610
F:A-200131372-00001-7,202610
F:A-200131939-00001-6,202610
F:A-200133779-00003-2,202610
F:A-200134083-00003-1,202610
F:A-200134083-00004-2,202610
F:A-200134522-00001-7,202610
F:A-200138829-00001-1,202610
F:A-200141946-00001-5,202610
F:A-200142193-00001-0,202610
F:A-200144222-00001-5,202610
F:A-200144703-00002-0,202610
F:A-200144935-00001-6,202610
F:A-200145119-00001-1,202610
F:A-200147841-00004-8,202610
F:A-200149306-00001-3,202610
F:A-200152473-00002-3,202610
F:A-200153130-00001-3,202610
F:A-200153377-00001-6,202610
F:A-200153415-00001-9,202610
F:A-200153415-00005-3,202610
F:A-200153420-00002-6,202610
F:A-200153721-00003-1,202610
F:A-200155583-00001-7,202610
F:A-200156782-00001-9,202610
F:A-200157302-00002-9,202610
F:A-200157485-00001-0,202610
F:A-200159425-00001-6,202610
F:A-200160094-00002-1,202610
F:A-200160211-00002-2,202610
F:A-200160500-00001-2,202610
F:A-200162334-00001-9,202610
F:A-200166041-00002-9,202610
F:A-200172702-00002-0,202610
F:A-200173554-00001-5,202610
F:A-200174599-00002-6,202610
F:A-200177029-00001-6,202610
F:A-200177594-00001-3,202610
F:A-200177969-00001-9,202610
F:A-200178041-00001-1,202610
F:A-200182820-00001-1,202610
F:A-200183617-00001-6,202610
F:A-200184519-00002-9,202610
F:A-200192615-00002-5,202610
F:A-200193941-00002-8,202610
F:A-200194729-00002-3,202610
F:A-200194892-00002-4,202610
F:A-200195058-00002-9,202610
F:A-200195503-00001-3,202610
F:A-200197292-00002-1,202610
F:A-200200398-00001-2,202610
F:A-200201918-00009-9,202610
F:A-200201918-00010-1,202610
F:A-200201918-00011-2,202610
F:A-200203558-00001-3,202610
F:A-200204692-00002-4,202610
F:A-200205552-00001-9,202610
F:A-200211963-00001-2,202610
F:A-200214507-00002-0,202610
F:A-200218632-00002-3,202610
F:A-200219062-00002-1,202610
F:A-200219441-00001-1,202610
F:A-200221858-00001-6,202610
F:A-200222958-00001-8,202610
F:A-200223817-00001-3,202610
F:A-200225223-00001-6,202610
F:A-200227867-00002-3,202610
F:A-200234236-00001-0,202610
F:A-200234327-00001-1,202610
F:A-200234615-00001-1,202610
F:A-200234940-00002-3,202610
F:A-200235007-00001-7,202610
F:A-200236675-00001-9,202610
F:A-200236992-00002-2,202610
F:A-200237849-00001-3,202610
F:A-200239190-00001-4,202610
F:A-200239206-00001-2,202610
F:A-200240091-00001-6,202610
F:A-200241411-00001-3,202610
F:A-200243324-00001-8,202610
F:A-200245227-00001-2,202610
F:A-200245856-00002-1,202610
F:A-200247611-00001-1,202610
F:A-200247616-00002-7,202610
F:A-200248338-00001-8,202610
F:A-200248711-00002-4,202610
F:A-200248711-00004-6,202610
F:A-200249635-00001-9,202610
F:A-200249900-00002-5,202610
F:A-200251590-00002-3,202610
F:A-200251675-00001-6,202610
F:A-200255633-00001-4,202610
F:A-202255895-00001-6,202610
F:A-202255945-00001-2,202610
F:A-202258694-00001-6,202610
F:A-202261586-00001-0,202610
F:A-202261739-00001-0,202610
F:A-202262321-00002-9,202610
F:A-202263293-00001-7,202610
F:A-202266379-00001-5,202610
F:A-202266436-00001-9,202610
F:A-202267216-00001-6,202610
F:A-202267447-00001-2,202610
F:A-202267471-00001-9,202610
F:A-202267765-00002-6,202610
F:A-202268224-00001-6,202610
F:A-202268728-00001-5,202610
F:A-202269401-00002-5,202610
F:A-202270129-00001-3,202610
F:A-202271421-00001-9,202610
F:A-202271780-00001-7,202610
F:A-202274136-00001-5,202610
F:A-202274172-00001-5,202610
F:A-202275367-00001-2,202610
F:A-202275901-00002-7,202610
F:A-202276809-00001-4,202610
F:A-202277237-00001-0,202610
F:A-202277834-00001-3,202610
F:A-202279026-00001-8,202610
F:A-202279660-00001-2,202610
F:A-202281384-00001-8,202610
F:A-202282490-00002-8,202610
F:A-202283285-00001-0,202610
F:A-202284620-00001-4,202610
F:A-202284989-00001-2,202610
F:A-202285464-00001-1,202610
F:A-202288471-00001-2,202610
F:A-202289814-00001-4,202610
F:A-202292473-00001-9,202610
F:A-202292677-00001-5,202610
F:A-202293396-00001-4,202610
F:A-202293875-00001-6,202610
F:A-202293942-00001-1,202610
F:A-202294734-00001-1,202610
F:A-202294981-00001-5,202610
F:A-202296320-00001-4,202610
F:A-202296555-00001-4,202610
F:A-202296624-00001-1,202610
F:A-202296906-00001-4,202610
F:A-202297238-00001-3,202610
F:A-202297433-00001-0,202610
F:A-202297637-00001-6,202610
F:A-202297886-00001-2,202610
F:A-202299336-00001-4,202610
F:A-202299939-00002-4,202610
F:A-202299973-00001-1,202610
F:A-202300288-00001-3,202610
F:A-202300394-00001-1,202610
F:A-202301262-00001-6,202610
F:A-202301360-00001-5,202610
F:A-202301521-00001-4,202610
F:A-202302236-00001-8,202610
F:A-202303783-00001-6,202610
F:A-202304261-00001-8,202610
F:A-202304686-00001-9,202610
F:A-202305663-00001-5,202610
F:A-202305982-00001-9,202610
F:A-202309614-00001-5,202610
F:A-202310355-00001-9,202610
F:A-202311810-00001-6,202610
F:A-202312458-00001-5,202610
F:A-202314704-00001-1,202610
F:A-202317287-00001-0,202610
F:A-202317851-00001-7,202610
F:A-202318112-00001-8,202610
F:A-202318160-00001-1,202610
F:A-202318245-00001-5,202610
F:A-202318789-00001-8,202610
F:A-202319265-00001-8,202610
F:A-202319992-00001-5,202610
F:A-202320608-00001-1,202610
F:A-202320796-00001-9,202610
F:A-202322158-00001-3,202610
F:A-202322195-00001-4,202610
F:A-202322210-00001-2,202610
F:A-202323172-00001-0,202610
F:A-202324828-00001-9,202610
F:A-202326741-00002-6,202610
F:A-202327951-00001-9,202610
F:A-202328732-00001-7,202610
F:A-202329998-00001-2,202610
F:A-202333516-00001-3,202610
F:A-202333928-00001-0,202610
F:A-202333972-00001-9,202610
F:A-202335393-00001-8,202610
F:A-202337662-00001-9,202610
F:A-202337693-00001-3,202610
F:A-202337701-00001-3,202610
F:A-202338069-00001-1,202610
F:A-202338877-00001-8,202610
F:A-202338903-00001-8,202610
F:A-202338947-00001-6,202610
F:A-202339115-00001-4,202610
F:A-202339177-00001-2,202610
F:A-202339853-00001-3,202610
F:A-202340263-00002-1,202610
F:A-202341450-00001-9,202610
F:A-202342222-00001-7,202610
F:A-202342527-00001-5,202610
F:A-202343215-00001-0,202610
F:A-202343262-00001-2,202610
F:A-202343603-00001-1,202610
F:A-202345544-00001-7,202610
F:A-202345596-00001-4,202610
F:A-202346025-00001-2,202610
F:A-202346197-00001-2,202610
F:A-202347415-00001-6,202610
F:A-202347875-00001-6,202610
F:A-202348097-00001-3,202610
F:A-202348214-00001-4,202610
F:A-202348468-00001-5,202610
F:A-202348692-00001-4,202610
F:A-202348756-00001-5,202610
F:A-202348817-00001-3,202610
F:A-202348906-00001-2,202610
F:A-202348990-00001-5,202610
F:A-202349394-00001-4,202610
F:A-278957312-00004-5,202610
F:A-278957944-00001-3,202610
F:A-278957979-00001-1,202610
F:A-278958014-00001-2,202610
F:A-278958539-00002-5,202610
F:A-278958575-00002-5,202610
F:A-278961761-00001-5,202610
F:A-278961963-00002-0,202610
F:A-278962466-00001-8,202610
F:A-278962820-00001-2,202610
F:A-278965041-00001-0,202610
F:A-278965923-00001-9,202610
F:A-278966493-00002-3,202610
F:A-278966574-00001-2,202610
F:A-278966601-00002-4,202610
F:A-278966856-00001-5,202610
F:A-278966969-00001-0,202610
F:A-299998753-00001-9,202610
F:A-299999180-00001-4,202610
F:A-299999741-00001-7,202610
F:B-101187025-00001-4,202610
F:B-103787101-00008-4,202610
F:B-103787101-00181-6,202610
F:B-104424206-00004-5,202610
F:B-105634685-00005-1,202610
F:B-107448315-00001-2,202610
F:B-111347802-00001-6,202610
F:B-112186255-00001-0,202610
F:B-112658536-00011-7,202610
F:B-112698729-00003-6,202610
F:B-112804475-00001-1,202610
F:B-112936588-00001-2,202610
F:B-122641872-00002-3,202610
F:B-123060232-00001-8,202610
F:B-123148363-00001-0,202610
F:B-123148363-00004-3,202610
F:B-123148363-00019-9,202610
F:B-123912009-00001-6,202610
F:B-124456042-00001-7,202610
F:B-124780907-00001-7,202610
F:B-127359304-00178-8,202610
F:B-127373024-00001-8,202610
F:B-127714796-00004-6,202610
F:B-127766105-00069-8,202610
F:B-128438186-00001-0,202610
F:B-128489375-00001-6,202610
F:B-128530000-00002-9,202610
F:B-131096846-00001-7,202610
F:B-133378602-00007-8,202610
F:B-142342583-00002-2,202610
F:B-142627883-00002-1,202610
F:B-142756204-00027-8,202610
F:B-147032995-00001-9,202610
F:B-150878428-00001-2,202610
F:B-152616013-00003-6,202610
F:B-153699238-00002-6,202610
F:B-155718920-00024-2,202610
F:B-159003799-00003-4,202610
F:B-162249913-00001-6,202610
F:B-169731608-00001-0,202610
F:B-180299262-00009-6,202610
F:B-180619201-00001-7,202610
F:B-183084981-00002-2,202610
F:B-183563413-00001-3,202610
F:B-183743921-00001-7,202610
F:B-184707536-00001-0,202610
F:B-185132538-00001-5,202610
F:B-186367821-00005-5,202610
F:B-190359204-00011-3,202610
F:B-194479357-00001-8,202610
F:B-197162640-04059-2,202610
F:B-197162640-04069-3,202610
F:B-197162640-04107-6,202610
F:B-197162640-04218-9,202610
F:B-197286918-00307-9,202610
F:B-197286918-01051-6,202610
F:B-200175739-00005-7,202610
F:B-202258690-00001-3,202610
F:C-104310533-00001-0,202610
F:C-107569627-00004-6,202610
F:C-123148363-00002-2,202610
F:C-123557660-00001-5,202610
F:C-123821660-00001-9,202610
F:C-123821660-00011-0,202610
F:C-127339259-00006-6,202610
F:C-127339259-00007-7,202610
F:C-128877157-00001-6,202610
F:C-145114226-00003-8,202610
F:C-150979571-00001-4,202610
F:C-153190789-00005-7,202610
F:C-158156607-00001-9,202610
F:C-166347756-00001-5,202610
F:C-185219794-00001-6,202610
F:C-187536748-00001-9,202610
F:C-189406257-00022-5,202610
F:C-189965054-00001-7,202610
F:C-189965054-00002-8,202610
F:C-200203755-00001-4,202610
F:C-200207704-00001-2,202610
F:C-202301823-00001-1,202610
F:C-278962471-00001-6,202610
F:D-100628415-00001-8,202610
F:D-103787101-00004-2,202610
F:D-103787101-00182-9,202610
F:D-103787101-00540-7,202610
F:D-105644305-00001-9,202610
F:D-111167126-00005-1,202610
F:D-111820053-00001-2,202610
F:D-112262675-00001-3,202610
F:D-112895828-00019-4,202610
F:D-112895828-00022-8,202610
F:D-116307131-00001-4,202610
F:D-116791845-00003-5,202610
F:D-121251214-00109-9,202610
F:D-122265497-00001-9,202610
F:D-124782996-00007-5,202610
F:D-124949308-00002-2,202610
F:D-127384444-00003-0,202610
F:D-127609181-00001-6,202610
F:D-127609181-00002-7,202610
F:D-128409773-00009-0,202610
F:D-128409773-00011-3,202610
F:D-128409773-00014-6,202610
F:D-128943277-00008-1,202610
F:D-142710566-00001-3,202610
F:D-142710566-00002-4,202610
F:D-143835804-00055-6,202610
F:D-147086204-00002-4,202610
F:D-150776230-00003-4,202610
F:D-152295188-00001-2,202610
F:D-152490859-00001-4,202610
F:D-152500300-00001-7,202610
F:D-153093338-00001-6,202610
F:D-170650126-00002-0,202610
F:D-184128086-00001-9,202610
F:D-184784842-00003-9,202610
F:D-186278150-00001-9,202610
F:D-186278150-00002-0,202610
F:D-186367821-00003-5,202610
F:D-186386209-00008-1,202610
F:D-189606776-00001-1,202610
F:D-190208311-00001-6,202610
F:D-197162640-04169-6,202610
F:D-202339068-00001-4,202610
F:E-100127600-00001-9,202610
F:E-103159833-00002-6,202610
F:E-104633983-00001-9,202610
F:E-105258865-00006-7,202610
F:E-107448315-00003-7,202610
F:E-111347802-00004-2,202610
F:E-112895828-00001-6,202610
F:E-112895828-00002-7,202610
F:E-112895828-00021-8,202610
F:E-113125284-00003-1,202610
F:E-114057995-00002-4,202610
F:E-115950751-00001-6,202610
F:E-116791845-00001-4,202610
F:E-122030865-00004-2,202610
F:E-122522453-00003-0,202610
F:E-122956507-00001-9,202610
F:E-123060232-00005-5,202610
F:E-124293977-00208-5,202610
F:E-124974571-00002-3,202610
F:E-125110784-00001-1,202610
F:E-133378602-00004-8,202610
F:E-150765705-00001-8,202610
F:E-152561501-00004-1,202610
F:E-153243174-00001-2,202610
F:E-154638371-00001-0,202610
F:E-154638371-00003-2,202610
F:E-166349945-00001-9,202610
F:E-170472679-00729-2,202610
F:E-170472679-00730-4,202610
F:E-181002274-00001-7,202610
F:E-182985392-00002-0,202610
F:E-183092645-00001-0,202610
F:E-183452107-00002-4,202610
F:E-185002351-00010-7,202610
F:E-190003653-00001-9,202610
F:E-190219627-00001-9,202610
F:E-190683461-00083-0,202610
F:E-190683461-00084-1,202610
F:E-193698039-00001-0,202610
F:E-197162640-04165-3,202610
F:E-197162640-04198-9,202610
F:E-197286918-00867-3,202610
F:E-197493402-00001-1,202610
F:E-200161411-00001-8,202610
F:F-100033499-00001-2,202610
F:F-100054331-00001-0,202610
F:F-100058532-00002-8,202610
F:F-100093637-00001-2,202610
F:F-100131908-00001-6,202610
F:F-100140738-00002-8,202610
F:F-100154818-00001-1,202610
F:F-100155366-00001-0,202610
F:F-100156317-00001-7,202610
F:F-100167095-00001-2,202610
F:F-100180132-00001-9,202610
F:F-100186847-00001-8,202610
F:F-100204161-00001-8,202610
F:F-100211022-00001-2,202610
F:F-100211022-00002-3,202610
F:F-100216011-00001-5,202610
F:F-100222338-00001-4,202610
F:F-100232119-00001-2,202610
F:F-100247339-00001-2,202610
F:F-100250278-00001-8,202610
F:F-100251797-00001-5,202610
F:F-101529249-00002-7,202610
F:F-101813336-00006-4,202610
F:F-101858327-00001-8,202610
F:F-101864046-00001-3,202610
F:F-101865072-00001-3,202610
F:F-101871617-00001-5,202610
F:F-101883971-00001-1,202610
F:F-101912265-00006-5,202610
F:F-101924348-00001-5,202610
F:F-101927160-00001-0,202610
F:F-101930165-00001-9,202610
F:F-101933753-00001-5,202610
F:F-101941682-00002-6,202610
F:F-101950318-00002-2,202610
F:F-101966590-00001-0,202610
F:F-101968014-00001-3,202610
F:F-101984653-00001-0,202610
F:F-101984984-00001-7,202610
F:F-101988308-00002-2,202610
F:F-101995321-00001-4,202610
F:F-102077124-00001-7,202610
F:F-102082674-00001-3,202610
F:F-102090908-00001-2,202610
F:F-102163161-00001-4,202610
F:F-102163161-00002-5,202610
F:F-102181484-00001-2,202610
F:F-102215457-00001-0,202610
F:F-102269376-00002-0,202610
F:F-102293039-00001-2,202610
F:F-102296964-00001-2,202610
F:F-102300242-00001-7,202610
F:F-102312205-00001-9,202610
F:F-102356857-00002-1,202610
F:F-102368973-00001-2,202610
F:F-102496745-00001-1,202610
F:F-103028426-00003-1,202610
F:F-103049203-00001-5,202610
F:F-103088704-00003-6,202610
F:F-103319108-00001-9,202610
F:F-103322814-00001-7,202610
F:F-103341208-00001-5,202610
F:F-103341208-00002-6,202610
F:F-103561504-00001-8,202610
F:F-103561504-00003-0,202610
F:F-104274706-00001-4,202610
F:F-104275677-00016-8,202610
F:F-104285083-00006-9,202610
F:F-104309819-00002-9,202610
F:F-104389073-00035-5,202610
F:F-104424206-00001-6,202610
F:F-104424613-00001-8,202610
F:F-104610454-00002-9,202610
F:F-104647570-00001-7,202610
F:F-104674421-00001-2,202610
F:F-104817146-00001-5,202610
F:F-104890618-00001-0,202610
F:F-104985001-00006-6,202610
F:F-104987107-00001-0,202610
F:F-105015565-00001-1,202610
F:F-105078012-00001-7,202610
F:F-105135956-00017-5,202610
F:F-105135956-00050-2,202610
F:F-105152960-00001-2,202610
F:F-105174211-00001-5,202610
F:F-105182514-00001-0,202610
F:F-105182958-00001-2,202610
F:F-105193998-00001-8,202610
F:F-105626926-00001-0,202610
F:F-105634685-00001-1,202610
F:F-107015204-00001-3,202610
F:F-107228810-00001-2,202610
F:F-107488110-00004-6,202610
F:F-107488110-00008-0,202610
F:F-107553202-00001-8,202610
F:F-107578914-00001-5,202610
F:F-107716888-00001-9,202610
F:F-108544195-00001-0,202610
F:F-108576105-00001-6,202610
F:F-109499839-00071-2,202610
F:F-109654613-00001-8,202610
F:F-109749652-00001-6,202610
F:F-109867088-00001-0,202610
F:F-109878281-00001-7,202610
F:F-109881672-00001-5,202610
F:F-109974799-00002-9,202610
F:F-110086245-00003-2,202610
F:F-110534829-00002-7,202610
F:F-110612113-00002-0,202610
F:F-110647491-00001-6,202610
F:F-110673201-00002-5,202610
F:F-111120306-00001-8,202610
F:F-111454725-00001-3,202610
F:F-111473808-00001-6,202610
F:F-112205669-00001-5,202610
F:F-112267427-00001-5,202610
F:F-112298913-00001-9,202610
F:F-112298913-00003-1,202610
F:F-112339702-00001-1,202610
F:F-112365601-00001-8,202610
F:F-112365601-00018-6,202610
F:F-112400446-00002-6,202610
F:F-112422687-00003-8,202610
F:F-112487549-00005-8,202610
F:F-112642444-00001-1,202610
F:F-112658466-00001-2,202610
F:F-112663806-00001-6,202610
F:F-112676817-00003-4,202610
F:F-112692534-00002-7,202610
F:F-112708085-00001-5,202610
F:F-112708085-00004-8,202610
F:F-112711217-00001-6,202610
F:F-112713215-00001-6,202610
F:F-112713860-00001-2,202610
F:F-112716851-00001-5,202610
F:F-112716851-00049-7,202610
F:F-112724851-00001-4,202610
F:F-112725824-00001-5,202610
F:F-112745672-00003-0,202610
F:F-112767773-00001-4,202610
F:F-112773698-00001-7,202610
F:F-112777300-00001-1,202610
F:F-112777300-00003-3,202610
F:F-112777300-00009-9,202610
F:F-112797827-00001-7,202610
F:F-112821474-00001-3,202610
F:F-112821474-00002-4,202610
F:F-112853616-00001-6,202610
F:F-112856563-00018-8,202610
F:F-112858226-00001-8,202610
F:F-112862185-00001-7,202610
F:F-112866990-00001-5,202610
F:F-112870220-00002-7,202610
F:F-112870220-00003-8,202610
F:F-112871987-00002-8,202610
F:F-112891077-00001-9,202610
F:F-112891077-00005-3,202610
F:F-112891077-00006-4,202610
F:F-112897044-00001-9,202610
F:F-112910736-00006-8,202610
F:F-112914037-00001-1,202610
F:F-112953312-00002-1,202610
F:F-112954810-00001-4,202610
F:F-112954810-00002-5,202610
F:F-112954810-00003-6,202610
F:F-112954810-00005-8,202610
F:F-112978192-00002-4,202610
F:F-112979278-00001-9,202610
F:F-112985686-00001-9,202610
F:F-112993686-00001-8,202610
F:F-112995592-00003-8,202610
F:F-113010059-00001-3,202610
F:F-113029183-00002-2,202610
F:F-113029183-00004-4,202610
F:F-113048225-00005-3,202610
F:F-113049646-00004-0,202610
F:F-113049646-00010-7,202610
F:F-113057309-00001-2,202610
F:F-113074530-00001-7,202610
F:F-113098792-00001-3,202610
F:F-113101895-00001-2,202610
F:F-113110212-00001-5,202610
F:F-113125952-00001-2,202610
F:F-113132644-00001-8,202610
F:F-113195035-00001-1,202610
F:F-113195035-00003-3,202610
F:F-113371150-00001-5,202610
F:F-113372812-00001-1,202610
F:F-113680677-00001-2,202610
F:F-113681562-00001-6,202610
F:F-113691301-00001-8,202610
F:F-113692391-00001-8,202610
F:F-113784103-00001-1,202610
F:F-113784271-00002-8,202610
F:F-113790007-00001-1,202610
F:F-114004175-00035-3,202610
F:F-114015243-00001-4,202610
F:F-114173431-00001-8,202610
F:F-114264973-00001-0,202610
F:F-114269061-00001-3,202610
F:F-114502813-00001-8,202610
F:F-114506389-00002-1,202610
F:F-114735799-00001-9,202610
F:F-114877473-00001-5,202610
F:F-114889885-00001-5,202610
F:F-115222727-00001-2,202610
F:F-115640145-00002-1,202610
F:F-115764145-00003-9,202610
F:F-115764736-00002-4,202610
F:F-115854384-00001-2,202610
F:F-115979217-00006-0,202610
F:F-115996840-00004-9,202610
F:F-116070902-00001-9,202610
F:F-116077124-00001-2,202610
F:F-116077124-00003-4,202610
F:F-116079328-00001-0,202610
F:F-116098275-00042-7,202610
F:F-116132132-00001-3,202610
F:F-116142526-00003-3,202610
F:F-116166168-00001-9,202610
F:F-116168406-00004-9,202610
F:F-116177566-00001-3,202610
F:F-116186501-00001-2,202610
F:F-116186501-00002-3,202610
F:F-116186501-00005-6,202610
F:F-116199668-00001-0,202610
F:F-116218320-00011-8,202610
F:F-116218320-00014-1,202610
F:F-116245430-00001-9,202610
F:F-116247280-00001-4,202610
F:F-116255719-00001-0,202610
F:F-116265569-00001-4,202610
F:F-116265625-00005-1,202610
F:F-116301376-00005-5,202610
F:F-116305582-00001-4,202610
F:F-116326313-00001-9,202610
F:F-116334453-00001-3,202610
F:F-116370648-00007-5,202610
F:F-116379465-00001-5,202610
F:F-116390778-00001-5,202610
F:F-116402796-00001-9,202610
F:F-116404443-00001-0,202610
F:F-116417812-00001-4,202610
F:F-116481377-00001-1,202610
F:F-116491277-00001-1,202610
F:F-116522476-00001-7,202610
F:F-116530835-00011-6,202610
F:F-116543450-00001-2,202610
F:F-116571693-00001-2,202610
F:F-116571693-00002-3,202610
F:F-116573973-00001-5,202610
F:F-116586324-00006-4,202610
F:F-116602990-00001-7,202610
F:F-116611858-00001-0,202610
F:F-116611858-00002-1,202610
F:F-116642803-00003-6,202610
F:F-116648475-00001-5,202610
F:F-116650113-00001-7,202610
F:F-116650113-00003-9,202610
F:F-116654841-00001-9,202610
F:F-116661998-00001-0,202610
F:F-116688791-00001-0,202610
F:F-116727823-00001-0,202610
F:F-116753096-00089-7,202610
F:F-116759057-00002-5,202610
F:F-116759248-00001-6,202610
F:F-116775063-00003-1,202610
F:F-116783795-00001-0,202610
F:F-116783795-00003-2,202610
F:F-116785180-00002-1,202610
F:F-116791438-00001-3,202610
F:F-116791845-00002-6,202610
F:F-116903551-00001-4,202610
F:F-116928032-00001-5,202610
F:F-116928032-00002-6,202610
F:F-116932388-00001-4,202610
F:F-116942879-00001-0,202610
F:F-116987170-00001-3,202610
F:F-116987170-00002-4,202610
F:F-116995453-00001-6,202610
F:F-117043448-00001-5,202610
F:F-117283381-00002-8,202610
F:F-117438553-00001-0,202610
F:F-117447645-00001-2,202610
F:F-117454201-00001-8,202610
F:F-117454201-00003-0,202610
F:F-117630657-00001-9,202610
F:F-117813038-00003-7,202610
F:F-118071391-00001-4,202610
F:F-118263757-00001-3,202610
F:F-118455853-00003-5,202610
F:F-118463158-00002-1,202610
F:F-118852136-00001-8,202610
F:F-118868215-00001-3,202610
F:F-118868215-00002-4,202610
F:F-119087104-00001-4,202610
F:F-119425956-00001-5,202610
F:F-119442370-00001-4,202610
F:F-119503740-00002-4,202610
F:F-119504754-00004-2,202610
F:F-119516695-00001-6,202610
F:F-119871478-00001-9,202610
F:F-119873243-00001-1,202610
F:F-120025373-00001-6,202610
F:F-120272922-00001-0,202610
F:F-120275759-00001-1,202610
F:F-120457272-00001-3,202610
F:F-120459807-00001-9,202610
F:F-120773762-00002-9,202610
F:F-120970525-00001-4,202610
F:F-120992859-00001-8,202610
F:F-120992859-00004-1,202610
F:F-121260516-00001-7,202610
F:F-121510177-00004-1,202610
F:F-121564686-00001-2,202610
F:F-122053629-00001-3,202610
F:F-122057097-00001-6,202610
F:F-122071226-00001-6,202610
F:F-122071226-00004-9,202610
F:F-122102635-00002-6,202610
F:F-122115907-00001-1,202610
F:F-122161107-00001-4,202610
F:F-122173693-00001-7,202610
F:F-122176410-00001-7,202610
F:F-122183186-00001-5,202610
F:F-122199722-00001-8,202610
F:F-122203681-00001-8,202610
F:F-122219776-00001-0,202610
F:F-122220529-00001-8,202610
F:F-122285199-00003-4,202610
F:F-122316593-00001-5,202610
F:F-122318163-00001-0,202610
F:F-122328057-00005-7,202610
F:F-122334760-00001-1,202610
F:F-122345859-00003-4,202610
F:F-122367467-00001-1,202610
F:F-122370723-00001-0,202610
F:F-122373003-00001-4,202610
F:F-122396688-00001-8,202610
F:F-122407989-00016-1,202610
F:F-122418613-00001-1,202610
F:F-122443021-00002-3,202610
F:F-122454960-00001-6,202610
F:F-122455659-00001-2,202610
F:F-122479343-00001-8,202610
F:F-122487569-00002-8,202610
F:F-122510652-00001-7,202610
F:F-122511977-00001-8,202610
F:F-122563221-00001-7,202610
F:F-122571427-00002-5,202610
F:F-122596406-00001-8,202610
F:F-122606592-00001-6,202610
F:F-122607585-00001-9,202610
F:F-122640634-00001-1,202610
F:F-122640634-00015-6,202610
F:F-122645899-00001-9,202610
F:F-122689278-00002-9,202610
F:F-122718772-00001-0,202610
F:F-122718772-00026-7,202610
F:F-122719060-00001-1,202610
F:F-122719060-00003-3,202610
F:F-122721208-00165-9,202610
F:F-122729476-00002-4,202610
F:F-122742885-00003-4,202610
F:F-122746756-00005-7,202610
F:F-122746756-00007-9,202610
F:F-122748282-00001-9,202610
F:F-122751743-00001-5,202610
F:F-122751743-00053-2,202610
F:F-122751743-00054-3,202610
F:F-122751743-00076-7,202610
F:F-122751743-00112-8,202610
F:F-122779545-00002-6,202610
F:F-122857149-00001-2,202610
F:F-122870754-00001-9,202610
F:F-122911946-00001-8,202610
F:F-122917701-00001-3,202610
F:F-123044064-00001-7,202610
F:F-123044064-00003-9,202610
F:F-123048147-00001-3,202610
F:F-123060232-00004-5,202610
F:F-123071527-00001-1,202610
F:F-123108926-00001-5,202610
F:F-123123623-00001-6,202610
F:F-123140643-00001-7,202610
F:F-123140643-00002-8,202610
F:F-123140643-00003-9,202610
F:F-123162821-00001-9,202610
F:F-123166158-00001-6,202610
F:F-123175608-00001-6,202610
F:F-123181432-00001-8,202610
F:F-123190072-00006-3,202610
F:F-123225023-00001-3,202610
F:F-123225889-00001-3,202610
F:F-123237317-00001-2,202610
F:F-123244957-00001-0,202610
F:F-123251056-00001-8,202610
F:F-123251056-00002-9,202610
F:F-123271763-00001-5,202610
F:F-123293844-00001-9,202610
F:F-123293844-00003-1,202610
F:F-123295701-00001-3,202610
F:F-123322377-00001-3,202610
F:F-123326438-00001-5,202610
F:F-123391514-00001-2,202610
F:F-123394126-00001-4,202610
F:F-123420497-00001-5,202610
F:F-123420497-00003-7,202610
F:F-123454257-00001-6,202610
F:F-123476822-00001-8,202610
F:F-123478286-00001-4,202610
F:F-123489426-00001-2,202610
F:F-123500560-00001-5,202610
F:F-123507917-00001-8,202610
F:F-123516161-00001-9,202610
F:F-123516943-00001-7,202610
F:F-123565541-00001-5,202610
F:F-123582915-00001-9,202610
F:F-123615839-00002-2,202610
F:F-123617098-00001-0,202610
F:F-123625013-00002-7,202610
F:F-123689389-00001-2,202610
F:F-123723598-00001-3,202610
F:F-123738179-00001-4,202610
F:F-123753754-00002-1,202610
F:F-123763964-00001-4,202610
F:F-123788037-00001-2,202610
F:F-123810684-00001-6,202610
F:F-123832688-00001-4,202610
F:F-123832998-00001-8,202610
F:F-123848823-00001-2,202610
F:F-123848823-00002-3,202610
F:F-123898864-00002-3,202610
F:F-123911894-00001-1,202610
F:F-123920182-00003-3,202610
F:F-123921014-00001-6,202610
F:F-123930626-00001-5,202610
F:F-123930626-00002-6,202610
F:F-123937487-00001-7,202610
F:F-123979599-00001-7,202610
F:F-123996555-00001-8,202610
F:F-123996555-00003-0,202610
F:F-124206501-00005-8,202610
F:F-124210483-00001-8,202610
F:F-124210483-00004-1,202610
F:F-124218859-00042-8,202610
F:F-124223092-00001-8,202610
F:F-124223092-00003-0,202610
F:F-124251580-00002-2,202610
F:F-124259062-00001-4,202610
F:F-124262405-00001-9,202610
F:F-124280641-00001-1,202610
F:F-124282330-00001-8,202610
F:F-124293977-00176-0,202610
F:F-124305729-00001-6,202610
F:F-124319131-00004-1,202610
F:F-124325540-00002-0,202610
F:F-124329659-00001-4,202610
F:F-124329659-00022-7,202610
F:F-124329659-00109-3,202610
F:F-124329659-00110-5,202610
F:F-124357660-00197-3,202610
F:F-124359914-00001-1,202610
F:F-124370489-00001-1,202610
F:F-124378068-00001-2,202610
F:F-124381063-00001-1,202610
F:F-124386258-00001-2,202610
F:F-124386932-00001-1,202610
F:F-124390350-00003-2,202610
F:F-124394588-00001-7,202610
F:F-124415465-00002-6,202610
F:F-124422579-00018-7,202610
F:F-124423269-00003-8,202610
F:F-124451102-00001-3,202610
F:F-124453832-00002-6,202610
F:F-124469356-00001-3,202610
F:F-124478427-00003-4,202610
F:F-124489016-00001-8,202610
F:F-124491483-00005-3,202610
F:F-124539873-00001-5,202610
F:F-124543601-00002-0,202610
F:F-124543601-00003-1,202610
F:F-124690820-00001-5,202610
F:F-124692051-00001-3,202610
F:F-124692475-00017-0,202610
F:F-124692475-00070-9,202610
F:F-124694760-00002-3,202610
F:F-124695873-00001-8,202610
F:F-124701988-00001-3,202610
F:F-124703058-00001-3,202610
F:F-124703199-00001-9,202610
F:F-124705422-00001-0,202610
F:F-124707131-00005-3,202610
F:F-124708928-00001-4,202610
F:F-124709237-00001-8,202610
F:F-124713942-00001-6,202610
F:F-124719262-00003-9,202610
F:F-124720182-00001-0,202610
F:F-124720937-00001-8,202610
F:F-124724096-00002-9,202610
F:F-124724173-00001-4,202610
F:F-124726030-00001-8,202610
F:F-124730689-00001-3,202610
F:F-124732639-00001-0,202610
F:F-124733882-00005-5,202610
F:F-124735397-00003-6,202610
F:F-124737183-00001-9,202610
F:F-124743241-00002-2,202610
F:F-124743241-00003-3,202610
F:F-124761211-00001-8,202610
F:F-124765498-00001-9,202610
F:F-124766200-00002-2,202610
F:F-124770555-00001-9,202610
F:F-124772619-00005-6,202610
F:F-124778424-00001-2,202610
F:F-124780821-00001-6,202610
F:F-124780821-00002-7,202610
F:F-124781455-00003-2,202610
F:F-124782996-00001-1,202610
F:F-124866284-00002-5,202610
F:F-124936774-00003-8,202610
F:F-124942142-00002-3,202610
F:F-124955552-00004-4,202610
F:F-124962857-00004-0,202610
F:F-124977367-00013-2,202610
F:F-124977367-00016-5,202610
F:F-125014874-00001-5,202610
F:F-125014874-00005-9,202610
F:F-125021397-00001-3,202610
F:F-125023418-00001-9,202610
F:F-125028048-00001-3,202610
F:F-125028048-00002-4,202610
F:F-125028624-00001-3,202610
F:F-125028624-00002-4,202610
F:F-125028624-00003-5,202610
F:F-125036878-00001-3,202610
F:F-125042908-00001-4,202610
F:F-125053714-00001-1,202610
F:F-125066210-00001-6,202610
F:F-125083581-00001-6,202610
F:F-125089446-00001-2,202610
F:F-125094980-00001-1,202610
F:F-125094980-00014-5,202610
F:F-125094980-00016-7,202610
F:F-125094980-00046-0,202610
F:F-125122640-00001-6,202610
F:F-125123731-00001-8,202610
F:F-125129643-00004-9,202610
F:F-125129643-00006-1,202610
F:F-125137313-00001-9,202610
F:F-125144172-00002-1,202610
F:F-125151335-00001-9,202610
F:F-125169428-00003-3,202610
F:F-125513203-00001-5,202610
F:F-126187114-00001-4,202610
F:F-126187199-00003-9,202610
F:F-126509847-00002-6,202610
F:F-126522882-00002-0,202610
F:F-126523361-00002-3,202610
F:F-126525092-00001-5,202610
F:F-126526016-00001-2,202610
F:F-126529007-00002-6,202610
F:F-126529956-00003-0,202610
F:F-126530341-00003-0,202610
F:F-126532896-00001-5,202610
F:F-126536942-00001-1,202610
F:F-126544529-00001-1,202610
F:F-126548980-00001-6,202610
F:F-126551008-00001-1,202610
F:F-126555927-00001-5,202610
F:F-126555927-00002-6,202610
F:F-126722903-00001-5,202610
F:F-126735479-00003-9,202610
F:F-126738150-00001-6,202610
F:F-126738530-00001-8,202610
F:F-126744688-00001-9,202610
F:F-126753519-00001-2,202610
F:F-126759577-00006-7,202610
F:F-127005133-00001-5,202610
F:F-127013400-00001-1,202610
F:F-127278443-00003-3,202610
F:F-127301090-00001-6,202610
F:F-127303674-00002-7,202610
F:F-127322877-00001-2,202610
F:F-127332684-00002-0,202610
F:F-127339259-00004-7,202610
F:F-127344696-00001-5,202610
F:F-127359304-00001-7,202610
F:F-127368090-00015-4,202610
F:F-127369176-00002-6,202610
F:F-127374136-00003-9,202610
F:F-127374136-00005-1,202610
F:F-127391590-00001-0,202610
F:F-127439784-00001-8,202610
F:F-127442113-00001-8,202610
F:F-127450204-00001-8,202610
F:F-127450204-00004-1,202610
F:F-127514642-00002-6,202610
F:F-127516819-00002-4,202610
F:F-127544006-00001-2,202610
F:F-127552504-00001-4,202610
F:F-127578700-00001-0,202610
F:F-127602672-00001-6,202610
F:F-127624134-00001-3,202610
F:F-127648656-00001-8,202610
F:F-127648656-00002-9,202610
F:F-127653741-00001-9,202610
F:F-127653741-00003-1,202610
F:F-127656141-00001-6,202610
F:F-127663847-00001-7,202610
F:F-127670452-00001-7,202610
F:F-127746256-00001-3,202610
F:F-127746925-00002-7,202610
F:F-127752593-00001-4,202610
F:F-127766105-00107-5,202610
F:F-127770451-00003-9,202610
F:F-127783076-00003-6,202610
F:F-127788810-00001-5,202610
F:F-127788810-00005-9,202610
F:F-127798177-00001-2,202610
F:F-127802094-00001-6,202610
F:F-127810539-00001-9,202610
F:F-127810539-00002-0,202610
F:F-127831746-00001-2,202610
F:F-127854851-00001-4,202610
F:F-127858081-00001-3,202610
F:F-127859906-00001-0,202610
F:F-127868763-00001-1,202610
F:F-127899061-00002-7,202610
F:F-127899750-00001-1,202610
F:F-127920711-00001-3,202610
F:F-127953183-00001-2,202610
F:F-127953944-00001-7,202610
F:F-127955984-00002-4,202610
F:F-127963598-00001-3,202610
F:F-127963909-00001-9,202610
F:F-127981744-00001-6,202610
F:F-128022814-00001-1,202610
F:F-128026895-00001-4,202610
F:F-128067728-00002-5,202610
F:F-128070842-00001-5,202610
F:F-128082214-00001-1,202610
F:F-128082214-00004-4,202610
F:F-128091059-00001-8,202610
F:F-128108538-00001-9,202610
F:F-128131382-00001-2,202610
F:F-128145267-00001-9,202610
F:F-128154244-00001-4,202610
F:F-128174380-00001-7,202610
F:F-128177582-00011-5,202610
F:F-128185154-00001-8,202610
F:F-128187097-00009-4,202610
F:F-128194040-00001-2,202610
F:F-128199468-00001-1,202610
F:F-128200887-00013-2,202610
F:F-128208895-00028-5,202610
F:F-128323001-00001-3,202610
F:F-128324493-00001-9,202610
F:F-128335597-00002-7,202610
F:F-128338686-00002-9,202610
F:F-128338686-00005-2,202610
F:F-128350962-00001-9,202610
F:F-128370072-00002-4,202610
F:F-128373748-00001-6,202610
F:F-128376061-00001-7,202610
F:F-128377821-00001-2,202610
F:F-128400858-00001-9,202610
F:F-128402096-00001-5,202610
F:F-128445089-00001-4,202610
F:F-128463065-00002-9,202610
F:F-128469069-00012-0,202610
F:F-128488050-00001-9,202610
F:F-128490957-00001-8,202610
F:F-128514120-00010-7,202610
F:F-128525196-00001-2,202610
F:F-128535770-00001-1,202610
F:F-128544068-00001-1,202610
F:F-128552926-00001-3,202610
F:F-128556964-00001-9,202610
F:F-128559028-00001-3,202610
F:F-128559028-00003-5,202610
F:F-128587740-00001-5,202610
F:F-128636361-00001-9,202610
F:F-128640800-00001-2,202610
F:F-128640800-00003-4,202610
F:F-128646760-00002-4,202610
F:F-128649892-00001-2,202610
F:F-128705654-00007-7,202610
F:F-128708250-00004-9,202610
F:F-128744170-00001-7,202610
F:F-128752001-00001-9,202610
F:F-128774568-00001-1,202610
F:F-128789751-00002-2,202610
F:F-128801431-00001-1,202610
F:F-128811233-00001-2,202610
F:F-128811233-00004-5,202610
F:F-128811233-00005-6,202610
F:F-128869972-00031-8,202610
F:F-128869972-00078-9,202610
F:F-128869972-00128-5,202610
F:F-128871718-00001-6,202610
F:F-128873032-00002-8,202610
F:F-128886043-00001-3,202610
F:F-128899912-00007-8,202610
F:F-128927092-00002-4,202610
F:F-128930104-00002-2,202610
F:F-128933117-00001-8,202610
F:F-128947344-00001-5,202610
F:F-129035400-00001-7,202610
F:F-129036421-00001-1,202610
F:F-129036421-00023-5,202610
F:F-129036421-00034-7,202610
F:F-129050540-00002-0,202610
F:F-129065157-00001-9,202610
F:F-129068387-00001-7,202610
F:F-129083660-00001-8,202610
F:F-129086688-00003-3,202610
F:F-129112052-00001-6,202610
F:F-129113587-00001-0,202610
F:F-129130447-00006-9,202610
F:F-129130734-00001-3,202610
F:F-129131847-00001-9,202610
F:F-129137455-00001-0,202610
F:F-129137455-00002-1,202610
F:F-129139741-00003-2,202610
F:F-129142035-00001-0,202610
F:F-129144110-00001-6,202610
F:F-129146270-00001-5,202610
F:F-129146530-00001-4,202610
F:F-129149348-00001-4,202610
F:F-129158015-00001-5,202610
F:F-129158015-00002-6,202610
F:F-129163185-00001-9,202610
F:F-129164065-00001-7,202610
F:F-129166731-00001-9,202610
F:F-129166802-00001-8,202610
F:F-129167106-00008-3,202610
F:F-129171740-00001-5,202610
F:F-129174535-00001-0,202610
F:F-129174535-00004-3,202610
F:F-129175627-00005-7,202610
F:F-129176941-00001-3,202610
F:F-129180797-00001-7,202610
F:F-129181120-00002-9,202610
F:F-129275463-00001-2,202610
F:F-129281508-00002-0,202610
F:F-130270037-00001-6,202610
F:F-130271021-00001-0,202610
F:F-130276258-00001-7,202610
F:F-130289578-00001-6,202610
F:F-130293334-00001-1,202610
F:F-130301860-00001-5,202610
F:F-130307891-00001-5,202610
F:F-130310122-00001-6,202610
F:F-130310404-00001-9,202610
F:F-130399744-00001-3,202610
F:F-130831740-00001-0,202610
F:F-130873797-00001-8,202610
F:F-130888763-00001-7,202610
F:F-130888763-00002-8,202610
F:F-130907522-00001-2,202610
F:F-130922636-00001-5,202610
F:F-130965830-00001-8,202610
F:F-130965830-00003-0,202610
F:F-131118948-00001-9,202610
F:F-131141687-00001-5,202610
F:F-131183686-00001-0,202610
F:F-131256006-00001-7,202610
F:F-131421408-00001-7,202610
F:F-131421408-00002-8,202610
F:F-131435281-00001-1,202610
F:F-131445149-00006-0,202610
F:F-131470126-00001-8,202610
F:F-131473897-00005-0,202610
F:F-131519269-00003-2,202610
F:F-131689067-00001-4,202610
F:F-131696519-00002-5,202610
F:F-131847143-00001-5,202610
F:F-133084901-00001-2,202610
F:F-133255860-00001-6,202610
F:F-133255860-00002-7,202610
F:F-133259107-00001-4,202610
F:F-133285843-00002-1,202610
F:F-133288601-00001-5,202610
F:F-133327386-00001-9,202610
F:F-133355404-00001-1,202610
F:F-133378005-00001-3,202610
F:F-133421903-00001-9,202610
F:F-133652220-00001-7,202610
F:F-133759594-00001-9,202610
F:F-133821909-00001-9,202610
F:F-133833567-00001-2,202610
F:F-133833567-00004-5,202610
F:F-133846958-00001-0,202610
F:F-133853036-00001-5,202610
F:F-133853866-00001-6,202610
F:F-133853866-00003-8,202610
F:F-133866200-00001-2,202610
F:F-133938534-00001-2,202610
F:F-133976733-00001-5,202610
F:F-134020526-00001-6,202610
F:F-134110272-00001-4,202610
F:F-134124260-00001-6,202610
F:F-134133492-00001-3,202610
F:F-134144126-00001-9,202610
F:F-134146530-00001-0,202610
F:F-134152271-00001-9,202610
F:F-134157727-00001-0,202610
F:F-134176338-00001-9,202610
F:F-134195617-00001-0,202610
F:F-134205093-00002-1,202610
F:F-134227006-00001-8,202610
F:F-134227006-00002-9,202610
F:F-134227006-00005-2,202610
F:F-134236933-00005-1,202610
F:F-134287307-00001-8,202610
F:F-134298331-00001-7,202610
F:F-134342809-00001-7,202610
F:F-134382371-00004-8,202610
F:F-134382843-00001-9,202610
F:F-134419285-00001-0,202610
F:F-134419601-00001-2,202610
F:F-134428046-00001-5,202610
F:F-134440941-00002-4,202610
F:F-134440941-00009-1,202610
F:F-134457983-00001-7,202610
F:F-134463752-00001-8,202610
F:F-134470085-00001-5,202610
F:F-134479945-00001-9,202610
F:F-134523604-00001-1,202610
F:F-134531647-00001-7,202610
F:F-134534010-00001-4,202610
F:F-134581765-00001-3,202610
F:F-134584860-00001-2,202610
F:F-134592860-00001-1,202610
F:F-134592860-00002-2,202610
F:F-134653346-00001-8,202610
F:F-134657954-00001-7,202610
F:F-134665271-00001-8,202610
F:F-134671858-00001-6,202610
F:F-134671858-00002-7,202610
F:F-134751326-00002-6,202610
F:F-134760177-00001-9,202610
F:F-134761801-00001-4,202610
F:F-134768895-00001-4,202610
F:F-135068808-00001-2,202610
F:F-135152903-00001-2,202610
F:F-135187282-00001-0,202610
F:F-135320057-00001-9,202610
F:F-135325807-00001-7,202610
F:F-135348007-00002-5,202610
F:F-135376312-00001-4,202610
F:F-135379330-00003-9,202610
F:F-135382102-00001-8,202610
F:F-135427115-00001-2,202610
F:F-135466600-00001-4,202610
F:F-135501368-00002-6,202610
F:F-135549807-00001-5,202610
F:F-135557904-00001-2,202610
F:F-135824888-00001-0,202610
F:F-135874319-00001-4,202610
F:F-135880332-00001-6,202610
F:F-135882079-00001-6,202610
F:F-135913896-00001-8,202610
F:F-135931064-00001-5,202610
F:F-135951856-00001-6,202610
F:F-135975127-00001-3,202610
F:F-135975127-00002-4,202610
F:F-136102902-00001-7,202610
F:F-136134714-00001-3,202610
F:F-136151001-00001-1,202610
F:F-136158026-00001-5,202610
F:F-136190932-00001-7,202610
F:F-136233165-00001-3,202610
F:F-136252330-00001-8,202610
F:F-136286198-00001-7,202610
F:F-136289272-00001-3,202610
F:F-137011107-00001-4,202610
F:F-137180341-00001-1,202610
F:F-137180341-00002-2,202610
F:F-137507959-00001-9,202610
F:F-137877571-00001-9,202610
F:F-137886255-00001-8,202610
F:F-137889197-00001-6,202610
F:F-138045604-00001-4,202610
F:F-138427672-00001-3,202610
F:F-138443032-00001-1,202610
F:F-138443032-00002-2,202610
F:F-138506660-00004-1,202610
F:F-139611134-00001-2,202610
F:F-141054009-00001-7,202610
F:F-141070198-00001-4,202610
F:F-141071226-00001-7,202610
F:F-141076144-00001-1,202610
F:F-141076144-00002-2,202610
F:F-141090552-00001-0,202610
F:F-141092974-00002-1,202610
F:F-141093397-00001-0,202610
F:F-141094706-00003-7,202610
F:F-141364200-00001-4,202610
F:F-141365340-00002-1,202610
F:F-141371188-00001-7,202610
F:F-141371315-00001-9,202610
F:F-141374988-00001-8,202610
F:F-141384825-00001-9,202610
F:F-141393818-00001-1,202610
F:F-141397096-00003-5,202610
F:F-141399828-00001-8,202610
F:F-141404126-00001-6,202610
F:F-141405069-00001-3,202610
F:F-142228871-00001-8,202610
F:F-142231849-00001-7,202610
F:F-142232495-00001-5,202610
F:F-142236247-00001-4,202610
F:F-142241348-00001-2,202610
F:F-142245392-00001-5,202610
F:F-142255877-00001-4,202610
F:F-142273967-00003-6,202610
F:F-142294858-00001-6,202610
F:F-142581710-00001-2,202610
F:F-142615211-00001-6,202610
F:F-142617870-00001-9,202610
F:F-142630873-00018-5,202610
F:F-142634580-00030-8,202610
F:F-142636124-00002-3,202610
F:F-142636124-00004-5,202610
F:F-142642955-00001-1,202610
F:F-142646116-00002-5,202610
F:F-142646283-00001-9,202610
F:F-142650764-00001-8,202610
F:F-142695431-00001-8,202610
F:F-142697888-00001-6,202610
F:F-142700053-00001-5,202610
F:F-142702968-00001-2,202610
F:F-142708837-00003-5,202610
F:F-142710025-00001-5,202610
F:F-142710025-00004-8,202610
F:F-142712234-00002-0,202610
F:F-142712240-00001-6,202610
F:F-142719320-00001-2,202610
F:F-142721655-00001-6,202610
F:F-142722182-00001-2,202610
F:F-142725173-00001-5,202610
F:F-142725688-00001-6,202610
F:F-142725688-00003-8,202610
F:F-142726650-00001-6,202610
F:F-142728524-00001-8,202610
F:F-142728812-00001-8,202610
F:F-142729869-00001-1,202610
F:F-142733580-00001-6,202610
F:F-142734309-00001-6,202610
F:F-142734722-00001-5,202610
F:F-142737050-00001-2,202610
F:F-142737609-00045-0,202610
F:F-142737988-00001-2,202610
F:F-142739395-00003-8,202610
F:F-142760220-00002-8,202610
F:F-142826026-00046-3,202610
F:F-142829375-00001-4,202610
F:F-142851657-00002-3,202610
F:F-142860059-00001-8,202610
F:F-142860924-00004-2,202610
F:F-142860924-00005-3,202610
F:F-142862845-00001-3,202610
F:F-142868475-00003-0,202610
F:F-143636782-00001-3,202610
F:F-143740146-00021-5,202610
F:F-143752368-00002-3,202610
F:F-143787367-00001-9,202610
F:F-143844156-00001-9,202610
F:F-143889723-00001-8,202610
F:F-143900591-00002-6,202610
F:F-143943347-00001-1,202610
F:F-145016750-00003-4,202610
F:F-145128707-00006-3,202610
F:F-145889255-00002-1,202610
F:F-145903067-00001-8,202610
F:F-146014105-00001-5,202610
F:F-146186459-00001-7,202610
F:F-146277401-00002-6,202610
F:F-146379104-00001-8,202610
F:F-146393605-00002-1,202610
F:F-146399713-00001-6,202610
F:F-146427909-00001-5,202610
F:F-146457972-00001-8,202610
F:F-146467275-00001-5,202610
F:F-146685758-00001-3,202610
F:F-146685758-00002-4,202610
F:F-146685997-00002-9,202610
F:F-147010232-00001-3,202610
F:F-147034425-00001-3,202610
F:F-147042430-00001-8,202610
F:F-147076135-00001-7,202610
F:F-147080980-00001-0,202610
F:F-147085681-00001-3,202610
F:F-147092894-00001-7,202610
F:F-147103323-00001-7,202610
F:F-147973546-00004-2,202610
F:F-147984396-00001-4,202610
F:F-148781551-00001-3,202610
F:F-148827114-00002-0,202610
F:F-149923213-00001-7,202610
F:F-149979166-00001-5,202610
F:F-150562146-00001-3,202610
F:F-150644082-00001-3,202610
F:F-150646949-00001-7,202610
F:F-150652527-00003-8,202610
F:F-150662855-00001-1,202610
F:F-150671051-00001-9,202610
F:F-150679862-00001-7,202610
F:F-150765923-00003-3,202610
F:F-150768436-00001-3,202610
F:F-150778716-00001-5,202610
F:F-150779193-00005-9,202610
F:F-150780327-00002-7,202610
F:F-150780327-00003-8,202610
F:F-150785379-00001-8,202610
F:F-150785379-00002-9,202610
F:F-150796117-00001-0,202610
F:F-150797925-00002-9,202610
F:F-150798760-00002-7,202610
F:F-150841128-00001-3,202610
F:F-150843104-00002-0,202610
F:F-150846658-00002-7,202610
F:F-150848467-00001-6,202610
F:F-150850385-00001-8,202610
F:F-150851498-00001-4,202610
F:F-150854642-00004-1,202610
F:F-150885883-00002-0,202610
F:F-150892049-00001-1,202610
F:F-150894264-00001-2,202610
F:F-150895094-00011-5,202610
F:F-150906114-00002-1,202610
F:F-150949562-00007-0,202610
F:F-150955938-00001-8,202610
F:F-150968217-00001-2,202610
F:F-150968547-00001-8,202610
F:F-150973464-00001-2,202610
F:F-150975815-00001-4,202610
F:F-150978123-00001-9,202610
F:F-150980802-00001-6,202610
F:F-150982745-00001-4,202610
F:F-150984624-00001-2,202610
F:F-150986593-00001-9,202610
F:F-150987354-00001-5,202610
F:F-150987538-00001-9,202610
F:F-150987951-00002-9,202610
F:F-150991076-00001-1,202610
F:F-150994931-00002-5,202610
F:F-150998417-00001-7,202610
F:F-150999458-00001-3,202610
F:F-152514108-00001-0,202610
F:F-152588001-00004-6,202610
F:F-152913891-00001-2,202610
F:F-153085674-00001-2,202610
F:F-153089876-00017-7,202610
F:F-153092561-00001-5,202610
F:F-153092561-00002-6,202610
F:F-153095716-00001-0,202610
F:F-153095716-00047-0,202610
F:F-153095716-00048-1,202610
F:F-153107797-00001-3,202610
F:F-153111005-00001-0,202610
F:F-153115419-00001-3,202610
F:F-153180430-00001-8,202610
F:F-153180430-00005-2,202610
F:F-153186820-00003-9,202610
F:F-153190789-00001-6,202610
F:F-153191936-00002-2,202610
F:F-153191936-00003-3,202610
F:F-153192956-00001-4,202610
F:F-153199162-00002-1,202610
F:F-153199971-00001-8,202610
F:F-153202103-00001-0,202610
F:F-153202568-00001-5,202610
F:F-153210321-00003-3,202610
F:F-153210379-00001-4,202610
F:F-153210379-00003-6,202610
F:F-153212799-00001-2,202610
F:F-153221565-00004-6,202610
F:F-153225838-00002-1,202610
F:F-153226175-00001-5,202610
F:F-153226549-00020-1,202610
F:F-153280923-00003-8,202610
F:F-153280923-00004-9,202610
F:F-153319357-00001-0,202610
F:F-153323486-00001-8,202610
F:F-153326272-00001-4,202610
F:F-153352952-00016-4,202610
F:F-153352952-00050-2,202610
F:F-153411185-00005-6,202610
F:F-153413352-00001-0,202610
F:F-153415008-00004-3,202610
F:F-153417131-00001-9,202610
F:F-153418639-00005-7,202610
F:F-153419356-00001-0,202610
F:F-153423056-00007-8,202610
F:F-153427270-00002-5,202610
F:F-153427270-00004-7,202610
F:F-153428502-00001-3,202610
F:F-153431485-00001-7,202610
F:F-153434602-00001-1,202610
F:F-153436236-00001-6,202610
F:F-153436236-00003-8,202610
F:F-153437468-00003-6,202610
F:F-153437636-00001-1,202610
F:F-153458569-00002-0,202610
F:F-153458569-00003-1,202610
F:F-153460100-00001-3,202610
F:F-153462064-00004-7,202610
F:F-153534807-00001-9,202610
F:F-153535587-00001-5,202610
F:F-153540548-00001-8,202610
F:F-153549962-00001-7,202610
F:F-153679161-00001-2,202610
F:F-153683051-00001-5,202610
F:F-153683833-00001-3,202610
F:F-153685001-00001-2,202610
F:F-153685419-00001-5,202610
F:F-153685810-00001-0,202610
F:F-153687134-00002-2,202610
F:F-153689956-00001-5,202610
F:F-153691812-00001-9,202610
F:F-153691897-00014-6,202610
F:F-153696247-00002-7,202610
F:F-153696247-00003-8,202610
F:F-153697837-00001-2,202610
F:F-153699238-00001-9,202610
F:F-153702917-00001-8,202610
F:F-153706316-00001-5,202610
F:F-153707928-00003-7,202610
F:F-153710249-00001-5,202610
F:F-153711471-00001-3,202610
F:F-153719023-00008-1,202610
F:F-153719234-00001-8,202610
F:F-153719311-00001-4,202610
F:F-153719620-00004-0,202610
F:F-153722414-00001-2,202610
F:F-153724216-00004-7,202610
F:F-153724216-00005-8,202610
F:F-153725307-00015-1,202610
F:F-153725637-00002-3,202610
F:F-153727987-00003-4,202610
F:F-153728873-00001-7,202610
F:F-153728873-00003-9,202610
F:F-153729198-00001-8,202610
F:F-153766290-00005-6,202610
F:F-153770724-00007-5,202610
F:F-153774931-00002-4,202610
F:F-153774931-00003-5,202610
F:F-153778009-00001-3,202610
F:F-153789651-00017-5,202610
F:F-153922216-00004-7,202610
F:F-153922216-00006-9,202610
F:F-153925831-00001-0,202610
F:F-153930567-00006-7,202610
F:F-153934705-00001-0,202610
F:F-153937386-00002-9,202610
F:F-153946836-00002-9,202610
F:F-153956735-00001-7,202610
F:F-153956735-00003-9,202610
F:F-154011481-00001-8,202610
F:F-154013185-00004-4,202610
F:F-154013609-00002-3,202610
F:F-154014678-00001-9,202610
F:F-154015705-00002-2,202610
F:F-154016140-00001-5,202610
F:F-154017788-00001-4,202610
F:F-154025181-00004-3,202610
F:F-154029004-00001-8,202610
F:F-154029004-00002-9,202610
F:F-154029004-00003-0,202610
F:F-154029406-00001-4,202610
F:F-154033112-00007-9,202610
F:F-154033204-00001-5,202610
F:F-154033648-00001-7,202610
F:F-154034294-00004-8,202610
F:F-154039880-00001-1,202610
F:F-154041675-00001-6,202610
F:F-154045790-00001-8,202610
F:F-154049199-00001-5,202610
F:F-154049846-00002-5,202610
F:F-154053284-00001-5,202610
F:F-154053313-00004-1,202610
F:F-154055473-00001-7,202610
F:F-154058160-00001-3,202610
F:F-154151784-00003-1,202610
F:F-154163509-00001-7,202610
F:F-154172330-00001-9,202610
F:F-154178405-00001-8,202610
F:F-154181892-00003-4,202610
F:F-154181892-00434-2,202610
F:F-154230747-00001-6,202610
F:F-154271465-00001-8,202610
F:F-154273920-00001-6,202610
F:F-154277088-00001-5,202610
F:F-154277088-00002-6,202610
F:F-154277088-00003-7,202610
F:F-154277088-00004-8,202610
F:F-154277088-00008-2,202610
F:F-154277398-00003-1,202610
F:F-154277685-00001-8,202610
F:F-154278158-00001-4,202610
F:F-154283151-00002-4,202610
F:F-154283568-00001-5,202610
F:F-154284285-00003-4,202610
F:F-154286039-00001-1,202610
F:F-154286360-00004-1,202610
F:F-154286360-00005-2,202610
F:F-154288091-00001-1,202610
F:F-154290006-00004-3,202610
F:F-154297063-00001-0,202610
F:F-154297887-00001-4,202610
F:F-154299077-00003-9,202610
F:F-154302045-00003-9,202610
F:F-154303332-00001-7,202610
F:F-154309011-00001-7,202610
F:F-154311348-00001-3,202610
F:F-154311348-00002-4,202610
F:F-154311348-00005-7,202610
F:F-154311749-00001-8,202610
F:F-154312542-00001-0,202610
F:F-154315479-00001-2,202610
F:F-154315935-00002-0,202610
F:F-154322534-00017-9,202610
F:F-154327926-00001-2,202610
F:F-154332478-00005-4,202610
F:F-154362161-00001-2,202610
F:F-154368355-00006-8,202610
F:F-154369066-00001-3,202610
F:F-154505560-00006-9,202610
F:F-154505560-00007-0,202610
F:F-154653479-00001-7,202610
F:F-154666410-00008-3,202610
F:F-154669140-00033-4,202610
F:F-154673685-00001-8,202610
F:F-154674919-00004-2,202610
F:F-154677508-00001-6,202610
F:F-154685937-00001-1,202610
F:F-154686936-00001-1,202610
F:F-154687739-00017-0,202610
F:F-154689510-00001-2,202610
F:F-154690805-00001-1,202610
F:F-154695457-00006-4,202610
F:F-154696667-00003-5,202610
F:F-154696667-00005-7,202610
F:F-154707165-00002-0,202610
F:F-154710204-00003-9,202610
F:F-154710204-00013-0,202610
F:F-154710204-00014-1,202610
F:F-154710204-00017-4,202610
F:F-154710632-00001-2,202610
F:F-154717972-00001-6,202610
F:F-154717972-00003-8,202610
F:F-154717972-00004-9,202610
F:F-154721119-00001-4,202610
F:F-154723019-00001-5,202610
F:F-154723019-00002-6,202610
F:F-154723518-00001-9,202610
F:F-154725163-00002-8,202610
F:F-154727296-00001-6,202610
F:F-154727319-00009-0,202610
F:F-154727970-00001-5,202610
F:F-154728577-00002-0,202610
F:F-154729317-00001-2,202610
F:F-154729415-00002-2,202610
F:F-154731340-00001-1,202610
F:F-154731340-00003-3,202610
F:F-154734536-00001-1,202610
F:F-154734536-00004-4,202610
F:F-154734917-00002-5,202610
F:F-154735275-00001-2,202610
F:F-154736062-00001-7,202610
F:F-154831657-00001-3,202610
F:F-154836055-00001-0,202610
F:F-154837673-00003-9,202610
F:F-154839335-00002-5,202610
F:F-154843160-00001-5,202610
F:F-154843160-00003-7,202610
F:F-154845245-00001-1,202610
F:F-154845553-00001-3,202610
F:F-154848257-00005-1,202610
F:F-154850422-00005-8,202610
F:F-154850669-00001-7,202610
F:F-154851169-00001-3,202610
F:F-154851409-00001-0,202610
F:F-154854378-00001-8,202610
F:F-154854715-00001-3,202610
F:F-154854911-00001-1,202610
F:F-154856729-00032-4,202610
F:F-154857699-00001-7,202610
F:F-154857699-00004-0,202610
F:F-154857699-00005-1,202610
F:F-154857699-00006-2,202610
F:F-154857699-00007-3,202610
F:F-154857699-00010-7,202610
F:F-154857699-00011-8,202610
F:F-154857699-00044-4,202610
F:F-154859492-00001-0,202610
F:F-154860131-00002-3,202610
F:F-154865987-00002-7,202610
F:F-154866825-00001-8,202610
F:F-154868577-00001-4,202610
F:F-154871926-00001-6,202610
F:F-154873023-00001-6,202610
F:F-154873656-00001-8,202610
F:F-154876099-00002-3,202610
F:F-154877962-00001-2,202610
F:F-154879820-00001-7,202610
F:F-154880571-00001-2,202610
F:F-154942957-00001-9,202610
F:F-155646980-00003-9,202610
F:F-155848867-00001-5,202610
F:F-160010554-00001-5,202610
F:F-160014123-00001-1,202610
F:F-160016950-00001-1,202610
F:F-160025590-00001-1,202610
F:F-160031137-00001-5,202610
F:F-160035274-00001-1,202610
F:F-160039980-00001-9,202610
F:F-160044484-00001-4,202610
F:F-160049571-00001-6,202610
F:F-160051750-00001-8,202610
F:F-160076112-00001-7,202610
F:F-160083514-00001-1,202610
F:F-160324823-00001-2,202610
F:F-160352159-00001-5,202610
F:F-160353360-00001-0,202610
F:F-160410329-00001-9,202610
F:F-160425863-00001-8,202610
F:F-160431730-00001-8,202610
F:F-160466863-00001-3,202610
F:F-160474625-00001-8,202610
F:F-160499870-00002-8,202610
F:F-160500047-00002-7,202610
F:F-160518258-00001-9,202610
F:F-160527411-00001-0,202610
F:F-160551170-00002-0,202610
F:F-160558292-00001-1,202610
F:F-160563719-00001-1,202610
F:F-160569684-00001-8,202610
F:F-160605350-00001-9,202610
F:F-160605627-00001-6,202610
F:F-160633124-00001-9,202610
F:F-160639197-00001-5,202610
F:F-160651001-00003-5,202610
F:F-160657217-00001-8,202610
F:F-160663273-00001-7,202610
F:F-160663273-00002-8,202610
F:F-160691361-00001-6,202610
F:F-160696801-00001-0,202610
F:F-160698126-00001-2,202610
F:F-160708665-00001-2,202610
F:F-160729872-00001-5,202610
F:F-160730548-00001-7,202610
F:F-160782209-00001-8,202610
F:F-160782279-00001-5,202610
F:F-160787464-00001-6,202610
F:F-160787746-00001-9,202610
F:F-161238396-00001-2,202610
F:F-161238396-00002-3,202610
F:F-161251496-00001-8,202610
F:F-161253826-00001-7,202610
F:F-161262178-00001-7,202610
F:F-161272106-00001-9,202610
F:F-162061966-00001-0,202610
F:F-162075455-00001-8,202610
F:F-162126139-00001-4,202610
F:F-162133949-00001-1,202610
F:F-162134573-00002-6,202610
F:F-162179732-00001-1,202610
F:F-162191145-00001-3,202610
F:F-162226165-00001-4,202610
F:F-162250158-00001-3,202610
F:F-165120302-00003-5,202610
F:F-165145107-00001-3,202610
F:F-165186129-00001-2,202610
F:F-165186129-00004-5,202610
F:F-165186129-00014-6,202610
F:F-165657508-00001-6,202610
F:F-165803170-00009-2,202610
F:F-165803170-00013-7,202610
F:F-166252028-00001-5,202610
F:F-166252028-00003-7,202610
F:F-166263849-00001-8,202610
F:F-166263926-00003-6,202610
F:F-166266727-00003-8,202610
F:F-166281516-00001-9,202610
F:F-166281516-00003-1,202610
F:F-166281516-00004-2,202610
F:F-166383387-00001-8,202610
F:F-166415178-00001-2,202610
F:F-166455327-00002-3,202610
F:F-166476842-00001-7,202610
F:F-166496349-00001-1,202610
F:F-166501568-00001-1,202610
F:F-166512657-00001-2,202610
F:F-166521500-00001-9,202610
F:F-166530043-00001-1,202610
F:F-166548249-00058-0,202610
F:F-166556850-00001-5,202610
F:F-166589819-00001-6,202610
F:F-166596945-00001-4,202610
F:F-166612826-00001-1,202610
F:F-166612826-00002-2,202610
F:F-166621260-00006-8,202610
F:F-166624219-00002-1,202610
F:F-166630205-00001-2,202610
F:F-166646121-00001-6,202610
F:F-166654803-00002-3,202610
F:F-166655090-00002-2,202610
F:F-166800067-00001-7,202610
F:F-166800067-00005-1,202610
F:F-166845206-00002-2,202610
F:F-166861182-00001-2,202610
F:F-166904703-00001-9,202610
F:F-166905920-00001-1,202610
F:F-166909263-00001-5,202610
F:F-166910563-00001-0,202610
F:F-166921230-00003-5,202610
F:F-166932671-00001-4,202610
F:F-166941094-00002-4,202610
F:F-167275908-00001-8,202610
F:F-167275908-00003-0,202610
F:F-167313305-00006-7,202610
F:F-167794319-00002-1,202610
F:F-167797126-00001-9,202610
F:F-167804301-00001-3,202610
F:F-168009979-00002-3,202610
F:F-168070565-00001-1,202610
F:F-168138452-00001-1,202610
F:F-168213022-00002-9,202610
F:F-168618396-00001-1,202610
F:F-169251564-00001-2,202610
F:F-169308497-00001-0,202610
F:F-169309067-00004-7,202610
F:F-169369310-00001-1,202610
F:F-169394900-00001-4,202610
F:F-169426234-00001-0,202610
F:F-169427705-00003-6,202610
F:F-169431882-00001-5,202610
F:F-170353842-00001-6,202610
F:F-170353842-00002-7,202610
F:F-170353842-00006-1,202610
F:F-170363187-00001-9,202610
F:F-170365761-00008-6,202610
F:F-170370526-00002-5,202610
F:F-170377252-00001-7,202610
F:F-170396069-00002-5,202610
F:F-170447095-00001-0,202610
F:F-170450859-00001-2,202610
F:F-170455664-00001-1,202610
F:F-170472679-00001-6,202610
F:F-170472679-00003-8,202610
F:F-170472679-00708-0,202610
F:F-170472679-00849-6,202610
F:F-170482212-00001-0,202610
F:F-170484984-00001-8,202610
F:F-170509660-00001-7,202610
F:F-170521777-00001-0,202610
F:F-170530994-00002-2,202610
F:F-170531847-00001-9,202610
F:F-170534458-00001-0,202610
F:F-170604138-00005-7,202610
F:F-170618718-00001-2,202610
F:F-170622261-00001-0,202610
F:F-170650126-00001-1,202610
F:F-170651342-00001-2,202610
F:F-170690909-00001-4,202610
F:F-170690909-00003-6,202610
F:F-170693639-00001-7,202610
F:F-170717891-00002-5,202610
F:F-170737209-00001-9,202610
F:F-170738122-00001-4,202610
F:F-170738122-00005-8,202610
F:F-170790935-00001-4,202610
F:F-170790935-00082-3,202610
F:F-170837410-00001-4,202610
F:F-170840941-00001-7,202610
F:F-172652579-00001-7,202610
F:F-172652579-00005-1,202610
F:F-172679922-00001-8,202610
F:F-172689153-00001-5,202610
F:F-172695845-00001-0,202610
F:F-172825489-00001-9,202610
F:F-172856546-00001-7,202610
F:F-172857670-00001-6,202610
F:F-172869423-00001-5,202610
F:F-173799045-00001-8,202610
F:F-175567610-00001-1,202610
F:F-177403804-00001-7,202610
F:F-178276209-00002-6,202610
F:F-178280549-00001-7,202610
F:F-178285452-00001-5,202610
F:F-178585134-00001-5,202610
F:F-178889679-00001-6,202610
F:F-178893499-00001-1,202610
F:F-179950412-00001-1,202610
F:F-179956957-00001-1,202610
F:F-179957864-00001-9,202610
F:F-179957864-00004-2,202610
F:F-179964160-00001-6,202610
F:F-179966110-00010-3,202610
F:F-179971211-00001-1,202610
F:F-179988228-00001-7,202610
F:F-179990553-00002-2,202610
F:F-179992779-00001-3,202610
F:F-180000066-00003-6,202610
F:F-180005170-00001-5,202610
F:F-180007424-00001-9,202610
F:F-180014261-00001-6,202610
F:F-180016068-00001-3,202610
F:F-180018323-00001-9,202610
F:F-180024129-00001-0,202610
F:F-180026082-00001-0,202610
F:F-180035993-00001-1,202610
F:F-180042214-00001-5,202610
F:F-180042214-00006-0,202610
F:F-180042214-00007-1,202610
F:F-180042811-00003-0,202610
F:F-180051705-00001-0,202610
F:F-180056960-00005-2,202610
F:F-180069698-00001-0,202610
F:F-180072146-00001-2,202610
F:F-180072151-00001-8,202610
F:F-180072151-00003-0,202610
F:F-180076157-00001-8,202610
F:F-180078943-00001-3,202610
F:F-180078943-00003-5,202610
F:F-180086036-00001-5,202610
F:F-180094275-00001-9,202610
F:F-180095083-00001-7,202610
F:F-180141100-00002-0,202610
F:F-180142086-00004-6,202610
F:F-180142086-00006-8,202610
F:F-180159797-00001-0,202610
F:F-180164927-00004-4,202610
F:F-180182615-00001-5,202610
F:F-180187978-00001-2,202610
F:F-180189440-00001-8,202610
F:F-180189510-00001-6,202610
F:F-180203533-00001-8,202610
F:F-180208093-00001-4,202610
F:F-180226959-00172-4,202610
F:F-180230829-00002-7,202610
F:F-180249067-00003-2,202610
F:F-180263166-00001-6,202610
F:F-180272448-00005-3,202610
F:F-180280616-00001-5,202610
F:F-180280616-00002-6,202610
F:F-180280616-00006-0,202610
F:F-180286371-00002-0,202610
F:F-180288981-00001-8,202610
F:F-180292991-00010-4,202610
F:F-180297911-00009-9,202610
F:F-180311385-00002-4,202610
F:F-180319350-00001-3,202610
F:F-180396757-00003-1,202610
F:F-180406137-00001-3,202610
F:F-180423115-00001-8,202610
F:F-180460743-00004-9,202610
F:F-180460743-00007-2,202610
F:F-180461665-00001-0,202610
F:F-180481254-00001-6,202610
F:F-180482129-00001-8,202610
F:F-180490319-00001-8,202610
F:F-180506327-00001-5,202610
F:F-180515120-00003-8,202610
F:F-180534604-00002-5,202610
F:F-180537594-00001-5,202610
F:F-180537594-00002-6,202610
F:F-180539827-00004-9,202610
F:F-180553427-00003-0,202610
F:F-180557508-00001-2,202610
F:F-180558350-00001-8,202610
F:F-180579290-00001-4,202610
F:F-180583576-00001-6,202610
F:F-180602089-00001-7,202610
F:F-180604544-00001-5,202610
F:F-180604734-00002-7,202610
F:F-180605699-00003-9,202610
F:F-180610671-00001-3,202610
F:F-180612328-00004-7,202610
F:F-180616372-00005-1,202610
F:F-180616921-00001-7,202610
F:F-180621945-00001-9,202610
F:F-180630206-00001-9,202610
F:F-180650363-00001-5,202610
F:F-180654641-00001-8,202610
F:F-180657892-00001-9,202610
F:F-180657892-00005-3,202610
F:F-180657892-00007-5,202610
F:F-180680508-00003-1,202610
F:F-180694545-00004-8,202610
F:F-180699838-00001-5,202610
F:F-180706346-00001-8,202610
F:F-180732392-00005-2,202610
F:F-180737489-00001-0,202610
F:F-180737489-00004-3,202610
F:F-180742531-00001-4,202610
F:F-180937141-00003-9,202610
F:F-181341788-00003-6,202610
F:F-181650073-00001-4,202610
F:F-182110928-00001-5,202610
F:F-182112545-00001-2,202610
F:F-182121050-00003-5,202610
F:F-182125422-00001-0,202610
F:F-182132155-00001-1,202610
F:F-182138664-00001-2,202610
F:F-182141909-00001-8,202610
F:F-182148001-00001-8,202610
F:F-182290180-00001-4,202610
F:F-182318899-00001-2,202610
F:F-182800629-00004-2,202610
F:F-182822932-00002-1,202610
F:F-182833282-00005-4,202610
F:F-182844838-00012-1,202610
F:F-182844838-00013-2,202610
F:F-182847856-00001-2,202610
F:F-182847933-00001-8,202610
F:F-182848193-00001-7,202610
F:F-182848757-00001-3,202610
F:F-182863567-00001-9,202610
F:F-182865495-00002-2,202610
F:F-182865755-00001-0,202610
F:F-182880290-00002-2,202610
F:F-182890255-00001-3,202610
F:F-182892676-00001-2,202610
F:F-182909515-00001-3,202610
F:F-182912363-00001-8,202610
F:F-182922756-00001-5,202610
F:F-182949278-00001-3,202610
F:F-182949278-00010-3,202610
F:F-182954383-00001-6,202610
F:F-182955910-00001-3,202610
F:F-182955910-00003-5,202610
F:F-182955910-00004-6,202610
F:F-182956214-00001-1,202610
F:F-182958352-00001-6,202610
F:F-182958607-00001-9,202610
F:F-182959057-00001-9,202610
F:F-182972690-00001-7,202610
F:F-182984730-00001-5,202610
F:F-182984823-00001-8,202610
F:F-182994385-00004-5,202610
F:F-183004875-00001-9,202610
F:F-183006114-00001-7,202610
F:F-183007367-00004-1,202610
F:F-183008181-00001-3,202610
F:F-183008366-00001-8,202610
F:F-183008751-00005-0,202610
F:F-183036855-00001-2,202610
F:F-183039059-00001-1,202610
F:F-183045398-00002-5,202610
F:F-183053404-00001-1,202610
F:F-183076069-00002-4,202610
F:F-183076119-00001-9,202610
F:F-183084981-00001-5,202610
F:F-183092841-00001-9,202610
F:F-183115984-00001-3,202610
F:F-183160299-00001-2,202610
F:F-183160707-00009-4,202610
F:F-183160925-00001-8,202610
F:F-183160925-00015-3,202610
F:F-183160925-00016-4,202610
F:F-183169432-00001-0,202610
F:F-183170711-00001-2,202610
F:F-183171198-00001-2,202610
F:F-183209336-00001-8,202610
F:F-183227952-00001-2,202610
F:F-183231386-00001-8,202610
F:F-183247824-00001-2,202610
F:F-183260430-00001-0,202610
F:F-183264013-00001-1,202610
F:F-183287917-00002-0,202610
F:F-183289041-00001-9,202610
F:F-183289605-00001-5,202610
F:F-183289605-00003-7,202610
F:F-183307836-00001-2,202610
F:F-183308477-00001-4,202610
F:F-183308510-00001-2,202610
F:F-183413891-00002-2,202610
F:F-183416291-00002-9,202610
F:F-183434087-00001-1,202610
F:F-183434087-00002-2,202610
F:F-183456595-00001-9,202610
F:F-183478633-00003-8,202610
F:F-183483707-00001-4,202610
F:F-183488219-00001-7,202610
F:F-183488219-00002-8,202610
F:F-183488344-00003-8,202610
F:F-183510887-00002-5,202610
F:F-183511696-00001-3,202610
F:F-183546386-00001-7,202610
F:F-183546386-00003-9,202610
F:F-183565931-00001-4,202610
F:F-183572519-00001-4,202610
F:F-183572779-00001-2,202610
F:F-183592819-00001-9,202610
F:F-183592819-00002-0,202610
F:F-183618389-00001-0,202610
F:F-183618732-00002-3,202610
F:F-183624214-00003-6,202610
F:F-183631616-00002-9,202610
F:F-183634352-00001-8,202610
F:F-183671399-00001-0,202610
F:F-183671567-00001-7,202610
F:F-183685470-00001-5,202610
F:F-183685909-00001-2,202610
F:F-183687006-00002-3,202610
F:F-183687006-00003-4,202610
F:F-183692367-00001-8,202610
F:F-183693302-00002-9,202610
F:F-183726275-00001-4,202610
F:F-183728371-00001-3,202610
F:F-183743491-00001-3,202610
F:F-184073420-00001-2,202610
F:F-184116096-00001-9,202610
F:F-184139485-00001-6,202610
F:F-184193473-00001-3,202610
F:F-184204680-00001-6,202610
F:F-184240525-00001-4,202610
F:F-184268776-00001-2,202610
F:F-184274003-00001-2,202610
F:F-184289765-00003-5,202610
F:F-184342380-00001-6,202610
F:F-184384542-00033-7,202610
F:F-184406742-00001-9,202610
F:F-184417234-00001-7,202610
F:F-184468726-00001-9,202610
F:F-184475682-00001-8,202610
F:F-184480496-00001-7,202610
F:F-184503548-00001-1,202610
F:F-184515538-00001-3,202610
F:F-184520716-00003-9,202610
F:F-184527871-00001-6,202610
F:F-184548643-00001-6,202610
F:F-184560168-00001-2,202610
F:F-184616944-00002-7,202610
F:F-184628110-00001-4,202610
F:F-184628110-00006-9,202610
F:F-184682633-00001-4,202610
F:F-184746741-00001-5,202610
F:F-184747208-00001-4,202610
F:F-184747208-00002-5,202610
F:F-184791870-00002-9,202610
F:F-184791870-00005-2,202610
F:F-184801413-00001-3,202610
F:F-184828089-00001-1,202610
F:F-184845405-00001-2,202610
F:F-184866718-00004-5,202610
F:F-184891060-00001-0,202610
F:F-184913613-00001-9,202610
F:F-185007546-00013-2,202610
F:F-185011555-00003-6,202610
F:F-185011703-00001-9,202610
F:F-185012718-00001-6,202610
F:F-185028541-00001-7,202610
F:F-185036057-00001-8,202610
F:F-185037936-00001-5,202610
F:F-185037936-00002-6,202610
F:F-185044768-00001-6,202610
F:F-185045268-00001-2,202610
F:F-185075255-00001-1,202610
F:F-185077296-00001-8,202610
F:F-185104688-00001-4,202610
F:F-185151289-00001-3,202610
F:F-185152885-00001-6,202610
F:F-185155476-00001-5,202610
F:F-185168649-00004-4,202610
F:F-185328842-00001-4,202610
F:F-185333009-00001-5,202610
F:F-185333612-00001-5,202610
F:F-185338588-00001-2,202610
F:F-185338877-00001-3,202610
F:F-185341205-00001-2,202610
F:F-185424676-00001-6,202610
F:F-185424681-00001-2,202610
F:F-185434512-00001-6,202610
F:F-185436173-00001-1,202610
F:F-185443879-00001-2,202610
F:F-186017536-00001-0,202610
F:F-186017536-00006-5,202610
F:F-186125275-00001-0,202610
F:F-186132058-00001-7,202610
F:F-186153757-00001-6,202610
F:F-186168908-00001-0,202610
F:F-186199472-00001-0,202610
F:F-186202244-00001-2,202610
F:F-186229519-00002-7,202610
F:F-186248712-00001-2,202610
F:F-186267793-00001-2,202610
F:F-186272368-00001-6,202610
F:F-186323351-00001-5,202610
F:F-186384960-00074-8,202610
F:F-186412467-00001-2,202610
F:F-186416301-00001-3,202610
F:F-186469910-00001-7,202610
F:F-186489628-00001-5,202610
F:F-186492433-00001-3,202610
F:F-186492433-00002-4,202610
F:F-186511157-00001-8,202610
F:F-186526638-00001-8,202610
F:F-186584828-00001-3,202610
F:F-186587493-00002-5,202610
F:F-186589669-00001-1,202610
F:F-186611732-00001-8,202610
F:F-186649771-00001-2,202610
F:F-186658270-00001-6,202610
F:F-186678178-00001-5,202610
F:F-186716341-00034-6,202610
F:F-186718565-00001-0,202610
F:F-186731997-00004-7,202610
F:F-186746393-00001-0,202610
F:F-186761627-00001-7,202610
F:F-186763104-00001-9,202610
F:F-186853153-00001-3,202610
F:F-186856089-00001-4,202610
F:F-186879225-00001-1,202610
F:F-186941277-00002-9,202610
F:F-186941277-00003-0,202610
F:F-186946630-00001-6,202610
F:F-186946630-00002-7,202610
F:F-186965848-00001-8,202610
F:F-186981100-00001-7,202610
F:F-186992107-00001-6,202610
F:F-187300428-00001-6,202610
F:F-187305872-00002-5,202610
F:F-187315288-00001-6,202610
F:F-187461508-00001-3,202610
F:F-187469059-00001-2,202610
F:F-187476538-00001-2,202610
F:F-187477071-00001-5,202610
F:F-187483067-00001-7,202610
F:F-187489787-00001-2,202610
F:F-187491411-00001-9,202610
F:F-187500903-00001-6,202610
F:F-187545964-00001-2,202610
F:F-187765994-00001-9,202610
F:F-187777318-00001-2,202610
F:F-188370479-00001-0,202610
F:F-189119558-00001-0,202610
F:F-189124200-00001-0,202610
F:F-189125138-00001-1,202610
F:F-189145681-00002-7,202610
F:F-189193965-00001-4,202610
F:F-189236514-00002-3,202610
F:F-189248960-00211-3,202610
F:F-189287359-00001-5,202610
F:F-189303816-00001-2,202610
F:F-189338596-00001-5,202610
F:F-189338596-00006-0,202610
F:F-189358488-00002-8,202610
F:F-189455144-00001-4,202610
F:F-189455989-00012-3,202610
F:F-189457728-00001-4,202610
F:F-189457728-00011-5,202610
F:F-189462308-00001-4,202610
F:F-189469885-00001-1,202610
F:F-189496779-00001-3,202610
F:F-189504594-00003-0,202610
F:F-189504594-00005-2,202610
F:F-189544131-00001-9,202610
F:F-189559801-00001-9,202610
F:F-189584718-00001-4,202610
F:F-189584718-00003-6,202610
F:F-189590248-00001-9,202610
F:F-189591160-00001-3,202610
F:F-189626702-00001-4,202610
F:F-189629193-00003-3,202610
F:F-189632319-00003-7,202610
F:F-189632704-00001-3,202610
F:F-189643815-00001-8,202610
F:F-189660721-00001-3,202610
F:F-189687215-00001-0,202610
F:F-189707015-00001-1,202610
F:F-189733647-00001-1,202610
F:F-189775266-00002-5,202610
F:F-189778221-00001-8,202610
F:F-189787523-00001-3,202610
F:F-189797986-00001-7,202610
F:F-189808338-00002-2,202610
F:F-189818390-00002-1,202610
F:F-189840962-00001-0,202610
F:F-189864289-00001-8,202610
F:F-189880859-00001-9,202610
F:F-189880859-00003-1,202610
F:F-189888509-00001-9,202610
F:F-189892264-00001-2,202610
F:F-189892264-00003-4,202610
F:F-189899288-00001-5,202610
F:F-189908060-00001-4,202610
F:F-189944354-00001-0,202610
F:F-189955491-00002-5,202610
F:F-189958407-00001-4,202610
F:F-189965054-00005-4,202610
F:F-189991742-00001-3,202610
F:F-190003112-00001-0,202610
F:F-190005857-00001-8,202610
F:F-190017143-00001-9,202610
F:F-190028514-00001-3,202610
F:F-190053822-00001-3,202610
F:F-190073101-00001-5,202610
F:F-190073101-00002-6,202610
F:F-190094540-00001-5,202610
F:F-190101134-00004-6,202610
F:F-190101417-00001-7,202610
F:F-190137962-00001-1,202610
F:F-190178040-00001-3,202610
F:F-190194203-00001-2,202610
F:F-190199988-00005-1,202610
F:F-190213320-00004-7,202610
F:F-190215734-00001-5,202610
F:F-190232353-00001-1,202610
F:F-190237884-00001-5,202610
F:F-190262932-00001-7,202610
F:F-190293055-00001-7,202610
F:F-190298734-00001-6,202610
F:F-190301040-00001-1,202610
F:F-190302195-00001-3,202610
F:F-190305897-00001-5,202610
F:F-190308938-00001-4,202610
F:F-190359204-00005-0,202610
F:F-190389397-00001-2,202610
F:F-190402856-00001-8,202610
F:F-190413994-00003-5,202610
F:F-190415640-00001-3,202610
F:F-190423521-00001-0,202610
F:F-190453828-00001-3,202610
F:F-190463945-00001-4,202610
F:F-190465417-00002-1,202610
F:F-190480607-00006-3,202610
F:F-190483724-00002-2,202610
F:F-190483999-00001-5,202610
F:F-190505924-00001-8,202610
F:F-190506563-00001-8,202610
F:F-190506629-00003-3,202610
F:F-190509920-00001-8,202610
F:F-190515922-00006-2,202610
F:F-190531514-00001-2,202610
F:F-190544671-00003-2,202610
F:F-190574421-00001-6,202610
F:F-190574436-00001-2,202610
F:F-190575511-00001-7,202610
F:F-190584547-00001-6,202610
F:F-190644685-00002-7,202610
F:F-190644685-00003-8,202610
F:F-190656725-00002-5,202610
F:F-190659461-00001-4,202610
F:F-190682499-00001-1,202610
F:F-190690478-00002-8,202610
F:F-190691602-00001-7,202610
F:F-190691820-00001-9,202610
F:F-190700779-00001-3,202610
F:F-190703585-00004-4,202610
F:F-190707230-00001-2,202610
F:F-190708076-00001-1,202610
F:F-190711662-00001-6,202610
F:F-190731180-00001-3,202610
F:F-190745641-00001-0,202610
F:F-190767476-00001-0,202610
F:F-190840434-00001-6,202610
F:F-190877375-00001-0,202610
F:F-190908476-00001-7,202610
F:F-190927868-00003-5,202610
F:F-191041043-00001-6,202610
F:F-191047308-00001-6,202610
F:F-191051421-00001-7,202610
F:F-191081522-00003-4,202610
F:F-191082037-00003-6,202610
F:F-191085718-00001-3,202610
F:F-191085978-00001-1,202610
F:F-191121307-00005-2,202610
F:F-191134128-00001-3,202610
F:F-191184436-00001-0,202610
F:F-191191886-00001-7,202610
F:F-191196783-00001-8,202610
F:F-191202933-00001-3,202610
F:F-191203588-00001-0,202610
F:F-191211692-00001-5,202610
F:F-191215830-00001-3,202610
F:F-191217513-00001-3,202610
F:F-191223938-00001-1,202610
F:F-191224599-00001-5,202610
F:F-191230038-00001-0,202610
F:F-191235890-00001-1,202610
F:F-191237790-00001-2,202610
F:F-191244271-00001-4,202610
F:F-191395663-00001-6,202610
F:F-191395925-00003-9,202610
F:F-191398042-00001-0,202610
F:F-191399627-00001-0,202610
F:F-191401026-00001-7,202610
F:F-191406789-00001-8,202610
F:F-191407078-00001-0,202610
F:F-191425532-00001-5,202610
F:F-191426933-00001-1,202610
F:F-191437848-00001-8,202610
F:F-191551679-00001-7,202610
F:F-191551811-00001-5,202610
F:F-191675377-00001-9,202610
F:F-191680168-00001-3,202610
F:F-191687964-00001-4,202610
F:F-191690102-00001-2,202610
F:F-191692930-00001-3,202610
F:F-191696035-00001-3,202610
F:F-191696035-00002-4,202610
F:F-191718621-00001-9,202610
F:F-191731390-00001-7,202610
F:F-191752991-00001-7,202610
F:F-191753226-00001-9,202610
F:F-191778084-00001-8,202610
F:F-191786161-00001-3,202610
F:F-191786606-00001-7,202610
F:F-191802009-00001-3,202610
F:F-191805385-00001-3,202610
F:F-192600608-00001-5,202610
F:F-192605836-00001-3,202610
F:F-192635613-00001-9,202610
F:F-192699003-00001-2,202610
F:F-192700607-00001-5,202610
F:F-192705933-00001-2,202610
F:F-192712462-00001-7,202610
F:F-192739265-00001-7,202610
F:F-192739547-00001-0,202610
F:F-192739547-00002-1,202610
F:F-192759590-00001-0,202610
F:F-192898278-00001-7,202610
F:F-193035927-00001-2,202610
F:F-193037312-00001-2,202610
F:F-193117011-00001-7,202610
F:F-193197540-00001-2,202610
F:F-193201755-00001-6,202610
F:F-193378325-00001-4,202610
F:F-193378985-00002-7,202610
F:F-193379197-00001-2,202610
F:F-193483001-00002-3,202610
F:F-193520012-00001-6,202610
F:F-193539440-00001-1,202610
F:F-193571406-00001-9,202610
F:F-193571617-00002-4,202610
F:F-193605601-00001-4,202610
F:F-193619252-00003-3,202610
F:F-193619252-00004-4,202610
F:F-193633064-00001-8,202610
F:F-193652667-00001-8,202610
F:F-193667697-00001-7,202610
F:F-193667747-00001-3,202610
F:F-193671545-00001-4,202610
F:F-193685920-00002-7,202610
F:F-193688399-00001-9,202610
F:F-193736499-00001-4,202610
F:F-193762593-00001-8,202610
F:F-193796186-00001-3,202610
F:F-194043777-00002-6,202610
F:F-194070838-00001-3,202610
F:F-194077656-00001-8,202610
F:F-194077797-00001-4,202610
F:F-194109186-00005-6,202610
F:F-194160113-00001-9,202610
F:F-194172005-00001-2,202610
F:F-194174221-00001-4,202610
F:F-194181243-00001-6,202610
F:F-194190637-00001-3,202610
F:F-194190897-00001-1,202610
F:F-194225798-00003-2,202610
F:F-194251633-00001-7,202610
F:F-194868709-00001-5,202610
F:F-194868829-00001-8,202610
F:F-194871009-00001-2,202610
F:F-194874499-00001-8,202610
F:F-194874694-00001-5,202610
F:F-194877643-00002-3,202610
F:F-194880302-00001-8,202610
F:F-194880669-00001-4,202610
F:F-194884996-00001-1,202610
F:F-195136999-00001-5,202610
F:F-195137940-00001-2,202610
F:F-195138764-00001-7,202610
F:F-195143921-00001-8,202610
F:F-195147686-00001-0,202610
F:F-195149538-00001-8,202610
F:F-195152596-00001-6,202610
F:F-195436567-00004-2,202610
F:F-195438333-00001-2,202610
F:F-195472578-00001-1,202610
F:F-195473561-00002-5,202610
F:F-195475815-00001-8,202610
F:F-195480943-00001-6,202610
F:F-195890806-00001-9,202610
F:F-195892516-00001-9,202610
F:F-196174801-00001-0,202610
F:F-196668728-00001-6,202610
F:F-196683278-00001-3,202610
F:F-196756969-00001-1,202610
F:F-196780807-00001-9,202610
F:F-196807263-00001-5,202610
F:F-196825902-00001-5,202610
F:F-196836838-00001-5,202610
F:F-196862639-00001-3,202610
F:F-196873381-00001-9,202610
F:F-196873782-00001-4,202610
F:F-196912758-00001-1,202610
F:F-196936442-00001-7,202610
F:F-196936750-00001-9,202610
F:F-196948545-00001-4,202610
F:F-196948545-00004-7,202610
F:F-196949072-00001-0,202610
F:F-196949072-00003-2,202610
F:F-196950582-00001-8,202610
F:F-196956919-00001-8,202610
F:F-196957348-00001-5,202610
F:F-196964517-00001-1,202610
F:F-196994651-00001-3,202610
F:F-197014959-00001-8,202610
F:F-197021298-00001-2,202610
F:F-197026097-00001-4,202610
F:F-197059104-00003-1,202610
F:F-197077905-00001-8,202610
F:F-197077905-00003-0,202610
F:F-197092413-00001-9,202610
F:F-197108822-00001-1,202610
F:F-197108822-00002-2,202610
F:F-197121347-00001-8,202610
F:F-197198133-00001-5,202610
F:F-197198133-00003-7,202610
F:F-197203712-00001-5,202610
F:F-197212331-00001-2,202610
F:F-197212331-00010-2,202610
F:F-197212331-00024-7,202610
F:F-197243307-00002-0,202610
F:F-197267089-00005-6,202610
F:F-197299110-00001-2,202610
F:F-197313611-00001-5,202610
F:F-197319586-00001-2,202610
F:F-197353681-00001-6,202610
F:F-197353681-00004-9,202610
F:F-197369305-00001-6,202610
F:F-197391741-00001-5,202610
F:F-197435446-00001-6,202610
F:F-197438823-00001-8,202610
F:F-197477732-00001-0,202610
F:F-198642632-00001-4,202610
F:F-198690036-00001-5,202610
F:F-199094134-00001-3,202610
F:F-199295126-00001-7,202610
F:F-199303322-00002-6,202610
F:F-199449868-00001-1,202610
F:F-199476338-00001-3,202610
F:F-199609560-00004-1,202610
F:F-199752777-00001-7,202610
F:F-199792150-00001-6,202610
F:F-199799864-00001-5,202610
F:F-199970598-00001-0,202610
F:F-199984306-00001-2,202610
F:F-200000196-00003-3,202610
F:F-200000666-00001-3,202610
F:F-200000968-00001-8,202610
F:F-200006866-00001-1,202610
F:F-200007058-00001-5,202610
F:F-200007450-00001-1,202610
F:F-200007680-00001-6,202610
F:F-200008252-00001-2,202610
F:F-200008266-00001-7,202610
F:F-200008610-00001-0,202610
F:F-200009502-00001-1,202610
F:F-200009813-00001-6,202610
F:F-200010545-00001-0,202610
F:F-200010899-00001-2,202610
F:F-200011279-00004-8,202610
F:F-200011384-00001-2,202610
F:F-200014740-00001-1,202610
F:F-200017199-00001-2,202610
F:F-200018890-00004-4,202610
F:F-200022675-00001-7,202610
F:F-200023323-00001-8,202610
F:F-200028025-00001-2,202610
F:F-200028787-00001-7,202610
F:F-200028802-00001-5,202610
F:F-200030312-00001-4,202610
F:F-200030426-00001-0,202610
F:F-200030508-00001-1,202610
F:F-200031462-00003-3,202610
F:F-200031538-00003-7,202610
F:F-200032832-00002-4,202610
F:F-200034466-00002-9,202610
F:F-200034699-00001-6,202610
F:F-200034769-00001-4,202610
F:F-200041709-00002-7,202610
F:F-200042334-00001-1,202610
F:F-200043501-00001-8,202610
F:F-200044320-00001-8,202610
F:F-200044744-00002-9,202610
F:F-200044929-00003-5,202610
F:F-200048793-00001-6,202610
F:F-200048805-00001-0,202610
F:F-200049016-00001-5,202610
F:F-200050197-00001-7,202610
F:F-200050269-00002-8,202610
F:F-200050709-00001-6,202610
F:F-200050832-00001-3,202610
F:F-200051064-00002-2,202610
F:F-200051783-00001-9,202610
F:F-200051783-00004-2,202610
F:F-200052738-00002-1,202610
F:F-200053122-00001-8,202610
F:F-200053396-00001-1,202610
F:F-200053407-00001-4,202610
F:F-200053638-00001-0,202610
F:F-200053935-00001-0,202610
F:F-200054130-00001-8,202610
F:F-200054400-00001-8,202610
F:F-200054407-00001-5,202610
F:F-200054484-00001-0,202610
F:F-200054570-00001-6,202610
F:F-200055299-00003-7,202610
F:F-200056014-00001-1,202610
F:F-200056295-00001-2,202610
F:F-200056311-00007-7,202610
F:F-200057342-00001-6,202610
F:F-200057884-00001-7,202610
F:F-200057892-00001-6,202610
F:F-200058306-00001-7,202610
F:F-200067552-00001-0,202610
F:F-200068236-00003-2,202610
F:F-200068860-00003-5,202610
F:F-200070099-00001-0,202610
F:F-200072116-00003-4,202610
F:F-200072519-00002-0,202610
F:F-200072834-00001-9,202610
F:F-200074562-00005-3,202610
F:F-200076623-00001-9,202610
F:F-200077690-00002-5,202610
F:F-200078544-00001-3,202610
F:F-200079085-00001-4,202610
F:F-200079295-00001-7,202610
F:F-200079871-00001-7,202610
F:F-200082273-00001-7,202610
F:F-200083476-00001-3,202610
F:F-200084396-00001-5,202610
F:F-200091453-00002-8,202610
F:F-200093542-00001-8,202610
F:F-200094151-00001-5,202610
F:F-200099484-00001-9,202610
F:F-200103359-00001-6,202610
F:F-200103669-00001-0,202610
F:F-200104091-00002-1,202610
F:F-200105586-00001-0,202610
F:F-200105725-00002-6,202610
F:F-200106786-00001-3,202610
F:F-200107142-00001-0,202610
F:F-200108252-00001-3,202610
F:F-200108300-00003-9,202610
F:F-200108811-00001-4,202610
F:F-200109109-00001-5,202610
F:F-200109275-00001-9,202610
F:F-200109638-00001-2,202610
F:F-200114487-00002-1,202610
F:F-200114487-00010-0,202610
F:F-200115043-00001-9,202610
F:F-200115818-00001-9,202610
F:F-200116195-00001-8,202610
F:F-200118492-00001-0,202610
F:F-200118900-00002-5,202610
F:F-200119753-00002-2,202610
F:F-200120191-00002-0,202610
F:F-200120619-00002-5,202610
F:F-200120649-00001-7,202610
F:F-200120658-00001-7,202610
F:F-200120896-00001-1,202610
F:F-200121535-00002-3,202610
F:F-200121801-00001-8,202610
F:F-200126081-00001-3,202610
F:F-200126502-00001-1,202610
F:F-200126710-00001-2,202610
F:F-200126996-00001-8,202610
F:F-200127692-00002-3,202610
F:F-200127910-00001-5,202610
F:F-200128882-00001-4,202610
F:F-200129947-00001-7,202610
F:F-200129980-00002-5,202610
F:F-200130001-00002-1,202610
F:F-200130449-00001-6,202610
F:F-200131144-00001-9,202610
F:F-200131154-00001-0,202610
F:F-200131538-00001-6,202610
F:F-200132592-00001-7,202610
F:F-200133163-00002-3,202610
F:F-200133255-00001-4,202610
F:F-200135129-00001-6,202610
F:F-200135517-00001-7,202610
F:F-200136021-00001-8,202610
F:F-200136344-00001-6,202610
F:F-200136595-00001-4,202610
F:F-200137406-00001-6,202610
F:F-200138743-00003-3,202610
F:F-200139574-00001-4,202610
F:F-200140722-00001-1,202610
F:F-200142938-00001-2,202610
F:F-200143005-00001-8,202610
F:F-200143706-00001-6,202610
F:F-200143880-00001-9,202610
F:F-200143922-00001-6,202610
F:F-200145265-00001-8,202610
F:F-200146603-00001-5,202610
F:F-200146695-00001-6,202610
F:F-200147052-00001-4,202610
F:F-200147378-00001-5,202610
F:F-200149948-00001-0,202610
F:F-200150023-00002-7,202610
F:F-200150142-00001-8,202610
F:F-200151711-00001-1,202610
F:F-200151972-00001-0,202610
F:F-200153234-00001-3,202610
F:F-200153595-00002-4,202610
F:F-200153640-00001-4,202610
F:F-200158559-00001-8,202610
F:F-200159261-00001-9,202610
F:F-200159953-00001-7,202610
F:F-200160040-00001-6,202610
F:F-200160423-00003-3,202610
F:F-200160615-00001-4,202610
F:F-200160960-00001-7,202610
F:F-200161456-00001-8,202610
F:F-200161632-00001-4,202610
F:F-200161789-00003-9,202610
F:F-200162339-00001-9,202610
F:F-200164271-00001-6,202610
F:F-200164333-00001-5,202610
F:F-200167524-00001-0,202610
F:F-200171904-00002-8,202610
F:F-200172135-00002-5,202610
F:F-200176037-00001-9,202610
F:F-200177374-00001-4,202610
F:F-200177606-00001-2,202610
F:F-200178151-00001-8,202610
F:F-200179097-00001-8,202610
F:F-200179390-00001-4,202610
F:F-200180242-00003-4,202610
F:F-200180462-00001-6,202610
F:F-200180641-00001-5,202610
F:F-200181733-00001-8,202610
F:F-200183393-00001-2,202610
F:F-200183509-00001-1,202610
F:F-200184818-00001-5,202610
F:F-200184997-00003-5,202610
F:F-200187050-00001-6,202610
F:F-200187155-00001-2,202610
F:F-200187598-00001-3,202610
F:F-200190991-00002-5,202610
F:F-200191073-00001-6,202610
F:F-200191160-00001-3,202610
F:F-200191500-00001-1,202610
F:F-200191875-00001-6,202610
F:F-200191920-00001-7,202610
F:F-200194167-00001-3,202610
F:F-200195071-00001-8,202610
F:F-200195639-00001-8,202610
F:F-200195900-00001-9,202610
F:F-200196791-00001-8,202610
F:F-200197073-00001-2,202610
F:F-200197286-00001-8,202610
F:F-200198206-00001-1,202610
F:F-200198872-00001-0,202610
F:F-200199396-00001-2,202610
F:F-200199734-00001-8,202610
F:F-200199843-00001-9,202610
F:F-200204118-00002-2,202610
F:F-200204246-00001-3,202610
F:F-200204932-00001-5,202610
F:F-200205873-00001-0,202610
F:F-200206922-00001-6,202610
F:F-200206980-00001-0,202610
F:F-200207797-00001-7,202610
F:F-200207897-00001-8,202610
F:F-200209614-00001-7,202610
F:F-200209850-00001-9,202610
F:F-200210015-00001-4,202610
F:F-200210049-00001-1,202610
F:F-200210052-00001-5,202610
F:F-200210054-00001-7,202610
F:F-200210062-00001-6,202610
F:F-200210696-00001-9,202610
F:F-200210821-00002-0,202610
F:F-200210914-00001-2,202610
F:F-200211109-00003-1,202610
F:F-200211155-00002-1,202610
F:F-200211593-00001-6,202610
F:F-200212397-00002-0,202610
F:F-200212721-00001-0,202610
F:F-200212739-00002-0,202610
F:F-200214354-00001-4,202610
F:F-200214429-00001-7,202610
F:F-200216690-00001-9,202610
F:F-200217348-00001-0,202610
F:F-200219573-00001-2,202610
F:F-200221983-00001-0,202610
F:F-200223163-00001-2,202610
F:F-200223511-00001-9,202610
F:F-200223610-00029-9,202610
F:F-200223633-00001-4,202610
F:F-200223955-00001-1,202610
F:F-200224094-00001-6,202610
F:F-200227151-00006-8,202610
F:F-200227378-00005-8,202610
F:F-200229004-00002-3,202610
F:F-200229299-00001-8,202610
F:F-200230135-00001-9,202610
F:F-200231127-00003-3,202610
F:F-200231331-00001-8,202610
F:F-200231522-00001-0,202610
F:F-200231580-00001-4,202610
F:F-200231830-00001-2,202610
F:F-200232116-00001-0,202610
F:F-200232912-00001-4,202610
F:F-200233847-00001-2,202610
F:F-200234371-00001-5,202610
F:F-200234498-00001-5,202610
F:F-200235142-00001-2,202610
F:F-200235827-00001-2,202610
F:F-200235830-00001-6,202610
F:F-200236632-00001-7,202610
F:F-200237144-00001-6,202610
F:F-200238731-00001-9,202610
F:F-200238843-00001-3,202610
F:F-200238843-00002-4,202610
F:F-200239898-00001-4,202610
F:F-200241192-00001-4,202610
F:F-200241237-00001-4,202610
F:F-200241791-00001-9,202610
F:F-200242122-00001-8,202610
F:F-200242795-00001-4,202610
F:F-200242864-00001-1,202610
F:F-200243283-00002-8,202610
F:F-200243468-00001-2,202610
F:F-200244171-00001-4,202610
F:F-200244188-00001-2,202610
F:F-200244227-00002-7,202610
F:F-200245010-00001-7,202610
F:F-200247008-00001-6,202610
F:F-200247544-00001-1,202610
F:F-200248127-00001-9,202610
F:F-200249027-00001-9,202610
F:F-200249061-00001-7,202610
F:F-200249133-00001-7,202610
F:F-200249418-00001-3,202610
F:F-200249424-00001-0,202610
F:F-200249494-00001-7,202610
F:F-200249793-00001-9,202610
F:F-200249881-00001-7,202610
F:F-200250734-00003-8,202610
F:F-200251212-00001-8,202610
F:F-200251448-00001-9,202610
F:F-200251462-00001-5,202610
F:F-200251573-00001-8,202610
F:F-200253904-00001-8,202610
F:F-200254628-00001-2,202610
F:F-200255498-00002-9,202610
F:F-202256349-00001-6,202610
F:F-202256554-00001-4,202610
F:F-202256653-00001-4,202610
F:F-202256672-00001-5,202610
F:F-202257476-00001-8,202610
F:F-202258298-00001-1,202610
F:F-202258511-00001-9,202610
F:F-202259155-00002-5,202610
F:F-202259804-00001-5,202610
F:F-202260092-00001-6,202610
F:F-202260505-00001-5,202610
F:F-202260570-00001-7,202610
F:F-202260943-00001-1,202610
F:F-202261647-00001-3,202610
F:F-202261680-00001-0,202610
F:F-202262912-00001-9,202610
F:F-202263183-00001-0,202610
F:F-202263831-00001-0,202610
F:F-202265700-00001-7,202610
F:F-202265723-00002-3,202610
F:F-202265749-00001-0,202610
F:F-202266013-00001-5,202610
F:F-202266157-00001-4,202610
F:F-202266453-00001-3,202610
F:F-202266868-00001-3,202610
F:F-202267068-00001-6,202610
F:F-202268171-00001-2,202610
F:F-202268261-00001-2,202610
F:F-202268601-00001-0,202610
F:F-202268962-00003-2,202610
F:F-202269018-00001-3,202610
F:F-202270031-00001-0,202610
F:F-202270171-00001-5,202610
F:F-202270984-00001-7,202610
F:F-202271437-00001-1,202610
F:F-202271445-00001-0,202610
F:F-202271841-00001-0,202610
F:F-202272791-00002-6,202610
F:F-202273252-00001-8,202610
F:F-202273494-00001-6,202610
F:F-202273611-00001-7,202610
F:F-202274785-00001-0,202610
F:F-202274785-00002-1,202610
F:F-202274877-00001-2,202610
F:F-202275018-00001-0,202610
F:F-202275382-00001-4,202610
F:F-202275414-00001-0,202610
F:F-202275456-00001-6,202610
F:F-202276428-00001-6,202610
F:F-202276738-00001-0,202610
F:F-202276943-00001-8,202610
F:F-202277277-00001-9,202610
F:F-202277585-00001-1,202610
F:F-202278945-00003-4,202610
F:F-202278946-00001-3,202610
F:F-202279729-00001-3,202610
F:F-202279858-00001-6,202610
F:F-202280034-00001-4,202610
F:F-202280223-00001-4,202610
F:F-202280440-00001-5,202610
F:F-202280515-00001-8,202610
F:F-202280741-00001-9,202610
F:F-202281080-00002-7,202610
F:F-202281225-00002-8,202610
F:F-202283093-00001-2,202610
F:F-202283341-00001-8,202610
F:F-202285093-00001-4,202610
F:F-202285650-00001-3,202610
F:F-202286074-00001-4,202610
F:F-202286728-00001-0,202610
F:F-202286794-00001-3,202610
F:F-202286955-00001-2,202610
F:F-202287416-00001-5,202610
F:F-202287550-00001-4,202610
F:F-202287598-00001-6,202610
F:F-202287704-00001-5,202610
F:F-202288104-00001-0,202610
F:F-202288468-00001-3,202610
F:F-202289413-00001-4,202610
F:F-202289695-00001-6,202610
F:F-202290538-00001-4,202610
F:F-202290694-00001-7,202610
F:F-202291546-00001-4,202610
F:F-202292346-00001-3,202610
F:F-202292357-00001-5,202610
F:F-202292716-00001-4,202610
F:F-202292923-00002-5,202610
F:F-202292971-00001-7,202610
F:F-202293127-00001-1,202610
F:F-202293134-00001-9,202610
F:F-202294789-00001-6,202610
F:F-202295002-00001-5,202610
F:F-202295934-00001-9,202610
F:F-202296186-00001-9,202610
F:F-202296194-00001-8,202610
F:F-202296209-00001-5,202610
F:F-202296242-00001-2,202610
F:F-202296831-00001-6,202610
F:F-202296844-00001-0,202610
F:F-202297177-00001-0,202610
F:F-202298228-00001-8,202610
F:F-202298233-00001-4,202610
F:F-202299184-00001-0,202610
F:F-202299469-00001-6,202610
F:F-202299645-00001-2,202610
F:F-202299676-00001-6,202610
F:F-202299792-00001-5,202610
F:F-202299829-00001-6,202610
F:F-202299978-00001-1,202610
F:F-202300024-00001-6,202610
F:F-202300138-00001-2,202610
F:F-202300310-00001-4,202610
F:F-202300704-00001-1,202610
F:F-202300828-00001-8,202610
F:F-202300870-00001-5,202610
F:F-202301030-00001-4,202610
F:F-202301276-00001-6,202610
F:F-202301471-00001-3,202610
F:F-202301769-00001-3,202610
F:F-202301778-00001-3,202610
F:F-202302232-00001-9,202610
F:F-202302438-00001-7,202610
F:F-202303009-00001-2,202610
F:F-202303887-00001-6,202610
F:F-202304164-00001-5,202610
F:F-202304495-00001-2,202610
F:F-202304624-00001-6,202610
F:F-202304755-00001-1,202610
F:F-202304995-00001-7,202610
F:F-202305393-00001-0,202610
F:F-202306001-00001-7,202610
F:F-202306454-00001-9,202610
F:F-202306753-00001-1,202610
F:F-202306788-00001-9,202610
F:F-202307386-00001-4,202610
F:F-202307429-00001-2,202610
F:F-202307985-00002-0,202610
F:F-202308304-00001-5,202610
F:F-202308881-00001-5,202610
F:F-202309859-00001-1,202610
F:F-202310317-00001-2,202610
F:F-202311957-00001-3,202610
F:F-202312010-00001-4,202610
F:F-202312249-00001-8,202610
F:F-202312379-00002-3,202610
F:F-202313581-00001-8,202610
F:F-202314365-00001-9,202610
F:F-202314856-00001-4,202610
F:F-202315313-00001-3,202610
F:F-202316133-00001-4,202610
F:F-202316651-00001-9,202610
F:F-202316724-00001-0,202610
F:F-202317229-00001-1,202610
F:F-202317343-00001-8,202610
F:F-202317731-00001-9,202610
F:F-202318312-00002-6,202610
F:F-202318716-00001-3,202610
F:F-202318719-00001-6,202610
F:F-202318738-00001-7,202610
F:F-202319074-00001-1,202610
F:F-202319134-00001-8,202610
F:F-202319285-00001-5,202610
F:F-202319392-00001-4,202610
F:F-202319574-00001-6,202610
F:F-202319890-00001-7,202610
F:F-202320658-00001-1,202610
F:F-202320776-00001-2,202610
F:F-202320827-00001-9,202610
F:F-202321447-00001-8,202610
F:F-202322234-00001-3,202610
F:F-202322476-00001-1,202610
F:F-202322878-00001-7,202610
F:F-202323567-00001-3,202610
F:F-202324084-00001-8,202610
F:F-202324118-00001-6,202610
F:F-202324118-00002-7,202610
F:F-202324259-00001-2,202610
F:F-202324411-00001-2,202610
F:F-202325368-00001-4,202610
F:F-202326066-00001-0,202610
F:F-202326133-00001-5,202610
F:F-202326872-00001-5,202610
F:F-202326911-00001-9,202610
F:F-202327031-00001-3,202610
F:F-202327266-00003-5,202610
F:F-202327633-00001-1,202610
F:F-202327647-00001-6,202610
F:F-202327755-00001-6,202610
F:F-202327826-00001-5,202610
F:F-202327982-00001-8,202610
F:F-202328586-00001-9,202610
F:F-202328812-00001-1,202610
F:F-202329445-00001-4,202610
F:F-202329726-00001-6,202610
F:F-202329815-00001-5,202610
F:F-202329915-00001-6,202610
F:F-202330133-00001-0,202610
F:F-202330781-00001-9,202610
F:F-202330791-00001-0,202610
F:F-202330973-00001-2,202610
F:F-202331863-00001-1,202610
F:F-202331925-00001-0,202610
F:F-202332185-00001-9,202610
F:F-202332324-00001-4,202610
F:F-202332497-00001-5,202610
F:F-202332543-00001-7,202610
F:F-202332999-00001-2,202610
F:F-202333696-00001-7,202610
F:F-202334345-00001-9,202610
F:F-202334883-00001-6,202610
F:F-202334949-00001-9,202610
F:F-202335187-00001-4,202610
F:F-202335254-00001-9,202610
F:F-202335378-00001-6,202610
F:F-202335773-00001-5,202610
F:F-202336027-00001-8,202610
F:F-202336060-00001-5,202610
F:F-202336095-00001-3,202610
F:F-202336774-00001-7,202610
F:F-202337216-00001-9,202610
F:F-202337216-00002-0,202610
F:F-202338331-00001-8,202610
F:F-202338556-00001-7,202610
F:F-202339036-00001-1,202610
F:F-202339287-00001-9,202610
F:F-202339352-00001-2,202610
F:F-202339505-00001-2,202610
F:F-202339687-00001-3,202610
F:F-202340040-00001-8,202610
F:F-202340074-00001-5,202610
F:F-202340243-00002-4,202610
F:F-202340455-00001-8,202610
F:F-202340504-00001-3,202610
F:F-202340616-00001-7,202610
F:F-202341559-00001-4,202610
F:F-202341590-00001-9,202610
F:F-202342564-00001-1,202610
F:F-202342579-00001-7,202610
F:F-202342669-00001-7,202610
F:F-202343648-00001-5,202610
F:F-202343972-00001-5,202610
F:F-202344098-00001-5,202610
F:F-202344454-00001-1,202610
F:F-202344828-00001-6,202610
F:F-202344838-00001-7,202610
F:F-202345641-00001-0,202610
F:F-202345694-00001-8,202610
F:F-202346064-00001-0,202610
F:F-202346372-00001-2,202610
F:F-202346435-00001-2,202610
F:F-202346475-00001-6,202610
F:F-202347062-00001-9,202610
F:F-202347168-00001-6,202610
F:F-202348032-00001-7,202610
F:F-202348371-00001-3,202610
F:F-202348551-00001-3,202610
F:F-202348712-00001-2,202610
F:F-202349061-00001-0,202610
F:F-202349588-00001-4,202610
F:F-252256843-00001-0,202610
F:F-252256854-00002-3,202610
F:F-252257027-00001-5,202610
F:F-278957972-00001-9,202610
F:F-278958511-00001-9,202610
F:F-278958535-00001-5,202610
F:F-278958761-00001-6,202610
F:F-278959602-00001-1,202610
F:F-278961628-00001-2,202610
F:F-278961685-00001-5,202610
F:F-278961747-00002-5,202610
F:F-278961890-00001-3,202610
F:F-278962069-00001-2,202610
F:F-278963264-00001-0,202610
F:F-278963910-00001-8,202610
F:F-278963925-00001-4,202610
F:F-278964224-00001-7,202610
F:F-278964740-00001-0,202610
F:F-278965209-00001-1,202610
F:F-278966273-00001-3,202610
F:F-278966386-00001-8,202610
F:F-278966895-00001-3,202610
F:F-299998390-00001-1,202610
F:F-299999612-00001-9,202610
F:F-299999823-00002-4,202610
F:G-103787101-00001-2,202610
F:G-105007903-00022-2,202610
F:G-107339724-00001-0,202610
F:G-111645318-00002-5,202610
F:G-112669098-00001-6,202610
F:G-116386091-00001-9,202610
F:G-122362322-00001-7,202610
F:G-122902524-00003-3,202610
F:G-123128795-00001-2,202610
F:G-123415179-00001-7,202610
F:G-128710191-00001-4,202610
F:G-134227006-00003-1,202610
F:G-142618809-00001-3,202610
F:G-150882582-00001-3,202610
F:G-152218090-00001-2,202610
F:G-152632484-00001-9,202610
F:G-153775039-00006-9,202610
F:G-154304557-00001-8,202610
F:G-180164927-00003-4,202610
F:G-180164927-00006-7,202610
F:G-180298046-00001-2,202610
F:G-184406742-00002-1,202610
F:G-184753968-00001-5,202610
F:G-186231156-00001-7,202610
F:G-186231156-00015-2,202610
F:G-186602059-00007-7,202610
F:G-190632323-00001-3,202610
F:G-191710331-00001-0,202610
F:G-200175739-00007-4,202610
F:G-202314012-00001-9,202610
F:G-202331859-00001-7,202610
F:H-101869627-00001-5,202610
F:H-101869627-00002-6,202610
F:H-103035600-00001-3,202610
F:H-103150404-00001-3,202610
F:H-103186424-00001-4,202610
F:H-103341208-00012-9,202610
F:H-103538906-00001-0,202610
F:H-103581305-00001-1,202610
F:H-104217017-00001-8,202610
F:H-104313172-00002-8,202610
F:H-104348947-00001-5,202610
F:H-104403363-00002-0,202610
F:H-104404855-00004-9,202610
F:H-104481803-00002-5,202610
F:H-104655326-00001-7,202610
F:H-104742997-00001-8,202610
F:H-104799169-00001-1,202610
F:H-105007903-00001-0,202610
F:H-105007903-00003-2,202610
F:H-105007903-00023-4,202610
F:H-105013258-00001-0,202610
F:H-105157830-00003-7,202610
F:H-105258865-00001-5,202610
F:H-107298929-00008-9,202610
F:H-107569627-00001-8,202610
F:H-107569627-00003-0,202610
F:H-107662659-00001-7,202610
F:H-107662659-00003-9,202610
F:H-108576105-00002-9,202610
F:H-110567089-00002-3,202610
F:H-111072509-00001-1,202610
F:H-111072509-00007-7,202610
F:H-111329213-00001-8,202610
F:H-111768704-00001-0,202610
F:H-111768704-00002-1,202610
F:H-111820764-00023-9,202610
F:H-112009505-00001-8,202610
F:H-112339702-00003-5,202610
F:H-112435753-00001-6,202610
F:H-112448390-00001-7,202610
F:H-112506187-00002-7,202610
F:H-112689670-00001-5,202610
F:H-112689670-00006-0,202610
F:H-112689670-00007-1,202610
F:H-112745672-00004-3,202610
F:H-112915964-00007-9,202610
F:H-112921966-00001-2,202610
F:H-112954810-00006-1,202610
F:H-112964937-00001-7,202610
F:H-112971536-00001-0,202610
F:H-112971536-00003-2,202610
F:H-113049646-00001-9,202610
F:H-114089976-00002-1,202610
F:H-115319335-00001-6,202610
F:H-115395706-00001-2,202610
F:H-116236951-00001-9,202610
F:H-116390778-00002-8,202610
F:H-116769914-00001-9,202610
F:H-116775063-00002-2,202610
F:H-118770304-00001-6,202610
F:H-118868215-00012-7,202610
F:H-118930007-00001-4,202610
F:H-120651901-00001-0,202610
F:H-121225259-00001-4,202610
F:H-121258878-00003-9,202610
F:H-122030865-00001-2,202610
F:H-122048942-00001-7,202610
F:H-122102473-00001-7,202610
F:H-122102473-00002-8,202610
F:H-122165244-00001-2,202610
F:H-122265497-00014-7,202610
F:H-122265497-00020-4,202610
F:H-122522307-00001-9,202610
F:H-122522453-00006-6,202610
F:H-122662257-00001-8,202610
F:H-122662550-00070-0,202610
F:H-122662550-00072-2,202610
F:H-122729476-00007-1,202610
F:H-122749178-00001-6,202610
F:H-122816611-00002-4,202610
F:H-122895349-00001-8,202610
F:H-123122173-00001-7,202610
F:H-123130552-00007-3,202610
F:H-123140643-00012-1,202610
F:H-123140643-00013-2,202610
F:H-123158354-00001-7,202610
F:H-123701172-00001-9,202610
F:H-123755182-00001-9,202610
F:H-123778072-00001-2,202610
F:H-123778072-00003-4,202610
F:H-123931630-00004-6,202610
F:H-123932737-00061-8,202610
F:H-124473485-00001-3,202610
F:H-124879464-00001-0,202610
F:H-124950901-00001-6,202610
F:H-124956270-00001-1,202610
F:H-125013426-00001-9,202610
F:H-125013827-00007-0,202610
F:H-125129643-00003-0,202610
F:H-126173792-00002-4,202610
F:H-126508349-00003-5,202610
F:H-127352007-00001-2,202610
F:H-127433424-00001-5,202610
F:H-127719048-00002-5,202610
F:H-127781443-00002-3,202610
F:H-127965370-00001-5,202610
F:H-127965370-00004-8,202610
F:H-128181306-00001-5,202610
F:H-128466231-00001-8,202610
F:H-128589178-00001-4,202610
F:H-130810962-00001-5,202610
F:H-130876252-00001-9,202610
F:H-131221350-00001-3,202610
F:H-131264218-00001-3,202610
F:H-134013709-00002-4,202610
F:H-134106066-00001-2,202610
F:H-134124297-00001-8,202610
F:H-134124297-00005-2,202610
F:H-134272748-00001-3,202610
F:H-134440941-00001-5,202610
F:H-135969482-00001-2,202610
F:H-135990393-00001-7,202610
F:H-136044256-00002-7,202610
F:H-138555423-00001-1,202610
F:H-141037537-00001-6,202610
F:H-142612538-00001-7,202610
F:H-142612538-00002-8,202610
F:H-142860728-00005-7,202610
F:H-145080648-00001-1,202610
F:H-150868054-00001-2,202610
F:H-150906114-00003-4,202610
F:H-152307446-00001-7,202610
F:H-152610685-00001-9,202610
F:H-152610685-00007-5,202610
F:H-152610926-00003-9,202610
F:H-152854915-00002-6,202610
F:H-153092056-00002-7,202610
F:H-153104406-00001-9,202610
F:H-153116629-00001-9,202610
F:H-153326272-00003-8,202610
F:H-153353122-00001-0,202610
F:H-153526150-00001-3,202610
F:H-153695036-00007-9,202610
F:H-153714603-00002-6,202610
F:H-153727987-00004-7,202610
F:H-153945225-00001-1,202610
F:H-154029004-00004-3,202610
F:H-154038496-00002-6,202610
F:H-154045790-00003-2,202610
F:H-154314632-00002-5,202610
F:H-154694056-00001-5,202610
F:H-154717945-00004-1,202610
F:H-154760816-00005-7,202610
F:H-160500264-00001-9,202610
F:H-165145107-00017-2,202610
F:H-166260420-00001-2,202610
F:H-168213634-00001-9,202610
F:H-169652343-00001-4,202610
F:H-170358993-00001-0,202610
F:H-170443909-00038-2,202610
F:H-170456798-00001-2,202610
F:H-170456798-00002-3,202610
F:H-170555349-00001-4,202610
F:H-170557888-00002-5,202610
F:H-170595617-00001-6,202610
F:H-170595617-00004-9,202610
F:H-170790935-00083-6,202610
F:H-170824858-00002-9,202610
F:H-170840941-00003-1,202610
F:H-178191624-00001-4,202610
F:H-180076157-00004-3,202610
F:H-180076157-00005-4,202610
F:H-180152014-00001-7,202610
F:H-180168058-00005-6,202610
F:H-180189309-00008-1,202610
F:H-180215405-00008-8,202610
F:H-180249067-00001-2,202610
F:H-180266537-00002-4,202610
F:H-180281299-00004-8,202610
F:H-180657892-00016-7,202610
F:H-180695495-00001-2,202610
F:H-180737489-00006-7,202610
F:H-182823910-00002-0,202610
F:H-182823910-00007-5,202610
F:H-182880637-00002-9,202610
F:H-182892492-00001-0,202610
F:H-182919648-00002-4,202610
F:H-183075553-00001-2,202610
F:H-183138570-00002-2,202610
F:H-183164794-00002-9,202610
F:H-183204281-00001-4,202610
F:H-183470132-00009-2,202610
F:H-183551042-00001-4,202610
F:H-183551042-00003-6,202610
F:H-184813797-00001-3,202610
F:H-185086859-00001-5,202610
F:H-186367821-00001-7,202610
F:H-186539417-00001-9,202610
F:H-188223667-00002-9,202610
F:H-188371195-00001-8,202610
F:H-189137900-00001-3,202610
F:H-189477528-00002-7,202610
F:H-189590578-00001-7,202610
F:H-189632704-00002-6,202610
F:H-189632704-00004-8,202610
F:H-189953466-00001-6,202610
F:H-190359204-00007-4,202610
F:H-190545876-00001-0,202610
F:H-190748041-00001-9,202610
F:H-190837022-00001-7,202610
F:H-191105138-00013-7,202610
F:H-193743230-00001-7,202610
F:H-193869455-00001-5,202610
F:H-194083904-00001-3,202610
F:H-194090665-00001-5,202610
F:H-195156642-00002-5,202610
F:H-196999585-00001-6,202610
F:H-197286918-00205-2,202610
F:H-197286918-00269-2,202610
F:H-197288916-00005-0,202610
F:H-197301707-00001-0,202610
F:H-197358807-00001-3,202610
F:H-200127131-00001-2,202610
F:H-200137252-00001-7,202610
F:H-200173545-00001-2,202610
F:H-200210042-00001-6,202610
F:H-200246663-00002-5,202610
F:H-202272420-00002-7,202610
F:H-202272688-00001-2,202610
F:H-202294255-00001-6,202610
F:H-202302590-00001-8,202610
F:H-202349356-00001-9,202610
F:I-103625107-00003-3,202610
F:I-145114226-00001-2,202610
F:I-153389851-00029-9,202610
F:J-103522600-00001-6,202610
F:J-104356994-00001-8,202610
F:J-104669433-00001-3,202610
F:J-111912601-00001-9,202610
F:J-112267427-00002-0,202610
F:J-112867415-00004-5,202610
F:J-112884879-00002-6,202610
F:J-112936588-00005-4,202610
F:J-116775063-00004-6,202610
F:J-116841401-00001-3,202610
F:J-122102972-00002-4,202610
F:J-122555003-58650-3,202610
F:J-122555003-58651-4,202610
F:J-123526604-00001-6,202610
F:J-153520472-00001-6,202610
F:J-180672417-00003-5,202610
F:J-184763902-00001-7,202610
F:J-184763902-00003-9,202610
F:J-189797959-00001-1,202610
F:J-191062102-00001-9,202610
F:J-202310725-00001-9,202610
F:J-202320574-00001-2,202610
F:K-103787101-00005-0,202610
F:K-103795101-00002-6,202610
F:K-104403363-00001-2,202610
F:K-104454101-00001-8,202610
F:K-104454101-00006-3,202610
F:K-111018370-00001-0,202610
F:K-111686106-00001-8,202610
F:K-112929762-00001-7,202610
F:K-116013797-00001-3,202610
F:K-116192530-00001-6,202610
F:K-123708082-00001-9,202610
F:K-124386320-00001-7,202610
F:K-124498520-00001-3,202610
F:K-125084569-00003-0,202610
F:K-125084569-00004-1,202610
F:K-127912959-00001-3,202610
F:K-133981320-00001-8,202610
F:K-133981320-00002-9,202610
F:K-134546135-00001-0,202610
F:K-134715618-00003-6,202610
F:K-139035301-00003-5,202610
F:K-183068666-00004-5,202610
F:K-189556728-00001-9,202610
F:K-189903017-00001-6,202610
F:K-197126309-00002-7,202610
F:K-202343143-00001-0,202610
F:M-103160108-00001-0,202610
F:M-103787101-00002-9,202610
F:M-103787101-00010-8,202610
F:M-104454159-00001-3,202610
F:M-104752050-00001-4,202610
F:M-107015204-00004-3,202610
F:M-107200708-00001-5,202610
F:M-112325165-00001-6,202610
F:M-112466782-00001-7,202610
F:M-115979217-00001-2,202610
F:M-116441257-00001-1,202610
F:M-122425683-00001-3,202610
F:M-122425683-00002-4,202610
F:M-122555003-57903-6,202610
F:M-122555003-57904-7,202610
F:M-123886760-00001-1,202610
F:M-123939014-00001-2,202610
F:M-123939014-00004-5,202610
F:M-124882361-00001-5,202610
F:M-125055396-00002-7,202610
F:M-125147115-00001-7,202610
F:M-127281236-00002-3,202610
F:M-127363216-00001-1,202610
F:M-127464360-00001-3,202610
F:M-128828804-00001-1,202610
F:M-128850360-00001-3,202610
F:M-136514783-00001-8,202610
F:M-136514783-00002-9,202610
F:M-151944501-00001-0,202610
F:M-153484118-00001-5,202610
F:M-186328742-00001-1,202610
F:M-197109195-00001-2,202610
F:M-197109195-00003-4,202610
F:M-200243388-00002-1,202610
F:N-100166878-00001-8,202610
F:N-107548308-00001-7,202610
F:N-107569627-00005-8,202610
F:N-112294162-00003-1,202610
F:N-112294162-00004-2,202610
F:N-112467902-00001-3,202610
F:N-116236951-00006-0,202610
F:N-122608851-00009-2,202610
F:N-122766823-00002-9,202610
F:N-123443294-00002-4,202610
F:N-123990588-00001-6,202610
F:N-124390350-00004-1,202610
F:N-127896297-00001-2,202610
F:N-128509695-00005-0,202610
F:N-128567961-00001-6,202610
F:N-135894259-00001-7,202610
F:N-135894259-00002-8,202610
F:N-150967673-00001-5,202610
F:N-152705900-00001-0,202610
F:N-153203052-00001-2,202610
F:N-154715290-00004-8,202610
F:N-154867248-00003-8,202610
F:N-155759610-00003-2,202610
F:N-159003799-00001-4,202610
F:N-160633010-00001-1,202610
F:N-160633010-00002-2,202610
F:N-179999581-00003-1,202610
F:N-179999581-00005-3,202610
F:N-179999581-00007-5,202610
F:N-179999581-00008-6,202610
F:N-180183889-00001-7,202610
F:N-180199600-00002-6,202610
F:N-180539426-00001-9,202610
F:N-182809065-00001-0,202610
F:N-183626661-00008-7,202610
F:N-183626661-00009-8,202610
F:N-186213452-00001-3,202610
F:N-186213452-00007-9,202610
F:N-189236514-00003-2,202610
F:N-197246352-00002-1,202610
F:N-200206372-00001-3,202610
F:N-202326271-00001-6,202610
F:O-103159833-00003-7,202610
F:O-111914002-00001-1,202610
F:O-113049646-00012-8,202610
F:O-118559415-00001-1,202610
F:O-154652703-00001-5,202610
F:O-186367821-00002-5,202610
F:O-202344149-00001-1,202610
F:P-101187025-00009-6,202610
F:P-103543210-00001-2,202610
F:P-104309819-00001-8,202610
F:P-107067309-00001-6,202610
F:P-107548308-00002-0,202610
F:P-111061502-00001-0,202610
F:P-111347802-00003-2,202610
F:P-111768704-00011-9,202610
F:P-112267427-00003-7,202610
F:P-112483749-00001-2,202610
F:P-113019853-00001-4,202610
F:P-120651901-00002-9,202610
F:P-122351303-00001-3,202610
F:P-122351303-00002-4,202610
F:P-122351303-00003-5,202610
F:P-122351303-00010-3,202610
F:P-122452132-00001-5,202610
F:P-122452132-00002-6,202610
F:P-122608851-00001-6,202610
F:P-122608851-00002-7,202610
F:P-122654448-00001-9,202610
F:P-123074691-00001-6,202610
F:P-123147955-00001-0,202610
F:P-124293977-00175-9,202610
F:P-124781477-00005-8,202610
F:P-128008427-00001-5,202610
F:P-128342611-00001-1,202610
F:P-128840693-00003-6,202610
F:P-134463752-00007-4,202610
F:P-134727044-00001-5,202610
F:P-142732745-00001-8,202610
F:P-142732745-00003-0,202610
F:P-142732745-00004-1,202610
F:P-153941537-00013-4,202610
F:P-156804590-00002-2,202610
F:P-159243931-00001-0,202610
F:P-162249322-00001-4,202610
F:P-164945665-00001-9,202610
F:P-164975674-00001-2,202610
F:P-170472679-00753-0,202610
F:P-180072151-00004-1,202610
F:P-180229132-00001-1,202610
F:P-180727665-00001-5,202610
F:P-182808805-00003-5,202610
F:P-183515074-00001-7,202610
F:P-183754031-00004-8,202610
F:P-186220637-00001-8,202610
F:P-186220637-00002-9,202610
F:P-186499528-00011-6,202610
F:P-189315539-00002-8,202610
F:P-190580227-00001-7,202610
F:P-196911553-00001-3,202610
F:P-200241289-00002-2,202610
F:Q-103787101-00536-5,202610
F:Q-104313172-00001-6,202610
F:Q-104348947-00002-5,202610
F:Q-107569627-00002-8,202610
F:Q-111907184-00001-6,202610
F:Q-112413104-00001-1,202610
F:Q-115013427-00001-8,202610
F:Q-122553096-00001-7,202610
F:Q-124719489-00001-9,202610
F:Q-124740217-00001-2,202610
F:Q-125032845-00005-8,202610
F:Q-127440332-00001-0,202610
F:Q-128550238-00001-8,202610
F:Q-129055405-00001-5,202610
F:Q-130917824-00002-0,202610
F:Q-130917824-00004-2,202610
F:Q-150978192-00001-6,202610
F:Q-153034161-00001-8,202610
F:Q-170447341-00002-6,202610
F:Q-186136420-00001-5,202610
F:Q-186136420-00008-2,202610
F:Q-189961135-00003-9,202610
F:Q-196911553-00002-5,202610
F:T-103028426-00002-4,202610
F:T-103787101-00003-7,202610
F:T-104208143-00001-0,202610
F:T-104208143-00004-3,202610
F:T-104713183-00001-5,202610
F:T-112292039-00002-7,202610
F:T-112396724-00001-2,202610
F:T-113045085-00001-4,202610
F:T-116301376-00003-7,202610
F:T-118868215-00044-4,202610
F:T-118868215-00045-5,202610
F:T-120906783-00001-3,202610
F:T-122555003-58442-2,202610
F:T-122555003-58443-3,202610
F:T-122555003-58444-4,202610
F:T-122765964-00001-9,202610
F:T-123443294-00006-4,202610
F:T-123625631-00002-7,202610
F:T-124557941-00001-5,202610
F:T-125109724-00001-8,202610
F:T-127560856-00001-7,202610
F:T-130859768-00001-4,202610
F:T-135426782-00001-5,202610
F:T-135426782-00006-0,202610
F:T-152944141-00001-8,202610
F:T-154023260-00005-4,202610
F:T-170770430-00002-7,202610
F:T-180167733-00001-3,202610
F:T-180177459-00006-4,202610
F:T-180677588-00001-7,202610
F:T-180694664-00001-1,202610
F:T-180748970-00001-1,202610
F:T-181002274-00012-4,202610
F:T-183074978-00001-4,202610
F:T-184763826-00001-2,202610
F:T-190460840-00001-9,202610
F:T-190460840-00018-7,202610
F:T-202265825-00001-9,202610
F:U-103795101-00003-7,202610
F:U-103795101-00006-0,202610
F:U-116791845-00006-5,202610
F:U-122608851-00008-8,202610
F:U-142756470-00016-0,202610
F:U-166631598-00001-3,202610
F:U-180190636-00001-2,202610
F:U-180190636-00004-5,202610
F:V-122555003-58439-0,202610
F:V-122555003-58440-2,202610
F:V-122555003-58441-3,202610
F:V-155646980-00001-3,202610
F:V-170693589-00001-7,202610
F:W-122555003-57863-1,202610
F:W-122555003-57866-4,202610
F:W-122555003-57905-8,202610
F:W-122555003-57906-9,202610
F:W-122555003-57907-0,202610
F:W-122555003-57908-1,202610
F:W-122555003-57909-2,202610
F:W-122555003-57910-4,202610
F:W-122555003-57911-5,202610
F:W-122555003-57912-6,202610
F:W-122555003-57913-7,202610
F:W-122555003-57914-8,202610
F:W-122555003-57915-9,202610
F:W-122555003-57916-0,202610
F:W-122555003-57917-1,202610
F:W-122555003-57918-2,202610
F:W-122555003-57919-3,202610
F:W-122555003-57920-5,202610
F:W-122555003-57921-6,202610
F:W-122555003-57922-7,202610
F:W-122555003-57923-8,202610
F:W-122555003-57924-9,202610
F:W-122555003-57925-0,202610
F:W-122555003-57926-1,202610
F:W-122555003-57927-2,202610
F:W-122555003-57928-3,202610
F:W-122555003-57929-4,202610
F:W-122555003-58018-4,202610
F:W-122555003-58961-1,202610
F:X-122555003-57864-3,202610
F:X-122555003-57865-4,202610
F:X-122555003-57985-7,202610
F:X-122555003-57986-8,202610
F:X-122555003-57987-9,202610
F:X-122555003-57988-0,202610
F:X-122555003-57989-1,202610
F:X-122555003-57990-3,202610
F:X-122555003-57991-4,202610
F:X-122555003-57992-5,202610
F:X-122555003-57993-6,202610
F:X-122555003-57994-7,202610
F:X-122555003-57995-8,202610
F:X-122555003-57996-9,202610
F:X-122555003-57997-0,202610
F:X-122555003-57998-1,202610
F:X-122555003-57999-2,202610
F:X-122555003-58000-6,202610
F:X-122555003-58001-7,202610
F:X-122555003-58002-8,202610
F:X-122555003-58003-9,202610
F:X-122555003-58004-0,202610
F:X-122555003-58005-1,202610
F:X-122555003-58006-2,202610
F:X-122555003-58007-3,202610
F:X-122555003-58008-4,202610
F:X-122555003-58009-5,202610
F:X-122555003-58010-7,202610
F:X-122555003-58011-8,202610
F:X-122555003-58012-9,202610
F:X-122555003-58013-0,202610
F:X-122555003-58014-1,202610
F:X-122555003-58015-2,202610
F:X-122555003-58016-3,202610
F:X-122555003-58017-4,202610
F:X-122555003-58273-8,202610
F:X-122555003-58274-9,202610
F:X-122555003-58533-7,202610
F:X-122555003-58652-9,202610
F:X-122555003-59177-2,202610
F:X-152705900-00002-1,202610
F:X-180422045-00001-7,202610
F:Z-122555003-57974-7,202610
F:Z-122555003-57975-8,202610
F:Z-122555003-57976-9,202610
F:Z-122555003-57977-0,202610
F:Z-122555003-57978-1,202610
F:Z-122555003-57979-2,202610
F:Z-122555003-57980-4,202610
F:Z-122555003-57981-5,202610
F:Z-122555003-57982-6,202610
F:Z-122555003-57983-7,202610
F:Z-122555003-57984-8,202610
