統一編號,公司名稱,公司所在地,代表人,資本額,核准設立日期,核准變更日期,案由或變更事項,營業項目,縣市,清冊,期別
00010952,金凱璿股份有限公司,新北市八里區文昌七街175號6樓,蓋建安,5000000,113/11/29,115/09/18,特殊補正,F111090 建材批發業；F211010 建材零售業；F401010 國際貿易業；IZ06010 理貨包裝業；IZ12010 人力派遣業；F102050 茶葉批發業；F106020 日常用品批發業；F199990 其他批發業；F206020 日常用品零售業；F299990 其他零售業,新北市,變更,11509
00011586,駿躍家居國際有限公司,新北市新莊區中原東路188號（1樓）,郭政達,8000000,113/09/19,115/09/18,改推董事/董事長,E801070 廚具、衛浴設備安裝工程業；E801010 室內裝潢業；F401010 國際貿易業；F105050 家具、寢具、廚房器具、裝設品批發業；F106040 水器材料批發業；F106020 日常用品批發業；F106010 五金批發業；F205040 家具、寢具、廚房器具、裝設品零售業；F206040 水器材料零售業；E801020 門窗安裝工程業,新北市,變更,11509
00013368,誠行化工機械有限公司,新北市三重區中興北街110號(2樓),邱俊皓,10000000,113/12/12,115/09/30,申登機關變更（遷入，含卷）,E502010 燃料導管安裝工程業；E599010 配管工程業；E603100 電焊工程業；E603110 冷作工程業；E603120 噴砂工程業；E604010 機械安裝業；E901010 油漆工程業；E903010 防蝕、防銹工程業；EZ15010 保溫、保冷安裝工程業；EZ99990 其他工程業,新北市,變更,11509
00016219,心翰股份有限公司,新北市板橋區篤行路2段151巷12號5樓,楊鈞菲,700000,113/10/08,115/09/24,公司所營事業變更修正章程,I301010 資訊軟體服務業；I301020 資料處理服務業；I301030 電子資訊供應服務業；I401010 一般廣告服務業；I501010 產品設計業；F218010 資訊軟體零售業；E801010 室內裝潢業；E801030 室內輕鋼架工程業；E901010 油漆工程業；F211010 建材零售業,新北市,變更,11509
00024695,鉅川機電有限公司,新北市永和區秀朗路1段196巷1號4樓,顏銀環,3000000,113/08/15,115/09/01,股東出資轉讓修正章程,E599010 配管工程業；E601020 電器安裝業；E603010 電纜安裝工程業；E603040 消防安全設備安裝工程業；E603050 自動控制設備工程業；E603090 照明設備安裝工程業；E701010 電信工程業；E605010 電腦設備安裝業；E801010 室內裝潢業；E801070 廚具、衛浴設備安裝工程業,新北市,變更,11509
00027412,倍詠室內裝修有限公司,新北市板橋區民有街51號,關凱文,100000,113/11/14,115/09/30,申登機關變更（遷入，含卷）,E801010 室內裝潢業；E801020 門窗安裝工程業；E801030 室內輕鋼架工程業；E801040 玻璃安裝工程業；E801060 室內裝修業；E801070 廚具、衛浴設備安裝工程業；F105050 家具、寢具、廚房器具、裝設品批發業；I503010 景觀、室內設計業；I599990 其他設計業；I199990 其他顧問服務業,新北市,變更,11509
00032695,智能購有限公司,新北市中和區中山路2段332巷1號7樓,鍾銘洋,1000000,113/08/14,115/09/15,公司所在地,F102040 飲料批發業；F102050 茶葉批發業；F102170 食品什貨批發業；F103010 飼料批發業；F104110 布疋、衣著、鞋、帽、傘、服飾品批發業；F105050 家具、寢具、廚房器具、裝設品批發業；F106010 五金批發業；F106020 日常用品批發業；F106040 水器材料批發業；F106050 陶瓷玻璃器皿批發業,新北市,變更,11509
00039677,徐徐資本股份有限公司,新北市蘆洲區中正路185巷46弄30號5樓,徐華璘,6695110,113/08/21,115/09/08,特殊補正,H201010 一般投資業；ZZ99999 除許可業務外，得經營法令非禁止或限制之業務,新北市,變更,11509
00041955,左岸不動產有限公司,新北市三重區五谷王北街131號,王麗君,1000000,113/11/28,115/09/29,股東出資轉讓修正章程,H704031 不動產仲介經紀業；H701060 新市鎮、新社區開發業；H701070 區段徵收及市地重劃代辦業；H701090 都市更新整建維護業；H703100 不動產租賃業；I401010 一般廣告服務業；I401020 廣告傳單分送業；I503010 景觀、室內設計業；E801010 室內裝潢業；I103060 管理顧問業,新北市,變更,11509
00049318,創思優語有限公司,新北市板橋區中山路1段10號11樓,康家瑀,1000000,113/08/16,115/09/21,特殊補正,I199990 其他顧問服務業；J202010 產業育成業；J399990 其他出版業；IZ10010 排版業；F209060 文教、樂器、育樂用品零售業；I501010 產品設計業；I301030 電子資訊供應服務業；J304010 圖書出版業；J305010 有聲出版業；I103060 管理顧問業,新北市,變更,11509
00050709,方舟藝術文教事業股份有限公司,新北市林口區文化二路1段551號3樓之5,岳清清,3000000,113/09/24,115/09/17,改選董事/監察人(一人法人股東指派董事/監察人),F109070 文教、樂器、育樂用品批發業；F209060 文教、樂器、育樂用品零售業；F108040 化粧品批發業；F208040 化粧品零售業；J601010 藝文服務業；J604010 聲音錄製及音樂發行業；J799990 其他休閒服務業；J801030 競技及休閒運動場館業；I501010 產品設計業；I599990 其他設計業,新北市,變更,11509
00063726,電多多能源科技有限公司,新北市汐止區大同路1段239號9樓之6,鍾智友,100000,113/10/29,115/09/16,改推董事/董事長,F113010 機械批發業；F113030 精密儀器批發業；F213080 機械器具零售業；F213040 精密儀器零售業；E603020 電梯安裝工程業；E603050 自動控制設備工程業；IG03010 能源技術服務業；D101060 再生能源自用發電設備業；ZZ99999 除許可業務外，得經營法令非禁止或限制之業務,新北市,變更,11509
00071710,帝友汽車有限公司,新北市板橋區四川路1段23號3樓之2,吳政宏,10000000,113/09/18,115/09/11,申登機關變更（遷入，含卷）,F114010 汽車批發業；F114020 機車批發業；F114030 汽、機車零件配備批發業；F114050 車胎批發業；F214010 汽車零售業；F214020 機車零售業；F214030 汽、機車零件配備零售業；F399040 無店面零售業；F401010 國際貿易業；JA01990 其他汽車服務業,新北市,變更,11509
00071774,碧威士綠能股份有限公司,新北市汐止區新台五路1段77號5樓之5,詹樹人,111000000,114/01/14,115/09/16,特殊補正,F113020 電器批發業；F113030 精密儀器批發業；F113110 電池批發業；F119010 電子材料批發業；F213110 電池零售業；F219010 電子材料零售業；F401010 國際貿易業；F113050 電腦及事務性機器設備批發業；CC01010 發電、輸電、配電機械製造業；I102010 一般投資顧問業,新北市,變更,11509
00075862,春廣企業股份有限公司,新北市永和區永和路2段57號7樓,曹來春,10000000,114/02/26,115/09/15,修正章程,G801010 倉儲業；H701020 工業廠房開發租售業；H701040 特定專業區開發業；H701010 住宅及大樓開發租售業；H701050 投資興建公共建設業；H701070 區段徵收及市地重劃代辦業；H701080 都市更新重建業；E801010 室內裝潢業；E901010 油漆工程業；E601020 電器安裝業,新北市,變更,11509
00079234,全健康知命解症有限公司,新北市林口區文化二路2段189號6樓,張耀祖,1500000,113/09/13,115/09/07,申登機關變更（遷入，含卷）,I199990 其他顧問服務業；I502010 服飾設計業；I504010 花藝設計業；I599990 其他設計業；I101090 食品顧問業；I103060 管理顧問業；IG01010 生物技術服務業；ZZ99999 除許可業務外，得經營法令非禁止或限制之業務；E801010 室內裝潢業；I501010 產品設計業,新北市,變更,11509
00084877,台灣生醫大數據科技股份有限公司,新北市淡水區中正東路2段177號(2樓),梁賡義,100000000,114/01/21,115/09/15,改派董事/監察人,F108031 醫療器材批發業；F113050 電腦及事務性機器設備批發業；F113030 精密儀器批發業；F118010 資訊軟體批發業；F199990 其他批發業；F208031 醫療器材零售業；F213030 電腦及事務性機器設備零售業；F213040 精密儀器零售業；F218010 資訊軟體零售業；F299990 其他零售業,新北市,變更,11509
00089280,聯碩建設股份有限公司,新北市汐止區中興路89號(1樓),方明發,30000000,113/11/04,115/09/15,特殊補正,H701010 住宅及大樓開發租售業；H701050 投資興建公共建設業；H701060 新市鎮、新社區開發業；H701070 區段徵收及市地重劃代辦業；H701020 工業廠房開發租售業；H701040 特定專業區開發業；H701080 都市更新重建業；H701090 都市更新整建維護業；H702010 建築經理業；H703090 不動產買賣業,新北市,變更,11509
00090815,千鑫科技股份有限公司,新北市板橋區大明街25巷2弄33號,劉民翎,10000000,113/09/04,115/09/18,董事/監察人持股變動報備,E801010 室內裝潢業；E801070 廚具、衛浴設備安裝工程業；F107030 清潔用品批發業；F109070 文教、樂器、育樂用品批發業；F113020 電器批發業；F113050 電腦及事務性機器設備批發業；F113070 電信器材批發業；F118010 資訊軟體批發業；F205040 家具、寢具、廚房器具、裝設品零售業；F207030 清潔用品零售業,新北市,變更,11509
00091125,吉浤國際股份有限公司,新北市新莊區中平路183號2樓,張佳涵,2500000,113/11/05,115/09/15,改選董事/監察人(一人法人股東指派董事/監察人),IZ12010 人力派遣業；IZ16010 餐具清洗業；I401010 一般廣告服務業；JZ99090 喜慶綜合服務業；JZ99050 仲介服務業；JB01010 會議及展覽服務業；F106050 陶瓷玻璃器皿批發業；F106020 日常用品批發業；F401010 國際貿易業；IZ99990 其他工商服務業,新北市,變更,11509
00094805,優智威電競有限公司,新北市新店區民權路153號4樓,劉庚桓,3000000,113/12/16,115/09/10,特殊補正,CC01030 電器及視聽電子產品製造業；CC01040 照明設備製造業；CC01080 電子零組件製造業；CC01110 電腦及其週邊設備製造業；E605010 電腦設備安裝業；F113050 電腦及事務性機器設備批發業；F113070 電信器材批發業；F119010 電子材料批發業；F213030 電腦及事務性機器設備零售業；F213060 電信器材零售業,新北市,變更,11509
00096037,北濱旅行社有限公司,新北市淡水區新春街125巷30號6樓,賴家華,1200000,114/03/06,115/09/14,特殊補正,J902011 旅行業,新北市,變更,11509
00098823,萬閣國際股份有限公司,新北市中和區中原五街22號3樓,吳嘉瑜,4000000,113/09/30,115/09/09,董事/監察人地址變更,F105050 家具、寢具、廚房器具、裝設品批發業；F106010 五金批發業；F106020 日常用品批發業；F106050 陶瓷玻璃器皿批發業；F205040 家具、寢具、廚房器具、裝設品零售業；F206010 五金零售業；F206020 日常用品零售業；F204110 布疋、衣著、鞋、帽、傘、服飾品零售業；F218010 資訊軟體零售業；F209060 文教、樂器、育樂用品零售業,新北市,變更,11509
00099077,緯基能源有限公司,新北市三重區光復路1段61巷27號6樓之2,宋啓綸,1000000,114/01/22,115/09/30,減少所營事業變更修正章程,IG03010 能源技術服務業；D401010 熱能供應業；E607010 太陽熱能設備安裝工程業；D101060 再生能源自用發電設備業；F106010 五金批發業；F111090 建材批發業；F113010 機械批發業；F113020 電器批發業；F213010 電器零售業；F113110 電池批發業,新北市,變更,11509
00100010,盛合網路有限公司,新北市林口區仁愛路2段502號13樓之6,張慶振,1000000,113/10/22,115/09/21,增資,E605010 電腦設備安裝業；F113050 電腦及事務性機器設備批發業；F118010 資訊軟體批發業；F213030 電腦及事務性機器設備零售業；F218010 資訊軟體零售業；F399040 無店面零售業；I103060 管理顧問業；I301010 資訊軟體服務業；I301020 資料處理服務業；I301030 電子資訊供應服務業,新北市,變更,11509
00109912,安博集成股份有限公司,新北市新店區中正路568號4樓,蔡一誠,85761000,113/10/23,115/09/29,發行新股,CB01010 機械設備製造業；CB01030 污染防治設備製造業；CC01060 有線通信機械器材製造業；CC01070 無線通信機械器材製造業；CC01080 電子零組件製造業；CC01100 電信管制射頻器材製造業；CC01110 電腦及其週邊設備製造業；CE01010 一般儀器製造業；E599010 配管工程業；E601010 電器承裝業,新北市,變更,11509
00114534,九玉商業有限公司,新北市新莊區思源路171號10樓,陳一仁,10500000,114/01/14,115/09/29,增資,F113030 精密儀器批發業；F113050 電腦及事務性機器設備批發業；F113070 電信器材批發業；F118010 資訊軟體批發業；F119010 電子材料批發業；F199990 其他批發業；F213030 電腦及事務性機器設備零售業；F213040 精密儀器零售業；F213060 電信器材零售業；F218010 資訊軟體零售業,新北市,變更,11509
00114577,遠見智造科技股份有限公司,新北市中和區中正路872號8樓之3,鍾慶中,5000000,114/01/23,115/09/04,特殊補正,CC01020 電線及電纜製造業；CC01080 電子零組件製造業；CC01110 電腦及其週邊設備製造業；F113070 電信器材批發業；F113990 其他機械器具批發業；F114030 汽、機車零件配備批發業；F119010 電子材料批發業；F401010 國際貿易業；F113050 電腦及事務性機器設備批發業；F106010 五金批發業,新北市,變更,11509
00124224,盛崎股份有限公司,新北市中和區建八路200號16樓,馬國勝,40000000,113/08/27,115/09/08,增資(資本總額),F101050 水產品批發業；F101130 蔬果批發業；F101990 其他農、畜、水產品批發業；F102020 食用油脂批發業；F102040 飲料批發業；F102050 茶葉批發業；F102170 食品什貨批發業；F102180 酒精批發業；F104110 布疋、衣著、鞋、帽、傘、服飾品批發業；F105050 家具、寢具、廚房器具、裝設品批發業,新北市,變更,11509
00125883,嘉瑞琪開發股份有限公司,新北市新莊區五工一路72巷12號(1樓),林志洪,5000000,113/09/10,115/09/09,增資(資本總額),H201010 一般投資業；F401010 國際貿易業；ZZ99999 除許可業務外，得經營法令非禁止或限制之業務,新北市,變更,11509
00128474,樂斯威工程顧問有限公司,新北市板橋區中山路1段156號6樓,ADAM JEREMY BAGBY,11500000,113/09/12,115/09/02,公司所在地,E603010 電纜安裝工程業；E603050 自動控制設備工程業；E603090 照明設備安裝工程業；E604010 機械安裝業；I503010 景觀、室內設計業；I199990 其他顧問服務業；I501010 產品設計業；ZZ99999 除許可業務外，得經營法令非禁止或限制之業務,新北市,變更,11509
00129184,平德有限公司,新北市板橋區中山路2段62號7樓之3,陳家宏,1000000,113/09/06,115/09/30,公司印鑑變更,E599010 配管工程業；E601010 電器承裝業；E601020 電器安裝業；E801010 室內裝潢業；F102170 食品什貨批發業；F105050 家具、寢具、廚房器具、裝設品批發業；F106010 五金批發業；F106020 日常用品批發業；F111090 建材批發業；F113010 機械批發業,新北市,變更,11509
00131251,良駒國際租賃有限公司,新北市新店區安民街156巷22號,林俊良,25000000,113/11/21,115/09/30,增資,G101041 小客車租賃業；G202010 停車場經營業；F114010 汽車批發業；F114030 汽、機車零件配備批發業；F114050 車胎批發業；F114990 其他交通運輸工具及其零件批發業；F214010 汽車零售業；F214030 汽、機車零件配備零售業；F214050 車胎零售業；F214990 其他交通運輸工具及其零件零售業,新北市,變更,11509
00134779,全智能投資股份有限公司,新北市三重區重新路2段21號11樓,莊志仁,10000000,113/09/30,115/09/08,特殊補正,H201010 一般投資業；ZZ99999 除許可業務外，得經營法令非禁止或限制之業務,新北市,變更,11509
00145115,泱創作者平台股份有限公司,新北市板橋區中山路1段10號12樓,何莉芳,6650000,113/10/18,115/09/16,公司所在地,I199990 其他顧問服務業；I103060 管理顧問業；I102010 一般投資顧問業；IZ15010 市場研究及民意調查業；J202010 產業育成業；JE01010 租賃業；JZ99050 仲介服務業；F401010 國際貿易業；H202010 創業投資業；H703090 不動產買賣業,新北市,變更,11509
00149914,迪進有限公司,新北市新莊區中正路532號,黃俊諺,6000000,113/08/28,115/09/02,公司所在地,E601010 電器承裝業；E601020 電器安裝業；E605010 電腦設備安裝業；F113020 電器批發業；F113050 電腦及事務性機器設備批發業；F113070 電信器材批發業；F118010 資訊軟體批發業；F209060 文教、樂器、育樂用品零售業；F213010 電器零售業；F213030 電腦及事務性機器設備零售業,新北市,變更,11509
00152086,喜樂貿易股份有限公司,新北市鶯歌區忠孝街11之6號9樓,吉田貴史,600000,113/10/18,115/09/17,公司所營事業變更修正章程,F102170 食品什貨批發業；F102050 茶葉批發業；F106020 日常用品批發業；F107010 漆料、塗料批發業；F107190 塑膠膜、袋批發業；F108040 化粧品批發業；F111090 建材批發業；F113010 機械批發業；F203010 食品什貨、飲料零售業；F206020 日常用品零售業,新北市,變更,11509
00152706,大聖資訊有限公司,新北市板橋區華江一路111號8樓之6,陳有為,500000,113/09/30,115/09/14,特殊補正,F113050 電腦及事務性機器設備批發業；F213030 電腦及事務性機器設備零售業；F118010 資訊軟體批發業；F218010 資訊軟體零售業；E605010 電腦設備安裝業；ZZ99999 除許可業務外，得經營法令非禁止或限制之業務,新北市,變更,11509
00155491,新聖租賃有限公司,新北市五股區中興路3段1之12號,謝明泉,8000000,113/08/26,115/09/21,公司所在地,G101091 小貨車租賃業；G202010 停車場經營業；JE01010 租賃業；JZ99050 仲介服務業；F114010 汽車批發業；F114030 汽、機車零件配備批發業；F214010 汽車零售業；F401010 國際貿易業；I199990 其他顧問服務業；I301010 資訊軟體服務業,新北市,變更,11509
00155719,善思科技國際有限公司,新北市新莊區新樹路771號(1樓),WU JIYIN JEAN,500000,113/11/08,115/09/14,公司所在地,F113010 機械批發業；F113030 精密儀器批發業；F113990 其他機械器具批發業；F119010 電子材料批發業；F213040 精密儀器零售業；F219010 電子材料零售業；F401010 國際貿易業；ZZ99999 除許可業務外，得經營法令非禁止或限制之業務,新北市,變更,11509
00156127,海旭國際貿易有限公司,新北市新莊區五權二路20號3樓之11,黃子娟,1000000,113/11/05,115/09/21,股東出資轉讓修正章程,F101040 家畜家禽批發業；F101050 水產品批發業；F102030 菸酒批發業；F102040 飲料批發業；F102050 茶葉批發業；F102170 食品什貨批發業；F102180 酒精批發業；F104110 布疋、衣著、鞋、帽、傘、服飾品批發業；F105050 家具、寢具、廚房器具、裝設品批發業；F106010 五金批發業,新北市,變更,11509
00159399,柏森控股有限公司,新北市三重區重新路5段609巷8號7樓之4,杜英端,91000000,113/09/12,115/09/23,增資,H201010 一般投資業,新北市,變更,11509
00161418,富云工程有限公司,新北市中和區中山路2段332巷1號7樓,廖富子,1000000,113/09/27,115/09/24,公司所在地,E601020 電器安裝業；E603040 消防安全設備安裝工程業；E603050 自動控制設備工程業；E603090 照明設備安裝工程業；E604010 機械安裝業；E607010 太陽熱能設備安裝工程業；E801010 室內裝潢業；E801020 門窗安裝工程業；E801030 室內輕鋼架工程業；E801040 玻璃安裝工程業,新北市,變更,11509
00161705,葳盛自動化設備有限公司,新北市林口區仁愛路2段502號19樓之6,蔡幸弘,5000000,113/10/22,115/09/02,特殊補正,F218010 資訊軟體零售業；F118010 資訊軟體批發業；I301010 資訊軟體服務業；F401010 國際貿易業；E603050 自動控制設備工程業；E604010 機械安裝業；I103060 管理顧問業；F113990 其他機械器具批發業；F213080 機械器具零售業；F213990 其他機械器具零售業,新北市,變更,11509
00161873,鍾徠實業有限公司,新北市板橋區三民路2段28號11樓,陳文傑,8000000,113/10/25,115/09/24,增資,F106010 五金批發業；F106020 日常用品批發業；F106030 模具批發業；F113010 機械批發業；F113020 電器批發業；F113030 精密儀器批發業；F113050 電腦及事務性機器設備批發業；F113060 度量衡器批發業；F113070 電信器材批發業；F113090 交通標誌器材批發業,新北市,變更,11509
00161923,台灣尼克斯有限公司,新北市三重區重新路5段609巷10號(地下一樓),鍾曉毅,500000,113/11/26,115/09/07,特殊補正,F206010 五金零售業；F106010 五金批發業；F204110 布疋、衣著、鞋、帽、傘、服飾品零售業；F213080 機械器具零售業；F206020 日常用品零售業；F219010 電子材料零售業；F213010 電器零售業；F401010 國際貿易業；G801010 倉儲業；ZZ99999 除許可業務外，得經營法令非禁止或限制之業務,新北市,變更,11509
00170578,希耳股份有限公司,新北市新店區十四張路381號13樓之6,張有勝,1000000,113/09/23,115/09/23,減資,F119010 電子材料批發業；F113050 電腦及事務性機器設備批發業；F219010 電子材料零售業；F213030 電腦及事務性機器設備零售業；F401010 國際貿易業；F102170 食品什貨批發業；F203010 食品什貨、飲料零售業；ZZ99999 除許可業務外，得經營法令非禁止或限制之業務,新北市,變更,11509
00171801,邑昇昌搬家貨運有限公司,新北市土城區中州路70號13樓,林俊賢,20000000,113/10/22,115/09/30,公司所在地,G101061 汽車貨運業；G801010 倉儲業；IZ06010 理貨包裝業；G702010 船舶勞務承攬業；G409050 工業專用港或工業專用碼頭船舶貨物裝卸承攬業；EZ02010 起重工程業；IZ12010 人力派遣業；JZ99050 仲介服務業；JE01010 租賃業；IZ99990 其他工商服務業,新北市,變更,11509
00176003,厚穎室內裝修工程有限公司,新北市新莊區富貴路153號,阮浩宸,15000000,114/02/17,115/09/01,股東出資轉讓修正章程,E801010 室內裝潢業；I503010 景觀、室內設計業；E801060 室內裝修業；E701040 簡易電信設備安裝業；E801020 門窗安裝工程業；E801030 室內輕鋼架工程業；E801040 玻璃安裝工程業；E801070 廚具、衛浴設備安裝工程業；E901010 油漆工程業；E599010 配管工程業,新北市,變更,11509
00176030,魂限一番傳媒有限公司,新北市五股區五權五路27之1號6樓,王靜惠,1200000,113/10/04,115/09/23,申登機關變更（遷入，含卷）,I301010 資訊軟體服務業；I301020 資料處理服務業；I301030 電子資訊供應服務業；I401010 一般廣告服務業；IZ99990 其他工商服務業；J303010 雜誌（期刊）出版業；F399040 無店面零售業；F401010 國際貿易業；F209060 文教、樂器、育樂用品零售業；JZ99990 未分類其他服務業,新北市,變更,11509
00184165,栗貝投資股份有限公司,新北市新莊區中華路1段82號(1樓),黃純偉,6000000,113/11/26,115/09/04,增資(資本總額),H201010 一般投資業；H703090 不動產買賣業；H703100 不動產租賃業；ZZ99999 除許可業務外，得經營法令非禁止或限制之業務,新北市,變更,11509
00184806,仲利國際開發有限公司,新北市永和區永和路2段147號6樓之2,錢柏彣,6000000,113/08/16,115/09/16,增資,A101050 花卉栽培業；A102050 作物栽培服務業；A102080 園藝服務業；A201010 造林業；E801010 室內裝潢業；E901010 油漆工程業；EZ14010 運動場地用設備工程業；EZ99990 其他工程業；F101100 花卉批發業；F106010 五金批發業,新北市,變更,11509
00191145,奧爾斯有限公司,新北市汐止區忠三街37巷26號3樓,戴宏銘,18000000,113/09/10,115/09/07,特殊補正,H201010 一般投資業；I102010 一般投資顧問業；I103060 管理顧問業；I199990 其他顧問服務業；ZZ99999 除許可業務外，得經營法令非禁止或限制之業務,新北市,變更,11509
00194987,自由學有限公司,新北市板橋區篤行路2段161巷21號(1樓),陳泰華,300000,113/10/09,115/09/03,股東出資轉讓修正章程,JA05010 留、遊學服務業；IZ12010 人力派遣業；F209060 文教、樂器、育樂用品零售業；J399990 其他出版業；J202010 產業育成業；I103060 管理顧問業；F218010 資訊軟體零售業；F399990 其他綜合零售業；I199990 其他顧問服務業；IZ04010 翻譯業,新北市,變更,11509
00196628,在路上無限文化有限公司,新北市土城區新洲路100號8樓,慕里諾恩.達里拉旦,100000,113/08/28,115/09/24,特殊補正,J601010 藝文服務業；JB01010 會議及展覽服務業；I199990 其他顧問服務業；F399040 無店面零售業；CA02990 其他金屬製品製造業；JZ99990 未分類其他服務業；ZZ99999 除許可業務外，得經營法令非禁止或限制之業務,新北市,變更,11509
00196731,聖諾投資股份有限公司,新北市淡水區民族路17巷1弄1號,陳顯宗,10000000,114/01/17,115/09/10,補選董事(常務董事.董事長)/監察人,H201010 一般投資業；ZZ99999 除許可業務外，得經營法令非禁止或限制之業務,新北市,變更,11509
00196900,愛叡科技股份有限公司,新北市汐止區新台五路1段93號24樓之8,廖逸中,25000000,113/11/25,115/09/29,特殊補正,JA01010 汽車修理業；JA01990 其他汽車服務業；F114030 汽、機車零件配備批發業；F214030 汽、機車零件配備零售業；F114050 車胎批發業；F214050 車胎零售業；F106040 水器材料批發業；F206040 水器材料零售業；F106010 五金批發業；F206010 五金零售業,新北市,變更,11509
00197372,永崴工程有限公司,新北市樹林區太元街38號5樓,吳慧如,500000,113/09/16,115/09/22,申登機關變更（遷入，含卷）,E601010 電器承裝業；E601020 電器安裝業；E603010 電纜安裝工程業；E603020 電梯安裝工程業；E603040 消防安全設備安裝工程業；E603050 自動控制設備工程業；E603080 交通號誌安裝工程業；E603090 照明設備安裝工程業；E603100 電焊工程業；E603110 冷作工程業,新北市,變更,11509
00203584,協良投資有限公司,新北市中和區建八路2號12樓之7,林彭緯,2230000,113/10/28,115/09/30,改推董事/董事長,H201010 一般投資業；I102010 一般投資顧問業；JE01010 租賃業；H703100 不動產租賃業；J603010 音樂展演空間業；JB01010 會議及展覽服務業；I103060 管理顧問業；I199990 其他顧問服務業；I401010 一般廣告服務業；F401010 國際貿易業,新北市,變更,11509
00204325,易達國際顧問有限公司,新北市板橋區文化路2段500號5樓,林恒毅,1000000,113/09/19,115/09/18,公司所在地,I102010 一般投資顧問業；I103060 管理顧問業；HZ02010 金融機構金錢債權收買業務；HZ02020 辦理金融機構金錢債權之評價或拍賣業務；I301010 資訊軟體服務業；H703100 不動產租賃業；I401010 一般廣告服務業；I401020 廣告傳單分送業；HZ99990 其他金融、保險及不動產業；JD01010 工商徵信服務業,新北市,變更,11509
00209742,旺盛國際貿易有限公司,新北市新莊區新北大道3段5號11樓之6,王瑞瑩,5000000,114/03/06,115/09/18,公司所營事業變更修正章程,F401010 國際貿易業；I103060 管理顧問業；I401010 一般廣告服務業；I501010 產品設計業；I301010 資訊軟體服務業；I301020 資料處理服務業；I301030 電子資訊供應服務業；IZ99990 其他工商服務業；IZ12010 人力派遣業；IZ13010 網路認證服務業,新北市,變更,11509
00212015,吉冶高有限公司,新北市新莊區民安西路384號之7(1樓),王建發,3000000,114/01/10,115/09/10,增資,CE01010 一般儀器製造業；CB01010 機械設備製造業；CC01990 其他電機及電子機械器材製造業；CC01010 發電、輸電、配電機械製造業；CB01990 其他機械製造業；F113010 機械批發業；F113030 精密儀器批發業；F113990 其他機械器具批發業；F119010 電子材料批發業；F107200 化學原料批發業,新北市,變更,11509
00216820,豐洪投資股份有限公司,新北市板橋區中山路1段283巷2弄18號(1樓),洪吉亮,8000060,114/01/23,115/09/02,特殊補正,H201010 一般投資業；H202010 創業投資業；I102010 一般投資顧問業；I103060 管理顧問業；I199990 其他顧問服務業；ZZ99999 除許可業務外，得經營法令非禁止或限制之業務,新北市,變更,11509
00222175,凱燕資產管理股份有限公司,新北市中和區景平路188號37樓,李羿萬,1000000,113/10/07,115/09/29,特殊補正,E801010 室內裝潢業；E801020 門窗安裝工程業；E901010 油漆工程業；H701010 住宅及大樓開發租售業；H703100 不動產租賃業；I102010 一般投資顧問業；I103060 管理顧問業；I301010 資訊軟體服務業；I301020 資料處理服務業；I301030 電子資訊供應服務業,新北市,變更,11509
00226088,福利資產有限公司,新北市永和區安樂路272巷43弄16號,林阿女,500000,113/12/25,115/09/02,改推董事/董事長,F101040 家畜家禽批發業；F101050 水產品批發業；F101100 花卉批發業；F101130 蔬果批發業；F101990 其他農、畜、水產品批發業；F102170 食品什貨批發業；F104110 布疋、衣著、鞋、帽、傘、服飾品批發業；F105050 家具、寢具、廚房器具、裝設品批發業；F106020 日常用品批發業；F107010 漆料、塗料批發業,新北市,變更,11509
00229971,大海星投資有限公司,新北市三重區重新路5段609巷14號5樓之17,吳聰賢,43000000,113/10/08,115/09/17,特殊補正,H201010 一般投資業,新北市,變更,11509
00232595,土星烏日股份有限公司,新北市中和區板南路655號17樓,賴佳郁,11000000,113/10/18,115/09/22,公司外文名稱登記修正章程,F106010 五金批發業；F111090 建材批發業；F113100 污染防治設備批發業；F213100 污染防治設備零售業；F401010 國際貿易業；H701010 住宅及大樓開發租售業；I103060 管理顧問業；I199990 其他顧問服務業；I503010 景觀、室內設計業；I599990 其他設計業,新北市,變更,11509
00232933,優禾管理顧問股份有限公司,新北市中和區景新街338號12樓,劉燦宏,28950000,113/11/27,115/09/22,特殊補正,F401010 國際貿易業；F601010 智慧財產權業；H201010 一般投資業；IG01010 生物技術服務業；IG02010 研究發展服務業；I103060 管理顧問業；I301010 資訊軟體服務業；I401010 一般廣告服務業；I501010 產品設計業；IZ12010 人力派遣業,新北市,變更,11509
00236564,彥昕國際有限公司,新北市板橋區校前街40巷10號,劉彥伶,500000,114/02/21,115/09/11,公司所在地,F101040 家畜家禽批發業；F101050 水產品批發業；F101100 花卉批發業；F101120 觀賞魚批發業；F101130 蔬果批發業；F101990 其他農、畜、水產品批發業；F102030 菸酒批發業；F102040 飲料批發業；F102050 茶葉批發業；F102170 食品什貨批發業,新北市,變更,11509
00237938,美誠管理顧問有限公司,新北市土城區承天路92之12號5樓,賴易成,500000,113/08/13,115/09/22,公司名稱變更修正章程,I102010 一般投資顧問業；I103060 管理顧問業；I199990 其他顧問服務業；IZ12010 人力派遣業；IZ99990 其他工商服務業；J202010 產業育成業；ZZ99999 除許可業務外，得經營法令非禁止或限制之業務,新北市,變更,11509
00239083,新芝蘭不動產有限公司,新北市三芝區北勢子41之5號,陳文肯,100000,113/10/30,115/09/11,公司所營事業變更修正章程,H703090 不動產買賣業；H703100 不動產租賃業；I401010 一般廣告服務業；I401020 廣告傳單分送業；I301030 電子資訊供應服務業；HZ02020 辦理金融機構金錢債權之評價或拍賣業務；HZ99990 其他金融、保險及不動產業；I503010 景觀、室內設計業；IB01010 建築物公共安全檢查業；IZ07010 公證業,新北市,變更,11509
01456436,威麥克健康生技股份有限公司,新北市新店區民權路108之3號7樓,陳崇揚,18000000,74/09/13,115/09/15,減少所營事業變更修正章程,ZZ99999 除許可業務外，得經營法令非禁止或限制之業務；F106020 日常用品批發業；F119010 電子材料批發業；F206020 日常用品零售業；F213030 電腦及事務性機器設備零售業；F219010 電子材料零售業；F102170 食品什貨批發業；F104110 布疋、衣著、鞋、帽、傘、服飾品批發業；F107030 清潔用品批發業；F108040 化粧品批發業,新北市,變更,11509
02279938,星準有限公司,新北市深坑區北深路3段92號,高仁祐,1000000,74/10/05,115/09/14,股東出資轉讓修正章程,,新北市,變更,11509
03090005,中國銲條機械股份有限公司,新北市新店區安康路3段527號,黃振峰,140270000,44/01/28,115/09/01,特殊補正,CA02990 其他金屬製品製造業；F106010 五金批發業；F206010 五金零售業；CC01090 電池製造業；CC01990 其他電機及電子機械器材製造業；F113110 電池批發業；F213110 電池零售業；E603100 電焊工程業；E603110 冷作工程業；F401010 國際貿易業,新北市,變更,11509
03193109,秀山交通器材股份有限公司,新北市板橋區文化路二段427號,楊秀川,900000000,53/05/19,115/09/01,一般補正案,CD01030 汽車及其零件製造業。；CD01040 機車及其零件製造業。；CD01050 自行車及其零件製造業。；F114030 汽、機車零件配備批發業。；F114040 自行車及其零件批發業。；F214030 汽、機車零件配備零售業。；F214040 自行車及其零件零售業。；CC01040 照明設備製造業；CD01010 船舶及其零件製造業；CD01020 軌道車輛及其零件製造業,新北市,變更,11509
04279771,青洲股份有限公司,新北市板橋區中山路2段153號13樓,謝朝陽,16000000,64/08/19,115/09/09,董事/監察人持股變動報備,I103010 企業經營管理顧問業,新北市,變更,11509
04301485,佳豐機械設計工業股份有限公司,新北市淡水區中正東路2段27之5號11樓,陳曉玄,36000000,63/04/11,115/09/24,公司所在地,CD01020 軌道車輛及其零件製造業；CD01040 機車及其零件製造業；CD01030 汽車及其零件製造業；CB01010 機械設備製造業；CC01070 無線通信機械器材製造業；CC01060 有線通信機械器材製造業；C805050 工業用塑膠製品製造業；CN01010 家具及裝設品製造業；I501010 產品設計業；ZZ99999 除許可業務外，得經營法令非禁止或限制之業務,新北市,變更,11509
04345646,三環織針工業股份有限公司,新北市新莊區化成路11巷43號,陳碩德,90000000,65/05/28,115/09/11,董事/監察人持股變動報備,,新北市,變更,11509
04491020,盛毅實業股份有限公司,新北市五股區五權三路42號,連麗嬌,39000000,68/11/23,115/09/23,增資(資本總額),CA02090 金屬線製品製造業；CA02990 其他金屬製品製造業；CB01010 機械設備製造業；CB01990 其他機械製造業；F106010 五金批發業；F113010 機械批發業；F113060 度量衡器批發業；F113990 其他機械器具批發業；F206010 五金零售業；F213050 度量衡器零售業,新北市,變更,11509
04541302,鴻海精密工業股份有限公司,新北市土城區中山路66號,劉揚偉,140757464970,63/02/20,115/09/01,可轉換公司債換發新股,C801010 基本化學工業；C801030 精密化學材料製造業；C802170 毒性及關注化學物質製造業；C805050 工業用塑膠製品製造業；CA01090 鋁鑄造業；CA01130 銅材軋延、伸線、擠型業；CA01990 其他非鐵金屬基本工業；CA02010 金屬結構及建築組件製造業；CA02990 其他金屬製品製造業；CA04010 表面處理業,新北市,變更,11509
04575750,德興肥皂工業有限公司,新北市樹林區新興街37巷1號,簡孟泓,6000000,62/09/05,115/09/04,改推董事/董事長,,新北市,變更,11509
04613157,瑞青企業股份有限公司,新北市石碇區靜安路1段97號,王青志,84000000,63/05/11,115/09/08,特殊補正,C805050 工業用塑膠製品製造業；C805990 其他塑膠製品製造業；CB01990 其他機械製造業；CQ01010 模具製造業；CB01010 機械設備製造業；F113990 其他機械器具批發業；F106030 模具批發業；F113010 機械批發業；F105050 家具、寢具、廚房器具、裝設品批發業；CA05010 粉末冶金業,新北市,變更,11509
04723653,亞新工程顧問股份有限公司,新北市汐止區新台五路1段112號22樓,莫仁維,202890000,64/04/25,115/09/17,特殊補正,,新北市,變更,11509
04873049,肯大實業有限公司,新北市汐止區翠峰街8巷5弄4號,張宏宇,10000000,67/02/16,115/09/10,改推董事/董事長,,新北市,變更,11509
04877657,台灣良得電子股份有限公司,新北市深坑區北深路3段272號1樓,陳志銘,1507844820,67/08/15,115/09/09,董事(常務董事.董事長)/監察人解任,CC01080 電子零組件製造業；CC01020 電線及電纜製造業；CC01060 有線通信機械器材製造業；CC01070 無線通信機械器材製造業；F119010 電子材料批發業；F219010 電子材料零售業；ZZ99999 除許可業務外，得經營法令非禁止或限制之業務,新北市,變更,11509
05110370,春城營造股份有限公司,新北市五股區成泰路1段189巷16號12樓,王鼎昇,200000000,71/04/30,115/09/01,改選董事/監察人(一人法人股東指派董事/監察人),E101011 綜合營造業,新北市,變更,11509
05183746,璟太元實業有限公司,新北市中和區景安路50號12樓,趙月英,5000000,71/10/23,115/09/29,公司印鑑變更,,新北市,變更,11509
05195095,啟宏營造工程股份有限公司,新北市土城區青雲路332號(1樓),江俊杰,22800000,72/04/29,115/09/29,公司印鑑變更,E101011 綜合營造業；E599010 配管工程業；E502010 燃料導管安裝工程業；E603040 消防安全設備安裝工程業；E603090 照明設備安裝工程業；E607010 太陽熱能設備安裝工程業；E801010 室內裝潢業；E801030 室內輕鋼架工程業；E801070 廚具、衛浴設備安裝工程業；E901010 油漆工程業,新北市,變更,11509
05256276,億知讀秀股份有限公司,新北市汐止區康寧街169巷25號8樓之1,高浚庭,15000000,73/07/10,115/09/30,改選董事/監察人(一人法人股東指派董事/監察人),I101090 食品顧問業；I101070 農、林、漁、畜牧顧問業；I101110 紡織顧問業；I101120 造船顧問業；I301010 資訊軟體服務業；I301020 資料處理服務業；I301030 電子資訊供應服務業；I301060 網路廣告平臺業；I401010 一般廣告服務業；I401020 廣告傳單分送業,新北市,變更,11509
05410587,翊楊汽車貨運有限公司,新北市淡水區北新路182巷35號5樓,鄭彩雲,3000000,72/12/28,115/09/22,股東出資轉讓修正章程,G101061 汽車貨運業；IZ12010 人力派遣業；J101990 其他環境衛生及污染防治服務業；ZZ99999 除許可業務外，得經營法令非禁止或限制之業務,新北市,變更,11509
05704302,精歐實業有限公司,新北市新莊區五權一路3號3樓之4,林育賢,2000000,73/07/14,115/09/24,申登機關變更（遷入，含卷）,J402010 電影片發行業；F401010 國際貿易業各種裝潢材料等進出口買賣業務大小五金、針織品、手工藝品、珠寶︹銀樓業除外︺食品罐頭等進出口買賣業務代理有關上項國內外廠商產品經銷及投標關同業間之對外保証,新北市,變更,11509
07663968,全通貨櫃通運股份有限公司,新北市八里區中華路3段17號,施柏宇,9000000,69/08/28,115/09/18,公司所在地,G101081 汽車貨櫃貨運業；F214990 其他交通運輸工具及其零件零售業；F401010 國際貿易業；G405010 貨櫃出租業；J101030 廢棄物清除業；J101040 廢棄物處理業；F114010 汽車批發業；F214010 汽車零售業；JE01010 租賃業；J101010 建築物清潔服務業,新北市,變更,11509
07724705,欣南運輸股份有限公司,新北市林口區竹林路278巷8號,張耀仁,3000000,73/08/13,115/09/15,特殊補正,G101061 汽車貨運業；F112040 石油製品批發業,新北市,變更,11509
09463190,精慶實業有限公司,新北市板橋區篤行路3段7號9樓,張寬民,5000000,73/12/01,115/09/11,公司所營事業變更修正章程,F114010 汽車批發業；F114030 汽、機車零件配備批發業；F401010 國際貿易業；CD01030 汽車及其零件製造業；F401181 度量衡器輸入業；F113030 精密儀器批發業；F113060 度量衡器批發業；F113990 其他機械器具批發業；F213040 精密儀器零售業；F213050 度量衡器零售業,新北市,變更,11509
11281007,晟燁營造股份有限公司,新北市新莊區豐年街55之9號2樓,張修榕,100000000,53/12/22,115/09/14,特殊補正,I401010 一般廣告服務業；I503010 景觀、室內設計業；IB01010 建築物公共安全檢查業；CC01080 電子零組件製造業；CC01090 電池製造業；CC01990 其他電機及電子機械器材製造業；F106010 五金批發業；F107010 漆料、塗料批發業；F111090 建材批發業；F113020 電器批發業,新北市,變更,11509
12105606,裕隆建設股份有限公司,新北市新店區中興路3段3號2樓,嚴陳莉蓮,1440780000,66/01/28,115/09/14,補選董事(常務董事.董事長)/監察人,H701010 住宅及大樓開發租售業；H701050 投資興建公共建設業；H701070 區段徵收及市地重劃代辦業；H701080 都市更新重建業；H703090 不動產買賣業；H703100 不動產租賃業；F211010 建材零售業；F205040 家具、寢具、廚房器具、裝設品零售業；F401010 國際貿易業；H701020 工業廠房開發租售業,新北市,變更,11509
12158217,奇傑企業股份有限公司,新北市八里區博物館路85號2樓,李健雄,23600000,67/01/25,115/09/08,特殊補正,,新北市,變更,11509
12211281,金亞金屬工業股份有限公司,新北市樹林區俊安街63號,楊清雄,160000000,68/01/19,115/09/03,特殊補正,CA02010 金屬建築結構及組件製造業；F111080 門窗建材批發業；F211010 建材零售業；E801020 門窗安裝工程業；ZZ99999 除許可業務外，得經營法令非禁止或限制之業務,新北市,變更,11509
12365601,奇華股份有限公司,新北市五股區中興路1段10號7樓,黃嘉傑,15000000,71/01/09,115/09/21,特殊補正,C103050 罐頭、冷凍、脫水及醃漬食品製造業；C104020 烘焙炊蒸食品製造業；F102040 飲料批發業；F102170 食品什貨批發業；F203010 食品什貨、飲料零售業；F401010 國際貿易業；F399040 無店面零售業；ZZ99999 除許可業務外，得經營法令非禁止或限制之業務,新北市,變更,11509
12375925,德晉科技股份有限公司,新北市三重區興德路123之1號8樓,湯棋同,778920730,71/03/23,115/09/21,董事(常務董事.董事長)/監察人解任,C801990 其他化學材料製造業；CA01090 鋁鑄造業；CA01990 其他非鐵金屬基本工業；CA02990 其他金屬製品製造業；CB01030 污染防治設備製造業；CC01030 電器及視聽電子產品製造業；CC01060 有線通信機械器材製造業；CC01070 無線通信機械器材製造業；CC01080 電子零組件製造業；CC01110 電腦及其週邊設備製造業,新北市,變更,11509
12401114,台灣亞德士股份有限公司,新北市中和區橋和路120號10樓之2,安德瑞‧歐貝瑞克,20000000,71/08/30,115/09/15,特殊補正,C802990 其他化學製品製造業；C901050 水泥及混凝土製品製造業；C901060 耐火材料製造業；E801010 室內裝潢業；EZ99990 其他工程業；F107010 漆料、塗料批發業；F107990 其他化學製品批發業；F111090 建材批發業；F113010 機械批發業；F207010 漆料、塗料零售業,新北市,變更,11509
12405673,新美豐營造股份有限公司,新北市三重區龍濱路2號,陳榮旗,26000000,71/09/15,115/09/03,特殊補正,E101011 綜合營造業；E599010 配管工程業；E603010 電纜安裝工程業；E701010 電信工程業；EZ99990 其他工程業；ZZ99999 除許可業務外，得經營法令非禁止或限制之業務；E601010 電器承裝業；E603040 消防安全設備安裝工程業；E603050 自動控制設備工程業；E605010 電腦設備安裝業,新北市,變更,11509
12451330,台灣鼎磊企業股份有限公司,新北市新店區中正路54巷14號2樓,邱聰明,60000000,72/08/01,115/09/17,增資(資本總額),E599010 配管工程業；E603040 消防安全設備安裝工程業；E603050 自動控制設備工程業；E604010 機械安裝業；E901010 油漆工程業；F107990 其他化學製品批發業；F113010 機械批發業；F207990 其他化學製品零售業；F213080 機械器具零售業；F401010 國際貿易業,新北市,變更,11509
12456308,瑩冀貿易股份有限公司,新北市汐止區康寧街169巷27號11樓之1,盧金榮,5000000,72/08/30,115/09/17,改選董事/監察人(一人法人股東指派董事/監察人),,新北市,變更,11509
12506362,邑揚營造有限公司,新北市新店區安德街46巷6號8樓,陳瀅帆,15000000,73/05/08,115/09/08,修正章程,E101011 綜合營造業；A102080 園藝服務業；H701010 住宅及大樓開發租售業；H703090 不動產買賣業；E801010 室內裝潢業；E901010 油漆工程業；F111090 建材批發業；ZZ99999 除許可業務外，得經營法令非禁止或限制之業務,新北市,變更,11509
12633705,浩紳企業有限公司,新北市永和區永和路1段40號9樓之2,鄭宇皓,4600000,89/10/13,115/09/08,股東出資轉讓修正章程,F113020 電器批發業。；F113050 事務性機器設備批發業。；F209010 書籍、文具零售業。；F209020 運動器材零售業。；F209030 玩具、娛樂用品零售業。；F213030 事務性機器設備零售業。；F213010 電器零售業。；F213060 電信器材零售業。；F401010 國際貿易業。；F109020 文具批發業。,新北市,變更,11509
12670969,懷康科技股份有限公司,新北市新店區中央路153號16樓之17,林世商,45000000,89/12/07,115/09/01,特殊補正,EZ15010 保溫、保冷安裝工程業；E603050 自動控制設備工程業；E603090 照明設備安裝工程業；F102040 飲料批發業；F106040 水器材料批發業；F107050 肥料批發業；F113010 機械批發業；F113020 電器批發業；F119010 電子材料批發業；F199990 其他批發業,新北市,變更,11509
12679808,商情數位科技有限公司,新北市新店區安興路125之2號6樓,馮冠華,5000000,90/01/10,115/09/01,特殊補正,,新北市,變更,11509
12681939,阜爾運通股份有限公司,新北市土城區三民路2號7樓之8,楊文杰,794712000,90/01/19,115/09/22,發行新股,G202010 停車場經營業；F401010 國際貿易業；E604010 機械安裝業；E605010 電腦設備安裝業；F219010 電子材料零售業；F119010 電子材料批發業；F213030 事務性機器設備零售業；F113050 事務性機器設備批發業；E603040 消防安全設備安裝工程業；F217010 消防安全設備零售業,新北市,變更,11509
12689799,永明祥工程股份有限公司,新北市林口區自強二街63號,何文發,10000000,90/02/27,115/09/30,改選董事/監察人(一人法人股東指派董事/監察人),E599010 配管工程業；E602011 冷凍空調工程業；E604010 機械安裝業；ZZ99999 除許可業務外，得經營法令非禁止或限制之業務；IG03010 能源技術服務業；F399040 無店面零售業；F401010 國際貿易業,新北市,變更,11509
12693739,大開資訊股份有限公司,新北市板橋區南雅南路1段55號10樓之1,曾日榮,25000000,90/03/14,115/09/16,公司所在地,F401010 國際貿易業；I301010 資訊軟體服務業；I301020 資料處理服務業；I301030 電子資訊供應服務業；I401010 一般廣告服務業；J303010 雜誌業；J304010 圖書出版業；ZZ99999 除許可業務外，得經營法令非禁止或限制之業務,新北市,變更,11509
12696644,萬弘開發股份有限公司,新北市新莊區新北大道3段7號7樓之2,黃建勛,6000000,90/03/22,115/09/17,特殊補正,F401010 國際貿易業；F601010 智慧財產權業；G202010 停車場經營業；G801010 倉儲業；H701010 住宅及大樓開發租售業；H701020 工業廠房開發租售業；H703100 不動產租賃業；I102010 投資顧問業；I103060 管理顧問業；H701060 新市鎮、新社區開發業,新北市,變更,11509
12729477,美超微電腦股份有限公司,新北市中和區建一路150號3樓,許春來,1500000000,89/12/29,115/09/16,改派董事/監察人,F113050 電腦及事務性機器設備批發業；F213030 電腦及事務性機器設備零售業；I301010 資訊軟體服務業；I301020 資料處理服務業；I301030 電子資訊供應服務業；CC01060 有線通信機械器材製造業；CC01110 電腦及其週邊設備製造業；ZZ99999 除許可業務外，得經營法令非禁止或限制之業務；G801010 倉儲業；E701030 電信管制射頻器材裝設工程業,新北市,變更,11509
12738476,信欣螺絲五金有限公司,新北市五股區中興路1段45號1樓,周政緯,2000000,90/01/18,115/09/23,股東出資轉讓修正章程,CA02030 螺絲、螺帽、螺絲釘、及鉚釘等製品製造業；CA02040 彈簧製造業；F106010 五金批發業；F206010 五金零售業；F401010 國際貿易業；ZZ99999 除許可業務外，得經營法令非禁止或限制之業務,新北市,變更,11509
12739550,東湖加油站股份有限公司,新北市汐止區康寧街6號,蘇桒淼,16000000,90/01/19,115/09/10,改選董事/監察人(一人法人股東指派董事/監察人),F212011 加油站業。；F214030 汽、機車零件配備零售業。；F213090 交通標誌器材零售業。；F203010 食品、飲料零售業。；JA01010 汽車修理業。；JA01990 其他汽車服務業（汽車清洗）。,新北市,變更,11509
12740108,東龍國際有限公司,新北市泰山區中央路5巷32號,邱湘菱,5000000,90/01/20,115/09/24,特殊補正,F102030 菸酒批發業；F102170 食品什貨批發業；F203010 食品什貨、飲料零售業；F203020 菸酒零售業；F206010 五金零售業；F204110 布疋、衣著、鞋、帽、傘、服飾品零售業；F213090 交通標誌器材零售業；F111090 建材批發業；F401010 國際貿易業；E603080 交通號誌安裝工程業,新北市,變更,11509
12748501,豐盈事業有限公司,新北市五股區凌雲路3段2號之7,林志豪,29800000,90/02/15,115/09/01,公司所在地,H703100 不動產租賃業；H701010 住宅及大樓開發租售業；JZ99050 仲介服務業；H703090 不動產買賣業；G801010 倉儲業；I102010 投資顧問業；F401010 國際貿易業；I401010 一般廣告服務業；I103060 管理顧問業；F109070 文教、樂器、育樂用品批發業,新北市,變更,11509
12760526,廉洋科技有限公司,新北市三重區福德南路36之1號,林上弘,3000000,90/03/08,115/09/04,董事/股東地址變更,E603050 自動控制設備工程業；F113020 電器批發業；F113030 精密儀器批發業；F113070 電信器材批發業；F116010 照相器材批發業；F119010 電子材料批發業；F213010 電器零售業；F213040 精密儀器零售業；F213060 電信器材零售業；F219010 電子材料零售業,新北市,變更,11509
12771586,枝達創新股份有限公司,新北市板橋區三民路1段89號10樓,林俊達,35000000,90/03/23,115/09/10,特殊補正,CB01010 機械設備製造業；CB01990 其他機械製造業；CC01030 電器及視聽電子產品製造業；CC01040 照明設備製造業；CC01120 資料儲存媒體製造及複製業；CC01990 其他電機及電子機械器材製造業；CH01010 體育用品製造業；CN01010 家具及裝設品製造業；E601010 電器承裝業；E601020 電器安裝業,新北市,變更,11509
12774731,全鑫門實業有限公司,新北市新店區中興路2段27號12樓之1,蔡輝雄,3000000,90/03/29,115/09/09,特殊補正,E801020 門窗安裝工程業；F111070 金屬建材批發業；F111080 門窗建材批發業；F106010 五金批發業；F211010 建材零售業；C501010 製材業；F401010 國際貿易業；C501990 其他木材製品製造業(木門窗)；CA02010 金屬建築結構及組件製造業；CA02020 鋁銅製品製造業,新北市,變更,11509
12805489,上鴻智能科技股份有限公司,新北市新莊區新北大道3段7號16樓之8,陳昭宏,10000000,90/05/18,115/09/23,改選董事/監察人(一人法人股東指派董事/監察人),F213040 精密儀器零售業；F219010 電子材料零售業；F401010 國際貿易業；F107170 工業助劑批發業；ZZ99999 除許可業務外，得經營法令非禁止或限制之業務；E599010 配管工程業；E601010 電器承裝業；E601020 電器安裝業；E603010 電纜安裝工程業；E603050 自動控制設備工程業,新北市,變更,11509
12816084,康柏生物科技有限公司,新北市蘆洲區正和街72巷13號1樓,施宜璋,10000000,90/06/06,115/09/09,股東出資轉讓修正章程,F206040 水器材料零售業；F206020 日常用品零售業；F204110 布疋、衣著、鞋、帽、傘、服飾品零售業；F205040 家具、寢具、廚房器具、裝設品零售業；F213010 電器零售業；F203010 食品什貨、飲料零售業；F299990 其他零售業；F208050 乙類成藥零售業；F108040 化粧品批發業；F208040 化粧品零售業,新北市,變更,11509
12824916,基誠國際股份有限公司,新北市板橋區實踐路30號9樓,陳雅旭,20702740,90/06/20,115/09/24,特殊補正,F208031 醫療器材零售業；F108031 醫療器材批發業；F401010 國際貿易業；F106020 日常用品批發業；F107030 清潔用品批發業；F206020 日常用品零售業；F207030 清潔用品零售業；F399040 無店面零售業；F107080 環境用藥批發業；F207080 環境用藥零售業,新北市,變更,11509
12837932,頤爵科技有限公司,新北市林口區麗園二街23巷58號,吳清祥,20000000,90/07/17,115/09/30,增資,E603020 電梯安裝工程業。；E603050 自動控制設備工程業。；E603090 照明設備安裝工程業。；E605010 電腦設備安裝業。；E701010 通信工程業。；F119010 電子材料批發業。；F113050 事務性機器設備批發業。；F118010 資訊軟體批發業。；F401010 國際貿易業。,新北市,變更,11509
12852671,序佳投資股份有限公司,新北市中和區建一路186號15樓之4,王崇彥,25000000,90/04/09,115/09/29,特殊補正,H201010 一般投資業,新北市,變更,11509
12869342,木馬文化事業股份有限公司,新北市新店區民權路108之4號8樓,商兆文,23600000,90/06/01,115/09/02,改選董事/監察人(一人法人股東指派董事/監察人),F209010 書籍、文具零售業。；J303010 雜誌業。；J304010 圖書出版業。；J305010 有聲出版業。；F209020 運動器材零售業。；F209030 玩具、娛樂用品零售業。；F209050 包裝材料零售業。；I401010 一般廣告服務業。；F401010 國際貿易業。；C701010 印刷業,新北市,變更,11509
12872326,上雅紋實業有限公司,新北市新店區復興路43號10樓之1,詹玲莉,5000000,90/06/13,115/09/29,公司所營事業變更修正章程,F104110 布疋、衣著、鞋、帽、傘、服飾品批發業；F106010 五金批發業；F106020 日常用品批發業；F107030 清潔用品批發業；F108040 化粧品批發業；F208040 化粧品零售業；F109070 文教、樂器、育樂用品批發業；F113990 其他機械器具批發業；F213990 其他機械器具零售業；F401010 國際貿易業,新北市,變更,11509
12878692,華計有限公司,新北市中和區立德街95號6樓,韓福軍,10000000,90/07/09,115/09/08,公司所在地,C701010 印刷業；C702010 製版業；F109020 文具批發業。；F209010 書籍、文具零售業。；F401010 國際貿易業；F113050 電腦及事務性機器設備批發業；F118010 資訊軟體批發業；F213030 電腦及事務性機器設備零售業；F218010 資訊軟體零售業；I301010 資訊軟體服務業,新北市,變更,11509
12896919,悅喜生物科技有限公司,新北市樹林區啓智街61號8樓,黃媛麗,5000000,90/09/07,115/09/17,特殊補正,F102160 輔助食品批發業。；F102030 菸酒批發業。；F102040 飲料批發業。；F102130 調味品批發業。；IG01010 生物技術服務業；F401010 國際貿易業。,新北市,變更,11509
12911025,新和廣告股份有限公司,新北市新店區安興路127之8號2樓,龍國清,2000000,90/10/11,115/09/17,特殊補正,I401010 一般廣告服務業；JB01010 會議及展覽服務業；A102060 糧商業；C802100 化粧品製造業；F102030 菸酒批發業；F102180 酒精批發業；F108040 化粧品批發業；F202010 飼料零售業；F203020 菸酒零售業；F206050 寵物食品及其用品零售業,新北市,變更,11509
12917695,八芝蘭投資股份有限公司,新北市三重區進安街27號10樓,郭美妙,29900000,90/10/25,115/09/18,申登機關變更（遷入，含卷）,H201010 一般投資業；H701010 住宅及大樓開發租售業；ZZ99999 除許可業務外，得經營法令非禁止或限制之業務,新北市,變更,11509
12927151,京魁系統股份有限公司,新北市汐止區新台五路1段77號20樓之2,張京城,10000000,90/11/14,115/09/18,特殊補正,E301010 水處理工程業；E302010 廢棄物清理設備安裝工程業；E303010 空氣污染防制工程業；E303020 噪音及振動防制工程業；E303030 土壤污染防治工程業；E603050 自動控制設備工程業；E605010 電腦設備安裝業；E701010 通信工程業；EZ05010 儀器、儀表安裝工程業；F113030 精密儀器批發業,新北市,變更,11509
12940106,晟晁物業管理顧問股份有限公司,新北市永和區中山路1段87號3樓,林玉玲,29000000,90/08/21,115/09/15,特殊補正,G202010 停車場經營業；JZ99050 仲介服務業；I102010 投資顧問業；I103060 管理顧問業；I199990 其他顧問服務業；I501010 產品設計業；I503010 景觀、室內設計業；I599990 其他設計業；IF01010 消防安全設備檢修業；IG01010 生物技術服務業,新北市,變更,11509
12949866,亮鈞科技有限公司,新北市深坑區北深路3段238之6號13樓,張乃方,6000000,90/10/02,115/09/21,增資,F113020 電器批發業；F113030 精密儀器批發業；F113050 電腦及事務性機器設備批發業；E605010 電腦設備安裝業；F113070 電信器材批發業；F401010 國際貿易業；I301010 資訊軟體服務業；EZ05010 儀器、儀表安裝工程業；I103060 管理顧問業；F119010 電子材料批發業,新北市,變更,11509
12955590,大葉聯合生物科技有限公司,新北市深坑區埔新街95巷3號(1樓),許麗玉,500000,90/10/25,115/09/11,特殊補正,F108040 化粧品批發業；F208040 化粧品零售業；F102170 食品什貨批發業；IG01010 生物技術服務業；G801010 倉儲業；F401010 國際貿易業；I501010 產品設計業；ZZ99999 除許可業務外，得經營法令非禁止或限制之業務,新北市,變更,11509
12966772,宇暉科技股份有限公司,新北市土城區中央路1段365巷19號,劉朝淵,75000000,90/12/10,115/09/01,公司所在地,F113020 電器批發業；I301020 資料處理服務業；ZZ99999 除許可業務外，得經營法令非禁止或限制之業務,新北市,變更,11509
12974203,寶聯光學股份有限公司,新北市汐止區新台五路1段97號17樓之7,蔡國平,208000000,91/01/03,115/09/22,分割減資,F110020 眼鏡批發業；F210020 眼鏡零售業；F108031 醫療器材批發業；F208031 醫療器材零售業；F401010 國際貿易業；F102040 飲料批發業；F107030 清潔用品批發業；F108040 化粧品批發業；F203010 食品什貨、飲料零售業；F207030 清潔用品零售業,新北市,變更,11509
13011579,隆圖股份有限公司,新北市中和區中原街95號7樓,陳孜名,16000000,91/01/17,115/09/14,特殊補正,I301010 資訊軟體服務業；I301020 資料處理服務業；I301030 電子資訊供應服務業；I401010 一般廣告服務業；F113070 電信器材批發業；F213060 電信器材零售業；F401010 國際貿易業；I103010 企業經營管理顧問業；I501010 產品設計業；F102160 輔助食品批發業,新北市,變更,11509
13018284,仲錸探針有限公司,新北市鶯歌區建國路367巷22號(1樓),常慧珍,8000000,91/01/29,115/09/14,公司所營事業變更修正章程,CC01080 電子零組件製造業；CC01110 電腦及其週邊設備製造業；CC01120 資料儲存媒體製造及複製業；CC01990 其他電機及電子機械器材製造業；CE01010 一般儀器製造業；CA02010 金屬結構及建築組件製造業；CA02030 螺絲、螺帽、螺絲釘、及鉚釘等製品製造業；CA02040 彈簧製造業；CA02060 金屬容器製造業；CA02080 金屬鍛造業,新北市,變更,11509
13043312,其立股份有限公司,新北市新莊區民安路287號之1,鄭立育,105000000,91/03/14,115/09/15,特殊補正,ZZ99999 除許可業務外，得經營法令非禁止或限制之業務；C805990 其他塑膠製品製造業；CC01080 電子零組件製造業；CD01030 汽車及其零件製造業；E605010 電腦設備安裝業；F113050 電腦及事務性機器設備批發業；F118010 資訊軟體批發業；F119010 電子材料批發業；F213030 電腦及事務性機器設備零售業；F218010 資訊軟體零售業,新北市,變更,11509
13046747,鉅岳建築事業有限公司,新北市三重區重安街137號4樓,廖梅君,5000000,91/03/20,115/09/18,特殊補正,F117010 消防安全設備批發業；F120010 耐火材料批發業；F111090 建材批發業；E801030 室內輕鋼架工程業；E901010 油漆工程業；E801010 室內裝潢業；E603020 電梯安裝工程業；EZ05010 儀器、儀表安裝工程業；ZZ99999 除許可業務外，得經營法令非禁止或限制之業務；E603040 消防安全設備安裝工程業,新北市,變更,11509
13099103,華通資訊股份有限公司,新北市汐止區新台五路1段92號19樓,許崇仁,40000000,91/03/29,115/09/07,特殊補正,CB01020 事務機器製造業；CC01080 電子零組件製造業；CC01110 電腦及其週邊設備製造業；CC01120 資料儲存媒體製造及複製業；F113050 電腦及事務性機器設備批發業；F118010 資訊軟體批發業；F119010 電子材料批發業；F401010 國際貿易業；I301010 資訊軟體服務業；I301020 資料處理服務業,新北市,變更,11509
13112020,仲邦實業有限公司,新北市汐止區新台五路1段95號11樓之7,楊明德,6000000,91/04/30,115/09/09,公司遷址修正章程,F113070 電信器材批發業。；F213060 電信器材零售業。；F114030 汽、機車零件配備批發業。；F114050 車胎批發業。；F214030 汽、機車零件配備零售業。；F214050 車胎零售業。；F106020 日常用品批發業。；F208040 化粧品零售業。；F401010 國際貿易業。；F119010 電子材料批發業。,新北市,變更,11509
13115259,塑華科技有限公司,新北市新店區中正路497巷6號,鄭瑞玲,10000000,91/05/09,115/09/14,公司所營事業變更修正章程,ZZ99999 除許可業務外，得經營法令非禁止或限制之業務；F401010 國際貿易業；F113010 機械批發業；F113030 精密儀器批發業；F213080 機械器具零售業；F213040 精密儀器零售業；CB01010 機械設備製造業；E601020 電器安裝業；E603100 電焊工程業；E604010 機械安裝業,新北市,變更,11509
13117496,祥欣開發有限公司,新北市萬里區中福6之2號,林米雪,30000000,91/05/15,115/09/08,股東出資轉讓修正章程,H701050 投資興建公共建設業。；H701020 工業廠房開發租售業；J101990 其他環保服務業（土石方資源堆置處理場）；I103010 企業經營管理顧問業；JZ99050 仲介服務業；ZZ99999 除許可業務外，得經營法令非禁止或限制之業務,新北市,變更,11509
13120008,美麗家有限公司,新北市中和區新民街102巷2號,陳祺源,500000,91/05/22,115/09/30,公司所營事業變更修正章程,F102170 食品什貨批發業；F203010 食品什貨、飲料零售業；F399040 無店面零售業；F401010 國際貿易業；F109070 文教、樂器、育樂用品批發業；F209060 文教、樂器、育樂用品零售業；J602010 演藝活動業；IZ99990 其他工商服務業；ZZ99999 除許可業務外，得經營法令非禁止或限制之業務；J202010 產業育成業,新北市,變更,11509
13123687,引力製作有限公司,新北市永和區永貞路107號3樓,,1200000,91/05/31,115/09/01,解散,I401010 一般廣告服務業；JE01010 租賃業；F601010 智慧財產權業；F401010 國際貿易業；IZ99990 其他工商服務業；I501010 產品設計業；I103060 管理顧問業；F104110 布疋、衣著、鞋、帽、傘、服飾品批發業；F399040 無店面零售業；ZZ99999 除許可業務外，得經營法令非禁止或限制之業務,新北市,變更,11509
13125432,迪吉電通股份有限公司,新北市中和區景平路268號8樓之5,陳思婷,7000000,91/06/06,115/09/23,改選董事/監察人(一人法人股東指派董事/監察人),C701010 印刷業；C703010 印刷品裝訂及加工業；E605010 電腦設備安裝業；F106030 模具批發業；F107080 環境用藥批發業；F107170 工業助劑批發業；F107190 塑膠膜、袋批發業；F107200 化學原料批發業；F107990 其他化學製品批發業；F108040 化粧品批發業,新北市,變更,11509
13126122,宜輝企業有限公司,新北市淡水區中正東路2段27之9號27樓,林成俊,10000000,91/06/07,115/09/22,股東出資轉讓修正章程,F214010 汽車零售業；F214020 機車零售業；F214030 汽、機車零件配備零售業；F401010 國際貿易業；F117010 消防安全設備批發業；F217010 消防安全設備零售業；F107200 化學原料批發業；F107170 工業助劑批發業；F207200 化學原料零售業；ZZ99999 除許可業務外，得經營法令非禁止或限制之業務,新北市,變更,11509
13134495,廣普生物科技股份有限公司,新北市新店區中正路四維巷2弄5號3樓,羅崇哲,129106220,91/07/08,115/09/29,特殊補正,CE01010 一般儀器製造業；CE01030 光學儀器製造業；C801030 精密化學材料製造業；IG01010 生物技術服務業；IC01010 藥品檢驗業；F113030 精密儀器批發業；F113100 污染防治設備批發業；F401010 國際貿易業；CF01011 醫療器材製造業；CB01010 機械設備製造業,新北市,變更,11509
15301118,國生企業股份有限公司,新北市林口區嘉溪雅坑5之4號,許強恭,12300000,59/01/16,115/09/07,改選董事/監察人(一人法人股東指派董事/監察人),,新北市,變更,11509
15886148,優的實業股份有限公司,新北市五股區五權三路22號,林信來,50000000,70/01/17,115/09/24,董事/監察人持股變動報備,C306010 成衣業；C399990 其他紡織及製品製造業；C802990 其他化學製品製造業；CB01010 機械設備製造業；CM01010 箱、包、袋製造業；CZ99990 未分類其他工業製品製造業；F104110 布疋、衣著、鞋、帽、傘、服飾品批發業；F109070 文教、樂器、育樂用品批發業；F113010 機械批發業；F113020 電器批發業,新北市,變更,11509
15990445,慶宏有限公司,新北市中和區橋和路116號5樓之2,侯佳宏,50000000,73/11/05,115/09/09,增資,C701010 印刷業；F109070 文教、樂器、育樂用品批發業；F209060 文教、樂器、育樂用品零售業；JE01010 租賃業；H703100 不動產租賃業；C601030 紙容器製造業；C601040 加工紙製造業；C703010 印刷品裝訂及加工業；I501010 產品設計業；IZ06010 理貨包裝業,新北市,變更,11509
16016458,明業精密工業有限公司,新北市新莊區新泰路321巷25號1樓,蔡明怡,1000000,86/05/27,115/09/24,特殊補正,,新北市,變更,11509
16024696,相助精密股份有限公司,新北市新莊區化成路195巷25號(2樓),陳旭東,10000000,86/06/04,115/09/11,改選董事/監察人(一人法人股東指派董事/監察人),CA02010 金屬結構及建築組件製造業；CB01010 機械設備製造業；CQ01010 模具製造業；F113010 機械批發業；F113050 電腦及事務性機器設備批發業；F113070 電信器材批發業；F106010 五金批發業；F106030 模具批發業；F119010 電子材料批發業；ZZ99999 除許可業務外，得經營法令非禁止或限制之業務,新北市,變更,11509
16035602,宗陽工程股份有限公司,新北市三重區重新路五段609巷16號2樓之12,李宗民,150000000,86/06/16,115/09/23,董事/監察人持股變動報備,C805010 塑膠皮、布、板、管材製造業；CA01050 鋼材二次加工業；CA01100 鋁材軋延、伸線、擠型業；CB01010 機械設備製造業；CB01990 其他機械製造業；CC01010 發電、輸電、配電機械製造業；CC01040 照明設備製造業；E501011 自來水管承裝商；E502010 燃料導管安裝工程業；E599010 配管工程業,新北市,變更,11509
16132371,鐘寶國際事業股份有限公司,新北市板橋區中山路2段89巷27號18樓,林裕峰,6700000,86/07/11,115/09/01,特殊補正,F215020 礦石零售業；F209060 文教、樂器、育樂用品零售業；F210010 鐘錶零售業；F204110 布疋、衣著、鞋、帽、傘、服飾品零售業；F205040 家具、寢具、廚房器具、裝設品零售業；F206020 日常用品零售業；F207190 塑膠膜、袋零售業；F210020 眼鏡零售業；F213010 電器零售業；F213030 電腦及事務性機器設備零售業,新北市,變更,11509
16144545,晶邦科技股份有限公司,新北市汐止區新台五路1段97號25樓之6,蔡里香,80000000,86/08/08,115/09/10,改選董事/監察人(一人法人股東指派董事/監察人),F119010 電子材料批發業；F219010 電子材料零售業；F113030 精密儀器批發業；F213040 精密儀器零售業；F113070 電信器材批發業；F213060 電信器材零售業；F113110 電池批發業；F213110 電池零售業；F401010 國際貿易業；JZ99050 仲介服務業,新北市,變更,11509
16160489,美督股份有限公司,新北市林口區南勢三街13號,吳文凱,9000000,86/09/25,115/09/16,特殊補正,F112040 石油製品批發業；F114030 汽、機車零件配備批發業；F113010 機械批發業；A101050 花卉栽培業；F111090 建材批發業；F113020 電器批發業；F119010 電子材料批發業；F213010 電器零售業；F219010 電子材料零售業；F401010 國際貿易業,新北市,變更,11509
16164014,增德投資股份有限公司,新北市中和區中和路358號8樓,周俊賢,20000000,86/10/04,115/09/24,改選董事/監察人(一人法人股東指派董事/監察人),H201010 一般投資業；H703090 不動產買賣業；H703100 不動產租賃業；ZZ99999 除許可業務外，得經營法令非禁止或限制之業務,新北市,變更,11509
16165772,夜上海實業有限公司,新北市三重區三和路3段180號3樓,林楸梅,500000,86/10/09,115/09/30,申登機關變更（遷入，含卷）,F104110 布疋、衣著、鞋、帽、傘、服飾品批發業；F105050 家具、寢具、廚房器具、裝設品批發業；F106010 五金批發業；F106020 日常用品批發業；F107030 清潔用品批發業；F109070 文教、樂器、育樂用品批發業；F204110 布疋、衣著、鞋、帽、傘、服飾品零售業；F205040 家具、寢具、廚房器具、裝設品零售業；F206010 五金零售業；F206020 日常用品零售業,新北市,變更,11509
16181484,彥昕精密股份有限公司,新北市樹林區三德街29之1號,胡李坤,15000000,86/07/30,115/09/15,增資(資本總額),,新北市,變更,11509
16182152,翔貽橡膠工業有限公司,新北市新莊區中環路1段30號3樓,高寶猜,5000000,86/07/30,115/09/22,股東出資轉讓修正章程,F213010 電器零售業；F113020 電器批發業,新北市,變更,11509
16189140,廣冠建設有限公司,新北市永和區永和路1段228號10樓之3,林聖宗,30000000,86/08/06,115/09/15,特殊補正,H701010 住宅及大樓開發租售業；H701020 工業廠房開發租售業；H703090 不動產買賣業；H703100 不動產租賃業；E801010 室內裝潢業；F211010 建材零售業；H201010 一般投資業；ZZ99999 除許可業務外，得經營法令非禁止或限制之業務,新北市,變更,11509
16218320,益新企業股份有限公司,新北市新莊區建福路59巷8號2樓,吳瀛洲,10000000,86/09/11,115/09/09,增資(資本總額),F101100 花卉批發業；F101130 蔬果批發業；F102040 飲料批發業；F102050 茶葉批發業；F102170 食品什貨批發業；F104110 布疋、衣著、鞋、帽、傘、服飾品批發業；F105050 家具、寢具、廚房器具、裝設品批發業；F106020 日常用品批發業；F107030 清潔用品批發業；F108011 中藥批發業,新北市,變更,11509
16233265,展尉有限公司,新北市新莊區思源路593巷9號5樓,黃美卿,10000000,86/10/02,115/09/14,公司所在地,F102030 菸酒批發業；F102180 酒精批發業；F106010 五金批發業；F113050 電腦及事務性機器設備批發業；F119010 電子材料批發業；F203020 菸酒零售業；F203030 酒精零售業；F206010 五金零售業；F213030 電腦及事務性機器設備零售業；F219010 電子材料零售業,新北市,變更,11509
16254394,長榮久盟開發建設股份有限公司,新北市新店區北新路1段351號6樓,高正雄,300000000,86/10/27,115/09/08,改選董事/監察人(一人法人股東指派董事/監察人),H701010 住宅及大樓開發租售業。；H701020 工業廠房開發租售業。；H701040 特定專業區開發業。；H701050 投資興建公共建設業。；H701060 新市鎮、新社區開發業。；E801010 室內裝潢業。；E801020 門窗安裝工程業。；E801030 室內輕鋼架工程業。,新北市,變更,11509
16259861,明鈞實業股份有限公司,新北市三重區仁愛街315巷70號1樓,魏畢烈,10000000,86/11/04,115/09/24,特殊補正,,新北市,變更,11509
16312351,京燕科技有限公司,新北市新莊區莊崑路15號14樓,陳柏志,5000000,87/03/10,115/09/18,特殊補正,F102040 飲料批發業；F102170 食品什貨批發業；F203010 食品什貨、飲料零售業；F399040 無店面零售業；F401010 國際貿易業；I501010 產品設計業；C103050 罐頭、冷凍、脫水及醃漬食品製造業；C110010 飲料製造業；F108040 化粧品批發業；F206020 日常用品零售業,新北市,變更,11509
16368410,恒天網版印刷有限公司,新北市新莊區化成路63巷23號,楊玉薇,1000000,87/01/19,115/09/21,股東出資轉讓修正章程,,新北市,變更,11509
16381779,北邑運輸有限公司,新北市蘆洲區永安南路2段42巷6號3樓之2,林建宇,38000000,87/02/13,115/09/30,特殊補正,G101061 汽車貨運業；EZ02010 起重工程業；JE01010 租賃業；F114010 汽車批發業；F114080 軌道車輛及其零件批發業；F114990 其他交通運輸工具及其零件批發業；G801010 倉儲業；G799990 其他運輸輔助業；IZ06010 理貨包裝業；J101030 廢棄物清除業,新北市,變更,11509
16391762,仁菖有限公司,新北市三重區大同北路123號4樓,趙吉寬,5000000,87/03/02,115/09/30,股東出資轉讓修正章程,C801060 合成橡膠製造業；C802990 其他化學製品製造業；C804990 其他橡膠製品製造業；F107200 化學原料批發業；F107990 其他化學製品批發業；F199990 其他批發業；F401010 國際貿易業；H201010 一般投資業；ZZ99999 除許可業務外，得經營法令非禁止或限制之業務,新北市,變更,11509
16401001,錫弘金屬有限公司,新北市蘆洲區民義街71巷29號3樓,林俊榮,5000000,87/03/13,115/09/23,公司印鑑變更,F106010 五金批發業。；F111070 金屬建材批發業。；F111080 門窗建材批發業。；F111990 其他建材批發業（扶手、欄杆）。；CA01020 軋鋼業。；CA01060 鋼線鋼纜製造業。；CA02010 金屬建築結構及組件製造業。；CA02020 鋁銅製品製造業。；F401010 國際貿易業。,新北市,變更,11509
16406379,家登精密工業股份有限公司,新北市土城區中央路4段2號9樓之5,邱銘乾,962116900,87/03/20,115/09/10,補繳規費,CQ01010 模具製造業；F106030 模具批發業；F206030 模具零售業；C805050 工業用塑膠製品製造業；CC01080 電子零組件製造業；CC01110 電腦及其週邊設備製造業；CC01120 資料儲存媒體製造及複製業；F119010 電子材料批發業；F219010 電子材料零售業；H701010 住宅及大樓開發租售業,新北市,變更,11509
16421689,富太營造股份有限公司,新北市淡水區新民街120巷13號,王泰順,22500000,87/04/08,115/09/03,公司所在地,E101011 綜合營造業；E801010 室內裝潢業；F111090 建材批發業；F211010 建材零售業；F401010 國際貿易業；I103060 管理顧問業；I503010 景觀設計業；ZZ99999 除許可業務外，得經營法令非禁止或限制之業務；E599010 配管工程業,新北市,變更,11509
16422195,正代國際有限公司,新北市土城區水源街50之1號,黃陳麗雲,1000000,87/04/09,115/09/02,股東出資轉讓修正章程,F401010 國際貿易業。；F203010 食品、飲料零售業。；F206020 家庭日常用品零售業。；F207030 清潔用品零售業。；F209010 書籍、文具零售業。；F209030 玩具、娛樂用品零售業。；F209040 玩具槍零售業。；F210010 鐘錶、眼鏡零售業。；F213090 交通標誌器材零售業。,新北市,變更,11509
16422548,新佑安工程有限公司,新北市板橋區金華街10巷135之3號,蘇福成,1000000,87/04/09,115/09/01,股東出資轉讓修正章程,E901010 油漆工程業。；E201010 景觀工程業。；E801010 室內裝潢業。；I401010 一般廣告服務業。；F211010 建材零售業。,新北市,變更,11509
16430322,林素鳳服裝企業有限公司,新北市新店區北新路2段151號1樓,林素鳳,2000000,87/04/18,115/09/08,特殊補正,F104010 布疋批發業。；F104020 成衣批發業。；F104030 鞋類批發業。；F104040 皮包、手提袋、皮箱批發業。；F104050 服飾品批發業。；F204010 布疋零售業。；F204020 成衣零售業。；F204030 鞋類零售業。；F204040 皮包、手提袋、皮箱袋、皮箱零售業。；F204050 服飾品零售業。,新北市,變更,11509
16440433,晶采光電科技股份有限公司,新北市汐止區新台五路1段116號4樓,陳志湧,1182798080,87/03/17,115/09/24,經理人變更,CC01050 資料儲存及處理設備製造業；CC01080 電子零組件製造業；CC01100 其他電機及電子機械器材製造業（液晶顯示器）；F213030 事務性機器設備零售業；F213080 其他機械器具零售業（液晶顯示器及液晶顯示模組及觸控螢幕）；ZZ99999 除許可業務外，得經營法令非禁止或限制之業務,新北市,變更,11509
16508904,赫鈦科技股份有限公司,新北市汐止區大同路3段188號5樓之1,葉南盈,22000000,87/05/25,115/09/24,特殊補正,F118010 資訊軟體批發業。；F119010 電子材料批發業。；F113050 事務性機器設備批發業。；F218010 資訊軟體零售業。；F219010 電子材料零售業。；F213030 事務性機器設備零售業。；I599990 其他設計業（電腦主機板、電子零件、電腦週邊設備及介面卡、電腦之設計）。；I301010 資訊軟體服務業。；F401010 國際貿易業。；ZZ99999 除許可業務外，得經營法令非禁止或限制之業務,新北市,變更,11509
16542092,展煜工業有限公司,新北市新莊區中正路81巷1號(2樓),林春嘉,3000000,87/07/04,115/09/29,股東出資轉讓修正章程,F113990 其他機械器具批發業；F114030 汽、機車零件配備批發業；F119010 電子材料批發業；F206030 模具零售業；F401010 國際貿易業；CB01010 機械設備製造業；CC01010 發電、輸電、配電機械製造業；CC01030 電器及視聽電子產品製造業；CC01080 電子零組件製造業；CD01030 汽車及其零件製造業,新北市,變更,11509
16547477,點燈事業有限公司,新北市中和區景平路161號,戴阿鶯,3000000,87/07/13,115/09/23,股東出資轉讓修正章程,E601020 電器安裝業。；E603090 照明設備安裝工程業。；F113020 電器批發業。；F213010 電器零售業。；F401010 國際貿易業。；F109010 圖書批發業。；F109020 文具批發業。；F209010 書籍、文具零售業。；F109040 玩具、娛樂用品批發業。；F209030 玩具、娛樂用品零售業。,新北市,變更,11509
16550079,旭海投資股份有限公司,新北市新店區北新路3段219號16樓,林哲豪,82000000,87/07/16,115/09/29,公司所營事業變更修正章程,H201010 一般投資業；H701010 住宅及大樓開發租售業；H701020 工業廠房開發租售業；H701040 特定專業區開發業；H701060 新市鎮、新社區開發業；H701080 都市更新重建業；H703090 不動產買賣業；H703100 不動產租賃業；F401010 國際貿易業；G202010 停車場經營業,新北市,變更,11509
16551660,元帥營造股份有限公司,新北市三重區中正南路84號7樓,陳宏洋,25500000,87/07/18,115/09/29,改選董事/監察人(一人法人股東指派董事/監察人),E101011 綜合營造業,新北市,變更,11509
16561718,凌航科技股份有限公司,新北市中和區中原街101號10樓,曾珍,971589560,87/07/30,115/09/01,補繳規費,CC01080 電子零組件製造業；I301010 資訊軟體服務業；F401010 國際貿易業；CB01020 事務機器製造業；CC01110 電腦及其週邊設備製造業；CC01120 資料儲存媒體製造及複製業；E605010 電腦設備安裝業；F113050 電腦及事務性機器設備批發業；F113070 電信器材批發業；F113110 電池批發業,新北市,變更,11509
16594719,鑫漢企業有限公司,新北市永和區永貞路437巷6號5樓,陳俊男,25500000,87/06/10,115/09/21,特殊補正,D101040 非屬公用之發電業。；D301010 自來水經營業。；E603010 電纜安裝工程業。；E603030 通風系統安裝工程業。；E603040 消防安全設備安裝工程業。；E603050 自動控制設備工程業。；E602011 冷凍空調工程業。；E701010 通信工程業。；E605010 電腦設備安裝業。；F213060 電信器材零售業。,新北市,變更,11509
16649545,碩茂鋼鐵股份有限公司,新北市板橋區板城路329號之1,施秉安,10000000,87/09/05,115/09/16,改選董事/監察人(一人法人股東指派董事/監察人),CA01050 鋼材二次加工業；CA02010 金屬結構及建築組件製造業；CQ01010 模具製造業；F111090 建材批發業；F106030 模具批發業；ZZ99999 除許可業務外，得經營法令非禁止或限制之業務,新北市,變更,11509
16687054,台值企業有限公司,新北市新店區莒光路61巷2之2號,王懷國,2000000,87/10/31,115/09/10,股東出資轉讓修正章程,CC01080 電子零組件製造業。；CQ01010 模具製造業。；CB01010 機械設備製造業。；F113010 機械批發業。；F113030 精密儀器批發業。；F119010 電子材料批發業。；JA02010 電器及電子產品修理業,新北市,變更,11509
16695322,英和投資股份有限公司,新北市五股區成泰路1段189巷16號8樓,劉安琪,25000000,87/11/13,115/09/22,特殊補正,H201010 一般投資業；H701010 住宅及大樓開發租售業；H701020 工業廠房開發租售業；H703090 不動產買賣業；H703100 不動產租賃業；F211010 建材零售業；ZZ99999 除許可業務外，得經營法令非禁止或限制之業務,新北市,變更,11509
16720671,鼎真工程股份有限公司,新北市深坑區北深路3段286巷16號,李政豐,6000000,87/12/24,115/09/08,公司所在地,EZ08010 測量工程業。；E603050 自動控制設備工程業。；EZ05010 儀器、儀表安裝工程業。；E201010 景觀工程業。；EZ12010 鐵工工程業。；F113030 精密儀器批發業。；F217010 消防安全設備零售業。；F111070 金屬建材批發業。；F401010 國際貿易業。,新北市,變更,11509
16722968,展永有限公司,新北市新莊區中央路576號18樓,劉思廷,5000000,87/12/29,115/09/02,改推董事/董事長,F111090 建材批發業；J101030 廢棄物清除業；J101040 廢棄物處理業；E801010 室內裝潢業；F211010 建材零售業；ZZ99999 除許可業務外，得經營法令非禁止或限制之業務,新北市,變更,11509
16740403,山隆投資股份有限公司,新北市板橋區民生路1段1之2號1樓,鄭人豪,400000000,87/09/01,115/09/02,改派董事/監察人,H201010 一般投資業,新北市,變更,11509
16741769,北極星能源股份有限公司,新北市板橋區新海路137號,鍾育霖,90000000,87/09/10,115/09/11,發行新股,F112040 石油製品批發業；F113110 電池批發業；F212011 加油站業；F212061 加氣站業；H701010 住宅及大樓開發租售業；H701020 工業廠房開發租售業；H701040 特定專業區開發業；H701050 投資興建公共建設業；H701080 都市更新重建業；H703090 不動產買賣業,新北市,變更,11509
16772474,御革實業有限公司,新北市蘆洲區重陽街66號5樓,蔡國欽,3000000,87/12/17,115/09/11,股東出資轉讓修正章程,F401010 國際貿易業。；JZ99050 仲介服務業。；C401030 皮革、毛皮整製業；C402030 皮革、毛皮製品製造業；F101990 其他農、畜、水產品批發業；F102170 食品什貨批發業,新北市,變更,11509
16782557,嘉寶有限公司,新北市新店區北宜路2段153號10樓之4,賴彩屏,500000,88/01/28,115/09/30,特殊補正,JZ99050 仲介服務業；I401010 一般廣告服務業；F102170 食品什貨批發業；F104110 布疋、衣著、鞋、帽、傘、服飾品批發業；F105050 家具、寢具、廚房器具、裝設品批發業；F106010 五金批發業；F108040 化粧品批發業；F109070 文教、樂器、育樂用品批發業；F203010 食品什貨、飲料零售業；F204110 布疋、衣著、鞋、帽、傘、服飾品零售業,新北市,變更,11509
16783182,汎德營造有限公司,新北市板橋區三民路2段28號11樓,周一鶴,3600000,88/01/29,115/09/23,股東出資轉讓修正章程,E101011 營造業,新北市,變更,11509
16790493,耀景科技股份有限公司,新北市中和區建康路130號1樓,曾俊彥,70000000,88/03/05,115/09/09,特殊補正,F106010 五金批發業；F107170 工業助劑批發業；F113010 機械批發業；F113050 事務性機器設備批發業；F118010 資訊軟體批發業；F119010 電子材料批發業；F107020 染料、顏料批發業；F113020 電器批發業；F213010 電器零售業；F213030 事務性機器設備零售業,新北市,變更,11509
16792751,紘邑資訊有限公司,新北市中和區中山路3段136巷17號3樓,紀俊男,1000000,88/03/15,115/09/17,股東出資轉讓修正章程,F218010 資訊軟體零售業。；F219010 電子材料零售業。；F118010 資訊軟體批發業。；F119010 電子材料批發業。；I301010 資訊軟體服務業。；I301020 資料處理服務業。；I301030 電子資訊供應服務業。；F113030 精密儀器批發業；F213040 精密儀器零售業；E603050 自動控制設備工程業,新北市,變更,11509
16798565,解構國際有限公司,新北市蘆洲區中山二路151號1樓,李世敬,6000000,88/04/03,115/09/07,改推董事/董事長,I503010 景觀、室內設計業；E801010 室內裝潢業；F113050 電腦及事務性機器設備批發業；F213030 電腦及事務性機器設備零售業；F399040 無店面零售業；F401010 國際貿易業；H701070 區段徵收及市地重劃代辦業；I103010 企業經營管理顧問業；I301010 資訊軟體服務業；I301020 資料處理服務業,新北市,變更,11509
16836836,集博股份有限公司,新北市汐止區康寧街169巷31號9樓之3,張金田,56000000,88/02/24,115/09/10,申登機關變更（遷入，含卷）,F401010 國際貿易業；F119010 電子材料批發業,新北市,變更,11509
16873091,俊丞工程有限公司,新北市永和區永貞路411號,鍾勝宏,16000000,88/03/17,115/09/08,減少所營事業變更修正章程,E801010 室內裝潢業；E603050 自動控制設備工程業；E801020 門窗安裝工程業；E801030 室內輕鋼架工程業；E801040 玻璃安裝工程業；E801070 廚具、衛浴設備安裝工程業；E901010 油漆工程業；EZ99990 其他工程業；F111090 建材批發業；F199010 回收物料批發業,新北市,變更,11509
16875730,嘉樂福加油站股份有限公司,新北市中和區建八路1號,曾昭秀,25000000,88/03/20,115/09/29,改選董事/監察人(一人法人股東指派董事/監察人),F212011 加油站業；F212050 石油製品零售業；JA01990 其他汽車服務業；F214030 汽、機車零件配備零售業；F203010 食品什貨、飲料零售業；H703100 不動產租賃業；ZZ99999 除許可業務外，得經營法令非禁止或限制之業務,新北市,變更,11509
16908063,松恩國際有限公司,新北市板橋區長安街138巷1弄168號(1樓),廖溪泉,26500000,88/05/04,115/09/02,股東出資轉讓修正章程,F113030 精密儀器批發業；F113070 電信器材批發業；F114030 汽、機車零件配備批發業；F118010 資訊軟體批發業；F119010 電子材料批發業；F213040 精密儀器零售業；F214030 汽、機車零件配備零售業；F218010 資訊軟體零售業；F219010 電子材料零售業；F399040 無店面零售業,新北市,變更,11509
16909035,龍來開發有限公司,新北市蘆洲區中山一路136號6樓,呂子漢,5500000,88/05/05,115/09/23,特殊補正,F104110 布疋、衣著、鞋、帽、傘、服飾品批發業；F204110 布疋、衣著、鞋、帽、傘、服飾品零售業；F401010 國際貿易業；ZZ99999 除許可業務外，得經營法令非禁止或限制之業務；F105050 家具、寢具、廚房器具、裝設品批發業；F106010 五金批發業；F106050 陶瓷玻璃器皿批發業；F109070 文教、樂器、育樂用品批發業；F205040 家具、寢具、廚房器具、裝設品零售業；F206010 五金零售業,新北市,變更,11509
16950414,齊碩科技股份有限公司,新北市汐止區大同路1段237號17樓之2,郭立宏,51000000,88/06/29,115/09/30,特殊補正,F113030 精密儀器批發業；F213040 精密儀器零售業；F118010 資訊軟體批發業；F218010 資訊軟體零售業；F113060 度量衡器批發業；F213050 度量衡器零售業；I301010 資訊軟體服務業；CE01010 一般儀器製造業；CE01021 度量衡器製造業；JA02051 度量衡器修理業,新北市,變更,11509
16955749,創貿實業有限公司,新北市樹林區保安街2段325巷29號,李勵毅,1000000,88/07/07,115/09/08,公司所營事業變更修正章程,E701010 通信工程業。；E603040 消防安全設備安裝工程業。；EZ05010 儀器、儀表安裝工程業。；F113070 電信器材批發業。；F117010 消防安全設備批發業。；F113030 精密儀器批發業。；F401010 國際貿易業。；CC01010 發電、輸電、配電機械製造業；CC01020 電線及電纜製造業；CC01030 電器及視聽電子產品製造業,新北市,變更,11509
16977552,星彩實業有限公司,新北市林口區中華一路93號3樓,林賢,50000000,88/08/07,115/09/09,公司所在地,F107200 化學原料批發業；F113070 電信器材批發業；F102040 飲料批發業；F113010 機械批發業；JE01010 租賃業；F106010 五金批發業；F102170 食品什貨批發業；F113050 電腦及事務性機器設備批發業；E603090 照明設備安裝工程業；F206010 五金零售業,新北市,變更,11509
16988214,賈佰二有限公司,新北市淡水區北新路136號,許登凱,10000000,88/08/21,115/09/30,公司所營事業變更修正章程,E501011 自來水管承裝商；E502010 燃料導管安裝工程業；E599010 配管工程業；E601010 電器承裝業；E601020 電器安裝業；E603040 消防安全設備安裝工程業；E604010 機械安裝業；EZ05010 儀器、儀表安裝工程業；EZ15010 保溫、保冷安裝工程業；F101040 家畜家禽批發業,新北市,變更,11509
18956300,華達化學製藥廠股份有限公司,新北市土城區中正路54號9樓,楊奇彬,20000000,57/02/28,115/09/23,公司所在地,H201010 一般投資業；F401010 國際貿易業；ZZ99999 除許可業務外，得經營法令非禁止或限制之業務,新北市,變更,11509
20656315,亞得針織股份有限公司,新北市三重區中正北路15號4樓,黃琇玲,10000000,61/10/12,115/09/24,公司所在地,C305010 印染整理業；C306010 成衣業；C399990 其他紡織及製品製造業；CI01020 毯、氈製造業；F104110 布疋、衣著、鞋、帽、傘、服飾品批發業；F204110 布疋、衣著、鞋、帽、傘、服飾品零售業；H701040 特定專業區開發業；H701060 新市鎮、新社區開發業；H703100 不動產租賃業；ZZ99999 除許可業務外，得經營法令非禁止或限制之業務,新北市,變更,11509
20868021,台灣敦豪供應鏈股份有限公司,新北市三重區興德路129號8樓,廖偉成,150000000,70/02/11,115/09/07,改選董事/監察人(一人法人股東指派董事/監察人),G801010 倉儲業；I103060 管理顧問業；IZ06010 理貨包裝業；F401010 國際貿易業；ZZ99999 除許可業務外，得經營法令非禁止或限制之業務；CC01080 電子零組件製造業；CZ99990 未分類其他工業製品製造業；JA02010 電器及電子產品修理業；JA02990 其他修理業；F108031 醫療器材批發業,新北市,變更,11509
20927746,宏寬開發建設股份有限公司,新北市蘆洲區水湳街32之2號10樓,何成英,20000000,71/06/10,115/09/07,特殊補正,J701080 水域遊憩活動經營業；J801030 競技及休閒運動場館業；IZ12010 人力派遣業；G202010 停車場經營業；H701010 住宅及大樓開發租售業；H703090 不動產買賣業；H703100 不動產租賃業；ZZ99999 除許可業務外，得經營法令非禁止或限制之業務,新北市,變更,11509
20950226,今晧實業股份有限公司,新北市新店區中興路2段192號7樓,石浩吉,1295658510,72/01/11,115/09/11,補繳規費,B202010 非金屬礦業；C801110 肥料製造業；C802070 農藥製造業；C802100 化粧品製造業；C802990 其他化學製品製造業；C901010 陶瓷及陶瓷製品製造業；CC01020 電線及電纜製造業；CC01080 電子零組件製造業；CC01110 電腦及其週邊設備製造業；CC01990 其他電機及電子機械器材製造業,新北市,變更,11509
21224842,青雲國際科技股份有限公司,新北市中和區中正路716號6樓,柯聰源,541213220,73/06/26,115/09/10,特殊補正,CC01110 電腦及其週邊設備製造業；E605010 電腦設備安裝業；I301010 資訊軟體服務業；CC01030 電器及視聽電子產品製造業；E601020 電器安裝業；JA02010 電器及電子產品修理業；EZ05010 儀器、儀表安裝工程業；CC01990 其他電機及電子機械器材製造業；CB01020 事務機器製造業；CB01030 污染防治設備製造業,新北市,變更,11509
22034911,星泓紙器有限公司,新北市新店區寶安街35號4樓,李秋子,18000000,75/04/09,115/09/18,股東出資轉讓修正章程,,新北市,變更,11509
22038276,欣佑彩色製版印刷股份有限公司,新北市中和區立德街26巷17弄7號,張宗傑,25000000,75/04/17,115/09/30,董事/監察人持股變動報備,H703100 不動產租賃業；C702010 製版業；C703010 印刷品裝訂及加工業；IZ10010 排版業；F401010 國際貿易業；I401010 一般廣告服務業；F209060 文教、樂器、育樂用品零售業；F109070 文教、樂器、育樂用品批發業；ZZ99999 除許可業務外，得經營法令非禁止或限制之業務,新北市,變更,11509
22071540,華盈電子股份有限公司,新北市三重區重新路5段609巷18號6樓,廖振仲,838467780,75/02/21,115/09/14,發行新股,CC01020 電線及電纜製造業；CC01080 電子零組件製造業；C901020 玻璃及玻璃製品製造業；D101060 再生能源自用發電設備業；D401010 熱能供應業；F107200 化學原料批發業；F107990 其他化學製品批發業；F113050 電腦及事務性機器設備批發業；F113070 電信器材批發業；F114010 汽車批發業,新北市,變更,11509
22114956,洋國實業股份有限公司,新北市中和區中正路1215號2樓之1,湯堂榮,8000000,75/04/23,115/09/30,改選董事/監察人(一人法人股東指派董事/監察人),C402030 皮革、毛皮製品製造業；C804020 工業用橡膠製品製造業；C805010 塑膠皮、布、板、管材製造業；C805050 工業用塑膠製品製造業；C805070 強化塑膠製品製造業；C805990 其他塑膠製品製造業；CB01010 機械設備製造業；CB01020 事務機器製造業；CB01990 其他機械製造業；CC01010 發電、輸電、配電機械製造業,新北市,變更,11509
22153319,銓真實業有限公司,新北市五股區工商路18巷23弄7號,林彩雲,5000000,75/05/29,115/09/23,股東出資轉讓修正章程,,新北市,變更,11509
22153660,台灣愛惠浦股份有限公司,新北市新店區寶橋路235巷6弄10號,鄭輝耀,23652500,75/05/29,115/09/03,改選董事/監察人(一人法人股東指派董事/監察人),C306010 成衣業。；C601020 紙製造業。；C802120 工業助劑製造業。；CC01030 電器製造業。；CC01060 有線通信機械器材製造業。；CC01080 電子零組件製造業。；CC01990 其他電機及電子機械器材製造業（瀘水器及自動販賣機及其零件）。；CH01030 文具製造業。；F101020 蔬菜批發業。；F102010 冷凍食品批發業。,新北市,變更,11509
22197750,唯晟實業有限公司,新北市汐止區南陽街120巷25號,洪羿霆,5000000,75/09/30,115/09/08,公司所在地,,新北市,變更,11509
22267875,百鼎投資股份有限公司,新北市板橋區新站路16號18樓,徐雪芳,2716560000,75/12/10,115/09/30,發行新股,H201010 一般投資業,新北市,變更,11509
22323222,驊晟有限公司,新北市三重區中正北路18號,李帥良,70000000,75/10/18,115/09/11,增資,F108031 醫療器材批發業；F208031 醫療器材零售業；F107070 動物用藥品批發業；F207070 動物用藥零售業；F108040 化粧品批發業；F208040 化粧品零售業；F113020 電器批發業；F213010 電器零售業；F113030 精密儀器批發業；F213040 精密儀器零售業,新北市,變更,11509
22324051,正淩精密工業股份有限公司,新北市汐止區康寧街169巷1號5樓,徐季麟,418171660,75/10/21,115/09/04,認股憑證換發新股,C805050 工業用塑膠製品製造業；CC01060 有線通信機械器材製造業；CC01080 電子零組件製造業；CC01101 電信管制射頻器材製造業；CC01110 電腦及其週邊設備製造業；CC01990 其他電機及電子機械器材製造業；CD01030 汽車及其零件製造業；CE01010 一般儀器製造業；CQ01010 模具製造業；F106030 模具批發業,新北市,變更,11509
22333002,世翔熱交換器股份有限公司,新北市五股區五權路33號,徐月珠,28000000,75/11/19,115/09/04,特殊補正,CA02010 金屬結構及建築組件製造業；CA02060 金屬容器製造業；CA02990 其他金屬製品製造業；CB01010 機械設備製造業；CB01030 污染防治設備製造業；CB01990 其他機械製造業；CC01010 發電、輸電、配電機械製造業；CC01990 其他電機及電子機械器材製造業；E502010 燃料導管安裝工程業；E599010 配管工程業,新北市,變更,11509
22340593,鈺恆股份有限公司,新北市新莊區五權一路11號8樓之2,黃學儒,45000000,75/12/10,115/09/10,特殊補正,CE01021 度量衡器製造業；F113060 度量衡器批發業；F213050 度量衡器零售業；EZ05010 儀器、儀表安裝工程業；CE01010 一般儀器製造業；CF01011 醫療器材製造業；F108031 醫療器材批發業；F208031 醫療器材零售業；F401010 國際貿易業；I501010 產品設計業,新北市,變更,11509
22349052,偉聯實業股份有限公司,新北市新莊區新北大道2段217號9樓,蔡敬文,27000000,76/01/05,115/09/01,特殊補正,E801010 室內裝潢業；F106010 五金批發業；F111090 建材批發業；F114030 汽、機車零件配備批發業；F206010 五金零售業；F211010 建材零售業；F214030 汽、機車零件配備零售業；F401010 國際貿易業；I503010 景觀、室內設計業；ZZ99999 除許可業務外，得經營法令非禁止或限制之業務,新北市,變更,11509
22353442,長謀企業股份有限公司,新北市五股區五股工業區五權七路55號,石國珍,488000000,76/01/16,115/09/11,董事/監察人持股變動報備,H703100 不動產租賃業；H201010 一般投資業；ZZ99999 除許可業務外，得經營法令非禁止或限制之業務,新北市,變更,11509
22367874,科瑞股份有限公司,新北市淡水區中正東路2段27之5號22樓,郭芳祥,80000000,76/03/02,115/09/09,改選董事/監察人(一人法人股東指派董事/監察人),F401181 度量衡器輸入業；F401010 國際貿易業；CB01010 機械設備製造業；F113030 精密儀器批發業；F213040 精密儀器零售業；F601010 智慧財產權業；F113010 機械批發業；F213080 機械器具零售業；E604010 機械安裝業；F106010 五金批發業,新北市,變更,11509
22429338,晉業企業有限公司,新北市汐止區福德一路342巷3弄23號,余連基,1000000,76/03/25,115/09/09,特殊補正,CB01010 機械設備製造業；CB01020 事務機器製造業；CB01990 其他機械製造業；CC01010 發電、輸電、配電機械製造業；CC01020 電線及電纜製造業；CC01030 電器及視聽電子產品製造業；CC01080 電子零組件製造業；CC01110 電腦及其週邊設備製造業；CC01990 其他電機及電子機械器材製造業；CA02030 螺絲、螺帽、螺絲釘、及鉚釘等製品製造業,新北市,變更,11509
22467254,興學文化事業股份有限公司,新北市鶯歌區尖山埔路25號,林庭君,10000000,76/06/17,115/09/14,改選董事/監察人(一人法人股東指派董事/監察人),C701010 印刷業；C703010 印刷品裝訂及加工業；F115010 首飾及貴金屬批發業；F215010 首飾及貴金屬零售業；F106020 日常用品批發業；F206020 日常用品零售業；F106050 陶瓷玻璃器皿批發業；F109070 文教、樂器、育樂用品批發業；F209060 文教、樂器、育樂用品零售業；F104110 布疋、衣著、鞋、帽、傘、服飾品批發業,新北市,變更,11509
22470650,宜輝實業股份有限公司,新北市中和區中山路3段110號4樓,張宏州,80640000,76/06/25,115/09/21,改選董事/監察人(一人法人股東指派董事/監察人),CB01010 機械設備製造業；CC01080 電子零組件製造業；CC01990 其他電機及電子機械器材製造業；F119010 電子材料批發業；F113020 電器批發業；F113050 電腦及事務性機器設備批發業；F213010 電器零售業；F213030 電腦及事務性機器設備零售業；F219010 電子材料零售業；F401010 國際貿易業,新北市,變更,11509
22493605,友歆企業有限公司,新北市板橋區干城路158號5樓,彭少邑,8000000,76/05/07,115/09/30,特殊補正,CC01080 電子零組件製造業。；F401010 國際貿易業。,新北市,變更,11509
22494908,瑋峰彩色製版印刷有限公司,新北市中和區民樂路41號2樓之1,潘瓊敏,2000000,76/05/07,115/09/30,公司所在地,,新北市,變更,11509
22507684,正倉企業有限公司,新北市三重區環河南路257號,胡梅玲,10000000,76/05/28,115/09/16,股東出資轉讓修正章程,F119010 電子材料批發業。；F219010 電子材料零售業。；F109020 文具批發業。；F209010 書籍、文具零售業。；F106010 五金批發業。；F206010 五金零售業。；F113010 機械批發業。；F213080 機械器具零售業。,新北市,變更,11509
22558304,欽惠企業股份有限公司,新北市三重區大智街64號3樓,劉慧瑛,25000000,76/07/02,115/09/07,特殊補正,C103050 罐頭、冷凍、脫水及醃漬食品製造業；F203010 食品什貨、飲料零售業；F501060 餐館業；I103060 管理顧問業；I199990 其他顧問服務業；F401010 國際貿易業；H201010 一般投資業,新北市,變更,11509
22558326,弘瀚實業股份有限公司,新北市三重區光復路1段83巷9號8樓,游森林,25000000,76/07/03,115/09/24,特殊補正,C801060 合成橡膠製造業；C804990 其他橡膠製品製造業；F213080 機械器具零售業；F213030 電腦及事務性機器設備零售業；F105050 家具、寢具、廚房器具、裝設品批發業；F106010 五金批發業；F106020 日常用品批發業；F107190 塑膠膜、袋批發業；F109070 文教、樂器、育樂用品批發業；F113020 電器批發業,新北市,變更,11509
22558389,廣鎛精密股份有限公司,新北市新莊區五工六路12號,李垣漳,10000000,76/07/02,115/09/16,改選董事/監察人(一人法人股東指派董事/監察人),CP01010 手工具製造業；F106010 五金批發業；F106020 日常用品批發業；F206010 五金零售業；F206020 日常用品零售業；F401010 國際貿易業；ZZ99999 除許可業務外，得經營法令非禁止或限制之業務；H703100 不動產租賃業；JE01010 租賃業,新北市,變更,11509
22597502,享富實業有限公司,新北市新莊區中正路891之25號1樓,李世欽,20000000,76/09/15,115/09/03,特殊補正,CB01010 機械設備製造業；CC01080 電子零組件製造業；F107200 化學原料批發業；F109070 文教、樂器、育樂用品批發業；F111090 建材批發業；F119010 電子材料批發業；F401010 國際貿易業；H703090 不動產買賣業；H703100 不動產租賃業；JE01010 租賃業,新北市,變更,11509
22626725,光菱電子股份有限公司,新北市汐止區新台五路一段79號9樓之7,廖順榮,518103000,76/08/15,115/09/16,改派董事/監察人,F113020 電器批發業；F113030 精密儀器批發業；F113050 電腦及事務性機器設備批發業；F113070 電信器材批發業；F118010 資訊軟體批發業；F119010 電子材料批發業；F401010 國際貿易業；F401021 電信管制射頻器材輸入業；I301010 資訊軟體服務業；I501010 產品設計業,新北市,變更,11509
22640022,全有股份有限公司,新北市新店區寶中路123巷3號2樓,陳慧榕,15000000,76/09/16,115/09/04,特殊補正,CA02010 金屬結構及建築組件製造業；CB01010 機械設備製造業；CB01990 其他機械製造業；CC01080 電子零組件製造業；CC01990 其他電機及電子機械器材製造業；CE01010 一般儀器製造業；CE01030 光學儀器製造業；E604010 機械安裝業；F119010 電子材料批發業；F219010 電子材料零售業,新北市,變更,11509
22678933,大億彈簧工業有限公司,新北市新莊區中正路721巷9號1樓,張茂淵,85020000,76/11/05,115/09/29,改推董事/董事長,,新北市,變更,11509
22679834,志堅工業股份有限公司,新北市林口區嘉溪雅坑5之3號,林宗清,30000000,76/11/07,115/09/29,變更組織,E103011 鋼構工程專業營造業；CA01050 鋼材二次加工業；CA02010 金屬結構及建築組件製造業；CA02990 其他金屬製品製造業；CB01990 其他機械製造業；E599010 配管工程業；E603100 電焊工程業；E604010 機械安裝業；E801030 室內輕鋼架工程業；F106010 五金批發業,新北市,變更,11509
22687573,三興小客車租賃有限公司,新北市林口區文化一路1段90號,李昭興,7000000,76/11/25,115/09/21,特殊補正,G101041 小客車租賃業；ZZ99999 除許可業務外，得經營法令非禁止或限制之業務,新北市,變更,11509
22691648,佳盈精密工業股份有限公司,新北市新莊區中央路198號13樓,陳淑琴,23500000,76/12/03,115/09/24,改選董事/監察人(一人法人股東指派董事/監察人),,新北市,變更,11509
22704799,暘鎧鋼鐵企業股份有限公司,新北市三重區信義西街49號,李麗文,8700000,76/12/31,115/09/16,改選董事/監察人(一人法人股東指派董事/監察人),,新北市,變更,11509
22707389,奇勝資訊股份有限公司,新北市板橋區華江一路111號8樓之6,吳文豪,3100000,77/01/07,115/09/14,公司所在地,,新北市,變更,11509
22727532,群儷實業有限公司,新北市三重區光復路1段83巷6號7樓,林德輝,46500000,76/12/04,115/09/07,股東出資轉讓修正章程,,新北市,變更,11509
22795587,捷智科技股份有限公司,新北市三重區光復路1段88之1之2之3之5之6號8樓,林茂榮,103810000,77/03/18,115/09/21,董事/監察人持股變動報備,CB01010 機械設備製造業；CE01010 一般儀器製造業；CE01030 光學儀器製造業；E604010 機械安裝業；EZ05010 儀器、儀表安裝工程業；F113030 精密儀器批發業；F119010 電子材料批發業；F213030 電腦及事務性機器設備零售業；F213040 精密儀器零售業；F219010 電子材料零售業,新北市,變更,11509
22797804,秋凰彩色印刷有限公司,新北市中和區建八路191號4樓,陳秋凰,7000000,77/03/24,115/09/23,增資,,新北市,變更,11509
22812586,伍詮企業股份有限公司,新北市三峽區隆恩街168之11號,吳金寶,5000000,77/04/18,115/09/21,改選董事/監察人(一人法人股東指派董事/監察人),ZZ99999 除許可業務外，得經營法令非禁止或限制之業務,新北市,變更,11509
22869428,匯勤企業股份有限公司,新北市五股區中興路1段12號6樓,林桂惠,80000000,77/04/18,115/09/15,董事/監察人持股變動報備,C306010 成衣業；C307010 服飾品製造業；C399990 其他紡織及製品製造業；CJ01010 製帽業；F104110 布疋、衣著、鞋、帽、傘、服飾品批發業；F105050 家具、寢具、廚房器具、裝設品批發業；F106020 日常用品批發業；F204110 布疋、衣著、鞋、帽、傘、服飾品零售業；F205040 家具、寢具、廚房器具、裝設品零售業；F206020 日常用品零售業,新北市,變更,11509
22871091,聖誠企業有限公司,新北市汐止區新台五路1段108號18樓,陳世文,28000000,77/04/21,115/09/18,特殊補正,F113030 精密儀器批發業；F113990 其他機械器具批發業；F401010 國際貿易業；I301010 資訊軟體服務業；I301020 資料處理服務業；I301030 電子資訊供應服務業；ZZ99999 除許可業務外，得經營法令非禁止或限制之業務,新北市,變更,11509
22912467,僑將實業有限公司,新北市土城區亞洲路32巷7號,陳嘉儀,1000000,77/05/03,115/09/29,股東出資轉讓修正章程,,新北市,變更,11509
22920305,璨鏞工業股份有限公司,新北市蘆洲區國道路2段101號12樓,王翔世,50000000,77/05/13,115/09/11,特殊補正,ZZ99999 除許可業務外，得經營法令非禁止或限制之業務,新北市,變更,11509
22927855,樺瑩工業有限公司,新北市汐止區大同路1段286巷6號1樓,劉榮燦,99000000,77/05/24,115/09/24,特殊補正,,新北市,變更,11509
22936003,鍵祥塑膠廠股份有限公司,新北市新莊區五權一路1號8樓之1,林虹秀,8500000,77/06/02,115/09/15,特殊補正,C801100 合成樹脂及塑膠製造業；C805010 塑膠皮、布、板、管材製造業；C805020 塑膠膜、袋製造業；C805030 塑膠日用品製造業；C805050 工業用塑膠製品製造業；C805070 強化塑膠製品製造業；C805990 其他塑膠製品製造業；CQ01010 模具製造業；F107190 塑膠膜、袋批發業；F107990 其他化學製品批發業,新北市,變更,11509
22970439,八方駿逸小客車租賃有限公司,新北市新莊區五權一路1號8樓之2,盧瑞徵,19900000,77/07/14,115/09/15,改推董事/董事長,G101041 小客車租賃業；ZZ99999 除許可業務外，得經營法令非禁止或限制之業務；I103060 管理顧問業；F214010 汽車零售業；IZ12010 人力派遣業；JZ99050 仲介服務業；JE01010 租賃業,新北市,變更,11509
22988819,廣瑞營造股份有限公司,新北市三重區重新路4段53號7樓,蕭秀如,110750000,77/08/11,115/09/16,公司所營事業變更修正章程,E101011 綜合營造業；E801010 室內裝潢業；E801030 室內輕鋼架工程業；F111090 建材批發業；I503010 景觀設計業；IZ12010 人力派遣業；H701010 住宅及大樓開發租售業；H701020 工業廠房開發租售業；H701050 投資興建公共建設業；H701060 新市鎮、新社區開發業,新北市,變更,11509
23020181,仕興實業有限公司,新北市淡水區行忠路121號,林仕文,5000000,77/07/13,115/09/11,改推董事/董事長,C802200 塗料、油漆、染料及顏料製造業；F107020 染料、顏料批發業；F107170 工業助劑批發業；F107200 化學原料批發業；F107990 其他化學製品批發業；F207020 染料、顏料零售業；F207170 工業助劑零售業；F207200 化學原料零售業；F207990 其他化學製品零售業；F401010 國際貿易業,新北市,變更,11509
23046696,優利電子企業有限公司,新北市新莊區中正路73號,何建志,10000000,77/09/08,115/09/18,股東出資轉讓修正章程,I301010 資訊軟體服務業；I301030 電子資訊供應服務業；I599990 其他設計業；CC01010 發電、輸電、配電機械製造業；CC01030 電器及視聽電子產品製造業；CC01110 電腦及其週邊設備製造業；CE01010 一般儀器製造業；F113020 電器批發業；F113030 精密儀器批發業；F113050 電腦及事務性機器設備批發業,新北市,變更,11509
23053133,松達建材股份有限公司,新北市汐止區南陽街120巷35號1樓,白珮妤,70000000,77/09/24,115/09/29,特殊補正,C901040 預拌混凝土製造業；C901050 水泥及混凝土製品製造業；F111090 建材批發業；F211010 建材零售業；F401010 國際貿易業；F199010 回收物料批發業；J101040 廢棄物處理業；ZZ99999 除許可業務外，得經營法令非禁止或限制之業務,新北市,變更,11509
23065258,聯寶電子股份有限公司,新北市新店區寶橋路235巷125號5樓之2,譚明珠,359131930,77/09/22,115/09/14,特殊補正,CC01010 發電、輸電、配電機械製造業；CC01030 電器及視聽電子產品製造業；CC01060 有線通信機械器材製造業；CC01080 電子零組件製造業；CC01990 其他電機及電子機械器材製造業；F113020 電器批發業；F113070 電信器材批發業；F119010 電子材料批發業；F401010 國際貿易業；CC01040 照明設備製造業,新北市,變更,11509
23080130,歐凡有限公司,新北市新莊區中和街155巷8號6樓,張淑美,5000000,77/10/19,115/09/29,公司所營事業變更修正章程,F105050 家具、寢具、廚房器具、裝設品批發業；F205040 家具、寢具、廚房器具、裝設品零售業；F401010 國際貿易業；ZZ99999 除許可業務外，得經營法令非禁止或限制之業務,新北市,變更,11509
23099216,富邦企業有限公司,新北市中和區華新街232巷23號,張瑞菊,15000000,77/11/23,115/09/15,股東出資轉讓修正章程,F401010 國際貿易業；F119010 電子材料批發業；CC01080 電子零組件製造業；CE01010 一般儀器製造業；F113070 電信器材批發業；F213060 電信器材零售業；F219010 電子材料零售業；ZZ99999 除許可業務外，得經營法令非禁止或限制之業務,新北市,變更,11509
23101753,玖旺工程有限公司,新北市金山區中華路138號,張旭寬,6000000,77/11/29,115/09/01,特殊補正,E502010 燃料導管安裝工程業；E599010 配管工程業；E603130 燃氣熱水器承裝業；E801070 廚具、衛浴設備安裝工程業,新北市,變更,11509
23106737,實興製機股份有限公司,新北市五股區民義路2段35號之3,李易昇,15000000,77/12/07,115/09/01,改選董事/監察人(一人法人股東指派董事/監察人),,新北市,變更,11509
23157382,旭憶股份有限公司,新北市三重區興德路96號15樓,張逸中,20000000,78/01/27,115/09/08,改選董事/監察人(一人法人股東指派董事/監察人),F113010 機械批發業；F113020 電器批發業；F113030 精密儀器批發業；F113060 度量衡器批發業；F213010 電器零售業；F213040 精密儀器零售業；F213050 度量衡器零售業；F401010 國際貿易業；CB01010 機械設備製造業；CB01990 其他機械製造業,新北市,變更,11509
23163758,詠通科技工程股份有限公司,新北市中和區中正路738號11樓之7,謝明佐,50000000,78/02/20,115/09/22,特殊補正,CC01010 發電、輸電、配電機械製造業；CC01080 電子零組件製造業；CC01990 其他電機及電子機械器材製造業；D401010 熱能供應業；E599010 配管工程業；E601010 電器承裝業；E601020 電器安裝業；E603010 電纜安裝工程業；E603040 消防安全設備安裝工程業；E603050 自動控制設備工程業,新北市,變更,11509
23168000,原津工業股份有限公司,新北市新店區中正路531之1號,吳錫書,56000000,77/12/14,115/09/09,特殊補正,,新北市,變更,11509
23196809,季貿企業股份有限公司,新北市中和區中正路511號2樓,楊水圳,54400000,78/02/09,115/09/08,存續合併,C301010 紡紗業；C302010 織布業；C306010 成衣業；C307010 服飾品製造業；C399990 其他紡織及製品製造業；C402030 皮革、毛皮製品製造業；F104110 布疋、衣著、鞋、帽、傘、服飾品批發業；F204110 布疋、衣著、鞋、帽、傘、服飾品零售業；F401010 國際貿易業；F107020 染料、顏料批發業,新北市,變更,11509
23209261,翼慶企業股份有限公司,新北市汐止區大同路2段159號2樓,陳俊智,106350000,78/03/07,115/09/04,減少所營事業變更修正章程,C805010 塑膠皮、布、板、管材製造業；C805050 工業用塑膠製品製造業；CC01020 電線及電纜製造業；CC01030 電器及視聽電子產品製造業；CC01060 有線通信機械器材製造業；CC01070 無線通信機械器材製造業；CC01080 電子零組件製造業；CC01110 電腦及其週邊設備製造業；CC01120 資料儲存媒體製造及複製業；CQ01010 模具製造業,新北市,變更,11509
23209419,聯陽精密工具股份有限公司,新北市新莊區天祥街54巷2弄6號,黃秋燕,9000000,78/03/07,115/09/14,改選董事/監察人(一人法人股東指派董事/監察人),,新北市,變更,11509
23226352,斯派瑞莎克股份有限公司,新北市深坑區北深路3段270巷9號,李瑞華Lee Suay Wah,20000000,78/07/04,115/09/16,改選董事/監察人(一人法人股東指派董事/監察人),E502010 燃料導管安裝工程業；E599010 配管工程業；E603050 自動控制設備工程業；E603100 電焊工程業；E603110 冷作工程業；E604010 機械安裝業；E605010 電腦設備安裝業；E701030 電信管制射頻器材裝設工程業；E901010 油漆工程業；E903010 防蝕、防銹工程業,新北市,變更,11509
23284198,伯驊印刷有限公司,新北市淡水區民族路31號9樓,胡淑媛,5000000,78/03/18,115/09/15,股東出資轉讓修正章程,,新北市,變更,11509
23370428,捷華工業股份有限公司,新北市新莊區民安路291之1號9樓,陳詠霖,5000000,78/06/15,115/09/02,改選董事/監察人(一人法人股東指派董事/監察人),,新北市,變更,11509
23386842,高昇起重工程有限公司,新北市泰山區福興三街160號3樓,陳治維,11000000,78/07/10,115/09/10,公司所營事業變更修正章程,EZ02010 起重工程業；E604010 機械安裝業；C501010 製材業；C501990 其他木製品製造業；CB01990 其他機械製造業；F113010 機械批發業；F213990 其他機械器具零售業；F199010 回收物料批發業；J101010 建築物清潔服務業；J101030 廢棄物清除業,新北市,變更,11509
23460130,天鷹保全股份有限公司,新北市汐止區中興路43之8號2樓,賴建明,100000000,78/10/07,115/09/10,董事/監察人地址變更,I901011 保全業,新北市,變更,11509
23469771,大昌證券股份有限公司,新北市板橋區東門街30之2號2樓之1至85及9樓之1、2,鄭立雄,900000000,78/08/14,115/09/03,董事/監察人持股變動報備,H301011 證券商；H408011 期貨交易輔助人,新北市,變更,11509
23476436,瀛豐實業股份有限公司,新北市三芝區福德里大湖8之5號,吳和錦,60500000,78/08/24,115/09/03,特殊補正,C901040 預拌混凝土製造業；C901050 水泥及混凝土製品製造業；ZZ99999 除許可業務外，得經營法令非禁止或限制之業務,新北市,變更,11509
23516296,地波里國際開發有限公司,新北市三重區成功路41巷8弄14號（1樓）,劉家榮,5000000,78/11/06,115/09/01,公司所在地,F601010 智慧財產權業；ZZ99999 除許可業務外，得經營法令非禁止或限制之業務,新北市,變更,11509
23518695,韋亞企業有限公司,新北市新莊區新泰路289巷16號3樓,鄭惠民,1000000,78/11/09,115/09/17,公司所在地,,新北市,變更,11509
23523487,佶陽實業有限公司,新北市樹林區樹中街18號,,1000000,78/11/21,115/09/07,特殊補正,,新北市,變更,11509
23540578,肯上彩色印刷事業有限公司,新北市三重區中興北街155巷10號(2樓),王章賢,5000000,78/11/30,115/09/02,特殊補正,,新北市,變更,11509
23578953,鋒昌橡膠滾筒有限公司,新北市土城區延壽路55巷9弄11號,黃正鐘,1000000,79/02/20,115/09/30,改推董事/董事長,,新北市,變更,11509
23583301,尚亞有限公司,新北市新店區寶橋路235巷123號4樓之2,李永成,1500000,79/02/27,115/09/29,股東出資轉讓修正章程,,新北市,變更,11509
23601791,霖思科技股份有限公司,新北市新莊區思源路555號(25樓),村上慶,114000000,78/12/14,115/09/23,改選董事/監察人(一人法人股東指派董事/監察人),,新北市,變更,11509
23631985,宏益科技股份有限公司,新北市汐止區福德一路341號,高俊傑,58400000,79/03/15,115/09/09,改選董事/監察人(一人法人股東指派董事/監察人),I301010 資訊軟體服務業；F401010 國際貿易業；IG01010 生物技術服務業；ZZ99999 除許可業務外，得經營法令非禁止或限制之業務,新北市,變更,11509
23677285,巨輪興業股份有限公司,新北市土城區裕生里中華路1段88號1至8樓,陳正忠,550000000,79/03/12,115/09/18,董事/監察人持股變動報備,CA02030 螺絲、螺帽、螺絲釘、及鉚釘等製品製造業；CA02040 彈簧製造業；CA02050 閥類製造業；CA02060 金屬容器製造業；CA02070 製鎖業；CA02080 金屬鍛造業；CA02090 金屬線製品製造業；CA02990 其他金屬製品製造業；CB01010 機械設備製造業；CC01040 照明設備製造業,新北市,變更,11509
23691054,雄福實業股份有限公司,新北市樹林區中正路602號,尹靖梅,35000000,79/04/03,115/09/04,停業,CA01050 鋼材二次加工業；CA02990 其他金屬製品製造業；CC01080 電子零組件製造業；F113050 電腦及事務性機器設備批發業；F119010 電子材料批發業；F219010 電子材料零售業；F401010 國際貿易業；ZZ99999 除許可業務外，得經營法令非禁止或限制之業務,新北市,變更,11509
23696115,潤峰企業有限公司,新北市蘆洲區正和街41號,林慧淳,15000000,79/04/10,115/09/15,股東出資轉讓修正章程,,新北市,變更,11509
23703376,穩立實業有限公司,新北市萬里區獅頭15號之11,李進發,1000000,79/04/19,115/09/17,股東出資轉讓修正章程,,新北市,變更,11509
23717815,喬廉企業有限公司,新北市中和區新生街114巷11號,林德垠,1000000,79/05/11,115/09/21,公司所營事業變更修正章程,F104110 布疋、衣著、鞋、帽、傘、服飾品批發業；F401010 國際貿易業；C701010 印刷業；C703010 印刷品裝訂及加工業；I401010 一般廣告服務業；I501010 產品設計業；I599990 其他設計業；ZZ99999 除許可業務外，得經營法令非禁止或限制之業務,新北市,變更,11509
23718011,艾訊股份有限公司,新北市汐止區南興路55號8樓,楊裕德,1130111970,79/05/11,115/09/16,可轉換公司債換發新股,CB01020 事務機器製造業；CC01080 電子零組件製造業；F219010 電子材料零售業；I301020 資料處理服務業；I301030 電子資訊供應服務業；I501010 產品設計業；E605010 電腦設備安裝業；CC01060 有線通信機械器材製造業；CC01070 無線通信機械器材製造業；CC01110 電腦及其週邊設備製造業,新北市,變更,11509
23722296,巨浩視傳行銷有限公司,新北市板橋區長江路1段66巷4號,蔡依樺,5000000,79/03/23,115/09/22,改推董事/董事長,I501010 產品設計業；F109070 文教、樂器、育樂用品批發業；F209060 文教、樂器、育樂用品零售業；I401010 一般廣告服務業；C701010 印刷業；F116010 照相器材批發業；F216010 照相器材零售業；F108031 醫療器材批發業；F208031 醫療器材零售業；ZZ99999 除許可業務外，得經營法令非禁止或限制之業務,新北市,變更,11509
23744186,博來科技股份有限公司,新北市中和區立德街77號3樓,蔣永慶,232280100,79/05/15,115/09/18,認股憑證換發新股,CC01110 電腦及其週邊設備製造業；CB01010 機械設備製造業；CC01030 電器及視聽電子產品製造業；CC01060 有線通信機械器材製造業；CC01070 無線通信機械器材製造業；CC01080 電子零組件製造業；CE01010 一般儀器製造業；CE01030 光學儀器製造業；F113010 機械批發業；F113020 電器批發業,新北市,變更,11509
23759878,好時利國際有限公司,新北市淡水區新市三路2段213號2樓,詹嘉宗,5000000,79/06/25,115/09/02,公司所在地,,新北市,變更,11509
23770944,煌昇貿易有限公司,新北市蘆洲區長安街347巷3號(1樓),李周蓮,5000000,79/07/21,115/09/11,股東出資轉讓修正章程,,新北市,變更,11509
23792068,愷晟興業有限公司,新北市淡水區淡金路3段230號(1樓),梁瑋庭,1000000,79/06/20,115/09/16,改推董事/董事長,C805030 塑膠日用品製造業；C805050 工業用塑膠製品製造業；C805010 塑膠皮、布、板、管材製造業；CA02990 其他金屬製品製造業；CB01010 機械設備製造業；CB01990 其他機械製造業；CP01010 手工具製造業；F102040 飲料批發業；F102170 食品什貨批發業；F104110 布疋、衣著、鞋、帽、傘、服飾品批發業,新北市,變更,11509
23816527,久驊企業有限公司,新北市三重區自強路5段48號2樓,吳麗雲,5000000,79/07/28,115/09/08,特殊補正,F102030 菸酒批發業；F102100 糖果批發業；A102060 糧商業,新北市,變更,11509
23828848,廣元工程有限公司,新北市新店區中正路399巷26號(1樓),曾麗月,10000000,79/08/07,115/09/24,增資,,新北市,變更,11509
23832218,台灣上村國際服飾有限公司,新北市三重區福和街15號,林家正,30000000,79/08/11,115/09/04,公司所營事業變更修正章程,F102030 菸酒批發業；F104110 布疋、衣著、鞋、帽、傘、服飾品批發業；F105050 家具、寢具、廚房器具、裝設品批發業；F108040 化粧品批發業；F110010 鐘錶批發業；F110020 眼鏡批發業；F204110 布疋、衣著、鞋、帽、傘、服飾品零售業；F399040 無店面零售業；F401010 國際貿易業；F102040 飲料批發業,新北市,變更,11509
23887711,一路發集運網股份有限公司,新北市新莊區幸福東路60號4樓,楊清雲,148750000,79/08/17,115/09/11,改選董事/監察人(一人法人股東指派董事/監察人),G101061 汽車貨運業；G601011 航空貨運承攬業；F399040 無店面零售業；F401010 國際貿易業；I301010 資訊軟體服務業；I301020 資料處理服務業；I301030 電子資訊供應服務業；IZ06010 理貨包裝業；G801010 倉儲業；ZZ99999 除許可業務外，得經營法令非禁止或限制之業務,新北市,變更,11509
23902234,力新工程檢測技術顧問股份有限公司,新北市汐止區新台五路1段112號22樓,莫仁維,1000000,79/09/27,115/09/03,改選董事/監察人(一人法人股東指派董事/監察人),EZ05010 儀器、儀表安裝工程業；EZ07010 鑽孔工程業；EZ99990 其他工程業；F401010 國際貿易業；I101080 工、礦顧問業；IF04010 非破壞檢測業；J101050 環境檢測服務業；ZZ99999 除許可業務外，得經營法令非禁止或限制之業務,新北市,變更,11509
23913443,二六七企業有限公司,新北市汐止區新台五路1段93號21樓之6,洪榕蔚,1000000,79/11/06,115/09/16,改推董事/董事長,,新北市,變更,11509
23924841,崑特國際股份有限公司,新北市五股區五權七路39號,陳聰淇,22000000,79/12/11,115/09/23,增資(資本總額),F401010 國際貿易業；F104110 布疋、衣著、鞋、帽、傘、服飾品批發業；F204110 布疋、衣著、鞋、帽、傘、服飾品零售業；I102010 一般投資顧問業；I103060 管理顧問業；I199990 其他顧問服務業；I502010 服飾設計業；I501010 產品設計業；C306010 成衣業；C307010 服飾品製造業,新北市,變更,11509
23928467,台灣檢驗科技股份有限公司,新北市五股區(新北產業園區)五工路136之1號,李仁燮(In Seop Lee),62000000,79/10/17,115/09/23,公司所營事業變更修正章程,CE01010 一般儀器製造業；CE01030 光學儀器製造業；CA03010 熱處理業；F113030 精密儀器批發業；F213040 精密儀器零售業；F401010 國際貿易業；IZ07010 公證業；IZ09010 管理系統驗證業；I101070 農、林、漁、畜牧顧問業；I101080 工、礦顧問業,新北市,變更,11509
23982709,上綺裝飾有限公司,新北市蘆洲區中興街46號11樓,洪秋吉,6600000,80/02/04,115/09/11,公司所在地,,新北市,變更,11509
23995681,碩展環保顧問股份有限公司,新北市新莊區五工一路97巷2號,林棋展,10000000,80/01/07,115/09/22,改選董事/監察人(一人法人股東指派董事/監察人),CB01030 污染防治設備製造業；CB01990 其他機械製造業；E603050 自動控制設備工程業；E604010 機械安裝業；EZ05010 儀器、儀表安裝工程業；F107170 工業助劑批發業；F113100 污染防治設備批發業；F207170 工業助劑零售業；F213100 污染防治設備零售業；F401010 國際貿易業,新北市,變更,11509
23998131,鈦鼎股份有限公司,新北市汐止區建成路56巷69弄15號10樓之6,彭月嬌,12500000,80/01/14,115/09/09,改選董事/監察人(一人法人股東指派董事/監察人),CC01080 電子零組件製造業；CC01110 電腦及其週邊設備製造業；CE01030 光學儀器製造業；CC01030 電器及視聽電子產品製造業；CC01060 有線通信機械器材製造業；CC01070 無線通信機械器材製造業；CE01010 一般儀器製造業；CB01020 事務機器製造業；CC01990 其他電機及電子機械器材製造業；F119010 電子材料批發業,新北市,變更,11509
24200730,鴻昌精密工業股份有限公司,新北市鶯歌區甲二街31、33、35號,陳宏信,114600000,97/07/16,115/09/07,改選董事/監察人(一人法人股東指派董事/監察人),CA02040 彈簧製造業；CA02090 金屬線製品製造業；CB01010 機械設備製造業；CC01030 電器及視聽電子產品製造業；CQ01010 模具製造業；F106010 五金批發業；F106030 模具批發業；F113010 機械批發業；F206010 五金零售業；F206030 模具零售業,新北市,變更,11509
24204519,宗鴻國際股份有限公司,新北市三重區重新路5段609巷20號9樓之3,梁子緖,15500000,97/07/22,115/09/22,改選董事/監察人(一人法人股東指派董事/監察人),C110010 飲料製造業；C199990 未分類其他食品製造業；F101040 家畜家禽批發業；F101050 水產品批發業；F102030 菸酒批發業；F102040 飲料批發業；F102050 茶葉批發業；F102170 食品什貨批發業；F104110 布疋、衣著、鞋、帽、傘、服飾品批發業；F105050 家具、寢具、廚房器具、裝設品批發業,新北市,變更,11509
24252785,祥盛油漆工程有限公司,新北市深坑區北深路1段87號3樓,高嘉彬,2500000,97/10/21,115/09/24,改推董事/董事長,E901010 油漆工程業；E801010 室內裝潢業；E801070 廚具、衛浴設備安裝工程業；F107010 漆料、塗料批發業；F120010 耐火材料批發業；F207010 漆料、塗料零售業；F220010 耐火材料零售業；F401010 國際貿易業,新北市,變更,11509
24265753,越界有限公司,新北市中和區中山路3段112號6樓,林孝春,260000,97/11/17,115/09/14,股東出資轉讓修正章程,F114040 自行車及其零件批發業；F214040 自行車及其零件零售業；F399040 無店面零售業；F401010 國際貿易業；ZZ99999 除許可業務外，得經營法令非禁止或限制之業務,新北市,變更,11509
24282866,昀昶科技有限公司,新北市板橋區民生路3段160號2樓,王淑蘭,1000000,97/12/22,115/09/21,特殊補正,ZZ99999 除許可業務外，得經營法令非禁止或限制之業務,新北市,變更,11509
24289018,昇慷有限公司,新北市三重區昌隆街10號3樓,林書銘,500000,98/01/05,115/09/07,董事/股東地址變更,ZZ99999 除許可業務外，得經營法令非禁止或限制之業務；CA02030 螺絲、螺帽、螺絲釘、及鉚釘等製品製造業；F106010 五金批發業；F106040 水器材料批發業；F119010 電子材料批發業；F206010 五金零售業；F206040 水器材料零售業；F219010 電子材料零售業；F401010 國際貿易業,新北市,變更,11509
24295139,品儀實業有限公司,新北市新莊區新莊路22號,莊景馨,3000000,98/01/17,115/09/15,公司所在地,ZZ99999 除許可業務外，得經營法令非禁止或限制之業務,新北市,變更,11509
24296192,川固實業有限公司,新北市中和區中山路2段296號5樓之3,陸家楹,4000000,98/01/19,115/09/22,公司所在地,ZZ99999 除許可業務外，得經營法令非禁止或限制之業務；J101010 建築物清潔服務業；J101030 廢棄物清除業；J101040 廢棄物處理業；E801010 室內裝潢業；E901010 油漆工程業；I503010 景觀、室內設計業；IZ12010 人力派遣業；F401010 國際貿易業；CA01050 鋼材二次加工業,新北市,變更,11509
24310048,歐特科技有限公司,新北市中和區景平路666號3樓,王傳勝,6000000,97/11/26,115/09/22,公司所在地,F113020 電器批發業；F113030 精密儀器批發業；F113050 電腦及事務性機器設備批發業；F113070 電信器材批發業；F119010 電子材料批發業；F113010 機械批發業；F118010 資訊軟體批發業；F401010 國際貿易業；I301010 資訊軟體服務業；I301020 資料處理服務業,新北市,變更,11509
24310292,智焰股份有限公司,新北市新莊區新北大道3段220號12樓,楊智雄,100000000,97/11/28,115/09/07,改選董事/監察人(一人法人股東指派董事/監察人),F109070 文教、樂器、育樂用品批發業；F113050 電腦及事務性機器設備批發業；F118010 資訊軟體批發業；F119010 電子材料批發業；F209060 文教、樂器、育樂用品零售業；F213030 電腦及事務性機器設備零售業；F218010 資訊軟體零售業；F219010 電子材料零售業；F401010 國際貿易業；E605010 電腦設備安裝業,新北市,變更,11509
24326512,亞太資本科技創投股份有限公司,新北市中和區中山路2段560號10樓,余適安,100000000,98/02/24,115/09/03,修正章程,E605010 電腦設備安裝業；F102170 食品什貨批發業；F203010 食品什貨、飲料零售業；F401010 國際貿易業；H201010 一般投資業；H202010 創業投資業；H703090 不動產買賣業；I103060 管理顧問業；I301010 資訊軟體服務業；I301020 資料處理服務業,新北市,變更,11509
24332747,鑫創電子股份有限公司,新北市中和區中原街95號8樓,許育瑞,250714270,98/03/20,115/09/09,特殊補正,C801030 精密化學材料製造業；CB01020 事務機器製造業；CC01060 有線通信機械器材製造業；CC01070 無線通信機械器材製造業；CC01080 電子零組件製造業；CC01110 電腦及其週邊設備製造業；CC01120 資料儲存媒體製造及複製業；E603050 自動控制設備工程業；E605010 電腦設備安裝業；E701010 電信工程業,新北市,變更,11509
24333226,勃翔生物科技股份有限公司,新北市板橋區和平路15號5樓,林煌欽,118000000,98/03/23,115/09/08,董事/監察人持股變動報備,E601020 電器安裝業；E603010 電纜安裝工程業；E603020 電梯安裝工程業；E603040 消防安全設備安裝工程業；E603050 自動控制設備工程業；E603080 交通號誌安裝工程業；E603090 照明設備安裝工程業；E603100 電焊工程業；E603110 冷作工程業；E603120 噴砂工程業,新北市,變更,11509
24337102,正能光電股份有限公司,新北市汐止區新台五路1段99號13樓之9,簡達益,385054020,98/04/07,115/09/11,公司所在地,I102010 投資顧問業；I103060 管理顧問業；IG03010 能源技術服務業；F113030 精密儀器批發業；F218010 資訊軟體零售業；F601010 智慧財產權業；I503010 景觀、室內設計業；IG02010 研究發展服務業；C805990 其他塑膠製品製造業；CC01040 照明設備製造業,新北市,變更,11509
24340198,雁行管理顧問股份有限公司,新北市中和區中正路998號5樓,黃信諭,3000000,98/04/17,115/09/17,改選董事/監察人(一人法人股東指派董事/監察人),H703090 不動產買賣業；H703100 不動產租賃業；F401010 國際貿易業；F106010 五金批發業；F106020 日常用品批發業；F113050 電腦及事務性機器設備批發業；F118010 資訊軟體批發業；I103060 管理顧問業；IZ12010 人力派遣業；ZZ99999 除許可業務外，得經營法令非禁止或限制之業務,新北市,變更,11509
24343701,晉捷實業有限公司,新北市中和區景安路249號5樓,李憲宇,800000,98/05/01,115/09/29,申登機關變更（遷入，含卷）,A301020 近海沿岸及內陸漁撈業；F101070 漁具批發業；F106010 五金批發業；F109070 文教、樂器、育樂用品批發業；F113030 精密儀器批發業；F114040 自行車及其零件批發業；F116010 照相器材批發業；F201050 漁具零售業；F206010 五金零售業；F209060 文教、樂器、育樂用品零售業,新北市,變更,11509
24351390,鼎澔科技有限公司,新北市五股區自強路64號,李侑誠,4500000,98/02/06,115/09/23,增資,F113030 精密儀器批發業；F113060 度量衡器批發業；F119010 電子材料批發業；F213040 精密儀器零售業；F213050 度量衡器零售業；F401010 國際貿易業；ID01010 度量衡器證明業；IF02010 用電設備檢測維護業；IF04010 非破壞檢測業；IZ09010 管理系統驗證業,新北市,變更,11509
24353469,竣晟辦公傢俱有限公司,新北市淡水區新生街41巷26號,王青祥,250000,98/02/12,115/09/17,特殊補正,C501010 製材業；C501040 組合木材製造業；CA02030 螺絲、螺帽、螺絲釘、及鉚釘等製品製造業；CB01010 機械設備製造業；CD01030 汽車及其零件製造業；CD01040 機車及其零件製造業；CN01010 家具及裝設品製造業；F105050 家具、寢具、廚房器具、裝設品批發業；F106010 五金批發業；F113010 機械批發業,新北市,變更,11509
24356959,勇捷科技有限公司,新北市淡水區民族路31巷21號7樓之3,周金治,1000000,98/02/19,115/09/04,停業,F109070 文教、樂器、育樂用品批發業；F113020 電器批發業；F113050 電腦及事務性機器設備批發業；F118010 資訊軟體批發業；F119010 電子材料批發業；F209060 文教、樂器、育樂用品零售業；F213030 電腦及事務性機器設備零售業；F218010 資訊軟體零售業；F219010 電子材料零售業；JA02010 電器及電子產品修理業,新北市,變更,11509
24361778,邦瑋實業有限公司,新北市汐止區福德一路392巷37弄17號,林思宏,12000000,98/02/27,115/09/04,增資,CA01030 鋼鐵鑄造業；CA01050 鋼材二次加工業；CA01130 銅材軋延、伸線、擠型業；CA02030 螺絲、螺帽、螺絲釘、及鉚釘等製品製造業；CA02990 其他金屬製品製造業；CA04010 表面處理業；F401010 國際貿易業；ZZ99999 除許可業務外，得經營法令非禁止或限制之業務,新北市,變更,11509
24378601,燿燦科技有限公司,新北市三重區三光街30巷12號,馮耀廣,10000000,98/03/30,115/09/18,股東出資轉讓修正章程,E603050 自動控制設備工程業；E603080 交通號誌安裝工程業；E604010 機械安裝業；EZ05010 儀器、儀表安裝工程業；EZ99990 其他工程業；F113010 機械批發業；F113030 精密儀器批發業；F113070 電信器材批發業；F113090 交通標誌器材批發業；F113100 污染防治設備批發業,新北市,變更,11509
24390350,德山貿易股份有限公司,新北市林口區隆林街220號,李基福,150000000,98/04/17,115/09/14,改選董事/監察人(一人法人股東指派董事/監察人),F109070 文教、樂器、育樂用品批發業；F106020 日常用品批發業；F401010 國際貿易業；I501010 產品設計業；C601020 紙製造業；C601030 紙容器製造業；C601040 加工紙製造業；C601990 其他紙製品製造業；IG03010 能源技術服務業；ZZ99999 除許可業務外，得經營法令非禁止或限制之業務,新北市,變更,11509
24393363,博越有限公司,新北市板橋區中正路151號7樓,黃御爵,5000000,98/04/23,115/09/22,股東出資轉讓修正章程,F401010 國際貿易業；ZZ99999 除許可業務外，得經營法令非禁止或限制之業務,新北市,變更,11509
24395340,騰安保全股份有限公司,新北市林口區文化二路1段266號地下一層之13,林政翰,40000000,98/04/27,115/09/01,改選董事/監察人(一人法人股東指派董事/監察人),I901011 保全業,新北市,變更,11509
24404039,台灣采埃孚傳動科技股份有限公司,新北市三重區中興北街131之20號,謝源展,14000000,98/05/12,115/09/29,特殊補正,F106010 五金批發業；F113010 機械批發業；F114030 汽、機車零件配備批發業；F114060 船舶及其零件批發業；F114080 軌道車輛及其零件批發業；F206010 五金零售業；F213080 機械器具零售業；F214030 汽、機車零件配備零售業；F214060 船舶及其零件零售業；F214080 軌道車輛及其零件零售業,新北市,變更,11509
24413564,金旺水產實業股份有限公司,新北市中和區建康路1號5樓,曾鈺儒,50000000,98/05/27,115/09/17,特殊補正,ZZ99999 除許可業務外，得經營法令非禁止或限制之業務,新北市,變更,11509
24414058,鑫成橡膠企業股份有限公司,新北市樹林區俊英街256號,陳建男,95000000,98/05/27,115/09/08,公司所營事業變更修正章程,C804020 工業用橡膠製品製造業；C804990 其他橡膠製品製造業；C801060 合成橡膠製造業；C805050 工業用塑膠製品製造業；F107200 化學原料批發業；F107990 其他化學製品批發業；F401010 國際貿易業；JE01010 租賃業；ZZ99999 除許可業務外，得經營法令非禁止或限制之業務,新北市,變更,11509
24419791,秉業投資股份有限公司,新北市新店區文化路23之12號6樓,江紅,23000000,98/06/08,115/09/04,改選董事/監察人(一人法人股東指派董事/監察人),H201010 一般投資業,新北市,變更,11509
24436882,添利機械工業股份有限公司,新北市五股區成泰路3段2巷8號,陳昭良,26000000,98/07/03,115/09/01,改選董事/監察人(一人法人股東指派董事/監察人),ZZ99999 除許可業務外，得經營法令非禁止或限制之業務；CA02060 金屬容器製造業；CA02990 其他金屬製品製造業；CB01010 機械設備製造業；CB01990 其他機械製造業；CD01030 汽車及其零件製造業；CD01990 其他運輸工具及其零件製造業；F113990 其他機械器具批發業；F114010 汽車批發業；F114030 汽、機車零件配備批發業,新北市,變更,11509
24441169,湧訊股份有限公司,新北市三重區重陽路1段1號6樓之11,盧信錩,3000000,98/07/10,115/09/24,改選董事/監察人(一人法人股東指派董事/監察人),E601010 電器承裝業；E601020 電器安裝業；E604010 機械安裝業；E605010 電腦設備安裝業；E701030 電信管制射頻器材裝設工程業；E701040 簡易電信設備安裝業；F104110 布疋、衣著、鞋、帽、傘、服飾品批發業；F106010 五金批發業；F106020 日常用品批發業；F113010 機械批發業,新北市,變更,11509
24441800,速比爾股份有限公司,新北市新莊區新北大道三段220號7樓,李景棠,20000000,98/07/13,115/09/15,公司所在地,F114030 汽、機車零件配備批發業；F104110 布疋、衣著、鞋、帽、傘、服飾品批發業；C306010 成衣業；F214030 汽、機車零件配備零售業；F401010 國際貿易業；F106010 五金批發業；F109070 文教、樂器、育樂用品批發業；F204110 布疋、衣著、鞋、帽、傘、服飾品零售業；F206010 五金零售業；I501010 產品設計業,新北市,變更,11509
24460340,群通智能科技有限公司,新北市土城區千歲路31號5樓,黃棋良,24100000,98/09/01,115/09/17,申登機關變更（遷入，含卷）,F113020 電器批發業；F113030 精密儀器批發業；F119010 電子材料批發業；F118010 資訊軟體批發業；E603090 照明設備安裝工程業；E601010 電器承裝業；G202010 停車場經營業；CB01020 事務機器製造業；CC01060 有線通信機械器材製造業；CC01070 無線通信機械器材製造業,新北市,變更,11509
24464351,新盛工程有限公司,新北市土城區承天路35之1號,郭玉婷,2000000,98/09/17,115/09/11,股東出資轉讓修正章程,E801010 室內裝潢業；E901010 油漆工程業；B601010 土石採取業；I503010 景觀、室內設計業；J101030 廢棄物清除業；J101040 廢棄物處理業；F111090 建材批發業；ZZ99999 除許可業務外，得經營法令非禁止或限制之業務,新北市,變更,11509
24470017,北醫國際生技股份有限公司,新北市中和區景新街338號12樓,李岡遠,56800000,98/10/08,115/09/09,特殊補正,F401010 國際貿易業；F601010 智慧財產權業；H201010 一般投資業；H202010 創業投資業；IG01010 生物技術服務業；IG02010 研究發展服務業；I101090 食品顧問業；I103060 管理顧問業；F102170 食品什貨批發業；F203010 食品什貨、飲料零售業,新北市,變更,11509
24477118,意思國際有限公司,新北市新店區中央五街84號6樓,林欣蕾,5000000,98/11/04,115/09/16,公司所營事業變更修正章程,F102170 食品什貨批發業；F104110 布疋、衣著、鞋、帽、傘、服飾品批發業；F118010 資訊軟體批發業；F401010 國際貿易業；I301010 資訊軟體服務業；I401010 一般廣告服務業；I501010 產品設計業；I103060 管理顧問業；I301030 電子資訊供應服務業；J303010 雜誌（期刊）出版業,新北市,變更,11509
24479381,力擇投資股份有限公司,新北市中和區中山路2段351號3樓,李若佩,24409440,98/11/12,115/09/07,特殊補正,H201010 一般投資業,新北市,變更,11509
24482484,玉弼科顧問有限公司,新北市中和區員山路294巷7號7樓,蔡美玲,600000,98/11/24,115/09/04,特殊補正,I103060 管理顧問業；F401010 國際貿易業；ZZ99999 除許可業務外，得經營法令非禁止或限制之業務；JA05010 留、遊學服務業；JB01010 會議及展覽服務業；JZ99090 喜慶綜合服務業；I199990 其他顧問服務業；IZ15010 市場研究及民意調查業,新北市,變更,11509
24489769,大興室內裝修設計工程有限公司,新北市板橋區中山路2段99號4樓,林麗雲,5000000,98/12/21,115/09/17,特殊補正,E801060 室內裝修業；E801010 室內裝潢業；I503010 景觀、室內設計業；A102080 園藝服務業；E801020 門窗安裝工程業；E801030 室內輕鋼架工程業；E801040 玻璃安裝工程業；E801070 廚具、衛浴設備安裝工程業；E901010 油漆工程業；F111090 建材批發業,新北市,變更,11509
24491483,查理布朗有限公司,新北市三重區中興北街156號,侯元仁,5000000,98/12/28,115/09/14,特殊補正,F203010 食品什貨、飲料零售業；F102170 食品什貨批發業；F399990 其他綜合零售業；F401010 國際貿易業；F501060 餐館業；ZZ99999 除許可業務外，得經營法令非禁止或限制之業務,新北市,變更,11509
24496001,創控科技股份有限公司,新北市中和區中正路868之6號8樓,王禮鵬,674879000,99/01/15,115/09/07,發行新股,CB01030 污染防治設備製造業；CE01010 一般儀器製造業；F401010 國際貿易業；IG01010 生物技術服務業；IG02010 研究發展服務業；ZZ99999 除許可業務外，得經營法令非禁止或限制之業務,新北市,變更,11509
24534693,詠翔股份有限公司,新北市新莊區新北大道3段218號15樓,黃國華,10000000,103/04/08,115/09/23,董事/監察人持股變動報備,F401010 國際貿易業；ZZ99999 除許可業務外，得經營法令非禁止或限制之業務,新北市,變更,11509
24567379,無線智慧有限公司,新北市中和區中正路700號5樓之5,胡一音,100000,103/07/11,115/09/15,特殊補正,F113050 電腦及事務性機器設備批發業；F113070 電信器材批發業；F118010 資訊軟體批發業；F401010 國際貿易業；I301010 資訊軟體服務業；I301030 電子資訊供應服務業；ZZ99999 除許可業務外，得經營法令非禁止或限制之業務；CC01110 電腦及其週邊設備製造業；CC01080 電子零組件製造業；I301020 資料處理服務業,新北市,變更,11509
24576476,台灣實瞳股份有限公司,新北市汐止區新台五路1段97號26樓之12,石川浩之,28000000,103/08/12,115/09/15,特殊補正,F108031 醫療器材批發業；F110020 眼鏡批發業；F208031 醫療器材零售業；F210020 眼鏡零售業；F401010 國際貿易業；ZZ99999 除許可業務外，得經營法令非禁止或限制之業務,新北市,變更,11509
24649294,瑞崎生醫科技股份有限公司,新北市新莊區五工五路1號(4樓),黃亞麗,12000000,103/10/29,115/09/03,特殊補正,C802100 化粧品製造業；F102170 食品什貨批發業；F104110 布疋、衣著、鞋、帽、傘、服飾品批發業；F105050 家具、寢具、廚房器具、裝設品批發業；F106020 日常用品批發業；F108031 醫療器材批發業；F108040 化粧品批發業；F109070 文教、樂器、育樂用品批發業；F113030 精密儀器批發業；F118010 資訊軟體批發業,新北市,變更,11509
24656647,申鎧國際股份有限公司,新北市林口區仁愛路2段502號20樓,黃曉祥,4000000,103/11/25,115/09/02,發行新股,G202010 停車場經營業；F109070 文教、樂器、育樂用品批發業；F209060 文教、樂器、育樂用品零售業；F401010 國際貿易業；I103060 管理顧問業；I199990 其他顧問服務業；I401010 一般廣告服務業；IZ12010 人力派遣業；IZ99990 其他工商服務業；J799990 其他休閒服務業,新北市,變更,11509
24688731,船訊科技有限公司,新北市中和區連城路127巷5號(1樓),趙茂家,1000000,103/08/12,115/09/04,特殊補正,F106010 五金批發業；F109070 文教、樂器、育樂用品批發業；F113010 機械批發業；F113020 電器批發業；F113030 精密儀器批發業；F113050 電腦及事務性機器設備批發業；F113990 其他機械器具批發業；F114060 船舶及其零件批發業；F114070 航空器及其零件批發業；F114990 其他交通運輸工具及其零件批發業,新北市,變更,11509
24692691,滙華實業有限公司,新北市新莊區自立街214巷9弄7號2樓,林榮盛,500000,103/09/02,115/09/30,公司所在地,CC01020 電線及電纜製造業；CC01040 照明設備製造業；F106010 五金批發業；CC01080 電子零組件製造業；CC01110 電腦及其週邊設備製造業；F113010 機械批發業；F113030 精密儀器批發業；F113990 其他機械器具批發業；F119010 電子材料批發業；F120010 耐火材料批發業,新北市,變更,11509
24692778,台藝國際有限公司,新北市五股區民義路1段138號3樓,陳小娟,300000,103/09/02,115/09/09,特殊補正,F106010 五金批發業；F106020 日常用品批發業；F107170 工業助劑批發業；F108031 醫療器材批發業；F113010 機械批發業；F113020 電器批發業；F113030 精密儀器批發業；F113050 電腦及事務性機器設備批發業；F113070 電信器材批發業；F113110 電池批發業,新北市,變更,11509
24695070,艾斯柏特資訊有限公司,新北市林口區忠孝路512巷43號,黃珮文,1000000,103/09/16,115/09/30,公司所營事業變更修正章程,F118010 資訊軟體批發業；F119010 電子材料批發業；F218010 資訊軟體零售業；F219010 電子材料零售業；F399040 無店面零售業；F401010 國際貿易業；I301010 資訊軟體服務業；I301020 資料處理服務業；I301030 電子資訊供應服務業；IZ12010 人力派遣業,新北市,變更,11509
24695183,信羚管理顧問股份有限公司,新北市板橋區板新路101號4樓,黃信諭,18000000,103/09/16,115/09/29,特殊補正,I103060 管理顧問業；H703100 不動產租賃業；H703090 不動產買賣業；F401010 國際貿易業；IZ12010 人力派遣業；F111090 建材批發業；F211010 建材零售業；F106020 日常用品批發業；F206020 日常用品零售業；ZZ99999 除許可業務外，得經營法令非禁止或限制之業務,新北市,變更,11509
24698560,馥笙保全股份有限公司,新北市板橋區文化路1段100號3樓,龔孝賢,40000000,103/10/01,115/09/21,改選董事/監察人(一人法人股東指派董事/監察人),I901011 保全業,新北市,變更,11509
24699863,馥笙公寓大廈管理維護股份有限公司,新北市中和區中山路2段64巷7弄17之3號(4樓),龔孝賢,10000000,103/10/07,115/09/21,改選董事/監察人(一人法人股東指派董事/監察人),I801011 公寓大廈管理服務業；IB01010 建築物公共安全檢查業；IF01010 消防安全設備檢修業；IF02010 用電設備檢測維護業；IZ12010 人力派遣業；F106020 日常用品批發業；F107030 清潔用品批發業；F117010 消防安全設備批發業；F217010 消防安全設備零售業；F401010 國際貿易業,新北市,變更,11509
24700735,鼎鼎投資股份有限公司,新北市汐止區大同路1段239號9樓之5,黃嘉慶,22000000,103/10/15,115/09/23,改選董事/監察人(一人法人股東指派董事/監察人),H201010 一般投資業；ZZ99999 除許可業務外，得經營法令非禁止或限制之業務,新北市,變更,11509
24705112,宇國國際規劃設計顧問有限公司,新北市板橋區新民街7巷25號3樓,,5000000,103/10/30,115/09/01,解散,I503010 景觀、室內設計業；F106040 水器材料批發業；F111090 建材批發業；E801010 室內裝潢業；E801020 門窗安裝工程業；E801030 室內輕鋼架工程業；E801070 廚具、衛浴設備安裝工程業；E901010 油漆工程業；F205040 家具、寢具、廚房器具、裝設品零售業；F206010 五金零售業,新北市,變更,11509
24705289,威昊科技股份有限公司,新北市三重區光復路2段196巷6之2號(3樓),周沛淇,1000000,103/10/31,115/09/21,改選董事/監察人(一人法人股東指派董事/監察人),CC01040 照明設備製造業；CC01080 電子零組件製造業；CC01110 電腦及其週邊設備製造業；F219010 電子材料零售業；F401010 國際貿易業；I301030 電子資訊供應服務業；ZZ99999 除許可業務外，得經營法令非禁止或限制之業務,新北市,變更,11509
24705470,板信國際租賃股份有限公司,新北市板橋區重慶路66號6樓,朱孝宗,445393800,103/11/03,115/09/11,改派董事/監察人,F101040 家畜家禽批發業；F101050 水產品批發業；F101070 漁具批發業；F101100 花卉批發業；F102020 食用油脂批發業；F102030 菸酒批發業；F102040 飲料批發業；F102050 茶葉批發業；F102170 食品什貨批發業；F103010 飼料批發業,新北市,變更,11509
24710972,東鼎清潔有限公司,新北市汐止區明峰街2巷19號,黃翎樺,500000,103/11/27,115/09/01,特殊補正,J101010 建築物清潔服務業；J101020 病媒防治業；J101090 廢棄物清理業；F207030 清潔用品零售業；ZZ99999 除許可業務外，得經營法令非禁止或限制之業務,新北市,變更,11509
24711901,巨崴數位科技有限公司,新北市淡水區淡金路3段326號2樓,吳世軒,3000000,103/12/02,115/09/17,增資,F113020 電器批發業；F113050 電腦及事務性機器設備批發業；F113070 電信器材批發業；F118010 資訊軟體批發業；F119010 電子材料批發業；F213010 電器零售業；F213030 電腦及事務性機器設備零售業；F213060 電信器材零售業；F218010 資訊軟體零售業；F219010 電子材料零售業,新北市,變更,11509
24712009,易洋國際股份有限公司,新北市林口區仁愛路2段142號6樓,鄭宏榮,10000000,103/12/03,115/09/15,特殊補正,F109070 文教、樂器、育樂用品批發業；F114030 汽、機車零件配備批發業；F214030 汽、機車零件配備零售業；CD01030 汽車及其零件製造業；F106010 五金批發業；F206010 五金零售業；CQ01010 模具製造業；F401010 國際貿易業；ZZ99999 除許可業務外，得經營法令非禁止或限制之業務,新北市,變更,11509
24714772,勤根室內裝潢股份有限公司,新北市土城區立仁街54號3樓,陳勝賢,1000000,103/12/16,115/09/08,公司名稱變更修正章程,F111090 建材批發業；F211010 建材零售業；E801010 室內裝潢業；E801020 門窗安裝工程業；E801030 室內輕鋼架工程業；E801040 玻璃安裝工程業；E801070 廚具、衛浴設備安裝工程業；E599010 配管工程業；E603090 照明設備安裝工程業；E901010 油漆工程業,新北市,變更,11509
24717031,法華玄妙有限公司,新北市淡水區新民街180巷33號4樓,周華嚮,3600000,103/12/25,115/09/02,公司所營事業變更修正章程,A102080 園藝服務業；E599010 配管工程業；E601010 電器承裝業；E603040 消防安全設備安裝工程業；E603090 照明設備安裝工程業；E801010 室內裝潢業；E801020 門窗安裝工程業；E801030 室內輕鋼架工程業；E801040 玻璃安裝工程業；E801070 廚具、衛浴設備安裝工程業,新北市,變更,11509
24720508,合鴻投資有限公司,新北市新莊區幸福路737號3樓之3,吳辛埕,91100000,104/01/13,115/09/07,特殊補正,H201010 一般投資業,新北市,變更,11509
24720991,阪神環境有限公司,新北市新莊區四維路129號4樓,中道利高,2000000,104/01/15,115/09/22,董事/股東證照變更,F208031 醫療器材零售業；F108031 醫療器材批發業；I103060 管理顧問業；I101080 工、礦顧問業；F219010 電子材料零售業；F119010 電子材料批發業；F206010 五金零售業；F106010 五金批發業；F213080 機械器具零售業；F113010 機械批發業,新北市,變更,11509
24721696,金元兆有限公司,新北市土城區立德路17巷2號,劉名倫,5000000,104/01/19,115/09/30,公司所營事業變更修正章程,H703100 不動產租賃業；H201010 一般投資業；F401010 國際貿易業；ZZ99999 除許可業務外，得經營法令非禁止或限制之業務；G202010 停車場經營業；JA01010 汽車修理業；F114010 汽車批發業；F214010 汽車零售業；F214030 汽、機車零件配備零售業；F214050 車胎零售業,新北市,變更,11509
24727262,鈺立精密機械股份有限公司,新北市中和區建八路216號12樓,范綱麟,8000000,104/02/13,115/09/24,特殊補正,F113010 機械批發業；F113020 電器批發業；F213010 電器零售業；F213080 機械器具零售業；F401010 國際貿易業；ZZ99999 除許可業務外，得經營法令非禁止或限制之業務；JE01010 租賃業；E603050 自動控制設備工程業；E605010 電腦設備安裝業；EZ05010 儀器、儀表安裝工程業,新北市,變更,11509
24728826,永齡資產管理股份有限公司,新北市新店區北新路3段207之2號15樓,蘇采瀅,62100000,104/03/02,115/09/21,增資(資本總額),I103060 管理顧問業；I199990 其他顧問服務業；I301010 資訊軟體服務業；I301020 資料處理服務業；I301030 電子資訊供應服務業；IC01010 藥品檢驗業；IG01010 生物技術服務業；IG02010 研究發展服務業；IG03010 能源技術服務業；IZ09010 管理系統驗證業,新北市,變更,11509
24730344,盛寶建設股份有限公司,新北市林口區文化二路2段518號(1樓),彭俊彥,450000000,104/03/10,115/09/17,申登機關變更（遷入，含卷）,E801010 室內裝潢業；F111090 建材批發業；F211010 建材零售業；G202010 停車場經營業；H701010 住宅及大樓開發租售業；H701020 工業廠房開發租售業；H701050 投資興建公共建設業；H701060 新市鎮、新社區開發業；H701070 區段徵收及市地重劃代辦業；H701090 都市更新整建維護業,新北市,變更,11509
24741047,士覺有限公司,新北市板橋區四川路1段105號2樓之1,呂浩瑋,5000000,103/08/26,115/09/09,特殊補正,C104010 糖果製造業；F102170 食品什貨批發業；F105050 家具、寢具、廚房器具、裝設品批發業；F106020 日常用品批發業；F109070 文教、樂器、育樂用品批發業；F119010 電子材料批發業；F199990 其他批發業；F203010 食品什貨、飲料零售業；F205040 家具、寢具、廚房器具、裝設品零售業；F206020 日常用品零售業,新北市,變更,11509
24748718,美樂食譜有限公司,新北市板橋區南雅南路2段144巷92號,謝枝茂,1000000,103/09/18,115/09/14,股東出資轉讓修正章程,F203010 食品什貨、飲料零售業；F399040 無店面零售業；F501060 餐館業；F501990 其他餐飲業；ZZ99999 除許可業務外，得經營法令非禁止或限制之業務,新北市,變更,11509
24756147,捷通數位科技有限公司,新北市板橋區中山路1段293之1號7樓之1,陳雅芬,10000000,103/10/13,115/09/11,申登機關變更（遷入，含卷）,F113070 電信器材批發業；F119010 電子材料批發業；F213060 電信器材零售業；F219010 電子材料零售業；IE01010 電信業務門號代辦業；E701010 電信工程業；F113050 電腦及事務性機器設備批發業；F213030 電腦及事務性機器設備零售業；F401010 國際貿易業；ZZ99999 除許可業務外，得經營法令非禁止或限制之業務,新北市,變更,11509
24760445,嘉宬企業有限公司,新北市汐止區水源路2段22巷6號6樓,郭月桃,1000000,103/10/22,115/09/11,特殊補正,F106050 陶瓷玻璃器皿批發業；F107170 工業助劑批發業；F107200 化學原料批發業；F107990 其他化學製品批發業；F111090 建材批發業；F113050 電腦及事務性機器設備批發業；F120010 耐火材料批發業；F207170 工業助劑零售業；F207200 化學原料零售業；F207990 其他化學製品零售業,新北市,變更,11509
24761676,游擊文化股份有限公司,新北市三重區仁愛街216號4樓,郭姵妤,1900000,103/10/27,115/09/29,申登機關變更（遷入，含卷）,J305010 有聲出版業；J303010 雜誌（期刊）出版業；J304010 圖書出版業；J399990 其他出版業；J601010 藝文服務業；F199990 其他批發業；F299990 其他零售業；F401010 國際貿易業；ZZ99999 除許可業務外，得經營法令非禁止或限制之業務,新北市,變更,11509
24772809,友邦興業股份有限公司,新北市汐止區新台五路1段98號8樓,朱志洋,292000000,103/12/01,115/09/29,存續合併,CA04010 表面處理業；CB01010 機械設備製造業；CB01030 污染防治設備製造業；CC01080 電子零組件製造業；CE01010 一般儀器製造業；E604010 機械安裝業；F113010 機械批發業；F113020 電器批發業；F113030 精密儀器批發業；F113060 度量衡器批發業,新北市,變更,11509
24775405,智龍創業投資股份有限公司,新北市板橋區民權路3號6樓,王李榮,1078792840,103/12/08,115/09/18,發行新股,F218010 資訊軟體零售業；CC01110 電腦及其週邊設備製造業；F118010 資訊軟體批發業；I301010 資訊軟體服務業；I501010 產品設計業；I599990 其他設計業；I301020 資料處理服務業；F113070 電信器材批發業；I301030 電子資訊供應服務業；F401010 國際貿易業,新北市,變更,11509
24776663,和暢科技股份有限公司,新北市汐止區新台五路1段99號26樓之12,周邦基,393385430,103/12/11,115/09/04,發行新股,CC01060 有線通信機械器材製造業；CC01070 無線通信機械器材製造業；CC01080 電子零組件製造業；CC01110 電腦及其週邊設備製造業；CE01010 一般儀器製造業；E605010 電腦設備安裝業；EZ05010 儀器、儀表安裝工程業；I301010 資訊軟體服務業；I301020 資料處理服務業；I301030 電子資訊供應服務業,新北市,變更,11509
24779649,詠翊工程有限公司,新北市新店區新烏路1段11巷1弄14號,蔡秀梅,7000000,103/12/19,115/09/16,修正章程,E801010 室內裝潢業；E901010 油漆工程業；EZ99990 其他工程業；F106010 五金批發業；J101010 建築物清潔服務業；F207010 漆料、塗料零售業；F111090 建材批發業；ZZ99999 除許可業務外，得經營法令非禁止或限制之業務,新北市,變更,11509
24787514,佑哲股份有限公司,新北市汐止區大同路1段497號12樓,陳孝威,5050000,104/01/14,115/09/04,增資(資本總額),F106030 模具批發業；F109070 文教、樂器、育樂用品批發業；F119010 電子材料批發業；F206030 模具零售業；F209060 文教、樂器、育樂用品零售業；F219010 電子材料零售業；F401010 國際貿易業；H201010 一般投資業；I102010 一般投資顧問業；I103060 管理顧問業,新北市,變更,11509
24829401,大城草景室內裝修股份有限公司,新北市中和區中正路868之6號6樓,吳昉冀,5500000,103/12/29,115/09/03,特殊補正,E599010 配管工程業；E601010 電器承裝業；E601020 電器安裝業；E603010 電纜安裝工程業；E603050 自動控制設備工程業；E603100 電焊工程業；E605010 電腦設備安裝業；E701010 電信工程業；E701040 簡易電信設備安裝業；E801010 室內裝潢業,新北市,變更,11509
24864482,太陽照服股份有限公司,新北市新莊區五工五路5號9樓,安藤政弘,106500000,104/01/22,115/09/15,改選董事/監察人(一人法人股東指派董事/監察人),F401010 國際貿易業；F601010 智慧財產權業；I102010 投資顧問業；I103060 管理顧問業；I199990 其他顧問服務業；IZ12010 人力派遣業；IZ99990 其他工商服務業；ZZ99999 除許可業務外，得經營法令非禁止或限制之業務；JE01010 租賃業；JZ99990 未分類其他服務業,新北市,變更,11509
24866313,大器事業有限公司,新北市樹林區鎮前街62號2樓,陳樹範,1000000,104/01/29,115/09/15,特殊補正,IZ12010 人力派遣業；IZ06010 理貨包裝業；I401010 一般廣告服務業；I401020 廣告傳單分送業；I301010 資訊軟體服務業；I301020 資料處理服務業；J101010 建築物清潔服務業；J101030 廢棄物清除業；F399040 無店面零售業；C104020 烘焙炊蒸食品製造業,新北市,變更,11509
24868608,禾新投資有限公司,新北市永和區中山路1段26號3樓之6,林文惠,5000000,104/02/05,115/09/01,特殊補正,H201010 一般投資業,新北市,變更,11509
24875679,德勝監控股份有限公司,新北市汐止區大安街48號2樓,陳立明,33500000,104/03/10,115/09/10,改選董事/監察人(一人法人股東指派董事/監察人),CC01060 有線通信機械器材製造業；CC01080 電子零組件製造業；CC01110 電腦及其週邊設備製造業；CE01030 光學儀器製造業；CE01990 其他光學及精密器械製造業；E603050 自動控制設備工程業；E605010 電腦設備安裝業；EZ05010 儀器、儀表安裝工程業；F113020 電器批發業；F113030 精密儀器批發業,新北市,變更,11509
24915166,鑫倉投資控股有限公司,新北市板橋區中山路1段293之1號8樓,陳俞安,2000000,104/11/25,115/09/16,特殊補正,H201010 一般投資業,新北市,變更,11509
24935352,成紡實業有限公司,新北市中和區民德路68號6樓,賴勇正,9000000,104/02/05,115/09/04,特殊補正,F102050 茶葉批發業；F104110 布疋、衣著、鞋、帽、傘、服飾品批發業；F105050 家具、寢具、廚房器具、裝設品批發業；F106020 日常用品批發業；F401010 國際貿易業；I502010 服飾設計業；JZ99050 仲介服務業；ZZ99999 除許可業務外，得經營法令非禁止或限制之業務,新北市,變更,11509
24935867,達利雅國際實業有限公司,新北市淡水區大忠街62號4樓,楊東儒,4000000,104/02/06,115/09/03,特殊補正,A101020 農作物栽培業；A101030 特用作物栽培業；A101050 花卉栽培業；A102020 農產品整理業；A102050 作物栽培服務業；A102080 園藝服務業；E801010 室內裝潢業；F101100 花卉批發業；F105050 家具、寢具、廚房器具、裝設品批發業；F106010 五金批發業,新北市,變更,11509
24943938,興凱博有限公司,新北市三重區光復路1段83巷2號3樓,林珀錚,3000000,104/03/11,115/09/09,特殊補正,C805030 塑膠日用品製造業；C805050 工業用塑膠製品製造業；CB01010 機械設備製造業；CB01990 其他機械製造業；CC01080 電子零組件製造業；CQ01010 模具製造業；F106010 五金批發業；F106030 模具批發業；F113010 機械批發業；F113050 電腦及事務性機器設備批發業,新北市,變更,11509
24945529,悅鑫科技工程有限公司,新北市淡水區新巿五路1段146號9樓,陳偉民,500000,104/03/16,115/09/04,董事/股東地址變更,E605010 電腦設備安裝業；E701010 電信工程業；E701040 簡易電信設備安裝業；F113050 電腦及事務性機器設備批發業；F113070 電信器材批發業；F118010 資訊軟體批發業；F213030 電腦及事務性機器設備零售業；F213060 電信器材零售業；F218010 資訊軟體零售業；F399040 無店面零售業,新北市,變更,11509
24949270,鴻億貿易有限公司,新北市五股區五權路46號(2樓),林祈廷,66000000,104/03/25,115/09/16,特殊補正,F102030 菸酒批發業；F102040 飲料批發業；F102170 食品什貨批發業；F106020 日常用品批發業；F401010 國際貿易業；I101090 食品顧問業；I102010 投資顧問業；I103060 管理顧問業；I199990 其他顧問服務業；I501010 產品設計業,新北市,變更,11509
24962857,涼翊國際有限公司,新北市三重區溪尾街61號,陳健銘,5000000,104/05/04,115/09/17,特殊補正,C104010 糖果製造業；C104020 烘焙炊蒸食品製造業；C199010 麵條、粉條類食品製造業；C199020 食用冰製造業；C199040 豆類加工食品製造業；F203010 食品什貨、飲料零售業；F203020 菸酒零售業；F203030 酒精零售業；F221010 食品添加物零售業；F401010 國際貿易業,新北市,變更,11509
24971820,摩根生醫股份有限公司,新北市板橋區華江一路50號7樓,,8000000,104/05/28,115/09/23,解散,F203010 食品什貨、飲料零售業；F206020 日常用品零售業；F208040 化粧品零售業；F212050 石油製品零售業；F214030 汽、機車零件配備零售業；F401010 國際貿易業；I301010 資訊軟體服務業；IZ13010 網路認證服務業；I199990 其他顧問服務業；JZ99990 未分類其他服務業,新北市,變更,11509
24972855,萬得富爸爸肉骨茶有限公司,新北市板橋區莒光路18號之1,李志權,500000,104/06/01,115/09/04,董事/股東證照變更,F102170 食品什貨批發業；F203010 食品什貨、飲料零售業；F401010 國際貿易業；F501060 餐館業；ZZ99999 除許可業務外，得經營法令非禁止或限制之業務,新北市,變更,11509
25002835,漢錸科技股份有限公司,新北市五股區五權路2之1號3樓,鄭育承,170000000,98/07/28,115/09/10,變更為非閉鎖性,CB01010 機械設備製造業；CC01060 有線通信機械器材製造業；CC01080 電子零組件製造業；CC01120 資料儲存媒體製造及複製業；E599010 配管工程業；E601010 電器承裝業；E601020 電器安裝業；E603010 電纜安裝工程業；E603020 電梯安裝工程業；E603050 自動控制設備工程業,新北市,變更,11509
25004876,磐石電池股份有限公司,新北市土城區中山路67號,姚立和,430000000,98/07/31,115/09/02,特殊補正,CC01080 電子零組件製造業；CC01090 電池製造業；F113110 電池批發業；F213110 電池零售業；CD01040 機車及其零件製造業；CD01030 汽車及其零件製造業；F401010 國際貿易業；I301010 資訊軟體服務業；I501010 產品設計業；F219010 電子材料零售業,新北市,變更,11509
25009464,復興科技有限公司,新北市板橋區稚暉街40之2號(1樓),杜昀哲,10000000,98/08/06,115/09/24,改推董事/董事長,F107010 漆料、塗料批發業；F111090 建材批發業；F207010 漆料、塗料零售業；F211010 建材零售業；F113020 電器批發業；F213010 電器零售業；ZZ99999 除許可業務外，得經營法令非禁止或限制之業務；F117010 消防安全設備批發業；F217010 消防安全設備零售業；F102180 酒精批發業,新北市,變更,11509
25014234,百材企業有限公司,新北市五股區五權六路35號,黃文福,122000000,98/08/17,115/09/16,特殊補正,F106010 五金批發業；F111090 建材批發業；F120010 耐火材料批發業；F401010 國際貿易業；ZZ99999 除許可業務外，得經營法令非禁止或限制之業務；C501040 組合木材製造業,新北市,變更,11509
25015959,鎵群實業有限公司,新北市中和區連城路116號,張雁翔,13000000,98/08/19,115/09/29,增資,F107010 漆料、塗料批發業；F107990 其他化學製品批發業；F109070 文教、樂器、育樂用品批發業；F113010 機械批發業；F207010 漆料、塗料零售業；F207990 其他化學製品零售業；F209060 文教、樂器、育樂用品零售業；F213080 機械器具零售業；F401010 國際貿易業；C701010 印刷業,新北市,變更,11509
25018273,永揚生醫科技股份有限公司,新北市新店區北新路3段221號7樓,唐季祿,8274540,98/08/21,115/09/09,特殊補正,F601010 智慧財產權業；I103060 管理顧問業；I199990 其他顧問服務業；IC01010 藥品檢驗業；IG01010 生物技術服務業；IG02010 研究發展服務業；IZ99990 其他工商服務業；J304010 圖書出版業；F108031 醫療器材批發業；F208031 醫療器材零售業,新北市,變更,11509
25021832,鉆越工程有限公司,新北市新莊區青山路1段64之1號8樓,楊福生,1200000,98/08/27,115/09/29,特殊補正,EZ07010 鑽孔工程業；EZ99990 其他工程業；ZZ99999 除許可業務外，得經營法令非禁止或限制之業務,新北市,變更,11509
25032845,奧爾瑪行銷股份有限公司,新北市新莊區化成路43巷12號(2樓),陳旭初,1000000,98/09/17,115/09/30,特殊補正,F101040 家畜家禽批發業；F101050 水產品批發業；F102170 食品什貨批發業；F201020 畜產品零售業；F201030 水產品零售業；F203010 食品什貨、飲料零售業；F401010 國際貿易業；I101090 食品顧問業；IZ06010 理貨包裝業；A102020 農產品整理業,新北市,變更,11509
25035913,易明興業有限公司,新北市樹林區中華路379巷78弄5號(2樓),陳志中,5000000,98/09/22,115/09/22,改推董事/董事長,F106010 五金批發業；CA02030 螺絲、螺帽、螺絲釘、及鉚釘等製品製造業；F401010 國際貿易業；ZZ99999 除許可業務外，得經營法令非禁止或限制之業務,新北市,變更,11509
25036379,漢泰空調工程事業有限公司,新北市淡水區番子田120之1號7樓,葉羿宗,5000000,98/09/23,115/09/21,公司所營事業變更修正章程,E602011 冷凍空調工程業；F113020 電器批發業；ZZ99999 除許可業務外，得經營法令非禁止或限制之業務；E601010 電器承裝業；E601020 電器安裝業,新北市,變更,11509
25037314,益昇系統科技股份有限公司,新北市中和區建一路150號11樓之1,張振光,70000000,98/09/24,115/09/15,改選董事/監察人(一人法人股東指派董事/監察人),CB01010 機械設備製造業；CB01030 污染防治設備製造業；E599010 配管工程業；E601010 電器承裝業；E603040 消防安全設備安裝工程業；E603050 自動控制設備工程業；E603090 照明設備安裝工程業；E604010 機械安裝業；EZ05010 儀器、儀表安裝工程業；EZ15010 保溫、保冷安裝工程業,新北市,變更,11509
25042225,仕璦國際開發有限公司,新北市新莊區五權一路5號6樓之7,呂恩賜,3000000,98/10/01,115/09/08,特殊補正,F104110 布疋、衣著、鞋、帽、傘、服飾品批發業；F106020 日常用品批發業；F109070 文教、樂器、育樂用品批發業；F401010 國際貿易業；JA02061 槍枝保養業；F401091 槍砲彈藥刀械輸出入業；ZZ99999 除許可業務外，得經營法令非禁止或限制之業務；I301010 資訊軟體服務業；I301020 資料處理服務業；I301030 電子資訊供應服務業,新北市,變更,11509
25057367,昇曜科技股份有限公司,新北市樹林區東順街82之3號5樓、82之4號5樓,林俊龍,40000000,98/10/26,115/09/11,改選董事/監察人(一人法人股東指派董事/監察人),CC01030 電器及視聽電子產品製造業；CC01060 有線通信機械器材製造業；CC01070 無線通信機械器材製造業；CC01080 電子零組件製造業；CC01090 電池製造業；CC01110 電腦及其週邊設備製造業；CC01120 資料儲存媒體製造及複製業；F113020 電器批發業；F113030 精密儀器批發業；F113050 電腦及事務性機器設備批發業,新北市,變更,11509
25104832,日和生活有限公司,新北市五股區成泰路2段11巷2號2樓,王亞民,3000000,99/02/11,115/09/08,改推董事/董事長,F105050 家具、寢具、廚房器具、裝設品批發業；F106010 五金批發業；F106020 日常用品批發業；F106050 陶瓷玻璃器皿批發業；F109070 文教、樂器、育樂用品批發業；F113050 電腦及事務性機器設備批發業；F116010 照相器材批發業；F199990 其他批發業；F205040 家具、寢具、廚房器具、裝設品零售業；F206010 五金零售業,新北市,變更,11509
25125822,浤連股份有限公司,新北市新店區中央路153號16樓之17,林世商,18000000,99/04/30,115/09/08,特殊補正,E603050 自動控制設備工程業；EZ15010 保溫、保冷安裝工程業；F102040 飲料批發業；F105050 家具、寢具、廚房器具、裝設品批發業；F106040 水器材料批發業；F107050 肥料批發業；F107080 環境用藥批發業；F113020 電器批發業；F118010 資訊軟體批發業；F119010 電子材料批發業,新北市,變更,11509
25148613,歐瑞因股份有限公司,新北市中和區橋安街1號5樓,林東輝,12000000,99/07/22,115/09/04,改選董事/監察人(一人法人股東指派董事/監察人),I103060 管理顧問業；IZ09010 管理系統驗證業；F401010 國際貿易業；F118010 資訊軟體批發業；CC01110 電腦及其週邊設備製造業；CC01080 電子零組件製造業；CC01070 無線通信機械器材製造業；CC01060 有線通信機械器材製造業；I501010 產品設計業；ZZ99999 除許可業務外，得經營法令非禁止或限制之業務,新北市,變更,11509
25150477,集星創業投資股份有限公司,新北市板橋區和平路24巷8號5樓,陳志峯,300000000,99/01/04,115/09/15,特殊補正,H202010 創業投資業,新北市,變更,11509
27262168,英達美國際有限公司,新北市三重區元富二街90號19樓,張延任,1000000,93/04/12,115/09/30,公司所在地,F216010 照相器材零售業；F206010 五金零售業；F106030 模具批發業；F206020 日常用品零售業；F219010 電子材料零售業；F401010 國際貿易業；I501010 產品設計業；F205040 家具、寢具、廚房器具、裝設品零售業；F209060 文教、樂器、育樂用品零售業；F399040 無店面零售業,新北市,變更,11509
27267023,信韓國際貿易有限公司,新北市中和區中山路2段448號8樓,崔幟觀,5000000,93/04/15,115/09/18,公司遷址修正章程,I501010 產品設計業；F118010 資訊軟體批發業；F218010 資訊軟體零售業；F219010 電子材料零售業；F119010 電子材料批發業；F113050 電腦及事務性機器設備批發業；F113020 電器批發業；F213010 電器零售業；I301030 電子資訊供應服務業；I301020 資料處理服務業,新北市,變更,11509
27284640,亞郁科技股份有限公司,新北市新店區寶橋路235巷6弄8號7樓,吳昊詮,66730000,93/05/06,115/09/23,特殊補正,CC01110 電腦及其週邊設備製造業；CC01120 資料儲存媒體製造及複製業；CC01060 有線通信機械器材製造業；CC01070 無線通信機械器材製造業；CC01080 電子零組件製造業；CE01010 一般儀器製造業；E605010 電腦設備安裝業；F113030 精密儀器批發業；F113050 電腦及事務性機器設備批發業；F113070 電信器材批發業,新北市,變更,11509
27288940,金財國際開發股份有限公司,新北市板橋區民族路201號10樓,呂政隆,36000000,93/05/11,115/09/23,公司所在地,E603040 消防安全設備安裝工程業；E603050 自動控制設備工程業；E603090 照明設備安裝工程業；E801010 室內裝潢業；E801020 門窗安裝工程業；E801030 室內輕鋼架工程業；E801040 玻璃安裝工程業；E801070 廚具、衛浴設備安裝工程業；F111090 建材批發業；F301020 超級市場業,新北市,變更,11509
27293654,大樹林食品有限公司,新北市淡水區濱海路1段201號5樓,李尚瑩,3000000,93/05/18,115/09/21,股東出資轉讓修正章程,ZZ99999 除許可業務外，得經營法令非禁止或限制之業務；F101040 家畜家禽批發業,新北市,變更,11509
27332404,兩班家有限公司,新北市汐止區福德一路392巷22弄28號,劉遠有,500000,93/06/18,115/09/18,公司所營事業變更修正章程,F101050 水產品批發業；F106020 日常用品批發業；F201010 農產品零售業；F201020 畜產品零售業；F201030 水產品零售業；F206020 日常用品零售業；F401010 國際貿易業；F501060 餐館業；ZZ99999 除許可業務外，得經營法令非禁止或限制之業務；F101040 家畜家禽批發業,新北市,變更,11509
27335768,耀晟興業股份有限公司,新北市新莊區中央路576號6樓,辛家騏,5000000,93/06/30,115/09/23,特殊補正,F113050 電腦及事務性機器設備批發業；F213030 電腦及事務性機器設備零售業；F119010 電子材料批發業；F219010 電子材料零售業；F118010 資訊軟體批發業；F218010 資訊軟體零售業；F401010 國際貿易業；I301010 資訊軟體服務業；I301020 資料處理服務業；I301030 電子資訊供應服務業,新北市,變更,11509
27342584,古京建設股份有限公司,新北市三重區三張街104號(1樓),沈淑君,60600000,93/07/20,115/09/16,改選董事/監察人(一人法人股東指派董事/監察人),E901010 油漆工程業；I503010 景觀、室內設計業；E801010 室內裝潢業；E801020 門窗安裝工程業；E599010 配管工程業；E701010 電信工程業；E603040 消防安全設備安裝工程業；EZ06010 交通標示工程業；F220010 耐火材料零售業；H701010 住宅及大樓開發租售業,新北市,變更,11509
27366614,惠能國際股份有限公司,新北市樹林區保安街1段190號3樓,陳昱森,1000000,93/09/29,115/09/10,改選董事/監察人(一人法人股東指派董事/監察人),F106010 五金批發業；F113020 電器批發業；F113030 精密儀器批發業；F113050 電腦及事務性機器設備批發業；F114030 汽、機車零件配備批發業；F114040 自行車及其零件批發業；F114050 車胎批發業；F119010 電子材料批發業；F401010 國際貿易業；F113010 機械批發業,新北市,變更,11509
27368606,翊洋科技股份有限公司,新北市三重區興德路111之1號6樓,張光智,47388460,93/10/06,115/09/21,改選董事/監察人(一人法人股東指派董事/監察人),I103060 管理顧問業；I301010 資訊軟體服務業；I301020 資料處理服務業；I301030 電子資訊供應服務業；E701010 電信工程業；F118010 資訊軟體批發業；F218010 資訊軟體零售業；F119010 電子材料批發業；F219010 電子材料零售業；F401010 國際貿易業,新北市,變更,11509
27389567,麗盛建設股份有限公司,新北市五股區成泰路一段189巷16號13樓,劉安琪,1070000000,93/07/02,115/09/18,發行新股,H701010 住宅及大樓開發租售業；H701020 工業廠房開發租售業；H703090 不動產買賣業；H703100 不動產租賃業；F211010 建材零售業；E201010 景觀工程業；E801010 室內裝潢業；I503010 景觀、室內設計業；I401010 一般廣告服務業；ZZ99999 除許可業務外，得經營法令非禁止或限制之業務,新北市,變更,11509
27409992,祿豐室內裝修工程股份有限公司,新北市中和區民享街4號(1樓),符致康,5000000,93/07/28,115/09/15,改選董事/監察人(一人法人股東指派董事/監察人),E801010 室內裝潢業；E801020 門窗安裝工程業；E801030 室內輕鋼架工程業；E801040 玻璃安裝工程業；E801061 室內裝修業；E801070 廚具、衛浴設備安裝工程業；E901010 油漆工程業；E903010 防蝕、防銹工程業；F106010 五金批發業；F206010 五金零售業,新北市,變更,11509
27419886,三穎建設開發股份有限公司,新北市中和區中山路2段348巷2號9樓,沈政霖,140000000,93/08/10,115/09/17,改選董事/監察人(一人法人股東指派董事/監察人),H701010 住宅及大樓開發租售業；H701020 工業廠房開發租售業；H701040 特定專業區開發業；H701050 投資興建公共建設業；H701060 新市鎮、新社區開發業；H701070 區段徵收及市地重劃代辦業；H701080 都市更新業；H703100 不動產租賃業；E801010 室內裝潢業；E201010 景觀工程業,新北市,變更,11509
27421638,欣安消防實業有限公司,新北市土城區延壽路13巷17號,鍾彥丞,1000000,93/08/12,115/09/23,改推董事/董事長,F117010 消防安全設備批發業；F120010 耐火材料批發業；E603040 消防安全設備安裝工程業；E603050 自動控制設備工程業；E603090 照明設備安裝工程業；ZZ99999 除許可業務外，得經營法令非禁止或限制之業務,新北市,變更,11509
27441091,星瑞實業有限公司,新北市林口區中山路250號7樓,陳則瑞,3000000,93/09/08,115/09/01,公司所營事業變更修正章程,CA02990 其他金屬製品製造業；F113020 電器批發業；F113010 機械批發業；F106010 五金批發業；F118010 資訊軟體批發業；F119010 電子材料批發業；F113030 精密儀器批發業；F113050 電腦及事務性機器設備批發業；F113100 污染防治設備批發業；F401010 國際貿易業,新北市,變更,11509
27450204,醄醴股份有限公司,新北市新莊區五權二路24號6樓之4,陶銘成,14000000,93/09/22,115/09/21,董事/監察人持股變動報備,C103050 罐頭、冷凍、脫水及醃漬食品製造業；F102170 食品什貨批發業；F401010 國際貿易業；I501010 產品設計業；ZZ99999 除許可業務外，得經營法令非禁止或限制之業務,新北市,變更,11509
27465950,新宜國際有限公司,新北市蘆洲區長榮路251號3樓,陳鄒素貞,1000000,93/10/13,115/09/29,減資,C804020 工業用橡膠製品製造業；F119010 電子材料批發業；H703100 不動產租賃業；F107200 化學原料批發業；F401010 國際貿易業；ZZ99999 除許可業務外，得經營法令非禁止或限制之業務,新北市,變更,11509
27469040,全家旅店有限公司,新北市中和區中和路59之1號及59號5樓、6樓、9樓、10樓、11樓,黃文德,26500000,93/10/15,115/09/23,股東出資轉讓修正章程,J901020 一般旅館業；ZZ99999 除許可業務外，得經營法令非禁止或限制之業務,新北市,變更,11509
27474901,訊瑩科技股份有限公司,新北市汐止區新台五路1段97號31樓之5,洪景陽,15500000,93/10/25,115/09/11,特殊補正,CC01020 電線及電纜製造業；CC01080 電子零組件製造業；CC01110 電腦及其週邊設備製造業；F113050 電腦及事務性機器設備批發業；F119010 電子材料批發業；F401010 國際貿易業；F113020 電器批發業；ZZ99999 除許可業務外，得經營法令非禁止或限制之業務,新北市,變更,11509
27476324,興源資訊股份有限公司,新北市永和區中興街133巷26號2樓,王士源,10000000,93/10/26,115/09/21,特殊補正,F213030 電腦及事務性機器設備零售業；F399990 其他綜合零售業；I103060 管理顧問業；I199990 其他顧問服務業；F118010 資訊軟體批發業；F218010 資訊軟體零售業；I301010 資訊軟體服務業；I301020 資料處理服務業；I301030 電子資訊供應服務業；I301060 網路廣告平臺業,新北市,變更,11509
27488790,雙唯投資股份有限公司,新北市中和區景平路480號3樓,陳唯中,56000000,93/11/11,115/09/03,特殊補正,H201010 一般投資業。,新北市,變更,11509
27500725,友發科技股份有限公司,新北市中和區中正路753號5樓,陳世隆,22000000,93/11/29,115/09/22,特殊補正,CC01080 電子零組件製造業；F119010 電子材料批發業；F401010 國際貿易業；F601010 智慧財產權業；I301010 資訊軟體服務業；ZZ99999 除許可業務外，得經營法令非禁止或限制之業務；F109070 文教、樂器、育樂用品批發業；F113020 電器批發業；F113050 電腦及事務性機器設備批發業；F113070 電信器材批發業,新北市,變更,11509
27512308,禾乾建設股份有限公司,新北市汐止區水源路2段283巷1之18號(1樓),蕭伯和,56000000,93/12/13,115/09/02,改選董事/監察人(一人法人股東指派董事/監察人),H701010 住宅及大樓開發租售業；H701020 工業廠房開發租售業；H701050 投資興建公共建設業；H701060 新市鎮、新社區開發業；H701070 區段徵收及市地重劃代辦業；H702010 建築經理業；H703090 不動產買賣業；H703100 不動產租賃業；H703110 老人住宅業；G202010 停車場經營業,新北市,變更,11509
27548312,昱山環境技術顧問股份有限公司,新北市新店區民權路100號8樓之1,施志恆,50000000,93/12/28,115/09/21,董事/監察人持股變動報備,E604010 機械安裝業；E605010 電腦設備安裝業；F113030 精密儀器批發業；F213040 精密儀器零售業；F213060 電信器材零售業；F213080 機械器具零售業；F218010 資訊軟體零售業；F401010 國際貿易業；J101050 環境檢測服務業；J101990 其他環境衛生及污染防治服務業,新北市,變更,11509
27565769,宜鼎國際股份有限公司,新北市汐止區大同路1段237號5樓,簡川勝,982899310,94/03/03,115/09/16,發行新股,F113050 電腦及事務性機器設備批發業；F113070 電信器材批發業；F119010 電子材料批發業；F213030 電腦及事務性機器設備零售業；F213060 電信器材零售業；F219010 電子材料零售業；F401010 國際貿易業；I301010 資訊軟體服務業；I501010 產品設計業；CC01080 電子零組件製造業,新北市,變更,11509
27574269,盛隆科技股份有限公司,新北市板橋區和平路45號5樓,彭月霞,2000000,94/03/24,115/09/01,董事/監察人持股變動報備,CC01080 電子零組件製造業；CC01110 電腦及其週邊設備製造業；CE01030 光學儀器製造業；CC01030 電器及視聽電子產品製造業；CC01060 有線通信機械器材製造業；CC01070 無線通信機械器材製造業；CE01010 一般儀器製造業；CB01020 事務機器製造業；CC01990 其他電機及電子機械器材製造業；F119010 電子材料批發業,新北市,變更,11509
27592626,神采時尚事業股份有限公司,新北市新莊區五權二路10號1樓,陳國欽,133160800,94/01/07,115/09/30,特殊補正,C307010 服飾品製造業；F104110 布疋、衣著、鞋、帽、傘、服飾品批發業；F106060 寵物食品及其用品批發業；F204110 布疋、衣著、鞋、帽、傘、服飾品零售業；F206050 寵物食品及其用品零售業；I301030 電子資訊供應服務業；I501010 產品設計業；I502010 服飾設計業；ZZ99999 除許可業務外，得經營法令非禁止或限制之業務；CF01011 醫療器材製造業,新北市,變更,11509
27593673,母子島藝術文化股份有限公司,新北市蘆洲區中山一路138號地下1樓,,5000000,94/01/10,115/09/01,解散,F601010 智慧財產權業；J304010 圖書出版業；J305010 有聲出版業；J601010 藝文服務業；I401010 一般廣告服務業；I502010 服飾設計業；F204110 布疋、衣著、鞋、帽、傘、服飾品零售業；F104110 布疋、衣著、鞋、帽、傘、服飾品批發業；F205040 家具、寢具、廚房器具、裝設品零售業；F105050 家具、寢具、廚房器具、裝設品批發業,新北市,變更,11509
27601759,正輝五金有限公司,新北市板橋區和平路2之1號,詹孟傑,70000000,94/01/20,115/09/22,公司所營事業變更修正章程,C601020 紙製造業；CA01050 鋼材二次加工業；I103060 管理顧問業；JB01010 會議及展覽服務業；ZZ99999 除許可業務外，得經營法令非禁止或限制之業務；CA01010 鋼鐵冶鍊業；CA01020 鋼鐵軋延及擠型業；CA01030 鋼鐵鑄造業；CA01060 鋼線鋼纜製造業；CA01070 廢車船解體及廢鋼鐵五金處理業,新北市,變更,11509
27604307,福技科技有限公司,新北市三重區忠孝路1段30巷25號4樓,蘇姿羽,1000000,94/01/24,115/09/17,公司遷址修正章程,E601020 電器安裝業；E603050 自動控制設備工程業；E605010 電腦設備安裝業；E701010 通信工程業；E701030 電信管制射頻器材裝設工程業；E801010 室內裝潢業；F213060 電信器材零售業；ZZ99999 除許可業務外，得經營法令非禁止或限制之業務；I503010 景觀設計業；F113020 電器批發業,新北市,變更,11509
27609181,川岳生物科技股份有限公司,新北市新莊區五權二路22號6樓之7,賴勇誠,28000000,94/01/28,115/09/29,改選董事/監察人(一人法人股東指派董事/監察人),F102040 飲料批發業；F102170 食品什貨批發業；F203010 食品什貨、飲料零售業；F401010 國際貿易業；C102010 乳品製造業；C103050 罐頭、冷凍、脫水及醃漬食品製造業；C104010 糖果製造業；C104020 烘焙炊蒸食品製造業；C106010 製粉業；C110010 飲料製造業,新北市,變更,11509
27614972,芊睿企業有限公司,新北市三重區中正北路176巷8號,林聖鴻,3000000,94/02/04,115/09/10,公司所營事業變更修正章程,F104110 布疋、衣著、鞋、帽、傘、服飾品批發業；F106010 五金批發業；F106020 日常用品批發業；F106030 模具批發業；F107190 塑膠膜、袋批發業；F109070 文教、樂器、育樂用品批發業；F113010 機械批發業；F113050 電腦及事務性機器設備批發業；F119010 電子材料批發業；F204110 布疋、衣著、鞋、帽、傘、服飾品零售業,新北市,變更,11509
27627266,翰焜科技有限公司,新北市樹林區俊英街155巷43弄15號4樓之1,張凱傑,1000000,94/03/02,115/09/22,公司所營事業變更修正章程,ZZ99999 除許可業務外，得經營法令非禁止或限制之業務；F213080 機械器具零售業；F206010 五金零售業；F206030 模具零售業；F401010 國際貿易業；CB01010 機械設備製造業；CQ01010 模具製造業,新北市,變更,11509
27627527,中德建設股份有限公司,新北市新莊區中華路2段15號11樓,吳永乾,100000000,94/03/02,115/09/03,特殊補正,H701010 住宅及大樓開發租售業；H701020 工業廠房開發租售業；H701040 特定專業區開發業；H701050 投資興建公共建設業；H701060 新市鎮、新社區開發業；H701070 區段徵收及市地重劃代辦業；H701080 都市更新重建業；H702010 建築經理業；H703090 不動產買賣業；H703100 不動產租賃業,新北市,變更,11509
27638600,漢皇開發股份有限公司,新北市中和區中山路二段299號2樓,孫正乾,3874700000,94/03/15,115/09/22,發行新股,H701010 住宅及大樓開發租售業；H703090 不動產買賣業；H703100 不動產租賃業；H702010 建築經理業；I503010 景觀、室內設計業；E801010 室內裝潢業；F111090 建材批發業；F211010 建材零售業；F401010 國際貿易業；ZZ99999 除許可業務外，得經營法令非禁止或限制之業務,新北市,變更,11509
27668961,印彩科技印刷有限公司,新北市板橋區光復街177號6樓,陳騰君,3000000,94/04/14,115/09/03,公司所營事業變更修正章程,C701010 印刷業；C702010 製版業；F113050 電腦及事務性機器設備批發業；F118010 資訊軟體批發業；F119010 電子材料批發業；F213030 電腦及事務性機器設備零售業；F213080 機械器具零售業；F218010 資訊軟體零售業；F219010 電子材料零售業；F401010 國際貿易業,新北市,變更,11509
27719080,順康資產管理顧問股份有限公司,新北市新店區中央路159號4樓,王姸婷,16000000,94/04/26,115/09/11,改選董事/監察人(一人法人股東指派董事/監察人),I102010 投資顧問業；I103060 管理顧問業；G202010 停車場經營業；F113050 電腦及事務性機器設備批發業；F119010 電子材料批發業；F213030 電腦及事務性機器設備零售業；F219010 電子材料零售業；F401010 國際貿易業；I401010 一般廣告服務業；F113020 電器批發業,新北市,變更,11509
27747797,璟錩多媒體有限公司,新北市三重區成功路110號19樓之18,李懿秦,5000000,94/07/12,115/09/07,特殊補正,F209060 文教、樂器、育樂用品零售業；F109070 文教、樂器、育樂用品批發業；J305010 有聲出版業；I401010 一般廣告服務業；I301010 資訊軟體服務業；I301020 資料處理服務業；C701010 印刷業；JZ99030 攝影業；IZ10010 排版業；F401010 國際貿易業,新北市,變更,11509
27759033,偉任投資股份有限公司,新北市新店區頂城二街16巷6號,廖王黎惠,100000000,94/08/16,115/09/18,額定資本額增加變更章程,H201010 一般投資業；IG03010 能源技術服務業；F113010 機械批發業；F113020 電器批發業；F113990 其他機械器具批發業；F118010 資訊軟體批發業；F119010 電子材料批發業；D401010 熱能供應業；D101060 再生能源自用發電設備業；A101020 農作物栽培業,新北市,變更,11509
27779636,辰邦股份有限公司,新北市新莊區化成路403巷47號,吳俊敏,6000000,94/05/04,115/09/03,改選董事/監察人(一人法人股東指派董事/監察人),C105010 食用油脂製造業；F101990 其他農、畜、水產品批發業；F102020 食用油脂批發業；F203010 食品什貨、飲料零售業；ZZ99999 除許可業務外，得經營法令非禁止或限制之業務；C901020 玻璃及玻璃製品製造業；F106050 陶瓷玻璃器皿批發業；F401010 國際貿易業,新北市,變更,11509
27799507,久欣廣告事業有限公司,新北市新莊區新樹路609之7號10樓,宋嘉豪,3000000,94/05/26,115/09/16,公司所營事業變更修正章程,ZZ99999 除許可業務外，得經營法令非禁止或限制之業務；F119010 電子材料批發業；F206010 五金零售業；E603090 照明設備安裝工程業；I501010 產品設計業；C701010 印刷業；E601020 電器安裝業；E603080 交通號誌安裝工程業；E603100 電焊工程業；E604010 機械安裝業,新北市,變更,11509
27807099,吳大川有限公司,新北市三重區溪尾街218巷5號2樓,吳進發,5500000,94/06/03,115/09/23,減少所營事業變更修正章程,F107030 清潔用品批發業；F108040 化粧品批發業；F108031 醫療器材批發業；F207030 清潔用品零售業；F208040 化粧品零售業；F208031 醫療器材零售業；F401010 國際貿易業；F102180 酒精批發業；F203030 酒精零售業；F208021 西藥零售業,新北市,變更,11509
27844088,誠太企業有限公司,新北市中和區圓通路167巷6號3樓,楊燦田,5000000,94/07/14,115/09/10,股東出資轉讓修正章程,F401010 國際貿易業；F119010 電子材料批發業；CC01080 電子零組件製造業；CE01010 一般儀器製造業；F113070 電信器材批發業；F213060 電信器材零售業；F219010 電子材料零售業；ZZ99999 除許可業務外，得經營法令非禁止或限制之業務,新北市,變更,11509
27851221,陽傑開發股份有限公司,新北市新店區北新路3段225號16樓,林美東,250000000,94/07/25,115/09/04,特殊補正,CA05010 粉末冶金業；CB01010 機械設備製造業；CC01040 照明設備製造業；CC01080 電子零組件製造業；CC01110 電腦及其週邊設備製造業；CD01060 航空器及其零件製造業；D101060 再生能源自用發電設備業；D401010 熱能供應業；E601010 電器承裝業；E603090 照明設備安裝工程業,新北市,變更,11509
27862043,得佑安工程有限公司,新北市板橋區金華街10巷135之3號,蘇福成,1000000,94/08/05,115/09/01,股東出資轉讓修正章程,E901010 油漆工程業；E801010 室內裝潢業；I401010 一般廣告服務業；F211010 建材零售業；ZZ99999 除許可業務外，得經營法令非禁止或限制之業務,新北市,變更,11509
27873055,康群工程有限公司,新北市新店區北宜路2段421巷2弄79號8樓,李雅婷,9000000,94/08/18,115/09/29,增資,ZZ99999 除許可業務外，得經營法令非禁止或限制之業務,新北市,變更,11509
27874195,豪旺開發股份有限公司,新北市板橋區貴興路106巷2號6樓,李松鵬,25000000,94/08/21,115/09/08,特殊補正,H201010 一般投資業；I103060 管理顧問業；J101030 廢棄物清除業；J101040 廢棄物處理業；J101090 廢棄物清理業；F111090 建材批發業；ZZ99999 除許可業務外，得經營法令非禁止或限制之業務,新北市,變更,11509
27880611,至遠企業股份有限公司,新北市林口區文化二路一段266號地下一層之9,曹玉文,660800000,94/08/29,115/09/16,增資(資本總額),CD01020 軌道車輛及其零件製造業；CD01030 汽車及其零件製造業；CC01090 電池製造業；F114010 汽車批發業；F114030 汽、機車零件配備批發業；F114050 車胎批發業；F214010 汽車零售業；F214030 汽、機車零件配備零售業；F401010 國際貿易業；HZ02010 金融機構金錢債權收買業務,新北市,變更,11509
27882483,珵鋼傳動有限公司,新北市樹林區中山路2段151巷12之2號6樓,黃巧婷,2880000,94/08/31,115/09/18,公司所在地,CC01990 其他電機及電子機械器材製造業；CC01010 發電、輸電、配電機械製造業；F113990 其他機械器具批發業；F401010 國際貿易業；E604010 機械安裝業；ZZ99999 除許可業務外，得經營法令非禁止或限制之業務,新北市,變更,11509
27885685,笙凱國際投資股份有限公司,新北市淡水區坪頂路102號,林忠良,23000000,94/09/06,115/09/30,增資(資本總額),ZZ99999 除許可業務外，得經營法令非禁止或限制之業務,新北市,變更,11509
27888000,五角獸企業有限公司,新北市蘆洲區集賢路223號4樓,王思凱,500000,94/09/08,115/09/22,申登機關變更（遷入，含卷）,ZZ99999 除許可業務外，得經營法令非禁止或限制之業務,新北市,變更,11509
27897140,兆升投資股份有限公司,新北市中和區中正路829號14樓之3,陳美雲,141000000,94/09/20,115/09/22,改選董事/監察人(一人法人股東指派董事/監察人),H201010 一般投資業,新北市,變更,11509
27908049,上毅印刷有限公司,新北市中和區立德街7巷3號3樓,吳婉妤,3000000,94/10/03,115/09/30,增資,C701010 印刷業；C702010 製版業；C703010 印刷品裝訂及加工業；F109070 文教、樂器、育樂用品批發業；F401010 國際貿易業；IZ10010 排版業；ZZ99999 除許可業務外，得經營法令非禁止或限制之業務,新北市,變更,11509
27909477,威騏科技管理股份有限公司,新北市新店區中央二街58號2樓,李原綜,10000000,94/10/04,115/09/10,改選董事/監察人(一人法人股東指派董事/監察人),ZZ99999 除許可業務外，得經營法令非禁止或限制之業務；CB01010 機械設備製造業；CB01030 污染防治設備製造業；CB01990 其他機械製造業；CE01010 一般儀器製造業；CE01030 光學儀器製造業；CE01990 其他光學及精密器械製造業；CP01010 手工具製造業；CQ01010 模具製造業；E603050 自動控制設備工程業,新北市,變更,11509
27960570,晁勗科技有限公司,新北市新店區玫瑰路58巷35號5樓,陳德貴,1000000,94/10/17,115/09/18,改推董事/董事長,E599010 配管工程業；E603010 電纜安裝工程業；E603040 消防安全設備安裝工程業；E603050 自動控制設備工程業；E604010 機械安裝業；E605010 電腦設備安裝業；E903010 防蝕、防銹工程業；EZ05010 儀器、儀表安裝工程業；F113010 機械批發業；F113030 精密儀器批發業,新北市,變更,11509
27964344,星宇電子股份有限公司,新北市中和區中正路736號15樓之5,蔡星宇,14000000,94/10/27,115/09/07,公司所在地,E601010 電器承裝業；E605010 電腦設備安裝業；F113010 機械批發業；F113020 電器批發業；F113030 精密儀器批發業；F113050 電腦及事務性機器設備批發業；F113070 電信器材批發業；F118010 資訊軟體批發業；F119010 電子材料批發業；F213010 電器零售業,新北市,變更,11509
27971128,富力科股份有限公司,新北市樹林區中華路379巷52號,賴盈安,15000000,94/11/16,115/09/22,特殊補正,C805050 工業用塑膠製品製造業；F106010 五金批發業；F106020 日常用品批發業；F106030 模具批發業；F107170 工業助劑批發業；F107200 化學原料批發業；F107990 其他化學製品批發業；F109070 文教、樂器、育樂用品批發業；F113020 電器批發業；F113070 電信器材批發業,新北市,變更,11509
28006259,台灣客喜達汽車百貨股份有限公司,新北市新莊區新北大道2段217號5樓,山田明弘,202000000,95/03/17,115/09/08,增資(資本總額),F104110 布疋、衣著、鞋、帽、傘、服飾品批發業；F106010 五金批發業；F106020 日常用品批發業；F113020 電器批發業；F114030 汽、機車零件配備批發業；F204110 布疋、衣著、鞋、帽、傘、服飾品零售業；F206010 五金零售業；F206020 日常用品零售業；F213010 電器零售業；F214030 汽、機車零件配備零售業,新北市,變更,11509
28018683,景燕投資股份有限公司,新北市新莊區中正路891之25號2樓,林錦燕,15000000,94/10/28,115/09/03,董事/監察人持股變動報備,H201010 一般投資業,新北市,變更,11509
28035445,亞東照明股份有限公司,新北市三重區碧華街201號(1樓),林勲益,1000000,94/11/21,115/09/22,公司遷址修正章程,J301010 報紙業；J302010 通訊稿業；CH01010 體育用品製造業；CH01040 玩具製造業；F299010 成人用品零售業；CC01120 資料儲存媒體製造及複製業；F109070 文教、樂器、育樂用品批發業；F104110 布疋、衣著、鞋、帽、傘、服飾品批發業；F105050 家具、寢具、廚房器具、裝設品批發業；F601010 智慧財產權業,新北市,變更,11509
28039081,威海電子股份有限公司,新北市中和區中正路700號6樓之6,林正淋,36000000,94/11/24,115/09/09,特殊補正,CC01080 電子零組件製造業；F119010 電子材料批發業；F113020 電器批發業；F113050 電腦及事務性機器設備批發業；F219010 電子材料零售業；F213030 電腦及事務性機器設備零售業；F213010 電器零售業；F401010 國際貿易業；I501010 產品設計業；ZZ99999 除許可業務外，得經營法令非禁止或限制之業務,新北市,變更,11509
28045393,極佳電通股份有限公司,新北市三重區重新路5段609巷16號5樓之5,陳啟修,123675640,94/12/02,115/09/22,發行新股,CC01030 電器及視聽電子產品製造業；CC01110 電腦及其週邊設備製造業；CC01070 無線通信機械器材製造業；CC01080 電子零組件製造業；CE01030 光學儀器製造業；E601020 電器安裝業；F113030 精密儀器批發業；F113050 電腦及事務性機器設備批發業；F113070 電信器材批發業；F118010 資訊軟體批發業,新北市,變更,11509
28048080,大辰科技股份有限公司,新北市汐止區新台五路1段79號20樓之13,賈敏忠,90000000,94/12/06,115/09/09,發行新股,ZZ99999 除許可業務外，得經營法令非禁止或限制之業務；CC01070 無線通信機械器材製造業；CC01080 電子零組件製造業；CC01101 電信管制射頻器材製造業；CC01110 電腦及其週邊設備製造業；CC01990 其他電機及電子機械器材製造業；F113070 電信器材批發業；F213060 電信器材零售業；F401010 國際貿易業；F401021 電信管制射頻器材輸入業,新北市,變更,11509
28055531,富雅科技股份有限公司,新北市三重區中正北路165巷25號17樓,呂思賢,5000000,94/12/15,115/09/08,申登機關變更（遷入，含卷）,F102170 食品什貨批發業；F103010 飼料批發業；F107190 塑膠膜、袋批發業；F107200 化學原料批發業；F113010 機械批發業；F113030 精密儀器批發業；F113050 電腦及事務性機器設備批發業；F113110 電池批發業；F119010 電子材料批發業；F202010 飼料零售業,新北市,變更,11509
28060485,璨晶科技股份有限公司,新北市新店區寶中路94號7樓之1,陳郁慧,10100000,94/12/22,115/09/04,特殊補正,CC01080 電子零組件製造業；CC01990 其他電機及電子機械器材製造業；E604010 機械安裝業；F106010 五金批發業；F119010 電子材料批發業；F199010 回收物料批發業；F401010 國際貿易業；J101080 資源回收業；F113030 精密儀器批發業；F213040 精密儀器零售業,新北市,變更,11509
28091023,合一鋼模有限公司,新北市新莊區瓊林南路118之19號,蔡如萍,1000000,95/02/10,115/09/01,股東出資轉讓修正章程,F106030 模具批發業；F206030 模具零售業；F401010 國際貿易業；ZZ99999 除許可業務外，得經營法令非禁止或限制之業務,新北市,變更,11509
28098573,暐晨企業有限公司,新北市樹林區俊英街238之1號2樓,許絨,2000000,95/02/23,115/09/22,公司所在地,ZZ99999 除許可業務外，得經營法令非禁止或限制之業務,新北市,變更,11509
28127887,銓佑國際股份有限公司,新北市中和區中正路716號17樓之7,陳政琦,2000000,95/03/22,115/09/03,改選董事/監察人(一人法人股東指派董事/監察人),F113050 電腦及事務性機器設備批發業；F118010 資訊軟體批發業；F213030 電腦及事務性機器設備零售業；F218010 資訊軟體零售業；I103060 管理顧問業；I301010 資訊軟體服務業；I301020 資料處理服務業；I301030 電子資訊供應服務業；ZZ99999 除許可業務外，得經營法令非禁止或限制之業務；F108031 醫療器材批發業,新北市,變更,11509
28137098,福茂開發股份有限公司,新北市新莊區中華路三段222號6樓,黃建順,780000000,95/03/31,115/09/22,一般補正案,H701010 住宅及大樓開發租售業；H701020 工業廠房開發租售業；H701040 特定專業區開發業；H701050 投資興建公共建設業；H701060 新市鎮、新社區開發業；H703090 不動產買賣業；H703100 不動產租賃業；I103060 管理顧問業；I401010 一般廣告服務業；JE01010 租賃業,新北市,變更,11509
28141109,友信電子股份有限公司,新北市樹林區光興街63巷16號(2樓),洪禕昕,20000000,95/04/06,115/09/01,董事/監察人持股變動報備,CC01010 發電、輸電、配電機械製造業；CC01990 其他電機及電子機械器材製造業；F113020 電器批發業；F113990 其他機械器具批發業；F119010 電子材料批發業；F401010 國際貿易業；F219010 電子材料零售業；F299990 其他零售業；I501010 產品設計業；ZZ99999 除許可業務外，得經營法令非禁止或限制之業務,新北市,變更,11509
28163807,智立廣告有限公司,新北市中和區中山路2段369號5樓,吳星辰,10000000,95/05/02,115/09/23,增資,C701010 印刷業；I401010 一般廣告服務業；I401020 廣告傳單分送業；I301010 資訊軟體服務業；I501010 產品設計業；I103060 管理顧問業；F104110 布疋、衣著、鞋、帽、傘、服飾品批發業；F106010 五金批發業；F106020 日常用品批發業；F107190 塑膠膜、袋批發業,新北市,變更,11509
28165967,儀達科技股份有限公司,新北市土城區忠義路55巷2號2樓,詹菀苓,15000000,95/05/04,115/09/23,董事/監察人持股變動報備,CC01030 電器及視聽電子產品製造業；CC01060 有線通信機械器材製造業；CC01070 無線通信機械器材製造業；CC01080 電子零組件製造業；CC01101 電信管制射頻器材製造業；CC01110 電腦及其週邊設備製造業；CC01120 資料儲存媒體製造及複製業；F119010 電子材料批發業；F219010 電子材料零售業；F401010 國際貿易業,新北市,變更,11509
28171671,宇錡建設股份有限公司,新北市三芝區圓山里木屐寮38-2號,KELLY LEE,2034732040,95/04/07,115/09/02,董事(常務董事.董事長)/監察人解任,H701010 住宅及大樓開發租售業；H701040 特定專業區開發業；H701050 投資興建公共建設業；H701060 新市鎮、新社區開發業；I503010 景觀、室內設計業；F111090 建材批發業；F205040 家具、寢具、廚房器具、裝設品零售業；F211010 建材零售業；H701030 殯葬場所開發租售業；H703090 不動產買賣業,新北市,變更,11509
28185181,富豐事業有限公司,新北市三重區光復路1段83巷6號6樓,鄭禾豐,2500000,95/05/17,115/09/04,申登機關變更（遷入，含卷）,F104110 布疋、衣著、鞋、帽、傘、服飾品批發業；F401010 國際貿易業,新北市,變更,11509
28197861,鴻達國際投資股份有限公司,新北市新店區中正路531之1號7樓,陳鴻文,100400000,95/06/29,115/09/04,特殊補正,H201010 一般投資業,新北市,變更,11509
28198502,凱安室內裝修工程有限公司,新北市八里區龍米路1段258號7號,湯鎧珍,1000000,95/07/03,115/09/16,股東出資轉讓修正章程,E801010 室內裝潢業；E801020 門窗安裝工程業；E801030 室內輕鋼架工程業；E801040 玻璃安裝工程業；E801060 室內裝修業；E801070 廚具、衛浴設備安裝工程業；E901010 油漆工程業；F105050 家具、寢具、廚房器具、裝設品批發業；F106010 五金批發業；F111090 建材批發業,新北市,變更,11509
28198973,澄潔餐飲有限公司,新北市永和區保生路2號15樓之1,魏建國,7500000,95/07/04,115/09/24,特殊補正,F501060 餐館業；F501990 其他餐飲業；F201010 農產品零售業；F201020 畜產品零售業；F201030 水產品零售業；F203010 食品什貨、飲料零售業；F203020 菸酒零售業；F205040 家具、寢具、廚房器具、裝設品零售業；F399040 無店面零售業；ZZ99999 除許可業務外，得經營法令非禁止或限制之業務,新北市,變更,11509
28205969,久郡建設股份有限公司,新北市新莊區榮華路1段50號10樓,林世貞,246000000,95/07/26,115/09/09,特殊補正,H701010 住宅及大樓開發租售業；H701020 工業廠房開發租售業；H701040 特定專業區開發業；H701050 投資興建公共建設業；H701060 新市鎮、新社區開發業；H701070 區段徵收及市地重劃代辦業；H701080 都市更新重建業；H701090 都市更新整建維護業；H703090 不動產買賣業；H703100 不動產租賃業,新北市,變更,11509
28229532,晶輝企業有限公司,新北市三重區興德路82號12樓,洪貴枝,6000000,95/10/18,115/09/23,改推董事/董事長,F104110 布疋、衣著、鞋、帽、傘、服飾品批發業；F204110 布疋、衣著、鞋、帽、傘、服飾品零售業；F109070 文教、樂器、育樂用品批發業；F209060 文教、樂器、育樂用品零售業；F106010 五金批發業；F206010 五金零售業；F106020 日常用品批發業；F206020 日常用品零售業；F119010 電子材料批發業；F219010 電子材料零售業,新北市,變更,11509
28320763,瑞洲電裝股份有限公司,新北市新莊區中正路721巷8號(1樓),林利黛,27000000,95/05/23,115/09/24,董事/監察人持股變動報備,F113010 機械批發業；F113090 交通標誌器材批發業；F114030 汽、機車零件配備批發業；F213080 機械器具零售業；F213090 交通標誌器材零售業；F214030 汽、機車零件配備零售業；E603080 交通號誌安裝工程業；EZ06010 交通標示工程業；F114040 自行車及其零件批發業；CD01030 汽車及其零件製造業,新北市,變更,11509
28334540,曜登股份有限公司,新北市板橋區中正路1巷16弄41之4號5樓,黃馨逸,10000000,95/06/12,115/09/04,特殊補正,F401010 國際貿易業；H701010 住宅及大樓開發租售業；H701020 工業廠房開發租售業；H703090 不動產買賣業；H703100 不動產租賃業；JE01010 租賃業；ZZ99999 除許可業務外，得經營法令非禁止或限制之業務,新北市,變更,11509
28404545,統量電能股份有限公司,新北市汐止區康寧街169巷31號8樓之2,陳帝生,237282120,95/09/20,115/09/16,特殊補正,F113110 電池批發業；F213110 電池零售業；F401010 國際貿易業；CC01090 電池製造業；F113020 電器批發業；F213010 電器零售業；F118010 資訊軟體批發業；F218010 資訊軟體零售業；F109070 文教、樂器、育樂用品批發業；F209060 文教、樂器、育樂用品零售業,新北市,變更,11509
28410552,英屬維京群島商祥茂光電科技股份有限公司,新北市林口區工四路18號,林誌祥,8704908110,96/02/02,115/09/14,一般補正案,CC01080 電子零組件製造業；F119010 電子材料批發業；F401010 國際貿易業,新北市,變更,11509
28428722,圓展科技股份有限公司,新北市土城區永寧里大安路157號8樓,郭重松,929199500,97/01/07,115/09/15,改派董事/監察人,CC01030 電器及視聽電子產品製造業；CC01060 有線通信機械器材製造業；CC01070 無線通信機械器材製造業；CC01080 電子零組件製造業；CC01110 電腦及其週邊設備製造業；CC01990 其他電機及電子機械器材製造業；CD01030 汽車及其零件製造業；CE01010 一般儀器製造業；CE01030 光學儀器製造業；CB01990 其他機械製造業,新北市,變更,11509
28454642,威群開發建設股份有限公司,新北市新店區安興路127之3號(1樓),林榮宏,25000000,95/12/07,115/09/08,申登機關變更（遷入，含卷）,F105050 家具、寢具、廚房器具、裝設品批發業；F106010 五金批發業；F106020 日常用品批發業；F106070 祭祀用品批發業；F109070 文教、樂器、育樂用品批發業；F111090 建材批發業；F113020 電器批發業；F401010 國際貿易業；H701010 住宅及大樓開發租售業；H701030 殯葬場所開發租售業,新北市,變更,11509
28466605,數字科技股份有限公司,新北市三重區重新路五段609巷12號10樓,廖世芳,603100500,96/01/23,115/09/15,其他減資,CC01110 電腦及其週邊設備製造業；CC01120 資料儲存媒體製造及複製業；F109070 文教、樂器、育樂用品批發業；F113020 電器批發業；F113050 電腦及事務性機器設備批發業；F113070 電信器材批發業；F118010 資訊軟體批發業；F119010 電子材料批發業；F209060 文教、樂器、育樂用品零售業；F213010 電器零售業,新北市,變更,11509
28477357,德必碁生物科技股份有限公司,新北市汐止區大同路1段237號13樓之1,張世忠,260000000,96/03/13,115/09/18,特殊補正,IG01010 生物技術服務業；F401010 國際貿易業；F107070 動物用藥品批發業；F108031 醫療器材批發業；F207070 動物用藥零售業；F208031 醫療器材零售業；CF01011 醫療器材製造業；ZZ99999 除許可業務外，得經營法令非禁止或限制之業務,新北市,變更,11509
28512636,德明萬銀科技股份有限公司,新北市土城區頂埔街15號(1樓),,15000000,95/11/02,115/09/07,解散,ZZ99999 除許可業務外，得經營法令非禁止或限制之業務；F113020 電器批發業；F213010 電器零售業；F119010 電子材料批發業；F219010 電子材料零售業；F401010 國際貿易業,新北市,變更,11509
28530579,譚融金屬有限公司,新北市蘆洲區中山一路95巷20弄15號2樓,楊建村,1000000,95/11/30,115/09/23,股東出資轉讓修正章程,CD01030 汽車及其零件製造業；CD01040 機車及其零件製造業；F114030 汽、機車零件配備批發業；CA01120 銅鑄造業；CA01130 銅材軋延、伸線、擠型業；CA02030 螺絲、螺帽、螺絲釘、及鉚釘等製品製造業；CA02080 金屬鍛造業；F106010 五金批發業；F113010 機械批發業；F119010 電子材料批發業,新北市,變更,11509
28553798,鑫兆國際有限公司,新北市土城區新洲路100號3樓,林怡颯,9000000,96/01/03,115/09/18,公司所營事業變更修正章程,CA02990 其他金屬製品製造業；F106010 五金批發業；F119010 電子材料批發業；F105050 家具、寢具、廚房器具、裝設品批發業；F401010 國際貿易業；F106030 模具批發業；F111090 建材批發業；CA02010 金屬結構及建築組件製造業；CA02090 金屬線製品製造業；CB01990 其他機械製造業,新北市,變更,11509
28563374,碩聯科技有限公司,新北市新店區寶橋路235巷16號,余宗哲,29990000,96/01/18,115/09/18,修正章程,IZ99990 其他工商服務業；F113020 電器批發業；F106010 五金批發業；F119010 電子材料批發業；JA01010 汽車修理業；JA01990 其他汽車服務業；F401010 國際貿易業；JE01010 租賃業；ZZ99999 除許可業務外，得經營法令非禁止或限制之業務,新北市,變更,11509
28566219,大陸金屬有限公司,新北市板橋區成和里金門街109巷7號,邱珠佩,1000000,96/01/23,115/09/16,改推董事/董事長,ZZ99999 除許可業務外，得經營法令非禁止或限制之業務,新北市,變更,11509
28567287,映輝國際有限公司,新北市新莊區豐盛一街36號10樓,葛東輝,4000000,96/01/24,115/09/15,特殊補正,F113050 電腦及事務性機器設備批發業；F116010 照相器材批發業；F118010 資訊軟體批發業；F401010 國際貿易業；JZ99030 攝影業；JZ99090 喜慶綜合服務業；ZZ99999 除許可業務外，得經營法令非禁止或限制之業務；J301010 報紙業；J302010 通訊稿業；J303010 雜誌（期刊）出版業,新北市,變更,11509
28568547,宏頂電氣工程有限公司,新北市樹林區備內街1巷12號11樓,林紀宏,67000000,96/01/25,115/09/08,董事/股東地址變更,E601010 電器承裝業；E601020 電器安裝業；E603010 電纜安裝工程業；E603040 消防安全設備安裝工程業；E603050 自動控制設備工程業；E603090 照明設備安裝工程業；E603130 燃氣熱水器承裝業；E599010 配管工程業；E801070 廚具、衛浴設備安裝工程業；F106040 水器材料批發業,新北市,變更,11509
28573210,兆科科技有限公司,新北市新莊區幸福東路62號7樓,廖志盛,94000000,96/02/02,115/09/07,減少所營事業變更修正章程,C801100 合成樹脂及塑膠製造業；CC01110 電腦及其週邊設備製造業；F113050 電腦及事務性機器設備批發業；F119010 電子材料批發業；F120010 耐火材料批發業；F199010 回收物料批發業；F107200 化學原料批發業；F108040 化粧品批發業；F401010 國際貿易業,新北市,變更,11509
28586566,利豐菌生物科技有限公司,新北市新莊區民安西路212巷1弄12號5樓,黃鷹,1000000,96/03/02,115/09/21,股東出資轉讓修正章程,F102170 食品什貨批發業；F103010 飼料批發業；F107050 肥料批發業；F202010 飼料零售業；F203010 食品什貨、飲料零售業；F207050 肥料零售業；F401010 國際貿易業；I101090 食品顧問業；IG01010 生物技術服務業；C199990 未分類其他食品製造業,新北市,變更,11509
28625934,絕享設計工程有限公司,新北市中和區圓通路158巷5弄1號5樓,張寶慧,3500000,96/03/21,115/09/09,特殊補正,E801010 室內裝潢業；I503010 景觀、室內設計業；F111090 建材批發業；F211010 建材零售業；E801020 門窗安裝工程業；E801030 室內輕鋼架工程業；E801040 玻璃安裝工程業；E801070 廚具、衛浴設備安裝工程業；E901010 油漆工程業；E599010 配管工程業,新北市,變更,11509
28649458,明鈞超音波機械股份有限公司,新北市三重區仁愛街315巷70號1樓,魏畢烈,10000000,96/04/23,115/09/23,特殊補正,,新北市,變更,11509
28653207,天陽設計有限公司,新北市板橋區四維路269巷79之1號,江立偉,500000,96/04/26,115/09/16,股東出資轉讓修正章程,ZZ99999 除許可業務外，得經營法令非禁止或限制之業務；IZ12010 人力派遣業,新北市,變更,11509
28653781,森崴能源股份有限公司,新北市土城區中央路4段49號,郭台強,2746429020,96/04/27,115/09/10,補繳規費,E604010 機械安裝業；EZ03010 鎔爐安裝業；E603110 冷作工程業；EZ15010 保溫、保冷安裝工程業；EZ99990 其他工程業；A102080 園藝服務業；EZ05010 儀器、儀表安裝工程業；E603050 自動控制設備工程業；EZ02010 起重工程業；F113010 機械批發業,新北市,變更,11509
28667286,新錩工業有限公司,新北市五股區成泰路3段216號,陳福健,6000000,96/05/17,115/09/24,公司所營事業變更修正章程,ZZ99999 除許可業務外，得經營法令非禁止或限制之業務；F106010 五金批發業；F106030 模具批發業；F206010 五金零售業；F206030 模具零售業；F401010 國際貿易業；CA01030 鋼鐵鑄造業；CA02060 金屬容器製造業；CA02990 其他金屬製品製造業；CO01010 餐具製造業,新北市,變更,11509
28669432,宇盛光電有限公司,新北市中和區連城路456巷2弄5號,張耀文,1000000,96/05/22,115/09/24,公司所在地,CA02030 螺絲、螺帽、螺絲釘、及鉚釘等製品製造業；CA02060 金屬容器製造業；CA02090 金屬線製品製造業；CA04010 表面處理業；CC01010 發電、輸電、配電機械製造業；CC01030 電器及視聽電子產品製造業；CC01060 有線通信機械器材製造業；CC01070 無線通信機械器材製造業；CC01080 電子零組件製造業；CC01110 電腦及其週邊設備製造業,新北市,變更,11509
28692861,松炎網路行銷有限公司,新北市林口區仁愛路2段502號7樓之6,鄭錦聰,5000000,96/07/10,115/09/01,特殊補正,F118010 資訊軟體批發業；F218010 資訊軟體零售業；I301010 資訊軟體服務業；I301020 資料處理服務業；I301030 電子資訊供應服務業；ZZ99999 除許可業務外，得經營法令非禁止或限制之業務,新北市,變更,11509
28694278,品凱科技股份有限公司,新北市汐止區新台五路1段93號28樓之1,蔡明宏,92235000,96/07/16,115/09/14,增資(資本總額),F113020 電器批發業；F113030 精密儀器批發業；F113050 電腦及事務性機器設備批發業；F118010 資訊軟體批發業；F119010 電子材料批發業；F213010 電器零售業；F213030 電腦及事務性機器設備零售業；F213040 精密儀器零售業；F218010 資訊軟體零售業；F219010 電子材料零售業,新北市,變更,11509
28702951,銅銦投資股份有限公司,新北市永和區中山路1段155號3樓,林一帆,105175000,96/08/22,115/09/10,特殊補正,H201010 一般投資業,新北市,變更,11509
28707111,豪霆發展有限公司,新北市中和區景新街340號6樓,何汶權,2000000,96/09/04,115/09/15,公司所營事業變更修正章程,F401010 國際貿易業；J303010 雜誌（期刊）出版業；J304010 圖書出版業；J305010 有聲出版業；J399990 其他出版業；J601010 藝文服務業；J602010 演藝活動業；ZZ99999 除許可業務外，得經營法令非禁止或限制之業務；F209060 文教、樂器、育樂用品零售業；F109070 文教、樂器、育樂用品批發業,新北市,變更,11509
28707718,大員開發事業股份有限公司,新北市三重區重新路5段609巷14號8樓之12,梁秀卿,1320000000,96/09/07,115/09/03,修正章程,F201070 花卉零售業；F203010 食品什貨、飲料零售業；F203020 菸酒零售業；F204110 布疋、衣著、鞋、帽、傘、服飾品零售業；F206020 日常用品零售業；F208040 化粧品零售業；F209060 文教、樂器、育樂用品零售業；F215010 首飾及貴金屬零售業；F401010 國際貿易業；F501030 飲料店業,新北市,變更,11509
28711889,誠陽實驗室設備有限公司,新北市八里區博物館路179號(1樓),林佳緯,15000000,96/09/27,115/09/21,公司所在地,F105050 家具、寢具、廚房器具、裝設品批發業；F106010 五金批發業；F106020 日常用品批發業；F109070 文教、樂器、育樂用品批發業；F113010 機械批發業；F113030 精密儀器批發業；F205040 家具、寢具、廚房器具、裝設品零售業；F206010 五金零售業；F206020 日常用品零售業；F401010 國際貿易業,新北市,變更,11509
28714062,千承事業有限公司,新北市中和區中正路700號5樓之1,高淑惠,500000,96/10/03,115/09/10,申登機關變更（遷入，含卷）,J101010 建築物清潔服務業；J101020 病媒防治業；J101030 廢棄物清除業；J101040 廢棄物處理業；J101050 環境檢測服務業；J101090 廢棄物清理業；F106020 日常用品批發業；F107030 清潔用品批發業；F206020 日常用品零售業；F207030 清潔用品零售業,新北市,變更,11509
28718551,京都同仁堂生物科技股份有限公司,新北市中和區橋安街12號9樓,李炳瑩,6500000,96/10/22,115/09/14,特殊補正,F102030 菸酒批發業；F102040 飲料批發業；F102050 茶葉批發業；F102170 食品什貨批發業；F104110 布疋、衣著、鞋、帽、傘、服飾品批發業；F106020 日常用品批發業；F107070 動物用藥品批發業；F108040 化粧品批發業；F208040 化粧品零售業；F399040 無店面零售業,新北市,變更,11509
28733011,力士科技股份有限公司,新北市新莊區思源路555號(24樓),鍾明道,369403600,96/06/11,115/09/01,可轉換公司債換發新股,CC01080 電子零組件製造業；F119010 電子材料批發業；F401010 國際貿易業；I301010 資訊軟體服務業；I501010 產品設計業；ZZ99999 除許可業務外，得經營法令非禁止或限制之業務,新北市,變更,11509
28741899,宏金熊國際股份有限公司,新北市三重區重新路5段609巷6號3樓之9,謝文競,10000000,96/06/23,115/09/16,董事/監察人持股變動報備,C306010 成衣業；C307010 服飾品製造業；C399990 其他紡織及製品製造業；CH01010 體育用品製造業；CH01030 文具製造業；CH01040 玩具製造業；CJ01010 製帽業；CK01010 製鞋業；CM01010 箱、包、袋製造業；F104110 布疋、衣著、鞋、帽、傘、服飾品批發業,新北市,變更,11509
28746000,錦鯉優勢有限公司,新北市板橋區中正路41號3樓,朱怡馨,5000000,96/06/29,115/09/24,改推董事/董事長,F106010 五金批發業；F106020 日常用品批發業；F107030 清潔用品批發業；F109070 文教、樂器、育樂用品批發業；F111090 建材批發業；F113050 電腦及事務性機器設備批發業；F106030 模具批發業；F106040 水器材料批發業；F113030 精密儀器批發業；F113010 機械批發業,新北市,變更,11509
28750313,豐威貿易有限公司,新北市瑞芳區靜安路4段58號,張龍清,3000000,96/07/05,115/09/11,減少所營事業變更修正章程,F102030 菸酒批發業；F102170 食品什貨批發業；F199990 其他批發業；F203020 菸酒零售業；F203010 食品什貨、飲料零售業；F299990 其他零售業；F401010 國際貿易業；ZZ99999 除許可業務外，得經營法令非禁止或限制之業務,新北市,變更,11509
28756301,維華建設有限公司,新北市淡水區中山路123號6樓,孫榆生,6200000,96/07/16,115/09/16,公司所在地,H701010 住宅及大樓開發租售業；H703090 不動產買賣業；H703100 不動產租賃業；ZZ99999 除許可業務外，得經營法令非禁止或限制之業務,新北市,變更,11509
28771611,亞仕達科技股份有限公司,新北市土城區中央路4段2號4樓之3,黃紹綸,73527000,96/08/07,115/09/23,公司所在地,ZZ99999 除許可業務外，得經營法令非禁止或限制之業務；F113010 機械批發業；F113030 精密儀器批發業；F113050 電腦及事務性機器設備批發業；F113070 電信器材批發業；F118010 資訊軟體批發業；F119010 電子材料批發業；F213030 電腦及事務性機器設備零售業；F213040 精密儀器零售業；F213080 機械器具零售業,新北市,變更,11509
28778234,秉宸科技有限公司,新北市樹林區保安街1段29號,籃紫瑄,10000000,96/08/16,115/09/22,特殊補正,ZZ99999 除許可業務外，得經營法令非禁止或限制之業務,新北市,變更,11509
28784974,紹文資訊有限公司,新北市林口區文化二路1段285號4樓之3,藍洪玉珍,20000000,96/08/28,115/09/10,特殊補正,I301010 資訊軟體服務業；I301030 電子資訊供應服務業；IZ12010 人力派遣業；F113010 機械批發業；F113030 精密儀器批發業；F113050 電腦及事務性機器設備批發業；F118010 資訊軟體批發業；F213040 精密儀器零售業；F213050 度量衡器零售業；F213080 機械器具零售業,新北市,變更,11509
28797632,萬事泰有限公司,新北市三重區集英路101號7樓,林千惠,5000000,96/09/20,115/09/02,公司外文名稱登記修正章程,F113020 電器批發業；F113070 電信器材批發業；F119010 電子材料批發業；F213010 電器零售業；F213060 電信器材零售業；F219010 電子材料零售業；F105050 家具、寢具、廚房器具、裝設品批發業；F106010 五金批發業；F205040 家具、寢具、廚房器具、裝設品零售業；F206010 五金零售業,新北市,變更,11509
28799358,榛友國際有限公司,新北市板橋區漢生西路58巷18之3號,袁台麗,10000000,96/09/26,115/09/03,增資,F213080 機械器具零售業；F206010 五金零售業；F211010 建材零售業；F213100 污染防治設備零售業；F219010 電子材料零售業；F401010 國際貿易業；E603050 自動控制設備工程業；I103060 管理顧問業；F113010 機械批發業；F106010 五金批發業,新北市,變更,11509
28803901,偉豐聯合食品有限公司,新北市鶯歌區中正二路155之2號(1樓),林孟君,1000000,96/10/03,115/09/09,改推董事/董事長,F102170 食品什貨批發業；ZZ99999 除許可業務外，得經營法令非禁止或限制之業務,新北市,變更,11509
28810852,新浦樂生化科技股份有限公司,新北市林口區文化二路1段376巷2號8樓之2,葉明昇,78000000,96/10/16,115/09/22,發行新股,C805010 塑膠皮、布、板、管材製造業；C805020 塑膠膜、袋製造業；C805030 塑膠日用品製造業；C805050 工業用塑膠製品製造業；C805060 塑膠皮製品製造業；C805070 強化塑膠製品製造業；C805990 其他塑膠製品製造業；CO01010 餐具製造業；CZ99990 未分類其他工業製品製造業；F102170 食品什貨批發業,新北市,變更,11509
28819447,國陽物流有限公司,新北市新店區北新路2段262號3樓之3,林德錦,25000000,96/10/30,115/09/29,特殊補正,G101061 汽車貨運業；G801010 倉儲業；G799990 其他運輸輔助業；IZ06010 理貨包裝業；IZ12010 人力派遣業；JZ99050 仲介服務業；IZ99990 其他工商服務業；F114010 汽車批發業；F214010 汽車零售業；I301020 資料處理服務業,新北市,變更,11509
28832125,畢凱投資股份有限公司,新北市新莊區中正路46巷6號,張永宗,1300000,96/12/13,115/09/01,額定資本額增加變更章程,H201010 一般投資業,新北市,變更,11509
28833497,音樂達視聽錄音有限公司,新北市新店區安康路1段76巷7弄2號,黃宗一,1500000,96/12/18,115/09/22,改推董事/董事長,J503010 廣播節目製作業；J503020 電視節目製作業；J503030 廣播電視節目發行業；J503040 廣播電視廣告業；ZZ99999 除許可業務外，得經營法令非禁止或限制之業務,新北市,變更,11509
28836430,煦成企業有限公司,新北市汐止區大同路3段196之9號5樓,李得煌,10000000,96/12/28,115/09/15,公司所營事業變更修正章程,E599010 配管工程業；E601010 電器承裝業；E601020 電器安裝業；E603090 照明設備安裝工程業；F113020 電器批發業；F213010 電器零售業；IG03010 能源技術服務業；ZZ99999 除許可業務外，得經營法令非禁止或限制之業務；CC01060 有線通信機械器材製造業；CC01070 無線通信機械器材製造業,新北市,變更,11509
28861824,昇達設計股份有限公司,新北市新店區民權路108號9樓,芮嘉誠JASON ANDRE RAY,25000000,97/04/18,115/09/17,特殊補正,F401010 國際貿易業；I501010 產品設計業；ZZ99999 除許可業務外，得經營法令非禁止或限制之業務,新北市,變更,11509
28863338,翰強生物科技股份有限公司,新北市淡水區中正東路2段27之6號12樓,郭惠凱,10000000,97/04/24,115/09/30,改選董事/監察人(一人法人股東指派董事/監察人),F108031 醫療器材批發業；F208031 醫療器材零售業；F106020 日常用品批發業；F206020 日常用品零售業；F102170 食品什貨批發業；F102040 飲料批發業；F203010 食品什貨、飲料零售業；F108040 化粧品批發業；F208040 化粧品零售業；F107200 化學原料批發業,新北市,變更,11509
28870041,九樽企業有限公司,新北市林口區中華一路83號,陳幸逸,3900000,97/05/19,115/09/08,申登機關變更（遷入，含卷）,F102030 菸酒批發業；F102170 食品什貨批發業；F104110 布疋、衣著、鞋、帽、傘、服飾品批發業；F105050 家具、寢具、廚房器具、裝設品批發業；F107030 清潔用品批發業；F108040 化粧品批發業；F203010 食品什貨、飲料零售業；F203020 菸酒零售業；F204110 布疋、衣著、鞋、帽、傘、服飾品零售業；F205040 家具、寢具、廚房器具、裝設品零售業,新北市,變更,11509
28882877,金邊國際有限公司,新北市板橋區溪北路10號3樓,黃希聖,1000000,96/11/22,115/09/21,改推董事/董事長,F106010 五金批發業；F106030 模具批發業；F108040 化粧品批發業；F113020 電器批發業；F113050 電腦及事務性機器設備批發業；F113070 電信器材批發業；F113090 交通標誌器材批發業；F114010 汽車批發業；F114020 機車批發業；F114030 汽、機車零件配備批發業,新北市,變更,11509
28905288,原福建設股份有限公司,新北市土城區員福街2號4樓,林士禎,72000000,96/12/28,115/09/18,特殊補正,E801010 室內裝潢業；E801020 門窗安裝工程業；E801030 室內輕鋼架工程業；E801040 玻璃安裝工程業；E801070 廚具、衛浴設備安裝工程業；F211010 建材零售業；F401010 國際貿易業；H701010 住宅及大樓開發租售業；H701020 工業廠房開發租售業；H703090 不動產買賣業,新北市,變更,11509
28907650,貫衡實業股份有限公司,新北市永和區民享街18號4樓,林姿慧,1000000,97/01/03,115/09/17,特殊補正,E801010 室內裝潢業；E801020 門窗安裝工程業；E801030 室內輕鋼架工程業；E901010 油漆工程業；F211010 建材零售業；F106010 五金批發業；I503010 景觀設計業；F111090 建材批發業；ZZ99999 除許可業務外，得經營法令非禁止或限制之業務,新北市,變更,11509
28909171,猶太投資有限公司,新北市五股區五工路103號(3樓),徐大猷,10000000,97/01/07,115/09/16,特殊補正,H201010 一般投資業,新北市,變更,11509
28917453,臺灣新大陸資訊科技股份有限公司,新北市中和區連城路268號7樓之6,王晶,25681030,97/01/21,115/09/11,特殊補正,F113050 電腦及事務性機器設備批發業(限中華民國行業標準分類4641電腦及其週邊設備、軟體批發業及4644辦公用機械器具批發業)；F118010 資訊軟體批發業(限中華民國行業標準分類4641電腦及其週邊設備、軟體批發業)；F119010 電子材料批發業(限中華民國行業標準分類4642電子設備及其零組件批發業)；F213030 電腦及事務性機器設備零售業(限中華民國行業標準分類4831電腦及其週邊設備、軟體零售業)；F218010 資訊軟體零售業(限中華民國行業標準分類4831電腦及其週邊設備、軟體零售業)；F401021 電信管制射頻器材輸入業(限中華民國行業標準分類4642電子設備及其零組件批發業)；F113070 電信器材批發業(限中華民國行業標準分類4642電子設備及其零組件批發業),新北市,變更,11509
28920062,宇德興業股份有限公司,新北市汐止區新台五路1段90號17樓,林恩同,10000000,97/01/25,115/09/07,改選董事/監察人(一人法人股東指派董事/監察人),ZZ99999 除許可業務外，得經營法令非禁止或限制之業務,新北市,變更,11509
28927446,平果投資有限公司,新北市永和區福和路126號9樓,徐培蕙,1000000,97/02/13,115/09/23,減資,H201010 一般投資業,新北市,變更,11509
28951775,雷笛克光學股份有限公司,新北市中和區中原里板南路655號15樓,唐德龍,563038310,97/03/27,115/09/07,可轉換公司債換發新股,CC01040 照明設備製造業；CC01080 電子零組件製造業；CD01030 汽車及其零件製造業；CE01030 光學儀器製造業；F114030 汽、機車零件配備批發業；F119010 電子材料批發業；F213090 交通標誌器材零售業；F219010 電子材料零售業；F401010 國際貿易業；ZZ99999 除許可業務外，得經營法令非禁止或限制之業務,新北市,變更,11509
28953324,保達投資股份有限公司,新北市中和區中正路829號14樓之3,陳立白,10000000,97/03/31,115/09/21,改選董事/監察人(一人法人股東指派董事/監察人),H201010 一般投資業,新北市,變更,11509
28968179,金洪利實業股份有限公司,新北市中和區建三路46號(1樓),楊秋密,50000000,97/04/18,115/09/21,改選董事/監察人(一人法人股東指派董事/監察人),F101050 水產品批發業；F401010 國際貿易業；A301030 水產養殖業；C103050 罐頭、冷凍、脫水及醃漬食品製造業；F102170 食品什貨批發業；ZZ99999 除許可業務外，得經營法令非禁止或限制之業務,新北市,變更,11509
29034319,新采生物科技股份有限公司,新北市新店區北新路3段213號13樓,林信一,39011360,97/06/04,115/09/17,特殊補正,F108040 化粧品批發業；F208040 化粧品零售業；F208050 乙類成藥零售業；F209060 文教、樂器、育樂用品零售業；F207030 清潔用品零售業；F109070 文教、樂器、育樂用品批發業；F107030 清潔用品批發業；H703100 不動產租賃業；JE01010 租賃業；I401010 一般廣告服務業,新北市,變更,11509
29061119,杭橙光學股份有限公司,新北市五股區五工一路115號,金克恕,29001050,97/09/22,115/09/17,特殊補正,CE01030 光學儀器製造業；F119010 電子材料批發業；F219010 電子材料零售業；CE01990 其他光學及精密器械製造業；CC01080 電子零組件製造業；F401010 國際貿易業；ZZ99999 除許可業務外，得經營法令非禁止或限制之業務；I103060 管理顧問業；I199990 其他顧問服務業,新北市,變更,11509
29081831,佳釀股份有限公司,新北市汐止區中興路43號6樓,江哲民,262360000,97/04/24,115/09/08,改派董事/監察人,F102030 菸酒批發業；F203020 菸酒零售業；F401010 國際貿易業；F401171 酒類輸入業；G801010 倉儲業；JZ99050 仲介服務業；JE01010 租賃業；F102020 食用油脂批發業；F203010 食品什貨、飲料零售業；ZZ99999 除許可業務外，得經營法令非禁止或限制之業務,新北市,變更,11509
29099017,喬治費歇爾股份有限公司,新北市三重區光復路2段69號8樓,沃夫岡(Wolfgang Claus Dornfeld),1000000,97/05/23,115/09/11,改派董事/監察人,C805990 其他塑膠製品製造業；CA02050 閥類製造業；F106040 水器材料批發業；F206040 水器材料零售業；F113010 機械批發業；F213080 機械器具零售業；F107990 其他化學製品批發業；F207990 其他化學製品零售業；F106010 五金批發業；F206010 五金零售業,新北市,變更,11509
29108418,喬生科技有限公司,新北市新莊區中正路651之9號9樓,黃理貞,25000000,97/06/09,115/09/09,股東出資轉讓修正章程,F109070 文教、樂器、育樂用品批發業；F116010 照相器材批發業；F401010 國際貿易業；ZZ99999 除許可業務外，得經營法令非禁止或限制之業務；CC01040 照明設備製造業；CC01080 電子零組件製造業；CC01110 電腦及其週邊設備製造業；CC01990 其他電機及電子機械器材製造業；CE01030 光學儀器製造業；CE01990 其他光學及精密器械製造業,新北市,變更,11509
29118485,數宇科技顧問有限公司,新北市板橋區中山路1段50巷22號(1樓),倪紀雄,10000000,97/06/25,115/09/29,股東出資轉讓修正章程,ZZ99999 除許可業務外，得經營法令非禁止或限制之業務；I103060 管理顧問業；I301010 資訊軟體服務業；I301020 資料處理服務業；I301030 電子資訊供應服務業；I401010 一般廣告服務業；I501010 產品設計業；F113050 電腦及事務性機器設備批發業；F118010 資訊軟體批發業；H703090 不動產買賣業,新北市,變更,11509
29134696,銳志工程有限公司,新北市蘆洲區中央路99號2樓,,5000000,99/01/27,115/09/09,解散,E401010 疏濬業；E599010 配管工程業；E801010 室內裝潢業；E901010 油漆工程業；EZ02010 起重工程業；F106040 水器材料批發業；F113020 電器批發業；J101060 廢（污）水處理業；J101080 資源回收業；J101090 廢棄物清理業,新北市,變更,11509
29135647,醫揚科技股份有限公司,新北市新店區寶橋路235巷135號4樓,莊永順,428207450,99/02/02,115/09/01,特殊補正,CC01080 電子零組件製造業；CC01100 電信管制射頻器材製造業；CC01110 電腦及其週邊設備製造業；CC01120 資料儲存媒體製造及複製業；CE01010 一般儀器製造業；CF01011 醫療器材製造業；E605010 電腦設備安裝業；EZ05010 儀器、儀表安裝工程業；F108031 醫療器材批發業；F113030 精密儀器批發業,新北市,變更,11509
29146270,阮的肉干有限公司,新北市三重區重新路4段27號(1樓),阮啓偉,12500000,99/04/01,115/09/08,增資,F102170 食品什貨批發業；F203010 食品什貨、飲料零售業；F206020 日常用品零售業；F399040 無店面零售業；F401010 國際貿易業；C199990 未分類其他食品製造業；I501010 產品設計業；ZZ99999 除許可業務外，得經營法令非禁止或限制之業務,新北市,變更,11509
29146763,元善有限公司,新北市新店區民權路88之2號7樓,張至滿,5000000,99/04/02,115/09/23,公司所在地,F107020 染料、顏料批發業；F107990 其他化學製品批發業；F119010 電子材料批發業；F207020 染料、顏料零售業；F207990 其他化學製品零售業；F401010 國際貿易業；F107170 工業助劑批發業；F106010 五金批發業；F207170 工業助劑零售業；F206010 五金零售業,新北市,變更,11509
29147411,翃田企業有限公司,新北市汐止區新台五路1段79號3樓之8,蔡淵順,1000000,99/04/07,115/09/23,特殊補正,F401010 國際貿易業；IZ06010 理貨包裝業；IZ99990 其他工商服務業；ZZ99999 除許可業務外，得經營法令非禁止或限制之業務,新北市,變更,11509
29154242,禾悅環境股份有限公司,新北市八里區忠孝路379號4樓,張雅婷,6380000,99/05/05,115/09/29,改選董事/監察人(一人法人股東指派董事/監察人),F111090 建材批發業；F106010 五金批發業；B601010 土石採取業；J101010 建築物清潔服務業；J101030 廢棄物清除業；J101040 廢棄物處理業；E901010 油漆工程業；F401010 國際貿易業；CB01030 污染防治設備製造業；F113100 污染防治設備批發業,新北市,變更,11509
29155039,晉大興業有限公司,新北市三重區大智街17之3號,李清陽,4000000,99/05/11,115/09/09,公司所在地,F113990 其他機械器具批發業；F213990 其他機械器具零售業；F113010 機械批發業；F213080 機械器具零售業；F113020 電器批發業；F213010 電器零售業；F199990 其他批發業；F299990 其他零售業；F106010 五金批發業；F206010 五金零售業,新北市,變更,11509
29162073,綠芽企業股份有限公司,新北市新莊區新北大道3段7號20樓之3,黃世銓,10000000,99/06/11,115/09/18,公司所在地,I401010 一般廣告服務業；I501010 產品設計業；I599990 其他設計業；F399040 無店面零售業；F401010 國際貿易業；ZZ99999 除許可業務外，得經營法令非禁止或限制之業務；F102030 菸酒批發業；F203020 菸酒零售業；F401171 酒類輸入業,新北市,變更,11509
29166660,普瑞達實業有限公司,新北市新莊區新北大道3段7號8樓之2,陳義強,10000000,99/06/29,115/09/08,股東出資轉讓修正章程,F102170 食品什貨批發業；F107200 化學原料批發業；F107990 其他化學製品批發業；F203010 食品什貨、飲料零售業；F207200 化學原料零售業；F207990 其他化學製品零售業；F401010 國際貿易業；I101090 食品顧問業；ZZ99999 除許可業務外，得經營法令非禁止或限制之業務,新北市,變更,11509
29166958,貫騰實業有限公司,新北市新莊區壽山路33之15號,許世樺,42000000,99/07/01,115/09/29,特殊補正,F106010 五金批發業；F113050 電腦及事務性機器設備批發業；F118010 資訊軟體批發業；F119010 電子材料批發業；F213030 電腦及事務性機器設備零售業；F216010 照相器材零售業；F218010 資訊軟體零售業；F219010 電子材料零售業；F401010 國際貿易業；CA02030 螺絲、螺帽、螺絲釘、及鉚釘等製品製造業,新北市,變更,11509
29167014,先鋒高分子有限公司,新北市林口區工二區工五路3號,邹素慧,22000000,99/07/01,115/09/30,公司所在地,CQ01010 模具製造業；F106030 模具批發業；H701010 住宅及大樓開發租售業；H701020 工業廠房開發租售業；H703090 不動產買賣業；H703100 不動產租賃業；CC01110 電腦及其週邊設備製造業；CC01080 電子零組件製造業；CC01990 其他電機及電子機械器材製造業；CC01030 電器及視聽電子產品製造業,新北市,變更,11509
29167181,宏一科技有限公司,新北市汐止區建成路142巷17號4樓,江秉叡,2000000,99/07/01,115/09/16,公司所營事業變更修正章程,A102080 園藝服務業；C701010 印刷業；C703010 印刷品裝訂及加工業；E599010 配管工程業；E601010 電器承裝業；E601020 電器安裝業；E602011 冷凍空調工程業；E603050 自動控制設備工程業；E603090 照明設備安裝工程業；E605010 電腦設備安裝業,新北市,變更,11509
29168180,昱崴科技有限公司,新北市淡水區大忠街113巷22號,黃煜智,1000000,99/07/07,115/09/08,公司所營事業變更修正章程,I401010 一般廣告服務業；I501010 產品設計業；E801010 室內裝潢業；I301010 資訊軟體服務業；IZ10010 排版業；F212050 石油製品零售業；F213010 電器零售業；F213060 電信器材零售業；F213080 機械器具零售業；F213990 其他機械器具零售業,新北市,變更,11509
29172255,新興科智股份有限公司,新北市新店區北新路3段225號3樓,林美東,120000000,99/07/26,115/09/07,特殊補正,F601010 智慧財產權業；H202010 創業投資業；H702010 建築經理業；I102010 投資顧問業；I103060 管理顧問業；I199990 其他顧問服務業；I301010 資訊軟體服務業；I301020 資料處理服務業；I301030 電子資訊供應服務業；I501010 產品設計業,新北市,變更,11509
29173515,聯銓國際股份有限公司,新北市新莊區中正路803巷57號(2樓),林健勝,5000000,99/08/02,115/09/11,改選董事/監察人(一人法人股東指派董事/監察人),F113050 電腦及事務性機器設備批發業；F118010 資訊軟體批發業；F213030 電腦及事務性機器設備零售業；F218010 資訊軟體零售業；ZZ99999 除許可業務外，得經營法令非禁止或限制之業務,新北市,變更,11509
29173590,君立建設股份有限公司,新北市新店區北新路2段262號3樓之3,劉真希,3000000,99/08/02,115/09/07,特殊補正,I102010 投資顧問業；H701010 住宅及大樓開發租售業；H701020 工業廠房開發租售業；H701070 區段徵收及市地重劃代辦業；ZZ99999 除許可業務外，得經營法令非禁止或限制之業務；E801010 室內裝潢業,新北市,變更,11509
29175416,裕盛科技有限公司,新北市汐止區新台五路2段1號,林讚智,1850000,99/08/10,115/09/04,公司所營事業變更修正章程,F106020 日常用品批發業；F109070 文教、樂器、育樂用品批發業；F113020 電器批發業；F113050 電腦及事務性機器設備批發業；F116010 照相器材批發業；F118010 資訊軟體批發業；F206020 日常用品零售業；F209060 文教、樂器、育樂用品零售業；F213010 電器零售業；F213030 電腦及事務性機器設備零售業,新北市,變更,11509
29177126,金詠投資股份有限公司,新北市汐止區秀山路102巷28號(1樓),楊金坤,16880000,99/08/19,115/09/07,公司所在地,H201010 一般投資業,新北市,變更,11509
29181016,富麗國際置業有限公司,新北市三重區重新路5段525號7樓之1,劉彥成,3000000,99/09/08,115/09/18,修正章程,I501010 產品設計業；I599990 其他設計業；I401010 一般廣告服務業；I103060 管理顧問業；F601010 智慧財產權業；J601010 藝文服務業；J304010 圖書出版業；J399990 其他出版業；JB01010 會議及展覽服務業；J401010 電影片製作業,新北市,變更,11509
29614822,金吉昌五金機械股份有限公司,新北市林口區工二路7號,許麗鳳,25000000,60/12/15,115/09/02,董事/監察人持股變動報備,C805990 其他塑膠製品製造業；CA02990 其他金屬製品製造業；CB01010 機械設備製造業；CB01990 其他機械製造業；CC01010 發電、輸電、配電機械製造業。；E601010 電器承裝業；E601020 電器安裝業；E604010 機械安裝業。；F106010 五金批發業；F113010 機械批發業。,新北市,變更,11509
29736326,瑞龍橡膠工業股份有限公司,新北市林口區工二工業區工九路1之1號,洪伸賢,36000000,56/08/30,115/09/11,董事/監察人持股變動報備,C805990 其他塑膠製品製造業；C804990 其他橡膠製品製造業；F401010 國際貿易業；ZZ99999 除許可業務外，得經營法令非禁止或限制之業務,新北市,變更,11509
30011742,茂記五金股份有限公司,新北市五股區五權六路3號地下一樓,高士堯,15000000,85/05/31,115/09/16,特殊補正,CB01010 機械設備製造業；CP01010 手工具製造業；ZZ99999 除許可業務外，得經營法令非禁止或限制之業務,新北市,變更,11509
30921756,洋基工程股份有限公司,新北市林口區文化二路1段266號18樓之3,劉士源,1335469300,69/07/25,115/09/14,補繳規費,CC01010 發電、輸電、配電機械製造業；E501011 自來水管承裝商；E101011 綜合營造業；E599010 配管工程業；E601010 電器承裝業；E601020 電器安裝業；E602011 冷凍空調工程業；E603010 電纜安裝工程業；E603040 消防安全設備安裝工程業；E603050 自動控制設備工程業,新北市,變更,11509
30951483,金昌隆工業股份有限公司,新北市汐止區新台五路1段75號9樓之4,湯淑齡,135000000,70/07/16,115/09/17,發行新股,C803990 其他石油及煤製品製造業；F111090 建材批發業；JE01010 租賃業；F113100 污染防治設備批發業；CB01010 機械設備製造業；CB01030 污染防治設備製造業；E604010 機械安裝業；F113010 機械批發業；C901990 其他非金屬礦物製品製造業；B202010 非金屬礦業,新北市,變更,11509
30959041,林頂貿易股份有限公司,新北市汐止區新台五路1段79號11樓之9,張彩玉,38000000,70/10/23,115/09/07,改選董事/監察人(一人法人股東指派董事/監察人),F104110 布疋、衣著、鞋、帽、傘、服飾品批發業；F204110 布疋、衣著、鞋、帽、傘、服飾品零售業；F401010 國際貿易業；ZZ99999 除許可業務外，得經營法令非禁止或限制之業務,新北市,變更,11509
30988355,五路企業有限公司,新北市汐止區鄉長路2段6巷4號6樓,吳逸新,5000000,71/10/06,115/09/08,特殊補正,F401010 國際貿易業；H201010 一般投資業；F399040 無店面零售業；F209060 文教、樂器、育樂用品零售業；F109070 文教、樂器、育樂用品批發業；F204110 布疋、衣著、鞋、帽、傘、服飾品零售業；F206020 日常用品零售業；I301030 電子資訊供應服務業；IZ99990 其他工商服務業；ZZ99999 除許可業務外，得經營法令非禁止或限制之業務,新北市,變更,11509
31137678,逸品股份有限公司,新北市蘆洲區和平路114巷6號2樓,許秀蘭,29600000,69/10/08,115/09/03,改選董事/監察人(一人法人股東指派董事/監察人),C306010 成衣業；C307010 服飾品製造業；C399990 其他紡織及製品製造業；C401030 皮革、毛皮整製業；C402030 皮革、毛皮製品製造業；F104110 布疋、衣著、鞋、帽、傘、服飾品批發業；F105050 家具、寢具、廚房器具、裝設品批發業；F204110 布疋、衣著、鞋、帽、傘、服飾品零售業；F205040 家具、寢具、廚房器具、裝設品零售業；F401010 國際貿易業,新北市,變更,11509
31155372,正倡企業有限公司,新北市三重區環河南路257號2樓,胡梅玲,1000000,70/07/27,115/09/16,股東出資轉讓修正章程,ZZ99999 除許可業務外，得經營法令非禁止或限制之業務,新北市,變更,11509
33023004,大裕高級玻璃廠股份有限公司,新北市板橋區中山路2段482號,王宗彬,25100000,46/09/20,115/09/01,改選董事/監察人(一人法人股東指派董事/監察人),,新北市,變更,11509
33029464,中興電工機械股份有限公司,新北市中和區中正路801號3樓,江馥年,5031125150,51/05/23,115/09/01,經理人解任,C801100 合成樹脂及塑膠製造業；C805070 強化塑膠製品製造業；C901020 玻璃及玻璃製品製造業；CA01050 鋼材二次加工業；CA02060 金屬容器製造業；CA04010 表面處理業；CB01010 機械設備製造業；CB01030 污染防治設備製造業；CB01071 冷凍空調設備製造業；CC01010 發電、輸電、配電機械製造業,新北市,變更,11509
33147624,宜益股份有限公司,新北市淡水區民族路31巷32號13樓之6,林永富,20000000,59/12/28,115/09/21,改選董事/監察人(一人法人股東指派董事/監察人),F102030 菸酒批發業；CB01010 機械設備製造業；F113010 機械批發業；F213080 機械器具零售業；CB01990 其他機械製造業；F113990 其他機械器具批發業；F213990 其他機械器具零售業,新北市,變更,11509
33151458,忠義儀器有限公司,新北市中和區員山路514巷15號(1樓),陳信雄,6000000,61/07/19,115/09/18,股東出資轉讓修正章程,F107170 工業助劑批發業；F107200 化學原料批發業；F107990 其他化學製品批發業；F113030 精密儀器批發業；F401010 國際貿易業；ZZ99999 除許可業務外，得經營法令非禁止或限制之業務；F399990 其他綜合零售業；F207990 其他化學製品零售業；F213040 精密儀器零售業；F206020 日常用品零售業,新北市,變更,11509
33180600,隆昌窯業股份有限公司,新北市鶯歌區鶯桃路37號,周孫翁,120000000,56/01/14,115/09/16,董事/監察人持股變動報備,C805070 強化塑膠製品製造業；C901010 陶瓷及陶瓷製品製造業；C901070 石材製品製造業；C901990 其他非金屬礦物製品製造業；CA01120 銅鑄造業；CA01130 銅材軋延、伸線、擠型業；CA02050 閥類製造業；CA02990 其他金屬製品製造業；CC01030 電器及視聽電子產品製造業；CC01080 電子零組件製造業,新北市,變更,11509
33201035,恒昌工業股份有限公司,新北市三峽區溪東路56巷11號,謝光淮,3675000,57/07/13,115/09/08,特殊補正,C399990 其他紡織及製品製造業；CC01080 電子零組件製造業；CZ99990 未分類其他工業製品製造業；F211010 建材零售業；F401010 國際貿易業；H201010 一般投資業；H701010 住宅及大樓開發租售業；H701020 工業廠房開發租售業；I102010 投資顧問業；I103060 管理顧問業,新北市,變更,11509
33394407,福星煤氣有限公司,新北市板橋區實踐路93巷25號,朱美蘭,2500000,56/05/27,115/09/22,股東出資轉讓修正章程,,新北市,變更,11509
33433400,聯成紙器工業有限公司,新北市板橋區中山路1段285號1樓,王建隆,1000000,48/04/22,115/09/01,股東出資轉讓修正章程,,新北市,變更,11509
33689275,巨豐企業股份有限公司,新北市土城區大暖路73號,曾順龍,231391500,62/07/10,115/09/22,董事/監察人持股變動報備,,新北市,變更,11509
33706844,宏興製模廠股份有限公司,新北市三重區中正北路530巷7之1號2樓,李志偉,10000000,62/02/12,115/09/22,董事/監察人持股變動報備,CA02070 製鎖業；CA02990 其他金屬製品製造業；CB01010 機械設備製造業；CB01990 其他機械製造業；CQ01010 模具製造業；F113010 機械批發業；F113990 其他機械器具批發業；F106030 模具批發業；F213080 機械器具零售業；F213990 其他機械器具零售業,新北市,變更,11509
33724081,及成企業股份有限公司,新北市中和區建二路111號,張正寬,161800000,62/03/23,115/09/15,特殊補正,CE01030 光學儀器製造業；CE01990 其他光學及精密器械製造業；CC01030 電器及視聽電子產品製造業；CC01060 有線通信機械器材製造業；CC01070 無線通信機械器材製造業；CC01080 電子零組件製造業；CC01090 電池製造業；CC01110 電腦及其週邊設備製造業；CC01990 其他電機及電子機械器材製造業；CD01030 汽車及其零件製造業,新北市,變更,11509
33826720,澤宇實業股份有限公司,新北市三峽區添福12之11號,劉建顯,6000000,62/09/15,115/09/01,改選董事/監察人(一人法人股東指派董事/監察人),,新北市,變更,11509
33874428,昌立交通事業有限公司,新北市中和區員山路502之8號,邱文郁,4000000,66/10/17,115/09/30,改推董事/董事長,,新北市,變更,11509
33913082,六志工業股份有限公司,新北市鶯歌區甲三街17號,陳靜如,28000000,62/07/12,115/09/03,改選董事/監察人(一人法人股東指派董事/監察人),,新北市,變更,11509
33969901,合宏展工業有限公司,新北市土城區中山路14號,蘇世欽,29000000,64/12/19,115/09/29,股東出資轉讓修正章程,CF01011 醫療器材製造業；CA02010 金屬結構及建築組件製造業；CA02030 螺絲、螺帽、螺絲釘、及鉚釘等製品製造業；CA02060 金屬容器製造業；CA02990 其他金屬製品製造業；CP01010 手工具製造業；CQ01010 模具製造業；CZ99990 未分類其他工業製品製造業；CC01060 有線通信機械器材製造業；CC01080 電子零組件製造業,新北市,變更,11509
34000227,榮豐股份有限公司,新北市三重區光復路2段88巷37號,張世昕,20000000,62/08/16,115/09/21,改選董事/監察人(一人法人股東指派董事/監察人),CB01010 機械設備製造業；CB01990 其他機械製造業；F401010 國際貿易業；ZZ99999 除許可業務外，得經營法令非禁止或限制之業務,新北市,變更,11509
34005573,福蒙精密工業股份有限公司,新北市樹林區三俊街74巷39號1樓,陳逸松,56000000,63/06/06,115/09/23,改選董事/監察人(一人法人股東指派董事/監察人),,新北市,變更,11509
34008874,協能工業股份有限公司,新北市新莊區新樹路206巷16號,邱顯鏡,20000000,62/06/20,115/09/18,特殊補正,,新北市,變更,11509
34012722,佳興膠業有限公司,新北市新莊區復興路2段21巷5號,林文郎,4500000,63/08/03,115/09/23,股東出資轉讓修正章程,H701020 工業廠房開發租售業；H703100 不動產租賃業；C804020 工業用橡膠製品製造業；C804990 其他橡膠製品製造業；C805010 塑膠皮、布、板、管材製造業；C805050 工業用塑膠製品製造業；C805990 其他塑膠製品製造業；F401010 國際貿易業；H701010 住宅及大樓開發租售業；ZZ99999 除許可業務外，得經營法令非禁止或限制之業務,新北市,變更,11509
34019529,煇倫工業股份有限公司,新北市樹林區三俊街252巷11弄13號,,55000000,63/11/04,115/09/02,解散,,新北市,變更,11509
34119034,博厚企業股份有限公司,新北市土城區亞洲路90巷17號(1樓),謝金龍,9000000,64/04/02,115/09/10,董事(常務董事.董事長)/監察人解任,,新北市,變更,11509
34126823,群英企業股份有限公司,新北市土城區中華路1段36號10樓,王正吉,25000000,65/11/08,115/09/22,改選董事/監察人(一人法人股東指派董事/監察人),C805010 塑膠皮、布、板、管材製造業。；C805030 塑膠日用品製造業。；C805050 工業用塑膠製品製造業。；C805990 其他塑膠製品製造業（塑膠噴頭）。；CC01080 電子零組件製造業。；F106020 日常用品批發業。；F107990 其他化學製品批發業。（塑膠管、塑膠外殼）。,新北市,變更,11509
34141042,玖玖企業有限公司,新北市鶯歌區文化路427之3號1樓,林松輝,5000000,66/01/31,115/09/04,特殊補正,,新北市,變更,11509
34143941,泳巡企業股份有限公司,新北市土城區中央路3段126巷7號,何林桂櫻,12480000,65/12/27,115/09/23,改選董事/監察人(一人法人股東指派董事/監察人),C805050 工業用塑膠製品製造業；C805070 強化塑膠製品製造業；C805990 其他塑膠製品製造業；CC01080 電子零組件製造業；CC01110 電腦及其週邊設備製造業；CD01030 汽車及其零件製造業；CQ01010 模具製造業；F106030 模具批發業；F114030 汽、機車零件配備批發業；F119010 電子材料批發業,新北市,變更,11509
34157085,立安製衣事業股份有限公司,新北市板橋區民生路2段226巷8弄8號,黃奇輝,28000000,66/06/23,115/09/22,改選董事/監察人(一人法人股東指派董事/監察人),C306010 成衣業；C307010 服飾品製造業；C399990 其他紡織及製品製造業；F399990 其他綜合零售業；F401010 國際貿易業；ZZ99999 除許可業務外，得經營法令非禁止或限制之業務；H703100 不動產租賃業；H703090 不動產買賣業,新北市,變更,11509
34194357,台泉實業有限公司,新北市中和區秀朗路3段128巷1弄6之5號1樓,李振賢,2000000,66/12/31,115/09/04,公司所營事業變更修正章程,C701010 印刷業；C805050 工業用塑膠製品製造業；E801010 室內裝潢業；F105050 家具、寢具、廚房器具、裝設品批發業；F106010 五金批發業；F107200 化學原料批發業；F109070 文教、樂器、育樂用品批發業；F111090 建材批發業；F118010 資訊軟體批發業；F218010 資訊軟體零售業,新北市,變更,11509
34203588,大觀煤氣有限公司,新北市板橋區大觀路2段19巷68號,施柏宇,1600000,67/03/08,115/09/22,股東出資轉讓修正章程,,新北市,變更,11509
34216009,大千瀝青拌合廠股份有限公司,新北市鶯歌區中正一路阿四巷4之2號,呂柏璋,108650000,67/04/17,115/09/18,公司所營事業變更修正章程,C803990 其他石油及煤製品製造業；EZ99990 其他工程業；F112040 石油製品批發業；F212050 石油製品零售業；F401010 國際貿易業；F111090 建材批發業；F199010 回收物料批發業；F199990 其他批發業；J101010 建築物清潔服務業；J101030 廢棄物清除業,新北市,變更,11509
34270072,世久營造探勘工程股份有限公司,新北市汐止區新台五路1段81號7樓之1,黃子明,1200000000,68/04/26,115/09/18,發行新股,E101011 綜合營造業；E501011 自來水管承裝商；E601010 電器承裝業；ZZ99999 除許可業務外，得經營法令非禁止或限制之業務,新北市,變更,11509
34314304,柏榮實業有限公司,新北市永和區秀朗路2段54巷8號1樓,蘇榮坤,20000000,69/01/11,115/09/01,公司所營事業變更修正章程,C901020 玻璃及玻璃製品製造業；F105050 家具、寢具、廚房器具、裝設品批發業；F106050 陶瓷玻璃器皿批發業；F399040 無店面零售業；F401010 國際貿易業；F102040 飲料批發業；F102170 食品什貨批發業；F203010 食品什貨、飲料零售業；ZZ99999 除許可業務外，得經營法令非禁止或限制之業務；F102030 菸酒批發業,新北市,變更,11509
34319716,協敬企業股份有限公司,新北市中和區立德街148巷50號2樓,洪紹軒,5000000,69/03/22,115/09/09,特殊補正,,新北市,變更,11509
34475244,元翊企業有限公司,新北市新莊區福營路228號,王文龍,12400000,71/01/13,115/09/16,股東出資轉讓修正章程,C901990 其他非金屬礦物製品製造業；CA02010 金屬結構及建築組件製造業；CA02030 螺絲、螺帽、螺絲釘、及鉚釘等製品製造業；CA02040 彈簧製造業；CA02050 閥類製造業；CA02090 金屬線製品製造業；CA02990 其他金屬製品製造業；CB01010 機械設備製造業；CQ01010 模具製造業；CZ99990 未分類其他工業製品製造業,新北市,變更,11509
34491075,明緯企業股份有限公司,新北市五股區五權三路28號,鄭志得,1942500000,71/04/06,115/09/24,修正章程,CC01010 發電、輸電、配電機械製造業；CC01030 電器及視聽電子產品製造業；CC01040 照明設備製造業；CC01060 有線通信機械器材製造業；CC01070 無線通信機械器材製造業；CC01080 電子零組件製造業；CC01110 電腦及其週邊設備製造業；ZZ99999 除許可業務外，得經營法令非禁止或限制之業務,新北市,變更,11509
34505042,特香齋西餐廳有限公司,新北市板橋區中山路1段26號2樓,呂孟潔,10000000,71/11/20,115/09/17,修正章程,,新北市,變更,11509
34568952,孝禹企業有限公司,新北市土城區金城路3段93巷26號3樓,王苙錩,10000000,72/05/27,115/09/21,股東出資轉讓修正章程,E599010 配管工程業；E601010 電器承裝業；E601020 電器安裝業；E603010 電纜安裝工程業；E603050 自動控制設備工程業；E603110 冷作工程業；E603120 噴砂工程業；E604010 機械安裝業；E605010 電腦設備安裝業；E801010 室內裝潢業,新北市,變更,11509
34573977,崇亨有限公司,新北市土城區中央路4段72號9樓,曾耀生,5000000,72/08/05,115/09/21,修正章程,"ZZ99999 ４﹒除許可業務外,得經營法令非禁止或限制之業務。",新北市,變更,11509
34588704,鈜源精密工業股份有限公司,新北市三峽區添福59之5號,廖嘉添,28000000,71/07/06,115/09/30,改選董事/監察人(一人法人股東指派董事/監察人),,新北市,變更,11509
34601431,宏力實業股份有限公司,新北市中和區中山路2段327巷18號4樓,李柯麗卿,58000000,72/05/10,115/09/01,特殊補正,,新北市,變更,11509
34684538,燕揚企業有限公司,新北市林口區中山路53號2樓,陳田山,5000000,74/06/06,115/09/22,公司所在地,,新北市,變更,11509
34684690,廣尼企業股份有限公司,新北市新莊區瓊林南路71之12號,賴樹金,42000000,74/06/06,115/09/29,董事/監察人持股變動報備,,新北市,變更,11509
35151502,光達化工有限公司,新北市林口區工二區工八路2號,康明維,6000000,54/06/24,115/09/29,特殊補正,,新北市,變更,11509
35282407,信昌機械廠股份有限公司,新北市新莊區中正路67號,奚志雄,1268217500,55/07/20,115/09/10,一般補正案,CA02040 彈簧製造業；CB01010 機械設備製造業；CB01990 其他機械製造業；CC01040 照明設備製造業；CD01010 船舶及其零件製造業；CD01020 軌道車輛及其零件製造業；CD01030 汽車及其零件製造業；CD01040 機車及其零件製造業；CD01050 自行車及其零件製造業；CD01060 航空器及其零件製造業,新北市,變更,11509
35342398,高野機械工業股份有限公司,新北市樹林區新興街35號,高麗香,25000000,61/05/05,115/09/03,改選董事/監察人(一人法人股東指派董事/監察人),C601990 其他紙製品製造業；CB01010 機械設備製造業；CB01990 其他機械製造業；ZZ99999 除許可業務外，得經營法令非禁止或限制之業務,新北市,變更,11509
35360304,璟鋒紙業股份有限公司,新北市三重區後埔街80號,鄭誠閔,75000000,54/02/25,115/09/24,董事/監察人持股變動報備,C601010 紙漿製造業；C601020 紙製造業；C601030 紙容器製造業；C601040 加工紙製造業；F401010 國際貿易業；ZZ99999 除許可業務外，得經營法令非禁止或限制之業務,新北市,變更,11509
35380955,隆輝煤氣有限公司,新北市鶯歌區行政路42號,鍾承翰,2000000,60/08/13,115/09/01,公司所在地,,新北市,變更,11509
35424073,新日興股份有限公司,新北市樹林區俊英街174號,呂勝男,1957802150,57/06/28,115/09/08,可轉換公司債換發新股,,新北市,變更,11509
35465807,新泰工業股份有限公司,新北市新莊區化成路5號,葉秉峯,534441100,52/05/02,115/09/08,董事/監察人持股變動報備,C805010 塑膠皮、布、板、管材製造業；C805050 工業用塑膠製品製造業；CA01120 銅鑄造業；CA01130 銅材軋延、伸線、擠型業；CA02090 金屬線製品製造業；CB01010 機械設備製造業；CC01020 電線及電纜製造業；CC01030 電器及視聽電子產品製造業；CC01080 電子零組件製造業；CC01110 電腦及其週邊設備製造業,新北市,變更,11509
35505603,臺北汽車客運股份有限公司,新北市三重區重新路2段78號8樓,李博文,420000000,46/01/09,115/09/01,發行新股,G101011 公路汽車客運業；G101021 市區汽車客運業；CD01030 汽車及其零件製造業；I102010 一般投資顧問業；I103060 管理顧問業；JA01010 汽車修理業；I401010 一般廣告服務業；F401010 國際貿易業；F114990 其他交通運輸工具及其零件批發業；F214990 其他交通運輸工具及其零件零售業,新北市,變更,11509
35836625,新光鋼鐵股份有限公司,新北市三重區重新路四段97號25樓,粟明德,3211463410,65/12/02,115/09/15,改選董事/監察人(一人法人股東指派董事/監察人),CA01050 鋼材二次加工業；CA02010 金屬結構及建築組件製造業；CA02060 金屬容器製造業；CA02990 其他金屬製品製造業；F111090 建材批發業；F106010 五金批發業；F206010 五金零售業；F211010 建材零售業；F401010 國際貿易業；G801010 倉儲業,新北市,變更,11509
35868301,強詠機械股份有限公司,新北市新店區青山路211巷28弄6號(3樓),黃柯秀玉,1000000,66/08/29,115/09/29,改選董事/監察人(一人法人股東指派董事/監察人),CA02010 金屬建築結構及組件製造業。；CB01010 機械設備製造業。３﹒各種機械及其零件之製造加工買賣。４﹒空油壓機器設備及自動控制系統之設計製造買賣業務。５﹒各式空油壓缸之設計製造買賣。６﹒前各項有關產品之進出口及代理業務。,新北市,變更,11509
35898678,駿光化工實業有限公司,新北市八里區中華路1段320號,謝汎鐸,10000000,67/04/08,115/09/07,特殊補正,,新北市,變更,11509
35909979,佳慶絲織廠有限公司,新北市土城區永平街47號,張義慶,2000000,67/04/28,115/09/24,公司印鑑變更,C301010 紡紗業；C302010 織布業；C303010 不織布業；F104110 布疋、衣著、鞋、帽、傘、服飾品批發業；F204110 布疋、衣著、鞋、帽、傘、服飾品零售業；F401010 國際貿易業；H701010 住宅及大樓開發租售業；H701020 工業廠房開發租售業；H703100 不動產租賃業；H703090 不動產買賣業,新北市,變更,11509
35920622,麒毓產業有限公司,新北市蘆洲區九芎街90巷1弄9號1樓,卓芳昭,10000000,67/08/08,115/09/17,董事/股東地址變更,CC01080 電子零組件製造業；CG01010 珠寶及貴金屬製品製造業；CH01030 文具製造業；CR01010 瓦斯器材及其零件製造業；CZ99990 未分類其他工業製品製造業；F105050 家具、寢具、廚房器具、裝設品批發業；F106010 五金批發業；F106020 日常用品批發業；F106040 水器材料批發業；F109070 文教、樂器、育樂用品批發業,新北市,變更,11509
35931557,孚記企業股份有限公司,新北市新莊區新樹路333巷3號,游世惠,20000000,67/09/27,115/09/23,特殊補正,,新北市,變更,11509
35933507,耀鐳實業股份有限公司,新北市五股區五工二路112號,王文亮,5000000,67/11/15,115/09/23,董事/監察人持股變動報備,CC01020 電線及電纜製造業；C805050 工業用塑膠製品製造業；CC01040 照明設備製造業；CB01010 機械設備製造業；CC01030 電器及視聽電子產品製造業；CD01030 汽車及其零件製造業；CD01040 機車及其零件製造業；CD01990 其他運輸工具及其零件製造業；CP01010 手工具製造業；ZZ99999 除許可業務外，得經營法令非禁止或限制之業務,新北市,變更,11509
35938566,宏富精密工業股份有限公司,新北市三重區中正北路530巷7之1號2樓,李志偉,80000000,67/08/22,115/09/22,董事/監察人持股變動報備,F106010 五金批發業；F106030 模具批發業；F113010 機械批發業；F199990 其他批發業；F206010 五金零售業；F206030 模具零售業；F213080 機械器具零售業；F299990 其他零售業；F401010 國際貿易業；H701010 住宅及大樓開發租售業,新北市,變更,11509
35950667,慶聯交通有限公司,新北市新莊區新泰路2之3號2樓,何王錦雲,6000000,68/02/09,115/09/22,修正章程,,新北市,變更,11509
35963282,聚毅塑膠股份有限公司,新北市新莊區化成路325巷15號,黃銀圳,6000000,68/06/08,115/09/21,改選董事/監察人(一人法人股東指派董事/監察人),,新北市,變更,11509
35963847,舜晟工業股份有限公司,新北市新莊區中正路81巷1之1號,林婉真,8000000,68/06/21,115/09/29,改選董事/監察人(一人法人股東指派董事/監察人),F113990 其他機械器具批發業；F114030 汽、機車零件配備批發業；F119010 電子材料批發業；F206030 模具零售業；F401010 國際貿易業；CB01010 機械設備製造業；CC01010 發電、輸電、配電機械製造業；CC01030 電器及視聽電子產品製造業；CC01080 電子零組件製造業；CD01030 汽車及其零件製造業,新北市,變更,11509
35980917,源進實業股份有限公司,新北市五股區五權三路5號(三樓),王進財,31363600,68/11/05,115/09/16,特殊補正,,新北市,變更,11509
35998120,開立螺絲工業有限公司,新北市新莊區頭前路2巷21弄28號(1樓),楊喜舜,1000000,67/07/21,115/09/18,改推董事/董事長,,新北市,變更,11509
36036946,銠添精密模具股份有限公司,新北市三峽區添福15之10號,廖嘉添,10000000,68/11/27,115/09/30,改選董事/監察人(一人法人股東指派董事/監察人),CA01990 其他非鐵金屬基本工業；CA02990 其他金屬製品製造業；CC01080 電子零組件製造業；CD01030 汽車及其零件製造業；CQ01010 模具製造業；F106030 模具批發業；F114030 汽、機車零件配備批發業；F401010 國際貿易業；H703090 不動產買賣業；H703100 不動產租賃業,新北市,變更,11509
36048437,穎溢實業有限公司,新北市新莊區中正路514巷53弄51號(1樓),葉竹茵,5000000,70/03/20,115/09/07,股東出資轉讓修正章程,CA02990 其他金屬製品製造業；CC01080 電子零組件製造業；F102030 菸酒批發業；F102170 食品什貨批發業；F113990 其他機械器具批發業；F119010 電子材料批發業；F401010 國際貿易業；ZZ99999 除許可業務外，得經營法令非禁止或限制之業務,新北市,變更,11509
36050691,福仁服裝有限公司,新北市三重區重新路5段609巷6號3樓之9,許富喻,10100000,70/04/16,115/09/21,股東出資轉讓修正章程,,新北市,變更,11509
36067428,椿鑫企業有限公司,新北市蘆洲區復興路227巷2弄15號,李坤桐,1000000,70/08/13,115/09/17,股東出資轉讓修正章程,IZ06010 理貨包裝業；F214030 汽、機車零件配備零售業；F214020 機車零售業；F214050 車胎零售業；F114030 汽、機車零件配備批發業；F114020 機車批發業；F114050 車胎批發業；JA02020 機車修理業；ZZ99999 除許可業務外，得經營法令非禁止或限制之業務,新北市,變更,11509
36083932,印泉企業有限公司,新北市新莊區新泰路199巷19號1樓,陳敉由,500000,70/12/21,115/09/22,公司所營事業變更修正章程,CB01010 機械設備製造業；CB01020 事務機器製造業；F109070 文教、樂器、育樂用品批發業；F209060 文教、樂器、育樂用品零售業；CB01990 其他機械製造業；F113990 其他機械器具批發業；F213990 其他機械器具零售業；F102050 茶葉批發業；F201010 農產品零售業；F102170 食品什貨批發業,新北市,變更,11509
36085930,加龍鋼業股份有限公司,新北市新莊區化成路660巷22號,羅仕淼,20500000,70/10/22,115/09/02,改選董事/監察人(一人法人股東指派董事/監察人),CA01010 鋼鐵冶鍊業；CA01020 鋼鐵軋延及擠型業；CA01030 鋼鐵鑄造業；CA01050 鋼材二次加工業；CA02010 金屬結構及建築組件製造業；CB01010 機械設備製造業；CP01010 手工具製造業；CQ01010 模具製造業；E604010 機械安裝業；F106010 五金批發業,新北市,變更,11509
36097295,和運銅品金屬股份有限公司,新北市三重區光華路39號(1樓),林光田,45000000,71/03/31,115/09/02,董事/監察人持股變動報備,,新北市,變更,11509
36121788,美德股份有限公司,新北市三重區溪尾街14號7樓之2,周浚賢,5000000,71/09/01,115/09/07,特殊補正,C804990 其他橡膠製品製造業；C901990 其他非金屬礦物製品製造業；CF01011 醫療器材製造業；CZ99990 未分類其他工業製品製造業；F106010 五金批發業；F108031 醫療器材批發業；F401010 國際貿易業；ZZ99999 除許可業務外，得經營法令非禁止或限制之業務；F206010 五金零售業；F208031 醫療器材零售業,新北市,變更,11509
36146471,欣元憶貿易有限公司,新北市泰山區明志路3段515號4樓,錢飛堂,5000000,72/01/19,115/09/21,公司所營事業變更修正章程,F106010 五金批發業；F106030 模具批發業；F113030 精密儀器批發業；F113990 其他機械器具批發業；F399040 無店面零售業；F401010 國際貿易業；ZZ99999 除許可業務外，得經營法令非禁止或限制之業務,新北市,變更,11509
36156131,俊來金屬股份有限公司,新北市三重區重新路5段609巷6號8樓之11,謝小雀,300000000,72/06/07,115/09/11,改選董事/監察人(一人法人股東指派董事/監察人),CA01020 鋼鐵軋延及擠型業；CA01050 鋼材二次加工業；CA01010 鋼鐵冶鍊業；CA01060 鋼線鋼纜製造業；CA02090 金屬線製品製造業；CA03010 熱處理業；CA04010 表面處理業；F106010 五金批發業；F206010 五金零售業；F401010 國際貿易業,新北市,變更,11509
36166412,發興水電工程有限公司,新北市蘆洲區信義路319巷14號4樓,曾修順,2000000,72/09/29,115/09/18,公司所在地,,新北市,變更,11509
36226489,威富興業股份有限公司,新北市三重區溪尾街28號,黃景成,21000000,73/05/05,115/09/11,改選董事/監察人(一人法人股東指派董事/監察人),,新北市,變更,11509
36272188,萊禮生醫科技股份有限公司,新北市汐止區新台五路1段99號30樓之6,王綉子,100000000,72/04/26,115/09/09,改選董事/監察人(一人法人股東指派董事/監察人),C802090 清潔用品製造業；C802100 化粧品製造業；CF01011 醫療器材製造業；F102170 食品什貨批發業；F104110 布疋、衣著、鞋、帽、傘、服飾品批發業；F105050 家具、寢具、廚房器具、裝設品批發業；F106010 五金批發業；F106020 日常用品批發業；F106030 模具批發業；F107030 清潔用品批發業,新北市,變更,11509
36274741,陸程通運有限公司,新北市林口區東湖路117巷42號(1樓),陳彥博,20000000,73/09/11,115/09/16,股東出資轉讓修正章程,G101061 汽車貨運業；G801010 倉儲業；IZ06010 理貨包裝業；ZZ99999 除許可業務外，得經營法令非禁止或限制之業務,新北市,變更,11509
36318494,宇穗工業有限公司,新北市三重區中正北路508巷11號1樓,許聰敏,4000000,74/06/13,115/09/07,減資,C701010 印刷業；C805050 工業用塑膠製品製造業；C805060 塑膠皮製品製造業；CA02990 其他金屬製品製造業；F401010 國際貿易業,新北市,變更,11509
39014517,中國貨櫃運輸股份有限公司,新北市汐止區大同路三段275號,林宏年,1484234580,58/11/27,115/09/16,改派董事/監察人,G404011 貨櫃集散站經營業；G409050 工業專用港或工業專用碼頭船舶貨物裝卸承攬業；G702010 船舶勞務承攬業；E604010 機械安裝業；JA02990 其他修理業；G801010 倉儲業；IZ06010 理貨包裝業；F113010 機械批發業；F401010 國際貿易業；I301010 資訊軟體服務業,新北市,變更,11509
42570592,天梭國際有限公司,新北市新莊區萬安街3號7樓之11,韋俊宇,28000000,104/06/17,115/09/22,申登機關變更（遷入，含卷）,F113010 機械批發業；F401010 國際貿易業；F601010 智慧財產權業；IG01010 生物技術服務業；IG02010 研究發展服務業；I103060 管理顧問業；JZ99050 仲介服務業；ZZ99999 除許可業務外，得經營法令非禁止或限制之業務,新北市,變更,11509
42590598,毓順科技股份有限公司,新北市林口區忠孝路545號(1樓),孫惠萍,245400000,104/08/18,115/09/09,特殊補正,E599010 配管工程業；E601010 電器承裝業；E601020 電器安裝業；E603010 電纜安裝工程業；E603040 消防安全設備安裝工程業；E603050 自動控制設備工程業；E603080 交通號誌安裝工程業；E604010 機械安裝業；E801030 室內輕鋼架工程業；E901010 油漆工程業,新北市,變更,11509
42609549,三信工程有限公司,新北市土城區中華路1段36號7樓之1,董祉言,168000,104/10/22,115/09/15,申登機關變更（遷入，含卷）,IB01010 建築物公共安全檢查業；IF01010 消防安全設備檢修業；E601010 電器承裝業；E601020 電器安裝業；E603040 消防安全設備安裝工程業；EZ05010 儀器、儀表安裝工程業；F107010 漆料、塗料批發業；F113090 交通標誌器材批發業；F113110 電池批發業；F117010 消防安全設備批發業,新北市,變更,11509
42614254,艾帝爾公關顧問股份有限公司,新北市三重區興德路123之1號13樓,黃月昭,250000,104/06/26,115/09/29,特殊補正,I501010 產品設計業；I103060 管理顧問業；I301010 資訊軟體服務業；I401010 一般廣告服務業；I599990 其他設計業；I199990 其他顧問服務業；JZ99030 攝影業；ZZ99999 除許可業務外，得經營法令非禁止或限制之業務,新北市,變更,11509
42619434,安德魯投資股份有限公司,新北市土城區裕華街26號11樓,唐稚超,11000000,104/07/13,115/09/11,董事/監察人持股變動報備,I102010 投資顧問業；I103060 管理顧問業；I199990 其他顧問服務業；H201010 一般投資業；H202010 創業投資業；ZZ99999 除許可業務外，得經營法令非禁止或限制之業務,新北市,變更,11509
42640632,興圖有限公司,新北市五股區凌雲路3段2號之7,林政佑,24900000,104/09/11,115/09/01,公司所在地,H703100 不動產租賃業；H701010 住宅及大樓開發租售業；JZ99050 仲介服務業；H703090 不動產買賣業；G801010 倉儲業；ZZ99999 除許可業務外，得經營法令非禁止或限制之業務,新北市,變更,11509
42648402,好格國際整合行銷有限公司,新北市新莊區中平路270巷10弄15號9樓,李奇峰,500000,104/10/02,115/09/14,公司所在地,I103060 管理顧問業；I501010 產品設計業；F401010 國際貿易業；C114010 食品添加物製造業；C199990 未分類其他食品製造業；F101050 水產品批發業；F101130 蔬果批發業；F101980 其他動物批發業；F101990 其他農、畜、水產品批發業；F102170 食品什貨批發業,新北市,變更,11509
42651270,飛躍雷射應用科技股份有限公司,新北市汐止區大同路3段196之5號2樓,黃俊傑,20000000,104/10/13,115/09/18,特殊補正,CC01110 電腦及其週邊設備製造業；CC01080 電子零組件製造業；CD01060 航空器及其零件製造業；C801010 基本化學工業；C801990 其他化學材料製造業；C802120 工業助劑製造業；CA02990 其他金屬製品製造業；CA04010 表面處理業；CB01010 機械設備製造業；CB01990 其他機械製造業,新北市,變更,11509
42693481,日晉昇工程有限公司,新北市三重區仁義街230巷7號8樓,温正雄,1500000,104/11/24,115/09/22,股東出資轉讓修正章程,E601010 電器承裝業；E605010 電腦設備安裝業；E801010 室內裝潢業；F106040 水器材料批發業；F113020 電器批發業；ZZ99999 除許可業務外，得經營法令非禁止或限制之業務,新北市,變更,11509
42693709,立得室內裝修工程有限公司,新北市永和區永利路109號(1樓),王晟譯,3000000,104/11/25,115/09/10,增資,E102011 土木包工業；E801060 室內裝修業；E801010 室內裝潢業；E603040 消防安全設備安裝工程業；E603090 照明設備安裝工程業；E801070 廚具、衛浴設備安裝工程業；E901010 油漆工程業；E601010 電器承裝業；E601020 電器安裝業；F105050 家具、寢具、廚房器具、裝設品批發業,新北市,變更,11509
42700650,永軒開發投資股份有限公司,新北市林口區文化三路1段389號,陳銘鴻,212450000,104/12/29,115/09/08,合併存續發行新股,H201010 一般投資業；H703100 不動產租賃業；H703090 不動產買賣業；I102010 一般投資顧問業；I103060 管理顧問業；I199990 其他顧問服務業；ZZ99999 除許可業務外，得經營法令非禁止或限制之業務,新北市,變更,11509
42700785,懿翔實業有限公司,新北市汐止區汐萬路2段253號,陳垠中,800000,104/12/30,115/09/21,改推董事/董事長,E401010 疏濬業；E604010 機械安裝業；E605010 電腦設備安裝業；E801010 室內裝潢業；E901010 油漆工程業；EZ07010 鑽孔工程業；EZ11010 球場跑道樹脂材料鋪設工程業；EZ99990 其他工程業；F101100 花卉批發業；F106010 五金批發業,新北市,變更,11509
42701222,台灣住友電工精密工具股份有限公司,新北市板橋區中山路1段156號13樓,鈴木剛史,30000000,105/01/04,115/09/24,特殊補正,E604010 機械安裝業；F106010 五金批發業；F106050 陶瓷玻璃器皿批發業；F107060 毒性化學物質批發業；F107200 化學原料批發業；F107990 其他化學製品批發業；F113010 機械批發業；F113020 電器批發業；F113030 精密儀器批發業；F113050 電腦及事務性機器設備批發業,新北市,變更,11509
42702382,源特事業股份有限公司,新北市中和區建八路210號12樓,Michael Gaffney Sehl,6800000,105/01/07,115/09/02,特殊補正,F401010 國際貿易業；F105050 家具、寢具、廚房器具、裝設品批發業；F205040 家具、寢具、廚房器具、裝設品零售業；F106020 日常用品批發業；F206020 日常用品零售業；F113020 電器批發業；F213010 電器零售業；ZZ99999 除許可業務外，得經營法令非禁止或限制之業務,新北市,變更,11509
42709049,新式有限公司,新北市汐止區秀山路135號10樓,田明新,100000,105/02/04,115/09/29,公司所在地,I301010 資訊軟體服務業；I301020 資料處理服務業；I301030 電子資訊供應服務業；I401010 一般廣告服務業；I501010 產品設計業；IZ99990 其他工商服務業；J305010 有聲出版業；J401010 電影片製作業；J402010 電影片發行業；J404010 動畫影片製作業,新北市,變更,11509
42710735,優博訊有限公司,新北市板橋區大華街47號4樓,巫淑珩,1000000,105/02/24,115/09/09,公司外文名稱登記修正章程,F113030 精密儀器批發業；F113050 電腦及事務性機器設備批發業；F113070 電信器材批發業；F118010 資訊軟體批發業；F119010 電子材料批發業；F213030 電腦及事務性機器設備零售業；F213040 精密儀器零售業；F213060 電信器材零售業；F218010 資訊軟體零售業；F219010 電子材料零售業,新北市,變更,11509
42713894,辰湘國際股份有限公司,新北市深坑區北深路3段307號4樓,魏毅堂,3000000,105/03/08,115/09/09,公司所在地,F102030 菸酒批發業；F102040 飲料批發業；F102050 茶葉批發業；F102170 食品什貨批發業；F104110 布疋、衣著、鞋、帽、傘、服飾品批發業；F105050 家具、寢具、廚房器具、裝設品批發業；F106010 五金批發業；F106020 日常用品批發業；F108040 化粧品批發業；F109070 文教、樂器、育樂用品批發業,新北市,變更,11509
42718602,臻富麗企業有限公司,新北市板橋區南雅西路1段5巷9號3樓,賴秀玲,4000000,105/08/08,115/09/18,特殊補正,F108040 化粧品批發業；F208040 化粧品零售業；F203010 食品什貨、飲料零售業；F106020 日常用品批發業；F206020 日常用品零售業；I101090 食品顧問業；I103060 管理顧問業；I105010 藝術品諮詢顧問業；I199990 其他顧問服務業；F399040 無店面零售業,新北市,變更,11509
42720683,天城建設開發有限公司,新北市土城區中華路1段36號13樓,江水馨,5000000,107/05/04,115/09/03,特殊補正,C901040 預拌混凝土製造業；C901050 水泥及混凝土製品製造業；F111090 建材批發業；F203020 菸酒零售業；F206020 日常用品零售業；F399040 無店面零售業；F401010 國際貿易業；H701010 住宅及大樓開發租售業；H701020 工業廠房開發租售業；H701060 新市鎮、新社區開發業,新北市,變更,11509
42720733,三村土木包工業有限公司,新北市板橋區四川路1段23號9樓之2,彭弦慧,1600000,107/05/04,115/09/02,改推董事/董事長,E102011 土木包工業,新北市,變更,11509
42721521,斯多克投資有限公司,新北市五股區民義路1段185之15號7樓,陳錦芬,10000000,107/05/08,115/09/10,特殊補正,H201010 一般投資業；ZZ99999 除許可業務外，得經營法令非禁止或限制之業務,新北市,變更,11509
42724581,浩瑋機電工程有限公司,新北市中和區華新街143巷58號,林哲瑋,300000,107/05/21,115/09/01,申登機關變更（遷入，含卷）,E599010 配管工程業；F111090 建材批發業；F211010 建材零售業；F106010 五金批發業；F206010 五金零售業；F106040 水器材料批發業；F206040 水器材料零售業；F107010 漆料、塗料批發業；F207010 漆料、塗料零售業；F113020 電器批發業,新北市,變更,11509
42724652,凱興國際車業有限公司,新北市土城區清水路68號,倪宥琳,1100000,107/05/22,115/09/29,特殊補正,F114030 汽、機車零件配備批發業；F214030 汽、機車零件配備零售業；JA01010 汽車修理業；F204110 布疋、衣著、鞋、帽、傘、服飾品零售業；F209060 文教、樂器、育樂用品零售業；ZZ99999 除許可業務外，得經營法令非禁止或限制之業務；F113010 機械批發業；F113030 精密儀器批發業；F114050 車胎批發業；F114080 軌道車輛及其零件批發業,新北市,變更,11509
42724908,沃司科技股份有限公司,新北市中和區板南路653號15樓,林意忠,78430000,107/05/23,115/09/01,公司所在地,E605010 電腦設備安裝業；F113020 電器批發業；F113050 電腦及事務性機器設備批發業；F113070 電信器材批發業；F118010 資訊軟體批發業；F213010 電器零售業；F213030 電腦及事務性機器設備零售業；F213060 電信器材零售業；F218010 資訊軟體零售業；F401010 國際貿易業,新北市,變更,11509
42727692,玅園有限公司,新北市三重區重新路5段609巷18號8樓之3,黃浩,300000,107/06/05,115/09/14,特殊補正,E801010 室內裝潢業；F102040 飲料批發業；F102050 茶葉批發業；F102170 食品什貨批發業；F104110 布疋、衣著、鞋、帽、傘、服飾品批發業；F105050 家具、寢具、廚房器具、裝設品批發業；F106020 日常用品批發業；F106050 陶瓷玻璃器皿批發業；F106060 寵物食品及其用品批發業；F106070 祭祀用品批發業,新北市,變更,11509
42732174,昕隆興業有限公司,新北市板橋區金門街369巷12號7樓,柯有駿,100000,107/06/25,115/09/21,公司所營事業變更修正章程,F106010 五金批發業；F113010 機械批發業；F113030 精密儀器批發業；F113070 電信器材批發業；F113990 其他機械器具批發業；F114030 汽、機車零件配備批發業；F119010 電子材料批發業；F401010 國際貿易業；ZZ99999 除許可業務外，得經營法令非禁止或限制之業務；F101050 水產品批發業,新北市,變更,11509
42734146,建成能源有限公司,新北市新店區寶慶街6號8樓之1,陳宥均,1000000,107/07/04,115/09/14,負責人印鑑變更,I301010 資訊軟體服務業；I301020 資料處理服務業；I301030 電子資訊供應服務業；I401010 一般廣告服務業；F213030 電腦及事務性機器設備零售業；F213060 電信器材零售業；ZZ99999 除許可業務外，得經營法令非禁止或限制之業務；A101020 農作物栽培業；A101030 特用作物栽培業；A101040 食用菌菇類栽培業,新北市,變更,11509
42734531,星華股份有限公司,新北市三重區重新路1段84號(3樓),王則人,5000000,107/07/05,115/09/04,特殊補正,H701010 住宅及大樓開發租售業；H701020 工業廠房開發租售業；H701040 特定專業區開發業；H703090 不動產買賣業；H703100 不動產租賃業；HZ99990 其他金融、保險及不動產業；JE01010 租賃業；E801010 室內裝潢業；I102010 投資顧問業；I103060 管理顧問業,新北市,變更,11509
42736170,鴻醫光電有限公司,新北市三重區光復路2段88巷36弄13號(2樓),王嘉慶,1000000,107/07/13,115/09/16,改推董事/董事長,CE01010 一般儀器製造業；CE01030 光學儀器製造業；F106010 五金批發業；F106020 日常用品批發業；F106050 陶瓷玻璃器皿批發業；F107200 化學原料批發業；F107990 其他化學製品批發業；F113010 機械批發業；F113020 電器批發業；F113030 精密儀器批發業,新北市,變更,11509
42738305,百分百植田股份有限公司,新北市新店區中正路四維巷8弄4號(1樓),黃祈諺,5000000,107/07/23,115/09/02,董事長變更,F106020 日常用品批發業；F206020 日常用品零售業；F399040 無店面零售業；F401010 國際貿易業；ZZ99999 除許可業務外，得經營法令非禁止或限制之業務,新北市,變更,11509
42738749,大昇能源科技有限公司,新北市新店區中央路155號15樓之9,林劭展,63000000,107/07/25,115/09/14,特殊補正,CB01010 機械設備製造業；CC01010 發電、輸電、配電機械製造業；CC01080 電子零組件製造業；CC01090 電池製造業；CE01010 一般儀器製造業；D101060 再生能源自用發電設備業；D401010 熱能供應業；E601010 電器承裝業；E601020 電器安裝業；E603010 電纜安裝工程業,新北市,變更,11509
42739249,威雅空調工程有限公司,新北市泰山區和平街11號,劉威成,5000000,107/07/26,115/09/04,特殊補正,E602011 冷凍空調工程業；E601020 電器安裝業；E599010 配管工程業；F113020 電器批發業；IG03010 能源技術服務業；ZZ99999 除許可業務外，得經營法令非禁止或限制之業務；E601010 電器承裝業；E603040 消防安全設備安裝工程業；E605010 電腦設備安裝業,新北市,變更,11509
42740148,台灣三電制冷科技股份有限公司,新北市三重區重新路4段97號12樓,片岡大,43000000,107/07/31,115/09/29,特殊補正,F113010 機械批發業；F113020 電器批發業；F113990 其他機械器具批發業；F213080 機械器具零售業；F213990 其他機械器具零售業；F401010 國際貿易業；E601020 電器安裝業；E604010 機械安裝業；ZZ99999 除許可業務外，得經營法令非禁止或限制之業務；IG03010 能源技術服務業,新北市,變更,11509
42762775,紘鈦科技股份有限公司,新北市汐止區新台五路1段79號15樓之5,蔡德利,16000000,105/01/04,115/09/15,改選董事/監察人(一人法人股東指派董事/監察人),CC01060 有線通信機械器材製造業；CC01070 無線通信機械器材製造業；CC01080 電子零組件製造業；CC01110 電腦及其週邊設備製造業；CD01030 汽車及其零件製造業；CD01040 機車及其零件製造業；CD01050 自行車及其零件製造業；CE01010 一般儀器製造業；F113050 電腦及事務性機器設備批發業；F113070 電信器材批發業,新北市,變更,11509
42822963,瑞美科技實業股份有限公司,新北市三重區重新路5段609巷12號6樓之11,游懿真,24690000,104/11/13,115/09/21,申登機關變更（遷入，含卷）,ZZ99999 除許可業務外，得經營法令非禁止或限制之業務；F107200 化學原料批發業；F107990 其他化學製品批發業；F108040 化粧品批發業；F199990 其他批發業；F207200 化學原料零售業；F207990 其他化學製品零售業；F208040 化粧品零售業；F299990 其他零售業；F399040 無店面零售業,新北市,變更,11509
42826026,好膳企業股份有限公司,新北市新莊區建國一路300號12樓,劉人銘,49130000,104/11/23,115/09/04,特殊補正,C104020 烘焙炊蒸食品製造業；F203010 食品什貨、飲料零售業；F401010 國際貿易業；F501030 飲料店業；F501060 餐館業；CB01010 機械設備製造業；F102040 飲料批發業；F102170 食品什貨批發業；F104110 布疋、衣著、鞋、帽、傘、服飾品批發業；F106020 日常用品批發業,新北市,變更,11509
42836642,高大師有限公司,新北市板橋區中山路1段293之1號10樓之1,高國華,1000000,104/12/25,115/09/01,特殊補正,C104020 烘焙炊蒸食品製造業；C199010 麵條、粉條類食品製造業；C199030 即食餐食製造業；C199990 未分類其他食品製造業；F102040 飲料批發業；F102170 食品什貨批發業；F203010 食品什貨、飲料零售業；F501030 飲料店業；F501060 餐館業；F501990 其他餐飲業,新北市,變更,11509
42849169,亞軍國際有限公司,新北市板橋區中山路1段1號23樓,賴銘山,1000000,105/01/30,115/09/02,申登機關變更（遷入，含卷）,I301010 資訊軟體服務業；I301020 資料處理服務業；F109070 文教、樂器、育樂用品批發業；F209060 文教、樂器、育樂用品零售業；F104110 布疋、衣著、鞋、帽、傘、服飾品批發業；F204110 布疋、衣著、鞋、帽、傘、服飾品零售業；F401010 國際貿易業；I401010 一般廣告服務業；IZ06010 理貨包裝業；H201010 一般投資業,新北市,變更,11509
42849484,安心保科技股份有限公司,新北市新莊區福前街500之20號3樓,陳安甫,32500000,105/02/01,115/09/04,特殊補正,F401010 國際貿易業；I102010 投資顧問業；I103060 管理顧問業；I199990 其他顧問服務業；I301010 資訊軟體服務業；I301020 資料處理服務業；I301030 電子資訊供應服務業；I401010 一般廣告服務業；H703090 不動產買賣業；H703100 不動產租賃業,新北市,變更,11509
42919538,九哥娛樂有限公司,新北市新莊區新知三路101號4樓,翁瑜鎂,500000,107/07/31,115/09/01,申登機關變更（遷入，含卷）,E605010 電腦設備安裝業；F104110 布疋、衣著、鞋、帽、傘、服飾品批發業；F109070 文教、樂器、育樂用品批發業；F113070 電信器材批發業；F118010 資訊軟體批發業；F204110 布疋、衣著、鞋、帽、傘、服飾品零售業；F209060 文教、樂器、育樂用品零售業；F213060 電信器材零售業；F218010 資訊軟體零售業；F399040 無店面零售業,新北市,變更,11509
43406091,瑪克多股份有限公司,新北市中和區建康路130號2樓之5,陳多偉,88623230,105/03/31,115/09/14,特殊補正,F113020 電器批發業；F113030 精密儀器批發業；F113050 電腦及事務性機器設備批發業；F118010 資訊軟體批發業；F119010 電子材料批發業；F213010 電器零售業；F213030 電腦及事務性機器設備零售業；F213040 精密儀器零售業；F218010 資訊軟體零售業；F219010 電子材料零售業,新北市,變更,11509
43740770,康禧股份有限公司,新北市三重區重新路2段78號15樓,郭義勇,1700000,105/04/21,115/09/15,特殊補正,F203010 食品什貨、飲料零售業；F206020 日常用品零售業；F207030 清潔用品零售業；F207990 其他化學製品零售業；F208040 化粧品零售業；F213010 電器零售業；F213040 精密儀器零售業；F213080 機械器具零售業；F219010 電子材料零售業；F399040 無店面零售業,新北市,變更,11509
43799201,振德生命禮儀有限公司,新北市新莊區中原路185號4樓,許修德,500000,105/05/06,115/09/10,公司所在地,JZ99151 殯葬禮儀服務業；F101100 花卉批發業；F102170 食品什貨批發業；F106020 日常用品批發業；F106070 祭祀用品批發業；F201070 花卉零售業；F203010 食品什貨、飲料零售業；F206060 祭祀用品零售業；F401010 國際貿易業；ZZ99999 除許可業務外，得經營法令非禁止或限制之業務,新北市,變更,11509
43906477,天璽玉石精品有限公司,新北市板橋區長江路1段61號,黃逸豪,500000,105/06/17,115/09/09,公司所在地,F106070 祭祀用品批發業；F115010 首飾及貴金屬批發業；F115020 礦石批發業；F199990 其他批發業；F206060 祭祀用品零售業；F215010 首飾及貴金屬零售業；F215020 礦石零售業；F299990 其他零售業；F399040 無店面零售業；F399990 其他綜合零售業,新北市,變更,11509
43908849,安波科技股份有限公司,新北市中和區建康路270號5樓,陳淑玲,130987440,105/06/21,115/09/04,特殊補正,CC01070 無線通信機械器材製造業；CC01080 電子零組件製造業；CC01110 電腦及其週邊設備製造業；CC01120 資料儲存媒體製造及複製業；F113070 電信器材批發業；F119010 電子材料批發業；F213060 電信器材零售業；F219010 電子材料零售業；F401010 國際貿易業；F601010 智慧財產權業,新北市,變更,11509
45003880,致德投資股份有限公司,新北市新店區安興路115號13樓之7,張高祥,1189000000,105/07/14,115/09/23,補繳規費,H201010 一般投資業；ZZ99999 除許可業務外，得經營法令非禁止或限制之業務,新北市,變更,11509
45100433,視網魔玻璃有限公司,新北市中和區中正路800號(1樓),葉建男,2000000,105/04/26,115/09/11,特殊補正,E603090 照明設備安裝工程業；E801010 室內裝潢業；E801020 門窗安裝工程業；E801030 室內輕鋼架工程業；E801040 玻璃安裝工程業；E801070 廚具、衛浴設備安裝工程業；E901010 油漆工程業；EZ99990 其他工程業；F106010 五金批發業；F111090 建材批發業,新北市,變更,11509
45106416,寀豐裝潢有限公司,新北市板橋區中山路1段293之1號10樓之1,倪慧萱,2000000,105/05/13,115/09/04,公司所在地,F213010 電器零售業；E603090 照明設備安裝工程業；F119010 電子材料批發業；F219010 電子材料零售業；F113110 電池批發業；F213110 電池零售業；F113020 電器批發業；I503010 景觀、室內設計業；E603050 自動控制設備工程業；F401010 國際貿易業,新北市,變更,11509
45115219,懿德建設有限公司,新北市新店區永平街29號4樓,鄭守嫻,12000000,105/06/08,115/09/23,申登機關變更（遷入，含卷）,F105050 家具、寢具、廚房器具、裝設品批發業；F106010 五金批發業；F106020 日常用品批發業；F107200 化學原料批發業；F107990 其他化學製品批發業；F111090 建材批發業；F113010 機械批發業；F113020 電器批發業；F199990 其他批發業；F205040 家具、寢具、廚房器具、裝設品零售業,新北市,變更,11509
45899583,源富開發股份有限公司,新北市三重區慈愛街140號2樓,陳昱光,2000000,105/03/28,115/09/03,改選董事/監察人(一人法人股東指派董事/監察人),G202010 停車場經營業；H201010 一般投資業；H701010 住宅及大樓開發租售業；H701020 工業廠房開發租售業；H703090 不動產買賣業；H703100 不動產租賃業；H703110 老人住宅業；HZ99990 其他金融、保險及不動產業；I102010 投資顧問業；I103060 管理顧問業,新北市,變更,11509
45900358,騰雲科技服務股份有限公司,新北市汐止區新台五路1段99號35樓,梁基文,283175500,105/03/29,115/09/07,特殊補正,E605010 電腦設備安裝業；F113050 電腦及事務性機器設備批發業；F113070 電信器材批發業；F118010 資訊軟體批發業；F119010 電子材料批發業；F218010 資訊軟體零售業；F299990 其他零售業；F399040 無店面零售業；F601010 智慧財產權業；I103060 管理顧問業,新北市,變更,11509
45902454,台灣三和自動化技術股份有限公司,新北市中和區中正路839巷2號,歐陽宇倫,12500000,105/04/01,115/09/04,特殊補正,CB01010 機械設備製造業；CC01080 電子零組件製造業；CC01110 電腦及其週邊設備製造業；F113050 電腦及事務性機器設備批發業；E605010 電腦設備安裝業；F119010 電子材料批發業；F219010 電子材料零售業；F113030 精密儀器批發業；F118010 資訊軟體批發業；I301010 資訊軟體服務業,新北市,變更,11509
45903003,相德投資股份有限公司,新北市汐止區大安街52巷10號4樓,連思雅,60000000,105/04/06,115/09/01,改選董事/監察人(一人法人股東指派董事/監察人),H201010 一般投資業；ZZ99999 除許可業務外，得經營法令非禁止或限制之業務,新北市,變更,11509
45908400,基合能源科技有限公司,新北市新莊區中央路562號2樓,陳靜慈,500000,105/04/14,115/09/16,公司所在地,F113010 機械批發業；F113990 其他機械器具批發業；EZ02010 起重工程業；E801010 室內裝潢業；EZ99990 其他工程業；G799990 其他運輸輔助業；E604010 機械安裝業；I503010 景觀、室內設計業；E599010 配管工程業；E601020 電器安裝業,新北市,變更,11509
45916719,冠齊科技有限公司,新北市新莊區中正路829巷5號9樓,賴齊宏,2000000,105/04/19,115/09/14,增資,F118010 資訊軟體批發業；F113050 電腦及事務性機器設備批發業；F109070 文教、樂器、育樂用品批發業；F218010 資訊軟體零售業；F213080 機械器具零售業；E605010 電腦設備安裝業；I301010 資訊軟體服務業；I103060 管理顧問業；I501010 產品設計業；J202010 產業育成業,新北市,變更,11509
46005865,金腦數位股份有限公司,新北市新莊區新北大道三段222號3樓,陳宏明,10000000,105/04/21,115/09/03,特殊補正,E605010 電腦設備安裝業；E701010 電信工程業；F113050 電腦及事務性機器設備批發業；F113070 電信器材批發業；F118010 資訊軟體批發業；F119010 電子材料批發業；F401010 國際貿易業；F601010 智慧財產權業；I103060 管理顧問業；I301010 資訊軟體服務業,新北市,變更,11509
46076501,湛誠工程有限公司,新北市鶯歌區德昌二街70巷32弄36號,余晨暉,20480000,105/04/26,115/09/14,增資,E599010 配管工程業；E601010 電器承裝業；E601020 電器安裝業；E603040 消防安全設備安裝工程業；E603050 自動控制設備工程業；E603090 照明設備安裝工程業；E603100 電焊工程業；E604010 機械安裝業；E701010 電信工程業；E801040 玻璃安裝工程業,新北市,變更,11509
46218804,艾信實業股份有限公司,新北市新莊區五權一路7號6樓之1,劉嘉玲,5000000,105/05/05,115/09/23,改選董事/監察人(一人法人股東指派董事/監察人),CQ01010 模具製造業；C805050 工業用塑膠製品製造業；CC01080 電子零組件製造業；CC01110 電腦及其週邊設備製造業；CC01990 其他電機及電子機械器材製造業；C805990 其他塑膠製品製造業；F106010 五金批發業；F107990 其他化學製品批發業；F111090 建材批發業；F401010 國際貿易業,新北市,變更,11509
46463221,金銅有限公司,新北市林口區文化一路2段189號,陳漢仁,500000,105/05/20,115/09/04,公司印鑑變更,F203010 食品什貨、飲料零售業；F203020 菸酒零售業；F501030 飲料店業；F501060 餐館業；ZZ99999 除許可業務外，得經營法令非禁止或限制之業務,新北市,變更,11509
46630804,子睿國際開發股份有限公司,新北市永和區永和路1段49巷4號,杜宜璇,3500000,105/05/31,115/09/02,改選董事/監察人(一人法人股東指派董事/監察人),E801010 室內裝潢業；F106010 五金批發業；F106020 日常用品批發業；F199990 其他批發業；F206010 五金零售業；F206020 日常用品零售業；F299990 其他零售業；F399040 無店面零售業；F401010 國際貿易業；G202010 停車場經營業,新北市,變更,11509
47014814,和昌投資有限公司,新北市永和區保生路54號8樓,林正忠,6000000,105/06/06,115/09/30,增資,H201010 一般投資業,新北市,變更,11509
47055666,家富達股份有限公司,新北市板橋區中正路375巷1號,簡宏宇,100000000,105/06/21,115/09/16,董事/監察人持股變動報備,EZ99990 其他工程業；H703090 不動產買賣業；H701010 住宅及大樓開發租售業；H703100 不動產租賃業；H701080 都市更新重建業；I102010 投資顧問業；IZ99990 其他工商服務業；F401010 國際貿易業；ZZ99999 除許可業務外，得經營法令非禁止或限制之業務,新北市,變更,11509
47068579,泰宥精密股份有限公司,新北市樹林區三俊街199巷12弄19號(2樓),洪璽佳,500000,105/06/27,115/09/16,改選董事/監察人(一人法人股東指派董事/監察人),CA04010 表面處理業；C703010 印刷品裝訂及加工業；C805050 工業用塑膠製品製造業；CC01080 電子零組件製造業；CQ01010 模具製造業；F106010 五金批發業；F106030 模具批發業；F107010 漆料、塗料批發業；F107020 染料、顏料批發業；F109070 文教、樂器、育樂用品批發業,新北市,變更,11509
47082798,金源鑫投資有限公司,新北市三重區重新路5段609巷2號7樓之2,游志煌,29500000,105/07/12,115/09/10,股東出資轉讓修正章程,H201010 一般投資業；ZZ99999 除許可業務外，得經營法令非禁止或限制之業務,新北市,變更,11509
47083451,妮妮有限公司,新北市蘆洲區長安街172巷17號,吳欣倪,1000000,105/07/11,115/09/18,改推董事/董事長,F204110 布疋、衣著、鞋、帽、傘、服飾品零售業；ZZ99999 除許可業務外，得經營法令非禁止或限制之業務,新北市,變更,11509
47092894,御鮮食品有限公司,新北市蘆洲區仁愛街52號3樓,陳嘉宏,2100000,105/07/22,115/09/04,申登機關變更（遷入，含卷）,C103050 罐頭、冷凍、脫水及醃漬食品製造業；C104020 烘焙炊蒸食品製造業；C199030 即食餐食製造業；F102170 食品什貨批發業；F203010 食品什貨、飲料零售業；ZZ99999 除許可業務外，得經營法令非禁止或限制之業務,新北市,變更,11509
47101296,正綱工業有限公司,新北市樹林區大安路510號10樓,龔仲緬,10000000,105/07/29,115/09/21,增資,CA01100 鋁材軋延、伸線、擠型業；CA02990 其他金屬製品製造業；CC01040 照明設備製造業；E603090 照明設備安裝工程業；F106010 五金批發業；F119010 電子材料批發業；F401010 國際貿易業；ZZ99999 除許可業務外，得經營法令非禁止或限制之業務,新北市,變更,11509
47117023,鑫典不動產有限公司,新北市新莊區福美街62巷13號,鄭文凱,1000000,105/08/05,115/09/29,股東出資轉讓修正章程,H704031 不動產仲介經紀業；H701060 新市鎮、新社區開發業；H701070 區段徵收及市地重劃代辦業；H701090 都市更新整建維護業；H703100 不動產租賃業；I401010 一般廣告服務業；I401020 廣告傳單分送業；I503010 景觀、室內設計業；E801010 室內裝潢業；I103060 管理顧問業,新北市,變更,11509
47121574,澄宥有限公司,新北市土城區裕民路162號4樓,陳威豪,3000000,105/08/15,115/09/16,增資,F102170 食品什貨批發業；F106010 五金批發業；F106020 日常用品批發業；F114030 汽、機車零件配備批發業；F114040 自行車及其零件批發業；F119010 電子材料批發業；F203010 食品什貨、飲料零售業；F206010 五金零售業；F206020 日常用品零售業；F207030 清潔用品零售業,新北市,變更,11509
50754664,昱欣工程有限公司,新北市新莊區中平路87巷1號11樓,黃志遠,1000000,107/03/29,115/09/03,公司所在地,E599010 配管工程業；E601010 電器承裝業；E603010 電纜安裝工程業；E603020 電梯安裝工程業；E603040 消防安全設備安裝工程業；E603100 電焊工程業；E603110 冷作工程業；E603120 噴砂工程業；E801020 門窗安裝工程業；E801030 室內輕鋼架工程業,新北市,變更,11509
50759865,歐奎鬧有限公司,新北市新莊區新北大道4段213號17樓,歐育志,2000000,107/04/16,115/09/04,增資,C701010 印刷業；F206010 五金零售業；F216010 照相器材零售業；I199990 其他顧問服務業；I401010 一般廣告服務業；I501010 產品設計業；I599990 其他設計業；J401010 電影片製作業；J404010 動畫影片製作業；J404020 提供設備及場地供電影片拍攝業,新北市,變更,11509
50772895,沐揚有限公司,新北市新莊區新樹路751號,謝麗珍,1050000,107/05/18,115/09/03,增資,F399040 無店面零售業；F102170 食品什貨批發業；F203010 食品什貨、飲料零售業；F106020 日常用品批發業；F206020 日常用品零售業；F113070 電信器材批發業；F213060 電信器材零售業；IZ06010 理貨包裝業；F401010 國際貿易業；I301020 資料處理服務業,新北市,變更,11509
50775464,帆星國際商貿有限公司,新北市深坑區埔新街103號2樓,吳欣蓓,760000,107/05/25,115/09/29,申登機關變更（遷入，含卷）,F206020 日常用品零售業；F208040 化粧品零售業；F209060 文教、樂器、育樂用品零售業；F399990 其他綜合零售業；I199990 其他顧問服務業；F104110 布疋、衣著、鞋、帽、傘、服飾品批發業；F105050 家具、寢具、廚房器具、裝設品批發業；F204110 布疋、衣著、鞋、帽、傘、服飾品零售業；F205040 家具、寢具、廚房器具、裝設品零售業；F401010 國際貿易業,新北市,變更,11509
50777863,宜發國際有限公司,新北市新莊區富貴路492號6樓,温怡婷,6000000,107/05/31,115/09/22,增資,I103060 管理顧問業；J202010 產業育成業；J601010 藝文服務業；JB01010 會議及展覽服務業；H201010 一般投資業；H703090 不動產買賣業；H703100 不動產租賃業；F109070 文教、樂器、育樂用品批發業；F209060 文教、樂器、育樂用品零售業；F399040 無店面零售業,新北市,變更,11509
50792421,先驅生技股份有限公司,新北市汐止區新台五路1段95號23樓,,0,107/07/12,115/09/11,申登機關變更（遷入，含卷）,,新北市,變更,11509
50842409,鈞茂工程有限公司,新北市淡水區中正東路2段51之1號6樓,謝宜瑾,300000,107/08/09,115/09/23,公司遷址修正章程,E801010 室內裝潢業；E901010 油漆工程業；IZ12010 人力派遣業；F111090 建材批發業；F211010 建材零售業；ZZ99999 除許可業務外，得經營法令非禁止或限制之業務,新北市,變更,11509
50843189,海亮實業有限公司,新北市汐止區東勢街201巷318號,余倢祐,100000,107/08/14,115/09/08,改推董事/董事長,F109070 文教、樂器、育樂用品批發業；F209060 文教、樂器、育樂用品零售業；F399040 無店面零售業；F401010 國際貿易業；J304010 圖書出版業；ZZ99999 除許可業務外，得經營法令非禁止或限制之業務,新北市,變更,11509
50845778,富築系統整合有限公司,新北市三重區重新路5段609巷16號2樓之4,江金燕,5000000,107/08/21,115/09/15,特殊補正,F105050 家具、寢具、廚房器具、裝設品批發業；F113020 電器批發業；F113050 電腦及事務性機器設備批發業；F113070 電信器材批發業；F119010 電子材料批發業；F205040 家具、寢具、廚房器具、裝設品零售業；F213010 電器零售業；F213030 電腦及事務性機器設備零售業；F213060 電信器材零售業；F219010 電子材料零售業,新北市,變更,11509
50846432,和洋系統科技有限公司,新北市新莊區大安路10巷5號,鍾偉文,60000000,107/08/23,115/09/24,增資,CC01010 發電、輸電、配電機械製造業；E599010 配管工程業；E601020 電器安裝業；E603010 電纜安裝工程業；E603050 自動控制設備工程業；E604010 機械安裝業；E701020 衛星電視ＫＵ頻道、Ｃ頻道器材安裝業；E701030 電信管制射頻器材裝設工程業；EZ05010 儀器、儀表安裝工程業；F106010 五金批發業,新北市,變更,11509
50846524,勝茂土地開發有限公司,新北市中和區中山路3段136巷15號7樓,,150000,107/08/23,115/09/22,解散,E801010 室內裝潢業；F401010 國際貿易業；H701010 住宅及大樓開發租售業；H701020 工業廠房開發租售業；H701050 投資興建公共建設業；H701060 新市鎮、新社區開發業；H701090 都市更新整建維護業；H702010 建築經理業；H703090 不動產買賣業；H703100 不動產租賃業,新北市,變更,11509
50846545,萬齊進出口貿易股份有限公司,新北市新莊區中正路706之31號10樓,吳盈儒,1500000,107/08/23,115/09/23,改選董事/監察人(一人法人股東指派董事/監察人),F106010 五金批發業；F106030 模具批發業；F113010 機械批發業；F113030 精密儀器批發業；F113050 電腦及事務性機器設備批發業；F113070 電信器材批發業；F206010 五金零售業；F206020 日常用品零售業；F206030 模具零售業；F213010 電器零售業,新北市,變更,11509
50847116,實源國際有限公司,新北市新莊區中平路198巷2號4樓之2,蔡家淵,500000,107/08/27,115/09/22,股東出資轉讓修正章程,F105050 家具、寢具、廚房器具、裝設品批發業；F205040 家具、寢具、廚房器具、裝設品零售業；I501010 產品設計業；I503010 景觀、室內設計業；I599990 其他設計業；E801010 室內裝潢業；ZZ99999 除許可業務外，得經營法令非禁止或限制之業務,新北市,變更,11509
50848488,川佳仕業機械股份有限公司,新北市五股區中興路1段128巷10號3樓,魏承洋,15000000,107/09/04,115/09/16,特殊補正,CB01010 機械設備製造業；F113990 其他機械器具批發業；E604010 機械安裝業；F113010 機械批發業；F199010 回收物料批發業；F213080 機械器具零售業；F401010 國際貿易業；IG03010 能源技術服務業；J101080 資源回收業；J101090 廢棄物清理業,新北市,變更,11509
50850625,銨甲國際股份有限公司,新北市汐止區新台五路1段97號20樓之9,朱瑞鴻,10000000,107/09/14,115/09/30,特殊補正,F203010 食品什貨、飲料零售業；F206020 日常用品零售業；F219010 電子材料零售業；JA02010 電器及電子產品修理業；JE01010 租賃業；ZZ99999 除許可業務外，得經營法令非禁止或限制之業務；F118010 資訊軟體批發業；F218010 資訊軟體零售業；F399040 無店面零售業；F401010 國際貿易業,新北市,變更,11509
50851482,傳志投資股份有限公司,新北市新店區建國路276號11樓,劉蔚志,702000000,107/09/19,115/09/08,董事/監察人持股變動報備,H201010 一般投資業；ZZ99999 除許可業務外，得經營法令非禁止或限制之業務,新北市,變更,11509
50851526,傳廷投資股份有限公司,新北市新店區建國路276號11樓,劉蔚廷,702000000,107/09/19,115/09/04,董事/監察人持股變動報備,H201010 一般投資業；ZZ99999 除許可業務外，得經營法令非禁止或限制之業務,新北市,變更,11509
50853073,和鉑科技有限公司,新北市中和區南華路22號7樓之1,林文洪,2000000,107/09/27,115/09/08,改推董事/董事長,F113050 電腦及事務性機器設備批發業；F118010 資訊軟體批發業；F213030 電腦及事務性機器設備零售業；F218010 資訊軟體零售業；E605010 電腦設備安裝業；F401010 國際貿易業；JE01010 租賃業；ZZ99999 除許可業務外，得經營法令非禁止或限制之業務,新北市,變更,11509
50856830,得礦科技有限公司,新北市板橋區板新路101號4樓,徐競能,6600000,107/10/16,115/09/07,公司所在地,I301010 資訊軟體服務業；I301020 資料處理服務業；I301030 電子資訊供應服務業；I301040 第三方支付服務業；F401010 國際貿易業；ZZ99999 除許可業務外，得經營法令非禁止或限制之業務,新北市,變更,11509
50857599,德久先進材料股份有限公司,新北市泰山區新北大道7段97號,胡天昶,117800000,107/10/18,115/09/21,特殊補正,C801030 精密化學材料製造業；C801990 其他化學材料製造業；C901010 陶瓷及陶瓷製品製造業；C901990 其他非金屬礦物製品製造業；F107200 化學原料批發業；IF04010 非破壞檢測業；I199990 其他顧問服務業；IG02010 研究發展服務業；F207200 化學原料零售業；F113030 精密儀器批發業,新北市,變更,11509
50868012,智齡科技股份有限公司,新北市新店區北新路三段213號6樓,康仕仲,990860581,107/08/30,115/09/08,發行新股,I103060 管理顧問業；I301010 資訊軟體服務業；I301020 資料處理服務業；I301030 電子資訊供應服務業；F113050 電腦及事務性機器設備批發業；F118010 資訊軟體批發業；F213030 電腦及事務性機器設備零售業；F218010 資訊軟體零售業；F399040 無店面零售業；F401010 國際貿易業,新北市,變更,11509
50885835,美爾頓文化事業有限公司,新北市永和區永和路2段116號4樓,陳中義,100000,107/10/25,115/09/21,股東出資轉讓修正章程,F109070 文教、樂器、育樂用品批發業；J303010 雜誌（期刊）出版業；J304010 圖書出版業；J305010 有聲出版業；J399010 軟體出版業；F113020 電器批發業；F213010 電器零售業；F401010 國際貿易業；I301010 資訊軟體服務業；I501010 產品設計業,新北市,變更,11509
50888093,讀懂科技股份有限公司,新北市三重區光復路1段82之3號10樓,徐金聖,2500000,107/11/01,115/09/08,特殊補正,I103060 管理顧問業；I199990 其他顧問服務業；I301010 資訊軟體服務業；I301020 資料處理服務業；I301030 電子資訊供應服務業；I301040 第三方支付服務業；I301050 實境體感應用服務業；I401010 一般廣告服務業；I599990 其他設計業；IG02010 研究發展服務業,新北市,變更,11509
50890393,慶于資訊股份有限公司,新北市新店區北新路2段90號3樓,楊素琴,1000000,107/11/09,115/09/02,申登機關變更（遷入，含卷）,F113050 電腦及事務性機器設備批發業；F118010 資訊軟體批發業；F213030 電腦及事務性機器設備零售業；F218010 資訊軟體零售業；F401010 國際貿易業；I103060 管理顧問業；I301010 資訊軟體服務業；I301020 資料處理服務業；I301030 電子資訊供應服務業；E605010 電腦設備安裝業,新北市,變更,11509
50901835,繁盛映畫有限公司,新北市三重區環河南路253號4樓,林涵,500000,107/12/14,115/09/17,特殊補正,J401010 電影片製作業；J402010 電影片發行業；J404010 動畫影片製作業；J404050 電影特效製作業；J503020 電視節目製作業；J503030 廣播電視節目發行業；J503040 廣播電視廣告業；I301020 資料處理服務業；I401010 一般廣告服務業；I599990 其他設計業,新北市,變更,11509
50904306,芬芳傳奇貿易有限公司,新北市汐止區弘道街53巷30弄6號2樓,匡柔潔,100000,107/12/22,115/09/02,特殊補正,F399040 無店面零售業；F108040 化粧品批發業；F107030 清潔用品批發業；F401010 國際貿易業；ZZ99999 除許可業務外，得經營法令非禁止或限制之業務；F102170 食品什貨批發業；F203010 食品什貨、飲料零售業；F106020 日常用品批發業；F199990 其他批發業；F206020 日常用品零售業,新北市,變更,11509
50906058,安技威股份有限公司,新北市土城區中山路16之3號2樓,劉瀚升,80000000,100/11/10,115/09/16,特殊補正,CB01010 機械設備製造業；CC01080 電子零組件製造業；CE01010 一般儀器製造業；CE01030 光學儀器製造業；CA04010 表面處理業；E604010 機械安裝業；CQ01010 模具製造業；C702010 製版業；F113030 精密儀器批發業；F213040 精密儀器零售業,新北市,變更,11509
50911572,常旭企業股份有限公司,新北市樹林區三龍街101巷11號（2樓）,林紹宇,8500000,108/02/11,115/09/18,特殊補正,C801100 合成樹脂及塑膠製造業；F106010 五金批發業；F106020 日常用品批發業；CQ01010 模具製造業；ZZ99999 除許可業務外，得經營法令非禁止或限制之業務,新北市,變更,11509
50915508,京倫食品有限公司,新北市淡水區中洲子3號,李惠玲,1000000,108/03/22,115/09/14,增資,F102170 食品什貨批發業；F401010 國際貿易業；I103060 管理顧問業；IZ12010 人力派遣業；IZ99990 其他工商服務業；ZZ99999 除許可業務外，得經營法令非禁止或限制之業務；F102030 菸酒批發業；I102010 一般投資顧問業；F401161 菸類輸入業；F401171 酒類輸入業,新北市,變更,11509
50949562,鑫三崧貿易股份有限公司,新北市中和區橋安街41號4樓,林軒宇,18000000,108/02/20,115/09/14,特殊補正,F101130 蔬果批發業；F401010 國際貿易業；A102020 農產品整理業；C103050 罐頭、冷凍、脫水及醃漬食品製造業；H703100 不動產租賃業；F102170 食品什貨批發業；F201010 農產品零售業；IZ06010 理貨包裝業；ZZ99999 除許可業務外，得經營法令非禁止或限制之業務,新北市,變更,11509
50963070,鑫睿投資有限公司,新北市永和區民權路49巷41號5樓,林德川,5000000,108/08/28,115/09/29,特殊補正,H201010 一般投資業；H703090 不動產買賣業；H703100 不動產租賃業；I199990 其他顧問服務業；IZ99990 其他工商服務業；JZ99990 未分類其他服務業；ZZ99999 除許可業務外，得經營法令非禁止或限制之業務,新北市,變更,11509
50965513,承翊系統整合股份有限公司,新北市新店區安興路117號13樓之3,瑞德投控股份有限公司,81327890,108/09/18,115/09/14,特殊補正,C701010 印刷業；C901020 玻璃及玻璃製品製造業；CA01050 鋼材二次加工業；CA01100 鋁材軋延、伸線、擠型業；CA02010 金屬結構及建築組件製造業；CA02060 金屬容器製造業；CA04010 表面處理業；CB01010 機械設備製造業；CB01030 污染防治設備製造業；CB01990 其他機械製造業,新北市,變更,11509
50969102,元國投資股份有限公司,新北市新店區北新路1段12號18樓,羅光偉,435200000,107/10/29,115/09/09,特殊補正,H201010 一般投資業；H202010 創業投資業；I102010 投資顧問業；I103060 管理顧問業；I199990 其他顧問服務業；HZ02010 金融機構金錢債權收買業務；HZ02020 辦理金融機構金錢債權之評價或拍賣業務；ZZ99999 除許可業務外，得經營法令非禁止或限制之業務,新北市,變更,11509
50972113,沁凌有限公司,新北市中和區中山路2段332巷17號2樓,郭致宏,500000,107/11/15,115/09/11,改推董事/董事長,F106020 日常用品批發業；F107030 清潔用品批發業；F104110 布疋、衣著、鞋、帽、傘、服飾品批發業；F105050 家具、寢具、廚房器具、裝設品批發業；F109070 文教、樂器、育樂用品批發業；F206020 日常用品零售業；F207030 清潔用品零售業；F204110 布疋、衣著、鞋、帽、傘、服飾品零售業；F205040 家具、寢具、廚房器具、裝設品零售業；F209060 文教、樂器、育樂用品零售業,新北市,變更,11509
50974251,品宜有限公司,新北市新店區環河路20號26樓之1,廖家進,300000,107/11/27,115/09/10,特殊補正,F108040 化粧品批發業；F203010 食品什貨、飲料零售業；F208040 化粧品零售業；F209060 文教、樂器、育樂用品零售業；F107030 清潔用品批發業；F401010 國際貿易業；ZZ99999 除許可業務外，得經營法令非禁止或限制之業務；F102180 酒精批發業；F203030 酒精零售業；F207030 清潔用品零售業,新北市,變更,11509
50979468,盛星動力資訊科技股份有限公司,新北市五股區成泰路2段145號,王雅萱,40520000,107/12/22,115/09/09,董事(常務董事.董事長)/監察人解任,CD01030 汽車及其零件製造業；F401010 國際貿易業；F114010 汽車批發業；F114030 汽、機車零件配備批發業；F114990 其他交通運輸工具及其零件批發業；F118010 資訊軟體批發業；F214010 汽車零售業；F214030 汽、機車零件配備零售業；F214050 車胎零售業；F214990 其他交通運輸工具及其零件零售業,新北市,變更,11509
50982040,珍時數位有限公司,新北市淡水區文化路63號12樓,傅子千,1000000,108/01/09,115/09/10,特殊補正,I103060 管理顧問業；I301010 資訊軟體服務業；I301020 資料處理服務業；I301030 電子資訊供應服務業；I401010 一般廣告服務業；I401020 廣告傳單分送業；I501010 產品設計業；IZ09010 管理系統驗證業；IZ10010 排版業；IZ01010 影印業,新北市,變更,11509
50982652,弘二投資有限公司,新北市板橋區陽明街29巷28號3樓,施建中,9600000,108/01/14,115/09/09,增資,H201010 一般投資業,新北市,變更,11509
50983239,中央吊車有限公司,新北市淡水區八勢一街39巷18號4樓之1,鄭穎謙,7000000,108/01/16,115/09/17,公司所營事業變更修正章程,EZ02010 起重工程業；F213080 機械器具零售業；F401010 國際貿易業；E599010 配管工程業；E604010 機械安裝業；ZZ99999 除許可業務外，得經營法令非禁止或限制之業務；JA01010 汽車修理業,新北市,變更,11509
50983575,眾神傳播有限公司,新北市三重區溪尾街39號3樓,陳俊宏,4000000,108/01/18,115/09/23,增資,JZ99030 攝影業；JE01010 租賃業；J602010 演藝活動業；I401010 一般廣告服務業；IZ99990 其他工商服務業；ZZ99999 除許可業務外，得經營法令非禁止或限制之業務；F108031 醫療器材批發業；F208031 醫療器材零售業；F106020 日常用品批發業；F104110 布疋、衣著、鞋、帽、傘、服飾品批發業,新北市,變更,11509
50985172,方度藝術股份有限公司,新北市鶯歌區鳳吉一街11號4樓,王祥齡,4000000,108/01/24,115/09/02,改選董事/監察人(一人法人股東指派董事/監察人),F120010 耐火材料批發業；F111090 建材批發業；F109070 文教、樂器、育樂用品批發業；F106020 日常用品批發業；F106010 五金批發業；F105050 家具、寢具、廚房器具、裝設品批發業；F104110 布疋、衣著、鞋、帽、傘、服飾品批發業；F205040 家具、寢具、廚房器具、裝設品零售業；F401010 國際貿易業；I103060 管理顧問業,新北市,變更,11509
50987707,采樸國際開發有限公司,新北市中和區華新街109巷42號1樓之2,張維銘,5000000,108/02/18,115/09/14,股東出資轉讓修正章程,IZ12010 人力派遣業；J101090 廢棄物清理業；J101020 病媒防治業；J101010 建築物清潔服務業；A102080 園藝服務業；E901010 油漆工程業；E903010 防蝕、防銹工程業；H703090 不動產買賣業；H703100 不動產租賃業；E801020 門窗安裝工程業,新北市,變更,11509
50988558,宏澄金屬有限公司,新北市三重區新北大道2段139巷15號,黃見興,2000000,108/02/21,115/09/22,公司所在地,CC01990 其他電機及電子機械器材製造業；CA01050 鋼材二次加工業；CA02010 金屬結構及建築組件製造業；CA02990 其他金屬製品製造業；CB01990 其他機械製造業；CP01010 手工具製造業；CQ01010 模具製造業；CA01060 鋼線鋼纜製造業；CA01100 鋁材軋延、伸線、擠型業；CA01130 銅材軋延、伸線、擠型業,新北市,變更,11509
50990576,凱思內容創造有限公司,新北市汐止區新台五路1段99號18樓之2,董翠芬,300000,108/03/04,115/09/10,股東出資轉讓修正章程,F399040 無店面零售業；F401010 國際貿易業；I103060 管理顧問業；I199990 其他顧問服務業；I105010 藝術品諮詢顧問業；I301010 資訊軟體服務業；I301020 資料處理服務業；I301030 電子資訊供應服務業；I301040 第三方支付服務業；I301050 實境體感應用服務業,新北市,變更,11509
50994539,星科材料股份有限公司,新北市三重區重陽路3段192號8樓,梁永蜂,29800000,108/03/20,115/09/11,特殊補正,CA01990 其他非鐵金屬基本工業；CA04010 表面處理業；CB01010 機械設備製造業；CC01080 電子零組件製造業；C802990 其他化學製品製造業；C901010 陶瓷及陶瓷製品製造業；F106010 五金批發業；F206010 五金零售業；F213050 度量衡器零售業；F213080 機械器具零售業,新北市,變更,11509
50995256,永豐建設有限公司,新北市樹林區中正路25號3樓,蕭明宏,9000000,108/03/22,115/09/11,公司所在地,H701010 住宅及大樓開發租售業；H701020 工業廠房開發租售業；H701050 投資興建公共建設業；H701060 新市鎮、新社區開發業；H701070 區段徵收及市地重劃代辦業；H702010 建築經理業；H703090 不動產買賣業；H703100 不動產租賃業；F111090 建材批發業；F211010 建材零售業,新北市,變更,11509
50995468,三點水製藝文化股份有限公司,新北市板橋區華東街278之2號3樓,史潔,2000000,108/03/25,115/09/16,特殊補正,F109070 文教、樂器、育樂用品批發業；F206020 日常用品零售業；F208040 化粧品零售業；F209060 文教、樂器、育樂用品零售業；F401010 國際貿易業；F601010 智慧財產權業；I103060 管理顧問業；I105010 藝術品諮詢顧問業；I199990 其他顧問服務業；I401010 一般廣告服務業,新北市,變更,11509
50995517,愛蛋族有限公司,新北市五股區自強路6號5樓,黃志陽,1000000,108/03/25,115/09/07,股東出資轉讓修正章程,F101040 家畜家禽批發業；F101050 水產品批發業；F101130 蔬果批發業；F101990 其他農、畜、水產品批發業；F102170 食品什貨批發業；F107030 清潔用品批發業；F201010 農產品零售業；F201020 畜產品零售業；F201030 水產品零售業；F201990 其他農畜水產品零售業,新北市,變更,11509
50996305,鎰泰精密工業股份有限公司,新北市新莊區建國一路312號5樓,吳弘松,500000,108/03/27,115/09/08,董事/監察人持股變動報備,H201010 一般投資業；H703090 不動產買賣業；H703100 不動產租賃業；CC01080 電子零組件製造業；CC01030 電器及視聽電子產品製造業；CB01990 其他機械製造業；CC01060 有線通信機械器材製造業；CC01070 無線通信機械器材製造業；CC01110 電腦及其週邊設備製造業；CC01990 其他電機及電子機械器材製造業,新北市,變更,11509
50996451,未來領袖教育股份有限公司,新北市林口區文化二路1段561之5號(1樓),呂智鋒,2000000,108/03/27,115/09/29,特殊補正,C701010 印刷業；CC01120 資料儲存媒體製造及複製業；F109070 文教、樂器、育樂用品批發業；F118010 資訊軟體批發業；F209060 文教、樂器、育樂用品零售業；F213030 電腦及事務性機器設備零售業；F218010 資訊軟體零售業；F601010 智慧財產權業；I103060 管理顧問業；I199990 其他顧問服務業,新北市,變更,11509
50997803,葛洛思有限公司,新北市新店區寶橋路27之1號25樓之6,陳俊銘,1000000,108/04/02,115/09/15,特殊補正,F106020 日常用品批發業；F109070 文教、樂器、育樂用品批發業；F118010 資訊軟體批發業；F206020 日常用品零售業；F209060 文教、樂器、育樂用品零售業；F218010 資訊軟體零售業；F401010 國際貿易業；F601010 智慧財產權業；I102010 投資顧問業；I103060 管理顧問業,新北市,變更,11509
52209120,啟弘生物科技股份有限公司,新北市汐止區康寧街169巷103號(3樓),阮大同,353841610,105/05/10,115/09/03,特殊補正,C802041 西藥製造業；F401010 國際貿易業；I101090 食品顧問業；I103060 管理顧問業；I199990 其他顧問服務業；I501010 產品設計業；IC01010 藥品檢驗業；IG01010 生物技術服務業；IG02010 研究發展服務業；ZZ99999 除許可業務外，得經營法令非禁止或限制之業務,新北市,變更,11509
52255496,裕順通運股份有限公司,新北市中和區安和路161號1樓,馬景仲,60000000,62/08/25,115/09/03,改選董事/監察人(一人法人股東指派董事/監察人),G101051 遊覽車客運業；G202010 停車場經營業；G799990 其他運輸輔助業；F114010 汽車批發業；F114020 機車批發業；F114030 汽、機車零件配備批發業；F114050 車胎批發業；F114990 其他交通運輸工具及其零件批發業；F214010 汽車零售業；F214020 機車零售業,新北市,變更,11509
52269007,稼和工程有限公司,新北市板橋區三民路2段36號10樓之1,凌嘉蔚,5000000,105/09/07,115/09/23,股東出資轉讓修正章程,E599010 配管工程業；E601010 電器承裝業；E801010 室內裝潢業；E801020 門窗安裝工程業；E801030 室內輕鋼架工程業；E801040 玻璃安裝工程業；E801070 廚具、衛浴設備安裝工程業；E901010 油漆工程業；E903010 防蝕、防銹工程業；EZ99990 其他工程業,新北市,變更,11509
52338428,幼舜企業有限公司,新北市三重區中正南路214號8樓,孫維佑,700000,105/10/05,115/09/15,申登機關變更（遷入，含卷）,F102170 食品什貨批發業；F107990 其他化學製品批發業；F113070 電信器材批發業；F114030 汽、機車零件配備批發業；F114990 其他交通運輸工具及其零件批發業；F118010 資訊軟體批發業；F119010 電子材料批發業；F207200 化學原料零售業；F207990 其他化學製品零售業；F213060 電信器材零售業,新北市,變更,11509
52357769,西太平洋國際開發股份有限公司,新北市新莊區福慧路200號14樓,王志隆,40000000,105/10/14,115/09/24,特殊補正,H201010 一般投資業；H202010 創業投資業；I102010 投資顧問業；I301010 資訊軟體服務業；I301020 資料處理服務業；I301030 電子資訊供應服務業；F401010 國際貿易業；A301030 水產養殖業；ZZ99999 除許可業務外，得經營法令非禁止或限制之業務；F102030 菸酒批發業,新北市,變更,11509
52411285,寶電儲能股份有限公司,新北市中和區橋和路17號8樓,孫秀龍,90000000,105/11/04,115/09/11,特殊補正,D101060 再生能源自用發電設備業；D401010 熱能供應業；E607010 太陽熱能設備安裝工程業；EZ15010 保溫、保冷安裝工程業；F113110 電池批發業；F114010 汽車批發業；F114020 機車批發業；F114030 汽、機車零件配備批發業；F114990 其他交通運輸工具及其零件批發業；F199990 其他批發業,新北市,變更,11509
52445715,曜豐鼎盛貿易有限公司,新北市汐止區新台五路1段95號14樓之7,黃士航,3250000,105/11/22,115/09/21,改推董事/董事長,F102040 飲料批發業；F107030 清潔用品批發業；F107170 工業助劑批發業；F108040 化粧品批發業；F199990 其他批發業；F207030 清潔用品零售業；F207170 工業助劑零售業；F208040 化粧品零售業；F208050 乙類成藥零售業；F221010 食品添加物零售業,新北市,變更,11509
52468358,台灣永恆數位有限公司,新北市中和區中正路167巷27號5樓之6,下山敬之(SHIMOYAMA TAKAYUKI),100000,105/12/02,115/09/23,特殊補正,F106020 日常用品批發業；F199990 其他批發業；F205040 家具、寢具、廚房器具、裝設品零售業；F206020 日常用品零售業；F299990 其他零售業；F399040 無店面零售業；F401010 國際貿易業；H202010 創業投資業；H703100 不動產租賃業；I103060 管理顧問業,新北市,變更,11509
52536314,源易平國際開發股份有限公司,新北市汐止區汐萬路2段275巷3弄23號,林惠櫻,7000000,106/01/16,115/09/17,減少所營事業變更修正章程,I401010 一般廣告服務業；I503010 景觀、室內設計業；F401010 國際貿易業；H701010 住宅及大樓開發租售業；H703100 不動產租賃業；H703090 不動產買賣業；I501010 產品設計業；I103060 管理顧問業；F205040 家具、寢具、廚房器具、裝設品零售業；F206020 日常用品零售業,新北市,變更,11509
52546925,春鴻旅行社有限公司,新北市淡水區中正路2段42之1號18樓,李永春,6000000,106/01/20,115/09/11,特殊補正,J902011 旅行業,新北市,變更,11509
52556280,海博有限公司,新北市新店區北新路1段86號29樓之6,李宜澤,3300000,106/01/26,115/09/29,特殊補正,F104110 布疋、衣著、鞋、帽、傘、服飾品批發業；F109070 文教、樂器、育樂用品批發業；F108040 化粧品批發業；F105050 家具、寢具、廚房器具、裝設品批發業；F204110 布疋、衣著、鞋、帽、傘、服飾品零售業；F205040 家具、寢具、廚房器具、裝設品零售業；F199990 其他批發業；F206020 日常用品零售業；F208040 化粧品零售業；F401010 國際貿易業,新北市,變更,11509
52590251,霂樺有限公司,新北市汐止區新台五路1段95號18樓之5,呂俊毅,60000,106/03/06,115/09/07,特殊補正,H201010 一般投資業；H701010 住宅及大樓開發租售業；H701020 工業廠房開發租售業；H701050 投資興建公共建設業；H701060 新市鎮、新社區開發業；H703090 不動產買賣業；H703100 不動產租賃業；HZ99990 其他金融、保險及不動產業；I102010 投資顧問業；I103060 管理顧問業,新北市,變更,11509
52614351,大汯數位科技有限公司,新北市中和區民德路152號13樓,吳洆豪,5000000,106/03/22,115/09/15,特殊補正,IZ99990 其他工商服務業；ZZ99999 除許可業務外，得經營法令非禁止或限制之業務；I301030 電子資訊供應服務業；F218010 資訊軟體零售業；I103060 管理顧問業；I301010 資訊軟體服務業；I301020 資料處理服務業；I401010 一般廣告服務業；IZ09010 管理系統驗證業；IZ13010 網路認證服務業,新北市,變更,11509
52626103,華芮工程有限公司,新北市汐止區福德一路8號2樓,洪昌國,300000,106/03/29,115/09/24,申登機關變更（遷入，含卷）,E603050 自動控制設備工程業；E605010 電腦設備安裝業；EZ05010 儀器、儀表安裝工程業；F213040 精密儀器零售業；F213060 電信器材零售業；F217010 消防安全設備零售業；F218010 資訊軟體零售業；F219010 電子材料零售業；F401010 國際貿易業；E599010 配管工程業,新北市,變更,11509
52626146,酷趣企業有限公司,新北市三重區三和路2段55號(1樓),麥瑞那(RANA MAKANSINGH PURANSINGH),500000,106/03/29,115/09/04,公司所在地,F203010 食品什貨、飲料零售業；F204110 布疋、衣著、鞋、帽、傘、服飾品零售業；F206020 日常用品零售業；F401010 國際貿易業；F501030 飲料店業；F501060 餐館業；ZZ99999 除許可業務外，得經營法令非禁止或限制之業務,新北市,變更,11509
52649160,鑫躍科技行銷股份有限公司,新北市汐止區湖前街77巷12弄4號3樓之1,吳學銘,1000000,106/04/17,115/09/01,改選董事/監察人(一人法人股東指派董事/監察人),F118010 資訊軟體批發業；F218010 資訊軟體零售業；F399040 無店面零售業；F399990 其他綜合零售業；F401010 國際貿易業；F601010 智慧財產權業；I103060 管理顧問業；I301010 資訊軟體服務業；I301020 資料處理服務業；I301030 電子資訊供應服務業,新北市,變更,11509
52726953,雲鼎國際整合有限公司,新北市汐止區新台五路1段99號19樓之10,謝炎玲,5000000,106/06/12,115/09/02,特殊補正,ZZ99999 除許可業務外，得經營法令非禁止或限制之業務；CC01080 電子零組件製造業；CC01120 資料儲存媒體製造及複製業；E605010 電腦設備安裝業；F109070 文教、樂器、育樂用品批發業；F113050 電腦及事務性機器設備批發業；F113990 其他機械器具批發業；F118010 資訊軟體批發業；F203010 食品什貨、飲料零售業；F209060 文教、樂器、育樂用品零售業,新北市,變更,11509
52752543,奧肯國際行銷股份有限公司,新北市樹林區三俊街74巷28號(1樓),吳晨綾,5000000,106/06/13,115/09/15,補選董事(常務董事.董事長)/監察人,E801010 室內裝潢業；F102030 菸酒批發業；F102170 食品什貨批發業；F108040 化粧品批發業；F109070 文教、樂器、育樂用品批發業；F203010 食品什貨、飲料零售業；F203020 菸酒零售業；F208040 化粧品零售業；F209060 文教、樂器、育樂用品零售業；F401010 國際貿易業,新北市,變更,11509
52753959,瀚斯有限公司,新北市新莊區福慧路208號4樓,張恩睿,20000000,106/06/14,115/09/23,增資,F106010 五金批發業；F111090 建材批發業；F113020 電器批發業；F117010 消防安全設備批發業；F119010 電子材料批發業；F120010 耐火材料批發業；F206010 五金零售業；F211010 建材零售業；F213010 電器零售業；F217010 消防安全設備零售業,新北市,變更,11509
52862921,米勒微電子有限公司,新北市新店區北新路3段207之1號7樓,劉旭川(Liu XuChuan),3500000,106/07/21,115/09/10,股東出資轉讓修正章程,CC01080 電子零組件製造業；F113030 精密儀器批發業；F113050 電腦及事務性機器設備批發業；F113070 電信器材批發業；F118010 資訊軟體批發業；F119010 電子材料批發業；I501010 產品設計業；ZZ99999 除許可業務外，得經營法令非禁止或限制之業務,新北市,變更,11509
53034161,金實實業股份有限公司,新北市中和區板南路671號2樓,楊秋密,50000000,99/04/29,115/09/17,特殊補正,C103050 罐頭、冷凍、脫水及醃漬食品製造業；C199990 未分類其他食品製造業；F101050 水產品批發業；F101990 其他農、畜、水產品批發業；F401010 國際貿易業；IZ06010 理貨包裝業；H701020 工業廠房開發租售業；ZZ99999 除許可業務外，得經營法令非禁止或限制之業務,新北市,變更,11509
53088623,國光商行股份有限公司,新北市三重區重陽路4段53號(1樓),王雅萱,10000000,99/08/31,115/09/18,申登機關變更（遷入，含卷）,F399990 其他綜合零售業；H703100 不動產租賃業；G202010 停車場經營業；I103060 管理顧問業；ZZ99999 除許可業務外，得經營法令非禁止或限制之業務,新北市,變更,11509
53088742,大尊醫療器材有限公司,新北市五股區五權八路40號(2樓),陳添進,20000000,99/09/01,115/09/30,特殊補正,F106010 五金批發業；F108031 醫療器材批發業；F401010 國際貿易業；ZZ99999 除許可業務外，得經營法令非禁止或限制之業務,新北市,變更,11509
53108178,緯諺實業有限公司,新北市淡水區中山北路1段229號(1樓),蔡緯諺,1000000,99/11/11,115/09/23,特殊補正,F501030 飲料店業；C104020 烘焙炊蒸食品製造業；C199040 豆類加工食品製造業；F102040 飲料批發業；F102170 食品什貨批發業；F203010 食品什貨、飲料零售業；F102050 茶葉批發業；F204110 布疋、衣著、鞋、帽、傘、服飾品零售業；F104110 布疋、衣著、鞋、帽、傘、服飾品批發業；C307010 服飾品製造業,新北市,變更,11509
53108445,佳海國際企業股份有限公司,新北市新店區寶橋路235巷16弄8號8樓,勞開陸,25000000,99/11/12,115/09/11,董事/監察人持股變動報備,F119010 電子材料批發業；F113050 電腦及事務性機器設備批發業；F113110 電池批發業；F107030 清潔用品批發業；F107990 其他化學製品批發業；F113020 電器批發業；F199990 其他批發業；F401010 國際貿易業；ZZ99999 除許可業務外，得經營法令非禁止或限制之業務,新北市,變更,11509
53111482,炬能科技股份有限公司,新北市中和區中正路738號7樓之2,蔡宗偉,50000000,99/11/24,115/09/07,發行新股,F113020 電器批發業；F119010 電子材料批發業；F213010 電器零售業；F219010 電子材料零售業；F401010 國際貿易業；CC01040 照明設備製造業；CC01060 有線通信機械器材製造業；CC01070 無線通信機械器材製造業；CC01080 電子零組件製造業；IZ99990 其他工商服務業,新北市,變更,11509
53114376,偉華建設股份有限公司,新北市林口區文化一路1段122號4樓之2,秦順清,25000000,99/12/03,115/09/21,特殊補正,H701010 住宅及大樓開發租售業；H701020 工業廠房開發租售業；H701060 新市鎮、新社區開發業；H701070 區段徵收及市地重劃代辦業；H701080 都市更新重建業；H701090 都市更新整建維護業；H702010 建築經理業；H703090 不動產買賣業；H703100 不動產租賃業；H703110 老人住宅業,新北市,變更,11509
53134393,石基投資有限公司,新北市汐止區秀山路102巷28號(1樓),何志祥,10721720,99/08/05,115/09/07,公司所在地,H201010 一般投資業,新北市,變更,11509
53135082,七星峰建設股份有限公司,新北市三重區進安街27號10樓,高雅玲,270000000,99/08/06,115/09/22,特殊補正,H701010 住宅及大樓開發租售業；ZZ99999 除許可業務外，得經營法令非禁止或限制之業務,新北市,變更,11509
53173450,廷翰機械股份有限公司,新北市三重區忠孝路3段84巷9號,蔡櫪陞,25000000,99/10/25,115/09/16,增資(資本總額),CB01010 機械設備製造業；F106010 五金批發業；F113010 機械批發業；F119010 電子材料批發業；F401010 國際貿易業；I501010 產品設計業,新北市,變更,11509
53190958,鴻鑫鍊有限公司,新北市樹林區柑園街1段71之7號,鄭至宏,10000000,99/11/08,115/09/15,股東出資轉讓修正章程,CA02990 其他金屬製品製造業；F107030 清潔用品批發業；F106010 五金批發業；F113030 精密儀器批發業；F113050 電腦及事務性機器設備批發業；F112040 石油製品批發業；F401010 國際貿易業；I501010 產品設計業；ZZ99999 除許可業務外，得經營法令非禁止或限制之業務,新北市,變更,11509
53193245,天承生命事業有限公司,新北市板橋區金華街10巷48弄2號,陳淑蕙,1000000,99/11/19,115/09/15,公司遷址修正章程,JZ99050 仲介服務業；JZ99151 殯葬禮儀服務業；F106070 祭祀用品批發業；ZZ99999 除許可業務外，得經營法令非禁止或限制之業務,新北市,變更,11509
53200111,晟詠實業有限公司,新北市三重區新北大道1段92巷8號,林芊秀,3000000,99/12/22,115/09/08,董事/股東地址變更,J101010 建築物清潔服務業；J101030 廢棄物清除業；J101040 廢棄物處理業；J101090 廢棄物清理業；JA02010 電器及電子產品修理業；JE01010 租賃業；E502010 燃料導管安裝工程業；E599010 配管工程業；E601010 電器承裝業；E601020 電器安裝業,新北市,變更,11509
53206537,立峻投資股份有限公司,新北市林口區中北二街65號7樓,康宜宸,10000000,100/01/21,115/09/07,特殊補正,H201010 一般投資業,新北市,變更,11509
53206656,金陛娛樂製作有限公司,新北市林口區源泉街12號(2樓),陳湘莛,1500000,100/01/21,115/09/14,董事/股東更名,F109070 文教、樂器、育樂用品批發業；F601010 智慧財產權業；IZ10010 排版業；IZ12010 人力派遣業；IZ13010 網路認證服務業；J304010 圖書出版業；J305010 有聲出版業；J399990 其他出版業；J601010 藝文服務業；J602010 演藝活動業,新北市,變更,11509
53207830,資茂國際有限公司,新北市林口區南勢一街17巷41號,陳婷妮,6000000,100/01/27,115/09/02,特殊補正,F209060 文教、樂器、育樂用品零售業；F299990 其他零售業；J803020 運動比賽業；F401010 國際貿易業；JE01010 租賃業；I103060 管理顧問業；J803010 運動表演業；JB01010 會議及展覽服務業；F399990 其他綜合零售業；F109070 文教、樂器、育樂用品批發業,新北市,變更,11509
53217909,小周企業有限公司,新北市板橋區華江一路111號3樓之3,周令璿,500000,100/03/24,115/09/22,特殊補正,F113070 電信器材批發業；F119010 電子材料批發業；F213060 電信器材零售業；F219010 電子材料零售業；F399040 無店面零售業；F401010 國際貿易業；IE01010 電信業務門號代辦業；JA02010 電器及電子產品修理業；JE01010 租賃業；ZZ99999 除許可業務外，得經營法令非禁止或限制之業務,新北市,變更,11509
53218793,太陽星實業有限公司,新北市新莊區民樂街65巷21號(1樓),蕭傑勻,2000000,100/03/28,115/09/15,特殊補正,F104110 布疋、衣著、鞋、帽、傘、服飾品批發業；F105050 家具、寢具、廚房器具、裝設品批發業；F106010 五金批發業；F106020 日常用品批發業；F107010 漆料、塗料批發業；F111090 建材批發業；F113020 電器批發業；F113090 交通標誌器材批發業；F115010 首飾及貴金屬批發業；F117010 消防安全設備批發業,新北市,變更,11509
53219012,晨翔資訊有限公司,新北市板橋區溪北路162號,王凱民,10500000,100/03/29,115/09/14,特殊補正,F109070 文教、樂器、育樂用品批發業；F113020 電器批發業；F113030 精密儀器批發業；F113050 電腦及事務性機器設備批發業；F113060 度量衡器批發業；F113070 電信器材批發業；F113110 電池批發業；F116010 照相器材批發業；F118010 資訊軟體批發業；F119010 電子材料批發業,新北市,變更,11509
53219224,洋毅有限公司,新北市新店區安康路3段561巷29號2樓,陳威融,1200000,100/03/29,115/09/14,公司所在地,F102050 茶葉批發業；F102170 食品什貨批發業；F104110 布疋、衣著、鞋、帽、傘、服飾品批發業；F109070 文教、樂器、育樂用品批發業；F203010 食品什貨、飲料零售業；F206020 日常用品零售業；F208050 乙類成藥零售業；F209060 文教、樂器、育樂用品零售業；F213990 其他機械器具零售業；F214030 汽、機車零件配備零售業,新北市,變更,11509
53223959,弘達國際汽車有限公司,新北市泰山區新五路1段147號,游雅仙,20000000,100/04/19,115/09/11,公司所營事業變更修正章程,F114030 汽、機車零件配備批發業；F114010 汽車批發業；F214010 汽車零售業；F214030 汽、機車零件配備零售業；F399040 無店面零售業；F401010 國際貿易業；JA01010 汽車修理業；JA01020 汽車拖吊業；JA01990 其他汽車服務業；JZ99050 仲介服務業,新北市,變更,11509
53225719,閤琉整合行銷股份有限公司,新北市泰山區明志路2段232巷6號,孫華憶,5000000,100/04/26,115/09/07,特殊補正,I301010 資訊軟體服務業；I301020 資料處理服務業；I301030 電子資訊供應服務業；I401010 一般廣告服務業；I401020 廣告傳單分送業；I501010 產品設計業；IZ13010 網路認證服務業；IZ15010 市場研究及民意調查業；F118010 資訊軟體批發業；F218010 資訊軟體零售業,新北市,變更,11509
53225871,娟姐有限公司,新北市土城區中央路4段68巷5號,張秀娟,5000000,100/04/27,115/09/15,增資,F102170 食品什貨批發業；F104110 布疋、衣著、鞋、帽、傘、服飾品批發業；F105050 家具、寢具、廚房器具、裝設品批發業；F106010 五金批發業；F106020 日常用品批發業；F107030 清潔用品批發業；F108040 化粧品批發業；F115020 礦石批發業；F119010 電子材料批發業；F401010 國際貿易業,新北市,變更,11509
53226077,國豪實業有限公司,新北市新店區安興路125之2號6樓,賴嬿惠,1000000,100/04/28,115/09/23,公司所在地,F114030 汽、機車零件配備批發業；F214030 汽、機車零件配備零售業；F113010 機械批發業；F107030 清潔用品批發業；F206010 五金零售業；F213080 機械器具零售業；F213010 電器零售業；F113020 電器批發業；F401010 國際貿易業；F213040 精密儀器零售業,新北市,變更,11509
53226111,宏達能源科技股份有限公司,新北市新莊區瓊林南路137號,李永聰,15000000,100/04/28,115/09/21,特殊補正,CB01010 機械設備製造業；CC01080 電子零組件製造業；CC01110 電腦及其週邊設備製造業；CQ01010 模具製造業；F106030 模具批發業；F113010 機械批發業；F113030 精密儀器批發業；F401010 國際貿易業；IG03010 能源技術服務業；ZZ99999 除許可業務外，得經營法令非禁止或限制之業務,新北市,變更,11509
53315232,台灣迅聯通信股份有限公司,新北市林口區過崙街82號及82號2樓,張玉琅,35000000,100/03/01,115/09/21,特殊補正,CC01070 無線通信機械器材製造業；CC01080 電子零組件製造業；CC01110 電腦及其週邊設備製造業；CC01990 其他電機及電子機械器材製造業；E599010 配管工程業；E601010 電器承裝業；E601020 電器安裝業；E603010 電纜安裝工程業；E603040 消防安全設備安裝工程業；E603050 自動控制設備工程業,新北市,變更,11509
53316611,嘉麟資訊工程有限公司,新北市土城區裕民路244號7樓,張語麟,10000000,100/03/04,115/09/30,增資,ZZ99999 除許可業務外，得經營法令非禁止或限制之業務；E601010 電器承裝業；E603040 消防安全設備安裝工程業；E801010 室內裝潢業；E801020 門窗安裝工程業；E801030 室內輕鋼架工程業；E801040 玻璃安裝工程業；E801070 廚具、衛浴設備安裝工程業；E901010 油漆工程業；E903010 防蝕、防銹工程業,新北市,變更,11509
53318580,昇益汽車有限公司,新北市中和區安順里安平路86號3樓之15,趙宗禹,1000000,100/03/11,115/09/04,公司印鑑變更,F114010 汽車批發業；F114020 機車批發業；F114030 汽、機車零件配備批發業；F114040 自行車及其零件批發業；F114050 車胎批發業；F214010 汽車零售業；F214020 機車零售業；F214030 汽、機車零件配備零售業；F214040 自行車及其零件零售業；F214050 車胎零售業,新北市,變更,11509
53319309,好孕生有限公司,新北市新莊區中央路712號12樓,鄭守箴,27500000,100/03/14,115/09/29,特殊補正,F104110 布疋、衣著、鞋、帽、傘、服飾品批發業；F108040 化粧品批發業；F204110 布疋、衣著、鞋、帽、傘、服飾品零售業；F208040 化粧品零售業；F399040 無店面零售業；F401010 國際貿易業；ZZ99999 除許可業務外，得經營法令非禁止或限制之業務；I103060 管理顧問業,新北市,變更,11509
53320431,養生苑生技有限公司,新北市中和區板南路486號3樓,劉子暘,500000,100/03/17,115/09/04,股東出資轉讓修正章程,F102040 飲料批發業；F102170 食品什貨批發業；F108040 化粧品批發業；F203010 食品什貨、飲料零售業；F208040 化粧品零售業；F299990 其他零售業；F401010 國際貿易業；F205040 家具、寢具、廚房器具、裝設品零售業；IZ06010 理貨包裝業；ZZ99999 除許可業務外，得經營法令非禁止或限制之業務,新北市,變更,11509
53324871,曹操有限公司,新北市板橋區長安街138巷1弄6號,韓丹亞妮(HESTY HANDYANI),1000000,100/03/30,115/09/03,申登機關變更（遷入，含卷）,F203010 食品什貨、飲料零售業；F206020 日常用品零售業；F208040 化粧品零售業；I103060 管理顧問業；I301010 資訊軟體服務業；I301020 資料處理服務業；I301030 電子資訊供應服務業；IZ12010 人力派遣業；IZ99990 其他工商服務業；IZ04010 翻譯業,新北市,變更,11509
53331057,果利生技有限公司,新北市汐止區康寧街169巷31之1號13樓,張天鴻,45000000,100/04/19,115/09/10,增資,F101100 花卉批發業；F101130 蔬果批發業；F101990 其他農、畜、水產品批發業；F102020 食用油脂批發業；F102040 飲料批發業；F102050 茶葉批發業；F102170 食品什貨批發業；F103010 飼料批發業；F107070 動物用藥品批發業；F107080 環境用藥批發業,新北市,變更,11509
53335286,樂意建設股份有限公司,新北市土城區青雲路152號,陳素芳,25000000,100/05/03,115/09/10,改選董事/監察人(一人法人股東指派董事/監察人),H701010 住宅及大樓開發租售業；H701020 工業廠房開發租售業；H701040 特定專業區開發業；H701060 新市鎮、新社區開發業；H701080 都市更新重建業；H701090 都市更新整建維護業；H703090 不動產買賣業；H703100 不動產租賃業；F211010 建材零售業；F301010 百貨公司業,新北市,變更,11509
53337215,良美工程有限公司,新北市新莊區五權一路12巷18號5樓,蔡小吉,10000000,100/05/10,115/09/30,申登機關變更（遷入，含卷）,E603110 冷作工程業；J101010 建築物清潔服務業；IZ12010 人力派遣業；E801010 室內裝潢業；EZ99990 其他工程業；I102010 投資顧問業；H701050 投資興建公共建設業；F199990 其他批發業；F199010 回收物料批發業；J101080 資源回收業,新北市,變更,11509
53411501,郁庭室內裝修工程有限公司,新北市板橋區新生街20巷5號4樓,,500000,100/05/24,115/09/16,解散,E801010 室內裝潢業；E801020 門窗安裝工程業；E801030 室內輕鋼架工程業；E801040 玻璃安裝工程業；E801070 廚具、衛浴設備安裝工程業；E901010 油漆工程業；F111090 建材批發業；F211010 建材零售業；J101010 建築物清潔服務業；EZ99990 其他工程業,新北市,變更,11509
53414269,宸玲企業有限公司,新北市蘆洲區永平街32巷33弄4號2樓,許美珍,4000000,100/06/08,115/09/21,公司外文名稱變更修正章程,F114030 汽、機車零件配備批發業；F114050 車胎批發業；F214030 汽、機車零件配備零售業；F214050 車胎零售業；F399040 無店面零售業；F401010 國際貿易業；ZZ99999 除許可業務外，得經營法令非禁止或限制之業務,新北市,變更,11509
53416457,丞曜科技有限公司,新北市五股區五福路23巷6號,吳曜梆,2000000,100/06/17,115/09/18,修正章程,F107170 工業助劑批發業；F113010 機械批發業；F113030 精密儀器批發業；F113100 污染防治設備批發業；F207170 工業助劑零售業；F213040 精密儀器零售業；F213080 機械器具零售業；F213100 污染防治設備零售業；I501010 產品設計業；I599990 其他設計業,新北市,變更,11509
53418618,光輝合金工業股份有限公司,新北市淡水區北投子62之10號,陳順玲,14600000,100/06/27,115/09/01,公司所在地,CA01080 鍊鋁業；CA01090 鋁鑄造業；CA01100 鋁材軋延、伸線、擠型業；CA02080 金屬鍛造業；CA02090 金屬線製品製造業；CA02990 其他金屬製品製造業；CA02030 螺絲、螺帽、螺絲釘、及鉚釘等製品製造業；CA02060 金屬容器製造業；F106010 五金批發業；F401010 國際貿易業,新北市,變更,11509
53419911,光業有限公司,新北市土城區廣興街39號3樓,許春菊,1000000,100/07/01,115/09/21,股東出資轉讓修正章程,CC01080 電子零組件製造業；CZ99990 未分類其他工業製品製造業；F119010 電子材料批發業；F106010 五金批發業；F199990 其他批發業；ZZ99999 除許可業務外，得經營法令非禁止或限制之業務,新北市,變更,11509
53422541,虹宴餐飲股份有限公司,新北市新莊區後港一路147號2樓,黃屘,25000000,100/07/13,115/09/04,減資,F203010 食品什貨、飲料零售業；F203020 菸酒零售業；F401010 國際貿易業；F501060 餐館業；ZZ99999 除許可業務外，得經營法令非禁止或限制之業務；F101040 家畜家禽批發業；F101050 水產品批發業；F101130 蔬果批發業；F101990 其他農、畜、水產品批發業；F102170 食品什貨批發業,新北市,變更,11509
53429621,無名美工創意有限公司,新北市永和區永貞路287巷2弄2號,陳詩穎,1000000,100/08/11,115/09/07,改推董事/董事長,I401010 一般廣告服務業；I301010 資訊軟體服務業；I301020 資料處理服務業；I301030 電子資訊供應服務業；I503010 景觀、室內設計業；IZ01010 影印業；IZ02010 打字業；IZ10010 排版業；IZ12010 人力派遣業；E801010 室內裝潢業,新北市,變更,11509
53429761,鉅典科技股份有限公司,新北市中和區中山路2段359巷6號5樓,林俊銘,16000000,100/08/12,115/09/08,公司所營事業變更修正章程,F113050 電腦及事務性機器設備批發業；F113070 電信器材批發業；F118010 資訊軟體批發業；F213030 電腦及事務性機器設備零售業；F213060 電信器材零售業；F218010 資訊軟體零售業；E605010 電腦設備安裝業；F399040 無店面零售業；F401010 國際貿易業；I103060 管理顧問業,新北市,變更,11509
53430649,祖德素食有限公司,新北市新莊區復興路3段54號,巫順興,5000000,100/08/17,115/09/04,股東出資轉讓修正章程,F102170 食品什貨批發業；F102040 飲料批發業；F203010 食品什貨、飲料零售業；F401010 國際貿易業；ZZ99999 除許可業務外，得經營法令非禁止或限制之業務,新北市,變更,11509
53433955,喬鈺針織有限公司,新北市樹林區東順街83號(1樓),李彥錦,500000,100/08/31,115/09/29,公司所在地,C399990 其他紡織及製品製造業；C306010 成衣業；C301010 紡紗業；C302010 織布業；F401010 國際貿易業；C307010 服飾品製造業；ZZ99999 除許可業務外，得經營法令非禁止或限制之業務；F104110 布疋、衣著、鞋、帽、傘、服飾品批發業；F204110 布疋、衣著、鞋、帽、傘、服飾品零售業,新北市,變更,11509
53434390,廣誠水資源股份有限公司,新北市新莊區思源路347號2樓,陳銘梓,29000000,100/09/02,115/09/11,特殊補正,D101040 非屬公用之發電業；D101050 汽電共生業；CB01010 機械設備製造業；CB01030 污染防治設備製造業；CB01990 其他機械製造業；CE01010 一般儀器製造業；E401010 疏濬業；E402010 沙石、淤泥海拋業；E502010 燃料導管安裝工程業；E599010 配管工程業,新北市,變更,11509
53434700,振昱電子股份有限公司,新北市樹林區忠信街14號4樓,林義璿,30000000,100/09/02,115/09/16,特殊補正,CC01080 電子零組件製造業；F119010 電子材料批發業；F113050 電腦及事務性機器設備批發業；ZZ99999 除許可業務外，得經營法令非禁止或限制之業務,新北市,變更,11509
53435166,瀚能股份有限公司,新北市樹林區三龍街133號,張清溪,5000000,100/09/06,115/09/10,改選董事/監察人(一人法人股東指派董事/監察人),F106030 模具批發業；F113010 機械批發業；F119010 電子材料批發業；F106010 五金批發業；F113030 精密儀器批發業；F113050 電腦及事務性機器設備批發業；E604010 機械安裝業；E605010 電腦設備安裝業；EZ05010 儀器、儀表安裝工程業；JA02990 其他修理業,新北市,變更,11509
53452501,重點科技股份有限公司,新北市中和區連城路192號8樓,朱家良,500000,100/10/13,115/09/01,改選董事/監察人(一人法人股東指派董事/監察人),CC01060 有線通信機械器材製造業；CC01070 無線通信機械器材製造業；CC01080 電子零組件製造業；F401010 國際貿易業；I199990 其他顧問服務業；I301010 資訊軟體服務業；I501010 產品設計業；H201010 一般投資業；ZZ99999 除許可業務外，得經營法令非禁止或限制之業務,新北市,變更,11509
53455367,泰佶科技有限公司,新北市新店區民權路105之4號4樓,袁倫傑,5000000,100/10/27,115/09/08,改推董事/董事長,CC01110 電腦及其週邊設備製造業；F113050 電腦及事務性機器設備批發業；F119010 電子材料批發業；F213030 電腦及事務性機器設備零售業；F219010 電子材料零售業；F401010 國際貿易業；I301010 資訊軟體服務業；I301020 資料處理服務業；I301030 電子資訊供應服務業；I501010 產品設計業,新北市,變更,11509
53455789,盟喆有限公司,新北市新店區檳榔路20號4樓,陸聖喆,6000000,100/10/28,115/09/30,公司外文名稱登記修正章程,F107020 染料、顏料批發業；F109070 文教、樂器、育樂用品批發業；F207020 染料、顏料零售業；F209060 文教、樂器、育樂用品零售業；F401010 國際貿易業；I105010 藝術品諮詢顧問業；I401010 一般廣告服務業；I501010 產品設計業；ZZ99999 除許可業務外，得經營法令非禁止或限制之業務；E801010 室內裝潢業,新北市,變更,11509
53456083,悠久國際企業有限公司,新北市中和區興南路1段175號(1樓),張秀菊,1500000,100/10/31,115/09/22,特殊補正,F101050 水產品批發業；F106010 五金批發業；F113030 精密儀器批發業；F119010 電子材料批發業；F401010 國際貿易業；H703090 不動產買賣業；H703100 不動產租賃業；I102010 投資顧問業；I103060 管理顧問業；I199990 其他顧問服務業,新北市,變更,11509
53458907,冠菁資產有限公司,新北市新莊區中華路2段260號15樓,李敏瑄,50000,100/11/16,115/09/02,改推董事/董事長,F401010 國際貿易業；I102010 投資顧問業；I103060 管理顧問業；I301020 資料處理服務業；JD01010 工商徵信服務業；JZ99050 仲介服務業；F601010 智慧財產權業；IZ13010 網路認證服務業；HZ02010 金融機構金錢債權收買業務；HZ02020 辦理金融機構金錢債權之評價或拍賣業務,新北市,變更,11509
53460875,宗福科技股份有限公司,新北市三重區重新路5段609巷20號10樓之2,葉美秀,13000000,100/11/25,115/09/01,增資(資本總額),F113050 電腦及事務性機器設備批發業；F116010 照相器材批發業；F118010 資訊軟體批發業；F119010 電子材料批發業；F213030 電腦及事務性機器設備零售業；F216010 照相器材零售業；F218010 資訊軟體零售業；F219010 電子材料零售業；CB01020 事務機器製造業；CC01060 有線通信機械器材製造業,新北市,變更,11509
53462825,盛郁金屬有限公司,新北市樹林區三俊街261號,蔡深順,1000000,100/12/06,115/09/16,董事/股東更名,CA02030 螺絲、螺帽、螺絲釘、及鉚釘等製品製造業；CQ01010 模具製造業；F106010 五金批發業；F106030 模具批發業；F401010 國際貿易業；ZZ99999 除許可業務外，得經營法令非禁止或限制之業務,新北市,變更,11509
53465787,遙越科技股份有限公司,新北市深坑區北深路3段270巷11號3樓,黃永昇,25000000,100/12/20,115/09/18,變更組織,ZZ99999 除許可業務外，得經營法令非禁止或限制之業務；CC01080 電子零組件製造業；CC01990 其他電機及電子機械器材製造業；F401021 電信管制射頻器材輸入業,新北市,變更,11509
53466322,保成工程有限公司,新北市板橋區民生路3段317號3樓之2,王淑燕,1000000,100/12/23,115/09/24,公司所在地,CE01010 一般儀器製造業；CE01030 光學儀器製造業；F401010 國際貿易業；E801040 玻璃安裝工程業；C901020 玻璃及玻璃製品製造業；ZZ99999 除許可業務外，得經營法令非禁止或限制之業務,新北市,變更,11509
53484834,昭揚科技股份有限公司,新北市泰山區明志路3段341巷1弄18號(1樓),李建國,22440000,100/06/29,115/09/15,特殊補正,F107020 染料、顏料批發業；F107170 工業助劑批發業；F107990 其他化學製品批發業；F104110 布疋、衣著、鞋、帽、傘、服飾品批發業；F109070 文教、樂器、育樂用品批發業；F113050 電腦及事務性機器設備批發業；F119010 電子材料批發業；F207020 染料、顏料零售業；F207170 工業助劑零售業；F207990 其他化學製品零售業,新北市,變更,11509
53511902,旺旺興建設股份有限公司,新北市三重區成功路80號11樓,張麗珠,38880000,100/08/22,115/09/18,改選董事/監察人(一人法人股東指派董事/監察人),H701010 住宅及大樓開發租售業；H701020 工業廠房開發租售業；H701050 投資興建公共建設業；H701060 新市鎮、新社區開發業；H701030 殯葬場所開發租售業；F111090 建材批發業；F211010 建材零售業；B601010 土石採取業；I401010 一般廣告服務業；H703090 不動產買賣業,新北市,變更,11509
53522680,昶睿科技有限公司,新北市永和區民權路1巷14號(1樓),黃宇綸,5000000,100/07/28,115/09/17,特殊補正,CC01070 無線通信機械器材製造業；CC01110 電腦及其週邊設備製造業；CC01120 資料儲存媒體製造及複製業；E605010 電腦設備安裝業；F113020 電器批發業；F113030 精密儀器批發業；F113050 電腦及事務性機器設備批發業；F118010 資訊軟體批發業；F119010 電子材料批發業；F213030 電腦及事務性機器設備零售業,新北市,變更,11509
53539280,創意同仁開發股份有限公司,新北市中和區橋安街12號9樓,楊耀欽,5000000,100/09/26,115/09/23,改選董事/監察人(一人法人股東指派董事/監察人),C104020 烘焙炊蒸食品製造業；F102030 菸酒批發業；F102040 飲料批發業；F102170 食品什貨批發業；F105050 家具、寢具、廚房器具、裝設品批發業；F108040 化粧品批發業；F203010 食品什貨、飲料零售業；F203020 菸酒零售業；F205040 家具、寢具、廚房器具、裝設品零售業；F208040 化粧品零售業,新北市,變更,11509
53551087,台灣挑戰者有限公司,新北市蘆洲區三民路279號,郭熙,3823001,100/11/01,115/09/24,申登機關變更（遷入，含卷）,JA01010 汽車修理業；JA01020 汽車拖吊業；JA01040 液化石油氣車改裝業；JA01990 其他汽車服務業；J202010 產業育成業；JA02020 機車修理業；JA02030 自行車修理業；JE01010 租賃業；JZ99050 仲介服務業；I102010 投資顧問業,新北市,變更,11509
53551093,雋景有限公司,新北市板橋區新海路427號5樓,莊雅惠,5000000,100/11/01,115/09/10,公司所在地,F102040 飲料批發業；F102050 茶葉批發業；F102170 食品什貨批發業；F104110 布疋、衣著、鞋、帽、傘、服飾品批發業；F109070 文教、樂器、育樂用品批發業；F113050 電腦及事務性機器設備批發業；F118010 資訊軟體批發業；F203010 食品什貨、飲料零售業；F204110 布疋、衣著、鞋、帽、傘、服飾品零售業；F209060 文教、樂器、育樂用品零售業,新北市,變更,11509
53554583,研尚科技股份有限公司,新北市三重區重陽路1段1號3樓,齊永光,3500000,100/11/15,115/09/16,改選董事/監察人(一人法人股東指派董事/監察人),CC01030 電器及視聽電子產品製造業；CC01080 電子零組件製造業；CC01110 電腦及其週邊設備製造業；E605010 電腦設備安裝業；F106030 模具批發業；F113010 機械批發業；F113050 電腦及事務性機器設備批發業；F113070 電信器材批發業；F118010 資訊軟體批發業；F119010 電子材料批發業,新北市,變更,11509
53680511,翔達光電股份有限公司,新北市新莊區福營路326號10樓,林欣玫,10000000,101/01/17,115/09/04,改選董事/監察人(一人法人股東指派董事/監察人),I301010 資訊軟體服務業；I301020 資料處理服務業；I301030 電子資訊供應服務業；I401010 一般廣告服務業；I501010 產品設計業；IZ13010 網路認證服務業；JZ99050 仲介服務業；E603050 自動控制設備工程業；E605010 電腦設備安裝業；E701020 衛星電視ＫＵ頻道、Ｃ頻道器材安裝業,新北市,變更,11509
53681568,金鞍股份有限公司,新北市三重區重新路5段609巷18號4樓,馬文軒,28000000,101/01/30,115/09/16,改選董事/監察人(一人法人股東指派董事/監察人),CC01080 電子零組件製造業；F119010 電子材料批發業；F401010 國際貿易業；F601010 智慧財產權業；H703090 不動產買賣業；H703100 不動產租賃業；I102010 投資顧問業；I103060 管理顧問業；I501010 產品設計業；ZZ99999 除許可業務外，得經營法令非禁止或限制之業務,新北市,變更,11509
53685706,鴻達電能科技股份有限公司,新北市新店區寶中路88號5樓,朱雅倩,65000000,101/02/21,115/09/24,特殊補正,F119010 電子材料批發業；F219010 電子材料零售業；F106010 五金批發業；F113020 電器批發業；F113030 精密儀器批發業；F113050 電腦及事務性機器設備批發業；F113070 電信器材批發業；F113110 電池批發業；F113990 其他機械器具批發業；F118010 資訊軟體批發業,新北市,變更,11509
53689230,小小衣衫國際有限公司,新北市永和區信義路25巷19弄13之2號3樓,張書良,500000,101/03/08,115/09/22,特殊補正,F104110 布疋、衣著、鞋、帽、傘、服飾品批發業；F109070 文教、樂器、育樂用品批發業；F110020 眼鏡批發業；F115010 首飾及貴金屬批發業；F204110 布疋、衣著、鞋、帽、傘、服飾品零售業；F209060 文教、樂器、育樂用品零售業；F210020 眼鏡零售業；F215010 首飾及貴金屬零售業；F399040 無店面零售業；F399990 其他綜合零售業,新北市,變更,11509
53690145,赫盛光電股份有限公司,新北市新店區寶強路8號12樓,廖登鎮,10000000,101/03/13,115/09/04,改選董事/監察人(一人法人股東指派董事/監察人),CB01010 機械設備製造業；CB01020 事務機器製造業；CC01070 無線通信機械器材製造業；CC01080 電子零組件製造業；CC01990 其他電機及電子機械器材製造業；CE01990 其他光學及精密器械製造業；F118010 資訊軟體批發業；F119010 電子材料批發業；F219010 電子材料零售業；F401010 國際貿易業,新北市,變更,11509
53691778,新銓泰興業有限公司,新北市樹林區保安街2段181之1號2樓,吳宗翰,3000000,101/03/20,115/09/01,公司所在地,ZZ99999 除許可業務外，得經營法令非禁止或限制之業務；CA02030 螺絲、螺帽、螺絲釘、及鉚釘等製品製造業；CA02060 金屬容器製造業；CB01010 機械設備製造業；CC01080 電子零組件製造業；CC01110 電腦及其週邊設備製造業；CC01990 其他電機及電子機械器材製造業；CD01030 汽車及其零件製造業；CD01040 機車及其零件製造業；CE01010 一般儀器製造業,新北市,變更,11509
53692278,理元投資有限公司,新北市汐止區秀山路102巷28號(1樓),廖月味,7200000,101/03/22,115/09/16,特殊補正,H201010 一般投資業,新北市,變更,11509
53693537,豐凡實業股份有限公司,新北市板橋區文化路2段175號10樓之2,杜欣聰,20000000,101/03/27,115/09/10,改選董事/監察人(一人法人股東指派董事/監察人),F102170 食品什貨批發業；F106010 五金批發業；F111090 建材批發業；F113050 電腦及事務性機器設備批發業；F113070 電信器材批發業；F113110 電池批發業；F118010 資訊軟體批發業；F119010 電子材料批發業；F199990 其他批發業；F211010 建材零售業,新北市,變更,11509
53695021,勝鑫雷射股份有限公司,新北市五股區五權六路10號,戴清賢,32000000,101/04/02,115/09/02,改選董事/監察人(一人法人股東指派董事/監察人),CA01050 鋼材二次加工業；F106010 五金批發業；H703100 不動產租賃業；CA02990 其他金屬製品製造業；CB01010 機械設備製造業；F111090 建材批發業；F206010 五金零售業；F211010 建材零售業；F401010 國際貿易業；ZZ99999 除許可業務外，得經營法令非禁止或限制之業務,新北市,變更,11509
53695508,彩虹流行服飾股份有限公司,新北市土城區中華路2段210號(2樓),邱致嘉,3100000,101/04/05,115/09/21,改選董事/監察人(一人法人股東指派董事/監察人),F104110 布疋、衣著、鞋、帽、傘、服飾品批發業；F204110 布疋、衣著、鞋、帽、傘、服飾品零售業；F209060 文教、樂器、育樂用品零售業；F399040 無店面零售業；F401010 國際貿易業；F108040 化粧品批發業；F208040 化粧品零售業；F203010 食品什貨、飲料零售業；F399990 其他綜合零售業；F205040 家具、寢具、廚房器具、裝設品零售業,新北市,變更,11509
53704909,群洋房屋仲介經紀有限公司,新北市永和區中和路415號(1、2樓),蔡宇寰,5000000,101/05/16,115/09/02,特殊補正,H704031 不動產仲介經紀業；I301020 資料處理服務業；I301030 電子資訊供應服務業；I401010 一般廣告服務業；I401020 廣告傳單分送業；H701060 新市鎮、新社區開發業；H701070 區段徵收及市地重劃代辦業；H704041 不動產代銷經紀業；H703100 不動產租賃業；H706011 租賃住宅代管業,新北市,變更,11509
53708187,菘發開發股份有限公司,新北市土城區中央路1段270號21樓之2,林長寅,337500000,101/06/01,115/09/17,董事/監察人地址變更,F106070 祭祀用品批發業；F199990 其他批發業；F203020 菸酒零售業；F206060 祭祀用品零售業；F299990 其他零售業；F401010 國際貿易業；H701010 住宅及大樓開發租售業；H701020 工業廠房開發租售業；H701040 特定專業區開發業；H701050 投資興建公共建設業,新北市,變更,11509
53711296,志億營造股份有限公司,新北市中和區水源路2巷4號4樓,連麗慧,24340000,101/06/15,115/09/02,公司所在地,E101011 綜合營造業；E401010 疏濬業；E402010 沙石、淤泥海拋業；E604010 機械安裝業；E801010 室內裝潢業；E801020 門窗安裝工程業；E801030 室內輕鋼架工程業；E801040 玻璃安裝工程業；E801070 廚具、衛浴設備安裝工程業；E901010 油漆工程業,新北市,變更,11509
53723672,台亦晏開發股份有限公司,新北市淡水區民權路183巷18號(1樓),蔡雅玲,10000000,101/08/16,115/09/21,改選董事/監察人(一人法人股東指派董事/監察人),E801010 室內裝潢業；E801020 門窗安裝工程業；E801030 室內輕鋼架工程業；E801040 玻璃安裝工程業；E801070 廚具、衛浴設備安裝工程業；F107010 漆料、塗料批發業；F111090 建材批發業；F113010 機械批發業；F115020 礦石批發業；F117010 消防安全設備批發業,新北市,變更,11509
53724530,奎高有限公司,新北市板橋區文化路1段285巷2弄52號1樓,林俞均,3000000,101/08/20,115/09/09,董事/股東地址變更,F399040 無店面零售業；F401010 國際貿易業；F601010 智慧財產權業；I301010 資訊軟體服務業；I301020 資料處理服務業；I301030 電子資訊供應服務業；ZZ99999 除許可業務外，得經營法令非禁止或限制之業務,新北市,變更,11509
53745021,思格數位媒體有限公司,新北市林口區文化三路1段622號9樓,翁健誠,500000,101/03/09,115/09/15,公司名稱變更修正章程,I301010 資訊軟體服務業；I301020 資料處理服務業；I301030 電子資訊供應服務業；I301060 網路廣告平臺業；I401010 一般廣告服務業；IZ15010 市場研究及民意調查業；ZZ99999 除許可業務外，得經營法令非禁止或限制之業務,新北市,變更,11509
53748104,勁鋒電子材料有限公司,新北市林口區文化三路2段221之1號,劉軒辰,3470000,101/03/21,115/09/01,特殊補正,F107170 工業助劑批發業；F107190 塑膠膜、袋批發業；F109070 文教、樂器、育樂用品批發業；F113050 電腦及事務性機器設備批發業；F119010 電子材料批發業；F401010 國際貿易業；ZZ99999 除許可業務外，得經營法令非禁止或限制之業務,新北市,變更,11509
53759039,富得工程有限公司,新北市中和區中山路2段332巷1號7樓,楊錫忠,11000000,101/04/24,115/09/11,特殊補正,F105050 家具、寢具、廚房器具、裝設品批發業；F401010 國際貿易業；F106010 五金批發業；F111090 建材批發業；E599010 配管工程業；E601010 電器承裝業；E603040 消防安全設備安裝工程業；E603050 自動控制設備工程業；E603090 照明設備安裝工程業；E604010 機械安裝業,新北市,變更,11509
53837561,增廣電子科技有限公司,新北市三峽區三樹路168巷46號,廖國富,10000000,101/04/24,115/09/23,申登機關變更（遷入，含卷）,F113030 精密儀器批發業；F113990 其他機械器具批發業；F118010 資訊軟體批發業；F119010 電子材料批發業；F213040 精密儀器零售業；F218010 資訊軟體零售業；F219010 電子材料零售業；F401010 國際貿易業；I301010 資訊軟體服務業；I301030 電子資訊供應服務業,新北市,變更,11509
53857572,興祝有限公司,新北市樹林區三俊街159巷13號,謝金祝,1000000,101/05/31,115/09/04,申登機關變更（遷入，含卷）,F106010 五金批發業；F106030 模具批發業；F113010 機械批發業；F113020 電器批發業；F113030 精密儀器批發業；F113050 電腦及事務性機器設備批發業；F119010 電子材料批發業；F206010 五金零售業；F206030 模具零售業；F213030 電腦及事務性機器設備零售業,新北市,變更,11509
53925656,叡蓁應材有限公司,新北市板橋區民生路2段240巷68號20樓之9,張金峰,3500000,101/08/23,115/09/30,改推董事/董事長,F106010 五金批發業；F107010 漆料、塗料批發業；F107030 清潔用品批發業；F107200 化學原料批發業；F107990 其他化學製品批發業；F113010 機械批發業；F119010 電子材料批發業；F206010 五金零售業；F207010 漆料、塗料零售業；F207030 清潔用品零售業,新北市,變更,11509
53932410,豐宥科技股份有限公司,新北市汐止區新台五路1段93號16樓,簡承盈,37589870,101/09/18,115/09/04,申登機關變更（遷入，含卷）,I301010 資訊軟體服務業；IG01010 生物技術服務業；IG02010 研究發展服務業；ZZ99999 除許可業務外，得經營法令非禁止或限制之業務,新北市,變更,11509
53935319,謙鑫實業股份有限公司,新北市淡水區中正東路2段27之2號8樓,黃玉振,1210000,101/09/26,115/09/17,改選董事/監察人(一人法人股東指派董事/監察人),F109070 文教、樂器、育樂用品批發業；F113050 電腦及事務性機器設備批發業；F118010 資訊軟體批發業；F119010 電子材料批發業；F209060 文教、樂器、育樂用品零售業；F213030 電腦及事務性機器設備零售業；F218010 資訊軟體零售業；F219010 電子材料零售業；F399040 無店面零售業；F401010 國際貿易業,新北市,變更,11509
53948031,安恩嘉股份有限公司,新北市三重區重新路4段97號29樓之1,林茂昌,50000000,101/11/05,115/09/16,特殊補正,CC01080 電子零組件製造業；CE01030 光學儀器製造業；F107030 清潔用品批發業；F116010 照相器材批發業；F118010 資訊軟體批發業；F119010 電子材料批發業；F201010 農產品零售業；F401010 國際貿易業；I301010 資訊軟體服務業；I199990 其他顧問服務業,新北市,變更,11509
53948551,古氏國際有限公司,新北市中和區景平路410號,古智光,3000000,101/11/06,115/09/30,公司所營事業變更修正章程,EZ99990 其他工程業；E801010 室內裝潢業；E901010 油漆工程業；E903010 防蝕、防銹工程業；F111090 建材批發業；F211010 建材零售業；F113020 電器批發業；F113050 電腦及事務性機器設備批發業；F113070 電信器材批發業；F113110 電池批發業,新北市,變更,11509
53966430,永瀚金屬有限公司,新北市三峽區中園街104之5號,葉家昌,10000000,101/07/31,115/09/30,特殊補正,F106010 五金批發業；F107170 工業助劑批發業；F107990 其他化學製品批發業；F401010 國際貿易業；CA02990 其他金屬製品製造業；ZZ99999 除許可業務外，得經營法令非禁止或限制之業務,新北市,變更,11509
53973565,上華精密科技股份有限公司,新北市中和區連城路268號3樓之1,徐得財,7000000,101/08/17,115/09/16,特殊補正,CB01010 機械設備製造業；CC01030 電器及視聽電子產品製造業；CC01080 電子零組件製造業；CC01110 電腦及其週邊設備製造業；CD01030 汽車及其零件製造業；CE01010 一般儀器製造業；CE01030 光學儀器製造業；CQ01010 模具製造業；F106030 模具批發業；F113010 機械批發業,新北市,變更,11509
53975917,品創科技有限公司,新北市汐止區水源路2段36巷9號4樓,郭曉芬,1000000,101/08/23,115/09/29,特殊補正,F113020 電器批發業；F213010 電器零售業；F401010 國際貿易業；ZZ99999 除許可業務外，得經營法令非禁止或限制之業務；I401010 一般廣告服務業；I501010 產品設計業；I599990 其他設計業；JE01010 租賃業；H703100 不動產租賃業,新北市,變更,11509
54010552,陽明企業有限公司,新北市三重區力行路1段89巷10號3樓,黃琬婷,23000000,101/09/19,115/09/23,特殊補正,G202010 停車場經營業；I103060 管理顧問業；I199990 其他顧問服務業；F399040 無店面零售業；ZZ99999 除許可業務外，得經營法令非禁止或限制之業務；J101010 建築物清潔服務業；IZ12010 人力派遣業；F209060 文教、樂器、育樂用品零售業；F501030 飲料店業；F203010 食品什貨、飲料零售業,新北市,變更,11509
54013214,照鴻工業有限公司,新北市新莊區中華路2段280號3樓,鄭秉豪,3200000,101/10/03,115/09/16,董事/股東更名,F106010 五金批發業；F106030 模具批發業；F113010 機械批發業；F113030 精密儀器批發業；F113060 度量衡器批發業；F119010 電子材料批發業；F213080 機械器具零售業；F401010 國際貿易業；CB01010 機械設備製造業；ZZ99999 除許可業務外，得經營法令非禁止或限制之業務,新北市,變更,11509
54016562,品閎實業有限公司,新北市中和區立德街213號,黃隆富,500000,101/10/19,115/09/16,董事/股東地址變更,C601040 加工紙製造業；C701010 印刷業；C702010 製版業；C703010 印刷品裝訂及加工業；F401010 國際貿易業；H701010 住宅及大樓開發租售業；H701020 工業廠房開發租售業；H703090 不動產買賣業；H703100 不動產租賃業；I301010 資訊軟體服務業,新北市,變更,11509
54017128,沐竹結有限公司,新北市三重區安慶街230號2樓,津田真子,100000,101/10/23,115/09/01,特殊補正,F203010 食品什貨、飲料零售業；F206020 日常用品零售業；F208040 化粧品零售業；F399040 無店面零售業；F401010 國際貿易業；I103060 管理顧問業；ZZ99999 除許可業務外，得經營法令非禁止或限制之業務,新北市,變更,11509
54017366,勇順號誌有限公司,新北市汐止區福德一路86巷45號3樓,宋品佑,1000000,101/10/24,115/09/10,公司所在地,E603080 交通號誌安裝工程業；EZ02010 起重工程業；EZ06010 交通標示工程業；EZ07010 鑽孔工程業；F113090 交通標誌器材批發業；F213090 交通標誌器材零售業；ZZ99999 除許可業務外，得經營法令非禁止或限制之業務,新北市,變更,11509
54019688,展樂文化有限公司,新北市中和區中正路863之2號3樓,魏志忠,1500000,101/11/05,115/09/16,公司所在地,E601010 電器承裝業；E601020 電器安裝業；E801010 室內裝潢業；EZ05010 儀器、儀表安裝工程業；EZ14010 運動場地用設備工程業；F104110 布疋、衣著、鞋、帽、傘、服飾品批發業；F105050 家具、寢具、廚房器具、裝設品批發業；F106010 五金批發業；F109070 文教、樂器、育樂用品批發業；F113020 電器批發業,新北市,變更,11509
54021158,喜多砥石股份有限公司,新北市鶯歌區大湖路185巷9弄9之1號,卓錦祥,6000000,101/11/12,115/09/17,增資(資本總額),C901990 其他非金屬礦物製品製造業；CA02990 其他金屬製品製造業；CA03010 熱處理業；CA04010 表面處理業；CC01080 電子零組件製造業；CQ01010 模具製造業；F119010 電子材料批發業；F401010 國際貿易業；ZZ99999 除許可業務外，得經營法令非禁止或限制之業務,新北市,變更,11509
54021973,生華生物科技股份有限公司,新北市新店區北新路3段225號10樓,胡定吾,1149036200,101/11/16,115/09/02,發行新股,C801990 其他化學材料製造業；F107200 化學原料批發業；F107990 其他化學製品批發業；F108021 西藥批發業；F208021 西藥零售業；F401010 國際貿易業；F601010 智慧財產權業；I102010 投資顧問業；I103060 管理顧問業；IC01010 藥品檢驗業,新北市,變更,11509
54028639,威智機械企業有限公司,新北市蘆洲區中興街11號(1樓),張建一,500000,101/12/18,115/09/09,特殊補正,F113010 機械批發業；F113030 精密儀器批發業；F113050 電腦及事務性機器設備批發業；F119010 電子材料批發業；F106030 模具批發業；F113990 其他機械器具批發業；F401010 國際貿易業；CB01010 機械設備製造業；ZZ99999 除許可業務外，得經營法令非禁止或限制之業務,新北市,變更,11509
54028862,泰特國際股份有限公司,新北市中和區橋和路122之1號(1樓),劉家安,10000000,101/12/19,115/09/09,改選董事/監察人(一人法人股東指派董事/監察人),F108040 化粧品批發業；F208040 化粧品零售業；F401010 國際貿易業；JZ99080 美容美髮服務業；JZ99990 未分類其他服務業；F107010 漆料、塗料批發業；F107020 染料、顏料批發業；F107200 化學原料批發業；F207200 化學原料零售業；ZZ99999 除許可業務外，得經營法令非禁止或限制之業務,新北市,變更,11509
54032747,正宜投資有限公司,新北市板橋區三民路1段1巷16之2號(3樓),黃淑芬,6380000,102/01/10,115/09/02,股東出資轉讓修正章程,H201010 一般投資業,新北市,變更,11509
54033128,遠見電子股份有限公司,新北市三重區重新路5段609巷18號3樓之6,郭致成,10000000,102/01/11,115/09/17,改選董事/監察人(一人法人股東指派董事/監察人),CC01060 有線通信機械器材製造業；CC01070 無線通信機械器材製造業；CC01080 電子零組件製造業；CC01990 其他電機及電子機械器材製造業；CD01030 汽車及其零件製造業；CE01030 光學儀器製造業；F119010 電子材料批發業；F401010 國際貿易業；F601010 智慧財產權業；I501010 產品設計業,新北市,變更,11509
54033886,亞撒生物科技股份有限公司,新北市新店區中央六街70號1樓,白哲芳,35000000,102/01/15,115/09/18,特殊補正,I103060 管理顧問業；I501010 產品設計業；IG01010 生物技術服務業；IG02010 研究發展服務業；IZ12010 人力派遣業；F401010 國際貿易業；F601010 智慧財產權業；ZZ99999 除許可業務外，得經營法令非禁止或限制之業務；F208031 醫療器材零售業；F108031 醫療器材批發業,新北市,變更,11509
54038094,渤訊科技股份有限公司,新北市新店區復興路10之1號8樓之11,蔡守冠,22000000,102/02/01,115/09/15,改選董事/監察人(一人法人股東指派董事/監察人),F399040 無店面零售業；F401010 國際貿易業；I301030 電子資訊供應服務業；I301040 第三方支付服務業；IZ13010 網路認證服務業；F117010 消防安全設備批發業；F601010 智慧財產權業；I401010 一般廣告服務業；IG01010 生物技術服務業；ZZ99999 除許可業務外，得經營法令非禁止或限制之業務,新北市,變更,11509
54039116,群茂高科技有限公司,新北市林口區工二區工五路3號,邹素慧,20000000,102/02/07,115/09/30,公司所在地,C804020 工業用橡膠製品製造業；C804990 其他橡膠製品製造業；H701010 住宅及大樓開發租售業；H701020 工業廠房開發租售業；H703090 不動產買賣業；H703100 不動產租賃業；CQ01010 模具製造業；F106030 模具批發業；ZZ99999 除許可業務外，得經營法令非禁止或限制之業務,新北市,變更,11509
54045150,星瑞投資有限公司,新北市板橋區文化路2段288號26樓,鄧玉星,28000000,102/03/12,115/09/03,股東出資轉讓修正章程,H201010 一般投資業,新北市,變更,11509
54045362,連易通科技股份有限公司,新北市中和區中正路932號17樓,楊安中,120000000,102/03/13,115/09/16,特殊補正,CC01110 電腦及其週邊設備製造業；F119010 電子材料批發業；F401010 國際貿易業；I301010 資訊軟體服務業；I301030 電子資訊供應服務業；I501010 產品設計業；ZZ99999 除許可業務外，得經營法令非禁止或限制之業務；F401021 電信管制射頻器材輸入業,新北市,變更,11509
54046290,晶捷數位股份有限公司,新北市中和區中正路716號10樓之1,姜惠萍,10000000,102/03/18,115/09/09,特殊補正,F113020 電器批發業；F113050 電腦及事務性機器設備批發業；F113070 電信器材批發業；F118010 資訊軟體批發業；F119010 電子材料批發業；F401010 國際貿易業；I301010 資訊軟體服務業；I301020 資料處理服務業；I301030 電子資訊供應服務業；IG01010 生物技術服務業,新北市,變更,11509
54047621,庭鈺勳投資有限公司,新北市中和區中正路716號15樓之6,邁斯能林志貞,28000000,102/03/22,115/09/17,股東出資轉讓修正章程,H201010 一般投資業,新北市,變更,11509
54047782,百呈科技股份有限公司,新北市五股區五權七路71號,賴文昌,103141110,102/03/22,115/09/07,特殊補正,CC01030 電器及視聽電子產品製造業；CC01080 電子零組件製造業；CC01110 電腦及其週邊設備製造業；CZ99990 未分類其他工業製品製造業；F113020 電器批發業；F113030 精密儀器批發業；F113050 電腦及事務性機器設備批發業；F119010 電子材料批發業；F213010 電器零售業；F213030 電腦及事務性機器設備零售業,新北市,變更,11509
54048522,協鑫室內裝修設計工程有限公司,新北市板橋區溪崑二街130巷5號8樓,黃雲南,10000000,102/03/26,115/09/07,增資,E601010 電器承裝業；E601020 電器安裝業；E801010 室內裝潢業；E801020 門窗安裝工程業；E801030 室內輕鋼架工程業；E801040 玻璃安裝工程業；E801060 室內裝修業；E801070 廚具、衛浴設備安裝工程業；E901010 油漆工程業；F401010 國際貿易業,新北市,變更,11509
54048950,鐵木真金屬實業有限公司,新北市板橋區板城路325號之1,李浲章,3000000,102/03/28,115/09/16,增資,I501010 產品設計業；I599990 其他設計業；F399040 無店面零售業；ZZ99999 除許可業務外，得經營法令非禁止或限制之業務；CA01020 鋼鐵軋延及擠型業；CA01030 鋼鐵鑄造業；CA01050 鋼材二次加工業；CA01090 鋁鑄造業；CA01100 鋁材軋延、伸線、擠型業；CA02010 金屬結構及建築組件製造業,新北市,變更,11509
54049959,華昇事業有限公司,新北市新莊區自治街62之2號,柯亭均,1000000,102/04/02,115/09/30,股東出資轉讓修正章程,F113050 電腦及事務性機器設備批發業；F113070 電信器材批發業；F119010 電子材料批發業；F213030 電腦及事務性機器設備零售業；F213060 電信器材零售業；F219010 電子材料零售業；F401010 國際貿易業；ZZ99999 除許可業務外，得經營法令非禁止或限制之業務；E801010 室內裝潢業；E801070 廚具、衛浴設備安裝工程業,新北市,變更,11509
54051217,揚承室內裝修有限公司,新北市三重區仁愛街695號,胡黃銘,1000000,102/04/09,115/09/18,股東出資轉讓修正章程,E599010 配管工程業；E601010 電器承裝業；E601020 電器安裝業；E603010 電纜安裝工程業；E603040 消防安全設備安裝工程業；E801010 室內裝潢業；E801020 門窗安裝工程業；E801030 室內輕鋼架工程業；E801040 玻璃安裝工程業；E801060 室內裝修業,新北市,變更,11509
54054946,旭日電科技有限公司,新北市土城區國際路158巷29號,李素美,1200000,102/04/24,115/09/07,公司所營事業變更修正章程,G801010 倉儲業；IZ06010 理貨包裝業；F399040 無店面零售業；F107080 環境用藥批發業；F207080 環境用藥零售業；F203020 菸酒零售業；F102170 食品什貨批發業；F206020 日常用品零售業；F106020 日常用品批發業；ZZ99999 除許可業務外，得經營法令非禁止或限制之業務,新北市,變更,11509
54055229,北基國際開發實業股份有限公司,新北市板橋區新海路137號,李建賢,370000000,102/04/25,115/09/01,改選董事/監察人(一人法人股東指派董事/監察人),E801010 室內裝潢業；F111090 建材批發業；F199990 其他批發業；F211010 建材零售業；G202010 停車場經營業；H701010 住宅及大樓開發租售業；H701020 工業廠房開發租售業；H701040 特定專業區開發業；H701050 投資興建公共建設業；H701060 新市鎮、新社區開發業,新北市,變更,11509
54056135,十立國際有限公司,新北市永和區豫溪街215巷25號2樓,洪世國,3000000,102/04/29,115/09/21,公司所在地,I401010 一般廣告服務業；I501010 產品設計業；I599990 其他設計業；F401010 國際貿易業；J601010 藝文服務業；J602010 演藝活動業；JE01010 租賃業；JZ99990 未分類其他服務業；I503010 景觀、室內設計業；E801010 室內裝潢業,新北市,變更,11509
54111968,博帆通信有限公司,新北市新莊區富國路132號,吳慧婷,3000000,102/01/07,115/09/14,增資,F113020 電器批發業；F113050 電腦及事務性機器設備批發業；F113070 電信器材批發業；F119010 電子材料批發業；F213010 電器零售業；F213030 電腦及事務性機器設備零售業；F213060 電信器材零售業；F219010 電子材料零售業；F401010 國際貿易業；E605010 電腦設備安裝業,新北市,變更,11509
54116865,京政電子有限公司,新北市中和區中山路2段530號7樓,蔡淑貞,10000000,102/01/17,115/09/17,特殊補正,CC01990 其他電機及電子機械器材製造業；CC01080 電子零組件製造業；CC01030 電器及視聽電子產品製造業；CC01110 電腦及其週邊設備製造業；CB01010 機械設備製造業；F119010 電子材料批發業；F113010 機械批發業；F113990 其他機械器具批發業；ZZ99999 除許可業務外，得經營法令非禁止或限制之業務,新北市,變更,11509
54131893,百盛鑫工程股份有限公司,新北市汐止區環河街140號,陳櫻真,28500000,102/03/04,115/09/09,改選董事/監察人(一人法人股東指派董事/監察人),E599010 配管工程業；E601010 電器承裝業；E601020 電器安裝業；E603010 電纜安裝工程業；E603040 消防安全設備安裝工程業；E603050 自動控制設備工程業；E603080 交通號誌安裝工程業；E603090 照明設備安裝工程業；E605010 電腦設備安裝業；E801010 室內裝潢業,新北市,變更,11509
54150737,台康生技股份有限公司,新北市汐止區康寧街169巷101號,劉理成,3020681690,101/12/21,115/09/07,認股憑證換發新股,C199990 未分類其他食品製造業；C802041 西藥製造業；C802060 動物用藥製造業；C802990 其他化學製品製造業；F107990 其他化學製品批發業；F108021 西藥批發業；F108031 醫療器材批發業；F208021 西藥零售業；F208031 醫療器材零售業；F401010 國際貿易業,新北市,變更,11509
54161312,艾菲卡管理顧問有限公司,新北市淡水區北新路182巷35號5樓,鄭彩雲,1000000,102/01/29,115/09/22,股東出資轉讓修正章程,E801010 室內裝潢業；EZ02010 起重工程業；F401010 國際貿易業；H202010 創業投資業；H703100 不動產租賃業；I102010 一般投資顧問業；I103060 管理顧問業；I199990 其他顧問服務業；I501010 產品設計業；I503010 景觀、室內設計業,新北市,變更,11509
54179072,心悅生醫股份有限公司,新北市汐止區復興里新台五路1段99號12樓之12,蔡果荃,1352700910,102/04/02,115/09/22,董事(常務董事.董事長)/監察人解任,C199990 未分類其他食品製造業；C802090 清潔用品製造業；C201020 寵物食品製造業；C802060 動物用藥製造業；F102170 食品什貨批發業；F107030 清潔用品批發業；F107200 化學原料批發業；F203010 食品什貨、飲料零售業；F207030 清潔用品零售業；F207200 化學原料零售業,新北市,變更,11509
54188115,新德揚企業股份有限公司,新北市中和區員山路512之3號8樓,洪慧君,50000000,102/05/02,115/09/09,公司所營事業變更修正章程,F102170 食品什貨批發業；F104110 布疋、衣著、鞋、帽、傘、服飾品批發業；F106010 五金批發業；F106020 日常用品批發業；F108040 化粧品批發業；F109070 文教、樂器、育樂用品批發業；F111090 建材批發業；F113020 電器批發業；F118010 資訊軟體批發業；F119010 電子材料批發業,新北市,變更,11509
54224040,台灣河淳股份有限公司,新北市中和區中正路868之6號10樓,染谷潔,7000000,102/03/27,115/09/24,特殊補正,CA01050 鋼材二次加工業；CA02010 金屬結構及建築組件製造業；CA02030 螺絲、螺帽、螺絲釘、及鉚釘等製品製造業；CB01010 機械設備製造業；CN01010 家具及裝設品製造業；F105050 家具、寢具、廚房器具、裝設品批發業；F106010 五金批發業；F107200 化學原料批發業；F113010 機械批發業；F205040 家具、寢具、廚房器具、裝設品零售業,新北市,變更,11509
54270894,旭屹有限公司,新北市三重區光復路2段80之9號,范美芬,1500000,102/05/20,115/09/22,公司所營事業變更修正章程,F401010 國際貿易業；F206020 日常用品零售業；I401010 一般廣告服務業；I501010 產品設計業；F204110 布疋、衣著、鞋、帽、傘、服飾品零售業；F106010 五金批發業；F106020 日常用品批發業；F206010 五金零售業；F209060 文教、樂器、育樂用品零售業；F205040 家具、寢具、廚房器具、裝設品零售業,新北市,變更,11509
54271057,強力廣告有限公司,新北市鶯歌區文化路117巷11號(1樓),彭緯業,200000,102/05/21,115/09/24,特殊補正,I401010 一般廣告服務業；I301010 資訊軟體服務業；E603090 照明設備安裝工程業；ZZ99999 除許可業務外，得經營法令非禁止或限制之業務,新北市,變更,11509
54274809,三新奧特萊斯股份有限公司,新北市林口區文化三路1段356號,久一康洋,1300000000,102/06/05,115/09/07,減資,H701010 住宅及大樓開發租售業；H701020 工業廠房開發租售業；H701040 特定專業區開發業；H701050 投資興建公共建設業；H701060 新市鎮、新社區開發業；H703100 不動產租賃業；H703090 不動產買賣業；J901020 一般旅館業；F501030 飲料店業；F501060 餐館業,新北市,變更,11509
54278256,愛市集行銷有限公司,新北市板橋區廣權路1號3樓,王勝鋒,3000000,102/06/20,115/09/16,公司所在地,F104110 布疋、衣著、鞋、帽、傘、服飾品批發業；F106020 日常用品批發業；F108040 化粧品批發業；F109070 文教、樂器、育樂用品批發業；F113030 精密儀器批發業；F113050 電腦及事務性機器設備批發業；F115010 首飾及貴金屬批發業；F118010 資訊軟體批發業；F119010 電子材料批發業；F204110 布疋、衣著、鞋、帽、傘、服飾品零售業,新北市,變更,11509
54280942,家曜工程有限公司,新北市汐止區汐萬路2段122巷14號,劉家良,5000000,102/07/02,115/09/23,特殊補正,E502010 燃料導管安裝工程業；E601020 電器安裝業；E603040 消防安全設備安裝工程業；F106040 水器材料批發業；F113020 電器批發業；F117010 消防安全設備批發業；F206040 水器材料零售業；F213010 電器零售業；E501011 自來水管承裝商；E601010 電器承裝業,新北市,變更,11509
54288233,威網雲端有限公司,新北市淡水區學府路30號2樓,李海華,200000,102/08/02,115/09/02,公司所在地,F109070 文教、樂器、育樂用品批發業；F113050 電腦及事務性機器設備批發業；F118010 資訊軟體批發業；F209060 文教、樂器、育樂用品零售業；F213030 電腦及事務性機器設備零售業；F218010 資訊軟體零售業；F401010 國際貿易業；I301010 資訊軟體服務業；I301020 資料處理服務業；I301030 電子資訊供應服務業,新北市,變更,11509
54288655,無有國際有限公司,新北市淡水區中山路123號6樓,楊維芬,1000000,102/08/06,115/09/17,公司所在地,I103060 管理顧問業；F109070 文教、樂器、育樂用品批發業；F209060 文教、樂器、育樂用品零售業；F601010 智慧財產權業；J303010 雜誌（期刊）出版業；J304010 圖書出版業；J305010 有聲出版業；J399010 軟體出版業；J399990 其他出版業；J601010 藝文服務業,新北市,變更,11509
54288873,惠生聯華股份有限公司,新北市樹林區保安街1段190號3樓,陳昱森,25000000,102/08/06,115/09/14,特殊補正,F108040 化粧品批發業；F113050 電腦及事務性機器設備批發業；F203010 食品什貨、飲料零售業；F208040 化粧品零售業；F208050 乙類成藥零售業；F213040 精密儀器零售業；F213050 度量衡器零售業；F218010 資訊軟體零售業；F399010 便利商店業；F401010 國際貿易業,新北市,變更,11509
54290505,立信科技工程股份有限公司,新北市林口區忠孝路545號,王順德,77800000,102/08/13,115/09/16,發行新股,E599010 配管工程業；E601010 電器承裝業；E601020 電器安裝業；E603010 電纜安裝工程業；E603040 消防安全設備安裝工程業；E603050 自動控制設備工程業；E603080 交通號誌安裝工程業；E604010 機械安裝業；E607010 太陽熱能設備安裝工程業；E801010 室內裝潢業,新北市,變更,11509
54291096,鑫源生技股份有限公司,新北市汐止區大同路2段161號2樓,陳彥筠,2000000,102/08/16,115/09/09,特殊補正,F401010 國際貿易業；H201010 一般投資業；F102170 食品什貨批發業；F121010 食品添加物批發業；F203010 食品什貨、飲料零售業；F221010 食品添加物零售業；F108040 化粧品批發業；F208040 化粧品零售業；IG01010 生物技術服務業；IG02010 研究發展服務業,新北市,變更,11509
54291737,翊修企業有限公司,新北市板橋區大觀路2段37巷48號2樓,遲玉娟,500000,102/08/19,115/09/29,股東出資轉讓修正章程,CA02990 其他金屬製品製造業；CN01010 家具及裝設品製造業；E601010 電器承裝業；E601020 電器安裝業；E603050 自動控制設備工程業；E603100 電焊工程業；E801010 室內裝潢業；E801020 門窗安裝工程業；E801030 室內輕鋼架工程業；E801040 玻璃安裝工程業,新北市,變更,11509
54291976,騰耀起重工程有限公司,新北市三重區大同北路115巷26號3樓,陳宜鋒,1000000,102/08/20,115/09/04,改推董事/董事長,EZ02010 起重工程業；E603010 電纜安裝工程業；E603020 電梯安裝工程業；E603040 消防安全設備安裝工程業；E603050 自動控制設備工程業；E603080 交通號誌安裝工程業；E603090 照明設備安裝工程業；E604010 機械安裝業；EZ06010 交通標示工程業；EZ99990 其他工程業,新北市,變更,11509
54292686,視博網訊股份有限公司,新北市中和區中正路716號17樓之8,林子正,156600000,102/08/23,115/09/17,特殊補正,CC01080 電子零組件製造業；E601010 電器承裝業；E601020 電器安裝業；EZ05010 儀器、儀表安裝工程業；EZ99990 其他工程業；F113010 機械批發業；F113070 電信器材批發業；F118010 資訊軟體批發業；F119010 電子材料批發業；F213040 精密儀器零售業,新北市,變更,11509
54299745,和洲建設股份有限公司,新北市五股區成泰路1段2號8樓,呂界昇,210000000,102/09/27,115/09/24,特殊補正,F111090 建材批發業；F211010 建材零售業；F401010 國際貿易業；H701010 住宅及大樓開發租售業；H701020 工業廠房開發租售業；H701040 特定專業區開發業；H701050 投資興建公共建設業；H701060 新市鎮、新社區開發業；H701070 區段徵收及市地重劃代辦業；H701080 都市更新重建業,新北市,變更,11509
54299920,尚承國際整合有限公司,新北市三峽區學成路327號2樓之13,張家寧,5050000,102/09/30,115/09/24,公司印鑑變更,JB01010 會議及展覽服務業；I501010 產品設計業；J601010 藝文服務業；E801010 室內裝潢業；I103060 管理顧問業；I105010 藝術品諮詢顧問業；I199990 其他顧問服務業；I301010 資訊軟體服務業；I301020 資料處理服務業；I401010 一般廣告服務業,新北市,變更,11509
54306627,悦萊建設股份有限公司,新北市新莊區中央路686號4樓,翁茂槐,1252000000,102/10/29,115/09/10,一般補正案,H701010 住宅及大樓開發租售業；H701020 工業廠房開發租售業；H701040 特定專業區開發業；H701050 投資興建公共建設業；H701060 新市鎮、新社區開發業；H701070 區段徵收及市地重劃代辦業；H701080 都市更新重建業；H701090 都市更新整建維護業；H703090 不動產買賣業；H703100 不動產租賃業,新北市,變更,11509
54307864,葡吉園國際企業有限公司,新北市板橋區中正路427號,劉陽,3000000,102/11/01,115/09/02,董事/股東地址變更,F102040 飲料批發業；F102050 茶葉批發業；F102170 食品什貨批發業；F203010 食品什貨、飲料零售業；F206020 日常用品零售業；F208040 化粧品零售業；F401010 國際貿易業；I103060 管理顧問業；I199990 其他顧問服務業；I501010 產品設計業,新北市,變更,11509
54311993,禾勝科技工程有限公司,新北市三重區神農街363號23樓,游明新,20000000,102/11/22,115/09/17,公司所營事業變更修正章程,E601010 電器承裝業；E601020 電器安裝業；E603010 電纜安裝工程業；E603040 消防安全設備安裝工程業；E603050 自動控制設備工程業；E603080 交通號誌安裝工程業；E603090 照明設備安裝工程業；E605010 電腦設備安裝業；E701040 簡易電信設備安裝業；F206040 水器材料零售業,新北市,變更,11509
54314555,靜研實業有限公司,新北市新莊區中正路657之5號7樓,林惠貞,1000000,102/12/05,115/09/22,公司所在地,F119010 電子材料批發業；F219010 電子材料零售業；F401010 國際貿易業；I199990 其他顧問服務業；F113020 電器批發業；ZZ99999 除許可業務外，得經營法令非禁止或限制之業務,新北市,變更,11509
54314605,三力興業有限公司,新北市板橋區縣民大道3段247巷36號(1樓),鄭瑞材,500000,102/12/05,115/09/15,公司所在地,CB01010 機械設備製造業；CB01990 其他機械製造業；F113010 機械批發業；F113030 精密儀器批發業；F113990 其他機械器具批發業；F213040 精密儀器零售業；F213080 機械器具零售業；F213990 其他機械器具零售業；ZZ99999 除許可業務外，得經營法令非禁止或限制之業務,新北市,變更,11509
54317639,崎禾設計工程有限公司,新北市淡水區崁頂三路81號3樓,林祥暄,2500000,102/12/20,115/09/17,特殊補正,E801010 室內裝潢業；F105050 家具、寢具、廚房器具、裝設品批發業；F106050 陶瓷玻璃器皿批發業；F215010 首飾及貴金屬零售業；F215020 礦石零售業；F401010 國際貿易業；I103060 管理顧問業；I501010 產品設計業；I503010 景觀設計業；I599990 其他設計業,新北市,變更,11509
54318166,台灣貝克幫浦有限公司,新北市新莊區中正路542之15號(1樓),衛麥克,5000000,102/12/24,115/09/07,改推董事/董事長,CB01010 機械設備製造業；CB01990 其他機械製造業；E604010 機械安裝業；IZ99990 其他工商服務業；ZZ99999 除許可業務外，得經營法令非禁止或限制之業務,新北市,變更,11509
54326118,富國資融股份有限公司,新北市新店區寶橋路235巷136號(1樓),林建宏,210000000,102/05/28,115/09/07,改選董事/監察人(一人法人股東指派董事/監察人),F108040 化粧品批發業；F109070 文教、樂器、育樂用品批發業；F113020 電器批發業；F113030 精密儀器批發業；F113050 電腦及事務性機器設備批發業；F113070 電信器材批發業；F114010 汽車批發業；F114020 機車批發業；F114030 汽、機車零件配備批發業；F114040 自行車及其零件批發業,新北市,變更,11509
54357575,統宇生物科技有限公司,新北市中和區建八路2號12樓之8,嚴健誠,5000000,102/09/06,115/09/11,特殊補正,F102170 食品什貨批發業；F107030 清潔用品批發業；F107200 化學原料批發業；F107990 其他化學製品批發業；F108040 化粧品批發業；F203010 食品什貨、飲料零售業；F207030 清潔用品零售業；F207200 化學原料零售業；F207990 其他化學製品零售業；F208040 化粧品零售業,新北市,變更,11509
54381287,新加坡商派德有限公司,新北市新店區中北一路160號8樓,梁兆邦,5000000,103/04/23,115/09/22,在中華民國所營事業增加登記,G801010 倉儲業；I103060 管理顧問業；IZ06010 理貨包裝業；I101090 食品顧問業；I102010 一般投資顧問業；I301030 電子資訊供應服務業；I199990 其他顧問服務業；I501010 產品設計業；IZ99990 其他工商服務業；J202010 產業育成業,新北市,變更,11509
54663201,造陽系統整合科技股份有限公司,新北市新莊區中華路2段7號7樓,黃教昇,10000000,102/12/31,115/09/08,特殊補正,H701010 住宅及大樓開發租售業；H701020 工業廠房開發租售業；H701060 新市鎮、新社區開發業；H701070 區段徵收及市地重劃代辦業；H703090 不動產買賣業；H703100 不動產租賃業；I503010 景觀、室內設計業；E801010 室內裝潢業；F111090 建材批發業；F401010 國際貿易業,新北市,變更,11509
54666039,晨容科技股份有限公司,新北市三重區興德路111之1號6樓,陳德芳,5000000,103/01/10,115/09/07,特殊補正,I102010 投資顧問業；I103060 管理顧問業；I301010 資訊軟體服務業；I301020 資料處理服務業；I301030 電子資訊供應服務業；F106020 日常用品批發業；F206020 日常用品零售業；F118010 資訊軟體批發業；F119010 電子材料批發業；F218010 資訊軟體零售業,新北市,變更,11509
54668439,華興資訊科技股份有限公司,新北市新莊區福慧路200號14樓,嚴立行,100000000,103/01/20,115/09/15,特殊補正,I301010 資訊軟體服務業；I301020 資料處理服務業；I301030 電子資訊供應服務業；IZ13010 網路認證服務業；F113050 電腦及事務性機器設備批發業；F113070 電信器材批發業；F118010 資訊軟體批發業；F213030 電腦及事務性機器設備零售業；F213060 電信器材零售業；F299990 其他零售業,新北市,變更,11509
54691522,大寶國際行銷有限公司,新北市板橋區南雅西路1段124巷33號3樓,蕭淑蓉,6000000,103/01/09,115/09/15,特殊補正,I401010 一般廣告服務業；I501010 產品設計業；IZ15010 市場研究及民意調查業；J601010 藝文服務業；J602010 演藝活動業；JB01010 會議及展覽服務業；JZ99030 攝影業；JZ99090 喜慶綜合服務業；J202010 產業育成業；I103060 管理顧問業,新北市,變更,11509
54692162,千億不動產經紀有限公司,新北市板橋區長江路1段220號(1樓),康寗淇,600000,103/01/13,115/09/04,改推董事/董事長,H701010 住宅及大樓開發租售業；H703090 不動產買賣業；H703100 不動產租賃業；H704031 不動產仲介經紀業；I102010 一般投資顧問業；I401010 一般廣告服務業；I401020 廣告傳單分送業；JZ99050 仲介服務業；JZ99990 未分類其他服務業；ZZ99999 除許可業務外，得經營法令非禁止或限制之業務,新北市,變更,11509
54694393,向田建設有限公司,新北市新莊區中央路226號4樓,王藝蓁,32000000,103/01/22,115/09/03,股東出資轉讓修正章程,H701010 住宅及大樓開發租售業；H701020 工業廠房開發租售業；H701050 投資興建公共建設業；H701060 新市鎮、新社區開發業；H701070 區段徵收及市地重劃代辦業；H702010 建築經理業；H703090 不動產買賣業；H703100 不動產租賃業；I102010 投資顧問業；I103060 管理顧問業,新北市,變更,11509
54698932,瑞擎數位股份有限公司,新北市樹林區中山路1段184之1號4樓,王騰嶽,10450000,103/02/20,115/09/14,改選董事/監察人(一人法人股東指派董事/監察人),F113050 電腦及事務性機器設備批發業；F118010 資訊軟體批發業；I301010 資訊軟體服務業；F119010 電子材料批發業；F113030 精密儀器批發業；F213030 電腦及事務性機器設備零售業；F218010 資訊軟體零售業；F213040 精密儀器零售業；I301020 資料處理服務業；I301030 電子資訊供應服務業,新北市,變更,11509
54698980,銓懋建材實業有限公司,新北市板橋區南雅南路2段11巷3號16樓之1,黃勇傑,5000000,103/02/20,115/09/30,改推董事/董事長,F111090 建材批發業；F120010 耐火材料批發業；F211010 建材零售業；F220010 耐火材料零售業；F401010 國際貿易業；F102020 食用油脂批發業；ZZ99999 除許可業務外，得經營法令非禁止或限制之業務,新北市,變更,11509
54701471,念培國際股份有限公司,新北市永和區環河東路4段162號16樓,石奉先,13100000,103/03/04,115/09/09,改選董事/監察人(一人法人股東指派董事/監察人),H201010 一般投資業；H703090 不動產買賣業；H703100 不動產租賃業；F401010 國際貿易業；ZZ99999 除許可業務外，得經營法令非禁止或限制之業務,新北市,變更,11509
54702020,昶宏股份有限公司,新北市新莊區中央路562號2樓,何國榮,10000000,103/03/06,115/09/01,公司所在地,F102030 菸酒批發業；F102040 飲料批發業；F104110 布疋、衣著、鞋、帽、傘、服飾品批發業；F105050 家具、寢具、廚房器具、裝設品批發業；F106010 五金批發業；F107030 清潔用品批發業；F108040 化粧品批發業；F109070 文教、樂器、育樂用品批發業；F110010 鐘錶批發業；F113020 電器批發業,新北市,變更,11509
54702529,華京公寓大廈管理維護有限公司,新北市三重區重陽路1段89號3樓之2,鄭治國,10000000,103/03/06,115/09/03,公司所在地,I103060 管理顧問業；I199990 其他顧問服務業；I301010 資訊軟體服務業；I301020 資料處理服務業；I301030 電子資訊供應服務業；I401010 一般廣告服務業；I501010 產品設計業；I503010 景觀、室內設計業；I599990 其他設計業；IB01010 建築物公共安全檢查業,新北市,變更,11509
54703180,星焱實業股份有限公司,新北市林口區中華一路85號,林賢,50000000,103/03/10,115/09/09,公司所在地,CC01110 電腦及其週邊設備製造業；E603040 消防安全設備安裝工程業；E603080 交通號誌安裝工程業；E603090 照明設備安裝工程業；E605010 電腦設備安裝業；E801010 室內裝潢業；E801020 門窗安裝工程業；E801030 室內輕鋼架工程業；E801040 玻璃安裝工程業；E801070 廚具、衛浴設備安裝工程業,新北市,變更,11509
54705315,易達發有限公司,新北市新莊區中央路562號2樓,鄧淳安,1000000,103/03/18,115/09/01,公司所在地,F102030 菸酒批發業；F102040 飲料批發業；F104110 布疋、衣著、鞋、帽、傘、服飾品批發業；F105050 家具、寢具、廚房器具、裝設品批發業；F106010 五金批發業；F107030 清潔用品批發業；F109070 文教、樂器、育樂用品批發業；F110010 鐘錶批發業；F113020 電器批發業；F113050 電腦及事務性機器設備批發業,新北市,變更,11509
54705531,瑞得國際企業股份有限公司,新北市中和區中正路829號14樓之3,葉育汝,1000000,103/03/18,115/09/22,改選董事/監察人(一人法人股東指派董事/監察人),H201010 一般投資業；F401010 國際貿易業；I103060 管理顧問業；I199990 其他顧問服務業；I401010 一般廣告服務業；J601010 藝文服務業；J602010 演藝活動業；J801030 競技及休閒運動場館業；J802010 運動訓練業；J803010 運動表演業,新北市,變更,11509
54707637,銓興投資有限公司,新北市蘆洲區光復路55號(1樓),黃錦川,12000000,103/03/27,115/09/24,特殊補正,H201010 一般投資業；H703090 不動產買賣業；H703100 不動產租賃業；ZZ99999 除許可業務外，得經營法令非禁止或限制之業務,新北市,變更,11509
54712809,昌晉有限公司,新北市新莊區雙鳳路168號,盧志遠,1000000,103/04/15,115/09/30,公司所營事業變更修正章程,F113010 機械批發業；F113020 電器批發業；F113050 電腦及事務性機器設備批發業；F113070 電信器材批發業；F113110 電池批發業；F114040 自行車及其零件批發業；F199010 回收物料批發業；F401010 國際貿易業；F199990 其他批發業；J101030 廢棄物清除業,新北市,變更,11509
54713764,景鴻科技股份有限公司,新北市三重區光復路2段88巷36弄13號(1樓),陳景翔,10000000,103/04/18,115/09/29,改選董事/監察人(一人法人股東指派董事/監察人),CE01010 一般儀器製造業；F113010 機械批發業；F113020 電器批發業；F113030 精密儀器批發業；F113050 電腦及事務性機器設備批發業；F119010 電子材料批發業；F213010 電器零售業；F213030 電腦及事務性機器設備零售業；F213040 精密儀器零售業；F213080 機械器具零售業,新北市,變更,11509
54715616,恒羣有限公司,新北市八里區中華路2段562號4樓,楊寶棋,1200000,103/04/28,115/09/21,公司所在地,F105050 家具、寢具、廚房器具、裝設品批發業；F106010 五金批發業；F106020 日常用品批發業；F106040 水器材料批發業；F111090 建材批發業；F205040 家具、寢具、廚房器具、裝設品零售業；F206010 五金零售業；F206020 日常用品零售業；F206040 水器材料零售業；F211010 建材零售業,新北市,變更,11509
54719556,張鈞勝設計有限公司,新北市板橋區板新路225號(1樓),張鈞勝,500000,103/05/14,115/09/10,公司名稱變更修正章程,F104110 布疋、衣著、鞋、帽、傘、服飾品批發業；F105050 家具、寢具、廚房器具、裝設品批發業；F111090 建材批發業；F211010 建材零售業；F401010 國際貿易業；E801010 室內裝潢業；E801070 廚具、衛浴設備安裝工程業；I503010 景觀設計業；ZZ99999 除許可業務外，得經營法令非禁止或限制之業務,新北市,變更,11509
54720343,禎駿消防有限公司,新北市三峽區大同路39巷48號4樓,陳宥羽,500000,103/05/16,115/09/15,公司所營事業變更修正章程,F106010 五金批發業；F106040 水器材料批發業；F111090 建材批發業；F113020 電器批發業；F117010 消防安全設備批發業；F119010 電子材料批發業；F120010 耐火材料批發業；F199990 其他批發業；F401010 國際貿易業；E599010 配管工程業,新北市,變更,11509
54724777,豐優實業有限公司,新北市中和區中山路2段33號10樓之6,葉禮諄,3500000,103/06/06,115/09/08,特殊補正,A101020 農作物栽培業；A101030 特用作物栽培業；A101050 花卉栽培業；A102050 作物栽培服務業；A102080 園藝服務業；A199990 其他農業；A201010 造林業；A201030 特殊林木經營業；A202010 野生物採取業；A401020 家畜禽飼育業,新北市,變更,11509
54724903,豐華企業股份有限公司,新北市三重區三和路4段103之1號8樓,歐美華,18000000,103/06/06,115/09/16,改選董事/監察人(一人法人股東指派董事/監察人),A102020 農產品整理業；C104020 烘焙炊蒸食品製造業；F101130 蔬果批發業；F102020 食用油脂批發業；F102030 菸酒批發業；F102040 飲料批發業；F102050 茶葉批發業；F102170 食品什貨批發業；F203010 食品什貨、飲料零售業；F203020 菸酒零售業,新北市,變更,11509
54731989,裕翔國際有限公司,新北市五股區成泰路4段86號11樓,徐裕欽,10000000,103/07/08,115/09/15,減少所營事業變更修正章程,F101050 水產品批發業；F101130 蔬果批發業；F102040 飲料批發業；F102170 食品什貨批發業；F203010 食品什貨、飲料零售業；F104110 布疋、衣著、鞋、帽、傘、服飾品批發業；F204110 布疋、衣著、鞋、帽、傘、服飾品零售業；F105050 家具、寢具、廚房器具、裝設品批發業；F205040 家具、寢具、廚房器具、裝設品零售業；F106010 五金批發業,新北市,變更,11509
54733207,新港灣石化股份有限公司,新北市淡水區坪頂路39之3號,朱濱,100000000,103/07/14,115/09/29,公司所在地,F112040 石油製品批發業；F401010 國際貿易業；F401100 石油輸出業；G801010 倉儲業；I103060 管理顧問業；IG02010 研究發展服務業；IG03010 能源技術服務業；ZZ99999 除許可業務外，得經營法令非禁止或限制之業務；J901020 一般旅館業；G202010 停車場經營業,新北市,變更,11509
54735140,慶鐙科技有限公司,新北市板橋區貴興路88號5樓之3,温進坤,3000000,103/07/21,115/09/29,公司遷址修正章程,E603050 自動控制設備工程業；E605010 電腦設備安裝業；EZ05010 儀器、儀表安裝工程業；F113020 電器批發業；F113030 精密儀器批發業；F113050 電腦及事務性機器設備批發業；F118010 資訊軟體批發業；F119010 電子材料批發業；F213010 電器零售業；F213030 電腦及事務性機器設備零售業,新北市,變更,11509
54737554,清豐國際企業有限公司,新北市板橋區重慶路13巷5號,何暢,1000000,103/08/01,115/09/02,公司所在地,F108040 化粧品批發業；F208040 化粧品零售業；F401010 國際貿易業；ZZ99999 除許可業務外，得經營法令非禁止或限制之業務,新北市,變更,11509
54768866,台灣綠色資產股份有限公司,新北市新莊區中正路651之8號9樓,黃正賢,10000000,103/06/24,115/09/11,特殊補正,A101020 農作物栽培業；A101030 特用作物栽培業；A101040 食用菌菇類栽培業；A101050 花卉栽培業；A102050 作物栽培服務業；A102080 園藝服務業；A199990 其他農業；D101060 再生能源自用發電設備業；E601010 電器承裝業；E603090 照明設備安裝工程業,新北市,變更,11509
54770693,宏瀨光電有限公司,新北市三峽區介壽路3段120號、2樓、3樓、4樓,余章凱,62500000,102/12/18,115/09/10,特殊補正,CC01030 電器及視聽電子產品製造業（限中華民國行業標準分類2730 視聽電子產品製造業、2851 家用空調器具製造業、2852 家用電冰箱製造業、2853 家用洗衣設備製造業、2854 家用電扇製造業及2859 其他家用電器製造業）；CC01080 電子零組件製造業（限中華民國行業標準分類2699 未分類其他電子零組件製造業）；F113020 電器批發業（限中華民國行業標準分類4561 家庭電器批發業）；F113030 精密儀器批發業（限中華民國行業標準分類4564 家用攝影器材及光學產品批發業及4649 其他機械器具批發業）；F113050 電腦及事務性機器設備批發業（限中華民國行業標準分類4641 電腦及其週邊設備、軟體批發業及4644 辦公用機械器具批發業）；F213010 電器零售業（限中華民國行業標準分類4741 家庭電器零售業及4833 視聽設備零售業）；F213030 電腦及事務性機器設備零售業業（限中華民國行業標準分類4831 電腦及其週邊設備、軟體零售業）；F213110 電池零售業（限中華民國行業標準分類4741 家庭電器零售業、4832 通訊設備零售業及4833 視聽設備零售業）；F219010 電子材料零售業（限中華民國行業標準分類4831 電腦及其週邊設備、軟體零售業、4832 通訊設備零售業及4833視聽設備零售業）。但不得經營電信事業核心網路設備(如交換、傳輸設備)之零售業務。；IF04010 非破壞檢測業（限中華民國行業標準分類7129 其他技術檢測及分析服務業中之車輛、機械、電機、電子產品之技術檢測及分析服務）,新北市,變更,11509
54818731,榮朔塑膠有限公司,新北市中和區中山路2段332巷1號7樓,唐旭賢,5880000,103/06/05,115/09/08,特殊補正,C501070 竹、藤製品製造業；C801100 合成樹脂及塑膠製造業；C805010 塑膠皮、布、板、管材製造業；C805020 塑膠膜、袋製造業；C805030 塑膠日用品製造業；C805050 工業用塑膠製品製造業；C805990 其他塑膠製品製造業；CH01030 文具製造業；CZ99990 未分類其他工業製品製造業；ZZ99999 除許可業務外，得經營法令非禁止或限制之業務,新北市,變更,11509
54835210,樺鼎精密機械股份有限公司,新北市中和區建康路10號6樓,樓朝宗,24500000,104/04/23,115/09/24,特殊補正,CC01080 電子零組件製造業；CC01110 電腦及其週邊設備製造業；CQ01010 模具製造業；F113050 電腦及事務性機器設備批發業；F119010 電子材料批發業；F213030 電腦及事務性機器設備零售業；F219010 電子材料零售業；F401010 國際貿易業；I301010 資訊軟體服務業；I301020 資料處理服務業,新北市,變更,11509
54837054,全翔都市更新有限公司,新北市板橋區文聖街149巷29號,黃榆哲,10000000,104/04/30,115/09/23,特殊補正,H701060 新市鎮、新社區開發業；H701070 區段徵收及市地重劃代辦業；H701090 都市更新整建維護業；H703090 不動產買賣業；H703100 不動產租賃業；H704041 不動產代銷經紀業；I401010 一般廣告服務業；ZZ99999 除許可業務外，得經營法令非禁止或限制之業務,新北市,變更,11509
54842021,知洋科技股份有限公司,新北市新莊區中正路657之2號3樓,湛翔智,29000000,104/05/21,115/09/17,發行新股,E603050 自動控制設備工程業；E605010 電腦設備安裝業；EZ05010 儀器、儀表安裝工程業；I101080 工、礦顧問業；I101120 造船顧問業；I103060 管理顧問業；I501010 產品設計業；IG02010 研究發展服務業；IG03010 能源技術服務業；CB01010 機械設備製造業,新北市,變更,11509
54843751,瓏瓚有限公司,新北市中和區民享街116巷7號8樓,林正哲,500000,104/05/29,115/09/18,公司所在地,F106010 五金批發業；F113010 機械批發業；F113020 電器批發業；F113030 精密儀器批發業；F113050 電腦及事務性機器設備批發業；F206010 五金零售業；F213010 電器零售業；F213030 電腦及事務性機器設備零售業；F213040 精密儀器零售業；F213080 機械器具零售業,新北市,變更,11509
54846498,尚介香有限公司,新北市中和區保平路231號,楊凱勛,10000000,104/06/05,115/09/09,公司所營事業變更修正章程,F101040 家畜家禽批發業；F201020 畜產品零售業；F101990 其他農、畜、水產品批發業；F102170 食品什貨批發業；I101090 食品顧問業；C103050 罐頭、冷凍、脫水及醃漬食品製造業；ZZ99999 除許可業務外，得經營法令非禁止或限制之業務,新北市,變更,11509
54846645,橙億實業有限公司,新北市中和區建一路253號10樓,蘇埜力,1000000,104/06/05,115/09/29,公司所營事業變更修正章程,C601040 加工紙製造業；C601990 其他紙製品製造業；C703010 印刷品裝訂及加工業；C901010 陶瓷及陶瓷製品製造業；C901020 玻璃及玻璃製品製造業；F401010 國際貿易業；I501010 產品設計業；IZ06010 理貨包裝業；F102030 菸酒批發業；F104110 布疋、衣著、鞋、帽、傘、服飾品批發業,新北市,變更,11509
54847601,英麥坊有限公司,新北市三重區大榮街12號(1樓),吳沛汝,5000000,104/06/10,115/09/24,公司所在地,F102030 菸酒批發業；F203020 菸酒零售業；F102040 飲料批發業；F102170 食品什貨批發業；F203010 食品什貨、飲料零售業；F401010 國際貿易業；ZZ99999 除許可業務外，得經營法令非禁止或限制之業務,新北市,變更,11509
54853027,利德興生物科技有限公司,新北市三重區明德街10號(1樓),陳思瑋,3000000,104/07/03,115/09/29,股東出資轉讓修正章程,F108031 醫療器材批發業；F108040 化粧品批發業；F107030 清潔用品批發業；F208031 醫療器材零售業；F208040 化粧品零售業；F207030 清潔用品零售業；F208050 乙類成藥零售業；F401010 國際貿易業；ZZ99999 除許可業務外，得經營法令非禁止或限制之業務；F108021 西藥批發業,新北市,變更,11509
54854124,野蠻兄弟云端科技有限公司,新北市永和區民權路53號9樓,王廷宇,2000000,104/07/13,115/09/16,特殊補正,H201010 一般投資業；F102030 菸酒批發業；F203020 菸酒零售業；F299990 其他零售業；F399040 無店面零售業；F106010 五金批發業；F206010 五金零售業；F401010 國際貿易業；F601010 智慧財產權業；F106060 寵物食品及其用品批發業,新北市,變更,11509
54855067,新明珠系統方案有限公司,新北市板橋區板新路101號4樓,徐競能,6200000,104/07/13,115/09/04,公司所在地,I301010 資訊軟體服務業；I301020 資料處理服務業；IG02010 研究發展服務業；ZZ99999 除許可業務外，得經營法令非禁止或限制之業務,新北市,變更,11509
54856690,禾松室內裝修設計工程有限公司,新北市新莊區中港路601號4樓,廖建和,14000000,104/07/17,115/09/23,增資,E801060 室內裝修業；E801010 室內裝潢業；E801020 門窗安裝工程業；E801030 室內輕鋼架工程業；E801040 玻璃安裝工程業；E801070 廚具、衛浴設備安裝工程業；E901010 油漆工程業；CN01010 家具及裝設品製造業；F111090 建材批發業；F211010 建材零售業,新北市,變更,11509
54861672,伊美爾生物科技股份有限公司,新北市深坑區北深路3段276號8樓,林偉立,17000000,104/08/10,115/09/14,改選董事/監察人(一人法人股東指派董事/監察人),F107030 清潔用品批發業；F107200 化學原料批發業；F107990 其他化學製品批發業；F108040 化粧品批發業；F207030 清潔用品零售業；F207200 化學原料零售業；F207990 其他化學製品零售業；F208040 化粧品零售業；F401010 國際貿易業；I103060 管理顧問業,新北市,變更,11509
54861764,承憬有限公司,新北市泰山區貴陽街90巷9號(1樓),林杰勳,3500000,104/08/11,115/09/16,公司所在地,CB01010 機械設備製造業；F113010 機械批發業；F213080 機械器具零售業；F106010 五金批發業；F206010 五金零售業；F211010 建材零售業；F218010 資訊軟體零售業；F213010 電器零售業；F213030 電腦及事務性機器設備零售業；F214030 汽、機車零件配備零售業,新北市,變更,11509
54862166,協與開發有限公司,新北市樹林區田尾街205號之1,梁芯瑜,1000000,104/08/12,115/09/17,股東出資轉讓修正章程,H701020 工業廠房開發租售業；H701010 住宅及大樓開發租售業；H703100 不動產租賃業；H703090 不動產買賣業；JZ99050 仲介服務業；I102010 一般投資顧問業；I103060 管理顧問業；F401010 國際貿易業；G801010 倉儲業；ZZ99999 除許可業務外，得經營法令非禁止或限制之業務,新北市,變更,11509
54862481,匯通資訊工程有限公司,新北市三峽區長泰街41巷6號,陳偉民,1000000,104/08/13,115/09/18,公司所在地,E701010 電信工程業；E603050 自動控制設備工程業；E603080 交通號誌安裝工程業；F119010 電子材料批發業；F113070 電信器材批發業；E601020 電器安裝業；F117010 消防安全設備批發業；F399040 無店面零售業；E603040 消防安全設備安裝工程業；EZ05010 儀器、儀表安裝工程業,新北市,變更,11509
54865608,英南投資有限公司,新北市板橋區中山路1段1號19樓之8,阮氏戀,6800000,104/08/27,115/09/15,經理人變更,H201010 一般投資業；ZZ99999 除許可業務外，得經營法令非禁止或限制之業務,新北市,變更,11509
54865635,艾瑞生醫股份有限公司,新北市新莊區福慧路268號11樓,王舜睦,116491320,104/08/27,115/09/22,董事/監察人持股變動報備,C802100 化粧品製造業；F108031 醫療器材批發業；F108040 化粧品批發業；F208031 醫療器材零售業；F208040 化粧品零售業；F401010 國際貿易業；I199990 其他顧問服務業；IC01010 藥品檢驗業；IG01010 生物技術服務業；IZ99990 其他工商服務業,新北市,變更,11509
54866819,惠盈石業有限公司,新北市板橋區懷德街117號(1樓),蔡長紘,6000000,104/09/02,115/09/07,公司所在地,C901070 石材製品製造業；F111090 建材批發業；C901060 耐火材料製造業；F215020 礦石零售業；F401010 國際貿易業；E801010 室內裝潢業；E801070 廚具、衛浴設備安裝工程業；F105050 家具、寢具、廚房器具、裝設品批發業；ZZ99999 除許可業務外，得經營法令非禁止或限制之業務,新北市,變更,11509
54869766,康喜生技股份有限公司,新北市新店區寶橋路235巷118號6樓之1,劉惠珍,10000000,104/09/17,115/09/29,特殊補正,F102170 食品什貨批發業；F106020 日常用品批發業；F107030 清潔用品批發業；F108040 化粧品批發業；F109070 文教、樂器、育樂用品批發業；F113030 精密儀器批發業；F111090 建材批發業；F399040 無店面零售業；F401010 國際貿易業；IG01010 生物技術服務業,新北市,變更,11509
54870911,亞士得品質顧問股份有限公司,新北市林口區文化二路1段68巷16號5樓之2,林國勝,500000,104/09/22,115/09/10,申登機關變更（遷入，含卷）,IF04010 非破壞檢測業；IZ07010 公證業；EZ99990 其他工程業；ZZ99999 除許可業務外，得經營法令非禁止或限制之業務,新北市,變更,11509
54871046,森美管理顧問有限公司,新北市新店區民權路108號10樓,李正輝,5000000,104/09/22,115/09/15,增資,H701010 住宅及大樓開發租售業；H703090 不動產買賣業；H703100 不動產租賃業；I103060 管理顧問業；I301020 資料處理服務業；IZ12010 人力派遣業；IZ99990 其他工商服務業；F401010 國際貿易業；ZZ99999 除許可業務外，得經營法令非禁止或限制之業務,新北市,變更,11509
54872072,今赫建設股份有限公司,新北市中和區中和路102號11樓之9,游聰賢,25000000,104/09/25,115/09/03,改選董事/監察人(一人法人股東指派董事/監察人),H701010 住宅及大樓開發租售業；H701020 工業廠房開發租售業；H701050 投資興建公共建設業；H703090 不動產買賣業；H703100 不動產租賃業；F111090 建材批發業；ZZ99999 除許可業務外，得經營法令非禁止或限制之業務,新北市,變更,11509
54872621,辰暘國際開發有限公司,新北市板橋區新海路450號2樓,吳國章,900000,104/10/01,115/09/14,公司所在地,JZ99151 殯葬禮儀服務業；JE01010 租賃業；F206060 祭祀用品零售業；F203010 食品什貨、飲料零售業；F206020 日常用品零售業；F201070 花卉零售業；F203020 菸酒零售業；F204110 布疋、衣著、鞋、帽、傘、服飾品零售業；F214030 汽、機車零件配備零售業；F214050 車胎零售業,新北市,變更,11509
54873142,健翔營造股份有限公司,新北市板橋區南雅南路1段55號10樓之1,曾日榮,3600000,104/10/05,115/09/21,特殊補正,E101011 綜合營造業；E599010 配管工程業；E603040 消防安全設備安裝工程業；E801010 室內裝潢業；EZ07010 鑽孔工程業；H201010 一般投資業；H701060 新市鎮、新社區開發業；H701080 都市更新重建業；H701090 都市更新整建維護業；H702010 建築經理業,新北市,變更,11509
54874022,富楷金屬有限公司,新北市泰山區忠孝街42巷24之1號,賴宜芳,500000,104/10/08,115/09/29,公司印鑑變更,E603100 電焊工程業；E801020 門窗安裝工程業；E801030 室內輕鋼架工程業；E901010 油漆工程業；E903010 防蝕、防銹工程業；EZ99990 其他工程業；F113010 機械批發業；F113990 其他機械器具批發業；F111090 建材批發業；F199990 其他批發業,新北市,變更,11509
54877739,尚品醫療器材股份有限公司,新北市中和區立德街168號7樓,蔡誱澐,102852720,104/10/23,115/09/24,發行新股,F108031 醫療器材批發業；F208031 醫療器材零售業；IG01010 生物技術服務業；F199990 其他批發業；F299990 其他零售業；F401010 國際貿易業；F113030 精密儀器批發業；F213040 精密儀器零售業；F399040 無店面零售業；I103060 管理顧問業,新北市,變更,11509
54878250,石邦股份有限公司,新北市土城區日新街33巷3號,褚淑欽,147940100,104/10/27,115/09/14,特殊補正,H201010 一般投資業；H701010 住宅及大樓開發租售業；H703090 不動產買賣業；H703100 不動產租賃業；ZZ99999 除許可業務外，得經營法令非禁止或限制之業務,新北市,變更,11509
54880452,益全生技藥品有限公司,新北市樹林區中華路379巷78弄21號(1樓),許素燕,2600800,104/11/05,115/09/04,增資,F108021 西藥批發業；F108031 醫療器材批發業；F108040 化粧品批發業；F208050 乙類成藥零售業；F102040 飲料批發業；F102170 食品什貨批發業；F102180 酒精批發業；F401010 國際貿易業；ZZ99999 除許可業務外，得經營法令非禁止或限制之業務；F208021 西藥零售業,新北市,變更,11509
54890085,一果制作影像有限公司,新北市三重區元信三街41號(1樓),楊鈺彬,2000000,104/05/20,115/09/01,申登機關變更（遷入，含卷）,J503010 廣播節目製作業；J503020 電視節目製作業；J503030 廣播電視節目發行業；J503040 廣播電視廣告業；J401010 電影片製作業；J402010 電影片發行業；J602010 演藝活動業；J601010 藝文服務業；JZ99030 攝影業；I401010 一般廣告服務業,新北市,變更,11509
54918078,台北雙星股份有限公司,新北市新莊區思源路555號36樓,許崑泰,11000000000,108/11/11,115/09/01,發行新股,H701010 住宅及大樓開發租售業；H701040 特定專業區開發業；H701050 投資興建公共建設業；H703100 不動產租賃業；F301010 百貨公司業；F301020 超級市場業；F399990 其他綜合零售業；F401010 國際貿易業；G202010 停車場經營業；I103060 管理顧問業,新北市,變更,11509
54920068,呈皇精密有限公司,新北市鶯歌區八德路2巷21號,賴美崴,400000,105/07/13,115/09/16,申登機關變更（遷入，含卷）,CA02990 其他金屬製品製造業；CB01010 機械設備製造業；CB01990 其他機械製造業；CD01030 汽車及其零件製造業；CD01040 機車及其零件製造業；CP01010 手工具製造業；F106010 五金批發業；F113010 機械批發業；F114030 汽、機車零件配備批發業；F401010 國際貿易業,新北市,變更,11509
54928110,四方國際貿易有限公司,新北市板橋區中山路2段367之1號2樓,陳文傑,15000000,107/03/26,115/09/11,增資,F401010 國際貿易業；F106010 五金批發業；F106020 日常用品批發業；F106030 模具批發業；F113030 精密儀器批發業；F113050 電腦及事務性機器設備批發業；F113070 電信器材批發業；F113110 電池批發業；F113990 其他機械器具批發業；F119010 電子材料批發業,新北市,變更,11509
54931374,君悅建設股份有限公司,新北市林口區文化二路1段395號16樓,鍾牧桓,90000000,107/04/24,115/09/17,申登機關變更（遷入，含卷）,H701010 住宅及大樓開發租售業；H701020 工業廠房開發租售業；H701050 投資興建公共建設業；H701060 新市鎮、新社區開發業；H701070 區段徵收及市地重劃代辦業；H703090 不動產買賣業；H703100 不動產租賃業；F111090 建材批發業；F401010 國際貿易業；E801010 室內裝潢業,新北市,變更,11509
54934648,泰鈜科技有限公司,新北市三重區重新路5段609巷12號4樓之7,盂曾翔,2000000,107/05/21,115/09/23,股東出資轉讓修正章程,CC01030 電器及視聽電子產品製造業；CC01080 電子零組件製造業；F113020 電器批發業；F119010 電子材料批發業；F213010 電器零售業；F219010 電子材料零售業；ZZ99999 除許可業務外，得經營法令非禁止或限制之業務,新北市,變更,11509
54935793,杉姊妹有限公司,新北市土城區中華路1段56巷19號(1樓),,100000,107/05/31,115/09/30,解散,F104110 布疋、衣著、鞋、帽、傘、服飾品批發業；F204110 布疋、衣著、鞋、帽、傘、服飾品零售業；F105050 家具、寢具、廚房器具、裝設品批發業；F205040 家具、寢具、廚房器具、裝設品零售業；F115010 首飾及貴金屬批發業；F215010 首飾及貴金屬零售業；F399040 無店面零售業；F401010 國際貿易業；ZZ99999 除許可業務外，得經營法令非禁止或限制之業務,新北市,變更,11509
54974211,龢諧科技股份有限公司,新北市中和區建康路89號3樓,蘇建吉,455000000,108/02/11,115/09/14,特殊補正,CC01080 電子零組件製造業；CC01110 電腦及其週邊設備製造業；CC01120 資料儲存媒體製造及複製業；F119010 電子材料批發業；F401010 國際貿易業；F601010 智慧財產權業；I301010 資訊軟體服務業；I301020 資料處理服務業；I501010 產品設計業；ZZ99999 除許可業務外，得經營法令非禁止或限制之業務,新北市,變更,11509
55019806,誠邦食品股份有限公司,新北市新店區民權路95號10樓之3,蘇浩,15000000,106/09/07,115/09/09,董事/監察人持股變動報備,F102040 飲料批發業；F102170 食品什貨批發業；F102180 酒精批發業；F203010 食品什貨、飲料零售業；F203030 酒精零售業；F401010 國際貿易業；F501030 飲料店業；ZZ99999 除許可業務外，得經營法令非禁止或限制之業務；F501060 餐館業；F501990 其他餐飲業,新北市,變更,11509
55079959,廾心國際股份有限公司,新北市三重區和平街18號,謝鎮蔚,1000000,106/09/11,115/09/16,特殊補正,F104110 布疋、衣著、鞋、帽、傘、服飾品批發業；F105050 家具、寢具、廚房器具、裝設品批發業；F106010 五金批發業；F106020 日常用品批發業；F107030 清潔用品批發業；F108031 醫療器材批發業；F109070 文教、樂器、育樂用品批發業；F113020 電器批發業；F113030 精密儀器批發業；F204110 布疋、衣著、鞋、帽、傘、服飾品零售業,新北市,變更,11509
55376873,川湯溫泉有限公司,新北市三重區重新路3段45號15樓之2,游宗翰,72000000,106/09/29,115/09/18,改推董事/董事長,F501030 飲料店業；F501060 餐館業；J901020 一般旅館業；JZ99120 一般浴室業；ZZ99999 除許可業務外，得經營法令非禁止或限制之業務,新北市,變更,11509
55621539,欣霖國際股份有限公司,新北市汐止區新台五路1段97號27樓之7,林萱,1000000,106/10/02,115/09/23,特殊補正,F601010 智慧財產權業；H201010 一般投資業；I101090 食品顧問業；I199990 其他顧問服務業；J304010 圖書出版業；J305010 有聲出版業；F401010 國際貿易業；ZZ99999 除許可業務外，得經營法令非禁止或限制之業務,新北市,變更,11509
55656591,優氫科技股份有限公司,新北市土城區承天路8巷2號8樓,張榮桂,50000000,106/10/20,115/09/24,特殊補正,F113030 精密儀器批發業；F213040 精密儀器零售業；F401010 國際貿易業；I301010 資訊軟體服務業；I301020 資料處理服務業；I301030 電子資訊供應服務業；IG01010 生物技術服務業；IG02010 研究發展服務業；IG03010 能源技術服務業；CE01010 一般儀器製造業,新北市,變更,11509
55855000,冠逸文化事業有限公司,新北市中和區中興街202巷10號6樓之2,李思甯,610000,107/02/02,115/09/04,改推董事/董事長,F299990 其他零售業；I103060 管理顧問業；I199990 其他顧問服務業；JA05010 留、遊學服務業；J601010 藝文服務業；JZ99050 仲介服務業；I401010 一般廣告服務業；F399040 無店面零售業,新北市,變更,11509
55858668,愛絲葵國際股份有限公司,新北市三重區重新路4段97號22樓之1,蕭竣之,49954830,107/02/07,115/09/15,特殊補正,H201010 一般投資業；I102010 投資顧問業；I103060 管理顧問業；I101090 食品顧問業；F102170 食品什貨批發業；F401010 國際貿易業；F101040 家畜家禽批發業；F101050 水產品批發業；F101130 蔬果批發業；F102040 飲料批發業,新北市,變更,11509
55896641,諶氏文創股份有限公司,新北市鶯歌區尖山埔路96之2號,諶耀南,5000000,105/09/23,115/09/08,特殊補正,F399990 其他綜合零售業；I103060 管理顧問業；I105010 藝術品諮詢顧問業；I199990 其他顧問服務業；I301010 資訊軟體服務業；I301030 電子資訊供應服務業；I401010 一般廣告服務業；I501010 產品設計業；J202010 產業育成業；J303010 雜誌（期刊）出版業,新北市,變更,11509
56129605,欣竣國際企業有限公司,新北市金山區信義路35號,江李菊,2000000,106/02/21,115/09/23,特殊補正,F113030 精密儀器批發業；F113050 電腦及事務性機器設備批發業；F118010 資訊軟體批發業；F119010 電子材料批發業；F199990 其他批發業；F213030 電腦及事務性機器設備零售業；F213040 精密儀器零售業；F399040 無店面零售業；F401010 國際貿易業；I301010 資訊軟體服務業,新北市,變更,11509
56667076,芃芃貿易有限公司,新北市汐止區新台五路1段95號20樓之6,林佳頻,200000,106/06/15,115/09/23,特殊補正,F102170 食品什貨批發業；F104110 布疋、衣著、鞋、帽、傘、服飾品批發業；F106020 日常用品批發業；F108040 化粧品批發業；F110010 鐘錶批發業；F110020 眼鏡批發業；F203010 食品什貨、飲料零售業；F204110 布疋、衣著、鞋、帽、傘、服飾品零售業；F206020 日常用品零售業；F208040 化粧品零售業,新北市,變更,11509
60307253,盛辰科技股份有限公司,新北市三峽區學成路327號2樓之13,何玉霞,200000,115/03/06,115/09/17,特殊補正,I301010 資訊軟體服務業；I301020 資料處理服務業；I301030 電子資訊供應服務業；J399010 軟體出版業；F118010 資訊軟體批發業；F218010 資訊軟體零售業；I401010 一般廣告服務業；I199990 其他顧問服務業；I599990 其他設計業；IZ15010 市場研究及民意調查業,新北市,變更,11509
60311600,天綬國際股份有限公司,新北市新店區竹林路61巷9號5樓,潘志煌,1600000,115/03/12,115/09/09,特殊補正,A101020 農作物栽培業；A101030 特用作物栽培業；A101050 花卉栽培業；A102080 園藝服務業；C103050 罐頭、冷凍、脫水及醃漬食品製造業；C104020 烘焙炊蒸食品製造業；E801010 室內裝潢業；F102040 飲料批發業；F102170 食品什貨批發業；F106020 日常用品批發業,新北市,變更,11509
60311876,千億創富有限公司,新北市中和區中正路700號5樓之1,湯千毅,500000,115/03/16,115/09/16,增資,F401010 國際貿易業；JE01010 租賃業；H202010 創業投資業；HZ99990 其他金融、保險及不動產業；H703090 不動產買賣業；H703100 不動產租賃業；H701010 住宅及大樓開發租售業；H701020 工業廠房開發租售業；H701050 投資興建公共建設業；H701060 新市鎮、新社區開發業,新北市,變更,11509
60312214,泰多髮廊有限公司,新北市板橋區篤行路3段玉平巷5號,楊竣詠,250000,115/03/17,115/09/01,公司所在地,JZ99080 美容美髮服務業；F108040 化粧品批發業；F208040 化粧品零售業；ZZ99999 除許可業務外，得經營法令非禁止或限制之業務,新北市,變更,11509
60312283,汐止品都串燒股份有限公司,新北市汐止區中興路41巷1號,吳旭暹,100000,115/03/17,115/09/04,變更組織,F501060 餐館業；F501030 飲料店業；ZZ99999 除許可業務外，得經營法令非禁止或限制之業務,新北市,變更,11509
60346517,瑞駿工業股份有限公司,新北市鶯歌區鶯桃路472巷11號(1樓),游振龍,61000000,115/02/10,115/09/04,增資(資本總額),CD01020 軌道車輛及其零件製造業；CA01050 鋼材二次加工業；CA02010 金屬結構及建築組件製造業；E401010 疏濬業；E599010 配管工程業；E502010 燃料導管安裝工程業；E601020 電器安裝業；E603010 電纜安裝工程業；E603020 電梯安裝工程業；E603050 自動控制設備工程業,新北市,變更,11509
60346875,衡準智能顯示股份有限公司,新北市土城區中山路3之2號,余明峰,600000000,115/02/11,115/09/04,發行新股,CC01030 電器及視聽電子產品製造業；CC01070 無線通信機械器材製造業；CC01110 電腦及其週邊設備製造業；CC01100 電信管制射頻器材製造業；CC01080 電子零組件製造業；F113050 電腦及事務性機器設備批發業；F113030 精密儀器批發業；F119010 電子材料批發業；F401010 國際貿易業；CC01990 其他電機及電子機械器材製造業,新北市,變更,11509
60347516,吉希吉投資有限公司,新北市新莊區龍安路459號4樓,謝廷政,29998400,115/02/13,115/09/24,公司所在地,H201010 一般投資業,新北市,變更,11509
60347728,竑億工程有限公司,新北市板橋區板新路101號4樓,蔣怡萱,2000000,115/02/24,115/09/24,公司所在地,E601010 電器承裝業；I103060 管理顧問業；E401010 疏濬業；E402010 沙石、淤泥海拋業；E502010 燃料導管安裝工程業；E599010 配管工程業；E603010 電纜安裝工程業；E801010 室內裝潢業；A102080 園藝服務業；B601010 土石採取業,新北市,變更,11509
60347781,行創方案有限公司,新北市土城區中華路1段36號12樓之2,宮國強,2000000,115/02/24,115/09/16,改推董事/董事長,F113030 精密儀器批發業；F113050 電腦及事務性機器設備批發業；F119010 電子材料批發業；F213030 電腦及事務性機器設備零售業；F219010 電子材料零售業；F401010 國際貿易業；I102010 一般投資顧問業；I103060 管理顧問業；I199990 其他顧問服務業；ZZ99999 除許可業務外，得經營法令非禁止或限制之業務,新北市,變更,11509
60347939,世美建設開發股份有限公司,新北市新莊區建國一路53號5樓,陳敬欽,30000000,115/02/24,115/09/24,修正章程,F111090 建材批發業；F113010 機械批發業；H701010 住宅及大樓開發租售業；H701020 工業廠房開發租售業；H701040 特定專業區開發業；H701050 投資興建公共建設業；H701060 新市鎮、新社區開發業；H701070 區段徵收及市地重劃代辦業；H701080 都市更新重建業；H702010 建築經理業,新北市,變更,11509
60348276,昕漾貿易股份有限公司,新北市汐止區新台五路2段158號,沈欣蘭,9000000,115/02/26,115/09/08,增資(資本總額),F108040 化粧品批發業；F208040 化粧品零售業；C802100 化粧品製造業；F401010 國際貿易業；F107030 清潔用品批發業；F207030 清潔用品零售業；F106020 日常用品批發業；F206020 日常用品零售業；F106010 五金批發業；F206010 五金零售業,新北市,變更,11509
60352284,禾聯建材有限公司,新北市板橋區中山路1段1號23樓,邢彥峋,100000,114/12/17,115/09/03,特殊補正,F111090 建材批發業；F106010 五金批發業；F105050 家具、寢具、廚房器具、裝設品批發業；F113010 機械批發業；F399040 無店面零售業；F401010 國際貿易業；ZZ99999 除許可業務外，得經營法令非禁止或限制之業務；EZ99990 其他工程業,新北市,變更,11509
60352469,美昇舒適科技股份有限公司,新北市永和區民權路53號9樓,周貞浩,20000000,114/12/17,115/09/23,改選董事/監察人(一人法人股東指派董事/監察人),CB01030 污染防治設備製造業；E599010 配管工程業；E601010 電器承裝業；E601020 電器安裝業；E603050 自動控制設備工程業；E603090 照明設備安裝工程業；E603100 電焊工程業；E603110 冷作工程業；E603130 燃氣熱水器承裝業；E604010 機械安裝業,新北市,變更,11509
60353137,蜂雲智匯股份有限公司,新北市新店區復興路43號10樓,應文逡,500000,114/12/31,115/09/16,額定資本額增加變更章程,E605010 電腦設備安裝業；F113050 電腦及事務性機器設備批發業；F118010 資訊軟體批發業；F213030 電腦及事務性機器設備零售業；F218010 資訊軟體零售業；F401010 國際貿易業；F601010 智慧財產權業；I103060 管理顧問業；I199990 其他顧問服務業；I301010 資訊軟體服務業,新北市,變更,11509
60353143,醫策科技股份有限公司,新北市新店區復興路43號10樓,應文逡,500000,114/12/31,115/09/16,額定資本額增加變更章程,E605010 電腦設備安裝業；F113050 電腦及事務性機器設備批發業；F118010 資訊軟體批發業；F213030 電腦及事務性機器設備零售業；F218010 資訊軟體零售業；F401010 國際貿易業；F601010 智慧財產權業；I103060 管理顧問業；I199990 其他顧問服務業；I301010 資訊軟體服務業,新北市,變更,11509
60354558,曜森寵物有限公司,新北市永和區中正路549號（1樓、2樓）,趙苡佑,2800000,115/01/07,115/09/08,特殊補正,A401020 家畜禽飼育業；A401060 其他動物服務業；F101980 其他動物批發業；F104110 布疋、衣著、鞋、帽、傘、服飾品批發業；F106020 日常用品批發業；F107070 動物用藥品批發業；F106010 五金批發業；F103010 飼料批發業；F201980 其他動物零售業；F202010 飼料零售業,新北市,變更,11509
60354620,一陽國際健康科技有限公司,新北市汐止區康寧街83巷48號12樓,黃美晴,500000,115/01/07,115/09/23,改推董事/董事長,F108040 化粧品批發業；F113020 電器批發業；I103060 管理顧問業；I199990 其他顧問服務業；JZ99080 美容美髮服務業；F102170 食品什貨批發業；F105050 家具、寢具、廚房器具、裝設品批發業；F106020 日常用品批發業；F107030 清潔用品批發業；F107200 化學原料批發業,新北市,變更,11509
60354733,耘浩創投股份有限公司,新北市板橋區華江九路35號19樓,陳志浩,5010000,115/01/08,115/09/07,特殊補正,H201010 一般投資業；H202010 創業投資業；I102010 一般投資顧問業；I103060 管理顧問業；I199990 其他顧問服務業；H701010 住宅及大樓開發租售業；H701020 工業廠房開發租售業；H702010 建築經理業；H703090 不動產買賣業；H703100 不動產租賃業,新北市,變更,11509
60370516,瑞麒科技股份有限公司,新北市中和區中和路312號12樓之2,孟麒良,100000,115/03/04,115/09/30,公司名稱變更修正章程,I103060 管理顧問業；I199990 其他顧問服務業；F401010 國際貿易業；E605010 電腦設備安裝業；F113050 電腦及事務性機器設備批發業；F118010 資訊軟體批發業；F119010 電子材料批發業；F213030 電腦及事務性機器設備零售業；F218010 資訊軟體零售業；I102010 一般投資顧問業,新北市,變更,11509
60370902,埃迪亞資訊股份有限公司,新北市板橋區遠東路1號3樓,Sharma Monika,17500000,115/02/02,115/09/23,增資(資本總額),CC01030 電器及視聽電子產品製造業；CC01060 有線通信機械器材製造業；CC01070 無線通信機械器材製造業；CC01110 電腦及其週邊設備製造業；CC01100 電信管制射頻器材製造業；CC01120 資料儲存媒體製造及複製業；CC01990 其他電機及電子機械器材製造業；F113070 電信器材批發業；F116010 照相器材批發業；F118010 資訊軟體批發業,新北市,變更,11509
60377052,富鑽有限公司,新北市中和區中山路2段332巷3號11樓,簡千富,1000000,115/01/16,115/09/21,特殊補正,F101130 蔬果批發業；F101040 家畜家禽批發業；F101050 水產品批發業；F101100 花卉批發業；F101990 其他農、畜、水產品批發業；F102030 菸酒批發業；F102040 飲料批發業；F102170 食品什貨批發業；F106010 五金批發業；F203010 食品什貨、飲料零售業,新北市,變更,11509
60377742,立百捷有限公司,新北市八里區仁愛路124號,趙珮淳,300000,115/01/27,115/09/16,改推董事/董事長,C804020 工業用橡膠製品製造業；C804990 其他橡膠製品製造業；C805050 工業用塑膠製品製造業；C805060 塑膠皮製品製造業；C805070 強化塑膠製品製造業；C805990 其他塑膠製品製造業；F107190 塑膠膜、袋批發業；F199010 回收物料批發業；F199990 其他批發業；F401010 國際貿易業,新北市,變更,11509
60378019,台門實業有限公司,新北市新莊區幸福東路137號,王伯容,10000000,115/01/28,115/09/21,公司所在地,C804020 工業用橡膠製品製造業；C804990 其他橡膠製品製造業；C805050 工業用塑膠製品製造業；C805990 其他塑膠製品製造業；CA02990 其他金屬製品製造業；CB01990 其他機械製造業；F106010 五金批發業；F113990 其他機械器具批發業；F401010 國際貿易業；CD01030 汽車及其零件製造業,新北市,變更,11509
60378067,創睿智能科技股份有限公司,新北市中和區板南路492號3樓之5,莊伯涵,14800000,115/01/29,115/09/24,特殊補正,F106010 五金批發業；F113010 機械批發業；F113020 電器批發業；F113030 精密儀器批發業；F113050 電腦及事務性機器設備批發業；F113070 電信器材批發業；F113990 其他機械器具批發業；F114030 汽、機車零件配備批發業；F114990 其他交通運輸工具及其零件批發業；F118010 資訊軟體批發業,新北市,變更,11509
60378496,玥翎室內裝修有限公司,新北市板橋區中山路1段10號11樓,陳冠伶,10000,115/01/30,115/09/21,減少所營事業變更修正章程,E599010 配管工程業；E601010 電器承裝業；E601020 電器安裝業；E603010 電纜安裝工程業；E603020 電梯安裝工程業；E603040 消防安全設備安裝工程業；E603050 自動控制設備工程業；E603090 照明設備安裝工程業；E603120 噴砂工程業；E603130 燃氣熱水器承裝業,新北市,變更,11509
60378587,道達有限公司,新北市汐止區汐萬路1段401號,陳怡惠,2000000,115/01/30,115/09/18,公司所在地,F113110 電池批發業；F213110 電池零售業；E601010 電器承裝業；E601020 電器安裝業；F113050 電腦及事務性機器設備批發業；E605010 電腦設備安裝業；E603040 消防安全設備安裝工程業；ZZ99999 除許可業務外，得經營法令非禁止或限制之業務；E603010 電纜安裝工程業；E603090 照明設備安裝工程業,新北市,變更,11509
60378952,丰懿實業有限公司,新北市蘆洲區保和街47巷2號(1樓),許家菱,4000000,115/01/12,115/09/01,股東出資轉讓修正章程,F107010 漆料、塗料批發業；F106010 五金批發業；F111090 建材批發業；F107020 染料、顏料批發業；F107030 清潔用品批發業；F199990 其他批發業；E801010 室內裝潢業；E801020 門窗安裝工程業；E801030 室內輕鋼架工程業；E801040 玻璃安裝工程業,新北市,變更,11509
60379256,上誠機械工程有限公司,新北市樹林區佳園路2段15巷46號,李謀瑋,10000000,115/01/13,115/09/23,公司所在地,CB01010 機械設備製造業；CB01990 其他機械製造業；CC01080 電子零組件製造業；CC01990 其他電機及電子機械器材製造業；CE01010 一般儀器製造業；F113010 機械批發業；F113030 精密儀器批發業；F119010 電子材料批發業；I501010 產品設計業；E599010 配管工程業,新北市,變更,11509
60379333,璀璨鑽石股份有限公司,新北市板橋區文化路2段250號2樓,廖計忠,1450000,115/01/14,115/09/22,特殊補正,F115010 首飾及貴金屬批發業；CG01010 珠寶及貴金屬製品製造業；F215010 首飾及貴金屬零售業；I301030 電子資訊供應服務業；I301010 資訊軟體服務業；I301020 資料處理服務業；I501010 產品設計業；IZ99990 其他工商服務業；F113020 電器批發業；F113050 電腦及事務性機器設備批發業,新北市,變更,11509
60382750,鈦銡工程有限公司,新北市三峽區介壽路2段138巷1弄102號,廖芯華,1000000,115/02/10,115/09/02,董事/股東更名,C901020 玻璃及玻璃製品製造業；E601020 電器安裝業；E801020 門窗安裝工程業；E801030 室內輕鋼架工程業；E801040 玻璃安裝工程業；E801070 廚具、衛浴設備安裝工程業；E901010 油漆工程業；E801010 室內裝潢業；E903010 防蝕、防銹工程業；EZ99990 其他工程業,新北市,變更,11509
60382837,暮映設計有限公司,新北市中和區民安街25巷16號,陳思齊,1000000,115/02/10,115/09/17,增資,J601010 藝文服務業；J602010 演藝活動業；J603010 音樂展演空間業；JE01010 租賃業；J202010 產業育成業；J401010 電影片製作業；J404010 動畫影片製作業；J404020 提供設備及場地供電影片拍攝業；J404050 電影特效製作業；JB01010 會議及展覽服務業,新北市,變更,11509
60387734,佳葳生技有限公司,新北市新莊區中安街9號4樓,鄒子葳,10000000,114/12/19,115/09/18,公司所在地,F209060 文教、樂器、育樂用品零售業；F399990 其他綜合零售業；F102170 食品什貨批發業；F106020 日常用品批發業；F208040 化粧品零售業；F203010 食品什貨、飲料零售業；F104110 布疋、衣著、鞋、帽、傘、服飾品批發業；H703100 不動產租賃業；H201010 一般投資業；HZ99990 其他金融、保險及不動產業,新北市,變更,11509
60389233,安捷精密科技股份有限公司,新北市林口區民有街152號9樓,姜智淵,1000000,114/12/26,115/09/23,董事/監察人持股變動報備,F114030 汽、機車零件配備批發業；F113020 電器批發業；F214030 汽、機車零件配備零售業；F213010 電器零售業；CC01040 照明設備製造業；CD01030 汽車及其零件製造業；CD01040 機車及其零件製造業；F401010 國際貿易業；ZZ99999 除許可業務外，得經營法令非禁止或限制之業務,新北市,變更,11509
60393948,銘順機電有限公司,新北市土城區金城路2段242巷5號11樓,張銘宗,2000000,115/01/16,115/09/15,公司所營事業變更修正章程,E603010 電纜安裝工程業；E603050 自動控制設備工程業；E599010 配管工程業；E604010 機械安裝業；E701010 電信工程業；EZ99990 其他工程業；ZZ99999 除許可業務外，得經營法令非禁止或限制之業務；E601020 電器安裝業；E603040 消防安全設備安裝工程業；E603080 交通號誌安裝工程業,新北市,變更,11509
60394398,沄川室內裝修工程有限公司,新北市新店區安興路125之10號,林大稀,200000,115/01/20,115/09/01,股東出資轉讓修正章程,F105050 家具、寢具、廚房器具、裝設品批發業；F106010 五金批發業；F111090 建材批發業；F205040 家具、寢具、廚房器具、裝設品零售業；F206010 五金零售業；F211010 建材零售業；F399040 無店面零售業；F401010 國際貿易業；E601020 電器安裝業；E603050 自動控制設備工程業,新北市,變更,11509
60395024,捷力軒光碳設備股份有限公司,新北市瑞芳區粗坑口路100之5號4樓,陳思硯,3000000,115/01/21,115/09/17,特殊補正,C801010 基本化學工業；C802990 其他化學製品製造業；CB01010 機械設備製造業；CB01990 其他機械製造業；CC01120 資料儲存媒體製造及複製業；CD01060 航空器及其零件製造業；CZ99990 未分類其他工業製品製造業；E604010 機械安裝業；E605010 電腦設備安裝業；F107170 工業助劑批發業,新北市,變更,11509
60410854,檸晞有限公司,新北市三峽區中正路2段83巷16號,曾郁雯,16800,114/09/08,115/09/18,特殊補正,IZ12010 人力派遣業；I103060 管理顧問業；I199990 其他顧問服務業；F102170 食品什貨批發業；F104110 布疋、衣著、鞋、帽、傘、服飾品批發業；F106020 日常用品批發業；F107030 清潔用品批發業；F108040 化粧品批發業；F199990 其他批發業；F203010 食品什貨、飲料零售業,新北市,變更,11509
60410926,牧仁資訊有限公司,新北市土城區明德路2段65號3樓,蘇怡玲,1000000,114/09/09,115/09/15,特殊補正,I301010 資訊軟體服務業；I301020 資料處理服務業；I199990 其他顧問服務業；I301030 電子資訊供應服務業；I301060 網路廣告平臺業；I401010 一般廣告服務業；I501010 產品設計業；I599990 其他設計業；I503010 景觀設計業；IZ99990 其他工商服務業,新北市,變更,11509
60410995,科森實業有限公司,新北市中和區中正路880號13樓之7,吳頊卓,2000000,114/09/08,115/09/11,申登機關變更（遷入，含卷）,CC01110 電腦及其週邊設備製造業；E603050 自動控制設備工程業；E605010 電腦設備安裝業；I301010 資訊軟體服務業；I301020 資料處理服務業；I301030 電子資訊供應服務業；I501010 產品設計業；F113020 電器批發業；F113050 電腦及事務性機器設備批發業；F113110 電池批發業,新北市,變更,11509
60411306,有利投資顧問有限公司,新北市新莊區福美街56號10樓,徐秀卿,25276800,114/09/09,115/09/23,申登機關變更（遷入，含卷）,H201010 一般投資業；ZZ99999 除許可業務外，得經營法令非禁止或限制之業務,新北市,變更,11509
60411333,明鑫投資管理顧問股份有限公司,新北市新莊區福美街56號15樓,林瑞和,10500000,114/09/09,115/09/29,申登機關變更（遷入，含卷）,H201010 一般投資業；ZZ99999 除許可業務外，得經營法令非禁止或限制之業務,新北市,變更,11509
60417619,維信開發建設有限公司,新北市板橋區忠孝路103號6樓,洪鳳蓁,1000000,114/09/26,115/09/03,公司所營事業變更修正章程,H703100 不動產租賃業；H703090 不動產買賣業；I503010 景觀、室內設計業；H701010 住宅及大樓開發租售業；ZZ99999 除許可業務外，得經營法令非禁止或限制之業務；I102010 一般投資顧問業；I103060 管理顧問業；F111090 建材批發業；E801010 室內裝潢業；E801030 室內輕鋼架工程業,新北市,變更,11509
60418407,昱勛投資有限公司,新北市板橋區環河西路4段2023號,巫培塋,20000000,114/10/02,115/09/03,股東出資轉讓修正章程,H201010 一般投資業,新北市,變更,11509
60418666,良淳幸福股份有限公司,新北市新莊區幸福東路139號(1樓),曾令淳,1000000,114/10/03,115/09/24,改選董事/監察人(一人法人股東指派董事/監察人),F204110 布疋、衣著、鞋、帽、傘、服飾品零售業；F215020 礦石零售業；F399040 無店面零售業；F206010 五金零售業；F206020 日常用品零售業；F401010 國際貿易業；F215010 首飾及貴金屬零售業；I105010 藝術品諮詢顧問業；I103060 管理顧問業；I199990 其他顧問服務業,新北市,變更,11509
60418814,醫璽物流有限公司,新北市新莊區福壽街431號9樓,張家甄,10000000,114/10/03,115/09/18,特殊補正,F102170 食品什貨批發業；F106020 日常用品批發業；F108031 醫療器材批發業；F108040 化粧品批發業；F199990 其他批發業；F208031 醫療器材零售業；F208040 化粧品零售業；F107030 清潔用品批發業；F203010 食品什貨、飲料零售業；F206020 日常用品零售業,新北市,變更,11509
60418856,國曜立方股份有限公司,新北市土城區清水路55號,沈聖堡,500000,114/10/03,115/09/30,董事/監察人持股變動報備,H701050 投資興建公共建設業；H703090 不動產買賣業；H703100 不動產租賃業；H701020 工業廠房開發租售業；H701010 住宅及大樓開發租售業；H201010 一般投資業；I102010 一般投資顧問業；H706011 租賃住宅代管業；H706021 租賃住宅包租業；ZZ99999 除許可業務外，得經營法令非禁止或限制之業務,新北市,變更,11509
60419052,宇淏貿易有限公司,新北市板橋區三民路2段37號23樓之1,林庭蓁,1500000,114/10/07,115/09/01,增資,F103010 飼料批發業；F202010 飼料零售業；F401010 國際貿易業；F106060 寵物食品及其用品批發業；F206050 寵物食品及其用品零售業；F107070 動物用藥品批發業；F107080 環境用藥批發業；F107030 清潔用品批發業；F101050 水產品批發業；F201020 畜產品零售業,新北市,變更,11509
60426011,金勝藤實業有限公司,新北市新莊區榮華路2段10號7樓之6,許雅筑,500000,114/10/29,115/09/02,公司所在地,H201010 一般投資業；I102010 一般投資顧問業；ZZ99999 除許可業務外，得經營法令非禁止或限制之業務,新北市,變更,11509
60426032,璿宸國際有限公司,新北市新莊區萬安街127巷20號4樓,李兆宸,10000000,114/10/29,115/09/07,股東出資轉讓修正章程,F203010 食品什貨、飲料零售業；F401010 國際貿易業；F501030 飲料店業；H703100 不動產租賃業；JA01990 其他汽車服務業；J701120 兒童遊戲場業；ZZ99999 除許可業務外，得經營法令非禁止或限制之業務；H201010 一般投資業；I102010 一般投資顧問業,新北市,變更,11509
60426645,拉美行銷有限公司,新北市板橋區南雅西路1段124巷29號5樓,賴立竹,2000000,114/10/31,115/09/22,公司所在地,I103060 管理顧問業；I102010 一般投資顧問業；H201010 一般投資業；H202010 創業投資業；I199990 其他顧問服務業；I401020 廣告傳單分送業；I401010 一般廣告服務業；I301030 電子資訊供應服務業；I301020 資料處理服務業；IZ12010 人力派遣業,新北市,變更,11509
60426878,曜贊工程有限公司,新北市板橋區金門街67巷66號,羅惠玲,1050000,114/11/03,115/09/17,股東出資轉讓修正章程,CA01050 鋼材二次加工業；E603100 電焊工程業；CA02010 金屬結構及建築組件製造業；EZ02010 起重工程業；B601010 土石採取業；E401010 疏濬業；J101040 廢棄物處理業；J101030 廢棄物清除業；J101010 建築物清潔服務業；EZ06010 交通標示工程業,新北市,變更,11509
60427031,女王麗人瑞鑫有限公司,新北市樹林區鎮前街53號(1樓),陳宛伶,2000000,114/11/03,115/09/07,股東出資轉讓修正章程,F108040 化粧品批發業；F208040 化粧品零售業；F102170 食品什貨批發業；F203010 食品什貨、飲料零售業；JZ99080 美容美髮服務業；F399990 其他綜合零售業；F399040 無店面零售業；ZZ99999 除許可業務外，得經營法令非禁止或限制之業務,新北市,變更,11509
60434666,浤泰海事科技投資股份有限公司,新北市三重區重新路2段46之8號3樓,許定淵,1000000,114/11/13,115/09/24,特殊補正,A301010 遠洋漁撈業；A301020 近海沿岸及內陸漁撈業；A301030 水產養殖業；A301040 娛樂漁業；A302010 對外漁業合作業；A302020 漁業服務業；A399990 其他漁業；E401010 疏濬業；F101050 水產品批發業；F101070 漁具批發業,新北市,變更,11509
60434883,宇宙黃太陽有限公司,新北市深坑區松柏街51巷1號2樓,劉泑渲,1000000,114/11/13,115/09/18,改推董事/董事長,F204110 布疋、衣著、鞋、帽、傘、服飾品零售業；F215020 礦石零售業；F299990 其他零售業；F399040 無店面零售業；F399990 其他綜合零售業；F401010 國際貿易業；ZZ99999 除許可業務外，得經營法令非禁止或限制之業務,新北市,變更,11509
60450623,員福投資股份有限公司,新北市土城區員福街2號4樓,林士禎,78057600,114/10/17,115/09/15,發行新股,H201010 一般投資業,新北市,變更,11509
60450709,宏康控股股份有限公司,新北市中和區連城路258號9樓之1,唐嘉君,972000000,114/10/17,115/09/17,改派董事/監察人,F401010 國際貿易業；H201010 一般投資業；IH01010 產業控股公司業；ZZ99999 除許可業務外，得經營法令非禁止或限制之業務,新北市,變更,11509
60450807,曜光工程有限公司,新北市新莊區中央路562號2樓,傅嘉喆,500000,114/10/17,115/09/23,公司所在地,E801010 室內裝潢業；E801070 廚具、衛浴設備安裝工程業；ZZ99999 除許可業務外，得經營法令非禁止或限制之業務,新北市,變更,11509
60451524,麗生國際有限公司,新北市三重區後竹圍街213號4樓,黃建華,2000000,114/10/09,115/09/14,股東出資轉讓修正章程,H701010 住宅及大樓開發租售業；H701020 工業廠房開發租售業；H703090 不動產買賣業；H703100 不動產租賃業；HZ02010 金融機構金錢債權收買業務；HZ02020 辦理金融機構金錢債權之評價或拍賣業務；HZ99990 其他金融、保險及不動產業；I102010 一般投資顧問業；I103060 管理顧問業；I199990 其他顧問服務業,新北市,變更,11509
60451622,零三三創藝有限公司,新北市林口區文化二路1段68巷6號9樓之2,林宛姍,100000,114/10/09,115/09/22,公司所在地,ZZ99999 除許可業務外，得經營法令非禁止或限制之業務；F104110 布疋、衣著、鞋、帽、傘、服飾品批發業；F106020 日常用品批發業；F106010 五金批發業；F105050 家具、寢具、廚房器具、裝設品批發業；F102170 食品什貨批發業；F108040 化粧品批發業；F109070 文教、樂器、育樂用品批發業；F203010 食品什貨、飲料零售業；F204110 布疋、衣著、鞋、帽、傘、服飾品零售業,新北市,變更,11509
60459125,阿商迪有限公司,新北市板橋區中山路1段293之1號12樓之2,林宗慶,1200000,114/11/07,115/09/04,增資,F106020 日常用品批發業；F206020 日常用品零售業；F102170 食品什貨批發業；F203010 食品什貨、飲料零售業；F104110 布疋、衣著、鞋、帽、傘、服飾品批發業；F204110 布疋、衣著、鞋、帽、傘、服飾品零售業；F399040 無店面零售業；F401010 國際貿易業；I103060 管理顧問業；I199990 其他顧問服務業,新北市,變更,11509
60466884,二次元行銷有限公司,新北市新莊區中正路829巷22弄9號,蔡林,10010000,114/11/18,115/09/11,公司所營事業變更修正章程,A102080 園藝服務業；C306010 成衣業；C307010 服飾品製造業；C399990 其他紡織及製品製造業；C802090 清潔用品製造業；CM01010 箱、包、袋製造業；F106020 日常用品批發業；F107030 清潔用品批發業；F107080 環境用藥批發業；F118010 資訊軟體批發業,新北市,變更,11509
60467933,星皓企業有限公司,新北市樹林區中山路1段189號3樓之1,蔡振鋒,1000000,114/11/24,115/09/01,公司所在地,H703100 不動產租賃業；ZZ99999 除許可業務外，得經營法令非禁止或限制之業務,新北市,變更,11509
60468172,九九九控股股份有限公司,新北市新店區北新路1段86號29樓之6,鍾湘濡,5200000,114/11/24,115/09/03,發行新股,H201010 一般投資業,新北市,變更,11509
60473668,婕芙莉有限公司,新北市汐止區建成路59巷71號16樓,潘佳葳,100000,114/12/04,115/09/10,特殊補正,F104110 布疋、衣著、鞋、帽、傘、服飾品批發業；F106020 日常用品批發業；F108040 化粧品批發業；F109070 文教、樂器、育樂用品批發業；F208040 化粧品零售業；F399040 無店面零售業；F401010 國際貿易業；ZZ99999 除許可業務外，得經營法令非禁止或限制之業務,新北市,變更,11509
60474809,拾穗豐盈資本有限公司,新北市新店區民權路153號4樓,林聖超,850000,114/12/08,115/09/29,特殊補正,H201010 一般投資業,新北市,變更,11509
60480886,貿榮投資有限公司,新北市板橋區莒光路16巷4號,周金德,500000,114/09/16,115/09/15,特殊補正,H201010 一般投資業,新北市,變更,11509
60482646,泊楓建設股份有限公司,新北市汐止區新台五路1段93號21樓之6,方慶華,6000000,114/09/16,115/09/03,申登機關變更（遷入，含卷）,H701010 住宅及大樓開發租售業；H701020 工業廠房開發租售業；H701040 特定專業區開發業；H701050 投資興建公共建設業；H701060 新市鎮、新社區開發業；H701070 區段徵收及市地重劃代辦業；H701080 都市更新重建業；H701090 都市更新整建維護業；H703090 不動產買賣業；H703100 不動產租賃業,新北市,變更,11509
60499718,摯懋台灣有限公司,新北市新莊區新樹路771號3樓,方國成,200000,114/11/13,115/09/03,特殊補正,F401010 國際貿易業；C305010 印染整理業；C307010 服飾品製造業；C399990 其他紡織及製品製造業；C301010 紡紗業；C302010 織布業；C306010 成衣業；C703010 印刷品裝訂及加工業；C701010 印刷業；ZZ99999 除許可業務外，得經營法令非禁止或限制之業務,新北市,變更,11509
60506703,玩樂浪潮有限公司,新北市蘆洲區和平路121巷8弄34號5樓,盧冠志,500000,114/12/11,115/09/08,改推董事/董事長,F102170 食品什貨批發業；F109070 文教、樂器、育樂用品批發業；F203010 食品什貨、飲料零售業；F204110 布疋、衣著、鞋、帽、傘、服飾品零售業；F209060 文教、樂器、育樂用品零售業；F399040 無店面零售業；F401010 國際貿易業；I301010 資訊軟體服務業；I301020 資料處理服務業；ZZ99999 除許可業務外，得經營法令非禁止或限制之業務,新北市,變更,11509
60507668,構造室內裝修設計有限公司,新北市中和區明仁街6巷4號,黃盟翔,1000000,114/12/15,115/09/03,公司名稱變更修正章程,EZ99990 其他工程業；E901010 油漆工程業；E801070 廚具、衛浴設備安裝工程業；E801040 玻璃安裝工程業；E801020 門窗安裝工程業；E801030 室內輕鋼架工程業；E801010 室內裝潢業；E701040 簡易電信設備安裝業；E603090 照明設備安裝工程業；I503010 景觀設計業,新北市,變更,11509
60507914,富源國際投資有限公司,新北市新店區中央路155號18樓之7,龍文蓮,28000000,114/12/17,115/09/29,增資,H201010 一般投資業,新北市,變更,11509
60508060,鈦濬科技有限公司,新北市三重區龍濱路219巷23號(1樓),鍾福惠,100000,114/12/17,115/09/16,特殊補正,E599010 配管工程業；E701040 簡易電信設備安裝業；E701010 電信工程業；F113070 電信器材批發業；I301010 資訊軟體服務業；EZ99990 其他工程業；ZZ99999 除許可業務外，得經營法令非禁止或限制之業務,新北市,變更,11509
60511945,匯耀心橋有限公司,新北市三芝區淡金路2段79之2號12樓,吳立緹,200000,114/09/05,115/09/09,申登機關變更（遷入，含卷）,J202010 產業育成業；I103060 管理顧問業；I199990 其他顧問服務業；I301030 電子資訊供應服務業；J601010 藝文服務業；J399010 軟體出版業；J399990 其他出版業；F109070 文教、樂器、育樂用品批發業；F209060 文教、樂器、育樂用品零售業；F104110 布疋、衣著、鞋、帽、傘、服飾品批發業,新北市,變更,11509
60517933,諾亞體育有限公司,新北市板橋區四川路1段136號2樓,童安佐,3295200,114/09/22,115/09/04,增資,F209060 文教、樂器、育樂用品零售業；F204110 布疋、衣著、鞋、帽、傘、服飾品零售業；J801030 競技及休閒運動場館業；F102030 菸酒批發業；G202010 停車場經營業；EZ14010 運動場地用設備工程業；F399040 無店面零售業；F401010 國際貿易業；H703100 不動產租賃業；I301010 資訊軟體服務業,新北市,變更,11509
60517976,彼岸科技有限公司,新北市三重區仁華街118巷1之8號,盧俊偉,1000000,114/09/22,115/09/03,公司所營事業變更修正章程,F104110 布疋、衣著、鞋、帽、傘、服飾品批發業；F106020 日常用品批發業；F109070 文教、樂器、育樂用品批發業；F113020 電器批發業；F113050 電腦及事務性機器設備批發業；F113070 電信器材批發業；F119010 電子材料批發業；F204110 布疋、衣著、鞋、帽、傘、服飾品零售業；F206020 日常用品零售業；F209060 文教、樂器、育樂用品零售業,新北市,變更,11509
60518010,全氏有限公司,新北市中和區員山路143巷40弄2號4樓,吳晞瑤,1510000,114/09/22,115/09/23,公司所在地,F107030 清潔用品批發業；F207030 清潔用品零售業；F102040 飲料批發業；F102170 食品什貨批發業；F203010 食品什貨、飲料零售業；F106020 日常用品批發業；F206020 日常用品零售業；F113020 電器批發業；F213010 電器零售業；F401010 國際貿易業,新北市,變更,11509
60518031,高川有限公司,新北市新莊區五工路84號4樓,許維玄,4000000,114/09/22,115/09/01,特殊補正,F105050 家具、寢具、廚房器具、裝設品批發業；F104110 布疋、衣著、鞋、帽、傘、服飾品批發業；F205040 家具、寢具、廚房器具、裝設品零售業；F204110 布疋、衣著、鞋、帽、傘、服飾品零售業；F399040 無店面零售業；F399990 其他綜合零售業；F401010 國際貿易業；G801010 倉儲業；ZZ99999 除許可業務外，得經營法令非禁止或限制之業務；J101030 廢棄物清除業,新北市,變更,11509
60523772,鋒陽眾信股份有限公司,新北市新莊區中平路435號8樓,林庭宇,20000000,114/12/11,115/09/30,申登機關變更（遷入，含卷）,IZ99990 其他工商服務業；H703100 不動產租賃業；I103060 管理顧問業；I102010 一般投資顧問業；I199990 其他顧問服務業；JZ99050 仲介服務業；H201010 一般投資業；H202010 創業投資業；H701010 住宅及大樓開發租售業；H701020 工業廠房開發租售業,新北市,變更,11509
60527025,宏奕投資股份有限公司,新北市土城區員福街2號4樓,林士翔,33454840,114/10/20,115/09/09,發行新股,H201010 一般投資業,新北市,變更,11509
60527046,高圖投資股份有限公司,新北市土城區員福街2號4樓,林士惟,38509200,114/10/20,115/09/11,發行新股,H201010 一般投資業,新北市,變更,11509
60527051,大境國際興業有限公司,新北市新店區安興路109號14樓之7,張淯婷,1000000,114/10/20,115/09/17,特殊補正,F213030 電腦及事務性機器設備零售業；F113050 電腦及事務性機器設備批發業；F209060 文教、樂器、育樂用品零售業；F109070 文教、樂器、育樂用品批發業；F204110 布疋、衣著、鞋、帽、傘、服飾品零售業；F104110 布疋、衣著、鞋、帽、傘、服飾品批發業；F205040 家具、寢具、廚房器具、裝設品零售業；F105050 家具、寢具、廚房器具、裝設品批發業；F208040 化粧品零售業；F108040 化粧品批發業,新北市,變更,11509
60527263,嵐修有限公司,新北市樹林區中山路2段151巷8弄17號3樓,敖嵐景,300000,114/10/20,115/09/22,增資,F101990 其他農、畜、水產品批發業；F201990 其他農畜水產品零售業；F102170 食品什貨批發業；F102040 飲料批發業；F203010 食品什貨、飲料零售業；F104110 布疋、衣著、鞋、帽、傘、服飾品批發業；F204110 布疋、衣著、鞋、帽、傘、服飾品零售業；F106010 五金批發業；F206010 五金零售業；F106020 日常用品批發業,新北市,變更,11509
60527685,超探吉國際有限公司,新北市中和區中正路716號12樓之4,陳煌杰,4000000,114/10/21,115/09/01,公司所在地,F102040 飲料批發業；F102050 茶葉批發業；F102170 食品什貨批發業；F104110 布疋、衣著、鞋、帽、傘、服飾品批發業；F105050 家具、寢具、廚房器具、裝設品批發業；F106010 五金批發業；F106020 日常用品批發業；F107030 清潔用品批發業；F108040 化粧品批發業；F109070 文教、樂器、育樂用品批發業,新北市,變更,11509
60528116,華馳投資股份有限公司,新北市三重區重新路2段78號6樓,歐瑋宸,1907610,114/10/27,115/09/08,特殊補正,H201010 一般投資業,新北市,變更,11509
60531029,光域源有限公司,新北市新莊區中平路429號28樓,謝媁如,1000000,114/12/09,115/09/17,特殊補正,F399040 無店面零售業；F118010 資訊軟體批發業；F218010 資訊軟體零售業；JZ99990 未分類其他服務業；F401010 國際貿易業；I401010 一般廣告服務業；J303010 雜誌（期刊）出版業；J304010 圖書出版業；J305010 有聲出版業；J399010 軟體出版業,新北市,變更,11509
60542709,臺灣思路供應鏈顧問有限公司,新北市板橋區中山路1段1號23樓,林正安,2400000,114/10/31,115/09/22,申登機關變更（遷入，含卷）,I301010 資訊軟體服務業；I103060 管理顧問業；I199990 其他顧問服務業；ZZ99999 除許可業務外，得經營法令非禁止或限制之業務,新北市,變更,11509
60547818,硬像創意製造有限公司,新北市新店區民權路153號4樓,張鈞昊,5600000,114/07/01,115/09/29,特殊補正,I199990 其他顧問服務業；F106020 日常用品批發業；F109070 文教、樂器、育樂用品批發業；F206020 日常用品零售業；F209060 文教、樂器、育樂用品零售業；F399040 無店面零售業；F401010 國際貿易業；F601010 智慧財產權業；I103060 管理顧問業；I301010 資訊軟體服務業,新北市,變更,11509
60547866,赫塔科技有限公司,新北市三重區中央南路95巷3號(1樓),黃柏尋,100000,114/07/01,115/09/03,特殊補正,F113050 電腦及事務性機器設備批發業；F118010 資訊軟體批發業；F119010 電子材料批發業；F213030 電腦及事務性機器設備零售業；F218010 資訊軟體零售業；F219010 電子材料零售業；F399040 無店面零售業；F401010 國際貿易業；I301010 資訊軟體服務業；I301020 資料處理服務業,新北市,變更,11509
60547964,展宸資產管理有限公司,新北市永和區永和路2段116號4樓,劉緒倫,3000000,114/07/01,115/09/01,股東出資轉讓修正章程,H701010 住宅及大樓開發租售業；H703090 不動產買賣業；H703100 不動產租賃業；I103060 管理顧問業；I102010 一般投資顧問業；ZZ99999 除許可業務外，得經營法令非禁止或限制之業務,新北市,變更,11509
60548083,幸葉美學股份有限公司,新北市汐止區新台五路1段75號17樓之5，16樓之1,馬淑娟,10000000,114/07/02,115/09/07,公司名稱變更修正章程,F107990 其他化學製品批發業；F108040 化粧品批發業；F401010 國際貿易業；F102170 食品什貨批發業；F107070 動物用藥品批發業；F108031 醫療器材批發業；F208031 醫療器材零售業；F203010 食品什貨、飲料零售業；F207070 動物用藥零售業；F207990 其他化學製品零售業,新北市,變更,11509
60548675,好評事業有限公司,新北市土城區中華路1段36號7樓之1,廖呂評逵,100000,114/07/04,115/09/07,公司名稱變更修正章程,F401010 國際貿易業；J305010 有聲出版業；J399010 軟體出版業；J399990 其他出版業；J404040 電影錄音業；J503010 廣播節目製作業；J503020 電視節目製作業；J503050 錄影節目帶業；J601010 藝文服務業；J602010 演藝活動業,新北市,變更,11509
60554134,蘊陽國際股份有限公司,新北市新莊區富貴路568號6樓,陳冠愷,15000000,114/08/04,115/09/17,公司所在地門牌整編,F108040 化粧品批發業；F107030 清潔用品批發業；F102040 飲料批發業；F102050 茶葉批發業；F102170 食品什貨批發業；F104110 布疋、衣著、鞋、帽、傘、服飾品批發業；F105050 家具、寢具、廚房器具、裝設品批發業；F106010 五金批發業；F106020 日常用品批發業；F106050 陶瓷玻璃器皿批發業,新北市,變更,11509
60558292,台味鮮食品有限公司,新北市汐止區康寧街169巷8之3號4樓,張智凱,3000000,114/07/24,115/09/09,改推董事/董事長,C103050 罐頭、冷凍、脫水及醃漬食品製造業；C104020 烘焙炊蒸食品製造業；C105010 食用油脂製造業；C106010 製粉業；C109010 調味品製造業；C114010 食品添加物製造業；C199010 麵條、粉條類食品製造業；C199030 即食餐食製造業；C199040 豆類加工食品製造業；C199990 未分類其他食品製造業,新北市,變更,11509
60561992,鴻起有限公司,新北市新店區安興路125之10號,王治中,500000,114/08/18,115/09/04,特殊補正,ZZ99999 除許可業務外，得經營法令非禁止或限制之業務；E801030 室內輕鋼架工程業；E801010 室內裝潢業；EZ99990 其他工程業；E801040 玻璃安裝工程業；E801070 廚具、衛浴設備安裝工程業；E903010 防蝕、防銹工程業；E603090 照明設備安裝工程業；E601020 電器安裝業；F211010 建材零售業,新北市,變更,11509
60562129,光良科技有限公司,新北市板橋區篤行路3段87號4號,江淑妙,200000,114/08/18,115/09/21,公司所在地,ZZ99999 除許可業務外，得經營法令非禁止或限制之業務；F113050 電腦及事務性機器設備批發業；F113010 機械批發業；F113020 電器批發業；F113030 精密儀器批發業；F113070 電信器材批發業；E599010 配管工程業；E601010 電器承裝業；E601020 電器安裝業；E603010 電纜安裝工程業,新北市,變更,11509
60563318,義歆實業股份有限公司,新北市土城區中央路2段126號3樓,徐皓義,1000000,114/08/22,115/09/23,公司所在地,CB01010 機械設備製造業；C104010 糖果製造業；C104020 烘焙炊蒸食品製造業；C106010 製粉業；C110010 飲料製造業；F109070 文教、樂器、育樂用品批發業；F113010 機械批發業；F401010 國際貿易業；F203010 食品什貨、飲料零售業；IZ06010 理貨包裝業,新北市,變更,11509
60563464,仲林投資顧問有限公司,新北市淡水區新春街125巷91號6樓,陳翠萍,3800000,114/08/22,115/09/14,特殊補正,H201010 一般投資業；I102010 一般投資顧問業,新北市,變更,11509
60569381,興兆國際有限公司,新北市新店區安民街303巷20號4樓,黃昭欽,1500000,114/08/29,115/09/24,改推董事/董事長,F111090 建材批發業；F211010 建材零售業；F106010 五金批發業；F206010 五金零售業；E801010 室內裝潢業；I599990 其他設計業；EZ99990 其他工程業；I103060 管理顧問業；IZ06010 理貨包裝業；IZ12010 人力派遣業,新北市,變更,11509
60569798,沁蔚股份有限公司,新北市新莊區中正路726之3號(1樓),林尚柏,3500000,114/09/02,115/09/09,增資(資本總額),C306010 成衣業；C307010 服飾品製造業；C399990 其他紡織及製品製造業；I502010 服飾設計業；F104110 布疋、衣著、鞋、帽、傘、服飾品批發業；F204110 布疋、衣著、鞋、帽、傘、服飾品零售業；F108031 醫療器材批發業；F208031 醫療器材零售業；F105050 家具、寢具、廚房器具、裝設品批發業；F205040 家具、寢具、廚房器具、裝設品零售業,新北市,變更,11509
60572766,齊亨科技有限公司,新北市泰山區莊泰路1627號2樓,陳怡如,2000000,114/06/02,115/09/23,增資,CC01080 電子零組件製造業；I301010 資訊軟體服務業；I301020 資料處理服務業；ZZ99999 除許可業務外，得經營法令非禁止或限制之業務,新北市,變更,11509
60572908,貝麗醫療器材有限公司,新北市汐止區新台五路1段79號15樓之2,許孝民,100000,114/06/02,115/09/10,改推董事/董事長,F108031 醫療器材批發業；F208031 醫療器材零售業；F113030 精密儀器批發業；F107030 清潔用品批發業；F213040 精密儀器零售業；F207030 清潔用品零售業；F401010 國際貿易業；I103060 管理顧問業；I199990 其他顧問服務業；IG01010 生物技術服務業,新北市,變更,11509
60573462,艾克索智能股份有限公司,新北市新莊區富貴路492號6樓,史德芬,3024997,114/06/04,115/09/23,特殊補正,I301010 資訊軟體服務業；I301050 實境體感應用服務業；I501010 產品設計業；IG02010 研究發展服務業；F119010 電子材料批發業；F401010 國際貿易業；H201010 一般投資業；ZZ99999 除許可業務外，得經營法令非禁止或限制之業務,新北市,變更,11509
60573505,慧鴻智雕科技有限公司,新北市中和區板南路490號2樓之5,林昱志,1000000,114/06/04,115/09/15,股東出資轉讓修正章程,F106010 五金批發業；F111090 建材批發業；F113010 機械批發業；F113050 電腦及事務性機器設備批發業；F401010 國際貿易業；E604010 機械安裝業；E605010 電腦設備安裝業；F213030 電腦及事務性機器設備零售業；F213080 機械器具零售業；F107200 化學原料批發業,新北市,變更,11509
60573836,九洲康股份有限公司,新北市新莊區景德路540號(1樓),林立綸,3000000,114/06/05,115/09/24,公司所營事業變更修正章程,F102040 飲料批發業；F102170 食品什貨批發業；F203010 食品什貨、飲料零售業；F203020 菸酒零售業；F399040 無店面零售業；F401010 國際貿易業；I101090 食品顧問業；F102030 菸酒批發業；F102050 茶葉批發業；F101040 家畜家禽批發業,新北市,變更,11509
60574011,寶寶國際有限公司,新北市新莊區新泰路346號（2樓）,張佑任,500000,114/06/05,115/09/15,改推董事/董事長,JZ99080 美容美髮服務業；I301060 網路廣告平臺業；I301010 資訊軟體服務業；I301020 資料處理服務業；I401010 一般廣告服務業；I401020 廣告傳單分送業；F106020 日常用品批發業；F206020 日常用品零售業；F107030 清潔用品批發業；F207030 清潔用品零售業,新北市,變更,11509
60574167,詠婕有限公司,新北市新莊區思源路419巷7號5樓,詹濱豪,100000,114/06/06,115/09/16,特殊補正,E601020 電器安裝業；E603010 電纜安裝工程業；E601010 電器承裝業；E801010 室內裝潢業；E599010 配管工程業；E603040 消防安全設備安裝工程業；E603050 自動控制設備工程業；E603090 照明設備安裝工程業；E604010 機械安裝業；E607010 太陽熱能設備安裝工程業,新北市,變更,11509
60580689,震鎧工程顧問有限公司,新北市土城區中央路1段318巷18號(1樓),張峰愷,1000000,114/07/09,115/09/30,公司所營事業變更修正章程,I101061 工程技術顧問業；I102010 一般投資顧問業；I103060 管理顧問業；I199990 其他顧問服務業；I501010 產品設計業；IB01010 建築物公共安全檢查業；ID01010 度量衡器證明業；IF01010 消防安全設備檢修業；IF04010 非破壞檢測業；IG03010 能源技術服務業,新北市,變更,11509
60580885,台灣勤驛有限公司,新北市汐止區福德三路22號5樓之2,江浩輝,2500000,114/07/10,115/09/30,公司所營事業變更修正章程,A102080 園藝服務業；CA02990 其他金屬製品製造業；CZ99990 未分類其他工業製品製造業；E599010 配管工程業；E601010 電器承裝業；E601020 電器安裝業；E603010 電纜安裝工程業；E603040 消防安全設備安裝工程業；E603050 自動控制設備工程業；E603080 交通號誌安裝工程業,新北市,變更,11509
60581033,必看內容股份有限公司,新北市新店區安祥路106巷232號(1樓),蕭佳傑,800000,114/07/10,115/09/08,特殊補正,I301010 資訊軟體服務業；I301020 資料處理服務業；J399010 軟體出版業；I103060 管理顧問業；CC01120 資料儲存媒體製造及複製業；F109070 文教、樂器、育樂用品批發業；F118010 資訊軟體批發業；F204110 布疋、衣著、鞋、帽、傘、服飾品零售業；F209060 文教、樂器、育樂用品零售業；F218010 資訊軟體零售業,新北市,變更,11509
60594234,群巢數位行銷有限公司,新北市新莊區中原路333號3樓,許瑋麟,500000,114/08/14,115/09/17,公司所在地,I401010 一般廣告服務業；F113050 電腦及事務性機器設備批發業；F118010 資訊軟體批發業；F399040 無店面零售業；F401010 國際貿易業；F601010 智慧財產權業；I103060 管理顧問業；I199990 其他顧問服務業；I301010 資訊軟體服務業；I301020 資料處理服務業,新北市,變更,11509
60601220,典凡科技股份有限公司,新北市新店區中央路188號6樓之1,曹修凡,40000000,114/09/03,115/09/07,特殊補正,I301010 資訊軟體服務業；I301020 資料處理服務業；I301030 電子資訊供應服務業；F118010 資訊軟體批發業；F119010 電子材料批發業；E603050 自動控制設備工程業；E605010 電腦設備安裝業；F401010 國際貿易業；E603040 消防安全設備安裝工程業；EZ05010 儀器、儀表安裝工程業,新北市,變更,11509
60602142,安安地產開發有限公司,新北市三重區光復路1段11號(1樓),呂哲安,1000000,114/09/08,115/09/02,公司所營事業變更修正章程,H202010 創業投資業；H701010 住宅及大樓開發租售業；H701020 工業廠房開發租售業；H701050 投資興建公共建設業；H701060 新市鎮、新社區開發業；H701070 區段徵收及市地重劃代辦業；H701090 都市更新整建維護業；H702010 建築經理業；H703090 不動產買賣業；H703100 不動產租賃業,新北市,變更,11509
60604084,杉品有限公司,新北市板橋區三民路2段37號23樓之1,李冠瑤,1000000,114/06/10,115/09/22,特殊補正,F101050 水產品批發業；F101130 蔬果批發業；F101990 其他農、畜、水產品批發業；F102030 菸酒批發業；F102040 飲料批發業；F102050 茶葉批發業；F102170 食品什貨批發業；F104110 布疋、衣著、鞋、帽、傘、服飾品批發業；F105050 家具、寢具、廚房器具、裝設品批發業；F106010 五金批發業,新北市,變更,11509
60604887,申川馬股份有限公司,新北市中和區中正路778號9樓,賴政彥,15000000,114/06/13,115/09/04,公司所在地,F106010 五金批發業；F113010 機械批發業；F113020 電器批發業；F113030 精密儀器批發業；F114030 汽、機車零件配備批發業；F114040 自行車及其零件批發業；F119010 電子材料批發業；F206010 五金零售業；F213010 電器零售業；F213040 精密儀器零售業,新北市,變更,11509
60605160,弎式室內裝修有限公司,新北市新店區北新路2段196巷14號2樓,吳少祺,60000,114/06/16,115/09/01,改推董事/董事長,E801060 室內裝修業；E801010 室內裝潢業；I503010 景觀、室內設計業；I599990 其他設計業；E801020 門窗安裝工程業；E801030 室內輕鋼架工程業；E801040 玻璃安裝工程業；E801070 廚具、衛浴設備安裝工程業；E901010 油漆工程業；E903010 防蝕、防銹工程業,新北市,變更,11509
60613730,分曜有限公司,新北市板橋區華江一路111號15樓之1,鄭奕梵,300000,114/07/03,115/09/15,特殊補正,E801010 室內裝潢業；EZ99990 其他工程業；F105050 家具、寢具、廚房器具、裝設品批發業；F106010 五金批發業；F106040 水器材料批發業；F107010 漆料、塗料批發業；F109070 文教、樂器、育樂用品批發業；F111090 建材批發業；F120010 耐火材料批發業；F299990 其他零售業,新北市,變更,11509
60616096,興和材料有限公司,新北市林口區文化北路1段321號6樓,林子園,800000,114/08/01,115/09/04,申登機關變更（遷入，含卷）,C399990 其他紡織及製品製造業；CN01010 家具及裝設品製造業；F199990 其他批發業；F401010 國際貿易業；I599990 其他設計業；F399040 無店面零售業；ZZ99999 除許可業務外，得經營法令非禁止或限制之業務；F105050 家具、寢具、廚房器具、裝設品批發業；F106010 五金批發業；F106020 日常用品批發業,新北市,變更,11509
60616531,丁克水水有限公司,新北市三重區新北大道1段129號4樓,雷翊廷,4505000,114/07/16,115/09/08,公司所營事業變更修正章程,J802010 運動訓練業；F109070 文教、樂器、育樂用品批發業；F209060 文教、樂器、育樂用品零售業；J801030 競技及休閒運動場館業；J601010 藝文服務業；J602010 演藝活動業；I301010 資訊軟體服務業；F601010 智慧財產權業；F401010 國際貿易業；ZZ99999 除許可業務外，得經營法令非禁止或限制之業務,新北市,變更,11509
60616906,築薪空間設計有限公司,新北市新莊區復興路2段137號9樓之2,曹菀芝,5000000,114/07/18,115/09/30,公司所營事業變更修正章程,E801010 室內裝潢業；I503010 景觀設計業；I501010 產品設計業；E901010 油漆工程業；E801070 廚具、衛浴設備安裝工程業；E603090 照明設備安裝工程業；F105050 家具、寢具、廚房器具、裝設品批發業；F205040 家具、寢具、廚房器具、裝設品零售業；E601020 電器安裝業；E601010 電器承裝業,新北市,變更,11509
60619994,雲艦科技有限公司,新北市三重區車路頭街31巷1號(1樓),翁子雯,2000000,114/07/14,115/09/24,申登機關變更（遷入，含卷）,F113020 電器批發業；F113070 電信器材批發業；F119010 電子材料批發業；F118010 資訊軟體批發業；F106010 五金批發業；F206010 五金零售業；F204110 布疋、衣著、鞋、帽、傘、服飾品零售業；F213010 電器零售業；F213060 電信器材零售業；F218010 資訊軟體零售業,新北市,變更,11509
60625790,序熙有限公司,新北市林口區文明街128號4樓,張育瑄,600000,114/08/07,115/09/01,增資,F102170 食品什貨批發業；F108040 化粧品批發業；F109070 文教、樂器、育樂用品批發業；F203010 食品什貨、飲料零售業；F208040 化粧品零售業；F209060 文教、樂器、育樂用品零售業；F399040 無店面零售業；F401010 國際貿易業；ZZ99999 除許可業務外，得經營法令非禁止或限制之業務,新北市,變更,11509
60626783,康曜金屬有限公司,新北市鶯歌區福昌街21號(1樓),詹勝傑,1000000,114/08/21,115/09/14,申登機關變更（遷入，含卷）,E801020 門窗安裝工程業；F111090 建材批發業；F211010 建材零售業；F113010 機械批發業；F213080 機械器具零售業；E801010 室內裝潢業；E801040 玻璃安裝工程業；E901010 油漆工程業；EZ11010 球場跑道樹脂材料鋪設工程業；EZ14010 運動場地用設備工程業,新北市,變更,11509
60632315,鑑軒有限公司,新北市新店區民權路153號4樓,姜鑑軒,100000,114/09/15,115/09/07,特殊補正,E601020 電器安裝業；F102170 食品什貨批發業；F106010 五金批發業；F106020 日常用品批發業；F107030 清潔用品批發業；F107080 環境用藥批發業；F113020 電器批發業；F113050 電腦及事務性機器設備批發業；F113100 污染防治設備批發業；F113990 其他機械器具批發業,新北市,變更,11509
60632666,恩沃納股份有限公司,新北市汐止區大同路1段337巷16弄38號,陳美玲,50000,114/09/16,115/09/15,特殊補正,F106010 五金批發業；F106020 日常用品批發業；F107010 漆料、塗料批發業；F107190 塑膠膜、袋批發業；F199990 其他批發業；F206010 五金零售業；F206020 日常用品零售業；F206030 模具零售業；F207190 塑膠膜、袋零售業；F213080 機械器具零售業,新北市,變更,11509
60632878,芯威力科技有限公司,新北市板橋區金門街281號2樓,陳振書,680000,114/09/17,115/09/14,特殊補正,F113010 機械批發業；F119010 電子材料批發業；F219010 電子材料零售業；F213080 機械器具零售業；F213040 精密儀器零售業；F401010 國際貿易業；F399040 無店面零售業；E604010 機械安裝業；IZ99990 其他工商服務業；I199990 其他顧問服務業,新北市,變更,11509
60633095,恒安機電工程有限公司,新北市淡水區淡海路72巷35弄1號,劉俞貝,100000,114/09/18,115/09/30,特殊補正,E599010 配管工程業；E601010 電器承裝業；E601020 電器安裝業；E603040 消防安全設備安裝工程業；E603050 自動控制設備工程業；E603090 照明設備安裝工程業；E603130 燃氣熱水器承裝業；E604010 機械安裝業；E606010 用電設備檢驗維護業；E607010 太陽熱能設備安裝工程業,新北市,變更,11509
60633285,浩龍國際有限公司,新北市新莊區中央路578號5樓,申浩龍,2150000,114/09/18,115/09/09,經理人變更,IZ12010 人力派遣業；F102040 飲料批發業；F102050 茶葉批發業；F102170 食品什貨批發業；F102180 酒精批發業；F104110 布疋、衣著、鞋、帽、傘、服飾品批發業；F106010 五金批發業；F106020 日常用品批發業；F106060 寵物食品及其用品批發業；F109070 文教、樂器、育樂用品批發業,新北市,變更,11509
60637058,曜熙科技股份有限公司,新北市汐止區新台五路1段93號21樓之6,謝公仁,1000000,114/06/19,115/09/22,特殊補正,D101060 再生能源自用發電設備業；CC01080 電子零組件製造業；CC01010 發電、輸電、配電機械製造業；F119010 電子材料批發業；F219010 電子材料零售業；F401010 國際貿易業；IG03010 能源技術服務業；F107200 化學原料批發業；F113010 機械批發業；E604010 機械安裝業,新北市,變更,11509
60640526,妮若爾保養品有限公司,新北市蘆洲區三民路128巷61弄8號4樓,柳景瀚,300000,114/06/25,115/09/30,申登機關變更（遷入，含卷）,F108040 化粧品批發業；F208040 化粧品零售業；F399040 無店面零售業；F401010 國際貿易業；ZZ99999 除許可業務外，得經營法令非禁止或限制之業務,新北市,變更,11509
60643571,墨八藝文事業有限公司,新北市汐止區建成路59巷9號6樓,張大品,150000,114/06/24,115/09/22,公司所在地,C801990 其他化學材料製造業；C802080 環境用藥製造業；C802090 清潔用品製造業；C901010 陶瓷及陶瓷製品製造業；C901070 石材製品製造業；C901990 其他非金屬礦物製品製造業；CA04010 表面處理業；E801010 室內裝潢業；E801020 門窗安裝工程業；E801030 室內輕鋼架工程業,新北市,變更,11509
60644023,熱佐國際實業有限公司,新北市板橋區重慶路56號8樓,洪寅勛,1000000,114/06/26,115/09/22,公司所營事業變更修正章程,F104110 布疋、衣著、鞋、帽、傘、服飾品批發業；F106020 日常用品批發業；F108040 化粧品批發業；F113010 機械批發業；F113020 電器批發業；F113030 精密儀器批發業；F113050 電腦及事務性機器設備批發業；F113110 電池批發業；F113990 其他機械器具批發業；F214020 機車零售業,新北市,變更,11509
60644115,十安國際有限公司,新北市新店區安祥路108巷5號2樓,林慧粧,10000000,114/06/26,115/09/04,增資,F102170 食品什貨批發業；F102040 飲料批發業；F102050 茶葉批發業；F102030 菸酒批發業；F203010 食品什貨、飲料零售業；F203020 菸酒零售業；F401010 國際貿易業；F399040 無店面零售業；ZZ99999 除許可業務外，得經營法令非禁止或限制之業務,新北市,變更,11509
60649786,沐峰國際車業有限公司,新北市樹林區俊英街17號之11,游政峰,1000000,114/07/25,115/09/11,公司所在地,F114030 汽、機車零件配備批發業；F114010 汽車批發業；F214030 汽、機車零件配備零售業；F214010 汽車零售業；JA01010 汽車修理業；F214050 車胎零售業；IZ99990 其他工商服務業；F401010 國際貿易業；ZZ99999 除許可業務外，得經營法令非禁止或限制之業務,新北市,變更,11509
60649792,浦松股份有限公司,新北市永和區自由街77巷1之1號(1樓),梁珮琦,5000000,114/07/28,115/09/14,特殊補正,F399040 無店面零售業；F101040 家畜家禽批發業；F101050 水產品批發業；F101130 蔬果批發業；F102040 飲料批發業；F102050 茶葉批發業；F102170 食品什貨批發業；F106010 五金批發業；F106020 日常用品批發業；F121010 食品添加物批發業,新北市,變更,11509
60649815,銓能動力有限公司,新北市新莊區龍安路278巷16號15樓,劉嘉恩,1000000,114/07/25,115/09/22,公司所在地,F113110 電池批發業；F119010 電子材料批發業；F213110 電池零售業；F219010 電子材料零售業；F401010 國際貿易業；F113010 機械批發業；F113030 精密儀器批發業；F114010 汽車批發業；F114020 機車批發業；F114030 汽、機車零件配備批發業,新北市,變更,11509
60650880,築心企業有限公司,新北市土城區千歲路35號7樓,丁證銓,500000,114/07/30,115/09/02,公司所在地,F106020 日常用品批發業；F111090 建材批發業；F113010 機械批發業；F113020 電器批發業；F113050 電腦及事務性機器設備批發業；F113100 污染防治設備批發業；F113990 其他機械器具批發業；F117010 消防安全設備批發業；F206020 日常用品零售業；F211010 建材零售業,新北市,變更,11509
60656913,晶辰電子有限公司,新北市三重區中正北路530巷5之1號3樓,張書瑋,1750000,114/08/04,115/09/14,公司所在地,F119010 電子材料批發業；F219010 電子材料零售業；F113050 電腦及事務性機器設備批發業；F213030 電腦及事務性機器設備零售業；F113020 電器批發業；F213010 電器零售業；F401010 國際貿易業；ZZ99999 除許可業務外，得經營法令非禁止或限制之業務,新北市,變更,11509
60657321,基順創智有限公司,新北市蘆洲區永安南路2段356號2樓,賴庭順,60000,114/08/11,115/09/21,公司所營事業變更修正章程,I101080 工、礦顧問業；I301020 資料處理服務業；I103060 管理顧問業；I199990 其他顧問服務業；I501010 產品設計業；I599990 其他設計業；C701010 印刷業；IZ01010 影印業；I401010 一般廣告服務業；JB01010 會議及展覽服務業,新北市,變更,11509
60658193,千億商業有限公司,新北市三重區力行路2段136巷45弄2號5樓,湯千毅,500000,114/08/13,115/09/16,增資,ZZ99999 除許可業務外，得經營法令非禁止或限制之業務；E599010 配管工程業；E601010 電器承裝業；E601020 電器安裝業；E603010 電纜安裝工程業；E603020 電梯安裝工程業；E603040 消防安全設備安裝工程業；E603050 自動控制設備工程業；E603100 電焊工程業；E603110 冷作工程業,新北市,變更,11509
60668811,享步國際貿易股份有限公司,新北市中和區莒光路141號5樓,王芷苓,700000,114/06/10,115/09/08,特殊補正,F104110 布疋、衣著、鞋、帽、傘、服飾品批發業；F204110 布疋、衣著、鞋、帽、傘、服飾品零售業；F206050 寵物食品及其用品零售業；F106060 寵物食品及其用品批發業；F401010 國際貿易業；F399040 無店面零售業；ZZ99999 除許可業務外，得經營法令非禁止或限制之業務,新北市,變更,11509
60674497,番薯唐影像製作有限公司,新北市新店區福園街12巷11號4樓,唐慰寰,1000000,114/03/14,115/09/29,特殊補正,F104110 布疋、衣著、鞋、帽、傘、服飾品批發業；F204110 布疋、衣著、鞋、帽、傘、服飾品零售業；F205040 家具、寢具、廚房器具、裝設品零售業；F209060 文教、樂器、育樂用品零售業；F399040 無店面零售業；F401010 國際貿易業；F601010 智慧財產權業；J401010 電影片製作業；J402010 電影片發行業；J404030 電影沖印業,新北市,變更,11509
60686347,星譽有限公司,新北市淡水區新市五路3段332號19樓,鄧婉儀,500000,114/04/16,115/09/18,申登機關變更（遷入，含卷）,F401010 國際貿易業；F102170 食品什貨批發業；F203010 食品什貨、飲料零售業；ZZ99999 除許可業務外，得經營法令非禁止或限制之業務,新北市,變更,11509
60690412,樂特酷行銷顧問有限公司,新北市三重區大同南路104號11樓之1,任德緯,100000,114/05/06,115/09/09,公司所在地,F101050 水產品批發業；F102040 飲料批發業；F102170 食品什貨批發業；F104110 布疋、衣著、鞋、帽、傘、服飾品批發業；F105050 家具、寢具、廚房器具、裝設品批發業；F106010 五金批發業；F106020 日常用品批發業；F107030 清潔用品批發業；F108040 化粧品批發業；F110010 鐘錶批發業,新北市,變更,11509
60695795,司悅有限公司,新北市三重區重新路3段188號2樓,簡靖峰,2000000,114/05/08,115/09/29,特殊補正,I301020 資料處理服務業；I301010 資訊軟體服務業；F218010 資訊軟體零售業；F118010 資訊軟體批發業；I301030 電子資訊供應服務業；IZ13010 網路認證服務業；F213030 電腦及事務性機器設備零售業；F113050 電腦及事務性機器設備批發業；E601010 電器承裝業；F113020 電器批發業,新北市,變更,11509
60696491,健進流股份有限公司,新北市林口區文化三路2段348號,林彦希,2700000,114/05/15,115/09/01,分公司設立,F209060 文教、樂器、育樂用品零售業；F401010 國際貿易業；I103060 管理顧問業；I199990 其他顧問服務業；J801030 競技及休閒運動場館業；J802010 運動訓練業；JE01010 租賃業；ZZ99999 除許可業務外，得經營法令非禁止或限制之業務,新北市,變更,11509
60696909,星昕食安整合行銷有限公司,新北市中和區中山路2段296號7樓之5,黃少玫,4000000,114/05/16,115/09/14,特殊補正,I101070 農、林、漁、畜牧顧問業；I101090 食品顧問業；I103060 管理顧問業；I199990 其他顧問服務業；F102170 食品什貨批發業；F401010 國際貿易業；F203010 食品什貨、飲料零售業；F208040 化粧品零售業；F108040 化粧品批發業；I401010 一般廣告服務業,新北市,變更,11509
60697739,力能精密智造股份有限公司,新北市樹林區東豐街87巷6號3樓,張坤松,145000000,114/05/21,115/09/02,公司外文名稱變更修正章程,CB01010 機械設備製造業；CC01030 電器及視聽電子產品製造業；CC01080 電子零組件製造業；CC01110 電腦及其週邊設備製造業；CQ01010 模具製造業；ZZ99999 除許可業務外，得經營法令非禁止或限制之業務,新北市,變更,11509
60697787,濬汎國際環保有限公司,新北市淡水區北新路1段157號,蔡秉辰,2000000,114/05/21,115/09/16,增資,F106010 五金批發業；F106020 日常用品批發業；F199010 回收物料批發業；F206010 五金零售業；F206020 日常用品零售業；F401010 國際貿易業；J101030 廢棄物清除業；J101040 廢棄物處理業；J101080 資源回收業；J101090 廢棄物清理業,新北市,變更,11509
60706553,北美國際精密工業有限公司,新北市五股區國道路3段8巷2號,賴如淼,100000,114/03/10,115/09/22,公司所營事業變更修正章程,CQ01010 模具製造業；F106030 模具批發業；C805030 塑膠日用品製造業；C805050 工業用塑膠製品製造業；CA01090 鋁鑄造業；CA01150 鎂鑄造業；CA01030 鋼鐵鑄造業；CA01120 銅鑄造業；CA01990 其他非鐵金屬基本工業；F106010 五金批發業,新北市,變更,11509
60707700,駿騰起重工程有限公司,新北市新店區安康路1段238之1號,張勝堉,14000000,114/03/24,115/09/01,公司所營事業變更修正章程,E603100 電焊工程業；E603120 噴砂工程業；E604010 機械安裝業；E901010 油漆工程業；EZ02010 起重工程業；IZ12010 人力派遣業；G799990 其他運輸輔助業；J101990 其他環境衛生及污染防治服務業；ZZ99999 除許可業務外，得經營法令非禁止或限制之業務,新北市,變更,11509
60708779,源源蔬果股份有限公司,新北市中和區中板路18巷3弄31號,張慶玲,2000000,114/03/27,115/09/04,發行新股,F101130 蔬果批發業；F201010 農產品零售業；F201020 畜產品零售業；F201030 水產品零售業；F101050 水產品批發業；F201990 其他農畜水產品零售業；F101990 其他農、畜、水產品批發業；F203010 食品什貨、飲料零售業；F102170 食品什貨批發業；F206020 日常用品零售業,新北市,變更,11509
60708829,純靚科技股份有限公司,新北市林口區公園路203號10樓之1至之2,王耀靚,6000000,114/03/27,115/09/23,特殊補正,F113030 精密儀器批發業；F113050 電腦及事務性機器設備批發業；F113100 污染防治設備批發業；F113990 其他機械器具批發業；F119010 電子材料批發業；F113010 機械批發業；F211010 建材零售業；F213030 電腦及事務性機器設備零售業；F213040 精密儀器零售業；F213080 機械器具零售業,新北市,變更,11509
60713750,台英盈利有限公司,新北市新店區寶高路13號2樓,戴廷杉,200000,114/03/25,115/09/18,申登機關變更（遷入，含卷）,F399040 無店面零售業；F601010 智慧財產權業；I103060 管理顧問業；I105010 藝術品諮詢顧問業；I301010 資訊軟體服務業；I301020 資料處理服務業；I301030 電子資訊供應服務業；I401010 一般廣告服務業；I401020 廣告傳單分送業；I501010 產品設計業,新北市,變更,11509
60729795,聖鴻欣國際開發股份有限公司,新北市板橋區文化路1段329號4樓,蘇世鴻,3000000,114/05/26,115/09/29,特殊補正,A401020 家畜禽飼育業；A401040 畜牧服務業；F399040 無店面零售業；F401010 國際貿易業；H201010 一般投資業；I102010 一般投資顧問業；I103060 管理顧問業；JE01010 租賃業；ZZ99999 除許可業務外，得經營法令非禁止或限制之業務,新北市,變更,11509
60730391,群量顧問股份有限公司,新北市新莊區新北大道3段67號12樓之2,顏錦同,5000000,114/05/28,115/09/21,特殊補正,I101080 工、礦顧問業；I102010 一般投資顧問業；I103060 管理顧問業；I199990 其他顧問服務業；IZ15010 市場研究及民意調查業；IG02010 研究發展服務業；IG03010 能源技術服務業；IH01010 產業控股公司業；ZZ99999 除許可業務外，得經營法令非禁止或限制之業務,新北市,變更,11509
60730929,時晨良品有限公司,新北市中和區中山路2段332巷35號10樓,周俞良,5300000,114/05/29,115/09/09,增資,F106020 日常用品批發業；F108040 化粧品批發業；F206020 日常用品零售業；F208040 化粧品零售業；F299990 其他零售業；F401010 國際貿易業；F113070 電信器材批發業；F204110 布疋、衣著、鞋、帽、傘、服飾品零售業；F205040 家具、寢具、廚房器具、裝設品零售業；F111090 建材批發業,新北市,變更,11509
60741101,康斯達精密股份有限公司,新北市汐止區新台五路1段96號18樓,江俊奇,56800000,114/03/12,115/09/03,特殊補正,F113100 污染防治設備批發業；F213100 污染防治設備零售業；F107080 環境用藥批發業；F207080 環境用藥零售業；F113030 精密儀器批發業；F213040 精密儀器零售業；F401010 國際貿易業；E604010 機械安裝業；EZ05010 儀器、儀表安裝工程業；F120010 耐火材料批發業,新北市,變更,11509
60748391,林口生猛海鮮股份有限公司,新北市林口區文化三路1段394巷11號、13號,邱美玲,15000000,114/04/02,115/09/24,董事長變更,F501060 餐館業；F101050 水產品批發業；F101990 其他農、畜、水產品批發業；F201990 其他農畜水產品零售業；F203010 食品什貨、飲料零售業；F501030 飲料店業；ZZ99999 除許可業務外，得經營法令非禁止或限制之業務,新北市,變更,11509
60748884,圓容健康有限公司,新北市中和區景平路666號(1樓),施俞如,5860000,114/04/07,115/09/22,公司所營事業變更修正章程,JH02011 日間照顧服務業；ZZ99999 除許可業務外，得經營法令非禁止或限制之業務；H703100 不動產租賃業；F206020 日常用品零售業；F207030 清潔用品零售業；F209060 文教、樂器、育樂用品零售業；I103060 管理顧問業；I199990 其他顧問服務業；J601010 藝文服務業,新北市,變更,11509
60755786,源慶國際有限公司,新北市板橋區南雅東路29巷2弄1號,賴泓均,2000000,114/04/24,115/09/30,增資,F501060 餐館業；F203010 食品什貨、飲料零售業；F201030 水產品零售業；F201010 農產品零售業；ZZ99999 除許可業務外，得經營法令非禁止或限制之業務,新北市,變更,11509
60756390,星世界股份有限公司,新北市蘆洲區中興街138號(1樓),黃晨欽,5000000,114/04/28,115/09/23,特殊補正,CC01040 照明設備製造業；CC01060 有線通信機械器材製造業；CC01070 無線通信機械器材製造業；CC01080 電子零組件製造業；CC01090 電池製造業；CC01100 電信管制射頻器材製造業；CC01110 電腦及其週邊設備製造業；CC01990 其他電機及電子機械器材製造業；F114030 汽、機車零件配備批發業；F113110 電池批發業,新北市,變更,11509
60759642,唯研系有限公司,新北市三重區仁義街353號6樓,詹翊雯,500000,114/05/06,115/09/10,申登機關變更（遷入，含卷）,I401010 一般廣告服務業；I501010 產品設計業；JZ99090 喜慶綜合服務業；F203020 菸酒零售業；F204110 布疋、衣著、鞋、帽、傘、服飾品零售業；F206020 日常用品零售業；F208040 化粧品零售業；F208050 乙類成藥零售業；F399040 無店面零售業；F401010 國際貿易業,新北市,變更,11509
60760205,水慕夏海洋事業有限公司,新北市三重區新北大道1段133巷3號3樓,陳躍中,200000,114/05/07,115/09/24,公司所在地,J701080 水域遊憩活動經營業；J799990 其他休閒服務業；JE01010 租賃業；F109070 文教、樂器、育樂用品批發業；F209060 文教、樂器、育樂用品零售業；F401010 國際貿易業；ZZ99999 除許可業務外，得經營法令非禁止或限制之業務；J101010 建築物清潔服務業；J101020 病媒防治業；J101990 其他環境衛生及污染防治服務業,新北市,變更,11509
60762111,東洋洗濯事業股份有限公司,新北市鶯歌區八德路3之8號,吳明富,105000000,114/05/19,115/09/11,公司所營事業變更修正章程,C306010 成衣業；C307010 服飾品製造業；C399990 其他紡織及製品製造業；F104110 布疋、衣著、鞋、帽、傘、服飾品批發業；F106020 日常用品批發業；F107020 染料、顏料批發業；F107030 清潔用品批發業；F204110 布疋、衣著、鞋、帽、傘、服飾品零售業；F206020 日常用品零售業；F207020 染料、顏料零售業,新北市,變更,11509
60763483,多比實業有限公司,新北市樹林區復興路20號(3樓),吳芝綺,10500000,114/05/13,115/09/14,特殊補正,F104110 布疋、衣著、鞋、帽、傘、服飾品批發業；F204110 布疋、衣著、鞋、帽、傘、服飾品零售業；F109070 文教、樂器、育樂用品批發業；F209060 文教、樂器、育樂用品零售業；F113050 電腦及事務性機器設備批發業；F213030 電腦及事務性機器設備零售業；F102170 食品什貨批發業；F203010 食品什貨、飲料零售業；F106020 日常用品批發業；F206020 日常用品零售業,新北市,變更,11509
60769775,本米股份有限公司,新北市土城區中央路2段135號(1樓),麥敦,600000,114/05/28,115/09/10,董事/監察人持股變動報備,C199030 即食餐食製造業；C199990 未分類其他食品製造業；F102040 飲料批發業；F102170 食品什貨批發業；F203010 食品什貨、飲料零售業；F401010 國際貿易業；F501060 餐館業；I102010 一般投資顧問業；I103060 管理顧問業；I503010 景觀、室內設計業,新北市,變更,11509
60779801,沐鑫工程有限公司,新北市蘆洲區民權路121巷15弄1號(1樓),李柏雨,1000000,114/04/29,115/09/01,增資,E801020 門窗安裝工程業；E801030 室內輕鋼架工程業；E801040 玻璃安裝工程業；E603100 電焊工程業；E603110 冷作工程業；E801010 室內裝潢業；E901010 油漆工程業；E903010 防蝕、防銹工程業；EZ02010 起重工程業；EZ07010 鑽孔工程業,新北市,變更,11509
60779871,築遠室內裝修有限公司,新北市新莊區中平路36巷24號(1樓),温銘德,1000000,114/04/29,115/09/15,公司所在地,E801060 室內裝修業；CN01010 家具及裝設品製造業；E601010 電器承裝業；E601020 電器安裝業；E603040 消防安全設備安裝工程業；E603020 電梯安裝工程業；E603050 自動控制設備工程業；E603090 照明設備安裝工程業；E605010 電腦設備安裝業；E606010 用電設備檢驗維護業,新北市,變更,11509
60781031,承天微電子股份有限公司,新北市土城區承天路4巷25號,陳姿穎,2000000,114/05/05,115/09/07,改選董事/監察人(一人法人股東指派董事/監察人),F119010 電子材料批發業；F401010 國際貿易業；F113070 電信器材批發業；F113050 電腦及事務性機器設備批發業；F113030 精密儀器批發業；F109070 文教、樂器、育樂用品批發業；E603050 自動控制設備工程業；E605010 電腦設備安裝業；F601010 智慧財產權業；F118010 資訊軟體批發業,新北市,變更,11509
60781102,先驅生醫股份有限公司,新北市汐止區新台五路1段95號23樓,吳自強,311309700,114/05/05,115/09/11,特殊補正,CE01010 一般儀器製造業；F113030 精密儀器批發業；F401010 國際貿易業；F601010 智慧財產權業；I199990 其他顧問服務業；I599990 其他設計業；IG01010 生物技術服務業；IG02010 研究發展服務業；IZ99990 其他工商服務業；ZZ99999 除許可業務外，得經營法令非禁止或限制之業務,新北市,變更,11509
60782947,浚喬工程有限公司,新北市新莊區龍安路357號8樓,陳秋琴,6000000,114/05/14,115/09/09,改推董事/董事長,E502010 燃料導管安裝工程業；E599010 配管工程業；E603010 電纜安裝工程業；E603020 電梯安裝工程業；E603040 消防安全設備安裝工程業；E603050 自動控制設備工程業；E603090 照明設備安裝工程業；E604010 機械安裝業；E801010 室內裝潢業；E801020 門窗安裝工程業,新北市,變更,11509
60791740,宏端醫學科技股份有限公司,新北市新店區中正路700巷59號8樓,吳念忠,139200000,114/05/13,115/09/03,發行新股,CA02040 彈簧製造業；CA02050 閥類製造業；CA02060 金屬容器製造業；CA02990 其他金屬製品製造業；CE01010 一般儀器製造業；CE01990 其他光學及精密器械製造業；E599010 配管工程業；E601010 電器承裝業；E601020 電器安裝業；E603050 自動控制設備工程業,新北市,變更,11509
60791967,麥所有限公司,新北市中和區中原街72號7樓,張仁豪,1000000,114/05/16,115/09/11,申登機關變更（遷入，含卷）,F501060 餐館業；F501030 飲料店業；F501990 其他餐飲業；J399990 其他出版業；J303010 雜誌（期刊）出版業；J601010 藝文服務業；J602010 演藝活動業；J603010 音樂展演空間業；I501010 產品設計業；F203020 菸酒零售業,新北市,變更,11509
61845430,海洋互聯科技股份有限公司,新北市汐止區新台五路1段99號14樓之10,林佳儀,10000000,106/07/19,115/09/14,特殊補正,I301010 資訊軟體服務業；I301030 電子資訊供應服務業；I301020 資料處理服務業；I401010 一般廣告服務業；F399040 無店面零售業；F106010 五金批發業；F111090 建材批發業；F117010 消防安全設備批發業；IZ12010 人力派遣業；J303010 雜誌（期刊）出版業,新北市,變更,11509
62054901,核鈊科技股份有限公司,新北市五股區五權五路20號6樓,陳昭華,1000000,115/06/02,115/09/18,補選董事(常務董事.董事長)/監察人,CC01110 電腦及其週邊設備製造業；F113050 電腦及事務性機器設備批發業；F113030 精密儀器批發業；CC01080 電子零組件製造業；F119010 電子材料批發業,新北市,變更,11509
62055107,紳升工程有限公司,新北市板橋區館前東路26號3樓之2,林姵瑩,500000,115/06/03,115/09/04,增資,E801010 室內裝潢業；E801020 門窗安裝工程業；E901010 油漆工程業；E903010 防蝕、防銹工程業；EZ06010 交通標示工程業；EZ11010 球場跑道樹脂材料鋪設工程業；EZ14010 運動場地用設備工程業；EZ99990 其他工程業；F107010 漆料、塗料批發業；F111090 建材批發業,新北市,變更,11509
62055182,祥富電力有限公司,新北市新莊區新樹路333巷35號,徐祥富,500000,115/06/03,115/09/24,公司所在地,E599010 配管工程業；E601010 電器承裝業；E601020 電器安裝業；E603010 電纜安裝工程業；E603050 自動控制設備工程業；E603090 照明設備安裝工程業；E603040 消防安全設備安裝工程業；F113020 電器批發業；F213010 電器零售業；F119010 電子材料批發業,新北市,變更,11509
62060994,入宅全屋定制股份有限公司,新北市新莊區福慧路17號(1樓),曹益壽,8000000,115/06/17,115/09/14,特殊補正,ZZ99999 除許可業務外，得經營法令非禁止或限制之業務；I503010 景觀設計業；I501010 產品設計業；F105050 家具、寢具、廚房器具、裝設品批發業；F111090 建材批發業；F104110 布疋、衣著、鞋、帽、傘、服飾品批發業；F106010 五金批發業；F106020 日常用品批發業；F107010 漆料、塗料批發業；F107030 清潔用品批發業,新北市,變更,11509
62061311,承暉展創股份有限公司,新北市新店區寶中路94號5樓,簡麗英,50000000,115/06/23,115/09/01,特殊補正,E605010 電腦設備安裝業；E701010 電信工程業；F113050 電腦及事務性機器設備批發業；F113070 電信器材批發業；F118010 資訊軟體批發業；F218010 資訊軟體零售業；F119010 電子材料批發業；F209060 文教、樂器、育樂用品零售業；F213030 電腦及事務性機器設備零售業；F213060 電信器材零售業,新北市,變更,11509
62061488,禾沐健康事業有限公司,新北市泰山區明志路3段168號3樓,劉思吟,1000000,115/06/22,115/09/30,股東出資轉讓修正章程,I199990 其他顧問服務業；IZ99990 其他工商服務業；I301030 電子資訊供應服務業；I102010 一般投資顧問業；I103060 管理顧問業；I401010 一般廣告服務業；IZ15010 市場研究及民意調查業；IZ12010 人力派遣業；F208050 乙類成藥零售業；F102170 食品什貨批發業,新北市,變更,11509
62061570,嘉騰建設股份有限公司,新北市板橋區民生路1段33號5樓,高建順,38000000,115/06/22,115/09/18,特殊補正,E801010 室內裝潢業；F106010 五金批發業；F111090 建材批發業；F206010 五金零售業；F211010 建材零售業；F401010 國際貿易業；H201010 一般投資業；H202010 創業投資業；H701010 住宅及大樓開發租售業；H701020 工業廠房開發租售業,新北市,變更,11509
62062064,維耀國際有限公司,新北市新店區永平街16巷8號(1樓),詹曜維,2000000,115/06/24,115/09/15,特殊補正,F104110 布疋、衣著、鞋、帽、傘、服飾品批發業；F106010 五金批發業；F106020 日常用品批發業；F107030 清潔用品批發業；F119010 電子材料批發業；F199990 其他批發業；F204110 布疋、衣著、鞋、帽、傘、服飾品零售業；F206010 五金零售業；F206020 日常用品零售業；F207030 清潔用品零售業,新北市,變更,11509
62076124,大象印傳統手工豆花專賣店有限公司,新北市新莊區中平路10號,邱立堯,1000000,115/08/06,115/09/02,股東出資轉讓修正章程,F102040 飲料批發業；F102170 食品什貨批發業；F203010 食品什貨、飲料零售業；F399040 無店面零售業；F501030 飲料店業；F501060 餐館業；C199040 豆類加工食品製造業；I103060 管理顧問業；ZZ99999 除許可業務外，得經營法令非禁止或限制之業務,新北市,變更,11509
62076530,均宸餐飲股份有限公司,新北市五股區中興路1段50號,劉芯瑞,3660000,115/08/07,115/09/29,董事(常務董事.董事長)/監察人解任,C103050 罐頭、冷凍、脫水及醃漬食品製造業；C104010 糖果製造業；C104020 烘焙炊蒸食品製造業；C106010 製粉業；C109010 調味品製造業；C110010 飲料製造業；C199010 麵條、粉條類食品製造業；C199030 即食餐食製造業；C199990 未分類其他食品製造業；C199040 豆類加工食品製造業,新北市,變更,11509
62076686,潮宇智能科技有限公司,新北市板橋區莊敬路58號3樓,林志宣,1000000,115/08/10,115/09/09,減少所營事業變更修正章程,I301010 資訊軟體服務業；I301020 資料處理服務業；I301030 電子資訊供應服務業；I103060 管理顧問業；I199990 其他顧問服務業；IG02010 研究發展服務業；J399010 軟體出版業；I401010 一般廣告服務業；F399040 無店面零售業；F113050 電腦及事務性機器設備批發業,新北市,變更,11509
62083928,鴻欣運輸股份有限公司,新北市八里區龍形一街12巷12號4樓,林信宏,25000000,105/11/21,115/09/07,特殊補正,G101061 汽車貨運業；G202010 停車場經營業；G801010 倉儲業；IZ06010 理貨包裝業；IZ12010 人力派遣業；J101030 廢棄物清除業；J101040 廢棄物處理業；J101080 資源回收業；JA01010 汽車修理業；JA01020 汽車拖吊業,新北市,變更,11509
62100573,超所想健康事業股份有限公司,新北市新莊區思源路492號,嚴孝琪,1000000,115/07/02,115/09/10,額定資本額增加變更章程,J801030 競技及休閒運動場館業；J802010 運動訓練業；J803010 運動表演業；I103060 管理顧問業；H202010 創業投資業；ZZ99999 除許可業務外，得經營法令非禁止或限制之業務,新北市,變更,11509
62100757,博宇系統整合有限公司,新北市板橋區莊敬路36之2號15樓,蔡宏斌,300000,115/07/03,115/09/11,特殊補正,I301010 資訊軟體服務業；I301020 資料處理服務業；I301030 電子資訊供應服務業；F118010 資訊軟體批發業；F218010 資訊軟體零售業；F113050 電腦及事務性機器設備批發業；F213030 電腦及事務性機器設備零售業；E605010 電腦設備安裝業；J399010 軟體出版業；F401010 國際貿易業,新北市,變更,11509
62100763,宇昇科技股份有限公司,新北市新莊區五權二路24號8樓之2,鍾德才,31000000,115/07/02,115/09/29,特殊補正,CC01060 有線通信機械器材製造業；CC01080 電子零組件製造業；F119010 電子材料批發業；F219010 電子材料零售業；F113030 精密儀器批發業；F213040 精密儀器零售業；I199990 其他顧問服務業；ZZ99999 除許可業務外，得經營法令非禁止或限制之業務,新北市,變更,11509
62100829,寧飛國際股份有限公司,新北市中和區中正路716號10樓之1,劉依婷,3000000,115/07/03,115/09/09,發行新股,H201010 一般投資業；H202010 創業投資業；H204010 私募股權投資業；H701010 住宅及大樓開發租售業；H701020 工業廠房開發租售業；H701040 特定專業區開發業；H701050 投資興建公共建設業；H701060 新市鎮、新社區開發業；H701070 區段徵收及市地重劃代辦業；H701080 都市更新重建業,新北市,變更,11509
62100855,固芯有限公司,新北市中和區中山路2段296號11樓之4,陳献祥,1000000,115/07/03,115/09/23,增資,CC01080 電子零組件製造業；CC01110 電腦及其週邊設備製造業；CC01990 其他電機及電子機械器材製造業；CE01010 一般儀器製造業；CE01030 光學儀器製造業；CE01990 其他光學及精密器械製造業；CZ99990 未分類其他工業製品製造業；E603050 自動控制設備工程業；E604010 機械安裝業；E605010 電腦設備安裝業,新北市,變更,11509
62101025,永大機車實業有限公司,新北市蘆洲區中山一路267號,謝明見,200000,115/07/03,115/09/30,公司所在地,F114030 汽、機車零件配備批發業；F114020 機車批發業；F114050 車胎批發業；F114990 其他交通運輸工具及其零件批發業；F119010 電子材料批發業；F213040 精密儀器零售業；F213080 機械器具零售業；F213110 電池零售業；F214020 機車零售業；F214030 汽、機車零件配備零售業,新北市,變更,11509
62101192,星宸餐飲股份有限公司,新北市新莊區五工路97巷6號(1樓),劉芯瑞,10000,115/07/06,115/09/29,董事(常務董事.董事長)/監察人解任,C103050 罐頭、冷凍、脫水及醃漬食品製造業；C104010 糖果製造業；C104020 烘焙炊蒸食品製造業；C106010 製粉業；C109010 調味品製造業；C110010 飲料製造業；C199010 麵條、粉條類食品製造業；C199030 即食餐食製造業；C199990 未分類其他食品製造業；F102170 食品什貨批發業,新北市,變更,11509
62101307,波阿斯綠能股份有限公司,新北市新莊區五權一路1號8樓之2,徐泰鑫,6000000,115/07/06,115/09/16,公司所在地,E601010 電器承裝業；E601020 電器安裝業；E606010 用電設備檢驗維護業；E502010 燃料導管安裝工程業；E599010 配管工程業；E603010 電纜安裝工程業；E603050 自動控制設備工程業；E603090 照明設備安裝工程業；E605010 電腦設備安裝業；E607010 太陽熱能設備安裝工程業,新北市,變更,11509
62101524,青萍資本股份有限公司,新北市中和區中山路2段296號5樓之1,司惟之,3000000,115/07/07,115/09/23,特殊補正,H201010 一般投資業；H202010 創業投資業；H204010 私募股權投資業；I102010 一般投資顧問業；I103060 管理顧問業；I199990 其他顧問服務業；ZZ99999 除許可業務外，得經營法令非禁止或限制之業務,新北市,變更,11509
62102312,樺品國際貿易有限公司,新北市汐止區樟樹二路280之2號2樓,陳品樺,50000,115/07/15,115/09/16,特殊補正,F106020 日常用品批發業；F206020 日常用品零售業；F102170 食品什貨批發業；F203010 食品什貨、飲料零售業；F104110 布疋、衣著、鞋、帽、傘、服飾品批發業；F204110 布疋、衣著、鞋、帽、傘、服飾品零售業；F107030 清潔用品批發業；F207030 清潔用品零售業；F108040 化粧品批發業；F208040 化粧品零售業,新北市,變更,11509
62108505,競像科技有限公司,新北市林口區麗園一街2巷2號11樓之1,姚政欣,100000,115/08/12,115/09/02,減少所營事業變更修正章程,CC01110 電腦及其週邊設備製造業；CC01120 資料儲存媒體製造及複製業；E605010 電腦設備安裝業；EZ14010 運動場地用設備工程業；F113050 電腦及事務性機器設備批發業；F113070 電信器材批發業；F118010 資訊軟體批發業；F119010 電子材料批發業；F213010 電器零售業；F213030 電腦及事務性機器設備零售業,新北市,變更,11509
62108596,韋琪爾國際貿易有限公司,新北市樹林區名園街22巷8號3樓,林文才,500000,115/08/13,115/09/01,公司所在地,F107170 工業助劑批發業；F207170 工業助劑零售業；F107200 化學原料批發業；F207200 化學原料零售業；F107990 其他化學製品批發業；F207990 其他化學製品零售業；F119010 電子材料批發業；F219010 電子材料零售業；F113050 電腦及事務性機器設備批發業；F213030 電腦及事務性機器設備零售業,新北市,變更,11509
62109188,美瑛有限公司,新北市三重區仁愛街377巷53號(1樓),馬涓瑛,2000000,115/07/22,115/09/21,特殊補正,F104110 布疋、衣著、鞋、帽、傘、服飾品批發業；F106010 五金批發業；F106020 日常用品批發業；F107030 清潔用品批發業；F119010 電子材料批發業；F199990 其他批發業；F204110 布疋、衣著、鞋、帽、傘、服飾品零售業；F206010 五金零售業；F206020 日常用品零售業；F207030 清潔用品零售業,新北市,變更,11509
62109477,曜東方國際股份有限公司,新北市新莊區中央路372號2樓之1,陳泉昌,121000000,115/07/23,115/09/01,發行新股,H701010 住宅及大樓開發租售業；H701020 工業廠房開發租售業；H703100 不動產租賃業；I401010 一般廣告服務業；I501010 產品設計業；F501060 餐館業；J901020 一般旅館業；F501030 飲料店業；F113020 電器批發業；F213010 電器零售業,新北市,變更,11509
62109743,逸篴有限公司,新北市三重區福德北路86號2樓,高偉峰,8100000,115/07/24,115/09/09,特殊補正,H201010 一般投資業,新北市,變更,11509
62109841,御資科技股份有限公司,新北市中和區宜安路26巷7號4樓,黃心榆,300000,115/07/24,115/09/17,改選董事/監察人(一人法人股東指派董事/監察人),I102010 一般投資顧問業；I103060 管理顧問業；I301010 資訊軟體服務業；I301020 資料處理服務業；I301030 電子資訊供應服務業；I301060 網路廣告平臺業；I401010 一般廣告服務業；I599990 其他設計業；IG02010 研究發展服務業；H701010 住宅及大樓開發租售業,新北市,變更,11509
62109997,一切都有最好的安排有限公司,新北市林口區仁愛路1段285巷6號,劉芳岑,300000,115/07/27,115/09/21,減少所營事業變更修正章程,F206020 日常用品零售業；F102170 食品什貨批發業；F208040 化粧品零售業；F209060 文教、樂器、育樂用品零售業；F299990 其他零售業；F401010 國際貿易業；F399990 其他綜合零售業；F399040 無店面零售業；I103060 管理顧問業；I401010 一般廣告服務業,新北市,變更,11509
62110185,顥遠管理顧問有限公司,新北市中和區景新街338號12樓,邱蒨雯,500000,115/07/27,115/09/03,股東出資轉讓修正章程,I103060 管理顧問業；I199990 其他顧問服務業；I301010 資訊軟體服務業；I301020 資料處理服務業；I301030 電子資訊供應服務業；F113050 電腦及事務性機器設備批發業；F118010 資訊軟體批發業；F119010 電子材料批發業；F401010 國際貿易業；ZZ99999 除許可業務外，得經營法令非禁止或限制之業務,新北市,變更,11509
62120629,玖八動力有限公司,新北市三重區忠孝路2段92號(1樓),李政翰,2000000,115/05/21,115/09/11,特殊補正,F106010 五金批發業；F113020 電器批發業；F113110 電池批發業；F114040 自行車及其零件批發業；F206010 五金零售業；F213010 電器零售業；F213110 電池零售業；F214040 自行車及其零件零售業；F399040 無店面零售業；F399990 其他綜合零售業,新北市,變更,11509
62126308,鉅曜全國際有限公司,新北市樹林區東順街57巷22號,胡嘉恩,500000,115/06/04,115/09/18,公司名稱變更修正章程,F213030 電腦及事務性機器設備零售業；F213060 電信器材零售業；F216010 照相器材零售業；F218010 資訊軟體零售業；F219010 電子材料零售業；F399040 無店面零售業；F401010 國際貿易業；F113050 電腦及事務性機器設備批發業；F113070 電信器材批發業；F116010 照相器材批發業,新北市,變更,11509
62133589,朋棠智醫股份有限公司,新北市板橋區民族路129巷12弄11號9樓,翁珮瑜,10000000,115/07/14,115/09/16,增資(資本總額),I301010 資訊軟體服務業；I301020 資料處理服務業；I301030 電子資訊供應服務業；I401010 一般廣告服務業；F401010 國際貿易業；F108031 醫療器材批發業；F208031 醫療器材零售業；E605010 電腦設備安裝業；F113050 電腦及事務性機器設備批發業；F213030 電腦及事務性機器設備零售業,新北市,變更,11509
62133976,芳草地智能科技股份有限公司,新北市三重區龍門路46號,邱麗娟,62000000,115/07/15,115/09/22,特殊補正,D101060 再生能源自用發電設備業；IG03010 能源技術服務業；E601010 電器承裝業；E606010 用電設備檢驗維護業；CC01010 發電、輸電、配電機械製造業；I301010 資訊軟體服務業；I301020 資料處理服務業；IG02010 研究發展服務業；EZ05010 儀器、儀表安裝工程業；D101050 汽電共生業,新北市,變更,11509
62134145,尚美生物科技有限公司,新北市板橋區四川路1段23號9樓之2,張維倫,6000000,115/07/16,115/09/07,公司所營事業變更修正章程,H201010 一般投資業；H701010 住宅及大樓開發租售業；H703100 不動產租賃業；I103060 管理顧問業；I199990 其他顧問服務業；F108040 化粧品批發業；F102170 食品什貨批發業；F208040 化粧品零售業；F208050 乙類成藥零售業；F203010 食品什貨、飲料零售業,新北市,變更,11509
62134216,綠櫥國際企業有限公司,新北市三重區重新路1段84號(2樓),林大欽,6000000,115/07/16,115/09/22,特殊補正,F105050 家具、寢具、廚房器具、裝設品批發業；F205040 家具、寢具、廚房器具、裝設品零售業；E801010 室內裝潢業；E801070 廚具、衛浴設備安裝工程業；I503010 景觀設計業；F401010 國際貿易業；ZZ99999 除許可業務外，得經營法令非禁止或限制之業務；C805020 塑膠膜、袋製造業；F107190 塑膠膜、袋批發業,新北市,變更,11509
62134855,緯閔創世投資股份有限公司,新北市板橋區和平路安樂巷51號5樓,劉克威,10000000,115/07/20,115/09/02,董事/監察人持股變動報備,H201010 一般投資業；H202010 創業投資業；H204010 私募股權投資業；ZZ99999 除許可業務外，得經營法令非禁止或限制之業務,新北市,變更,11509
62147839,嘉恆泰投資有限公司,新北市林口區公園路116號5樓,蕭麗玉,3000000,115/08/14,115/09/15,股東出資轉讓修正章程,H201010 一般投資業,新北市,變更,11509
62147964,安晴宜禾有限公司,新北市中和區景平路182號11樓之2,許晉嘉,500000,115/08/17,115/09/10,公司所營事業變更修正章程,A102080 園藝服務業；J101010 建築物清潔服務業；I503010 景觀設計業；IZ99990 其他工商服務業；F206020 日常用品零售業；F399040 無店面零售業；F208040 化粧品零售業；ZZ99999 除許可業務外，得經營法令非禁止或限制之業務；I103060 管理顧問業；I599990 其他設計業,新北市,變更,11509
62148062,首都地產開發有限公司,新北市蘆洲區民族路336巷21號2樓,李昭良,200000,115/08/17,115/09/21,公司所營事業變更修正章程,G202010 停車場經營業；H701010 住宅及大樓開發租售業；H701020 工業廠房開發租售業；H701050 投資興建公共建設業；H701060 新市鎮、新社區開發業；H701070 區段徵收及市地重劃代辦業；H701090 都市更新整建維護業；H702010 建築經理業；H703090 不動產買賣業；H703100 不動產租賃業,新北市,變更,11509
62148160,浩華瑞豐有限公司,新北市板橋區文化路1段362號26樓之1,林書含,15200000,115/08/18,115/09/24,特殊補正,H201010 一般投資業；F108040 化粧品批發業；F107030 清潔用品批發業；ZZ99999 除許可業務外，得經營法令非禁止或限制之業務,新北市,變更,11509
62148345,大眾環氧彩漆有限公司,新北市永和區保平路30巷10之1號5樓,林奇龍,2000000,115/08/18,115/09/21,增資,E901010 油漆工程業；E801010 室內裝潢業；E801030 室內輕鋼架工程業；E801070 廚具、衛浴設備安裝工程業；F401010 國際貿易業；F107010 漆料、塗料批發業；F111090 建材批發業；F207010 漆料、塗料零售業；F211010 建材零售業；F399040 無店面零售業,新北市,變更,11509
62148936,職達街網路科技有限公司,新北市中和區中山路2段33號10樓之2,王堯漢,500000,115/08/20,115/09/18,公司所營事業變更修正章程,IZ12010 人力派遣業；F109070 文教、樂器、育樂用品批發業；F118010 資訊軟體批發業；I103060 管理顧問業；I301010 資訊軟體服務業；I301020 資料處理服務業；I301030 電子資訊供應服務業；I401010 一般廣告服務業；IZ13010 網路認證服務業；IZ15010 市場研究及民意調查業,新北市,變更,11509
62149180,毛仔厝有限公司,新北市新店區北宜路2段30巷5弄26號10樓,紀廷寬,500000,115/08/21,115/09/24,股東出資轉讓修正章程,F106050 陶瓷玻璃器皿批發業；F106060 寵物食品及其用品批發業；F206050 寵物食品及其用品零售業；F106020 日常用品批發業；F206020 日常用品零售業；F209060 文教、樂器、育樂用品零售業；F109070 文教、樂器、育樂用品批發業；F204110 布疋、衣著、鞋、帽、傘、服飾品零售業；F104110 布疋、衣著、鞋、帽、傘、服飾品批發業；F106010 五金批發業,新北市,變更,11509
62149409,日論企業股份有限公司,新北市五股區五工三路111號,吳志亮,500000,115/08/21,115/09/29,補選董事(常務董事.董事長)/監察人,F101990 其他農、畜、水產品批發業；F102170 食品什貨批發業；F106020 日常用品批發業；F401010 國際貿易業；F399040 無店面零售業；F113990 其他機械器具批發業；C106010 製粉業；C110010 飲料製造業；C199990 未分類其他食品製造業；C199040 豆類加工食品製造業,新北市,變更,11509
62155062,起毛球生技有限公司,新北市板橋區三民路2段33號14樓,陳婌萍,320000,115/05/27,115/09/29,特殊補正,F106060 寵物食品及其用品批發業；F206050 寵物食品及其用品零售業；F109070 文教、樂器、育樂用品批發業；F209060 文教、樂器、育樂用品零售業；F104110 布疋、衣著、鞋、帽、傘、服飾品批發業；F204110 布疋、衣著、鞋、帽、傘、服飾品零售業；F102170 食品什貨批發業；F203010 食品什貨、飲料零售業；F106020 日常用品批發業；F206020 日常用品零售業,新北市,變更,11509
62155865,編碼科技有限公司,新北市永和區中和路343號4樓之2,SIVAK LUKAS,600000,115/05/29,115/09/30,特殊補正,I301010 資訊軟體服務業；I301020 資料處理服務業；I301030 電子資訊供應服務業；I199990 其他顧問服務業；I103060 管理顧問業；F401010 國際貿易業；ZZ99999 除許可業務外，得經營法令非禁止或限制之業務,新北市,變更,11509
62166618,頑展創意整合行銷有限公司,新北市中和區板南路663號6樓,李汪銘,1000000,115/07/29,115/09/18,申登機關變更（遷入，含卷）,C703010 印刷品裝訂及加工業；F108040 化粧品批發業；F199990 其他批發業；F203010 食品什貨、飲料零售業；F208040 化粧品零售業；F299990 其他零售業；F399040 無店面零售業；F401010 國際貿易業；I103060 管理顧問業；I199990 其他顧問服務業,新北市,變更,11509
62167932,協作動力有限公司,新北市三重區重新路5段609巷6號9樓之11,潘冠華,500000,115/07/30,115/09/01,公司所營事業變更修正章程,F118010 資訊軟體批發業；F218010 資訊軟體零售業；I301010 資訊軟體服務業；I301020 資料處理服務業；I301030 電子資訊供應服務業；I301060 網路廣告平臺業；F106020 日常用品批發業；F206020 日常用品零售業；F399040 無店面零售業；ZZ99999 除許可業務外，得經營法令非禁止或限制之業務,新北市,變更,11509
62168046,音波國際娛樂有限公司,新北市板橋區中山路1段10號11樓,陳鵬騏,5000000,115/07/30,115/09/01,增資,E801010 室內裝潢業；F102040 飲料批發業；F102170 食品什貨批發業；F104110 布疋、衣著、鞋、帽、傘、服飾品批發業；F105050 家具、寢具、廚房器具、裝設品批發業；F106020 日常用品批發業；F109070 文教、樂器、育樂用品批發業；F115010 首飾及貴金屬批發業；F118010 資訊軟體批發業；F199990 其他批發業,新北市,變更,11509
62168340,鋐潤貿易有限公司,新北市板橋區漢生東路193巷45弄9號,曹慧卿,11000000,115/07/31,115/09/22,增資,ZZ99999 除許可業務外，得經營法令非禁止或限制之業務；F102170 食品什貨批發業；F102030 菸酒批發業；F102180 酒精批發業；F103010 飼料批發業；F104110 布疋、衣著、鞋、帽、傘、服飾品批發業；F105050 家具、寢具、廚房器具、裝設品批發業；F106010 五金批發業；F106020 日常用品批發業；F106040 水器材料批發業,新北市,變更,11509
62177137,本富維有限公司,新北市永和區四維街58號,鄧立偉,5000000,115/08/26,115/09/16,改推董事/董事長,I301010 資訊軟體服務業；I103060 管理顧問業；I199990 其他顧問服務業；IZ04010 翻譯業；J304010 圖書出版業,新北市,變更,11509
62177283,睛靈美瞳企業有限公司,新北市新莊區五權一路13號5樓之3,黃睿詮,500000,115/08/27,115/09/29,公司名稱變更修正章程,F108031 醫療器材批發業；F110020 眼鏡批發業；F210020 眼鏡零售業；F113030 精密儀器批發業；F199990 其他批發業；F113010 機械批發業；F107200 化學原料批發業；F401010 國際貿易業；IG01010 生物技術服務業；ZZ99999 除許可業務外，得經營法令非禁止或限制之業務,新北市,變更,11509
62177592,沅藺康健股份有限公司,新北市中和區中山路2段228號10樓之3,巫志祥,555000,115/08/28,115/09/16,特殊補正,JH01011 居家式服務業；ZZ99999 除許可業務外，得經營法令非禁止或限制之業務,新北市,變更,11509
62177880,饌匯飽食品有限公司,新北市三重區中央北路69之2號(1樓),張沛璇,50000,115/08/31,115/09/10,公司所在地,F102040 飲料批發業；F102170 食品什貨批發業；F203010 食品什貨、飲料零售業；F501060 餐館業；F501990 其他餐飲業；ZZ99999 除許可業務外，得經營法令非禁止或限制之業務,新北市,變更,11509
62178059,聯昇電梯工程股份有限公司,新北市八里區龍米路2段200巷20號14樓,楊燕玲,27500000,83/03/18,115/09/01,申請變更統一編號,E603020 電梯安裝工程業；E701010 電信工程業；H201010 一般投資業；E599010 配管工程業；I103060 管理顧問業；H701010 住宅及大樓開發租售業；EZ07010 鑽孔工程業；B601010 土石採取業；EZ02010 起重工程業；E401010 疏濬業,新北市,變更,11509
62179108,禾寧健康有限公司,新北市三重區溪尾街39號2樓,吳曉蘋,100000,115/06/10,115/09/15,公司所營事業變更修正章程,H703110 老人住宅業；JZ99990 未分類其他服務業；F107030 清潔用品批發業；F106020 日常用品批發業；F206020 日常用品零售業；F207030 清潔用品零售業；F203030 酒精零售業；F399040 無店面零售業；F501030 飲料店業；F219010 電子材料零售業,新北市,變更,11509
62179199,有為國際科技有限公司,新北市汐止區新台五路1段97號27樓之7,鄭明哲,500000,115/06/10,115/09/24,減資,F219010 電子材料零售業；F119010 電子材料批發業；F213040 精密儀器零售業；F113030 精密儀器批發業；F213030 電腦及事務性機器設備零售業；F401010 國際貿易業；ZZ99999 除許可業務外，得經營法令非禁止或限制之業務,新北市,變更,11509
62180772,哈魯資訊有限公司,新北市土城區永安街84之1號,江權育,500000,115/06/17,115/09/07,股東出資轉讓修正章程,E605010 電腦設備安裝業；F109070 文教、樂器、育樂用品批發業；F113030 精密儀器批發業；F113050 電腦及事務性機器設備批發業；F113070 電信器材批發業；F113110 電池批發業；F118010 資訊軟體批發業；F119010 電子材料批發業；F209060 文教、樂器、育樂用品零售業；F213010 電器零售業,新北市,變更,11509
62180864,合田貿易股份有限公司,新北市汐止區康寧街169巷8之3號2樓,張毓恬,7600000,115/06/18,115/09/24,特殊補正,F113030 精密儀器批發業；F213040 精密儀器零售業；EZ05010 儀器、儀表安裝工程業；H703100 不動產租賃業；F401010 國際貿易業；F107200 化學原料批發業；F207200 化學原料零售業；JE01010 租賃業；CE01010 一般儀器製造業；F106010 五金批發業,新北市,變更,11509
62180920,住傳媒有限公司,新北市板橋區文化路1段189號4樓,吳翃毅,300000,115/06/17,115/09/09,特殊補正,F118010 資訊軟體批發業；F218010 資訊軟體零售業；F399990 其他綜合零售業；I103060 管理顧問業；I301010 資訊軟體服務業；I301020 資料處理服務業；I301030 電子資訊供應服務業；I401010 一般廣告服務業；F601010 智慧財產權業；I199990 其他顧問服務業,新北市,變更,11509
62180999,新美立國際有限公司,新北市汐止區新台五路1段129號2樓,施力中,110000,115/07/15,115/09/10,申登機關變更（遷入，含卷）,F106010 五金批發業；E801010 室內裝潢業；EZ99990 其他工程業；E599010 配管工程業；F401010 國際貿易業；F399040 無店面零售業；F111090 建材批發業；E801040 玻璃安裝工程業；E601020 電器安裝業；C306010 成衣業,新北市,變更,11509
62190645,喬邦工程有限公司,新北市林口區麗園一街11巷5號1樓之3,袁震衡,500000,115/03/27,115/09/15,特殊補正,E603120 噴砂工程業；E603110 冷作工程業；E603100 電焊工程業；E601010 電器承裝業；E601020 電器安裝業；E801010 室內裝潢業；E801020 門窗安裝工程業；E801030 室內輕鋼架工程業；E801040 玻璃安裝工程業；E801070 廚具、衛浴設備安裝工程業,新北市,變更,11509
62190814,筠馥森國際股份有限公司,新北市新莊區思源路601號12樓,李若齊,2400000,115/03/27,115/09/11,特殊補正,F401010 國際貿易業；I199990 其他顧問服務業；IZ99990 其他工商服務業；C501070 竹、藤製品製造業；CZ99990 未分類其他工業製品製造業；F119010 電子材料批發業；F199010 回收物料批發業；ZZ99999 除許可業務外，得經營法令非禁止或限制之業務,新北市,變更,11509
62191258,佑賢生技有限公司,新北市蘆洲區信義路337號(1樓),陳崇賢,5900000,115/03/30,115/09/16,公司所在地,C110010 飲料製造業；C802090 清潔用品製造業；C802100 化粧品製造業；F102020 食用油脂批發業；F102170 食品什貨批發業；F104110 布疋、衣著、鞋、帽、傘、服飾品批發業；F105050 家具、寢具、廚房器具、裝設品批發業；F106010 五金批發業；F106020 日常用品批發業；F107030 清潔用品批發業,新北市,變更,11509
62191341,哲家股份有限公司,新北市樹林區大義路382號20樓,方忠偉,1000000,115/04/20,115/09/11,特殊補正,H201010 一般投資業,新北市,變更,11509
62196991,名偉國際車業有限公司,新北市三重區河邊北街15號,陳家偉,6000000,115/04/20,115/09/14,特殊補正,F214010 汽車零售業；F214030 汽、機車零件配備零售業；F219010 電子材料零售業；JE01010 租賃業；JZ99050 仲介服務業；F401010 國際貿易業；IZ99990 其他工商服務業；JA01990 其他汽車服務業；ZZ99999 除許可業務外，得經營法令非禁止或限制之業務,新北市,變更,11509
62199239,昱啟煥股份有限公司,新北市汐止區新台五路1段95號16樓之1,潘昱潔,7000000,115/04/20,115/09/30,特殊補正,F106010 五金批發業；F206010 五金零售業；F401010 國際貿易業；F109070 文教、樂器、育樂用品批發業；F209060 文教、樂器、育樂用品零售業；F105050 家具、寢具、廚房器具、裝設品批發業；F205040 家具、寢具、廚房器具、裝設品零售業；F113070 電信器材批發業；F213060 電信器材零售業；F213030 電腦及事務性機器設備零售業,新北市,變更,11509
62200340,享承有限公司,新北市樹林區中山路1段36號2樓,鄭志平,500000,115/05/12,115/09/02,公司所營事業變更修正章程,IE01010 電信業務門號代辦業；JA02010 電器及電子產品修理業；F113030 精密儀器批發業；F113050 電腦及事務性機器設備批發業；F113070 電信器材批發業；F118010 資訊軟體批發業；F119010 電子材料批發業；F213040 精密儀器零售業；F213060 電信器材零售業；F213110 電池零售業,新北市,變更,11509
62200496,凱莉生金股份有限公司,新北市淡水區新民街33號,吳亞儒,2000000,115/05/12,115/09/15,減少所營事業變更修正章程,F203010 食品什貨、飲料零售業；F203020 菸酒零售業；F399040 無店面零售業；F399990 其他綜合零售業；F401010 國際貿易業；F501030 飲料店業；F501060 餐館業；J601010 藝文服務業；F102170 食品什貨批發業；F105050 家具、寢具、廚房器具、裝設品批發業,新北市,變更,11509
62200952,鍇泫有限公司,新北市中和區中原二街28號18樓,曹家愷,500000,115/04/21,115/09/21,增資,F119010 電子材料批發業；F118010 資訊軟體批發業；F219010 電子材料零售業；F218010 資訊軟體零售業；E605010 電腦設備安裝業；EZ99990 其他工程業；F401010 國際貿易業；ZZ99999 除許可業務外，得經營法令非禁止或限制之業務,新北市,變更,11509
62201565,辰闊地產開發有限公司,新北市五股區成泰路3段450號,曾一忠,3000000,115/04/23,115/09/02,改推董事/董事長,H704031 不動產仲介經紀業；H703090 不動產買賣業；H703100 不動產租賃業；H701020 工業廠房開發租售業；H701010 住宅及大樓開發租售業；ZZ99999 除許可業務外，得經營法令非禁止或限制之業務,新北市,變更,11509
62216201,立德富投資股份有限公司,新北市新店區寶橋路235巷138號8樓,林碧珍,98588080,115/03/30,115/09/16,特殊補正,H201010 一般投資業,新北市,變更,11509
62216510,騰龍工程股份有限公司,新北市永和區福和路164號4樓,潘彥群,3650000,115/04/01,115/09/14,改選董事/監察人(一人法人股東指派董事/監察人),H701010 住宅及大樓開發租售業；H701020 工業廠房開發租售業；H701050 投資興建公共建設業；H701060 新市鎮、新社區開發業；H701070 區段徵收及市地重劃代辦業；H701090 都市更新整建維護業；H703090 不動產買賣業；H703100 不動產租賃業；F111090 建材批發業；F206020 日常用品零售業,新北市,變更,11509
62216791,述碼方舟設計有限公司,新北市泰山區信華五街122號10樓,王斯愚,500000,115/04/01,115/09/08,公司所在地,I301010 資訊軟體服務業；I301020 資料處理服務業；I301030 電子資訊供應服務業；I401010 一般廣告服務業；E605010 電腦設備安裝業；F113050 電腦及事務性機器設備批發業；F118010 資訊軟體批發業；F119010 電子材料批發業；F213030 電腦及事務性機器設備零售業；F218010 資訊軟體零售業,新北市,變更,11509
62216814,歐克飾板股份有限公司,新北市林口區後湖11之52號,何國勲,6710000,115/04/02,115/09/23,減少所營事業變更修正章程,F105050 家具、寢具、廚房器具、裝設品批發業；F111090 建材批發業；F120010 耐火材料批發業；F205040 家具、寢具、廚房器具、裝設品零售業；F211010 建材零售業；F106010 五金批發業；F206010 五金零售業,新北市,變更,11509
62216976,芮平國際有限公司,新北市三重區中正北路530巷5之1號3樓,張書瑋,200000,115/04/02,115/09/24,公司所在地,F204110 布疋、衣著、鞋、帽、傘、服飾品零售業；F104110 布疋、衣著、鞋、帽、傘、服飾品批發業；F205040 家具、寢具、廚房器具、裝設品零售業；F105050 家具、寢具、廚房器具、裝設品批發業；F206020 日常用品零售業；F106020 日常用品批發業；F208040 化粧品零售業；F108040 化粧品批發業；F203010 食品什貨、飲料零售業；F215010 首飾及貴金屬零售業,新北市,變更,11509
62217285,窩的家投資控股股份有限公司,新北市三重區平安街59號,吳彥廷,11100000,115/04/07,115/09/09,特殊補正,H201010 一般投資業；H202010 創業投資業；ZZ99999 除許可業務外，得經營法令非禁止或限制之業務,新北市,變更,11509
62217659,羊夏萊音娛樂製作有限公司,新北市板橋區新海路10號2樓,楊恢宏,600000,115/04/08,115/09/22,特殊補正,J601010 藝文服務業；J602010 演藝活動業；J604010 聲音錄製及音樂發行業；F209060 文教、樂器、育樂用品零售業；CC01120 資料儲存媒體製造及複製業；F401010 國際貿易業；F601010 智慧財產權業；I401010 一般廣告服務業；I501010 產品設計業；J304010 圖書出版業,新北市,變更,11509
62217829,小島語社有限公司,新北市板橋區東門街30之2號5樓之1,黃容,100000,115/04/08,115/09/04,公司所在地,ZZ99999 除許可業務外，得經營法令非禁止或限制之業務；I301030 電子資訊供應服務業；I301020 資料處理服務業；I401010 一般廣告服務業；IZ99990 其他工商服務業；JZ99990 未分類其他服務業,新北市,變更,11509
62217861,坤明清潔維護股份有限公司,新北市汐止區南興路82巷1弄6號3樓,劉坤地,600000,115/04/08,115/09/09,改選董事/監察人(一人法人股東指派董事/監察人),J101010 建築物清潔服務業；J101020 病媒防治業；J101030 廢棄物清除業；J101040 廢棄物處理業；F107030 清潔用品批發業；F207030 清潔用品零售業；I103060 管理顧問業；ZZ99999 除許可業務外，得經營法令非禁止或限制之業務,新北市,變更,11509
62217905,城市健康生態有限公司,新北市永和區竹林路41號2樓,李炯明,2000000,115/04/09,115/09/21,改推董事/董事長,J801030 競技及休閒運動場館業；J802010 運動訓練業；J803010 運動表演業；J803020 運動比賽業；F109070 文教、樂器、育樂用品批發業；F209060 文教、樂器、育樂用品零售業；F399990 其他綜合零售業；F399040 無店面零售業；ZZ99999 除許可業務外，得經營法令非禁止或限制之業務,新北市,變更,11509
62217911,梨山園有限公司,新北市土城區學府路1段278號地下一層之10,周麗紅,100000,115/04/09,115/09/29,公司所營事業變更修正章程,F102040 飲料批發業；F102050 茶葉批發業；F102170 食品什貨批發業；F104110 布疋、衣著、鞋、帽、傘、服飾品批發業；F105050 家具、寢具、廚房器具、裝設品批發業；F203010 食品什貨、飲料零售業；F399040 無店面零售業；F501030 飲料店業；E599010 配管工程業；E605010 電腦設備安裝業,新北市,變更,11509
62250642,三策專案管理顧問有限公司,新北市中和區中山路2段332巷13號12樓,莊昊恩,1500000,115/04/16,115/09/11,特殊補正,I103060 管理顧問業；I199990 其他顧問服務業；I102010 一般投資顧問業；I503010 景觀設計業；IB01010 建築物公共安全檢查業；H701010 住宅及大樓開發租售業；H701050 投資興建公共建設業；H701060 新市鎮、新社區開發業；H701070 區段徵收及市地重劃代辦業；H701090 都市更新整建維護業,新北市,變更,11509
64835750,璿朔塑膠有限公司,新北市林口區育林街23之1號,唐旭賢,1030000,105/12/28,115/09/14,公司所在地,F106010 五金批發業；F106020 日常用品批發業；F106030 模具批發業；F107190 塑膠膜、袋批發業；F206010 五金零售業；F206030 模具零售業；F207190 塑膠膜、袋零售業；F401010 國際貿易業；C501070 竹、藤製品製造業；C801100 合成樹脂及塑膠製造業,新北市,變更,11509
64895969,愛蘭國際有限公司,新北市新店區中央路179號,陳景龍,3000000,106/04/19,115/09/23,特殊補正,A101050 花卉栽培業；F101100 花卉批發業；F201070 花卉零售業；F401010 國際貿易業；ZZ99999 除許可業務外，得經營法令非禁止或限制之業務,新北市,變更,11509
64938616,豐林營建股份有限公司,新北市林口區文化二路1段266號6樓之1,賴宗義,65900000,64/10/16,115/09/02,特殊補正,E101011 綜合營造業；H701010 住宅及大樓開發租售業；H701060 新市鎮、新社區開發業；H702010 建築經理業；H703090 不動產買賣業；H703100 不動產租賃業；E801010 室內裝潢業；ZZ99999 除許可業務外，得經營法令非禁止或限制之業務,新北市,變更,11509
65112703,原典國際影視製作有限公司,新北市板橋區長江路1段8之2號,劉又甄,1000000,105/08/15,115/09/01,改推董事/董事長,J601010 藝文服務業；J602010 演藝活動業；F102030 菸酒批發業；F102170 食品什貨批發業；F104110 布疋、衣著、鞋、帽、傘、服飾品批發業；F115010 首飾及貴金屬批發業；F203010 食品什貨、飲料零售業；F203020 菸酒零售業；F204110 布疋、衣著、鞋、帽、傘、服飾品零售業；F209060 文教、樂器、育樂用品零售業,新北市,變更,11509
65275924,橙鑫科技股份有限公司,新北市中和區中正路736號12樓,吳巽剛,20000000,105/08/26,115/09/30,增資(資本總額),F401010 國際貿易業；F113050 電腦及事務性機器設備批發業；F118010 資訊軟體批發業；F119010 電子材料批發業；F213030 電腦及事務性機器設備零售業；F218010 資訊軟體零售業；F219010 電子材料零售業；I102010 投資顧問業；I103060 管理顧問業；I301010 資訊軟體服務業,新北市,變更,11509
65277514,神匠國際有限公司,新北市樹林區三福街48巷4號,侯嘉玲,200000,105/08/26,115/09/09,申登機關變更（遷入，含卷）,EZ99990 其他工程業；E603090 照明設備安裝工程業；E801010 室內裝潢業；E701030 電信管制射頻器材裝設工程業；EZ05010 儀器、儀表安裝工程業；I501010 產品設計業；I503010 景觀、室內設計業；I599990 其他設計業；J601010 藝文服務業；IZ12010 人力派遣業,新北市,變更,11509
65406756,艾司博得有限公司,新北市樹林區日新街74號2樓,孫于恬,3800000,105/09/05,115/09/09,增資,E605010 電腦設備安裝業；F106020 日常用品批發業；F113050 電腦及事務性機器設備批發業；F113110 電池批發業；F114020 機車批發業；F114030 汽、機車零件配備批發業；F118010 資訊軟體批發業；F119010 電子材料批發業；F213110 電池零售業；F214020 機車零售業,新北市,變更,11509
65408327,旭鋒通訊有限公司,新北市新店區民權路24號,蕭婷飴,300000,105/09/06,115/09/18,改推董事/董事長,E701010 電信工程業；F106020 日常用品批發業；F113020 電器批發業；F113030 精密儀器批發業；F113050 電腦及事務性機器設備批發業；F113070 電信器材批發業；F113110 電池批發業；F116010 照相器材批發業；F118010 資訊軟體批發業；F119010 電子材料批發業,新北市,變更,11509
65482389,上順吉工程有限公司,新北市三重區重新路4段93巷3號(1樓),劉世喜,1600000,105/09/08,115/09/08,增資,E603040 消防安全設備安裝工程業；IB01010 建築物公共安全檢查業；IF01010 消防安全設備檢修業；IF03010 液化石油氣鋼瓶檢驗業；F117010 消防安全設備批發業；F120010 耐火材料批發業；F217010 消防安全設備零售業；F220010 耐火材料零售業；F401010 國際貿易業；E502010 燃料導管安裝工程業,新北市,變更,11509
65601370,景韻生技有限公司,新北市汐止區大同路1段239號10樓之6,孫成民,22716500,105/09/22,115/09/30,特殊補正,F104110 布疋、衣著、鞋、帽、傘、服飾品批發業；F105050 家具、寢具、廚房器具、裝設品批發業；F106010 五金批發業；F106020 日常用品批發業；F106050 陶瓷玻璃器皿批發業；F107030 清潔用品批發業；F107990 其他化學製品批發業；F108031 醫療器材批發業；F108040 化粧品批發業；F109070 文教、樂器、育樂用品批發業,新北市,變更,11509
65662306,興諺工程有限公司,新北市永和區保福路2段115號3樓,高玉龍,300000,105/09/22,115/09/01,改推董事/董事長,E603040 消防安全設備安裝工程業；E603080 交通號誌安裝工程業；E603090 照明設備安裝工程業；E801010 室內裝潢業；E801020 門窗安裝工程業；E801030 室內輕鋼架工程業；E801040 玻璃安裝工程業；E801070 廚具、衛浴設備安裝工程業；E901010 油漆工程業；EZ06010 交通標示工程業,新北市,變更,11509
66255658,伸鋼機械工業有限公司,新北市蘆洲區長安街225號6樓,楊雅淳,20000000,105/10/20,115/09/24,增資,F113010 機械批發業；F114030 汽、機車零件配備批發業；F213080 機械器具零售業；F214030 汽、機車零件配備零售業；F401010 國際貿易業；I501010 產品設計業；I599990 其他設計業；ZZ99999 除許可業務外，得經營法令非禁止或限制之業務,新北市,變更,11509
66257683,康禾地產開發股份有限公司,新北市板橋區忠孝路103號6樓,洪鳳蓁,70000000,105/10/25,115/09/03,公司所營事業變更修正章程,H701010 住宅及大樓開發租售業；H701050 投資興建公共建設業；H701060 新市鎮、新社區開發業；H701070 區段徵收及市地重劃代辦業；H701090 都市更新整建維護業；H703090 不動產買賣業；H703100 不動產租賃業；HZ02010 金融機構金錢債權收買業務；HZ02020 辦理金融機構金錢債權之評價或拍賣業務；I103060 管理顧問業,新北市,變更,11509
66258796,遠宏投資股份有限公司,新北市新莊區中原路560號9樓,嚴文遠,50000000,105/10/26,115/09/02,特殊補正,E801010 室內裝潢業；F211010 建材零售業；F215020 礦石零售業；F299990 其他零售業；F401010 國際貿易業；H201010 一般投資業；H701010 住宅及大樓開發租售業；H701020 工業廠房開發租售業；H701040 特定專業區開發業；H701050 投資興建公共建設業,新北市,變更,11509
66359491,福遠投資股份有限公司,新北市三重區仁愛街53巷13號4樓,許維淑,1000000,105/11/29,115/09/17,特殊補正,H201010 一般投資業；H701010 住宅及大樓開發租售業；H701050 投資興建公共建設業；H701060 新市鎮、新社區開發業；H701070 區段徵收及市地重劃代辦業；H701090 都市更新整建維護業；H703090 不動產買賣業；HZ02010 金融機構金錢債權收買業務；I401010 一般廣告服務業；ZZ99999 除許可業務外，得經營法令非禁止或限制之業務,新北市,變更,11509
66389690,春森農業科技股份有限公司,新北市新莊區新北大道2段217號,廖俞鑫,70000000,105/12/20,115/09/15,公司所營事業變更修正章程,A101020 農作物栽培業；A101030 特用作物栽培業；A101040 食用菌菇類栽培業；A101050 花卉栽培業；A102020 農產品整理業；A102050 作物栽培服務業；I101070 農、林、漁、畜牧顧問業；H201010 一般投資業；H701010 住宅及大樓開發租售業；H701020 工業廠房開發租售業,新北市,變更,11509
66399748,至善不動產有限公司,新北市新莊區中原路249號,鄭曄,500000,105/12/23,115/09/30,股東出資轉讓修正章程,H704031 不動產仲介經紀業；H701060 新市鎮、新社區開發業；H701070 區段徵收及市地重劃代辦業；H701090 都市更新整建維護業；H703100 不動產租賃業；I401010 一般廣告服務業；I401020 廣告傳單分送業；I503010 景觀、室內設計業；E801010 室內裝潢業；I103060 管理顧問業,新北市,變更,11509
66403291,樂婕國際有限公司,新北市淡水區民權路27號3樓,張瀞文,1600000,105/12/27,115/09/04,董事/股東地址變更,F204110 布疋、衣著、鞋、帽、傘、服飾品零售業；F205040 家具、寢具、廚房器具、裝設品零售業；F206020 日常用品零售業；F209060 文教、樂器、育樂用品零售業；F299990 其他零售業；F399040 無店面零售業；F399990 其他綜合零售業；F401010 國際貿易業；ZZ99999 除許可業務外，得經營法令非禁止或限制之業務,新北市,變更,11509
66419630,全球真愛聯合國際媒體股份有限公司,新北市板橋區文化路1段266號22樓之2,高淑華,20000000,106/01/05,115/09/04,董事/監察人持股變動報備,C701010 印刷業；C702010 製版業；C703010 印刷品裝訂及加工業；C802100 化粧品製造業；C805030 塑膠日用品製造業；CC01030 電器及視聽電子產品製造業；F102170 食品什貨批發業；F104110 布疋、衣著、鞋、帽、傘、服飾品批發業；F106020 日常用品批發業；F107030 清潔用品批發業,新北市,變更,11509
66425669,華誠噴射器有限公司,新北市新店區安業街17之2號,黃健智,2000000,106/01/10,115/09/08,特殊補正,F214030 汽、機車零件配備零售業；F214990 其他交通運輸工具及其零件零售業；IZ09010 管理系統驗證業；J101050 環境檢測服務業；J101990 其他環境衛生及污染防治服務業；JA01010 汽車修理業；JA01990 其他汽車服務業；JA02990 其他修理業；E603050 自動控制設備工程業；E604010 機械安裝業,新北市,變更,11509
66441627,國全金屬有限公司,新北市樹林區柑園街1段49號2樓,黃啟全,3000000,106/01/17,115/09/10,公司所營事業變更修正章程,F106010 五金批發業；F111090 建材批發業；F401010 國際貿易業；E603100 電焊工程業；EZ99990 其他工程業；ZZ99999 除許可業務外，得經營法令非禁止或限制之業務；CB01010 機械設備製造業；CC01010 發電、輸電、配電機械製造業；E599010 配管工程業；E603090 照明設備安裝工程業,新北市,變更,11509
66465789,宸欣國際企業有限公司,新北市五股區成泰路1段86號,魏雅茹,5000000,106/02/08,115/09/30,公司所在地,F106010 五金批發業；F106020 日常用品批發業；F109070 文教、樂器、育樂用品批發業；F113020 電器批發業；F113050 電腦及事務性機器設備批發業；F113060 度量衡器批發業；F113070 電信器材批發業；F113110 電池批發業；F114040 自行車及其零件批發業；F118010 資訊軟體批發業,新北市,變更,11509
66474400,車友有限公司,新北市汐止區忠一街9巷4號(1樓),陳永親,500000,106/02/14,115/09/14,特殊補正,F104110 布疋、衣著、鞋、帽、傘、服飾品批發業；F114010 汽車批發業；F114020 機車批發業；F114030 汽、機車零件配備批發業；F114040 自行車及其零件批發業；F114050 車胎批發業；F204110 布疋、衣著、鞋、帽、傘、服飾品零售業；F214010 汽車零售業；F214020 機車零售業；F214030 汽、機車零件配備零售業,新北市,變更,11509
66474725,城市健身股份有限公司,新北市中和區復興路268號2樓,于耀宗,8000000,106/02/14,115/09/17,特殊補正,ZZ99999 除許可業務外，得經營法令非禁止或限制之業務；J701040 休閒活動場館業；J801030 競技及休閒運動場館業；J802010 運動訓練業；J803010 運動表演業；J803020 運動比賽業；F109070 文教、樂器、育樂用品批發業；F209060 文教、樂器、育樂用品零售業；F399990 其他綜合零售業；F399040 無店面零售業,新北市,變更,11509
66484420,好初水果股份有限公司,新北市中和區中山路2段351號4樓之12,潘佳昆,42280000,106/02/21,115/09/22,改選董事/監察人(一人法人股東指派董事/監察人),F101130 蔬果批發業；F201010 農產品零售業；F401010 國際貿易業；I103060 管理顧問業；ZZ99999 除許可業務外，得經營法令非禁止或限制之業務；F101050 水產品批發業；F201020 畜產品零售業；F299990 其他零售業；F301010 百貨公司業；F301020 超級市場業,新北市,變更,11509
66485407,迴圈有限公司,新北市新莊區中正路659號3樓,吳宇騰,2500000,106/02/21,115/09/17,增資,C104020 烘焙炊蒸食品製造業；F102030 菸酒批發業；F102170 食品什貨批發業；F203010 食品什貨、飲料零售業；F203020 菸酒零售業；F204110 布疋、衣著、鞋、帽、傘、服飾品零售業；F209060 文教、樂器、育樂用品零售業；F399040 無店面零售業；F401010 國際貿易業；F401171 酒類輸入業,新北市,變更,11509
66522016,宣登魅力國際有限公司,新北市林口區仁愛二路37號16樓,林家宏,400000,106/03/20,115/09/03,公司所在地,F102170 食品什貨批發業；F106020 日常用品批發業；F107200 化學原料批發業；F107990 其他化學製品批發業；F108040 化粧品批發業；F199990 其他批發業；F203010 食品什貨、飲料零售業；F206020 日常用品零售業；F207200 化學原料零售業；F207990 其他化學製品零售業,新北市,變更,11509
66525506,春雨農產科技有限公司,新北市新莊區立信五街6號3樓,陳奕霖,5000000,106/03/22,115/09/18,公司所營事業變更修正章程,A101011 種苗業；A101020 農作物栽培業；A102020 農產品整理業；A102050 作物栽培服務業；A102060 糧商業；A102080 園藝服務業；A199990 其他農業；F101040 家畜家禽批發業；F101050 水產品批發業；F101130 蔬果批發業,新北市,變更,11509
66533153,毅凱有限公司,新北市林口區文化三路2段52號14樓,李毓婕,1000000,106/03/28,115/09/03,股東出資轉讓修正章程,F119010 電子材料批發業；F219010 電子材料零售業；F401010 國際貿易業；ZZ99999 除許可業務外，得經營法令非禁止或限制之業務,新北市,變更,11509
66534961,川億營造有限公司,新北市三重區仁興街33巷38之1號4樓,林志益,24500000,106/03/29,115/09/18,公司所營事業變更修正章程,A102080 園藝服務業；E101011 綜合營造業；E401010 疏濬業；E402010 沙石、淤泥海拋業；E604010 機械安裝業；E801030 室內輕鋼架工程業；E901010 油漆工程業；EZ99990 其他工程業；F211010 建材零售業；F213080 機械器具零售業,新北市,變更,11509
66535053,廷鉑投資有限公司,新北市土城區中興路17號,林士欽,112320000,106/03/31,115/09/14,特殊補正,H201010 一般投資業；H202010 創業投資業；H701010 住宅及大樓開發租售業；H701020 工業廠房開發租售業；H703090 不動產買賣業；H703100 不動產租賃業；H703110 老人住宅業；ZZ99999 除許可業務外，得經營法令非禁止或限制之業務,新北市,變更,11509
66552904,元創國際餐飲事業股份有限公司,新北市板橋區文化路1段325號,嚴元駿,5000000,106/04/18,115/09/02,特殊補正,F101040 家畜家禽批發業；F101050 水產品批發業；F101990 其他農、畜、水產品批發業；F401010 國際貿易業；I101090 食品顧問業；I103060 管理顧問業；ZZ99999 除許可業務外，得經營法令非禁止或限制之業務,新北市,變更,11509
66553045,鑫瑞投資開發有限公司,新北市新莊區新北大道3段5號10樓之6,高詠麗,13500000,106/04/18,115/09/10,特殊補正,H701010 住宅及大樓開發租售業；H701020 工業廠房開發租售業；H701050 投資興建公共建設業；H701060 新市鎮、新社區開發業；H701070 區段徵收及市地重劃代辦業；H703090 不動產買賣業；H703100 不動產租賃業；H201010 一般投資業；I102010 投資顧問業；I103060 管理顧問業,新北市,變更,11509
66558647,好滋味素食有限公司,新北市新莊區復興路3段54號(1樓),巫嘉哲,2000000,106/04/21,115/09/04,股東出資轉讓修正章程,F102170 食品什貨批發業；F102040 飲料批發業；F203010 食品什貨、飲料零售業；F401010 國際貿易業；ZZ99999 除許可業務外，得經營法令非禁止或限制之業務,新北市,變更,11509
66569362,合谷新能源股份有限公司,新北市土城區中山路16之2號8樓,戴于珽,30000000,106/04/28,115/09/10,修正章程,CC01080 電子零組件製造業；CC01090 電池製造業；F113110 電池批發業；F213110 電池零售業；CD01040 機車及其零件製造業；CD01030 汽車及其零件製造業；F401010 國際貿易業；I301010 資訊軟體服務業；I501010 產品設計業；F219010 電子材料零售業,新北市,變更,11509
66575012,日帝汽車有限公司,新北市泰山區新北大道6段325號,黃凱健,30000000,106/05/04,115/09/01,特殊補正,F114010 汽車批發業；F114030 汽、機車零件配備批發業；F214010 汽車零售業；F214030 汽、機車零件配備零售業；JA01010 汽車修理業；JA01990 其他汽車服務業；JZ99050 仲介服務業；F401010 國際貿易業；IZ99990 其他工商服務業；G202010 停車場經營業,新北市,變更,11509
66586186,山水環境事業有限公司,新北市新店區碧潭路77巷3號11樓之3,張家銘,5000000,106/05/12,115/09/01,公司所在地,E801010 室內裝潢業；E901010 油漆工程業；F107010 漆料、塗料批發業；F107030 清潔用品批發業；F111090 建材批發業；F113010 機械批發業；F119010 電子材料批發業；F207010 漆料、塗料零售業；F207030 清潔用品零售業；F213080 機械器具零售業,新北市,變更,11509
66586448,知宇室內裝修有限公司,新北市板橋區文化路2段285號21樓,葉振宇,25000000,106/05/12,115/09/15,公司所營事業變更修正章程,E801010 室內裝潢業；E801020 門窗安裝工程業；E801030 室內輕鋼架工程業；E801040 玻璃安裝工程業；E801070 廚具、衛浴設備安裝工程業；I401010 一般廣告服務業；I501010 產品設計業；F401010 國際貿易業；I503010 景觀設計業；I103060 管理顧問業,新北市,變更,11509
66589199,廣奕電子股份有限公司,新北市永和區成功路1段82號10樓,楊善壹,15000000,106/05/15,115/09/09,特殊補正,CC01040 照明設備製造業；CC01080 電子零組件製造業；CC01110 電腦及其週邊設備製造業；E701010 電信工程業；F113010 機械批發業；F113020 電器批發業；F113050 電腦及事務性機器設備批發業；F113110 電池批發業；F118010 資訊軟體批發業；F119010 電子材料批發業,新北市,變更,11509
66608251,索樂企業股份有限公司,新北市板橋區文化路1段362號4樓之1,許承宇,7800000,106/06/05,115/09/23,改選董事/監察人(一人法人股東指派董事/監察人),F399040 無店面零售業；F204110 布疋、衣著、鞋、帽、傘、服飾品零售業；F205040 家具、寢具、廚房器具、裝設品零售業；F206010 五金零售業；F206020 日常用品零售業；F207030 清潔用品零售業；F208031 醫療器材零售業；F209060 文教、樂器、育樂用品零售業；F213010 電器零售業；F214030 汽、機車零件配備零售業,新北市,變更,11509
66623268,台灣二國股份有限公司,新北市林口區工二路11號,楊永洲,10000000,106/06/28,115/09/24,特殊補正,CB01010 機械設備製造業；CB01030 污染防治設備製造業；CB01990 其他機械製造業；E603050 自動控制設備工程業；E604010 機械安裝業；F113010 機械批發業；F213080 機械器具零售業；F401010 國際貿易業；ZZ99999 除許可業務外，得經營法令非禁止或限制之業務,新北市,變更,11509
66656871,奧義智慧科技股份有限公司,新北市板橋區遠東路3號6樓,邱銘彰,27000000,106/07/31,115/09/03,特殊補正,I103060 管理顧問業；I301010 資訊軟體服務業；I301020 資料處理服務業；I301030 電子資訊供應服務業；I401010 一般廣告服務業；I501010 產品設計業；IZ13010 網路認證服務業；E605010 電腦設備安裝業；F118010 資訊軟體批發業；F213030 電腦及事務性機器設備零售業,新北市,變更,11509
66801853,台億商業有限公司,新北市土城區延安街76號,郭海水,500000,106/08/09,115/09/04,特殊補正,E601010 電器承裝業；E601020 電器安裝業；E801010 室內裝潢業；F113020 電器批發業；F213010 電器零售業；JA02010 電器及電子產品修理業；IZ12010 人力派遣業；F401010 國際貿易業；ZZ99999 除許可業務外，得經營法令非禁止或限制之業務,新北市,變更,11509
66806870,昀鈞企業有限公司,新北市中和區中山路2段369號5樓,施一帆,1000000,106/08/14,115/09/01,增資,F106010 五金批發業；F106020 日常用品批發業；F106040 水器材料批發業；F113020 電器批發業；E502010 燃料導管安裝工程業；F111090 建材批發業；F105050 家具、寢具、廚房器具、裝設品批發業；F107030 清潔用品批發業；F113050 電腦及事務性機器設備批發業；E599010 配管工程業,新北市,變更,11509
66808075,歸藏行銷股份有限公司,新北市新莊區新莊路52號,陳重宇,8000000,106/08/15,115/09/23,公司所在地,H701010 住宅及大樓開發租售業；H701040 特定專業區開發業；H701060 新市鎮、新社區開發業；H701070 區段徵收及市地重劃代辦業；H701080 都市更新重建業；H703090 不動產買賣業；H703100 不動產租賃業；E401010 疏濬業；E599010 配管工程業；E801010 室內裝潢業,新北市,變更,11509
66816618,碧綠威自動化股份有限公司,新北市新莊區新北大道3段7號2樓之5,葉健偉,4700000,106/08/18,115/09/24,特殊補正,F106010 五金批發業；F113010 機械批發業；F401010 國際貿易業；E603050 自動控制設備工程業；F113020 電器批發業；F113030 精密儀器批發業；F213010 電器零售業；CB01010 機械設備製造業；CB01990 其他機械製造業；CC01010 發電、輸電、配電機械製造業,新北市,變更,11509
66825975,博雅富樂投資股份有限公司,新北市板橋區文化路2段451號11樓,游鈴曉,15000000,106/08/23,115/09/02,公司所在地,H201010 一般投資業；I102010 投資顧問業；I103060 管理顧問業；I199990 其他顧問服務業；H703090 不動產買賣業；H703100 不動產租賃業；JE01010 租賃業；F401010 國際貿易業；ZZ99999 除許可業務外，得經營法令非禁止或限制之業務,新北市,變更,11509
66827642,武藏國際有限公司,新北市林口區仁愛路2段125號(3樓),林光中,1000000,106/08/24,115/09/22,股東出資轉讓修正章程,E801010 室內裝潢業；F102170 食品什貨批發業；F106020 日常用品批發業；F203010 食品什貨、飲料零售業；F206020 日常用品零售業；F399040 無店面零售業；F401010 國際貿易業；I301020 資料處理服務業；I301030 電子資訊供應服務業；I401010 一般廣告服務業,新北市,變更,11509
66900087,原味時代股份有限公司,新北市板橋區三民路2段33號11樓,熊婉茜,1063830,106/09/06,115/09/24,董事/監察人持股變動報備,C103050 罐頭、冷凍、脫水及醃漬食品製造業；C104020 烘焙炊蒸食品製造業；C110010 飲料製造業；C199010 麵條、粉條類食品製造業；C199030 即食餐食製造業；F102040 飲料批發業；F102170 食品什貨批發業；F105050 家具、寢具、廚房器具、裝設品批發業；F106020 日常用品批發業；F204110 布疋、衣著、鞋、帽、傘、服飾品零售業,新北市,變更,11509
66900621,惟美生技有限公司,新北市新莊區新崑路109號2樓,鄧婷方,5000000,106/09/07,115/09/18,增資,F106020 日常用品批發業；F107030 清潔用品批發業；F108031 醫療器材批發業；F108040 化粧品批發業；F113030 精密儀器批發業；F119010 電子材料批發業；F206020 日常用品零售業；F207030 清潔用品零售業；F208031 醫療器材零售業；F208040 化粧品零售業,新北市,變更,11509
66908031,菲兒國際有限公司,新北市土城區永豐路31巷12號,林秀綢,1000000,106/09/18,115/09/21,股東出資轉讓修正章程,F104110 布疋、衣著、鞋、帽、傘、服飾品批發業；F105050 家具、寢具、廚房器具、裝設品批發業；F106020 日常用品批發業；F107030 清潔用品批發業；F108040 化粧品批發業；F109070 文教、樂器、育樂用品批發業；F113020 電器批發業；F204110 布疋、衣著、鞋、帽、傘、服飾品零售業；F205040 家具、寢具、廚房器具、裝設品零售業；F206020 日常用品零售業,新北市,變更,11509
66908089,盛裕國際有限公司,新北市新莊區建福路11巷7號,余婉甄,5000000,106/09/18,115/09/14,減少所營事業變更修正章程,F204110 布疋、衣著、鞋、帽、傘、服飾品零售業；F205040 家具、寢具、廚房器具、裝設品零售業；F206020 日常用品零售業；F399040 無店面零售業；ZZ99999 除許可業務外，得經營法令非禁止或限制之業務；IZ99990 其他工商服務業；F214030 汽、機車零件配備零售業；F206010 五金零售業；F203010 食品什貨、飲料零售業；F209060 文教、樂器、育樂用品零售業,新北市,變更,11509
66912204,鴻承建設股份有限公司,新北市五股區成泰路1段2號5樓,黃智楨,210000000,106/09/22,115/09/23,特殊補正,H701010 住宅及大樓開發租售業；H701020 工業廠房開發租售業；H701040 特定專業區開發業；H701050 投資興建公共建設業；H701060 新市鎮、新社區開發業；H701070 區段徵收及市地重劃代辦業；H701080 都市更新重建業；H701090 都市更新整建維護業；F111090 建材批發業；F211010 建材零售業,新北市,變更,11509
66917670,優得貿易有限公司,新北市新店區僑信路68巷51號,陳琮穎,1000000,106/09/26,115/09/17,特殊補正,F105050 家具、寢具、廚房器具、裝設品批發業；F109070 文教、樂器、育樂用品批發業；F113020 電器批發業；F113050 電腦及事務性機器設備批發業；F205040 家具、寢具、廚房器具、裝設品零售業；F209060 文教、樂器、育樂用品零售業；F213010 電器零售業；F213030 電腦及事務性機器設備零售業；F399040 無店面零售業；F401010 國際貿易業,新北市,變更,11509
67287405,旺群精密股份有限公司,新北市新莊區化成路696巷23號(1樓),蔡熒熒,13500000,106/10/20,115/09/18,特殊補正,CC01990 其他電機及電子機械器材製造業；CA02990 其他金屬製品製造業；CB01990 其他機械製造業；F106010 五金批發業；CQ01010 模具製造業；F113990 其他機械器具批發業；F401010 國際貿易業；ZZ99999 除許可業務外，得經營法令非禁止或限制之業務,新北市,變更,11509
67403903,承也國際有限公司,新北市樹林區鎮前街413之5號6樓之4,陳愛珍,1000000,106/10/27,115/09/22,公司所在地,F102170 食品什貨批發業；F104110 布疋、衣著、鞋、帽、傘、服飾品批發業；F108040 化粧品批發業；F203010 食品什貨、飲料零售業；F204110 布疋、衣著、鞋、帽、傘、服飾品零售業；F208040 化粧品零售業；F401010 國際貿易業；ZZ99999 除許可業務外，得經營法令非禁止或限制之業務,新北市,變更,11509
68332414,振興資產管理股份有限公司,新北市林口區文化二路1段279號5樓之2,黃瀧陞,500000,106/11/24,115/09/23,特殊補正,F111090 建材批發業；F113010 機械批發業；F120010 耐火材料批發業；F199010 回收物料批發業；F199990 其他批發業；F107030 清潔用品批發業；F102170 食品什貨批發業；F107200 化學原料批發業；F106010 五金批發業；F107090 事業用爆炸物批發業,新北市,變更,11509
68339818,政德國際有限公司,新北市板橋區長江路2段172號13樓,盧德張,200000,106/11/28,115/09/04,特殊補正,F401010 國際貿易業；F104110 布疋、衣著、鞋、帽、傘、服飾品批發業；F204110 布疋、衣著、鞋、帽、傘、服飾品零售業；F106020 日常用品批發業；F206020 日常用品零售業；H201010 一般投資業；F102170 食品什貨批發業；F203010 食品什貨、飲料零售業；F501030 飲料店業；C104020 烘焙炊蒸食品製造業,新北市,變更,11509
68566480,連訊通信股份有限公司,新北市新店區寶興路45巷9弄4號5樓,陳鴻儀,222530000,106/12/08,115/09/02,特殊補正,CC01020 電線及電纜製造業；CC01060 有線通信機械器材製造業；CC01080 電子零組件製造業；CC01110 電腦及其週邊設備製造業；CF01011 醫療器材製造業；E603010 電纜安裝工程業；E605010 電腦設備安裝業；E701010 電信工程業；E701020 衛星電視ＫＵ頻道、Ｃ頻道器材安裝業；E701030 電信管制射頻器材裝設工程業,新北市,變更,11509
68677205,瑞獅股份有限公司,新北市林口區文化二路1段6號5樓,陳玫瑰,25500000,106/12/18,115/09/23,特殊補正,C501010 製材業；C501030 合板製造業；C501040 組合木材製造業；C501060 木質容器製造業；C501070 竹、藤製品製造業；CN01010 家具及裝設品製造業；F105050 家具、寢具、廚房器具、裝設品批發業；F106010 五金批發業；F111090 建材批發業；F113010 機械批發業,新北市,變更,11509
68773452,華泰萬物通租賃有限公司,新北市永和區保生路1號21樓之1,陳黎燕,28000000,106/12/26,115/09/14,公司所在地,JE01010 租賃業；H701010 住宅及大樓開發租售業；H701020 工業廠房開發租售業；H703090 不動產買賣業；H703100 不動產租賃業；HZ02010 金融機構金錢債權收買業務；HZ02020 辦理金融機構金錢債權之評價或拍賣業務；I103060 管理顧問業；I301010 資訊軟體服務業；I301020 資料處理服務業,新北市,變更,11509
68828105,君宜企業有限公司,新北市土城區中央路2段149巷30弄6號3樓,呂子承,200000,106/12/28,115/09/24,公司所營事業變更修正章程,C103050 罐頭、冷凍、脫水及醃漬食品製造業；C110010 飲料製造業；C301010 紡紗業；C306010 成衣業；C501040 組合木材製造業；C801120 人造纖維製造業；C802100 化粧品製造業；C805030 塑膠日用品製造業；C901060 耐火材料製造業；F102040 飲料批發業,新北市,變更,11509
68891009,庫洛系統科技有限公司,新北市永和區中和路381號12樓,陳素鸞,1500000,107/01/03,115/09/03,股東出資轉讓修正章程,ZZ99999 除許可業務外，得經營法令非禁止或限制之業務；E599010 配管工程業；E601010 電器承裝業；E601020 電器安裝業；E603040 消防安全設備安裝工程業；E603050 自動控制設備工程業；E603090 照明設備安裝工程業；E603100 電焊工程業；E603110 冷作工程業；E603130 燃氣熱水器承裝業,新北市,變更,11509
69255528,特麗國際室內裝修有限公司,新北市新莊區新北大道3段5號13樓之3,許瑞仁,2500000,107/01/17,115/09/29,特殊補正,F106020 日常用品批發業；F106040 水器材料批發業；F107030 清潔用品批發業；F113010 機械批發業；F113020 電器批發業；F113030 精密儀器批發業；F113050 電腦及事務性機器設備批發業；F113990 其他機械器具批發業；F118010 資訊軟體批發業；F119010 電子材料批發業,新北市,變更,11509
69286368,九達投資股份有限公司,新北市三重區重新路4段53號14樓,黃建裕,95000000,107/01/31,115/09/23,董事/監察人持股變動報備,H201010 一般投資業；H202010 創業投資業；H701010 住宅及大樓開發租售業；H701020 工業廠房開發租售業；H701040 特定專業區開發業；H701050 投資興建公共建設業；H701060 新市鎮、新社區開發業；H701070 區段徵收及市地重劃代辦業；H701080 都市更新重建業；H701090 都市更新整建維護業,新北市,變更,11509
69314420,沃克斯股份有限公司,新北市板橋區板新路101號4樓,蕭仲強,5000000,107/02/13,115/09/01,特殊補正,E601020 電器安裝業；E605010 電腦設備安裝業；E801010 室內裝潢業；E801020 門窗安裝工程業；E801030 室內輕鋼架工程業；E801040 玻璃安裝工程業；E801070 廚具、衛浴設備安裝工程業；E901010 油漆工程業；F111090 建材批發業；F113020 電器批發業,新北市,變更,11509
69320801,漆異事業有限公司,新北市土城區德峯街14號2樓,,100000,107/02/26,115/09/16,解散,E801010 室內裝潢業；E801020 門窗安裝工程業；E801030 室內輕鋼架工程業；E801040 玻璃安裝工程業；E801070 廚具、衛浴設備安裝工程業；E901010 油漆工程業；E903010 防蝕、防銹工程業；F105050 家具、寢具、廚房器具、裝設品批發業；F106010 五金批發業；F107010 漆料、塗料批發業,新北市,變更,11509
69326571,可達通訊股份有限公司,新北市新店區中正路527號5樓,林玉江,18749790,107/03/05,115/09/08,改選董事/監察人(一人法人股東指派董事/監察人),E599010 配管工程業；E601010 電器承裝業；E601020 電器安裝業；E603010 電纜安裝工程業；E603040 消防安全設備安裝工程業；E603050 自動控制設備工程業；E603080 交通號誌安裝工程業；E603090 照明設備安裝工程業；E604010 機械安裝業；E605010 電腦設備安裝業,新北市,變更,11509
69327038,允祥建設開發有限公司,新北市新店區央北二路51號2樓,劉新章,10000000,107/03/06,115/09/08,特殊補正,H701010 住宅及大樓開發租售業；H701020 工業廠房開發租售業；H701060 新市鎮、新社區開發業；H703090 不動產買賣業；H703100 不動產租賃業；I401010 一般廣告服務業；I503010 景觀、室內設計業；E801010 室內裝潢業；F105050 家具、寢具、廚房器具、裝設品批發業；F111090 建材批發業,新北市,變更,11509
69353751,英毅國際投資股份有限公司,新北市三重區光復路1段121號,黃立聰,451494680,107/03/08,115/09/09,特殊補正,H201010 一般投資業；ZZ99999 除許可業務外，得經營法令非禁止或限制之業務,新北市,變更,11509
69356933,璽鎬有限公司,新北市蘆洲區民族路336巷25弄15號(1樓),葉政皜,1500000,107/03/09,115/09/24,股東出資轉讓修正章程,E599010 配管工程業；E601020 電器安裝業；E801010 室內裝潢業；E801020 門窗安裝工程業；E801030 室內輕鋼架工程業；E801040 玻璃安裝工程業；EZ99990 其他工程業；F105050 家具、寢具、廚房器具、裝設品批發業；F111090 建材批發業；F205040 家具、寢具、廚房器具、裝設品零售業,新北市,變更,11509
69389126,曜福運動用品有限公司,新北市中和區中山路2段359巷5號3樓,林欣靜,2000000,107/03/22,115/09/03,公司所營事業變更修正章程,CA02990 其他金屬製品製造業；CH01010 體育用品製造業；F104110 布疋、衣著、鞋、帽、傘、服飾品批發業；F109070 文教、樂器、育樂用品批發業；F399040 無店面零售業；ZZ99999 除許可業務外，得經營法令非禁止或限制之業務,新北市,變更,11509
69402943,春美影像製作有限公司,新北市板橋區廣權路123號3樓,吳家佳,1000000,107/03/27,115/09/08,特殊補正,J503020 電視節目製作業；J503030 廣播電視節目發行業；F601010 智慧財產權業；I401010 一般廣告服務業；I501010 產品設計業；I599990 其他設計業；IZ04010 翻譯業；IZ10010 排版業；J401010 電影片製作業；J402010 電影片發行業,新北市,變更,11509
69421370,元華貿易企業有限公司,新北市汐止區建成路56巷69弄15號5樓之6,李悅寧,5000000,107/04/09,115/09/16,改推董事/董事長,F101040 家畜家禽批發業；F101050 水產品批發業；F101070 漁具批發業；F101100 花卉批發業；F101120 觀賞魚批發業；F101130 蔬果批發業；F102020 食用油脂批發業；F102030 菸酒批發業；F102040 飲料批發業；F102050 茶葉批發業,新北市,變更,11509
69431686,鴻閏科技股份有限公司,新北市三重區重新路5段609巷12號3樓之17,余明珊,2301660,107/04/13,115/09/04,特殊補正,F109070 文教、樂器、育樂用品批發業；F113020 電器批發業；F113050 電腦及事務性機器設備批發業；F113070 電信器材批發業；F116010 照相器材批發業；F118010 資訊軟體批發業；F119010 電子材料批發業；F209060 文教、樂器、育樂用品零售業；F213010 電器零售業；F213030 電腦及事務性機器設備零售業,新北市,變更,11509
69441143,金優列印科技股份有限公司,新北市蘆洲區信義路113巷1弄5號(1樓),謝明道,3000000,107/04/23,115/09/23,特殊補正,C701010 印刷業；E605010 電腦設備安裝業；F106010 五金批發業；F106030 模具批發業；F113020 電器批發業；F113030 精密儀器批發業；F113990 其他機械器具批發業；F116010 照相器材批發業；F118010 資訊軟體批發業；F199990 其他批發業,新北市,變更,11509
69445703,豐萃國際貿易有限公司,新北市板橋區長江路1段168號(1樓),陳俊達,2000000,107/04/27,115/09/14,股東出資轉讓修正章程,F102170 食品什貨批發業；F104110 布疋、衣著、鞋、帽、傘、服飾品批發業；F105050 家具、寢具、廚房器具、裝設品批發業；F106010 五金批發業；F106020 日常用品批發業；F107030 清潔用品批發業；F108040 化粧品批發業；F109070 文教、樂器、育樂用品批發業；F111090 建材批發業；F113010 機械批發業,新北市,變更,11509
69459403,夠好騎科技股份有限公司,新北市三峽區紫新路51號,王碧翠,50000000,105/08/26,115/09/03,公司所在地,F107010 漆料、塗料批發業；F107190 塑膠膜、袋批發業；F119010 電子材料批發業；F401010 國際貿易業；CA04010 表面處理業；F204110 布疋、衣著、鞋、帽、傘、服飾品零售業；F209060 文教、樂器、育樂用品零售業；F109070 文教、樂器、育樂用品批發業；F215010 首飾及貴金屬零售業；F115010 首飾及貴金屬批發業,新北市,變更,11509
69684788,禾毓科技有限公司,新北市淡水區中正東路1段135號9樓,鄭丹鳳,16000000,106/07/19,115/09/07,申登機關變更（遷入，含卷）,H202010 創業投資業；ZZ99999 除許可業務外，得經營法令非禁止或限制之業務；F109070 文教、樂器、育樂用品批發業；F113070 電信器材批發業；F119010 電子材料批發業；F401010 國際貿易業；I102010 投資顧問業；I199990 其他顧問服務業；I301030 電子資訊供應服務業；I501010 產品設計業,新北市,變更,11509
69697762,禹樂空間整合股份有限公司,新北市五股區五權五路27號4樓,呂明志,7500000,106/08/17,115/09/15,增資(資本總額),A102080 園藝服務業；E102011 土木包工業；E599010 配管工程業；E603090 照明設備安裝工程業；E801010 室內裝潢業；E801070 廚具、衛浴設備安裝工程業；EZ11010 球場跑道樹脂材料鋪設工程業；EZ99990 其他工程業；F111090 建材批發業；F199990 其他批發業,新北市,變更,11509
69719061,璐雅米全美研有限公司,新北市鶯歌區國慶街109號(1樓),湯沛諠,200000,106/10/02,115/09/30,特殊補正,E801010 室內裝潢業；F105050 家具、寢具、廚房器具、裝設品批發業；F111090 建材批發業；F205040 家具、寢具、廚房器具、裝設品零售業；F211010 建材零售業；F102170 食品什貨批發業；F108040 化粧品批發業；F113020 電器批發業；F115010 首飾及貴金屬批發業；F115020 礦石批發業,新北市,變更,11509
69769300,笙泰營造股份有限公司,新北市新莊區中華路3段216號9樓,吳文琳,300000000,72/01/31,115/09/01,改選董事/監察人(一人法人股東指派董事/監察人),E101011 綜合營造業,新北市,變更,11509
70380046,樺漢科技股份有限公司,新北市中和區建康路10號3至6樓,朱復銓,1513150370,88/07/12,115/09/08,可轉換公司債換發新股,F118010 資訊軟體批發業；F218010 資訊軟體零售業；F401010 國際貿易業；F401021 電信管制射頻器材輸入業；CC01080 電子零組件製造業；CC01110 電腦及其週邊設備製造業；CC01120 資料儲存媒體製造及複製業；I301010 資訊軟體服務業；I301020 資料處理服務業；I301030 電子資訊供應服務業,新北市,變更,11509
70440001,萬盛投資股份有限公司,新北市新莊區中華路2段15號9樓,"WONG,DAVID YU HANG",52480000,88/09/29,115/09/15,改選董事/監察人(一人法人股東指派董事/監察人),H201010 一般投資業,新北市,變更,11509
70446624,遠足文化事業股份有限公司,新北市新店區民權路108之2號9樓,商兆文,88000000,88/10/22,115/09/07,董事(常務董事.董事長)/監察人解任,F209010 書籍、文具零售業。；F209020 運動器材零售業。；F209030 玩具、娛樂用品零售業。；F209050 包裝材料零售業。；F401010 國際貿易業。；I401010 一般廣告服務業。；J303010 雜誌業。；J304010 圖書出版業。；J305010 有聲出版業。；C701010 印刷業,新北市,變更,11509
70456404,台灣新進國際股份有限公司,新北市中和區中正路866之2號7樓、866之3號7樓,北田克仁,15000000,88/11/25,115/09/21,特殊補正,F113050 事務性機器設備批發業。；F213030 事務性機器設備零售業。；F119010 電子材料批發業。；F219010 電子材料零售業。；F401010 國際貿易業。；F118010 資訊軟體批發業。；F218010 資訊軟體零售業。；I301010 資訊軟體服務業。；JZ99050 仲介服務業。；CC01050 資料儲存及處理設備製造業。,新北市,變更,11509
70464143,銳鐠科技股份有限公司,新北市永和區中正路647號10樓之1,陳言成,21500000,88/12/21,115/09/08,特殊補正,ZZ99999 除許可業務外，得經營法令非禁止或限制之業務；F101130 蔬果批發業；F107030 清潔用品批發業；F108031 醫療器材批發業；F108040 化粧品批發業；F113990 其他機械器具批發業；F201010 農產品零售業；F207030 清潔用品零售業；F208031 醫療器材零售業；F208040 化粧品零售業,新北市,變更,11509
70511808,靖和彩色印刷有限公司,新北市中和區新民街122號,方元和,5000000,89/05/20,115/09/04,股東出資轉讓修正章程,C701010 印刷業。；C702010 製版業。；C703010 裝訂業。；C601040 加工紙業。；F209060 文教、樂器、育樂用品零售業,新北市,變更,11509
70519267,微韌科技股份有限公司,新北市汐止區茄苳路269號4樓,黃國書,5000000,89/05/30,115/09/23,改選董事/監察人(一人法人股東指派董事/監察人),F213030 電腦及事務性機器設備零售業；F213040 精密儀器零售業；F219010 電子材料零售業；F213080 機械器具零售業；F206010 五金零售業；F213010 電器零售業；F218010 資訊軟體零售業；F401010 國際貿易業；E603050 自動控制設備工程業；I301010 資訊軟體服務業,新北市,變更,11509
70523728,永謙誠廣告股份有限公司,新北市五股區成泰路1段189巷16號10樓,陳毅桓,20000000,89/06/05,115/09/17,改選董事/監察人(一人法人股東指派董事/監察人),H201010 一般投資業；I401010 一般廣告服務業；I401020 廣告傳單分送業；F105050 家具、寢具、廚房器具、裝設品批發業；F205040 家具、寢具、廚房器具、裝設品零售業；F211010 建材零售業；E801010 室內裝潢業；I503010 景觀、室內設計業；H703090 不動產買賣業；H703100 不動產租賃業,新北市,變更,11509
70525606,凃三泰有限公司,新北市新莊區瓊林南路75之16號,,1000000,89/06/08,115/09/08,特殊補正,CA01050 鋼材二次加工業。；CA01060 鋼線鋼纜製造業。；CA02030 螺絲、螺帽、螺釘釘、及鉚釘等製品製造業。；CA03010 熱處理業。；CQ01010 模具製造業。；CB01010 機械設備製造業。；F113010 機械批發業。；F106010 五金批發業。；F106030 模具批發業。；F119010 電子材料批發業。,新北市,變更,11509
70531706,成功速配物流股份有限公司,新北市五股區水碓三路43號1樓,許金蓮,91500000,89/06/16,115/09/10,特殊補正,G101061 汽車貨運業；IZ06010 理貨包裝業；G801010 倉儲業；EZ02010 起重工程業；I301020 資料處理服務業；F401010 國際貿易業；JE01010 租賃業；H701020 工業廠房開發租售業；H703100 不動產租賃業；G799990 其他運輸輔助業,新北市,變更,11509
70534513,聚威精密工業股份有限公司,新北市土城區中央路2段390巷23號,廖本元,5000000,89/06/20,115/09/17,改選董事/監察人(一人法人股東指派董事/監察人),CQ01010 模具製造業。；F106030 模具批發業。；F206030 模具零售業。；F106010 五金批發業。；F206010 五金零售業。；F401010 國際貿易業。,新北市,變更,11509
70536929,宜榮通訊有限公司,新北市中和區光華街54號(1樓),陳榮慶,500000,89/03/13,115/09/23,申登機關變更（遷入，含卷）,E701010 通信工程業；F213010 電器零售業；F213060 電信器材零售業；F401010 國際貿易業,新北市,變更,11509
70547566,八達創新科技股份有限公司,新北市中和區員山路512號6樓,姚立和,680000000,89/04/13,115/09/14,一般補正案,F109070 文教、樂器、育樂用品批發業；F113010 機械批發業；F113020 電器批發業；F113050 電腦及事務性機器設備批發業；F113070 電信器材批發業；F113110 電池批發業；F118010 資訊軟體批發業；F119010 電子材料批發業；F401010 國際貿易業；F601010 智慧財產權業,新北市,變更,11509
70554947,錡錄科技有限公司,新北市三重區三和路3段101巷154號,林義全,5000000,89/05/03,115/09/07,改推董事/董事長,EZ99990 其他工程業；J701090 錄影節目帶播映業；I301010 資訊軟體服務業；I401010 一般廣告服務業；F401010 國際貿易業；CH01030 文具製造業；C106010 製粉業；C108010 糖類製造業；C110010 飲料製造業；C111010 製茶業,新北市,變更,11509
70559160,台灣希森美康股份有限公司,新北市板橋區深丘里中山路一段156號18樓,李家丞,1050000000,89/05/12,115/09/14,修正章程,F108031 醫療器材批發業；I301010 資訊軟體服務業；E605010 電腦設備安裝業；F118010 資訊軟體批發業；F218010 資訊軟體零售業；F401010 國際貿易業；F113030 精密儀器批發業；F213040 精密儀器零售業；F401021 電信管制射頻器材輸入業；F208031 醫療器材零售業,新北市,變更,11509
70579089,活力多科技有限公司,新北市淡水區水源街1段47巷56之1號,陳淑鳳,10000000,89/07/05,115/09/08,股東出資轉讓修正章程,A101020 農作物栽培業。；A101030 特用作物栽培業。；A101040 菌種業。；A101050 花卉栽培業。；A102010 農作物代耕業。；A102020 農產品加工業。；A102040 休閒農業。；A102050 農業服務業。；A301030 水產養殖業。；A301040 娛樂漁業。,新北市,變更,11509
70610954,集新工程有限公司,新北市中和區景平里景新街二七九號,,5000000,89/07/28,115/09/02,特殊補正,,新北市,變更,11509
70614831,嘉聚企業股份有限公司,新北市蘆洲區民族路397號4樓,陳宏銘,5000000,89/08/03,115/09/10,改選董事/監察人(一人法人股東指派董事/監察人),F106040 水器材料批發業；C805050 工業用塑膠製品製造業；F113020 電器批發業；F119010 電子材料批發業；F401010 國際貿易業；F106010 五金批發業；ZZ99999 除許可業務外，得經營法令非禁止或限制之業務,新北市,變更,11509
70627293,昱樺電子股份有限公司,新北市汐止區中興路86號5樓,李彩萍,23000000,88/09/16,115/09/23,公司名稱變更修正章程,CC01020 電線及電纜製造業。；CC01050 資料儲存及處理設備製造業。；CC01080 電子零組件製造業。；F113050 事務性機器設備批發業。；F119010 電子材料批發業。；F401010 國際貿易業。；ZZ99999 除許可業務外，得經營法令非禁止或限制之業務,新北市,變更,11509
70643081,欣普羅光電股份有限公司,新北市新莊區思源路23號6樓,陳義文,334747150,88/10/15,115/09/03,特殊補正,CC01080 電子零組件製造業；F218010 資訊軟體零售業；F118010 資訊軟體批發業；I301010 資訊軟體服務業；IZ99990 其他工商服務業；F119010 電子材料批發業；F219010 電子材料零售業；ZZ99999 除許可業務外，得經營法令非禁止或限制之業務,新北市,變更,11509
70714944,德昱興股份有限公司,新北市土城區中央路4段2號4樓之6,彭達彥,12155000,89/03/02,115/09/30,改選董事/監察人(一人法人股東指派董事/監察人),F107170 工業助劑批發業；F107190 塑膠膜、袋批發業；F107200 化學原料批發業；F401010 國際貿易業；ZZ99999 除許可業務外，得經營法令非禁止或限制之業務；F219010 電子材料零售業；F211010 建材零售業；F206010 五金零售業；F213990 其他機械器具零售業；F214030 汽、機車零件配備零售業,新北市,變更,11509
70715134,嘉崴營造工程有限公司,新北市汐止區大同路2段265號12樓之4,高明清,105000000,89/03/02,115/09/23,增資,E801010 室內裝潢業；E801020 門窗安裝工程業；E801030 室內輕鋼架工程業；E801040 玻璃安裝工程業；E801070 廚具、衛浴設備安裝工程業；E901010 油漆工程業；F211010 建材零售業；F401010 國際貿易業；I503010 景觀、室內設計業；E101011 綜合營造業,新北市,變更,11509
70723330,慧眾生物科技有限公司,新北市中和區橋和路88號4樓,胡文雄,29500000,89/03/15,115/09/08,增資,F107200 化學原料批發業；F113030 精密儀器批發業；F207200 化學原料零售業；F213040 精密儀器零售業；F119010 電子材料批發業；F113050 電腦及事務性機器設備批發業；F401010 國際貿易業；F102180 酒精批發業；F203030 酒精零售業；ZZ99999 除許可業務外，得經營法令非禁止或限制之業務,新北市,變更,11509
70728840,元大保全股份有限公司,新北市三重區成功路147號2樓,林正銘,40000000,89/03/24,115/09/07,改選董事/監察人(一人法人股東指派董事/監察人),I901011 保全業。,新北市,變更,11509
70733421,利年有限公司,新北市土城區亞洲路58巷5弄16號,劉家芯,2000000,89/03/31,115/09/30,公司所營事業變更修正章程,CA01050 鋼材二次加工業；CA01100 鋁材軋延、伸線、擠型業；CA01130 銅材軋延、伸線、擠型業；CA02990 其他金屬製品製造業；CQ01010 模具製造業；E603040 消防安全設備安裝工程業；IF01010 消防安全設備檢修業；IB01010 建築物公共安全檢查業；E599010 配管工程業；F106010 五金批發業,新北市,變更,11509
70737679,永固開發工業股份有限公司,新北市中和區中山路2段327巷9號4樓,黃崎生,300000000,89/04/08,115/09/02,特殊補正,CB01010 機械設備製造業；CB01020 事務機器製造業；CC01010 發電、輸電、配電機械製造業；CC01030 電器及視聽電子產品製造業；CC01060 有線通信機械器材製造業；CC01070 無線通信機械器材製造業；CC01080 電子零組件製造業；CC01090 電池製造業；CC01110 電腦及其週邊設備製造業；CC01120 資料儲存媒體製造及複製業,新北市,變更,11509
70748347,智嘉投資股份有限公司,新北市新店區北新路3段207號地下二層,葉培城,3175720680,88/08/30,115/09/01,發行新股,H201010 一般投資業,新北市,變更,11509
70803973,國新投資股份有限公司,新北市新店區寶橋路233-1號3樓,陳泰銘,2056971920,90/03/16,115/09/24,改選董事/監察人(一人法人股東指派董事/監察人),H201010 一般投資業,新北市,變更,11509
70844566,台灣實拓股份有限公司,新北市汐止區新台五路1段81號9樓之3,潘玉蘋,20000000,89/09/14,115/09/11,改選董事/監察人(一人法人股東指派董事/監察人),F401010 國際貿易業。；F111990 其他建材批發業。（陽音板、模板）；F107010 漆料、塗料批發業。；F207010 漆料、塗料零售業。；F111010 木材批發業。；F106010 五金批發業。；F206010 五金零售業。；F111060 衛浴設備批發業。；F113020 電器批發業。；F213080 機械器具零售業。,新北市,變更,11509
70846467,乘熙科技股份有限公司,新北市五股區中興路4段48巷17號9樓,,5000000,89/09/20,115/09/07,解散,F401010 國際貿易業；I301010 資訊軟體服務業；I301020 資料處理服務業；E605010 電腦設備安裝業；F218010 資訊軟體零售業；F118010 資訊軟體批發業；F119010 電子材料批發業；J305010 有聲出版業；I301030 電子資訊供應服務業；ZZ99999 除許可業務外，得經營法令非禁止或限制之業務,新北市,變更,11509
70846733,數位分類線上股份有限公司,新北市汐止區大同路1段369號5樓,廖武田,10000000,89/09/21,115/09/10,補選董事(常務董事.董事長)/監察人,I103010 企業經營管理顧問業。；I301010 資訊軟體服務業；I301020 資料處理服務業；I301030 電子資訊供應服務業；I401010 一般廣告服務業；I401020 廣告傳單分送業；IZ12010 人力派遣業；J201030 技能技藝訓練業；J303010 雜誌業；J304010 圖書出版業,新北市,變更,11509
75469316,儒石營造工程股份有限公司,新北市板橋區文化路2段289號32樓,蔡明儒,50000000,57/11/28,115/09/17,特殊補正,B601010 土石採取業；CA01020 鋼鐵軋延及擠型業；CA01050 鋼材二次加工業；CA02010 金屬結構及建築組件製造業；E101011 綜合營造業；E401010 疏濬業；E402010 沙石、淤泥海拋業；E603040 消防安全設備安裝工程業；E603050 自動控制設備工程業；E603090 照明設備安裝工程業,新北市,變更,11509
79972268,楷燁股份有限公司,新北市樹林區東豐街87巷8號,謝鳳儀,100000000,91/05/31,115/09/22,改選董事/監察人(一人法人股東指派董事/監察人),F119010 電子材料批發業；CC01080 電子零組件製造業；F401010 國際貿易業；CC01060 有線通信機械器材製造業；F401021 電信管制射頻器材輸入業；E701010 電信工程業；E603050 自動控制設備工程業；CC01010 發電、輸電、配電機械製造業；CC01020 電線及電纜製造業；CC01990 其他電機及電子機械器材製造業,新北市,變更,11509
80046176,勝森工程有限公司,新北市板橋區翠華街12巷21號,江水馨,5000000,91/09/25,115/09/21,股東出資轉讓修正章程,F401010 國際貿易業；ZZ99999 除許可業務外，得經營法令非禁止或限制之業務；E801010 室內裝潢業；E901010 油漆工程業；I503010 景觀、室內設計業；E801070 廚具、衛浴設備安裝工程業；E601020 電器安裝業；E601010 電器承裝業；E603090 照明設備安裝工程業；E801020 門窗安裝工程業,新北市,變更,11509
80048266,展烽紙塑工業股份有限公司,新北市新莊區新樹路244巷6弄3號(2樓),林志展,100000000,91/09/27,115/09/03,改選董事/監察人(一人法人股東指派董事/監察人),CB01010 機械設備製造業；F113010 機械批發業；F401010 國際貿易業；F106020 日常用品批發業；F109070 文教、樂器、育樂用品批發業；C601030 紙容器製造業；C601040 加工紙製造業；C601990 其他紙製品製造業；H703100 不動產租賃業；JE01010 租賃業,新北市,變更,11509
80056856,永仕國際有限公司,新北市土城區忠承路111號(1樓),蔡宗民,5000000,91/10/11,115/09/03,公司所營事業變更修正章程,F101130 蔬果批發業；F102050 茶葉批發業；F102170 食品什貨批發業；F104110 布疋、衣著、鞋、帽、傘、服飾品批發業；F105050 家具、寢具、廚房器具、裝設品批發業；F106010 五金批發業；F106020 日常用品批發業；F106050 陶瓷玻璃器皿批發業；F108040 化粧品批發業；F113020 電器批發業,新北市,變更,11509
80072743,技成科技股份有限公司,新北市汐止區新台五路1段79號15樓之12,張成樑,385294830,91/11/01,115/09/10,董事/監察人持股變動報備,F401010 國際貿易業；F113020 電器批發業；F113050 電腦及事務性機器設備批發業；F113070 電信器材批發業；F118010 資訊軟體批發業；F119010 電子材料批發業；E701010 通信工程業；CC01030 電器及視聽電子產品製造業；CC01050 電器製造業。；CC01060 有線通信機械器材製造業,新北市,變更,11509
80081948,亞迅科技股份有限公司,新北市三重區重新路5段609巷16號8樓之3,蔡啓漳,10000000,91/11/18,115/09/02,改選董事/監察人(一人法人股東指派董事/監察人),F113030 精密儀器批發業；F113070 電信器材批發業；F113020 電器批發業；F113050 電腦及事務性機器設備批發業；CB01020 事務機器製造業；CC01030 電器及視聽電子產品製造業；CC01060 有線通信機械器材製造業；CC01080 電子零組件製造業；CE01010 一般儀器製造業；F401010 國際貿易業,新北市,變更,11509
80083137,瀧甲塑膠有限公司,新北市三峽區添福14之39號,蔣昇諺,5000000,91/11/19,115/09/29,公司所在地,C805020 塑膠膜、袋製造業；C805990 其他塑膠製品製造業；CH01040 玩具製造業；F107200 化學原料批發業；F401010 國際貿易業；ZZ99999 除許可業務外，得經營法令非禁止或限制之業務,新北市,變更,11509
80090812,玉山國際融媒有限公司,新北市永和區竹林路119巷32號,張先鵬,1200000,91/11/29,115/09/15,公司名稱變更修正章程,F109070 文教、樂器、育樂用品批發業；F118010 資訊軟體批發業；F209060 文教、樂器、育樂用品零售業；F218010 資訊軟體零售業；F401010 國際貿易業；I301010 資訊軟體服務業；I301020 資料處理服務業；I301030 電子資訊供應服務業；I103060 管理顧問業；I401010 一般廣告服務業,新北市,變更,11509
80101563,利笙國際有限公司,新北市板橋區和平路安樂巷30號(1樓),李奕豪,5000000,91/12/16,115/09/09,公司所在地,ZZ99999 除許可業務外，得經營法令非禁止或限制之業務；E599010 配管工程業；E603100 電焊工程業；E801010 室內裝潢業；E801020 門窗安裝工程業；E801030 室內輕鋼架工程業；E801040 玻璃安裝工程業；E801070 廚具、衛浴設備安裝工程業；E901010 油漆工程業；E903010 防蝕、防銹工程業,新北市,變更,11509
80119043,龍豪美術事業有限公司,新北市蘆洲區中山二路16號,蔡敏莉,1000000,92/01/13,115/09/03,公司所在地,C701010 印刷業；C703010 裝訂業；F109010 圖書批發業；F109020 文具批發業；F209010 書籍、文具零售業；I401010 一般廣告服務業；JZ99030 攝影業；E601020 電器安裝業；E603050 自動控制設備工程業；E604010 機械安裝業,新北市,變更,11509
80139272,承泰商業有限公司,新北市板橋區中山路2段443巷79號13樓,巫信霆,39000000,92/02/19,115/09/23,增資,F107030 清潔用品批發業；C802090 清潔用品製造業；F105050 家具、寢具、廚房器具、裝設品批發業；JA02010 電器及電子產品修理業；F113020 電器批發業；F108040 化粧品批發業；F401010 國際貿易業；ZZ99999 除許可業務外，得經營法令非禁止或限制之業務；G801010 倉儲業,新北市,變更,11509
80141782,大眾國際書局股份有限公司,新北市板橋區華江一路212號7樓,姚雅愉,2500000,92/02/21,115/09/09,特殊補正,F109010 圖書批發業。；F109020 文具批發業。；F209010 書籍、文具零售業。；F401010 國際貿易業。；J304010 圖書出版業。；J305010 有聲出版業。；I401010 一般廣告服務業。；ZZ99999 除許可業務外，得經營法令非禁止或限制之業務,新北市,變更,11509
80156898,嘉誠國際醫事服務顧問有限公司,新北市汐止區福德三路363號6樓,王宣文,10000000,92/01/23,115/09/04,改推董事/董事長,F102160 輔助食品批發業。；F108031 醫療器材批發業；F109010 圖書批發業；F113030 精密儀器批發業；F401010 國際貿易業；I103030 醫院管理顧問業；IC01010 藥品檢驗業；J304010 圖書出版業,新北市,變更,11509
80165186,網路通科技有限公司,新北市淡水區中山北路1段265號3樓,江亘松,5000000,92/03/03,115/09/29,公司所營事業變更修正章程,F118010 資訊軟體批發業；F218010 資訊軟體零售業；I301010 資訊軟體服務業；I301020 資料處理服務業；I103060 管理顧問業；I301030 電子資訊供應服務業；F401010 國際貿易業；I102010 一般投資顧問業；I401010 一般廣告服務業；H701010 住宅及大樓開發租售業,新北市,變更,11509
80216565,大好創意管理有限公司,新北市中和區建八路2號7樓,卓承周,500000,91/07/24,115/09/03,特殊補正,J303010 雜誌（期刊）出版業；J304010 圖書出版業；J305010 有聲出版業；J601010 藝文服務業；J602010 演藝活動業；JB01010 會議及展覽服務業；JZ99030 攝影業；I103060 管理顧問業；I105010 藝術品諮詢顧問業；I501010 產品設計業,新北市,變更,11509
80235514,泉延鑿井工程有限公司,新北市三重區三和路4段203巷15號1樓,林倉州,10000000,91/08/20,115/09/07,公司所營事業變更修正章程,EZ01011 地下水鑿井業；E599010 配管工程業；E604010 機械安裝業；CB01010 機械設備製造業；F113010 機械批發業；E603090 照明設備安裝工程業；CC01010 發電、輸電、配電機械製造業；ZZ99999 除許可業務外，得經營法令非禁止或限制之業務,新北市,變更,11509
80254223,顯榮國際股份有限公司,新北市三重區重新路5段609巷16號2樓之4,許天賜,27000000,91/09/18,115/09/15,特殊補正,F113050 電腦及事務性機器設備批發業；F118010 資訊軟體批發業；E605010 電腦設備安裝業；G202010 停車場經營業；I103060 管理顧問業；I199990 其他顧問服務業；I301020 資料處理服務業；I301030 電子資訊供應服務業；I301010 資訊軟體服務業；I401020 廣告傳單分送業,新北市,變更,11509
80256566,達智科技股份有限公司,新北市土城區中央路4段49號,劉素芳,1290475120,91/09/23,115/09/10,補繳規費,CC01060 有線通信機械器材製造業；CC01070 無線通信機械器材製造業；F401010 國際貿易業；F401030 製造輸出業；CC01080 電子零組件製造業；I301010 資訊軟體服務業；I103010 企業經營管理顧問業；CC01101 電信管制射頻器材製造業；F401021 電信管制射頻器材輸入業；ZZ99999 除許可業務外，得經營法令非禁止或限制之業務,新北市,變更,11509
80267727,旭翔照明有限公司,新北市淡水區中山北路2段189巷15弄31號8樓,羅羿森,500000,91/08/20,115/09/14,股東出資轉讓修正章程,F113020 電器批發業；F119010 電子材料批發業；F213010 電器零售業；F401010 國際貿易業；ZZ99999 除許可業務外，得經營法令非禁止或限制之業務,新北市,變更,11509
80281848,亞太生活開發股份有限公司,新北市中和區景平路240巷2弄7號(1樓),林育葉,2090000,91/10/02,115/09/14,特殊補正,H703090 不動產買賣業；H703100 不動產租賃業；JZ99050 仲介服務業；ZZ99999 除許可業務外，得經營法令非禁止或限制之業務；G202010 停車場經營業；I301010 資訊軟體服務業；I301030 電子資訊供應服務業；J601010 藝文服務業；H701010 住宅及大樓開發租售業；H701020 工業廠房開發租售業,新北市,變更,11509
80295982,睿森企業有限公司,新北市中和區中正路736號15樓之5,黃啓森,14000000,91/11/14,115/09/04,公司所在地,F119010 電子材料批發業；F118010 資訊軟體批發業；F113050 電腦及事務性機器設備批發業；F401010 國際貿易業；E605010 電腦設備安裝業；F213030 電腦及事務性機器設備零售業；F219010 電子材料零售業；CB01020 事務機器製造業；CC01050 資料儲存及處理設備製造業。；CC01080 電子零組件製造業,新北市,變更,11509
80298377,欣台商務股份有限公司,新北市中和區建八路205號9樓,朱瑞傑,5000000,91/11/21,115/09/02,改選董事/監察人(一人法人股東指派董事/監察人),F401010 國際貿易業；I301020 資料處理服務業；I401010 一般廣告服務業；C601030 紙容器製造業；C802090 清潔用品製造業；CB01020 事務機器製造業；CC01020 電線及電纜製造業；CC01060 有線通信機械器材製造業；CC01080 電子零組件製造業；CN01010 家具及裝設品製造業,新北市,變更,11509
80302230,冠駿投資有限公司,新北市汐止區新台五路1段108號5樓,彭萬裕,6440000,91/12/03,115/09/21,修正章程,H201010 一般投資業,新北市,變更,11509
80308207,宏芯科技股份有限公司,新北市中和區建一路186號6樓之4,王宇光,120536350,91/12/19,115/09/14,發行新股,CC01080 電子零組件製造業。；CC01050 資料儲存及處理設備製造業。；CC01070 無線通信機械器材製造業。；I301010 資訊軟體服務業。；F218010 資訊軟體零售業。；F219010 電子材料零售業。；F213060 電信器材零售業。；F119010 電子材料批發業。；F113070 電信器材批發業。；I501010 產品設計業。,新北市,變更,11509
80318388,士瑞克公寓大廈管理維護股份有限公司,新北市林口區文化二路1段266號16樓之1,黃偉才,10000000,92/04/22,115/09/21,改選董事/監察人(一人法人股東指派董事/監察人),I801011 公寓大廈管理服務業；E601020 電器安裝業；E603050 自動控制設備工程業；E605010 電腦設備安裝業；EZ05010 儀器、儀表安裝工程業；F113070 電信器材批發業；F118010 資訊軟體批發業；F213060 電信器材零售業；F401010 國際貿易業；I301010 資訊軟體服務業,新北市,變更,11509
80322854,晟捷工業有限公司,新北市樹林區三龍街94巷3號,張榮敏,6300000,92/04/28,115/09/18,增資,C801050 塑膠原料製造業；CQ01010 模具製造業；F106030 模具批發業；F206030 模具零售業；C805050 工業用塑膠製品製造業；ZZ99999 除許可業務外，得經營法令非禁止或限制之業務,新北市,變更,11509
80394435,碩得實業有限公司,新北市板橋區大觀路2段174巷176弄14號4樓,曹智仁,5000000,92/05/13,115/09/16,股東出資轉讓修正章程,ZZ99999 除許可業務外，得經營法令非禁止或限制之業務,新北市,變更,11509
80399776,邁迪飛貿易有限公司,新北市淡水區中正東路2段27之9號27樓,林伯修,8000000,92/05/20,115/09/22,公司所在地,F103010 飼料批發業；F107070 動物用藥品批發業；F107030 清潔用品批發業；F202010 飼料零售業；F207030 清潔用品零售業；F401010 國際貿易業；C201010 飼料製造業；C802060 動物用藥製造業；C802090 清潔用品製造業；C805030 塑膠日用品製造業,新北市,變更,11509
80401392,薪名環保有限公司,新北市樹林區俊英街219巷51號,陳詩彰,5000000,92/05/21,115/09/14,股東出資轉讓修正章程,ZZ99999 除許可業務外，得經營法令非禁止或限制之業務；E502010 燃料導管安裝工程業；E599010 配管工程業；E603010 電纜安裝工程業；E603040 消防安全設備安裝工程業；E603050 自動控制設備工程業；E603080 交通號誌安裝工程業；E603090 照明設備安裝工程業；E801010 室內裝潢業；E801030 室內輕鋼架工程業,新北市,變更,11509
80421307,鑽德科技股份有限公司,新北市汐止區大同路3段222號2樓之1,蘇靜宜,60231420,92/06/18,115/09/09,特殊補正,F213040 精密儀器零售業；F213080 機械器具零售業；F113010 機械批發業；F113030 精密儀器批發業；F401010 國際貿易業；F219010 電子材料零售業；F119010 電子材料批發業；CA05010 粉末冶金業；C901010 陶瓷及陶瓷製品製造業；F108031 醫療器材批發業,新北市,變更,11509
80424629,水灣企業股份有限公司,新北市新莊區新北大道3段5號22樓之3,黃慧書,35000000,92/06/23,115/09/29,增資(資本總額),F501060 餐館業；F501030 飲料店業；I104010 營養諮詢顧問業；I103010 企業經營管理顧問業；I503010 景觀、室內設計業；I601010 租賃業；J701020 遊樂園業；F601010 智慧財產權業；F101020 蔬菜批發業；F101030 水果批發業,新北市,變更,11509
80437700,銘鋼鋼鐵有限公司,新北市泰山區新北大道7段105巷8號、10號,李坤山,18000000,92/07/10,115/09/10,增資,F111070 金屬建材批發業；CA01050 鋼材二次加工業；ZZ99999 除許可業務外，得經營法令非禁止或限制之業務,新北市,變更,11509
80445005,聯城照明設計有限公司,新北市土城區青雲路162號10樓,黃志慶,1000000,92/07/22,115/09/17,公司所營事業變更修正章程,E599010 配管工程業；E601020 電器安裝業；E603090 照明設備安裝工程業；F119010 電子材料批發業；F205040 家具、寢具、廚房器具、裝設品零售業；F401010 國際貿易業；ZZ99999 除許可業務外，得經營法令非禁止或限制之業務,新北市,變更,11509
80506038,建國管理顧問有限公司,新北市永和區保生路2號15樓之1,魏建國,4500000,92/08/07,115/09/24,特殊補正,F501060 餐館業；F501990 其他餐飲業；F201010 農產品零售業；F201020 畜產品零售業；F201030 水產品零售業；F203010 食品什貨、飲料零售業；F203020 菸酒零售業；F205040 家具、寢具、廚房器具、裝設品零售業；F399040 無店面零售業；ZZ99999 除許可業務外，得經營法令非禁止或限制之業務,新北市,變更,11509
80506327,鑫滿實業有限公司,新北市新莊區五工五路1號(1樓),盧建興,12000000,92/08/08,115/09/04,股東出資轉讓修正章程,CA02030 螺絲、螺帽、螺絲釘、及鉚釘等製品製造業；CB01010 機械設備製造業；CB01990 其他機械製造業；CC01080 電子零組件製造業；CC01990 其他電機及電子機械器材製造業；CZ99990 未分類其他工業製品製造業；F106010 五金批發業；F107200 化學原料批發業；F107990 其他化學製品批發業；F206010 五金零售業,新北市,變更,11509
80514608,德聲國際企業股份有限公司,新北市中和區員山路512之3號8樓,洪慧君,15000000,92/09/02,115/09/09,改選董事/監察人(一人法人股東指派董事/監察人),H701010 住宅及大樓開發租售業；H703090 不動產買賣業；H703100 不動產租賃業；E801010 室內裝潢業；F113020 電器批發業；F213010 電器零售業；I503010 景觀、室內設計業；F104110 布疋、衣著、鞋、帽、傘、服飾品批發業；F204110 布疋、衣著、鞋、帽、傘、服飾品零售業；F105050 家具、寢具、廚房器具、裝設品批發業,新北市,變更,11509
80516107,邑盛有限公司,新北市新店區安興路125之2號6樓,高國鈞,1000000,92/09/05,115/09/23,公司所在地,F106010 五金批發業；F206010 五金零售業；F108040 化粧品批發業；F208040 化粧品零售業；F401010 國際貿易業；F119010 電子材料批發業；F219010 電子材料零售業；F118010 資訊軟體批發業；F218010 資訊軟體零售業；F113050 電腦及事務性機器設備批發業,新北市,變更,11509
80544883,柏德工程有限公司,新北市新莊區中正路力行巷1弄2號之1(1樓),林芷婧,5000000,92/11/21,115/09/30,修正章程,CB01990 其他機械製造業；CA02990 其他金屬製品製造業；CC01030 電器及視聽電子產品製造業；F106010 五金批發業；F113990 其他機械器具批發業；F113020 電器批發業；E601020 電器安裝業；E599010 配管工程業；E604010 機械安裝業；JE01010 租賃業,新北市,變更,11509
80567837,易晁國際有限公司,新北市板橋區三民路二段37號23樓之1,葉月,1000000,92/10/17,115/09/08,公司所在地,F401010 國際貿易業；F106020 日常用品批發業；F108040 化粧品批發業；IG01010 生物技術服務業；F301030 一般百貨業；F203010 食品、飲料零售業；F102160 輔助食品批發業；F108060 乙類成藥批發業；F208040 化粧品零售業；F208050 乙類成藥零售業,新北市,變更,11509
80570636,彙典科技有限公司,新北市中和區中山路2段359巷4號5樓,黃齮筎,50000000,92/10/22,115/09/03,公司所營事業變更修正章程,E605010 電腦設備安裝業；E701010 電信工程業；F113050 電腦及事務性機器設備批發業；F113070 電信器材批發業；F118010 資訊軟體批發業；F213030 電腦及事務性機器設備零售業；F213060 電信器材零售業；F218010 資訊軟體零售業；F401010 國際貿易業；I103060 管理顧問業,新北市,變更,11509
80573681,捷連科技有限公司,新北市板橋區文化路2段366號3樓,林開輝,15000000,92/10/27,115/09/17,股東出資轉讓修正章程,E603050 自動控制設備工程業；E605010 電腦設備安裝業；E701030 電信管制射頻器材裝設工程業；EZ05010 儀器、儀表安裝工程業；F113010 機械批發業；F113030 精密儀器批發業；F113050 電腦及事務性機器設備批發業；F113070 電信器材批發業；F118010 資訊軟體批發業；F119010 電子材料批發業,新北市,變更,11509
80574464,鴻承國際有限公司,新北市鶯歌區尖山埔路39號,王昱承,5000000,92/10/27,115/09/02,公司所在地,C901010 陶瓷及陶瓷製品製造業；F106050 陶瓷玻璃器皿批發業；F106020 日常用品批發業；F106030 模具批發業；F401010 國際貿易業除許可業務外，得經營法令非禁止或限制之業務,新北市,變更,11509
80575604,鑫順興業有限公司,新北市蘆洲區中華街5號6樓,洪瑞哲,500000,92/10/28,115/09/21,公司所在地,F106010 五金批發業；F206010 五金零售業；F199990 其他批發業；F299990 其他零售業；J101080 資源回收業；J101030 廢棄物清除業；F199010 回收物料批發業,新北市,變更,11509
80593547,而翔有限公司,新北市新莊區福壽街99巷15弄3號,陳河銘,5000000,92/11/21,115/09/29,公司所在地,C805030 塑膠日用品製造業；ZZ99999 除許可業務外，得經營法令非禁止或限制之業務,新北市,變更,11509
80596592,佳暉彩色印刷有限公司,新北市中和區新民街112號3樓之6,簡美牙,5000000,92/11/25,115/09/04,股東出資轉讓修正章程,ZZ99999 除許可業務外，得經營法令非禁止或限制之業務,新北市,變更,11509
80602715,柏霖科技股份有限公司,新北市中和區建八路2號15樓之9,張寶田,42500000,92/12/03,115/09/01,特殊補正,F213010 電器零售業；F113020 電器批發業；F218010 資訊軟體零售業；F118010 資訊軟體批發業；F401010 國際貿易業；I301010 資訊軟體服務業；I301020 資料處理服務業；I301030 電子資訊供應服務業；I501010 產品設計業；CC01060 有線通信機械器材製造業,新北市,變更,11509
80617885,關強金屬科技有限公司,新北市三重區重新路4段97號23樓之2,葉文章,29000000,92/12/22,115/09/16,改推董事/董事長,F119010 電子材料批發業；F219010 電子材料零售業；F218010 資訊軟體零售業；F115020 礦石批發業；F215020 礦石零售業；F401010 國際貿易業；J101040 廢棄物處理業；F199010 回收物料批發業；F199990 其他批發業；CA01090 鋁鑄造業,新北市,變更,11509
80621895,金樺電通股份有限公司,新北市新莊區中正路706之23號,陳瑩珊,5000000,92/12/26,115/09/23,補選董事(常務董事.董事長)/監察人,F109040 玩具、娛樂用品批發業；F113990 其他機械器具批發業(販賣機)；F401010 國際貿易業；C801010 基本化學工業；C802160 黏性膠帶製造業；CB01020 事務機器製造業；CC01060 有線通信機械器材製造業；CC01070 無線通信機械器材製造業；CC01080 電子零組件製造業；F107170 工業助劑批發業,新北市,變更,11509
80622395,崧豐股份有限公司,新北市樹林區樹潭街2之2號,謝照旭,100000000,92/12/26,115/09/09,改選董事/監察人(一人法人股東指派董事/監察人),C805050 工業用塑膠製品製造業；C805030 塑膠日用品製造業；CQ01010 模具製造業；F106030 模具批發業；F401010 國際貿易業；F199990 其他批發業；ZZ99999 除許可業務外，得經營法令非禁止或限制之業務,新北市,變更,11509
80622418,山本工程股份有限公司,新北市中和區中山路2段407號9樓,張欽富,30000000,92/12/26,115/09/18,改選董事/監察人(一人法人股東指派董事/監察人),CA02010 金屬結構及建築組件製造業；CA04010 表面處理業；CA01050 鋼材二次加工業；CA02990 其他金屬製品製造業；E501011 自來水管承裝商；E601010 電器承裝業；E599010 配管工程業；E603040 消防安全設備安裝工程業；E603080 交通號誌安裝工程業；E701010 電信工程業,新北市,變更,11509
80647500,新順貿工程有限公司,新北市泰山區楓樹街33巷17號,林君哲,5000000,93/02/10,115/09/03,改推董事/董事長,CB01010 機械設備製造業；F113010 機械批發業；F213080 機械器具零售業；F401010 國際貿易業；I501010 產品設計業除許可業務外，得經營法令非禁止或限制之業務,新北市,變更,11509
80657892,品元實業股份有限公司,新北市淡水區中正東路2段27之8號28樓,曾仁佑,172497230,92/12/26,115/09/22,特殊補正,I101090 食品顧問業；I102010 投資顧問業；F401010 國際貿易業；A102060 糧商業；F113010 機械批發業；F113020 電器批發業；F206020 日常用品零售業；F213010 電器零售業；C109010 調味品製造業；C199990 未分類其他食品製造業,新北市,變更,11509
80672768,捷宇管理顧問有限公司,新北市板橋區五權街8號4樓,林珊竹,1500000,93/02/17,115/09/08,改推董事/董事長,I103010 企業經營管理顧問業。；I301010 資訊軟體服務業；I301030 電子資訊供應服務業；J302010 通訊稿業；J303010 雜誌（期刊）出版業；J304010 圖書出版業；F218010 資訊軟體零售業；F601010 智慧財產權業,新北市,變更,11509
80674626,茂荃股份有限公司,新北市新莊區中華路2段7號11樓,李啟民,70000000,93/02/23,115/09/01,特殊補正,F107010 漆料、塗料批發業；F107020 染料、顏料批發業；F113010 機械批發業；F113020 電器批發業；F113030 精密儀器批發業；F113050 電腦及事務性機器設備批發業；F113110 電池批發業；F118010 資訊軟體批發業；F119010 電子材料批發業；F207010 漆料、塗料零售業,新北市,變更,11509
80682695,威聯通科技股份有限公司,新北市汐止區中興路22號2樓,張明智,397501220,93/03/11,115/09/02,發行新股,CC01080 電子零組件製造業；CC01060 有線通信機械器材製造業；CC01101 電信管制射頻器材製造業；CC01110 電腦及其週邊設備製造業；CC01120 資料儲存媒體製造及複製業；E701040 簡易電信設備安裝業；EZ05010 儀器、儀表安裝工程業；F218010 資訊軟體零售業；F219010 電子材料零售業；F118010 資訊軟體批發業,新北市,變更,11509
80710382,捷宏有限公司,新北市新莊區中華路2段7號10樓,謝馨瑩,1500000,93/02/25,115/09/18,特殊補正,I301010 資訊軟體服務業；I301020 資料處理服務業；I301030 電子資訊供應服務業；F399040 無店面零售業；F105050 家具、寢具、廚房器具、裝設品批發業；F106020 日常用品批發業；F106050 陶瓷玻璃器皿批發業；F109070 文教、樂器、育樂用品批發業；F299990 其他零售業；JZ99990 未分類其他服務業,新北市,變更,11509
80724787,世旺貨櫃運輸股份有限公司,新北市汐止區長興街1段6號,林裕舜,30000000,93/03/12,115/09/02,改選董事/監察人(一人法人股東指派董事/監察人),G101081 汽車貨櫃貨運業；ZZ99999 除許可業務外，得經營法令非禁止或限制之業務,新北市,變更,11509
80733126,鑫勤精密股份有限公司,新北市新莊區化成路70號72號,賴志忠,17460000,93/03/22,115/09/30,特殊補正,CC01080 電子零組件製造業；CQ01010 模具製造業；F119010 電子材料批發業；F219010 電子材料零售業；F401010 國際貿易業；ZZ99999 除許可業務外，得經營法令非禁止或限制之業務,新北市,變更,11509
82772898,晟崴工程有限公司,新北市八里區中山路1段370號12樓,陳元信,4950000,107/10/24,115/09/30,特殊補正,E502010 燃料導管安裝工程業；E599010 配管工程業；E601010 電器承裝業；E601020 電器安裝業；E603010 電纜安裝工程業；E603020 電梯安裝工程業；E603040 消防安全設備安裝工程業；E603050 自動控制設備工程業；E603080 交通號誌安裝工程業；E603090 照明設備安裝工程業,新北市,變更,11509
82773741,煌翊室內裝修有限公司,新北市三重區忠孝路1段139號,林凡煒,3800000,107/10/03,115/09/02,增資,E801010 室內裝潢業；E801060 室內裝修業；I503010 景觀、室內設計業；F111090 建材批發業；F106010 五金批發業；E901010 油漆工程業；E801030 室內輕鋼架工程業；E801020 門窗安裝工程業；E599010 配管工程業；E601020 電器安裝業,新北市,變更,11509
82790024,花一映画有限公司,新北市三重區元信三街39號(1樓),許子瑋,1010000,107/12/04,115/09/02,申登機關變更（遷入，含卷）,J401010 電影片製作業；J402010 電影片發行業；J404010 動畫影片製作業；J503010 廣播節目製作業；J503020 電視節目製作業；J503030 廣播電視節目發行業；J503040 廣播電視廣告業；J601010 藝文服務業；J602010 演藝活動業；JB01010 會議及展覽服務業,新北市,變更,11509
82797650,力榮國際股份有限公司,新北市中和區板南路653號3樓,劉景偉,4500000,108/01/10,115/09/04,改選董事/監察人(一人法人股東指派董事/監察人),E801010 室內裝潢業；F109070 文教、樂器、育樂用品批發業；F113020 電器批發業；F113050 電腦及事務性機器設備批發業；F113990 其他機械器具批發業；F118010 資訊軟體批發業；F209060 文教、樂器、育樂用品零售業；F213010 電器零售業；F213030 電腦及事務性機器設備零售業；F213990 其他機械器具零售業,新北市,變更,11509
82806139,君瀚實業有限公司,新北市板橋區漢生東路113巷38號,黃俊傑,7000000,108/02/14,115/09/14,增資,F101050 水產品批發業；F101990 其他農、畜、水產品批發業；F102170 食品什貨批發業；F401010 國際貿易業；G801010 倉儲業；F102030 菸酒批發業；F113020 電器批發業；F119010 電子材料批發業；F113070 電信器材批發業；ZZ99999 除許可業務外，得經營法令非禁止或限制之業務,新北市,變更,11509
82808185,霍易有限公司,新北市林口區南勢一街66號2樓,許凱廸,200000,108/02/20,115/09/22,申登機關變更（遷入，含卷）,J399990 其他出版業；J401010 電影片製作業；J404020 提供設備及場地供電影片拍攝業；J404050 電影特效製作業；ZZ99999 除許可業務外，得經營法令非禁止或限制之業務,新北市,變更,11509
82809305,力源國際股份有限公司,新北市中和區板南路653號3樓,劉景偉,2250000,108/01/18,115/09/04,改選董事/監察人(一人法人股東指派董事/監察人),E801010 室內裝潢業；F109070 文教、樂器、育樂用品批發業；F113020 電器批發業；F113050 電腦及事務性機器設備批發業；F113990 其他機械器具批發業；F118010 資訊軟體批發業；F209060 文教、樂器、育樂用品零售業；F213010 電器零售業；F213030 電腦及事務性機器設備零售業；F213990 其他機械器具零售業,新北市,變更,11509
82813602,智電系統股份有限公司,新北市板橋區民生路1段33號21樓之2,郝遐鵬,160000000,108/03/19,115/09/01,特殊補正,E601010 電器承裝業；E606010 用電設備檢驗維護業；E607010 太陽熱能設備安裝工程業；E601020 電器安裝業；E603050 自動控制設備工程業；E605010 電腦設備安裝業；E701010 電信工程業；F113010 機械批發業；F113020 電器批發業；F113030 精密儀器批發業,新北市,變更,11509
82829766,揚歐機械服務股份有限公司,新北市三重區光復路2段69號15樓,彼德●賽博,2630000,108/03/26,115/09/11,特殊補正,E603050 自動控制設備工程業；E604010 機械安裝業；E605010 電腦設備安裝業；E606010 用電設備檢驗維護業；EZ99990 其他工程業；F113020 電器批發業；F113030 精密儀器批發業；F113070 電信器材批發業；F119010 電子材料批發業；F213010 電器零售業,新北市,變更,11509
82846955,啟諾貿易有限公司,新北市鶯歌區建國路171號(4樓),賴昆賢,91200000,108/05/02,115/09/29,增資,C199030 即食餐食製造業；F102170 食品什貨批發業；F104110 布疋、衣著、鞋、帽、傘、服飾品批發業；F106020 日常用品批發業；F107030 清潔用品批發業；F108040 化粧品批發業；F109070 文教、樂器、育樂用品批發業；F203010 食品什貨、飲料零售業；F204110 布疋、衣著、鞋、帽、傘、服飾品零售業；F206020 日常用品零售業,新北市,變更,11509
82847053,原至工程有限公司,新北市中和區連城路569巷9弄5號11樓,花敬晉,2000000,108/05/02,115/09/23,股東出資轉讓修正章程,E603050 自動控制設備工程業；E603090 照明設備安裝工程業；E603020 電梯安裝工程業；E502010 燃料導管安裝工程業；E603040 消防安全設備安裝工程業；E603100 電焊工程業；E603110 冷作工程業；E603120 噴砂工程業；E599010 配管工程業；E601010 電器承裝業,新北市,變更,11509
82847933,大茂宜食品有限公司,新北市三重區中正北路193巷21弄40號,何宜純,2000000,108/05/07,115/09/14,公司名稱變更修正章程,C104020 烘焙炊蒸食品製造業；C199010 麵條、粉條類食品製造業；C199990 未分類其他食品製造業；F102170 食品什貨批發業；F203010 食品什貨、飲料零售業；ZZ99999 除許可業務外，得經營法令非禁止或限制之業務,新北市,變更,11509
82848861,榮司萊德社會企業有限公司,新北市中和區信義街100號3樓,賴主信,1000000,108/05/13,115/09/08,公司所營事業變更修正章程,F113100 污染防治設備批發業；F119010 電子材料批發業；F207030 清潔用品零售業；F207080 環境用藥零售業；F213010 電器零售業；F401010 國際貿易業；F501990 其他餐飲業；I103060 管理顧問業；I301010 資訊軟體服務業；I301020 資料處理服務業,新北市,變更,11509
82849209,豐全建材工程有限公司,新北市中和區景平路146之1號,郭偉豪,1000000,108/05/14,115/09/04,特殊補正,F111090 建材批發業；E801010 室內裝潢業；E599010 配管工程業；EZ99990 其他工程業；F105050 家具、寢具、廚房器具、裝設品批發業；F106040 水器材料批發業；F211010 建材零售業；F205040 家具、寢具、廚房器具、裝設品零售業；F206040 水器材料零售業；F401010 國際貿易業,新北市,變更,11509
82849411,美維國際有限公司,新北市中和區中山路2段146號地下一層,林文亮,1000000,108/05/15,115/09/14,公司所在地,F118010 資訊軟體批發業；F119010 電子材料批發業；F218010 資訊軟體零售業；F219010 電子材料零售業；F401010 國際貿易業；F601010 智慧財產權業；ZZ99999 除許可業務外，得經營法令非禁止或限制之業務,新北市,變更,11509
82849539,邵桀跨境有限公司,新北市新莊區福慧路17號(1樓),曹益壽,86000000,108/05/15,115/09/14,特殊補正,F104110 布疋、衣著、鞋、帽、傘、服飾品批發業；F106020 日常用品批發業；F204110 布疋、衣著、鞋、帽、傘、服飾品零售業；F205040 家具、寢具、廚房器具、裝設品零售業；F206020 日常用品零售業；F401010 國際貿易業；F399040 無店面零售業；ZZ99999 除許可業務外，得經營法令非禁止或限制之業務；F207190 塑膠膜、袋零售業；F399990 其他綜合零售業,新北市,變更,11509
82850866,明朔電子股份有限公司,新北市新店區寶中路94號3樓,楊培承,12000000,108/04/18,115/09/09,增資(資本總額),F119010 電子材料批發業；F219010 電子材料零售業；F401010 國際貿易業；I501010 產品設計業；CC01080 電子零組件製造業；ZZ99999 除許可業務外，得經營法令非禁止或限制之業務,新北市,變更,11509
82851464,祥睿資訊管理顧問有限公司,新北市五股區成泰路3段513號5樓,李麗招,1000000,108/04/19,115/09/03,特殊補正,I199990 其他顧問服務業；I301010 資訊軟體服務業；I301020 資料處理服務業；I301030 電子資訊供應服務業；I301040 第三方支付服務業；I401010 一般廣告服務業；IZ99990 其他工商服務業；JZ99050 仲介服務業；F203010 食品什貨、飲料零售業；F218010 資訊軟體零售業,新北市,變更,11509
82852689,天鵝座運動科技有限公司,新北市汐止區建成路178巷2號,黃秀文,1000000,108/04/25,115/09/23,特殊補正,F104110 布疋、衣著、鞋、帽、傘、服飾品批發業；F119010 電子材料批發業；F204110 布疋、衣著、鞋、帽、傘、服飾品零售業；F219010 電子材料零售業；F401010 國際貿易業；I199990 其他顧問服務業；J802010 運動訓練業；J803020 運動比賽業；ZZ99999 除許可業務外，得經營法令非禁止或限制之業務；F108031 醫療器材批發業,新北市,變更,11509
82855031,金繪國際有限公司,新北市中和區中山路2段332巷59號4樓,陳暐,500000,108/04/18,115/09/01,特殊補正,F109070 文教、樂器、育樂用品批發業；F209060 文教、樂器、育樂用品零售業；F399040 無店面零售業；F401010 國際貿易業；F106030 模具批發業；F206030 模具零售業；F399990 其他綜合零售業；I105010 藝術品諮詢顧問業；I301010 資訊軟體服務業；I301020 資料處理服務業,新北市,變更,11509
82857360,汎海科技股份有限公司,新北市三重區光復路2段69號16樓,陳建宇,34398096,108/04/25,115/09/02,公司所在地,CB01990 其他機械製造業；CC01080 電子零組件製造業；CC01990 其他電機及電子機械器材製造業；F113010 機械批發業；F213080 機械器具零售業；F219010 電子材料零售業；F401010 國際貿易業；ZZ99999 除許可業務外，得經營法令非禁止或限制之業務,新北市,變更,11509
82890277,愛無限社會企業有限公司,新北市新店區吉祥街15巷7號,張雅華,100000,108/06/12,115/09/16,特殊補正,J202010 產業育成業；I103060 管理顧問業；I199990 其他顧問服務業；IZ12010 人力派遣業；IZ99990 其他工商服務業；ZZ99999 除許可業務外，得經營法令非禁止或限制之業務；J305010 有聲出版業；J401010 電影片製作業；J404010 動畫影片製作業；J503040 廣播電視廣告業,新北市,變更,11509
82891233,東誼國際股份有限公司,新北市新店區永平街2號4樓,劉晉溢,3500000,108/06/17,115/09/30,特殊補正,F119010 電子材料批發業；F219010 電子材料零售業；F113020 電器批發業；F213010 電器零售業；F113030 精密儀器批發業；F213040 精密儀器零售業；F113050 電腦及事務性機器設備批發業；F213030 電腦及事務性機器設備零售業；F113070 電信器材批發業；F213060 電信器材零售業,新北市,變更,11509
82892155,佑羲人力顧問有限公司,新北市中和區中正路736號7樓之1,巫宗諭,18000000,108/06/20,115/09/11,特殊補正,I701011 就業服務業；JZ99050 仲介服務業；ZZ99999 除許可業務外，得經營法令非禁止或限制之業務；I103060 管理顧問業；IZ99990 其他工商服務業；I301030 電子資訊供應服務業；IZ12010 人力派遣業；F104110 布疋、衣著、鞋、帽、傘、服飾品批發業；F206050 寵物食品及其用品零售業；F204110 布疋、衣著、鞋、帽、傘、服飾品零售業,新北市,變更,11509
82897594,英美國際貿易有限公司,新北市三重區元富二街90號19樓,張延任,1000000,108/05/29,115/09/29,公司所在地,F206020 日常用品零售業；F399040 無店面零售業；F106030 模具批發業；F109070 文教、樂器、育樂用品批發業；F106010 五金批發業；F401010 國際貿易業；ZZ99999 除許可業務外，得經營法令非禁止或限制之業務,新北市,變更,11509
82899170,益精密工業有限公司,新北市樹林區俊德街52號,鄭政益,1000000,108/06/06,115/09/21,股東出資轉讓修正章程,F113030 精密儀器批發業；F213040 精密儀器零售業；F113010 機械批發業；F206030 模具零售業；F113990 其他機械器具批發業；F206010 五金零售業；F106010 五金批發業；F213990 其他機械器具零售業；F401010 國際貿易業；CA01030 鋼鐵鑄造業,新北市,變更,11509
82907523,鮮盛國際股份有限公司,新北市蘆洲區仁愛街42號5樓,張哲凡,5544884,108/06/19,115/09/03,特殊補正,F101040 家畜家禽批發業；F101050 水產品批發業；F101130 蔬果批發業；F101980 其他動物批發業；F101990 其他農、畜、水產品批發業；F102170 食品什貨批發業；F201010 農產品零售業；F201030 水產品零售業；F201990 其他農畜水產品零售業；F203010 食品什貨、飲料零售業,新北市,變更,11509
82911239,優奈生醫國際股份有限公司,新北市土城區中華路2段210號(2樓),陳曉婷,2900000,108/06/27,115/09/29,改選董事/監察人(一人法人股東指派董事/監察人),F204110 布疋、衣著、鞋、帽、傘、服飾品零售業；F208040 化粧品零售業；F203010 食品什貨、飲料零售業；F205040 家具、寢具、廚房器具、裝設品零售業；F210010 鐘錶零售業；F210020 眼鏡零售業；F213010 電器零售業；F215010 首飾及貴金屬零售業；F104110 布疋、衣著、鞋、帽、傘、服飾品批發業；F108040 化粧品批發業,新北市,變更,11509
82912379,長和吊車有限公司,新北市淡水區八勢一街39巷18號4樓之1,鄭盧妙齡,1000000,108/06/21,115/09/29,股東出資轉讓修正章程,EZ02010 起重工程業；F213080 機械器具零售業；F401010 國際貿易業；ZZ99999 除許可業務外，得經營法令非禁止或限制之業務,新北市,變更,11509
82912820,鑲道投資管理顧問有限公司,新北市新莊區中和街155巷24弄15號10樓,林松慶,104059500,108/06/21,115/09/14,改推董事/董事長,H201010 一般投資業；H202010 創業投資業；I102010 投資顧問業；I103060 管理顧問業；I199990 其他顧問服務業；ZZ99999 除許可業務外，得經營法令非禁止或限制之業務,新北市,變更,11509
82913412,印卡讚科技服務有限公司,新北市板橋區四川路2段243號7樓,董婉琳,1000000,108/06/25,115/09/15,改推董事/董事長,F218010 資訊軟體零售業；F401010 國際貿易業；F216010 照相器材零售業；F213030 電腦及事務性機器設備零售業；ZZ99999 除許可業務外，得經營法令非禁止或限制之業務；I301020 資料處理服務業；I301010 資訊軟體服務業；C701010 印刷業；JE01010 租賃業；I501010 產品設計業,新北市,變更,11509
82913503,亞洲資產股份有限公司,新北市中和區中正路716號9樓之5,錡映亞,25000000,108/06/25,115/09/07,特殊補正,B201010 金屬礦業；B202010 非金屬礦業；B601010 土石採取業；F112020 煤及煤製品批發業；F115010 首飾及貴金屬批發業；F115020 礦石批發業；IG02010 研究發展服務業；IG03010 能源技術服務業；F213100 污染防治設備零售業；J101990 其他環境衛生及污染防治服務業,新北市,變更,11509
82920595,敦品國際股份有限公司,新北市汐止區大同路1段237號8樓之1,李宜勳,100000000,108/07/12,115/09/01,特殊補正,H201010 一般投資業；H701010 住宅及大樓開發租售業；H701020 工業廠房開發租售業；H701050 投資興建公共建設業；H701060 新市鎮、新社區開發業；H701070 區段徵收及市地重劃代辦業；H701090 都市更新整建維護業；H703090 不動產買賣業；H703100 不動產租賃業；F105050 家具、寢具、廚房器具、裝設品批發業,新北市,變更,11509
82921102,敦臨茶葉股份有限公司,新北市永和區雙和街27號,,3000000,108/06/27,115/09/07,董事(常務董事.董事長)/監察人解任,F101990 其他農、畜、水產品批發業；F102050 茶葉批發業；F102170 食品什貨批發業；F106050 陶瓷玻璃器皿批發業；F201010 農產品零售業；F203010 食品什貨、飲料零售業；F401010 國際貿易業；F399040 無店面零售業；ZZ99999 除許可業務外，得經營法令非禁止或限制之業務,新北市,變更,11509
82921412,富威電力股份有限公司,新北市土城區中央路4段49號,郝遐鵬,741620710,108/06/28,115/09/23,公司所營事業變更修正章程,D101091 再生能源售電業；D101101 特定電力供應業；D401010 熱能供應業；E599010 配管工程業；E601010 電器承裝業；E601020 電器安裝業；E602011 冷凍空調工程業；E603010 電纜安裝工程業；E603040 消防安全設備安裝工程業；E603050 自動控制設備工程業,新北市,變更,11509
82921877,鑫三芝電機有限公司,新北市樹林區柑園街1段65巷33之2號,廖國瑞,520000,108/07/02,115/09/30,公司所在地,CC01080 電子零組件製造業；CC01990 其他電機及電子機械器材製造業；F106010 五金批發業；F113010 機械批發業；F113990 其他機械器具批發業；F119010 電子材料批發業；F401010 國際貿易業；J101040 廢棄物處理業；ZZ99999 除許可業務外，得經營法令非禁止或限制之業務,新北市,變更,11509
82922756,穩晴國際有限公司,新北市樹林區俊英街116巷3號,林昱晴,700000,108/07/05,115/09/29,特殊補正,F101040 家畜家禽批發業；F101050 水產品批發業；F101130 蔬果批發業；F401010 國際貿易業；F501060 餐館業；C199990 未分類其他食品製造業；ZZ99999 除許可業務外，得經營法令非禁止或限制之業務；F201020 畜產品零售業；F201030 水產品零售業；F203010 食品什貨、飲料零售業,新北市,變更,11509
82923208,令岩有限公司,新北市樹林區中山路2段158之1號,劉伯安,5100000,108/07/09,115/09/17,減少所營事業變更修正章程,I102010 投資顧問業；I103060 管理顧問業；H701010 住宅及大樓開發租售業；H701020 工業廠房開發租售業；H701050 投資興建公共建設業；H701060 新市鎮、新社區開發業；H701070 區段徵收及市地重劃代辦業；H703090 不動產買賣業；H703100 不動產租賃業；ZZ99999 除許可業務外，得經營法令非禁止或限制之業務,新北市,變更,11509
82923328,議程資產管理有限公司,新北市新莊區鳳山街56巷15號,葉芷妍,500000,108/07/09,115/09/30,公司所在地,F205040 家具、寢具、廚房器具、裝設品零售業；F105050 家具、寢具、廚房器具、裝設品批發業；F207030 清潔用品零售業；F107030 清潔用品批發業；F206020 日常用品零售業；F106020 日常用品批發業；F399040 無店面零售業；F401010 國際貿易業；I103060 管理顧問業；H703090 不動產買賣業,新北市,變更,11509
82939953,益居好顧問有限公司,新北市中和區中正路466號,林月瓊,5000000,108/07/19,115/09/04,股東出資轉讓修正章程,E801010 室內裝潢業；F106010 五金批發業；F111090 建材批發業；F211010 建材零售業；F401010 國際貿易業；H201010 一般投資業；H701010 住宅及大樓開發租售業；H701020 工業廠房開發租售業；H701050 投資興建公共建設業；H701060 新市鎮、新社區開發業,新北市,變更,11509
82943458,艾康里微波有限公司,新北市汐止區康寧街169巷8之8號2樓,莊涵晴,1000000,109/12/08,115/09/14,申登機關變更（遷入，含卷）,F119010 電子材料批發業；F113030 精密儀器批發業；F113070 電信器材批發業；F213010 電器零售業；F213040 精密儀器零售業；F401010 國際貿易業；ZZ99999 除許可業務外，得經營法令非禁止或限制之業務,新北市,變更,11509
82951674,愛與謝有限公司,新北市三重區福德南路10號2樓之7,宮本幹大(YAMAMOTO KANTA),4000000,108/07/31,115/09/11,改推董事/董事長,I103060 管理顧問業；I199990 其他顧問服務業；IZ99990 其他工商服務業；IZ12010 人力派遣業；J202010 產業育成業；JB01010 會議及展覽服務業；JD01010 工商徵信服務業；JE01010 租賃業；JZ99050 仲介服務業；J101040 廢棄物處理業,新北市,變更,11509
82956951,康羽企業有限公司,新北市永和區中和路489號(2樓),王籌億,1000000,108/07/25,115/09/17,減少所營事業變更修正章程,C701010 印刷業；E605010 電腦設備安裝業；E801010 室內裝潢業；F118010 資訊軟體批發業；F109070 文教、樂器、育樂用品批發業；F113050 電腦及事務性機器設備批發業；F218010 資訊軟體零售業；F209060 文教、樂器、育樂用品零售業；F213030 電腦及事務性機器設備零售業；F401010 國際貿易業,新北市,變更,11509
82971030,佳士元企業有限公司,新北市三峽區永安街9巷4號2樓,黃麗萍,200000,112/02/20,115/09/02,公司所營事業變更修正章程,C805030 塑膠日用品製造業；C805060 塑膠皮製品製造業；C901020 玻璃及玻璃製品製造業；CA02990 其他金屬製品製造業；CB01020 事務機器製造業；CC01030 電器及視聽電子產品製造業；CC01060 有線通信機械器材製造業；CC01070 無線通信機械器材製造業；CC01120 資料儲存媒體製造及複製業；CD01030 汽車及其零件製造業,新北市,變更,11509
82974016,澤圖興業有限公司,新北市土城區新洲路100號8樓,林紫為,200000,112/03/06,115/09/23,公司所在地,F107170 工業助劑批發業；F107200 化學原料批發業；F107190 塑膠膜、袋批發業；F207170 工業助劑零售業；F207190 塑膠膜、袋零售業；F207200 化學原料零售業；F205040 家具、寢具、廚房器具、裝設品零售業；F105050 家具、寢具、廚房器具、裝設品批發業；F106010 五金批發業；F106020 日常用品批發業,新北市,變更,11509
82983438,美商曦月科技股份有限公司,新北市三重區興德路92號3樓,張沛怡,15000000,115/01/27,115/09/03,一般補正案,C104010 糖果製造業；C104020 烘焙炊蒸食品製造業；C105010 食用油脂製造業；C199990 未分類其他食品製造業；F102020 食用油脂批發業；F102170 食品什貨批發業；F203010 食品什貨、飲料零售業；F399040 無店面零售業；F399990 其他綜合零售業；F401010 國際貿易業,新北市,變更,11509
82983991,毅鐌科技有限公司,新北市板橋區中山路1段10號9樓,高偉哲,475000,112/03/08,115/09/09,申登機關變更（遷入，含卷）,CC01120 資料儲存媒體製造及複製業；F218010 資訊軟體零售業；I301010 資訊軟體服務業；I301020 資料處理服務業；I301030 電子資訊供應服務業；J399010 軟體出版業；ZZ99999 除許可業務外，得經營法令非禁止或限制之業務,新北市,變更,11509
82984181,厚亞國際貿易有限公司,新北市五股區成泰路1段157號3樓,王聖鈞,1900000,112/03/09,115/09/10,特殊補正,F106010 五金批發業；F114030 汽、機車零件配備批發業；F113010 機械批發業；F112040 石油製品批發業；F401010 國際貿易業；F113030 精密儀器批發業；F113050 電腦及事務性機器設備批發業；F113070 電信器材批發業；F213030 電腦及事務性機器設備零售業；F213040 精密儀器零售業,新北市,變更,11509
82998663,元天經典有限公司,新北市汐止區新台五路1段95號22樓之12,莊馥亦,1000000,112/03/15,115/09/10,股東出資轉讓修正章程,F102170 食品什貨批發業；F108040 化粧品批發業；F109070 文教、樂器、育樂用品批發業；F118010 資訊軟體批發業；F203010 食品什貨、飲料零售業；F208040 化粧品零售業；F209060 文教、樂器、育樂用品零售業；F218010 資訊軟體零售業；F399040 無店面零售業；F401010 國際貿易業,新北市,變更,11509
83005348,騰富投資有限公司,新北市板橋區新民街23號(1樓),孫崇騰,14535247,112/03/15,115/09/02,股東出資轉讓修正章程,H201010 一般投資業；ZZ99999 除許可業務外，得經營法令非禁止或限制之業務,新北市,變更,11509
83005564,盈和數位創意有限公司,新北市板橋區文化路2段285號21樓,林靚怡,500000,112/03/17,115/09/14,特殊補正,F399040 無店面零售業；F401010 國際貿易業；F399990 其他綜合零售業；F299990 其他零售業；F301010 百貨公司業；I401010 一般廣告服務業；I501010 產品設計業；G801010 倉儲業；I301040 第三方支付服務業；I103060 管理顧問業,新北市,變更,11509
83005683,昱堃興業有限公司,新北市八里區中山路2段283號3樓,郭人誌,1000000,112/03/16,115/09/16,改推董事/董事長,F114010 汽車批發業；F214010 汽車零售業；F114030 汽、機車零件配備批發業；F214030 汽、機車零件配備零售業；F114050 車胎批發業；F214050 車胎零售業；F114990 其他交通運輸工具及其零件批發業；F214990 其他交通運輸工具及其零件零售業；JA01010 汽車修理業；JA01990 其他汽車服務業,新北市,變更,11509
83005966,莉迪亞國際貿易有限公司,新北市板橋區大觀路2段83號,張芮瑜,500000,112/03/16,115/09/15,董事/股東地址變更,F108040 化粧品批發業；F208040 化粧品零售業；F102040 飲料批發業；F102170 食品什貨批發業；F104110 布疋、衣著、鞋、帽、傘、服飾品批發業；F106020 日常用品批發業；F109070 文教、樂器、育樂用品批發業；F113020 電器批發業；F113050 電腦及事務性機器設備批發業；F203010 食品什貨、飲料零售業,新北市,變更,11509
83007535,亞鉅投資股份有限公司,新北市三重區水漾路1段137號11樓,李宗璜,100000,112/03/22,115/09/14,改選董事/監察人(一人法人股東指派董事/監察人),H201010 一般投資業；F119010 電子材料批發業；F219010 電子材料零售業；F401010 國際貿易業；ZZ99999 除許可業務外，得經營法令非禁止或限制之業務,新北市,變更,11509
83007562,樂兒購有限公司,新北市五股區新城八路18號15樓,游品蕎,2000000,112/03/22,115/09/07,董事/股東更名,F206020 日常用品零售業；F203010 食品什貨、飲料零售業；F204110 布疋、衣著、鞋、帽、傘、服飾品零售業；F207030 清潔用品零售業；F209060 文教、樂器、育樂用品零售業；F399990 其他綜合零售業；F399040 無店面零售業；F106020 日常用品批發業；F102170 食品什貨批發業；F104110 布疋、衣著、鞋、帽、傘、服飾品批發業,新北市,變更,11509
83007893,蔬芙股份有限公司,新北市汐止區新台五路1段93號21樓之6,鄭菊香,6000000,112/03/23,115/09/04,特殊補正,C199990 未分類其他食品製造業；C199030 即食餐食製造業；F102170 食品什貨批發業；F102040 飲料批發業；F203010 食品什貨、飲料零售業；F501060 餐館業；F501030 飲料店業；F501990 其他餐飲業；F201010 農產品零售業；I301010 資訊軟體服務業,新北市,變更,11509
83007922,觀碩有限公司,新北市蘆洲區永平街32巷72號,歐源澤,25000000,112/03/23,115/09/03,減少所營事業變更修正章程,A101020 農作物栽培業；A101050 花卉栽培業；A102080 園藝服務業；C104010 糖果製造業；C104020 烘焙炊蒸食品製造業；CB01010 機械設備製造業；CC01010 發電、輸電、配電機械製造業；F101100 花卉批發業；F113010 機械批發業；F113030 精密儀器批發業,新北市,變更,11509
83008491,立達制動有限公司,新北市樹林區樹新路17號3樓之3,梁峻菁,3000000,112/03/24,115/09/01,公司所在地,F114030 汽、機車零件配備批發業；F206030 模具零售業；F214030 汽、機車零件配備零售業；F214050 車胎零售業；F401010 國際貿易業；CD01030 汽車及其零件製造業；ZZ99999 除許可業務外，得經營法令非禁止或限制之業務,新北市,變更,11509
83008696,懂露營有限公司,新北市新莊區新北大道4段173號3樓,姜婉茹,1000000,112/03/25,115/09/29,公司所在地,F206020 日常用品零售業；F209060 文教、樂器、育樂用品零售業；F299990 其他零售業；F401010 國際貿易業；F104110 布疋、衣著、鞋、帽、傘、服飾品批發業；F106010 五金批發業；F106020 日常用品批發業；F109070 文教、樂器、育樂用品批發業；F204110 布疋、衣著、鞋、帽、傘、服飾品零售業；F206010 五金零售業,新北市,變更,11509
83008909,永丞宏股份有限公司,新北市樹林區保安街1段190號3樓,陳昱森,25200000,112/03/27,115/09/18,改選董事/監察人(一人法人股東指派董事/監察人),H201010 一般投資業；I102010 投資顧問業；I103060 管理顧問業；ZZ99999 除許可業務外，得經營法令非禁止或限制之業務,新北市,變更,11509
83017935,英屬維京群島商艾克美有限公司,新北市永和區永和路二段119號1樓,柯九如,81800000,112/04/20,115/09/18,一般補正案,H201010 一般投資業；H701010 住宅及大樓開發租售業；H703090 不動產買賣業；H703100 不動產租賃業；I102010 投資顧問業；I103060 管理顧問業；F106010 五金批發業；F206010 五金零售業；ZZ99999 除許可業務外，得經營法令非禁止或限制之業務,新北市,變更,11509
83034049,膳創新零售有限公司,新北市五股區五工五路47號(1樓),王耀乾,100000,112/03/23,115/09/03,改推董事/董事長,I101090 食品顧問業；I401010 一般廣告服務業；IZ12010 人力派遣業；JB01010 會議及展覽服務業；I301030 電子資訊供應服務業；JZ99090 喜慶綜合服務業；I501010 產品設計業；I503010 景觀設計業；E801010 室內裝潢業；I103060 管理顧問業,新北市,變更,11509
83036308,瑞元資本有限公司,新北市土城區明德路2段115號,張瑀旂,10000000,112/04/10,115/09/08,特殊補正,H201010 一般投資業；ZZ99999 除許可業務外，得經營法令非禁止或限制之業務,新北市,變更,11509
83038045,喬巨建設股份有限公司,新北市土城區日新街37巷1號,馬國卿,12000000,112/04/13,115/09/14,改選董事/監察人(一人法人股東指派董事/監察人),H701010 住宅及大樓開發租售業；H701050 投資興建公共建設業；H701070 區段徵收及市地重劃代辦業；H703100 不動產租賃業；H703090 不動產買賣業；E801010 室內裝潢業；I503010 景觀、室內設計業；F111090 建材批發業；F113050 電腦及事務性機器設備批發業；F205040 家具、寢具、廚房器具、裝設品零售業,新北市,變更,11509
83039023,多吉科技有限公司,新北市蘆洲區民族路292號2樓,蔡濬帆,400000,112/03/30,115/09/29,減資,J399010 軟體出版業；F118010 資訊軟體批發業；F218010 資訊軟體零售業；F113050 電腦及事務性機器設備批發業；F213030 電腦及事務性機器設備零售業；F113070 電信器材批發業；F213060 電信器材零售業；F399040 無店面零售業；F401010 國際貿易業；I401010 一般廣告服務業,新北市,變更,11509
83045263,云騰國際實業有限公司,新北市新店區北宜路2段581巷12號,陳昇賢,2000000,109/10/08,115/09/09,股東出資轉讓修正章程,F108031 醫療器材批發業；F203010 食品什貨、飲料零售業；F203020 菸酒零售業；F206010 五金零售業；F206020 日常用品零售業；F208031 醫療器材零售業；F208040 化粧品零售業；F208050 乙類成藥零售業；F209060 文教、樂器、育樂用品零售業；F399990 其他綜合零售業,新北市,變更,11509
83045587,達境設計有限公司,新北市中和區自立路16巷5號,賴俊達,1100000,109/10/08,115/09/29,增資,F105050 家具、寢具、廚房器具、裝設品批發業；F106010 五金批發業；F106040 水器材料批發業；F107010 漆料、塗料批發業；F113020 電器批發業；F199990 其他批發業；F206010 五金零售業；F205040 家具、寢具、廚房器具、裝設品零售業；F206020 日常用品零售業；F206040 水器材料零售業,新北市,變更,11509
83054190,窩的家裝潢管理顧問有限公司,新北市三重區平安街59號,吳彥廷,4000000,109/10/26,115/09/08,特殊補正,F199990 其他批發業；F401010 國際貿易業；E599010 配管工程業；E601010 電器承裝業；E601020 電器安裝業；E603090 照明設備安裝工程業；E603100 電焊工程業；E603120 噴砂工程業；E801010 室內裝潢業；E801020 門窗安裝工程業,新北市,變更,11509
83063424,屋米文創國際有限公司,新北市中和區華新街109巷28號4樓之3,,1000000,109/08/06,115/09/30,解散,E801010 室內裝潢業；I401010 一般廣告服務業；I501010 產品設計業；I503010 景觀、室內設計業；I599990 其他設計業；F104110 布疋、衣著、鞋、帽、傘、服飾品批發業；F105050 家具、寢具、廚房器具、裝設品批發業；F109070 文教、樂器、育樂用品批發業；F204110 布疋、衣著、鞋、帽、傘、服飾品零售業；F205040 家具、寢具、廚房器具、裝設品零售業,新北市,變更,11509
83073470,逸雋企業有限公司,新北市林口區文化三路2段87號9樓,林麗華,5000000,109/08/27,115/09/11,修正章程,F401010 國際貿易業；F106020 日常用品批發業；F109070 文教、樂器、育樂用品批發業；F113030 精密儀器批發業；F118010 資訊軟體批發業；H201010 一般投資業；H703090 不動產買賣業；H703100 不動產租賃業；I103060 管理顧問業；ZZ99999 除許可業務外，得經營法令非禁止或限制之業務,新北市,變更,11509
83074816,鉅豐國際貿易有限公司,新北市永和區永亨路45號(1樓),張秋婷,2500000,109/09/01,115/09/03,增資,F401010 國際貿易業；F111090 建材批發業；F107030 清潔用品批發業；H201010 一般投資業；H202010 創業投資業；I103060 管理顧問業；I102010 一般投資顧問業；I501010 產品設計業；I599990 其他設計業；F105050 家具、寢具、廚房器具、裝設品批發業,新北市,變更,11509
83083630,他她股份有限公司,新北市蘆洲區信義路292巷8號,陳薏如,10000000,109/09/28,115/09/18,特殊補正,F113020 電器批發業；F213010 電器零售業；F113050 電腦及事務性機器設備批發業；F213030 電腦及事務性機器設備零售業；F113070 電信器材批發業；F213060 電信器材零售業；F119010 電子材料批發業；F219010 電子材料零售業；F118010 資訊軟體批發業；F218010 資訊軟體零售業,新北市,變更,11509
83084547,慢食優鮮股份有限公司,新北市新莊區福營路195巷22弄14號,童秀微,16000000,109/09/30,115/09/15,特殊補正,F101050 水產品批發業；F201030 水產品零售業；F401010 國際貿易業；F101040 家畜家禽批發業；F201020 畜產品零售業；I101070 農、林、漁、畜牧顧問業；I103060 管理顧問業；IZ15010 市場研究及民意調查業；JD01010 工商徵信服務業；F102180 酒精批發業,新北市,變更,11509
83092650,琦霖娛樂有限公司,新北市新店區中華路42巷1號,陳彥霖,2000000,109/10/29,115/09/29,股東出資轉讓修正章程,F218010 資訊軟體零售業；F209060 文教、樂器、育樂用品零售業；F213030 電腦及事務性機器設備零售業；F213010 電器零售業；I301010 資訊軟體服務業；F213060 電信器材零售業；F206020 日常用品零售業；F204110 布疋、衣著、鞋、帽、傘、服飾品零售業；F219010 電子材料零售業；F109070 文教、樂器、育樂用品批發業,新北市,變更,11509
83092737,承宏批發有限公司,新北市中和區中山路2段33號10樓之2,傅家家,62862,109/10/29,115/09/03,減少所營事業變更修正章程,F102170 食品什貨批發業；F203010 食品什貨、飲料零售業；ZZ99999 除許可業務外，得經營法令非禁止或限制之業務；I301010 資訊軟體服務業；I301020 資料處理服務業；I301030 電子資訊供應服務業；I301060 網路廣告平臺業；I401010 一般廣告服務業；I501010 產品設計業；F118010 資訊軟體批發業,新北市,變更,11509
83092835,凱益醫療器材有限公司,新北市新店區安興路125之10號10樓,黃玲如,510000,109/10/29,115/09/08,股東出資轉讓修正章程,F108031 醫療器材批發業；F208031 醫療器材零售業；A102020 農產品整理業；F106020 日常用品批發業；F107030 清潔用品批發業；F107080 環境用藥批發業；F108040 化粧品批發業；F113030 精密儀器批發業；F113050 電腦及事務性機器設備批發業；F115020 礦石批發業,新北市,變更,11509
83092862,惠樂國際貿易有限公司,新北市汐止區新台五路1段77號10樓之4,劉蒨蓉,350000,109/10/30,115/09/14,特殊補正,F102170 食品什貨批發業；F106020 日常用品批發業；F102040 飲料批發業；F104110 布疋、衣著、鞋、帽、傘、服飾品批發業；F108040 化粧品批發業；F203010 食品什貨、飲料零售業；F204110 布疋、衣著、鞋、帽、傘、服飾品零售業；F206020 日常用品零售業；F208040 化粧品零售業；F299990 其他零售業,新北市,變更,11509
83099324,明智銀髮股份有限公司,新北市中和區中正路901號2樓之1,劉美筠,500000,109/11/06,115/09/22,特殊補正,F106020 日常用品批發業；F206020 日常用品零售業；F299990 其他零售業；I103060 管理顧問業；I102010 投資顧問業；I199990 其他顧問服務業；JH01011 居家式服務業；ZZ99999 除許可業務外，得經營法令非禁止或限制之業務,新北市,變更,11509
83115302,輕井澤金屬有限公司,新北市中和區中正路500號5樓,張淑慧,1000000,109/09/14,115/09/16,改推董事/董事長,C901020 玻璃及玻璃製品製造業；CA02010 金屬結構及建築組件製造業；CA02030 螺絲、螺帽、螺絲釘、及鉚釘等製品製造業；CA02080 金屬鍛造業；CA02990 其他金屬製品製造業；CB01010 機械設備製造業；F111090 建材批發業；F206010 五金零售業；F211010 建材零售業；F401010 國際貿易業,新北市,變更,11509
83122417,嘉會環境科技有限公司,新北市中和區四維街27號13樓,葉治浩,5000000,109/10/05,115/09/16,改推董事/董事長,J101090 廢棄物清理業；J101030 廢棄物清除業；J101040 廢棄物處理業；J101080 資源回收業；F108040 化粧品批發業；F301010 百貨公司業；F399990 其他綜合零售業；F401010 國際貿易業；JZ99050 仲介服務業；ZZ99999 除許可業務外，得經營法令非禁止或限制之業務,新北市,變更,11509
83143383,雲端之星數位科技有限公司,新北市三重區六張街215之1號2樓,張育誠,100000,109/08/13,115/09/30,申登機關變更（遷入，含卷）,I301010 資訊軟體服務業；I301020 資料處理服務業；I301030 電子資訊供應服務業；F118010 資訊軟體批發業；F218010 資訊軟體零售業；I401010 一般廣告服務業；F601010 智慧財產權業；J399010 軟體出版業；I501010 產品設計業；I103060 管理顧問業,新北市,變更,11509
83145559,創藝國際餐飲股份有限公司,新北市新店區安興路125之10號,廖振宇,22240620,109/08/26,115/09/24,特殊補正,F101040 家畜家禽批發業；F101050 水產品批發業；F102040 飲料批發業；F102050 茶葉批發業；F102170 食品什貨批發業；F201010 農產品零售業；F201020 畜產品零售業；F201030 水產品零售業；F203010 食品什貨、飲料零售業；F501030 飲料店業,新北市,變更,11509
83161059,立赫健康生活事業股份有限公司,新北市三重區重新路4段97號6樓,曾冠燁,25450000,109/10/06,115/09/21,特殊補正,F208050 乙類成藥零售業；F102170 食品什貨批發業；F203010 食品什貨、飲料零售業；F104110 布疋、衣著、鞋、帽、傘、服飾品批發業；F204110 布疋、衣著、鞋、帽、傘、服飾品零售業；F106020 日常用品批發業；F206020 日常用品零售業；F107030 清潔用品批發業；F207030 清潔用品零售業；F108040 化粧品批發業,新北市,變更,11509
83161614,康德國際股份有限公司,新北市新店區寶興路42巷17號,汪品葶,3000000,109/10/07,115/09/15,特殊補正,EZ99990 其他工程業；F101130 蔬果批發業；F101990 其他農、畜、水產品批發業；F102040 飲料批發業；F102050 茶葉批發業；F102170 食品什貨批發業；F106010 五金批發業；F106020 日常用品批發業；F107030 清潔用品批發業；F108031 醫療器材批發業,新北市,變更,11509
83163991,瑞德投控股份有限公司,新北市新店區安興路117號13樓之3,瑞榮開發股份有限公司,26240000,109/10/07,115/09/08,特殊補正,I103060 管理顧問業；I199990 其他顧問服務業；I301010 資訊軟體服務業；I301020 資料處理服務業；I301030 電子資訊供應服務業；H201010 一般投資業；H202010 創業投資業；E701010 電信工程業；E601010 電器承裝業；E603010 電纜安裝工程業,新北市,變更,11509
83167722,鴻華先進科技股份有限公司,新北市新店區寶高路26號7樓,李秉彥,17512673000,109/11/06,115/09/02,認股憑證換發新股,CD01030 汽車及其零件製造業；F106030 模具批發業；F114010 汽車批發業；F114030 汽、機車零件配備批發業；F401010 國際貿易業；F601010 智慧財產權業；I301030 電子資訊供應服務業；I501010 產品設計業；I599990 其他設計業；IG02010 研究發展服務業,新北市,變更,11509
83167928,房根投資有限公司,新北市汐止區新台五路1段93號28樓,蔡明宏,28059000,109/10/14,115/09/24,股東出資轉讓修正章程,H201010 一般投資業；ZZ99999 除許可業務外，得經營法令非禁止或限制之業務,新北市,變更,11509
83167954,和遠有限公司,新北市三重區三和路4段20巷10號5樓,戴令涵,5000000,109/10/14,115/09/23,股東出資轉讓修正章程,H201010 一般投資業；H701010 住宅及大樓開發租售業；H703090 不動產買賣業；H703100 不動產租賃業；F113010 機械批發業；F113030 精密儀器批發業；F113050 電腦及事務性機器設備批發業；F119010 電子材料批發業；F401010 國際貿易業；ZZ99999 除許可業務外，得經營法令非禁止或限制之業務,新北市,變更,11509
83168779,強昇系統有限公司,新北市土城區延和路42巷2弄1號10樓,康志強,3000000,109/10/15,115/09/16,增資,E502010 燃料導管安裝工程業；E599010 配管工程業；E601010 電器承裝業；E601020 電器安裝業；E603010 電纜安裝工程業；E603040 消防安全設備安裝工程業；E603050 自動控制設備工程業；E603090 照明設備安裝工程業；E603100 電焊工程業；E603130 燃氣熱水器承裝業,新北市,變更,11509
83171182,銀月數位顧問股份有限公司,新北市三重區重新路2段46之8號3樓,陳柏宇,2500000,109/10/23,115/09/15,特殊補正,F118010 資訊軟體批發業；F218010 資訊軟體零售業；I301010 資訊軟體服務業；I301020 資料處理服務業；I301030 電子資訊供應服務業；J399010 軟體出版業；I401010 一般廣告服務業；I501010 產品設計業；F401010 國際貿易業；ZZ99999 除許可業務外，得經營法令非禁止或限制之業務,新北市,變更,11509
83171747,平溪一見菁桐藝術有限公司,新北市平溪區菁桐街167號,許羽箴,10000000,109/10/26,115/09/04,特殊補正,I503010 景觀設計業；E801010 室內裝潢業；I401010 一般廣告服務業；I501010 產品設計業；I103060 管理顧問業；F401010 國際貿易業；J601010 藝文服務業；J602010 演藝活動業；I105010 藝術品諮詢顧問業；F399040 無店面零售業,新北市,變更,11509
83175217,翔詮綠能有限公司,新北市土城區中正路19號5樓,朱庭葦,450000,109/08/03,115/09/09,改推董事/董事長,E599010 配管工程業；E601010 電器承裝業；E601020 電器安裝業；E603010 電纜安裝工程業；E603040 消防安全設備安裝工程業；E603050 自動控制設備工程業；E604010 機械安裝業；E606010 用電設備檢驗維護業；E607010 太陽熱能設備安裝工程業；IG03010 能源技術服務業,新北市,變更,11509
83199891,頌德電子有限公司,新北市新店區北新路2段262號3樓之3,馬銘成,2000000,110/01/05,115/09/10,增資,F119010 電子材料批發業；F219010 電子材料零售業；F113030 精密儀器批發業；F114070 航空器及其零件批發業；F213030 電腦及事務性機器設備零售業；F118010 資訊軟體批發業；F218010 資訊軟體零售業；F401010 國際貿易業；F106010 五金批發業；F206010 五金零售業,新北市,變更,11509
83210832,共樂製造有限公司,新北市新店區民權路153號4樓,尤佑文,100000,110/02/02,115/09/24,特殊補正,F102170 食品什貨批發業；F104110 布疋、衣著、鞋、帽、傘、服飾品批發業；F105050 家具、寢具、廚房器具、裝設品批發業；F106020 日常用品批發業；F109070 文教、樂器、育樂用品批發業；F204110 布疋、衣著、鞋、帽、傘、服飾品零售業；F205040 家具、寢具、廚房器具、裝設品零售業；F206020 日常用品零售業；F209060 文教、樂器、育樂用品零售業；F399040 無店面零售業,新北市,變更,11509
83210930,冠亞不動產交易平台有限公司,新北市板橋區華江一路508號,吳家佑,100000,110/02/02,115/09/09,改推董事/董事長,H704031 不動產仲介經紀業；H701010 住宅及大樓開發租售業；H701020 工業廠房開發租售業；H701060 新市鎮、新社區開發業；H703090 不動產買賣業；H703100 不動產租賃業；ZZ99999 除許可業務外，得經營法令非禁止或限制之業務,新北市,變更,11509
83226335,國誠企業有限公司,新北市三峽區國光街39號2樓,陳致誠,200000,109/11/19,115/09/21,公司所在地,F211010 建材零售業；F213080 機械器具零售業；F213990 其他機械器具零售業；F113100 污染防治設備批發業；F206010 五金零售業；F106010 五金批發業；F399990 其他綜合零售業；JE01010 租賃業；E801010 室內裝潢業；E599010 配管工程業,新北市,變更,11509
83226601,辰彥室內裝修有限公司,新北市板橋區民生路2段226巷10弄5號4樓,李秝帆,3000000,109/11/20,115/09/09,增資,E599010 配管工程業；E603040 消防安全設備安裝工程業；E603090 照明設備安裝工程業；E801010 室內裝潢業；E801020 門窗安裝工程業；E801030 室內輕鋼架工程業；E801070 廚具、衛浴設備安裝工程業；E901010 油漆工程業；E801040 玻璃安裝工程業；E903010 防蝕、防銹工程業,新北市,變更,11509
83226790,哲羽有限公司,新北市板橋區永豐街1號5樓,曾國哲,200000,109/11/20,115/09/30,特殊補正,I501010 產品設計業；IZ06010 理貨包裝業；ZZ99999 除許可業務外，得經營法令非禁止或限制之業務；F104110 布疋、衣著、鞋、帽、傘、服飾品批發業；F107030 清潔用品批發業；F108040 化粧品批發業；F204110 布疋、衣著、鞋、帽、傘、服飾品零售業；F207030 清潔用品零售業；F208040 化粧品零售業,新北市,變更,11509
83231436,沅森室內裝修設計有限公司,新北市新莊區思源路409號,賴威宇,3000000,109/12/25,115/09/23,公司名稱變更修正章程,E599010 配管工程業；E601020 電器安裝業；E603020 電梯安裝工程業；E603040 消防安全設備安裝工程業；E603090 照明設備安裝工程業；E603130 燃氣熱水器承裝業；E605010 電腦設備安裝業；E701020 衛星電視ＫＵ頻道、Ｃ頻道器材安裝業；E801010 室內裝潢業；E801020 門窗安裝工程業,新北市,變更,11509
83256885,富力哲科技有限公司,新北市新莊區新北大道4段177號3樓,李俊哲,2000000,112/02/18,115/09/29,增資,F113010 機械批發業；F213080 機械器具零售業；F113990 其他機械器具批發業；F401010 國際貿易業；CB01010 機械設備製造業；I199990 其他顧問服務業；F113030 精密儀器批發業；F213040 精密儀器零售業；IZ99990 其他工商服務業；I103060 管理顧問業,新北市,變更,11509
83258687,永岳建設股份有限公司,新北市永和區成功路2段73號13樓,朱家霖,40000000,109/11/16,115/09/10,更正,H701010 住宅及大樓開發租售業；H701020 工業廠房開發租售業；H701040 特定專業區開發業；H701050 投資興建公共建設業；H701060 新市鎮、新社區開發業；H701070 區段徵收及市地重劃代辦業；H701080 都市更新重建業；H701090 都市更新整建維護業；H703090 不動產買賣業；H703100 不動產租賃業,新北市,變更,11509
83260430,禾田茂食品有限公司,新北市三重區興德路143號,李典恆,16000000,109/11/05,115/09/08,分公司設立,F102170 食品什貨批發業；F203010 食品什貨、飲料零售業；F399040 無店面零售業；F401010 國際貿易業；ZZ99999 除許可業務外，得經營法令非禁止或限制之業務；C104010 糖果製造業；C104020 烘焙炊蒸食品製造業；C199990 未分類其他食品製造業,新北市,變更,11509
83262802,奕明精密科技工程有限公司,新北市三重區三和路4段396巷28號,柯星丞,6660000,109/12/29,115/09/04,公司所營事業變更修正章程,E603120 噴砂工程業；E801010 室內裝潢業；E901010 油漆工程業；E903010 防蝕、防銹工程業；EZ99990 其他工程業；F111090 建材批發業；F211010 建材零售業；ZZ99999 除許可業務外，得經營法令非禁止或限制之業務；CN01010 家具及裝設品製造業；F205040 家具、寢具、廚房器具、裝設品零售業,新北市,變更,11509
83262958,空白格文創有限公司,新北市土城區中華路1段36號14樓之3,黃綉媚,20000000,109/12/29,115/09/03,特殊補正,C301010 紡紗業；C302010 織布業；C303010 不織布業；C305010 印染整理業；C306010 成衣業；CJ01010 製帽業；CK01010 製鞋業；C307010 服飾品製造業；C401030 皮革、毛皮整製業；C402030 皮革、毛皮製品製造業,新北市,變更,11509
83263865,景益有限公司,新北市新莊區新北大道4段173號2樓,陳珈穎,700000,110/01/04,115/09/30,改推董事/董事長,F106030 模具批發業；F106010 五金批發業；F106020 日常用品批發業；F107990 其他化學製品批發業；F113050 電腦及事務性機器設備批發業；F119010 電子材料批發業；F206010 五金零售業；F206020 日常用品零售業；F206030 模具零售業；F401010 國際貿易業,新北市,變更,11509
83306837,曼堤司高位股份有限公司,新北市三峽區介壽路1段318巷21號(2樓),龔宸萱,120300000,109/12/10,115/09/22,特殊補正,C801020 石油化工原料製造業；C801100 合成樹脂及塑膠製造業；C802200 塗料、油漆、染料及顏料製造業；C805050 工業用塑膠製品製造業；C805990 其他塑膠製品製造業；CC01010 發電、輸電、配電機械製造業；CC01020 電線及電纜製造業；CC01030 電器及視聽電子產品製造業；CC01060 有線通信機械器材製造業；CC01070 無線通信機械器材製造業,新北市,變更,11509
83306891,創遊遊戲股份有限公司,新北市汐止區新台五路1段99號13樓之9,胡芬綾,21205000,109/12/11,115/09/11,公司所在地,H201010 一般投資業；I401010 一般廣告服務業；I199990 其他顧問服務業；IG03010 能源技術服務業；IG02010 研究發展服務業；F601010 智慧財產權業；F213010 電器零售業；I301020 資料處理服務業；I301010 資訊軟體服務業；I301030 電子資訊供應服務業,新北市,變更,11509
83307982,兆輝光電股份有限公司,新北市中和區板南路655號12樓,陳宏銘,23787026,109/12/15,115/09/24,公司所在地,CC01080 電子零組件製造業；CC01110 電腦及其週邊設備製造業；CC01120 資料儲存媒體製造及複製業；CC01990 其他電機及電子機械器材製造業；CE01030 光學儀器製造業；I301010 資訊軟體服務業；I301020 資料處理服務業；I301030 電子資訊供應服務業；F118010 資訊軟體批發業；F119010 電子材料批發業,新北市,變更,11509
83308265,品祥國際貿易有限公司,新北市新店區安興路13號6樓,楊佐祥,3000000,109/12/15,115/09/11,特殊補正,F114010 汽車批發業；F114030 汽、機車零件配備批發業；F214010 汽車零售業；F214030 汽、機車零件配備零售業；F401010 國際貿易業；JA01010 汽車修理業；JA01990 其他汽車服務業；JE01010 租賃業；JZ99050 仲介服務業；J701080 水域遊憩活動經營業,新北市,變更,11509
83367566,奕嘉國際行銷股份有限公司,新北市五股區五權三路56號7樓,劉温妮,68000000,110/01/05,115/09/22,改選董事/監察人(一人法人股東指派董事/監察人),JE01010 租賃業；H703090 不動產買賣業；H703100 不動產租賃業；C104010 糖果製造業；F203010 食品什貨、飲料零售業；C802100 化粧品製造業；F208040 化粧品零售業；F401010 國際貿易業；ZZ99999 除許可業務外，得經營法令非禁止或限制之業務；F102170 食品什貨批發業,新北市,變更,11509
83371127,視途演藝設計有限公司,新北市永和區中正路417號8樓,蘇揚庭,100000,109/12/31,115/09/08,特殊補正,CC01120 資料儲存媒體製造及複製業；E601020 電器安裝業；E603090 照明設備安裝工程業；F113010 機械批發業；F113020 電器批發業；F113030 精密儀器批發業；F209060 文教、樂器、育樂用品零售業；F399040 無店面零售業；F399990 其他綜合零售業；F401010 國際貿易業,新北市,變更,11509
83383340,十畝之間媒體有限公司,新北市汐止區新台五路1段95號20樓之6,李志華,1000000,110/01/22,115/09/03,申登機關變更（遷入，含卷）,I401010 一般廣告服務業；I501010 產品設計業；I599990 其他設計業；IZ99990 其他工商服務業；F399040 無店面零售業；F401010 國際貿易業；J404020 提供設備及場地供電影片拍攝業；J601010 藝文服務業；J602010 演藝活動業；J503040 廣播電視廣告業,新北市,變更,11509
83403583,高權貿易有限公司,新北市板橋區南雅南路2段4巷12號2樓,,1600000,63/11/25,115/09/08,特殊補正,,新北市,變更,11509
83409545,興起整合行銷有限公司,新北市新店區北新路2段125號,高郁萍,1000000,109/12/11,115/09/24,減少所營事業變更修正章程,J101010 建築物清潔服務業；J202010 產業育成業；JA03010 洗衣業；JE01010 租賃業；JZ99050 仲介服務業；JZ99990 未分類其他服務業；IZ12010 人力派遣業；I103060 管理顧問業；I199990 其他顧問服務業；I301030 電子資訊供應服務業,新北市,變更,11509
83413098,仲禾投資股份有限公司,新北市中和區中正路922號7樓,戚克良,89000000,109/12/17,115/09/24,董事/監察人持股變動報備,H201010 一般投資業,新北市,變更,11509
83415201,鼎聚餐飲管理顧問股份有限公司,新北市新店區安興路127之3號,陳建伶,2857160,109/12/22,115/09/18,公司所在地,F101040 家畜家禽批發業；F101050 水產品批發業；F201010 農產品零售業；F201020 畜產品零售業；F201030 水產品零售業；F203010 食品什貨、飲料零售業；F501030 飲料店業；F501060 餐館業；ZZ99999 除許可業務外，得經營法令非禁止或限制之業務,新北市,變更,11509
83426755,乾暘綠電股份有限公司,新北市樹林區鎮前街62號5樓之1,王政宏,990000,109/02/26,115/09/17,特殊補正,IG03010 能源技術服務業；E606010 用電設備檢驗維護業,新北市,變更,11509
83426761,坎暘綠電股份有限公司,新北市樹林區鎮前街62號5樓之1,王政宏,1500000,109/02/26,115/09/10,特殊補正,I102010 投資顧問業；IG03010 能源技術服務業；CC01010 發電、輸電、配電機械製造業；F119010 電子材料批發業；F401010 國際貿易業；H701020 工業廠房開發租售業；H703090 不動產買賣業；H703100 不動產租賃業；ZZ99999 除許可業務外，得經營法令非禁止或限制之業務,新北市,變更,11509
83442559,坤暘綠電股份有限公司,新北市樹林區鎮前街62號5樓之1,王政宏,1500000,109/03/23,115/09/10,特殊補正,I102010 投資顧問業；IG03010 能源技術服務業；CC01010 發電、輸電、配電機械製造業；F119010 電子材料批發業；F401010 國際貿易業；H701010 住宅及大樓開發租售業；H703090 不動產買賣業；H703100 不動產租賃業；ZZ99999 除許可業務外，得經營法令非禁止或限制之業務,新北市,變更,11509
83455097,品親實業股份有限公司,新北市淡水區中正東路2段27之10號12樓,劉佩儀,9000000,108/12/24,115/09/14,董事/監察人持股變動報備,H201010 一般投資業,新北市,變更,11509
83457406,煦光視覺整合設計有限公司,新北市永和區中和路343號14樓之2,李俊立,500000,108/12/20,115/09/04,申登機關變更（遷入，含卷）,C701010 印刷業；C702010 製版業；C703010 印刷品裝訂及加工業；CH01030 文具製造業；CH01040 玩具製造業；F104110 布疋、衣著、鞋、帽、傘、服飾品批發業；F105050 家具、寢具、廚房器具、裝設品批發業；F109070 文教、樂器、育樂用品批發業；F116010 照相器材批發業；F118010 資訊軟體批發業,新北市,變更,11509
83458658,天燈農場有限公司,新北市平溪區十分街216號之2,張品鳳,200000,108/12/24,115/09/07,公司所營事業變更修正章程,A101020 農作物栽培業；A101040 食用菌菇類栽培業；A102020 農產品整理業；A102050 作物栽培服務業；F201010 農產品零售業；F201990 其他農畜水產品零售業；F501030 飲料店業,新北市,變更,11509
83463667,品蓮觀真電影股份有限公司,新北市汐止區新台五路1段95號32樓,黃亮勛,60000000,108/12/30,115/09/07,改選董事/監察人(一人法人股東指派董事/監察人),CC01120 資料儲存媒體製造及複製業；F209060 文教、樂器、育樂用品零售業；F401010 國際貿易業；F601010 智慧財產權業；I102010 投資顧問業；I103060 管理顧問業；I401010 一般廣告服務業；I501010 產品設計業；J303010 雜誌（期刊）出版業；J304010 圖書出版業,新北市,變更,11509
83465551,帛新企業股份有限公司,新北市汐止區福德一路342巷2弄5號3樓,陳文明,3000000,109/01/15,115/09/14,改選董事/監察人(一人法人股東指派董事/監察人),F106010 五金批發業；F108031 醫療器材批發業；F113010 機械批發業；F113030 精密儀器批發業；F113050 電腦及事務性機器設備批發業；F113060 度量衡器批發業；F118010 資訊軟體批發業；F119010 電子材料批發業；F206010 五金零售業；F208031 醫療器材零售業,新北市,變更,11509
83475946,台灣氫氧基科技股份有限公司,新北市中和區中正路796號,何丞勛,24000000,109/02/17,115/09/03,特殊補正,F113020 電器批發業；F113030 精密儀器批發業；JA02990 其他修理業；JE01010 租賃業；E601020 電器安裝業；F213080 機械器具零售業；F102170 食品什貨批發業；F104110 布疋、衣著、鞋、帽、傘、服飾品批發業；F105050 家具、寢具、廚房器具、裝設品批發業；F106010 五金批發業,新北市,變更,11509
83478818,螢力事業有限公司,新北市新店區安泰路60巷55弄94號,林育如,500000,109/03/13,115/09/22,公司所在地,E801010 室內裝潢業；F105050 家具、寢具、廚房器具、裝設品批發業；F111090 建材批發業；F399040 無店面零售業；F401010 國際貿易業；I103060 管理顧問業；I105010 藝術品諮詢顧問業；I199990 其他顧問服務業；I401010 一般廣告服務業；I501010 產品設計業,新北市,變更,11509
83482968,安德輝股份有限公司,新北市新莊區五工二路86巷31號,李奇楠,411811400,109/03/13,115/09/01,特殊補正,CN01010 家具及裝設品製造業；CQ01010 模具製造業；E801010 室內裝潢業；E801070 廚具、衛浴設備安裝工程業；F401010 國際貿易業；G801010 倉儲業；H703090 不動產買賣業；H703100 不動產租賃業；I103060 管理顧問業；ZZ99999 除許可業務外，得經營法令非禁止或限制之業務,新北市,變更,11509
83483116,榮陞有限公司,新北市永和區中和路345號17樓之2,鍾豐仁,5000000,109/03/16,115/09/21,改推董事/董事長,F102170 食品什貨批發業；F104110 布疋、衣著、鞋、帽、傘、服飾品批發業；F105050 家具、寢具、廚房器具、裝設品批發業；F106020 日常用品批發業；F107030 清潔用品批發業；F108040 化粧品批發業；F109070 文教、樂器、育樂用品批發業；F110010 鐘錶批發業；F113050 電腦及事務性機器設備批發業；F115010 首飾及貴金屬批發業,新北市,變更,11509
83483241,邑豐工程有限公司,新北市中和區景平路190號33樓之7,陳宛昀,2000000,109/03/16,115/09/24,股東出資轉讓修正章程,CQ01010 模具製造業；F106010 五金批發業；F111090 建材批發業；F120010 耐火材料批發業；F206010 五金零售業；F211010 建材零售業；F401010 國際貿易業；E801010 室內裝潢業；E801020 門窗安裝工程業；E801030 室內輕鋼架工程業,新北市,變更,11509
83494155,悠樂旅行社有限公司,新北市板橋區華江一路111號15樓之1,賴宥亘,6000000,108/12/31,115/09/09,公司名稱變更修正章程,J902011 旅行業,新北市,變更,11509
83494520,嘉雨思科技股份有限公司,新北市中和區連城路268號5樓之2,朱德祥,322619410,109/01/02,115/09/18,特殊補正,F118010 資訊軟體批發業；F119010 電子材料批發業；F401010 國際貿易業；I301010 資訊軟體服務業；I301020 資料處理服務業；I301030 電子資訊供應服務業；I501010 產品設計業；ZZ99999 除許可業務外，得經營法令非禁止或限制之業務,新北市,變更,11509
83494676,興輝國際股份有限公司,新北市板橋區板新路101號3樓,廖美雲,1795000000,109/01/03,115/09/08,董事/監察人持股變動報備,H701010 住宅及大樓開發租售業；H701020 工業廠房開發租售業；H701040 特定專業區開發業；H701050 投資興建公共建設業；H701060 新市鎮、新社區開發業；H701070 區段徵收及市地重劃代辦業；H701080 都市更新重建業；H701090 都市更新整建維護業；H703090 不動產買賣業；H703100 不動產租賃業,新北市,變更,11509
83495078,亞洲準譯股份有限公司,新北市汐止區新台五路1段93號9樓之12,劉君豪,200610000,109/01/07,115/09/07,發行新股,C801010 基本化學工業；C801020 石油化工原料製造業；F107200 化學原料批發業；F108031 醫療器材批發業；F207200 化學原料零售業；F401010 國際貿易業；IC01010 藥品檢驗業；IG01010 生物技術服務業；C801990 其他化學材料製造業；C802990 其他化學製品製造業,新北市,變更,11509
83502958,將策投資有限公司,新北市蘆洲區長興路298巷10號7樓,沈庭熙,1000000,109/02/04,115/09/01,股東出資轉讓修正章程,H201010 一般投資業；ZZ99999 除許可業務外，得經營法令非禁止或限制之業務,新北市,變更,11509
83504386,新禾管理顧問股份有限公司,新北市板橋區民生路1段33號12樓之3,陳孜諭,300000,109/02/12,115/09/23,改選董事/監察人(一人法人股東指派董事/監察人),E599010 配管工程業；E603100 電焊工程業；E603110 冷作工程業；E603120 噴砂工程業；E801010 室內裝潢業；E801020 門窗安裝工程業；E801040 玻璃安裝工程業；E901010 油漆工程業；EZ02010 起重工程業；H201010 一般投資業,新北市,變更,11509
83511112,東立建築物公共安全檢查有限公司,新北市中和區建八路183號2樓,柯薰雅,500000,109/02/25,115/09/22,公司所在地,F117010 消防安全設備批發業；F217010 消防安全設備零售業；IB01010 建築物公共安全檢查業；IF01010 消防安全設備檢修業；E603040 消防安全設備安裝工程業,新北市,變更,11509
83511540,艾絲特酒窖有限公司,新北市板橋區環河西路5段219號12樓,林詩婷,10000000,109/02/26,115/09/03,特殊補正,F101040 家畜家禽批發業；F101050 水產品批發業；F101990 其他農、畜、水產品批發業；F102030 菸酒批發業；F102040 飲料批發業；F102170 食品什貨批發業；F201020 畜產品零售業；F201030 水產品零售業；F201990 其他農畜水產品零售業；F203010 食品什貨、飲料零售業,新北市,變更,11509
83519965,清富開發企業有限公司,新北市瑞芳區瑞濱路67號,張勝富,7000000,109/03/20,115/09/14,特殊補正,F212011 加油站業；F112040 石油製品批發業；JA01990 其他汽車服務業；JA01010 汽車修理業；H701020 工業廠房開發租售業；JE01010 租賃業；G799990 其他運輸輔助業；JZ99990 未分類其他服務業；F114050 車胎批發業；F212050 石油製品零售業,新北市,變更,11509
83536296,永福小吃有限公司,新北市板橋區中山路1段36號,張馨予,1000000,109/01/17,115/09/02,申登機關變更（遷入，含卷）,F501030 飲料店業；F501060 餐館業,新北市,變更,11509
83539929,興澤營造股份有限公司,新北市新莊區中華路2段17號12樓,吳志剛,22500000,109/01/16,115/09/01,特殊補正,E101011 綜合營造業；ZZ99999 除許可業務外，得經營法令非禁止或限制之業務,新北市,變更,11509
83541087,榮燊股份有限公司,新北市新莊區新北大道3段5號11樓之7,高詠麗,5000000,109/02/12,115/09/23,減少所營事業變更修正章程,I102010 一般投資顧問業；I103060 管理顧問業；I199990 其他顧問服務業；I301010 資訊軟體服務業；I301020 資料處理服務業；I301030 電子資訊供應服務業；H201010 一般投資業；H202010 創業投資業；J202010 產業育成業；JE01010 租賃業,新北市,變更,11509
83546301,星泓科技股份有限公司,新北市三峽區插角224號,李正文,1000000,109/03/05,115/09/04,改選董事/監察人(一人法人股東指派董事/監察人),A101020 農作物栽培業；A101050 花卉栽培業；D101050 汽電共生業；D401010 熱能供應業；E599010 配管工程業；E601020 電器安裝業；E603040 消防安全設備安裝工程業；E603050 自動控制設備工程業；E603080 交通號誌安裝工程業；E603090 照明設備安裝工程業,新北市,變更,11509
83546822,昕陳企業有限公司,新北市五股區御史路1巷101弄1號2樓,陳彥佑,1000000,109/02/14,115/09/24,減少所營事業變更修正章程,F102040 飲料批發業；F102170 食品什貨批發業；F102180 酒精批發業；F106010 五金批發業；F106020 日常用品批發業；F107030 清潔用品批發業；F107080 環境用藥批發業；F107200 化學原料批發業；F107990 其他化學製品批發業；F113030 精密儀器批發業,新北市,變更,11509
83547414,皇鈞有限公司,新北市三重區重新路2段21號12樓,周驛榮,2000000,109/02/17,115/09/11,特殊補正,E599010 配管工程業；E603040 消防安全設備安裝工程業；E603050 自動控制設備工程業；E604010 機械安裝業；EZ05010 儀器、儀表安裝工程業；F106010 五金批發業；F106040 水器材料批發業；F111090 建材批發業；F113010 機械批發業；F113020 電器批發業,新北市,變更,11509
83561772,通台實業股份有限公司,新北市中和區中正路700號6樓之3,王定國,250000,108/12/02,115/09/04,特殊補正,C110010 飲料製造業；C199990 未分類其他食品製造業；CC01030 電器及視聽電子產品製造業；E601010 電器承裝業；E601020 電器安裝業；E604010 機械安裝業；F206040 水器材料零售業；F113990 其他機械器具批發業；F401010 國際貿易業；F199990 其他批發業,新北市,變更,11509
83572258,山崎貿易股份有限公司,新北市林口區中山路239號(1樓),林佳樂,1000000,109/01/09,115/09/30,改選董事/監察人(一人法人股東指派董事/監察人),F113010 機械批發業；F114020 機車批發業；F114030 汽、機車零件配備批發業；F114040 自行車及其零件批發業；F114050 車胎批發業；F213110 電池零售業；F214020 機車零售業；F214030 汽、機車零件配備零售業；F214040 自行車及其零件零售業；F214050 車胎零售業,新北市,變更,11509
83572757,裏路文化有限公司,新北市新店區民權路108之4號5樓,商兆文,3000000,109/01/13,115/09/15,特殊補正,ZZ99999 除許可業務外，得經營法令非禁止或限制之業務；J303010 雜誌（期刊）出版業；J304010 圖書出版業；J305010 有聲出版業；J399010 軟體出版業；F209060 文教、樂器、育樂用品零售業；F401010 國際貿易業；I401010 一般廣告服務業；I501010 產品設計業；C701010 印刷業,新北市,變更,11509
83584178,席克有限公司,新北市板橋區重慶路66號10樓,沈湘芸,2000000,109/06/04,115/09/17,減少所營事業變更修正章程,I301010 資訊軟體服務業；JZ99090 喜慶綜合服務業；F108040 化粧品批發業；F104110 布疋、衣著、鞋、帽、傘、服飾品批發業；F204110 布疋、衣著、鞋、帽、傘、服飾品零售業；ZZ99999 除許可業務外，得經營法令非禁止或限制之業務,新北市,變更,11509
83584249,翡冷翠文創事業股份有限公司,新北市永和區永和路2段76號(1樓),楊培中,100000000,109/06/04,115/09/18,特殊補正,J602010 演藝活動業；J601010 藝文服務業；I105010 藝術品諮詢顧問業；H703100 不動產租賃業；J603010 音樂展演空間業；I199990 其他顧問服務業；F203010 食品什貨、飲料零售業；H701010 住宅及大樓開發租售業；F205040 家具、寢具、廚房器具、裝設品零售業；F105050 家具、寢具、廚房器具、裝設品批發業,新北市,變更,11509
83588701,卓山射箭器材有限公司,新北市三重區興德路70之1號,劉志鴻,6000000,109/06/11,115/09/14,董事/股東證照變更,F109070 文教、樂器、育樂用品批發業；F209060 文教、樂器、育樂用品零售業；F401010 國際貿易業；J801030 競技及休閒運動場館業；J802010 運動訓練業；I199990 其他顧問服務業；J803020 運動比賽業；JE01010 租賃業,新北市,變更,11509
83593063,財庫投資股份有限公司,新北市中和區板南路653號6樓,楊秋密,170000000,109/07/02,115/09/17,改選董事/監察人(一人法人股東指派董事/監察人),H201010 一般投資業,新北市,變更,11509
83594014,寶庫投資股份有限公司,新北市中和區板南路653號6樓,楊秋密,15000000,109/07/07,115/09/17,改選董事/監察人(一人法人股東指派董事/監察人),H201010 一般投資業,新北市,變更,11509
83606763,台鴻智能科技有限公司,新北市蘆洲區中正路65號21樓,吳昭慶,5000000,109/04/24,115/09/15,申登機關變更（遷入，含卷）,F113010 機械批發業；F113030 精密儀器批發業；F113050 電腦及事務性機器設備批發業；F113060 度量衡器批發業；F113070 電信器材批發業；F113100 污染防治設備批發業；F113990 其他機械器具批發業；F118010 資訊軟體批發業；F119010 電子材料批發業；F106010 五金批發業,新北市,變更,11509
83616116,極勁股份有限公司,新北市三重區新北大道2段37號2樓,劉勁,35000000,109/04/29,115/09/29,特殊補正,E605010 電腦設備安裝業；F105050 家具、寢具、廚房器具、裝設品批發業；F106010 五金批發業；F106020 日常用品批發業；F106040 水器材料批發業；F107030 清潔用品批發業；F113020 電器批發業；F113050 電腦及事務性機器設備批發業；F118010 資訊軟體批發業；F119010 電子材料批發業,新北市,變更,11509
83617537,騰羿國際有限公司,新北市中和區景平路71之2號8樓之1,黃佳慧,5000000,109/04/30,115/09/18,公司所在地,F106010 五金批發業；F106030 模具批發業；F107200 化學原料批發業；F113010 機械批發業；F113070 電信器材批發業；F119010 電子材料批發業；F206010 五金零售業；F206030 模具零售業；F213060 電信器材零售業；F213080 機械器具零售業,新北市,變更,11509
83642923,實誠元和股份有限公司,新北市永和區永和路1段111巷2號,宋秀美,35300000,109/06/12,115/09/30,增資(資本總額),F104110 布疋、衣著、鞋、帽、傘、服飾品批發業；F105050 家具、寢具、廚房器具、裝設品批發業；F106020 日常用品批發業；F108040 化粧品批發業；F109070 文教、樂器、育樂用品批發業；F113020 電器批發業；F113050 電腦及事務性機器設備批發業；F115010 首飾及貴金屬批發業；F204110 布疋、衣著、鞋、帽、傘、服飾品零售業；F205040 家具、寢具、廚房器具、裝設品零售業,新北市,變更,11509
83644653,至尊寶建設有限公司,新北市新店區北新路1段10號14樓之2,劉建義,1000000,109/06/16,115/09/30,股東出資轉讓修正章程,H701010 住宅及大樓開發租售業；H701020 工業廠房開發租售業；H701050 投資興建公共建設業；H701060 新市鎮、新社區開發業；H701070 區段徵收及市地重劃代辦業；H701090 都市更新整建維護業；H702010 建築經理業；H703090 不動產買賣業；H703100 不動產租賃業；H703110 老人住宅業,新北市,變更,11509
83667022,天容寶節能科技股份有限公司,新北市樹林區新興街20之6號,韓志翔,31000000,109/07/09,115/09/11,特殊補正,C104020 烘焙炊蒸食品製造業；C105010 食用油脂製造業；C106010 製粉業；C109010 調味品製造業；C110010 飲料製造業；CC01990 其他電機及電子機械器材製造業；CE01030 光學儀器製造業；CQ01010 模具製造業；CZ99990 未分類其他工業製品製造業；CB01010 機械設備製造業,新北市,變更,11509
83673848,台灣智庫投資股份有限公司,新北市中和區板南路653號6樓,楊秋密,15000000,109/07/16,115/09/24,改選董事/監察人(一人法人股東指派董事/監察人),H201010 一般投資業,新北市,變更,11509
83687006,康普食飲股份有限公司,新北市新莊區民安東路139巷2號(2樓),傅世崎,4918224,109/04/01,115/09/01,特殊補正,C110010 飲料製造業；ZZ99999 除許可業務外，得經營法令非禁止或限制之業務；F102040 飲料批發業；F102170 食品什貨批發業；F203010 食品什貨、飲料零售業；F401010 國際貿易業；F399040 無店面零售業；F501030 飲料店業；I199990 其他顧問服務業；I101090 食品顧問業,新北市,變更,11509
83689742,源遠光電股份有限公司,新北市蘆洲區民族路271號15樓,張立偉,1000000,109/04/01,115/09/30,改選董事/監察人(一人法人股東指派董事/監察人),F107030 清潔用品批發業；F107080 環境用藥批發業；IG01010 生物技術服務業；IG02010 研究發展服務業；F107990 其他化學製品批發業；F207990 其他化學製品零售業；I103060 管理顧問業；I199990 其他顧問服務業；F401010 國際貿易業；ZZ99999 除許可業務外，得經營法令非禁止或限制之業務,新北市,變更,11509
83693160,大作聯合設計有限公司,新北市淡水區民權路25號7樓之13,洪子婷,2700000,109/06/23,115/09/23,增資,E801010 室內裝潢業；F401010 國際貿易業；I401010 一般廣告服務業；I501010 產品設計業；I503010 景觀、室內設計業；ZZ99999 除許可業務外，得經營法令非禁止或限制之業務,新北市,變更,11509
83701464,國匯國際股份有限公司,新北市三重區重新路5段609巷14號8樓之16,劉霞,3000000,109/07/17,115/09/11,特殊補正,JE01010 租賃業；JZ99050 仲介服務業；F119010 電子材料批發業；F219010 電子材料零售業；F118010 資訊軟體批發業；F113030 精密儀器批發業；F113050 電腦及事務性機器設備批發業；F113070 電信器材批發業；F113020 電器批發業；F399040 無店面零售業,新北市,變更,11509
83702175,安華除蟲有限公司,新北市新莊區中港路483巷10弄15號(1樓),葉黃閔,600000,109/07/21,115/09/11,公司所在地,A102080 園藝服務業；J101010 建築物清潔服務業；J101020 病媒防治業；J101030 廢棄物清除業；J101040 廢棄物處理業；J101060 廢（污）水處理業；E801010 室內裝潢業；E601010 電器承裝業；E601020 電器安裝業；F107030 清潔用品批發業,新北市,變更,11509
83702689,昱祥國際有限公司,新北市中和區中山路2段366巷24號,顏海倫,500000,109/07/21,115/09/08,增資,F109070 文教、樂器、育樂用品批發業；F113020 電器批發業；F113050 電腦及事務性機器設備批發業；F116010 照相器材批發業；F118010 資訊軟體批發業；F119010 電子材料批發業；F206020 日常用品零售業；F209060 文教、樂器、育樂用品零售業；F211010 建材零售業；F213010 電器零售業,新北市,變更,11509
83713790,綠頌股份有限公司,新北市汐止區大同路1段175號5樓,壽明驊,30000000,109/04/17,115/09/14,特殊補正,CC01010 發電、輸電、配電機械製造業；D101060 再生能源自用發電設備業；D401010 熱能供應業；IG03010 能源技術服務業；I102010 投資顧問業；I199990 其他顧問服務業；CB01010 機械設備製造業；CB01990 其他機械製造業；CC01990 其他電機及電子機械器材製造業；CZ99990 未分類其他工業製品製造業,新北市,變更,11509
83728132,奕晁投資股份有限公司,新北市中和區中山路2段348巷8號10樓,賴奕安,14000000,109/05/07,115/09/09,改選董事/監察人(一人法人股東指派董事/監察人),H201010 一般投資業；ZZ99999 除許可業務外，得經營法令非禁止或限制之業務,新北市,變更,11509
83740760,懋榮實業有限公司,新北市新莊區化成路696巷23號(1樓),林文峯,5000000,109/05/27,115/09/29,股東出資轉讓修正章程,CA02030 螺絲、螺帽、螺絲釘、及鉚釘等製品製造業；F106010 五金批發業；F206010 五金零售業；CA02990 其他金屬製品製造業；CB01990 其他機械製造業；CB01010 機械設備製造業；F214010 汽車零售業；F214050 車胎零售業；F214020 機車零售業；F214030 汽、機車零件配備零售業,新北市,變更,11509
83750577,菱鏡股份有限公司,新北市板橋區華江五路76號16樓,趙正宇,8364720,109/05/01,115/09/22,特殊補正,I301010 資訊軟體服務業；I301020 資料處理服務業；I301030 電子資訊供應服務業；I501010 產品設計業；IZ13010 網路認證服務業；E605010 電腦設備安裝業；F118010 資訊軟體批發業；IZ99990 其他工商服務業；I103060 管理顧問業；F113050 電腦及事務性機器設備批發業,新北市,變更,11509
83750675,岦亞有限公司,新北市中和區建八路167號8樓,蔡育秀,50000,109/05/04,115/09/24,特殊補正,F113020 電器批發業；F113030 精密儀器批發業；F113050 電腦及事務性機器設備批發業；F118010 資訊軟體批發業；F119010 電子材料批發業；F213010 電器零售業；F213030 電腦及事務性機器設備零售業；F213040 精密儀器零售業；F218010 資訊軟體零售業；F219010 電子材料零售業,新北市,變更,11509
83754031,弘陽生技股份有限公司,新北市樹林區俊興街198號,謝奇峯,66000000,109/04/22,115/09/08,特殊補正,A101020 農作物栽培業；C103050 罐頭、冷凍、脫水及醃漬食品製造業；C199040 豆類加工食品製造業；C199990 未分類其他食品製造業；F101990 其他農、畜、水產品批發業；F102170 食品什貨批發業；F201010 農產品零售業；F201990 其他農畜水產品零售業；F401010 國際貿易業；ZZ99999 除許可業務外，得經營法令非禁止或限制之業務,新北市,變更,11509
83783676,柏愛健康產業股份有限公司,新北市坪林區坪林77號(1樓),湯杏嬌,18170000,109/04/13,115/09/08,申登機關變更（遷入，含卷）,F206020 日常用品零售業；F209060 文教、樂器、育樂用品零售業；H703110 老人住宅業；I103060 管理顧問業；I199990 其他顧問服務業；I599990 其他設計業；IG01010 生物技術服務業；IG02010 研究發展服務業；IZ12010 人力派遣業；IZ15010 市場研究及民意調查業,新北市,變更,11509
83785153,諾貝爾國際整合股份有限公司,新北市新店區中正路694巷11號(1樓),陳怡如,2000000,109/03/30,115/09/15,董事/監察人持股變動報備,C103050 罐頭、冷凍、脫水及醃漬食品製造業；C104020 烘焙炊蒸食品製造業；C105010 食用油脂製造業；C109010 調味品製造業；C110010 飲料製造業；C199990 未分類其他食品製造業；F101040 家畜家禽批發業；F101050 水產品批發業；F102020 食用油脂批發業；F102030 菸酒批發業,新北市,變更,11509
83792627,恆泰昌股份有限公司,新北市土城區青福街76號(1樓),邱冠燿,32016008,109/04/23,115/09/09,特殊補正,H201010 一般投資業,新北市,變更,11509
83792817,辰品廣告設計有限公司,新北市中和區圓通路367巷33弄117號3樓,郭品辰,3000000,109/04/23,115/09/21,改推董事/董事長,I401010 一般廣告服務業；I501010 產品設計業；C701010 印刷業；C703010 印刷品裝訂及加工業；I401020 廣告傳單分送業；I599990 其他設計業；IZ02010 打字業；IZ10010 排版業；F109070 文教、樂器、育樂用品批發業；F209060 文教、樂器、育樂用品零售業,新北市,變更,11509
83799776,陽盈開發有限公司,新北市新莊區新北大道3段161號19樓,吳欽達,20000000,109/05/12,115/09/29,特殊補正,E607010 太陽熱能設備安裝工程業；IG03010 能源技術服務業；E601010 電器承裝業；D101060 再生能源自用發電設備業；D401010 熱能供應業；D101050 汽電共生業；E801010 室內裝潢業；F401010 國際貿易業；H701010 住宅及大樓開發租售業；H701020 工業廠房開發租售業,新北市,變更,11509
84133243,合家順建設股份有限公司,新北市新店區新店路123號2樓,林美雪,27000000,82/02/24,115/09/29,董事/監察人持股變動報備,,新北市,變更,11509
84136678,漢富有限公司,新北市新店區中正路190號12樓,周世華,20000000,82/03/04,115/09/11,股東出資轉讓修正章程,F113020 電器批發業；F213010 電器零售業；F119010 電子材料批發業；F219010 電子材料零售業；F105050 家具、寢具、廚房器具、裝設品批發業；F205040 家具、寢具、廚房器具、裝設品零售業；F106010 五金批發業；F106050 陶瓷玻璃器皿批發業；F109070 文教、樂器、育樂用品批發業；F209060 文教、樂器、育樂用品零售業,新北市,變更,11509
84153845,皓凱五金實業有限公司,新北市樹林區民權街5巷19弄14號(1樓),許皓仁,4000000,82/01/05,115/09/30,公司名稱變更修正章程,CA02060 金屬容器製造業；CA02010 金屬結構及建築組件製造業；CP01010 手工具製造業；F107010 漆料、塗料批發業；CA02990 其他金屬製品製造業；CA02030 螺絲、螺帽、螺絲釘、及鉚釘等製品製造業；ZZ99999 除許可業務外，得經營法令非禁止或限制之業務,新北市,變更,11509
84204680,宗樺生物科技有限公司,新北市樹林區大安路528號8樓,陳昱安,3000000,82/03/10,115/09/24,公司所營事業變更修正章程,C106010 製粉業；C111010 製茶業；A101020 農作物栽培業；C199990 未分類其他食品製造業；F108040 化粧品批發業；F501030 飲料店業；F399040 無店面零售業；F102050 茶葉批發業；F102040 飲料批發業；F102020 食用油脂批發業,新北市,變更,11509
84214435,新源營造股份有限公司,新北市板橋區雙十路2段221號22樓,楊國棟,22500000,82/03/19,115/09/15,減資,E101011 綜合營造業；B202010 非金屬礦業；B601010 土石採取業；C901070 石材製品製造業；C901990 其他非金屬礦物製品製造業；F115020 礦石批發業；F215020 礦石零售業,新北市,變更,11509
84233242,漢尚生化科技實業有限公司,新北市樹林區大安路510號4樓,陳常源,3000000,82/04/09,115/09/29,股東出資轉讓修正章程,C802100 化粧品製造業；F108040 化粧品批發業；F208040 化粧品零售業；F107030 清潔用品批發業；F207030 清潔用品零售業；F107200 化學原料批發業；F207200 化學原料零售業；I401010 一般廣告服務業；F101130 蔬果批發業；F102170 食品什貨批發業,新北市,變更,11509
84276023,華矽半導體股份有限公司,新北市板橋區民生路1段33號23樓,趙伯寅,223800000,82/05/27,115/09/23,補選董事(常務董事.董事長)/監察人,I501010 產品設計業；F401010 國際貿易業；CC01050 資料儲存及處理設備製造業。；CC01080 電子零組件製造業；F113050 事務性機器設備批發業；F118010 資訊軟體批發業；F119010 電子材料批發業；F213030 事務性機器設備零售業；F218010 資訊軟體零售業；F219010 電子材料零售業,新北市,變更,11509
84303669,力技科技工程股份有限公司,新北市中和區建八路2號9樓之9,燕文芝,172092690,82/08/03,115/09/30,特殊補正,CA02010 金屬結構及建築組件製造業；CB01010 機械設備製造業；CB01030 污染防治設備製造業；CB01990 其他機械製造業；CC01010 發電、輸電、配電機械製造業；CE01010 一般儀器製造業；D401010 熱能供應業；E502010 燃料導管安裝工程業；E599010 配管工程業；E601010 電器承裝業,新北市,變更,11509
84345210,長于有限公司,新北市板橋區吳鳳路五十巷五三弄九之一號,,1000000,82/04/27,115/09/23,解散,,新北市,變更,11509
84427649,先進車刀企業有限公司,新北市三重區頂崁街210巷28弄25號,戴誌宏,10000000,82/07/10,115/09/18,增資,,新北市,變更,11509
84478864,丹堤咖啡食品股份有限公司,新北市淡水區中正東路2段27之2號18樓,林欣怡,20000000,82/10/27,115/09/07,改選董事/監察人(一人法人股東指派董事/監察人),ZZ99999 除許可業務外，得經營法令非禁止或限制之業務；F102030 菸酒批發業；F102040 飲料批發業；F102170 食品什貨批發業；F203010 食品什貨、飲料零售業；F203020 菸酒零售業；F399040 無店面零售業；F401010 國際貿易業；F501030 飲料店業；F501060 餐館業,新北市,變更,11509
84491395,葉暉企業有限公司,新北市永和區保生路1號15樓之6,陳布才,25000000,82/12/03,115/09/04,增資,F113010 機械批發業；F113020 電器批發業；F113030 精密儀器批發業；F113050 電腦及事務性機器設備批發業；F113060 度量衡器批發業；F113070 電信器材批發業；F113100 污染防治設備批發業；F213010 電器零售業；F213030 電腦及事務性機器設備零售業；F213040 精密儀器零售業,新北市,變更,11509
84510267,瓏璟有限公司,新北市泰山區信華一街43號,趙中瑞,5000000,82/07/30,115/09/16,改推董事/董事長,CD01030 汽車及其零件製造業；F114030 汽、機車零件配備批發業；F106010 五金批發業；F113010 機械批發業；F114010 汽車批發業；F113020 電器批發業；F206010 五金零售業；F213080 機械器具零售業；F214010 汽車零售業；F213010 電器零售業,新北市,變更,11509
84521807,台灣駿品端子股份有限公司,新北市樹林區俊德街23號1樓,陳石火,20000000,82/08/10,115/09/24,董事/監察人持股變動報備,CC01080 電子零組件製造業；F119010 電子材料批發業；CC01110 電腦及其週邊設備製造業；CC01030 電器及視聽電子產品製造業；F113050 電腦及事務性機器設備批發業；ZZ99999 除許可業務外，得經營法令非禁止或限制之業務,新北市,變更,11509
84531707,陽陞建設股份有限公司,新北市蘆洲區集賢路221巷20號2樓,李慶輝,25000000,82/08/19,115/09/10,改選董事/監察人(一人法人股東指派董事/監察人),,新北市,變更,11509
84541389,惠九企業有限公司,新北市新莊區化成路540之3號1樓,葉婉玲,5000000,82/08/30,115/09/09,改推董事/董事長,F401010 國際貿易業。；F104220 成衣批發業。；F104050 服飾品批發業。；F104010 布疋批發業。；F104080 其他成衣服飾品批發業。（男女內衣褲、襯衣裙、蕾絲、襪）；F108040 化粧品批發業。；F106020 家庭日常用品批發業。；C306010 成衣業。,新北市,變更,11509
84541536,華葳股份有限公司,新北市新莊區化成路736巷26號1樓,楊至遠,2000000,82/08/30,115/09/24,特殊補正,,新北市,變更,11509
84565987,台麗建設股份有限公司,新北市板橋區大觀路2段174巷159號2樓,謝昌盛,25000000,82/09/24,115/09/30,董事/監察人持股變動報備,,新北市,變更,11509
84580621,華翰水電工程有限公司,新北市板橋區中正路250巷122號,黃萬枝,20000000,82/10/13,115/09/08,改推董事/董事長,E501011 自來水管承裝商。；E601011 電器承裝業。,新北市,變更,11509
84591970,傑統室內裝修工程有限公司,新北市新莊區中央路226號24樓,袁晨晏,20000000,82/10/23,115/09/10,增資,E599010 配管工程業；E601010 電器承裝業；E601020 電器安裝業；E603090 照明設備安裝工程業；E801010 室內裝潢業；E801020 門窗安裝工程業；E801030 室內輕鋼架工程業；E801040 玻璃安裝工程業；E801060 室內裝修業；E801070 廚具、衛浴設備安裝工程業,新北市,變更,11509
84651786,台灣新興化成股份有限公司,新北市新莊區立信三街12巷18號4樓,胡碧蘭,5000000,82/12/29,115/09/10,特殊補正,A101020 農作物栽培業；A102020 農產品整理業；A102050 作物栽培服務業；F399040 無店面零售業；F201010 農產品零售業；ZZ99999 除許可業務外，得經營法令非禁止或限制之業務,新北市,變更,11509
84663349,原砌工程有限公司,新北市淡水區學府路51巷1弄14號2樓,陳張滿子,1000000,83/01/13,115/09/21,股東出資轉讓修正章程,,新北市,變更,11509
84679406,真旺家具股份有限公司,新北市三峽區民生街106之3號2樓,陳貴田,5000000,83/01/31,115/09/11,特殊補正,F205040 家具、寢具、廚房器具、裝設品零售業；I503010 景觀、室內設計業；E801010 室內裝潢業；F399040 無店面零售業；F401010 國際貿易業；I301010 資訊軟體服務業；ZZ99999 除許可業務外，得經營法令非禁止或限制之業務；I501010 產品設計業；F213010 電器零售業；F206010 五金零售業,新北市,變更,11509
84693420,九怡塑膠有限公司,新北市五股區四維路155巷36弄19號,潘韞升,2000000,83/02/22,115/09/23,特殊補正,CQ01010 模具製造業。；F106030 模具批發業。；F206030 模具零售業。,新北市,變更,11509
84702498,台灣士瑞克保全股份有限公司,新北市林口區文化二路1段266號16樓之1,黃偉才,130000000,82/11/08,115/09/07,改選董事/監察人(一人法人股東指派董事/監察人),,新北市,變更,11509
84756310,怡業股份有限公司,新北市新店區寶橋路235巷12號3樓,何立琪,500000000,83/02/25,115/09/21,董事/監察人持股變動報備,F113020 電器批發業；F113050 電腦及事務性機器設備批發業；F113070 電信器材批發業；F213060 電信器材零售業；F213010 電器零售業；F213030 電腦及事務性機器設備零售業；F113990 其他機械器具批發業；F107030 清潔用品批發業；F102170 食品什貨批發業；F401010 國際貿易業,新北市,變更,11509
84802243,逢盛營造工程股份有限公司,新北市中和區圓通路158巷5弄9號5樓,歐陽良吉,20450000,83/03/15,115/09/23,改選董事/監察人(一人法人股東指派董事/監察人),,新北市,變更,11509
84815021,安禹自動化股份有限公司,新北市三重區重新路5段609巷14號5樓之9,賴漢忠,50000000,83/03/28,115/09/18,特殊補正,E603050 自動控制設備工程業；E605010 電腦設備安裝業；EZ05010 儀器、儀表安裝工程業；I301010 資訊軟體服務業；CC01010 發電、輸電、配電機械製造業,新北市,變更,11509
84845432,國新營造股份有限公司,新北市三重區過圳街18號12樓之1,李孟晟,70480000,83/04/25,115/09/07,董事/監察人持股變動報備,E101011 綜合營造業；E601010 電器承裝業；H701010 住宅及大樓開發租售業；ZZ99999 除許可業務外，得經營法令非禁止或限制之業務,新北市,變更,11509
84853713,台灣冠進有限公司,新北市新莊區新泰路321巷11號(1樓),江炳桔,45000000,83/05/02,115/09/22,增資,H201010 一般投資業；H703090 不動產買賣業；H703100 不動產租賃業；CC01080 電子零組件製造業；F119010 電子材料批發業；F219010 電子材料零售業；ZZ99999 除許可業務外，得經營法令非禁止或限制之業務；C104020 烘焙炊蒸食品製造業；F102170 食品什貨批發業；F203010 食品什貨、飲料零售業,新北市,變更,11509
84857318,千倫汽車有限公司,新北市土城區中央路3段13號,張亮振,6000000,83/05/04,115/09/07,股東出資轉讓修正章程,F114010 汽車批發業；F114030 汽、機車零件配備批發業；F114050 車胎批發業；F114990 其他交通運輸工具及其零件批發業；F214010 汽車零售業；F214030 汽、機車零件配備零售業；F214050 車胎零售業；F214990 其他交通運輸工具及其零件零售業；F401010 國際貿易業；JA01010 汽車修理業,新北市,變更,11509
84868173,鈺泉有限公司,新北市五股區中興路1段140巷1號,陳麗琴,850000,83/05/12,115/09/14,股東出資轉讓修正章程,CA02030 螺絲、螺帽、螺絲釘、及鉚釘等製品製造業；F106010 五金批發業；F206010 五金零售業；F401010 國際貿易業；ZZ99999 除許可業務外，得經營法令非禁止或限制之業務,新北市,變更,11509
84885074,九裕電機有限公司,新北市新莊區中央路293號14樓,陳國松,27000000,83/05/25,115/09/24,申登機關變更（遷入，含卷）,E501011 自來水管承裝商(依本府115年8月31日府經公字第1150247946號函)；E601010 電器承裝業；E601020 電器安裝業；E599010 配管工程業；E603010 電纜安裝工程業；E603050 自動控制設備工程業；E603040 消防安全設備安裝工程業；E604010 機械安裝業；E801070 廚具、衛浴設備安裝工程業；EZ06010 交通標示工程業,新北市,變更,11509
84955583,智威科技股份有限公司,新北市新店區復興路43號2樓,鍾宇鵬,346954080,83/06/02,115/09/14,發行新股,,新北市,變更,11509
84960967,百承行建設開發股份有限公司,新北市土城區青雲路145號2樓,許哲榮,29000000,83/06/07,115/09/08,改選董事/監察人(一人法人股東指派董事/監察人),,新北市,變更,11509
84970677,眾陽機械製造股份有限公司,新北市土城區中華路1段236號1樓,陳信達,100000000,83/06/16,115/09/09,改選董事/監察人(一人法人股東指派董事/監察人),CB01010 機械設備製造業；CB01990 其他機械製造業；CA02030 螺絲、螺帽、螺絲釘、及鉚釘等製品製造業；CA02990 其他金屬製品製造業；CC01010 發電、輸電、配電機械製造業；CC01110 電腦及其週邊設備製造業；E603080 交通號誌安裝工程業；E604010 機械安裝業；F113010 機械批發業；F113020 電器批發業,新北市,變更,11509
85007594,水悅清潔有限公司,新北市淡水區新生街90巷7號,陳亭妤,1000000,108/11/19,115/09/21,公司所營事業變更修正章程,J101010 建築物清潔服務業；J101020 病媒防治業；J101030 廢棄物清除業；J101040 廢棄物處理業；J101060 廢（污）水處理業；J101090 廢棄物清理業；J101990 其他環境衛生及污染防治服務業；E801010 室內裝潢業；A102080 園藝服務業；I503010 景觀、室內設計業,新北市,變更,11509
85011513,敏全工程有限公司,新北市板橋區館前西路213巷28號,洪小琪,500000,108/08/23,115/09/07,改推董事/董事長,E599010 配管工程業；E601010 電器承裝業；E601020 電器安裝業；E604010 機械安裝業；E801070 廚具、衛浴設備安裝工程業；EZ02010 起重工程業；EZ99990 其他工程業；F106040 水器材料批發業；F111090 建材批發業；F113020 電器批發業,新北市,變更,11509
85011577,新玉鑫投資有限公司,新北市土城區承天路35之1號,郭玉婷,37000000,108/08/23,115/09/21,增資,H201010 一般投資業；H202010 創業投資業；H703090 不動產買賣業；H703100 不動產租賃業；HZ02010 金融機構金錢債權收買業務；HZ02020 辦理金融機構金錢債權之評價或拍賣業務；ZZ99999 除許可業務外，得經營法令非禁止或限制之業務,新北市,變更,11509
85012604,冠軍團隊國際有限公司,新北市中和區中原街99號4樓,施宏洋,10050000,108/08/29,115/09/03,改推董事/董事長,F102170 食品什貨批發業；F102040 飲料批發業；F106020 日常用品批發業；F107030 清潔用品批發業；F108040 化粧品批發業；F113020 電器批發業；F118010 資訊軟體批發業；F119010 電子材料批發業；F199990 其他批發業；F203010 食品什貨、飲料零售業,新北市,變更,11509
85014146,聚力智能科技股份有限公司,新北市汐止區大同路1段235號7樓之3,張右坪,20000000,108/08/26,115/09/04,特殊補正,IG02010 研究發展服務業；IG03010 能源技術服務業；IZ09010 管理系統驗證業；E601010 電器承裝業；E603050 自動控制設備工程業；EZ05010 儀器、儀表安裝工程業；A101020 農作物栽培業；A101050 花卉栽培業；A102080 園藝服務業；F107200 化學原料批發業,新北市,變更,11509
85018157,尚仁實業股份有限公司,新北市中和區立德街19號(2樓),陳諭萱,8250000,108/09/12,115/09/07,公司所在地,C102010 乳品製造業；C104010 糖果製造業；C104020 烘焙炊蒸食品製造業；F102170 食品什貨批發業；F102020 食用油脂批發業；F121010 食品添加物批發業；F201010 農產品零售業；F201030 水產品零售業；F201020 畜產品零售業；F201990 其他農畜水產品零售業,新北市,變更,11509
85036768,郡銨開發有限公司,新北市中和區興南路2段399巷98號之1,戴采縈,300000,108/10/29,115/09/11,改推董事/董事長,F102030 菸酒批發業；F102040 飲料批發業；F102170 食品什貨批發業；F107990 其他化學製品批發業；F108040 化粧品批發業；F113020 電器批發業；F119010 電子材料批發業；F199990 其他批發業；F399040 無店面零售業；F401010 國際貿易業,新北市,變更,11509
85036922,興利富實業有限公司,新北市三重區五福街39號,曾彥勳,1000000,108/10/30,115/09/08,公司所在地,E599010 配管工程業；E601010 電器承裝業；E601020 電器安裝業；E603090 照明設備安裝工程業；E606010 用電設備檢驗維護業；EZ99990 其他工程業；F106010 五金批發業；F113020 電器批發業；F213010 電器零售業；F401010 國際貿易業,新北市,變更,11509
85042950,帕斯特有限公司,新北市土城區中華路1段56巷7號,黃信智,2000000,108/11/21,115/09/29,公司所在地,F401010 國際貿易業；F399040 無店面零售業；F106020 日常用品批發業；F206020 日常用品零售業；F104110 布疋、衣著、鞋、帽、傘、服飾品批發業；F204110 布疋、衣著、鞋、帽、傘、服飾品零售業；F213010 電器零售業；F299990 其他零售業；F102170 食品什貨批發業；F203010 食品什貨、飲料零售業,新北市,變更,11509
85043640,鉦繨有限公司,新北市新莊區中央路558號2樓,鄭至彣,5000000,108/11/26,115/09/29,特殊補正,F104110 布疋、衣著、鞋、帽、傘、服飾品批發業；F107020 染料、顏料批發業；F107170 工業助劑批發業；F401010 國際貿易業；I101110 紡織顧問業；ZZ99999 除許可業務外，得經營法令非禁止或限制之業務,新北市,變更,11509
85071595,翊光電子股份有限公司,新北市中和區中正路738號15樓之5,李宗翰,30000000,108/10/18,115/09/09,特殊補正,CB01990 其他機械製造業；CC01010 發電、輸電、配電機械製造業；CC01990 其他電機及電子機械器材製造業；D101050 汽電共生業；D101060 再生能源自用發電設備業；D401010 熱能供應業；E601010 電器承裝業；E601020 電器安裝業；E604010 機械安裝業；E606010 用電設備檢驗維護業,新北市,變更,11509
85075760,竑旺廣告有限公司,新北市淡水區新市二路4段60號11樓,高明宇,5000000,108/11/07,115/09/30,股東出資轉讓修正章程,I401010 一般廣告服務業；JB01010 會議及展覽服務業；E801010 室內裝潢業；H703090 不動產買賣業；H703100 不動產租賃業；I401020 廣告傳單分送業；I503010 景觀、室內設計業；F111090 建材批發業；F205040 家具、寢具、廚房器具、裝設品零售業；F211010 建材零售業,新北市,變更,11509
85083699,睿盟投資股份有限公司,新北市三重區國隆路26號,鄭瑞賓,600000,108/12/11,115/09/21,特殊補正,H201010 一般投資業；H202010 創業投資業；I103060 管理顧問業；H701010 住宅及大樓開發租售業；H701020 工業廠房開發租售業；H703090 不動產買賣業；H703100 不動產租賃業；HZ99990 其他金融、保險及不動產業；I102010 投資顧問業；I199990 其他顧問服務業,新北市,變更,11509
85093021,天裕香料有限公司,新北市土城區千歲路31號2樓,田怡涓,1000000,108/09/10,115/09/11,公司所在地,C114010 食品添加物製造業；C802200 塗料、油漆、染料及顏料製造業；F102030 菸酒批發業；F107990 其他化學製品批發業；F121010 食品添加物批發業；F203010 食品什貨、飲料零售業；F203020 菸酒零售業；F207990 其他化學製品零售業；F221010 食品添加物零售業；F401010 國際貿易業,新北市,變更,11509
85093319,今向揚科技股份有限公司,新北市新莊區新樹路207號之18,陳忠貴,10000000,108/09/11,115/09/22,特殊補正,C805030 塑膠日用品製造業；C805050 工業用塑膠製品製造業；C805990 其他塑膠製品製造業；CB01010 機械設備製造業；CC01030 電器及視聽電子產品製造業；CC01080 電子零組件製造業；CC01110 電腦及其週邊設備製造業；CQ01010 模具製造業；CZ99990 未分類其他工業製品製造業；F106010 五金批發業,新北市,變更,11509
85098927,台灣莎夏國際有限公司,新北市汐止區保長路470號9樓,莊庭珣,5000000,108/09/17,115/09/17,申登機關變更（遷入，含卷）,C201020 寵物食品製造業；C201010 飼料製造業；F202010 飼料零售業；F106060 寵物食品及其用品批發業；F107030 清潔用品批發業；F107200 化學原料批發業；F107990 其他化學製品批發業；F108040 化粧品批發業；F207030 清潔用品零售業；F207200 化學原料零售業,新北市,變更,11509
85114341,福思材料股份有限公司,新北市土城區忠承路91號8樓,陳衍文,47892390,108/10/28,115/09/08,申登機關變更（遷入，含卷）,C701010 印刷業；C901010 陶瓷及陶瓷製品製造業；C901020 玻璃及玻璃製品製造業；C901060 耐火材料製造業；C901990 其他非金屬礦物製品製造業；CA01990 其他非鐵金屬基本工業；CA02080 金屬鍛造業；CA02990 其他金屬製品製造業；CA04010 表面處理業；CA05010 粉末冶金業,新北市,變更,11509
85124903,喬邦國際開發有限公司,新北市板橋區中山路2段62號7樓之1,陳妙鳳,11000000,108/08/08,115/09/07,公司所營事業變更修正章程,F114010 汽車批發業；F214010 汽車零售業；F114020 機車批發業；F214020 機車零售業；F114030 汽、機車零件配備批發業；F214030 汽、機車零件配備零售業；F118010 資訊軟體批發業；F218010 資訊軟體零售業；I301010 資訊軟體服務業；F105050 家具、寢具、廚房器具、裝設品批發業,新北市,變更,11509
85126557,有豐路面機械有限公司,新北市汐止區福德一路86巷45號3樓,宋品佑,7500000,108/08/20,115/09/10,公司所在地,F107010 漆料、塗料批發業；F111090 建材批發業；F113010 機械批發業；F113020 電器批發業；F113090 交通標誌器材批發業；F113990 其他機械器具批發業；F113030 精密儀器批發業；F114030 汽、機車零件配備批發業；F114050 車胎批發業；F120010 耐火材料批發業,新北市,變更,11509
86011033,博達科技股份有限公司,新北市淡水區八勢里中正東路二段69之10號5樓,俞清松,4631201410,80/02/25,115/09/03,董事/監察人地址變更,,新北市,變更,11509
86011738,科麥股份有限公司,新北市汐止區康寧街169巷27號,賴淑櫻,88000000,80/02/27,115/09/16,改選董事/監察人(一人法人股東指派董事/監察人),F104110 布疋、衣著、鞋、帽、傘、服飾品批發業；F105050 家具、寢具、廚房器具、裝設品批發業；F106020 日常用品批發業；F106050 陶瓷玻璃器皿批發業；F109070 文教、樂器、育樂用品批發業；ZZ99999 除許可業務外，得經營法令非禁止或限制之業務；H701010 住宅及大樓開發租售業；H701020 工業廠房開發租售業；H703090 不動產買賣業；H703100 不動產租賃業,新北市,變更,11509
86029370,飛麒科技股份有限公司,新北市中和區中山路2段350號6樓,柯本田,5000000,80/04/18,115/09/07,改選董事/監察人(一人法人股東指派董事/監察人),,新北市,變更,11509
86037667,立鴻營造工程股份有限公司,新北市汐止區新台五路1段92號11樓,王潔,115000000,80/05/06,115/09/21,特殊補正,E101011 綜合營造業；F111090 建材批發業；F211010 建材零售業；H701080 都市更新重建業；H701090 都市更新整建維護業；H701050 投資興建公共建設業；H703090 不動產買賣業；H703100 不動產租賃業；ZZ99999 除許可業務外，得經營法令非禁止或限制之業務,新北市,變更,11509
86093203,庭毅工業有限公司,新北市蘆洲區仁愛街190之8號,陳錦田,3000000,80/03/21,115/09/03,股東出資轉讓修正章程,,新北市,變更,11509
86097762,卡奇傳播事業有限公司,新北市新店區富貴街8巷11號2樓,莊喻惟,5000000,80/03/28,115/09/16,股東出資轉讓修正章程,J503041 廣播電視廣告業。；I401010 一般廣告服務業。；J304010 圖書出版業。；J305010 有聲出版業。,新北市,變更,11509
86102272,和謙實業有限公司,新北市五股區中興路1段10號2樓,蔡文棟,33000000,80/04/09,115/09/02,增資,CF01011 醫療器材製造業；C701010 印刷業；C601020 紙製造業；C601030 紙容器製造業；C601040 加工紙製造業；C601990 其他紙製品製造業；C805020 塑膠膜、袋製造業；F107190 塑膠膜、袋批發業；F108031 醫療器材批發業；F113050 電腦及事務性機器設備批發業,新北市,變更,11509
86124923,金豐建設股份有限公司,新北市三重區龍濱路2號,劉櫻玉,125000000,80/09/16,115/09/02,增資(資本總額),,新北市,變更,11509
86127251,勃信有限公司,新北市淡水區民族路31之25號11樓之3,王淑卿,5000000,80/05/10,115/09/22,股東出資轉讓修正章程,ZZ99999 除許可業務外，得經營法令非禁止或限制之業務,新北市,變更,11509
86129477,富智科技股份有限公司,新北市中和區連城路268號11樓之6,洪坤載,10000000,80/05/15,115/09/07,特殊補正,ZZ99999 除許可業務外，得經營法令非禁止或限制之業務．,新北市,變更,11509
86130919,臺昱企業股份有限公司,新北市汐止區康寧街169巷29之1號2樓之3,沈明傑,20000000,80/05/18,115/09/22,特殊補正,,新北市,變更,11509
86131733,金碗國際股份有限公司,新北市三重區重新路5段609巷18號3樓之5,馬文軒,350000000,80/05/21,115/09/23,增資(資本總額),CC01060 有線通信機械器材製造業；CC01070 無線通信機械器材製造業；CC01080 電子零組件製造業；CC01990 其他電機及電子機械器材製造業；CD01030 汽車及其零件製造業；CE01030 光學儀器製造業；F119010 電子材料批發業；F401010 國際貿易業；F401021 電信管制射頻器材輸入業；I501010 產品設計業,新北市,變更,11509
86166232,牧凱企業有限公司,新北市汐止區樟樹一路145巷14號11樓之2,華溱溱,5000000,80/08/06,115/09/21,特殊補正,F401010 國際貿易業；F118010 資訊軟體批發業；JZ99990 未分類其他服務業；ZZ99999 除許可業務外，得經營法令非禁止或限制之業務,新北市,變更,11509
86176702,桂弘企業有限公司,新北市新莊區四維路119巷3號9樓,顏廷芳,5000000,80/05/02,115/09/07,股東出資轉讓修正章程,I301010 資訊軟體服務業。；I301020 資料處理服務業。；I301030 電子資訊供應服務業。；I401010 一般廣告服務業。,新北市,變更,11509
86177189,長健企業有限公司,新北市三重區忠孝路3段50巷41弄14號(1樓),張英倡,1500000,80/05/03,115/09/21,特殊補正,,新北市,變更,11509
86182731,精桂企業有限公司,新北市泰山區文程路13之1號13樓,蔡如萍,5000000,80/05/01,115/09/17,改推董事/董事長,,新北市,變更,11509
86185913,億信興業有限公司,新北市樹林區佳園路3段41號,楊宗穎,20000000,80/05/13,115/09/29,特殊補正,F119010 電子材料批發業；F219010 電子材料零售業；F106010 五金批發業；F206010 五金零售業；F106030 模具批發業；F206030 模具零售業；CC01110 電腦及其週邊設備製造業；CA01100 鋁材軋延、伸線、擠型業；CQ01010 模具製造業；C805030 塑膠日用品製造業,新北市,變更,11509
86213452,聯米企業股份有限公司,新北市樹林區光武街36巷1號,莊麗珠,400000000,80/06/13,115/09/15,改選董事/監察人(一人法人股東指派董事/監察人),A102060 糧商業；A101020 農作物栽培業；A102050 作物栽培服務業；ZZ99999 除許可業務外，得經營法令非禁止或限制之業務；G799990 其他運輸輔助業；G801010 倉儲業；A101011 種苗業；F101081 種苗批發業；F201061 種苗零售業；F401071 種苗輸出入業,新北市,變更,11509
86215509,伸揚工業股份有限公司,新北市林口區工二工業區工四路42號,蔡忠義,76000000,80/06/14,115/09/04,改選董事/監察人(一人法人股東指派董事/監察人),CD01030 汽車及其零件製造業；CA02990 其他金屬製品製造業；F401010 國際貿易業；CD01040 機車及其零件製造業；CA02030 螺絲、螺帽、螺絲釘、及鉚釘等製品製造業；F106010 五金批發業；ZZ99999 除許可業務外，得經營法令非禁止或限制之業務；F199990 其他批發業；F299990 其他零售業,新北市,變更,11509
86271115,精侯企業有限公司,新北市蘆洲區正和街96巷42號1樓,侯力元,5000000,80/08/26,115/09/16,股東出資轉讓修正章程,,新北市,變更,11509
86273768,摩典科技有限公司,新北市三重區光復路2段102巷48之1號,李志清,24000000,80/08/28,115/09/07,股東出資轉讓修正章程,,新北市,變更,11509
86291055,津日股份有限公司,新北市新店區中興路2段192號6樓,鄭惠珠,100000000,80/10/02,115/09/30,增資(資本總額),F113070 電信器材批發業；F113110 電池批發業；F119010 電子材料批發業；F213060 電信器材零售業；F219010 電子材料零售業；F401010 國際貿易業；CC01080 電子零組件製造業；CC01110 電腦及其週邊設備製造業；IZ09010 管理系統驗證業；ZZ99999 除許可業務外，得經營法令非禁止或限制之業務,新北市,變更,11509
86381788,台灣夏普股份有限公司,新北市土城區中山路16號7樓,永峯英行,160000000,80/12/09,115/09/30,董事/監察人證照變更,F113020 電器批發業；F113050 電腦及事務性機器設備批發業；F113070 電信器材批發業；F119010 電子材料批發業；F213010 電器零售業；F213030 電腦及事務性機器設備零售業；F213060 電信器材零售業；F219010 電子材料零售業；G801010 倉儲業；JZ99050 仲介服務業,新北市,變更,11509
86397640,山府有限公司,新北市新店區中正路538巷10號1樓,杜錦霞,15000000,80/11/15,115/09/09,股東出資轉讓修正章程,CB01990 其他機械製造業；CC01010 發電、輸電、配電機械製造業；CC01080 電子零組件製造業；CC01110 電腦及其週邊設備製造業；CC01990 其他電機及電子機械器材製造業；E599010 配管工程業；E601020 電器安裝業；E603010 電纜安裝工程業；E603050 自動控制設備工程業；E603090 照明設備安裝工程業,新北市,變更,11509
86411544,揚合實業有限公司,新北市汐止區茄苳路265號,廖家偉,10000000,80/11/30,115/09/21,特殊補正,F113020 電器批發業；E603090 照明設備安裝工程業；E601020 電器安裝業；E601010 電器承裝業；F113070 電信器材批發業；F117010 消防安全設備批發業；F120010 耐火材料批發業；F106010 五金批發業；F401010 國際貿易業；ZZ99999 除許可業務外，得經營法令非禁止或限制之業務,新北市,變更,11509
86415133,龍竣工程有限公司,新北市新店區和成街18巷12號,葉武勇,3000000,80/12/04,115/09/22,公司所營事業變更修正章程,E599010 配管工程業；E603090 照明設備安裝工程業；E604010 機械安裝業；EZ07010 鑽孔工程業；EZ99990 其他工程業；F113010 機械批發業；CB01010 機械設備製造業；CC01010 發電、輸電、配電機械製造業；I199990 其他顧問服務業；ZZ99999 除許可業務外，得經營法令非禁止或限制之業務,新北市,變更,11509
86429713,亞哲股份有限公司,新北市三重區重新路5段609巷8號3樓之1,朱曉江,20000000,80/12/18,115/09/02,改選董事/監察人(一人法人股東指派董事/監察人),F113030 精密儀器批發業；F213040 精密儀器零售業；F119010 電子材料批發業；F219010 電子材料零售業；F401010 國際貿易業；F401021 電信管制射頻器材輸入業；ZZ99999 除許可業務外，得經營法令非禁止或限制之業務；I103060 管理顧問業；IZ12010 人力派遣業；CC01101 電信管制射頻器材製造業,新北市,變更,11509
86487059,首都機械股份有限公司,新北市淡水區新春街91巷9號6樓,莊博鈞,6000000,81/02/21,115/09/03,公司所營事業變更修正章程,CB01010 機械設備製造業；E604010 機械安裝業；E603010 電纜安裝工程業；E603020 電梯安裝工程業；F106010 五金批發業；F106030 模具批發業；F113010 機械批發業；F113020 電器批發業；F113030 精密儀器批發業；F113050 電腦及事務性機器設備批發業,新北市,變更,11509
86487918,立隆實業股份有限公司,新北市三重區重新路5段609巷4號10樓之2,林得輝,30000000,81/02/24,115/09/29,改選董事/監察人(一人法人股東指派董事/監察人),F104110 布疋、衣著、鞋、帽、傘、服飾品批發業；F204110 布疋、衣著、鞋、帽、傘、服飾品零售業；C302010 織布業；C301010 紡紗業；C307010 服飾品製造業；F401010 國際貿易業；F109070 文教、樂器、育樂用品批發業；F209060 文教、樂器、育樂用品零售業；ZZ99999 除許可業務外，得經營法令非禁止或限制之業務,新北市,變更,11509
86512819,貝強實業有限公司,新北市汐止區新台五路1段99號22樓之8,羅維鳳,7000000,81/04/16,115/09/04,增資,F107070 動物用藥品批發業；F113050 電腦及事務性機器設備批發業；F119010 電子材料批發業；F207070 動物用藥零售業；F213030 電腦及事務性機器設備零售業；F219010 電子材料零售業；F106010 五金批發業；F206010 五金零售業；F401010 國際貿易業；ZZ99999 除許可業務外，得經營法令非禁止或限制之業務,新北市,變更,11509
86518692,鴻輝建設有限公司,新北市板橋區民族路201號10樓,呂羅麗華,150000000,81/01/27,115/09/24,公司所在地,,新北市,變更,11509
86528761,藝泰彩色印刷有限公司,新北市中和區立業路83巷19號,涂志偉,1000000,81/01/04,115/09/23,股東出資轉讓修正章程,,新北市,變更,11509
86550186,新宏都營造股份有限公司,新北市新莊區中信街151號3樓,王冰元,130000000,81/01/28,115/09/01,特殊補正,E101011 綜合營造業；H701010 住宅及大樓開發租售業；H701020 工業廠房開發租售業；H701040 特定專業區開發業；H701050 投資興建公共建設業；H701060 新市鎮、新社區開發業；H701070 區段徵收及市地重劃代辦業；H701080 都市更新重建業；H701090 都市更新整建維護業；F111090 建材批發業,新北市,變更,11509
86559980,祖德有限公司,新北市新莊區復興路3段54號(1樓),林金雀,1100000,81/02/17,115/09/04,股東出資轉讓修正章程,,新北市,變更,11509
86617356,皓昌有限公司,新北市板橋區縣民大道3段89號,李淑惠,1000000,81/04/14,115/09/18,改推董事/董事長,,新北市,變更,11509
86687922,瑞明建設股份有限公司,新北市樹林區復興路225巷6號,賴許仁慈,35000000,81/06/13,115/09/11,特殊補正,H701010 住宅及大樓開發租售業；H701020 工業廠房開發租售業；H703090 不動產買賣業；H703100 不動產租賃業；D101060 再生能源自用發電設備業；F111090 建材批發業；F211010 建材零售業；ZZ99999 除許可業務外，得經營法令非禁止或限制之業務,新北市,變更,11509
86702249,光泰資訊股份有限公司,新北市中和區中正路868之2號6樓,王裕德,5000000,81/05/08,115/09/07,減資,F113030 精密儀器批發業；F113050 電腦及事務性機器設備批發業；F113070 電信器材批發業；F118010 資訊軟體批發業；F213040 精密儀器零售業；F213030 電腦及事務性機器設備零售業；F213060 電信器材零售業；F218010 資訊軟體零售業；F401010 國際貿易業；E605010 電腦設備安裝業,新北市,變更,11509
86714857,緯致科技股份有限公司,新北市汐止區新台五路一段93號32樓,蕭清志,743263860,81/06/01,115/09/21,一般補正案,I301010 資訊軟體服務業；I301030 電子資訊供應服務業；I301020 資料處理服務業；E605010 電腦設備安裝業；F118010 資訊軟體批發業；F218010 資訊軟體零售業；I199990 其他顧問服務業；ZZ99999 除許可業務外，得經營法令非禁止或限制之業務,新北市,變更,11509
86754604,日觀實業股份有限公司,新北市新店區北新路3段219號16樓,林美東,7500000000,81/06/13,115/09/16,董事/監察人持股變動報備,A102020 農產品整理業；A102041 休閒農業；A102050 作物栽培服務業；A102080 園藝服務業；C104020 烘焙炊蒸食品製造業；C110010 飲料製造業；C199990 未分類其他食品製造業；C306010 成衣業；C501060 木質容器製造業；C501990 其他木製品製造業,新北市,變更,11509
86788695,皓宇通信工程有限公司,新北市三重區安慶街190號1樓,嚴殿鵬,2000000,81/07/11,115/09/21,股東出資轉讓修正章程,E599010 配管工程業；E601020 電器安裝業；E603010 電纜安裝工程業；E603050 自動控制設備工程業；E605010 電腦設備安裝業；E701011 電信工程業；F113020 電器批發業；F113050 電腦及事務性機器設備批發業；F113070 電信器材批發業；F119010 電子材料批發業,新北市,變更,11509
86805174,廣聖有限公司,新北市林口區隆林街220號,李基福,5000000,81/07/27,115/09/10,股東出資轉讓修正章程,H701010 住宅及大樓開發租售業；H701020 工業廠房開發租售業；F106010 五金批發業；F106020 日常用品批發業；C601020 紙製造業；C601030 紙容器製造業；C601040 加工紙製造業,新北市,變更,11509
86816073,群益機電股份有限公司,新北市汐止區大同路3段369巷32號(3樓),林義雄,5000000,81/08/05,115/09/11,改選董事/監察人(一人法人股東指派董事/監察人),F114030 汽、機車零件配備批發業；F114040 自行車及其零件批發業；F119010 電子材料批發業；F213010 電器零售業；F213030 電腦及事務性機器設備零售業；F213040 精密儀器零售業；F213060 電信器材零售業；F213080 機械器具零售業；F213990 其他機械器具零售業；F214030 汽、機車零件配備零售業,新北市,變更,11509
86834467,銘遠工程有限公司,新北市新莊區萬安街165巷7之4號,蘇秋爭,18000000,81/08/22,115/09/23,股東出資轉讓修正章程,,新北市,變更,11509
86841782,萬九科技股份有限公司,新北市三重區新北大道二段260號10樓之3,陳宥儒,24000000,81/08/31,115/09/14,特殊補正,C306010 成衣業；C307010 服飾品製造業；C399990 其他紡織及製品製造業；CB01010 機械設備製造業；CB01020 事務機器製造業；CB01990 其他機械製造業；CC01010 發電、輸電、配電機械製造業；CC01030 電器及視聽電子產品製造業；CC01080 電子零組件製造業；CC01110 電腦及其週邊設備製造業,新北市,變更,11509
86842570,德鑫雷射切割股份有限公司,新北市新莊區化成路403巷32號,戴淑玲,21000000,81/08/31,115/09/16,特殊補正,CA01050 鋼材二次加工業；F106010 五金批發業；H703100 不動產租賃業；CA02990 其他金屬製品製造業；CB01010 機械設備製造業；F111090 建材批發業；F206010 五金零售業；F211010 建材零售業；F401010 國際貿易業；ZZ99999 除許可業務外，得經營法令非禁止或限制之業務,新北市,變更,11509
86845746,萬代福營造有限公司,新北市五股區成泰路1段2號8樓,潘國順,150000000,81/07/29,115/09/29,股東出資轉讓修正章程,E101011 綜合營造業；F111090 建材批發業；F211010 建材零售業；F401010 國際貿易業；ZZ99999 除許可業務外，得經營法令非禁止或限制之業務,新北市,變更,11509
86852507,萬兆企業有限公司,新北市淡水區淡金路3段397號(2樓、3樓),王木義,5000000,81/08/10,115/09/02,公司所在地,,新北市,變更,11509
86870934,億泰發電機有限公司,新北市林口區東湖路93巷99號,李岳樺,18600000,81/09/21,115/09/04,特殊補正,CC01010 發電、輸電、配電機械製造業；E601020 電器安裝業；JE01010 租賃業；F213010 電器零售業；E599010 配管工程業；E603090 照明設備安裝工程業；F106010 五金批發業；F213040 精密儀器零售業；F213080 機械器具零售業；F219010 電子材料零售業,新北市,變更,11509
86880623,瑞盛科技股份有限公司,新北市新店區寶興路45巷6弄4號4樓,尤莎,10000000,81/10/17,115/09/15,特殊補正,ZZ99999 除許可業務外，得經營法令非禁止或限制之業務；CC01010 發電、輸電、配電機械製造業；CB01010 機械設備製造業；CC01990 其他電機及電子機械器材製造業；E603050 自動控制設備工程業；F219010 電子材料零售業；F401010 國際貿易業；H703090 不動產買賣業；H703100 不動產租賃業,新北市,變更,11509
86891972,新漢股份有限公司,新北市中和區中正路920號9樓,林茂昌,1412264720,81/11/14,115/09/08,補繳規費,CC01030 電器及視聽電子產品製造業；CC01060 有線通信機械器材製造業；CC01070 無線通信機械器材製造業；CC01080 電子零組件製造業；CC01101 電信管制射頻器材製造業；CC01110 電腦及其週邊設備製造業；CC01990 其他電機及電子機械器材製造業；CE01010 一般儀器製造業；E605010 電腦設備安裝業；E701040 簡易電信設備安裝業,新北市,變更,11509
86942418,華貿行實業股份有限公司,新北市五股區五權七路52號4樓,吳紹楓,10000000,81/09/19,115/09/02,董事/監察人持股變動報備,,新北市,變更,11509
86970666,伸緯企業股份有限公司,新北市樹林區大安路512號9樓,呂學進,5000000,81/10/22,115/09/15,特殊補正,,新北市,變更,11509
86991276,優如企業股份有限公司,新北市新莊區民安東路139巷20號(1樓),劉朝陽,16000000,81/11/17,115/09/24,改選董事/監察人(一人法人股東指派董事/監察人),,新北市,變更,11509
86994597,長鑫加油站有限公司,新北市新莊區中山路1段146號,許玉鳳,28000000,81/11/20,115/09/24,股東出資轉讓修正章程,F401010 國際貿易業；ZZ99999 除許可業務外，得經營法令非禁止或限制之業務,新北市,變更,11509
89117355,輝益科技有限公司,新北市三重區三和路4段211號5樓之18,黃詩涵,1000000,112/02/13,115/09/22,特殊補正,I301010 資訊軟體服務業；ZZ99999 除許可業務外，得經營法令非禁止或限制之業務；F109070 文教、樂器、育樂用品批發業；I101090 食品顧問業；I103060 管理顧問業；F203010 食品什貨、飲料零售業；F119010 電子材料批發業；F219010 電子材料零售業；F399040 無店面零售業；F113010 機械批發業,新北市,變更,11509
89118002,如奕開發有限公司,新北市樹林區福順街25號3樓,梁育雯,1000000,112/02/14,115/09/17,股東出資轉讓修正章程,H701020 工業廠房開發租售業；H701010 住宅及大樓開發租售業；H703090 不動產買賣業；H703100 不動產租賃業；JZ99050 仲介服務業；I102010 一般投資顧問業；I103060 管理顧問業；F401010 國際貿易業；G801010 倉儲業；ZZ99999 除許可業務外，得經營法令非禁止或限制之業務,新北市,變更,11509
89124378,尚法亞有限公司,新北市新莊區中正路514巷53弄28號(4樓),蔡詠妍,5000000,112/01/18,115/09/02,增資,C805990 其他塑膠製品製造業；CD01030 汽車及其零件製造業；CQ01010 模具製造業；F102040 飲料批發業；F102050 茶葉批發業；F102170 食品什貨批發業；F104110 布疋、衣著、鞋、帽、傘、服飾品批發業；F105050 家具、寢具、廚房器具、裝設品批發業；F106010 五金批發業；F106020 日常用品批發業,新北市,變更,11509
89129465,相信貓科技有限公司,新北市新莊區民安西路232號2樓,鍾瑞傑,1700000,111/12/08,115/09/04,公司所在地,F102170 食品什貨批發業；F104110 布疋、衣著、鞋、帽、傘、服飾品批發業；F106020 日常用品批發業；F106060 寵物食品及其用品批發業；F107070 動物用藥品批發業；F113020 電器批發業；F113050 電腦及事務性機器設備批發業；F118010 資訊軟體批發業；F201980 其他動物零售業；F202010 飼料零售業,新北市,變更,11509
89132882,思維美國際企業有限公司,新北市汐止區樟樹一路268之3號4樓,胡沛瑜,1000000,112/01/04,115/09/02,董事/股東更名,F104110 布疋、衣著、鞋、帽、傘、服飾品批發業；F106020 日常用品批發業；F108040 化粧品批發業；F101100 花卉批發業；F107030 清潔用品批發業；F113030 精密儀器批發業；F115010 首飾及貴金屬批發業；F201070 花卉零售業；F203010 食品什貨、飲料零售業；F204110 布疋、衣著、鞋、帽、傘、服飾品零售業,新北市,變更,11509
89157270,捷出股份有限公司,新北市新莊區五權一路1號8樓之2,林鎮平,5000000,111/11/17,115/09/29,董事/監察人持股變動報備,B601010 土石採取業；D101060 再生能源自用發電設備業；E402010 沙石、淤泥海拋業；E603010 電纜安裝工程業；E801010 室內裝潢業；EZ99990 其他工程業；F107030 清潔用品批發業；F207030 清潔用品零售業；I103060 管理顧問業；IG03010 能源技術服務業,新北市,變更,11509
89159045,鴻圖整合行銷有限公司,新北市板橋區民生路1段59號3樓,黃珮娟,1000000,112/01/07,115/09/16,公司所在地,F104110 布疋、衣著、鞋、帽、傘、服飾品批發業；F109070 文教、樂器、育樂用品批發業；F204110 布疋、衣著、鞋、帽、傘、服飾品零售業；F209060 文教、樂器、育樂用品零售業；F401010 國際貿易業；F601010 智慧財產權業；E601020 電器安裝業；E603090 照明設備安裝工程業；E605010 電腦設備安裝業；E801010 室內裝潢業,新北市,變更,11509
89159122,志睦開發事業股份有限公司,新北市新店區自強路90號,劉家任,4000000,112/01/07,115/09/22,特殊補正,B601010 土石採取業；E401010 疏濬業；E801010 室內裝潢業；F106010 五金批發業；F111090 建材批發業；F115020 礦石批發業；F199010 回收物料批發業；F206010 五金零售業；F211010 建材零售業；F215020 礦石零售業,新北市,變更,11509
89164342,富涵投資股份有限公司,新北市新店區中正路四維巷2弄6號4樓,胡慈瑛,28800000,112/01/11,115/09/10,董事/監察人持股變動報備,H201010 一般投資業,新北市,變更,11509
89181095,昌阜股份有限公司,新北市中和區中正路7號(1樓),游重厚,34010000,112/02/04,115/09/01,增資(資本總額),ZZ99999 除許可業務外，得經營法令非禁止或限制之業務；H703100 不動產租賃業；H703110 老人住宅業；H701010 住宅及大樓開發租售業；H201010 一般投資業；I103060 管理顧問業；I301010 資訊軟體服務業；I301020 資料處理服務業；I301030 電子資訊供應服務業；F399040 無店面零售業,新北市,變更,11509
89181285,昕陽國際事業有限公司,新北市永和區國中路132巷2號3樓,林志陽,100000,112/02/06,115/09/02,公司所營事業變更修正章程,IZ99990 其他工商服務業；F106020 日常用品批發業；F206020 日常用品零售業；F104110 布疋、衣著、鞋、帽、傘、服飾品批發業；F204110 布疋、衣著、鞋、帽、傘、服飾品零售業；F109070 文教、樂器、育樂用品批發業；F209060 文教、樂器、育樂用品零售業；F113030 精密儀器批發業；F213040 精密儀器零售業；F208040 化粧品零售業,新北市,變更,11509
89186161,岳鋐工程有限公司,新北市淡水區興仁路28號,陳佑庭,1000000,111/12/05,115/09/01,特殊補正,F106010 五金批發業；F111090 建材批發業；F107010 漆料、塗料批發業；E402010 沙石、淤泥海拋業；E801010 室內裝潢業；E801030 室內輕鋼架工程業；ZZ99999 除許可業務外，得經營法令非禁止或限制之業務,新北市,變更,11509
89193536,承禹四方股份有限公司,新北市三重區重新路5段609巷18號3樓之4,蔡修禮,29500000,111/12/13,115/09/17,增資(資本總額),H201010 一般投資業,新北市,變更,11509
89193888,承霖永續股份有限公司,新北市三重區重新路5段609巷18號3樓之2,蔡修禮,29500000,111/12/14,115/09/18,增資(資本總額),H201010 一般投資業,新北市,變更,11509
89194129,陞科股份有限公司,新北市中和區國光街112巷2弄10號(1樓),劉建宗,461094,111/12/16,115/09/04,特殊補正,H201010 一般投資業,新北市,變更,11509
89194205,資飛科技有限公司,新北市板橋區三民路2段37號23樓之1,徐夢潔,1000000,111/12/15,115/09/24,特殊補正,E605010 電腦設備安裝業；F109070 文教、樂器、育樂用品批發業；F113050 電腦及事務性機器設備批發業；F118010 資訊軟體批發業；F209060 文教、樂器、育樂用品零售業；F213030 電腦及事務性機器設備零售業；F218010 資訊軟體零售業；F401010 國際貿易業；F601010 智慧財產權業；I103060 管理顧問業,新北市,變更,11509
89194520,宣辰有限公司,新北市新莊區龍安路59號3樓,吳堯鈞,500000,111/12/15,115/09/17,股東出資轉讓修正章程,CA02010 金屬結構及建築組件製造業；CB01010 機械設備製造業；CB01990 其他機械製造業；CC01010 發電、輸電、配電機械製造業；CD01020 軌道車輛及其零件製造業；F106010 五金批發業；F113010 機械批發業；F401010 國際貿易業；ZZ99999 除許可業務外，得經營法令非禁止或限制之業務,新北市,變更,11509
89194704,典居室內裝修有限公司,新北市土城區青仁路68號4樓,林景瀚,5000000,111/12/16,115/09/23,增資,E801060 室內裝修業；E801010 室內裝潢業；F105050 家具、寢具、廚房器具、裝設品批發業；F205040 家具、寢具、廚房器具、裝設品零售業；F111090 建材批發業；F211010 建材零售業；F401010 國際貿易業；I105010 藝術品諮詢顧問業；I199990 其他顧問服務業；I401010 一般廣告服務業,新北市,變更,11509
89197511,喵喵有約有限公司,新北市新莊區中港路677號,梁峻豪,5000000,112/01/16,115/09/17,特殊補正,F501030 飲料店業；F501060 餐館業；F501990 其他餐飲業；F102040 飲料批發業；F102050 茶葉批發業；F203010 食品什貨、飲料零售業；F203020 菸酒零售業；F203030 酒精零售業；F201980 其他動物零售業；F101980 其他動物批發業,新北市,變更,11509
89240073,三龍投資股份有限公司,新北市板橋區吳鳳路50巷41號,鄭立松,90000000,83/08/15,115/09/11,特殊補正,,新北市,變更,11509
89303013,聿得企業股份有限公司,新北市林口區仁愛路1段26號,林哲宏,12000000,84/01/13,115/09/01,改選董事/監察人(一人法人股東指派董事/監察人),,新北市,變更,11509
89316559,凱琳實業有限公司,新北市中和區中正路716號7樓之5,羅婉嘉,5000000,84/01/26,115/09/16,公司所在地,F104010 布疋批發業。；C701010 印刷業。１﹒一般進出口貿易業務（許可業務除外）。２﹒木材之買賣業務。３﹒汽車及汽車零件之買賣業務。４﹒五金、機械、電腦週邊設備之買賣業務。５﹒魚產、海產之買賣業務。６﹒服飾、百貨、雜貨之買賣業務。７﹒前各項有關產品之進出口買賣業務。；F104020 成衣批發業。,新北市,變更,11509
89320879,潤鉅股份有限公司,新北市淡水區水源街2段92巷5弄3號4樓,林國棟,20000000,84/02/04,115/09/08,董事(常務董事.董事長)/監察人解任,E604010 機械安裝業；E605010 電腦設備安裝業；E801010 室內裝潢業；F113010 機械批發業；F113030 精密儀器批發業；F113050 電腦及事務性機器設備批發業；F118010 資訊軟體批發業；F211010 建材零售業；F213030 電腦及事務性機器設備零售業；F213040 精密儀器零售業,新北市,變更,11509
89342016,漢鑫油品有限公司,新北市蘆洲區中山一路95巷22弄1號1樓,陳雨婷,10000000,84/03/02,115/09/17,改推董事/董事長,B102010 石油及天然氣礦業；C801020 石油化工原料製造業；C803990 其他石油及煤製品製造業；F112040 石油製品批發業；F212050 石油製品零售業；F401010 國際貿易業；J101010 建築物清潔服務業；J101030 廢棄物清除業；J101040 廢棄物處理業；J101050 環境檢測服務業,新北市,變更,11509
89345196,呈霖股份有限公司,新北市蘆洲區重陽一街9號,王介庸,20000000,84/03/06,115/09/07,特殊補正,IZ12010 人力派遣業；I301010 資訊軟體服務業；E605010 電腦設備安裝業；JE01010 租賃業；CC01070 無線通信機械器材製造業；CE01010 一般儀器製造業；CB01020 事務機器製造業；F113050 電腦及事務性機器設備批發業；F213030 電腦及事務性機器設備零售業；F218010 資訊軟體零售業,新北市,變更,11509
89373951,毅鎧企業有限公司,新北市五股區成泰路1段138號之1(1樓),陳鈞斐,1000000,84/04/08,115/09/21,公司所在地,F106010 五金批發業；F106020 日常用品批發業；F199990 其他批發業；F206010 五金零售業；F206020 日常用品零售業；F399990 其他綜合零售業；F401010 國際貿易業；ZZ99999 除許可業務外，得經營法令非禁止或限制之業務,新北市,變更,11509
89394013,台灣威樂益姆有限公司,新北市三重區重新路5段609巷6號2樓之3,吳信城,7500000,84/05/08,115/09/11,特殊補正,ZZ99999 除許可業務外，得經營法令非禁止或限制之業務,新北市,變更,11509
89394766,太電國際貿易股份有限公司,新北市三重區重新路5段609巷10之11號,苑竣唐,10050000,84/05/18,115/09/04,申登機關變更（遷入，含卷）,H201010 一般投資業；F106010 五金批發業；F113010 機械批發業；F113020 電器批發業；F119010 電子材料批發業；F199990 其他批發業；F206010 五金零售業；F213010 電器零售業；F219010 電子材料零售業；F299990 其他零售業,新北市,變更,11509
89453650,錢靚管理顧問有限公司,新北市新店區新烏路3段150號,楊欣慧,1000000,84/04/26,115/09/18,股東出資轉讓修正章程,I102010 投資顧問業；I103060 管理顧問業；I101070 農、林、漁、畜牧顧問業；IZ12010 人力派遣業；I401020 廣告傳單分送業；J101010 建築物清潔服務業；B601010 土石採取業；A101011 種苗業；A102080 園藝服務業；A201040 森林遊樂區經營業,新北市,變更,11509
89458711,大乙傳播事業有限公司,新北市三重區重新路4段137號3樓,陳國傑,3000000,84/05/10,115/09/15,股東出資轉讓修正章程,I401010 一般廣告服務業；F109070 文教、樂器、育樂用品批發業；F209060 文教、樂器、育樂用品零售業；F401010 國際貿易業；J303010 雜誌（期刊）出版業；J304010 圖書出版業；J305010 有聲出版業；J399010 軟體出版業；J399990 其他出版業；J401010 電影片製作業,新北市,變更,11509
89496932,麗源建設股份有限公司,新北市新莊區昌平里中華路3段218號9樓,林君紋,2000000000,84/04/27,115/09/03,一般補正案,H701050 投資興建公共建設業；H703040 攤位出租業；G202010 停車場經營業；H701010 住宅及大樓開發租售業；H701020 工業廠房開發租售業；H701060 新市鎮、新社區開發業；E801010 室內裝潢業；I401010 一般廣告服務業；I503010 景觀、室內設計業；F111030 磚、瓦、石建材批發業,新北市,變更,11509
89509248,顯茂工程有限公司,新北市中和區民治街11巷7之1號(2樓),陳世峯,30000000,84/05/09,115/09/04,股東出資轉讓修正章程,E501011 自來水管承裝商；E601010 電器承裝業；E601020 電器安裝業；E603090 照明設備安裝工程業；E801010 室內裝潢業；E801020 門窗安裝工程業；E801030 室內輕鋼架工程業；E801040 玻璃安裝工程業；E801070 廚具、衛浴設備安裝工程業；E901010 油漆工程業,新北市,變更,11509
89510499,國牷開發實業有限公司,新北市林口區文化二路2段169號17樓之1,王彩蓮,10000000,84/05/10,115/09/01,改推董事/董事長,A401010 畜牧場經營業；A401020 家畜禽飼育業；A401040 畜牧服務業；E604010 機械安裝業；EZ05010 儀器、儀表安裝工程業；F103010 飼料批發業；F113010 機械批發業；F113030 精密儀器批發業；F113060 度量衡器批發業；F202010 飼料零售業,新北市,變更,11509
89518324,光齊企業股份有限公司,新北市樹林區千歲街92巷7弄4號1樓,呂文杰,5000000,84/05/17,115/09/23,改選董事/監察人(一人法人股東指派董事/監察人),,新北市,變更,11509
89558177,信溢工業有限公司,新北市樹林區學勤路578號6樓,,1000000,84/06/19,115/09/17,解散,,新北市,變更,11509
89573873,翊百企業股份有限公司,新北市板橋區三民路2段21巷15號2樓,高旻鴻,1000000,84/07/01,115/09/04,改選董事/監察人(一人法人股東指派董事/監察人),F109070 文教、樂器、育樂用品批發業；F209060 文教、樂器、育樂用品零售業；C701010 印刷業；F199990 其他批發業；F299990 其他零售業；F401010 國際貿易業；ZZ99999 除許可業務外，得經營法令非禁止或限制之業務,新北市,變更,11509
89574140,偉群精密鋼模股份有限公司,新北市樹林區八德街420號,謝照旭,5000000,84/07/01,115/09/08,改選董事/監察人(一人法人股東指派董事/監察人),,新北市,變更,11509
89574401,雷音電子股份有限公司,新北市新店區中正路190號12樓,周世華,150000000,84/06/24,115/09/11,改選董事/監察人(一人法人股東指派董事/監察人),,新北市,變更,11509
89614348,天渥股份有限公司,新北市新店區北新路1段293號7樓,武傳恩,29119600,84/10/09,115/09/15,特殊補正,F113070 電信器材批發業；F119010 電子材料批發業；F118010 資訊軟體批發業；F218010 資訊軟體零售業；F219010 電子材料零售業；F213030 電腦及事務性機器設備零售業；F401010 國際貿易業；F213060 電信器材零售業；F102170 食品什貨批發業；F107030 清潔用品批發業,新北市,變更,11509
89645617,安力士實業有限公司,新北市蘆洲區長安街274巷22號(1樓),王教文,1200000,84/07/22,115/09/22,公司所在地,F206010 五金零售業；F106010 五金批發業；F113990 其他機械器具批發業；F213080 機械器具零售業；JA02990 其他修理業；JE01010 租賃業；ZZ99999 除許可業務外，得經營法令非禁止或限制之業務,新北市,變更,11509
89670663,云風智控科技股份有限公司,新北市三重區興德路100號8樓,許志淞,76568880,84/08/14,115/09/21,公司名稱變更修正章程,E599010 配管工程業；E601010 電器承裝業；E601020 電器安裝業；E603010 電纜安裝工程業；E603050 自動控制設備工程業；E603110 冷作工程業；EZ15010 保溫、保冷安裝工程業；EZ99990 其他工程業；CA02010 金屬結構及建築組件製造業；F401010 國際貿易業,新北市,變更,11509
89691392,泱泱股份有限公司,新北市五股區中興路3段1之7號,李得民,10000000,84/09/04,115/09/10,特殊補正,J101030 廢棄物清除業；J101080 資源回收業；F199010 回收物料批發業；F401010 國際貿易業；ZZ99999 除許可業務外，得經營法令非禁止或限制之業務,新北市,變更,11509
89705115,圓訊股份有限公司,新北市中和區中山路2段136巷2號,曾士哲,3600000,84/09/19,115/09/29,公司所在地,F113010 機械批發業；F113020 電器批發業；F113050 電腦及事務性機器設備批發業；F113070 電信器材批發業；F113990 其他機械器具批發業；F118010 資訊軟體批發業；F119010 電子材料批發業；F213010 電器零售業；F213030 電腦及事務性機器設備零售業；F213060 電信器材零售業,新北市,變更,11509
89737952,富喬文化事業有限公司,新北市中和區橋和路87號4樓,相錫平,2000000,84/10/27,115/09/29,股東出資轉讓修正章程,C701010 印刷業；C703010 印刷品裝訂及加工業；F106010 五金批發業；F109070 文教、樂器、育樂用品批發業；F118010 資訊軟體批發業；F209060 文教、樂器、育樂用品零售業；F399040 無店面零售業；F401010 國際貿易業；G801010 倉儲業；H201010 一般投資業,新北市,變更,11509
89808978,優尚實業有限公司,新北市三峽區白雞路53之6號,張喬奇,1000000,84/12/16,115/09/17,股東出資轉讓修正章程,,新北市,變更,11509
89833771,松柏林家具有限公司,新北市淡水區新市二路2段98號13樓,蘇寶鳳,3000000,83/08/30,115/09/01,改推董事/董事長,,新北市,變更,11509
89843089,麥格樂股份有限公司,新北市板橋區中山路1段293之1號13樓之1,張依琳,5000000,83/09/07,115/09/04,特殊補正,F111090 建材批發業；F106010 五金批發業；F106040 水器材料批發業；F105050 家具、寢具、廚房器具、裝設品批發業；F107010 漆料、塗料批發業；F113020 電器批發業；F117010 消防安全設備批發業；F199990 其他批發業；F205040 家具、寢具、廚房器具、裝設品零售業；F206010 五金零售業,新北市,變更,11509
89856041,立曜紡織股份有限公司,新北市三重區興德路111之1號12樓,莊雅茹,29002000,83/09/22,115/09/24,特殊補正,C301010 紡紗業；C302010 織布業；C306010 成衣業；C801120 人造纖維製造業；F104110 布疋、衣著、鞋、帽、傘、服飾品批發業；F204110 布疋、衣著、鞋、帽、傘、服飾品零售業；F401010 國際貿易業；H201010 一般投資業；H703090 不動產買賣業；H703100 不動產租賃業,新北市,變更,11509
89886241,晟濠有限公司,新北市汐止區水源路2段22巷18號12樓,沈敬樺,5000000,83/10/21,115/09/14,改推董事/董事長,F401010 國際貿易業；F111090 建材批發業；F211010 建材零售業；J101090 廢棄物清理業；E801010 室內裝潢業；J101010 建築物清潔服務業；J101030 廢棄物清除業；J101040 廢棄物處理業；J101050 環境檢測服務業；J101060 廢（污）水處理業,新北市,變更,11509
90003008,密涅瓦科技有限公司,新北市新莊區中安街37號5樓,黃于玲,2000000,111/12/08,115/09/24,特殊補正,F108031 醫療器材批發業；F208031 醫療器材零售業；F213040 精密儀器零售業；F213030 電腦及事務性機器設備零售業；F401010 國際貿易業；EZ05010 儀器、儀表安裝工程業；I501010 產品設計業；F118010 資訊軟體批發業；F119010 電子材料批發業；F218010 資訊軟體零售業,新北市,變更,11509
90003231,感謝台灣日本美食有限公司,新北市中和區景平路367號,,1500000,111/12/09,115/09/03,經理人解任,F501030 飲料店業；F501060 餐館業；F501990 其他餐飲業；ZZ99999 除許可業務外，得經營法令非禁止或限制之業務,新北市,變更,11509
90018585,柒壹點伍有限公司,新北市中和區建八路2號7樓,王彤嘉,1000000,111/10/27,115/09/08,特殊補正,F204110 布疋、衣著、鞋、帽、傘、服飾品零售業；F205040 家具、寢具、廚房器具、裝設品零售業；F206020 日常用品零售業；F399040 無店面零售業；ZZ99999 除許可業務外，得經營法令非禁止或限制之業務；F104110 布疋、衣著、鞋、帽、傘、服飾品批發業；F105050 家具、寢具、廚房器具、裝設品批發業；I502010 服飾設計業；J401010 電影片製作業；JZ99030 攝影業,新北市,變更,11509
90028824,日久室內裝修工程有限公司,新北市新店區安和路3段9巷9號5樓,楊思蘩,1000000,111/11/21,115/09/04,特殊補正,E801010 室內裝潢業；E801060 室內裝修業；E801070 廚具、衛浴設備安裝工程業；E801020 門窗安裝工程業；E801030 室內輕鋼架工程業；E801040 玻璃安裝工程業；E901010 油漆工程業；EZ99990 其他工程業；ZZ99999 除許可業務外，得經營法令非禁止或限制之業務；E601010 電器承裝業,新北市,變更,11509
90034678,豐赫有限公司,新北市新莊區新樹路67巷8號,陳士平,15000000,111/10/18,115/09/09,股東出資轉讓修正章程,F113010 機械批發業；F213080 機械器具零售業；F113990 其他機械器具批發業；F213990 其他機械器具零售業；F113020 電器批發業；F213010 電器零售業；F199990 其他批發業；F299990 其他零售業；D101060 再生能源自用發電設備業；D401010 熱能供應業,新北市,變更,11509
90036021,浩磊營造有限公司,新北市金山區信義路80號3樓,謝恕蓉,6100000,111/10/24,115/09/30,增資,E101011 綜合營造業；E599010 配管工程業；E601010 電器承裝業；E603040 消防安全設備安裝工程業；E603050 自動控制設備工程業；E603080 交通號誌安裝工程業；E603090 照明設備安裝工程業；E605010 電腦設備安裝業；E606010 用電設備檢驗維護業；E801010 室內裝潢業,新北市,變更,11509
90036388,鉅商有限公司,新北市土城區大安路16巷8號5樓,陳志欣,200000,111/10/25,115/09/24,特殊補正,F401010 國際貿易業；H701010 住宅及大樓開發租售業；H701020 工業廠房開發租售業；JE01010 租賃業；JZ99050 仲介服務業；F104110 布疋、衣著、鞋、帽、傘、服飾品批發業；F204110 布疋、衣著、鞋、帽、傘、服飾品零售業；F399040 無店面零售業；F205040 家具、寢具、廚房器具、裝設品零售業；F206020 日常用品零售業,新北市,變更,11509
90038371,寶仕嘉不動產仲介經紀有限公司,新北市新莊區後港一路82號(1樓),黃筠斐,1000000,111/11/08,115/09/04,公司所營事業變更修正章程,H701010 住宅及大樓開發租售業；H701020 工業廠房開發租售業；H703100 不動產租賃業；H703090 不動產買賣業；H704031 不動產仲介經紀業；H706011 租賃住宅代管業；H706021 租賃住宅包租業；ZZ99999 除許可業務外，得經營法令非禁止或限制之業務；I102010 一般投資顧問業；I103060 管理顧問業,新北市,變更,11509
90038864,非魚國際有限公司,新北市新店區中正路529之1號9樓,熊仕傑,300000000,111/09/23,115/09/30,增資,H201010 一般投資業；H703100 不動產租賃業；H703090 不動產買賣業；H701020 工業廠房開發租售業；H701010 住宅及大樓開發租售業,新北市,變更,11509
90045062,將將國際股份有限公司,新北市三重區中興北街240巷6號,鄭瑞賓,990000,111/10/05,115/09/22,特殊補正,H201010 一般投資業,新北市,變更,11509
90045936,宸熙丰悦建設開發股份有限公司,新北市板橋區重慶路183號,洪貴玲,6000000,111/10/07,115/09/10,公司所在地,H701010 住宅及大樓開發租售業；H701020 工業廠房開發租售業；H701040 特定專業區開發業；H701050 投資興建公共建設業；H701060 新市鎮、新社區開發業；H701070 區段徵收及市地重劃代辦業；H701080 都市更新重建業；H702010 建築經理業；H703090 不動產買賣業；H703100 不動產租賃業,新北市,變更,11509
90051887,朝昌國際投資有限公司,新北市三重區明德街10號(2樓),陳思瑋,5000000,111/09/13,115/09/24,股東出資轉讓修正章程,H201010 一般投資業；ZZ99999 除許可業務外，得經營法令非禁止或限制之業務,新北市,變更,11509
90056102,奧雅科技股份有限公司,新北市林口區文化二路2段115號24樓之2,曹登凱,1000000,111/10/05,115/09/18,公司所在地,C301010 紡紗業；C302010 織布業；C303010 不織布業；C305010 印染整理業；C306010 成衣業；C307010 服飾品製造業；C399990 其他紡織及製品製造業；F104110 布疋、衣著、鞋、帽、傘、服飾品批發業；F105050 家具、寢具、廚房器具、裝設品批發業；F106010 五金批發業,新北市,變更,11509
90062385,胤盛股份有限公司,新北市樹林區大安路636號6樓,詹金城,70000000,111/09/16,115/09/14,特殊補正,H201010 一般投資業；H202010 創業投資業；ZZ99999 除許可業務外，得經營法令非禁止或限制之業務,新北市,變更,11509
90062879,悅垠有限公司,新北市新店區復興路1巷3號,彭智宇,400000,111/09/19,115/09/07,股東出資轉讓修正章程,J101090 廢棄物清理業；J101080 資源回收業；J101030 廢棄物清除業；J101020 病媒防治業；J101010 建築物清潔服務業；F106010 五金批發業；F107030 清潔用品批發業；F207030 清潔用品零售業；F206010 五金零售業；IZ12010 人力派遣業,新北市,變更,11509
90063531,峻琪國際有限公司,新北市土城區金城路3段255號8樓之3,林思伶,1000000,111/09/20,115/09/01,改推董事/董事長,F113020 電器批發業；F213010 電器零售業；JA02010 電器及電子產品修理業；F106010 五金批發業；F206010 五金零售業；F106020 日常用品批發業；F206020 日常用品零售業；F108040 化粧品批發業；F208040 化粧品零售業；F101130 蔬果批發業,新北市,變更,11509
90068986,廓築資產管理股份有限公司,新北市板橋區板新路101號4樓,郭俊孝,10000000,111/11/10,115/09/01,特殊補正,H703100 不動產租賃業；H706011 租賃住宅代管業；H706021 租賃住宅包租業；I103060 管理顧問業；I199990 其他顧問服務業；JE01010 租賃業；E801010 室內裝潢業；E901010 油漆工程業；F206020 日常用品零售業；F206010 五金零售業,新北市,變更,11509
90072433,益捷資訊服務有限公司,新北市三重區中正北路15號4樓,林偉,1000000,111/10/24,115/09/04,申登機關變更（遷入，含卷）,E605010 電腦設備安裝業；F113050 電腦及事務性機器設備批發業；F213030 電腦及事務性機器設備零售業；F399040 無店面零售業；I301010 資訊軟體服務業；I301020 資料處理服務業；I301030 電子資訊供應服務業；I301040 第三方支付服務業；I401010 一般廣告服務業；IZ13010 網路認證服務業,新北市,變更,11509
90072932,信陞實業股份有限公司,新北市三重區光復路1段85號6樓,李世偉,4500000,111/09/07,115/09/07,補選董事(常務董事.董事長)/監察人,F205040 家具、寢具、廚房器具、裝設品零售業；F105050 家具、寢具、廚房器具、裝設品批發業；F120010 耐火材料批發業；F220010 耐火材料零售業；F106010 五金批發業；F106020 日常用品批發業；F106040 水器材料批發業；F113020 電器批發業；F113050 電腦及事務性機器設備批發業；F118010 資訊軟體批發業,新北市,變更,11509
90077177,佑昇國際運動事業股份有限公司,新北市淡水區英專路130之2號地下一層,林仲元,3500000,111/09/30,115/09/07,增資(資本總額),A401010 畜牧場經營業；A401060 其他動物服務業；A401990 其他畜牧業；F101980 其他動物批發業；F103010 飼料批發業；F104110 布疋、衣著、鞋、帽、傘、服飾品批發業；F109070 文教、樂器、育樂用品批發業；F201980 其他動物零售業；F202010 飼料零售業；F204110 布疋、衣著、鞋、帽、傘、服飾品零售業,新北市,變更,11509
90078719,定盈投資股份有限公司,新北市三重區重新路1段26號5樓,呂友麒,1500000000,111/11/04,115/09/29,增資(資本總額),H201010 一般投資業,新北市,變更,11509
90101253,好船股份有限公司,新北市新店區北新路1段293號18樓之1,潘俊宏,10509400,111/10/20,115/09/14,申登機關變更（遷入，含卷）,H201010 一般投資業；ZZ99999 除許可業務外，得經營法令非禁止或限制之業務,新北市,變更,11509
90111554,精敏生醫股份有限公司,新北市土城區中央路3段87號10樓及10樓之1,康美玉,18570000,111/12/26,115/09/08,特殊補正,CF01011 醫療器材製造業；E603050 自動控制設備工程業；E604010 機械安裝業；F108031 醫療器材批發業；F113030 精密儀器批發業；F113990 其他機械器具批發業；F208031 醫療器材零售業；F213040 精密儀器零售業；F213080 機械器具零售業；F213990 其他機械器具零售業,新北市,變更,11509
90113429,圓昌國際有限公司,新北市新莊區民安西路364巷12號,李昆銘,3000000,111/10/11,115/09/24,股東出資轉讓修正章程,CB01010 機械設備製造業；F104110 布疋、衣著、鞋、帽、傘、服飾品批發業；F106010 五金批發業；F112040 石油製品批發業；F114020 機車批發業；F114030 汽、機車零件配備批發業；F114040 自行車及其零件批發業；F114050 車胎批發業；F119010 電子材料批發業；F204110 布疋、衣著、鞋、帽、傘、服飾品零售業,新北市,變更,11509
90117810,香城有限公司,新北市淡水區新興街76號,楊麗文,6000000,111/10/28,115/09/30,申登機關變更（遷入，含卷）,F205040 家具、寢具、廚房器具、裝設品零售業；F204110 布疋、衣著、鞋、帽、傘、服飾品零售業；F206020 日常用品零售業；F401010 國際貿易業,新北市,變更,11509
90121151,大東環保股份有限公司,新北市新莊區民安西路252巷37號,王達生,36000000,111/09/14,115/09/04,董事長變更,J101010 建築物清潔服務業；J101020 病媒防治業；J101030 廢棄物清除業；J101040 廢棄物處理業；J101050 環境檢測服務業；J101060 廢（污）水處理業；J101070 放射性廢料處理服務業；J101080 資源回收業；J101090 廢棄物清理業；J101110 營建剩餘土石方資源處理業,新北市,變更,11509
90122200,創威訊科技股份有限公司,新北市中和區建八路202號5樓,李中旺,92111090,111/10/04,115/09/24,發行新股,CC01070 無線通信機械器材製造業；CC01080 電子零組件製造業；CC01100 電信管制射頻器材製造業；CC01110 電腦及其週邊設備製造業；CC01990 其他電機及電子機械器材製造業；CD01010 船舶及其零件製造業；CD01020 軌道車輛及其零件製造業；CD01030 汽車及其零件製造業；CD01060 航空器及其零件製造業；CD01990 其他運輸工具及其零件製造業,新北市,變更,11509
90167830,元盾資安股份有限公司,新北市中和區連城路268號13樓,宋桓杰,20000000,111/04/22,115/09/14,發行新股,CC01110 電腦及其週邊設備製造業；CC01120 資料儲存媒體製造及複製業；F118010 資訊軟體批發業；F218010 資訊軟體零售業；F401010 國際貿易業；I301010 資訊軟體服務業；I301020 資料處理服務業；I301030 電子資訊供應服務業；J303010 雜誌（期刊）出版業；J399010 軟體出版業,新北市,變更,11509
90170130,沃野建設股份有限公司,新北市土城區永豐路242巷3弄9號,廖偉丞,138000000,111/05/13,115/09/07,發行新股,E801010 室內裝潢業；F111090 建材批發業；F211010 建材零售業；F401010 國際貿易業；H201010 一般投資業；H701010 住宅及大樓開發租售業；H701020 工業廠房開發租售業；H701040 特定專業區開發業；H701050 投資興建公共建設業；H701060 新市鎮、新社區開發業,新北市,變更,11509
90170693,昀瑞科技股份有限公司,新北市新莊區化成路11巷58弄4號,李正青,200000,111/05/16,115/09/18,特殊補正,CC01110 電腦及其週邊設備製造業；F113020 電器批發業；F106040 水器材料批發業；F113030 精密儀器批發業；F113990 其他機械器具批發業；F213010 電器零售業；F206040 水器材料零售業；F213040 精密儀器零售業；F213990 其他機械器具零售業；F213030 電腦及事務性機器設備零售業,新北市,變更,11509
90175894,極敏系統整合股份有限公司,新北市板橋區大觀路2段77號(1樓),陳弘枝,2000000,111/04/26,115/09/23,特殊補正,F113070 電信器材批發業；F213060 電信器材零售業；I301010 資訊軟體服務業；I301020 資料處理服務業；I301030 電子資訊供應服務業；F113050 電腦及事務性機器設備批發業；F113030 精密儀器批發業；F118010 資訊軟體批發業；F218010 資訊軟體零售業；E605010 電腦設備安裝業,新北市,變更,11509
90199729,七號鮮物有限公司,新北市中和區立業路61巷3弄8號,王麒豪,3000000,111/03/25,115/09/23,公司所營事業變更修正章程,F101050 水產品批發業；F102170 食品什貨批發業；F201010 農產品零售業；F201020 畜產品零售業；F201030 水產品零售業；F203010 食品什貨、飲料零售業；F401010 國際貿易業；C103050 罐頭、冷凍、脫水及醃漬食品製造業；CZ99010 製冰業；ZZ99999 除許可業務外，得經營法令非禁止或限制之業務,新北市,變更,11509
90200850,宇盛舒活有限公司,新北市板橋區大觀路3段160巷34弄5號,林素玲,3000000,111/04/19,115/09/16,公司名稱變更修正章程,F106020 日常用品批發業；F102170 食品什貨批發業；F104110 布疋、衣著、鞋、帽、傘、服飾品批發業；F107010 漆料、塗料批發業；F107020 染料、顏料批發業；F106040 水器材料批發業；F107030 清潔用品批發業；F107050 肥料批發業；F107080 環境用藥批發業；F108040 化粧品批發業,新北市,變更,11509
90201226,金祥科技環保包裝有限公司,新北市樹林區俊興街228號(1樓),林扶桑,1000000,111/04/20,115/09/15,特殊補正,F107190 塑膠膜、袋批發業；F106020 日常用品批發業；F107030 清潔用品批發業；F106010 五金批發業；F105050 家具、寢具、廚房器具、裝設品批發業；F109070 文教、樂器、育樂用品批發業；C805020 塑膠膜、袋製造業；C805030 塑膠日用品製造業；CH01030 文具製造業；ZZ99999 除許可業務外，得經營法令非禁止或限制之業務,新北市,變更,11509
90201577,寶嘉同有限公司,新北市板橋區南雅南路1段1巷4號4樓,蕭伶茲,500000,111/04/20,115/09/30,特殊補正,H201010 一般投資業；H202010 創業投資業；H703090 不動產買賣業；H703100 不動產租賃業；I101090 食品顧問業；I102010 投資顧問業；I103060 管理顧問業；F104110 布疋、衣著、鞋、帽、傘、服飾品批發業；F204110 布疋、衣著、鞋、帽、傘、服飾品零售業；F106020 日常用品批發業,新北市,變更,11509
90201605,喬遷家顧問有限公司,新北市中和區忠孝街58巷26號,吳尚聯,500000,111/04/20,115/09/23,改推董事/董事長,E603040 消防安全設備安裝工程業；F117010 消防安全設備批發業；F217010 消防安全設備零售業；E801010 室內裝潢業；G202010 停車場經營業；H701010 住宅及大樓開發租售業；H703090 不動產買賣業；H703100 不動產租賃業；H701020 工業廠房開發租售業；H701050 投資興建公共建設業,新北市,變更,11509
90206849,高積科技有限公司,新北市三重區仁愛街366巷43號,蔡明彰,600000,111/03/28,115/09/04,特殊補正,F401010 國際貿易業；F199990 其他批發業；F106020 日常用品批發業；F106010 五金批發業；F102170 食品什貨批發業；F104110 布疋、衣著、鞋、帽、傘、服飾品批發業；F105050 家具、寢具、廚房器具、裝設品批發業；F299990 其他零售業；F399990 其他綜合零售業；F206020 日常用品零售業,新北市,變更,11509
90208375,昀集投資股份有限公司,新北市中和區建一路150號11樓之1,張振光,15500000,111/03/31,115/09/18,公司名稱變更修正章程,H201010 一般投資業；H701010 住宅及大樓開發租售業；H703090 不動產買賣業；H703100 不動產租賃業；ZZ99999 除許可業務外，得經營法令非禁止或限制之業務,新北市,變更,11509
90215018,和宸社會企業有限公司,新北市中和區中正路446號(1樓),林家宏,500000,111/03/31,115/09/14,公司所營事業變更修正章程,I103060 管理顧問業；I199990 其他顧問服務業；IZ12010 人力派遣業；IC01010 藥品檢驗業；JD01010 工商徵信服務業；JZ99990 未分類其他服務業；HZ99990 其他金融、保險及不動產業；ZZ99999 除許可業務外，得經營法令非禁止或限制之業務；F104110 布疋、衣著、鞋、帽、傘、服飾品批發業；F106020 日常用品批發業,新北市,變更,11509
90220672,銥泰股份有限公司,新北市永和區秀朗路1段168號,李宜泰,42000000,111/04/01,115/09/14,特殊補正,H201010 一般投資業；ZZ99999 除許可業務外，得經營法令非禁止或限制之業務,新北市,變更,11509
90221187,宥鴻環保有限公司,新北市淡水區淡金路38巷13號10樓,陳聖凱,5000000,111/04/07,115/09/04,改推董事/董事長,J101010 建築物清潔服務業；J101040 廢棄物處理業；J101030 廢棄物清除業；J101050 環境檢測服務業；J101080 資源回收業；J101090 廢棄物清理業；J101990 其他環境衛生及污染防治服務業；CB01030 污染防治設備製造業；E604010 機械安裝業；EZ05010 儀器、儀表安裝工程業,新北市,變更,11509
90230046,森達運動顧問有限公司,新北市汐止區大同路2段233號4樓,張家斌,500000,111/04/14,115/09/21,增資,F104110 布疋、衣著、鞋、帽、傘、服飾品批發業；F109070 文教、樂器、育樂用品批發業；F204110 布疋、衣著、鞋、帽、傘、服飾品零售業；F209060 文教、樂器、育樂用品零售業；F399040 無店面零售業；F401010 國際貿易業；I103060 管理顧問業；I199990 其他顧問服務業；IZ12010 人力派遣業；J202010 產業育成業,新北市,變更,11509
90261363,立達潮流股份有限公司,新北市板橋區縣民大道3段63巷2號(1樓),戴宏澄,1500000,111/03/09,115/09/16,特殊補正,F204110 布疋、衣著、鞋、帽、傘、服飾品零售業；F205040 家具、寢具、廚房器具、裝設品零售業；F206020 日常用品零售業；F209060 文教、樂器、育樂用品零售業；F399040 無店面零售業；F399990 其他綜合零售業；F401010 國際貿易業；ZZ99999 除許可業務外，得經營法令非禁止或限制之業務,新北市,變更,11509
90262102,宸信貿易有限公司,新北市新莊區五權一路1號之1(2樓),陳奕翔,5600000,111/03/10,115/09/09,增資,F104110 布疋、衣著、鞋、帽、傘、服飾品批發業；F204110 布疋、衣著、鞋、帽、傘、服飾品零售業；F113050 電腦及事務性機器設備批發業；F118010 資訊軟體批發業；F119010 電子材料批發業；I103060 管理顧問業；F401010 國際貿易業；F105050 家具、寢具、廚房器具、裝設品批發業；F205040 家具、寢具、廚房器具、裝設品零售業；F106020 日常用品批發業,新北市,變更,11509
90298729,尼克不動產有限公司,新北市板橋區中山路1段293之1號14樓之2,鄭云崴,1000000,111/07/06,115/09/01,董事/股東更名,H701010 住宅及大樓開發租售業；H701020 工業廠房開發租售業；H701050 投資興建公共建設業；H701060 新市鎮、新社區開發業；H702010 建築經理業；H703090 不動產買賣業；H703100 不動產租賃業；H201010 一般投資業；I503010 景觀、室內設計業；J101010 建築物清潔服務業,新北市,變更,11509
90299277,禾智全球有限公司,新北市汐止區康寧街169巷8之9號5樓,林政瑋,1000000,111/07/08,115/09/07,公司所在地,C501040 組合木材製造業；F104110 布疋、衣著、鞋、帽、傘、服飾品批發業；F105050 家具、寢具、廚房器具、裝設品批發業；F106010 五金批發業；F106020 日常用品批發業；F106030 模具批發業；F106050 陶瓷玻璃器皿批發業；F107030 清潔用品批發業；F109070 文教、樂器、育樂用品批發業；F113020 電器批發業,新北市,變更,11509
90300176,林口好成家不動產股份有限公司,新北市林口區中山路388號(1樓),吳怡箴,5000000,111/07/12,115/09/30,改選董事/監察人(一人法人股東指派董事/監察人),H704031 不動產仲介經紀業；H704041 不動產代銷經紀業；H703090 不動產買賣業；H703100 不動產租賃業；H701010 住宅及大樓開發租售業；J101010 建築物清潔服務業；IZ12010 人力派遣業；I401010 一般廣告服務業；I401020 廣告傳單分送業；E801010 室內裝潢業,新北市,變更,11509
90300318,和宜資產管理有限公司,新北市板橋區華江九路39號5樓,林宜慧,3000000,111/07/12,115/09/03,公司所營事業變更修正章程,F114010 汽車批發業；F114030 汽、機車零件配備批發業；F114050 車胎批發業；F214010 汽車零售業；F214030 汽、機車零件配備零售業；F214050 車胎零售業；I102010 一般投資顧問業；I103060 管理顧問業；I501010 產品設計業；IZ12010 人力派遣業,新北市,變更,11509
90301034,金滿意總合開發股份有限公司,新北市板橋區金門街260巷2號3樓之1,陳貞如,5000000,111/07/29,115/09/07,特殊補正,F111090 建材批發業；F106010 五金批發業；F105050 家具、寢具、廚房器具、裝設品批發業；F115020 礦石批發業；F120010 耐火材料批發業；F199010 回收物料批發業；F102030 菸酒批發業；F102170 食品什貨批發業；F211010 建材零售業；F206010 五金零售業,新北市,變更,11509
90301409,惠芯股份有限公司,新北市樹林區保安街1段190號3樓,陳昱森,1020000,111/08/01,115/09/11,特殊補正,H201010 一般投資業；H202010 創業投資業；H703090 不動產買賣業；H703100 不動產租賃業；I101090 食品顧問業；I102010 投資顧問業；I103060 管理顧問業；F204110 布疋、衣著、鞋、帽、傘、服飾品零售業；F104110 布疋、衣著、鞋、帽、傘、服飾品批發業；F206020 日常用品零售業,新北市,變更,11509
90302028,竣合科技有限公司,新北市土城區學府路1段164巷2弄15號,黃文慶,5000000,111/08/03,115/09/29,公司所營事業變更修正章程,E599010 配管工程業；E603110 冷作工程業；E604010 機械安裝業；E801010 室內裝潢業；E801030 室內輕鋼架工程業；E901010 油漆工程業；EZ99990 其他工程業；E603040 消防安全設備安裝工程業；EZ05010 儀器、儀表安裝工程業；E603090 照明設備安裝工程業,新北市,變更,11509
90307017,駿燿紙業有限公司,新北市中和區民享街4號,陳柏奕,2000000,111/07/13,115/09/18,股東出資轉讓修正章程,C701010 印刷業；C702010 製版業；C703010 印刷品裝訂及加工業；C601020 紙製造業；C601030 紙容器製造業；C601040 加工紙製造業；I501010 產品設計業；IZ10010 排版業；IZ12010 人力派遣業；F401010 國際貿易業,新北市,變更,11509
90307353,德恩國際有限公司,新北市林口區文化三路2段68號6樓,蔡正德,29060000,111/07/14,115/09/09,公司所在地,C103050 罐頭、冷凍、脫水及醃漬食品製造業；C104020 烘焙炊蒸食品製造業；C199030 即食餐食製造業；C199990 未分類其他食品製造業；F102030 菸酒批發業；F102050 茶葉批發業；F102170 食品什貨批發業；F104110 布疋、衣著、鞋、帽、傘、服飾品批發業；F105050 家具、寢具、廚房器具、裝設品批發業；F106020 日常用品批發業,新北市,變更,11509
90308634,旭業國際有限公司,新北市雙溪區光復街10號,連靜姬,1000000,111/06/28,115/09/01,特殊補正,F104110 布疋、衣著、鞋、帽、傘、服飾品批發業；F105050 家具、寢具、廚房器具、裝設品批發業；F106010 五金批發業；F106020 日常用品批發業；F106050 陶瓷玻璃器皿批發業；F114030 汽、機車零件配備批發業；F114040 自行車及其零件批發業；F204110 布疋、衣著、鞋、帽、傘、服飾品零售業；F205040 家具、寢具、廚房器具、裝設品零售業；F206010 五金零售業,新北市,變更,11509
90308851,升捷泡綿有限公司,新北市中和區福祥路142號,陳萬盛,200000,111/06/28,115/09/21,公司所在地,F107190 塑膠膜、袋批發業；F106020 日常用品批發業；F106010 五金批發業；F104110 布疋、衣著、鞋、帽、傘、服飾品批發業；F199990 其他批發業；F111090 建材批發業；C801100 合成樹脂及塑膠製造業；C805020 塑膠膜、袋製造業；C805050 工業用塑膠製品製造業；C805070 強化塑膠製品製造業,新北市,變更,11509
90323071,豊漁股份有限公司,新北市三重區光復路2段88巷22弄8號,朱理,290000000,111/06/21,115/09/01,特殊補正,C103050 罐頭、冷凍、脫水及醃漬食品製造業；C104020 烘焙炊蒸食品製造業；F101050 水產品批發業；F101130 蔬果批發業；F102050 茶葉批發業；F102170 食品什貨批發業；F106020 日常用品批發業；F201010 農產品零售業；F201030 水產品零售業；F203010 食品什貨、飲料零售業,新北市,變更,11509
90323213,智研精密有限公司,新北市鶯歌區文化路242號(1樓),張弘欣,300000,111/06/21,115/09/22,特殊補正,F106010 五金批發業；F113010 機械批發業；F113990 其他機械器具批發業；F206010 五金零售業；F213080 機械器具零售業；F213990 其他機械器具零售業；F401010 國際貿易業；F106030 模具批發業；F113030 精密儀器批發業；F113060 度量衡器批發業,新北市,變更,11509
90324085,雷崴科技電子有限公司,新北市汐止區新台五路1段93號21樓之6,蘇靜宜,200000,111/06/24,115/09/16,特殊補正,F119010 電子材料批發業；F113070 電信器材批發業；F113050 電腦及事務性機器設備批發業；E603090 照明設備安裝工程業；F111090 建材批發業；F106010 五金批發業；F106020 日常用品批發業；F104110 布疋、衣著、鞋、帽、傘、服飾品批發業；F107030 清潔用品批發業；F199990 其他批發業,新北市,變更,11509
90326318,僑園建築開發股份有限公司,新北市新莊區中華路3段76號,黃雋,9000000,111/06/27,115/09/04,特殊補正,H704031 不動產仲介經紀業；H201010 一般投資業；H702010 建築經理業；H701010 住宅及大樓開發租售業；H701080 都市更新重建業；G202010 停車場經營業；H701020 工業廠房開發租售業；H703090 不動產買賣業；H703100 不動產租賃業；I401010 一般廣告服務業,新北市,變更,11509
90348397,晨象有限公司,新北市板橋區中山路1段10號9樓,林湟錡,200000,111/07/19,115/09/02,公司所營事業變更修正章程,I102010 投資顧問業；I103060 管理顧問業；I199990 其他顧問服務業；F102170 食品什貨批發業；F104110 布疋、衣著、鞋、帽、傘、服飾品批發業；F105050 家具、寢具、廚房器具、裝設品批發業；F106020 日常用品批發業；F107030 清潔用品批發業；F108031 醫療器材批發業；F108040 化粧品批發業,新北市,變更,11509
90366599,五邦國際開發股份有限公司,新北市新莊區新北大道3段5號12樓之5,羅德華,5000000,111/07/20,115/09/11,特殊補正,I701011 就業服務業；IZ12010 人力派遣業；I102010 投資顧問業；I103060 管理顧問業；I199990 其他顧問服務業；ZZ99999 除許可業務外，得經營法令非禁止或限制之業務,新北市,變更,11509
90377358,成德國際有限公司,新北市板橋區三民路2段32號3樓,張沛清,6000000,111/08/19,115/09/21,特殊補正,F104110 布疋、衣著、鞋、帽、傘、服飾品批發業；F106010 五金批發業；F106020 日常用品批發業；F214020 機車零售業；F214010 汽車零售業；F213990 其他機械器具零售業；F299990 其他零售業；F401010 國際貿易業；F102040 飲料批發業；F102050 茶葉批發業,新北市,變更,11509
90377385,悅見室內裝修設計有限公司,新北市永和區保平路50巷8弄5號,梁瑜珊,1000000,111/08/19,115/09/29,特殊補正,CN01010 家具及裝設品製造業；E601020 電器安裝業；E603050 自動控制設備工程業；E603090 照明設備安裝工程業；E801010 室內裝潢業；E801020 門窗安裝工程業；E801030 室內輕鋼架工程業；E801040 玻璃安裝工程業；E801060 室內裝修業；E801070 廚具、衛浴設備安裝工程業,新北市,變更,11509
90378407,永騰照明科技有限公司,新北市樹林區俊安街58號,張書豪,1000000,111/08/23,115/09/23,董事/股東地址變更,F113020 電器批發業；E601010 電器承裝業；E601020 電器安裝業；E603090 照明設備安裝工程業；F105050 家具、寢具、廚房器具、裝設品批發業；F106010 五金批發業；F106040 水器材料批發業；F106020 日常用品批發業；F111090 建材批發業；F110020 眼鏡批發業,新北市,變更,11509
90383611,頤川有限公司,新北市三峽區民生街106之2號3樓,余建軒,2500000,111/07/27,115/09/09,特殊補正,F106010 五金批發業；F106030 模具批發業；F113010 機械批發業；F113030 精密儀器批發業；F119010 電子材料批發業；F206030 模具零售業；F213040 精密儀器零售業；F213080 機械器具零售業；F219010 電子材料零售業；F401010 國際貿易業,新北市,變更,11509
90403877,三重水漾飯店股份有限公司,新北市三重區捷運路77之1、77之2號,葉維迪,5000000,111/07/25,115/09/23,特殊補正,F203010 食品什貨、飲料零售業；F203020 菸酒零售業；F204110 布疋、衣著、鞋、帽、傘、服飾品零售業；F399990 其他綜合零售業；F501030 飲料店業；F401010 國際貿易業；F501060 餐館業；J901020 一般旅館業；ZZ99999 除許可業務外，得經營法令非禁止或限制之業務,新北市,變更,11509
90411644,光傑綠能服務股份有限公司,新北市樹林區鎮前街62號5樓之1,王政宏,2500000,110/09/17,115/09/09,特殊補正,H201010 一般投資業；F401010 國際貿易業；D101060 再生能源自用發電設備業；IG03010 能源技術服務業；ZZ99999 除許可業務外，得經營法令非禁止或限制之業務,新北市,變更,11509
90414086,廷霨國際有限公司,新北市汐止區大同路3段210號10樓,唐維廷,7500000,110/11/19,115/09/11,特殊補正,F113020 電器批發業；F113050 電腦及事務性機器設備批發業；F113070 電信器材批發業；F117010 消防安全設備批發業；F118010 資訊軟體批發業；F119010 電子材料批發業；F213010 電器零售業；F213030 電腦及事務性機器設備零售業；F213060 電信器材零售業；F216010 照相器材零售業,新北市,變更,11509
90414918,羿鋒營造有限公司,新北市板橋區文新路12號3樓,張嘉云,16000000,110/11/23,115/09/15,增資,E101011 綜合營造業；E599010 配管工程業；E801010 室內裝潢業；E801020 門窗安裝工程業；E801030 室內輕鋼架工程業；E801040 玻璃安裝工程業；E801070 廚具、衛浴設備安裝工程業；F111090 建材批發業；F211010 建材零售業；I503010 景觀、室內設計業,新北市,變更,11509
90422136,泓冠創投股份有限公司,新北市板橋區文化路2段250號5樓,陳朝鈞,7531750,110/10/25,115/09/07,特殊補正,H201010 一般投資業；H202010 創業投資業；ZZ99999 除許可業務外，得經營法令非禁止或限制之業務,新北市,變更,11509
90423043,詠聯新企業股份有限公司,新北市新莊區新樹路310巷10號,何義興,3000000,110/11/11,115/09/24,改選董事/監察人(一人法人股東指派董事/監察人),CA01050 鋼材二次加工業；CD01030 汽車及其零件製造業；CQ01010 模具製造業；CA02990 其他金屬製品製造業；CC01110 電腦及其週邊設備製造業；I501010 產品設計業；F106010 五金批發業；F114030 汽、機車零件配備批發業；F106030 模具批發業；F401010 國際貿易業,新北市,變更,11509
90440866,金鑽農產科技有限公司,新北市三峽區文化路212之3號3樓,許素婷,10000000,110/11/17,115/09/14,增資,A101020 農作物栽培業；A101050 花卉栽培業；A102020 農產品整理業；A102060 糧商業；A199990 其他農業；F101040 家畜家禽批發業；F101050 水產品批發業；F101100 花卉批發業；F101130 蔬果批發業；F101990 其他農、畜、水產品批發業,新北市,變更,11509
90445356,合續工程有限公司,新北市樹林區太平路150巷8號4樓,王俞翔,1000000,110/10/06,115/09/17,特殊補正,E599010 配管工程業；E601010 電器承裝業；E601020 電器安裝業；E603010 電纜安裝工程業；E603040 消防安全設備安裝工程業；E603050 自動控制設備工程業；E603090 照明設備安裝工程業；E604010 機械安裝業；E603100 電焊工程業；E701040 簡易電信設備安裝業,新北市,變更,11509
90445399,法芮可有限公司,新北市汐止區福德一路141巷11號(1樓),林懿研,500000,110/10/07,115/09/08,特殊補正,E605010 電腦設備安裝業；F113050 電腦及事務性機器設備批發業；F118010 資訊軟體批發業；F213030 電腦及事務性機器設備零售業；F218010 資訊軟體零售業；F401010 國際貿易業；I103060 管理顧問業；I199990 其他顧問服務業；I301010 資訊軟體服務業；I301020 資料處理服務業,新北市,變更,11509
90445497,默知科技有限公司,新北市新店區建業路13號(1樓),黃紹宇,100000,110/10/07,115/09/24,特殊補正,ZZ99999 除許可業務外，得經營法令非禁止或限制之業務；I301010 資訊軟體服務業；I301020 資料處理服務業；I301030 電子資訊供應服務業,新北市,變更,11509
90451223,破牆藝文活動有限公司,新北市樹林區光武街44之1號,李宥融,500000,110/09/22,115/09/24,公司印鑑變更,J601010 藝文服務業；J602010 演藝活動業；J799990 其他休閒服務業；I401010 一般廣告服務業；F109070 文教、樂器、育樂用品批發業；F204110 布疋、衣著、鞋、帽、傘、服飾品零售業；F104110 布疋、衣著、鞋、帽、傘、服飾品批發業；F203020 菸酒零售業；F102030 菸酒批發業；F102040 飲料批發業,新北市,變更,11509
90453658,鋼藝建材有限公司,新北市新莊區中信街176號17樓之6,陳韻如,2000000,110/10/14,115/09/23,特殊補正,F105050 家具、寢具、廚房器具、裝設品批發業；F106010 五金批發業；F106020 日常用品批發業；F106030 模具批發業；F106050 陶瓷玻璃器皿批發業；F107010 漆料、塗料批發業；F107030 清潔用品批發業；F108040 化粧品批發業；F111090 建材批發業；F113010 機械批發業,新北市,變更,11509
90459941,鋐易實業有限公司,新北市中和區員山路132巷24號3樓,王柏偉,1000000,110/09/15,115/09/18,特殊補正,F104110 布疋、衣著、鞋、帽、傘、服飾品批發業；F204110 布疋、衣著、鞋、帽、傘、服飾品零售業；F401010 國際貿易業；ZZ99999 除許可業務外，得經營法令非禁止或限制之業務；I401010 一般廣告服務業；I501010 產品設計業；C805010 塑膠皮、布、板、管材製造業；C805030 塑膠日用品製造業；C805050 工業用塑膠製品製造業；CZ99990 未分類其他工業製品製造業,新北市,變更,11509
90460124,城市教育事業有限公司,新北市三重區重新路4段206號14樓之5,李洹萱,3500000,110/09/16,115/09/08,特殊補正,JG01011 兒童課後照顧服務業；F109070 文教、樂器、育樂用品批發業；F209060 文教、樂器、育樂用品零售業；J304010 圖書出版業；F218010 資訊軟體零售業；F118010 資訊軟體批發業；ZZ99999 除許可業務外，得經營法令非禁止或限制之業務,新北市,變更,11509
90460139,寶食有限公司,新北市新莊區明中街49巷22號13樓,李珮瑤,1000000,110/09/16,115/09/01,公司所在地,F203010 食品什貨、飲料零售業；F101050 水產品批發業；F101990 其他農、畜、水產品批發業；F102170 食品什貨批發業；F201030 水產品零售業；F201990 其他農畜水產品零售業；ZZ99999 除許可業務外，得經營法令非禁止或限制之業務,新北市,變更,11509
90460314,山象智造有限公司,新北市中和區南山路283巷9號,黃吉祥,1000000,110/09/16,115/09/21,改推董事/董事長,F106010 五金批發業；F109070 文教、樂器、育樂用品批發業；F110010 鐘錶批發業；F111090 建材批發業；F113010 機械批發業；F113020 電器批發業；F113030 精密儀器批發業；F113050 電腦及事務性機器設備批發業；F113070 電信器材批發業；F113090 交通標誌器材批發業,新北市,變更,11509
90460709,健達建材有限公司,新北市新莊區中央路576號18樓,劉思廷,5000000,110/09/17,115/09/07,特殊補正,F106010 五金批發業；F111090 建材批發業；F206010 五金零售業；F211010 建材零售業；F401010 國際貿易業；J101030 廢棄物清除業；ZZ99999 除許可業務外，得經營法令非禁止或限制之業務；J101040 廢棄物處理業,新北市,變更,11509
90463868,有你共創數位股份有限公司,新北市汐止區大同路1段369號(2樓),李彥甫,131750000,110/10/26,115/09/21,認股憑證換發新股,J304010 圖書出版業；J601010 藝文服務業；J602010 演藝活動業；J701040 休閒活動場館業；J803020 運動比賽業；J803010 運動表演業；JB01010 會議及展覽服務業；I401010 一般廣告服務業；IZ06010 理貨包裝業；IZ99990 其他工商服務業,新北市,變更,11509
90473351,敦泓國際有限公司,新北市中和區景平路85號,黎清勝,23500000,110/11/03,115/09/21,增資,F106010 五金批發業；F106020 日常用品批發業；F109070 文教、樂器、育樂用品批發業；F113010 機械批發業；F113020 電器批發業；F113030 精密儀器批發業；F113050 電腦及事務性機器設備批發業；F113060 度量衡器批發業；F113070 電信器材批發業；F118010 資訊軟體批發業,新北市,變更,11509
90473893,橙鈿國際有限公司,新北市新店區北新路3段65巷34弄14號(1樓),葉乃綪,6500000,110/11/04,115/09/11,增資,J101010 建築物清潔服務業；J101020 病媒防治業；J101030 廢棄物清除業；J101040 廢棄物處理業；J101050 環境檢測服務業；J101060 廢（污）水處理業；J101080 資源回收業；J101090 廢棄物清理業；J101110 營建剩餘土石方資源處理業；J101990 其他環境衛生及污染防治服務業,新北市,變更,11509
90476651,立浩實業有限公司,新北市新莊區中正路803巷41號,周新喜,10000000,110/09/07,115/09/10,申登機關變更（遷入，含卷）,F113020 電器批發業；F213010 電器零售業；F119010 電子材料批發業；F219010 電子材料零售業；F114040 自行車及其零件批發業；F214040 自行車及其零件零售業；F114990 其他交通運輸工具及其零件批發業；F214990 其他交通運輸工具及其零件零售業；F109070 文教、樂器、育樂用品批發業；F209060 文教、樂器、育樂用品零售業,新北市,變更,11509
90483127,阜鼎有限公司,新北市新莊區五權一路1號7樓之3,張玲玲,40000000,110/08/31,115/09/07,特殊補正,H201010 一般投資業；ZZ99999 除許可業務外，得經營法令非禁止或限制之業務,新北市,變更,11509
90498297,衆崴能源股份有限公司,新北市土城區中央路4段49號,郭台強,1600000000,110/10/19,115/09/14,改派董事/監察人,E601010 電器承裝業；E603010 電纜安裝工程業；E604010 機械安裝業；E606010 用電設備檢驗維護業；IG03010 能源技術服務業；E401010 疏濬業；E402010 沙石、淤泥海拋業；E603050 自動控制設備工程業；EZ99990 其他工程業；F113010 機械批發業,新北市,變更,11509
90498450,竑全企業有限公司,新北市永和區成功路2段161巷2弄10號2樓,林倍余,300000,110/10/20,115/09/21,董事/股東更名,F102170 食品什貨批發業；F203010 食品什貨、飲料零售業；F399040 無店面零售業；F401010 國際貿易業；H701010 住宅及大樓開發租售業；H701060 新市鎮、新社區開發業；H702010 建築經理業；H703090 不動產買賣業；H703100 不動產租賃業；F501030 飲料店業,新北市,變更,11509
90498992,天勤健康生活事業有限公司,新北市板橋區文化路1段189號7樓,林詠翔,5000000,110/10/21,115/09/07,增資,IZ12010 人力派遣業；J202010 產業育成業；I103060 管理顧問業；I199990 其他顧問服務業；F206010 五金零售業；F206020 日常用品零售業；F209060 文教、樂器、育樂用品零售業；J101010 建築物清潔服務業；I301010 資訊軟體服務業；I401010 一般廣告服務業,新北市,變更,11509
90504967,基泰工程有限公司,新北市板橋區縣民大道3段392號,康成吉,9000000,110/09/22,115/09/30,增資,E801040 玻璃安裝工程業；E801030 室內輕鋼架工程業；E801020 門窗安裝工程業；EZ99990 其他工程業；E901010 油漆工程業；F102030 菸酒批發業；F102040 飲料批發業；F102050 茶葉批發業；F102170 食品什貨批發業；F104110 布疋、衣著、鞋、帽、傘、服飾品批發業,新北市,變更,11509
90505157,亞毅貿易有限公司,新北市蘆洲區三民路577號3樓,許慈輝,1000000,110/09/23,115/09/23,特殊補正,F114030 汽、機車零件配備批發業；F113070 電信器材批發業；F214030 汽、機車零件配備零售業；F213060 電信器材零售業；F401010 國際貿易業；F114990 其他交通運輸工具及其零件批發業；F206020 日常用品零售業；F214010 汽車零售業；F214050 車胎零售業；JA01010 汽車修理業,新北市,變更,11509
90507057,綠湖數位醫療設備股份有限公司,新北市中和區中正路868之6號6樓,吳昉冀,273700000,102/11/08,115/09/11,特殊補正,CF01011 醫療器材製造業；CN01010 家具及裝設品製造業；E801010 室內裝潢業；E801070 廚具、衛浴設備安裝工程業；EZ15010 保溫、保冷安裝工程業；F105050 家具、寢具、廚房器具、裝設品批發業；F108031 醫療器材批發業；F205040 家具、寢具、廚房器具、裝設品零售業；F208031 醫療器材零售業；F399040 無店面零售業,新北市,變更,11509
90570092,柏穎柏諺有限公司,新北市樹林區中興街67號7樓,張蕊虔,5000000,111/01/20,115/09/11,公司所營事業變更修正章程,D101060 再生能源自用發電設備業；H703100 不動產租賃業；ZZ99999 除許可業務外，得經營法令非禁止或限制之業務；G202010 停車場經營業,新北市,變更,11509
90571310,磊旺工程有限公司,新北市新店區安德街46巷6號8樓,楊雅茹,20000000,111/01/24,115/09/21,改推董事/董事長,F113010 機械批發業；F213080 機械器具零售業；F111090 建材批發業；F211010 建材零售業；F401010 國際貿易業；E599010 配管工程業；E801010 室內裝潢業；ZZ99999 除許可業務外，得經營法令非禁止或限制之業務,新北市,變更,11509
90571634,熱控國際有限公司,新北市三重區重新路4段101之8號12樓,陳天俊,5000000,111/01/25,115/09/02,增資,F113010 機械批發業；F113020 電器批發業；F113030 精密儀器批發業；F113050 電腦及事務性機器設備批發業；F113070 電信器材批發業；F113090 交通標誌器材批發業；F113110 電池批發業；F119010 電子材料批發業；F213010 電器零售業；F213030 電腦及事務性機器設備零售業,新北市,變更,11509
90574219,拼扣創意股份有限公司,新北市泰山區新北大道5段123號4樓,詹惟政,1600000,110/12/03,115/09/02,特殊補正,A102080 園藝服務業；C805990 其他塑膠製品製造業；CZ99990 未分類其他工業製品製造業；F101990 其他農、畜、水產品批發業；F102170 食品什貨批發業；F104110 布疋、衣著、鞋、帽、傘、服飾品批發業；F105050 家具、寢具、廚房器具、裝設品批發業；F106010 五金批發業；F106020 日常用品批發業；F106030 模具批發業,新北市,變更,11509
90577601,元亨精裝有限公司,新北市土城區明峯街10號3樓,曾文彥,2000000,111/01/12,115/09/21,補繳規費,E801010 室內裝潢業；E801020 門窗安裝工程業；E801030 室內輕鋼架工程業；E801040 玻璃安裝工程業；E801070 廚具、衛浴設備安裝工程業；E901010 油漆工程業；E601010 電器承裝業；E601020 電器安裝業；E603090 照明設備安裝工程業；E599010 配管工程業,新北市,變更,11509
90580774,昇曜電機股份有限公司,新北市板橋區文化路2段285號21樓,江芸萾,94900000,111/02/09,115/09/11,特殊補正,H701010 住宅及大樓開發租售業；H701020 工業廠房開發租售業；H701040 特定專業區開發業；H701050 投資興建公共建設業；H701060 新市鎮、新社區開發業；H701070 區段徵收及市地重劃代辦業；ZZ99999 除許可業務外，得經營法令非禁止或限制之業務,新北市,變更,11509
90588001,首都實業股份有限公司,新北市蘆洲區民族路336巷21號2樓,李昭良,1000000,111/01/21,115/09/24,特殊補正,H201010 一般投資業；H202010 創業投資業；H701010 住宅及大樓開發租售業；H701020 工業廠房開發租售業；H701040 特定專業區開發業；H701060 新市鎮、新社區開發業；H701050 投資興建公共建設業；H701070 區段徵收及市地重劃代辦業；H701080 都市更新重建業；H701090 都市更新整建維護業,新北市,變更,11509
90602989,童伴玩樂所有限公司,新北市新莊區中華路2段206號,邱筱珊,200000,111/01/03,115/09/24,公司所營事業變更修正章程,F209060 文教、樂器、育樂用品零售業；F104110 布疋、衣著、鞋、帽、傘、服飾品批發業；F106020 日常用品批發業；F399040 無店面零售業；J799990 其他休閒服務業；J701120 兒童遊戲場業；J601010 藝文服務業；JB01010 會議及展覽服務業；JZ99990 未分類其他服務業；J202010 產業育成業,新北市,變更,11509
90619216,藍田資本有限公司,新北市板橋區中山路1段10號11樓,康碩容,6170500,111/01/11,115/09/10,申登機關變更（遷入，含卷）,H201010 一般投資業；ZZ99999 除許可業務外，得經營法令非禁止或限制之業務,新北市,變更,11509
90627779,佾辰國際有限公司,新北市新莊區五權一路1號之1(2樓),陳姿吟,6200000,111/02/15,115/09/21,增資,F104110 布疋、衣著、鞋、帽、傘、服飾品批發業；F106020 日常用品批發業；F102170 食品什貨批發業；F204110 布疋、衣著、鞋、帽、傘、服飾品零售業；F203010 食品什貨、飲料零售業；F206020 日常用品零售業；F301010 百貨公司業；F401010 國際貿易業；F299990 其他零售業；F399040 無店面零售業,新北市,變更,11509
90629642,詺憬資訊有限公司,新北市新莊區新樹路771號3樓,廖俊翔,500000,111/02/22,115/09/03,特殊補正,I301010 資訊軟體服務業；I301020 資料處理服務業；I301030 電子資訊供應服務業；ZZ99999 除許可業務外，得經營法令非禁止或限制之業務,新北市,變更,11509
90659390,皓穎投資股份有限公司,新北市三重區興德路66號7樓之3,游水琇,148952000,111/01/13,115/09/07,特殊補正,H201010 一般投資業；ZZ99999 除許可業務外，得經營法令非禁止或限制之業務,新北市,變更,11509
90660930,初衡科技股份有限公司,新北市樹林區大安路347號3樓,理筱麟,1850000,111/01/19,115/09/11,公司所營事業變更修正章程,I103060 管理顧問業；I199990 其他顧問服務業；I301010 資訊軟體服務業；I301020 資料處理服務業；I401010 一般廣告服務業；I501010 產品設計業；I599990 其他設計業；IF01010 消防安全設備檢修業；E603040 消防安全設備安裝工程業；EZ05010 儀器、儀表安裝工程業,新北市,變更,11509
90664083,福增投資有限公司,新北市土城區南天母路20之1號7樓,劉揚,500000,110/09/23,115/09/01,申登機關變更（遷入，含卷）,H201010 一般投資業,新北市,變更,11509
90667602,喆雍餐飲顧問有限公司,新北市汐止區新台五路1段95號20樓之6,周宥卉,300000,111/01/24,115/09/07,特殊補正,F203010 食品什貨、飲料零售業；F201010 農產品零售業；F204110 布疋、衣著、鞋、帽、傘、服飾品零售業；F205040 家具、寢具、廚房器具、裝設品零售業；F206020 日常用品零售業；F299990 其他零售業；F399040 無店面零售業；F401010 國際貿易業；I101090 食品顧問業；J202010 產業育成業,新北市,變更,11509
90673392,玖寓股份有限公司,新北市新店區安興路125之15號7樓,羅慧純,1000000,110/12/03,115/09/24,特殊補正,F102030 菸酒批發業；F102040 飲料批發業；F102050 茶葉批發業；F102170 食品什貨批發業；F102180 酒精批發業；F206020 日常用品零售業；F207030 清潔用品零售業；F207990 其他化學製品零售業；F299990 其他零售業；F301020 超級市場業,新北市,變更,11509
90674097,超金意識有限公司,新北市板橋區四川路1段23號9樓,彭煥枝,300000,107/07/17,115/09/09,改推董事/董事長,I105010 藝術品諮詢顧問業；I301030 電子資訊供應服務業；I501010 產品設計業；I502010 服飾設計業；I503010 景觀、室內設計業；I599990 其他設計業；J601010 藝文服務業；J602010 演藝活動業；I199990 其他顧問服務業；F104110 布疋、衣著、鞋、帽、傘、服飾品批發業,新北市,變更,11509
90674218,映心企管顧問有限公司,新北市林口區民富街99號2樓之1,姚素秋,300000,110/12/29,115/09/14,特殊補正,I102010 投資顧問業；I103060 管理顧問業；I199990 其他顧問服務業；IZ99990 其他工商服務業；I101090 食品顧問業；JZ99990 未分類其他服務業；H201010 一般投資業；H202010 創業投資業；H703100 不動產租賃業；JE01010 租賃業,新北市,變更,11509
90675125,欣儀有限公司,新北市新店區中正路700巷12號10樓,王又儀,1200000,111/01/04,115/09/29,公司所在地,F104110 布疋、衣著、鞋、帽、傘、服飾品批發業；F105050 家具、寢具、廚房器具、裝設品批發業；F106020 日常用品批發業；F108040 化粧品批發業；F204110 布疋、衣著、鞋、帽、傘、服飾品零售業；F205040 家具、寢具、廚房器具、裝設品零售業；F206020 日常用品零售業；F208040 化粧品零售業；F213010 電器零售業；F113020 電器批發業,新北市,變更,11509
90676356,茲茲古拉藝術有限公司,新北市三重區中正南路193號5樓,郭馨予,200000,111/01/27,115/09/22,公司所營事業變更修正章程,F109070 文教、樂器、育樂用品批發業；F209060 文教、樂器、育樂用品零售業；JB01010 會議及展覽服務業；J304010 圖書出版業；F104110 布疋、衣著、鞋、帽、傘、服飾品批發業；F204110 布疋、衣著、鞋、帽、傘、服飾品零售業；F106020 日常用品批發業；F206020 日常用品零售業；F399040 無店面零售業；F401010 國際貿易業,新北市,變更,11509
90676406,罡聖科技股份有限公司,新北市三重區新北大道2段260號6樓之3,李聰榮,63000000,111/01/27,115/09/02,發行新股,CC01990 其他電機及電子機械器材製造業；CZ99010 製冰業；F113010 機械批發業；F113990 其他機械器具批發業；F401010 國際貿易業；ZZ99999 除許可業務外，得經營法令非禁止或限制之業務,新北市,變更,11509
90676617,大大窗簾有限公司,新北市永和區民權路53號7樓,薩世宇,1000000,111/01/28,115/09/11,公司所在地,F204110 布疋、衣著、鞋、帽、傘、服飾品零售業；F205040 家具、寢具、廚房器具、裝設品零售業；ZZ99999 除許可業務外，得經營法令非禁止或限制之業務,新北市,變更,11509
90682499,龍森室內裝修有限公司,新北市土城區學府路1段278號地下一樓之10,蘇益進,5000000,110/03/25,115/09/04,特殊補正,F203010 食品什貨、飲料零售業；F102170 食品什貨批發業；F213010 電器零售業；F113020 電器批發業；F501030 飲料店業；F401010 國際貿易業；E601020 電器安裝業；E599010 配管工程業；E801020 門窗安裝工程業；E801030 室內輕鋼架工程業,新北市,變更,11509
90693094,玖米設計室內裝修有限公司,新北市永和區中正路417號8樓,許偉楨,500000,110/04/23,115/09/24,特殊補正,I503010 景觀、室內設計業；E801010 室內裝潢業；J101010 建築物清潔服務業；IZ12010 人力派遣業；JZ99050 仲介服務業；F105050 家具、寢具、廚房器具、裝設品批發業；F205040 家具、寢具、廚房器具、裝設品零售業；F106010 五金批發業；F111090 建材批發業；F211010 建材零售業,新北市,變更,11509
90706773,淞康國際股份有限公司,新北市林口區仁愛路2段172號4樓,陳向宇,5800000,110/05/05,115/09/11,改選董事/監察人(一人法人股東指派董事/監察人),F108031 醫療器材批發業；F208031 醫療器材零售業；F106020 日常用品批發業；F113030 精密儀器批發業；F213040 精密儀器零售業；F217010 消防安全設備零售業；F220010 耐火材料零售業；F199990 其他批發業；F401010 國際貿易業；F113010 機械批發業,新北市,變更,11509
90707750,駿廣國際旅行社有限公司,新北市板橋區忠孝路26號2樓,步丹陽,6000000,110/05/06,115/09/03,經理人解任,J902011 旅行業,新北市,變更,11509
90708630,崑恩資本投資股份有限公司,新北市新莊區復興路1段127巷2號10樓,吳品德,2000000,110/05/10,115/09/11,特殊補正,H201010 一般投資業,新北市,變更,11509
90723111,宜泰開發股份有限公司,新北市新莊區中正路897號之3五樓,陳淑英,25000000,110/05/12,115/09/30,董事/監察人持股變動報備,H201010 一般投資業；H701010 住宅及大樓開發租售業；H701020 工業廠房開發租售業；H701060 新市鎮、新社區開發業；H701080 都市更新重建業；H703090 不動產買賣業；H703100 不動產租賃業；H703110 老人住宅業；ZZ99999 除許可業務外，得經營法令非禁止或限制之業務,新北市,變更,11509
90738888,佑泰精密有限公司,新北市新莊區中港二街82號2樓,,100000,110/04/14,115/09/18,解散,F113990 其他機械器具批發業；F114010 汽車批發業；F114020 機車批發業；F114030 汽、機車零件配備批發業；F114040 自行車及其零件批發業；F114050 車胎批發業；F114060 船舶及其零件批發業；F114070 航空器及其零件批發業；F114080 軌道車輛及其零件批發業；F114990 其他交通運輸工具及其零件批發業,新北市,變更,11509
90748041,台灣飛克技術股份有限公司,新北市新莊區榮華路2段125號9樓,郭東益,29800000,110/03/15,115/09/22,特殊補正,C114010 食品添加物製造業；F121010 食品添加物批發業；C802100 化粧品製造業；F102170 食品什貨批發業；F108040 化粧品批發業；F203010 食品什貨、飲料零售業；F208040 化粧品零售業；F299990 其他零售業；F401010 國際貿易業；F601010 智慧財產權業,新北市,變更,11509
90749132,新五科技實業有限公司,新北市汐止區樟樹二路132號2樓,劉群賢,1000000,110/03/16,115/09/22,增資,F105050 家具、寢具、廚房器具、裝設品批發業；F106010 五金批發業；F106030 模具批發業；F111090 建材批發業；F113010 機械批發業；F219010 電子材料零售業；F401010 國際貿易業；E603100 電焊工程業；E604010 機械安裝業；E801010 室內裝潢業,新北市,變更,11509
90763725,亞偍洣斯股份有限公司,新北市淡水區淡金路2段127號14樓,李翊丞,6000000,110/05/19,115/09/11,申登機關變更（遷入，含卷）,F203010 食品什貨、飲料零售業；F209060 文教、樂器、育樂用品零售業；F401010 國際貿易業；H201010 一般投資業；I102010 投資顧問業；I103060 管理顧問業；I199990 其他顧問服務業；IZ12010 人力派遣業；J202010 產業育成業；ZZ99999 除許可業務外，得經營法令非禁止或限制之業務,新北市,變更,11509
90766856,鼎鋒機電股份有限公司,新北市板橋區中山路2段116之16號,許睿謙,22000000,110/03/19,115/09/08,董事/監察人持股變動報備,C805020 塑膠膜、袋製造業；CB01010 機械設備製造業；E599010 配管工程業；E601010 電器承裝業；E601020 電器安裝業；E603010 電纜安裝工程業；E603020 電梯安裝工程業；E603040 消防安全設備安裝工程業；E603050 自動控制設備工程業；E603080 交通號誌安裝工程業,新北市,變更,11509
90770211,雋山財富管理顧問股份有限公司,新北市中和區興南路2段128巷1弄4號3樓,,100000,110/02/20,115/09/04,申登機關變更（遷入，含卷）,I102010 投資顧問業；I103060 管理顧問業；I199990 其他顧問服務業；F401010 國際貿易業；H201010 一般投資業；H202010 創業投資業；H701010 住宅及大樓開發租售業；H701050 投資興建公共建設業；H703090 不動產買賣業；H703100 不動產租賃業,新北市,變更,11509
90775433,名凱車業有限公司,新北市汐止區康寧街328號,劉嘉龍,10000000,110/04/13,115/09/29,改推董事/董事長,F114020 機車批發業；F114030 汽、機車零件配備批發業；F114050 車胎批發業；F114990 其他交通運輸工具及其零件批發業；F214020 機車零售業；F214030 汽、機車零件配備零售業；F214050 車胎零售業；F214990 其他交通運輸工具及其零件零售業；F401010 國際貿易業；IZ99990 其他工商服務業,新北市,變更,11509
90777087,派翠西亞有限公司,新北市中和區中山路3段146號4樓之20,洪珮華,500000,110/04/14,115/09/23,公司印鑑變更,F102170 食品什貨批發業；F104110 布疋、衣著、鞋、帽、傘、服飾品批發業；F105050 家具、寢具、廚房器具、裝設品批發業；F106020 日常用品批發業；F115010 首飾及貴金屬批發業；F201070 花卉零售業；F204110 布疋、衣著、鞋、帽、傘、服飾品零售業；F205040 家具、寢具、廚房器具、裝設品零售業；F206020 日常用品零售業；F209060 文教、樂器、育樂用品零售業,新北市,變更,11509
90797176,合慶建設股份有限公司,新北市新莊區中正路897號之3五樓,陳淑英,25000000,110/04/20,115/09/30,董事/監察人持股變動報備,H201010 一般投資業；H701010 住宅及大樓開發租售業；H701020 工業廠房開發租售業；H701060 新市鎮、新社區開發業；H701080 都市更新重建業；H703090 不動產買賣業；H703100 不動產租賃業；H703110 老人住宅業；ZZ99999 除許可業務外，得經營法令非禁止或限制之業務,新北市,變更,11509
90805020,日鼎驊國際有限公司,新北市新莊區五權一路7號6樓之5,陳世桓,2000000,110/05/04,115/09/02,申登機關變更（遷入，含卷）,C701010 印刷業；C702010 製版業；C703010 印刷品裝訂及加工業；F106010 五金批發業；F102030 菸酒批發業；F203020 菸酒零售業；F401010 國際貿易業；I199990 其他顧問服務業；I301020 資料處理服務業；I301030 電子資訊供應服務業,新北市,變更,11509
90816700,水美創新股份有限公司,新北市汐止區新台五路1段95號14樓之7,張文明,5000000,110/04/06,115/09/24,發行新股,C802090 清潔用品製造業；C802120 工業助劑製造業；CB01010 機械設備製造業；CZ99990 未分類其他工業製品製造業；F107030 清潔用品批發業；F107200 化學原料批發業；F113010 機械批發業；F207030 清潔用品零售業；F207200 化學原料零售業；F207990 其他化學製品零售業,新北市,變更,11509
90828831,翔宇創億股份有限公司,新北市汐止區福德三路363號7樓,郭富翔,600000,110/03/16,115/09/15,減少所營事業變更修正章程,I103060 管理顧問業；I301030 電子資訊供應服務業；IZ99990 其他工商服務業；F106020 日常用品批發業；F118010 資訊軟體批發業；F119010 電子材料批發業；I301010 資訊軟體服務業；I301020 資料處理服務業；I401010 一般廣告服務業；JZ99990 未分類其他服務業,新北市,變更,11509
90839859,寀禾有限公司,新北市蘆洲區三民路22號2樓,陳柏維,250000,110/02/17,115/09/29,特殊補正,F299990 其他零售業；F399040 無店面零售業；F399990 其他綜合零售業；F501990 其他餐飲業；J202010 產業育成業；F203010 食品什貨、飲料零售業；F204110 布疋、衣著、鞋、帽、傘、服飾品零售業；F205040 家具、寢具、廚房器具、裝設品零售業；F206020 日常用品零售業；F207030 清潔用品零售業,新北市,變更,11509
90884811,滿吉國際股份有限公司,新北市新莊區中央路576號6樓,辛家騏,35000000,110/04/30,115/09/23,特殊補正,F104110 布疋、衣著、鞋、帽、傘、服飾品批發業；F204110 布疋、衣著、鞋、帽、傘、服飾品零售業；F203010 食品什貨、飲料零售業；F102170 食品什貨批發業；F401010 國際貿易業；F206020 日常用品零售業；F106020 日常用品批發業；F113990 其他機械器具批發業；F213990 其他機械器具零售業；F199990 其他批發業,新北市,變更,11509
90886085,美商史塔瑞克工業有限公司,新北市五股區五權路7巷6號5樓,宋昀翰,90000000,110/05/03,115/09/08,一般補正案,F109070 文教、樂器、育樂用品批發業；F106010 五金批發業；F111090 建材批發業；F209060 文教、樂器、育樂用品零售業；F206010 五金零售業；F211010 建材零售業；F401010 國際貿易業；CH01040 玩具製造業；CA02090 金屬線製品製造業；CA02990 其他金屬製品製造業,新北市,變更,11509
90888886,父工資本管理顧問股份有限公司,新北市新店區環河路1之1號,林宏俊,13723150,110/03/25,115/09/08,特殊補正,I103060 管理顧問業；JZ99050 仲介服務業；JZ99990 未分類其他服務業；ZZ99999 除許可業務外，得經營法令非禁止或限制之業務；H201010 一般投資業；F114010 汽車批發業；F114030 汽、機車零件配備批發業；F114050 車胎批發業；F107030 清潔用品批發業；F214010 汽車零售業,新北市,變更,11509
90898435,伊薩卡醫療資訊有限公司,新北市中和區中正路868之6號6樓,吳昉冀,1000000,110/06/21,115/09/02,公司所在地,E599010 配管工程業；E601010 電器承裝業；E601020 電器安裝業；E603050 自動控制設備工程業；E605010 電腦設備安裝業；E701010 電信工程業；E701030 電信管制射頻器材裝設工程業；E701040 簡易電信設備安裝業；E801010 室內裝潢業；E801070 廚具、衛浴設備安裝工程業,新北市,變更,11509
91003723,張鴻發有限公司,新北市新莊區五工三路86巷12號(1樓),TRUONG TIEN BA(張進波),800000,110/06/25,115/09/17,公司所營事業變更修正章程,F119010 電子材料批發業；F219010 電子材料零售業；F106010 五金批發業；E604010 機械安裝業；JA02010 電器及電子產品修理業；F102030 菸酒批發業；F399040 無店面零售業；F399990 其他綜合零售業；IE01010 電信業務門號代辦業；F399010 便利商店業,新北市,變更,11509
91005476,歐蒙德股份有限公司,新北市林口區仁愛路2段502號15樓,黃綺芬,2222220,110/07/05,115/09/22,特殊補正,F118010 資訊軟體批發業；F119010 電子材料批發業；F218010 資訊軟體零售業；F219010 電子材料零售業；F401010 國際貿易業；I301010 資訊軟體服務業；I301020 資料處理服務業；I301030 電子資訊供應服務業；ZZ99999 除許可業務外，得經營法令非禁止或限制之業務,新北市,變更,11509
91006881,鈞凱有限公司,新北市三重區三和路4段111之28號3樓,呂姵瑩,3000000,110/08/04,115/09/04,減少所營事業變更修正章程,F106010 五金批發業；F106030 模具批發業；F107030 清潔用品批發業；F109070 文教、樂器、育樂用品批發業；F113010 機械批發業；F113020 電器批發業；F113030 精密儀器批發業；F119010 電子材料批發業；F206010 五金零售業；F206030 模具零售業,新北市,變更,11509
91027942,一路廣告行銷有限公司,新北市林口區信義路228號14樓,鍾華,2000000,110/06/18,115/09/03,公司所營事業變更修正章程,H701010 住宅及大樓開發租售業；H701020 工業廠房開發租售業；H701050 投資興建公共建設業；H701060 新市鎮、新社區開發業；H703090 不動產買賣業；H703100 不動產租賃業；H703110 老人住宅業；F111090 建材批發業；F117010 消防安全設備批發業；F211010 建材零售業,新北市,變更,11509
91033563,音革股份有限公司,新北市淡水區坪頂路102號,沈惠茹,15000000,110/04/07,115/09/17,改選董事/監察人(一人法人股東指派董事/監察人),JZ99050 仲介服務業；JE01010 租賃業；I301030 電子資訊供應服務業；I401010 一般廣告服務業；I103060 管理顧問業；F401010 國際貿易業；JZ99990 未分類其他服務業；ZZ99999 除許可業務外，得經營法令非禁止或限制之業務,新北市,變更,11509
91033748,元炬股份有限公司,新北市土城區中央路4段2號2樓,朱元于,3000000,110/04/07,115/09/01,改選董事/監察人(一人法人股東指派董事/監察人),F401010 國際貿易業；F119010 電子材料批發業；CC01080 電子零組件製造業；E801030 室內輕鋼架工程業；EZ99990 其他工程業；ZZ99999 除許可業務外，得經營法令非禁止或限制之業務,新北市,變更,11509
91034140,琢樸建設有限公司,新北市汐止區仁愛路161號,蘇銘聰,50600000,110/04/08,115/09/17,改推董事/董事長,H701090 都市更新整建維護業；H701010 住宅及大樓開發租售業；H701020 工業廠房開發租售業；H701050 投資興建公共建設業；H701060 新市鎮、新社區開發業；H702010 建築經理業；H703090 不動產買賣業；H703100 不動產租賃業；H703110 老人住宅業；H701070 區段徵收及市地重劃代辦業,新北市,變更,11509
91041698,超柒股份有限公司,新北市板橋區館前東路120號及122號(1樓),張凱,3700000,110/08/30,115/09/29,增資(資本總額),F102040 飲料批發業；F102170 食品什貨批發業；F105050 家具、寢具、廚房器具、裝設品批發業；F106050 陶瓷玻璃器皿批發業；F113020 電器批發業；F201020 畜產品零售業；F201030 水產品零售業；F203010 食品什貨、飲料零售業；F203020 菸酒零售業；F205040 家具、寢具、廚房器具、裝設品零售業,新北市,變更,11509
91061624,星雨整合創意有限公司,新北市汐止區新台五路1段93號22樓之7,宋歆,1100000,110/06/30,115/09/08,特殊補正,F107200 化學原料批發業；F401010 國際貿易業；I199990 其他顧問服務業；ZZ99999 除許可業務外，得經營法令非禁止或限制之業務；I301010 資訊軟體服務業；I501010 產品設計業；F399040 無店面零售業；F109070 文教、樂器、育樂用品批發業；F209060 文教、樂器、育樂用品零售業,新北市,變更,11509
91066803,前田材料科技股份有限公司,新北市新莊區新樹路258巷3之40號,朱信銓,1000000,110/07/12,115/09/24,特殊補正,C801060 合成橡膠製造業；C801100 合成樹脂及塑膠製造業；C801120 人造纖維製造業；C801990 其他化學材料製造業；C805010 塑膠皮、布、板、管材製造業；C805030 塑膠日用品製造業；C805060 塑膠皮製品製造業；F106020 日常用品批發業；F107200 化學原料批發業；F107990 其他化學製品批發業,新北市,變更,11509
91067802,鴻讚智能有限公司,新北市汐止區中興路181之3號6樓,吳青袀,3300000,110/07/14,115/09/17,增資,CB01010 機械設備製造業；F101050 水產品批發業；F101990 其他農、畜、水產品批發業；F102170 食品什貨批發業；F113010 機械批發業；F113020 電器批發業；F113050 電腦及事務性機器設備批發業；F113070 電信器材批發業；F113990 其他機械器具批發業；F116010 照相器材批發業,新北市,變更,11509
91069415,曜興有限公司,新北市新店區檳榔路43巷6號2樓,賴秀圓,3000000,110/08/12,115/09/11,增資,E605010 電腦設備安裝業；E701010 電信工程業；E701040 簡易電信設備安裝業；F113050 電腦及事務性機器設備批發業；F113070 電信器材批發業；F113110 電池批發業；F118010 資訊軟體批發業；F119010 電子材料批發業；F213030 電腦及事務性機器設備零售業；F213040 精密儀器零售業,新北市,變更,11509
91070124,富來美投資有限公司,新北市中和區建康路130號5樓之9,胡巧芸,10000000,110/08/16,115/09/14,公司所在地,H201010 一般投資業,新北市,變更,11509
91070285,金階管理顧問有限公司,新北市泰山區仁義路141號6樓,葉信汎,2500000,110/08/17,115/09/30,特殊補正,F401010 國際貿易業；H702010 建築經理業；I102010 投資顧問業；I103060 管理顧問業；I199990 其他顧問服務業；ZZ99999 除許可業務外，得經營法令非禁止或限制之業務；H703090 不動產買賣業；H703100 不動產租賃業；H701010 住宅及大樓開發租售業；H701020 工業廠房開發租售業,新北市,變更,11509
91084422,明漾國際實業有限公司,新北市中和區中山路2段332巷3號11樓,黃足霞,2000000,110/07/27,115/09/18,增資,F117010 消防安全設備批發業；F120010 耐火材料批發業；F217010 消防安全設備零售業；F220010 耐火材料零售業；F401010 國際貿易業；E599010 配管工程業；E601020 電器安裝業；E603010 電纜安裝工程業；E603040 消防安全設備安裝工程業；E603050 自動控制設備工程業,新北市,變更,11509
91084598,翔力實業股份有限公司,新北市汐止區南陽街180巷8號,鄭力瑋,4000000,110/07/26,115/09/30,改選董事/監察人(一人法人股東指派董事/監察人),F107190 塑膠膜、袋批發業；CQ01010 模具製造業；F207190 塑膠膜、袋零售業；C805030 塑膠日用品製造業；C805050 工業用塑膠製品製造業；C805060 塑膠皮製品製造業；C805990 其他塑膠製品製造業；F102170 食品什貨批發業；F104110 布疋、衣著、鞋、帽、傘、服飾品批發業；F106010 五金批發業,新北市,變更,11509
91084838,利芯實業有限公司,新北市五股區新五路2段237號,蘇羿菱,1900000,110/07/27,115/09/24,增資,E801010 室內裝潢業；E601020 電器安裝業；E801020 門窗安裝工程業；E603090 照明設備安裝工程業；E801030 室內輕鋼架工程業；E801040 玻璃安裝工程業；E801070 廚具、衛浴設備安裝工程業；E901010 油漆工程業；EZ99990 其他工程業；F105050 家具、寢具、廚房器具、裝設品批發業,新北市,變更,11509
91085837,祥中有限公司,新北市新莊區化成路205號之8,陳宏州,16000000,110/07/30,115/09/15,特殊補正,E605010 電腦設備安裝業；E801010 室內裝潢業；E901010 油漆工程業；F102030 菸酒批發業；F102170 食品什貨批發業；F104110 布疋、衣著、鞋、帽、傘、服飾品批發業；F105050 家具、寢具、廚房器具、裝設品批發業；F106010 五金批發業；F106020 日常用品批發業；F107030 清潔用品批發業,新北市,變更,11509
91086245,宇創自動化科技有限公司,新北市新店區安祥路109巷90弄72號(3樓),詹皓翔,1000000,110/08/02,115/09/18,增資,C805050 工業用塑膠製品製造業；CB01010 機械設備製造業；CQ01010 模具製造業；E604010 機械安裝業；F106010 五金批發業；F106030 模具批發業；F113010 機械批發業；F119010 電子材料批發業；F219010 電子材料零售業；F401010 國際貿易業,新北市,變更,11509
91087949,砷榮股份有限公司,新北市三重區新北大道1段123號11樓,,300000,110/05/21,115/09/08,解散,F113030 精密儀器批發業；F113050 電腦及事務性機器設備批發業；F106010 五金批發業；F111090 建材批發業；F206010 五金零售業；F211010 建材零售業；F113100 污染防治設備批發業；E801010 室內裝潢業；E801020 門窗安裝工程業；F113990 其他機械器具批發業,新北市,變更,11509
91088757,肯康樂活股份有限公司,新北市三峽區中華路13之5號2樓,謝宗運,24102280,110/05/26,115/09/15,特殊補正,H703110 老人住宅業；F209060 文教、樂器、育樂用品零售業；I101090 食品顧問業；I103060 管理顧問業；I199990 其他顧問服務業；IZ99990 其他工商服務業；F501060 餐館業；F501990 其他餐飲業；ZZ99999 除許可業務外，得經營法令非禁止或限制之業務；JH02011 日間照顧服務業,新北市,變更,11509
91089307,宏勢科技有限公司,新北市中和區中原街99號4樓,施宏洋,20000000,110/05/28,115/09/03,改推董事/董事長,F102170 食品什貨批發業；F102040 飲料批發業；F106020 日常用品批發業；F107030 清潔用品批發業；F108040 化粧品批發業；F113020 電器批發業；F118010 資訊軟體批發業；F119010 電子材料批發業；F199990 其他批發業；F203010 食品什貨、飲料零售業,新北市,變更,11509
91090677,聚益興木業有限公司,新北市土城區金城路1段32號8樓,鍾繼慷,2000000,110/06/28,115/09/15,特殊補正,C501040 組合木材製造業；C501030 合板製造業；C501060 木質容器製造業；C501990 其他木製品製造業；F106010 五金批發業；F106030 模具批發業；F113010 機械批發業；F206010 五金零售業；F299990 其他零售業；F401010 國際貿易業,新北市,變更,11509
91090851,鼎旺網路科技有限公司,新北市板橋區中山路一段1號23樓,劉厚均,100000,110/06/28,115/09/29,公司所在地,F106010 五金批發業；F106020 日常用品批發業；F106060 寵物食品及其用品批發業；F102170 食品什貨批發業；F107030 清潔用品批發業；F106030 模具批發業；F113020 電器批發業；F113050 電腦及事務性機器設備批發業；F104110 布疋、衣著、鞋、帽、傘、服飾品批發業；F105050 家具、寢具、廚房器具、裝設品批發業,新北市,變更,11509
91091438,大樹聚傳媒興業有限公司,新北市新莊區新北大道3段7號20樓之3,黃世銓,1000000,110/06/30,115/09/17,公司所在地,F399040 無店面零售業；F399990 其他綜合零售業；I301020 資料處理服務業；I301030 電子資訊供應服務業；I401010 一般廣告服務業；I401020 廣告傳單分送業；I501010 產品設計業；I103060 管理顧問業；J903020 登山嚮導業；JB01010 會議及展覽服務業,新北市,變更,11509
91103912,沙瑪國際有限公司,新北市三重區三陽路124號4樓之1,蘇宇揚,1000000,110/08/18,115/09/01,特殊補正,F401010 國際貿易業；F114010 汽車批發業；F214010 汽車零售業；F114020 機車批發業；F214020 機車零售業；F114030 汽、機車零件配備批發業；F214030 汽、機車零件配備零售業；F114990 其他交通運輸工具及其零件批發業；ZZ99999 除許可業務外，得經營法令非禁止或限制之業務,新北市,變更,11509
91119822,天地良心股份有限公司,新北市永和區勵行街72巷22號,胡宇翔,6000000,110/02/22,115/09/14,特殊補正,F113050 電腦及事務性機器設備批發業；F113020 電器批發業；F119010 電子材料批發業；F109070 文教、樂器、育樂用品批發業；H201010 一般投資業；I301010 資訊軟體服務業；I301020 資料處理服務業；I301030 電子資訊供應服務業；I301040 第三方支付服務業；ZZ99999 除許可業務外，得經營法令非禁止或限制之業務,新北市,變更,11509
91119837,量身訂做股份有限公司,新北市板橋區裕民街132號7樓,胡宇翔,6000000,110/02/22,115/09/14,特殊補正,F113050 電腦及事務性機器設備批發業；F113020 電器批發業；F119010 電子材料批發業；F109070 文教、樂器、育樂用品批發業；H201010 一般投資業；I301010 資訊軟體服務業；I301020 資料處理服務業；I301030 電子資訊供應服務業；I301040 第三方支付服務業；ZZ99999 除許可業務外，得經營法令非禁止或限制之業務,新北市,變更,11509
91119858,良心事業股份有限公司,新北市土城區青雲路521巷5號,胡宇翔,6000000,110/02/22,115/09/14,特殊補正,F113050 電腦及事務性機器設備批發業；F113020 電器批發業；F119010 電子材料批發業；F109070 文教、樂器、育樂用品批發業；H201010 一般投資業；I301010 資訊軟體服務業；I301020 資料處理服務業；I301030 電子資訊供應服務業；I301040 第三方支付服務業；ZZ99999 除許可業務外，得經營法令非禁止或限制之業務,新北市,變更,11509
91119870,博瀚光電股份有限公司,新北市汐止區新台五路1段99號13樓之9,胡施樹只,2000000,110/02/22,115/09/11,公司所在地,F111090 建材批發業；F113030 精密儀器批發業；F113020 電器批發業；F213010 電器零售業；F401010 國際貿易業；F601010 智慧財產權業；I102010 投資顧問業；I103060 管理顧問業；I401010 一般廣告服務業；IG02010 研究發展服務業,新北市,變更,11509
91120763,台灣智慧雲端服務股份有限公司,新北市淡水區中正東路2段177號,謝明傑,433310000,110/02/26,115/09/08,特殊補正,IG02010 研究發展服務業；I301030 電子資訊供應服務業；I401010 一般廣告服務業；I501010 產品設計業；I301020 資料處理服務業；IZ13010 網路認證服務業；IG03010 能源技術服務業；I301010 資訊軟體服務業；I199990 其他顧問服務業；E605010 電腦設備安裝業,新北市,變更,11509
91121572,美事居家長照有限公司,新北市蘆洲區永安南路2段328巷17弄8號(1樓),陳庭宇,1700000,110/03/03,115/09/18,股東出資轉讓修正章程,JH01011 居家式服務業；IZ12010 人力派遣業；J101010 建築物清潔服務業；J202010 產業育成業；I102010 投資顧問業；I103060 管理顧問業；I199990 其他顧問服務業；I301010 資訊軟體服務業；I401010 一般廣告服務業；IZ15010 市場研究及民意調查業,新北市,變更,11509
91121812,晶極光科技股份有限公司,新北市新店區寶興路45巷8弄6號2樓,林秀英,29050000,110/03/04,115/09/03,特殊補正,F119010 電子材料批發業；F401010 國際貿易業；CC01080 電子零組件製造業；F106030 模具批發業；F113030 精密儀器批發業；F113050 電腦及事務性機器設備批發業；F106020 日常用品批發業；CC01110 電腦及其週邊設備製造業；F113010 機械批發業；E604010 機械安裝業,新北市,變更,11509
92600403,權勝實業有限公司,新北市新莊區化成路431巷72號(2樓),林德權,5000000,112/05/01,115/09/14,董事/股東更名,C802160 黏性膠帶製造業；C701010 印刷業；C802990 其他化學製品製造業；CC01110 電腦及其週邊設備製造業；F109070 文教、樂器、育樂用品批發業；F106010 五金批發業；F107990 其他化學製品批發業；F113050 電腦及事務性機器設備批發業；F206010 五金零售業；F207990 其他化學製品零售業,新北市,變更,11509
92600656,霈禾國際有限公司,新北市板橋區田單街9號4樓,許如婷,300000,112/05/03,115/09/17,公司名稱變更修正章程,F108040 化粧品批發業；F208040 化粧品零售業；F115010 首飾及貴金屬批發業；F215010 首飾及貴金屬零售業；F105050 家具、寢具、廚房器具、裝設品批發業；F205040 家具、寢具、廚房器具、裝設品零售業；F106020 日常用品批發業；F206020 日常用品零售業；F109070 文教、樂器、育樂用品批發業；F209060 文教、樂器、育樂用品零售業,新北市,變更,11509
92601769,這個設計有限公司,新北市林口區惠民街30巷23號,陳守元,1000000,112/04/13,115/09/21,申登機關變更（遷入，含卷）,I503010 景觀、室內設計業；F204110 布疋、衣著、鞋、帽、傘、服飾品零售業；F205040 家具、寢具、廚房器具、裝設品零售業；F501030 飲料店業；F399040 無店面零售業；E801020 門窗安裝工程業；E801010 室內裝潢業；E801040 玻璃安裝工程業；E901010 油漆工程業；F501990 其他餐飲業,新北市,變更,11509
93377347,祿鼎餐飲有限公司,新北市土城區亞洲路90巷13號10樓,石明峰,1500000,112/04/14,115/09/09,公司所在地,F102030 菸酒批發業；F102040 飲料批發業；F102170 食品什貨批發業；F201010 農產品零售業；F201020 畜產品零售業；F201030 水產品零售業；F203010 食品什貨、飲料零售業；F203020 菸酒零售業；F399040 無店面零售業；F501030 飲料店業,新北市,變更,11509
93377557,何家富投資股份有限公司,新北市板橋區中山路2段443巷75號18樓,何易學,91838600,112/04/18,115/09/09,改選董事/監察人(一人法人股東指派董事/監察人),H201010 一般投資業,新北市,變更,11509
93378660,錦峖鋼鐵有限公司,新北市板橋區文化路2段88號6樓,許若涵,5000000,112/04/20,115/09/01,特殊補正,F111090 建材批發業；F211010 建材零售業；F106010 五金批發業；F206010 五金零售業；F401010 國際貿易業；E601010 電器承裝業；E601020 電器安裝業；ZZ99999 除許可業務外，得經營法令非禁止或限制之業務,新北市,變更,11509
93379577,鼎欣財富傳承顧問有限公司,新北市三峽區民權街170巷9號,張奕晟,500000,112/04/24,115/09/17,公司所營事業變更修正章程,H201010 一般投資業；H701010 住宅及大樓開發租售業；H701020 工業廠房開發租售業；H703090 不動產買賣業；H703100 不動產租賃業；HZ99990 其他金融、保險及不動產業；I102010 投資顧問業；I103060 管理顧問業；I199990 其他顧問服務業；IZ99990 其他工商服務業,新北市,變更,11509
93380309,凰誠實業有限公司,新北市汐止區新台五路1段106號18樓,黃福業,2000000,112/04/26,115/09/22,增資,F101040 家畜家禽批發業；F101050 水產品批發業；F101130 蔬果批發業；I103060 管理顧問業；I199990 其他顧問服務業；I102010 一般投資顧問業；HZ99990 其他金融、保險及不動產業；F201030 水產品零售業；F102030 菸酒批發業；F203020 菸酒零售業,新北市,變更,11509
93380716,合亞通海船業股份有限公司,新北市汐止區新台五路1段90號20樓,呂元瑞,1060000000,112/04/27,115/09/10,發行新股,E401010 疏濬業；E402010 沙石、淤泥海拋業；E603010 電纜安裝工程業；EZ99990 其他工程業；F401010 國際貿易業；G302010 小船經營業；G403010 船舶出租業；G702010 船舶勞務承攬業；G799990 其他運輸輔助業；I101120 造船顧問業,新北市,變更,11509
93381010,可喜沃本股份有限公司,新北市板橋區溪城路105號9樓,陳安籍,3000000,112/04/28,115/09/24,改派董事/監察人,J101050 環境檢測服務業；IG03010 能源技術服務業；F401010 國際貿易業；F119010 電子材料批發業；F113100 污染防治設備批發業；F113030 精密儀器批發業；F113020 電器批發業；F106040 水器材料批發業；F108040 化粧品批發業；F208040 化粧品零售業,新北市,變更,11509
93490798,喬科比國際有限公司,新北市樹林區保安二街40巷18號2樓,許昆瑋,1100000,112/12/20,115/09/21,特殊補正,H201010 一般投資業；H202010 創業投資業；I102010 一般投資顧問業；I103060 管理顧問業；F102170 食品什貨批發業；F104110 布疋、衣著、鞋、帽、傘、服飾品批發業；F105050 家具、寢具、廚房器具、裝設品批發業；F106010 五金批發業；F106020 日常用品批發業；I503010 景觀、室內設計業,新北市,變更,11509
93491305,恩洲實業有限公司,新北市蘆洲區中正路185巷62號3樓,吳滄江,3160000,112/12/21,115/09/22,申登機關變更（遷入，含卷）,E599010 配管工程業；E603040 消防安全設備安裝工程業；E604010 機械安裝業；E801030 室內輕鋼架工程業；E903010 防蝕、防銹工程業；EZ15010 保溫、保冷安裝工程業；E901010 油漆工程業；EZ05010 儀器、儀表安裝工程業；EZ11010 球場跑道樹脂材料鋪設工程業；EZ99990 其他工程業,新北市,變更,11509
93495891,雲開工程有限公司,新北市土城區中央路3段87號5樓之1,謝昆達,1000000,112/12/21,115/09/22,申登機關變更（遷入，含卷）,E601010 電器承裝業；E601020 電器安裝業；E603050 自動控制設備工程業；E603090 照明設備安裝工程業；E604010 機械安裝業；E605010 電腦設備安裝業；E606010 用電設備檢驗維護業；F113070 電信器材批發業；E701030 電信管制射頻器材裝設工程業；E701040 簡易電信設備安裝業,新北市,變更,11509
93506074,雅益國際有限公司,新北市蘆洲區三民路26巷4號3樓,江書音,3300000,113/01/18,115/09/14,改推董事/董事長,F105050 家具、寢具、廚房器具、裝設品批發業；F104110 布疋、衣著、鞋、帽、傘、服飾品批發業；F106010 五金批發業；F106020 日常用品批發業；F115010 首飾及貴金屬批發業；F108040 化粧品批發業；F204110 布疋、衣著、鞋、帽、傘、服飾品零售業；F205040 家具、寢具、廚房器具、裝設品零售業；F206010 五金零售業；F206020 日常用品零售業,新北市,變更,11509
93508875,承揚環保股份有限公司,新北市板橋區重慶路60之1號5樓,黃憲忠,5000000,112/11/21,115/09/02,公司所在地,A102080 園藝服務業；B601010 土石採取業；E604010 機械安裝業；E801010 室內裝潢業；E801020 門窗安裝工程業；E801030 室內輕鋼架工程業；E801040 玻璃安裝工程業；E801070 廚具、衛浴設備安裝工程業；E901010 油漆工程業；E903010 防蝕、防銹工程業,新北市,變更,11509
93514237,福廣國際有限公司,新北市八里區埤頭二街67巷10號(1樓),林劍銘,5000000,112/11/29,115/09/23,股東出資轉讓修正章程,ZZ99999 除許可業務外，得經營法令非禁止或限制之業務；G701011 報關業；G702010 船舶勞務承攬業；G801010 倉儲業；G302010 小船經營業；G403010 船舶出租業；G405010 貨櫃出租業；G406040 商港區拖駁船業；G406130 商港區曳船業；G407010 打撈業,新北市,變更,11509
93526037,三人數位科技有限公司,新北市中和區景平路666號3樓,,50000,112/12/19,115/09/10,解散,F209060 文教、樂器、育樂用品零售業；F399040 無店面零售業；F399990 其他綜合零售業；F218010 資訊軟體零售業；F109070 文教、樂器、育樂用品批發業；F118010 資訊軟體批發業；F401010 國際貿易業；IZ12010 人力派遣業；ZZ99999 除許可業務外，得經營法令非禁止或限制之業務；I401010 一般廣告服務業,新北市,變更,11509
93526851,永靖不動產經紀股份有限公司,新北市新莊區思源路481號,賴建辰,3000000,113/01/03,115/09/01,特殊補正,H703090 不動產買賣業；H703100 不動產租賃業；H704031 不動產仲介經紀業；I102010 一般投資顧問業；I103060 管理顧問業；ZZ99999 除許可業務外，得經營法令非禁止或限制之業務,新北市,變更,11509
93534228,拓誠資訊服務有限公司,新北市中和區立德街200巷48號3樓,林建和,2000000,112/12/04,115/09/30,公司所在地,F113050 電腦及事務性機器設備批發業；I301010 資訊軟體服務業；JA02010 電器及電子產品修理業；F118010 資訊軟體批發業；I301020 資料處理服務業；F218010 資訊軟體零售業；F213030 電腦及事務性機器設備零售業；F401010 國際貿易業；F399040 無店面零售業；ZZ99999 除許可業務外，得經營法令非禁止或限制之業務,新北市,變更,11509
93538358,爍翔國際有限公司,新北市泰山區中港西路442號6樓,張翔昱,1000000,112/11/29,115/09/09,公司所營事業變更修正章程,F104110 布疋、衣著、鞋、帽、傘、服飾品批發業；F106010 五金批發業；F106020 日常用品批發業；F109070 文教、樂器、育樂用品批發業；F119010 電子材料批發業；F399040 無店面零售業；F401010 國際貿易業；ZZ99999 除許可業務外，得經營法令非禁止或限制之業務；CC01110 電腦及其週邊設備製造業；CC01120 資料儲存媒體製造及複製業,新北市,變更,11509
93538982,康玖盈科技有限公司,新北市中和區景平路736巷1弄12號4樓,蘇柏光,500000,112/11/29,115/09/11,公司印鑑變更,C302010 織布業；C303010 不織布業；C801120 人造纖維製造業；CB01010 機械設備製造業；CB01020 事務機器製造業；CC01030 電器及視聽電子產品製造業；CC01080 電子零組件製造業；CC01110 電腦及其週邊設備製造業；CE01010 一般儀器製造業；CE01030 光學儀器製造業,新北市,變更,11509
93540208,為曼國際有限公司,新北市蘆洲區水湳街275號7樓,顏依褀,200000,112/12/05,115/09/02,改推董事/董事長,I301030 電子資訊供應服務業；I401010 一般廣告服務業；F401010 國際貿易業；I103060 管理顧問業；F109070 文教、樂器、育樂用品批發業；F213040 精密儀器零售業；F206020 日常用品零售業；F206010 五金零售業；F205040 家具、寢具、廚房器具、裝設品零售業；F399040 無店面零售業,新北市,變更,11509
93546836,四境設計室內裝修有限公司,新北市汐止區康寧街657號,湯凱堯,1000000,112/12/14,115/09/02,公司名稱變更修正章程,E801060 室內裝修業；E801010 室內裝潢業；F111090 建材批發業；F211010 建材零售業；I501010 產品設計業；I503010 景觀設計業；E801020 門窗安裝工程業；E801040 玻璃安裝工程業；E801070 廚具、衛浴設備安裝工程業；E901010 油漆工程業,新北市,變更,11509
93555406,鴻發設計有限公司,新北市三重區成功路104巷18號,朱文琦,10000000,113/02/17,115/09/24,申登機關變更（遷入，含卷）,F109070 文教、樂器、育樂用品批發業；F113050 電腦及事務性機器設備批發業；F118010 資訊軟體批發業；F119010 電子材料批發業；F401010 國際貿易業；H701050 投資興建公共建設業；I301010 資訊軟體服務業；I301020 資料處理服務業；I301030 電子資訊供應服務業；I401010 一般廣告服務業,新北市,變更,11509
93561435,萬龍物業管理顧問有限公司,新北市新莊區福營路125巷30號,蘇郁涵,500000,113/02/26,115/09/23,改推董事/董事長,I103060 管理顧問業；I199990 其他顧問服務業；I301010 資訊軟體服務業；I301020 資料處理服務業；IZ12010 人力派遣業；E601020 電器安裝業；E901010 油漆工程業；E801040 玻璃安裝工程業；E801020 門窗安裝工程業；E604010 機械安裝業,新北市,變更,11509
93561934,信唯科技有限公司,新北市永和區中正路629號,邱義偉,3000000,113/02/29,115/09/21,公司所營事業變更修正章程,E599010 配管工程業；E401010 疏濬業；E402010 沙石、淤泥海拋業；E502010 燃料導管安裝工程業；EZ99990 其他工程業；E601010 電器承裝業；E601020 電器安裝業；E603010 電纜安裝工程業；E603020 電梯安裝工程業；E603040 消防安全設備安裝工程業,新北市,變更,11509
93572025,大順開發科技有限公司,新北市新莊區民安西路382號之4,干慧俊,12000000,113/03/26,115/09/11,公司名稱變更修正章程,F114010 汽車批發業；F114030 汽、機車零件配備批發業；F114050 車胎批發業；F214020 機車零售業；F214030 汽、機車零件配備零售業；F214040 自行車及其零件零售業；F214050 車胎零售業；F401010 國際貿易業；G101041 小客車租賃業；G202010 停車場經營業,新北市,變更,11509
93582950,上達機電系統工程有限公司,新北市新店區安興路125之11號,梁祐誠,1100000,113/04/17,115/09/18,特殊補正,IZ06010 理貨包裝業；G799990 其他運輸輔助業；E502010 燃料導管安裝工程業；E599010 配管工程業；E601010 電器承裝業；E601020 電器安裝業；E603010 電纜安裝工程業；E603040 消防安全設備安裝工程業；E603050 自動控制設備工程業；E603080 交通號誌安裝工程業,新北市,變更,11509
93592388,紋序企業有限公司,新北市新莊區新北大道4段173號2樓,崔敦硯,120000,113/02/01,115/09/30,公司所營事業變更修正章程,F102040 飲料批發業；F102170 食品什貨批發業；F106030 模具批發業；F104110 布疋、衣著、鞋、帽、傘、服飾品批發業；F105050 家具、寢具、廚房器具、裝設品批發業；F106020 日常用品批發業；F108040 化粧品批發業；F113050 電腦及事務性機器設備批發業；F113010 機械批發業；F113070 電信器材批發業,新北市,變更,11509
93592676,新莊品都串燒股份有限公司,新北市新莊區公園路128號,黃湘元,100000,113/02/02,115/09/04,變更組織,F501060 餐館業；F501030 飲料店業；ZZ99999 除許可業務外，得經營法令非禁止或限制之業務,新北市,變更,11509
93599262,亞恩灣國際股份有限公司,新北市板橋區館前東路116號3樓,徐邦浩,1200000,113/04/11,115/09/17,申登機關變更（遷入，含卷）,F102170 食品什貨批發業；F203010 食品什貨、飲料零售業；F102040 飲料批發業；F121010 食品添加物批發業；F221010 食品添加物零售業；F106020 日常用品批發業；F206020 日常用品零售業；F113020 電器批發業；F213010 電器零售業；F108040 化粧品批發業,新北市,變更,11509
93599642,源築實業有限公司,新北市三峽區中園街225之8號,李文揚,1000000,113/04/22,115/09/11,股東出資轉讓修正章程,CM01010 箱、包、袋製造業；CO01010 餐具製造業；F106010 五金批發業；F106020 日常用品批發業；F106050 陶瓷玻璃器皿批發業；F107030 清潔用品批發業；F108040 化粧品批發業；F109070 文教、樂器、育樂用品批發業；F115020 礦石批發業；F206010 五金零售業,新北市,變更,11509
93605779,今鑽半導體投資股份有限公司,新北市新店區中興路2段192號7樓,石浩吉,122625000,113/03/08,115/09/24,公司所在地,F113010 機械批發業；F113030 精密儀器批發業；F119010 電子材料批發業；F213040 精密儀器零售業；F213080 機械器具零售業；F219010 電子材料零售業；H201010 一般投資業；ZZ99999 除許可業務外，得經營法令非禁止或限制之業務,新北市,變更,11509
93609986,盈瑜企業有限公司,新北市汐止區忠孝東路426號8樓之3,鍾文瑜,1000000,113/03/15,115/09/04,申登機關變更（遷入，含卷）,F102170 食品什貨批發業；F104110 布疋、衣著、鞋、帽、傘、服飾品批發業；F106010 五金批發業；F106020 日常用品批發業；F203010 食品什貨、飲料零售業；F203020 菸酒零售業；F204110 布疋、衣著、鞋、帽、傘、服飾品零售業；F206010 五金零售業；F206020 日常用品零售業；F401010 國際貿易業,新北市,變更,11509
93619083,昌紘科技股份有限公司,新北市三重區中正南路82號8樓,吳馨瑜,8100600,113/04/03,115/09/03,特殊補正,I301010 資訊軟體服務業；I301020 資料處理服務業；I301030 電子資訊供應服務業；I102010 一般投資顧問業；I103060 管理顧問業；I199990 其他顧問服務業；IZ13010 網路認證服務業；E604010 機械安裝業；E605010 電腦設備安裝業；E701040 簡易電信設備安裝業,新北市,變更,11509
93621829,新將通運有限公司,新北市五股區中興路3段1之12號,謝明祥,25000000,113/01/18,115/09/22,特殊補正,G101061 汽車貨運業；G202010 停車場經營業；G405010 貨櫃出租業；G799990 其他運輸輔助業；G801010 倉儲業；IZ12010 人力派遣業；I301010 資訊軟體服務業；I301020 資料處理服務業；IZ06010 理貨包裝業；I301030 電子資訊供應服務業,新北市,變更,11509
93623328,尚德生物科技有限公司,新北市三峽區插角24號(1樓),,100000,113/01/22,115/09/14,特殊補正,F104110 布疋、衣著、鞋、帽、傘、服飾品批發業；F105050 家具、寢具、廚房器具、裝設品批發業；F106020 日常用品批發業；F107030 清潔用品批發業；F108040 化粧品批發業；F109070 文教、樂器、育樂用品批發業；F115010 首飾及貴金屬批發業；F204110 布疋、衣著、鞋、帽、傘、服飾品零售業；F205040 家具、寢具、廚房器具、裝設品零售業；F206020 日常用品零售業,新北市,變更,11509
93623404,善宜投資股份有限公司,新北市新店區中興路2段192號7樓,石浩吉,177500000,113/01/22,115/09/24,公司所在地,H201010 一般投資業,新北市,變更,11509
93623734,禹品創作設計有限公司,新北市中和區中山路2段332巷1號7樓,柯禹瑭,500000,113/01/23,115/09/24,公司所在地,J601010 藝文服務業；JB01010 會議及展覽服務業；J602010 演藝活動業；I401010 一般廣告服務業；J603010 音樂展演空間業；JZ99990 未分類其他服務業；I501010 產品設計業；I503010 景觀、室內設計業；JZ99090 喜慶綜合服務業；F105050 家具、寢具、廚房器具、裝設品批發業,新北市,變更,11509
93635014,悅創廣告工程有限公司,新北市中和區中板路19號,許文龍,1000000,113/01/24,115/09/22,公司所在地,C701010 印刷業；C306010 成衣業；CC01110 電腦及其週邊設備製造業；C307010 服飾品製造業；C601030 紙容器製造業；C601040 加工紙製造業；C702010 製版業；C703010 印刷品裝訂及加工業；CC01120 資料儲存媒體製造及複製業；I401010 一般廣告服務業,新北市,變更,11509
93635823,寵物村食品有限公司,新北市汐止區福德二路219號2樓,林承漢,7000000,113/01/25,115/09/14,增資,A301030 水產養殖業；F106060 寵物食品及其用品批發業；F107070 動物用藥品批發業；F101980 其他動物批發業；F201980 其他動物零售業；F202010 飼料零售業；F206050 寵物食品及其用品零售業；F207070 動物用藥零售業；F401010 國際貿易業；C201020 寵物食品製造業,新北市,變更,11509
93637076,智慧邊界能源股份有限公司,新北市新店區北新路1段293號18樓之1,HUYS BART EMMY H,10000000,113/01/29,115/09/14,公司所營事業變更修正章程,F113030 精密儀器批發業；F113070 電信器材批發業；F213040 精密儀器零售業；F213060 電信器材零售業；I301010 資訊軟體服務業；I103060 管理顧問業；IG03010 能源技術服務業；E601010 電器承裝業；E606010 用電設備檢驗維護業；E601020 電器安裝業,新北市,變更,11509
93638201,和平飯店國際股份有限公司,新北市林口區文化二路1段266號13樓之1,吳臻,4150000,113/01/30,115/09/18,特殊補正,F203010 食品什貨、飲料零售業；F401010 國際貿易業；F501030 飲料店業；F501060 餐館業；F501990 其他餐飲業；ZZ99999 除許可業務外，得經營法令非禁止或限制之業務,新北市,變更,11509
93640889,卓越科技股份有限公司,新北市三重區光復路1段61巷27號3樓之2,林吟儒,12880000,113/01/12,115/09/17,改選董事/監察人(一人法人股東指派董事/監察人),C801010 基本化學工業；C801100 合成樹脂及塑膠製造業；C801990 其他化學材料製造業；C802120 工業助劑製造業；C805030 塑膠日用品製造業；C805050 工業用塑膠製品製造業；C805070 強化塑膠製品製造業；C805990 其他塑膠製品製造業；C901020 玻璃及玻璃製品製造業；CA01020 鋼鐵軋延及擠型業,新北市,變更,11509
93653223,浩宇消毒工程有限公司,新北市五股區新五路2段626號12樓,陸世浩,3000000,113/02/06,115/09/08,公司名稱變更修正章程,E801010 室內裝潢業；E901010 油漆工程業；E601020 電器安裝業；E801040 玻璃安裝工程業；E599010 配管工程業；E801020 門窗安裝工程業；E801030 室內輕鋼架工程業；E603010 電纜安裝工程業；EZ99990 其他工程業；F105050 家具、寢具、廚房器具、裝設品批發業,新北市,變更,11509
93653259,羅傑國際有限公司,新北市板橋區四川路1段23號9樓之2,羅仁佑,5500000,113/02/05,115/09/09,特殊補正,F108040 化粧品批發業；F208040 化粧品零售業；F208050 乙類成藥零售業；F209060 文教、樂器、育樂用品零售業；F207030 清潔用品零售業；F109070 文教、樂器、育樂用品批發業；F107030 清潔用品批發業；F401010 國際貿易業；F113050 電腦及事務性機器設備批發業；F118010 資訊軟體批發業,新北市,變更,11509
93669956,丸方國際有限公司,新北市汐止區南陽街120巷20號(1樓),林建宇,1500000,113/03/05,115/09/08,改推董事/董事長,C102010 乳品製造業；C103050 罐頭、冷凍、脫水及醃漬食品製造業；C104010 糖果製造業；C104020 烘焙炊蒸食品製造業；C108010 糖類製造業；C109010 調味品製造業；C110010 飲料製造業；C199010 麵條、粉條類食品製造業；C199020 食用冰製造業；C199030 即食餐食製造業,新北市,變更,11509
93671475,建基開發建設有限公司,新北市三重區新北大道1段226號2樓,簡書淵,3000000,113/03/07,115/09/01,增資,E401010 疏濬業；E599010 配管工程業；E601020 電器安裝業；E801010 室內裝潢業；E801020 門窗安裝工程業；E801030 室內輕鋼架工程業；E801040 玻璃安裝工程業；E801070 廚具、衛浴設備安裝工程業；E901010 油漆工程業；E903010 防蝕、防銹工程業,新北市,變更,11509
93671518,正茂資本有限公司,新北市板橋區文化路1段329號4樓,蕭植文,110100000,113/03/07,115/09/01,特殊補正,I102010 一般投資顧問業；I103060 管理顧問業；I199990 其他顧問服務業；IZ99990 其他工商服務業；H201010 一般投資業；I101080 工、礦顧問業；I101090 食品顧問業；F401010 國際貿易業；HZ02020 辦理金融機構金錢債權之評價或拍賣業務；JD01010 工商徵信服務業,新北市,變更,11509
93672880,久傳地產開發有限公司,新北市新莊區萬安街1號13樓之16,林冠宇,1000000,113/03/05,115/09/21,特殊補正,H701010 住宅及大樓開發租售業；H701020 工業廠房開發租售業；H701050 投資興建公共建設業；H701060 新市鎮、新社區開發業；H701070 區段徵收及市地重劃代辦業；H701090 都市更新整建維護業；H702010 建築經理業；H703090 不動產買賣業；H703100 不動產租賃業；HZ99990 其他金融、保險及不動產業,新北市,變更,11509
93684773,海沅開發股份有限公司,新北市汐止區新台五路1段90號20樓,呂元瑞,1060000000,113/03/13,115/09/08,發行新股,E401010 疏濬業；E402010 沙石、淤泥海拋業；E502010 燃料導管安裝工程業；E599010 配管工程業；E601010 電器承裝業；E601020 電器安裝業；E603010 電纜安裝工程業；E603040 消防安全設備安裝工程業；E603050 自動控制設備工程業；E603080 交通號誌安裝工程業,新北市,變更,11509
93685409,琪達科技有限公司,新北市三峽區隆恩街178巷20號5樓,趙苡翔,9000000,113/03/14,115/09/30,股東出資轉讓修正章程,CC01030 電器及視聽電子產品製造業；CC01060 有線通信機械器材製造業；CC01070 無線通信機械器材製造業；CC01080 電子零組件製造業；CC01110 電腦及其週邊設備製造業；CC01990 其他電機及電子機械器材製造業；CE01030 光學儀器製造業；F113020 電器批發業；F113030 精密儀器批發業；F113050 電腦及事務性機器設備批發業,新北市,變更,11509
93688314,迴光企業有限公司,新北市新店區北新路2段262號3樓之3,王彩蘋,500000,113/03/28,115/09/02,公司外文名稱登記修正章程,F104110 布疋、衣著、鞋、帽、傘、服飾品批發業；F109070 文教、樂器、育樂用品批發業；F204110 布疋、衣著、鞋、帽、傘、服飾品零售業；F209060 文教、樂器、育樂用品零售業；F401010 國際貿易業；F399040 無店面零售業；J601010 藝文服務業；I501010 產品設計業；I502010 服飾設計業；ZZ99999 除許可業務外，得經營法令非禁止或限制之業務,新北市,變更,11509
93709612,福星財經有限公司,新北市永和區安樂路272巷43弄16號,林阿女,1000000,113/03/29,115/09/02,改推董事/董事長,H201010 一般投資業,新北市,變更,11509
93711639,日宣有限公司,新北市板橋區三民路2段32號3樓,李其鄀,1000000,113/04/02,115/09/01,改推董事/董事長,F108040 化粧品批發業；F208040 化粧品零售業；F399040 無店面零售業；I301010 資訊軟體服務業；I301020 資料處理服務業；I301030 電子資訊供應服務業；I501010 產品設計業；I504010 花藝設計業；I599990 其他設計業；IZ06010 理貨包裝業,新北市,變更,11509
93717747,兆立園有限公司,新北市三重區重新路4段97號14樓之2,蔡詠妍,20000000,113/01/10,115/09/02,增資,F102040 飲料批發業；F102050 茶葉批發業；F102170 食品什貨批發業；F104110 布疋、衣著、鞋、帽、傘、服飾品批發業；F105050 家具、寢具、廚房器具、裝設品批發業；F106010 五金批發業；F106020 日常用品批發業；F106050 陶瓷玻璃器皿批發業；F108040 化粧品批發業；F109070 文教、樂器、育樂用品批發業,新北市,變更,11509
93718083,昱建有限公司,新北市淡水區原德路1號地下層,黃昱哲,10000000,113/01/10,115/09/14,增資,F113030 精密儀器批發業；F213040 精密儀器零售業；F113050 電腦及事務性機器設備批發業；F213030 電腦及事務性機器設備零售業；F113070 電信器材批發業；F213060 電信器材零售業；F118010 資訊軟體批發業；F218010 資訊軟體零售業；F119010 電子材料批發業；F219010 電子材料零售業,新北市,變更,11509
93741676,沃克思國際有限公司,新北市中和區板南路663號6樓,李汪銘,1000000,113/02/17,115/09/18,特殊補正,C703010 印刷品裝訂及加工業；F108040 化粧品批發業；F199990 其他批發業；F203010 食品什貨、飲料零售業；F208040 化粧品零售業；F299990 其他零售業；F399040 無店面零售業；F401010 國際貿易業；I103060 管理顧問業；I199990 其他顧問服務業,新北市,變更,11509
93762783,尚是國際貿易有限公司,新北市林口區仁愛路2段311之1號4樓,潘偉倫,1000000,112/07/04,115/09/02,特殊補正,F203010 食品什貨、飲料零售業；F203020 菸酒零售業；F401010 國際貿易業；F102040 飲料批發業；F102170 食品什貨批發業；F102020 食用油脂批發業；F501030 飲料店業；F102030 菸酒批發業；F106020 日常用品批發業；F206020 日常用品零售業,新北市,變更,11509
93763592,富銘金屬有限公司,新北市新莊區福壽街99巷6弄3號3樓,陳睿謙,8000000,112/07/03,115/09/16,增資,CA01050 鋼材二次加工業；CA01080 鍊鋁業；CA01090 鋁鑄造業；CA01100 鋁材軋延、伸線、擠型業；CA02010 金屬結構及建築組件製造業；CA02990 其他金屬製品製造業；CA03010 熱處理業；CA04010 表面處理業；F106010 五金批發業；F106030 模具批發業,新北市,變更,11509
93764163,品辰工程有限公司,新北市板橋區莊敬路48之2號2樓,周畢英書,15500000,112/07/07,115/09/07,增資,EZ02010 起重工程業；EZ99990 其他工程業；F111090 建材批發業；F401010 國際貿易業；ZZ99999 除許可業務外，得經營法令非禁止或限制之業務,新北市,變更,11509
93764255,威達創新科技有限公司,新北市中和區中正路716號10樓之1,韓君威,100000,112/07/07,115/09/10,改推董事/董事長,F219010 電子材料零售業；F299990 其他零售業；F399040 無店面零售業；F401010 國際貿易業；ZZ99999 除許可業務外，得經營法令非禁止或限制之業務,新北市,變更,11509
93788138,趴停股份有限公司,新北市新莊區新北大道3段5號5樓之3,詹儒翰,10000000,112/05/18,115/09/14,特殊補正,F113050 電腦及事務性機器設備批發業；F113090 交通標誌器材批發業；F119010 電子材料批發業；F213030 電腦及事務性機器設備零售業；F213090 交通標誌器材零售業；F219010 電子材料零售業；E603050 自動控制設備工程業；E604010 機械安裝業；E605010 電腦設備安裝業；G202010 停車場經營業,新北市,變更,11509
93788616,德哲實業有限公司,新北市鶯歌區國華路85號7樓,,200000,112/05/19,115/09/22,解散,E801010 室內裝潢業；E801020 門窗安裝工程業；E801030 室內輕鋼架工程業；E801070 廚具、衛浴設備安裝工程業；E901010 油漆工程業；EZ99990 其他工程業；E903010 防蝕、防銹工程業；F111090 建材批發業；F120010 耐火材料批發業；F220010 耐火材料零售業,新北市,變更,11509
93789306,有傘的孩子國際藝術有限公司,新北市淡水區自強路80巷13號14樓,蟻薇玲,1000000,112/05/29,115/09/03,申登機關變更（遷入，含卷）,J801030 競技及休閒運動場館業；J802010 運動訓練業；J401010 電影片製作業；J402010 電影片發行業；J404010 動畫影片製作業；J404020 提供設備及場地供電影片拍攝業；J404040 電影錄音業；J404050 電影特效製作業；I401010 一般廣告服務業；I501010 產品設計業,新北市,變更,11509
93795877,嵂境室內裝修有限公司,新北市三重區三和路3段167巷55號,黃瑜鈞,500000,112/06/19,115/09/24,公司所在地,F111090 建材批發業；F211010 建材零售業；F105050 家具、寢具、廚房器具、裝設品批發業；F205040 家具、寢具、廚房器具、裝設品零售業；F106010 五金批發業；F206010 五金零售業；F113020 電器批發業；F213010 電器零售業；CN01010 家具及裝設品製造業；E801010 室內裝潢業,新北市,變更,11509
93796209,沐灶投資股份有限公司,新北市鶯歌區永和街159號8樓,簡雅琪,5000000,112/06/21,115/09/18,董事(常務董事.董事長)/監察人解任,H201010 一般投資業；I102010 投資顧問業；H703090 不動產買賣業；H703100 不動產租賃業；ZZ99999 除許可業務外，得經營法令非禁止或限制之業務,新北市,變更,11509
93952622,信佳有限公司,新北市新莊區自強街25號4樓,李佳淳,2000000,112/07/11,115/09/21,股東出資轉讓修正章程,F399010 便利商店業；F399040 無店面零售業；F401010 國際貿易業；ZZ99999 除許可業務外，得經營法令非禁止或限制之業務,新北市,變更,11509
93954874,禾心國際有限公司,新北市三峽區中園街225之8號,劉尊云,500000,112/07/12,115/09/29,公司所營事業變更修正章程,F102030 菸酒批發業；F203010 食品什貨、飲料零售業；F206020 日常用品零售業；F199990 其他批發業；F399040 無店面零售業；F401010 國際貿易業；F401161 菸類輸入業；F401171 酒類輸入業；ZZ99999 除許可業務外，得經營法令非禁止或限制之業務；I102010 一般投資顧問業,新北市,變更,11509
93955281,煥鑫國際汽車有限公司,新北市土城區中央路3段81號,胡捷發,3000000,112/07/12,115/09/23,公司所在地,F114030 汽、機車零件配備批發業；F213110 電池零售業；F214010 汽車零售業；F214030 汽、機車零件配備零售業；F214050 車胎零售業；F401010 國際貿易業；ZZ99999 除許可業務外，得經營法令非禁止或限制之業務,新北市,變更,11509
94017356,上鈦有限公司,新北市三重區仁愛街377巷53號,施靜叡,2001000,112/04/27,115/09/16,公司所營事業變更修正章程,CA02040 彈簧製造業；F105050 家具、寢具、廚房器具、裝設品批發業；F106010 五金批發業；F106020 日常用品批發業；F106030 模具批發業；F113050 電腦及事務性機器設備批發業；F205040 家具、寢具、廚房器具、裝設品零售業；F206010 五金零售業；F206020 日常用品零售業；F206030 模具零售業,新北市,變更,11509
94039339,河樂食品原料有限公司,新北市汐止區福德二路288號,張信裕,1200000,112/08/09,115/09/21,特殊補正,ZZ99999 除許可業務外，得經營法令非禁止或限制之業務；F501030 飲料店業；F501060 餐館業；F203010 食品什貨、飲料零售業；F203020 菸酒零售業；F401010 國際貿易業,新北市,變更,11509
94042910,群賢國際投資股份有限公司,新北市新店區北新路1段86號30樓之6,許阿南,39000000,112/05/08,115/09/18,改選董事/監察人(一人法人股東指派董事/監察人),H201010 一般投資業；ZZ99999 除許可業務外，得經營法令非禁止或限制之業務,新北市,變更,11509
94043039,復星科技股份有限公司,新北市三重區碧華街148巷17號12樓,陳維仁,1000000,112/05/08,115/09/14,特殊補正,CA02990 其他金屬製品製造業；CA04010 表面處理業；CB01990 其他機械製造業；CC01040 照明設備製造業；CC01080 電子零組件製造業；CC01090 電池製造業；CC01110 電腦及其週邊設備製造業；CC01990 其他電機及電子機械器材製造業；F102170 食品什貨批發業；F104110 布疋、衣著、鞋、帽、傘、服飾品批發業,新北市,變更,11509
94043137,琞淂生活美學有限公司,新北市板橋區金門街312號2樓,彭煥枝,300000,112/05/09,115/09/17,特殊補正,F203010 食品什貨、飲料零售業；F104110 布疋、衣著、鞋、帽、傘、服飾品批發業；F102170 食品什貨批發業；F105050 家具、寢具、廚房器具、裝設品批發業；F115010 首飾及貴金屬批發業；F204110 布疋、衣著、鞋、帽、傘、服飾品零售業；F205040 家具、寢具、廚房器具、裝設品零售業；F215010 首飾及貴金屬零售業；F401010 國際貿易業；F399040 無店面零售業,新北市,變更,11509
94046090,太一娛樂有限公司,新北市蘆洲區和平路121巷8弄34號5樓,徐睿達,3000000,112/05/09,115/09/21,減少所營事業變更修正章程,I301010 資訊軟體服務業；I301020 資料處理服務業；I301030 電子資訊供應服務業；I401010 一般廣告服務業；IZ99990 其他工商服務業；JZ99050 仲介服務業；J303010 雜誌（期刊）出版業；F399040 無店面零售業；F601010 智慧財產權業；IZ13010 網路認證服務業,新北市,變更,11509
94069277,原利交通有限公司,新北市林口區忠孝路533號,邱顯一,25000000,112/05/22,115/09/23,申登機關變更（遷入，含卷）,G101061 汽車貨運業；G202010 停車場經營業；G801010 倉儲業；F114010 汽車批發業；F114030 汽、機車零件配備批發業；F114050 車胎批發業；F114990 其他交通運輸工具及其零件批發業；F214010 汽車零售業；F214030 汽、機車零件配備零售業；F214050 車胎零售業,新北市,變更,11509
94071127,蚓密菇俠有限公司,新北市鶯歌區尖山埔路4之1號4樓,王晉文,100000,112/05/29,115/09/24,特殊補正,A102080 園藝服務業；A401040 畜牧服務業；A401060 其他動物服務業；A102050 作物栽培服務業；F101980 其他動物批發業；F103010 飼料批發業；F106020 日常用品批發業；F107050 肥料批發業；F106060 寵物食品及其用品批發業；F201980 其他動物零售業,新北市,變更,11509
94071554,永潤整合行銷有限公司,新北市新莊區化成路314巷16號,周詩雅,600000,112/05/30,115/09/24,公司所在地,F102040 飲料批發業；F102170 食品什貨批發業；F104110 布疋、衣著、鞋、帽、傘、服飾品批發業；F105050 家具、寢具、廚房器具、裝設品批發業；F106020 日常用品批發業；F109070 文教、樂器、育樂用品批發業；F203010 食品什貨、飲料零售業；F204110 布疋、衣著、鞋、帽、傘、服飾品零售業；F205040 家具、寢具、廚房器具、裝設品零售業；F206020 日常用品零售業,新北市,變更,11509
94093298,富山精密股份有限公司,新北市泰山區信義街8之2號,柯統恩,5000000,112/07/21,115/09/02,改選董事/監察人(一人法人股東指派董事/監察人),F106030 模具批發業；F106010 五金批發業；F113010 機械批發業；F113030 精密儀器批發業；F113050 電腦及事務性機器設備批發業；F118010 資訊軟體批發業；F119010 電子材料批發業；F206030 模具零售業；F213030 電腦及事務性機器設備零售業；F213040 精密儀器零售業,新北市,變更,11509
94093327,金昌運國際有限公司,新北市中和區中山路3段146號12樓之15,呂冠緯,36000000,112/07/21,115/09/11,公司所在地,F102170 食品什貨批發業；F102040 飲料批發業；F203010 食品什貨、飲料零售業；F101040 家畜家禽批發業；F101050 水產品批發業；F101130 蔬果批發業；F101990 其他農、畜、水產品批發業；F201010 農產品零售業；F201020 畜產品零售業；F201030 水產品零售業,新北市,變更,11509
94094711,興樂國際有限公司,新北市三重區新北大道1段123號11樓,許晉瑋,1000000,112/07/27,115/09/15,特殊補正,I103060 管理顧問業；IZ15010 市場研究及民意調查業；JE01010 租賃業；H201010 一般投資業；H202010 創業投資業；I401010 一般廣告服務業；I301040 第三方支付服務業；F399040 無店面零售業；F401010 國際貿易業；E599010 配管工程業,新北市,變更,11509
94097421,豐洪資產管理股份有限公司,新北市板橋區中山路1段283巷2弄18號(1樓),洪吉亮,10000000,112/07/28,115/09/02,特殊補正,H701010 住宅及大樓開發租售業；H701020 工業廠房開發租售業；H701040 特定專業區開發業；H703090 不動產買賣業；H703100 不動產租賃業；I102010 投資顧問業；I103060 管理顧問業；ZZ99999 除許可業務外，得經營法令非禁止或限制之業務,新北市,變更,11509
94109019,旭陽工程有限公司,新北市新店區明山路2巷9號7樓,蘇士雄,200000,112/05/04,115/09/02,特殊補正,E901010 油漆工程業；E903010 防蝕、防銹工程業；F207010 漆料、塗料零售業；F401010 國際貿易業；ZZ99999 除許可業務外，得經營法令非禁止或限制之業務,新北市,變更,11509
94109828,熹望股份有限公司,新北市新店區中華路37號,林姿君,1000000,112/05/05,115/09/07,特殊補正,A101020 農作物栽培業；A101030 特用作物栽培業；C104020 烘焙炊蒸食品製造業；C108010 糖類製造業；C110010 飲料製造業；C111010 製茶業；C199020 食用冰製造業；C199030 即食餐食製造業；C199990 未分類其他食品製造業；E601020 電器安裝業,新北市,變更,11509
94109995,正霖工程有限公司,新北市樹林區柑園街1段335巷1弄9號4樓,黃政霖,1000000,112/05/08,115/09/22,公司所在地,C901020 玻璃及玻璃製品製造業；E601020 電器安裝業；E801020 門窗安裝工程業；E801030 室內輕鋼架工程業；E801040 玻璃安裝工程業；E801070 廚具、衛浴設備安裝工程業；E901010 油漆工程業；E801010 室內裝潢業；E903010 防蝕、防銹工程業；EZ99990 其他工程業,新北市,變更,11509
94115048,東亨士資產股份有限公司,新北市蘆洲區三民路38號2樓,王志剛,15000000,112/05/16,115/09/01,特殊補正,H201010 一般投資業；H202010 創業投資業；H703100 不動產租賃業；I102010 投資顧問業；I103060 管理顧問業；ZZ99999 除許可業務外，得經營法令非禁止或限制之業務,新北市,變更,11509
94127071,庭昇太陽能股份有限公司,新北市土城區中央路2段191號8樓之7,洪羽涵,8000000,112/06/01,115/09/14,特殊補正,D101060 再生能源自用發電設備業；D401010 熱能供應業；CC01010 發電、輸電、配電機械製造業；F601010 智慧財產權業；H201010 一般投資業；H701010 住宅及大樓開發租售業；I102010 投資顧問業；IG03010 能源技術服務業；F203020 菸酒零售業；F203010 食品什貨、飲料零售業,新北市,變更,11509
94127699,何家發投資股份有限公司,新北市板橋區中山路2段443巷75號18樓,何易蒼,25376550,112/06/02,115/09/09,改選董事/監察人(一人法人股東指派董事/監察人),H201010 一般投資業,新北市,變更,11509
94128183,左岸文化事業有限公司,新北市新店區民權路108之3號3樓,商兆文,3000000,112/06/06,115/09/04,股東出資轉讓修正章程,ZZ99999 除許可業務外，得經營法令非禁止或限制之業務；F109070 文教、樂器、育樂用品批發業；F209060 文教、樂器、育樂用品零售業；F401010 國際貿易業；I401010 一般廣告服務業；J303010 雜誌（期刊）出版業；J304010 圖書出版業；J305010 有聲出版業；C701010 印刷業；C703010 印刷品裝訂及加工業,新北市,變更,11509
94128228,匠倯設計有限公司,新北市中和區忠孝街46之1號12樓,林意珊,2000000,112/06/06,115/09/11,增資,E601010 電器承裝業；E601020 電器安裝業；E599010 配管工程業；E603040 消防安全設備安裝工程業；E603050 自動控制設備工程業；E603090 照明設備安裝工程業；E801010 室內裝潢業；E801020 門窗安裝工程業；E801030 室內輕鋼架工程業；E801040 玻璃安裝工程業,新北市,變更,11509
94136959,博富有限公司,新北市汐止區忠三街41巷64號,李睿宸,1000000,112/09/20,115/09/07,公司所在地,F102170 食品什貨批發業；F102020 食用油脂批發業；F102030 菸酒批發業；F102040 飲料批發業；F203010 食品什貨、飲料零售業；F101990 其他農、畜、水產品批發業；F203020 菸酒零售業；F204110 布疋、衣著、鞋、帽、傘、服飾品零售業；F208040 化粧品零售業；F399040 無店面零售業,新北市,變更,11509
94148195,樺伸工業有限公司,新北市淡水區中山北路2段189巷168號(1樓),楊舒雯,3000000,112/10/19,115/09/14,申登機關變更（遷入，含卷）,CA02060 金屬容器製造業；CA02090 金屬線製品製造業；CA02990 其他金屬製品製造業；CB01010 機械設備製造業；CB01990 其他機械製造業；CC01030 電器及視聽電子產品製造業；E502010 燃料導管安裝工程業；E599010 配管工程業；E601020 電器安裝業；E603100 電焊工程業,新北市,變更,11509
94150826,懸浮藝術股份有限公司,新北市三重區重新路5段363號,洪璽皓,2130000,112/10/23,115/09/07,增資(資本總額),F104110 布疋、衣著、鞋、帽、傘、服飾品批發業；F109070 文教、樂器、育樂用品批發業；F204110 布疋、衣著、鞋、帽、傘、服飾品零售業；F206020 日常用品零售業；F209060 文教、樂器、育樂用品零售業；F399040 無店面零售業；F401010 國際貿易業；F501030 飲料店業；F501060 餐館業；I103060 管理顧問業,新北市,變更,11509
94151780,舒喬科技股份有限公司,新北市新店區建國路209號7樓,楊家慧,6200000,62/05/14,115/09/18,特殊補正,F101050 水產品批發業；F101070 漁具批發業；F101130 蔬果批發業；F101980 其他動物批發業；F101990 其他農、畜、水產品批發業；F102170 食品什貨批發業；F106040 水器材料批發業；F106060 寵物食品及其用品批發業；F107070 動物用藥品批發業；F201010 農產品零售業,新北市,變更,11509
94159452,地平線影像製作有限公司,新北市永和區永和路2段57號7樓,蔡瀚霆,1500000,112/11/20,115/09/30,改推董事/董事長,J401010 電影片製作業；J402010 電影片發行業；J503010 廣播節目製作業；J404010 動畫影片製作業；J404040 電影錄音業；J404050 電影特效製作業；J503020 電視節目製作業；J503030 廣播電視節目發行業；J503040 廣播電視廣告業；J601010 藝文服務業,新北市,變更,11509
94160134,板橋品都串燒股份有限公司,新北市板橋區館前東路63號,張育彬,100000,112/11/22,115/09/08,變更組織,F501060 餐館業；F501030 飲料店業；ZZ99999 除許可業務外，得經營法令非禁止或限制之業務,新北市,變更,11509
94167489,榯南有限公司,新北市永和區安樂路242之16號3樓,徐于涵,1000000,112/08/24,115/09/23,特殊補正,JZ99990 未分類其他服務業；F108040 化粧品批發業；F208040 化粧品零售業；F107030 清潔用品批發業；F207030 清潔用品零售業；F115020 礦石批發業；F215020 礦石零售業；F106020 日常用品批發業；F206020 日常用品零售業；F109070 文教、樂器、育樂用品批發業,新北市,變更,11509
94171913,品選國際有限公司,新北市汐止區福德一路176巷8號6樓,鄭蓤薇,100000,112/09/08,115/09/02,股東出資轉讓修正章程,F399040 無店面零售業；F399990 其他綜合零售業；F401010 國際貿易業；ZZ99999 除許可業務外，得經營法令非禁止或限制之業務,新北市,變更,11509
94172011,山海國際股份有限公司,新北市新店區安祥路106之18號,游雅涵,2000000,112/09/08,115/09/04,改選董事/監察人(一人法人股東指派董事/監察人),F401010 國際貿易業；I103060 管理顧問業；ZZ99999 除許可業務外，得經營法令非禁止或限制之業務,新北市,變更,11509
94172119,友信工業有限公司,新北市新莊區化成路293巷18號,鍾易志,1000000,112/09/11,115/09/03,改推董事/董事長,CA02030 螺絲、螺帽、螺絲釘、及鉚釘等製品製造業；CQ01010 模具製造業；F106010 五金批發業；F106030 模具批發業；F119010 電子材料批發業；F206010 五金零售業；F401010 國際貿易業,新北市,變更,11509
94173665,鉅量創新綠能股份有限公司,新北市中和區中正路736號8樓之2,楊雅茜,10000000,112/09/18,115/09/02,特殊補正,CA02010 金屬結構及建築組件製造業；CA02990 其他金屬製品製造業；CC01010 發電、輸電、配電機械製造業；CC01060 有線通信機械器材製造業；CC01070 無線通信機械器材製造業；CC01080 電子零組件製造業；CC01110 電腦及其週邊設備製造業；CC01990 其他電機及電子機械器材製造業；CD01030 汽車及其零件製造業；CD01040 機車及其零件製造業,新北市,變更,11509
94173757,嬌玉潤亞洲有限公司,新北市三重區環河南路120之1號7樓,,1000000,112/09/18,115/09/24,特殊補正,F106020 日常用品批發業；F108040 化粧品批發業；F104110 布疋、衣著、鞋、帽、傘、服飾品批發業；F105050 家具、寢具、廚房器具、裝設品批發業；F102170 食品什貨批發業；F106010 五金批發業；F109070 文教、樂器、育樂用品批發業；F203010 食品什貨、飲料零售業；F204110 布疋、衣著、鞋、帽、傘、服飾品零售業；F205040 家具、寢具、廚房器具、裝設品零售業,新北市,變更,11509
94173779,永羽科技有限公司,新北市汐止區新台五路1段97號27樓之7,陳文濱,1000000,112/09/18,115/09/11,公司所在地,D101050 汽電共生業；D101060 再生能源自用發電設備業；E603050 自動控制設備工程業；E606010 用電設備檢驗維護業；E607010 太陽熱能設備安裝工程業；EZ05010 儀器、儀表安裝工程業；F106010 五金批發業；F106040 水器材料批發業；F111090 建材批發業；F113030 精密儀器批發業,新北市,變更,11509
94180413,鈦灃生醫股份有限公司,新北市板橋區三民路2段28號11樓,李文生,20000000,112/09/23,115/09/14,特殊補正,F201070 花卉零售業；F203010 食品什貨、飲料零售業；F204110 布疋、衣著、鞋、帽、傘、服飾品零售業；F205040 家具、寢具、廚房器具、裝設品零售業；F206020 日常用品零售業；F206040 水器材料零售業；F207030 清潔用品零售業；F208040 化粧品零售業；F209060 文教、樂器、育樂用品零售業；F213010 電器零售業,新北市,變更,11509
94190897,至辰鑫有限公司,新北市新莊區中正路530號之4(1樓),陳湘婷,1000000,112/10/23,115/09/17,公司所營事業變更修正章程,C103050 罐頭、冷凍、脫水及醃漬食品製造業；C199020 食用冰製造業；C102010 乳品製造業；F102170 食品什貨批發業；F401010 國際貿易業；ZZ99999 除許可業務外，得經營法令非禁止或限制之業務；F113010 機械批發業；F501030 飲料店業；JE01010 租賃業；F399040 無店面零售業,新北市,變更,11509
94190995,美麗人生企業股份有限公司,新北市三重區重新路5段609巷6號5樓之7,陳宜姍,2100000,112/10/24,115/09/21,減少所營事業變更修正章程,F108031 醫療器材批發業；F208031 醫療器材零售業；F208050 乙類成藥零售業；F102170 食品什貨批發業；F203010 食品什貨、飲料零售業；F104110 布疋、衣著、鞋、帽、傘、服飾品批發業；F204110 布疋、衣著、鞋、帽、傘、服飾品零售業；F106020 日常用品批發業；F206020 日常用品零售業；F107030 清潔用品批發業,新北市,變更,11509
94191426,東鋒電機有限公司,新北市三峽區大德路250號4樓,吳承諺,3000000,112/10/25,115/09/24,增資,E601020 電器安裝業；E603050 自動控制設備工程業；E604010 機械安裝業；E605010 電腦設備安裝業；EZ05010 儀器、儀表安裝工程業；E601010 電器承裝業；F106010 五金批發業；F106040 水器材料批發業；F113030 精密儀器批發業；F119010 電子材料批發業,新北市,變更,11509
94191875,合宜資產管理股份有限公司,新北市淡水區北新路184巷210號,劉佑閿,5400000,112/10/26,115/09/10,董事(常務董事.董事長)/監察人解任,H706011 租賃住宅代管業；H706021 租賃住宅包租業；H703090 不動產買賣業；H703100 不動產租賃業；H701010 住宅及大樓開發租售業；H701020 工業廠房開發租售業；H201010 一般投資業；J101010 建築物清潔服務業；ZZ99999 除許可業務外，得經營法令非禁止或限制之業務；H704031 不動產仲介經紀業,新北市,變更,11509
94203909,百瑞永續股份有限公司,新北市中和區中山路2段351號4樓之8,陳幸吟,200000,112/11/07,115/09/29,特殊補正,F106010 五金批發業；F107030 清潔用品批發業；F107080 環境用藥批發業；F113100 污染防治設備批發業；F399040 無店面零售業；F401010 國際貿易業；I103060 管理顧問業；I199990 其他顧問服務業；IG01010 生物技術服務業；C802090 清潔用品製造業,新北市,變更,11509
94209782,盛林興業有限公司,新北市中和區捷運路8之21號6樓,董天豪,2000000,112/08/15,115/09/15,改推董事/董事長,F111090 建材批發業；F211010 建材零售業；F106010 五金批發業；F206010 五金零售業；F120010 耐火材料批發業；F220010 耐火材料零售業；F401010 國際貿易業；ZZ99999 除許可業務外，得經營法令非禁止或限制之業務,新北市,變更,11509
94211372,鴻滿旅行社有限公司,新北市新莊區思源路173號4樓,蔡鴻勝,6000000,112/08/21,115/09/02,增資,J902011 旅行業,新北市,變更,11509
94225349,日日好日社會企業有限公司,新北市蘆洲區長樂路93號(1樓),陳芷璿,3000000,112/10/13,115/09/07,特殊補正,I103060 管理顧問業；I199990 其他顧問服務業；IZ99990 其他工商服務業；JH02011 日間照顧服務業；ZZ99999 除許可業務外，得經營法令非禁止或限制之業務,新北市,變更,11509
94225798,昕旺蛋品有限公司,新北市新莊區建國二路29號2樓,張輝亮,12000000,112/10/17,115/09/04,增資,C103050 罐頭、冷凍、脫水及醃漬食品製造業；C199990 未分類其他食品製造業；F101990 其他農、畜、水產品批發業；F102170 食品什貨批發業；F401010 國際貿易業；G801010 倉儲業；ZZ99999 除許可業務外，得經營法令非禁止或限制之業務,新北市,變更,11509
94225896,名巨國際貿易有限公司,新北市林口區忠孝路581巷8號(1樓),陳俊維,500000,112/10/17,115/09/21,改推董事/董事長,F106020 日常用品批發業；F206020 日常用品零售業；F207030 清潔用品零售業；F107030 清潔用品批發業；F107190 塑膠膜、袋批發業；F207190 塑膠膜、袋零售業；F401010 國際貿易業；F102170 食品什貨批發業；F121010 食品添加物批發業；F203010 食品什貨、飲料零售業,新北市,變更,11509
94226348,思美達艾奇有限公司,新北市板橋區中山路1段293之1號10樓之1,陳俊榮,2000000,112/10/18,115/09/11,改推董事/董事長,F113010 機械批發業；F113020 電器批發業；F213030 電腦及事務性機器設備零售業；F399040 無店面零售業；F401010 國際貿易業；F601010 智慧財產權業；I103060 管理顧問業；IG02010 研究發展服務業；ZZ99999 除許可業務外，得經營法令非禁止或限制之業務；F118010 資訊軟體批發業,新北市,變更,11509
94235753,漢堡國際有限公司,新北市板橋區中正路41號3樓,張政源,300000,112/11/03,115/09/16,改推董事/董事長,F102170 食品什貨批發業；F105050 家具、寢具、廚房器具、裝設品批發業；F106010 五金批發業；F106020 日常用品批發業；F109070 文教、樂器、育樂用品批發業；F401010 國際貿易業；F104110 布疋、衣著、鞋、帽、傘、服飾品批發業；F107030 清潔用品批發業；F101130 蔬果批發業；F201010 農產品零售業,新北市,變更,11509
94235959,誠恩興業股份有限公司,新北市泰山區信義街8之2號,林淑娟,5000000,112/11/03,115/09/03,改選董事/監察人(一人法人股東指派董事/監察人),F106010 五金批發業；F106030 模具批發業；F113010 機械批發業；F113020 電器批發業；F113030 精密儀器批發業；F113050 電腦及事務性機器設備批發業；F206010 五金零售業；F206030 模具零售業；F213010 電器零售業；F213030 電腦及事務性機器設備零售業,新北市,變更,11509
94237226,瑞錦豐股份有限公司,新北市新店區華潭街26巷3弄27號(1樓),詹慈琳,49000000,112/11/10,115/09/29,增資(資本總額),H201010 一般投資業,新北市,變更,11509
94237957,碩疆開發有限公司,新北市三重區重陽路1段66號10樓之2,王寶群,4000000,112/11/14,115/09/23,特殊補正,H704041 不動產代銷經紀業；H704031 不動產仲介經紀業；H703090 不動產買賣業；H703100 不動產租賃業；H706011 租賃住宅代管業；H706021 租賃住宅包租業；E801010 室內裝潢業；F211010 建材零售業；I102010 一般投資顧問業；I103060 管理顧問業,新北市,變更,11509
94251789,永彩成有限公司,新北市中和區景平路434號3樓,謝明成,2956596,112/09/04,115/09/23,增資,F104110 布疋、衣著、鞋、帽、傘、服飾品批發業；F106010 五金批發業；F106020 日常用品批發業；F107030 清潔用品批發業；F115010 首飾及貴金屬批發業；F115020 礦石批發業；F204110 布疋、衣著、鞋、帽、傘、服飾品零售業；F206010 五金零售業；F206020 日常用品零售業；F207030 清潔用品零售業,新北市,變更,11509
94251958,歆創國際有限公司,新北市板橋區樂群路146號,劉昀蓁,500000,112/09/05,115/09/22,特殊補正,F102170 食品什貨批發業；F104110 布疋、衣著、鞋、帽、傘、服飾品批發業；F108040 化粧品批發業；F203010 食品什貨、飲料零售業；F204110 布疋、衣著、鞋、帽、傘、服飾品零售業；F401010 國際貿易業；F501060 餐館業；ZZ99999 除許可業務外，得經營法令非禁止或限制之業務；A401031 特定寵物服務業；A401060 其他動物服務業,新北市,變更,11509
94252133,永永股份有限公司,新北市土城區三民路65號(1樓),王永楠,5200000,112/09/05,115/09/02,改選董事/監察人(一人法人股東指派董事/監察人),H201010 一般投資業；A101020 農作物栽培業；A101030 特用作物栽培業；A101050 花卉栽培業；A102020 農產品整理業；A102050 作物栽培服務業；A201010 造林業；C103050 罐頭、冷凍、脫水及醃漬食品製造業；C104010 糖果製造業；C104020 烘焙炊蒸食品製造業,新北市,變更,11509
94256996,山穎科技股份有限公司,新北市板橋區民生路3段30號3樓之1,張雪芳,10000000,112/09/13,115/09/07,特殊補正,F118010 資訊軟體批發業；F218010 資訊軟體零售業；E605010 電腦設備安裝業；I301010 資訊軟體服務業；I301020 資料處理服務業；I301030 電子資訊供應服務業；I103060 管理顧問業；F401010 國際貿易業；F601010 智慧財產權業；IZ12010 人力派遣業,新北市,變更,11509
94271096,台灣大北歐通訊設備有限公司,新北市中和區建一路186號4樓及4樓之4,Lee Dickson Tat Sang（李達笙）,200000,112/10/05,115/09/10,特殊補正,F401010 國際貿易業；CC01080 電子零組件製造業；CC01110 電腦及其週邊設備製造業；ZZ99999 除許可業務外，得經營法令非禁止或限制之業務,新北市,變更,11509
95426553,賞味宣言股份有限公司,新北市三重區重新路4段97號22樓之1,張少綱,1000000,113/06/27,115/09/17,特殊補正,F102020 食用油脂批發業；F102030 菸酒批發業；F102040 飲料批發業；F102050 茶葉批發業；F102170 食品什貨批發業；F121010 食品添加物批發業；F199990 其他批發業；F203010 食品什貨、飲料零售業；F206010 五金零售業；F206020 日常用品零售業,新北市,變更,11509
95427912,海恩斯室內裝修股份有限公司,新北市三重區民族街25號3樓,吳沛恩,3500000,113/05/07,115/09/23,公司所營事業變更修正章程,E801060 室內裝修業；E801010 室內裝潢業；E801070 廚具、衛浴設備安裝工程業；I401010 一般廣告服務業；I501010 產品設計業；I503010 景觀設計業；I599990 其他設計業；I504010 花藝設計業；I301010 資訊軟體服務業；I103060 管理顧問業,新北市,變更,11509
95435292,台灣祥飛科技有限公司,新北市汐止區新台五路1段95號16樓之1,李承恩,1500000,113/08/09,115/09/07,特殊補正,F113010 機械批發業；F113050 電腦及事務性機器設備批發業；F213080 機械器具零售業；F113030 精密儀器批發業；E601020 電器安裝業；JA02990 其他修理業；F399040 無店面零售業；F401010 國際貿易業；F102170 食品什貨批發業；F106020 日常用品批發業,新北市,變更,11509
95454683,亞睿特電子科技股份有限公司,新北市土城區三民路2號7樓之5,詹皓棋,61000000,114/02/05,115/09/16,公司名稱變更修正章程,CB01010 機械設備製造業；CB01990 其他機械製造業；CC01010 發電、輸電、配電機械製造業；CC01040 照明設備製造業；CC01080 電子零組件製造業；CC01090 電池製造業；CC01100 電信管制射頻器材製造業；CC01110 電腦及其週邊設備製造業；CC01120 資料儲存媒體製造及複製業；CC01990 其他電機及電子機械器材製造業,新北市,變更,11509
95456319,珀爾歐有限公司,新北市板橋區莊敬路56號19樓,簡瑋均,500000,113/07/05,115/09/17,公司所營事業變更修正章程,JZ99080 美容美髮服務業；F108040 化粧品批發業；F208040 化粧品零售業；F107030 清潔用品批發業；F207030 清潔用品零售業；F102170 食品什貨批發業；F203010 食品什貨、飲料零售業；F399040 無店面零售業；F401010 國際貿易業；I103060 管理顧問業,新北市,變更,11509
95457751,長盛興科技有限公司,新北市樹林區中山路2段151巷12之3號7樓,林維珊,1100000,113/05/29,115/09/04,增資,CB01990 其他機械製造業；F401010 國際貿易業,新北市,變更,11509
95457963,鈊珩有限公司,新北市中和區宜安路171號4樓,蔡睿哲,5000000,113/06/11,115/09/18,增資,F209060 文教、樂器、育樂用品零售業；F399040 無店面零售業；F401010 國際貿易業；ZZ99999 除許可業務外，得經營法令非禁止或限制之業務,新北市,變更,11509
95459575,森曜居研顧問有限公司,新北市中和區捷運路8之7號19樓,陳美絨,1000000,114/02/19,115/09/03,特殊補正,F102170 食品什貨批發業；F203010 食品什貨、飲料零售業；F399990 其他綜合零售業；F401010 國際貿易業；JB01010 會議及展覽服務業；I101070 農、林、漁、畜牧顧問業；I101090 食品顧問業；I103060 管理顧問業；I102010 一般投資顧問業；I199990 其他顧問服務業,新北市,變更,11509
95462683,展毅科技股份有限公司,新北市泰山區德安街17號,張桂瑜,10000000,113/04/26,115/09/11,改選董事/監察人(一人法人股東指派董事/監察人),C805050 工業用塑膠製品製造業；C805990 其他塑膠製品製造業；CB01010 機械設備製造業；CC01020 電線及電纜製造業；CC01030 電器及視聽電子產品製造業；CC01080 電子零組件製造業；E601020 電器安裝業；E604010 機械安裝業；E605010 電腦設備安裝業；E701030 電信管制射頻器材裝設工程業,新北市,變更,11509
95467723,鴻天下旅行社股份有限公司,新北市板橋區三民路2段72號(1樓),李嘉寅,30000000,114/02/14,115/09/08,改派董事/監察人,J902011 旅行業,新北市,變更,11509
95477166,文生國際有限公司,新北市汐止區大同路3段609號20樓之1,蘇敬豪,1000000,114/01/16,115/09/03,特殊補正,F115010 首飾及貴金屬批發業；F215010 首飾及貴金屬零售業；F401010 國際貿易業；I501010 產品設計業；I599990 其他設計業；F399040 無店面零售業；ZZ99999 除許可業務外，得經營法令非禁止或限制之業務,新北市,變更,11509
95482230,跑神科技有限公司,新北市板橋區大觀路1段38巷156弄83號,王國川,100000,114/02/20,115/09/18,改推董事/董事長,IG03010 能源技術服務業；IH01010 產業控股公司業；IG02010 研究發展服務業；I102010 一般投資顧問業；I501010 產品設計業；ZZ99999 除許可業務外，得經營法令非禁止或限制之業務；IZ99990 其他工商服務業；IG01010 生物技術服務業；I301020 資料處理服務業；C801020 石油化工原料製造業,新北市,變更,11509
95482597,森鴻行銷有限公司,新北市板橋區篤行路2段59號,陳恩妮,5000000,114/01/06,115/09/29,公司所在地,E801010 室內裝潢業；F105050 家具、寢具、廚房器具、裝設品批發業；F205040 家具、寢具、廚房器具、裝設品零售業；H201010 一般投資業；H701060 新市鎮、新社區開發業；H701070 區段徵收及市地重劃代辦業；H702010 建築經理業；H703090 不動產買賣業；H703100 不動產租賃業；I102010 一般投資顧問業,新北市,變更,11509
95487354,展騰開發股份有限公司,新北市新莊區思源路555號（30樓）,姚政岳,580000000,113/07/12,115/09/04,發行新股,H201010 一般投資業；H701010 住宅及大樓開發租售業；H701020 工業廠房開發租售業；H701040 特定專業區開發業；H701050 投資興建公共建設業；H701060 新市鎮、新社區開發業；H701070 區段徵收及市地重劃代辦業；H701080 都市更新重建業；H702010 建築經理業；H703090 不動產買賣業,新北市,變更,11509
95487431,豐隆塑膠有限公司,新北市樹林區三龍街101巷11號,葉水錦,30000,113/05/10,115/09/14,公司印鑑變更,C805020 塑膠膜、袋製造業；C805030 塑膠日用品製造業；C805050 工業用塑膠製品製造業；C805060 塑膠皮製品製造業；C805070 強化塑膠製品製造業；C805990 其他塑膠製品製造業；F401010 國際貿易業；ZZ99999 除許可業務外，得經營法令非禁止或限制之業務,新北市,變更,11509
95495798,鎧翔企業有限公司,新北市汐止區中興路83號5樓,梁虔駖,1000000,113/04/19,115/09/02,公司所營事業變更修正章程,F104110 布疋、衣著、鞋、帽、傘、服飾品批發業；F108040 化粧品批發業；F109070 文教、樂器、育樂用品批發業；F113050 電腦及事務性機器設備批發業；F203010 食品什貨、飲料零售業；F204110 布疋、衣著、鞋、帽、傘、服飾品零售業；F205040 家具、寢具、廚房器具、裝設品零售業；F209060 文教、樂器、育樂用品零售業；F213030 電腦及事務性機器設備零售業；F299990 其他零售業,新北市,變更,11509
95496038,好赨室餌料有限公司,新北市汐止區新台五路1段127號3樓,謝惠嬿,100000,113/05/07,115/09/15,特殊補正,A301030 水產養殖業；F201010 農產品零售業；F399040 無店面零售業；ZZ99999 除許可業務外，得經營法令非禁止或限制之業務,新北市,變更,11509
95496564,翔奕印刷有限公司,新北市八里區忠孝路183號,廖惠欣,500000,113/06/18,115/09/23,公司所在地,C703010 印刷品裝訂及加工業；C805990 其他塑膠製品製造業；C701010 印刷業；C702010 製版業；F213030 電腦及事務性機器設備零售業；IZ06010 理貨包裝業；IZ99990 其他工商服務業；ZZ99999 除許可業務外，得經營法令非禁止或限制之業務,新北市,變更,11509
96064419,嘉荃旅行社有限公司,新北市新莊區復興路2段72號3樓,蕭敏容,6000000,113/06/17,115/09/18,增資,J902011 旅行業,新北市,變更,11509
96159484,鎮邦工程有限公司,新北市中和區景新街437巷7號4樓,廖俊賢,6000000,113/04/26,115/09/23,股東出資轉讓修正章程,E901010 油漆工程業；E903010 防蝕、防銹工程業；F107010 漆料、塗料批發業；F120010 耐火材料批發業；F207010 漆料、塗料零售業；F220010 耐火材料零售業；F401010 國際貿易業；ZZ99999 除許可業務外，得經營法令非禁止或限制之業務,新北市,變更,11509
96196501,比比嚴選國際有限公司,新北市新莊區富貴路492號6樓,戴湧宸,200000,113/04/30,115/09/09,公司印鑑變更,F104110 布疋、衣著、鞋、帽、傘、服飾品批發業；F105050 家具、寢具、廚房器具、裝設品批發業；F106020 日常用品批發業；F109070 文教、樂器、育樂用品批發業；F204110 布疋、衣著、鞋、帽、傘、服飾品零售業；F205040 家具、寢具、廚房器具、裝設品零售業；F206020 日常用品零售業；F209060 文教、樂器、育樂用品零售業；F399040 無店面零售業；F401010 國際貿易業,新北市,變更,11509
96573814,語創有限公司,新北市永和區中正路354號2樓,蘇建彰,1000000,113/05/06,115/09/30,增資,J304010 圖書出版業；J399010 軟體出版業；J399990 其他出版業；JA05010 留、遊學服務業；JD01010 工商徵信服務業；JE01010 租賃業；I103060 管理顧問業；I301010 資訊軟體服務業；I301020 資料處理服務業；I301030 電子資訊供應服務業,新北市,變更,11509
96577543,景棆工程有限公司,新北市林口區文化三路2段76號9樓,張凱茵,1000000,113/07/31,115/09/15,修正章程,E801010 室內裝潢業；F401010 國際貿易業；EZ99990 其他工程業；E901010 油漆工程業；E801020 門窗安裝工程業；E801030 室內輕鋼架工程業；E801040 玻璃安裝工程業；C501030 合板製造業；C501040 組合木材製造業；F106010 五金批發業,新北市,變更,11509
96681807,莊成國際有限公司,新北市汐止區新台五路1段75號19樓,莊慶成,22000000,113/07/05,115/09/09,公司所營事業變更修正章程,I102010 一般投資顧問業；H703100 不動產租賃業；H703090 不動產買賣業；ZZ99999 除許可業務外，得經營法令非禁止或限制之業務,新北市,變更,11509
96687008,智恩國際事業有限公司,新北市淡水區新市三路2段277號12樓,徐夢萍,500000,113/06/06,115/09/15,特殊補正,F102040 飲料批發業；F102050 茶葉批發業；F102170 食品什貨批發業；F105050 家具、寢具、廚房器具、裝設品批發業；F106010 五金批發業；F106020 日常用品批發業；F401010 國際貿易業；I101090 食品顧問業；I103060 管理顧問業；I501010 產品設計業,新北市,變更,11509
96750085,榮軒投資股份有限公司,新北市新店區溪園路427號9樓,賴榮桐,8000000,113/07/29,115/09/03,增資(資本總額),H201010 一般投資業；ZZ99999 除許可業務外，得經營法令非禁止或限制之業務,新北市,變更,11509
96754408,承寶有限公司,新北市林口區文化二路1段390號5樓,張舒婷,3000000,113/06/26,115/09/15,公司所在地,F106010 五金批發業；F114010 汽車批發業；F114020 機車批發業；F114030 汽、機車零件配備批發業；F114050 車胎批發業；F206010 五金零售業；F214010 汽車零售業；F214020 機車零售業；F214030 汽、機車零件配備零售業；F214050 車胎零售業,新北市,變更,11509
96754792,吉鈞國際有限公司,新北市板橋區雨農路27巷6號12樓,黃羿祥,1500000,113/08/02,115/09/02,增資,F401010 國際貿易業；F104110 布疋、衣著、鞋、帽、傘、服飾品批發業；F105050 家具、寢具、廚房器具、裝設品批發業；F106020 日常用品批發業；F106050 陶瓷玻璃器皿批發業；F106060 寵物食品及其用品批發業；F107030 清潔用品批發業；F102040 飲料批發業；F102170 食品什貨批發業；F199990 其他批發業,新北市,變更,11509
96757762,奕翔電子有限公司,新北市板橋區金門街260巷2號5樓之2,林小麗,100000,113/06/13,115/09/30,特殊補正,F106010 五金批發業；F106020 日常用品批發業；F113030 精密儀器批發業；F113060 度量衡器批發業；F113070 電信器材批發業；F113110 電池批發業；F119010 電子材料批發業；F206010 五金零售業；F206020 日常用品零售業；F213010 電器零售業,新北市,變更,11509
96758853,鈞信工程有限公司,新北市林口區文化三路2段41巷53號(1樓),蔡必强,15000000,113/05/22,115/09/21,特殊補正,EZ02010 起重工程業；F113010 機械批發業；F111090 建材批發業；F213080 機械器具零售業；F211010 建材零售業；F401010 國際貿易業；JE01010 租賃業；ZZ99999 除許可業務外，得經營法令非禁止或限制之業務,新北市,變更,11509
96768607,衍立光股份有限公司,新北市林口區文化二路1段390號6樓,楊書睿,71000000,114/02/13,115/09/24,特殊補正,F119010 電子材料批發業；F219010 電子材料零售業；CB01010 機械設備製造業；CC01080 電子零組件製造業；F107200 化學原料批發業；E599010 配管工程業；E603050 自動控制設備工程業；E604010 機械安裝業；CQ01010 模具製造業；CC01120 資料儲存媒體製造及複製業,新北市,變更,11509
96771413,靚雅美業有限公司,新北市三重區正義北路107巷27號,嚴婕芯,100000,113/05/03,115/09/03,股東出資轉讓修正章程,F104110 布疋、衣著、鞋、帽、傘、服飾品批發業；F102040 飲料批發業；F102170 食品什貨批發業；F108040 化粧品批發業；F203010 食品什貨、飲料零售業；F204110 布疋、衣著、鞋、帽、傘、服飾品零售業；F208040 化粧品零售業；F401010 國際貿易業；ZZ99999 除許可業務外，得經營法令非禁止或限制之業務,新北市,變更,11509
96781329,鶯喨新創有限公司,新北市鶯歌區龍三路59號5樓,呂蕎安,1490000,113/06/21,115/09/24,改推董事/董事長,ZZ99999 除許可業務外，得經營法令非禁止或限制之業務；F207990 其他化學製品零售業；F207200 化學原料零售業；F208040 化粧品零售業；F209060 文教、樂器、育樂用品零售業；I301010 資訊軟體服務業；I301020 資料處理服務業；I301030 電子資訊供應服務業；I301050 實境體感應用服務業；I501010 產品設計業,新北市,變更,11509
96782565,力功科技股份有限公司,新北市新店區北新路2段262號3樓之3,林敬鈞,46000000,113/06/25,115/09/14,發行新股,C801120 人造纖維製造業；C805050 工業用塑膠製品製造業；C805070 強化塑膠製品製造業；C901020 玻璃及玻璃製品製造業；CB01010 機械設備製造業；CB01990 其他機械製造業；CC01080 電子零組件製造業；CE01010 一般儀器製造業；CH01010 體育用品製造業；CQ01010 模具製造業,新北市,變更,11509
96782805,能量叢林有限公司,新北市新莊區中平路198巷21號(1樓),陳家螢,6000000,113/06/26,115/09/17,股東出資轉讓修正章程,F209060 文教、樂器、育樂用品零售業；I103060 管理顧問業；J802010 運動訓練業；JZ99990 未分類其他服務業；ZZ99999 除許可業務外，得經營法令非禁止或限制之業務,新北市,變更,11509
96786197,喨騰有限公司,新北市新莊區建中街48巷10弄1號(1樓),莊清吉,100000,113/06/26,115/09/09,申登機關變更（遷入，含卷）,E801010 室內裝潢業；EZ11010 球場跑道樹脂材料鋪設工程業；EZ99990 其他工程業；I503010 景觀、室內設計業；E903010 防蝕、防銹工程業；EZ06010 交通標示工程業；EZ14010 運動場地用設備工程業；E901010 油漆工程業；F106010 五金批發業；F111090 建材批發業,新北市,變更,11509
96797259,鳴野國際不動產股份有限公司,新北市新莊區思源路505號,林宸諒,4000000,113/04/25,115/09/23,申登機關變更（遷入，含卷）,H703090 不動產買賣業；H703100 不動產租賃業；H201010 一般投資業；H701010 住宅及大樓開發租售業；HZ02020 辦理金融機構金錢債權之評價或拍賣業務；HZ99990 其他金融、保險及不動產業；I102010 一般投資顧問業；I401010 一般廣告服務業；E801010 室內裝潢業；I503010 景觀、室內設計業,新北市,變更,11509
96802035,笲登管理顧問有限公司,新北市樹林區啓智街137巷4號4樓,林宥嫺,15000000,113/07/31,115/09/04,增資,F401010 國際貿易業；H201010 一般投資業；H202010 創業投資業；H703090 不動產買賣業；H703100 不動產租賃業；I102010 一般投資顧問業；I103060 管理顧問業；I199990 其他顧問服務業；JE01010 租賃業；ZZ99999 除許可業務外，得經營法令非禁止或限制之業務,新北市,變更,11509
96806341,綠葉消防工程有限公司,新北市三重區龍濱路14巷8號(1樓),林榮富,3000000,113/05/30,115/09/23,股東出資轉讓修正章程,E603040 消防安全設備安裝工程業；E599010 配管工程業；E601020 電器安裝業；E603090 照明設備安裝工程業；E801010 室內裝潢業；E801020 門窗安裝工程業；E801040 玻璃安裝工程業；F106040 水器材料批發業；F111090 建材批發業；F113020 電器批發業,新北市,變更,11509
96809543,安石股份有限公司,新北市土城區千歲路37之1號9樓,柳厚安,15000000,113/07/09,115/09/30,特殊補正,F113010 機械批發業；F113020 電器批發業；F113060 度量衡器批發業；F114010 汽車批發業；F114030 汽、機車零件配備批發業；F213010 電器零售業；F213050 度量衡器零售業；F213080 機械器具零售業；F214010 汽車零售業；F214030 汽、機車零件配備零售業,新北市,變更,11509
96810648,依點國際股份有限公司,新北市板橋區光武街48巷5號(1樓),楊清彬,3000000,113/06/25,115/09/16,特殊補正,ZZ99999 除許可業務外，得經營法令非禁止或限制之業務；F104110 布疋、衣著、鞋、帽、傘、服飾品批發業；F106010 五金批發業；F106020 日常用品批發業；F105050 家具、寢具、廚房器具、裝設品批發業；F110010 鐘錶批發業；F110020 眼鏡批發業；F199990 其他批發業；F204110 布疋、衣著、鞋、帽、傘、服飾品零售業；F206010 五金零售業,新北市,變更,11509
96813309,盈泰興科技股份有限公司,新北市板橋區萬板路105號7樓,蔡雅雯,5000000,113/04/24,115/09/04,特殊補正,F107010 漆料、塗料批發業；F107020 染料、顏料批發業；F107170 工業助劑批發業；F107190 塑膠膜、袋批發業；F107200 化學原料批發業；F107990 其他化學製品批發業；F207010 漆料、塗料零售業；F207020 染料、顏料零售業；F207170 工業助劑零售業；F207190 塑膠膜、袋零售業,新北市,變更,11509
96813645,匠心技術有限公司,新北市板橋區莊敬路25巷4弄10號(1樓),,684535,114/01/23,115/09/01,特殊補正,F206020 日常用品零售業；F106020 日常用品批發業；F204110 布疋、衣著、鞋、帽、傘、服飾品零售業；F104110 布疋、衣著、鞋、帽、傘、服飾品批發業；F203010 食品什貨、飲料零售業；F102170 食品什貨批發業；JZ99080 美容美髮服務業；F401010 國際貿易業；F399040 無店面零售業；I103060 管理顧問業,新北市,變更,11509
96824988,三騰廣告股份有限公司,新北市林口區文化二路1段266號22樓之3,張明煌,150000000,113/05/15,115/09/23,增資(資本總額),I401010 一般廣告服務業；I401020 廣告傳單分送業；I501010 產品設計業；H701010 住宅及大樓開發租售業；H703090 不動產買賣業；H703100 不動產租賃業；H704041 不動產代銷經紀業；F105050 家具、寢具、廚房器具、裝設品批發業；F111090 建材批發業；F401010 國際貿易業,新北市,變更,11509
96825826,鷹佬鼎行銷有限公司,新北市中和區信義街30號2樓,袁維君,1000000,113/08/06,115/09/17,特殊補正,F203010 食品什貨、飲料零售業；F202010 飼料零售業；F204110 布疋、衣著、鞋、帽、傘、服飾品零售業；F205040 家具、寢具、廚房器具、裝設品零售業；F206010 五金零售業；F206020 日常用品零售業；F206030 模具零售業；F206040 水器材料零售業；F206050 寵物食品及其用品零售業；F207010 漆料、塗料零售業,新北市,變更,11509
96830530,京叡先進科技股份有限公司,新北市五股區五工二路107號,李依柔,2000000,114/01/13,115/09/02,特殊補正,CB01010 機械設備製造業；CB01990 其他機械製造業；CC01040 照明設備製造業；CC01110 電腦及其週邊設備製造業；CC01990 其他電機及電子機械器材製造業；E603090 照明設備安裝工程業；E604010 機械安裝業；E605010 電腦設備安裝業；F113010 機械批發業；F113020 電器批發業,新北市,變更,11509
96830736,稑達工程有限公司,新北市林口區文化三路2段76號9樓,黃宥崴,1000000,113/06/20,115/09/17,修正章程,EZ99990 其他工程業；E901010 油漆工程業；F401010 國際貿易業；E801010 室內裝潢業；F106010 五金批發業；F206010 五金零售業；J101010 建築物清潔服務業；F207010 漆料、塗料零售業；F111090 建材批發業；F211010 建材零售業,新北市,變更,11509
96832761,豐沺廣告股份有限公司,新北市樹林區四維路117號,黃志松,20000000,113/06/25,115/09/04,發行新股,I102010 一般投資顧問業；I301010 資訊軟體服務業；I401010 一般廣告服務業；I401020 廣告傳單分送業；I501010 產品設計業；I503010 景觀、室內設計業；IZ12010 人力派遣業；F111090 建材批發業；F401010 國際貿易業；H704041 不動產代銷經紀業,新北市,變更,11509
96839440,熊本台積城股份有限公司,新北市新莊區中華路3段216號13樓,鄭人瑋,40000000,113/05/16,115/09/07,改派董事/監察人,A101050 花卉栽培業；C103050 罐頭、冷凍、脫水及醃漬食品製造業；C104020 烘焙炊蒸食品製造業；C199030 即食餐食製造業；C199990 未分類其他食品製造業；F201010 農產品零售業；F201020 畜產品零售業；F203010 食品什貨、飲料零售業；F203020 菸酒零售業；F205040 家具、寢具、廚房器具、裝設品零售業,新北市,變更,11509
96841403,麗霖開發股份有限公司,新北市五股區成泰路1段189巷16號8樓,吳霖懿,75000000,113/05/22,115/09/30,董事/監察人持股變動報備,H701010 住宅及大樓開發租售業；H701020 工業廠房開發租售業；H701040 特定專業區開發業；H701050 投資興建公共建設業；H701060 新市鎮、新社區開發業；H701070 區段徵收及市地重劃代辦業；H701080 都市更新重建業；H701090 都市更新整建維護業；H703090 不動產買賣業；H703100 不動產租賃業,新北市,變更,11509
96861744,芊邑企業有限公司,新北市樹林區三福街47巷2號(1樓),張馨蓮,22000000,85/01/27,115/09/15,特殊補正,C805010 塑膠皮、布、板、管材製造業；CC01060 有線通信機械器材製造業；CC01070 無線通信機械器材製造業；CC01080 電子零組件製造業；CC01110 電腦及其週邊設備製造業；CQ01010 模具製造業；F104110 布疋、衣著、鞋、帽、傘、服飾品批發業；F106030 模具批發業；F107200 化學原料批發業；F113050 電腦及事務性機器設備批發業,新北市,變更,11509
96862244,吉弘營造股份有限公司,新北市永和區福和路164號4樓,蔡博文,25000000,85/01/29,115/09/21,改選董事/監察人(一人法人股東指派董事/監察人),E101011 綜合營造業；ZZ99999 除許可業務外，得經營法令非禁止或限制之業務,新北市,變更,11509
96895385,銓麥企業股份有限公司,新北市土城區忠承路119號2樓,羅勝德,150000000,85/03/18,115/09/11,改選董事/監察人(一人法人股東指派董事/監察人),CB01010 機械設備製造業。；F401010 國際貿易業。；E303020 噪音及振動防制工程業。,新北市,變更,11509
96938650,聯德開發股份有限公司,新北市土城區中央路3段185之4號12樓,楊清池,66129000,85/02/15,115/09/08,消除股份減資(特別股收回),F401010 國際貿易業。；ZZ99999 除許可業務外，得經營法令非禁止或限制之業務,新北市,變更,11509
96969724,西勝國際股份有限公司,新北市新莊區富貴路568號13樓,黃宗偉,581000000,85/05/23,115/09/01,減資,CC01080 電子零組件製造業；CC01090 電池製造業；CC01110 電腦及其週邊設備製造業；F113050 電腦及事務性機器設備批發業；F113110 電池批發業；F213110 電池零售業；F401010 國際貿易業；CC01070 無線通信機械器材製造業；CC01060 有線通信機械器材製造業；F213060 電信器材零售業,新北市,變更,11509
96999585,上誠食品工業股份有限公司,新北市永和區中山路1段168號5樓,張蔡陽,29500000,85/05/08,115/09/18,特殊補正,,新北市,變更,11509
97005298,宏閣金屬工業股份有限公司,新北市土城區永豐路195巷7弄27號,李彩華,120000000,85/05/13,115/09/07,改選董事/監察人(一人法人股東指派董事/監察人),CA02010 金屬結構及建築組件製造業；CA02070 製鎖業；CA02990 其他金屬製品製造業；CB01010 機械設備製造業；E801020 門窗安裝工程業；E801070 廚具、衛浴設備安裝工程業；F102030 菸酒批發業；F203020 菸酒零售業；F105050 家具、寢具、廚房器具、裝設品批發業；F205040 家具、寢具、廚房器具、裝設品零售業,新北市,變更,11509
97035363,原創空間設計股份有限公司,新北市土城區員福街2號4樓,林士翔,12000000,85/06/13,115/09/11,董事/監察人持股變動報備,E801010 室內裝潢業；E801020 門窗安裝工程業；F211010 建材零售業；I503010 景觀、室內設計業；F401010 國際貿易業；H701010 住宅及大樓開發租售業；H701020 工業廠房開發租售業；H703090 不動產買賣業；H703100 不動產租賃業；F114030 汽、機車零件配備批發業,新北市,變更,11509
97038100,五城加油站股份有限公司,新北市新店區安康路3段800號,李芳烈,23000000,85/06/15,115/09/03,董事/監察人地址變更,,新北市,變更,11509
97051481,聯恆營造股份有限公司,新北市永和區中山路1段17巷4弄4號,曾文志,203000000,85/06/29,115/09/14,增資(資本總額),E101011 綜合營造業；H701010 住宅及大樓開發租售業；ZZ99999 除許可業務外，得經營法令非禁止或限制之業務,新北市,變更,11509
97064795,忠威不銹鋼有限公司,新北市中和區中正路608號,周玉琳,1000000,85/08/16,115/09/03,公司所營事業變更修正章程,F111090 建材批發業；E801020 門窗安裝工程業；E801040 玻璃安裝工程業；F211010 建材零售業；E603100 電焊工程業；E903010 防蝕、防銹工程業；CA04010 表面處理業；E901010 油漆工程業；CA01050 鋼材二次加工業；CA02010 金屬結構及建築組件製造業,新北市,變更,11509
97072599,旭捷電子股份有限公司,新北市中和區建康路130號4樓之2,李文仁,35000000,85/07/24,115/09/01,特殊補正,F113010 機械批發業；F113030 精密儀器批發業；F113050 電腦及事務性機器設備批發業；F113070 電信器材批發業；F118010 資訊軟體批發業；F119010 電子材料批發業；F213030 電腦及事務性機器設備零售業；F213040 精密儀器零售業；F213060 電信器材零售業；F213080 機械器具零售業,新北市,變更,11509
97119975,光紅建聖股份有限公司,新北市淡水區中正東路二段27-8號13樓,"CHEN,STEVE",818175520,85/09/04,115/09/15,補繳規費,CC01030 電器及視聽電子產品製造業；CC01060 有線通信機械器材製造業；CC01070 無線通信機械器材製造業；CC01080 電子零組件製造業；CC01100 電信管制射頻器材製造業；CC01990 其他電機及電子機械器材製造業；CD01030 汽車及其零件製造業；CD01040 機車及其零件製造業；CF01011 醫療器材製造業；CC01110 電腦及其週邊設備製造業,新北市,變更,11509
97148514,長浩實業股份有限公司,新北市三重區大智街66號3樓,陳宏嘉,16500000,86/01/31,115/09/08,特殊補正,F401010 國際貿易業,新北市,變更,11509
97148520,新宇投資股份有限公司,新北市三重區大智街66號3樓,陳茗芬,16500000,86/02/01,115/09/14,特殊補正,H201010 一般投資業；H701010 住宅及大樓開發租售業；F203010 食品什貨、飲料零售業；F501030 飲料店業；F501060 餐館業；F501990 其他餐飲業；I103060 管理顧問業；ZZ99999 除許可業務外，得經營法令非禁止或限制之業務,新北市,變更,11509
97240391,宏育精密工業股份有限公司,新北市樹林區三俊街48巷2號(1樓),邵樹人,10000000,85/10/15,115/09/21,改選董事/監察人(一人法人股東指派董事/監察人),,新北市,變更,11509
97268572,源彩有限公司,新北市汐止區中興路278號5樓,陳隆榮,2000000,85/11/22,115/09/17,股東出資轉讓修正章程,,新北市,變更,11509
97277690,隨意有限公司,新北市新店區民權路147號5樓,王建玫,500000,85/12/03,115/09/01,特殊補正,F102170 食品什貨批發業；F121010 食品添加物批發業；F203010 食品什貨、飲料零售業；F399040 無店面零售業；F401010 國際貿易業；F601010 智慧財產權業；H201010 一般投資業；H703100 不動產租賃業；I103060 管理顧問業；I199990 其他顧問服務業,新北市,變更,11509
97279634,揚意科技股份有限公司,新北市三重區重新路5段609巷20號2樓之5,曾柔麗,10000000,85/12/05,115/09/08,改選董事/監察人(一人法人股東指派董事/監察人),CB01020 事務機器製造業；CC01110 電腦及其週邊設備製造業；CC01030 電器及視聽電子產品製造業；F113050 電腦及事務性機器設備批發業；F113020 電器批發業；F401010 國際貿易業；ZZ99999 除許可業務外，得經營法令非禁止或限制之業務,新北市,變更,11509
97310706,成煜企業有限公司,新北市林口區文化二路1段266號16樓之5,戴振豪,162000000,86/01/04,115/09/03,特殊補正,F106020 日常用品批發業；F206020 日常用品零售業；F211010 建材零售業；F111010 木材批發業；F401010 國際貿易業；F213080 機械器具零售業；F111090 建材批發業；ZZ99999 除許可業務外，得經營法令非禁止或限制之業務,新北市,變更,11509
97355647,新龍陽工程有限公司,新北市汐止區翠峰街27號9樓之5,郭玉翎,40000000,86/01/08,115/09/11,改推董事/董事長,E801010 室內裝潢業；E801030 室內輕鋼架工程業；E901010 油漆工程業；I503010 景觀、室內設計業；C901010 陶瓷及陶瓷製品製造業；C901050 水泥及混凝土製品製造業；CA01020 鋼鐵軋延及擠型業；F111090 建材批發業；F105050 家具、寢具、廚房器具、裝設品批發業；F106040 水器材料批發業,新北市,變更,11509
97370773,星朋企業有限公司,新北市新店區寶高路7巷4號3樓,林劭錡,5000000,86/01/27,115/09/17,改推董事/董事長,,新北市,變更,11509
97394698,新月建設股份有限公司,新北市板橋區僑中三街19號,張貴香,200500000,86/03/08,115/09/21,改選董事/監察人(一人法人股東指派董事/監察人),H701010 住宅及大樓開發租售業；H701020 工業廠房開發租售業；H701040 特定專業區開發業；H701050 投資興建公共建設業；H701060 新市鎮、新社區開發業；H701070 區段徵收及市地重劃代辦業；H701080 都市更新重建業；H701090 都市更新整建維護業；H702010 建築經理業；H703090 不動產買賣業,新北市,變更,11509
97398293,昇陽加油站股份有限公司,新北市樹林區中華路190號,簡阿坤,15000000,86/03/13,115/09/21,改選董事/監察人(一人法人股東指派董事/監察人),F212011 加油站業；F212050 石油製品零售業；F212030 煤零售業；F113110 電池批發業；F112010 汽油、柴油批發業；F112020 煤及煤製品批發業；F112040 石油製品批發業；F114030 汽、機車零件配備批發業；H703100 不動產租賃業；H703090 不動產買賣業,新北市,變更,11509
97427396,國絡多媒體有限公司,新北市新莊區中正路46巷6號,張志宗,5000000,86/04/17,115/09/30,公司所營事業變更修正章程,CA01050 鋼材二次加工業；E605010 電腦設備安裝業；F113050 電腦及事務性機器設備批發業；F213030 電腦及事務性機器設備零售業；F213060 電信器材零售業；F113070 電信器材批發業；I401010 一般廣告服務業；E701010 電信工程業；F108031 醫療器材批發業；F113020 電器批發業,新北市,變更,11509
97446056,台灣乙島空間桁架膜技股份有限公司,新北市蘆洲區重陽街11號,"白思洋Sebastien,Pierre-Yves Julien BARIL",25000000,86/04/19,115/09/16,改選董事/監察人(一人法人股東指派董事/監察人),F401010 國際貿易業；F111090 建材批發業；F120010 耐火材料批發業；F107990 其他化學製品批發業；E599010 配管工程業；E603050 自動控制設備工程業；E603100 電焊工程業；E603110 冷作工程業；E604010 機械安裝業；F113010 機械批發業,新北市,變更,11509
97465721,啟升通信有限公司,新北市新店區寶元路1段89號,許淑惠,500000,86/06/05,115/09/14,股東出資轉讓修正章程,F113050 電腦及事務性機器設備批發業；F118010 資訊軟體批發業；F213030 電腦及事務性機器設備零售業；F218010 資訊軟體零售業；F401010 國際貿易業；IZ01010 影印業；IZ12010 人力派遣業；JA02990 其他修理業；JE01010 租賃業；ZZ99999 除許可業務外，得經營法令非禁止或限制之業務,新北市,變更,11509
97551134,玩殼有限公司,新北市永和區永平路326號(1樓),張欣萍,500000,113/05/27,115/09/04,申登機關變更（遷入，含卷）,C306010 成衣業；C307010 服飾品製造業；C399990 其他紡織及製品製造業；F399040 無店面零售業；F219010 電子材料零售業；F204110 布疋、衣著、鞋、帽、傘、服飾品零售業；F206020 日常用品零售業；F209060 文教、樂器、育樂用品零售業；F399990 其他綜合零售業；F401010 國際貿易業,新北市,變更,11509
97552627,麗華投顧股份有限公司,新北市中和區中原街8號,王麗秋,2000000,113/04/26,115/09/17,特殊補正,H201010 一般投資業；ZZ99999 除許可業務外，得經營法令非禁止或限制之業務,新北市,變更,11509
97573361,明任有限公司,新北市蘆洲區三民路360號13樓,許哲維,2000000,113/08/01,115/09/21,股東出資轉讓修正章程,F399010 便利商店業；F399040 無店面零售業；F401010 國際貿易業；ZZ99999 除許可業務外，得經營法令非禁止或限制之業務,新北市,變更,11509
97585140,歐德立克股份有限公司,新北市新店區寶橋路235巷123號6樓之3,伊藤誓,21000000,113/06/11,115/09/01,申登機關變更（遷入，含卷）,F105050 家具、寢具、廚房器具、裝設品批發業；F111090 建材批發業；F113010 機械批發業；F113020 電器批發業；F113070 電信器材批發業；F119010 電子材料批發業；F205040 家具、寢具、廚房器具、裝設品零售業；F211010 建材零售業；F213010 電器零售業；F213060 電信器材零售業,新北市,變更,11509
97628099,京安救護車事業有限公司,新北市五股區新五路3段322號6樓,陳偉恩,1000000,113/07/18,115/09/16,改推董事/董事長,G203011 救護車經營業,新北市,變更,11509
98245140,鼎傑文創實業有限公司,新北市汐止區大安街56巷38號(1樓),陳俊傑,200000,113/07/09,115/09/10,公司所在地,C701010 印刷業；C703010 印刷品裝訂及加工業；CC01080 電子零組件製造業；E599010 配管工程業；E601020 電器安裝業；E603040 消防安全設備安裝工程業；E603050 自動控制設備工程業；E603090 照明設備安裝工程業；E605010 電腦設備安裝業；E701010 電信工程業,新北市,變更,11509
