統一編號,公司名稱,公司所在地,代表人,資本額,核准設立日期,核准變更日期,案由或變更事項,營業項目,縣市,清冊,期別
61924249,辰展創業投資管理顧問股份有限公司,新北市中和區中和路366號11樓,許浩龍,100000,115/09/30,,,H201010 一般投資業；H202010 創業投資業；I102010 一般投資顧問業；I103060 管理顧問業；I199990 其他顧問服務業；ZZ99999 除許可業務外，得經營法令非禁止或限制之業務,新北市,設立,11509
61924254,睿遠投資有限公司,新北市汐止區新台五路1段97號20樓之2,張呈毓,6000000,115/09/29,,,H201010 一般投資業,新北市,設立,11509
61924276,佳提股份有限公司,新北市土城區中央路2段149巷9號,黃冠倫,1000000,115/09/30,,,F107010 漆料、塗料批發業；F107200 化學原料批發業；F206010 五金零售業；F207170 工業助劑零售業；F207200 化學原料零售業；F401010 國際貿易業；H201010 一般投資業；I102010 一般投資顧問業；I199990 其他顧問服務業；ZZ99999 除許可業務外，得經營法令非禁止或限制之業務,新北市,設立,11509
61924281,衡基投資有限公司,新北市板橋區稚暉街40之2號,劉書瑩,4000000,115/09/29,,,H201010 一般投資業,新北市,設立,11509
61924297,泰鑫工程顧問有限公司,新北市蘆洲區民族路331之2號6樓,許琇婷,1000000,115/09/29,,,E901010 油漆工程業；E903010 防蝕、防銹工程業；EZ02010 起重工程業；EZ07010 鑽孔工程業；EZ11010 球場跑道樹脂材料鋪設工程業；EZ14010 運動場地用設備工程業；EZ15010 保溫、保冷安裝工程業；EZ99990 其他工程業；F106010 五金批發業；F107010 漆料、塗料批發業,新北市,設立,11509
61924304,翝展電子工業有限公司,新北市泰山區信華五街122號10樓,王斯愚,500000,115/09/29,,,CC01080 電子零組件製造業；CC01020 電線及電纜製造業；CC01110 電腦及其週邊設備製造業；CC01990 其他電機及電子機械器材製造業；F119010 電子材料批發業；F113070 電信器材批發業；ZZ99999 除許可業務外，得經營法令非禁止或限制之業務,新北市,設立,11509
61924310,泓珵有限公司,新北市新莊區富貴路500號5樓,周胤呈,2000000,115/09/30,,,F219010 電子材料零售業；F119010 電子材料批發業；F401010 國際貿易業；F113050 電腦及事務性機器設備批發業；F118010 資訊軟體批發業；ZZ99999 除許可業務外，得經營法令非禁止或限制之業務,新北市,設立,11509
61924326,品日子室內裝修設計有限公司,新北市土城區裕生路104巷15號,李欣瑋,1000000,115/09/29,,,IZ12010 人力派遣業；I501010 產品設計業；I503010 景觀設計業；I599990 其他設計業；I401020 廣告傳單分送業；IF01010 消防安全設備檢修業；E801070 廚具、衛浴設備安裝工程業；E901010 油漆工程業；E601020 電器安裝業；E701010 電信工程業,新北市,設立,11509
61924331,鼎豐玻璃有限公司,新北市中和區中山路2段332巷1號7樓,陳昱蓁,500000,115/09/30,,,E801010 室內裝潢業；E801020 門窗安裝工程業；E801030 室內輕鋼架工程業；E801040 玻璃安裝工程業；E801070 廚具、衛浴設備安裝工程業；E901010 油漆工程業；E903010 防蝕、防銹工程業；EZ99990 其他工程業；F106010 五金批發業；F106020 日常用品批發業,新北市,設立,11509
61924347,偕禾生活有限公司,新北市新莊區中央路562號2樓,林晏儀,100000,115/09/30,,,F201010 農產品零售業；F201020 畜產品零售業；F201030 水產品零售業；F203010 食品什貨、飲料零售業；F399040 無店面零售業；F102170 食品什貨批發業；F401010 國際貿易業；ZZ99999 除許可業務外，得經營法令非禁止或限制之業務；C199990 未分類其他食品製造業；IZ06010 理貨包裝業,新北市,設立,11509
61924352,久伴有限公司,新北市板橋區館前西路166號2樓,徐文倩,1000000,115/09/30,,,F102030 菸酒批發業；F102040 飲料批發業；F102050 茶葉批發業；F102170 食品什貨批發業；F105050 家具、寢具、廚房器具、裝設品批發業；F106020 日常用品批發業；F106050 陶瓷玻璃器皿批發業；F109070 文教、樂器、育樂用品批發業；F399040 無店面零售業；F401010 國際貿易業,新北市,設立,11509
61924368,貝爾高爾夫有限公司,新北市新莊區中義街38號5樓,陳伊晨,300000,115/09/30,,,EZ14010 運動場地用設備工程業；F104110 布疋、衣著、鞋、帽、傘、服飾品批發業；F106020 日常用品批發業；F108040 化粧品批發業；F109070 文教、樂器、育樂用品批發業；F199990 其他批發業；F203010 食品什貨、飲料零售業；F203020 菸酒零售業；F204110 布疋、衣著、鞋、帽、傘、服飾品零售業；F206020 日常用品零售業,新北市,設立,11509
61924374,慕菲亞國際股份有限公司,新北市三重區龍門路46號,林仁德,1000000,115/09/30,,,F111090 建材批發業；F211010 建材零售業；F207170 工業助劑零售業；F105050 家具、寢具、廚房器具、裝設品批發業；F205040 家具、寢具、廚房器具、裝設品零售業；F107200 化學原料批發業；F106010 五金批發業；F107990 其他化學製品批發業；F206010 五金零售業；F401010 國際貿易業,新北市,設立,11509
61924389,龍馬國際餐飲有限公司,新北市中和區中山路2段332巷39號12樓,馬希盟(PICCI MASSIMO),500000,115/09/30,,,F501060 餐館業；F501030 飲料店業；F501990 其他餐飲業；F102170 食品什貨批發業；F203010 食品什貨、飲料零售業；F203020 菸酒零售業；F399990 其他綜合零售業；F401010 國際貿易業；I101090 食品顧問業；I103060 管理顧問業,新北市,設立,11509
61924395,多一步國際事業有限公司,新北市土城區順風路24號2樓,鄧欣豪,800000,115/09/30,,,F102170 食品什貨批發業；F203010 食品什貨、飲料零售業；F108040 化粧品批發業；F208040 化粧品零售業；F107030 清潔用品批發業；F207030 清潔用品零售業；F104110 布疋、衣著、鞋、帽、傘、服飾品批發業；F204110 布疋、衣著、鞋、帽、傘、服飾品零售業；F105050 家具、寢具、廚房器具、裝設品批發業；F205040 家具、寢具、廚房器具、裝設品零售業,新北市,設立,11509
61924509,寓意娛樂有限公司,新北市板橋區四川路1段23號3樓之2,陳俊儒,100000,115/09/30,,,J601010 藝文服務業；J305010 有聲出版業；I401010 一般廣告服務業；F109070 文教、樂器、育樂用品批發業；J304010 圖書出版業；J303010 雜誌（期刊）出版業；F209060 文教、樂器、育樂用品零售業；I301010 資訊軟體服務業；ZZ99999 除許可業務外，得經營法令非禁止或限制之業務,新北市,設立,11509
61924515,成對室內裝修設計有限公司,新北市蘆洲區永安南路2段356號2樓,蔡政憲,300000,115/09/30,,,CA01050 鋼材二次加工業；E599010 配管工程業；E601010 電器承裝業；E601020 電器安裝業；E603040 消防安全設備安裝工程業；E603050 自動控制設備工程業；E603090 照明設備安裝工程業；E605010 電腦設備安裝業；E701040 簡易電信設備安裝業；E801010 室內裝潢業,新北市,設立,11509
61924521,豐綸投資有限公司,新北市永和區永貞路79號,范顥瀚,3000000,115/09/30,,,H201010 一般投資業,新北市,設立,11509
61924536,萬德數位有限公司,新北市永和區秀朗路2段101號10樓,陳泉太,100000,115/09/30,,,J399010 軟體出版業；F399040 無店面零售業；F118010 資訊軟體批發業；F218010 資訊軟體零售業；F113050 電腦及事務性機器設備批發業；F213030 電腦及事務性機器設備零售業；F113070 電信器材批發業；F213060 電信器材零售業；F109070 文教、樂器、育樂用品批發業；F209060 文教、樂器、育樂用品零售業,新北市,設立,11509
61924542,柔安有限公司,新北市汐止區新台五路1段95號20樓之6,劉雨柔,100000,115/09/30,,,H703090 不動產買賣業；H703100 不動產租賃業；H701010 住宅及大樓開發租售業；H701020 工業廠房開發租售業；H701090 都市更新整建維護業；JZ99050 仲介服務業；I103060 管理顧問業；I102010 一般投資顧問業；IZ99990 其他工商服務業；F401010 國際貿易業,新北市,設立,11509
61924557,尚品七彩水族有限公司,新北市新莊區新樹路315巷21號,洪嘉璟,1000000,115/09/30,,,F101120 觀賞魚批發業；F201090 觀賞魚零售業；F401010 國際貿易業；F201030 水產品零售業；F201980 其他動物零售業；F202010 飼料零售業；F206050 寵物食品及其用品零售業；F207070 動物用藥零售業,新北市,設立,11509
61924563,正青工程顧問有限公司,新北市板橋區重慶路327巷24弄1號4樓,吳承璞,1000000,115/09/30,,,I103060 管理顧問業；I199990 其他顧問服務業；E599010 配管工程業；E601010 電器承裝業；E601020 電器安裝業；E603040 消防安全設備安裝工程業；E603050 自動控制設備工程業；E603090 照明設備安裝工程業；E603100 電焊工程業；E603110 冷作工程業,新北市,設立,11509
61924579,益研科技有限公司,新北市新莊區思源路490號(2樓),陳永昌,1000000,115/09/30,,,CC01110 電腦及其週邊設備製造業；CA02990 其他金屬製品製造業；F119010 電子材料批發業；F401010 國際貿易業；I501010 產品設計業；I599990 其他設計業；IG02010 研究發展服務業；I103060 管理顧問業；I199990 其他顧問服務業；ZZ99999 除許可業務外，得經營法令非禁止或限制之業務,新北市,設立,11509
61924584,柏智系統櫥櫃有限公司,新北市三重區光復路2段88巷37號,曹晏豪,200000,115/09/30,,,E801010 室內裝潢業；E801040 玻璃安裝工程業；E801070 廚具、衛浴設備安裝工程業；E901010 油漆工程業；E903010 防蝕、防銹工程業；F111090 建材批發業；F105050 家具、寢具、廚房器具、裝設品批發業；F205040 家具、寢具、廚房器具、裝設品零售業；F206010 五金零售業；F206020 日常用品零售業,新北市,設立,11509
61924590,但以理影音有限公司,新北市汐止區新興路84巷4號,許展曇,1100000,115/09/30,,,F113020 電器批發業；F113030 精密儀器批發業；F113050 電腦及事務性機器設備批發業；F113070 電信器材批發業；F118010 資訊軟體批發業；F119010 電子材料批發業；F213010 電器零售業；F213030 電腦及事務性機器設備零售業；F213040 精密儀器零售業；F213060 電信器材零售業,新北市,設立,11509
61924607,安和守穗健康事業有限公司,新北市新店區安興路125之9號10樓,伍添祿,1500000,115/09/30,,,IZ12010 人力派遣業；H703110 老人住宅業；J101010 建築物清潔服務業；J101030 廢棄物清除業；I103060 管理顧問業；I199990 其他顧問服務業；IZ99990 其他工商服務業；I102010 一般投資顧問業；I301030 電子資訊供應服務業；I301020 資料處理服務業,新北市,設立,11509
61924629,建程工程有限公司,新北市新店區寶興路45巷2弄56號12樓,吳佩姵,1000000,115/09/30,,,E502010 燃料導管安裝工程業；E599010 配管工程業；E601010 電器承裝業；E601020 電器安裝業；E603010 電纜安裝工程業；E603040 消防安全設備安裝工程業；E603050 自動控制設備工程業；E603090 照明設備安裝工程業；E603100 電焊工程業；E603110 冷作工程業,新北市,設立,11509
61924634,佰溢工程有限公司,新北市泰山區公園路27巷6號,章震華,500000,115/09/30,,,J101010 建築物清潔服務業；J101020 病媒防治業；J101030 廢棄物清除業；J101040 廢棄物處理業；J101050 環境檢測服務業；J101060 廢（污）水處理業；J101080 資源回收業；J101090 廢棄物清理業；J101110 營建剩餘土石方資源處理業；J101990 其他環境衛生及污染防治服務業,新北市,設立,11509
61924640,豪達根車庫有限公司,新北市板橋區長安街331巷37號2樓,高敏翔,100000,115/09/30,,,F114020 機車批發業；F114030 汽、機車零件配備批發業；F214020 機車零售業；F401010 國際貿易業；F114010 汽車批發業；F214010 汽車零售業；F214030 汽、機車零件配備零售業；JA02020 機車修理業；ZZ99999 除許可業務外，得經營法令非禁止或限制之業務,新北市,設立,11509
61924655,町宙有限公司,新北市新莊區新樹路257巷5號,林富育,1500000,115/09/30,,,F106010 五金批發業；F106030 模具批發業；F401010 國際貿易業；F114030 汽、機車零件配備批發業；F214030 汽、機車零件配備零售業；F214990 其他交通運輸工具及其零件零售業；F114990 其他交通運輸工具及其零件批發業；F113990 其他機械器具批發業；CA02030 螺絲、螺帽、螺絲釘、及鉚釘等製品製造業；CA02090 金屬線製品製造業,新北市,設立,11509
61924661,和旺科技有限公司,新北市土城區中央路2段61巷50弄4號5樓,王獻輝,2000000,115/09/30,,,CC01080 電子零組件製造業；CB01010 機械設備製造業；CB01020 事務機器製造業；CC01110 電腦及其週邊設備製造業；CE01010 一般儀器製造業；CQ01010 模具製造業；CC01100 電信管制射頻器材製造業；C805050 工業用塑膠製品製造業；CC01040 照明設備製造業；F119010 電子材料批發業,新北市,設立,11509
61924677,樞沛股份有限公司,新北市中和區中山路2段332巷39號12樓,林妍甄,500000,115/09/30,,,IG02010 研究發展服務業；I301010 資訊軟體服務業；I501010 產品設計業；I301020 資料處理服務業；I301030 電子資訊供應服務業；I101100 航空顧問業；F601010 智慧財產權業；H201010 一般投資業；F118010 資訊軟體批發業；F218010 資訊軟體零售業,新北市,設立,11509
61926197,薩摩亞商朝豐投資有限公司,新北市土城區承天路33之1號8樓,李得雄,5000000,115/09/23,,,H703090 不動產買賣業；H703100 不動產租賃業；H201010 一般投資業；ZZ99999 除許可業務外，得經營法令非禁止或限制之業務,新北市,設立,11509
61926226,英屬維京群島商光揚科技有限公司,新北市淡水區中正東路2段27之5號21樓,杜偉淵,5000000,115/09/22,,,F106030 模具批發業；F107200 化學原料批發業；F107990 其他化學製品批發業；F113010 機械批發業；F199990 其他批發業；F206030 模具零售業；F207200 化學原料零售業；F207990 其他化學製品零售業；F213080 機械器具零售業；F299990 其他零售業,新北市,設立,11509
61982205,盧加諾有限公司,新北市中和區橋和路117號(1樓),邱科衡,1000000,115/09/16,,,H201010 一般投資業,新北市,設立,11509
61982269,澄潤開發股份有限公司,新北市中和區景新街105號,卓穗,500000,115/09/16,,,H701010 住宅及大樓開發租售業；H701020 工業廠房開發租售業；H703090 不動產買賣業；H703100 不動產租賃業；H704031 不動產仲介經紀業；H704041 不動產代銷經紀業；I401010 一般廣告服務業；I501010 產品設計業；ZZ99999 除許可業務外，得經營法令非禁止或限制之業務,新北市,設立,11509
61982275,園林坊科技農業有限公司,新北市三峽區三樹路251號13樓,鄭益甫,90000,115/09/16,,,A101020 農作物栽培業；A101030 特用作物栽培業；A101040 食用菌菇類栽培業；A101050 花卉栽培業；A102020 農產品整理業；A102050 作物栽培服務業；A102080 園藝服務業；A199990 其他農業；C801110 肥料製造業；F107050 肥料批發業,新北市,設立,11509
61982280,曜杉國際有限公司,新北市新店區中興路2段196號5樓,楊凱雁,50000,115/09/16,,,F401010 國際貿易業；I103060 管理顧問業；I199990 其他顧問服務業；IZ99990 其他工商服務業；JZ99050 仲介服務業；F119010 電子材料批發業；F113010 機械批發業；F106010 五金批發業；F199990 其他批發業；F399040 無店面零售業,新北市,設立,11509
61982296,詠朝實業有限公司,新北市樹林區啓智街83之1號3樓,石天雄,250000,115/09/16,,,C102010 乳品製造業；C103050 罐頭、冷凍、脫水及醃漬食品製造業；C104020 烘焙炊蒸食品製造業；C109010 調味品製造業；C199030 即食餐食製造業；E604010 機械安裝業；F102170 食品什貨批發業；F106030 模具批發業；F113010 機械批發業；F113030 精密儀器批發業,新北市,設立,11509
61982303,樂填實業有限公司,新北市中和區中山路2段263號14樓,謝永德,680000,115/09/17,,,F206010 五金零售業；F102040 飲料批發業；F203010 食品什貨、飲料零售業；F106010 五金批發業；F106050 陶瓷玻璃器皿批發業；F199990 其他批發業；F299990 其他零售業；F399990 其他綜合零售業；F501030 飲料店業；F401010 國際貿易業,新北市,設立,11509
61982319,律林顧問有限公司,新北市淡水區中正東路2段27之2號8樓,鍾立文,300000,115/09/16,,,I103060 管理顧問業；I199990 其他顧問服務業；IG02010 研究發展服務業；I301010 資訊軟體服務業；I301020 資料處理服務業；I301030 電子資訊供應服務業；F399040 無店面零售業；F399990 其他綜合零售業；F401010 國際貿易業；IZ06010 理貨包裝業,新北市,設立,11509
61982325,霆銳有限公司,新北市板橋區重慶路60之1號5樓,何明宗,200000,115/09/16,,,B201010 金屬礦業；C901990 其他非金屬礦物製品製造業；CA01020 鋼鐵軋延及擠型業；CA01030 鋼鐵鑄造業；CA01050 鋼材二次加工業；CA01990 其他非鐵金屬基本工業；CA02010 金屬結構及建築組件製造業；CA02030 螺絲、螺帽、螺絲釘、及鉚釘等製品製造業；CA02070 製鎖業；CA02090 金屬線製品製造業,新北市,設立,11509
61982330,安澤康有限公司,新北市永和區永和路2段57號7樓,黃山胤,2000000,115/09/16,,,F106020 日常用品批發業；F107030 清潔用品批發業；F108040 化粧品批發業；F199990 其他批發業；F203010 食品什貨、飲料零售業；F206020 日常用品零售業；F207030 清潔用品零售業；F207200 化學原料零售業；F208040 化粧品零售業；F208050 乙類成藥零售業,新北市,設立,11509
61982346,泉源工程有限公司,新北市土城區廣福街14巷13號2樓,李鎮宇,5000000,115/09/16,,,E599010 配管工程業；E801010 室內裝潢業；E801020 門窗安裝工程業；E801030 室內輕鋼架工程業；E801040 玻璃安裝工程業；E801070 廚具、衛浴設備安裝工程業；E901010 油漆工程業；EZ99990 其他工程業；F211010 建材零售業；F213010 電器零售業,新北市,設立,11509
61982351,果盟國際股份有限公司,新北市三重區中正北路176巷16號,張智傑,1000000,115/09/16,,,F101040 家畜家禽批發業；F101050 水產品批發業；F101130 蔬果批發業；F102170 食品什貨批發業；F201010 農產品零售業；F201020 畜產品零售業；F201030 水產品零售業；F201990 其他農畜水產品零售業；F203010 食品什貨、飲料零售業；F299990 其他零售業,新北市,設立,11509
61982367,沐昇貿易有限公司,新北市新莊區昌平街69號15樓,詹耕鳴,1100000,115/09/16,,,F105050 家具、寢具、廚房器具、裝設品批發業；F106010 五金批發業；F106020 日常用品批發業；F106040 水器材料批發業；F111090 建材批發業；F205040 家具、寢具、廚房器具、裝設品零售業；F206010 五金零售業；F206020 日常用品零售業；F206040 水器材料零售業；F211010 建材零售業,新北市,設立,11509
61982373,成了設計有限公司,新北市新店區禾豐二路35號3樓,阮亭澔,1000000,115/09/16,,,E801010 室內裝潢業；F105050 家具、寢具、廚房器具、裝設品批發業；F205040 家具、寢具、廚房器具、裝設品零售業；F399040 無店面零售業；F401010 國際貿易業；I501010 產品設計業；ZZ99999 除許可業務外，得經營法令非禁止或限制之業務,新北市,設立,11509
61982388,科林興業有限公司,新北市三峽區學成路313號3樓之5,龔士棠,1000000,115/09/16,,,F107010 漆料、塗料批發業；F207010 漆料、塗料零售業；F111090 建材批發業；F211010 建材零售業；F120010 耐火材料批發業；F220010 耐火材料零售業；E901010 油漆工程業；E603120 噴砂工程業；E603100 電焊工程業；E903010 防蝕、防銹工程業,新北市,設立,11509
61982394,沁翊有限公司,新北市新莊區福營路348號6樓,王翊瑋,1000000,115/09/16,,,F399040 無店面零售業；F399990 其他綜合零售業；F401010 國際貿易業；H703120 自助儲物空間業；HZ99990 其他金融、保險及不動產業；I501010 產品設計業；I599990 其他設計業；IZ99990 其他工商服務業；IZ06010 理貨包裝業；JZ99990 未分類其他服務業,新北市,設立,11509
61982401,沐澄國際實業有限公司,新北市汐止區新台五路1段79號20樓之5,林卓逸,2000000,115/09/16,,,JB01010 會議及展覽服務業；F107030 清潔用品批發業；F107200 化學原料批發業；F108040 化粧品批發業；F207030 清潔用品零售業；F208040 化粧品零售業；F208050 乙類成藥零售業；F218010 資訊軟體零售業；F401010 國際貿易業；I103060 管理顧問業,新北市,設立,11509
61982417,艾彼斯國際有限公司,新北市五股區天乙路36號7樓,許曉維,1000000,115/09/16,,,F104110 布疋、衣著、鞋、帽、傘、服飾品批發業；F105050 家具、寢具、廚房器具、裝設品批發業；F106020 日常用品批發業；F106060 寵物食品及其用品批發業；F108040 化粧品批發業；F109070 文教、樂器、育樂用品批發業；F204110 布疋、衣著、鞋、帽、傘、服飾品零售業；F205040 家具、寢具、廚房器具、裝設品零售業；F206020 日常用品零售業；F206050 寵物食品及其用品零售業,新北市,設立,11509
61982423,麥克爾有限公司,新北市汐止區汐萬路1段418巷6弄1之7號,周采頤,1000000,115/09/16,,,F113020 電器批發業；F106010 五金批發業；F111090 建材批發業；F199990 其他批發業；F206010 五金零售業；F211010 建材零售業；F213010 電器零售業；F213030 電腦及事務性機器設備零售業；F218010 資訊軟體零售業；F299990 其他零售業,新北市,設立,11509
61982438,陞曜牙科器材有限公司,新北市新莊區中信街178號17樓之7,黃婕甯,2000000,115/09/16,,,F108031 醫療器材批發業；F208031 醫療器材零售業；F118010 資訊軟體批發業；F119010 電子材料批發業；F208040 化粧品零售業；F213030 電腦及事務性機器設備零售業；F218010 資訊軟體零售業；F219010 電子材料零售業；F401010 國際貿易業；JE01010 租賃業,新北市,設立,11509
61982459,禾晶實業有限公司,新北市新莊區中原路157號,蕭子威,3000000,115/09/16,,,E601020 電器安裝業；E603050 自動控制設備工程業；E603090 照明設備安裝工程業；E801010 室內裝潢業；E801030 室內輕鋼架工程業；E801070 廚具、衛浴設備安裝工程業；E801020 門窗安裝工程業；E701040 簡易電信設備安裝業；F105050 家具、寢具、廚房器具、裝設品批發業；F106010 五金批發業,新北市,設立,11509
61982465,心聯醫務管理顧問有限公司,新北市新莊區中信街178號17樓之7,趙梓良,1000000,115/09/16,,,I103060 管理顧問業；I102010 一般投資顧問業；I301010 資訊軟體服務業；I301020 資料處理服務業；IZ12010 人力派遣業；J202010 產業育成業；J399990 其他出版業；F218010 資訊軟體零售業；F401010 國際貿易業；F601010 智慧財產權業,新北市,設立,11509
61982471,龍寶國際實業有限公司,新北市土城區學府路1段278號地下1層之10,劉昶逸,1000000,115/09/17,,,F104110 布疋、衣著、鞋、帽、傘、服飾品批發業；F204110 布疋、衣著、鞋、帽、傘、服飾品零售業；F399990 其他綜合零售業；F109070 文教、樂器、育樂用品批發業；F209060 文教、樂器、育樂用品零售業；F106020 日常用品批發業；F206020 日常用品零售業；F399040 無店面零售業；J801030 競技及休閒運動場館業；I103060 管理顧問業,新北市,設立,11509
61982486,我在加有限公司,新北市新莊區福前街63巷17號7樓,曹漢陽,100000,115/09/17,,,I401010 一般廣告服務業；F399040 無店面零售業；F401010 國際貿易業；J303010 雜誌（期刊）出版業；J304010 圖書出版業；J399990 其他出版業；I501010 產品設計業；I599990 其他設計業；J601010 藝文服務業；J602010 演藝活動業,新北市,設立,11509
61982492,啓承未來有限公司,新北市林口區文化二路1段390號5樓,黃立承,500000,115/09/17,,,I301010 資訊軟體服務業；I301020 資料處理服務業；I301030 電子資訊供應服務業；I401010 一般廣告服務業；I501010 產品設計業；I599990 其他設計業；F118010 資訊軟體批發業；J399010 軟體出版業；J401010 電影片製作業；J601010 藝文服務業,新北市,設立,11509
61982508,美加科技有限公司,新北市淡水區興福寮66巷57號,陳世燦,1000000,115/09/17,,,CC01030 電器及視聽電子產品製造業；CC01040 照明設備製造業；CD01060 航空器及其零件製造業；CC01080 電子零組件製造業；CC01110 電腦及其週邊設備製造業；CC01990 其他電機及電子機械器材製造業,新北市,設立,11509
61982514,樂酩投資開發股份有限公司,新北市新莊區中原路139號13樓,李永誠,1000000,115/09/17,,,H201010 一般投資業；H701010 住宅及大樓開發租售業；H701020 工業廠房開發租售業；H701040 特定專業區開發業；H701060 新市鎮、新社區開發業；H701070 區段徵收及市地重劃代辦業；H701080 都市更新重建業；H701090 都市更新整建維護業；H703090 不動產買賣業；H703100 不動產租賃業,新北市,設立,11509
61982520,擊倒文化股份有限公司,新北市永和區永和路2段233號5樓,王家玉,100000,115/09/17,,,I401010 一般廣告服務業；J503020 電視節目製作業；J601010 藝文服務業；J602010 演藝活動業；J803010 運動表演業；J803020 運動比賽業；I103060 管理顧問業；F109070 文教、樂器、育樂用品批發業；J801030 競技及休閒運動場館業；J802010 運動訓練業,新北市,設立,11509
61982535,安創貿易有限公司,新北市板橋區懷德街101號(1樓),藍偉榮,500000,115/09/17,,,F401010 國際貿易業；F113010 機械批發業；F106010 五金批發業；F113070 電信器材批發業；F119010 電子材料批發業；F113020 電器批發業；F113030 精密儀器批發業；F213010 電器零售業；F213080 機械器具零售業；ZZ99999 除許可業務外，得經營法令非禁止或限制之業務,新北市,設立,11509
61982541,慶連國際股份有限公司,新北市林口區文化三路1段555巷91之1號,陳致嘉,7000000,115/09/18,,,F501060 餐館業；F501990 其他餐飲業；F501030 飲料店業；F401010 國際貿易業；F203010 食品什貨、飲料零售業；ZZ99999 除許可業務外，得經營法令非禁止或限制之業務,新北市,設立,11509
61982562,丞恩電子股份有限公司,新北市新莊區思源路601號6樓,黃柏翰,3000000,115/09/17,,,F119010 電子材料批發業；F401010 國際貿易業；F106010 五金批發業；F113070 電信器材批發業；F113020 電器批發業；CC01080 電子零組件製造業；CC01110 電腦及其週邊設備製造業；I501010 產品設計業；ZZ99999 除許可業務外，得經營法令非禁止或限制之業務,新北市,設立,11509
61982578,永鑫國際工程有限公司,新北市永和區中和路345號12樓之3,黃永鑫,500000,115/09/17,,,E599010 配管工程業；E601010 電器承裝業；E603040 消防安全設備安裝工程業；E603100 電焊工程業；E604010 機械安裝業；E901010 油漆工程業；E903010 防蝕、防銹工程業；EZ07010 鑽孔工程業；EZ99990 其他工程業；F106010 五金批發業,新北市,設立,11509
61982583,旺甲實業有限公司,新北市土城區學士路9號3樓,楊武雄,5000000,115/09/17,,,C805010 塑膠皮、布、板、管材製造業；C805030 塑膠日用品製造業；F107190 塑膠膜、袋批發業；F207190 塑膠膜、袋零售業；F401010 國際貿易業；ZZ99999 除許可業務外，得經營法令非禁止或限制之業務,新北市,設立,11509
61982599,自由旅人有限公司,新北市新莊區思源路370巷1號8樓,陳均豪,5000000,115/09/17,,,F102170 食品什貨批發業；F104110 布疋、衣著、鞋、帽、傘、服飾品批發業；F105050 家具、寢具、廚房器具、裝設品批發業；F106010 五金批發業；F106020 日常用品批發業；F109070 文教、樂器、育樂用品批發業；F113020 電器批發業；F113030 精密儀器批發業；F113050 電腦及事務性機器設備批發業；F113070 電信器材批發業,新北市,設立,11509
61982606,松牡賢蘭投資有限公司,新北市樹林區博愛一街34號,黃奕仁,2100000,115/09/17,,,H201010 一般投資業；H202010 創業投資業；H204010 私募股權投資業；H701020 工業廠房開發租售業；H701050 投資興建公共建設業；H703090 不動產買賣業；H703100 不動產租賃業；I102010 一般投資顧問業；I103060 管理顧問業；IH01010 產業控股公司業,新北市,設立,11509
61982612,承慎工程有限公司,新北市中和區民享街31巷9號4樓,王慎,500000,115/09/17,,,CA02010 金屬結構及建築組件製造業；CA01050 鋼材二次加工業；EZ99990 其他工程業；E502010 燃料導管安裝工程業；EZ02010 起重工程業；EZ07010 鑽孔工程業；E901010 油漆工程業；E603100 電焊工程業；JE01010 租賃業；IZ12010 人力派遣業,新北市,設立,11509
61982628,永合貿易有限公司,新北市三重區集成路39號,范哲豪,1000000,115/09/17,,,F401010 國際貿易業；F105050 家具、寢具、廚房器具、裝設品批發業；F113020 電器批發業；F113030 精密儀器批發業；F113050 電腦及事務性機器設備批發業；F119010 電子材料批發業；F205040 家具、寢具、廚房器具、裝設品零售業；F213010 電器零售業；F219010 電子材料零售業；ZZ99999 除許可業務外，得經營法令非禁止或限制之業務,新北市,設立,11509
61982633,兆辰國際有限公司,新北市鶯歌區高職西街16號4樓,鄭兆伶,100000,115/09/17,,,F102170 食品什貨批發業；F106020 日常用品批發業；F119010 電子材料批發業；F203010 食品什貨、飲料零售業；F219010 電子材料零售業；F299990 其他零售業；F399040 無店面零售業；F399990 其他綜合零售業；F401010 國際貿易業；ZZ99999 除許可業務外，得經營法令非禁止或限制之業務,新北市,設立,11509
61982649,焰畫電影有限公司,新北市淡水區八勢一街31巷9弄5號2樓,蘇奕瑄,500000,115/09/17,,,J601010 藝文服務業；J799990 其他休閒服務業；JZ99030 攝影業；JZ99990 未分類其他服務業；I401010 一般廣告服務業；F106020 日常用品批發業；F109070 文教、樂器、育樂用品批發業；F116010 照相器材批發業；F206020 日常用品零售業；F209060 文教、樂器、育樂用品零售業,新北市,設立,11509
61982654,勘玖有限公司,新北市蘆洲區信義路222巷11號(1樓),張洛婷,100000,115/09/18,,,JA01990 其他汽車服務業；F114030 汽、機車零件配備批發業；F214030 汽、機車零件配備零售業；F112040 石油製品批發業；F212050 石油製品零售業；F107190 塑膠膜、袋批發業；F207190 塑膠膜、袋零售業；JA01010 汽車修理業；I401010 一般廣告服務業；I599990 其他設計業,新北市,設立,11509
61982676,萬金開發有限公司,新北市八里區文昌七街173號(1樓),盧宗甫,500000,115/09/17,,,H701010 住宅及大樓開發租售業；H701020 工業廠房開發租售業；H701060 新市鎮、新社區開發業；H701070 區段徵收及市地重劃代辦業；H701090 都市更新整建維護業；H703090 不動產買賣業；H703100 不動產租賃業；H201010 一般投資業；H702010 建築經理業；I102010 一般投資顧問業,新北市,設立,11509
61982681,木序有限公司,新北市土城區青仁路38號7樓,廖芳鈺,500000,115/09/17,,,A102080 園藝服務業；A101020 農作物栽培業；A101050 花卉栽培業；F106020 日常用品批發業；F106070 祭祀用品批發業；F115020 礦石批發業；F102170 食品什貨批發業；F399040 無店面零售業；JZ99090 喜慶綜合服務業；JZ99151 殯葬禮儀服務業,新北市,設立,11509
61982697,泳扉企業有限公司,新北市新莊區中華路1段45巷5號2樓,潘同慶,1000000,115/09/17,,,E801010 室內裝潢業；E801020 門窗安裝工程業；E801030 室內輕鋼架工程業；E801040 玻璃安裝工程業；E801070 廚具、衛浴設備安裝工程業；E901010 油漆工程業；EZ99990 其他工程業；F104110 布疋、衣著、鞋、帽、傘、服飾品批發業；F204110 布疋、衣著、鞋、帽、傘、服飾品零售業；F205040 家具、寢具、廚房器具、裝設品零售業,新北市,設立,11509
61982704,禾城實業有限公司,新北市永和區福和路309巷1號(1樓),胡明謹,1000000,115/09/17,,,CN01010 家具及裝設品製造業；CC01080 電子零組件製造業；CC01110 電腦及其週邊設備製造業；CH01040 玩具製造業；F104110 布疋、衣著、鞋、帽、傘、服飾品批發業；F105050 家具、寢具、廚房器具、裝設品批發業；F106010 五金批發業；F109070 文教、樂器、育樂用品批發業；F113030 精密儀器批發業；F113050 電腦及事務性機器設備批發業,新北市,設立,11509
61982710,晟程有限公司,新北市三重區車路頭街34巷2號3樓,楊勝城,500000,115/09/17,,,CB01990 其他機械製造業；CB01010 機械設備製造業；CC01010 發電、輸電、配電機械製造業；E603050 自動控制設備工程業；E604010 機械安裝業；E605010 電腦設備安裝業；EZ05010 儀器、儀表安裝工程業；F213010 電器零售業；F213030 電腦及事務性機器設備零售業；F213040 精密儀器零售業,新北市,設立,11509
61982726,好義物業有限公司,新北市中和區民安街22巷1號2樓,張義昌,300000,115/09/18,,,J101010 建築物清潔服務業；J101020 病媒防治業；J101030 廢棄物清除業；J101040 廢棄物處理業；E801010 室內裝潢業；IZ12010 人力派遣業；IZ99990 其他工商服務業；F107030 清潔用品批發業；ZZ99999 除許可業務外，得經營法令非禁止或限制之業務,新北市,設立,11509
61982731,楷沃室內裝修有限公司,新北市永和區永和路2段206號,蕭丞鍇,100000,115/09/17,,,E801060 室內裝修業；E801010 室內裝潢業；E801020 門窗安裝工程業；E801030 室內輕鋼架工程業；E801040 玻璃安裝工程業；E801070 廚具、衛浴設備安裝工程業；E901010 油漆工程業；E903010 防蝕、防銹工程業；E599010 配管工程業；E601020 電器安裝業,新北市,設立,11509
61982747,康莊大道有限公司,新北市新店區安興路127之13號8樓,莊子葳,50000,115/09/18,,,J601010 藝文服務業；F399040 無店面零售業；F204110 布疋、衣著、鞋、帽、傘、服飾品零售業；I301060 網路廣告平臺業；ZZ99999 除許可業務外，得經營法令非禁止或限制之業務；I199990 其他顧問服務業；I401010 一般廣告服務業；J602010 演藝活動業；JZ99030 攝影業；F104110 布疋、衣著、鞋、帽、傘、服飾品批發業,新北市,設立,11509
61982752,義崧工程有限公司,新北市平溪區十分街105號,曾鈺婷,1000000,115/09/18,,,E603120 噴砂工程業；E903010 防蝕、防銹工程業；EZ07010 鑽孔工程業；EZ99990 其他工程業；F106010 五金批發業；F111090 建材批發業；F211010 建材零售業；ZZ99999 除許可業務外，得經營法令非禁止或限制之業務,新北市,設立,11509
61982768,鳳凰餐飲有限公司,新北市淡水區北新路184巷192號,黎黃玉英,500000,115/09/17,,,F501060 餐館業；F501030 飲料店業；F203010 食品什貨、飲料零售業；F401010 國際貿易業；F399040 無店面零售業；F501990 其他餐飲業；ZZ99999 除許可業務外，得經營法令非禁止或限制之業務,新北市,設立,11509
61982774,初心然有限公司,新北市平溪區靜安路3段36號,葉仲琦,1000000,115/09/18,,,F101130 蔬果批發業；F101990 其他農、畜、水產品批發業；F109070 文教、樂器、育樂用品批發業；F201010 農產品零售業；F203010 食品什貨、飲料零售業；F209060 文教、樂器、育樂用品零售業；F299990 其他零售業；F399040 無店面零售業；F501030 飲料店業；F501060 餐館業,新北市,設立,11509
61982789,瀚洋資本股份有限公司,新北市八里區龍米路1段306號15樓之3,林建瑋,100000,115/09/18,,,H202010 創業投資業；H201010 一般投資業；I103060 管理顧問業；I199990 其他顧問服務業；ZZ99999 除許可業務外，得經營法令非禁止或限制之業務,新北市,設立,11509
61982802,永瑞木業企業有限公司,新北市林口區中正路342號(1樓),李正乙,2500000,115/09/21,,,CN01010 家具及裝設品製造業；F105050 家具、寢具、廚房器具、裝設品批發業；F111090 建材批發業；F205040 家具、寢具、廚房器具、裝設品零售業；F211010 建材零售業；E801010 室內裝潢業；E801040 玻璃安裝工程業；E801070 廚具、衛浴設備安裝工程業；E901010 油漆工程業；EZ07010 鑽孔工程業,新北市,設立,11509
61982818,莫莫企業有限公司,新北市新店區北新路2段199號1樓及2樓,林宛儀,1500000,115/09/18,,,F501030 飲料店業；F501060 餐館業；F501990 其他餐飲業；ZZ99999 除許可業務外，得經營法令非禁止或限制之業務；F102170 食品什貨批發業；F203010 食品什貨、飲料零售業；F206050 寵物食品及其用品零售業；F106060 寵物食品及其用品批發業,新北市,設立,11509
61982824,尚森車業有限公司,新北市樹林區中山路1段217號8樓之1,范志宸,1000000,115/09/18,,,F214010 汽車零售業；F114010 汽車批發業；F114990 其他交通運輸工具及其零件批發業；F214990 其他交通運輸工具及其零件零售業；F214030 汽、機車零件配備零售業；F114030 汽、機車零件配備批發業；F214050 車胎零售業；F114050 車胎批發業；F401010 國際貿易業；F399990 其他綜合零售業,新北市,設立,11509
61982839,隱橋科技有限公司,新北市汐止區新台五路1段95號16樓之1,傅家棋,500000,115/09/18,,,F213040 精密儀器零售業；F207200 化學原料零售業；F207990 其他化學製品零售業；F113030 精密儀器批發業；IG02010 研究發展服務業；F213050 度量衡器零售業；F213030 電腦及事務性機器設備零售業；F213080 機械器具零售業；F299990 其他零售業；F107200 化學原料批發業,新北市,設立,11509
61982845,錢來也能源有限公司,新北市新店區安祥路104巷11弄10號,朱威達,3000000,115/09/18,,,F119010 電子材料批發業；F205040 家具、寢具、廚房器具、裝設品零售業；F212050 石油製品零售業；F219010 電子材料零售業；F401010 國際貿易業；E502010 燃料導管安裝工程業；E599010 配管工程業；E604010 機械安裝業；E605010 電腦設備安裝業；EZ05010 儀器、儀表安裝工程業,新北市,設立,11509
61982850,訊籌科技有限公司,新北市三峽區中華路81號(1樓),林琮諺,500000,115/09/18,,,E605010 電腦設備安裝業；E701010 電信工程業；F113050 電腦及事務性機器設備批發業；F213030 電腦及事務性機器設備零售業；F113070 電信器材批發業；F213060 電信器材零售業；F118010 資訊軟體批發業；F218010 資訊軟體零售業；F119010 電子材料批發業；F219010 電子材料零售業,新北市,設立,11509
61982866,九思閣有限公司,新北市板橋區溪崑二街112巷40號,賴彥良,100000,115/09/18,,,F399040 無店面零售業；F206010 五金零售業；F206020 日常用品零售業；F213010 電器零售業；F219010 電子材料零售業；ZZ99999 除許可業務外，得經營法令非禁止或限制之業務,新北市,設立,11509
61982872,鼎元芯科技股份有限公司,新北市泰山區明志路3段478號8樓之2,褚繼堯,500000,115/09/18,,,F119010 電子材料批發業；F219010 電子材料零售業；F118010 資訊軟體批發業；F113010 機械批發業；F113110 電池批發業；F113030 精密儀器批發業；F113050 電腦及事務性機器設備批發業；F114030 汽、機車零件配備批發業；F199990 其他批發業；F213030 電腦及事務性機器設備零售業,新北市,設立,11509
61982887,晶茂國際貿易有限公司,新北市板橋區翠華街6巷99號(1樓),張微,500000,115/09/18,,,F102020 食用油脂批發業；F102030 菸酒批發業；F102040 飲料批發業；F102050 茶葉批發業；F102170 食品什貨批發業；F102180 酒精批發業；F103010 飼料批發業；F104110 布疋、衣著、鞋、帽、傘、服飾品批發業；F105050 家具、寢具、廚房器具、裝設品批發業；F106010 五金批發業,新北市,設立,11509
61982893,寶林安資本股份有限公司,新北市八里區龍米路1段306號15樓之3,林建瑋,100000,115/09/18,,,H202010 創業投資業；H201010 一般投資業；I103060 管理顧問業；I199990 其他顧問服務業；ZZ99999 除許可業務外，得經營法令非禁止或限制之業務,新北市,設立,11509
61982900,安湛科技股份有限公司,新北市三重區貴陽街47巷19弄2號(1樓),張致豪,1000000,115/09/18,,,I301010 資訊軟體服務業；I301020 資料處理服務業；I301030 電子資訊供應服務業；I199990 其他顧問服務業；I401010 一般廣告服務業；I501010 產品設計業；J399010 軟體出版業；J304010 圖書出版業；F401010 國際貿易業；J303010 雜誌（期刊）出版業,新北市,設立,11509
61982916,拓森系統有限公司,新北市汐止區康寧街169巷8之11號3樓,林偉正,1000000,115/09/18,,,F113030 精密儀器批發業；F119010 電子材料批發業；F114010 汽車批發業；F114030 汽、機車零件配備批發業；F213040 精密儀器零售業；F219010 電子材料零售業；F214010 汽車零售業；F214030 汽、機車零件配備零售業；F401010 國際貿易業；ZZ99999 除許可業務外，得經營法令非禁止或限制之業務,新北市,設立,11509
61982922,宏震企業有限公司,新北市蘆洲區長榮路258號7樓,黃瀚震,2000000,115/09/18,,,E801010 室內裝潢業；E801020 門窗安裝工程業；E801030 室內輕鋼架工程業；E901010 油漆工程業；EZ11010 球場跑道樹脂材料鋪設工程業；F107990 其他化學製品批發業；F107170 工業助劑批發業；E903010 防蝕、防銹工程業；F211010 建材零售業；F207010 漆料、塗料零售業,新北市,設立,11509
61982937,柏克國際有限公司,新北市中和區圓通路33號9樓,許韶恩,3000000,115/09/18,,,H703100 不動產租賃業；JE01010 租賃業；F105050 家具、寢具、廚房器具、裝設品批發業；F109070 文教、樂器、育樂用品批發業；F111090 建材批發業；F205040 家具、寢具、廚房器具、裝設品零售業；F209060 文教、樂器、育樂用品零售業；F211010 建材零售業；F401010 國際貿易業；E801010 室內裝潢業,新北市,設立,11509
61982943,蓓熠生技股份有限公司,新北市土城區學成路70巷13號4樓,吳昕蓓,500000,115/09/18,,,F108040 化粧品批發業；F208040 化粧品零售業；F203010 食品什貨、飲料零售業；F401010 國際貿易業；F399040 無店面零售業；F102040 飲料批發業；I103060 管理顧問業；IG01010 生物技術服務業；IZ06010 理貨包裝業；I101090 食品顧問業,新北市,設立,11509
61982958,築歲空間有限公司,新北市五股區登林路81之5號6樓,陳翌弘,50000,115/09/18,,,E599010 配管工程業；E601010 電器承裝業；E601020 電器安裝業；E603040 消防安全設備安裝工程業；E603090 照明設備安裝工程業；E801010 室內裝潢業；E801020 門窗安裝工程業；E801030 室內輕鋼架工程業；E801040 玻璃安裝工程業；E801070 廚具、衛浴設備安裝工程業,新北市,設立,11509
61982964,栩琛股份有限公司,新北市新店區黎明路78號9樓,沈妙姿,3000000,115/09/18,,,F109070 文教、樂器、育樂用品批發業；F209060 文教、樂器、育樂用品零售業；F401010 國際貿易業；H201010 一般投資業；I103060 管理顧問業；I199990 其他顧問服務業；I102010 一般投資顧問業；I105010 藝術品諮詢顧問業；I501010 產品設計業；I504010 花藝設計業,新北市,設立,11509
61982970,信華控股股份有限公司,新北市中和區板南路671號12樓,ST JOHN PHILIP SCOTT沈斯德,100000,115/09/21,,,H201010 一般投資業；H202010 創業投資業；H703090 不動產買賣業；H703100 不動產租賃業；ZZ99999 除許可業務外，得經營法令非禁止或限制之業務,新北市,設立,11509
61982985,御建科技有限公司,新北市板橋區長江路3段131號(1樓),江御銓,1000000,115/09/18,,,E701010 電信工程業；E601020 電器安裝業；EZ05010 儀器、儀表安裝工程業；F106040 水器材料批發業；F113020 電器批發業；F113030 精密儀器批發業；F113050 電腦及事務性機器設備批發業；F113070 電信器材批發業；F117010 消防安全設備批發業；F119010 電子材料批發業,新北市,設立,11509
61982991,沃爾室內裝修有限公司,新北市中和區景平路547號(1樓),鄧瑋,1000000,115/09/21,,,CN01010 家具及裝設品製造業；E599010 配管工程業；E601020 電器安裝業；E603090 照明設備安裝工程業；E801010 室內裝潢業；E801060 室內裝修業；E701010 電信工程業；E601010 電器承裝業；E605010 電腦設備安裝業；E701040 簡易電信設備安裝業,新北市,設立,11509
61983008,瑞爾智能系統工程有限公司,新北市淡水區崁頂57號之13,劉泰瑞,1000000,115/09/21,,,E701010 電信工程業；EZ99990 其他工程業；F113070 電信器材批發業；F213060 電信器材零售業；I301010 資訊軟體服務業；I301020 資料處理服務業；ZZ99999 除許可業務外，得經營法令非禁止或限制之業務,新北市,設立,11509
61983014,栩辰有限公司,新北市新莊區中信街176號5樓之1,周子傑,900000,115/09/21,,,JH01011 居家式服務業；ZZ99999 除許可業務外，得經營法令非禁止或限制之業務,新北市,設立,11509
61983020,穎碩投資有限公司,新北市永和區中山路1段157號4樓,陳榮宗,2000000,115/09/21,,,H201010 一般投資業；ZZ99999 除許可業務外，得經營法令非禁止或限制之業務,新北市,設立,11509
61983035,流域科技有限公司,新北市新莊區中環路1段2號9樓,陳羽湘,200000,115/09/21,,,I301010 資訊軟體服務業；I301020 資料處理服務業；I301030 電子資訊供應服務業；I301060 網路廣告平臺業；JZ99050 仲介服務業；F401010 國際貿易業；F399040 無店面零售業；ZZ99999 除許可業務外，得經營法令非禁止或限制之業務,新北市,設立,11509
61983056,慕美姸創有限公司,新北市三重區重新路3段89號2樓之4,林淑瓊,200000,115/09/21,,,C802100 化粧品製造業；F108040 化粧品批發業；F208040 化粧品零售業；F208050 乙類成藥零售業；F399040 無店面零售業；F401010 國際貿易業；I103060 管理顧問業；I401010 一般廣告服務業；I501010 產品設計業；IG01010 生物技術服務業,新北市,設立,11509
61983078,垣融實業有限公司,新北市新莊區中正路新建巷28弄3號3樓,賴俊銘,28000000,115/09/21,,,H201010 一般投資業；H202010 創業投資業；H204010 私募股權投資業；H703090 不動產買賣業；H703100 不動產租賃業；ZZ99999 除許可業務外，得經營法令非禁止或限制之業務,新北市,設立,11509
61983083,宅研所室內裝修工程有限公司,新北市汐止區新台五路1段93號21樓之6,梁奕仁,200000,115/09/21,,,E502010 燃料導管安裝工程業；E599010 配管工程業；E601010 電器承裝業；E601020 電器安裝業；E603010 電纜安裝工程業；E603020 電梯安裝工程業；E603040 消防安全設備安裝工程業；E603050 自動控制設備工程業；E603080 交通號誌安裝工程業；E603090 照明設備安裝工程業,新北市,設立,11509
61983099,澄禾食集股份有限公司,新北市汐止區忠孝東路419號22樓,陳思吟,2000000,115/09/21,,,F201010 農產品零售業；F201030 水產品零售業；F203010 食品什貨、飲料零售業；F204110 布疋、衣著、鞋、帽、傘、服飾品零售業；F205040 家具、寢具、廚房器具、裝設品零售業；F206020 日常用品零售業；F209060 文教、樂器、育樂用品零售業；F301010 百貨公司業；F301020 超級市場業；F399010 便利商店業,新北市,設立,11509
61983106,友好室資產管理有限公司,新北市新店區華城三路5巷9號,彭民惠,500000,115/09/21,,,H706011 租賃住宅代管業；H706021 租賃住宅包租業；H701010 住宅及大樓開發租售業；H701020 工業廠房開發租售業；H703100 不動產租賃業；E801010 室內裝潢業；E801020 門窗安裝工程業；E801030 室內輕鋼架工程業；E801040 玻璃安裝工程業；E801070 廚具、衛浴設備安裝工程業,新北市,設立,11509
61983112,卓昱企業有限公司,新北市土城區學成路62號4樓,陳淑貴,5000000,115/09/21,,,F106020 日常用品批發業；F107190 塑膠膜、袋批發業；F108040 化粧品批發業；F109070 文教、樂器、育樂用品批發業；IZ06010 理貨包裝業；ZZ99999 除許可業務外，得經營法令非禁止或限制之業務,新北市,設立,11509
61983128,晨塖股份有限公司,新北市三峽區介壽路1段318巷13號(2樓),潘素春,610000,115/09/22,,,H201010 一般投資業；F399040 無店面零售業；F399990 其他綜合零售業；F206020 日常用品零售業；F203010 食品什貨、飲料零售業；F208040 化粧品零售業；F204110 布疋、衣著、鞋、帽、傘、服飾品零售業；F215010 首飾及貴金屬零售業；F210020 眼鏡零售業；J601010 藝文服務業,新北市,設立,11509
61983133,晶潔清潔有限公司,新北市三重區重陽路1段89號3樓之2,吳晶晶,1000000,115/09/21,,,J101010 建築物清潔服務業；IB01010 建築物公共安全檢查業；IF01010 消防安全設備檢修業；J101020 病媒防治業；J101030 廢棄物清除業；J101040 廢棄物處理業；J101060 廢（污）水處理業；J101090 廢棄物清理業；J101050 環境檢測服務業；J101080 資源回收業,新北市,設立,11509
61983149,榮林永續環保有限公司,新北市三重區中正北路428巷7弄6號,劉俐君,6000000,115/09/21,,,J101030 廢棄物清除業；J101040 廢棄物處理業；J101080 資源回收業；J101990 其他環境衛生及污染防治服務業；F199010 回收物料批發業；F401010 國際貿易業；ZZ99999 除許可業務外，得經營法令非禁止或限制之業務,新北市,設立,11509
61983154,光彩窩居塗刷有限公司,新北市淡水區淡金路1段96號2樓,葉政良,500000,115/09/21,,,E801010 室內裝潢業；E801030 室內輕鋼架工程業；E901010 油漆工程業；E903010 防蝕、防銹工程業；EZ99990 其他工程業；F106010 五金批發業；F107010 漆料、塗料批發業；F111090 建材批發業；F119010 電子材料批發業；ZZ99999 除許可業務外，得經營法令非禁止或限制之業務,新北市,設立,11509
61983160,寵邸寵物有限公司,新北市新店區啟文路68號(1樓),林丞,250000,115/09/21,,,JZ99180 寵物美容服務業；F206050 寵物食品及其用品零售業；A401060 其他動物服務業；ZZ99999 除許可業務外，得經營法令非禁止或限制之業務,新北市,設立,11509
61983176,境岳空間美化有限公司,新北市永和區中和路345號12樓之3,歐燕卿,100000,115/09/21,,,E599010 配管工程業；E601010 電器承裝業；E601020 電器安裝業；E603050 自動控制設備工程業；E603090 照明設備安裝工程業；E603100 電焊工程業；E603110 冷作工程業；E801010 室內裝潢業；E801020 門窗安裝工程業；E801030 室內輕鋼架工程業,新北市,設立,11509
61983181,榛晨科技有限公司,新北市林口區民族路91號6樓,陳雅苓,2000000,115/09/21,,,CA02010 金屬結構及建築組件製造業；CA01990 其他非鐵金屬基本工業；CA02990 其他金屬製品製造業；I501010 產品設計業；F401010 國際貿易業；F119010 電子材料批發業；F199990 其他批發業；E604010 機械安裝業；E605010 電腦設備安裝業；EZ02010 起重工程業,新北市,設立,11509
61983197,从棨財務智流顧問有限公司,新北市板橋區田單街1號,林琬庭,100000,115/09/21,,,I103060 管理顧問業；I199990 其他顧問服務業；I301010 資訊軟體服務業；I301020 資料處理服務業；I301030 電子資訊供應服務業；I401010 一般廣告服務業；I599990 其他設計業；IZ99990 其他工商服務業,新北市,設立,11509
61983204,澄穩科技有限公司,新北市新店區民權路108號10樓,林偉凱,500000,115/09/21,,,I301010 資訊軟體服務業；I301030 電子資訊供應服務業；IZ13010 網路認證服務業；F218010 資訊軟體零售業；I501010 產品設計業；I301020 資料處理服務業；F401010 國際貿易業；ZZ99999 除許可業務外，得經營法令非禁止或限制之業務,新北市,設立,11509
61983210,案奈網路有限公司,新北市新莊區中平路429號28樓,王銘慶,500000,115/09/21,,,I301010 資訊軟體服務業；I301020 資料處理服務業；I301030 電子資訊供應服務業；I103060 管理顧問業；I501010 產品設計業；I401010 一般廣告服務業；I401020 廣告傳單分送業；I199990 其他顧問服務業；J601010 藝文服務業；J602010 演藝活動業,新北市,設立,11509
61983226,峰岳資本股份有限公司,新北市八里區龍米路1段306號15樓之3,林建瑋,100000,115/09/23,,,H202010 創業投資業；H201010 一般投資業；I103060 管理顧問業；I199990 其他顧問服務業；ZZ99999 除許可業務外，得經營法令非禁止或限制之業務,新北市,設立,11509
61983231,如果甜有限公司,新北市新莊區中原路129號,楊大中,2000000,115/09/21,,,F201010 農產品零售業；F101130 蔬果批發業；F203010 食品什貨、飲料零售業；F501030 飲料店業；F399040 無店面零售業；F399990 其他綜合零售業；F201990 其他農畜水產品零售業；F401010 國際貿易業；ZZ99999 除許可業務外，得經營法令非禁止或限制之業務,新北市,設立,11509
61983247,大江尚赫有限公司,新北市新店區禾豐二路54號2樓,江柔穎,3000000,115/09/21,,,F104110 布疋、衣著、鞋、帽、傘、服飾品批發業；F105050 家具、寢具、廚房器具、裝設品批發業；F109070 文教、樂器、育樂用品批發業；F110010 鐘錶批發業；F115010 首飾及貴金屬批發業；F115020 礦石批發業；F204110 布疋、衣著、鞋、帽、傘、服飾品零售業；F205040 家具、寢具、廚房器具、裝設品零售業；F209060 文教、樂器、育樂用品零售業；F210010 鐘錶零售業,新北市,設立,11509
61983252,藍通智能有限公司,新北市新莊區五權一路12巷9弄22號,廖怡萍,600000,115/09/21,,,I301010 資訊軟體服務業；F113050 電腦及事務性機器設備批發業；F113070 電信器材批發業；F219010 電子材料零售業；CC01070 無線通信機械器材製造業；JE01010 租賃業；F401010 國際貿易業；ZZ99999 除許可業務外，得經營法令非禁止或限制之業務,新北市,設立,11509
61983268,城蜂偉士有限公司,新北市新莊區中正路516號之25,鄭英彥,1000000,115/09/21,,,F214020 機車零售業；F214010 汽車零售業；F214050 車胎零售業；F214990 其他交通運輸工具及其零件零售業；F212050 石油製品零售業；F114030 汽、機車零件配備批發業；F214030 汽、機車零件配備零售業；JA02020 機車修理業；F401010 國際貿易業；JB01010 會議及展覽服務業,新北市,設立,11509
61983274,永巨營造有限公司,新北市蘆洲區中山一路161號3樓,余承運,1000000,115/09/21,,,E102011 土木包工業；E599010 配管工程業；E903010 防蝕、防銹工程業；EZ99990 其他工程業；EZ14010 運動場地用設備工程業；EZ11010 球場跑道樹脂材料鋪設工程業；E901010 油漆工程業,新北市,設立,11509
61983289,富洋國際股份有限公司,新北市鶯歌區永吉街32號,陳宏洋,100000,115/09/22,,,F401010 國際貿易業；F109070 文教、樂器、育樂用品批發業；F204110 布疋、衣著、鞋、帽、傘、服飾品零售業；F209060 文教、樂器、育樂用品零售業；J601010 藝文服務業；J602010 演藝活動業；J603010 音樂展演空間業；JE01010 租賃業；H201010 一般投資業；H202010 創業投資業,新北市,設立,11509
61983295,力銓建設股份有限公司,新北市中和區國光街46號,游宏杰,1000000,115/09/21,,,H701010 住宅及大樓開發租售業；H701020 工業廠房開發租售業；H701050 投資興建公共建設業；H701060 新市鎮、新社區開發業；H701070 區段徵收及市地重劃代辦業；H701080 都市更新重建業；H701090 都市更新整建維護業；H702010 建築經理業；H703090 不動產買賣業；H703100 不動產租賃業,新北市,設立,11509
61983302,心橋科技有限公司,新北市板橋區三民路2段33號14樓,顧書宇,100000,115/09/22,,,ZZ99999 除許可業務外，得經營法令非禁止或限制之業務；I103060 管理顧問業；I199990 其他顧問服務業；I301010 資訊軟體服務業；I301020 資料處理服務業；I301030 電子資訊供應服務業；I301060 網路廣告平臺業；J399010 軟體出版業,新北市,設立,11509
61983318,怡康美得國際有限公司,新北市林口區文化二路1段266號13樓之3,鄭怡菁,3000000,115/09/22,,,C501990 其他木製品製造業；C805990 其他塑膠製品製造業；CN01010 家具及裝設品製造業；F106010 五金批發業；F113990 其他機械器具批發業；F107080 環境用藥批發業；F121010 食品添加物批發業；F221010 食品添加物零售業；F207080 環境用藥零售業；F213080 機械器具零售業,新北市,設立,11509
61983324,睿鏡有限公司,新北市板橋區重慶路344號(1樓),陳佳彣,300000,115/09/22,,,F213060 電信器材零售業；F203040 雪茄零售業；F208031 醫療器材零售業；F206010 五金零售業；F206020 日常用品零售業；F207030 清潔用品零售業；F208040 化粧品零售業；F209060 文教、樂器、育樂用品零售業；F210010 鐘錶零售業；F210020 眼鏡零售業,新北市,設立,11509
61983345,僑冠有限公司,新北市中和區中和路356號8樓,李愷盛,200000,115/09/22,,,F106010 五金批發業；F206010 五金零售業；F106020 日常用品批發業；F206020 日常用品零售業；F401010 國際貿易業；ZZ99999 除許可業務外，得經營法令非禁止或限制之業務,新北市,設立,11509
61983350,莫科尼克有限公司,新北市新莊區福營路125巷22號(2樓),鄧盛文,1000000,115/09/22,,,F106010 五金批發業；F106030 模具批發業；C805050 工業用塑膠製品製造業；CA02030 螺絲、螺帽、螺絲釘、及鉚釘等製品製造業；CA02990 其他金屬製品製造業；CE01990 其他光學及精密器械製造業；CA04010 表面處理業；C805010 塑膠皮、布、板、管材製造業；F206010 五金零售業；ZZ99999 除許可業務外，得經營法令非禁止或限制之業務,新北市,設立,11509
61983366,阜禹實業有限公司,新北市三重區過圳街7巷36號3樓之3,陳昭維,500000,115/09/22,,,E603050 自動控制設備工程業；EZ05010 儀器、儀表安裝工程業；F209060 文教、樂器、育樂用品零售業；F211010 建材零售業；F401010 國際貿易業；H201010 一般投資業；I301010 資訊軟體服務業；I401010 一般廣告服務業；I199990 其他顧問服務業；IG02010 研究發展服務業,新北市,設立,11509
61983372,維申有限公司,新北市中和區中和路356號8樓,莊雅雯,200000,115/09/22,,,H201010 一般投資業,新北市,設立,11509
61983387,創雲設計有限公司,新北市新店區民權路108號地下一層,程杰湘,500000,115/09/22,,,I503010 景觀設計業；I599990 其他設計業；E801010 室內裝潢業；F205040 家具、寢具、廚房器具、裝設品零售業；F211010 建材零售業；C703010 印刷品裝訂及加工業；E599010 配管工程業；E605010 電腦設備安裝業；F102170 食品什貨批發業；F104110 布疋、衣著、鞋、帽、傘、服飾品批發業,新北市,設立,11509
61983393,隨心所寓有限公司,新北市三重區長壽街120巷22號(1樓),黃崇輔,1000000,115/09/22,,,E801010 室內裝潢業；E801020 門窗安裝工程業；E801030 室內輕鋼架工程業；E801040 玻璃安裝工程業；E801070 廚具、衛浴設備安裝工程業；F106010 五金批發業；F106020 日常用品批發業；F111090 建材批發業；H701010 住宅及大樓開發租售業；H701020 工業廠房開發租售業,新北市,設立,11509
61983416,拾序系統科技股份有限公司,新北市板橋區中山路2段367之1號2樓,朱栯莘,301000,115/09/22,,,I301010 資訊軟體服務業；I301020 資料處理服務業；I301030 電子資訊供應服務業；I199990 其他顧問服務業；I501010 產品設計業；IZ99990 其他工商服務業；H201010 一般投資業；I102010 一般投資顧問業；F102170 食品什貨批發業；F203010 食品什貨、飲料零售業,新北市,設立,11509
61983422,谷川岩有限公司,新北市新店區安康路3段359巷24號,周柏甄,500000,115/09/22,,,E903010 防蝕、防銹工程業；E901010 油漆工程業；EZ99990 其他工程業；EZ02010 起重工程業；J101010 建築物清潔服務業；JA02990 其他修理業；I599990 其他設計業；IZ12010 人力派遣業；IF04010 非破壞檢測業；E603090 照明設備安裝工程業,新北市,設立,11509
61983437,守護者整合服務有限公司,新北市三重區溪尾街27巷14之2號3樓,洪嘉謙,100000,115/09/22,,,I103060 管理顧問業；IZ12010 人力派遣業；JZ99050 仲介服務業；JE01010 租賃業；H703110 老人住宅業；F206020 日常用品零售業；F106020 日常用品批發業；F208050 乙類成藥零售業；I301010 資訊軟體服務業；IZ99990 其他工商服務業,新北市,設立,11509
61983458,銖釧股份有限公司,新北市三峽區介壽路1段318巷13號(2樓),潘素春,610000,115/09/23,,,H201010 一般投資業；F106010 五金批發業；F206010 五金零售業；F113010 機械批發業；F213080 機械器具零售業；F119010 電子材料批發業；F219010 電子材料零售業；F113050 電腦及事務性機器設備批發業；F114030 汽、機車零件配備批發業；F214030 汽、機車零件配備零售業,新北市,設立,11509
61983464,樂比有限公司,新北市蘆洲區九芎街138巷3號5樓,王家濱,1000000,115/09/22,,,J701020 遊樂園業；J701080 水域遊憩活動經營業；J701120 兒童遊戲場業；J801030 競技及休閒運動場館業；J802010 運動訓練業；J803010 運動表演業；J803020 運動比賽業；JI01010 互動式情境體驗服務業；JZ99050 仲介服務業；A102080 園藝服務業,新北市,設立,11509
61983485,日化世台灣股份有限公司,新北市新莊區思源路466號(1、2樓)及468號(1、2樓),大隅哉,5000000,115/09/23,,,E601020 電器安裝業；E603090 照明設備安裝工程業；E801010 室內裝潢業；E801020 門窗安裝工程業；E801030 室內輕鋼架工程業；E801040 玻璃安裝工程業；E801070 廚具、衛浴設備安裝工程業；E901010 油漆工程業；E903010 防蝕、防銹工程業；EZ99990 其他工程業,新北市,設立,11509
61983491,國廣工程有限公司,新北市五股區中興路2段104號,陳國柱,300000,115/09/22,,,E502010 燃料導管安裝工程業；E599010 配管工程業；J101110 營建剩餘土石方資源處理業；J101120 營建混合物分類處理業；J101030 廢棄物清除業；J101040 廢棄物處理業；J101090 廢棄物清理業；J101990 其他環境衛生及污染防治服務業；J101080 資源回收業；F111090 建材批發業,新北市,設立,11509
61983507,鈞構整合科技有限公司,新北市土城區金城路3段131巷10號5樓,陳致勇,2000000,115/09/22,,,ZZ99999 除許可業務外，得經營法令非禁止或限制之業務；E801010 室內裝潢業；E801020 門窗安裝工程業；E801030 室內輕鋼架工程業；E801040 玻璃安裝工程業；E801070 廚具、衛浴設備安裝工程業；EZ99990 其他工程業；I503010 景觀設計業；F401010 國際貿易業；E605010 電腦設備安裝業,新北市,設立,11509
61983513,宇宏精密科技有限公司,新北市三重區中興北街150巷16號8樓,侯宏欣,250000,115/09/24,,,E603050 自動控制設備工程業；E604010 機械安裝業；E605010 電腦設備安裝業；EZ05010 儀器、儀表安裝工程業；EZ99990 其他工程業；E599010 配管工程業；F113010 機械批發業；F113030 精密儀器批發業；F113990 其他機械器具批發業；F119010 電子材料批發業,新北市,設立,11509
61983529,佑盈資本股份有限公司,新北市林口區文化二路1段266號12樓之1,簡幸怡,43000000,115/09/22,,,H201010 一般投資業；H202010 創業投資業,新北市,設立,11509
61983534,富御實業有限公司,新北市新店區北宜路2段267巷4號,林宏育,300000,115/09/22,,,F106010 五金批發業；F106050 陶瓷玻璃器皿批發業；F113050 電腦及事務性機器設備批發業；F113010 機械批發業；F113070 電信器材批發業；F113990 其他機械器具批發業；F401010 國際貿易業；C901020 玻璃及玻璃製品製造業；CA01070 廢車船解體及廢鋼鐵五金處理業；E801040 玻璃安裝工程業,新北市,設立,11509
61983555,形影不離影像製作有限公司,新北市新店區明德路63巷14號4樓,林佩瑩,200000,115/09/23,,,J401010 電影片製作業；J404010 動畫影片製作業；F399040 無店面零售業；F401010 國際貿易業；I401010 一般廣告服務業；J303010 雜誌（期刊）出版業；J304010 圖書出版業；J305010 有聲出版業；J399990 其他出版業；I501010 產品設計業,新北市,設立,11509
61983561,恆沅投資有限公司,新北市板橋區三民路2段37號21樓,黃奕修,200000,115/09/22,,,H201010 一般投資業；ZZ99999 除許可業務外，得經營法令非禁止或限制之業務,新北市,設立,11509
61983577,獺旅國際有限公司,新北市新店區檳榔路35巷12之1號3樓,張緯宸,500000,115/09/23,,,I401010 一般廣告服務業；F118010 資訊軟體批發業；F218010 資訊軟體零售業；F109070 文教、樂器、育樂用品批發業；F209060 文教、樂器、育樂用品零售業；F399040 無店面零售業；F401010 國際貿易業；J303010 雜誌（期刊）出版業；J399010 軟體出版業；J304010 圖書出版業,新北市,設立,11509
61983582,御騰工程有限公司,新北市新莊區瓊林路100巷23號5樓,呂慧君,1000000,115/09/23,,,E599010 配管工程業；E603050 自動控制設備工程業；E604010 機械安裝業；EZ02010 起重工程業；EZ99990 其他工程業；F113990 其他機械器具批發業；J101010 建築物清潔服務業；J101030 廢棄物清除業；J101040 廢棄物處理業；ZZ99999 除許可業務外，得經營法令非禁止或限制之業務,新北市,設立,11509
61983598,木須有限公司,新北市鶯歌區環河路190號3樓,盧毅,200000,115/09/23,,,G801010 倉儲業；F102040 飲料批發業；F102050 茶葉批發業；F102170 食品什貨批發業；F104110 布疋、衣著、鞋、帽、傘、服飾品批發業；F105050 家具、寢具、廚房器具、裝設品批發業；F106020 日常用品批發業；F109070 文教、樂器、育樂用品批發業；F203010 食品什貨、飲料零售業；F204110 布疋、衣著、鞋、帽、傘、服飾品零售業,新北市,設立,11509
61983605,昇岳投資股份有限公司,新北市新莊區新知八路20號12樓,徐聲欽,9000000,115/09/23,,,H201010 一般投資業；H701010 住宅及大樓開發租售業；H703090 不動產買賣業；H703100 不動產租賃業,新北市,設立,11509
61983611,三宅輕食有限公司,新北市三重區重新路5段609巷14號之11,王宣賀,100000,115/09/23,,,F501060 餐館業；F102040 飲料批發業；F102170 食品什貨批發業；F203010 食品什貨、飲料零售業；F501030 飲料店業；F501990 其他餐飲業；ZZ99999 除許可業務外，得經營法令非禁止或限制之業務,新北市,設立,11509
61983627,旭彩健康事業有限公司,新北市新莊區民本街43巷11號3樓,廖祐斌,500000,115/09/23,,,F106040 水器材料批發業；F108031 醫療器材批發業；F113020 電器批發業；F119010 電子材料批發業；F206040 水器材料零售業；F207030 清潔用品零售業；F208031 醫療器材零售業；F213010 電器零售業；F219010 電子材料零售業；F401010 國際貿易業,新北市,設立,11509
61983632,眾晴餐飲股份有限公司,新北市新莊區中誠街170號(1樓),馬浩然,2000000,115/09/23,,,F501060 餐館業；F501990 其他餐飲業；F102170 食品什貨批發業；F203010 食品什貨、飲料零售業；I103060 管理顧問業；F401010 國際貿易業；ZZ99999 除許可業務外，得經營法令非禁止或限制之業務,新北市,設立,11509
61983648,聯宇電材股份有限公司,新北市土城區永豐路187號,張木財,10000000,115/09/23,,,CC01080 電子零組件製造業；CC01110 電腦及其週邊設備製造業；CC01030 電器及視聽電子產品製造業；CH01040 玩具製造業；C805050 工業用塑膠製品製造業；CE01010 一般儀器製造業；CA02990 其他金屬製品製造業；C805990 其他塑膠製品製造業；F110010 鐘錶批發業；F119010 電子材料批發業,新北市,設立,11509
61983653,嵩京創業投資有限公司,新北市新店區光明街224巷3號7樓,陳宥融,6000000,115/09/23,,,H201010 一般投資業；H202010 創業投資業；H703090 不動產買賣業；H703100 不動產租賃業；HZ99990 其他金融、保險及不動產業；I102010 一般投資顧問業；I103060 管理顧問業；I199990 其他顧問服務業；ZZ99999 除許可業務外，得經營法令非禁止或限制之業務,新北市,設立,11509
61983669,奇諾人力顧問有限公司,新北市新莊區豐年街90巷39號,曾映綺,5000000,115/09/23,,,JA05010 留、遊學服務業；JZ99050 仲介服務業；I701011 就業服務業；IZ12010 人力派遣業；I401010 一般廣告服務業；I401020 廣告傳單分送業；IZ15010 市場研究及民意調查業；J301010 報紙業；J302010 通訊稿業；I102010 一般投資顧問業,新北市,設立,11509
61983675,豐瑞達有限公司,新北市板橋區民生路3段319號4樓,吳慧鈴,100000,115/09/23,,,F102170 食品什貨批發業；F104110 布疋、衣著、鞋、帽、傘、服飾品批發業；F106020 日常用品批發業；F106060 寵物食品及其用品批發業；F107030 清潔用品批發業；F109070 文教、樂器、育樂用品批發業；F203010 食品什貨、飲料零售業；F204110 布疋、衣著、鞋、帽、傘、服飾品零售業；F206020 日常用品零售業；F206050 寵物食品及其用品零售業,新北市,設立,11509
61983680,星期天相機有限公司,新北市淡水區民權路69號18樓之4,蕭光辰,500000,115/09/23,,,F216010 照相器材零售業；F116010 照相器材批發業；F399040 無店面零售業；F401010 國際貿易業；JZ99030 攝影業；F204110 布疋、衣著、鞋、帽、傘、服飾品零售業；F209060 文教、樂器、育樂用品零售業；I599990 其他設計業；J404030 電影沖印業；J404020 提供設備及場地供電影片拍攝業,新北市,設立,11509
61983696,顥宇科技有限公司,新北市樹林區三龍街118巷11號(2樓),陳明宏,200000,115/09/23,,,CB01010 機械設備製造業；CB01990 其他機械製造業；F106010 五金批發業；F113010 機械批發業；CA02030 螺絲、螺帽、螺絲釘、及鉚釘等製品製造業；F119010 電子材料批發業；F113030 精密儀器批發業；F113990 其他機械器具批發業；E604010 機械安裝業；I103060 管理顧問業,新北市,設立,11509
61983703,牧和環保有限公司,新北市新店區安興路125之10號,陳冠勳,150000,115/09/23,,,J101010 建築物清潔服務業；J101030 廢棄物清除業；J101040 廢棄物處理業；J101080 資源回收業；J101090 廢棄物清理業；E901010 油漆工程業；EZ99990 其他工程業；A102080 園藝服務業；F213080 機械器具零售業；F213100 污染防治設備零售業,新北市,設立,11509
61983719,兆溢生醫科技有限公司,新北市三重區重新路5段609巷14號7樓,李孟樺,1000000,115/09/23,,,F203010 食品什貨、飲料零售業；F102170 食品什貨批發業；F208040 化粧品零售業；F108040 化粧品批發業；F401010 國際貿易業；F399040 無店面零售業；I301010 資訊軟體服務業；I401010 一般廣告服務業；F601010 智慧財產權業；ZZ99999 除許可業務外，得經營法令非禁止或限制之業務,新北市,設立,11509
61983725,盈富貿易有限公司,新北市三重區重陽路4段130號12樓,陳加怡,200000,115/09/23,,,F203010 食品什貨、飲料零售業；F204110 布疋、衣著、鞋、帽、傘、服飾品零售業；F205040 家具、寢具、廚房器具、裝設品零售業；F206020 日常用品零售業；F208040 化粧品零售業；F209060 文教、樂器、育樂用品零售業；F213010 電器零售業；F213030 電腦及事務性機器設備零售業；F206050 寵物食品及其用品零售業；F399040 無店面零售業,新北市,設立,11509
61983730,泉沅企業有限公司,新北市新莊區復興路1段207號4樓,吳珮暄,300000,115/09/23,,,F102030 菸酒批發業；F102040 飲料批發業；F102170 食品什貨批發業；F203010 食品什貨、飲料零售業；F203020 菸酒零售業；F399040 無店面零售業；F401010 國際貿易業；ZZ99999 除許可業務外，得經營法令非禁止或限制之業務,新北市,設立,11509
61983746,禮品家有限公司,新北市蘆洲區長安街331巷11號,胡家甄,500000,115/09/23,,,F401010 國際貿易業；F104110 布疋、衣著、鞋、帽、傘、服飾品批發業；F109070 文教、樂器、育樂用品批發業；F106050 陶瓷玻璃器皿批發業；F102170 食品什貨批發業；F105050 家具、寢具、廚房器具、裝設品批發業；F107030 清潔用品批發業；F399990 其他綜合零售業；F106020 日常用品批發業；F106010 五金批發業,新北市,設立,11509
61983751,鈺珊有限公司,新北市新店區三民路45號,陳衍如,1300000,115/09/23,,,C104010 糖果製造業；C104020 烘焙炊蒸食品製造業；E801010 室內裝潢業；F102040 飲料批發業；F102050 茶葉批發業；F102170 食品什貨批發業；F203010 食品什貨、飲料零售業；F399040 無店面零售業；F401010 國際貿易業；F501030 飲料店業,新北市,設立,11509
61983767,玉存有限公司,新北市三重區光復路1段82之5號6樓,黃玉娟,8100000,115/09/23,,,H201010 一般投資業；I103060 管理顧問業；ZZ99999 除許可業務外，得經營法令非禁止或限制之業務,新北市,設立,11509
61983773,心安你的室內裝修設計有限公司,新北市汐止區莊敬街119巷6號,李寧清,200000,115/09/24,,,E801060 室內裝修業；E801010 室內裝潢業；E801020 門窗安裝工程業；E801030 室內輕鋼架工程業；E801040 玻璃安裝工程業；E801070 廚具、衛浴設備安裝工程業；F105050 家具、寢具、廚房器具、裝設品批發業；F106010 五金批發業；F107010 漆料、塗料批發業；F111090 建材批發業,新北市,設立,11509
61983794,祈榮工程有限公司,新北市蘆洲區光華路150巷3號2樓,粘評,50000,115/09/24,,,EZ99990 其他工程業；E901010 油漆工程業；EZ06010 交通標示工程業；E801010 室內裝潢業；E801020 門窗安裝工程業；E801030 室內輕鋼架工程業；E801040 玻璃安裝工程業；F101100 花卉批發業；F106010 五金批發業；F106050 陶瓷玻璃器皿批發業,新北市,設立,11509
61983801,舒舒虎虎股份有限公司,新北市土城區中央路4段52巷32號,李芳瑜,1250000,115/09/24,,,J801030 競技及休閒運動場館業；J802010 運動訓練業；J803010 運動表演業；F399040 無店面零售業；F104110 布疋、衣著、鞋、帽、傘、服飾品批發業；F204110 布疋、衣著、鞋、帽、傘、服飾品零售業；I501010 產品設計業；I502010 服飾設計業；I599990 其他設計業；ZZ99999 除許可業務外，得經營法令非禁止或限制之業務,新北市,設立,11509
61983823,裕和生醫健康管理顧問有限公司,新北市新莊區思源路171號10樓,鄭世裕,1000000,115/09/24,,,F102170 食品什貨批發業；F203010 食品什貨、飲料零售業；F108040 化粧品批發業；F208040 化粧品零售業；F106020 日常用品批發業；F206020 日常用品零售業；F107030 清潔用品批發業；F207030 清潔用品零售業；F208050 乙類成藥零售業；F107990 其他化學製品批發業,新北市,設立,11509
61983838,爵斯製造股份有限公司,新北市五股區成泰路2段222號,楊洪濤,100000,115/09/24,,,C804020 工業用橡膠製品製造業；C805050 工業用塑膠製品製造業；CA04010 表面處理業；CB01010 機械設備製造業；CB01020 事務機器製造業；CC01060 有線通信機械器材製造業；CC01080 電子零組件製造業；CQ01010 模具製造業；F106030 模具批發業；F113010 機械批發業,新北市,設立,11509
61983859,承江投資股份有限公司,新北市林口區中山路532之8號,翁儷芹,10000000,115/09/24,,,H201010 一般投資業；ZZ99999 除許可業務外，得經營法令非禁止或限制之業務,新北市,設立,11509
61983865,喵爾頓股份有限公司,新北市板橋區縣民大道3段103巷7號(1樓),楊程捷,1000000,115/09/24,,,A401031 特定寵物服務業；A401060 其他動物服務業；F201980 其他動物零售業；F206050 寵物食品及其用品零售業；F299990 其他零售業；F399990 其他綜合零售業；JE01010 租賃業；JZ99180 寵物美容服務業；JZ99990 未分類其他服務業；ZZ99999 除許可業務外，得經營法令非禁止或限制之業務,新北市,設立,11509
61983871,至旭有限公司,新北市新莊區中平路256號12樓,鍾發泳,6000000,115/09/24,,,E603040 消防安全設備安裝工程業；E603050 自動控制設備工程業；E603080 交通號誌安裝工程業；E605010 電腦設備安裝業；E701010 電信工程業；EZ05010 儀器、儀表安裝工程業；F113020 電器批發業；F113030 精密儀器批發業；F113050 電腦及事務性機器設備批發業；F117010 消防安全設備批發業,新北市,設立,11509
61983886,宸曜機電科技工程有限公司,新北市鶯歌區鶯桃路182巷96弄36之1號14樓,曾介偉,500000,115/09/24,,,E601010 電器承裝業；E601020 電器安裝業；E603010 電纜安裝工程業；E603040 消防安全設備安裝工程業；E603050 自動控制設備工程業；E701010 電信工程業；E603090 照明設備安裝工程業；E701040 簡易電信設備安裝業；E599010 配管工程業；F106010 五金批發業,新北市,設立,11509
61983892,長佳國際投資股份有限公司,新北市五股區五權八路2號,王子棻,27752930,115/09/24,,,H201010 一般投資業,新北市,設立,11509
61983909,眼睛吃糖果影業有限公司,新北市三峽區長泰街41巷10號,陳玉珊,1000000,115/09/24,,,I103060 管理顧問業；I199990 其他顧問服務業；I501010 產品設計業；I599990 其他設計業；IZ12010 人力派遣業；J303010 雜誌（期刊）出版業；J304010 圖書出版業；J305010 有聲出版業；J399010 軟體出版業；J399990 其他出版業,新北市,設立,11509
61983915,華惟金屬有限公司,新北市鶯歌區中正三路156巷8之1號,沈裕惟,1000000,115/09/24,,,CA01050 鋼材二次加工業；CA01990 其他非鐵金屬基本工業；CA02010 金屬結構及建築組件製造業；CA02080 金屬鍛造業；CA02990 其他金屬製品製造業；CA03010 熱處理業；CA04010 表面處理業；E603100 電焊工程業；E607010 太陽熱能設備安裝工程業；E801010 室內裝潢業,新北市,設立,11509
61983921,維馨投資有限公司,新北市汐止區祥雲街17號,鄭業馨,1000000,115/09/24,,,H201010 一般投資業；H202010 創業投資業；H204010 私募股權投資業；H701020 工業廠房開發租售業；H701050 投資興建公共建設業；H703090 不動產買賣業；H703100 不動產租賃業；I102010 一般投資顧問業；I103060 管理顧問業；IH01010 產業控股公司業,新北市,設立,11509
61983936,瑞興油漆工程有限公司,新北市中和區成功路127巷14號,吳進松,200000,115/09/24,,,E801010 室內裝潢業；E901010 油漆工程業；E903010 防蝕、防銹工程業；F107010 漆料、塗料批發業；ZZ99999 除許可業務外，得經營法令非禁止或限制之業務,新北市,設立,11509
61983942,晶磊國際有限公司,新北市中和區南山路236巷63弄31號,蘇育民,1000000,115/09/24,,,F399040 無店面零售業；F108040 化粧品批發業；F208040 化粧品零售業；F105050 家具、寢具、廚房器具、裝設品批發業；F205040 家具、寢具、廚房器具、裝設品零售業；F113020 電器批發業；F213010 電器零售業；F106020 日常用品批發業；F206020 日常用品零售業；F104110 布疋、衣著、鞋、帽、傘、服飾品批發業,新北市,設立,11509
61983957,順光創新股份有限公司,新北市土城區金城路1段12號11樓之3,吳家慶,1000000,115/09/24,,,CB01010 機械設備製造業；CB01020 事務機器製造業；CB01030 污染防治設備製造業；CB01990 其他機械製造業；CC01010 發電、輸電、配電機械製造業；CC01030 電器及視聽電子產品製造業；CC01080 電子零組件製造業；CD01030 汽車及其零件製造業；E601010 電器承裝業；E601020 電器安裝業,新北市,設立,11509
61983963,奧莉亞海灣有限公司,新北市金山區海興路176之1號(1樓),魏詩宜,1000000,115/09/24,,,F102040 飲料批發業；F102170 食品什貨批發業；F104110 布疋、衣著、鞋、帽、傘、服飾品批發業；F203010 食品什貨、飲料零售業；F203020 菸酒零售業；F204110 布疋、衣著、鞋、帽、傘、服飾品零售業；F206020 日常用品零售業；F207030 清潔用品零售業；F501060 餐館業；F501030 飲料店業,新北市,設立,11509
61983979,流鑫有限公司,新北市板橋區中山路1段10號11樓,劉佳彣,100000,115/09/24,,,F106010 五金批發業；F109070 文教、樂器、育樂用品批發業；F199990 其他批發業；F206010 五金零售業；F209060 文教、樂器、育樂用品零售業；F299990 其他零售業；ZZ99999 除許可業務外，得經營法令非禁止或限制之業務,新北市,設立,11509
61983984,莫莫有限公司,新北市三重區信義西街1巷19弄4號3樓,王意姍,500000,115/09/24,,,F401010 國際貿易業；F102170 食品什貨批發業；F104110 布疋、衣著、鞋、帽、傘、服飾品批發業；F105050 家具、寢具、廚房器具、裝設品批發業；F106020 日常用品批發業；F106050 陶瓷玻璃器皿批發業；F106060 寵物食品及其用品批發業；F107030 清潔用品批發業；F109070 文教、樂器、育樂用品批發業；F111090 建材批發業,新北市,設立,11509
61984007,植男有限公司,新北市中和區民生街12巷1號,黃逸民,200000,115/09/24,,,C103050 罐頭、冷凍、脫水及醃漬食品製造業；C104020 烘焙炊蒸食品製造業；F101990 其他農、畜、水產品批發業；F102170 食品什貨批發業；F399040 無店面零售業；F501060 餐館業；F501990 其他餐飲業；ZZ99999 除許可業務外，得經營法令非禁止或限制之業務,新北市,設立,11509
61984013,璞元石業股份有限公司,新北市新店區新和街80號(1樓),李冬琴,600000,115/09/24,,,E801010 室內裝潢業；E801020 門窗安裝工程業；E801030 室內輕鋼架工程業；E801040 玻璃安裝工程業；E801070 廚具、衛浴設備安裝工程業；E901010 油漆工程業；EZ99990 其他工程業；F106010 五金批發業；F107030 清潔用品批發業；F111090 建材批發業,新北市,設立,11509
61984029,家富美搬家貨運有限公司,新北市土城區中央路3段87號5樓之1,顏良原,10000000,115/09/24,,,G101061 汽車貨運業；G801010 倉儲業；IZ06010 理貨包裝業；IZ12010 人力派遣業；EZ02010 起重工程業；F401010 國際貿易業；J101010 建築物清潔服務業；J101030 廢棄物清除業；J101040 廢棄物處理業；J101080 資源回收業,新北市,設立,11509
61984034,喬蘊有限公司,新北市中和區中山路2段332巷13號12樓,蔡喬帆,2000000,115/09/29,,,F104110 布疋、衣著、鞋、帽、傘、服飾品批發業；F105050 家具、寢具、廚房器具、裝設品批發業；F115010 首飾及貴金屬批發業；F106020 日常用品批發業；F204110 布疋、衣著、鞋、帽、傘、服飾品零售業；F205040 家具、寢具、廚房器具、裝設品零售業；F215010 首飾及貴金屬零售業；F206020 日常用品零售業；F399040 無店面零售業；F401010 國際貿易業,新北市,設立,11509
61984040,晴禾事業有限公司,新北市板橋區四川路2段243號14樓之1,郭憶萱,100000,115/09/24,,,F106010 五金批發業；F106020 日常用品批發業；F113020 電器批發業；F207030 清潔用品零售業；F211010 建材零售業；F399040 無店面零售業；H703100 不動產租賃業；E599010 配管工程業；E601010 電器承裝業；I102010 一般投資顧問業,新北市,設立,11509
61984055,元匯芯科技有限公司,新北市中和區連城路268號13樓之2,李忠信,1000000,115/09/29,,,F119010 電子材料批發業；F219010 電子材料零售業；JZ99050 仲介服務業；F601010 智慧財產權業；I501010 產品設計業；F401010 國際貿易業；ZZ99999 除許可業務外，得經營法令非禁止或限制之業務,新北市,設立,11509
61984061,萊墨科技有限公司,新北市中和區中山路2段332巷9號8樓,林承佑,100000,115/09/29,,,F104110 布疋、衣著、鞋、帽、傘、服飾品批發業；F109070 文教、樂器、育樂用品批發業；F118010 資訊軟體批發業；F204110 布疋、衣著、鞋、帽、傘、服飾品零售業；F209060 文教、樂器、育樂用品零售業；F218010 資訊軟體零售業；F399040 無店面零售業；F401010 國際貿易業；I301030 電子資訊供應服務業；I301010 資訊軟體服務業,新北市,設立,11509
61984077,浩潤有限公司,新北市新莊區昌平街82巷1號,吳易禎,1000000,115/09/29,,,F121010 食品添加物批發業；F221010 食品添加物零售業；F501060 餐館業；ZZ99999 除許可業務外，得經營法令非禁止或限制之業務,新北市,設立,11509
61984082,琦域智衡有限公司,新北市板橋區文化路2段182巷3弄50號25樓,唐昀萍,300000,115/09/29,,,I103060 管理顧問業；I199990 其他顧問服務業；J202010 產業育成業；I301010 資訊軟體服務業；I301020 資料處理服務業；I301030 電子資訊供應服務業；I401010 一般廣告服務業；I501010 產品設計業；I599990 其他設計業；F601010 智慧財產權業,新北市,設立,11509
61984098,冠豪洋行有限公司,新北市淡水區新市一路3段127號11樓,薛淑滿,500000,115/09/29,,,E801070 廚具、衛浴設備安裝工程業；F105050 家具、寢具、廚房器具、裝設品批發業；F106010 五金批發業；F106040 水器材料批發業；F106050 陶瓷玻璃器皿批發業；F111090 建材批發業；F119010 電子材料批發業；F205040 家具、寢具、廚房器具、裝設品零售業；F206010 五金零售業；F206040 水器材料零售業,新北市,設立,11509
61984105,築鉐室內裝修設計有限公司,新北市板橋區文化路2段285號21樓,石娟娟,1500000,115/09/29,,,EZ07010 鑽孔工程業；E603020 電梯安裝工程業；E603040 消防安全設備安裝工程業；E603090 照明設備安裝工程業；E603130 燃氣熱水器承裝業；E901010 油漆工程業；E903010 防蝕、防銹工程業；E701040 簡易電信設備安裝業；E801010 室內裝潢業；E801020 門窗安裝工程業,新北市,設立,11509
61984127,凱文系統整合有限公司,新北市板橋區萬板路111號9樓,陳其元,3000000,115/09/29,,,E605010 電腦設備安裝業；E701040 簡易電信設備安裝業；F113050 電腦及事務性機器設備批發業；F118010 資訊軟體批發業；I199990 其他顧問服務業；I301010 資訊軟體服務業；I301020 資料處理服務業；I301030 電子資訊供應服務業；IZ99990 其他工商服務業；J399010 軟體出版業,新北市,設立,11509
61984132,諦權餐飲有限公司,新北市板橋區溪北路8號,吳諦鈞,300000,115/09/29,,,F501060 餐館業；F501990 其他餐飲業；F501030 飲料店業；F399040 無店面零售業；F299990 其他零售業；F203010 食品什貨、飲料零售業；ZZ99999 除許可業務外，得經營法令非禁止或限制之業務,新北市,設立,11509
61984148,好門客股份有限公司,新北市永和區中山路1段188號6樓之1,莊宗翰,5000000,115/09/29,,,ZZ99999 除許可業務外，得經營法令非禁止或限制之業務；I102010 一般投資顧問業；I103060 管理顧問業；I199990 其他顧問服務業；I301010 資訊軟體服務業；I301020 資料處理服務業；I301030 電子資訊供應服務業；I301060 網路廣告平臺業；I401010 一般廣告服務業；IZ99990 其他工商服務業,新北市,設立,11509
61984153,勤合信科技有限公司,新北市林口區中北一街7號2樓,張信樑,300000,115/09/29,,,F119010 電子材料批發業；F219010 電子材料零售業；F206010 五金零售業；F213040 精密儀器零售業；F213080 機械器具零售業；F213030 電腦及事務性機器設備零售業；F113010 機械批發業；F113990 其他機械器具批發業；F113020 電器批發業；F113030 精密儀器批發業,新北市,設立,11509
61984169,木子葉有限公司,新北市板橋區三民路2段71號(1樓),李霆,1000000,115/09/29,,,F501030 飲料店業；F102040 飲料批發業；F102050 茶葉批發業；F102170 食品什貨批發業；ZZ99999 除許可業務外，得經營法令非禁止或限制之業務；F203010 食品什貨、飲料零售業；F205040 家具、寢具、廚房器具、裝設品零售業；F206020 日常用品零售業；F299990 其他零售業,新北市,設立,11509
61984175,御達有限公司,新北市新莊區新北大道7段368號11樓,蔡秉勳,500000,115/09/29,,,E599010 配管工程業；E603090 照明設備安裝工程業；E801010 室內裝潢業；E801020 門窗安裝工程業；E801030 室內輕鋼架工程業；E801040 玻璃安裝工程業；E801070 廚具、衛浴設備安裝工程業；E901010 油漆工程業；EZ99990 其他工程業；F104110 布疋、衣著、鞋、帽、傘、服飾品批發業,新北市,設立,11509
61984180,遠眺有限公司,新北市板橋區江寧路3段131巷5號,張宗翰,150000,115/09/29,,,F204110 布疋、衣著、鞋、帽、傘、服飾品零售業；F205040 家具、寢具、廚房器具、裝設品零售業；F206020 日常用品零售業；F209060 文教、樂器、育樂用品零售業；F215010 首飾及貴金屬零售業；F299990 其他零售業；F399040 無店面零售業；F401010 國際貿易業；I199990 其他顧問服務業；ZZ99999 除許可業務外，得經營法令非禁止或限制之業務,新北市,設立,11509
61984196,霈昇國際有限公司,新北市新莊區福壽街155號5樓,陳靖閎,100000,115/09/29,,,F106010 五金批發業；F107170 工業助劑批發業；F107200 化學原料批發業；F111090 建材批發業；F112040 石油製品批發業；F199010 回收物料批發業；F212050 石油製品零售業；F401010 國際貿易業；ZZ99999 除許可業務外，得經營法令非禁止或限制之業務；J101020 病媒防治業,新北市,設立,11509
61984203,星采食品科技有限公司,新北市板橋區民生路1段129號4樓,蘇肇偉,1000000,115/09/29,,,C110010 飲料製造業；C114010 食品添加物製造業；C102010 乳品製造業；C103050 罐頭、冷凍、脫水及醃漬食品製造業；C111010 製茶業；C199030 即食餐食製造業；C199040 豆類加工食品製造業；C199990 未分類其他食品製造業；C201010 飼料製造業；C201020 寵物食品製造業,新北市,設立,11509
61984219,讚豆有限公司,新北市新莊區頭興街1號之22(1樓),李信成,200000,115/09/29,,,C199030 即食餐食製造業；F501060 餐館業；F501990 其他餐飲業；F203010 食品什貨、飲料零售業；F399010 便利商店業；F301010 百貨公司業；F501030 飲料店業；F206020 日常用品零售業；F204110 布疋、衣著、鞋、帽、傘、服飾品零售業；F209060 文教、樂器、育樂用品零售業,新北市,設立,11509
61984225,旭廣精密有限公司,新北市泰山區莊泰路1627號2樓,邱奕達,200000,115/09/29,,,F106010 五金批發業；F113010 機械批發業；F114030 汽、機車零件配備批發業；F206010 五金零售業；F213080 機械器具零售業；F214030 汽、機車零件配備零售業；F199990 其他批發業；CD01030 汽車及其零件製造業；CD01040 機車及其零件製造業；CP01010 手工具製造業,新北市,設立,11509
61984230,太運事業股份有限公司,新北市新店區安和路2段237號,戴彤芸,300000,115/09/29,,,E604010 機械安裝業；E599010 配管工程業；E603100 電焊工程業；EZ99990 其他工程業；F106010 五金批發業；F111090 建材批發業；F120010 耐火材料批發業；F199990 其他批發業；F206010 五金零售業；E601010 電器承裝業,新北市,設立,11509
61984246,赫致股份有限公司,新北市新店區建國路234號3樓,王暘甯,1010000,115/09/29,,,F102170 食品什貨批發業；F106020 日常用品批發業；F118010 資訊軟體批發業；F119010 電子材料批發業；F121010 食品添加物批發業；F199990 其他批發業；F203010 食品什貨、飲料零售業；F206060 祭祀用品零售業；F218010 資訊軟體零售業；F219010 電子材料零售業,新北市,設立,11509
61984251,新域管理顧問有限公司,新北市樹林區學成路669號19樓,傅眉瑾,1000000,115/09/29,,,I103060 管理顧問業；I199990 其他顧問服務業；J202010 產業育成業；F401010 國際貿易業；ZZ99999 除許可業務外，得經營法令非禁止或限制之業務,新北市,設立,11509
61984267,芸源行銷有限公司,新北市三峽區民生街106之3號2樓,沈芸睫,1000000,115/09/29,,,ZZ99999 除許可業務外，得經營法令非禁止或限制之業務；J503020 電視節目製作業；J503030 廣播電視節目發行業；F401010 國際貿易業；J503050 錄影節目帶業；F399040 無店面零售業；F208040 化粧品零售業；I401010 一般廣告服務業；I401020 廣告傳單分送業；J404010 動畫影片製作業,新北市,設立,11509
62049350,台灣創覺院股份有限公司,新北市中和區景平路398號2樓之1,曾瀅如,100000,115/09/09,,,I103060 管理顧問業；I199990 其他顧問服務業；I301010 資訊軟體服務業；I301020 資料處理服務業；I301030 電子資訊供應服務業；I401010 一般廣告服務業；I501010 產品設計業；I599990 其他設計業；IZ12010 人力派遣業；IZ99990 其他工商服務業,新北市,設立,11509
62049366,緹紘煇生技股份有限公司,新北市永和區中山路1段13號(3樓),何珮瑜,100000,115/09/09,,,C114010 食品添加物製造業；C802100 化粧品製造業；F108040 化粧品批發業；F121010 食品添加物批發業；F199990 其他批發業；F206020 日常用品零售業；F208040 化粧品零售業；F213050 度量衡器零售業；F218010 資訊軟體零售業；F221010 食品添加物零售業,新北市,設立,11509
62049372,睿騰投資有限公司,新北市中和區圓通路369巷2之4號(1樓),林濬明,500000,115/09/09,,,H201010 一般投資業；ZZ99999 除許可業務外，得經營法令非禁止或限制之業務,新北市,設立,11509
62049387,程彩科技有限公司,新北市中和區建八路2號7樓,蔡勛程,100000,115/09/09,,,E901010 油漆工程業；EZ99990 其他工程業；F107010 漆料、塗料批發業；F107020 染料、顏料批發業；F207010 漆料、塗料零售業；F207020 染料、顏料零售業；ZZ99999 除許可業務外，得經營法令非禁止或限制之業務,新北市,設立,11509
62049393,玖盛設計有限公司,新北市三峽區國光街81巷3之2號4樓,張文杰,200000,115/09/09,,,I501010 產品設計業；I503010 景觀設計業；I599990 其他設計業；F111090 建材批發業；F211010 建材零售業；E801040 玻璃安裝工程業；E801020 門窗安裝工程業；CA02010 金屬結構及建築組件製造業；CA02990 其他金屬製品製造業；ZZ99999 除許可業務外，得經營法令非禁止或限制之業務,新北市,設立,11509
62049400,浪淘文化有限公司,新北市板橋區中山路1段10號9樓,毛秀庭,100000,115/09/09,,,JZ99990 未分類其他服務業；J601010 藝文服務業；JB01010 會議及展覽服務業；F106020 日常用品批發業；F206020 日常用品零售業；F108040 化粧品批發業；F208040 化粧品零售業；F109070 文教、樂器、育樂用品批發業；F209060 文教、樂器、育樂用品零售業；F104110 布疋、衣著、鞋、帽、傘、服飾品批發業,新北市,設立,11509
62049416,庫柏工事室內裝修有限公司,新北市三重區五華街21巷12號3樓,林芳妤,100000,115/09/09,,,E801060 室內裝修業；E801010 室內裝潢業；E801020 門窗安裝工程業；E801030 室內輕鋼架工程業；E801040 玻璃安裝工程業；E801070 廚具、衛浴設備安裝工程業；E901010 油漆工程業；EZ99990 其他工程業；E603090 照明設備安裝工程業；C501030 合板製造業,新北市,設立,11509
62049422,童夢方塊有限公司,新北市淡水區民權路23號5樓之12,曾國豪,100000,115/09/09,,,I401010 一般廣告服務業；J602010 演藝活動業；J603010 音樂展演空間業；J604010 聲音錄製及音樂發行業；JE01010 租賃業；I105010 藝術品諮詢顧問業；I501010 產品設計業；F399040 無店面零售業；I504010 花藝設計業；IZ04010 翻譯業,新北市,設立,11509
62049437,敘雨國際有限公司,新北市三重區新北大道1段100巷3號2樓,李孟聰,50000,115/09/09,,,F201020 畜產品零售業；F399040 無店面零售業；F401010 國際貿易業；F201010 農產品零售業；F201030 水產品零售業；F203010 食品什貨、飲料零售業；F204110 布疋、衣著、鞋、帽、傘、服飾品零售業；F206020 日常用品零售業；F399990 其他綜合零售業；F101990 其他農、畜、水產品批發業,新北市,設立,11509
62049458,錡時科技有限公司,新北市中和區建一路100號5樓,林哲安,300000,115/09/09,,,F206020 日常用品零售業；F206030 模具零售業；CE01010 一般儀器製造業；F118010 資訊軟體批發業；F218010 資訊軟體零售業；F113050 電腦及事務性機器設備批發業；F213030 電腦及事務性機器設備零售業；F401010 國際貿易業；I301010 資訊軟體服務業；I301020 資料處理服務業,新北市,設立,11509
62049470,慢游資源策劃有限公司,新北市中和區民有街15號4樓,薛又誠,200000,115/09/09,,,IZ06010 理貨包裝業；EZ02010 起重工程業；F104110 布疋、衣著、鞋、帽、傘、服飾品批發業；F109070 文教、樂器、育樂用品批發業；F113010 機械批發業；F113020 電器批發業；F119010 電子材料批發業；F201010 農產品零售業；F203010 食品什貨、飲料零售業；F204110 布疋、衣著、鞋、帽、傘、服飾品零售業,新北市,設立,11509
62049485,潤峰有限公司,新北市新莊區新樹路268巷7之5號,蔣欣璋,1500000,115/09/09,,,EZ99990 其他工程業；F102170 食品什貨批發業；F106010 五金批發業；F106020 日常用品批發業；F113990 其他機械器具批發業；F203010 食品什貨、飲料零售業；F206010 五金零售業；F206020 日常用品零售業；F213990 其他機械器具零售業；F501030 飲料店業,新北市,設立,11509
62049491,衝撞放送有限公司,新北市汐止區福德二路365號4樓,林奐吾,300000,115/09/10,,,F399040 無店面零售業；F104110 布疋、衣著、鞋、帽、傘、服飾品批發業；F204110 布疋、衣著、鞋、帽、傘、服飾品零售業；F109070 文教、樂器、育樂用品批發業；F209060 文教、樂器、育樂用品零售業；F106020 日常用品批發業；F206020 日常用品零售業；F105050 家具、寢具、廚房器具、裝設品批發業；F205040 家具、寢具、廚房器具、裝設品零售業；F115010 首飾及貴金屬批發業,新北市,設立,11509
62049507,逸界有限公司,新北市板橋區文化路1段329號4樓,林子逸,100000,115/09/10,,,F104110 布疋、衣著、鞋、帽、傘、服飾品批發業；F106020 日常用品批發業；F109070 文教、樂器、育樂用品批發業；F204110 布疋、衣著、鞋、帽、傘、服飾品零售業；F206020 日常用品零售業；F209060 文教、樂器、育樂用品零售業；F399040 無店面零售業；F401010 國際貿易業；ZZ99999 除許可業務外，得經營法令非禁止或限制之業務,新北市,設立,11509
62049513,又菁茶業有限公司,新北市泰山區辭修路36巷7弄3號3樓,洪粲,1000000,115/09/10,,,C111010 製茶業；F102050 茶葉批發業；C199990 未分類其他食品製造業；F401010 國際貿易業；F501030 飲料店業；F102040 飲料批發業；F201010 農產品零售業；F106020 日常用品批發業；F206020 日常用品零售業；F102170 食品什貨批發業,新北市,設立,11509
62049529,日紅科技股份有限公司,新北市中和區中山路2段351號3樓,陳彥岑,7000,115/09/10,,,A102080 園藝服務業；CB01030 污染防治設備製造業；E604010 機械安裝業；E901010 油漆工程業；E903010 防蝕、防銹工程業；EZ05010 儀器、儀表安裝工程業；F102170 食品什貨批發業；F106010 五金批發業；F106020 日常用品批發業；F107030 清潔用品批發業,新北市,設立,11509
62049534,驛泰工程有限公司,新北市中和區永和路128巷43號,黃琮榮,200000,115/09/10,,,E599010 配管工程業；E502010 燃料導管安裝工程業；E601020 電器安裝業；E603050 自動控制設備工程業；EZ99990 其他工程業；F106040 水器材料批發業；F113020 電器批發業；F206040 水器材料零售業；F213010 電器零售業；IZ12010 人力派遣業,新北市,設立,11509
62049540,爍量數位顧問有限公司,新北市三重區中正北路15號5樓,邱伃君,100000,115/09/10,,,I103060 管理顧問業；I199990 其他顧問服務業；I301010 資訊軟體服務業；I301020 資料處理服務業；I301030 電子資訊供應服務業；I301060 網路廣告平臺業；I401010 一般廣告服務業；IZ99990 其他工商服務業；J305010 有聲出版業；J503010 廣播節目製作業,新北市,設立,11509
62049555,承鑫金屬工程有限公司,新北市三芝區智成街8號3樓,林瑄依,2000000,115/09/10,,,CA01050 鋼材二次加工業；CA02010 金屬結構及建築組件製造業；CA02990 其他金屬製品製造業；CB01010 機械設備製造業；CB01990 其他機械製造業；CZ99990 未分類其他工業製品製造業；E603100 電焊工程業；E603110 冷作工程業；E603120 噴砂工程業；E801010 室內裝潢業,新北市,設立,11509
62049561,傑觀資本股份有限公司,新北市新莊區新北大道4段175號3樓,楊舜傑,1000000,115/09/15,,,H201010 一般投資業；H703090 不動產買賣業；H703100 不動產租賃業；I102010 一般投資顧問業；I199990 其他顧問服務業；I103060 管理顧問業；ZZ99999 除許可業務外，得經營法令非禁止或限制之業務,新北市,設立,11509
62049577,奕坤有限公司,新北市樹林區保安街3段1巷8弄9號6樓,陳又豪,100000,115/09/10,,,A102080 園藝服務業；D101060 再生能源自用發電設備業；D401010 熱能供應業；E502010 燃料導管安裝工程業；E599010 配管工程業；E601010 電器承裝業；E601020 電器安裝業；E603010 電纜安裝工程業；E603020 電梯安裝工程業；E603040 消防安全設備安裝工程業,新北市,設立,11509
62049582,如平國際實業股份有限公司,新北市新店區順安街60號3樓之1,巫光平,20100000,115/09/10,,,H201010 一般投資業；I102010 一般投資顧問業；I103060 管理顧問業；F401010 國際貿易業；F106010 五金批發業；F106020 日常用品批發業；F119010 電子材料批發業；F206010 五金零售業；F206020 日常用品零售業；F219010 電子材料零售業,新北市,設立,11509
62049598,小聰頭智創科技有限公司,新北市中和區中山路2段332巷9號8樓,周健聰,5000000,115/09/10,,,F109070 文教、樂器、育樂用品批發業；F118010 資訊軟體批發業；F209060 文教、樂器、育樂用品零售業；F218010 資訊軟體零售業；I301010 資訊軟體服務業；I301020 資料處理服務業；I401010 一般廣告服務業；J503040 廣播電視廣告業；I301060 網路廣告平臺業；J404010 動畫影片製作業,新北市,設立,11509
62049605,築和室內裝潢工程有限公司,新北市林口區南勢一街17巷39號,陳政介,200000,115/09/10,,,F105050 家具、寢具、廚房器具、裝設品批發業；F205040 家具、寢具、廚房器具、裝設品零售業；E801070 廚具、衛浴設備安裝工程業；E801010 室內裝潢業；E599010 配管工程業；E601020 電器安裝業；E801020 門窗安裝工程業；E801030 室內輕鋼架工程業；E801040 玻璃安裝工程業；E901010 油漆工程業,新北市,設立,11509
62049611,台灣希恩流體科技有限公司,新北市新莊區福慧路216號17樓,Prainito Fabio,1000000,115/09/10,,,F106010 五金批發業；F113010 機械批發業；F113030 精密儀器批發業；F113050 電腦及事務性機器設備批發業；F113990 其他機械器具批發業；F206010 五金零售業；F213040 精密儀器零售業；F213030 電腦及事務性機器設備零售業；F213080 機械器具零售業；F213990 其他機械器具零售業,新北市,設立,11509
62049627,維欣資管有限公司,新北市三峽區民生街251號,陳維謙,200000,115/09/10,,,ZZ99999 除許可業務外，得經營法令非禁止或限制之業務；I102010 一般投資顧問業；I103060 管理顧問業；I301010 資訊軟體服務業；I199990 其他顧問服務業；I301020 資料處理服務業；I301030 電子資訊供應服務業；I301060 網路廣告平臺業；IZ99990 其他工商服務業,新北市,設立,11509
62049632,源聚娛樂有限公司,新北市三重區重新路4段176號4樓之2,陳琪,200000,115/09/10,,,J602010 演藝活動業；J601010 藝文服務業；J803010 運動表演業；JZ99080 美容美髮服務業；J202010 產業育成業；F104110 布疋、衣著、鞋、帽、傘、服飾品批發業；F109070 文教、樂器、育樂用品批發業；F204110 布疋、衣著、鞋、帽、傘、服飾品零售業；F206020 日常用品零售業；F207990 其他化學製品零售業,新北市,設立,11509
62049648,博爾特科技有限公司,新北市板橋區中山路1段10號11樓,劉家倫,500000,115/09/10,,,F106010 五金批發業；F106040 水器材料批發業；F113010 機械批發業；F113020 電器批發業；F113050 電腦及事務性機器設備批發業；F113990 其他機械器具批發業；F118010 資訊軟體批發業；F119010 電子材料批發業；F213030 電腦及事務性機器設備零售業；F218010 資訊軟體零售業,新北市,設立,11509
62049653,資拓工程有限公司,新北市新店區安興路83之1號5樓,簡汝羽,1000000,115/09/10,,,EZ99990 其他工程業；IZ12010 人力派遣業；JZ99050 仲介服務業；G799990 其他運輸輔助業；F113010 機械批發業；F401010 國際貿易業；JA02990 其他修理業；F213080 機械器具零售業；ZZ99999 除許可業務外，得經營法令非禁止或限制之業務,新北市,設立,11509
62049669,星曜源有限公司,新北市土城區中央路2段61巷38號(1樓),陳博煇,2000000,115/09/11,,,E801010 室內裝潢業；I503010 景觀設計業；E801030 室內輕鋼架工程業；E603090 照明設備安裝工程業；E601020 電器安裝業；E603050 自動控制設備工程業；E605010 電腦設備安裝業；E801020 門窗安裝工程業；E901010 油漆工程業；E801070 廚具、衛浴設備安裝工程業,新北市,設立,11509
62049675,婕勁有限公司,新北市板橋區文化路2段285號21樓,蘇婕語,5000000,115/09/10,,,F102170 食品什貨批發業；F104110 布疋、衣著、鞋、帽、傘、服飾品批發業；F105050 家具、寢具、廚房器具、裝設品批發業；F106010 五金批發業；F106020 日常用品批發業；F107030 清潔用品批發業；F107080 環境用藥批發業；F106060 寵物食品及其用品批發業；F108040 化粧品批發業；F109070 文教、樂器、育樂用品批發業,新北市,設立,11509
62049680,哲曜國際有限公司,新北市三重區六張街54號,楊明哲,800000,115/09/10,,,F104110 布疋、衣著、鞋、帽、傘、服飾品批發業；F204110 布疋、衣著、鞋、帽、傘、服飾品零售業；F113050 電腦及事務性機器設備批發業；F213030 電腦及事務性機器設備零售業；H201010 一般投資業；I103060 管理顧問業；F106020 日常用品批發業；I501010 產品設計業；F401010 國際貿易業；F399040 無店面零售業,新北市,設立,11509
62049696,迪銳電馳有限公司,新北市三重區福德南路41號2樓,張瓊之,100000,115/09/10,,,F114020 機車批發業；F114030 汽、機車零件配備批發業；F114010 汽車批發業；F114040 自行車及其零件批發業；F114050 車胎批發業；F114990 其他交通運輸工具及其零件批發業；F214020 機車零售業；F214030 汽、機車零件配備零售業；F214010 汽車零售業；F214040 自行車及其零件零售業,新北市,設立,11509
62049703,共營科技有限公司,新北市板橋區中山路1段293之1號10樓之1,張軒利,500000,115/09/11,,,I301010 資訊軟體服務業；I301020 資料處理服務業；I301030 電子資訊供應服務業；I301060 網路廣告平臺業；I103060 管理顧問業；I199990 其他顧問服務業；I401010 一般廣告服務業；I501010 產品設計業；I599990 其他設計業；IZ99990 其他工商服務業,新北市,設立,11509
62049719,鸞妍有限公司,新北市林口區中正路236號,阮氏鸞,500000,115/09/11,,,JZ99080 美容美髮服務業；F108040 化粧品批發業；F208040 化粧品零售業；F399040 無店面零售業；F401010 國際貿易業；F106020 日常用品批發業；F206020 日常用品零售業；I103060 管理顧問業；JZ99990 未分類其他服務業；ZZ99999 除許可業務外，得經營法令非禁止或限制之業務,新北市,設立,11509
62049725,千褕有限公司,新北市新莊區中和街90號6樓,陳渝涵,100000,115/09/10,,,F101100 花卉批發業；F102040 飲料批發業；F102050 茶葉批發業；F104110 布疋、衣著、鞋、帽、傘、服飾品批發業；F105050 家具、寢具、廚房器具、裝設品批發業；F106010 五金批發業；F106020 日常用品批發業；F106060 寵物食品及其用品批發業；F106070 祭祀用品批發業；F107020 染料、顏料批發業,新北市,設立,11509
62049730,鷹灣精選有限公司,新北市新店區民權路153號4樓,李楷悦,1000000,115/09/11,,,F401171 酒類輸入業；F102030 菸酒批發業；F203020 菸酒零售業,新北市,設立,11509
62049746,富麗華投資股份有限公司,新北市永和區永利路177號,黃楚語,16000000,115/09/11,,,H201010 一般投資業；H202010 創業投資業；H701010 住宅及大樓開發租售業；H701020 工業廠房開發租售業；H703100 不動產租賃業；H703090 不動產買賣業；I102010 一般投資顧問業；I401010 一般廣告服務業；I199990 其他顧問服務業；ZZ99999 除許可業務外，得經營法令非禁止或限制之業務,新北市,設立,11509
62049751,芮曦股份有限公司,新北市中和區橋安街1號3樓,百勒絲,3000000,115/09/11,,,F204110 布疋、衣著、鞋、帽、傘、服飾品零售業；F205040 家具、寢具、廚房器具、裝設品零售業；F215010 首飾及貴金屬零售業；F401010 國際貿易業；F102030 菸酒批發業；F102050 茶葉批發業；F102170 食品什貨批發業；F203010 食品什貨、飲料零售業；F203020 菸酒零售業；F113020 電器批發業,新北市,設立,11509
62049767,茂源投資股份有限公司,新北市三重區仁義街271號4樓,林建宏,3800000,115/09/11,,,H201010 一般投資業,新北市,設立,11509
62049773,締寶貴金屬有限公司,新北市三峽區三樹路279號3樓,蔡杰璁,200000,115/09/14,,,F104110 布疋、衣著、鞋、帽、傘、服飾品批發業；F106020 日常用品批發業；F115010 首飾及貴金屬批發業；F204110 布疋、衣著、鞋、帽、傘、服飾品零售業；F206020 日常用品零售業；F215010 首飾及貴金屬零售業；F299990 其他零售業；F399040 無店面零售業；F401010 國際貿易業；ZZ99999 除許可業務外，得經營法令非禁止或限制之業務,新北市,設立,11509
62049788,沛逸生醫股份有限公司,新北市汐止區新台五路1段97號6樓之9,林育楷,1000000,115/09/11,,,F401010 國際貿易業；F601010 智慧財產權業；IG01010 生物技術服務業；C802100 化粧品製造業；F108040 化粧品批發業；F208040 化粧品零售業；C802990 其他化學製品製造業；F107990 其他化學製品批發業；F207990 其他化學製品零售業；I199990 其他顧問服務業,新北市,設立,11509
62049794,冰雪淇緣飲品有限公司,新北市永和區竹林路105號,李心維,500000,115/09/11,,,F102040 飲料批發業；F102170 食品什貨批發業；F203010 食品什貨、飲料零售業；F501030 飲料店業；ZZ99999 除許可業務外，得經營法令非禁止或限制之業務,新北市,設立,11509
62049801,昱泉貿易有限公司,新北市中和區板南路671號10樓,林志昆,350000,115/09/11,,,F104110 布疋、衣著、鞋、帽、傘、服飾品批發業；F105050 家具、寢具、廚房器具、裝設品批發業；F106010 五金批發業；F108040 化粧品批發業；F113020 電器批發業；F113050 電腦及事務性機器設備批發業；F113070 電信器材批發業；F118010 資訊軟體批發業；F119010 電子材料批發業；F399040 無店面零售業,新北市,設立,11509
62049817,愷和工業有限公司,新北市樹林區俊德街52號(2樓),徐紅波,500000,115/09/11,,,F113030 精密儀器批發業；F213040 精密儀器零售業；F113010 機械批發業；F206030 模具零售業；F113990 其他機械器具批發業；F206010 五金零售業；F106010 五金批發業；F213990 其他機械器具零售業；F401010 國際貿易業；CA01030 鋼鐵鑄造業,新北市,設立,11509
62049838,後手有限公司,新北市新店區安華路40號,陳勁廷,4000000,115/09/11,,,F102040 飲料批發業；J801030 競技及休閒運動場館業；J802010 運動訓練業；J803020 運動比賽業；J803010 運動表演業；JE01010 租賃業；F209060 文教、樂器、育樂用品零售業；F501030 飲料店業；F203020 菸酒零售業；F501060 餐館業,新北市,設立,11509
62049859,堅狗整合有限公司,新北市新店區三民路117巷3弄13號4樓,侯議婷,100000,115/09/11,,,F114010 汽車批發業；F114030 汽、機車零件配備批發業；F114050 車胎批發業；F114990 其他交通運輸工具及其零件批發業；F214010 汽車零售業；F214030 汽、機車零件配備零售業；F214050 車胎零售業；F214990 其他交通運輸工具及其零件零售業；F399040 無店面零售業；F401010 國際貿易業,新北市,設立,11509
62049865,驫億有限公司,新北市新莊區八德街96號,王同,30000,115/09/11,,,F118010 資訊軟體批發業；F218010 資訊軟體零售業；F401010 國際貿易業；F601010 智慧財產權業；I103060 管理顧問業；I301010 資訊軟體服務業；I301020 資料處理服務業；I301030 電子資訊供應服務業；J399010 軟體出版業；JB01010 會議及展覽服務業,新北市,設立,11509
62049871,恩匯不動產仲介經紀有限公司,新北市淡水區淡金路3段30號(1樓),劉鈺涵,1000000,115/09/11,,,H704031 不動產仲介經紀業；H703090 不動產買賣業；H703100 不動產租賃業；H701010 住宅及大樓開發租售業；H701020 工業廠房開發租售業；H703110 老人住宅業；H702010 建築經理業；H701050 投資興建公共建設業；H701060 新市鎮、新社區開發業；H701070 區段徵收及市地重劃代辦業,新北市,設立,11509
62049886,美域國際股份有限公司,新北市三重區三和路4段103號11樓,陳雪鈴,1400000,115/09/11,,,F206020 日常用品零售業；F207020 染料、顏料零售業；F207030 清潔用品零售業；F208040 化粧品零售業；F399040 無店面零售業；F399990 其他綜合零售業；I401010 一般廣告服務業；J601010 藝文服務業；I501010 產品設計業；JB01010 會議及展覽服務業,新北市,設立,11509
62049892,心全安國際管理顧問有限公司,新北市汐止區大同路2段240號5樓之2,張翔賀,800000,115/09/11,,,F104110 布疋、衣著、鞋、帽、傘、服飾品批發業；F204110 布疋、衣著、鞋、帽、傘、服飾品零售業；F117010 消防安全設備批發業；F217010 消防安全設備零售業；F399040 無店面零售業；F209060 文教、樂器、育樂用品零售業；I103060 管理顧問業；I199990 其他顧問服務業；I301010 資訊軟體服務業；I301020 資料處理服務業,新北市,設立,11509
62049909,汯璽貿易有限公司,新北市五股區成泰路4段72號11樓,陳彥辰,500000,115/09/11,,,F401010 國際貿易業；ZZ99999 除許可業務外，得經營法令非禁止或限制之業務,新北市,設立,11509
62049915,方煦制所室內裝修設計有限公司,新北市蘆洲區集賢路368巷1號,許文馨,1000000,115/09/11,,,E801060 室內裝修業；E801010 室內裝潢業；E801020 門窗安裝工程業；E801030 室內輕鋼架工程業；E801040 玻璃安裝工程業；E801070 廚具、衛浴設備安裝工程業；E901010 油漆工程業；E903010 防蝕、防銹工程業；E601020 電器安裝業；E603050 自動控制設備工程業,新北市,設立,11509
62049921,金恩勞資顧問有限公司,新北市板橋區長江路2段88號8樓,李巧媛,1000000,115/09/14,,,I103060 管理顧問業；I102010 一般投資顧問業；I199990 其他顧問服務業；IZ99990 其他工商服務業；J304010 圖書出版業；IZ12010 人力派遣業；I401010 一般廣告服務業；I501010 產品設計業；F204110 布疋、衣著、鞋、帽、傘、服飾品零售業；F299990 其他零售業,新北市,設立,11509
62049936,昕邑資本股份有限公司,新北市新莊區幸福東路148號11樓,陳飛龍,300000000,115/09/11,,,H201010 一般投資業；I102010 一般投資顧問業；ZZ99999 除許可業務外，得經營法令非禁止或限制之業務,新北市,設立,11509
62049942,手艸合室內裝修設計有限公司,新北市新店區安興路125之10號(1樓),王婉蓁,200000,115/09/11,,,E801010 室內裝潢業；E801060 室內裝修業；E801020 門窗安裝工程業；E801030 室內輕鋼架工程業；E801040 玻璃安裝工程業；E801070 廚具、衛浴設備安裝工程業；F201070 花卉零售業；F205040 家具、寢具、廚房器具、裝設品零售業；F206010 五金零售業；F206020 日常用品零售業,新北市,設立,11509
62049957,澈創顧問有限公司,新北市三重區福德北路12號5樓,陳清堂,200000,115/09/11,,,I102010 一般投資顧問業；H202010 創業投資業；HZ99990 其他金融、保險及不動產業；I103060 管理顧問業；H703100 不動產租賃業；F401010 國際貿易業；I301010 資訊軟體服務業；I199990 其他顧問服務業；J202010 產業育成業；JZ99990 未分類其他服務業,新北市,設立,11509
62049963,偉創力數能基建有限公司,新北市五股區中興路1段6號5樓,黃騰高Felix Ooi Theng Kau,500000,115/09/11,,,CA02010 金屬結構及建築組件製造業；CA02030 螺絲、螺帽、螺絲釘、及鉚釘等製品製造業；CA02040 彈簧製造業；CA02090 金屬線製品製造業；CA02990 其他金屬製品製造業；CC01070 無線通信機械器材製造業；CC01080 電子零組件製造業；CC01090 電池製造業；CC01110 電腦及其週邊設備製造業；CC01120 資料儲存媒體製造及複製業,新北市,設立,11509
62049979,青山機電有限公司,新北市中和區中正路736號14樓之3,謝淙宇,100000,115/09/11,,,EZ05010 儀器、儀表安裝工程業；F213100 污染防治設備零售業,新北市,設立,11509
62049984,峰達室內裝修工程有限公司,新北市中和區中山路2段332巷1號7樓,卓志峰,500000,115/09/11,,,E599010 配管工程業；E603110 冷作工程業；E603120 噴砂工程業；E801010 室內裝潢業；E801060 室內裝修業；E901010 油漆工程業；E903010 防蝕、防銹工程業；F207010 漆料、塗料零售業；F207020 染料、顏料零售業；F207030 清潔用品零售業,新北市,設立,11509
62049990,人因科技股份有限公司,新北市中和區中正路866之2號16樓,陳世麟,3000000,115/09/11,,,F105050 家具、寢具、廚房器具、裝設品批發業；F106020 日常用品批發業；F109070 文教、樂器、育樂用品批發業；F113020 電器批發業；F113050 電腦及事務性機器設備批發業；F113060 度量衡器批發業；F113070 電信器材批發業；F118010 資訊軟體批發業；F399040 無店面零售業；F399990 其他綜合零售業,新北市,設立,11509
62050004,拓境國際有限公司,新北市三重區溪尾街334號6樓,黃梓翔,100000,115/09/11,,,F108040 化粧品批發業；F208040 化粧品零售業；F107030 清潔用品批發業；F207030 清潔用品零售業；F107020 染料、顏料批發業；F207020 染料、顏料零售業；F107200 化學原料批發業；F207200 化學原料零售業；F208050 乙類成藥零售業；F399990 其他綜合零售業,新北市,設立,11509
62050010,祥騰塗裝有限公司,新北市新店區中興路1段287巷32弄3號2樓,廖柏凱,300000,115/09/14,,,E901010 油漆工程業；F207010 漆料、塗料零售業；F107010 漆料、塗料批發業；E801010 室內裝潢業；F111090 建材批發業；ZZ99999 除許可業務外，得經營法令非禁止或限制之業務,新北市,設立,11509
62050026,傑瑞新能源有限公司,新北市新莊區思源路587號,王瑞銘,1000000,115/09/14,,,F113110 電池批發業；F114010 汽車批發業；F114020 機車批發業；F114030 汽、機車零件配備批發業；F114040 自行車及其零件批發業；F114050 車胎批發業；F114990 其他交通運輸工具及其零件批發業；F213110 電池零售業；F214010 汽車零售業；F214020 機車零售業,新北市,設立,11509
62050031,承恒環保有限公司,新北市新店區安興路125之11號(1樓),鄒承哲,5000000,115/09/14,,,F106010 五金批發業；EZ99990 其他工程業；J101010 建築物清潔服務業；J101020 病媒防治業；J101030 廢棄物清除業；J101040 廢棄物處理業；J101060 廢（污）水處理業；J101080 資源回收業；J101090 廢棄物清理業；ZZ99999 除許可業務外，得經營法令非禁止或限制之業務,新北市,設立,11509
62050047,垣鑫室內裝修有限公司,新北市新莊區榮華路1段125號6樓,陳崇賢,3000000,115/09/14,,,E801010 室內裝潢業；E801020 門窗安裝工程業；E801030 室內輕鋼架工程業；E801040 玻璃安裝工程業；E801060 室內裝修業；E801070 廚具、衛浴設備安裝工程業；E901010 油漆工程業；EZ99990 其他工程業；ZZ99999 除許可業務外，得經營法令非禁止或限制之業務；E599010 配管工程業,新北市,設立,11509
62050052,有味生活股份有限公司,新北市新莊區富貴路566號2樓,黃佳雯,13000000,115/09/14,,,F102170 食品什貨批發業；F203010 食品什貨、飲料零售業；F102040 飲料批發業；F102050 茶葉批發業；F399990 其他綜合零售業；F501030 飲料店業；C106010 製粉業；C110010 飲料製造業；F401010 國際貿易業；ZZ99999 除許可業務外，得經營法令非禁止或限制之業務,新北市,設立,11509
62050068,睿璿工程有限公司,新北市板橋區篤行路3段玉平巷6號(1樓),張舲,100000,115/09/14,,,E801010 室內裝潢業；E901010 油漆工程業；F107010 漆料、塗料批發業；F207010 漆料、塗料零售業；F206020 日常用品零售業；F111090 建材批發業；ZZ99999 除許可業務外，得經營法令非禁止或限制之業務,新北市,設立,11509
62050074,元禎有限公司,新北市淡水區中山北路1段37號5樓,羅采禎,5100000,115/09/14,,,F104110 布疋、衣著、鞋、帽、傘、服飾品批發業；F106020 日常用品批發業；F109070 文教、樂器、育樂用品批發業；F113050 電腦及事務性機器設備批發業；F204110 布疋、衣著、鞋、帽、傘、服飾品零售業；F206020 日常用品零售業；F209060 文教、樂器、育樂用品零售業；F213030 電腦及事務性機器設備零售業；F218010 資訊軟體零售業；F399040 無店面零售業,新北市,設立,11509
62050089,永鑫豐投資有限公司,新北市板橋區館前東路13號5樓之6,黃惠敏,5000000,115/09/14,,,H201010 一般投資業；I103060 管理顧問業；H703100 不動產租賃業；JZ99050 仲介服務業；I401010 一般廣告服務業；ZZ99999 除許可業務外，得經營法令非禁止或限制之業務,新北市,設立,11509
62050095,三圳都更事業有限公司,新北市中和區中山路2段332巷1號7樓,簡華妏,600000,115/09/15,,,H701010 住宅及大樓開發租售業；H701020 工業廠房開發租售業；H701050 投資興建公共建設業；H701060 新市鎮、新社區開發業；H701070 區段徵收及市地重劃代辦業；H701090 都市更新整建維護業；H702010 建築經理業；H703090 不動產買賣業；H703100 不動產租賃業；H703110 老人住宅業,新北市,設立,11509
62050118,荖子們股份有限公司,新北市淡水區中正東路1段3巷15號2樓,莊程舜,20000000,115/09/15,,,F102020 食用油脂批發業；F102040 飲料批發業；F102170 食品什貨批發業；F106020 日常用品批發業；F106050 陶瓷玻璃器皿批發業；F113010 機械批發業；F113020 電器批發業；F113990 其他機械器具批發業；F401010 國際貿易業；F399040 無店面零售業,新北市,設立,11509
62050124,本真社股份有限公司,新北市深坑區埔新街103號2樓,王嘉琳,5000000,115/09/14,,,CC01120 資料儲存媒體製造及複製業；F104110 布疋、衣著、鞋、帽、傘、服飾品批發業；F109070 文教、樂器、育樂用品批發業；F118010 資訊軟體批發業；F218010 資訊軟體零售業；F401010 國際貿易業；F601010 智慧財產權業；I103060 管理顧問業；I105010 藝術品諮詢顧問業；I199990 其他顧問服務業,新北市,設立,11509
62050139,匯謙整合行銷有限公司,新北市板橋區華江一路111號15樓之1,張媁涵,500000,115/09/14,,,J601010 藝文服務業；J602010 演藝活動業；J603010 音樂展演空間業；J803010 運動表演業；JB01010 會議及展覽服務業；JZ99050 仲介服務業；JZ99090 喜慶綜合服務業；I103060 管理顧問業；I105010 藝術品諮詢顧問業；I301010 資訊軟體服務業,新北市,設立,11509
62050150,然圖室內裝修有限公司,新北市永和區中興街10巷5弄9號(1樓),蘇宇洋,300000,115/09/14,,,E599010 配管工程業；E601010 電器承裝業；E601020 電器安裝業；E603020 電梯安裝工程業；E603050 自動控制設備工程業；E603090 照明設備安裝工程業；E603100 電焊工程業；E603110 冷作工程業；E603120 噴砂工程業；E604010 機械安裝業,新北市,設立,11509
62050166,鼎順事業有限公司,新北市林口區麗園一街6巷5號3樓之３,李旻憲,100000,115/09/14,,,C805990 其他塑膠製品製造業；C805050 工業用塑膠製品製造業；CA02990 其他金屬製品製造業；CB01010 機械設備製造業；CB01990 其他機械製造業；CC01990 其他電機及電子機械器材製造業；CQ01010 模具製造業；CZ99990 未分類其他工業製品製造業；E599010 配管工程業；E601020 電器安裝業,新北市,設立,11509
62050172,翔德國際股份有限公司,新北市土城區南天母路156號地下三層,王時修,500000,115/09/14,,,I401010 一般廣告服務業；JZ99050 仲介服務業；H201010 一般投資業；H202010 創業投資業；HZ02010 金融機構金錢債權收買業務；HZ02020 辦理金融機構金錢債權之評價或拍賣業務；HZ99990 其他金融、保險及不動產業；I102010 一般投資顧問業；I103060 管理顧問業；I199990 其他顧問服務業,新北市,設立,11509
62050193,聚善股份有限公司,新北市土城區中央路4段185巷32弄19號4樓,陳靜宜,1000000,115/09/14,,,I103060 管理顧問業；I301010 資訊軟體服務業；J202010 產業育成業；JE01010 租賃業；IZ12010 人力派遣業；I199990 其他顧問服務業；F401010 國際貿易業；F102170 食品什貨批發業；F108040 化粧品批發業；F399040 無店面零售業,新北市,設立,11509
62050200,鈜耀號誌工程有限公司,新北市汐止區福德二路324號(1樓),鄭卉雅,200000,115/09/14,,,E603020 電梯安裝工程業；E603050 自動控制設備工程業；E603080 交通號誌安裝工程業；E603100 電焊工程業；E603090 照明設備安裝工程業；E801010 室內裝潢業；E903010 防蝕、防銹工程業；EZ07010 鑽孔工程業；EZ14010 運動場地用設備工程業；EZ11010 球場跑道樹脂材料鋪設工程業,新北市,設立,11509
62050216,立威達電子有限公司,新北市新莊區中央路562號2樓,葉登輝,1000000,115/09/15,,,E605010 電腦設備安裝業；F113010 機械批發業；F113020 電器批發業；F113050 電腦及事務性機器設備批發業；F113070 電信器材批發業；F119010 電子材料批發業；F213010 電器零售業；F213030 電腦及事務性機器設備零售業；F213060 電信器材零售業；F219010 電子材料零售業,新北市,設立,11509
62050222,新力鑫有限公司,新北市新莊區裕民街90巷30號4樓,許正憲,5000000,115/09/15,,,F106010 五金批發業；F106030 模具批發業；F113010 機械批發業；F199010 回收物料批發業；CA01070 廢車船解體及廢鋼鐵五金處理業；IZ06010 理貨包裝業；J101030 廢棄物清除業；J101040 廢棄物處理業；J101090 廢棄物清理業；J101080 資源回收業,新北市,設立,11509
62050237,丹山有限公司,新北市新店區中正路284巷4弄14號11樓,陳映彤,100000,115/09/15,,,I301010 資訊軟體服務業；I301020 資料處理服務業；J399010 軟體出版業；I301030 電子資訊供應服務業；F218010 資訊軟體零售業；F399040 無店面零售業；I301060 網路廣告平臺業；F401010 國際貿易業；ZZ99999 除許可業務外，得經營法令非禁止或限制之業務,新北市,設立,11509
62050243,達韻企業有限公司,新北市八里區中山路2段540巷6號3樓,戴嘉宏,150000,115/09/15,,,C501060 木質容器製造業；E599010 配管工程業；E601010 電器承裝業；E601020 電器安裝業；E603040 消防安全設備安裝工程業；E603090 照明設備安裝工程業；E603130 燃氣熱水器承裝業；E801010 室內裝潢業；E801020 門窗安裝工程業；E801070 廚具、衛浴設備安裝工程業,新北市,設立,11509
62050258,裕丞聚鑫有限公司,新北市樹林區保安二街64巷5弄13號3樓,蘇鈴茵,1000000,115/09/15,,,E599010 配管工程業；E601010 電器承裝業；E601020 電器安裝業；E603010 電纜安裝工程業；E603050 自動控制設備工程業；E603090 照明設備安裝工程業；E604010 機械安裝業；EZ05010 儀器、儀表安裝工程業；F106010 五金批發業；F113020 電器批發業,新北市,設立,11509
62050264,九寶倉股份有限公司,新北市新店區中央路155號7樓之2,陳青煒,14000000,115/09/15,,,H201010 一般投資業；I103060 管理顧問業；ZZ99999 除許可業務外，得經營法令非禁止或限制之業務,新北市,設立,11509
62050270,葦安國際有限公司,新北市林口區吉祥路196號10樓,林忠葦,500000,115/09/15,,,I103060 管理顧問業；I199990 其他顧問服務業；I301010 資訊軟體服務業；I401010 一般廣告服務業；I501010 產品設計業；ZZ99999 除許可業務外，得經營法令非禁止或限制之業務,新北市,設立,11509
62050285,台鋰能源股份有限公司,新北市土城區慶祥街94號(1樓),曾學明,4000000,115/09/15,,,CC01090 電池製造業；CC01010 發電、輸電、配電機械製造業；CC01060 有線通信機械器材製造業；CC01070 無線通信機械器材製造業；CC01080 電子零組件製造業；F113110 電池批發業；F113070 電信器材批發業；F113030 精密儀器批發業；F119010 電子材料批發業；F114030 汽、機車零件配備批發業,新北市,設立,11509
62050291,本茶國際有限公司,新北市瑞芳區竪崎路41之1號,林彥任,3000000,115/09/15,,,F102170 食品什貨批發業；F102040 飲料批發業；F102050 茶葉批發業；F105050 家具、寢具、廚房器具、裝設品批發業；F106050 陶瓷玻璃器皿批發業；F113990 其他機械器具批發業；F203010 食品什貨、飲料零售業；F205040 家具、寢具、廚房器具、裝設品零售業；F213990 其他機械器具零售業；F501030 飲料店業,新北市,設立,11509
62050308,鳳天國際貿易有限公司,新北市八里區忠孝路379號2樓,郭志元,800000,115/09/15,,,F401010 國際貿易業；F105050 家具、寢具、廚房器具、裝設品批發業；F106010 五金批發業；F106020 日常用品批發業；F119010 電子材料批發業；F102170 食品什貨批發業；F109070 文教、樂器、育樂用品批發業；F104110 布疋、衣著、鞋、帽、傘、服飾品批發業；F118010 資訊軟體批發業；F113030 精密儀器批發業,新北市,設立,11509
62050314,米香富居有限公司,新北市板橋區華江一路111號15樓之1,陳瑞琪,150000,115/09/15,,,H706011 租賃住宅代管業；H706021 租賃住宅包租業；ZZ99999 除許可業務外，得經營法令非禁止或限制之業務,新北市,設立,11509
62050320,鑫樺有限公司,新北市板橋區民權路302巷20號2樓,曾堯鴻,100000,115/09/15,,,E801010 室內裝潢業；E801030 室內輕鋼架工程業；E801040 玻璃安裝工程業；E801070 廚具、衛浴設備安裝工程業；E901010 油漆工程業；E903010 防蝕、防銹工程業；F105050 家具、寢具、廚房器具、裝設品批發業；F106010 五金批發業；F111090 建材批發業；F120010 耐火材料批發業,新北市,設立,11509
62050335,享輝企業有限公司,新北市三峽區中園街76號,杜盈慧,500000,115/09/15,,,F206010 五金零售業；F212050 石油製品零售業；F214030 汽、機車零件配備零售業；F214040 自行車及其零件零售業；F214050 車胎零售業；JA02020 機車修理業；JA02030 自行車修理業；ZZ99999 除許可業務外，得經營法令非禁止或限制之業務,新北市,設立,11509
62050341,暉盛有限公司,新北市三重區富華街236號1樓,陳淳德,500000,115/09/16,,,E599010 配管工程業；EZ99990 其他工程業；I503010 景觀設計業；I103060 管理顧問業；E901010 油漆工程業；E903010 防蝕、防銹工程業；EZ06010 交通標示工程業；EZ07010 鑽孔工程業；J101010 建築物清潔服務業；J101020 病媒防治業,新北市,設立,11509
62050356,杉柒衡光有限公司,新北市中和區中山路2段350號9樓,王綉戀,200000,115/09/16,,,F102040 飲料批發業；F102050 茶葉批發業；F102170 食品什貨批發業；F106020 日常用品批發業；F501030 飲料店業；F203010 食品什貨、飲料零售業；F221010 食品添加物零售業；F206020 日常用品零售業；F206010 五金零售業；ZZ99999 除許可業務外，得經營法令非禁止或限制之業務,新北市,設立,11509
62050362,御晶防火科技有限公司,新北市樹林區東豐街65之1號5樓,賴聖淵,16000000,115/09/15,,,C501010 製材業；C901020 玻璃及玻璃製品製造業；CA02010 金屬結構及建築組件製造業；E801020 門窗安裝工程業；E801040 玻璃安裝工程業；F106010 五金批發業；F111090 建材批發業；F120010 耐火材料批發業；C901060 耐火材料製造業；CZ99990 未分類其他工業製品製造業,新北市,設立,11509
62050378,海默科技有限公司,新北市板橋區四川路1段23號11樓之1,陳旻偵,100000,115/09/15,,,F108031 醫療器材批發業；F208031 醫療器材零售業；F102030 菸酒批發業；F102040 飲料批發業；F102170 食品什貨批發業；F102180 酒精批發業；F106020 日常用品批發業；F106060 寵物食品及其用品批發業；F107040 農藥批發業；F107070 動物用藥品批發業,新北市,設立,11509
62050383,苡曜禮品有限公司,新北市三峽區大義路207號9樓之1,黃逸嫻,1000000,115/09/15,,,F102170 食品什貨批發業；F104110 布疋、衣著、鞋、帽、傘、服飾品批發業；F105050 家具、寢具、廚房器具、裝設品批發業；F106010 五金批發業；F106020 日常用品批發業；F106040 水器材料批發業；F106050 陶瓷玻璃器皿批發業；F107030 清潔用品批發業；F108040 化粧品批發業；F109070 文教、樂器、育樂用品批發業,新北市,設立,11509
62050399,宇竑有限公司,新北市中和區中正路736號14樓之3,邱雅慧,1000000,115/09/16,,,I103060 管理顧問業；I102010 一般投資顧問業；I199990 其他顧問服務業；H201010 一般投資業；ZZ99999 除許可業務外，得經營法令非禁止或限制之業務,新北市,設立,11509
62050406,鷹科智能國際股份有限公司,新北市中和區中正路866之9號8樓,吳思寧,1000000,115/09/16,,,I301010 資訊軟體服務業；I301020 資料處理服務業；I301030 電子資訊供應服務業；F104110 布疋、衣著、鞋、帽、傘、服飾品批發業；F105050 家具、寢具、廚房器具、裝設品批發業；F106020 日常用品批發業；F108040 化粧品批發業；F113020 電器批發業；F113050 電腦及事務性機器設備批發業；F113070 電信器材批發業,新北市,設立,11509
62050412,宏媜投資股份有限公司,新北市板橋區民治街30號(1樓),商志宏,1000000,115/09/17,,,H201010 一般投資業；I102010 一般投資顧問業；H703100 不動產租賃業；H703090 不動產買賣業；H701010 住宅及大樓開發租售業；I103060 管理顧問業；ZZ99999 除許可業務外，得經營法令非禁止或限制之業務；F401010 國際貿易業；JE01010 租賃業；I301010 資訊軟體服務業,新北市,設立,11509
62050428,宜和居家有限公司,新北市林口區南勢一街17巷36號5樓,林志豪,1000000,115/09/16,,,F111090 建材批發業；F106010 五金批發業；F211010 建材零售業；F206010 五金零售業；F105050 家具、寢具、廚房器具、裝設品批發業；F205040 家具、寢具、廚房器具、裝設品零售業；F118010 資訊軟體批發業；I503010 景觀設計業；I501010 產品設計業；I102010 一般投資顧問業,新北市,設立,11509
62050433,滋賀實業有限公司,新北市板橋區民治街57巷24弄5號4樓,陳順瑩,180000,115/09/16,,,A102080 園藝服務業；I503010 景觀設計業；E801010 室內裝潢業；F401010 國際貿易業；JE01010 租賃業；H703100 不動產租賃業；H703090 不動產買賣業；H201010 一般投資業；I102010 一般投資顧問業；A101050 花卉栽培業,新北市,設立,11509
62050454,艾微普智股份有限公司,新北市淡水區新市三路2段213號2樓,曹乃龍,1000000,115/09/16,,,I301010 資訊軟體服務業；I301030 電子資訊供應服務業；J399010 軟體出版業；I301020 資料處理服務業；I401010 一般廣告服務業；H201010 一般投資業；J399990 其他出版業；J305010 有聲出版業；J304010 圖書出版業；ZZ99999 除許可業務外，得經營法令非禁止或限制之業務,新北市,設立,11509
62050460,晶翎實業有限公司,新北市樹林區俊英街111巷1之7號,朱芳妍,1000000,115/09/16,,,CB01990 其他機械製造業；CA02990 其他金屬製品製造業；CC01080 電子零組件製造業；CC01110 電腦及其週邊設備製造業；CQ01010 模具製造業；F106010 五金批發業；F206010 五金零售業；F119010 電子材料批發業；F219010 電子材料零售業；F401010 國際貿易業,新北市,設立,11509
62050476,銓宏電機有限公司,新北市板橋區重慶路245巷26號7樓,趙婉瑜,200000,115/09/16,,,CC01010 發電、輸電、配電機械製造業；E599010 配管工程業；E601010 電器承裝業；E603050 自動控制設備工程業；EZ05010 儀器、儀表安裝工程業；ZZ99999 除許可業務外，得經營法令非禁止或限制之業務,新北市,設立,11509
62050481,蒙特富有限公司,新北市中和區橋和路117號(1樓),邱盈涵,300000,115/09/16,,,H201010 一般投資業,新北市,設立,11509
62050497,奧斯辰有限公司,新北市中和區橋和路117號(1樓),邱怡婷,300000,115/09/16,,,H201010 一般投資業,新北市,設立,11509
62067997,中光電投資控股股份有限公司,新北市新店區民權路153號4樓,張威儀,3909811100,115/09/03,,,H201010 一般投資業；ZZ99999 除許可業務外，得經營法令非禁止或限制之業務,新北市,設立,11509
62078811,鋒樂控股股份有限公司,新北市新店區北新路3段207之5號15樓,蘇采瀅,1000000000,115/09/14,,,H201010 一般投資業；I102010 一般投資顧問業；ZZ99999 除許可業務外，得經營法令非禁止或限制之業務,新北市,設立,11509
62083645,金豪食品有限公司,新北市土城區慶和街19號,留世豪,200000,115/09/04,,,C199010 麵條、粉條類食品製造業；C199040 豆類加工食品製造業；C104020 烘焙炊蒸食品製造業；C103050 罐頭、冷凍、脫水及醃漬食品製造業；F102170 食品什貨批發業；ZZ99999 除許可業務外，得經營法令非禁止或限制之業務,新北市,設立,11509
62083650,法宸地產有限公司,新北市中和區中正路736號14樓之3,陳法瑋,1000000,115/09/04,,,H701010 住宅及大樓開發租售業；H703090 不動產買賣業；H703100 不動產租賃業；I103060 管理顧問業；I199990 其他顧問服務業；JZ99050 仲介服務業；ZZ99999 除許可業務外，得經營法令非禁止或限制之業務,新北市,設立,11509
62083666,日青禾股份有限公司,新北市中和區興南路1段20號16樓之1,黃燕蓮,3000000,115/09/07,,,F401010 國際貿易業；H201010 一般投資業；H202010 創業投資業；H702010 建築經理業；H703090 不動產買賣業；H703100 不動產租賃業；I102010 一般投資顧問業；I103060 管理顧問業；I199990 其他顧問服務業；I401010 一般廣告服務業,新北市,設立,11509
62083672,傳豐永續工程有限公司,新北市林口區汕頭18號之3,黃鷥雅,500000,115/09/04,,,J101010 建築物清潔服務業；J101990 其他環境衛生及污染防治服務業；J101080 資源回收業；EZ99990 其他工程業；A102080 園藝服務業；IZ12010 人力派遣業；F107030 清潔用品批發業；F207030 清潔用品零售業；F113010 機械批發業；F213080 機械器具零售業,新北市,設立,11509
62083687,均寶投資有限公司,新北市板橋區館前西路150之3號9樓,張嘉惠,1000000,115/09/04,,,H201010 一般投資業,新北市,設立,11509
62083693,芯蘊重生有限公司,新北市板橋區華江一路111號15樓之1,陳薇羽,300000,115/09/04,,,F203010 食品什貨、飲料零售業；F206020 日常用品零售業；F208040 化粧品零售業；F208050 乙類成藥零售業；F399040 無店面零售業；F401010 國際貿易業；I103060 管理顧問業；I301010 資訊軟體服務業；I301020 資料處理服務業；I301030 電子資訊供應服務業,新北市,設立,11509
62083700,信宥管理顧問有限公司,新北市五股區登林路貿商巷3弄8號,池清濂,100000,115/09/04,,,F399040 無店面零售業；I102010 一般投資顧問業；I103060 管理顧問業；I199990 其他顧問服務業,新北市,設立,11509
62083716,東澤文創有限公司,新北市新莊區中央路562號2樓,蔣旻哲,500000,115/09/04,,,I103060 管理顧問業；I301010 資訊軟體服務業；I301020 資料處理服務業；I301030 電子資訊供應服務業；I301060 網路廣告平臺業；I401010 一般廣告服務業；I501010 產品設計業；J399010 軟體出版業；J401010 電影片製作業；J404010 動畫影片製作業,新北市,設立,11509
62083722,鼎隆重工有限公司,新北市中和區復興路51號2樓,蔡明隆,500000,115/09/04,,,CD01030 汽車及其零件製造業；CD01990 其他運輸工具及其零件製造業；E903010 防蝕、防銹工程業；F113010 機械批發業；F113100 污染防治設備批發業；F113990 其他機械器具批發業；F114010 汽車批發業；F114030 汽、機車零件配備批發業；F114990 其他交通運輸工具及其零件批發業；F206010 五金零售業,新北市,設立,11509
62083743,拓維數位有限公司,新北市板橋區板新路81巷2號3樓,余育霖,500000,115/09/04,,,I301010 資訊軟體服務業；I301020 資料處理服務業；I301030 電子資訊供應服務業；I401010 一般廣告服務業；I199990 其他顧問服務業；IZ09010 管理系統驗證業；IZ13010 網路認證服務業；IZ99990 其他工商服務業；J399010 軟體出版業；F104110 布疋、衣著、鞋、帽、傘、服飾品批發業,新北市,設立,11509
62083758,日安資訊有限公司,新北市土城區明峯街26號3樓,隋季衡,1000000,115/09/04,,,F106020 日常用品批發業；F113020 電器批發業；F119010 電子材料批發業；F113050 電腦及事務性機器設備批發業；F399040 無店面零售業；F118010 資訊軟體批發業；F218010 資訊軟體零售業；F219010 電子材料零售業；F399990 其他綜合零售業；F401010 國際貿易業,新北市,設立,11509
62083764,山風嵐管理顧問有限公司,新北市永和區竹林路99號,陳韻嵐,500000,115/09/04,,,I102010 一般投資顧問業；I103060 管理顧問業；I199990 其他顧問服務業；ZZ99999 除許可業務外，得經營法令非禁止或限制之業務,新北市,設立,11509
62083770,冠富室內裝修工程有限公司,新北市土城區延和路39巷30號13樓,王冠閎,200000,115/09/07,,,E601020 電器安裝業；E603090 照明設備安裝工程業；E801010 室內裝潢業；E801020 門窗安裝工程業；E801030 室內輕鋼架工程業；E801060 室內裝修業；E801070 廚具、衛浴設備安裝工程業；E901010 油漆工程業；ZZ99999 除許可業務外，得經營法令非禁止或限制之業務,新北市,設立,11509
62083785,衡泰科技有限公司,新北市板橋區華江一路111號15樓之1,高敬智,200000,115/09/07,,,C801010 基本化學工業；C801060 合成橡膠製造業；C804020 工業用橡膠製品製造業；C805010 塑膠皮、布、板、管材製造業；C805050 工業用塑膠製品製造業；CA04010 表面處理業；CC01080 電子零組件製造業；CC01990 其他電機及電子機械器材製造業；CZ99990 未分類其他工業製品製造業；F108031 醫療器材批發業,新北市,設立,11509
62083791,志鴻工程有限公司,新北市永和區中和路305巷8號5樓,郭志鴻,500000,115/09/07,,,F111090 建材批發業；F211010 建材零售業；F106010 五金批發業；F206010 五金零售業；F199990 其他批發業；F299990 其他零售業；E801010 室內裝潢業；E901010 油漆工程業；E903010 防蝕、防銹工程業；E599010 配管工程業,新北市,設立,11509
62083808,玖陽廣告工程有限公司,新北市中和區中山路2段488之4號(1樓),郭吉祥,1000000,115/09/07,,,I301010 資訊軟體服務業；I301020 資料處理服務業；I401010 一般廣告服務業；C701010 印刷業；JB01010 會議及展覽服務業；ZZ99999 除許可業務外，得經營法令非禁止或限制之業務,新北市,設立,11509
62083814,永聖精密股份有限公司,新北市新店區北新路1段10號16樓,廖義容,3135000,115/09/07,,,F401010 國際貿易業；F106030 模具批發業；F206030 模具零售業；F113010 機械批發業；F213080 機械器具零售業；F113020 電器批發業；F213010 電器零售業；F113030 精密儀器批發業；F213040 精密儀器零售業；F113990 其他機械器具批發業,新北市,設立,11509
62083820,沐釜什鍋有限公司,新北市中和區中安街128號,黃子建,200000,115/09/07,,,F501060 餐館業；F501990 其他餐飲業；F501030 飲料店業；F201010 農產品零售業；F201020 畜產品零售業；F201030 水產品零售業；F201990 其他農畜水產品零售業；F102170 食品什貨批發業；F203010 食品什貨、飲料零售業；F401010 國際貿易業,新北市,設立,11509
62083835,淥緒百物有限公司,新北市新店區竹林路2巷29弄9號5樓,謝瑞珊,1000000,115/09/07,,,F104110 布疋、衣著、鞋、帽、傘、服飾品批發業；F105050 家具、寢具、廚房器具、裝設品批發業；F106050 陶瓷玻璃器皿批發業；F204110 布疋、衣著、鞋、帽、傘、服飾品零售業；F205040 家具、寢具、廚房器具、裝設品零售業；F206020 日常用品零售業；F399040 無店面零售業；F399990 其他綜合零售業；F401010 國際貿易業；JZ99990 未分類其他服務業,新北市,設立,11509
62083841,薇締亞國際時尚美研有限公司,新北市板橋區華江一路111號15樓之1,朱毓鞣,500000,115/09/07,,,F108040 化粧品批發業；F208040 化粧品零售業；F399040 無店面零售業；F401010 國際貿易業；F205040 家具、寢具、廚房器具、裝設品零售業；F206020 日常用品零售業；F207030 清潔用品零售業；F106020 日常用品批發業；F107030 清潔用品批發業；F204110 布疋、衣著、鞋、帽、傘、服飾品零售業,新北市,設立,11509
62083856,信昕文教有限公司,新北市蘆洲區長興路327號2樓,謝幸娟,300000,115/09/07,,,F203010 食品什貨、飲料零售業；F206020 日常用品零售業；F207030 清潔用品零售業；F208040 化粧品零售業；F209060 文教、樂器、育樂用品零售業；F401010 國際貿易業；F399040 無店面零售業；I103060 管理顧問業；I199990 其他顧問服務業；I301030 電子資訊供應服務業,新北市,設立,11509
62083862,嚴閣全球有限公司,新北市中和區連城路89巷30號地下一層,魏瑞宏,1000000,115/09/07,,,F102040 飲料批發業；F102170 食品什貨批發業；F106020 日常用品批發業；F108040 化粧品批發業；F208040 化粧品零售業；F113020 電器批發業；F113050 電腦及事務性機器設備批發業；F118010 資訊軟體批發業；F119010 電子材料批發業；F203010 食品什貨、飲料零售業,新北市,設立,11509
62083878,聿樂投資有限公司,新北市中和區民享街54巷19弄2號5樓,胡鳴凱,100000,115/09/07,,,H201010 一般投資業,新北市,設立,11509
62083883,鴻靖環保有限公司,新北市板橋區翠華街8巷15號3樓,黃鴻松,5000000,115/09/07,,,J101020 病媒防治業；J101030 廢棄物清除業；J101040 廢棄物處理業；J101050 環境檢測服務業；J101060 廢（污）水處理業；J101070 放射性廢料處理服務業；J101080 資源回收業；J101090 廢棄物清理業；J101110 營建剩餘土石方資源處理業；J101990 其他環境衛生及污染防治服務業,新北市,設立,11509
62083899,玫好蒔光管理顧問有限公司,新北市中和區中山路2段380巷25號,侯靜玫,1000000,115/09/07,,,H706011 租賃住宅代管業；H706021 租賃住宅包租業；H701010 住宅及大樓開發租售業；H701020 工業廠房開發租售業；H701050 投資興建公共建設業；H701060 新市鎮、新社區開發業；H701070 區段徵收及市地重劃代辦業；H702010 建築經理業；H703090 不動產買賣業；H703100 不動產租賃業,新北市,設立,11509
62083906,台灣良銀科技有限公司,新北市淡水區濱海路1段306巷9弄25號7樓,林永清,500000,115/09/07,,,F106010 五金批發業；F113010 機械批發業；F113030 精密儀器批發業；F206010 五金零售業；F213040 精密儀器零售業；F213080 機械器具零售業；F218010 資訊軟體零售業；F401010 國際貿易業；ZZ99999 除許可業務外，得經營法令非禁止或限制之業務,新北市,設立,11509
62083912,坤翰算力有限公司,新北市樹林區中正路673號(1樓),呂翊玄,200000,115/09/07,,,E601010 電器承裝業；E601020 電器安裝業；E603010 電纜安裝工程業；E603020 電梯安裝工程業；E603040 消防安全設備安裝工程業；E603050 自動控制設備工程業；E603080 交通號誌安裝工程業；E603090 照明設備安裝工程業；E604010 機械安裝業；E605010 電腦設備安裝業,新北市,設立,11509
62083933,澄碩科技有限公司,新北市板橋區中山路1段1號23樓,湯士緯,3000000,115/09/07,,,F213010 電器零售業；F113020 電器批發業；F401010 國際貿易業；I199990 其他顧問服務業；CC01080 電子零組件製造業；CC01110 電腦及其週邊設備製造業；CQ01010 模具製造業；F119010 電子材料批發業；F219010 電子材料零售業；ZZ99999 除許可業務外，得經營法令非禁止或限制之業務,新北市,設立,11509
62083949,液態影像有限公司,新北市新店區中興路1段200號3樓,葉澈,200000,115/09/07,,,J401010 電影片製作業；J404050 電影特效製作業；J404010 動畫影片製作業；J402010 電影片發行業；J403010 電影片映演業；JZ99030 攝影業；J404030 電影沖印業；J404040 電影錄音業；J601010 藝文服務業；J602010 演藝活動業,新北市,設立,11509
62083954,男神教育有限公司,新北市板橋區莊敬路56號19樓,簡瑋均,100000,115/09/07,,,F109070 文教、樂器、育樂用品批發業；F118010 資訊軟體批發業；F209060 文教、樂器、育樂用品零售業；F218010 資訊軟體零售業；F401010 國際貿易業；I103060 管理顧問業；I199990 其他顧問服務業；I301010 資訊軟體服務業；I301020 資料處理服務業；I301030 電子資訊供應服務業,新北市,設立,11509
62083960,沅禾境國際有限公司,新北市泰山區泰林路2段164巷12號3樓,鄧筱璇,1000000,115/09/07,,,E801010 室內裝潢業；E801020 門窗安裝工程業；E801030 室內輕鋼架工程業；E801040 玻璃安裝工程業；E801070 廚具、衛浴設備安裝工程業；E901010 油漆工程業；J101010 建築物清潔服務業；F211010 建材零售業；F401010 國際貿易業；F205040 家具、寢具、廚房器具、裝設品零售業,新北市,設立,11509
62083976,金芮塔有限公司,新北市鶯歌區中正一路234號(1樓),陳雅玲,200000,115/09/07,,,F104110 布疋、衣著、鞋、帽、傘、服飾品批發業；F108040 化粧品批發業；F115010 首飾及貴金屬批發業；F204110 布疋、衣著、鞋、帽、傘、服飾品零售業；F399040 無店面零售業；F399990 其他綜合零售業；F401010 國際貿易業；I501010 產品設計業；I502010 服飾設計業；ZZ99999 除許可業務外，得經營法令非禁止或限制之業務,新北市,設立,11509
62083981,科英精密有限公司,新北市新莊區民安西路460巷12之1號(1樓),郭瑞祥,185888,115/09/07,,,C805030 塑膠日用品製造業；C805050 工業用塑膠製品製造業；CC01080 電子零組件製造業；CC01110 電腦及其週邊設備製造業；CH01030 文具製造業；CH01040 玩具製造業；CP01010 手工具製造業；CQ01010 模具製造業；F106010 五金批發業；F106020 日常用品批發業,新北市,設立,11509
62083997,安耆租賃有限公司,新北市樹林區中正路637號15樓之3,葉志欽,5000000,115/09/07,,,G101041 小客車租賃業；F214010 汽車零售業；F214030 汽、機車零件配備零售業；F399040 無店面零售業；F401010 國際貿易業；H703110 老人住宅業；I103060 管理顧問業；I301030 電子資訊供應服務業；I199990 其他顧問服務業；I301010 資訊軟體服務業,新北市,設立,11509
62084004,優豆數位廣告有限公司,新北市新莊區富貴路502號7樓,陳佳錚,500000,115/09/07,,,F105050 家具、寢具、廚房器具、裝設品批發業；F106020 日常用品批發業；F111090 建材批發業；F205040 家具、寢具、廚房器具、裝設品零售業；F206020 日常用品零售業；F211010 建材零售業；F299990 其他零售業；F401010 國際貿易業；H703090 不動產買賣業；H703100 不動產租賃業,新北市,設立,11509
62084010,銘喆科技股份有限公司,新北市金山區中山路279巷5號,陳進福,1000000,115/09/07,,,E603050 自動控制設備工程業；EZ05010 儀器、儀表安裝工程業；E603010 電纜安裝工程業；EZ99990 其他工程業；F106010 五金批發業；F113010 機械批發業；F213080 機械器具零售業；F119010 電子材料批發業；F401010 國際貿易業；CC01990 其他電機及電子機械器材製造業,新北市,設立,11509
62084026,春祥投資有限公司,新北市汐止區東勢街211號,梁錦宏,16015842,115/09/08,,,H201010 一般投資業,新北市,設立,11509
62084031,月涅雅國際有限公司,新北市八里區龍米路1段306號9樓之7,林劉瑋,100000,115/09/08,,,F102030 菸酒批發業；F102040 飲料批發業；F102170 食品什貨批發業；F104110 布疋、衣著、鞋、帽、傘、服飾品批發業；F105050 家具、寢具、廚房器具、裝設品批發業；F106010 五金批發業；F106020 日常用品批發業；F107030 清潔用品批發業；F108040 化粧品批發業；F109070 文教、樂器、育樂用品批發業,新北市,設立,11509
62084047,新店一九六有限公司,新北市新店區中興路2段196號(1樓),吳泰毅,500000,115/09/08,,,F203010 食品什貨、飲料零售業；F206020 日常用品零售業；F209060 文教、樂器、育樂用品零售業；ZZ99999 除許可業務外，得經營法令非禁止或限制之業務,新北市,設立,11509
62084052,宣銘國際人力資源有限公司,新北市蘆洲區長安街68巷37號3樓,王耀堂,5000000,115/09/08,,,I701011 就業服務業；IZ12010 人力派遣業；H703100 不動產租賃業；H701010 住宅及大樓開發租售業；H701020 工業廠房開發租售業；I401010 一般廣告服務業；IZ99990 其他工商服務業；A101020 農作物栽培業；A102020 農產品整理業；F101130 蔬果批發業,新北市,設立,11509
62084068,米森毛小孩食品有限公司,新北市新莊區豐年街124巷37號（1樓）,魏吉良,500000,115/09/08,,,C201020 寵物食品製造業；F106060 寵物食品及其用品批發業；F206050 寵物食品及其用品零售業；F299990 其他零售業；F399040 無店面零售業；F401010 國際貿易業；ZZ99999 除許可業務外，得經營法令非禁止或限制之業務,新北市,設立,11509
62084089,天羅創意股份有限公司,新北市林口區文化三路2段41巷35號8樓之1,羅時成,100000,115/09/08,,,J404010 動畫影片製作業；J401010 電影片製作業；I401010 一般廣告服務業；F109070 文教、樂器、育樂用品批發業；F209060 文教、樂器、育樂用品零售業；F104110 布疋、衣著、鞋、帽、傘、服飾品批發業；F204110 布疋、衣著、鞋、帽、傘、服飾品零售業；F106020 日常用品批發業；F206020 日常用品零售業；F399040 無店面零售業,新北市,設立,11509
62084095,星廚餐飲股份有限公司,新北市三重區三和路4段109之1號（1樓）,舒苡瑄,500000,115/09/08,,,A102060 糧商業；C103050 罐頭、冷凍、脫水及醃漬食品製造業；C104020 烘焙炊蒸食品製造業；C199990 未分類其他食品製造業；CB01010 機械設備製造業；CB01990 其他機械製造業；CZ99990 未分類其他工業製品製造業；E603050 自動控制設備工程業；E801010 室內裝潢業；E801070 廚具、衛浴設備安裝工程業,新北市,設立,11509
62084118,愛棣傑有限公司,新北市淡水區中正東路2段27之8號8樓,葉嘉棣,1000000,115/09/08,,,F102170 食品什貨批發業；F104110 布疋、衣著、鞋、帽、傘、服飾品批發業；F106020 日常用品批發業；F199990 其他批發業；F401010 國際貿易業；F399040 無店面零售業；F601010 智慧財產權業；H702010 建築經理業；I101080 工、礦顧問業；I102010 一般投資顧問業,新北市,設立,11509
62084124,時緒製所有限公司,新北市土城區福仁街55號2樓,沈宛霆,100000,115/09/08,,,J601010 藝文服務業；J404010 動畫影片製作業；J602010 演藝活動業；JB01010 會議及展覽服務業；JZ99030 攝影業；F104110 布疋、衣著、鞋、帽、傘、服飾品批發業；F105050 家具、寢具、廚房器具、裝設品批發業；F106010 五金批發業；F106020 日常用品批發業；F109070 文教、樂器、育樂用品批發業,新北市,設立,11509
62084139,頂聯國際有限公司,新北市中和區員山路546號,李天行,100000,115/09/08,,,I103060 管理顧問業；I199990 其他顧問服務業；IZ99990 其他工商服務業；I301030 電子資訊供應服務業；F401010 國際貿易業；ZZ99999 除許可業務外，得經營法令非禁止或限制之業務,新北市,設立,11509
62084145,初夏餐飲有限公司,新北市新店區北新路1段88巷1之2號,吳孟騏,500000,115/09/08,,,F501060 餐館業；F203010 食品什貨、飲料零售業；F102040 飲料批發業；F102170 食品什貨批發業；F101040 家畜家禽批發業；F201020 畜產品零售業；F101130 蔬果批發業；F201010 農產品零售業；F101050 水產品批發業；F201030 水產品零售業,新北市,設立,11509
62084150,酩熊國際股份有限公司,新北市汐止區大同路1段185號3樓,王常威,400000,115/09/08,,,F102030 菸酒批發業；F102040 飲料批發業；F203020 菸酒零售業；F203010 食品什貨、飲料零售業；F401010 國際貿易業；F401171 酒類輸入業；ZZ99999 除許可業務外，得經營法令非禁止或限制之業務,新北市,設立,11509
62084166,智涵科技有限公司,新北市汐止區福德一路272巷16號(1樓),陳紓涵,500000,115/09/08,,,ZZ99999 除許可業務外，得經營法令非禁止或限制之業務；F113010 機械批發業；F113050 電腦及事務性機器設備批發業；F118010 資訊軟體批發業；F213010 電器零售業；F401010 國際貿易業；E604010 機械安裝業；J404010 動畫影片製作業；J503020 電視節目製作業；J503040 廣播電視廣告業,新北市,設立,11509
62084172,禹睿企業有限公司,新北市汐止區伯爵街53巷27號6樓,何朋諭,200000,115/09/08,,,F214030 汽、機車零件配備零售業；F114030 汽、機車零件配備批發業；F401010 國際貿易業；F113020 電器批發業；F113030 精密儀器批發業；F113050 電腦及事務性機器設備批發業；F113070 電信器材批發業；F118010 資訊軟體批發業；F119010 電子材料批發業；F199990 其他批發業,新北市,設立,11509
62084187,澄澐生技有限公司,新北市林口區文化二路1段390號5樓,黃柏堯,1000000,115/09/08,,,F399040 無店面零售業；F102170 食品什貨批發業；F203010 食品什貨、飲料零售業；F401010 國際貿易業；IG01010 生物技術服務業；IG02010 研究發展服務業；C199990 未分類其他食品製造業；C110010 飲料製造業；ZZ99999 除許可業務外，得經營法令非禁止或限制之業務,新北市,設立,11509
62084193,天路尋航有限公司,新北市新莊區富貴路500號4樓,陳怡安,1000000,115/09/08,,,F109070 文教、樂器、育樂用品批發業；F118010 資訊軟體批發業；F209060 文教、樂器、育樂用品零售業；F218010 資訊軟體零售業；F399040 無店面零售業；F401010 國際貿易業；F601010 智慧財產權業；I103060 管理顧問業；I199990 其他顧問服務業；I301010 資訊軟體服務業,新北市,設立,11509
62084200,煬澄生醫有限公司,新北市新莊區中華路2段147號2樓,何以綾,500000,115/09/08,,,F106010 五金批發業；F106020 日常用品批發業；F106060 寵物食品及其用品批發業；F107030 清潔用品批發業；F108040 化粧品批發業；F109070 文教、樂器、育樂用品批發業；F113070 電信器材批發業；F203010 食品什貨、飲料零售業；F204110 布疋、衣著、鞋、帽、傘、服飾品零售業；F205040 家具、寢具、廚房器具、裝設品零售業,新北市,設立,11509
62084216,鉅揚風電水下基礎有限公司,新北市三重區仁美街84號4樓,林建鈞,3000000,115/09/08,,,CA01030 鋼鐵鑄造業；CA01050 鋼材二次加工業；CA02010 金屬結構及建築組件製造業；CA02060 金屬容器製造業；CB01010 機械設備製造業；CC01010 發電、輸電、配電機械製造業；I199990 其他顧問服務業；IG03010 能源技術服務業；IZ12010 人力派遣業；IZ99990 其他工商服務業,新北市,設立,11509
62084222,布拉札有限公司,新北市永和區永平路157巷6弄2號(1樓),李宛儒,100000,115/09/09,,,A401031 特定寵物服務業；F201081 特定寵物零售業；F206050 寵物食品及其用品零售業；JZ99180 寵物美容服務業；JZ99030 攝影業；F399040 無店面零售業；F204110 布疋、衣著、鞋、帽、傘、服飾品零售業；F209060 文教、樂器、育樂用品零售業；I401010 一般廣告服務業；I501010 產品設計業,新北市,設立,11509
62084237,晃儀投資有限公司,新北市泰山區泰林路2段522巷26號7樓,郭晃彰,1000000,115/09/08,,,H201010 一般投資業；H202010 創業投資業；H204010 私募股權投資業；H701020 工業廠房開發租售業；H701050 投資興建公共建設業；H703090 不動產買賣業；H703100 不動產租賃業；I102010 一般投資顧問業；I103060 管理顧問業；IH01010 產業控股公司業,新北市,設立,11509
62084243,光然投資有限公司,新北市汐止區大同路3段196之8號2樓,謝軒瑞,500000,115/09/08,,,H201010 一般投資業；ZZ99999 除許可業務外，得經營法令非禁止或限制之業務,新北市,設立,11509
62084258,斷水流餐飲有限公司,新北市新店區中央路11號（1樓）,黃強生,40000,115/09/08,,,F201020 畜產品零售業；F201030 水產品零售業；F201990 其他農畜水產品零售業；F203010 食品什貨、飲料零售業；F203020 菸酒零售業；F399040 無店面零售業；F501030 飲料店業；F501060 餐館業；F501990 其他餐飲業；ZZ99999 除許可業務外，得經營法令非禁止或限制之業務,新北市,設立,11509
62084264,聿知匯創有限公司,新北市板橋區實踐路93巷31號(3樓),陳建智,1000000,115/09/09,,,C701010 印刷業；C702010 製版業；J305010 有聲出版業；J304010 圖書出版業；J303010 雜誌（期刊）出版業；J399990 其他出版業；I401010 一般廣告服務業；I401020 廣告傳單分送業；I103060 管理顧問業；J602010 演藝活動業,新北市,設立,11509
62084270,新寧尚有限公司,新北市汐止區樟樹二路69號14樓,李芷寧,200000,115/09/08,,,F102170 食品什貨批發業；F104110 布疋、衣著、鞋、帽、傘、服飾品批發業；F108040 化粧品批發業；F203010 食品什貨、飲料零售業；F204110 布疋、衣著、鞋、帽、傘、服飾品零售業；F208040 化粧品零售業；F208050 乙類成藥零售業；F399990 其他綜合零售業；F206020 日常用品零售業；ZZ99999 除許可業務外，得經營法令非禁止或限制之業務,新北市,設立,11509
62084285,艾洛凱仕國際有限公司,新北市三峽區學成路335號3樓之10,陳家驊,3000000,115/09/08,,,F102170 食品什貨批發業；F203010 食品什貨、飲料零售業；F102040 飲料批發業；F102030 菸酒批發業；F203020 菸酒零售業；F204110 布疋、衣著、鞋、帽、傘、服飾品零售業；F104110 布疋、衣著、鞋、帽、傘、服飾品批發業；F105050 家具、寢具、廚房器具、裝設品批發業；F205040 家具、寢具、廚房器具、裝設品零售業；F106020 日常用品批發業,新北市,設立,11509
62084291,練了媒有限公司,新北市汐止區新台五路1段93號21樓之6,劉冠佑,150000,115/09/09,,,F118010 資訊軟體批發業；F218010 資訊軟體零售業；J399010 軟體出版業；I301030 電子資訊供應服務業；F109070 文教、樂器、育樂用品批發業；F209060 文教、樂器、育樂用品零售業；F104110 布疋、衣著、鞋、帽、傘、服飾品批發業；F204110 布疋、衣著、鞋、帽、傘、服飾品零售業；F102170 食品什貨批發業；F203010 食品什貨、飲料零售業,新北市,設立,11509
62084308,建辰工程有限公司,新北市汐止區建成路57巷84號6樓,陳琳絮,1000000,115/09/08,,,E801010 室內裝潢業；E901010 油漆工程業；ZZ99999 除許可業務外，得經營法令非禁止或限制之業務,新北市,設立,11509
62084314,銀策永續服務有限公司,新北市蘆洲區三民路382號,陳亭安,5000000,115/09/09,,,I101070 農、林、漁、畜牧顧問業；I101080 工、礦顧問業；I101090 食品顧問業；I101110 紡織顧問業；I102010 一般投資顧問業；I103060 管理顧問業；I199990 其他顧問服務業；IC01010 藥品檢驗業；E606010 用電設備檢驗維護業；IF04010 非破壞檢測業,新北市,設立,11509
62084320,智上科技顧問有限公司,新北市板橋區三民路2段33號14樓,尤國智,200000,115/09/09,,,F401010 國際貿易業；IZ99990 其他工商服務業；I599990 其他設計業；I199990 其他顧問服務業；I103060 管理顧問業；I501010 產品設計業；I301030 電子資訊供應服務業；I102010 一般投資顧問業；I401020 廣告傳單分送業；I401010 一般廣告服務業,新北市,設立,11509
62084335,福昕柏有限公司,新北市三重區重新路2段78號15樓,陳明欣,300000,115/09/09,,,F105050 家具、寢具、廚房器具、裝設品批發業；F106020 日常用品批發業；F107030 清潔用品批發業；F107080 環境用藥批發業；F205040 家具、寢具、廚房器具、裝設品零售業；F206020 日常用品零售業；F207030 清潔用品零售業；F207080 環境用藥零售業；F399040 無店面零售業；F399990 其他綜合零售業,新北市,設立,11509
62084356,精鎰有限公司,新北市土城區清水路234巷20弄17號(1樓),黃寶玉,300000,115/09/09,,,F108031 醫療器材批發業；F113030 精密儀器批發業；F119010 電子材料批發業；F206010 五金零售業；F208031 醫療器材零售業；F213040 精密儀器零售業；F213110 電池零售業；F214030 汽、機車零件配備零售業；F219010 電子材料零售業；F399040 無店面零售業,新北市,設立,11509
62084362,必水水股份有限公司,新北市新莊區富貴路500號6樓,黃恣琦,100000,115/09/09,,,ZZ99999 除許可業務外，得經營法令非禁止或限制之業務；JZ99990 未分類其他服務業；F118010 資訊軟體批發業；F218010 資訊軟體零售業；F399040 無店面零售業；F399990 其他綜合零售業；I103060 管理顧問業；I301010 資訊軟體服務業；I301020 資料處理服務業；I301030 電子資訊供應服務業,新北市,設立,11509
62084378,晟仙國際有限公司,新北市淡水區興福寮66巷293號(3樓),黃郁夫,50000,115/09/09,,,F401010 國際貿易業；I199990 其他顧問服務業；I301010 資訊軟體服務業；I301030 電子資訊供應服務業；I401010 一般廣告服務業；J601010 藝文服務業；J602010 演藝活動業；J799990 其他休閒服務業；JZ99990 未分類其他服務業；ZZ99999 除許可業務外，得經營法令非禁止或限制之業務,新北市,設立,11509
62084399,瑞隆建設股份有限公司,新北市五股區成泰路1段2號6樓,方敬元,20000000,115/09/09,,,H701010 住宅及大樓開發租售業；H701020 工業廠房開發租售業；H701040 特定專業區開發業；H701050 投資興建公共建設業；H701060 新市鎮、新社區開發業；H701070 區段徵收及市地重劃代辦業；H701080 都市更新重建業；H701090 都市更新整建維護業；F111090 建材批發業；F211010 建材零售業,新北市,設立,11509
62177615,言羽股份有限公司,新北市中和區建八路202號2樓,周佳琳,5100000,115/09/01,,,H201010 一般投資業,新北市,設立,11509
62177740,明悅堂有限公司,新北市三重區和平街5號（1樓）,周恆儀,2000000,115/09/01,,,C104020 烘焙炊蒸食品製造業；F203010 食品什貨、飲料零售業；F399040 無店面零售業；F102170 食品什貨批發業；F299990 其他零售業；F206020 日常用品零售業；F218010 資訊軟體零售業；F209060 文教、樂器、育樂用品零售業；F401010 國際貿易業；ZZ99999 除許可業務外，得經營法令非禁止或限制之業務,新北市,設立,11509
62177832,博研智慧治具有限公司,新北市鶯歌區高職西街1之13號9樓,鄭博文,700000,115/09/01,,,F113010 機械批發業；F113030 精密儀器批發業；F113990 其他機械器具批發業；F119010 電子材料批發業；F219010 電子材料零售業；F399040 無店面零售業；F401010 國際貿易業；I103060 管理顧問業；I301010 資訊軟體服務業；I501010 產品設計業,新北市,設立,11509
62177853,精穎電業有限公司,新北市板橋區國慶路149巷20號4樓,余文智,500000,115/09/01,,,F114030 汽、機車零件配備批發業；F214030 汽、機車零件配備零售業；F113020 電器批發業；F213010 電器零售業；F401010 國際貿易業；ZZ99999 除許可業務外，得經營法令非禁止或限制之業務,新北市,設立,11509
62177919,友勁運動有限公司,新北市五股區新城三路36號,林志翰,1000000,115/09/01,,,J802010 運動訓練業；F109070 文教、樂器、育樂用品批發業；F209060 文教、樂器、育樂用品零售業；F102170 食品什貨批發業；F102040 飲料批發業；F203010 食品什貨、飲料零售業；IZ99990 其他工商服務業；ZZ99999 除許可業務外，得經營法令非禁止或限制之業務,新北市,設立,11509
62177925,璐米達有限公司,新北市中和區中山路2段255號8樓之1,曾水坤,3000000,115/09/01,,,F102170 食品什貨批發業；F105050 家具、寢具、廚房器具、裝設品批發業；F106010 五金批發業；F106020 日常用品批發業；F108040 化粧品批發業；F109070 文教、樂器、育樂用品批發業；F113020 電器批發業；F119010 電子材料批發業；F203010 食品什貨、飲料零售業；F206010 五金零售業,新北市,設立,11509
62177930,浩瀛有限公司,新北市板橋區大同街8巷44號,王駟橙,100000,115/09/01,,,F102040 飲料批發業；F102170 食品什貨批發業；F104110 布疋、衣著、鞋、帽、傘、服飾品批發業；F105050 家具、寢具、廚房器具、裝設品批發業；F106010 五金批發業；F106020 日常用品批發業；F107030 清潔用品批發業；F108040 化粧品批發業；F111090 建材批發業；F119010 電子材料批發業,新北市,設立,11509
62177946,新藝製版印刷有限公司,新北市中和區建八路174號(2樓),高思齊,1000000,115/09/01,,,C701010 印刷業；C703010 印刷品裝訂及加工業；C702010 製版業；F204110 布疋、衣著、鞋、帽、傘、服飾品零售業；JZ99030 攝影業；ZZ99999 除許可業務外，得經營法令非禁止或限制之業務,新北市,設立,11509
62177951,誠昱工程有限公司,新北市汐止區康寧街281號2樓,李福聲,500000,115/09/01,,,E599010 配管工程業；E601020 電器安裝業；E603010 電纜安裝工程業；E603090 照明設備安裝工程業；E604010 機械安裝業；E701010 電信工程業；E701020 衛星電視ＫＵ頻道、Ｃ頻道器材安裝業；E701030 電信管制射頻器材裝設工程業；E701040 簡易電信設備安裝業；E801010 室內裝潢業,新北市,設立,11509
62177967,全安智策有限公司,新北市板橋區中山路1段10號11樓,机韋翰,2000000,115/09/02,,,F199990 其他批發業；F203010 食品什貨、飲料零售業；F204110 布疋、衣著、鞋、帽、傘、服飾品零售業；F299990 其他零售業；F399040 無店面零售業；F399990 其他綜合零售業；F401010 國際貿易業；H201010 一般投資業；H701060 新市鎮、新社區開發業；H703090 不動產買賣業,新北市,設立,11509
62177973,育心居家長照有限公司,新北市三重區河邊北街124巷32號,林恩典,300000,115/09/01,,,JH01011 居家式服務業；ZZ99999 除許可業務外，得經營法令非禁止或限制之業務,新北市,設立,11509
62177988,方洲創意有限公司,新北市汐止區新台五路1段95號16樓之1,王善盈,100000,115/09/01,,,F104110 布疋、衣著、鞋、帽、傘、服飾品批發業；F105050 家具、寢具、廚房器具、裝設品批發業；F106010 五金批發業；F106020 日常用品批發業；F106050 陶瓷玻璃器皿批發業；F107030 清潔用品批發業；F107190 塑膠膜、袋批發業；F108040 化粧品批發業；F109070 文教、樂器、育樂用品批發業；F110010 鐘錶批發業,新北市,設立,11509
62177994,澄石資本有限公司,新北市中和區中正路738號5樓之4,曾奕澄,1000000,115/09/01,,,H201010 一般投資業；H202010 創業投資業；H703090 不動產買賣業；H703100 不動產租賃業；I102010 一般投資顧問業；I103060 管理顧問業；I199990 其他顧問服務業；ZZ99999 除許可業務外，得經營法令非禁止或限制之業務,新北市,設立,11509
62178001,鼎固國際有限公司,新北市汐止區仁愛路152巷15號12樓,蘇鈺鋒,1200000,115/09/01,,,ZZ99999 除許可業務外，得經營法令非禁止或限制之業務；F111090 建材批發業；F211010 建材零售業；F105050 家具、寢具、廚房器具、裝設品批發業；F106010 五金批發業；F106020 日常用品批發業；F106040 水器材料批發業；F107010 漆料、塗料批發業；F107020 染料、顏料批發業；F107030 清潔用品批發業,新北市,設立,11509
62178017,沁栩有限公司,新北市樹林區中華路379巷62弄18號,詹乃華,100000,115/09/01,,,I103060 管理顧問業；I199990 其他顧問服務業；H201010 一般投資業；F204110 布疋、衣著、鞋、帽、傘、服飾品零售業；F209060 文教、樂器、育樂用品零售業；F401010 國際貿易業；ZZ99999 除許可業務外，得經營法令非禁止或限制之業務,新北市,設立,11509
62178023,大鑫餐飲有限公司,新北市板橋區金門街297巷37號7樓,林宏偉,20000,115/09/01,,,F203010 食品什貨、飲料零售業；F399040 無店面零售業；F501030 飲料店業；F501060 餐館業；ZZ99999 除許可業務外，得經營法令非禁止或限制之業務,新北市,設立,11509
62178038,喆秝國際有限公司,新北市中和區中山路2段332巷39號12樓,林華斌,500000,115/09/01,,,F104110 布疋、衣著、鞋、帽、傘、服飾品批發業；F204110 布疋、衣著、鞋、帽、傘、服飾品零售業；F399040 無店面零售業；ZZ99999 除許可業務外，得經營法令非禁止或限制之業務,新北市,設立,11509
62178065,拓響行銷有限公司,新北市新莊區福慧路206號11樓,楊英孝,100000,115/09/01,,,I401010 一般廣告服務業；J404010 動畫影片製作業；JB01010 會議及展覽服務業；F118010 資訊軟體批發業；F218010 資訊軟體零售業；F399040 無店面零售業；F401010 國際貿易業；J303010 雜誌（期刊）出版業；J304010 圖書出版業；J305010 有聲出版業,新北市,設立,11509
62178071,巳翊股份有限公司,新北市蘆洲區長安街22巷39弄22號4樓,洪巳茜,300000,115/09/01,,,F102040 飲料批發業；F102170 食品什貨批發業；F104110 布疋、衣著、鞋、帽、傘、服飾品批發業；F203010 食品什貨、飲料零售業；F204110 布疋、衣著、鞋、帽、傘、服飾品零售業；F299990 其他零售業；F399040 無店面零售業；F399990 其他綜合零售業；F401010 國際貿易業；I301010 資訊軟體服務業,新北市,設立,11509
62178086,美姿韻有限公司,新北市蘆洲區永平街32巷22弄7號,林鎂惠,800000,115/09/01,,,J601010 藝文服務業；F104110 布疋、衣著、鞋、帽、傘、服飾品批發業；F105050 家具、寢具、廚房器具、裝設品批發業；F106010 五金批發業；F106020 日常用品批發業；F113020 電器批發業；F114040 自行車及其零件批發業；F203010 食品什貨、飲料零售業；F204110 布疋、衣著、鞋、帽、傘、服飾品零售業；F205040 家具、寢具、廚房器具、裝設品零售業,新北市,設立,11509
62178092,美德新有限公司,新北市汐止區新台五路1段99號19樓之10,羅振軒,1000000,115/09/01,,,E603050 自動控制設備工程業；F401010 國際貿易業；EZ05010 儀器、儀表安裝工程業；F113020 電器批發業；E601020 電器安裝業；CC01990 其他電機及電子機械器材製造業；F119010 電子材料批發業；ZZ99999 除許可業務外，得經營法令非禁止或限制之業務,新北市,設立,11509
62178109,溫理股份有限公司,新北市三峽區復興路42巷7號17樓之2,林金泉,100000,115/09/01,,,H703090 不動產買賣業；H703100 不動產租賃業；H701080 都市更新重建業；H701010 住宅及大樓開發租售業；IZ99990 其他工商服務業；H701090 都市更新整建維護業；ZZ99999 除許可業務外，得經營法令非禁止或限制之業務,新北市,設立,11509
62178121,沃元有限公司,新北市新莊區新莊路751巷79號,許嘉珮,2000000,115/09/01,,,JB01010 會議及展覽服務業；J601010 藝文服務業；JZ99090 喜慶綜合服務業；J602010 演藝活動業；E601010 電器承裝業；E601020 電器安裝業；E603090 照明設備安裝工程業；E801010 室內裝潢業；E701040 簡易電信設備安裝業；F106010 五金批發業,新北市,設立,11509
62178136,禹森生活有限公司,新北市板橋區民生路2段226巷31弄3號3樓,林彥伶,200000,115/09/01,,,F102040 飲料批發業；F102050 茶葉批發業；F102170 食品什貨批發業；F105050 家具、寢具、廚房器具、裝設品批發業；F106020 日常用品批發業；F203010 食品什貨、飲料零售業；F205040 家具、寢具、廚房器具、裝設品零售業；F206020 日常用品零售業；F399040 無店面零售業；I102010 一般投資顧問業,新北市,設立,11509
62178157,聖霆工程有限公司,新北市三峽區永安街11號,鄭宇翔,500000,115/09/02,,,E599010 配管工程業；E601010 電器承裝業；E601020 電器安裝業；E603010 電纜安裝工程業；E603020 電梯安裝工程業；E603040 消防安全設備安裝工程業；E603050 自動控制設備工程業；E603090 照明設備安裝工程業；E604010 機械安裝業；E701010 電信工程業,新北市,設立,11509
62178163,伊晁實業有限公司,新北市汐止區八連路1段528號,張晁華,5000000,115/09/02,,,C805030 塑膠日用品製造業；C805050 工業用塑膠製品製造業；CA02990 其他金屬製品製造業；F102170 食品什貨批發業；F107190 塑膠膜、袋批發業；F106010 五金批發業；F106020 日常用品批發業；F111090 建材批發業；F113010 機械批發業；F113030 精密儀器批發業,新北市,設立,11509
62178179,璽敦投資有限公司,新北市新莊區五權一路1號8樓之1,林榮燊,25000000,115/09/01,,,H201010 一般投資業,新北市,設立,11509
62178184,皓信食品有限公司,新北市永和區永貞路79號,呂貞穎,1000000,115/09/01,,,C103050 罐頭、冷凍、脫水及醃漬食品製造業；C199990 未分類其他食品製造業；F101130 蔬果批發業；F101990 其他農、畜、水產品批發業；F201010 農產品零售業；F203010 食品什貨、飲料零售業；F401010 國際貿易業；ZZ99999 除許可業務外，得經營法令非禁止或限制之業務,新北市,設立,11509
62178190,拓行投資有限公司,新北市林口區文化二路2段115號22樓之2,藍慧瑩,26850000,115/09/02,,,ZZ99999 除許可業務外，得經營法令非禁止或限制之業務；H201010 一般投資業,新北市,設立,11509
62178207,品軒印刷有限公司,新北市汐止區大安街52巷4號5樓,蔡秀軒,300000,115/09/02,,,F102170 食品什貨批發業；F101040 家畜家禽批發業；F201010 農產品零售業；F401010 國際貿易業；F109070 文教、樂器、育樂用品批發業；F113050 電腦及事務性機器設備批發業；F209060 文教、樂器、育樂用品零售業；F213030 電腦及事務性機器設備零售業；ZZ99999 除許可業務外，得經營法令非禁止或限制之業務,新北市,設立,11509
62178213,承益水電材料有限公司,新北市汐止區大同路2段225號,林清福,100000,115/09/02,,,F206010 五金零售業；F211010 建材零售業；F206020 日常用品零售業；F207010 漆料、塗料零售業；F206040 水器材料零售業；F213990 其他機械器具零售業；F207170 工業助劑零售業；F213110 電池零售業；F219010 電子材料零售業；F106010 五金批發業,新北市,設立,11509
62178229,昱栩科技有限公司,新北市中和區景平路398號2樓之1,林祺棟,300000,115/09/02,,,F213030 電腦及事務性機器設備零售業；F113050 電腦及事務性機器設備批發業；F118010 資訊軟體批發業；F218010 資訊軟體零售業；F401010 國際貿易業；F119010 電子材料批發業；F219010 電子材料零售業；I501010 產品設計業；EZ99990 其他工程業；ZZ99999 除許可業務外，得經營法令非禁止或限制之業務,新北市,設立,11509
62178234,鼎曜澄科技股份有限公司,新北市樹林區中山路1段356巷6號,梁廂宸,1000000,115/09/02,,,C804020 工業用橡膠製品製造業；C804990 其他橡膠製品製造業；CA02030 螺絲、螺帽、螺絲釘、及鉚釘等製品製造業；CA02090 金屬線製品製造業；CA02990 其他金屬製品製造業；CB01010 機械設備製造業；CB01990 其他機械製造業；CC01080 電子零組件製造業；CD01030 汽車及其零件製造業；F106010 五金批發業,新北市,設立,11509
62178240,熊蓋勇工程有限公司,新北市林口區文化三路2段32號18樓,許博超,1000000,115/09/02,,,EZ99990 其他工程業；I301030 電子資訊供應服務業；I301010 資訊軟體服務業；CA02990 其他金屬製品製造業；EZ02010 起重工程業；CA01050 鋼材二次加工業；CA02010 金屬結構及建築組件製造業；E599010 配管工程業；E601010 電器承裝業；E603050 自動控制設備工程業,新北市,設立,11509
62178261,濰幸五金有限公司,新北市土城區新洲路100號8樓,許敬揚,500000,115/09/02,,,CA02990 其他金屬製品製造業；E599010 配管工程業；E601020 電器安裝業；E603050 自動控制設備工程業；E603080 交通號誌安裝工程業；E603090 照明設備安裝工程業；E603100 電焊工程業；E604010 機械安裝業；E801010 室內裝潢業；E801020 門窗安裝工程業,新北市,設立,11509
62178282,米印創造有限公司,新北市淡水區沙崙路2段817號20樓,陳名莉,1000000,115/09/02,,,F106020 日常用品批發業；F206020 日常用品零售業；F108040 化粧品批發業；F208040 化粧品零售業；F106050 陶瓷玻璃器皿批發業；F109070 文教、樂器、育樂用品批發業；F209060 文教、樂器、育樂用品零售業；F105050 家具、寢具、廚房器具、裝設品批發業；F205040 家具、寢具、廚房器具、裝設品零售業；F399040 無店面零售業,新北市,設立,11509
62178298,森騰機械工業有限公司,新北市三重區光復路2段102巷18號,陳旭騰,2000000,115/09/02,,,CB01010 機械設備製造業；CA02010 金屬結構及建築組件製造業；CA02990 其他金屬製品製造業；E604010 機械安裝業；E603050 自動控制設備工程業；EZ99990 其他工程業；F401010 國際貿易業；F113010 機械批發業；F399040 無店面零售業；F213080 機械器具零售業,新北市,設立,11509
62178305,銘芯半導體顧問有限公司,新北市汐止區大同路1段497號11樓之1,王竑蒝,1000000,115/09/02,,,F119010 電子材料批發業；F219010 電子材料零售業；F401010 國際貿易業；CC01080 電子零組件製造業；CC01110 電腦及其週邊設備製造業；CC01120 資料儲存媒體製造及複製業；I102010 一般投資顧問業；I301010 資訊軟體服務業；I301020 資料處理服務業；I301030 電子資訊供應服務業,新北市,設立,11509
62178311,嶼越餐飲投資股份有限公司,新北市板橋區四川路2段16巷10號,黃群仁,5000000,115/09/02,,,F501060 餐館業；F102040 飲料批發業；F102170 食品什貨批發業；F203010 食品什貨、飲料零售業；F401010 國際貿易業；I103060 管理顧問業；I102010 一般投資顧問業；H201010 一般投資業；IZ12010 人力派遣業；ZZ99999 除許可業務外，得經營法令非禁止或限制之業務,新北市,設立,11509
62178327,能溢有限公司,新北市深坑區紅葉街17號(1樓),張有承,1000000,115/09/02,,,IG03010 能源技術服務業；E601020 電器安裝業；F213010 電器零售業；F113020 電器批發業；E604010 機械安裝業；E603050 自動控制設備工程業；JA02010 電器及電子產品修理業；E599010 配管工程業；F113990 其他機械器具批發業；E605010 電腦設備安裝業,新北市,設立,11509
62178332,可微有限公司,新北市林口區仁愛路2段636號12樓,彭月華,100000,115/09/02,,,I301060 網路廣告平臺業；I401010 一般廣告服務業；I301010 資訊軟體服務業；I301030 電子資訊供應服務業；F399040 無店面零售業；F101130 蔬果批發業；F201010 農產品零售業；F401010 國際貿易業；ZZ99999 除許可業務外，得經營法令非禁止或限制之業務,新北市,設立,11509
62178348,築藝室內裝修有限公司,新北市土城區學士路201號2樓,陳勁瑋,5000000,115/09/02,,,E601010 電器承裝業；E603010 電纜安裝工程業；E603050 自動控制設備工程業；E603090 照明設備安裝工程業；E604010 機械安裝業；E701040 簡易電信設備安裝業；E801010 室內裝潢業；E801020 門窗安裝工程業；E801030 室內輕鋼架工程業；E801040 玻璃安裝工程業,新北市,設立,11509
62178353,慧豐室內裝修有限公司,新北市中和區連城路403號4樓,黃清豐,500000,115/09/02,,,E502010 燃料導管安裝工程業；E599010 配管工程業；E601010 電器承裝業；E601020 電器安裝業；E603010 電纜安裝工程業；E603020 電梯安裝工程業；E603040 消防安全設備安裝工程業；E603050 自動控制設備工程業；E603080 交通號誌安裝工程業；E603090 照明設備安裝工程業,新北市,設立,11509
62178369,興高采烈文創有限公司,新北市中和區國光街203號7樓,楊建昌,600000,115/09/02,,,F204110 布疋、衣著、鞋、帽、傘、服飾品零售業；F206020 日常用品零售業；F209060 文教、樂器、育樂用品零售業；F401010 國際貿易業；I401010 一般廣告服務業；I501010 產品設計業；J401010 電影片製作業；J503020 電視節目製作業；J503040 廣播電視廣告業；J601010 藝文服務業,新北市,設立,11509
62178375,柏寵有限公司,新北市板橋區中山路1段10號11樓,蔡柏雄,300000,115/09/02,,,A102080 園藝服務業；E599010 配管工程業；E601010 電器承裝業；E601020 電器安裝業；E603040 消防安全設備安裝工程業；E603050 自動控制設備工程業；E603090 照明設備安裝工程業；E701010 電信工程業；F207030 清潔用品零售業；F399040 無店面零售業,新北市,設立,11509
62178380,統律有限公司,新北市中和區中正路677號14樓之2,張學龍,500000,115/09/02,,,E605010 電腦設備安裝業；F401010 國際貿易業；H706011 租賃住宅代管業；H706021 租賃住宅包租業；I103060 管理顧問業；I199990 其他顧問服務業；I301010 資訊軟體服務業；I301020 資料處理服務業；I301030 電子資訊供應服務業；IZ12010 人力派遣業,新北市,設立,11509
62178396,瀅玥投資有限公司,新北市中和區連城路99巷7號2樓,許雅筑,2000000,115/09/03,,,H201010 一般投資業,新北市,設立,11509
62178403,全鴻鑫業開發有限公司,新北市三重區重新路2段78號15樓,蕭國華,100998,115/09/02,,,A101020 農作物栽培業；A101030 特用作物栽培業；A101040 食用菌菇類栽培業；A101050 花卉栽培業；A102020 農產品整理業；A102030 蠶絲業；A102050 作物栽培服務業；A102060 糧商業；A102070 菸草整理業；A102080 園藝服務業,新北市,設立,11509
62178419,貝葉科技有限公司,新北市中和區中山路2段332巷1號7樓,謝亞耘,500000,115/09/02,,,H701010 住宅及大樓開發租售業；H701020 工業廠房開發租售業；H701090 都市更新整建維護業；H702010 建築經理業；HZ02010 金融機構金錢債權收買業務；HZ02020 辦理金融機構金錢債權之評價或拍賣業務；F118010 資訊軟體批發業；F218010 資訊軟體零售業；I301010 資訊軟體服務業；I301020 資料處理服務業,新北市,設立,11509
62178425,造見設計有限公司,新北市淡水區民權路25號16樓之18,邱義洋,500000,115/09/02,,,I501010 產品設計業；I599990 其他設計業；I103060 管理顧問業；J202010 產業育成業；JB01010 會議及展覽服務業；I401010 一般廣告服務業；F401010 國際貿易業；ZZ99999 除許可業務外，得經營法令非禁止或限制之業務,新北市,設立,11509
62178430,莉珈有限公司,新北市三重區慈愛街163號3樓之6,蔡幸娟,700000,115/09/03,,,F104110 布疋、衣著、鞋、帽、傘、服飾品批發業；F204110 布疋、衣著、鞋、帽、傘、服飾品零售業；F206050 寵物食品及其用品零售業；I101110 紡織顧問業；I199990 其他顧問服務業；I502010 服飾設計業；I599990 其他設計業；JZ99050 仲介服務業；JZ99070 裁縫服務業；JZ99990 未分類其他服務業,新北市,設立,11509
62178451,昰角國際視覺設計有限公司,新北市新店區安興路127之6號12樓,魏裕澄,100000,115/09/02,,,I301020 資料處理服務業；I301030 電子資訊供應服務業；I401010 一般廣告服務業；I501010 產品設計業；I599990 其他設計業；J404010 動畫影片製作業；IZ99990 其他工商服務業；I199990 其他顧問服務業；F601010 智慧財產權業；ZZ99999 除許可業務外，得經營法令非禁止或限制之業務,新北市,設立,11509
62178467,河聲有限公司,新北市汐止區新台五路1段95號16樓之1,簡劭伃,100000,115/09/02,,,F399040 無店面零售業；I401010 一般廣告服務業；J399990 其他出版業；F109070 文教、樂器、育樂用品批發業；F209060 文教、樂器、育樂用品零售業；F118010 資訊軟體批發業；F218010 資訊軟體零售業；F401010 國際貿易業；J303010 雜誌（期刊）出版業；J304010 圖書出版業,新北市,設立,11509
62178488,幸微設計建材有限公司,新北市永和區中山路1段24號2樓,洪于婷,1000000,115/09/03,,,F111090 建材批發業；F105050 家具、寢具、廚房器具、裝設品批發業；F106010 五金批發業；F120010 耐火材料批發業；F205040 家具、寢具、廚房器具、裝設品零售業；F206010 五金零售業；F211010 建材零售業；F220010 耐火材料零售業；F399040 無店面零售業；F401010 國際貿易業,新北市,設立,11509
62178500,沐禾良品有限公司,新北市新莊區五權一路1號8樓之2,程品洋,500000,115/09/03,,,F203010 食品什貨、飲料零售業；F206020 日常用品零售業；F209060 文教、樂器、育樂用品零售業；F106060 寵物食品及其用品批發業；IZ12010 人力派遣業；I401010 一般廣告服務業；F208040 化粧品零售業；F208050 乙類成藥零售業；F203030 酒精零售業；F203020 菸酒零售業,新北市,設立,11509
62178516,豐薈文教有限公司,新北市深坑區松柏街49巷9號,謝玉芝,800000,115/09/03,,,F109070 文教、樂器、育樂用品批發業；F209060 文教、樂器、育樂用品零售業；F401010 國際貿易業；JA05010 留、遊學服務業；I103060 管理顧問業；J801030 競技及休閒運動場館業；J802010 運動訓練業；ZZ99999 除許可業務外，得經營法令非禁止或限制之業務,新北市,設立,11509
62178522,凡斯設計有限公司,新北市新莊區新北大道3段5號3樓之3,李姿妮,2000000,115/09/03,,,E801010 室內裝潢業；E801020 門窗安裝工程業；E801030 室內輕鋼架工程業；E801040 玻璃安裝工程業；E801070 廚具、衛浴設備安裝工程業；E901010 油漆工程業；E601020 電器安裝業；E603040 消防安全設備安裝工程業；E603050 自動控制設備工程業；E603090 照明設備安裝工程業,新北市,設立,11509
62178537,匯棟資本產業有限公司,新北市林口區文化三路2段68號3樓,董育銓,12000000,115/09/03,,,I102010 一般投資顧問業；I103060 管理顧問業；I301010 資訊軟體服務業；IZ99990 其他工商服務業；JZ99050 仲介服務業；F401010 國際貿易業；ZZ99999 除許可業務外，得經營法令非禁止或限制之業務,新北市,設立,11509
62178543,鈦源精密有限公司,新北市三重區中興北街170巷15號(1樓),陳力緯,50000,115/09/03,,,CA01020 鋼鐵軋延及擠型業；CA01050 鋼材二次加工業；CA01070 廢車船解體及廢鋼鐵五金處理業；CA01100 鋁材軋延、伸線、擠型業；CA01130 銅材軋延、伸線、擠型業；CA02010 金屬結構及建築組件製造業；CA02990 其他金屬製品製造業；CB01010 機械設備製造業；CP01010 手工具製造業；CZ99990 未分類其他工業製品製造業,新北市,設立,11509
62178558,小犬威利股份有限公司,新北市新莊區思源路39號(1樓),林威利,100000,115/09/03,,,F401010 國際貿易業；F601010 智慧財產權業；H201010 一般投資業；I103060 管理顧問業；I301010 資訊軟體服務業；I301020 資料處理服務業；I401010 一般廣告服務業；I501010 產品設計業；ZZ99999 除許可業務外，得經營法令非禁止或限制之業務,新北市,設立,11509
62178564,淬水之純生技股份有限公司,新北市中和區中山路2段553號5樓,邱雯郡,7500000,115/09/03,,,F108031 醫療器材批發業；F208031 醫療器材零售業；F108040 化粧品批發業；F208040 化粧品零售業；F208050 乙類成藥零售業；F102170 食品什貨批發業；F203010 食品什貨、飲料零售業；F207030 清潔用品零售業；F106020 日常用品批發業；F206020 日常用品零售業,新北市,設立,11509
62178570,冠妍食品有限公司,新北市中和區景平路431巷96號9樓,曾盛盛來,100000,115/09/03,,,F101040 家畜家禽批發業；F101050 水產品批發業；F101990 其他農、畜、水產品批發業；F102020 食用油脂批發業；F201020 畜產品零售業；F201030 水產品零售業；F201990 其他農畜水產品零售業；F401010 國際貿易業；G801010 倉儲業；A102060 糧商業,新北市,設立,11509
62178585,東武科技股份有限公司,新北市三重區三和路4段111之32號8樓,紀鈞仁,5000000,115/09/03,,,CB01010 機械設備製造業；CC01010 發電、輸電、配電機械製造業；CC01080 電子零組件製造業；CC01990 其他電機及電子機械器材製造業；E601020 電器安裝業；E603050 自動控制設備工程業；E604010 機械安裝業；E605010 電腦設備安裝業；EZ05010 儀器、儀表安裝工程業；F113010 機械批發業,新北市,設立,11509
62178591,滷樂町灶腳有限公司,新北市新莊區民樂街90號,余建翰,1000000,115/09/03,,,F102170 食品什貨批發業；F203010 食品什貨、飲料零售業；F206020 日常用品零售業；F399040 無店面零售業；F501030 飲料店業；F501060 餐館業；F501990 其他餐飲業；I103060 管理顧問業；ZZ99999 除許可業務外，得經營法令非禁止或限制之業務,新北市,設立,11509
62178608,昇霖行動健康有限公司,新北市板橋區中山路1段10號9樓,吳柏昇,5000000,115/09/03,,,CC01030 電器及視聽電子產品製造業；CC01060 有線通信機械器材製造業；CC01070 無線通信機械器材製造業；CC01080 電子零組件製造業；CC01110 電腦及其週邊設備製造業；CC01120 資料儲存媒體製造及複製業；E605010 電腦設備安裝業；E606010 用電設備檢驗維護業；E701010 電信工程業；E701020 衛星電視ＫＵ頻道、Ｃ頻道器材安裝業,新北市,設立,11509
62178614,恆星運動顧問股份有限公司,新北市中和區安和路59號,施雪紅,500000,115/09/03,,,J803010 運動表演業；J803020 運動比賽業；J799990 其他休閒服務業；J601010 藝文服務業；JB01010 會議及展覽服務業；JZ99990 未分類其他服務業；I103060 管理顧問業；I401010 一般廣告服務業；IZ99990 其他工商服務業；F104110 布疋、衣著、鞋、帽、傘、服飾品批發業,新北市,設立,11509
62178620,嘉益波實業有限公司,新北市新店區中央路105巷8號(1樓),李程嘉,1000000,115/09/03,,,F102040 飲料批發業；F102170 食品什貨批發業；F104110 布疋、衣著、鞋、帽、傘、服飾品批發業；F106020 日常用品批發業；F106060 寵物食品及其用品批發業；F109070 文教、樂器、育樂用品批發業；F203010 食品什貨、飲料零售業；F204110 布疋、衣著、鞋、帽、傘、服飾品零售業；F206020 日常用品零售業；F206050 寵物食品及其用品零售業,新北市,設立,11509
62178635,義鹽糖有限公司,新北市新店區安民街299號(1樓),林義汯,100000,115/09/03,,,C199990 未分類其他食品製造業；C104020 烘焙炊蒸食品製造業；F203010 食品什貨、飲料零售業；C104010 糖果製造業；C199030 即食餐食製造業；ZZ99999 除許可業務外，得經營法令非禁止或限制之業務,新北市,設立,11509
62178641,麗齊國際有限公司,新北市新店區中央路181號(1樓),曹修凡,28323570,115/09/03,,,H201010 一般投資業；ZZ99999 除許可業務外，得經營法令非禁止或限制之業務,新北市,設立,11509
62178656,世煌國際人力開發有限公司,新北市中和區國光街112巷13弄1號(1樓),蔡浣鈴,5000000,115/09/03,,,I701011 就業服務業；I103060 管理顧問業；I199990 其他顧問服務業；F102170 食品什貨批發業；F105050 家具、寢具、廚房器具、裝設品批發業；F203010 食品什貨、飲料零售業；F205040 家具、寢具、廚房器具、裝設品零售業；F401010 國際貿易業；I301010 資訊軟體服務業；I301020 資料處理服務業,新北市,設立,11509
62178662,紘盛工程有限公司,新北市新莊區後港一路76巷5弄9號,章柏毅,500000,115/09/03,,,E599010 配管工程業；E601010 電器承裝業；E601020 電器安裝業；E603010 電纜安裝工程業；E603040 消防安全設備安裝工程業；E606010 用電設備檢驗維護業；E701040 簡易電信設備安裝業；E801010 室內裝潢業；E801020 門窗安裝工程業；E801030 室內輕鋼架工程業,新北市,設立,11509
62178678,尚廣不動產仲介有限公司,新北市汐止區仁愛路161號,朱中慶,1200000,115/09/03,,,H704031 不動產仲介經紀業；H703090 不動產買賣業；H703100 不動產租賃業；H701010 住宅及大樓開發租售業；H701020 工業廠房開發租售業；H701060 新市鎮、新社區開發業；H701090 都市更新整建維護業；I401010 一般廣告服務業；I401020 廣告傳單分送業；I503010 景觀設計業,新北市,設立,11509
62178683,科良有限公司,新北市汐止區環河街88巷3弄10號,鄭嘉玲,200000,115/09/03,,,F114030 汽、機車零件配備批發業；F106010 五金批發業；F214030 汽、機車零件配備零售業；F206010 五金零售業；F401010 國際貿易業；I501010 產品設計業；CD01040 機車及其零件製造業；F112040 石油製品批發業；F212050 石油製品零售業；E603090 照明設備安裝工程業,新北市,設立,11509
62178699,明築冷氣工程有限公司,新北市三重區中興北街52之10號7樓,陳宣亦,1000000,115/09/03,,,E599010 配管工程業；E601010 電器承裝業；E601020 電器安裝業；E603010 電纜安裝工程業；E604010 機械安裝業；E801010 室內裝潢業；EZ15010 保溫、保冷安裝工程業；F113020 電器批發業；F213010 電器零售業；JA02990 其他修理業,新北市,設立,11509
62178706,兩隻金魚生活有限公司,新北市三重區重新路2段21號12樓,鍾立屏,500000,115/09/03,,,F104110 布疋、衣著、鞋、帽、傘、服飾品批發業；F105050 家具、寢具、廚房器具、裝設品批發業；F106020 日常用品批發業；F106060 寵物食品及其用品批發業；F204110 布疋、衣著、鞋、帽、傘、服飾品零售業；F205040 家具、寢具、廚房器具、裝設品零售業；F206020 日常用品零售業；F206050 寵物食品及其用品零售業；ZZ99999 除許可業務外，得經營法令非禁止或限制之業務,新北市,設立,11509
62178712,寶馬食品有限公司,新北市土城區永豐路195巷2之1號5樓,楊騰越,800000,115/09/03,,,C199040 豆類加工食品製造業；F102170 食品什貨批發業；ZZ99999 除許可業務外，得經營法令非禁止或限制之業務,新北市,設立,11509
62178728,証宇科技有限公司,新北市林口區文化二路1段399號10樓,方志堯,10000000,115/09/03,,,F113020 電器批發業；F113050 電腦及事務性機器設備批發業；F113070 電信器材批發業；F113110 電池批發業；F119010 電子材料批發業；F118010 資訊軟體批發業；F213010 電器零售業；F213030 電腦及事務性機器設備零售業；F213060 電信器材零售業；F213110 電池零售業,新北市,設立,11509
62178733,長杏控股股份有限公司,新北市新店區直潭五街86號,陳松澍,1000000,115/09/03,,,H201010 一般投資業；I103060 管理顧問業；I102010 一般投資顧問業；I199990 其他顧問服務業；ZZ99999 除許可業務外，得經營法令非禁止或限制之業務,新北市,設立,11509
62178749,銘竣設計有限公司,新北市汐止區忠三街120巷71號3樓,李俐萱,500000,115/09/03,,,E801010 室內裝潢業；E901010 油漆工程業；E801020 門窗安裝工程業；E801070 廚具、衛浴設備安裝工程業；E801030 室內輕鋼架工程業；E599010 配管工程業；E601020 電器安裝業；E603040 消防安全設備安裝工程業；E603050 自動控制設備工程業；E603090 照明設備安裝工程業,新北市,設立,11509
62178754,支援前線音樂文創有限公司,新北市新莊區雙鳳路77巷2號16樓之5,黃靜嘉,200000,115/09/03,,,J601010 藝文服務業；J602010 演藝活動業；J604010 聲音錄製及音樂發行業；F299990 其他零售業；I199990 其他顧問服務業；ZZ99999 除許可業務外，得經營法令非禁止或限制之業務；F209060 文教、樂器、育樂用品零售業；JE01010 租賃業；JZ99050 仲介服務業；JZ99990 未分類其他服務業,新北市,設立,11509
62178760,本質國際有限公司,新北市中和區中正路700號5樓之1,羅雅芳,1000000,115/09/03,,,F102170 食品什貨批發業；F104110 布疋、衣著、鞋、帽、傘、服飾品批發業；F106020 日常用品批發業；F108040 化粧品批發業；F203010 食品什貨、飲料零售業；F204110 布疋、衣著、鞋、帽、傘、服飾品零售業；F206020 日常用品零售業；F208040 化粧品零售業；F399040 無店面零售業；F401010 國際貿易業,新北市,設立,11509
62178776,胖胖虎食品有限公司,新北市永和區永貞路331號,江姿嫺,2500000,115/09/03,,,F102170 食品什貨批發業；F203010 食品什貨、飲料零售業；F399040 無店面零售業；F501060 餐館業；I101090 食品顧問業；I103060 管理顧問業；IZ99990 其他工商服務業；ZZ99999 除許可業務外，得經營法令非禁止或限制之業務,新北市,設立,11509
62178781,榮新工程有限公司,新北市金山區中華路269號,周嘉新,500000,115/09/04,,,E502010 燃料導管安裝工程業；E599010 配管工程業；E601010 電器承裝業；E601020 電器安裝業；E603010 電纜安裝工程業；E603020 電梯安裝工程業；E603040 消防安全設備安裝工程業；E603050 自動控制設備工程業；E603080 交通號誌安裝工程業；E603090 照明設備安裝工程業,新北市,設立,11509
62178804,龍澤有限公司,新北市林口區麗園一街7號13樓之1,吳怡毅,500000,115/09/04,,,F109070 文教、樂器、育樂用品批發業；F106020 日常用品批發業；F108040 化粧品批發業；F113020 電器批發業；F113050 電腦及事務性機器設備批發業；F113070 電信器材批發業；F118010 資訊軟體批發業；F119010 電子材料批發業；F205040 家具、寢具、廚房器具、裝設品零售業；F206010 五金零售業,新北市,設立,11509
62178810,御利工程有限公司,新北市五股區五福路52巷14號,廖啓宏,500000,115/09/04,,,E603050 自動控制設備工程業；E603100 電焊工程業；E603040 消防安全設備安裝工程業；E599010 配管工程業；E601010 電器承裝業；E601020 電器安裝業；F106010 五金批發業；E603090 照明設備安裝工程業；F113020 電器批發業；E801070 廚具、衛浴設備安裝工程業,新北市,設立,11509
62178826,森聲音樂有限公司,新北市五股區成洲六路31號12樓,蕭珮瑜,50000,115/09/04,,,J604010 聲音錄製及音樂發行業；J601010 藝文服務業；F109070 文教、樂器、育樂用品批發業；F209060 文教、樂器、育樂用品零售業；F399040 無店面零售業；F401010 國際貿易業；I401010 一般廣告服務業；J305010 有聲出版業；J399990 其他出版業；I501010 產品設計業,新北市,設立,11509
62178831,雲朵舒眠有限公司,新北市永和區福和路210號(1樓),皇杰,500000,115/09/04,,,F205040 家具、寢具、廚房器具、裝設品零售業；F401010 國際貿易業；ZZ99999 除許可業務外，得經營法令非禁止或限制之業務,新北市,設立,11509
62178847,美龍成國際貿易有限公司,新北市瑞芳區三爪子坑路29巷34號,江艷蘭,300000,115/09/04,,,F501060 餐館業；J202010 產業育成業；F401010 國際貿易業；F399010 便利商店業；F399040 無店面零售業；G801010 倉儲業；F102050 茶葉批發業；F201010 農產品零售業；F102170 食品什貨批發業；F104110 布疋、衣著、鞋、帽、傘、服飾品批發業,新北市,設立,11509
62178852,萁盛餐飲有限公司,新北市三重區光復路1段82之3號8樓,許家萁,50000,115/09/04,,,E801010 室內裝潢業；E801070 廚具、衛浴設備安裝工程業；F102040 飲料批發業；F102170 食品什貨批發業；F105050 家具、寢具、廚房器具、裝設品批發業；F199990 其他批發業；F203010 食品什貨、飲料零售業；F203020 菸酒零售業；F205040 家具、寢具、廚房器具、裝設品零售業；F208040 化粧品零售業,新北市,設立,11509
