統一編號,公司名稱,公司所在地,代表人,資本額,核准設立日期,核准變更日期,案由或變更事項,營業項目,縣市,清冊,期別
00000498,宥詰能源股份有限公司,桃園市蘆竹區宏竹里南青路266號,吳宥心,1000000,113/10/29,115/09/29,增資(資本總額),IG03010 能源技術服務業；D101060 再生能源自用發電設備業；E601010 電器承裝業；F199010 回收物料批發業；J101030 廢棄物清除業；J101040 廢棄物處理業；J101080 資源回收業；F119010 電子材料批發業；F219010 電子材料零售業；F399040 無店面零售業,桃園市,變更,11509
00006373,宥證有限公司,桃園市中壢區中堅里中山東路三段297號5樓,姜淑娟,1000000,114/01/10,115/09/18,股東出資轉讓修正章程,CC01080 電子零組件製造業；CC01110 電腦及其週邊設備製造業；CE01010 一般儀器製造業；E601010 電器承裝業；E601020 電器安裝業；E603050 自動控制設備工程業；E604010 機械安裝業；E605010 電腦設備安裝業；EZ05010 儀器、儀表安裝工程業；F104110 布疋、衣著、鞋、帽、傘、服飾品批發業,桃園市,變更,11509
00020635,宇鋼金屬股份有限公司,桃園市大溪區勝利街163號,趙宇崗,5000000,114/01/20,115/09/03,公司所營事業變更修正章程,CA02990 其他金屬製品製造業；E603100 電焊工程業；E603120 噴砂工程業；E801010 室內裝潢業；E801020 門窗安裝工程業；E801030 室內輕鋼架工程業；E801040 玻璃安裝工程業；E901010 油漆工程業；E903010 防蝕、防銹工程業；F106010 五金批發業,桃園市,變更,11509
00033569,康禾環保事業有限公司,桃園市桃園區文化里中華路33號7樓之5,朱雅婕,5000000,113/08/29,115/09/08,公司所在地,J101080 資源回收業；J101010 建築物清潔服務業；J101030 廢棄物清除業；J101040 廢棄物處理業；J101050 環境檢測服務業；J101060 廢（污）水處理業；J101070 放射性廢料處理服務業；J101090 廢棄物清理業；J101990 其他環境衛生及污染防治服務業；F113100 污染防治設備批發業,桃園市,變更,11509
00049725,紘宇國際管理顧問有限公司,桃園市楊梅區員本里民生街375巷96弄25號（1樓）,鍾采靜,100000,113/10/08,115/09/23,股東出資轉讓修正章程,F399040 無店面零售業；F401010 國際貿易業；I103060 管理顧問業；I102010 一般投資顧問業；I199990 其他顧問服務業；ZZ99999 除許可業務外，得經營法令非禁止或限制之業務,桃園市,變更,11509
00051952,寶碼投資有限公司,桃園市桃園區中興里永安路223號5樓,詹永興,5000,113/09/10,115/09/14,一般補正案,H201010 一般投資業；H202010 創業投資業；H204010 私募股權投資業；H701010 住宅及大樓開發租售業；H701020 工業廠房開發租售業；H701060 新市鎮、新社區開發業；H702010 建築經理業；H703090 不動產買賣業；H703100 不動產租賃業；H703110 老人住宅業,桃園市,變更,11509
00052495,長城貿易有限公司,桃園市桃園區新埔六街77號3樓之5,林哲逸,5000000,114/02/13,115/09/09,公司所在地,CB01990 其他機械製造業；CC01010 發電、輸電、配電機械製造業；CC01990 其他電機及電子機械器材製造業；F102030 菸酒批發業；F203020 菸酒零售業；F106010 五金批發業；F111090 建材批發業；F113010 機械批發業；F401010 國際貿易業；F101050 水產品批發業,桃園市,變更,11509
00058147,浩陽批發有限公司,桃園市龍潭區中山里東龍路303巷16號,曾泓錡,3000000,113/09/18,115/09/07,公司所在地,E605010 電腦設備安裝業；F113050 電腦及事務性機器設備批發業；F118010 資訊軟體批發業；F213030 電腦及事務性機器設備零售業；I301030 電子資訊供應服務業；F106020 日常用品批發業；F107030 清潔用品批發業；F206020 日常用品零售業；F207030 清潔用品零售業；F104110 布疋、衣著、鞋、帽、傘、服飾品批發業,桃園市,變更,11509
00064990,右居資產管理有限公司,桃園市桃園區永安路191號15樓之5,洪開爗,3000000,113/11/20,115/09/30,減少所營事業變更修正章程,H701010 住宅及大樓開發租售業；H701020 工業廠房開發租售業；H701050 投資興建公共建設業；H701060 新市鎮、新社區開發業；H701070 區段徵收及市地重劃代辦業；H701090 都市更新整建維護業；H702010 建築經理業；H703090 不動產買賣業；H703100 不動產租賃業；G202010 停車場經營業,桃園市,變更,11509
00072632,星網科技有限公司,桃園市桃園區大業里經國路9號7樓之1,涂群州,100000,113/08/29,115/09/04,申登機關變更（遷入，含卷）,F213030 電腦及事務性機器設備零售業；JA02010 電器及電子產品修理業；I301030 電子資訊供應服務業；I301020 資料處理服務業；I301010 資訊軟體服務業；JA02990 其他修理業；ZZ99999 除許可業務外，得經營法令非禁止或限制之業務,桃園市,變更,11509
00076166,之語有限公司,桃園市八德區福興里廣興路37號4樓,羅華文,5000000,113/09/10,115/09/08,增資,I199990 其他顧問服務業；IZ10010 排版業；IZ12010 人力派遣業；J304010 圖書出版業；J399990 其他出版業；ZZ99999 除許可業務外，得經營法令非禁止或限制之業務,桃園市,變更,11509
00104326,睿豐影視企業有限公司,桃園市桃園區介壽路495巷65號14樓,魏秉豐,515000,114/02/12,115/09/22,增資,J305010 有聲出版業；J401010 電影片製作業；J402010 電影片發行業；J404010 動畫影片製作業；J404020 提供設備及場地供電影片拍攝業；J404040 電影錄音業；J404050 電影特效製作業；J503010 廣播節目製作業；J503020 電視節目製作業；J503030 廣播電視節目發行業,桃園市,變更,11509
00107421,然然有限公司,桃園市桃園區大業里經國路9號7樓之1,何禹萱,100000,113/10/14,115/09/23,公司所在地,F105050 家具、寢具、廚房器具、裝設品批發業；F106020 日常用品批發業；F204110 布疋、衣著、鞋、帽、傘、服飾品零售業；F205040 家具、寢具、廚房器具、裝設品零售業；F104110 布疋、衣著、鞋、帽、傘、服飾品批發業；F206020 日常用品零售業；F399040 無店面零售業；F401010 國際貿易業；ZZ99999 除許可業務外，得經營法令非禁止或限制之業務,桃園市,變更,11509
00108272,宏順鑫投資有限公司,桃園市平鎮區平南里上海路138號(1樓),鄒年逸,14100000,113/12/27,115/09/16,股東出資轉讓修正章程,H201010 一般投資業；I102010 一般投資顧問業；I103060 管理顧問業；H703090 不動產買賣業；H701020 工業廠房開發租售業；H701050 投資興建公共建設業；H702010 建築經理業；H703100 不動產租賃業；I401010 一般廣告服務業；ZZ99999 除許可業務外，得經營法令非禁止或限制之業務,桃園市,變更,11509
00110571,淩克國際有限公司,桃園市龜山區文化里文化二路48號4樓之3,鄭衛平,500000,113/09/10,115/09/21,公司所營事業變更修正章程,C301010 紡紗業；C302010 織布業；C306010 成衣業；C303010 不織布業；F208050 乙類成藥零售業；F102170 食品什貨批發業；F104110 布疋、衣著、鞋、帽、傘、服飾品批發業；F105050 家具、寢具、廚房器具、裝設品批發業；F106010 五金批發業；F106020 日常用品批發業,桃園市,變更,11509
00118412,承樂不動產仲介有限公司,桃園市桃園區文中里文中一路25巷35號,李婕綵,1000000,114/01/10,115/09/03,股東出資轉讓修正章程,H704031 不動產仲介經紀業；H704041 不動產代銷經紀業；H703090 不動產買賣業；H703100 不動產租賃業；H701010 住宅及大樓開發租售業；H701020 工業廠房開發租售業；H703110 老人住宅業；H201010 一般投資業；I103060 管理顧問業；I301010 資訊軟體服務業,桃園市,變更,11509
00120183,嗨寵物們天際股份有限公司,桃園市蘆竹區瓦窯里南山路一段125號、125號一樓之2,林承漢,10000000,113/09/05,115/09/15,一般補正案,F106060 寵物食品及其用品批發業；F206050 寵物食品及其用品零售業；F103010 飼料批發業；F202010 飼料零售業；F102170 食品什貨批發業；F203010 食品什貨、飲料零售業；F106020 日常用品批發業；F206020 日常用品零售業；F401010 國際貿易業；JZ99180 寵物美容服務業,桃園市,變更,11509
00124478,聖曜石有限公司,桃園市桃園區大有路401號11樓,黃郁雯,500000,113/10/30,115/09/21,公司所在地,I103060 管理顧問業；I102010 一般投資顧問業；I401010 一般廣告服務業；I599990 其他設計業；J602010 演藝活動業；J601010 藝文服務業；F206020 日常用品零售業；F106020 日常用品批發業；F209060 文教、樂器、育樂用品零售業；F104110 布疋、衣著、鞋、帽、傘、服飾品批發業,桃園市,變更,11509
00128431,肯尼周科技有限公司,桃園市蘆竹區南崁路一段288之15號二樓,周孟儒,1000000,113/08/19,115/09/02,增資,CC01080 電子零組件製造業；CC01110 電腦及其週邊設備製造業；CC01120 資料儲存媒體製造及複製業；F113050 電腦及事務性機器設備批發業；F113030 精密儀器批發業；F213030 電腦及事務性機器設備零售業；F219010 電子材料零售業；F119010 電子材料批發業；I103060 管理顧問業；I301010 資訊軟體服務業,桃園市,變更,11509
00129403,造命科技有限公司,桃園市中壢區中央西路一段1號4樓,鍾易豪,100000,114/01/20,115/09/01,公司名稱變更修正章程,EZ99990 其他工程業；F106010 五金批發業；F111090 建材批發業；IZ12010 人力派遣業；ZZ99999 除許可業務外，得經營法令非禁止或限制之業務；F108040 化粧品批發業；F208040 化粧品零售業；F208050 乙類成藥零售業；F102170 食品什貨批發業；F203010 食品什貨、飲料零售業,桃園市,變更,11509
00129608,牧潼有限公司,桃園市八德區大宏里桃德路168號,蔡輔懋,1000000,113/09/19,115/09/03,股東出資轉讓修正章程,F102170 食品什貨批發業；F102040 飲料批發業；F203010 食品什貨、飲料零售業；F101990 其他農、畜、水產品批發業；F201020 畜產品零售業；F102030 菸酒批發業；F203020 菸酒零售業；F107050 肥料批發業；F207050 肥料零售業；F106010 五金批發業,桃園市,變更,11509
00137121,翔宇批發有限公司,桃園市龍潭區中山里東龍路303巷16號,劉檍漹,3000000,113/10/11,115/09/11,公司所在地,F113050 電腦及事務性機器設備批發業；F118010 資訊軟體批發業；F106020 日常用品批發業；F104110 布疋、衣著、鞋、帽、傘、服飾品批發業；F213030 電腦及事務性機器設備零售業；F207030 清潔用品零售業；F208040 化粧品零售業；F301010 百貨公司業；F399990 其他綜合零售業；F401010 國際貿易業,桃園市,變更,11509
00140189,翰陽科技有限公司,桃園市龍潭區中山里東龍路303巷16號,劉檍漹,3000000,113/10/01,115/09/09,公司所在地,F114010 汽車批發業；F114020 機車批發業；F114030 汽、機車零件配備批發業；F114040 自行車及其零件批發業；F114050 車胎批發業；F401010 國際貿易業；JA01010 汽車修理業；E599010 配管工程業；E603050 自動控制設備工程業；E603090 照明設備安裝工程業,桃園市,變更,11509
00142953,興達旺科技股份有限公司,桃園市中壢區高鐵站前西路1段286號3樓之8,周維昆,11200000,113/10/24,115/09/01,發行新股,CC01080 電子零組件製造業；CC01110 電腦及其週邊設備製造業；CC01100 電信管制射頻器材製造業；CA04010 表面處理業；D101060 再生能源自用發電設備業；F101100 花卉批發業；F101130 蔬果批發業；F113010 機械批發業；F113030 精密儀器批發業；F113050 電腦及事務性機器設備批發業,桃園市,變更,11509
00145071,安又有限公司,桃園市中壢區新街里延平路261號9樓,彭家園,280000,113/09/03,115/09/21,股東出資轉讓修正章程,H701010 住宅及大樓開發租售業；H703090 不動產買賣業；H703100 不動產租賃業；E801010 室內裝潢業；I401010 一般廣告服務業；I401020 廣告傳單分送業；I503010 景觀、室內設計業；E801020 門窗安裝工程業；E801030 室內輕鋼架工程業；E801040 玻璃安裝工程業,桃園市,變更,11509
00159412,村輝建設有限公司,桃園市桃園區國強十街79之3號2樓,黃昆茂,1000000,113/08/26,115/09/11,修正章程,E599010 配管工程業；E601020 電器安裝業；E603090 照明設備安裝工程業；E603100 電焊工程業；E603110 冷作工程業；E603120 噴砂工程業；E604010 機械安裝業；E801010 室內裝潢業；E801020 門窗安裝工程業；E801030 室內輕鋼架工程業,桃園市,變更,11509
00160305,樺木林有限公司,桃園市桃園區中正路1078號,楊宗樺,26999999,113/11/27,115/09/04,公司外文名稱登記修正章程,H201010 一般投資業；H202010 創業投資業；I102010 一般投資顧問業；ZZ99999 除許可業務外，得經營法令非禁止或限制之業務,桃園市,變更,11509
00173765,鑠泓欣業有限公司,桃園市龜山區文化三路63號7樓之2,吳志仁,2000000,113/11/04,115/09/23,公司所營事業變更修正章程,E599010 配管工程業；E601010 電器承裝業；E601020 電器安裝業；EZ15010 保溫、保冷安裝工程業；F113020 電器批發業；F401010 國際貿易業；E603050 自動控制設備工程業；E603090 照明設備安裝工程業；E603100 電焊工程業；E603010 電纜安裝工程業,桃園市,變更,11509
00174504,鋐大投資股份有限公司,桃園市桃園區成功路二段169號14樓,楊金城,500000,113/10/01,115/09/11,修正章程,H201010 一般投資業,桃園市,變更,11509
00186972,詠金國際有限公司,桃園市桃園區塩庫街68巷26號,武氏金英,500000,113/08/20,115/09/15,一般補正案,C199010 麵條、粉條類食品製造業；F102170 食品什貨批發業；F203010 食品什貨、飲料零售業；F401010 國際貿易業；F501990 其他餐飲業；F501060 餐館業；F101050 水產品批發業；F201030 水產品零售業；ZZ99999 除許可業務外，得經營法令非禁止或限制之業務；F214020 機車零售業,桃園市,變更,11509
00198597,佑晉有限公司,桃園市楊梅區青山里青山一街61號6樓,鄭宇哲,2000000,113/10/15,115/09/11,增資,F104110 布疋、衣著、鞋、帽、傘、服飾品批發業；F105050 家具、寢具、廚房器具、裝設品批發業；F106010 五金批發業；F106020 日常用品批發業；F109070 文教、樂器、育樂用品批發業；F111090 建材批發業；F204110 布疋、衣著、鞋、帽、傘、服飾品零售業；F206010 五金零售業；F211010 建材零售業；F217010 消防安全設備零售業,桃園市,變更,11509
00203281,杏宏有限公司,桃園市桃園區文化里中華路33號7樓之5,趙玉霜,500000,113/12/02,115/09/29,公司所在地,H703090 不動產買賣業；H703100 不動產租賃業；JZ99050 仲介服務業；I102010 一般投資顧問業；I103060 管理顧問業；I199990 其他顧問服務業；I401010 一般廣告服務業；ZZ99999 除許可業務外，得經營法令非禁止或限制之業務,桃園市,變更,11509
00211439,禾盛工程有限公司,桃園市大園區中山北路160之4號,許裕昇,2100000,113/11/01,115/09/16,一般補正案,E599010 配管工程業；E601020 電器安裝業；E603010 電纜安裝工程業；E603090 照明設備安裝工程業；E606010 用電設備檢驗維護業；E701010 電信工程業；E701040 簡易電信設備安裝業；F206010 五金零售業；F206040 水器材料零售業；F211010 建材零售業,桃園市,變更,11509
00232624,紘京有限公司,桃園市中壢區復華十一街65號,涂雅茜,1000000,113/11/11,115/09/29,公司所在地,F104110 布疋、衣著、鞋、帽、傘、服飾品批發業；F102030 菸酒批發業；F102040 飲料批發業；F102050 茶葉批發業；F102170 食品什貨批發業；F105050 家具、寢具、廚房器具、裝設品批發業；F106010 五金批發業；F106020 日常用品批發業；F106050 陶瓷玻璃器皿批發業；F106060 寵物食品及其用品批發業,桃園市,變更,11509
00247470,青裁有限公司,桃園市中壢區內定里中園路200之5號12樓,簡子宸,1000000,113/12/16,115/09/21,公司所在地,C306010 成衣業；C307010 服飾品製造業；F104110 布疋、衣著、鞋、帽、傘、服飾品批發業；F106020 日常用品批發業；F108040 化粧品批發業；F115010 首飾及貴金屬批發業；F204110 布疋、衣著、鞋、帽、傘、服飾品零售業；F206020 日常用品零售業；F208040 化粧品零售業；F215010 首飾及貴金屬零售業,桃園市,變更,11509
00251749,悅宸物流有限公司,桃園市楊梅區裕新里裕成南路348號四樓,張文銘,770000,114/01/21,115/09/30,公司名稱變更修正章程,G409030 工業專用港或工業專用碼頭船舶理貨業；G409050 工業專用港或工業專用碼頭船舶貨物裝卸承攬業；G702010 船舶勞務承攬業；G799990 其他運輸輔助業；G801010 倉儲業；F399040 無店面零售業；F401010 國際貿易業；IZ06010 理貨包裝業；IZ12010 人力派遣業；IZ99990 其他工商服務業,桃園市,變更,11509
00252058,蘭序國際有限公司,桃園市桃園區新埔六街95號21樓,陳建安,500000,114/02/24,115/09/23,改推董事/董事長,F204110 布疋、衣著、鞋、帽、傘、服飾品零售業；F104110 布疋、衣著、鞋、帽、傘、服飾品批發業；F401010 國際貿易業；F399040 無店面零售業；F102170 食品什貨批發業；F203010 食品什貨、飲料零售業；F106020 日常用品批發業；F206020 日常用品零售業；F106010 五金批發業；F206010 五金零售業,桃園市,變更,11509
00254653,雙生投資有限公司,桃園市中壢區莊敬里富村街83號（1樓）,黃俞穎,24872712,113/11/21,115/09/07,一般補正案,H201010 一般投資業；ZZ99999 除許可業務外，得經營法令非禁止或限制之業務,桃園市,變更,11509
04211029,佳美化學工業股份有限公司,桃園市觀音區樹林里工業一路10號,李弘榮,59000000,62/08/30,115/09/07,董事/監察人地址變更,,桃園市,變更,11509
04254429,維明化工實業股份有限公司,桃園市觀音區大同二路11號,林絲,29000000,64/10/30,115/09/18,增資(資本總額),,桃園市,變更,11509
04403568,鉅祥企業股份有限公司,桃園市新屋區九斗里8鄰九洲路1號,林於晃,2190704540,64/02/01,115/09/02,可轉換公司債換發新股,ZZ99999 除許可業務外，得經營法令非禁止或限制之業務,桃園市,變更,11509
04490916,竹祥燈業股份有限公司,桃園市蘆竹區蘆興街51之4號,林志澤,20000000,68/11/16,115/09/10,一般補正案,CC01040 照明設備製造業；CC01030 電器及視聽電子產品製造業；CC01080 電子零組件製造業；CC01990 其他電機及電子機械器材製造業；E603090 照明設備安裝工程業；E801010 室內裝潢業；F119010 電子材料批發業；F113020 電器批發業；F401010 國際貿易業；I199990 其他顧問服務業,桃園市,變更,11509
04674153,萬泰科技股份有限公司,桃園市中壢區復興里北園路17號,張銘烈,1953760790,67/06/19,115/09/10,可轉換公司債換發新股,CC01020 電線及電纜製造業；F113020 電器批發業；F213010 電器零售業；F119010 電子材料批發業；F219010 電子材料零售業；F401010 國際貿易業；F401030 製造輸出業；CC01080 電子零組件製造業；ZZ99999 除許可業務外，得經營法令非禁止或限制之業務,桃園市,變更,11509
04850123,中祥食品工業股份有限公司,桃園市八德區廣福路613號,李昭志,154590490,63/09/27,115/09/11,發行新股,C104010 糖果製造業；C104020 烘焙炊蒸食品製造業；C110010 飲料製造業；C199010 麵條、粉條類食品製造業；C199040 豆類加工食品製造業；C199990 未分類其他食品製造業；E801010 室內裝潢業；E801020 門窗安裝工程業；E801040 玻璃安裝工程業；E801070 廚具、衛浴設備安裝工程業,桃園市,變更,11509
05053151,冠加科技股份有限公司,桃園市中壢區復興里自強一路11之1號,周智慧,475000000,68/07/25,115/09/22,改選董事/監察人(一人法人股東指派董事/監察人),C302010 織布業；C305010 印染整理業；CC01080 電子零組件製造業；CC01110 電腦及其週邊設備製造業；F104110 布疋、衣著、鞋、帽、傘、服飾品批發業；F109070 文教、樂器、育樂用品批發業；F119010 電子材料批發業；F204110 布疋、衣著、鞋、帽、傘、服飾品零售業；F209060 文教、樂器、育樂用品零售業；F219010 電子材料零售業,桃園市,變更,11509
05153551,俊安興業有限公司,桃園市楊梅區中山里環東路298巷89號3樓,林長寬,25000000,70/07/13,115/09/21,公司所在地,F106010 五金批發業；F113010 機械批發業；F113020 電器批發業；F199990 其他批發業（工業用口罩、手套、工程帽、護目鏡耳罩、耳塞、電焊面罩、安全鞋、防護衣）；F206010 五金零售業；F213010 電器零售業；F213080 機械器具零售業；F299990 其他零售業（工業用口罩、手套、工程帽、護目鏡耳罩、耳塞、電焊面罩、安全鞋、防護衣）；F401010 國際貿易業；ZZ99999 除許可業務外，得經營法令非禁止或限制之業務,桃園市,變更,11509
09491415,雅緻國際股份有限公司,桃園市蘆竹區中興里大興路373號(1樓),游有恒,6000000,74/10/01,115/09/04,改選董事/監察人(一人法人股東指派董事/監察人),F105050 家具、寢具、廚房器具、裝設品批發業；E801040 玻璃安裝工程業；F106050 陶瓷玻璃器皿批發業；F104110 布疋、衣著、鞋、帽、傘、服飾品批發業；F109070 文教、樂器、育樂用品批發業；F111090 建材批發業；F114030 汽、機車零件配備批發業；F399040 無店面零售業；F401010 國際貿易業；ZZ99999 除許可業務外，得經營法令非禁止或限制之業務,桃園市,變更,11509
11099726,日馳企業股份有限公司,桃園市蘆竹區海湖里20鄰海山中街51號,徐予霖,600000000,61/05/26,115/09/01,補選董事(常務董事.董事長)/監察人,CD01050 自行車及其零件製造業；F114040 自行車及其零件批發業；CD01040 機車及其零件製造業；ZZ99999 除許可業務外，得經營法令非禁止或限制之業務,桃園市,變更,11509
11145904,中華航空股份有限公司,桃園市大園區埔心里16鄰航站南路1號,高星潢,61449885580,48/09/07,115/09/04,可轉換公司債換發新股,G501011 民用航空運輸業；G501020 民用航空總代理業；G502011 普通航空業；G602011 航空站地勤業；G605011 空廚業；G801010 倉儲業；F114070 航空器及其零件批發業；F214070 航空器及其零件零售業；I301010 資訊軟體服務業；I301020 資料處理服務業,桃園市,變更,11509
11259700,合信汽車工業股份有限公司,桃園市平鎮區興隆路294號,王子豪,280970000,54/10/06,115/09/03,一般補正案,,桃園市,變更,11509
11893415,台灣日鍛工業股份有限公司,桃園市八德區長興路729號,北林英雄(Kitabayashi Hideo),91083950,57/08/01,115/09/16,改派董事/監察人,CB01010 機械設備製造業；CC01010 發電、輸電、配電機械製造業；CD01030 汽車及其零件製造業；CD01040 機車及其零件製造業；F401010 國際貿易業,桃園市,變更,11509
12206203,銘旺科技股份有限公司,桃園市中壢區高鐵站前西路1段286號3樓之1,周維昆,861000000,67/11/30,115/09/21,發行新股,CC01080 電子零組件製造業；CC01110 電腦及其週邊設備製造業；CA04010 表面處理業；F113010 機械批發業；F113030 精密儀器批發業；F113050 電腦及事務性機器設備批發業；F119010 電子材料批發業；F401010 國際貿易業；I501010 產品設計業；G801010 倉儲業,桃園市,變更,11509
12233911,坤辰營造股份有限公司,桃園市蘆竹區忠孝街12號(1樓),黃琪文,50000000,68/04/23,115/09/03,改選董事/監察人(一人法人股東指派董事/監察人),E101011 綜合營造業；H701010 住宅及大樓開發租售業；H701020 工業廠房開發租售業；H701040 特定專業區開發業；H701050 投資興建公共建設業；H701060 新市鎮、新社區開發業；H701080 都市更新重建業；H701090 都市更新整建維護業；H702010 建築經理業；H703090 不動產買賣業,桃園市,變更,11509
12278439,台林電通股份有限公司,桃園市蘆竹區內厝里榮安路10號,陳俊廷,765000000,69/04/10,115/09/14,發行新股,CC01060 有線通信機械器材製造業；CC01070 無線通信機械器材製造業；CC01080 電子零組件製造業；CC01101 電信管制射頻器材製造業；CC01110 電腦及其週邊設備製造業；CD01030 汽車及其零件製造業；CD01040 機車及其零件製造業；CE01030 光學儀器製造業；F113050 電腦及事務性機器設備批發業；F113070 電信器材批發業,桃園市,變更,11509
12368179,優比速物流股份有限公司,桃園市蘆竹區山林路2段6號,楊子民(Steven Yang),756000000,71/02/16,115/09/11,一般補正案,G402011 海運承攬運送業；IZ06010 理貨包裝業；G801010 倉儲業；G601011 航空貨運承攬業；G701011 報關業；F401010 國際貿易業；CF01011 醫療器材製造業；F108031 醫療器材批發業；F208031 醫療器材零售業；ZZ99999 除許可業務外，得經營法令非禁止或限制之業務,桃園市,變更,11509
12497407,和巧股份有限公司,桃園市觀音區上大里13鄰中觀路一段767號,何志鴻,208070000,73/05/31,115/09/10,一般補正案,C805030 塑膠日用品製造業；C805050 工業用塑膠製品製造業；C805990 其他塑膠製品製造業；CF01011 醫療器材製造業；CH01040 玩具製造業；F108031 醫療器材批發業；F401010 國際貿易業；E603050 自動控制設備工程業；F113020 電器批發業；F213010 電器零售業,桃園市,變更,11509
12499995,台興電子企業股份有限公司,桃園市平鎮區工業六路4號6樓,吳頌仁,262990000,73/06/16,115/09/04,減資,C802090 清潔用品製造業；CA02050 閥類製造業；CA02990 其他金屬製品製造業；CC01030 電器及視聽電子產品製造業；CC01060 有線通信機械器材製造業；CC01070 無線通信機械器材製造業；CC01080 電子零組件製造業；CC01110 電腦及其週邊設備製造業；F401010 國際貿易業；F401021 電信管制射頻器材輸入業,桃園市,變更,11509
12529007,環泰企業股份有限公司,桃園市蘆竹區南崁路265號5樓,康智量,1886111080,73/07/25,115/09/15,減資,CA02060 製罐業；CC01060 有線通信機械器材製造業；CC01070 無線通信機械器材製造業；CC01080 電子零組件製造業；CD01030 汽車及其零件製造業９有關前各項產品及原物料之進出口貿易業務（期貨除外）。10農漁牧場、遊樂場、超級市場及旅館餐廳之經營。,桃園市,變更,11509
12534655,群韻科技有限公司,桃園市中壢區明德里廈門街225號(1樓),林逢緣,3000000,73/12/31,115/09/17,公司所在地,E603040 消防安全設備安裝工程業；E701010 通信工程業；F213010 電器零售業；F213060 電信器材零售業；E605010 電腦設備安裝業；EZ05010 儀器、儀表安裝工程業,桃園市,變更,11509
12697600,竣浩工程股份有限公司,桃園市中壢區成功里成章二街196號(1樓),吳茂盛,20000000,90/03/27,115/09/14,補選董事(常務董事.董事長)/監察人,E602011 冷凍空調工程業；E601010 電器承裝業；E601020 電器安裝業；E603040 消防安全設備安裝工程業；E603050 自動控制設備工程業；E501011 自來水管承裝商；E599010 配管工程業；E603010 電纜安裝工程業；E603090 照明設備安裝工程業；E604010 機械安裝業,桃園市,變更,11509
12704089,廣青環保科技股份有限公司,桃園市觀音區環科路218號(6樓),陳錦媛,33000000,89/11/16,115/09/08,改派董事/監察人,J101010 建築物清潔服務業；J101030 廢棄物清除業；J101040 廢棄物處理業；J101050 環境檢測服務業；J101070 放射性廢料處理服務業；F107080 環境用藥批發業；F107030 清潔用品批發業；F113100 污染防治設備批發業；F108040 化粧品批發業；J101080 資源回收業,桃園市,變更,11509
12723656,富必來實業股份有限公司,桃園市楊梅區新農街2段209巷93弄6號,梁永東,10000000,89/12/19,115/09/11,改選董事/監察人(一人法人股東指派董事/監察人),F401010 國際貿易業。；CC01030 電器製造業。；F113020 電器批發業。；F213010 電器零售業。；CC01050 資料儲存及處理設備製造業。；CC01080 電子零組件製造業。；F113050 事務性機器設備批發業。；F213030 事務性機器設備零售業。；F119010 電子材料批發業。；F219010 電子材料零售業。,桃園市,變更,11509
12727512,順光國際金屬工業股份有限公司,桃園市中壢區中正路二段433巷21號,李芳慶,17000000,89/12/26,115/09/24,改選董事/監察人(一人法人股東指派董事/監察人),H703100 不動產租賃業；H703090 不動產買賣業；F106010 五金批發業；F199990 其他批發業；F299990 其他零售業；F401010 國際貿易業；F111090 建材批發業；CA01990 其他非鐵金屬基本工業；CA05010 粉末冶金業；CA01130 銅材軋延、伸線、擠型業,桃園市,變更,11509
12753089,桐畯工業有限公司,桃園市平鎮區中豐路南勢二段460巷125號,柯沛成,3000000,90/02/22,115/09/10,修正章程,C801050 塑膠原料製造業。；C805050 工業用塑膠製品製造業。；C805030 塑膠日用品製造業。；CB01010 機械設備製造業。；CQ01010 模具製造業。；F113010 機械批發業。；F106030 模具批發業。；F401010 國際貿易業。,桃園市,變更,11509
12778080,泰欣通運有限公司,桃園市桃園區新埔六街101號22樓,周湘淩,25000000,90/04/04,115/09/01,一般補正案,G101061 汽車貨運業；JA01020 汽車拖吊業；F214010 汽車零售業；EZ02010 起重工程業；IZ06010 理貨包裝業；G801010 倉儲業；G202010 停車場經營業；H703100 不動產租賃業；IZ12010 人力派遣業；ZZ99999 除許可業務外，得經營法令非禁止或限制之業務,桃園市,變更,11509
12803476,大樹醫藥股份有限公司,桃園市桃園區復興路186號18樓,鄭明龍,1590851520,90/05/15,115/09/22,發行新股,F108021 西藥批發業；F208021 西藥零售業；F108031 醫療器材批發業；F208031 醫療器材零售業；F208050 乙類成藥零售業；F102170 食品什貨批發業；F203010 食品什貨、飲料零售業；F104110 布疋、衣著、鞋、帽、傘、服飾品批發業；F204110 布疋、衣著、鞋、帽、傘、服飾品零售業；F106020 日常用品批發業,桃園市,變更,11509
12810286,豐達保全股份有限公司,桃園市桃園區中寧里大興西路2段99號5樓之1,謝禎樺,40000000,90/05/25,115/09/23,改選董事/監察人(一人法人股東指派董事/監察人),I901011 保全業,桃園市,變更,11509
12841204,金戰神股份有限公司,桃園市桃園區汴洲里經國路888號13樓之1,謝福富,106609000,90/07/23,115/09/15,改選董事/監察人(一人法人股東指派董事/監察人),F114030 汽、機車零件配備批發業；F119010 電子材料批發業；F401010 國際貿易業；F113070 電信器材批發業；F213060 電信器材零售業；F214010 汽車零售業；F219010 電子材料零售業；CC01080 電子零組件製造業；F401021 電信管制射頻器材輸入業；CC01060 有線通信機械器材製造業,桃園市,變更,11509
12844194,映岱企業有限公司,桃園市中壢區興平里元化路二段126之2號2樓,劉芸羽,3010000,90/07/27,115/09/02,股東出資轉讓修正章程,F113050 電腦及事務性機器設備批發業；F213030 電腦及事務性機器設備零售業；F213080 機械器具零售業；F113030 精密儀器批發業；F213040 精密儀器零售業；F113010 機械批發業；E604010 機械安裝業；I501010 產品設計業；F401010 國際貿易業；F113110 電池批發業,桃園市,變更,11509
12883132,萱陽科技工程有限公司,桃園市平鎮區復興里14鄰民族路二段193巷19號(2樓),邱璧瑤,10000000,90/08/14,115/09/15,公司所在地,E602010 冷凍空調工程業；E601020 電器安裝業；E603030 通風系統安裝工程業；E603040 消防安全設備安裝工程業；E603050 自動控制設備工程業；E603010 電纜安裝工程業；E604010 機械安裝業；E605010 電腦設備安裝業；EZ05010 儀器、儀表安裝工程業；EZ09010 靜電防護及消除工程業,桃園市,變更,11509
12927477,華星光通科技股份有限公司,桃園市中壢區合江路6號,簡惠敏,1428020270,90/11/15,115/09/07,可轉換公司債換發新股,CC01080 電子零組件製造業。；F119010 電子材料批發業。；F219010 電子材料零售業。；F401010 國際貿易業。；I501010 產品設計業。,桃園市,變更,11509
12956269,虹御實業有限公司,桃園市桃園區藝文里藝文一街86之1號8樓,胡淑虹,5000000,90/10/29,115/09/07,申登機關變更（遷入，含卷）,F108040 化粧品批發業；F119010 電子材料批發業；F113030 精密儀器批發業；IG01010 生物技術服務業；F113010 機械批發業；F113050 電腦及事務性機器設備批發業；F113990 其他機械器具批發業；F106020 日常用品批發業；F401010 國際貿易業；ZZ99999 除許可業務外，得經營法令非禁止或限制之業務,桃園市,變更,11509
12965252,果核設計有限公司,桃園市龍潭區建國路240號(1樓),陳國信,6500000,90/12/05,115/09/04,一般補正案,E201010 景觀工程業；E801010 室內裝潢業；I501010 產品設計業；I503010 景觀、室內設計業；I504010 花藝設計業；F401010 國際貿易業。；F105010 家具批發業。,桃園市,變更,11509
12977721,潤融投資股份有限公司,桃園市桃園區同德六街127號12樓,陳李千惠,100000000,91/01/15,115/09/18,董事/監察人持股變動報備,H201010 一般投資業,桃園市,變更,11509
12997162,晉禾五金股份有限公司,桃園市觀音區大潭里濱海路大潭段293號,張麗貞,12000000,90/12/21,115/09/23,一般補正案,F108031 醫療器材批發業；F208031 醫療器材零售業；F401010 國際貿易業；ZZ99999 除許可業務外，得經營法令非禁止或限制之業務；F106010 五金批發業；F206010 五金零售業；F102040 飲料批發業；F206040 水器材料零售業；F203010 食品什貨、飲料零售業,桃園市,變更,11509
13001072,真鍋事業股份有限公司,桃園市桃園區中寧里大興西路二段6號6樓之5,林德安,29500000,90/12/28,115/09/04,改選董事/監察人(一人法人股東指派董事/監察人),F102170 食品什貨批發業；F106020 日常用品批發業；F113020 電器批發業；F501030 飲料店業；F501060 餐館業；F203010 食品什貨、飲料零售業；F601010 智慧財產權業；F401010 國際貿易業；G801010 倉儲業；I503010 景觀、室內設計業,桃園市,變更,11509
13008808,連距電機股份有限公司,桃園市新屋區清華里清華一街190號,陳明文,447000000,91/01/11,115/09/17,一般補正案,CC01010 發電、輸電、配電機械製造業；CC01990 其他電機及電子機械器材製造業；C804020 工業用橡膠製品製造業；F401010 國際貿易業；CA04010 表面處理業；CA03010 熱處理業；ZZ99999 除許可業務外，得經營法令非禁止或限制之業務,桃園市,變更,11509
13026714,竣堡工程有限公司,桃園市桃園區藝文里藝文一街86之6號5樓,黃品恩,3000000,91/02/08,115/09/15,公司所在地,F111070 建材批發業；F120010 耐火材料批發業；E801010 室內裝潢業；E801030 室內輕鋼架工程業；E801070 廚具、衛浴設備安裝工程業；E901010 油漆工程業,桃園市,變更,11509
13027559,銓宏實業股份有限公司,桃園市中壢區新街里延平路261號9樓,許惠玲,5000000,91/02/08,115/09/21,一般補正案,F114030 汽、機車零件配備批發業。；F114050 車胎批發業。；F104110 布疋、衣著、鞋、帽、傘、服飾品批發業；F106010 五金批發業。；F214050 車胎零售業。；F204110 布疋、衣著、鞋、帽、傘、服飾品零售業；F214030 汽、機車零件配備零售業；F206010 五金零售業。；F401010 國際貿易業。；ZZ99999 除許可業務外，得經營法令非禁止或限制之業務,桃園市,變更,11509
13028446,新康卓科技股份有限公司,桃園市中壢區林森路23號3樓之5,卓麗珍,5000000,91/02/15,115/09/11,改選董事/監察人(一人法人股東指派董事/監察人),EZ15010 保溫、保冷安裝工程業；EZ02010 起重工程業；E801010 室內裝潢業；E801020 門窗安裝工程業；E801030 室內輕鋼架工程業；E801040 玻璃安裝工程業；E603100 電焊工程業；E604010 機械安裝業；E599010 配管工程業；E901010 油漆工程業,桃園市,變更,11509
13032510,嘉紘工程有限公司,桃園市平鎮區金星里南京路260號,邱美玲,5000000,91/02/25,115/09/11,股東出資轉讓修正章程,E601011 電器承裝業；ZZ99999 除許可業務外，得經營法令非禁止或限制之業務,桃園市,變更,11509
13035875,南祥加油站股份有限公司,桃園市龜山區南美里南祥路86號,劉明河,6000000,91/03/04,115/09/10,改選董事/監察人(一人法人股東指派董事/監察人),F212011 加油站業；ZZ99999 除許可業務外，得經營法令非禁止或限制之業務,桃園市,變更,11509
13072218,齊御營造股份有限公司,桃園市平鎮區長安路1巷23之3號,瞿伶娜,3600000,91/04/19,115/09/04,一般補正案,E101011 綜合營造業；E401010 疏濬業；E402010 沙石、淤泥海拋業；E599010 配管工程業；E603010 電纜安裝工程業；E603040 消防安全設備安裝工程業；E603080 交通號誌安裝工程業；E603090 照明設備安裝工程業；E605010 電腦設備安裝業；E801010 室內裝潢業,桃園市,變更,11509
13079649,聯策科技股份有限公司,桃園市中壢區新生路3段255巷168號、168號3樓,林文彬,383700000,91/04/29,115/09/03,發行新股,CB01010 機械設備製造業；CC01030 電器及視聽電子產品製造業；CC01040 照明設備製造業；CC01070 無線通信機械器材製造業；CC01120 資料儲存媒體製造及複製業；CE01010 一般儀器製造業；CE01030 光學儀器製造業；E603050 自動控制設備工程業；E604010 機械安裝業；F113010 機械批發業,桃園市,變更,11509
13112324,勇慶投資股份有限公司,桃園市龍潭區民有一街231之6號11樓,賴秀珍,10200000,91/05/01,115/09/29,改選董事/監察人(一人法人股東指派董事/監察人),H201010 一般投資業,桃園市,變更,11509
13124638,捷毅國際股份有限公司,桃園市桃園區瑞慶里中正路1353號4樓,丁淑芬,180000000,91/06/05,115/09/10,修正章程,F119010 電子材料批發業；F118010 資訊軟體批發業；F109070 文教、樂器、育樂用品批發業；F113050 電腦及事務性機器設備批發業；F113020 電器批發業；E605010 電腦設備安裝業；I301010 資訊軟體服務業；I301020 資料處理服務業；I301030 電子資訊供應服務業；I501010 產品設計業,桃園市,變更,11509
13137676,利達國際股份有限公司,桃園市龜山區復興南路17號2樓之1,吳政穎,8000000,91/07/11,115/09/01,一般補正案,F104110 布疋、衣著、鞋、帽、傘、服飾品批發業；F111090 建材批發業；F119010 電子材料批發業；F204110 布疋、衣著、鞋、帽、傘、服飾品零售業；F211010 建材零售業；F219010 電子材料零售業；F401010 國際貿易業；H701010 住宅及大樓開發租售業；ZZ99999 除許可業務外，得經營法令非禁止或限制之業務,桃園市,變更,11509
16071698,天加股份有限公司,桃園市中壢區忠義里自強三路2號,周智慧,343600000,86/07/21,115/09/24,改選董事/監察人(一人法人股東指派董事/監察人),C301010 紡紗業；C302010 織布業；C303010 不織布業；C306010 成衣業；C399990 其他紡織及製品製造業；CC01080 電子零組件製造業；F104110 布疋、衣著、鞋、帽、傘、服飾品批發業；F119010 電子材料批發業；F204110 布疋、衣著、鞋、帽、傘、服飾品零售業；F401010 國際貿易業,桃園市,變更,11509
16081838,美商康普通訊科技股份有限公司,桃園市桃園區新埔六街97號23樓,Lance Edward D’Amico,5000000,86/05/09,115/09/02,改派在中華民國境內負責人變更登記,F113020 電器批發業；F113050 電腦及事務性機器設備批發業；F113070 電信器材批發業；F213030 電腦及事務性機器設備零售業；F213060 電信器材零售業；F213010 電器零售業；G801010 倉儲業；F401021 電信管制射頻器材輸入業；CB01010 機械設備製造業；CC01010 發電、輸電、配電機械製造業,桃園市,變更,11509
16091998,華潔洗滌股份有限公司,桃園市蘆竹區坑口里11鄰三德街54巷7號,李坤,250000000,86/09/08,115/09/09,一般補正案,C305010 印染整理業；JA03010 洗衣業；C306010 成衣業；C307010 服飾品製造業；I502010 服飾設計業；F107030 清潔用品批發業；F207030 清潔用品零售業；F213080 機械器具零售業；F113010 機械批發業；F107020 染料、顏料批發業,桃園市,變更,11509
16095404,豐達科技股份有限公司,桃園市平鎮區太平東路5號,蔡豐賜,643831550,86/10/14,115/09/14,認股憑證換發新股,CD01060 航空器及其零件製造業；CD01010 船舶及其零件製造業；CD01020 軌道車輛及其零件製造業；CD01030 汽車及其零件製造業；CD01990 其他運輸工具及其零件製造業；F401010 國際貿易業；I501010 產品設計業；J101030 廢棄物清除業；J101040 廢棄物處理業；J101080 資源回收業,桃園市,變更,11509
16138163,耀騰股份有限公司,桃園市龜山區民生北路一段534號3樓,梁夷麟,102500000,86/07/24,115/09/11,董事/監察人持股變動報備,F401010 國際貿易業；F119010 電子材料批發業；CC01080 電子零組件製造業；I501010 產品設計業；F113010 機械批發業；I301010 資訊軟體服務業；I301030 電子資訊供應服務業；F113020 電器批發業；F113030 精密儀器批發業；F113050 電腦及事務性機器設備批發業,桃園市,變更,11509
16138282,合晶科技股份有限公司,桃園市龍潭區龍園一路100號,焦平海,6253056620,86/07/24,115/09/01,可轉換公司債換發新股,CC01080 電子零組件製造業；C801990 其他化學材料製造業；CB01010 機械設備製造業；F401010 國際貿易業研發、設計、製造及銷售下列產品：1.半導體矽晶材料2.半導體磊晶材料3.化合物半導體材料4.兼營與前項產品相關之產品技術諮詢、服務業務及進出口貿易業務,桃園市,變更,11509
16229971,碩展興業有限公司,桃園市龜山區福源里大同路356巷64弄1號,黃素珠,3000000,86/09/27,115/09/21,股東出資轉讓修正章程,,桃園市,變更,11509
16237591,鴻碩貨運有限公司,桃園市楊梅區中山北路一段42號,陳玉珠,25000000,86/10/07,115/09/17,股東出資轉讓修正章程,G101061 汽車貨運業；EZ02010 起重工程業；IZ06010 理貨包裝業；G801010 倉儲業；IZ12010 人力派遣業；G202010 停車場經營業；J101030 廢棄物清除業；F114010 汽車批發業；F114030 汽、機車零件配備批發業；F114050 車胎批發業,桃園市,變更,11509
16243897,鋐陽建設有限公司,桃園市中壢區水尾里華夏路22號,張仕廷,25000000,86/10/15,115/09/16,公司印鑑變更,H701010 住宅及大樓開發租售業。；H701020 工業廠房開發租售業。；H701030 納骨塔開發租售業。；H701040 特定專業區開發業。；H701050 投資興建公共建設業。；H701060 新巿鎮、新社區開發業。；F106010 五金批發業。；F206010 五金零售業。；F113020 電器批發業。；F213010 電器零售業。,桃園市,變更,11509
16273857,倍力空油壓自動化機械有限公司,桃園市龜山區萬壽路二段662之8號1樓,趙炳衡,1000000,86/11/21,115/09/29,股東出資轉讓修正章程,,桃園市,變更,11509
16292783,藍海有限公司,桃園市大溪區僑愛一街101號,王秀惠,2000000,86/12/24,115/09/21,減少所營事業變更修正章程,F101130 蔬果批發業；F102030 菸酒批發業；F102040 飲料批發業；F102170 食品什貨批發業；F104110 布疋、衣著、鞋、帽、傘、服飾品批發業；F105050 家具、寢具、廚房器具、裝設品批發業；F109070 文教、樂器、育樂用品批發業；F111090 建材批發業；F113010 機械批發業；F113020 電器批發業,桃園市,變更,11509
16293066,連伸科技股份有限公司,桃園市蘆竹區蘆興街59號,陳介修,104680000,86/12/24,115/09/03,一般補正案,CC01110 電腦及其週邊設備製造業；F113050 電腦及事務性機器設備批發業；CC01080 電子零組件製造業；F119010 電子材料批發業；C801100 合成樹脂及塑膠製造業；F107200 化學原料批發業；F401010 國際貿易業；CC01040 照明設備製造業；E603090 照明設備安裝工程業；ZZ99999 除許可業務外，得經營法令非禁止或限制之業務,桃園市,變更,11509
16339387,裕閎工業股份有限公司,桃園市桃園區建國里建國路62號,鄭圳成,500000,86/12/10,115/09/04,減資,F106010 五金批發業；F106030 模具批發業；F113010 機械批發業；F113030 精密儀器批發業；F114030 汽、機車零件配備批發業；F114990 其他交通運輸工具及其零件批發業；F206010 五金零售業；F206030 模具零售業；F213040 精密儀器零售業；F213080 機械器具零售業,桃園市,變更,11509
16343426,宏銓有限公司,桃園市龜山區萬壽路一段1247巷9號,林鳳嬌,1000000,86/12/16,115/09/22,改推董事/董事長,C601040 加工紙業。,桃園市,變更,11509
16359290,鉅倞有限公司,桃園市觀音區中山路二段538之2號,吳東倞,3000000,87/01/05,115/09/11,負責人印鑑變更,,桃園市,變更,11509
16371695,龍行文教事業股份有限公司,桃園市平鎮區明德北路25號9樓,陳昱行,10000000,87/01/23,115/09/22,公司所在地,J304010 圖書出版業；F109070 文教、樂器、育樂用品批發業；F601010 智慧財產權業；F218010 資訊軟體零售業；I301010 資訊軟體服務業；I301020 資料處理服務業；I301030 電子資訊供應服務業；I401010 一般廣告服務業；I103060 管理顧問業；I199990 其他顧問服務業,桃園市,變更,11509
16395824,錦展實業股份有限公司,桃園市觀音區玉林路二段71號,温錦輝,120500000,87/03/06,115/09/07,公司所營事業變更修正章程,C301010 紡紗業；C302010 織布業；C305010 印染整理業；C306010 成衣業；F104110 布疋、衣著、鞋、帽、傘、服飾品批發業；F107020 染料、顏料批發業；F401010 國際貿易業；H703100 不動產租賃業；H701010 住宅及大樓開發租售業；H701020 工業廠房開發租售業,桃園市,變更,11509
16398316,波銲電機工業有限公司,桃園市平鎮區宋屋里快速路三段795號1樓,張祥添,900000,87/03/10,115/09/23,公司所營事業變更修正章程,CB01010 機械設備製造業。；F113010 機械批發業。；F213080 機械器具零售業。；E599010 配管工程業；E603100 電焊工程業；E603110 冷作工程業；E603120 噴砂工程業；E903010 防蝕、防銹工程業；CB01990 其他機械製造業；CC01080 電子零組件製造業,桃園市,變更,11509
16519064,鴻威消防科技股份有限公司,桃園市觀音區新坡里中山路2段1巷1號,戴國權,5000000,87/06/05,115/09/23,改選董事/監察人(一人法人股東指派董事/監察人),E603040 消防安全設備安裝工程業。；F217010 消防安全設備零售業。；F117010 消防安全設備批發業。；IF01010 消防安全設備檢修業；E603030 通風系統安裝工程業；E599010 配管工程業；E604010 機械安裝業；I103010 企業經營管理顧問業；F120010 耐火材料批發業,桃園市,變更,11509
16521104,旺洋生技食品有限公司,桃園市桃園區宏昌八街61巷22號(1樓),戴志龍,9857924,87/06/08,115/09/07,股東出資轉讓修正章程,F102030 菸酒批發業；F203020 菸酒零售業；F101050 水產品批發業；F201010 農產品零售業；F201030 水產品零售業；F401010 國際貿易業；F111090 建材批發業；A102020 農產品整理業；ZZ99999 除許可業務外，得經營法令非禁止或限制之業務；A301030 水產養殖業,桃園市,變更,11509
16534712,采鑫科技股份有限公司,桃園市大園區內海里民族街11號,楊慧珍,61200000,87/06/24,115/09/02,一般補正案,C702010 製版業。；F119010 電子材料批發業。；CC01080 電子零組件製造業。；C801990 其他化學材料製造業；C802990 其他化學製品製造業；F107200 化學原料批發業；F107990 其他化學製品批發業；ZZ99999 除許可業務外，得經營法令非禁止或限制之業務,桃園市,變更,11509
16543141,天下景觀工程有限公司,桃園市桃園區莊敬路二段396巷71號1樓,黃文進,20000000,87/07/06,115/09/24,修正章程,A101011 種苗業；A101020 農作物栽培業；A101050 花卉栽培業；H701010 住宅及大樓開發租售業；H701050 投資興建公共建設業；H701060 新市鎮、新社區開發業；H701070 區段徵收及市地重劃代辦業；H701090 都市更新整建維護業；I503010 景觀、室內設計業；ZZ99999 除許可業務外，得經營法令非禁止或限制之業務,桃園市,變更,11509
16557571,亞太興機械有限公司,桃園市蘆竹區南山路一段31號7樓之11,黃錫煌,20000000,87/07/27,115/09/04,股東出資轉讓修正章程,F113010 機械批發業。；F213080 機械器具零售業。；E604010 機械安裝業。；E603050 自動控制設備工程業。；F106010 五金批發業。；F206010 五金零售業。；CB01010 機械設備製造業。；F401010 國際貿易業。；F401030 製造輸出業。,桃園市,變更,11509
16574853,永成開發資訊有限公司,桃園市中壢區普強里和祥街112號(2樓),徐瑜隆,5010000,87/08/15,115/09/09,公司所在地,E605010 電腦設備安裝業；F116010 照相器材批發業；F113050 電腦及事務性機器設備批發業；F209060 文教、樂器、育樂用品零售業；F213010 電器零售業；F213060 電信器材零售業；F213030 電腦及事務性機器設備零售業；F218010 資訊軟體零售業；I301010 資訊軟體服務業；I301020 資料處理服務業,桃園市,變更,11509
16596982,順達科技股份有限公司,桃園市龜山區樂善里文禾路188號13樓,鍾聰明,1543870210,87/07/15,115/09/14,認股憑證換發新股,CC01010 發電、輸電、配電機械製造業；CC01090 電池製造業；CC01080 電子零組件製造業；F401010 國際貿易業；H701010 住宅及大樓開發租售業；H701020 工業廠房開發租售業；H701040 特定專業區開發業；H701060 新市鎮、新社區開發業；H703090 不動產買賣業；H703100 不動產租賃業,桃園市,變更,11509
16618536,軒鋐科技股份有限公司,桃園市桃園區明德里中正路1223號14樓,余福強,15350000,87/08/19,115/09/17,一般補正案,I301010 資訊軟體服務業；I301020 資料處理服務業；I301030 電子資訊供應服務業；E603050 自動控制設備工程業；E605010 電腦設備安裝業；E701010 電信工程業；F113050 電腦及事務性機器設備批發業；F113070 電信器材批發業；F118010 資訊軟體批發業；F213030 電腦及事務性機器設備零售業,桃園市,變更,11509
16649691,慶皇水泥股份有限公司,桃園市觀音區廣興里保興路1段228號,呂學翔,95000000,87/09/05,115/09/23,董事/監察人持股變動報備,C901030 水泥製造業；C901040 預拌混凝土製造業；C901050 水泥及混凝土製品製造業；EZ99990 其他工程業；F111090 建材批發業；F211010 建材零售業；F199010 回收物料批發業；ZZ99999 除許可業務外，得經營法令非禁止或限制之業務,桃園市,變更,11509
16691254,亨通國際開發股份有限公司,桃園市中壢區定安路4號,曾偉驊,515000000,87/11/06,115/09/01,改選董事/監察人(一人法人股東指派董事/監察人),CD01030 汽車及其零件製造業；CD01040 機車及其零件製造業；CD01050 自行車及其零件製造業；F401030 製造輸出業,桃園市,變更,11509
16728689,峻鼎電機有限公司,桃園市大溪區義和里康莊路3段596號,林威丞,25000000,88/01/11,115/09/23,股東出資轉讓修正章程,CC01010 發電、輸電、配電機械製造業；F401010 國際貿易業；CE01021 度量衡器製造業；CA02990 其他金屬製品製造業；CB01010 機械設備製造業；CB01030 污染防治設備製造業；CB01990 其他機械製造業；CC01020 電線及電纜製造業；CC01080 電子零組件製造業；CC01990 其他電機及電子機械器材製造業,桃園市,變更,11509
16860440,川寶科技股份有限公司,桃園市蘆竹區內厝里長興路3段277巷33號,張鴻明,575548960,88/02/19,115/09/03,可轉換公司債換發新股,F113010 機械批發業；F213080 機械器具零售業；E604010 機械安裝業；CB01010 機械設備製造業；F401010 國際貿易業；I301010 資訊軟體服務業；JE01010 租賃業；C805050 工業用塑膠製品製造業；CC01080 電子零組件製造業；CD01060 航空器及其零件製造業,桃園市,變更,11509
16876750,紘翊營造有限公司,桃園市龍潭區上林里金龍三街6號(1樓),藍淑怡,5000000,88/03/23,115/09/21,股東出資轉讓修正章程,E101011 綜合營造業；E402010 沙石、淤泥海拋業；E599010 配管工程業；E601010 電器承裝業；E601020 電器安裝業；E603040 消防安全設備安裝工程業；E603080 交通號誌安裝工程業；E603090 照明設備安裝工程業；E604010 機械安裝業；E801010 室內裝潢業,桃園市,變更,11509
16887193,黛莉股份有限公司,桃園市桃園區經國路246號11樓,蕭黛莉,190000000,88/04/07,115/09/10,董事(常務董事.董事長)/監察人解任,F104110 布疋、衣著、鞋、帽、傘、服飾品批發業；F204110 布疋、衣著、鞋、帽、傘、服飾品零售業；F401010 國際貿易業；C301010 紡紗業；C302010 織布業；C305010 印染整理業；C307010 服飾品製造業；I103060 管理顧問業；I501010 產品設計業；I502010 服飾設計業,桃園市,變更,11509
16896989,森崧交通股份有限公司,桃園市大園區橫峰里航青路一段627巷61號(1樓),吳文靜,25000000,88/04/20,115/09/08,改選董事/監察人(一人法人股東指派董事/監察人),G101061 汽車貨運業；G202010 停車場經營業；G801010 倉儲業；G799990 其他運輸輔助業；F401010 國際貿易業；F114010 汽車批發業；F214010 汽車零售業；IZ06010 理貨包裝業；JA01990 其他汽車服務業；JZ99050 仲介服務業,桃園市,變更,11509
16939734,國郡股份有限公司,桃園市桃園區國聖一街63號7樓之1,曾振茂,35000000,88/06/11,115/09/22,改選董事/監察人(一人法人股東指派董事/監察人),F401010 國際貿易業；F102020 食用油脂批發業；F102030 菸酒批發業；F102040 飲料批發業；F104110 布疋、衣著、鞋、帽、傘、服飾品批發業；F106020 日常用品批發業；F107030 清潔用品批發業；F113020 電器批發業；F109070 文教、樂器、育樂用品批發業；F102170 食品什貨批發業,桃園市,變更,11509
16957979,湛珈有限公司,桃園市蘆竹區蘆竹里富國路三段1380號,陳志忠,100000000,88/07/12,115/09/04,公司所營事業變更修正章程,C306010 成衣業；C307010 服飾品製造業；C399990 其他紡織及製品製造業；C302010 織布業；C303010 不織布業；C301010 紡紗業；F104110 布疋、衣著、鞋、帽、傘、服飾品批發業；F204110 布疋、衣著、鞋、帽、傘、服飾品零售業；F399040 無店面零售業；F113010 機械批發業,桃園市,變更,11509
16981943,蕃薯藤有限公司,桃園市桃園區泰山里縣府路130號1樓,黃振龍,20000000,88/08/13,115/09/03,股東出資轉讓修正章程,A101020 農作物栽培業；A102020 農產品整理業；F101990 其他農、畜、水產品批發業；F102040 飲料批發業；F102050 茶葉批發業；F102170 食品什貨批發業；F201010 農產品零售業；F201990 其他農畜水產品零售業；F203010 食品什貨、飲料零售業；C103050 罐頭、冷凍、脫水及醃漬食品製造業,桃園市,變更,11509
20819325,名超企業股份有限公司,桃園市八德區大發里後庄街51號,羅遠瑋,442500000,68/04/27,115/09/04,發行新股,C805070 強化塑膠製品製造業；F101130 蔬果批發業；F201010 農產品零售業；F401010 國際貿易業；F102170 食品什貨批發業；F203010 食品什貨、飲料零售業；C805050 工業用塑膠製品製造業；C805990 其他塑膠製品製造業；E599010 配管工程業；CB01010 機械設備製造業,桃園市,變更,11509
20904011,星誼企業股份有限公司,桃園市觀音區大同一路13號,林廷芳,233581250,70/10/22,115/09/03,董事/監察人持股變動報備,C802200 塗料、油漆、染料及顏料製造業；C805050 工業用塑膠製品製造業；C901010 陶瓷及陶瓷製品製造業；C901070 石材製品製造業；C901990 其他非金屬礦物製品製造業；CA02050 閥類製造業；CB01010 機械設備製造業；CB01990 其他機械製造業；CC01010 發電、輸電、配電機械製造業；CC01030 電器及視聽電子產品製造業,桃園市,變更,11509
22142215,欣蓮企業有限公司,桃園市八德區廣隆里廣福路313號1樓,魏良羽,5000000,75/06/02,115/09/04,股東出資轉讓修正章程,CA02090 金屬線製品製造業；C802100 化粧品製造業；F108040 化粧品批發業；F401010 國際貿易業；F119010 電子材料批發業；ZZ99999 除許可業務外，得經營法令非禁止或限制之業務,桃園市,變更,11509
22172293,龍翰科技股份有限公司,桃園市中壢區東園路13號,袁万丁,426500000,75/07/18,115/09/10,一般補正案,CC01110 電腦及其週邊設備製造業；CC01020 電線及電纜製造業；CC01030 電器及視聽電子產品製造業；CC01080 電子零組件製造業；CC01990 其他電機及電子機械器材製造業；F401010 國際貿易業；ZZ99999 除許可業務外，得經營法令非禁止或限制之業務,桃園市,變更,11509
22201564,珊大鑄造股份有限公司,桃園市桃園區三元里三元街400號,吳敏嚴,1000000,75/06/06,115/09/21,改選董事/監察人(一人法人股東指派董事/監察人),CB01010 機械設備製造業；CA01030 鋼鐵鑄造業；H703100 不動產租賃業；JZ99050 仲介服務業；CB01990 其他機械製造業；F106010 五金批發業；F113010 機械批發業；F113990 其他機械器具批發業；F206010 五金零售業；F213080 機械器具零售業,桃園市,變更,11509
22229177,佑承企業有限公司,桃園市中壢區東興里新興路271號,許哲榕,29000000,75/07/24,115/09/29,股東出資轉讓修正章程,,桃園市,變更,11509
22237373,倡榮工業股份有限公司,桃園市觀音區廣福里大福路230巷99號,陳榮富,18000000,75/08/07,115/09/22,改選董事/監察人(一人法人股東指派董事/監察人),,桃園市,變更,11509
22266469,鳳慶通運股份有限公司,桃園市大溪區公園三街161號,陳紋凰,25000000,75/10/23,115/09/04,董事/監察人持股變動報備,G101061 汽車貨運業；F214010 汽車零售業；ZZ99999 除許可業務外，得經營法令非禁止或限制之業務,桃園市,變更,11509
22273644,六俊電機儀具股份有限公司,桃園市中壢區文化里吉林路27-2號2樓,賴介村,624954230,75/09/17,115/09/11,認股憑證換發新股,CB01010 機械設備製造業；CB01990 其他機械製造業；CC01010 發電、輸電、配電機械製造業；CC01030 電器及視聽電子產品製造業；CC01060 有線通信機械器材製造業；CC01080 電子零組件製造業；CC01990 其他電機及電子機械器材製造業；CD01010 船舶及其零件製造業；CD01020 軌道車輛及其零件製造業；CD01030 汽車及其零件製造業,桃園市,變更,11509
22374452,川慶化學股份有限公司,桃園市觀音區大同二路15號,李承宗,100000000,76/01/08,115/09/29,增資(資本總額),F107060 毒性及關注化學物質批發業；F107200 化學原料批發業；F107990 其他化學製品批發業；F207060 毒性及關注化學物質零售業；F207200 化學原料零售業；F207990 其他化學製品零售業；F401010 國際貿易業；F399040 無店面零售業；C801010 基本化學工業；C801030 精密化學材料製造業,桃園市,變更,11509
22379029,宣鑫工業股份有限公司,桃園市楊梅區和平路236巷18號,李友仁,42600000,76/01/14,115/09/17,董事/監察人持股變動報備,CA01050 鋼材二次加工業；CA02990 其他金屬製品製造業；CQ01010 模具製造業；F106010 五金批發業；F106030 模具批發業；F206010 五金零售業；F206030 模具零售業；F401010 國際貿易業；ZZ99999 除許可業務外，得經營法令非禁止或限制之業務,桃園市,變更,11509
22379999,奇穗織造股份有限公司,桃園市楊梅區裕成里光裕北街65號(1樓),賴戴碧玉,10000000,76/01/16,115/09/03,公司所在地,F104110 布疋、衣著、鞋、帽、傘、服飾品批發業；F113020 電器批發業；F113050 電腦及事務性機器設備批發業；F113070 電信器材批發業；F119010 電子材料批發業；F401010 國際貿易業；C302010 織布業；ZZ99999 除許可業務外，得經營法令非禁止或限制之業務,桃園市,變更,11509
22387344,昱暐工業股份有限公司,桃園市桃園區玉山里玉山街179巷12號,謝文聰,109000000,76/02/04,115/09/24,董事/監察人持股變動報備,CA02010 金屬結構及建築組件製造業；CB01010 機械設備製造業；CC01990 其他電機及電子機械器材製造業；CP01010 手工具製造業；CQ01010 模具製造業；CB01030 污染防治設備製造業；E604010 機械安裝業；F113010 機械批發業；F213080 機械器具零售業；F401010 國際貿易業,桃園市,變更,11509
22391543,同進鋼鐵股份有限公司,桃園市龜山區大同里大同路334號,陳國賢,220552000,76/02/11,115/09/01,一般補正案,,桃園市,變更,11509
22410817,神岡電機有限公司,桃園市八德區茄苳里永豐路226巷31號,鄭孫麟,5000000,76/03/21,115/09/02,股東出資轉讓修正章程,,桃園市,變更,11509
22415854,健策精密工業股份有限公司,桃園市龜山區文化里19鄰科技一路40號,趙宗信,1472038780,76/03/28,115/09/07,發行新股,CQ01010 模具製造業；F106010 五金批發業；CC01030 電器及視聽電子產品製造業；F119010 電子材料批發業；CB01010 機械設備製造業；CB01990 其他機械製造業；CC01110 電腦及其週邊設備製造業；CC01080 電子零組件製造業。；C805050 工業用塑膠製品製造業；CA02080 金屬鍛造業,桃園市,變更,11509
22517206,永昇汽車修配廠股份有限公司,桃園市桃園區中山路507巷46號,楊榮坤,20000000,76/06/16,115/09/10,董事/監察人持股變動報備,JA01010 汽車修理業；F114030 汽、機車零件配備批發業；F214030 汽、機車零件配備零售業；JA01990 其他汽車服務業；F214010 汽車零售業；JA01020 汽車拖吊業；HZ99990 其他金融、保險及不動產業；IZ99990 其他工商服務業；G202010 停車場經營業；F401010 國際貿易業,桃園市,變更,11509
22578337,永高五金開發股份有限公司,桃園市平鎮區平興里延平路2段372號,劉坤長,25000000,76/08/08,115/09/15,改選董事/監察人(一人法人股東指派董事/監察人),F104110 布疋、衣著、鞋、帽、傘、服飾品批發業；F105050 家具、寢具、廚房器具、裝設品批發業；F106010 五金批發業；F106020 日常用品批發業；F107010 漆料、塗料批發業；F107020 染料、顏料批發業；F107170 工業助劑批發業；F107190 塑膠膜、袋批發業；F113010 機械批發業；F113090 交通標誌器材批發業,桃園市,變更,11509
22592942,再興紙業有限公司,桃園市八德區大正里桃德路200巷55弄8衖1號,黃傳政,5000000,76/09/04,115/09/04,股東出資轉讓修正章程,,桃園市,變更,11509
22601576,昇銳智慧科技股份有限公司,桃園市八德區長興路673號,江添貴,501565380,76/09/23,115/09/17,發行新股,CC01030 電器及視聽電子產品製造業；CC01060 有線通信機械器材製造業；CC01070 無線通信機械器材製造業；CC01080 電子零組件製造業；CC01110 電腦及其週邊設備製造業；CC01120 資料儲存媒體製造及複製業；CD01030 汽車及其零件製造業；CE01030 光學儀器製造業；E601010 電器承裝業；E601020 電器安裝業,桃園市,變更,11509
22640120,揚昇育樂事業股份有限公司,桃園市楊梅區永寧里楊昇路256號地下層1、2及1、2、3樓,葉照珍,180000000,76/09/17,115/09/23,一般補正案,J801010 高爾夫球場業；J801030 競技及休閒運動場館業；J901020 一般旅館業；J303010 雜誌（期刊）出版業；J701040 休閒活動場館業；J802010 運動訓練業；J803010 運動表演業；J803020 運動比賽業；JZ99080 美容美髮服務業；JZ99110 瘦身美容業,桃園市,變更,11509
22644701,啟瑞通商股份有限公司,桃園市桃園區永安路870號,江衍臻,12000000,76/09/02,115/09/02,一般補正案,F109070 文教、樂器、育樂用品批發業；F209060 文教、樂器、育樂用品零售業；F401010 國際貿易業；F113990 其他機械器具批發業；F213990 其他機械器具零售業；F199990 其他批發業；F399990 其他綜合零售業；ZZ99999 除許可業務外，得經營法令非禁止或限制之業務,桃園市,變更,11509
22649001,世紀鋼鐵結構股份有限公司,桃園市觀音區金湖里3鄰中山路1段1119號,賴文祥,2668966650,76/10/09,115/09/22,補繳規費,CA01050 鋼材二次加工業；CA02010 金屬結構及建築組件製造業；CA01030 鋼鐵鑄造業；CA02060 金屬容器製造業；E103011 鋼構工程專業營造業；F106010 五金批發業；F111090 建材批發業；F401010 國際貿易業；CC01010 發電、輸電、配電機械製造業；CB01010 機械設備製造業,桃園市,變更,11509
22675838,明煜五金有限公司,桃園市八德區大明里桃鶯路20號,黃淑卿,1100000,76/10/30,115/09/16,股東出資轉讓修正章程,,桃園市,變更,11509
22684359,豪倫電子股份有限公司,桃園市楊梅區幼獅工業區幼四路5號,,0,76/11/19,115/09/29,申登機關變更（遷入，含卷）,,桃園市,變更,11509
22693998,順寶機械工業有限公司,桃園市八德區永豐里華康街207巷16號,鄧貴香,3000000,76/12/08,115/09/01,股東出資轉讓修正章程,CB01010 機械設備製造業；CB01990 其他機械製造業；E603020 電梯安裝工程業；E603050 自動控制設備工程業；E603100 電焊工程業；E604010 機械安裝業；E801020 門窗安裝工程業；E801030 室內輕鋼架工程業；E801040 玻璃安裝工程業；EZ99990 其他工程業,桃園市,變更,11509
22706311,三陽通信企業有限公司,桃園市桃園區中正里廈門街67號1樓,林惠玉,20000000,77/01/05,115/09/18,公司所營事業變更修正章程,E601010 電器承裝業；E601020 電器安裝業；E603010 電纜安裝工程業；E605010 電腦設備安裝業；E701020 衛星電視ＫＵ頻道、Ｃ頻道器材安裝業；E701030 電信管制射頻器材裝設工程業；E701040 簡易電信設備安裝業；EZ05010 儀器、儀表安裝工程業；F113020 電器批發業；F113050 電腦及事務性機器設備批發業,桃園市,變更,11509
22768033,進興輪業有限公司,桃園市桃園區光興里中山路416號,黃煜儒,3000000,77/01/22,115/09/01,公司所在地,JA02020 機車修理業；JA02030 自行車修理業；F214020 機車零售業；F214040 自行車及其零件零售業；F214050 車胎零售業；F213110 電池零售業；JZ99050 仲介服務業；IZ99990 其他工商服務業；F401010 國際貿易業；J101990 其他環境衛生及污染防治服務業,桃園市,變更,11509
22773079,高技企業股份有限公司,桃園市桃園區興邦路43巷3號,張景山,929767510,77/01/29,115/09/23,可轉換公司債換發新股,ZZ99999 除許可業務外，得經營法令非禁止或限制之業務,桃園市,變更,11509
22787159,全泰小客車租賃有限公司,桃園市大園區菓林路506號1樓,陳彥宏,5000000,77/03/03,115/09/03,股東出資轉讓修正章程,,桃園市,變更,11509
22806331,日紅實業股份有限公司,桃園市龜山區茶專一街124號,張添連,30000000,77/04/07,115/09/18,董事(常務董事.董事長)/監察人解任,C305010 印染整理業；CB01010 機械設備製造業；F113010 機械批發業；F213080 機械器具零售業；F401010 國際貿易業；ZZ99999 除許可業務外，得經營法令非禁止或限制之業務,桃園市,變更,11509
22820951,億鑫貨運股份有限公司,桃園市中壢區英士三街23號(2樓),劉安瑋,27000000,77/04/18,115/09/03,改選董事/監察人(一人法人股東指派董事/監察人),G101061 汽車貨運業；EZ02010 起重工程業；IZ06010 理貨包裝業；G801010 倉儲業；IZ12010 人力派遣業；G202010 停車場經營業；J101030 廢棄物清除業；F114010 汽車批發業；F114030 汽、機車零件配備批發業；F114050 車胎批發業,桃園市,變更,11509
22885525,日燦股份有限公司,桃園市大溪區南興里仁和路2段61巷21號,高俊良,60000000,77/05/18,115/09/07,公司所營事業變更修正章程,A102060 糧商業；C103050 罐頭、冷凍、脫水及醃漬食品製造業；C104020 烘焙炊蒸食品製造業；F101050 水產品批發業；F101130 蔬果批發業；F101990 其他農、畜、水產品批發業；F102040 飲料批發業；F102170 食品什貨批發業；F201020 畜產品零售業；F201030 水產品零售業,桃園市,變更,11509
22941673,開雲興業股份有限公司,桃園市桃園區信光里民生路699巷6號1樓,吳兆菁,10000000,77/06/09,115/09/15,改選董事/監察人(一人法人股東指派董事/監察人),H701010 住宅及大樓開發租售業；H701040 特定專業區開發業；H701060 新市鎮、新社區開發業；H701070 區段徵收及市地重劃代辦業；H703090 不動產買賣業；H703100 不動產租賃業；I103060 管理顧問業；F113010 機械批發業；F113990 其他機械器具批發業；F401010 國際貿易業,桃園市,變更,11509
22994919,易發精機股份有限公司,桃園市中壢區自強四路3之2號2樓,羅文進,513823170,77/08/22,115/09/04,一般補正案,CB01010 機械設備製造業；CB01020 事務機器製造業；CB01990 其他機械製造業；CC01070 無線通信機械器材製造業；CC01080 電子零組件製造業；CC01090 電池製造業；CC01010 發電、輸電、配電機械製造業；CC01110 電腦及其週邊設備製造業；CE01010 一般儀器製造業；CE01030 光學儀器製造業,桃園市,變更,11509
23035229,安信旅行社有限公司,桃園市中壢區中央西路一段78號11樓,吳冠儒,6000000,77/08/13,115/09/01,申登機關變更（遷入，含卷）,J902011 旅行業,桃園市,變更,11509
23063420,佳總興業股份有限公司,桃園市桃園區興邦路39之4號,曾繼立,775000000,77/09/19,115/09/01,減資,F113010 機械批發業；F113020 電器批發業；F113050 事務性機器設備批發業；F113070 電信器材批發業；F119010 電子材料批發業；F213080 機械器具零售業；ZZ99999 除許可業務外，得經營法令非禁止或限制之業務,桃園市,變更,11509
23077297,洺督工程有限公司,桃園市蘆竹區中山里福祿一街202之3號4樓,,8000000,77/10/14,115/09/21,解散,E601010 電器承裝業；E601020 電器安裝業；E603040 消防安全設備安裝工程業；E603050 自動控制設備工程業；E604010 機械安裝業；E605010 電腦設備安裝業；F106010 五金批發業；F113020 電器批發業；F113070 電信器材批發業；F117010 消防安全設備批發業,桃園市,變更,11509
23109782,振益汽車修理廠有限公司,桃園市蘆竹區新南路一段362號,章博傑,6000000,77/12/13,115/09/17,修正章程,F114050 車胎批發業；F214050 車胎零售業；ZZ99999 除許可業務外，得經營法令非禁止或限制之業務,桃園市,變更,11509
23192748,錕億鋼鐵股份有限公司,桃園市中壢區內定里合圳北路二段570號,李輝明,131680000,78/01/30,115/09/01,一般補正案,CA01050 鋼材二次加工業；CA02010 金屬結構及建築組件製造業,桃園市,變更,11509
23261250,福泰團膳股份有限公司,桃園市中壢區三民里民權路3段75巷77號2樓,陳福文,80000000,78/05/10,115/09/01,改選董事/監察人(一人法人股東指派董事/監察人),E801070 廚具、衛浴設備安裝工程業；F101040 家畜家禽批發業；F101050 水產品批發業；F101130 蔬果批發業；F101990 其他農、畜、水產品批發業；F102020 食用油脂批發業；F102030 菸酒批發業；F102040 飲料批發業；F102050 茶葉批發業；F102170 食品什貨批發業,桃園市,變更,11509
23261842,高群企業股份有限公司,桃園市桃園區光興里莒光街82號,陳文毅,13000000,78/05/11,115/09/21,改選董事/監察人(一人法人股東指派董事/監察人),E701010 電信工程業；E603040 消防安全設備安裝工程業；E605010 電腦設備安裝業；E601020 電器安裝業；EZ05010 儀器儀表安裝工程業,桃園市,變更,11509
23366276,億瑋塑膠股份有限公司,桃園市龜山區南上路520巷6弄7號2樓,彭崑達,7000000,78/06/09,115/09/23,一般補正案,C701010 印刷業；C805010 塑膠皮、布、板、管材製造業；C805020 塑膠膜、袋製造業；C805030 塑膠日用品製造業；C805050 工業用塑膠製品製造業；C805060 塑膠皮製品製造業；C805070 強化塑膠製品製造業；C805990 其他塑膠製品製造業；CA04010 表面處理業；CC01080 電子零組件製造業,桃園市,變更,11509
23402245,巨將自動化機械股份有限公司,桃園市楊梅區高榮里電研路190巷218號(1樓),莫金龍,40000000,78/08/03,115/09/11,改選董事/監察人(一人法人股東指派董事/監察人),CB01010 機械設備製造業；E604010 機械安裝業；F113010 機械批發業；H703100 不動產租賃業；E603050 自動控制設備工程業；F113990 其他機械器具批發業；JE01010 租賃業；F401010 國際貿易業；ZZ99999 除許可業務外，得經營法令非禁止或限制之業務,桃園市,變更,11509
23411531,鐵衛保全股份有限公司,桃園市桃園區泰山里中山路425巷3號2樓3之3號,趙大博,40000000,78/08/19,115/09/01,減資,,桃園市,變更,11509
23451097,達紡企業股份有限公司,桃園市觀音區觀音里信義路156巷68號,黃國彭,421300000,78/09/13,115/09/11,董事/監察人持股變動報備,,桃園市,變更,11509
23463312,騰懋國際有限公司,桃園市桃園區明德里中正路1221號10樓,蔡妹珍,5000000,78/10/16,115/09/23,股東出資轉讓修正章程,IG03010 能源技術服務業；F119010 電子材料批發業；F219010 電子材料零售業；F113070 電信器材批發業；F213060 電信器材零售業；F113030 精密儀器批發業；F213040 精密儀器零售業；E603090 照明設備安裝工程業；F111090 建材批發業；I301010 資訊軟體服務業,桃園市,變更,11509
23526061,台紐乳品股份有限公司,桃園市龜山區大華里頂湖路45號,李國禎,43000000,78/11/21,115/09/16,改派董事/監察人,,桃園市,變更,11509
23555277,群翊工業股份有限公司,桃園市楊梅區和平路188號,陳安順,611513070,79/01/24,115/09/02,可轉換公司債換發新股,,桃園市,變更,11509
23573774,耀登科技股份有限公司,桃園市八德區和平路1125巷27號,張玉斌,563923140,79/02/10,115/09/09,補繳規費,CC01060 有線通信機械器材製造業；CC01070 無線通信機械器材製造業；CC01080 電子零組件製造業；CC01110 電腦及其週邊設備製造業；C802990 其他化學製品製造業；F219010 電子材料零售業；F401010 國際貿易業；F113030 精密儀器批發業；F399990 其他綜合零售業；E605010 電腦設備安裝業,桃園市,變更,11509
23601119,台明貿易股份有限公司,桃園市桃園區新埔六街99號22樓,謝秀蘭,10000000,78/12/13,115/09/07,一般補正案,,桃園市,變更,11509
23790786,三易通運股份有限公司,桃園市桃園區寶安里南平路472號1樓,林永鈺,25000000,79/06/18,115/09/04,一般補正案,G101061 汽車貨運業；J101990 其他環境衛生及污染防治服務業；ZZ99999 除許可業務外，得經營法令非禁止或限制之業務,桃園市,變更,11509
23796542,台全鑽石工業股份有限公司,桃園市楊梅區瑞坪里梅獅路2段578巷16弄16號,劉奕麒,5000000,79/06/27,115/09/01,改選董事/監察人(一人法人股東指派董事/監察人),ZZ99999 除許可業務外，得經營法令非禁止或限制之業務,桃園市,變更,11509
23803635,信竺企業有限公司,桃園市桃園區東山里春日路23號1樓,楊淑年,3000000,79/07/09,115/09/18,股東出資轉讓修正章程,,桃園市,變更,11509
23844185,美帝實業有限公司,桃園市蘆竹區仁愛街18巷38弄1號,黃中正,5000000,79/08/30,115/09/23,股東出資轉讓修正章程,F106020 日常用品批發業；F113020 電器批發業；F107030 清潔用品批發業；F106010 五金批發業；F199990 其他批發業；F106050 陶瓷玻璃器皿批發業；F104110 布疋、衣著、鞋、帽、傘、服飾品批發業；F113050 電腦及事務性機器設備批發業；F110010 鐘錶批發業；F105050 家具、寢具、廚房器具、裝設品批發業,桃園市,變更,11509
23848128,昱銘營造工程有限公司,桃園市中壢區三民里三樂二街15號（2樓）,吳睿洋,143000000,79/09/07,115/09/08,股東出資轉讓修正章程,E101011 綜合營造業；E801010 室內裝潢業；E801020 門窗安裝工程業；E801030 室內輕鋼架工程業；E801040 玻璃安裝工程業；E801070 廚具、衛浴設備安裝工程業；E599010 配管工程業；E603040 消防安全設備安裝工程業；E603050 自動控制設備工程業；E603080 交通號誌安裝工程業,桃園市,變更,11509
23853732,四季國食品股份有限公司,桃園市桃園區自強路91號11樓,古榮海,29000000,79/09/19,115/09/18,改選董事/監察人(一人法人股東指派董事/監察人),F102170 食品什貨批發業；F203010 食品什貨、飲料零售業；F401010 國際貿易業；ZZ99999 除許可業務外，得經營法令非禁止或限制之業務,桃園市,變更,11509
23863957,傑新實業有限公司,桃園市大園區大豐二街46號,吳義盛,15000000,79/10/11,115/09/14,申登機關變更（遷入，含卷）,,桃園市,變更,11509
23866949,宣德科技股份有限公司,桃園市龜山區民生北路1段568號,蔡鎮隆,1962370000,79/10/16,115/09/21,董事(常務董事.董事長)/監察人解任,CC01020 電線及電纜製造業(限中華民國行業標準分類2831電線及電纜製造業)。；CC01060 有線通信機械器材製造業(限中華民國行業標準分類2721電話及手機製造業及2729其他通訊傳播設備製造業)。；CQ01010 模具製造業(限中華民國行業標準分類2512金模具製造業)。；CC01080 電子零組件製造業(限中華民國行業標準分類2699未分類其他電子零組件製造業)。；CA01130 銅材軋延、伸線、擠型業(限中華民國行業標準分類2433銅材軋延、擠型、伸線業)。；CA02010 金屬結構及建築組件製造業(限中華民國行業標準分類2521金屬結構製造業及2522金屬建築組件製造業)。；C804020 工業用橡膠製品製造業(限中華民國行業標準分類2102工業用橡膠製品製造業)。；C805050 工業用塑膠製品製造業(限中華民國行業標準分類2203工業用塑膠製品製造業)。；I501010 產品設計業(限中華民國行業標準分類7402工業設計業中之特製品之設計服務及7409其他專門設計服務業中之特製品之設計服務)。；F119010 電子材料批發業(限中華民國行業標準分類4642電子設備及其零組件批發業)。,桃園市,變更,11509
23974525,碁傑鋼鐵工業股份有限公司,桃園市楊梅區老莊路228號,劉德華,828000000,80/01/22,115/09/18,改選董事/監察人(一人法人股東指派董事/監察人),CA01050 鋼材二次加工業；F111090 建材批發業；F113010 機械批發業；F113050 電腦及事務性機器設備批發業；F211010 建材零售業；F213030 電腦及事務性機器設備零售業；F213080 機械器具零售業；IG03010 能源技術服務業；ZZ99999 除許可業務外，得經營法令非禁止或限制之業務,桃園市,變更,11509
24215874,辰紘科技有限公司,桃園市新屋區新生里中華路395號,曾靖誠,1000000,97/08/12,115/09/04,減資,F106010 五金批發業；F107020 染料、顏料批發業；F107170 工業助劑批發業；F107200 化學原料批發業；F107990 其他化學製品批發業；F113010 機械批發業；F113030 精密儀器批發業；F113050 電腦及事務性機器設備批發業；F113990 其他機械器具批發業；F118010 資訊軟體批發業,桃園市,變更,11509
24216965,白馬建材股份有限公司,桃園市楊梅區新榮里電研路5號(2樓),陳玉如,25000000,97/08/13,115/09/04,公司名稱變更修正章程,H201010 一般投資業；H701010 住宅及大樓開發租售業；H701020 工業廠房開發租售業；H701050 投資興建公共建設業；H701060 新市鎮、新社區開發業；H701070 區段徵收及市地重劃代辦業；H703090 不動產買賣業；H703100 不動產租賃業；F105050 家具、寢具、廚房器具、裝設品批發業；F111090 建材批發業,桃園市,變更,11509
24221329,立龍興業有限公司,桃園市桃園區大有路175號4樓,江念錞,3000000,97/08/20,115/09/24,董事/股東更名,ZZ99999 除許可業務外，得經營法令非禁止或限制之業務,桃園市,變更,11509
24239171,家榮工程有限公司,桃園市楊梅區中山里自強街14號3樓,林子郁,3000000,97/09/25,115/09/23,公司所在地,F111090 建材批發業；EZ02010 起重工程業；ZZ99999 除許可業務外，得經營法令非禁止或限制之業務,桃園市,變更,11509
24241520,歐盟能源股份有限公司,桃園市八德區東勇北路173號,尤徹次,31000000,97/10/01,115/09/08,一般補正案,F112010 汽油、柴油批發業；I103060 管理顧問業；JA01040 液化石油氣車改裝業；E502010 燃料導管安裝工程業；F399010 便利商店業；G202010 停車場經營業；F212011 加油站業；F212061 加氣站業；JA01990 其他汽車服務業；JE01010 租賃業,桃園市,變更,11509
24256754,博仕有限公司,桃園市龜山區山頂里和平街32號,蔡文瑞,1000000,97/10/28,115/09/07,股東出資轉讓修正章程,A102060 糧商業；F102030 菸酒批發業；F203020 菸酒零售業；ZZ99999 除許可業務外，得經營法令非禁止或限制之業務,桃園市,變更,11509
24352145,卡萊企業有限公司,桃園市蘆竹區奉化路146之7號3樓,卡萊大山,250000,98/02/10,115/09/10,經理人解任,A102080 園藝服務業；E603050 自動控制設備工程業；EZ14010 運動場地用設備工程業；F107050 肥料批發業；F114060 船舶及其零件批發業；F207050 肥料零售業；F214060 船舶及其零件零售業；F401010 國際貿易業；I101070 農、林、漁、畜牧顧問業；I103060 管理顧問業,桃園市,變更,11509
24371261,合序實業有限公司,桃園市龜山區文興路110號4樓之4,孫朝欉,6000000,98/03/17,115/09/15,股東出資轉讓修正章程,E599010 配管工程業；E601020 電器安裝業；E603010 電纜安裝工程業；E603050 自動控制設備工程業；E603080 交通號誌安裝工程業；E603090 照明設備安裝工程業；E605010 電腦設備安裝業；E801010 室內裝潢業；E801030 室內輕鋼架工程業；EZ02010 起重工程業,桃園市,變更,11509
24395524,全球儀器科技股份有限公司,桃園市桃園區汴洲里春日路1492號9樓、1492之1號9樓,李建賢,66000000,98/04/27,115/09/18,一般補正案,CB01010 機械設備製造業；CB01990 其他機械製造業；F113010 機械批發業；F113030 精密儀器批發業；F113050 電腦及事務性機器設備批發業；F113060 度量衡器批發業；F113070 電信器材批發業；F113100 污染防治設備批發業；F113990 其他機械器具批發業；F118010 資訊軟體批發業,桃園市,變更,11509
24395566,宏門先進股份有限公司,桃園市中壢區中園路200之5號7樓,黃美麗,20000000,98/04/27,115/09/29,一般補正案,F106010 五金批發業；F106020 日常用品批發業；F106030 模具批發業；F109070 文教、樂器、育樂用品批發業；F113010 機械批發業；F113020 電器批發業；F113050 電腦及事務性機器設備批發業；F119010 電子材料批發業；F401010 國際貿易業；I301010 資訊軟體服務業,桃園市,變更,11509
24397229,甲東電子股份有限公司,桃園市桃園區龍山里龍壽街300之4號,吳政財,170000000,98/04/29,115/09/21,發行新股,F113050 電腦及事務性機器設備批發業；F113070 電信器材批發業；F119010 電子材料批發業；F401010 國際貿易業；CC01080 電子零組件製造業；F102050 茶葉批發業；F102170 食品什貨批發業；F113010 機械批發業；F113020 電器批發業；F113030 精密儀器批發業,桃園市,變更,11509
24413425,隆絖股份有限公司,桃園市龜山區復興三路50號3樓,廖麗慧,15000000,98/05/27,115/09/29,公司所在地,F107190 塑膠膜、袋批發業；F207190 塑膠膜、袋零售業；F106020 日常用品批發業；F206020 日常用品零售業；F108040 化粧品批發業；F208040 化粧品零售業；F107030 清潔用品批發業；F207030 清潔用品零售業；I103060 管理顧問業；IZ06010 理貨包裝業,桃園市,變更,11509
24413924,合志興業有限公司,桃園市平鎮區大昌路57巷29號,涂壬星,2000000,98/05/27,115/09/09,股東出資轉讓修正章程,CA02030 螺絲、螺帽、螺絲釘、及鉚釘等製品製造業；CB01010 機械設備製造業；CD01030 汽車及其零件製造業；CD01040 機車及其零件製造業；CQ01010 模具製造業；F106010 五金批發業；F106030 模具批發業；F113010 機械批發業；F114030 汽、機車零件配備批發業；F206010 五金零售業,桃園市,變更,11509
24430037,元發買賣有限公司,桃園市平鎮區平南里新光路五段189號(1樓),莊朝倫,12000000,98/06/24,115/09/24,公司所營事業變更修正章程,F219010 電子材料零售業；JA02010 電器及電子產品修理業；E605010 電腦設備安裝業；E603050 自動控制設備工程業；E603010 電纜安裝工程業；F213010 電器零售業；I301010 資訊軟體服務業；F213060 電信器材零售業；CC01010 發電、輸電、配電機械製造業；CC01110 電腦及其週邊設備製造業,桃園市,變更,11509
24433695,璦司柏電子股份有限公司,桃園市龜山區南上路526號,余長欣,348759080,98/06/30,115/09/15,發行新股,CC01040 照明設備製造業；CC01080 電子零組件製造業；CC01090 電池製造業；CE01990 其他光學及精密器械製造業；F113020 電器批發業；F113110 電池批發業；F119010 電子材料批發業；F213010 電器零售業；F213110 電池零售業；F219010 電子材料零售業,桃園市,變更,11509
24530330,博裕工程有限公司,桃園市八德區大仁里和平路1486號2樓,洪松義,500000,98/07/21,115/09/15,負責人印鑑變更,E599010 配管工程業；E601010 電器承裝業；E601020 電器安裝業；E603040 消防安全設備安裝工程業；E603050 自動控制設備工程業；E603090 照明設備安裝工程業；E603100 電焊工程業；E603110 冷作工程業；E801010 室內裝潢業；E801020 門窗安裝工程業,桃園市,變更,11509
24532246,東光新科技有限公司,桃園市桃園區三民路三段180號5樓之3,陳慧君,5000000,103/03/28,115/09/18,一般補正案,C801020 石油化工原料製造業；F107200 化學原料批發業；C801100 合成樹脂及塑膠製造業；C801990 其他化學材料製造業；C802090 清潔用品製造業；C802160 黏性膠帶製造業；C901020 玻璃及玻璃製品製造業；F107990 其他化學製品批發業；F107190 塑膠膜、袋批發業；CC01040 照明設備製造業,桃園市,變更,11509
24550503,宸寰科技有限公司,桃園市龍潭區烏林里工七路58號,黃卉嫻,50000000,103/05/21,115/09/14,增資,C801010 基本化學工業；C801990 其他化學材料製造業；CN01010 家具及裝設品製造業；E801010 室內裝潢業；E801020 門窗安裝工程業；E801040 玻璃安裝工程業；F105050 家具、寢具、廚房器具、裝設品批發業；F107010 漆料、塗料批發業；F107030 清潔用品批發業；F107170 工業助劑批發業,桃園市,變更,11509
24602262,京居實業股份有限公司,桃園市蘆竹區錦中里南崁路265號6樓之6,張玲綺,3000000,103/10/01,115/09/15,改選董事/監察人(一人法人股東指派董事/監察人),H701010 住宅及大樓開發租售業；H701050 投資興建公共建設業；H701060 新市鎮、新社區開發業；H701070 區段徵收及市地重劃代辦業；H701090 都市更新整建維護業；H702010 建築經理業；H703110 老人住宅業；H202010 創業投資業；I103060 管理顧問業；I102010 投資顧問業,桃園市,變更,11509
24610734,易而安生醫股份有限公司,桃園市中壢區內定里中園路200之10號11樓,吳義澤,62000000,103/06/13,115/09/24,一般補正案,F102170 食品什貨批發業；F106020 日常用品批發業；F203010 食品什貨、飲料零售業；F206020 日常用品零售業；F399040 無店面零售業；F401010 國際貿易業；ZZ99999 除許可業務外，得經營法令非禁止或限制之業務；I501010 產品設計業；F108031 醫療器材批發業；F208031 醫療器材零售業,桃園市,變更,11509
24612199,潤淶工程有限公司,桃園市中壢區中北路二段468之1號(3樓),王凱浚,2000000,103/06/18,115/09/08,公司所在地,E599010 配管工程業；E601010 電器承裝業；E601020 電器安裝業；E801010 室內裝潢業；F106010 五金批發業；F111090 建材批發業；F206010 五金零售業；F211010 建材零售業；ZZ99999 除許可業務外，得經營法令非禁止或限制之業務,桃園市,變更,11509
24613351,吉旺實業有限公司,桃園市中壢區龍仁路32巷6號（1樓）,姜子中,300000,103/06/23,115/09/22,股東出資轉讓修正章程,H701010 住宅及大樓開發租售業；H701020 工業廠房開發租售業；H701050 投資興建公共建設業；H701060 新市鎮、新社區開發業；H701070 區段徵收及市地重劃代辦業；H701090 都市更新整建維護業；H703090 不動產買賣業；H703100 不動產租賃業；F203010 食品什貨、飲料零售業；F206020 日常用品零售業,桃園市,變更,11509
24614099,海客思冷凍設備有限公司,桃園市八德區廣隆里廣福路770巷8弄20號1樓,鄭元德,5000000,103/06/25,115/09/04,股東出資轉讓修正章程,F113010 機械批發業；F113990 其他機械器具批發業；F106010 五金批發業；F206010 五金零售業；F213080 機械器具零售業；JZ99050 仲介服務業；CA02050 閥類製造業；CB01010 機械設備製造業；CB01990 其他機械製造業；E603050 自動控制設備工程業,桃園市,變更,11509
24627637,睿能創意營銷股份有限公司,桃園市龜山區頂湖路33號,曾達夢,2800010000,103/08/12,115/09/16,一般補正案,F113110 電池批發業；F213110 電池零售業；F119010 電子材料批發業；F219010 電子材料零售業；E601010 電器承裝業；F113020 電器批發業；F114020 機車批發業；F213010 電器零售業；F214020 機車零售業；JA02020 機車修理業,桃園市,變更,11509
24635860,永睎不動產有限公司,桃園市桃園區新埔八街21號13樓,劉璟,1000000,103/09/12,115/09/16,公司所在地,I401010 一般廣告服務業；H701010 住宅及大樓開發租售業；H701020 工業廠房開發租售業；H701050 投資興建公共建設業；H701060 新市鎮、新社區開發業；H701070 區段徵收及市地重劃代辦業；H701090 都市更新整建維護業；H703090 不動產買賣業；H703100 不動產租賃業；ZZ99999 除許可業務外，得經營法令非禁止或限制之業務,桃園市,變更,11509
24636636,旭風國際運通有限公司,桃園市桃園區中德里國際路一段463巷2弄29號(1樓),黃秀華,5000000,103/09/16,115/09/16,停業副本,G601011 航空貨運承攬業；F401010 國際貿易業；F107200 化學原料批發業；F108040 化粧品批發業；F114030 汽、機車零件配備批發業；F114010 汽車批發業；F214030 汽、機車零件配備零售業；F214010 汽車零售業；F114990 其他交通運輸工具及其零件批發業；F214990 其他交通運輸工具及其零件零售業,桃園市,變更,11509
24637558,百翔工業有限公司,桃園市新屋區民興路200巷29號,李漢清,3000000,103/09/18,115/09/17,董事/股東地址變更,CA02990 其他金屬製品製造業；CB01990 其他機械製造業；CD01020 軌道車輛及其零件製造業；CD01030 汽車及其零件製造業；CD01040 機車及其零件製造業,桃園市,變更,11509
24646368,璞沃有限公司,桃園市中壢區民權路394號,尹詩莛,1000000,103/10/20,115/09/01,一般補正案,I401010 一般廣告服務業；I501010 產品設計業；I503010 景觀、室內設計業；IZ12010 人力派遣業；E599010 配管工程業；E601010 電器承裝業；E601020 電器安裝業；E603090 照明設備安裝工程業；E801010 室內裝潢業；E801020 門窗安裝工程業,桃園市,變更,11509
24657569,安泰儀器股份有限公司,桃園市桃園區北埔里莊二街158號12樓,黃貞禮,20700000,103/11/27,115/09/02,改選董事/監察人(一人法人股東指派董事/監察人),F102040 飲料批發業；F102170 食品什貨批發業；F102180 酒精批發業；F104110 布疋、衣著、鞋、帽、傘、服飾品批發業；F105050 家具、寢具、廚房器具、裝設品批發業；F106010 五金批發業；F106020 日常用品批發業；F106050 陶瓷玻璃器皿批發業；F107030 清潔用品批發業；F108031 醫療器材批發業,桃園市,變更,11509
24706724,品臻食品有限公司,桃園市龜山區文化七路95巷3號,黃志豪,29000000,103/11/07,115/09/17,股東出資轉讓修正章程,F102170 食品什貨批發業；F203010 食品什貨、飲料零售業；F101040 家畜家禽批發業；F201020 畜產品零售業；F101050 水產品批發業；F201030 水產品零售業；F106020 日常用品批發業；F401010 國際貿易業；F221010 食品添加物零售業；F501060 餐館業,桃園市,變更,11509
24777754,昱罧有限公司,桃園市桃園區明德里中正路1223號14樓,侯媛薰,36093960,103/12/16,115/09/14,申登機關變更（遷入，含卷）,H201010 一般投資業；ZZ99999 除許可業務外，得經營法令非禁止或限制之業務,桃園市,變更,11509
24850380,大坤營造股份有限公司,桃園市桃園區武陵里復興路51號11樓之3,盧小平,5000000,103/12/08,115/09/03,改選董事/監察人(一人法人股東指派董事/監察人),E101011 綜合營造業；F111090 建材批發業；F113010 機械批發業；F113990 其他機械器具批發業；F401010 國際貿易業；I503010 景觀、室內設計業；H701010 住宅及大樓開發租售業；H701020 工業廠房開發租售業；H701040 特定專業區開發業；H701050 投資興建公共建設業,桃園市,變更,11509
24852710,理世投資股份有限公司,桃園市中壢區福德里大華路57號2樓,王梅雀,10000000,103/12/12,115/09/09,董事/監察人持股變動報備,H201010 一般投資業；ZZ99999 除許可業務外，得經營法令非禁止或限制之業務,桃園市,變更,11509
24862506,臺灣飛機維修股份有限公司,桃園市大園區埔心里16鄰航勤南路7號,李榮輝,560000000,104/01/16,115/09/04,改派董事/監察人,CD01060 航空器及其零件製造業；F114070 航空器及其零件批發業；F214070 航空器及其零件零售業；F401010 國際貿易業；I103060 管理顧問業；IZ12010 人力派遣業；JA02990 其他修理業；ZZ99999 除許可業務外，得經營法令非禁止或限制之業務,桃園市,變更,11509
24886232,峰億有限公司,桃園市中壢區自信里永福路986號,顧馨尹,1000000,104/04/10,115/09/15,公司所在地,H703090 不動產買賣業；H703100 不動產租賃業；H704031 不動產仲介經紀業；I401010 一般廣告服務業；ZZ99999 除許可業務外，得經營法令非禁止或限制之業務,桃園市,變更,11509
24888169,彩鑫股份有限公司,桃園市蘆竹區長興里南崁路2段42巷8號1樓,黃紀超,8000000,104/04/16,115/09/04,公司所營事業變更修正章程,CA02030 螺絲、螺帽、螺絲釘、及鉚釘等製品製造業；CA02990 其他金屬製品製造業；CC01040 照明設備製造業；CC01080 電子零組件製造業；CC01110 電腦及其週邊設備製造業；CC01120 資料儲存媒體製造及複製業；CC01990 其他電機及電子機械器材製造業；F401010 國際貿易業；ZZ99999 除許可業務外，得經營法令非禁止或限制之業務；F102030 菸酒批發業,桃園市,變更,11509
24892733,海天國際流通事業股份有限公司,桃園市桃園區經國一路73號8樓,周子雲,15000000,104/04/29,115/09/01,公司所在地,F401010 國際貿易業；F399040 無店面零售業；F399990 其他綜合零售業；F104110 布疋、衣著、鞋、帽、傘、服飾品批發業；F204110 布疋、衣著、鞋、帽、傘、服飾品零售業；G799990 其他運輸輔助業；IZ06010 理貨包裝業；IZ12010 人力派遣業；IZ99990 其他工商服務業；I103060 管理顧問業,桃園市,變更,11509
25018386,富勝水電工程有限公司,桃園市中壢區月眉路一段275巷12號,吳俊卿,6000000,98/08/21,115/09/07,股東出資轉讓修正章程,E501011 自來水管承裝商；E599010 配管工程業；E601010 電器承裝業；E601020 電器安裝業；E603010 電纜安裝工程業；F106010 五金批發業；F106040 水器材料批發業；F113010 機械批發業；F113020 電器批發業；F206010 五金零售業,桃園市,變更,11509
25021143,利鴻國際企業有限公司,桃園市桃園區民生里東園街21號6樓之2,聶治平,1000000,98/08/26,115/09/30,股東出資轉讓修正章程,F109070 文教、樂器、育樂用品批發業；F209060 文教、樂器、育樂用品零售業；F107050 肥料批發業；F207050 肥料零售業；F401010 國際貿易業；F113110 電池批發業；F119010 電子材料批發業；F213030 電腦及事務性機器設備零售業；F213110 電池零售業；F219010 電子材料零售業,桃園市,變更,11509
25051238,頡儀股份有限公司,桃園市桃園區孝一街13號11樓,賴孟修,28000000,98/10/15,115/09/16,一般補正案,CC01060 有線通信機械器材製造業；CC01070 無線通信機械器材製造業；CC01080 電子零組件製造業；CE01030 光學儀器製造業；F119010 電子材料批發業；F213040 精密儀器零售業；F218010 資訊軟體零售業；F401010 國際貿易業；I301010 資訊軟體服務業；H201010 一般投資業,桃園市,變更,11509
25094449,葳達光電科技股份有限公司,桃園市中壢區環北路400號10樓之8,陳泰利,6000000,98/12/23,115/09/08,改選董事/監察人(一人法人股東指派董事/監察人),CC01040 照明設備製造業；F119010 電子材料批發業；F199990 其他批發業；F219010 電子材料零售業；F401010 國際貿易業；ZZ99999 除許可業務外，得經營法令非禁止或限制之業務,桃園市,變更,11509
25100097,遠見保險經紀人股份有限公司,桃園市中壢區中央西路一段120號16樓之7,鄭富仁,20000070,99/01/28,115/09/23,一般補正案,H602011 人身保險經紀人；H602021 財產保險經紀人,桃園市,變更,11509
25132529,保生國際生醫股份有限公司,桃園市桃園區興華路8號4樓,蔡曉忠,295522840,99/05/26,115/09/16,發行新股,CF01011 醫療器材製造業；F108031 醫療器材批發業；IG01010 生物技術服務業；IG02010 研究發展服務業；F107200 化學原料批發業；F108040 化粧品批發業；F208031 醫療器材零售業；ZZ99999 除許可業務外，得經營法令非禁止或限制之業務,桃園市,變更,11509
25155677,碧擎科技有限公司,桃園市中壢區中園路192號七樓之15,劉思嘉,10550000,99/01/13,115/09/11,股東出資轉讓修正章程,F104110 布疋、衣著、鞋、帽、傘、服飾品批發業；F105050 家具、寢具、廚房器具、裝設品批發業；F106010 五金批發業；F106020 日常用品批發業；F106030 模具批發業；F107190 塑膠膜、袋批發業；F113010 機械批發業；F113020 電器批發業；F113050 電腦及事務性機器設備批發業；F113070 電信器材批發業,桃園市,變更,11509
25166597,沅騏工程有限公司,桃園市中壢區月眉里月德路176巷13號7樓,陳曉玟,2000000,99/02/04,115/09/24,公司所在地,E599010 配管工程業；E601010 電器承裝業；E601020 電器安裝業；E603050 自動控制設備工程業；E603080 交通號誌安裝工程業；E603090 照明設備安裝工程業；E603100 電焊工程業；E604010 機械安裝業；E801010 室內裝潢業；E801020 門窗安裝工程業,桃園市,變更,11509
25174858,美樂康有限公司,桃園市桃園區南平路163號（1樓）,陳嘉頤,1000000,99/03/03,115/09/01,股東出資轉讓修正章程,F108031 醫療器材批發業；F208031 醫療器材零售業；ZZ99999 除許可業務外，得經營法令非禁止或限制之業務,桃園市,變更,11509
27267537,永佺電機有限公司,桃園市桃園區中埔一街48號1樓,鄭翔之,15000000,93/04/16,115/09/24,增資,ZZ99999 除許可業務外，得經營法令非禁止或限制之業務；CC01010 發電、輸電、配電機械製造業；CC01990 其他電機及電子機械器材製造業；I501010 產品設計業；E604010 機械安裝業；E603050 自動控制設備工程業；F113010 機械批發業；F213080 機械器具零售業；F119010 電子材料批發業；F219010 電子材料零售業,桃園市,變更,11509
27269465,大發地產有限公司,桃園市中壢區中北路二段446號2樓,陳慧敏,1000000,93/04/20,115/09/11,一般補正案,H704031 不動產仲介經紀業；E201010 景觀工程業（赴客戶現場作業）；E801010 室內裝潢業（赴客戶現場作業）；E801020 門窗安裝工程業（赴客戶現場作業）；E599010 配管工程業（赴客戶現場作業）；E603010 電纜安裝工程業（赴客戶現場作業）；E603030 通風系統安裝工程業（赴客戶現場作業）；E603090 照明設備安裝工程業（赴客戶現場作業）；E801040 玻璃安裝工程業（赴客戶現場作業）；E801070 廚具、衛浴設備安裝工程業（赴客戶現場作業）,桃園市,變更,11509
27276064,肯均企業有限公司,桃園市蘆竹區福興里奉化路132巷20號(1樓),戴文和,3000000,93/04/27,115/09/30,公司所營事業變更修正章程,ZZ99999 除許可業務外，得經營法令非禁止或限制之業務；F106010 五金批發業；F106030 模具批發業；F113010 機械批發業；F113030 精密儀器批發業；F113990 其他機械器具批發業；F119010 電子材料批發業；F206010 五金零售業；F206030 模具零售業；F213080 機械器具零售業,桃園市,變更,11509
27285346,科毅科技股份有限公司,桃園市楊梅區高上里高獅路863巷10號,林憲維,138585900,93/05/06,115/09/24,一般補正案,F113010 機械批發業；F213080 機械器具零售業；F113030 精密儀器批發業；F213040 精密儀器零售業；F119010 電子材料批發業；F219010 電子材料零售業；F401010 國際貿易業；JZ99050 仲介服務業；I103060 管理顧問業；CB01010 機械設備製造業,桃園市,變更,11509
27297814,預創實業有限公司,桃園市楊梅區梅新里中山路121巷1弄31號1樓,羅永任,1000000,93/05/24,115/09/02,增資,F107030 清潔用品批發業；F107170 工業助劑批發業；F401010 國際貿易業；F106010 五金批發業；F106030 模具批發業；F113010 機械批發業；F113990 其他機械器具批發業；F206010 五金零售業；F206030 模具零售業；F213080 機械器具零售業,桃園市,變更,11509
27301134,健業科技有限公司,桃園市大園區海口里田寮8之2號,邱秀霞,500000,93/05/27,115/09/02,一般補正案,F113020 電器批發業；F106010 五金批發業；F213010 電器零售業；F206010 五金零售業；F113050 電腦及事務性機器設備批發業；F213030 電腦及事務性機器設備零售業；ZZ99999 除許可業務外，得經營法令非禁止或限制之業務,桃園市,變更,11509
27396639,極強股份有限公司,桃園市桃園區汴洲里水岸三街58號,張坤銘,200000000,93/07/13,115/09/07,改選董事/監察人(一人法人股東指派董事/監察人),H201010 一般投資業；H703090 不動產買賣業；H703100 不動產租賃業；H701010 住宅及大樓開發租售業；H701020 工業廠房開發租售業；F109070 文教、樂器、育樂用品批發業；F113020 電器批發業；F213010 電器零售業；F203010 食品什貨、飲料零售業；F204110 布疋、衣著、鞋、帽、傘、服飾品零售業,桃園市,變更,11509
27418057,塔塔家食品有限公司,桃園市新屋區埔工一路65號,王柏峰,28000000,93/08/06,115/09/22,股東出資轉讓修正章程,C306010 成衣業；CJ01010 製帽業；CK01010 製鞋業；F113020 電器批發業；F113060 度量衡器批發業；F119010 電子材料批發業；F401010 國際貿易業；ZZ99999 除許可業務外，得經營法令非禁止或限制之業務；C104020 烘焙炊蒸食品製造業；F102030 菸酒批發業,桃園市,變更,11509
27434182,安立材料科技股份有限公司,桃園市八德區大安里長安街61之1號,林德銘,300000000,93/08/31,115/09/15,減資,CA01990 其他非鐵金屬基本工業,桃園市,變更,11509
27451034,詮瑞福物流股份有限公司,桃園市大園區大觀路269號,蓋慈思,130000000,93/09/23,115/09/02,董事(常務董事.董事長)/監察人解任,G101061 汽車貨運業；IZ06010 理貨包裝業；EZ02010 起重工程業；F114010 汽車批發業；F114030 汽、機車零件配備批發業；F401010 國際貿易業；G801010 倉儲業；E801010 室內裝潢業；E801030 室內輕鋼架工程業；F102040 飲料批發業,桃園市,變更,11509
27457163,吉昌重工股份有限公司,桃園市大園區北港里潮音北路248號,黎光欽,5000000,93/10/01,115/09/11,改選董事/監察人(一人法人股東指派董事/監察人),ZZ99999 除許可業務外，得經營法令非禁止或限制之業務,桃園市,變更,11509
27457966,兆雄五金急送有限公司,桃園市中壢區永福里南園二路1巷26號1樓,李纘承,4500000,93/10/04,115/09/09,股東出資轉讓修正章程,F106010 五金批發業；F106020 日常用品批發業；F106040 水器材料批發業；F109070 文教、樂器、育樂用品批發業；F111090 建材批發業；F113010 機械批發業；F206010 五金零售業；F206020 日常用品零售業；F206040 水器材料零售業；F209060 文教、樂器、育樂用品零售業,桃園市,變更,11509
27486385,禾凌科技股份有限公司,桃園市八德區廣福里廣福路364巷18弄1號,張佳琪,8000000,93/11/09,115/09/22,改選董事/監察人(一人法人股東指派董事/監察人),F401010 國際貿易業；F106010 五金批發業；F106030 模具批發業；F109070 文教、樂器、育樂用品批發業；F113010 機械批發業；F113020 電器批發業；F113070 電信器材批發業；F113990 其他機械器具批發業 (自動化機械)；F114030 汽、機車零件配備批發業；F114060 船舶及其零件批發業,桃園市,變更,11509
27488927,臻金企業股份有限公司,桃園市觀音區草新里四維二街38號4樓,杜一鳴,6000000,93/11/12,115/09/15,一般補正案,C805030 塑膠日用品製造業；C805050 工業用塑膠製品製造業；F401010 國際貿易業；F199990 其他批發業；ZZ99999 除許可業務外，得經營法令非禁止或限制之業務,桃園市,變更,11509
27561497,達瑩淨化科技有限公司,桃園市楊梅區中山北路一段199巷27號2樓,施雪燕,160000000,94/02/05,115/09/23,股東出資轉讓修正章程,H703100 不動產租賃業；F106040 水器材料批發業；F113030 精密儀器批發業；F113100 污染防治設備批發業；F199990 其他批發業；F106010 五金批發業；F113990 其他機械器具批發業；F401010 國際貿易業；ZZ99999 除許可業務外，得經營法令非禁止或限制之業務,桃園市,變更,11509
27579308,華德動能科技股份有限公司,桃園市大園區五青路291巷33號,蔡裕慶,1288859010,94/04/07,115/09/04,補繳規費,CC01090 電池製造業；CC01990 其他電機及電子機械器材製造業；F113110 電池批發業；F113990 其他機械器具批發業；F401010 國際貿易業；CD01030 汽車及其零件製造業；F114010 汽車批發業；F114030 汽、機車零件配備批發業；F214010 汽車零售業；F214030 汽、機車零件配備零售業,桃園市,變更,11509
27586075,鋒橋建設股份有限公司,桃園市中壢區青埔六街47號1樓,林宜廷,136333960,93/12/29,115/09/16,改選董事/監察人(一人法人股東指派董事/監察人),H701010 住宅及大樓開發租售業；H702010 建築經理業；E801010 室內裝潢業；F111090 建材批發業；F211010 建材零售業；F213080 機械器具零售業；I503010 景觀、室內設計業；I401010 一般廣告服務業；ZZ99999 除許可業務外，得經營法令非禁止或限制之業務,桃園市,變更,11509
27621045,京樺國際人力股份有限公司,桃園市桃園區經國一路90號6樓,翁佩妤,10000000,94/02/18,115/09/02,公司所在地,I103060 管理顧問業；I701011 就業服務業；IZ99990 其他工商服務業；IZ12010 人力派遣業；F401010 國際貿易業；ZZ99999 除許可業務外，得經營法令非禁止或限制之業務,桃園市,變更,11509
27642463,湧德電子股份有限公司,桃園市蘆竹區內溪路68巷13號2樓,陳旻徹,894588150,94/03/18,115/09/02,補繳規費,F219010 電子材料零售業；F401010 國際貿易業；ZZ99999 除許可業務外，得經營法令非禁止或限制之業務,桃園市,變更,11509
27797830,寶虹精密有限公司,桃園市大溪區仁和一街212號,曾開進,2000000,94/05/24,115/09/09,股東出資轉讓修正章程,CP01010 手工具製造業；CQ01010 模具製造業；CZ99990 未分類其他工業製品製造業；I501010 產品設計業；I599990 其他設計業；F401010 國際貿易業；ZZ99999 除許可業務外，得經營法令非禁止或限制之業務,桃園市,變更,11509
27798583,築澄工程股份有限公司,桃園市平鎮區新貴里中豐路670巷53弄9號,沈佳蓓,2000000,94/05/25,115/09/21,改選董事/監察人(一人法人股東指派董事/監察人),F105050 家具、寢具、廚房器具、裝設品批發業；F111090 建材批發業；F211010 建材零售業；F106020 日常用品批發業；E801010 室內裝潢業；I503010 景觀、室內設計業；F205040 家具、寢具、廚房器具、裝設品零售業；F206020 日常用品零售業；F401010 國際貿易業；E599010 配管工程業,桃園市,變更,11509
27804537,巨展科技有限公司,桃園市觀音區濱海路大潭段302巷55弄6衖18號(一樓),蘇郁謙,5000000,94/05/31,115/09/02,申登機關變更（遷入，含卷）,F114020 機車批發業；F114030 汽、機車零件配備批發業；F114050 車胎批發業；F113010 機械批發業；F113020 電器批發業；F113990 其他機械器具批發業；F119010 電子材料批發業；F214020 機車零售業；F214030 汽、機車零件配備零售業；F219010 電子材料零售業,桃園市,變更,11509
27811805,諾薇兒股份有限公司,桃園市蘆竹區大竹路269巷1弄12號（1樓）,劉永森,20000000,94/06/08,115/09/04,公司所在地,E603090 照明設備安裝工程業；E801010 室內裝潢業；F119010 電子材料批發業；F401010 國際貿易業；I401010 一般廣告服務業；JE01010 租賃業；E601020 電器安裝業；E604010 機械安裝業；E901010 油漆工程業；E903010 防蝕、防銹工程業,桃園市,變更,11509
27837869,俊澤精密機械有限公司,桃園市平鎮區東勢里東龍街1150號,李榮達,2500000,94/07/07,115/09/29,公司所在地,CB01010 機械設備製造業；CB01990 其他機械製造業；CQ01010 模具製造業；CP01010 手工具製造業；CA02030 螺絲、螺帽、螺絲釘、及鉚釘等製品製造業；F113010 機械批發業；F106010 五金批發業；F106030 模具批發業；E604010 機械安裝業；ZZ99999 除許可業務外，得經營法令非禁止或限制之業務,桃園市,變更,11509
27850200,友立光電股份有限公司,桃園市大溪區公園路57號,林淑貞,20000000,94/07/22,115/09/11,改選董事/監察人(一人法人股東指派董事/監察人),ZZ99999 除許可業務外，得經營法令非禁止或限制之業務；CC01080 電子零組件製造業；E604010 機械安裝業；F113010 機械批發業；F119010 電子材料批發業；F401010 國際貿易業,桃園市,變更,11509
27880632,群坤科技股份有限公司,桃園市蘆竹區長興里南工路一段8之5號,林榮翰,231880000,94/08/29,115/09/02,改選董事/監察人(一人法人股東指派董事/監察人),CC01080 電子零組件製造業；CB01010 機械設備製造業；F119010 電子材料批發業；F113010 機械批發業；F401010 國際貿易業；ZZ99999 除許可業務外，得經營法令非禁止或限制之業務,桃園市,變更,11509
27882673,泳霖環保企業有限公司,桃園市蘆竹區赤塗路740巷88弄1號（1樓）,凌靖崴,85000000,94/08/31,115/09/09,增資,J101030 廢棄物清除業；J101040 廢棄物處理業；J101060 廢（污）水處理業；J101080 資源回收業；F119010 電子材料批發業；F219010 電子材料零售業；ZZ99999 除許可業務外，得經營法令非禁止或限制之業務；F199010 回收物料批發業；F199990 其他批發業；F106010 五金批發業,桃園市,變更,11509
27890982,旺坤建設股份有限公司,桃園市桃園區金門四街15號(1樓),劉詩筠,201000000,94/09/12,115/09/17,增資(資本總額),E801010 室內裝潢業；H701010 住宅及大樓開發租售業,桃園市,變更,11509
27892004,富景開發股份有限公司,桃園市桃園區中正路1351號9樓,張彥淇,28000000,94/09/14,115/09/29,董事/監察人持股變動報備,H701010 住宅及大樓開發租售業；H701020 工業廠房開發租售業；H701070 區段徵收及市地重劃代辦業；ZZ99999 除許可業務外，得經營法令非禁止或限制之業務；H701080 都市更新重建業；H701090 都市更新整建維護業；H701050 投資興建公共建設業；H701060 新市鎮、新社區開發業,桃園市,變更,11509
27908250,永準實業有限公司,桃園市楊梅區瑞原里楊新路二段719、719之1號,高清溪,100000000,94/10/03,115/09/21,公司所營事業變更修正章程,C301010 紡紗業；C302010 織布業；C303010 不織布業；C399990 其他紡織及製品製造業；CA01070 廢車船解體及廢鋼鐵五金處理業；CF01011 醫療器材製造業；F104110 布疋、衣著、鞋、帽、傘、服飾品批發業；F106020 日常用品批發業；F108031 醫療器材批發業；F113990 其他機械器具批發業,桃園市,變更,11509
27985930,永晴投資股份有限公司,桃園市桃園區同安里藝文一街36號10樓,侯媛薰,71900000,94/12/30,115/09/11,申登機關變更（遷入，含卷）,H201010 一般投資業,桃園市,變更,11509
28064911,安達旅行社股份有限公司,桃園市桃園區大興西路二段63號3樓,李佳純,6000000,94/12/27,115/09/04,董事/監察人更名,J902011 旅行業,桃園市,變更,11509
28065361,聯伍興業有限公司,桃園市龍潭區烏林里工五路192巷1號,陳福氣,17000000,94/12/28,115/09/11,股東出資轉讓修正章程,C802090 清潔用品製造業；F107030 清潔用品批發業；F401010 國際貿易業；F106010 五金批發業；F106020 日常用品批發業；F102020 食用油脂批發業；F102030 菸酒批發業；F102040 飲料批發業；F102050 茶葉批發業；F102170 食品什貨批發業,桃園市,變更,11509
28075591,天保股份有限公司,桃園市中壢區忠義里自強七路6號,周智慧,387000000,95/01/11,115/09/04,改選董事/監察人(一人法人股東指派董事/監察人),H701020 工業廠房開發租售業；H701010 住宅及大樓開發租售業；H703100 不動產租賃業；I503010 景觀、室內設計業；E801010 室內裝潢業；I401010 一般廣告服務業；I501010 產品設計業；F111090 建材批發業；ZZ99999 除許可業務外，得經營法令非禁止或限制之業務；C301010 紡紗業,桃園市,變更,11509
28084509,晴鑫科技有限公司,桃園市龜山區民生北路一段166巷11號7樓,廖雅鈴,15000000,95/01/24,115/09/08,股東出資轉讓修正章程,F119010 電子材料批發業；F219010 電子材料零售業；F113010 機械批發業；F113070 電信器材批發業；F206010 五金零售業；F401010 國際貿易業；CC01070 無線通信機械器材製造業；CC01080 電子零組件製造業；ZZ99999 除許可業務外，得經營法令非禁止或限制之業務；CC01020 電線及電纜製造業,桃園市,變更,11509
28088287,諾瓦材料科技股份有限公司,桃園市觀音區忠愛路二段198之238號,楊聯智,203000000,95/02/03,115/09/11,董事/監察人持股變動報備,C801030 精密化學材料製造業；C802990 其他化學製品製造業；CB01010 機械設備製造業；CB01030 污染防治設備製造業；CB01990 其他機械製造業；E601010 電器承裝業；E903010 防蝕、防銹工程業；F107990 其他化學製品批發業；F108031 醫療器材批發業；F113100 污染防治設備批發業,桃園市,變更,11509
28143134,邑象室內裝修設計有限公司,桃園市桃園區中原里泰昌一街71號1樓,陳裕隆,1000000,95/04/07,115/09/22,公司名稱變更修正章程,E801060 室內裝修業；E599010 配管工程業；E601020 電器安裝業；E603090 照明設備安裝工程業；E801010 室內裝潢業；E801020 門窗安裝工程業；E801030 室內輕鋼架工程業；E801040 玻璃安裝工程業；E801070 廚具、衛浴設備安裝工程業；E901010 油漆工程業,桃園市,變更,11509
28145344,凱鈦科技有限公司,桃園市蘆竹區五福里中山路101號,吳哲豪,3000000,95/04/10,115/09/21,增資,F113010 機械批發業；F113030 精密儀器批發業；F113050 電腦及事務性機器設備批發業；F106030 模具批發業；F106010 五金批發業；F206010 五金零售業；F206030 模具零售業；F213030 電腦及事務性機器設備零售業；F213040 精密儀器零售業；F213080 機械器具零售業,桃園市,變更,11509
28228421,睿運科技股份有限公司,桃園市楊梅區中山北路一段199巷67號,簡婕琳,20000000,95/10/14,115/09/11,改選董事/監察人(一人法人股東指派董事/監察人),F213010 電器零售業；F213030 電腦及事務性機器設備零售業；F213040 精密儀器零售業；F213060 電信器材零售業；F213080 機械器具零售業；F213100 污染防治設備零售業；F213990 其他機械器具零售業；F401010 國際貿易業；E603050 自動控制設備工程業；ZZ99999 除許可業務外，得經營法令非禁止或限制之業務,桃園市,變更,11509
28321329,艾肯國際開發股份有限公司,桃園市蘆竹區文新街7號5樓,李衍昌,30000000,95/05/24,115/09/11,公司所在地,I701011 就業服務業；IZ12010 人力派遣業；IZ06010 理貨包裝業；I401020 廣告傳單分送業；I401010 一般廣告服務業；IZ99990 其他工商服務業；F106020 日常用品批發業；F199990 其他批發業；F401010 國際貿易業；CB01010 機械設備製造業,桃園市,變更,11509
28327745,偉昇興業有限公司,桃園市楊梅區富豐里新明街337號1樓,黃自成,1000000,95/06/02,115/09/02,申登機關變更（遷入，含卷）,F113010 機械批發業；F104110 布疋、衣著、鞋、帽、傘、服飾品批發業；F113030 精密儀器批發業；F119010 電子材料批發業；F401010 國際貿易業；F109070 文教、樂器、育樂用品批發業；F102170 食品什貨批發業；F199990 其他批發業；F113990 其他機械器具批發業；F213040 精密儀器零售業,桃園市,變更,11509
28372543,樂高牆建材股份有限公司,桃園市中壢區中福路485號(1樓),藍應中,208700000,95/08/03,115/09/29,改選董事/監察人(一人法人股東指派董事/監察人),C901050 水泥及混凝土製品製造業；C901060 耐火材料製造業；CA02010 金屬結構及建築組件製造業；E801030 室內輕鋼架工程業；F111090 建材批發業；F120010 耐火材料批發業；F211010 建材零售業；F220010 耐火材料零售業；F401010 國際貿易業；F601010 智慧財產權業,桃園市,變更,11509
28374330,兆鋒投資股份有限公司,桃園市中壢區正光街99之1號,邱垂煌,20000000,95/08/04,115/09/09,改選董事/監察人(一人法人股東指派董事/監察人),H201010 一般投資業,桃園市,變更,11509
28386547,新禾環保科技股份有限公司,桃園市觀音區大潭里環科路306號,林靜宜,10000000,95/08/23,115/09/15,公司所在地,D301010 自來水經營業；IZ12010 人力派遣業；J101060 廢（污）水處理業；G801010 倉儲業；IZ06010 理貨包裝業；F111090 建材批發業；J101030 廢棄物清除業；J101040 廢棄物處理業；J101090 廢棄物清理業；ZZ99999 除許可業務外，得經營法令非禁止或限制之業務,桃園市,變更,11509
28493292,萊億無塵潔淨工程有限公司,桃園市楊梅區上田里和平路195號2樓,李泳明,5000000,95/10/03,115/09/18,股東出資轉讓修正章程,J101010 建築物清潔服務業；J101020 病媒防治業；J101080 資源回收業；J101030 廢棄物清除業；J101990 其他環境衛生及污染防治服務業；F207030 清潔用品零售業；A102080 園藝服務業；A102050 作物栽培服務業；IZ12010 人力派遣業；ZZ99999 除許可業務外，得經營法令非禁止或限制之業務,桃園市,變更,11509
28503502,富喬興業有限公司,桃園市平鎮區復興里廣德街10號,劉凱閎,10000000,95/10/20,115/09/03,減資,F102170 食品什貨批發業；F104110 布疋、衣著、鞋、帽、傘、服飾品批發業；F108040 化粧品批發業；F203010 食品什貨、飲料零售業；F206020 日常用品零售業；F207030 清潔用品零售業；F208040 化粧品零售業；F299990 其他零售業；F399040 無店面零售業；F399990 其他綜合零售業,桃園市,變更,11509
28536665,總企科技工程開發有限公司,桃園市桃園區新埔里南通路26號,何朋笈,2000000,95/12/08,115/09/23,一般補正案,IZ12010 人力派遣業；I103060 管理顧問業；I301010 資訊軟體服務業；I301020 資料處理服務業；I301030 電子資訊供應服務業；I401020 廣告傳單分送業；IZ06010 理貨包裝業；F105050 家具、寢具、廚房器具、裝設品批發業；F106020 日常用品批發業；F109070 文教、樂器、育樂用品批發業,桃園市,變更,11509
28540979,偉翔環保科技發展股份有限公司,桃園市蘆竹區中興路79號,詹振榮,1000000,95/12/14,115/09/07,一般補正案,J101030 廢棄物清除業；J101040 廢棄物處理業；J101080 資源回收業；J101090 廢棄物清理業；CA01070 廢車船解體及廢鋼鐵五金處理業；CC01080 電子零組件製造業；F119010 電子材料批發業；F401010 國際貿易業；ZZ99999 除許可業務外，得經營法令非禁止或限制之業務,桃園市,變更,11509
28587170,中堤建設股份有限公司,桃園市桃園區中興里保定一街1號,林振欽,28000000,96/03/03,115/09/01,改選董事/監察人(一人法人股東指派董事/監察人),H701010 住宅及大樓開發租售業；H701020 工業廠房開發租售業；H701060 新市鎮、新社區開發業；H701070 區段徵收及市地重劃代辦業；F111090 建材批發業；F211010 建材零售業；E801010 室內裝潢業；I103060 管理顧問業；JE01010 租賃業；ZZ99999 除許可業務外，得經營法令非禁止或限制之業務,桃園市,變更,11509
28620641,揚銘健康科技股份有限公司,桃園市桃園區榮華街63巷23號,,5180000,96/03/12,115/09/17,解散,I301010 資訊軟體服務業；I101090 食品顧問業；F102170 食品什貨批發業；F113030 精密儀器批發業；F113060 度量衡器批發業；JE01010 租賃業；F401010 國際貿易業；F218010 資訊軟體零售業；F113050 電腦及事務性機器設備批發業；F108031 醫療器材批發業,桃園市,變更,11509
28644290,義達工程有限公司,桃園市平鎮區鎮興里新光路四段138號1樓,謝卉榛,4000000,96/04/16,115/09/14,一般補正案,E401010 疏濬業；E402010 沙石、淤泥海拋業；E501011 自來水管承裝商；E599010 配管工程業；E601010 電器承裝業；E901010 油漆工程業；E903010 防蝕、防銹工程業；H701070 區段徵收及市地重劃代辦業；ZZ99999 除許可業務外，得經營法令非禁止或限制之業務,桃園市,變更,11509
28646918,翊翔建設開發股份有限公司,桃園市平鎮區洪圳路209號,林美玲,28000000,96/04/18,115/09/21,改選董事/監察人(一人法人股東指派董事/監察人),H701010 住宅及大樓開發租售業；H701020 工業廠房開發租售業；H701040 特定專業區開發業；H701050 投資興建公共建設業；H701060 新市鎮、新社區開發業；H701070 區段徵收及市地重劃代辦業；F211010 建材零售業；I503010 景觀、室內設計業,桃園市,變更,11509
28652592,博創實業有限公司,桃園市平鎮區廣興里明德北路5號,韓晉武,5000000,96/04/26,115/09/18,公司所營事業變更修正章程,CC01080 電子零組件製造業；CC01990 其他電機及電子機械器材製造業；F119010 電子材料批發業；F219010 電子材料零售業；F113010 機械批發業；F113030 精密儀器批發業；F213040 精密儀器零售業；F213080 機械器具零售業；ZZ99999 除許可業務外，得經營法令非禁止或限制之業務；F105050 家具、寢具、廚房器具、裝設品批發業,桃園市,變更,11509
28669453,台灣瑞阩科技股份有限公司,桃園市桃園區藝文一街86之6號8樓,莫祖權,5000000,96/05/22,115/09/08,一般補正案,CA04010 表面處理業；CC01080 電子零組件製造業；CC01990 其他電機及電子機械器材製造業；CE01030 光學儀器製造業；CQ01010 模具製造業；F106030 模具批發業；F113010 機械批發業；F119010 電子材料批發業；F213030 電腦及事務性機器設備零售業；F401010 國際貿易業,桃園市,變更,11509
28724272,昕宜投資股份有限公司,桃園市蘆竹區錦中里南崁路一段99號14樓之4,陳弘仁,20000000,96/05/28,115/09/22,改選董事/監察人(一人法人股東指派董事/監察人),H201010 一般投資業,桃園市,變更,11509
28736592,云瑄有限公司,桃園市桃園區西湖里中山路236號一樓,王珮如,500000,96/06/14,115/09/08,股東出資轉讓修正章程,F102170 食品什貨批發業；F203010 食品什貨、飲料零售業；F104110 布疋、衣著、鞋、帽、傘、服飾品批發業；F204110 布疋、衣著、鞋、帽、傘、服飾品零售業；F108040 化粧品批發業；F208040 化粧品零售業；I199990 其他顧問服務業；JZ99080 美容美髮服務業；ZZ99999 除許可業務外，得經營法令非禁止或限制之業務,桃園市,變更,11509
28737375,北流西科技有限公司,桃園市龍潭區龍青路9號,,1000000,96/06/15,115/09/21,解散,CA04010 表面處理業；CC01080 電子零組件製造業；CD01030 汽車及其零件製造業；CE01010 一般儀器製造業；F106010 五金批發業；F113050 電腦及事務性機器設備批發業；F114030 汽、機車零件配備批發業；F119010 電子材料批發業；F401010 國際貿易業；ZZ99999 除許可業務外，得經營法令非禁止或限制之業務,桃園市,變更,11509
28741981,御群工程股份有限公司,桃園市桃園區三元里三元街217號,林國義,1000000,96/06/23,115/09/04,變更組織,E603100 電焊工程業；E603110 冷作工程業；E603120 噴砂工程業；E801010 室內裝潢業；E901010 油漆工程業；E903010 防蝕、防銹工程業；EZ07010 鑽孔工程業；EZ15010 保溫、保冷安裝工程業；EZ99990 其他工程業；J101010 建築物清潔服務業,桃園市,變更,11509
28744777,訊憶科技股份有限公司,桃園市龍潭區中原路二段145號(2樓),璩澤明,1000000,96/06/28,115/09/11,一般補正案,CC01080 電子零組件製造業；CC01110 電腦及其週邊設備製造業；CC01990 其他電機及電子機械器材製造業；I301010 資訊軟體服務業；I501010 產品設計業；IZ99990 其他工商服務業；F119010 電子材料批發業；F219010 電子材料零售業；F401010 國際貿易業；ZZ99999 除許可業務外，得經營法令非禁止或限制之業務,桃園市,變更,11509
28755204,立悟實業有限公司,桃園市大園區新南里園一街1之3號3樓,呂偉立,29000000,96/07/13,115/09/02,改推董事/董事長,F113010 機械批發業；F113100 污染防治設備批發業；F199010 回收物料批發業；F199990 其他批發業；F401010 國際貿易業；J101030 廢棄物清除業；J101040 廢棄物處理業；J101080 廢棄物資源回收業；J101090 廢棄物清理業；ZZ99999 除許可業務外，得經營法令非禁止或限制之業務,桃園市,變更,11509
28769571,勁有限公司,桃園市蘆竹區中福里文中路一段127之2號,郭堯仁,4000000,96/08/03,115/09/08,增資,E604010 機械安裝業；F113010 機械批發業；F119010 電子材料批發業；F114050 車胎批發業；F401010 國際貿易業；ZZ99999 除許可業務外，得經營法令非禁止或限制之業務；J101040 廢棄物處理業；J101080 資源回收業；J101030 廢棄物清除業；J101090 廢棄物清理業,桃園市,變更,11509
28776432,麗德投資股份有限公司,桃園市龜山區復興一路361號4樓,蔡德忠,137319130,96/08/14,115/09/15,一般補正案,H201010 一般投資業；H703100 不動產租賃業；ZZ99999 除許可業務外，得經營法令非禁止或限制之業務,桃園市,變更,11509
28779037,雙營科技股份有限公司,桃園市大溪區中山路34號5樓,,3000000,96/08/17,115/09/02,解散,F119010 電子材料批發業；F118010 資訊軟體批發業；F113030 精密儀器批發業；F113050 電腦及事務性機器設備批發業；F401010 國際貿易業；F601010 智慧財產權業；I301010 資訊軟體服務業；I301020 資料處理服務業；I301030 電子資訊供應服務業；I501010 產品設計業,桃園市,變更,11509
28780055,永研自動科技有限公司,桃園市桃園區中興里永安路189號14樓之1,曾永棋,1000000,96/08/20,115/09/02,公司所在地,E601010 電器承裝業；E603050 自動控制設備工程業；E604010 機械安裝業；EZ05010 儀器、儀表安裝工程業；F106010 五金批發業；F113030 精密儀器批發業；F113990 其他機械器具批發業；F401010 國際貿易業；JA02010 電器及電子產品修理業；JA02990 其他修理業,桃園市,變更,11509
28840188,富仕國際有限公司,桃園市桃園區中正路1249號5樓之2,余冠賢,2000000,97/01/15,115/09/24,申登機關變更（遷入，含卷）,F113050 電腦及事務性機器設備批發業；F213030 電腦及事務性機器設備零售業；F118010 資訊軟體批發業；F218010 資訊軟體零售業；F119010 電子材料批發業；F219010 電子材料零售業；I301010 資訊軟體服務業；I301020 資料處理服務業；I301030 電子資訊供應服務業；F109070 文教、樂器、育樂用品批發業,桃園市,變更,11509
28840672,柏科功率半導體股份有限公司,桃園市蘆竹區大竹路335巷31號,陳福興,27000000,97/01/17,115/09/04,申登機關變更（遷入，含卷）,F106020 日常用品批發業；F106050 陶瓷玻璃器皿批發業；F105050 家具、寢具、廚房器具、裝設品批發業；F401010 國際貿易業；I501010 產品設計業；CC01080 電子零組件製造業；F106010 五金批發業；F113010 機械批發業；F113030 精密儀器批發業；F115010 首飾及貴金屬批發業,桃園市,變更,11509
28864929,方山行有限公司,桃園市八德區大和里銀和街27巷2弄1號3樓之5,林志峯,3000000,97/04/30,115/09/04,股東出資轉讓修正章程,F203010 食品什貨、飲料零售業；F102170 食品什貨批發業；C104020 烘焙炊蒸食品製造業；ZZ99999 除許可業務外，得經營法令非禁止或限制之業務,桃園市,變更,11509
28878803,頡昌精密有限公司,桃園市平鎮區工業南路37號,吳得霖,1000000,96/11/14,115/09/02,公司所在地,CZ99990 未分類其他工業製品製造業；C805990 其他塑膠製品製造業；C805010 塑膠皮、布、板、管材製造業；CQ01010 模具製造業；F106030 模具批發業；F111090 建材批發業；F114030 汽、機車零件配備批發業；F199990 其他批發業；ZZ99999 除許可業務外，得經營法令非禁止或限制之業務,桃園市,變更,11509
28884116,泰可廣科技股份有限公司,桃園市龜山區民生北路1段40之2號3樓之5,吳欣龍,35000000,96/11/23,115/09/10,董事/監察人持股變動報備,CC01020 電線及電纜製造業；CC01080 電子零組件製造業；CC01110 電腦及其週邊設備製造業；F119010 電子材料批發業；F219010 電子材料零售業；F401010 國際貿易業；ZZ99999 除許可業務外，得經營法令非禁止或限制之業務,桃園市,變更,11509
28886000,全台運實業有限公司,桃園市蘆竹區長興里南崁路二段142巷31號,蔡淑華,1000000,96/11/27,115/09/23,公司所營事業變更修正章程,EZ02010 起重工程業；JE01010 租賃業；IZ06010 理貨包裝業；G799990 其他運輸輔助業；G801010 倉儲業；F401010 國際貿易業；ZZ99999 除許可業務外，得經營法令非禁止或限制之業務；F213010 電器零售業；F213030 電腦及事務性機器設備零售業；F213060 電信器材零售業,桃園市,變更,11509
28888788,順利資產管理股份有限公司,桃園市桃園區永安路223號5樓,柴維醇,2000000,96/12/03,115/09/23,公司所營事業變更修正章程,I103060 管理顧問業；I102010 一般投資顧問業；IH01010 產業控股公司業；H204010 私募股權投資業；HZ99990 其他金融、保險及不動產業；H703100 不動產租賃業；H703090 不動產買賣業；H701010 住宅及大樓開發租售業；H701020 工業廠房開發租售業；H701040 特定專業區開發業,桃園市,變更,11509
28928450,欣弘元科技股份有限公司,桃園市中壢區元化路226號10樓,胡崑源,21000000,97/02/15,115/09/10,改選董事/監察人(一人法人股東指派董事/監察人),E604010 機械安裝業；F106030 模具批發業；F113010 機械批發業；F113050 電腦及事務性機器設備批發業；F113990 其他機械器具批發業；F118010 資訊軟體批發業；F119010 電子材料批發業；F213080 機械器具零售業；F213990 其他機械器具零售業；F218010 資訊軟體零售業,桃園市,變更,11509
28937303,商惠有限公司,桃園市桃園區會稽里大有路545之1號14樓,游婷云,3000000,97/03/05,115/09/04,增資,F106040 水器材料批發業；F113010 機械批發業；F106010 五金批發業；F114030 汽、機車零件配備批發業；F119010 電子材料批發業；F199990 其他批發業；F401010 國際貿易業；ZZ99999 除許可業務外，得經營法令非禁止或限制之業務；F113070 電信器材批發業；JA02010 電器及電子產品修理業,桃園市,變更,11509
28939626,允晟照明股份有限公司,桃園市龜山區大華里頂湖二街82號,黃心怡,39111110,97/03/10,115/09/09,額定資本額增加變更章程,F105050 家具、寢具、廚房器具、裝設品批發業；F205040 家具、寢具、廚房器具、裝設品零售業；F113020 電器批發業；F213010 電器零售業；CC01040 照明設備製造業；F106010 五金批發業；F111090 建材批發業；F206010 五金零售業；F211010 建材零售業；ZZ99999 除許可業務外，得經營法令非禁止或限制之業務,桃園市,變更,11509
28982236,景碩投資股份有限公司,桃園市新屋區石磊里中華路1245號,童子賢,1849000000,98/08/12,115/09/09,發行新股,H201010 一般投資業,桃園市,變更,11509
29052701,日環股份有限公司,桃園市觀音區環科路271號,陳麗麗,200000000,97/08/14,115/09/24,發行新股,J101030 廢棄物清除業；J101040 廢棄物處理業；J101050 環境檢測服務業；J101090 廢棄物清理業；J101990 其他環境衛生及污染防治服務業；J101060 廢（污）水處理業；F113100 污染防治設備批發業；F401010 國際貿易業；F601010 智慧財產權業；CB01010 機械設備製造業,桃園市,變更,11509
29068268,博安聯合事業有限公司,桃園市中壢區領航南路三段276號,林玉琇,1000000,98/06/10,115/09/21,申登機關變更（遷入，含卷）,ZZ99999 除許可業務外，得經營法令非禁止或限制之業務；F299990 其他零售業；F199990 其他批發業；F102170 食品什貨批發業；F106020 日常用品批發業；F106060 寵物食品及其用品批發業；F107030 清潔用品批發業；F108040 化粧品批發業；F399040 無店面零售業；F401010 國際貿易業,桃園市,變更,11509
29088784,晶剛精密塑膠有限公司,桃園市中壢區內定里內定二十街76巷26號,黃進光,28000000,97/05/06,115/09/09,股東出資轉讓修正章程,C805050 工業用塑膠製品製造業；C805990 其他塑膠製品製造業；F113010 機械批發業；F113050 電腦及事務性機器設備批發業；F401010 國際貿易業；ZZ99999 除許可業務外，得經營法令非禁止或限制之業務,桃園市,變更,11509
29127294,弘聖開發有限公司,桃園市中壢區志賢路7號(1樓),高招君,5000000,97/07/09,115/09/08,減少所營事業變更修正章程,B601010 土石採取業；J101990 其他環境衛生及污染防治服務業；F111090 建材批發業；I301020 資料處理服務業；E401010 疏濬業；E801010 室內裝潢業；I503010 景觀、室內設計業；J101030 廢棄物清除業；J101040 廢棄物處理業；F401010 國際貿易業,桃園市,變更,11509
30953118,立多祿工業股份有限公司,桃園市楊梅區獅二路8號,陳文添,250000000,70/08/05,115/09/10,董事/監察人持股變動報備,,桃園市,變更,11509
33342008,新昌實業股份有限公司,桃園市龜山區長壽路109號,李信雄,28000000,54/04/07,115/09/24,改選董事/監察人(一人法人股東指派董事/監察人),,桃園市,變更,11509
33864012,喜福惠瓦斯股份有限公司,桃園市龜山區文化七路95巷12號,謝志宏,8000000,64/05/15,115/09/17,改選董事/監察人(一人法人股東指派董事/監察人),F205040 家具、寢具、廚房器具、裝設品零售業；F212050 石油製品零售業；E502010 燃料導管安裝工程業；E603130 燃氣熱水器承裝業；E801070 廚具、衛浴設備安裝工程業；ZZ99999 除許可業務外，得經營法令非禁止或限制之業務,桃園市,變更,11509
34025819,五洲事務用品股份有限公司,桃園市龜山區樂善里文明三街1之3號,李國盛,28800000,63/11/13,115/09/11,改選董事/監察人(一人法人股東指派董事/監察人),I301020 資料處理服務業；C701010 印刷業；C703010 印刷品裝訂及加工業；I301010 資訊軟體服務業,桃園市,變更,11509
34294362,笙創國際股份有限公司,桃園市龍潭區高平里湳窩路30號,洪章尉,13000000,69/01/07,115/09/07,一般補正案,C201010 飼料製造業；C801010 基本化學工業；C802090 清潔用品製造業；C802100 化粧品製造業；C802120 工業助劑製造業；C802200 塗料、油漆、染料及顏料製造業；C802990 其他化學製品製造業；F105050 家具、寢具、廚房器具、裝設品批發業；F107030 清潔用品批發業；F107080 環境用藥批發業,桃園市,變更,11509
34400602,橡樹工業材料股份有限公司,桃園市中壢區民族路六段330號,竹尾哲哉(Tetsuya Takeo),325795000,69/11/21,115/09/16,改派董事/監察人,C805070 強化塑膠製品製造業；C901020 玻璃及玻璃製品製造業；CC01080 電子零組件製造業；F107200 化學原料批發業；F207200 化學原料零售業；F119010 電子材料批發業；F219010 電子材料零售業；F401010 國際貿易業；ZZ99999 除許可業務外，得經營法令非禁止或限制之業務,桃園市,變更,11509
34426672,力大螺絲工廠股份有限公司,桃園市龜山區嶺頂里宏昇街1號1樓,王讚崇,178000000,69/10/07,115/09/14,改選董事/監察人(一人法人股東指派董事/監察人),CA02030 螺絲、螺帽、螺絲釘、及鉚釘等製品製造業；CA01030 鋼鐵鑄造業；CA01090 鋁鑄造業；CA01120 銅鑄造業；CA01150 鎂鑄造業；CA02080 金屬鍛造業；CA03010 熱處理業；CA04010 表面處理業；CA01010 鋼鐵冶鍊業；CA01020 鋼鐵軋延及擠型業,桃園市,變更,11509
34495136,禾華營造股份有限公司,桃園市龜山區文化里13鄰文化二路185巷7號1樓,吳清湖,500000000,74/10/21,115/09/10,發行新股,H701010 住宅及大樓開發租售業；H701020 工業廠房開發租售業；H701040 特定專業區開發業；H701050 投資興建公共建設業；H701060 新市鎮、新社區開發業；H701070 區段徵收及市地重劃代辦業；H701080 都市更新重建業；H703090 不動產買賣業；H703100 不動產租賃業；E101011 綜合營造業,桃園市,變更,11509
35004869,三申機械工業股份有限公司,桃園市新屋區望間里望間路450號,田人豪,274915600,58/05/17,115/09/29,董事/監察人持股變動報備,CA01050 鋼材二次加工業；CD01030 汽車及其零件製造業；CD01040 機車及其零件製造業；CD01990 其他運輸工具及其零件製造業；CQ01010 模具製造業；F401010 國際貿易業；ZZ99999 除許可業務外，得經營法令非禁止或限制之業務,桃園市,變更,11509
35341475,啟銘機械股份有限公司,桃園市八德區瑞泰里介壽路2段535號,簡誌宏,60000000,60/07/28,115/09/18,董事/監察人持股變動報備,CA02010 金屬建築結構及組件製造業。；CB01010 機械設備製造業。；CB01030 污染防治設備製造業。；CB01990 其他機械製造業（空油壓機械、販賣機、齒輪、軸承、冷凍庫、冷凍機、中央冷暖系統、水處理機械）；F401030 製造輸出業；CD01030 汽車及其零件製造業；F114030 汽、機車零件配備批發業,桃園市,變更,11509
35820829,龍鵬實業有限公司,桃園市八德區永豐里華康街180號,江金汐,50000000,65/08/14,115/09/11,增資,CC01040 照明設備製造業。；CZ99990 未分類其他工業製品製造業（防彈衣、防彈盾、防彈鋼盔）,桃園市,變更,11509
35904263,明芳工業股份有限公司,桃園市大溪區瑞源里瑞福路71號,奚志雄,25000000,67/05/06,115/09/18,一般補正案,C804020 工業用橡膠製品製造業；C805010 塑膠皮、布、板、管材製造業；C805050 工業用塑膠製品製造業；C805070 強化塑膠製品製造業；CC01080 電子零組件製造業；CC01990 其他電機及電子機械器材製造業；CD01030 汽車及其零件製造業；CD01040 機車及其零件製造業；F106010 五金批發業；F113020 電器批發業,桃園市,變更,11509
35916079,麗瑋企業股份有限公司,桃園市觀音區草漯里大同二路28號,彭錦簡,8000000,67/06/24,115/09/14,改選董事/監察人(一人法人股東指派董事/監察人),F104110 布疋、衣著、鞋、帽、傘、服飾品批發業；F401010 國際貿易業；JE01010 租賃業；ZZ99999 除許可業務外，得經營法令非禁止或限制之業務,桃園市,變更,11509
36009223,北譯精機股份有限公司,桃園市龜山區嶺頂里茶專路14號,張清波,54000000,69/05/10,115/09/04,改選董事/監察人(一人法人股東指派董事/監察人),,桃園市,變更,11509
36147160,吉昌橡膠工業股份有限公司,桃園市大園區北港里潮音北路248號,黎光欽,48000000,72/02/10,115/09/14,改選董事/監察人(一人法人股東指派董事/監察人),ZZ99999 除許可業務外，得經營法令非禁止或限制之業務。,桃園市,變更,11509
36268804,南俊國際股份有限公司,桃園市桃園區幸福路202號6樓,李金蘭,713798100,73/06/19,115/09/02,可轉換公司債換發新股,CA02010 金屬結構及建築組件製造業；CA02030 螺絲、螺帽、螺絲釘、及鉚釘等製品製造業；CA02040 彈簧製造業；CA02070 製鎖業；CA02090 金屬線製品製造業；CA02990 其他金屬製品製造業；CB01990 其他機械製造業；CC01080 電子零組件製造業；CD01030 汽車及其零件製造業；CD01040 機車及其零件製造業,桃園市,變更,11509
36305511,慷嘉企業股份有限公司,桃園市龜山區民生北路一段2巷2弄17號,洪銘均,8000000,73/11/14,115/09/21,改選董事/監察人(一人法人股東指派董事/監察人),C805010 塑膠皮、布、板、管材製造業；C805050 工業用塑膠製品製造業；C805990 其他塑膠製品製造業；CH01040 玩具製造業；CN01010 家具及裝設品製造業；CQ01010 模具製造業；E801010 室內裝潢業；F109070 文教、樂器、育樂用品批發業；F209060 文教、樂器、育樂用品零售業；F401010 國際貿易業,桃園市,變更,11509
42565492,岳鼎建設有限公司,桃園市桃園區玉山里復興路418巷22號1樓,黃文洲,20000000,104/06/03,115/09/21,股東出資轉讓修正章程,H701010 住宅及大樓開發租售業；H701020 工業廠房開發租售業；H701050 投資興建公共建設業；H701060 新市鎮、新社區開發業；H701070 區段徵收及市地重劃代辦業；H703090 不動產買賣業；H703100 不動產租賃業；H703110 老人住宅業；I401010 一般廣告服務業；I503010 景觀、室內設計業,桃園市,變更,11509
42569309,路易康室內裝修股份有限公司,桃園市八德區興仁里6鄰豐田三路99號,高法民,26060810,104/06/12,115/09/04,改選董事/監察人(一人法人股東指派董事/監察人),I101070 農、林、漁、畜牧顧問業；IG01010 生物技術服務業；IG02010 研究發展服務業；JZ99990 未分類其他服務業；F101050 水產品批發業；F101990 其他農、畜、水產品批發業；F108040 化粧品批發業；F109070 文教、樂器、育樂用品批發業；F201020 畜產品零售業；F201030 水產品零售業,桃園市,變更,11509
42575463,冠偉保全股份有限公司,桃園市八德區高明里高城八街73號,游佳穎,40000000,104/07/01,115/09/02,董事/監察人持股變動報備,I901011 保全業,桃園市,變更,11509
42576081,信夫通信有限公司,桃園市桃園區西門里永安路161號(1樓),呂泓毅,500000,104/07/03,115/09/01,復業副本,F113070 電信器材批發業；F213060 電信器材零售業；IE01010 電信業務門號代辦業；F113030 精密儀器批發業；F113050 電腦及事務性機器設備批發業；F113110 電池批發業；F119010 電子材料批發業；F213030 電腦及事務性機器設備零售業；F213040 精密儀器零售業；F213110 電池零售業,桃園市,變更,11509
42577455,晞樂有限公司,桃園市中壢區中正路66號(2樓),姜禮經,3000000,104/07/07,115/09/16,公司名稱變更修正章程,F102050 茶葉批發業；F102170 食品什貨批發業；F104110 布疋、衣著、鞋、帽、傘、服飾品批發業；F106010 五金批發業；F106020 日常用品批發業；F107030 清潔用品批發業；F111090 建材批發業；F113010 機械批發業；F113020 電器批發業；F113050 電腦及事務性機器設備批發業,桃園市,變更,11509
42593286,松和鋼鐵有限公司,桃園市楊梅區仁美里永美路70號(1樓),鄭國霖,16560000,104/08/26,115/09/02,增資,CA01050 鋼材二次加工業；F111090 建材批發業；F106010 五金批發業；F106040 水器材料批發業；F107010 漆料、塗料批發業；F107030 清潔用品批發業；F113010 機械批發業；F120010 耐火材料批發業；F211010 建材零售業；F206010 五金零售業,桃園市,變更,11509
42597500,圓亮國際股份有限公司,桃園市平鎮區環南路2段27號10樓之2,林俊璋,6000000,104/09/09,115/09/17,改選董事/監察人(一人法人股東指派董事/監察人),F101990 其他農、畜、水產品批發業；F102170 食品什貨批發業；F106020 日常用品批發業；F107030 清潔用品批發業；F201010 農產品零售業；F201990 其他農畜水產品零售業；F203010 食品什貨、飲料零售業；F204110 布疋、衣著、鞋、帽、傘、服飾品零售業；F206020 日常用品零售業；F207030 清潔用品零售業,桃園市,變更,11509
42609816,樂達創意科技股份有限公司,桃園市中壢區青峰路一段47號6樓,黃哲瑄,26020470,104/10/23,115/09/17,補選董事(常務董事.董事長)/監察人,I301010 資訊軟體服務業；I301020 資料處理服務業；I301030 電子資訊供應服務業；I501010 產品設計業；I599990 其他設計業；IG02010 研究發展服務業；E603050 自動控制設備工程業；E605010 電腦設備安裝業；E701040 簡易電信設備安裝業；F213010 電器零售業,桃園市,變更,11509
42617739,輝動系統有限公司,桃園市中壢區新街里環北路398號5樓之6,何添祥,5000000,104/07/06,115/09/22,公司所營事業變更修正章程,CB01010 機械設備製造業；CC01030 電器及視聽電子產品製造業；CC01040 照明設備製造業；CC01060 有線通信機械器材製造業；CC01070 無線通信機械器材製造業；CC01110 電腦及其週邊設備製造業；CC01120 資料儲存媒體製造及複製業；CE01010 一般儀器製造業；CE01030 光學儀器製造業；F113010 機械批發業,桃園市,變更,11509
42623417,台灣妝美堂股份有限公司,桃園市楊梅區員本里民隆路26號,龔永生,30000000,104/07/22,115/09/24,改派董事/監察人,F108031 醫療器材批發業；F208031 醫療器材零售業；F401010 國際貿易業；F108040 化粧品批發業；F208040 化粧品零售業；F106020 日常用品批發業；F206020 日常用品零售業；F104110 布疋、衣著、鞋、帽、傘、服飾品批發業；F204110 布疋、衣著、鞋、帽、傘、服飾品零售業；F399040 無店面零售業,桃園市,變更,11509
42623850,樂菁工程檢驗有限公司,桃園市大溪區仁和里仁和二街63號,霍紹鈞,2000000,104/07/23,115/09/21,公司所在地,E801010 室內裝潢業；E801030 室內輕鋼架工程業；F105050 家具、寢具、廚房器具、裝設品批發業；F111090 建材批發業；F213080 機械器具零售業；F399040 無店面零售業；F401010 國際貿易業；H703100 不動產租賃業；H703110 老人住宅業；I501010 產品設計業,桃園市,變更,11509
42634337,夏爾光譜股份有限公司,桃園市中壢區合圳北路13之1號,詹石印,54285500,104/08/24,115/09/30,一般補正案,CC01080 電子零組件製造業；CC01110 電腦及其週邊設備製造業；F119010 電子材料批發業；F219010 電子材料零售業；F401010 國際貿易業,桃園市,變更,11509
42653798,太田生技有限公司,桃園市桃園區龍鳳里龍安街14巷8號1樓之2,,300000,104/10/20,115/09/16,解散,F102170 食品什貨批發業；F107170 工業助劑批發業；F107200 化學原料批發業；F108040 化粧品批發業；F203010 食品什貨、飲料零售業；F207170 工業助劑零售業；F207200 化學原料零售業；F208040 化粧品零售業；F401010 國際貿易業；ZZ99999 除許可業務外，得經營法令非禁止或限制之業務,桃園市,變更,11509
42679832,揚穗餐飲有限公司,桃園市桃園區莊敬里南平路290號,楊岱燕,2000000,104/11/07,115/09/10,申登機關變更（遷入，含卷）,F501060 餐館業；F201010 農產品零售業；F201020 畜產品零售業；F201030 水產品零售業；F401010 國際貿易業；F501030 飲料店業；I101090 食品顧問業；ZZ99999 除許可業務外，得經營法令非禁止或限制之業務,桃園市,變更,11509
42701665,日宏鑫有限公司,桃園市龜山區文學路17號12樓,蔡明宏,3000000,105/01/05,115/09/04,申登機關變更（遷入，含卷）,F111090 建材批發業；F211010 建材零售業；F106010 五金批發業；F120010 耐火材料批發業；E603100 電焊工程業；E801010 室內裝潢業；E801020 門窗安裝工程業；E801030 室內輕鋼架工程業；E801040 玻璃安裝工程業；EZ99990 其他工程業,桃園市,變更,11509
42741245,昶奕科技有限公司,桃園市楊梅區蘋果路112之1號,連仁杰,2000000,104/10/28,115/09/21,公司所在地,F113010 機械批發業；F113030 精密儀器批發業；F113050 電腦及事務性機器設備批發業；F118010 資訊軟體批發業；F119010 電子材料批發業；F213030 電腦及事務性機器設備零售業；F213040 精密儀器零售業；F213080 機械器具零售業；F218010 資訊軟體零售業；F219010 電子材料零售業,桃園市,變更,11509
42743834,奧創投顧股份有限公司,桃園市中壢區金華里慈惠三街93號(1樓),陳昊森,25000000,104/11/05,115/09/04,一般補正案,I101090 食品顧問業；I103060 管理顧問業；I199990 其他顧問服務業；I301010 資訊軟體服務業；I301020 資料處理服務業；I301030 電子資訊供應服務業；IZ12010 人力派遣業；IZ13010 網路認證服務業；J601010 藝文服務業；JB01010 會議及展覽服務業,桃園市,變更,11509
42754901,元記中壢老牌有限公司,桃園市龍潭區三林里富華街三林段362巷86號3樓,林元涵,500000,104/12/09,115/09/22,股東出資轉讓修正章程,F501060 餐館業；F501030 飲料店業；F501990 其他餐飲業；JZ99090 喜慶綜合服務業；F102170 食品什貨批發業；F121010 食品添加物批發業；I101090 食品顧問業；F401010 國際貿易業；ZZ99999 除許可業務外，得經營法令非禁止或限制之業務；F107030 清潔用品批發業,桃園市,變更,11509
42761641,禾鳴系統櫥櫃股份有限公司,桃園市中壢區山東里山東路203號,楊少齊,10000000,104/12/29,115/09/21,公司所在地,E801010 室內裝潢業；E801020 門窗安裝工程業；E801030 室內輕鋼架工程業；E801070 廚具、衛浴設備安裝工程業；E901010 油漆工程業；F105050 家具、寢具、廚房器具、裝設品批發業；F106010 五金批發業；F106020 日常用品批發業；F106040 水器材料批發業；F106050 陶瓷玻璃器皿批發業,桃園市,變更,11509
42773288,日運貿易股份有限公司,桃園市桃園區經國一路73號8樓,周子雲,5000000,105/02/04,115/09/01,公司所在地,F106020 日常用品批發業；F206020 日常用品零售業；F113020 電器批發業；F213010 電器零售業；F399040 無店面零售業；F399990 其他綜合零售業；F401010 國際貿易業；F104110 布疋、衣著、鞋、帽、傘、服飾品批發業；F204110 布疋、衣著、鞋、帽、傘、服飾品零售業；F105050 家具、寢具、廚房器具、裝設品批發業,桃園市,變更,11509
42773891,全斌工程有限公司,桃園市桃園區中山北路80之3號,徐偉軒,1000000,105/02/05,115/09/29,公司所在地,E901010 油漆工程業；E903010 防蝕、防銹工程業；E801010 室內裝潢業；E801020 門窗安裝工程業；E801030 室內輕鋼架工程業；E599010 配管工程業；F106010 五金批發業；F107010 漆料、塗料批發業；F111090 建材批發業；F206010 五金零售業,桃園市,變更,11509
42784834,及豐國際股份有限公司,桃園市桃園區中平里中平路11之1號,陳曉君,19000000,105/03/22,115/09/04,一般補正案,F106010 五金批發業；F106030 模具批發業；F113010 機械批發業；F113110 電池批發業；F118010 資訊軟體批發業；F119010 電子材料批發業；F401010 國際貿易業；F108031 醫療器材批發業；F208031 醫療器材零售業；ZZ99999 除許可業務外，得經營法令非禁止或限制之業務,桃園市,變更,11509
42861310,超科企業股份有限公司,桃園市桃園區中正路1080號21樓,賴彥村,123485000,105/03/17,115/09/18,增資(資本總額),H201010 一般投資業,桃園市,變更,11509
42931569,德霖運通有限公司,桃園市楊梅區三湖里楊湖路一段676巷33弄120號,張進德,25000000,108/02/01,115/09/02,一般補正案,F401010 國際貿易業；G101061 汽車貨運業；G799990 其他運輸輔助業；G801010 倉儲業；I301020 資料處理服務業；IZ06010 理貨包裝業；IZ99990 其他工商服務業；JE01010 租賃業；ZZ99999 除許可業務外，得經營法令非禁止或限制之業務,桃園市,變更,11509
43131208,利晉工程股份有限公司,桃園市桃園區中平路102號11樓之1,黃裕隆,1500000000,55/06/07,115/09/17,董事/監察人持股變動報備,E101011 綜合營造業；H701010 住宅及大樓開發租售業；H701020 工業廠房開發租售業；H701040 特定專業區開發業；H701050 投資興建公共建設業；H701060 新市鎮、新社區開發業；H701070 區段徵收及市地重劃代辦業；H701080 都市更新重建業；H701090 都市更新整建維護業；H703090 不動產買賣業,桃園市,變更,11509
43147546,欣桃天然氣股份有限公司,桃園市桃園區法治路10號1-6樓,房茂宏,2011294090,61/07/18,115/09/10,發行新股,CR01010 瓦斯器材及其零件製造業；D201011 公用天然氣事業；E502010 燃料導管安裝工程業；E603130 燃氣熱水器承裝業；E801070 廚具、衛浴設備安裝工程業；F105050 家具、寢具、廚房器具、裝設品批發業；F113010 機械批發業；F113060 度量衡器批發業；F117010 消防安全設備批發業；F205040 家具、寢具、廚房器具、裝設品零售業,桃園市,變更,11509
43627313,中興洋傘工業股份有限公司,桃園市桃園區文中里正光一街58號5樓,唐文候,3000000,62/02/01,115/09/08,改選董事/監察人(一人法人股東指派董事/監察人),ZZ99999 除許可業務外，得經營法令非禁止或限制之業務,桃園市,變更,11509
43629467,東樺木業股份有限公司,桃園市八德區福德一路177巷66號,陳俊堯,1050000,62/05/14,115/09/10,一般補正案,,桃園市,變更,11509
43651066,欣興機械工業有限公司,桃園市桃園區大林里大智路8號,陳珮真,5000000,59/07/16,115/09/10,股東出資轉讓修正章程,,桃園市,變更,11509
43685328,常豐企業股份有限公司,桃園市桃園區延平路39號(一樓),劉佩瑜,1500000,63/01/14,115/09/11,改選董事/監察人(一人法人股東指派董事/監察人),F119010 電子材料批發業；F111090 建材批發業；H703100 不動產租賃業；JE01010 租賃業；I103060 管理顧問業；I199990 其他顧問服務業；C501010 製材業；C501990 其他木製品製造業,桃園市,變更,11509
43710163,宏國窯業股份有限公司,桃園市中壢區後寮里興元路529號,周孫木,25200000,62/11/21,115/09/23,董事/監察人持股變動報備,H701020 工業廠房開發租售業；H703100 不動產租賃業；H701010 住宅及大樓開發租售業；H703090 不動產買賣業；F401010 國際貿易業；F111090 建材批發業；F120010 耐火材料批發業；C901010 陶瓷及陶瓷製品製造業；C901060 耐火材料製造業,桃園市,變更,11509
43742025,弘利工程有限公司,桃園市桃園區育仁街12號,梁鴻梅,10000000,64/11/19,115/09/02,減資,E501011 自來水管承裝商；F106040 水器材料批發業；F206040 水器材料零售業；F213010 電器零售業；F401010 國際貿易業；ZZ99999 除許可業務外，得經營法令非禁止或限制之業務；E503011 下水道用戶排水設備承裝商；E599010 配管工程業,桃園市,變更,11509
43757785,茂平貿易有限公司,桃園市桃園區建國里林森路99號,黃永茂,2000000,65/12/03,115/09/16,股東出資轉讓修正章程,,桃園市,變更,11509
43758855,順凱實業股份有限公司,桃園市蘆竹區蘆竹里八股路125號,潘育裕,45000000,65/12/08,115/09/16,改選董事/監察人(一人法人股東指派董事/監察人),,桃園市,變更,11509
43797885,永晶太陽能有限公司,桃園市平鎮區大昌路57巷41號3樓,游元靚,10000000,105/05/06,115/09/03,股東出資轉讓修正章程,D101040 非屬公用之發電業；D101060 再生能源自用發電設備業；IG03010 能源技術服務業；A101020 農作物栽培業；A101040 食用菌菇類栽培業；A101050 花卉栽培業；A102050 作物栽培服務業；E603050 自動控制設備工程業；EZ05010 儀器、儀表安裝工程業；EZ15010 保溫、保冷安裝工程業,桃園市,變更,11509
43816068,敬鵬工業股份有限公司,桃園市蘆竹區內厝里內厝街46號,曾劉玉枝,3974954200,68/09/26,115/09/01,改選董事/監察人(一人法人股東指派董事/監察人),CC01080 電子零組件製造業；CQ01010 模具製造業；F401010 國際貿易業；I301010 資訊軟體服務業；F213030 電腦及事務性機器設備零售業；ZZ99999 除許可業務外，得經營法令非禁止或限制之業務,桃園市,變更,11509
43817019,鼎程實業有限公司,桃園市桃園區經國一路92號14樓,孫采綺,5000000,105/05/13,115/09/14,公司所在地,F108040 化粧品批發業；F208040 化粧品零售業；F106020 日常用品批發業；F206020 日常用品零售業；F107030 清潔用品批發業；F207030 清潔用品零售業；F113030 精密儀器批發業；F213040 精密儀器零售業；F399040 無店面零售業；F399990 其他綜合零售業,桃園市,變更,11509
43822723,強逸鋼鐵股份有限公司,桃園市平鎮區東龍街1188號,張水,100000000,69/02/09,115/09/30,董事/監察人持股變動報備,CA01050 鋼材二次加工業；CA02990 其他金屬製品製造業；F401010 國際貿易業；F211010 建材零售業；F111090 建材批發業；F106010 五金批發業；D101060 再生能源自用發電設備業；ZZ99999 除許可業務外，得經營法令非禁止或限制之業務,桃園市,變更,11509
43863836,雄凱工業股份有限公司,桃園市觀音區草漯里大同二路23號,潘育俊,7000000,70/07/11,115/09/16,改選董事/監察人(一人法人股東指派董事/監察人),C305010 印染整理業；CZ99020 拉鍊及鈕扣製造業；CB01010 機械設備製造業；C303010 不織布業；F104110 布疋、衣著、鞋、帽、傘、服飾品批發業；F204110 布疋、衣著、鞋、帽、傘、服飾品零售業；F401010 國際貿易業；ZZ99999 除許可業務外，得經營法令非禁止或限制之業務,桃園市,變更,11509
43919331,富崧有限公司,桃園市蘆竹區長興路二段72巷25號4樓,高金存,30000000,72/12/21,115/09/10,公司所在地,,桃園市,變更,11509
43935888,全興國際水產股份有限公司,桃園市桃園區中正路1071號14樓之1,柯吉剛,4751795050,73/11/10,115/09/08,發行新股,H201010 一般投資業；I103060 管理顧問業；C201010 飼料製造業；F103010 飼料批發業；F202010 飼料零售業；C801110 肥料製造業；C802120 工業助劑製造業；C199990 未分類其他食品製造業；I101070 農、林、漁、畜牧顧問業；F113990 其他機械器具批發業,桃園市,變更,11509
43938484,大量科技股份有限公司,桃園市八德區瑞豐里豐田路68號,王作京,903147340,69/12/26,115/09/15,發行新股,CC01110 電腦及其週邊設備製造業；CC01010 發電、輸電、配電機械製造業；CB01010 機械設備製造業；CQ01010 模具製造業；F601010 智慧財產權業；H202010 創業投資業；I103060 管理顧問業；JE01010 租賃業；ZZ99999 除許可業務外，得經營法令非禁止或限制之業務,桃園市,變更,11509
43952106,檜積木業有限公司,桃園市桃園區福山街111號,游蕭美惠,5000000,73/11/06,115/09/11,股東出資轉讓修正章程,C501030 合板製造業；C501040 組合木材製造業；C501060 木質容器製造業；C501990 其他木製品製造業；F104110 布疋、衣著、鞋、帽、傘、服飾品批發業；F105050 家具、寢具、廚房器具、裝設品批發業；F106010 五金批發業；F106020 日常用品批發業；F107190 塑膠膜、袋批發業；F111090 建材批發業,桃園市,變更,11509
43954694,旭正貨運股份有限公司,桃園市大園區埔心里埔心94之55號(1樓),徐李阿綢,4500000,74/04/02,115/09/09,一般補正案,G101061 汽車貨運業；G801010 倉儲業；ZZ99999 除許可業務外，得經營法令非禁止或限制之業務,桃園市,變更,11509
44745302,勝利股份有限公司,桃園市中壢區中央里中山路88號9樓,曾隆煥,25000000,39/05/13,115/09/04,董事/監察人持股變動報備,,桃園市,變更,11509
45085398,溫誠工業股份有限公司,桃園市新屋區頭洲里青田路376巷80號,鄧承遠,138000000,72/05/02,115/09/29,董事/監察人持股變動報備,CA02090 金屬線製品製造業；CC01080 電子零組件製造業；CA01130 銅材軋延、伸線、擠型業；CA01990 其他非鐵金屬基本工業；CA04010 表面處理業；CB01010 機械設備製造業；CC01030 電器及視聽電子產品製造業；CC01040 照明設備製造業；F113020 電器批發業；F213010 電器零售業,桃園市,變更,11509
45100551,華揚智動化股份有限公司,桃園市楊梅區瑞坪里梅獅路2段578巷16弄20號,楊碧峯,55100000,105/04/26,115/09/01,改選董事/監察人(一人法人股東指派董事/監察人),CB01990 其他機械製造業；CC01990 其他電機及電子機械器材製造業；F401010 國際貿易業；ZZ99999 除許可業務外，得經營法令非禁止或限制之業務,桃園市,變更,11509
45101475,歐都探索旅行社股份有限公司,桃園市新屋區中華南路二段316巷4號(1樓),梁信舜,6000000,105/04/28,115/09/09,經理人變更,J902011 旅行業,桃園市,變更,11509
45105660,岑維有限公司,桃園市桃園區萬壽里安東街8號,楊俊維,31000000,105/05/11,115/09/22,修正章程,F203010 食品什貨、飲料零售業；G202010 停車場經營業；H201010 一般投資業；H703090 不動產買賣業；H703100 不動產租賃業；I503010 景觀、室內設計業；J901020 一般旅館業；JZ99990 未分類其他服務業；ZZ99999 除許可業務外，得經營法令非禁止或限制之業務,桃園市,變更,11509
45106675,杰成工程有限公司,桃園市中壢區月眉里崇德二路166號1樓,羅昱杰,200000,105/05/13,115/09/15,股東出資轉讓修正章程,E599010 配管工程業；E601020 電器安裝業；E603020 電梯安裝工程業；E603090 照明設備安裝工程業；E604010 機械安裝業；E701010 電信工程業；E801010 室內裝潢業；E801020 門窗安裝工程業；E801030 室內輕鋼架工程業；E801040 玻璃安裝工程業,桃園市,變更,11509
45107766,富總建設股份有限公司,桃園市桃園區同安里中正路1080號22樓,藍淑娟,100000000,105/05/18,115/09/02,董事/監察人持股變動報備,H701010 住宅及大樓開發租售業；H701020 工業廠房開發租售業；H701040 特定專業區開發業；H701050 投資興建公共建設業；H701060 新市鎮、新社區開發業；H701070 區段徵收及市地重劃代辦業；H701080 都市更新重建業；H702010 建築經理業；H703090 不動產買賣業；H703100 不動產租賃業,桃園市,變更,11509
45117477,誠海股份有限公司,桃園市龜山區福源里福源街72巷1號4樓,許翼鴻,2200000,105/06/17,115/09/04,一般補正案,F204110 布疋、衣著、鞋、帽、傘、服飾品零售業；F205040 家具、寢具、廚房器具、裝設品零售業；F206020 日常用品零售業；F213010 電器零售業；F213030 電腦及事務性機器設備零售業；F213060 電信器材零售業；F214040 自行車及其零件零售業；F214990 其他交通運輸工具及其零件零售業；F399040 無店面零售業；F401010 國際貿易業,桃園市,變更,11509
45117814,展曜綠能科技有限公司,桃園市平鎮區新富里中豐路363號（3樓）,陳越龍,5000000,105/06/20,115/09/30,股東出資轉讓修正章程,F119010 電子材料批發業；D101060 再生能源自用發電設備業；CC01040 照明設備製造業；CC01030 電器及視聽電子產品製造業；E603090 照明設備安裝工程業；CC01080 電子零組件製造業；CC01110 電腦及其週邊設備製造業；E601020 電器安裝業；F106030 模具批發業；F113020 電器批發業,桃園市,變更,11509
45118948,台灣久陽貿易有限公司,桃園市八德區桃德路155巷58號1樓,潘畇畇,1000000,105/06/22,115/09/17,股東出資轉讓修正章程,F104110 布疋、衣著、鞋、帽、傘、服飾品批發業；F106010 五金批發業；F107010 漆料、塗料批發業；F107020 染料、顏料批發業；F107170 工業助劑批發業；F107200 化學原料批發業；F107990 其他化學製品批發業；F204110 布疋、衣著、鞋、帽、傘、服飾品零售業；F206010 五金零售業；F207010 漆料、塗料零售業,桃園市,變更,11509
45119221,東晟有限公司,桃園市楊梅區中山里自強街14號3樓,黃其仁,1000000,105/06/23,115/09/23,公司所在地,F399040 無店面零售業；F106020 日常用品批發業；F206020 日常用品零售業；F108040 化粧品批發業；F208040 化粧品零售業；F106010 五金批發業；F206010 五金零售業；F109070 文教、樂器、育樂用品批發業；F209060 文教、樂器、育樂用品零售業；F106050 陶瓷玻璃器皿批發業,桃園市,變更,11509
45150117,益聖營造工程股份有限公司,桃園市中壢區中央里中山路2巷27號,邱鳳琴,22500000,72/09/13,115/09/23,改選董事/監察人(一人法人股東指派董事/監察人),,桃園市,變更,11509
45159216,永全貨櫃通運股份有限公司,桃園市中壢區中和路26號,鍾豐寶,30000000,73/09/04,115/09/23,董事/監察人持股變動報備,G101081 汽車貨櫃貨運業；H703100 不動產租賃業；ZZ99999 除許可業務外，得經營法令非禁止或限制之業務,桃園市,變更,11509
45165863,弼聖實業股份有限公司,桃園市中壢區中央里中山路2巷27號,李建民,88880000,74/04/26,115/09/02,改選董事/監察人(一人法人股東指派董事/監察人),J101080 廢棄物資源回收業；ZZ99999 除許可業務外，得經營法令非禁止或限制之業務,桃園市,變更,11509
45189197,泰鈿實業股份有限公司,桃園市中壢區後寮里龍興路710巷8號,謝慶煌,10000000,73/05/09,115/09/11,一般補正案,C302010 織布業；C399990 其他紡織及製品製造業；F104110 布疋、衣著、鞋、帽、傘、服飾品批發業；F204110 布疋、衣著、鞋、帽、傘、服飾品零售業；ZZ99999 除許可業務外，得經營法令非禁止或限制之業務,桃園市,變更,11509
45911340,太業科技股份有限公司,桃園市楊梅區民隆路5號,梁國恩,180000000,72/06/27,115/09/03,補繳規費,CC01080 電子零組件製造業；CC01110 電腦及其週邊設備製造業；CA02990 其他金屬製品製造業；CD01030 汽車及其零件製造業；CA02080 金屬鍛造業；CA01090 鋁鑄造業；CC01990 其他電機及電子機械器材製造業；CC01090 電池製造業；CQ01010 模具製造業；F401010 國際貿易業,桃園市,變更,11509
47043108,精創科技研發有限公司,桃園市龜山區華亞三路39巷5號三樓,林富源,5000000,105/06/17,115/09/07,一般補正案,CC01030 電器及視聽電子產品製造業；CC01080 電子零組件製造業；CC01110 電腦及其週邊設備製造業；CC01990 其他電機及電子機械器材製造業；F106010 五金批發業；F113010 機械批發業；F113020 電器批發業；F113030 精密儀器批發業；F113050 電腦及事務性機器設備批發業；F113070 電信器材批發業,桃園市,變更,11509
47060274,泰誠事業有限公司,桃園市龍潭區高楊北路452巷30號,林義朝,23000000,105/06/22,115/09/22,股東出資轉讓修正章程,F101040 家畜家禽批發業；F201020 畜產品零售業；F101990 其他農、畜、水產品批發業；F102170 食品什貨批發業；F203010 食品什貨、飲料零售業；I101090 食品顧問業；C103050 罐頭、冷凍、脫水及醃漬食品製造業；ZZ99999 除許可業務外，得經營法令非禁止或限制之業務,桃園市,變更,11509
47064454,捷信工程有限公司,桃園市桃園區中聖里國際路一段1187號3樓之3,林家進,3050000,105/06/24,115/09/08,停業,E401010 疏濬業；E402010 沙石、淤泥海拋業；E599010 配管工程業；E603020 電梯安裝工程業；E603040 消防安全設備安裝工程業；E604010 機械安裝業；E801010 室內裝潢業；E801020 門窗安裝工程業；E801030 室內輕鋼架工程業；E801040 玻璃安裝工程業,桃園市,變更,11509
47065480,勝珺暘物流股份有限公司,桃園市楊梅區瑞溪路二段96巷16號,陳俊彰,20000000,66/05/18,115/09/08,改選董事/監察人(一人法人股東指派董事/監察人),G101061 汽車貨運業；IZ06010 理貨包裝業；IZ12010 人力派遣業；J101030 廢棄物清除業；F114030 汽、機車零件配備批發業；F114050 車胎批發業；EZ02010 起重工程業；F114010 汽車批發業；JE01010 租賃業；G801010 倉儲業,桃園市,變更,11509
50776793,閔博國際有限公司,桃園市大園區大豐三街33號,李偉慈,5000000,107/05/29,115/09/07,增資,I103060 管理顧問業；F401010 國際貿易業；F107010 漆料、塗料批發業；F107030 清潔用品批發業；F107200 化學原料批發業；F107990 其他化學製品批發業；F112040 石油製品批發業；F113020 電器批發業；F113110 電池批發業；F113990 其他機械器具批發業,桃園市,變更,11509
50794928,捷能動力科技股份有限公司,桃園市大溪區仁和路二段269號,林士賢,34277778,107/07/18,115/09/24,申登機關變更（遷入，含卷）,CC01090 電池製造業；CD01020 軌道車輛及其零件製造業；CD01030 汽車及其零件製造業；CD01040 機車及其零件製造業；CD01990 其他運輸工具及其零件製造業；F114030 汽、機車零件配備批發業；F114990 其他交通運輸工具及其零件批發業；F214030 汽、機車零件配備零售業；F214990 其他交通運輸工具及其零件零售業；I501010 產品設計業,桃園市,變更,11509
50825302,千曙科技有限公司,桃園市桃園區藝文一街86之6號5樓,林美家,100000,107/07/02,115/09/03,公司所在地,F106020 日常用品批發業；F206020 日常用品零售業；F104110 布疋、衣著、鞋、帽、傘、服飾品批發業；F204110 布疋、衣著、鞋、帽、傘、服飾品零售業；F102040 飲料批發業；F102170 食品什貨批發業；F203010 食品什貨、飲料零售業；F102030 菸酒批發業；F203020 菸酒零售業；F102050 茶葉批發業,桃園市,變更,11509
50847208,禾沂企業有限公司,桃園市中壢區領航南路三段307號5樓,林香莉,1000000,107/08/28,115/09/22,公司所在地,E801010 室內裝潢業；I103060 管理顧問業；I401010 一般廣告服務業；I503010 景觀、室內設計業；H201010 一般投資業；H703090 不動產買賣業；H703100 不動產租賃業；ZZ99999 除許可業務外，得經營法令非禁止或限制之業務,桃園市,變更,11509
50847214,佳展行銷有限公司,桃園市中壢區領航南路三段307號五樓,曾謀仁,5743000,107/08/28,115/09/22,公司所在地,F105050 家具、寢具、廚房器具、裝設品批發業；F111090 建材批發業；F205040 家具、寢具、廚房器具、裝設品零售業；I401010 一般廣告服務業；I401020 廣告傳單分送業；I503010 景觀、室內設計業；ZZ99999 除許可業務外，得經營法令非禁止或限制之業務,桃園市,變更,11509
50863282,藍水輕旅股份有限公司,桃園市大園區高鐵南路1段126號,董鴻啓,29960000,107/08/17,115/09/24,改選董事/監察人(一人法人股東指派董事/監察人),J901020 一般旅館業；JE01010 租賃業；H703100 不動產租賃業；I103060 管理顧問業；I199990 其他顧問服務業；ZZ99999 除許可業務外，得經營法令非禁止或限制之業務；I301010 資訊軟體服務業；I301020 資料處理服務業；I301030 電子資訊供應服務業；J399010 軟體出版業,桃園市,變更,11509
50908149,宸騰科技有限公司,桃園市龍潭區工七路58號(1樓),呂杰錡,43500000,107/12/25,115/09/14,增資,C801010 基本化學工業；C801990 其他化學材料製造業；CN01010 家具及裝設品製造業；E801010 室內裝潢業；E801020 門窗安裝工程業；E801040 玻璃安裝工程業；F105050 家具、寢具、廚房器具、裝設品批發業；F107010 漆料、塗料批發業；F107030 清潔用品批發業；F107170 工業助劑批發業,桃園市,變更,11509
50908422,互聯消防工程有限公司,桃園市中壢區中山東路三段文化新村69號（1樓）,王翰偉,6000000,107/12/27,115/09/16,公司所在地,E603040 消防安全設備安裝工程業；IF01010 消防安全設備檢修業；F117010 消防安全設備批發業；F119010 電子材料批發業；F120010 耐火材料批發業；F217010 消防安全設備零售業；F219010 電子材料零售業；F220010 耐火材料零售業；ZZ99999 除許可業務外，得經營法令非禁止或限制之業務,桃園市,變更,11509
50908703,大勇企業有限公司,桃園市蘆竹區海湖里中圳街120之1號,王素玲,4000000,108/01/03,115/09/18,增資,H701010 住宅及大樓開發租售業；H701020 工業廠房開發租售業；H703090 不動產買賣業；H703100 不動產租賃業；H201010 一般投資業；ZZ99999 除許可業務外，得經營法令非禁止或限制之業務；F111090 建材批發業；F211010 建材零售業；E402010 沙石、淤泥海拋業；E599010 配管工程業,桃園市,變更,11509
50908773,順發食品有限公司,桃園市楊梅區富豐里富民街668巷1號,卓玉堂,12472186,108/01/03,115/09/29,減資,C199990 未分類其他食品製造業；F102170 食品什貨批發業；F113010 機械批發業；F203010 食品什貨、飲料零售業；F213080 機械器具零售業；F399040 無店面零售業；F401010 國際貿易業；I101090 食品顧問業；I401010 一般廣告服務業；IZ12010 人力派遣業,桃園市,變更,11509
50909153,龍宸環球運通有限公司,桃園市蘆竹區蘆竹里南崁路二段147之36號(1樓),張皓雯,7500000,108/01/08,115/09/01,一般補正案,G701011 報關業；G601011 航空貨運承攬業；F401010 國際貿易業；ZZ99999 除許可業務外，得經營法令非禁止或限制之業務；G402011 海運承攬運送業,桃園市,變更,11509
50914070,松電貿工有限公司,桃園市楊梅區水美里民富路一段140之1號,邵淑華,3000000,108/03/12,115/09/15,股東出資轉讓修正章程,CC01010 發電、輸電、配電機械製造業；CC01060 有線通信機械器材製造業；CC01990 其他電機及電子機械器材製造業；CC01080 電子零組件製造業；CB01010 機械設備製造業；CB01990 其他機械製造業；CQ01010 模具製造業；C805050 工業用塑膠製品製造業；C805070 強化塑膠製品製造業；C805990 其他塑膠製品製造業,桃園市,變更,11509
50916513,全球威粒國際股份有限公司,桃園市桃園區復興路207號20樓之1,黃聖威,235000000,108/04/02,115/09/02,一般補正案,A101020 農作物栽培業；A101030 特用作物栽培業；A101040 食用菌菇類栽培業；F102040 飲料批發業；F102170 食品什貨批發業；F107030 清潔用品批發業；F108040 化粧品批發業；F203010 食品什貨、飲料零售業；F207030 清潔用品零售業；F208040 化粧品零售業,桃園市,變更,11509
50916605,宇宙製造股份有限公司,桃園市中壢區福星七街26之5號,曾怡璇,3050000,108/04/03,115/09/04,增資(資本總額),F601010 智慧財產權業；F401010 國際貿易業；F399040 無店面零售業；I301010 資訊軟體服務業；I103060 管理顧問業；I301020 資料處理服務業；I301030 電子資訊供應服務業；I401010 一般廣告服務業；I501010 產品設計業；IZ09010 管理系統驗證業,桃園市,變更,11509
50916886,黔隆實業有限公司,桃園市大溪區仁善七街37號(5樓),朱莉閔,300000,108/04/03,115/09/15,公司所營事業變更修正章程,IZ12010 人力派遣業；F213060 電信器材零售業；F213010 電器零售業；F213030 電腦及事務性機器設備零售業；F113070 電信器材批發業；F113020 電器批發業；F113050 電腦及事務性機器設備批發業；E701010 電信工程業；F219010 電子材料零售業；F119010 電子材料批發業,桃園市,變更,11509
50923036,昕城事業股份有限公司,桃園市大園區大成路一段55號,高禎佑,10000000,108/05/29,115/09/22,改選董事/監察人(一人法人股東指派董事/監察人),H701010 住宅及大樓開發租售業；H701020 工業廠房開發租售業；H701050 投資興建公共建設業；H701060 新市鎮、新社區開發業；H703090 不動產買賣業；H703100 不動產租賃業；HZ02020 辦理金融機構金錢債權之評價或拍賣業務；F211010 建材零售業；F401010 國際貿易業；G202010 停車場經營業,桃園市,變更,11509
50924767,羅杰投資股份有限公司,桃園市桃園區同安里同安街431號,彭雅偋,31000000,108/06/14,115/09/29,減資,H201010 一般投資業；ZZ99999 除許可業務外，得經營法令非禁止或限制之業務；H701010 住宅及大樓開發租售業；H703090 不動產買賣業；H703100 不動產租賃業,桃園市,變更,11509
50946713,大源股份有限公司,桃園市觀音區大潭里環科路328號(2樓),楊永發,718000000,108/01/16,115/09/09,補繳規費,D101050 汽電共生業；J101040 廢棄物處理業；J101080 資源回收業；ZZ99999 除許可業務外，得經營法令非禁止或限制之業務,桃園市,變更,11509
50958294,神華投資股份有限公司,桃園市楊梅區環南路75巷38號(一樓),吳淑敏,25149650,108/07/17,115/09/14,改選董事/監察人(一人法人股東指派董事/監察人),H201010 一般投資業；H703100 不動產租賃業；H703090 不動產買賣業；I103060 管理顧問業；ZZ99999 除許可業務外，得經營法令非禁止或限制之業務,桃園市,變更,11509
50958689,德奧工藝有限公司,桃園市大溪區仁和里仁和五街91號,黃翌翔,5500000,108/07/18,115/09/10,增資,F106010 五金批發業；F106020 日常用品批發業；F107030 清潔用品批發業；F113010 機械批發業；F113990 其他機械器具批發業；F114030 汽、機車零件配備批發業；F114050 車胎批發業；F206010 五金零售業；F206020 日常用品零售業；F207030 清潔用品零售業,桃園市,變更,11509
50960307,富凱電機工程有限公司,桃園市大園區拔子林二路51巷18號（1樓）,蔡朝全,50000000,108/08/01,115/09/10,股東出資轉讓修正章程,D101060 再生能源自用發電設備業；E599010 配管工程業；E601010 電器承裝業；E601020 電器安裝業；E603090 照明設備安裝工程業；E603100 電焊工程業；E606010 用電設備檢驗維護業；EZ99990 其他工程業；F106040 水器材料批發業；F113020 電器批發業,桃園市,變更,11509
50961002,大立餐飲股份有限公司,桃園市桃園區自強里經國路268號(2樓),卓得仁,4000000,108/08/07,115/09/11,一般補正案,F203020 菸酒零售業；F203010 食品什貨、飲料零售業；F201010 農產品零售業；F201020 畜產品零售業；F201030 水產品零售業；F201990 其他農畜水產品零售業；F102030 菸酒批發業；F102040 飲料批發業；F102170 食品什貨批發業；F101990 其他農、畜、水產品批發業,桃園市,變更,11509
50961798,東耘國際有限公司,桃園市桃園區慈德街126號8樓,林穔秦,1150000,108/08/15,115/09/22,股東出資轉讓修正章程,F106020 日常用品批發業；A102020 農產品整理業；F101040 家畜家禽批發業；F101050 水產品批發業；F102020 食用油脂批發業；F102030 菸酒批發業；F102040 飲料批發業；F102170 食品什貨批發業；F104110 布疋、衣著、鞋、帽、傘、服飾品批發業；F105050 家具、寢具、廚房器具、裝設品批發業,桃園市,變更,11509
50964330,炙冠實業有限公司,桃園市中壢區龍興里龍岡路三段139巷37弄12之1號（1樓）,陳肇鴻,400000,108/09/06,115/09/22,公司所在地,F501060 餐館業；F501990 其他餐飲業；F299990 其他零售業；F102170 食品什貨批發業；F102040 飲料批發業；F203010 食品什貨、飲料零售業；ZZ99999 除許可業務外，得經營法令非禁止或限制之業務,桃園市,變更,11509
50964731,口口口有限公司,桃園市桃園區大興西路一段166號16樓之1,李書璇,6000000,108/09/10,115/09/24,公司所營事業變更修正章程,F109070 文教、樂器、育樂用品批發業；F209060 文教、樂器、育樂用品零售業；F104110 布疋、衣著、鞋、帽、傘、服飾品批發業；F204110 布疋、衣著、鞋、帽、傘、服飾品零售業；F105050 家具、寢具、廚房器具、裝設品批發業；F205040 家具、寢具、廚房器具、裝設品零售業；F113050 電腦及事務性機器設備批發業；F213030 電腦及事務性機器設備零售業；F113020 電器批發業；F213010 電器零售業,桃園市,變更,11509
50966317,合富表面處理股份有限公司,桃園市八德區茄苳里茄苳路889巷28號,鄭美麗,3000000,108/09/26,115/09/15,改選董事/監察人(一人法人股東指派董事/監察人),CA04010 表面處理業；CB01010 機械設備製造業；CB01990 其他機械製造業；CC01990 其他電機及電子機械器材製造業；F113010 機械批發業；F113990 其他機械器具批發業；F401010 國際貿易業；ZZ99999 除許可業務外，得經營法令非禁止或限制之業務,桃園市,變更,11509
50975266,松鼠國際事業有限公司,桃園市蘆竹區經國路896號9樓,邱大勇,5000000,107/12/03,115/09/07,申登機關變更（遷入，含卷）,F102170 食品什貨批發業；F104110 布疋、衣著、鞋、帽、傘、服飾品批發業；F105050 家具、寢具、廚房器具、裝設品批發業；F106010 五金批發業；F107010 漆料、塗料批發業；F111090 建材批發業；F113020 電器批發業；F113070 電信器材批發業；F114030 汽、機車零件配備批發業；F118010 資訊軟體批發業,桃園市,變更,11509
50995306,潤聲實業有限公司,桃園市中壢區中央西路一段1號7樓,姜維,3000000,108/03/25,115/09/18,一般補正案,F107190 塑膠膜、袋批發業；F207190 塑膠膜、袋零售業；F213080 機械器具零售業；F206010 五金零售業；C701010 印刷業；C804010 輪胎製造業；C804990 其他橡膠製品製造業；C805010 塑膠皮、布、板、管材製造業；C805070 強化塑膠製品製造業；C805990 其他塑膠製品製造業,桃園市,變更,11509
51206309,英屬維京群島商萬英有限公司,桃園市楊梅區楊新北路119號(1樓),林燦宇,385000000,105/11/30,115/09/01,本公司董事及其他負責人變更,H703090 不動產買賣業；H703100 不動產租賃業；ZZ99999 除許可業務外，得經營法令非禁止或限制之業務,桃園市,變更,11509
52897772,羚羊多元傳媒有限公司,桃園市蘆竹區忠孝西路181號2樓,王辰馨,1000000,106/08/10,115/09/24,一般補正案,F102170 食品什貨批發業；F107030 清潔用品批發業；F108040 化粧品批發業；F203010 食品什貨、飲料零售業；F207030 清潔用品零售業；F208040 化粧品零售業；F401010 國際貿易業；F113990 其他機械器具批發業；F213990 其他機械器具零售業；F399040 無店面零售業,桃園市,變更,11509
53002013,桃園國際機場股份有限公司,桃園市大園區航站南路9號,陳彥伯,58255741440,99/11/01,115/09/29,改派董事/監察人,G606021 航空站經營業；ZZ99999 除許可業務外，得經營法令非禁止或限制之業務,桃園市,變更,11509
53038103,新泰和投資股份有限公司,桃園市桃園區中正路1080號21樓,賴永鎮,41000000,99/05/06,115/09/07,改選董事/監察人(一人法人股東指派董事/監察人),H201010 一般投資業,桃園市,變更,11509
53038687,卡樂國際興業有限公司,桃園市大溪區仁義里介壽路133號1樓,邱永亮,2000000,99/05/07,115/09/03,公司所營事業變更修正章程,F102040 飲料批發業；F102170 食品什貨批發業；F203010 食品什貨、飲料零售業；F399990 其他綜合零售業；F401010 國際貿易業；C104020 烘焙炊蒸食品製造業；ZZ99999 除許可業務外，得經營法令非禁止或限制之業務；F399010 便利商店業,桃園市,變更,11509
53051837,技陞實業有限公司,桃園市中壢區民族路三段86巷51號,張杰仁,1000000,99/06/02,115/09/02,股東出資轉讓修正章程,IZ07010 公證業；IZ09010 管理系統驗證業；IZ12010 人力派遣業；J101050 環境檢測服務業；F211010 建材零售業；F213040 精密儀器零售業；F213050 度量衡器零售業；C901050 水泥及混凝土製品製造業；CA01050 鋼材二次加工業；F113010 機械批發業,桃園市,變更,11509
53055947,十方寬空間設計有限公司,桃園市大溪區仁和路一段213號(3樓),葉芷君,600000,99/06/10,115/09/08,增資,F111090 建材批發業；E801070 廚具、衛浴設備安裝工程業；E603090 照明設備安裝工程業；E801030 室內輕鋼架工程業；E801020 門窗安裝工程業；E901010 油漆工程業；E801010 室內裝潢業；E801040 玻璃安裝工程業；I401010 一般廣告服務業；F113020 電器批發業,桃園市,變更,11509
53057396,華成不銹鋼有限公司,桃園市平鎮區華安里平東路282巷42號,鍾招信,3000000,99/06/14,115/09/24,公司所營事業變更修正章程,F105050 家具、寢具、廚房器具、裝設品批發業；F106010 五金批發業；F106040 水器材料批發業；F111090 建材批發業；F205040 家具、寢具、廚房器具、裝設品零售業；F206010 五金零售業；F206040 水器材料零售業；F211010 建材零售業；F401010 國際貿易業；ZZ99999 除許可業務外，得經營法令非禁止或限制之業務,桃園市,變更,11509
53068393,桃園大眾捷運股份有限公司,桃園市大園區青峰里5鄰領航北路四段251號,沈志藏,3000000000,99/07/06,115/09/17,補選董事(常務董事.董事長)/監察人,G102011 大眾捷運系統運輸業；CD01020 軌道車輛及其零件製造業；H701010 住宅及大樓開發租售業；F399990 其他綜合零售業；I401010 一般廣告服務業；G202010 停車場經營業；H703100 不動產租賃業；IZ99990 其他工商服務業；JE01010 租賃業；E603080 交通號誌安裝工程業,桃園市,變更,11509
53145271,鉅富科技有限公司,桃園市中壢區中央西路一段1號10樓之一,張永昌,100000000,99/08/26,115/09/21,公司所在地,F119010 電子材料批發業；F113030 精密儀器批發業；F113010 機械批發業；F107200 化學原料批發業；JA02010 電器及電子產品修理業；F401010 國際貿易業；F113050 電腦及事務性機器設備批發業；F113060 度量衡器批發業；I501010 產品設計業；I301010 資訊軟體服務業,桃園市,變更,11509
53154593,綠灣國際實業有限公司,桃園市中壢區內厝里大享街555號(1樓),徐文成,11000000,99/09/16,115/09/24,公司所在地,F107190 塑膠膜、袋批發業；F199010 回收物料批發業；J101080 資源回收業；J101030 廢棄物清除業；F106050 陶瓷玻璃器皿批發業；F109070 文教、樂器、育樂用品批發業；F111090 建材批發業；F113090 交通標誌器材批發業；F120010 耐火材料批發業；F199990 其他批發業,桃園市,變更,11509
53170398,吉澧建設股份有限公司,桃園市桃園區中正里忠一路166號,鄭皓文,40000000,99/10/18,115/09/29,發行新股,H701010 住宅及大樓開發租售業；H701020 工業廠房開發租售業；H701050 投資興建公共建設業；H701060 新市鎮、新社區開發業；H703090 不動產買賣業；H703100 不動產租賃業；I401010 一般廣告服務業；I401020 廣告傳單分送業；I503010 景觀、室內設計業；IZ12010 人力派遣業,桃園市,變更,11509
53173199,明陽國際企業股份有限公司,桃園市桃園區東門里中和街4號,鄭義豪,19000000,99/10/22,115/09/15,董事/監察人持股變動報備,F113010 機械批發業；F113020 電器批發業；F113990 其他機械器具批發業；F114030 汽、機車零件配備批發業；F116010 照相器材批發業；F117010 消防安全設備批發業；F119010 電子材料批發業；F401010 國際貿易業；ZZ99999 除許可業務外，得經營法令非禁止或限制之業務；E601020 電器安裝業,桃園市,變更,11509
53175507,合義科技股份有限公司,桃園市八德區茄苳里茄苳路889巷28號,鄭美麗,12000000,99/10/28,115/09/17,改選董事/監察人(一人法人股東指派董事/監察人),CA03010 熱處理業；CA04010 表面處理業；CB01010 機械設備製造業；CB01990 其他機械製造業；CC01990 其他電機及電子機械器材製造業；F113010 機械批發業；F113990 其他機械器具批發業；F401010 國際貿易業；ZZ99999 除許可業務外，得經營法令非禁止或限制之業務,桃園市,變更,11509
53224253,神豐隆金屬股份有限公司,桃園市大園區五權里五青路150巷41號,周鎮宏,45000000,100/04/21,115/09/15,改選董事/監察人(一人法人股東指派董事/監察人),F106010 五金批發業；F199010 回收物料批發業；F206010 五金零售業；F401010 國際貿易業；CA02010 金屬結構及建築組件製造業；CA02990 其他金屬製品製造業；ZZ99999 除許可業務外，得經營法令非禁止或限制之業務,桃園市,變更,11509
53282577,金永興科技股份有限公司,桃園市八德區瑞豐里友聯街52號,李婷如,50000000,99/12/23,115/09/16,公司所營事業變更修正章程,CA05010 粉末冶金業；CA02990 其他金屬製品製造業；CC01080 電子零組件製造業；F401010 國際貿易業；F106030 模具批發業；CB01081 槍砲彈藥主要組成零件製造業；F401091 槍砲彈藥刀械輸出入業；CD01030 汽車及其零件製造業；CD01040 機車及其零件製造業；CD01050 自行車及其零件製造業,桃園市,變更,11509
53288811,鍏城室內裝修有限公司,桃園市龍潭區永興里中興路455號(1樓),鍾文浩,12000000,100/01/06,115/09/14,公司所在地,E801030 室內輕鋼架工程業；E801020 門窗安裝工程業；CA01050 鋼材二次加工業；CA04010 表面處理業；E603020 電梯安裝工程業；E603080 交通號誌安裝工程業；E603100 電焊工程業；E603090 照明設備安裝工程業；E603120 噴砂工程業；E604010 機械安裝業,桃園市,變更,11509
53292293,大築建設股份有限公司,桃園市桃園區中正路1071號15樓之1,謝莉莉,25000000,100/01/13,115/09/22,改選董事/監察人(一人法人股東指派董事/監察人),H701010 住宅及大樓開發租售業,桃園市,變更,11509
53293645,寶利威爾企業股份有限公司,桃園市桃園區同德里中正路1071號10樓之7,何志湍,196084800,100/01/17,115/09/29,發行新股,F119010 電子材料批發業；F219010 電子材料零售業；F401010 國際貿易業；CC01110 電腦及其週邊設備製造業；CC01120 資料儲存媒體製造及複製業；E605010 電腦設備安裝業；I501010 產品設計業；I301010 資訊軟體服務業；I199990 其他顧問服務業；F113050 電腦及事務性機器設備批發業,桃園市,變更,11509
53300147,宜鵬企業股份有限公司,桃園市中壢區金華里慈惠三街129號4樓之2,張秉廉,6000000,100/01/28,115/09/04,董事/監察人持股變動報備,F113010 機械批發業；F114010 汽車批發業；F114020 機車批發業；F114030 汽、機車零件配備批發業；F114050 車胎批發業；F199990 其他批發業；F401010 國際貿易業；E604010 機械安裝業；EZ99990 其他工程業；ZZ99999 除許可業務外，得經營法令非禁止或限制之業務,桃園市,變更,11509
53302031,鍾華開發股份有限公司,桃園市平鎮區北勢里和平路201號1樓,鍾秉華,20000000,100/02/01,115/09/22,變更組織,H701010 住宅及大樓開發租售業；H701020 工業廠房開發租售業；H703090 不動產買賣業；F111090 建材批發業；E801010 室內裝潢業；ZZ99999 除許可業務外，得經營法令非禁止或限制之業務,桃園市,變更,11509
53361072,紫莉股份有限公司,桃園市桃園區中和里永樂街141號,黃騏曼,24000000,100/03/02,115/09/29,董事/監察人持股變動報備,F102170 食品什貨批發業；F203010 食品什貨、飲料零售業；I103060 管理顧問業；IG01010 生物技術服務業；F401010 國際貿易業；C104020 烘焙炊蒸食品製造業；C199030 即食餐食製造業；C199990 未分類其他食品製造業；F399040 無店面零售業；F104110 布疋、衣著、鞋、帽、傘、服飾品批發業,桃園市,變更,11509
53369139,蔚萊科技有限公司,桃園市中壢區仁德里新中北路2段170巷66號3樓,張鈞豪,3300000,100/03/17,115/09/09,股東出資轉讓修正章程,F107170 工業助劑批發業；F107200 化學原料批發業；F108040 化粧品批發業；F109070 文教、樂器、育樂用品批發業；F119010 電子材料批發業；F207170 工業助劑零售業；F208040 化粧品零售業；F209060 文教、樂器、育樂用品零售業；F219010 電子材料零售業；F401010 國際貿易業,桃園市,變更,11509
53378849,力綠環保科技有限公司,桃園市中壢區幸福里延平路96號地下1樓,吳餘東,25000000,100/04/01,115/09/04,股東出資轉讓修正章程,J101030 廢棄物清除業；J101040 廢棄物處理業；J101080 廢棄物資源回收業；E603050 自動控制設備工程業；E604010 機械安裝業；EZ99990 其他工程業；F113010 機械批發業；F113100 污染防治設備批發業；I103060 管理顧問業；I199990 其他顧問服務業,桃園市,變更,11509
53399345,大來商務有限公司,桃園市桃園區武陵里復興路96號11樓,,500000,100/05/12,115/09/01,解散,H703100 不動產租賃業；J901020 一般旅館業；F203010 食品什貨、飲料零售業；I103060 管理顧問業；ZZ99999 除許可業務外，得經營法令非禁止或限制之業務,桃園市,變更,11509
53429777,全力資源股份有限公司,桃園市楊梅區大同里楊新北路321巷3號,許潔儀,8000000,100/08/12,115/09/03,變更組織,F106010 五金批發業；F106020 日常用品批發業；F109070 文教、樂器、育樂用品批發業；F113110 電池批發業；F114010 汽車批發業；F114020 機車批發業；F114030 汽、機車零件配備批發業；F114040 自行車及其零件批發業；F114050 車胎批發業；F119010 電子材料批發業,桃園市,變更,11509
53477658,浩興電子股份有限公司,桃園市蘆竹區內厝里安中街7號(1樓),張勻嘉,12000000,100/06/16,115/09/11,變更組織,F106010 五金批發業；F113030 精密儀器批發業；F113050 電腦及事務性機器設備批發業；F119010 電子材料批發業；F206010 五金零售業；F213030 電腦及事務性機器設備零售業；F213040 精密儀器零售業；F219010 電子材料零售業；F401010 國際貿易業；E605010 電腦設備安裝業,桃園市,變更,11509
53488352,永富餘國際貿易有限公司,桃園市桃園區南埔里永順街115號6樓,洪家琦,43100000,100/07/06,115/09/11,增資,F111090 建材批發業；F106010 五金批發業；F107010 漆料、塗料批發業；F105050 家具、寢具、廚房器具、裝設品批發業；F120010 耐火材料批發業；F401010 國際貿易業；ZZ99999 除許可業務外，得經營法令非禁止或限制之業務；F115010 首飾及貴金屬批發業；F115020 礦石批發業；F199010 回收物料批發業,桃園市,變更,11509
53498393,向記食品股份有限公司,桃園市蘆竹區榮安路6巷98號2樓至3樓,向勇,16000000,100/07/25,115/09/08,改選董事/監察人(一人法人股東指派董事/監察人),C103050 罐頭、冷凍、脫水及醃漬食品製造業；C104020 烘焙炊蒸食品製造業；C109010 調味品製造業；C110010 飲料製造業；C199030 即食餐食製造業；C199990 未分類其他食品製造業；F102170 食品什貨批發業；F121010 食品添加物批發業；F102020 食用油脂批發業；F102030 菸酒批發業,桃園市,變更,11509
53501427,鋐陽電子有限公司,桃園市蘆竹區錦中里南崁路一段207之6號,林榮翰,106000000,100/07/29,115/09/01,增資,C901020 玻璃及玻璃製品製造業；F113020 電器批發業；F119010 電子材料批發業；F401010 國際貿易業；I501010 產品設計業；ZZ99999 除許可業務外，得經營法令非禁止或限制之業務；CC01080 電子零組件製造業,桃園市,變更,11509
53509737,歐麗德企業有限公司,桃園市蘆竹區中福里龍壽街一段95巷17之1號,談義光,5000000,100/08/16,115/09/14,一般補正案,F106030 模具批發業；F106040 水器材料批發業；F113020 電器批發業；F113030 精密儀器批發業；F113070 電信器材批發業；F113110 電池批發業；F116010 照相器材批發業；F117010 消防安全設備批發業；F119010 電子材料批發業；F120010 耐火材料批發業,桃園市,變更,11509
53646036,冠偉公寓大廈管理維護股份有限公司,桃園市桃園區龍祥里中山路1288巷16號(1樓),游佳穎,10000000,100/12/12,115/09/02,董事/監察人持股變動報備,I801011 公寓大廈管理服務業；ZZ99999 除許可業務外，得經營法令非禁止或限制之業務,桃園市,變更,11509
53646752,詠豐環保有限公司,桃園市蘆竹區瓦窯里南山路一段127號10樓,許丞伶,6000000,100/12/13,115/09/04,一般補正案,A102080 園藝服務業；E801010 室內裝潢業；E801020 門窗安裝工程業；E801040 玻璃安裝工程業；E901010 油漆工程業；E903010 防蝕、防銹工程業；F106010 五金批發業；F107030 清潔用品批發業；I503010 景觀、室內設計業；IZ12010 人力派遣業,桃園市,變更,11509
53657716,日鼎水務企業股份有限公司,桃園市蘆竹區富華路1段177號,林榮顯,7880800000,101/09/24,115/09/02,發行新股,E599010 配管工程業；E603040 消防安全設備安裝工程業；E604010 機械安裝業；F113100 污染防治設備批發業；F401010 國際貿易業；H701050 投資興建公共建設業；J101030 廢棄物清除業；J101040 廢棄物處理業；J101050 環境檢測服務業；J101060 廢（污）水處理業,桃園市,變更,11509
53685918,鈞騰精密實業有限公司,桃園市龜山區萬壽路二段1170號12樓,趙敏如,5000000,101/02/22,115/09/29,一般補正案,I501010 產品設計業；I599990 其他設計業；F106020 日常用品批發業；F206020 日常用品零售業；F106030 模具批發業；F206030 模具零售業；F106050 陶瓷玻璃器皿批發業；F105050 家具、寢具、廚房器具、裝設品批發業；F205040 家具、寢具、廚房器具、裝設品零售業；F119010 電子材料批發業,桃園市,變更,11509
53686515,諺駿國際有限公司,桃園市桃園區莊敬里同德十一街56號8樓之1,劉諺駿,1000000,101/02/24,115/09/02,一般補正案,F401010 國際貿易業；H202010 創業投資業；H703090 不動產買賣業；H703100 不動產租賃業；HZ99990 其他金融、保險及不動產業；ZZ99999 除許可業務外，得經營法令非禁止或限制之業務,桃園市,變更,11509
53786802,鎂基股份有限公司,桃園市大溪區瑞源里20鄰員東路511號,呂松壽,421000000,101/01/05,115/09/14,申登機關變更（遷入，含卷）,CA01150 鎂鑄造業；CA01990 其他非鐵金屬基本工業；CA02080 金屬鍛造業；CA02990 其他金屬製品製造業；CC01080 電子零組件製造業；CD01040 機車及其零件製造業；CD01050 自行車及其零件製造業；CP01010 手工具製造業；CQ01010 模具製造業；ZZ99999 除許可業務外，得經營法令非禁止或限制之業務,桃園市,變更,11509
53806125,克超有限公司,桃園市蘆竹區南竹路五段210巷48號1樓,,1200000,101/02/24,115/09/15,解散,E102011 土木包工業；EZ02010 起重工程業；EZ99990 其他工程業；E801010 室內裝潢業；E903010 防蝕、防銹工程業；E801040 玻璃安裝工程業；E901010 油漆工程業；I503010 景觀、室內設計業；F111090 建材批發業；F120010 耐火材料批發業,桃園市,變更,11509
53827607,洛克數位媒體有限公司,桃園市中壢區民權路226之7號7樓,陳紹品,1500000,101/04/05,115/09/16,申登機關變更（遷入，含卷）,J304010 圖書出版業；J305010 有聲出版業；J503011 廣播節目製作業；J503021 電視節目製作業；J503041 廣播電視廣告業；J602010 演藝活動業；JB01010 會議及展覽服務業；JE01010 租賃業；JZ99030 攝影業；JZ99090 喜慶綜合服務業,桃園市,變更,11509
53840003,森智科技有限公司,桃園市蘆竹區中興四街2巷33號1樓,陳美如,300000,101/04/27,115/09/14,股東出資轉讓修正章程,F107200 化學原料批發業；F107990 其他化學製品批發業；F113010 機械批發業；F113030 精密儀器批發業；F113050 電腦及事務性機器設備批發業；F113070 電信器材批發業；F113990 其他機械器具批發業；F119010 電子材料批發業；F207200 化學原料零售業；F207990 其他化學製品零售業,桃園市,變更,11509
53860794,丹華建設有限公司,桃園市平鎮區延平路三段22號（1樓）,邱惠丹,11500000,101/06/07,115/09/30,公司所在地,H701010 住宅及大樓開發租售業；H701020 工業廠房開發租售業；H701050 投資興建公共建設業；H701060 新市鎮、新社區開發業；H703090 不動產買賣業；H703100 不動產租賃業；B601010 土石採取業；F111090 建材批發業；F211010 建材零售業；J101030 廢棄物清除業,桃園市,變更,11509
53861436,鶴通有限公司,桃園市蘆竹區錦中里南農街25號,莊蕙筠,5000000,101/06/08,115/09/08,一般補正案,CA02010 金屬結構及建築組件製造業；CA02080 金屬鍛造業；CA02090 金屬線製品製造業；CA02990 其他金屬製品製造業；F213080 機械器具零售業；F401010 國際貿易業；ZZ99999 除許可業務外，得經營法令非禁止或限制之業務；F399040 無店面零售業；I301010 資訊軟體服務業；I301020 資料處理服務業,桃園市,變更,11509
53876825,嘉貿投資股份有限公司,桃園市觀音區大潭北路665號,李弘偉,300000000,101/07/10,115/09/22,改選董事/監察人(一人法人股東指派董事/監察人),H201010 一般投資業,桃園市,變更,11509
53878416,沅秉企業有限公司,桃園市觀音區草漯里大觀路二段257之1號,張照珮,1000000,101/07/12,115/09/10,股東出資轉讓修正章程,F106010 五金批發業；F106020 日常用品批發業；F107030 清潔用品批發業；F121010 食品添加物批發業；F401010 國際貿易業；ZZ99999 除許可業務外，得經營法令非禁止或限制之業務,桃園市,變更,11509
53959509,赫猷科技管理顧問有限公司,桃園市蘆竹區南興里南順七街60之13號,莊淑娟,300000,101/07/16,115/09/07,公司外文名稱登記修正章程,I103060 管理顧問業；IG02010 研究發展服務業；J202010 產業育成業；J304010 圖書出版業；J305010 有聲出版業；ZZ99999 除許可業務外，得經營法令非禁止或限制之業務,桃園市,變更,11509
53964025,兆台實業股份有限公司,桃園市中壢區龍東里龍東路401巷6號1樓,劉子華,10000000,101/07/25,115/09/22,改選董事/監察人(一人法人股東指派董事/監察人),F219010 電子材料零售業；F113020 電器批發業；F213010 電器零售業；F105050 家具、寢具、廚房器具、裝設品批發業；F106010 五金批發業；F106020 日常用品批發業；F107200 化學原料批發業；F107990 其他化學製品批發業；F109070 文教、樂器、育樂用品批發業；F108040 化粧品批發業,桃園市,變更,11509
53981397,庫得科技股份有限公司,桃園市桃園區中華路97號1樓,吳廣義,422750000,101/09/07,115/09/23,一般補正案,I101100 航空顧問業；I101120 造船顧問業；I199990 其他顧問服務業；I301010 資訊軟體服務業；I501010 產品設計業；I599990 其他設計業；IG03010 能源技術服務業；CD01010 船舶及其零件製造業；CD01020 軌道車輛及其零件製造業；CD01030 汽車及其零件製造業,桃園市,變更,11509
53983590,駟泓實業股份有限公司,桃園市觀音區廣興里中山路一段388巷30號(2樓),李泓澔,2000000,101/09/12,115/09/08,變更組織,F106010 五金批發業；F106020 日常用品批發業；F106030 模具批發業；F106040 水器材料批發業；F106050 陶瓷玻璃器皿批發業；F107010 漆料、塗料批發業；F107020 染料、顏料批發業；F107030 清潔用品批發業；F108040 化粧品批發業；F109070 文教、樂器、育樂用品批發業,桃園市,變更,11509
54014017,巨茂應用材料股份有限公司,桃園市龜山區南上里大坑路一段18巷1號,李俊緯,199277200,101/10/08,115/09/09,修正章程,C801990 其他化學材料製造業；CC01990 其他電機及電子機械器材製造業；CD01030 汽車及其零件製造業；CD01990 其他運輸工具及其零件製造業；CE01010 一般儀器製造業；EZ05010 儀器、儀表安裝工程業；EZ99990 其他工程業；F107060 毒性化學物質批發業；F107170 工業助劑批發業；F107200 化學原料批發業,桃園市,變更,11509
54092934,優固寶企業有限公司,桃園市桃園區建國里建國東路21號,詹沛霖,5000000,101/11/22,115/09/17,股東出資轉讓修正章程,C701010 印刷業；C801100 合成樹脂及塑膠製造業；F106010 五金批發業；F107010 漆料、塗料批發業；F107170 工業助劑批發業；F111090 建材批發業；F401010 國際貿易業；ZZ99999 除許可業務外，得經營法令非禁止或限制之業務,桃園市,變更,11509
54096523,聚輔實業股份有限公司,桃園市龍潭區高平里石崎子3號2樓,彭喜家,33000000,101/11/30,115/09/11,改選董事/監察人(一人法人股東指派董事/監察人),C801010 基本化學工業；C801030 精密化學材料製造業；C801990 其他化學材料製造業；F107200 化學原料批發業；F207200 化學原料零售業；C802990 其他化學製品製造業；F107990 其他化學製品批發業；F207990 其他化學製品零售業；C802120 工業助劑製造業；F107170 工業助劑批發業,桃園市,變更,11509
54100940,台灣麥珈斯國際物流有限公司,桃園市龜山區忠義路一段591號,孔文傑(HUNG MAN KIT),100000,101/12/12,115/09/18,公司所營事業變更修正章程,F207030 清潔用品零售業；F399040 無店面零售業；F401010 國際貿易業；ZZ99999 除許可業務外，得經營法令非禁止或限制之業務；G801010 倉儲業；IZ06010 理貨包裝業；G799990 其他運輸輔助業,桃園市,變更,11509
54101103,宏碁開發有限公司,桃園市桃園區建新街68號二樓,,1000000,101/12/12,115/09/17,股東出資轉讓修正章程,B601010 土石採取業；EZ02010 起重工程業；EZ99990 其他工程業；F111090 建材批發業；JE01010 租賃業；ZZ99999 除許可業務外，得經營法令非禁止或限制之業務,桃園市,變更,11509
54105488,瀚亞工程有限公司,桃園市中壢區環北路400號14樓之1,王錦雲,30000,101/12/21,115/09/10,公司所在地,E603020 電梯安裝工程業；E603120 噴砂工程業；E801010 室內裝潢業；E901010 油漆工程業；E903010 防蝕、防銹工程業；F106010 五金批發業；F107010 漆料、塗料批發業；F111090 建材批發業；F113030 精密儀器批發業；F120010 耐火材料批發業,桃園市,變更,11509
54112299,邦鼎實業有限公司,桃園市龜山區樹人路26巷22之12號,陳信良,10000000,102/01/08,115/09/10,一般補正案,F104110 布疋、衣著、鞋、帽、傘、服飾品批發業；F105050 家具、寢具、廚房器具、裝設品批發業；F113010 機械批發業；F113030 精密儀器批發業；F113050 電腦及事務性機器設備批發業；F401010 國際貿易業；I101110 紡織顧問業；I501010 產品設計業；I502010 服飾設計業；E604010 機械安裝業,桃園市,變更,11509
54125273,富豪居國際創業投資股份有限公司,桃園市中壢區忠孝里忠孝路282巷51號3樓,范莊玉招,1000000,102/02/05,115/09/23,一般補正案,I102010 投資顧問業；I103060 管理顧問業；ZZ99999 除許可業務外，得經營法令非禁止或限制之業務；I401010 一般廣告服務業；I401020 廣告傳單分送業；I301010 資訊軟體服務業；I301020 資料處理服務業；I301030 電子資訊供應服務業；IZ12010 人力派遣業；IZ15010 市場研究及民意調查業,桃園市,變更,11509
54137926,達詳自動化股份有限公司,桃園市龜山區山頂里興邦路31號,黃晧倫,103217000,102/03/14,115/09/24,改選董事/監察人(一人法人股東指派董事/監察人),CB01010 機械設備製造業；E603050 自動控制設備工程業；E604010 機械安裝業；F113010 機械批發業；F113030 精密儀器批發業；F213040 精密儀器零售業；F213080 機械器具零售業；F401010 國際貿易業；I501010 產品設計業；ZZ99999 除許可業務外，得經營法令非禁止或限制之業務,桃園市,變更,11509
54220987,晉豪室內裝修設計有限公司,桃園市平鎮區北興里關爺東路5巷16弄5號1樓,黃奕蒼,7000000,102/03/20,115/09/10,公司所營事業變更修正章程,E801060 室內裝修業；E801010 室內裝潢業；E801020 門窗安裝工程業；E801030 室內輕鋼架工程業；E801040 玻璃安裝工程業；E801070 廚具、衛浴設備安裝工程業；E901010 油漆工程業；E903010 防蝕、防銹工程業；F205040 家具、寢具、廚房器具、裝設品零售業；F211010 建材零售業,桃園市,變更,11509
54224105,昌輝紙業有限公司,桃園市平鎮區新富里環南路二段265號3樓之7,葉松霖,6000000,102/03/27,115/09/24,公司所在地,C601030 紙容器製造業；F106010 五金批發業；F106020 日常用品批發業；F106040 水器材料批發業；F109070 文教、樂器、育樂用品批發業；F111090 建材批發業；F113010 機械批發業；F401010 國際貿易業；ZZ99999 除許可業務外，得經營法令非禁止或限制之業務,桃園市,變更,11509
54225420,工控王國股份有限公司,桃園市平鎮區平南里新光路五段189號2樓,莊朝倫,10000000,102/03/28,115/09/24,公司所營事業變更修正章程,F399040 無店面零售業；F219010 電子材料零售業；JA02010 電器及電子產品修理業；E605010 電腦設備安裝業；E603050 自動控制設備工程業；E603010 電纜安裝工程業；F213010 電器零售業；I301010 資訊軟體服務業；F213060 電信器材零售業；CC01010 發電、輸電、配電機械製造業,桃園市,變更,11509
54226217,六甲子土地開發有限公司,桃園市桃園區泰山里中山路425巷6號7樓之2,張義忠,166666,102/04/01,115/09/07,股東出資轉讓修正章程,H701010 住宅及大樓開發租售業；H701020 工業廠房開發租售業；H701060 新市鎮、新社區開發業；H703090 不動產買賣業；H703100 不動產租賃業；ZZ99999 除許可業務外，得經營法令非禁止或限制之業務,桃園市,變更,11509
54251236,錫安環境科技有限公司,桃園市中壢區松智三街19號,劉興楠,10000000,102/05/21,115/09/21,改推董事/董事長,E604010 機械安裝業；EZ02010 起重工程業；EZ05010 儀器、儀表安裝工程業；EZ99990 其他工程業；F106010 五金批發業；F107080 環境用藥批發業；F111090 建材批發業；F113010 機械批發業；F113020 電器批發業；F113030 精密儀器批發業,桃園市,變更,11509
54252024,育碩工程有限公司,桃園市桃園區長安里愛三街3號,,1000000,102/05/22,115/09/14,股東出資轉讓修正章程,E603120 噴砂工程業；E801010 室內裝潢業；E801030 室內輕鋼架工程業；E901010 油漆工程業；E903010 防蝕、防銹工程業；EZ99990 其他工程業；F106010 五金批發業；F111090 建材批發業；F206010 五金零售業；F207010 漆料、塗料零售業,桃園市,變更,11509
54255681,睿智精密科技股份有限公司,桃園市中壢區福祥路296號,陳昌坤,120000000,102/05/29,115/09/11,增資(資本總額),CB01010 機械設備製造業；CC01080 電子零組件製造業；CE01010 一般儀器製造業；CQ01010 模具製造業；F106010 五金批發業；F106030 模具批發業；F113010 機械批發業；F113030 精密儀器批發業；F119010 電子材料批發業；F120010 耐火材料批發業,桃園市,變更,11509
54256561,冠昌塗裝有限公司,桃園市平鎮區復興里文化街35巷2號2樓,張旭成,1800000,102/05/30,115/09/08,增資,F111090 建材批發業；E801010 室內裝潢業；F401010 國際貿易業；I503010 景觀、室內設計業；F106010 五金批發業；F107020 染料、顏料批發業；ZZ99999 除許可業務外，得經營法令非禁止或限制之業務,桃園市,變更,11509
54278018,藝器用飾有限公司,桃園市新屋區中山東路一段213巷1號,馬婉珊,5000000,102/06/19,115/09/04,一般補正案,F105050 家具、寢具、廚房器具、裝設品批發業；F106010 五金批發業；F106020 日常用品批發業；F106040 水器材料批發業；F106050 陶瓷玻璃器皿批發業；F109070 文教、樂器、育樂用品批發業；F111090 建材批發業；F115010 首飾及貴金屬批發業；F115020 礦石批發業；I105010 藝術品諮詢顧問業,桃園市,變更,11509
54312873,喜多福食品有限公司,桃園市龜山區萬壽路一段163號11樓之1,李彥松,2750000,102/11/28,115/09/21,增資,F101990 其他農、畜、水產品批發業；F102170 食品什貨批發業；F201010 農產品零售業；F201990 其他農畜水產品零售業；F203010 食品什貨、飲料零售業；F401010 國際貿易業；F501990 其他餐飲業,桃園市,變更,11509
54501972,駿澤國際有限公司,桃園市平鎮區東勢里東龍街1150號,李榮達,500000,102/07/01,115/09/29,公司所在地,CD01030 汽車及其零件製造業；F114030 汽、機車零件配備批發業；F214030 汽、機車零件配備零售業；F114010 汽車批發業；F214010 汽車零售業；JA01010 汽車修理業；F113010 機械批發業；F213080 機械器具零售業；F113020 電器批發業；F213010 電器零售業,桃園市,變更,11509
54504534,聖環開發建設有限公司,桃園市八德區和平路961巷10之1號,黃彩華,5000000,102/07/08,115/09/08,股東出資轉讓修正章程,H701010 住宅及大樓開發租售業；H701020 工業廠房開發租售業；H701050 投資興建公共建設業；H701060 新市鎮、新社區開發業；H703090 不動產買賣業；H703100 不動產租賃業；I401010 一般廣告服務業；ZZ99999 除許可業務外，得經營法令非禁止或限制之業務,桃園市,變更,11509
54515552,曜達興業有限公司,桃園市桃園區南門里育仁街26號7樓,周志強,1700000,102/08/15,115/09/02,董事/股東地址變更,CA02010 金屬結構及建築組件製造業；E603050 自動控制設備工程業；E801020 門窗安裝工程業；F106010 五金批發業；F111090 建材批發業；F120010 耐火材料批發業；F206010 五金零售業；F211010 建材零售業；F220010 耐火材料零售業；F401010 國際貿易業,桃園市,變更,11509
54526734,海客思科技有限公司,桃園市八德區廣隆里廣福路770巷8弄20號1樓,鄭元德,6000000,102/09/30,115/09/04,股東出資轉讓修正章程,F113010 機械批發業；F106010 五金批發業；F206010 五金零售業；F213080 機械器具零售業；JZ99050 仲介服務業；CA02050 閥類製造業；CB01010 機械設備製造業；CB01990 其他機械製造業；E603050 自動控制設備工程業；E604010 機械安裝業,桃園市,變更,11509
54532790,騰暘建設有限公司,桃園市中壢區高鐵站前路408號3樓,梁永聰,26200000,102/10/18,115/09/30,公司所在地,H701010 住宅及大樓開發租售業；H703090 不動產買賣業；H701050 投資興建公共建設業；H701060 新市鎮、新社區開發業；ZZ99999 除許可業務外，得經營法令非禁止或限制之業務,桃園市,變更,11509
54533263,宥睿有限公司,桃園市中壢區永福路59巷16號,曾世賢,700000,102/10/22,115/09/01,一般補正案,E599010 配管工程業；E601010 電器承裝業；E603010 電纜安裝工程業；E701020 衛星電視ＫＵ頻道、Ｃ頻道器材安裝業；E701030 電信管制射頻器材裝設工程業；E701040 簡易電信設備安裝業；EZ06010 交通標示工程業；F106010 五金批發業；F106040 水器材料批發業；F111090 建材批發業,桃園市,變更,11509
54535467,宏億資訊有限公司,桃園市桃園區長安里力行路66號1樓,,500000,102/10/29,115/09/09,一般補正案,F113020 電器批發業；F113030 精密儀器批發業；F113050 電腦及事務性機器設備批發業；F114030 汽、機車零件配備批發業；F116010 照相器材批發業；F119010 電子材料批發業；F213010 電器零售業；F213030 電腦及事務性機器設備零售業；F213040 精密儀器零售業；F216010 照相器材零售業,桃園市,變更,11509
54536058,榮駿國際股份有限公司,桃園市桃園區文化里成功路一段31之9號,呂志哲,63500000,102/10/30,115/09/16,公司所在地,F102040 飲料批發業；F102170 食品什貨批發業；F501990 其他餐飲業；F203010 食品什貨、飲料零售業；F104110 布疋、衣著、鞋、帽、傘、服飾品批發業；F105050 家具、寢具、廚房器具、裝設品批發業；F106020 日常用品批發業；F209060 文教、樂器、育樂用品零售業；F399040 無店面零售業；IG01010 生物技術服務業,桃園市,變更,11509
54537845,合豐富田股份有限公司,桃園市蘆竹區南祥路145號21樓,鄭桂林,79000000,102/11/07,115/09/30,改選董事/監察人(一人法人股東指派董事/監察人),H201010 一般投資業；I102010 投資顧問業；I103060 管理顧問業；I199990 其他顧問服務業；JE01010 租賃業；F401010 國際貿易業；ZZ99999 除許可業務外，得經營法令非禁止或限制之業務；F108040 化粧品批發業；F106010 五金批發業；F107030 清潔用品批發業,桃園市,變更,11509
54539560,橙品生活美學室內裝修股份有限公司,桃園市蘆竹區中山路7號,鄭桂林,23000000,102/11/13,115/09/11,改選董事/監察人(一人法人股東指派董事/監察人),H201010 一般投資業；I102010 一般投資顧問業；I103060 管理顧問業；I199990 其他顧問服務業；JE01010 租賃業；CN01010 家具及裝設品製造業；E801010 室內裝潢業；E801020 門窗安裝工程業；E801030 室內輕鋼架工程業；E801040 玻璃安裝工程業,桃園市,變更,11509
54539941,常順地產有限公司,桃園市楊梅區瑞溪里梅獅路二段46號,徐常順,500000,102/11/13,115/09/16,股東出資轉讓修正章程,H704031 不動產仲介經紀業；H703090 不動產買賣業；H703100 不動產租賃業；H703110 老人住宅業；H701010 住宅及大樓開發租售業；H701020 工業廠房開發租售業；H701050 投資興建公共建設業；H701060 新市鎮、新社區開發業；H701070 區段徵收及市地重劃代辦業；H701090 都市更新整建維護業,桃園市,變更,11509
54540406,多加欣業有限公司,桃園市蘆竹區羊稠里長春路6號8樓,謝文吉,6000000,102/11/14,115/09/02,股東出資轉讓修正章程,F106010 五金批發業；F112040 石油製品批發業；F113010 機械批發業；F113110 電池批發業；F206010 五金零售業；F212050 石油製品零售業；F213080 機械器具零售業；F213110 電池零售業；F401010 國際貿易業；CB01010 機械設備製造業,桃園市,變更,11509
54667403,吉邦數位有限公司,桃園市桃園區吉安一街187號13樓,陳堃綸,6000000,103/01/16,115/09/04,申登機關變更（遷入，含卷）,E601010 電器承裝業；E601020 電器安裝業；E603040 消防安全設備安裝工程業；E603050 自動控制設備工程業；E603080 交通號誌安裝工程業；E603090 照明設備安裝工程業；E604010 機械安裝業；E605010 電腦設備安裝業；E801020 門窗安裝工程業；E801030 室內輕鋼架工程業,桃園市,變更,11509
54684515,長異發動機維修股份有限公司,桃園市大園區航站南路8號,席慕剛,4148613450,103/03/20,115/09/15,改選董事/監察人(一人法人股東指派董事/監察人),CD01060 航空器及其零件製造業；F114070 航空器及其零件批發業；F214070 航空器及其零件零售業；F401010 國際貿易業；I103060 管理顧問業；JA02990 其他修理業；ZZ99999 除許可業務外，得經營法令非禁止或限制之業務,桃園市,變更,11509
54778077,前衛健康事業股份有限公司,桃園市龜山區德明路89巷32號1樓,陳文正,2000000,103/01/16,115/09/18,一般補正案,I103060 管理顧問業；I199990 其他顧問服務業；I301010 資訊軟體服務業；I301020 資料處理服務業；I301030 電子資訊供應服務業；I401010 一般廣告服務業；I501010 產品設計業；I503010 景觀、室內設計業；IZ04010 翻譯業；IZ15010 市場研究及民意調查業,桃園市,變更,11509
54789813,僑鋒國際有限公司,桃園市八德區大愛里和平路232號4樓,薛瑋杰,5000000,103/03/05,115/09/02,公司所在地,F104110 布疋、衣著、鞋、帽、傘、服飾品批發業；F106020 日常用品批發業；F204110 布疋、衣著、鞋、帽、傘、服飾品零售業；F401010 國際貿易業；ZZ99999 除許可業務外，得經營法令非禁止或限制之業務,桃園市,變更,11509
54797530,尚邑廣告事業股份有限公司,桃園市新屋區清華一街62號,陳美滿,15000000,103/03/28,115/09/02,公司所在地,H701010 住宅及大樓開發租售業；H701060 新市鎮、新社區開發業；H701070 區段徵收及市地重劃代辦業；H701090 都市更新整建維護業；H703090 不動產買賣業；H703100 不動產租賃業；H704041 不動產代銷經紀業；E801010 室內裝潢業；I401010 一般廣告服務業；I401020 廣告傳單分送業,桃園市,變更,11509
54804048,致鉅科技有限公司,桃園市桃園區汴洲里經國一路73號,張大昌,30000000,103/04/17,115/09/16,公司所在地,F119010 電子材料批發業；F113020 電器批發業；F113030 精密儀器批發業；F113070 電信器材批發業；I301010 資訊軟體服務業；I103060 管理顧問業；F401010 國際貿易業；ZZ99999 除許可業務外，得經營法令非禁止或限制之業務；F113010 機械批發業；F113050 電腦及事務性機器設備批發業,桃園市,變更,11509
54814329,碩展工業有限公司,桃園市平鎮區中豐路南勢二段487巷16弄46號2樓,邱淑貞,70000000,103/05/20,115/09/08,增資,CB01010 機械設備製造業；CB01990 其他機械製造業；F113010 機械批發業；F113030 精密儀器批發業；F113990 其他機械器具批發業；E604010 機械安裝業；F106010 五金批發業；F119010 電子材料批發業；F401010 國際貿易業；ZZ99999 除許可業務外，得經營法令非禁止或限制之業務,桃園市,變更,11509
54815930,定埕精機股份有限公司,桃園市八德區茄苳里永豐路253號,鍾明裕,8000000,103/05/26,115/09/08,改選董事/監察人(一人法人股東指派董事/監察人),CC01010 發電、輸電、配電機械製造業；CD01990 其他運輸工具及其零件製造業；E603020 電梯安裝工程業；E603100 電焊工程業；E604010 機械安裝業；I599990 其他設計業；F401010 國際貿易業；ZZ99999 除許可業務外，得經營法令非禁止或限制之業務,桃園市,變更,11509
54818845,長聖儀器股份有限公司,桃園市中壢區中園路192號10樓之16,馮建忠,31500000,103/06/24,115/09/17,增資(資本總額),CB01010 機械設備製造業；CE01010 一般儀器製造業；F113030 精密儀器批發業；F113060 度量衡器批發業；F119010 電子材料批發業；F401010 國際貿易業；F108031 醫療器材批發業；I301010 資訊軟體服務業；F118010 資訊軟體批發業；F218010 資訊軟體零售業,桃園市,變更,11509
54821503,永大科技股份有限公司,桃園市桃園區大興西路二段6號9樓之1,楊恢禹,26014230,104/09/11,115/09/04,改選董事/監察人(一人法人股東指派董事/監察人),A101020 農作物栽培業；A101040 食用菌菇類栽培業；A102020 農產品整理業；A102050 作物栽培服務業；A199990 其他農業；E603100 電焊工程業；J101030 廢棄物清除業；J101040 廢棄物處理業；J101090 廢棄物清理業；JE01010 租賃業,桃園市,變更,11509
54858753,拉格爾有限公司,桃園市龜山區大崗里17鄰新興街131號(一樓),江志偉,20100000,104/07/28,115/09/01,增資,F104110 布疋、衣著、鞋、帽、傘、服飾品批發業；F204110 布疋、衣著、鞋、帽、傘、服飾品零售業；F401010 國際貿易業；C301010 紡紗業；C302010 織布業；C303010 不織布業；C306010 成衣業；C307010 服飾品製造業；I101110 紡織顧問業；I501010 產品設計業,桃園市,變更,11509
54920095,居易室內設計股份有限公司,桃園市桃園區信光里大連二街101號,黃仁欽,5000000,105/07/13,115/09/11,改選董事/監察人(一人法人股東指派董事/監察人),F111090 建材批發業；E801010 室內裝潢業；E901010 油漆工程業；E801020 門窗安裝工程業；E801040 玻璃安裝工程業；E801070 廚具、衛浴設備安裝工程業；F105050 家具、寢具、廚房器具、裝設品批發業；F106010 五金批發業；I503010 景觀、室內設計業；ZZ99999 除許可業務外，得經營法令非禁止或限制之業務,桃園市,變更,11509
54920497,淳泉投資股份有限公司,桃園市八德區建德路88號21樓,李錦山,86509320,105/07/20,115/09/21,改選董事/監察人(一人法人股東指派董事/監察人),H201010 一般投資業,桃園市,變更,11509
54921432,宸洋藥品有限公司,桃園市龜山區民生北路一段40之2號2樓之7、2樓之8、4樓之2及4樓之3,蔣美萍,11000000,105/07/25,115/09/01,股東出資轉讓修正章程,F108021 西藥批發業；F108031 醫療器材批發業；F401010 國際貿易業；F208050 乙類成藥零售業；I103060 管理顧問業；G801010 倉儲業；F208040 化粧品零售業；F207030 清潔用品零售業；F107030 清潔用品批發業；F106020 日常用品批發業,桃園市,變更,11509
54924108,蒲公英未來有限公司,桃園市中壢區中建里中央西路一段1號10樓之1,李纘承,1000000,105/08/16,115/09/09,公司所在地,H701010 住宅及大樓開發租售業；H701020 工業廠房開發租售業；H701050 投資興建公共建設業；H701060 新市鎮、新社區開發業；H701070 區段徵收及市地重劃代辦業；H701090 都市更新整建維護業；H702010 建築經理業；H703090 不動產買賣業；H703100 不動產租賃業；H703110 老人住宅業,桃園市,變更,11509
54927689,曜加有限公司,桃園市桃園區同安街396號三樓,黃國柱,11200000,107/03/22,115/09/09,股東出資轉讓修正章程,F119010 電子材料批發業；F219010 電子材料零售業；F401010 國際貿易業；CB01010 機械設備製造業；CC01080 電子零組件製造業；CC01110 電腦及其週邊設備製造業；F113010 機械批發業；F113050 電腦及事務性機器設備批發業；F213030 電腦及事務性機器設備零售業；F213080 機械器具零售業,桃園市,變更,11509
54928890,聯新健康股份有限公司,桃園市平鎮區延平路二段430巷87弄4號,張煥禎,8010000,107/03/29,115/09/04,改選董事/監察人(一人法人股東指派董事/監察人),H201010 一般投資業；ZZ99999 除許可業務外，得經營法令非禁止或限制之業務,桃園市,變更,11509
54934035,奧蒙能源有限公司,桃園市桃園區永安里中正三街194號5樓,陳學政,10010000,107/05/16,115/09/18,公司所在地,IG03010 能源技術服務業；E601010 電器承裝業；D101060 再生能源自用發電設備業；F119010 電子材料批發業；F106010 五金批發業；F401010 國際貿易業,桃園市,變更,11509
54934730,賀賀成不動產股份有限公司,桃園市中壢區洽溪里洽溪路139號1樓、2樓,李佳樺,4000000,107/05/22,115/09/01,改選董事/監察人(一人法人股東指派董事/監察人),H704031 不動產仲介經紀業；H703090 不動產買賣業；I102010 投資顧問業；I401010 一般廣告服務業；I401020 廣告傳單分送業；IZ12010 人力派遣業；F105050 家具、寢具、廚房器具、裝設品批發業；F111090 建材批發業；E599010 配管工程業；E801010 室內裝潢業,桃園市,變更,11509
54936266,大碩智能科技股份有限公司,桃園市中壢區中園路200之2號十一樓,張家榮,45510000,107/06/06,115/09/01,發行新股,CA02030 螺絲、螺帽、螺絲釘、及鉚釘等製品製造業；CB01010 機械設備製造業；CB01990 其他機械製造業；CC01080 電子零組件製造業；CC01110 電腦及其週邊設備製造業；CC01120 資料儲存媒體製造及複製業；CE01010 一般儀器製造業；CE01990 其他光學及精密器械製造業；CQ01010 模具製造業；E603050 自動控制設備工程業,桃園市,變更,11509
54942204,延積實業有限公司,桃園市八德區富榮街269巷5號（1樓）,施韋廷,10000000,107/07/27,115/09/09,增資,F111090 建材批發業；F106050 陶瓷玻璃器皿批發業；F106010 五金批發業；F113010 機械批發業；F113030 精密儀器批發業；F120010 耐火材料批發業；F107020 染料、顏料批發業；F119010 電子材料批發業；E801070 廚具、衛浴設備安裝工程業；F401010 國際貿易業,桃園市,變更,11509
54943490,禾鵬工程有限公司,桃園市大溪區瑞德街188巷53號,廖震宇,5000000,107/08/08,115/09/02,公司所營事業變更修正章程,E607010 太陽熱能設備安裝工程業；E603130 燃氣熱水器承裝業；E601020 電器安裝業；F113020 電器批發業；F119010 電子材料批發業；CA01050 鋼材二次加工業；E801010 室內裝潢業；E801020 門窗安裝工程業；E801070 廚具、衛浴設備安裝工程業；F106010 五金批發業,桃園市,變更,11509
54948853,捷德機電消防有限公司,桃園市龜山區新路里中原街20巷23號3樓,吳偉華,500000,107/10/15,115/09/30,公司所在地,I103060 管理顧問業；JZ99050 仲介服務業；F106040 水器材料批發業；F106010 五金批發業；F113010 機械批發業；F113020 電器批發業；F113030 精密儀器批發業；F113110 電池批發業；F117010 消防安全設備批發業；F120010 耐火材料批發業,桃園市,變更,11509
55801223,三石營造有限公司,桃園市大園區田心里中正西路45之1號,許銘翔,60000000,73/11/03,115/09/11,股東出資轉讓修正章程,E101011 綜合營造業,桃園市,變更,11509
55853559,沐禾窗飾有限公司,桃園市蘆竹區忠孝西路181號2樓,楊中維,250000,107/02/02,115/09/24,一般補正案,F104110 布疋、衣著、鞋、帽、傘、服飾品批發業；F105050 家具、寢具、廚房器具、裝設品批發業；F106010 五金批發業；F204110 布疋、衣著、鞋、帽、傘、服飾品零售業；F205040 家具、寢具、廚房器具、裝設品零售業；F206010 五金零售業；F401010 國際貿易業；E801010 室內裝潢業；ZZ99999 除許可業務外，得經營法令非禁止或限制之業務,桃園市,變更,11509
59118244,爻暎國際有限公司,桃園市新屋區下田里德尚路126巷18號,楊青敏,3000000,105/09/13,115/09/23,公司名稱變更修正章程,E801010 室內裝潢業；F102050 茶葉批發業；F105050 家具、寢具、廚房器具、裝設品批發業；F106050 陶瓷玻璃器皿批發業；F205040 家具、寢具、廚房器具、裝設品零售業；F206020 日常用品零售業；F299990 其他零售業；F401010 國際貿易業；I105010 藝術品諮詢顧問業；I401010 一般廣告服務業,桃園市,變更,11509
59188590,展昇能源科技股份有限公司,桃園市桃園區大興西路二段6號9樓之1,楊恢禹,24395780,106/01/17,115/09/07,一般補正案,CC01010 發電、輸電、配電機械製造業；CC01040 照明設備製造業；D401010 熱能供應業；F113110 電池批發業；F119010 電子材料批發業；F213110 電池零售業；F219010 電子材料零售業；F401010 國際貿易業；E601010 電器承裝業；E601020 電器安裝業,桃園市,變更,11509
60337860,桃福多元有限公司,桃園市中壢區中山東路2段183號,陳永福,500000,115/03/11,115/09/24,復業副本,F501060 餐館業；F399040 無店面零售業；ZZ99999 除許可業務外，得經營法令非禁止或限制之業務,桃園市,變更,11509
60343808,台灣均安環保科技有限公司,桃園市中壢區青峰路一段47號五樓,林志全,5000000,115/03/04,115/09/18,增資,J101060 廢（污）水處理業；F113100 污染防治設備批發業；F113990 其他機械器具批發業；F113030 精密儀器批發業；F299990 其他零售業；F401010 國際貿易業,桃園市,變更,11509
60346066,模形啊國際有限公司,桃園市八德區瑞興里豐田路218號(一樓),王紹宇,100000,115/01/21,115/09/23,一般補正案,F209060 文教、樂器、育樂用品零售業；F109070 文教、樂器、育樂用品批發業；F206010 五金零售業；F206020 日常用品零售業；F399040 無店面零售業；JA02990 其他修理業；F401010 國際貿易業；F214030 汽、機車零件配備零售業；JE01010 租賃業；ZZ99999 除許可業務外，得經營法令非禁止或限制之業務,桃園市,變更,11509
60347987,樂成事業有限公司,桃園市中壢區中北路131號,楊能堯,4080000,115/02/25,115/09/07,一般補正案,F102170 食品什貨批發業；F203010 食品什貨、飲料零售業；F102040 飲料批發業；F501030 飲料店業；F501060 餐館業；F401010 國際貿易業；I101090 食品顧問業；I103060 管理顧問業；ZZ99999 除許可業務外，得經營法令非禁止或限制之業務,桃園市,變更,11509
60356508,鑫沐工程有限公司,桃園市中壢區中北路二段468之1號(3樓),陳容嫻,1000000,115/01/09,115/09/02,公司所在地,E599010 配管工程業；E601010 電器承裝業；E601020 電器安裝業；E801010 室內裝潢業；E801020 門窗安裝工程業；E801030 室內輕鋼架工程業；E801040 玻璃安裝工程業；E901010 油漆工程業；F106010 五金批發業；F111090 建材批發業,桃園市,變更,11509
60365112,鎂晶國際有限公司,桃園市蘆竹區龍壽街1段213之15號(1樓),李佩錡,500000,115/01/26,115/09/18,公司所在地,CC01080 電子零組件製造業；CC01100 電信管制射頻器材製造業；CC01110 電腦及其週邊設備製造業；CB01020 事務機器製造業；CC01990 其他電機及電子機械器材製造業；CQ01010 模具製造業；CZ99990 未分類其他工業製品製造業；E605010 電腦設備安裝業；F113020 電器批發業；F113050 電腦及事務性機器設備批發業,桃園市,變更,11509
60377790,恆石資本有限公司,桃園市楊梅區東森路128號(1樓),阮冠穎,500000,115/01/28,115/09/22,申登機關變更（遷入，含卷）,J202010 產業育成業；H201010 一般投資業；H701010 住宅及大樓開發租售業；H703090 不動產買賣業；H703100 不動產租賃業；I199990 其他顧問服務業；I103060 管理顧問業；JZ99050 仲介服務業；F401010 國際貿易業；I401010 一般廣告服務業,桃園市,變更,11509
60396966,正文能源有限公司,桃園市桃園區中正路1082號24樓,邱政勳,1000000,115/01/20,115/09/23,股東出資轉讓修正章程,I102010 一般投資顧問業；D101060 再生能源自用發電設備業；H201010 一般投資業；IG03010 能源技術服務業；JE01010 租賃業；JZ99050 仲介服務業；ZZ99999 除許可業務外，得經營法令非禁止或限制之業務,桃園市,變更,11509
60397472,擎元科技股份有限公司,桃園市龍潭區新和路1號,吳宜芳,414000000,115/01/13,115/09/18,改派董事/監察人,CC01080 電子零組件製造業；CC01030 電器及視聽電子產品製造業；CC01070 無線通信機械器材製造業；CE01030 光學儀器製造業；F119010 電子材料批發業；F219010 電子材料零售業；I301010 資訊軟體服務業；I301020 資料處理服務業；I301030 電子資訊供應服務業；F401010 國際貿易業,桃園市,變更,11509
60397775,源策實業有限公司,桃園市龜山區文東五街30巷2號(1樓),劉泰源,1000000,115/01/16,115/09/01,公司所營事業變更修正章程,E604010 機械安裝業；E601020 電器安裝業；E603010 電纜安裝工程業；E599010 配管工程業；E801010 室內裝潢業；E603090 照明設備安裝工程業；I199990 其他顧問服務業；I501010 產品設計業；F113070 電信器材批發業；E603050 自動控制設備工程業,桃園市,變更,11509
60398015,永元智能股份有限公司,桃園市中壢區領航南路三段319號15樓,顏明宏,70000000,115/01/19,115/09/16,一般補正案,CB01010 機械設備製造業；CB01990 其他機械製造業；CC01010 發電、輸電、配電機械製造業；CC01030 電器及視聽電子產品製造業；CC01080 電子零組件製造業；E604010 機械安裝業；F113010 機械批發業；F113990 其他機械器具批發業；F118010 資訊軟體批發業；F119010 電子材料批發業,桃園市,變更,11509
60406731,森潤行有限公司,桃園市八德區介壽路二段1022巷138號6樓,游承諺,1000000,114/12/17,115/09/17,公司所營事業變更修正章程,E901010 油漆工程業；E903010 防蝕、防銹工程業；EZ15010 保溫、保冷安裝工程業；EZ99990 其他工程業；F106040 水器材料批發業；HZ99990 其他金融、保險及不動產業；I103060 管理顧問業；I401010 一般廣告服務業；JE01010 租賃業；HZ02010 金融機構金錢債權收買業務,桃園市,變更,11509
60407470,鋒域清運有限公司,桃園市中壢區中央西路一段1號10樓之1,張文泉,1000000,114/12/24,115/09/16,增資,J101010 建築物清潔服務業；J101030 廢棄物清除業；J101080 資源回收業；J101090 廢棄物清理業；J101990 其他環境衛生及污染防治服務業；F199010 回收物料批發業；F299990 其他零售業；F199990 其他批發業；F206010 五金零售業；F211010 建材零售業,桃園市,變更,11509
60407696,新世科技股份有限公司,桃園市中壢區永昌路145號（1樓）,陳瑩,300000,114/12/26,115/09/04,董事/監察人持股變動報備,CC01090 電池製造業；CD01020 軌道車輛及其零件製造業；CD01030 汽車及其零件製造業；CD01040 機車及其零件製造業；CD01990 其他運輸工具及其零件製造業；CC01110 電腦及其週邊設備製造業；F113020 電器批發業；F113110 電池批發業；F114030 汽、機車零件配備批發業；F114080 軌道車輛及其零件批發業,桃園市,變更,11509
60407751,卯未戌有限公司,桃園市八德區永福西街46巷1弄24號,張子恩,2400000,114/12/26,115/09/21,增資,H201010 一般投資業；F101990 其他農、畜、水產品批發業；F201010 農產品零售業；F201990 其他農畜水產品零售業；F401010 國際貿易業；H701010 住宅及大樓開發租售業；H701020 工業廠房開發租售業；H701050 投資興建公共建設業；H703090 不動產買賣業；H703100 不動產租賃業,桃園市,變更,11509
60415226,全科投資股份有限公司,桃園市中壢區青園里青雲路118號3樓之9,陳基成,10000000,114/09/25,115/09/22,申登機關變更（遷入，含卷）,H201010 一般投資業；ZZ99999 除許可業務外，得經營法令非禁止或限制之業務,桃園市,變更,11509
60457772,新曜永續科技有限公司,桃園市大園區南港里溪福路2號十樓,李珞羽,10000000,114/10/14,115/09/21,公司外文名稱登記修正章程,J101030 廢棄物清除業；J101090 廢棄物清理業；J101020 病媒防治業；J101050 環境檢測服務業；J101080 資源回收業；J101110 營建剩餘土石方資源處理業；J101120 營建混合物分類處理業；J101990 其他環境衛生及污染防治服務業；JA01020 汽車拖吊業；JA01990 其他汽車服務業,桃園市,變更,11509
60457843,星韻文化藝術有限公司,桃園市桃園區光興里縣府路110號8樓,黃韻帆,100000,114/10/15,115/09/15,公司所營事業變更修正章程,F109070 文教、樂器、育樂用品批發業；F209060 文教、樂器、育樂用品零售業；J601010 藝文服務業；J602010 演藝活動業；J603010 音樂展演空間業；I301010 資訊軟體服務業；I301020 資料處理服務業；I301030 電子資訊供應服務業；IG02010 研究發展服務業；J305010 有聲出版業,桃園市,變更,11509
60458239,康裕活力股份有限公司,桃園市桃園區天祥五街29號,李焯雅,29170893,114/10/17,115/09/11,一般補正案,J801030 競技及休閒運動場館業；J802010 運動訓練業；J803010 運動表演業；I103060 管理顧問業；H202010 創業投資業；ZZ99999 除許可業務外，得經營法令非禁止或限制之業務,桃園市,變更,11509
60490097,郡品科技有限公司,桃園市八德區介壽路一段982號(3樓),李承學,500000,114/10/23,115/09/23,公司名稱變更修正章程,E599010 配管工程業；E601010 電器承裝業；E603040 消防安全設備安裝工程業；E603050 自動控制設備工程業；E605010 電腦設備安裝業；E603080 交通號誌安裝工程業；EZ05010 儀器、儀表安裝工程業；EZ15010 保溫、保冷安裝工程業；JA02010 電器及電子產品修理業；IF01010 消防安全設備檢修業,桃園市,變更,11509
60490272,景洋管理顧問有限公司,桃園市桃園區光興里縣府路110號8樓,鄭皓文,100000,114/10/27,115/09/07,公司所在地,I103060 管理顧問業；ZZ99999 除許可業務外，得經營法令非禁止或限制之業務；I199990 其他顧問服務業,桃園市,變更,11509
60491286,泓星有限公司,桃園市桃園區光興里縣府路308之3號,蔡芳棋,1000000,114/11/04,115/09/14,修正章程,A102080 園藝服務業；A199990 其他農業；A401010 畜牧場經營業；A401020 家畜禽飼育業；A401990 其他畜牧業；B202010 非金屬礦業；B601010 土石採取業；C102010 乳品製造業；C103050 罐頭、冷凍、脫水及醃漬食品製造業；C113020 酒類半成品製造業,桃園市,變更,11509
60499323,鉅泰資本股份有限公司,桃園市桃園區龍壽里龍泉六街226號,黃宇鋒,1000000,114/11/12,115/09/23,補選董事(常務董事.董事長)/監察人,H201010 一般投資業；I102010 一般投資顧問業；I103060 管理顧問業；H202010 創業投資業,桃園市,變更,11509
60499409,羽翼科技有限公司,桃園市平鎮區金陵路二段78號,彭羿寧,100000,114/11/12,115/09/17,公司所營事業變更修正章程,F118010 資訊軟體批發業；F119010 電子材料批發業；F218010 資訊軟體零售業；F219010 電子材料零售業；I103060 管理顧問業；H201010 一般投資業；JZ99050 仲介服務業；F113010 機械批發業；F113990 其他機械器具批發業；F113020 電器批發業,桃園市,變更,11509
60499533,台灣量化金融科技股份有限公司,桃園市龜山區華亞一路36號,王榕宏,45500000,114/11/13,115/09/07,改選董事/監察人(一人法人股東指派董事/監察人),F118010 資訊軟體批發業；F218010 資訊軟體零售業；F399040 無店面零售業；I301010 資訊軟體服務業；I301020 資料處理服務業；I301030 電子資訊供應服務業；I501010 產品設計業；I599990 其他設計業；J202010 產業育成業；ZZ99999 除許可業務外，得經營法令非禁止或限制之業務,桃園市,變更,11509
60510191,日杰環保科技有限公司,桃園市觀音區崙坪里崙坪五路212號,陳國昌,10000000,114/09/18,115/09/16,公司所在地,F199010 回收物料批發業；F107190 塑膠膜、袋批發業；F107010 漆料、塗料批發業；F107020 染料、顏料批發業；F401010 國際貿易業；F199990 其他批發業；F204110 布疋、衣著、鞋、帽、傘、服飾品零售業；EZ99990 其他工程業；IZ06010 理貨包裝業；J101030 廢棄物清除業,桃園市,變更,11509
60523034,達鑫投顧有限公司,桃園市桃園區永安北路381巷6弄1號8樓,曾建忠,1000000,114/12/05,115/09/02,減少所營事業變更修正章程,H201010 一般投資業,桃園市,變更,11509
60523082,興和淨化科技股份有限公司,桃園市大園區三和路28巷1號(1樓),賴家聲,30000000,114/12/05,115/09/08,一般補正案,CB01030 污染防治設備製造業；F113100 污染防治設備批發業；CB01990 其他機械製造業；F119010 電子材料批發業；F113030 精密儀器批發業；F213040 精密儀器零售業；F213100 污染防治設備零售業；F219010 電子材料零售業；IG02010 研究發展服務業；I501010 產品設計業,桃園市,變更,11509
60523843,奧森有限公司,桃園市中壢區民族路3段222巷19號(1樓),梁元徽,60000,114/12/11,115/09/03,公司所營事業變更修正章程,C402030 皮革、毛皮製品製造業；CN01010 家具及裝設品製造業；CP01010 手工具製造業；F401010 國際貿易業；F104110 布疋、衣著、鞋、帽、傘、服飾品批發業；F204110 布疋、衣著、鞋、帽、傘、服飾品零售業；F106020 日常用品批發業；F206020 日常用品零售業；F399040 無店面零售業；F119010 電子材料批發業,桃園市,變更,11509
60524266,慧城工程有限公司,桃園市桃園區汴洲里幸福路200號3樓,陳蘊鈴,1500000,114/12/15,115/09/23,增資,E599010 配管工程業；E603110 冷作工程業；E603120 噴砂工程業；E801010 室內裝潢業；E901010 油漆工程業；E903010 防蝕、防銹工程業；EZ99990 其他工程業；F106010 五金批發業；F106020 日常用品批發業；F107010 漆料、塗料批發業,桃園市,變更,11509
60524934,中儷珠寶有限公司,桃園市中壢區石頭里中和路114號(1樓至3樓),李浩誠,5000000,114/10/03,115/09/08,公司所在地,F115010 首飾及貴金屬批發業；F115020 礦石批發業；F215020 礦石零售業；F215010 首飾及貴金屬零售業；F399040 無店面零售業；F401010 國際貿易業；ZZ99999 除許可業務外，得經營法令非禁止或限制之業務,桃園市,變更,11509
60525531,日澄實業股份有限公司,桃園市楊梅區楊梅里新成路85號,蔡晏潭,25200000,114/10/13,115/09/01,一般補正案,G202010 停車場經營業；H201010 一般投資業；H703100 不動產租賃業；I102010 一般投資顧問業；ZZ99999 除許可業務外，得經營法令非禁止或限制之業務,桃園市,變更,11509
60526882,弘聿管理顧問有限公司,桃園市蘆竹區中福里龍安街二段1639巷142弄40號(3樓),莊志淋,10000000,114/11/06,115/09/15,增資,E801010 室內裝潢業；E801070 廚具、衛浴設備安裝工程業；EZ99990 其他工程業；F104110 布疋、衣著、鞋、帽、傘、服飾品批發業；F105050 家具、寢具、廚房器具、裝設品批發業；F106020 日常用品批發業；F107030 清潔用品批發業；F399040 無店面零售業；H703100 不動產租賃業；I103060 管理顧問業,桃園市,變更,11509
60535469,賞屋新視界股份有限公司,桃園市桃園區北門里三民路二段284之2號3樓,林嵩堉,1000000,114/11/18,115/09/21,補選董事(常務董事.董事長)/監察人,I503010 景觀、室內設計業；I301010 資訊軟體服務業；I301020 資料處理服務業；I301030 電子資訊供應服務業；IG02010 研究發展服務業；IZ13010 網路認證服務業；J399010 軟體出版業；ZZ99999 除許可業務外，得經營法令非禁止或限制之業務,桃園市,變更,11509
60536501,詠晴工程有限公司,桃園市桃園區福林里介壽路495巷65號14樓,廖哲緯,200000,114/11/26,115/09/03,公司所在地,E601020 電器安裝業；E801010 室內裝潢業；E801070 廚具、衛浴設備安裝工程業；E901010 油漆工程業；E903010 防蝕、防銹工程業；EZ07010 鑽孔工程業；EZ99990 其他工程業；F206010 五金零售業；F207010 漆料、塗料零售業；F213010 電器零售業,桃園市,變更,11509
60536571,序域國際有限公司,桃園市桃園區龍安里國豐八街22號,杜永承,2600000,114/11/26,115/09/07,增資,E601020 電器安裝業；E603090 照明設備安裝工程業；E801010 室內裝潢業；E801020 門窗安裝工程業；E801030 室內輕鋼架工程業；E801040 玻璃安裝工程業；E801070 廚具、衛浴設備安裝工程業；E901010 油漆工程業；E903010 防蝕、防銹工程業；F105050 家具、寢具、廚房器具、裝設品批發業,桃園市,變更,11509
60536777,大慕喵喵室內裝修有限公司,桃園市中壢區興南里中美路一段18號13樓之15,王慕瑋,650000,114/11/28,115/09/09,公司名稱變更修正章程,E801010 室內裝潢業；E599010 配管工程業；E601020 電器安裝業；E603090 照明設備安裝工程業；E604010 機械安裝業；E701010 電信工程業；E801020 門窗安裝工程業；E801030 室內輕鋼架工程業；E801040 玻璃安裝工程業；E801070 廚具、衛浴設備安裝工程業,桃園市,變更,11509
60536988,堯日有限公司,桃園市八德區介壽路二段685巷50弄126號(1樓),葉曉惠,300000,114/12/01,115/09/16,公司所營事業變更修正章程,E601020 電器安裝業；A102080 園藝服務業；E599010 配管工程業；E603010 電纜安裝工程業；E603040 消防安全設備安裝工程業；E801010 室內裝潢業；E801020 門窗安裝工程業；E801030 室內輕鋼架工程業；E801040 玻璃安裝工程業；E901010 油漆工程業,桃園市,變更,11509
60565842,大角咀諮詢有限公司,桃園市桃園區中山路777號1樓之5,王浚儒,1000000,114/08/13,115/09/11,一般補正案,I301010 資訊軟體服務業；I103060 管理顧問業；IZ99990 其他工商服務業；I199990 其他顧問服務業；F401010 國際貿易業；ZZ99999 除許可業務外，得經營法令非禁止或限制之業務,桃園市,變更,11509
60566188,衡陽有限公司,桃園市桃園區中興里永安路223號5樓,詹偉錡,200000,114/09/03,115/09/21,一般補正案,F104110 布疋、衣著、鞋、帽、傘、服飾品批發業；F204110 布疋、衣著、鞋、帽、傘、服飾品零售業；F199990 其他批發業；F299990 其他零售業；F399990 其他綜合零售業；F401010 國際貿易業；I301010 資訊軟體服務業；I301060 網路廣告平臺業；I501010 產品設計業；I301020 資料處理服務業,桃園市,變更,11509
60570438,軍佑投資有限公司,桃園市桃園區福林里介壽路495巷65號14樓,池軍佑,500000,114/09/02,115/09/29,公司所在地,H201010 一般投資業；H202010 創業投資業；ZZ99999 除許可業務外，得經營法令非禁止或限制之業務,桃園市,變更,11509
60571041,頤心樂苑有限公司,桃園市大溪區員林路一段91號(2樓),蔡沂伶,300000,114/09/08,115/09/23,公司所在地,IZ12010 人力派遣業；H703110 老人住宅業；I103060 管理顧問業；JZ99050 仲介服務業；ZZ99999 除許可業務外，得經營法令非禁止或限制之業務,桃園市,變更,11509
60571149,曜辰興業股份有限公司,桃園市平鎮區金陵路三段197巷1弄3號(1樓),王偉仲,1500000,114/09/08,115/09/14,停業副本,E601010 電器承裝業；E601020 電器安裝業；E603010 電纜安裝工程業；E603020 電梯安裝工程業；E603040 消防安全設備安裝工程業；E603050 自動控制設備工程業；E603080 交通號誌安裝工程業；E603090 照明設備安裝工程業；E605010 電腦設備安裝業；E606010 用電設備檢驗維護業,桃園市,變更,11509
60571555,昕峯室內裝潢有限公司,桃園市桃園區南豐三街11號7樓之2,李梅綺,900000,114/09/11,115/09/04,增資,I503010 景觀、室內設計業；E801010 室內裝潢業；I401010 一般廣告服務業；F205040 家具、寢具、廚房器具、裝設品零售業；F213010 電器零售業；ZZ99999 除許可業務外，得經營法令非禁止或限制之業務,桃園市,變更,11509
60571561,聖霆有限公司,桃園市中壢區過嶺里民族路五段196號(2樓),鄧祚霆,5000000,114/09/11,115/09/22,增資,F113020 電器批發業；F213010 電器零售業；F111090 建材批發業；E801010 室內裝潢業；I503010 景觀、室內設計業；I501010 產品設計業；F105050 家具、寢具、廚房器具、裝設品批發業；F106010 五金批發業；F106040 水器材料批發業；F206010 五金零售業,桃園市,變更,11509
60571598,渥逵股份有限公司,桃園市觀音區文化路石橋段748號,蕭雅丰,13000000,114/09/11,115/09/02,一般補正案,E801010 室內裝潢業；EZ11010 球場跑道樹脂材料鋪設工程業；EZ14010 運動場地用設備工程業；F104110 布疋、衣著、鞋、帽、傘、服飾品批發業；F105050 家具、寢具、廚房器具、裝設品批發業；F106010 五金批發業；F106020 日常用品批發業；F109070 文教、樂器、育樂用品批發業；F199990 其他批發業；F401010 國際貿易業,桃園市,變更,11509
60578608,瑞奇曼有限公司,桃園市八德區廣興里建國路907巷4弄9號,侯承慶,1000000,114/06/27,115/09/24,公司所營事業變更修正章程,A102080 園藝服務業；A101020 農作物栽培業；A101030 特用作物栽培業；A101050 花卉栽培業；A102020 農產品整理業；A102050 作物栽培服務業；F106010 五金批發業；F106020 日常用品批發業；F111090 建材批發業；B601010 土石採取業,桃園市,變更,11509
60579135,臥龍五虎山有限公司,桃園市中壢區中興里榮安十三街294號11樓,黃家松,100000,114/07/02,115/09/04,一般補正案,F206020 日常用品零售業；F205040 家具、寢具、廚房器具、裝設品零售業；F204110 布疋、衣著、鞋、帽、傘、服飾品零售業；F206010 五金零售業；F399040 無店面零售業；F401010 國際貿易業；ZZ99999 除許可業務外，得經營法令非禁止或限制之業務,桃園市,變更,11509
60579156,懿騏科技有限公司,桃園市桃園區三民路三段28之1號4樓之1,蔡余有騏,10000000,114/07/02,115/09/08,公司所營事業變更修正章程,F113020 電器批發業；F213010 電器零售業；F102170 食品什貨批發業；F208040 化粧品零售業；F199990 其他批發業；F299990 其他零售業；F401010 國際貿易業；I103060 管理顧問業；F108031 醫療器材批發業；F208031 醫療器材零售業,桃園市,變更,11509
60596205,波佳營造有限公司,桃園市觀音區保生里12鄰保安路三段137號（1樓）,施馬利,3600000,114/08/11,115/09/21,股東出資轉讓修正章程,E101011 綜合營造業；EZ99990 其他工程業；A102080 園藝服務業；E502010 燃料導管安裝工程業；E599010 配管工程業；E601010 電器承裝業；E603010 電纜安裝工程業；E603040 消防安全設備安裝工程業；E603080 交通號誌安裝工程業；E603090 照明設備安裝工程業,桃園市,變更,11509
60596508,七里室內裝修有限公司,桃園市觀音區保生里濱海路保生段306巷176弄13號,施馬利,100000,114/08/13,115/09/16,公司所在地,E801060 室內裝修業；EZ99990 其他工程業；A102080 園藝服務業；E502010 燃料導管安裝工程業；E599010 配管工程業；E601010 電器承裝業；E603010 電纜安裝工程業；E603040 消防安全設備安裝工程業；E603080 交通號誌安裝工程業；E603090 照明設備安裝工程業,桃園市,變更,11509
60596583,奈司歐科技有限公司,桃園市八德區忠孝街23號三樓之4,廖居安,100000,114/08/13,115/09/22,公司所營事業變更修正章程,J601010 藝文服務業；I105010 藝術品諮詢顧問業；F401010 國際貿易業；F399040 無店面零售業；F299990 其他零售業；F219010 電子材料零售業；F213030 電腦及事務性機器設備零售業；F213010 電器零售業；F206020 日常用品零售業；F206010 五金零售業,桃園市,變更,11509
60597062,美仁湯有限公司,桃園市蘆竹區文新街7號5樓,何旻達,500000,114/08/15,115/09/11,公司所在地,F102040 飲料批發業；F102170 食品什貨批發業；F106010 五金批發業；F106020 日常用品批發業；F203010 食品什貨、飲料零售業；F206010 五金零售業；F206020 日常用品零售業；F213010 電器零售業；F213080 機械器具零售業；F213990 其他機械器具零售業,桃園市,變更,11509
60616429,源生機電有限公司,桃園市蘆竹區長興路四段60巷186弄20號(1樓),古濰銘,5000000,114/07/16,115/09/10,申登機關變更（遷入，含卷）,F106010 五金批發業；F106020 日常用品批發業；F107030 清潔用品批發業；F113010 機械批發業；F113020 電器批發業；F119010 電子材料批發業；F206010 五金零售業；F206020 日常用品零售業；F213010 電器零售業；F219010 電子材料零售業,桃園市,變更,11509
60623673,貿麟應用材料股份有限公司,桃園市楊梅區瑞塘里萬福街75號(1樓),温慧娟,8000000,114/08/18,115/09/17,一般補正案,F106010 五金批發業；F106030 模具批發業；F113010 機械批發業；F113030 精密儀器批發業；F113050 電腦及事務性機器設備批發業；F113990 其他機械器具批發業；F206010 五金零售業；F206030 模具零售業；F213030 電腦及事務性機器設備零售業；F213040 精密儀器零售業,桃園市,變更,11509
60624194,正宸能源股份有限公司,桃園市中壢區青航里青峰路一段49號5樓,張宜真,30000000,114/08/04,115/09/08,變更組織,I102010 一般投資顧問業；D101060 再生能源自用發電設備業；H201010 一般投資業；IG03010 能源技術服務業；JE01010 租賃業；JZ99050 仲介服務業；ZZ99999 除許可業務外，得經營法令非禁止或限制之業務,桃園市,變更,11509
60626812,鴻瑋投資有限公司,桃園市龜山區牛角坡路135號,劉浩瑋,2000000,114/08/21,115/09/21,增資,H201010 一般投資業；ZZ99999 除許可業務外，得經營法令非禁止或限制之業務,桃園市,變更,11509
60636136,大超有限公司,桃園市桃園區同安里藝文一街86之6號5樓,鍾明叡,2000000,114/05/27,115/09/07,增資,C306010 成衣業；C601010 紙漿製造業；C601020 紙製造業；C601030 紙容器製造業；C601040 加工紙製造業；C601990 其他紙製品製造業；CA01090 鋁鑄造業；CA01120 銅鑄造業；CB01010 機械設備製造業；E599010 配管工程業,桃園市,變更,11509
60640048,彥洋股份有限公司,桃園市桃園區中山路530之1號12樓,林駿程,2500000,114/06/23,115/09/04,一般補正案,A102080 園藝服務業；A199990 其他農業；D101060 再生能源自用發電設備業；D401010 熱能供應業；E599010 配管工程業；E601010 電器承裝業；E601020 電器安裝業；E603010 電纜安裝工程業；E603020 電梯安裝工程業；E603040 消防安全設備安裝工程業,桃園市,變更,11509
60661922,續集有限公司,桃園市龜山區文化里文昌一街58號3樓,王昕庭,100000,114/08/22,115/09/24,申登機關變更（遷入，含卷）,F399040 無店面零售業；F106020 日常用品批發業；F206020 日常用品零售業；F109070 文教、樂器、育樂用品批發業；F209060 文教、樂器、育樂用品零售業；F104110 布疋、衣著、鞋、帽、傘、服飾品批發業；F204110 布疋、衣著、鞋、帽、傘、服飾品零售業；F105050 家具、寢具、廚房器具、裝設品批發業；F205040 家具、寢具、廚房器具、裝設品零售業；F113020 電器批發業,桃園市,變更,11509
60666927,舒適圈餐飲顧問有限公司,桃園市中壢區興和里興北一路200號11樓之1,王鴻敏,400000,114/08/27,115/09/10,改推董事/董事長,F101990 其他農、畜、水產品批發業；F102020 食用油脂批發業；F102030 菸酒批發業；F102040 飲料批發業；F102170 食品什貨批發業；F102180 酒精批發業；F104110 布疋、衣著、鞋、帽、傘、服飾品批發業；F109070 文教、樂器、育樂用品批發業；F113010 機械批發業；F201990 其他農畜水產品零售業,桃園市,變更,11509
60666975,聯強勝透析生技股份有限公司,桃園市平鎮區平興里延平路二段430巷79之15號,簡伯毅,10101000,114/08/27,115/09/07,增資(資本總額),H201010 一般投資業；I102010 一般投資顧問業；IG01010 生物技術服務業；I199990 其他顧問服務業；IZ12010 人力派遣業；J202010 產業育成業；J303010 雜誌（期刊）出版業；J304010 圖書出版業；J399010 軟體出版業；J601010 藝文服務業,桃園市,變更,11509
60667828,騰王金屬工程有限公司,桃園市大園區五權里青昇路一段132巷166弄3號(3樓),巫駿青,1000000,114/06/03,115/09/17,增資,CA01020 鋼鐵軋延及擠型業；CA01050 鋼材二次加工業；CA01100 鋁材軋延、伸線、擠型業；CA02010 金屬結構及建築組件製造業；CA02030 螺絲、螺帽、螺絲釘、及鉚釘等製品製造業；CA02060 金屬容器製造業；CA02080 金屬鍛造業；CA02990 其他金屬製品製造業；CA04010 表面處理業；CC01080 電子零組件製造業,桃園市,變更,11509
60667974,云安消防工程有限公司,桃園市中壢區普忠里環中東路772號12樓,黃騰輝,200000,114/06/04,115/09/23,公司所在地,F106010 五金批發業；F117010 消防安全設備批發業；F119010 電子材料批發業；F206010 五金零售業；F217010 消防安全設備零售業；F219010 電子材料零售業；F299990 其他零售業；F106040 水器材料批發業；F111090 建材批發業；F113020 電器批發業,桃園市,變更,11509
60668262,聖文營造工程股份有限公司,桃園市龜山區文七三街11號(1樓),林冠宇,5000000,114/06/05,115/09/24,補選董事(常務董事.董事長)/監察人,E101011 綜合營造業；E599010 配管工程業；E601020 電器安裝業；E603010 電纜安裝工程業；E603040 消防安全設備安裝工程業；E603050 自動控制設備工程業；E603090 照明設備安裝工程業；E603100 電焊工程業；E604010 機械安裝業；E701040 簡易電信設備安裝業,桃園市,變更,11509
60668663,潤曜科技股份有限公司,桃園市大園區致遠街49號20樓之1,郭宸宏,3000000,114/06/09,115/09/10,一般補正案,E601020 電器安裝業；E603050 自動控制設備工程業；EZ05010 儀器、儀表安裝工程業；F401010 國際貿易業；F601010 智慧財產權業；I103060 管理顧問業；I199990 其他顧問服務業；I301010 資訊軟體服務業；I301020 資料處理服務業；I501010 產品設計業,桃園市,變更,11509
60669473,伊利健康運動事業有限公司,桃園市桃園區新埔六街77號13樓之1,董政明,1000000,114/06/13,115/09/10,股東出資轉讓修正章程,I199990 其他顧問服務業；I401010 一般廣告服務業；I501010 產品設計業；IZ04010 翻譯業；IZ12010 人力派遣業；J399010 軟體出版業；H201010 一般投資業；JB01010 會議及展覽服務業；F109070 文教、樂器、育樂用品批發業；F206020 日常用品零售業,桃園市,變更,11509
60670632,大豐寰宇有限公司,桃園市中壢區永興里永興街45號,蔡豐宇,1000000,114/06/10,115/09/14,申登機關變更（遷入，含卷）,F501030 飲料店業；F203010 食品什貨、飲料零售業；F213010 電器零售業；F213990 其他機械器具零售業；F113020 電器批發業；F113990 其他機械器具批發業；F206020 日常用品零售業；F106020 日常用品批發業；F205040 家具、寢具、廚房器具、裝設品零售業；F105050 家具、寢具、廚房器具、裝設品批發業,桃園市,變更,11509
60672110,侍价好品有限公司,桃園市桃園區武陵里復興路51之2號10樓之3,江志達,200000,114/03/05,115/09/21,公司所在地,F399040 無店面零售業；F113070 電信器材批發業；F113030 精密儀器批發業；JA02010 電器及電子產品修理業；F113020 電器批發業；F213010 電器零售業；F213040 精密儀器零售業；F118010 資訊軟體批發業；F218010 資訊軟體零售業；F113110 電池批發業,桃園市,變更,11509
60672630,向浩國際人力資源股份有限公司,桃園市桃園區永安路658號(1樓),吳貴逸,5000000,114/03/10,115/09/21,改選董事/監察人(一人法人股東指派董事/監察人),F114020 機車批發業；F213080 機械器具零售業；F214020 機車零售業；F401010 國際貿易業；H703100 不動產租賃業；I103060 管理顧問業；I401010 一般廣告服務業；I199990 其他顧問服務業；I701011 就業服務業；IZ12010 人力派遣業,桃園市,變更,11509
60673151,品婔企業有限公司,桃園市桃園區文化里復興路168號8樓之5,許伊欣,5000000,114/03/12,115/09/15,一般補正案,H201010 一般投資業,桃園市,變更,11509
60704957,星暘科技有限公司,桃園市中壢區洽溪里永園路408號5樓之5,邱顯瑋,2000000,114/03/18,115/09/16,公司所在地,E603040 消防安全設備安裝工程業；E603050 自動控制設備工程業；E603090 照明設備安裝工程業；E606010 用電設備檢驗維護業；EZ05010 儀器、儀表安裝工程業；E599010 配管工程業；E601010 電器承裝業；E601020 電器安裝業；E603010 電纜安裝工程業；E605010 電腦設備安裝業,桃園市,變更,11509
60705484,牛頓資本股份有限公司,桃園市桃園區中正路1092號25樓,劉大維,50500000,114/03/20,115/09/04,發行新股,H201010 一般投資業；H202010 創業投資業；I102010 一般投資顧問業；I103060 管理顧問業；I199990 其他顧問服務業；ZZ99999 除許可業務外，得經營法令非禁止或限制之業務,桃園市,變更,11509
60712529,崇懿投資有限公司,桃園市八德區竹園里新興路1163號,王俊斌,50806000,114/04/01,115/09/08,增資,F601010 智慧財產權業；H201010 一般投資業；H202010 創業投資業；I102010 一般投資顧問業；I103060 管理顧問業；I199990 其他顧問服務業；IZ99990 其他工商服務業；J202010 產業育成業；JB01010 會議及展覽服務業；JZ99050 仲介服務業,桃園市,變更,11509
60712696,沉鶩有限公司,桃園市龜山區同心二路5號,陳柏豪,100000,114/04/02,115/09/02,公司所在地,F399040 無店面零售業；F501060 餐館業；J601010 藝文服務業；I599990 其他設計業；J202010 產業育成業；I301030 電子資訊供應服務業；CC01120 資料儲存媒體製造及複製業；ZZ99999 除許可業務外，得經營法令非禁止或限制之業務,桃園市,變更,11509
60720871,星瞳有限公司,桃園市桃園區新埔六街77號9樓之5,庫元貞,12000,114/04/16,115/09/01,董事/股東更名,I103060 管理顧問業；ZZ99999 除許可業務外，得經營法令非禁止或限制之業務,桃園市,變更,11509
60729535,鉑洋開發股份有限公司,桃園市中壢區明德里龍岡路二段73巷52號,賴靈欣,15000000,114/05/06,115/09/03,董事/監察人持股變動報備,F106070 祭祀用品批發業；F111090 建材批發業；F199990 其他批發業；F206060 祭祀用品零售業；F211010 建材零售業；H201010 一般投資業；F299990 其他零售業；F401010 國際貿易業；H701010 住宅及大樓開發租售業；H701020 工業廠房開發租售業,桃園市,變更,11509
60738921,永泰安裝潢有限公司,桃園市桃園區新埔六街95號21樓,李映昇,500000,114/03/17,115/09/21,改推董事/董事長,E801010 室內裝潢業；E801030 室內輕鋼架工程業；E801040 玻璃安裝工程業；E801020 門窗安裝工程業；EZ14010 運動場地用設備工程業；F204110 布疋、衣著、鞋、帽、傘、服飾品零售業；F104110 布疋、衣著、鞋、帽、傘、服飾品批發業；F205040 家具、寢具、廚房器具、裝設品零售業；F105050 家具、寢具、廚房器具、裝設品批發業；F399040 無店面零售業,桃園市,變更,11509
60739858,鼎揚開發有限公司,桃園市桃園區新埔六街95號21樓,李映昇,100000,114/03/20,115/09/23,改推董事/董事長,E801070 廚具、衛浴設備安裝工程業；E801020 門窗安裝工程業；E903010 防蝕、防銹工程業；E901010 油漆工程業；F106010 五金批發業；F206010 五金零售業；F106020 日常用品批發業；F206020 日常用品零售業；F105050 家具、寢具、廚房器具、裝設品批發業；F205040 家具、寢具、廚房器具、裝設品零售業,桃園市,變更,11509
60744579,溱鋮國際開發股份有限公司,桃園市桃園區三民路三段316之1號,劉書婷,1000000,114/04/10,115/09/01,公司所在地,C801060 合成橡膠製造業；C804990 其他橡膠製品製造業；C805050 工業用塑膠製品製造業；C805990 其他塑膠製品製造業；CA03010 熱處理業；CC01080 電子零組件製造業；CC01110 電腦及其週邊設備製造業；CQ01010 模具製造業；CZ99990 未分類其他工業製品製造業；F106010 五金批發業,桃園市,變更,11509
60744732,世佳晟股份有限公司,桃園市桃園區新埔七街197號,多多樂資產管理顧問股份有限公司,8400000,114/04/10,115/09/14,董事/監察人持股變動報備,F102040 飲料批發業；F102170 食品什貨批發業；F203010 食品什貨、飲料零售業；F213010 電器零售業；F501030 飲料店業；F501060 餐館業；I501010 產品設計業；I503010 景觀、室內設計業；J202010 產業育成業；ZZ99999 除許可業務外，得經營法令非禁止或限制之業務,桃園市,變更,11509
60752937,戴碩股份有限公司,桃園市龜山區文化一路10巷7號2樓,黃翊庭,30500000,114/04/23,115/09/10,董事(常務董事.董事長)/監察人解任,H201010 一般投資業,桃園市,變更,11509
60753648,風尚行貿易有限公司,桃園市桃園區國強二街277巷6弄5號(1樓),陳俊宏,5000000,114/04/29,115/09/04,股東出資轉讓修正章程,I401010 一般廣告服務業；I199990 其他顧問服務業；IZ99990 其他工商服務業；JZ99050 仲介服務業；J303010 雜誌（期刊）出版業；F399040 無店面零售業；F601010 智慧財產權業；F106010 五金批發業；F106020 日常用品批發業；F106030 模具批發業,桃園市,變更,11509
60753979,楓曜科技股份有限公司,桃園市平鎮區新富五街122號,黃郁萍,600000,114/05/01,115/09/29,一般補正案,F118010 資訊軟體批發業；F218010 資訊軟體零售業；I301010 資訊軟體服務業；I301020 資料處理服務業；I301030 電子資訊供應服務業；I301060 網路廣告平臺業；I401010 一般廣告服務業；IZ13010 網路認證服務業；IZ99990 其他工商服務業；I103060 管理顧問業,桃園市,變更,11509
60755266,神乎奇技文創有限公司,桃園市龜山區樂善一路268號15樓之1,陳昱儒,100000,114/04/23,115/09/18,申登機關變更（遷入，含卷）,I103060 管理顧問業；I199990 其他顧問服務業；I301010 資訊軟體服務業；I301020 資料處理服務業；I301030 電子資訊供應服務業；I301060 網路廣告平臺業；I401010 一般廣告服務業；I401020 廣告傳單分送業；IZ99990 其他工商服務業；J202010 產業育成業,桃園市,變更,11509
60760676,清禾環保有限公司,桃園市中壢區普忠里環中東路722號1樓,姜龢芥,1200000,114/05/06,115/09/17,公司所在地,J101030 廢棄物清除業；J101080 資源回收業；J101090 廢棄物清理業；ZZ99999 除許可業務外，得經營法令非禁止或限制之業務,桃園市,變更,11509
60760789,御行股份有限公司,桃園市八德區東勇北路173號,廖士建,500000,114/05/12,115/09/09,一般補正案,F114010 汽車批發業；F214010 汽車零售業；F214030 汽、機車零件配備零售業；JA01990 其他汽車服務業；JA01010 汽車修理業；JA01020 汽車拖吊業；F114050 車胎批發業；F214050 車胎零售業；F113020 電器批發業；F213010 電器零售業,桃園市,變更,11509
60762098,正榮精密有限公司,桃園市八德區大安里長安街29之2號,吳家榮,1000000,114/05/19,115/09/04,股東出資轉讓修正章程,CA01090 鋁鑄造業；CA01120 銅鑄造業；CA01990 其他非鐵金屬基本工業；CA02030 螺絲、螺帽、螺絲釘、及鉚釘等製品製造業；CA02050 閥類製造業；CA02060 金屬容器製造業；CA03010 熱處理業；CA04010 表面處理業；CB01010 機械設備製造業；CB01990 其他機械製造業,桃園市,變更,11509
60762631,峰泰升工程有限公司,桃園市楊梅區楊湖路三段248巷141弄63號(1樓),沈志恆,2000000,114/05/21,115/09/10,改推董事/董事長,CB01020 事務機器製造業；CR01010 瓦斯器材及其零件製造業；E502010 燃料導管安裝工程業；E599010 配管工程業；F105050 家具、寢具、廚房器具、裝設品批發業；F106010 五金批發業；F113990 其他機械器具批發業；F120010 耐火材料批發業；F205040 家具、寢具、廚房器具、裝設品零售業；F206010 五金零售業,桃園市,變更,11509
60773145,駿悅宗國際有限公司,桃園市桃園區新埔六街95號21樓,陳建安,100000,114/03/21,115/09/23,改推董事/董事長,F204110 布疋、衣著、鞋、帽、傘、服飾品零售業；F104110 布疋、衣著、鞋、帽、傘、服飾品批發業；F102170 食品什貨批發業；F203010 食品什貨、飲料零售業；F106020 日常用品批發業；F206020 日常用品零售業；F399040 無店面零售業；F401010 國際貿易業；F106010 五金批發業；F206010 五金零售業,桃園市,變更,11509
60781665,齊碁生醫股份有限公司,桃園市桃園區藝文里中正路1082號13樓,劉哲嘉,98000000,114/05/23,115/09/16,一般補正案,IG02010 研究發展服務業；IC01010 藥品檢驗業；IG01010 生物技術服務業；F208050 乙類成藥零售業；F108040 化粧品批發業；F208040 化粧品零售業；F113030 精密儀器批發業；F213040 精密儀器零售業；F399040 無店面零售業；F401010 國際貿易業,桃園市,變更,11509
62012500,吾山汽車有限公司,桃園市桃園區永安里埔新路48之4號,吳宇軒,5000000,89/09/06,115/09/11,一般補正案,F114010 汽車批發業；F114030 汽、機車零件配備批發業；F114050 車胎批發業；F214010 汽車零售業；F214030 汽、機車零件配備零售業；F214050 車胎零售業；F399040 無店面零售業；F401010 國際貿易業；JA01990 其他汽車服務業；JE01010 租賃業,桃園市,變更,11509
62057203,森禾生活有限公司,桃園市桃園區永安路189號14樓之1,胡譽豐,4100000,115/05/22,115/09/02,增資,F101130 蔬果批發業；F101990 其他農、畜、水產品批發業；F102170 食品什貨批發業；F201010 農產品零售業；F201990 其他農畜水產品零售業；F203010 食品什貨、飲料零售業；F401010 國際貿易業；ZZ99999 除許可業務外，得經營法令非禁止或限制之業務；I301010 資訊軟體服務業；I301020 資料處理服務業,桃園市,變更,11509
62057560,捷一企業有限公司,桃園市八德區福元里建國路118巷2號(1樓),蕭美麗,5000000,115/05/26,115/09/22,增資,CJ01010 製帽業；CA04010 表面處理業；CA03010 熱處理業；C805990 其他塑膠製品製造業；CB01010 機械設備製造業；CC01080 電子零組件製造業；CE01030 光學儀器製造業；F104110 布疋、衣著、鞋、帽、傘、服飾品批發業；F110020 眼鏡批發業；F210020 眼鏡零售業,桃園市,變更,11509
62057908,承安環保科技股份有限公司,桃園市大園區工六路7號,林俊甫,26400000,115/05/28,115/09/18,一般補正案,C201010 飼料製造業；C801110 肥料製造業；IG03010 能源技術服務業；J101080 資源回收業；J101090 廢棄物清理業；J101040 廢棄物處理業；ZZ99999 除許可業務外，得經營法令非禁止或限制之業務；F107030 清潔用品批發業；F207030 清潔用品零售業；F401010 國際貿易業,桃園市,變更,11509
62058060,弈宸智聯有限公司,桃園市桃園區龍山里龍壽街83巷18號,范郁萱,1000000,115/05/29,115/09/16,公司所在地,E701040 簡易電信設備安裝業；F109070 文教、樂器、育樂用品批發業；F105050 家具、寢具、廚房器具、裝設品批發業；F113050 電腦及事務性機器設備批發業；F118010 資訊軟體批發業；F401010 國際貿易業；I103060 管理顧問業；I105010 藝術品諮詢顧問業；I301010 資訊軟體服務業；I501010 產品設計業,桃園市,變更,11509
62058358,強哥車體有限公司,桃園市桃園區光興里縣府路308之3號,林毓潔,100000,115/06/02,115/09/02,修正章程,JA01010 汽車修理業；F114030 汽、機車零件配備批發業；F214030 汽、機車零件配備零售業；CD01030 汽車及其零件製造業；F401010 國際貿易業；I401010 一般廣告服務業；ZZ99999 除許可業務外，得經營法令非禁止或限制之業務,桃園市,變更,11509
62058673,才思泉有限公司,桃園市桃園區經國路9號7樓之1,葉婷婷,300000,115/06/04,115/09/21,公司所營事業變更修正章程,F106060 寵物食品及其用品批發業；F206050 寵物食品及其用品零售業；F107070 動物用藥品批發業；F207070 動物用藥零售業；F104110 布疋、衣著、鞋、帽、傘、服飾品批發業；F106020 日常用品批發業；F107030 清潔用品批發業；F108040 化粧品批發業；F115010 首飾及貴金屬批發業；F204110 布疋、衣著、鞋、帽、傘、服飾品零售業,桃園市,變更,11509
62073409,忻忻貿易有限公司,桃園市蘆竹區南山路二段519號(1樓),黃震宇,500000,115/07/22,115/09/10,公司所營事業變更修正章程,F106010 五金批發業；F113020 電器批發業；F114030 汽、機車零件配備批發業；F119010 電子材料批發業；F201990 其他農畜水產品零售業；F203010 食品什貨、飲料零售業；F203020 菸酒零售業；F204110 布疋、衣著、鞋、帽、傘、服飾品零售業；F206010 五金零售業；F206020 日常用品零售業,桃園市,變更,11509
62073581,法淥國際貿易有限公司,桃園市桃園區大興西路二段3號6樓,施侑汝,500000,115/07/23,115/09/09,公司所營事業變更修正章程,F102030 菸酒批發業；F102050 茶葉批發業；F102170 食品什貨批發業；F104110 布疋、衣著、鞋、帽、傘、服飾品批發業；F106010 五金批發業；F106020 日常用品批發業；F107030 清潔用品批發業；F108031 醫療器材批發業；F108040 化粧品批發業；F203010 食品什貨、飲料零售業,桃園市,變更,11509
62073816,和硏揚投資股份有限公司,桃園市中壢區中央西路二段30號15樓之4,楊淑珍,10000000,115/07/24,115/09/22,一般補正案,F601010 智慧財產權業；H201010 一般投資業；H202010 創業投資業；H204010 私募股權投資業；I102010 一般投資顧問業；I103060 管理顧問業；I199990 其他顧問服務業；ZZ99999 除許可業務外，得經營法令非禁止或限制之業務,桃園市,變更,11509
62073870,澤食國際有限公司,桃園市中壢區普忠里大仁二街10號,林廷澤,600000,115/07/27,115/09/23,股東出資轉讓修正章程,F501060 餐館業；F203010 食品什貨、飲料零售業；F203020 菸酒零售業；F102170 食品什貨批發業；F401010 國際貿易業；F399040 無店面零售業；I401010 一般廣告服務業；C199030 即食餐食製造業；ZZ99999 除許可業務外，得經營法令非禁止或限制之業務,桃園市,變更,11509
62073956,光繹實業有限公司,桃園市中壢區松嶺里高鐵南路五段888號(1樓),呂盈萱,200000,115/07/27,115/09/15,公司所在地門牌整編,CN01010 家具及裝設品製造業；E801010 室內裝潢業；E801070 廚具、衛浴設備安裝工程業；EZ99990 其他工程業；F105050 家具、寢具、廚房器具、裝設品批發業；F106010 五金批發業；F111090 建材批發業；F205040 家具、寢具、廚房器具、裝設品零售業；F206010 五金零售業；F206020 日常用品零售業,桃園市,變更,11509
62073978,偉誠建設有限公司,桃園市楊梅區金溪里金溪路173號(2樓),羅韋瓏,1000000,115/07/28,115/09/18,股東出資轉讓修正章程,H701010 住宅及大樓開發租售業；H701020 工業廠房開發租售業；H701050 投資興建公共建設業；H701060 新市鎮、新社區開發業；E599010 配管工程業；E601010 電器承裝業；E601020 電器安裝業；E603010 電纜安裝工程業；E603020 電梯安裝工程業；E603090 照明設備安裝工程業,桃園市,變更,11509
62074174,康護家健康事業有限公司,桃園市桃園區新埔六街77號9樓之5,廖秀妹,1000000,115/07/29,115/09/07,公司所在地,IZ12010 人力派遣業；I199990 其他顧問服務業；IZ99990 其他工商服務業；I301030 電子資訊供應服務業；I103060 管理顧問業；F399040 無店面零售業；F203010 食品什貨、飲料零售業；F102170 食品什貨批發業；JZ99990 未分類其他服務業；ZZ99999 除許可業務外，得經營法令非禁止或限制之業務,桃園市,變更,11509
62089866,作心喃有限公司,桃園市蘆竹區埤腳街77巷46號(1樓),柳伃庭,100000,115/06/05,115/09/22,一般補正案,C103050 罐頭、冷凍、脫水及醃漬食品製造業；C199990 未分類其他食品製造業；F501990 其他餐飲業；F501060 餐館業；C199030 即食餐食製造業；I503010 景觀設計業；I199990 其他顧問服務業；F399040 無店面零售業；F206020 日常用品零售業；F203010 食品什貨、飲料零售業,桃園市,變更,11509
62090815,擎安興業股份有限公司,桃園市桃園區天祥六街65巷12號4樓,林美惠,272000000,115/06/12,115/09/21,增資(資本總額),F401010 國際貿易業；F106020 日常用品批發業；F104110 布疋、衣著、鞋、帽、傘、服飾品批發業；F105050 家具、寢具、廚房器具、裝設品批發業；F109070 文教、樂器、育樂用品批發業；F204110 布疋、衣著、鞋、帽、傘、服飾品零售業；F205040 家具、寢具、廚房器具、裝設品零售業；F206020 日常用品零售業；F209060 文教、樂器、育樂用品零售業；H703090 不動產買賣業,桃園市,變更,11509
62114099,豐萃創投股份有限公司,桃園市新屋區頭洲里民族路六段443號,陳欽弘,10000000,115/08/10,115/09/14,一般補正案,H201010 一般投資業；H703090 不動產買賣業；H703100 不動產租賃業；JE01010 租賃業；JZ99050 仲介服務業；IZ12010 人力派遣業；F399040 無店面零售業；F401010 國際貿易業；H202010 創業投資業；ZZ99999 除許可業務外，得經營法令非禁止或限制之業務,桃園市,變更,11509
62114226,冪次土地開發顧問股份有限公司,桃園市桃園區正光一街61號2樓,徐本清,2000000,115/08/11,115/09/16,停業副本,H701020 工業廠房開發租售業；H701040 特定專業區開發業；I102010 一般投資顧問業；I103060 管理顧問業；I199990 其他顧問服務業；ZZ99999 除許可業務外，得經營法令非禁止或限制之業務,桃園市,變更,11509
62131652,麒鼎有限公司,桃園市中壢區青航里青峰路1段47號5樓,陳建勳,100000,115/06/29,115/09/03,股東出資轉讓修正章程,F213030 電腦及事務性機器設備零售業；F213050 度量衡器零售業；F213060 電信器材零售業；F213080 機械器具零售業；F214030 汽、機車零件配備零售業；F219010 電子材料零售業；F401010 國際貿易業；I102010 一般投資顧問業；I501010 產品設計業；F213040 精密儀器零售業,桃園市,變更,11509
62132110,鑫三將實業有限公司,桃園市中壢區光明里民權路226之5號11樓,梁念先,1000000,115/07/02,115/09/17,公司所在地,CA01070 廢車船解體及廢鋼鐵五金處理業；CA01990 其他非鐵金屬基本工業；F199010 回收物料批發業；F199990 其他批發業；F206010 五金零售業；F211010 建材零售業；F399040 無店面零售業；F401010 國際貿易業；J101030 廢棄物清除業；J101040 廢棄物處理業,桃園市,變更,11509
62132195,泰葛有限公司,桃園市龜山區文化里華亞三路199巷50號十九樓,吳忠穎,6386250,115/07/02,115/09/02,增資,H201010 一般投資業；ZZ99999 除許可業務外，得經營法令非禁止或限制之業務,桃園市,變更,11509
62132456,海雅建山國際開發股份有限公司,桃園市桃園區春日路236號4樓,張建邦,5000000,115/07/07,115/09/11,公司所在地,I701011 就業服務業；IZ12010 人力派遣業；H703100 不動產租賃業；H701010 住宅及大樓開發租售業；H701020 工業廠房開發租售業；A101020 農作物栽培業；A102020 農產品整理業；F101130 蔬果批發業；F201010 農產品零售業；F401010 國際貿易業,桃園市,變更,11509
62132499,新輝資產管理開發股份有限公司,桃園市中壢區定安路1號,林基竹,80000000,115/07/07,115/09/29,一般補正案,H703090 不動產買賣業；H701010 住宅及大樓開發租售業；H701020 工業廠房開發租售業；H701040 特定專業區開發業；H701050 投資興建公共建設業；H701060 新市鎮、新社區開發業；H701070 區段徵收及市地重劃代辦業；H701080 都市更新重建業；H701090 都市更新整建維護業；H702010 建築經理業,桃園市,變更,11509
62132673,鑫馭有限公司,桃園市中壢區青航里高鐵站前西路1段268號13樓之7,徐志勇,13772500,115/07/08,115/09/17,修正章程,H201010 一般投資業；ZZ99999 除許可業務外，得經營法令非禁止或限制之業務,桃園市,變更,11509
62139394,泓信國際開發有限公司,桃園市觀音區草漯里忠孝路9號,陳國煜,500000,115/07/14,115/09/17,申登機關變更（遷入，含卷）,B601010 土石採取業；E502010 燃料導管安裝工程業；E599010 配管工程業；E601010 電器承裝業；E601020 電器安裝業；E603010 電纜安裝工程業；E603020 電梯安裝工程業；E603040 消防安全設備安裝工程業；E603050 自動控制設備工程業；E603100 電焊工程業,桃園市,變更,11509
62145826,德鄰物業有限公司,桃園市中壢區新生路241號,吳融霖,5000000,115/08/13,115/09/07,公司所在地,J101010 建築物清潔服務業；IB01010 建築物公共安全檢查業；A102080 園藝服務業；F117010 消防安全設備批發業；E603040 消防安全設備安裝工程業；IZ12010 人力派遣業；H703100 不動產租賃業；I103060 管理顧問業；I199990 其他顧問服務業；JZ99990 未分類其他服務業,桃園市,變更,11509
62145945,晴朗媒體有限公司,桃園市桃園區南平路286號(4樓),祁威麟,4500000,115/08/14,115/09/10,改推董事/董事長,I301010 資訊軟體服務業；I103060 管理顧問業；I401010 一般廣告服務業；I501010 產品設計業；I599990 其他設計業；J401010 電影片製作業；J402010 電影片發行業；J404010 動畫影片製作業；J404050 電影特效製作業；J503040 廣播電視廣告業,桃園市,變更,11509
62146141,御享健康科技有限公司,桃園市中壢區青埔里領航南路二段195號(2樓),陳雲霞,50000,115/08/18,115/09/22,修正章程,F106020 日常用品批發業；F107030 清潔用品批發業；F108040 化粧品批發業；F113020 電器批發業；F206020 日常用品零售業；F207030 清潔用品零售業；F208040 化粧品零售業；F213010 電器零售業；F401010 國際貿易業；I301010 資訊軟體服務業,桃園市,變更,11509
62146705,台灣智舜有限公司,桃園市中壢區青航里青心路230號16樓,吳哲睿,5000000,115/08/21,115/09/29,公司所在地,C805050 工業用塑膠製品製造業；CB01010 機械設備製造業；CQ01010 模具製造業；F106010 五金批發業；F113010 機械批發業；F113030 精密儀器批發業；F118010 資訊軟體批發業；F119010 電子材料批發業；F206010 五金零售業；F213080 機械器具零售業,桃園市,變更,11509
62147021,慶鈴國際貿易有限公司,桃園市八德區廣福路20巷35弄5號（1樓）,裴氏捷BUI THI THIEP,500000,115/08/25,115/09/21,經理人變更,F203010 食品什貨、飲料零售業；F203020 菸酒零售業；F204110 布疋、衣著、鞋、帽、傘、服飾品零售業；F205040 家具、寢具、廚房器具、裝設品零售業；F206020 日常用品零售業；F208040 化粧品零售業；F501060 餐館業；F501030 飲料店業,桃園市,變更,11509
62195037,曜承能源有限公司,桃園市桃園區寶慶里同德七街130號,李珞羽,1500000,115/04/24,115/09/21,公司外文名稱登記修正章程,CB01010 機械設備製造業；CB01030 污染防治設備製造業；CB01990 其他機械製造業；CC01010 發電、輸電、配電機械製造業；CC01080 電子零組件製造業；CC01990 其他電機及電子機械器材製造業；CD01030 汽車及其零件製造業；CD01040 機車及其零件製造業；CZ99990 未分類其他工業製品製造業；E599010 配管工程業,桃園市,變更,11509
62195212,長晨跨境物流有限公司,桃園市桃園區藝文一街86之6號四樓,楊志軍,300000,115/04/24,115/09/21,一般補正案,B601010 土石採取業；EZ02010 起重工程業；EZ99990 其他工程業；F102170 食品什貨批發業；F103010 飼料批發業；F104110 布疋、衣著、鞋、帽、傘、服飾品批發業；F105050 家具、寢具、廚房器具、裝設品批發業；F106010 五金批發業；F106020 日常用品批發業；F107030 清潔用品批發業,桃園市,變更,11509
62207625,駿宇小客車租賃有限公司,桃園市大園區菓林里拔子林三路53巷17弄51之5號3樓,吳堉榳,29000000,115/04/29,115/09/29,增資,G101041 小客車租賃業；G202010 停車場經營業；IZ12010 人力派遣業；G799990 其他運輸輔助業；JE01010 租賃業；H201010 一般投資業；H703100 不動產租賃業；H703090 不動產買賣業；H701010 住宅及大樓開發租售業；H701020 工業廠房開發租售業,桃園市,變更,11509
62207890,維雲股份有限公司,桃園市楊梅區新梅六街17號,楊海明,2000000,115/05/20,115/09/24,董事/監察人持股變動報備,F102170 食品什貨批發業；F108040 化粧品批發業；F203010 食品什貨、飲料零售業；F208040 化粧品零售業；F106020 日常用品批發業；F206020 日常用品零售業；F399040 無店面零售業；F401010 國際貿易業；ZZ99999 除許可業務外，得經營法令非禁止或限制之業務,桃園市,變更,11509
62212079,禾鑫源有限公司,桃園市桃園區經國路873之2號二樓,吳孟澤,1000000,115/03/11,115/09/24,公司所在地,F101130 蔬果批發業；F399040 無店面零售業；F399990 其他綜合零售業；F101990 其他農、畜、水產品批發業；F199990 其他批發業；F201010 農產品零售業；F201990 其他農畜水產品零售業；F299990 其他零售業；F401010 國際貿易業；ZZ99999 除許可業務外，得經營法令非禁止或限制之業務,桃園市,變更,11509
62212492,碩和工程有限公司,桃園市八德區白鷺里3鄰廣福路1122號(1樓),王政勲,2100000,115/03/13,115/09/03,增資,EZ02010 起重工程業；E599010 配管工程業；E603100 電焊工程業；E801010 室內裝潢業；E801020 門窗安裝工程業；E801030 室內輕鋼架工程業；E801070 廚具、衛浴設備安裝工程業；E901010 油漆工程業；E903010 防蝕、防銹工程業；F111090 建材批發業,桃園市,變更,11509
62213149,芬德威科技股份有限公司,桃園市中壢區九和三街12號15樓之1,陳武德,10000000,115/03/19,115/09/24,一般補正案,H201010 一般投資業；F113030 精密儀器批發業；F114030 汽、機車零件配備批發業；F114990 其他交通運輸工具及其零件批發業；ZZ99999 除許可業務外，得經營法令非禁止或限制之業務；E502010 燃料導管安裝工程業；E599010 配管工程業；E601020 電器安裝業；E603010 電纜安裝工程業；E603040 消防安全設備安裝工程業,桃園市,變更,11509
62213470,明誠事業有限公司,桃園市觀音區福恩路一段118巷66號,曾琇鈺,200000,115/03/23,115/09/11,一般補正案,E599010 配管工程業；E601010 電器承裝業；E601020 電器安裝業；E603050 自動控制設備工程業；E603090 照明設備安裝工程業；E603100 電焊工程業；E603120 噴砂工程業；E701040 簡易電信設備安裝業；E603040 消防安全設備安裝工程業；E604010 機械安裝業,桃園市,變更,11509
62213730,宏宬企業有限公司,桃園市中壢區青峰路一段49號5樓,戴澤虞,3600000,115/03/25,115/09/11,公司所在地,A101020 農作物栽培業；A101050 花卉栽培業；A102080 園藝服務業；B601010 土石採取業；E401010 疏濬業；E402010 沙石、淤泥海拋業；E502010 燃料導管安裝工程業；E599010 配管工程業；E601020 電器安裝業；E603010 電纜安裝工程業,桃園市,變更,11509
62220583,綠環國際資源有限公司,桃園市蘆竹區新莊里大新路475之28號（1樓）,温振賢,500000,115/04/08,115/09/29,公司所營事業變更修正章程,J101080 資源回收業；J101010 建築物清潔服務業；J101020 病媒防治業；J101030 廢棄物清除業；J101040 廢棄物處理業；J101050 環境檢測服務業；J101060 廢（污）水處理業；J101070 放射性廢料處理服務業；J101090 廢棄物清理業；J101990 其他環境衛生及污染防治服務業,桃園市,變更,11509
62220599,信詮冷氣空調有限公司,桃園市楊梅區瑞塘里萬大路164巷3號,陳信詮,200000,115/04/08,115/09/09,公司所在地,E601020 電器安裝業；E801020 門窗安裝工程業；F113020 電器批發業；F113050 電腦及事務性機器設備批發業；EZ99990 其他工程業；F106010 五金批發業；F213010 電器零售業；F213030 電腦及事務性機器設備零售業；F206010 五金零售業；F299990 其他零售業,桃園市,變更,11509
62220850,聚耀人力派遣顧問有限公司,桃園市桃園區介壽路459號(1樓),熊晉弘,200000,115/04/09,115/09/07,公司所在地,IZ12010 人力派遣業；JZ99050 仲介服務業；F601010 智慧財產權業；I103060 管理顧問業；I199990 其他顧問服務業；I401010 一般廣告服務業；I401020 廣告傳單分送業；I599990 其他設計業；IZ15010 市場研究及民意調查業；IZ17010 遊說業,桃園市,變更,11509
62233736,泰肆餐飲國際有限公司,桃園市大園區新生路四段269號(1樓),顏志宇,300000,115/05/12,115/09/03,股東出資轉讓修正章程,F501060 餐館業；F501030 飲料店業；F203010 食品什貨、飲料零售業；F203020 菸酒零售業；ZZ99999 除許可業務外，得經營法令非禁止或限制之業務,桃園市,變更,11509
62233980,泳蓮生命事業有限公司,桃園市中壢區內厝里內厝五路70號8樓,蕭在紳,200000,115/05/14,115/09/10,一般補正案,F399040 無店面零售業；F206060 祭祀用品零售業；I199990 其他顧問服務業；IZ12010 人力派遣業；JZ99990 未分類其他服務業；F101100 花卉批發業；F102030 菸酒批發業；F102040 飲料批發業；F102050 茶葉批發業；F102170 食品什貨批發業,桃園市,變更,11509
62233996,晉利開發有限公司,桃園市蘆竹區上竹里上竹路129號(1樓),李訓雄,2000000,115/05/14,115/09/02,公司所在地,E603090 照明設備安裝工程業；E801010 室內裝潢業；E801020 門窗安裝工程業；E801030 室內輕鋼架工程業；E801070 廚具、衛浴設備安裝工程業；E901010 油漆工程業；EZ99990 其他工程業；F105050 家具、寢具、廚房器具、裝設品批發業；F111090 建材批發業；H201010 一般投資業,桃園市,變更,11509
62234361,極品餐飲有限公司,桃園市蘆竹區大新一街126之2號,蘇哲民,200000,115/05/18,115/09/23,一般補正案,F101040 家畜家禽批發業；F101050 水產品批發業；F101130 蔬果批發業；F101990 其他農、畜、水產品批發業；F102030 菸酒批發業；F102040 飲料批發業；F102050 茶葉批發業；F201010 農產品零售業；F201020 畜產品零售業；F203010 食品什貨、飲料零售業,桃園市,變更,11509
66425767,日洋綜合工業有限公司,桃園市楊梅區水美里024鄰楊新路二段99號,黃正儒,10000000,106/01/10,115/09/09,增資,F107190 塑膠膜、袋批發業；F107200 化學原料批發業；F107990 其他化學製品批發業；F109070 文教、樂器、育樂用品批發業；F207190 塑膠膜、袋零售業；F207200 化學原料零售業；F207990 其他化學製品零售業；F209060 文教、樂器、育樂用品零售業；F401010 國際貿易業；C805020 塑膠膜、袋製造業,桃園市,變更,11509
69453604,傳宸廚藝股份有限公司,桃園市蘆竹區長春路53號5樓,林怡瑜,5400000,105/08/23,115/09/04,發行新股,F111090 建材批發業；E801070 廚具、衛浴設備安裝工程業；F105050 家具、寢具、廚房器具、裝設品批發業；F106010 五金批發業；F106020 日常用品批發業；F205040 家具、寢具、廚房器具、裝設品零售業；F211010 建材零售業；F401010 國際貿易業；ZZ99999 除許可業務外，得經營法令非禁止或限制之業務,桃園市,變更,11509
69504245,騰弘科技有限公司,桃園市龜山區南上里民生北路一段395巷3號,趙克敏,1000000,105/10/06,115/09/15,公司印鑑變更,F119010 電子材料批發業；F219010 電子材料零售業；F401010 國際貿易業；CC01080 電子零組件製造業；F199990 其他批發業；ZZ99999 除許可業務外，得經營法令非禁止或限制之業務,桃園市,變更,11509
69506320,金純地產有限公司,桃園市中壢區利民路46號(1樓),蔡勝弘,60000,105/10/11,115/09/18,公司所在地,H704031 不動產仲介經紀業；JZ99050 仲介服務業；I103060 管理顧問業；I401010 一般廣告服務業；H701020 工業廠房開發租售業；H703090 不動產買賣業；HZ02010 金融機構金錢債權收買業務；HZ02020 辦理金融機構金錢債權之評價或拍賣業務；F203010 食品什貨、飲料零售業；F204110 布疋、衣著、鞋、帽、傘、服飾品零售業,桃園市,變更,11509
69506829,夢想成真資訊股份有限公司,桃園市中壢區芝芭里文智路92號,邱宇鴻,13880000,105/10/11,115/09/23,一般補正案,E605010 電腦設備安裝業；E701040 簡易電信設備安裝業；F113020 電器批發業；F113030 精密儀器批發業；F113050 電腦及事務性機器設備批發業；F113070 電信器材批發業；F118010 資訊軟體批發業；F213010 電器零售業；F213030 電腦及事務性機器設備零售業；F218010 資訊軟體零售業,桃園市,變更,11509
69531094,三惠金屬股份有限公司,桃園市桃園區文中里正光路423之9號三樓,永田守,6400000,105/11/07,115/09/10,一般補正案,I103060 管理顧問業；I501010 產品設計業；E605010 電腦設備安裝業；F113010 機械批發業；F113030 精密儀器批發業；F113050 電腦及事務性機器設備批發業；F106020 日常用品批發業；F109070 文教、樂器、育樂用品批發業；F209060 文教、樂器、育樂用品零售業；F213030 電腦及事務性機器設備零售業,桃園市,變更,11509
69546012,銘鎂實業有限公司,桃園市平鎮區雙連里民族路雙連2段118巷53弄3號(1、2樓),楊聰明,500000,105/11/25,115/09/22,公司所在地,F106030 模具批發業；F206030 模具零售業；CQ01010 模具製造業；CA02990 其他金屬製品製造業；C801060 合成橡膠製造業；C804020 工業用橡膠製品製造業；C804990 其他橡膠製品製造業；CC01080 電子零組件製造業；C805070 強化塑膠製品製造業；F401010 國際貿易業,桃園市,變更,11509
69549279,禾樂股份有限公司,桃園市桃園區泰山里4鄰中山路507巷39號,周敏裕,55000000,105/11/28,115/09/02,董事/監察人持股變動報備,F106010 五金批發業；F106020 日常用品批發業；F106030 模具批發業；F113020 電器批發業；F113030 精密儀器批發業；F113050 電腦及事務性機器設備批發業；F113060 度量衡器批發業；F113110 電池批發業；F114010 汽車批發業；F114020 機車批發業,桃園市,變更,11509
69562005,荷鎂室內裝修有限公司,桃園市平鎮區廣興里民族路131號1樓,詹聖宏,500000,105/12/20,115/09/30,公司名稱變更修正章程,E801010 室內裝潢業；E801070 廚具、衛浴設備安裝工程業；F106020 日常用品批發業；F106040 水器材料批發業；F113020 電器批發業；F117010 消防安全設備批發業；F111090 建材批發業；E801020 門窗安裝工程業；E801030 室內輕鋼架工程業；E801040 玻璃安裝工程業,桃園市,變更,11509
69583439,雷得綠捷能科技股份有限公司,桃園市八德區大成里大成街9號,莊成弘,5000000,106/01/19,115/09/08,復業副本,D101050 汽電共生業；D101060 再生能源自用發電設備業；D401010 熱能供應業；E599010 配管工程業；E601010 電器承裝業；E601020 電器安裝業；E603050 自動控制設備工程業；E606010 用電設備檢驗維護業；E607010 太陽熱能設備安裝工程業；EZ09010 靜電防護及消除工程業,桃園市,變更,11509
69590396,晴陽工程有限公司,桃園市蘆竹區大竹里大竹路649巷3號,祁敬逸,100000,106/02/02,115/09/15,一般補正案,C301010 紡紗業；C302010 織布業；C303010 不織布業；C501010 製材業；C501030 合板製造業；C501040 組合木材製造業；C501990 其他木製品製造業；C601990 其他紙製品製造業；C703010 印刷品裝訂及加工業；C801060 合成橡膠製造業,桃園市,變更,11509
69596027,鋐陽科技有限公司,桃園市蘆竹區長興里南崁路2段226巷9號,林榮翰,41000000,106/02/15,115/09/10,增資,F119010 電子材料批發業；F113020 電器批發業；F113050 電腦及事務性機器設備批發業；F401010 國際貿易業；I501010 產品設計業；CC01080 電子零組件製造業；ZZ99999 除許可業務外，得經營法令非禁止或限制之業務,桃園市,變更,11509
69601865,群發鋼鐵有限公司,桃園市平鎮區鎮興里中興路平鎮段411號1樓,鄒年煥,2000000,106/02/23,115/09/01,股東出資轉讓修正章程,F106010 五金批發業；F111090 建材批發業；F206010 五金零售業；F211010 建材零售業；F401010 國際貿易業；A101020 農作物栽培業；A101050 花卉栽培業；A102050 作物栽培服務業；A102080 園藝服務業；H701010 住宅及大樓開發租售業,桃園市,變更,11509
69605335,鑫馬克股份有限公司,桃園市龍潭區烏林里工五路258號,莊錦雄,20000000,106/03/02,115/09/01,董事/監察人持股變動報備,CQ01010 模具製造業；CA01050 鋼材二次加工業；CB01010 機械設備製造業；CB01990 其他機械製造業；CA02060 金屬容器製造業；CA02990 其他金屬製品製造業；C804020 工業用橡膠製品製造業；C804990 其他橡膠製品製造業；C805020 塑膠膜、袋製造業；C805050 工業用塑膠製品製造業,桃園市,變更,11509
69611786,雙生兄弟股份有限公司,桃園市中壢區自治里環中東路106巷4弄14號1樓,黃俞穎,22000000,106/03/10,115/09/09,改派董事/監察人,F203010 食品什貨、飲料零售業；F204110 布疋、衣著、鞋、帽、傘、服飾品零售業；F208040 化粧品零售業；F399040 無店面零售業；F401010 國際貿易業；I301060 網路廣告平臺業；I401010 一般廣告服務業；ZZ99999 除許可業務外，得經營法令非禁止或限制之業務,桃園市,變更,11509
69629478,第一郵通股份有限公司,桃園市桃園區同安里同德六街89號三樓,黃存明,35000000,106/04/10,115/09/17,增資(資本總額),G601011 航空貨運承攬業；F401010 國際貿易業；G409020 工業專用港或工業專用碼頭棧埠業；G409030 工業專用港或工業專用碼頭船舶理貨業；G409050 工業專用港或工業專用碼頭船舶貨物裝卸承攬業；G501020 民用航空總代理業；G799990 其他運輸輔助業；G801010 倉儲業；IZ12010 人力派遣業；IZ99990 其他工商服務業,桃園市,變更,11509
69635561,台兆精密工業股份有限公司,桃園市蘆竹區海山路600號,劉守禮,530632120,106/04/19,115/09/03,發行新股,F106010 五金批發業；F401010 國際貿易業；CA01120 銅鑄造業；CA01130 銅材軋延、伸線、擠型業；CA01990 其他非鐵金屬基本工業；ZZ99999 除許可業務外，得經營法令非禁止或限制之業務,桃園市,變更,11509
69635957,徠諾克化工股份有限公司,桃園市大園區國際路一段28號,張耀仁,10000000,106/04/20,115/09/08,改選董事/監察人(一人法人股東指派董事/監察人),C802090 清潔用品製造業；C802120 工業助劑製造業；C802990 其他化學製品製造業；F107030 清潔用品批發業；F107170 工業助劑批發業；F107200 化學原料批發業；F107990 其他化學製品批發業；F207030 清潔用品零售業；F207170 工業助劑零售業；F207200 化學原料零售業,桃園市,變更,11509
69641971,未來市股份有限公司,桃園市桃園區中正路1351號12樓,周永明,1426521880,106/04/27,115/09/07,一般補正案,F113030 精密儀器批發業；F113050 電腦及事務性機器設備批發業；F118010 資訊軟體批發業；F119010 電子材料批發業；F213030 電腦及事務性機器設備零售業；F213040 精密儀器零售業；F218010 資訊軟體零售業；F219010 電子材料零售業；I301010 資訊軟體服務業；I301020 資料處理服務業,桃園市,變更,11509
69656592,威妮影像科技有限公司,桃園市中壢區普仁里環中東路862號,陳正軒,1000000,106/05/23,115/09/09,公司所在地,F106010 五金批發業；F113020 電器批發業；F113030 精密儀器批發業；F113050 電腦及事務性機器設備批發業；F113070 電信器材批發業；F116010 照相器材批發業；F118010 資訊軟體批發業；F119010 電子材料批發業；F199010 回收物料批發業；F199990 其他批發業,桃園市,變更,11509
69669983,杰鈦企業有限公司,桃園市桃園區龍壽里龍城六街40號6樓,王中道,6000000,106/06/21,115/09/11,股東出資轉讓修正章程,F106010 五金批發業；F113010 機械批發業；F113030 精密儀器批發業；F113060 度量衡器批發業；F113990 其他機械器具批發業；F120010 耐火材料批發業；F213040 精密儀器零售業；F213050 度量衡器零售業；F213080 機械器具零售業；CA02050 閥類製造業,桃園市,變更,11509
69676268,快樂房屋有限公司,桃園市桃園區大興里大業路一段385號(1樓),張渟崴,1000000,106/07/03,115/09/07,公司所在地,H704031 不動產仲介經紀業；H704041 不動產代銷經紀業；H703090 不動產買賣業；H703100 不動產租賃業；H701010 住宅及大樓開發租售業；I102010 投資顧問業；I103060 管理顧問業；I199990 其他顧問服務業；I503010 景觀、室內設計業；I401010 一般廣告服務業,桃園市,變更,11509
69684675,新運創意有限公司,桃園市中壢區王子二街81號5樓,蔡佳惠,200000,106/07/19,115/09/04,股東出資轉讓修正章程,J202010 產業育成業；F203010 食品什貨、飲料零售業；F204110 布疋、衣著、鞋、帽、傘、服飾品零售業；F209060 文教、樂器、育樂用品零售業；JE01010 租賃業；ZZ99999 除許可業務外，得經營法令非禁止或限制之業務,桃園市,變更,11509
69685169,偉鴻鋼鐵有限公司,桃園市新屋區頭洲里新榮路592號,黃發炫,12700000,106/07/20,115/09/03,增資,CA01050 鋼材二次加工業；F111090 建材批發業；F106010 五金批發業；F106040 水器材料批發業；F107010 漆料、塗料批發業；F107030 清潔用品批發業；F113010 機械批發業；F120010 耐火材料批發業；F211010 建材零售業；F206010 五金零售業,桃園市,變更,11509
69688790,樂揚投資股份有限公司,桃園市桃園區同安里同德六街89號15樓,聶玉璞,10000000,106/07/27,115/09/15,補繳規費,H201010 一般投資業；ZZ99999 除許可業務外，得經營法令非禁止或限制之業務,桃園市,變更,11509
69692302,福沅生命科技有限公司,桃園市八德區高明里富城街54巷12號7樓之2,黃獻輝,200000,106/08/03,115/09/24,公司所在地,JZ99151 殯葬禮儀服務業；F106070 祭祀用品批發業；F206060 祭祀用品零售業；F115010 首飾及貴金屬批發業；F215010 首飾及貴金屬零售業；F401010 國際貿易業；F201070 花卉零售業；F102030 菸酒批發業；F102040 飲料批發業；F102170 食品什貨批發業,桃園市,變更,11509
69697361,諾辰國際貿易有限公司,桃園市桃園區大豐路92號3樓之3,吳若溱,1000000,106/08/16,115/09/24,增資,F102020 食用油脂批發業；F102030 菸酒批發業；F102040 飲料批發業；F102050 茶葉批發業；F102170 食品什貨批發業；F104110 布疋、衣著、鞋、帽、傘、服飾品批發業；F105050 家具、寢具、廚房器具、裝設品批發業；F106010 五金批發業；F106020 日常用品批發業；F106050 陶瓷玻璃器皿批發業,桃園市,變更,11509
69719999,永久綠能有限公司,桃園市中壢區合定路25號(1樓),劉修瑋,20000000,106/10/05,115/09/09,股東出資轉讓修正章程,CC01010 發電、輸電、配電機械製造業；CC01020 電線及電纜製造業；CC01060 有線通信機械器材製造業；CC01080 電子零組件製造業；CC01990 其他電機及電子機械器材製造業；CD01990 其他運輸工具及其零件製造業；D101060 再生能源自用發電設備業；F113110 電池批發業；F213110 電池零售業；ZZ99999 除許可業務外，得經營法令非禁止或限制之業務,桃園市,變更,11509
69723902,賀成交不動產股份有限公司,桃園市大園區橫峰里青埔路二段36號1樓,李佳樺,300000,106/10/19,115/09/07,改選董事/監察人(一人法人股東指派董事/監察人),H704031 不動產仲介經紀業；H703090 不動產買賣業；I102010 投資顧問業；I401010 一般廣告服務業；F111090 建材批發業；E801010 室內裝潢業；E901010 油漆工程業；E599010 配管工程業；I401020 廣告傳單分送業；E801070 廚具、衛浴設備安裝工程業,桃園市,變更,11509
69730609,詠承綠能股份有限公司,桃園市桃園區莊二街47號,柴維醇,1000000,106/11/08,115/09/17,一般補正案,IG03010 能源技術服務業；IG02010 研究發展服務業；E606010 用電設備檢驗維護業；CB01010 機械設備製造業；CC01990 其他電機及電子機械器材製造業；CB01990 其他機械製造業；CC01080 電子零組件製造業；CQ01010 模具製造業；CZ99990 未分類其他工業製品製造業；E604010 機械安裝業,桃園市,變更,11509
69740894,鼎能國際企業有限公司,桃園市蘆竹區榮興路21巷167號,陳語婕,3000000,106/12/14,115/09/16,增資,C104020 烘焙炊蒸食品製造業；CA02990 其他金屬製品製造業；CN01010 家具及裝設品製造業；E601020 電器安裝業；E801010 室內裝潢業；E801070 廚具、衛浴設備安裝工程業；I503010 景觀設計業；JE01010 租賃業；F102170 食品什貨批發業；F105050 家具、寢具、廚房器具、裝設品批發業,桃園市,變更,11509
69742014,第一郵聯通運股份有限公司,桃園市桃園區同安里同德六街89號3樓,駱啟明,164000000,106/12/20,115/09/30,董事/監察人持股變動報備,F401010 國際貿易業；G409060 工業專用港或工業專用碼頭拖駁船業；G409030 工業專用港或工業專用碼頭船舶理貨業；G409050 工業專用港或工業專用碼頭船舶貨物裝卸承攬業；G501020 民用航空總代理業；G799990 其他運輸輔助業；G801010 倉儲業；IZ06010 理貨包裝業；IZ12010 人力派遣業；IZ99990 其他工商服務業,桃園市,變更,11509
69745737,精準健康股份有限公司,桃園市桃園區經國路168號(19樓),楊弘仁,429918750,106/12/26,115/09/10,一般補正案,C802100 化粧品製造業；C802170 毒性及關注化學物質製造業；CE01010 一般儀器製造業；E605010 電腦設備安裝業；F102170 食品什貨批發業；F106020 日常用品批發業；F108031 醫療器材批發業；F108040 化粧品批發業；F109070 文教、樂器、育樂用品批發業；F113030 精密儀器批發業,桃園市,變更,11509
69749282,優億國際貿易有限公司,桃園市楊梅區永寧里校前路346號（2樓）,蔡育哲,5000000,107/01/05,115/09/22,公司所在地,F102040 飲料批發業；F102050 茶葉批發業；F102170 食品什貨批發業；F104110 布疋、衣著、鞋、帽、傘、服飾品批發業；F106010 五金批發業；F106020 日常用品批發業；F107030 清潔用品批發業；F109070 文教、樂器、育樂用品批發業；F105050 家具、寢具、廚房器具、裝設品批發業；F203010 食品什貨、飲料零售業,桃園市,變更,11509
69753004,傑亨生技實業有限公司,桃園市中壢區新街里環北路400號10樓之1,鄧如意,200000,107/01/19,115/09/08,減少所營事業變更修正章程,F102040 飲料批發業；F102050 茶葉批發業；F102170 食品什貨批發業；F103010 飼料批發業；F104110 布疋、衣著、鞋、帽、傘、服飾品批發業；F106020 日常用品批發業；F107030 清潔用品批發業；F107070 動物用藥品批發業；F108040 化粧品批發業；F221010 食品添加物零售業,桃園市,變更,11509
70350253,永賀股份有限公司,桃園市蘆竹區長興里5鄰南崁路二段352之3號2樓,許吉欽,29000000,88/04/09,115/09/08,改選董事/監察人(一人法人股東指派董事/監察人),F111060 衛浴設備批發業。；F206040 水器材料零售業。；F211010 建材零售業。；I501010 產品設計業。；CA02990 其他金屬製品製造業（自動沖水器、自動給水龍頭）；C901010 陶瓷及陶瓷製品製造業。；CC01010 發電、輸電、配電機械製造業。；C805030 塑膠日用品製造業。,桃園市,變更,11509
70354650,艾樺貿易有限公司,桃園市大園區五權里五青路56之2號,盧文程,8000000,88/04/22,115/09/02,減資,F101100 花卉批發業。；F109060 包裝材料批發業。；F401010 國際貿易業。,桃園市,變更,11509
70458091,金宏星企業有限公司,桃園市觀音區樹林里經建一路46巷23號1樓,夏素娥,5000000,88/12/02,115/09/15,股東出資轉讓修正章程,E901010 油漆工程業；E801010 室內裝潢業；F111070 金屬建材批發業；F107010 漆料、塗料批發業；CA04010 表面處理業；CA02990 其他金屬製品製造業；ZZ99999 除許可業務外，得經營法令非禁止或限制之業務,桃園市,變更,11509
70483401,大嘉壓克力有限公司,桃園市龜山區嶺頂里萬壽路二段410巷23號1樓,陳紘升,3000000,89/03/02,115/09/04,股東出資轉讓修正章程,I401010 一般廣告服務業。；F119010 電子材料批發業。；F211010 建材零售業。；F401010 國際貿易業。；F113050 事務性機器設備批發業。；F213030 事務性機器設備零售業。；F113010 機械批發業。；F213080 機械器具零售業。；C805010 塑膠皮、布、板、管材製造業。；C805020 塑膠膜、袋製造業。,桃園市,變更,11509
70497138,鴻曜科技有限公司,桃園市龜山區民生北路一段576號5樓,許素華,1500000,89/04/28,115/09/09,公司所在地,F106010 五金批發業；F113010 機械批發業；F206010 五金零售業；F213080 機械器具零售業,桃園市,變更,11509
70512031,岱勵科技股份有限公司,桃園市觀音區廣福里福坪路552巷188號,陳正文,27000000,89/05/20,115/09/09,改選董事/監察人(一人法人股東指派董事/監察人),CD01030 汽車及其零件製造業。；CD01040 機車及其零件製造業。；CB01010 機械設備製造業。；CB01990 其他機械製造業（機械零件）。；F401010 國際貿易業。；ZZ99999 除許可業務外，得經營法令非禁止或限制之業務,桃園市,變更,11509
70513571,騰紘科技股份有限公司,桃園市桃園區大豐里昆明路115巷13號,呂承洲,80850000,89/05/23,115/09/22,發行新股,D401010 熱能供應業；EZ06010 交通標示工程業；F217010 消防安全設備零售業；IG03010 能源技術服務業；F113050 電腦及事務性機器設備批發業；F213030 電腦及事務性機器設備零售業；E599010 配管工程業；E601010 電器承裝業；E601020 電器安裝業；E603010 電纜安裝工程業,桃園市,變更,11509
70547524,正彩股份有限公司,桃園市新屋區埔頂里12鄰埔工路172號,許義忠,54011700,89/04/13,115/09/21,改選董事/監察人(一人法人股東指派董事/監察人),C802150 染料顏料製造業；F107020 染料、顏料批發業；F207020 染料、顏料零售業；F107170 工業助劑批發業；F207170 工業助劑零售業,桃園市,變更,11509
70589349,雙全人力資源顧問有限公司,桃園市中壢區中建里延平路500號12樓之3,劉宗翰,7000000,89/06/27,115/09/29,一般補正案,I701011 就業服務業,桃園市,變更,11509
70627028,英豪特殊氣體有限公司,桃園市蘆竹區中福里內定二街636巷81號,張豪銀,1000000,88/09/15,115/09/15,一般補正案,F212050 石油製品零售業；F112040 石油製品批發業；F205040 家具、寢具、廚房器具、裝設品零售業；F207200 化學原料零售業；F105050 家具、寢具、廚房器具、裝設品批發業；F107200 化學原料批發業；F108031 醫療器材批發業；ZZ99999 除許可業務外，得經營法令非禁止或限制之業務；F107990 其他化學製品批發業；F207990 其他化學製品零售業,桃園市,變更,11509
70634196,上治弘業股份有限公司,桃園市桃園區永安里力行路123號,江衍灝,2000000,88/10/02,115/09/14,一般補正案,H703040 攤位出租業。,桃園市,變更,11509
70638453,長衡科技股份有限公司,桃園市桃園區大興里經國路11號8樓之2,陳素月,10000000,88/10/08,115/09/11,改選董事/監察人(一人法人股東指派董事/監察人),F113030 精密儀器批發業。；F213040 精密儀器零售業。；F113050 電腦及事務性機器設備批發業；F213030 電腦及事務性機器設備零售業；EZ05010 儀器、儀表安裝工程業。；E604010 機器安裝業。；F401010 國際貿易業。；ZZ99999 除許可業務外，得經營法令非禁止或限制之業務,桃園市,變更,11509
70641909,宏績加油站有限公司,桃園市大園區橫峰里1鄰民生南路163號,姜振聰,6000000,88/10/14,115/09/10,一般補正案,F212011 加油站業；F212030 煤零售業；F212050 石油製品零售業；JA01990 其他汽車服務業；F301010 百貨公司業；F399010 便利商店業；F501060 餐館業；F112040 石油製品批發業；G202010 停車場經營業；IZ99990 其他工商服務業,桃園市,變更,11509
70658056,祥鋐有限公司,桃園市平鎮區建安里平東路573巷3弄16號1樓,李正欽,1000000,88/11/10,115/09/10,復業副本,G799990 其他運輸輔助業；JE01010 租賃業；F399010 便利商店業；EZ99990 其他工程業；E599010 配管工程業；E601020 電器安裝業；E603050 自動控制設備工程業；F106010 五金批發業；F111090 建材批發業；F113010 機械批發業,桃園市,變更,11509
70670045,翔閎紡織股份有限公司,桃園市桃園區介壽路358號1樓,吳慶鐘,29800000,88/12/02,115/09/04,改選董事/監察人(一人法人股東指派董事/監察人),C302010 織布業。；F104010 布疋批發業。；F204010 布疋零售業。,桃園市,變更,11509
70688880,振順豐電子股份有限公司,桃園市中壢區中華路1段873號,邱垂煌,120000000,89/01/07,115/09/07,改選董事/監察人(一人法人股東指派董事/監察人),CB01010 機械設備製造業；CC01030 電器及視聽電子產品製造業；CC01080 電子零組件製造業；F113010 機械批發業；F119010 電子材料批發業；F213080 機械器具零售業；F219010 電子材料零售業；F401010 國際貿易業；JA02990 其他修理業；ZZ99999 除許可業務外，得經營法令非禁止或限制之業務,桃園市,變更,11509
70697023,博塘通運有限公司,桃園市龜山區楓樹里忠義路1段222號1樓,陳萬年,25000000,89/01/25,115/09/11,股東出資轉讓修正章程,G101061 汽車貨運業；F114010 汽車批發業；F114030 汽、機車零件配備批發業,桃園市,變更,11509
70739656,瑋鑫科技股份有限公司,桃園市蘆竹區內厝里內新路61號,黃文源,30000000,89/04/11,115/09/03,改選董事/監察人(一人法人股東指派董事/監察人),CC01080 電子零組件製造業；CA04010 表面處理業；F219010 電子材料零售業,桃園市,變更,11509
70739712,快事達國際股份有限公司,桃園市桃園區建國東路21號,李玉梅,5000000,89/04/11,115/09/16,改選董事/監察人(一人法人股東指派董事/監察人),C802200 塗料、油漆、染料及顏料製造業；F104110 布疋、衣著、鞋、帽、傘、服飾品批發業；F107200 化學原料批發業；F109070 文教、樂器、育樂用品批發業；F113010 機械批發業；F117010 消防安全設備批發業；F119010 電子材料批發業；CB01010 機械設備製造業；C801060 合成橡膠製造業；C804020 工業用橡膠製品製造業,桃園市,變更,11509
70752257,穩懋半導體股份有限公司,桃園市龜山區文化里科技七路69號,陳進財,4239403840,88/10/16,115/09/24,董事(常務董事.董事長)/監察人解任,CC01080 電子零組件製造業；F119010 電子材料批發業；ZZ99999 除許可業務外，得經營法令非禁止或限制之業務,桃園市,變更,11509
79956534,富鈞營造有限公司,桃園市平鎮區廣德街238巷51號3樓,歐富清,3600000,91/05/09,115/09/24,公司所在地,E101011 綜合營造業；E801010 室內裝潢業；E603040 消防安全設備安裝工程業；E603090 照明設備安裝工程業；E599010 配管工程業；E801020 門窗安裝工程業；E801030 室內輕鋼架工程業；E801040 玻璃安裝工程業；E801070 廚具、衛浴設備安裝工程業；E901010 油漆工程業,桃園市,變更,11509
80070246,龍行科技股份有限公司,桃園市平鎮區明德北路25號9樓,陳憲良,27000000,91/10/30,115/09/22,公司所在地,F218010 資訊軟體零售業；I301010 資訊軟體服務業；I301020 資料處理服務業；I301030 電子資訊供應服務業；I401010 一般廣告服務業；I103010 企業經營管理顧問業；I103020 幼教事業管理顧問業；F401010 國際貿易業；F213030 電腦及事務性機器設備零售業；JA05010 留、遊學服務業,桃園市,變更,11509
80078818,太陽營造工程股份有限公司,桃園市中壢區普仁里新中北路151號2樓之8,顏華諄,3600000,91/11/12,115/09/10,一般補正案,E101011 綜合營造業；E801010 室內裝潢業；F111090 建材批發業；F211010 建材零售業；I103060 管理顧問業；I199990 其他顧問服務業；I503010 景觀設計業；I599990 其他設計業；IZ12010 人力派遣業；H701010 住宅及大樓開發租售業,桃園市,變更,11509
80107362,佑昂有限公司,桃園市觀音區富源里富仁路137號,謝柏東,1000000,91/12/24,115/09/14,公司所在地,I501010 產品設計業；ZZ99999 除許可業務外，得經營法令非禁止或限制之業務,桃園市,變更,11509
80132003,富亞科技股份有限公司,桃園市桃園區民光東路276巷10號,吳耿民,5000000,92/01/30,115/09/23,減資,CC01080 電子零組件製造業；C901010 陶瓷及陶瓷製品製造業；F119010 電子材料批發業；F401010 國際貿易業；ZZ99999 除許可業務外，得經營法令非禁止或限制之業務,桃園市,變更,11509
80136113,宏昌興塑膠有限公司,桃園市大園區埔心里中正東路二段149巷62弄1號、3號,游銘頡,25000000,92/02/12,115/09/15,一般補正案,C805030 塑膠日用品製造業；C805050 工業用塑膠製品製造業；F207200 化學原料零售業；F401010 國際貿易業；ZZ99999 除許可業務外，得經營法令非禁止或限制之業務；H201010 一般投資業；H701020 工業廠房開發租售業；H703090 不動產買賣業；H703100 不動產租賃業；D101050 汽電共生業,桃園市,變更,11509
80142305,晶瑩碧饌企業有限公司,桃園市八德區廣豐二街27號4樓,許瑜惠,5000000,92/02/24,115/09/15,股東出資轉讓修正章程,F501060 餐館業；F501030 飲料店業；F203010 食品什貨、飲料零售業；F203020 菸酒零售業；F401010 國際貿易業；F601010 智慧財產權業；I103060 管理顧問業；IZ12010 人力派遣業；H201010 一般投資業；ZZ99999 除許可業務外，得經營法令非禁止或限制之業務,桃園市,變更,11509
80232360,儒鴻實業有限公司,桃園市中壢區五權里志廣路299號,張杰仁,3000000,91/08/15,115/09/02,股東出資轉讓修正章程,IZ07010 公證業；J101050 環境檢測服務業；F211010 建材零售業；CA01050 鋼材二次加工業；F113010 機械批發業；F111090 建材批發業；F213040 精密儀器零售業；F213050 度量衡器零售業；IZ09010 管理系統驗證業；JE01010 租賃業,桃園市,變更,11509
80279076,安寶科技股份有限公司,桃園市龜山區大華里頂湖路43號3樓,陳輝陽,78310000,91/09/25,115/09/14,修正章程,E601020 電器安裝業；E603010 電纜安裝工程業；E603050 自動控制設備工程業；E604010 機械安裝業；E606010 用電設備檢驗維護業；EZ09010 靜電防護及消除工程業；EZ99990 其他工程業；F107080 環境用藥批發業；F113020 電器批發業；F113030 精密儀器批發業,桃園市,變更,11509
80449522,鉅璇資產管理顧問股份有限公司,桃園市桃園區永興里民權路140號,徐茂欽,1000000,92/07/28,115/09/09,改選董事/監察人(一人法人股東指派董事/監察人),I103010 企業經營管理顧問業；I102010 投資顧問業；I199990 其他顧問服務業(休閒活動設計規劃諮詢)；ZZ99999 除許可業務外，得經營法令非禁止或限制之業務,桃園市,變更,11509
80466562,京和科技股份有限公司,桃園市桃園區中正路1080號21樓,賴永鎮,341100000,92/08/20,115/09/14,發行新股,F107200 化學原料批發業；F106010 五金批發業；F401010 國際貿易業；C801010 基本化學工業；C801020 石油化工原料製造業；C801030 精密化學材料製造業；ZZ99999 除許可業務外，得經營法令非禁止或限制之業務；C199990 未分類其他食品製造業,桃園市,變更,11509
80472184,觀音環境資源科技股份有限公司,桃園市觀音區樹林里工業七路5號1樓,邱創海,750931100,92/08/27,115/09/17,改選董事/監察人(一人法人股東指派董事/監察人),CA01070 廢車船解體及廢鋼鐵五金處理業；F106010 五金批發業；F113050 電腦及事務性機器設備批發業；F114030 汽、機車零件配備批發業；JA01020 汽車拖吊業；F107990 其他化學製品批發業；F111090 建材批發業；F112040 石油製品批發業；F113110 電池批發業；F114010 汽車批發業,桃園市,變更,11509
80472847,英瑞杰行銷管理股份有限公司,桃園市桃園區國聖一街63號8樓之1,曾俊憲,2000000,92/08/28,115/09/02,一般補正案,F401010 國際貿易業；F102020 食用油脂批發業；F102030 菸酒批發業；F102040 飲料批發業；F104110 布疋、衣著、鞋、帽、傘、服飾品批發業；F106020 日常用品批發業；F107030 清潔用品批發業；F113020 電器批發業；F109070 文教、樂器、育樂用品批發業；F102170 食品什貨批發業,桃園市,變更,11509
80553290,晨陽開發設計有限公司,桃園市蘆竹區長壽里吉林路130號4樓,曾富銓,5000000,92/09/29,115/09/14,公司所營事業變更修正章程,E801010 室內裝潢業；E801020 門窗安裝工程業；E801030 室內輕鋼架工程業；E801040 玻璃安裝工程業；E801070 廚具、衛浴設備安裝工程業；E901010 油漆工程業；F401010 國際貿易業；I401010 一般廣告服務業；H701010 住宅及大樓開發租售業；H701020 工業廠房開發租售業,桃園市,變更,11509
80699653,欣揚投資股份有限公司,桃園市龜山區山頂里山鶯路177號,蘭庭,717000000,93/02/12,115/09/22,減資,H201010 一般投資業,桃園市,變更,11509
80705037,力強國際股份有限公司,桃園市楊梅區水美里楊新路二段158號,呂芳慶,33820000,93/02/18,115/09/04,增資(資本總額),CH01010 體育用品製造業；F109030 運動器材批發業；CC01080 電子零組件製造業；F119010 電子材料批發業；CD01030 汽車及其零件製造業；CD01040 機車及其零件製造業；F114030 汽、機車零件配備批發業；CH01040 玩具製造業；F109040 玩具、娛樂用品批發業；C601010 紙漿製造業,桃園市,變更,11509
80715823,順麗興業有限公司,桃園市龜山區復興一路352號,成書麗,3000000,93/03/02,115/09/16,公司所在地,ZZ99999 除許可業務外，得經營法令非禁止或限制之業務；F111090 建材批發業；EZ11010 球場跑道樹脂材料鋪設工程業；EZ14010 運動場地用設備工程業；EZ99990 其他工程業；F401010 國際貿易業,桃園市,變更,11509
80730628,萬晟開發工程有限公司,桃園市龜山區樂善里樂學一路60號2樓,董家森,1000000,93/03/18,115/09/15,公司所在地,F113010 機械批發業；F111010 木材批發業；F111070 金屬建材批發業；F111990 其他建材批發業(板模）；F111030 磚、瓦、石建材批發業；I601010 租賃業；J101080 廢棄物資源回收業；J101090 廢棄物清理業；ZZ99999 除許可業務外，得經營法令非禁止或限制之業務,桃園市,變更,11509
80743573,華而達工程股份有限公司,桃園市八德區陸光里陸光街60巷1號6樓,翁齊鉦,20000000,93/04/01,115/09/23,改選董事/監察人(一人法人股東指派董事/監察人),E503011 下水道用戶排水設備承裝商；E599010 配管工程業；E604010 機械安裝業；E801010 室內裝潢業；E801070 廚具、衛浴設備安裝工程業；E801020 門窗安裝工程業；E901010 油漆工程業；E903010 防蝕、防銹工程業；EZ06010 交通標示工程業；EZ99990 其他工程業,桃園市,變更,11509
80749197,邑東有限公司,桃園市中壢區元化路二段43巷6號（1樓）,陳碧如,3000000,93/04/08,115/09/30,公司所在地,F215020 礦石零售業；F115020 礦石批發業；F401010 國際貿易業；ZZ99999 除許可業務外，得經營法令非禁止或限制之業務,桃園市,變更,11509
82768120,明珠科技電子有限公司,桃園市大園區北港里自立二街52號（1樓）,陳峻鴻,2200000,107/09/25,115/09/23,股東出資轉讓修正章程,ZZ99999 除許可業務外，得經營法令非禁止或限制之業務；CA02990 其他金屬製品製造業；CA04010 表面處理業；CA03010 熱處理業；CA02030 螺絲、螺帽、螺絲釘、及鉚釘等製品製造業；CC01080 電子零組件製造業；F106010 五金批發業；F104110 布疋、衣著、鞋、帽、傘、服飾品批發業；F106020 日常用品批發業；F107010 漆料、塗料批發業,桃園市,變更,11509
82774164,岳陞開發股份有限公司,桃園市桃園區玉山里復興路418巷22號(1樓),林异庭,20000000,107/10/31,115/09/09,公司所營事業變更修正章程,H701010 住宅及大樓開發租售業；H701020 工業廠房開發租售業；H703090 不動產買賣業；H703100 不動產租賃業；H701060 新市鎮、新社區開發業；H701090 都市更新整建維護業；JE01010 租賃業；ZZ99999 除許可業務外，得經營法令非禁止或限制之業務；H201010 一般投資業,桃園市,變更,11509
82780428,聯漢科技股份有限公司,桃園市桃園區幸福路202號3樓,邵勃翰,50000000,107/11/06,115/09/14,增資(資本總額),E605010 電腦設備安裝業；F102170 食品什貨批發業；F113050 電腦及事務性機器設備批發業；F113070 電信器材批發業；F113990 其他機械器具批發業；F118010 資訊軟體批發業；F119010 電子材料批發業；F199990 其他批發業；F206020 日常用品零售業；F208040 化粧品零售業,桃園市,變更,11509
82781101,浩琪股份有限公司,桃園市桃園區文化里成功路一段31之9號,鍾晴羽,33000000,107/11/13,115/09/17,一般補正案,F401010 國際貿易業；I102010 投資顧問業；I103060 管理顧問業；H201010 一般投資業；ZZ99999 除許可業務外，得經營法令非禁止或限制之業務,桃園市,變更,11509
82781897,慧健康管理顧問股份有限公司,桃園市中壢區五權里民族路2段178號（2樓）,鄭安芝,50950000,107/11/22,115/09/04,增資(資本總額),F113010 機械批發業；F113020 電器批發業；F113030 精密儀器批發業；F113050 電腦及事務性機器設備批發業；F118010 資訊軟體批發業；F401010 國際貿易業；I103060 管理顧問業；I301010 資訊軟體服務業；JA02010 電器及電子產品修理業；JA02990 其他修理業,桃園市,變更,11509
82787837,星祐材料有限公司,桃園市蘆竹區中興四街2巷33號(1樓),曾俊豪,1000000,107/12/05,115/09/14,股東出資轉讓修正章程,F107200 化學原料批發業；F107990 其他化學製品批發業；F113030 精密儀器批發業；F113050 電腦及事務性機器設備批發業；F113070 電信器材批發業；F119010 電子材料批發業；F207200 化學原料零售業；F207990 其他化學製品零售業；F213030 電腦及事務性機器設備零售業；F213040 精密儀器零售業,桃園市,變更,11509
82788408,天灣投資股份有限公司,桃園市楊梅區上田里梅高路2段431巷131弄12號,吳瑞卿,29000000,107/12/13,115/09/23,一般補正案,H201010 一般投資業；ZZ99999 除許可業務外，得經營法令非禁止或限制之業務,桃園市,變更,11509
82819893,寶田科技有限公司,桃園市觀音區大同二路24號,黃意晶,1000000,108/02/23,115/09/17,一般補正案,F107010 漆料、塗料批發業；F401010 國際貿易業；C701010 印刷業；ZZ99999 除許可業務外，得經營法令非禁止或限制之業務,桃園市,變更,11509
82827113,路克國際影像有限公司,桃園市桃園區寶山里會稽一街88巷5號二樓,李復盛,500000,108/03/06,115/09/04,一般補正案,F116010 照相器材批發業；F216010 照相器材零售業；F114070 航空器及其零件批發業；F214070 航空器及其零件零售業；JZ99030 攝影業；J399990 其他出版業；J402010 電影片發行業；J404030 電影沖印業；J401010 電影片製作業；J404040 電影錄音業,桃園市,變更,11509
82883487,新北電摩股份有限公司,桃園市大園區溪海里和平西路一段145號,蔡國華,10000000,108/06/03,115/09/17,公司所營事業變更修正章程,CA01050 鋼材二次加工業；F106010 五金批發業；F114010 汽車批發業；F114030 汽、機車零件配備批發業；F114990 其他交通運輸工具及其零件批發業；F214010 汽車零售業；F401010 國際貿易業；F105050 家具、寢具、廚房器具、裝設品批發業；F111090 建材批發業；E599010 配管工程業,桃園市,變更,11509
82883563,通庵股份有限公司,桃園市龜山區華亞二路222號,葉丞凱,2000000,108/05/31,115/09/08,申登機關變更（遷入，含卷）,F501030 飲料店業；F501060 餐館業；F203020 菸酒零售業；ZZ99999 除許可業務外，得經營法令非禁止或限制之業務,桃園市,變更,11509
82890369,益鈞環保科技股份有限公司,桃園市蘆竹區油管路二段761號,秦嘉鴻,165000000,108/06/12,115/09/01,發行新股,J101030 廢棄物清除業；J101040 廢棄物處理業；J101050 環境檢測服務業；J101060 廢（污）水處理業；J101080 資源回收業；J101090 廢棄物清理業；J101990 其他環境衛生及污染防治服務業；C601010 紙漿製造業；C601020 紙製造業；C601990 其他紙製品製造業,桃園市,變更,11509
82905715,盛益晉好能源股份有限公司,桃園市中壢區高鐵南路二段200號10樓,陳振乾,38878000,108/06/27,115/09/15,發行新股,D101060 再生能源自用發電設備業；F113020 電器批發業；F113050 電腦及事務性機器設備批發業；F113110 電池批發業；F119010 電子材料批發業；F213010 電器零售業；F213030 電腦及事務性機器設備零售業；F219010 電子材料零售業；F401010 國際貿易業；IG03010 能源技術服務業,桃園市,變更,11509
82932500,強佑國際貿易有限公司,桃園市桃園區復興路51之2號10樓之3,劉茂庭,5600000,108/07/09,115/09/02,股東出資轉讓修正章程,A301030 水產養殖業；A201010 造林業；F101050 水產品批發業；F201030 水產品零售業；F101040 家畜家禽批發業；F201020 畜產品零售業；F102170 食品什貨批發業；F203010 食品什貨、飲料零售業；F199990 其他批發業；F299990 其他零售業,桃園市,變更,11509
82937293,鈦亞科科技股份有限公司,桃園市桃園區經國一路86號8樓,吳崑銘,18000000,108/07/17,115/09/21,增資(資本總額),CE01010 一般儀器製造業；F108031 醫療器材批發業；F113030 精密儀器批發業；F401010 國際貿易業；G801010 倉儲業；I103060 管理顧問業；I301010 資訊軟體服務業；I301020 資料處理服務業；I301030 電子資訊供應服務業；IC01010 藥品檢驗業,桃園市,變更,11509
82991872,國震工程實業有限公司,桃園市觀音區文化路坑尾段339巷179號,藍國仁,80000,112/03/03,115/09/11,一般補正案,E603050 自動控制設備工程業；E603100 電焊工程業；E603120 噴砂工程業；E604010 機械安裝業；E903010 防蝕、防銹工程業；EZ02010 起重工程業；EZ07010 鑽孔工程業；H703090 不動產買賣業；H703100 不動產租賃業；HZ99990 其他金融、保險及不動產業,桃園市,變更,11509
82991893,双萊國際建設股份有限公司,桃園市桃園區介壽路495巷67號14樓,周君樺,10100000,112/03/03,115/09/11,一般補正案,H701010 住宅及大樓開發租售業；H701020 工業廠房開發租售業；H701050 投資興建公共建設業；H701060 新市鎮、新社區開發業；H701070 區段徵收及市地重劃代辦業；H701090 都市更新整建維護業；H201010 一般投資業；H702010 建築經理業；H703090 不動產買賣業；H703100 不動產租賃業,桃園市,變更,11509
82992794,鋐祥有限公司,桃園市八德區大興路276巷60弄1號（1樓）,王智頡,10000000,112/03/14,115/09/15,一般補正案,F211010 建材零售業；E599010 配管工程業；E601010 電器承裝業；E601020 電器安裝業；EZ99990 其他工程業；ZZ99999 除許可業務外，得經營法令非禁止或限制之業務,桃園市,變更,11509
82993169,鯤馳股份有限公司,桃園市桃園區莊敬里中正路1316號12樓,張明麟,2515900,112/03/13,115/09/03,董事/監察人持股變動報備,H201010 一般投資業；I102010 投資顧問業；F401010 國際貿易業；C401030 皮革、毛皮整製業；C402030 皮革、毛皮製品製造業；C305010 印染整理業；C399990 其他紡織及製品製造業；ZZ99999 除許可業務外，得經營法令非禁止或限制之業務,桃園市,變更,11509
83018532,立菘貨櫃有限公司,桃園市蘆竹區長興路四段60巷161號,徐尉菘,1000000,112/03/23,115/09/02,公司所營事業變更修正章程,IZ06010 理貨包裝業；IZ12010 人力派遣業；G801010 倉儲業；G405010 貨櫃出租業；G799990 其他運輸輔助業；JA01020 汽車拖吊業；JE01010 租賃業；ZZ99999 除許可業務外，得經營法令非禁止或限制之業務,桃園市,變更,11509
83048971,享營投資股份有限公司,桃園市中壢區新街里元化路275號16樓,施靜怡,23680500,109/10/23,115/09/21,一般補正案,H201010 一般投資業,桃園市,變更,11509
83057817,翰緯科技股份有限公司,桃園市大園區內海里民權路9號,張勝傑,109850000,109/11/12,115/09/01,一般補正案,F113020 電器批發業；F106010 五金批發業；F113010 機械批發業；F106030 模具批發業；F113030 精密儀器批發業；F113050 電腦及事務性機器設備批發業；F113070 電信器材批發業；F114030 汽、機車零件配備批發業；F119010 電子材料批發業；F113990 其他機械器具批發業,桃園市,變更,11509
83060073,大賀不動產開發有限公司,桃園市中壢區領航南路三段458號,方孜嘉,1000000,109/11/04,115/09/29,減少所營事業變更修正章程,H701010 住宅及大樓開發租售業；H701020 工業廠房開發租售業；H701050 投資興建公共建設業；H701060 新市鎮、新社區開發業；H701070 區段徵收及市地重劃代辦業；H703090 不動產買賣業；H703100 不動產租賃業；I301010 資訊軟體服務業；I301020 資料處理服務業；I301030 電子資訊供應服務業,桃園市,變更,11509
83081289,合昶建設股份有限公司,桃園市桃園區介壽路495巷63號2樓,曹凱傑,60000000,109/09/28,115/09/24,公司所在地,H701010 住宅及大樓開發租售業；H701020 工業廠房開發租售業；H701040 特定專業區開發業；H701050 投資興建公共建設業；H701060 新市鎮、新社區開發業；H701070 區段徵收及市地重劃代辦業；H701080 都市更新重建業；H701090 都市更新整建維護業；H702010 建築經理業；H703090 不動產買賣業,桃園市,變更,11509
83101047,樂彩福佑股份有限公司,桃園市八德區介壽路二段361巷43弄41衖24號,張家蓓,500000,109/07/28,115/09/29,修正章程,I103060 管理顧問業；I199990 其他顧問服務業；I301020 資料處理服務業；I401010 一般廣告服務業；I401020 廣告傳單分送業；IG01010 生物技術服務業；IZ99990 其他工商服務業；F102170 食品什貨批發業；F108040 化粧品批發業；F109070 文教、樂器、育樂用品批發業,桃園市,變更,11509
83101460,藤花科技有限公司,桃園市桃園區藝文一街86之1號15樓,熊希蕊,2000000,109/07/29,115/09/04,減少所營事業變更修正章程,F104110 布疋、衣著、鞋、帽、傘、服飾品批發業；F105050 家具、寢具、廚房器具、裝設品批發業；F106020 日常用品批發業；F106050 陶瓷玻璃器皿批發業；F106060 寵物食品及其用品批發業；F108040 化粧品批發業；F199990 其他批發業；F204110 布疋、衣著、鞋、帽、傘、服飾品零售業；F205040 家具、寢具、廚房器具、裝設品零售業；F206020 日常用品零售業,桃園市,變更,11509
83102186,寶鼎資產管理股份有限公司,桃園市桃園區民富十七街35號6樓,李慶祥,7130000,109/08/05,115/09/04,董事/監察人持股變動報備,H201010 一般投資業；ZZ99999 除許可業務外，得經營法令非禁止或限制之業務,桃園市,變更,11509
83110355,川木有限公司,桃園市桃園區幸福里莊敬路一段342之3號8樓之2,蘇威誌,1000000,109/09/02,115/09/16,公司所在地,F219010 電子材料零售業；F399040 無店面零售業；F401010 國際貿易業；F213010 電器零售業；F213030 電腦及事務性機器設備零售業；F209060 文教、樂器、育樂用品零售業；F206020 日常用品零售業；ZZ99999 除許可業務外，得經營法令非禁止或限制之業務,桃園市,變更,11509
83110539,謀鉅投資有限公司,桃園市桃園區瑞慶里寶慶路514號13樓,甘哲人,23541983,109/09/03,115/09/14,股東出資轉讓修正章程,H201010 一般投資業；ZZ99999 除許可業務外，得經營法令非禁止或限制之業務,桃園市,變更,11509
83115529,東諭實業有限公司,桃園市桃園區莊敬路一段342號6樓之1,陳禹晰,4500000,109/09/15,115/09/02,股東出資轉讓修正章程,F107190 塑膠膜、袋批發業；F107010 漆料、塗料批發業；F113010 機械批發業；F113990 其他機械器具批發業；F207010 漆料、塗料零售業；F213080 機械器具零售業；F401010 國際貿易業；E603120 噴砂工程業；E604010 機械安裝業；E901010 油漆工程業,桃園市,變更,11509
83137278,威富國際理財有限公司,桃園市平鎮區義興里延平路二段21巷43弄22衖9號（1樓）,楊馥瑄,500000,109/08/07,115/09/01,增資,I102010 投資顧問業；I103060 管理顧問業；H201010 一般投資業；I301010 資訊軟體服務業；I301020 資料處理服務業；ZZ99999 除許可業務外，得經營法令非禁止或限制之業務,桃園市,變更,11509
83137495,鴻滔生技有限公司,桃園市中壢區石頭里長江路8號(1樓),林文鴻,500000,109/08/10,115/09/16,股東出資轉讓修正章程,F108040 化粧品批發業；F208040 化粧品零售業；F107030 清潔用品批發業；F207030 清潔用品零售業；F106020 日常用品批發業；F206020 日常用品零售業；F102170 食品什貨批發業；F203010 食品什貨、飲料零售業；F399040 無店面零售業；F401010 國際貿易業,桃園市,變更,11509
83137930,有點意思文創有限公司,桃園市八德區義勇街88巷43號（3樓）,王婕穎,100000,109/08/13,115/09/17,公司名稱變更修正章程,J305010 有聲出版業；J304010 圖書出版業；J303010 雜誌（期刊）出版業；J401010 電影片製作業；J402010 電影片發行業；J503010 廣播節目製作業；J503020 電視節目製作業；J503030 廣播電視節目發行業；J503040 廣播電視廣告業；J503050 錄影節目帶業,桃園市,變更,11509
83138038,大模資產管理股份有限公司,桃園市楊梅區環南路75巷38號（1樓）,鄭瑞德,40259240,109/08/14,115/09/14,改選董事/監察人(一人法人股東指派董事/監察人),I103060 管理顧問業；H201010 一般投資業；H703090 不動產買賣業；H703100 不動產租賃業；ZZ99999 除許可業務外，得經營法令非禁止或限制之業務,桃園市,變更,11509
83138255,法蘭摩沙股份有限公司,桃園市觀音區工業五路5之1號,戚志生,725000000,109/07/23,115/09/17,一般補正案,C801010 基本化學工業；C801990 其他化學材料製造業；C802990 其他化學製品製造業；ZZ99999 除許可業務外，得經營法令非禁止或限制之業務；D401010 熱能供應業；J101060 廢（污）水處理業,桃園市,變更,11509
83148423,鼎茂營造有限公司,桃園市中壢區松嶺里松仁路215號5樓,張東寅,12000000,109/08/20,115/09/08,申登機關變更（遷入，含卷）,E101011 綜合營造業；A102080 園藝服務業；A201010 造林業；B601010 土石採取業；E401010 疏濬業；E402010 沙石、淤泥海拋業；E599010 配管工程業；E601020 電器安裝業；E603010 電纜安裝工程業；E603040 消防安全設備安裝工程業,桃園市,變更,11509
83163839,長忻有限公司,桃園市中壢區強國路29號5樓,吳春蘭,2000000,109/10/06,115/09/21,股東出資轉讓修正章程,E801010 室內裝潢業；E801020 門窗安裝工程業；E801030 室內輕鋼架工程業；E801040 玻璃安裝工程業；E801070 廚具、衛浴設備安裝工程業；E901010 油漆工程業；E903010 防蝕、防銹工程業；E601020 電器安裝業；E599010 配管工程業；EZ02010 起重工程業,桃園市,變更,11509
83164128,象乾合一有限公司,桃園市平鎮區環南路18號6樓之2,廖宸和,100000,109/10/07,115/09/24,公司所在地,I103060 管理顧問業；I199990 其他顧問服務業；F104110 布疋、衣著、鞋、帽、傘、服飾品批發業；F105050 家具、寢具、廚房器具、裝設品批發業；F106010 五金批發業；F106020 日常用品批發業；F109070 文教、樂器、育樂用品批發業；F113050 電腦及事務性機器設備批發業；F204110 布疋、衣著、鞋、帽、傘、服飾品零售業；F206010 五金零售業,桃園市,變更,11509
83164865,奇金有限公司,桃園市平鎮區義民里20鄰環南路二段11號13樓之2,,1080000,109/10/12,115/09/09,一般補正案,I103060 管理顧問業；I102010 一般投資顧問業；H202010 創業投資業；I199990 其他顧問服務業；I599990 其他設計業；I501010 產品設計業；JZ99050 仲介服務業；JE01010 租賃業；F102170 食品什貨批發業；F102050 茶葉批發業,桃園市,變更,11509
83197177,喬良科技有限公司,桃園市桃園區武陵里復興路51號6樓之8,劉彥鋒,1000000,109/09/22,115/09/24,一般補正案,E603050 自動控制設備工程業；F102170 食品什貨批發業；F104110 布疋、衣著、鞋、帽、傘、服飾品批發業；F105050 家具、寢具、廚房器具、裝設品批發業；F108040 化粧品批發業；F120010 耐火材料批發業；F401010 國際貿易業；F111090 建材批發業；I101090 食品顧問業；I103060 管理顧問業,桃園市,變更,11509
83197818,一抹藍有限公司,桃園市八德區瑞興里仁德一路127號6樓,徐光昱,100000,109/09/14,115/09/23,公司所營事業變更修正章程,F106020 日常用品批發業；F199990 其他批發業；F203010 食品什貨、飲料零售業；F206020 日常用品零售業；F208040 化粧品零售業；F399040 無店面零售業；F401010 國際貿易業；I103060 管理顧問業；I199990 其他顧問服務業；I401010 一般廣告服務業,桃園市,變更,11509
83198149,全能應用科技材料有限公司,桃園市中壢區高鐵站前西路一段286號15樓之5,陳募方,3500000,109/09/17,115/09/22,公司所營事業變更修正章程,CA02010 金屬結構及建築組件製造業；C801060 合成橡膠製造業；C801120 人造纖維製造業；C802080 環境用藥製造業；C802090 清潔用品製造業；C802100 化粧品製造業；C802110 化粧品色素製造業；C802160 黏性膠帶製造業；C802200 塗料、油漆、染料及顏料製造業；C802990 其他化學製品製造業,桃園市,變更,11509
83198176,冠勝塗裝有限公司,桃園市平鎮區環南路2段16號10樓之9,石婕瑩,800000,109/09/16,115/09/11,增資,F111090 建材批發業；E901010 油漆工程業；E801010 室內裝潢業；E801030 室內輕鋼架工程業；E903010 防蝕、防銹工程業；EZ99990 其他工程業；F401010 國際貿易業；I503010 景觀、室內設計業；F106010 五金批發業；F107010 漆料、塗料批發業,桃園市,變更,11509
83235263,好頤生活股份有限公司,桃園市桃園區國際路一段530巷59號,蔡松霖,2000000,109/12/21,115/09/16,申登機關變更（遷入，含卷）,F209060 文教、樂器、育樂用品零售業；F204110 布疋、衣著、鞋、帽、傘、服飾品零售業；F205040 家具、寢具、廚房器具、裝設品零售業；F203010 食品什貨、飲料零售業；F206010 五金零售業；F206020 日常用品零售業；F213010 電器零售業；F213060 電信器材零售業；F299990 其他零售業；F399040 無店面零售業,桃園市,變更,11509
83248611,韓商技嘉維斯股份有限公司,桃園市桃園區同德六街89號4樓之1,姜京完,5000000,113/03/12,115/09/14,本公司所在地變更,E603050 自動控制設備工程業；F218010 資訊軟體零售業；F219010 電子材料零售業；F213990 其他機械器具零售業；F213080 機械器具零售業；F401010 國際貿易業；H703100 不動產租賃業；IZ15010 市場研究及民意調查業；E604010 機械安裝業；JA02010 電器及電子產品修理業,桃園市,變更,11509
83252706,固優實業有限公司,桃園市楊梅區中山北路一段199巷92號(1樓),劉信良,12100000,112/02/13,115/09/03,公司所營事業變更修正章程,F106020 日常用品批發業；F199990 其他批發業；F203010 食品什貨、飲料零售業；H701010 住宅及大樓開發租售業；H701020 工業廠房開發租售業；H703090 不動產買賣業；H703100 不動產租賃業；I401010 一般廣告服務業；ZZ99999 除許可業務外，得經營法令非禁止或限制之業務；E599010 配管工程業,桃園市,變更,11509
83252972,有榆股份有限公司,桃園市中壢區永興里中央西路1段127號,徐恒彥,6500000,112/02/15,115/09/07,增資(資本總額),F203010 食品什貨、飲料零售業；F203020 菸酒零售業；F204110 布疋、衣著、鞋、帽、傘、服飾品零售業；F206020 日常用品零售業；F208040 化粧品零售業；F209060 文教、樂器、育樂用品零售業；F401010 國際貿易業；F501030 飲料店業；F501060 餐館業；F399990 其他綜合零售業,桃園市,變更,11509
83253331,紳丰企業有限公司,桃園市中壢區中央西路1段1號10樓之1,張芷鳳,1000000,112/02/16,115/09/15,公司所在地,F105050 家具、寢具、廚房器具、裝設品批發業；F106010 五金批發業；F106040 水器材料批發業；F113020 電器批發業；F113050 電腦及事務性機器設備批發業；F113990 其他機械器具批發業；F117010 消防安全設備批發業；F118010 資訊軟體批發業；F119010 電子材料批發業；F205040 家具、寢具、廚房器具、裝設品零售業,桃園市,變更,11509
83253509,坐著做股份有限公司,桃園市中壢區愛國路60巷15弄4號,張展裕,20000000,112/02/17,115/09/17,改選董事/監察人(一人法人股東指派董事/監察人),F501060 餐館業；F501990 其他餐飲業；F102170 食品什貨批發業；F203010 食品什貨、飲料零售業；F203020 菸酒零售業；ZZ99999 除許可業務外，得經營法令非禁止或限制之業務,桃園市,變更,11509
83267948,鐙鋒氫科技股份有限公司,桃園市中壢區東興里龍岡路一段158號,周哲平,18917348,110/01/20,115/09/03,一般補正案,H201010 一般投資業；IG02010 研究發展服務業；IG03010 能源技術服務業；D101060 再生能源自用發電設備業；CD01040 機車及其零件製造業；D401010 熱能供應業；CD01990 其他運輸工具及其零件製造業；CD01030 汽車及其零件製造業；I199990 其他顧問服務業,桃園市,變更,11509
83303108,總綋室內裝修工程有限公司,桃園市平鎮區龍南路430巷12號,吳沛樹,4000000,109/11/23,115/09/02,公司所營事業變更修正章程,E801010 室內裝潢業；F111090 建材批發業；F113020 電器批發業；F205040 家具、寢具、廚房器具、裝設品零售業；F206020 日常用品零售業；F213010 電器零售業；F101100 花卉批發業；F401010 國際貿易業；I401010 一般廣告服務業；F105050 家具、寢具、廚房器具、裝設品批發業,桃園市,變更,11509
83303705,維真質上設計有限公司,桃園市桃園區龍山里龍壽街227巷32之5號,許家維,1000000,109/11/26,115/09/17,公司名稱變更修正章程,E801010 室內裝潢業；E801020 門窗安裝工程業；E801030 室內輕鋼架工程業；E801040 玻璃安裝工程業；E801070 廚具、衛浴設備安裝工程業；E901010 油漆工程業；E599010 配管工程業；E601020 電器安裝業；EZ99990 其他工程業；F105050 家具、寢具、廚房器具、裝設品批發業,桃園市,變更,11509
83309031,在一起地域循環設計有限公司,桃園市平鎮區東勢里金陵路七段187巷60弄47號(1樓),謝采彣,2200000,109/12/16,115/09/03,公司所營事業變更修正章程,I101070 農、林、漁、畜牧顧問業；I103060 管理顧問業；I199990 其他顧問服務業；I301010 資訊軟體服務業；I501010 產品設計業；I503010 景觀設計業；IZ13010 網路認證服務業；J202010 產業育成業；J304010 圖書出版業；J399010 軟體出版業,桃園市,變更,11509
83370921,校園優選有限公司,桃園市八德區高明里高城路148號(2樓),鍾佩珊,1000000,109/12/30,115/09/11,減少所營事業變更修正章程,CA02990 其他金屬製品製造業；JA02990 其他修理業；I401010 一般廣告服務業；F102170 食品什貨批發業；F399040 無店面零售業；F209060 文教、樂器、育樂用品零售業；F109070 文教、樂器、育樂用品批發業；F401010 國際貿易業；F108040 化粧品批發業；F208040 化粧品零售業,桃園市,變更,11509
83402698,雨芯有限公司,桃園市蘆竹區興榮里南竹路一段37號,高儀靜,5000000,109/12/02,115/09/24,增資,F105050 家具、寢具、廚房器具、裝設品批發業；F113070 電信器材批發業；F401010 國際貿易業；F109070 文教、樂器、育樂用品批發業；E801010 室內裝潢業；F211010 建材零售業；CC01080 電子零組件製造業；CH01040 玩具製造業；F119010 電子材料批發業；F209060 文教、樂器、育樂用品零售業,桃園市,變更,11509
83402769,威世得國際股份有限公司,桃園市蘆竹區安中街20巷8號,謝逸豪,30000000,109/12/04,115/09/03,一般補正案,F102030 菸酒批發業；C110010 飲料製造業；F102180 酒精批發業；F203030 酒精零售業；F401010 國際貿易業；F102170 食品什貨批發業；F203010 食品什貨、飲料零售業；F501030 飲料店業；C113020 酒類半成品製造業；F102040 飲料批發業,桃園市,變更,11509
83406168,金魁股份有限公司,桃園市龜山區文桃里文工一路298巷62號,方資勝,15030000,109/12/01,115/09/23,申登機關變更（遷入，含卷）,H201010 一般投資業,桃園市,變更,11509
83422857,香港商迅達科技有限公司,桃園市桃園區經國路11號11樓之2,Joseph Daniel Schneider,250000,109/03/05,115/09/16,補繳規費,IZ15010 市場研究及民意調查業；IZ99990 其他工商服務業；I199990 其他顧問服務業；ZZ99999 除許可業務外，得經營法令非禁止或限制之業務,桃園市,變更,11509
83446719,驛達工程有限公司,桃園市楊梅區幼獅路3段89號,李有德,6000000,108/11/27,115/09/07,申登機關變更（遷入，含卷）,E601020 電器安裝業；E603020 電梯安裝工程業；E603040 消防安全設備安裝工程業；E603050 自動控制設備工程業；E603100 電焊工程業；E603110 冷作工程業；E604010 機械安裝業；E801020 門窗安裝工程業；E801030 室內輕鋼架工程業；E801040 玻璃安裝工程業,桃園市,變更,11509
83447668,大墨投資有限公司,桃園市楊梅區上田里梅高路二段431巷131弄12號,陳則廷,4000000,108/12/27,115/09/22,公司所在地,H201010 一般投資業；ZZ99999 除許可業務外，得經營法令非禁止或限制之業務,桃園市,變更,11509
83463478,宇勝資通有限公司,桃園市桃園區寶慶里同德7街76號3樓,方曉音,500000,109/02/10,115/09/29,股東出資轉讓修正章程,I301010 資訊軟體服務業；I301020 資料處理服務業；I301030 電子資訊供應服務業；F118010 資訊軟體批發業；F218010 資訊軟體零售業；F119010 電子材料批發業；F113050 電腦及事務性機器設備批發業；E605010 電腦設備安裝業；I103060 管理顧問業；F203010 食品什貨、飲料零售業,桃園市,變更,11509
83478079,韓商現代工程股份有限公司,桃園市大園區春德路146號2樓,鄭相仁,22500000,109/03/16,115/09/09,在中華民國境內負責人姓名、護照號碼、國籍變更登記,F401010 國際貿易業；E601020 電器安裝業；E603010 電纜安裝工程業；E603050 自動控制設備工程業；E604010 機械安裝業；EZ05010 儀器、儀表安裝工程業；EZ15010 保溫、保冷安裝工程業；E903010 防蝕、防銹工程業；EZ02010 起重工程業；EZ03010 鎔爐安裝業,桃園市,變更,11509
83479485,華居室內裝修工程有限公司,桃園市蘆竹區長壽二街67號10樓,莊美華,1000000,109/03/02,115/09/01,公司名稱變更修正章程,E801060 室內裝修業；E801010 室內裝潢業；E801070 廚具、衛浴設備安裝工程業；EZ99990 其他工程業；F105050 家具、寢具、廚房器具、裝設品批發業；F111090 建材批發業；J101090 廢棄物清理業；I199990 其他顧問服務業；ZZ99999 除許可業務外，得經營法令非禁止或限制之業務,桃園市,變更,11509
83484678,建康國際食品股份有限公司,桃園市大園區國際路一段17號,魏宏軒,550000000,109/03/18,115/09/16,發行新股,C199020 食用冰製造業；CZ99010 製冰業；C103050 罐頭、冷凍、脫水及醃漬食品製造業；F102040 飲料批發業；F102170 食品什貨批發業；F203010 食品什貨、飲料零售業；F401010 國際貿易業；G801010 倉儲業；ZZ99999 除許可業務外，得經營法令非禁止或限制之業務,桃園市,變更,11509
83489266,力揚國際租賃有限公司,桃園市大園區中華路234巷40之1號,劉里揚,500000,108/12/02,115/09/07,公司名稱變更修正章程,F114070 航空器及其零件批發業；CD01060 航空器及其零件製造業；F114990 其他交通運輸工具及其零件批發業；I301030 電子資訊供應服務業；CD01990 其他運輸工具及其零件製造業；JA02010 電器及電子產品修理業；JA02990 其他修理業；JE01010 租賃業；F113110 電池批發業；F113990 其他機械器具批發業,桃園市,變更,11509
83490186,泰酉建設股份有限公司,桃園市楊梅區上田里高平路359巷58號,宋煦仁,15000000,108/12/11,115/09/16,修正章程,H701010 住宅及大樓開發租售業；H701020 工業廠房開發租售業；H701060 新市鎮、新社區開發業；H703090 不動產買賣業；H703100 不動產租賃業；HZ02010 金融機構金錢債權收買業務；E801010 室內裝潢業；I401010 一般廣告服務業；I401020 廣告傳單分送業；EZ99990 其他工程業,桃園市,變更,11509
83490600,坤業興業有限公司,桃園市龜山區楓福里長壽路109之2號,余美蕙,1000000,108/12/16,115/09/08,公司所營事業變更修正章程,JA01010 汽車修理業；JA01020 汽車拖吊業；JA01990 其他汽車服務業；F114030 汽、機車零件配備批發業；F113110 電池批發業；F114050 車胎批發業；F114040 自行車及其零件批發業；F114010 汽車批發業；F114020 機車批發業；F213110 電池零售業,桃園市,變更,11509
83490622,鼎達實業有限公司,桃園市桃園區經國一路92號14樓,孫采綺,2000000,108/12/17,115/09/14,公司所在地,F101040 家畜家禽批發業；F201020 畜產品零售業；F101050 水產品批發業；F201030 水產品零售業；F101130 蔬果批發業；F201010 農產品零售業；F102170 食品什貨批發業；F203010 食品什貨、飲料零售業；F104110 布疋、衣著、鞋、帽、傘、服飾品批發業；F204110 布疋、衣著、鞋、帽、傘、服飾品零售業,桃園市,變更,11509
83491143,永全倉儲物流股份有限公司,桃園市中壢區石頭里中和路26號,鍾豐寶,1680000,108/12/20,115/09/18,董事/監察人持股變動報備,H703100 不動產租賃業；H201010 一般投資業；G801010 倉儲業；IZ06010 理貨包裝業；I199990 其他顧問服務業；ZZ99999 除許可業務外，得經營法令非禁止或限制之業務,桃園市,變更,11509
83515790,鈦艙創意股份有限公司,桃園市蘆竹區長壽里長春路73號十樓,洪家傑,10000000,109/03/05,115/09/22,一般補正案,C307010 服飾品製造業；C399990 其他紡織及製品製造業；C306010 成衣業；CM01010 箱、包、袋製造業；CC01080 電子零組件製造業；CC01070 無線通信機械器材製造業；CC01990 其他電機及電子機械器材製造業；CK01010 製鞋業；CH01010 體育用品製造業；CJ01010 製帽業,桃園市,變更,11509
83520793,睿能數位金融股份有限公司,桃園市龜山區頂湖路33號,曾達夢,22000000,109/03/11,115/09/07,增資(資本總額),I199990 其他顧問服務業；I301010 資訊軟體服務業；I301020 資料處理服務業；I301030 電子資訊供應服務業；I301040 第三方支付服務業；F114020 機車批發業；F114030 汽、機車零件配備批發業；F214020 機車零售業；F214030 汽、機車零件配備零售業；IG03010 能源技術服務業,桃園市,變更,11509
83521174,旻澤有限公司,桃園市中壢區文化路378巷8號,康闡中,100000,109/03/12,115/09/24,一般補正案,F120010 耐火材料批發業；F205040 家具、寢具、廚房器具、裝設品零售業；F206010 五金零售業；F207030 清潔用品零售業；F211010 建材零售業；F213010 電器零售業；F213040 精密儀器零售業；F213030 電腦及事務性機器設備零售業；F213060 電信器材零售業；F213080 機械器具零售業,桃園市,變更,11509
83555188,美恩鼎工程有限公司,桃園市平鎮區環南路35巷1號,梁玉芳,3600000,109/03/25,115/09/21,增資,E801010 室內裝潢業；E901010 油漆工程業；E599010 配管工程業；E603090 照明設備安裝工程業；E603100 電焊工程業；E603110 冷作工程業；E603120 噴砂工程業；E801020 門窗安裝工程業；E801030 室內輕鋼架工程業；E801040 玻璃安裝工程業,桃園市,變更,11509
83556314,誠懋投資有限公司,桃園市楊梅區楊湖路三段846巷65弄31號(1樓),潘名亮,38000000,109/04/09,115/09/09,增資,H201010 一般投資業,桃園市,變更,11509
83579479,紘遠建設開發有限公司,桃園市桃園區大業里經國路11號15樓之1,李亦翔,500000,109/01/20,115/09/22,公司所在地,H701010 住宅及大樓開發租售業；H701020 工業廠房開發租售業；H701050 投資興建公共建設業；H701060 新市鎮、新社區開發業；H701070 區段徵收及市地重劃代辦業；H701090 都市更新整建維護業；H702010 建築經理業；H703090 不動產買賣業；H703100 不動產租賃業；H704031 不動產仲介經紀業,桃園市,變更,11509
83585079,那司科技有限公司,桃園市中壢區青商路61號2樓,張庭妮,10000000,109/06/23,115/09/02,增資,C804020 工業用橡膠製品製造業；C804990 其他橡膠製品製造業；F106010 五金批發業；F113010 機械批發業；F113050 電腦及事務性機器設備批發業；F119010 電子材料批發業；F199990 其他批發業；F106020 日常用品批發業；F206010 五金零售業；F213080 機械器具零售業,桃園市,變更,11509
83588580,展煌工程實業股份有限公司,桃園市楊梅區永寧里福人路106巷37號,劉秀珍,1500000,109/06/11,115/09/21,減少所營事業變更修正章程,I103060 管理顧問業；F401010 國際貿易業；ZZ99999 除許可業務外，得經營法令非禁止或限制之業務；J101030 廢棄物清除業；J101040 廢棄物處理業；J101050 環境檢測服務業；J101060 廢（污）水處理業；J101070 放射性廢料處理服務業；E502010 燃料導管安裝工程業；E604010 機械安裝業,桃園市,變更,11509
83712259,宇宣營造有限公司,桃園市桃園區文中里3鄰力行路632號3樓,楊姿慧,6000000,109/07/15,115/09/04,一般補正案,E101011 綜合營造業；A102080 園藝服務業；E402010 沙石、淤泥海拋業；E801010 室內裝潢業；E801020 門窗安裝工程業；E801030 室內輕鋼架工程業；E901010 油漆工程業；EZ02010 起重工程業；EZ07010 鑽孔工程業；EZ09010 靜電防護及消除工程業,桃園市,變更,11509
83750627,富錡鋼鐵有限公司,桃園市桃園區經國路618號7樓之4,余彥棠,300000,109/05/04,115/09/23,公司所在地,CA02990 其他金屬製品製造業；CA01050 鋼材二次加工業；CB01010 機械設備製造業；CB01990 其他機械製造業；CC01080 電子零組件製造業；CC01010 發電、輸電、配電機械製造業；CC01040 照明設備製造業；CC01060 有線通信機械器材製造業；CC01070 無線通信機械器材製造業；CC01990 其他電機及電子機械器材製造業,桃園市,變更,11509
83756360,曜臨營造有限公司,桃園市中壢區九和一街6號15樓之2,陳宗琳,12000000,109/05/11,115/09/23,增資,E101011 綜合營造業；E502010 燃料導管安裝工程業；E599010 配管工程業；E601010 電器承裝業；E601020 電器安裝業；E603010 電纜安裝工程業；E603020 電梯安裝工程業；E603050 自動控制設備工程業；E603090 照明設備安裝工程業；E603100 電焊工程業,桃園市,變更,11509
83756621,天悅綠能科技有限公司,桃園市中壢區華勛里華美三路305號2樓,郭智偉,5000000,105/09/02,115/09/02,公司所營事業變更修正章程,CA02990 其他金屬製品製造業；H703100 不動產租賃業；F199010 回收物料批發業；F104110 布疋、衣著、鞋、帽、傘、服飾品批發業；F105050 家具、寢具、廚房器具、裝設品批發業；F106010 五金批發業；F106020 日常用品批發業；F106030 模具批發業；F106040 水器材料批發業；F106050 陶瓷玻璃器皿批發業,桃園市,變更,11509
83766310,活水湖投資有限公司,桃園市中壢區正義里中北路二段434號五樓,詹曉薇,3000000,109/06/11,115/09/08,股東出資轉讓修正章程,F208040 化粧品零售業；F207030 清潔用品零售業；F208050 乙類成藥零售業；F209060 文教、樂器、育樂用品零售業；F206050 寵物食品及其用品零售業；F204110 布疋、衣著、鞋、帽、傘、服飾品零售業；F205040 家具、寢具、廚房器具、裝設品零售業；F206010 五金零售業；F206020 日常用品零售業；F201010 農產品零售業,桃園市,變更,11509
83766584,日謙科技有限公司,桃園市中壢區興福里中福路138號(2樓),詹士鋐,2000000,109/06/12,115/09/01,公司所在地,CA01050 鋼材二次加工業；CA01100 鋁材軋延、伸線、擠型業；D401010 熱能供應業；E599010 配管工程業；E601010 電器承裝業；E601020 電器安裝業；E603040 消防安全設備安裝工程業；E603050 自動控制設備工程業；E603090 照明設備安裝工程業；E603100 電焊工程業,桃園市,變更,11509
83767036,創智先進科技股份有限公司,桃園市桃園區明德里中正路1249號15樓之3,蔡國志,16268000,109/06/17,115/09/16,發行新股,CC01080 電子零組件製造業；CC01990 其他電機及電子機械器材製造業；CC01110 電腦及其週邊設備製造業；CC01120 資料儲存媒體製造及複製業；CB01010 機械設備製造業；CB01990 其他機械製造業；I501010 產品設計業；F601010 智慧財產權業；F113010 機械批發業；F113990 其他機械器具批發業,桃園市,變更,11509
83767155,輝承智能包裝整合股份有限公司,桃園市龍潭區烏林里工二路一段88號,游炎輝,4150000,109/06/17,115/09/14,改選董事/監察人(一人法人股東指派董事/監察人),F106010 五金批發業；F106030 模具批發業；F206010 五金零售業；F206030 模具零售業；F213080 機械器具零售業；F401010 國際貿易業；C601010 紙漿製造業；C601020 紙製造業；C601030 紙容器製造業；C601040 加工紙製造業,桃園市,變更,11509
83777225,瑞氏生技股份有限公司,桃園市中壢區領航南路三段311號7樓,林明樟,71580000,109/07/15,115/09/04,公司所營事業變更修正章程,C104010 糖果製造業；C110010 飲料製造業；C199990 未分類其他食品製造業；C307010 服飾品製造業；C802100 化粧品製造業；F102040 飲料批發業；F102170 食品什貨批發業；F108040 化粧品批發業；F203010 食品什貨、飲料零售業；F208040 化粧品零售業,桃園市,變更,11509
83777246,昱辰興業有限公司,桃園市桃園區藝文里藝文一街86之6號5樓,曾郁婷,1000000,109/07/15,115/09/15,公司所在地,E599010 配管工程業；E601010 電器承裝業；E607010 太陽熱能設備安裝工程業；IG03010 能源技術服務業；D101060 再生能源自用發電設備業；D401010 熱能供應業；E601020 電器安裝業；E603010 電纜安裝工程業；E603040 消防安全設備安裝工程業；E603050 自動控制設備工程業,桃園市,變更,11509
83777294,一畝框作有限公司,桃園市龍潭區渴望里渴望路605巷12號,簡宛昱,1000000,109/07/15,115/09/04,一般補正案,E801010 室內裝潢業；F205040 家具、寢具、廚房器具、裝設品零售業；F206010 五金零售業；F211010 建材零售業；F399040 無店面零售業；F601010 智慧財產權業；H701060 新市鎮、新社區開發業；H701090 都市更新整建維護業；H703110 老人住宅業；I101110 紡織顧問業,桃園市,變更,11509
84158320,慶紅實業股份有限公司,桃園市平鎮區洪圳路230號,張華偉,70000000,82/01/11,115/09/11,董事(常務董事.董事長)/監察人解任,C302010 織布業。；C305010 印染整理業。；F104010 布疋批發業。；F204010 布疋零售業。,桃園市,變更,11509
84202780,元弈實業股份有限公司,桃園市八德區茄苳里永豐路416巷4號,簡榮輝,2000000,82/03/08,115/09/23,改選董事/監察人(一人法人股東指派董事/監察人),,桃園市,變更,11509
84295422,縺騏股份有限公司,桃園市大園區內海里中山北路280巷1號,林榮輝,21000000,82/07/14,115/09/04,改選董事/監察人(一人法人股東指派董事/監察人),,桃園市,變更,11509
84309397,台灣力克系統股份有限公司,桃園市龜山區民生北路一段38之1號2樓,萬小瑾(Xiaojin Wan),9900000,83/01/10,115/09/16,一般補正案,,桃園市,變更,11509
84397363,嘉祥企業有限公司,桃園市蘆竹區坑口里6鄰後壁厝45號,黃玉瑾,4600000,82/06/12,115/09/01,股東出資轉讓修正章程,,桃園市,變更,11509
84501598,怡客咖啡股份有限公司,桃園市龜山區華亞二路222號(3樓),葉丞凱,82400000,83/01/04,115/09/22,改派董事/監察人,F203010 食品什貨、飲料零售業；F203020 菸酒零售業；F206020 日常用品零售業；F301030 一般百貨業；F401010 國際貿易業；F501030 飲料店業；F501060 餐館業；ZZ99999 除許可業務外，得經營法令非禁止或限制之業務,桃園市,變更,11509
84513193,有鑫實業有限公司,桃園市龍潭區大平里民有路249之2號3樓,謝木華,5000000,82/08/03,115/09/18,申登機關變更（遷入，含卷）,F206010 五金零售業；F211010 建材零售業；F207010 漆料、塗料零售業；F106010 五金批發業；F111090 建材批發業；F107010 漆料、塗料批發業；F401010 國際貿易業；E801010 室內裝潢業；E801020 門窗安裝工程業；E801030 室內輕鋼架工程業,桃園市,變更,11509
84597572,豐譽電信事業股份有限公司,桃園市中壢區長沙路107號1樓,温建勳,21000000,82/10/29,115/09/16,一般補正案,CC01050 資料儲存及處理設備製造業。；I301010 資訊軟體服務業；I301020 資料處理服務業；I301030 電子資訊供應服務業；ZZ99999 除許可業務外，得經營法令非禁止或限制之業務,桃園市,變更,11509
84614235,愷得醫材科技股份有限公司,桃園市楊梅區中山里環東路298巷198號,黃朝枝,400000000,82/11/19,115/09/24,補繳規費,CF01011 醫療器材製造業；C804020 工業用橡膠製品製造業；C805990 其他塑膠製品製造業；CB01010 機械設備製造業；CB01020 事務機器製造業；CP01010 手工具製造業；CQ01010 模具製造業；CC01080 電子零組件製造業；F108031 醫療器材批發業；F106010 五金批發業,桃園市,變更,11509
84802715,泓聚實業股份有限公司,桃園市桃園區東門里中山東路13號8樓5號,何佳玲,15000000,83/03/16,115/09/11,董事/監察人持股變動報備,,桃園市,變更,11509
84817750,太珊有限公司,桃園市蘆竹區蘆興里南竹路二段315巷30弄15號3樓,林玉瑩,3000000,83/03/31,115/09/02,增資,EZ02010 起重工程業；F111090 建材批發業；F199010 回收物料批發業；F401010 國際貿易業；J101030 廢棄物清除業；J101040 廢棄物處理業；J101090 廢棄物清理業；E601010 電器承裝業；E601020 電器安裝業；E801010 室內裝潢業,桃園市,變更,11509
84819223,倉和股份有限公司,桃園市龜山區萬壽路1段492之16號3樓,陳柑富,372704930,83/04/01,115/09/04,發行新股,C701010 印刷業；C702010 製版業；C802200 塗料、油漆、染料及顏料製造業；CA02990 其他金屬製品製造業；CB01010 機械設備製造業；CC01080 電子零組件製造業；CE01030 光學儀器製造業；F107010 漆料、塗料批發業；F107020 染料、顏料批發業；F113010 機械批發業,桃園市,變更,11509
84821311,亞典機械工業股份有限公司,桃園市蘆竹區營盤里六福路292之10號,李文彬,7000000,83/04/08,115/09/11,改選董事/監察人(一人法人股東指派董事/監察人),,桃園市,變更,11509
84824350,金鼎營造有限公司,桃園市八德區忠勇街321號1樓,王薪淳,65000000,83/04/09,115/09/01,股東出資轉讓修正章程,,桃園市,變更,11509
84833554,順陽鋼鐵有限公司,桃園市觀音區草漯里建國路2號,鄭雅琳,20000000,83/04/18,115/09/22,減資,,桃園市,變更,11509
84856795,仟茂企業有限公司,桃園市龜山區龍校街121巷2弄3號1樓,林碧蓮,3000000,83/05/04,115/09/04,一般補正案,CB01010 機械設備製造業；CC01080 電子零組件製造業；CC01110 電腦及其週邊設備製造業；CC01990 其他電機及電子機械器材製造業；F109070 文教、樂器、育樂用品批發業；F113010 機械批發業；F113050 電腦及事務性機器設備批發業；F113990 其他機械器具批發業；F119010 電子材料批發業；F204110 布疋、衣著、鞋、帽、傘、服飾品零售業,桃園市,變更,11509
84869460,驊德實業有限公司,桃園市中壢區內厝里大享街555號（1樓）,謝惠玲,10000000,83/05/13,115/09/24,公司所在地,C805010 塑膠皮、布、板、管材製造業；F401010 國際貿易業；ZZ99999 除許可業務外，得經營法令非禁止或限制之業務；F106050 陶瓷玻璃器皿批發業；F109070 文教、樂器、育樂用品批發業；F111090 建材批發業；F113090 交通標誌器材批發業；F120010 耐火材料批發業；F199990 其他批發業；A102080 園藝服務業,桃園市,變更,11509
84890935,桃宜交通股份有限公司,桃園市大園區橫峰里航青路一段627巷61號(1樓),吳文靜,28000000,83/05/30,115/09/01,一般補正案,G101061 汽車貨運業；G202010 停車場經營業；G801010 倉儲業；F401010 國際貿易業；IZ06010 理貨包裝業；ZZ99999 除許可業務外，得經營法令非禁止或限制之業務；F114010 汽車批發業；F214010 汽車零售業；JA01990 其他汽車服務業；JZ99050 仲介服務業,桃園市,變更,11509
84891097,偉成股份有限公司,桃園市新屋區大坡里2鄰新湖路1392號,許明榮,9000000,83/05/30,115/09/11,改選董事/監察人(一人法人股東指派董事/監察人),CB01010 機械設備製造業；F113010 機械批發業；F106020 日常用品批發業；F102170 食品什貨批發業；F401010 國際貿易業；ZZ99999 除許可業務外，得經營法令非禁止或限制之業務,桃園市,變更,11509
84891168,邑儒國際股份有限公司,桃園市八德區榮興路71號,趙令訓,60000000,83/05/30,115/09/15,改選董事/監察人(一人法人股東指派董事/監察人),,桃園市,變更,11509
84892069,加昌貨運股份有限公司,桃園市大園區大觀路1146號1樓,邱奕銘,28500000,83/04/28,115/09/21,改選董事/監察人(一人法人股東指派董事/監察人),,桃園市,變更,11509
84900976,藍摩半導體股份有限公司,桃園市觀音區樹林里工業一路7號,蔡白井,290000000,83/12/28,115/09/17,一般補正案,CC01080 電子零組件製造業；CC01110 電腦及其週邊設備製造業；CC01120 資料儲存媒體製造及複製業；F113050 電腦及事務性機器設備批發業；F118010 資訊軟體批發業；F119010 電子材料批發業；F219010 電子材料零售業；F401010 國際貿易業；I301010 資訊軟體服務業；I301030 電子資訊供應服務業,桃園市,變更,11509
84932421,杰鐙實業有限公司,桃園市桃園區中信里德華街111號,張富雄,15000000,83/08/17,115/09/23,一般補正案,CD01030 汽車及其零件製造業；CC01080 電子零組件製造業；CC01110 電腦及其週邊設備製造業；CA01100 鋁材軋延、伸線、擠型業；CA02990 其他金屬製品製造業；CB01010 機械設備製造業；CQ01010 模具製造業；F106010 五金批發業；F106030 模具批發業；F113010 機械批發業,桃園市,變更,11509
84954780,創盈針織有限公司,桃園市龜山區福源里湖山街180巷77弄61號,楊錫誼,21000000,83/06/02,115/09/03,股東出資轉讓修正章程,C301010 紡紗業；C302010 織布業；C303010 不織布業；C306010 成衣業；C307010 服飾品製造業；C399990 其他紡織及製品製造業；F104110 布疋、衣著、鞋、帽、傘、服飾品批發業；F204110 布疋、衣著、鞋、帽、傘、服飾品零售業；F401010 國際貿易業；ZZ99999 除許可業務外，得經營法令非禁止或限制之業務,桃園市,變更,11509
84958408,台嘉貿易有限公司,桃園市八德區白鷺里廣福路1336巷6號1樓,王栯琴,5000000,83/06/04,115/09/30,股東出資轉讓修正章程,H701010 住宅及大樓開發租售業；H703090 不動產買賣業；H703100 不動產租賃業；E599010 配管工程業；E601010 電器承裝業；E601020 電器安裝業；E801010 室內裝潢業；E801020 門窗安裝工程業；F104110 布疋、衣著、鞋、帽、傘、服飾品批發業；F105050 家具、寢具、廚房器具、裝設品批發業,桃園市,變更,11509
84972611,順眾輪胎有限公司,桃園市八德區大順里介壽路二段439號,陳柯成,6500000,83/06/17,115/09/10,股東出資轉讓修正章程,,桃園市,變更,11509
84997508,瀚總實業有限公司,桃園市八德區後庄街90巷28號,黃新興,5000000,83/07/08,115/09/11,公司所營事業變更修正章程,C302010 織布業；C306010 成衣業；C399990 其他紡織及製品製造業；F106010 五金批發業；F111090 建材批發業；F113010 機械批發業；F119010 電子材料批發業；F211010 建材零售業；F213080 機械器具零售業；F219010 電子材料零售業,桃園市,變更,11509
85040897,雪可有限公司,桃園市桃園區經國路11號五樓之2,張哲豪,3000000,108/11/14,115/09/23,增資,F106020 日常用品批發業；F206020 日常用品零售業；F110010 鐘錶批發業；F210010 鐘錶零售業；F115010 首飾及貴金屬批發業；F215010 首飾及貴金屬零售業；F109070 文教、樂器、育樂用品批發業；F209060 文教、樂器、育樂用品零售業；F105050 家具、寢具、廚房器具、裝設品批發業；F205040 家具、寢具、廚房器具、裝設品零售業,桃園市,變更,11509
85070667,益祥精密機械股份有限公司,桃園市八德區茄苳里茄苳路889巷28號,鄭美麗,1000000,108/10/09,115/09/14,改選董事/監察人(一人法人股東指派董事/監察人),CB01010 機械設備製造業；CB01990 其他機械製造業；CC01990 其他電機及電子機械器材製造業；CQ01010 模具製造業；CC01080 電子零組件製造業；F113010 機械批發業；F113990 其他機械器具批發業；F119010 電子材料批發業；F401010 國際貿易業；ZZ99999 除許可業務外，得經營法令非禁止或限制之業務,桃園市,變更,11509
85071103,玉鼎開發材料股份有限公司,桃園市桃園區藝文一街86之1號14樓,郭健裕,41200000,108/10/17,115/09/03,增資(資本總額),F119010 電子材料批發業；F107990 其他化學製品批發業；F120010 耐火材料批發業；F111090 建材批發業；F113010 機械批發業；F113030 精密儀器批發業；F113050 電腦及事務性機器設備批發業；F118010 資訊軟體批發業；F113990 其他機械器具批發業；ZZ99999 除許可業務外，得經營法令非禁止或限制之業務,桃園市,變更,11509
85071173,中潤建設有限公司,桃園市平鎮區上海路200號10樓之2,徐民權,15000000,108/10/16,115/09/30,公司所在地,H701010 住宅及大樓開發租售業；H703090 不動產買賣業；H703100 不動產租賃業；H701060 新市鎮、新社區開發業；H701050 投資興建公共建設業；H702010 建築經理業；F111090 建材批發業；F401010 國際貿易業；E801010 室內裝潢業；F211010 建材零售業,桃園市,變更,11509
85078302,樂蘋農業股份有限公司,桃園市中壢區龍岡路一段256號3樓,蕭雅文,15000000,108/11/08,115/09/21,改選董事/監察人(一人法人股東指派董事/監察人),A101020 農作物栽培業；A101030 特用作物栽培業；A101040 食用菌菇類栽培業；A101050 花卉栽培業；A102020 農產品整理業；A102050 作物栽培服務業；A102060 糧商業；A102080 園藝服務業；A199990 其他農業；C104020 烘焙炊蒸食品製造業,桃園市,變更,11509
85078653,倉裕有限公司,桃園市桃園區自強里新埔十街34巷26號（1樓）,郭秀美,500000,108/11/13,115/09/17,公司所在地,CB01030 污染防治設備製造業；F106010 五金批發業；F113010 機械批發業；F113100 污染防治設備批發業；F115010 首飾及貴金屬批發業；F199010 回收物料批發業；F199990 其他批發業；F401010 國際貿易業；E604010 機械安裝業；I103060 管理顧問業,桃園市,變更,11509
85079581,任我點股份有限公司,桃園市平鎮區廣仁里大昌路55巷29號2樓,陳筱如,100000,108/11/21,115/09/04,改選董事/監察人(一人法人股東指派董事/監察人),F102040 飲料批發業；F102170 食品什貨批發業；F104110 布疋、衣著、鞋、帽、傘、服飾品批發業；F106020 日常用品批發業；F107030 清潔用品批發業；F108040 化粧品批發業；F113030 精密儀器批發業；F113050 電腦及事務性機器設備批發業；F113060 度量衡器批發業；F203010 食品什貨、飲料零售業,桃園市,變更,11509
85133234,奎昌電子有限公司,桃園市桃園區鎮二街36號,呂建良,5000000,108/09/24,115/09/17,一般補正案,F119010 電子材料批發業；F219010 電子材料零售業；F401010 國際貿易業；ZZ99999 除許可業務外，得經營法令非禁止或限制之業務；F106010 五金批發業；F107010 漆料、塗料批發業；F107190 塑膠膜、袋批發業；F113050 電腦及事務性機器設備批發業；F118010 資訊軟體批發業,桃園市,變更,11509
86096285,達穎先進材料股份有限公司,桃園市楊梅區高山里高獅路863巷36號,李安重,174820000,80/03/26,115/09/17,公司名稱變更修正章程,F107190 塑膠膜、袋批發業；F207190 塑膠膜、袋零售業；F106020 日常用品批發業；F399990 其他綜合零售業；F213080 機械器具零售業；I301010 資訊軟體服務業；I301020 資料處理服務業；I301030 電子資訊供應服務業；F401010 國際貿易業；ZZ99999 除許可業務外，得經營法令非禁止或限制之業務,桃園市,變更,11509
86102929,三和機電工業股份有限公司,桃園市觀音區草漯里成功路草漯502之1號,張正忠,15000000,80/04/10,115/09/15,公司所營事業變更修正章程,CA01030 鋼鐵鑄造業；CA01050 鋼材二次加工業；CA01120 銅鑄造業；CA02080 金屬鍛造業；CB01010 機械設備製造業；CB01990 其他機械製造業；CP01010 手工具製造業；CQ01010 模具製造業；EZ03010 鎔爐安裝業；F106030 模具批發業,桃園市,變更,11509
86113539,鎰芳機器股份有限公司,桃園市八德區茄苳里永豐路216巷24號,李詩聰,10000000,87/03/24,115/09/10,改選董事/監察人(一人法人股東指派董事/監察人),CB01010 機械設備製造業；CB01990 其他機械製造業；F113010 機械批發業；F113990 其他機械器具批發業；F401010 國際貿易業；H703100 不動產租賃業；JZ99050 仲介服務業；ZZ99999 除許可業務外，得經營法令非禁止或限制之業務,桃園市,變更,11509
86140894,森寶開發股份有限公司,桃園市蘆竹區南崁里民權路50號,林坡圳,904521550,80/06/08,115/09/15,補選董事(常務董事.董事長)/監察人,C399990 其他紡織及製品製造業；CC01080 電子零組件製造業；CC01120 資料儲存媒體製造及複製業；CD01030 汽車及其零件製造業；CG01010 珠寶及貴金屬製品製造業；H701010 住宅及大樓開發租售業；H701020 工業廠房開發租售業；H702010 建築經理業；H703090 不動產買賣業；H703100 不動產租賃業,桃園市,變更,11509
86191561,振聲企業管理顧問有限公司,桃園市桃園區中山路379之2號3樓,李銘訓,3000000,80/05/20,115/09/07,股東出資轉讓修正章程,I103060 管理顧問業；H701020 工業廠房開發租售業；H703090 不動產買賣業；H703100 不動產租賃業；I401010 一般廣告服務業；I501010 產品設計業；I599990 其他設計業；F401010 國際貿易業；ZZ99999 除許可業務外，得經營法令非禁止或限制之業務,桃園市,變更,11509
86332422,光譜電工股份有限公司,桃園市觀音區榮工南路8號,凃俊光,2076905620,80/09/06,115/09/04,公司所在地,F106010 五金批發業；F113010 機械批發業；F113030 精密儀器批發業；F120010 耐火材料批發業；F119010 電子材料批發業；F107170 工業助劑批發業；CA02990 其他金屬製品製造業；CA04010 表面處理業；CC01080 電子零組件製造業；F401010 國際貿易業,桃園市,變更,11509
86406401,精確實業股份有限公司,桃園市新屋區社子里2鄰中興路938號,胡白莎,1541531620,80/11/25,115/09/21,補繳規費,C805050 工業用塑膠製品製造業；CA01080 鍊鋁業；CA01090 鋁鑄造業；CA01100 鋁材軋延、伸線、擠型業；CA01990 其他非鐵金屬基本工業；CA02030 螺絲、螺帽、螺絲釘、及鉚釘等製品製造業；CA02080 金屬鍛造業；CA02990 其他金屬製品製造業；CB01010 機械設備製造業；CB01020 事務機器製造業,桃園市,變更,11509
86527897,建言企業管理顧問股份有限公司,桃園市中壢區興國里元化路二段45號12樓,盧麗花,10000000,81/01/04,115/09/07,改選董事/監察人(一人法人股東指派董事/監察人),I102010 投資顧問業；I103060 管理顧問業；I199990 其他顧問服務業；I301030 電子資訊供應服務業；J101010 建築物清潔服務業；JZ99090 喜慶綜合服務業；ZZ99999 除許可業務外，得經營法令非禁止或限制之業務；JZ99050 仲介服務業；F208040 化粧品零售業；F208050 乙類成藥零售業,桃園市,變更,11509
86538607,洪邦金屬股份有限公司,桃園市龜山區大坑里南上路520巷33弄6號,林政緯,25000000,81/01/17,115/09/09,補選董事(常務董事.董事長)/監察人,CA02010 金屬結構及建築組件製造業；CA02990 其他金屬製品製造業；F106010 五金批發業；F199010 回收物料批發業；F206010 五金零售業；F401010 國際貿易業；J101080 資源回收業；J101090 廢棄物清理業；ZZ99999 除許可業務外，得經營法令非禁止或限制之業務,桃園市,變更,11509
86540505,大城電腦資訊有限公司,桃園市中壢區東興里中北路二段117號13樓,楊孟偉,15000000,81/01/20,115/09/30,股東出資轉讓修正章程,F113050 電腦及事務性機器設備批發業；F118010 資訊軟體批發業；F109070 文教、樂器、育樂用品批發業；F209060 文教、樂器、育樂用品零售業；F213030 電腦及事務性機器設備零售業；F218010 資訊軟體零售業；F401010 國際貿易業；I301010 資訊軟體服務業；E605010 電腦設備安裝業；ZZ99999 除許可業務外，得經營法令非禁止或限制之業務,桃園市,變更,11509
86563915,元證實業有限公司,桃園市龜山區龍校街121巷6弄5號,陳水石,5000000,81/02/20,115/09/02,公司所營事業變更修正章程,CN01010 家具及裝設品製造業；CC01080 電子零組件製造業；CA02990 其他金屬製品製造業；CD01030 汽車及其零件製造業；CD01040 機車及其零件製造業；CP01010 手工具製造業；CQ01010 模具製造業；CZ99990 未分類其他工業製品製造業；F105050 家具、寢具、廚房器具、裝設品批發業；F106010 五金批發業,桃園市,變更,11509
86645613,誠裕貿易有限公司,桃園市平鎮區廣興里廣平街97號,温貴靜,5000000,81/05/05,115/09/21,股東出資轉讓修正章程,F102170 食品什貨批發業；F113010 機械批發業；F113990 其他機械器具批發業；F199990 其他批發業；F213080 機械器具零售業；F401010 國際貿易業；JA02990 其他修理業；JE01010 租賃業；F203010 食品什貨、飲料零售業；F299990 其他零售業,桃園市,變更,11509
86651115,博康股份有限公司,桃園市楊梅區中山里中山北路一段293巷13號,田明珠,12000000,81/05/08,115/09/21,增資(資本總額),,桃園市,變更,11509
86691377,建榮工業材料股份有限公司,桃園市楊梅區瑞原里民豐路277號,吉田浩一,1948939640,81/08/12,115/09/10,改派董事/監察人,C901020 玻璃及玻璃製品製造業；CC01080 電子零組件製造業；F401010 國際貿易業；ZZ99999 除許可業務外，得經營法令非禁止或限制之業務,桃園市,變更,11509
86770323,宗臻工業股份有限公司,桃園市平鎮區廣仁里延平路三段97巷3號,朱文灶,5000000,81/06/25,115/09/14,改選董事/監察人(一人法人股東指派董事/監察人),,桃園市,變更,11509
86793894,承劭企業有限公司,桃園市平鎮區文化街23巷2號1樓,彭桂貞,3000000,81/07/16,115/09/21,修正章程,,桃園市,變更,11509
86841066,巨威實業有限公司,桃園市龍潭區三林里民族路160號,葉志富,3000000,81/08/29,115/09/18,公司所營事業變更修正章程,IB01010 建築物公共安全檢查業；E601010 電器承裝業；E601020 電器安裝業；F106040 水器材料批發業；F113020 電器批發業；E599010 配管工程業；E603090 照明設備安裝工程業；E603100 電焊工程業；E801010 室內裝潢業；E901010 油漆工程業,桃園市,變更,11509
86863618,超特國際股份有限公司,桃園市蘆竹區南崁路二段9號8樓之5,張宇剛,430000000,81/08/31,115/09/22,發行新股,C801010 基本化學工業；C802090 清潔用品製造業；C802120 工業助劑製造業；F107200 化學原料批發業；F207200 化學原料零售業；F401010 國際貿易業；ZZ99999 除許可業務外，得經營法令非禁止或限制之業務,桃園市,變更,11509
86923236,凱思登交通有限公司,桃園市桃園區西埔里永安路1360巷67弄45號(1樓),洪嘉釧,25000000,81/09/10,115/09/16,一般補正案,G101061 汽車貨運業；JA01010 汽車修理業；CD01030 汽車及其零件製造業；F114030 汽、機車零件配備批發業；F214030 汽、機車零件配備零售業,桃園市,變更,11509
86933776,升鋒企業有限公司,桃園市楊梅區三民路8號1樓,龔崇禮,10000000,81/09/07,115/09/23,公司所營事業變更修正章程,E502010 燃料導管安裝工程業；E599010 配管工程業；E604010 機械安裝業；EZ02010 起重工程業；ZZ99999 除許可業務外，得經營法令非禁止或限制之業務；F113020 電器批發業；F213990 其他機械器具零售業；F213010 電器零售業；CA02030 螺絲、螺帽、螺絲釘、及鉚釘等製品製造業；CA02040 彈簧製造業,桃園市,變更,11509
86936865,超宇興業股份有限公司,桃園市中壢區富村街30巷11號8樓,林玉英,5000000,81/09/10,115/09/29,改選董事/監察人(一人法人股東指派董事/監察人),,桃園市,變更,11509
86961147,財正有限公司,桃園市蘆竹區龍安街一段成功巷157弄42號,呂世尚,2000000,81/10/12,115/09/10,修正章程,E801070 廚具、衛浴設備安裝工程業；E599010 配管工程業；F105050 家具、寢具、廚房器具、裝設品批發業；E603090 照明設備安裝工程業；E601020 電器安裝業；E606010 用電設備檢驗維護業；E601010 電器承裝業；E603040 消防安全設備安裝工程業；E801030 室內輕鋼架工程業；E603130 燃氣熱水器承裝業,桃園市,變更,11509
86962758,峻晟金屬股份有限公司,桃園市楊梅區中山里行善路98號,黃元銅,37000000,81/10/14,115/09/11,改選董事/監察人(一人法人股東指派董事/監察人),,桃園市,變更,11509
86978512,西北臺慶科技股份有限公司,桃園市楊梅區幼四路1號,謝明諺,1163857390,81/11/02,115/09/17,補繳規費,CC01080 電子零組件製造業２晶片線圈及其他線圈之製造加工與買賣。３代理有關前項國內外廠商產品報價投標經銷業務及進出口貿易業務。；ZZ99999 除許可業務外，得經營法令非禁止或限制之業務,桃園市,變更,11509
86988531,寶鴻建設有限公司,桃園市楊梅區員本里員本路438巷14號(1樓),陳翁寶連,25000000,81/11/13,115/09/07,公司印鑑變更,,桃園市,變更,11509
86997898,上揮企業有限公司,桃園市中壢區內定里內定七街310號,許日松,5000000,81/11/24,115/09/01,股東出資轉讓修正章程,CA02060 金屬容器製造業；CA02990 其他金屬製品製造業；CB01010 機械設備製造業；E603040 消防安全設備安裝工程業；E605010 電腦設備安裝業；F113050 電腦及事務性機器設備批發業；F113070 電信器材批發業；F117010 消防安全設備批發業；F118010 資訊軟體批發業；F213030 電腦及事務性機器設備零售業,桃園市,變更,11509
89121098,歐萊恩消防科技有限公司,桃園市蘆竹區中福里龍壽街一段95巷17之1號,卓巧茹,200000,111/12/29,115/09/21,一般補正案,F106030 模具批發業；F106040 水器材料批發業；F113020 電器批發業；F113030 精密儀器批發業；F113070 電信器材批發業；F113110 電池批發業；F116010 照相器材批發業；F117010 消防安全設備批發業；F119010 電子材料批發業；F120010 耐火材料批發業,桃園市,變更,11509
89137660,愛麗綺有限公司,桃園市中壢區中正路43號(2樓),楊海杰,50000,111/12/21,115/09/01,申登機關變更（遷入，含卷）,F204110 布疋、衣著、鞋、帽、傘、服飾品零售業；F104110 布疋、衣著、鞋、帽、傘、服飾品批發業；F399040 無店面零售業；F401010 國際貿易業；I301010 資訊軟體服務業；I301020 資料處理服務業；I301030 電子資訊供應服務業；ZZ99999 除許可業務外，得經營法令非禁止或限制之業務,桃園市,變更,11509
89146534,日康國際有限公司,桃園市中壢區和祥街27之2號4樓,何沛穎,2000000,111/12/14,115/09/10,公司所在地,F108031 醫療器材批發業；F208031 醫療器材零售業；F108040 化粧品批發業；F208040 化粧品零售業；F102170 食品什貨批發業；F203010 食品什貨、飲料零售業；F106020 日常用品批發業；F399990 其他綜合零售業；F399040 無店面零售業；F107030 清潔用品批發業,桃園市,變更,11509
89146703,伸通通運有限公司,桃園市八德區興隆街17巷7號（1樓）,林威宇,25000000,111/12/15,115/09/18,公司所在地,G101061 汽車貨運業；G801010 倉儲業；IZ06010 理貨包裝業；G702010 船舶勞務承攬業；G409050 工業專用港或工業專用碼頭船舶貨物裝卸承攬業；EZ02010 起重工程業；IZ12010 人力派遣業；JZ99050 仲介服務業；JE01010 租賃業；IZ99990 其他工商服務業,桃園市,變更,11509
89150163,金鍋玉葉餐飲股份有限公司,桃園市龜山區華亞二路222號,葉丞凱,24300000,111/11/11,115/09/23,一般補正案,F102170 食品什貨批發業；F201010 農產品零售業；F203010 食品什貨、飲料零售業；F203020 菸酒零售業；F204110 布疋、衣著、鞋、帽、傘、服飾品零售業；F206020 日常用品零售業；F401010 國際貿易業；F501030 飲料店業；F501060 餐館業；J601010 藝文服務業,桃園市,變更,11509
89152824,大陸循環經濟開發股份有限公司,桃園市楊梅區永寧里楊昇路337之1號,李辰一,25000000,111/12/26,115/09/15,改選董事/監察人(一人法人股東指派董事/監察人),F401010 國際貿易業；I102010 投資顧問業；I103060 管理顧問業；H201010 一般投資業；H703090 不動產買賣業；H703100 不動產租賃業；JE01010 租賃業；J101030 廢棄物清除業；J101040 廢棄物處理業；J101090 廢棄物清理業,桃園市,變更,11509
89153020,格馳股份有限公司,桃園市平鎮區大連街110之1號13樓,陳振榮,7500000,111/12/27,115/09/21,改選董事/監察人(一人法人股東指派董事/監察人),J304010 圖書出版業；J305010 有聲出版業；J399990 其他出版業；JA05010 留、遊學服務業；F109070 文教、樂器、育樂用品批發業；F209060 文教、樂器、育樂用品零售業；F399040 無店面零售業；F401010 國際貿易業；F601010 智慧財產權業；I103060 管理顧問業,桃園市,變更,11509
89153112,春宇國際資訊有限公司,桃園市蘆竹區經國路892號3樓,徐惠心,800000,111/12/28,115/09/11,一般補正案,F102020 食用油脂批發業；F102040 飲料批發業；F102170 食品什貨批發業；F103010 飼料批發業；F104110 布疋、衣著、鞋、帽、傘、服飾品批發業；F105050 家具、寢具、廚房器具、裝設品批發業；F106010 五金批發業；F106020 日常用品批發業；F106060 寵物食品及其用品批發業；F107030 清潔用品批發業,桃園市,變更,11509
89157932,尹佳成有限公司,桃園市中壢區青心路126號18樓,施誼禧,50000,111/11/17,115/09/02,申登機關變更（遷入，含卷）,F102040 飲料批發業；F102170 食品什貨批發業；F106020 日常用品批發業；F107030 清潔用品批發業；F108040 化粧品批發業；F113020 電器批發業；F113030 精密儀器批發業；F113050 電腦及事務性機器設備批發業；F113060 度量衡器批發業；F119010 電子材料批發業,桃園市,變更,11509
89160578,瑞炘投資有限公司,桃園市桃園區光興里中原路21之1號,郭嘉棟,20000000,111/12/01,115/09/11,股東出資轉讓修正章程,H201010 一般投資業,桃園市,變更,11509
89160789,年倫窗飾企業有限公司,桃園市中壢區青溪里高鐵南路一段257號(1樓),彭尉倫,1000000,111/12/02,115/09/22,公司所在地,E801010 室內裝潢業；F204110 布疋、衣著、鞋、帽、傘、服飾品零售業；F205040 家具、寢具、廚房器具、裝設品零售業；F104110 布疋、衣著、鞋、帽、傘、服飾品批發業；F105050 家具、寢具、廚房器具、裝設品批發業；E801020 門窗安裝工程業；F111090 建材批發業；F211010 建材零售業；F220010 耐火材料零售業；E604010 機械安裝業,桃園市,變更,11509
89167755,皇尚國際貿易有限公司,桃園市平鎮區金星里大連街140號(1樓),顏錦良,5000000,112/02/02,115/09/22,增資,F401010 國際貿易業；F113010 機械批發業；F113990 其他機械器具批發業；F113030 精密儀器批發業；F119010 電子材料批發業；F113050 電腦及事務性機器設備批發業；F113020 電器批發業；F104110 布疋、衣著、鞋、帽、傘、服飾品批發業；F105050 家具、寢具、廚房器具、裝設品批發業；F106010 五金批發業,桃園市,變更,11509
89167919,欣投貿易股份有限公司,桃園市桃園區永佳街2號(一樓),蔡佳欣,500000,112/02/04,115/09/22,變更組織,F401010 國際貿易業；ZZ99999 除許可業務外，得經營法令非禁止或限制之業務,桃園市,變更,11509
89282663,華膳空廚股份有限公司,桃園市蘆竹區海山路2段156巷22號,張花冠,2805000000,83/08/19,115/09/16,發行新股,G605011 空廚業；C103050 罐頭、冷凍、脫水及醃漬食品製造業；C104020 烘焙炊蒸食品製造業；C199030 即食餐食製造業；C199990 未分類其他食品製造業；F102170 食品什貨批發業；F203010 食品什貨、飲料零售業；F399010 便利商店業；F401010 國際貿易業；F501060 餐館業,桃園市,變更,11509
89300037,立榮清潔有限公司,桃園市中壢區青溪里民權路四段277號七樓,張春英,5000000,84/01/11,115/09/17,股東出資轉讓修正章程,J101010 建築物清潔服務業；J101020 病媒防治業；J101030 廢棄物清除業；J101040 廢棄物處理業；J101080 資源回收業；J101990 其他環境衛生及污染防治服務業；F199990 其他批發業；F207030 清潔用品零售業；A102050 作物栽培服務業；A102080 園藝服務業,桃園市,變更,11509
89310703,華普科技股份有限公司,桃園市蘆竹區五福里五福六路77號9樓,林培欽,13000000,84/01/21,115/09/24,一般補正案,,桃園市,變更,11509
89386610,友誠自動化機械有限公司,桃園市楊梅區高上里青年路二段89號,鄭美月,28000000,84/04/19,115/09/10,股東出資轉讓修正章程,,桃園市,變更,11509
89452076,嘉年華人生有限公司,桃園市蘆竹區經國路892號7樓,古翠瑾,5000000,84/04/24,115/09/14,公司名稱變更修正章程,F108031 醫療器材批發業；F208031 醫療器材零售業；I103060 管理顧問業；I199990 其他顧問服務業；C103050 罐頭、冷凍、脫水及醃漬食品製造業；C104010 糖果製造業；C104020 烘焙炊蒸食品製造業；C701010 印刷業；C802090 清潔用品製造業；F101130 蔬果批發業,桃園市,變更,11509
89501999,顏昌實業有限公司,桃園市桃園區大興西路一段262號6樓,楊宏寶,2000000,84/05/02,115/09/23,公司所營事業變更修正章程,F119010 電子材料批發業；CC01080 電子零組件製造業；ZZ99999 除許可業務外，得經營法令非禁止或限制之業務,桃園市,變更,11509
89560693,台灣樂業科技股份有限公司,桃園市平鎮區平東路一段178巷26弄23號,曾世明,30000000,84/06/20,115/09/17,發行新股,,桃園市,變更,11509
89560820,洪誠實業股份有限公司,桃園市龜山區嶺頂里東萬壽路311巷3號,蘇秀雲,200000,84/06/20,115/09/10,改選董事/監察人(一人法人股東指派董事/監察人),C805030 塑膠日用品製造業；C805050 工業用塑膠製品製造業；C805990 其他塑膠製品製造業；F107990 其他化學製品批發業；F109070 文教、樂器、育樂用品批發業；F113010 機械批發業；F401010 國際貿易業；I401010 一般廣告服務業；I501010 產品設計業；IZ01010 影印業,桃園市,變更,11509
89570236,博駿交通有限公司,桃園市龜山區楓樹里忠義路1段222號1樓,陳萬年,25000000,84/06/28,115/09/15,股東出資轉讓修正章程,,桃園市,變更,11509
89593343,凌華科技股份有限公司,桃園市龜山區華亞一路66號1樓,劉鈞,2177792570,84/08/07,115/09/10,認股憑證換發新股,CC01060 有線通信機械器材製造業；CC01070 無線通信機械器材製造業；CC01080 電子零組件製造業；CC01110 電腦及其週邊設備製造業；CE01010 一般儀器製造業；E605010 電腦設備安裝業；EZ05010 儀器、儀表安裝工程業；I301010 資訊軟體服務業；I301020 資料處理服務業；I301030 電子資訊供應服務業,桃園市,變更,11509
89615000,艾莉花材有限公司,桃園市大園區五青路56之2號,盧文程,12000000,84/10/11,115/09/02,增資,C805030 塑膠日用品製造業；F199990 其他批發業；F299990 其他零售業；F399990 其他綜合零售業；F401010 國際貿易業；F205040 家具、寢具、廚房器具、裝設品零售業；F209060 文教、樂器、育樂用品零售業；F106020 日常用品批發業；F206020 日常用品零售業；F101100 花卉批發業,桃園市,變更,11509
89805851,龍潭元勝股份有限公司,桃園市龍潭區佳安里文化路989號1樓,曾繁勝,20000000,84/12/13,115/09/21,改選董事/監察人(一人法人股東指派董事/監察人),F101100 花卉批發業；F106030 模具批發業；F111090 建材批發業；F113010 機械批發業；F113990 其他機械器具批發業；F199990 其他批發業；F401010 國際貿易業；I501010 產品設計業；I503010 景觀、室內設計業；C801100 合成樹脂及塑膠製造業,桃園市,變更,11509
89818482,嘉州機械股份有限公司,桃園市龜山區忠義路二段356號,羅金添,32000000,84/12/28,115/09/11,公司所在地,"F113010 機械批發業；F213080 機械器具零售業；CB01010 機械設備製造業；ZZ99999 除許可業務外,得經營法令非禁止或限制之業務。；IG01010 生物技術服務業；C701010 印刷業；C702010 製版業；C601040 加工紙製造業",桃園市,變更,11509
89830866,上昇機械零件有限公司,桃園市平鎮區建安里建安路112巷35號,黃仁熏,1000000,83/08/27,115/09/21,公司遷址修正章程,,桃園市,變更,11509
89861451,有吉電子企業有限公司,桃園市平鎮區建安里金陵路四段477巷14號1樓,呂裕盛,10000000,83/09/27,115/09/21,股東出資轉讓修正章程,F113010 機械批發業；F113020 電器批發業；F113030 精密儀器批發業；F113070 電信器材批發業；F119010 電子材料批發業；F219010 電子材料零售業；CB01010 機械設備製造業；CC01040 照明設備製造業；CC01070 無線通信機械器材製造業；CC01080 電子零組件製造業,桃園市,變更,11509
89897970,強和企業有限公司,桃園市中壢區芝芭里民權路3段1326號1樓,游騰昇,10000000,83/11/04,115/09/24,改推董事/董事長,,桃園市,變更,11509
89902283,鎵鴻人力資源管理顧問股份有限公司,桃園市中壢區幸福里福星二街18號(1樓),林金源,15000000,83/11/09,115/09/09,改選董事/監察人(一人法人股東指派董事/監察人),I701011 就業服務業；IZ12010 人力派遣業；I103060 管理顧問業；F401010 國際貿易業；J101010 建築物清潔服務業；I401010 一般廣告服務業；I102010 投資顧問業；I301010 資訊軟體服務業；I301020 資料處理服務業；I301030 電子資訊供應服務業,桃園市,變更,11509
89998793,創唯達實業股份有限公司,桃園市龜山區文工一路318號2樓,吳春梅,260000000,83/12/24,115/09/10,增資(資本總額),CQ01010 模具製造業；CC01080 電子零組件製造業；CC01050 資料儲存及處理設備製造業,桃園市,變更,11509
90000585,旭旺綠能股份有限公司,桃園市中壢區高鐵站前西路一段286號3樓之3,周維昆,17000000,111/11/29,115/09/11,改選董事/監察人(一人法人股東指派董事/監察人),A101020 農作物栽培業；A101050 花卉栽培業；A102050 作物栽培服務業；CC01010 發電、輸電、配電機械製造業；D101060 再生能源自用發電設備業；E603050 自動控制設備工程業；EZ05010 儀器、儀表安裝工程業；EZ15010 保溫、保冷安裝工程業；EZ99990 其他工程業；H201010 一般投資業,桃園市,變更,11509
90003491,景碩國際企業有限公司,桃園市桃園區福林里介壽路495巷65號14樓,戴貝羽,1000000,111/12/12,115/09/22,增資,F399040 無店面零售業；F401010 國際貿易業；F203010 食品什貨、飲料零售業；F102170 食品什貨批發業；F206020 日常用品零售業；F106020 日常用品批發業；F204110 布疋、衣著、鞋、帽、傘、服飾品零售業；F104110 布疋、衣著、鞋、帽、傘、服飾品批發業；F205040 家具、寢具、廚房器具、裝設品零售業；F105050 家具、寢具、廚房器具、裝設品批發業,桃園市,變更,11509
90024860,耐特有限公司,桃園市大溪區仁德八街29號,林聖紘,2200000,111/10/07,115/09/11,申登機關變更（遷入，含卷）,E801020 門窗安裝工程業；E801030 室內輕鋼架工程業；E801040 玻璃安裝工程業；F111090 建材批發業；F120010 耐火材料批發業；F211010 建材零售業；F220010 耐火材料零售業；IZ12010 人力派遣業；JE01010 租賃業；JZ99050 仲介服務業,桃園市,變更,11509
90041137,宥合實業股份有限公司,桃園市八德區大安里興豐路2350巷520之2號,藍隆寬,25000000,111/11/16,115/09/24,申登機關變更（遷入，含卷）,C901040 預拌混凝土製造業；C901050 水泥及混凝土製品製造業；J101090 廢棄物清理業；J101030 廢棄物清除業；ZZ99999 除許可業務外，得經營法令非禁止或限制之業務,桃園市,變更,11509
90043780,共創開發工程有限公司,桃園市大園區青峰里高鐵北路二段196號10樓,陳德福,3000000,111/09/20,115/09/16,增資,E401010 疏濬業；E801020 門窗安裝工程業；E801030 室內輕鋼架工程業；E901010 油漆工程業；F206020 日常用品零售業；F211010 建材零售業；J101010 建築物清潔服務業；E603080 交通號誌安裝工程業；EZ14010 運動場地用設備工程業；EZ11010 球場跑道樹脂材料鋪設工程業,桃園市,變更,11509
90080834,米南營造有限公司,桃園市中壢區仁美里仁慈路100號11樓,周德興,4500000,111/11/29,115/09/18,股東出資轉讓修正章程,E101011 綜合營造業；ZZ99999 除許可業務外，得經營法令非禁止或限制之業務,桃園市,變更,11509
90099496,德樸建設股份有限公司,桃園市桃園區瑞慶里中正路1351號8樓,黃敦修,200000000,111/09/22,115/09/01,增資(資本總額),H701010 住宅及大樓開發租售業；H701020 工業廠房開發租售業；H701050 投資興建公共建設業；H701060 新市鎮、新社區開發業；H701070 區段徵收及市地重劃代辦業；H701080 都市更新重建業；H701090 都市更新整建維護業；H703090 不動產買賣業；H703100 不動產租賃業；H201010 一般投資業,桃園市,變更,11509
90100418,凱析實業股份有限公司,桃園市蘆竹區龍壽街一段77之1號,陳凱笙,1000000,111/09/23,115/09/03,申登機關變更（遷入，含卷）,CA01030 鋼鐵鑄造業；CA01050 鋼材二次加工業；CA02010 金屬結構及建築組件製造業；C901990 其他非金屬礦物製品製造業；F111090 建材批發業；F105050 家具、寢具、廚房器具、裝設品批發業；F102180 酒精批發業；F399040 無店面零售業；F401010 國際貿易業；C302010 織布業,桃園市,變更,11509
90108994,春暉生技文創股份有限公司,桃園市龜山區大湖里文化三路63號地下一層之2,藍志豐,37000000,111/09/08,115/09/02,修正章程,I103060 管理顧問業；I501010 產品設計業；JZ99050 仲介服務業；I102010 一般投資顧問業；F106070 祭祀用品批發業；IZ99990 其他工商服務業；F401010 國際貿易業；H703100 不動產租賃業；HZ99990 其他金融、保險及不動產業；J601010 藝文服務業,桃園市,變更,11509
90114314,恩愷睿國際有限公司,桃園市桃園區江南八街13號,黃信睿,300000,111/10/27,115/09/03,一般補正案,F401010 國際貿易業；F119010 電子材料批發業；F106020 日常用品批發業；F106010 五金批發業；E603050 自動控制設備工程業；H201010 一般投資業；I301010 資訊軟體服務業；I199990 其他顧問服務業；JE01010 租賃業；ZZ99999 除許可業務外，得經營法令非禁止或限制之業務,桃園市,變更,11509
90118873,鴻躍運通有限公司,桃園市龜山區樂善二路215號21樓,張耀恩,5000000,111/11/02,115/09/23,公司所在地,G799990 其他運輸輔助業；G801010 倉儲業；F399040 無店面零售業；F399990 其他綜合零售業；F401010 國際貿易業；IZ99990 其他工商服務業；G601011 航空貨運承攬業；G701011 報關業；ZZ99999 除許可業務外，得經營法令非禁止或限制之業務,桃園市,變更,11509
90122320,銘捷企業有限公司,桃園市中壢區龍德里龍慈路816號3樓之2,張名傑,3000000,111/10/04,115/09/22,增資,F104110 布疋、衣著、鞋、帽、傘、服飾品批發業；F105050 家具、寢具、廚房器具、裝設品批發業；F106020 日常用品批發業；F106010 五金批發業；F107030 清潔用品批發業；F108040 化粧品批發業；F109070 文教、樂器、育樂用品批發業；F102030 菸酒批發業；F102040 飲料批發業；F102050 茶葉批發業,桃園市,變更,11509
90124354,恩食生技股份有限公司,桃園市楊梅區楊明里金山街137號3樓,黎天賜,1586520,111/09/27,115/09/01,申登機關變更（遷入，含卷）,A101020 農作物栽培業；A101050 花卉栽培業；A102060 糧商業；F121010 食品添加物批發業；F221010 食品添加物零售業；F201010 農產品零售業；F399040 無店面零售業；F401010 國際貿易業；F102170 食品什貨批發業；F203010 食品什貨、飲料零售業,桃園市,變更,11509
90132214,睿俐有限公司,桃園市大溪區介壽路169號(1樓),林湘庭,2000000,111/04/25,115/09/17,公司所在地,I301010 資訊軟體服務業；I301020 資料處理服務業；I301030 電子資訊供應服務業；I401010 一般廣告服務業；I102010 投資顧問業；I103060 管理顧問業；I199990 其他顧問服務業；I501010 產品設計業；F399040 無店面零售業；F113030 精密儀器批發業,桃園市,變更,11509
90132946,鼎駿企業有限公司,桃園市中壢區中正路369號(3樓),馮志強,4500000,111/04/29,115/09/16,一般補正案,F113050 電腦及事務性機器設備批發業；F213030 電腦及事務性機器設備零售業；F119010 電子材料批發業；F219010 電子材料零售業；F401010 國際貿易業；ZZ99999 除許可業務外，得經營法令非禁止或限制之業務；CC01060 有線通信機械器材製造業；CC01070 無線通信機械器材製造業；CC01120 資料儲存媒體製造及複製業；E605010 電腦設備安裝業,桃園市,變更,11509
90133425,詠盛開發股份有限公司,桃園市楊梅區楊湖路一段365號,鄭俊麟,60000000,111/05/06,115/09/11,發行新股,J101030 廢棄物清除業；J101040 廢棄物處理業；J101060 廢（污）水處理業；IZ12010 人力派遣業；F111090 建材批發業；A102080 園藝服務業；B101010 煤礦業；B102010 石油及天然氣礦業；B201010 金屬礦業；B202010 非金屬礦業,桃園市,變更,11509
90134347,芳原百理有限公司,桃園市觀音區上大里上大五路532號,胡湘彗,2500000,111/05/23,115/09/24,增資,F102170 食品什貨批發業；F108040 化粧品批發業；F199990 其他批發業；F203010 食品什貨、飲料零售業；F208040 化粧品零售業；F208050 乙類成藥零售業；F401010 國際貿易業；I301010 資訊軟體服務業；I301020 資料處理服務業；IG01010 生物技術服務業,桃園市,變更,11509
90134563,秦開發建設有限公司,桃園市中壢區中原里成章四街69號(2樓),張和秦,100000,111/05/25,115/09/09,公司所在地,H701010 住宅及大樓開發租售業；H701020 工業廠房開發租售業；H701050 投資興建公共建設業；H701060 新市鎮、新社區開發業；H701070 區段徵收及市地重劃代辦業；H701090 都市更新整建維護業；H702010 建築經理業；H703090 不動產買賣業；H703100 不動產租賃業；H703110 老人住宅業,桃園市,變更,11509
90134727,樂虎國際旅行社有限公司,桃園市八德區建國路783號(1樓),劉念生,10000000,111/05/26,115/09/01,董事/股東地址變更,J902011 旅行業,桃園市,變更,11509
90139011,晉鴻循環科技股份有限公司,桃園市新屋區中正路110巷21號1樓,楊華鴻,40000000,111/03/30,115/09/21,一般補正案,C802200 塗料、油漆、染料及顏料製造業；C802990 其他化學製品製造業；C805050 工業用塑膠製品製造業；C805990 其他塑膠製品製造業；C901990 其他非金屬礦物製品製造業；CA01070 廢車船解體及廢鋼鐵五金處理業；CA01080 鍊鋁業；CA01110 鍊銅業；CA03010 熱處理業；CB01010 機械設備製造業,桃園市,變更,11509
90140100,泓芯有限公司,桃園市桃園區復興路51之2號10樓之1,陳彤莉,500000,111/04/08,115/09/03,公司所營事業變更修正章程,F107030 清潔用品批發業；F207030 清潔用品零售業；I103060 管理顧問業；I199990 其他顧問服務業；IZ12010 人力派遣業；IZ99990 其他工商服務業；HZ99990 其他金融、保險及不動產業；JZ99990 未分類其他服務業；J202010 產業育成業；F108040 化粧品批發業,桃園市,變更,11509
90155074,仟建電綠能科技股份有限公司,桃園市龜山區忠義路一段1547之1號,曾子芳,5000000,111/03/09,115/09/03,公司所營事業變更修正章程,IG03010 能源技術服務業；D101060 再生能源自用發電設備業；E604010 機械安裝業；D401010 熱能供應業；E599010 配管工程業；E603010 電纜安裝工程業；E603050 自動控制設備工程業；F106010 五金批發業；F106040 水器材料批發業；F119010 電子材料批發業,桃園市,變更,11509
90159590,宥泉室內裝修設計有限公司,桃園市中壢區中建里中山路201號6樓之11,鄭明華,1000000,111/04/21,115/09/11,董事/股東證照變更,E801060 室內裝修業；E801010 室內裝潢業；E801020 門窗安裝工程業；E801030 室內輕鋼架工程業；E801040 玻璃安裝工程業；E801070 廚具、衛浴設備安裝工程業；E603010 電纜安裝工程業；E599010 配管工程業；E601010 電器承裝業；E601020 電器安裝業,桃園市,變更,11509
90159613,觀鼎綠能開發有限公司,桃園市觀音區金湖里中山路一段1171巷11弄22號,賴俊成,50000000,111/04/19,115/09/03,股東出資轉讓修正章程,CA02010 金屬結構及建築組件製造業；CC01010 發電、輸電、配電機械製造業；CB01010 機械設備製造業；CA01030 鋼鐵鑄造業；IG03010 能源技術服務業；E604010 機械安裝業；E603100 電焊工程業；D101060 再生能源自用發電設備業；E607010 太陽熱能設備安裝工程業；I199990 其他顧問服務業,桃園市,變更,11509
90161391,鵬誠國際開發有限公司,桃園市中壢區興和路236號(1樓),盧照仁,100000,111/05/16,115/09/16,公司所在地,E801010 室內裝潢業；E801070 廚具、衛浴設備安裝工程業；E901010 油漆工程業；E903010 防蝕、防銹工程業；EZ99990 其他工程業；F102040 飲料批發業；F102170 食品什貨批發業；F106020 日常用品批發業；F108040 化粧品批發業；F109070 文教、樂器、育樂用品批發業,桃園市,變更,11509
90161667,常寛有限公司,桃園市中壢區永興里中央西路一段76巷35號(1樓),吳沅致,1000000,111/05/18,115/09/03,股東出資轉讓修正章程,F114030 汽、機車零件配備批發業；F114050 車胎批發業；F214020 機車零售業；F214030 汽、機車零件配備零售業；F214050 車胎零售業；F214010 汽車零售業；F501060 餐館業；F501030 飲料店業；I199990 其他顧問服務業；JA01010 汽車修理業,桃園市,變更,11509
90232282,雲順航空貨運承攬有限公司,桃園市大園區中正東路一段700巷29之16號5樓,顧念慈,5000000,111/04/22,115/09/18,公司名稱變更修正章程,F401010 國際貿易業；F399040 無店面零售業；G799990 其他運輸輔助業；G801010 倉儲業；G601011 航空貨運承攬業；G701011 報關業；ZZ99999 除許可業務外，得經營法令非禁止或限制之業務,桃園市,變更,11509
90253379,魯克提夫投資有限公司,桃園市平鎮區新德街291巷3號,連敬忠,534136730,111/03/15,115/09/22,一般補正案,H201010 一般投資業；ZZ99999 除許可業務外，得經營法令非禁止或限制之業務,桃園市,變更,11509
90254047,模威科技股份有限公司,桃園市中壢區中華路一段835巷20弄18號,郭亘芸,16832750,111/03/18,115/09/11,增資(資本總額),F113070 電信器材批發業；F119010 電子材料批發業；F213060 電信器材零售業；F401010 國際貿易業；E603050 自動控制設備工程業；I103060 管理顧問業；I301010 資訊軟體服務業；I301020 資料處理服務業；I301030 電子資訊供應服務業；I501010 產品設計業,桃園市,變更,11509
90273585,類比藝術工作室有限公司,桃園市龜山區文化里復興北路6巷31號,劉騰允,100000,111/06/20,115/09/02,一般補正案,JA02010 電器及電子產品修理業；E601020 電器安裝業；F213010 電器零售業；F219010 電子材料零售業；F401010 國際貿易業；J604010 聲音錄製及音樂發行業；F209060 文教、樂器、育樂用品零售業；F109070 文教、樂器、育樂用品批發業；ZZ99999 除許可業務外，得經營法令非禁止或限制之業務,桃園市,變更,11509
90304481,同富國際股份有限公司,桃園市中壢區青埔里高鐵站前西路一段286號13樓之9,楊卉欣,12000000,111/08/19,115/09/14,改選董事/監察人(一人法人股東指派董事/監察人),F401010 國際貿易業；I103060 管理顧問業；ZZ99999 除許可業務外，得經營法令非禁止或限制之業務,桃園市,變更,11509
90309113,宥興交通股份有限公司,桃園市八德區大安里興豐路2350巷520之2號,劉安琪,25000000,111/08/05,115/09/30,一般補正案,G101061 汽車貨運業；J101030 廢棄物清除業；J101080 資源回收業；J101110 營建剩餘土石方資源處理業；J101990 其他環境衛生及污染防治服務業；F199010 回收物料批發業；F111090 建材批發業；F115020 礦石批發業；E604010 機械安裝業；EZ02010 起重工程業,桃園市,變更,11509
90324199,上源投資有限公司,桃園市桃園區永安路1360巷67弄45號,洪嘉釧,15000000,111/06/01,115/09/21,股東出資轉讓修正章程,H201010 一般投資業；ZZ99999 除許可業務外，得經營法令非禁止或限制之業務,桃園市,變更,11509
90327581,宜娠股份有限公司,桃園市中壢區九和二街9號2樓之2,陳若綺,500000,111/07/21,115/09/01,一般補正案,F206020 日常用品零售業；F207030 清潔用品零售業；F208040 化粧品零售業；F401010 國際貿易業；F601010 智慧財產權業；I103060 管理顧問業；I105010 藝術品諮詢顧問業；I199990 其他顧問服務業；I401010 一般廣告服務業；IZ12010 人力派遣業,桃園市,變更,11509
90327935,企鴻有限公司,桃園市龜山區文化三路327之2號,施榮庭,1200000,111/07/25,115/09/01,公司所在地,I102010 投資顧問業；I103060 管理顧問業；I199990 其他顧問服務業；IZ99990 其他工商服務業；F399990 其他綜合零售業；F401010 國際貿易業；F501060 餐館業；ZZ99999 除許可業務外，得經營法令非禁止或限制之業務,桃園市,變更,11509
90328081,羽洋體育事業股份有限公司,桃園市桃園區寶民里寶山街201之3號2樓,周東耀,2000000,111/07/25,115/09/08,改選董事/監察人(一人法人股東指派董事/監察人),F109070 文教、樂器、育樂用品批發業；F203010 食品什貨、飲料零售業；F204110 布疋、衣著、鞋、帽、傘、服飾品零售業；F209060 文教、樂器、育樂用品零售業；F399010 便利商店業；F399990 其他綜合零售業；F501030 飲料店業；F501060 餐館業；F501990 其他餐飲業；J801030 競技及休閒運動場館業,桃園市,變更,11509
90328343,達承開發有限公司,桃園市桃園區中埔一街328號3樓,楊子瑋,5000000,111/07/26,115/09/10,股東出資轉讓修正章程,H701010 住宅及大樓開發租售業；H701020 工業廠房開發租售業；H701060 新市鎮、新社區開發業；H701070 區段徵收及市地重劃代辦業；H701090 都市更新整建維護業；H703090 不動產買賣業；H703100 不動產租賃業；H201010 一般投資業；H702010 建築經理業；I102010 投資顧問業,桃園市,變更,11509
90328370,祥育樂業有限公司,桃園市中壢區新生路446巷8之6號(1樓),涂壬星,1000000,111/07/26,115/09/09,股東出資轉讓修正章程,F106010 五金批發業；F106020 日常用品批發業；F107030 清潔用品批發業；F107190 塑膠膜、袋批發業；F401010 國際貿易業；IZ12010 人力派遣業；IZ06010 理貨包裝業；G799990 其他運輸輔助業；JA02990 其他修理業；ZZ99999 除許可業務外，得經營法令非禁止或限制之業務,桃園市,變更,11509
90332070,大澤營造有限公司,桃園市桃園區藝文一街86之3號12樓,黃彬愷,5000000,111/06/15,115/09/08,一般補正案,E801010 室內裝潢業；E901010 油漆工程業；F107010 漆料、塗料批發業；F111090 建材批發業；F119010 電子材料批發業；F207010 漆料、塗料零售業；F211010 建材零售業；F219010 電子材料零售業；H201010 一般投資業；J101010 建築物清潔服務業,桃園市,變更,11509
90332536,仟曙有限公司,桃園市桃園區成功路二段167之7號,周效貞,5000000,111/06/22,115/09/03,增資,F107990 其他化學製品批發業；F108040 化粧品批發業；F111090 建材批發業；F113010 機械批發業；F113030 精密儀器批發業；F113050 電腦及事務性機器設備批發業；F113990 其他機械器具批發業；F118010 資訊軟體批發業；F119010 電子材料批發業；F120010 耐火材料批發業,桃園市,變更,11509
90332923,三雲房屋有限公司,桃園市龍潭區中正里中正路525號(1樓),,3000000,111/06/21,115/09/03,解散,H701010 住宅及大樓開發租售業；H701020 工業廠房開發租售業；H703090 不動產買賣業；H703100 不動產租賃業；H704031 不動產仲介經紀業；H704041 不動產代銷經紀業；I199990 其他顧問服務業；I401010 一般廣告服務業；I501010 產品設計業；I503010 景觀、室內設計業,桃園市,變更,11509
90335766,九星國際貿易有限公司,桃園市大園區三民路二段827號(二樓),簡淑雯,5000000,111/08/03,115/09/16,增資,F103010 飼料批發業；F106010 五金批發業；F102030 菸酒批發業；F102050 茶葉批發業；F102170 食品什貨批發業；F105050 家具、寢具、廚房器具、裝設品批發業；F106020 日常用品批發業；F107030 清潔用品批發業；F106060 寵物食品及其用品批發業；F107190 塑膠膜、袋批發業,桃園市,變更,11509
90336097,霍利投資股份有限公司,桃園市中壢區內厝里中正路四段79號(1樓),劉千傑,10000000,111/08/05,115/09/22,改選董事/監察人(一人法人股東指派董事/監察人),F401010 國際貿易業；F111090 建材批發業；H201010 一般投資業；H202010 創業投資業；H701010 住宅及大樓開發租售業；H701020 工業廠房開發租售業；H702010 建築經理業；H703090 不動產買賣業；H703100 不動產租賃業；I102010 投資顧問業,桃園市,變更,11509
90343695,精準免疫生醫股份有限公司,桃園市桃園區中正路1092號25樓,黃宗仁,10000000,111/06/27,115/09/16,一般補正案,IC01010 藥品檢驗業；IG01010 生物技術服務業；IG02010 研究發展服務業；I199990 其他顧問服務業；F601010 智慧財產權業；F401010 國際貿易業；F108031 醫療器材批發業；F208031 醫療器材零售業；F108040 化粧品批發業；F208040 化粧品零售業,桃園市,變更,11509
90357515,獻和騰有限公司,桃園市中壢區內定里內定二十街76巷62號,黃獻正,8000000,111/07/15,115/09/07,增資,F101040 家畜家禽批發業；F201020 畜產品零售業；F401010 國際貿易業；ZZ99999 除許可業務外，得經營法令非禁止或限制之業務；C103050 罐頭、冷凍、脫水及醃漬食品製造業；F101050 水產品批發業；F101130 蔬果批發業；F101990 其他農、畜、水產品批發業；F102020 食用油脂批發業；F102170 食品什貨批發業,桃園市,變更,11509
90427462,璇鱻有限公司,桃園市八德區廣福路770巷8弄6號(1樓),李佳勳,600000,110/06/08,115/09/23,股東出資轉讓修正章程,C103050 罐頭、冷凍、脫水及醃漬食品製造業；F101050 水產品批發業；F101130 蔬果批發業；F101990 其他農、畜、水產品批發業；F101120 觀賞魚批發業；F201010 農產品零售業；F201030 水產品零售業；F201090 觀賞魚零售業；F201990 其他農畜水產品零售業；F399040 無店面零售業,桃園市,變更,11509
90427548,夢想不動產仲介有限公司,桃園市中壢區永興里中央西路一段120號19樓之2,魏嘉音,1000000,110/06/09,115/09/18,減少所營事業變更修正章程,H701010 住宅及大樓開發租售業；H703090 不動產買賣業；H703100 不動產租賃業；H701020 工業廠房開發租售業；F204110 布疋、衣著、鞋、帽、傘、服飾品零售業；F206020 日常用品零售業；F209060 文教、樂器、育樂用品零售業；F104110 布疋、衣著、鞋、帽、傘、服飾品批發業；F109070 文教、樂器、育樂用品批發業；ZZ99999 除許可業務外，得經營法令非禁止或限制之業務,桃園市,變更,11509
90438572,新中能源科技股份有限公司,桃園市桃園區同德里中正路1071號17樓之6,張檠寬,10000000,110/11/03,115/09/07,申登機關變更（遷入，含卷）,D101050 汽電共生業；D101060 再生能源自用發電設備業；D401010 熱能供應業；I102010 一般投資顧問業；I103060 管理顧問業；I199990 其他顧問服務業；F106010 五金批發業；F113990 其他機械器具批發業；F206010 五金零售業；F213990 其他機械器具零售業,桃園市,變更,11509
90448591,倍恩投資有限公司,桃園市大園區領航北路四段352之1號四樓,黃心慈,500000,110/11/12,115/09/16,修正章程,H201010 一般投資業,桃園市,變更,11509
90448608,沐恩投資有限公司,桃園市大園區領航北路四段352之1號四樓,黃興煜,500000,110/11/12,115/09/17,修正章程,H201010 一般投資業,桃園市,變更,11509
90468358,富據智能科技股份有限公司,桃園市平鎮區新富五街62號地下一樓,陳靖儒,6866670,110/09/07,115/09/14,改派董事/監察人,I301020 資料處理服務業；I301030 電子資訊供應服務業；I301010 資訊軟體服務業；J802010 運動訓練業；J803020 運動比賽業；F209060 文教、樂器、育樂用品零售業；F109070 文教、樂器、育樂用品批發業；ZZ99999 除許可業務外，得經營法令非禁止或限制之業務,桃園市,變更,11509
90478503,康悅藥品股份有限公司,桃園市桃園區文中里正光路423之11號15樓,劉靜怡,5550000,110/10/13,115/09/15,董事/監察人持股變動報備,F102040 飲料批發業；F102050 茶葉批發業；F102170 食品什貨批發業；F106040 水器材料批發業；F107030 清潔用品批發業；F108021 西藥批發業；F108031 醫療器材批發業；F108040 化粧品批發業；F113020 電器批發業；F113030 精密儀器批發業,桃園市,變更,11509
90478623,集欣設計室內裝修有限公司,桃園市桃園區經國里經國路88之6號三樓,李國龍,3000000,110/10/13,115/09/17,修正章程,F111090 建材批發業；E801010 室內裝潢業；I503010 景觀、室內設計業；E801030 室內輕鋼架工程業；E901010 油漆工程業；E603090 照明設備安裝工程業；E801020 門窗安裝工程業；E801040 玻璃安裝工程業；E801060 室內裝修業；E801070 廚具、衛浴設備安裝工程業,桃園市,變更,11509
90479361,鉑金運動行銷有限公司,桃園市龜山區山頂里明興街9號(2樓),簡志光,500000,110/10/19,115/09/30,公司所營事業變更修正章程,J802010 運動訓練業；J803020 運動比賽業；E801010 室內裝潢業；JB01010 會議及展覽服務業；JE01010 租賃業；I199990 其他顧問服務業；F109070 文教、樂器、育樂用品批發業；F209060 文教、樂器、育樂用品零售業；J803010 運動表演業；F401010 國際貿易業,桃園市,變更,11509
90480493,玉楓國際貿易有限公司,桃園市龜山區復興三路51號(1樓),,100000,110/10/27,115/09/18,解散,F113020 電器批發業；F213010 電器零售業；F104110 布疋、衣著、鞋、帽、傘、服飾品批發業；F204110 布疋、衣著、鞋、帽、傘、服飾品零售業；F102170 食品什貨批發業；F203010 食品什貨、飲料零售業；F206020 日常用品零售業；F108040 化粧品批發業；F208040 化粧品零售業；F110010 鐘錶批發業,桃園市,變更,11509
90485716,吃什麼數位科技股份有限公司,桃園市桃園區慈光街156號4樓,黃宇瑄,2100000,110/09/30,115/09/02,一般補正案,I301010 資訊軟體服務業；I301020 資料處理服務業；I301030 電子資訊供應服務業；I401010 一般廣告服務業；F118010 資訊軟體批發業；F218010 資訊軟體零售業；ZZ99999 除許可業務外，得經營法令非禁止或限制之業務,桃園市,變更,11509
90508458,心閎工程有限公司,桃園市大園區仁德路18之17號(1樓),謝育朋,25000000,110/10/05,115/09/01,增資,EZ07010 鑽孔工程業；E599010 配管工程業；J101990 其他環境衛生及污染防治服務業；E604010 機械安裝業；F111090 建材批發業；I103060 管理顧問業；B601010 土石採取業；JE01010 租賃業；E401010 疏濬業；EZ02010 起重工程業,桃園市,變更,11509
90535461,敏成股份有限公司,桃園市中壢區內定里合圳北路二段545號,葉菁雯,60000000,110/11/05,115/09/02,改選董事/監察人(一人法人股東指派董事/監察人),C303010 不織布業；CB01030 污染防治設備製造業；C399990 其他紡織及製品製造業；CF01011 醫療器材製造業；F102020 食用油脂批發業；F108031 醫療器材批發業；F204110 布疋、衣著、鞋、帽、傘、服飾品零售業；F205040 家具、寢具、廚房器具、裝設品零售業；F208031 醫療器材零售業；F401010 國際貿易業,桃園市,變更,11509
90548064,均達餐飲有限公司,桃園市桃園區三民路一段18號(1樓),李培正,5000000,111/02/18,115/09/09,公司所在地,F501060 餐館業；F501030 飲料店業；F203010 食品什貨、飲料零售業；F203020 菸酒零售業；F206020 日常用品零售業；F201020 畜產品零售業；F201030 水產品零售業；F201990 其他農畜水產品零售業；F201010 農產品零售業；F101040 家畜家禽批發業,桃園市,變更,11509
90559300,夏禾電器販賣股份有限公司,桃園市龜山區文禾路289號九樓,陳騏華,80000000,110/12/16,115/09/07,改選董事/監察人(一人法人股東指派董事/監察人),E601020 電器安裝業；E605010 電腦設備安裝業；F113020 電器批發業；F113050 電腦及事務性機器設備批發業；F118010 資訊軟體批發業；F119010 電子材料批發業；F213010 電器零售業；F213030 電腦及事務性機器設備零售業；F219010 電子材料零售業；F218010 資訊軟體零售業,桃園市,變更,11509
90562086,錦宏創廚行銷股份有限公司,桃園市中壢區興國里中豐路185號（2樓）,呂瑞香,1650000,111/01/14,115/09/14,改選董事/監察人(一人法人股東指派董事/監察人),F501060 餐館業；F501990 其他餐飲業；F213010 電器零售業；F401010 國際貿易業；I103060 管理顧問業；I401010 一般廣告服務業；IZ99990 其他工商服務業；J601010 藝文服務業；J602010 演藝活動業；J603010 音樂展演空間業,桃園市,變更,11509
90562142,坐著做餐飲事業有限公司,桃園市中壢區興國里愛國路41號,張展裕,1000000,111/01/14,115/09/18,一般補正案,F501060 餐館業；F501990 其他餐飲業；F102170 食品什貨批發業；F203010 食品什貨、飲料零售業；F203020 菸酒零售業；ZZ99999 除許可業務外，得經營法令非禁止或限制之業務,桃園市,變更,11509
90566479,名航紙業有限公司,桃園市大園區南港里環區西路266巷79號,施妤蓁,10200000,110/11/26,115/09/23,股東出資轉讓修正章程,C601030 紙容器製造業；F106010 五金批發業；F106020 日常用品批發業；F106040 水器材料批發業；F109070 文教、樂器、育樂用品批發業；F111090 建材批發業；F113010 機械批發業；F401010 國際貿易業；F203020 菸酒零售業；F219010 電子材料零售業,桃園市,變更,11509
90567060,澤鑫工程有限公司,桃園市中壢區龍興里龍岡路3段83號(1樓),李易錚,4500000,110/12/01,115/09/24,增資,F113020 電器批發業；F213010 電器零售業；F111090 建材批發業；E801010 室內裝潢業；I503010 景觀、室內設計業；I501010 產品設計業；F105050 家具、寢具、廚房器具、裝設品批發業；F106010 五金批發業；F106040 水器材料批發業；F206010 五金零售業,桃園市,變更,11509
90567272,好酒國際有限公司,桃園市中壢區仁義里普義路192巷11號,賴彥村,1000000,110/12/02,115/09/23,公司所在地,F401171 酒類輸入業；F102030 菸酒批發業；F203020 菸酒零售業；F401010 國際貿易業；ZZ99999 除許可業務外，得經營法令非禁止或限制之業務,桃園市,變更,11509
90572009,資合資訊有限公司,桃園市桃園區汴洲里春日路1471號12樓,陳冠呈,1000000,111/02/08,115/09/18,公司所在地,I301010 資訊軟體服務業；I301020 資料處理服務業；I301030 電子資訊供應服務業；I501010 產品設計業；F118010 資訊軟體批發業；F218010 資訊軟體零售業；F113050 電腦及事務性機器設備批發業；F601010 智慧財產權業；I103060 管理顧問業；ZZ99999 除許可業務外，得經營法令非禁止或限制之業務,桃園市,變更,11509
90572471,屏鴻貿易有限公司,桃園市蘆竹區福興里奉化路282號14樓,傅仁鴻,500000,111/02/14,115/09/24,一般補正案,F399040 無店面零售業；F106010 五金批發業；F206010 五金零售業；F102170 食品什貨批發業；F203010 食品什貨、飲料零售業；F401010 國際貿易業；ZZ99999 除許可業務外，得經營法令非禁止或限制之業務；I103060 管理顧問業；I199990 其他顧問服務業；F399990 其他綜合零售業,桃園市,變更,11509
90573746,冠中路不動產股份有限公司,桃園市桃園區中成里正光路328號,李佳樺,6000000,111/02/23,115/09/22,改選董事/監察人(一人法人股東指派董事/監察人),H704031 不動產仲介經紀業；J101010 建築物清潔服務業；I401010 一般廣告服務業；E901010 油漆工程業；H703090 不動產買賣業；I102010 投資顧問業；I401020 廣告傳單分送業；E599010 配管工程業；E801010 室內裝潢業；E801070 廚具、衛浴設備安裝工程業,桃園市,變更,11509
90573979,威達智研有限公司,桃園市桃園區萬壽路三段165號(1樓),李培正,500000,111/02/24,115/09/09,公司所在地,F113020 電器批發業；F119010 電子材料批發業；F213010 電器零售業；F219010 電子材料零售業；JA02010 電器及電子產品修理業；I301010 資訊軟體服務業；F206020 日常用品零售業；F401010 國際貿易業；ZZ99999 除許可業務外，得經營法令非禁止或限制之業務,桃園市,變更,11509
90577763,宸逸科技有限公司,桃園市龍潭區工七路58號(1樓),黃卉嫻,2500000,110/12/23,115/09/17,增資,C801010 基本化學工業；C801990 其他化學材料製造業；CN01010 家具及裝設品製造業；E801010 室內裝潢業；E801020 門窗安裝工程業；E801040 玻璃安裝工程業；F104110 布疋、衣著、鞋、帽、傘、服飾品批發業；F105050 家具、寢具、廚房器具、裝設品批發業；F107010 漆料、塗料批發業；F107030 清潔用品批發業,桃園市,變更,11509
90625646,浩氣科技股份有限公司,桃園市中壢區普義路217巷21號10樓,張文華,55600000,111/01/26,115/09/18,增資(資本總額),F119010 電子材料批發業；CB01030 污染防治設備製造業；CZ99990 未分類其他工業製品製造業；F107080 環境用藥批發業；F213100 污染防治設備零售業；F106040 水器材料批發業；F401010 國際貿易業；ZZ99999 除許可業務外，得經營法令非禁止或限制之業務,桃園市,變更,11509
90626315,禾義行銷有限公司,桃園市中壢區領航南路二段307號5樓,陳逸軒,1000000,111/01/28,115/09/23,公司所在地,I401010 一般廣告服務業；I401020 廣告傳單分送業；I301020 資料處理服務業；I503010 景觀、室內設計業；IZ12010 人力派遣業；IZ99990 其他工商服務業；I102010 投資顧問業；I103060 管理顧問業；I199990 其他顧問服務業；F401010 國際貿易業,桃園市,變更,11509
90638092,寰宇資訊有限公司,桃園市桃園區成功路1段32號5樓,張振康,5000000,111/03/03,115/09/24,增資,I102010 投資顧問業；I103060 管理顧問業；I301010 資訊軟體服務業；I301020 資料處理服務業；I301030 電子資訊供應服務業；I501010 產品設計業；IG02010 研究發展服務業；JZ99050 仲介服務業；F113050 電腦及事務性機器設備批發業；F401010 國際貿易業,桃園市,變更,11509
90640576,遠勝國際通運有限公司,桃園市龜山區大崗里大湖一路176巷85之3號,吳家緯,2000000,110/12/14,115/09/18,申登機關變更（遷入，含卷）,G799990 其他運輸輔助業；G702010 船舶勞務承攬業；G801010 倉儲業；I301020 資料處理服務業；F401010 國際貿易業；F113050 電腦及事務性機器設備批發業；F113070 電信器材批發業；F113990 其他機械器具批發業；F106010 五金批發業；F106020 日常用品批發業,桃園市,變更,11509
90688418,翰辰事業股份有限公司,桃園市中壢區德義里中山東路一段155號5樓,黃成翰,1520000,110/03/16,115/09/16,一般補正案,F399040 無店面零售業；H701070 區段徵收及市地重劃代辦業；H701080 都市更新重建業；H701090 都市更新整建維護業；I103060 管理顧問業；I199990 其他顧問服務業；IZ99990 其他工商服務業；ZZ99999 除許可業務外，得經營法令非禁止或限制之業務,桃園市,變更,11509
90689134,三口國際企業有限公司,桃園市桃園區自強里莊敬路一段181巷2號1樓之8,葉品和,7000000,110/03/19,115/09/22,公司所營事業變更修正章程,F109070 文教、樂器、育樂用品批發業；F209060 文教、樂器、育樂用品零售業；F104110 布疋、衣著、鞋、帽、傘、服飾品批發業；F204110 布疋、衣著、鞋、帽、傘、服飾品零售業；F105050 家具、寢具、廚房器具、裝設品批發業；F205040 家具、寢具、廚房器具、裝設品零售業；F113050 電腦及事務性機器設備批發業；F213030 電腦及事務性機器設備零售業；F106020 日常用品批發業；F206020 日常用品零售業,桃園市,變更,11509
90690478,友宜鮮釀股份有限公司,桃園市蘆竹區長興路三段277巷121號,李啓肇,15240000,110/03/31,115/09/02,一般補正案,F501990 其他餐飲業；C110010 飲料製造業；C201010 飼料製造業；ZZ99999 除許可業務外，得經營法令非禁止或限制之業務；C113011 製酒業,桃園市,變更,11509
90691384,錦季欣業有限公司,桃園市桃園區文化里中華路33號7樓之5,胡培安,500000,110/04/06,115/09/15,公司所在地,F101050 水產品批發業；F102170 食品什貨批發業；F101990 其他農、畜、水產品批發業；F104110 布疋、衣著、鞋、帽、傘、服飾品批發業；F105050 家具、寢具、廚房器具、裝設品批發業；F119010 電子材料批發業；F111090 建材批發業；F201030 水產品零售業；F203010 食品什貨、飲料零售業；F201010 農產品零售業,桃園市,變更,11509
90691589,左撇子網路科技有限公司,桃園市八德區正福街40號15樓,黃彥瑜,50000,110/04/06,115/09/04,公司所在地,F401010 國際貿易業；I103060 管理顧問業；I301010 資訊軟體服務業；I401010 一般廣告服務業；I501010 產品設計業；I599990 其他設計業；ZZ99999 除許可業務外，得經營法令非禁止或限制之業務,桃園市,變更,11509
90696058,神速投資有限公司,桃園市中壢區高鐵站前西路一段268號17樓之9,邱垂鋒,100000,110/05/12,115/09/14,公司所在地,ZZ99999 除許可業務外，得經營法令非禁止或限制之業務；H201010 一般投資業；H202010 創業投資業；I102010 投資顧問業；I103060 管理顧問業,桃園市,變更,11509
90746542,鉅崴科技檢驗有限公司,桃園市桃園區汴洲里春日路1471號12樓,吳昆澤,4000000,110/03/11,115/09/08,公司所在地,IF04010 非破壞檢測業；I103060 管理顧問業；I199990 其他顧問服務業；I301010 資訊軟體服務業；I301020 資料處理服務業；I301030 電子資訊供應服務業；J101050 環境檢測服務業；ZZ99999 除許可業務外，得經營法令非禁止或限制之業務,桃園市,變更,11509
90758954,浚鵬企業有限公司,桃園市新屋區中正路27號,饒展華,10000000,110/04/28,115/09/02,公司所營事業變更修正章程,C501060 木質容器製造業；C501990 其他木製品製造業；F106010 五金批發業；F111090 建材批發業；F207190 塑膠膜、袋零售業；F401010 國際貿易業；ZZ99999 除許可業務外，得經營法令非禁止或限制之業務,桃園市,變更,11509
90779402,勁空間有限公司,桃園市桃園區瑞慶里中正路1351號12樓,朱幼雁,1000000,110/05/14,115/09/16,公司所在地,E801010 室內裝潢業；E801020 門窗安裝工程業；E801030 室內輕鋼架工程業；E801040 玻璃安裝工程業；E801070 廚具、衛浴設備安裝工程業；E901010 油漆工程業；E903010 防蝕、防銹工程業；E601010 電器承裝業；E601020 電器安裝業；E603040 消防安全設備安裝工程業,桃園市,變更,11509
90782151,好事發生整合行銷有限公司,桃園市桃園區中正路1082號7樓,林柏青,300000,110/05/21,115/09/16,股東出資轉讓修正章程,J401010 電影片製作業；J402010 電影片發行業；J503010 廣播節目製作業；J503020 電視節目製作業；J503030 廣播電視節目發行業；J503040 廣播電視廣告業；I401010 一般廣告服務業；J602010 演藝活動業；J601010 藝文服務業；J304010 圖書出版業,桃園市,變更,11509
90790336,豐怡捷業有限公司,桃園市龍潭區民治三街96巷3號,林鐳,2000000,110/03/29,115/09/14,一般補正案,H201010 一般投資業,桃園市,變更,11509
90791932,義行科技有限公司,桃園市平鎮區北興里金陵路二段220號(2樓),楊孟偉,550000,110/03/31,115/09/02,分公司經理人解任,F113050 電腦及事務性機器設備批發業；F213030 電腦及事務性機器設備零售業；I301010 資訊軟體服務業；F399040 無店面零售業；F203010 食品什貨、飲料零售業；F206020 日常用品零售業；JE01010 租賃業；IZ99990 其他工商服務業；F501990 其他餐飲業；ZZ99999 除許可業務外，得經營法令非禁止或限制之業務,桃園市,變更,11509
90792236,豪潔環保有限公司,桃園市中壢區中正里興仁路二段428巷15之1號2樓,張家豪,200000,110/04/01,115/09/14,公司所營事業變更修正章程,J101010 建築物清潔服務業；J101030 廢棄物清除業；J101040 廢棄物處理業；J101080 資源回收業；J101090 廢棄物清理業；J101990 其他環境衛生及污染防治服務業；ZZ99999 除許可業務外，得經營法令非禁止或限制之業務；E601010 電器承裝業；E601020 電器安裝業；E603010 電纜安裝工程業,桃園市,變更,11509
90816292,鴻宇光訊股份有限公司,桃園市中壢區南園二路8之3號,屠德威,400200000,110/04/06,115/09/18,一般補正案,CB01010 機械設備製造業；CC01080 電子零組件製造業；F119010 電子材料批發業；F219010 電子材料零售業；CE01030 光學儀器製造業；CQ01010 模具製造業；F113030 精密儀器批發業；F401010 國際貿易業；I501010 產品設計業；I102010 投資顧問業,桃園市,變更,11509
90876642,奕之源企業有限公司,桃園市桃園區龍安里國豐三街151號,陳鈞睿,6000000,110/04/28,115/09/01,增資,F206020 日常用品零售業；F203010 食品什貨、飲料零售業；F204110 布疋、衣著、鞋、帽、傘、服飾品零售業；F207030 清潔用品零售業；F209060 文教、樂器、育樂用品零售業；F399990 其他綜合零售業；F106020 日常用品批發業；F102170 食品什貨批發業；F104110 布疋、衣著、鞋、帽、傘、服飾品批發業；F107030 清潔用品批發業,桃園市,變更,11509
91015185,食樂國際餐飲股份有限公司,桃園市龜山區華亞二路222號,葉丞凱,21000000,110/08/13,115/09/17,改派董事/監察人,F102170 食品什貨批發業；F201010 農產品零售業；F203010 食品什貨、飲料零售業；F203020 菸酒零售業；F204110 布疋、衣著、鞋、帽、傘、服飾品零售業；F206020 日常用品零售業；F401010 國際貿易業；F501030 飲料店業；F501060 餐館業；J601010 藝文服務業,桃園市,變更,11509
91026900,石十空間設計有限公司,桃園市龜山區華美二街13號,林啟文,200000,110/05/28,115/09/04,公司印鑑變更,E801010 室內裝潢業；E801020 門窗安裝工程業；E801030 室內輕鋼架工程業；E801040 玻璃安裝工程業；E801070 廚具、衛浴設備安裝工程業；I503010 景觀、室內設計業；F111090 建材批發業,桃園市,變更,11509
91027014,昱臺溫控物流股份有限公司,桃園市中壢區西園路111之2號9樓,林興芳,25000000,110/05/31,115/09/15,一般補正案,G101061 汽車貨運業；G801010 倉儲業；C802041 西藥製造業；IZ06010 理貨包裝業；G799990 其他運輸輔助業；G409050 工業專用港或工業專用碼頭船舶貨物裝卸承攬業；F401010 國際貿易業；F203020 菸酒零售業；F102030 菸酒批發業；F113020 電器批發業,桃園市,變更,11509
91027372,碩鋮精密有限公司,桃園市龍潭區烏林里工五路245號,李孟丞,5000000,110/07/12,115/09/18,公司所在地,F113010 機械批發業；F106010 五金批發業；CD01050 自行車及其零件製造業；CA02030 螺絲、螺帽、螺絲釘、及鉚釘等製品製造業；CA02990 其他金屬製品製造業；CD01030 汽車及其零件製造業；CD01040 機車及其零件製造業；CB01010 機械設備製造業；ZZ99999 除許可業務外，得經營法令非禁止或限制之業務,桃園市,變更,11509
91035231,良菘科技有限公司,桃園市桃園區大有路517號9樓,廖振生,15000000,110/03/24,115/09/10,增資,F119010 電子材料批發業；F219010 電子材料零售業；F118010 資訊軟體批發業；F401010 國際貿易業；CC01080 電子零組件製造業；CC01120 資料儲存媒體製造及複製業；CB01990 其他機械製造業；E605010 電腦設備安裝業；I501010 產品設計業；I301010 資訊軟體服務業,桃園市,變更,11509
91035345,甚好股份有限公司,桃園市中壢區領航南路二段382號,鄒文博,5000000,110/03/24,115/09/17,一般補正案,F113010 機械批發業；F113020 電器批發業；F113030 精密儀器批發業；F113050 電腦及事務性機器設備批發業；F113060 度量衡器批發業；F113070 電信器材批發業；F113090 交通標誌器材批發業；F113100 污染防治設備批發業；F115010 首飾及貴金屬批發業；F115020 礦石批發業,桃園市,變更,11509
91035485,寬瑜數位資訊股份有限公司,桃園市中壢區過嶺里民族路五段302號(1樓),林宥瑜,11000000,110/03/25,115/09/03,改選董事/監察人(一人法人股東指派董事/監察人),H701010 住宅及大樓開發租售業；H701020 工業廠房開發租售業；H701070 區段徵收及市地重劃代辦業；I503010 景觀設計業；I401010 一般廣告服務業；F211010 建材零售業；H701050 投資興建公共建設業；H701060 新市鎮、新社區開發業；H703100 不動產租賃業；ZZ99999 除許可業務外，得經營法令非禁止或限制之業務,桃園市,變更,11509
91051127,賀宏有限公司,桃園市楊梅區老莊路225巷5號(1樓),蕭建程,1500000,110/05/26,115/09/11,一般補正案,F113010 機械批發業；F106010 五金批發業；F106030 模具批發業；F114030 汽、機車零件配備批發業；F206030 模具零售業；F214030 汽、機車零件配備零售業；CB01010 機械設備製造業；CB01990 其他機械製造業；E604010 機械安裝業；JZ99050 仲介服務業,桃園市,變更,11509
91077457,均火商科技股份有限公司,桃園市桃園區經國一路90號3樓,陳彥華,17000000,110/08/09,115/09/08,董事/監察人持股變動報備,E605010 電腦設備安裝業；E701030 電信管制射頻器材裝設工程業；E701040 簡易電信設備安裝業；F106010 五金批發業；F106020 日常用品批發業；F113020 電器批發業；F113030 精密儀器批發業；F113050 電腦及事務性機器設備批發業；F113070 電信器材批發業；F118010 資訊軟體批發業,桃園市,變更,11509
91107430,大有資本股份有限公司,桃園市平鎮區南京路99號(2樓),劉映雪,5000000,110/07/05,115/09/17,改選董事/監察人(一人法人股東指派董事/監察人),I102010 投資顧問業；I103060 管理顧問業；ZZ99999 除許可業務外，得經營法令非禁止或限制之業務,桃園市,變更,11509
91112671,律信投資有限公司,桃園市中壢區聖德路一段295巷11號(1樓),陳孟均,19000000,110/09/02,115/09/08,公司所在地,H201010 一般投資業；ZZ99999 除許可業務外，得經營法令非禁止或限制之業務,桃園市,變更,11509
91118725,樂寰室內裝修工程有限公司,桃園市大溪區仁和里仁和二街63號,霍紹鈞,3000000,110/07/19,115/09/21,公司所在地,E601010 電器承裝業；E601020 電器安裝業；E603010 電纜安裝工程業；E603040 消防安全設備安裝工程業；E603080 交通號誌安裝工程業；E603090 照明設備安裝工程業；E801010 室內裝潢業；E801020 門窗安裝工程業；E801030 室內輕鋼架工程業；E801040 玻璃安裝工程業,桃園市,變更,11509
91119421,昱睿有限公司,桃園市大園區中正東路一段726號(1樓),鄭茗蔚,5100000,110/07/23,115/09/10,增資,E603050 自動控制設備工程業；EZ05010 儀器、儀表安裝工程業；F113010 機械批發業；F113030 精密儀器批發業；F119010 電子材料批發業；F213080 機械器具零售業；F401010 國際貿易業；ZZ99999 除許可業務外，得經營法令非禁止或限制之業務,桃園市,變更,11509
92605097,敘事設計研究室有限公司,桃園市桃園區青溪里春日路352號14樓,袁子健,500000,112/04/21,115/09/10,公司所營事業變更修正章程,E801010 室內裝潢業；F105050 家具、寢具、廚房器具、裝設品批發業；F205040 家具、寢具、廚房器具、裝設品零售業；F401010 國際貿易業；I199990 其他顧問服務業；I503010 景觀設計業；I599990 其他設計業；ZZ99999 除許可業務外，得經營法令非禁止或限制之業務,桃園市,變更,11509
92605527,銳智捷實業有限公司,桃園市楊梅區三民里中山北路二段113號,羅珮芳,1000000,112/04/25,115/09/21,公司所在地,F214020 機車零售業；F214030 汽、機車零件配備零售業；F214050 車胎零售業；JA01020 汽車拖吊業；J202010 產業育成業；J101990 其他環境衛生及污染防治服務業；F114020 機車批發業；JA02020 機車修理業；JE01010 租賃業；ZZ99999 除許可業務外，得經營法令非禁止或限制之業務,桃園市,變更,11509
93486555,和屹有限公司,桃園市桃園區南門里三民路三段356巷12號,何俞嫻,200000,113/01/03,115/09/17,一般補正案,I103060 管理顧問業；I199990 其他顧問服務業；F401010 國際貿易業；ZZ99999 除許可業務外，得經營法令非禁止或限制之業務；F399040 無店面零售業；F213040 精密儀器零售業；F213050 度量衡器零售業；F213030 電腦及事務性機器設備零售業；F213080 機械器具零售業；F213990 其他機械器具零售業,桃園市,變更,11509
93488028,加鈞國際貿易有限公司,桃園市桃園區光興里縣府路110號4樓之2,周亷,2000000,112/12/18,115/09/01,公司所在地,F106020 日常用品批發業；F206020 日常用品零售業；F113020 電器批發業；F213010 電器零售業；F399040 無店面零售業；F401010 國際貿易業；F104110 布疋、衣著、鞋、帽、傘、服飾品批發業；F204110 布疋、衣著、鞋、帽、傘、服飾品零售業；F208040 化粧品零售業；F108040 化粧品批發業,桃園市,變更,11509
93489053,飛快世界股份有限公司,桃園市中壢區仁美里榮民南路361號(1樓),,15000000,112/12/25,115/09/22,補選董事(常務董事.董事長)/監察人,F114020 機車批發業；F114030 汽、機車零件配備批發業；F113110 電池批發業；F213110 電池零售業；F214020 機車零售業；F214030 汽、機車零件配備零售業；CD01030 汽車及其零件製造業；CD01040 機車及其零件製造業；CD01050 自行車及其零件製造業；CD01060 航空器及其零件製造業,桃園市,變更,11509
93504630,盛安消防安全設備工程有限公司,桃園市大園區高鐵南路一段85號7樓,王偉聰,100000,113/01/09,115/09/01,股東出資轉讓修正章程,CR01010 瓦斯器材及其零件製造業；CB01990 其他機械製造業；IF01010 消防安全設備檢修業；F117010 消防安全設備批發業；F217010 消防安全設備零售業；E603090 照明設備安裝工程業；E603050 自動控制設備工程業；E603040 消防安全設備安裝工程業；ZZ99999 除許可業務外，得經營法令非禁止或限制之業務,桃園市,變更,11509
93518037,穩健資本股份有限公司,桃園市桃園區藝文一街30號9樓,黃揚壹,58044000,112/11/17,115/09/24,一般補正案,H201010 一般投資業,桃園市,變更,11509
93524811,東華電器工程有限公司,桃園市中壢區中央西路ㄧ段1號7樓,莊嘉原,50000000,112/12/11,115/09/29,股東出資轉讓修正章程,E601010 電器承裝業；E601020 電器安裝業；E603010 電纜安裝工程業；E607010 太陽熱能設備安裝工程業；E606010 用電設備檢驗維護業；E599010 配管工程業；IG03010 能源技術服務業；F113010 機械批發業；F113020 電器批發業；F213010 電器零售業,桃園市,變更,11509
93532538,浦田實業有限公司,桃園市觀音區民族路11之1號,陳泳家,1000000,112/11/21,115/09/15,股東出資轉讓修正章程,EZ99990 其他工程業；F401010 國際貿易業；I103060 管理顧問業；C501990 其他木製品製造業；C805990 其他塑膠製品製造業；I199990 其他顧問服務業；I301010 資訊軟體服務業,桃園市,變更,11509
93532930,華寧國際股份有限公司,桃園市楊梅區梅獅路2段58號,李宥寧,8000000,112/11/23,115/09/14,改選董事/監察人(一人法人股東指派董事/監察人),F219010 電子材料零售業；F218010 資訊軟體零售業；F209060 文教、樂器、育樂用品零售業；F399040 無店面零售業；J399010 軟體出版業；I301010 資訊軟體服務業；I199990 其他顧問服務業；I599990 其他設計業；F401010 國際貿易業；ZZ99999 除許可業務外，得經營法令非禁止或限制之業務,桃園市,變更,11509
93533086,天東有限公司,桃園市大園區田心里和平西路156號（1樓）,林貝怡,500000,112/11/24,115/09/22,股東出資轉讓修正章程,E601020 電器安裝業；E605010 電腦設備安裝業；EZ05010 儀器、儀表安裝工程業；F113020 電器批發業；F113050 電腦及事務性機器設備批發業；F113070 電信器材批發業；F117010 消防安全設備批發業；F119010 電子材料批發業；F209060 文教、樂器、育樂用品零售業；F213030 電腦及事務性機器設備零售業,桃園市,變更,11509
93533776,百川韓日貿易有限公司,桃園市桃園區光興里縣府路110號4樓之1,陳保吉,2000000,112/11/29,115/09/01,公司所在地,F205040 家具、寢具、廚房器具、裝設品零售業；F105050 家具、寢具、廚房器具、裝設品批發業；F106020 日常用品批發業；F206020 日常用品零售業；F399040 無店面零售業；F401010 國際貿易業；F104110 布疋、衣著、鞋、帽、傘、服飾品批發業；F204110 布疋、衣著、鞋、帽、傘、服飾品零售業；F208040 化粧品零售業；F108040 化粧品批發業,桃園市,變更,11509
93554075,程富工程有限公司,桃園市平鎮區復興里環南路64號(1樓),林科羽,200000,113/01/31,115/09/21,董事/股東更名,E801010 室內裝潢業；E801020 門窗安裝工程業；E801040 玻璃安裝工程業；E801070 廚具、衛浴設備安裝工程業；E901010 油漆工程業；E903010 防蝕、防銹工程業；EZ11010 球場跑道樹脂材料鋪設工程業；EZ14010 運動場地用設備工程業；EZ15010 保溫、保冷安裝工程業；E599010 配管工程業,桃園市,變更,11509
93554785,昱華不動產股份有限公司,桃園市桃園區大興西路一段321號,張迺楓,4000000,113/02/05,115/09/23,修正章程,H704031 不動產仲介經紀業；H701010 住宅及大樓開發租售業；H701020 工業廠房開發租售業；H701060 新市鎮、新社區開發業；H701070 區段徵收及市地重劃代辦業；H701090 都市更新整建維護業；H702010 建築經理業；H703090 不動產買賣業；H703100 不動產租賃業；H703110 老人住宅業,桃園市,變更,11509
93563855,上勤國際股份有限公司,桃園市中壢區領航南路三段307號五樓,林香莉,10000000,113/02/23,115/09/22,公司所在地,H703100 不動產租賃業；H701010 住宅及大樓開發租售業；H701020 工業廠房開發租售業；H701090 都市更新整建維護業；H201010 一般投資業；I401010 一般廣告服務業；I501010 產品設計業；I503010 景觀、室內設計業；IZ99990 其他工商服務業；F105050 家具、寢具、廚房器具、裝設品批發業,桃園市,變更,11509
93573777,陸拾號工程有限公司,桃園市龜山區文化七路206巷70弄13號,楊盛新,10000000,113/03/14,115/09/09,增資,E801010 室內裝潢業；EZ99990 其他工程業；F104110 布疋、衣著、鞋、帽、傘、服飾品批發業；F111090 建材批發業；F204110 布疋、衣著、鞋、帽、傘、服飾品零售業；F211010 建材零售業；F399040 無店面零售業；F401010 國際貿易業；I501010 產品設計業；I503010 景觀、室內設計業,桃園市,變更,11509
93573853,建達室內裝修工程有限公司,桃園市桃園區中正路1071號6樓之5,邱智謙,5005000,113/03/15,115/09/24,公司所在地,F106010 五金批發業；F111090 建材批發業；F105050 家具、寢具、廚房器具、裝設品批發業；F211010 建材零售業；F206010 五金零售業；F205040 家具、寢具、廚房器具、裝設品零售業；F401010 國際貿易業；E801010 室內裝潢業；E801020 門窗安裝工程業；E801030 室內輕鋼架工程業,桃園市,變更,11509
93574157,大富力實業有限公司,桃園市龜山區大同里大同路266號,盧揆仁,10000000,113/03/18,115/09/24,增資,J101030 廢棄物清除業；J101040 廢棄物處理業；J101080 資源回收業；J101090 廢棄物清理業；F199010 回收物料批發業；F199990 其他批發業；F401010 國際貿易業；C805050 工業用塑膠製品製造業；C805070 強化塑膠製品製造業；C805990 其他塑膠製品製造業,桃園市,變更,11509
93574305,笑咪咪國際貿易有限公司,桃園市平鎮區湧安里工業十二路1之1號,李怡亭,6400000,113/03/18,115/09/02,增資,F104110 布疋、衣著、鞋、帽、傘、服飾品批發業；F105050 家具、寢具、廚房器具、裝設品批發業；F106010 五金批發業；F106020 日常用品批發業；F101990 其他農、畜、水產品批發業；F218010 資訊軟體零售業；F399990 其他綜合零售業；F401010 國際貿易業；F399040 無店面零售業；I401010 一般廣告服務業,桃園市,變更,11509
93575141,幫眾能源科技股份有限公司,桃園市桃園區中興里永安路223號5樓,柴維醇,4000000,113/03/25,115/09/21,減少所營事業變更修正章程,CA01050 鋼材二次加工業；CA01990 其他非鐵金屬基本工業；CA02990 其他金屬製品製造業；CB01010 機械設備製造業；CB01990 其他機械製造業；CC01080 電子零組件製造業；CC01990 其他電機及電子機械器材製造業；CQ01010 模具製造業；CZ99990 未分類其他工業製品製造業；E601010 電器承裝業,桃園市,變更,11509
93585957,詠承投資有限公司,桃園市桃園區中正路1436號,柴維醇,500000,113/04/17,115/09/24,一般補正案,H201010 一般投資業；H202010 創業投資業；H204010 私募股權投資業；H701010 住宅及大樓開發租售業；H701020 工業廠房開發租售業；H701060 新市鎮、新社區開發業；H702010 建築經理業；H703090 不動產買賣業；H703100 不動產租賃業；H703110 老人住宅業,桃園市,變更,11509
93599586,形新科技股份有限公司,桃園市桃園區三民路三段28之1號3樓之1,陳宜謙,12000000,113/04/19,115/09/14,一般補正案,F118010 資訊軟體批發業；F218010 資訊軟體零售業；I103060 管理顧問業；I199990 其他顧問服務業；I301010 資訊軟體服務業；I301020 資料處理服務業；I301030 電子資訊供應服務業；I301040 第三方支付服務業；ZZ99999 除許可業務外，得經營法令非禁止或限制之業務,桃園市,變更,11509
93599734,藝妮有限公司,桃園市桃園區寶慶路292號(1樓),,200000,113/04/22,115/09/07,解散,I105010 藝術品諮詢顧問業；I199990 其他顧問服務業；I103060 管理顧問業；I401010 一般廣告服務業；I501010 產品設計業；I502010 服飾設計業；I599990 其他設計業；I504010 花藝設計業；I301030 電子資訊供應服務業；I301050 實境體感應用服務業,桃園市,變更,11509
93600107,貝恩資本股份有限公司,桃園市龜山區文化里文興路217號15樓,陳家瑋,60000000,113/04/24,115/09/02,補選董事(常務董事.董事長)/監察人,H201010 一般投資業；ZZ99999 除許可業務外，得經營法令非禁止或限制之業務,桃園市,變更,11509
93600248,輕安科技有限公司,桃園市龍潭區烏林里工二路一段193號(3樓),李勝隆,1000000,113/04/25,115/09/10,公司所在地,CA05010 粉末冶金業；CA01090 鋁鑄造業；CA01100 鋁材軋延、伸線、擠型業；CA02010 金屬結構及建築組件製造業；CA02060 金屬容器製造業；CZ99990 未分類其他工業製品製造業；F120010 耐火材料批發業；F401010 國際貿易業；ZZ99999 除許可業務外，得經營法令非禁止或限制之業務,桃園市,變更,11509
93600394,全禾沅空調工程股份有限公司,桃園市蘆竹區新莊里大興路55號,張家琪,1000000,113/04/26,115/09/22,公司所營事業變更修正章程,F113020 電器批發業；F113990 其他機械器具批發業；F213010 電器零售業；E599010 配管工程業；E601020 電器安裝業；E603050 自動控制設備工程業；E801010 室內裝潢業；EZ15010 保溫、保冷安裝工程業；F401010 國際貿易業；ZZ99999 除許可業務外，得經營法令非禁止或限制之業務,桃園市,變更,11509
93601788,三維先進股份有限公司,桃園市蘆竹區南崁里經國路902號2樓,張駿極,12500000,113/04/15,115/09/22,發行新股,I199990 其他顧問服務業；IZ99990 其他工商服務業；CC01080 電子零組件製造業；CC01990 其他電機及電子機械器材製造業,桃園市,變更,11509
93611630,禮奧國際有限公司,桃園市桃園區力行路7號6樓之2,張鶴薰,1000000,113/03/19,115/09/02,公司所在地,F104110 布疋、衣著、鞋、帽、傘、服飾品批發業；F105050 家具、寢具、廚房器具、裝設品批發業；F106010 五金批發業；F106020 日常用品批發業；F106030 模具批發業；F106050 陶瓷玻璃器皿批發業；F109070 文教、樂器、育樂用品批發業；F113050 電腦及事務性機器設備批發業；F204110 布疋、衣著、鞋、帽、傘、服飾品零售業；F205040 家具、寢具、廚房器具、裝設品零售業,桃園市,變更,11509
93647551,氣球心有限公司,桃園市龍潭區渴望里渴望路605巷12號,諶雯玲,2000000,113/01/29,115/09/21,一般補正案,J601010 藝文服務業；J602010 演藝活動業；JB01010 會議及展覽服務業；I103060 管理顧問業；I105010 藝術品諮詢顧問業；I199990 其他顧問服務業；F109070 文教、樂器、育樂用品批發業；F209060 文教、樂器、育樂用品零售業；F399040 無店面零售業；F601010 智慧財產權業,桃園市,變更,11509
93648242,尚澄投資股份有限公司,桃園市桃園區國信街33號3樓,徐嫚馡,8600000,113/01/30,115/09/16,改選董事/監察人(一人法人股東指派董事/監察人),H201010 一般投資業,桃園市,變更,11509
93672360,城四娛樂行銷有限公司,桃園市桃園區文昌里新民街73號(2樓),黃俊豪,1100000,113/03/04,115/09/01,修正章程,F104110 布疋、衣著、鞋、帽、傘、服飾品批發業；F109070 文教、樂器、育樂用品批發業；F118010 資訊軟體批發業；F204110 布疋、衣著、鞋、帽、傘、服飾品零售業；F299990 其他零售業；F401010 國際貿易業；I103060 管理顧問業；I301050 實境體感應用服務業；I401010 一般廣告服務業；J202010 產業育成業,桃園市,變更,11509
93672559,譽宸不動產股份有限公司,桃園市中壢區青埔里青雲路116號3樓之8,林姿君,2500000,113/03/04,115/09/16,改選董事/監察人(一人法人股東指派董事/監察人),H701010 住宅及大樓開發租售業；H701020 工業廠房開發租售業；H702010 建築經理業；H703090 不動產買賣業；H703100 不動產租賃業；I102010 一般投資顧問業；JD01010 工商徵信服務業；JE01010 租賃業；H704031 不動產仲介經紀業；ZZ99999 除許可業務外，得經營法令非禁止或限制之業務,桃園市,變更,11509
93672586,杰康美生技有限公司,桃園市平鎮區平南里大興街103號(1樓),李郁涵,1000000,113/03/04,115/09/23,公司所在地,F102170 食品什貨批發業；F104110 布疋、衣著、鞋、帽、傘、服飾品批發業；F105050 家具、寢具、廚房器具、裝設品批發業；F106020 日常用品批發業；F107030 清潔用品批發業；F108040 化粧品批發業；F203010 食品什貨、飲料零售業；F204110 布疋、衣著、鞋、帽、傘、服飾品零售業；F205040 家具、寢具、廚房器具、裝設品零售業；F206020 日常用品零售業,桃園市,變更,11509
93673086,欣芯國際貿易有限公司,桃園市龜山區忠義路二段356號,郭振仙,1000000,113/03/06,115/09/09,公司所在地,F102170 食品什貨批發業；F121010 食品添加物批發業；F105050 家具、寢具、廚房器具、裝設品批發業；F113030 精密儀器批發業；F213040 精密儀器零售業；F113010 機械批發業；F213080 機械器具零售業；F119010 電子材料批發業；F219010 電子材料零售業；F401010 國際貿易業,桃園市,變更,11509
93673136,立濰有限公司,桃園市中壢區領航北路二段242號,姜曉筠,200000,113/03/06,115/09/16,公司所在地,E801010 室內裝潢業；E801020 門窗安裝工程業；E801030 室內輕鋼架工程業；E801040 玻璃安裝工程業；E801070 廚具、衛浴設備安裝工程業；E901010 油漆工程業；E903010 防蝕、防銹工程業；E603090 照明設備安裝工程業；EZ05010 儀器、儀表安裝工程業；E603050 自動控制設備工程業,桃園市,變更,11509
93696193,睿洋國際貿易有限公司,桃園市蘆竹區山鼻里山鼻二路100號,詹明翰,10000000,113/04/02,115/09/23,一般補正案,F106020 日常用品批發業；F206020 日常用品零售業；F107190 塑膠膜、袋批發業；F207190 塑膠膜、袋零售業；F107030 清潔用品批發業；F207030 清潔用品零售業；F102170 食品什貨批發業；F203010 食品什貨、飲料零售業；F104110 布疋、衣著、鞋、帽、傘、服飾品批發業；F204110 布疋、衣著、鞋、帽、傘、服飾品零售業,桃園市,變更,11509
93764419,震森科技工程開發有限公司,桃園市桃園區新埔里南通路26號,楊凱儒,10000000,112/07/07,115/09/29,一般補正案,F111090 建材批發業；F211010 建材零售業；F401010 國際貿易業；H701010 住宅及大樓開發租售業；H701020 工業廠房開發租售業；H701050 投資興建公共建設業；H701060 新市鎮、新社區開發業；H701070 區段徵收及市地重劃代辦業；H701090 都市更新整建維護業；H702010 建築經理業,桃園市,變更,11509
93798234,紳臣股份有限公司,桃園市桃園區藝文一街86之5號6樓,廖上仁,5000000,112/06/21,115/09/21,改選董事/監察人(一人法人股東指派董事/監察人),F211010 建材零售業；F111090 建材批發業；F401010 國際貿易業；F120010 耐火材料批發業；F220010 耐火材料零售業；F106010 五金批發業；F207010 漆料、塗料零售業；F206010 五金零售業；ZZ99999 除許可業務外，得經營法令非禁止或限制之業務,桃園市,變更,11509
93798375,頂吉科技有限公司,桃園市桃園區經國路251巷88號3樓之5,陳美鳳,2000000,112/06/17,115/09/04,公司所營事業變更修正章程,F107050 肥料批發業；F107200 化學原料批發業；F107990 其他化學製品批發業；F107170 工業助劑批發業；F113010 機械批發業；F106010 五金批發業；F107080 環境用藥批發業；F111090 建材批發業；F121010 食品添加物批發業；F107010 漆料、塗料批發業,桃園市,變更,11509
93798706,永宏茂投資股份有限公司,桃園市桃園區中正里守法路20號(1樓),湯唯豊,3724000,112/06/20,115/09/21,董事/監察人持股變動報備,F113050 電腦及事務性機器設備批發業；F213030 電腦及事務性機器設備零售業；H201010 一般投資業；I102010 投資顧問業；I103060 管理顧問業；I199990 其他顧問服務業；I301020 資料處理服務業；ZZ99999 除許可業務外，得經營法令非禁止或限制之業務,桃園市,變更,11509
93956351,宥益工業股份有限公司,桃園市八德區大安里興豐路2350巷520之1號,賴岳鴻,5000000,112/07/17,115/09/04,申登機關變更（遷入，含卷）,B601010 土石採取業；F111090 建材批發業；C901060 耐火材料製造業；C901070 石材製品製造業；C901990 其他非金屬礦物製品製造業；G799990 其他運輸輔助業；ZZ99999 除許可業務外，得經營法令非禁止或限制之業務,桃園市,變更,11509
94011753,展綱工程有限公司,桃園市平鎮區平南里上海路30號,邱聖德,1000000,112/08/10,115/09/29,股東出資轉讓修正章程,B601010 土石採取業；D101060 再生能源自用發電設備業；E401010 疏濬業；E402010 沙石、淤泥海拋業；EZ03010 鎔爐安裝業；EZ13010 核子工程業；EZ99990 其他工程業；F111090 建材批發業；J101010 建築物清潔服務業；J101020 病媒防治業,桃園市,變更,11509
94012985,紘嘉保全股份有限公司,桃園市八德區高城里高城路23號（1樓）,宋淑珠,40000000,89/12/21,115/09/29,董事/監察人持股變動報備,I901011 保全業,桃園市,變更,11509
94016130,大立昇教育股份有限公司,桃園市桃園區莊敬里新埔八街61號5樓,呂學龍,1600000,112/08/09,115/09/09,一般補正案,J201031 短期補習班業；J202010 產業育成業；J303010 雜誌（期刊）出版業；J304010 圖書出版業；J305010 有聲出版業；IZ04010 翻譯業；IZ12010 人力派遣業；JA05010 留、遊學服務業；F109070 文教、樂器、育樂用品批發業；F209060 文教、樂器、育樂用品零售業,桃園市,變更,11509
94025692,日炌實業股份有限公司,桃園市平鎮區義民里復旦路2段117巷7弄11號9樓,黃惠宏,600000,112/07/25,115/09/29,董事/監察人持股變動報備,H201010 一般投資業；ZZ99999 除許可業務外，得經營法令非禁止或限制之業務,桃園市,變更,11509
94025877,品苑貿易有限公司,桃園市桃園區新埔里南通路26號,李育嫻,500000,112/07/27,115/09/09,公司所在地,F102040 飲料批發業；F106020 日常用品批發業；F106010 五金批發業；F108040 化粧品批發業；F109070 文教、樂器、育樂用品批發業；F113020 電器批發業；F113070 電信器材批發業；F119010 電子材料批發業；F203010 食品什貨、飲料零售業；F206010 五金零售業,桃園市,變更,11509
94047725,延序設計室內裝修有限公司,桃園市蘆竹區內厝里長興路三段229巷11號,高穎軒,3000000,112/05/17,115/09/22,公司所營事業變更修正章程,E801060 室內裝修業；I503010 景觀設計業；E801010 室內裝潢業；I599990 其他設計業；E801070 廚具、衛浴設備安裝工程業；E601020 電器安裝業；E603010 電纜安裝工程業；E603040 消防安全設備安裝工程業；E603050 自動控制設備工程業；E603090 照明設備安裝工程業,桃園市,變更,11509
94048169,欣普資本投資股份有限公司,桃園市楊梅區新農街382巷22號(1樓),徐素玲,43428000,112/05/23,115/09/15,改派董事/監察人,H201010 一般投資業；H703100 不動產租賃業；ZZ99999 除許可業務外，得經營法令非禁止或限制之業務,桃園市,變更,11509
94048180,鴻玨國際有限公司,桃園市桃園區新埔里南平路181巷24號5樓,張芸榛,500000,112/05/18,115/09/07,股東出資轉讓修正章程,I401010 一般廣告服務業；J602010 演藝活動業；I102010 投資顧問業；J404020 提供設備及場地供電影片拍攝業；I103060 管理顧問業；I301020 資料處理服務業；I501010 產品設計業；J503010 廣播節目製作業；J503020 電視節目製作業；J503040 廣播電視廣告業,桃園市,變更,11509
94070540,羅威實業有限公司,桃園市蘆竹區龍安街二段1639巷142弄40號3樓,呂威燐,1000000,112/05/25,115/09/04,申登機關變更（遷入，含卷）,J601010 藝文服務業；J602010 演藝活動業；JZ99090 喜慶綜合服務業；I401010 一般廣告服務業；I501010 產品設計業；I502010 服飾設計業；IZ99990 其他工商服務業；IZ15010 市場研究及民意調查業；IZ12010 人力派遣業；I199990 其他顧問服務業,桃園市,變更,11509
94073737,禾凡有限公司,桃園市大園區溪福路10之1號三樓,宋宸鈞,880000,112/05/26,115/09/23,公司所在地,F104110 布疋、衣著、鞋、帽、傘、服飾品批發業；F105050 家具、寢具、廚房器具、裝設品批發業；F106010 五金批發業；F106020 日常用品批發業；F102170 食品什貨批發業；F102050 茶葉批發業；F102040 飲料批發業；F109070 文教、樂器、育樂用品批發業；F113010 機械批發業；F113020 電器批發業,桃園市,變更,11509
94073743,杰司食品有限公司,桃園市桃園區莊敬里同德十一街39號,朱柏瑾,3000000,112/05/26,115/09/22,公司所在地,C104010 糖果製造業；C104020 烘焙炊蒸食品製造業；C199030 即食餐食製造業；F102170 食品什貨批發業；F203010 食品什貨、飲料零售業；F101130 蔬果批發業；F201010 農產品零售業；F399990 其他綜合零售業；F501030 飲料店業；F501990 其他餐飲業,桃園市,變更,11509
94073883,梓鈺工程有限公司,桃園市楊梅區上田里和平路180巷255號(1樓),吳雨錡,1000000,112/05/26,115/09/30,公司所在地,E599010 配管工程業；E601010 電器承裝業；E601020 電器安裝業；E603010 電纜安裝工程業；E603050 自動控制設備工程業；E603040 消防安全設備安裝工程業；E603090 照明設備安裝工程業；E606010 用電設備檢驗維護業；E801010 室內裝潢業；E701040 簡易電信設備安裝業,桃園市,變更,11509
94074567,欣利汽車有限公司,桃園市平鎮區新富里中豐路491之1號,温龍煌,100000,112/05/30,115/09/03,公司所在地,F214010 汽車零售業；F114010 汽車批發業；F114030 汽、機車零件配備批發業；F214030 汽、機車零件配備零售業；F299990 其他零售業；F401010 國際貿易業；ZZ99999 除許可業務外，得經營法令非禁止或限制之業務,桃園市,變更,11509
94077142,祿珈創意股份有限公司,桃園市桃園區大興西路2段6號14樓之2,李文陽,1000000,112/06/08,115/09/02,申登機關變更（遷入，含卷）,C701010 印刷業；C703010 印刷品裝訂及加工業；F109070 文教、樂器、育樂用品批發業；F199990 其他批發業；F203010 食品什貨、飲料零售業；F203020 菸酒零售業；F204110 布疋、衣著、鞋、帽、傘、服飾品零售業；F205040 家具、寢具、廚房器具、裝設品零售業；F206020 日常用品零售業；F207030 清潔用品零售業,桃園市,變更,11509
94093591,康普瑞科技有限公司,桃園市龜山區大同路375號5樓之1,張尹騰,11000000,112/07/24,115/09/04,增資,F114030 汽、機車零件配備批發業；F113010 機械批發業；F401010 國際貿易業；E599010 配管工程業；E601010 電器承裝業；E601020 電器安裝業；E604010 機械安裝業；EZ02010 起重工程業；EZ15010 保溫、保冷安裝工程業；IG03010 能源技術服務業,桃園市,變更,11509
94135895,采昕股份有限公司,桃園市中壢區青航里青昇路276號,盧泰君,1000000,112/10/03,115/09/03,改選董事/監察人(一人法人股東指派董事/監察人),F208040 化粧品零售業；F108040 化粧品批發業；F206020 日常用品零售業；F106020 日常用品批發業；F399040 無店面零售業；F207030 清潔用品零售業；F401010 國際貿易業；JF01030 腳底按摩業；JZ99990 未分類其他服務業；I401010 一般廣告服務業,桃園市,變更,11509
94136212,宏禹國際有限公司,桃園市楊梅區頭湖里湖山街18巷31號3樓,彭智浩,500000,112/10/04,115/09/07,一般補正案,E801010 室內裝潢業；E801020 門窗安裝工程業；E801030 室內輕鋼架工程業；E801040 玻璃安裝工程業；E801070 廚具、衛浴設備安裝工程業；E599010 配管工程業；E601020 電器安裝業；E603050 自動控制設備工程業；E603090 照明設備安裝工程業；E605010 電腦設備安裝業,桃園市,變更,11509
94147077,榛棒棒國際有限公司,桃園市中壢區普仁里環中東路862號,陳正軒,288000,112/10/16,115/09/09,公司所在地,F102040 飲料批發業；F102170 食品什貨批發業；F103010 飼料批發業；F104110 布疋、衣著、鞋、帽、傘、服飾品批發業；F105050 家具、寢具、廚房器具、裝設品批發業；F106010 五金批發業；F106020 日常用品批發業；F108040 化粧品批發業；F109070 文教、樂器、育樂用品批發業；F110020 眼鏡批發業,桃園市,變更,11509
94147885,金佑佳有限公司,桃園市中壢區榮安十三街266號,張佑維,1000000,112/10/18,115/09/07,一般補正案,F102040 飲料批發業；F102170 食品什貨批發業；F106020 日常用品批發業；F107030 清潔用品批發業；F108040 化粧品批發業；F113030 精密儀器批發業；F113050 電腦及事務性機器設備批發業；F113060 度量衡器批發業；F203010 食品什貨、飲料零售業；F206020 日常用品零售業,桃園市,變更,11509
94148239,鈺錸消防工程有限公司,桃園市八德區竹園里崁頂路428之1號,黃國忠,2000000,112/10/19,115/09/16,公司所在地,F117010 消防安全設備批發業；F217010 消防安全設備零售業；E603040 消防安全設備安裝工程業；IF01010 消防安全設備檢修業；IB01010 建築物公共安全檢查業；E599010 配管工程業；E601010 電器承裝業；E601020 電器安裝業；E603050 自動控制設備工程業；E603090 照明設備安裝工程業,桃園市,變更,11509
94148821,幽靈貓咪股份有限公司,桃園市桃園區寶安里中埔一街332號2樓,趙劭杰,100000,112/10/24,115/09/01,變更組織,F118010 資訊軟體批發業；F218010 資訊軟體零售業；J399010 軟體出版業；I301010 資訊軟體服務業；I301020 資料處理服務業；I301030 電子資訊供應服務業；I401010 一般廣告服務業；I501010 產品設計業；I599990 其他設計業；F113050 電腦及事務性機器設備批發業,桃園市,變更,11509
94154772,婕出餐飲有限公司,桃園市桃園區中正路903號,洪婕涵,500000,112/11/13,115/09/10,一般補正案,F101050 水產品批發業；F102030 菸酒批發業；F102170 食品什貨批發業；F113020 電器批發業；F203010 食品什貨、飲料零售業；F203020 菸酒零售業；F206020 日常用品零售業；F207030 清潔用品零售業；F208040 化粧品零售業；F399040 無店面零售業,桃園市,變更,11509
94155110,柚築股份有限公司,桃園市桃園區東埔里正康二街36號,李晋宇,5000000,112/11/15,115/09/04,一般補正案,JH02011 日間照顧服務業；JH02021 小規模多機能服務業；F108031 醫療器材批發業；JH01011 居家式服務業；F208031 醫療器材零售業；IZ12010 人力派遣業；F399040 無店面零售業；F401010 國際貿易業；I103060 管理顧問業；F208050 乙類成藥零售業,桃園市,變更,11509
94186704,謙富興業有限公司,桃園市龜山區文化里復興三路81號4樓,盧宏志,100000,112/10/13,115/09/04,申登機關變更（遷入，含卷）,IZ99990 其他工商服務業；JZ99050 仲介服務業；ZZ99999 除許可業務外，得經營法令非禁止或限制之業務,桃園市,變更,11509
94212956,順翊金屬有限公司,桃園市大園區和平西路一段53巷8號5樓,賴世良,9000000,112/09/21,115/09/08,申登機關變更（遷入，含卷）,J101030 廢棄物清除業；J101040 廢棄物處理業；J101080 資源回收業；J101090 廢棄物清理業；J101050 環境檢測服務業；J101990 其他環境衛生及污染防治服務業；C804990 其他橡膠製品製造業；CA01050 鋼材二次加工業；CA01100 鋁材軋延、伸線、擠型業；CA02990 其他金屬製品製造業,桃園市,變更,11509
94226396,心境設計室內裝修工程有限公司,桃園市中壢區普慶里中山東路二段285號(1樓),陳采翊,1000000,112/10/06,115/09/04,公司名稱變更修正章程,E801010 室內裝潢業；E801020 門窗安裝工程業；E801030 室內輕鋼架工程業；E801040 玻璃安裝工程業；E801070 廚具、衛浴設備安裝工程業；E901010 油漆工程業；F105050 家具、寢具、廚房器具、裝設品批發業；F106010 五金批發業；F106020 日常用品批發業；F106040 水器材料批發業,桃園市,變更,11509
94254809,信東開發建設股份有限公司,桃園市桃園區介壽路22號,柯長崎,610000000,112/09/01,115/09/15,改選董事/監察人(一人法人股東指派董事/監察人),H701010 住宅及大樓開發租售業；H701020 工業廠房開發租售業；H701040 特定專業區開發業；H701050 投資興建公共建設業；H701060 新市鎮、新社區開發業；H701070 區段徵收及市地重劃代辦業；H701080 都市更新重建業；H701090 都市更新整建維護業；H702010 建築經理業；H703090 不動產買賣業,桃園市,變更,11509
94255602,易兆億有限公司,桃園市楊梅區永寧里校前路346號(2樓),蔡智鈞,500000,112/08/29,115/09/22,公司所在地,F102040 飲料批發業；F102170 食品什貨批發業；F106020 日常用品批發業；F203010 食品什貨、飲料零售業；F206020 日常用品零售業；F399040 無店面零售業；F501990 其他餐飲業；ZZ99999 除許可業務外，得經營法令非禁止或限制之業務,桃園市,變更,11509
94255737,明煒實業有限公司,桃園市楊梅區環東路295巷6號,鄧秀蘭,5000000,112/08/30,115/09/14,增資,F501060 餐館業；F102170 食品什貨批發業；F106020 日常用品批發業；F203010 食品什貨、飲料零售業；F206020 日常用品零售業；C103050 罐頭、冷凍、脫水及醃漬食品製造業；C104020 烘焙炊蒸食品製造業；F201010 農產品零售業；F201990 其他農畜水產品零售業；J101010 建築物清潔服務業,桃園市,變更,11509
94255835,禾奕設計有限公司,桃園市桃園區寶慶里中埔二街159號(1樓),徐培椏,1500000,112/08/31,115/09/21,一般補正案,E801010 室內裝潢業；I503010 景觀、室內設計業；I401010 一般廣告服務業；E801020 門窗安裝工程業；E801030 室內輕鋼架工程業；E801070 廚具、衛浴設備安裝工程業；E901010 油漆工程業；F106010 五金批發業；F111090 建材批發業；E601020 電器安裝業,桃園市,變更,11509
94256216,耐鑫精密實業有限公司,桃園市八德區瑞發里民權街28號,,500000,112/07/31,115/09/24,解散,F106010 五金批發業；CA02030 螺絲、螺帽、螺絲釘、及鉚釘等製品製造業；F206010 五金零售業；CD01030 汽車及其零件製造業；CD01040 機車及其零件製造業；F114030 汽、機車零件配備批發業；ZZ99999 除許可業務外，得經營法令非禁止或限制之業務,桃園市,變更,11509
94256588,匯理國際有限公司,桃園市大園區新興路111號,李惠娟,15000000,112/09/07,115/09/17,增資,H201010 一般投資業,桃園市,變更,11509
94256742,裕彪開發有限公司,桃園市平鎮區湧光里湧光路136巷72弄1號,林晏彤,10000000,112/09/11,115/09/07,股東出資轉讓修正章程,H701010 住宅及大樓開發租售業；H703090 不動產買賣業；H703100 不動產租賃業；H701020 工業廠房開發租售業；H701050 投資興建公共建設業；H701060 新市鎮、新社區開發業；H701090 都市更新整建維護業；ZZ99999 除許可業務外，得經營法令非禁止或限制之業務,桃園市,變更,11509
94257123,逐覓有限公司,桃園市八德區大強里東勇街490巷16號,伍姿穎,1000000,112/09/14,115/09/22,公司所營事業變更修正章程,F105050 家具、寢具、廚房器具、裝設品批發業；F205040 家具、寢具、廚房器具、裝設品零售業；E801010 室內裝潢業；F111090 建材批發業；F211010 建材零售業；I503010 景觀設計業；ZZ99999 除許可業務外，得經營法令非禁止或限制之業務,桃園市,變更,11509
94262667,鉑睿維昂科技有限公司,桃園市中壢區青峰路一段49號5樓,賴安祺,1100000,112/09/05,115/09/22,申登機關變更（遷入，含卷）,CC01080 電子零組件製造業；I301010 資訊軟體服務業；F119010 電子材料批發業；F219010 電子材料零售業；F401010 國際貿易業；ZZ99999 除許可業務外，得經營法令非禁止或限制之業務,桃園市,變更,11509
94273616,帝慈有限公司,桃園市平鎮區廣仁里廣豐街35巷2弄22號(1樓),彭瑜安,500000,112/09/22,115/09/09,申登機關變更（遷入，含卷）,F501060 餐館業；F401010 國際貿易業；ZZ99999 除許可業務外，得經營法令非禁止或限制之業務,桃園市,變更,11509
95427650,晶沛食品有限公司,桃園市龍潭區烏樹林里中豐路670巷10弄28號,王易渝,100000,113/12/27,115/09/17,公司所在地,F501990 其他餐飲業,桃園市,變更,11509
95428052,智聖國際有限公司,桃園市平鎮區宋屋里延平路三段104巷1弄5號(3樓),張香婷,500000,113/07/17,115/09/10,申登機關變更（遷入，含卷）,I199990 其他顧問服務業；I301030 電子資訊供應服務業；I401010 一般廣告服務業；IZ12010 人力派遣業；I301060 網路廣告平臺業；IZ99990 其他工商服務業；JZ99990 未分類其他服務業；ZZ99999 除許可業務外，得經營法令非禁止或限制之業務；E801030 室內輕鋼架工程業；E801010 室內裝潢業,桃園市,變更,11509
95439522,川勻管理顧問有限公司,桃園市桃園區經國里同安街76之1號,曾哲暐,300000,114/01/02,115/09/02,股東出資轉讓修正章程,F109070 文教、樂器、育樂用品批發業；F209060 文教、樂器、育樂用品零售業；F113070 電信器材批發業；F118010 資訊軟體批發業；F199990 其他批發業；F218010 資訊軟體零售業；F299990 其他零售業；F399040 無店面零售業；F401010 國際貿易業；J202010 產業育成業,桃園市,變更,11509
95440350,義盛房屋仲介有限公司,桃園市龍潭區高原里福源路286巷48弄20號(1樓),黃楀喬,500000,113/07/31,115/09/15,減少所營事業變更修正章程,H703090 不動產買賣業；H701010 住宅及大樓開發租售業；H701020 工業廠房開發租售業；H703100 不動產租賃業；I103060 管理顧問業；I401010 一般廣告服務業；I401020 廣告傳單分送業；IZ12010 人力派遣業；J101010 建築物清潔服務業；ZZ99999 除許可業務外，得經營法令非禁止或限制之業務,桃園市,變更,11509
95447380,泓鈞企業有限公司,桃園市平鎮區北華里振平街210號四樓之1,陳靖淳,500000,113/07/02,115/09/03,公司所營事業變更修正章程,F106010 五金批發業；F113010 機械批發業；F113030 精密儀器批發業；F113090 交通標誌器材批發業；F113110 電池批發業；F113990 其他機械器具批發業；F114010 汽車批發業；F114030 汽、機車零件配備批發業；F114040 自行車及其零件批發業；F114050 車胎批發業,桃園市,變更,11509
95451172,佰弈玩聚股份有限公司,桃園市楊梅區中山里4鄰中山北路1段199巷29號5樓,黃登煜,10036000,113/04/22,115/09/01,董事(常務董事.董事長)/監察人解任,C399990 其他紡織及製品製造業；C901020 玻璃及玻璃製品製造業；CH01040 玩具製造業；F104110 布疋、衣著、鞋、帽、傘、服飾品批發業；F106020 日常用品批發業；F106050 陶瓷玻璃器皿批發業；F109070 文教、樂器、育樂用品批發業；F113050 電腦及事務性機器設備批發業；F118010 資訊軟體批發業；F204110 布疋、衣著、鞋、帽、傘、服飾品零售業,桃園市,變更,11509
95456177,富喆國際有限公司,桃園市桃園區同安里藝文一街86之2號4樓,傅孝瑋,3000000,113/12/12,115/09/16,公司所營事業變更修正章程,H201010 一般投資業；F102170 食品什貨批發業；F203010 食品什貨、飲料零售業；F401010 國際貿易業；F501060 餐館業；F399040 無店面零售業；ZZ99999 除許可業務外，得經營法令非禁止或限制之業務；E599010 配管工程業；E601010 電器承裝業；E601020 電器安裝業,桃園市,變更,11509
95466359,富昱好室不動產有限公司,桃園市桃園區大興西路三段81號(1樓),林于翔,1000000,113/07/18,115/09/07,股東出資轉讓修正章程,H704031 不動產仲介經紀業；H703090 不動產買賣業；H703100 不動產租賃業；JZ99050 仲介服務業；JE01010 租賃業；H701010 住宅及大樓開發租售業；H701020 工業廠房開發租售業；H701050 投資興建公共建設業；H701060 新市鎮、新社區開發業；H701070 區段徵收及市地重劃代辦業,桃園市,變更,11509
95470282,新轉角婚宴會館股份有限公司,桃園市中壢區興和里新生路二段319巷2號(1樓),莊元錠,102200000,113/07/03,115/09/03,增資(資本總額),F501060 餐館業；F203010 食品什貨、飲料零售業；F203020 菸酒零售業；F401010 國際貿易業；ZZ99999 除許可業務外，得經營法令非禁止或限制之業務,桃園市,變更,11509
95476602,享蔗茶國際餐飲有限公司,桃園市蘆竹區大竹路427號,呂宗展,1000000,113/06/26,115/09/18,公司所在地,F101990 其他農、畜、水產品批發業；F102170 食品什貨批發業；F106060 寵物食品及其用品批發業；F107050 肥料批發業；F107070 動物用藥品批發業；F107080 環境用藥批發業；F108040 化粧品批發業；F113010 機械批發業；F113030 精密儀器批發業；F113050 電腦及事務性機器設備批發業,桃園市,變更,11509
95484069,睿邑水電工程股份有限公司,桃園市桃園區同德里中正路1071號18樓之2,張權儒,5000000,114/02/08,115/09/17,補繳規費,E601010 電器承裝業；E601020 電器安裝業；E599010 配管工程業；E603010 電纜安裝工程業；E603050 自動控制設備工程業；E603090 照明設備安裝工程業；E604010 機械安裝業；E701020 衛星電視ＫＵ頻道、Ｃ頻道器材安裝業；E603040 消防安全設備安裝工程業；J101040 廢棄物處理業,桃園市,變更,11509
95486067,緯運有限公司,桃園市蘆竹區大竹路539號,黃培益,1500000,113/08/05,115/09/16,公司名稱變更修正章程,F114030 汽、機車零件配備批發業；F104110 布疋、衣著、鞋、帽、傘、服飾品批發業；C306010 成衣業；F214030 汽、機車零件配備零售業；F401010 國際貿易業；F106010 五金批發業；F109070 文教、樂器、育樂用品批發業；F204110 布疋、衣著、鞋、帽、傘、服飾品零售業；F206010 五金零售業；I501010 產品設計業,桃園市,變更,11509
95488810,暘澄食品有限公司,桃園市龜山區文工一路298巷38號2樓、3樓,楊家承,10000000,114/01/16,115/09/07,股東出資轉讓修正章程,C101010 屠宰業；C103050 罐頭、冷凍、脫水及醃漬食品製造業；C199030 即食餐食製造業；C199990 未分類其他食品製造業；E604010 機械安裝業；F101040 家畜家禽批發業；F101050 水產品批發業；F102170 食品什貨批發業；F106020 日常用品批發業；F401010 國際貿易業,桃園市,變更,11509
95493026,詠勁有限公司,桃園市八德區介壽路一段399巷12之3號,賴建宏,350000,113/06/27,115/09/17,股東出資轉讓修正章程,E601020 電器安裝業；E605010 電腦設備安裝業；E607010 太陽熱能設備安裝工程業；E701010 電信工程業；E701040 簡易電信設備安裝業；F106010 五金批發業；F106040 水器材料批發業；F109070 文教、樂器、育樂用品批發業；F111090 建材批發業；F113010 機械批發業,桃園市,變更,11509
96672862,睿辰國際股份有限公司,桃園市大園區溪福路10之1號3樓,周奐宸,88000,113/07/22,115/09/08,一般補正案,G799990 其他運輸輔助業；IZ06010 理貨包裝業；G801010 倉儲業；JE01010 租賃業；G202010 停車場經營業；I301010 資訊軟體服務業；I301020 資料處理服務業；I301030 電子資訊供應服務業；F102040 飲料批發業；F102050 茶葉批發業,桃園市,變更,11509
96682566,泓愛紡織材料股份有限公司,桃園市蘆竹區中興里大興路355號,蘇泓元,7000000,113/06/07,115/09/17,增資(資本總額),C303010 不織布業；C301010 紡紗業；C302010 織布業；C305010 印染整理業；C306010 成衣業；C307010 服飾品製造業；C801120 人造纖維製造業；F104110 布疋、衣著、鞋、帽、傘、服飾品批發業；F105050 家具、寢具、廚房器具、裝設品批發業；F106020 日常用品批發業,桃園市,變更,11509
96758072,乙達金屬有限公司,桃園市桃園區雙峯路172號7樓之3,詹勝全,5000000,113/07/03,115/09/02,增資,E801020 門窗安裝工程業；F111090 建材批發業；F211010 建材零售業；F113010 機械批發業；F213080 機械器具零售業；E801010 室內裝潢業；E801040 玻璃安裝工程業；E901010 油漆工程業；EZ11010 球場跑道樹脂材料鋪設工程業；EZ14010 運動場地用設備工程業,桃園市,變更,11509
96762771,茱麗葉照明有限公司,桃園市龜山區新路里中原街20巷25號3樓,游春鳳,500000,114/02/21,115/09/23,股東出資轉讓修正章程,E601020 電器安裝業；E603090 照明設備安裝工程業；E605010 電腦設備安裝業；E801010 室內裝潢業；E801070 廚具、衛浴設備安裝工程業；F104110 布疋、衣著、鞋、帽、傘、服飾品批發業；F105050 家具、寢具、廚房器具、裝設品批發業；F106010 五金批發業；F106020 日常用品批發業；F106050 陶瓷玻璃器皿批發業,桃園市,變更,11509
96769198,卓睿科技有限公司,桃園市中壢區文化里長春三路11號8樓,林沛蓁,100000,113/07/09,115/09/11,公司所營事業變更修正章程,F113050 電腦及事務性機器設備批發業；F119010 電子材料批發業；F401010 國際貿易業；I501010 產品設計業；JZ99050 仲介服務業；I103060 管理顧問業；I199990 其他顧問服務業；JE01010 租賃業；ZZ99999 除許可業務外，得經營法令非禁止或限制之業務,桃園市,變更,11509
96769319,捷淨實業有限公司,桃園市桃園區忠一路67之1號,余宗鴻,10000000,113/05/23,115/09/08,股東出資轉讓修正章程,E601010 電器承裝業；E601020 電器安裝業；F113010 機械批發業；F113020 電器批發業；F113990 其他機械器具批發業；F213010 電器零售業；F213990 其他機械器具零售業；F107030 清潔用品批發業；F207030 清潔用品零售業；F401010 國際貿易業,桃園市,變更,11509
96773897,台灣大哥大國際商務股份有限公司,桃園市中壢區東興里新興路194巷18號,王譯勵,1000000,113/05/06,115/09/22,一般補正案,F214010 汽車零售業；IZ12010 人力派遣業；E801010 室內裝潢業；E901010 油漆工程業；EZ02010 起重工程業；E801070 廚具、衛浴設備安裝工程業；EZ99990 其他工程業；F101100 花卉批發業；F102040 飲料批發業；F101050 水產品批發業,桃園市,變更,11509
96798124,恆鈺投資開發股份有限公司,桃園市蘆竹區洛陽街145號7樓之2,楊張淑霞,10000000,113/12/16,115/09/29,董事/監察人持股變動報備,H201010 一般投資業,桃園市,變更,11509
96804890,森創設計室內裝修有限公司,桃園市龜山區文化一路一巷100號,張素女,3000000,113/08/07,115/09/18,增資,E801060 室內裝修業；E801010 室內裝潢業；I503010 景觀、室內設計業；E801070 廚具、衛浴設備安裝工程業；E801020 門窗安裝工程業；E901010 油漆工程業；E801040 玻璃安裝工程業；E601020 電器安裝業；E903010 防蝕、防銹工程業；E599010 配管工程業,桃園市,變更,11509
96827248,商商實業有限公司,桃園市龜山區萬壽路2段1170號12樓,黎氏商,500000,113/07/09,115/09/02,一般補正案,F501990 其他餐飲業；F501060 餐館業；JZ99080 美容美髮服務業；F108040 化粧品批發業；F208040 化粧品零售業；F401010 國際貿易業；F101050 水產品批發業；F102170 食品什貨批發業；F203010 食品什貨、飲料零售業；ZZ99999 除許可業務外，得經營法令非禁止或限制之業務,桃園市,變更,11509
96830320,真實愛著管理顧問有限公司,桃園市大園區拔子林二路17巷29之1號12樓,吳冠潁,1000000,113/05/20,115/09/08,申登機關變更（遷入，含卷）,I103060 管理顧問業；I199990 其他顧問服務業；ZZ99999 除許可業務外，得經營法令非禁止或限制之業務；F105050 家具、寢具、廚房器具、裝設品批發業；F113020 電器批發業；F205040 家具、寢具、廚房器具、裝設品零售業；F213010 電器零售業,桃園市,變更,11509
96833451,京悅開發投資股份有限公司,桃園市桃園區永安路223號5樓,梁嘉玲,150000,113/07/16,115/09/24,公司所在地,H701010 住宅及大樓開發租售業；H701020 工業廠房開發租售業；H701050 投資興建公共建設業；H701060 新市鎮、新社區開發業；H701070 區段徵收及市地重劃代辦業；H701090 都市更新整建維護業；H703090 不動產買賣業；H703100 不動產租賃業；H703110 老人住宅業；I102010 一般投資顧問業,桃園市,變更,11509
96834634,玥喵文化有限公司,桃園市桃園區介壽路495巷65號14樓,馬玉蓉,250000,113/06/24,115/09/11,一般補正案,F109070 文教、樂器、育樂用品批發業；F209060 文教、樂器、育樂用品零售業；F104110 布疋、衣著、鞋、帽、傘、服飾品批發業；F204110 布疋、衣著、鞋、帽、傘、服飾品零售業；F106020 日常用品批發業；F206020 日常用品零售業；J303010 雜誌（期刊）出版業；J304010 圖書出版業；J305010 有聲出版業；J399990 其他出版業,桃園市,變更,11509
96844507,金昱達工程有限公司,桃園市中壢區中央西路一段78號5樓,黃雅雯,1000000,113/12/20,115/09/11,公司所在地,EZ99990 其他工程業；EZ02010 起重工程業；IZ12010 人力派遣業；J101010 建築物清潔服務業；ZZ99999 除許可業務外，得經營法令非禁止或限制之業務,桃園市,變更,11509
96846765,鋐泰光電股份有限公司,桃園市中壢區永福里中園路168之1號六樓,林澄鋒,51480860,113/05/03,115/09/23,董事(常務董事.董事長)/監察人解任,CC01080 電子零組件製造業；CC01090 電池製造業；CC01990 其他電機及電子機械器材製造業；IG03010 能源技術服務業；F113110 電池批發業；F119010 電子材料批發業；F213110 電池零售業；F219010 電子材料零售業；F401010 國際貿易業；CA01990 其他非鐵金屬基本工業,桃園市,變更,11509
96894962,錦揚事業股份有限公司,桃園市楊梅區中山里行善路22巷8號（1樓）,劉俊杰,6000000,85/03/16,115/09/10,改選董事/監察人(一人法人股東指派董事/監察人),CA01050 鋼材二次加工業。；CA01100 鋁材軋延、伸線、擠型業；CA01130 銅材軋延、伸線、擠型業；CA02010 金屬建築結構及組件製造業。；CB01010 機械設備製造業。；CQ01010 模具製造業。；F113010 機械批發業。；F111090 建材批發業；CP01010 手工具製造業。；CA01990 其他非鐵金屬基本工業,桃園市,變更,11509
96905454,喜來麗國際股份有限公司,桃園市中壢區青航里領航南路三段200號7樓,楊康麟,25000000,85/04/01,115/09/30,公司所在地,F104110 布疋、衣著、鞋、帽、傘、服飾品批發業；F204110 布疋、衣著、鞋、帽、傘、服飾品零售業；F109070 文教、樂器、育樂用品批發業；F209060 文教、樂器、育樂用品零售業；F102170 食品什貨批發業；F203010 食品什貨、飲料零售業；F108040 化粧品批發業；F208040 化粧品零售業；F102040 飲料批發業；F105050 家具、寢具、廚房器具、裝設品批發業,桃園市,變更,11509
96954341,博連通運有限公司,桃園市龜山區楓樹里忠義路一段222號,陳弘霖,25000000,85/04/15,115/09/29,一般補正案,,桃園市,變更,11509
97001906,筑盛工程有限公司,桃園市桃園區汴洲里峨眉二街37號5樓,王宜錚,1000000,85/05/10,115/09/29,股東出資轉讓修正章程,,桃園市,變更,11509
97002905,源山實業有限公司,桃園市龜山區復興南路106巷43號,翁旻佑,20000000,85/05/11,115/09/23,股東出資轉讓修正章程,F113010 機械批發業；F213080 機械器具零售業；ZZ99999 除許可業務外，得經營法令非禁止或限制之業務,桃園市,變更,11509
97044813,聯億液化石油氣股份有限公司,桃園市蘆竹區山腳里泉州路100號1樓,苗新進,70000000,85/06/22,115/09/21,董事/監察人持股變動報備,,桃園市,變更,11509
97052469,欣揚航國際通運有限公司,桃園市中壢區月眉里圓光一路366巷56弄138號,徐智鈺,25000000,85/07/01,115/09/04,公司所在地,G101061 汽車貨運業（本細類限制外國人投資）；F214010 汽車零售業,桃園市,變更,11509
97060756,普騰營造有限公司,桃園市蘆竹區油管路一段890號（1樓）,黃縈湄,28000000,85/07/11,115/09/17,公司所營事業變更修正章程,E101011 綜合營造業；H701010 住宅及大樓開發租售業；H701020 工業廠房開發租售業；H703090 不動產買賣業；H703100 不動產租賃業；E801010 室內裝潢業；E801020 門窗安裝工程業；E801030 室內輕鋼架工程業；E801040 玻璃安裝工程業；E801070 廚具、衛浴設備安裝工程業,桃園市,變更,11509
97170472,全新光電科技股份有限公司,桃園市平鎮區工業一路16號,陳建良,1869834430,85/11/26,115/09/01,一般補正案,CC01080 電子零組件製造業；F119010 電子材料批發業；ZZ99999 除許可業務外，得經營法令非禁止或限制之業務,桃園市,變更,11509
97175440,敏盛醫控股份有限公司,桃園市桃園區三民路三段106號11樓,楊弘仁,2082503070,86/02/05,115/09/30,補繳規費,C103050 罐頭、冷凍、脫水及醃漬食品製造業；C104020 烘焙炊蒸食品製造業；C110010 飲料製造業；C199030 即食餐食製造業；C199990 未分類其他食品製造業；F101040 家畜家禽批發業；F101050 水產品批發業；F101130 蔬果批發業；F101990 其他農、畜、水產品批發業；F102040 飲料批發業,桃園市,變更,11509
97246888,燕鵬企業有限公司,桃園市觀音區新富路765巷21號5樓,黃亦新,1000000,85/10/23,115/09/22,股東出資轉讓修正章程,,桃園市,變更,11509
97249082,緯虹精密科技有限公司,桃園市中壢區中華路一段774號,鄒平貴,122000000,85/10/28,115/09/15,增資,CB01010 機械設備製造業；CA01050 鋼材二次加工業；CA04010 表面處理業；CC01010 發電、輸電、配電機械製造業；CC01080 電子零組件製造業；CB01990 其他機械製造業；D101060 再生能源自用發電設備業；E603050 自動控制設備工程業；E604010 機械安裝業；E607010 太陽熱能設備安裝工程業,桃園市,變更,11509
97257738,宏致電子股份有限公司,桃園市中壢區過嶺里過嶺路二段530-6號,袁万丁,1752703390,85/11/07,115/09/08,可轉換公司債換發新股,C805050 工業用塑膠製品製造業；CC01080 電子零組件製造業；CF01011 醫療器材製造業；CQ01010 模具製造業；E605010 電腦設備安裝業；F108031 醫療器材批發業；F113050 電腦及事務性機器設備批發業；F113070 電信器材批發業；F118010 資訊軟體批發業；F119010 電子材料批發業,桃園市,變更,11509
97365461,金茂壓克力製品有限公司,桃園市八德區寶豐街15巷2弄11衖1號,陳皇吟,2000000,86/01/22,115/09/21,股東出資轉讓修正章程,C805990 其他塑膠製品製造業；F109070 文教、樂器、育樂用品批發業；F209060 文教、樂器、育樂用品零售業；F106020 日常用品批發業；C805050 工業用塑膠製品製造業；F206020 日常用品零售業；C805070 強化塑膠製品製造業；ZZ99999 除許可業務外，得經營法令非禁止或限制之業務,桃園市,變更,11509
97378281,垚鑫精密工業有限公司,桃園市蘆竹區上竹里中華街29號4樓,冼嘉洋,5000000,86/02/11,115/09/04,一般補正案,F106010 五金批發業；F106030 模具批發業；F113010 機械批發業；F113020 電器批發業；F113030 精密儀器批發業；F113050 電腦及事務性機器設備批發業；F113070 電信器材批發業,桃園市,變更,11509
97380976,碩儀實業股份有限公司,桃園市龜山區民生北路一段530號3樓,林政文,20000000,86/02/17,115/09/21,改選董事/監察人(一人法人股東指派董事/監察人),,桃園市,變更,11509
97388302,崑琦工業股份有限公司,桃園市新屋區望間路608巷95號,朱昌柏,61400000,86/02/26,115/09/18,董事/監察人持股變動報備,,桃園市,變更,11509
97417622,環美木箱企業有限公司,桃園市大園區三石里三和路3巷3弄4號(1樓),馮雪美,1480671,86/04/08,115/09/07,公司所在地,J101080 廢棄物資源回收業；C501060 木質容器製造業；J101030 廢棄物清除業；F111090 建材批發業；ZZ99999 除許可業務外，得經營法令非禁止或限制之業務,桃園市,變更,11509
97474539,博士門股份有限公司,桃園市楊梅區三湖里楊湖路一段746號,蔡淑娟,80000000,86/06/28,115/09/03,增資(資本總額),CE01010 一般儀器製造業；CB01020 事務機器製造業；CN01010 家具及裝設品製造業；F401010 國際貿易業；E599010 配管工程業；E601020 電器安裝業；E603050 自動控制設備工程業；E603090 照明設備安裝工程業；E604010 機械安裝業；E801010 室內裝潢業,桃園市,變更,11509
97481010,協利興工程有限公司,桃園市蘆竹區南崁里圳佳路3號1樓,王銘傑,29900000,86/04/21,115/09/24,股東出資轉讓修正章程,E599010 配管工程業；E601010 電器承裝業；E603040 消防安全設備安裝工程業；E604010 機械安裝業；F113010 機械批發業；F213080 機械器具零售業；E501011 自來水管承裝商,桃園市,變更,11509
97513202,鴻旺股份有限公司,桃園市桃園區新埔六街77號11樓之5,呂宜玲,3725000,114/01/08,115/09/02,增資(資本總額),H201010 一般投資業,桃園市,變更,11509
97576206,卯豐有限公司,桃園市桃園區泰昌八街21號12樓之4,黃裕庭,1100000,113/05/06,115/09/14,股東出資轉讓修正章程,F102170 食品什貨批發業；F104110 布疋、衣著、鞋、帽、傘、服飾品批發業；F105050 家具、寢具、廚房器具、裝設品批發業；F106010 五金批發業；F106020 日常用品批發業；F107030 清潔用品批發業；F108040 化粧品批發業；F111090 建材批發業；F113010 機械批發業；F113020 電器批發業,桃園市,變更,11509
97619747,易京奇有限公司,桃園市龜山區幸美十一街57號4樓,張珮嬑,1750000,113/08/06,115/09/01,一般補正案,F102040 飲料批發業；F107030 清潔用品批發業；F113050 電腦及事務性機器設備批發業；F114040 自行車及其零件批發業；F102170 食品什貨批發業；F203010 食品什貨、飲料零售業；F102030 菸酒批發業；F203020 菸酒零售業；F106020 日常用品批發業；F206020 日常用品零售業,桃園市,變更,11509
97628112,鑫昕實業有限公司,桃園市楊梅區金溪路175巷35號,林士豪,500000,113/07/22,115/09/01,公司所在地,E801010 室內裝潢業；E901010 油漆工程業；F211010 建材零售業；F401010 國際貿易業；I501010 產品設計業；I503010 景觀、室內設計業；ZZ99999 除許可業務外，得經營法令非禁止或限制之業務,桃園市,變更,11509
98225290,倍特力電能有限公司,桃園市龜山區民生北路一段366號,吳秉諺,5000000,114/02/27,115/09/17,一般補正案,F113110 電池批發業；F114030 汽、機車零件配備批發業；F114040 自行車及其零件批發業；F213110 電池零售業；F214030 汽、機車零件配備零售業；F214040 自行車及其零件零售業；F399040 無店面零售業；F401010 國際貿易業；ZZ99999 除許可業務外，得經營法令非禁止或限制之業務；CD01050 自行車及其零件製造業,桃園市,變更,11509
98640472,婭比有限公司,桃園市蘆竹區南崁里經國路892號16樓,黃天儀,500000,113/06/14,115/09/21,公司所在地,F102170 食品什貨批發業；F203010 食品什貨、飲料零售業；F108040 化粧品批發業；F208040 化粧品零售業；JZ99050 仲介服務業；I103060 管理顧問業；I301010 資訊軟體服務業；I301030 電子資訊供應服務業；IG01010 生物技術服務業；IZ12010 人力派遣業,桃園市,變更,11509
98641556,火箭物流倉儲股份有限公司,桃園市觀音區玉林路一段523號,Mark Ross,5217539920,113/05/06,115/09/07,發行新股,F401010 國際貿易業；G801010 倉儲業；IZ06010 理貨包裝業；I102010 一般投資顧問業；I103060 管理顧問業；I301010 資訊軟體服務業；I301020 資料處理服務業；I301030 電子資訊供應服務業；I401010 一般廣告服務業；ZZ99999 除許可業務外，得經營法令非禁止或限制之業務,桃園市,變更,11509
98649543,安馨貨運有限公司,桃園市平鎮區民族路雙連三段6巷9弄11之1號,楊涵豫,25000000,113/05/08,115/09/23,增資,G101061 汽車貨運業；G801010 倉儲業；EZ02010 起重工程業；IZ06010 理貨包裝業；IZ12010 人力派遣業；F105050 家具、寢具、廚房器具、裝設品批發業；F113020 電器批發業；F113050 電腦及事務性機器設備批發業；F114010 汽車批發業；F114030 汽、機車零件配備批發業,桃園市,變更,11509
