統一編號,公司名稱,公司所在地,代表人,資本額,核准設立日期,核准變更日期,案由或變更事項,營業項目,縣市,清冊,期別
00372758,偉達工程行,新北市烏來區大羅蘭19號之1 115年05月,何修強,100000,,115/05/22,外縣市遷入,E801010 室內裝潢業；E801020 門窗安裝工程業；E801030 室內輕鋼架工程業；E801040 玻璃安裝工程業；E801070 廚具、衛浴設備安裝工程業；E901010 油漆工程業；E903010 防蝕、防銹工程業；F105050 家具、寢具、廚房器具、裝設品批發業；F106010 五金批發業；F106040 水器材料批發業；F107010 漆料、塗料批發業；F120010 耐火材料批發業；F213010 電器零售業；F217010 消防安全設備零售業；E599010 配管工程業；E601010 電器承裝業；E601020 電器安裝業；E603010 電纜安裝工程業；E603040 消防安全設備安裝工程業；E603100 電焊工程業；E607010 太陽熱能設備安裝工程業；EZ07010 鑽孔工程業；ZZ99999 除許可業務外，得經營法令非禁止或限制之業務,新北市,變更,11505
00539835,藍金湯娛樂工作室,新北市永和區中和路345號12樓之3 115年05月,賴錦堂,200000,,115/05/19,外縣市遷入,F104110 布疋、衣著、鞋、帽、傘、服飾品批發業；F105050 家具、寢具、廚房器具、裝設品批發業；F106010 五金批發業；F106020 日常用品批發業；F109070 文教、樂器、育樂用品批發業；F204110 布疋、衣著、鞋、帽、傘、服飾品零售業；F205040 家具、寢具、廚房器具、裝設品零售業；F206010 五金零售業；F206020 日常用品零售業；F399040 無店面零售業；F399990 其他綜合零售業；F401010 國際貿易業；F601010 智慧財產權業；I401010 一般廣告服務業；I501010 產品設計業；I502010 服飾設計業；I503010 景觀、室內設計業；I599990 其他設計業；IZ12010 人力派遣業；J303010 雜誌（期刊）出版業；J304010 圖書出版業；J305010 有聲出版業；J399990 其他出版業；J401010 電影片製作業；J402010 電影片發行業；J403010 電影片映演業；J404010 動畫影片製作業；J404020 提供設備及場地供電影片拍攝業；J404030 電影沖印業；J404040 電影錄音業；J404050 電影特效製作業；J503010 廣播節目製作業（原:J503011廣播節目製作業）；J503020 電視節目製作業（原:J503021電視節目製作業）；J503030 廣播電視節目發行業（原:J503031廣播電視節目發行業）；J503040 廣播電視廣告業（原:J503041廣播電視廣告業）；J503050 錄影節目帶業（原:J503051錄影節目帶業）；J601010 藝文服務業；J602010 演藝活動業；J603010 音樂展演空間業；JE01010 租賃業；JZ99030 攝影業；ZZ99999 除許可業務外，得經營法令非禁止或限制之業務,新北市,變更,11505
00560246,米途商行,新北市三重區碧華街140號（1樓）,楊詠詔,200000,,115/05/28,外縣市遷入,F501990 其他餐飲業；F203010 食品什貨、飲料零售業；F501060 餐館業,新北市,變更,11505
01938080,弘晟塑膠廠,新北市樹林區東豐街49巷8弄3號,黃玉寬,500000,,115/05/15,所在地變更,C805020 塑膠膜、袋製造業；F107190 塑膠膜、袋批發業；F207190 塑膠膜、袋零售業；JZ99050 仲介服務業；ZZ99999 除許可業務外，得經營法令非禁止或限制之業務,新北市,變更,11505
01948518,展銘企業社,新北市土城區永豐路358之1號,謝國文,240000,,115/05/04,復業,F106010 五金批發業；F106040 水器材料批發業；F206010 五金零售業；F206040 水器材料零售業,新北市,變更,11505
01955545,仁志汽車商行,新北市樹林區柑園街1段365巷21之5號4樓,吳郁仁,240000,,115/05/29,所在地變更,F114030 汽、機車零件配備批發業（舊貨除外）；F214030 汽、機車零件配備零售業（舊貨除外）；F114050 車胎批發業（舊貨除外）；F214050 車胎零售業；F214010 汽車零售業（汽車修理業除外）（中古車除外）；JE01010 租賃業（貨櫃及特許業務除外）；JA01020 汽車拖吊業（汽車運輸業務除外）,新北市,變更,11505
02082415,立勤油漆工程行,新北市淡水區中山北路1段281號,許晏榕,248000,,115/05/25,轉讓登記,E801010 室內裝潢業；E901010 油漆工程業；F106010 五金批發業；F107010 漆料、塗料批發業；F111090 建材批發業；F206010 五金零售業；F207010 漆料、塗料零售業；F211010 建材零售業；F401010 國際貿易業；ZZ99999 除許可業務外，得經營法令非禁止或限制之業務,新北市,變更,11505
02189726,皇昌商店,新北市三重區中央南路４８號１樓,陳芉樺,30000,,115/05/11,轉讓登記,F106020 家庭日常用品批發業；F203020 菸酒零售業；F206020 家庭日常用品零售業；F301030 一般百貨業,新北市,變更,11505
02236404,海堤咖啡,新北市石門區草里里阿里荖6之2號,蘇明康,200000,,115/05/26,所在地變更,F501030 飲料店業；F501060 餐館業,新北市,變更,11505
02300242,艾妮食品行,新北市瑞芳區明燈路3段33號1樓115年05月,李建豐,40000,,115/05/21,其他,F102990 其他食品批發業；F203010 食品、飲料零售業,新北市,變更,11505
02303352,永錚行,新北市汐止區樟樹一路141巷23號,游淑玲,500000,,115/05/04,所營業務變更,E601010 電器承裝業；E603100 電焊工程業；E603120 噴砂工程業；E604010 機械安裝業；E801010 室內裝潢業；E801020 門窗安裝工程業；E801030 室內輕鋼架工程業；E801040 玻璃安裝工程業；E801070 廚具、衛浴設備安裝工程業；E901010 油漆工程業；E903010 防蝕、防銹工程業；EZ99990 其他工程業；F211010 建材零售業；ZZ99999 除許可業務外，得經營法令非禁止或限制之業務,新北市,變更,11505
02384973,中新工程行,新北市板橋區金門街253巷16弄15之1號4樓,王民男,200000,,115/05/18,所在地變更,E603100 電焊工程業；E801030 室內輕鋼架工程業；E903010 防蝕、防銹工程業；E801010 室內裝潢業；F111090 建材批發業；ZZ99999 除許可業務外，得經營法令非禁止或限制之業務,新北市,變更,11505
02385945,學樂比幼教企業社,新北市三重區六張街160號(1樓),簡平成,200000,,115/05/22,所營業務變更,F109070 文教、樂器、育樂用品批發業；F206020 日常用品零售業；F399040 無店面零售業；ZZ99999 除許可業務外，得經營法令非禁止或限制之業務；F205040 家具、寢具、廚房器具、裝設品零售業；IZ12010 人力派遣業,新北市,變更,11505
02421169,祥泰電機行,新北市鶯歌區國際一路54號(1樓),林朝昱,200000,,115/05/15,所營業務變更,F113990 其他機械器具批發業；E601020 電器安裝業；E801010 室內裝潢業,新北市,變更,11505
08566090,旭懋電料行,新北市板橋區中正路433巷19號2樓,張志名,40000,,115/05/20,所在地變更,F106040 水器材料批發業；F113020 電器批發業；F206040 水器材料零售業；F213010 電器零售業,新北市,變更,11505
08656108,泰山汽車商行,新北市板橋區民生路3段170之6號（1樓）,林峯裕,40000,,115/05/27,轉讓登記,JA01990 其他汽車服務業（洗車汽車美容）；IZ99990 其他工商服務業（代辦汽車過戶）,新北市,變更,11505
08721635,妍潔清潔社,新北市淡水區民生路１４５巷１８號,張琦,2000000,,115/05/14,轉讓登記,J101010 建築物清潔服務業；J101020 病媒防治業；J101030 廢棄物清除業；IZ12010 人力派遣業；J101990 其他環境衛生及污染防治服務業；J101050 環境檢測服務業,新北市,變更,11505
08726929,駿琳企業社,新北市樹林區千歲街70巷1弄13號(1樓) 115年05月,李沂樺,300000,,115/05/11,所在地變更,F119010 電子材料批發業；F219010 電子材料零售業；F401010 國際貿易業,新北市,變更,11505
08728068,順鉅企業社,新北市土城區明德路1段161號7樓,黃文雄,400000,,115/05/12,合夥人變更,E599010 配管工程業；E603040 消防安全設備安裝工程業；E603090 照明設備安裝工程業；F106040 水器材料批發業；F111090 建材批發業；F117010 消防安全設備批發業；F113020 電器批發業；E601020 電器安裝業,新北市,變更,11505
09707718,冠陽企業社,新北市中和區員山路36巷16號2樓,詹津藝,1000000,,115/05/19,所在地變更,J101010 建築物清潔服務業；E901010 油漆工程業；EZ02010 起重工程業；A102080 園藝服務業；E801070 廚具、衛浴設備安裝工程業；F111090 建材批發業；F199010 回收物料批發業；H703090 不動產買賣業；H703100 不動產租賃業；I301030 電子資訊供應服務業；I401010 一般廣告服務業；I401020 廣告傳單分送業；IZ12010 人力派遣業；J101020 病媒防治業；J101030 廢棄物清除業；J101040 廢棄物處理業；J101080 廢棄物資源回收業；J101090 廢棄物清理業；JA05010 留、遊學服務業；JZ99050 仲介服務業；JZ99130 婚姻媒合業,新北市,變更,11505
09938014,加南工程行,新北市樹林區保安街3段42號3樓,陳秋豪,200000,,115/05/29,所在地變更,E801010 室內裝潢業；E901010 油漆工程業；E903010 防蝕、防銹工程業；EZ11010 球場跑道樹脂材料鋪設工程業；EZ14010 運動場地用設備工程業；F211010 建材零售業；F207010 漆料、塗料零售業,新北市,變更,11505
10029836,烽復企業社,新北市新店區民權路108號地下1層115年05月,陳俊男,200000,,115/05/11,所在地變更,E801010 室內裝潢業；E801020 門窗安裝工程業；E903010 防蝕、防銹工程業；EZ99990 其他工程業；F111090 建材批發業,新北市,變更,11505
10062932,鎮霜企業社,新北市土城區明德路2段102巷9號2樓,黃鈺英,490000,,115/05/05,所在地變更,IZ12010 人力派遣業；F102050 茶葉批發業；F104110 布疋、衣著、鞋、帽、傘、服飾品批發業；J601010 藝文服務業；J602010 演藝活動業；J603010 音樂展演空間業；J799990 其他休閒服務業；J305010 有聲出版業；J303010 雜誌（期刊）出版業；J803010 運動表演業,新北市,變更,11505
10092823,榮豐車業,新北市蘆洲區永樂街38巷28號,陳衡,200000,,115/05/22,名稱變更,F214030 汽、機車零件配備零售業；JA02020 機車修理業；J101990 其他環境衛生及污染防治服務業；ZZ99999 除許可業務外，得經營法令非禁止或限制之業務；F401010 國際貿易業,新北市,變更,11505
10338946,椿萱農場,新北市汐止區汐萬路二段２２８巷３１弄３４號,林明淑,1050000,,115/05/14,所營業務變更,A101020 農作物栽培業；A102050 作物栽培服務業；A102080 園藝服務業；F201010 農產品零售業；F203010 食品什貨、飲料零售業；I101070 農、林、漁、畜牧顧問業；J799990 其他休閒服務業；ZZ99999 除許可業務外，得經營法令非禁止或限制之業務；F201070 花卉零售業；IZ12010 人力派遣業；F101100 花卉批發業；I503010 景觀設計業；I504010 花藝設計業；J101030 廢棄物清除業；J101040 廢棄物處理業,新北市,變更,11505
10545831,千綾放版工作室,新北市三重區五華街93巷9號3樓,趙子葳,480000,,115/05/19,所在地變更,I502010 服飾設計業,新北市,變更,11505
10617980,威葝髮藝店,新北市三重區大同北路８１號１樓,劉以臻,50000,,115/05/27,轉讓登記,JZ99080 美容美髮服務業（理容理髮之場所不得加以區隔或設置包廂）；F207030 清潔用品零售業；F208040 化粧品零售業,新北市,變更,11505
10622506,尚洋巴士空調企業社,新北市泰山區泰林路2段462號(1樓),陳俞蓁,200000,,115/05/07,其他,E601020 電器安裝業；F113020 電器批發業；F114030 汽、機車零件配備批發業；JA02010 電器及電子產品修理業；JA01010 汽車修理業；JA02990 其他修理業；F114990 其他交通運輸工具及其零件批發業,新北市,變更,11505
10649717,鉅明機車行,新北市泰山區泰林路２段１０４號（１樓）115年05月,陳志明,240000,,115/05/11,所營業務變更,F214030 汽、機車零件配備零售業；F214050 車胎零售業；JA02020 機車修理業,新北市,變更,11505
10653660,彩榕生活館,新北市板橋區民權路302巷1弄8號2樓,李麗香,230000,,115/05/20,所營業務變更,F102170 食品什貨批發業；F104110 布疋、衣著、鞋、帽、傘、服飾品批發業；F108040 化粧品批發業；F203010 食品什貨、飲料零售業；F204110 布疋、衣著、鞋、帽、傘、服飾品零售業；F208040 化粧品零售業；ZZ99999 除許可業務外，得經營法令非禁止或限制之業務,新北市,變更,11505
13368155,久安食品行,新北市永和區永利路42號,陳妤婕,100000,,115/05/25,增資變更,F203010 食品什貨、飲料零售業；ZZ99999 除許可業務外，得經營法令非禁止或限制之業務,新北市,變更,11505
13781176,宥宏國際貿易企業社,新北市新店區順安街２１號,劉家亨,1000000,,115/05/29,增資變更,F401010 國際貿易業；F206010 五金零售業,新北市,變更,11505
13789775,迎賓素食館,新北市樹林區保安街2段193號1樓,徐千眞,100000,,115/05/11,轉讓登記,F501060 餐館業；F203010 食品、飲料零售業,新北市,變更,11505
14254784,弼盛工程行,新北市樹林區民權街37巷6號,鄭順彰,240000,,115/05/04,轉讓登記,I503010 景觀、室內設計業；E801010 室內裝潢業；E801020 門窗安裝工程業；E801030 室內輕鋼架工程業,新北市,變更,11505
14257488,弘隆商店,新北市八里區訊塘路35號,陳雅婷,5000,,115/05/07,轉讓登記,F201020 畜產品零售業,新北市,變更,11505
14495806,機車班長車業行,新北市三重區重新路4段140號,鄭曉芳,1000000,,115/05/11,出資額變更,F214030 汽、機車零件配備零售業；F214020 機車零售業；F214050 車胎零售業；F114020 機車批發業；F114030 汽、機車零件配備批發業；F114050 車胎批發業；F401010 國際貿易業；J101990 其他環境衛生及污染防治服務業；JE01010 租賃業；F399040 無店面零售業；JA02020 機車修理業,新北市,變更,11505
14645426,五洲機車行,新北市三峽區三樹路250號(1樓),劉慶林,200000,,115/05/28,所營業務變更,F214020 機車零售業；F214030 汽、機車零件配備零售業；F214040 自行車及其零件零售業；F214050 車胎零售業；F114020 機車批發業；F114030 汽、機車零件配備批發業；F114050 車胎批發業；JA02020 機車修理業,新北市,變更,11505
17043432,禾豐果菜行,新北市中和區中原二街75號2樓115年05月,王宇承,200000,,115/05/13,所在地變更,F201010 農產品零售業,新北市,變更,11505
17043448,素茵果菜行,新北市中和區中原二街75號2樓,李素茵,200000,,115/05/13,所在地變更,F201010 農產品零售業（蔬菜水果）；A101020 農作物栽培業；A101030 特用作物栽培業；A101040 食用菌菇類栽培業；A102020 農產品整理業；A102050 作物栽培服務業；F101040 家畜家禽批發業；F101050 水產品批發業；F101130 蔬果批發業；F101990 其他農、畜、水產品批發業；F102170 食品什貨批發業；F201020 畜產品零售業；F201030 水產品零售業；F201990 其他農畜水產品零售業；F221010 食品添加物零售業；F401010 國際貿易業,新北市,變更,11505
17445148,佳塋企業社,新北市蘆洲區永安南路2段264號7樓,陳姿伶,200000,,115/05/14,轉讓登記,E603050 自動控制設備工程業（赴客戶現場作業）；F106010 五金批發業；F113030 精密儀器批發業,新北市,變更,11505
17450296,一順電木板行,新北市林口區林口里新寮29號,李澍璽,200000,,115/05/07,轉讓登記,C501990 其他木製品製造業；C901060 耐火材料製造業；C501010 製材業；F111090 建材批發業；F120010 耐火材料批發業；F211010 建材零售業；F220010 耐火材料零售業；F401010 國際貿易業,新北市,變更,11505
17622312,萬隆社,新北市新莊區景德路318號6樓,陳碧奇,50000,,115/05/06,所在地變更,I401010 一般廣告服務業,新北市,變更,11505
18257066,謙益工程行,新北市八里區中山路２段３０３巷７號,嚴建欽,3800000,,115/05/20,所營業務變更,CA02010 金屬結構及建築組件製造業；CA02990 其他金屬製品製造業；F106010 五金批發業；F106040 水器材料批發業；F105050 家具、寢具、廚房器具、裝設品批發業；F111090 建材批發業；E599010 配管工程業；E604010 機械安裝業；E801030 室內輕鋼架工程業；E901010 油漆工程業；E801070 廚具、衛浴設備安裝工程業；E801010 室內裝潢業；ZZ99999 除許可業務外，得經營法令非禁止或限制之業務,新北市,變更,11505
19436481,巧多飲食店,新北市新莊區富國路１７６巷１３號,沈洛湄,100000,,115/05/08,負責人改名,F501060 餐館業,新北市,變更,11505
19437101,駿瑩汽車材料行,新北市三重區永福街１１１巷１１號３樓115年05月,林玟暖,100000,,115/05/13,轉讓登記,F214030 汽、機車零件配備零售業；F214050 車胎零售業,新北市,變更,11505
19751467,金德旺興業社,新北市板橋區新海路394巷5號5樓,賴俊宏,2000000,,115/05/22,增資變更,F109070 文教、樂器、育樂用品批發業；C601030 紙容器製造業；C701010 印刷業；ZZ99999 除許可業務外，得經營法令非禁止或限制之業務,新北市,變更,11505
21526939,超旺商行,新北市新店區新烏路3段46號,黃富旺,20000,,115/05/13,所在地門牌整改編,F201050 漁具零售業；F203010 食品什貨、飲料零售業；F203020 菸酒零售業；F206010 五金零售業；F206020 日常用品零售業；F207030 清潔用品零售業；F207190 塑膠膜、袋零售業；F209060 文教、樂器、育樂用品零售業,新北市,變更,11505
21570414,陳家美食小吃店,新北市汐止區仁愛路３３６號,陳培利,200000,,115/05/29,其他,F501060 餐館業,新北市,變更,11505
21598308,禮寅喜慶綜合企業社,新北市土城區清水路99巷7號(1樓),游美秀,20000,,115/05/27,所在地變更,J101990 其他環境衛生及污染防治服務業；J101010 建築物清潔服務業；J101030 廢棄物清除業；J101050 環境檢測服務業；JZ99090 喜慶綜合服務業；F299990 其他零售業；F201070 花卉零售業；F206020 日常用品零售業；F203010 食品什貨、飲料零售業,新北市,變更,11505
25575278,歐兔義麵小棧,新北市三重區安慶街124號(1樓),陳明熙,50000,,115/05/04,所在地變更,F501030 飲料店業；F501060 餐館業；F501990 其他餐飲業；ZZ99999 除許可業務外，得經營法令非禁止或限制之業務,新北市,變更,11505
26188079,宏業油漆工程行,新北市土城區廣明街90巷22號4樓115年05月,廖國廷,200000,,115/05/22,其他,E901010 油漆工程業；E903010 防蝕、防銹工程業,新北市,變更,11505
26194092,策略家整合行銷社,新北市板橋區大觀路2段265巷1弄12號3樓,邱惠玲,200000,,115/05/21,外縣市遷入,F102170 食品什貨批發業；F102040 飲料批發業；F203010 食品什貨、飲料零售業；IZ15010 市場研究及民意調查業；F109070 文教、樂器、育樂用品批發業；F104110 布疋、衣著、鞋、帽、傘、服飾品批發業；F106020 日常用品批發業；F107030 清潔用品批發業；F401010 國際貿易業；E601020 電器安裝業；F113020 電器批發業；F113030 精密儀器批發業；F113070 電信器材批發業；F213010 電器零售業；F213040 精密儀器零售業；F213060 電信器材零售業；I301030 電子資訊供應服務業；F501030 飲料店業；F501060 餐館業,新北市,變更,11505
26512006,魔法盒子益智遊戲專賣店,新北市土城區廣明街41巷18號,程英竜,200000,,115/05/20,所在地變更,F203010 食品什貨、飲料零售業；F209060 文教、樂器、育樂用品零售業；F399040 無店面零售業；F501030 飲料店業；F501060 餐館業；J304010 圖書出版業；F401010 國際貿易業；ZZ99999 除許可業務外，得經營法令非禁止或限制之業務,新北市,變更,11505
26525467,型男誌造型剪髮,新北市板橋區四川路2段111號之1,劉松錞,20000,,115/05/26,所在地變更,JZ99080 美容美髮服務業；ZZ99999 除許可業務外，得經營法令非禁止或限制之業務,新北市,變更,11505
26529463,多福小吃店,新北市汐止區福德一路50號,王君豪,200000,,115/05/19,所在地變更,F501060 餐館業；F501030 飲料店業；F203010 食品什貨、飲料零售業；ZZ99999 除許可業務外，得經營法令非禁止或限制之業務,新北市,變更,11505
26548736,廣銓企業社,新北市新莊區中正路871巷3號2樓,陳億霖,200000,,115/05/18,所在地變更,F199010 回收物料批發業；F199990 其他批發業；J101080 資源回收業；J101090 廢棄物清理業,新北市,變更,11505
26550325,愛琴海飲食店,新北市瑞芳區建基路2段119號,倪顗璿,20000,,115/05/27,轉讓登記,F501060 餐館業；F501030 飲料店業；F203010 食品什貨、飲料零售業,新北市,變更,11505
26552554,拉亞早餐店,新北市板橋區篤行路2段153號(1樓) 115年05月,馬利安,50000,,115/05/05,轉讓登記,F501060 餐館業；F501030 飲料店業；ZZ99999 除許可業務外，得經營法令非禁止或限制之業務,新北市,變更,11505
26555671,全勝工程行,新北市淡水區中山北路1段180巷13號,郭文騫,200000,,115/05/11,負責人住居所變更,E599010 配管工程業；E601010 電器承裝業；E601020 電器安裝業；E603010 電纜安裝工程業；E603090 照明設備安裝工程業；E603130 燃氣熱水器承裝業；E801070 廚具、衛浴設備安裝工程業；EZ05010 儀器、儀表安裝工程業；J101010 建築物清潔服務業；J101020 病媒防治業；F105050 家具、寢具、廚房器具、裝設品批發業；F106010 五金批發業；ZZ99999 除許可業務外，得經營法令非禁止或限制之業務,新北市,變更,11505
26728821,鉅鈺水電工程行,新北市樹林區信義街１８號,林家卉,200000,,115/05/21,名稱變更,E599010 配管工程業；E601020 電器安裝業；E801010 室內裝潢業；E801020 門窗安裝工程業；E801030 室內輕鋼架工程業；E801040 玻璃安裝工程業；E801070 廚具、衛浴設備安裝工程業；E901010 油漆工程業；E903010 防蝕、防銹工程業；EZ02010 起重工程業；EZ07010 鑽孔工程業；EZ99990 其他工程業；F105050 家具、寢具、廚房器具、裝設品批發業；F111090 建材批發業；F113020 電器批發業；F120010 耐火材料批發業；F205040 家具、寢具、廚房器具、裝設品零售業；F211010 建材零售業；F213010 電器零售業；F220010 耐火材料零售業；F401010 國際貿易業；I501010 產品設計業；I503010 景觀設計業；I599990 其他設計業；IZ12010 人力派遣業；ZZ99999 除許可業務外，得經營法令非禁止或限制之業務,新北市,變更,11505
26730354,廟東小吃店,新北市三重區正義南路28號(1樓),陳明姿,200000,,115/05/06,其他,F203010 食品什貨、飲料零售業；F501060 餐館業,新北市,變更,11505
26742204,叮噹廚房,新北市中和區民德路148號(1樓) 115年05月,葉虹伶,200000,,115/05/14,轉讓登記,F501060 餐館業；F501030 飲料店業,新北市,變更,11505
26749804,梅瑟小點飲食店,新北市板橋區新民街7巷17號(1樓),莊喬菱,200000,,115/05/15,所營業務變更,F501060 餐館業；F501030 飲料店業；F501990 其他餐飲業；ZZ99999 除許可業務外，得經營法令非禁止或限制之業務,新北市,變更,11505
26751982,新立山工程行,新北市樹林區中華路144號5樓,張祖榮,200000,,115/05/20,所在地變更,EZ02010 起重工程業；E603100 電焊工程業；E801020 門窗安裝工程業；E801040 玻璃安裝工程業；EZ99990 其他工程業；ZZ99999 除許可業務外，得經營法令非禁止或限制之業務,新北市,變更,11505
26752785,連饗食堂,新北市中和區連城路263巷2號,邢萬山,60000,,115/05/18,名稱變更,F501060 餐館業,新北市,變更,11505
26754051,永門文化社,新北市永和區光復街2巷11弄15號2樓,李平和,100000,,115/05/28,轉讓登記,J304010 圖書出版業；J305010 有聲出版業；F399040 無店面零售業；F401010 國際貿易業；ZZ99999 除許可業務外，得經營法令非禁止或限制之業務；J303010 雜誌（期刊）出版業,新北市,變更,11505
26756261,鼎天餐飲店,新北市新莊區中原路39號,郭淑玲,240000,,115/05/04,出資額變更,F501060 餐館業；ZZ99999 除許可業務外，得經營法令非禁止或限制之業務,新北市,變更,11505
26760096,慶恆企業社,新北市三重區重新路5段609巷18號10樓之3,張淑惠,240000,,115/05/26,外縣市遷入,I199990 其他顧問服務業；F109070 文教、樂器、育樂用品批發業；F113050 電腦及事務性機器設備批發業；F118010 資訊軟體批發業；F209060 文教、樂器、育樂用品零售業；F213030 電腦及事務性機器設備零售業；F218010 資訊軟體零售業；F401010 國際貿易業；I301010 資訊軟體服務業；I301020 資料處理服務業；I301030 電子資訊供應服務業；IZ99990 其他工商服務業；J304010 圖書出版業；J399010 軟體出版業；C701010 印刷業；ZZ99999 除許可業務外，得經營法令非禁止或限制之業務,新北市,變更,11505
30120946,信揚冷氣工程行,新北市樹林區太順街32號2樓115年05月,許浥雯,200000,,115/05/05,所在地變更,F213010 電器零售業；F113020 電器批發業；E601020 電器安裝業；E601010 電器承裝業；JA02010 電器及電子產品修理業,新北市,變更,11505
30146798,德安停車場,新北市新店區雙城路１００號（１樓）,郭宇珩,200000,,115/05/28,繼承登記,G202010 停車場經營業（另覓合法地點經營）；JA01990 其他汽車服務業（汽車清洗裝潢代客申請汽車檢驗業務）；F214010 汽車零售業；F214030 汽、機車零件配備零售業；F214050 車胎零售業；F106050 陶瓷玻璃器皿批發業；F206020 日常用品零售業,新北市,變更,11505
30177932,宏奇藥局,新北市土城區延吉街１２６號(1樓),李志浩,2000000,,115/05/21,所營業務變更,F106020 日常用品批發業；F108040 化粧品批發業；F109070 文教、樂器、育樂用品批發業；F107030 清潔用品批發業；F206010 五金零售業；F206020 日常用品零售業；F207030 清潔用品零售業；F207080 環境用藥零售業；F208040 化粧品零售業；F208050 乙類成藥零售業；F209060 文教、樂器、育樂用品零售業；F399990 其他綜合零售業；F401010 國際貿易業；F102030 菸酒批發業；F102170 食品什貨批發業；F102180 酒精批發業；F203010 食品什貨、飲料零售業；F203020 菸酒零售業；F203030 酒精零售業；F203040 雪茄零售業；F399040 無店面零售業；F399010 便利商店業；H703090 不動產買賣業；IZ99990 其他工商服務業；JZ99050 仲介服務業；ZZ99999 除許可業務外，得經營法令非禁止或限制之業務；F106060 寵物食品及其用品批發業；F107070 動物用藥品批發業；F206050 寵物食品及其用品零售業；F207070 動物用藥零售業,新北市,變更,11505
30270374,童年福隆便當小吃店,新北市三重區中華路77號(1樓),顏呈斌,200000,,115/05/22,所在地變更,F501060 餐館業；ZZ99999 除許可業務外，得經營法令非禁止或限制之業務；F501030 飲料店業,新北市,變更,11505
30300551,果旺早餐店,新北市三重區三賢街209號(1樓),許志中,940000,,115/05/11,所營業務變更,F501060 餐館業；F214010 汽車零售業；JA01990 其他汽車服務業,新北市,變更,11505
30301995,亞帟彈簧床行,新北市三峽區三樹路54號115年05月,楊少凱,200000,,115/05/19,增資變更,F205040 家具、寢具、廚房器具、裝設品零售業；ZZ99999 除許可業務外，得經營法令非禁止或限制之業務,新北市,變更,11505
30312509,軒達汽車商行,新北市淡水區桂竹圍13號,張敬怡,220000,,115/05/11,所在地變更,F114030 汽、機車零件配備批發業；F214030 汽、機車零件配備零售業；JA01990 其他汽車服務業；ZZ99999 除許可業務外，得經營法令非禁止或限制之業務,新北市,變更,11505
31407715,錏力工程行,新北市永和區安樂路144巷24號,陳泫法,240000,,115/05/18,其他,E801010 室內裝潢業；E801020 門窗安裝工程業；E801030 室內輕鋼架工程業；E801040 玻璃安裝工程業；E801070 廚具、衛浴設備安裝工程業；E901010 油漆工程業；E903010 防蝕、防銹工程業；F106010 五金批發業；F111090 建材批發業；F120010 耐火材料批發業；F211010 建材零售業；I501010 產品設計業；I503010 景觀、室內設計業；E599010 配管工程業；E601020 電器安裝業；E603010 電纜安裝工程業；E603040 消防安全設備安裝工程業；E603050 自動控制設備工程業；E603090 照明設備安裝工程業；EZ05010 儀器、儀表安裝工程業；F106040 水器材料批發業；F113010 機械批發業；F113070 電信器材批發業；F117010 消防安全設備批發業；F119010 電子材料批發業；ZZ99999 除許可業務外，得經營法令非禁止或限制之業務,新北市,變更,11505
31455032,智勝企業社,新北市中和區建八路217號11樓115年05月,吳孟宸,200000,,115/05/26,所營業務變更,F114050 車胎批發業；F214050 車胎零售業；F113010 機械批發業；F213080 機械器具零售業；F113990 其他機械器具批發業；F213990 其他機械器具零售業；F119010 電子材料批發業；F219010 電子材料零售業；F401010 國際貿易業；F106010 五金批發業；F206010 五金零售業；F106040 水器材料批發業；F206040 水器材料零售業,新北市,變更,11505
31463976,立新水電行,新北市新莊區銘德街52號3樓,陳正城,200000,,115/05/04,所在地變更,E601010 電器承裝業；E601020 電器安裝業；E603090 照明設備安裝工程業；E599010 配管工程業；F206040 水器材料零售業；F213010 電器零售業；F211010 建材零售業；F219010 電子材料零售業,新北市,變更,11505
31488272,禾木果菜行,新北市中和區中原二街75號2樓,李素茵,100000,,115/05/13,所在地變更,F201010 農產品零售業,新北市,變更,11505
31489878,辰珅企業社,新北市瑞芳區明燈路１段瑞柑新村１１號,莊志華,200000,,115/05/28,組織變更,F119010 電子材料批發業；F219010 電子材料零售業,新北市,變更,11505
31502226,日廚小吃,新北市蘆洲區光榮路51號,林欣欣,200000,,115/05/04,轉讓登記,F501060 餐館業；ZZ99999 除許可業務外，得經營法令非禁止或限制之業務,新北市,變更,11505
31702701,速隼車業,新北市淡水區北新路2段38號(1樓) 115年05月,李雅婷,100000,,115/05/27,轉讓登記,JA02020 機車修理業；F205040 家具、寢具、廚房器具、裝設品零售業；F211010 建材零售業；F213010 電器零售業；F213110 電池零售業；F214020 機車零售業；F214030 汽、機車零件配備零售業；F299990 其他零售業；F399040 無店面零售業；F399990 其他綜合零售業；F401010 國際貿易業；ZZ99999 除許可業務外，得經營法令非禁止或限制之業務,新北市,變更,11505
31704594,宇威工程行,新北市三重區仁愛街27巷8號(1樓),郭美娟,200000,,115/05/08,合夥人變更,F106010 五金批發業；F106020 日常用品批發業；F107010 漆料、塗料批發業；F107020 染料、顏料批發業；F105050 家具、寢具、廚房器具、裝設品批發業；F111090 建材批發業；F113020 電器批發業；F113990 其他機械器具批發業；F117010 消防安全設備批發業；F120010 耐火材料批發業；F205040 家具、寢具、廚房器具、裝設品零售業；F206010 五金零售業；F206020 日常用品零售業；F207010 漆料、塗料零售業；F207020 染料、顏料零售業；F211010 建材零售業；F213080 機械器具零售業；F217010 消防安全設備零售業；F220010 耐火材料零售業；E801010 室內裝潢業；E801020 門窗安裝工程業；E801030 室內輕鋼架工程業；E801040 玻璃安裝工程業；E801070 廚具、衛浴設備安裝工程業；E901010 油漆工程業；E903010 防蝕、防銹工程業；EZ05010 儀器、儀表安裝工程業；EZ06010 交通標示工程業；EZ09010 靜電防護及消除工程業；F113010 機械批發業；ZZ99999 除許可業務外，得經營法令非禁止或限制之業務,新北市,變更,11505
31706495,維安清潔社,新北市土城區中央路1段121巷10弄4號(1樓),張宸祐,50000,,115/05/27,所在地變更,F207030 清潔用品零售業；J101010 建築物清潔服務業,新北市,變更,11505
31706848,進益進口精品行,新北市三重區忠孝路1段21巷25號(4樓) 115年05月,吳佐百,3260000,,115/05/07,所營業務變更,F114030 汽、機車零件配備批發業；F114050 車胎批發業；F214030 汽、機車零件配備零售業；F214050 車胎零售業；F399040 無店面零售業；F401010 國際貿易業；ZZ99999 除許可業務外，得經營法令非禁止或限制之業務；JA01010 汽車修理業；JA02020 機車修理業,新北市,變更,11505
31707776,王全工程行,新北市三重區力行路2段91巷16號5樓,林佑融,240000,,115/05/22,所在地變更,E801010 室內裝潢業；E801020 門窗安裝工程業；E801070 廚具、衛浴設備安裝工程業；E901010 油漆工程業；E603120 噴砂工程業；E599010 配管工程業；I503010 景觀、室內設計業；J101040 廢棄物處理業；E903010 防蝕、防銹工程業；F401010 國際貿易業；IZ12010 人力派遣業；ZZ99999 除許可業務外，得經營法令非禁止或限制之業務,新北市,變更,11505
31712898,嘉家工程行,新北市板橋區中正路413巷7號4樓,陳志忠,5000000,,115/05/06,增資變更,F111090 建材批發業；F211010 建材零售業；E801010 室內裝潢業；EZ99990 其他工程業；ZZ99999 除許可業務外，得經營法令非禁止或限制之業務,新北市,變更,11505
31714283,貓頭鷹視聽歌坊,新北市中和區中和路241號地下一樓115年05月,戴采縈,200000,,115/05/25,轉讓登記,F501060 餐館業；F203010 食品什貨、飲料零售業；F501030 飲料店業；F203020 菸酒零售業；J701030 視聽歌唱業；J702070 酒家業；J799990 其他休閒服務業；ZZ99999 除許可業務外，得經營法令非禁止或限制之業務,新北市,變更,11505
31723403,金典廣告企業社,新北市淡水區中正東路51巷8號4樓,李衣宸,240000,,115/05/12,所營業務變更,I401010 一般廣告服務業；I401020 廣告傳單分送業；I501010 產品設計業；ZZ99999 除許可業務外，得經營法令非禁止或限制之業務；F206020 日常用品零售業；F399040 無店面零售業；F399990 其他綜合零售業；F201070 花卉零售業；F115010 首飾及貴金屬批發業；F108040 化粧品批發業；F105050 家具、寢具、廚房器具、裝設品批發業；F106010 五金批發業；F106020 日常用品批發業；F101100 花卉批發業；F215020 礦石零售業；F401010 國際貿易業；F104110 布疋、衣著、鞋、帽、傘、服飾品批發業；F109070 文教、樂器、育樂用品批發業；F115020 礦石批發業；F204110 布疋、衣著、鞋、帽、傘、服飾品零售業；F206010 五金零售業；F215010 首飾及貴金屬零售業,新北市,變更,11505
33817004,金生計程汽車行,新北市板橋區溪崑一街29號(2樓),吳恩存,3000000,,115/05/26,轉讓登記,G101031 計程車客運業,新北市,變更,11505
33869446,鴻蔚商店,新北市平溪區靜安路2段238號,闕于,40000,,115/05/06,所營業務變更,F201010 農產品零售業；F203020 菸酒零售業；F109070 文教、樂器、育樂用品批發業；F209060 文教、樂器、育樂用品零售業；F399990 其他綜合零售業,新北市,變更,11505
33891405,德旺機車行,新北市汐止區中興路159號(1樓),黃勇樺,200000,,115/05/05,轉讓登記,F214030 汽、機車零件配備零售業；F214020 機車零售業；F214050 車胎零售業；J101990 其他環境衛生及污染防治服務業；J101050 環境檢測服務業；JA02020 機車修理業；JA02990 其他修理業,新北市,變更,11505
34291479,廣山肉店,新北市三峽區中園街３３號１樓,黃偉順,10000,,115/05/28,轉讓登記,F201020 畜產品零售業,新北市,變更,11505
34353333,儷人理髮廳,新北市永和區秀朗路２段１８１巷３號１樓,沈賜是,3000,,115/05/07,所營業務變更,JZ99080 美容美髮服務業；F203010 食品什貨、飲料零售業,新北市,變更,11505
35890704,長發號中藥房,新北市五股區民義路１段１５７號,郭春達,10000,,115/05/06,名稱變更,F108011 中藥批發業；F208011 中藥零售業,新北市,變更,11505
35903200,鴻寮什貨行,新北市林口區下福里下福１４７之２０號115年05月,林德勝,3000,,115/05/22,繼承登記,F203010 食品、飲料零售業；F206020 家庭日常用品零售業；F301030 一般百貨業,新北市,變更,11505
35918891,大來當舖,新北市五股區成泰路3段282號(1樓),莊麗娟,1500000,,115/05/27,所在地變更,H203011 當舖業,新北市,變更,11505
35956352,大茂機械工具五金行,新北市新莊區新樹路246號(1樓),陳春媛,10000,,115/05/27,所在地變更,F206010 五金零售業,新北市,變更,11505
36271625,鴻林汽車儀錶電機行,新北市三重區中正北路３１０號１樓,許玄嫆,90000,,115/05/12,負責人改名,F114030 汽、機車零件配備批發業；F214030 汽、機車零件配備零售業,新北市,變更,11505
36356807,福源水電行,新北市蘆洲區中興街159號(1樓),李然福,5000000,,115/05/21,組織變更,E501011 自來水管承裝商；E801070 廚具、衛浴設備安裝工程業；F206040 水器材料零售業；F213010 電器零售業,新北市,變更,11505
37012035,文明眼鏡行,新北市淡水區中正路２５號,李淑玲,3000,,115/05/19,繼承登記,F209010 書籍、文具零售業；F210020 眼鏡零售業；F301030 一般百貨業,新北市,變更,11505
37868952,來電狗寵物水族館,新北市三重區力行路2段109號(1樓),邱煥琮,100000,,115/05/22,所營業務變更,F206050 寵物食品及其用品零售業；F202010 飼料零售業；F201081 特定寵物零售業,新北市,變更,11505
37887655,躍慶企業社,新北市板橋區民權路302巷1弄8號2樓,黃子揚,200000,,115/05/20,所營業務變更,F102170 食品什貨批發業；F104110 布疋、衣著、鞋、帽、傘、服飾品批發業；F108040 化粧品批發業；F203010 食品什貨、飲料零售業；F204110 布疋、衣著、鞋、帽、傘、服飾品零售業；F208040 化粧品零售業；ZZ99999 除許可業務外，得經營法令非禁止或限制之業務,新北市,變更,11505
37896021,翁家小吃店,新北市林口區粉寮路1段84號,戴仁豪,100000,,115/05/21,轉讓登記,F501030 飲料店業；F501060 餐館業,新北市,變更,11505
37913020,鎂鑫企業社,新北市淡水區原德路3號2樓,莊青峯,200000,,115/05/04,所在地變更,E801010 室內裝潢業；E801020 門窗安裝工程業；E801070 廚具、衛浴設備安裝工程業；F111090 建材批發業；ZZ99999 除許可業務外，得經營法令非禁止或限制之業務,新北市,變更,11505
37915527,比薩瑞亞女王義式小吃坊,新北市中和區景平路429號3樓之6 115年05月,陳嘉雯,200000,,115/05/27,所在地變更,F501060 餐館業；JZ99080 美容美髮服務業；F203010 食品什貨、飲料零售業；F208040 化粧品零售業；F206020 日常用品零售業；F203020 菸酒零售業；F213010 電器零售業；F204110 布疋、衣著、鞋、帽、傘、服飾品零售業；F205040 家具、寢具、廚房器具、裝設品零售業；F209060 文教、樂器、育樂用品零售業；F401010 國際貿易業；J202010 產業育成業；ZZ99999 除許可業務外，得經營法令非禁止或限制之業務,新北市,變更,11505
38556719,無規則網路數位社,新北市新店區安祥路97巷52號4樓115年05月,吳宜真,248000,,115/05/27,所營業務變更,I301010 資訊軟體服務業；I301020 資料處理服務業；I401010 一般廣告服務業；I501010 產品設計業；E801010 室內裝潢業；F601010 智慧財產權業；J601010 藝文服務業；J602010 演藝活動業；JB01010 會議及展覽服務業；JZ99030 攝影業；F399040 無店面零售業；IZ15010 市場研究及民意調查業；J304010 圖書出版業；J399990 其他出版業；C701010 印刷業；I301030 電子資訊供應服務業；E599010 配管工程業；E601010 電器承裝業；E601020 電器安裝業；E603010 電纜安裝工程業；E701010 電信工程業；F401010 國際貿易業；I103060 管理顧問業；I105010 藝術品諮詢顧問業；I199990 其他顧問服務業；I599990 其他設計業；F108040 化粧品批發業；IZ12010 人力派遣業；JZ99050 仲介服務業；J303010 雜誌（期刊）出版業；I502010 服飾設計業；ZZ99999 除許可業務外，得經營法令非禁止或限制之業務；I503010 景觀設計業；J401010 電影片製作業；J503020 電視節目製作業（原:J503021電視節目製作業）；J503030 廣播電視節目發行業（原:J503031廣播電視節目發行業）；J503050 錄影節目帶業（原:J503051錄影節目帶業）；I401020 廣告傳單分送業；IZ06010 理貨包裝業,新北市,變更,11505
41033315,鉅煜企業社,新北市泰山區明志路3段196巷21弄15號(1樓),吳孟澤,200000,,115/05/25,外縣市遷入,F107010 漆料、塗料批發業；F207010 漆料、塗料零售業；CA01050 鋼材二次加工業；CC01010 發電﹑輸電﹑配電機械製造業；CA02010 金屬結構及建築組件製造業；CA04010 表面處理業；CB01010 機械設備製造業；CB01990 其他機械製造業；F106010 五金批發業；F113010 機械批發業；F113030 精密儀器批發業；F213080 機械器具零售業；F401010 國際貿易業；E603040 消防安全設備安裝工程業；E603050 自動控制設備工程業；E604010 機械安裝業；G799990 其他運輸輔助業；G801010 倉儲業；JA01990 其他汽車服務業；EZ02010 起重工程業；F114990 其他交通運輸工具及其零件批發業；F114030 汽、機車零件配備批發業；F214030 汽、機車零件配備零售業；F399040 無店面零售業；ZZ99999 除許可業務外，得經營法令非禁止或限制之業務,新北市,變更,11505
41054140,立維鋼鐵企業社,新北市中和區華福街24號,林立青,200000,,115/05/13,名稱變更,CA01050 鋼材二次加工業；CA01100 鋁材軋延、伸線、擠型業；CA01130 銅材軋延、伸線、擠型業；CA02010 金屬結構及建築組件製造業；E801020 門窗安裝工程業；E801010 室內裝潢業；F106010 五金批發業；F111090 建材批發業；F206010 五金零售業；F211010 建材零售業；F401010 國際貿易業；ZZ99999 除許可業務外，得經營法令非禁止或限制之業務,新北市,變更,11505
41078396,甜甜寵物美容生活館,新北市中和區仁愛街36巷1號(1樓) 115年05月,黃俊傑,200000,,115/05/15,所在地變更,A401060 其他動物服務業；F206050 寵物食品及其用品零售業；JZ99180 寵物美容服務業；ZZ99999 除許可業務外，得經營法令非禁止或限制之業務,新北市,變更,11505
41082618,恆懿實業社,新北市三重區重新路5段609巷6號6樓之7,吳岱凌,200000,,115/05/06,所在地變更,F104110 布疋、衣著、鞋、帽、傘、服飾品批發業；F204110 布疋、衣著、鞋、帽、傘、服飾品零售業；F106020 日常用品批發業；F203010 食品什貨、飲料零售業；F205040 家具、寢具、廚房器具、裝設品零售業；F206020 日常用品零售業；F210020 眼鏡零售業；F401010 國際貿易業；F299990 其他零售業；F399040 無店面零售業；F399990 其他綜合零售業；ZZ99999 除許可業務外，得經營法令非禁止或限制之業務；F118010 資訊軟體批發業；F218010 資訊軟體零售業；I301010 資訊軟體服務業；I301020 資料處理服務業；I301030 電子資訊供應服務業；F108031 醫療器材批發業；F208031 醫療器材零售業；F213060 電信器材零售業；F213110 電池零售業；F213010 電器零售業,新北市,變更,11505
41093729,辰品純金銀樓,新北市土城區青雲路273號(1樓),吳宗懋,100000,,115/05/15,名稱變更,F115010 首飾及貴金屬批發業；F215010 首飾及貴金屬零售業；ZZ99999 除許可業務外，得經營法令非禁止或限制之業務,新北市,變更,11505
41099553,日月鑫護膚養生館,新北市三重區三和路2段22號,黃氏雪絨,200000,,115/05/26,轉讓登記,JF01020 按摩業；JF01030 腳底按摩業,新北市,變更,11505
41156478,德齊行,新北市板橋區長安街138巷1弄81號5樓,黃美玉,200000,,115/05/27,復業,E599010 配管工程業；E601020 電器安裝業；E603050 自動控制設備工程業；E603090 照明設備安裝工程業；E604010 機械安裝業；F106040 水器材料批發業；F113020 電器批發業；F113070 電信器材批發業；JA02010 電器及電子產品修理業；ZZ99999 除許可業務外，得經營法令非禁止或限制之業務,新北市,變更,11505
41202000,阿薇緬甸小吃,新北市中和區華新街47號(1樓) 115年05月,黃曉竼,60000,,115/05/05,所在地變更,F501060 餐館業,新北市,變更,11505
41380665,艾美諾工程行,新北市新店區北新路2段262號3樓之3,陳廣忻,200000,,115/05/27,組織變更,E801010 室內裝潢業；E801020 門窗安裝工程業；E801030 室內輕鋼架工程業；E801040 玻璃安裝工程業；E801070 廚具、衛浴設備安裝工程業；E901010 油漆工程業；EZ99990 其他工程業；F111090 建材批發業；F211010 建材零售業；IZ12010 人力派遣業；J101030 廢棄物清除業；J101040 廢棄物處理業；J101090 廢棄物清理業；F401010 國際貿易業；ZZ99999 除許可業務外，得經營法令非禁止或限制之業務,新北市,變更,11505
41385562,誼逸行,新北市板橋區漢生東路340巷13號,方瑞杰,200000,,115/05/12,所在地變更,F207030 清潔用品零售業；F208040 化粧品零售業；F299990 其他零售業；F399040 無店面零售業；ZZ99999 除許可業務外，得經營法令非禁止或限制之業務,新北市,變更,11505
41386443,即期良品食品店,新北市板橋區文化路1段45巷5號,林樂,200000,,115/05/19,轉讓登記,F203010 食品什貨、飲料零售業,新北市,變更,11505
41391184,伊諾金飾銀樓,新北市三重區五華街35巷78號(1樓),王玉純,200000,,115/05/22,名稱變更,CG01010 珠寶及貴金屬製品製造業；F215010 首飾及貴金屬零售業；F115010 首飾及貴金屬批發業；F399040 無店面零售業；ZZ99999 除許可業務外，得經營法令非禁止或限制之業務,新北市,變更,11505
41393900,盛杰眼鏡企業社,新北市三重區正義北路310之2號(1樓),許珮慈,2000000,,115/05/06,所營業務變更,F210020 眼鏡零售業；F110020 眼鏡批發業；F115010 首飾及貴金屬批發業；F215010 首飾及貴金屬零售業；F115020 礦石批發業；F215020 礦石零售業；ZZ99999 除許可業務外，得經營法令非禁止或限制之業務,新北市,變更,11505
41396358,玄旺企業社,新北市三重區中正北路25巷18之1號5樓115年05月,孫銘君,200000,,115/05/12,所營業務變更,F113010 機械批發業；F113990 其他機械器具批發業；F213080 機械器具零售業；F213990 其他機械器具零售業；ZZ99999 除許可業務外，得經營法令非禁止或限制之業務；F106010 五金批發業；F106020 日常用品批發業；F107030 清潔用品批發業；F206010 五金零售業；F206020 日常用品零售業；F207030 清潔用品零售業；I501010 產品設計業,新北市,變更,11505
41401676,翔喨工程行,新北市新莊區福壽街136巷24號,林裕翔,240000,,115/05/04,所營業務變更,E901010 油漆工程業；E801020 門窗安裝工程業；E601010 電器承裝業；E601020 電器安裝業；E599010 配管工程業；E801010 室內裝潢業；ZZ99999 除許可業務外，得經營法令非禁止或限制之業務；J101010 建築物清潔服務業,新北市,變更,11505
42010070,聖宴活動整合企業社,新北市蘆洲區光榮路６１巷７號,陳怡婷,200000,,115/05/12,負責人住居所變更,F399040 無店面零售業；ZZ99999 除許可業務外，得經營法令非禁止或限制之業務,新北市,變更,11505
42194154,華園小吃店,新北市板橋區民治街3號(1樓),陳麗娟,50000,,115/05/04,轉讓登記,F501060 餐館業；F501030 飲料店業；F203020 菸酒零售業,新北市,變更,11505
42194226,京逸工程行,新北市鶯歌區陽明街9號5樓,顏語麗,100000,,115/05/13,轉讓登記,E603050 自動控制設備工程業；E603010 電纜安裝工程業；E603100 電焊工程業；E604010 機械安裝業；E599010 配管工程業；E801010 室內裝潢業；ZZ99999 除許可業務外，得經營法令非禁止或限制之業務；E603020 電梯安裝工程業；E603040 消防安全設備安裝工程業；E603080 交通號誌安裝工程業；E603090 照明設備安裝工程業；EZ07010 鑽孔工程業；E603110 冷作工程業；E603120 噴砂工程業；E603130 燃氣熱水器承裝業；E607010 太陽熱能設備安裝工程業；E601010 電器承裝業；E601020 電器安裝業；E801020 門窗安裝工程業；E801030 室內輕鋼架工程業；E801040 玻璃安裝工程業；E901010 油漆工程業；E903010 防蝕、防銹工程業；EZ06010 交通標示工程業；EZ05010 儀器、儀表安裝工程業；EZ99990 其他工程業,新北市,變更,11505
42198898,一金發鎖印店,新北市三重區龍門路148號(1樓),蔡嘉政,100000,,115/05/18,負責人住居所變更,JZ99170 鎖匙業；JZ99160 刻印業；F206010 五金零售業；F299990 其他零售業,新北市,變更,11505
42200000,佳珍飲食店,新北市五股區民義路2段22巷27號115年05月,楊鳳英,50000,,115/05/15,所在地變更,F501990 其他餐飲業,新北市,變更,11505
42229479,明泓室內裝修工程行,新北市中和區連城路456巷4弄1號2樓,劉曉明,100000,,115/05/14,所在地變更,E801010 室內裝潢業；E801020 門窗安裝工程業；E801030 室內輕鋼架工程業；E801040 玻璃安裝工程業；E801060 室內裝修業；E801070 廚具、衛浴設備安裝工程業；E901010 油漆工程業；E903010 防蝕、防銹工程業；ZZ99999 除許可業務外，得經營法令非禁止或限制之業務,新北市,變更,11505
42232137,華鳳的店,新北市樹林區學勤路392號,余靜茹,200000,,115/05/21,轉讓登記,F501030 飲料店業；F501060 餐館業；ZZ99999 除許可業務外，得經營法令非禁止或限制之業務,新北市,變更,11505
42245512,逸禪坊,新北市三峽區學勤路30號10樓,胡明賢,5000000,,115/05/05,增資變更,F206010 五金零售業；F206020 日常用品零售業；F206040 水器材料零售業；F206050 寵物食品及其用品零售業；F206060 祭祀用品零售業；F213010 電器零售業；F213030 電腦及事務性機器設備零售業；F213040 精密儀器零售業；F213050 度量衡器零售業；F219010 電子材料零售業；F399040 無店面零售業；F401010 國際貿易業,新北市,變更,11505
42248237,勁雄工程行,新北市新店區安和路3段175巷19號3樓,曾俊雄,200000,,115/05/07,所營業務變更,E601010 電器承裝業；E601020 電器安裝業；E599010 配管工程業；E603050 自動控制設備工程業；E801010 室內裝潢業；EZ02010 起重工程業；ZZ99999 除許可業務外，得經營法令非禁止或限制之業務,新北市,變更,11505
42250958,東大眼鏡行,新北市蘆洲區三民路19號(1樓),吳良旭,180000,,115/05/28,轉讓登記,F210020 眼鏡零售業；F208031 醫療器材零售業；F209060 文教、樂器、育樂用品零售業；ZZ99999 除許可業務外，得經營法令非禁止或限制之業務,新北市,變更,11505
42258282,泰晶殿時尚會館,新北市土城區青雲路95之1號,吳清松,120000,,115/05/04,名稱變更,JZ99080 美容美髮服務業,新北市,變更,11505
42258776,溫室工作室,新北市汐止區伯爵街37巷5號115年05月,邱美玲,200000,,115/05/15,繼承登記,F204110 布疋、衣著、鞋、帽、傘、服飾品零售業；F209060 文教、樂器、育樂用品零售業；F399040 無店面零售業；ZZ99999 除許可業務外，得經營法令非禁止或限制之業務,新北市,變更,11505
42259894,哲倫企業社,新北市板橋區四川路2段243號6樓之4,許璟哲,200000,,115/05/25,組織變更,F401010 國際貿易業；E801010 室內裝潢業；I103060 管理顧問業；I301010 資訊軟體服務業；I301020 資料處理服務業；I401010 一般廣告服務業；I501010 產品設計業；I503010 景觀設計業；I502010 服飾設計業；I599990 其他設計業；IZ02010 打字業；IZ06010 理貨包裝業；IZ12010 人力派遣業；JZ99050 仲介服務業,新北市,變更,11505
42416070,高菲商行,新北市五股區五權路6號(1樓),劉邦桂,200000,,115/05/18,轉讓登記,F203010 食品什貨、飲料零售業,新北市,變更,11505
42505609,映太文創商店,新北市板橋區江寧路3段129號4樓,方志明,200000,,115/05/07,外縣市遷入,F113050 電腦及事務性機器設備批發業；F114040 自行車及其零件批發業；F119010 電子材料批發業；F213010 電器零售業；F213030 電腦及事務性機器設備零售業；F213060 電信器材零售業；F214040 自行車及其零件零售業；F219010 電子材料零售業；F299990 其他零售業；F399040 無店面零售業；F401010 國際貿易業,新北市,變更,11505
42559055,佩佩企業社,新北市蘆洲區環堤大道20號2樓115年05月,吳欣霖,200000,,115/05/28,組織變更,F206020 日常用品零售業；F206010 五金零售業；F203010 食品什貨、飲料零售業；F205040 家具、寢具、廚房器具、裝設品零售業；F204110 布疋、衣著、鞋、帽、傘、服飾品零售業,新北市,變更,11505
47977607,安新捷企業社,新北市板橋區縣民大道3段149號,徐緯霖,100000,,115/05/11,轉讓登記,F203010 食品什貨、飲料零售業；F204110 布疋、衣著、鞋、帽、傘、服飾品零售業；F205040 家具、寢具、廚房器具、裝設品零售業；F206010 五金零售業；F206020 日常用品零售業；F209060 文教、樂器、育樂用品零售業；F210010 鐘錶零售業；F213010 電器零售業；F213030 電腦及事務性機器設備零售業；F216010 照相器材零售業；F299990 其他零售業；F399040 無店面零售業；F399990 其他綜合零售業；I401010 一般廣告服務業；JE01010 租賃業；ZZ99999 除許可業務外，得經營法令非禁止或限制之業務,新北市,變更,11505
47979653,大雲霖工程行,新北市新莊區昌平街59巷4號8樓115年05月,顏君宜,7000000,,115/05/21,增資變更,F106010 五金批發業；F106040 水器材料批發業；F111090 建材批發業；F113020 電器批發業；F113050 電腦及事務性機器設備批發業；F113070 電信器材批發業；F113990 其他機械器具批發業；F206010 五金零售業；F206040 水器材料零售業；F213010 電器零售業；F401010 國際貿易業；E502010 燃料導管安裝工程業；E599010 配管工程業；E601010 電器承裝業；E601020 電器安裝業；E603010 電纜安裝工程業；E603040 消防安全設備安裝工程業；E603050 自動控制設備工程業；E603090 照明設備安裝工程業；E603110 冷作工程業；E604010 機械安裝業；E605010 電腦設備安裝業；E801010 室內裝潢業；E801070 廚具、衛浴設備安裝工程業；E901010 油漆工程業；EZ09010 靜電防護及消除工程業；EZ15010 保溫、保冷安裝工程業；ZZ99999 除許可業務外，得經營法令非禁止或限制之業務,新北市,變更,11505
48812040,讚美工作室,新北市蘆洲區三民路505之1號6樓,吳美雲,100000,,115/05/15,所在地變更,F109070 文教、樂器、育樂用品批發業；F104110 布疋、衣著、鞋、帽、傘、服飾品批發業；F209060 文教、樂器、育樂用品零售業；F204110 布疋、衣著、鞋、帽、傘、服飾品零售業；F399990 其他綜合零售業(一般百貨),新北市,變更,11505
48897217,鑫益企業社,新北市五股區成泰路3段453號3樓,張文宗,200000,,115/05/13,所在地變更,F113010 機械批發業；F213080 機械器具零售業；F111090 建材批發業（建築材料不堆棧）；E604010 機械安裝業,新北市,變更,11505
49909303,育擇企業社,新北市樹林區三俊街126巷16號,林育擇,250000,,115/05/25,所在地變更,F106010 五金批發業（建築材料不堆棧）；F106030 模具批發業；F206010 五金零售業（建築材料不堆棧）；F206030 模具零售業,新北市,變更,11505
49991345,大亞工程行,新北市貢寮區貢寮街1號,林文亮,200000,,115/05/28,繼承登記,J101010 建築物清潔服務業；E601010 電器承裝業；E901010 油漆工程業；EZ02010 起重工程業；JA01020 汽車拖吊業；IZ12010 人力派遣業；E599010 配管工程業；E601020 電器安裝業；E603010 電纜安裝工程業；E801010 室內裝潢業；E801020 門窗安裝工程業；E801030 室內輕鋼架工程業；E903010 防蝕、防銹工程業；EZ99990 其他工程業；F106040 水器材料批發業；F111090 建材批發業；F113010 機械批發業；F113070 電信器材批發業；F120010 耐火材料批發業；I503010 景觀、室內設計業；J101990 其他環境衛生及污染防治服務業；J101080 資源回收業；JE01010 租賃業；ZZ99999 除許可業務外，得經營法令非禁止或限制之業務,新北市,變更,11505
50501612,吳媽媽炸雞店,新北市三重區重陽路1段120巷7號(1樓),陳嘉慧,200000,,115/05/20,所在地變更,F203010 食品什貨、飲料零售業,新北市,變更,11505
50647428,可麥商行,新北市新莊區西盛街202號,阮氏紅,50000,,115/05/21,轉讓登記,F203010 食品什貨、飲料零售業,新北市,變更,11505
50655685,媽媽炒麵小吃店,新北市中和區信義街92號(1樓) 115年05月,劉宜珊,200000,,115/05/06,其他,F501990 其他餐飲業；F501030 飲料店業；ZZ99999 除許可業務外，得經營法令非禁止或限制之業務,新北市,變更,11505
50674803,雅崎菈手作烘培坊,新北市新莊區民安路166號,鄭嬿鈴,100000,,115/05/18,其他,F203010 食品什貨、飲料零售業；C104020 烘焙炊蒸食品製造業；ZZ99999 除許可業務外，得經營法令非禁止或限制之業務,新北市,變更,11505
50679687,心上心企業社,新北市樹林區備前街38號(1樓),陳宗岳,200000,,115/05/21,所營業務變更,F206010 五金零售業；F206020 日常用品零售業；F207030 清潔用品零售業；F209060 文教、樂器、育樂用品零售業；F214030 汽、機車零件配備零售業；F214040 自行車及其零件零售業；F214050 車胎零售業；F219010 電子材料零售業；F399040 無店面零售業；F204110 布疋、衣著、鞋、帽、傘、服飾品零售業；ZZ99999 除許可業務外，得經營法令非禁止或限制之業務；C701010 印刷業；JZ99160 刻印業；I501010 產品設計業；I599990 其他設計業,新北市,變更,11505
60004841,加一加設計工坊,新北市汐止區新台五路1段93號21樓之6,林念儒,200000,,115/05/19,轉讓登記,C306010 成衣業；C307010 服飾品製造業；C701010 印刷業；F104110 布疋、衣著、鞋、帽、傘、服飾品批發業；F105050 家具、寢具、廚房器具、裝設品批發業；F109070 文教、樂器、育樂用品批發業；F204110 布疋、衣著、鞋、帽、傘、服飾品零售業；F205040 家具、寢具、廚房器具、裝設品零售業；F209060 文教、樂器、育樂用品零售業；F399040 無店面零售業；I301010 資訊軟體服務業；I301030 電子資訊供應服務業；I401010 一般廣告服務業；I501010 產品設計業；I502010 服飾設計業；J399990 其他出版業；J604010 聲音錄製及音樂發行業；JB01010 會議及展覽服務業；JZ99030 攝影業；ZZ99999 除許可業務外，得經營法令非禁止或限制之業務,新北市,變更,11505
60009732,初米選物店,新北市汐止區樟樹一路145巷14號11樓之2 115年05月,蘇偉傑,50000,,115/05/12,轉讓登記,ZZ99999 除許可業務外，得經營法令非禁止或限制之業務；F399040 無店面零售業,新北市,變更,11505
60011934,迴鄉辣東南亞文化推廣工作室,新北市中和區興南路1段117巷18號(1樓),楊萬利,60000,,115/05/20,所在地變更,F109070 文教、樂器、育樂用品批發業；F104110 布疋、衣著、鞋、帽、傘、服飾品批發業；F102170 食品什貨批發業；F399040 無店面零售業；F399990 其他綜合零售業；F203010 食品什貨、飲料零售業；F203020 菸酒零售業；F206020 日常用品零售業；F209060 文教、樂器、育樂用品零售業；F401010 國際貿易業；F501030 飲料店業；F501060 餐館業；F601010 智慧財產權業；I103060 管理顧問業；I199990 其他顧問服務業；I301020 資料處理服務業；I401010 一般廣告服務業；I501010 產品設計業；I599990 其他設計業；J303010 雜誌（期刊）出版業；J304010 圖書出版業；J305010 有聲出版業；J399990 其他出版業；J401010 電影片製作業；J404010 動畫影片製作業；J503010 廣播節目製作業（原:J503011廣播節目製作業）；J601010 藝文服務業；J603010 音樂展演空間業；J799990 其他休閒服務業；J602010 演藝活動業；ZZ99999 除許可業務外，得經營法令非禁止或限制之業務；JB01010 會議及展覽服務業；IZ01010 影印業；H703100 不動產租賃業；F501990 其他餐飲業；JA05010 留、遊學服務業,新北市,變更,11505
60015191,毛多多生活館,新北市鶯歌區鳳七路290號(1樓)、292號(1樓) 115年05月,宗祐陞,600000,,115/05/27,增資變更,A401031 特定寵物服務業；F101111 特定寵物批發業；F106060 寵物食品及其用品批發業；F201081 特定寵物零售業；JZ99180 寵物美容服務業；A401060 其他動物服務業,新北市,變更,11505
60016305,義留工程行,新北市土城區中山路99號6樓,范姜祥,2200000,,115/05/28,增資變更,E601010 電器承裝業；E601020 電器安裝業；E603050 自動控制設備工程業；E604010 機械安裝業；E605010 電腦設備安裝業；EZ02010 起重工程業；EZ05010 儀器、儀表安裝工程業；EZ99990 其他工程業；F106010 五金批發業；F106040 水器材料批發業；F111090 建材批發業；F113030 精密儀器批發業；F119010 電子材料批發業；F206010 五金零售業；F206040 水器材料零售業；F219010 電子材料零售業；F401010 國際貿易業；IZ12010 人力派遣業；J101010 建築物清潔服務業；J101030 廢棄物清除業；J101040 廢棄物處理業；J101080 資源回收業；J101090 廢棄物清理業；J101110 營建剩餘土石方資源處理業；JA02010 電器及電子產品修理業；ZZ99999 除許可業務外，得經營法令非禁止或限制之業務,新北市,變更,11505
60018373,鑫陽工程行,新北市淡水區淡海路180巷18弄1號2樓115年05月,張若晨,200000,,115/05/04,轉讓登記,E801010 室內裝潢業；E801020 門窗安裝工程業；E801030 室內輕鋼架工程業；E901010 油漆工程業；E903010 防蝕、防銹工程業；EZ07010 鑽孔工程業；EZ99990 其他工程業；E599010 配管工程業；I503010 景觀、室內設計業；F111090 建材批發業；E801040 玻璃安裝工程業；E801070 廚具、衛浴設備安裝工程業；ZZ99999 除許可業務外，得經營法令非禁止或限制之業務,新北市,變更,11505
60022432,鶴棧桌遊出租社,新北市中和區中正路755號,楊皓宇,200000,,115/05/08,所營業務變更,F203010 食品什貨、飲料零售業；F209060 文教、樂器、育樂用品零售業；J799990 其他休閒服務業；JE01010 租賃業；ZZ99999 除許可業務外，得經營法令非禁止或限制之業務；F218010 資訊軟體零售業；F399040 無店面零售業；I102010 一般投資顧問業；I301010 資訊軟體服務業；J303010 雜誌（期刊）出版業,新北市,變更,11505
60024240,翼戰車業行,新北市樹林區俊英街234號,林耕詰,30000,,115/05/12,所營業務變更,JA02020 機車修理業；JA02990 其他修理業；F214020 機車零售業；F214030 汽、機車零件配備零售業；F214050 車胎零售業；J101990 其他環境衛生及污染防治服務業；ZZ99999 除許可業務外，得經營法令非禁止或限制之業務,新北市,變更,11505
60024570,正大家居行,新北市新店區安興路127之3號（1樓）115年05月,謝憲明,200000,,115/05/05,所在地變更,F105050 家具、寢具、廚房器具、裝設品批發業；F113020 電器批發業；F205040 家具、寢具、廚房器具、裝設品零售業；F213010 電器零售業；J101080 資源回收業；JA02010 電器及電子產品修理業；JA02990 其他修理業；E599010 配管工程業；E601020 電器安裝業；E901010 油漆工程業；E903010 防蝕、防銹工程業；EZ99990 其他工程業；F106040 水器材料批發業；J101030 廢棄物清除業；J101040 廢棄物處理業；J101090 廢棄物清理業；G799990 其他運輸輔助業；ZZ99999 除許可業務外，得經營法令非禁止或限制之業務；F399040 無店面零售業,新北市,變更,11505
60024797,宜得工程行,新北市新店區如意街21號2樓,鐘彥翔,300000,,115/05/14,負責人改名,E599010 配管工程業；E601020 電器安裝業；E603010 電纜安裝工程業；E603050 自動控制設備工程業；E603090 照明設備安裝工程業；E604010 機械安裝業；E701040 簡易電信設備安裝業；EZ99990 其他工程業；IZ12010 人力派遣業；JZ99050 仲介服務業；ZZ99999 除許可業務外，得經營法令非禁止或限制之業務,新北市,變更,11505
60025347,富榯陸公分工作室,新北市中和區中正路277之4號18樓,張舒晴,50000,,115/05/12,外縣市遷入,F204110 布疋、衣著、鞋、帽、傘、服飾品零售業；F205040 家具、寢具、廚房器具、裝設品零售業；F206020 日常用品零售業；F399040 無店面零售業；F399990 其他綜合零售業；ZZ99999 除許可業務外，得經營法令非禁止或限制之業務,新北市,變更,11505
60026036,凌宇電商工作室,新北市土城區金信街71巷6號5樓,林紘毅,1000000,,115/05/04,所在地變更,I301010 資訊軟體服務業；F218010 資訊軟體零售業；F213030 電腦及事務性機器設備零售業；F399040 無店面零售業；ZZ99999 除許可業務外，得經營法令非禁止或限制之業務,新北市,變更,11505
60026681,憶起拾光工作室,新北市汐止區樟樹一路145巷14號11樓之2,蘇偉傑,50000,,115/05/12,合夥人變更,ZZ99999 除許可業務外，得經營法令非禁止或限制之業務；JZ99030 攝影業；I401010 一般廣告服務業,新北市,變更,11505
60029934,大成發企業社,新北市中和區華新街109巷11弄3之1號2樓,孫逸如,58888,,115/05/25,轉讓登記,F106010 五金批發業；F107010 漆料、塗料批發業；F199990 其他批發業；E901010 油漆工程業；EZ99990 其他工程業；ZZ99999 除許可業務外，得經營法令非禁止或限制之業務,新北市,變更,11505
60030192,食酒天小吃店,新北市三峽區中正路1段312號115年05月,陳佳華,50000,,115/05/20,轉讓登記,F201030 水產品零售業；F201990 其他農畜水產品零售業；F203010 食品什貨、飲料零售業；F203020 菸酒零售業；F299990 其他零售業；F399990 其他綜合零售業；F501060 餐館業；F501990 其他餐飲業,新北市,變更,11505
60030643,芳旭工程行,新北市林口區文化三路2段70號11樓,舒莉芳,580000,,115/05/28,所在地變更,E801070 廚具、衛浴設備安裝工程業；F105050 家具、寢具、廚房器具、裝設品批發業；F106010 五金批發業；E604010 機械安裝業；F113010 機械批發業；F113100 污染防治設備批發業；IG03010 能源技術服務業；EZ99990 其他工程業；F111090 建材批發業；JE01010 租賃業；F401010 國際貿易業；ZZ99999 除許可業務外，得經營法令非禁止或限制之業務,新北市,變更,11505
60030881,豐錞咖啡餐館,新北市新莊區中港路307號(1、2樓),李丞恩,3500000,,115/05/11,出資額變更,F501060 餐館業；F501030 飲料店業；ZZ99999 除許可業務外，得經營法令非禁止或限制之業務,新北市,變更,11505
60031447,呂桑選物店,新北市五股區登林路貿商巷3弄12號10樓,呂奕葶,230000,,115/05/06,所在地變更,F107030 清潔用品批發業；F119010 電子材料批發業；F204110 布疋、衣著、鞋、帽、傘、服飾品零售業；F206010 五金零售業；F206020 日常用品零售業；F206040 水器材料零售業；F207020 染料、顏料零售業；F207030 清潔用品零售業；F207190 塑膠膜、袋零售業；F213010 電器零售業；F214990 其他交通運輸工具及其零件零售業；F219010 電子材料零售業；F299990 其他零售業；F399040 無店面零售業；F399990 其他綜合零售業；F401010 國際貿易業；I501010 產品設計業；ZZ99999 除許可業務外，得經營法令非禁止或限制之業務,新北市,變更,11505
60036409,欣越食品行,新北市新莊區民安西路378號19樓之2 115年05月,林佳儀,200000,,115/05/18,轉讓登記,F101040 家畜家禽批發業；F201020 畜產品零售業；F203010 食品什貨、飲料零售業；F101050 水產品批發業；F201030 水產品零售業；F101130 蔬果批發業；F201010 農產品零售業；ZZ99999 除許可業務外，得經營法令非禁止或限制之業務,新北市,變更,11505
60037168,三分文創工作室,新北市新莊區中正路708之6號6樓115年05月,王怡方,200000,,115/05/22,所在地變更,F101040 家畜家禽批發業；F101050 水產品批發業；F101130 蔬果批發業；F101990 其他農、畜、水產品批發業；F102020 食用油脂批發業；F102030 菸酒批發業；F102040 飲料批發業；F102050 茶葉批發業；F102170 食品什貨批發業；F104110 布疋、衣著、鞋、帽、傘、服飾品批發業；F105050 家具、寢具、廚房器具、裝設品批發業；F106010 五金批發業；F106020 日常用品批發業；F106070 祭祀用品批發業；F107030 清潔用品批發業；F108040 化粧品批發業；F109070 文教、樂器、育樂用品批發業；F110010 鐘錶批發業；F110020 眼鏡批發業；F111090 建材批發業；F113010 機械批發業；F113020 電器批發業；F113050 電腦及事務性機器設備批發業；F113070 電信器材批發業；F113110 電池批發業；F113990 其他機械器具批發業；F114030 汽、機車零件配備批發業；F114040 自行車及其零件批發業；F114050 車胎批發業；F114990 其他交通運輸工具及其零件批發業；F115010 首飾及貴金屬批發業；F115020 礦石批發業；F116010 照相器材批發業；F118010 資訊軟體批發業；F119010 電子材料批發業；F199990 其他批發業；F201010 農產品零售業；F201020 畜產品零售業；F201030 水產品零售業；F201990 其他農畜水產品零售業；F203010 食品什貨、飲料零售業；F203020 菸酒零售業；F204110 布疋、衣著、鞋、帽、傘、服飾品零售業；F205040 家具、寢具、廚房器具、裝設品零售業；F206010 五金零售業；F206020 日常用品零售業；F206040 水器材料零售業；F206060 祭祀用品零售業；F208040 化粧品零售業；F208050 乙類成藥零售業；F209060 文教、樂器、育樂用品零售業；F210020 眼鏡零售業；F213010 電器零售業；F213030 電腦及事務性機器設備零售業；F213060 電信器材零售業；F213080 機械器具零售業；F213110 電池零售業；F214030 汽、機車零件配備零售業；F214040 自行車及其零件零售業；F215010 首飾及貴金屬零售業；F216010 照相器材零售業；F218010 資訊軟體零售業；F219010 電子材料零售業；F399040 無店面零售業；F401010 國際貿易業；I301020 資料處理服務業；I301030 電子資訊供應服務業；I401010 一般廣告服務業；I501010 產品設計業；IZ06010 理貨包裝業；IZ99990 其他工商服務業；ZZ99999 除許可業務外，得經營法令非禁止或限制之業務,新北市,變更,11505
60039834,媽咪包子商行,新北市中和區安平路38號(1樓),胡妤鍒,100000,,115/05/20,所營業務變更,F203010 食品什貨、飲料零售業；F501060 餐館業；F399040 無店面零售業；F203030 酒精零售業；ZZ99999 除許可業務外，得經營法令非禁止或限制之業務；F201010 農產品零售業；F399990 其他綜合零售業,新北市,變更,11505
60039953,濾巨人企業社,新北市五股區新城八路273號(1樓) 115年05月,宋怡姗,30000,,115/05/04,轉讓登記,F203010 食品什貨、飲料零售業；F203020 菸酒零售業；F204110 布疋、衣著、鞋、帽、傘、服飾品零售業；F205040 家具、寢具、廚房器具、裝設品零售業；F206010 五金零售業；F206020 日常用品零售業；F209060 文教、樂器、育樂用品零售業；F213010 電器零售業；F213030 電腦及事務性機器設備零售業；ZZ99999 除許可業務外，得經營法令非禁止或限制之業務,新北市,變更,11505
60040608,順富國際車業,新北市樹林區中正路448號,劉建鋐,200000,,115/05/14,所在地變更,F114010 汽車批發業；F214010 汽車零售業；JA01990 其他汽車服務業；ZZ99999 除許可業務外，得經營法令非禁止或限制之業務,新北市,變更,11505
60040712,芯禾國際貿易企業社,新北市新莊區民安西路480巷6號3樓,張雅雯,10000,,115/05/04,所在地變更,F204110 布疋、衣著、鞋、帽、傘、服飾品零售業；F206010 五金零售業；F206020 日常用品零售業；F205040 家具、寢具、廚房器具、裝設品零售業；F206050 寵物食品及其用品零售業；F401010 國際貿易業；ZZ99999 除許可業務外，得經營法令非禁止或限制之業務,新北市,變更,11505
60040831,三食一嗑美式漢堡,新北市三重區五華街55巷63號3樓,紀昱亘,200000,,115/05/04,名稱變更,F501990 其他餐飲業,新北市,變更,11505
60041091,沛涵氧水資源補給站,新北市汐止區樟樹一路119巷21號,梁潁儀,200000,,115/05/08,所在地變更,F102030 菸酒批發業；F102040 飲料批發業；F102170 食品什貨批發業；F106020 日常用品批發業；F203010 食品什貨、飲料零售業；F203020 菸酒零售業；F206020 日常用品零售業；F104110 布疋、衣著、鞋、帽、傘、服飾品批發業；F204110 布疋、衣著、鞋、帽、傘、服飾品零售業；F108040 化粧品批發業；F208040 化粧品零售業；F118010 資訊軟體批發業；F218010 資訊軟體零售業；I501010 產品設計業；JE01010 租賃業；F113070 電信器材批發業；F213060 電信器材零售業；ZZ99999 除許可業務外，得經營法令非禁止或限制之業務,新北市,變更,11505
60042628,賣萌布偶貓舍,新北市新店區中正路265巷11號(1樓),李相儀,100000,,115/05/08,所營業務變更,JZ99990 未分類其他服務業；ZZ99999 除許可業務外，得經營法令非禁止或限制之業務；F101111 特定寵物批發業；F201081 特定寵物零售業,新北市,變更,11505
60045630,喜嘉得商行,新北市板橋區莒光路16巷11號(1樓) 115年05月,黃瀅蓉,150000,,115/05/11,轉讓登記,F501030 飲料店業；F501060 餐館業；F203020 菸酒零售業；F102170 食品什貨批發業；F203010 食品什貨、飲料零售業；ZZ99999 除許可業務外，得經營法令非禁止或限制之業務,新北市,變更,11505
60045694,財哥串烤,新北市新莊區中和街181號115年05月,林品儀,100000,,115/05/22,轉讓登記,F203010 食品什貨、飲料零售業；F501990 其他餐飲業,新北市,變更,11505
60046363,昇鴻國際企業社,新北市蘆洲區中山二路253號5樓115年05月,李宗憲,200000,,115/05/22,所在地變更,CA01050 鋼材二次加工業；CA04010 表面處理業；E599010 配管工程業；E601010 電器承裝業；E601020 電器安裝業；E603040 消防安全設備安裝工程業；E603050 自動控制設備工程業；E603090 照明設備安裝工程業；E605010 電腦設備安裝業；E607010 太陽熱能設備安裝工程業；E701040 簡易電信設備安裝業；E801010 室內裝潢業；E801020 門窗安裝工程業；E801030 室內輕鋼架工程業；E801040 玻璃安裝工程業；E801070 廚具、衛浴設備安裝工程業；E901010 油漆工程業；E903010 防蝕、防銹工程業；EZ02010 起重工程業；EZ07010 鑽孔工程業；EZ11010 球場跑道樹脂材料鋪設工程業；EZ99990 其他工程業；F105050 家具、寢具、廚房器具、裝設品批發業；F106010 五金批發業；F106020 日常用品批發業；F107030 清潔用品批發業；F111090 建材批發業；F113020 電器批發業；F113050 電腦及事務性機器設備批發業；F120010 耐火材料批發業；F205040 家具、寢具、廚房器具、裝設品零售業；F206010 五金零售業；F206020 日常用品零售業；F207010 漆料、塗料零售業；F211010 建材零售業；F213010 電器零售業；F213030 電腦及事務性機器設備零售業；F220010 耐火材料零售業；F399040 無店面零售業；F401010 國際貿易業；H701010 住宅及大樓開發租售業；H701020 工業廠房開發租售業；H701050 投資興建公共建設業；H703090 不動產買賣業；H703100 不動產租賃業；I103060 管理顧問業；I199990 其他顧問服務業；I401010 一般廣告服務業；I401020 廣告傳單分送業；I501010 產品設計業；I503010 景觀、室內設計業；I504010 花藝設計業；I599990 其他設計業；IZ12010 人力派遣業；J101090 廢棄物清理業；ZZ99999 除許可業務外，得經營法令非禁止或限制之業務,新北市,變更,11505
60046856,宏恩醫療器材行,新北市樹林區博愛街45號（1樓）,鄭宜煌,249000,,115/05/15,所在地變更,F108031 醫療器材批發業；F208031 醫療器材零售業；ZZ99999 除許可業務外，得經營法令非禁止或限制之業務,新北市,變更,11505
60050268,皓宸汽車工坊,新北市汐止區大同路1段337巷16弄46號,謝皓全,1000000,,115/05/19,所在地變更,ZZ99999 除許可業務外，得經營法令非禁止或限制之業務；JA01010 汽車修理業；JA01020 汽車拖吊業；JA01990 其他汽車服務業；F213110 電池零售業；F214010 汽車零售業；F214050 車胎零售業,新北市,變更,11505
60052408,波波選品企業社,新北市中和區景新街１７９號,陳美婷,180000,,115/05/29,轉讓登記,F209060 文教、樂器、育樂用品零售業,新北市,變更,11505
60054617,星鮮点商行,新北市林口區民富街99號2樓之1,黃麗卿,200000,,115/05/13,所在地變更,F501060 餐館業；F501990 其他餐飲業；F203010 食品什貨、飲料零售業；F501030 飲料店業；ZZ99999 除許可業務外，得經營法令非禁止或限制之業務,新北市,變更,11505
60057804,芮浤咖啡商行,新北市板橋區大觀路1段26號(1樓),陳裕琮,50000,,115/05/29,轉讓登記,F501030 飲料店業；ZZ99999 除許可業務外，得經營法令非禁止或限制之業務,新北市,變更,11505
60058114,貳木企業社,新北市新店區北新路1段64巷6之5號2樓115年05月,林宜萱,200000,,115/05/22,所在地變更,F104110 布疋、衣著、鞋、帽、傘、服飾品批發業；F105050 家具、寢具、廚房器具、裝設品批發業；F106010 五金批發業；F106020 日常用品批發業；F108040 化粧品批發業；F109070 文教、樂器、育樂用品批發業；F111090 建材批發業；F401010 國際貿易業；I103060 管理顧問業；I501010 產品設計業；I503010 景觀、室內設計業；I502010 服飾設計業；E801010 室內裝潢業；ZZ99999 除許可業務外，得經營法令非禁止或限制之業務,新北市,變更,11505
60059839,慕釩企業社,新北市八里區中山路1段306巷6號,柯廷彬,50000,,115/05/18,轉讓登記,CA02990 其他金屬製品製造業；CN01010 家具及裝設品製造業；F105050 家具、寢具、廚房器具、裝設品批發業；F401010 國際貿易業；ZZ99999 除許可業務外，得經營法令非禁止或限制之業務,新北市,變更,11505
60060370,宇宙手作烘焙坊,新北市三峽區中園街126之25號,蔡子琳,200000,,115/05/22,復業,F501060 餐館業；F203010 食品什貨、飲料零售業；F203020 菸酒零售業；ZZ99999 除許可業務外，得經營法令非禁止或限制之業務,新北市,變更,11505
60062074,元寶集合小吃,新北市新莊區福壽街75號(1樓),葉芸菲,200000,,115/05/04,復業,F501060 餐館業,新北市,變更,11505
60066135,狄恩王子工作室,新北市中和區民享街35巷18號4樓,鄭人豪,300000,,115/05/26,增資變更,I103060 管理顧問業；I199990 其他顧問服務業；I301010 資訊軟體服務業；I301030 電子資訊供應服務業；I301020 資料處理服務業；I301060 網路廣告平臺業；I401010 一般廣告服務業；IZ99990 其他工商服務業；J601010 藝文服務業；J602010 演藝活動業；JB01010 會議及展覽服務業；JZ99030 攝影業；JZ99050 仲介服務業；JZ99990 未分類其他服務業；I599990 其他設計業,新北市,變更,11505
60068324,大鑫長久食品商行,新北市汐止區福德一路141巷16號(1樓) 115年05月,葉曼仙,500000,,115/05/27,增資變更,F201010 農產品零售業；F201020 畜產品零售業；F203010 食品什貨、飲料零售業；F204110 布疋、衣著、鞋、帽、傘、服飾品零售業；F399990 其他綜合零售業；F206020 日常用品零售業；F401010 國際貿易業；F501030 飲料店業；F501990 其他餐飲業；F221010 食品添加物零售業；F301010 百貨公司業；F399010 便利商店業；C104020 烘焙炊蒸食品製造業；ZZ99999 除許可業務外，得經營法令非禁止或限制之業務；F501060 餐館業,新北市,變更,11505
60068844,夾趣坊商行,新北市板橋區中正路253巷6號,楊舒伃,200000,,115/05/08,轉讓登記,ZZ99999 除許可業務外，得經營法令非禁止或限制之業務；F209060 文教、樂器、育樂用品零售業；F203010 食品什貨、飲料零售業；F206020 日常用品零售業；F205040 家具、寢具、廚房器具、裝設品零售業；F206010 五金零售業；F207030 清潔用品零售業；F213010 電器零售業；F208040 化粧品零售業；F215010 首飾及貴金屬零售業；F399040 無店面零售業；F399990 其他綜合零售業；F401010 國際貿易業,新北市,變更,11505
60069246,手搖癮選物販賣,新北市三重區慈愛街57號,陳允祈,200000,,115/05/14,轉讓登記,F209060 文教、樂器、育樂用品零售業；F203010 食品什貨、飲料零售業,新北市,變更,11505
60072328,永洋工程,新北市板橋區三民路2段33號14樓,吳定洋,200000,,115/05/27,所營業務變更,E801010 室內裝潢業；E901010 油漆工程業；EZ99990 其他工程業；ZZ99999 除許可業務外，得經營法令非禁止或限制之業務,新北市,變更,11505
60073234,睿辰企業社,新北市五股區工商路85巷2號、4號(1樓),許世明,6000000,,115/05/20,出資額變更,F501060 餐館業；F203010 食品什貨、飲料零售業；ZZ99999 除許可業務外，得經營法令非禁止或限制之業務,新北市,變更,11505
60073972,李艾琳美妍企業社,新北市林口區民富街99號2樓之1 115年05月,李艾琳,200000,,115/05/05,所營業務變更,JZ99080 美容美髮服務業；ZZ99999 除許可業務外，得經營法令非禁止或限制之業務；F501990 其他餐飲業,新北市,變更,11505
60076252,娛糧商行,新北市永和區永平路146號5樓,黃靖閔,200000,,115/05/26,所在地變更,F204110 布疋、衣著、鞋、帽、傘、服飾品零售業；F104110 布疋、衣著、鞋、帽、傘、服飾品批發業；F206010 五金零售業；F106010 五金批發業；F206020 日常用品零售業；F106020 日常用品批發業；F213080 機械器具零售業；F113010 機械批發業；F213110 電池零售業；F113110 電池批發業；F201030 水產品零售業；F101050 水產品批發業；F101040 家畜家禽批發業；F201990 其他農畜水產品零售業；F101990 其他農、畜、水產品批發業；F201010 農產品零售業；F201020 畜產品零售業；F401010 國際貿易業；F399040 無店面零售業；I401010 一般廣告服務業；I501010 產品設計業；ZZ99999 除許可業務外，得經營法令非禁止或限制之業務,新北市,變更,11505
60076751,朕宅夾選物販賣娃娃機,新北市土城區清水路97號,林毓昇,70000,,115/05/25,轉讓登記,F209060 文教、樂器、育樂用品零售業,新北市,變更,11505
60077105,夾嘿皮仁義選物販賣,新北市三重區仁義街19號,王祥宇,180000,,115/05/14,轉讓登記,F209060 文教、樂器、育樂用品零售業,新北市,變更,11505
60083471,小泫運動彩券行,新北市泰山區明志路3段217號(1樓) 115年05月,黃金枝,100000,,115/05/18,名稱變更,IZ18021 運動彩券經銷業,新北市,變更,11505
60083768,賦海企業社,新北市樹林區保安街2段181號3樓115年05月,林俊瑋,200000,,115/05/05,更正,CB01020 事務機器製造業；F102020 食用油脂批發業；F102050 茶葉批發業；F102170 食品什貨批發業；F104110 布疋、衣著、鞋、帽、傘、服飾品批發業；F105050 家具、寢具、廚房器具、裝設品批發業；F106050 陶瓷玻璃器皿批發業；F108040 化粧品批發業；F113020 電器批發業；F113050 電腦及事務性機器設備批發業；F113070 電信器材批發業；F114010 汽車批發業；F114030 汽、機車零件配備批發業；F119010 電子材料批發業；F201010 農產品零售業；F201020 畜產品零售業；F201030 水產品零售業；F203010 食品什貨、飲料零售業；F203020 菸酒零售業；F204110 布疋、衣著、鞋、帽、傘、服飾品零售業；F205040 家具、寢具、廚房器具、裝設品零售業；F206020 日常用品零售業；F206040 水器材料零售業；F207010 漆料、塗料零售業；F207030 清潔用品零售業；F208040 化粧品零售業；F208050 乙類成藥零售業；F213010 電器零售業；F213030 電腦及事務性機器設備零售業；F213060 電信器材零售業；F214010 汽車零售業；F214030 汽、機車零件配備零售業；F216010 照相器材零售業；F219010 電子材料零售業；F301010 百貨公司業；F301020 超級市場業；F399010 便利商店業；F399040 無店面零售業；F401010 國際貿易業；I301060 網路廣告平臺業；I199990 其他顧問服務業；I301010 資訊軟體服務業；I301020 資料處理服務業；I301030 電子資訊供應服務業；I401010 一般廣告服務業；I401020 廣告傳單分送業；I501010 產品設計業；I599990 其他設計業；IZ99990 其他工商服務業；ZZ99999 除許可業務外，得經營法令非禁止或限制之業務,新北市,變更,11505
60098447,鴻銳空調工程行,新北市鶯歌區中正一路234號(1樓),陳鎮偉,200000,,115/05/26,所在地變更,JA02010 電器及電子產品修理業；E599010 配管工程業；E601010 電器承裝業；E601020 電器安裝業；E801010 室內裝潢業；EZ02010 起重工程業；F106010 五金批發業；F113020 電器批發業；F206040 水器材料零售業；F213010 電器零售業；IZ12010 人力派遣業；J101040 廢棄物處理業；ZZ99999 除許可業務外，得經營法令非禁止或限制之業務,新北市,變更,11505
60112898,耀誠車業企業社,新北市新莊區思源路177巷5弄22號4樓,林茂凱,220000,,115/05/25,外縣市遷入,JA01010 汽車修理業；JA01990 其他汽車服務業；JA02990 其他修理業；F214050 車胎零售業；F114010 汽車批發業；F214010 汽車零售業；CD01030 汽車及其零件製造業；ZZ99999 除許可業務外，得經營法令非禁止或限制之業務,新北市,變更,11505
60113117,禎好練健康體適能工作室,新北市土城區中央路1段121巷10弄10號4樓115年05月,劉又禎,220000,,115/05/07,外縣市遷入,J802010 運動訓練業；IZ12010 人力派遣業；J202010 產業育成業；I199990 其他顧問服務業；F204110 布疋、衣著、鞋、帽、傘、服飾品零售業；ZZ99999 除許可業務外，得經營法令非禁止或限制之業務,新北市,變更,11505
60247559,聖冠峰源工程行,新北市烏來區西羅岸路108號,許勤,200000,,115/05/12,外縣市遷入,E603100 電焊工程業；E603120 噴砂工程業；E801030 室內輕鋼架工程業；E801020 門窗安裝工程業；E901010 油漆工程業；E903010 防蝕、防銹工程業；E604010 機械安裝業；EZ02010 起重工程業；EZ99990 其他工程業；A102080 園藝服務業；A202040 伐木業；A201010 造林業；A299990 其他林業；J101030 廢棄物清除業；J101040 廢棄物處理業；J101090 廢棄物清理業；E801010 室內裝潢業；I401010 一般廣告服務業；I501010 產品設計業；EZ06010 交通標示工程業；JE01010 租賃業；F207010 漆料、塗料零售業；F211010 建材零售業,新北市,變更,11505
60872503,潤璟工作室,新北市土城區新洲路100號8樓115年05月,吳佳倩,50000,,115/05/12,所營業務變更,I401010 一般廣告服務業；I501010 產品設計業；I599990 其他設計業；J601010 藝文服務業；F399040 無店面零售業；F399990 其他綜合零售業；ZZ99999 除許可業務外，得經營法令非禁止或限制之業務,新北市,變更,11505
61218005,赫眏智穎國際眏象影業,新北市板橋區中山路1段293之1號10樓之1,林裕玲,100000,,115/05/12,名稱變更,JZ99030 攝影業；I401010 一般廣告服務業；J601010 藝文服務業；I301020 資料處理服務業；JZ99090 喜慶綜合服務業；J404010 動畫影片製作業；J604010 聲音錄製及音樂發行業；J503050 錄影節目帶業（原:J503051錄影節目帶業）；J503010 廣播節目製作業（原:J503011廣播節目製作業）；J503020 電視節目製作業（原:J503021電視節目製作業）；J503040 廣播電視廣告業（原:J503041廣播電視廣告業）；J401010 電影片製作業；J404050 電影特效製作業；IZ04010 翻譯業；I301060 網路廣告平臺業；I199990 其他顧問服務業；F399040 無店面零售業；JE01010 租賃業；I501010 產品設計業；J404020 提供設備及場地供電影片拍攝業；ZZ99999 除許可業務外，得經營法令非禁止或限制之業務,新北市,變更,11505
61220157,金喜夾屋,新北市鶯歌區中正一路166號,賴士宏,100000,,115/05/28,轉讓登記,F209060 文教、樂器、育樂用品零售業,新北市,變更,11505
61220451,凌晨湯品號,新北市土城區中央路2段135號(1樓),薛金玫,200000,,115/05/26,轉讓登記,F501060 餐館業,新北市,變更,11505
61220826,梵天工程行,新北市淡水區新市五路3段332號19樓,連宥境,200000,,115/05/20,所營業務變更,E801010 室內裝潢業；E901010 油漆工程業；E903010 防蝕、防銹工程業；EZ99990 其他工程業；ZZ99999 除許可業務外，得經營法令非禁止或限制之業務；E599010 配管工程業；E601020 電器安裝業；E603090 照明設備安裝工程業；E801020 門窗安裝工程業；E801030 室內輕鋼架工程業；E801040 玻璃安裝工程業；E801070 廚具、衛浴設備安裝工程業；F106010 五金批發業；F111090 建材批發業；F206010 五金零售業；F211010 建材零售業；I503010 景觀設計業,新北市,變更,11505
61221141,云誠食品行,新北市淡水區水碓街39號115年05月,蘇洺暉,50000,,115/05/20,所在地變更,F501060 餐館業；F203010 食品什貨、飲料零售業,新北市,變更,11505
61222459,金鑫鋼構工程行,新北市汐止區新台五路1段93號21樓之6,賴文博,240000,,115/05/20,所營業務變更,E502010 燃料導管安裝工程業；E599010 配管工程業；E601010 電器承裝業；E601020 電器安裝業；E603010 電纜安裝工程業；E603050 自動控制設備工程業；E603100 電焊工程業；E603110 冷作工程業；E603120 噴砂工程業；E604010 機械安裝業；E607010 太陽熱能設備安裝工程業；E801010 室內裝潢業；E901010 油漆工程業；E903010 防蝕、防銹工程業；EZ02010 起重工程業；EZ03010 鎔爐安裝業；EZ07010 鑽孔工程業；EZ99990 其他工程業；ZZ99999 除許可業務外，得經營法令非禁止或限制之業務；A102080 園藝服務業,新北市,變更,11505
61222958,暮光指間美甲工作室,新北市三峽區忠孝街32號(2樓),莊旻璇,20000,,115/05/26,其他,ZZ99999 除許可業務外，得經營法令非禁止或限制之業務；JZ99990 未分類其他服務業,新北市,變更,11505
61225553,和豐機車行,新北市鶯歌區高職西街3號,郭景棠,200000,,115/05/25,所營業務變更,F214020 機車零售業；F214030 汽、機車零件配備零售業；JE01010 租賃業；ZZ99999 除許可業務外，得經營法令非禁止或限制之業務；F214010 汽車零售業；F213060 電信器材零售業；I199990 其他顧問服務業；IE01010 電信業務門號代辦業,新北市,變更,11505
61225890,瑞鋒工程行,新北市三重區安和路45號115年05月,戴瑞昱,200000,,115/05/18,所在地變更,E801020 門窗安裝工程業；E903010 防蝕、防銹工程業；EZ07010 鑽孔工程業；F106010 五金批發業；F111090 建材批發業；ZZ99999 除許可業務外，得經營法令非禁止或限制之業務,新北市,變更,11505
61230248,木禾行銷設計企業社,新北市新莊區樹新路206號5樓,鄭裕樺,240000,,115/05/08,負責人變更,E601010 電器承裝業；E601020 電器安裝業；E603040 消防安全設備安裝工程業；E603050 自動控制設備工程業；E603090 照明設備安裝工程業；E605010 電腦設備安裝業；E801010 室內裝潢業；E801020 門窗安裝工程業；E801030 室內輕鋼架工程業；E801040 玻璃安裝工程業；E801070 廚具、衛浴設備安裝工程業；E901010 油漆工程業；E903010 防蝕、防銹工程業；F111090 建材批發業；F211010 建材零售業；CN01010 家具及裝設品製造業；F399040 無店面零售業；F401010 國際貿易業；F113050 電腦及事務性機器設備批發業；F118010 資訊軟體批發業；F213030 電腦及事務性機器設備零售業；F218010 資訊軟體零售業；I301010 資訊軟體服務業；I301020 資料處理服務業；I301030 電子資訊供應服務業；I301060 網路廣告平臺業；J399010 軟體出版業；I401010 一般廣告服務業；I501010 產品設計業；I503010 景觀、室內設計業；I599990 其他設計業；I103060 管理顧問業；I199990 其他顧問服務業；JB01010 會議及展覽服務業；ZZ99999 除許可業務外，得經營法令非禁止或限制之業務,新北市,變更,11505
61231507,北之國食堂,新北市板橋區龍泉街125號115年05月,黃素連,100000,,115/05/13,轉讓登記,F501060 餐館業,新北市,變更,11505
61233364,建國通訊行,新北市鶯歌區建國路135號(1樓),林俊雄,200000,,115/05/11,所營業務變更,IE01010 電信業務門號代辦業；JA02010 電器及電子產品修理業；F113070 電信器材批發業；F213060 電信器材零售業；F113110 電池批發業；F213110 電池零售業；E701030 電信管制射頻器材裝設工程業；F219010 電子材料零售業；E605010 電腦設備安裝業；F118010 資訊軟體批發業；F113050 電腦及事務性機器設備批發業；F106010 五金批發業；F399040 無店面零售業；F401010 國際貿易業；F301010 百貨公司業；ZZ99999 除許可業務外，得經營法令非禁止或限制之業務；F113030 精密儀器批發業；F213040 精密儀器零售業；E701040 簡易電信設備安裝業；F119010 電子材料批發業；F208031 醫療器材零售業；F108031 醫療器材批發業,新北市,變更,11505
61235763,瑀初商行,新北市汐止區大同路3段437號5樓之5,高偲嘉,100000,,115/05/28,所營業務變更,F399040 無店面零售業；F209060 文教、樂器、育樂用品零售業；ZZ99999 除許可業務外，得經營法令非禁止或限制之業務；F203010 食品什貨、飲料零售業；F204110 布疋、衣著、鞋、帽、傘、服飾品零售業；F206020 日常用品零售業,新北市,變更,11505
61236453,起源小吃店,新北市新莊區中正路516號之42(1樓),吳浩宇,200000,,115/05/19,名稱變更,F501060 餐館業；F203020 菸酒零售業；F501030 飲料店業,新北市,變更,11505
61236714,美力承現商行,新北市林口區文化二路1段372號(1樓) 115年05月,蘇美鳳,200000,,115/05/11,所在地變更,ZZ99999 除許可業務外，得經營法令非禁止或限制之業務；F501990 其他餐飲業,新北市,變更,11505
61237360,梅子喪務禮儀社,新北市板橋區新海路403巷5號4樓,施昱邦,200000,,115/05/21,轉讓登記,JZ99151 殯葬禮儀服務業；F106070 祭祀用品批發業；F101100 花卉批發業；F101130 蔬果批發業；F104110 布疋、衣著、鞋、帽、傘、服飾品批發業；F105050 家具、寢具、廚房器具、裝設品批發業；F106010 五金批發業；F106020 日常用品批發業；F201010 農產品零售業；F201070 花卉零售業；F203010 食品什貨、飲料零售業；F204110 布疋、衣著、鞋、帽、傘、服飾品零售業；F205040 家具、寢具、廚房器具、裝設品零售業；F206010 五金零售業；F206020 日常用品零售業；F206060 祭祀用品零售業；F399040 無店面零售業；F401010 國際貿易業；IZ12010 人力派遣業；IZ99990 其他工商服務業；JZ99090 喜慶綜合服務業；ZZ99999 除許可業務外，得經營法令非禁止或限制之業務,新北市,變更,11505
61238375,卡佐選品商行,新北市三重區中寮街29號(1樓) 115年05月,陳黃靖,200000,,115/05/19,更正,F104110 布疋、衣著、鞋、帽、傘、服飾品批發業；F105050 家具、寢具、廚房器具、裝設品批發業；F106020 日常用品批發業；F107030 清潔用品批發業；F109070 文教、樂器、育樂用品批發業；F108040 化粧品批發業；F203010 食品什貨、飲料零售業；F204110 布疋、衣著、鞋、帽、傘、服飾品零售業；F205040 家具、寢具、廚房器具、裝設品零售業；F206010 五金零售業；F206020 日常用品零售業；F207030 清潔用品零售業；F208040 化粧品零售業；F209060 文教、樂器、育樂用品零售業；F399040 無店面零售業；F401010 國際貿易業；ZZ99999 除許可業務外，得經營法令非禁止或限制之業務,新北市,變更,11505
61242130,說嶼創作工作室,新北市樹林區東華街58號2樓,陳力說,200000,,115/05/29,所營業務變更,I301010 資訊軟體服務業；I301020 資料處理服務業；I301030 電子資訊供應服務業；I301060 網路廣告平臺業；I401010 一般廣告服務業；I501010 產品設計業；I599990 其他設計業；J601010 藝文服務業；F204110 布疋、衣著、鞋、帽、傘、服飾品零售業；F205040 家具、寢具、廚房器具、裝設品零售業；F206020 日常用品零售業；F209060 文教、樂器、育樂用品零售業；F299990 其他零售業；F399040 無店面零售業；F601010 智慧財產權業；ZZ99999 除許可業務外，得經營法令非禁止或限制之業務,新北市,變更,11505
61243031,緣善堂禮儀社,新北市新莊區福壽街59巷1號3樓,廖宏源,200000,,115/05/21,名稱變更,JZ99151 殯葬禮儀服務業；JZ99190 寵物生命紀念業；F206060 祭祀用品零售業；F201070 花卉零售業；F204110 布疋、衣著、鞋、帽、傘、服飾品零售業；F201010 農產品零售業；F203010 食品什貨、飲料零售業；F206020 日常用品零售業；I103060 管理顧問業；JZ99090 喜慶綜合服務業；F215020 礦石零售業；F401010 國際貿易業；I501010 產品設計業；ZZ99999 除許可業務外，得經營法令非禁止或限制之業務,新北市,變更,11505
61243270,元憶企業社,新北市新莊區新崑路143號5樓115年05月,賈永竹,800000,,115/05/21,增資變更,I301010 資訊軟體服務業；I301020 資料處理服務業；I301030 電子資訊供應服務業；I401010 一般廣告服務業；I599990 其他設計業；J399010 軟體出版業；ZZ99999 除許可業務外，得經營法令非禁止或限制之業務,新北市,變更,11505
61245220,仕帆食宴工作室,新北市中和區中山路2段332巷13號12樓,邵俊翰,200000,,115/05/19,組織變更,F102170 食品什貨批發業；F106020 日常用品批發業；F102040 飲料批發業；F203010 食品什貨、飲料零售業；F206020 日常用品零售業；F399990 其他綜合零售業；F399040 無店面零售業；F501060 餐館業；F501990 其他餐飲業；ZZ99999 除許可業務外，得經營法令非禁止或限制之業務,新北市,變更,11505
61246776,搓搓館,新北市泰山區明志路2段242號,古俊賢,50000,,115/05/04,轉讓登記,J799990 其他休閒服務業；F203010 食品什貨、飲料零售業；F501030 飲料店業；F209060 文教、樂器、育樂用品零售業；ZZ99999 除許可業務外，得經營法令非禁止或限制之業務,新北市,變更,11505
61247156,貳伍零零俬室商行,新北市三重區重新路1段84號(2樓),張家棟,80000,,115/05/14,所營業務變更,F208040 化粧品零售業；F399040 無店面零售業；I103060 管理顧問業；I401010 一般廣告服務業；J503020 電視節目製作業（原:J503021電視節目製作業）；J602010 演藝活動業；I199990 其他顧問服務業；F401010 國際貿易業；F206020 日常用品零售業；F106020 日常用品批發業；ZZ99999 除許可業務外，得經營法令非禁止或限制之業務；F299010 成人用品零售業,新北市,變更,11505
61247986,巨盟商行,新北市板橋區館前東路13號2樓之1 115年05月,王大維,200000,,115/05/28,轉讓登記,F501030 飲料店業,新北市,變更,11505
61248177,要買衣服嗎工作室,新北市樹林區三德街30巷16弄19之4號3樓,林熠寬,240000,,115/05/18,所營業務變更,F204110 布疋、衣著、鞋、帽、傘、服飾品零售業；F205040 家具、寢具、廚房器具、裝設品零售業；ZZ99999 除許可業務外，得經營法令非禁止或限制之業務；F206020 日常用品零售業；F207030 清潔用品零售業；F208040 化粧品零售業；F209060 文教、樂器、育樂用品零售業；F215010 首飾及貴金屬零售業；F215020 礦石零售業；F399040 無店面零售業；F104110 布疋、衣著、鞋、帽、傘、服飾品批發業；F401010 國際貿易業；I401010 一般廣告服務業；I502010 服飾設計業；IZ06010 理貨包裝業；F206010 五金零售業；F106010 五金批發業；IZ13010 網路認證服務業；F299990 其他零售業；F199990 其他批發業；IZ99990 其他工商服務業；F105050 家具、寢具、廚房器具、裝設品批發業；F106020 日常用品批發業；F107030 清潔用品批發業；F108040 化粧品批發業；F109070 文教、樂器、育樂用品批發業；F115010 首飾及貴金屬批發業；F115020 礦石批發業；F208050 乙類成藥零售業；F399990 其他綜合零售業,新北市,變更,11505
61248330,益昌工程行,新北市三重區仁義街159巷2號4樓115年05月,謝函軒,240000,,115/05/12,增資變更,I401010 一般廣告服務業；C701010 印刷業；E601020 電器安裝業；E603090 照明設備安裝工程業；E603100 電焊工程業；E801020 門窗安裝工程業；E901010 油漆工程業；E903010 防蝕、防銹工程業；EZ02010 起重工程業；EZ99990 其他工程業；EZ06010 交通標示工程業；CA02990 其他金屬製品製造業；F601010 智慧財產權業；ZZ99999 除許可業務外，得經營法令非禁止或限制之業務,新北市,變更,11505
61248423,南灣企業社,新北市永和區保平路93巷1號115年05月,薛春明,100000,,115/05/20,轉讓登記,F203010 食品什貨、飲料零售業；F203020 菸酒零售業；F204110 布疋、衣著、鞋、帽、傘、服飾品零售業；F205040 家具、寢具、廚房器具、裝設品零售業；F206020 日常用品零售業；F208040 化粧品零售業；F209060 文教、樂器、育樂用品零售業；F213030 電腦及事務性機器設備零售業；F102170 食品什貨批發業；F102030 菸酒批發業；F104110 布疋、衣著、鞋、帽、傘、服飾品批發業；F105050 家具、寢具、廚房器具、裝設品批發業；F106020 日常用品批發業；F108040 化粧品批發業；F109070 文教、樂器、育樂用品批發業；F113050 電腦及事務性機器設備批發業；F399040 無店面零售業；F399990 其他綜合零售業；F401010 國際貿易業；F501030 飲料店業；F501060 餐館業；A301040 娛樂漁業；J202010 產業育成業；J303010 雜誌（期刊）出版業；J304010 圖書出版業；J305010 有聲出版業；J503010 廣播節目製作業（原:J503011廣播節目製作業）；J503020 電視節目製作業（原:J503021電視節目製作業）；J503030 廣播電視節目發行業（原:J503031廣播電視節目發行業）；J503040 廣播電視廣告業（原:J503041廣播電視廣告業）；J601010 藝文服務業；J602010 演藝活動業；J701080 水域遊憩活動經營業；J799990 其他休閒服務業；JA05010 留、遊學服務業；JB01010 會議及展覽服務業；JE01010 租賃業；JZ99050 仲介服務業；JZ99990 未分類其他服務業；I103060 管理顧問業；I199990 其他顧問服務業；I301030 電子資訊供應服務業；I501010 產品設計業；I599990 其他設計業；IZ15010 市場研究及民意調查業；IZ99990 其他工商服務業；G302010 小船經營業；H703100 不動產租賃業；HZ99990 其他金融、保險及不動產業；ZZ99999 除許可業務外，得經營法令非禁止或限制之業務,新北市,變更,11505
61249181,紙示回春堂,新北市永和區中和路305巷2弄18號3樓,林春喜,50000,,115/05/15,所營業務變更,J601010 藝文服務業；F209060 文教、樂器、育樂用品零售業；F206010 五金零售業；I501010 產品設計業,新北市,變更,11505
61250454,芸芷企業社,新北市土城區學士路21號6樓之1,顏沛濬,200000,,115/05/21,所營業務變更,F401010 國際貿易業；F399040 無店面零售業；I199990 其他顧問服務業；JE01010 租賃業；F111090 建材批發業,新北市,變更,11505
61251101,日日喜企業社,新北市萬里區萬里里成功新邨41號,何峻宇,240000,,115/05/07,所營業務變更,F501030 飲料店業；F201010 農產品零售業；F201020 畜產品零售業；F201050 漁具零售業；F201070 花卉零售業；F201090 觀賞魚零售業；F203010 食品什貨、飲料零售業；F399010 便利商店業；F399040 無店面零售業；CZ99010 製冰業；F201030 水產品零售業；ZZ99999 除許可業務外，得經營法令非禁止或限制之業務,新北市,變更,11505
61253109,雪碧美學工作室,新北市土城區裕民路188號2樓,劉文碧,50000,,115/05/18,所在地變更,JZ99080 美容美髮服務業；ZZ99999 除許可業務外，得經營法令非禁止或限制之業務,新北市,變更,11505
61253804,齊安商行,新北市三峽區國光街83號(2樓) 115年05月,陳威豪,200000,,115/05/29,所在地變更,F101050 水產品批發業；F101040 家畜家禽批發業；F102040 飲料批發業；F201010 農產品零售業；F201020 畜產品零售業；F201030 水產品零售業；F203010 食品什貨、飲料零售業；F203020 菸酒零售業；F501060 餐館業；F501990 其他餐飲業；F399040 無店面零售業；F102170 食品什貨批發業；F201070 花卉零售業；F207030 清潔用品零售業；F207190 塑膠膜、袋零售業；G202010 停車場經營業；ZZ99999 除許可業務外，得經營法令非禁止或限制之業務,新北市,變更,11505
61253918,鑫聖工程行,新北市新店區新烏路2段301之10號,黃明鈺,200000,,115/05/22,轉讓登記,E901010 油漆工程業；E903010 防蝕、防銹工程業；EZ99990 其他工程業；E599010 配管工程業；E801030 室內輕鋼架工程業；EZ15010 保溫、保冷安裝工程業；J101010 建築物清潔服務業；J101030 廢棄物清除業；J101090 廢棄物清理業；ZZ99999 除許可業務外，得經營法令非禁止或限制之業務,新北市,變更,11505
61253945,聖陽車業,新北市新店區安興路127之3號(1樓),咸陽,200000,,115/05/04,所營業務變更,F214010 汽車零售業；F114010 汽車批發業；F214030 汽、機車零件配備零售業；JA01990 其他汽車服務業；JE01010 租賃業；ZZ99999 除許可業務外，得經營法令非禁止或限制之業務,新北市,變更,11505
61254043,聚禾企業社,新北市新莊區後港一路17巷16號(1樓),游柏榮,200000,,115/05/27,轉讓登記,F101040 家畜家禽批發業；F101050 水產品批發業；F104110 布疋、衣著、鞋、帽、傘、服飾品批發業；F105050 家具、寢具、廚房器具、裝設品批發業；F106020 日常用品批發業；F108040 化粧品批發業；F109070 文教、樂器、育樂用品批發業；F199990 其他批發業；F201030 水產品零售業；F204110 布疋、衣著、鞋、帽、傘、服飾品零售業；F205040 家具、寢具、廚房器具、裝設品零售業；F206020 日常用品零售業；F208040 化粧品零售業；F399040 無店面零售業；F399990 其他綜合零售業；F401010 國際貿易業,新北市,變更,11505
61254374,偉達汽車行,新北市樹林區中山路2段121之2號115年05月,黃偉豪,200000,,115/05/11,所營業務變更,CA01070 廢車船解體及廢鋼鐵五金處理業；F114030 汽、機車零件配備批發業；F114050 車胎批發業；F199010 回收物料批發業；F214010 汽車零售業；F214030 汽、機車零件配備零售業；F214050 車胎零售業；F399040 無店面零售業；JA01010 汽車修理業；JA01020 汽車拖吊業；JA01990 其他汽車服務業；ZZ99999 除許可業務外，得經營法令非禁止或限制之業務,新北市,變更,11505
61254727,佑信企業社,新北市新莊區富貴路502號7樓,莊承容,240000,,115/05/29,所營業務變更,H201010 一般投資業；H202010 創業投資業；H703100 不動產租賃業；H703090 不動產買賣業；I102010 一般投資顧問業；I103060 管理顧問業；I105010 藝術品諮詢顧問業；I301010 資訊軟體服務業；I301020 資料處理服務業；I401010 一般廣告服務業；F401010 國際貿易業；F399040 無店面零售業；F203010 食品什貨、飲料零售業；F214030 汽、機車零件配備零售業；JE01010 租賃業；ZZ99999 除許可業務外，得經營法令非禁止或限制之業務,新北市,變更,11505
61255042,固明工程行,新北市板橋區華江九路13號3樓,林明欽,100000,,115/05/27,所在地變更,E599010 配管工程業；E601020 電器安裝業；E603040 消防安全設備安裝工程業；E603050 自動控制設備工程業；E601010 電器承裝業；E603090 照明設備安裝工程業；E701040 簡易電信設備安裝業；E801010 室內裝潢業；E801020 門窗安裝工程業；E801030 室內輕鋼架工程業；E801040 玻璃安裝工程業；E801070 廚具、衛浴設備安裝工程業；E901010 油漆工程業；E903010 防蝕、防銹工程業；EZ05010 儀器、儀表安裝工程業；F106040 水器材料批發業；F113110 電池批發業；F117010 消防安全設備批發業；F206040 水器材料零售業；F213110 電池零售業；F217010 消防安全設備零售業；G202010 停車場經營業；I103060 管理顧問業；ZZ99999 除許可業務外，得經營法令非禁止或限制之業務,新北市,變更,11505
61255107,小寶越南美食,新北市林口區中山路97巷16號,黎永月,200000,,115/05/07,轉讓登記,F501060 餐館業,新北市,變更,11505
61255198,枃家企業社,新北市三重區昌隆街69號2樓115年05月,葉家君,50000,,115/05/07,所營業務變更,I599990 其他設計業；F108031 醫療器材批發業；F208031 醫療器材零售業；F213080 機械器具零售業；F213010 電器零售業,新北市,變更,11505
61255205,福光雞肉店,新北市板橋區重慶路276之10號,李昀,200000,,115/05/06,轉讓登記,F501060 餐館業；ZZ99999 除許可業務外，得經營法令非禁止或限制之業務,新北市,變更,11505
61255275,空白小屋,新北市三芝區淺水灣街6之2號7樓,范維真,200000,,115/05/05,更正,J202010 產業育成業；J601010 藝文服務業；J602010 演藝活動業；JZ99080 美容美髮服務業；JZ99090 喜慶綜合服務業；JZ99990 未分類其他服務業；F215010 首飾及貴金屬零售業；F215020 礦石零售業；F399040 無店面零售業；F201070 花卉零售業；F107990 其他化學製品批發業；F207990 其他化學製品零售業；I301010 資訊軟體服務業；J304010 圖書出版業；F208040 化粧品零售業；ZZ99999 除許可業務外，得經營法令非禁止或限制之業務；IG02010 研究發展服務業；I105010 藝術品諮詢顧問業；I199990 其他顧問服務業,新北市,變更,11505
61255768,量子甜品屋,新北市新莊區西盛街269巷28號,陳曉璇,100000,,115/05/12,所營業務變更,F203010 食品什貨、飲料零售業；F399040 無店面零售業,新北市,變更,11505
61256041,小夏民宿,新北市板橋區中山路1段10號11樓,王洲權,200000,,115/05/04,所營業務變更,JZ99990 未分類其他服務業；J799990 其他休閒服務業；J905010 民宿；ZZ99999 除許可業務外，得經營法令非禁止或限制之業務,新北市,變更,11505
61256128,尚禾機車座墊行,新北市新莊區公園一路106號(1樓) 115年05月,楊祥禾,100000,,115/05/07,所營業務變更,JA02990 其他修理業；JA02020 機車修理業,新北市,變更,11505
61256719,回域工程行,新北市中和區板南路671號10樓,黃薇,220000,,115/05/07,名稱變更,E601020 電器安裝業；E603050 自動控制設備工程業；E603090 照明設備安裝工程業；E801020 門窗安裝工程業；E801040 玻璃安裝工程業；E801070 廚具、衛浴設備安裝工程業；E901010 油漆工程業；E599010 配管工程業；F111090 建材批發業；F120010 耐火材料批發業；F205040 家具、寢具、廚房器具、裝設品零售業；F206010 五金零售業；F207010 漆料、塗料零售業；F211010 建材零售業；F220010 耐火材料零售業；I503010 景觀設計業；J101030 廢棄物清除業；ZZ99999 除許可業務外，得經營法令非禁止或限制之業務；E801010 室內裝潢業,新北市,變更,11505
61256794,麥麥食研所,新北市板橋區新崑路92號(1樓),李怡文,50000,,115/05/13,所營業務變更,F203010 食品什貨、飲料零售業；F203020 菸酒零售業；F203030 酒精零售業；F204110 布疋、衣著、鞋、帽、傘、服飾品零售業；F205040 家具、寢具、廚房器具、裝設品零售業；F206010 五金零售業；F206020 日常用品零售業；F299990 其他零售業；F399040 無店面零售業；F399990 其他綜合零售業；F501990 其他餐飲業；ZZ99999 除許可業務外，得經營法令非禁止或限制之業務,新北市,變更,11505
61256886,夏木工作室,新北市新店區中興路1段28號,郭叡穎,80000,,115/05/12,所營業務變更,JZ99990 未分類其他服務業；I199990 其他顧問服務業；IZ99990 其他工商服務業,新北市,變更,11505
61257040,上弦商行,新北市汐止區新江北路30巷22弄1號,高裕景,100000,,115/05/18,所營業務變更,F209060 文教、樂器、育樂用品零售業；ZZ99999 除許可業務外，得經營法令非禁止或限制之業務,新北市,變更,11505
61257549,友妮可商行,新北市土城區明峯街28巷14號115年05月,曹尚鉉,500000,,115/05/28,所營業務變更,F399040 無店面零售業；F204110 布疋、衣著、鞋、帽、傘、服飾品零售業；F206020 日常用品零售業,新北市,變更,11505
61257668,潮煬沐光實業社,新北市中和區員山路151巷5號5樓,王乙捷,240000,,115/05/12,所營業務變更,F108040 化粧品批發業；F208040 化粧品零售業；F399040 無店面零售業；F102170 食品什貨批發業；F203010 食品什貨、飲料零售業；F106020 日常用品批發業；F206020 日常用品零售業；F101040 家畜家禽批發業；F101050 水產品批發業；F101990 其他農、畜、水產品批發業；F102040 飲料批發業；F201010 農產品零售業；F201030 水產品零售業；F201990 其他農畜水產品零售業；F207030 清潔用品零售業；F204110 布疋、衣著、鞋、帽、傘、服飾品零售業；F205040 家具、寢具、廚房器具、裝設品零售業；F206010 五金零售業；F399990 其他綜合零售業；F401010 國際貿易業；I101090 食品顧問業；I103060 管理顧問業；IZ99990 其他工商服務業；I199990 其他顧問服務業；JZ99990 未分類其他服務業；ZZ99999 除許可業務外，得經營法令非禁止或限制之業務,新北市,變更,11505
61257962,再改一版工作室,新北市板橋區中山路2段96號6樓,鍾毓軒,10000,,115/05/08,其他,I301010 資訊軟體服務業,新北市,變更,11505
61258174,蜀香記,新北市林口區文化二路1段20巷23號,段小紅,120000,,115/05/25,其他,F501060 餐館業；F501030 飲料店業；F203010 食品什貨、飲料零售業；F399040 無店面零售業；F301020 超級市場業；F215020 礦石零售業,新北市,變更,11505
61258239,左灣商行,新北市永和區永和路1段18巷2號6樓之3,陳怡萍,200000,,115/05/14,所在地變更,F399010 便利商店業；F301020 超級市場業；ZZ99999 除許可業務外，得經營法令非禁止或限制之業務,新北市,變更,11505
61258435,映禾髮甲工坊,新北市樹林區學林路93號115年05月,詹惠羽,100000,,115/05/21,所營業務變更,JZ99080 美容美髮服務業；F208040 化粧品零售業；ZZ99999 除許可業務外，得經營法令非禁止或限制之業務,新北市,變更,11505
61258575,辰藝工作室,新北市三峽區民族街28巷9弄22號(1樓),薛辰禾,20000,,115/05/14,所營業務變更,F209060 文教、樂器、育樂用品零售業；F206010 五金零售業；F206020 日常用品零售業；F215010 首飾及貴金屬零售業；F205040 家具、寢具、廚房器具、裝設品零售業；F204110 布疋、衣著、鞋、帽、傘、服飾品零售業；F399040 無店面零售業；ZZ99999 除許可業務外，得經營法令非禁止或限制之業務,新北市,變更,11505
61258907,布納思商行,新北市板橋區明德街4號(1樓),黃國豪,100000,,115/05/12,所營業務變更,F203010 食品什貨、飲料零售業；F501030 飲料店業；F501060 餐館業；ZZ99999 除許可業務外，得經營法令非禁止或限制之業務,新北市,變更,11505
61259005,鄭媽媽麵店,新北市鶯歌區中正三路276號,鄭愛珠,100000,,115/05/15,所在地變更,F501060 餐館業；ZZ99999 除許可業務外，得經營法令非禁止或限制之業務,新北市,變更,11505
61259080,盈彩晶緻美甲沙龍,新北市中和區連城路265巷2號(1樓),周黃玉,60000,,115/05/19,轉讓登記,JZ99080 美容美髮服務業,新北市,變更,11505
61259096,一六八早餐店,新北市五股區西雲路89號,張庭溱,200000,,115/05/12,所營業務變更,F203010 食品什貨、飲料零售業；F501060 餐館業；ZZ99999 除許可業務外，得經營法令非禁止或限制之業務,新北市,變更,11505
61259482,富鑫鹹水雞店,新北市板橋區四維路284號(1樓) 115年05月,林慧真,60000,,115/05/28,所在地變更,F201990 其他農畜水產品零售業；F203010 食品什貨、飲料零售業；ZZ99999 除許可業務外，得經營法令非禁止或限制之業務,新北市,變更,11505
61259552,桔作坊,新北市新店區安興路125之15號7樓115年05月,宋路加,200000,,115/05/25,增資變更,I401010 一般廣告服務業；J601010 藝文服務業；I103060 管理顧問業；F601010 智慧財產權業；IZ99990 其他工商服務業；J602010 演藝活動業；F401010 國際貿易業；H201010 一般投資業；F104110 布疋、衣著、鞋、帽、傘、服飾品批發業；F106010 五金批發業；F106020 日常用品批發業；F108040 化粧品批發業；F109070 文教、樂器、育樂用品批發業；F113050 電腦及事務性機器設備批發業；F113070 電信器材批發業；F116010 照相器材批發業；F115010 首飾及貴金屬批發業；F204110 布疋、衣著、鞋、帽、傘、服飾品零售業；F203010 食品什貨、飲料零售業；F102170 食品什貨批發業；F399040 無店面零售業；F399990 其他綜合零售業；F299990 其他零售業；F218010 資訊軟體零售業；F216010 照相器材零售業；I102010 一般投資顧問業；F215010 首飾及貴金屬零售業；F213010 電器零售業；F213030 電腦及事務性機器設備零售業；F209060 文教、樂器、育樂用品零售業；F208040 化粧品零售業；I199990 其他顧問服務業；I301010 資訊軟體服務業；I301020 資料處理服務業；I301060 網路廣告平臺業；I501010 產品設計業；I599990 其他設計業；IZ04010 翻譯業；IZ10010 排版業；IZ12010 人力派遣業；J302010 通訊稿業；J303010 雜誌（期刊）出版業；J304010 圖書出版業；J305010 有聲出版業；J399010 軟體出版業；J399990 其他出版業；J404010 動畫影片製作業；J503010 廣播節目製作業；J503020 電視節目製作業；J503030 廣播電視節目發行業；J503040 廣播電視廣告業；J799990 其他休閒服務業；JZ99080 美容美髮服務業；JZ99990 未分類其他服務業,新北市,變更,11505
61260093,鈞鑫娛樂企業社,新北市新莊區民安西路191之1號,魏大鈞,100000,,115/05/18,所營業務變更,F209060 文教、樂器、育樂用品零售業；F203010 食品什貨、飲料零售業；ZZ99999 除許可業務外，得經營法令非禁止或限制之業務,新北市,變更,11505
61260615,九鼎德億企業社,新北市中和區員山路7之6號,林姿妘,200000,,115/05/21,所營業務變更,EZ02010 起重工程業；F401010 國際貿易業；ZZ99999 除許可業務外，得經營法令非禁止或限制之業務；IZ06010 理貨包裝業；F106020 日常用品批發業,新北市,變更,11505
61261255,圓慢工作室,新北市新莊區頭前路2巷21弄28號,楊靖庭,100000,,115/05/19,所營業務變更,I199990 其他顧問服務業；JZ99990 未分類其他服務業；F399040 無店面零售業；F399990 其他綜合零售業,新北市,變更,11505
61261311,均吉實業社,新北市中和區建一路251號115年05月,謝清賢,200000,,115/05/21,名稱變更,F109070 文教、樂器、育樂用品批發業；F209060 文教、樂器、育樂用品零售業；F102170 食品什貨批發業；F203010 食品什貨、飲料零售業；F106020 日常用品批發業；F206020 日常用品零售業；F104110 布疋、衣著、鞋、帽、傘、服飾品批發業；F204110 布疋、衣著、鞋、帽、傘、服飾品零售業；F105050 家具、寢具、廚房器具、裝設品批發業；F205040 家具、寢具、廚房器具、裝設品零售業；F106010 五金批發業；F206010 五金零售業；F107030 清潔用品批發業；F207030 清潔用品零售業；F113020 電器批發業；F213010 電器零售業；F113110 電池批發業；F213110 電池零售業；F401010 國際貿易業；ZZ99999 除許可業務外，得經營法令非禁止或限制之業務,新北市,變更,11505
61261939,默馳企業社,新北市新莊區中正路603號(2樓),賴彥廷,240000,,115/05/28,所在地變更,I301060 網路廣告平臺業；I401010 一般廣告服務業；IZ99990 其他工商服務業；J503040 廣播電視廣告業（原:J503041廣播電視廣告業）；F399040 無店面零售業；F401010 國際貿易業；I301010 資訊軟體服務業；I103060 管理顧問業；I301030 電子資訊供應服務業；ZZ99999 除許可業務外，得經營法令非禁止或限制之業務,新北市,變更,11505
61261972,小刺郎魚屋,新北市鶯歌區龍七路251號,王信文,5000,,115/05/25,所營業務變更,F201030 水產品零售業；F501990 其他餐飲業；F203010 食品什貨、飲料零售業,新北市,變更,11505
61337234,成功路商行,新北市中和區成功路67號115年05月,謝萬丞,100000,,115/05/14,轉讓登記,F209060 文教、樂器、育樂用品零售業；F203010 食品什貨、飲料零售業；F201010 農產品零售業；F208040 化粧品零售業；F401010 國際貿易業；F213010 電器零售業,新北市,變更,11505
66991185,一番肉舖,新北市三重區仁愛街297號115年05月,賴品榮,300000,,115/05/19,轉讓登記,F399040 無店面零售業；F101040 家畜家禽批發業；F101050 水產品批發業；F101990 其他農、畜、水產品批發業；F102170 食品什貨批發業；F105050 家具、寢具、廚房器具、裝設品批發業；F106020 日常用品批發業；F106050 陶瓷玻璃器皿批發業；F106060 寵物食品及其用品批發業；F107990 其他化學製品批發業；F108040 化粧品批發業；F109070 文教、樂器、育樂用品批發業；F110010 鐘錶批發業；F110020 眼鏡批發業；F113020 電器批發業；F113050 電腦及事務性機器設備批發業；F113990 其他機械器具批發業；F114990 其他交通運輸工具及其零件批發業；F115010 首飾及貴金屬批發業；F199990 其他批發業；F201010 農產品零售業；F201020 畜產品零售業；F201030 水產品零售業；F201990 其他農畜水產品零售業；F203010 食品什貨、飲料零售業；F204110 布疋、衣著、鞋、帽、傘、服飾品零售業；F205040 家具、寢具、廚房器具、裝設品零售業；F206010 五金零售業；F206020 日常用品零售業；F206050 寵物食品及其用品零售業；F207030 清潔用品零售業；F207990 其他化學製品零售業；F208040 化粧品零售業；F209060 文教、樂器、育樂用品零售業；F210010 鐘錶零售業；F210020 眼鏡零售業；F213010 電器零售業；F213030 電腦及事務性機器設備零售業；F299990 其他零售業；F301010 百貨公司業；F301020 超級市場業；F399990 其他綜合零售業；F401010 國際貿易業；F501030 飲料店業；F501060 餐館業；F501990 其他餐飲業；F203020 菸酒零售業；ZZ99999 除許可業務外，得經營法令非禁止或限制之業務,新北市,變更,11505
67803773,高文企業社,新北市樹林區備內街140巷11號,黃嫦梅,80000,,115/05/27,所在地變更,F109010 圖書批發業；F209010 書籍、文具零售業；F109020 文具批發業；F105990 其他家具及裝設品批發業（圖畫畫框）；F205990 其他家具及裝設品零售業（圖畫畫框）,新北市,變更,11505
72653606,悠潛潛水裝備暢貨企業社,新北市新莊區頭前路60號之3(1樓),陳怡妏,2200000,,115/05/25,增資變更,J701080 水域遊憩活動經營業；F209060 文教、樂器、育樂用品零售業；ZZ99999 除許可業務外，得經營法令非禁止或限制之業務,新北市,變更,11505
72668805,翔正實業社,新北市新莊區中正路457巷21之2號,林佩樺,100000,,115/05/11,出資額變更,IZ06010 理貨包裝業；G799990 其他運輸輔助業；ZZ99999 除許可業務外，得經營法令非禁止或限制之業務,新北市,變更,11505
72684559,延伸電池行,新北市三峽區復興路131號(1樓),黃國隆,240000,,115/05/18,所營業務變更,F213110 電池零售業；F113110 電池批發業；F114020 機車批發業；F114030 汽、機車零件配備批發業；F206010 五金零售業；F213010 電器零售業；F214020 機車零售業；F214030 汽、機車零件配備零售業；F399040 無店面零售業；J101080 資源回收業；JA01010 汽車修理業；JA02020 機車修理業；JA02990 其他修理業；ZZ99999 除許可業務外，得經營法令非禁止或限制之業務,新北市,變更,11505
72695612,前豐汽車材料行,新北市中和區中正路567號1樓115年05月,邱顯民,200000,,115/05/12,轉讓登記,F114030 汽、機車零件配備批發業；F114990 其他交通運輸工具及其零件批發業；F214030 汽、機車零件配備零售業；F214050 車胎零售業；F214990 其他交通運輸工具及其零件零售業；F401010 國際貿易業；JA01010 汽車修理業；JA01020 汽車拖吊業；JA01990 其他汽車服務業；ZZ99999 除許可業務外，得經營法令非禁止或限制之業務,新北市,變更,11505
72859895,全創薪工程行,新北市林口區南勢六街73號(1樓),王品翔,1000000,,115/05/11,所在地變更,F106040 水器材料批發業；F206040 水器材料零售業；F111090 建材批發業；F211010 建材零售業；E601010 電器承裝業；E601020 電器安裝業；E603090 照明設備安裝工程業；EZ09010 靜電防護及消除工程業；E603050 自動控制設備工程業；E599010 配管工程業；J101060 廢（污）水處理業；E903010 防蝕、防銹工程業；EZ15010 保溫、保冷安裝工程業；E603040 消防安全設備安裝工程業；EZ02010 起重工程業；EZ99990 其他工程業；I503010 景觀、室內設計業；IF01010 消防安全設備檢修業；IG03010 能源技術服務業；J101110 營建剩餘土石方資源處理業(Disposal Industry of ConstructionSurplus Soil)；F106010 五金批發業；F206010 五金零售業；F113020 電器批發業；F213010 電器零售業；F105050 家具、寢具、廚房器具、裝設品批發業；F205040 家具、寢具、廚房器具、裝設品零售業；E801070 廚具、衛浴設備安裝工程業；F113100 污染防治設備批發業；F213100 污染防治設備零售業；F117010 消防安全設備批發業；F217010 消防安全設備零售業；F120010 耐火材料批發業；F220010 耐火材料零售業；F199010 回收物料批發業；F399040 無店面零售業；F401010 國際貿易業；ZZ99999 除許可業務外，得經營法令非禁止或限制之業務,新北市,變更,11505
72860979,瑞麒商行,新北市板橋區四維路282號5樓,簡莛翰,100000,,115/05/27,所在地門牌整改編,F201010 農產品零售業；F201020 畜產品零售業；F201030 水產品零售業；ZZ99999 除許可業務外，得經營法令非禁止或限制之業務,新北市,變更,11505
72864996,芝林鐵板燒店,新北市新店區建國路147號(1樓) 115年05月,蔡詩星,100000,,115/05/05,轉讓登記,F501060 餐館業,新北市,變更,11505
72870532,程邦車體施工,新北市新莊區思源路269號（1樓）,楊卉栩,100000,,115/05/19,復業,JA01990 其他汽車服務業；F207010 漆料、塗料零售業；F299990 其他零售業；F207030 清潔用品零售業,新北市,變更,11505
72872996,勝鴻工程行,新北市蘆洲區民族路582號3樓,林威安,1000000,,115/05/27,增資變更,E801010 室內裝潢業；E601010 電器承裝業；E601020 電器安裝業；E603010 電纜安裝工程業；E603090 照明設備安裝工程業；E801070 廚具、衛浴設備安裝工程業；E599010 配管工程業；E603050 自動控制設備工程業；F106010 五金批發業；F106040 水器材料批發業；F113020 電器批發業；F206010 五金零售業；F206040 水器材料零售業；F213010 電器零售業；F111090 建材批發業；F211010 建材零售業；ZZ99999 除許可業務外，得經營法令非禁止或限制之業務,新北市,變更,11505
72994105,遊園地親子童裝工作室,新北市新店區民生路13號2樓,陳博川,200000,,115/05/25,組織變更,F104110 布疋、衣著、鞋、帽、傘、服飾品批發業；F204110 布疋、衣著、鞋、帽、傘、服飾品零售業；ZZ99999 除許可業務外，得經營法令非禁止或限制之業務；F399040 無店面零售業；F401010 國際貿易業,新北市,變更,11505
73773782,五華通訊器材行,新北市蘆洲區長安街87號,吳志強,200000,,115/05/07,所營業務變更,F213010 電器零售業；F213060 電信器材零售業；F113070 電信器材批發業；F113110 電池批發業；F213110 電池零售業；IE01010 電信業務門號代辦業；F401010 國際貿易業；F213030 電腦及事務性機器設備零售業,新北市,變更,11505
74921656,國銘企業社,新北市板橋區三民路２段居仁巷２４號115年05月,林儀芳,48000,,115/05/27,其他,F109020 文具批發業；F209010 書籍、文具零售業,新北市,變更,11505
76424909,美好時光家飾館,新北市中和區中山路3段4號,胡必德,200000,,115/05/12,所在地變更,F101100 花卉批發業；F104110 布疋、衣著、鞋、帽、傘、服飾品批發業；F105050 家具、寢具、廚房器具、裝設品批發業；F106010 五金批發業；F106020 日常用品批發業；F204110 布疋、衣著、鞋、帽、傘、服飾品零售業；F205040 家具、寢具、廚房器具、裝設品零售業；F206010 五金零售業；F206020 日常用品零售業；F299990 其他零售業；F401010 國際貿易業；I101110 紡織顧問業；I105010 藝術品諮詢顧問業；I199990 其他顧問服務業；I501010 產品設計業；I502010 服飾設計業；I503010 景觀、室內設計業；I504010 花藝設計業；I599990 其他設計業；J601010 藝文服務業；J602010 演藝活動業；JZ99030 攝影業；J603010 音樂展演空間業；J404020 提供設備及場地供電影片拍攝業；J404030 電影沖印業；ZZ99999 除許可業務外，得經營法令非禁止或限制之業務,新北市,變更,11505
76475701,果耘商行,新北市三重區富華街92號,謝嘉鴻,200000,,115/05/18,復業,F203010 食品什貨、飲料零售業；F206020 日常用品零售業；F501030 飲料店業；F501060 餐館業；F203020 菸酒零售業,新北市,變更,11505
78316650,新貿企業社,新北市三重區正義北路204號11樓,郭銀幸,200000,,115/05/14,所在地變更,F109070 文教、樂器、育樂用品批發業,新北市,變更,11505
78324526,裕發五金行,新北市板橋區長江路3段40號1樓,王信智,45000,,115/05/26,繼承登記,F206010 五金零售業；F206020 家庭日常用品零售業；F207020 染料、顏料零售業；F209050 包裝材料零售業,新北市,變更,11505
78879525,吉驛五金行,新北市樹林區中正路685號1樓115年05月,張吉,200000,,115/05/22,更正,F106010 五金批發業,新北市,變更,11505
79805017,鈞昊工程行,新北市中和區連城路347巷8號2樓,李愛玲,200000,,115/05/22,外縣市遷入,E801030 室內輕鋼架工程業；E801010 室內裝潢業；E801020 門窗安裝工程業；E801040 玻璃安裝工程業；E801070 廚具、衛浴設備安裝工程業；F111090 建材批發業；F211010 建材零售業；F401010 國際貿易業；ZZ99999 除許可業務外，得經營法令非禁止或限制之業務,新北市,變更,11505
80004019,沅藝樹多媒體資訊工作室,新北市淡水區沙崙路216巷68號9樓,連彥盛,200000,,115/05/14,所營業務變更,F118010 資訊軟體批發業；F218010 資訊軟體零售業；F399040 無店面零售業；I102010 一般投資顧問業；I103060 管理顧問業；I199990 其他顧問服務業；I301010 資訊軟體服務業；I301020 資料處理服務業；I301030 電子資訊供應服務業；I301050 實境體感應用服務業；I401010 一般廣告服務業；I501010 產品設計業；I599990 其他設計業；I503010 景觀、室內設計業；IZ10010 排版業；JZ99050 仲介服務業；ZZ99999 除許可業務外，得經營法令非禁止或限制之業務,新北市,變更,11505
80004989,顧德利彩券行,新北市板橋區裕民街11號,葉瑞浩,58000,,115/05/07,名稱變更,IZ14020 公益彩券經銷業；F501030 飲料店業；F203010 食品什貨、飲料零售業；ZZ99999 除許可業務外，得經營法令非禁止或限制之業務,新北市,變更,11505
80009106,小雞小吃店,新北市八里區中山路2段325號(1樓) 115年05月,陳潔萱,200000,,115/05/18,所在地變更,F501060 餐館業；F501030 飲料店業,新北市,變更,11505
80009746,宏柏興業社,新北市樹林區佳園路1段75巷206號(4樓) 115年05月,余柏諺,200000,,115/05/28,所在地變更,E599010 配管工程業；E601010 電器承裝業；E601020 電器安裝業；E603010 電纜安裝工程業；E603040 消防安全設備安裝工程業；E603050 自動控制設備工程業；E603080 交通號誌安裝工程業；E603090 照明設備安裝工程業；E604010 機械安裝業；EZ05010 儀器、儀表安裝工程業；F113010 機械批發業；F113020 電器批發業；F113030 精密儀器批發業；F113070 電信器材批發業；F117010 消防安全設備批發業；F213010 電器零售業；F213040 精密儀器零售業；F213060 電信器材零售業；F213080 機械器具零售業；F217010 消防安全設備零售業；E801010 室內裝潢業；IG03010 能源技術服務業；CB01010 機械設備製造業；CC01010 發電﹑輸電﹑配電機械製造業；I503010 景觀、室內設計業；E603020 電梯安裝工程業；EZ06010 交通標示工程業；F113090 交通標誌器材批發業；CA01050 鋼材二次加工業；CA01020 鋼鐵軋延及擠型業；CA01100 鋁材軋延、伸線、擠型業；CA01130 銅材軋延、伸線、擠型業；CA01990 其他非鐵金屬基本工業；CC01080 電子零組件製造業；E701010 電信工程業；E701030 電信管制射頻器材裝設工程業；F119010 電子材料批發業；F218010 資訊軟體零售業；I301010 資訊軟體服務業；I301020 資料處理服務業；I301030 電子資訊供應服務業；F219010 電子材料零售業；E605010 電腦設備安裝業；F213030 電腦及事務性機器設備零售業；CC01060 有線通信機械器材製造業；D101060 再生能源自用發電設備業；CC01090 電池製造業；CB01990 其他機械製造業；CC01040 照明設備製造業；CC01070 無線通信機械器材製造業；CC01110 電腦及其週邊設備製造業；CC01990 其他電機及電子機械器材製造業；E607010 太陽熱能設備安裝工程業；E701040 簡易電信設備安裝業；EZ99990 其他工程業；F106010 五金批發業；F113050 電腦及事務性機器設備批發業；F113110 電池批發業；F113990 其他機械器具批發業；F199990 其他批發業；F213990 其他機械器具零售業；G405010 貨櫃出租業；I599990 其他設計業；IF01010 消防安全設備檢修業；JA02010 電器及電子產品修理業；JA02990 其他修理業；ZZ99999 除許可業務外，得經營法令非禁止或限制之業務,新北市,變更,11505
80012783,立江工程行,新北市新莊區中原東路192之1號9樓,酆亦媗,1100000,,115/05/19,增資變更,E599010 配管工程業；E601020 電器安裝業；E603040 消防安全設備安裝工程業；E603050 自動控制設備工程業；E603090 照明設備安裝工程業；E607010 太陽熱能設備安裝工程業；E701040 簡易電信設備安裝業；E801010 室內裝潢業；E801020 門窗安裝工程業；E801030 室內輕鋼架工程業；E801040 玻璃安裝工程業；E801070 廚具、衛浴設備安裝工程業；E901010 油漆工程業；E903010 防蝕、防銹工程業；EZ02010 起重工程業；EZ07010 鑽孔工程業；EZ11010 球場跑道樹脂材料鋪設工程業；EZ99990 其他工程業；F105050 家具、寢具、廚房器具、裝設品批發業；F106010 五金批發業；F106020 日常用品批發業；F107030 清潔用品批發業；F111090 建材批發業；F113020 電器批發業；F120010 耐火材料批發業；F205040 家具、寢具、廚房器具、裝設品零售業；F206010 五金零售業；F206020 日常用品零售業；F211010 建材零售業；F213010 電器零售業；F220010 耐火材料零售業；F401010 國際貿易業；I199990 其他顧問服務業；I501010 產品設計業；I503010 景觀、室內設計業；I504010 花藝設計業；I599990 其他設計業；IZ12010 人力派遣業；J101010 建築物清潔服務業；J101030 廢棄物清除業；G799990 其他運輸輔助業；ZZ99999 除許可業務外，得經營法令非禁止或限制之業務,新北市,變更,11505
80012897,優玥商號,新北市中和區廣福路93號(1樓) 115年05月,陳碧萱,168000,,115/05/08,復業,JZ99110 瘦身美容業,新北市,變更,11505
80015796,伶晑企業社,新北市三重區泉州街78號4樓,張泓瑋,200000,,115/05/21,轉讓登記,F102040 飲料批發業；F102170 食品什貨批發業；F203010 食品什貨、飲料零售業；F399040 無店面零售業；F399990 其他綜合零售業；ZZ99999 除許可業務外，得經營法令非禁止或限制之業務,新北市,變更,11505
80016107,克拉斯克企業,新北市蘆洲區中山一路161號3樓,黃彥文,100000,,115/05/21,所在地變更,F104110 布疋、衣著、鞋、帽、傘、服飾品批發業；F109070 文教、樂器、育樂用品批發業；F203010 食品什貨、飲料零售業；F204110 布疋、衣著、鞋、帽、傘、服飾品零售業；F205040 家具、寢具、廚房器具、裝設品零售業；F206020 日常用品零售業；F209060 文教、樂器、育樂用品零售業；F401010 國際貿易業；I501010 產品設計業；I502010 服飾設計業；ZZ99999 除許可業務外，得經營法令非禁止或限制之業務,新北市,變更,11505
80016599,元磊石材工程行,新北市板橋區僑中二街104巷13號4樓,張自豪,200000,,115/05/07,所在地變更,C901070 石材製品製造業；EZ99990 其他工程業；ZZ99999 除許可業務外，得經營法令非禁止或限制之業務,新北市,變更,11505
80019456,郁順商行,新北市三峽區學成路327號3樓之3 115年05月,林盈甄,50000,,115/05/14,所營業務變更,F106020 日常用品批發業；F199990 其他批發業；F203010 食品什貨、飲料零售業；F206020 日常用品零售業；F299990 其他零售業；F399990 其他綜合零售業；F399040 無店面零售業；F401010 國際貿易業；F501030 飲料店業；F501990 其他餐飲業；I199990 其他顧問服務業；IZ99990 其他工商服務業；J799990 其他休閒服務業；JZ99990 未分類其他服務業；J404020 提供設備及場地供電影片拍攝業；J601010 藝文服務業；J604010 聲音錄製及音樂發行業；J404010 動畫影片製作業；J401010 電影片製作業；J402010 電影片發行業；J404040 電影錄音業,新北市,變更,11505
80024562,幸德寢具行,新北市板橋區中正路236巷56號(1樓),林容震,200000,,115/05/14,其他,F205040 家具、寢具、廚房器具、裝設品零售業；F206020 日常用品零售業；F299990 其他零售業；F399040 無店面零售業；F399990 其他綜合零售業；F401010 國際貿易業；F208040 化粧品零售業；F199990 其他批發業；F105050 家具、寢具、廚房器具、裝設品批發業；F106020 日常用品批發業；F108040 化粧品批發業,新北市,變更,11505
80028949,購享家商行,新北市蘆洲區長榮路778號2樓,林品妤,200000,,115/05/12,轉讓登記,F101130 蔬果批發業；F102040 飲料批發業；F102170 食品什貨批發業；F104110 布疋、衣著、鞋、帽、傘、服飾品批發業；F106010 五金批發業；F106020 日常用品批發業；F106040 水器材料批發業；F106050 陶瓷玻璃器皿批發業；F107030 清潔用品批發業；F108040 化粧品批發業；F109070 文教、樂器、育樂用品批發業；F110010 鐘錶批發業；F113010 機械批發業；F113020 電器批發業；F113050 電腦及事務性機器設備批發業；F113060 度量衡器批發業；F113070 電信器材批發業；F113110 電池批發業；F114030 汽、機車零件配備批發業；F118010 資訊軟體批發業；F119010 電子材料批發業；F121010 食品添加物批發業；F201010 農產品零售業；I103060 管理顧問業；IZ06010 理貨包裝業；CA02990 其他金屬製品製造業；F399040 無店面零售業；F401010 國際貿易業；ZZ99999 除許可業務外，得經營法令非禁止或限制之業務,新北市,變更,11505
80029010,宛如日常故事制作所,新北市新店區僑愛七路4號(1樓) 115年05月,楊宛儒,100000,,115/05/07,所在地變更,J304010 圖書出版業；J401010 電影片製作業；J602010 演藝活動業；F601010 智慧財產權業；ZZ99999 除許可業務外，得經營法令非禁止或限制之業務,新北市,變更,11505
80123367,娜娜米工作室,新北市板橋區文化路1段188巷9弄18號2樓,黃珮慈,10000,,115/05/21,外縣市遷入,J601010 藝文服務業,新北市,變更,11505
80921133,江合興水果行,新北市板橋區板城路1000號,劉邦雄,6000,,115/05/18,轉讓登記,F101130 蔬果批發業,新北市,變更,11505
80923879,屹祥照明企業社,新北市蘆洲區長榮路43之1號5樓,陳志偉,200000,,115/05/18,所在地變更,F113020 電器批發業；F213010 電器零售業；F401010 國際貿易業,新北市,變更,11505
80980786,京成企業社,新北市新店區寶中路127號10樓,林秀娟,200000,,115/05/11,名稱變更,F104010 布疋批發業；F104020 成衣批發業；F109020 文具批發業；F401010 國際貿易業；E201010 景觀工程業；E801010 室內裝潢業；E901010 油漆工程業,新北市,變更,11505
82113116,甲品復興小吃店,新北市汐止區中興路200號,王嘉辰,200000,,115/05/04,轉讓登記,F501060 餐館業；F501030 飲料店業；ZZ99999 除許可業務外，得經營法令非禁止或限制之業務,新北市,變更,11505
82113755,品邑商行,新北市淡水區新市二路1段132號6樓,柯鈞騰,100000,,115/05/06,所在地變更,F201990 其他農畜水產品零售業；F101990 其他農、畜、水產品批發業,新北市,變更,11505
82119300,大鼎實業社,新北市新店區大同里大豐路16巷16號,陳淑芳,200000,,115/05/18,出資額變更,F206020 日常用品零售業；F207030 清潔用品零售業；F208040 化粧品零售業；I103060 管理顧問業；ZZ99999 除許可業務外，得經營法令非禁止或限制之業務,新北市,變更,11505
82119884,喜樂狗寵物美容生活館,新北市林口區文化三路1段617巷183號115年05月,鄭湘筠,100000,,115/05/06,所營業務變更,JZ99180 寵物美容服務業；F206050 寵物食品及其用品零售業；F202010 飼料零售業；A401031 特定寵物服務業,新北市,變更,11505
82121283,揚翔實業社,新北市中和區自強路62巷12號,林孟宏,2000000,,115/05/22,繼承登記,F111090 建材批發業；F119010 電子材料批發業；F106010 五金批發業；F113010 機械批發業；F401010 國際貿易業；C901040 預拌混凝土製造業；C901050 水泥及混凝土製品製造業；EZ99990 其他工程業；E801010 室內裝潢業；E903010 防蝕、防銹工程業；EZ02010 起重工程業；IZ12010 人力派遣業；J101010 建築物清潔服務業；J101030 廢棄物清除業；J101040 廢棄物處理業；J101090 廢棄物清理業；J101110 營建剩餘土石方資源處理業(Disposal Industry of ConstructionSurplus Soil)；ZZ99999 除許可業務外，得經營法令非禁止或限制之業務,新北市,變更,11505
82122086,金上利企業社,新北市新莊區新知三路61號3樓,吳葱,200000,,115/05/08,所在地變更,IZ12010 人力派遣業；F107030 清潔用品批發業；F399040 無店面零售業；G799990 其他運輸輔助業；ZZ99999 除許可業務外，得經營法令非禁止或限制之業務,新北市,變更,11505
82122591,曜承工程行,新北市新店區青潭里北宜路1段197號,陳杰佑,200000,,115/05/19,名稱變更,E801010 室內裝潢業；E801020 門窗安裝工程業；E801030 室內輕鋼架工程業；E801040 玻璃安裝工程業；E901010 油漆工程業；F111090 建材批發業；F211010 建材零售業；ZZ99999 除許可業務外，得經營法令非禁止或限制之業務,新北市,變更,11505
82122781,唐記小吃店,新北市三重區力行路1段147號115年05月,唐辛,200000,,115/05/26,所在地變更,F501060 餐館業,新北市,變更,11505
82125345,天選之人國際室內裝修設計,新北市中和區員山路581巷31弄22之3號,謝宜君,1000000,,115/05/28,負責人住居所變更,E801010 室內裝潢業；E801030 室內輕鋼架工程業；E801070 廚具、衛浴設備安裝工程業；E901010 油漆工程業；E801020 門窗安裝工程業；E801040 玻璃安裝工程業；IZ12010 人力派遣業；I501010 產品設計業；JE01010 租賃業；I599990 其他設計業；I199990 其他顧問服務業；EZ99990 其他工程業；E801060 室內裝修業（註：名稱應標明「室內裝修」字樣）,新北市,變更,11505
82127863,入夏入口企業社,新北市永和區民有街75巷10弄1號5樓,張碗屏,200000,,115/05/21,所在地變更,F399990 其他綜合零售業；F501030 飲料店業；F501990 其他餐飲業,新北市,變更,11505
82135553,凱升工作室,新北市泰山區明志路2段60巷1弄10號6樓,李凱華,100000,,115/05/14,出資額變更,F206050 寵物食品及其用品零售業；F202010 飼料零售業；F299990 其他零售業；F206020 日常用品零售業；F399040 無店面零售業；F207070 動物用藥零售業；ZZ99999 除許可業務外，得經營法令非禁止或限制之業務,新北市,變更,11505
82138904,二月拉麵製作所,新北市淡水區中山北路1段74號,邵毓庭,100000,,115/05/14,轉讓登記,F501060 餐館業,新北市,變更,11505
82143815,北皇星小吃店,新北市汐止區禮門街13號,廖德普,100000,,115/05/29,所在地變更,F203010 食品什貨、飲料零售業；F501060 餐館業；ZZ99999 除許可業務外，得經營法令非禁止或限制之業務,新北市,變更,11505
82145481,微渲秀企業社,新北市石碇區石碇東街24號,鍾瀚霆,200000,,115/05/22,所營業務變更,F208040 化粧品零售業；F204110 布疋、衣著、鞋、帽、傘、服飾品零售業；F401010 國際貿易業；F501060 餐館業；F214010 汽車零售業；F214020 機車零售業；F214030 汽、機車零件配備零售業；F399040 無店面零售業；F102030 菸酒批發業；F102050 茶葉批發業；ZZ99999 除許可業務外，得經營法令非禁止或限制之業務,新北市,變更,11505
82150266,亞婷的甜舖子商行,新北市樹林區學府路312號2樓115年05月,葛亞婷,100000,,115/05/28,所在地變更,F501990 其他餐飲業；F203010 食品什貨、飲料零售業；ZZ99999 除許可業務外，得經營法令非禁止或限制之業務,新北市,變更,11505
82267596,名展科技社,新北市五股區自強路24號2樓,曾維軒,239000,,115/05/21,所營業務變更,ZZ99999 除許可業務外，得經營法令非禁止或限制之業務；F206010 五金零售業；F206040 水器材料零售業；F211010 建材零售業；F213010 電器零售業；F213030 電腦及事務性機器設備零售業；F213060 電信器材零售業；F213080 機械器具零售業；F213110 電池零售業；F214030 汽、機車零件配備零售業；F214040 自行車及其零件零售業；F218010 資訊軟體零售業；F219010 電子材料零售業；J101080 資源回收業；J101090 廢棄物清理業；J101010 建築物清潔服務業；F399040 無店面零售業；J101030 廢棄物清除業,新北市,變更,11505
82269877,禾源企業社,新北市鶯歌區鶯桃路472巷11號(1樓),潘順益,248000,,115/05/14,外縣市遷入,F105050 家具、寢具、廚房器具、裝設品批發業；F106040 水器材料批發業；F205040 家具、寢具、廚房器具、裝設品零售業；F206040 水器材料零售業；E601020 電器安裝業；E801070 廚具、衛浴設備安裝工程業；F106010 五金批發業；F113020 電器批發業；F206010 五金零售業；F213010 電器零售業；E601010 電器承裝業；ZZ99999 除許可業務外，得經營法令非禁止或限制之業務,新北市,變更,11505
82305424,忘憂谷時尚舒壓會館,新北市新店區中央路83號,施淮迅,250000,,115/05/08,所營業務變更,JZ99080 美容美髮服務業；JZ99990 未分類其他服務業；ZZ99999 除許可業務外，得經營法令非禁止或限制之業務,新北市,變更,11505
82314991,夾七逃娃娃屋,新北市中和區永和路63號,呂理智,100000,,115/05/21,所在地變更,F209060 文教、樂器、育樂用品零售業,新北市,變更,11505
82316294,高麗亭小吃店,新北市永和區信義路75之1號(1、2樓) 115年05月,楊翰林,80000,,115/05/07,轉讓登記,F501060 餐館業,新北市,變更,11505
82327813,大北企業社,新北市淡水區北新路184巷142弄1號115年05月,林清泉,30000,,115/05/12,其他,F209060 文教、樂器、育樂用品零售業；F203010 食品什貨、飲料零售業；F218010 資訊軟體零售業；F401010 國際貿易業；F118010 資訊軟體批發業；F113990 其他機械器具批發業；F399010 便利商店業；F501030 飲料店業；J801030 競技及休閒運動場館業；J701020 遊樂園業；ZZ99999 除許可業務外，得經營法令非禁止或限制之業務,新北市,變更,11505
82491124,開旭專業圍網工程行,新北市新莊區新北大道3段210號5樓115年05月,廖建雄,5000000,,115/05/25,所在地變更,E901010 油漆工程業；EZ14010 運動場地用設備工程業；F120010 耐火材料批發業；F111090 建材批發業；F109070 文教、樂器、育樂用品批發業；F220010 耐火材料零售業；F211010 建材零售業；F206010 五金零售業；F209060 文教、樂器、育樂用品零售業；F204110 布疋、衣著、鞋、帽、傘、服飾品零售業；F114030 汽、機車零件配備批發業；F214030 汽、機車零件配備零售業；IZ12010 人力派遣業；F101070 漁具批發業；F201050 漁具零售業；F104110 布疋、衣著、鞋、帽、傘、服飾品批發業；F106010 五金批發業；J101010 建築物清潔服務業；A102080 園藝服務業；F206040 水器材料零售業；F205040 家具、寢具、廚房器具、裝設品零售業；F106040 水器材料批發業；F113020 電器批發業；F105050 家具、寢具、廚房器具、裝設品批發業；F213010 電器零售業；E801010 室內裝潢業；E801020 門窗安裝工程業；E601020 電器安裝業；E599010 配管工程業；E603040 消防安全設備安裝工程業；I401010 一般廣告服務業；I503010 景觀、室內設計業；F299990 其他零售業；F199990 其他批發業；EZ07010 鑽孔工程業；E604010 機械安裝業；E603090 照明設備安裝工程業；E603100 電焊工程業；EZ99990 其他工程業；A101020 農作物栽培業；A101050 花卉栽培業；A102050 作物栽培服務業；I103060 管理顧問業；I199990 其他顧問服務業；IZ99990 其他工商服務業；F219010 電子材料零售業；I301030 電子資訊供應服務業；IF04010 非破壞檢測業；J101050 環境檢測服務業；ZZ99999 除許可業務外，得經營法令非禁止或限制之業務；IG03010 能源技術服務業；IZ09010 管理系統驗證業；CI01010 繩、纜、網製造業；F401010 國際貿易業；E601010 電器承裝業；EZ11010 球場跑道樹脂材料鋪設工程業；E801040 玻璃安裝工程業；E801030 室內輕鋼架工程業,新北市,變更,11505
85136393,秉鴻商行,新北市三重區三和路3段16巷3號3樓,吳純蘭,200000,,115/05/18,所營業務變更,F399010 便利商店業；ZZ99999 除許可業務外，得經營法令非禁止或限制之業務；F301020 超級市場業,新北市,變更,11505
85139407,玖六寺九商行,新北市汐止區福德一路１１８號,郭婉媛,100000,,115/05/14,出資額變更,ZZ99999 除許可業務外，得經營法令非禁止或限制之業務；F501030 飲料店業；F102040 飲料批發業；F102170 食品什貨批發業；F203010 食品什貨、飲料零售業；F206020 日常用品零售業；F208040 化粧品零售業；F215010 首飾及貴金屬零售業；F299990 其他零售業,新北市,變更,11505
85143964,文達商行,新北市蘆洲區永平街46號,張菀渝,5000000,,115/05/14,出資額變更,F108021 西藥批發業；F208021 西藥零售業；F401010 國際貿易業；ZZ99999 除許可業務外，得經營法令非禁止或限制之業務,新北市,變更,11505
85144133,科斯莫彩貼工作室,新北市土城區學府路1段164巷1號12樓115年05月,劉冠緯,200000,,115/05/04,所營業務變更,J799990 其他休閒服務業；I401010 一般廣告服務業；I599990 其他設計業；F206020 日常用品零售業；F209060 文教、樂器、育樂用品零售業；F299990 其他零售業；I501010 產品設計業；JZ99990 未分類其他服務業；ZZ99999 除許可業務外，得經營法令非禁止或限制之業務,新北市,變更,11505
85144350,翔榮鋁門窗行,新北市新店區裕合街203號(1樓),許翔桀,240000,,115/05/29,所營業務變更,E801020 門窗安裝工程業；F211010 建材零售業；E599010 配管工程業；E601010 電器承裝業；E601020 電器安裝業；E603010 電纜安裝工程業；E603040 消防安全設備安裝工程業；E603090 照明設備安裝工程業；E603100 電焊工程業；E901010 油漆工程業；EZ99990 其他工程業；F117010 消防安全設備批發業；IF01010 消防安全設備檢修業；E603130 燃氣熱水器承裝業,新北市,變更,11505
85145914,匠造工程行,新北市板橋區民權路39巷20號2樓,賴仕星,1000000,,115/05/14,增資變更,F106010 五金批發業；F107010 漆料、塗料批發業；F111090 建材批發業；E801010 室內裝潢業；E801030 室內輕鋼架工程業；E901010 油漆工程業；E903010 防蝕、防銹工程業；ZZ99999 除許可業務外，得經營法令非禁止或限制之業務,新北市,變更,11505
85149263,文威國際企業社,新北市新莊區新知三路61號3樓115年05月,蔡志文,200000,,115/05/11,所在地變更,IZ12010 人力派遣業；JZ99990 未分類其他服務業；EZ02010 起重工程業；J101010 建築物清潔服務業；EZ99990 其他工程業；E601020 電器安裝業；F401010 國際貿易業；F107190 塑膠膜、袋批發業；F199990 其他批發業；F299990 其他零售業；F113020 電器批發業；F399040 無店面零售業；F206020 日常用品零售業；F205040 家具、寢具、廚房器具、裝設品零售業；F199010 回收物料批發業；F106020 日常用品批發業；F105050 家具、寢具、廚房器具、裝設品批發業；F109070 文教、樂器、育樂用品批發業；F209060 文教、樂器、育樂用品零售業；J101030 廢棄物清除業；J101040 廢棄物處理業；J101080 資源回收業；J101090 廢棄物清理業；ZZ99999 除許可業務外，得經營法令非禁止或限制之業務,新北市,變更,11505
85158683,沙崙串烤店,新北市板橋區沙崙街31號,孫浩哲,50000,,115/05/06,所在地變更,F203010 食品什貨、飲料零售業,新北市,變更,11505
85159748,木匠工程行,新北市新莊區中華路2段7號5樓,陸志強,200000,,115/05/25,所在地變更,E801010 室內裝潢業；E801020 門窗安裝工程業；E801030 室內輕鋼架工程業；E801040 玻璃安裝工程業；E801070 廚具、衛浴設備安裝工程業；E901010 油漆工程業；E903010 防蝕、防銹工程業；E601010 電器承裝業；E601020 電器安裝業；F105050 家具、寢具、廚房器具、裝設品批發業；F106010 五金批發業；F106050 陶瓷玻璃器皿批發業；F111090 建材批發業；F120010 耐火材料批發業；F206010 五金零售業；F211010 建材零售業；F220010 耐火材料零售業；F401010 國際貿易業；I503010 景觀、室內設計業；ZZ99999 除許可業務外，得經營法令非禁止或限制之業務,新北市,變更,11505
85162856,豬寶寶娃娃屋,新北市新莊區民安路180巷2號,吳稜鈺,100000,,115/05/19,名稱變更,F209060 文教、樂器、育樂用品零售業；ZZ99999 除許可業務外，得經營法令非禁止或限制之業務,新北市,變更,11505
85165241,美儷娃百貨館,新北市淡水區中山北路1段207巷64號,劉冠均,45000,,115/05/19,所在地變更,F203010 食品什貨、飲料零售業；F209060 文教、樂器、育樂用品零售業；F206010 五金零售業；F204110 布疋、衣著、鞋、帽、傘、服飾品零售業；F205040 家具、寢具、廚房器具、裝設品零售業；J799990 其他休閒服務業；F399990 其他綜合零售業；ZZ99999 除許可業務外，得經營法令非禁止或限制之業務,新北市,變更,11505
85169627,六一波商行,新北市土城區中央路4段90號,簡淑文,200000,,115/05/22,轉讓登記,F203010 食品什貨、飲料零售業；F206020 日常用品零售業；F207030 清潔用品零售業；F209060 文教、樂器、育樂用品零售業；F399040 無店面零售業；ZZ99999 除許可業務外，得經營法令非禁止或限制之業務,新北市,變更,11505
85175212,鈺成商行,新北市板橋區三民路2段153巷11號(1樓) 115年05月,陳秀琴,200000,,115/05/11,轉讓登記,F501060 餐館業；J101010 建築物清潔服務業；J101020 病媒防治業；JZ99030 攝影業；F399040 無店面零售業,新北市,變更,11505
85175682,詮創數位商行,新北市新莊區民安西路322號(1樓),葉淑萍,2200000,,115/05/19,增資變更,F113020 電器批發業；F113030 精密儀器批發業；F113050 電腦及事務性機器設備批發業；F113070 電信器材批發業；F116010 照相器材批發業；F118010 資訊軟體批發業；F119010 電子材料批發業；F213060 電信器材零售業；F213010 電器零售業；F213030 電腦及事務性機器設備零售業；F213040 精密儀器零售業；F216010 照相器材零售業；F218010 資訊軟體零售業；F219010 電子材料零售業；F213110 電池零售業；F113110 電池批發業；F401010 國際貿易業；IE01010 電信業務門號代辦業；E701010 電信工程業；E701030 電信管制射頻器材裝設工程業；I301010 資訊軟體服務業；I301020 資料處理服務業；I301030 電子資訊供應服務業；ZZ99999 除許可業務外，得經營法令非禁止或限制之業務；F399040 無店面零售業,新北市,變更,11505
85177485,愛琴海舒壓會館,新北市新店區北新路2段52號,黃雅敏,168000,,115/05/08,轉讓登記,JZ99110 瘦身美容業,新北市,變更,11505
85294792,陳瀚森三爪選物販賣機,新北市蘆洲區民生街49號(1樓),陳瀚森,100000,,115/05/05,所營業務變更,F209060 文教、樂器、育樂用品零售業；F203010 食品什貨、飲料零售業,新北市,變更,11505
85318416,森楠木材行,新北市新店區北宜路2段234號(1樓) 115年05月,鄭伃庭,200000,,115/05/08,外縣市遷入,F111090 建材批發業；F105050 家具、寢具、廚房器具、裝設品批發業；F199990 其他批發業；F120010 耐火材料批發業；F205040 家具、寢具、廚房器具、裝設品零售業；F206030 模具零售業；F206010 五金零售業；F211010 建材零售業；A201030 特殊林木經營業；A202040 伐木業；A199990 其他農業；ZZ99999 除許可業務外，得經營法令非禁止或限制之業務,新北市,變更,11505
85336126,藤竣裝潢工程行,新北市新莊區新知三路61號3樓115年05月,曾亭嘉,500000,,115/05/18,所在地變更,E599010 配管工程業；E601020 電器安裝業；E603040 消防安全設備安裝工程業；E603050 自動控制設備工程業；E603090 照明設備安裝工程業；E607010 太陽熱能設備安裝工程業；E701040 簡易電信設備安裝業；E801010 室內裝潢業；E801020 門窗安裝工程業；E801030 室內輕鋼架工程業；E801040 玻璃安裝工程業；E801070 廚具、衛浴設備安裝工程業；E901010 油漆工程業；E903010 防蝕、防銹工程業；EZ02010 起重工程業；EZ07010 鑽孔工程業；F120010 耐火材料批發業；F105050 家具、寢具、廚房器具、裝設品批發業；F106010 五金批發業；F106020 日常用品批發業；F107030 清潔用品批發業；F111090 建材批發業；F113020 電器批發業；F205040 家具、寢具、廚房器具、裝設品零售業；F206010 五金零售業；F206020 日常用品零售業；F211010 建材零售業；F213010 電器零售業；F220010 耐火材料零售業；F401010 國際貿易業；I199990 其他顧問服務業；I501010 產品設計業；I503010 景觀、室內設計業；I504010 花藝設計業；I599990 其他設計業；ZZ99999 除許可業務外，得經營法令非禁止或限制之業務,新北市,變更,11505
85337482,利發暉室內裝潢工程行,新北市新莊區新知三路61號3樓115年05月,陳梓宸,200000,,115/05/18,所在地變更,E599010 配管工程業；E601020 電器安裝業；E603040 消防安全設備安裝工程業；E603050 自動控制設備工程業；E603090 照明設備安裝工程業；E607010 太陽熱能設備安裝工程業；E701040 簡易電信設備安裝業；E801010 室內裝潢業；E801020 門窗安裝工程業；E801030 室內輕鋼架工程業；E801040 玻璃安裝工程業；E801070 廚具、衛浴設備安裝工程業；E901010 油漆工程業；E903010 防蝕、防銹工程業；EZ02010 起重工程業；EZ07010 鑽孔工程業；F120010 耐火材料批發業；F105050 家具、寢具、廚房器具、裝設品批發業；F106010 五金批發業；F106020 日常用品批發業；F107030 清潔用品批發業；F111090 建材批發業；F113020 電器批發業；F205040 家具、寢具、廚房器具、裝設品零售業；F206010 五金零售業；F206020 日常用品零售業；F211010 建材零售業；F213010 電器零售業；F220010 耐火材料零售業；F401010 國際貿易業；I199990 其他顧問服務業；I501010 產品設計業；I503010 景觀、室內設計業；I504010 花藝設計業；I599990 其他設計業；ZZ99999 除許可業務外，得經營法令非禁止或限制之業務,新北市,變更,11505
85341351,太極宇宙企業社,新北市永和區永貞路386巷6號3樓115年05月,龔建宇,2000000,,115/05/26,所在地變更,F101070 漁具批發業；F101100 花卉批發業；F104110 布疋、衣著、鞋、帽、傘、服飾品批發業；F105050 家具、寢具、廚房器具、裝設品批發業；F106010 五金批發業；F106020 日常用品批發業；F106030 模具批發業；F106040 水器材料批發業；F106050 陶瓷玻璃器皿批發業；F106070 祭祀用品批發業；F107010 漆料、塗料批發業；F107020 染料、顏料批發業；F107030 清潔用品批發業；F107190 塑膠膜、袋批發業；F108040 化粧品批發業；F109070 文教、樂器、育樂用品批發業；F110010 鐘錶批發業；F110020 眼鏡批發業；F111090 建材批發業；F112020 煤及煤製品批發業；F113030 精密儀器批發業；F113050 電腦及事務性機器設備批發業；F113060 度量衡器批發業；F113090 交通標誌器材批發業；F113100 污染防治設備批發業；F113110 電池批發業；F113990 其他機械器具批發業；F114010 汽車批發業；F114020 機車批發業；F114030 汽、機車零件配備批發業；F114040 自行車及其零件批發業；F114050 車胎批發業；F399040 無店面零售業；F399990 其他綜合零售業；F301020 超級市場業；F301010 百貨公司業；F299990 其他零售業；F220010 耐火材料零售業；F219010 電子材料零售業；F218010 資訊軟體零售業；F217010 消防安全設備零售業；F215020 礦石零售業；F215010 首飾及貴金屬零售業；F214050 車胎零售業；F214040 自行車及其零件零售業；F214020 機車零售業；F214010 汽車零售業；F213990 其他機械器具零售業；F213110 電池零售業；F213100 污染防治設備零售業；F213090 交通標誌器材零售業；F213060 電信器材零售業；F213050 度量衡器零售業；F213040 精密儀器零售業；F213080 機械器具零售業；F213030 電腦及事務性機器設備零售業；F213010 電器零售業；F212050 石油製品零售業；F208040 化粧品零售業；F206010 五金零售業；F206020 日常用品零售業；F204110 布疋、衣著、鞋、帽、傘、服飾品零售業；F115010 首飾及貴金屬批發業；F199010 回收物料批發業；F199990 其他批發業；I301010 資訊軟體服務業；I301020 資料處理服務業；I301030 電子資訊供應服務業；I501010 產品設計業；I502010 服飾設計業；I101110 紡織顧問業；F108031 醫療器材批發業；F208031 醫療器材零售業,新北市,變更,11505
85420046,東和停車場,新北市板橋區館前西路127之1號,楊東錦,100000,,115/05/20,組織變更,G202010 停車場經營業,新北市,變更,11505
85421559,興中企業社,新北市五股區中興路1段６８號,楊蕙慈,200000,,115/05/19,轉讓登記,F209060 文教、樂器、育樂用品零售業,新北市,變更,11505
85423661,凱旭車坊,新北市蘆洲區永安南路2段160號(1樓) 115年05月,高國偉,200000,,115/05/12,所在地變更,F214030 汽、機車零件配備零售業；F214050 車胎零售業；F214020 機車零售業；JA02020 機車修理業；JA02030 自行車修理業；JA02990 其他修理業；F206010 五金零售業；F207030 清潔用品零售業；F213090 交通標誌器材零售業；F213110 電池零售業；F214040 自行車及其零件零售業；F214990 其他交通運輸工具及其零件零售業；F219010 電子材料零售業；F299990 其他零售業；F401010 國際貿易業；ZZ99999 除許可業務外，得經營法令非禁止或限制之業務,新北市,變更,11505
85424465,艾麗爵士身心舒和工作室,新北市中和區圓通路335巷33弄5號,柳佩君,50000,,115/05/07,所營業務變更,J802010 運動訓練業；F203010 食品什貨、飲料零售業；F204110 布疋、衣著、鞋、帽、傘、服飾品零售業；F206020 日常用品零售業；F299990 其他零售業；F399990 其他綜合零售業；F399040 無店面零售業；ZZ99999 除許可業務外，得經營法令非禁止或限制之業務；JZ99990 未分類其他服務業；I199990 其他顧問服務業；J601010 藝文服務業；J202010 產業育成業；J304010 圖書出版業；F209060 文教、樂器、育樂用品零售業；J602010 演藝活動業,新北市,變更,11505
85430348,品德室內裝修工程行,新北市三重區富福街65號4樓,蘇嘉隆,5168000,,115/05/14,增資變更,E599010 配管工程業；E601020 電器安裝業；E603090 照明設備安裝工程業；E801010 室內裝潢業；E801020 門窗安裝工程業；E801030 室內輕鋼架工程業；E801040 玻璃安裝工程業；E801060 室內裝修業（註：名稱應標明「室內裝修」字樣）；E801070 廚具、衛浴設備安裝工程業；E901010 油漆工程業；F106010 五金批發業；F111090 建材批發業；F113020 電器批發業；F206010 五金零售業；F211010 建材零售業；F213010 電器零售業；I503010 景觀、室內設計業；ZZ99999 除許可業務外，得經營法令非禁止或限制之業務,新北市,變更,11505
85430972,散夾郎娃娃屋,新北市五股區成泰路1段152號115年05月,李雯琪,200000,,115/05/22,轉讓登記,F209060 文教、樂器、育樂用品零售業,新北市,變更,11505
85447896,大都會五金百貨行,新北市新莊區建國一路54號(1樓),張嘉原,200000,,115/05/04,組織變更,F399990 其他綜合零售業；F206010 五金零售業；F203010 食品什貨、飲料零售業；F203020 菸酒零售業；F206020 日常用品零售業；F208050 乙類成藥零售業；F204110 布疋、衣著、鞋、帽、傘、服飾品零售業；F205040 家具、寢具、廚房器具、裝設品零售業；F209060 文教、樂器、育樂用品零售業；F208040 化粧品零售業；F207030 清潔用品零售業；F214030 汽、機車零件配備零售業；F214040 自行車及其零件零售業；F206040 水器材料零售業；F213010 電器零售業；F213110 電池零售業；F206030 模具零售業；F207190 塑膠膜、袋零售業；F215010 首飾及貴金屬零售業；F210010 鐘錶零售業；F210020 眼鏡零售業；F207010 漆料、塗料零售業；F207020 染料、顏料零售業；F206060 祭祀用品零售業；F201010 農產品零售業；F201020 畜產品零售業；F201030 水產品零售業,新北市,變更,11505
85448213,魔法森林選物販賣店,新北市新莊區八德街165號,莊雨澄,150000,,115/05/05,轉讓登記,F209060 文教、樂器、育樂用品零售業,新北市,變更,11505
87300308,大福早午餐店,新北市中和區華新街192巷6弄18號3樓,陳氏瀅如,100000,,115/05/19,所在地變更,F501060 餐館業；ZZ99999 除許可業務外，得經營法令非禁止或限制之業務,新北市,變更,11505
87312846,小永工作室,新北市樹林區佳園路1段75巷206號(4樓) 115年05月,胡永義,200000,,115/05/15,所營業務變更,J802010 運動訓練業；J801030 競技及休閒運動場館業；J799990 其他休閒服務業；J803010 運動表演業；J803020 運動比賽業；I199990 其他顧問服務業；ZZ99999 除許可業務外，得經營法令非禁止或限制之業務,新北市,變更,11505
87312851,詮唯工程行,新北市新莊區新知三路61號3樓,陳耀正,200000,,115/05/12,所在地變更,EZ99990 其他工程業；E801030 室內輕鋼架工程業；EZ02010 起重工程業；EZ06010 交通標示工程業；EZ07010 鑽孔工程業；E599010 配管工程業；E601020 電器安裝業；E603080 交通號誌安裝工程業；E603100 電焊工程業；E901010 油漆工程業；F111090 建材批發業；IZ12010 人力派遣業；ZZ99999 除許可業務外，得經營法令非禁止或限制之業務,新北市,變更,11505
87313731,雪羅食品商舖,新北市金山區忠孝一路62號(1樓),羅雪麗,100000,,115/05/13,轉讓登記,F203010 食品什貨、飲料零售業,新北市,變更,11505
87314112,仕群企業社,新北市新莊區新知三路61號3樓115年05月,洪堉憪,200000,,115/05/18,所在地變更,F399010 便利商店業；F399040 無店面零售業；ZZ99999 除許可業務外，得經營法令非禁止或限制之業務,新北市,變更,11505
87319828,典浩企業社,新北市新莊區龍安路575號6樓115年05月,吳文怡,100000,,115/05/19,所在地變更,F399040 無店面零售業；F204110 布疋、衣著、鞋、帽、傘、服飾品零售業；F205040 家具、寢具、廚房器具、裝設品零售業；F203010 食品什貨、飲料零售業；F201010 農產品零售業；F201020 畜產品零售業；F201030 水產品零售業；F201050 漁具零售業；F201070 花卉零售業；F201990 其他農畜水產品零售業；F202010 飼料零售業；F203020 菸酒零售業；F203030 酒精零售業；F206010 五金零售業；F206020 日常用品零售業；F206040 水器材料零售業；F206050 寵物食品及其用品零售業；F206060 祭祀用品零售業；F207010 漆料、塗料零售業；F207020 染料、顏料零售業；F207030 清潔用品零售業；F207070 動物用藥零售業；F207080 環境用藥零售業；F207170 工業助劑零售業；F207190 塑膠膜、袋零售業；F207200 化學原料零售業；F207990 其他化學製品零售業；F208050 乙類成藥零售業；F209060 文教、樂器、育樂用品零售業；F210010 鐘錶零售業；F210020 眼鏡零售業；F211010 建材零售業；F213010 電器零售業；F213030 電腦及事務性機器設備零售業；F213040 精密儀器零售業；F213050 度量衡器零售業；F213060 電信器材零售業；F213080 機械器具零售業；F213090 交通標誌器材零售業；F213100 污染防治設備零售業；F213110 電池零售業；F213990 其他機械器具零售業；F214040 自行車及其零件零售業；F214990 其他交通運輸工具及其零件零售業；F215010 首飾及貴金屬零售業；F215020 礦石零售業；F216010 照相器材零售業；F217010 消防安全設備零售業；F218010 資訊軟體零售業；F219010 電子材料零售業；F220010 耐火材料零售業；F299990 其他零售業；ZZ99999 除許可業務外，得經營法令非禁止或限制之業務,新北市,變更,11505
87321177,沫霏歆玥眉睫工坊,新北市板橋區文化路1段311之12號2樓,吳佳璇,80000,,115/05/27,名稱變更,JZ99080 美容美髮服務業,新北市,變更,11505
87388394,大北企業社水源分店,新北市淡水區北新路184巷142弄1號,葉覲賢,0,,115/05/18,分支機構經理人變更,F209060 文教、樂器、育樂用品零售業；F203010 食品什貨、飲料零售業；F218010 資訊軟體零售業；F401010 國際貿易業；F118010 資訊軟體批發業；F113990 其他機械器具批發業；F399010 便利商店業；F501030 飲料店業；J801030 競技及休閒運動場館業；J701020 遊樂園業；ZZ99999 除許可業務外，得經營法令非禁止或限制之業務,新北市,變更,11505
87466671,頤泉創意數位工作室,新北市中和區中正路736號14樓之3,黃建勲,100000,,115/05/19,所在地變更,F399040 無店面零售業；F399990 其他綜合零售業；I103060 管理顧問業；I199990 其他顧問服務業；I401010 一般廣告服務業；I301010 資訊軟體服務業；I301020 資料處理服務業；I301030 電子資訊供應服務業；IZ15010 市場研究及民意調查業；IZ99990 其他工商服務業；ZZ99999 除許可業務外，得經營法令非禁止或限制之業務,新北市,變更,11505
87476072,豪安心炸雞店,新北市淡水區新興街19號(1樓),沈盈安,200000,,115/05/26,所在地變更,F203010 食品什貨、飲料零售業,新北市,變更,11505
87477327,發現愛工作室,新北市鶯歌區國慶街58號(4樓),龍詩媛,30000,,115/05/08,所在地變更,A102080 園藝服務業；JZ99080 美容美髮服務業；F208040 化粧品零售業；J802010 運動訓練業,新北市,變更,11505
87477467,衣能淨坊,新北市永和區中山路1段193之2號115年05月,宋雅雲,240000,,115/05/25,所營業務變更,JA03010 洗衣業；JA01990 其他汽車服務業；F204110 布疋、衣著、鞋、帽、傘、服飾品零售業,新北市,變更,11505
87479211,宜購坊,新北市汐止區大同路2段240號16樓之1,高虹,200000,,115/05/27,所在地變更,F399040 無店面零售業；F208031 醫療器材零售業；F102050 茶葉批發業；F102170 食品什貨批發業；F103010 飼料批發業；F104110 布疋、衣著、鞋、帽、傘、服飾品批發業；F105050 家具、寢具、廚房器具、裝設品批發業；F106010 五金批發業；F106020 日常用品批發業；F106060 寵物食品及其用品批發業；F107030 清潔用品批發業；F108040 化粧品批發業；F109070 文教、樂器、育樂用品批發業；F201010 農產品零售業；F202010 飼料零售業；F203010 食品什貨、飲料零售業；F204110 布疋、衣著、鞋、帽、傘、服飾品零售業；F205040 家具、寢具、廚房器具、裝設品零售業；F206020 日常用品零售業；F206050 寵物食品及其用品零售業；F207030 清潔用品零售業；F208040 化粧品零售業；F209060 文教、樂器、育樂用品零售業；F210010 鐘錶零售業；F210020 眼鏡零售業；F213010 電器零售業；F215010 首飾及貴金屬零售業；F221010 食品添加物零售業；F399990 其他綜合零售業；F401010 國際貿易業；ZZ99999 除許可業務外，得經營法令非禁止或限制之業務,新北市,變更,11505
87485712,熊太郎食堂,新北市汐止區復興路53巷8號（1樓）115年05月,劉俐汶,200000,,115/05/13,所在地變更,F203010 食品什貨、飲料零售業；F501060 餐館業；F501990 其他餐飲業；ZZ99999 除許可業務外，得經營法令非禁止或限制之業務,新北市,變更,11505
87486402,瑞芯企業社,新北市永和區中興街107號115年05月,林瑞容,60000,,115/05/14,負責人改名,F102170 食品什貨批發業；F104110 布疋、衣著、鞋、帽、傘、服飾品批發業；F106020 日常用品批發業；F108040 化粧品批發業；F109070 文教、樂器、育樂用品批發業；F121010 食品添加物批發業；F199990 其他批發業；F203010 食品什貨、飲料零售業；F204110 布疋、衣著、鞋、帽、傘、服飾品零售業；F206020 日常用品零售業；F208040 化粧品零售業；F209060 文教、樂器、育樂用品零售業；F221010 食品添加物零售業；F299990 其他零售業；ZZ99999 除許可業務外，得經營法令非禁止或限制之業務,新北市,變更,11505
87495845,源柴商號,新北市三重區安慶街149巷21號4樓,陳建甫,200000,,115/05/21,所在地變更,F102040 飲料批發業；F102050 茶葉批發業；F102170 食品什貨批發業；F104110 布疋、衣著、鞋、帽、傘、服飾品批發業；F105050 家具、寢具、廚房器具、裝設品批發業；F106010 五金批發業；F106020 日常用品批發業；F106030 模具批發業；F106040 水器材料批發業；F106050 陶瓷玻璃器皿批發業；F107030 清潔用品批發業；F107190 塑膠膜、袋批發業；F108040 化粧品批發業；F109070 文教、樂器、育樂用品批發業；F110010 鐘錶批發業；F113020 電器批發業；F113050 電腦及事務性機器設備批發業；F113990 其他機械器具批發業；F116010 照相器材批發業；F118010 資訊軟體批發業；F119010 電子材料批發業；F199990 其他批發業；F204110 布疋、衣著、鞋、帽、傘、服飾品零售業；F205040 家具、寢具、廚房器具、裝設品零售業；F209060 文教、樂器、育樂用品零售業；F299990 其他零售業；F399040 無店面零售業；F399990 其他綜合零售業；F401010 國際貿易業；ZZ99999 除許可業務外，得經營法令非禁止或限制之業務,新北市,變更,11505
87499048,勁呷韓定食小吃店,新北市板橋區縣民大道1段306號,申家忠,200000,,115/05/16,所在地變更,F501060 餐館業,新北市,變更,11505
87501109,圓稻小吃,新北市中和區圓通路325號,張佳惠,50000,,115/05/04,所在地變更,F501060 餐館業；F203010 食品什貨、飲料零售業,新北市,變更,11505
87504598,霧茶小吃坊,新北市淡水區水源街2段102號,楊祐恩,60000,,115/05/11,轉讓登記,F501060 餐館業；ZZ99999 除許可業務外，得經營法令非禁止或限制之業務,新北市,變更,11505
87506977,歐尼小吃店,新北市樹林區博愛街135號115年05月,白博丞,80000,,115/05/07,所在地變更,F501060 餐館業,新北市,變更,11505
87508546,逸源企業社,新北市中和區景平路429號3樓之5,黃秀娟,200000,,115/05/04,轉讓登記,F102170 食品什貨批發業；F102030 菸酒批發業；F203010 食品什貨、飲料零售業；F203020 菸酒零售業；F399040 無店面零售業；F399990 其他綜合零售業；F401010 國際貿易業；JZ99050 仲介服務業；ZZ99999 除許可業務外，得經營法令非禁止或限制之業務,新北市,變更,11505
87520859,亨宇實業社,新北市新莊區復興路2段88號,陳洋佑,100000,,115/05/04,轉讓登記,F209060 文教、樂器、育樂用品零售業；F203010 食品什貨、飲料零售業；F206020 日常用品零售業；F213010 電器零售業；JE01010 租賃業,新北市,變更,11505
87760055,仁又堂藥局,新北市金山區信義路17號（1樓）,謝式堂,100000,,115/05/19,負責人住居所變更,F208011 中藥零售業,新北市,變更,11505
87765489,彩弘攝影社,新北市三峽區中正路1段172號1樓,林鈺瀞,200000,,115/05/28,轉讓登記,JZ99030 攝影業,新北市,變更,11505
88007318,蒂亞室裝工程行,新北市新店區寶宏路36號4樓,劉彥其,200000,,115/05/05,復業,E701010 電信工程業；E801010 室內裝潢業；E801020 門窗安裝工程業；E801030 室內輕鋼架工程業；E801040 玻璃安裝工程業；E801070 廚具、衛浴設備安裝工程業；E901010 油漆工程業；E601020 電器安裝業；E603090 照明設備安裝工程業；E603040 消防安全設備安裝工程業；EZ99990 其他工程業,新北市,變更,11505
88144050,杰米義式廚房,新北市新莊區中平路270巷7弄58號,王聖輝,100000,,115/05/11,所在地變更,F501060 餐館業,新北市,變更,11505
88160451,喬程工程行,新北市汐止區大同路1段337巷16弄46號115年05月,王璘熙,200000,,115/05/27,外縣市遷入,F111090 建材批發業；F120010 耐火材料批發業；F211010 建材零售業；E801010 室內裝潢業；E901010 油漆工程業；E903010 防蝕、防銹工程業；EZ99990 其他工程業；ZZ99999 除許可業務外，得經營法令非禁止或限制之業務,新北市,變更,11505
88201684,速速桃運商企業社,新北市新莊區中正路418號(1樓),黃軍翰,240000,,115/05/18,所在地變更,F104110 布疋、衣著、鞋、帽、傘、服飾品批發業；F204110 布疋、衣著、鞋、帽、傘、服飾品零售業；F106020 日常用品批發業；F206020 日常用品零售業；F203010 食品什貨、飲料零售業；F203020 菸酒零售業；F199990 其他批發業；F299990 其他零售業；F399040 無店面零售業；F401010 國際貿易業；F399990 其他綜合零售業；I199990 其他顧問服務業；IZ12010 人力派遣業；IZ06010 理貨包裝業；I401010 一般廣告服務業；G799990 其他運輸輔助業；IZ99990 其他工商服務業；JZ99990 未分類其他服務業；ZZ99999 除許可業務外，得經營法令非禁止或限制之業務,新北市,變更,11505
88286509,瑋成起重工程行,新北市汐止區康寧街459巷7號9樓115年05月,林信瑋,200000,,115/05/20,所在地變更,EZ02010 起重工程業；IZ06010 理貨包裝業；J101090 廢棄物清理業,新北市,變更,11505
88287937,堉品商行,新北市蘆洲區中山二路222巷21弄3號(1樓) 115年05月,童育婷,200000,,115/05/21,外縣市遷入,F104110 布疋、衣著、鞋、帽、傘、服飾品批發業；F106020 日常用品批發業；F108040 化粧品批發業；F109070 文教、樂器、育樂用品批發業；F115010 首飾及貴金屬批發業；F102040 飲料批發業；F102170 食品什貨批發業；F107190 塑膠膜、袋批發業；F113020 電器批發業；F113050 電腦及事務性機器設備批發業；F119010 電子材料批發業；F204110 布疋、衣著、鞋、帽、傘、服飾品零售業；F206020 日常用品零售業；F208040 化粧品零售業；F209060 文教、樂器、育樂用品零售業；F215010 首飾及貴金屬零售業；F203010 食品什貨、飲料零售業；F213010 電器零售業；F219010 電子材料零售業；F207190 塑膠膜、袋零售業；F213030 電腦及事務性機器設備零售業；F399040 無店面零售業；F401010 國際貿易業；E603090 照明設備安裝工程業；E605010 電腦設備安裝業；I301030 電子資訊供應服務業；I401010 一般廣告服務業；I501010 產品設計業；IZ06010 理貨包裝業；ZZ99999 除許可業務外，得經營法令非禁止或限制之業務,新北市,變更,11505
88354246,米勒星娛樂工作室,新北市三重區同安街114巷1號(2樓),廖英佐,200000,,115/05/08,所營業務變更,F109070 文教、樂器、育樂用品批發業；F209060 文教、樂器、育樂用品零售業；F399040 無店面零售業；F601010 智慧財產權業；I105010 藝術品諮詢顧問業；I401020 廣告傳單分送業；I501010 產品設計業；I502010 服飾設計業；J202010 產業育成業；J304010 圖書出版業；J305010 有聲出版業；J399010 軟體出版業；J503030 廣播電視節目發行業（原:J503031廣播電視節目發行業）；J503040 廣播電視廣告業（原:J503041廣播電視廣告業）；J602010 演藝活動業；JZ99050 仲介服務業；J601010 藝文服務業；JB01010 會議及展覽服務業；I301010 資訊軟體服務業；I301020 資料處理服務業；I301030 電子資訊供應服務業；I199990 其他顧問服務業；I401010 一般廣告服務業；F118010 資訊軟體批發業；F218010 資訊軟體零售業；IZ12010 人力派遣業；F213010 電器零售業；ZZ99999 除許可業務外，得經營法令非禁止或限制之業務,新北市,變更,11505
91180179,欣容工作室,新北市新莊區思源路357號(1樓) 115年05月,陳宥寧,200000,,115/05/28,所營業務變更,F203010 食品什貨、飲料零售業；F204110 布疋、衣著、鞋、帽、傘、服飾品零售業；F206020 日常用品零售業；F208040 化粧品零售業；F399040 無店面零售業；JZ99080 美容美髮服務業；ZZ99999 除許可業務外，得經營法令非禁止或限制之業務,新北市,變更,11505
91180353,新鮮空氣糧商行,新北市永和區智光街46號,何志揚,200000,,115/05/28,所在地變更,A102060 糧商業；A102080 園藝服務業；F201010 農產品零售業；F201070 花卉零售業；F203010 食品什貨、飲料零售業；F203020 菸酒零售業；F206020 日常用品零售業；F207030 清潔用品零售業；F204110 布疋、衣著、鞋、帽、傘、服飾品零售業；F205040 家具、寢具、廚房器具、裝設品零售業；F221010 食品添加物零售業；F501030 飲料店業；F399040 無店面零售業；F399990 其他綜合零售業；ZZ99999 除許可業務外，得經營法令非禁止或限制之業務,新北市,變更,11505
91180446,朵樂髮型美容店,新北市泰山區明志路3段188號(2樓),彭鈺彤,10000,,115/05/08,轉讓登記,JZ99080 美容美髮服務業；F208040 化粧品零售業,新北市,變更,11505
91188469,通泰企業社,新北市新莊區五權一路１２巷２１弄２３號４樓,胡仕勲,2200000,,115/05/11,所營業務變更,G799990 其他運輸輔助業；F401010 國際貿易業；F114010 汽車批發業；F214010 汽車零售業；F214030 汽、機車零件配備零售業；I401010 一般廣告服務業；I503010 景觀、室內設計業；I504010 花藝設計業；IZ12010 人力派遣業；I401020 廣告傳單分送業；ZZ99999 除許可業務外，得經營法令非禁止或限制之業務,新北市,變更,11505
91194618,大悅沙發,新北市新莊區新北大道4段187號15樓之2 115年05月,陳柄翰,200000,,115/05/28,所在地變更,F105050 家具、寢具、廚房器具、裝設品批發業；F205040 家具、寢具、廚房器具、裝設品零售業；F104110 布疋、衣著、鞋、帽、傘、服飾品批發業；F204110 布疋、衣著、鞋、帽、傘、服飾品零售業；F106020 日常用品批發業；F206020 日常用品零售業；F107030 清潔用品批發業；F207030 清潔用品零售業；F399040 無店面零售業；F401010 國際貿易業；I501010 產品設計業；CN01010 家具及裝設品製造業；ZZ99999 除許可業務外，得經營法令非禁止或限制之業務,新北市,變更,11505
91197967,祥豪企業社,新北市新莊區五權一路1號8樓之1,蕭喻鴻,4000000,,115/05/21,轉讓登記,EZ99990 其他工程業；EZ02010 起重工程業；E801030 室內輕鋼架工程業；IG03010 能源技術服務業；D101060 再生能源自用發電設備業；F111090 建材批發業；F115020 礦石批發業；F113110 電池批發業；F211010 建材零售業；F106010 五金批發業；C901070 石材製品製造業；E607010 太陽熱能設備安裝工程業；E801010 室內裝潢業；E901010 油漆工程業；E601020 電器安裝業；IZ12010 人力派遣業；I401010 一般廣告服務業；I401020 廣告傳單分送業；I503010 景觀、室內設計業；JZ99050 仲介服務業；J101010 建築物清潔服務業；H701010 住宅及大樓開發租售業；H703090 不動產買賣業；H703100 不動產租賃業；ZZ99999 除許可業務外，得經營法令非禁止或限制之業務；H701020 工業廠房開發租售業；H701050 投資興建公共建設業；H701060 新市鎮、新社區開發業；H701090 都市更新整建維護業；H703110 老人住宅業；E599010 配管工程業；G202010 停車場經營業；F102170 食品什貨批發業；I301010 資訊軟體服務業；I301060 網路廣告平臺業；I301030 電子資訊供應服務業；A102060 糧商業；F107010 漆料、塗料批發業；F101990 其他農、畜、水產品批發業；E903010 防蝕、防銹工程業；JA02010 電器及電子產品修理業；F113030 精密儀器批發業,新北市,變更,11505
91204236,冠奇美食商行,新北市新莊區中央路92號5樓,林宜臻,88800,,115/05/26,所在地變更,F203010 食品什貨、飲料零售業；F206020 日常用品零售業；F399040 無店面零售業；ZZ99999 除許可業務外，得經營法令非禁止或限制之業務,新北市,變更,11505
91211095,鈞鈦金屬表面處理企業社,新北市新莊區建國二路83號之10(2樓) 115年05月,黃建欽,200000,,115/05/26,名稱變更,CA04010 表面處理業,新北市,變更,11505
91214425,王紫蘆工作坊,新北市板橋區大觀路2段265巷1弄12號3樓,王子芩,230000,,115/05/20,轉讓登記,J303010 雜誌（期刊）出版業；J304010 圖書出版業；J302010 通訊稿業；J305010 有聲出版業；J399990 其他出版業；J601010 藝文服務業；J602010 演藝活動業；ZZ99999 除許可業務外，得經營法令非禁止或限制之業務；I199990 其他顧問服務業,新北市,變更,11505
91219168,豪運到得和店,新北市永和區得和路39號(1樓),廖福進,100000,,115/05/29,轉讓登記,F209060 文教、樂器、育樂用品零售業,新北市,變更,11505
91219667,千樂台安藥局,新北市中和區安樂路101之2號(1、2樓)及101之3號(1、2樓),邱若茵,6000,,115/05/21,轉讓登記,F208050 乙類成藥零售業；F206020 日常用品零售業；F203010 食品什貨、飲料零售業；F208040 化粧品零售業；F203020 菸酒零售業；F204110 布疋、衣著、鞋、帽、傘、服飾品零售業；F209060 文教、樂器、育樂用品零售業；F201010 農產品零售業；F399010 便利商店業；F206010 五金零售業；F399040 無店面零售業；IZ06010 理貨包裝業；F299990 其他零售業；F399990 其他綜合零售業；F401010 國際貿易業,新北市,變更,11505
91226225,百果樹健康生活工坊,新北市淡水區民權路25號7樓之5 115年05月,楊宗陶,240000,,115/05/20,所營業務變更,F203010 食品什貨、飲料零售業；F204110 布疋、衣著、鞋、帽、傘、服飾品零售業；F208050 乙類成藥零售業；F221010 食品添加物零售業；F399040 無店面零售業；F399990 其他綜合零售業；F401010 國際貿易業；F501030 飲料店業；I199990 其他顧問服務業；JE01010 租賃業；JI01010 互動式情境體驗服務業；JZ99990 未分類其他服務業；ZZ99999 除許可業務外，得經營法令非禁止或限制之業務,新北市,變更,11505
91231775,銓寵商行,新北市汐止區康寧街169巷8號6樓115年05月,潘建宗,200000,,115/05/07,所在地變更,F206050 寵物食品及其用品零售業；F106060 寵物食品及其用品批發業；F103010 飼料批發業；F202010 飼料零售業；F102170 食品什貨批發業；F102040 飲料批發業；F203010 食品什貨、飲料零售業；F104110 布疋、衣著、鞋、帽、傘、服飾品批發業；F204110 布疋、衣著、鞋、帽、傘、服飾品零售業；F105050 家具、寢具、廚房器具、裝設品批發業；F205040 家具、寢具、廚房器具、裝設品零售業；F106010 五金批發業；F206010 五金零售業；F106020 日常用品批發業；F206020 日常用品零售業；F109070 文教、樂器、育樂用品批發業；F209060 文教、樂器、育樂用品零售業；F113020 電器批發業；F213010 電器零售業；F113050 電腦及事務性機器設備批發業；F213030 電腦及事務性機器設備零售業；F107030 清潔用品批發業；F207030 清潔用品零售業；F107070 動物用藥品批發業；F207070 動物用藥零售業；F199990 其他批發業；F299990 其他零售業；F401010 國際貿易業；F399040 無店面零售業；ZZ99999 除許可業務外，得經營法令非禁止或限制之業務,新北市,變更,11505
91233268,安捷室內裝修企業社,新北市新莊區昌隆街11號3樓之1 115年05月,鐘暐傑,200000,,115/05/29,復業,E801060 室內裝修業（註：名稱應標明「室內裝修」字樣）；E801010 室內裝潢業；E801020 門窗安裝工程業；E801070 廚具、衛浴設備安裝工程業；E901010 油漆工程業；F105050 家具、寢具、廚房器具、裝設品批發業；F111090 建材批發業；F106040 水器材料批發業；E599010 配管工程業；E601020 電器安裝業；E801030 室內輕鋼架工程業；E801040 玻璃安裝工程業；F113020 電器批發業；F120010 耐火材料批發業；F205040 家具、寢具、廚房器具、裝設品零售業；F213010 電器零售業；I501010 產品設計業；I503010 景觀、室內設計業；I599990 其他設計業；F211010 建材零售業；F220010 耐火材料零售業；F401010 國際貿易業；ZZ99999 除許可業務外，得經營法令非禁止或限制之業務,新北市,變更,11505
91239447,仟本工程行,新北市三重區公園街51號4樓115年05月,陳冠培,200000,,115/05/05,名稱變更,E599010 配管工程業；E601010 電器承裝業；E601020 電器安裝業；E603010 電纜安裝工程業；E603050 自動控制設備工程業；E603090 照明設備安裝工程業；E603100 電焊工程業；E701010 電信工程業；E801010 室內裝潢業；E801020 門窗安裝工程業；E801030 室內輕鋼架工程業；E801040 玻璃安裝工程業；E801070 廚具、衛浴設備安裝工程業；E901010 油漆工程業；E903010 防蝕、防銹工程業；E604010 機械安裝業；EZ05010 儀器、儀表安裝工程業；EZ99990 其他工程業；F206010 五金零售業；F206040 水器材料零售業；F206060 祭祀用品零售業；F207010 漆料、塗料零售業；F211010 建材零售業；F213010 電器零售業；F213030 電腦及事務性機器設備零售業；F213060 電信器材零售業；F213080 機械器具零售業；F299990 其他零售業；F399040 無店面零售業；ZZ99999 除許可業務外，得經營法令非禁止或限制之業務；A102080 園藝服務業；C901070 石材製品製造業；F115020 礦石批發業；F215020 礦石零售業；F401010 國際貿易業；I503010 景觀設計業；J101010 建築物清潔服務業；J101990 其他環境衛生及污染防治服務業；IZ12010 人力派遣業；E605010 電腦設備安裝業；E701040 簡易電信設備安裝業；F113020 電器批發業；F113070 電信器材批發業；F113110 電池批發業；F119010 電子材料批發業；F113050 電腦及事務性機器設備批發業；F213110 電池零售業；F219010 電子材料零售業；G903010 電信事業；JA02010 電器及電子產品修理業；F106040 水器材料批發業；E603080 交通號誌安裝工程業；EZ06010 交通標示工程業；F113090 交通標誌器材批發業,新北市,變更,11505
91241942,民享自助洗衣店,新北市五股區成泰路1段2之3號,陳樹成,100000,,115/05/11,所在地變更,JA03010 洗衣業；ZZ99999 除許可業務外，得經營法令非禁止或限制之業務,新北市,變更,11505
91245742,雷維沐企業社,新北市泰山區明志路3段223號(1樓),洪堂益,100000,,115/05/28,轉讓登記,J701020 遊樂園業；F209060 文教、樂器、育樂用品零售業；JE01010 租賃業；F213990 其他機械器具零售業；F218010 資訊軟體零售業；I301030 電子資訊供應服務業；I301010 資訊軟體服務業；F203010 食品什貨、飲料零售業；ZZ99999 除許可業務外，得經營法令非禁止或限制之業務,新北市,變更,11505
91246025,珍妮甲藝美睫,新北市三重區重新路1段105號,鄧珍妮,100000,,115/05/29,轉讓登記,JZ99080 美容美髮服務業,新北市,變更,11505
91246046,熊之工作室,新北市五股區登林路81之23號13樓,葉雄濬,100000,,115/05/29,所在地變更,ZZ99999 除許可業務外，得經營法令非禁止或限制之業務；I199990 其他顧問服務業；I599990 其他設計業；I102010 投資顧問業；I103060 管理顧問業；F399990 其他綜合零售業；IZ99990 其他工商服務業,新北市,變更,11505
91397923,林翰企業社,新北市林口區中山路250號2樓之1 115年05月,林俊澤,100000,,115/05/26,所在地變更,F102170 食品什貨批發業；F108040 化粧品批發業；F109070 文教、樂器、育樂用品批發業；F203010 食品什貨、飲料零售業；F207030 清潔用品零售業；F208040 化粧品零售業；F209060 文教、樂器、育樂用品零售業；F299990 其他零售業；F399990 其他綜合零售業；H201010 一般投資業；I103060 管理顧問業；IZ12010 人力派遣業；JZ99990 未分類其他服務業；ZZ99999 除許可業務外，得經營法令非禁止或限制之業務；I301020 資料處理服務業；I301030 電子資訊供應服務業；I301040 第三方支付服務業；I301060 網路廣告平臺業；I401010 一般廣告服務業；J202010 產業育成業,新北市,變更,11505
91401638,承澤企業社,新北市土城區學府路1段278號地下一層之10,黃宥豪,200000,,115/05/29,所在地變更,E801020 門窗安裝工程業；E801010 室內裝潢業；E801030 室內輕鋼架工程業；E801040 玻璃安裝工程業；E801070 廚具、衛浴設備安裝工程業；E603040 消防安全設備安裝工程業；E603090 照明設備安裝工程業；E603120 噴砂工程業；E901010 油漆工程業；E903010 防蝕、防銹工程業；EZ06010 交通標示工程業；F106010 五金批發業；F106040 水器材料批發業；F105050 家具、寢具、廚房器具、裝設品批發業；F206010 五金零售業；F206020 日常用品零售業；F206040 水器材料零售業；F205040 家具、寢具、廚房器具、裝設品零售業,新北市,變更,11505
91407231,冠利玻璃行,新北市汐止區建成路142巷19弄3號,曾凱翊,245000,,115/05/11,所在地變更,E801040 玻璃安裝工程業；E801070 廚具、衛浴設備安裝工程業；E801010 室內裝潢業；EZ99990 其他工程業；F105050 家具、寢具、廚房器具、裝設品批發業；F106010 五金批發業；F106020 日常用品批發業；F107990 其他化學製品批發業；F399040 無店面零售業；I503010 景觀、室內設計業；JA02990 其他修理業；ZZ99999 除許可業務外，得經營法令非禁止或限制之業務,新北市,變更,11505
91412494,希望之光工作室,新北市土城區學成路139號2樓,李珈語,200000,,115/05/11,名稱變更,F218010 資訊軟體零售業；F213010 電器零售業；I301010 資訊軟體服務業；I301030 電子資訊供應服務業；F601010 智慧財產權業；ZZ99999 除許可業務外，得經營法令非禁止或限制之業務,新北市,變更,11505
91419530,特力企業社,新北市淡水區學府路200號,孫子軒,30000,,115/05/11,轉讓登記,F209060 文教、樂器、育樂用品零售業；ZZ99999 除許可業務外，得經營法令非禁止或限制之業務,新北市,變更,11505
91420467,金虎夾商行,新北市板橋區民治街71巷1號115年05月,邱彥凱,80000,,115/05/06,轉讓登記,F209060 文教、樂器、育樂用品零售業,新北市,變更,11505
91422211,一家人工作室,新北市新莊區中和街212號2樓,李曼聞,100000,,115/05/22,所在地變更,F204110 布疋、衣著、鞋、帽、傘、服飾品零售業；F205040 家具、寢具、廚房器具、裝設品零售業；F206020 日常用品零售業；F209060 文教、樂器、育樂用品零售業；F399040 無店面零售業；I501010 產品設計業；I502010 服飾設計業；ZZ99999 除許可業務外，得經營法令非禁止或限制之業務,新北市,變更,11505
91423470,兆希企業社,新北市汐止區民族六街2巷4號3樓,陳麗文,240000,,115/05/25,所營業務變更,F401010 國際貿易業；F399040 無店面零售業；F208040 化粧品零售業；F108040 化粧品批發業；F203010 食品什貨、飲料零售業；F204110 布疋、衣著、鞋、帽、傘、服飾品零售業；F207030 清潔用品零售業；F206020 日常用品零售業；F299990 其他零售業,新北市,變更,11505
91427399,添鑫工程行,新北市淡水區學府路136巷59號115年05月,卓文添,220000,,115/05/13,所在地變更,F213010 電器零售業；F206040 水器材料零售業；F206010 五金零售業；F205040 家具、寢具、廚房器具、裝設品零售業；E601020 電器安裝業；E599010 配管工程業；E801010 室內裝潢業；E801020 門窗安裝工程業；E801030 室內輕鋼架工程業；E801040 玻璃安裝工程業；E801070 廚具、衛浴設備安裝工程業；E901010 油漆工程業；E603100 電焊工程業；E903010 防蝕、防銹工程業；E603090 照明設備安裝工程業；JA02010 電器及電子產品修理業；JA02990 其他修理業；ZZ99999 除許可業務外，得經營法令非禁止或限制之業務,新北市,變更,11505
91430232,水門工程行,新北市汐止區汐萬路2段228巷31弄124號,范振楷,100000,,115/05/19,外縣市遷入,F106010 五金批發業；F111090 建材批發業；E603050 自動控制設備工程業；E603100 電焊工程業；E801010 室內裝潢業；E801020 門窗安裝工程業；E801030 室內輕鋼架工程業；E801040 玻璃安裝工程業；EZ99990 其他工程業；ZZ99999 除許可業務外，得經營法令非禁止或限制之業務,新北市,變更,11505
91431204,海角七號商行,新北市樹林區太平路１５０巷８號,蔡嘉章,200000,,115/05/08,所在地變更,ZZ99999 除許可業務外，得經營法令非禁止或限制之業務；F206010 五金零售業；F206020 日常用品零售業；F209060 文教、樂器、育樂用品零售業；F210010 鐘錶零售業；F213010 電器零售業；F399990 其他綜合零售業,新北市,變更,11505
91432479,歐滴商行,新北市板橋區中正路373號,游弈宏,100000,,115/05/04,轉讓登記,F501030 飲料店業；F203010 食品什貨、飲料零售業；ZZ99999 除許可業務外，得經營法令非禁止或限制之業務,新北市,變更,11505
91433462,采婕美學企業社,新北市三峽區復興路110巷4弄3號(1樓),余文偉,200000,,115/05/14,所營業務變更,F399040 無店面零售業；F108031 醫療器材批發業；F206020 日常用品零售業；F207030 清潔用品零售業；F208031 醫療器材零售業；F208040 化粧品零售業；ZZ99999 除許可業務外，得經營法令非禁止或限制之業務；F204110 布疋、衣著、鞋、帽、傘、服飾品零售業,新北市,變更,11505
91433723,贊娜國際企業社,新北市土城區青雲路232號5樓,游宗樺,200000,,115/05/06,所在地變更,F208040 化粧品零售業；F206020 日常用品零售業；F299990 其他零售業；F399040 無店面零售業；ZZ99999 除許可業務外，得經營法令非禁止或限制之業務,新北市,變更,11505
91438071,尼哈企業社,新北市板橋區懷德街66巷18號4樓115年05月,王巧霞,10000,,115/05/07,轉讓登記,F399040 無店面零售業,新北市,變更,11505
91439206,卡比獸商行,新北市樹林區千歲街84號,王千瑜,80000,,115/05/25,轉讓登記,F203010 食品什貨、飲料零售業；F204110 布疋、衣著、鞋、帽、傘、服飾品零售業；F206020 日常用品零售業；F207030 清潔用品零售業；F208040 化粧品零售業；F213060 電信器材零售業；F209060 文教、樂器、育樂用品零售業；F206010 五金零售業；F206050 寵物食品及其用品零售業；F399040 無店面零售業；F208050 乙類成藥零售業；F205040 家具、寢具、廚房器具、裝設品零售業；F203020 菸酒零售業；ZZ99999 除許可業務外，得經營法令非禁止或限制之業務,新北市,變更,11505
91439326,惟創工程行,新北市板橋區溪崑二街118巷4號4樓,林俊榕,200000,,115/05/26,所在地變更,E599010 配管工程業；E601010 電器承裝業；E601020 電器安裝業；E603130 燃氣熱水器承裝業；F106010 五金批發業；F113020 電器批發業；F399040 無店面零售業；E603040 消防安全設備安裝工程業；F105050 家具、寢具、廚房器具、裝設品批發業；F106040 水器材料批發業；F111090 建材批發業；F120010 耐火材料批發業；F206010 五金零售業；F206040 水器材料零售業；F211010 建材零售業；F213010 電器零售業；F401010 國際貿易業；ZZ99999 除許可業務外，得經營法令非禁止或限制之業務,新北市,變更,11505
91439331,遠大打字行,新北市土城區延吉街264號2樓115年05月,翁秀如,50000,,115/05/05,所在地變更,IZ02010 打字業；IZ10010 排版業；ZZ99999 除許可業務外，得經營法令非禁止或限制之業務,新北市,變更,11505
91550236,逸汝國際企業社,新北市中和區中山路2段616巷3號(3樓),姜錫菁,240000,,115/05/26,所在地變更,F109070 文教、樂器、育樂用品批發業；F203010 食品什貨、飲料零售業；F204110 布疋、衣著、鞋、帽、傘、服飾品零售業；F205040 家具、寢具、廚房器具、裝設品零售業；F206020 日常用品零售業；F209060 文教、樂器、育樂用品零售業；F401010 國際貿易業；JE01010 租賃業；ZZ99999 除許可業務外，得經營法令非禁止或限制之業務,新北市,變更,11505
91550860,清昱起重工程行,新北市樹林區保安二街9號5樓,蕭宇清,200000,,115/05/28,所營業務變更,EZ02010 起重工程業；F109070 文教、樂器、育樂用品批發業；J101080 資源回收業；F199010 回收物料批發業；J101090 廢棄物清理業；G799990 其他運輸輔助業；J101010 建築物清潔服務業；J101030 廢棄物清除業；IZ12010 人力派遣業；ZZ99999 除許可業務外，得經營法令非禁止或限制之業務,新北市,變更,11505
91551354,佳佳娛樂企業社,新北市中和區民利街77號13樓,李承鴻,2000000,,115/05/06,所營業務變更,F209060 文教、樂器、育樂用品零售業；F109070 文教、樂器、育樂用品批發業；F203010 食品什貨、飲料零售業；CC01990 其他電機及電子機械器材製造業；CQ01010 模具製造業；CH01040 玩具製造業；CA01050 鋼材二次加工業；I501010 產品設計業；I599990 其他設計業；F118010 資訊軟體批發業；F119010 電子材料批發業；F218010 資訊軟體零售業；F219010 電子材料零售業；F399040 無店面零售業；F401010 國際貿易業；F113010 機械批發業；F213080 機械器具零售業；I301010 資訊軟體服務業；I301020 資料處理服務業；I301030 電子資訊供應服務業；F213990 其他機械器具零售業；JA02990 其他修理業；J799990 其他休閒服務業；F399010 便利商店業；ZZ99999 除許可業務外，得經營法令非禁止或限制之業務,新北市,變更,11505
91677071,邦甯店,新北市板橋區中山路2段416巷2號115年05月,黃楷智,100000,,115/05/20,轉讓登記,F209060 文教、樂器、育樂用品零售業,新北市,變更,11505
91677305,妘澄事業社,新北市土城區中央路1段152號5樓,林文郁,200000,,115/05/14,名稱變更,F208040 化粧品零售業；F203010 食品什貨、飲料零售業；F399040 無店面零售業；ZZ99999 除許可業務外，得經營法令非禁止或限制之業務,新北市,變更,11505
91684690,亞虎工程行,新北市新莊區中正路871巷3號2樓,林圳宏,200000,,115/05/18,所在地變更,F111090 建材批發業；E601020 電器安裝業；E599010 配管工程業；E603100 電焊工程業；E801030 室內輕鋼架工程業；E901010 油漆工程業；EZ99990 其他工程業；IZ12010 人力派遣業；F113020 電器批發業；F107010 漆料、塗料批發業；ZZ99999 除許可業務外，得經營法令非禁止或限制之業務,新北市,變更,11505
91685614,嘉嘎汽車商行,新北市中和區興南路2段34巷5號,邱子嘉,100000,,115/05/21,所在地變更,CA04010 表面處理業；JA01990 其他汽車服務業；ZZ99999 除許可業務外，得經營法令非禁止或限制之業務,新北市,變更,11505
91686445,永達影印裝訂行,新北市新莊區中正路589號(1樓),江綺慧,50000,,115/05/05,轉讓登記,IZ01010 影印業；C701010 印刷業；C703010 印刷品裝訂及加工業,新北市,變更,11505
91686698,七七七車美體工坊,新北市板橋區仁化街144號,魏偉恩,50000,,115/05/11,所在地變更,F204110 布疋、衣著、鞋、帽、傘、服飾品零售業；F206020 日常用品零售業；F209060 文教、樂器、育樂用品零售業；F214030 汽、機車零件配備零售業；F399040 無店面零售業；F399990 其他綜合零售業；JA01990 其他汽車服務業,新北市,變更,11505
91687280,恆昇水電工程行,新北市五股區五福路62號10樓,陳柏廷,50000,,115/05/15,所營業務變更,E599010 配管工程業；E603130 燃氣熱水器承裝業；E801070 廚具、衛浴設備安裝工程業；E601010 電器承裝業；F206040 水器材料零售業；E801030 室內輕鋼架工程業；E801010 室內裝潢業；E801020 門窗安裝工程業；E901010 油漆工程業；E801040 玻璃安裝工程業；EZ99990 其他工程業；ZZ99999 除許可業務外，得經營法令非禁止或限制之業務,新北市,變更,11505
91688817,小米麻吉企業社,新北市烏來區烏來街139號115年05月,陳婕玲,20000,,115/05/12,轉讓登記,F203010 食品什貨、飲料零售業,新北市,變更,11505
91692349,捌零零陸工作室,新北市中和區中正路716號10樓之1,田一德,200000,,115/05/06,所在地變更,F104110 布疋、衣著、鞋、帽、傘、服飾品批發業；F109070 文教、樂器、育樂用品批發業；F204110 布疋、衣著、鞋、帽、傘、服飾品零售業；F209060 文教、樂器、育樂用品零售業；F401010 國際貿易業；J202010 產業育成業；J304010 圖書出版業；J305010 有聲出版業；J399990 其他出版業；J401010 電影片製作業；J402010 電影片發行業；J601010 藝文服務業；J602010 演藝活動業；ZZ99999 除許可業務外，得經營法令非禁止或限制之業務；F203010 食品什貨、飲料零售業；F501060 餐館業,新北市,變更,11505
91693924,三蘆生猛活海鮮小吃店,新北市三重區三和路4段95之7號(1樓),黃昱銘,200000,,115/05/04,轉讓登記,F501060 餐館業；F501030 飲料店業；ZZ99999 除許可業務外，得經營法令非禁止或限制之業務,新北市,變更,11505
91693987,君鼎工程行,新北市瑞芳區鼻頭路15號4樓,林婉君,300000,,115/05/14,所在地變更,EZ99990 其他工程業；E901010 油漆工程業；E801010 室內裝潢業；E599010 配管工程業；E603090 照明設備安裝工程業；E604010 機械安裝業；E801030 室內輕鋼架工程業；E903010 防蝕、防銹工程業；EZ02010 起重工程業；EZ07010 鑽孔工程業；F107010 漆料、塗料批發業；F111090 建材批發業；ZZ99999 除許可業務外，得經營法令非禁止或限制之業務,新北市,變更,11505
91695583,吉樂商號,新北市新店區建國路236號(1樓),黃柏翰,180000,,115/05/07,轉讓登記,F501060 餐館業,新北市,變更,11505
91696008,白灰王檳榔攤,新北市三重區中正北路285號(1樓),蔡官樺,150000,,115/05/19,轉讓登記,F201990 其他農畜水產品零售業；F203010 食品什貨、飲料零售業；F203020 菸酒零售業；ZZ99999 除許可業務外，得經營法令非禁止或限制之業務,新北市,變更,11505
91700679,東風育樂屋,新北市樹林區保安街1段382號(1樓) 115年05月,蘇珹暘,100000,,115/05/15,轉讓登記,F209060 文教、樂器、育樂用品零售業,新北市,變更,11505
91705528,特司拉工程行,新北市三重區重陽路4段130號12樓,陳俞榤,200000,,115/05/18,復業,E603130 燃氣熱水器承裝業；E701040 簡易電信設備安裝業；E801070 廚具、衛浴設備安裝工程業；E603090 照明設備安裝工程業；E599010 配管工程業；F219010 電子材料零售業；F205040 家具、寢具、廚房器具、裝設品零售業；F206010 五金零售業；F206040 水器材料零售業；ZZ99999 除許可業務外，得經營法令非禁止或限制之業務,新北市,變更,11505
91705695,昀蓁餐飲店,新北市樹林區保安街1段230號(1樓),張峻豪,150000,,115/05/06,轉讓登記,F501060 餐館業,新北市,變更,11505
91708433,七董企業社,新北市淡水區公明街57號,陳鵬全,100000,,115/05/05,復業,F209060 文教、樂器、育樂用品零售業；F213990 其他機械器具零售業；I301030 電子資訊供應服務業,新北市,變更,11505
91709067,動窩力健身工作室,新北市蘆洲區中原路21巷7弄6號,王柏翔,200000,,115/05/04,所營業務變更,F209060 文教、樂器、育樂用品零售業；F401010 國際貿易業；I103060 管理顧問業；I199990 其他顧問服務業；J801030 競技及休閒運動場館業；J802010 運動訓練業；JE01010 租賃業；ZZ99999 除許可業務外，得經營法令非禁止或限制之業務,新北市,變更,11505
91713652,京園園藝行,新北市鶯歌區永福街1號7樓,鄭裕玲,200000,,115/05/18,所營業務變更,A101050 花卉栽培業；F101100 花卉批發業；F101990 其他農、畜、水產品批發業；F201010 農產品零售業；F201070 花卉零售業；F201990 其他農畜水產品零售業；ZZ99999 除許可業務外，得經營法令非禁止或限制之業務；A101020 農作物栽培業,新北市,變更,11505
91716308,韓九拉代購社,新北市新店區安興路109號5樓之6 115年05月,張文馨,200000,,115/05/27,轉讓登記,F104110 布疋、衣著、鞋、帽、傘、服飾品批發業；F105050 家具、寢具、廚房器具、裝設品批發業；F106020 日常用品批發業；F107030 清潔用品批發業；F102170 食品什貨批發業；F108040 化粧品批發業；F206020 日常用品零售業；F208040 化粧品零售業；F399040 無店面零售業；F401010 國際貿易業；ZZ99999 除許可業務外，得經營法令非禁止或限制之業務；F213030 電腦及事務性機器設備零售業,新北市,變更,11505
91735419,吉福商行,新北市五股區五福路37號,彭羽晨,100000,,115/05/22,負責人改名,F203010 食品什貨、飲料零售業；F501990 其他餐飲業,新北市,變更,11505
91738247,隨心剪理髮廳,新北市土城區學府路2段1號,范淑君,100000,,115/05/05,轉讓登記,JZ99080 美容美髮服務業,新北市,變更,11505
91745079,舜福企業社,新北市樹林區三俊街209號(1樓),張程舜,246000,,115/05/27,出資額變更,CA02030 螺絲、螺帽、螺絲釘、及鉚釘等製品製造業；CA02060 金屬容器製造業；CA02040 彈簧製造業；CB01010 機械設備製造業；CA03010 熱處理業；CP01010 手工具製造業；CQ01010 模具製造業；F106010 五金批發業；F401010 國際貿易業；ZZ99999 除許可業務外，得經營法令非禁止或限制之業務,新北市,變更,11505
91749429,明雄工程行,新北市板橋區稚暉街11號,吳錦雄,200000,,115/05/14,所在地變更,F106010 五金批發業；F111090 建材批發業；F206010 五金零售業；F211010 建材零售業；E599010 配管工程業；E601020 電器安裝業；E603040 消防安全設備安裝工程業；E603090 照明設備安裝工程業；E801010 室內裝潢業；E801020 門窗安裝工程業；E801030 室內輕鋼架工程業；E801040 玻璃安裝工程業；E801070 廚具、衛浴設備安裝工程業；E901010 油漆工程業；E903010 防蝕、防銹工程業；EZ02010 起重工程業；EZ99990 其他工程業；ZZ99999 除許可業務外，得經營法令非禁止或限制之業務,新北市,變更,11505
91750311,四時甜點,新北市蘆洲區和平路１２１巷１０號115年05月,吳東育,200000,,115/05/22,轉讓登記,C104020 烘焙炊蒸食品製造業；C110010 飲料製造業；C104010 糖果製造業；F399040 無店面零售業；F501060 餐館業；F501030 飲料店業；F203010 食品什貨、飲料零售業,新北市,變更,11505
91752248,庫特商行,新北市永和區中山路1段24號2樓,江品涵,200000,,115/05/19,轉讓登記,F203010 食品什貨、飲料零售業；F204110 布疋、衣著、鞋、帽、傘、服飾品零售業；F205040 家具、寢具、廚房器具、裝設品零售業；F206010 五金零售業；F206020 日常用品零售業；F299990 其他零售業；F399040 無店面零售業；F399990 其他綜合零售業；F401010 國際貿易業；F101050 水產品批發業；F104110 布疋、衣著、鞋、帽、傘、服飾品批發業；F105050 家具、寢具、廚房器具、裝設品批發業；F106010 五金批發業；F106020 日常用品批發業,新北市,變更,11505
91755287,圻銳工作室,新北市板橋區大觀路3段227之7號8樓,沈妤姗,150000,,115/05/12,所在地變更,F206020 日常用品零售業；F399040 無店面零售業,新北市,變更,11505
91755884,愛速洗洗衣店,新北市中和區景平路240巷2弄11號,周杰宏,240000,,115/05/18,所在地變更,JA03010 洗衣業；ZZ99999 除許可業務外，得經營法令非禁止或限制之業務；F203010 食品什貨、飲料零售業；F299990 其他零售業,新北市,變更,11505
91758658,澄泰企業社,新北市五股區水碓路22巷10號2樓,王義享,200000,,115/05/13,所在地變更,J101020 病媒防治業；J101010 建築物清潔服務業；F207030 清潔用品零售業；F207080 環境用藥零售業；ZZ99999 除許可業務外，得經營法令非禁止或限制之業務,新北市,變更,11505
91759880,小滿足工作室,新北市淡水區新市一路3段101巷16弄40號(1樓),鄭名芙,100000,,115/05/12,所在地變更,F501990 其他餐飲業,新北市,變更,11505
91768754,嘴饞商舖,新北市汐止區茄苳路42號,曾羽柔,200000,,115/05/04,所在地變更,F203010 食品什貨、飲料零售業；F399040 無店面零售業；ZZ99999 除許可業務外，得經營法令非禁止或限制之業務,新北市,變更,11505
91769748,二胖汽車變速箱材料行,新北市新店區光明街102巷7弄2號之1 115年05月,張羽婷,200000,,115/05/19,轉讓登記,F214030 汽、機車零件配備零售業；F213110 電池零售業；JA01010 汽車修理業；ZZ99999 除許可業務外，得經營法令非禁止或限制之業務,新北市,變更,11505
91770891,歐久商行,新北市板橋區重慶路60之1號3樓,郭宏源,200000,,115/05/07,所在地變更,F102170 食品什貨批發業；F104110 布疋、衣著、鞋、帽、傘、服飾品批發業；F105050 家具、寢具、廚房器具、裝設品批發業；F106010 五金批發業；F106020 日常用品批發業；F107030 清潔用品批發業；F108040 化粧品批發業；F109070 文教、樂器、育樂用品批發業；F113050 電腦及事務性機器設備批發業；F113070 電信器材批發業；F203010 食品什貨、飲料零售業；F204110 布疋、衣著、鞋、帽、傘、服飾品零售業；F205040 家具、寢具、廚房器具、裝設品零售業；F206010 五金零售業；F206020 日常用品零售業；F207030 清潔用品零售業；F208040 化粧品零售業；F209060 文教、樂器、育樂用品零售業；F213030 電腦及事務性機器設備零售業；F213060 電信器材零售業；F299990 其他零售業；F399040 無店面零售業；F399990 其他綜合零售業；F401010 國際貿易業；ZZ99999 除許可業務外，得經營法令非禁止或限制之業務,新北市,變更,11505
91770935,艾溫商行,新北市板橋區重慶路60之1號3樓115年05月,于元東,200000,,115/05/07,所在地變更,F102170 食品什貨批發業；F104110 布疋、衣著、鞋、帽、傘、服飾品批發業；F105050 家具、寢具、廚房器具、裝設品批發業；F106010 五金批發業；F106020 日常用品批發業；F203010 食品什貨、飲料零售業；F205040 家具、寢具、廚房器具、裝設品零售業；F206010 五金零售業；F206020 日常用品零售業；F204110 布疋、衣著、鞋、帽、傘、服飾品零售業；F299990 其他零售業；F399040 無店面零售業；F399990 其他綜合零售業；F401010 國際貿易業；ZZ99999 除許可業務外，得經營法令非禁止或限制之業務,新北市,變更,11505
91771863,享沐企業社,新北市板橋區光武街46巷1號,劉懿慧,200000,,115/05/11,所營業務變更,JZ99180 寵物美容服務業；F206050 寵物食品及其用品零售業；JZ99990 未分類其他服務業；F399040 無店面零售業,新北市,變更,11505
91776749,風華食品行,新北市淡水區大忠街１５５號,江亮均,200000,,115/05/07,轉讓登記,C104020 烘焙炊蒸食品製造業；F203010 食品什貨、飲料零售業；ZZ99999 除許可業務外，得經營法令非禁止或限制之業務,新北市,變更,11505
91777830,有藝視工作室,新北市新莊區自強街26巷5弄4號(1樓) 115年05月,劉智瀚,10000,,115/05/29,轉讓登記,ZZ99999 除許可業務外，得經營法令非禁止或限制之業務；JZ99030 攝影業；F109070 文教、樂器、育樂用品批發業；F107020 染料、顏料批發業；J601010 藝文服務業；J404020 提供設備及場地供電影片拍攝業；J401010 電影片製作業；J503020 電視節目製作業（原:J503021電視節目製作業）；F209060 文教、樂器、育樂用品零售業；F399040 無店面零售業；J404050 電影特效製作業；J399990 其他出版業；J701120 兒童遊戲場業；I599990 其他設計業；IZ10010 排版業；F207020 染料、顏料零售業；F216010 照相器材零售業；F399990 其他綜合零售業；J404010 動畫影片製作業；J403010 電影片映演業,新北市,變更,11505
91778649,菁美行,新北市新莊區新北大道4段187號15樓之2,許多美,200000,,115/05/25,所在地變更,F104110 布疋、衣著、鞋、帽、傘、服飾品批發業；F204110 布疋、衣著、鞋、帽、傘、服飾品零售業；F105050 家具、寢具、廚房器具、裝設品批發業；F205040 家具、寢具、廚房器具、裝設品零售業；F106020 日常用品批發業；F206020 日常用品零售業；F102170 食品什貨批發業；F203010 食品什貨、飲料零售業；F108040 化粧品批發業；F208040 化粧品零售業；F111090 建材批發業；F211010 建材零售業；F209060 文教、樂器、育樂用品零售業；F399040 無店面零售業；F399990 其他綜合零售業；F401010 國際貿易業；E801010 室內裝潢業；E599010 配管工程業；E601020 電器安裝業；E605010 電腦設備安裝業；E801020 門窗安裝工程業；E801030 室內輕鋼架工程業；E801040 玻璃安裝工程業；E801070 廚具、衛浴設備安裝工程業；E901010 油漆工程業；EZ99990 其他工程業；I103060 管理顧問業；I501010 產品設計業；I503010 景觀、室內設計業；I599990 其他設計業；JB01010 會議及展覽服務業；JZ99050 仲介服務業；H703090 不動產買賣業；H703100 不動產租賃業；ZZ99999 除許可業務外，得經營法令非禁止或限制之業務,新北市,變更,11505
91783571,貝珞商行,新北市汐止區建成路28巷12號10樓之1,余佳凌,200000,,115/05/28,名稱變更,F204110 布疋、衣著、鞋、帽、傘、服飾品零售業；F399040 無店面零售業；ZZ99999 除許可業務外，得經營法令非禁止或限制之業務,新北市,變更,11505
91787149,大勇海南雞飯,新北市中和區景平路240巷2弄11號,周杰宏,200000,,115/05/18,所在地變更,F501060 餐館業；ZZ99999 除許可業務外，得經營法令非禁止或限制之業務,新北市,變更,11505
91789738,饞嘴貓酸辣粉螺螄粉,新北市板橋區文化路1段435巷31弄14號115年05月,古湘菡,50000,,115/05/15,所在地變更,F501060 餐館業；F203010 食品什貨、飲料零售業,新北市,變更,11505
91790073,鮮灃水產商行,新北市板橋區光正街１６巷１８號,高淯媄,200000,,115/05/19,負責人改名,F201010 農產品零售業；F201020 畜產品零售業；F201030 水產品零售業；F203010 食品什貨、飲料零售業；F203020 菸酒零售業；ZZ99999 除許可業務外，得經營法令非禁止或限制之業務,新北市,變更,11505
91794465,拓馳企業社,新北市新莊區裕民街106巷7弄2號4樓,莊茵妮,500000,,115/05/16,所在地變更,F203010 食品什貨、飲料零售業；F204110 布疋、衣著、鞋、帽、傘、服飾品零售業；F206010 五金零售業；F206020 日常用品零售業；F207030 清潔用品零售業；F205040 家具、寢具、廚房器具、裝設品零售業；F208040 化粧品零售業；F209060 文教、樂器、育樂用品零售業；F210010 鐘錶零售業；F210020 眼鏡零售業；F399040 無店面零售業；F399990 其他綜合零售業,新北市,變更,11505
91797250,元海企業,新北市板橋區篤行路3段玉平巷41號2樓115年05月,沈美佐,100000,,115/05/29,復業,F399040 無店面零售業；F203010 食品什貨、飲料零售業；F204110 布疋、衣著、鞋、帽、傘、服飾品零售業；F213030 電腦及事務性機器設備零售業；F216010 照相器材零售業；F209060 文教、樂器、育樂用品零售業；F213010 電器零售業；F299990 其他零售業；F213060 電信器材零售業；F399990 其他綜合零售業；F201010 農產品零售業；F201020 畜產品零售業；F201030 水產品零售業；F208050 乙類成藥零售業；ZZ99999 除許可業務外，得經營法令非禁止或限制之業務；F501060 餐館業；F401010 國際貿易業；F208040 化粧品零售業,新北市,變更,11505
91801579,接地文化工作室,新北市中和區中山路2段332巷13號12樓115年05月,江娜玉,200000,,115/05/29,所營業務變更,F104110 布疋、衣著、鞋、帽、傘、服飾品批發業；F105050 家具、寢具、廚房器具、裝設品批發業；F106020 日常用品批發業；F109070 文教、樂器、育樂用品批發業；F199990 其他批發業；F204110 布疋、衣著、鞋、帽、傘、服飾品零售業；F205040 家具、寢具、廚房器具、裝設品零售業；F206020 日常用品零售業；F299990 其他零售業；F399990 其他綜合零售業；F399040 無店面零售業；F401010 國際貿易業；F601010 智慧財產權業；I105010 藝術品諮詢顧問業；I199990 其他顧問服務業；I301050 實境體感應用服務業；I401010 一般廣告服務業；I501010 產品設計業；I503010 景觀、室內設計業；I599990 其他設計業；J303010 雜誌（期刊）出版業；J304010 圖書出版業；J399990 其他出版業；J601010 藝文服務業；J602010 演藝活動業；JB01010 會議及展覽服務業；JI01010 互動式情境體驗服務業；JZ99990 未分類其他服務業；J801030 競技及休閒運動場館業；ZZ99999 除許可業務外，得經營法令非禁止或限制之業務；F102170 食品什貨批發業；F202010 飼料零售業；F203010 食品什貨、飲料零售業；F208040 化粧品零售業；F209060 文教、樂器、育樂用品零售業；I502010 服飾設計業,新北市,變更,11505
91803598,立和室內裝修生活館,新北市板橋區中山路2段13號(1樓),吳麗茹,200000,,115/05/06,所在地變更,F105050 家具、寢具、廚房器具、裝設品批發業；F106040 水器材料批發業；F205040 家具、寢具、廚房器具、裝設品零售業；F213010 電器零售業；F401010 國際貿易業；E601020 電器安裝業；E603130 燃氣熱水器承裝業；E801070 廚具、衛浴設備安裝工程業；I503010 景觀、室內設計業；E801010 室內裝潢業；ZZ99999 除許可業務外，得經營法令非禁止或限制之業務；E801060 室內裝修業,新北市,變更,11505
92192292,沐光花嶼工作室,新北市板橋區忠孝路忠義巷19弄16號2樓,葉欣,200000,,115/05/08,外縣市遷入,I504010 花藝設計業；F201070 花卉零售業；F399040 無店面零售業；F399990 其他綜合零售業；ZZ99999 除許可業務外，得經營法令非禁止或限制之業務,新北市,變更,11505
92611295,特萊綺商行,新北市中和區大智街121號2樓,許芳綺,200000,,115/05/20,外縣市遷入,F399040 無店面零售業；F204110 布疋、衣著、鞋、帽、傘、服飾品零售業；F206020 日常用品零售業；F299990 其他零售業；F401010 國際貿易業；ZZ99999 除許可業務外，得經營法令非禁止或限制之業務,新北市,變更,11505
92626353,小木木快樂屋,新北市板橋區大同街8巷52號(1樓) 115年05月,林會濱,50000,,115/05/11,所營業務變更,F206020 日常用品零售業；F203010 食品什貨、飲料零售業；F204110 布疋、衣著、鞋、帽、傘、服飾品零售業；F206010 五金零售業；F206050 寵物食品及其用品零售業；F299990 其他零售業；F208031 醫療器材零售業,新北市,變更,11505
92679668,九順物流企業社,新北市樹林區佳園路1段75巷206號(3樓),蘇揚程,200000,,115/05/27,外縣市遷入,E601020 電器安裝業；E604010 機械安裝業；EZ02010 起重工程業；E901010 油漆工程業；F105050 家具、寢具、廚房器具、裝設品批發業；F199010 回收物料批發業；F205040 家具、寢具、廚房器具、裝設品零售業；G799990 其他運輸輔助業；G801010 倉儲業；IZ12010 人力派遣業；IZ99990 其他工商服務業；J101010 建築物清潔服務業；J101030 廢棄物清除業；J101080 資源回收業；J101090 廢棄物清理業；F102170 食品什貨批發業；F203010 食品什貨、飲料零售業；ZZ99999 除許可業務外，得經營法令非禁止或限制之業務,新北市,變更,11505
92697265,魁星商行,新北市板橋區中山路2段212巷4之4號5樓,張其和,200000,,115/05/05,轉讓登記,F105050 家具、寢具、廚房器具、裝設品批發業；F104110 布疋、衣著、鞋、帽、傘、服飾品批發業；F106010 五金批發業；F106020 日常用品批發業；F203020 菸酒零售業；F204110 布疋、衣著、鞋、帽、傘、服飾品零售業；F205040 家具、寢具、廚房器具、裝設品零售業；F206010 五金零售業；F206020 日常用品零售業；F299990 其他零售業；F399040 無店面零售業；F399990 其他綜合零售業；F401010 國際貿易業；ZZ99999 除許可業務外，得經營法令非禁止或限制之業務,新北市,變更,11505
92707539,璐璐美學沙龍,新北市淡水區新春街148之17號,林昌珠,50000,,115/05/06,轉讓登記,JZ99080 美容美髮服務業；ZZ99999 除許可業務外，得經營法令非禁止或限制之業務,新北市,變更,11505
92717403,昇玲食品企業號,新北市樹林區保安街3段16號(1樓),葉智昇,240000,,115/05/25,所在地變更,F501060 餐館業；F203010 食品什貨、飲料零售業；F203020 菸酒零售業；F399040 無店面零售業；F501030 飲料店業,新北市,變更,11505
92719795,妍庭時尚美學企業,新北市板橋區信義路136號115年05月,黃藝庭,200000,,115/05/04,名稱變更,JZ99080 美容美髮服務業；I199990 其他顧問服務業,新北市,變更,11505
92723448,騰鼎工程行,新北市中和區自強路62巷12號(1樓),林嘉宏,168000,,115/05/22,繼承登記,F211010 建材零售業；EZ02010 起重工程業；E901010 油漆工程業；E903010 防蝕、防銹工程業；EZ14010 運動場地用設備工程業,新北市,變更,11505
92728416,財多多彩券行,新北市中和區中山路2段479號,蕭劉芳美,10000,,115/05/06,名稱變更,IZ14020 公益彩券經銷業,新北市,變更,11505
92731159,米萊服裝行,新北市蘆洲區中山二路272號3樓,林志明,200000,,115/05/25,所在地變更,F104110 布疋、衣著、鞋、帽、傘、服飾品批發業；ZZ99999 除許可業務外，得經營法令非禁止或限制之業務,新北市,變更,11505
92733136,鉅峯商行,新北市新店區永新街１２號,張語慧,200000,,115/05/25,轉讓登記,F203010 食品什貨、飲料零售業；F204110 布疋、衣著、鞋、帽、傘、服飾品零售業；F206020 日常用品零售業；F207030 清潔用品零售業；F208040 化粧品零售業；F213060 電信器材零售業；F209060 文教、樂器、育樂用品零售業；F206010 五金零售業；F206050 寵物食品及其用品零售業；F399040 無店面零售業；F208050 乙類成藥零售業；F205040 家具、寢具、廚房器具、裝設品零售業；F203020 菸酒零售業；ZZ99999 除許可業務外，得經營法令非禁止或限制之業務,新北市,變更,11505
92737219,鑠太團購商行,新北市中和區中正路1213號8樓之1,林芳妘,180000,,115/05/21,所在地變更,F204110 布疋、衣著、鞋、帽、傘、服飾品零售業；F205040 家具、寢具、廚房器具、裝設品零售業；F399990 其他綜合零售業；F201020 畜產品零售業；F201030 水產品零售業；F203010 食品什貨、飲料零售業；F209060 文教、樂器、育樂用品零售業；F206020 日常用品零售業；F206010 五金零售業；F207030 清潔用品零售業；F208040 化粧品零售業；F399040 無店面零售業；F208031 醫療器材零售業,新北市,變更,11505
92738420,珊迪進口水晶牌卡工作室,新北市鶯歌區高職西街56號(1樓) 115年05月,張紘瑋,100000,,115/05/21,轉讓登記,F209060 文教、樂器、育樂用品零售業；F215010 首飾及貴金屬零售業；F215020 礦石零售業；F299990 其他零售業；F399040 無店面零售業；F401010 國際貿易業；F601010 智慧財產權業,新北市,變更,11505
92738842,業旺工程行,新北市新莊區中央路728號11樓,吳承澔,240000,,115/05/25,所在地變更,E901010 油漆工程業；E801010 室內裝潢業；EZ11010 球場跑道樹脂材料鋪設工程業；EZ14010 運動場地用設備工程業；E903010 防蝕、防銹工程業；E603040 消防安全設備安裝工程業；EZ06010 交通標示工程業；E599010 配管工程業；E601010 電器承裝業；E603050 自動控制設備工程業；E603090 照明設備安裝工程業；E801020 門窗安裝工程業；E801030 室內輕鋼架工程業；E801040 玻璃安裝工程業；EZ02010 起重工程業；F111090 建材批發業；I503010 景觀、室內設計業；J101010 建築物清潔服務業；J101030 廢棄物清除業；ZZ99999 除許可業務外，得經營法令非禁止或限制之業務,新北市,變更,11505
92740072,億客發企業社,新北市樹林區中華路102號,朱傅安臣,100000,,115/05/11,所在地變更,IZ14020 公益彩券經銷業,新北市,變更,11505
92747498,翔安工程行,新北市中和區忠孝街11巷43號4樓,侯佳妘,100000,,115/05/07,所在地變更,E801010 室內裝潢業；E801020 門窗安裝工程業；E801030 室內輕鋼架工程業；E901010 油漆工程業；F106010 五金批發業；F111090 建材批發業；F115010 首飾及貴金屬批發業；F115020 礦石批發業；F211010 建材零售業；F215010 首飾及貴金屬零售業；F215020 礦石零售業；F206010 五金零售業；ZZ99999 除許可業務外，得經營法令非禁止或限制之業務,新北市,變更,11505
92748383,信食企業社,新北市瑞芳區五號路211號,薛玉珍,180000,,115/05/12,所在地變更,F203010 食品什貨、飲料零售業；C199010 麵條、粉條類食品製造業；C199030 即食餐食製造業；C199990 未分類其他食品製造業；F401010 國際貿易業；ZZ99999 除許可業務外，得經營法令非禁止或限制之業務,新北市,變更,11505
92748784,馨美潔顏企業社,新北市林口區文化三路1段360號,徐百誼,100000,,115/05/04,轉讓登記,JZ99080 美容美髮服務業；ZZ99999 除許可業務外，得經營法令非禁止或限制之業務,新北市,變更,11505
92749622,賓果彩券行,新北市汐止區中興路135號115年05月,黃福來,50000,,115/05/07,所在地變更,IZ14020 公益彩券經銷業,新北市,變更,11505
92750211,富億運動彩券行,新北市新店區安民街73號(1樓),張緯嘉,50000,,115/05/22,所在地變更,IZ18021 運動彩券經銷業,新北市,變更,11505
92751957,多鑫運動彩券行,新北市汐止區中興路135號,黃暐翔,50000,,115/05/07,所在地變更,IZ18021 運動彩券經銷業,新北市,變更,11505
92752077,贏家對決運動彩券行,新北市新店區中興路3段188號,詹國廷,100000,,115/05/20,所在地變更,IZ18021 運動彩券經銷業；ZZ99999 除許可業務外，得經營法令非禁止或限制之業務,新北市,變更,11505
92753673,服運傳統整復推拿,新北市板橋區三民路2段正隆巷69號(1樓),鐘金助,40000,,115/05/06,所在地變更,JF01010 傳統整復推拿業；JF01040 經絡調理業,新北市,變更,11505
92755927,郝旺運動彩券商行,新北市林口區林口路247號(1樓),周耘聖,50000,,115/05/15,所營業務變更,IZ18021 運動彩券經銷業,新北市,變更,11505
92756398,豪運家運動彩券行,新北市新莊區建福路29號,林家楷,50000,,115/05/26,所在地變更,IZ18021 運動彩券經銷業,新北市,變更,11505
92757805,大谷翔平彩券行,新北市淡水區新生街45號,鄭熙叡,100000,,115/05/21,所在地變更,IZ18021 運動彩券經銷業,新北市,變更,11505
92867275,明宏紙器行,新北市板橋區長安街331巷19弄10號,許馨月,200000,,115/05/04,所營業務變更,F109060 包裝材料批發業；F209050 包裝材料零售業；C601030 紙容器製造業；C703010 印刷品裝訂及加工業；F199990 其他批發業；F109070 文教、樂器、育樂用品批發業；ZZ99999 除許可業務外，得經營法令非禁止或限制之業務,新北市,變更,11505
92885941,源發刻印社,新北市鶯歌區光明街32號（1樓）,林明文,50000,,115/05/25,所在地變更,JZ99990 其他服務業,新北市,變更,11505
92897192,坤興企業社,新北市泰山區和平街21巷5號,陳建興,200000,,115/05/21,所在地變更,CQ01010 模具製造業；F106030 模具批發業；F206030 模具零售業；I301010 資訊軟體服務業；I599990 其他設計業；ZZ99999 除許可業務外，得經營法令非禁止或限制之業務,新北市,變更,11505
92899332,合家裝潢行,新北市新店區安康路3段746號1樓,何健銘,50000,,115/05/25,復業,E801010 室內裝潢業；I503010 景觀、室內設計業,新北市,變更,11505
93041575,嵐迪企業社,新北市板橋區信義路233號(1樓) 115年05月,盧音柔,230000,,115/05/28,所營業務變更,JZ99080 美容美髮服務業；F204110 布疋、衣著、鞋、帽、傘、服飾品零售業；F208040 化粧品零售業；F203010 食品什貨、飲料零售業；F206020 日常用品零售業；F207030 清潔用品零售業；F207990 其他化學製品零售業；F215010 首飾及貴金屬零售業；F215020 礦石零售業；F299990 其他零售業；F399040 無店面零售業,新北市,變更,11505
93042201,莎莎狠餃舍,新北市淡水區水源街2段177巷77號(1樓),蔡承諭,100000,,115/05/28,所在地變更,F203010 食品什貨、飲料零售業；F399040 無店面零售業；ZZ99999 除許可業務外，得經營法令非禁止或限制之業務,新北市,變更,11505
93042321,八田家各國潮牌生活用品館,新北市新店區安和路3段60號(1樓),李宜薰,100000,,115/05/07,所在地變更,F399040 無店面零售業,新北市,變更,11505
93042336,五米家家居生活賣場,新北市新店區安和路3段60號(1樓),李澄穗,100000,,115/05/07,所在地變更,F399040 無店面零售業,新北市,變更,11505
93043383,家慶居家生活館,新北市新店區安和路3段60號(1樓),彭子軒,100000,,115/05/07,所在地變更,F399040 無店面零售業,新北市,變更,11505
93044952,鴻尚商行,新北市新莊區八德街15巷4號(1樓),楊詩辰,200000,,115/05/14,復業,F501060 餐館業,新北市,變更,11505
93045811,武大郎娃娃屋,新北市樹林區日新街143號,黃程豐,50000,,115/05/07,所在地變更,F209060 文教、樂器、育樂用品零售業；ZZ99999 除許可業務外，得經營法令非禁止或限制之業務,新北市,變更,11505
93123674,琳琳柒工作室,新北市汐止區大同路2段298號7樓,張雅芸,200000,,115/05/13,外縣市遷入,J601010 藝文服務業；J602010 演藝活動業；ZZ99999 除許可業務外，得經營法令非禁止或限制之業務,新北市,變更,11505
93189598,駿業管道工程行,新北市新莊區福營路97巷5號,許瑞軒,200000,,115/05/27,外縣市遷入,E599010 配管工程業；F117010 消防安全設備批發業；F106040 水器材料批發業；F106010 五金批發業,新北市,變更,11505
93256809,金源豐企業社,新北市汐止區新台五路1段95號16樓之1 115年05月,郭哲宏,200000,,115/05/26,所營業務變更,F401010 國際貿易業；F102170 食品什貨批發業；F203010 食品什貨、飲料零售業；F106060 寵物食品及其用品批發業；F206050 寵物食品及其用品零售業；F108040 化粧品批發業；F208040 化粧品零售業；ZZ99999 除許可業務外，得經營法令非禁止或限制之業務,新北市,變更,11505
94816175,櫻桃優品企業社,新北市新莊區四維路131巷10號2樓,戴嘉乙,200000,,115/05/07,出資額變更,ZZ99999 除許可業務外，得經營法令非禁止或限制之業務；F106020 日常用品批發業；F206020 日常用品零售業；F399040 無店面零售業；F107030 清潔用品批發業；F207030 清潔用品零售業；F113020 電器批發業；F119010 電子材料批發業；F213010 電器零售業；F219010 電子材料零售業；F104110 布疋、衣著、鞋、帽、傘、服飾品批發業；F109070 文教、樂器、育樂用品批發業；F115010 首飾及貴金屬批發業；F115020 礦石批發業；F204110 布疋、衣著、鞋、帽、傘、服飾品零售業；F209060 文教、樂器、育樂用品零售業；F215010 首飾及貴金屬零售業；F215020 礦石零售業,新北市,變更,11505
94866408,世凱工程行,新北市中和區中山路2段146號地下1層,呂哲源,200000,,115/05/25,負責人改名,F106010 五金批發業；F111090 建材批發業；B601010 土石採取業；E401010 疏濬業；E402010 沙石、淤泥海拋業；E599010 配管工程業；E601010 電器承裝業；E603100 電焊工程業；E604010 機械安裝業；EZ02010 起重工程業；EZ07010 鑽孔工程業；EZ14010 運動場地用設備工程業；EZ99990 其他工程業；J101030 廢棄物清除業；J101090 廢棄物清理業；JZ99050 仲介服務業；ZZ99999 除許可業務外，得經營法令非禁止或限制之業務,新北市,變更,11505
94866929,大慈泓澤生命禮儀,新北市三重區名源街61巷13號(1樓) 115年05月,王冠宇,231931,,115/05/13,名稱變更,JZ99151 殯葬禮儀服務業；F206060 祭祀用品零售業；F203010 食品什貨、飲料零售業；JZ99990 未分類其他服務業,新北市,變更,11505
94870613,小如清潔企業社,新北市鶯歌區光明街15巷10號(2樓),林俊豫,200000,,115/05/13,所在地變更,J101010 建築物清潔服務業；J101990 其他環境衛生及污染防治服務業；JZ99990 未分類其他服務業；E801010 室內裝潢業；E901010 油漆工程業；EZ99990 其他工程業；F399040 無店面零售業；H201010 一般投資業；I401010 一般廣告服務業；ZZ99999 除許可業務外，得經營法令非禁止或限制之業務,新北市,變更,11505
94871731,熊谷娃娃屋,新北市泰山區明志路3段34號(1樓),林柏亨,200000,,115/05/18,轉讓登記,F209060 文教、樂器、育樂用品零售業；ZZ99999 除許可業務外，得經營法令非禁止或限制之業務,新北市,變更,11505
94873870,中野塗裝企業社,新北市中和區中山路2段332巷1號7樓115年05月,黃志豪,200000,,115/05/05,所在地變更,E599010 配管工程業；E601010 電器承裝業；E601020 電器安裝業；E603040 消防安全設備安裝工程業；E604010 機械安裝業；E801010 室內裝潢業；E801020 門窗安裝工程業；E801030 室內輕鋼架工程業；E801040 玻璃安裝工程業；E801070 廚具、衛浴設備安裝工程業；E901010 油漆工程業；E903010 防蝕、防銹工程業；EZ05010 儀器、儀表安裝工程業；EZ99990 其他工程業；F107010 漆料、塗料批發業；F207010 漆料、塗料零售業；IZ12010 人力派遣業；JZ99050 仲介服務業；ZZ99999 除許可業務外，得經營法令非禁止或限制之業務,新北市,變更,11505
94873885,捷恩必企業社,新北市新莊區建國一路124號,張瓊方,200000,,115/05/22,所營業務變更,F204110 布疋、衣著、鞋、帽、傘、服飾品零售業；F206020 日常用品零售業；F399040 無店面零售業；C306010 成衣業；F104110 布疋、衣著、鞋、帽、傘、服飾品批發業；F108040 化粧品批發業；F102170 食品什貨批發業；F106020 日常用品批發業；F109070 文教、樂器、育樂用品批發業；F105050 家具、寢具、廚房器具、裝設品批發業；F205040 家具、寢具、廚房器具、裝設品零售業；F208040 化粧品零售業；F401010 國際貿易業；G801010 倉儲業；IZ06010 理貨包裝業；ZZ99999 除許可業務外，得經營法令非禁止或限制之業務,新北市,變更,11505
94876551,璐璐優選生活館,新北市淡水區新市五路3段332號22樓115年05月,林昌珠,200000,,115/05/04,轉讓登記,F104110 布疋、衣著、鞋、帽、傘、服飾品批發業；F105050 家具、寢具、廚房器具、裝設品批發業；F106010 五金批發業；F106020 日常用品批發業；F107030 清潔用品批發業；F107190 塑膠膜、袋批發業；F108040 化粧品批發業；F109070 文教、樂器、育樂用品批發業；F114030 汽、機車零件配備批發業；F114040 自行車及其零件批發業；F119010 電子材料批發業；F204110 布疋、衣著、鞋、帽、傘、服飾品零售業；F205040 家具、寢具、廚房器具、裝設品零售業；F206010 五金零售業；F206020 日常用品零售業；F207030 清潔用品零售業；F207190 塑膠膜、袋零售業；F208040 化粧品零售業；F209060 文教、樂器、育樂用品零售業；F214030 汽、機車零件配備零售業；F214040 自行車及其零件零售業；F219010 電子材料零售業；F401010 國際貿易業；ZZ99999 除許可業務外，得經營法令非禁止或限制之業務,新北市,變更,11505
94877019,千百倍運動彩券行,新北市中和區中山路2段479號,曾宣光,50000,,115/05/06,所在地變更,IZ18021 運動彩券經銷業,新北市,變更,11505
94879086,暖煦享燕私房烘焙,新北市三峽區中正路1段200號(1樓),陳秀燕,20000,,115/05/25,所在地變更,F399040 無店面零售業；F203010 食品什貨、飲料零售業；ZZ99999 除許可業務外，得經營法令非禁止或限制之業務；F501060 餐館業,新北市,變更,11505
94883379,幼杰食品商行,新北市新莊區中興街10巷9之1號3樓,張正偉,60000,,115/05/25,轉讓登記,F203010 食品什貨、飲料零售業；ZZ99999 除許可業務外，得經營法令非禁止或限制之業務；F102040 飲料批發業；F102170 食品什貨批發業；F399040 無店面零售業,新北市,變更,11505
94884172,仨食三餐店,新北市樹林區千歲街61巷36之1號,李嫣然,100000,,115/05/14,出資額變更,F501060 餐館業；F203010 食品什貨、飲料零售業；ZZ99999 除許可業務外，得經營法令非禁止或限制之業務,新北市,變更,11505
94884243,威揚健身工作室,新北市永和區中正路417號8樓,江志陽,50000,,115/05/06,所在地變更,J799990 其他休閒服務業；J801030 競技及休閒運動場館業；J802010 運動訓練業；J803010 運動表演業；J803020 運動比賽業；I199990 其他顧問服務業；ZZ99999 除許可業務外，得經營法令非禁止或限制之業務,新北市,變更,11505
94884588,明樂商號,新北市新店區建國路118號,黃柏翰,50000,,115/05/07,轉讓登記,F501060 餐館業,新北市,變更,11505
95000326,富鑫熯便當店,新北市新店區建國路237號(1樓),蔡淑玲,50000,,115/05/08,轉讓登記,F501060 餐館業；ZZ99999 除許可業務外，得經營法令非禁止或限制之業務,新北市,變更,11505
95019161,展訊弱電工程行,新北市汐止區樟樹二路298號10樓,王駿,200000,,115/05/11,轉讓登記,I301010 資訊軟體服務業；I301020 資料處理服務業；I301030 電子資訊供應服務業；E605010 電腦設備安裝業；E701010 電信工程業；E701040 簡易電信設備安裝業；F219010 電子材料零售業；E601020 電器安裝業；ZZ99999 除許可業務外，得經營法令非禁止或限制之業務,新北市,變更,11505
95029800,阿良豬肉商行,新北市板橋區南雅東路1之17號7樓115年05月,方宣又,50000,,115/05/18,外縣市遷入,F201020 畜產品零售業,新北市,變更,11505
95029837,哈娜手作工藝室,新北市三峽區嘉添里嘉添131號,黃小娟,100000,,115/05/18,所營業務變更,F399040 無店面零售業；F205040 家具、寢具、廚房器具、裝設品零售業；F203010 食品什貨、飲料零售業；ZZ99999 除許可業務外，得經營法令非禁止或限制之業務；F201010 農產品零售業；I599990 其他設計業；F399990 其他綜合零售業；F209060 文教、樂器、育樂用品零售業；I503010 景觀設計業；E801010 室內裝潢業；J602010 演藝活動業；EZ99990 其他工程業；I199990 其他顧問服務業；J601010 藝文服務業,新北市,變更,11505
95120053,傑希科技社,新北市三重區大同北路131之12號,蔡麗滿,100000,,115/05/04,外縣市遷入,E607010 太陽熱能設備安裝工程業；E603010 電纜安裝工程業；E605010 電腦設備安裝業；F119010 電子材料批發業；F113070 電信器材批發業；F107080 環境用藥批發業；F203010 食品什貨、飲料零售業；F219010 電子材料零售業；F399040 無店面零售業；JA02010 電器及電子產品修理業；I301010 資訊軟體服務業；I301020 資料處理服務業；F401010 國際貿易業；ZZ99999 除許可業務外，得經營法令非禁止或限制之業務,新北市,變更,11505
95122989,上暘水電工程工作室,新北市鶯歌區中正一路234號(1樓),張伊芳,100000,,115/05/26,所在地變更,E599010 配管工程業；E601010 電器承裝業；E601020 電器安裝業；E603010 電纜安裝工程業；E603090 照明設備安裝工程業；E801070 廚具、衛浴設備安裝工程業；EZ07010 鑽孔工程業；EZ99990 其他工程業；F206010 五金零售業；F206040 水器材料零售業；F299990 其他零售業；ZZ99999 除許可業務外，得經營法令非禁止或限制之業務,新北市,變更,11505
95135942,恭喜發財商行,新北市中和區中山路2段332巷1號7樓115年05月,黃歆媃,200000,,115/05/14,所營業務變更,F102040 飲料批發業；ZZ99999 除許可業務外，得經營法令非禁止或限制之業務,新北市,變更,11505
95138069,金展工程行,新北市三峽區國光街330巷6弄16號,韓巧樺,200000,,115/05/28,所營業務變更,J101010 建築物清潔服務業；J101990 其他環境衛生及污染防治服務業；E801010 室內裝潢業；A102080 園藝服務業；J101030 廢棄物清除業；J101040 廢棄物處理業；IZ12010 人力派遣業；ZZ99999 除許可業務外，得經營法令非禁止或限制之業務；EZ02010 起重工程業,新北市,變更,11505
95138949,壬豪企業社,新北市新莊區福美街49號13樓,陳岳化,200000,,115/05/21,轉讓登記,H704031 不動產仲介經紀業（註：經營國外不動產仲介業務者，以「公司」為限。）；H701010 住宅及大樓開發租售業；H701060 新市鎮、新社區開發業；H701070 區段徵收及市地重劃代辦業；H703090 不動產買賣業；H703100 不動產租賃業；I401010 一般廣告服務業；ZZ99999 除許可業務外，得經營法令非禁止或限制之業務,新北市,變更,11505
95139052,澐湧企業社,新北市新店區安興路125之2號6樓,柯建光,200000,,115/05/14,所在地變更,I301010 資訊軟體服務業；I301020 資料處理服務業；I301030 電子資訊供應服務業；I301060 網路廣告平臺業；C701010 印刷業；CM01010 箱、包、袋製造業；F204110 布疋、衣著、鞋、帽、傘、服飾品零售業；F205040 家具、寢具、廚房器具、裝設品零售業；F206010 五金零售業；F206020 日常用品零售業；F206050 寵物食品及其用品零售業；F209060 文教、樂器、育樂用品零售業；F218010 資訊軟體零售業；F299990 其他零售業；E605010 電腦設備安裝業；F399040 無店面零售業；ZZ99999 除許可業務外，得經營法令非禁止或限制之業務,新北市,變更,11505
95143669,豬豬鹹酥雞,新北市淡水區新民街59號,蔣荿洧,249999,,115/05/14,增資變更,F501990 其他餐飲業,新北市,變更,11505
95145033,揪讚企業社,新北市永和區永和路1段9號,陳仲盟,50000,,115/05/26,轉讓登記,F209060 文教、樂器、育樂用品零售業,新北市,變更,11505
95148263,柏瑞當舖,新北市板橋區長江路1段196號(1樓) 115年05月,陳柏勳,1500000,,115/05/19,復業,H203011 當舖業（註：名稱應標明「當舖」字樣）,新北市,變更,11505
95148854,莉絲綠能企業社,新北市板橋區文化路2段367號9樓之13,李明蘭,300000,,115/05/07,復業,F601010 智慧財產權業；F501990 其他餐飲業；F106030 模具批發業；F106010 五金批發業；F102170 食品什貨批發業；F101120 觀賞魚批發業；F101100 花卉批發業；F105050 家具、寢具、廚房器具、裝設品批發業；F501060 餐館業；F111090 建材批發業；I199990 其他顧問服務業；I101080 工、礦顧問業；C805990 其他塑膠製品製造業；C805050 工業用塑膠製品製造業；C802120 工業助劑製造業；C801060 合成橡膠製造業；C804990 其他橡膠製品製造業；F401010 國際貿易業；ZZ99999 除許可業務外，得經營法令非禁止或限制之業務,新北市,變更,11505
95149679,饗想企業社,新北市三峽區學成路229號2樓及231號2樓,程聖芳,200000,,115/05/22,所在地變更,JZ99080 美容美髮服務業,新北市,變更,11505
95155714,雷盟商行,新北市板橋區光復街33巷37號115年05月,陳宣亦,200000,,115/05/08,組織變更,F399040 無店面零售業；F204110 布疋、衣著、鞋、帽、傘、服飾品零售業；ZZ99999 除許可業務外，得經營法令非禁止或限制之業務,新北市,變更,11505
95155799,畇畇企業社,新北市汐止區福德一路430巷10號2樓,吳畇畇,200000,,115/05/28,所營業務變更,I301010 資訊軟體服務業；I301020 資料處理服務業；I301030 電子資訊供應服務業；I301060 網路廣告平臺業；I102010 一般投資顧問業；F204110 布疋、衣著、鞋、帽、傘、服飾品零售業；F205040 家具、寢具、廚房器具、裝設品零售業；F206010 五金零售業；F206020 日常用品零售業；F206050 寵物食品及其用品零售業；F209060 文教、樂器、育樂用品零售業；F211010 建材零售業；F213010 電器零售業；F213030 電腦及事務性機器設備零售業；F214030 汽、機車零件配備零售業；F218010 資訊軟體零售業；F219010 電子材料零售業；F399040 無店面零售業；F401010 國際貿易業；ZZ99999 除許可業務外，得經營法令非禁止或限制之業務；J101010 建築物清潔服務業；F107030 清潔用品批發業,新北市,變更,11505
99408114,智軒書城,新北市三重區三和路4段99號9樓,陳威年,30000,,115/05/04,所在地變更,JE01010 租賃業；F209060 文教、樂器、育樂用品零售業；F213990 其他機械器具零售業；F203010 食品什貨、飲料零售業；I401010 一般廣告服務業；J303010 雜誌（期刊）出版業；J304010 圖書出版業；J301010 報紙業,新北市,變更,11505
99433036,宏運新古車販賣店,新北市新莊區新樹路262之53號,陳俊銘,200000,,115/05/13,名稱變更,F214010 汽車零售業；F214030 汽、機車零件配備零售業；F299990 其他零售業；F401010 國際貿易業；IZ99990 其他工商服務業；JZ99050 仲介服務業；ZZ99999 除許可業務外，得經營法令非禁止或限制之業務,新北市,變更,11505
99760397,福聖企業社,新北市板橋區大觀路１段７５巷３１號１樓115年05月,曹華忠,400000,,115/05/28,合夥人變更,F111030 磚、瓦、石建材批發業；F111040 磁磚、貼面石材批發業；F211010 建材零售業；E801010 室內裝潢業（赴客戶處現場作業）；E801020 門窗安裝工程業（赴客戶處現場作業）；E801070 廚具、衛浴設備安裝工程業（赴客戶處現場作業）,新北市,變更,11505
99783574,柔蝶商行,新北市八里區中華路2段361之1號,盧姿芬,30000,,115/05/13,所營業務變更,F204020 成衣零售業；F204040 皮包、手提袋、皮箱零售業；F208040 化粧品零售業；F203010 食品什貨、飲料零售業；F206020 日常用品零售業；F207030 清潔用品零售業；F399990 其他綜合零售業；F207990 其他化學製品零售業；F299990 其他零售業,新北市,變更,11505
