統一編號,公司名稱,公司所在地,代表人,資本額,核准設立日期,核准變更日期,案由或變更事項,營業項目,縣市,清冊,期別
15556370,蘇菲亞髮式,新北市永和區得和路243巷27號,陳金蓮,60000,115/05/20,,,JZ99080 美容美髮服務業,新北市,設立,11505
17449587,廣明藥局,新北市板橋區莒光路93號(1樓),邱家慧,100000,115/05/14,,,F203010 食品什貨、飲料零售業；F206020 日常用品零售業；F207030 清潔用品零售業；F208040 化粧品零售業；F208050 乙類成藥零售業；F209060 文教、樂器、育樂用品零售業；F399990 其他綜合零售業；ZZ99999 除許可業務外，得經營法令非禁止或限制之業務,新北市,設立,11505
49730481,平安小火鍋,新北市三重區平安街1號,陳瑛姿,50000,115/05/21,,,F501060 餐館業,新北市,設立,11505
50596309,成合藥局,新北市中和區景平路429之2號(1樓),張容綺,10000,115/05/11,,,F202010 飼料零售業；F204110 布疋、衣著、鞋、帽、傘、服飾品零售業；F107070 動物用藥品批發業；F207070 動物用藥零售業；F206050 寵物食品及其用品零售業；F201010 農產品零售業；F208040 化粧品零售業；F208050 乙類成藥零售業；F207080 環境用藥零售業；F206020 日常用品零售業；F203010 食品什貨、飲料零售業；F203030 酒精零售業；F199990 其他批發業；F399040 無店面零售業,新北市,設立,11505
60093528,宜安藥局,新北市中和區宜安路146號(1樓),潘玄德,10000,115/05/27,,,F208040 化粧品零售業；F208050 乙類成藥零售業；F203010 食品什貨、飲料零售業；F207030 清潔用品零售業；F207070 動物用藥零售業；F206020 日常用品零售業；F206050 寵物食品及其用品零售業；ZZ99999 除許可業務外，得經營法令非禁止或限制之業務；JZ99050 仲介服務業,新北市,設立,11505
60202027,九份娃娃屋,新北市瑞芳區汽車路9之2號,林正雄,100000,115/05/19,,,F209060 文教、樂器、育樂用品零售業,新北市,設立,11505
60219929,創騰企業社,新北市板橋區新海路385巷28弄3號,廖重傑,50000,115/05/26,,,F104110 布疋、衣著、鞋、帽、傘、服飾品批發業；F399040 無店面零售業,新北市,設立,11505
60238405,新春藥局,新北市淡水區新春街189號(1樓) 115年05月,陳長昇,10000,115/05/21,,,F208040 化粧品零售業；F208050 乙類成藥零售業；F207030 清潔用品零售業；F207070 動物用藥零售業；F203010 食品什貨、飲料零售業；F206020 日常用品零售業；F206050 寵物食品及其用品零售業；ZZ99999 除許可業務外，得經營法令非禁止或限制之業務；JZ99050 仲介服務業,新北市,設立,11505
60277146,南鶯藥局,新北市鶯歌區國慶街30號(1樓),江嘉翎,10000,115/05/23,,,F208040 化粧品零售業；F208050 乙類成藥零售業；F203010 食品什貨、飲料零售業；F207030 清潔用品零售業；F207070 動物用藥零售業；F206020 日常用品零售業；F206050 寵物食品及其用品零售業；ZZ99999 除許可業務外，得經營法令非禁止或限制之業務；JZ99050 仲介服務業,新北市,設立,11505
60278335,北大古早紅茶店,新北市三峽區國學街36號,謝雅婷,100000,115/05/05,,,F501030 飲料店業,新北市,設立,11505
60279904,力行藥局,新北市林口區文化三路1段423號(1樓)、2樓及425號(1樓、2樓),彭聖芝,10000,115/05/28,,,F208040 化粧品零售業；F208050 乙類成藥零售業；F207030 清潔用品零售業；F207070 動物用藥零售業；F203010 食品什貨、飲料零售業；F206020 日常用品零售業；F206050 寵物食品及其用品零售業；ZZ99999 除許可業務外，得經營法令非禁止或限制之業務；JZ99050 仲介服務業,新北市,設立,11505
61256725,湘穎鞋舖,新北市鶯歌區建國路140號,鄭妙湘,200000,115/05/04,,,F204110 布疋、衣著、鞋、帽、傘、服飾品零售業,新北市,設立,11505
61256730,從前從前有間工作室,新北市永和區中山路1段255巷22號(1樓),李友廷,1000,115/05/04,,,ZZ99999 除許可業務外，得經營法令非禁止或限制之業務；J305010 有聲出版業；J602010 演藝活動業；J604010 聲音錄製及音樂發行業,新北市,設立,11505
61256746,匠禾坊,新北市淡水區淡金路38巷33號14樓之7,黃緹瑩,150000,115/05/04,,,F204110 布疋、衣著、鞋、帽、傘、服飾品零售業；F206020 日常用品零售業；F299990 其他零售業；ZZ99999 除許可業務外，得經營法令非禁止或限制之業務,新北市,設立,11505
61257415,王泰泰小吃店,新北市板橋區港德里中正路250巷60號,王柏鈞,200000,115/05/04,,,F501060 餐館業；ZZ99999 除許可業務外，得經營法令非禁止或限制之業務,新北市,設立,11505
61257421,澄純企業,新北市三重區重新路2段78號15樓115年05月,蔡祐東,200000,115/05/05,,,F206040 水器材料零售業；F113020 電器批發業；F213010 電器零售業；E601020 電器安裝業；JE01010 租賃業；JA02010 電器及電子產品修理業；F401010 國際貿易業；E801070 廚具、衛浴設備安裝工程業；E603090 照明設備安裝工程業；F219010 電子材料零售業；F206010 五金零售業；E603010 電纜安裝工程業；E801010 室內裝潢業；E901010 油漆工程業；H201010 一般投資業；ZZ99999 除許可業務外，得經營法令非禁止或限制之業務,新北市,設立,11505
61257463,拚穀工作室,新北市三重區永盛里聯華街136號(1樓),李淑娟,200000,115/05/04,,,F102040 飲料批發業；F102170 食品什貨批發業；F199990 其他批發業；F203010 食品什貨、飲料零售業；F203020 菸酒零售業；F299990 其他零售業；F399040 無店面零售業；F401010 國際貿易業；I101090 食品顧問業；I103060 管理顧問業；I199990 其他顧問服務業；ZZ99999 除許可業務外，得經營法令非禁止或限制之業務,新北市,設立,11505
61257962,再改一版工作室,新北市板橋區中山路2段96號6樓,鍾毓軒,10000,115/05/04,,,I301010 資訊軟體服務業,新北市,設立,11505
61257978,悅光美學工作室,新北市土城區延和路146巷5號4樓115年05月,游悅貞,150000,115/05/04,,,JZ99080 美容美髮服務業；JZ99990 未分類其他服務業；F208040 化粧品零售業；F399040 無店面零售業；ZZ99999 除許可業務外，得經營法令非禁止或限制之業務,新北市,設立,11505
61257983,鈊恦系統工程行,新北市中和區中山路2段2巷45弄26號(1樓) 115年05月,畢兆豪,100000,115/05/04,,,E601020 電器安裝業；E605010 電腦設備安裝業；E701040 簡易電信設備安裝業；E801010 室內裝潢業；EZ99990 其他工程業；F105050 家具、寢具、廚房器具、裝設品批發業；F106010 五金批發業；F106020 日常用品批發業；F106040 水器材料批發業；F109070 文教、樂器、育樂用品批發業；F113010 機械批發業；F113020 電器批發業；F113050 電腦及事務性機器設備批發業；F113070 電信器材批發業；F113110 電池批發業；F113990 其他機械器具批發業；F116010 照相器材批發業；F118010 資訊軟體批發業；F119010 電子材料批發業；F199990 其他批發業；F205040 家具、寢具、廚房器具、裝設品零售業；F206010 五金零售業；F206020 日常用品零售業；F206040 水器材料零售業；F209060 文教、樂器、育樂用品零售業；F213010 電器零售業；F213030 電腦及事務性機器設備零售業；F213060 電信器材零售業；F213080 機械器具零售業；F213110 電池零售業；F213990 其他機械器具零售業；F216010 照相器材零售業；F218010 資訊軟體零售業；F219010 電子材料零售業；F299990 其他零售業；F399040 無店面零售業；F399990 其他綜合零售業；F401010 國際貿易業；I199990 其他顧問服務業；I301010 資訊軟體服務業；I301020 資料處理服務業；I301030 電子資訊供應服務業；I599990 其他設計業；IZ99990 其他工商服務業；J404020 提供設備及場地供電影片拍攝業；J601010 藝文服務業；J603010 音樂展演空間業；JA02010 電器及電子產品修理業；JA02990 其他修理業；JB01010 會議及展覽服務業；JE01010 租賃業；JZ99030 攝影業；JZ99090 喜慶綜合服務業；JZ99990 未分類其他服務業；ZZ99999 除許可業務外，得經營法令非禁止或限制之業務,新北市,設立,11505
61257999,鉅豐工具五金行,新北市新莊區中正路615號,張勝翔,200000,115/05/04,,,E604010 機械安裝業；F106010 五金批發業；F111090 建材批發業；F113010 機械批發業；F113110 電池批發業；F113990 其他機械器具批發業；F206010 五金零售業；F213080 機械器具零售業；F213110 電池零售業；F213990 其他機械器具零售業；F399040 無店面零售業；F401010 國際貿易業；JA02010 電器及電子產品修理業；JA02990 其他修理業；ZZ99999 除許可業務外，得經營法令非禁止或限制之業務,新北市,設立,11505
61258006,富禹奧蜜工作室,新北市新店區安興路105號5樓之7,劉禹彤,200000,115/05/04,,,I301030 電子資訊供應服務業；I301020 資料處理服務業；JZ99030 攝影業；I401010 一般廣告服務業；ZZ99999 除許可業務外，得經營法令非禁止或限制之業務,新北市,設立,11505
61258012,貞琪商行,新北市永和區秀朗路1段144號(1樓),孫淑貞,100000,115/05/04,,,F204110 布疋、衣著、鞋、帽、傘、服飾品零售業；F206020 日常用品零售業；F203010 食品什貨、飲料零售業；F399040 無店面零售業；F106020 日常用品批發業；F401010 國際貿易業；ZZ99999 除許可業務外，得經營法令非禁止或限制之業務,新北市,設立,11505
61258028,翰墨古藝術精品商行,新北市中和區中和路326號11樓之1,劉佑志,200000,115/05/04,,,F205040 家具、寢具、廚房器具、裝設品零售業；F299990 其他零售業,新北市,設立,11505
61258033,參捌小吃店,新北市鶯歌區和平街36號,潘文傑,30000,115/05/04,,,F501060 餐館業,新北市,設立,11505
61258049,忠將商行,新北市板橋區文化路1段419號（1樓）,陳佑偉,100000,115/05/04,,,F203010 食品什貨、飲料零售業；ZZ99999 除許可業務外，得經營法令非禁止或限制之業務,新北市,設立,11505
61258054,永鴻實業行,新北市汐止區新台五路1段95號16樓之1,周誌明,200000,115/05/04,,,E599010 配管工程業；E603100 電焊工程業；E604010 機械安裝業；ZZ99999 除許可業務外，得經營法令非禁止或限制之業務,新北市,設立,11505
61258060,五星級工作坊,新北市汐止區仁愛路106巷31號15樓115年05月,簡妤如,50000,115/05/04,,,F399040 無店面零售業；F204110 布疋、衣著、鞋、帽、傘、服飾品零售業；F206020 日常用品零售業；ZZ99999 除許可業務外，得經營法令非禁止或限制之業務,新北市,設立,11505
61258076,亿盛工程行,新北市板橋區三民路2段33號14樓,高清福,240000,115/05/04,,,E901010 油漆工程業；E801010 室內裝潢業；F111090 建材批發業；F211010 建材零售業；F107010 漆料、塗料批發業；ZZ99999 除許可業務外，得經營法令非禁止或限制之業務,新北市,設立,11505
61258081,品娜拉商行,新北市蘆洲區水湳里民義街39號2樓,林品佑,200000,115/05/04,,,F204110 布疋、衣著、鞋、帽、傘、服飾品零售業；F399040 無店面零售業；ZZ99999 除許可業務外，得經營法令非禁止或限制之業務,新北市,設立,11505
61258097,老滷家滷味舖,新北市三重區重新路5段609巷14號7樓,潘任翔,80000,115/05/04,,,F501060 餐館業；ZZ99999 除許可業務外，得經營法令非禁止或限制之業務,新北市,設立,11505
61258104,凱禾翔商行,新北市板橋區國泰街70號3樓之5,陳韋宏,150000,115/05/04,,,J799990 其他休閒服務業；JE01010 租賃業,新北市,設立,11505
61258110,云邁企業社,新北市中和區中正路736號14樓之3,袁金紅,200000,115/05/04,,,F399010 便利商店業；ZZ99999 除許可業務外，得經營法令非禁止或限制之業務,新北市,設立,11505
61258126,良安順實業社,新北市五股區成泰路1段31號(1樓),王鉑瓚,100000,115/05/04,,,JZ99990 未分類其他服務業；F206020 日常用品零售業,新北市,設立,11505
61258131,盈錢工作室,新北市新店區安興路127之13號8樓,羅文憶,100000,115/05/04,,,J601010 藝文服務業；I401010 一般廣告服務業；I199990 其他顧問服務業；IZ99990 其他工商服務業；JZ99990 未分類其他服務業；F399040 無店面零售業；F204110 布疋、衣著、鞋、帽、傘、服飾品零售業；F206020 日常用品零售業；IZ12010 人力派遣業；ZZ99999 除許可業務外，得經營法令非禁止或限制之業務,新北市,設立,11505
61258147,皇御環境防治企業社,新北市鶯歌區光明街15巷10號(2樓),黃柏瑜,200000,115/05/04,,,J101020 病媒防治業；J101010 建築物清潔服務業；J101050 環境檢測服務業；J101080 資源回收業；J101990 其他環境衛生及污染防治服務業；E599010 配管工程業；E601010 電器承裝業；E601020 電器安裝業；F106020 日常用品批發業；F107030 清潔用品批發業；F206020 日常用品零售業；F207030 清潔用品零售業；F207080 環境用藥零售業；F399040 無店面零售業；F401010 國際貿易業；ZZ99999 除許可業務外，得經營法令非禁止或限制之業務；F107080 環境用藥批發業,新北市,設立,11505
61258152,聚旺商行,新北市三重區仁義街214號115年05月,王奕文,30000,115/05/04,,,F501060 餐館業,新北市,設立,11505
61258168,冠言企業社,新北市新莊區思源路173號4樓,黃冠言,200000,115/05/04,,,F299990 其他零售業；F399040 無店面零售業；F203010 食品什貨、飲料零售業；F204110 布疋、衣著、鞋、帽、傘、服飾品零售業；F205040 家具、寢具、廚房器具、裝設品零售業；F206010 五金零售業；F206020 日常用品零售業；F401010 國際貿易業；F102170 食品什貨批發業；F104110 布疋、衣著、鞋、帽、傘、服飾品批發業；F105050 家具、寢具、廚房器具、裝設品批發業；F106010 五金批發業；F106020 日常用品批發業；F399990 其他綜合零售業；ZZ99999 除許可業務外，得經營法令非禁止或限制之業務,新北市,設立,11505
61258174,蜀香記,新北市林口區文化二路1段20巷23號,段小紅,120000,115/05/04,,,F501060 餐館業；F501030 飲料店業；F203010 食品什貨、飲料零售業；F399040 無店面零售業；F301020 超級市場業；F215020 礦石零售業,新北市,設立,11505
61258189,邱雞滷味,新北市深坑區北深路1段112巷1弄6號2樓,邱雨農,100000,115/05/04,,,F203010 食品什貨、飲料零售業；F399040 無店面零售業；F501990 其他餐飲業；ZZ99999 除許可業務外，得經營法令非禁止或限制之業務,新北市,設立,11505
61258195,展銘工程行,新北市三峽區中山路299巷15弄17號4樓,沈伯鴻,100000,115/05/04,,,E801010 室內裝潢業；E801020 門窗安裝工程業；E801030 室內輕鋼架工程業；E901010 油漆工程業；F211010 建材零售業；F206010 五金零售業；E801070 廚具、衛浴設備安裝工程業；EZ99990 其他工程業；ZZ99999 除許可業務外，得經營法令非禁止或限制之業務,新北市,設立,11505
61258202,樂暘工作室,新北市鶯歌區中湖街307巷12號115年05月,陳建志,200000,115/05/04,,,E801010 室內裝潢業；E801020 門窗安裝工程業；E801040 玻璃安裝工程業；E901010 油漆工程業；E903010 防蝕、防銹工程業；EZ99990 其他工程業；F111090 建材批發業；F106010 五金批發業；F106040 水器材料批發業；E603100 電焊工程業；E599010 配管工程業；E603090 照明設備安裝工程業；E801030 室內輕鋼架工程業；E801070 廚具、衛浴設備安裝工程業；E601020 電器安裝業；ZZ99999 除許可業務外，得經營法令非禁止或限制之業務,新北市,設立,11505
61258218,青政時代商行,新北市新店區光明街145號(1樓),張博青,100000,115/05/04,,,F204110 布疋、衣著、鞋、帽、傘、服飾品零售業；F206020 日常用品零售業；F203010 食品什貨、飲料零售業；F399040 無店面零售業；F106020 日常用品批發業；F401010 國際貿易業；F399990 其他綜合零售業；F399010 便利商店業；ZZ99999 除許可業務外，得經營法令非禁止或限制之業務,新北市,設立,11505
61258239,左灣商行,新北市永和區永和路1段18巷2號6樓之3,陳怡萍,200000,115/05/04,,,F399010 便利商店業；F301020 超級市場業；ZZ99999 除許可業務外，得經營法令非禁止或限制之業務,新北市,設立,11505
61258245,美麗女人美妍館,新北市板橋區國光路18號,金淑芬,248000,115/05/06,,,JZ99080 美容美髮服務業,新北市,設立,11505
61258250,暐翔工程行,新北市板橋區中山路1段10號9樓,廖尉翔,200000,115/05/04,,,E599010 配管工程業；E801010 室內裝潢業；E801070 廚具、衛浴設備安裝工程業；E901010 油漆工程業；E903010 防蝕、防銹工程業；EZ99990 其他工程業；F106010 五金批發業；F107010 漆料、塗料批發業；F107170 工業助劑批發業；F111090 建材批發業；F206010 五金零售業；F207010 漆料、塗料零售業；F207170 工業助劑零售業；F211010 建材零售業；ZZ99999 除許可業務外，得經營法令非禁止或限制之業務,新北市,設立,11505
61258266,久日冷氣工程行,新北市新店區青潭里新烏路1段26巷7號2樓,劉祥騰,200000,115/05/07,,,E601020 電器安裝業；E601010 電器承裝業；E599010 配管工程業；EZ15010 保溫、保冷安裝工程業；F113020 電器批發業；F213010 電器零售業；F206010 五金零售業；JA02010 電器及電子產品修理業；ZZ99999 除許可業務外，得經營法令非禁止或限制之業務,新北市,設立,11505
61258272,俊傑健身工作室,新北市板橋區光武街136巷8弄6號3樓,黃廖俊傑,200000,115/05/05,,,J802010 運動訓練業；J803010 運動表演業；J803020 運動比賽業；I199990 其他顧問服務業；J202010 產業育成業；ZZ99999 除許可業務外，得經營法令非禁止或限制之業務,新北市,設立,11505
61258287,群得企業社,新北市中和區廣福路8號115年05月,陳泓志,200000,115/05/05,,,E801020 門窗安裝工程業；CA04010 表面處理業；E801030 室內輕鋼架工程業；F106010 五金批發業；F111090 建材批發業；ZZ99999 除許可業務外，得經營法令非禁止或限制之業務,新北市,設立,11505
61258293,蔡市場娃娃屋,新北市新莊區復興路2段130號(1樓),劉為誠,50000,115/05/05,,,F209060 文教、樂器、育樂用品零售業,新北市,設立,11505
61258300,鋐源水電工程行,新北市樹林區三福街118號,林哲煥,200000,115/05/05,,,E601020 電器安裝業；E601010 電器承裝業；E599010 配管工程業；E801070 廚具、衛浴設備安裝工程業；F106010 五金批發業；F206010 五金零售業；F113020 電器批發業；F213010 電器零售業；F219010 電子材料零售業；E701040 簡易電信設備安裝業；E801010 室內裝潢業；EZ07010 鑽孔工程業；E603010 電纜安裝工程業；E603090 照明設備安裝工程業；E604010 機械安裝業；E801020 門窗安裝工程業；E801030 室內輕鋼架工程業；E801040 玻璃安裝工程業；E901010 油漆工程業；E903010 防蝕、防銹工程業；EZ99990 其他工程業；F106020 日常用品批發業；F206020 日常用品零售業；F107010 漆料、塗料批發業；F111090 建材批發業；F211010 建材零售業；F220010 耐火材料零售業；F299990 其他零售業；ZZ99999 除許可業務外，得經營法令非禁止或限制之業務,新北市,設立,11505
61258316,天使心室工作室,新北市深坑區翠谷街16巷21號,洪上哲,100000,115/05/05,,,F205040 家具、寢具、廚房器具、裝設品零售業；F399040 無店面零售業；I199990 其他顧問服務業；ZZ99999 除許可業務外，得經營法令非禁止或限制之業務,新北市,設立,11505
61258322,銓曜企業社,新北市淡水區淡金路16巷29號9樓,黃民豪,200000,115/05/05,,,F113990 其他機械器具批發業；ZZ99999 除許可業務外，得經營法令非禁止或限制之業務,新北市,設立,11505
61258337,派享企業社,新北市板橋區民生路2段234巷24弄2號2樓115年05月,謝承澤,100000,115/05/05,,,F204110 布疋、衣著、鞋、帽、傘、服飾品零售業；F102050 茶葉批發業；F102170 食品什貨批發業；F399040 無店面零售業；F401010 國際貿易業；F106020 日常用品批發業；F107030 清潔用品批發業；F108040 化粧品批發業；F110020 眼鏡批發業；I103060 管理顧問業,新北市,設立,11505
61258343,昱求撲滿工作室,新北市五股區西雲路10號,林廷昱,100000,115/05/05,,,J401010 電影片製作業；J303010 雜誌（期刊）出版業；J305010 有聲出版業；J601010 藝文服務業；ZZ99999 除許可業務外，得經營法令非禁止或限制之業務；J503040 廣播電視廣告業（原:J503041廣播電視廣告業）；J602010 演藝活動業；JZ99030 攝影業；I301010 資訊軟體服務業；I501010 產品設計業,新北市,設立,11505
61258358,寶寶寵物精品店,新北市蘆洲區中山二路67號,連政,100000,115/05/05,,,F202010 飼料零售業；F204110 布疋、衣著、鞋、帽、傘、服飾品零售業；F206010 五金零售業；F206020 日常用品零售業；F206040 水器材料零售業；F206050 寵物食品及其用品零售業；F207030 清潔用品零售業；F207070 動物用藥零售業；F399990 其他綜合零售業；F401010 國際貿易業；ZZ99999 除許可業務外，得經營法令非禁止或限制之業務,新北市,設立,11505
61258364,柔芯思維企業社,新北市汐止區水源路2段22巷16之2號12樓,謝妮芸,100000,115/05/05,,,JB01010 會議及展覽服務業；I199990 其他顧問服務業；I401010 一般廣告服務業；IZ99990 其他工商服務業；F399040 無店面零售業；F601010 智慧財產權業；J305010 有聲出版業；ZZ99999 除許可業務外，得經營法令非禁止或限制之業務,新北市,設立,11505
61258370,瑞晨企業社,新北市新莊區化成路63巷3之1號2樓,蔡儀萱,200000,115/05/05,,,J101010 建築物清潔服務業；IZ12010 人力派遣業；J901020 一般旅館業；JZ99050 仲介服務業；J202010 產業育成業；I103060 管理顧問業；I199990 其他顧問服務業；JB01010 會議及展覽服務業；JZ99090 喜慶綜合服務業；F401010 國際貿易業；JA03010 洗衣業；ZZ99999 除許可業務外，得經營法令非禁止或限制之業務；JE01010 租賃業,新北市,設立,11505
61258385,沐沐寵物美容,新北市汐止區福德二路23號,方渝蓁,200000,115/05/05,,,JZ99180 寵物美容服務業；ZZ99999 除許可業務外，得經營法令非禁止或限制之業務,新北市,設立,11505
61258391,會珍香商行,新北市新莊區建安街76巷5弄11號,陳志美,120000,115/05/05,,,F501060 餐館業,新北市,設立,11505
61258408,髮薩琳男的造型館,新北市板橋區館前西路116號(1樓) 115年05月,林清溪,150000,115/05/05,,,JZ99080 美容美髮服務業,新北市,設立,11505
61258414,迎風製作所,新北市汐止區新台五路一段95號16樓之1,李嘉銓,200000,115/05/05,,,F113110 電池批發業；F114050 車胎批發業；F214020 機車零售業；F214030 汽、機車零件配備零售業；F399040 無店面零售業；F401010 國際貿易業；ZZ99999 除許可業務外，得經營法令非禁止或限制之業務；CD01040 機車及其零件製造業,新北市,設立,11505
61258420,粒粒香飯館,新北市三重區名源街23號,程偉,200000,115/05/05,,,F501060 餐館業,新北市,設立,11505
61258435,映禾髮甲工坊,新北市樹林區學林路93號,詹惠羽,100000,115/05/05,,,JZ99080 美容美髮服務業；F208040 化粧品零售業；ZZ99999 除許可業務外，得經營法令非禁止或限制之業務,新北市,設立,11505
61258441,叁歲半甜點工作室,新北市中和區景平路493之7號,范柔楹,50000,115/05/05,,,C104020 烘焙炊蒸食品製造業；C199990 未分類其他食品製造業；ZZ99999 除許可業務外，得經營法令非禁止或限制之業務,新北市,設立,11505
61258456,沐岩工程行,新北市板橋區中山路1段10號11樓,徐若紜,80000,115/05/05,,,EZ99990 其他工程業；E901010 油漆工程業；E801020 門窗安裝工程業；E801070 廚具、衛浴設備安裝工程業,新北市,設立,11505
61258462,邕嶔企業社,新北市板橋區華江六路6號,林瑋欣,4000000,115/05/05,,,H704031 不動產仲介經紀業（註：經營國外不動產仲介業務者，以「公司」為限。）；ZZ99999 除許可業務外，得經營法令非禁止或限制之業務,新北市,設立,11505
61258478,有種樂餐車,新北市新店區秀岡二街8巷26號,蕭詠琪,100000,115/05/05,,,F501990 其他餐飲業；ZZ99999 除許可業務外，得經營法令非禁止或限制之業務,新北市,設立,11505
61258483,日和良物商品社,新北市瑞芳區五號路119號115年05月,陳薏安,200000,115/05/05,,,F203010 食品什貨、飲料零售業；F501030 飲料店業；F206020 日常用品零售業；F399040 無店面零售業；J905010 民宿；ZZ99999 除許可業務外，得經營法令非禁止或限制之業務,新北市,設立,11505
61258499,宥騰企業社,新北市永和區保福路2段55號7樓之1,秦安民,100000,115/05/05,,,A202040 伐木業；A102080 園藝服務業；A101050 花卉栽培業；C501990 其他木製品製造業；E599010 配管工程業；E601010 電器承裝業；E601020 電器安裝業；E603090 照明設備安裝工程業；E901010 油漆工程業；EZ11010 球場跑道樹脂材料鋪設工程業；EZ99990 其他工程業；F101100 花卉批發業；F106010 五金批發業；F107010 漆料、塗料批發業；F113050 電腦及事務性機器設備批發業；F118010 資訊軟體批發業；F119010 電子材料批發業；F120010 耐火材料批發業；F399040 無店面零售業；F401010 國際貿易業；H701010 住宅及大樓開發租售業；I103060 管理顧問業；I301010 資訊軟體服務業；I301020 資料處理服務業；I301030 電子資訊供應服務業；I401010 一般廣告服務業；I401020 廣告傳單分送業；I504010 花藝設計業；IZ12010 人力派遣業；J101040 廢棄物處理業；ZZ99999 除許可業務外，得經營法令非禁止或限制之業務,新北市,設立,11505
61258505,琪銓工程行,新北市三峽區中正路2段329號(1樓) 115年05月,李欣怡,200000,115/05/05,,,E599010 配管工程業；E603090 照明設備安裝工程業；E603100 電焊工程業；E603110 冷作工程業；E603120 噴砂工程業；E604010 機械安裝業；E801010 室內裝潢業；E801020 門窗安裝工程業；E801030 室內輕鋼架工程業；E801040 玻璃安裝工程業；E801070 廚具、衛浴設備安裝工程業；E901010 油漆工程業；EZ07010 鑽孔工程業；EZ99990 其他工程業；ZZ99999 除許可業務外，得經營法令非禁止或限制之業務,新北市,設立,11505
61258511,築研工程行,新北市三峽區永安街77巷8號(1樓),秦瑋蔓,200000,115/05/05,,,E599010 配管工程業；E603090 照明設備安裝工程業；E603100 電焊工程業；E603110 冷作工程業；E603120 噴砂工程業；E604010 機械安裝業；E801010 室內裝潢業；E801020 門窗安裝工程業；E801030 室內輕鋼架工程業；E801040 玻璃安裝工程業；E801070 廚具、衛浴設備安裝工程業；E901010 油漆工程業；EZ07010 鑽孔工程業；EZ99990 其他工程業；ZZ99999 除許可業務外，得經營法令非禁止或限制之業務,新北市,設立,11505
61258527,復興豆漿店,新北市中和區復興路261號(1樓),吳舜翔,100000,115/05/05,,,F501060 餐館業,新北市,設立,11505
61258532,肚嘟企業社,新北市林口區中正路121號(1樓),杜坤宏,100000,115/05/05,,,F501060 餐館業；F203010 食品什貨、飲料零售業,新北市,設立,11505
61258548,開心果寵物沙龍,新北市土城區明德路1段189號(1樓),方惠娟,200000,115/05/05,,,JZ99180 寵物美容服務業,新北市,設立,11505
61258553,有一間寵物店,新北市板橋區吳鳳路81巷16號(1樓),沈思宥,100000,115/05/05,,,F201081 特定寵物零售業；A401031 特定寵物服務業；F399040 無店面零售業；F206050 寵物食品及其用品零售業；ZZ99999 除許可業務外，得經營法令非禁止或限制之業務,新北市,設立,11505
61258569,錦翔小吃店,新北市林口區中山路34號(1樓),楊凱翔,200000,115/05/05,,,F501060 餐館業；F501030 飲料店業；ZZ99999 除許可業務外，得經營法令非禁止或限制之業務；F501990 其他餐飲業,新北市,設立,11505
61258575,辰藝工作室,新北市三峽區民族街28巷9弄22號(1樓),薛辰禾,20000,115/05/05,,,F209060 文教、樂器、育樂用品零售業；F206010 五金零售業；F206020 日常用品零售業；F215010 首飾及貴金屬零售業；F205040 家具、寢具、廚房器具、裝設品零售業；F204110 布疋、衣著、鞋、帽、傘、服飾品零售業；F399040 無店面零售業,新北市,設立,11505
61258580,翔億企業社,新北市板橋區板新路101號4樓115年05月,鍾帷婷,200000,115/05/05,,,F107010 漆料、塗料批發業；F207010 漆料、塗料零售業；F401010 國際貿易業；CA01050 鋼材二次加工業；CA01100 鋁材軋延、伸線、擠型業；CA01130 銅材軋延、伸線、擠型業；CA01160 鎂材軋延、伸線、擠型業；CA02080 金屬鍛造業；CA02090 金屬線製品製造業；CA02990 其他金屬製品製造業；CA04010 表面處理業；ZZ99999 除許可業務外，得經營法令非禁止或限制之業務,新北市,設立,11505
61258596,勇夾社,新北市新莊區中港一街38號,張志強,80000,115/05/06,,,F209060 文教、樂器、育樂用品零售業,新北市,設立,11505
61258603,勇琦商行,新北市淡水區淡海路72巷30弄15號4樓,蘇寧雅,10000,115/05/05,,,F106010 五金批發業；F106040 水器材料批發業；F113020 電器批發業；F206010 五金零售業；F206040 水器材料零售業；F213010 電器零售業；ZZ99999 除許可業務外，得經營法令非禁止或限制之業務,新北市,設立,11505
61258619,城銨企業社,新北市三重區三和路3段125巷7號2樓,胡城銨,200000,115/05/04,,,F399010 便利商店業；ZZ99999 除許可業務外，得經營法令非禁止或限制之業務,新北市,設立,11505
61258625,能火能火商行,新北市永和區保平路24號,許閔媗,200000,115/05/06,,,F501030 飲料店業；F203010 食品什貨、飲料零售業；F399040 無店面零售業；ZZ99999 除許可業務外，得經營法令非禁止或限制之業務,新北市,設立,11505
61258630,禾順安企業社,新北市樹林區保安街1段48巷28號(1樓),陳泓儒,200000,115/05/06,,,H701010 住宅及大樓開發租售業；H703100 不動產租賃業；F107030 清潔用品批發業；J101010 建築物清潔服務業；JZ99990 未分類其他服務業；ZZ99999 除許可業務外，得經營法令非禁止或限制之業務,新北市,設立,11505
61258646,食在好小吃店,新北市板橋區北門街11號,林志成,100000,115/05/06,,,F501060 餐館業；ZZ99999 除許可業務外，得經營法令非禁止或限制之業務,新北市,設立,11505
61258651,成希企業社,新北市三峽區中正路1段108巷15號8樓115年05月,王承修,100000,115/05/07,,,F209060 文教、樂器、育樂用品零售業；F205040 家具、寢具、廚房器具、裝設品零售業；F203010 食品什貨、飲料零售業；F206020 日常用品零售業；F213010 電器零售業；F213030 電腦及事務性機器設備零售業；F213110 電池零售業；F218010 資訊軟體零售業；F204110 布疋、衣著、鞋、帽、傘、服飾品零售業；F206010 五金零售業；F219010 電子材料零售業；F401010 國際貿易業；F106020 日常用品批發業；F107030 清潔用品批發業；F109070 文教、樂器、育樂用品批發業；F104110 布疋、衣著、鞋、帽、傘、服飾品批發業；F105050 家具、寢具、廚房器具、裝設品批發業；F399990 其他綜合零售業；F399040 無店面零售業；F207030 清潔用品零售業；F113050 電腦及事務性機器設備批發業；F301010 百貨公司業；F108040 化粧品批發業；F208040 化粧品零售業；F208050 乙類成藥零售業；IZ01010 影印業；ZZ99999 除許可業務外，得經營法令非禁止或限制之業務,新北市,設立,11505
61258667,志馥商行,新北市三重區龍門路138號(1樓),陳威志,200000,115/05/06,,,F501030 飲料店業；F203010 食品什貨、飲料零售業；F501990 其他餐飲業；ZZ99999 除許可業務外，得經營法令非禁止或限制之業務,新北市,設立,11505
61258673,沐晏企業社,新北市板橋區四維路128巷3號,蔡佳晏,100000,115/05/06,,,F501060 餐館業；F501990 其他餐飲業；ZZ99999 除許可業務外，得經營法令非禁止或限制之業務,新北市,設立,11505
61258688,銘源企業社,新北市五股區自強路19巷25號6樓,王堃宇,50000,115/05/06,,,ZZ99999 除許可業務外，得經營法令非禁止或限制之業務；F399040 無店面零售業；F203010 食品什貨、飲料零售業；F206020 日常用品零售業；F106020 日常用品批發業；F214030 汽、機車零件配備零售業,新北市,設立,11505
61258694,慕奇屋造型髮藝,新北市三重區中正北路145巷5弄15號,詹美淑,50000,115/05/06,,,JZ99080 美容美髮服務業,新北市,設立,11505
61258701,左右手洋行,新北市新店區安民街376號,邱姿呈,200000,115/05/06,,,F205040 家具、寢具、廚房器具、裝設品零售業；F206010 五金零售業；F209060 文教、樂器、育樂用品零售業；F206020 日常用品零售業；F210010 鐘錶零售業；F299990 其他零售業；F401010 國際貿易業；F399040 無店面零售業；F399990 其他綜合零售業；ZZ99999 除許可業務外，得經營法令非禁止或限制之業務,新北市,設立,11505
61258717,永泓工程行,新北市樹林區福順街79號5樓,方士賢,200000,115/05/06,,,E601020 電器安裝業；ZZ99999 除許可業務外，得經營法令非禁止或限制之業務,新北市,設立,11505
61258723,禾遠烘焙商行,新北市永和區永和路1段212號,陳鏡宇,100000,115/05/06,,,F203010 食品什貨、飲料零售業,新北市,設立,11505
61258738,曜吃餐飲商行,新北市土城區清水路270號,陳姿潔,120000,115/05/06,,,F501060 餐館業,新北市,設立,11505
61258759,嘉銓工程行,新北市汐止區新台五路1段129號2樓,張峰瑞,50000,115/05/06,,,E603040 消防安全設備安裝工程業；E603050 自動控制設備工程業；E603090 照明設備安裝工程業；E599010 配管工程業；E601010 電器承裝業；E601020 電器安裝業；E603010 電纜安裝工程業；E701010 電信工程業；ZZ99999 除許可業務外，得經營法令非禁止或限制之業務,新北市,設立,11505
61258765,快樂騎整合服務工作室,新北市新店區安興路105號5樓之2,林倬慶,10000,115/05/06,,,IZ99990 其他工商服務業；JZ99990 未分類其他服務業；ZZ99999 除許可業務外，得經營法令非禁止或限制之業務；J799990 其他休閒服務業,新北市,設立,11505
61258771,放克手作造花室,新北市三重區五谷王北街48號2樓之1 115年05月,賴宣妤,50000,115/05/06,,,F399040 無店面零售業；F207020 染料、顏料零售業；JZ99990 未分類其他服務業；ZZ99999 除許可業務外，得經營法令非禁止或限制之業務；I504010 花藝設計業；I501010 產品設計業,新北市,設立,11505
61258786,樂客商行,新北市三重區六張街94號（1樓）,潘仕源,200000,115/05/06,,,F501060 餐館業；F501030 飲料店業；F203010 食品什貨、飲料零售業；F399040 無店面零售業,新北市,設立,11505
61258792,木木美甲美睫工作室,新北市新店區中正路154巷10號,林世菊,200000,115/05/06,,,JZ99080 美容美髮服務業,新北市,設立,11505
61258809,富晟企業社,新北市三重區光復路1段47號6樓之6,廖國富,200000,115/05/06,,,F113050 電腦及事務性機器設備批發業；F118010 資訊軟體批發業；F119010 電子材料批發業；F113030 精密儀器批發業；F113020 電器批發業；F213030 電腦及事務性機器設備零售業；F218010 資訊軟體零售業；F219010 電子材料零售業；F213040 精密儀器零售業；F213010 電器零售業；CC01110 電腦及其週邊設備製造業；CC01120 資料儲存媒體製造及複製業；CC01990 其他電機及電子機械器材製造業；CE01010 一般儀器製造業；CE01990 其他光學及精密器械製造業；E603050 自動控制設備工程業；E605010 電腦設備安裝業；J399010 軟體出版業；I301010 資訊軟體服務業；I301020 資料處理服務業；I301030 電子資訊供應服務業；JA02010 電器及電子產品修理業；F401010 國際貿易業；ZZ99999 除許可業務外，得經營法令非禁止或限制之業務,新北市,設立,11505
61258815,燕子窩餐飲店,新北市淡水區沙崙路201巷32號,莊鎮隆,100000,115/05/06,,,F501060 餐館業；F501030 飲料店業；F203010 食品什貨、飲料零售業；F203020 菸酒零售業；ZZ99999 除許可業務外，得經營法令非禁止或限制之業務,新北市,設立,11505
61258821,八里中山一娃娃屋,新北市八里區中山路1段300號115年05月,陸彥廷,100000,115/05/07,,,F209060 文教、樂器、育樂用品零售業；I301010 資訊軟體服務業；I301030 電子資訊供應服務業；F203010 食品什貨、飲料零售業；F206020 日常用品零售業；F213010 電器零售業；F213030 電腦及事務性機器設備零售業；F213060 電信器材零售業；F399990 其他綜合零售業；ZZ99999 除許可業務外，得經營法令非禁止或限制之業務,新北市,設立,11505
61258836,八里中山二娃娃屋,新北市八里區中山路2段93號(1樓),陸彥廷,100000,115/05/07,,,F209060 文教、樂器、育樂用品零售業；I301010 資訊軟體服務業；I301030 電子資訊供應服務業；F203010 食品什貨、飲料零售業；F206020 日常用品零售業；F213010 電器零售業；F213030 電腦及事務性機器設備零售業；F213060 電信器材零售業；F399990 其他綜合零售業；ZZ99999 除許可業務外，得經營法令非禁止或限制之業務,新北市,設立,11505
61258842,初蓁工作室,新北市土城區中央路3段238之7號4樓,薛莉蓁,200000,115/05/06,,,J602010 演藝活動業；JZ99030 攝影業；I401010 一般廣告服務業；J603010 音樂展演空間業；J303010 雜誌（期刊）出版業；JB01010 會議及展覽服務業；JZ99090 喜慶綜合服務業；ZZ99999 除許可業務外，得經營法令非禁止或限制之業務,新北市,設立,11505
61258857,莀星商行,新北市瑞芳區三爪子坑路149巷28號3樓,劉禺震,200000,115/05/06,,,F109070 文教、樂器、育樂用品批發業；F104110 布疋、衣著、鞋、帽、傘、服飾品批發業；F105050 家具、寢具、廚房器具、裝設品批發業；F209060 文教、樂器、育樂用品零售業；F401010 國際貿易業；F399040 無店面零售業；ZZ99999 除許可業務外，得經營法令非禁止或限制之業務,新北市,設立,11505
61258863,米粒自然食品商行,新北市板橋區三民路2段34號7樓之1,羅雅萱,200000,115/05/06,,,F102040 飲料批發業；F102170 食品什貨批發業；F203010 食品什貨、飲料零售業；F399040 無店面零售業；ZZ99999 除許可業務外，得經營法令非禁止或限制之業務,新北市,設立,11505
61258879,香奈鵝商行,新北市板橋區華江一路111號15樓之1,黃昱誠,200000,115/05/06,,,F199990 其他批發業；F299990 其他零售業；F399040 無店面零售業；I401010 一般廣告服務業；J601010 藝文服務業；J602010 演藝活動業；ZZ99999 除許可業務外，得經營法令非禁止或限制之業務,新北市,設立,11505
61258884,珠事順商行,新北市板橋區華江一路111號15樓之1 115年05月,吳金珠,200000,115/05/06,,,F199990 其他批發業；F299990 其他零售業；F399040 無店面零售業；I401010 一般廣告服務業；ZZ99999 除許可業務外，得經營法令非禁止或限制之業務,新北市,設立,11505
61258890,金澤峻商貿企業社,新北市土城區龍山一街23號3樓,沈玟安,200000,115/05/06,,,F118010 資訊軟體批發業；F119010 電子材料批發業；F213030 電腦及事務性機器設備零售業；F219010 電子材料零售業；F399040 無店面零售業；F401010 國際貿易業；F113020 電器批發業；F113050 電腦及事務性機器設備批發業；F213010 電器零售業；F218010 資訊軟體零售業；I301010 資訊軟體服務業；ZZ99999 除許可業務外，得經營法令非禁止或限制之業務,新北市,設立,11505
61258907,布納思商行,新北市板橋區明德街4號(1樓),黃國豪,100000,115/05/06,,,F203010 食品什貨、飲料零售業；F501030 飲料店業；F501060 餐館業；ZZ99999 除許可業務外，得經營法令非禁止或限制之業務,新北市,設立,11505
61258913,好味到古早味切仔麵,新北市三重區中華路126號,黃氏碧,200000,115/05/06,,,F501060 餐館業,新北市,設立,11505
61258929,香船早餐店,新北市板橋區民治街55號,張幗玲,200000,115/05/06,,,F203010 食品什貨、飲料零售業；F501030 飲料店業；F501990 其他餐飲業,新北市,設立,11505
61258934,育駿起重工程行,新北市樹林區和平街45號4樓,陳育駿,200000,115/05/07,,,EZ02010 起重工程業；EZ99990 其他工程業；F111090 建材批發業；JE01010 租賃業；IZ12010 人力派遣業；ZZ99999 除許可業務外，得經營法令非禁止或限制之業務,新北市,設立,11505
61258940,錦漾商行,新北市蘆洲區永樂街67號10樓115年05月,羅尹彤,200000,115/05/07,,,F102050 茶葉批發業；F102170 食品什貨批發業；F104110 布疋、衣著、鞋、帽、傘、服飾品批發業；F106010 五金批發業；F106020 日常用品批發業；F107030 清潔用品批發業；F108040 化粧品批發業；F113020 電器批發業；F203010 食品什貨、飲料零售業；F204110 布疋、衣著、鞋、帽、傘、服飾品零售業；F206010 五金零售業；F206020 日常用品零售業；F207030 清潔用品零售業；F208040 化粧品零售業；F399040 無店面零售業；F399990 其他綜合零售業；F401010 國際貿易業；JZ99050 仲介服務業；ZZ99999 除許可業務外，得經營法令非禁止或限制之業務,新北市,設立,11505
61258955,二六女人工作坊,新北市中和區景平路589號(1樓),蔡佳純,100000,115/05/07,,,F399040 無店面零售業；F203010 食品什貨、飲料零售業；F204110 布疋、衣著、鞋、帽、傘、服飾品零售業；F206020 日常用品零售業；ZZ99999 除許可業務外，得經營法令非禁止或限制之業務,新北市,設立,11505
61258961,冠宏大發財企業社,新北市淡水區水源街2段50號(1樓),林冠宏,200000,115/05/07,,,F399010 便利商店業；ZZ99999 除許可業務外，得經營法令非禁止或限制之業務,新北市,設立,11505
61258977,逸琳企業社,新北市三峽區長泰街25號3樓,劉逸琳,100000,115/05/07,,,F199990 其他批發業；F299990 其他零售業；F399990 其他綜合零售業；ZZ99999 除許可業務外，得經營法令非禁止或限制之業務,新北市,設立,11505
61258982,沐杋商行,新北市新莊區萬安街1號8樓之1,黃湘儀,200000,115/05/07,,,F399010 便利商店業；F301020 超級市場業；ZZ99999 除許可業務外，得經營法令非禁止或限制之業務,新北市,設立,11505
61258998,鴻毅企業社,新北市板橋區文化路2段498號3樓,黃淑鳳,100000,115/05/07,,,F207010 漆料、塗料零售業；F207020 染料、顏料零售業；F207030 清潔用品零售業；F213040 精密儀器零售業；F219010 電子材料零售業；F401010 國際貿易業；ZZ99999 除許可業務外，得經營法令非禁止或限制之業務,新北市,設立,11505
61259005,鄭媽媽麵店,新北市鶯歌區中正三路276號,鄭愛珠,100000,115/05/07,,,F501060 餐館業；ZZ99999 除許可業務外，得經營法令非禁止或限制之業務,新北市,設立,11505
61259011,隆億鐵件工程行,新北市五股區民義路1段193巷4號4樓,吳峻宇,240000,115/05/07,,,E801020 門窗安裝工程業；E801030 室內輕鋼架工程業；EZ99990 其他工程業；ZZ99999 除許可業務外，得經營法令非禁止或限制之業務,新北市,設立,11505
61259027,小蝶美甲美睫美容事業社,新北市三重區中正北路242號,黃錦絨,200000,115/05/07,,,JZ99080 美容美髮服務業；F399040 無店面零售業；I401010 一般廣告服務業；ZZ99999 除許可業務外，得經營法令非禁止或限制之業務,新北市,設立,11505
61259032,耐斯清潔整合企業社,新北市三重區重新路2段78號15樓,周綉梅,200000,115/05/07,,,F106040 水器材料批發業；F105050 家具、寢具、廚房器具、裝設品批發業；F113020 電器批發業；J101010 建築物清潔服務業；JZ99050 仲介服務業；E801070 廚具、衛浴設備安裝工程業；E801010 室內裝潢業；E801030 室內輕鋼架工程業；E901010 油漆工程業；E601020 電器安裝業；F205040 家具、寢具、廚房器具、裝設品零售業；F206040 水器材料零售業；F213010 電器零售業；JA02010 電器及電子產品修理業；F207010 漆料、塗料零售業；ZZ99999 除許可業務外，得經營法令非禁止或限制之業務,新北市,設立,11505
61259048,簡單剪美學設計名店,新北市蘆洲區光華路151號115年05月,鄭雅文,100000,115/05/07,,,JZ99080 美容美髮服務業；JZ99990 未分類其他服務業,新北市,設立,11505
61259053,安群水電工程行,新北市新莊區裕民街38號4樓,謝孟群,100000,115/05/07,,,E599010 配管工程業；E603090 照明設備安裝工程業；E603040 消防安全設備安裝工程業；E801070 廚具、衛浴設備安裝工程業；E801010 室內裝潢業；F213010 電器零售業；F206040 水器材料零售業；EZ99990 其他工程業,新北市,設立,11505
61259069,祥盛裝潢工程行,新北市樹林區備內街1巷12號14樓,高嘉鴻,200000,115/05/07,,,E801010 室內裝潢業；E901010 油漆工程業；E801070 廚具、衛浴設備安裝工程業；E599010 配管工程業；EZ99990 其他工程業；E601010 電器承裝業；E801020 門窗安裝工程業；E801040 玻璃安裝工程業；E903010 防蝕、防銹工程業；F111090 建材批發業；F211010 建材零售業；F106010 五金批發業；F206010 五金零售業；ZZ99999 除許可業務外，得經營法令非禁止或限制之業務,新北市,設立,11505
61259075,昇杰車業行,新北市三重區龍門路249號(1樓),蔡杰修,200000,115/05/07,,,F214030 汽、機車零件配備零售業；F214020 機車零售業；JA02020 機車修理業；F401010 國際貿易業；ZZ99999 除許可業務外，得經營法令非禁止或限制之業務,新北市,設立,11505
61259080,盈彩晶緻美甲沙龍,新北市中和區連城路265巷2號(1樓),周黃玉,60000,115/05/07,,,JZ99080 美容美髮服務業,新北市,設立,11505
61259096,一六八早餐店,新北市五股區西雲路89號,張庭溱,200000,115/05/07,,,F203010 食品什貨、飲料零售業；F501060 餐館業；ZZ99999 除許可業務外，得經營法令非禁止或限制之業務,新北市,設立,11505
61259103,藝文美學工作室,新北市新莊區中正路263巷4號2樓,馬藝文,40000,115/05/07,,,F207030 清潔用品零售業；F208040 化粧品零售業；F399040 無店面零售業；JZ99080 美容美髮服務業,新北市,設立,11505
61259119,菲炫染護工坊,新北市新莊區後港一路3號,薛憶婷,200000,115/05/07,,,JZ99080 美容美髮服務業,新北市,設立,11505
61259125,慈合素食餐廳,新北市三芝區中山路1段9巷8號,徐婉嫦,50000,115/05/07,,,F501060 餐館業；F501030 飲料店業,新北市,設立,11505
61259130,尚賀錀起重行,新北市三重區仁義街284號115年05月,蘇岑峪,200000,115/05/07,,,F213080 機械器具零售業；F213990 其他機械器具零售業；EZ02010 起重工程業；F106020 日常用品批發業；F206020 日常用品零售業；ZZ99999 除許可業務外，得經營法令非禁止或限制之業務,新北市,設立,11505
61259146,日知選物商行,新北市淡水區沙崙路1段126巷73號18樓,陳姿吟,100000,115/05/07,,,F399040 無店面零售業；F209060 文教、樂器、育樂用品零售業；F206020 日常用品零售業；F299990 其他零售業；ZZ99999 除許可業務外，得經營法令非禁止或限制之業務,新北市,設立,11505
61259151,仕承企業社,新北市板橋區國光路31巷10號2樓,楊宏泰,20000,115/05/07,,,F201010 農產品零售業,新北市,設立,11505
61259167,一柒樂豐企業社,新北市中和區莒光路52號,郭慧君,100000,115/05/07,,,ZZ99999 除許可業務外，得經營法令非禁止或限制之業務；F399040 無店面零售業；F203010 食品什貨、飲料零售業；F204110 布疋、衣著、鞋、帽、傘、服飾品零售業；F206020 日常用品零售業,新北市,設立,11505
61259173,八點集合早午餐宵夜,新北市新莊區中港一街62號,張柔亞,200000,115/05/07,,,F501060 餐館業,新北市,設立,11505
61259188,你過來啊企業社,新北市蘆洲區集賢路224巷42號,陳璽亦,200000,115/05/07,,,F501060 餐館業；F203010 食品什貨、飲料零售業,新北市,設立,11505
61259194,湘湘早午餐,新北市五股區成泰路1段146號(1樓),黃湘柔,30000,115/05/07,,,F501060 餐館業,新北市,設立,11505
61259201,諺承工程行,新北市新莊區富國路176巷5號2樓之1,許桂眞,240000,115/05/07,,,IZ12010 人力派遣業；E599010 配管工程業；E801010 室內裝潢業；EZ02010 起重工程業；EZ99990 其他工程業；ZZ99999 除許可業務外，得經營法令非禁止或限制之業務,新北市,設立,11505
61259217,鍾家早午餐,新北市樹林區新興街57號,鍾國源,50000,115/05/07,,,F501060 餐館業,新北市,設立,11505
61259223,展現設計工作室,新北市鶯歌區育英街89巷4號5樓,彭俞禎,100000,115/05/07,,,I401010 一般廣告服務業；I501010 產品設計業；I599990 其他設計業；JB01010 會議及展覽服務業；IZ99990 其他工商服務業；ZZ99999 除許可業務外，得經營法令非禁止或限制之業務；F299990 其他零售業；F204110 布疋、衣著、鞋、帽、傘、服飾品零售業；F205040 家具、寢具、廚房器具、裝設品零售業；F206020 日常用品零售業；F209060 文教、樂器、育樂用品零售業,新北市,設立,11505
61259238,綻放商行,新北市中和區忠孝街103之1號,秦晨振坤,80000,115/05/07,,,F501060 餐館業,新北市,設立,11505
61259259,川爸小吃店,新北市三重區貴陽街65號(1樓) 115年05月,陳麗秋,200000,115/05/07,,,F501060 餐館業,新北市,設立,11505
61259265,榮民伯企業社,新北市三重區永安北路2段25巷10號,許雯喬,200000,115/05/07,,,F203010 食品什貨、飲料零售業；F204110 布疋、衣著、鞋、帽、傘、服飾品零售業；F205040 家具、寢具、廚房器具、裝設品零售業；F206020 日常用品零售業；F206050 寵物食品及其用品零售業；F207030 清潔用品零售業；F208040 化粧品零售業；F299990 其他零售業；F399040 無店面零售業；F399990 其他綜合零售業；F401010 國際貿易業；ZZ99999 除許可業務外，得經營法令非禁止或限制之業務,新北市,設立,11505
61259271,淇緯商行,新北市中和區中山路2段332巷13號12樓,童超緯,200000,115/05/07,,,F101040 家畜家禽批發業；F101050 水產品批發業；F101990 其他農、畜、水產品批發業；F102170 食品什貨批發業；F201020 畜產品零售業；F201010 農產品零售業；F201030 水產品零售業；F201990 其他農畜水產品零售業；F203010 食品什貨、飲料零售業；ZZ99999 除許可業務外，得經營法令非禁止或限制之業務,新北市,設立,11505
61259286,曜辰塗装工程行,新北市板橋區三民路2段33號14樓,蔡立恩,200000,115/05/07,,,CA04010 表面處理業；E801010 室內裝潢業；E901010 油漆工程業；J101010 建築物清潔服務業；ZZ99999 除許可業務外，得經營法令非禁止或限制之業務,新北市,設立,11505
61259292,早安蹦蹦商行,新北市永和區得和路340號(1樓),洪浩瑋,240000,115/05/07,,,F501060 餐館業,新北市,設立,11505
61259309,恆漾運動空間工作室,新北市永和區中和路499號2樓之3,楊璿樺,200000,115/05/07,,,J802010 運動訓練業；J803010 運動表演業；J803020 運動比賽業；I401010 一般廣告服務業；ZZ99999 除許可業務外，得經營法令非禁止或限制之業務,新北市,設立,11505
61259315,五吉創意工作室,新北市板橋區民生路1段13號23樓,王沛瀅,100000,115/05/08,,,I599990 其他設計業；I401010 一般廣告服務業；J601010 藝文服務業；F501030 飲料店業,新北市,設立,11505
61259321,金輝企業社,新北市汐止區國興街22巷68號3樓,白雪嬌,200000,115/05/08,,,F106010 五金批發業；F206010 五金零售業；F401010 國際貿易業；ZZ99999 除許可業務外，得經營法令非禁止或限制之業務,新北市,設立,11505
61259336,樂咖油漆工程行,新北市中和區中山路2段42號5樓115年05月,林士傑,100000,115/05/08,,,E801010 室內裝潢業；E801020 門窗安裝工程業；E801040 玻璃安裝工程業；E901010 油漆工程業；ZZ99999 除許可業務外，得經營法令非禁止或限制之業務,新北市,設立,11505
61259342,茂翊工程行,新北市板橋區文化路2段182巷17號2樓,陳翊翔,200000,115/05/08,,,E599010 配管工程業；E603010 電纜安裝工程業；E901010 油漆工程業；ZZ99999 除許可業務外，得經營法令非禁止或限制之業務,新北市,設立,11505
61259357,濤運商行,新北市板橋區永豐街231號2樓,簡素切,240000,115/05/08,,,J101030 廢棄物清除業,新北市,設立,11505
61259363,路邊玩具店,新北市鶯歌區鶯歌路176號,楓韋昱祥,200000,115/05/08,,,F109070 文教、樂器、育樂用品批發業；F209060 文教、樂器、育樂用品零售業；J799990 其他休閒服務業；F401010 國際貿易業；ZZ99999 除許可業務外，得經營法令非禁止或限制之業務,新北市,設立,11505
61259379,鉅鐿商行,新北市新莊區民樂街61號(1樓),莊耿華,50000,115/05/08,,,F209060 文教、樂器、育樂用品零售業,新北市,設立,11505
61259384,綺羽企業社,新北市中和區自立路16之1號(1樓) 115年05月,高綺羽,100000,115/05/08,,,F501990 其他餐飲業,新北市,設立,11505
61259390,樂活居家生活館,新北市板橋區中正路89巷39號3樓,潘敬宏,100000,115/05/08,,,I301010 資訊軟體服務業；I301020 資料處理服務業；I301030 電子資訊供應服務業；I401010 一般廣告服務業；I501010 產品設計業；I502010 服飾設計業；I599990 其他設計業；J304010 圖書出版業；J305010 有聲出版業；J399010 軟體出版業；J399990 其他出版業；F108040 化粧品批發業；C802100 化粧品製造業；F208050 乙類成藥零售業；F399040 無店面零售業；F401010 國際貿易業；I103060 管理顧問業；F106020 日常用品批發業；F107030 清潔用品批發業；F206020 日常用品零售業；F207030 清潔用品零售業；IZ12010 人力派遣業；JE01010 租賃業；JZ99050 仲介服務業；IG01010 生物技術服務業；J202010 產業育成業；JZ99080 美容美髮服務業；F102170 食品什貨批發業；F102040 飲料批發業；F203010 食品什貨、飲料零售業；F104110 布疋、衣著、鞋、帽、傘、服飾品批發業；F204110 布疋、衣著、鞋、帽、傘、服飾品零售業；F109070 文教、樂器、育樂用品批發業；F209060 文教、樂器、育樂用品零售業；F106060 寵物食品及其用品批發業；F206050 寵物食品及其用品零售業；ZZ99999 除許可業務外，得經營法令非禁止或限制之業務,新北市,設立,11505
61259407,沁霖企業社,新北市板橋區忠孝路232號（1樓）,劉雅方,200000,115/05/08,,,JZ99080 美容美髮服務業；ZZ99999 除許可業務外，得經營法令非禁止或限制之業務,新北市,設立,11505
61259413,玩伴寵物企業社,新北市三重區光復路1段85號9樓,毛瑞婷,100000,115/05/11,,,JZ99990 未分類其他服務業；F206050 寵物食品及其用品零售業；F399040 無店面零售業；JA01990 其他汽車服務業；ZZ99999 除許可業務外，得經營法令非禁止或限制之業務,新北市,設立,11505
61259429,花瓣工作室,新北市中和區中山路3段136巷95號15樓115年05月,魏湘樺,200000,115/05/08,,,JZ99080 美容美髮服務業,新北市,設立,11505
61259434,芯椛貓屋,新北市三重區重陽路1段113巷1弄17-1號2樓,曾芯筠,80000,115/05/08,,,A401031 特定寵物服務業；F201081 特定寵物零售業；F101111 特定寵物批發業；F399040 無店面零售業；F206050 寵物食品及其用品零售業；F106060 寵物食品及其用品批發業；JZ99180 寵物美容服務業；F401010 國際貿易業；ZZ99999 除許可業務外，得經營法令非禁止或限制之業務,新北市,設立,11505
61259440,誠澄企業社,新北市板橋區四川路2段136號,陳煜勳,200000,115/05/08,,,F201070 花卉零售業；F203010 食品什貨、飲料零售業；F399040 無店面零售業；F399990 其他綜合零售業；I501010 產品設計業；I504010 花藝設計業；ZZ99999 除許可業務外，得經營法令非禁止或限制之業務,新北市,設立,11505
61259455,沐光花漾美學館,新北市林口區文化北路1段46之2號,林巧扉,150000,115/05/08,,,JZ99080 美容美髮服務業；JZ99990 未分類其他服務業；F201070 花卉零售業；I504010 花藝設計業；ZZ99999 除許可業務外，得經營法令非禁止或限制之業務,新北市,設立,11505
61259461,宏輝企業社,新北市三重區仁愛街415號4樓,許清華,249999,115/05/08,,,CA01050 鋼材二次加工業；CA03010 熱處理業；CA04010 表面處理業；E599010 配管工程業；E603040 消防安全設備安裝工程業；E603100 電焊工程業；E603120 噴砂工程業；ZZ99999 除許可業務外，得經營法令非禁止或限制之業務,新北市,設立,11505
61259477,聖巧研創工作室,新北市三芝區中興街2段46號6樓,蘇愛茹,100000,115/05/08,,,ZZ99999 除許可業務外，得經營法令非禁止或限制之業務；I102010 一般投資顧問業；I103060 管理顧問業；I199990 其他顧問服務業；I401010 一般廣告服務業；I501010 產品設計業；J303010 雜誌（期刊）出版業；J304010 圖書出版業；J305010 有聲出版業；J399010 軟體出版業；J601010 藝文服務業；J602010 演藝活動業；J604010 聲音錄製及音樂發行業；JZ99990 未分類其他服務業；IZ99990 其他工商服務業,新北市,設立,11505
61259482,富鑫鹹水雞店,新北市板橋區四維路284號(1樓),林慧真,60000,115/05/08,,,F201990 其他農畜水產品零售業；F203010 食品什貨、飲料零售業；ZZ99999 除許可業務外，得經營法令非禁止或限制之業務,新北市,設立,11505
61259498,伴刻餐食坊,新北市板橋區景星里重慶路12巷20號(1樓) 115年05月,張祐諭,200000,115/05/08,,,F501060 餐館業；F501030 飲料店業；F203010 食品什貨、飲料零售業,新北市,設立,11505
61259504,然後智能科技行,新北市中和區景平路261號,陳志偉,50000,115/05/08,,,CC01120 資料儲存媒體製造及複製業；F218010 資訊軟體零售業；F399040 無店面零售業；F401010 國際貿易業；I103060 管理顧問業；I301010 資訊軟體服務業；I301020 資料處理服務業；I301030 電子資訊供應服務業；I401010 一般廣告服務業；I501010 產品設計業；IG02010 研究發展服務業；IZ13010 網路認證服務業；IZ99990 其他工商服務業；ZZ99999 除許可業務外，得經營法令非禁止或限制之業務,新北市,設立,11505
61259510,絕緻室內裝潢工程行,新北市汐止區新台五路1段95號16樓之1,黃弘宇,200000,115/05/08,,,F106010 五金批發業；F107010 漆料、塗料批發業；F111090 建材批發業；F206010 五金零售業；F207010 漆料、塗料零售業；F207020 染料、顏料零售業；F211010 建材零售業；F399040 無店面零售業；E601020 電器安裝業；E801010 室內裝潢業；E801020 門窗安裝工程業；E801030 室內輕鋼架工程業；E801040 玻璃安裝工程業；E801070 廚具、衛浴設備安裝工程業；E901010 油漆工程業；E903010 防蝕、防銹工程業；I503010 景觀設計業；J101010 建築物清潔服務業；J101030 廢棄物清除業；ZZ99999 除許可業務外，得經營法令非禁止或限制之業務,新北市,設立,11505
61259526,欣澤霏企業社,新北市中和區中原里中正路918號3樓,陳慧如,150000,115/05/08,,,E801010 室內裝潢業；E901010 油漆工程業；EZ99990 其他工程業；ZZ99999 除許可業務外，得經營法令非禁止或限制之業務,新北市,設立,11505
61259531,蔥潛潛水工作室,新北市新莊區中華路2段270號11樓115年05月,謝季璁,200000,115/05/08,,,J802010 運動訓練業；J701080 水域遊憩活動經營業；F209060 文教、樂器、育樂用品零售業；G799990 其他運輸輔助業；IZ06010 理貨包裝業；JE01010 租賃業,新北市,設立,11505
61259547,牛媽媽寫真工作室,新北市淡水區新春街51號6樓115年05月,林亭妘,100000,115/05/08,,,F204110 布疋、衣著、鞋、帽、傘、服飾品零售業；F206020 日常用品零售業；F209060 文教、樂器、育樂用品零售業；F399040 無店面零售業；F401010 國際貿易業；I301030 電子資訊供應服務業；I401010 一般廣告服務業；I501010 產品設計業；J304010 圖書出版業；J601010 藝文服務業；J602010 演藝活動業；ZZ99999 除許可業務外，得經營法令非禁止或限制之業務,新北市,設立,11505
61259552,桔作坊,新北市新店區安興路125之15號7樓115年05月,宋路加,200000,115/05/11,,,I401010 一般廣告服務業；J601010 藝文服務業；I103060 管理顧問業；F601010 智慧財產權業；IZ99990 其他工商服務業；J602010 演藝活動業；F401010 國際貿易業；H201010 一般投資業；F104110 布疋、衣著、鞋、帽、傘、服飾品批發業；F106010 五金批發業；F106020 日常用品批發業；F108040 化粧品批發業；F109070 文教、樂器、育樂用品批發業；F113050 電腦及事務性機器設備批發業；F113070 電信器材批發業；F116010 照相器材批發業；F115010 首飾及貴金屬批發業；F204110 布疋、衣著、鞋、帽、傘、服飾品零售業；F203010 食品什貨、飲料零售業；F102170 食品什貨批發業；F399040 無店面零售業；F399990 其他綜合零售業；F299990 其他零售業；F218010 資訊軟體零售業；F216010 照相器材零售業；I102010 一般投資顧問業；F215010 首飾及貴金屬零售業；F213010 電器零售業；F213030 電腦及事務性機器設備零售業；F209060 文教、樂器、育樂用品零售業；F208040 化粧品零售業；I199990 其他顧問服務業；I301010 資訊軟體服務業；I301020 資料處理服務業；I301060 網路廣告平臺業；I501010 產品設計業；I599990 其他設計業；IZ04010 翻譯業；IZ10010 排版業；IZ12010 人力派遣業；J302010 通訊稿業；J303010 雜誌（期刊）出版業；J304010 圖書出版業；J305010 有聲出版業；J399010 軟體出版業；J399990 其他出版業；J404010 動畫影片製作業；J503010 廣播節目製作業；J503020 電視節目製作業；J503030 廣播電視節目發行業；J503040 廣播電視廣告業；J799990 其他休閒服務業；JZ99080 美容美髮服務業；JZ99990 未分類其他服務業,新北市,設立,11505
61259568,露源商行,新北市新莊區思源路173號4樓,黃聖峰,100000,115/05/11,,,F101050 水產品批發業；F101040 家畜家禽批發業；F101130 蔬果批發業；F101990 其他農、畜、水產品批發業；F102020 食用油脂批發業；F102030 菸酒批發業；F102040 飲料批發業；F102050 茶葉批發業；F102170 食品什貨批發業；F106020 日常用品批發業；F201010 農產品零售業；F201020 畜產品零售業；F201030 水產品零售業；F203010 食品什貨、飲料零售業；F201990 其他農畜水產品零售業；F203020 菸酒零售業；F206020 日常用品零售業；F299990 其他零售業；F399040 無店面零售業；F399990 其他綜合零售業；F501030 飲料店業；F501060 餐館業；F501990 其他餐飲業；ZZ99999 除許可業務外，得經營法令非禁止或限制之業務,新北市,設立,11505
61259574,潔運自助洗衣站,新北市三峽區復興路297號(1樓),林煜珩,190000,115/05/11,,,JA03010 洗衣業；F207030 清潔用品零售業；ZZ99999 除許可業務外，得經營法令非禁止或限制之業務,新北市,設立,11505
61259589,雙品電器行,新北市中和區景平路396之1號(1樓) 115年05月,黃品凱,200000,115/05/11,,,F213010 電器零售業；F399040 無店面零售業；ZZ99999 除許可業務外，得經營法令非禁止或限制之業務,新北市,設立,11505
61259595,永吉工程行,新北市板橋區陽明街115號5樓,粘永平,200000,115/05/11,,,E502010 燃料導管安裝工程業；E599010 配管工程業；E601010 電器承裝業；E601020 電器安裝業；E603010 電纜安裝工程業；E603020 電梯安裝工程業；E603040 消防安全設備安裝工程業；E603050 自動控制設備工程業；E603080 交通號誌安裝工程業；E603090 照明設備安裝工程業；E603100 電焊工程業；E603110 冷作工程業；E603120 噴砂工程業；E604010 機械安裝業；E605010 電腦設備安裝業；E801010 室內裝潢業；E801020 門窗安裝工程業；E801030 室內輕鋼架工程業；E801040 玻璃安裝工程業；E801070 廚具、衛浴設備安裝工程業；E901010 油漆工程業；E903010 防蝕、防銹工程業；EZ02010 起重工程業；EZ06010 交通標示工程業；EZ07010 鑽孔工程業；EZ11010 球場跑道樹脂材料鋪設工程業；EZ14010 運動場地用設備工程業；EZ15010 保溫、保冷安裝工程業；EZ99990 其他工程業；F106010 五金批發業；F107010 漆料、塗料批發業；F107030 清潔用品批發業；F111090 建材批發業；F399040 無店面零售業；F401010 國際貿易業；ZZ99999 除許可業務外，得經營法令非禁止或限制之業務,新北市,設立,11505
61259602,青漾手作坊,新北市三重區重新路4段63號9樓115年05月,陳月清,50000,115/05/11,,,F201070 花卉零售業；F209060 文教、樂器、育樂用品零售業；F399040 無店面零售業；F299990 其他零售業；F207030 清潔用品零售業；F207020 染料、顏料零售業；F206020 日常用品零售業；ZZ99999 除許可業務外，得經營法令非禁止或限制之業務；F205040 家具、寢具、廚房器具、裝設品零售業；F208040 化粧品零售業；F204110 布疋、衣著、鞋、帽、傘、服飾品零售業；J601010 藝文服務業；F399990 其他綜合零售業,新北市,設立,11505
61259618,品味商行,新北市三重區自強路1段64號,黃雅璇,100000,115/05/11,,,F501990 其他餐飲業；F501060 餐館業；F399040 無店面零售業；ZZ99999 除許可業務外，得經營法令非禁止或限制之業務,新北市,設立,11505
61259624,巨橋機車行,新北市板橋區篤行路2段59號(1樓),林明輝,100000,115/05/11,,,F214030 汽、機車零件配備零售業；F214020 機車零售業,新北市,設立,11505
61259639,全興鋼鋁工程行,新北市新店區安興路125之11號115年05月,王永德,239000,115/05/11,,,E801010 室內裝潢業；E599010 配管工程業；E601020 電器安裝業；E603100 電焊工程業；E603090 照明設備安裝工程業；E801020 門窗安裝工程業；E801030 室內輕鋼架工程業；E801040 玻璃安裝工程業；E801070 廚具、衛浴設備安裝工程業；E901010 油漆工程業；E903010 防蝕、防銹工程業；EZ02010 起重工程業；F106010 五金批發業；F111090 建材批發業；F206010 五金零售業；F211010 建材零售業；F399040 無店面零售業；F401010 國際貿易業；ZZ99999 除許可業務外，得經營法令非禁止或限制之業務,新北市,設立,11505
61259645,神禾興國際貿易企業社,新北市三重區力行路2段174號(1樓),蔡東螢,249999,115/05/11,,,F108040 化粧品批發業；F107030 清潔用品批發業；F121010 食品添加物批發業；F102170 食品什貨批發業；F401010 國際貿易業；F208040 化粧品零售業；F221010 食品添加物零售業；F207030 清潔用品零售業；F203010 食品什貨、飲料零售業；F105050 家具、寢具、廚房器具、裝設品批發業；F205040 家具、寢具、廚房器具、裝設品零售業；F109070 文教、樂器、育樂用品批發業；F209060 文教、樂器、育樂用品零售業；F106010 五金批發業；F206010 五金零售業；F106020 日常用品批發業；F206020 日常用品零售業；F113020 電器批發業；F213010 電器零售業；F399990 其他綜合零售業；F104110 布疋、衣著、鞋、帽、傘、服飾品批發業；F204110 布疋、衣著、鞋、帽、傘、服飾品零售業；F113050 電腦及事務性機器設備批發業；F213030 電腦及事務性機器設備零售業；F106040 水器材料批發業；F206040 水器材料零售業；I101090 食品顧問業；I102010 一般投資顧問業；I103060 管理顧問業；I199990 其他顧問服務業；I301010 資訊軟體服務業；I501010 產品設計業；J303010 雜誌（期刊）出版業；J304010 圖書出版業；J305010 有聲出版業；JA02010 電器及電子產品修理業；JB01010 會議及展覽服務業；JE01010 租賃業；J601010 藝文服務業；F113030 精密儀器批發業；ZZ99999 除許可業務外，得經營法令非禁止或限制之業務,新北市,設立,11505
61259650,快樂烘豆坊,新北市板橋區金門街387號(1樓),蕭美珍,168000,115/05/11,,,C110010 飲料製造業；F203010 食品什貨、飲料零售業；F501030 飲料店業；ZZ99999 除許可業務外，得經營法令非禁止或限制之業務；C199990 未分類其他食品製造業；C106010 製粉業,新北市,設立,11505
61259666,健徑肌力與體能工作室,新北市樹林區大雅路368號115年05月,鄭禹祥,240000,115/05/11,,,J802010 運動訓練業；ZZ99999 除許可業務外，得經營法令非禁止或限制之業務,新北市,設立,11505
61259672,禪心人文企業社,新北市新店區竹林路67號9樓,李宛諭,200000,115/05/11,,,F106070 祭祀用品批發業；F203010 食品什貨、飲料零售業；IZ12010 人力派遣業；JZ99050 仲介服務業；JZ99990 未分類其他服務業；ZZ99999 除許可業務外，得經營法令非禁止或限制之業務,新北市,設立,11505
61259687,豪儀商行,新北市三重區自強路5段18號(1樓),黃凱儀,150000,115/05/11,,,F501060 餐館業,新北市,設立,11505
61259693,三寶小吃,新北市淡水區義山路1段401巷99號,黃沁為,110000,115/05/11,,,F501060 餐館業；F501030 飲料店業；F203020 菸酒零售業；F501990 其他餐飲業,新北市,設立,11505
61259700,睛奇設計沙龍,新北市新店區北新路3段65巷12弄25號(1樓),紀允茜,100000,115/05/11,,,JZ99080 美容美髮服務業,新北市,設立,11505
61259716,洋森網球能量社,新北市蘆洲區民生街23號5樓,郭思廣,40000,115/05/11,,,J803010 運動表演業；J803020 運動比賽業；J799990 其他休閒服務業；F209060 文教、樂器、育樂用品零售業；F399040 無店面零售業；J801030 競技及休閒運動場館業；J802010 運動訓練業；JE01010 租賃業；J601010 藝文服務業；I401010 一般廣告服務業；I103060 管理顧問業；I199990 其他顧問服務業,新北市,設立,11505
61259722,凱巽商行,新北市中和區連城路89巷16號,呂凱琳,100000,115/05/11,,,F399040 無店面零售業；F399990 其他綜合零售業,新北市,設立,11505
61259737,建赫水電工程行,新北市泰山區明志路1段352巷26弄11號6樓115年05月,施佩妤,500000,115/05/11,,,E603010 電纜安裝工程業；E603090 照明設備安裝工程業；E599010 配管工程業；E601010 電器承裝業；E601020 電器安裝業；E801070 廚具、衛浴設備安裝工程業；EZ05010 儀器、儀表安裝工程業；E603130 燃氣熱水器承裝業；E604010 機械安裝業；E701040 簡易電信設備安裝業；F213010 電器零售業；E603040 消防安全設備安裝工程業；IF01010 消防安全設備檢修業；EZ99990 其他工程業；ZZ99999 除許可業務外，得經營法令非禁止或限制之業務,新北市,設立,11505
61259743,銨真美學企業社,新北市三重區長元西街7號（1樓）,李唯銨,240000,115/05/11,,,JZ99080 美容美髮服務業；F208040 化粧品零售業；F203010 食品什貨、飲料零售業；F207030 清潔用品零售業；F206020 日常用品零售業；I103060 管理顧問業；JZ99990 未分類其他服務業；ZZ99999 除許可業務外，得經營法令非禁止或限制之業務,新北市,設立,11505
61259758,晨光午味小吃店,新北市新莊區中信街118號,蕭文倩,200000,115/05/11,,,F501060 餐館業,新北市,設立,11505
61259764,玖號餐飲企業社,新北市三重區永德街9號,吳劉三,200000,115/05/11,,,F101040 家畜家禽批發業,新北市,設立,11505
61259770,駿首企業社,新北市中和區民治街8巷10號,蔣定國,100000,115/05/11,,,F501060 餐館業；F501030 飲料店業；ZZ99999 除許可業務外，得經營法令非禁止或限制之業務,新北市,設立,11505
61259785,王的甜點工作室,新北市鶯歌區國際二路20巷65號(2樓),王兆中,100000,115/05/11,,,F501990 其他餐飲業；F203010 食品什貨、飲料零售業；F399040 無店面零售業；ZZ99999 除許可業務外，得經營法令非禁止或限制之業務,新北市,設立,11505
61259791,金旺機車行,新北市五股區中興路2段14號(1樓),林子玲,50000,115/05/11,,,JA02020 機車修理業；F214030 汽、機車零件配備零售業,新北市,設立,11505
61259808,蔬雞食品行,新北市林口區中原街2號之1,張家榮,200000,115/05/11,,,F501990 其他餐飲業,新北市,設立,11505
61259814,明璟記,新北市中和區中和路267號,卓璟鋒,100000,115/05/11,,,F203010 食品什貨、飲料零售業,新北市,設立,11505
61259820,聰欽企業社,新北市五股區國道路3段2巷13號,陳聰欽,200000,115/05/11,,,F102170 食品什貨批發業；F203010 食品什貨、飲料零售業；F104110 布疋、衣著、鞋、帽、傘、服飾品批發業；F204110 布疋、衣著、鞋、帽、傘、服飾品零售業；F106020 日常用品批發業；F206020 日常用品零售業；F401010 國際貿易業；ZZ99999 除許可業務外，得經營法令非禁止或限制之業務,新北市,設立,11505
61259835,大智傑販賣選物店,新北市三重區大智街122號,邱政傑,100000,115/05/14,,,F209060 文教、樂器、育樂用品零售業；F203010 食品什貨、飲料零售業,新北市,設立,11505
61259841,綠豆夾薏仁商行,新北市三重區仁愛街430號(1樓) 115年05月,呂建成,2000,115/05/12,,,F209060 文教、樂器、育樂用品零售業；F203010 食品什貨、飲料零售業,新北市,設立,11505
61259856,櫻花熱水器商行,新北市板橋區僑中一街80巷1弄18號2樓115年05月,楊文岳,200000,115/05/11,,,IZ12010 人力派遣業；E801010 室內裝潢業；E801020 門窗安裝工程業；E801030 室內輕鋼架工程業；E801040 玻璃安裝工程業；E901010 油漆工程業；EZ99990 其他工程業；J101010 建築物清潔服務業；J101030 廢棄物清除業；J101040 廢棄物處理業；J101090 廢棄物清理業；J101990 其他環境衛生及污染防治服務業；F111090 建材批發業；F211010 建材零售業；F207030 清潔用品零售業；F207080 環境用藥零售業；E601020 電器安裝業；E603010 電纜安裝工程業；E603130 燃氣熱水器承裝業；E605010 電腦設備安裝業；E701010 電信工程業；E701020 衛星電視ＫＵ頻道、Ｃ頻道器材安裝業；E701040 簡易電信設備安裝業；E801070 廚具、衛浴設備安裝工程業；EZ05010 儀器、儀表安裝工程業；F105050 家具、寢具、廚房器具、裝設品批發業；F113020 電器批發業；F113050 電腦及事務性機器設備批發業；F113070 電信器材批發業；F118010 資訊軟體批發業；F205040 家具、寢具、廚房器具、裝設品零售業；F206020 日常用品零售業；F206040 水器材料零售業；F213010 電器零售業；F213030 電腦及事務性機器設備零售業；F213060 電信器材零售業；F218010 資訊軟體零售業；F401010 國際貿易業；J502020 社區共同天線電視設備業；JA02010 電器及電子產品修理業；JZ99050 仲介服務業；ZZ99999 除許可業務外，得經營法令非禁止或限制之業務,新北市,設立,11505
61259862,沐光敘事工作室,新北市板橋區中山路1段10號9樓,何沂芳,50000,115/05/11,,,I401010 一般廣告服務業；J602010 演藝活動業；J601010 藝文服務業；JZ99050 仲介服務業；I501010 產品設計業；I103060 管理顧問業；IZ99990 其他工商服務業；I199990 其他顧問服務業；JZ99990 未分類其他服務業；F399040 無店面零售業；F208040 化粧品零售業；ZZ99999 除許可業務外，得經營法令非禁止或限制之業務,新北市,設立,11505
61259878,湘湘原湯滷燙小吃,新北市新店區三民路46號(1樓),李香娥,50000,115/05/11,,,F501060 餐館業,新北市,設立,11505
61259883,抓樂幣娛樂商行,新北市三重區長元街2之1號,吳若慈,50000,115/05/12,,,F209060 文教、樂器、育樂用品零售業,新北市,設立,11505
61259899,玩事巨貝工作室,新北市三重區中正北路15號4樓115年05月,陳彥任,200000,115/05/12,,,I401010 一般廣告服務業；I501010 產品設計業；J303010 雜誌（期刊）出版業；J304010 圖書出版業；J305010 有聲出版業；F401010 國際貿易業；F601010 智慧財產權業；I301020 資料處理服務業；I301030 電子資訊供應服務業；ZZ99999 除許可業務外，得經營法令非禁止或限制之業務,新北市,設立,11505
61259906,允禾金屬工程行,新北市汐止區新台五路1段93號21樓之6,曾建彰,200000,115/05/12,,,E599010 配管工程業；E801010 室內裝潢業；E601010 電器承裝業；E601020 電器安裝業；E603020 電梯安裝工程業；E603050 自動控制設備工程業；E603080 交通號誌安裝工程業；E603090 照明設備安裝工程業；E603100 電焊工程業；E603110 冷作工程業；E603120 噴砂工程業；E604010 機械安裝業；E701040 簡易電信設備安裝業；E801020 門窗安裝工程業；E801030 室內輕鋼架工程業；E901010 油漆工程業；E903010 防蝕、防銹工程業；E502010 燃料導管安裝工程業；EZ99990 其他工程業；F106010 五金批發業；F106040 水器材料批發業；F107010 漆料、塗料批發業；F111090 建材批發業；F113010 機械批發業；F113020 電器批發業；F113990 其他機械器具批發業；F199990 其他批發業；F206010 五金零售業；F206040 水器材料零售業；F207010 漆料、塗料零售業；F211010 建材零售業；F213010 電器零售業；F213080 機械器具零售業；F213990 其他機械器具零售業；F299990 其他零售業；CA01050 鋼材二次加工業；CA02010 金屬結構及建築組件製造業；CB01010 機械設備製造業；F401010 國際貿易業；ZZ99999 除許可業務外，得經營法令非禁止或限制之業務,新北市,設立,11505
61259912,冠軍工作室,新北市三重區中正北路15號4樓115年05月,呂仲達,200000,115/05/12,,,I401010 一般廣告服務業；I501010 產品設計業；J303010 雜誌（期刊）出版業；J304010 圖書出版業；J305010 有聲出版業；F401010 國際貿易業；F601010 智慧財產權業；I301020 資料處理服務業；I301030 電子資訊供應服務業；ZZ99999 除許可業務外，得經營法令非禁止或限制之業務,新北市,設立,11505
61259928,修框文創企業社,新北市三重區富華街222號(1樓),黃奕清,200000,115/05/12,,,C702010 製版業；C703010 印刷品裝訂及加工業；F399040 無店面零售業；I199990 其他顧問服務業；ZZ99999 除許可業務外，得經營法令非禁止或限制之業務,新北市,設立,11505
61259933,豪世科技企業社,新北市板橋區縣民大道1段271號(1樓),彭世豪,200000,115/05/12,,,F113070 電信器材批發業；F213060 電信器材零售業；F113110 電池批發業；F213110 電池零售業；F113050 電腦及事務性機器設備批發業；F213030 電腦及事務性機器設備零售業；IE01010 電信業務門號代辦業；F113020 電器批發業；F213010 電器零售業；F116010 照相器材批發業；F216010 照相器材零售業；F401010 國際貿易業；IZ99990 其他工商服務業；ZZ99999 除許可業務外，得經營法令非禁止或限制之業務,新北市,設立,11505
61259949,鎧盛工程行,新北市中和區壽德街26號10樓之1,洪于鈞,200000,115/05/12,,,F106010 五金批發業；F206010 五金零售業；E801020 門窗安裝工程業；E601020 電器安裝業；E599010 配管工程業；ZZ99999 除許可業務外，得經營法令非禁止或限制之業務,新北市,設立,11505
61259954,玖昍商行,新北市板橋區民族路169號(1樓),黃雅貞,100000,115/05/12,,,F201020 畜產品零售業；F201030 水產品零售業；F203010 食品什貨、飲料零售業；F399040 無店面零售業,新北市,設立,11505
61259960,炊思教育工作室,新北市三重區仁義街397號,王誌男,150000,115/05/12,,,F109070 文教、樂器、育樂用品批發業；F209060 文教、樂器、育樂用品零售業；I103060 管理顧問業；I199990 其他顧問服務業；IZ99990 其他工商服務業；JZ99990 未分類其他服務業；F399040 無店面零售業；J303010 雜誌（期刊）出版業；J304010 圖書出版業；J399010 軟體出版業；JA05010 留、遊學服務業；IG02010 研究發展服務業；J202010 產業育成業；JB01010 會議及展覽服務業；F118010 資訊軟體批發業；JI01010 互動式情境體驗服務業；ZZ99999 除許可業務外，得經營法令非禁止或限制之業務,新北市,設立,11505
61259976,芋阿包芋阿店,新北市深坑區深坑街77號,潘怡汝,100000,115/05/12,,,F203010 食品什貨、飲料零售業；ZZ99999 除許可業務外，得經營法令非禁止或限制之業務,新北市,設立,11505
61259981,童創小舖,新北市瑞芳區大埔路台北新城8號3樓115年05月,林世國,50000,115/05/12,,,F399040 無店面零售業；ZZ99999 除許可業務外，得經營法令非禁止或限制之業務,新北市,設立,11505
61259997,甜選工作室,新北市土城區中華路1段149號2樓,劉帛昌,100000,115/05/12,,,F399040 無店面零售業；F203010 食品什貨、飲料零售業,新北市,設立,11505
61260002,墨川國際藝術貿易工作室,新北市淡水區濱海路2段202巷1弄16號4樓,翁亦聰,100000,115/05/12,,,F401010 國際貿易業；F102170 食品什貨批發業；F203010 食品什貨、飲料零售業；F399040 無店面零售業；F399990 其他綜合零售業；I105010 藝術品諮詢顧問業；I401010 一般廣告服務業；I301060 網路廣告平臺業；I301010 資訊軟體服務業；IZ10010 排版業；F199990 其他批發業,新北市,設立,11505
61260018,鍋騷麵,新北市三重區中正北路25巷22號(1樓),尤佳,100000,115/05/12,,,F501060 餐館業,新北市,設立,11505
61260024,蔚海無限影音工作室,新北市三峽區大觀路323號12樓,陳品澈,100000,115/05/12,,,J401010 電影片製作業；JZ99030 攝影業；J404040 電影錄音業；J602010 演藝活動業；J601010 藝文服務業；F601010 智慧財產權業；J305010 有聲出版業；J604010 聲音錄製及音樂發行業；I401010 一般廣告服務業；ZZ99999 除許可業務外，得經營法令非禁止或限制之業務,新北市,設立,11505
61260039,燁燁澄學工作室,新北市五股區御史路1巷31號7樓,陳品均,200000,115/05/12,,,F209060 文教、樂器、育樂用品零售業；F399040 無店面零售業,新北市,設立,11505
61260045,奧斯日常工作室,新北市新莊區民安路105巷1弄3號4樓,郭亭翰,100000,115/05/12,,,F201070 花卉零售業；F204110 布疋、衣著、鞋、帽、傘、服飾品零售業；F299990 其他零售業；F399040 無店面零售業；F205040 家具、寢具、廚房器具、裝設品零售業；ZZ99999 除許可業務外，得經營法令非禁止或限制之業務,新北市,設立,11505
61260050,點盒子商行,新北市新莊區福樂街11號(1樓),李明昌,200000,115/05/12,,,F501060 餐館業；F501030 飲料店業；ZZ99999 除許可業務外，得經營法令非禁止或限制之業務,新北市,設立,11505
61260066,新蘋果養生會館,新北市五股區四維路132號115年05月,廖清江,200000,115/05/12,,,JZ99990 未分類其他服務業；F208040 化粧品零售業；ZZ99999 除許可業務外，得經營法令非禁止或限制之業務,新北市,設立,11505
61260072,輝序工程行,新北市三重區重陽路4段130號12樓,陳昌輝,200000,115/05/12,,,E599010 配管工程業；E801010 室內裝潢業；E601010 電器承裝業；E601020 電器安裝業；E603010 電纜安裝工程業；E603090 照明設備安裝工程業；E801020 門窗安裝工程業；E801070 廚具、衛浴設備安裝工程業；E901010 油漆工程業；F106010 五金批發業；F206010 五金零售業；F105050 家具、寢具、廚房器具、裝設品批發業；F205040 家具、寢具、廚房器具、裝設品零售業；F206040 水器材料零售業；J101010 建築物清潔服務業；I503010 景觀設計業；ZZ99999 除許可業務外，得經營法令非禁止或限制之業務,新北市,設立,11505
61260087,唯系實業,新北市樹林區俊英街123巷29號,游哲姍,20000,115/05/12,,,F399040 無店面零售業；F204110 布疋、衣著、鞋、帽、傘、服飾品零售業；F208040 化粧品零售業；F206020 日常用品零售業；F203010 食品什貨、飲料零售業；ZZ99999 除許可業務外，得經營法令非禁止或限制之業務,新北市,設立,11505
61260093,鈞鑫娛樂企業社,新北市新莊區民安西路191之1號,魏大鈞,100000,115/05/12,,,F209060 文教、樂器、育樂用品零售業；F203010 食品什貨、飲料零售業；ZZ99999 除許可業務外，得經營法令非禁止或限制之業務,新北市,設立,11505
61260100,惠浤達實業社,新北市三重區光華路21號(2樓),徐浤文,200000,115/05/12,,,F102170 食品什貨批發業；F102040 飲料批發業；F108040 化粧品批發業；F203010 食品什貨、飲料零售業；F208040 化粧品零售業；I501010 產品設計業；F301010 百貨公司業；F401010 國際貿易業；F106010 五金批發業；F106020 日常用品批發業；F111090 建材批發業；F399040 無店面零售業；F101050 水產品批發業；F106060 寵物食品及其用品批發業；F114040 自行車及其零件批發業；F201010 農產品零售業；F201020 畜產品零售業；F201030 水產品零售業；F206050 寵物食品及其用品零售業；F208050 乙類成藥零售業；F214040 自行車及其零件零售業；ZZ99999 除許可業務外，得經營法令非禁止或限制之業務,新北市,設立,11505
61260116,盛盈企業社,新北市板橋區漢生西路93號（1樓）115年05月,黃佩玲,50000,115/05/12,,,F209060 文教、樂器、育樂用品零售業,新北市,設立,11505
61260122,海英精品服飾,新北市泰山區明志路3段106號,彭逢夏,20000,115/05/12,,,F204110 布疋、衣著、鞋、帽、傘、服飾品零售業,新北市,設立,11505
61260137,泰菲食堂,新北市蘆洲區中正路188號,廖枋韋,200000,115/05/12,,,F501060 餐館業,新北市,設立,11505
61260143,奇立美髮坊,新北市新店區光明街310號(1樓),李雪屏,240000,115/05/12,,,JZ99080 美容美髮服務業；ZZ99999 除許可業務外，得經營法令非禁止或限制之業務,新北市,設立,11505
61260158,雯雯拾光商行,新北市中和區仁愛街36巷16號5樓,張雅雯,200000,115/05/12,,,F204110 布疋、衣著、鞋、帽、傘、服飾品零售業；F206020 日常用品零售業；F208040 化粧品零售業；ZZ99999 除許可業務外，得經營法令非禁止或限制之業務,新北市,設立,11505
61260164,智成肉羹,新北市三芝區中興街1段6號5樓,華瑞凱,50000,115/05/12,,,F501060 餐館業,新北市,設立,11505
61260170,萌卡萌卡咖啡廳,新北市新莊區景德路264巷5號,楊宜蓁,100000,115/05/12,,,F203010 食品什貨、飲料零售業；F501990 其他餐飲業；C104020 烘焙炊蒸食品製造業；ZZ99999 除許可業務外，得經營法令非禁止或限制之業務,新北市,設立,11505
61260185,好棚企業社,新北市新莊區新樹路268巷16號,楊康,200000,115/05/12,,,ZZ99999 除許可業務外，得經營法令非禁止或限制之業務；JZ99080 美容美髮服務業；JZ99030 攝影業；JE01010 租賃業,新北市,設立,11505
61260191,蔣媽商行,新北市泰山區明志路2段19號,蔣淑芬,100000,115/05/12,,,F501060 餐館業,新北市,設立,11505
61260208,玉泉美甲,新北市新莊區西盛街381號,陳氏泉,50000,115/05/12,,,JZ99080 美容美髮服務業,新北市,設立,11505
61260214,建富展業社,新北市淡水區自立路1巷23號9樓,李建佑,200000,115/05/12,,,F399010 便利商店業；ZZ99999 除許可業務外，得經營法令非禁止或限制之業務,新北市,設立,11505
61260220,妍福泰食餐館,新北市新莊區中正路新建巷4號115年05月,潘景義,200000,115/05/12,,,F501060 餐館業；F203010 食品什貨、飲料零售業；ZZ99999 除許可業務外，得經營法令非禁止或限制之業務,新北市,設立,11505
61260235,鎮鑫水電工程行,新北市泰山區辭修路36巷8弄1之1號5樓,王乃婷,100000,115/05/12,,,E801010 室內裝潢業；F106010 五金批發業；F206010 五金零售業；F111090 建材批發業；F211010 建材零售業；E599010 配管工程業；E601010 電器承裝業；E601020 電器安裝業；E603010 電纜安裝工程業；E603090 照明設備安裝工程業；E603100 電焊工程業；E603110 冷作工程業；E603120 噴砂工程業；E603130 燃氣熱水器承裝業；E701040 簡易電信設備安裝業；E801070 廚具、衛浴設備安裝工程業；E901010 油漆工程業；E903010 防蝕、防銹工程業；EZ07010 鑽孔工程業；EZ99990 其他工程業；E801020 門窗安裝工程業；E801030 室內輕鋼架工程業；E801040 玻璃安裝工程業；F213010 電器零售業；JA02010 電器及電子產品修理業；ZZ99999 除許可業務外，得經營法令非禁止或限制之業務,新北市,設立,11505
61260241,洗歡自助洗衣坊,新北市板橋區國光路12號,謝聰進,50000,115/05/12,,,JA03010 洗衣業,新北市,設立,11505
61260256,周天喜麵食館,新北市新莊區民安西路134號(1樓),盧柏翔,200000,115/05/12,,,F501060 餐館業；F501990 其他餐飲業；F399990 其他綜合零售業,新北市,設立,11505
61260262,宸銘農產行,新北市三重區中正北路411巷22號2樓,歐秉儒,20000,115/05/12,,,F501990 其他餐飲業；F201990 其他農畜水產品零售業；F399010 便利商店業；F203010 食品什貨、飲料零售業；F399040 無店面零售業；F204110 布疋、衣著、鞋、帽、傘、服飾品零售業,新北市,設立,11505
61260278,琉希選物商行,新北市泰山區明志路1段337號,劉宗達,200000,115/05/12,,,F399040 無店面零售業,新北市,設立,11505
61260283,麒師傅水電快修工程行,新北市蘆洲區永平街32巷69弄19號5樓115年05月,賴孟麒,249999,115/05/12,,,ZZ99999 除許可業務外，得經營法令非禁止或限制之業務；EZ99990 其他工程業；E599010 配管工程業；E601010 電器承裝業；E801010 室內裝潢業；E801020 門窗安裝工程業；E801070 廚具、衛浴設備安裝工程業；E901010 油漆工程業；E603010 電纜安裝工程業；E603090 照明設備安裝工程業,新北市,設立,11505
61260299,丹牛玩子酷工作室,新北市中和區民德路54號8樓,王子魁,50000,115/05/12,,,J602010 演藝活動業；J601010 藝文服務業；J303010 雜誌（期刊）出版業；J305010 有聲出版業；J399990 其他出版業；I301020 資料處理服務業；I401010 一般廣告服務業；I501010 產品設計業；I502010 服飾設計業；I599990 其他設計業；F401010 國際貿易業；I103060 管理顧問業；I199990 其他顧問服務業；J404050 電影特效製作業；J404040 電影錄音業；JZ99030 攝影業；F601010 智慧財產權業；F399040 無店面零售業；F105050 家具、寢具、廚房器具、裝設品批發業；F209060 文教、樂器、育樂用品零售業；F205040 家具、寢具、廚房器具、裝設品零售業；F203010 食品什貨、飲料零售業；JB01010 會議及展覽服務業；J503010 廣播節目製作業（原:J503011廣播節目製作業）；J503020 電視節目製作業（原:J503021電視節目製作業）；J503030 廣播電視節目發行業（原:J503031廣播電視節目發行業）；ZZ99999 除許可業務外，得經營法令非禁止或限制之業務,新北市,設立,11505
61260306,無念輕重車業,新北市三峽區介壽路1段303號(1樓),陳柏翰,200000,115/05/12,,,F214020 機車零售業；F214030 汽、機車零件配備零售業；F214050 車胎零售業；F204110 布疋、衣著、鞋、帽、傘、服飾品零售業；F401010 國際貿易業,新北市,設立,11505
61260312,傑哥金饌魯肉飯,新北市鶯歌區光明街198號(1樓),張宏傑,200000,115/05/12,,,F501060 餐館業,新北市,設立,11505
61260328,同鄉行,新北市板橋區篤行路1段8號8樓,黃來香,200000,115/05/12,,,F399010 便利商店業；ZZ99999 除許可業務外，得經營法令非禁止或限制之業務,新北市,設立,11505
61260333,中和南山日光企業社,新北市中和區捷運路129號,曾渝晴,240000,115/05/12,,,JA03010 洗衣業,新北市,設立,11505
61260349,富龍工程行,新北市中和區景新街496巷35弄2號4樓,李成龍,200000,115/05/12,,,E801010 室內裝潢業；E801030 室內輕鋼架工程業；F111090 建材批發業；F120010 耐火材料批發業；F206010 五金零售業；I503010 景觀設計業；I504010 花藝設計業；ZZ99999 除許可業務外，得經營法令非禁止或限制之業務,新北市,設立,11505
61260354,甩爪中央企業社,新北市土城區中央路1段345號(1樓) 115年05月,何恒丞,100000,115/05/13,,,F209060 文教、樂器、育樂用品零售業,新北市,設立,11505
61260360,梅蜜美學企業社,新北市三峽區紫新路16巷16號4樓,鄭慧梅,200000,115/05/13,,,F204110 布疋、衣著、鞋、帽、傘、服飾品零售業；F399040 無店面零售業；F208040 化粧品零售業；F206020 日常用品零售業；JZ99080 美容美髮服務業；IZ99990 其他工商服務業；F203010 食品什貨、飲料零售業；ZZ99999 除許可業務外，得經營法令非禁止或限制之業務,新北市,設立,11505
61260376,伏心塗裝工程行,新北市三重區碧華街216巷14弄3號(1樓),黃文鑫,200000,115/05/13,,,F106010 五金批發業；F107010 漆料、塗料批發業；F107020 染料、顏料批發業；F107030 清潔用品批發業；F111090 建材批發業；E801010 室內裝潢業；E801020 門窗安裝工程業；E801030 室內輕鋼架工程業；E901010 油漆工程業；E903010 防蝕、防銹工程業；EZ07010 鑽孔工程業；EZ99990 其他工程業；F399040 無店面零售業；F401010 國際貿易業；ZZ99999 除許可業務外，得經營法令非禁止或限制之業務,新北市,設立,11505
61260381,放開夾企業社,新北市泰山區壽山路48號（1樓）,李佩璇,100000,115/05/13,,,F209060 文教、樂器、育樂用品零售業；F203010 食品什貨、飲料零售業,新北市,設立,11505
61260397,米辣寵物沙龍,新北市永和區國光路37號(1樓),郭騰騵,150000,115/05/13,,,JZ99180 寵物美容服務業；C201020 寵物食品製造業；F206050 寵物食品及其用品零售業；A401031 特定寵物服務業；ZZ99999 除許可業務外，得經營法令非禁止或限制之業務,新北市,設立,11505
61260404,尚隼居家工程行,新北市三重區三和路4段167巷129號4樓,康益豪,200000,115/05/13,,,E801070 廚具、衛浴設備安裝工程業；E801010 室內裝潢業；E603090 照明設備安裝工程業；E901010 油漆工程業；EZ99990 其他工程業；F105050 家具、寢具、廚房器具、裝設品批發業；F205040 家具、寢具、廚房器具、裝設品零售業；F106010 五金批發業；F206010 五金零售業；ZZ99999 除許可業務外，得經營法令非禁止或限制之業務,新北市,設立,11505
61260410,好忻情工作室,新北市中和區景新街456號11樓,丁忻彤,100000,115/05/13,,,J602010 演藝活動業；J601010 藝文服務業；I401010 一般廣告服務業；I301030 電子資訊供應服務業；ZZ99999 除許可業務外，得經營法令非禁止或限制之業務,新北市,設立,11505
61260426,路克斑比工作室,新北市中和區板南路671號10樓115年05月,高嘉鴻,200000,115/05/13,,,J802010 運動訓練業；J803010 運動表演業；J803020 運動比賽業；I199990 其他顧問服務業；J202010 產業育成業；ZZ99999 除許可業務外，得經營法令非禁止或限制之業務,新北市,設立,11505
61260431,品洋企業社,新北市汐止區福德一路28號,余曉盈,200000,115/05/13,,,JZ99080 美容美髮服務業,新北市,設立,11505
61260447,慶源工程行,新北市蘆洲區正和街96巷27號,李建瑩,240000,115/05/13,,,E603100 電焊工程業；E801020 門窗安裝工程業；F111090 建材批發業；F211010 建材零售業；CA02010 金屬結構及建築組件製造業；CA01050 鋼材二次加工業；E801030 室內輕鋼架工程業；E901010 油漆工程業；ZZ99999 除許可業務外，得經營法令非禁止或限制之業務,新北市,設立,11505
61260452,秀朗之子餐飲商行,新北市永和區秀朗路2段171號,鄭舜元,200000,115/05/13,,,F501060 餐館業；F201010 農產品零售業；F203010 食品什貨、飲料零售業；F206020 日常用品零售業,新北市,設立,11505
61260468,木香茶膳坊,新北市雙溪區中華路31號,謝佳蓉,50000,115/05/13,,,F501030 飲料店業；F501060 餐館業；F501990 其他餐飲業；C104020 烘焙炊蒸食品製造業,新北市,設立,11505
61260474,昊淞整合工程,新北市淡水區新市一路2段257號4樓,余賢輝,200000,115/05/13,,,EZ99990 其他工程業；E801010 室內裝潢業；E603110 冷作工程業；E603090 照明設備安裝工程業；E599010 配管工程業；E801020 門窗安裝工程業；E801030 室內輕鋼架工程業；E801040 玻璃安裝工程業；E801070 廚具、衛浴設備安裝工程業；E901010 油漆工程業；EZ07010 鑽孔工程業；E601020 電器安裝業；IZ12010 人力派遣業；JZ99050 仲介服務業；J101010 建築物清潔服務業；E603100 電焊工程業；E701040 簡易電信設備安裝業；ZZ99999 除許可業務外，得經營法令非禁止或限制之業務,新北市,設立,11505
61260489,政向工作室,新北市泰山區忠孝街42巷30號4樓,陳香里,100000,115/05/13,,,J202010 產業育成業；J304010 圖書出版業；J601010 藝文服務業；I199990 其他顧問服務業；I501010 產品設計業；I502010 服飾設計業；I599990 其他設計業；IZ99990 其他工商服務業；ZZ99999 除許可業務外，得經營法令非禁止或限制之業務,新北市,設立,11505
61260495,修閑工作室,新北市三峽區復興路83號(1樓),陳泓誠,150000,115/05/13,,,JZ99990 未分類其他服務業；ZZ99999 除許可業務外，得經營法令非禁止或限制之業務,新北市,設立,11505
61260501,老食小吃店,新北市板橋區大仁街20號(1樓) 115年05月,邱哲祥,100000,115/05/13,,,F501060 餐館業,新北市,設立,11505
61260517,楚辰商行,新北市三峽區民權街202號(1樓),張子平,200000,115/05/13,,,F399010 便利商店業；ZZ99999 除許可業務外，得經營法令非禁止或限制之業務,新北市,設立,11505
61260523,盛光企業社,新北市樹林區啓智街137巷9弄10號4樓,邱國盛,200000,115/05/13,,,C805990 其他塑膠製品製造業；F401010 國際貿易業；ZZ99999 除許可業務外，得經營法令非禁止或限制之業務,新北市,設立,11505
61260538,旭森傢飾設計企業社,新北市樹林區俊英街121巷37號3樓,黃欣薇,200000,115/05/13,,,CN01010 家具及裝設品製造業；E801070 廚具、衛浴設備安裝工程業；F205040 家具、寢具、廚房器具、裝設品零售業；I503010 景觀設計業；ZZ99999 除許可業務外，得經營法令非禁止或限制之業務,新北市,設立,11505
61260559,車輪子豆花店,新北市永和區永貞路267號,盧廣益,1000000,115/05/13,,,F203010 食品什貨、飲料零售業；F501030 飲料店業,新北市,設立,11505
61260565,安心商行,新北市淡水區沙崙路1段19號23樓,嚴子安,200000,115/05/13,,,F399010 便利商店業；F301020 超級市場業；ZZ99999 除許可業務外，得經營法令非禁止或限制之業務,新北市,設立,11505
61260571,稔泰商行,新北市中和區民生街44巷5號(1樓),鍾柏彥,200000,115/05/13,,,F399010 便利商店業；ZZ99999 除許可業務外，得經營法令非禁止或限制之業務,新北市,設立,11505
61260586,永和安樂精剪屋,新北市永和區安樂路242之1號,辛順輝,20000,115/05/13,,,JZ99080 美容美髮服務業；F208040 化粧品零售業,新北市,設立,11505
61260592,吉益水電行,新北市新莊區西盛街280巷18號,李進益,240000,115/05/13,,,F106040 水器材料批發業；E599010 配管工程業；E601010 電器承裝業；E603010 電纜安裝工程業；E603090 照明設備安裝工程業；E603130 燃氣熱水器承裝業；EZ99990 其他工程業；ZZ99999 除許可業務外，得經營法令非禁止或限制之業務,新北市,設立,11505
61260609,彩結根生工作室,新北市中和區中興街158巷3號5樓115年05月,鄭伊淇,240000,115/05/13,,,JB01010 會議及展覽服務業；I401010 一般廣告服務業；J601010 藝文服務業；F109070 文教、樂器、育樂用品批發業；F209060 文教、樂器、育樂用品零售業；F399040 無店面零售業；F401010 國際貿易業；J304010 圖書出版業；J399990 其他出版業；I501010 產品設計業；I599990 其他設計業；JZ99030 攝影業；IZ10010 排版業；J602010 演藝活動業；I301010 資訊軟體服務業；I301020 資料處理服務業；I301030 電子資訊供應服務業；F601010 智慧財產權業；JZ99990 未分類其他服務業；I105010 藝術品諮詢顧問業；I103060 管理顧問業；I199990 其他顧問服務業；ZZ99999 除許可業務外，得經營法令非禁止或限制之業務,新北市,設立,11505
61260615,九鼎德億企業社,新北市中和區員山路7之6號,林姿妘,200000,115/05/13,,,EZ02010 起重工程業；F401010 國際貿易業；ZZ99999 除許可業務外，得經營法令非禁止或限制之業務；IZ06010 理貨包裝業；F106020 日常用品批發業,新北市,設立,11505
61260621,北順茗茶,新北市三重區分子尾街25號(1樓),謝美鈴,30000,115/05/13,,,F102040 飲料批發業；F102050 茶葉批發業；F102170 食品什貨批發業；F299990 其他零售業；F399040 無店面零售業；F501030 飲料店業；F501990 其他餐飲業,新北市,設立,11505
61260636,柒拾三商行,新北市樹林區中華路187巷22號(1樓),許凱賓,50000,115/05/13,,,F206020 日常用品零售業；F206010 五金零售業；F205040 家具、寢具、廚房器具、裝設品零售業；F204110 布疋、衣著、鞋、帽、傘、服飾品零售業；F207030 清潔用品零售業；F208040 化粧品零售業；F209060 文教、樂器、育樂用品零售業；F213010 電器零售業；F213030 電腦及事務性機器設備零售業；F219010 電子材料零售業；F299990 其他零售業；F399040 無店面零售業；ZZ99999 除許可業務外，得經營法令非禁止或限制之業務,新北市,設立,11505
61260642,米旎企業社,新北市鶯歌區中正三路445巷7號,黃旎婷,100000,115/05/13,,,F399040 無店面零售業；F299990 其他零售業；I401010 一般廣告服務業；IZ13010 網路認證服務業；F401010 國際貿易業；ZZ99999 除許可業務外，得經營法令非禁止或限制之業務,新北市,設立,11505
61260657,沐米企業社,新北市鶯歌區中正三路445巷7號,黃騰徵,100000,115/05/13,,,F399040 無店面零售業；F299990 其他零售業；I401010 一般廣告服務業；IZ13010 網路認證服務業；F401010 國際貿易業；ZZ99999 除許可業務外，得經營法令非禁止或限制之業務,新北市,設立,11505
61260663,宣益工作室,新北市板橋區懷德街191巷2號115年05月,侯宣佑,200000,115/05/13,,,F203010 食品什貨、飲料零售業,新北市,設立,11505
61260679,湛升水電工程行,新北市樹林區啓智街137巷9弄5號2樓,吳運寶,200000,115/05/13,,,E599010 配管工程業；E601010 電器承裝業；E601020 電器安裝業；E603010 電纜安裝工程業；E603040 消防安全設備安裝工程業；E603050 自動控制設備工程業；E603090 照明設備安裝工程業；E603130 燃氣熱水器承裝業；E701040 簡易電信設備安裝業；E801010 室內裝潢業；E801070 廚具、衛浴設備安裝工程業；E901010 油漆工程業；EZ07010 鑽孔工程業；EZ99990 其他工程業；F206040 水器材料零售業；F213010 電器零售業；F219010 電子材料零售業；JA02010 電器及電子產品修理業；ZZ99999 除許可業務外，得經營法令非禁止或限制之業務,新北市,設立,11505
61260684,南崧商行,新北市新莊區新泰路421號地下一層之7,許秀斌,100000,115/05/13,,,F104110 布疋、衣著、鞋、帽、傘、服飾品批發業；F105050 家具、寢具、廚房器具、裝設品批發業；F106020 日常用品批發業；F109070 文教、樂器、育樂用品批發業；F204110 布疋、衣著、鞋、帽、傘、服飾品零售業；F205040 家具、寢具、廚房器具、裝設品零售業；F206020 日常用品零售業；F209060 文教、樂器、育樂用品零售業；F399040 無店面零售業；F401010 國際貿易業；I501010 產品設計業；I401010 一般廣告服務業；ZZ99999 除許可業務外，得經營法令非禁止或限制之業務,新北市,設立,11505
61260690,李李心企業社,新北市中和區中正路167巷27號8樓之1,李品儀,100000,115/05/13,,,J602010 演藝活動業,新北市,設立,11505
61260707,兜兜早餐店,新北市泰山區明志路2段311號,張貫輔,100000,115/05/13,,,F501060 餐館業,新北市,設立,11505
61260713,宸茜工作室,新北市土城區新洲路100號8樓,陳家茜,200000,115/05/13,,,J602010 演藝活動業；J601010 藝文服務業；F399040 無店面零售業；F401010 國際貿易業；J503010 廣播節目製作業（原:J503011廣播節目製作業）；J503020 電視節目製作業（原:J503021電視節目製作業）；JZ99030 攝影業；I301010 資訊軟體服務業；I401010 一般廣告服務業；ZZ99999 除許可業務外，得經營法令非禁止或限制之業務,新北市,設立,11505
61260729,初遇貓舍,新北市永和區秀朗路1段65號(1樓) 115年05月,林森,200000,115/05/13,,,F201081 特定寵物零售業；F206050 寵物食品及其用品零售業；F399040 無店面零售業；ZZ99999 除許可業務外，得經營法令非禁止或限制之業務；A401031 特定寵物服務業,新北市,設立,11505
61260734,富鎰實業社,新北市新莊區龍安路5號12樓,陳麗桂,200000,115/05/13,,,F106010 五金批發業；F113010 機械批發業；F113990 其他機械器具批發業；F114030 汽、機車零件配備批發業；F114040 自行車及其零件批發業；F114060 船舶及其零件批發業；F114070 航空器及其零件批發業；F114080 軌道車輛及其零件批發業；F114990 其他交通運輸工具及其零件批發業；F199990 其他批發業；F401010 國際貿易業；I501010 產品設計業；I599990 其他設計業；CA02030 螺絲、螺帽、螺絲釘、及鉚釘等製品製造業；CD01010 船舶及其零件製造業；CD01020 軌道車輛及其零件製造業；CD01030 汽車及其零件製造業；CD01040 機車及其零件製造業；CD01050 自行車及其零件製造業；CD01060 航空器及其零件製造業；CZ99990 未分類其他工業製品製造業；ZZ99999 除許可業務外，得經營法令非禁止或限制之業務,新北市,設立,11505
61260740,藍宇企業社,新北市樹林區大雅路346號,陳東禾,200000,115/05/13,,,F203010 食品什貨、飲料零售業,新北市,設立,11505
61260755,融喆工程設計工作室,新北市新店區新店路108號(1樓),鍾欣融,249999,115/05/13,,,E801010 室內裝潢業；E801020 門窗安裝工程業；E801030 室內輕鋼架工程業；E801040 玻璃安裝工程業；E801070 廚具、衛浴設備安裝工程業；E901010 油漆工程業；E903010 防蝕、防銹工程業；E599010 配管工程業；E601010 電器承裝業；E601020 電器安裝業；I503010 景觀設計業；I599990 其他設計業；F105050 家具、寢具、廚房器具、裝設品批發業；F106010 五金批發業；F111090 建材批發業；F120010 耐火材料批發業；F205040 家具、寢具、廚房器具、裝設品零售業；F206010 五金零售業；F211010 建材零售業；F220010 耐火材料零售業；ZZ99999 除許可業務外，得經營法令非禁止或限制之業務,新北市,設立,11505
61260761,太妃寵物店,新北市三重區仁義街143巷2號,葉孟宗,230000,115/05/13,,,F206050 寵物食品及其用品零售業；JZ99180 寵物美容服務業；F399040 無店面零售業,新北市,設立,11505
61260777,飯香香盒飯餐坊,新北市三重區忠孝路1段177號115年05月,張鈜珺,100000,115/05/13,,,F501990 其他餐飲業；F501060 餐館業；ZZ99999 除許可業務外，得經營法令非禁止或限制之業務,新北市,設立,11505
61260782,丞發工程行,新北市泰山區泰林路2段568號5樓,蔡梅,200000,115/05/13,,,F111090 建材批發業；F211010 建材零售業；F120010 耐火材料批發業；F220010 耐火材料零售業；E801020 門窗安裝工程業；ZZ99999 除許可業務外，得經營法令非禁止或限制之業務；EZ99990 其他工程業,新北市,設立,11505
61260798,鮪魚翻身創映工作室,新北市汐止區東勢街216巷2弄13號,康哲瑋,220000,115/05/14,,,J401010 電影片製作業；J404010 動畫影片製作業；J601010 藝文服務業；J404050 電影特效製作業；E801010 室內裝潢業；I103060 管理顧問業；I503010 景觀設計業,新北市,設立,11505
61260805,愷林工作室,新北市中和區捷運路8之20號17樓,林佑璞,100000,115/05/14,,,JZ99080 美容美髮服務業,新北市,設立,11505
61260811,錦泓文創工坊,新北市板橋區民族路221號,姜義暘,100000,115/05/14,,,C305010 印染整理業；F106020 日常用品批發業；F109070 文教、樂器、育樂用品批發業；F206020 日常用品零售業；F209060 文教、樂器、育樂用品零售業；F399040 無店面零售業；F401010 國際貿易業；I199990 其他顧問服務業；J601010 藝文服務業；JZ99160 刻印業；ZZ99999 除許可業務外，得經營法令非禁止或限制之業務,新北市,設立,11505
61260827,蒝焙工作室,新北市三峽區中山路184巷11號,秦薇昕,50000,115/05/14,,,F399040 無店面零售業；F203010 食品什貨、飲料零售業；C110010 飲料製造業；I103060 管理顧問業；ZZ99999 除許可業務外，得經營法令非禁止或限制之業務,新北市,設立,11505
61260832,菜菜子農產行,新北市三芝區中正路2段33號115年05月,余安峻,50000,115/05/14,,,A101020 農作物栽培業；A101030 特用作物栽培業；A101040 食用菌菇類栽培業；A101050 花卉栽培業；A102020 農產品整理業；A102080 園藝服務業；A401010 畜牧場經營業；A401020 家畜禽飼育業；A401040 畜牧服務業,新北市,設立,11505
61260848,鈞祐工程行,新北市土城區中華路1段36號7樓之１,林敬育,200000,115/05/14,,,E603090 照明設備安裝工程業；E801010 室內裝潢業；E801020 門窗安裝工程業；E801030 室內輕鋼架工程業；E801040 玻璃安裝工程業；E801070 廚具、衛浴設備安裝工程業；E901010 油漆工程業；EZ99990 其他工程業；F106010 五金批發業；F111090 建材批發業；F206010 五金零售業；ZZ99999 除許可業務外，得經營法令非禁止或限制之業務,新北市,設立,11505
61260853,日月蛇姬工作室,新北市中和區四維街37巷6號,馮依苹,200000,115/05/14,,,I599990 其他設計業；I501010 產品設計業；C805050 工業用塑膠製品製造業；C703010 印刷品裝訂及加工業；F106050 陶瓷玻璃器皿批發業；ZZ99999 除許可業務外，得經營法令非禁止或限制之業務,新北市,設立,11505
61260869,加購生活企業社,新北市中和區自立路34號(1樓),王華欽,100000,115/05/14,,,F204110 布疋、衣著、鞋、帽、傘、服飾品零售業；F206020 日常用品零售業；F203010 食品什貨、飲料零售業；F399040 無店面零售業；F106020 日常用品批發業；F401010 國際貿易業；ZZ99999 除許可業務外，得經營法令非禁止或限制之業務,新北市,設立,11505
61260875,鈦釨工程行,新北市八里區商港二路19之1號3樓,羅培綱,200000,115/05/14,,,E801010 室內裝潢業；EZ99990 其他工程業；F199990 其他批發業；F299990 其他零售業；F399040 無店面零售業；F401010 國際貿易業；ZZ99999 除許可業務外，得經營法令非禁止或限制之業務,新北市,設立,11505
61260880,國盛工作室,新北市五股區成泰路3段577巷80弄37號5樓115年05月,潘健邦,240000,115/05/14,,,JA01010 汽車修理業；JA01990 其他汽車服務業；JA02990 其他修理業；ZZ99999 除許可業務外，得經營法令非禁止或限制之業務,新北市,設立,11505
61260896,森飛理財評估商行,新北市三重區正義南路29號3樓之9,陳飛宏,200000,115/05/14,,,H701010 住宅及大樓開發租售業；H703090 不動產買賣業；H703100 不動產租賃業；H701020 工業廠房開發租售業；H701060 新市鎮、新社區開發業；H701090 都市更新整建維護業；H702010 建築經理業；H701070 區段徵收及市地重劃代辦業；HZ99990 其他金融、保險及不動產業；I103060 管理顧問業；I301010 資訊軟體服務業；I401010 一般廣告服務業；IZ99990 其他工商服務業；IZ15010 市場研究及民意調查業；I301020 資料處理服務業；J101010 建築物清潔服務業；JZ99050 仲介服務業；JZ99990 未分類其他服務業；ZZ99999 除許可業務外，得經營法令非禁止或限制之業務,新北市,設立,11505
61260903,正錡車業,新北市新莊區瓊泰路201號(1樓),張育碩,240000,115/05/14,,,JA02020 機車修理業；F214030 汽、機車零件配備零售業；F114030 汽、機車零件配備批發業；F104110 布疋、衣著、鞋、帽、傘、服飾品批發業；F114990 其他交通運輸工具及其零件批發業；F204110 布疋、衣著、鞋、帽、傘、服飾品零售業；F214990 其他交通運輸工具及其零件零售業；F399040 無店面零售業；F401010 國際貿易業；ZZ99999 除許可業務外，得經營法令非禁止或限制之業務；F114050 車胎批發業；F214050 車胎零售業,新北市,設立,11505
61260919,五吉讚工作室,新北市新店區錦秀路52巷53號4樓,林文惠,50000,115/05/14,,,J602010 演藝活動業,新北市,設立,11505
61260925,良同企業社,新北市三重區大智街254號2樓,黃健嘉,200000,115/05/14,,,F501030 飲料店業；F501060 餐館業；F203010 食品什貨、飲料零售業；ZZ99999 除許可業務外，得經營法令非禁止或限制之業務,新北市,設立,11505
61260930,立諾設計工作室,新北市新店區五峯路61巷13號2樓,黃立達,200000,115/05/14,,,E801010 室內裝潢業；I503010 景觀設計業；F205040 家具、寢具、廚房器具、裝設品零售業；F211010 建材零售業；I103060 管理顧問業；I501010 產品設計業；F399040 無店面零售業；ZZ99999 除許可業務外，得經營法令非禁止或限制之業務,新北市,設立,11505
61260946,馬夢企業社,新北市新莊區中港路417巷2號2樓115年05月,李金誠,50000,115/05/14,,,I401010 一般廣告服務業；I301020 資料處理服務業；JZ99990 未分類其他服務業,新北市,設立,11505
61260951,晴築室內裝修設計工作室,新北市樹林區中山路1段137巷14號7樓115年05月,林振強,240000,115/05/14,,,E601020 電器安裝業；E603090 照明設備安裝工程業；E701040 簡易電信設備安裝業；E801010 室內裝潢業；E801020 門窗安裝工程業；E801030 室內輕鋼架工程業；E801040 玻璃安裝工程業；E801060 室內裝修業（註：名稱應標明「室內裝修」字樣）；E801070 廚具、衛浴設備安裝工程業；E901010 油漆工程業；E903010 防蝕、防銹工程業；EZ99990 其他工程業；F111090 建材批發業；F211010 建材零售業；F113020 電器批發業；F213010 電器零售業；F105050 家具、寢具、廚房器具、裝設品批發業；F205040 家具、寢具、廚房器具、裝設品零售業；F106010 五金批發業；F206010 五金零售業；F106020 日常用品批發業；F206020 日常用品零售業；F106040 水器材料批發業；F206040 水器材料零售業；F399990 其他綜合零售業；F401010 國際貿易業；I501010 產品設計業；I503010 景觀設計業；I599990 其他設計業；J101010 建築物清潔服務業；ZZ99999 除許可業務外，得經營法令非禁止或限制之業務,新北市,設立,11505
61260967,盛佳創新電子企業社,新北市三峽區大德路278之1號7樓,劉靖華,200000,115/05/14,,,C399990 其他紡織及製品製造業；CC01070 無線通信機械器材製造業；CC01030 電器及視聽電子產品製造業；CC01080 電子零組件製造業；CC01110 電腦及其週邊設備製造業；CC01990 其他電機及電子機械器材製造業；F113030 精密儀器批發業；F113050 電腦及事務性機器設備批發業；F116010 照相器材批發業；F118010 資訊軟體批發業；F119010 電子材料批發業；F213030 電腦及事務性機器設備零售業；F213040 精密儀器零售業；F216010 照相器材零售業；F218010 資訊軟體零售業；F219010 電子材料零售業；I199990 其他顧問服務業；I301010 資訊軟體服務業；I301020 資料處理服務業；I301030 電子資訊供應服務業；F401010 國際貿易業；ZZ99999 除許可業務外，得經營法令非禁止或限制之業務,新北市,設立,11505
61260973,鴻曜企業社,新北市板橋區松柏街30號4樓,林恩耀,200000,115/05/14,,,JA01020 汽車拖吊業；ZZ99999 除許可業務外，得經營法令非禁止或限制之業務,新北市,設立,11505
61260988,惟可商行,新北市蘆洲區民義街111號(1樓),麥高誌,150000,115/05/14,,,F501030 飲料店業；ZZ99999 除許可業務外，得經營法令非禁止或限制之業務,新北市,設立,11505
61260994,小七美容館,新北市三重區萬壽街7號(1樓),黎錦秀,200000,115/05/14,,,JZ99080 美容美髮服務業；F208040 化粧品零售業；ZZ99999 除許可業務外，得經營法令非禁止或限制之業務,新北市,設立,11505
61261001,太盛企業社,新北市淡水區新市一路3段180號11樓,王泰順,200000,115/05/14,,,E502010 燃料導管安裝工程業；E599010 配管工程業；E603090 照明設備安裝工程業；E801010 室內裝潢業；E801020 門窗安裝工程業；E801030 室內輕鋼架工程業；E901010 油漆工程業；E903010 防蝕、防銹工程業；EZ99990 其他工程業；F106010 五金批發業；F111090 建材批發業；ZZ99999 除許可業務外，得經營法令非禁止或限制之業務,新北市,設立,11505
61261017,動靜皆藝工作室,新北市永和區林森路69號6樓115年05月,徐佩意,70000,115/05/14,,,J601010 藝文服務業；J602010 演藝活動業；J802010 運動訓練業；J803010 運動表演業；JZ99990 未分類其他服務業；F109070 文教、樂器、育樂用品批發業；F209060 文教、樂器、育樂用品零售業；ZZ99999 除許可業務外，得經營法令非禁止或限制之業務,新北市,設立,11505
61261023,莓葉專業美學工作室,新北市泰山區仁愛路100巷57號8樓,吳星儀,50000,115/05/14,,,JZ99080 美容美髮服務業；F208040 化粧品零售業；J601010 藝文服務業；IZ12010 人力派遣業；ZZ99999 除許可業務外，得經營法令非禁止或限制之業務,新北市,設立,11505
61261038,吉福堡幸福小屋,新北市土城區金城路3段207巷6弄2號,魏弘倫,200000,115/05/14,,,F501060 餐館業；F501030 飲料店業；F501990 其他餐飲業；F203010 食品什貨、飲料零售業；F399040 無店面零售業；ZZ99999 除許可業務外，得經營法令非禁止或限制之業務,新北市,設立,11505
61261059,織甯星毛線工作室,新北市三重區仁愛街89號(1樓),王思甯,100000,115/05/14,,,F104110 布疋、衣著、鞋、帽、傘、服飾品批發業；F204110 布疋、衣著、鞋、帽、傘、服飾品零售業；C399990 其他紡織及製品製造業；ZZ99999 除許可業務外，得經營法令非禁止或限制之業務,新北市,設立,11505
61261065,享好食均衡餐盒,新北市土城區學成路10號,羅裕仁,200000,115/05/14,,,F501060 餐館業；F501030 飲料店業；F501990 其他餐飲業；ZZ99999 除許可業務外，得經營法令非禁止或限制之業務,新北市,設立,11505
61261071,鳳明工作室,新北市鶯歌區永和街134號,黃馗碩,50000,115/05/14,,,I501010 產品設計業；JZ99990 未分類其他服務業；ZZ99999 除許可業務外，得經營法令非禁止或限制之業務,新北市,設立,11505
61261086,鎧陞金屬工程行,新北市中和區中山路2段332巷63號4樓,林思緁,200000,115/05/14,,,EZ99990 其他工程業；ZZ99999 除許可業務外，得經營法令非禁止或限制之業務,新北市,設立,11505
61261092,役萬企業社,新北市三重區頂崁街210巷23弄15號,黃屹謙,200000,115/05/14,,,I401010 一般廣告服務業；I301010 資訊軟體服務業；I301020 資料處理服務業；CB01020 事務機器製造業；I103060 管理顧問業；I199990 其他顧問服務業；I301030 電子資訊供應服務業；I401020 廣告傳單分送業；I501010 產品設計業；I599990 其他設計業；IZ99990 其他工商服務業；F109070 文教、樂器、育樂用品批發業；F113050 電腦及事務性機器設備批發業；F113070 電信器材批發業；F209060 文教、樂器、育樂用品零售業；F213030 電腦及事務性機器設備零售業；F213060 電信器材零售業；F399040 無店面零售業；F401010 國際貿易業；ZZ99999 除許可業務外，得經營法令非禁止或限制之業務,新北市,設立,11505
61261109,虹琛越南美食,新北市淡水區中山路185號(1樓),王永翰,100000,115/05/14,,,F501060 餐館業；ZZ99999 除許可業務外，得經營法令非禁止或限制之業務,新北市,設立,11505
61261115,貓樹屋工作室,新北市鶯歌區中山路329巷6弄11號2樓,楊依菱,30000,115/05/14,,,J601010 藝文服務業；F209060 文教、樂器、育樂用品零售業,新北市,設立,11505
61261121,林來呷商行,新北市土城區中央路2段370號115年05月,吳麗秋,200000,115/05/14,,,F501060 餐館業,新北市,設立,11505
61261136,維度美學企業社,新北市林口區民生路32號(1樓),林慧芳,200000,115/05/14,,,F206020 日常用品零售業；F208040 化粧品零售業；F207030 清潔用品零售業；JZ99080 美容美髮服務業；ZZ99999 除許可業務外，得經營法令非禁止或限制之業務,新北市,設立,11505
61261142,蝠貓點心所,新北市八里區忠孝路209號,陳亭翰,100000,115/05/14,,,F202010 飼料零售業；F203010 食品什貨、飲料零售業；F206050 寵物食品及其用品零售業；F399040 無店面零售業；C104020 烘焙炊蒸食品製造業；C114010 食品添加物製造業；C201010 飼料製造業；C201020 寵物食品製造業,新北市,設立,11505
61261157,龍來也企業社,新北市樹林區中山路1段266號,林明憲,2000,115/05/15,,,F209060 文教、樂器、育樂用品零售業；F203010 食品什貨、飲料零售業,新北市,設立,11505
61261163,佶優企業社,新北市淡水區民生路164之1號10樓,連郁婷,100000,115/05/15,,,F399010 便利商店業；F399990 其他綜合零售業；F401010 國際貿易業；ZZ99999 除許可業務外，得經營法令非禁止或限制之業務,新北市,設立,11505
61261179,允辰工程行,新北市三重區成功路110號8樓之14,凃育萱,200000,115/05/15,,,EZ15010 保溫、保冷安裝工程業；F106010 五金批發業；F111090 建材批發業；E901010 油漆工程業；F113010 機械批發業；E801010 室內裝潢業；EZ99990 其他工程業；F206010 五金零售業；F211010 建材零售業；J101020 病媒防治業；J101030 廢棄物清除業；J101040 廢棄物處理業；J101060 廢（污）水處理業；J101090 廢棄物清理業；J101990 其他環境衛生及污染防治服務業；JE01010 租賃業；E903010 防蝕、防銹工程業；ZZ99999 除許可業務外，得經營法令非禁止或限制之業務,新北市,設立,11505
61261184,細節博士精緻車體美研,新北市中和區民富街36號(1樓),唐培凱,200000,115/05/15,,,JA01990 其他汽車服務業；ZZ99999 除許可業務外，得經營法令非禁止或限制之業務,新北市,設立,11505
61261190,禾家控肉飯,新北市泰山區明志路2段330號（1號）,莊博宇,200000,115/05/15,,,F501060 餐館業；F399040 無店面零售業；ZZ99999 除許可業務外，得經營法令非禁止或限制之業務,新北市,設立,11505
61261207,青新林商店,新北市新店區北新路3段89號(1樓) 115年05月,陳子昀,200000,115/05/15,,,F501030 飲料店業；F203010 食品什貨、飲料零售業；F201010 農產品零售業；F299990 其他零售業；F399990 其他綜合零售業,新北市,設立,11505
61261213,鼎鎰工程行,新北市新店區中央五街108號6樓115年05月,楊東穎,200000,115/05/15,,,E599010 配管工程業；E603050 自動控制設備工程業；E603090 照明設備安裝工程業；EZ99990 其他工程業；E603130 燃氣熱水器承裝業；E603040 消防安全設備安裝工程業；IF01010 消防安全設備檢修業；F117010 消防安全設備批發業；EZ05010 儀器、儀表安裝工程業；E601010 電器承裝業；E502010 燃料導管安裝工程業；E601020 電器安裝業；E603080 交通號誌安裝工程業；E603100 電焊工程業；E604010 機械安裝業；E605010 電腦設備安裝業；E607010 太陽熱能設備安裝工程業；E701010 電信工程業；E701030 電信管制射頻器材裝設工程業；E701040 簡易電信設備安裝業；E801010 室內裝潢業；E801020 門窗安裝工程業；E801030 室內輕鋼架工程業；E801040 玻璃安裝工程業；E801070 廚具、衛浴設備安裝工程業；E901010 油漆工程業；E903010 防蝕、防銹工程業；EZ02010 起重工程業；EZ03010 鎔爐安裝業；EZ06010 交通標示工程業；EZ07010 鑽孔工程業；EZ09010 靜電防護及消除工程業；EZ15010 保溫、保冷安裝工程業；I503010 景觀設計業；IB01010 建築物公共安全檢查業；IF04010 非破壞檢測業；F105050 家具、寢具、廚房器具、裝設品批發業；F106010 五金批發業；F113050 電腦及事務性機器設備批發業；F111090 建材批發業；F106040 水器材料批發業；F107170 工業助劑批發業；F113010 機械批發業；F113030 精密儀器批發業；F120010 耐火材料批發業；F113070 電信器材批發業；F113990 其他機械器具批發業；F119010 電子材料批發業；F211010 建材零售業；F205040 家具、寢具、廚房器具、裝設品零售業；F206010 五金零售業；F206040 水器材料零售業；F207010 漆料、塗料零售業；F107010 漆料、塗料批發業；F207170 工業助劑零售業；F213010 電器零售業；F213030 電腦及事務性機器設備零售業；F213040 精密儀器零售業；F213060 電信器材零售業；F213080 機械器具零售業；F213110 電池零售業；F113110 電池批發業；F113020 電器批發業；F213990 其他機械器具零售業；F219010 電子材料零售業；F217010 消防安全設備零售業；F220010 耐火材料零售業；F401010 國際貿易業；J101050 環境檢測服務業；JA02010 電器及電子產品修理業；JA02990 其他修理業；JE01010 租賃業；JZ99050 仲介服務業；ZZ99999 除許可業務外，得經營法令非禁止或限制之業務,新北市,設立,11505
61261229,逑米娛樂工作室,新北市永和區光復街2巷16弄3號3三樓,黃肇璟,200000,115/05/15,,,J304010 圖書出版業；J305010 有聲出版業；J399990 其他出版業；J601010 藝文服務業；J602010 演藝活動業；J603010 音樂展演空間業；J803010 運動表演業；JZ99990 未分類其他服務業,新北市,設立,11505
61261234,聚卡企業社,新北市蘆洲區復興路60巷1弄23號3樓,王崑山,100000,115/05/15,,,F399040 無店面零售業；F209060 文教、樂器、育樂用品零售業；F206020 日常用品零售業；F399990 其他綜合零售業；ZZ99999 除許可業務外，得經營法令非禁止或限制之業務,新北市,設立,11505
61261240,嘉瑋小吃店,新北市新莊區民樂街36號,曾玉霞,100000,115/05/15,,,F501060 餐館業,新北市,設立,11505
61261255,圓慢工作室,新北市新莊區頭前路2巷21弄28號,楊靖庭,100000,115/05/15,,,I199990 其他顧問服務業；JZ99990 未分類其他服務業；F399040 無店面零售業；F399990 其他綜合零售業,新北市,設立,11505
61261261,鴻旭工程企業社,新北市汐止區中興路96巷6號7樓115年05月,葉艷秋,200000,115/05/15,,,E801010 室內裝潢業；E801030 室內輕鋼架工程業；EZ99990 其他工程業；F111090 建材批發業；J101010 建築物清潔服務業；J101090 廢棄物清理業；ZZ99999 除許可業務外，得經營法令非禁止或限制之業務,新北市,設立,11505
61261277,琴霖麵店,新北市中和區景平路618巷4號(1樓),鄒年霖,80000,115/05/15,,,F501060 餐館業,新北市,設立,11505
61261282,捷影行銷工作室,新北市淡水區新市三路2段205號29樓,鄒,200000,115/05/15,,,I401010 一般廣告服務業；I301060 網路廣告平臺業,新北市,設立,11505
61261298,林記蔬果商行,新北市板橋區銘傳街68號,黃麗君,200000,115/05/15,,,F101130 蔬果批發業；F201010 農產品零售業,新北市,設立,11505
61261305,傑登餐飲,新北市林口區四維路257號,陳建興,200000,115/05/15,,,F203010 食品什貨、飲料零售業；F501060 餐館業；ZZ99999 除許可業務外，得經營法令非禁止或限制之業務,新北市,設立,11505
61261311,均吉實業社,新北市中和區建一路251號115年05月,謝清賢,200000,115/05/15,,,F109070 文教、樂器、育樂用品批發業；F209060 文教、樂器、育樂用品零售業；F102170 食品什貨批發業；F203010 食品什貨、飲料零售業；F106020 日常用品批發業；F206020 日常用品零售業；F104110 布疋、衣著、鞋、帽、傘、服飾品批發業；F204110 布疋、衣著、鞋、帽、傘、服飾品零售業；F105050 家具、寢具、廚房器具、裝設品批發業；F205040 家具、寢具、廚房器具、裝設品零售業；F106010 五金批發業；F206010 五金零售業；F107030 清潔用品批發業；F207030 清潔用品零售業；F113020 電器批發業；F213010 電器零售業；F113110 電池批發業；F213110 電池零售業；F401010 國際貿易業；ZZ99999 除許可業務外，得經營法令非禁止或限制之業務,新北市,設立,11505
61261327,高顏水電工程行,新北市土城區大安路16巷8號5樓,余尚謙,200000,115/05/15,,,E599010 配管工程業；E601020 電器安裝業；E603020 電梯安裝工程業；E603040 消防安全設備安裝工程業；E603050 自動控制設備工程業；E603090 照明設備安裝工程業；E603100 電焊工程業；E604010 機械安裝業；E701030 電信管制射頻器材裝設工程業；E701040 簡易電信設備安裝業；E801010 室內裝潢業；E801070 廚具、衛浴設備安裝工程業；E901010 油漆工程業；E903010 防蝕、防銹工程業；EZ02010 起重工程業；EZ99990 其他工程業；F106010 五金批發業；F111090 建材批發業；F119010 電子材料批發業；F120010 耐火材料批發業；F206010 五金零售業；F211010 建材零售業；F219010 電子材料零售業；F220010 耐火材料零售業；I503010 景觀設計業；ZZ99999 除許可業務外，得經營法令非禁止或限制之業務,新北市,設立,11505
61261332,翊芙美容工作室,新北市新莊區幸福路564巷2弄2號(1樓),藍詩雅,50000,115/05/15,,,JZ99080 美容美髮服務業,新北市,設立,11505
61261348,緣時光鐵板燒,新北市樹林區樹新路87號,林峰茗,100000,115/05/15,,,F501060 餐館業；F203010 食品什貨、飲料零售業,新北市,設立,11505
61261353,珍朱阿姨素食早餐店,新北市樹林區太順街29號,林珍朱,200000,115/05/15,,,F501060 餐館業；F203010 食品什貨、飲料零售業；ZZ99999 除許可業務外，得經營法令非禁止或限制之業務,新北市,設立,11505
61261369,冠曜國際投資企業社,新北市林口區民富街99號2樓之１,林冠斌,200000,115/05/15,,,H201010 一般投資業,新北市,設立,11505
61261375,優游運動工作室,新北市新店區民權路116號(2樓) 115年05月,游佳蓉,100000,115/05/15,,,J801030 競技及休閒運動場館業；J802010 運動訓練業；J803020 運動比賽業；I103060 管理顧問業；I301020 資料處理服務業；I401010 一般廣告服務業；F109070 文教、樂器、育樂用品批發業；F209060 文教、樂器、育樂用品零售業；F299990 其他零售業；JE01010 租賃業；IZ12010 人力派遣業；J601010 藝文服務業；ZZ99999 除許可業務外，得經營法令非禁止或限制之業務,新北市,設立,11505
61261380,豐格企業社,新北市汐止區福安街20巷4號2樓,洪欣萍,200000,115/05/15,,,J101010 建築物清潔服務業；F207030 清潔用品零售業；ZZ99999 除許可業務外，得經營法令非禁止或限制之業務,新北市,設立,11505
61261396,捷乘企業社,新北市鶯歌區尖山埔路2段47號,呂睿谹,200000,115/05/16,,,G799990 其他運輸輔助業；IZ12010 人力派遣業；F119010 電子材料批發業；F106010 五金批發業；ZZ99999 除許可業務外，得經營法令非禁止或限制之業務,新北市,設立,11505
61261403,川曜企業社,新北市土城區中央路4段293巷27號,蔡福平,200000,115/05/18,,,F204110 布疋、衣著、鞋、帽、傘、服飾品零售業；F205040 家具、寢具、廚房器具、裝設品零售業；F206010 五金零售業；F206020 日常用品零售業；F208040 化粧品零售業；F209060 文教、樂器、育樂用品零售業；F213010 電器零售業；F213030 電腦及事務性機器設備零售業；F213040 精密儀器零售業；F213060 電信器材零售業；F214030 汽、機車零件配備零售業；F216010 照相器材零售業；F299990 其他零售業；F399040 無店面零售業；ZZ99999 除許可業務外，得經營法令非禁止或限制之業務,新北市,設立,11505
61261419,宸易企業社,新北市樹林區保安街1段313巷11號,梁佳芸,50000,115/05/18,,,JA02010 電器及電子產品修理業；ZZ99999 除許可業務外，得經營法令非禁止或限制之業務,新北市,設立,11505
61261425,羊羽食堂,新北市永和區得和路130號(1樓),孫梓翔,200000,115/05/18,,,F203010 食品什貨、飲料零售業；F501060 餐館業；ZZ99999 除許可業務外，得經營法令非禁止或限制之業務,新北市,設立,11505
61261430,禾安車業商行,新北市汐止區大同路3段369巷17號,莊榮成,200000,115/05/18,,,F213110 電池零售業；F214010 汽車零售業；F214030 汽、機車零件配備零售業；F214050 車胎零售業；F401010 國際貿易業；JA01010 汽車修理業；JA01990 其他汽車服務業；ZZ99999 除許可業務外，得經營法令非禁止或限制之業務,新北市,設立,11505
61261446,拾和甜室,新北市三重區信義西街49號,吳亭嬑,200000,115/05/18,,,F203010 食品什貨、飲料零售業；F501030 飲料店業；F501990 其他餐飲業；ZZ99999 除許可業務外，得經營法令非禁止或限制之業務,新北市,設立,11505
61261451,克比國際企業社,新北市三峽區中華路17號4樓,陳盈宇,200000,115/05/18,,,F203010 食品什貨、飲料零售業；F102170 食品什貨批發業；F401010 國際貿易業,新北市,設立,11505
61261467,源水企業社,新北市汐止區民族五街70巷2弄18號(1樓) 115年05月,簡淑雅,200000,115/05/18,,,F399010 便利商店業；ZZ99999 除許可業務外，得經營法令非禁止或限制之業務,新北市,設立,11505
61261473,好瑞工作室,新北市土城區明德路1段240巷26弄28號7樓115年05月,黃歆詒,100000,115/05/18,,,I401010 一般廣告服務業；J404010 動畫影片製作業；F399040 無店面零售業；IZ99990 其他工商服務業；J601010 藝文服務業；JZ99990 未分類其他服務業,新北市,設立,11505
61261488,甲扈工程行,新北市五股區五福路116號7樓115年05月,蔡嘉芸,200000,115/05/18,,,E599010 配管工程業；E601010 電器承裝業；E601020 電器安裝業；E603020 電梯安裝工程業；E603040 消防安全設備安裝工程業；E603050 自動控制設備工程業；E603080 交通號誌安裝工程業；E603090 照明設備安裝工程業；E604010 機械安裝業；E605010 電腦設備安裝業；E701010 電信工程業；E801010 室內裝潢業；E801020 門窗安裝工程業；E801070 廚具、衛浴設備安裝工程業；E901010 油漆工程業；EZ05010 儀器、儀表安裝工程業；EZ11010 球場跑道樹脂材料鋪設工程業；EZ14010 運動場地用設備工程業；EZ15010 保溫、保冷安裝工程業；F105050 家具、寢具、廚房器具、裝設品批發業；F106020 日常用品批發業；F106010 五金批發業；F106030 模具批發業；F106040 水器材料批發業；F107010 漆料、塗料批發業；F109070 文教、樂器、育樂用品批發業；F113010 機械批發業；F113020 電器批發業；F113030 精密儀器批發業；F113050 電腦及事務性機器設備批發業；F113070 電信器材批發業；F113090 交通標誌器材批發業；F113100 污染防治設備批發業；F116010 照相器材批發業；F117010 消防安全設備批發業；F118010 資訊軟體批發業；F119010 電子材料批發業；F205040 家具、寢具、廚房器具、裝設品零售業；F206020 日常用品零售業；F206030 模具零售業；F206040 水器材料零售業；F207010 漆料、塗料零售業；F209060 文教、樂器、育樂用品零售業；F213010 電器零售業；F213030 電腦及事務性機器設備零售業；F213040 精密儀器零售業；F213060 電信器材零售業；F213080 機械器具零售業；F213090 交通標誌器材零售業；F213100 污染防治設備零售業；F216010 照相器材零售業；F217010 消防安全設備零售業；F218010 資訊軟體零售業；F219010 電子材料零售業；F401010 國際貿易業；I301010 資訊軟體服務業；I301020 資料處理服務業；I301030 電子資訊供應服務業；I501010 產品設計業；I503010 景觀設計業；I599990 其他設計業；IF01010 消防安全設備檢修業；IZ09010 管理系統驗證業；J101050 環境檢測服務業；J101990 其他環境衛生及污染防治服務業；JA02010 電器及電子產品修理業；CA02060 金屬容器製造業；CA01050 鋼材二次加工業；CO01010 餐具製造業；CZ99990 未分類其他工業製品製造業；ZZ99999 除許可業務外，得經營法令非禁止或限制之業務,新北市,設立,11505
61261494,五好豆花店,新北市三重區長榮路5號,黃筱涵,200000,115/05/18,,,F501030 飲料店業；F203010 食品什貨、飲料零售業,新北市,設立,11505
61261500,鑫盛越式洗髮,新北市板橋區南雅南路1段93號(1、2樓),黃金鳳,160000,115/05/18,,,JZ99080 美容美髮服務業,新北市,設立,11505
61261516,辰昱娃娃屋,新北市新莊區民安西路97之1號,郭正岳,80000,115/05/21,,,F209060 文教、樂器、育樂用品零售業,新北市,設立,11505
61261522,莊家工作室,新北市新莊區民安西路229巷8弄5號4樓115年05月,黃嘉光,200000,115/05/18,,,I199990 其他顧問服務業；I401010 一般廣告服務業；I103060 管理顧問業；I501010 產品設計業；IG02010 研究發展服務業,新北市,設立,11505
61261537,炬將工程行,新北市板橋區三民路2段81巷27弄18號,徐詣斌,200000,115/05/18,,,E599010 配管工程業；E601010 電器承裝業；E601020 電器安裝業；E603010 電纜安裝工程業；E603040 消防安全設備安裝工程業；E603090 照明設備安裝工程業；E603100 電焊工程業；E603130 燃氣熱水器承裝業；E604010 機械安裝業；E801010 室內裝潢業；E801020 門窗安裝工程業；E801030 室內輕鋼架工程業；E801040 玻璃安裝工程業；E801070 廚具、衛浴設備安裝工程業；E901010 油漆工程業；E903010 防蝕、防銹工程業；EZ99990 其他工程業；F105050 家具、寢具、廚房器具、裝設品批發業；F106040 水器材料批發業；F109070 文教、樂器、育樂用品批發業；F111090 建材批發業；F113020 電器批發業；F113990 其他機械器具批發業；F117010 消防安全設備批發業；F119010 電子材料批發業；F120010 耐火材料批發業；F199010 回收物料批發業；F205040 家具、寢具、廚房器具、裝設品零售業；F206040 水器材料零售業；F211010 建材零售業；F213010 電器零售業；F217010 消防安全設備零售業；F220010 耐火材料零售業；F399040 無店面零售業；F401010 國際貿易業；JA02010 電器及電子產品修理業；JA02990 其他修理業；ZZ99999 除許可業務外，得經營法令非禁止或限制之業務,新北市,設立,11505
61261543,碧青洗衣坊,新北市三重區中正北路354號,吳碧青,200000,115/05/18,,,JA03010 洗衣業,新北市,設立,11505
61261558,老莊皮件工作室,新北市三重區文化南路63號(1樓),莊易倫,100000,115/05/18,,,F204110 布疋、衣著、鞋、帽、傘、服飾品零售業；F299990 其他零售業,新北市,設立,11505
61261564,爆富工作室,新北市板橋區漢生西路165巷101弄6之1號5樓115年05月,潘科妮,50000,115/05/18,,,J602010 演藝活動業,新北市,設立,11505
61261570,愛品昱商行,新北市汐止區仁愛路215號14樓,陳冠廷,200000,115/05/18,,,F204110 布疋、衣著、鞋、帽、傘、服飾品零售業；F205040 家具、寢具、廚房器具、裝設品零售業；F206020 日常用品零售業；F207030 清潔用品零售業；F208040 化粧品零售業；F215010 首飾及貴金屬零售業；F399040 無店面零售業；F401010 國際貿易業；ZZ99999 除許可業務外，得經營法令非禁止或限制之業務,新北市,設立,11505
61261585,坤達室內裝潢企業社,新北市鶯歌區鶯桃路455巷4弄5號(1樓),韓坤達,200000,115/05/18,,,E801010 室內裝潢業；E901010 油漆工程業；E801020 門窗安裝工程業；E601020 電器安裝業；E601010 電器承裝業；E801070 廚具、衛浴設備安裝工程業；EZ99990 其他工程業；F107010 漆料、塗料批發業；I501010 產品設計業,新北市,設立,11505
61261591,昕栗製品工作室,新北市中和區中山路2段332巷1號7樓115年05月,王凱莉,200000,115/05/18,,,F104110 布疋、衣著、鞋、帽、傘、服飾品批發業；F105050 家具、寢具、廚房器具、裝設品批發業；F106020 日常用品批發業；F204110 布疋、衣著、鞋、帽、傘、服飾品零售業；F205040 家具、寢具、廚房器具、裝設品零售業；F206020 日常用品零售業；F401010 國際貿易業；F399040 無店面零售業；C701010 印刷業；IZ06010 理貨包裝業；I401010 一般廣告服務業；I301060 網路廣告平臺業；I301030 電子資訊供應服務業；ZZ99999 除許可業務外，得經營法令非禁止或限制之業務,新北市,設立,11505
61261608,正興工程行,新北市金山區海興路95號,李正中,508000,115/05/18,,,E599010 配管工程業；F113010 機械批發業；F213080 機械器具零售業；F114030 汽、機車零件配備批發業；F214030 汽、機車零件配備零售業；F106010 五金批發業；F206010 五金零售業；F213010 電器零售業；E603110 冷作工程業；E601020 電器安裝業；EZ99990 其他工程業；E601010 電器承裝業；E603010 電纜安裝工程業；E604010 機械安裝業；E603020 電梯安裝工程業；E605010 電腦設備安裝業；IG03010 能源技術服務業；E701040 簡易電信設備安裝業；E603040 消防安全設備安裝工程業；E901010 油漆工程業；ZZ99999 除許可業務外，得經營法令非禁止或限制之業務,新北市,設立,11505
61261614,三友輪業,新北市新店區安康路2段109號(1樓),林村翰,200000,115/05/18,,,JA01010 汽車修理業；F214030 汽、機車零件配備零售業；F214050 車胎零售業；ZZ99999 除許可業務外，得經營法令非禁止或限制之業務,新北市,設立,11505
61261620,杰築工程行,新北市永和區博愛街2號11樓,陳亦婷,200000,115/05/18,,,E901010 油漆工程業；E801010 室內裝潢業；ZZ99999 除許可業務外，得經營法令非禁止或限制之業務,新北市,設立,11505
61261635,安勛企業社,新北市土城區忠承路6號3樓,崔文玉,200000,115/05/18,,,H701010 住宅及大樓開發租售業；H701020 工業廠房開發租售業；H703090 不動產買賣業；H703100 不動產租賃業；I401010 一般廣告服務業；I401020 廣告傳單分送業；J101090 廢棄物清理業；JZ99050 仲介服務業；ZZ99999 除許可業務外，得經營法令非禁止或限制之業務,新北市,設立,11505
61261641,阿鳳寵物美容坊,新北市三重區長壽街120巷22號,陳皇良,200000,115/05/18,,,JZ99180 寵物美容服務業；F206050 寵物食品及其用品零售業；ZZ99999 除許可業務外，得經營法令非禁止或限制之業務,新北市,設立,11505
61261656,艾美莉絲服飾精品店,新北市三峽區中華路9號,高苡嘉,100000,115/05/18,,,F204110 布疋、衣著、鞋、帽、傘、服飾品零售業；ZZ99999 除許可業務外，得經營法令非禁止或限制之業務,新北市,設立,11505
61261662,安安烏龍麵,新北市中和區景新街102號(1樓),余安,200000,115/05/18,,,F501060 餐館業,新北市,設立,11505
61261678,翔語小舖,新北市蘆洲區三民路26巷67號(1樓) 115年05月,張秀月,200000,115/05/18,,,F209060 文教、樂器、育樂用品零售業；F206020 日常用品零售業；F399040 無店面零售業；ZZ99999 除許可業務外，得經營法令非禁止或限制之業務,新北市,設立,11505
61261683,滿香春捲便當店,新北市汐止區樟樹二路136巷4號,鄭鴻邦,200000,115/05/18,,,F501060 餐館業；F102170 食品什貨批發業；F203010 食品什貨、飲料零售業,新北市,設立,11505
61261699,柏勲商行,新北市三重區同安街104之1號(1樓),李柏勲,200000,115/05/18,,,F501060 餐館業；F501030 飲料店業；ZZ99999 除許可業務外，得經營法令非禁止或限制之業務,新北市,設立,11505
61261706,玎庭企業社,新北市新店區央北二路403號,王書敏,200000,115/05/18,,,F102030 菸酒批發業；F102040 飲料批發業；F102050 茶葉批發業；F102170 食品什貨批發業；F203010 食品什貨、飲料零售業；F203020 菸酒零售業；F399990 其他綜合零售業；F401010 國際貿易業；F501030 飲料店業；F501060 餐館業；C106010 製粉業；C110010 飲料製造業；ZZ99999 除許可業務外，得經營法令非禁止或限制之業務,新北市,設立,11505
61261712,嘉葵實業行,新北市汐止區新台五路1段93號21樓之６,蔡玉成,150000,115/05/18,,,E901010 油漆工程業；F106010 五金批發業；F106050 陶瓷玻璃器皿批發業；F401010 國際貿易業；J101010 建築物清潔服務業；ZZ99999 除許可業務外，得經營法令非禁止或限制之業務,新北市,設立,11505
61261728,家興企業社,新北市中和區大仁街20巷25弄13號,湯家興,100000,115/05/19,,,F206010 五金零售業；F209060 文教、樂器、育樂用品零售業；F214020 機車零售業；F213010 電器零售業；F213110 電池零售業；F213060 電信器材零售業；F299990 其他零售業；F207030 清潔用品零售業；F203010 食品什貨、飲料零售業；F204110 布疋、衣著、鞋、帽、傘、服飾品零售業；F399040 無店面零售業；F205040 家具、寢具、廚房器具、裝設品零售業；F206020 日常用品零售業；F207190 塑膠膜、袋零售業；F208040 化粧品零售業；F215010 首飾及貴金屬零售業；F215020 礦石零售業,新北市,設立,11505
61261733,社交洗衣企業社,新北市三重區三信路61號(1樓),李雪綾,200000,115/05/19,,,JA03010 洗衣業；F207030 清潔用品零售業；F207990 其他化學製品零售業；ZZ99999 除許可業務外，得經營法令非禁止或限制之業務,新北市,設立,11505
61261749,福氣寵物美容工作室,新北市中和區民富街33號115年05月,鄭伃庭,200000,115/05/19,,,JZ99180 寵物美容服務業；F206050 寵物食品及其用品零售業,新北市,設立,11505
61261754,黑光工作室,新北市中和區復興路77號8樓,林代昇,10000,115/05/19,,,JZ99030 攝影業；JZ99090 喜慶綜合服務業；J404010 動畫影片製作業；J404050 電影特效製作業；F399040 無店面零售業；I199990 其他顧問服務業；I401010 一般廣告服務業；I301010 資訊軟體服務業；I301030 電子資訊供應服務業；I301020 資料處理服務業,新北市,設立,11505
61261760,鑫金德工程企業社,新北市鶯歌區鶯桃路658巷17號,林金得,200000,115/05/19,,,E801010 室內裝潢業；E801070 廚具、衛浴設備安裝工程業；E901010 油漆工程業；E599010 配管工程業；E601010 電器承裝業；I501010 產品設計業；I503010 景觀設計業；I599990 其他設計業；F105050 家具、寢具、廚房器具、裝設品批發業；F106010 五金批發業；F106040 水器材料批發業；ZZ99999 除許可業務外，得經營法令非禁止或限制之業務,新北市,設立,11505
61261776,奶寶健身工作室,新北市永和區中正路417號8樓,賀姿瑄,10000,115/05/19,,,J802010 運動訓練業；J803010 運動表演業；J803020 運動比賽業；I199990 其他顧問服務業；ZZ99999 除許可業務外，得經營法令非禁止或限制之業務,新北市,設立,11505
61261781,堅果帝國工作室,新北市板橋區大同街8巷46號5樓115年05月,陳奕霖,200000,115/05/19,,,I401010 一般廣告服務業；I401020 廣告傳單分送業；J601010 藝文服務業；F399040 無店面零售業；F204110 布疋、衣著、鞋、帽、傘、服飾品零售業；I501010 產品設計業；I502010 服飾設計業；I199990 其他顧問服務業；JZ99990 未分類其他服務業；J802010 運動訓練業；ZZ99999 除許可業務外，得經營法令非禁止或限制之業務,新北市,設立,11505
61261797,桃沐盈悅工作室,新北市泰山區泰林路2段142巷3號5樓,吳庭儀,200000,115/05/19,,,J799990 其他休閒服務業；JZ99030 攝影業；JZ99990 未分類其他服務業；I401010 一般廣告服務業；F104110 布疋、衣著、鞋、帽、傘、服飾品批發業；F105050 家具、寢具、廚房器具、裝設品批發業；F106020 日常用品批發業；F204110 布疋、衣著、鞋、帽、傘、服飾品零售業；F205040 家具、寢具、廚房器具、裝設品零售業；F206020 日常用品零售業；F208040 化粧品零售業；F299990 其他零售業；F399040 無店面零售業；F401010 國際貿易業；ZZ99999 除許可業務外，得經營法令非禁止或限制之業務,新北市,設立,11505
61261804,超夯飲食店,新北市土城區永寧路30號,陳肜熹,50000,115/05/19,,,F299990 其他零售業；F501030 飲料店業；F501990 其他餐飲業；ZZ99999 除許可業務外，得經營法令非禁止或限制之業務,新北市,設立,11505
61261810,煜域企業社,新北市板橋區華江一路592號,簡煒倫,200000,115/05/19,,,F399040 無店面零售業；ZZ99999 除許可業務外，得經營法令非禁止或限制之業務；F206020 日常用品零售業；F204110 布疋、衣著、鞋、帽、傘、服飾品零售業；F215010 首飾及貴金屬零售業；F215020 礦石零售業；F208040 化粧品零售業；F203010 食品什貨、飲料零售業；F206050 寵物食品及其用品零售業；F401010 國際貿易業；I301010 資訊軟體服務業；IZ13010 網路認證服務業,新北市,設立,11505
61261826,宸源企業社,新北市新莊區新北大道4段171號2樓,饒苡紜,240000,115/05/19,,,F399040 無店面零售業；ZZ99999 除許可業務外，得經營法令非禁止或限制之業務；F206020 日常用品零售業；F204110 布疋、衣著、鞋、帽、傘、服飾品零售業；F215010 首飾及貴金屬零售業；F215020 礦石零售業；F208040 化粧品零售業；F203010 食品什貨、飲料零售業；F206050 寵物食品及其用品零售業；F401010 國際貿易業；I301010 資訊軟體服務業；IZ13010 網路認證服務業,新北市,設立,11505
61261831,卡派市集企業社,新北市板橋區南門街15號2樓,謝美淑,100000,115/05/19,,,F209060 文教、樂器、育樂用品零售業；F299990 其他零售業；J799990 其他休閒服務業；ZZ99999 除許可業務外，得經營法令非禁止或限制之業務,新北市,設立,11505
61261847,金青食堂,新北市金山區忠孝一路82號(1樓) 115年05月,賴文正,10000,115/05/19,,,F501990 其他餐飲業；F501060 餐館業,新北市,設立,11505
61261852,承千工程行,新北市淡水區中山北路1段182巷5號2樓,羅士豪,200000,115/05/19,,,EZ99990 其他工程業；F111090 建材批發業；E801020 門窗安裝工程業；E801010 室內裝潢業；ZZ99999 除許可業務外，得經營法令非禁止或限制之業務,新北市,設立,11505
61261868,張心怡工作室,新北市汐止區樟樹一路199號8樓之2,張心怡,200000,115/05/19,,,F399040 無店面零售業,新北市,設立,11505
61261874,星悅越式養生洗髮店,新北市樹林區保安二街51號(1樓),吳篠珊,240000,115/05/19,,,JZ99080 美容美髮服務業；F208040 化粧品零售業；ZZ99999 除許可業務外，得經營法令非禁止或限制之業務,新北市,設立,11505
61261889,大船特產行,新北市淡水區公明街16號(1樓),蔡秀鳳,200000,115/05/19,,,F203010 食品什貨、飲料零售業,新北市,設立,11505
61261895,歐豆里工作室,新北市蘆洲區和平路121巷8弄34號5樓,劉鎮霆,100000,115/05/19,,,F399040 無店面零售業；ZZ99999 除許可業務外，得經營法令非禁止或限制之業務,新北市,設立,11505
61261902,菩提光療美甲工作室,新北市土城區金城路3段14號地下1樓之1,蔣璧真,200000,115/05/19,,,F208040 化粧品零售業；F215010 首飾及貴金屬零售業；F215020 礦石零售業；F299990 其他零售業；JZ99080 美容美髮服務業；ZZ99999 除許可業務外，得經營法令非禁止或限制之業務,新北市,設立,11505
61261918,益陞風管工程行,新北市三峽區文化路94巷1之4號2樓115年05月,王建民,200000,115/05/19,,,F105050 家具、寢具、廚房器具、裝設品批發業；F106010 五金批發業；F111090 建材批發業；F113010 機械批發業；F113020 電器批發業；F113050 電腦及事務性機器設備批發業；F117010 消防安全設備批發業；F205040 家具、寢具、廚房器具、裝設品零售業；F206010 五金零售業；F211010 建材零售業；F213010 電器零售業；F213030 電腦及事務性機器設備零售業；F213080 機械器具零售業；F401010 國際貿易業；I501010 產品設計業；JA02010 電器及電子產品修理業；E502010 燃料導管安裝工程業；E599010 配管工程業；E601010 電器承裝業；E601020 電器安裝業；E603010 電纜安裝工程業；E603040 消防安全設備安裝工程業；E603050 自動控制設備工程業；E603090 照明設備安裝工程業；E603100 電焊工程業；E603110 冷作工程業；E604010 機械安裝業；EZ15010 保溫、保冷安裝工程業；ZZ99999 除許可業務外，得經營法令非禁止或限制之業務,新北市,設立,11505
61261924,旺旺飲料店,新北市新店區建國路168號,林錦芳,100000,115/05/19,,,F501030 飲料店業；F203010 食品什貨、飲料零售業；F399040 無店面零售業；ZZ99999 除許可業務外，得經營法令非禁止或限制之業務,新北市,設立,11505
61261939,默馳企業社,新北市新莊區中正路603號(2樓),賴彥廷,240000,115/05/19,,,I301060 網路廣告平臺業；I401010 一般廣告服務業；IZ99990 其他工商服務業；J503040 廣播電視廣告業（原:J503041廣播電視廣告業）；F399040 無店面零售業；F401010 國際貿易業；I301010 資訊軟體服務業；I103060 管理顧問業；I301030 電子資訊供應服務業；ZZ99999 除許可業務外，得經營法令非禁止或限制之業務,新北市,設立,11505
61261945,沛穎商行,新北市淡水區北新路184巷142弄3號,黃睿穎,200000,115/05/19,,,F113070 電信器材批發業；F113110 電池批發業；F119010 電子材料批發業；F213060 電信器材零售業；F213110 電池零售業；F219010 電子材料零售業；F399040 無店面零售業；F401010 國際貿易業；IE01010 電信業務門號代辦業；ZZ99999 除許可業務外，得經營法令非禁止或限制之業務,新北市,設立,11505
61261950,昊陽行,新北市中和區華新街143巷73號2樓,朱祐成,200000,115/05/19,,,F106010 五金批發業；F106020 日常用品批發業；F113010 機械批發業；F113030 精密儀器批發業；F113050 電腦及事務性機器設備批發業；F114020 機車批發業；F114030 汽、機車零件配備批發業；F114040 自行車及其零件批發業；F114990 其他交通運輸工具及其零件批發業；F119010 電子材料批發業；F206010 五金零售業；F213030 電腦及事務性機器設備零售業；F213040 精密儀器零售業；F213990 其他機械器具零售業；F214020 機車零售業；F214030 汽、機車零件配備零售業；F214040 自行車及其零件零售業；F219010 電子材料零售業；JA02020 機車修理業；F214050 車胎零售業；F107990 其他化學製品批發業；ZZ99999 除許可業務外，得經營法令非禁止或限制之業務,新北市,設立,11505
61261966,光武街羊肉焿小吃店,新北市板橋區光武街33號,林惠雯,100000,115/05/19,,,F501060 餐館業；ZZ99999 除許可業務外，得經營法令非禁止或限制之業務,新北市,設立,11505
61261972,小刺郎魚屋,新北市鶯歌區龍七路251號115年05月,王信文,5000,115/05/19,,,F201030 水產品零售業；F501990 其他餐飲業；F203010 食品什貨、飲料零售業,新北市,設立,11505
61261987,得柔寵物沙龍,新北市新店區安和路2段205巷2號,林瓏,249999,115/05/22,,,JZ99180 寵物美容服務業；F206050 寵物食品及其用品零售業,新北市,設立,11505
61261993,慕秉諺企業社,新北市土城區福仁街18號,林正諺,100000,115/05/19,,,F204110 布疋、衣著、鞋、帽、傘、服飾品零售業；F206020 日常用品零售業；F203010 食品什貨、飲料零售業；F399040 無店面零售業；F106020 日常用品批發業；F401010 國際貿易業；ZZ99999 除許可業務外，得經營法令非禁止或限制之業務,新北市,設立,11505
61262000,葦創實業行,新北市汐止區大同路3段609號20樓之1,楊韋宣,200000,115/05/19,,,F105050 家具、寢具、廚房器具、裝設品批發業；F106010 五金批發業；F106040 水器材料批發業；F106050 陶瓷玻璃器皿批發業；F107030 清潔用品批發業；ZZ99999 除許可業務外，得經營法令非禁止或限制之業務,新北市,設立,11505
61262016,鶴雅溫泉會館,新北市烏來區溫泉街89號,王昭凡,200000,115/05/19,,,F501030 飲料店業；F501060 餐館業；J901020 一般旅館業；JZ99120 一般浴室業；ZZ99999 除許可業務外，得經營法令非禁止或限制之業務,新北市,設立,11505
61262022,健豪水電工程行,新北市三峽區中華路75巷23號,蔡健宏,200000,115/05/19,,,F206040 水器材料零售業；F211010 建材零售業；E502010 燃料導管安裝工程業；E599010 配管工程業；E601020 電器安裝業；E603010 電纜安裝工程業；E603050 自動控制設備工程業；E603090 照明設備安裝工程業；E801070 廚具、衛浴設備安裝工程業；EZ99990 其他工程業；ZZ99999 除許可業務外，得經營法令非禁止或限制之業務,新北市,設立,11505
61262037,易淪澈企業社,新北市板橋區民生路3段6號5樓之3 115年05月,易穗宇,50000,115/05/19,,,F206050 寵物食品及其用品零售業；F399040 無店面零售業；ZZ99999 除許可業務外，得經營法令非禁止或限制之業務,新北市,設立,11505
61262043,繪盛櫥櫃工程行,新北市深坑區雲鄉路67巷23號7樓,蕭勝中,200000,115/05/19,,,E801070 廚具、衛浴設備安裝工程業；E801010 室內裝潢業；F206010 五金零售業；E901010 油漆工程業；EZ99990 其他工程業；E599010 配管工程業；E603090 照明設備安裝工程業；E601020 電器安裝業；F105050 家具、寢具、廚房器具、裝設品批發業；F205040 家具、寢具、廚房器具、裝設品零售業；F106010 五金批發業；F107010 漆料、塗料批發業；E801030 室內輕鋼架工程業；E801020 門窗安裝工程業；E801040 玻璃安裝工程業；E903010 防蝕、防銹工程業；J101010 建築物清潔服務業；F399040 無店面零售業；F399990 其他綜合零售業；I503010 景觀設計業；I599990 其他設計業；F111090 建材批發業；F120010 耐火材料批發業；F106040 水器材料批發業；F113020 電器批發業；F401010 國際貿易業；ZZ99999 除許可業務外，得經營法令非禁止或限制之業務,新北市,設立,11505
61262058,小絨美學美容工作室,新北市板橋區中正路250巷2號(1樓),張錦絨,70000,115/05/19,,,JZ99080 美容美髮服務業,新北市,設立,11505
61262064,打給後小吃店,新北市三重區大智街131號（1樓）,王永昇,50000,115/05/19,,,F501060 餐館業,新北市,設立,11505
61262070,怒烤一波烤串店,新北市中和區安平路46號(1樓),何沅錞,5000,115/05/19,,,F501060 餐館業,新北市,設立,11505
61262085,仟映攝影社,新北市板橋區文化路1段188巷9弄18號2樓,王靖諺,200000,115/05/19,,,JZ99030 攝影業；ZZ99999 除許可業務外，得經營法令非禁止或限制之業務,新北市,設立,11505
61262091,蟹港海鮮料理店,新北市萬里區龜吼里漁澳64之5號115年05月,劉姿吟,200000,115/05/19,,,F201030 水產品零售業；F203010 食品什貨、飲料零售業；F203020 菸酒零售業；F399990 其他綜合零售業；F501060 餐館業,新北市,設立,11505
61262108,大口爺商行,新北市新莊區新樹路268巷39弄4號,趙恆寬,100000,115/05/19,,,F101050 水產品批發業；F101040 家畜家禽批發業；F101130 蔬果批發業；F102170 食品什貨批發業；F101990 其他農、畜、水產品批發業；F106020 日常用品批發業；F107030 清潔用品批發業；F201010 農產品零售業；F201030 水產品零售業；F201020 畜產品零售業；F201990 其他農畜水產品零售業；F203010 食品什貨、飲料零售業；F207030 清潔用品零售業；F399990 其他綜合零售業；F401010 國際貿易業；F202010 飼料零售業；F206020 日常用品零售業；ZZ99999 除許可業務外，得經營法令非禁止或限制之業務,新北市,設立,11505
61262114,東豪水電工程行,新北市中和區忠孝街26巷16之1號,游東翰,200000,115/05/20,,,E599010 配管工程業；E601020 電器安裝業；E603040 消防安全設備安裝工程業；E603090 照明設備安裝工程業；E801010 室內裝潢業；E801020 門窗安裝工程業；E801030 室內輕鋼架工程業；E801040 玻璃安裝工程業；E901010 油漆工程業；E801070 廚具、衛浴設備安裝工程業；EZ99990 其他工程業；ZZ99999 除許可業務外，得經營法令非禁止或限制之業務,新北市,設立,11505
61262120,膚室肌膚工作室,新北市板橋區縣民大道3段33巷1弄18號2樓,王芩如,100000,115/05/19,,,JZ99080 美容美髮服務業；F207030 清潔用品零售業；F208040 化粧品零售業,新北市,設立,11505
61262135,昇拆工程行,新北市中和區中山路2段332巷1號7樓,蔡昇峰,200000,115/05/20,,,J101010 建築物清潔服務業；J101030 廢棄物清除業；J101040 廢棄物處理業；J101090 廢棄物清理業；E801010 室內裝潢業；E901010 油漆工程業；EZ99990 其他工程業；ZZ99999 除許可業務外，得經營法令非禁止或限制之業務,新北市,設立,11505
61262141,恆築工程行,新北市三重區重新路5段609巷20號8樓之9,游博翔,200000,115/05/20,,,E901010 油漆工程業；EZ99990 其他工程業；ZZ99999 除許可業務外，得經營法令非禁止或限制之業務,新北市,設立,11505
61262156,金名運動館,新北市樹林區中山路1段217號3樓之2 115年05月,黃建銘,200000,115/05/19,,,J801030 競技及休閒運動場館業；J802010 運動訓練業；F204110 布疋、衣著、鞋、帽、傘、服飾品零售業；ZZ99999 除許可業務外，得經營法令非禁止或限制之業務,新北市,設立,11505
61262162,米禾居家規劃工作室,新北市鶯歌區中正一路234號(1樓),陳敬,100000,115/05/20,,,J101010 建築物清潔服務業；J101990 其他環境衛生及污染防治服務業；IZ12010 人力派遣業；IZ99990 其他工商服務業；I503010 景觀設計業；F399040 無店面零售業；ZZ99999 除許可業務外，得經營法令非禁止或限制之業務,新北市,設立,11505
61262178,宥晟安禾食業工作室,新北市蘆洲區信義路329號(1樓),王宥晟,100000,115/05/20,,,ZZ99999 除許可業務外，得經營法令非禁止或限制之業務；C104020 烘焙炊蒸食品製造業；F203010 食品什貨、飲料零售業；F399040 無店面零售業,新北市,設立,11505
61262183,郭記商行,新北市中和區連城路381之2號,郭家良,100000,115/05/20,,,F501060 餐館業；ZZ99999 除許可業務外，得經營法令非禁止或限制之業務,新北市,設立,11505
61262199,柳風時光手作甜點,新北市泰山區義學里明志路2段136巷18弄3號5樓,柳宇庭,30000,115/05/20,,,F203010 食品什貨、飲料零售業；C104020 烘焙炊蒸食品製造業；F399040 無店面零售業；F501060 餐館業；F102170 食品什貨批發業,新北市,設立,11505
61262206,乒咕美甲工作室,新北市三重區仁興街3巷46號,鍾京諭,30000,115/05/20,,,JZ99080 美容美髮服務業,新北市,設立,11505
61262212,朋朋餐飲店,新北市三峽區文化路1之2號,謝朋翰,200000,115/05/20,,,F501060 餐館業,新北市,設立,11505
61262228,紀丞商行,新北市中和區中和路183號(1樓),李雪曼,200000,115/05/20,,,CG01010 珠寶及貴金屬製品製造業；F104110 布疋、衣著、鞋、帽、傘、服飾品批發業；F105050 家具、寢具、廚房器具、裝設品批發業；F109070 文教、樂器、育樂用品批發業；F115010 首飾及貴金屬批發業；F115020 礦石批發業；F204110 布疋、衣著、鞋、帽、傘、服飾品零售業；F205040 家具、寢具、廚房器具、裝設品零售業；F209060 文教、樂器、育樂用品零售業；F215010 首飾及貴金屬零售業；F215020 礦石零售業；F399040 無店面零售業；F401010 國際貿易業；I501010 產品設計業；I599990 其他設計業；JE01010 租賃業；ZZ99999 除許可業務外，得經營法令非禁止或限制之業務,新北市,設立,11505
61262233,晨瑆企業社,新北市五股區中興路1段95巷3號(1樓),楊陳衡,200000,115/05/20,,,CA02990 其他金屬製品製造業；CB01010 機械設備製造業；CA02060 金屬容器製造業；F206010 五金零售業；F106010 五金批發業；F113010 機械批發業；ZZ99999 除許可業務外，得經營法令非禁止或限制之業務,新北市,設立,11505
61262249,億宇工作室,新北市新莊區新莊路649巷13弄18號3樓115年05月,黃仲億,70000,115/05/20,,,F204110 布疋、衣著、鞋、帽、傘、服飾品零售業；F206020 日常用品零售業；F208040 化粧品零售業；ZZ99999 除許可業務外，得經營法令非禁止或限制之業務,新北市,設立,11505
61262254,創紀車體鍍膜,新北市三重區忠孝路1段135號,施朝文,30000,115/05/20,,,F207030 清潔用品零售業；F214030 汽、機車零件配備零售業；JA01990 其他汽車服務業；ZZ99999 除許可業務外，得經營法令非禁止或限制之業務,新北市,設立,11505
61262260,幻平薇工作室,新北市中和區中原街50號2樓,黃平瑋,249000,115/05/20,,,F104110 布疋、衣著、鞋、帽、傘、服飾品批發業；F204110 布疋、衣著、鞋、帽、傘、服飾品零售業；F399040 無店面零售業；F401010 國際貿易業；I501010 產品設計業；I599990 其他設計業；ZZ99999 除許可業務外，得經營法令非禁止或限制之業務,新北市,設立,11505
61262276,左岸小吃店,新北市八里區忠孝路92號(1樓),汪美蘭,100000,115/05/20,,,F501060 餐館業,新北市,設立,11505
61262281,芸沐健身工坊,新北市永和區中正路417號8樓,蔡嘉芸,10000,115/05/20,,,J802010 運動訓練業；J803010 運動表演業；J803020 運動比賽業；I199990 其他顧問服務業；ZZ99999 除許可業務外，得經營法令非禁止或限制之業務,新北市,設立,11505
61262297,佩琪森宸髮藝,新北市板橋區懷仁街78號,蔡佩琪,50000,115/05/20,,,JZ99080 美容美髮服務業,新北市,設立,11505
61262304,長坤廚具行,新北市汐止區大同路1段279號115年05月,蕭文坤,200000,115/05/20,,,F205040 家具、寢具、廚房器具、裝設品零售業；E801070 廚具、衛浴設備安裝工程業；ZZ99999 除許可業務外，得經營法令非禁止或限制之業務,新北市,設立,11505
61262310,鎧浚鋼鋁工程行,新北市汐止區中興路280巷1號3樓,陳玉燕,200000,115/05/20,,,CA02010 金屬結構及建築組件製造業；CA01050 鋼材二次加工業；CA02990 其他金屬製品製造業；E801020 門窗安裝工程業；E801030 室內輕鋼架工程業；E801040 玻璃安裝工程業；E801070 廚具、衛浴設備安裝工程業；E901010 油漆工程業；E903010 防蝕、防銹工程業；EZ05010 儀器、儀表安裝工程業；EZ07010 鑽孔工程業；EZ14010 運動場地用設備工程業；E801010 室內裝潢業；EZ99990 其他工程業；F111090 建材批發業；F211010 建材零售業；F120010 耐火材料批發業；F220010 耐火材料零售業；F199010 回收物料批發業；F105050 家具、寢具、廚房器具、裝設品批發業；F205040 家具、寢具、廚房器具、裝設品零售業；F106010 五金批發業；F206010 五金零售業；E603100 電焊工程業；G799990 其他運輸輔助業；J101030 廢棄物清除業；J101040 廢棄物處理業；J101080 資源回收業；J101090 廢棄物清理業；JA02990 其他修理業；F107010 漆料、塗料批發業；F207010 漆料、塗料零售業；I503010 景觀設計業；J101010 建築物清潔服務業；F401010 國際貿易業；J101110 營建剩餘土石方資源處理業；ZZ99999 除許可業務外，得經營法令非禁止或限制之業務,新北市,設立,11505
61262326,米拉企業社,新北市中和區安樂路245號(1樓),梁貴安,200000,115/05/20,,,F104110 布疋、衣著、鞋、帽、傘、服飾品批發業；F204110 布疋、衣著、鞋、帽、傘、服飾品零售業；F401010 國際貿易業；F399040 無店面零售業；E801030 室內輕鋼架工程業；E801010 室內裝潢業；ZZ99999 除許可業務外，得經營法令非禁止或限制之業務,新北市,設立,11505
61262331,頂饌食坊,新北市板橋區溪北路35號(1樓),楊勝傑,200000,115/05/20,,,F203010 食品什貨、飲料零售業；F501060 餐館業；ZZ99999 除許可業務外，得經營法令非禁止或限制之業務,新北市,設立,11505
61262347,羽攸山商行,新北市新店區北新路2段92巷8號115年05月,廖俊凱,50000,115/05/20,,,F501060 餐館業；ZZ99999 除許可業務外，得經營法令非禁止或限制之業務,新北市,設立,11505
61262352,喵趣坊,新北市蘆洲區中華街50號(1樓),邵嘉榆,200000,115/05/20,,,A401060 其他動物服務業；F206050 寵物食品及其用品零售業；ZZ99999 除許可業務外，得經營法令非禁止或限制之業務；F501030 飲料店業；F501060 餐館業,新北市,設立,11505
61262368,圳鎏企業社,新北市蘆洲區長安街128號,翟振皓,200000,115/05/20,,,F501060 餐館業；F501030 飲料店業；F203010 食品什貨、飲料零售業；F203020 菸酒零售業；ZZ99999 除許可業務外，得經營法令非禁止或限制之業務,新北市,設立,11505
61262374,綠光小吃店,新北市新店區安興路127之3號,蕭憶萍,5000,115/05/20,,,F501060 餐館業,新北市,設立,11505
61262389,甘泉茶鋪,新北市鶯歌區建國路207號,鍾家澄,200000,115/05/20,,,F501030 飲料店業,新北市,設立,11505
61262395,品映行銷工作室,新北市三重區重新路3段188號2樓,蔡欣璇,50000,115/05/20,,,ZZ99999 除許可業務外，得經營法令非禁止或限制之業務；F199990 其他批發業；F299990 其他零售業；F399040 無店面零售業；I401010 一般廣告服務業；J601010 藝文服務業；J602010 演藝活動業；J604010 聲音錄製及音樂發行業；J305010 有聲出版業；I103060 管理顧問業；I199990 其他顧問服務業,新北市,設立,11505
61262402,新越都餐飲店,新北市中和區連城路383號,陳萩錂,100000,115/05/20,,,F501030 飲料店業；F501060 餐館業,新北市,設立,11505
61262418,炎炎弟弟企業社,新北市三重區仁愛街97號,李采晏,200000,115/05/20,,,I301060 網路廣告平臺業；I301030 電子資訊供應服務業；I401010 一般廣告服務業,新北市,設立,11505
61262424,萱中服裝工作室,新北市土城區青雲路295巷16弄26號3樓,蔡宗憲,200000,115/05/20,,,C306010 成衣業；C307010 服飾品製造業；C399990 其他紡織及製品製造業；F104110 布疋、衣著、鞋、帽、傘、服飾品批發業；F204110 布疋、衣著、鞋、帽、傘、服飾品零售業；F399040 無店面零售業；F401010 國際貿易業；I502010 服飾設計業；ZZ99999 除許可業務外，得經營法令非禁止或限制之業務,新北市,設立,11505
61262439,沛豬茶坊,新北市土城區裕民路243號,王沛淇,245000,115/05/20,,,F501030 飲料店業；ZZ99999 除許可業務外，得經營法令非禁止或限制之業務,新北市,設立,11505
61262445,酷騎商行,新北市蘆洲區長興路50巷26號(1樓) 115年05月,郭晉豪,240000,115/05/20,,,F214030 汽、機車零件配備零售業；F214040 自行車及其零件零售業；F114040 自行車及其零件批發業；F114030 汽、機車零件配備批發業；F206010 五金零售業；F213110 電池零售業；F214020 機車零售業；F214050 車胎零售業；ZZ99999 除許可業務外，得經營法令非禁止或限制之業務,新北市,設立,11505
61262450,妤家手工蛋糕坊,新北市蘆洲區長安街359號,許家榕,100000,115/05/20,,,F203010 食品什貨、飲料零售業；F501060 餐館業；F399040 無店面零售業；J202010 產業育成業,新北市,設立,11505
61262466,家德冰城,新北市中和區中正路246號(1樓),林志男,200000,115/05/20,,,F501030 飲料店業；F501060 餐館業；F501990 其他餐飲業；F203010 食品什貨、飲料零售業；F399040 無店面零售業；C104020 烘焙炊蒸食品製造業；C110010 飲料製造業；C199990 未分類其他食品製造業,新北市,設立,11505
61262472,佳元飲料店,新北市中和區連城路347巷4弄1號,張錦華,30000,115/05/20,,,F501030 飲料店業,新北市,設立,11505
61262487,呷尚寶寶橋早餐店,新北市新店區寶橋路31號（1樓）,王心慈,200000,115/05/20,,,F501060 餐館業,新北市,設立,11505
61262493,辰芯科技工作室,新北市三峽區學府路126號4樓,李東圜,50000,115/05/20,,,I301010 資訊軟體服務業；I301030 電子資訊供應服務業；I103060 管理顧問業；ZZ99999 除許可業務外，得經營法令非禁止或限制之業務,新北市,設立,11505
61262509,豬市如意黑豬肉品行,新北市三峽區大勇路31號,秦卉蓴,50000,115/05/21,,,F101040 家畜家禽批發業；F201010 農產品零售業；F201020 畜產品零售業；F201030 水產品零售業；F201990 其他農畜水產品零售業；F203010 食品什貨、飲料零售業；F101050 水產品批發業；F101990 其他農、畜、水產品批發業；ZZ99999 除許可業務外，得經營法令非禁止或限制之業務,新北市,設立,11505
61262515,日日春美學工作室,新北市新莊區中正路555號(2樓),黃思瑜,100000,115/05/21,,,JZ99080 美容美髮服務業；JZ99990 未分類其他服務業,新北市,設立,11505
61262521,集至商行,新北市中和區錦和路189號,温弘誌,100000,115/05/21,,,F204110 布疋、衣著、鞋、帽、傘、服飾品零售業；F206020 日常用品零售業；F203010 食品什貨、飲料零售業；F399040 無店面零售業；F106020 日常用品批發業；F401010 國際貿易業；ZZ99999 除許可業務外，得經營法令非禁止或限制之業務,新北市,設立,11505
61262536,希辰美髮店,新北市林口區竹林路46號(1樓) 115年05月,張惟捷,10000,115/05/21,,,JZ99080 美容美髮服務業；ZZ99999 除許可業務外，得經營法令非禁止或限制之業務,新北市,設立,11505
61262542,全勝科技企業社,新北市板橋區南雅西路2段145巷9號4樓,郭桂清,240000,115/05/21,,,CA02010 金屬結構及建築組件製造業；E601020 電器安裝業；E603090 照明設備安裝工程業；E603100 電焊工程業；E801010 室內裝潢業；E801020 門窗安裝工程業；E903010 防蝕、防銹工程業；E901010 油漆工程業；E599010 配管工程業；EZ99990 其他工程業；E801030 室內輕鋼架工程業；F107010 漆料、塗料批發業；F111090 建材批發業；J101010 建築物清潔服務業；ZZ99999 除許可業務外，得經營法令非禁止或限制之業務,新北市,設立,11505
61262557,泓川企業社,新北市三峽區民族街18號2樓,周昱昇,230000,115/05/21,,,F111090 建材批發業；F401010 國際貿易業；ZZ99999 除許可業務外，得經營法令非禁止或限制之業務,新北市,設立,11505
61262563,力行洪商行,新北市三重區三和路4段97之4號7樓,洪美惠,100000,115/05/21,,,F203010 食品什貨、飲料零售業；ZZ99999 除許可業務外，得經營法令非禁止或限制之業務,新北市,設立,11505
61262579,一植好工作室,新北市蘆洲區三民路26巷5號3樓,王瑜婷,10000,115/05/21,,,A102080 園藝服務業；A101020 農作物栽培業；F201070 花卉零售業；F201990 其他農畜水產品零售業；F399990 其他綜合零售業；F399040 無店面零售業；F299990 其他零售業；JZ99990 未分類其他服務業,新北市,設立,11505
61262584,三重三陽日日加商行,新北市三重區三陽路22號(1樓) 115年05月,吳思樺,100000,115/05/21,,,F204110 布疋、衣著、鞋、帽、傘、服飾品零售業；F206020 日常用品零售業；F203010 食品什貨、飲料零售業；F399040 無店面零售業；F106020 日常用品批發業；F401010 國際貿易業；ZZ99999 除許可業務外，得經營法令非禁止或限制之業務,新北市,設立,11505
61262590,鼎岳工程行,新北市土城區延吉街236巷8號,劉育瑋,200000,115/05/21,,,E801010 室內裝潢業；E601020 電器安裝業；E901010 油漆工程業；E801040 玻璃安裝工程業；E801020 門窗安裝工程業；E801030 室內輕鋼架工程業；E801070 廚具、衛浴設備安裝工程業；EZ11010 球場跑道樹脂材料鋪設工程業；EZ02010 起重工程業；F106010 五金批發業；F106040 水器材料批發業；F111090 建材批發業；F211010 建材零售業；EZ99990 其他工程業；E599010 配管工程業；E903010 防蝕、防銹工程業；F120010 耐火材料批發業；F205040 家具、寢具、廚房器具、裝設品零售業；I503010 景觀設計業；ZZ99999 除許可業務外，得經營法令非禁止或限制之業務,新北市,設立,11505
61262607,登峰空調工程行,新北市板橋區大明街25巷4弄12號3樓,王聖元,200000,115/05/21,,,F213010 電器零售業；F113020 電器批發業；E601020 電器安裝業；JA02010 電器及電子產品修理業；E599010 配管工程業；F106010 五金批發業；F206010 五金零售業；F206040 水器材料零售業；F219010 電子材料零售業；F401010 國際貿易業；F399040 無店面零售業；ZZ99999 除許可業務外，得經營法令非禁止或限制之業務,新北市,設立,11505
61262613,富志達商行,新北市中和區國光街108號,陳志達,100000,115/05/21,,,F209060 文教、樂器、育樂用品零售業；F299990 其他零售業；ZZ99999 除許可業務外，得經營法令非禁止或限制之業務,新北市,設立,11505
61262629,永笙企業社,新北市汐止區大同路3段609號20樓之1 115年05月,王文進,200000,115/05/21,,,E603040 消防安全設備安裝工程業；E605010 電腦設備安裝業；E603100 電焊工程業；ZZ99999 除許可業務外，得經營法令非禁止或限制之業務,新北市,設立,11505
61262634,胡吉工程行,新北市蘆洲區民權路82巷7弄5號2樓,林俊明,300000,115/05/21,,,E903010 防蝕、防銹工程業；EZ99990 其他工程業；E801010 室內裝潢業；E801020 門窗安裝工程業；E901010 油漆工程業；E801030 室內輕鋼架工程業；E599010 配管工程業；EZ07010 鑽孔工程業；E801070 廚具、衛浴設備安裝工程業；F106010 五金批發業；F111090 建材批發業；F206010 五金零售業；F211010 建材零售業；F107010 漆料、塗料批發業；F207010 漆料、塗料零售業；I503010 景觀設計業；J101010 建築物清潔服務業；ZZ99999 除許可業務外，得經營法令非禁止或限制之業務,新北市,設立,11505
61262640,陳瀚森三爪選物販賣機夜市分店,新北市蘆洲區得勝街64號,陳瀚森,0,115/05/21,,,F209060 文教、樂器、育樂用品零售業；F203010 食品什貨、飲料零售業,新北市,設立,11505
61262655,蘆洲陳三角公園大腸麵線,新北市蘆洲區中山二路4號(1樓),陳建財,200000,115/05/21,,,F501060 餐館業,新北市,設立,11505
61262661,緻一商行,新北市瑞芳區基山街211號,許冠崙,100000,115/05/21,,,F203010 食品什貨、飲料零售業；F206020 日常用品零售業；F203020 菸酒零售業；ZZ99999 除許可業務外，得經營法令非禁止或限制之業務,新北市,設立,11505
61262677,橘子美甲工作室,新北市林口區中北三街201號9樓,蕭韻真,200000,115/05/21,,,JZ99080 美容美髮服務業；F206020 日常用品零售業；JZ99990 未分類其他服務業；F208040 化粧品零售業；F207030 清潔用品零售業；ZZ99999 除許可業務外，得經營法令非禁止或限制之業務,新北市,設立,11505
61262682,全峻企業社,新北市八里區中山路2段207號7樓,羅小璘,200000,115/05/21,,,E801010 室內裝潢業；I503010 景觀設計業；I199990 其他顧問服務業；IZ99990 其他工商服務業；JZ99990 未分類其他服務業；ZZ99999 除許可業務外，得經營法令非禁止或限制之業務,新北市,設立,11505
61262698,龍龜慈穎美學工作室,新北市板橋區南雅南路2段78號(1樓),許恩慈,50000,115/05/21,,,JZ99080 美容美髮服務業,新北市,設立,11505
61262705,麗嬌外燴館,新北市新莊區新泰路3巷35號7樓,楊娥,80000,115/05/21,,,F501990 其他餐飲業,新北市,設立,11505
61262711,凌風上行商行,新北市新店區中央路181號(1樓) 115年05月,王韵翔,100000,115/05/21,,,F199990 其他批發業；F299990 其他零售業；F399040 無店面零售業；I401010 一般廣告服務業；ZZ99999 除許可業務外，得經營法令非禁止或限制之業務,新北市,設立,11505
61262727,八九三早午餐企業社,新北市新莊區中正路893巷1號之6(1樓),林嘉豪,200000,115/05/21,,,F203010 食品什貨、飲料零售業；F501030 飲料店業；F501060 餐館業；F501990 其他餐飲業；ZZ99999 除許可業務外，得經營法令非禁止或限制之業務,新北市,設立,11505
61262732,石見嚴選日貨商行,新北市新莊區幸福路801巷9號2樓,李硯之,200000,115/05/21,,,F203010 食品什貨、飲料零售業；F204110 布疋、衣著、鞋、帽、傘、服飾品零售業；F205040 家具、寢具、廚房器具、裝設品零售業；F206020 日常用品零售業；F207030 清潔用品零售業；F208040 化粧品零售業；F210010 鐘錶零售業；F210020 眼鏡零售業；F399040 無店面零售業,新北市,設立,11505
61262748,芋金香餐飲店,新北市汐止區仁愛路172號(1樓),游舜宇,50000,115/05/21,,,F501030 飲料店業；F501060 餐館業；F501990 其他餐飲業；ZZ99999 除許可業務外，得經營法令非禁止或限制之業務,新北市,設立,11505
61262753,森田企業社,新北市三重區龍門路280號(1樓),劉秋河,100000,115/05/21,,,JZ99080 美容美髮服務業；F208040 化粧品零售業,新北市,設立,11505
61262769,頤碩洗衣坊,新北市中和區中和路452號(1樓),趙文碩,200000,115/05/21,,,JA03010 洗衣業；F105050 家具、寢具、廚房器具、裝設品批發業；F104110 布疋、衣著、鞋、帽、傘、服飾品批發業；F107030 清潔用品批發業；F204110 布疋、衣著、鞋、帽、傘、服飾品零售業；F205040 家具、寢具、廚房器具、裝設品零售業；F206020 日常用品零售業；F207030 清潔用品零售業；F299990 其他零售業；F399990 其他綜合零售業；ZZ99999 除許可業務外，得經營法令非禁止或限制之業務,新北市,設立,11505
61262775,莊記永和豆漿店,新北市樹林區太順街45號,莊旻軒,200000,115/05/21,,,F501060 餐館業；ZZ99999 除許可業務外，得經營法令非禁止或限制之業務,新北市,設立,11505
61262780,珍珍水煎包企業社,新北市板橋區長安街226號(1樓),陳真菱,48000,115/05/21,,,F501060 餐館業；F501030 飲料店業；F501990 其他餐飲業,新北市,設立,11505
61262796,耕心禾茶鋪,新北市板橋區板新路87號(1樓),陳佳瑋,200000,115/05/21,,,F203010 食品什貨、飲料零售業；ZZ99999 除許可業務外，得經營法令非禁止或限制之業務,新北市,設立,11505
61262803,豐禾果菜行,新北市板橋區華江八路102號5樓,許庭齊,30000,115/05/21,,,F201010 農產品零售業；ZZ99999 除許可業務外，得經營法令非禁止或限制之業務,新北市,設立,11505
61262819,嗨歐克工作室,新北市中和區中山路2段332巷1號7樓,陳怡伶,100000,115/05/21,,,I401010 一般廣告服務業；J303010 雜誌（期刊）出版業；J304010 圖書出版業；J305010 有聲出版業；J602010 演藝活動業；F399040 無店面零售業；ZZ99999 除許可業務外，得經營法令非禁止或限制之業務,新北市,設立,11505
61262825,文宇報業廣告,新北市土城區學成路100號4樓115年05月,廖靜文,200000,115/05/21,,,I401010 一般廣告服務業,新北市,設立,11505
61262830,金金薛海娛樂工作室,新北市中和區建八路2號7樓,費松琳,100000,115/05/21,,,J602010 演藝活動業；J601010 藝文服務業；J404010 動畫影片製作業；J401010 電影片製作業；J402010 電影片發行業；J503020 電視節目製作業；J503030 廣播電視節目發行業；I401010 一般廣告服務業；IZ12010 人力派遣業；F203010 食品什貨、飲料零售業；F206020 日常用品零售業；F206010 五金零售業；F205040 家具、寢具、廚房器具、裝設品零售業；F204110 布疋、衣著、鞋、帽、傘、服飾品零售業；F208040 化粧品零售業；F399040 無店面零售業；JB01010 會議及展覽服務業；ZZ99999 除許可業務外，得經營法令非禁止或限制之業務；J303010 雜誌（期刊）出版業；J304010 圖書出版業；J305010 有聲出版業；J503040 廣播電視廣告業；JZ99030 攝影業；J399990 其他出版業；JE01010 租賃業；I103060 管理顧問業；IZ99990 其他工商服務業；F106020 日常用品批發業；F104110 布疋、衣著、鞋、帽、傘、服飾品批發業；F109070 文教、樂器、育樂用品批發業；F105050 家具、寢具、廚房器具、裝設品批發業；F401010 國際貿易業；J604010 聲音錄製及音樂發行業,新北市,設立,11505
61262846,慕樂饗食商行,新北市新店區中華路42巷31號3樓115年05月,陳正景,200000,115/05/21,,,F399040 無店面零售業,新北市,設立,11505
61262851,千源企業社,新北市板橋區田單街49巷1弄8號3樓,陳征喨,200000,115/05/22,,,E599010 配管工程業；E801070 廚具、衛浴設備安裝工程業；E502010 燃料導管安裝工程業；E601010 電器承裝業；E601020 電器安裝業；E603010 電纜安裝工程業；E603040 消防安全設備安裝工程業；E603050 自動控制設備工程業；E603080 交通號誌安裝工程業；E603090 照明設備安裝工程業；E603100 電焊工程業；E603130 燃氣熱水器承裝業；E607010 太陽熱能設備安裝工程業；E701010 電信工程業；E701020 衛星電視ＫＵ頻道、Ｃ頻道器材安裝業；E701030 電信管制射頻器材裝設工程業；E701040 簡易電信設備安裝業；E801010 室內裝潢業；EZ05010 儀器、儀表安裝工程業；EZ07010 鑽孔工程業；EZ15010 保溫、保冷安裝工程業；EZ99990 其他工程業；ZZ99999 除許可業務外，得經營法令非禁止或限制之業務,新北市,設立,11505
61262867,銘海數位工作室,新北市樹林區佳園路2段15巷17號4樓,陳俊宏,30000,115/05/22,,,I301010 資訊軟體服務業；I301060 網路廣告平臺業；IZ99990 其他工商服務業,新北市,設立,11505
61262873,松麟生命禮儀社,新北市板橋區雙十路2段130巷2弄41號3樓,陳芝榆,200000,115/05/22,,,F101100 花卉批發業；F106070 祭祀用品批發業；F203010 食品什貨、飲料零售業；F206060 祭祀用品零售業；I504010 花藝設計業；I599990 其他設計業；IZ12010 人力派遣業；J602010 演藝活動業；JZ99151 殯葬禮儀服務業；JZ99190 寵物生命紀念業；ZZ99999 除許可業務外，得經營法令非禁止或限制之業務,新北市,設立,11505
61262888,宇乘企業社,新北市土城區延吉街236巷3號3樓,王志誠,200000,115/05/22,,,EZ02010 起重工程業；JA01990 其他汽車服務業；G799990 其他運輸輔助業；IZ12010 人力派遣業；IZ06010 理貨包裝業；ZZ99999 除許可業務外，得經營法令非禁止或限制之業務,新北市,設立,11505
61262894,天王娛樂工作室,新北市新莊區民安西路229巷9號5樓115年05月,林冠旭,50000,115/05/22,,,I401010 一般廣告服務業；J601010 藝文服務業；ZZ99999 除許可業務外，得經營法令非禁止或限制之業務；J503040 廣播電視廣告業（原:J503041廣播電視廣告業）,新北市,設立,11505
61262901,威宇玻璃行,新北市三重區仁愛街204巷3號,蕭宇宏,240000,115/05/22,,,E801040 玻璃安裝工程業；E801020 門窗安裝工程業；E801070 廚具、衛浴設備安裝工程業；EZ99990 其他工程業；IZ12010 人力派遣業；JA02990 其他修理業；F399040 無店面零售業；F401010 國際貿易業；ZZ99999 除許可業務外，得經營法令非禁止或限制之業務,新北市,設立,11505
61262917,啓民工程,新北市蘆洲區光華路41巷20號5樓,李啓民,100000,115/05/22,,,E801010 室內裝潢業；E599010 配管工程業；E601020 電器安裝業；E603090 照明設備安裝工程業；E801020 門窗安裝工程業；E801030 室內輕鋼架工程業；E801040 玻璃安裝工程業；E801070 廚具、衛浴設備安裝工程業；E901010 油漆工程業；E903010 防蝕、防銹工程業；EZ07010 鑽孔工程業；EZ99990 其他工程業；ZZ99999 除許可業務外，得經營法令非禁止或限制之業務,新北市,設立,11505
61262923,永欣工作室,新北市中和區景安路15號12樓,劉永欣,50000,115/05/22,,,I401010 一般廣告服務業；I301060 網路廣告平臺業；I301030 電子資訊供應服務業；ZZ99999 除許可業務外，得經營法令非禁止或限制之業務,新北市,設立,11505
61262938,衣冷淨企業社,新北市中和區中山路2段332巷1號7樓,朱麟奇,240000,115/05/22,,,JA02010 電器及電子產品修理業；F213010 電器零售業,新北市,設立,11505
61262959,方匠工程行,新北市汐止區忠孝東路400號3樓115年05月,何宗霖,100000,115/05/23,,,E901010 油漆工程業；E903010 防蝕、防銹工程業；EZ99990 其他工程業；E801010 室內裝潢業；F399040 無店面零售業；ZZ99999 除許可業務外，得經營法令非禁止或限制之業務,新北市,設立,11505
61262965,鼎陽企業社,新北市板橋區成都街7號3樓,李進貴,200000,115/05/22,,,F107020 染料、顏料批發業；F107010 漆料、塗料批發業；F106030 模具批發業；F206030 模具零售業；F207010 漆料、塗料零售業；F207200 化學原料零售業；F207170 工業助劑零售業；F107170 工業助劑批發業；CA01050 鋼材二次加工業；CA04010 表面處理業；CA03010 熱處理業；E603100 電焊工程業；E903010 防蝕、防銹工程業；E604010 機械安裝業；EZ99990 其他工程業；F401010 國際貿易業；ZZ99999 除許可業務外，得經營法令非禁止或限制之業務,新北市,設立,11505
61262971,尚昊工程行,新北市樹林區中正路35巷9號3樓,陳林煌鶯,248000,115/05/22,,,E901010 油漆工程業；EZ02010 起重工程業；EZ07010 鑽孔工程業；EZ99990 其他工程業；E599010 配管工程業；E603100 電焊工程業；E604010 機械安裝業；E801010 室內裝潢業；E801020 門窗安裝工程業；F106010 五金批發業；F211010 建材零售業；F213080 機械器具零售業；F401010 國際貿易業；JE01010 租賃業；ZZ99999 除許可業務外，得經營法令非禁止或限制之業務,新北市,設立,11505
61262986,享食丼企業社,新北市鶯歌區南雅路463號,吳欣晏,5000,115/05/22,,,F501060 餐館業,新北市,設立,11505
61262992,塔塔服飾,新北市土城區廣福街24號3樓,胡硯儒,100000,115/05/22,,,F104110 布疋、衣著、鞋、帽、傘、服飾品批發業；F204110 布疋、衣著、鞋、帽、傘、服飾品零售業；F206020 日常用品零售業；F206050 寵物食品及其用品零售業；F399040 無店面零售業,新北市,設立,11505
61263009,姜記烘焙坊,新北市淡水區大忠街41巷42號,姜廷翰,100000,115/05/22,,,C104020 烘焙炊蒸食品製造業；ZZ99999 除許可業務外，得經營法令非禁止或限制之業務,新北市,設立,11505
61263015,長江娃娃屋,新北市板橋區長江路1段153號115年05月,盧國銘,200000,115/05/22,,,F209060 文教、樂器、育樂用品零售業,新北市,設立,11505
61263021,洄生所工作室,新北市中和區中山路2段332巷1號3樓,陳思吟,200000,115/05/23,,,J602010 演藝活動業；J601010 藝文服務業；JB01010 會議及展覽服務業；I103060 管理顧問業；I301010 資訊軟體服務業；I301020 資料處理服務業；I301030 電子資訊供應服務業；I401010 一般廣告服務業；I599990 其他設計業；I501010 產品設計業；I503010 景觀設計業；IZ12010 人力派遣業；F601010 智慧財產權業；F401010 國際貿易業；JE01010 租賃業；JZ99050 仲介服務業；ZZ99999 除許可業務外，得經營法令非禁止或限制之業務,新北市,設立,11505
61263036,冠雅企業社,新北市中和區立德街26巷18弄10號,王雅玲,200000,115/05/22,,,C601020 紙製造業；C601030 紙容器製造業；C601040 加工紙製造業；C701010 印刷業；C703010 印刷品裝訂及加工業；F109070 文教、樂器、育樂用品批發業；F209060 文教、樂器、育樂用品零售業；F401010 國際貿易業；ZZ99999 除許可業務外，得經營法令非禁止或限制之業務,新北市,設立,11505
61263042,文琦堆高機企業社,新北市新莊區化成路279巷3號,曾文琦,200000,115/05/22,,,EZ02010 起重工程業；ZZ99999 除許可業務外，得經營法令非禁止或限制之業務,新北市,設立,11505
61263057,赤骨牛香餐館,新北市鶯歌區福安街4號(1樓),張境晏,200000,115/05/22,,,F501060 餐館業；F501030 飲料店業；F204110 布疋、衣著、鞋、帽、傘、服飾品零售業；F203010 食品什貨、飲料零售業；ZZ99999 除許可業務外，得經營法令非禁止或限制之業務,新北市,設立,11505
61263063,一丼一食商行,新北市板橋區忠孝路145號(1樓),張寶蓮,150000,115/05/22,,,F501060 餐館業,新北市,設立,11505
61263079,松江運動工作室,新北市三重區民生東街29號(1樓),江冠嬍,100000,115/05/22,,,J802010 運動訓練業；J202010 產業育成業；J799990 其他休閒服務業；J801030 競技及休閒運動場館業；F204110 布疋、衣著、鞋、帽、傘、服飾品零售業；F104110 布疋、衣著、鞋、帽、傘、服飾品批發業；F102170 食品什貨批發業；F203010 食品什貨、飲料零售業；F399040 無店面零售業；I199990 其他顧問服務業；IZ12010 人力派遣業；ZZ99999 除許可業務外，得經營法令非禁止或限制之業務,新北市,設立,11505
61263084,棋玩串烤,新北市土城區清水路141巷1號115年05月,范閔棋,100000,115/05/22,,,F501990 其他餐飲業；F501030 飲料店業；F501060 餐館業,新北市,設立,11505
61263090,慢廚商行,新北市八里區忠四街51號,李家銘,100000,115/05/22,,,F501030 飲料店業,新北市,設立,11505
61263107,絢茗工程行,新北市三峽區國光街155號2樓,黃志豪,200000,115/05/22,,,E601020 電器安裝業；E601010 電器承裝業；E603010 電纜安裝工程業；E603090 照明設備安裝工程業；E603100 電焊工程業；E603110 冷作工程業；E603120 噴砂工程業；E605010 電腦設備安裝業；E701040 簡易電信設備安裝業；E801010 室內裝潢業；E801020 門窗安裝工程業；E801030 室內輕鋼架工程業；E801040 玻璃安裝工程業；E901010 油漆工程業；E801070 廚具、衛浴設備安裝工程業；E903010 防蝕、防銹工程業；EZ02010 起重工程業；EZ13010 核子工程業；EZ99990 其他工程業；F206010 五金零售業；F206050 寵物食品及其用品零售業；F207030 清潔用品零售業；F213030 電腦及事務性機器設備零售業；F214080 軌道車輛及其零件零售業；F219010 電子材料零售業；F399040 無店面零售業；J101090 廢棄物清理業；J101990 其他環境衛生及污染防治服務業；ZZ99999 除許可業務外，得經營法令非禁止或限制之業務,新北市,設立,11505
61263113,沐鍇企業社,新北市新店區安康路3段224號(1樓),林行儒,200000,115/05/22,,,JB01010 會議及展覽服務業；I401010 一般廣告服務業；F401010 國際貿易業,新北市,設立,11505
61263129,尚品軒生煎店,新北市永和區永利路60號,邱富源,100000,115/05/22,,,F501060 餐館業；F501030 飲料店業；F203010 食品什貨、飲料零售業；ZZ99999 除許可業務外，得經營法令非禁止或限制之業務,新北市,設立,11505
61263134,令禾商行,新北市板橋區南雅南路2段144巷24號115年05月,何承頤,150000,115/05/22,,,F501060 餐館業,新北市,設立,11505
61263140,霞軍工程行,新北市中和區景新街496巷37弄12號,孫丕霞,200000,115/05/22,,,E801010 室內裝潢業；E801020 門窗安裝工程業；E801030 室內輕鋼架工程業；E801040 玻璃安裝工程業；E801070 廚具、衛浴設備安裝工程業；E901010 油漆工程業；H701050 投資興建公共建設業；H701060 新市鎮、新社區開發業；H701070 區段徵收及市地重劃代辦業；H701090 都市更新整建維護業；H702010 建築經理業；G202010 停車場經營業；I102010 一般投資顧問業；I103060 管理顧問業；I199990 其他顧問服務業；I401010 一般廣告服務業；IZ12010 人力派遣業；F111090 建材批發業；ZZ99999 除許可業務外，得經營法令非禁止或限制之業務,新北市,設立,11505
61263155,宸彩國際商行,新北市中和區中山路2段332巷9號8樓,郭亭邑,200000,115/05/22,,,F106020 日常用品批發業；F102170 食品什貨批發業；F104110 布疋、衣著、鞋、帽、傘、服飾品批發業；F108040 化粧品批發業；F204110 布疋、衣著、鞋、帽、傘、服飾品零售業；F206020 日常用品零售業；F208040 化粧品零售業；F399040 無店面零售業；F399990 其他綜合零售業；ZZ99999 除許可業務外，得經營法令非禁止或限制之業務,新北市,設立,11505
61263161,霞斐實業社,新北市中和區忠孝街19巷44號5樓115年05月,孫丕霞,200000,115/05/22,,,H703090 不動產買賣業；H703100 不動產租賃業；H703110 老人住宅業；H701010 住宅及大樓開發租售業；H701020 工業廠房開發租售業；H701050 投資興建公共建設業；H701060 新市鎮、新社區開發業；H701070 區段徵收及市地重劃代辦業；H701090 都市更新整建維護業；H702010 建築經理業；I102010 一般投資顧問業；I103060 管理顧問業；I199990 其他顧問服務業；I401010 一般廣告服務業；I503010 景觀設計業；IZ12010 人力派遣業；IZ99990 其他工商服務業；JE01010 租賃業；JZ99050 仲介服務業；E801010 室內裝潢業；E801030 室內輕鋼架工程業；ZZ99999 除許可業務外，得經營法令非禁止或限制之業務,新北市,設立,11505
61263177,昭鉌國際實業社,新北市中和區景新街496巷37弄12號,孫丕昭,200000,115/05/22,,,H703090 不動產買賣業；H703100 不動產租賃業；H703110 老人住宅業；H701010 住宅及大樓開發租售業；H701020 工業廠房開發租售業；H701050 投資興建公共建設業；H701060 新市鎮、新社區開發業；H701070 區段徵收及市地重劃代辦業；H701090 都市更新整建維護業；H702010 建築經理業；I102010 一般投資顧問業；I103060 管理顧問業；I199990 其他顧問服務業；I401010 一般廣告服務業；I503010 景觀設計業；IZ12010 人力派遣業；IZ99990 其他工商服務業；JE01010 租賃業；JZ99050 仲介服務業；G202010 停車場經營業；E801010 室內裝潢業；E801030 室內輕鋼架工程業；E901010 油漆工程業；ZZ99999 除許可業務外，得經營法令非禁止或限制之業務,新北市,設立,11505
61263182,僑銨設計,新北市中和區忠孝街19巷44號5樓115年05月,孫丕昭,200000,115/05/22,,,E801010 室內裝潢業；E801020 門窗安裝工程業；E801030 室內輕鋼架工程業；E901010 油漆工程業；E801070 廚具、衛浴設備安裝工程業；G202010 停車場經營業；H701010 住宅及大樓開發租售業；H701020 工業廠房開發租售業；H701050 投資興建公共建設業；H701060 新市鎮、新社區開發業；H701070 區段徵收及市地重劃代辦業；H701090 都市更新整建維護業；H702010 建築經理業；H703090 不動產買賣業；H703100 不動產租賃業；H703110 老人住宅業；I102010 一般投資顧問業；I103060 管理顧問業；I199990 其他顧問服務業；I401010 一般廣告服務業；IZ12010 人力派遣業；IZ99990 其他工商服務業；ZZ99999 除許可業務外，得經營法令非禁止或限制之業務；I503010 景觀設計業,新北市,設立,11505
61263198,洲洲室內裝潢工程行,新北市中和區中山路2段332巷1號7樓,林恩樂,249000,115/05/22,,,E801010 室內裝潢業；E801020 門窗安裝工程業；E801030 室內輕鋼架工程業；E801040 玻璃安裝工程業；E801070 廚具、衛浴設備安裝工程業；E901010 油漆工程業；E903010 防蝕、防銹工程業；EZ05010 儀器、儀表安裝工程業；EZ07010 鑽孔工程業；EZ15010 保溫、保冷安裝工程業；E599010 配管工程業；E601020 電器安裝業；E603020 電梯安裝工程業；E603040 消防安全設備安裝工程業；E603050 自動控制設備工程業；E603080 交通號誌安裝工程業；E603090 照明設備安裝工程業；E603100 電焊工程業；E603130 燃氣熱水器承裝業；E604010 機械安裝業；E607010 太陽熱能設備安裝工程業；E701040 簡易電信設備安裝業；F111090 建材批發業；F210010 鐘錶零售業；F399040 無店面零售業；F401010 國際貿易業；I503010 景觀設計業；I599990 其他設計業；J101010 建築物清潔服務業；J101020 病媒防治業；J101030 廢棄物清除業；J101040 廢棄物處理業；J101080 資源回收業；JA02990 其他修理業；JE01010 租賃業；JZ99050 仲介服務業；JZ99990 未分類其他服務業；ZZ99999 除許可業務外，得經營法令非禁止或限制之業務,新北市,設立,11505
61263205,尹尹美髮院,新北市板橋區四川路1段48號,吳志華,100000,115/05/22,,,JZ99080 美容美髮服務業；ZZ99999 除許可業務外，得經營法令非禁止或限制之業務,新北市,設立,11505
61263211,拓領科技工作室,新北市板橋區重慶路60之1號3樓115年05月,廖經祐,300000,115/05/22,,,F109070 文教、樂器、育樂用品批發業；F113050 電腦及事務性機器設備批發業；F118010 資訊軟體批發業；F209060 文教、樂器、育樂用品零售業；F213030 電腦及事務性機器設備零售業；F218010 資訊軟體零售業；F399040 無店面零售業；F401010 國際貿易業；I301010 資訊軟體服務業；I301030 電子資訊供應服務業；ZZ99999 除許可業務外，得經營法令非禁止或限制之業務,新北市,設立,11505
61263227,昌鑫工程行,新北市板橋區板新路101號4樓,蘇仁杰,230000,115/05/22,,,JZ99990 未分類其他服務業；J101010 建築物清潔服務業；J101090 廢棄物清理業；F106010 五金批發業；F106020 日常用品批發業；F107030 清潔用品批發業；F203010 食品什貨、飲料零售業；F206020 日常用品零售業；F399040 無店面零售業；F399990 其他綜合零售業；EZ99990 其他工程業；E603120 噴砂工程業；E603100 電焊工程業；E801020 門窗安裝工程業；E801030 室內輕鋼架工程業；E801040 玻璃安裝工程業；E801070 廚具、衛浴設備安裝工程業；E901010 油漆工程業；E903010 防蝕、防銹工程業；EZ07010 鑽孔工程業；E801010 室內裝潢業；J101110 營建剩餘土石方資源處理業；J101990 其他環境衛生及污染防治服務業；ZZ99999 除許可業務外，得經營法令非禁止或限制之業務,新北市,設立,11505
61263232,一粒喵網路企業社,新北市板橋區合宜路41號3樓之1,蘇彥霖,200000,115/05/22,,,F218010 資訊軟體零售業；F401010 國際貿易業；F206050 寵物食品及其用品零售業；F399040 無店面零售業；ZZ99999 除許可業務外，得經營法令非禁止或限制之業務,新北市,設立,11505
61263248,俐子商行,新北市中和區景新街224之18號(1樓),陳俐婷,200000,115/05/22,,,F399040 無店面零售業,新北市,設立,11505
61263253,海饌宴會館,新北市板橋區重慶路247號2樓,趙秝蓁,200000,115/05/22,,,F501060 餐館業,新北市,設立,11505
61263269,志遠海鮮,新北市板橋區中山路2段255巷12號(1樓) 115年05月,王志遠,200000,115/05/22,,,F101050 水產品批發業；F201030 水產品零售業；F101990 其他農、畜、水產品批發業；F201990 其他農畜水產品零售業；F399040 無店面零售業；ZZ99999 除許可業務外，得經營法令非禁止或限制之業務,新北市,設立,11505
61263275,深映工作室,新北市板橋區館前東路26號3樓之2,傅楷超,50000,115/05/22,,,IZ04010 翻譯業；I301010 資訊軟體服務業；I301020 資料處理服務業；I301030 電子資訊供應服務業；J601010 藝文服務業；J602010 演藝活動業；J304010 圖書出版業；I401010 一般廣告服務業；I501010 產品設計業；I599990 其他設計業；I102010 一般投資顧問業；I103060 管理顧問業；I199990 其他顧問服務業；F401010 國際貿易業；F109070 文教、樂器、育樂用品批發業；F209060 文教、樂器、育樂用品零售業；IZ99990 其他工商服務業；ZZ99999 除許可業務外，得經營法令非禁止或限制之業務,新北市,設立,11505
61263280,魚眼睛工作室,新北市中和區中山路2段228號14樓之9,曾榆皓,100000,115/05/22,,,J601010 藝文服務業；J602010 演藝活動業；J603010 音樂展演空間業；JB01010 會議及展覽服務業；J799990 其他休閒服務業；I501010 產品設計業；I599990 其他設計業；IZ99990 其他工商服務業；I401010 一般廣告服務業；J404010 動畫影片製作業；J401010 電影片製作業；JZ99030 攝影業；J503040 廣播電視廣告業（原:J503041廣播電視廣告業）；I301020 資料處理服務業；I301030 電子資訊供應服務業；ZZ99999 除許可業務外，得經營法令非禁止或限制之業務,新北市,設立,11505
61263296,喵星製皂,新北市板橋區實踐路34號5樓,陳丹妮,100000,115/05/22,,,C802100 化粧品製造業；F208040 化粧品零售業；F399040 無店面零售業；C802090 清潔用品製造業；F207030 清潔用品零售業,新北市,設立,11505
61263303,明吉小吃,新北市新莊區中正路609號(1樓) 115年05月,鍾明吉,200000,115/05/25,,,F501060 餐館業；F501030 飲料店業,新北市,設立,11505
61263319,樺蓁工程行,新北市中和區中山路2段332巷1號7樓,羅博健,200000,115/05/22,,,J101030 廢棄物清除業；JZ99990 未分類其他服務業；E601010 電器承裝業；E599010 配管工程業；E601020 電器安裝業；E603010 電纜安裝工程業；E603110 冷作工程業；E801010 室內裝潢業；E801020 門窗安裝工程業；E801070 廚具、衛浴設備安裝工程業；E901010 油漆工程業；E903010 防蝕、防銹工程業；EZ99990 其他工程業；E801040 玻璃安裝工程業；E603100 電焊工程業；E603090 照明設備安裝工程業；EZ15010 保溫、保冷安裝工程業；ZZ99999 除許可業務外，得經營法令非禁止或限制之業務；IZ12010 人力派遣業,新北市,設立,11505
61263325,棠心聚金盛世娛樂工作室,新北市淡水區鄧公路31巷27號5樓,林思宥,200000,115/05/23,,,I102010 一般投資顧問業；I103060 管理顧問業；I301030 電子資訊供應服務業；I301060 網路廣告平臺業；I401010 一般廣告服務業；I599990 其他設計業；J202010 產業育成業；J601010 藝文服務業；J602010 演藝活動業；J603010 音樂展演空間業；JZ99030 攝影業；JZ99050 仲介服務業；JZ99990 未分類其他服務業；ZZ99999 除許可業務外，得經營法令非禁止或限制之業務,新北市,設立,11505
61263330,星界企業社,新北市汐止區福德一路250號10樓,王志能,200000,115/05/25,,,F399010 便利商店業；ZZ99999 除許可業務外，得經營法令非禁止或限制之業務,新北市,設立,11505
61263346,衣口美食工作室,新北市新店區中央路181號(1樓),羅衣婷,50000,115/05/25,,,ZZ99999 除許可業務外，得經營法令非禁止或限制之業務；I401010 一般廣告服務業；J503040 廣播電視廣告業；J503050 錄影節目帶業；F401010 國際貿易業；F399040 無店面零售業,新北市,設立,11505
61263351,稼蒼企業社,新北市三重區重新路3段188號2樓115年05月,蔡鈞庭,200000,115/05/25,,,F204110 布疋、衣著、鞋、帽、傘、服飾品零售業；F206020 日常用品零售業；F208040 化粧品零售業；F399040 無店面零售業；ZZ99999 除許可業務外，得經營法令非禁止或限制之業務,新北市,設立,11505
61263367,不打揚滑雪工作室,新北市永和區保平路236巷12弄7號5樓,羅揚,10000,115/05/25,,,J802010 運動訓練業；J799990 其他休閒服務業；F209060 文教、樂器、育樂用品零售業；F204110 布疋、衣著、鞋、帽、傘、服飾品零售業；J803010 運動表演業；J803020 運動比賽業；J801030 競技及休閒運動場館業；JE01010 租賃業；F299990 其他零售業；I501010 產品設計業；ZZ99999 除許可業務外，得經營法令非禁止或限制之業務,新北市,設立,11505
61263373,高姐滷味,新北市板橋區溪崑二街83號,高玉滿,100000,115/05/25,,,F501060 餐館業,新北市,設立,11505
61263388,鈤昌重機械企業社,新北市新店區安忠路63巷4號3樓,謝錦春,249000,115/05/25,,,F113010 機械批發業；F213990 其他機械器具零售業；F114050 車胎批發業；F214050 車胎零售業；F401010 國際貿易業；JA02990 其他修理業；JE01010 租賃業；IZ12010 人力派遣業；A102080 園藝服務業；E401010 疏濬業；E599010 配管工程業；E604010 機械安裝業；EZ02010 起重工程業；ZZ99999 除許可業務外，得經營法令非禁止或限制之業務,新北市,設立,11505
61263394,嚕嚕彌舒壓工作室,新北市鶯歌區育英街6巷23號,蔡曉双,10000,115/05/25,,,JZ99080 美容美髮服務業,新北市,設立,11505
61263401,簡儷生物科技,新北市新莊區自強街47之38號（1樓）,簡麗花,245000,115/05/25,,,IG01010 生物技術服務業；ZZ99999 除許可業務外，得經營法令非禁止或限制之業務,新北市,設立,11505
61263417,玲瓏桂美容坊,新北市三重區自強路2段59號,林桂英,200000,115/05/25,,,F208040 化粧品零售業,新北市,設立,11505
61263423,初映工作室,新北市樹林區中山路1段60號4樓,李美仁,200000,115/05/25,,,I401010 一般廣告服務業；I199990 其他顧問服務業；J601010 藝文服務業；JZ99990 未分類其他服務業；ZZ99999 除許可業務外，得經營法令非禁止或限制之業務,新北市,設立,11505
61263438,火叁設計工作室,新北市新店區安民街322巷8號3樓,黃廷峰,100000,115/05/25,,,I501010 產品設計業；I401010 一般廣告服務業；ZZ99999 除許可業務外，得經營法令非禁止或限制之業務,新北市,設立,11505
61263459,元一餐飲店,新北市三峽區大義路261號,葉春良,50000,115/05/25,,,F501060 餐館業；F501030 飲料店業；F203010 食品什貨、飲料零售業；ZZ99999 除許可業務外，得經營法令非禁止或限制之業務,新北市,設立,11505
61263465,小美安全帽騎士用品,新北市三重區重新路5段442號115年05月,曹麗瓊,200000,115/05/25,,,F204110 布疋、衣著、鞋、帽、傘、服飾品零售業；ZZ99999 除許可業務外，得經營法令非禁止或限制之業務,新北市,設立,11505
61263471,雲衍工作室,新北市新莊區福壽街94巷13弄1號5樓,陳玠雯,50000,115/05/25,,,I301010 資訊軟體服務業；I301020 資料處理服務業；I301030 電子資訊供應服務業；I401010 一般廣告服務業；ZZ99999 除許可業務外，得經營法令非禁止或限制之業務,新北市,設立,11505
61263486,豐姿美學,新北市中和區景平路151巷18號(1樓),劉曼平,50000,115/05/25,,,JZ99080 美容美髮服務業,新北市,設立,11505
61263492,萬能水電行,新北市三重區頂崁街210巷66弄2號5樓,周旻毅,200000,115/05/25,,,E599010 配管工程業；E601020 電器安裝業；E801010 室內裝潢業；E801020 門窗安裝工程業；E801030 室內輕鋼架工程業；E801070 廚具、衛浴設備安裝工程業；E901010 油漆工程業；F106040 水器材料批發業；F206040 水器材料零售業；ZZ99999 除許可業務外，得經營法令非禁止或限制之業務,新北市,設立,11505
61263508,新永達小吃店,新北市土城區廣明街87號,李建興,100000,115/05/25,,,F501060 餐館業,新北市,設立,11505
61263514,空服員的裝潢設計工程行,新北市永和區民樂街60巷2號,黃學濂,240000,115/05/25,,,E801010 室內裝潢業；E801020 門窗安裝工程業；E801030 室內輕鋼架工程業；E801040 玻璃安裝工程業；E801070 廚具、衛浴設備安裝工程業；E901010 油漆工程業；E599010 配管工程業；E601020 電器安裝業；E603090 照明設備安裝工程業；EZ99990 其他工程業；I501010 產品設計業；I503010 景觀設計業；F106010 五金批發業；F106040 水器材料批發業；F111090 建材批發業；F206010 五金零售業；F206040 水器材料零售業；F207010 漆料、塗料零售業；F211010 建材零售業；J101010 建築物清潔服務業；ZZ99999 除許可業務外，得經營法令非禁止或限制之業務,新北市,設立,11505
61263520,凍滋丼滋美食店,新北市新莊區中信街29號(1樓),徐詩涵,50000,115/05/25,,,F501060 餐館業；F501030 飲料店業,新北市,設立,11505
61263535,陞和姍科技商號,新北市汐止區水源路1段291巷13弄13號5樓115年05月,陳道陞,1,115/05/25,,,ZZ99999 除許可業務外，得經營法令非禁止或限制之業務；I103060 管理顧問業；I199990 其他顧問服務業；I301010 資訊軟體服務業；J399010 軟體出版業,新北市,設立,11505
61263541,兆麒企業社,新北市新莊區天祥街96號,謝旭珉,200000,115/05/25,,,F204110 布疋、衣著、鞋、帽、傘、服飾品零售業；F206020 日常用品零售業；F203010 食品什貨、飲料零售業；F399040 無店面零售業；F106020 日常用品批發業；F401010 國際貿易業；ZZ99999 除許可業務外，得經營法令非禁止或限制之業務,新北市,設立,11505
61263556,漫滷時光商行,新北市林口區林口路202號,鍾素秋,100000,115/05/25,,,F501990 其他餐飲業；F501060 餐館業,新北市,設立,11505
61263562,九条商行,新北市三重區中正南路149號3樓,陳安琪,5000,115/05/25,,,F399040 無店面零售業,新北市,設立,11505
61263578,奇異果喜劇娛樂工作室,新北市鶯歌區中山路329巷26弄17號8樓,陳峻弘,100000,115/05/25,,,J601010 藝文服務業；J404010 動畫影片製作業,新北市,設立,11505
61263583,澤心沐沐手工皂坊,新北市新店區中山路31巷50號,曾渝珊,50000,115/05/25,,,C802090 清潔用品製造業；C802100 化粧品製造業；F207030 清潔用品零售業；F208040 化粧品零售業；F399040 無店面零售業；ZZ99999 除許可業務外，得經營法令非禁止或限制之業務,新北市,設立,11505
61263599,春野停車場,新北市板橋區文化路1段188巷7弄1號,林美丹,50000,115/05/25,,,G202010 停車場經營業,新北市,設立,11505
61263606,浩騰機電工程行,新北市中和區景新街410巷20號3樓,廖彗彤,200000,115/05/25,,,E599010 配管工程業；E601010 電器承裝業；E601020 電器安裝業；E603010 電纜安裝工程業；E603090 照明設備安裝工程業；E603130 燃氣熱水器承裝業；E605010 電腦設備安裝業；E701040 簡易電信設備安裝業；E801010 室內裝潢業；E801070 廚具、衛浴設備安裝工程業；EZ05010 儀器、儀表安裝工程業；E903010 防蝕、防銹工程業；E801020 門窗安裝工程業；E801030 室內輕鋼架工程業；E801040 玻璃安裝工程業；F106040 水器材料批發業；F111090 建材批發業；F206040 水器材料零售業；J101010 建築物清潔服務業；J101030 廢棄物清除業；ZZ99999 除許可業務外，得經營法令非禁止或限制之業務,新北市,設立,11505
61263612,學府啾咪早餐店,新北市土城區學府路1段164巷2弄2號(1樓),王思驊,170000,115/05/25,,,F501060 餐館業,新北市,設立,11505
61263628,禾埕商行,新北市中和區連城路469巷19號115年05月,廖美惠,200000,115/05/25,,,F102170 食品什貨批發業；F203010 食品什貨、飲料零售業；F501060 餐館業；ZZ99999 除許可業務外，得經營法令非禁止或限制之業務,新北市,設立,11505
61263633,拾間居企業社,新北市三重區大仁街46號4樓,陳冠霖,100000,115/05/25,,,E801010 室內裝潢業；I503010 景觀設計業；E601020 電器安裝業；F205040 家具、寢具、廚房器具、裝設品零售業；I501010 產品設計業；J101010 建築物清潔服務業；J101030 廢棄物清除業；J101040 廢棄物處理業；I599990 其他設計業；IZ99990 其他工商服務業；I401010 一般廣告服務業；F105050 家具、寢具、廚房器具、裝設品批發業,新北市,設立,11505
61263649,海男食品行,新北市中和區中安街178巷13弄9號(1樓),陳聲愷,200000,115/05/25,,,F201030 水產品零售業；F101050 水產品批發業；F101130 蔬果批發業；F101990 其他農、畜、水產品批發業；F201010 農產品零售業；F101040 家畜家禽批發業；F203010 食品什貨、飲料零售業；F102170 食品什貨批發業；F221010 食品添加物零售業；I401010 一般廣告服務業；F399040 無店面零售業；F401010 國際貿易業；ZZ99999 除許可業務外，得經營法令非禁止或限制之業務,新北市,設立,11505
61263654,千維童裝行,新北市淡水區清水街9號,鄭雅允,60000,115/05/25,,,ZZ99999 除許可業務外，得經營法令非禁止或限制之業務；F104110 布疋、衣著、鞋、帽、傘、服飾品批發業；F204110 布疋、衣著、鞋、帽、傘、服飾品零售業；F206020 日常用品零售業,新北市,設立,11505
61263660,阮金銀工作室,新北市土城區大安路16巷8號5樓115年05月,阮金銀,200000,115/05/25,,,F204110 布疋、衣著、鞋、帽、傘、服飾品零售業；F399040 無店面零售業；F203010 食品什貨、飲料零售業；ZZ99999 除許可業務外，得經營法令非禁止或限制之業務,新北市,設立,11505
61263676,奎鑫工程行,新北市板橋區中正路25巷8號,周鴻恩,200000,115/05/25,,,E599010 配管工程業；E601020 電器安裝業；E603040 消防安全設備安裝工程業；E603090 照明設備安裝工程業；E801010 室內裝潢業；E801020 門窗安裝工程業；E801030 室內輕鋼架工程業；E801040 玻璃安裝工程業；E801070 廚具、衛浴設備安裝工程業；E901010 油漆工程業；E903010 防蝕、防銹工程業；EZ07010 鑽孔工程業；EZ11010 球場跑道樹脂材料鋪設工程業；EZ99990 其他工程業；F111090 建材批發業；F120010 耐火材料批發業；F206040 水器材料零售業；F401010 國際貿易業；I503010 景觀設計業；I599990 其他設計業；IZ12010 人力派遣業；J101010 建築物清潔服務業；J101030 廢棄物清除業；J101040 廢棄物處理業；J101090 廢棄物清理業；J101110 營建剩餘土石方資源處理業；J101120 營建混合物分類處理業；ZZ99999 除許可業務外，得經營法令非禁止或限制之業務,新北市,設立,11505
61263681,菲茉莉看護派遣,新北市土城區清水路72巷12號5樓,陳學中,3300,115/05/25,,,IZ12010 人力派遣業；JZ99990 未分類其他服務業,新北市,設立,11505
61263697,詠墨丹青工作室,新北市中和區保健路10巷23弄4號4樓,彭炫熒,100000,115/05/25,,,I401010 一般廣告服務業；I103060 管理顧問業；I301010 資訊軟體服務業；I301020 資料處理服務業；I301030 電子資訊供應服務業；J401010 電影片製作業；J503010 廣播節目製作業（原:J503011廣播節目製作業）；J399010 軟體出版業；JB01010 會議及展覽服務業；J602010 演藝活動業；F399040 無店面零售業；F401010 國際貿易業；IZ99990 其他工商服務業；ZZ99999 除許可業務外，得經營法令非禁止或限制之業務；I301060 網路廣告平臺業,新北市,設立,11505
61263704,禾承豐商行,新北市三重區三民街76號115年05月,王渝萱,100000,115/05/25,,,F203010 食品什貨、飲料零售業,新北市,設立,11505
61263710,藴癒身心靈工作室,新北市三峽區大同路240巷45弄16號8樓之1,楊韻璇,100000,115/05/26,,,ZZ99999 除許可業務外，得經營法令非禁止或限制之業務；J802010 運動訓練業；IZ99990 其他工商服務業；I199990 其他顧問服務業；I301010 資訊軟體服務業；F399040 無店面零售業,新北市,設立,11505
61263726,海畔商號,新北市石門區富基里楓林15之9號,吳亭,100000,115/05/26,,,F501030 飲料店業；F102170 食品什貨批發業；F501060 餐館業；F203010 食品什貨、飲料零售業；F205040 家具、寢具、廚房器具、裝設品零售業；J601010 藝文服務業；F399040 無店面零售業；F102040 飲料批發業；F102050 茶葉批發業；F106020 日常用品批發業；F206020 日常用品零售業；F501990 其他餐飲業；I101090 食品顧問業；I103060 管理顧問業；I199990 其他顧問服務業；I401010 一般廣告服務業；ZZ99999 除許可業務外，得經營法令非禁止或限制之業務,新北市,設立,11505
61263731,鳳鳴工程行,新北市泰山區工專路4號(2樓),白哲憲,200000,115/05/26,,,E901010 油漆工程業；E801010 室內裝潢業；E801020 門窗安裝工程業；E801030 室內輕鋼架工程業；E801070 廚具、衛浴設備安裝工程業；E801040 玻璃安裝工程業；ZZ99999 除許可業務外，得經營法令非禁止或限制之業務,新北市,設立,11505
61263747,亮明車體美學店,新北市新莊區民安西路416號115年05月,胡勝淵,200000,115/05/26,,,F114030 汽、機車零件配備批發業；F214030 汽、機車零件配備零售業；F113110 電池批發業；F213110 電池零售業；JA01010 汽車修理業；JA01990 其他汽車服務業；F112040 石油製品批發業；F212050 石油製品零售業；ZZ99999 除許可業務外，得經營法令非禁止或限制之業務,新北市,設立,11505
61263752,鴻順實業社,新北市三重區雙園街1巷11號,何姿妘,200000,115/05/26,,,E599010 配管工程業；E603010 電纜安裝工程業；E603040 消防安全設備安裝工程業；E603050 自動控制設備工程業；E603090 照明設備安裝工程業；E603100 電焊工程業；E801010 室內裝潢業；E801020 門窗安裝工程業；E801030 室內輕鋼架工程業；E801040 玻璃安裝工程業；E801070 廚具、衛浴設備安裝工程業；E901010 油漆工程業；EZ99990 其他工程業；F105050 家具、寢具、廚房器具、裝設品批發業；F106010 五金批發業；F111090 建材批發業；F113020 電器批發業；F206010 五金零售業；I503010 景觀設計業；ZZ99999 除許可業務外，得經營法令非禁止或限制之業務,新北市,設立,11505
61263768,源偉創企業社,新北市三重區永福街86號,林智偉,100000,115/05/26,,,F501030 飲料店業；F501060 餐館業；F102040 飲料批發業；F102170 食品什貨批發業；F203010 食品什貨、飲料零售業；F204110 布疋、衣著、鞋、帽、傘、服飾品零售業；F205040 家具、寢具、廚房器具、裝設品零售業；F206020 日常用品零售業；F209060 文教、樂器、育樂用品零售業；F301010 百貨公司業；F399040 無店面零售業；I103060 管理顧問業；I199990 其他顧問服務業；IZ99990 其他工商服務業；JB01010 會議及展覽服務業；JZ99990 未分類其他服務業；ZZ99999 除許可業務外，得經營法令非禁止或限制之業務,新北市,設立,11505
61263774,好勾勾無痕掛勾企業社,新北市永和區博愛街31巷2號5樓,李利福,100000,115/05/26,,,F206010 五金零售業,新北市,設立,11505
61263789,小橋工作室,新北市三重區大同北路16巷24號3樓,吳沛彤,50000,115/05/26,,,JZ99080 美容美髮服務業；ZZ99999 除許可業務外，得經營法令非禁止或限制之業務,新北市,設立,11505
61263795,青瀰企業社,新北市中和區景平路666號3樓115年05月,韓杰,200000,115/05/26,,,J303010 雜誌（期刊）出版業；J304010 圖書出版業；F109070 文教、樂器、育樂用品批發業；F209060 文教、樂器、育樂用品零售業；F399040 無店面零售業；ZZ99999 除許可業務外，得經營法令非禁止或限制之業務,新北市,設立,11505
61263802,碩葳水電工程行,新北市新莊區中正路576巷42號,黃紹庭,100000,115/05/26,,,E599010 配管工程業；E601010 電器承裝業；E601020 電器安裝業；E603020 電梯安裝工程業；E603040 消防安全設備安裝工程業；E603050 自動控制設備工程業；E603080 交通號誌安裝工程業；E603090 照明設備安裝工程業；E603130 燃氣熱水器承裝業；E604010 機械安裝業；E801010 室內裝潢業；E801070 廚具、衛浴設備安裝工程業；D401010 熱能供應業；D101060 再生能源自用發電設備業；F106040 水器材料批發業；F113020 電器批發業；F113100 污染防治設備批發業；F117010 消防安全設備批發業；F213010 電器零售業；F213100 污染防治設備零售業；F217010 消防安全設備零售業；F399040 無店面零售業；F401010 國際貿易業；I103060 管理顧問業；IB01010 建築物公共安全檢查業；IF01010 消防安全設備檢修業；H702010 建築經理業；H703100 不動產租賃業；ZZ99999 除許可業務外，得經營法令非禁止或限制之業務,新北市,設立,11505
61263818,哈娜選物商行,新北市中和區連城路477巷6弄17號115年05月,林君亭,200000,115/05/26,,,F203010 食品什貨、飲料零售業；F206020 日常用品零售業；F299990 其他零售業；F208040 化粧品零售業；F208031 醫療器材零售業；F399040 無店面零售業；F399990 其他綜合零售業,新北市,設立,11505
61263824,心礦神姨水晶商行,新北市新店區大豐路87號,高郁捷,50000,115/05/26,,,F215020 礦石零售業；F115020 礦石批發業；F215010 首飾及貴金屬零售業；F115010 首飾及貴金屬批發業；F206020 日常用品零售業；F209060 文教、樂器、育樂用品零售業；F399990 其他綜合零售業；F299990 其他零售業；F206060 祭祀用品零售業；F208040 化粧品零售業；F399040 無店面零售業；F601010 智慧財產權業；I101070 農、林、漁、畜牧顧問業；I199990 其他顧問服務業；I503010 景觀設計業；I504010 花藝設計業；I599990 其他設計業；J202010 產業育成業；JZ99080 美容美髮服務業；JZ99050 仲介服務業；A102080 園藝服務業；F101100 花卉批發業；F201070 花卉零售業；F204110 布疋、衣著、鞋、帽、傘、服飾品零售業,新北市,設立,11505
61263839,福滿溢國際洋行,新北市樹林區學成路742號6樓,姚承沛,100000,115/05/26,,,F401010 國際貿易業；F299990 其他零售業；F209060 文教、樂器、育樂用品零售業；F207190 塑膠膜、袋零售業；F206020 日常用品零售業；F205040 家具、寢具、廚房器具、裝設品零售業；F204110 布疋、衣著、鞋、帽、傘、服飾品零售業；F203010 食品什貨、飲料零售業；F399990 其他綜合零售業；F399040 無店面零售業；F210010 鐘錶零售業；F210020 眼鏡零售業,新北市,設立,11505
61263845,林盟小吃店,新北市永和區竹林路127號(1樓),鄧華軒,100000,115/05/26,,,F501060 餐館業,新北市,設立,11505
61263850,享饗小吃店,新北市汐止區汐萬路1段212號(1樓),黃志慧,200000,115/05/26,,,F501060 餐館業；F501030 飲料店業；F501990 其他餐飲業；F203010 食品什貨、飲料零售業；F203020 菸酒零售業；ZZ99999 除許可業務外，得經營法令非禁止或限制之業務,新北市,設立,11505
61263866,慶寓企業社,新北市三峽區大觀路126號2樓115年05月,簡淑玲,200000,115/05/26,,,H701010 住宅及大樓開發租售業；H703100 不動產租賃業；H702010 建築經理業；H703090 不動產買賣業；H701020 工業廠房開發租售業；F401010 國際貿易業；ZZ99999 除許可業務外，得經營法令非禁止或限制之業務,新北市,設立,11505
61263872,中翔小吃店,新北市板橋區民生路2段226巷39號(1樓),孫翊翔,50000,115/05/26,,,F501060 餐館業,新北市,設立,11505
61263887,沫禾美甲工作室,新北市板橋區華江一路385號8樓,詹禮菡,50000,115/05/26,,,JZ99080 美容美髮服務業,新北市,設立,11505
61263893,創品咖啡商行,新北市樹林區東榮街85號,莊翊萍,200000,115/05/26,,,F501030 飲料店業；F203010 食品什貨、飲料零售業；F501060 餐館業；ZZ99999 除許可業務外，得經營法令非禁止或限制之業務,新北市,設立,11505
61263900,千海棠工作室,新北市三峽區中山路257巷12號2樓,王郁喬,100000,115/05/26,,,I401010 一般廣告服務業；F401010 國際貿易業；F208040 化粧品零售業；F203010 食品什貨、飲料零售業；J304010 圖書出版業；IZ99990 其他工商服務業,新北市,設立,11505
61263916,洺晴保養解壓館,新北市中和區景平路243之1號(1樓),江敏齡,200000,115/05/26,,,JZ99080 美容美髮服務業,新北市,設立,11505
61263937,凱琳工程行,新北市中和區新生街166巷8號,鄧凱尉,240000,115/05/26,,,E801010 室內裝潢業；EZ99990 其他工程業；EZ02010 起重工程業；E801020 門窗安裝工程業；E901010 油漆工程業；E603100 電焊工程業；IZ12010 人力派遣業；F111090 建材批發業；F106010 五金批發業；F401010 國際貿易業；CA01050 鋼材二次加工業；E801030 室內輕鋼架工程業；EZ07010 鑽孔工程業；ZZ99999 除許可業務外，得經營法令非禁止或限制之業務,新北市,設立,11505
61263943,松森早午餐,新北市林口區吉祥路30號,徐艾,200000,115/05/26,,,F501060 餐館業,新北市,設立,11505
61263958,拓境工程行,新北市三重區雙園街57巷31號(1樓) 115年05月,呂曜安,100000,115/05/26,,,E801010 室內裝潢業；E801070 廚具、衛浴設備安裝工程業；F105050 家具、寢具、廚房器具、裝設品批發業；F106010 五金批發業；F111090 建材批發業；F120010 耐火材料批發業；F205040 家具、寢具、廚房器具、裝設品零售業；F206010 五金零售業；F211010 建材零售業；F220010 耐火材料零售業；F401010 國際貿易業；ZZ99999 除許可業務外，得經營法令非禁止或限制之業務；F106040 水器材料批發業；F206040 水器材料零售業；I503010 景觀設計業,新北市,設立,11505
61263964,築境工程行,新北市三重區雙園街57巷31號(1樓),陳冠宇,100000,115/05/26,,,E801010 室內裝潢業；E801070 廚具、衛浴設備安裝工程業；F105050 家具、寢具、廚房器具、裝設品批發業；F106010 五金批發業；F111090 建材批發業；F120010 耐火材料批發業；F205040 家具、寢具、廚房器具、裝設品零售業；F206010 五金零售業；F211010 建材零售業；F220010 耐火材料零售業；F401010 國際貿易業；ZZ99999 除許可業務外，得經營法令非禁止或限制之業務；F106040 水器材料批發業；F206040 水器材料零售業；I503010 景觀設計業,新北市,設立,11505
61263970,夢幻拾壹洗衣坊,新北市三峽區和平街36巷11號,陳彥廷,50000,115/05/26,,,JA03010 洗衣業,新北市,設立,11505
61263985,林記當歸鴨鴨片飯,新北市淡水區水源街1段10號(1樓),林耀榆,100000,115/05/26,,,F501060 餐館業,新北市,設立,11505
61263991,伊利商行,新北市中和區中山路2段332巷1號7樓,施胤竹,100000,115/05/26,,,F401010 國際貿易業；F201070 花卉零售業；F206010 五金零售業；F206020 日常用品零售業；F207050 肥料零售業,新北市,設立,11505
61264008,依芢工作室,新北市三重區重新路1段84號(3樓),蘇薏芢,100000,115/05/26,,,F215010 首飾及貴金屬零售業；F204110 布疋、衣著、鞋、帽、傘、服飾品零售業；F206060 祭祀用品零售業；F209060 文教、樂器、育樂用品零售業；F399040 無店面零售業；ZZ99999 除許可業務外，得經營法令非禁止或限制之業務,新北市,設立,11505
61264014,萊恩茶飲店,新北市新莊區中華路1段71號,林詩容,200000,115/05/26,,,F501030 飲料店業；ZZ99999 除許可業務外，得經營法令非禁止或限制之業務,新北市,設立,11505
61264020,七筆寫下工作室,新北市三重區頂文路23號3樓,戚菫芃,100000,115/05/26,,,I401010 一般廣告服務業；I301060 網路廣告平臺業；J303010 雜誌（期刊）出版業；J304010 圖書出版業；J305010 有聲出版業；J404010 動畫影片製作業；J503040 廣播電視廣告業（原:J503041廣播電視廣告業）；J602010 演藝活動業；J601010 藝文服務業；JZ99990 未分類其他服務業；F399040 無店面零售業；ZZ99999 除許可業務外，得經營法令非禁止或限制之業務,新北市,設立,11505
61264035,果然好喝飲料店,新北市新莊區幸福東路21號之1 115年05月,林利蓉,50000,115/05/26,,,F501030 飲料店業；F203010 食品什貨、飲料零售業,新北市,設立,11505
61264041,薯願商行,新北市深坑區平埔街5巷8號2樓,陳翰霆,100000,115/05/26,,,F203010 食品什貨、飲料零售業；F501030 飲料店業；F501060 餐館業；F399040 無店面零售業；F501990 其他餐飲業,新北市,設立,11505
61264056,序光髮藝,新北市林口區文化三路1段449號,王堃馽,200000,115/05/26,,,JZ99080 美容美髮服務業；F208040 化粧品零售業；ZZ99999 除許可業務外，得經營法令非禁止或限制之業務,新北市,設立,11505
61264062,潔米工作室,新北市三重區民生街70號(1樓),高千筑,200000,115/05/26,,,I401010 一般廣告服務業；F209060 文教、樂器、育樂用品零售業；F399040 無店面零售業；F401010 國際貿易業；J303010 雜誌（期刊）出版業；J304010 圖書出版業；J305010 有聲出版業；J399990 其他出版業；I501010 產品設計業；I599990 其他設計業；J601010 藝文服務業；J602010 演藝活動業；JZ99030 攝影業；J401010 電影片製作業；J503010 廣播節目製作業（原:J503011廣播節目製作業）；J503020 電視節目製作業（原:J503021電視節目製作業）；J503050 錄影節目帶業（原:J503051錄影節目帶業）；J503040 廣播電視廣告業（原:J503041廣播電視廣告業）；I301030 電子資訊供應服務業；JB01010 會議及展覽服務業；IZ99990 其他工商服務業；ZZ99999 除許可業務外，得經營法令非禁止或限制之業務,新北市,設立,11505
61264078,申光工程行,新北市中和區中正路716號7樓之5,徐郁萍,200000,115/05/26,,,E603090 照明設備安裝工程業；E801010 室內裝潢業；E801020 門窗安裝工程業；E801030 室內輕鋼架工程業；E801040 玻璃安裝工程業；E901010 油漆工程業；F111090 建材批發業；CA01090 鋁鑄造業；CA01100 鋁材軋延、伸線、擠型業；CA02010 金屬結構及建築組件製造業；CA02990 其他金屬製品製造業；ZZ99999 除許可業務外，得經營法令非禁止或限制之業務,新北市,設立,11505
61264083,鼎豪企業社,新北市三重區三和路1段47巷18之1號(1樓) 115年05月,傅鼎堯,200000,115/05/27,,,F201010 農產品零售業；F201020 畜產品零售業；F201030 水產品零售業；F203010 食品什貨、飲料零售業；F203020 菸酒零售業；F401010 國際貿易業；IZ06010 理貨包裝業；ZZ99999 除許可業務外，得經營法令非禁止或限制之業務,新北市,設立,11505
61264099,予元商行,新北市中和區建八路2號7樓,王予我,200000,115/05/27,,,F203010 食品什貨、飲料零售業；F501030 飲料店業；F501990 其他餐飲業；F501060 餐館業；F204110 布疋、衣著、鞋、帽、傘、服飾品零售業；F205040 家具、寢具、廚房器具、裝設品零售業；F206020 日常用品零售業；F203040 雪茄零售業；F203020 菸酒零售業；I101090 食品顧問業；I103060 管理顧問業；I199990 其他顧問服務業；ZZ99999 除許可業務外，得經營法令非禁止或限制之業務,新北市,設立,11505
61264106,沐嘉越南食堂,新北市樹林區博愛街206號,周民鋒,200000,115/05/27,,,F501060 餐館業,新北市,設立,11505
61264112,映光行銷企業社,新北市淡水區英專路79巷13號,陳令婕,100000,115/05/27,,,F199990 其他批發業；F299990 其他零售業；F399040 無店面零售業；I401010 一般廣告服務業；ZZ99999 除許可業務外，得經營法令非禁止或限制之業務；I301010 資訊軟體服務業；I301060 網路廣告平臺業；I301030 電子資訊供應服務業,新北市,設立,11505
61264128,嵐趣美甲工作室,新北市汐止區建成路58號15樓之6,康大謙,50000,115/05/27,,,JZ99080 美容美髮服務業,新北市,設立,11505
61264133,林北設計製作所,新北市板橋區忠孝路190巷15號2樓,林宗北,200000,115/05/27,,,J304010 圖書出版業；J601010 藝文服務業；I301060 網路廣告平臺業；I401010 一般廣告服務業,新北市,設立,11505
61264149,匠久美工作室,新北市板橋區中正路475號5樓,張惠欽,100000,115/05/27,,,F206020 日常用品零售業；F399040 無店面零售業,新北市,設立,11505
61264154,旺福商行,新北市土城區學府路1段45號(1樓) 115年05月,劉孟娟,200000,115/05/27,,,F102040 飲料批發業；F203010 食品什貨、飲料零售業；ZZ99999 除許可業務外，得經營法令非禁止或限制之業務,新北市,設立,11505
61264160,安舍空間美學工作室,新北市新店區中正路218號3樓,盧伯恩,200000,115/05/27,,,E801010 室內裝潢業；E603040 消防安全設備安裝工程業；E603050 自動控制設備工程業；E603090 照明設備安裝工程業；E701040 簡易電信設備安裝業；E801020 門窗安裝工程業；E801030 室內輕鋼架工程業；E801040 玻璃安裝工程業；E801070 廚具、衛浴設備安裝工程業；E901010 油漆工程業；F105050 家具、寢具、廚房器具、裝設品批發業；F106010 五金批發業；F106040 水器材料批發業；F106050 陶瓷玻璃器皿批發業；F107010 漆料、塗料批發業；F111090 建材批發業；F113020 電器批發業；F113050 電腦及事務性機器設備批發業；F113070 電信器材批發業；F117010 消防安全設備批發業；F120010 耐火材料批發業；F211010 建材零售業；F401010 國際貿易業；I503010 景觀設計業；I599990 其他設計業；J101010 建築物清潔服務業；ZZ99999 除許可業務外，得經營法令非禁止或限制之業務,新北市,設立,11505
61264176,比撒列服裝工作室,新北市樹林區大成路11號11樓,林紀樺,200000,115/05/27,,,F204110 布疋、衣著、鞋、帽、傘、服飾品零售業；F104110 布疋、衣著、鞋、帽、傘、服飾品批發業；F209060 文教、樂器、育樂用品零售業；F109070 文教、樂器、育樂用品批發業；F206010 五金零售業；I502010 服飾設計業；C307010 服飾品製造業；I501010 產品設計業；I199990 其他顧問服務業；ZZ99999 除許可業務外，得經營法令非禁止或限制之業務,新北市,設立,11505
61264181,女我美學共享工作室,新北市新莊區新莊路387巷2之1號2樓,陳家緯,100000,115/05/27,,,JZ99080 美容美髮服務業,新北市,設立,11505
61264197,天呈工程行,新北市中和區新生街190號2樓,陳淳楷,200000,115/05/27,,,EZ99990 其他工程業,新北市,設立,11505
61264204,菜莆小吃店,新北市汐止區莊敬街133號(1樓),劉哲豪,100000,115/05/27,,,F501990 其他餐飲業,新北市,設立,11505
61264210,庭州小吃店,新北市永和區中山路1段161號,翁千雅,168000,115/05/27,,,F501060 餐館業,新北市,設立,11505
61264226,汐鼎昌早午餐店,新北市汐止區福德一路101號,張國義,110000,115/05/27,,,F501060 餐館業,新北市,設立,11505
61264231,柴精工作室,新北市中和區中正路1180號地下一層115年05月,李嘉,25000,115/05/27,,,I401010 一般廣告服務業；J601010 藝文服務業；F399040 無店面零售業,新北市,設立,11505
61264247,思凡樂食商行,新北市新莊區新泰路436號,王依凡,200000,115/05/27,,,C109010 調味品製造業；C110010 飲料製造業；C199030 即食餐食製造業；F203010 食品什貨、飲料零售業；F399040 無店面零售業；F501060 餐館業；F501990 其他餐飲業；F221010 食品添加物零售業；ZZ99999 除許可業務外，得經營法令非禁止或限制之業務,新北市,設立,11505
61264252,利比多創作坊,新北市中和區景平路59之20號11樓之１,劉純男,50000,115/05/27,,,I301030 電子資訊供應服務業；I301010 資訊軟體服務業；F399040 無店面零售業,新北市,設立,11505
61264268,月影文化企業社,新北市五股區新五路2段592號7樓,王東昇,200000,115/05/27,,,J601010 藝文服務業；J602010 演藝活動業；F399040 無店面零售業；F401010 國際貿易業；I401010 一般廣告服務業；I401020 廣告傳單分送業；IZ12010 人力派遣業；ZZ99999 除許可業務外，得經營法令非禁止或限制之業務,新北市,設立,11505
61264274,半夢時光社,新北市林口區文化三路2段41巷26號,楊子慧,30000,115/05/27,,,F501030 飲料店業；F203010 食品什貨、飲料零售業,新北市,設立,11505
61264289,花嶼植工作室,新北市中和區中山路2段332巷1號7樓,吳廣梅,200000,115/05/27,,,F201070 花卉零售業；A102080 園藝服務業；F399040 無店面零售業；ZZ99999 除許可業務外，得經營法令非禁止或限制之業務,新北市,設立,11505
61264295,未來存摺工作室,新北市中和區中山路2段332巷1號7樓,翁孝宇,200000,115/05/27,,,F399040 無店面零售業；I401010 一般廣告服務業；I301030 電子資訊供應服務業；J304010 圖書出版業；ZZ99999 除許可業務外，得經營法令非禁止或限制之業務,新北市,設立,11505
61264302,串星鑫運彩行,新北市新莊區裕民街85巷16號(1樓),林柏良,50000,115/05/27,,,IZ18021 運動彩券經銷業,新北市,設立,11505
61264318,聽說麵店,新北市板橋區僑中一街98號(1樓),龔文祥,100000,115/05/27,,,F501060 餐館業；F501990 其他餐飲業,新北市,設立,11505
61264324,銘誠工程,新北市蘆洲區民權路3巷2號115年05月,曾俊銘,200000,115/05/27,,,F206010 五金零售業；F211010 建材零售業；E599010 配管工程業；E801010 室內裝潢業；E601020 電器安裝業；E603010 電纜安裝工程業；E801020 門窗安裝工程業；E801030 室內輕鋼架工程業；E801070 廚具、衛浴設備安裝工程業；E901010 油漆工程業；EZ99990 其他工程業；ZZ99999 除許可業務外，得經營法令非禁止或限制之業務；E701040 簡易電信設備安裝業；EZ07010 鑽孔工程業,新北市,設立,11505
61264339,告別詩文藝工坊,新北市板橋區大仁街109號,李宗諺,200000,115/05/27,,,F203010 食品什貨、飲料零售業；F501030 飲料店業；ZZ99999 除許可業務外，得經營法令非禁止或限制之業務,新北市,設立,11505
61264345,匯通商行,新北市三重區環河南路19號4樓之7,黃冠霖,200000,115/05/27,,,JZ99050 仲介服務業,新北市,設立,11505
61264350,蒔恩花藝工作室,新北市林口區民富街99號2樓之1,陳芷濂,200000,115/05/27,,,I504010 花藝設計業；F201070 花卉零售業；J202010 產業育成業；J601010 藝文服務業；F299990 其他零售業；F399040 無店面零售業；JZ99990 未分類其他服務業；ZZ99999 除許可業務外，得經營法令非禁止或限制之業務,新北市,設立,11505
61264366,旭曜禾國際企業社,新北市板橋區大觀路2段22巷18號4樓,阮彥傑,50000,115/05/27,,,F106020 日常用品批發業；F206020 日常用品零售業；F108040 化粧品批發業；F208040 化粧品零售業；F399040 無店面零售業；F104110 布疋、衣著、鞋、帽、傘、服飾品批發業；F204110 布疋、衣著、鞋、帽、傘、服飾品零售業；F401010 國際貿易業；F106060 寵物食品及其用品批發業；F118010 資訊軟體批發業；F203010 食品什貨、飲料零售業；F206050 寵物食品及其用品零售業；I401010 一般廣告服務業；F218010 資訊軟體零售業；I301010 資訊軟體服務業；I599990 其他設計業；ZZ99999 除許可業務外，得經營法令非禁止或限制之業務,新北市,設立,11505
61264372,金禾餐飲商行,新北市新莊區中信街85號(1樓),柯怡安,150000,115/05/27,,,F501060 餐館業,新北市,設立,11505
61264387,廷順利企業社,新北市中和區民利街100巷6弄2號,楊昆木,200000,115/05/27,,,IZ99990 其他工商服務業；IZ06010 理貨包裝業；J101010 建築物清潔服務業；J101030 廢棄物清除業；JE01010 租賃業；JZ99990 未分類其他服務業,新北市,設立,11505
61264393,哩叩工作室,新北市中和區忠孝街3之2號5樓,柯立宇,200000,115/05/27,,,F399040 無店面零售業；F203010 食品什貨、飲料零售業；F204110 布疋、衣著、鞋、帽、傘、服飾品零售業；ZZ99999 除許可業務外，得經營法令非禁止或限制之業務,新北市,設立,11505
61264400,啾哇毛孩工作室,新北市汐止區水源路2段36巷33號3樓115年05月,陳彩瑄,50000,115/05/27,,,F203010 食品什貨、飲料零售業；F204110 布疋、衣著、鞋、帽、傘、服飾品零售業；F209060 文教、樂器、育樂用品零售業；F206050 寵物食品及其用品零售業；F399040 無店面零售業；ZZ99999 除許可業務外，得經營法令非禁止或限制之業務,新北市,設立,11505
61264416,植覺學家工作室,新北市土城區延和路38號10樓,李雨涵,100000,115/05/27,,,C307010 服飾品製造業；C306010 成衣業；F215010 首飾及貴金屬零售業；F399040 無店面零售業；I501010 產品設計業；J601010 藝文服務業；J202010 產業育成業,新北市,設立,11505
61264422,一柒購商行,新北市三峽區大義路225號115年05月,楊淇淇,200000,115/05/27,,,F203010 食品什貨、飲料零售業；F206020 日常用品零售業,新北市,設立,11505
61264437,漆匠職人工坊,新北市林口區民富街99號2樓之1 115年05月,蔡幸芳,200000,115/05/27,,,E901010 油漆工程業；E599010 配管工程業；E801010 室內裝潢業；E601020 電器安裝業；E903010 防蝕、防銹工程業；J101010 建築物清潔服務業；J101090 廢棄物清理業；J101030 廢棄物清除業；J101040 廢棄物處理業；J101020 病媒防治業；J101050 環境檢測服務業；J101060 廢（污）水處理業；J101120 營建混合物分類處理業；J101070 放射性廢料處理服務業；J101110 營建剩餘土石方資源處理業；J101990 其他環境衛生及污染防治服務業；E604010 機械安裝業；EZ02010 起重工程業；E603100 電焊工程業；E603110 冷作工程業；E603120 噴砂工程業；E701010 電信工程業；EZ99990 其他工程業；E801020 門窗安裝工程業；E801040 玻璃安裝工程業；E603010 電纜安裝工程業；E603020 電梯安裝工程業；E603130 燃氣熱水器承裝業；E603050 自動控制設備工程業；E603080 交通號誌安裝工程業；E603090 照明設備安裝工程業；E603040 消防安全設備安裝工程業；E607010 太陽熱能設備安裝工程業；E701040 簡易電信設備安裝業；E801030 室內輕鋼架工程業；E801070 廚具、衛浴設備安裝工程業；F213010 電器零售業；F206010 五金零售業；F106010 五金批發業；F107030 清潔用品批發業；F207030 清潔用品零售業；F107010 漆料、塗料批發業；F107020 染料、顏料批發業；ZZ99999 除許可業務外，得經營法令非禁止或限制之業務,新北市,設立,11505
61264458,呆萌企業社,新北市鶯歌區尖山路240巷21弄1之1號6樓,陳政宏,240000,115/05/27,,,F204110 布疋、衣著、鞋、帽、傘、服飾品零售業；F205040 家具、寢具、廚房器具、裝設品零售業；F206010 五金零售業；F206020 日常用品零售業；F207030 清潔用品零售業；F208040 化粧品零售業；F208050 乙類成藥零售業；F213030 電腦及事務性機器設備零售業；F215010 首飾及貴金屬零售業；F299990 其他零售業；F399040 無店面零售業；F401010 國際貿易業；F106060 寵物食品及其用品批發業；F206050 寵物食品及其用品零售業；F107010 漆料、塗料批發業；F207010 漆料、塗料零售業；F207020 染料、顏料零售業；ZZ99999 除許可業務外，得經營法令非禁止或限制之業務,新北市,設立,11505
61264464,沃耘企業社,新北市新店區中山路126號(1樓),梁博智,200000,115/05/28,,,CH01010 體育用品製造業；F102040 飲料批發業；F102170 食品什貨批發業；F104110 布疋、衣著、鞋、帽、傘、服飾品批發業；F106020 日常用品批發業；F109070 文教、樂器、育樂用品批發業；F203010 食品什貨、飲料零售業；F204110 布疋、衣著、鞋、帽、傘、服飾品零售業；F206020 日常用品零售業；F209060 文教、樂器、育樂用品零售業；F399040 無店面零售業；F401010 國際貿易業；F501030 飲料店業；I103060 管理顧問業；I199990 其他顧問服務業；I501010 產品設計業；I502010 服飾設計業；I599990 其他設計業；J401010 電影片製作業；J801030 競技及休閒運動場館業；J802010 運動訓練業；JA02990 其他修理業；JE01010 租賃業；ZZ99999 除許可業務外，得經營法令非禁止或限制之業務；JZ99080 美容美髮服務業,新北市,設立,11505
61264470,夯飽小吃店,新北市新莊區中平路121號115年05月,林建均,30000,115/05/28,,,F501060 餐館業；F501030 飲料店業；F203010 食品什貨、飲料零售業；ZZ99999 除許可業務外，得經營法令非禁止或限制之業務,新北市,設立,11505
61264485,鈺昇企業社,新北市淡水區淡金路3段346號4樓,傅鈺雯,200000,115/05/28,,,F106010 五金批發業；F111090 建材批發業；F399040 無店面零售業；F106020 日常用品批發業；F206020 日常用品零售業；F401010 國際貿易業；ZZ99999 除許可業務外，得經營法令非禁止或限制之業務,新北市,設立,11505
61264491,拾貳餐策管理企業社,新北市中和區中山路2段332巷1號3樓,蔡威華,200000,115/05/28,,,F102030 菸酒批發業；F102040 飲料批發業；F102050 茶葉批發業；F102170 食品什貨批發業；F203020 菸酒零售業；F199990 其他批發業；F299990 其他零售業；F399040 無店面零售業；F399990 其他綜合零售業；F401010 國際貿易業；F501030 飲料店業；F501060 餐館業；F501990 其他餐飲業；I301010 資訊軟體服務業；I301020 資料處理服務業；I301030 電子資訊供應服務業；I401010 一般廣告服務業；I102010 一般投資顧問業；I103060 管理顧問業；I199990 其他顧問服務業；I501010 產品設計業；I599990 其他設計業；IZ04010 翻譯業；IZ12010 人力派遣業；IZ99990 其他工商服務業；CC01120 資料儲存媒體製造及複製業；JZ99050 仲介服務業；JZ99990 未分類其他服務業；ZZ99999 除許可業務外，得經營法令非禁止或限制之業務,新北市,設立,11505
61264507,匠新車體工藝企業社,新北市板橋區板新路38號(1樓) 115年05月,林詠誠,200000,115/05/28,,,F106010 五金批發業；F106020 日常用品批發業；F107030 清潔用品批發業；F114030 汽、機車零件配備批發業；F206010 五金零售業；F206020 日常用品零售業；F207030 清潔用品零售業；F214030 汽、機車零件配備零售業；F401010 國際貿易業；IZ12010 人力派遣業；JA01010 汽車修理業；JA01990 其他汽車服務業；ZZ99999 除許可業務外，得經營法令非禁止或限制之業務,新北市,設立,11505
61264513,汎點數位行銷工作室,新北市樹林區中正路35巷10號5樓,莊珮君,200000,115/05/28,,,I301010 資訊軟體服務業；I301030 電子資訊供應服務業；I501010 產品設計業；J601010 藝文服務業；I401010 一般廣告服務業；I199990 其他顧問服務業；IZ99990 其他工商服務業,新北市,設立,11505
61264529,福鼎匯商行,新北市土城區青雲路164號,呂姿萱,250000,115/05/28,,,F501060 餐館業；F501990 其他餐飲業,新北市,設立,11505
61264534,知宇工作室,新北市板橋區館前東路26號3樓之２,吳東曜,200000,115/05/28,,,I103060 管理顧問業；I199990 其他顧問服務業；ZZ99999 除許可業務外，得經營法令非禁止或限制之業務,新北市,設立,11505
61264540,一玥鋁門窗,新北市新店區安興路125之2號6樓,黃柏叡,100000,115/05/28,,,E801010 室內裝潢業；E801020 門窗安裝工程業；E801030 室內輕鋼架工程業；E801040 玻璃安裝工程業；E801070 廚具、衛浴設備安裝工程業；F105050 家具、寢具、廚房器具、裝設品批發業；F106010 五金批發業；F106020 日常用品批發業；F106040 水器材料批發業；F106050 陶瓷玻璃器皿批發業；F107010 漆料、塗料批發業；F117010 消防安全設備批發業；F111090 建材批發業；F120010 耐火材料批發業；F205040 家具、寢具、廚房器具、裝設品零售業；F206010 五金零售業；F206040 水器材料零售業；F207010 漆料、塗料零售業；F211010 建材零售業；F217010 消防安全設備零售業；F220010 耐火材料零售業；E603090 照明設備安裝工程業；E903010 防蝕、防銹工程業；I503010 景觀設計業；ZZ99999 除許可業務外，得經營法令非禁止或限制之業務,新北市,設立,11505
61264555,順憶工程行,新北市中和區秀峰街103巷8弄14號4樓115年05月,王振緯,200000,115/05/28,,,F111090 建材批發業；F211010 建材零售業；E801010 室內裝潢業；EZ99990 其他工程業；E801020 門窗安裝工程業；E801030 室內輕鋼架工程業；E801040 玻璃安裝工程業；E801070 廚具、衛浴設備安裝工程業；I503010 景觀設計業；ZZ99999 除許可業務外，得經營法令非禁止或限制之業務,新北市,設立,11505
61264561,扭一朵甜坊,新北市中和區中興街180巷51弄6號4樓,許惠茹,100000,115/05/28,,,ZZ99999 除許可業務外，得經營法令非禁止或限制之業務；JZ99990 未分類其他服務業；F299990 其他零售業；F209060 文教、樂器、育樂用品零售業；F203010 食品什貨、飲料零售業,新北市,設立,11505
61264577,豐達蔬果菜行,新北市鶯歌區中正一路234號(1樓),詹名揚,200000,115/05/28,,,F201010 農產品零售業；F101130 蔬果批發業；F201030 水產品零售業；F101050 水產品批發業；F201990 其他農畜水產品零售業；F101990 其他農、畜、水產品批發業；F203010 食品什貨、飲料零售業；F102170 食品什貨批發業；F401010 國際貿易業；ZZ99999 除許可業務外，得經營法令非禁止或限制之業務,新北市,設立,11505
61264582,極味企業社,新北市中和區連城路495號,劉宇哲,100000,115/05/28,,,F501060 餐館業；F204110 布疋、衣著、鞋、帽、傘、服飾品零售業,新北市,設立,11505
61264598,光菲金禾商行,新北市中和區中山路736號14樓之3,陳亞菲,150000,115/05/28,,,F104110 布疋、衣著、鞋、帽、傘、服飾品批發業；F106020 日常用品批發業；F107030 清潔用品批發業；F108040 化粧品批發業；F204110 布疋、衣著、鞋、帽、傘、服飾品零售業；F206020 日常用品零售業；F207030 清潔用品零售業；F208040 化粧品零售業；F399040 無店面零售業；F401010 國際貿易業；ZZ99999 除許可業務外，得經營法令非禁止或限制之業務,新北市,設立,11505
61264605,認真好好買商行,新北市板橋區成都街49巷3號6樓115年05月,蔡宜樺,230000,115/05/28,,,F106020 日常用品批發業；F206020 日常用品零售業；F109070 文教、樂器、育樂用品批發業；F209060 文教、樂器、育樂用品零售業；F399040 無店面零售業；F399990 其他綜合零售業；F401010 國際貿易業；ZZ99999 除許可業務外，得經營法令非禁止或限制之業務,新北市,設立,11505
61264611,蕭德媒體工作室,新北市深坑區松柏街41號7樓,張秀婷,20000,115/05/28,,,J404010 動畫影片製作業；JZ99030 攝影業；I103060 管理顧問業；I199990 其他顧問服務業；I301010 資訊軟體服務業；I301020 資料處理服務業；I301030 電子資訊供應服務業；I401010 一般廣告服務業；I301060 網路廣告平臺業；I501010 產品設計業；I599990 其他設計業；IZ12010 人力派遣業；J202010 產業育成業；J399010 軟體出版業；J401010 電影片製作業；J503010 廣播節目製作業（原:J503011廣播節目製作業）；J503020 電視節目製作業（原:J503021電視節目製作業）；J503030 廣播電視節目發行業（原:J503031廣播電視節目發行業）；J503040 廣播電視廣告業（原:J503041廣播電視廣告業）；J601010 藝文服務業；J602010 演藝活動業；JZ99050 仲介服務業；ZZ99999 除許可業務外，得經營法令非禁止或限制之業務,新北市,設立,11505
61264627,貓來了心寵兒貓舍,新北市板橋區翠華街4巷7及9號(1樓),林沛希,80000,115/05/28,,,A401031 特定寵物服務業；F101111 特定寵物批發業；F201081 特定寵物零售業；ZZ99999 除許可業務外，得經營法令非禁止或限制之業務,新北市,設立,11505
61264632,黃軒亞個人工作室,新北市新店區檳榔路5巷6號2樓,黃軒亞,10000,115/05/28,,,F399040 無店面零售業,新北市,設立,11505
61264648,芳紜炸雞,新北市新莊區西盛街396號(1樓),鄭芳紜,100000,115/05/28,,,F501990 其他餐飲業；F501030 飲料店業；F203010 食品什貨、飲料零售業；ZZ99999 除許可業務外，得經營法令非禁止或限制之業務,新北市,設立,11505
61264653,柴韻人文茶器工坊,新北市林口區文化二路1段20巷33號7樓,林再興,100000,115/05/28,,,F105050 家具、寢具、廚房器具、裝設品批發業；F106050 陶瓷玻璃器皿批發業；F205040 家具、寢具、廚房器具、裝設品零售業；F401010 國際貿易業；ZZ99999 除許可業務外，得經營法令非禁止或限制之業務,新北市,設立,11505
61264669,兔兔工作室,新北市土城區廣明街41巷2弄36號,阮氏寶簪,80000,115/05/28,,,F207010 漆料、塗料零售業；F207020 染料、顏料零售業；F208040 化粧品零售業；JZ99080 美容美髮服務業,新北市,設立,11505
61264675,喫飽鐵板沙克飯商行,新北市五股區民義路1段18號(1樓),俞宸恩,100000,115/05/28,,,F501060 餐館業,新北市,設立,11505
61264680,利生路面機械行,新北市板橋區吳鳳路50巷42弄20號(2樓),倪英裕,200000,115/05/28,,,F213080 機械器具零售業；JE01010 租賃業；EZ02010 起重工程業；ZZ99999 除許可業務外，得經營法令非禁止或限制之業務,新北市,設立,11505
61264696,沐序美甲工作室,新北市永和區中正路746號12樓115年05月,楊孟華,200000,115/05/28,,,JZ99080 美容美髮服務業,新北市,設立,11505
61264703,樂享小吃店,新北市板橋區松柏街２９號,黃志緯,100000,115/05/28,,,F501990 其他餐飲業；F501060 餐館業,新北市,設立,11505
61264719,可比工作室,新北市樹林區光榮街39號7樓,許議方,150000,115/05/28,,,J601010 藝文服務業；J602010 演藝活動業；F399040 無店面零售業；I301060 網路廣告平臺業,新北市,設立,11505
61264725,賓果食研所,新北市新店區民權路153號4樓,王仲茵,240000,115/05/28,,,F501030 飲料店業；F203010 食品什貨、飲料零售業；ZZ99999 除許可業務外，得經營法令非禁止或限制之業務,新北市,設立,11505
61264730,鈞寶生活館,新北市新莊區中正路352號115年05月,蔡佩燕,200000,115/05/28,,,F203010 食品什貨、飲料零售業；F209060 文教、樂器、育樂用品零售業；JE01010 租賃業；ZZ99999 除許可業務外，得經營法令非禁止或限制之業務,新北市,設立,11505
61264746,新和家飾工程行,新北市中和區忠孝街26巷16之1號,蔡鴻樟,200000,115/05/28,,,E801020 門窗安裝工程業；E801010 室內裝潢業；E801040 玻璃安裝工程業；F111090 建材批發業；F211010 建材零售業；E903010 防蝕、防銹工程業；EZ02010 起重工程業；EZ05010 儀器、儀表安裝工程業；EZ07010 鑽孔工程業；J101010 建築物清潔服務業；J101040 廢棄物處理業；J101080 資源回收業；J101090 廢棄物清理業；IZ12010 人力派遣業；E599010 配管工程業；E603090 照明設備安裝工程業；E603040 消防安全設備安裝工程業；E801030 室內輕鋼架工程業；EZ99990 其他工程業；E601020 電器安裝業；E901010 油漆工程業；EZ11010 球場跑道樹脂材料鋪設工程業；JA02990 其他修理業；F106040 水器材料批發業；F119010 電子材料批發業；F106010 五金批發業；F116010 照相器材批發業；F113070 電信器材批發業；F113020 電器批發業；F106020 日常用品批發業；F206020 日常用品零售業；F107030 清潔用品批發業；F207030 清潔用品零售業；F203010 食品什貨、飲料零售業；F102170 食品什貨批發業；F105050 家具、寢具、廚房器具、裝設品批發業；F205040 家具、寢具、廚房器具、裝設品零售業；F401010 國際貿易業；ZZ99999 除許可業務外，得經營法令非禁止或限制之業務,新北市,設立,11505
61264751,黃瑪姬個人工作室,新北市蘆洲區永樂街38巷45弄6號4樓,黃淑華,50000,115/05/28,,,F399040 無店面零售業；JZ99990 未分類其他服務業；ZZ99999 除許可業務外，得經營法令非禁止或限制之業務,新北市,設立,11505
61264767,心美潔顏企業社,新北市三重區正義北路123號（1樓）,徐百誼,200000,115/05/28,,,JZ99080 美容美髮服務業；ZZ99999 除許可業務外，得經營法令非禁止或限制之業務,新北市,設立,11505
61264773,點餐請進生活工坊,新北市板橋區中正路429號(1樓),廖畹玉,80000,115/05/28,,,F501060 餐館業；F206020 日常用品零售業；F206010 五金零售業；ZZ99999 除許可業務外，得經營法令非禁止或限制之業務,新北市,設立,11505
61264788,興福餃商行,新北市土城區金城路三段73巷9弄8號(1樓) 115年05月,呂紹興,200000,115/05/28,,,F203010 食品什貨、飲料零售業；F399040 無店面零售業；ZZ99999 除許可業務外，得經營法令非禁止或限制之業務,新北市,設立,11505
61264794,宥羽運動球館,新北市三重區中興北街38巷8號,陳哲堉,210000,115/05/29,,,I103060 管理顧問業；I199990 其他顧問服務業；IZ12010 人力派遣業；J202010 產業育成業；J601010 藝文服務業；J602010 演藝活動業；J603010 音樂展演空間業；J801030 競技及休閒運動場館業；J802010 運動訓練業；J803010 運動表演業；J803020 運動比賽業；JB01010 會議及展覽服務業；JE01010 租賃業；JZ99050 仲介服務業；F109070 文教、樂器、育樂用品批發業；F209060 文教、樂器、育樂用品零售業；F203010 食品什貨、飲料零售業；ZZ99999 除許可業務外，得經營法令非禁止或限制之業務,新北市,設立,11505
61264801,佳事達工程行,新北市汐止區東勢街201巷179號,黃邦幃,50000,115/05/29,,,EZ06010 交通標示工程業；IZ99990 其他工商服務業；F217010 消防安全設備零售業；ZZ99999 除許可業務外，得經營法令非禁止或限制之業務,新北市,設立,11505
61264817,宏鼎工程行,新北市永和區保福路2段129號2樓,江憶慈,200000,115/05/29,,,E801010 室內裝潢業；E801020 門窗安裝工程業；E801030 室內輕鋼架工程業；E801070 廚具、衛浴設備安裝工程業；E603090 照明設備安裝工程業；E901010 油漆工程業；E903010 防蝕、防銹工程業；I503010 景觀設計業；EZ99990 其他工程業；ZZ99999 除許可業務外，得經營法令非禁止或限制之業務,新北市,設立,11505
61264823,若水企業社,新北市新莊區四維路223號,黃若婕,200000,115/05/29,,,F199990 其他批發業；F299990 其他零售業；F399040 無店面零售業；I401010 一般廣告服務業；ZZ99999 除許可業務外，得經營法令非禁止或限制之業務,新北市,設立,11505
61264838,無用工作室,新北市板橋區民生路1段55號5樓之1,黃卓皓,200000,115/05/29,,,F203010 食品什貨、飲料零售業；F501060 餐館業；ZZ99999 除許可業務外，得經營法令非禁止或限制之業務,新北市,設立,11505
61264859,昶源金屬工程,新北市土城區中央路4段27巷10弄3號4樓115年05月,陳明瑋,200000,115/05/29,,,E801010 室內裝潢業；E801020 門窗安裝工程業；E801030 室內輕鋼架工程業；E599010 配管工程業；A102080 園藝服務業；F106010 五金批發業；F111090 建材批發業；IZ12010 人力派遣業；J101010 建築物清潔服務業；J101030 廢棄物清除業；ZZ99999 除許可業務外，得經營法令非禁止或限制之業務,新北市,設立,11505
61264865,騰鋐商行,新北市中和區景新街496巷37弄12號,孫丕南,200000,115/05/29,,,E801010 室內裝潢業；E801020 門窗安裝工程業；E801030 室內輕鋼架工程業；E801040 玻璃安裝工程業；E801070 廚具、衛浴設備安裝工程業；E901010 油漆工程業；H701050 投資興建公共建設業；H701060 新市鎮、新社區開發業；H701070 區段徵收及市地重劃代辦業；H701090 都市更新整建維護業；H702010 建築經理業；I102010 一般投資顧問業；I103060 管理顧問業；I199990 其他顧問服務業；I401010 一般廣告服務業；IZ12010 人力派遣業；F111090 建材批發業；ZZ99999 除許可業務外，得經營法令非禁止或限制之業務,新北市,設立,11505
61264871,阿瑪迪斯人工智能工作室,新北市新店區松林路30之7號6樓,劉竹康,100000,115/05/29,,,I301010 資訊軟體服務業；I301030 電子資訊供應服務業；I501010 產品設計業；J399010 軟體出版業；J202010 產業育成業；J304010 圖書出版業；J401010 電影片製作業；F399040 無店面零售業,新北市,設立,11505
61264886,富邑餐飲,新北市林口區文化二路1段30號,劉翊凡,100000,115/05/29,,,F203010 食品什貨、飲料零售業；F501060 餐館業；F204110 布疋、衣著、鞋、帽、傘、服飾品零售業；F203030 酒精零售業,新北市,設立,11505
61264892,福緣企業社,新北市永和區永和路1段27號,黎氏信,200000,115/05/29,,,F203010 食品什貨、飲料零售業；F501060 餐館業；F399040 無店面零售業,新北市,設立,11505
61264909,陳龍茗茶企業社,新北市樹林區俊英街81巷12之1號,王依惠,100000,115/05/29,,,F102050 茶葉批發業；ZZ99999 除許可業務外，得經營法令非禁止或限制之業務,新北市,設立,11505
61264915,興益水電工程行,新北市新莊區民本街27巷17號,江建興,249800,115/05/29,,,E599010 配管工程業；E601020 電器安裝業；E603010 電纜安裝工程業；E603090 照明設備安裝工程業；E801010 室內裝潢業；E801020 門窗安裝工程業；E801030 室內輕鋼架工程業；E801040 玻璃安裝工程業；E801070 廚具、衛浴設備安裝工程業；E901010 油漆工程業；I503010 景觀設計業；ZZ99999 除許可業務外，得經營法令非禁止或限制之業務,新北市,設立,11505
61264921,禾吉屋企業社,新北市板橋區陽明街23巷6弄15號115年05月,陸禹綸,50000,115/05/29,,,F501060 餐館業,新北市,設立,11505
61264936,泰迪時間工作室,新北市三重區重新路3段188號2樓,陳韋慈,200000,115/05/29,,,I501010 產品設計業；I599990 其他設計業；I502010 服飾設計業；I503010 景觀設計業；I504010 花藝設計業；I401010 一般廣告服務業；I301060 網路廣告平臺業；I301030 電子資訊供應服務業；I199990 其他顧問服務業；IZ99990 其他工商服務業；I301010 資訊軟體服務業；ZZ99999 除許可業務外，得經營法令非禁止或限制之業務,新北市,設立,11505
61264942,緯築整合工程行,新北市汐止區民權街2段109巷11弄9號3樓,林子希,200000,115/05/29,,,E599010 配管工程業；E601020 電器安裝業；E603010 電纜安裝工程業；E603090 照明設備安裝工程業；E901010 油漆工程業；E801010 室內裝潢業；E801020 門窗安裝工程業；E801030 室內輕鋼架工程業；E801040 玻璃安裝工程業；E801070 廚具、衛浴設備安裝工程業；EZ99990 其他工程業；F111090 建材批發業；F211010 建材零售業,新北市,設立,11505
61264957,麥舞藝文工作室,新北市汐止區仁愛路106巷6號6樓,葉玟均,100000,115/05/29,,,J601010 藝文服務業；J602010 演藝活動業；F399040 無店面零售業；IZ12010 人力派遣業；I199990 其他顧問服務業；I502010 服飾設計業；J305010 有聲出版業；J603010 音樂展演空間業；F109070 文教、樂器、育樂用品批發業；F102170 食品什貨批發業；J399990 其他出版業；F204110 布疋、衣著、鞋、帽、傘、服飾品零售業；F209060 文教、樂器、育樂用品零售業；F213010 電器零售業,新北市,設立,11505
61264963,虹昌商行,新北市中和區新生街180號,陳雅婷,230000,115/05/29,,,F501060 餐館業,新北市,設立,11505
61264979,建宥企業社,新北市汐止區大同路2段209號,王盡孝,200000,115/05/29,,,F206010 五金零售業；F299990 其他零售業,新北市,設立,11505
61264984,閎遠商店,新北市泰山區仁義路220巷20號6樓115年05月,曾昱閎,200000,115/05/29,,,F399010 便利商店業；ZZ99999 除許可業務外，得經營法令非禁止或限制之業務,新北市,設立,11505
61265007,豐恆新企業社,新北市三重區重新路4段230號2樓,洪暄晴,100000,115/05/29,,,F101990 其他農、畜、水產品批發業；F102040 飲料批發業；F201010 農產品零售業；F203010 食品什貨、飲料零售業；J799990 其他休閒服務業；F401010 國際貿易業；F114030 汽、機車零件配備批發業；F214030 汽、機車零件配備零售業,新北市,設立,11505
61396090,忠孝紅茶店,新北市板橋區忠孝路118號(1樓),李欣霖,100000,115/05/14,,,F501030 飲料店業,新北市,設立,11505
61400762,靜池一隅民宿,新北市金山區金包里街12號,邱榮順,200000,115/05/29,,,J905010 民宿；F501060 餐館業；F501030 飲料店業；F203010 食品什貨、飲料零售業；I401010 一般廣告服務業,新北市,設立,11505
61408883,威綸企業社,新北市蘆洲區九芎街83號,黃瑞雄,50000,115/05/29,,,F209060 文教、樂器、育樂用品零售業,新北市,設立,11505
61409412,玖玥柒商行,新北市深坑區雲鄉路133號,王叔惠,1000,115/05/19,,,F399040 無店面零售業；F104110 布疋、衣著、鞋、帽、傘、服飾品批發業；F109070 文教、樂器、育樂用品批發業；F102170 食品什貨批發業；F108040 化粧品批發業；F204110 布疋、衣著、鞋、帽、傘、服飾品零售業；F209060 文教、樂器、育樂用品零售業；F203010 食品什貨、飲料零售業；F208040 化粧品零售業；F399990 其他綜合零售業；F401010 國際貿易業；E801010 室內裝潢業；E801070 廚具、衛浴設備安裝工程業；EZ99990 其他工程業；F206010 五金零售業；E901010 油漆工程業；F205040 家具、寢具、廚房器具、裝設品零售業；ZZ99999 除許可業務外，得經營法令非禁止或限制之業務,新北市,設立,11505
61409855,丹鳳藥局,新北市新莊區中正路745、747號(1樓),馮韋瀚,10000,115/05/23,,,F208040 化粧品零售業；F208050 乙類成藥零售業；F203010 食品什貨、飲料零售業；F207030 清潔用品零售業；F207070 動物用藥零售業；F206020 日常用品零售業；F206050 寵物食品及其用品零售業；ZZ99999 除許可業務外，得經營法令非禁止或限制之業務；JZ99050 仲介服務業,新北市,設立,11505
61417898,洪聖益行,新北市新店區安康路2段159巷10號2樓之4 115年05月,洪聖益,10000,115/05/18,,,J602010 演藝活動業,新北市,設立,11505
76866854,揚騰實業社,新北市五股區中興路1段118巷6弄8號,詹益哲,200000,115/05/29,,,CA01090 鋁鑄造業；CA01100 鋁材軋延、伸線、擠型業；CA01130 銅材軋延、伸線、擠型業；CA01990 其他非鐵金屬基本工業；CA02030 螺絲、螺帽、螺絲釘、及鉚釘等製品製造業；CA03010 熱處理業；CB01010 機械設備製造業；CB01990 其他機械製造業；CD01030 汽車及其零件製造業；F106010 五金批發業；F113010 機械批發業；F206010 五金零售業；F213080 機械器具零售業；ZZ99999 除許可業務外，得經營法令非禁止或限制之業務,新北市,設立,11505
82336159,張三便當,新北市三重區集美街149號,張榮祥,200000,115/05/22,,,F501060 餐館業,新北市,設立,11505
85315781,清鈺水電工程行,新北市新莊區福營路292號(2樓),邱清鈺,500000,115/05/07,,,E599010 配管工程業；E601010 電器承裝業；E601020 電器安裝業；E603040 消防安全設備安裝工程業；E603100 電焊工程業；E604010 機械安裝業；E801010 室內裝潢業；E801020 門窗安裝工程業；E801030 室內輕鋼架工程業；E901010 油漆工程業；F106010 五金批發業；F106040 水器材料批發業；F206010 五金零售業；F206040 水器材料零售業；F207030 清潔用品零售業；F211010 建材零售業；F217010 消防安全設備零售業；F220010 耐火材料零售業；F399040 無店面零售業；I199990 其他顧問服務業；I301010 資訊軟體服務業；IZ12010 人力派遣業；ZZ99999 除許可業務外，得經營法令非禁止或限制之業務,新北市,設立,11505
91663626,聽貓說貓咪旅館,新北市土城區中正路67巷33號(1樓),涂喬翔,50000,115/05/20,,,A401031 特定寵物服務業,新北市,設立,11505
92615216,光明藥局,新北市三重區集美街178號(1樓) 115年05月,謝承霖,10000,115/05/28,,,F208040 化粧品零售業；F208050 乙類成藥零售業；F207030 清潔用品零售業；F207070 動物用藥零售業；F203010 食品什貨、飲料零售業；F206020 日常用品零售業；F206050 寵物食品及其用品零售業；ZZ99999 除許可業務外，得經營法令非禁止或限制之業務；JZ99050 仲介服務業,新北市,設立,11505
92665144,水源藥局,新北市淡水區水源街1段133號(1樓),許升耀,10000,115/05/05,,,F208040 化粧品零售業；F208050 乙類成藥零售業；F203010 食品什貨、飲料零售業；F207030 清潔用品零售業；F207070 動物用藥零售業；F206020 日常用品零售業；F206050 寵物食品及其用品零售業；JZ99050 仲介服務業；ZZ99999 除許可業務外，得經營法令非禁止或限制之業務,新北市,設立,11505
95041683,昌平藥局,新北市新莊區昌平街6號、8號(1樓),游騏福,10000,115/05/19,,,F208040 化粧品零售業；F208050 乙類成藥零售業；F203010 食品什貨、飲料零售業；F207030 清潔用品零售業；F207070 動物用藥零售業；F206020 日常用品零售業；F206050 寵物食品及其用品零售業；ZZ99999 除許可業務外，得經營法令非禁止或限制之業務；JZ99050 仲介服務業,新北市,設立,11505
95083867,快樂牛奶小屋,新北市中和區新生街220巷15弄1號,曾駿先,200000,115/05/06,,,F206050 寵物食品及其用品零售業；F204110 布疋、衣著、鞋、帽、傘、服飾品零售業；F206020 日常用品零售業；F501030 飲料店業；F399040 無店面零售業,新北市,設立,11505
95098828,同榮藥局,新北市泰山區明志路1段332、334號(1樓),梁舒婷,10000,115/05/19,,,F208040 化粧品零售業；F208050 乙類成藥零售業；F203010 食品什貨、飲料零售業；F207030 清潔用品零售業；F207070 動物用藥零售業；F206020 日常用品零售業；F206050 寵物食品及其用品零售業；ZZ99999 除許可業務外，得經營法令非禁止或限制之業務；JZ99050 仲介服務業,新北市,設立,11505
99297709,陳嘉榮暨日式小吃店,新北市新店區寶中路101號,陳嘉榮,200000,115/05/25,,,F501060 餐館業,新北市,設立,11505
